true_label,predicted_label
s,s
w,l
f,f
eh,eh
ah,ah
ih,l
s,s
s,s
ao,ao
ix,ix
r,r
r,axr
tcl,dx
eh,ih
kcl,kcl
el,el
eh,er
dcl,dcl
axr,axr
f,f
w,v
ih,ah
l,w
tcl,gcl
s,s
ax,ax
hv,hv
w,w
axr,r
s,s
kcl,tcl
sh,sh
r,aa
iy,iy
s,s
kcl,kcl
ax,ax
d,t
jh,jh
k,k
ix,ix
m,m
ix,ux
aw,aw
eh,r
v,v
kcl,tcl
z,z
dh,n
gcl,dcl
iy,iy
th,s
f,f
axr,axr
axr,axr
v,v
tcl,tcl
r,r
axr,er
l,l
ax,ax
ux,ux
ah,ah
w,w
m,n
kcl,dcl
p,p
ah,ah
s,s
pcl,pcl
ih,ih
s,s
ih,ay
ao,ao
hv,hv
s,s
en,en
v,s
ey,ey
iy,iy
zh,sh
ix,ax
bcl,bcl
axr,ix
sh,sh
dcl,dcl
s,s
gcl,gcl
eh,eh
er,axr
w,ao
eh,ae
ey,ey
ix,ix
th,f
eh,ah
en,n
ah,ah
b,b
k,k
y,y
r,r
p,p
ey,ey
r,r
z,s
ng,ng
kcl,kcl
iy,iy
gcl,gcl
q,q
dcl,tcl
ih,ih
kcl,kcl
kcl,kcl
z,s
t,t
ah,ah
ah,ix
dcl,dcl
s,s
r,r
t,t
l,l
nx,n
s,s
ax,ax
ay,ay
eh,iy
sh,jh
r,r
dcl,dcl
kcl,kcl
r,r
ax-h,dh
k,k
ng,n
pcl,th
d,jh
el,el
l,l
iy,iy
w,w
n,n
r,r
r,axr
pcl,tcl
l,l
m,ix
s,s
er,er
ao,aa
r,r
p,p
axr,r
l,l
dh,dh
ey,ey
ey,ey
ih,ix
iy,iy
v,v
ay,ay
tcl,kcl
q,q
dcl,kcl
iy,iy
ix,ix
n,n
ix,ix
sh,sh
bcl,pcl
s,s
z,z
sh,sh
f,f
tcl,kcl
aa,aa
z,z
aa,ae
aa,aa
z,z
kcl,tcl
er,axr
ih,ih
en,en
dh,dh
ix,eh
aw,aw
ax,ax
ae,ae
aa,ao
kcl,tcl
l,l
ow,ow
w,w
er,er
ow,ow
ax,ax
ey,ey
m,m
ae,eh
ix,ix
r,ix
f,f
f,f
l,l
dcl,q
ih,ix
pcl,kcl
s,s
n,n
ix,ix
s,s
t,t
n,n
dx,n
d,dx
t,dh
th,tcl
dx,nx
k,k
iy,iy
s,s
s,s
q,q
sh,sh
aa,aa
r,r
w,w
er,er
v,v
s,z
t,t
l,l
p,jh
ih,ix
r,r
z,z
r,r
axr,axr
axr,axr
ax,ax
m,gcl
tcl,tcl
ch,ch
n,n
m,n
ey,ae
w,y
kcl,kcl
g,g
aa,aa
kcl,kcl
y,y
dcl,dcl
z,s
tcl,tcl
f,f
r,r
l,l
d,g
w,w
ay,ay
s,s
ae,ae
s,s
dcl,bcl
n,n
r,er
jh,jh
ey,ey
z,s
q,axr
tcl,tcl
s,s
jh,jh
ix,ix
kcl,kcl
kcl,kcl
tcl,tcl
nx,n
er,er
s,s
ey,ey
eh,eh
p,p
ux,ix
iy,iy
bcl,dcl
ng,n
n,n
q,q
er,er
bcl,dcl
q,q
bcl,dcl
pcl,kcl
bcl,bcl
l,l
s,s
er,r
jh,jh
l,l
sh,sh
eh,eh
pcl,tcl
l,w
ey,iy
ay,ay
ax,el
eh,ih
ey,ix
axr,axr
iy,iy
en,n
en,en
ae,ae
el,el
ay,ay
q,q
l,w
ae,ae
s,sh
eh,ih
m,m
axr,r
b,d
ix,ix
bcl,dcl
kcl,kcl
ay,ay
oy,oy
t,t
kcl,kcl
sh,sh
gcl,kcl
aa,aa
tcl,tcl
aa,ah
dcl,dcl
k,k
ay,ay
l,l
z,z
y,y
n,n
ih,ih
tcl,tcl
kcl,kcl
r,r
ey,ey
n,n
tcl,tcl
tcl,tcl
n,n
p,p
ay,ah
axr,axr
tcl,gcl
ae,ae
l,q
sh,sh
k,k
er,er
s,s
ax,ax
z,z
t,t
tcl,dcl
r,r
ih,iy
r,r
er,er
tcl,kcl
f,f
t,t
l,l
axr,er
d,kcl
kcl,kcl
dcl,dcl
m,dx
uw,er
r,r
bcl,dcl
ux,ix
w,w
dcl,dcl
el,el
dcl,dcl
tcl,tcl
ay,ey
ax,ix
ax,ax
ao,aa
en,n
dx,dx
k,k
d,t
axr,r
n,n
ao,aa
ix,ix
t,t
m,m
m,m
dx,dx
r,r
r,r
ey,ey
s,s
s,s
g,k
s,s
uh,ix
pcl,pcl
y,iy
g,g
ih,ih
n,n
s,s
ix,ix
n,v
ae,eh
iy,ux
hv,hv
l,l
ow,ow
er,el
ey,iy
t,t
dx,dx
f,f
ih,q
iy,iy
l,ao
ay,ay
tcl,tcl
ow,el
v,v
ix,ix
iy,iy
gcl,kcl
tcl,kcl
ow,ao
dcl,gcl
eh,ah
ao,ao
kcl,pcl
t,t
k,k
gcl,dcl
ih,ix
ao,aa
dh,dx
t,ch
oy,ay
tcl,tcl
ae,ae
ix,ix
s,z
ae,ae
ow,ao
ow,el
r,r
pcl,tcl
q,dh
t,s
b,p
ux,ux
ix,ey
gcl,gcl
l,l
ux,ux
axr,er
tcl,pcl
q,ix
l,l
axr,r
ux,ux
hh,q
r,r
ah,ae
dcl,dcl
ix,ix
r,r
gcl,n
t,p
m,m
z,s
iy,iy
el,ah
q,q
axr,r
m,n
uh,ax
iy,iy
r,r
nx,n
k,k
dh,dh
ow,l
dcl,dcl
z,s
t,t
ih,ih
kcl,kcl
l,l
w,w
el,ax
ow,ow
ow,ow
s,s
iy,iy
m,gcl
eh,eh
uh,ih
s,s
r,iy
tcl,dcl
ix,ix
ae,ae
ih,ey
m,ng
ow,ow
z,z
aa,aa
p,p
l,l
dcl,dcl
sh,sh
nx,l
ae,ae
s,s
w,w
iy,iy
ix,eh
v,v
kcl,q
s,s
dx,dx
q,q
uw,uw
kcl,kcl
kcl,kcl
axr,axr
iy,ix
w,w
pcl,tcl
bcl,bcl
pcl,tcl
iy,iy
axr,r
r,r
ax,ax
g,g
iy,ih
ao,axr
f,th
n,n
ah,ah
f,f
th,f
oy,oy
w,w
ay,ay
n,n
w,l
er,er
iy,iy
ax,ix
s,s
q,q
iy,iy
s,s
m,m
s,s
k,k
d,t
tcl,dcl
pcl,kcl
ow,ow
n,m
iy,iy
s,s
eh,ae
dh,v
ih,ih
ih,iy
ix,ix
aa,aa
z,z
dcl,dcl
dx,dx
aw,aw
l,l
ao,q
t,t
s,s
dh,dh
r,r
tcl,tcl
tcl,kcl
v,bcl
q,q
tcl,kcl
ey,ey
eh,eh
l,l
w,w
s,s
ae,ae
ae,ae
l,l
n,ix
ax,ax
q,q
ao,ow
iy,iy
l,l
hh,kcl
eh,ih
ae,eh
k,k
v,v
aw,aw
n,n
r,r
iy,iy
n,l
m,m
kcl,kcl
er,er
dcl,tcl
t,t
sh,sh
ih,ih
dh,dh
k,k
w,w
er,r
gcl,gcl
tcl,dcl
iy,y
dh,v
ix,eh
axr,axr
m,en
q,q
dcl,dcl
oy,oy
iy,iy
ae,ae
r,r
s,s
n,n
r,r
p,p
ax,ix
t,t
kcl,kcl
iy,iy
axr,er
v,v
m,m
r,r
n,l
s,s
oy,oy
k,g
hv,hv
sh,sh
bcl,dcl
ao,ao
aa,aa
oy,oy
ix,ix
r,r
ix,ix
tcl,dcl
ih,ix
l,l
w,l
ao,aa
kcl,kcl
ng,ng
y,iy
n,n
dh,t
p,k
g,k
dcl,dcl
nx,l
eh,eh
ix,ix
gcl,kcl
m,n
eh,eh
sh,sh
ax,ax
q,ey
l,l
ah,ah
ao,ao
m,n
tcl,tcl
ix,ix
ay,ay
m,dcl
s,s
n,n
dh,dh
ix,ix
sh,sh
ix,ix
z,z
l,l
ix,ih
y,hv
l,l
aa,aa
uh,ao
bcl,dcl
ae,ae
s,ch
z,z
aw,aw
n,n
l,l
aa,ay
th,q
m,m
r,r
t,t
p,p
v,v
m,m
f,f
gcl,dcl
r,r
s,s
iy,iy
n,tcl
ay,ay
sh,sh
eh,eh
k,k
ix,ix
dh,dh
ch,jh
pcl,pcl
f,f
w,w
eh,ae
ow,ow
ax,ix
dh,dh
kcl,kcl
ix,ax
n,v
tcl,tcl
l,l
ah,eh
ey,ey
uh,l
k,k
dcl,n
v,v
r,r
ah,ow
m,m
q,dx
k,k
eng,ix
ix,ix
ae,ae
r,r
hh,hh
ae,ae
dh,dcl
dx,dcl
w,w
k,k
n,n
aa,ao
eh,eh
aw,aw
tcl,tcl
iy,iy
aa,aw
kcl,kcl
w,r
m,m
q,q
ae,ae
v,v
t,t
gcl,gcl
pcl,bcl
ey,ey
ao,ao
ae,ae
hv,hv
w,w
axr,axr
ix,ix
n,n
n,n
gcl,dcl
w,w
pcl,pcl
n,dcl
ey,ey
ao,ao
n,n
z,s
iy,l
eh,eh
sh,sh
aa,r
dh,s
tcl,pcl
dcl,dcl
ix,eh
sh,sh
pcl,pcl
ae,ae
iy,iy
tcl,th
ey,iy
er,ah
aa,aa
r,r
t,t
iy,iy
iy,iy
dh,dh
q,q
aw,aw
tcl,gcl
iy,iy
tcl,tcl
z,z
r,iy
q,q
ih,iy
eh,eh
nx,n
aa,aa
ih,y
kcl,kcl
n,n
en,w
tcl,sh
p,hh
s,s
dcl,z
tcl,dcl
eh,eh
el,ow
z,v
axr,axr
tcl,kcl
r,r
p,p
bcl,pcl
ix,ix
ao,aa
ch,t
ey,ey
ow,ow
sh,s
kcl,tcl
eh,eh
ao,ao
dcl,kcl
z,s
r,r
k,k
l,l
t,t
ux,ux
k,hh
tcl,dcl
tcl,pcl
s,s
dh,v
ae,eh
dh,dh
r,r
ch,s
kcl,kcl
ix,ix
ng,n
g,g
s,s
ay,ay
n,dcl
er,er
q,q
z,z
ay,ae
s,s
ih,ih
l,l
ow,el
gcl,gcl
ix,ix
pcl,pcl
dx,dx
ix,ih
eh,ae
n,n
d,d
kcl,dcl
dcl,dcl
aa,aa
eh,eh
ae,ae
kcl,tcl
ch,t
iy,iy
dcl,dcl
iy,iy
bcl,bcl
ix,ih
kcl,kcl
axr,axr
n,n
gcl,tcl
r,r
ch,ch
r,r
r,r
nx,nx
axr,axr
s,s
ao,ao
z,z
ix,ix
ah,ax
iy,ey
q,q
s,s
v,v
kcl,kcl
v,v
iy,iy
r,l
l,l
ih,eh
ax,ax
ih,ah
kcl,dcl
l,l
dcl,dcl
s,s
bcl,v
m,m
hh,hh
s,s
em,m
ey,q
kcl,dcl
iy,ix
ih,eh
k,k
pcl,pcl
hh,hh
iy,ey
ix,ax
ax,ix
s,s
tcl,q
axr,axr
er,er
t,t
bcl,dcl
ih,axr
eh,eh
er,er
ax,ax
iy,iy
r,w
l,w
m,n
k,k
l,l
k,k
l,l
kcl,kcl
ah,ao
w,v
s,k
iy,iy
kcl,kcl
r,r
m,r
k,k
l,l
dcl,dcl
ng,n
r,r
iy,iy
f,f
t,t
ah,ah
ih,ih
th,th
q,q
ax,l
ay,ay
oy,oy
kcl,q
m,r
t,t
iy,iy
ao,w
ix,ix
ax,ax
tcl,tcl
p,p
dx,dx
ux,en
w,l
t,kcl
dcl,dcl
ix,ih
kcl,tcl
tcl,tcl
s,s
tcl,tcl
s,s
z,s
l,ix
m,m
tcl,tcl
oy,oy
l,l
p,f
r,axr
pcl,kcl
iy,iy
n,en
q,ix
th,th
m,m
axr,er
hh,hh
ow,ow
n,n
r,r
tcl,kcl
kcl,kcl
jh,t
ae,ae
kcl,tcl
ao,ao
er,axr
m,n
v,v
m,n
ix,ax-h
ix,ix
iy,r
eh,ih
n,n
iy,iy
ax,uw
ng,ng
k,k
ay,ay
n,n
ax,r
dh,dh
aa,ao
hh,hh
aw,aw
iy,iy
ah,ah
p,p
tcl,kcl
s,s
ng,n
kcl,kcl
ao,ao
r,r
ah,ah
v,v
ux,n
ix,ix
ih,ix
iy,iy
aa,aa
w,w
tcl,tcl
s,s
ax,ix
z,z
jh,jh
m,m
gcl,kcl
ax,ax
ay,ay
eh,ae
y,y
r,r
m,m
axr,er
sh,sh
ix,ux
ah,ow
ih,ah
k,k
kcl,kcl
y,y
n,n
pcl,k
aa,aa
l,q
ah,ah
ao,aa
em,bcl
ae,ae
tcl,dcl
n,n
n,m
eh,ow
dcl,dcl
bcl,dcl
oy,oy
kcl,kcl
ih,ix
iy,iy
r,axr
r,v
g,g
r,axr
dh,n
w,w
k,k
dcl,dcl
kcl,kcl
p,p
aa,aa
er,er
ix,ix
ey,ey
n,n
ae,ae
er,axr
kcl,kcl
ay,ae
r,r
ay,ay
ix,ix
kcl,kcl
t,t
kcl,tcl
ae,ae
ao,l
r,r
ux,ux
l,l
z,s
aw,ah
l,l
jh,jh
ix,ix
iy,iy
axr,hv
gcl,dcl
s,s
y,y
n,m
k,k
w,l
z,s
w,w
iy,iy
ay,ay
tcl,t
ey,iy
bcl,bcl
er,r
r,r
ih,iy
ux,ux
pcl,kcl
l,l
axr,er
ix,ix
kcl,pcl
n,n
ih,ih
m,m
ax,ax
g,k
sh,s
ng,ix
r,r
iy,iy
eh,eh
aa,aa
ay,ay
sh,s
z,s
ng,ng
m,m
ih,ih
gcl,gcl
bcl,bcl
r,r
ao,ao
dh,n
r,r
tcl,tcl
s,s
dcl,dcl
f,f
axr,axr
kcl,kcl
gcl,dcl
ah,l
z,s
iy,iy
z,s
ah,ax
ao,aa
w,w
ay,ay
l,l
ay,ay
w,l
aw,aw
ax,ah
axr,axr
ax,n
s,s
iy,ix
pcl,tcl
n,n
r,r
ax,ix
p,dh
aa,aa
ow,ow
k,k
axr,r
iy,iy
w,w
gcl,bcl
eh,ey
g,g
ix,ix
iy,iy
ix,l
aa,ao
ae,ay
f,kcl
kcl,kcl
sh,sh
tcl,tcl
ae,ae
y,y
tcl,tcl
dh,s
t,jh
f,f
eh,ah
p,p
l,l
ao,ow
ae,ae
n,gcl
t,t
ux,ux
s,dh
dcl,v
ay,ay
aa,ah
ay,ay
w,w
ih,ix
l,l
q,q
f,f
ih,r
w,w
hh,hh
ax,ax
iy,iy
v,v
r,r
s,z
ih,eh
gcl,gcl
pcl,pcl
axr,axr
gcl,gcl
ng,n
ix,ix
er,er
w,w
aa,aa
er,axr
p,p
dcl,dcl
t,t
ax,ix
dcl,dcl
iy,ux
ih,l
ah,r
ao,ao
ux,ix
m,m
r,r
r,r
f,f
tcl,n
dh,hh
ah,ah
oy,oy
ah,ah
r,r
ux,ih
tcl,dcl
m,m
dcl,dcl
k,k
n,n
l,ax
v,v
eh,eh
s,s
iy,ix
p,p
p,p
ch,ch
n,n
s,s
n,n
ah,ah
p,p
eh,ae
dcl,dcl
tcl,kcl
ch,t
pcl,kcl
z,z
aa,aa
pcl,dx
axr,axr
tcl,tcl
dcl,dcl
nx,nx
f,f
l,l
ow,oy
el,ow
l,l
iy,ih
n,n
n,n
m,m
s,s
ay,ay
iy,iy
aw,ah
k,k
t,t
r,r
gcl,gcl
ix,ix
p,p
uw,r
axr,axr
ix,ix
ay,aa
ah,ah
aa,aa
er,axr
dh,dh
axr,r
ow,ey
aa,aa
nx,n
g,k
dcl,pcl
axr,er
tcl,tcl
ay,ay
d,t
tcl,iy
k,k
ey,ey
z,z
iy,iy
iy,iy
z,z
w,w
r,r
ch,t
aw,aw
kcl,kcl
y,y
l,l
s,z
z,z
dcl,gcl
dcl,dcl
n,n
ax,ah
s,s
em,m
f,f
n,n
r,r
v,v
ay,ay
ao,ao
ch,ch
l,l
tcl,dcl
tcl,tcl
kcl,kcl
ih,l
v,nx
axr,axr
gcl,kcl
axr,axr
iy,iy
er,er
g,k
n,n
m,m
ay,ay
axr,er
s,s
dcl,dcl
m,m
dcl,dcl
ey,ey
jh,y
jh,jh
er,er
s,s
s,s
ix,iy
k,g
ix,ax
sh,sh
aa,aa
q,q
t,t
ix,iy
th,z
gcl,dcl
kcl,pcl
ao,ao
dcl,tcl
ch,jh
tcl,tcl
l,l
aa,aa
ng,n
ae,ae
pcl,pcl
l,l
ow,l
n,r
ae,ae
l,l
iy,iy
f,f
kcl,kcl
m,n
p,p
z,jh
bcl,dcl
s,s
ix,ix
s,s
pcl,pcl
l,l
pcl,pcl
er,er
p,p
th,tcl
ax,ax
q,q
iy,iy
eh,ix
z,z
r,dx
ey,ey
dh,n
ow,ow
eh,ah
m,en
w,w
ae,ae
q,q
r,r
t,t
zh,sh
ax,ax
uh,r
s,s
ah,ah
v,dx
l,w
n,n
m,m
hv,k
ix,ix
p,p
kcl,kcl
ix,ix
tcl,tcl
f,f
s,s
iy,iy
r,r
iy,ix
axr,axr
pcl,tcl
tcl,kcl
kcl,kcl
y,iy
bcl,bcl
gcl,dcl
ih,ih
z,z
ae,ae
r,r
aa,aa
n,n
s,s
eh,eh
m,m
ix,ih
q,q
r,r
ey,ey
t,t
aa,aa
iy,iy
ux,y
m,m
f,f
oy,oy
r,r
iy,iy
s,z
l,l
ao,ao
t,t
r,r
n,n
r,r
ah,ah
ix,ix
ao,ow
pcl,kcl
t,ch
l,ax
ch,jh
ah,ao
s,s
tcl,n
pcl,dcl
eh,ae
er,er
dx,dx
iy,iy
er,axr
ux,ux
ay,ay
nx,n
ux,hv
en,ux
r,r
d,t
er,axr
tcl,tcl
axr,r
ih,ey
pcl,tcl
iy,iy
ao,ao
iy,iy
oy,oy
dcl,tcl
er,er
dcl,q
z,z
axr,axr
tcl,kcl
m,n
eh,axr
t,k
p,p
iy,iy
k,k
ch,s
uh,ow
kcl,kcl
w,w
kcl,kcl
ix,ah
dx,dx
ah,ix
w,w
tcl,tcl
q,q
v,v
r,r
en,ng
ay,ay
m,m
ix,ih
iy,iy
gcl,n
er,axr
z,z
f,f
gcl,dcl
s,s
t,t
r,r
s,s
z,z
t,t
aa,ao
aa,aa
z,z
tcl,kcl
nx,dx
s,s
ey,ey
tcl,kcl
l,r
ao,ao
s,s
ao,ao
s,s
ow,ow
eh,eh
axr,axr
eh,eh
ao,aa
l,ax
iy,iy
t,t
s,s
r,r
iy,ix
el,el
en,en
r,r
aa,aa
n,n
z,s
n,n
q,q
gcl,bcl
s,s
iy,iy
ao,ow
z,s
n,n
iy,iy
gcl,kcl
axr,r
axr,ix
er,er
ao,oy
w,w
dh,dh
hv,ix
oy,oy
t,t
jh,ch
ax-h,kcl
gcl,gcl
ix,ix
kcl,kcl
g,k
bcl,bcl
d,d
aa,aa
g,g
sh,sh
axr,axr
ih,ih
aa,aa
ax,ah
eh,ae
er,er
ix,ix
eh,eh
kcl,tcl
tcl,tcl
aa,aa
er,axr
k,k
ih,eh
r,ax
r,r
ow,ow
oy,oy
ah,ao
dh,f
ae,ae
m,n
n,n
tcl,dcl
ey,ey
n,n
s,s
iy,iy
n,n
ah,ah
ay,ay
ax,ax
jh,jh
sh,sh
t,t
zh,jh
ix,ix
dx,dx
ih,ax
n,n
ey,ix
n,n
iy,iy
dcl,dcl
r,r
eh,eh
sh,sh
bcl,pcl
r,r
n,n
n,n
ng,ng
kcl,kcl
dcl,kcl
iy,iy
en,en
k,k
dh,dh
z,z
ix,ix
v,v
q,q
n,n
s,s
r,r
r,r
ao,ao
n,l
axr,axr
n,n
t,t
hv,hv
z,s
jh,z
iy,iy
t,t
s,s
oy,oy
eh,eh
m,n
r,r
t,t
eh,eh
w,r
axr,r
w,w
f,f
r,r
dx,dx
pcl,dcl
ax,r
pcl,pcl
ae,ae
eh,eh
ax-h,l
k,k
ay,ay
ae,ae
t,t
aa,aa
r,r
ah,ax
iy,iy
uw,uw
tcl,tcl
eh,eh
sh,sh
k,k
k,k
ao,ao
ix,ix
axr,axr
n,n
m,m
l,ax
dcl,bcl
ae,ae
gcl,gcl
f,f
ih,ih
iy,ix
y,y
q,q
aa,eh
el,el
m,m
kcl,dcl
n,n
f,f
ax,ix
d,l
w,w
n,ix
r,ix
er,eh
eh,ih
v,v
r,q
ih,ih
m,m
eh,eh
k,k
r,r
f,f
l,l
m,n
ux,ux
s,s
s,z
q,q
ih,ix
s,s
ao,ao
m,tcl
s,s
ih,ih
r,r
en,n
sh,sh
dcl,dcl
l,l
ey,ey
ao,aa
dcl,dcl
s,z
eh,ix
m,n
m,m
ix,ix
ih,iy
ng,m
ow,eh
sh,sh
ah,ax
iy,iy
ix,ix
r,r
v,v
aa,aa
ix,iy
l,q
z,s
l,ix
iy,iy
aa,aa
th,f
g,g
gcl,kcl
l,l
bcl,kcl
ax,ah
sh,sh
tcl,tcl
ix,ix
s,s
ix,ix
ix,ix
r,r
k,k
uh,ah
ih,l
s,s
ix,ix
uh,ih
kcl,kcl
ow,ow
ix,eh
axr,ix
eh,ah
ow,ow
g,g
ix,ux
ow,ow
k,k
ow,axr
oy,ow
ow,ow
w,w
q,q
l,l
l,l
n,n
g,p
t,dh
ah,ay
l,l
el,el
m,m
z,z
ux,ux
s,s
eh,axr
ih,ih
pcl,pcl
eh,eh
ao,ao
bcl,dcl
q,tcl
n,n
n,n
tcl,q
iy,iy
m,m
ih,ax
s,s
f,f
n,n
tcl,tcl
k,k
axr,er
aa,aw
eh,eh
bcl,bcl
dcl,dcl
tcl,pcl
en,n
er,r
s,s
ey,ey
ay,ay
tcl,f
ih,ix
n,m
eh,ih
tcl,kcl
iy,iy
uh,ah
f,f
ow,ax
ae,ae
ix,ix
kcl,kcl
l,l
ay,ay
r,r
n,n
ao,aa
ah,ah
ux,iy
pcl,pcl
n,m
dcl,dx
dx,dcl
t,d
t,t
g,k
pcl,kcl
iy,iy
r,r
ae,eh
l,l
kcl,tcl
dx,dcl
iy,ix
dcl,dcl
tcl,tcl
hh,hh
l,l
pcl,pcl
r,r
t,t
w,w
r,r
ih,ih
k,k
l,l
n,n
ih,ih
eh,eh
tcl,k
en,n
q,dx
k,k
iy,iy
eh,eh
ax,ax
ix,er
dx,dx
ae,ae
aa,aw
ae,ae
ix,iy
eh,eh
dcl,dcl
dh,dh
p,t
pcl,tcl
ao,ao
t,t
tcl,kcl
pcl,pcl
ax,l
q,q
z,s
tcl,tcl
ow,el
r,r
ax,l
gcl,v
aa,aa
er,er
kcl,kcl
gcl,dcl
f,f
r,axr
tcl,n
p,th
aa,aa
ax,ax
ix,eh
p,p
s,s
ey,ey
s,f
ch,sh
er,r
ih,y
ih,ey
ax,m
ah,ah
dcl,dcl
t,t
iy,iy
p,p
f,f
eh,ah
iy,iy
ao,ao
hv,hv
ao,ao
gcl,gcl
ix,iy
v,bcl
sh,sh
hv,hv
axr,axr
ix,r
hh,hh
r,ax
pcl,kcl
kcl,tcl
l,l
v,v
aa,ao
ao,l
k,k
axr,axr
th,th
l,l
r,r
ng,ng
k,k
w,w
ix,ix
axr,dcl
t,t
k,g
ay,ay
ae,ae
pcl,pcl
hh,hh
kcl,kcl
jh,jh
ow,ao
ax,aa
hh,hh
ih,ih
dcl,dcl
ix,ix
ax-h,kcl
ay,ay
dcl,tcl
axr,axr
sh,sh
tcl,s
dcl,n
ae,ae
q,q
m,m
iy,iy
q,q
s,s
s,s
d,dh
gcl,gcl
ao,ao
z,z
axr,axr
en,en
l,l
g,g
iy,ix
kcl,kcl
ix,l
m,m
ay,ay
g,k
q,r
p,p
n,ax
ix,ix
ax,ax
ey,r
aa,aa
sh,s
ax,ix
nx,n
bcl,dcl
m,m
ix,ax
w,w
s,t
iy,iy
s,s
ay,ay
ax,ah
w,w
ih,ih
z,z
k,k
pcl,kcl
ix,ix
kcl,kcl
n,n
s,z
iy,iy
aa,ay
uh,ah
pcl,pcl
t,t
dcl,tcl
r,r
hh,hh
g,g
ae,ae
q,q
ih,ih
ey,ey
f,v
pcl,tcl
ih,ax
uh,ix
k,k
y,y
dcl,dcl
eh,r
eh,ae
pcl,tcl
en,n
g,g
ae,ae
k,k
ih,eh
gcl,kcl
s,s
r,r
ix,ix
ae,ae
hh,dh
r,r
iy,iy
l,l
t,t
hv,hv
s,s
zh,s
ch,ch
iy,iy
axr,r
s,z
ih,ih
ix,eh
m,m
sh,sh
ix,iy
iy,ix
s,s
dh,dh
ix,l
iy,iy
eh,ae
tcl,kcl
iy,iy
gcl,dcl
hv,hv
v,v
f,f
r,r
en,n
sh,sh
n,ax
eh,eh
ax,ix
k,k
ay,ay
ih,ix
ae,ae
iy,iy
ah,ah
iy,iy
q,q
r,r
n,n
m,n
kcl,tcl
ix,r
axr,er
ah,ah
pcl,tcl
iy,iy
r,r
axr,aa
s,s
pcl,pcl
q,ix
gcl,v
k,k
ix,ix
l,l
ix,iy
axr,eh
aa,ao
bcl,bcl
ao,w
ae,ae
l,l
m,m
ax,ax
ay,ay
p,p
ch,ch
ae,ae
n,n
l,l
r,r
jh,jh
s,s
z,z
z,z
s,s
f,f
hh,hh
r,r
t,t
ey,ey
kcl,kcl
oy,oy
w,w
l,l
axr,axr
eh,eh
eh,aw
iy,iy
q,q
n,n
z,z
w,w
n,l
y,y
m,m
kcl,kcl
r,r
g,g
ao,ao
q,q
kcl,kcl
n,n
s,s
ng,n
z,z
dcl,dcl
axr,r
m,m
dx,dx
eh,ae
ao,ao
ae,ae
z,z
aa,ay
r,r
iy,iy
jh,s
er,er
tcl,kcl
tcl,pcl
g,g
ix,ih
dx,dx
t,k
l,en
l,v
z,z
r,dx
ax,n
kcl,kcl
r,ao
r,r
ae,ae
s,s
uw,ux
ow,ah
iy,iy
b,b
ah,ah
l,v
aa,aa
k,k
dcl,tcl
s,z
iy,iy
dh,dh
dx,dx
aa,aa
s,s
w,w
w,w
oy,oy
z,t
iy,ey
d,d
l,v
sh,sh
r,r
ah,r
dcl,dcl
n,tcl
ix,ix
d,k
r,r
f,f
s,s
eh,ae
hh,ch
ng,ng
eh,eh
tcl,pcl
k,k
ax,axr
sh,sh
kcl,dcl
uh,ax
p,p
y,y
p,p
k,k
ey,ey
eh,eh
axr,r
l,v
r,r
ey,iy
ow,ow
n,n
bcl,bcl
k,k
w,w
aa,aa
dh,dh
l,l
g,g
zh,sh
r,r
m,m
ix,ix
aa,ao
kcl,kcl
ix,ix
iy,iy
ng,en
r,axr
dcl,dcl
er,er
gcl,kcl
ix,ix
gcl,n
ix,ux
ih,ih
ey,ey
l,l
bcl,bcl
w,w
ao,ow
r,ah
r,r
p,p
jh,k
r,r
tcl,pcl
v,v
nx,n
ae,ae
s,s
y,y
k,k
l,l
jh,ch
iy,iy
m,m
kcl,pcl
kcl,kcl
p,p
dx,dx
r,r
k,k
iy,iy
el,l
w,w
ao,ao
ng,ng
dx,dx
f,f
aa,ao
s,s
bcl,pcl
n,n
r,r
n,n
ay,ay
dcl,dcl
r,ux
aa,aw
ih,ah
axr,axr
t,g
kcl,kcl
y,y
n,uw
z,z
ae,ae
ix,en
pcl,kcl
ey,ey
ah,ah
aa,l
ix,ix
k,k
dx,dx
l,ao
n,n
nx,nx
ao,ao
n,n
p,p
m,n
jh,jh
dcl,gcl
iy,iy
tcl,kcl
tcl,m
ax,el
axr,axr
gcl,r
s,s
ih,ih
s,s
ix,ix
axr,r
uh,ix
r,axr
ix,ix
tcl,tcl
ix,ix
s,s
ao,aa
sh,sh
uh,ao
n,n
f,f
s,s
s,z
hv,hv
ah,eh
ax,ah
g,g
kcl,kcl
ax,ix
m,n
ax,ax
tcl,tcl
l,q
m,n
ey,ey
n,ng
tcl,dcl
ao,el
l,l
n,q
aa,aa
dcl,dcl
s,z
f,f
ux,ux
ix,ix
y,y
gcl,gcl
ix,en
ix,ix
ax,ah
ih,eh
kcl,kcl
l,l
ih,ih
l,l
dcl,dcl
ey,ey
v,v
n,n
q,q
er,axr
tcl,kcl
ix,ix
el,el
sh,sh
tcl,tcl
q,q
bcl,gcl
pcl,pcl
q,q
s,s
s,s
bcl,bcl
q,q
pcl,kcl
n,n
k,k
q,q
f,f
ae,ae
ae,ae
n,ix
q,q
l,l
uh,ah
m,m
ah,ax
q,q
ih,ih
w,w
ih,ih
nx,n
hv,r
ih,eh
dcl,dcl
z,z
iy,iy
tcl,tcl
s,s
en,n
ix,ix
w,w
r,r
d,jh
ax,ax
s,s
tcl,tcl
m,m
axr,er
eng,en
ey,iy
gcl,gcl
ng,n
gcl,kcl
s,s
ih,ih
sh,s
ax,ax
q,q
ae,ae
t,t
s,s
aa,aa
ih,ix
aa,aw
ch,t
r,r
ix,ix
ah,ae
ao,ao
pcl,kcl
z,z
k,k
r,r
z,s
s,s
er,er
er,axr
w,w
n,n
ah,ah
w,w
iy,iy
tcl,tcl
r,r
ow,ow
iy,iy
k,k
ey,ey
q,q
s,z
ch,ch
s,s
pcl,pcl
axr,axr
axr,axr
kcl,kcl
ih,ih
z,z
ah,ow
ay,ay
ao,aa
ix,ix
eh,r
m,m
n,n
bcl,pcl
ux,iy
n,r
w,w
ax,ix
hv,hh
axr,eh
d,t
q,q
l,l
er,er
iy,y
z,s
ah,l
sh,sh
ix,axr
ch,s
ay,ay
eh,ah
ix,ix
ao,ao
n,n
dcl,dx
p,p
kcl,kcl
ah,ah
ix,ax
eh,eh
dh,dh
l,l
s,s
z,s
s,s
ih,ih
r,axr
ao,ah
bcl,pcl
kcl,kcl
ch,ch
l,l
dcl,dcl
ao,ao
tcl,tcl
s,z
ux,ow
s,s
ae,ae
er,er
p,p
s,s
ih,iy
q,q
ih,ih
iy,iy
q,q
pcl,dh
aa,aa
ax,ix
el,el
oy,oy
uh,ix
axr,axr
iy,iy
kcl,kcl
ax,ax
aa,ay
dh,l
ux,ux
iy,iy
z,z
hv,hv
s,s
er,er
f,f
oy,oy
n,n
ow,ow
axr,axr
ix,ix
jh,ch
n,n
k,k
w,w
n,n
kcl,tcl
p,p
iy,iy
ow,ow
el,el
ae,ae
n,n
ao,aa
l,n
s,s
n,n
t,t
tcl,tcl
ix,ix
dcl,dcl
ao,ao
w,w
ix,ix
t,ch
oy,oy
l,l
t,t
ah,aa
pcl,pcl
ix,ah
tcl,tcl
iy,iy
pcl,tcl
kcl,kcl
ae,ae
f,f
b,k
ax,ax
ao,ow
f,f
t,ch
tcl,tcl
r,r
aa,aa
ax,ax
f,p
r,r
eh,eh
s,s
ix,ih
eh,eh
z,z
f,f
ix,ih
dcl,dcl
tcl,tcl
iy,iy
aw,aa
ix,ih
aa,aa
ae,ae
eh,ae
g,dx
ow,ao
eh,ix
k,k
dcl,dcl
q,q
kcl,q
y,y
eh,ah
s,s
s,s
jh,t
q,ix
t,t
w,w
tcl,tcl
s,s
ae,ae
ae,ae
ae,ae
t,dh
q,q
t,t
d,d
ae,ae
iy,iy
p,dh
bcl,bcl
er,er
l,l
q,l
f,f
r,ao
n,w
t,t
dcl,dcl
ao,hv
ax,ax
ix,eh
ax,ix
kcl,pcl
pcl,pcl
er,axr
d,t
q,q
dx,dx
w,w
ix,ih
t,t
p,dh
ax,ax
t,t
oy,oy
bcl,bcl
ey,ey
t,t
ow,l
s,s
jh,jh
dcl,dcl
sh,sh
ix,ix
ae,ae
iy,ix
ix,ux
pcl,pcl
kcl,kcl
z,z
ay,ay
k,k
p,p
k,k
iy,iy
ae,ae
ay,ay
ow,l
ao,ao
t,t
p,p
ax-h,dh
s,s
f,f
r,ix
kcl,kcl
dcl,dcl
p,k
p,p
ey,ey
eh,eh
er,aa
ax,ax
iy,iy
ix,l
sh,ch
ih,iy
iy,ix
iy,iy
l,l
r,r
ae,ae
s,s
pcl,tcl
p,p
dcl,pcl
eh,ae
r,r
iy,iy
ay,ay
iy,iy
r,r
ch,ch
kcl,kcl
axr,axr
ax,ah
d,t
s,s
p,p
ow,ow
l,l
kcl,kcl
tcl,dcl
z,z
ax,ax
ah,ah
uw,ux
tcl,tcl
l,l
r,r
ix,ix
v,v
sh,sh
axr,axr
axr,axr
z,z
ay,ay
ey,ey
ey,iy
n,ng
ih,iy
ax,ax
s,s
k,k
l,l
ae,ae
tcl,tcl
dh,dh
k,k
ow,eh
ix,ix
axr,er
ae,ae
pcl,pcl
ih,ix
r,r
axr,r
kcl,kcl
ax,ix
w,w
ah,ah
er,r
ux,ux
tcl,pcl
ax,ax
d,t
iy,iy
tcl,tcl
n,n
iy,ix
ae,eh
z,jh
s,s
ax,ax
iy,iy
r,r
w,w
hh,hh
kcl,k
ix,ih
ih,ih
y,y
ix,ih
iy,ih
ng,m
axr,r
nx,nx
k,k
kcl,tcl
ih,axr
pcl,kcl
ux,q
n,n
ix,ix
m,m
eh,r
tcl,kcl
ch,jh
sh,sh
s,s
pcl,tcl
z,z
axr,axr
eh,r
axr,axr
b,g
ao,ao
s,s
kcl,kcl
ey,ey
er,er
ix,ix
eh,ih
ih,ix
r,r
kcl,v
aa,r
th,t
ih,ux
ow,ah
bcl,bcl
aa,aa
ao,ao
ow,ow
pcl,dcl
kcl,tcl
s,tcl
er,er
s,s
ay,ay
k,k
z,s
p,p
t,t
ax,ax
n,n
n,n
aw,aw
sh,f
ao,aa
f,f
kcl,tcl
dh,p
ih,l
ch,ch
ix,ix
ey,iy
q,q
iy,iy
k,t
hv,hv
eh,ah
ih,ix
s,s
dx,dx
p,p
w,w
l,l
s,s
er,axr
ix,r
k,k
w,w
l,l
iy,iy
ae,ae
dh,dh
l,l
tcl,q
iy,iy
q,q
er,er
ih,ey
q,q
tcl,tcl
l,l
ih,ih
k,k
ix,ey
z,z
iy,ey
ng,ng
k,g
k,k
s,s
axr,ih
l,l
q,tcl
dx,dcl
pcl,tcl
el,l
iy,iy
k,k
n,n
pcl,pcl
ah,ah
r,er
ux,ux
dh,dx
sh,sh
ow,ow
ix,eh
ay,ay
er,r
iy,iy
eh,eh
s,s
m,m
w,r
ae,ae
tcl,dcl
n,n
p,p
ix,iy
m,m
dcl,dcl
axr,axr
l,n
l,el
iy,iy
d,t
t,t
k,k
z,z
kcl,kcl
eh,eh
er,axr
axr,r
m,m
ao,ao
r,r
iy,iy
kcl,kcl
eh,ih
dx,dx
ix,ix
pcl,bcl
w,w
ng,ng
ao,aa
s,s
k,k
er,axr
dx,dx
r,r
g,g
n,n
k,k
ix,r
aa,ao
z,z
ix,ix
r,r
ax,ax
ae,ae
n,n
z,z
axr,r
d,t
ay,ay
dcl,dcl
ih,ix
k,k
en,en
t,t
m,m
ae,ae
eh,ix
m,m
q,q
axr,r
n,n
tcl,tcl
s,s
l,l
ix,ix
bcl,bcl
ih,ih
dh,dh
aa,ao
ux,ux
s,s
n,n
ih,ih
k,k
ah,ao
y,y
ix,iy
k,k
l,l
ax,l
kcl,kcl
p,p
ix,ae
l,w
ay,ay
iy,iy
w,w
ow,ah
dcl,dcl
q,q
l,l
eh,eh
p,p
ey,ey
eh,eh
ix,eh
iy,iy
q,q
ix,ix
axr,axr
dcl,dcl
v,v
f,f
g,k
axr,axr
f,f
v,r
kcl,kcl
q,q
ow,l
m,n
s,s
ix,ix
bcl,dcl
sh,sh
k,k
n,hv
dx,dx
v,v
b,w
el,ax
uw,uw
bcl,tcl
er,axr
p,p
ah,ah
w,w
ih,ih
m,m
w,w
ah,ah
tcl,kcl
g,g
t,s
n,n
k,k
ix,r
q,q
ix,eh
el,el
dcl,tcl
q,q
r,r
r,r
gcl,dcl
l,l
q,q
w,w
l,l
z,z
ix,axr
hv,ix
ao,ao
kcl,tcl
dcl,dcl
gcl,v
gcl,gcl
bcl,v
r,r
ey,ae
nx,n
ow,ao
iy,iy
en,en
ao,ao
r,r
w,w
axr,er
th,s
eh,eh
dx,dx
eh,ah
ao,aa
w,w
ix,ix
y,y
ao,ow
r,r
v,v
eh,ah
z,z
f,f
r,r
eh,eh
w,l
s,z
gcl,kcl
ow,ow
m,m
w,w
t,t
l,l
ao,ao
gcl,dcl
b,p
d,d
er,er
axr,axr
ih,eh
s,s
r,r
eh,eh
dx,dcl
n,n
z,z
aa,r
s,s
r,r
iy,iy
dx,dx
aa,aa
eh,ae
n,n
tcl,tcl
m,m
axr,r
ey,ey
dh,dh
dh,f
ix,eh
sh,sh
kcl,tcl
s,z
ix,ix
r,r
m,m
ae,ae
y,dcl
q,q
m,r
axr,ay
axr,axr
kcl,p
n,n
aa,aa
f,th
tcl,kcl
s,s
hv,hv
ae,ae
iy,iy
dcl,dcl
ix,ux
ay,ay
bcl,bcl
aa,ao
sh,sh
er,er
iy,iy
aa,ax
iy,iy
s,s
ih,ih
iy,ey
hv,hv
ih,ix
ey,ey
ih,eh
s,s
ah,ae
g,k
s,s
f,f
iy,ix
ay,ay
ax,ax
z,z
sh,sh
f,f
t,t
pcl,tcl
l,l
n,m
t,t
ae,ae
t,k
r,r
aa,aa
s,s
l,l
eh,eh
tcl,dcl
ae,ae
ch,ch
dh,dh
gcl,ng
axr,q
r,r
oy,oy
w,w
er,er
m,m
ay,ay
ih,ih
s,s
y,y
t,t
m,n
dcl,dcl
ow,ow
n,n
ey,ey
bcl,dcl
w,w
ay,ay
z,s
n,n
f,f
w,w
v,v
dx,dx
m,m
q,q
k,k
r,r
f,f
f,f
ao,ao
y,y
eh,eh
q,q
tcl,dcl
m,m
eh,ah
axr,axr
ix,n
ao,w
w,w
ix,ix
er,er
q,q
aa,aa
w,w
iy,iy
dx,dx
r,r
q,q
f,p
v,v
y,tcl
m,m
iy,iy
gcl,gcl
l,dx
w,l
ae,ae
aa,aa
kcl,gcl
kcl,kcl
r,r
r,r
aw,ae
ah,ix
bcl,gcl
ih,ix
s,s
tcl,kcl
y,y
ah,ow
n,n
er,er
iy,ix
l,ax
tcl,tcl
z,z
s,z
ay,ay
iy,iy
jh,k
ae,ae
l,l
z,z
t,t
tcl,gcl
nx,dx
ix,ix
ow,ow
ux,ix
z,s
er,er
ux,iy
r,v
ax,r
nx,n
ow,ow
ix,ix
ao,ao
dh,q
m,n
ix,ix
gcl,dcl
v,n
f,f
er,er
tcl,tcl
l,l
hv,hv
aa,aa
s,s
ae,ae
oy,oy
tcl,pcl
dh,t
r,r
ng,n
y,y
k,k
aa,aa
ae,ae
r,r
dh,th
kcl,pcl
el,el
q,q
s,s
l,l
g,g
axr,r
dcl,dx
y,y
ao,oy
ng,n
r,r
w,w
hh,hh
kcl,kcl
aw,aw
aa,ae
d,d
iy,iy
axr,ix
ux,ux
f,f
ax,ix
pcl,kcl
y,y
ow,ae
iy,iy
s,s
kcl,kcl
axr,axr
ay,ay
ux,ix
ah,aa
s,s
ih,ah
pcl,kcl
q,q
ae,ae
aa,ay
ah,ah
g,g
uh,ow
k,k
hh,hv
s,s
y,y
iy,ix
d,d
pcl,pcl
y,y
r,r
ih,ix
jh,jh
pcl,pcl
dh,l
z,z
el,el
k,k
l,l
ng,n
ah,r
r,axr
en,m
n,n
k,k
axr,r
p,p
ix,ah
g,k
kcl,kcl
aa,aa
k,g
n,n
ey,ey
ih,iy
ih,ix
ih,ih
f,t
ow,ah
ax,ax
ch,t
jh,jh
m,m
ih,eh
ey,ey
k,k
ih,eh
ih,ix
d,t
el,el
v,v
tcl,kcl
ix,r
s,s
tcl,dcl
dx,y
iy,iy
ih,ix
n,m
f,f
r,r
bcl,dcl
y,y
er,r
er,er
t,t
axr,axr
aa,aa
en,ax
er,axr
eh,eh
z,hv
ay,ay
w,w
ax,eh
tcl,dcl
ay,ay
ey,ey
sh,sh
w,w
g,g
ax,r
kcl,kcl
iy,iy
t,k
z,z
p,p
ih,ih
gcl,gcl
iy,ey
q,ix
tcl,tcl
ah,ah
iy,iy
ix,ix
en,gcl
dcl,dcl
v,bcl
th,th
z,z
ix,ix
ix,ix
ih,eh
bcl,bcl
q,q
axr,r
ey,ey
l,w
s,s
n,n
f,th
ax,ow
ey,eh
ax-h,ix
r,r
k,k
tcl,pcl
r,r
axr,er
l,l
pcl,pcl
n,n
t,jh
k,k
m,tcl
ix,ix
ow,ow
dh,t
kcl,kcl
ng,ng
en,ng
ay,ay
t,t
w,w
axr,axr
ax,ax
ax,ix
ae,ae
axr,axr
ih,ih
k,k
tcl,tcl
iy,iy
ay,ay
p,p
gcl,gcl
m,ix
hv,hv
r,r
ah,ah
k,k
tcl,tcl
n,n
q,q
dx,jh
l,l
y,y
kcl,gcl
p,p
k,k
l,l
zh,z
bcl,bcl
p,p
kcl,kcl
aa,aa
dcl,dcl
hv,hv
v,v
tcl,tcl
uh,uh
iy,iy
v,v
iy,iy
aa,aa
z,z
dh,dh
er,er
aa,ae
n,n
s,s
l,l
t,t
dx,l
sh,sh
t,s
pcl,pcl
ix,ix
dx,dx
w,w
ch,jh
eh,ey
k,g
k,g
q,dh
n,n
f,f
r,r
ey,ey
v,v
z,s
q,q
aw,aw
tcl,dh
ix,en
ae,ae
ix,ix
jh,ch
f,th
l,l
iy,iy
n,ng
ix,ix
dcl,gcl
iy,iy
k,g
en,ng
s,s
tcl,z
ih,ix
ng,n
aa,aa
l,l
n,gcl
eh,ix
dcl,dcl
pcl,kcl
ax,ax
pcl,bcl
ae,ae
pcl,pcl
kcl,kcl
ih,ix
en,n
ae,ae
pcl,pcl
ix,ix
v,f
ng,m
dh,v
r,er
kcl,kcl
tcl,kcl
kcl,kcl
ix,ix
ao,ao
hh,hh
ux,ux
bcl,kcl
l,l
nx,nx
dx,dx
ih,iy
dcl,bcl
t,t
n,n
ih,ix
tcl,pcl
pcl,pcl
eh,ih
z,z
ix,iy
r,r
ay,ay
s,s
iy,iy
s,s
kcl,tcl
n,iy
gcl,bcl
gcl,dcl
eh,r
t,t
n,n
w,l
ix,ix
aa,r
l,w
l,l
n,m
dcl,dcl
dcl,dcl
s,s
ix,ix
n,nx
ix,ix
iy,iy
jh,jh
n,n
tcl,tcl
th,th
axr,axr
ae,ae
tcl,tcl
zh,sh
q,iy
ao,ao
ow,aa
dx,dx
n,w
l,l
l,l
tcl,tcl
axr,axr
s,s
dcl,dcl
axr,axr
f,f
iy,iy
axr,axr
ix,ih
eh,eh
iy,q
s,s
bcl,pcl
n,n
k,k
p,tcl
n,n
er,er
q,q
kcl,kcl
ih,ih
kcl,tcl
ux,ux
r,r
w,w
ih,iy
ax,ax
l,l
ax-h,q
n,n
axr,er
dcl,kcl
l,l
ng,dcl
n,n
s,s
n,n
iy,ey
gcl,gcl
s,s
n,n
ax,ax
axr,er
ix,iy
n,ng
ah,ah
sh,sh
l,l
nx,n
k,k
s,s
ix,iy
tcl,tcl
aa,ay
bcl,m
sh,sh
y,iy
q,q
t,t
ow,ao
n,n
ax,ax
axr,axr
kcl,gcl
tcl,kcl
tcl,tcl
g,g
er,axr
ix,ix
tcl,tcl
em,m
axr,axr
m,n
dcl,dcl
ix,ix
iy,iy
s,s
nx,n
dcl,dcl
r,r
s,s
b,g
tcl,kcl
ax-h,ix
tcl,kcl
s,s
bcl,dcl
hv,hv
jh,jh
sh,sh
ey,ey
ay,ay
sh,sh
iy,iy
gcl,dcl
k,k
axr,axr
kcl,kcl
n,ix
ax,uh
ax,ax
ae,ae
tcl,tcl
eh,ey
l,l
f,tcl
en,n
kcl,kcl
th,k
er,axr
ah,er
ey,ey
n,en
ux,ux
ae,ae
ix,ix
tcl,kcl
ae,ae
z,s
f,dh
iy,iy
ix,y
ah,ao
kcl,kcl
kcl,tcl
ax,ax
ix,ix
dcl,tcl
el,el
ax,ix
s,z
ux,ix
kcl,kcl
ih,ih
r,r
ah,r
s,s
ax,q
ax,ax
r,r
f,f
axr,axr
ux,ux
eh,eh
tcl,f
iy,iy
dh,th
ih,eh
aa,ah
tcl,tcl
l,l
ae,ae
q,q
hv,hv
ay,ow
s,s
eh,ae
y,iy
y,y
ey,ey
m,m
kcl,kcl
w,w
dh,dh
z,z
dh,hh
bcl,tcl
uw,uw
aa,ao
w,w
d,d
aa,aa
oy,oy
bcl,bcl
ae,ae
tcl,tcl
dh,th
s,s
eh,eh
iy,iy
ih,ix
kcl,kcl
dh,dx
ey,ey
ix,ih
dcl,dcl
n,n
t,jh
q,r
uw,w
ao,ao
dcl,kcl
t,k
k,k
m,m
ae,ae
axr,axr
ax,ax
th,hh
kcl,kcl
iy,iy
ix,ix
w,w
v,dh
t,dh
l,l
ae,ae
uw,r
tcl,tcl
bcl,dcl
ax,l
axr,axr
k,k
s,s
ch,ch
ey,ey
kcl,kcl
l,l
tcl,tcl
l,ao
l,l
tcl,kcl
ax,q
n,n
ih,iy
v,z
axr,er
iy,iy
ng,l
r,r
ae,ae
iy,iy
n,n
iy,iy
ah,ah
y,y
dx,dx
oy,oy
n,n
iy,q
axr,ax
aa,ao
ch,ch
ax,ax
dh,v
gcl,gcl
th,z
r,r
t,t
l,l
s,s
hh,hh
p,p
l,l
ih,ih
l,l
ix,q
ix,ih
s,s
l,l
iy,iy
axr,r
n,n
d,d
ix,ix
ux,ux
gcl,gcl
dx,dx
el,w
l,l
ah,ah
l,l
el,el
w,w
s,s
ix,ax
l,w
m,m
aa,aa
ng,ng
aa,ah
r,ao
ay,aa
z,z
eh,ah
t,t
dh,f
r,r
ix,ax
y,y
gcl,v
dcl,bcl
ch,ch
axr,axr
kcl,kcl
iy,y
th,kcl
ow,ah
g,g
r,r
tcl,tcl
dh,dh
kcl,gcl
ix,ix
kcl,kcl
tcl,tcl
ix,ih
eh,eh
ux,ux
l,l
hv,hv
ax,ax
bcl,bcl
tcl,tcl
l,l
eh,ae
ah,ah
d,d
eh,ah
ih,ah
f,f
iy,iy
ay,ay
dcl,dcl
s,s
ax,ah
dh,dh
ae,ae
ow,ah
er,er
axr,er
ix,iy
iy,iy
n,nx
n,n
eh,eh
bcl,bcl
ae,ae
y,y
s,s
r,r
ix,eh
s,s
ey,ey
ow,ow
ay,ay
r,r
sh,sh
jh,jh
ae,ae
ow,aw
s,s
dx,dx
ax,ax
aa,ay
el,el
iy,iy
axr,ow
z,z
dh,v
t,t
dh,tcl
z,z
l,l
k,k
l,uw
tcl,tcl
r,ah
q,q
l,l
ah,eh
r,axr
pcl,f
r,r
axr,er
tcl,tcl
ux,ux
axr,ix
k,k
hh,hh
s,s
iy,iy
l,w
w,w
n,n
ay,ay
tcl,v
l,l
kcl,kcl
s,s
uw,m
v,v
s,s
aa,aa
l,l
el,el
ih,eh
z,z
iy,iy
axr,axr
eh,eh
ae,ae
dcl,dcl
iy,iy
tcl,tcl
ix,ix
bcl,tcl
ix,iy
n,v
ix,ax
jh,t
ah,ix
r,r
t,dx
g,g
iy,iy
v,v
bcl,bcl
r,aa
dcl,dcl
ax,ax
l,l
kcl,kcl
r,r
axr,aa
pcl,tcl
ih,ih
ix,eh
v,hh
ix,ix
ay,ay
p,p
aa,aa
oy,oy
v,z
dcl,dcl
aa,r
ay,ay
m,m
er,er
s,z
v,w
aa,r
eh,ih
r,r
uh,eh
ay,ay
s,s
en,eng
q,q
ay,ay
dcl,dcl
p,p
n,n
ix,iy
dcl,dcl
ux,ux
s,s
sh,sh
ih,ih
m,n
ax,ax
axr,axr
r,axr
w,w
iy,iy
ih,ix
ax,ax
ih,axr
s,s
aa,aa
l,l
axr,r
t,k
ih,ix
n,en
ao,ao
ay,ae
s,s
ux,ux
ix,ih
m,m
tcl,tcl
gcl,n
n,dcl
w,w
r,r
axr,er
hv,hv
kcl,kcl
iy,iy
ah,ah
w,w
iy,iy
er,axr
ng,n
ay,ey
f,dh
n,n
kcl,kcl
t,t
gcl,gcl
hh,k
r,r
th,th
r,w
p,p
s,s
m,n
w,r
ow,w
ae,ae
d,t
k,k
axr,axr
ow,ow
pcl,pcl
z,s
dh,dh
m,n
y,y
ih,ih
ax,ax
t,t
p,p
k,k
en,n
ay,ix
ih,ix
ih,ih
ih,ay
dcl,dcl
p,p
ae,ae
el,l
iy,iy
ax,n
pcl,pcl
s,s
ux,ux
t,dh
iy,iy
dcl,dcl
eh,eh
ix,ix
v,l
ih,ih
tcl,tcl
ix,ix
jh,zh
dcl,tcl
f,f
f,f
ix,ih
ae,ae
aa,aa
l,l
en,en
el,el
tcl,tcl
axr,r
axr,axr
pcl,tcl
k,k
l,l
ix,ih
tcl,tcl
ey,ey
el,ax
iy,iy
kcl,kcl
l,l
s,s
k,k
z,z
r,r
s,s
jh,jh
ow,ow
r,r
eh,eh
z,s
hv,hv
k,k
ix,r
axr,r
y,y
r,r
ix,ix
s,f
pcl,pcl
ix,ix
ih,ix
ix,v
z,z
sh,sh
l,w
tcl,kcl
iy,iy
s,s
ay,ay
l,el
kcl,kcl
f,s
ix,l
pcl,pcl
uw,w
s,s
bcl,bcl
tcl,dcl
ao,l
tcl,tcl
ix,ix
iy,iy
ih,ih
s,s
aa,aa
dcl,dcl
g,k
f,f
hv,hv
pcl,pcl
dcl,tcl
l,l
tcl,kcl
m,m
v,v
ix,y
ae,ae
z,z
kcl,kcl
ix,ix
f,f
r,r
t,t
axr,iy
n,ng
ao,ao
ae,ae
iy,iy
t,t
w,w
dh,dx
tcl,tcl
axr,er
m,m
l,l
ng,n
p,p
dcl,dcl
iy,iy
t,t
aa,ao
er,er
t,t
ax,ax
t,k
s,s
ch,ch
axr,axr
z,z
ey,ey
kcl,tcl
n,n
ih,ih
p,p
hv,hv
n,n
m,m
n,n
k,k
f,f
m,m
kcl,kcl
ih,l
q,p
kcl,tcl
z,z
aa,aa
t,t
dx,dx
t,dh
n,n
dh,dx
eh,ih
ay,ay
tcl,kcl
ay,ay
z,z
aa,aa
ae,ae
ax,ah
zh,ch
ih,eh
q,q
ey,ey
ax,v
ao,ao
hv,hv
r,axr
ix,n
r,q
t,t
eh,ey
aa,aa
iy,iy
ae,ae
g,k
ow,ah
l,l
l,l
ao,ao
eh,eh
m,m
bcl,pcl
iy,hv
kcl,kcl
bcl,dcl
hh,ax-h
er,r
s,s
sh,sh
s,z
axr,axr
ax,q
uw,ux
l,r
m,m
ix,ih
k,k
aw,aw
s,s
el,el
ix,ix
k,k
t,t
m,n
iy,iy
iy,ix
r,r
th,f
gcl,gcl
bcl,dcl
er,axr
d,t
n,n
iy,iy
w,l
kcl,kcl
q,iy
tcl,q
ae,ae
kcl,kcl
gcl,tcl
t,k
l,w
tcl,hh
r,r
q,q
ih,ih
l,l
d,q
ix,uh
n,n
n,n
sh,sh
n,n
kcl,k
ow,ow
oy,oy
jh,ch
dcl,dcl
ix,ix
dh,dh
ix,ix
ih,ih
oy,oy
q,q
ih,ih
axr,axr
dcl,dcl
s,s
er,er
l,l
axr,n
s,s
w,w
s,s
l,l
r,axr
s,z
z,z
kcl,kcl
n,n
kcl,kcl
w,w
ih,ix
ax,ax
ae,ae
ih,ih
aa,ao
m,m
v,v
iy,iy
ow,el
d,g
ey,ey
kcl,tcl
n,n
y,y
gcl,kcl
ih,ix
el,el
ux,ux
m,m
k,k
dcl,dx
iy,ix
s,s
z,z
v,v
ae,ae
tcl,tcl
iy,iy
ih,ix
ih,ix
ix,iy
y,iy
ey,ey
d,l
axr,q
ch,t
bcl,bcl
tcl,m
s,s
tcl,q
r,r
f,f
en,n
y,y
w,w
kcl,kcl
f,f
m,n
ey,ey
aa,aa
ey,ix
z,z
p,p
ah,ax
z,z
er,r
t,t
tcl,tcl
iy,iy
ih,ih
ax,ix
ix,axr
dcl,dcl
tcl,k
tcl,pcl
n,n
z,s
kcl,tcl
ay,ay
ax,ax
k,k
ah,ah
t,t
dcl,bcl
ix,ix
tcl,tcl
tcl,dcl
k,k
ix,ix
tcl,tcl
z,s
uw,uw
ey,ix
ae,ae
ay,ay
ay,ay
ix,ix
f,f
pcl,kcl
y,y
t,z
sh,sh
ah,eh
sh,sh
iy,iy
dcl,dcl
ow,aw
s,s
f,f
s,s
z,z
kcl,kcl
r,r
ah,ao
dx,dx
dh,dcl
l,l
r,r
m,uw
eh,eh
sh,sh
ih,ih
ix,ix
iy,iy
t,k
z,z
kcl,kcl
k,p
l,l
ux,ux
axr,er
dcl,dcl
gcl,gcl
w,w
l,l
q,gcl
ae,ae
z,s
ux,ux
th,f
s,s
k,k
ao,aa
uh,q
s,s
er,er
ay,eh
jh,jh
z,z
bcl,bcl
aa,ao
kcl,tcl
aa,aa
dh,dh
dcl,dcl
r,r
dh,d
ix,ix
oy,oy
gcl,gcl
k,k
d,t
ow,ow
ux,ux
n,n
t,k
nx,n
w,l
ae,ae
iy,iy
hv,hv
bcl,w
ah,ah
w,w
kcl,pcl
k,k
ow,ax
y,y
b,d
y,y
t,t
p,p
k,k
aa,aa
dcl,dcl
m,m
ae,ah
y,ix
n,dcl
kcl,kcl
ao,ao
ih,ih
l,l
ah,ah
ow,ow
gcl,gcl
ix,ix
l,l
axr,axr
f,tcl
uw,uw
f,f
m,m
k,k
bcl,bcl
iy,ey
bcl,n
ey,ey
l,l
y,y
eh,eh
eh,eh
aa,aa
kcl,kcl
s,s
m,m
er,axr
tcl,tcl
ae,ae
ix,ix
eh,eh
ih,iy
z,s
ih,ih
gcl,gcl
kcl,kcl
en,n
q,ax
ix,iy
dcl,tcl
kcl,kcl
iy,ix
aa,aa
zh,sh
s,s
ey,ey
iy,iy
ao,ao
n,n
dcl,dcl
ix,ix
ow,ow
zh,zh
axr,axr
sh,sh
d,d
m,n
v,v
ay,ay
n,n
er,er
q,l
ae,ae
s,s
w,w
axr,r
d,dh
q,q
q,q
s,s
pcl,tcl
tcl,kcl
ih,ah
er,r
t,k
v,v
eh,ae
iy,iy
ax,el
iy,iy
dcl,kcl
f,v
t,t
tcl,tcl
k,k
l,l
ah,ah
dcl,dcl
ow,ow
tcl,tcl
ih,ih
ah,ae
iy,ix
ux,ux
th,f
d,d
ix,ix
n,n
pcl,pcl
z,z
n,n
pcl,tcl
s,k
m,n
ae,ae
ao,ao
r,r
sh,sh
dcl,dcl
sh,sh
t,t
ih,ih
jh,ch
v,dcl
k,k
ix,ix
pcl,kcl
r,r
z,z
iy,iy
iy,iy
dcl,dcl
k,k
f,f
dcl,dcl
n,n
ow,ow
zh,sh
n,n
z,s
iy,iy
q,q
gcl,gcl
iy,iy
s,s
dcl,dcl
r,n
f,f
n,en
iy,iy
ey,ey
l,l
ix,iy
l,l
iy,iy
ax,ax
n,tcl
v,v
aa,aa
m,m
s,s
ix,ix
q,q
tcl,tcl
ae,ae
z,zh
s,s
l,l
r,r
eh,eh
bcl,bcl
dcl,tcl
ix,ih
ay,ay
m,m
ax,ih
ng,n
k,k
dx,dx
pcl,pcl
z,z
m,m
z,s
axr,r
er,r
aa,aa
tcl,tcl
m,m
sh,ch
axr,axr
sh,sh
r,r
hh,hh
n,n
ae,ae
s,s
n,n
t,t
ih,ih
n,n
ih,ih
z,z
iy,iy
bcl,gcl
ix,ix
ae,eh
dcl,tcl
sh,sh
q,q
dh,dx
f,f
l,w
n,n
ae,ae
sh,sh
n,n
f,f
s,s
ux,ux
ow,ah
m,ux
aa,aa
bcl,m
ax,ax
ey,ey
kcl,pcl
n,n
tcl,tcl
r,ix
iy,iy
pcl,pcl
pcl,pcl
ng,ng
d,d
ih,ix
ix,ix
dcl,dh
ix,ix
s,s
r,l
k,k
ah,ah
eh,eh
ey,ey
kcl,kcl
hv,hh
ah,ah
f,f
ih,ax
k,q
tcl,tcl
z,s
t,t
el,ow
z,z
l,l
ih,ey
kcl,kcl
iy,iy
pcl,pcl
eh,ae
w,w
q,q
w,w
r,r
ix,iy
d,d
m,m
q,n
l,l
ix,ix
ay,ay
l,l
axr,axr
ao,aa
ix,ix
ax,q
tcl,tcl
w,r
f,f
ax,l
s,s
k,k
axr,axr
w,l
ow,ah
q,q
iy,iy
ix,iy
axr,axr
kcl,tcl
s,s
er,er
dh,dh
t,t
l,l
aa,ao
t,t
kcl,kcl
ae,ae
q,q
ey,ey
n,ng
ax,ax
ng,n
tcl,tcl
pcl,kcl
ow,ow
m,ax
t,t
s,s
n,n
s,s
gcl,gcl
aa,ao
ix,axr
pcl,pcl
s,s
iy,iy
ao,ow
ch,t
r,r
pcl,m
iy,iy
ix,ey
v,v
k,k
r,r
eh,ix
k,k
dx,dx
z,z
eh,ih
t,t
ow,ah
aa,aa
ao,ao
dcl,dcl
y,y
n,n
kcl,kcl
jh,ch
dh,dx
tcl,dcl
axr,axr
sh,s
ow,l
s,s
iy,ix
ix,ix
tcl,tcl
en,n
pcl,pcl
kcl,kcl
k,k
z,z
axr,ax-h
dcl,bcl
t,t
tcl,kcl
n,l
ax,r
z,z
ow,l
axr,axr
ey,ey
n,n
ae,eh
tcl,kcl
ix,ih
f,p
r,r
g,g
ix,iy
m,bcl
b,p
axr,er
s,s
t,t
aw,aw
ax,ax
n,n
q,q
n,nx
n,n
k,k
m,n
ix,iy
s,s
r,r
aa,l
ah,ah
dx,dx
s,s
f,f
ah,ah
l,l
tcl,kcl
ah,ax
bcl,tcl
dcl,tcl
r,r
axr,er
ae,ae
hh,hh
m,n
kcl,tcl
er,er
tcl,k
l,l
n,m
gcl,tcl
s,z
ow,ow
k,k
m,n
dcl,dcl
pcl,pcl
ay,ay
kcl,kcl
k,k
ix,ax
s,s
gcl,dcl
y,q
r,r
p,f
ix,ix
ay,ay
r,r
l,l
ih,ih
ao,w
ow,l
q,q
n,n
k,k
r,aa
z,z
bcl,bcl
v,v
ix,ey
s,sh
eh,eh
kcl,kcl
r,r
dh,dh
iy,iy
ey,eh
n,n
dh,dh
n,n
ix,r
l,l
ae,ae
r,r
ae,hv
iy,iy
ae,ae
m,n
iy,iy
ix,y
iy,ix
gcl,dcl
iy,iy
iy,iy
gcl,gcl
s,s
el,q
l,w
dh,n
er,er
q,kcl
r,r
n,n
s,s
s,s
f,f
ao,ao
tcl,tcl
p,p
kcl,kcl
r,r
aw,ae
ah,ah
el,el
ih,eh
kcl,kcl
kcl,kcl
dcl,dx
eh,eh
l,l
t,jh
dcl,n
q,ih
ah,ah
ow,ow
uh,ih
ng,n
t,t
sh,s
iy,iy
dcl,kcl
ax,ix
el,ow
eh,ah
nx,n
s,s
s,s
n,n
tcl,tcl
ae,ae
s,s
iy,iy
f,f
k,k
er,er
ae,ae
r,r
ih,ih
dcl,dcl
hv,hv
pcl,kcl
s,s
ax,ix
ae,ae
s,z
w,w
b,p
m,m
l,ax
dcl,dcl
n,n
r,r
m,n
s,s
iy,iy
r,iy
k,k
n,n
ey,ey
ix,ix
jh,jh
kcl,kcl
ix,ih
uh,ao
pcl,kcl
eh,ih
ix,ix
w,w
r,dx
hh,q
k,k
q,q
m,n
r,r
ao,ao
ao,ao
f,f
b,d
r,r
k,g
tcl,tcl
f,f
ix,r
f,s
k,k
s,s
l,ax
bcl,bcl
eh,eh
ix,ix
r,r
dh,th
dh,v
iy,ix
ix,ax
ax,ix
th,s
ao,aa
eh,eh
t,t
kcl,tcl
n,m
eh,eh
zh,zh
eh,ae
q,l
ao,ow
l,l
t,k
eh,eh
ae,ae
s,s
eh,eh
iy,iy
ae,ae
ax,ax
r,r
ay,l
gcl,kcl
tcl,tcl
kcl,kcl
axr,r
dh,d
pcl,pcl
bcl,v
eh,eh
ao,aa
ix,ix
s,s
aw,ae
kcl,kcl
n,n
tcl,tcl
f,f
ah,ax
ae,ae
ix,ix
dcl,dcl
ux,ux
kcl,kcl
dx,dx
ey,oy
ax,uh
ae,ae
aa,aa
el,ow
ax,ah
v,z
ih,ix
k,kcl
f,f
dx,dx
ix,ix
f,f
iy,ix
s,s
dcl,v
dx,dx
ah,ow
ae,ae
kcl,th
axr,er
n,n
r,r
ix,ih
ey,ey
ix,ix
y,iy
ao,ao
ix,v
t,t
l,l
ax,ix
r,r
ay,ay
ux,ux
eh,ah
g,g
ae,ae
iy,iy
t,t
dh,n
gcl,kcl
kcl,kcl
r,r
ax,ax
iy,iy
ae,ae
k,k
ae,ae
tcl,tcl
r,r
eh,eh
ux,ih
dcl,dcl
m,m
eh,ix
el,el
tcl,n
ae,ey
ih,ih
kcl,kcl
ax,ix
ah,ah
k,k
ae,eh
iy,ix
n,n
t,t
y,ih
m,m
r,r
n,ih
iy,iy
ix,ax
ax,ah
k,k
th,th
er,er
tcl,tcl
ih,ih
r,r
pcl,pcl
ix,ah
eh,eh
ix,axr
sh,sh
ih,eh
ae,ae
jh,jh
m,n
n,m
ae,ae
ao,ao
z,z
p,p
s,z
r,r
q,q
er,ix
n,n
ax,ax
v,v
gcl,dcl
ux,ux
dcl,dcl
ax,ax
kcl,kcl
dh,dh
ae,ae
er,axr
ow,w
ux,iy
f,f
ao,ah
ix,ix
kcl,kcl
ih,ih
z,z
ae,ae
t,t
pcl,pcl
ao,ao
q,ax
ix,ix
ey,eh
pcl,kcl
l,l
ax,l
iy,iy
pcl,tcl
ix,ix
ih,ux
w,w
n,n
ix,ix
ng,ng
r,r
aw,aw
eh,r
ix,ix
m,m
ae,ae
w,w
z,z
eh,oy
ax,ax
er,er
v,v
w,w
aa,aa
ih,ih
t,gcl
n,m
ey,ey
v,v
m,m
kcl,kcl
axr,axr
k,k
sh,sh
tcl,dcl
er,er
t,t
g,g
sh,sh
ix,ix
er,er
bcl,bcl
gcl,gcl
ix,ix
ow,eh
eh,eh
ae,eh
eh,ae
aa,aa
ix,ix
k,k
tcl,tcl
ax,axr
dcl,dcl
s,s
f,f
ux,iy
er,er
ah,ah
ih,ih
s,s
dh,zh
ey,ey
f,f
t,t
k,k
ax,ax
m,n
iy,iy
ey,ey
iy,iy
r,r
n,dx
ih,ix
r,r
g,g
nx,n
d,t
f,f
t,d
m,iy
kcl,kcl
l,ao
ux,ux
g,g
ao,ao
dcl,kcl
g,g
iy,iy
n,n
s,s
ix,ix
w,w
gcl,m
ix,ix
jh,jh
axr,er
ao,ao
eh,eh
r,r
eh,q
ix,ix
bcl,bcl
m,n
ix,ix
eh,ae
ux,ux
r,r
aa,ay
iy,iy
q,q
iy,iy
l,l
s,s
k,k
sh,sh
ux,iy
s,s
dcl,tcl
k,k
nx,nx
kcl,kcl
dcl,tcl
q,q
r,r
iy,iy
s,s
ih,ix
ay,ah
ih,iy
nx,l
iy,iy
ah,ah
ax,r
dcl,dcl
z,s
l,uw
n,n
ey,ey
ix,n
ao,aa
dcl,dcl
iy,iy
sh,sh
axr,axr
el,l
sh,sh
ch,ch
s,s
n,n
ix,ix
ao,oy
ax,ih
n,n
f,f
aw,aw
s,s
er,ay
y,eh
hv,hv
m,en
aa,aa
t,t
aa,ao
z,z
eh,ow
p,p
w,w
pcl,pcl
p,p
l,l
aa,aa
s,s
z,z
s,s
axr,r
dcl,dcl
s,s
tcl,tcl
q,q
dx,dx
dcl,dcl
eh,eh
n,dcl
k,k
s,s
y,y
n,n
l,l
ow,ow
ao,aa
q,q
n,n
ey,ey
dh,dh
t,t
l,l
ow,ow
tcl,tcl
n,dx
ao,aa
l,l
q,q
q,q
t,k
n,n
dx,dx
ix,eh
dcl,dcl
sh,sh
ix,ih
n,n
hv,y
eh,eh
axr,er
eh,eh
ao,ao
l,w
n,n
er,er
sh,sh
en,en
ih,ix
bcl,bcl
er,axr
z,z
f,f
ah,ao
n,n
nx,nx
p,k
aw,aa
ax,ix
ao,ao
er,r
r,r
eh,er
ih,ix
th,s
ih,eh
kcl,kcl
s,s
m,r
eh,eh
n,t
ux,ux
iy,iy
pcl,pcl
ey,ey
t,t
hh,hh
ih,ih
ux,ux
ix,ix
axr,axr
ow,ow
er,er
ix,ux
s,s
ix,ix
m,m
r,axr
kcl,kcl
ah,aa
s,s
ih,ix
iy,iy
l,l
ix,ix
gcl,gcl
ax,ax
ix,ae
ax,ah
f,f
l,l
d,d
n,n
axr,axr
ao,w
ae,ae
iy,ey
ay,ay
nx,n
t,dh
ow,ao
eh,ah
gcl,bcl
ix,ix
axr,axr
dx,dx
z,s
tcl,tcl
eh,ih
ix,ix
eh,eh
r,r
ih,ih
l,l
z,z
tcl,kcl
t,p
iy,ey
t,t
l,l
aw,ae
tcl,kcl
sh,sh
dx,dx
hv,hv
m,m
q,q
f,f
n,n
gcl,gcl
ux,ux
bcl,dcl
l,l
m,m
ao,ao
ax,ax
dcl,dcl
m,m
q,q
q,q
axr,er
ao,ah
ah,ah
d,t
w,w
ix,ix
t,t
r,r
ah,ah
tcl,kcl
s,s
ih,ih
hh,hh
dh,dh
ae,ae
p,p
ah,eh
ux,ux
ng,ng
z,z
iy,iy
ix,ix
ao,ao
iy,iy
y,iy
w,l
w,w
f,s
y,kcl
s,t
ax,ix
kcl,kcl
hh,hh
ix,ix
ao,ow
s,s
sh,sh
ix,ix
dx,v
iy,iy
iy,iy
f,f
n,n
ao,l
ix,ix
hh,hh
ay,ay
iy,iy
ay,ay
ow,ow
iy,iy
k,k
f,f
gcl,dcl
z,hh
jh,jh
t,p
eh,eh
r,r
z,z
n,n
l,l
eh,ae
kcl,kcl
eh,ae
v,v
l,l
d,t
kcl,kcl
t,t
bcl,bcl
m,n
iy,ae
r,er
r,dx
t,t
s,s
s,s
axr,axr
sh,sh
ae,ah
tcl,kcl
ow,ow
ng,ng
l,l
r,r
l,n
eh,eh
ch,ch
aw,aw
ao,ao
ay,ay
l,l
ae,ae
pcl,kcl
hv,hv
l,l
ay,ay
t,t
el,el
eh,eh
axr,axr
dh,z
l,l
l,l
s,s
ax,r
kcl,kcl
er,er
k,k
k,k
ow,ow
aa,aa
ix,ix
ow,ow
ih,ix
ih,iy
n,m
iy,iy
ih,ih
ix,ix
ae,ae
ax,ax
l,r
th,th
ih,ih
f,f
s,s
aa,ah
ih,ax
t,t
ay,ay
r,r
eh,eh
sh,sh
m,r
ae,eh
dcl,dcl
q,q
ow,ow
q,q
g,g
iy,iy
dcl,bcl
dcl,dcl
y,ix
dcl,tcl
r,r
iy,iy
r,r
ow,ow
ae,ae
hh,p
z,z
dh,dh
iy,iy
l,w
bcl,bcl
eh,eh
s,s
m,ng
v,v
k,k
n,n
kcl,kcl
jh,jh
ix,ax
iy,iy
sh,sh
bcl,tcl
pcl,pcl
ah,ah
iy,iy
ah,ah
k,k
aa,ah
m,n
hv,hv
er,er
t,t
q,q
sh,sh
ey,iy
ix,iy
ey,ey
iy,iy
gcl,bcl
iy,iy
tcl,tcl
eh,eh
ix,ix
ao,ao
s,s
n,n
ao,ao
p,hh
tcl,tcl
m,m
bcl,dcl
r,r
n,n
s,s
ax,n
s,s
dcl,dcl
iy,ix
r,r
dx,dx
iy,iy
en,en
ix,ux
s,s
z,s
w,w
hv,hv
eh,eh
y,y
ay,ay
ix,ix
p,hh
ah,ix
tcl,kcl
dx,r
dcl,dcl
ae,ae
t,t
pcl,tcl
z,z
r,r
k,k
kcl,kcl
tcl,tcl
s,s
n,n
ix,ix
w,w
uw,uw
s,s
kcl,kcl
m,n
er,axr
dcl,dcl
ax,ah
gcl,gcl
hh,hh
ih,ih
dcl,kcl
m,n
ih,ih
tcl,dcl
iy,iy
ae,ae
k,k
q,q
ah,ae
iy,iy
s,s
p,p
eh,ix
l,ay
ux,ux
ow,ah
ao,ao
s,s
t,t
ah,aa
dx,dx
pcl,bcl
l,l
n,n
dx,dx
axr,axr
ay,ay
g,g
ih,ih
dx,dx
kcl,kcl
dcl,dcl
r,r
th,th
kcl,kcl
dcl,dcl
dh,v
ix,ix
iy,iy
t,t
l,l
ix,ix
ih,r
m,m
dcl,dcl
ix,ix
hh,hh
k,k
sh,sh
ao,ao
w,w
eh,eh
q,q
dx,dx
r,r
axr,axr
dh,dh
m,m
ix,ix
ay,aa
r,r
bcl,pcl
pcl,kcl
kcl,kcl
ch,ch
f,f
eh,ah
ae,eh
pcl,q
z,z
k,k
ix,ix
ix,ix
p,p
el,ow
z,z
l,l
ax,ih
aa,aa
ah,ah
r,l
ih,ih
k,k
en,n
er,ey
axr,er
w,w
ao,ao
ah,eh
hv,hv
r,r
ay,ay
ao,oy
f,f
q,dx
q,q
hv,iy
w,w
y,y
dx,dx
er,er
f,f
ih,ih
m,m
s,s
l,l
dcl,dcl
ae,ae
ah,ah
gcl,gcl
hh,hh
w,dcl
eh,ah
ih,ih
ih,ih
aw,aw
ax,ay
dcl,dcl
n,n
y,iy
aa,ae
w,w
ae,ae
pcl,tcl
bcl,dcl
ae,ae
k,k
ae,ae
kcl,tcl
aw,ae
l,l
q,q
y,y
l,l
z,s
w,w
w,w
n,n
k,k
kcl,f
f,f
l,l
ih,ix
tcl,tcl
oy,oy
iy,ih
y,y
ix,ix
v,f
ih,axr
ax,axr
ux,ux
l,ax
iy,iy
ao,ao
pcl,tcl
m,m
k,hh
iy,ix
kcl,kcl
sh,sh
ey,ix
gcl,gcl
ey,ey
r,r
iy,ix
k,k
ix,ix
pcl,kcl
dcl,dcl
ax,axr
pcl,kcl
m,m
gcl,gcl
tcl,kcl
oy,oy
ae,ae
eh,ae
z,z
ey,ey
ux,ux
v,ux
d,dh
m,m
b,p
n,n
t,t
m,m
z,z
dx,dx
kcl,kcl
k,k
tcl,dcl
ax,ix
s,s
ay,ay
iy,iy
iy,iy
ow,ow
r,r
ih,eh
d,t
ih,ux
t,k
t,t
eh,eh
ix,ix
l,l
eh,eh
y,dx
tcl,tcl
kcl,kcl
iy,iy
dcl,dcl
axr,axr
n,n
ax,ax
ix,eh
axr,er
d,d
l,ax
bcl,pcl
ow,ow
k,g
k,k
kcl,kcl
ae,ae
axr,ix
ay,aa
ux,uw
pcl,kcl
gcl,gcl
l,l
n,n
ih,eh
en,en
ae,ae
m,n
axr,r
axr,axr
n,n
q,q
ao,ao
w,w
ih,ey
ao,ao
l,n
pcl,pcl
kcl,kcl
sh,sh
iy,iy
ao,w
p,p
v,v
s,s
y,q
iy,y
kcl,tcl
q,ix
kcl,tcl
v,v
el,el
k,k
l,w
z,z
eh,eh
hv,hv
el,ax
z,s
pcl,tcl
axr,ih
kcl,kcl
q,ix
l,l
q,q
hv,hv
hv,hv
ih,eh
z,z
ay,ay
pcl,kcl
uh,ah
ax,ix
r,r
ix,ix
ih,ux
eh,eh
m,m
dcl,dcl
ey,ey
aa,aa
aa,ax
v,v
n,n
ix,ix
l,l
s,s
tcl,tcl
pcl,pcl
ae,ae
tcl,kcl
kcl,kcl
tcl,kcl
y,iy
r,r
m,m
r,v
t,k
r,r
axr,iy
iy,iy
q,q
ih,ux
r,r
iy,iy
ux,y
z,s
dcl,tcl
ax,ah
l,w
dcl,dcl
s,s
dcl,tcl
l,ah
gcl,bcl
aa,ay
ae,ae
ow,el
sh,sh
l,ax
kcl,kcl
l,l
p,p
m,m
ih,ih
kcl,kcl
dcl,dcl
m,m
axr,r
t,k
gcl,gcl
kcl,kcl
ae,ae
er,er
aw,ae
f,v
dcl,dcl
tcl,pcl
kcl,n
eh,ax
n,n
f,f
m,m
bcl,dcl
ax,ah
bcl,bcl
n,n
ey,iy
ix,ix
axr,axr
l,l
l,l
ow,ow
q,q
r,r
dcl,n
ao,ao
iy,iy
bcl,dcl
ay,ay
tcl,tcl
kcl,kcl
p,p
tcl,dcl
ix,ix
eh,er
p,p
ah,eh
f,s
tcl,tcl
kcl,kcl
f,th
ih,iy
s,s
ow,ow
r,l
ix,ix
w,w
ch,ch
eh,ae
l,l
aa,aa
y,iy
pcl,bcl
n,m
v,v
w,w
sh,sh
sh,sh
w,w
ae,ae
iy,iy
axr,axr
l,l
ax,ix
ay,ay
kcl,kcl
s,sh
ux,er
r,r
ao,ao
s,s
p,t
n,n
ix,eh
z,z
axr,r
dcl,dcl
ao,ao
ae,ae
th,f
g,g
ae,ae
iy,iy
w,w
ay,ae
ah,ax
er,er
s,s
ah,ah
eh,eh
eh,eh
axr,axr
dcl,tcl
iy,iy
ao,aa
ao,ao
m,ng
ix,ix
ey,ey
r,r
aw,ow
ix,ix
ih,ih
r,r
s,s
d,t
l,l
z,z
s,s
tcl,tcl
el,l
m,m
ah,ah
q,q
ih,ix
r,ah
hv,hv
ix,ix
dcl,tcl
r,r
ih,ih
l,l
iy,iy
ax,ax
hv,y
ix,uw
v,gcl
aa,aa
v,v
axr,axr
gcl,gcl
ae,ae
ix,ux
aa,aa
v,v
ao,w
r,r
ax,ix
pcl,kcl
axr,er
y,y
w,w
kcl,kcl
axr,er
bcl,bcl
dcl,dcl
l,l
sh,sh
ae,ae
g,k
ux,ux
n,n
m,n
kcl,tcl
kcl,kcl
l,l
ix,ix
er,er
tcl,tcl
gcl,tcl
sh,sh
ih,ih
s,z
r,r
t,t
l,l
kcl,kcl
n,n
p,p
n,ng
n,n
axr,axr
dx,dx
jh,s
ih,ih
ah,aa
eh,eh
k,k
bcl,bcl
ih,iy
ey,ey
ao,ao
n,n
n,n
aa,ao
s,s
iy,iy
pcl,bcl
r,r
dx,dx
aa,aa
n,n
f,f
iy,iy
ix,ih
w,w
ih,r
dx,dx
tcl,tcl
ey,ey
f,f
g,g
eh,eh
dcl,dcl
pcl,pcl
pcl,tcl
f,f
ax,ix
kcl,kcl
w,w
ey,iy
s,s
r,r
b,p
s,s
ah,ow
k,k
sh,sh
ey,ey
iy,iy
iy,iy
eh,ix
t,t
y,ih
en,en
p,p
t,t
hv,hv
ow,ow
n,n
pcl,tcl
q,tcl
ey,ey
aa,ao
aa,aa
n,ix
axr,r
iy,iy
ey,ay
ah,ih
dcl,kcl
ax,ix
k,k
g,k
n,n
oy,oy
f,f
d,tcl
p,p
iy,iy
kcl,kcl
ih,ih
n,n
s,z
ih,ix
kcl,tcl
q,q
n,n
w,ao
iy,iy
ih,ih
ix,ix
axr,ax
s,s
m,m
s,s
w,w
n,n
er,er
w,w
f,f
s,s
iy,iy
tcl,tcl
nx,n
ax,ah
dcl,dcl
sh,sh
n,n
ix,iy
m,m
ay,ah
ix,ix
dx,dx
ae,ah
z,z
th,s
ux,ux
d,k
v,dcl
ow,ow
jh,d
tcl,tcl
kcl,kcl
s,s
er,er
tcl,dcl
ix,iy
ix,ah
p,p
ix,ax
ah,ah
ah,l
kcl,tcl
w,w
s,s
ux,ux
iy,ux
v,w
l,l
t,tcl
l,l
tcl,kcl
m,n
tcl,tcl
f,f
ao,aa
m,m
ix,y
ay,ay
r,r
kcl,pcl
n,ng
kcl,kcl
z,z
axr,axr
ae,ah
z,z
ng,ng
q,tcl
t,t
m,m
l,l
tcl,kcl
dh,ng
ay,ay
g,l
ey,ey
zh,sh
s,s
iy,iy
s,s
hh,q
el,el
eh,ae
r,r
k,k
er,er
l,l
ae,ae
m,m
z,z
ix,ix
er,er
em,v
dh,dh
eh,eh
ih,ih
ao,ao
pcl,pcl
m,n
l,el
m,m
iy,iy
t,t
iy,iy
eh,eh
w,ax
z,z
gcl,pcl
aa,aa
t,t
iy,iy
en,en
iy,iy
ae,ae
iy,ix
bcl,v
n,n
g,t
r,q
eh,eh
n,ng
iy,ix
z,z
tcl,tcl
tcl,tcl
k,k
s,s
dcl,dcl
ix,ix
gcl,n
s,s
tcl,tcl
v,v
ax,ix
ih,ix
ae,ae
r,r
ah,ao
t,f
m,m
iy,ux
iy,iy
bcl,gcl
ih,ih
kcl,kcl
pcl,kcl
l,l
tcl,tcl
p,k
p,p
gcl,gcl
iy,iy
ux,ux
aa,ao
ae,aa
p,p
w,w
ux,ux
ay,ay
ix,ix
ng,n
v,v
s,s
l,l
l,l
n,n
w,w
s,s
iy,iy
iy,iy
axr,er
l,l
ih,iy
eh,eh
ch,jh
ih,ix
f,f
s,s
ix,ix
ih,iy
eh,eh
ih,r
l,l
iy,iy
z,z
k,k
w,ah
f,f
g,g
q,q
w,w
d,g
dcl,gcl
v,ux
iy,iy
p,p
d,t
v,dx
ih,ih
aa,aa
dcl,dcl
ih,r
aw,aw
ah,ah
axr,axr
k,k
ux,ux
v,f
l,l
bcl,bcl
l,l
s,s
sh,sh
l,l
z,s
ix,iy
ix,iy
f,f
ay,ay
q,q
dh,dh
gcl,gcl
ao,aa
ao,ao
tcl,pcl
axr,ey
kcl,tcl
tcl,kcl
bcl,bcl
z,z
q,q
iy,iy
eh,eh
p,p
r,r
er,er
bcl,bcl
r,kcl
ix,ih
aa,aa
z,z
ow,ow
f,f
kcl,pcl
n,n
eh,eh
m,m
ax,ax
q,q
n,n
n,en
ao,ao
b,dx
ih,ix
ix,ax
aa,aa
oy,oy
r,r
ix,ix
w,w
er,er
l,n
eh,l
m,m
tcl,kcl
ah,ah
l,l
p,p
r,r
aa,ao
eh,eh
s,s
sh,sh
dh,dcl
dh,dh
z,z
n,n
ao,ao
s,s
ix,ah
iy,iy
iy,iy
k,k
ix,ix
ix,ix
ix,ix
l,uw
l,l
nx,dh
iy,iy
z,s
ih,eh
ae,ah
iy,iy
d,t
s,s
w,w
iy,iy
n,n
bcl,bcl
dx,dx
l,l
s,s
l,l
ao,ao
gcl,kcl
k,k
ux,uw
s,s
t,k
ax,l
t,p
ax,ax
r,r
v,v
v,v
pcl,tcl
dcl,dcl
ix,ix
ng,l
ih,ey
ih,ix
r,r
er,er
tcl,tcl
n,q
r,r
eh,ae
l,l
ax,ah
tcl,tcl
l,l
m,w
r,r
hv,hv
nx,nx
sh,sh
hv,hv
uh,ix
t,t
ix,ix
p,p
ao,ao
ey,ey
k,k
dx,dx
kcl,tcl
pcl,kcl
y,y
ae,ae
ax,axr
s,s
w,r
f,f
ax,ix
iy,ey
n,n
tcl,kcl
v,v
ax,ix
axr,axr
uh,eh
ax,ah
gcl,gcl
r,r
g,k
n,n
ih,ih
uw,ux
t,t
y,iy
ow,ow
ix,hv
n,m
dx,l
k,k
iy,iy
hh,hh
sh,s
aa,aa
iy,iy
r,r
hh,hh
m,m
iy,ey
w,w
n,n
n,n
l,l
dh,dh
bcl,bcl
ng,ng
f,f
m,n
k,k
z,s
ix,ix
ae,ae
dcl,dcl
ah,ax
s,s
n,n
iy,ng
aa,aa
b,p
ah,ux
p,p
iy,iy
ix,ey
ey,ey
k,k
ao,ao
el,el
ih,ah
ix,ix
ey,ey
ey,ey
ae,ae
r,r
z,s
l,l
y,y
p,p
axr,axr
ah,eh
jh,jh
ix,ix
r,r
f,f
iy,iy
kcl,kcl
ey,ey
w,w
pcl,kcl
er,axr
r,r
t,t
aa,ae
zh,s
m,m
sh,sh
r,l
t,t
gcl,dcl
y,ih
r,r
ih,axr
iy,y
ax,ax
ih,ix
dx,dx
tcl,tcl
ax,ow
z,z
iy,iy
dh,dcl
p,p
m,n
hh,q
tcl,tcl
dcl,dcl
r,r
l,l
l,n
ix,ix
kcl,gcl
iy,iy
p,p
gcl,dcl
v,v
iy,iy
ih,ix
er,er
l,l
m,n
el,el
tcl,tcl
n,n
ih,ih
ix,v
ay,ay
ae,ae
k,k
tcl,q
t,t
er,er
z,z
gcl,gcl
ao,ao
r,r
n,n
ix,ih
eh,eh
g,g
s,s
tcl,tcl
p,dh
sh,s
iy,iy
ay,ay
w,w
q,q
axr,axr
m,n
iy,iy
k,k
ao,ao
n,n
eh,eh
r,r
k,k
r,r
tcl,tcl
ix,ix
ax,ah
ao,ao
w,w
q,q
w,w
iy,iy
r,r
ix,ix
ao,ao
eh,eh
ux,ux
iy,iy
kcl,kcl
s,s
ux,ux
ih,ih
l,l
tcl,tcl
aa,aa
ah,ah
ix,ix
s,s
axr,eh
er,r
pcl,pcl
z,z
ao,ow
q,ix
ix,ix
iy,iy
k,k
iy,iy
w,el
ih,ih
k,k
ax,ax
tcl,tcl
ay,ay
s,s
dcl,dcl
ix,ix
ix,ix
kcl,kcl
ao,ao
kcl,kcl
v,v
z,z
s,s
ae,ae
tcl,tcl
iy,ih
kcl,kcl
z,z
z,s
ax,ix
sh,sh
m,m
k,k
axr,r
ao,ao
y,ih
r,r
f,f
ae,ae
iy,iy
ix,ax
s,z
ey,ey
s,s
sh,jh
ax,ix
ix,ix
bcl,m
dcl,tcl
kcl,kcl
k,k
l,l
ax-h,p
q,tcl
dcl,tcl
dh,dx
w,w
gcl,pcl
iy,iy
dcl,dcl
y,ix
eh,ah
ax,ax
tcl,dcl
ow,ow
ux,ux
ae,eh
ae,ae
bcl,kcl
bcl,bcl
t,t
p,p
ih,l
r,r
r,r
ih,ix
tcl,k
n,n
ah,ow
dh,f
p,p
axr,r
tcl,kcl
dcl,tcl
k,k
dh,dh
f,f
tcl,tcl
tcl,pcl
t,t
kcl,kcl
eh,eh
l,l
dx,gcl
ao,ao
sh,sh
w,w
aa,ao
ax,ah
hh,hv
pcl,pcl
ux,ux
hh,hh
dx,dcl
eh,eh
kcl,kcl
tcl,tcl
ah,aa
ax,ax
ix,hv
eh,eh
ax,ah
ey,ey
dh,n
z,t
q,ax
ix,ix
jh,jh
k,k
g,g
k,p
k,k
ae,ae
axr,axr
f,f
s,s
tcl,tcl
r,r
sh,sh
iy,iy
axr,axr
n,n
r,r
ah,ah
n,n
iy,iy
m,m
kcl,tcl
aw,ae
tcl,tcl
ih,ih
l,l
dcl,v
k,k
ay,ay
s,s
ao,ao
ey,ay
gcl,gcl
r,r
ih,ih
y,y
s,s
aw,aa
m,m
r,r
m,m
ae,eh
w,w
ae,ae
eh,ae
s,s
dh,dh
ix,ix
er,er
y,y
tcl,kcl
ix,axr
hv,hv
ch,s
s,s
el,l
m,n
pcl,pcl
el,ow
dx,dx
k,k
m,m
z,s
en,n
ae,ae
gcl,bcl
eh,ah
ax,en
aw,aw
iy,y
r,r
t,th
iy,iy
pcl,tcl
eh,eh
t,t
r,r
dcl,dcl
r,r
dcl,tcl
axr,axr
ax,ax
dcl,gcl
iy,ih
gcl,tcl
ih,ih
z,z
m,m
ae,ae
uw,uw
l,l
ey,ix
s,s
iy,iy
sh,sh
r,r
r,axr
eh,eh
jh,ch
sh,sh
ih,ih
ey,ey
pcl,pcl
dh,l
sh,sh
iy,ix
dx,dx
eh,eh
w,w
r,r
z,z
l,l
axr,axr
bcl,m
gcl,kcl
ix,gcl
sh,sh
r,r
g,g
sh,sh
iy,iy
ax,uh
axr,axr
iy,iy
ix,ix
y,ih
dx,ix
dx,dx
ax,ah
t,t
ao,ao
n,n
aa,ay
t,t
v,v
p,hh
el,ow
ay,ay
y,axr
z,z
dh,s
k,k
t,t
ix,eh
uw,uw
ng,ng
ao,ao
ey,ey
bcl,dcl
ax,ah
r,r
s,s
k,k
ax,ax
sh,sh
axr,axr
er,axr
ax,ax
s,s
t,t
v,v
ah,ah
dcl,dcl
bcl,m
ix,ix
dcl,dcl
z,s
ix,ix
dcl,tcl
bcl,bcl
s,s
iy,y
s,s
t,t
eh,eh
er,axr
g,g
kcl,kcl
s,s
ae,ae
ae,ae
ah,aa
t,t
ng,n
sh,sh
ae,ae
l,l
tcl,dcl
ng,n
aa,ah
z,z
z,l
sh,sh
q,q
z,z
r,r
k,k
iy,iy
n,n
gcl,dx
kcl,kcl
m,ix
iy,y
m,m
dcl,dcl
hv,hv
tcl,kcl
g,k
tcl,tcl
z,z
n,n
ao,ao
ax,ax
r,r
r,er
r,r
ae,ae
ax,l
bcl,bcl
aa,aa
sh,sh
gcl,tcl
ay,ae
er,axr
ax,ix
k,dh
ay,ae
d,dh
l,q
tcl,tcl
s,s
k,k
w,w
ix,ix
t,t
sh,sh
pcl,kcl
l,l
s,s
kcl,kcl
s,s
kcl,kcl
ix,ix
eh,eh
w,w
ey,ey
ah,ah
k,k
eh,ae
kcl,kcl
s,s
ix,ix
dcl,dcl
ax,ax
eh,l
t,t
y,y
zh,dcl
kcl,kcl
aa,ao
ix,ix
tcl,dcl
s,s
ux,ux
k,k
ix,ax
eh,eh
r,ix
s,s
iy,iy
ay,ay
tcl,tcl
hv,hv
iy,ey
ey,ey
iy,iy
kcl,kcl
w,w
ix,ix
ay,ay
kcl,kcl
dh,dcl
f,f
z,z
aa,aa
axr,axr
m,m
ah,ah
ax,ax
v,v
f,f
er,er
w,w
dx,nx
ng,ng
ix,ix
l,l
s,s
n,n
ix,r
s,s
q,q
v,v
el,ow
ey,ey
n,ng
ix,ix
f,f
en,n
pcl,pcl
l,l
ix,ix
n,n
l,l
ih,eh
aa,ao
tcl,tcl
gcl,gcl
k,k
ih,ix
tcl,tcl
kcl,kcl
th,th
s,s
ih,ix
z,z
ae,ae
w,ao
ow,ow
v,v
l,l
iy,iy
t,t
iy,iy
ix,ix
kcl,kcl
ay,ay
ey,iy
m,m
r,r
r,r
z,s
b,p
iy,iy
tcl,tcl
ih,ae
eh,eh
ax,ah
ih,ix
y,y
ay,ay
eh,ah
r,dx
p,p
aw,aw
z,s
f,f
eh,eh
z,z
iy,iy
p,p
v,v
bcl,tcl
t,t
l,l
dh,dh
er,er
en,n
z,z
sh,sh
iy,iy
n,dx
ow,w
ow,ow
y,iy
gcl,tcl
ix,ix
iy,iy
w,w
iy,iy
ey,ey
tcl,pcl
ow,ow
n,n
kcl,kcl
n,n
n,ng
v,f
r,w
l,l
v,v
v,f
ay,ay
z,s
r,r
n,n
eh,eh
w,w
iy,iy
ih,ih
n,m
r,r
tcl,tcl
ix,ix
gcl,gcl
dcl,dcl
dcl,dcl
z,z
l,ax
tcl,dcl
q,q
r,r
ao,ow
ey,ey
sh,sh
k,k
k,k
t,k
r,r
eh,eh
eh,r
dx,dx
ch,t
l,ax
s,s
ih,iy
tcl,tcl
dcl,dcl
eh,eh
kcl,kcl
ah,ah
ay,ay
t,t
gcl,bcl
aw,ae
dh,n
z,z
en,n
t,dh
bcl,bcl
n,n
iy,iy
g,g
t,t
t,t
kcl,tcl
z,z
z,tcl
ey,ey
w,w
k,k
m,m
dx,dx
iy,iy
jh,ch
ae,eh
t,k
l,l
ax,l
er,axr
kcl,kcl
kcl,kcl
axr,er
y,y
r,r
eh,ah
z,z
k,k
iy,iy
l,l
dx,dx
iy,iy
tcl,kcl
l,l
s,s
q,q
q,q
q,q
r,r
q,q
p,p
dx,tcl
tcl,kcl
kcl,kcl
w,ao
ay,ay
kcl,kcl
q,q
nx,n
f,v
q,q
r,r
z,z
dcl,dcl
ix,ix
s,s
tcl,tcl
ix,ix
ux,ux
n,n
kcl,kcl
ih,ey
ae,ae
ae,ae
k,k
n,l
ao,aa
ax,ax
l,l
sh,sh
kcl,kcl
n,n
dh,f
oy,oy
d,k
dh,d
dx,dx
g,k
ix,ih
r,r
ux,ux
pcl,pcl
m,m
ay,ay
uh,ah
dcl,tcl
dcl,dcl
z,z
th,q
ow,ow
tcl,tcl
ch,ch
dh,dh
el,el
ax-h,tcl
eh,ax
tcl,tcl
iy,iy
axr,er
t,k
ix,ix
z,z
eh,eh
sh,sh
axr,ix
ux,ux
s,s
tcl,tcl
ey,ey
ih,ix
iy,iy
n,n
ah,eh
n,n
k,k
s,s
ay,ay
z,z
ae,ae
r,m
iy,iy
tcl,tcl
iy,iy
ix,ix
tcl,kcl
ah,eh
dh,dx
dx,dx
nx,l
ae,ae
ey,ey
bcl,dcl
iy,iy
f,f
ow,ow
axr,axr
s,s
s,s
q,q
hh,hh
iy,iy
r,q
er,axr
r,ix
ao,ao
en,ix
z,z
sh,zh
jh,jh
n,dcl
ah,ah
ao,ao
l,l
s,s
dh,dh
m,n
ow,ow
n,l
hh,hh
iy,y
kcl,kcl
bcl,bcl
ah,ah
er,er
iy,iy
iy,iy
k,tcl
w,w
ix,ix
el,el
ux,uw
r,r
v,v
axr,axr
r,r
m,m
p,p
g,k
uw,el
axr,er
aa,aa
iy,iy
n,n
pcl,pcl
n,n
sh,sh
r,r
k,k
l,r
ae,ae
tcl,kcl
uh,ax
z,z
f,dh
z,z
eh,ax
p,k
s,s
r,r
dh,dcl
en,ix
uw,ix
ae,ae
s,s
ng,ng
kcl,tcl
dcl,dcl
ax,l
t,t
r,er
ix,ix
gcl,gcl
ux,ux
k,k
oy,oy
ng,n
t,t
iy,l
tcl,kcl
axr,axr
z,z
t,t
l,aa
q,q
dh,dh
ao,ay
l,l
s,s
r,r
iy,iy
aa,ae
d,t
kcl,kcl
ae,ae
n,m
ah,eh
l,l
z,z
q,q
t,t
dh,z
z,z
ih,ey
l,l
ao,ao
sh,s
iy,ey
bcl,n
v,v
dcl,dcl
ao,ao
aa,ao
n,m
s,s
f,kcl
q,q
sh,sh
ih,hv
r,r
l,r
axr,r
l,l
ix,ix
ae,ae
ih,ih
axr,r
er,er
aa,aa
l,m
axr,r
n,n
eh,ah
hv,hv
iy,ey
m,m
ao,ao
iy,iy
p,p
v,bcl
ae,eh
r,r
kcl,kcl
l,l
y,y
r,r
ih,ih
t,t
iy,ix
iy,iy
k,k
t,t
ix,ax
aa,aa
n,n
kcl,kcl
dh,v
v,dcl
k,g
k,d
oy,oy
r,r
ow,aw
ae,eh
sh,sh
axr,axr
kcl,kcl
ax,ax
pcl,tcl
ao,ao
s,s
ix,ax
s,s
ae,ae
dh,dh
ae,ae
l,ao
aa,aa
m,n
z,s
ih,ix
ay,ay
hv,hv
ih,eh
dcl,tcl
iy,ih
axr,axr
ux,ux
l,l
ah,ah
r,r
ao,ao
ih,ih
l,l
ng,n
axr,axr
ey,ey
ax,ix
axr,axr
r,r
m,m
ix,ey
ae,ae
l,l
aa,aa
iy,iy
q,tcl
p,pcl
d,d
tcl,tcl
ix,ix
gcl,ng
ih,iy
q,q
g,d
ih,ih
nx,nx
ix,ix
ey,ey
el,l
aa,aa
l,l
bcl,tcl
bcl,pcl
ay,ay
k,tcl
m,m
l,l
ih,ix
tcl,kcl
t,t
aa,ao
hv,hv
r,r
pcl,tcl
hh,hh
z,z
k,k
ix,iy
bcl,bcl
l,l
kcl,kcl
dx,nx
s,sh
iy,iy
ix,ix
hv,hv
bcl,dcl
n,n
m,n
ae,ae
ey,ey
ng,n
axr,axr
sh,sh
eh,eh
dh,dh
ix,ey
dcl,dcl
n,n
k,k
d,t
tcl,tcl
n,n
axr,r
dcl,dcl
ae,ae
n,n
dx,dx
n,n
ah,ah
nx,n
l,l
ax,ax
pcl,tcl
t,t
tcl,tcl
bcl,bcl
ah,ah
iy,iy
ix,ix
sh,sh
eh,eh
t,t
ae,eh
w,w
t,jh
z,s
r,r
ih,ih
dcl,tcl
dcl,dx
dcl,pcl
d,t
ix,gcl
q,q
ix,ix
v,v
s,s
m,ng
sh,sh
axr,axr
s,s
dcl,dcl
ix,q
k,k
eh,eh
dcl,tcl
kcl,tcl
q,q
r,r
s,s
t,k
z,s
ix,ix
kcl,kcl
axr,r
ay,ay
q,q
hh,hv
l,l
s,s
n,n
kcl,kcl
ah,eh
iy,iy
dh,dx
kcl,kcl
iy,iy
ih,ih
pcl,pcl
ih,ix
n,n
n,n
en,n
nx,nx
s,s
k,k
ix,ix
ng,ng
ow,ow
ih,ih
bcl,bcl
aa,aa
iy,iy
z,z
iy,iy
r,r
n,dcl
p,v
th,kcl
aa,aa
ax,l
ch,ch
l,ax
m,m
m,m
d,q
g,k
k,g
n,n
ix,ux
gcl,kcl
er,axr
bcl,bcl
th,th
dh,th
l,l
z,z
ao,ao
q,q
q,w
ih,ih
iy,iy
r,r
er,aa
dx,l
s,s
r,r
iy,iy
n,n
ah,l
s,s
r,r
iy,iy
z,z
z,z
t,t
g,k
ao,ao
m,m
q,q
en,n
w,w
ax,ax
uh,ih
ix,ix
s,s
dx,dx
d,d
oy,oy
ng,m
ey,ey
nx,ix
ix,ix
ix,ix
n,n
eh,eh
kcl,tcl
ah,aa
kcl,kcl
iy,iy
n,ng
ao,ao
ow,ow
t,th
iy,iy
n,l
q,q
th,s
kcl,kcl
ae,ae
r,eh
axr,axr
axr,eh
s,s
dcl,bcl
l,l
en,n
ae,ae
l,w
w,w
s,t
kcl,kcl
ux,ux
m,m
s,s
w,l
jh,v
pcl,pcl
ao,w
v,v
ow,ow
iy,iy
jh,d
k,k
s,s
dh,t
t,t
t,t
r,r
n,n
axr,axr
ih,iy
z,z
s,s
ih,iy
l,l
dh,dh
n,n
m,m
iy,iy
aw,aa
iy,iy
s,s
ao,el
th,th
axr,ax
w,w
r,r
bcl,dcl
m,m
sh,sh
bcl,bcl
th,kcl
r,r
axr,er
ey,ey
tcl,tcl
kcl,kcl
ao,ao
k,k
f,t
bcl,dcl
ix,ix
gcl,dcl
iy,iy
dh,dh
dx,dx
th,f
dcl,dcl
hv,hv
ae,ae
ih,ih
th,t
ao,ao
ng,ng
nx,n
ix,ix
l,l
ax,r
v,v
axr,axr
dx,dx
ih,eh
q,kcl
t,t
r,r
iy,iy
ix,axr
l,l
y,y
ae,eh
kcl,kcl
tcl,tcl
hh,p
m,m
dcl,tcl
dx,dx
p,p
ay,ay
iy,ix
axr,axr
ix,ix
kcl,th
ae,ae
n,ix
q,q
n,n
axr,axr
ih,ix
s,s
tcl,tcl
iy,iy
er,er
f,f
iy,iy
en,en
tcl,dcl
t,d
kcl,pcl
q,q
hv,hv
s,s
m,m
ow,ao
dh,bcl
gcl,dcl
ae,ae
uw,w
uw,uw
ey,ey
ix,ix
kcl,kcl
ix,l
dh,dh
el,el
uw,uw
r,dx
ao,aa
r,r
ih,ax
t,t
kcl,kcl
ay,ay
s,s
iy,iy
ae,ae
eh,ae
pcl,tcl
s,s
v,v
r,r
ix,ih
v,v
w,w
hv,hv
ih,ih
r,axr
ay,ay
n,n
d,t
aw,aw
ao,ao
s,s
ae,ae
iy,iy
t,t
nx,n
f,f
ao,ao
kcl,kcl
n,dx
sh,sh
ng,n
axr,er
k,k
tcl,ix
ao,aw
n,n
zh,zh
g,g
axr,r
r,r
ah,ah
p,p
ae,eh
ae,ae
s,z
f,f
eh,eh
dcl,dcl
ae,ae
r,r
l,l
uh,ax
ae,eh
p,dh
dh,d
l,ax
r,axr
iy,iy
m,ng
gcl,kcl
y,ix
d,jh
dcl,dcl
m,m
kcl,tcl
s,s
r,r
v,v
y,y
s,s
dcl,dcl
ix,iy
t,t
dcl,dx
kcl,kcl
iy,iy
dx,dx
tcl,kcl
iy,iy
s,s
q,q
dcl,dcl
eh,eh
s,sh
dh,dh
n,n
axr,er
er,er
n,n
axr,ix
eh,eh
w,w
aa,ay
ao,ao
pcl,pcl
y,iy
z,z
w,r
eh,eh
ih,ih
jh,jh
ay,ay
gcl,bcl
t,jh
ae,ae
bcl,bcl
v,dcl
ao,w
s,s
ow,ow
v,v
tcl,dcl
n,n
ix,iy
tcl,tcl
f,f
z,s
z,s
v,v
dcl,dcl
eh,ih
ay,ay
ay,ay
d,d
ah,l
ix,ix
bcl,kcl
n,n
q,q
l,r
r,r
s,s
kcl,kcl
n,n
ae,ae
s,s
bcl,th
m,m
er,er
ah,aa
ix,ix
n,n
ih,n
bcl,dcl
axr,axr
w,w
l,l
er,axr
kcl,kcl
n,l
ax,ah
d,d
w,w
tcl,tcl
s,s
ch,sh
z,z
nx,m
oy,ao
r,l
k,k
tcl,tcl
ay,ay
r,p
uh,ih
t,d
ih,ix
m,n
k,k
f,v
ey,iy
ix,ix
ih,ix
l,ng
r,er
axr,axr
l,l
tcl,kcl
sh,sh
ey,ey
n,n
ow,ow
dcl,dcl
kcl,kcl
l,l
oy,oy
n,n
ax,ix
ae,ae
iy,iy
hv,iy
pcl,tcl
ow,ow
z,z
f,s
p,p
ih,ux
ay,ay
th,kcl
ax,ax
m,m
dx,dx
ao,ao
oy,oy
ah,oy
kcl,kcl
ix,eh
uh,w
uh,ax
dh,d
kcl,kcl
r,r
n,n
w,l
l,l
axr,er
f,f
k,k
p,p
r,r
er,axr
kcl,kcl
kcl,pcl
axr,er
ax,r
bcl,kcl
n,n
r,r
ih,ih
n,gcl
ix,ix
tcl,tcl
er,oy
ax,r
er,er
iy,iy
ow,ow
pcl,kcl
iy,ix
ux,ux
dcl,dcl
y,y
m,m
k,k
l,ah
kcl,tcl
dh,n
er,er
axr,axr
l,l
ah,ax
ax,ax
kcl,dcl
dx,dx
ih,ix
hh,ax-h
nx,nx
dh,v
ix,ix
ae,ae
dcl,dcl
ae,ay
y,y
th,s
ix,l
s,s
iy,iy
ae,ae
s,s
n,n
d,d
axr,ih
ax-h,hh
er,er
y,y
kcl,kcl
iy,iy
ah,eh
kcl,kcl
nx,nx
d,t
l,l
s,s
ux,ix
r,r
ao,ao
dcl,gcl
ow,ow
en,dcl
kcl,n
n,dh
ih,eh
w,w
ao,ao
n,n
l,l
s,s
tcl,tcl
kcl,kcl
gcl,gcl
aa,er
ih,ix
l,l
t,jh
n,n
ae,ae
bcl,v
ih,ih
ix,ih
ih,r
ax,uw
tcl,kcl
s,s
l,l
ow,ow
eh,ix
ix,ix
s,s
s,s
tcl,tcl
ix,iy
kcl,tcl
z,z
dh,v
ae,ae
iy,iy
uw,ow
axr,axr
iy,iy
r,r
r,r
ao,ao
ah,eh
k,g
g,k
axr,axr
dh,n
kcl,kcl
dx,w
l,l
ix,ey
ih,ih
gcl,ng
ix,ah
ix,ix
z,z
sh,sh
ix,ix
l,w
ih,eh
r,r
r,r
s,s
kcl,dcl
aa,ao
ow,ow
ae,eh
dcl,dcl
ih,ix
eh,eh
d,d
aa,aa
tcl,kcl
m,m
t,t
s,s
r,r
ao,aa
ay,ay
w,w
kcl,kcl
tcl,kcl
t,t
l,l
ae,ae
eh,eh
k,k
f,f
m,m
ah,ow
r,iy
n,n
n,n
iy,iy
n,n
dcl,dcl
l,l
z,z
ax,w
hh,hh
n,n
kcl,gcl
ix,r
z,z
ow,ow
s,s
hh,ax-h
hv,hv
nx,nx
ae,ah
ah,ih
ix,ax
ng,n
w,w
l,l
eh,ah
ix,r
ae,ae
l,dx
kcl,tcl
s,s
s,s
kcl,kcl
n,n
v,v
r,r
s,s
sh,sh
l,l
r,r
r,r
eh,ah
s,s
k,k
y,ix
n,n
ae,ae
s,z
tcl,tcl
w,w
iy,iy
q,kcl
k,k
r,r
l,ay
ao,ao
ey,ey
w,w
r,r
eh,eh
aa,ay
m,m
ih,axr
uw,ux
dcl,dcl
k,k
ow,ow
iy,iy
jh,jh
ao,ao
r,ax
tcl,tcl
n,n
k,k
eh,eh
tcl,dcl
ax,ax
ux,ix
ix,ix
ao,ao
dh,dh
l,l
n,n
aw,aa
gcl,dcl
ah,ah
w,l
ng,m
z,z
gcl,tcl
axr,axr
n,n
s,s
n,m
kcl,kcl
ax,q
ix,ax
ah,l
ux,ux
dcl,dcl
ax,ax
ih,ih
r,r
sh,sh
r,r
axr,r
ih,ix
ch,jh
aa,ah
hv,hv
d,k
ow,ow
ix,q
ux,iy
m,m
p,p
v,v
ix,ix
ae,ae
ix,ix
m,m
f,f
eh,ey
s,s
axr,r
eh,eh
z,z
iy,iy
d,y
ax,ah
ux,uw
l,l
uh,axr
r,r
n,n
q,ao
pcl,tcl
ao,aa
dh,dh
axr,er
hv,ax
aw,aw
ix,ix
f,f
l,l
gcl,gcl
pcl,pcl
k,k
oy,oy
q,q
axr,axr
iy,iy
v,v
nx,n
s,sh
aa,aa
ao,ao
k,k
ax,ax
l,l
l,l
w,w
jh,jh
n,m
dh,dh
dx,dx
r,r
ae,ae
pcl,bcl
q,r
n,n
tcl,tcl
n,nx
l,l
kcl,kcl
p,p
l,ix
s,s
g,g
ix,ix
ow,ow
dx,dx
er,er
r,er
l,w
p,p
uh,ax
q,q
er,er
pcl,tcl
r,r
r,r
d,k
kcl,kcl
z,z
l,l
z,s
ae,ae
p,k
m,m
aa,ao
p,p
el,el
ax,eh
z,s
kcl,kcl
eh,ax
tcl,pcl
kcl,tcl
v,v
en,m
r,r
ix,ix
m,m
s,s
ih,ih
kcl,kcl
y,y
ey,ey
t,t
iy,iy
t,t
ow,aw
ae,ey
sh,sh
eh,ah
r,r
jh,jh
ae,ae
q,q
g,k
bcl,bcl
ax-h,k
axr,axr
hh,g
ey,ae
ih,ih
ux,ix
r,r
iy,iy
ix,ix
dcl,dcl
kcl,kcl
s,s
pcl,pcl
ih,eh
jh,t
ow,r
d,t
p,p
k,k
er,er
l,l
sh,sh
kcl,kcl
ix,ux
ah,ah
iy,iy
tcl,dcl
k,k
eh,ae
ax,ax
l,ax
n,n
f,f
z,z
tcl,dcl
axr,er
ih,ih
er,axr
z,z
ax,l
m,ix
v,v
aa,aa
n,n
r,r
axr,ax
m,l
aa,aa
ih,eh
gcl,bcl
p,k
q,q
dcl,bcl
iy,iy
ix,iy
ng,n
v,v
n,n
uh,el
z,s
s,s
w,w
w,w
ax,l
axr,axr
ah,eh
iy,iy
eh,eh
q,q
ay,ah
eh,eh
n,n
z,z
ih,ih
r,r
ih,ix
er,er
gcl,gcl
t,t
dcl,v
ch,ch
s,z
n,n
t,t
kcl,kcl
ay,ay
r,r
ae,ae
kcl,kcl
ey,iy
ix,ax
n,n
eh,eh
f,f
ay,ay
ay,ay
m,n
dh,dh
k,k
tcl,ix
ow,ow
iy,iy
w,w
pcl,tcl
l,l
m,n
axr,axr
s,s
dcl,r
k,k
s,s
t,t
eh,eh
jh,sh
tcl,tcl
ow,w
kcl,kcl
l,n
hv,r
z,z
r,r
s,s
ah,aa
ay,ay
hh,hv
n,bcl
ix,ix
jh,t
aa,aa
ih,eh
ch,ch
r,r
iy,iy
eh,oy
r,r
ay,ay
oy,oy
p,pcl
n,n
ow,ow
f,s
n,n
kcl,tcl
ae,ae
l,w
y,y
t,t
r,r
bcl,n
r,r
iy,ih
l,l
t,t
r,r
ix,q
jh,jh
r,r
p,p
kcl,tcl
r,r
m,m
el,l
bcl,dcl
ix,ix
q,q
n,n
n,n
ax,ax
ax,ao
ow,ow
ao,ao
ix,ix
y,y
z,z
tcl,kcl
q,q
tcl,tcl
s,s
ow,l
er,er
ow,ao
axr,r
tcl,tcl
ax,ax
eh,axr
aa,aa
aa,ao
iy,iy
uw,w
l,oy
l,el
n,n
tcl,dx
ih,eh
q,q
ey,ae
ay,ay
tcl,tcl
iy,ix
sh,sh
ao,r
eh,eh
eh,eh
er,er
ey,ey
ix,ix
n,m
axr,ix
l,l
kcl,kcl
q,q
t,t
y,y
eh,ih
eh,iy
s,s
k,k
ng,ng
n,n
dcl,dcl
ch,ch
dx,dx
sh,sh
ih,ix
ng,n
tcl,tcl
q,q
ao,ao
ey,ey
r,r
pcl,kcl
z,s
ae,ae
er,er
ix,y
ae,ae
r,r
en,n
ae,ae
aw,aa
l,l
l,l
ih,ix
ao,aa
l,l
g,k
kcl,kcl
dx,dx
ih,iy
tcl,kcl
dcl,dcl
dcl,dcl
r,r
ux,ux
r,r
d,t
tcl,tcl
m,n
axr,axr
n,n
m,m
dx,dx
w,w
ae,ae
iy,iy
k,k
p,p
t,k
uw,axr
eh,eh
dcl,gcl
eh,ix
ey,ey
iy,iy
ah,l
ix,ih
dcl,dcl
ao,aa
l,l
dx,dcl
l,l
ah,l
th,v
y,y
gcl,gcl
eh,eh
kcl,kcl
r,r
kcl,kcl
l,w
ao,ao
w,hv
eh,eh
w,w
m,n
iy,iy
n,n
axr,axr
ih,ix
ih,ih
eh,ae
axr,axr
l,l
f,th
m,m
s,s
gcl,n
ao,ao
p,p
tcl,dcl
iy,iy
gcl,gcl
s,s
ix,ih
eh,ih
sh,sh
kcl,kcl
f,kcl
s,s
ay,ay
ix,ix
n,n
aa,aa
p,p
z,z
m,n
ux,ux
tcl,n
n,dh
sh,sh
kcl,kcl
ax,ax
bcl,bcl
kcl,tcl
ae,ae
iy,ix
ey,ey
eh,eh
dh,dh
axr,axr
ix,ix
ax,ax
r,r
kcl,kcl
gcl,gcl
n,n
r,r
q,q
n,n
aa,aa
iy,iy
s,s
kcl,kcl
w,w
tcl,tcl
r,r
dcl,kcl
p,p
kcl,kcl
ix,eh
tcl,kcl
kcl,kcl
eh,eh
d,jh
en,en
uh,ah
ux,ux
kcl,kcl
tcl,kcl
t,t
ih,ae
l,l
r,r
z,z
dcl,dx
er,er
ix,ix
l,el
ae,ae
dcl,dcl
dx,dcl
tcl,tcl
r,r
kcl,kcl
r,r
k,k
en,n
tcl,tcl
s,s
tcl,tcl
l,l
l,l
eh,eh
bcl,n
ey,ey
el,el
ay,ay
ax,ax
m,m
ae,ae
k,k
m,m
oy,oy
y,y
kcl,kcl
aa,ao
iy,ix
dcl,gcl
eh,ah
iy,iy
ey,iy
n,n
pcl,tcl
ae,ae
d,dh
eh,eh
g,g
ay,ay
r,r
ih,ih
r,r
m,m
ax,ax
gcl,tcl
axr,axr
w,w
f,f
oy,aa
ix,ix
f,f
aw,aw
pcl,ax-h
iy,ix
m,m
pcl,pcl
gcl,gcl
p,p
tcl,tcl
ix,ix
hh,hh
dh,v
ix,ix
ix,eh
k,k
kcl,tcl
hh,hh
kcl,kcl
q,q
ch,ch
ax,q
ih,ih
r,er
m,l
tcl,tcl
q,hh
hv,hv
ax,ix
ih,eh
ae,ae
f,f
eh,eh
ah,ow
n,m
dcl,dcl
tcl,tcl
n,l
v,v
ix,ih
s,s
ow,ow
hv,hv
ao,ao
aa,ao
ix,iy
ao,aa
k,k
ax,ax
t,sh
f,f
s,t
kcl,kcl
ix,ix
m,n
ao,ao
w,l
s,s
iy,iy
r,r
sh,sh
dcl,z
t,t
n,n
el,el
pcl,bcl
axr,r
dx,dx
tcl,tcl
m,m
s,s
k,p
iy,iy
n,n
s,s
sh,ch
kcl,kcl
iy,ix
l,n
v,v
iy,iy
f,f
eh,eh
l,l
bcl,bcl
iy,iy
iy,iy
ao,ax
er,r
dh,dh
f,f
ow,ow
y,y
kcl,kcl
n,ax
aa,aw
aw,aw
z,z
d,d
ah,ah
s,s
t,t
l,l
p,p
sh,sh
k,k
r,r
dh,dh
r,r
ih,ih
k,k
tcl,tcl
n,n
eh,eh
hv,hv
k,k
ux,ux
pcl,pcl
aa,aa
k,p
ch,ch
dx,n
ay,ah
ih,iy
ow,l
dcl,dcl
aa,aa
s,s
ix,eh
sh,sh
s,s
en,en
uh,ah
dh,dh
ix,r
g,dx
axr,er
axr,r
dcl,dcl
ao,ao
d,d
tcl,tcl
hh,hh
dcl,dcl
axr,er
th,th
iy,iy
q,q
q,q
ix,ix
t,t
axr,axr
z,s
iy,iy
k,k
ae,ae
ax,ax
ae,ae
y,y
dx,dx
axr,ng
ih,ih
ey,ey
w,ao
ix,iy
s,s
q,q
ax,eh
m,n
r,r
iy,iy
l,l
tcl,tcl
ao,aa
ch,ch
dh,dh
ih,ih
tcl,tcl
ey,ey
sh,sh
eh,ah
hv,hv
ih,ix
aa,aa
s,s
ae,ae
aw,aw
iy,iy
f,f
l,bcl
jh,jh
ae,ae
gcl,kcl
jh,jh
ih,ih
tcl,tcl
ix,iy
th,s
z,z
z,z
aa,aa
ch,ch
iy,iy
r,r
ix,ax
q,q
f,f
t,t
uh,el
kcl,kcl
eh,eh
q,q
ix,ix
dh,v
kcl,kcl
kcl,kcl
ax,ax
n,w
hh,q
r,r
ix,ix
eh,eh
d,k
k,k
pcl,bcl
ey,ey
m,m
ao,ao
iy,ix
k,k
dcl,dcl
eh,eh
ix,ix
l,l
aa,aw
n,aa
n,ng
th,z
ae,ae
z,z
jh,s
aa,ay
p,p
ih,ih
dcl,dcl
ow,ow
l,l
s,s
ax,r
g,g
iy,iy
ux,ih
ae,ae
ae,ae
iy,ix
m,ng
ae,ae
q,w
ae,ae
m,m
pcl,pcl
gcl,n
n,n
jh,jh
sh,ch
w,w
eh,ah
l,l
t,t
g,k
bcl,pcl
sh,sh
s,s
l,v
eh,ey
m,m
dcl,dx
ah,l
oy,oy
f,f
er,er
el,el
ey,ae
iy,iy
ow,ao
l,l
dx,dx
ih,ih
dcl,dcl
ix,ix
ix,ix
iy,iy
n,n
l,l
ux,ux
p,p
eh,eh
n,ix
k,k
er,er
l,l
s,z
ng,n
sh,sh
l,l
oy,oy
r,r
ae,ae
s,s
tcl,pcl
pcl,kcl
ih,ih
r,r
ix,ih
n,n
s,s
axr,axr
ax,l
l,l
k,k
eh,eh
m,m
z,z
r,r
iy,ih
uh,ih
er,er
p,k
eh,eh
l,l
s,s
dcl,dcl
dh,dh
w,w
hv,hv
ey,ey
er,er
gcl,gcl
ao,uh
n,n
l,r
ih,ih
uw,ux
ih,eh
f,f
hv,hh
y,y
ix,eh
ih,ih
tcl,n
dh,p
ih,ih
ih,iy
er,er
dh,dh
axr,axr
er,er
pcl,pcl
th,f
ux,ux
hv,hv
axr,r
z,z
ih,ey
ao,ao
ix,ix
iy,iy
sh,sh
dcl,dcl
iy,iy
ih,eh
er,er
q,q
f,t
q,q
aw,aw
k,k
el,l
z,z
w,w
f,kcl
pcl,kcl
tcl,tcl
w,w
eh,eh
axr,er
aa,aa
hh,hv
ae,ae
ae,ae
ih,ix
ux,ux
iy,iy
th,th
ih,ey
ey,ih
y,iy
kcl,kcl
er,er
ax,ax
iy,iy
sh,s
ix,ix
r,r
iy,iy
ih,ih
kcl,kcl
dcl,dcl
k,k
aa,r
m,m
er,er
tcl,dcl
p,p
n,n
tcl,dcl
l,dh
z,z
dcl,f
w,w
ax,ah
ay,aa
iy,ih
ih,ix
ah,ah
dcl,tcl
dx,dx
ae,ae
dcl,dcl
s,s
w,w
ah,ae
t,t
ix,dx
tcl,kcl
z,z
l,l
f,f
pcl,kcl
n,ix
ah,ah
en,n
g,t
ih,ih
gcl,dcl
ux,y
iy,iy
iy,iy
p,p
ah,ah
s,kcl
sh,sh
en,gcl
s,f
tcl,tcl
oy,ey
l,l
ih,r
v,dcl
tcl,q
eh,ix
s,s
uw,uw
hh,hh
eh,ix
dcl,dcl
ey,ey
iy,iy
ng,ng
g,k
ix,ix
z,z
m,m
z,z
ih,ih
k,k
ao,ao
q,q
k,ch
pcl,pcl
w,w
bcl,kcl
ow,ow
ih,ey
pcl,kcl
gcl,gcl
eh,eh
t,t
ay,ay
tcl,kcl
ao,ao
aa,aa
dcl,dcl
n,n
kcl,kcl
ax,ax
kcl,kcl
kcl,kcl
aa,ah
ax,ix
iy,iy
k,k
iy,iy
ux,ux
aa,aa
iy,ix
l,l
r,r
kcl,gcl
z,z
er,er
ey,ey
pcl,tcl
ix,ix
tcl,tcl
n,n
kcl,dcl
axr,axr
r,r
y,y
iy,iy
hv,hv
iy,iy
ng,n
tcl,tcl
ix,ix
m,n
r,r
dx,dx
ix,ix
ux,ux
k,k
iy,iy
v,v
ih,ix
r,r
axr,r
ow,ow
l,dh
r,r
dx,r
ah,ah
hh,tcl
s,s
ao,aa
ix,dx
ax-h,ax-h
dcl,tcl
kcl,kcl
ix,ih
hh,p
gcl,dcl
ix,ih
z,z
ax,ax
m,m
w,w
q,q
tcl,tcl
iy,iy
dh,dx
ae,ae
g,g
ae,aw
tcl,tcl
ae,ae
ao,ao
aa,aa
l,l
l,l
ih,ux
dh,f
r,r
m,m
l,l
g,tcl
ey,ey
iy,iy
f,f
iy,iy
r,er
ng,ng
t,t
ix,ax
l,l
tcl,kcl
ix,ix
ah,ax
dcl,dcl
pcl,pcl
iy,iy
bcl,bcl
ix,ih
pcl,tcl
q,q
r,r
s,s
sh,s
k,k
t,t
ih,iy
ae,ae
r,r
n,n
r,r
dh,th
ao,ao
r,v
dh,g
sh,sh
r,r
ix,ih
kcl,kcl
eh,r
kcl,kcl
ao,ao
ao,w
ih,ey
ax,ix
iy,iy
dh,dx
ng,ng
t,s
r,r
iy,y
s,s
sh,sh
eh,eh
ey,ey
ix,r
y,iy
tcl,gcl
er,er
p,p
el,el
iy,iy
pcl,kcl
ux,ix
uh,ih
l,l
n,n
ux,y
ae,ey
p,p
r,axr
r,r
hv,hv
t,t
q,ax
l,n
kcl,kcl
er,er
q,w
g,g
p,p
iy,iy
sh,sh
m,m
g,k
eh,eh
eh,ae
aa,aa
iy,iy
t,k
iy,iy
w,w
v,v
p,p
l,l
eh,eh
s,s
ax,ix
ix,ix
q,q
axr,r
dh,v
ax,ah
ix,iy
sh,sh
dcl,dcl
s,z
ae,ae
f,f
m,m
dcl,bcl
w,l
ey,ey
pcl,kcl
ix,ix
hv,hv
z,s
w,w
pcl,pcl
w,w
ey,ey
kcl,kcl
ux,ux
ao,ao
ih,eh
ih,ih
ih,ey
s,s
r,r
iy,ey
p,p
tcl,n
z,z
ae,ae
ux,ux
ix,ix
k,k
r,r
n,n
l,l
n,n
r,r
z,z
ow,ow
axr,r
iy,iy
r,r
y,y
ix,ax
gcl,bcl
iy,iy
ae,ae
ih,iy
ey,ey
q,q
f,f
dh,l
ae,ae
n,nx
iy,iy
kcl,tcl
ax,ax
f,f
m,q
tcl,kcl
kcl,kcl
aa,aa
ah,r
er,r
axr,axr
s,s
f,th
sh,sh
axr,axr
s,s
axr,axr
ao,ao
ih,ix
y,y
s,s
r,r
l,r
sh,sh
r,r
t,t
bcl,bcl
ao,ao
y,dx
n,gcl
l,l
axr,axr
gcl,kcl
n,n
r,r
tcl,tcl
s,s
dcl,tcl
q,q
hh,hh
r,r
axr,eh
z,s
f,p
ay,ay
y,y
l,l
ix,iy
ow,ow
z,s
ow,ow
ix,ix
m,m
m,n
ey,iy
jh,jh
ay,ay
r,r
ix,ix
dcl,tcl
s,s
ow,aw
eh,eh
ch,t
eh,ey
el,el
k,k
aa,ah
nx,n
kcl,dcl
g,g
ng,n
y,y
bcl,bcl
aa,aa
pcl,kcl
ix,ix
ax,en
v,v
aa,aa
r,r
ix,ix
bcl,bcl
n,nx
iy,iy
jh,ch
ih,ih
v,l
aw,ae
ey,ix
n,n
axr,uw
v,v
l,l
r,r
l,w
dh,v
n,kcl
sh,sh
l,l
n,n
er,er
ae,ae
n,ix
ix,eh
uw,ux
s,s
pcl,kcl
ih,iy
iy,iy
ix,ix
q,q
gcl,gcl
s,th
l,l
axr,r
k,jh
ow,ow
en,en
z,z
n,n
r,r
jh,jh
ix,ix
dh,v
iy,iy
iy,iy
ix,iy
l,l
eh,ae
gcl,gcl
ow,ow
g,g
iy,iy
axr,axr
w,l
n,n
k,k
sh,s
s,f
ih,ih
q,q
nx,l
eh,eh
dh,tcl
n,ax
d,d
n,n
s,s
er,er
kcl,tcl
ao,ao
k,k
s,s
aa,ay
el,ow
dx,dcl
q,q
ux,ux
y,y
k,k
ah,eh
z,z
t,t
kcl,kcl
uw,l
hh,hh
ax,ax
n,ng
ax,ix
axr,axr
n,n
ax,ix
eh,ae
iy,iy
d,d
s,s
eh,eh
r,r
aa,aa
ax,ix
iy,iy
kcl,kcl
t,p
t,t
en,ax-h
ux,ux
ux,iy
eh,eh
ah,ah
ah,eh
ay,ay
ax,ix
uh,axr
ae,aw
pcl,tcl
ow,ow
ix,ix
l,l
t,t
ix,eh
w,l
iy,iy
n,n
ey,eh
jh,d
ix,ix
w,w
el,l
el,el
r,r
l,l
ow,ow
ae,ae
iy,z
s,s
eh,ix
ih,ih
s,s
bcl,dcl
l,l
n,n
s,s
ow,ow
l,l
pcl,pcl
iy,iy
ae,ae
iy,ix
ux,iy
q,q
axr,r
iy,iy
dcl,dcl
ax,ax
ae,ae
t,t
r,r
iy,ix
ah,eh
r,r
axr,r
ey,ey
y,y
d,dh
eh,ih
kcl,kcl
s,z
axr,er
dx,jh
bcl,bcl
w,l
ix,r
ih,iy
q,q
ix,eh
dh,dh
eh,ah
aa,aa
k,k
zh,z
q,q
ih,eh
iy,iy
ih,ih
sh,sh
s,s
er,r
z,z
l,l
dx,dx
q,q
r,ay
ax-h,q
pcl,pcl
q,q
ux,ux
ae,ae
ux,ux
dx,dx
axr,er
s,s
eh,eh
g,g
ow,el
dh,dh
w,w
kcl,kcl
ay,ay
eh,eh
r,r
f,f
dcl,dcl
ix,l
tcl,tcl
k,dcl
ao,oy
ih,ih
jh,jh
pcl,kcl
r,r
dcl,dcl
ao,ao
sh,sh
g,k
iy,iy
jh,jh
ih,eh
tcl,pcl
n,ng
l,l
r,r
t,t
n,en
tcl,kcl
g,g
uw,ux
aa,ao
ix,ix
s,s
gcl,dcl
axr,er
t,g
ey,ey
ae,ae
n,dcl
hh,hh
ay,ay
r,r
s,s
l,m
k,k
m,m
iy,iy
ay,ay
iy,iy
ix,q
aa,r
ae,ae
ae,ay
q,q
l,eh
ih,ix
q,q
kcl,kcl
g,k
hv,eh
p,p
iy,ih
t,t
axr,r
er,er
dh,tcl
ih,ih
n,n
ix,ix
q,ix
r,ax
tcl,tcl
iy,iy
tcl,tcl
s,s
m,m
iy,iy
ay,ay
k,k
axr,axr
eh,eh
ah,ay
q,q
kcl,kcl
d,d
eh,eh
y,ix
s,s
sh,sh
el,el
s,s
eh,eh
l,l
ow,ow
s,s
l,l
m,m
dcl,dcl
q,q
el,ao
l,l
l,l
v,v
l,l
s,s
q,ix
ao,ao
ey,ey
r,axr
axr,axr
iy,iy
kcl,tcl
ix,eh
ix,l
ix,iy
m,n
iy,ix
ix,ix
uh,aa
axr,axr
bcl,dcl
tcl,tcl
jh,jh
l,l
iy,iy
tcl,tcl
q,v
z,jh
t,t
k,k
m,m
s,s
eh,eh
axr,ix
bcl,bcl
m,m
nx,nx
t,g
n,n
eh,ae
eh,ae
ux,y
hh,hh
pcl,kcl
l,l
jh,jh
l,l
kcl,tcl
axr,er
iy,iy
iy,iy
w,w
r,r
l,l
ow,ow
p,t
tcl,kcl
n,n
dcl,dcl
l,l
axr,er
tcl,kcl
iy,iy
z,z
r,axr
ay,aw
n,n
eh,l
m,m
ay,ay
bcl,bcl
ey,ey
d,t
q,ae
iy,iy
ix,ix
jh,jh
ax,ax
ix,ax
n,n
el,ow
ax,ax
s,s
ey,ow
aw,aw
dcl,tcl
s,s
ih,ih
axr,axr
y,y
k,k
iy,ey
l,l
v,v
t,t
m,r
s,sh
ae,ae
ih,l
ih,ih
bcl,bcl
ah,ah
s,s
b,k
f,f
kcl,kcl
ao,aa
pcl,f
ax,l
nx,m
ae,ae
tcl,kcl
z,z
p,p
iy,iy
w,w
ix,ix
g,g
zh,sh
tcl,tcl
eh,ae
ih,iy
gcl,r
gcl,gcl
l,l
k,k
l,r
n,n
iy,iy
kcl,tcl
k,k
aa,aa
ih,ih
eh,ix
n,n
dcl,dcl
ih,ih
r,r
aw,ah
n,n
aa,aa
ow,ow
th,s
z,z
ao,ao
gcl,kcl
l,l
ih,ih
ay,ay
ay,ay
r,r
r,r
ax,ix
s,s
ow,ow
dh,dh
l,l
f,f
pcl,kcl
tcl,tcl
l,l
p,p
uw,uw
iy,iy
sh,sh
ih,eh
ix,ix
w,r
l,l
z,z
l,l
oy,oy
kcl,dx
pcl,kcl
ow,uw
q,q
s,s
p,p
aa,aa
l,l
s,s
ix,iy
th,th
kcl,kcl
aa,aa
m,m
k,k
v,kcl
q,q
aw,ow
kcl,kcl
ix,ax
t,s
jh,d
kcl,tcl
ch,ch
w,n
ux,ux
tcl,tcl
ih,ih
iy,iy
ih,ey
en,n
m,m
dcl,dcl
q,q
eh,eh
l,r
eh,eh
w,w
tcl,tcl
s,s
dh,k
pcl,tcl
dcl,dcl
ix,ix
r,r
axr,r
p,dx
ng,ng
r,r
ix,ix
ix,ix
iy,iy
tcl,dcl
k,g
ux,ux
ix,ix
aa,aa
s,s
n,n
r,r
ao,w
r,r
eh,eh
axr,er
aa,ae
axr,axr
w,w
s,s
d,s
dh,l
sh,sh
f,f
dcl,tcl
hh,hh
ax,ix
ix,ey
ow,ao
n,n
axr,er
iy,iy
tcl,kcl
ng,ng
p,hh
oy,oy
s,sh
uh,el
q,y
k,k
k,k
ao,axr
bcl,tcl
t,t
ax,ow
l,l
tcl,kcl
ih,ix
ay,ay
l,l
ao,aa
eh,eh
s,s
ax,ax
r,q
er,er
ah,ah
ih,ix
s,s
d,dh
s,s
n,n
dx,dx
bcl,dcl
dh,dh
kcl,kcl
s,t
axr,ih
pcl,pcl
er,er
el,el
oy,oy
ae,ae
ix,ix
n,n
ay,ay
sh,s
s,s
en,n
m,m
r,r
ae,ae
tcl,dcl
axr,axr
k,k
dx,dx
ao,ao
y,y
q,q
s,s
ay,ay
ax,ax
pcl,dcl
ao,aa
uw,ux
ih,ih
iy,iy
hh,hv
ah,aa
ah,ah
tcl,tcl
tcl,tcl
q,q
aw,aw
s,s
s,t
ux,ux
tcl,dcl
eh,eh
w,w
hv,hv
t,t
ih,ix
eh,ey
th,th
iy,ey
f,f
g,g
dcl,dcl
p,p
p,p
iy,iy
dcl,dcl
ch,ch
r,r
ah,eh
ae,ae
sh,ch
kcl,kcl
el,el
ih,iy
iy,iy
ah,ow
nx,nx
ix,ix
eh,eh
n,n
pcl,pcl
aw,aw
w,l
aa,aa
er,axr
s,s
dcl,bcl
en,n
aa,aa
z,z
ux,ux
ih,ih
l,l
ng,ng
l,l
m,m
eh,eh
k,k
aa,aa
g,g
ih,ih
p,p
n,ng
ux,uw
kcl,kcl
kcl,kcl
eh,ey
s,s
aa,ae
r,r
l,w
b,v
ow,ow
s,s
s,s
axr,er
ay,ae
r,r
r,er
q,dh
eh,eh
er,axr
t,d
tcl,p
tcl,tcl
l,l
tcl,tcl
hv,hv
n,n
ah,aa
s,s
v,v
aa,l
ey,ey
bcl,bcl
q,k
y,y
s,s
axr,r
tcl,g
aa,ao
ey,iy
s,s
dcl,dcl
ao,r
g,g
axr,aa
r,r
k,k
kcl,kcl
z,z
s,s
ix,ix
kcl,tcl
pcl,pcl
ih,ih
kcl,tcl
l,l
l,el
tcl,kcl
r,r
kcl,kcl
l,l
w,w
jh,jh
k,k
t,t
w,w
eh,ah
pcl,pcl
uw,uw
l,l
y,iy
pcl,kcl
r,r
ah,ah
gcl,gcl
y,y
q,q
kcl,kcl
kcl,kcl
jh,s
b,p
p,p
hh,p
m,ix
uw,ux
w,w
d,jh
m,n
gcl,dcl
dh,dh
ey,ey
nx,n
iy,iy
s,z
t,k
bcl,dcl
kcl,tcl
er,axr
kcl,kcl
en,r
k,k
axr,axr
f,f
s,s
dh,dcl
s,s
dh,p
l,l
ix,ix
sh,sh
w,n
b,dx
pcl,pcl
v,v
dh,hh
dcl,dcl
y,y
hh,hh
eng,dcl
ax,ax
ow,ow
dh,tcl
n,ng
r,r
bcl,dcl
p,p
ao,w
ix,ix
iy,iy
w,w
l,l
m,m
ao,aa
kcl,kcl
er,axr
ix,ix
eh,eh
q,l
eh,q
r,r
axr,axr
s,s
m,m
f,th
iy,iy
v,v
ch,ch
aw,ae
s,s
z,z
ah,ah
iy,iy
axr,axr
ey,ey
ao,ao
n,n
m,m
eh,eh
s,s
ey,ey
r,r
kcl,hh
dh,dh
tcl,pcl
q,q
dx,n
s,s
gcl,gcl
ao,ah
kcl,kcl
kcl,kcl
ao,aa
ih,iy
dcl,dcl
iy,iy
kcl,kcl
n,m
ae,ae
r,r
eh,eh
f,f
n,n
gcl,kcl
t,t
axr,er
ax,ax
r,r
l,r
t,t
dcl,dcl
ey,ey
n,n
axr,er
pcl,tcl
tcl,pcl
r,r
ax,el
k,k
ih,ih
s,s
k,k
gcl,kcl
dh,t
m,m
r,aa
aw,aw
k,k
r,r
w,l
gcl,gcl
k,k
em,m
kcl,kcl
dh,dh
tcl,tcl
r,r
dcl,tcl
l,l
n,l
m,dcl
ey,ey
d,dx
ix,ix
ey,ey
q,q
l,l
eh,eh
ih,ih
ih,ih
ix,eh
hh,hh
z,z
k,k
axr,axr
s,s
ih,iy
iy,iy
dh,v
eh,eh
sh,sh
dcl,bcl
ax,ah
dh,dh
s,s
ix,iy
gcl,gcl
w,n
m,n
ow,ao
q,q
s,s
ey,iy
axr,ix
ae,ae
w,w
pcl,pcl
axr,r
ow,ow
iy,iy
d,t
t,s
kcl,gcl
ix,ix
ix,ix
ah,ax
tcl,kcl
ax,ix
ax,ah
t,dh
q,ix
n,n
l,l
m,n
ey,ey
eh,eh
dcl,dcl
ao,ao
ey,ey
k,k
iy,iy
kcl,kcl
z,t
s,s
ey,ey
n,n
r,r
gcl,gcl
kcl,kcl
g,g
w,l
en,tcl
uh,ax
t,t
y,q
pcl,pcl
dcl,dcl
r,l
w,w
w,w
tcl,kcl
k,k
kcl,dcl
m,l
w,w
t,t
kcl,kcl
ix,iy
iy,ix
ix,axr
r,ay
ah,eh
s,s
ow,ow
t,t
gcl,ng
w,w
m,n
n,n
en,em
m,m
kcl,kcl
ey,iy
ey,ey
q,q
n,n
r,r
jh,jh
s,s
dx,dx
ix,iy
ax,r
axr,n
tcl,kcl
ux,ux
s,s
ix,ux
k,k
k,g
q,q
n,n
dcl,tcl
n,n
f,p
ao,ao
ih,ae
g,k
w,w
gcl,gcl
el,ow
n,en
uw,uw
k,k
th,s
m,m
kcl,tcl
n,nx
tcl,pcl
dx,dx
aa,ao
ih,eh
m,n
kcl,kcl
s,s
v,v
t,t
aa,aa
eh,ah
l,l
aa,aa
v,v
k,k
n,m
b,p
r,r
bcl,v
iy,iy
tcl,dcl
bcl,dcl
kcl,q
aa,ao
w,w
axr,axr
r,r
ix,ix
er,er
ey,ey
w,r
s,s
dx,dx
eh,r
m,m
ng,n
hh,hh
dcl,dcl
s,s
tcl,tcl
aa,aa
kcl,kcl
z,z
hv,hv
dh,p
r,ax
m,m
hh,hh
y,y
ix,iy
gcl,bcl
w,r
ah,ax
q,q
ih,ih
n,m
ow,ow
tcl,tcl
dh,dx
z,z
dx,dx
s,s
l,l
th,th
ae,ae
gcl,n
iy,ix
dcl,dcl
ix,ix
r,r
ow,w
ax-h,ix
ax,ax
l,l
v,kcl
f,f
z,z
iy,iy
l,w
ae,ae
r,r
kcl,kcl
tcl,kcl
w,w
aa,aa
p,p
q,q
eh,ix
q,q
zh,jh
dcl,dcl
aw,aw
m,m
iy,iy
ix,ix
m,m
ix,ix
m,m
dh,dh
v,v
m,m
er,er
bcl,dcl
tcl,tcl
n,n
dcl,dcl
ng,ng
ao,ao
tcl,kcl
ax,ix
d,dcl
iy,y
iy,iy
ax,ax
ae,ae
r,r
k,k
ih,ih
l,w
ao,aa
ux,ux
b,m
n,n
v,d
ah,ah
q,q
tcl,kcl
ow,ow
uh,ih
ih,ih
s,s
ax-h,ix
eh,er
dcl,dcl
ah,ah
s,f
iy,iy
ao,ao
sh,s
kcl,kcl
r,r
q,q
pcl,pcl
s,s
k,k
iy,iy
r,r
eh,eh
z,z
iy,iy
axr,iy
er,r
l,dx
b,dh
aa,ae
uw,uw
ix,eh
t,s
n,n
ix,ix
ey,ey
axr,axr
tcl,tcl
s,s
gcl,gcl
kcl,kcl
s,s
p,p
ao,el
bcl,pcl
s,s
dcl,dcl
uh,ow
kcl,kcl
iy,iy
m,m
ey,ey
r,r
z,s
iy,ix
dcl,dcl
s,s
s,s
f,f
ih,eh
er,er
dcl,dcl
s,s
n,n
dh,dh
tcl,q
axr,axr
k,k
kcl,kcl
gcl,ng
ah,ah
f,f
ix,eh
r,ax
hv,ix
v,dcl
s,s
uh,ix
ix,ix
tcl,dcl
dcl,dcl
aa,ay
ix,ix
pcl,pcl
sh,sh
ao,aa
m,m
ix,ix
kcl,kcl
aa,l
axr,axr
en,m
b,d
iy,iy
tcl,pcl
s,z
tcl,k
n,m
sh,sh
m,n
r,r
ae,ae
sh,sh
g,k
ao,el
w,w
dh,dh
ix,ax
pcl,pcl
l,ow
kcl,kcl
ae,ae
ix,ix
tcl,tcl
l,l
ey,ey
dcl,dcl
ay,ay
eh,eh
ey,ey
q,q
v,v
g,d
tcl,tcl
z,zh
ao,ao
ix,ix
z,z
ao,ao
kcl,kcl
ae,ae
pcl,pcl
y,y
axr,axr
q,q
aw,eh
ah,aa
q,q
t,dh
ae,ae
ix,ih
dh,dh
b,k
tcl,tcl
tcl,tcl
w,w
m,n
m,m
pcl,kcl
l,ux
t,p
tcl,tcl
q,q
ax,ix
axr,er
v,v
z,ch
ih,l
iy,iy
el,l
l,l
g,dx
n,dx
ao,ao
bcl,bcl
t,t
k,k
ao,w
tcl,kcl
aa,ao
n,n
jh,hh
ay,ay
ah,ix
s,s
z,z
ah,eh
iy,ix
ix,l
tcl,tcl
ng,m
iy,iy
f,f
ix,ix
gcl,bcl
l,r
dx,dx
w,r
sh,sh
ux,iy
iy,iy
r,r
l,w
n,n
m,m
s,s
g,g
pcl,tcl
d,dcl
s,s
sh,sh
ch,ch
iy,iy
iy,iy
s,s
f,f
er,er
dx,dx
iy,iy
ae,ae
t,ch
eh,ae
iy,iy
axr,ix
ix,ix
en,en
dcl,dcl
tcl,tcl
ux,y
ao,aa
axr,r
t,t
r,ix
r,r
eh,eh
q,tcl
ax,ax
iy,q
m,m
er,er
s,s
tcl,tcl
kcl,kcl
tcl,dcl
ey,ey
iy,iy
ax,ix
ey,eh
r,r
w,l
ih,iy
el,el
g,k
ey,ey
t,t
jh,jh
ae,ae
ix,ix
kcl,v
n,n
bcl,bcl
r,r
z,s
v,ax
pcl,pcl
axr,axr
l,l
axr,axr
ix,ix
ax,l
ao,ao
pcl,bcl
oy,ao
s,s
r,r
f,f
r,r
l,l
ax,ax
tcl,kcl
kcl,kcl
t,d
iy,iy
ow,aw
th,kcl
b,b
tcl,tcl
n,ng
w,bcl
ux,ux
r,r
kcl,kcl
l,l
iy,iy
z,z
dcl,dcl
dcl,n
tcl,tcl
n,n
q,ix
bcl,bcl
ch,ch
n,n
tcl,dcl
bcl,dcl
ix,ix
kcl,kcl
s,s
hv,hv
er,axr
n,n
m,n
er,er
ah,ah
axr,er
dcl,tcl
dcl,dcl
tcl,tcl
iy,iy
dh,pcl
kcl,kcl
iy,iy
ey,ey
iy,iy
axr,nx
l,l
jh,ch
s,s
el,el
g,k
n,n
ae,ae
w,l
eh,eh
ih,ih
pcl,tcl
s,s
s,s
pcl,bcl
ao,ao
ix,ih
dh,dh
m,q
t,t
w,w
s,s
axr,er
t,t
s,s
iy,eh
dcl,dcl
y,dx
kcl,tcl
ow,ao
ax,ax
tcl,tcl
ih,r
iy,iy
l,n
ah,ah
ao,ao
tcl,tcl
s,s
l,l
r,r
iy,iy
n,n
gcl,dcl
ax,ix
axr,axr
r,r
iy,ey
oy,oy
m,w
tcl,dx
pcl,kcl
iy,iy
ae,ae
t,t
r,r
ay,ay
p,dh
ih,ih
f,f
n,n
ax,el
ih,ih
dh,dh
tcl,gcl
tcl,tcl
z,sh
sh,sh
ix,ih
k,k
l,l
aa,aa
z,z
er,axr
q,q
hv,ix
kcl,kcl
s,s
bcl,dcl
axr,axr
k,k
k,k
f,f
pcl,pcl
ae,ae
iy,iy
ix,ax
iy,iy
tcl,tcl
dh,v
ax,ax
iy,iy
nx,dx
eh,ah
dh,v
s,s
s,s
ow,ow
tcl,tcl
m,n
v,v
kcl,kcl
bcl,bcl
l,w
iy,ey
m,m
t,t
ow,ow
iy,iy
l,l
r,r
kcl,tcl
pcl,pcl
ay,ay
n,n
p,p
ch,ch
y,iy
kcl,kcl
pcl,pcl
r,r
w,w
dh,dh
ix,ix
bcl,dcl
r,eh
axr,er
ae,aw
tcl,q
k,k
axr,axr
l,l
s,s
axr,r
t,t
axr,er
pcl,kcl
v,v
r,r
l,ax
f,f
m,n
q,q
bcl,bcl
z,jh
ix,ax
aa,ao
s,s
ax,ax
iy,iy
eh,eh
sh,sh
sh,sh
l,l
axr,er
iy,iy
ux,axr
z,z
t,t
ax,ah
ix,ix
gcl,kcl
hh,q
ae,ae
k,k
ae,ae
tcl,tcl
r,r
q,q
q,q
k,k
m,n
gcl,pcl
aa,aa
k,k
ix,ux
bcl,bcl
dcl,dcl
s,s
ah,ah
iy,ey
s,s
ng,n
gcl,pcl
ae,ae
dcl,tcl
r,r
n,n
m,m
q,q
r,ix
eh,ae
l,l
pcl,kcl
tcl,pcl
n,n
ng,n
z,s
l,l
n,q
s,s
iy,iy
ix,ix
kcl,kcl
axr,axr
l,l
z,s
ey,ey
kcl,kcl
dcl,dcl
v,w
q,q
kcl,kcl
eh,eh
th,th
iy,iy
axr,r
ow,ow
kcl,kcl
r,dx
dcl,dcl
s,s
s,s
dcl,dcl
hv,hv
l,l
pcl,pcl
kcl,kcl
tcl,kcl
dcl,dcl
dcl,dcl
ux,ix
w,w
gcl,gcl
r,r
ix,ix
s,s
eh,aw
aa,aa
n,n
ay,ay
tcl,kcl
ao,ao
ah,ah
ay,ay
f,f
k,k
dcl,bcl
tcl,n
gcl,gcl
tcl,tcl
r,r
en,gcl
er,axr
s,s
ix,ix
kcl,kcl
iy,iy
dx,jh
w,w
iy,iy
tcl,tcl
q,q
q,q
iy,iy
p,p
t,t
r,r
aa,ao
n,n
ae,ae
w,r
p,p
uh,ah
d,d
ao,r
q,tcl
hv,y
n,n
gcl,r
gcl,dcl
f,f
s,z
dcl,dcl
m,n
n,n
tcl,kcl
s,k
ix,ix
s,s
q,q
axr,axr
r,r
v,v
ix,ix
m,m
d,t
l,n
pcl,pcl
n,n
s,s
v,v
gcl,dcl
ix,ix
ae,ae
ix,n
ih,iy
dcl,dcl
n,n
aa,ao
iy,y
s,s
s,s
dh,dh
r,r
dh,v
kcl,kcl
s,s
tcl,kcl
ix,ix
ae,ae
axr,r
kcl,tcl
ix,ix
ax,n
tcl,dcl
er,r
hv,y
l,l
dcl,dcl
ae,ae
m,m
axr,er
iy,iy
ay,ay
dh,v
w,w
aw,ae
jh,jh
ow,ow
r,r
k,jh
axr,axr
hh,hh
f,f
dcl,dcl
m,n
tcl,kcl
r,r
en,m
tcl,hv
d,d
ix,ix
dcl,tcl
n,n
aa,aa
tcl,kcl
t,t
ax,ax
dcl,pcl
ao,ao
axr,axr
nx,nx
d,d
k,k
tcl,tcl
n,dx
eh,ix
ae,ae
r,r
n,m
ao,ao
kcl,kcl
nx,nx
axr,axr
zh,zh
t,t
ix,ix
dx,dx
iy,iy
n,n
eh,eh
s,z
l,l
g,k
z,s
gcl,n
n,n
ix,ax
l,l
q,q
tcl,tcl
eh,ix
z,z
m,m
m,n
kcl,bcl
aa,ay
er,axr
f,f
ay,ay
kcl,tcl
y,y
dh,dh
v,v
ax,ah
bcl,bcl
ey,ey
n,n
dcl,pcl
z,z
ix,ix
l,l
ix,ax
m,n
ay,ay
w,w
k,k
kcl,kcl
iy,iy
hh,hh
ih,ih
kcl,kcl
aa,aa
y,iy
s,s
s,s
w,w
iy,iy
ey,ih
l,l
ax,ih
r,r
kcl,kcl
r,r
ax,ah
uh,ix
eh,eh
ow,ah
s,s
ng,ng
tcl,tcl
dh,dh
ay,ay
n,n
y,y
eh,eh
ay,ix
dx,dx
s,s
axr,er
l,l
ng,n
r,r
dh,dh
z,z
iy,iy
dcl,kcl
uh,uh
m,n
tcl,kcl
th,f
gcl,axr
ow,ow
ao,ao
dcl,dcl
iy,iy
ih,l
oy,oy
v,th
tcl,gcl
jh,jh
l,l
eh,eh
kcl,kcl
s,s
axr,axr
k,k
dcl,dcl
k,k
s,s
ng,ng
uh,axr
ih,ih
s,t
k,k
tcl,bcl
r,r
l,l
ix,ix
tcl,tcl
uh,ax
tcl,tcl
m,m
ae,ae
w,w
r,r
ng,axr
ae,ae
hv,eh
pcl,pcl
l,l
ix,axr
ux,ux
s,s
ux,ix
ix,ix
v,v
ix,ix
ux,ux
kcl,kcl
ix,ix
tcl,kcl
q,iy
iy,iy
kcl,kcl
sh,sh
nx,n
t,t
w,w
ey,eh
kcl,kcl
l,l
er,r
ey,ey
r,r
ah,ax
dcl,tcl
t,t
ix,ix
f,f
ao,aa
q,q
oy,oy
ey,ey
k,k
n,n
en,dcl
ix,eh
l,n
d,jh
ch,k
dx,dx
y,y
y,y
ch,ch
eh,eh
m,ng
tcl,kcl
dcl,dcl
n,n
q,q
ih,ih
iy,iy
ae,ae
axr,axr
ng,ng
pcl,kcl
t,t
iy,iy
r,r
axr,axr
ax,ax
n,n
ae,ae
ae,aw
ah,ao
er,er
axr,axr
aw,ay
k,k
ix,l
r,r
pcl,tcl
dcl,tcl
eh,eh
ax,ix
s,s
s,z
r,r
ih,ih
w,w
q,q
ix,ix
dcl,dcl
iy,ix
axr,er
q,q
tcl,tcl
gcl,gcl
y,y
dh,z
l,l
s,s
ey,ey
sh,sh
z,z
bcl,bcl
ae,ae
ux,ux
g,gcl
t,t
kcl,tcl
ow,ow
ih,ix
dx,dh
g,g
s,s
ao,aa
hh,hh
n,n
ay,ay
r,r
ih,ix
r,r
l,l
iy,iy
n,m
n,n
k,k
l,l
t,k
iy,ih
tcl,tcl
n,n
m,n
n,n
r,r
eh,ay
iy,iy
ix,eh
ae,ae
tcl,tcl
iy,iy
ow,l
z,z
r,r
l,ax
kcl,pcl
iy,iy
ay,ay
eh,ae
w,w
bcl,bcl
ih,ix
s,s
kcl,kcl
ax,ax
sh,sh
ey,eh
kcl,kcl
m,uw
z,z
k,k
axr,axr
ow,ow
eh,eh
ix,iy
y,y
v,v
s,s
dh,l
n,n
f,f
jh,jh
z,z
ao,aa
g,t
k,k
ax,l
g,g
v,s
z,z
l,ih
dh,q
iy,iy
v,v
r,r
pcl,tcl
t,t
t,p
ey,ey
l,l
aa,ao
s,s
bcl,dcl
eh,ix
k,k
ao,aa
l,l
dh,bcl
dcl,dcl
er,er
kcl,kcl
s,s
t,dh
y,y
l,l
v,f
kcl,dh
ae,ae
er,r
dx,dx
r,r
ey,ay
ao,ao
n,n
iy,iy
n,n
n,eh
ae,ae
l,l
s,s
ae,ae
ax,l
s,s
r,r
f,f
k,k
n,n
dx,dx
r,r
n,n
nx,n
ah,eh
kcl,tcl
z,z
w,w
ih,ah
l,l
ax,ih
r,r
ey,ey
oy,oy
ay,ay
r,r
n,n
s,s
er,er
aa,aa
ey,ey
pcl,tcl
ih,ih
axr,axr
n,n
n,n
ow,ow
z,s
ae,ae
dcl,dcl
ix,iy
g,dh
ix,ax
ey,eh
n,n
axr,axr
q,dcl
pcl,kcl
g,g
iy,iy
dcl,dcl
iy,ux
ey,iy
w,w
eh,eh
ix,ix
axr,axr
r,axr
z,z
b,p
kcl,tcl
iy,iy
ix,ae
gcl,dcl
dh,dh
m,n
tcl,kcl
ix,n
n,n
em,q
t,d
m,n
k,k
aa,aa
el,el
dcl,dcl
axr,axr
uw,ux
s,s
ow,ow
ih,ih
eh,ah
m,m
tcl,dcl
eh,eh
l,l
dh,dcl
n,n
eh,ix
bcl,bcl
l,l
kcl,kcl
axr,axr
ey,ey
l,l
ix,eh
ng,m
w,w
ey,ey
uh,ih
n,n
iy,iy
n,n
iy,iy
p,f
z,z
eh,eh
r,r
l,l
m,m
nx,n
ih,ah
w,ao
ix,ix
s,s
z,z
l,l
kcl,kcl
tcl,tcl
en,n
el,l
ih,ah
w,w
r,r
eh,r
n,n
ix,z
th,th
tcl,m
s,s
l,nx
n,n
tcl,tcl
ax,ax
ao,ao
k,k
m,m
dcl,dcl
aa,ah
q,q
s,t
ax,ix
ch,jh
axr,axr
tcl,bcl
tcl,bcl
m,m
aa,ay
axr,axr
s,s
z,s
aw,aw
tcl,tcl
z,z
v,v
q,q
aa,aa
ax,ax
y,y
sh,f
w,l
pcl,tcl
iy,iy
tcl,th
z,z
aa,aa
tcl,tcl
aa,aa
n,n
t,t
iy,iy
l,l
ae,eh
l,l
k,g
eh,eh
r,r
axr,axr
er,axr
q,q
kcl,tcl
m,m
n,n
l,w
gcl,dcl
t,t
n,n
ow,ow
y,ih
q,q
bcl,bcl
kcl,kcl
dcl,dcl
kcl,kcl
s,s
s,ch
dx,dx
r,r
eh,eh
nx,nx
f,f
m,iy
oy,oy
t,t
uw,ux
q,dx
p,p
iy,iy
ow,ow
l,l
m,m
ih,n
dh,dh
ih,eh
ix,ix
ae,ae
ng,ix
er,er
uw,r
dcl,dcl
ax,ax
w,w
l,l
ix,ix
s,s
axr,axr
axr,ix
ih,ih
sh,ch
dh,dcl
ix,ix
w,w
ix,ix
ah,ah
s,s
k,k
axr,axr
ey,ey
m,m
s,s
zh,zh
ix,ix
kcl,kcl
ix,eh
ih,ix
ih,ih
dcl,tcl
kcl,kcl
n,n
ae,ae
hv,hv
l,l
sh,sh
r,axr
ah,l
t,t
tcl,tcl
p,p
y,y
t,t
kcl,kcl
aa,aw
ax,ax
n,n
eh,eh
p,k
y,y
v,v
dh,t
ix,ih
eh,eh
dcl,dx
ih,ix
eh,ae
pcl,pcl
kcl,kcl
y,ih
l,ax
q,q
ix,ix
ax,ah
ah,ae
g,g
ix,ix
pcl,pcl
r,r
k,k
axr,er
n,n
ix,ix
k,k
t,t
gcl,dcl
m,m
kcl,kcl
dcl,dcl
iy,iy
ow,er
q,q
ix,ih
ix,ix
n,n
oy,ah
f,kcl
s,s
ow,ah
er,ow
ix,ix
v,v
iy,iy
ay,ay
pcl,pcl
ae,ae
ih,ih
bcl,bcl
dh,v
iy,iy
s,s
ae,ae
l,l
n,n
z,z
hh,hh
s,s
ix,ax
z,z
g,g
q,ax
y,y
eh,eh
k,k
dh,dh
ax,r
m,n
r,r
ae,ae
dh,t
y,iy
oy,oy
t,k
l,l
tcl,v
gcl,gcl
r,r
pcl,tcl
ay,ay
kcl,kcl
sh,sh
dh,nx
er,iy
n,dcl
kcl,kcl
ix,ix
gcl,bcl
p,p
r,er
w,w
ih,ey
f,f
ao,ao
ao,ao
aa,aa
s,s
ah,r
k,k
t,t
ae,ae
t,t
s,s
sh,s
t,t
ao,w
k,k
s,s
iy,iy
iy,iy
tcl,kcl
hv,hv
bcl,tcl
ix,ix
k,k
iy,iy
ux,ux
ix,ix
ao,ao
s,s
kcl,kcl
m,m
axr,r
dcl,dcl
uw,uw
dcl,gcl
dx,dx
dx,dx
ih,ae
ow,ah
kcl,kcl
ax,ax
b,k
r,r
ay,ae
b,p
er,er
z,s
tcl,tcl
iy,iy
dcl,n
ih,ax
v,f
m,m
ix,eh
ax,ix
y,y
ax,l
ae,eh
l,l
ix,ix
ao,ao
n,n
n,n
z,z
ih,ih
f,f
hv,hv
n,n
dcl,dcl
ix,iy
ix,r
m,n
kcl,kcl
w,ix
pcl,pcl
tcl,kcl
iy,ix
ih,eh
er,er
tcl,tcl
l,n
ix,ix
tcl,tcl
n,tcl
kcl,gcl
r,r
s,z
oy,oy
ix,ix
l,l
aa,aa
eh,eh
iy,iy
ax,ax
p,t
s,s
m,m
d,jh
iy,iy
q,q
ey,ey
k,k
s,s
w,w
ix,iy
dx,dx
eh,ey
l,uw
m,gcl
tcl,kcl
d,d
f,f
ix,ih
eh,eh
l,l
s,s
aa,aa
pcl,tcl
l,l
ih,ih
y,y
z,z
ay,aa
er,axr
r,axr
ao,ah
l,ax
iy,iy
kcl,tcl
n,m
ay,ay
k,k
s,s
k,k
ow,ow
ax,ix
eh,ae
ey,ey
w,m
ux,axr
t,ch
p,p
d,dh
r,r
er,axr
eh,ae
ch,jh
ow,l
n,n
ey,ey
m,m
s,s
dcl,dcl
ih,ih
tcl,kcl
d,d
ao,ao
ay,ay
iy,iy
ix,ix
tcl,tcl
n,n
p,p
er,er
p,p
ix,ax
pcl,kcl
r,r
n,t
tcl,kcl
s,s
en,en
th,dh
t,k
n,n
q,q
ax,r
ax,ax
d,d
t,t
ae,ae
n,nx
uw,uw
eh,eh
s,s
t,jh
l,l
l,l
kcl,kcl
dx,dx
jh,k
aa,ay
gcl,gcl
n,m
ix,ix
q,q
s,s
n,n
s,s
t,t
ao,ao
gcl,gcl
d,d
k,k
k,k
tcl,k
ow,aw
ih,ih
pcl,dcl
m,m
s,s
axr,er
n,n
s,s
ix,ix
sh,s
aa,aa
z,s
ey,ey
iy,iy
uh,ow
ey,ey
l,ow
q,q
n,n
r,r
r,r
k,g
n,n
iy,iy
y,iy
kcl,kcl
s,s
z,s
ao,aa
m,m
ax,l
tcl,tcl
l,l
tcl,kcl
iy,iy
v,v
n,n
ix,ax
tcl,tcl
pcl,pcl
n,n
hh,hh
uw,uw
f,f
hh,hv
tcl,kcl
axr,axr
r,er
ow,aw
axr,er
iy,ey
eh,ih
ow,er
aa,ao
ih,ih
ax,ax
axr,r
iy,iy
ow,ow
n,n
ix,ix
ao,ao
iy,iy
iy,iy
ae,ae
p,p
eh,eh
ax,ix
dcl,dcl
kcl,kcl
ae,ae
tcl,dcl
d,d
k,k
iy,iy
n,l
q,q
ix,ix
ax,ax
ow,ow
z,s
m,m
dx,dx
t,t
ax,ax
k,g
k,k
ax,l
ih,ix
s,s
dh,dh
f,f
ey,iy
ah,l
tcl,tcl
w,w
d,d
ow,aw
ix,iy
uh,ow
iy,iy
eh,ah
r,r
m,m
sh,sh
iy,iy
ix,ih
ch,ch
kcl,kcl
n,n
ae,ae
axr,axr
axr,er
pcl,pcl
gcl,gcl
ax,ax
v,v
m,n
eng,m
gcl,gcl
ae,iy
l,l
n,n
m,ix
m,m
ih,ih
iy,iy
ax,ax
ax,ix
d,t
kcl,kcl
axr,ix
hv,hv
tcl,kcl
aa,ae
n,n
aa,aa
l,l
r,r
ae,ae
f,f
aa,ao
dcl,gcl
ih,ix
ih,ae
ux,ix
tcl,kcl
axr,r
f,f
ix,ih
kcl,kcl
t,t
ax,ax
dcl,dcl
k,k
w,r
jh,jh
aa,aa
r,r
ih,ih
w,w
sh,sh
k,k
z,z
ih,iy
hh,hh
ao,ah
ah,ix
ix,ax-h
dx,dx
tcl,tcl
er,eh
nx,n
jh,jh
ao,aa
w,w
bcl,tcl
r,r
ch,ch
hv,hv
ae,ah
l,l
iy,iy
t,t
er,r
t,t
iy,iy
s,s
ih,ix
y,ix
ae,ey
z,z
pcl,pcl
tcl,z
ix,eh
ix,ix
ix,ix
dcl,dcl
m,ix
ey,ey
n,n
z,z
ix,ix
iy,iy
ay,ay
ae,ae
l,n
r,r
r,r
tcl,tcl
eh,eh
g,g
ae,ae
l,ax
ax,ax
n,n
iy,iy
ey,ey
axr,axr
z,s
t,t
q,q
l,n
k,s
d,d
ux,ux
jh,jh
ah,ah
ch,jh
s,s
t,t
ix,ix
dx,r
tcl,tcl
t,t
n,hv
ng,ng
n,n
y,iy
n,n
dx,dx
t,d
kcl,dcl
l,l
oy,oy
ih,ih
bcl,dcl
n,n
kcl,kcl
dcl,tcl
k,dh
ax,ax
s,s
ix,axr
eh,eh
t,t
y,iy
r,r
t,t
l,l
r,r
ih,iy
r,r
uw,ux
tcl,dcl
z,s
l,l
z,s
n,m
ng,ng
iy,iy
l,l
dcl,dcl
dx,dx
kcl,tcl
s,z
iy,iy
b,p
ux,ux
iy,iy
pcl,pcl
ow,ow
kcl,pcl
iy,iy
ih,ix
ux,ix
iy,iy
w,w
dcl,tcl
s,s
tcl,kcl
aa,aa
ao,ao
f,f
ax-h,tcl
l,l
tcl,d
ix,v
ow,ow
ax,ax
n,dcl
aa,aa
w,w
s,s
l,q
s,s
w,w
tcl,tcl
m,n
ix,ix
r,ix
r,w
l,l
r,r
bcl,pcl
kcl,kcl
ae,ae
v,v
uh,ow
aw,aw
t,t
p,p
uw,uw
tcl,kcl
sh,sh
bcl,bcl
r,r
s,s
nx,n
en,n
z,z
ao,ao
axr,axr
nx,n
r,r
th,th
y,y
n,n
n,n
l,ax
tcl,tcl
z,z
kcl,kcl
v,dh
dcl,n
s,s
iy,iy
t,t
ey,iy
ey,ey
gcl,dcl
aa,aa
n,n
s,s
y,y
q,ax
gcl,dcl
tcl,tcl
b,p
s,ch
kcl,tcl
dcl,dcl
m,m
ay,ay
ae,ae
ux,ux
pcl,pcl
s,s
iy,iy
nx,n
iy,ih
iy,ey
g,g
ow,ow
ih,r
ih,axr
nx,dcl
k,k
l,l
s,s
tcl,dcl
n,n
w,w
l,l
er,er
l,l
n,n
ix,ah
pcl,pcl
hh,hh
q,q
sh,sh
bcl,bcl
n,n
ah,ax
ux,ux
kcl,tcl
l,ix
oy,oy
y,y
y,y
g,g
ix,ix
ih,ih
b,p
iy,iy
aa,ao
iy,iy
r,axr
bcl,dcl
ih,ih
r,r
uh,ix
kcl,tcl
l,l
dcl,dcl
ng,n
k,k
ae,ae
iy,iy
kcl,kcl
th,th
ay,ay
eh,q
tcl,tcl
jh,ch
eh,eh
sh,sh
m,n
iy,iy
ah,ao
p,p
ih,ih
er,er
d,dh
s,s
ix,ix
tcl,pcl
dx,dx
tcl,q
pcl,pcl
ax,ax
n,n
ao,r
ao,r
s,s
ow,ow
v,v
nx,m
iy,iy
dcl,dx
g,d
ax,ix
p,p
m,n
bcl,dh
q,q
eh,eh
pcl,pcl
ix,ix
axr,er
dx,dx
ae,ae
axr,axr
t,t
tcl,kcl
l,q
f,f
r,r
ix,ix
r,r
ix,ix
n,n
n,kcl
m,nx
ao,ao
aw,aw
kcl,kcl
l,l
s,s
ah,ah
kcl,kcl
aa,aa
ao,aa
ae,ae
ae,ae
aa,ao
jh,jh
kcl,kcl
ey,iy
w,w
aa,ah
ih,ix
tcl,v
kcl,dcl
dh,dh
eh,eh
z,z
q,q
ih,ih
ao,l
p,p
iy,iy
v,bcl
l,l
ng,ng
ix,ah
r,r
hv,dx
gcl,dx
tcl,kcl
eh,eh
iy,iy
ow,ah
l,l
bcl,dcl
iy,iy
f,f
q,q
eh,ow
g,g
k,k
q,q
dh,n
ix,ix
ae,ae
ix,ix
sh,s
ix,ix
uw,l
q,q
eh,ae
iy,iy
dx,dx
axr,er
y,y
gcl,gcl
m,m
t,d
dcl,tcl
sh,sh
aa,aa
ay,ah
ay,ay
ax,ax
g,k
ih,ix
ux,ux
dx,dx
s,s
z,s
l,w
n,m
s,s
ao,ah
pcl,pcl
ax,ax
gcl,gcl
kcl,kcl
b,p
sh,sh
iy,iy
l,l
ih,ix
ae,ae
ow,ow
ay,ay
dx,dx
m,m
ax,eh
w,w
w,w
pcl,tcl
uh,ax
sh,ch
n,n
er,er
s,s
nx,nx
dx,dx
n,n
axr,r
eh,eh
ay,ey
jh,jh
ix,ix
v,v
l,l
ax,q
l,l
tcl,tcl
dcl,kcl
gcl,gcl
f,f
v,dh
m,en
aa,aa
er,er
ch,ch
k,k
n,n
ix,ix
n,n
ao,ao
t,t
p,p
eh,eh
l,l
iy,iy
iy,iy
iy,iy
s,s
pcl,pcl
bcl,bcl
iy,iy
s,s
dcl,v
kcl,kcl
m,m
dh,dh
f,f
er,er
ix,ix
t,t
axr,r
hv,hv
dcl,dcl
dh,dh
hv,hv
dcl,dcl
l,l
z,s
ao,ao
ih,ix
k,k
ix,ix
z,z
r,r
r,r
m,v
gcl,kcl
r,n
eh,eh
pcl,dcl
axr,axr
l,l
p,p
b,p
aa,aa
ao,ao
ah,ao
w,w
ux,ix
n,gcl
s,s
kcl,tcl
ix,eh
bcl,dcl
r,r
p,p
eh,ah
n,n
ae,ae
v,v
n,m
jh,jh
l,l
dcl,v
ah,ah
dcl,axr
g,k
eh,eh
iy,iy
kcl,tcl
d,t
d,l
ix,ix
ae,hv
ih,ih
bcl,bcl
hh,hh
ih,ih
dcl,dcl
n,n
ao,ao
t,t
s,s
eh,ah
iy,iy
t,k
f,f
f,f
er,eh
axr,er
nx,n
ih,iy
aa,aa
ih,ey
axr,r
uh,ix
ah,aw
axr,axr
th,th
ih,ih
tcl,dcl
aa,aa
ix,ix
f,f
axr,er
pcl,tcl
ah,ae
dh,d
ay,ay
dcl,dcl
jh,ch
z,z
dh,dh
ah,ow
n,n
pcl,kcl
pcl,kcl
l,l
ay,ay
tcl,tcl
aa,aa
tcl,tcl
pcl,pcl
k,k
er,er
iy,iy
g,k
n,n
ih,ax
ey,ey
jh,t
ae,ae
r,r
s,s
tcl,w
dcl,tcl
p,p
pcl,p
m,m
v,v
ax,l
dx,dcl
ix,ix
ae,ae
k,k
m,m
n,m
l,l
ao,ao
uw,uw
n,n
ax,ax
dx,dx
n,m
w,r
ay,ay
jh,jh
ux,ix
ih,ey
iy,iy
r,r
w,w
s,s
w,l
iy,iy
ah,ah
ix,ey
kcl,kcl
ay,ay
kcl,dcl
iy,iy
dh,v
iy,iy
ix,ix
axr,r
n,n
ao,ao
axr,r
z,v
v,v
eh,ah
w,w
th,th
ae,aw
n,en
uh,ow
tcl,dx
ix,ix
l,l
ae,ae
ax,ax
s,s
en,n
ax,ax
iy,ix
dh,dcl
ao,ao
ih,ih
p,g
dx,dx
s,z
ay,ey
w,w
ix,ix
z,z
s,s
tcl,kcl
ao,ao
aa,aa
p,p
n,n
g,k
n,n
dcl,q
n,m
dx,dx
q,q
k,k
k,k
ey,ey
hv,hh
kcl,kcl
tcl,v
f,f
r,r
s,s
ow,ow
q,r
tcl,kcl
ao,ao
iy,iy
n,n
gcl,bcl
ix,axr
ah,ah
f,f
t,t
axr,er
n,n
ey,eh
eh,eh
ey,ey
ey,ey
bcl,bcl
tcl,tcl
axr,r
eh,eh
kcl,kcl
ae,ae
er,er
z,z
r,r
ow,el
ao,ax
s,s
t,t
ao,ao
oy,oy
r,r
ey,ey
ax,ax
kcl,kcl
nx,n
s,z
n,n
l,l
s,s
iy,iy
r,r
hv,hv
ix,ix
ae,ae
r,r
eh,er
dcl,dcl
ey,ey
th,t
iy,iy
kcl,kcl
ah,l
ix,ih
w,w
tcl,tcl
dcl,dcl
dcl,dcl
f,f
ih,r
tcl,th
v,v
dcl,dcl
ae,ae
dcl,gcl
g,k
ih,ih
axr,er
g,dh
ey,ey
ax-h,ax-h
ao,aa
iy,iy
ae,ae
ao,ao
n,ng
w,w
eh,eh
tcl,tcl
oy,ay
k,k
ax,ax
ih,ix
tcl,kcl
m,m
iy,iy
g,g
s,s
ng,ng
t,t
eh,eh
n,n
iy,iy
tcl,tcl
ix,ih
s,s
t,t
ax,ah
iy,iy
th,s
tcl,tcl
ax,ah
aa,aa
q,q
ay,aa
bcl,pcl
l,l
dh,ix
bcl,bcl
th,kcl
kcl,kcl
z,s
iy,iy
r,r
tcl,tcl
dcl,dcl
axr,axr
r,r
k,k
m,n
ow,el
r,r
eh,eh
eh,ih
dh,n
m,n
aa,aa
z,s
aa,aa
iy,iy
w,w
ch,ch
w,w
ih,ih
r,r
sh,sh
r,r
ah,ah
dh,n
f,dh
q,q
q,tcl
b,v
ix,ix
ix,ih
m,n
g,g
dx,dx
r,r
f,pcl
el,el
ix,ix
k,k
z,z
z,z
iy,iy
q,q
dx,nx
q,q
l,w
w,w
ih,ih
p,p
d,d
r,r
ae,ay
oy,oy
n,n
v,v
iy,iy
dh,dh
ah,eh
y,iy
n,n
dh,v
ao,aa
er,r
iy,iy
ix,ix
uh,ax
iy,iy
aa,aa
t,t
ax,ax
tcl,tcl
t,d
f,f
hh,hv
l,l
m,nx
axr,axr
k,dh
uw,m
ae,r
t,t
m,m
dx,dx
l,l
hh,hh
k,k
kcl,kcl
jh,jh
s,s
m,m
ih,ix
ax,ix
ih,ih
v,v
tcl,tcl
ah,ow
tcl,tcl
r,r
t,t
ey,eh
l,l
w,w
f,f
bcl,dcl
tcl,tcl
kcl,kcl
ih,ix
pcl,tcl
ax,ax
s,s
z,z
ih,ih
ay,ay
k,hh
sh,sh
n,n
ah,ah
axr,axr
f,th
axr,ix
ix,ix
n,n
r,er
s,s
ae,ae
aa,aa
g,g
z,z
iy,iy
m,m
q,q
g,t
ix,ix
s,z
kcl,kcl
l,l
kcl,kcl
w,w
z,z
oy,ow
ih,ow
aa,eh
ih,ux
r,r
er,axr
iy,iy
ao,ao
q,q
kcl,kcl
ih,ih
z,z
ae,ae
gcl,en
sh,sh
eh,eh
hh,hh
m,m
n,n
l,l
s,sh
dx,dx
s,s
ih,ix
ax,l
aa,r
f,f
er,er
ix,ax
oy,oy
kcl,kcl
m,v
z,z
m,m
axr,axr
nx,n
pcl,gcl
l,l
pcl,pcl
r,r
iy,iy
ax,ax
oy,oy
w,l
f,f
hv,hv
d,tcl
axr,r
uh,ao
iy,iy
n,n
sh,sh
k,k
dh,dh
ay,ay
uh,oy
ax,ax
ch,ch
l,l
ih,eh
k,k
ix,ix
q,q
r,r
tcl,pcl
ih,ix
ix,ix
th,dh
b,p
ax,ih
n,n
pcl,n
dcl,dcl
r,r
hh,hh
kcl,kcl
t,t
w,w
iy,iy
iy,iy
kcl,tcl
k,k
ey,ey
q,tcl
q,q
t,jh
v,v
l,w
ao,ah
r,r
dh,t
s,s
ix,l
aa,aa
ow,ow
ah,ow
dcl,dcl
m,n
pcl,kcl
s,s
b,p
ah,ow
eh,eh
d,jh
pcl,kcl
pcl,pcl
dcl,dcl
ow,aw
f,f
hh,hh
dx,dx
r,r
iy,iy
ax,ix
w,w
k,k
s,s
dcl,dcl
s,s
iy,iy
ao,ao
ih,r
tcl,th
m,m
tcl,tcl
ax,ax
iy,iy
w,w
n,n
ao,aa
dcl,dcl
s,s
iy,iy
r,r
ao,ao
q,q
eh,ay
ch,ch
iy,iy
y,y
w,w
t,t
w,w
w,w
ix,ix
ao,ao
ih,eh
f,f
ey,ey
tcl,kcl
q,q
s,s
q,q
axr,r
ao,ao
f,f
ah,ao
l,l
ae,ae
s,s
ax-h,g
f,f
s,s
r,r
uh,ow
y,iy
ao,ao
ow,q
iy,iy
tcl,tcl
iy,iy
s,s
dcl,dcl
ix,ix
sh,sh
er,er
s,s
tcl,kcl
axr,axr
n,n
ae,ae
r,r
kcl,kcl
ah,ao
ae,ae
ih,ey
f,f
sh,s
dx,dx
ae,ae
ng,ng
l,ax
ix,ix
w,w
th,th
t,t
ux,ux
tcl,tcl
axr,r
w,w
tcl,dcl
ux,ux
m,m
ay,ay
iy,iy
eh,eh
l,l
ih,ix
m,n
iy,iy
s,s
th,th
ng,n
g,t
oy,oy
r,r
ix,ix
w,l
n,n
dx,dcl
k,k
ng,ng
q,q
g,g
w,w
kcl,kcl
ih,ux
ih,ae
r,ay
ih,ux
ix,ix
ix,ix
ay,ay
n,n
n,n
r,r
ix,ax
m,m
axr,r
er,er
n,tcl
n,n
eh,ae
tcl,dcl
s,s
n,n
k,k
n,n
ah,eh
m,m
ao,aa
r,r
k,p
s,s
z,dcl
s,s
axr,axr
z,z
axr,axr
ae,ae
g,w
y,y
tcl,pcl
ao,ao
z,v
tcl,tcl
m,m
r,r
eh,eh
k,q
l,l
ix,ix
z,s
iy,iy
ae,ae
iy,iy
z,z
s,s
r,axr
dcl,v
aa,aa
ux,ux
t,t
q,q
p,p
kcl,dx
th,th
p,p
g,dx
uh,el
ah,ah
axr,axr
sh,s
q,q
ix,ix
l,q
ay,ay
ih,eh
axr,axr
bcl,bcl
q,q
dcl,dcl
aw,aw
tcl,tcl
eh,eh
bcl,bcl
aa,aa
k,k
s,s
w,w
r,r
jh,jh
m,m
iy,iy
sh,sh
g,g
ng,n
m,m
n,dcl
ao,ao
n,tcl
ae,ae
m,n
iy,iy
dcl,dcl
l,l
tcl,kcl
l,l
s,s
t,k
m,m
ix,ix
n,n
hv,hv
pcl,kcl
th,dh
ng,ng
ix,ih
w,w
tcl,dcl
dh,v
iy,iy
axr,er
pcl,pcl
iy,iy
ix,ix
ng,dcl
iy,ux
ah,oy
kcl,kcl
l,l
ey,ey
ae,ae
ix,ix
w,w
ey,ey
ax,ah
l,l
m,m
tcl,tcl
pcl,pcl
ow,ow
v,v
v,v
eh,eh
pcl,pcl
ay,ay
uh,er
r,r
er,er
n,n
uh,uw
ix,ix
ow,ow
ih,ih
eh,ey
tcl,tcl
m,m
w,w
p,p
pcl,tcl
dcl,dcl
ax-h,ix
s,s
iy,iy
ux,ix
ih,ih
ah,eh
s,s
z,z
ix,ih
t,t
ao,ao
ix,ih
iy,iy
tcl,tcl
r,r
z,s
el,l
ih,ih
ah,ax
kcl,kcl
oy,oy
iy,iy
z,jh
n,n
n,n
ao,ao
tcl,p
er,ux
aa,aa
ey,ey
g,g
ay,ae
ah,eh
r,r
ix,ux
ax,ax
ah,ah
l,l
k,k
pcl,kcl
dcl,dcl
dcl,dx
axr,axr
ah,eh
ax,ax
l,l
ax,l
z,s
dh,v
ix,ix
ah,ah
ux,ux
r,r
ay,ay
l,q
iy,iy
bcl,bcl
ch,ch
q,q
th,z
z,z
ix,r
kcl,tcl
ah,ah
kcl,kcl
f,th
d,t
m,bcl
ih,ih
dcl,gcl
ay,ay
ih,ax
m,n
r,r
v,v
hv,hv
ax,ax
ix,ix
ow,ow
l,l
f,f
n,n
ng,m
dh,dh
r,gcl
ow,ow
z,s
pcl,f
s,s
tcl,m
pcl,kcl
l,l
iy,r
iy,iy
iy,iy
l,l
r,r
sh,sh
ix,ix
r,r
n,n
ah,ae
ux,iy
kcl,q
tcl,tcl
ux,axr
l,l
ih,eh
iy,iy
ih,ih
er,r
v,th
ng,n
r,r
q,q
dx,q
ow,ow
f,f
s,s
r,r
ae,eh
ih,ax
ao,ao
ow,ow
ix,ix
w,w
aa,aa
p,p
m,m
hh,p
z,z
z,z
l,l
w,l
pcl,kcl
dh,dx
r,r
ux,ux
l,q
tcl,kcl
eh,ae
q,q
dcl,kcl
ey,ey
s,s
ay,ay
axr,r
q,q
axr,axr
k,k
r,r
ey,ey
r,r
f,f
tcl,dcl
bcl,bcl
ix,ix
ah,ah
iy,iy
r,r
ax,ae
v,v
m,m
s,s
ow,w
l,l
aa,ah
r,r
l,ao
l,w
tcl,k
y,y
q,gcl
q,q
r,r
r,r
iy,iy
w,w
n,n
r,r
ix,ix
nx,n
dh,v
iy,iy
hh,hh
ix,ix
ng,ng
z,z
dcl,dcl
s,s
dcl,dcl
kcl,kcl
n,n
m,m
aa,ah
d,dh
ax,r
t,t
k,k
iy,iy
r,q
oy,oy
ah,ax
gcl,gcl
l,l
k,k
f,pcl
tcl,dh
ix,r
iy,ih
q,q
n,n
q,ix
l,w
eh,ey
n,n
zh,zh
aa,aa
w,w
axr,r
iy,iy
n,n
k,k
r,r
ow,ow
iy,iy
ey,ey
ah,ah
eh,ey
n,hv
l,l
k,k
aa,aa
iy,iy
f,f
tcl,tcl
s,s
n,n
ng,ng
er,er
ng,ng
dh,ix
ow,ow
l,l
ux,ih
z,z
p,p
q,q
ow,l
ch,ch
dh,n
dcl,dcl
eh,eh
ix,r
ix,q
dcl,dcl
tcl,kcl
w,n
sh,f
dcl,tcl
pcl,kcl
ae,ae
k,k
n,n
dh,dh
l,l
s,z
eh,eh
k,k
dh,dh
s,s
n,n
z,z
tcl,tcl
kcl,kcl
q,q
g,g
n,n
z,z
ng,ng
f,f
k,k
s,s
gcl,dcl
g,g
k,k
ih,ix
dcl,dcl
z,s
ow,ow
ah,ah
er,er
axr,r
ax,ax
t,t
l,ix
dx,dcl
aa,r
ix,hv
eh,r
er,axr
tcl,dcl
s,s
ah,eh
gcl,dcl
v,v
pcl,pcl
iy,iy
z,z
dh,dh
dx,dx
r,axr
dcl,dcl
r,r
n,n
ae,ae
r,r
tcl,tcl
eh,eh
ix,ix
sh,sh
ao,ao
w,w
bcl,bcl
ix,ux
ix,ix
pcl,kcl
g,ix
t,d
axr,er
iy,ey
l,v
aa,ao
ay,aa
ay,ay
w,w
ux,ux
ix,ix
s,s
eh,er
ow,ao
w,w
ix,ax
s,t
kcl,kcl
tcl,tcl
p,p
ix,ih
kcl,kcl
iy,iy
iy,iy
ax,ax
k,k
l,l
sh,sh
eh,ae
ix,ix
tcl,tcl
axr,axr
ao,ao
ix,ix
eh,eh
kcl,k
dx,dx
n,ng
s,s
k,k
uw,el
er,er
ix,ix
eh,eh
r,r
axr,axr
m,m
ix,ix
ih,axr
el,el
dx,dx
th,s
m,n
m,tcl
ah,ah
hh,hh
iy,ix
s,z
dh,th
ow,ax
w,w
l,l
ae,ae
uh,ah
aa,aa
eh,eh
w,w
dx,dx
l,l
iy,iy
ch,ch
s,s
z,z
s,z
bcl,n
g,k
ix,ax
g,q
el,l
iy,iy
oy,oy
ux,ih
eh,ah
l,ix
dcl,dcl
w,l
ih,ih
l,l
hh,hh
ih,ax
uh,ix
iy,iy
r,r
er,axr
dh,dx
ae,ae
tcl,tcl
y,y
n,n
ah,ah
ey,ey
y,iy
aa,ao
ix,ix
s,s
ix,ix
pcl,tcl
ax,ax
ey,ey
kcl,kcl
s,s
t,t
ae,ae
iy,y
z,s
er,axr
ao,ao
n,n
kcl,kcl
s,s
ix,ix
m,m
ng,n
ih,ae
ey,ey
y,y
s,sh
s,z
s,s
kcl,kcl
r,r
ih,eh
axr,r
s,s
p,p
ux,ux
n,n
bcl,n
n,n
q,q
dh,dh
hh,hh
aa,aa
q,tcl
ah,ah
ih,ih
ih,ix
sh,sh
s,s
ix,ix
kcl,kcl
y,hv
bcl,kcl
ix,ix
ux,iy
eh,ax
l,q
iy,iy
tcl,kcl
eh,er
dcl,dcl
p,p
l,l
er,axr
f,f
ow,ow
ix,ax
tcl,kcl
sh,sh
dcl,tcl
d,d
f,f
iy,ey
tcl,kcl
v,v
ix,ux
ah,l
en,dcl
tcl,n
f,f
s,s
n,q
y,iy
ix,eh
ix,iy
s,s
t,t
r,r
axr,r
ay,ae
ix,ix
r,r
m,m
s,s
kcl,kcl
k,k
s,s
axr,er
n,n
y,iy
tcl,tcl
ix,ix
k,k
v,v
s,s
ih,ix
ix,ix
ax,ax
dh,dcl
ih,ih
l,ax
dcl,dcl
aw,aw
kcl,kcl
zh,jh
l,l
ng,ng
w,r
dcl,dcl
v,v
dcl,dcl
r,r
l,l
v,v
w,r
q,q
tcl,kcl
axr,axr
ux,ih
ae,ae
ih,ux
ow,ow
f,f
sh,sh
f,f
iy,iy
s,s
dh,v
q,dx
aa,ay
ey,ey
k,jh
tcl,dcl
ah,ah
ix,ax
n,n
f,hh
bcl,bcl
ax,ix
ux,ih
n,m
s,s
s,s
sh,sh
er,er
el,l
kcl,kcl
ah,ah
axr,axr
tcl,tcl
pcl,pcl
l,l
s,s
s,s
dcl,dcl
kcl,kcl
ix,ih
dh,dh
iy,ix
q,g
aa,aa
l,l
d,d
ae,ay
t,t
tcl,dcl
n,ax
hh,hv
aa,ah
aa,aa
er,er
gcl,dcl
ay,ay
tcl,tcl
t,t
z,z
r,r
k,dh
m,m
ax,ax
r,r
b,p
dcl,dcl
m,ng
gcl,dcl
ih,ih
kcl,kcl
t,k
k,k
r,r
f,f
ix,ix
ao,ao
hv,hv
n,n
kcl,kcl
n,n
tcl,kcl
l,l
dcl,dcl
dx,n
l,l
tcl,ix
t,t
ay,ay
el,el
s,s
ux,ux
ih,eh
k,k
v,v
l,l
y,y
m,m
aa,aa
pcl,pcl
ax,ax
bcl,bcl
k,k
dcl,tcl
hv,hv
z,z
s,s
dh,dh
axr,r
ih,ih
k,k
r,r
t,t
n,n
el,el
ow,l
ey,ey
q,q
ay,l
axr,er
kcl,gcl
ao,ao
k,p
m,m
ah,ay
ao,l
k,k
ih,ey
ix,dcl
axr,axr
ay,aa
q,q
ix,ix
l,l
bcl,bcl
n,n
aa,aa
tcl,gcl
tcl,dcl
q,axr
n,dcl
oy,oy
eh,eh
iy,iy
er,r
n,n
dx,dx
eh,er
ae,ae
tcl,tcl
el,el
tcl,dh
l,l
gcl,gcl
ao,ao
t,t
kcl,kcl
tcl,tcl
iy,iy
r,r
uh,ax
dcl,bcl
dcl,dcl
r,r
iy,iy
eh,eh
w,l
ix,l
ih,ih
k,k
w,w
ax,ix
tcl,kcl
y,y
l,ax
dx,dx
s,s
uh,uh
aa,aa
kcl,kcl
tcl,pcl
n,n
l,l
dx,dx
y,ix
axr,ae
en,ix
t,t
l,l
r,r
ix,ix
b,b
el,l
y,iy
s,s
ux,ux
iy,iy
ux,ux
dcl,dcl
w,ax
p,p
iy,y
ih,ih
t,d
ay,aa
k,k
ih,ih
axr,ix
aa,aa
n,dcl
ae,ae
t,t
dcl,dcl
g,k
k,k
l,l
bcl,bcl
ay,ay
k,k
ao,ao
n,dcl
ow,ow
ix,ix
k,k
z,s
s,s
ae,ae
dh,dx
tcl,tcl
l,l
d,d
ux,uw
gcl,dcl
ae,ae
r,r
iy,iy
ay,ay
ay,ay
dcl,dcl
q,q
aw,aw
l,l
ae,ae
ay,ay
s,s
ix,axr
ay,ay
ow,ow
z,z
dcl,dcl
r,r
dx,dx
bcl,bcl
dcl,dcl
kcl,kcl
s,s
s,s
s,s
t,dh
er,er
ux,ux
pcl,tcl
l,l
axr,iy
tcl,kcl
iy,iy
r,r
ih,ae
ae,ae
kcl,kcl
m,bcl
l,l
r,r
z,s
ix,ih
axr,axr
ax,l
t,t
tcl,tcl
dcl,dcl
ax,l
th,f
gcl,r
axr,er
ax,eh
n,n
q,q
ix,eh
w,w
el,el
l,l
jh,jh
r,r
r,r
uh,ix
iy,iy
r,r
s,z
q,q
t,t
ih,axr
k,p
k,k
ae,ae
el,ow
s,z
gcl,tcl
ey,ey
n,ng
tcl,tcl
m,m
q,q
ay,ay
pcl,tcl
bcl,dcl
tcl,tcl
r,r
kcl,kcl
ix,ix
ow,l
eh,ow
s,s
ux,ih
q,q
r,er
l,w
axr,axr
l,l
w,w
ao,ao
v,v
l,l
s,s
ax,ah
w,w
er,er
t,t
s,s
er,er
l,w
hh,hh
dh,t
n,n
r,r
ae,ae
s,s
n,n
pcl,kcl
bcl,tcl
ux,ux
ao,ao
ay,ay
s,s
f,p
axr,axr
l,ix
m,m
z,s
bcl,dcl
tcl,kcl
n,dx
ao,uw
ih,ey
ch,ch
eh,ih
ix,ix
f,f
t,t
ae,ae
l,l
eh,ae
ix,ix
hv,hv
kcl,gcl
aa,ao
k,p
w,l
ow,ow
q,q
l,w
r,r
iy,iy
l,l
sh,sh
m,n
w,w
el,ao
ih,ix
dx,dx
ax,ax
m,m
dcl,dcl
ae,ih
ah,ah
m,m
dx,dx
ix,ix
nx,n
kcl,tcl
pcl,th
kcl,kcl
t,t
bcl,bcl
th,th
ix,ix
ix,ix
t,th
ah,ah
ix,ix
gcl,dcl
n,m
r,r
n,n
dcl,dcl
ix,ix
dh,t
z,z
n,n
el,l
s,s
ix,eh
iy,iy
ow,ow
ow,ow
l,l
ih,ix
ux,iy
tcl,tcl
ey,ey
ix,ix
k,k
iy,iy
hv,dx
ey,ey
ix,q
ux,iy
ih,ix
k,g
ey,ey
q,q
er,er
ow,ux
sh,sh
aa,aa
n,en
d,hh
f,f
t,t
nx,nx
n,n
s,z
dx,dx
aa,ah
ih,ix
ah,ah
ih,ix
aa,aa
iy,iy
eh,eh
s,s
tcl,tcl
kcl,kcl
ow,ow
iy,iy
iy,iy
tcl,tcl
ow,axr
q,q
s,s
axr,axr
k,k
ey,iy
ay,ay
s,s
sh,sh
kcl,kcl
ae,ay
ah,ae
kcl,kcl
z,z
ih,ih
ih,ix
n,n
ah,ah
ix,ix
dh,dx
q,q
ow,ah
ax,ax
dcl,dcl
s,s
ih,ix
ih,ix
r,r
l,l
ax,el
pcl,pcl
r,r
s,s
s,s
m,m
ih,ix
g,g
s,f
iy,iy
r,l
n,m
k,k
axr,axr
ix,ih
hh,hh
ix,ix
n,n
f,f
ey,ey
ao,ao
ih,ix
jh,jh
w,w
tcl,kcl
gcl,dcl
w,w
gcl,gcl
n,n
dcl,dcl
r,r
w,w
sh,sh
aa,aa
axr,axr
dcl,dcl
eh,eh
sh,sh
n,n
f,f
iy,iy
ix,ix
r,r
ae,ae
kcl,kcl
p,p
z,sh
ae,ae
y,y
w,w
k,k
iy,ix
n,n
s,s
ao,aw
z,s
tcl,kcl
ao,ao
n,n
eh,ih
jh,ch
pcl,pcl
r,r
s,s
sh,sh
l,n
bcl,bcl
ih,ih
iy,iy
ih,ey
th,kcl
dh,n
iy,iy
k,k
sh,sh
ax,l
w,w
kcl,kcl
v,v
ae,ae
axr,axr
gcl,bcl
iy,ix
dh,dh
ay,ay
hv,hv
z,s
axr,ay
er,er
r,l
ih,ih
ey,ey
q,q
f,s
w,w
eh,eh
ow,ow
s,s
y,y
ax,ix
iy,iy
ih,iy
pcl,pcl
dcl,kcl
n,n
ah,ay
ax,l
dx,gcl
r,r
tcl,q
v,v
ey,ey
axr,er
s,s
pcl,tcl
iy,iy
uw,ao
ey,ey
aa,aw
l,l
ih,ix
dcl,tcl
w,w
v,v
sh,sh
ch,ch
en,n
ah,ah
ae,ae
r,r
ae,ae
q,q
er,er
s,s
ao,ao
s,s
iy,iy
tcl,tcl
l,l
aa,aa
z,z
m,n
y,y
tcl,tcl
tcl,pcl
iy,iy
kcl,kcl
ay,ay
ix,ix
ey,ey
l,l
n,n
aa,aa
dh,v
y,y
ow,l
iy,iy
r,aa
s,s
zh,sh
z,z
q,q
aw,aw
aa,aa
dcl,gcl
d,dh
tcl,kcl
l,l
tcl,kcl
z,s
ux,ux
ay,ay
l,l
ng,ng
bcl,bcl
n,n
ih,ix
d,dh
gcl,dcl
ae,ae
axr,r
r,r
t,t
s,s
l,l
w,w
ay,ay
tcl,kcl
s,s
p,hh
s,s
t,t
eh,eh
ao,oy
pcl,tcl
s,s
iy,iy
tcl,z
th,th
dh,dh
eh,eh
bcl,v
uw,uw
tcl,kcl
q,r
kcl,kcl
er,er
tcl,kcl
g,g
k,k
m,n
dcl,dcl
oy,oy
ix,w
v,v
w,w
ux,ux
l,l
kcl,pcl
k,k
ae,ae
l,l
gcl,kcl
jh,jh
dcl,tcl
m,m
l,ao
k,k
ao,w
uh,ow
k,k
dh,v
bcl,bcl
kcl,kcl
r,r
oy,oy
z,z
l,w
t,t
ae,ae
kcl,kcl
ah,aw
axr,er
ax,ax
ah,ah
l,l
kcl,kcl
ih,ih
w,l
q,q
ix,eh
hh,hh
eh,eh
m,m
n,n
ih,ih
m,m
n,n
z,z
l,l
s,s
aa,ao
pcl,pcl
z,z
ae,ae
l,l
dx,dx
r,r
k,k
ay,ah
ah,eh
r,r
p,p
dh,t
aw,aw
m,m
ae,ay
p,p
hh,p
d,q
q,q
ix,ix
m,m
dcl,dcl
w,w
f,f
k,k
kcl,kcl
en,m
n,n
ao,aa
q,q
er,er
n,n
ae,ae
m,r
ix,ux
s,s
dcl,gcl
iy,iy
ih,ax
n,n
s,s
z,z
ao,ao
uw,ux
iy,ix
ax,ix
gcl,n
hv,hv
eh,eh
kcl,kcl
s,s
tcl,tcl
ae,ae
y,y
y,y
m,m
ao,ao
ay,ay
ix,ah
kcl,kcl
bcl,dcl
w,w
ix,ix
dx,dx
iy,iy
er,eh
iy,ix
t,t
iy,iy
ay,ay
n,n
d,t
g,g
t,t
iy,iy
ey,ey
hv,hv
bcl,v
ix,ix
s,s
s,s
eh,eh
jh,ch
dcl,v
axr,axr
r,r
dh,dh
y,iy
z,s
ay,ay
z,z
ix,l
n,n
ay,ay
zh,z
l,el
ih,iy
iy,iy
n,n
el,ih
ix,ix
eh,ih
f,f
s,s
s,s
n,n
sh,sh
k,k
k,k
gcl,n
dh,kcl
ch,ch
ay,ay
pcl,pcl
w,w
l,l
ey,ey
tcl,dcl
bcl,bcl
hv,hh
ih,ih
t,t
ch,jh
hh,hh
aa,aa
tcl,kcl
n,dcl
k,k
q,q
ae,ae
ix,ix
gcl,dcl
iy,iy
ah,ix
sh,sh
m,m
dh,dh
eh,ah
ay,ay
tcl,tcl
n,n
s,s
th,d
ah,ah
r,r
iy,iy
kcl,kcl
ow,ow
jh,jh
k,k
tcl,k
tcl,tcl
l,l
dx,dx
k,k
pcl,kcl
eh,ae
ow,ow
ih,ix
l,aa
dcl,dcl
l,l
eh,eh
s,s
l,l
w,w
aa,ae
eh,ix
w,l
ax,l
ao,ao
sh,sh
ow,ow
ix,ix
ax,ix
s,s
r,r
m,en
gcl,kcl
ix,ix
dx,kcl
ax,axr
ix,ix
z,z
hh,hh
k,k
d,t
gcl,dx
l,l
w,l
r,r
n,n
l,l
z,s
ey,ey
l,n
g,g
m,m
eh,eh
ae,ae
ix,ix
k,p
dh,t
th,th
r,r
ix,ih
el,el
r,r
l,l
tcl,dcl
eh,eh
s,s
ix,ix
ao,ao
s,s
ix,ix
k,k
q,q
aa,aa
aa,aa
t,t
dcl,dcl
aa,ao
q,q
eh,l
eh,eh
d,k
y,iy
er,axr
n,v
y,y
l,ax
axr,er
s,s
ah,ah
ax,ix
m,n
iy,iy
b,p
aa,aa
iy,ix
r,r
kcl,kcl
ae,ae
ax,ix
sh,sh
q,q
eh,eh
ow,ow
iy,iy
iy,iy
tcl,dcl
l,l
hv,hv
aa,aw
ix,ix
iy,iy
axr,r
ae,ae
eh,ah
z,s
aw,ae
ax,ah
ow,ow
f,dcl
s,s
pcl,kcl
axr,ay
ao,aa
ih,ix
f,f
n,n
dcl,dcl
ch,ch
f,f
q,tcl
ao,ah
f,f
s,s
ix,ix
sh,ch
n,n
ix,ix
n,gcl
d,t
ow,ow
r,r
q,q
ix,ey
ah,ah
iy,iy
kcl,dcl
dcl,dcl
ih,ix
hh,hh
ey,ey
dx,dx
l,el
r,r
k,jh
ay,ay
n,n
dx,dx
ay,ay
axr,axr
ux,ix
l,w
ah,l
gcl,gcl
kcl,kcl
ay,ay
ay,ay
el,l
ay,ae
pcl,tcl
r,r
kcl,kcl
r,r
n,n
dcl,bcl
l,ix
z,z
r,ix
kcl,kcl
aa,aa
q,q
pcl,pcl
r,r
ax,axr
n,ng
ey,iy
dcl,dcl
ow,ao
r,r
n,n
l,l
eh,eh
el,el
t,t
r,r
kcl,kcl
kcl,kcl
iy,iy
ng,n
ey,ey
y,w
dcl,dcl
ao,ao
ix,ix
ax,ow
ix,ix
ix,ix
el,l
ix,ax
ax,ax
ah,ah
th,s
gcl,gcl
l,l
aa,aa
kcl,kcl
ae,ae
l,ax
ux,ih
eh,eh
p,p
th,th
dcl,dcl
ey,ey
ao,ao
tcl,dcl
ao,ow
m,m
aa,aa
eh,eh
ng,n
kcl,tcl
p,p
tcl,kcl
ao,ao
k,k
p,f
hh,hh
l,ax
dcl,kcl
m,n
ax,ax
ae,eh
aa,aa
q,q
ay,ao
pcl,kcl
bcl,bcl
pcl,tcl
aa,aa
iy,iy
k,d
gcl,dcl
ey,ey
ih,ih
aw,aw
m,l
m,m
eh,eh
eh,eh
ih,ih
ih,ih
ae,ae
ae,r
ax,l
aa,aa
ae,ae
q,q
ix,ix
ae,ae
n,n
iy,iy
n,m
iy,iy
r,r
ae,ae
n,n
ay,ay
tcl,kcl
nx,n
l,l
ax,ah
tcl,tcl
jh,sh
l,l
iy,iy
k,t
kcl,kcl
hh,hh
r,ao
w,w
r,r
r,ix
eh,eh
ih,iy
eh,eh
l,w
nx,l
z,z
eh,ih
s,s
tcl,tcl
ix,ix
f,f
z,z
ow,l
iy,iy
ax-h,v
ix,ix
ix,ih
s,s
th,f
r,v
gcl,n
ix,ix
ih,ix
kcl,kcl
k,k
hh,hv
aw,ow
z,s
ao,aa
ix,ix
q,q
eh,ae
bcl,kcl
er,er
axr,axr
ey,ey
hh,hh
gcl,n
dcl,tcl
eh,ix
ay,ay
gcl,dcl
dx,dx
dh,dx
eh,eh
ix,ix
l,l
tcl,kcl
t,t
iy,iy
dcl,dcl
q,q
ux,uw
ix,ix
ey,ey
ah,ah
gcl,kcl
eh,eh
z,z
k,t
dcl,dcl
ix,ix
w,w
l,l
ix,ix
m,m
b,p
f,f
w,w
ay,ay
k,k
l,ao
ix,ix
v,v
iy,iy
r,r
iy,iy
dh,dh
ax,r
sh,sh
n,nx
n,n
bcl,bcl
iy,iy
k,k
kcl,kcl
f,f
bcl,pcl
ah,ah
n,n
bcl,bcl
kcl,pcl
ow,ow
hv,hv
ix,ix
aa,ao
ix,ix
ey,ey
z,th
p,hv
aa,aa
p,p
l,l
t,t
iy,iy
axr,axr
r,l
bcl,bcl
t,t
ix,ix
ao,ao
uh,axr
l,l
ih,ih
eh,eh
iy,iy
sh,sh
ey,ey
sh,sh
ax,r
m,m
em,m
ah,ah
iy,iy
dh,dh
m,m
k,k
gcl,dcl
s,z
ow,ow
t,t
t,t
iy,iy
eh,eh
m,m
ah,ax
l,l
axr,hv
l,l
s,s
ae,eh
bcl,n
k,k
k,k
v,v
gcl,gcl
axr,r
ih,ix
z,z
iy,ix
w,l
s,s
eh,ae
ix,ix
s,s
dcl,dcl
aw,aw
tcl,kcl
w,w
ix,ix
gcl,dcl
th,th
dh,dh
r,r
y,iy
w,w
g,k
dcl,tcl
z,s
ey,ey
f,f
ae,aw
ix,en
l,l
z,dh
l,m
ao,ao
v,v
bcl,bcl
ax,eh
gcl,gcl
sh,sh
ux,ux
s,s
r,r
bcl,v
sh,sh
ix,ix
n,l
l,l
th,f
ax,ax
l,l
hv,hv
ao,ao
tcl,gcl
p,k
ay,ay
n,n
r,r
iy,iy
q,q
iy,iy
ae,ae
ix,ix
z,z
bcl,bcl
y,y
ix,ix
ae,ae
ix,ix
eh,eh
d,p
l,q
l,l
ux,ux
r,r
s,s
s,s
n,n
k,k
y,y
ih,ix
q,q
ax,ix
bcl,bcl
f,f
ch,ch
bcl,m
m,m
kcl,kcl
ax,ax
pcl,pcl
iy,iy
r,r
oy,oy
nx,dx
kcl,kcl
ix,ax
r,r
r,r
w,w
f,s
axr,er
er,er
em,m
d,d
sh,sh
k,k
ix,ix
ay,ay
ey,ey
m,m
gcl,w
dx,dx
aa,aa
ax,r
n,n
uw,w
ax,ix
n,n
ix,ix
ng,ng
l,l
dx,dcl
gcl,gcl
z,z
q,l
w,hv
eh,ae
aa,aa
r,r
iy,iy
ix,ih
ao,ao
ng,ng
l,l
dh,dh
sh,sh
ux,er
r,r
z,s
iy,iy
kcl,kcl
ix,ix
ih,ih
ao,aw
ax,ax
tcl,kcl
t,t
ae,ae
ah,ah
ax,ax
y,ih
kcl,kcl
ux,ux
dcl,dcl
w,w
tcl,tcl
dx,dx
n,n
jh,ch
ow,ow
ix,ix
ux,ux
ux,ux
ao,aa
dcl,dcl
ay,ay
kcl,kcl
bcl,dcl
tcl,tcl
ix,eh
kcl,kcl
m,n
axr,axr
n,m
d,g
l,l
z,s
ix,iy
s,s
s,s
eh,ae
t,t
l,l
s,s
ah,ae
n,n
dcl,dcl
aa,ao
ix,ix
kcl,kcl
kcl,kcl
ao,r
ih,ah
ay,oy
w,w
ux,iy
ix,ix
t,d
r,r
aa,aa
iy,ay
ix,ix
k,s
m,n
tcl,gcl
ao,ae
ax,ix
nx,n
n,m
dcl,gcl
r,r
kcl,tcl
ix,ix
s,s
tcl,k
tcl,tcl
q,q
t,t
iy,iy
uw,ux
iy,iy
iy,ey
q,q
l,ow
z,s
hv,hv
l,bcl
q,q
dcl,dcl
er,er
l,l
ao,ao
ao,ao
ih,ix
pcl,tcl
bcl,bcl
iy,iy
l,w
p,hh
iy,iy
l,l
ux,n
zh,zh
p,f
gcl,kcl
en,n
el,el
er,aa
w,w
ch,z
ih,l
ax,l
ey,ey
hv,hv
s,s
iy,iy
pcl,pcl
dcl,dcl
ih,ix
l,l
m,bcl
tcl,kcl
ix,ix
sh,sh
ix,iy
d,d
n,n
eh,r
n,en
v,v
ae,ae
k,k
ih,ih
n,n
gcl,gcl
dcl,dcl
l,l
ax,ix
s,s
uw,r
el,uw
k,k
ih,iy
ah,ah
iy,iy
eh,ix
ih,ey
tcl,tcl
n,n
l,ax
q,q
ch,jh
y,y
t,t
m,m
axr,r
axr,axr
m,m
ax,q
r,r
ih,ih
z,th
k,kcl
el,l
ix,ix
ix,ix
z,z
ix,ax
r,r
ao,ao
z,z
hh,hh
m,dcl
ah,r
k,k
z,z
pcl,pcl
v,kcl
jh,d
z,z
r,r
axr,axr
pcl,pcl
ao,ax
aa,aa
ay,ay
w,w
ih,ih
s,s
ix,iy
k,k
bcl,bcl
nx,dx
z,s
t,t
ax,ax
aw,aw
aw,ow
ey,ey
r,r
s,s
sh,sh
g,g
iy,iy
ow,ow
kcl,tcl
ao,w
f,f
s,z
iy,iy
m,q
w,q
bcl,bcl
en,n
ae,ae
m,m
q,dcl
uh,uh
ow,l
s,s
ow,ow
d,t
tcl,dcl
p,dh
ay,ay
ax,ax
iy,iy
n,n
ao,ao
s,s
s,s
l,el
z,z
tcl,kcl
l,uw
f,th
ao,ao
gcl,gcl
t,jh
m,m
f,th
n,n
gcl,gcl
l,l
jh,jh
dcl,gcl
t,t
dx,dx
v,v
iy,iy
iy,iy
m,n
eh,eh
q,q
eh,eh
sh,sh
dx,dx
v,v
f,th
q,q
pcl,kcl
l,l
hv,hv
dcl,pcl
iy,iy
bcl,pcl
n,n
ey,ey
aa,aa
bcl,dcl
ix,ix
dcl,gcl
r,r
ix,ey
dcl,dcl
iy,ih
ch,s
iy,iy
ae,ae
hh,hh
ow,ow
hh,p
ah,ah
l,w
ih,ix
n,n
t,t
ux,ux
tcl,tcl
n,n
dx,dx
tcl,tcl
er,er
tcl,kcl
l,l
iy,iy
w,w
d,t
l,w
iy,ix
m,m
ix,ih
kcl,kcl
y,iy
p,k
s,s
ax,eh
r,axr
sh,sh
q,q
aw,aw
jh,jh
pcl,gcl
ae,ae
ax,ah
r,r
eh,eh
el,l
dcl,dcl
t,dh
q,q
ix,ah
ih,ix
g,k
f,f
q,q
z,z
tcl,tcl
q,q
tcl,pcl
kcl,kcl
m,n
l,l
dh,v
tcl,tcl
iy,iy
y,y
ey,ey
n,m
sh,sh
axr,axr
n,n
ae,ay
iy,iy
z,s
tcl,tcl
s,s
d,k
l,l
ah,ah
z,s
ae,ae
el,el
ow,ow
l,l
dh,dh
t,t
sh,z
dcl,dcl
ih,iy
ah,ay
tcl,tcl
w,w
k,k
v,v
n,n
m,n
tcl,kcl
k,k
ax,r
r,axr
s,jh
s,s
p,p
ah,ax
iy,iy
hh,hh
ow,ow
hh,hh
p,p
aa,aa
gcl,gcl
kcl,kcl
kcl,kcl
iy,ey
r,r
n,n
eh,ih
q,q
jh,jh
axr,axr
n,n
ao,r
ix,ih
iy,iy
v,v
w,w
z,s
n,nx
r,r
tcl,gcl
tcl,tcl
ey,ey
s,s
sh,sh
ah,eh
t,t
er,er
th,dh
q,kcl
bcl,bcl
gcl,dcl
pcl,kcl
l,l
jh,t
ow,ow
s,s
dh,v
v,v
sh,s
q,q
hh,t
iy,iy
bcl,bcl
m,bcl
eh,ix
f,sh
ux,ux
ih,ih
ay,oy
iy,iy
dcl,dcl
s,s
ah,ah
ah,ah
ng,n
tcl,tcl
iy,iy
s,s
iy,iy
ix,ix
m,m
ax,ix
aa,aa
f,f
kcl,kcl
r,r
t,t
z,z
r,ah
dcl,dx
ay,ay
ix,ix
n,n
pcl,tcl
tcl,tcl
ow,ow
ix,iy
ax,ix
f,f
pcl,m
n,n
hh,hh
ow,ow
n,m
axr,ix
q,q
ng,r
tcl,q
tcl,kcl
ih,ih
s,s
tcl,tcl
dh,t
ey,ey
ao,aa
ay,ay
n,n
dx,k
n,n
ay,ae
ae,ae
gcl,gcl
ix,ix
t,t
v,v
eh,eh
d,tcl
hh,sh
ey,ey
tcl,tcl
q,q
iy,iy
iy,iy
iy,y
jh,jh
t,t
hv,hv
kcl,kcl
m,n
iy,iy
ix,ih
dh,v
aa,aa
dcl,gcl
q,q
ng,n
k,g
sh,sh
ix,ax
ih,ix
axr,r
z,s
s,s
ax,l
gcl,tcl
pcl,pcl
kcl,kcl
ih,ih
aa,aa
l,n
ix,ix
t,t
ix,ax
r,axr
kcl,q
ix,ih
r,r
g,k
k,k
q,q
dcl,dcl
v,dx
tcl,m
ey,iy
p,p
ao,ao
tcl,tcl
ax,ih
dcl,dcl
q,q
ow,l
th,th
ax,ax
aa,aa
g,jh
kcl,kcl
q,tcl
t,k
n,n
ih,iy
z,z
pcl,n
sh,sh
ao,ao
bcl,m
ah,ah
ih,ih
ae,ae
axr,er
q,dcl
ao,ao
hh,hh
ay,ay
jh,s
w,w
kcl,kcl
gcl,kcl
dx,dx
y,y
l,l
ao,ao
er,axr
er,axr
ah,ah
iy,iy
aw,aw
q,q
uh,ah
p,p
z,s
t,t
ix,ax
t,d
n,ng
s,s
t,t
l,el
r,r
ix,ix
w,w
dh,ix
ix,ix
gcl,dcl
eh,eh
z,s
s,s
jh,d
dcl,tcl
tcl,q
hv,hv
sh,sh
r,r
dcl,dcl
s,s
l,l
ix,ix
aa,ao
tcl,tcl
ix,iy
ax,ix
uw,ih
l,l
hv,kcl
iy,iy
iy,iy
l,l
y,y
axr,r
dcl,dcl
g,g
n,n
ix,ix
el,l
ay,ae
aa,aa
tcl,dcl
t,v
ix,ix
axr,er
eh,ah
ae,ae
eh,eh
g,jh
aa,aa
tcl,dcl
ih,ah
ux,iy
iy,iy
ao,ao
kcl,tcl
ey,ey
er,er
k,k
kcl,kcl
iy,iy
hh,hh
r,r
hh,hh
ix,ix
hv,hv
y,y
pcl,tcl
tcl,kcl
r,r
ax,ah
ax,ae
n,n
l,l
q,q
k,g
ih,eh
ix,ix
g,k
p,p
n,n
axr,axr
ix,ix
l,l
sh,sh
r,axr
kcl,kcl
aa,aa
t,ch
iy,iy
l,q
q,q
q,l
pcl,th
aw,ah
l,l
s,s
kcl,kcl
ay,ay
eh,ih
ng,ng
ix,iy
ux,iy
hh,hh
s,s
m,n
en,en
r,l
y,iy
r,r
ix,ix
z,z
iy,ey
ax,ah
er,er
ey,ey
ix,iy
pcl,pcl
jh,jh
ay,ay
n,n
ey,ey
m,m
m,m
r,r
dx,dx
ix,ix
iy,iy
kcl,kcl
s,s
kcl,kcl
m,m
r,r
ao,ao
kcl,tcl
pcl,pcl
l,w
ix,ix
p,p
bcl,bcl
s,s
dcl,dcl
s,f
sh,sh
tcl,tcl
p,p
ay,ay
n,nx
q,q
tcl,pcl
k,g
dcl,dh
ix,ix
iy,iy
gcl,dcl
hv,hv
s,s
kcl,kcl
tcl,kcl
kcl,kcl
aw,aa
ay,ay
s,s
tcl,tcl
ix,iy
s,s
tcl,tcl
ih,ih
ix,ix
r,r
ix,ix
f,f
k,k
ih,ih
dh,z
er,er
ao,ao
f,f
t,t
iy,iy
axr,aa
aw,q
axr,axr
r,r
dcl,d
z,z
q,q
ow,el
sh,sh
iy,iy
w,w
t,t
ao,ao
ix,iy
s,s
tcl,kcl
t,hh
ih,ih
ax,ax
n,n
iy,ix
ax,ax
b,p
k,k
ah,aw
gcl,gcl
r,r
sh,s
q,q
dcl,dcl
q,n
l,l
s,z
tcl,tcl
pcl,tcl
sh,sh
ah,ax
n,n
ay,ay
sh,sh
eh,iy
w,w
ix,ux
ix,iy
d,d
l,l
z,sh
eh,ae
m,m
p,k
z,z
ax,dh
f,f
uh,w
ax,ax
ae,ae
l,l
q,q
w,w
z,s
uw,ow
q,q
bcl,tcl
er,er
dh,dh
v,v
ax,ax
n,n
tcl,v
v,ax
jh,jh
z,tcl
q,q
r,r
ow,ow
eh,ae
s,s
ow,ow
ax,ax
dh,dh
ux,iy
tcl,tcl
iy,iy
p,p
z,s
ao,ao
axr,er
sh,sh
ey,ey
aa,ay
n,en
s,s
p,p
iy,iy
pcl,pcl
f,f
bcl,pcl
iy,iy
ay,ay
r,r
iy,iy
hh,hh
ax-h,ax-h
z,z
y,y
uw,ux
axr,er
ng,nx
y,g
gcl,tcl
sh,sh
ix,ix
eh,eh
l,l
ao,ao
uh,r
pcl,tcl
ae,ae
ow,ow
d,t
n,n
dcl,dcl
gcl,bcl
n,n
n,n
kcl,kcl
aw,ae
s,s
ix,ix
kcl,kcl
q,q
s,sh
r,r
kcl,tcl
ih,ih
s,s
ao,ao
iy,ix
f,th
m,m
dcl,dcl
s,s
tcl,kcl
iy,iy
ax,ax
k,k
iy,iy
v,f
pcl,kcl
axr,r
hh,hh
hv,hv
m,m
p,p
ax,ix
g,g
m,m
iy,iy
eh,ae
jh,jh
ix,tcl
q,q
iy,iy
ow,l
ao,ao
l,l
ow,ow
z,z
kcl,dcl
l,l
th,kcl
er,er
hh,hh
ah,ah
kcl,kcl
ix,ix
b,l
pcl,pcl
ay,ay
ch,t
t,t
el,ax
ao,ao
g,g
ih,ix
iy,iy
l,l
ih,ix
ih,ae
ix,ix
axr,axr
m,m
ng,m
kcl,kcl
s,s
t,d
k,t
f,f
ax,q
w,m
ih,ih
l,l
iy,iy
iy,y
f,th
g,g
t,tcl
s,s
r,r
ix,ix
s,z
d,t
ae,ae
z,z
ah,eh
s,th
r,r
er,axr
ih,eh
ay,ay
eh,ix
axr,er
ax,ax
eh,ae
eh,eh
dcl,dcl
ao,ah
w,w
ae,ae
er,axr
ix,ix
s,s
ow,ow
m,n
q,q
l,ax
y,y
t,t
ix,ax
p,p
z,s
q,q
axr,ah
axr,axr
r,r
tcl,tcl
ih,ih
r,r
ix,ix
q,q
t,t
ax,r
pcl,tcl
t,dh
t,t
r,r
pcl,pcl
tcl,kcl
r,ax
pcl,kcl
v,v
hh,hh
p,p
kcl,kcl
q,q
ih,ix
ih,ih
r,r
sh,s
dx,dx
tcl,tcl
s,s
s,s
k,k
ao,aa
kcl,tcl
m,n
ao,ao
aa,ah
bcl,kcl
n,n
l,w
v,dcl
r,r
r,r
ah,ah
iy,iy
ax,ih
iy,iy
ix,ax
ax,ax
n,n
n,n
dx,dx
gcl,v
kcl,kcl
pcl,kcl
n,n
ah,ao
r,r
n,ng
ng,n
aw,aa
tcl,dcl
iy,iy
axr,ah
pcl,tcl
ao,ao
ux,ih
k,k
axr,r
ax,ax
ih,iy
n,n
hh,hh
v,v
z,z
er,er
n,n
l,iy
n,n
gcl,gcl
w,w
s,s
bcl,bcl
aa,r
r,r
q,q
aa,aa
tcl,q
dcl,tcl
l,l
k,k
ix,ix
q,q
ae,ae
ao,aa
r,r
tcl,tcl
z,th
s,s
en,gcl
hv,hv
ng,ng
k,k
pcl,pcl
s,s
s,s
iy,y
q,q
r,r
dcl,dcl
axr,er
l,l
gcl,dx
ey,ey
ow,aw
r,r
ae,ae
aa,aa
tcl,q
ix,ix
ix,ax-h
g,g
iy,iy
ah,ah
eh,ix
ix,ix
iy,iy
k,k
dcl,kcl
dcl,kcl
th,q
t,ch
iy,iy
k,k
l,l
r,r
ix,ix
ow,ow
axr,r
ah,ah
ch,ch
kcl,kcl
y,y
r,r
ax,w
l,l
w,w
en,n
r,r
t,dh
dcl,dcl
ix,ix
n,n
n,n
iy,iy
ih,iy
ow,ow
f,f
ao,ay
p,p
ix,ix
n,ix
iy,iy
hv,v
ix,ix
th,th
r,r
ax,ax
v,v
ah,ah
ae,ae
k,k
r,r
dcl,dcl
ax,ah
iy,iy
s,s
axr,axr
s,s
pcl,pcl
q,ix
ao,ao
ae,ae
l,l
iy,iy
ix,ow
aa,aa
n,n
n,dcl
r,r
pcl,dh
ah,ah
oy,oy
l,l
l,l
n,n
ah,r
bcl,kcl
gcl,dcl
aa,aa
ih,ix
el,ow
iy,y
iy,ey
dcl,dcl
hh,dh
k,k
iy,iy
n,n
ah,ay
ih,ih
aa,aa
ao,ao
ix,ix
pcl,pcl
s,s
ix,ih
s,s
iy,iy
ae,ae
ao,ao
kcl,gcl
gcl,gcl
l,l
ah,ah
l,l
dcl,dcl
r,er
m,m
ow,ow
en,en
ix,ix
z,s
er,er
ax,ax
ix,ix
kcl,kcl
ay,ay
pcl,pcl
tcl,f
pcl,pcl
ng,n
kcl,kcl
g,k
bcl,bcl
z,z
ow,ow
gcl,gcl
r,r
ow,ow
iy,iy
ih,ih
s,sh
iy,iy
kcl,kcl
dcl,gcl
n,n
kcl,kcl
l,l
iy,iy
ih,ow
n,n
kcl,tcl
r,r
gcl,kcl
hh,k
ux,iy
pcl,kcl
ao,ah
kcl,p
k,k
ix,ih
gcl,dcl
iy,iy
ow,ow
d,d
t,t
s,s
iy,iy
ix,ix
hv,hv
s,s
f,f
l,l
iy,iy
jh,ch
ux,ux
ey,ey
tcl,kcl
ow,el
r,r
m,m
kcl,kcl
t,jh
gcl,g
axr,r
r,r
ih,ix
ae,ae
gcl,gcl
axr,er
ix,ix
gcl,gcl
n,n
p,p
eh,ux
ix,ix
ah,ah
ay,aa
f,f
sh,sh
w,w
ae,eh
w,w
k,k
dx,dx
axr,axr
ix,ix
s,s
l,l
sh,sh
m,m
m,m
ux,iy
dx,dx
er,er
z,z
n,iy
s,s
ah,eh
hh,hv
n,n
s,s
dcl,dcl
s,s
dcl,dcl
s,s
ao,l
aa,aa
axr,axr
ih,iy
t,t
ey,ey
n,n
dcl,gcl
s,s
s,s
ih,ih
f,f
ae,ae
g,k
r,axr
t,t
s,s
n,ax
f,f
kcl,kcl
ih,ey
bcl,tcl
z,sh
kcl,kcl
kcl,tcl
t,t
tcl,dcl
l,l
l,l
ah,ah
iy,ix
hh,hh
ae,ae
dcl,dcl
dcl,kcl
m,v
ix,ix
pcl,pcl
r,r
aw,ow
z,s
iy,iy
q,q
r,nx
kcl,kcl
gcl,y
l,l
ay,ay
kcl,kcl
axr,axr
kcl,tcl
f,f
hh,hh
ix,ax
k,k
s,s
hv,hv
s,sh
f,f
dh,dh
v,r
w,w
ix,ix
v,v
v,v
r,r
ux,ix
ao,l
tcl,pcl
er,r
n,n
en,en
s,s
pcl,kcl
l,l
w,l
n,n
l,l
ih,ih
iy,iy
ix,ax
y,iy
ix,ix
aa,aa
ix,n
iy,iy
ae,ae
ao,ao
d,g
ae,ey
ey,ey
sh,sh
s,s
v,ix
s,s
r,r
gcl,gcl
w,w
r,r
y,ix
m,gcl
p,p
r,r
ow,ux
ae,ae
ax,l
ux,ux
er,er
ux,ix
eh,eh
s,s
k,k
z,s
n,n
ey,ey
f,f
ay,ay
ow,ow
axr,axr
n,n
l,l
ax,ax
w,w
l,l
n,n
aa,hv
w,l
z,s
ix,dcl
pcl,kcl
s,z
l,l
s,s
ay,ay
y,y
eh,eh
axr,axr
n,n
ih,eh
dcl,v
iy,iy
aa,aa
ey,ey
aa,aa
w,w
n,n
r,r
jh,ch
ix,y
r,r
ih,ix
ih,ih
w,r
w,w
el,el
l,l
y,y
s,s
ow,axr
uh,ix
ix,ix
ih,ih
t,t
dcl,dcl
tcl,dcl
sh,sh
iy,iy
iy,iy
er,er
k,k
pcl,kcl
d,dx
r,r
dcl,dcl
n,m
ow,ah
ax,ix
th,th
eh,eh
r,r
n,n
iy,iy
ax,ah
w,w
t,dh
m,m
sh,sh
bcl,bcl
g,k
dcl,dcl
q,y
dcl,dcl
er,er
er,r
m,m
ix,ix
ey,ay
el,el
eh,eh
aa,ao
pcl,pcl
ax-h,ax
ae,ae
m,m
l,l
m,m
uh,ih
f,f
dh,dh
w,w
ux,ux
m,m
dcl,tcl
r,r
s,s
ih,ih
ix,ix
ey,ey
eh,ah
ae,ae
hv,hv
f,f
ih,ih
axr,axr
eh,eh
dx,dx
ix,ax
bcl,bcl
sh,sh
f,tcl
pcl,gcl
ax,ax
tcl,q
ah,ow
l,l
r,r
kcl,kcl
iy,iy
sh,sh
sh,sh
ih,ih
q,q
ih,ih
ae,ae
f,f
dcl,dcl
n,m
t,t
n,n
ih,ix
ax,ax
oy,oy
k,k
tcl,kcl
sh,sh
axr,tcl
dcl,dcl
dcl,dcl
z,z
q,q
pcl,w
v,gcl
n,n
n,n
r,r
s,s
kcl,tcl
f,f
q,q
r,r
n,n
ah,ow
hv,hv
k,k
bcl,bcl
jh,jh
ah,ah
kcl,kcl
ih,ih
f,f
ih,iy
kcl,kcl
ax,ax
ao,ow
axr,r
v,v
axr,axr
eh,ah
w,w
m,n
ix,ih
ao,ao
t,t
iy,iy
l,l
z,z
dcl,m
dcl,dcl
ao,ao
ux,ux
aa,ao
ah,ah
kcl,kcl
ey,ey
l,l
r,r
w,w
aa,aa
ae,ae
ah,ah
iy,iy
dcl,dcl
eh,eh
m,m
ay,ay
w,w
bcl,bcl
dcl,g
ng,en
pcl,q
s,s
uh,el
ix,ix
ix,ix
s,s
ao,oy
sh,sh
r,r
t,t
iy,iy
bcl,dcl
w,uw
aa,ao
l,l
ix,ix
tcl,tcl
ah,ah
tcl,kcl
bcl,dcl
eh,eh
sh,sh
n,n
r,ix
iy,iy
kcl,tcl
ux,ux
ih,ux
n,v
dh,dh
kcl,kcl
iy,iy
bcl,dcl
s,s
m,m
k,k
axr,axr
dcl,dcl
sh,sh
aa,aa
s,s
pcl,pcl
ux,ey
kcl,kcl
ih,ix
eh,eh
ah,ah
el,el
l,l
y,iy
r,r
ix,y
ix,ix
iy,iy
eh,ae
ay,ah
bcl,v
k,k
s,s
k,k
ao,aa
kcl,kcl
tcl,tcl
iy,iy
aa,aa
l,l
dh,dh
y,y
d,d
ix,ih
gcl,gcl
p,p
pcl,pcl
ao,ao
dcl,dcl
ix,ix
t,t
ay,ay
ow,ow
ow,ow
n,n
k,k
eh,ih
g,p
s,s
k,k
ae,ae
aa,ay
kcl,tcl
axr,er
pcl,tcl
tcl,dcl
ix,ix
ae,ae
ao,ay
l,w
n,n
ao,ao
m,m
ng,ng
m,m
g,g
ay,ay
tcl,kcl
ix,ix
k,k
iy,iy
l,w
ix,ax
ay,ay
ih,ih
dcl,dcl
kcl,kcl
f,f
v,f
iy,iy
s,z
iy,iy
ch,ch
ng,n
f,f
iy,iy
s,s
dcl,dx
axr,axr
kcl,tcl
f,f
t,t
nx,n
gcl,dcl
ix,ix
er,er
hh,aa
dh,dx
l,ix
s,s
t,t
ix,ix
n,n
eh,ao
axr,axr
n,ng
ao,ao
z,z
g,g
bcl,m
s,s
iy,iy
sh,sh
s,s
aa,aa
ax,ix
q,q
ah,eh
axr,axr
q,q
s,s
ow,l
m,m
ih,ih
q,q
kcl,kcl
dh,v
m,m
q,q
iy,ix
m,m
axr,axr
m,n
m,m
ix,w
tcl,pcl
tcl,pcl
sh,sh
v,v
k,t
ay,ay
er,axr
eh,r
dh,dx
ix,ix
tcl,tcl
sh,sh
ah,r
el,el
aa,ah
ao,aw
tcl,w
tcl,tcl
oy,oy
ng,ng
ih,eh
q,q
ey,ey
jh,jh
ch,ch
ae,ae
w,w
n,n
dx,dx
axr,eh
s,s
ch,ch
gcl,dcl
bcl,v
z,z
aa,aa
dh,dh
ix,ix
ey,iy
pcl,pcl
r,r
ow,ow
v,v
z,z
tcl,dcl
ow,ow
sh,sh
t,k
r,r
eh,ix
l,l
uh,ix
q,hh
ih,ih
k,k
d,t
q,dcl
gcl,gcl
sh,sh
z,z
iy,iy
tcl,kcl
em,m
ng,n
s,s
eh,ix
y,ih
r,r
ix,ix
l,l
eh,ae
kcl,kcl
bcl,pcl
f,f
axr,axr
ao,ao
eh,eh
iy,iy
k,k
k,k
t,t
ey,ey
eh,r
bcl,bcl
hv,hv
f,f
ae,aa
tcl,dcl
k,k
sh,sh
ay,ay
ae,ae
t,t
kcl,tcl
ao,ao
q,q
tcl,tcl
r,r
tcl,w
iy,iy
l,l
bcl,dcl
ay,ay
ng,ng
axr,axr
l,l
ao,ao
tcl,tcl
w,w
iy,iy
sh,sh
y,y
gcl,gcl
dcl,dcl
ix,eh
uw,ux
n,l
sh,sh
ux,ux
ng,ng
tcl,tcl
ix,ix
ax,ax
ah,ah
axr,axr
ao,ao
p,p
r,r
w,w
ao,ao
m,m
t,t
w,w
m,m
er,er
axr,axr
ix,ix
pcl,kcl
axr,r
gcl,gcl
ae,ae
bcl,bcl
tcl,kcl
kcl,kcl
t,t
m,m
q,q
er,er
pcl,kcl
ax,axr
ay,ae
bcl,bcl
aa,aa
iy,iy
eh,ae
eh,ah
dcl,dcl
m,m
r,r
s,s
dh,dh
ey,ay
ay,eh
ix,r
dx,dx
aa,aa
dh,dh
ae,ae
dcl,bcl
axr,axr
w,w
q,q
r,r
m,n
kcl,kcl
l,l
t,t
ah,ah
er,er
ey,ae
pcl,kcl
tcl,pcl
q,q
z,s
ix,n
ao,ao
s,s
t,t
r,r
dh,dh
aa,ay
ix,eh
k,k
w,w
ey,iy
aa,ow
oy,oy
bcl,bcl
ao,ao
r,r
sh,sh
th,f
pcl,kcl
ey,eh
pcl,pcl
s,s
r,r
y,y
ae,ae
ah,ah
ix,ix
ix,ix
kcl,kcl
dcl,gcl
q,q
tcl,dcl
iy,iy
kcl,kcl
ae,ae
b,t
l,l
ao,ah
ah,uh
eh,ey
dh,dx
ix,ix
ao,ao
l,l
n,n
s,s
s,s
dcl,kcl
ih,ih
k,k
ix,ix
ix,ix
ih,ih
n,ng
s,s
er,er
z,s
l,bcl
d,d
z,s
ah,ae
ux,y
th,q
aa,ao
n,n
ih,ix
ey,ey
z,z
p,p
er,axr
p,p
sh,sh
s,s
ng,ng
z,z
f,f
ah,ay
t,d
n,n
er,axr
g,g
eh,eh
dcl,p
n,n
m,m
p,p
axr,r
ao,ay
l,l
t,t
tcl,tcl
s,s
aa,aa
n,m
sh,s
ix,ix
axr,ax
dx,dx
k,k
jh,jh
t,t
ay,ay
aa,aa
ix,hv
iy,iy
z,s
sh,sh
dcl,tcl
eh,ah
iy,iy
nx,n
z,s
ix,ix
bcl,n
ix,ix
kcl,kcl
ax,ax
dh,t
ao,q
iy,iy
ix,ih
ux,ux
dx,dx
dcl,dcl
pcl,pcl
ix,ix
z,s
ah,ah
t,d
bcl,bcl
ih,uh
dx,dcl
ah,ah
uh,eh
bcl,dcl
z,z
ao,ow
iy,y
pcl,pcl
ae,ae
ix,ix
q,q
n,n
ux,uw
t,t
axr,ix
s,s
eh,eh
ix,ix
ae,ae
z,z
n,dcl
ow,ow
s,s
q,q
m,en
kcl,kcl
tcl,dcl
bcl,bcl
q,q
v,v
w,w
iy,iy
ah,ah
el,w
v,v
kcl,kcl
l,l
ao,ay
n,n
k,k
iy,iy
gcl,gcl
r,r
f,f
dx,dx
oy,oy
s,s
n,m
er,axr
ux,ux
l,l
kcl,kcl
ih,ix
ix,ih
axr,axr
sh,s
s,s
ey,ey
gcl,dx
dcl,dcl
z,z
iy,iy
ey,ay
tcl,pcl
z,s
ix,ix
w,r
ae,ae
er,ay
k,k
gcl,dcl
ih,ih
dcl,kcl
tcl,dcl
f,f
r,r
ux,ux
sh,sh
ix,ix
ix,ix
ix,n
aa,ao
aa,ah
ih,ih
hh,hh
ow,ow
t,d
g,g
r,r
aa,ay
v,v
jh,jh
ux,ux
ow,ah
eh,eh
ao,uw
kcl,kcl
dcl,dcl
ux,ux
z,s
l,l
aa,ah
m,n
pcl,tcl
dcl,dcl
z,z
s,s
iy,iy
kcl,kcl
eh,ix
g,g
ix,ix
kcl,kcl
w,w
s,s
ow,ao
gcl,n
s,s
axr,ix
t,k
ux,ux
ax-h,dcl
aa,aa
ih,ih
s,s
iy,iy
q,hv
pcl,kcl
iy,ix
s,s
tcl,tcl
dcl,n
bcl,dcl
pcl,pcl
ng,bcl
ow,ow
l,q
ax,ax
d,d
ae,ae
kcl,kcl
iy,iy
aa,ay
ih,iy
f,f
dx,dx
ix,ix
ix,ix
ow,ow
y,iy
ah,ae
y,iy
eh,eh
k,k
k,g
m,n
w,w
r,r
n,n
aa,ao
axr,er
pcl,pcl
bcl,dcl
aa,r
aa,aa
jh,sh
v,v
sh,sh
ay,ay
aa,aa
ao,el
n,n
p,p
gcl,dcl
dx,dx
d,t
r,r
ux,ux
y,iy
m,m
ax,ix
w,w
ax,l
axr,aa
ix,ix
ax,l
iy,iy
r,r
iy,iy
ao,ao
tcl,hv
pcl,kcl
ah,l
ux,ux
ay,ay
ae,ae
ey,ey
iy,iy
el,el
ih,eh
r,r
p,p
z,z
s,s
ae,ae
f,th
r,r
z,z
ow,ow
dcl,dcl
ay,ay
s,s
ow,ah
d,jh
axr,er
s,s
r,l
s,s
r,r
eh,eh
ax,l
dcl,tcl
ay,ay
w,l
ao,ay
axr,axr
q,q
z,z
ae,ae
tcl,kcl
aw,aw
ey,ey
hv,hv
w,w
ae,ae
k,k
eh,eh
tcl,gcl
dx,gcl
iy,iy
t,t
ng,n
ow,ow
l,l
tcl,pcl
l,l
axr,axr
tcl,tcl
axr,r
tcl,kcl
d,d
eh,eh
bcl,bcl
g,g
ix,ix
iy,iy
f,f
v,v
ae,ae
tcl,kcl
jh,jh
dh,dh
l,ax
k,k
dcl,n
ux,ux
dh,dh
w,w
ch,ch
t,p
g,g
axr,axr
ao,ao
k,k
ix,r
tcl,tcl
bcl,bcl
q,q
nx,nx
kcl,pcl
r,r
n,n
tcl,tcl
ae,ae
er,er
t,t
ah,eh
ao,ah
r,r
dcl,dcl
ix,ix
m,m
jh,jh
kcl,kcl
m,m
hh,hh
ix,ix
ey,ey
oy,oy
ih,ih
er,er
eh,ae
el,ax
dcl,dcl
axr,er
tcl,kcl
z,z
bcl,v
ow,ow
ow,ow
t,t
em,m
q,q
l,l
n,n
s,dh
gcl,gcl
axr,er
ix,iy
ih,ih
nx,r
dcl,tcl
ng,en
ih,ih
m,n
kcl,kcl
f,v
eh,eh
r,ah
m,n
dcl,dcl
ix,ix
w,w
ah,ae
tcl,tcl
tcl,tcl
tcl,tcl
ng,ng
en,n
bcl,bcl
en,en
n,n
ax,ix
ix,ix
s,s
s,s
g,g
ax,r
z,z
kcl,kcl
kcl,kcl
ay,ix
ux,ih
ow,ow
m,m
n,n
ey,ey
k,k
ao,ao
ax,eh
er,er
r,r
iy,iy
ah,ah
q,q
er,er
iy,iy
ay,ay
ey,ey
iy,iy
er,r
iy,y
ae,eh
ih,ih
m,bcl
tcl,kcl
f,f
dcl,dcl
tcl,kcl
iy,iy
ng,ng
r,r
q,l
y,y
gcl,gcl
n,ix
r,r
aa,ao
m,m
sh,sh
ix,ix
s,s
ax,ix
g,g
ax,ah
ih,iy
iy,iy
ae,eh
dx,dx
f,f
uw,uw
ux,ux
ux,ux
r,r
tcl,tcl
sh,sh
l,l
pcl,pcl
tcl,tcl
aa,ah
ow,ow
ih,eh
l,l
iy,iy
bcl,dcl
w,w
s,z
kcl,tcl
k,k
n,n
ix,ax
ix,eh
tcl,dcl
ix,ix
ey,ey
t,t
kcl,kcl
tcl,kcl
ih,ux
dcl,dcl
ao,aa
aw,q
kcl,kcl
s,s
r,r
er,er
ao,ao
s,s
w,w
aa,aa
m,m
eh,ih
hv,hv
n,n
ng,n
t,t
v,v
kcl,kcl
n,m
iy,y
z,s
d,d
iy,iy
w,r
s,s
r,r
s,s
kcl,kcl
s,s
ah,ah
ax,ax
q,q
ix,ix
r,ix
s,s
r,r
tcl,kcl
axr,ix
s,s
n,n
eh,eh
r,r
z,t
ih,ix
sh,sh
z,z
bcl,dcl
iy,iy
q,q
iy,iy
ao,ao
ah,ah
v,v
er,er
ux,axr
ix,ix
eh,ae
axr,ix
pcl,tcl
dcl,dcl
ao,ay
q,q
eh,eh
p,p
dcl,tcl
axr,axr
v,dcl
z,z
v,v
s,s
k,k
iy,iy
z,s
tcl,tcl
g,g
w,w
q,q
hh,p
hv,hv
bcl,ng
kcl,pcl
ae,ae
w,w
ix,iy
ae,ae
dcl,dcl
l,l
pcl,pcl
iy,iy
ey,ey
m,n
m,n
k,k
ix,r
aa,aa
ae,ae
axr,axr
ix,ix
r,r
ah,ah
ix,ix
q,dx
r,axr
hh,hh
t,t
dx,dx
pcl,pcl
ax,ax
uw,ux
gcl,kcl
s,s
en,en
tcl,tcl
ix,ix
m,m
dx,dcl
axr,axr
eh,eh
g,g
t,t
ng,n
ng,ng
ux,ux
axr,er
ay,ay
dcl,bcl
t,t
iy,iy
tcl,dcl
ow,ow
iy,y
ae,ae
f,f
axr,axr
z,z
aa,ah
s,s
aa,aa
n,gcl
ae,ae
gcl,dcl
ax,ix
w,w
m,m
s,s
ax,ax
gcl,dcl
z,z
tcl,tcl
t,t
iy,iy
l,l
z,z
p,p
r,r
gcl,bcl
z,s
r,r
jh,jh
s,s
bcl,bcl
ey,ae
d,t
w,w
ih,eh
p,p
k,k
r,r
k,k
r,r
pcl,pcl
n,n
ae,ae
z,z
tcl,tcl
l,l
ax,ax
kcl,kcl
r,r
r,r
sh,sh
iy,ix
ax,ax
ae,ae
ux,ux
eh,ix
m,n
ah,ow
l,l
n,n
w,w
ih,q
iy,iy
ae,ae
oy,oy
s,s
ao,aa
v,v
tcl,tcl
l,l
iy,iy
ay,ay
dx,dx
l,r
kcl,kcl
dcl,dcl
l,l
dh,dh
ix,ix
s,s
s,s
ae,ae
uh,ix
pcl,kcl
s,s
z,s
s,s
s,s
ix,ux
ao,w
l,l
y,y
s,t
w,w
aa,ay
r,r
ih,ih
t,t
v,v
s,s
pcl,tcl
ow,l
q,q
iy,iy
pcl,kcl
ax,axr
ix,ix
ch,ch
t,d
r,r
kcl,gcl
sh,sh
p,p
m,m
tcl,tcl
z,z
axr,axr
dcl,dcl
n,ng
ix,ix
ux,n
ae,ae
n,n
l,l
ix,ix
iy,iy
uh,ah
s,s
s,s
s,s
aa,ao
m,m
ey,ey
ih,ih
f,f
iy,iy
aa,aa
ih,ih
r,r
w,w
jh,jh
w,w
q,q
uw,ux
iy,iy
ih,ih
nx,n
sh,sh
dx,dx
axr,er
axr,er
iy,iy
p,p
ix,ix
eh,eh
ch,s
axr,axr
ey,ay
er,er
r,r
tcl,kcl
dcl,dcl
r,dx
ay,ay
k,z
f,f
r,r
oy,oy
t,s
ng,n
gcl,n
dcl,dcl
v,v
ay,ay
iy,iy
kcl,kcl
ay,ay
dcl,dcl
dh,f
n,em
l,l
ah,ax
dh,tcl
ah,ax
eh,eh
iy,ux
jh,ch
ay,ay
s,s
aa,aa
k,k
t,kcl
r,k
ey,ey
t,t
kcl,tcl
n,ix
ix,ix
jh,sh
r,r
m,m
er,er
kcl,pcl
p,p
k,k
ng,m
sh,sh
l,l
ux,iy
ux,eh
g,g
iy,iy
aa,aa
ix,ix
l,aa
ng,ng
f,f
m,n
ay,ix
z,z
l,l
ch,ch
ae,ae
ch,s
l,l
dx,dcl
k,k
hv,nx
r,r
ao,ao
iy,iy
eh,ah
q,q
n,n
ih,ih
s,s
ix,ix
q,q
axr,er
iy,iy
l,l
l,l
en,en
dx,dx
r,r
s,s
l,l
kcl,tcl
l,l
ao,aa
m,n
iy,iy
er,ah
ah,ah
eh,r
ay,ay
ay,ae
dcl,dcl
n,n
el,el
r,r
ih,iy
ey,ey
pcl,pcl
p,dh
n,n
tcl,tcl
f,hh
dcl,dcl
hh,k
axr,ix
uh,ax
iy,iy
k,k
eh,eh
ix,iy
tcl,kcl
iy,iy
dcl,dx
ix,ih
s,s
f,f
ux,ux
gcl,dcl
t,t
ax-h,dx
dcl,tcl
iy,iy
n,n
axr,axr
n,q
ih,ih
m,m
ax,ix
r,r
k,k
r,r
ey,ey
dx,d
eh,eh
s,s
n,n
tcl,tcl
f,f
zh,y
s,s
w,w
l,uw
dcl,tcl
ax,l
aa,aa
aa,aa
pcl,tcl
dh,dh
dh,dx
ao,aa
l,l
ix,ix
tcl,kcl
pcl,kcl
m,m
q,q
l,v
r,axr
n,n
ae,ae
bcl,bcl
p,p
eh,ix
tcl,tcl
s,s
pcl,pcl
tcl,hh
ih,ey
ng,kcl
l,l
ao,ao
r,r
m,n
w,w
axr,axr
q,q
oy,ao
jh,jh
jh,jh
p,p
y,y
l,l
n,n
y,y
tcl,tcl
ao,ao
f,f
dcl,dcl
pcl,pcl
n,n
pcl,pcl
s,s
sh,sh
t,s
r,r
ow,ow
r,r
ax,q
ay,ay
s,s
l,q
ix,ix
gcl,gcl
kcl,kcl
pcl,pcl
ow,ow
eh,r
ah,ix
l,l
w,w
sh,s
p,p
t,p
n,n
l,l
jh,jh
w,w
dh,dh
f,f
g,g
g,k
q,dcl
r,r
r,r
sh,sh
s,s
n,n
ih,ow
q,q
ix,ix
w,w
dcl,dcl
n,dh
ao,ao
ah,eh
m,n
k,k
t,t
r,r
axr,axr
l,l
q,q
t,t
k,k
eh,ah
ah,ah
er,er
f,f
d,jh
tcl,kcl
ix,ix
ix,ix
tcl,pcl
ae,ae
aa,aa
ow,ah
s,z
axr,axr
dh,dh
g,k
ae,ae
dx,dx
kcl,kcl
ix,iy
axr,axr
ae,ae
s,s
ey,iy
dcl,dx
n,n
el,ao
kcl,kcl
m,ng
ix,ix
ae,ae
y,y
iy,iy
ih,ix
n,m
p,p
sh,sh
ch,t
ih,eh
iy,iy
l,l
kcl,kcl
s,s
r,r
ay,ay
l,l
ix,y
ah,ax
gcl,gcl
ah,ah
nx,n
iy,iy
f,f
w,w
tcl,tcl
s,s
ix,w
bcl,gcl
l,l
jh,p
ao,ao
eh,eh
iy,iy
p,p
ae,ae
dcl,dcl
tcl,tcl
ix,ix
ah,ow
iy,iy
aa,aa
kcl,kcl
dcl,dcl
ih,ih
dcl,dcl
ax,r
s,s
iy,iy
pcl,tcl
tcl,tcl
w,w
tcl,tcl
w,w
ao,ao
z,z
ax,ax
s,s
bcl,bcl
sh,sh
f,v
ux,ix
aa,ao
r,r
dx,dx
ay,ay
t,t
hh,hh
eh,eh
ao,ao
ae,ae
r,r
aa,aa
z,s
s,s
nx,n
tcl,kcl
r,r
ix,ix
iy,iy
en,n
iy,iy
q,q
l,el
ax,r
n,n
axr,axr
tcl,pcl
kcl,pcl
t,t
g,g
r,w
t,d
l,l
tcl,dcl
ch,th
tcl,t
axr,axr
ah,l
tcl,tcl
tcl,tcl
kcl,pcl
er,er
er,er
axr,ix
dcl,dcl
ah,l
q,tcl
kcl,kcl
l,l
ix,ix
bcl,dcl
s,s
tcl,tcl
r,r
aa,aa
iy,iy
t,p
t,t
q,q
ah,ax
ax,dcl
sh,sh
hh,p
ch,sh
s,z
ax,eh
dcl,tcl
ih,ih
m,ae
n,n
s,s
k,k
dh,v
l,l
f,f
w,w
aa,ay
d,t
ao,ao
ae,ae
ow,ow
ih,eh
y,y
ix,ix
eh,ah
iy,iy
ao,ao
s,s
iy,ih
bcl,bcl
m,n
axr,axr
ao,ao
k,k
dx,dx
z,s
f,f
dcl,dcl
q,q
p,p
n,n
t,t
hv,hv
eh,eh
eh,eh
n,n
ih,ih
s,s
bcl,bcl
y,y
f,f
dh,hh
s,s
ix,ix
eh,eh
m,n
ah,ah
v,ix
bcl,dcl
ow,ow
bcl,p
m,m
w,w
dcl,tcl
ey,ey
ah,ah
dcl,tcl
n,n
er,er
aa,ao
m,m
l,l
ao,ao
ow,ow
r,r
ow,uw
r,r
ae,ae
ey,ey
iy,iy
n,n
eh,eh
ao,ay
ae,ay
q,q
ax,ax
dcl,dcl
tcl,tcl
pcl,tcl
dcl,dcl
ch,ch
sh,sh
q,q
v,v
w,w
iy,iy
tcl,dcl
hv,hv
ao,ao
n,n
k,dcl
hh,hh
ae,eh
m,m
axr,axr
r,v
dh,dh
kcl,gcl
z,z
aa,ay
q,q
v,v
ih,ix
dx,dx
iy,iy
tcl,dh
iy,iy
axr,axr
s,s
t,k
er,er
ix,ix
ih,ih
zh,sh
dx,dx
eh,eh
f,f
tcl,kcl
k,k
ay,ae
f,f
iy,iy
hh,hh
m,m
v,v
t,t
s,s
r,r
iy,iy
tcl,kcl
kcl,kcl
aa,aa
sh,s
p,f
pcl,kcl
kcl,pcl
aa,ao
dh,dx
er,axr
l,l
oy,oy
r,r
ax,ih
y,y
eh,eh
l,w
r,r
ih,y
q,n
ng,en
tcl,kcl
ah,ah
ch,ch
ix,ix
n,n
sh,sh
ae,ae
n,n
ix,ix
y,y
t,d
s,s
axr,axr
n,n
kcl,k
aa,aa
aa,aa
k,k
iy,iy
s,s
d,d
r,r
s,s
sh,sh
pcl,pcl
ow,ow
y,iy
aa,aa
iy,iy
ih,ix
ay,ay
ax,ix
dx,n
kcl,kcl
er,axr
s,s
g,k
iy,iy
l,l
f,f
th,th
ix,ih
kcl,kcl
ix,eh
ae,ae
y,y
f,f
ih,iy
en,m
t,t
s,s
m,n
eh,eh
n,n
kcl,tcl
t,t
f,f
s,s
ih,ix
l,l
s,s
eh,er
ix,ih
dh,v
ax,ax
dcl,dcl
r,r
eh,eh
ay,ay
ey,ih
f,hh
l,l
r,r
ih,ix
ix,ix
axr,er
ay,ay
ax,ax
y,hv
y,iy
er,er
zh,sh
tcl,tcl
ae,ae
sh,sh
dh,dh
ih,iy
aa,aa
ow,ow
tcl,pcl
dcl,dcl
ix,iy
er,r
ix,ix
eh,axr
ux,ux
m,m
th,dh
s,s
s,s
kcl,kcl
m,m
el,ow
dx,dx
eh,eh
w,w
iy,iy
ux,ae
er,er
dh,v
tcl,kcl
l,l
f,d
pcl,tcl
f,f
r,r
k,k
s,s
ae,ae
y,q
r,r
el,l
eh,ae
n,dcl
ae,ae
m,m
y,y
ix,ix
w,w
ay,ay
sh,sh
q,q
th,th
l,l
z,z
ix,q
dcl,dcl
sh,s
dh,dcl
b,p
n,n
p,p
s,z
er,er
ih,n
r,r
tcl,tcl
ih,iy
eh,eh
tcl,tcl
kcl,kcl
ix,ix
l,l
gcl,gcl
n,n
ih,eh
ow,ow
dcl,tcl
tcl,tcl
dx,dx
ae,ae
dcl,dcl
ao,ao
l,l
iy,iy
ey,ey
n,n
n,n
kcl,tcl
ao,aa
r,r
iy,iy
s,s
q,q
s,s
m,m
r,r
ix,eh
t,t
ae,ae
ae,ah
iy,ix
kcl,kcl
m,m
n,nx
z,z
hv,hv
k,k
eh,eh
th,th
ae,ae
ix,ix
v,f
iy,iy
ih,ih
dcl,dcl
r,r
n,dx
ae,ae
eh,eh
iy,ix
r,r
uh,uh
iy,iy
b,tcl
aa,aa
ix,r
sh,sh
q,q
m,n
axr,r
kcl,tcl
r,r
iy,ix
n,m
n,n
l,r
pcl,f
s,t
n,n
dh,dh
k,k
ow,ow
ix,ix
z,s
ax,ax
eh,eh
r,r
aa,aa
m,m
kcl,gcl
dcl,dcl
n,n
n,n
tcl,tcl
axr,axr
v,v
ix,ix
l,l
z,z
ah,eh
ih,ih
z,z
v,v
w,l
axr,eh
eh,eh
ah,ah
ow,ow
v,v
ch,sh
aw,aw
tcl,tcl
ae,ae
r,r
gcl,gcl
oy,oy
ix,ix
er,er
hv,hv
eh,eh
ow,ow
eh,r
s,s
r,r
eh,ae
z,zh
ix,eh
r,r
axr,r
ng,n
aw,aw
ow,ao
k,p
ao,ao
k,k
tcl,dh
ae,ae
n,n
y,y
sh,sh
dh,l
r,r
iy,iy
pcl,pcl
y,y
aa,aa
ix,ix
n,n
ax,ax
ix,iy
ih,ix
ux,ux
s,s
w,l
ix,ih
dcl,dcl
pcl,pcl
kcl,tcl
ae,ae
k,k
m,m
gcl,gcl
iy,r
ae,ae
g,g
w,ao
s,s
gcl,gcl
el,ao
ng,n
sh,sh
tcl,kcl
er,axr
l,l
w,w
dcl,dcl
pcl,pcl
s,s
tcl,dcl
ix,iy
eh,eh
y,y
uh,ah
d,jh
iy,ix
s,s
w,w
iy,iy
s,s
dh,d
ao,ao
kcl,kcl
tcl,tcl
sh,sh
iy,iy
ix,ix
tcl,tcl
ae,ae
ah,ao
gcl,gcl
ey,ey
z,z
eh,eh
sh,sh
dcl,dcl
r,r
ux,iy
ix,ux
ih,iy
eh,eh
kcl,tcl
ux,ux
kcl,p
ix,y
q,q
uw,ix
ix,ix
t,t
l,l
t,t
f,f
th,th
r,r
t,t
ix,ix
ay,ay
iy,iy
sh,sh
iy,iy
dcl,dcl
r,r
ax,ix
iy,iy
y,y
iy,iy
ae,eh
k,p
el,el
iy,iy
k,k
s,s
iy,iy
gcl,kcl
r,axr
ae,ae
pcl,kcl
ae,ae
s,jh
pcl,kcl
dcl,n
y,iy
w,w
pcl,kcl
pcl,pcl
ae,ae
ae,ae
k,k
ix,ix
r,r
kcl,kcl
tcl,gcl
l,w
ae,ae
em,m
ih,ih
dx,d
w,w
kcl,dcl
gcl,dcl
ih,iy
dcl,dcl
tcl,tcl
bcl,bcl
dcl,dcl
ao,ow
sh,sh
tcl,tcl
t,t
ix,ix
z,s
n,m
m,m
sh,sh
kcl,kcl
k,k
w,r
tcl,tcl
axr,r
iy,iy
ix,ih
kcl,kcl
gcl,gcl
w,w
q,dx
gcl,kcl
l,l
er,er
ao,ao
t,dh
ae,ae
kcl,kcl
ae,ae
eh,eh
ey,ih
iy,iy
ey,ey
eh,r
ih,ih
ae,eh
q,w
kcl,kcl
t,t
l,l
s,s
axr,axr
l,l
eh,eh
aa,ao
ae,ae
ae,ae
ux,ux
r,r
ih,ux
l,w
p,p
g,k
l,l
axr,er
dx,dx
ay,ay
v,nx
kcl,kcl
eh,ah
ao,aa
k,k
ix,axr
t,t
l,l
tcl,tcl
kcl,kcl
zh,zh
iy,iy
tcl,tcl
gcl,ux
ix,ix
ix,n
y,r
kcl,kcl
n,n
ow,ow
l,l
dh,dh
sh,sh
tcl,q
er,er
y,y
kcl,kcl
r,r
hv,hv
zh,z
dx,dx
er,er
f,f
ax,ax
aa,aa
aa,ah
q,q
l,w
jh,jh
n,n
f,f
n,n
dcl,dcl
ng,ng
z,z
ax,ax
dh,v
ao,ao
ow,ow
n,ng
iy,iy
l,l
pcl,kcl
n,n
ch,ch
ih,ih
aa,aw
uw,uw
ix,q
eh,ax
dcl,tcl
ey,ey
s,s
ix,ax
iy,iy
w,w
ao,er
aa,aa
t,t
z,s
ix,ix
s,s
ax,ax
eh,ae
m,m
r,r
gcl,kcl
tcl,tcl
dcl,dcl
r,r
ah,ah
ng,n
r,r
ih,ih
eh,l
s,s
tcl,tcl
s,s
ix,ix
eh,r
axr,r
dcl,dcl
ux,r
ao,aa
k,k
p,dh
dcl,dcl
eh,ae
ao,ao
tcl,tcl
ax,ah
t,t
ih,ih
ay,ay
tcl,tcl
dcl,tcl
iy,iy
th,th
jh,jh
bcl,dcl
dcl,dcl
ix,ix
axr,er
el,ao
z,z
f,k
k,k
f,f
ah,ah
tcl,kcl
r,r
f,f
k,k
ih,ih
v,dx
jh,jh
k,k
ey,ey
iy,iy
dh,v
ey,ih
tcl,kcl
iy,iy
s,z
n,n
k,k
aa,aa
s,s
ix,ix
k,k
w,w
ae,ae
w,w
eh,ix
iy,iy
ao,ao
axr,r
iy,iy
ey,ey
l,l
ih,eh
m,m
ix,ix
axr,axr
ao,aa
l,ao
ow,ah
aa,aa
p,p
aa,aa
iy,iy
m,m
hv,hv
ix,ix
dcl,hh
y,y
p,k
r,r
aa,aa
ae,ey
ih,ah
jh,jh
pcl,pcl
n,n
kcl,kcl
ey,eh
tcl,kcl
w,w
f,f
p,p
n,n
kcl,kcl
dx,dcl
v,v
dcl,kcl
dcl,dcl
oy,oy
g,g
m,m
ae,ae
er,er
m,m
ow,ow
k,k
ux,ih
sh,sh
hh,hh
s,s
ih,ix
er,er
w,w
eh,ah
bcl,bcl
ih,ih
f,f
f,th
g,g
ey,ey
dcl,tcl
m,m
z,z
ux,ih
l,ix
ey,eh
m,m
s,s
q,q
kcl,kcl
ix,ix
iy,iy
n,n
n,n
aa,aa
w,w
ax,ix
pcl,kcl
l,l
ih,ih
ih,eh
ix,ix
n,n
r,r
ih,ih
ix,ix
sh,sh
r,r
dcl,tcl
ix,ix
gcl,gcl
ae,ae
m,m
eh,ix
q,q
l,l
eh,eh
axr,eh
t,t
ix,ix
sh,sh
s,s
iy,iy
eh,eh
tcl,pcl
tcl,tcl
q,q
el,l
tcl,tcl
ax-h,ax
ix,ix
ae,ae
z,s
ah,ah
ax,ix
ih,ih
r,ix
n,n
q,kcl
iy,iy
dcl,dcl
ao,ao
l,l
dh,dh
iy,iy
iy,iy
dcl,dcl
q,q
ih,ih
n,n
m,m
bcl,dcl
ax,ix
iy,iy
kcl,kcl
tcl,q
p,f
dh,dh
eh,eh
ih,ih
s,s
tcl,dcl
t,hh
q,q
t,s
ae,ae
ao,ao
n,n
g,k
iy,ix
k,n
tcl,tcl
ix,iy
g,g
ey,ey
tcl,tcl
iy,iy
d,t
aa,ao
ih,ix
l,l
jh,d
ae,ae
ao,ao
sh,sh
f,p
t,k
s,s
iy,iy
n,n
r,r
z,z
dh,dh
n,n
pcl,pcl
bcl,bcl
eh,axr
ax,ax
pcl,kcl
r,r
axr,axr
ux,ux
l,l
z,s
iy,ey
aa,aa
t,t
t,t
f,f
r,r
p,p
kcl,kcl
q,q
tcl,gcl
ix,l
kcl,tcl
q,q
el,ao
iy,iy
oy,oy
ix,ix
iy,iy
p,p
dh,t
ao,aa
l,q
l,l
dcl,dcl
s,s
aa,aa
k,k
kcl,kcl
ae,ae
t,t
er,axr
th,f
kcl,kcl
eh,eh
aa,ay
ay,ah
s,s
kcl,kcl
l,l
ax,ax
ay,ay
g,k
ah,l
m,m
kcl,kcl
ow,l
iy,iy
aa,ao
ih,ix
ey,ey
tcl,dcl
nx,dcl
s,s
hv,hv
ix,ix
ih,ix
ay,ay
axr,axr
dx,dx
n,l
ao,ao
th,th
aa,aa
l,l
ng,ng
m,n
ay,ay
s,s
gcl,dcl
iy,ix
iy,iy
th,th
kcl,kcl
pcl,q
r,r
eh,ih
dh,gcl
w,r
ih,ix
r,r
ih,ih
r,r
ow,ao
er,er
k,k
dcl,dcl
s,s
ow,ow
kcl,kcl
ao,aa
n,n
n,n
w,w
t,jh
s,s
s,s
p,p
ix,ix
t,k
r,r
oy,oy
iy,ix
q,q
ao,ao
ow,ow
kcl,kcl
r,r
ix,r
ih,n
p,p
m,n
ao,ao
ax,ix
ax,ih
iy,iy
r,r
iy,iy
l,ax
w,v
axr,axr
axr,axr
iy,iy
t,t
n,n
ix,ix
pcl,pcl
r,r
r,er
n,n
ih,iy
jh,jh
s,s
tcl,tcl
ae,ae
r,r
aa,aa
ih,ey
q,q
z,s
w,r
p,t
pcl,kcl
v,v
n,n
ey,ey
tcl,tcl
bcl,n
t,t
ow,l
f,f
q,q
m,m
k,k
g,g
t,t
s,s
q,q
aa,aa
kcl,kcl
t,d
m,v
n,n
ao,ao
sh,sh
uw,r
ix,ix
ah,aa
sh,sh
r,r
iy,iy
ix,ix
jh,jh
r,ax
dcl,dcl
m,n
gcl,ng
sh,sh
q,q
aa,r
n,n
v,v
tcl,tcl
n,n
l,l
ih,eh
iy,iy
s,s
t,k
dcl,dcl
r,r
iy,iy
n,n
r,ix
l,l
m,n
ix,ix
ix,ix
ih,ih
ng,n
r,r
ix,ix
tcl,tcl
aa,ao
ah,ah
er,er
ux,ux
tcl,dcl
k,k
ng,m
er,er
ix,ih
r,r
g,g
z,z
tcl,kcl
dcl,dcl
n,dcl
n,n
ix,ix
el,l
ix,ix
ux,ux
axr,r
l,ix
m,m
tcl,dcl
tcl,kcl
q,tcl
s,s
eh,eh
pcl,kcl
tcl,tcl
p,p
w,w
ix,ix
ae,ey
ao,er
kcl,kcl
pcl,pcl
ax,ix
ao,ao
q,q
eh,ae
ax,ax
m,m
l,l
n,n
r,r
ix,eh
ih,ih
eh,eh
ey,ey
p,jh
ah,ah
z,z
l,l
ao,ao
s,s
ao,aa
ey,iy
ah,r
w,w
k,k
ax,l
t,t
k,k
axr,axr
ix,iy
kcl,n
ey,ey
n,m
z,s
w,w
eh,ax
l,l
m,m
iy,iy
n,ax
ix,eh
n,n
er,er
ay,ay
ow,ow
dcl,dcl
l,m
f,f
r,ay
p,p
ax,l
eh,ey
ih,ey
zh,sh
r,r
hv,hv
oy,oy
k,k
dx,dx
g,g
bcl,tcl
iy,iy
kcl,kcl
r,r
ae,ae
nx,n
f,f
kcl,kcl
n,n
tcl,tcl
ax,l
ow,ow
tcl,tcl
ix,ix
p,p
dh,dh
iy,iy
ay,ay
t,t
t,d
kcl,kcl
k,k
g,g
en,n
aa,aa
l,l
dh,t
dcl,kcl
ix,ix
l,r
f,v
q,q
s,s
iy,iy
r,r
w,dx
tcl,tcl
dx,dh
hh,hh
n,m
dx,dx
ey,ey
w,w
f,f
tcl,dcl
tcl,tcl
s,s
kcl,kcl
r,r
aa,aa
m,m
q,q
t,k
aw,aw
m,m
t,s
ow,ax
axr,axr
d,k
oy,oy
ay,ay
pcl,pcl
tcl,kcl
f,f
kcl,kcl
q,q
k,g
kcl,kcl
s,s
bcl,bcl
kcl,kcl
en,n
f,f
l,ow
r,r
ao,ao
ux,ux
w,w
kcl,tcl
g,g
n,n
bcl,bcl
ax,ix
ux,eh
n,n
kcl,tcl
q,q
k,jh
r,r
gcl,dcl
sh,sh
ix,ix
s,s
w,w
gcl,tcl
l,l
ix,ih
w,w
eh,eh
q,ix
dcl,dcl
n,n
ax,n
ix,iy
en,n
axr,axr
q,kcl
ao,ao
z,z
m,m
k,k
s,s
n,n
d,t
oy,oy
eh,ae
z,s
f,d
ax,eh
ix,ix
f,f
f,f
iy,iy
iy,iy
oy,oy
l,w
eh,ae
t,jh
n,n
kcl,kcl
ey,ey
ix,iy
er,er
z,z
bcl,dcl
sh,sh
t,t
aa,aa
gcl,gcl
z,s
ix,ix
n,m
s,s
ix,ix
iy,iy
kcl,kcl
ih,ih
gcl,kcl
w,w
r,r
m,m
tcl,pcl
dh,dh
kcl,kcl
r,r
kcl,kcl
k,k
nx,dx
eh,eh
m,m
t,t
ey,ey
uw,ux
uw,ow
ow,ow
g,k
ah,ah
axr,r
ix,q
aa,aa
ix,ix
tcl,tcl
tcl,dcl
ix,ix
ih,ih
dh,m
ix,ix
n,dx
gcl,bcl
dx,k
ng,hv
t,t
s,s
tcl,ix
y,iy
en,n
n,n
k,k
ih,ih
ax,ah
ah,ah
s,s
iy,iy
l,l
y,y
tcl,kcl
l,l
dcl,dcl
aa,aa
k,g
n,m
er,er
l,ao
tcl,tcl
dh,dh
n,n
pcl,pcl
f,s
f,f
ao,ao
th,th
n,n
t,t
ax,r
k,t
ix,ix
s,s
q,q
ao,r
ih,ix
r,r
gcl,gcl
gcl,gcl
k,k
ih,eh
k,k
eh,eh
gcl,gcl
ay,aa
er,er
l,l
ih,ix
y,y
pcl,tcl
r,r
er,er
r,r
m,n
eh,eh
s,sh
m,n
ax,ix
jh,t
n,n
w,w
dcl,dcl
ih,ih
ow,ow
bcl,dcl
ay,l
v,v
r,r
ix,ix
hv,hv
l,l
t,t
s,s
pcl,tcl
r,r
ah,l
ix,ix
k,hh
kcl,kcl
ix,ix
s,s
dcl,dcl
hv,hv
p,p
ao,ow
w,w
p,p
dcl,dcl
y,ix
ay,ay
ux,ux
eh,ix
ix,ax
iy,iy
ae,ae
iy,iy
f,th
kcl,kcl
m,n
n,n
gcl,gcl
p,k
ae,aw
l,w
ax,ax
uh,ih
g,g
ay,aa
iy,iy
ow,ow
m,n
ah,ah
tcl,tcl
ay,ay
q,en
ix,ix
uw,r
axr,axr
ay,ay
kcl,kcl
dcl,gcl
el,ax
th,dh
en,ix
zh,jh
n,n
er,axr
dcl,dcl
pcl,pcl
iy,iy
er,aa
iy,iy
ao,w
axr,axr
ae,ay
n,m
pcl,pcl
l,l
ey,eh
r,r
iy,iy
iy,iy
r,r
ax,ax
ch,ch
tcl,t
r,r
ae,ae
w,w
ae,ae
z,z
n,n
ux,er
ah,ah
r,r
bcl,bcl
l,l
en,n
r,r
s,s
hh,hh
iy,iy
dh,dx
gcl,gcl
iy,iy
b,p
v,v
nx,dx
dh,dh
w,w
n,n
tcl,kcl
iy,iy
ay,ay
ae,ae
s,s
ay,aa
t,th
k,k
iy,iy
th,th
en,en
ey,r
ax,ix
w,w
l,l
n,n
iy,ix
r,r
n,n
sh,sh
axr,axr
s,s
ih,ih
pcl,pcl
tcl,tcl
ix,ix
ey,iy
ix,iy
s,s
bcl,bcl
ix,ix
ow,ow
q,g
z,z
l,l
q,q
q,q
ux,r
hh,hh
axr,axr
el,ao
l,ax
p,p
ah,ah
ah,ao
n,n
f,p
r,r
iy,iy
dcl,dcl
t,t
w,w
y,y
gcl,gcl
b,p
m,n
axr,er
p,p
el,el
kcl,tcl
eh,eh
s,s
bcl,bcl
y,y
z,z
t,ch
iy,iy
tcl,dcl
v,v
q,q
ah,ah
kcl,tcl
dcl,dcl
dh,dh
ao,ao
t,d
gcl,n
sh,sh
f,f
ix,ih
uh,r
kcl,dcl
iy,iy
ae,eh
axr,er
iy,iy
ah,ow
dx,dx
kcl,kcl
iy,iy
ay,ay
s,s
ax,l
iy,iy
n,n
iy,iy
m,m
k,k
eh,ix
z,z
dh,n
s,z
ix,ix
ae,ae
m,n
y,y
er,er
n,n
dcl,dcl
tcl,tcl
r,r
ih,ih
iy,iy
r,r
hv,hv
ih,iy
ix,r
ah,ah
l,n
d,t
s,s
dcl,dcl
ih,iy
s,s
f,f
l,l
uw,ux
m,m
p,p
iy,iy
oy,oy
iy,iy
n,n
n,m
bcl,bcl
m,m
kcl,tcl
s,f
er,er
ah,ah
n,n
ih,ih
ih,iy
t,t
s,s
g,g
ae,ae
m,m
kcl,kcl
y,y
ax,ix
axr,axr
aw,ae
ih,ih
v,v
aa,aa
pcl,pcl
dh,dh
q,q
s,s
l,l
ih,ux
q,q
d,t
n,m
th,s
l,l
eh,ix
ae,ae
er,er
l,l
pcl,tcl
g,k
ae,ae
m,m
n,m
ao,ao
axr,r
f,f
ow,ow
tcl,tcl
ax-h,ix
kcl,kcl
ah,ah
ix,ix
g,kcl
kcl,kcl
s,s
el,uw
ng,ng
s,s
tcl,tcl
k,k
m,m
ao,ao
z,z
tcl,kcl
p,p
ah,ao
tcl,pcl
ao,axr
axr,er
l,l
er,er
iy,iy
hv,hv
ax,ix
uw,uw
t,t
axr,axr
f,s
th,th
l,l
hv,hv
q,q
r,r
kcl,kcl
tcl,dcl
ih,ix
m,m
dcl,gcl
ng,gcl
w,w
s,s
f,f
pcl,v
n,tcl
s,s
ix,ix
ey,ey
ix,ix
t,dh
n,n
tcl,tcl
q,q
m,dx
w,w
t,t
ax,ax
axr,axr
hv,y
t,t
ah,eh
ah,ah
l,l
ah,ah
dcl,tcl
tcl,kcl
ax,ax
m,m
t,t
ix,ix
ix,q
f,f
ch,ch
m,m
iy,iy
s,s
k,k
el,l
dcl,dcl
kcl,tcl
ix,iy
bcl,dcl
iy,iy
uw,ux
hh,hh
pcl,tcl
ao,ao
s,s
g,k
r,r
kcl,kcl
aa,aa
iy,iy
s,s
n,n
axr,axr
l,l
eh,ix
s,s
s,s
s,s
t,t
iy,iy
ih,ah
iy,iy
kcl,pcl
ey,ix
r,r
ih,ix
m,m
ax,ix
n,n
uh,aa
kcl,kcl
p,p
ao,ao
ax,ax
ay,ay
ix,ix
r,r
s,s
dh,dh
r,r
t,t
k,k
ch,sh
n,n
sh,sh
r,r
axr,axr
s,s
q,q
n,n
dcl,dcl
iy,iy
p,p
k,k
ae,ae
b,p
kcl,tcl
k,dh
th,th
r,r
k,k
ih,ih
p,p
iy,iy
ih,iy
ix,ix
ux,ux
tcl,kcl
g,g
ih,ih
d,dh
v,n
s,s
t,t
l,l
p,p
aa,ay
kcl,kcl
iy,iy
ch,jh
aa,aa
iy,ey
q,q
ix,ax
ah,ah
th,tcl
t,t
tcl,kcl
ih,ey
v,v
ih,el
eh,eh
f,f
eh,ix
tcl,tcl
q,q
k,k
g,dx
axr,ax
dcl,dcl
s,s
r,axr
ay,ay
dcl,tcl
ay,ay
m,m
el,el
iy,iy
s,s
eh,r
z,s
pcl,kcl
ey,ey
ix,ih
er,axr
m,tcl
f,v
iy,iy
sh,sh
q,q
s,s
ix,iy
q,q
w,w
r,r
ay,ay
iy,iy
aa,aa
pcl,pcl
axr,er
iy,iy
v,v
ix,ax-h
ix,ix
ax,n
q,q
z,s
r,r
aa,aa
ae,ae
r,r
oy,m
tcl,tcl
axr,ix
ih,eh
s,sh
r,er
ah,ah
eh,eh
iy,iy
r,r
v,v
er,axr
ix,ix
n,l
pcl,kcl
k,k
bcl,bcl
iy,iy
ix,ix
w,w
eh,eh
pcl,pcl
z,z
bcl,bcl
iy,ix
kcl,tcl
l,l
kcl,tcl
r,r
axr,er
iy,iy
ay,ay
jh,jh
q,q
p,k
t,k
ax,eh
gcl,gcl
dh,dh
uh,ax
n,n
t,d
aa,aa
kcl,kcl
ae,ae
l,r
er,er
tcl,tcl
tcl,tcl
w,w
t,t
w,l
ih,ih
q,q
hv,hv
d,t
z,z
n,dcl
n,n
th,dh
l,r
n,n
pcl,dcl
kcl,kcl
t,t
y,y
n,tcl
v,s
w,w
ix,ae
ih,ix
m,m
w,w
v,v
y,y
v,v
ix,ax
ax,ix
l,q
ae,ae
l,w
ao,l
s,s
axr,axr
ao,ao
z,z
uh,ax
ax-h,v
dh,v
aw,er
eh,eh
z,z
n,n
ix,eh
r,r
n,n
iy,iy
l,l
ae,ae
ng,n
iy,iy
axr,axr
z,v
ay,ay
aa,aa
s,s
gcl,gcl
bcl,dcl
r,r
f,f
l,l
ng,ng
b,p
ah,ix
tcl,dx
iy,iy
kcl,kcl
q,q
l,r
f,f
v,v
iy,ix
ix,eh
l,l
ey,ae
ih,ux
dcl,dcl
aa,aa
axr,r
axr,r
dcl,dcl
g,k
w,w
axr,ix
eh,eh
ix,n
sh,sh
n,n
k,k
w,l
aa,aa
ix,ix
kcl,kcl
sh,sh
aa,aa
ey,ih
eh,ah
ey,iy
s,s
ih,ih
q,q
aw,ah
ix,eh
ix,ng
ey,ae
ax,ax
s,s
k,k
ah,ah
n,n
ix,ix
dx,dx
l,l
w,bcl
dcl,kcl
n,n
ih,ih
s,s
ah,ay
jh,ch
kcl,kcl
n,dcl
y,iy
ix,ix
ng,n
n,n
n,n
ih,ix
dcl,kcl
kcl,tcl
dh,kcl
t,t
ay,ay
ae,ae
m,n
ix,ix
dcl,dcl
q,q
tcl,q
n,n
n,n
t,t
ax,ax
aw,aw
gcl,n
tcl,kcl
ao,ao
ix,ax
iy,iy
s,s
p,p
eh,eh
eh,eh
uw,ux
sh,s
dx,l
ax,ix
aa,er
eh,ix
ah,ah
l,l
n,n
ao,w
ix,ix
ih,ix
n,n
w,w
d,t
ax,ax
el,el
dh,p
ay,ay
z,s
hh,hh
axr,r
s,s
r,r
gcl,dcl
ix,ix
g,q
kcl,tcl
s,s
eh,ay
tcl,tcl
ah,ih
s,s
w,w
pcl,pcl
ix,ix
p,p
ax,l
er,axr
s,s
ix,axr
aa,aa
r,r
pcl,kcl
y,y
r,r
l,l
n,ix
tcl,pcl
l,l
s,s
t,t
ih,ey
gcl,bcl
er,er
kcl,kcl
n,n
eh,eh
r,r
eh,ae
q,q
p,p
ao,aa
l,l
w,w
axr,r
tcl,tcl
ey,iy
eh,eh
dh,dh
gcl,gcl
l,ix
iy,axr
ih,ih
kcl,tcl
ao,ao
q,q
t,t
n,n
g,k
pcl,th
k,k
ow,eh
k,k
r,r
iy,iy
ay,ay
z,z
s,s
bcl,bcl
n,n
s,s
k,k
k,k
sh,sh
ax,ix
dh,t
ix,l
tcl,tcl
l,l
ix,ix
l,l
r,r
dh,v
q,q
n,n
k,k
q,q
ey,ey
l,l
ay,ay
r,er
ey,ey
axr,axr
ih,ix
n,n
r,r
ax,ax
f,f
ay,ay
ix,ix
ah,ow
eh,ae
eh,eh
axr,axr
s,s
axr,axr
aa,aa
g,g
kcl,kcl
k,k
dh,dh
s,s
iy,iy
r,ix
ae,ae
r,r
r,r
ey,ey
ix,ix
pcl,pcl
aa,r
n,m
ey,ey
l,dh
pcl,pcl
uw,r
ow,ao
ix,ix
l,r
v,kcl
ay,ay
m,n
ih,ix
r,r
k,k
tcl,dcl
t,d
pcl,tcl
s,s
zh,sh
axr,axr
n,n
bcl,v
y,y
ay,ah
k,k
n,n
axr,axr
ae,ae
ae,ae
n,n
aa,aa
k,k
ax,ax
m,m
gcl,gcl
k,k
m,m
ix,l
er,er
kcl,kcl
iy,iy
ix,ix
n,n
m,n
iy,iy
m,n
ix,ix
z,s
bcl,dcl
ay,ay
ux,ux
ng,ix
ax,l
kcl,pcl
tcl,tcl
ax,uw
s,s
kcl,kcl
kcl,tcl
ix,ix
hh,hh
jh,t
ay,ay
ah,ix
dx,r
z,z
ao,ao
ix,ix
eh,ah
m,m
ix,ix
k,hh
m,m
s,s
sh,sh
gcl,tcl
en,m
f,th
s,s
iy,iy
l,ix
ae,ae
axr,axr
aa,r
aa,ah
p,p
w,w
l,l
axr,axr
t,dh
ng,ng
dcl,dcl
ix,ix
ao,ao
ix,ih
s,s
f,f
v,v
aa,aa
q,q
q,q
kcl,kcl
iy,iy
z,z
aa,aa
k,k
f,f
eh,eh
nx,dx
ih,ih
r,r
tcl,tcl
t,dh
q,q
tcl,kcl
ih,ih
tcl,p
r,r
ax,ah
iy,iy
s,s
ih,ih
t,t
aa,aa
r,r
l,l
aa,ao
pcl,pcl
ux,ux
s,s
r,r
ay,ay
ao,ao
pcl,kcl
q,ix
n,n
ae,ae
ih,ix
ng,n
ix,r
r,r
ow,oy
g,g
z,z
p,p
p,p
dcl,tcl
ax,ax
kcl,kcl
f,t
jh,jh
ah,aa
axr,axr
v,v
pcl,kcl
r,axr
n,n
s,s
kcl,kcl
sh,sh
ih,ih
ay,ey
tcl,tcl
tcl,pcl
iy,iy
aa,ay
dcl,dcl
q,q
tcl,dcl
m,m
m,m
n,en
iy,iy
n,dx
pcl,kcl
bcl,kcl
p,p
aa,aa
p,p
ax,ax
eh,eh
ow,ao
ax,ax
ih,ih
n,n
d,d
hv,hv
q,l
dcl,dcl
dcl,dcl
k,k
m,en
tcl,tcl
oy,oy
pcl,pcl
r,w
r,r
ao,ao
ux,axr
ay,ay
r,r
bcl,dcl
jh,sh
nx,nx
bcl,dcl
l,l
n,n
iy,iy
ix,ix
tcl,tcl
l,l
nx,n
kcl,kcl
z,s
ay,ay
n,dcl
r,r
m,m
l,l
dcl,dcl
ih,axr
ae,ae
kcl,tcl
k,k
m,r
pcl,pcl
ix,ih
tcl,tcl
ao,ao
kcl,kcl
iy,iy
sh,ch
y,y
f,f
z,z
iy,iy
k,k
k,k
tcl,kcl
ah,ay
n,n
ix,ix
t,t
axr,er
ax,ax
tcl,tcl
n,n
g,k
ng,n
ay,eh
n,ix
ih,ih
tcl,tcl
dh,dh
ix,ix
tcl,kcl
k,k
ih,ih
tcl,q
iy,ey
s,s
ix,axr
s,s
p,p
axr,er
w,w
ey,iy
r,r
n,n
ae,ae
ey,ey
tcl,tcl
ae,ae
r,r
n,n
pcl,pcl
q,q
kcl,kcl
l,l
ax,ax
iy,iy
axr,er
pcl,kcl
dh,dh
tcl,tcl
aa,aa
k,k
q,q
aa,aa
aa,aa
l,l
iy,iy
sh,sh
iy,iy
f,f
th,z
t,d
iy,iy
f,th
w,w
tcl,dcl
tcl,q
eh,eh
s,s
n,q
r,r
iy,iy
l,l
th,pcl
kcl,pcl
z,z
sh,sh
r,r
ow,ah
dcl,dcl
r,r
hv,hv
t,t
tcl,kcl
eh,eh
t,t
ix,ix
iy,iy
f,s
t,t
z,s
ah,ah
er,axr
ix,ix
ah,ah
l,l
ao,ao
dcl,tcl
s,s
ix,ix
ih,ih
s,s
f,f
l,l
dcl,bcl
n,n
axr,ih
axr,m
r,r
tcl,tcl
s,s
eh,eh
tcl,pcl
axr,er
tcl,f
m,m
ah,ah
ao,w
t,t
k,k
iy,iy
tcl,tcl
iy,iy
n,n
ay,ay
n,m
p,p
g,k
r,r
f,f
r,r
kcl,gcl
ao,ao
dx,dx
dh,d
jh,jh
t,t
z,z
nx,n
q,aa
ao,ao
ix,ix
f,f
z,z
k,t
ux,ux
dh,dh
axr,r
axr,q
sh,sh
ay,ay
k,k
m,q
aa,aa
kcl,tcl
gcl,gcl
er,er
eh,eh
ay,ay
ay,ay
tcl,tcl
ix,ix
aa,aa
nx,nx
l,l
r,r
s,s
r,r
m,m
iy,iy
eh,eh
s,sh
kcl,kcl
k,k
ux,axr
k,k
n,n
z,s
ey,ey
w,w
iy,iy
ay,ay
l,l
k,k
dh,d
p,p
f,f
el,m
kcl,kcl
v,v
ay,ay
gcl,dcl
m,n
kcl,kcl
ch,jh
iy,iy
r,r
ax-h,ax-h
n,l
z,z
tcl,dcl
ae,ae
z,z
ah,eh
ih,ih
axr,axr
ah,ao
w,l
gcl,dcl
z,s
r,r
kcl,kcl
axr,r
l,l
ay,ay
m,m
iy,iy
d,dh
ih,ix
ah,ah
dh,dh
ah,aa
ax,ax
s,s
kcl,kcl
l,w
ey,ey
l,l
iy,iy
ng,n
n,dcl
ow,ao
l,l
ow,ow
w,ax
tcl,pcl
ih,eh
pcl,pcl
ix,ix
s,z
n,n
tcl,kcl
p,p
t,t
ax,ae
m,m
w,ah
gcl,dcl
r,r
m,m
w,ax
ih,ih
n,nx
tcl,tcl
l,ao
ae,ae
ax,ah
w,w
tcl,tcl
g,g
dcl,dcl
ax,ah
l,l
ng,n
z,z
s,s
ix,ix
dcl,tcl
m,m
z,z
m,tcl
ux,y
m,m
z,z
pcl,kcl
ah,ow
z,z
tcl,tcl
eh,ah
sh,sh
p,p
tcl,kcl
axr,axr
er,axr
iy,ih
m,m
eh,eh
ao,ao
t,k
kcl,dh
ih,ux
iy,iy
ao,ao
tcl,dcl
n,n
s,s
q,q
ih,ih
kcl,kcl
tcl,th
tcl,kcl
gcl,gcl
n,n
ax,ax
s,s
q,q
t,t
ow,l
l,l
ao,ao
aw,ae
iy,iy
dcl,dcl
kcl,kcl
s,s
dh,dh
n,n
ah,ah
ih,ih
n,n
ao,aa
n,n
dcl,dcl
iy,iy
aa,ao
kcl,kcl
kcl,kcl
gcl,dcl
eh,eh
n,n
w,w
ix,ix
tcl,q
dx,dx
ih,eh
ae,ae
dcl,dx
iy,iy
sh,sh
ix,ax-h
axr,axr
g,k
s,s
r,r
s,s
n,n
n,n
g,r
pcl,pcl
z,z
dcl,dcl
r,ix
ao,ao
aa,aa
dcl,g
sh,sh
ah,ah
ux,ux
er,er
iy,ix
sh,sh
pcl,kcl
tcl,gcl
sh,z
dh,dh
ix,dcl
bcl,bcl
ah,ah
hv,n
n,n
y,iy
d,d
ax,r
r,r
l,w
r,r
q,q
n,n
sh,sh
z,s
s,s
l,w
dcl,gcl
t,t
k,k
ux,ux
ix,ux
kcl,tcl
kcl,tcl
q,q
ix,eh
k,k
kcl,kcl
iy,iy
iy,iy
kcl,kcl
ih,eh
kcl,tcl
s,s
oy,oy
ae,ae
p,hh
r,r
q,q
r,r
iy,iy
f,th
tcl,kcl
ux,n
ih,ih
oy,oy
r,r
ix,ix
v,v
ih,ih
ae,ae
s,s
l,l
ix,ix
iy,ey
z,s
d,d
ow,ow
ih,ix
pcl,tcl
el,el
ax-h,ix
th,th
kcl,kcl
s,sh
kcl,kcl
ix,ix
ay,ay
ih,ih
s,s
dcl,dcl
ow,ow
iy,iy
n,n
hh,hh
f,f
m,n
kcl,pcl
ey,ey
ae,ae
r,r
ix,ix
d,d
m,en
d,dcl
tcl,tcl
k,k
n,m
r,r
ae,ey
tcl,tcl
bcl,m
tcl,tcl
ey,ey
s,s
n,n
n,dcl
ix,ix
sh,s
ow,ow
r,ey
kcl,kcl
dh,dh
hv,hv
r,r
ih,ih
eh,er
ng,ng
axr,ix
iy,iy
ao,uw
ae,ae
el,el
y,y
d,g
kcl,tcl
ix,ix
n,m
dcl,dcl
v,v
l,l
kcl,pcl
l,l
eh,eh
q,k
hh,f
aa,ah
z,z
s,s
q,q
iy,iy
b,dh
q,q
q,ax
r,r
t,t
tcl,kcl
ey,ey
ao,ao
hv,hv
pcl,pcl
w,w
m,m
q,q
s,s
y,y
r,r
n,q
ae,ae
v,v
s,s
ih,ih
dcl,dcl
dh,n
pcl,tcl
k,k
gcl,dcl
m,m
s,z
bcl,dcl
ix,ih
s,s
r,l
ae,ae
aw,aw
s,s
pcl,kcl
r,r
aa,ah
l,l
kcl,kcl
ih,ih
k,k
ng,n
m,m
m,n
k,g
ax,ax
ao,ao
s,s
ay,ay
iy,iy
kcl,kcl
n,n
ao,aa
r,r
k,k
s,s
l,l
ey,ey
kcl,kcl
ix,eh
bcl,bcl
s,s
t,t
ah,ay
iy,iy
ao,ao
y,y
q,q
iy,iy
aa,ao
ix,ih
pcl,pcl
nx,nx
g,k
q,q
sh,sh
l,l
eh,ah
eh,ix
dh,z
aw,aw
ux,ux
eh,q
ah,ay
tcl,tcl
n,n
r,r
hh,hh
n,n
ix,axr
ix,ix
r,r
r,r
ih,iy
sh,sh
eh,eh
k,k
ix,ix
dh,dh
jh,jh
ax,ax
q,q
dcl,dcl
eh,ix
ay,ay
tcl,pcl
ix,axr
dcl,dcl
ao,ao
ay,ay
ng,n
axr,axr
f,f
dx,dx
r,r
ae,ae
ah,ah
z,dcl
ae,ae
ay,ay
iy,iy
ey,ey
sh,sh
gcl,gcl
ng,kcl
k,k
ux,iy
r,r
iy,y
z,z
ow,ow
l,l
m,n
dcl,dcl
ey,ey
iy,ix
m,m
iy,iy
ih,ih
ey,ey
s,s
eh,eh
ih,ih
r,r
bcl,dcl
s,s
q,q
p,p
n,dcl
b,p
gcl,gcl
k,k
r,ao
w,w
k,k
ay,ay
axr,axr
f,f
v,hv
ix,n
f,f
ey,ey
iy,iy
k,k
dx,dcl
ey,ey
ow,ao
r,r
tcl,tcl
w,w
n,n
hh,hh
iy,iy
t,t
axr,axr
m,m
l,l
dh,v
ow,el
iy,iy
ao,ao
ao,ao
ay,ay
aw,aw
hh,hv
eh,ae
iy,iy
ih,eh
ao,ao
k,t
ix,ix
n,n
l,l
hh,hh
n,n
ih,iy
ao,ao
ax,ax
k,k
ch,ch
aa,aa
er,er
m,m
n,n
tcl,tcl
hh,hh
ay,ay
sh,sh
t,t
pcl,pcl
w,w
q,w
ch,s
w,w
nx,nx
dcl,dcl
kcl,kcl
ao,l
ix,ax
r,r
kcl,kcl
t,t
l,l
eh,eh
k,k
aa,aa
ih,eh
w,w
ix,l
w,w
m,m
q,q
d,t
f,f
k,k
ix,ix
r,r
l,l
axr,er
r,r
kcl,kcl
ix,ix
s,s
ax,ax
w,w
iy,iy
ow,aw
ey,ay
ix,ix
g,k
ih,ix
dh,dh
n,n
v,v
ih,ih
kcl,kcl
bcl,tcl
d,dh
kcl,kcl
f,th
m,m
ih,ix
dcl,n
jh,jh
dh,dx
nx,nx
ix,ix
r,r
d,t
dh,dh
ch,jh
s,s
p,p
uw,ix
eh,eh
ah,ah
kcl,tcl
aa,ao
iy,iy
s,s
t,t
dcl,dcl
ow,er
ay,ay
ae,ae
eh,eh
ih,ih
pcl,tcl
er,axr
l,l
jh,jh
ix,ix
iy,iy
kcl,tcl
s,s
tcl,kcl
aa,ay
axr,axr
q,q
t,t
gcl,kcl
n,gcl
ih,iy
kcl,kcl
kcl,tcl
sh,sh
ix,ix
kcl,kcl
er,er
m,m
ey,ey
ih,ih
r,r
aa,aa
q,q
v,v
ao,ao
eh,eh
d,d
n,n
t,t
ay,ey
sh,sh
bcl,bcl
ay,ay
dcl,dcl
ih,ih
ix,ix
axr,axr
aw,aa
ix,ix
iy,iy
ah,l
ax,ix
ao,r
ax,ix
dcl,ix
s,s
jh,jh
w,w
k,k
ao,ao
aa,aa
m,n
w,w
oy,oy
ao,ah
z,z
ax-h,tcl
hh,hh
k,k
w,w
tcl,tcl
d,q
aa,aa
ix,ax
iy,ix
t,t
ih,ih
y,iy
m,m
v,v
w,l
k,k
tcl,tcl
ih,ix
t,t
dcl,gcl
m,m
axr,axr
t,d
l,l
s,s
s,s
s,s
ey,iy
q,q
ax,v
ae,ae
ah,ax
tcl,tcl
n,dcl
aa,aa
t,jh
t,t
ow,ow
t,t
dh,dh
t,t
m,m
aa,ah
r,r
uw,uw
ih,ay
aa,ay
dcl,dcl
ae,ae
y,y
iy,iy
k,g
q,q
r,r
y,y
iy,iy
r,r
l,l
axr,axr
ow,ow
ae,ae
v,v
l,ao
w,w
jh,jh
kcl,kcl
eh,ix
ix,ix
eh,ix
n,m
bcl,bcl
z,z
ih,ah
axr,r
aw,ow
ao,ao
s,s
s,s
ao,ao
ix,ix
tcl,tcl
ah,ao
dcl,dcl
ey,iy
f,f
l,l
l,l
m,m
bcl,bcl
d,t
ix,l
t,t
z,s
ay,ay
ix,ix
s,s
axr,eh
t,k
ey,ey
dh,dh
ng,m
z,z
n,n
n,m
ae,ae
ay,axr
ae,ae
ax,ix
ae,ae
dcl,dcl
tcl,tcl
k,k
oy,oy
zh,z
dh,dh
ey,ey
tcl,tcl
iy,iy
ey,ey
y,y
gcl,gcl
iy,iy
dcl,n
n,n
ao,ao
dx,dx
ax,ax
bcl,dcl
pcl,pcl
ao,ao
ao,ao
l,ow
dcl,dx
iy,iy
dh,dh
ix,ix
ix,ix
sh,sh
s,s
n,n
aa,aa
ih,ih
s,s
ch,ch
iy,iy
hh,z
ix,ix
nx,m
k,k
eh,ah
f,f
r,g
l,l
n,n
axr,axr
l,l
l,l
eh,ae
uw,ow
eh,axr
p,p
jh,ch
tcl,kcl
ao,aa
el,l
ow,ow
f,f
el,el
z,z
d,d
f,ey
ax,ax
k,k
dh,g
dh,dh
axr,axr
m,n
w,w
ay,ay
ih,ih
ow,ow
n,n
k,k
uw,ax
r,r
p,p
w,w
tcl,kcl
kcl,kcl
ng,r
z,kcl
ax,ax
r,r
hh,hh
s,z
hv,ix
aa,aa
sh,sh
ih,ih
m,m
t,t
z,z
r,r
bcl,pcl
tcl,tcl
hv,hv
kcl,tcl
ow,ow
l,l
iy,iy
q,q
r,r
n,ix
s,s
n,n
uw,ow
dcl,tcl
er,er
dcl,dcl
oy,oy
ih,ih
ae,ae
z,s
t,k
z,z
iy,iy
tcl,pcl
p,p
ao,ao
eh,ih
n,m
ax,ax
l,l
ax,ax
y,y
l,l
w,r
ah,ah
hh,hh
l,ao
z,s
ux,iy
s,s
ao,ao
ih,ix
th,th
n,n
dcl,kcl
ae,ae
uh,ix
gcl,kcl
r,r
kcl,tcl
tcl,tcl
ix,ix
pcl,pcl
s,t
iy,iy
k,k
sh,sh
kcl,kcl
z,th
ih,eh
dcl,dcl
eh,eh
r,r
ax,r
ix,ix
bcl,dcl
r,r
gcl,gcl
dh,q
ay,ay
iy,iy
n,n
dcl,dcl
z,s
tcl,dcl
ux,ux
f,f
l,l
axr,axr
axr,iy
ae,ae
n,n
z,z
l,l
r,r
m,n
ah,ah
s,s
ix,ih
ax,ax
z,z
dcl,dcl
w,w
kcl,kcl
kcl,kcl
z,s
t,t
l,l
y,y
ax,ax
iy,iy
n,n
s,s
ah,ow
er,er
iy,iy
dcl,dcl
bcl,bcl
l,w
iy,iy
hh,hh
er,axr
gcl,gcl
er,er
ix,eh
eh,ae
gcl,dcl
sh,sh
y,y
axr,axr
ng,ng
dh,th
ao,aa
kcl,pcl
r,r
l,l
iy,iy
aa,aa
bcl,dcl
b,l
kcl,kcl
z,z
ih,ey
hh,kcl
p,p
kcl,kcl
eh,eh
v,v
r,r
ay,ay
eh,ix
s,s
s,s
eh,eh
eh,eh
m,m
z,z
pcl,tcl
n,ix
l,l
d,jh
eh,ae
iy,iy
kcl,gcl
g,t
ix,axr
ih,ix
ix,ih
d,k
l,l
v,v
t,tcl
t,k
g,g
s,s
pcl,v
dh,t
th,th
tcl,q
pcl,kcl
w,w
n,n
r,r
eh,ae
sh,s
dcl,dcl
n,n
ih,ih
f,f
dcl,dcl
hh,hv
oy,oy
ix,ix
dh,z
n,n
dcl,gcl
ix,ih
ao,ao
iy,iy
tcl,kcl
r,r
gcl,n
tcl,tcl
s,s
en,m
kcl,kcl
k,k
ao,ao
ix,ix
l,r
r,r
m,m
nx,nx
ng,n
dcl,dcl
ng,ng
s,s
z,z
z,z
ix,iy
eh,ih
ix,ix
ah,ix
ae,ae
kcl,kcl
q,q
dcl,dcl
ih,ux
ix,ih
ax,aa
iy,iy
r,r
w,l
ao,ao
eh,eh
l,l
s,s
iy,iy
axr,ux
ax,ix
s,z
pcl,kcl
dx,dx
ay,ay
tcl,pcl
t,t
n,n
en,en
th,th
ae,ae
l,l
ao,w
ux,ux
s,s
kcl,kcl
ax,ax
dx,dx
aa,aa
s,s
ax,ix
s,s
oy,oy
ao,ao
uw,el
d,tcl
aa,aa
q,q
tcl,tcl
ae,ih
m,dx
p,p
ae,ae
oy,oy
ey,ey
n,n
ax,r
ae,ae
q,q
en,n
s,s
uh,ux
l,l
ey,ey
z,s
ay,ay
ax,eh
aa,ay
g,k
ah,ay
kcl,pcl
g,g
ao,ao
z,z
p,p
ae,ae
ux,ux
gcl,dcl
eh,eh
kcl,kcl
en,ah
tcl,tcl
r,r
q,ae
t,t
eh,eh
jh,jh
bcl,bcl
z,z
r,r
m,m
oy,oy
r,r
tcl,dx
axr,eh
aa,aa
ix,ix
aa,aa
tcl,tcl
gcl,kcl
t,t
l,r
oy,oy
r,r
ix,ix
g,g
ah,ah
kcl,kcl
kcl,kcl
dcl,dcl
ao,ao
ow,ow
hv,hv
ax-h,ix
ix,iy
s,s
ah,ah
dh,ax-h
s,s
ao,ao
kcl,kcl
z,dcl
eh,eh
z,s
el,r
gcl,kcl
ae,ae
th,th
oy,oy
ax,l
v,v
ix,ix
ay,ay
s,s
s,s
iy,iy
ng,n
dh,tcl
iy,iy
iy,iy
tcl,tcl
axr,axr
eh,er
kcl,kcl
ae,ae
kcl,kcl
iy,iy
aw,aa
zh,z
kcl,n
pcl,bcl
p,dh
eh,ae
jh,jh
k,k
dh,dh
jh,ch
ax,ax
ng,n
iy,iy
t,d
eh,eh
kcl,gcl
pcl,pcl
m,m
aa,aa
ix,ix
s,s
w,w
ae,ae
s,s
ey,eh
f,f
dx,dx
p,p
r,r
ng,n
jh,jh
w,w
kcl,kcl
ey,ey
kcl,kcl
ah,ah
p,f
ay,ay
dx,v
tcl,f
z,s
z,z
y,iy
l,l
r,r
er,er
dx,dx
dcl,dcl
w,w
eh,ae
aw,ah
ey,ey
er,er
ih,r
l,l
iy,iy
ah,eh
eh,eh
f,f
z,z
hv,hv
n,ng
ux,ux
g,g
uh,ux
ix,ix
iy,iy
ix,ix
y,y
ih,ey
ow,ow
jh,ch
r,r
ow,w
r,r
ao,ao
iy,iy
p,p
tcl,kcl
aa,aa
iy,er
kcl,kcl
aa,aa
q,y
l,l
hh,hh
ix,en
oy,oy
q,q
dcl,tcl
ng,ng
y,y
bcl,bcl
t,t
kcl,kcl
el,el
iy,iy
dcl,dcl
bcl,bcl
r,gcl
ng,ng
ae,ae
dx,dcl
m,m
ih,ix
m,m
m,m
iy,iy
aa,aa
er,axr
ay,ay
kcl,tcl
t,t
ix,iy
l,l
r,r
nx,n
y,iy
l,l
s,s
z,s
axr,axr
ae,ae
ix,ix
ow,ao
l,l
ih,uw
ey,ey
jh,ch
tcl,tcl
r,ix
r,ah
oy,oy
ix,r
ah,ah
s,s
ax,ax
dcl,pcl
ih,ix
ay,ay
pcl,tcl
aa,ay
ao,aa
t,d
k,k
axr,axr
ix,ix
q,q
dcl,dcl
iy,iy
ih,iy
ng,n
ih,y
ah,ah
pcl,pcl
m,m
th,v
dx,dx
k,dh
kcl,kcl
iy,iy
er,er
er,er
s,s
r,r
z,z
l,l
ae,ae
kcl,kcl
axr,r
bcl,tcl
s,s
l,l
n,n
pcl,pcl
m,n
ah,ax
p,p
eh,r
ix,ix
ao,ao
axr,axr
tcl,tcl
k,k
p,p
ix,ah
r,r
l,n
iy,iy
iy,iy
t,t
s,s
kcl,pcl
tcl,pcl
tcl,bcl
m,n
ix,ae
z,s
m,m
y,gcl
iy,iy
s,s
axr,axr
z,z
l,l
ay,ay
n,n
s,s
ax,ax
k,k
er,aa
uw,ix
axr,axr
ih,ih
s,s
v,v
ey,ey
iy,iy
iy,y
f,f
l,l
er,er
z,s
d,t
m,m
w,w
n,n
q,q
axr,axr
tcl,dcl
uw,ux
t,t
ix,ix
s,s
dx,dcl
ax,l
s,s
eh,eh
ao,aa
q,q
axr,ax
dx,dx
ax,ix
eh,ah
k,k
ey,ey
sh,s
m,m
n,n
ao,ao
ae,ae
ah,aw
gcl,dcl
pcl,pcl
m,m
kcl,kcl
tcl,kcl
hv,hv
w,w
dcl,bcl
r,r
tcl,gcl
ae,eh
r,r
er,r
m,m
iy,iy
m,m
tcl,tcl
ao,aa
ix,ix
ih,ey
ao,aa
r,r
kcl,tcl
ow,ow
w,w
m,m
pcl,pcl
t,t
t,d
t,t
l,l
ey,ey
ay,ay
n,n
aw,aa
f,f
f,f
s,s
ax,ax
w,w
s,s
dcl,tcl
s,s
s,s
tcl,tcl
g,g
axr,er
b,kcl
dh,dh
ix,ix
ix,ix
iy,iy
iy,iy
t,t
n,n
ix,ah
ax,ax
kcl,kcl
d,t
ix,ix
r,r
ih,eh
iy,iy
ax,ax
p,p
z,z
iy,iy
ih,ix
ah,ah
ix,r
en,en
eh,eh
iy,ey
aa,aa
axr,ix
ix,ax
l,l
sh,sh
ix,ix
f,f
p,p
n,n
n,n
eh,ae
ix,ey
ih,l
dcl,dcl
tcl,tcl
k,k
l,l
t,t
dx,dx
kcl,kcl
ae,ae
dx,dx
s,s
n,n
hv,hv
l,l
er,er
l,l
axr,ix
kcl,k
pcl,tcl
ih,ix
s,s
ih,ih
z,s
el,el
er,r
ix,ay
d,dh
aa,r
ae,ah
s,s
pcl,pcl
gcl,tcl
s,s
ow,ow
r,r
aa,aa
ay,ay
w,w
iy,iy
t,p
tcl,tcl
ix,ix
ae,eh
th,t
sh,sh
eh,ix
tcl,tcl
ux,ux
ax,ix
l,l
pcl,kcl
z,z
ah,ah
pcl,pcl
ax,ax
n,n
v,v
ix,ax
ao,ao
dx,dx
m,n
l,l
q,q
ng,ng
kcl,kcl
er,er
k,k
ux,ux
ah,ow
ix,ix
ay,ay
ae,ae
n,n
l,l
ax,en
eh,eh
ow,ow
m,dh
axr,axr
axr,axr
ow,ow
ae,ae
eh,ae
r,n
iy,iy
g,g
er,er
gcl,dcl
y,y
t,t
kcl,kcl
gcl,gcl
ax,ax
iy,iy
k,k
iy,iy
ix,ax
hv,hv
gcl,tcl
s,s
z,s
eh,eh
s,s
nx,n
t,t
ih,eh
d,dx
uh,ix
gcl,n
ax,ix
s,s
n,n
aa,ao
f,f
d,jh
ix,ix
dcl,dcl
l,l
er,axr
dcl,dcl
ih,ih
n,n
tcl,dcl
dcl,dx
iy,iy
m,m
ix,ix
l,l
ux,ix
s,s
gcl,gcl
iy,iy
r,r
axr,axr
ae,ae
pcl,tcl
iy,iy
th,tcl
ax,ix
ao,ao
iy,y
ix,ax
w,w
z,z
d,t
iy,iy
ae,ae
g,dx
oy,oy
aa,aa
r,y
ix,ih
r,r
aa,er
kcl,k
ih,ih
p,p
ax,ix
ay,ay
bcl,bcl
axr,axr
ix,ix
dcl,dcl
d,q
k,k
dcl,gcl
ix,ix
q,q
ah,ae
n,n
tcl,tcl
p,hh
v,v
ih,ih
f,f
l,l
s,z
k,k
p,p
tcl,kcl
ix,ax
ih,ix
s,s
iy,iy
q,w
t,d
w,w
ux,ux
hv,hv
ix,iy
r,r
ax,ix
l,l
l,l
ah,eh
ix,ix
r,r
iy,iy
q,q
ae,eh
oy,oy
iy,iy
ax,ix
l,el
m,m
dh,dh
ow,ow
s,s
w,w
n,n
n,n
ae,ae
ah,ah
m,n
ae,ae
ao,aa
n,n
z,z
ay,ay
kcl,f
v,n
ix,ix
n,n
r,r
ey,ey
ix,ih
k,k
t,k
ng,l
z,z
ey,ey
n,dcl
ah,ah
dcl,bcl
m,m
w,w
ay,ae
eh,eh
er,er
ah,eh
kcl,kcl
eh,eh
s,s
v,v
ao,ao
ix,ix
ay,ay
axr,axr
axr,axr
kcl,kcl
ey,ey
ae,ae
s,s
bcl,n
r,oy
tcl,tcl
t,t
w,w
ah,ah
iy,iy
ix,iy
r,r
iy,y
ey,ey
k,k
iy,iy
q,q
axr,axr
ax,ax
ix,ix
ux,ux
ch,ch
q,q
s,s
y,iy
aa,ah
hv,ix
tcl,pcl
v,v
z,z
dh,v
dcl,kcl
r,r
hh,hh
s,z
ih,ih
axr,r
tcl,kcl
f,f
em,n
ix,ix
sh,sh
l,l
hv,hv
ax,ax
ao,ay
ae,ay
l,r
n,n
er,ux
axr,q
ih,ix
l,l
q,q
eh,eh
axr,axr
n,n
f,f
eh,eh
r,r
r,r
g,g
eh,axr
kcl,kcl
s,s
iy,iy
gcl,dcl
r,r
tcl,tcl
kcl,tcl
ax,ix
ih,ih
iy,ix
w,w
z,z
w,w
axr,axr
p,p
k,g
uw,ux
v,v
n,n
aa,aa
iy,iy
l,l
gcl,dcl
tcl,kcl
d,k
kcl,kcl
d,t
dh,q
y,y
aa,aa
axr,er
jh,jh
tcl,kcl
t,k
ih,ih
r,r
n,n
n,n
iy,iy
ux,ux
aa,ao
tcl,tcl
ay,ey
tcl,kcl
dx,dx
ix,ix
n,n
ey,ey
v,tcl
hv,hv
kcl,tcl
t,t
dcl,dcl
dcl,kcl
ae,ae
z,z
dx,dx
uh,ow
w,w
pcl,kcl
tcl,tcl
s,s
axr,axr
dcl,dcl
ix,ih
pcl,pcl
ux,iy
r,r
sh,sh
p,dh
t,t
s,s
l,l
s,s
ax,ax
s,s
ix,ih
ao,ao
ux,iy
ux,ix
l,l
dcl,gcl
kcl,dcl
ix,ih
s,s
kcl,kcl
ao,ao
aa,aa
pcl,pcl
hh,hh
iy,iy
iy,iy
s,s
ix,ax
aa,aa
kcl,kcl
ah,ah
ow,oy
eh,eh
eh,eh
aa,eh
ao,ao
sh,sh
s,s
kcl,tcl
axr,axr
p,p
kcl,kcl
kcl,kcl
uh,uw
l,l
n,n
k,k
dcl,gcl
ae,ae
w,w
n,n
ah,aa
sh,sh
pcl,pcl
s,s
dcl,dcl
ey,eh
ix,ih
iy,iy
q,q
hv,hv
dcl,jh
n,n
eh,eh
axr,axr
iy,iy
ix,ix
pcl,tcl
n,n
ey,iy
uw,el
axr,axr
th,q
r,r
ix,ix
kcl,kcl
axr,r
t,t
v,v
y,y
kcl,dcl
pcl,pcl
s,s
ey,ey
ix,l
q,q
ao,ao
k,k
kcl,kcl
bcl,tcl
tcl,kcl
iy,iy
k,k
q,q
aa,aa
n,n
tcl,k
bcl,kcl
l,l
eh,eh
t,t
ux,ih
gcl,kcl
dcl,dcl
dcl,dcl
n,n
kcl,tcl
tcl,tcl
iy,iy
ux,ux
ae,ae
iy,ix
axr,ax
dh,dh
l,l
aw,aw
l,l
en,en
bcl,bcl
ae,ae
l,r
jh,jh
s,sh
f,f
l,ow
kcl,kcl
gcl,gcl
f,f
ix,ix
tcl,f
kcl,tcl
oy,ay
ao,ao
k,k
ih,ix
kcl,kcl
dh,z
dcl,tcl
tcl,bcl
aa,aa
gcl,dcl
n,n
ow,ow
aa,aa
n,n
s,z
ih,ih
ih,ax
iy,iy
ah,ah
ix,ix
k,g
axr,aa
aa,aa
f,s
ix,ix
iy,iy
eh,eh
kcl,kcl
ay,ay
kcl,kcl
m,r
f,f
k,k
s,s
ay,ay
uh,ih
dx,tcl
dcl,dcl
r,r
ix,ih
ay,ay
eh,ih
kcl,kcl
dx,dx
axr,r
kcl,tcl
s,s
r,r
axr,axr
hv,hv
tcl,t
tcl,tcl
k,k
oy,oy
sh,sh
ow,ow
pcl,tcl
l,l
iy,iy
ae,ae
ih,ih
ih,ey
ax,ah
tcl,tcl
d,t
bcl,pcl
m,m
z,z
r,r
z,s
k,k
eh,eh
ah,ah
m,m
tcl,kcl
r,r
s,s
axr,r
m,m
pcl,pcl
axr,axr
s,s
v,v
dcl,dcl
hv,hv
k,k
l,l
p,p
ih,ix
r,r
s,s
iy,iy
v,v
pcl,kcl
ix,ix
ix,n
k,g
eh,eh
ah,aa
ix,ix
kcl,kcl
n,n
bcl,m
tcl,kcl
aa,aa
bcl,w
y,y
dcl,pcl
ao,el
r,r
er,er
tcl,kcl
f,f
ih,ih
axr,er
k,t
aa,aa
ax,l
ix,r
ow,ow
l,l
n,n
pcl,pcl
ey,ey
n,n
s,s
z,s
oy,oy
s,s
ix,ix
ay,ay
aa,aa
dcl,dcl
iy,iy
ih,ih
tcl,kcl
t,t
dcl,dcl
pcl,tcl
axr,axr
ix,ix
m,m
ix,l
t,t
ay,ay
s,s
ae,ae
l,l
y,y
iy,iy
p,dh
ax,ih
ay,ay
f,f
axr,axr
aa,aa
l,l
q,q
kcl,pcl
n,n
ax,r
hv,hv
ax,ax
ng,ng
kcl,kcl
n,n
ax,n
tcl,tcl
ix,ix
er,er
ix,ih
r,r
ay,ay
dcl,dcl
r,ah
l,l
g,k
ng,gcl
ao,w
ao,ao
jh,jh
iy,iy
m,m
iy,iy
ih,ix
oy,oy
axr,axr
s,z
sh,sh
iy,iy
ax,l
y,y
hv,hv
tcl,tcl
kcl,kcl
ix,ix
z,z
axr,axr
tcl,tcl
kcl,ix
k,k
tcl,dcl
dcl,bcl
ih,ix
sh,jh
ae,ae
l,l
v,dh
aa,aa
ih,ey
z,z
ax,ax
ao,ao
sh,sh
m,n
tcl,tcl
ae,ae
iy,iy
ix,ix
f,p
uh,eh
el,el
m,m
aa,aa
w,w
s,s
r,r
er,er
axr,axr
kcl,gcl
k,g
l,l
q,q
dx,dx
t,jh
iy,ix
s,s
ah,ah
ao,ao
gcl,gcl
kcl,pcl
f,f
kcl,kcl
r,r
n,n
ao,ao
kcl,tcl
ao,ao
n,n
aa,aa
m,m
r,r
el,el
l,l
m,m
en,en
m,m
ax,ix
iy,iy
iy,iy
w,w
nx,nx
dcl,kcl
r,r
tcl,tcl
t,t
n,n
iy,iy
iy,iy
tcl,pcl
f,f
k,k
ow,ow
l,l
dcl,dcl
l,l
k,k
dcl,v
d,t
v,v
ay,ey
eh,eh
jh,jh
iy,ix
aa,ay
m,r
w,w
n,ix
iy,iy
ix,ix
l,l
k,k
aw,aw
k,k
ao,ao
aa,aa
r,ay
r,r
th,t
s,s
r,r
s,s
m,m
ae,ae
ay,ay
ah,ah
dcl,dcl
nx,n
el,el
ng,n
bcl,bcl
ao,ao
q,q
ix,ix
iy,iy
tcl,q
n,n
oy,ao
ix,ix
iy,iy
ae,ae
eh,iy
ay,ay
ng,ng
z,kcl
s,s
n,n
gcl,gcl
dh,dx
p,p
ay,ay
l,l
m,m
r,r
kcl,kcl
gcl,dcl
n,n
n,n
ey,iy
bcl,kcl
v,v
ao,ao
m,m
kcl,tcl
n,n
f,f
m,m
q,q
v,v
ey,ey
ax,ax
ey,ey
tcl,dcl
ih,eh
dcl,n
iy,iy
s,s
ix,ix
ng,n
tcl,tcl
dcl,dcl
kcl,kcl
v,f
aa,aa
l,ax
dcl,dcl
aa,ao
l,q
r,r
p,p
s,s
dx,dx
aw,aw
ey,ey
kcl,tcl
uh,uh
m,n
uw,axr
g,p
ax,ix
ow,ow
iy,y
l,l
eh,eh
el,el
w,w
ax,ax
sh,sh
n,n
ax-h,ix
axr,axr
s,s
aa,aa
dh,dh
kcl,kcl
aa,aa
z,s
jh,y
eh,r
ih,ih
iy,iy
r,r
n,n
r,ay
z,z
t,t
ay,ao
z,z
axr,r
s,s
axr,r
dcl,dcl
ae,ae
axr,ey
tcl,tcl
dcl,dcl
l,nx
aw,ae
gcl,gcl
dcl,dcl
r,r
g,k
hh,hh
jh,ch
sh,sh
aa,aa
l,l
w,w
n,n
k,k
oy,ao
aa,aa
eh,eh
r,r
uw,uw
s,s
ao,ao
d,t
q,ix
l,l
tcl,pcl
ay,ay
y,iy
sh,sh
k,k
iy,iy
ix,ix
z,z
r,r
ih,r
ax,ax
p,p
ow,ow
t,t
m,m
s,s
hh,hh
dx,n
r,r
tcl,tcl
ng,uw
ao,ao
ae,ae
w,w
ah,ah
kcl,kcl
n,n
ux,ux
ih,axr
ih,ih
gcl,gcl
ah,ah
l,l
r,r
s,z
pcl,dcl
aa,aa
ih,ix
l,l
n,k
ey,ey
ih,ih
eh,r
ux,iy
ix,eh
iy,iy
t,t
axr,axr
tcl,q
tcl,kcl
ao,ao
l,l
er,er
er,er
v,v
tcl,tcl
d,ix
dh,dh
l,r
dcl,tcl
nx,nx
kcl,tcl
iy,ih
g,k
ey,ey
kcl,kcl
m,bcl
t,t
em,en
m,m
ae,eh
tcl,pcl
dx,dx
l,l
l,l
k,k
axr,er
ay,ay
ih,ih
t,d
t,t
ax,ix
ix,r
q,q
iy,iy
s,s
s,s
ix,ix
s,s
ix,ix
ax,l
ix,ix
bcl,bcl
r,r
ae,ae
iy,iy
ae,ah
ih,eh
r,r
ux,ux
iy,iy
th,f
gcl,dcl
l,l
nx,nx
axr,axr
l,l
er,er
s,s
pcl,pcl
ay,ay
ey,ey
dh,v
m,n
tcl,th
t,d
dcl,dcl
s,s
dx,dx
th,dh
jh,jh
eh,eh
gcl,gcl
n,n
k,k
r,r
m,m
k,k
ix,ax
d,t
f,f
en,en
ax,l
iy,ey
dcl,dcl
er,axr
eh,eh
ux,iy
aa,r
kcl,tcl
l,l
pcl,kcl
el,l
m,n
k,k
uh,ao
z,z
tcl,tcl
p,p
k,k
ix,ix
q,q
ux,iy
dcl,dcl
t,t
bcl,bcl
l,ax
ix,ix
ae,ae
dh,v
ux,ux
y,ix
ae,aw
kcl,kcl
iy,iy
m,m
w,w
ix,iy
ey,ey
ao,ao
ix,axr
ih,ix
bcl,bcl
r,axr
jh,jh
v,v
f,f
sh,sh
ih,iy
z,z
s,z
w,w
r,ix
f,f
ay,ay
r,r
aa,ah
dh,dh
r,r
ih,eh
bcl,pcl
l,l
ix,ix
v,l
kcl,kcl
l,l
iy,iy
ix,iy
dx,dx
l,q
th,f
aa,aa
aa,aa
m,n
r,r
axr,axr
aa,ao
kcl,kcl
k,q
ae,ay
ey,ey
w,w
ax,ax
gcl,gcl
gcl,kcl
r,r
n,dcl
t,q
ae,ae
iy,iy
tcl,tcl
n,gcl
ae,ih
r,r
nx,n
tcl,pcl
dcl,dcl
ey,iy
kcl,kcl
ix,ix
hv,hv
uh,ow
ae,ae
v,v
hv,hv
aa,aa
ay,ay
tcl,pcl
iy,iy
y,y
ah,ow
q,q
ix,ix
pcl,kcl
m,m
aa,aw
hh,hh
ix,ix
ih,ix
dcl,bcl
m,n
ax,l
jh,jh
pcl,kcl
ax,w
ax,l
t,d
ae,ae
q,q
m,m
r,r
iy,iy
ae,ae
t,t
w,w
er,er
l,l
pcl,pcl
q,q
ax,ix
s,s
eh,eh
g,g
ay,ay
bcl,bcl
pcl,kcl
dcl,dcl
gcl,gcl
er,axr
k,k
r,r
s,s
ix,ix
bcl,bcl
z,sh
s,s
r,r
b,p
ow,ow
ix,ix
v,v
p,p
bcl,kcl
tcl,tcl
z,z
iy,iy
ux,ux
bcl,v
kcl,kcl
oy,oy
f,f
z,s
eh,eh
ao,ao
aa,aa
ix,eh
g,g
ch,jh
aa,aa
hv,hv
m,m
n,m
n,dcl
ux,iy
dx,dx
n,n
m,m
dh,f
r,r
s,s
iy,iy
m,m
ix,ix
n,n
dx,dx
dcl,dcl
bcl,bcl
aa,ay
r,r
dx,dx
sh,sh
ae,ae
r,r
l,y
iy,iy
pcl,pcl
hh,hv
er,r
ay,ay
ao,aa
ax,ax
sh,sh
z,z
t,t
ix,ih
s,s
nx,n
n,n
er,er
aa,aa
n,n
dcl,dcl
t,t
iy,ih
ng,r
eh,ae
q,q
kcl,pcl
iy,iy
dcl,dcl
ae,ae
y,hv
s,s
ih,ix
y,y
kcl,kcl
ah,ah
tcl,tcl
ax,ax
dh,dx
tcl,t
r,r
ey,ux
l,l
kcl,tcl
v,v
kcl,kcl
l,l
eh,ae
k,k
ax,ax
t,t
ih,ux
em,en
ux,ux
aw,aw
axr,axr
k,k
ey,ay
eh,eh
ix,ix
tcl,ax-h
kcl,dcl
ix,ix
iy,y
tcl,tcl
l,ay
z,s
el,l
nx,n
s,s
m,m
ao,ao
axr,r
axr,r
dx,gcl
ey,ey
ow,aw
q,q
kcl,kcl
s,s
r,r
er,er
iy,iy
ix,ix
ux,ux
f,f
kcl,kcl
iy,iy
dx,n
r,r
s,s
ae,ae
iy,ih
ix,ix
f,th
el,el
r,r
m,n
k,k
n,n
t,t
n,n
dx,dx
k,s
gcl,gcl
aa,aa
r,er
n,n
w,w
q,ix
l,l
ae,eh
ay,ay
ih,ix
v,v
t,t
kcl,tcl
dh,dh
ah,ah
ng,n
dcl,pcl
q,q
ix,ax
w,w
iy,iy
ix,iy
dcl,dcl
eh,eh
hv,r
sh,ch
oy,oy
ih,iy
eh,ae
s,s
ih,eh
iy,iy
tcl,tcl
q,r
z,s
ih,eh
m,n
axr,axr
sh,sh
dh,v
v,dcl
ng,n
ay,ah
bcl,pcl
dx,dx
sh,sh
eh,ao
axr,axr
ey,ey
aa,ay
gcl,dx
l,r
tcl,dcl
aa,axr
ux,ix
axr,r
ax,ix
ih,iy
uh,q
m,m
bcl,n
ae,ae
y,y
ao,r
dh,dh
d,t
ih,ih
ey,ey
z,z
s,s
b,p
axr,r
w,w
t,t
q,q
aa,aa
iy,iy
r,r
y,ix
aa,ah
s,s
er,axr
aa,aa
r,l
ay,ay
hv,hv
p,p
axr,axr
ao,aa
w,l
aa,r
ux,ux
p,p
t,t
k,k
sh,sh
eh,ah
ih,eh
dcl,dcl
k,k
sh,sh
ng,ng
n,bcl
oy,oy
ae,ae
nx,n
ey,ey
ey,ey
ih,ix
q,k
ow,ow
ao,ao
w,w
eh,eh
l,l
l,el
g,g
l,l
pcl,tcl
r,r
s,s
el,el
ae,eh
iy,q
dh,dh
dh,dh
l,l
kcl,kcl
uh,ax
sh,sh
z,z
eh,ih
dcl,dx
tcl,pcl
ix,ix
ux,ux
dcl,dcl
eh,ae
r,r
g,k
d,t
p,p
l,l
iy,iy
q,q
l,l
ax,ae
kcl,kcl
m,n
iy,iy
gcl,gcl
ay,ay
ax,eh
s,s
kcl,pcl
hv,hh
f,s
iy,iy
axr,eh
jh,ch
kcl,kcl
eh,ae
ax,q
ih,ix
r,r
axr,er
tcl,kcl
m,n
pcl,tcl
k,k
axr,axr
ow,aw
tcl,kcl
w,w
q,q
ix,ix
s,s
ae,ae
ae,ae
hv,hv
r,r
l,l
y,y
ah,ah
r,r
l,l
f,f
l,l
r,r
eh,eh
tcl,tcl
s,s
ux,ux
iy,iy
t,dh
iy,iy
z,z
en,en
ng,ng
eh,eh
iy,iy
er,axr
ix,ix
v,v
r,r
q,q
l,l
iy,iy
ih,ih
axr,er
z,z
ah,ah
ae,ae
ih,eh
s,s
q,q
uw,uw
kcl,kcl
r,r
nx,nx
y,y
nx,n
eh,eh
ix,ih
z,z
v,v
aa,aa
f,f
y,y
y,y
ax,ax
s,s
s,s
hv,hv
s,s
dcl,dcl
z,z
y,y
ix,r
q,ax
eh,ae
eh,eh
r,r
r,r
kcl,kcl
t,f
f,f
w,w
v,tcl
t,dh
k,k
kcl,kcl
l,l
z,z
aa,aa
ix,ix
iy,iy
kcl,kcl
w,w
tcl,gcl
ix,ix
n,ng
ae,ae
ah,w
l,q
l,l
ax,ax
pcl,pcl
s,s
ay,ay
jh,g
eh,ow
r,r
ae,ae
dcl,tcl
aw,aw
v,v
aa,aa
z,z
tcl,tcl
tcl,kcl
eh,eh
v,v
dcl,dcl
q,q
ax,ax
er,er
w,w
n,n
sh,sh
pcl,tcl
ah,ah
aa,aa
kcl,kcl
pcl,dcl
ax,l
ix,ax
z,z
s,s
m,m
iy,iy
ae,ae
q,q
n,n
ax,r
ih,iy
ao,l
ix,ix
ix,ah
eh,eh
iy,iy
s,s
pcl,pcl
ao,ao
iy,iy
s,s
ay,ay
ae,ae
m,n
tcl,tcl
q,q
bcl,bcl
sh,sh
s,s
hh,hh
eh,ih
bcl,pcl
er,el
f,f
n,m
l,l
ix,ax
s,s
w,w
gcl,gcl
iy,iy
ix,r
kcl,kcl
oy,oy
sh,ch
ix,ix
l,l
el,ah
el,q
p,p
l,l
ae,ae
aa,aa
eh,eh
sh,sh
eh,eh
s,s
v,v
iy,iy
sh,sh
f,v
ae,ae
ax-h,ax-h
ix,tcl
dh,dh
dx,dx
iy,iy
w,w
ix,ix
m,n
dh,dh
q,q
uh,ah
v,m
r,r
n,n
n,n
r,r
n,n
w,w
axr,axr
kcl,kcl
oy,oy
sh,sh
gcl,gcl
n,n
tcl,tcl
z,z
z,s
k,k
sh,sh
ux,ux
ax-h,ix
tcl,s
ix,iy
ix,ix
ih,ih
ih,ih
nx,n
ae,ae
s,s
dcl,dcl
hh,hh
ih,ih
dcl,dcl
l,l
l,l
d,t
el,el
p,p
aa,ow
ow,ow
ix,ax
ax,l
tcl,dcl
axr,axr
s,z
kcl,tcl
jh,dx
th,th
tcl,kcl
ah,ay
hh,hh
w,w
eh,eh
eh,eh
l,l
ih,eh
ae,ae
q,pcl
dh,t
ey,ey
ax,eh
r,r
ow,ow
ux,y
m,m
z,z
ix,n
ax,ax
p,p
s,s
pcl,kcl
kcl,kcl
ix,ix
z,s
iy,iy
l,l
en,ux
ix,ix
ax,ax
ow,ow
iy,ey
n,n
ey,ey
w,w
ow,ow
kcl,kcl
k,k
t,t
ao,ao
w,w
s,s
t,t
er,er
tcl,p
w,w
w,w
iy,ix
l,l
hh,hh
hh,hh
ih,r
m,en
tcl,dcl
pcl,kcl
ih,eh
kcl,kcl
ah,ah
g,k
r,r
ng,ng
hv,hv
pcl,kcl
dh,hh
n,n
y,dx
ng,ng
l,w
p,p
ao,ao
z,z
aa,aa
iy,iy
ey,ey
q,q
ix,ix
f,f
gcl,dcl
n,n
n,n
kcl,tcl
tcl,tcl
axr,q
ey,ey
ix,ax
iy,iy
ah,ao
w,w
ow,ow
ix,ax
dx,dcl
aa,aa
s,s
ix,ix
l,w
dcl,dcl
ch,t
ix,r
ah,ax
eh,ah
n,n
q,y
kcl,kcl
dx,tcl
l,l
th,th
l,l
dh,dh
ih,iy
k,g
d,jh
t,t
ae,eh
ow,ow
k,k
m,m
th,f
iy,iy
ay,ay
er,er
l,l
m,n
jh,jh
iy,iy
t,g
th,f
ax,ix
r,axr
ae,ae
w,w
ix,ix
s,s
p,p
eh,ix
ay,ay
q,ix
l,l
n,ng
r,r
ah,ax
dh,dh
f,f
dh,ix
r,axr
eh,eh
r,r
dcl,dcl
s,s
ix,ix
ih,ih
s,z
l,m
kcl,kcl
en,m
l,el
tcl,kcl
ih,axr
ax,ix
r,r
eh,ih
m,m
oy,oy
ix,ix
iy,eh
dcl,gcl
axr,axr
ux,ux
eh,eh
m,n
y,iy
axr,axr
ao,ao
f,f
ih,eh
k,k
oy,oy
ao,aa
m,n
n,n
kcl,kcl
r,r
r,r
v,v
ix,ix
ax,ix
ah,eh
ae,ae
oy,oy
z,z
r,r
gcl,gcl
ih,ih
iy,iy
s,s
iy,iy
r,r
ix,ix
p,p
ow,ow
ix,ix
p,k
ah,ah
ae,ae
bcl,f
w,w
kcl,kcl
ix,gcl
uw,ao
t,t
axr,r
hv,hv
m,n
ix,ix
eh,eh
m,tcl
ax,ah
s,s
m,m
k,k
ih,ix
hv,hv
w,q
iy,ix
tcl,kcl
q,tcl
eh,ay
s,s
th,dx
tcl,kcl
bcl,bcl
ae,ae
axr,axr
kcl,kcl
ix,ix
iy,iy
pcl,pcl
ae,ae
dh,dh
r,r
eh,eh
dcl,v
r,r
hh,hh
n,d
ix,tcl
f,f
n,n
pcl,tcl
dcl,dcl
el,el
q,q
w,l
w,w
er,r
ah,ih
dcl,dcl
t,p
pcl,kcl
ih,iy
axr,er
w,w
f,f
ih,eh
eh,r
ix,ey
er,er
ey,ey
ih,ax
ih,ey
kcl,tcl
eh,eh
aa,aa
eh,ix
q,q
n,m
s,s
ng,ng
z,z
m,uw
v,v
ae,ae
axr,axr
p,p
z,z
ix,ix
ao,ao
ae,eh
dh,dh
ih,ih
s,s
k,k
ix,ah
sh,sh
dcl,dcl
q,q
v,v
eh,eh
n,n
n,n
th,f
k,k
t,k
tcl,kcl
s,s
pcl,tcl
q,q
q,q
eh,r
f,f
l,l
dcl,dcl
n,n
jh,jh
ao,ao
ax,ax
ey,ey
bcl,dx
f,f
n,dx
m,m
k,k
aw,aw
ih,ih
ah,ah
r,er
n,n
v,v
y,y
dcl,dcl
kcl,kcl
iy,iy
r,r
w,w
ae,ey
iy,iy
ix,ix
ih,iy
z,z
jh,jh
ax,ax
l,ao
iy,iy
n,n
iy,iy
v,pcl
z,z
s,s
ae,r
tcl,v
ix,ix
m,m
dh,dh
ey,ey
ix,ix
ih,iy
axr,er
z,z
dx,dx
v,dh
l,v
v,l
pcl,kcl
m,m
dx,v
kcl,kcl
f,f
kcl,kcl
ih,ax
ao,ao
dcl,dcl
r,axr
ih,ih
aa,aa
axr,ix
r,r
kcl,kcl
ux,ux
nx,dx
aa,ay
ay,ay
ng,n
iy,iy
oy,oy
iy,iy
l,l
ix,ix
w,w
f,f
ay,ay
dx,dcl
axr,axr
w,w
aa,aa
axr,axr
tcl,dcl
s,s
ux,ux
bcl,dcl
ae,ae
ao,ow
ao,ao
iy,iy
th,f
t,t
bcl,bcl
ax,ax
d,jh
ix,iy
gcl,dcl
eh,ix
ch,t
iy,iy
ao,r
axr,ix
hh,hh
pcl,kcl
dh,d
w,w
uw,l
dx,dx
ah,ah
tcl,tcl
ix,iy
ng,l
r,r
s,s
q,q
y,y
ix,ix
f,f
ix,ix
jh,jh
tcl,bcl
ih,ih
l,l
m,m
n,n
iy,iy
l,l
aa,aa
ih,ux
s,s
s,s
t,dh
l,l
ax,ax
iy,iy
r,r
ih,ix
y,y
ow,ow
ow,ow
t,t
f,f
ix,ix
tcl,tcl
ow,ow
ng,n
k,k
s,s
ux,ux
z,s
eh,ix
w,w
s,s
t,d
r,r
iy,r
sh,sh
s,s
n,gcl
l,l
th,th
q,w
p,t
ae,ah
eh,eh
w,w
axr,r
eh,eh
w,w
dx,v
ix,ix
dh,dh
kcl,kcl
ih,ix
aa,ao
p,p
kcl,kcl
n,l
axr,axr
ae,eh
aa,aa
ix,ix
ay,ay
ao,aa
m,m
f,f
d,g
ow,ow
f,f
ax-h,hh
ax,ax
gcl,pcl
tcl,tcl
iy,iy
z,z
pcl,gcl
dh,d
s,k
tcl,tcl
p,p
dx,dx
iy,iy
oy,oy
t,t
ch,k
m,m
ay,ay
s,s
dh,hv
kcl,kcl
l,l
kcl,kcl
l,l
v,dh
t,t
iy,iy
ay,ay
d,hh
ch,t
hh,hh
v,v
dx,k
q,q
n,en
tcl,tcl
hh,hh
ux,uw
axr,axr
dh,dh
ng,ng
m,m
q,q
aa,l
ey,ey
sh,sh
em,n
p,p
v,dcl
ix,ix
q,q
dh,m
z,z
dx,dx
s,s
ix,ih
iy,iy
gcl,gcl
ih,ih
ix,ix
kcl,kcl
en,n
tcl,tcl
w,w
z,s
r,r
r,r
aa,aa
oy,oy
r,r
n,n
k,g
aw,aw
f,f
dx,dx
ix,ix
ix,ix
iy,iy
hv,hh
dcl,dcl
el,el
kcl,kcl
l,l
dh,v
q,q
gcl,gcl
tcl,tcl
q,q
ae,ae
s,s
k,k
n,n
ey,ey
ah,ay
ix,ix
q,q
k,v
ow,l
f,th
g,g
hv,hv
aw,aw
m,m
aa,aa
ax,ah
d,dh
n,ng
ih,eh
s,s
f,f
tcl,tcl
pcl,pcl
sh,sh
ae,ae
ix,ix
k,k
aa,aa
ah,aa
r,r
l,l
dx,k
l,ax
pcl,kcl
nx,n
ay,ay
k,k
el,el
aa,ah
iy,iy
ey,ey
dcl,tcl
m,m
aa,aa
th,th
ih,ix
k,k
l,l
f,v
ae,ae
ao,ao
r,r
l,w
k,k
f,f
n,n
dcl,dcl
v,f
ax,ax
iy,iy
uh,ow
ae,ae
ix,ix
ix,ix
n,n
iy,iy
iy,iy
ae,eh
l,l
tcl,k
oy,oy
ey,ey
k,k
em,n
ih,ih
axr,r
v,f
n,n
iy,iy
ae,ae
aw,aa
ey,ey
p,p
dcl,dcl
ey,ey
k,k
ch,ch
ix,iy
ey,iy
q,r
dcl,gcl
iy,iy
f,f
q,q
ax,ah
iy,ey
tcl,dcl
pcl,pcl
p,p
t,t
tcl,tcl
aa,aa
w,w
n,n
r,r
jh,dx
dh,n
l,l
ux,ax
sh,sh
w,w
q,q
r,r
n,n
tcl,pcl
ay,ay
ae,ae
n,m
bcl,bcl
ey,ey
ix,ih
ax,ax
ih,iy
dx,dx
ax,ow
ng,n
ey,ey
m,n
n,n
er,uw
s,s
f,f
n,n
w,ih
ix,iy
r,n
s,s
ax,ax
ao,r
ay,ae
ix,ih
z,z
el,el
z,z
tcl,kcl
iy,iy
dx,dx
jh,jh
pcl,tcl
en,ng
ax,ax
m,m
ow,ow
t,t
k,k
r,r
kcl,kcl
ae,ae
kcl,kcl
z,z
ae,ae
ix,ix
v,f
ax,ih
s,s
ix,ix
m,ng
axr,r
er,er
s,s
m,m
q,q
eh,eh
pcl,kcl
l,n
iy,iy
ae,ae
dcl,gcl
l,l
iy,iy
hv,hv
m,m
dcl,dcl
axr,axr
r,r
tcl,q
hh,hv
f,v
k,k
l,ix
s,z
ix,iy
q,q
iy,iy
n,n
s,s
iy,iy
ay,ah
z,z
sh,s
pcl,kcl
ae,ae
p,p
p,p
jh,jh
tcl,kcl
n,n
r,r
ae,ae
ix,ix
axr,ix
s,s
ix,axr
w,w
kcl,kcl
pcl,pcl
ix,iy
tcl,kcl
r,r
z,z
bcl,bcl
en,m
kcl,kcl
ih,ix
ay,ay
axr,er
eh,ah
tcl,tcl
iy,iy
dcl,tcl
n,n
iy,iy
axr,axr
z,z
s,z
ix,ix
ih,ix
r,r
ao,ao
f,f
s,s
ch,ch
t,t
tcl,tcl
kcl,kcl
aa,aa
ah,l
n,n
r,ix
ao,aa
sh,sh
s,s
bcl,dcl
g,k
y,y
z,s
tcl,tcl
ix,ix
eh,eh
hh,p
l,l
sh,sh
s,s
r,r
f,f
q,q
q,l
sh,sh
s,s
kcl,kcl
f,f
n,m
r,r
z,z
gcl,gcl
dcl,dcl
dh,v
dcl,dcl
r,r
ae,ae
z,z
v,v
ch,s
tcl,dcl
l,l
s,s
eh,ih
er,er
aa,aa
iy,iy
dcl,m
z,z
iy,iy
ix,ix
ow,ow
en,n
ae,ae
dx,dx
tcl,kcl
ix,ix
bcl,bcl
m,m
n,n
kcl,tcl
k,g
dh,s
l,l
g,g
er,r
ix,ih
t,ch
er,axr
axr,axr
th,p
q,q
n,n
n,n
n,n
iy,iy
m,m
k,g
m,m
r,ix
iy,ix
dh,v
ey,ey
iy,ey
dcl,dcl
ao,ao
ao,r
r,r
tcl,pcl
l,l
jh,t
jh,sh
l,m
r,r
l,w
bcl,bcl
w,w
ch,k
l,w
p,p
s,z
bcl,n
iy,iy
v,v
ow,aa
ix,ix
bcl,dcl
q,q
iy,ih
w,w
ax,r
axr,r
l,n
r,r
k,k
hv,hv
th,t
dcl,axr
ix,ix
iy,iy
m,m
aa,aa
n,dcl
n,n
eh,ah
ax,ix
ao,ao
l,l
ao,aw
n,ng
ix,iy
l,l
s,s
z,z
ix,ax
el,el
kcl,kcl
t,t
d,d
pcl,pcl
th,dh
f,f
l,l
dcl,dcl
iy,iy
ix,ix
ah,ah
k,k
ow,el
th,f
pcl,tcl
ix,ix
dcl,dcl
pcl,bcl
gcl,dcl
ow,ao
ux,ux
r,r
dx,l
ow,ow
tcl,kcl
n,m
q,q
n,n
p,p
ax,ax
ah,eh
dx,dx
l,l
ih,ih
axr,r
tcl,kcl
iy,n
p,p
em,axr
ih,ih
er,axr
ae,ae
l,l
ux,ux
axr,r
aa,ay
hh,hv
gcl,dcl
s,s
ae,ae
p,p
n,n
bcl,bcl
tcl,pcl
dcl,dcl
ae,ae
t,s
er,ih
ax,ax
ay,ay
ix,ux
sh,sh
v,v
ey,oy
y,y
ix,gcl
axr,axr
s,z
k,k
m,m
th,th
kcl,axr
el,el
oy,oy
ix,iy
ae,ae
s,s
p,p
w,w
iy,iy
m,m
hh,hh
n,n
ng,l
axr,r
v,n
dx,dx
iy,iy
ih,ih
ih,ih
t,t
dcl,tcl
ix,ih
ix,ix
t,t
m,m
s,s
ax,ah
ay,aa
sh,sh
ix,ix
ih,iy
f,s
iy,iy
eh,ih
th,kcl
er,ix
iy,iy
v,v
ng,ng
iy,iy
ay,ah
dcl,dcl
oy,oy
l,l
dh,s
m,m
n,n
ix,ix
s,s
axr,axr
eh,eh
ih,ix
ix,r
dh,dh
er,axr
dcl,dcl
ih,ix
m,m
l,l
m,m
iy,iy
t,t
r,r
t,p
ix,ax
tcl,dcl
ax,ix
eh,ah
ng,n
th,dh
r,r
axr,axr
z,s
r,r
dh,dh
ix,iy
ix,ix
ix,ix
jh,t
ix,ix
ix,q
hv,hv
iy,iy
eh,iy
f,f
dx,dx
ah,eh
ih,ey
ax,ax
axr,axr
dh,dh
eh,eh
k,k
ae,ae
ux,q
axr,r
hv,hv
q,tcl
z,z
dcl,bcl
d,g
ao,ow
axr,r
n,ng
z,z
n,dx
l,l
tcl,tcl
s,t
th,sh
ao,ay
r,r
ae,ae
kcl,tcl
n,n
w,w
dcl,dcl
iy,iy
t,t
ih,eh
f,f
w,l
dh,k
er,axr
gcl,gcl
f,f
ey,eh
r,r
t,t
y,y
w,w
ow,ow
iy,iy
z,z
tcl,tcl
g,k
dx,dh
r,r
kcl,kcl
er,aa
ih,ih
ng,n
ix,ix
eh,ih
f,f
k,k
ix,ix
ae,ae
tcl,tcl
q,q
ae,ae
z,z
axr,axr
r,r
ah,ah
ix,r
z,z
kcl,kcl
d,jh
l,l
q,q
dcl,bcl
l,l
k,k
s,s
z,z
pcl,kcl
uw,uw
l,r
dcl,dcl
k,k
s,s
ax,ix
n,n
ay,ay
aa,ah
hh,hh
n,n
hh,hh
eh,r
kcl,kcl
k,k
q,q
aa,ah
f,f
ch,ch
s,z
kcl,kcl
m,m
m,dcl
axr,axr
ax,ax
ay,ay
b,b
k,k
iy,iy
gcl,gcl
jh,jh
pcl,pcl
kcl,kcl
en,n
l,l
r,l
m,n
ih,ih
l,w
sh,sh
jh,jh
ae,ae
sh,sh
axr,axr
ax,iy
aa,ao
dh,dh
kcl,p
ih,ih
ix,ix
ae,ae
ae,ae
n,en
iy,iy
f,f
ax,ax
s,s
ux,ux
aa,aa
ae,ae
gcl,n
iy,hv
axr,uw
r,r
n,n
hh,hh
kcl,kcl
r,r
eh,eh
r,r
tcl,tcl
ih,ih
kcl,pcl
d,g
l,l
tcl,dcl
eh,iy
ow,ah
ow,ow
uh,ax
sh,sh
er,er
g,k
dh,dh
ch,ch
bcl,dcl
d,d
n,n
th,th
ux,ux
ix,ix
l,l
th,f
s,s
s,s
dcl,dcl
ux,ux
l,l
ay,ay
l,l
r,r
s,s
oy,oy
gcl,gcl
ch,sh
t,t
s,s
er,ih
bcl,dcl
l,l
gcl,dcl
ao,ao
l,l
ax,ix
tcl,l
r,r
s,s
iy,iy
eh,ix
l,l
kcl,kcl
s,s
gcl,kcl
m,m
pcl,pcl
w,w
r,r
kcl,kcl
tcl,tcl
ix,ix
eh,eh
q,q
r,r
axr,l
g,g
y,y
iy,iy
ax,r
m,uw
t,t
pcl,kcl
l,l
iy,iy
kcl,kcl
n,n
ah,l
hh,hh
k,k
eh,aa
ah,ah
dcl,dcl
q,q
iy,iy
d,hv
v,v
iy,ux
n,m
axr,er
tcl,dcl
m,m
w,w
m,m
th,th
t,t
ow,l
r,axr
f,f
s,z
v,v
tcl,tcl
ch,jh
ix,ah
uw,ux
p,p
ix,gcl
w,w
en,n
s,s
n,n
kcl,kcl
r,r
ah,eh
iy,iy
z,s
s,s
n,n
ix,iy
dh,dh
eh,eh
aa,aa
k,k
iy,iy
tcl,pcl
ax,ax
iy,iy
t,t
kcl,kcl
ax,ix
kcl,kcl
tcl,tcl
tcl,tcl
iy,iy
uh,ah
q,q
ix,iy
n,m
l,l
dcl,dcl
aa,ao
ix,y
p,p
dcl,dcl
ey,ae
ih,ih
iy,ix
ax,ow
dh,l
dcl,dcl
dx,dx
iy,iy
r,r
uw,ix
el,ow
sh,s
f,f
w,w
n,n
dh,bcl
oy,ay
y,y
hv,ax
ow,ow
s,s
ng,n
iy,ih
ax,ax
n,n
l,l
iy,iy
ey,ey
kcl,kcl
tcl,tcl
ax,ax
ae,ae
ax,ax
s,z
l,ao
eh,eh
tcl,tcl
r,r
ah,eh
k,k
r,r
s,t
dcl,dcl
m,m
ih,ih
n,n
tcl,dcl
r,ux
eh,eh
kcl,kcl
gcl,gcl
r,r
jh,jh
ih,y
eh,er
l,l
k,k
ao,ao
gcl,gcl
s,s
sh,sh
iy,iy
k,k
pcl,pcl
r,r
ix,ix
tcl,kcl
dcl,dcl
ix,v
ix,ix
axr,axr
t,t
l,iy
ix,ix
er,er
l,l
ah,aa
f,f
tcl,tcl
eh,eh
ix,ih
m,m
dcl,dx
r,r
nx,l
b,dh
ix,ix
ih,ix
t,dh
ax,l
r,r
iy,iy
ah,ah
uh,ax
er,axr
f,th
w,l
tcl,kcl
jh,s
d,t
iy,iy
n,n
ey,ey
r,aa
tcl,tcl
er,er
s,s
kcl,kcl
ae,ae
kcl,kcl
q,q
aw,eh
gcl,bcl
ae,ae
l,l
l,l
ey,ih
hh,hh
dh,dx
kcl,tcl
k,k
bcl,bcl
ih,ix
m,m
pcl,pcl
l,l
axr,axr
iy,iy
ih,ey
jh,k
oy,oy
ux,ux
ix,ix
tcl,tcl
w,w
ix,eh
el,el
q,q
tcl,tcl
r,r
n,en
ey,ey
y,hv
ao,ao
n,nx
ix,ih
iy,iy
ao,ay
er,axr
ng,n
dcl,dcl
kcl,kcl
n,n
pcl,pcl
tcl,tcl
r,r
ay,ay
tcl,tcl
r,r
bcl,dcl
eh,eh
iy,iy
s,s
ix,ix
z,s
iy,ey
kcl,kcl
ix,ix
ng,n
ux,ux
y,y
m,bcl
ix,ix
aa,ao
n,n
dh,dh
ow,ow
ng,n
eh,eh
gcl,kcl
r,r
l,el
kcl,kcl
ae,ae
tcl,tcl
tcl,m
eh,l
z,s
iy,iy
er,er
ng,n
ux,ux
v,v
dcl,tcl
ix,iy
s,s
s,jh
l,l
tcl,tcl
ux,ux
er,er
s,s
y,y
iy,iy
v,v
k,k
z,s
m,m
l,l
z,z
bcl,bcl
kcl,kcl
v,th
ix,ix
ey,ey
ey,ey
nx,n
aa,aa
bcl,tcl
y,y
l,l
r,r
s,s
t,t
ay,ay
w,w
bcl,dcl
sh,sh
s,s
iy,iy
dcl,dcl
ay,ay
ey,eh
p,p
v,v
sh,sh
d,d
th,f
axr,axr
dx,gcl
eh,ae
w,l
tcl,kcl
kcl,kcl
n,n
tcl,dcl
pcl,tcl
dcl,dcl
dh,t
r,r
gcl,dcl
z,s
z,s
kcl,kcl
k,k
eh,eh
ix,ix
n,n
eh,eh
dx,dx
aa,aa
t,t
dcl,gcl
dcl,dcl
m,m
z,z
ix,l
kcl,kcl
k,k
ax,ax
ix,ix
l,l
axr,axr
ih,ix
t,d
s,s
hh,q
ix,ix
hh,hh
k,k
ao,ao
n,q
t,ch
s,s
dh,dh
pcl,bcl
ax,q
v,v
r,r
iy,iy
ix,ih
ey,ey
ix,ix
eh,eh
ae,ae
n,n
r,axr
v,v
l,l
ux,ux
n,n
gcl,r
ix,ix
q,q
r,r
r,r
ao,aa
ux,ix
ih,r
t,t
ux,ux
er,er
dcl,dcl
ix,ix
iy,iy
oy,oy
pcl,pcl
n,ng
k,k
ow,ow
iy,iy
k,k
w,w
iy,iy
ey,ey
ae,ae
l,l
t,d
ng,gcl
tcl,kcl
ax,w
nx,n
pcl,pcl
ch,ch
axr,axr
dcl,tcl
kcl,kcl
gcl,tcl
sh,sh
n,n
tcl,tcl
q,q
n,n
eh,r
ow,ow
k,k
ah,ah
ow,ow
r,aa
s,s
ih,eh
pcl,tcl
z,s
y,y
iy,iy
s,z
ux,r
dcl,dcl
bcl,v
ux,ux
pcl,tcl
uh,ah
n,n
ix,ih
y,y
sh,sh
ih,eh
iy,iy
dcl,dcl
ey,ey
ih,ih
m,n
hh,k
r,r
pcl,kcl
n,ix
tcl,p
ix,axr
m,n
v,v
ae,ey
n,ix
ix,ix
ih,ix
z,z
q,q
v,v
m,n
ih,ix
gcl,dcl
ix,ix
m,n
m,n
el,el
t,t
l,l
ix,eh
d,d
t,t
ey,ey
s,s
ae,ae
ey,ey
t,t
iy,iy
jh,jh
z,z
dcl,dcl
dh,dh
gcl,gcl
dcl,dcl
hh,hh
ih,r
th,s
kcl,kcl
th,z
ix,ix
ux,ix
er,er
kcl,pcl
iy,iy
kcl,kcl
k,k
axr,er
w,w
hh,p
ao,aa
eh,eh
m,n
ao,ao
s,s
n,n
ih,ih
ae,ae
kcl,tcl
axr,ix
z,z
r,r
en,n
sh,sh
bcl,v
f,f
ay,ay
hv,hv
q,q
l,l
eh,l
tcl,tcl
l,l
ey,ey
l,l
gcl,dcl
sh,sh
n,n
r,r
jh,jh
ae,ae
dcl,kcl
ow,ow
q,q
dh,v
ah,ah
ae,ae
l,w
eh,ih
kcl,kcl
iy,iy
m,m
tcl,kcl
gcl,gcl
dcl,dcl
ae,ae
pcl,pcl
z,z
d,dx
tcl,kcl
kcl,kcl
ae,ae
d,d
el,q
ih,ih
w,w
er,er
eh,eh
n,n
ax,ix
bcl,m
s,s
tcl,tcl
v,f
l,l
ae,ae
hh,hh
l,l
ih,ix
tcl,p
s,z
tcl,tcl
el,ax
el,l
kcl,tcl
ow,ah
ae,eh
axr,er
g,d
ax,ax
eh,eh
k,ch
n,n
k,k
m,v
iy,iy
m,n
n,m
s,s
dcl,tcl
gcl,gcl
kcl,kcl
ix,l
sh,sh
t,t
tcl,tcl
ae,ae
l,l
p,k
r,r
iy,iy
l,l
iy,iy
v,v
z,z
n,v
aa,aa
r,r
ae,ae
ix,hv
k,k
ah,ah
ix,ix
ae,ae
n,ix
ix,eh
ae,ae
iy,iy
m,m
p,p
ix,eh
ax,ah
axr,axr
w,w
ae,ae
f,f
y,ix
iy,iy
p,p
m,m
tcl,tcl
uh,eh
pcl,pcl
v,v
ix,ix
kcl,tcl
ih,ix
tcl,gcl
ao,ao
w,w
l,el
ix,ix
ix,ey
dh,k
ih,ih
s,sh
aa,aa
k,k
aa,ae
ey,ey
tcl,f
ax,ax
f,f
t,t
k,k
n,n
t,t
iy,iy
ae,ae
ix,ix
ey,ey
tcl,tcl
nx,n
q,q
ay,ay
er,er
r,ax
m,m
ay,ay
r,aw
r,r
iy,iy
iy,iy
iy,iy
r,r
ix,ix
n,n
dx,dx
y,iy
r,r
ah,ah
kcl,kcl
dcl,dcl
w,w
t,t
iy,iy
g,g
er,axr
ao,ao
r,r
ix,ix
n,ng
v,v
ao,ao
ih,ih
ax,ax
w,w
p,p
r,v
ae,ae
ao,ow
en,ix
jh,jh
l,l
dcl,dcl
d,f
iy,iy
tcl,tcl
dh,dh
aa,aa
ay,ay
ae,ae
iy,iy
v,v
kcl,hh
ih,ix
sh,ch
kcl,kcl
iy,ax-h
dx,dx
p,p
n,dx
z,z
ix,ix
n,n
eh,eh
ix,ix
axr,axr
dx,dx
ah,aa
aa,aa
d,t
jh,jh
sh,sh
dh,w
eh,eh
aw,ao
ix,dx
dcl,kcl
uw,ux
q,q
r,r
kcl,kcl
eh,q
ao,aa
ey,ey
s,s
n,m
eh,eh
dx,dx
kcl,kcl
dh,dh
ay,aa
kcl,kcl
s,s
axr,r
m,m
axr,r
v,v
eh,eh
ae,ae
uh,uw
pcl,pcl
ih,eh
l,l
ow,ow
bcl,dcl
w,w
k,k
ix,iy
sh,sh
ih,ix
q,q
n,n
axr,er
ax,ih
hv,hv
el,l
iy,iy
n,n
w,w
t,t
v,v
n,n
ix,ix
dx,dh
ao,ao
f,f
ih,ix
l,l
g,g
y,y
t,t
t,t
z,s
ng,ng
dx,dx
r,axr
dx,dx
iy,iy
k,k
eh,ey
th,th
kcl,kcl
eh,ix
eh,ax
ix,ih
ux,iy
eh,eh
kcl,q
r,r
ay,ah
ow,ow
f,f
dcl,dcl
kcl,kcl
er,er
ow,ao
ax,ax
ae,ae
l,w
k,k
ix,ix
ao,ao
ax,ih
eh,eh
n,n
r,r
ih,ix
z,z
q,n
ao,aa
sh,sh
kcl,kcl
en,n
hv,hv
tcl,kcl
kcl,tcl
k,k
m,n
dx,dcl
s,s
s,s
g,n
bcl,bcl
w,w
t,t
s,s
ix,eh
y,y
pcl,tcl
pcl,pcl
pcl,pcl
ix,iy
r,axr
m,m
ch,ch
q,q
m,m
iy,iy
l,l
er,l
w,w
r,r
ix,ax
s,sh
m,m
axr,axr
s,s
t,t
kcl,kcl
y,y
eh,ey
z,s
ux,ux
kcl,kcl
ax,l
uh,ih
kcl,tcl
iy,iy
ix,ix
ih,ix
d,d
bcl,bcl
axr,axr
l,l
iy,iy
y,y
f,f
k,k
ay,ay
dh,dh
m,m
er,er
l,l
m,n
bcl,dx
ah,ax
r,r
ux,r
th,s
r,r
k,k
r,r
axr,aa
ow,ow
v,v
iy,ix
tcl,tcl
v,v
eh,eh
w,l
eh,eh
dcl,dcl
t,q
iy,iy
iy,iy
en,n
w,w
iy,iy
er,er
dh,dx
aa,aa
eh,er
p,dh
ax-h,z
z,z
q,q
sh,sh
hh,hh
iy,iy
kcl,kcl
hh,hh
ah,ah
dcl,dcl
sh,sh
sh,sh
ae,ae
ch,t
bcl,bcl
em,m
axr,ix
n,m
f,f
m,m
ae,ae
ax,r
aa,ao
k,k
dx,gcl
dh,f
f,f
k,k
d,d
pcl,dcl
l,l
q,r
ax,ix
ow,ow
ix,ix
ae,eh
ey,ae
y,y
z,s
iy,ix
m,n
k,k
ix,axr
ao,ao
iy,iy
em,n
kcl,kcl
n,ix
sh,s
ae,eh
axr,axr
oy,oy
z,z
dcl,kcl
sh,sh
ah,ow
ay,ay
dcl,dcl
w,w
kcl,kcl
dcl,n
m,n
ow,ow
ae,ae
ax,ix
ae,ae
ah,ow
w,w
hh,hh
iy,iy
aa,ay
iy,iy
dcl,tcl
k,k
eh,eh
eh,eh
hh,hh
q,ix
r,r
ey,ey
aa,aa
oy,oy
th,th
s,s
ih,ix
kcl,kcl
ow,ow
aa,ay
l,l
dx,dx
dcl,n
kcl,kcl
t,k
r,m
l,el
iy,iy
q,q
l,l
nx,n
tcl,tcl
ax,ax
ux,ix
ey,ey
tcl,tcl
ih,y
l,l
eh,eh
s,s
q,q
ih,ih
uw,ux
y,y
iy,eh
n,n
l,el
iy,iy
ay,ay
el,ao
iy,iy
dcl,dcl
ih,ix
r,l
ao,ao
s,z
f,f
ih,ih
ax,ax
ix,ih
ax,ix
r,r
th,pcl
q,q
sh,sh
axr,axr
ax,ax
axr,axr
bcl,bcl
z,s
th,s
ih,ih
eh,eh
b,p
s,s
l,aw
axr,er
gcl,dcl
aa,aa
hh,hv
ix,ix
s,s
nx,n
eh,eh
tcl,tcl
k,k
tcl,kcl
aa,aa
d,d
m,n
ax,ix
d,t
tcl,kcl
iy,iy
n,n
q,q
axr,er
eh,eh
iy,iy
kcl,kcl
iy,iy
dh,tcl
ix,iy
iy,ix
iy,iy
n,q
ih,ih
k,k
g,g
ae,ae
q,tcl
m,n
t,s
ow,ow
gcl,gcl
z,z
s,s
iy,iy
t,t
jh,sh
s,s
m,m
t,d
r,r
g,g
ae,ae
ao,ao
r,r
ey,iy
s,z
q,q
tcl,tcl
g,k
ix,ix
ax,ix
tcl,dx
s,s
iy,iy
r,r
l,l
kcl,kcl
v,v
er,eh
q,q
ao,ao
pcl,pcl
ix,v
ix,ey
sh,sh
z,z
q,ix
ah,r
v,v
n,dh
dcl,v
pcl,tcl
ay,ae
w,l
ix,q
ih,ih
ih,eh
pcl,tcl
dcl,dcl
n,n
k,k
dh,iy
el,ao
w,w
ow,ow
ay,ay
m,n
ax,ix
kcl,kcl
r,r
er,axr
ey,ix
iy,iy
d,d
p,p
n,m
ow,ow
tcl,tcl
t,dh
ao,ao
l,l
aa,aa
uw,ow
n,m
axr,axr
dx,dx
ay,ay
l,l
ih,ux
kcl,kcl
dcl,dcl
m,m
l,l
pcl,kcl
zh,sh
ih,ix
aa,aa
t,k
sh,s
bcl,bcl
eh,ih
ih,ih
k,k
ux,ux
el,l
m,m
ax,l
m,n
ix,ix
kcl,kcl
s,s
ae,ae
eh,eh
ey,ey
dcl,dcl
n,n
f,f
ih,ix
l,l
ix,y
m,m
dx,dx
r,r
ay,ay
ix,ix
iy,iy
l,l
y,y
r,axr
t,k
th,kcl
l,l
ah,ah
m,m
ix,ix
jh,jh
kcl,tcl
t,t
n,n
bcl,bcl
t,t
ng,n
l,l
ah,eh
ah,ah
t,t
ih,iy
iy,iy
ng,n
eh,eh
bcl,bcl
q,q
t,t
kcl,kcl
ay,ay
ix,ix
v,v
ch,ch
n,n
bcl,dcl
er,ay
ae,ae
axr,axr
kcl,dcl
th,dx
kcl,q
ix,q
s,s
ix,ix
ow,ow
r,axr
n,n
l,ah
ay,ay
dcl,bcl
el,el
ix,iy
axr,axr
hh,dh
ae,ae
dx,dx
axr,er
q,q
m,m
axr,axr
z,z
iy,iy
dcl,dcl
ih,ey
ey,ey
iy,iy
s,s
er,axr
w,w
ix,ix
z,z
ah,ae
aa,aa
aa,aa
n,n
l,l
s,s
ix,ix
axr,axr
ay,ay
iy,iy
w,l
n,n
tcl,tcl
kcl,kcl
ih,ix
n,n
aa,aa
ae,ae
kcl,kcl
ih,ih
v,l
ch,ch
p,p
kcl,k
axr,r
ux,iy
aa,ao
r,r
s,z
ay,ay
eh,eh
s,s
iy,iy
en,n
aa,aw
n,n
m,m
s,s
eh,eh
dcl,dcl
ix,ih
ch,ch
l,ah
jh,sh
ax,r
iy,iy
tcl,kcl
d,d
ao,ao
k,tcl
w,w
ax,ax
el,l
dcl,n
ax,ax
y,ih
tcl,tcl
ih,ih
ix,ix
ix,ax
tcl,tcl
s,s
l,l
q,q
r,r
n,ng
er,er
dh,dh
ay,ay
r,r
l,w
dcl,dcl
eh,eh
ng,n
aa,aa
nx,dx
ix,n
q,q
ih,axr
eh,eh
v,v
t,d
y,y
w,w
axr,er
p,p
gcl,gcl
sh,s
t,t
m,n
ih,ix
ax,ix
y,axr
p,p
ah,uh
ix,ix
ix,eh
s,s
t,jh
p,p
iy,iy
kcl,kcl
kcl,tcl
kcl,kcl
ao,aa
ix,eh
uw,ux
ax,ow
y,y
k,p
en,en
ux,iy
s,z
ae,ae
iy,iy
aa,ao
m,m
tcl,dcl
b,b
uh,ix
sh,sh
ax,l
w,w
ix,ix
ao,aa
iy,iy
ae,ae
eh,ih
el,el
el,ax
ih,iy
eh,ae
jh,k
n,n
dcl,q
dcl,bcl
dcl,dcl
m,n
ix,iy
w,w
p,hh
axr,axr
n,n
ih,ih
s,s
s,s
k,k
ah,ih
pcl,kcl
k,k
bcl,tcl
q,q
w,w
tcl,tcl
n,n
tcl,kcl
q,q
n,n
sh,s
ae,ae
v,v
n,dcl
ng,ng
f,f
tcl,tcl
ah,ay
v,v
m,dcl
m,m
s,s
ux,ix
axr,axr
w,l
v,v
l,ax
en,n
ao,ao
ow,ao
ix,ix
t,t
n,n
n,n
ih,ih
dcl,n
q,q
tcl,tcl
l,l
hv,hv
aa,aa
k,k
ix,ix
gcl,n
ix,ix
y,ux
r,r
n,n
z,s
ah,ax
ae,eh
n,n
aa,aa
r,r
z,z
w,w
n,n
s,s
ix,ih
iy,iy
s,s
z,v
iy,iy
iy,iy
ey,ey
l,l
ux,ux
k,k
iy,iy
f,f
eh,eh
iy,iy
f,f
m,m
ix,ix
kcl,kcl
axr,r
l,l
kcl,kcl
ih,ih
l,l
ey,ey
sh,sh
y,y
ey,ey
n,n
m,m
kcl,kcl
kcl,tcl
gcl,gcl
l,w
z,z
y,q
m,n
ae,ae
dcl,dcl
iy,iy
tcl,kcl
s,s
m,m
kcl,dcl
ix,ih
v,v
eh,eh
ae,ae
r,r
s,s
r,r
kcl,kcl
s,s
n,en
aa,aa
iy,iy
oy,oy
m,m
m,dcl
ae,ae
n,n
m,m
el,el
l,l
dcl,tcl
bcl,bcl
r,r
p,p
iy,iy
ch,ch
eh,eh
iy,iy
pcl,kcl
ih,ix
bcl,bcl
iy,ix
p,p
tcl,tcl
y,y
ah,ah
ao,ao
er,eh
tcl,n
iy,y
kcl,kcl
gcl,gcl
f,f
hv,hv
l,l
kcl,kcl
er,axr
kcl,pcl
s,s
r,r
ey,iy
nx,nx
n,n
tcl,tcl
ay,ay
ax,ax
r,r
ow,ow
ow,ow
kcl,kcl
ax,aa
gcl,dcl
jh,jh
pcl,pcl
z,dh
ah,ah
t,t
oy,oy
ao,ao
k,k
k,k
t,t
er,axr
n,n
z,s
pcl,kcl
s,s
kcl,kcl
en,en
ay,ay
s,s
ao,ao
m,m
aa,aa
ow,el
ix,ix
z,s
dh,dh
jh,sh
ah,ah
ax,ix
axr,axr
s,s
s,s
ah,ah
n,n
r,r
sh,sh
ix,ix
ch,t
dx,dx
f,f
kcl,tcl
ow,ow
dx,dx
n,n
r,r
ng,ax
ao,ao
m,n
uw,uw
s,s
q,q
f,s
z,z
m,m
t,t
ax-h,v
ix,ey
t,d
ix,r
w,w
aa,aa
dcl,dx
ih,ax
y,q
dh,dh
dcl,dcl
s,s
iy,iy
aa,aa
ux,ix
ih,ih
q,q
s,s
bcl,dcl
eh,eh
v,hv
y,iy
dcl,en
ae,ae
ah,ah
th,th
axr,r
dcl,dcl
ih,ey
k,g
v,v
ih,ng
n,n
f,f
ax,ax
ih,ix
uw,ux
ae,ae
ih,ih
m,m
ih,ix
k,k
ow,ah
iy,iy
ax,ix
ih,ih
iy,iy
m,n
r,r
tcl,tcl
ae,eh
ih,ih
r,r
tcl,kcl
l,l
kcl,kcl
ay,aw
ax,q
tcl,tcl
jh,jh
aa,aa
iy,iy
ax,ax
dx,dx
iy,iy
y,jh
tcl,dcl
l,r
ih,ix
aa,ao
ix,ix
ih,ih
tcl,tcl
ux,ux
n,en
ix,q
dx,dx
ah,eh
pcl,f
z,z
ng,m
tcl,ix
r,r
n,n
ow,ow
r,eh
l,l
eh,ih
d,t
f,f
bcl,dcl
ah,ah
s,z
q,q
ih,ix
tcl,p
t,t
kcl,kcl
f,th
iy,iy
axr,axr
f,f
dh,d
gcl,gcl
hh,hh
ax,ax
ix,iy
z,z
l,l
z,s
iy,iy
l,l
ux,ux
k,k
w,w
s,s
g,dx
gcl,gcl
w,w
ix,ix
z,s
eh,ih
s,s
kcl,kcl
z,z
aa,er
pcl,kcl
w,w
s,s
z,s
m,m
ix,ix
r,r
axr,er
ah,ow
q,q
bcl,pcl
iy,iy
dx,dx
pcl,pcl
s,s
s,s
ao,ao
uh,ax
ax,ix
gcl,kcl
t,t
n,ng
g,g
t,t
kcl,tcl
dh,dh
n,ng
eh,ae
tcl,tcl
n,tcl
s,s
kcl,kcl
n,n
l,l
dcl,dcl
l,l
iy,iy
k,hh
gcl,dcl
ix,ix
y,iy
jh,jh
ix,ix
r,r
ay,ay
ae,ae
ax,ix
eh,ax
tcl,tcl
s,s
ao,ao
s,s
z,kcl
th,f
iy,ey
r,r
s,s
ey,ey
n,n
s,s
ax,ax
sh,sh
kcl,gcl
er,er
ah,ah
axr,axr
ng,kcl
gcl,gcl
p,p
tcl,tcl
axr,axr
tcl,tcl
r,r
t,t
ux,ux
r,r
t,t
l,l
s,s
uh,ow
t,d
er,r
el,el
en,en
hh,hh
s,s
dcl,dcl
n,n
pcl,pcl
tcl,tcl
l,l
ix,ix
dcl,dcl
r,r
kcl,kcl
ix,ix
kcl,kcl
oy,oy
hv,hv
s,s
aa,aa
z,s
q,q
k,g
n,ng
uw,uw
uw,uw
dcl,tcl
g,g
s,s
z,z
n,n
r,r
dh,dh
ow,ow
ey,ey
t,t
z,z
th,z
n,n
tcl,tcl
n,n
y,ix
aa,ao
s,s
f,hh
n,m
pcl,kcl
r,r
iy,iy
r,r
iy,iy
ix,ix
w,w
iy,iy
p,p
ih,iy
r,r
ow,l
q,q
uh,ax
ih,ih
aa,oy
v,ax
w,w
l,l
ax,ix
ay,ay
ix,iy
axr,axr
f,f
ao,ao
hh,hh
s,s
r,ah
s,s
axr,axr
em,en
n,v
dh,th
ax,l
l,l
m,m
ae,ae
v,v
s,z
t,ch
jh,jh
ng,ix
l,r
s,s
jh,jh
s,s
k,k
k,k
ao,ao
s,s
ih,ih
k,k
ix,ix
ax,ix
r,r
r,r
w,w
el,el
ux,ux
k,k
kcl,kcl
b,p
m,n
kcl,kcl
bcl,bcl
r,r
iy,iy
ah,ah
l,l
s,s
ih,iy
ax,ax
ae,ih
er,r
q,q
ix,ih
s,s
uw,ih
kcl,kcl
dcl,bcl
aa,ay
r,r
gcl,dcl
axr,ux
m,en
tcl,tcl
n,n
jh,jh
dcl,dcl
tcl,kcl
aa,aa
ao,ay
f,f
ay,ay
ao,ao
w,w
q,q
uh,ih
ey,ey
r,r
axr,er
r,r
kcl,dcl
sh,sh
w,w
kcl,kcl
er,er
kcl,kcl
ch,ch
p,p
ax,ax
dh,dh
dcl,dcl
k,k
r,r
sh,s
ao,ao
t,s
v,v
g,g
oy,ao
uh,ax
kcl,kcl
ao,ow
iy,ih
aa,ao
zh,sh
k,tcl
ah,ow
k,k
p,p
l,l
ey,ey
tcl,pcl
w,w
uh,ih
pcl,pcl
z,z
y,y
q,q
z,z
aw,aw
aa,aa
ow,ow
ae,ae
ow,ow
r,r
ix,ix
m,n
n,n
ah,ah
sh,s
hv,dx
uh,ih
ah,ah
ih,ix
l,l
ax,ah
ae,eh
v,w
k,k
sh,sh
ix,ix
ih,ix
iy,iy
w,r
eh,eh
iy,iy
w,w
l,l
n,n
n,n
pcl,kcl
r,r
iy,iy
n,n
ix,q
ae,eh
ax,eh
dcl,dcl
dcl,dx
tcl,ix
ae,ae
r,r
ao,aa
n,n
z,k
nx,v
ih,iy
er,r
kcl,tcl
dx,dx
axr,ix
dx,d
sh,ch
uh,ah
iy,iy
tcl,tcl
er,er
l,aa
sh,sh
ay,ay
s,s
ix,ix
ao,ao
ey,ey
eh,eh
kcl,pcl
kcl,kcl
w,w
aa,ae
ow,ow
ih,iy
l,l
s,s
z,z
aw,aw
w,w
bcl,bcl
ah,ao
kcl,dcl
ae,ae
r,r
f,f
ix,ix
ah,ax
kcl,t
ax,ax
ay,ay
hv,hv
aa,aa
ay,ay
ae,ae
z,s
ih,ih
r,r
g,g
l,l
s,s
k,k
l,l
iy,iy
s,s
axr,er
ao,ow
ax,ax
er,axr
ao,ao
gcl,pcl
z,z
axr,dx
bcl,bcl
w,w
ih,ih
n,n
ah,ah
r,axr
kcl,kcl
s,s
s,s
ix,ix
kcl,kcl
g,k
s,s
v,tcl
ix,ih
z,s
kcl,kcl
eh,r
aa,ao
kcl,kcl
ix,ix
r,r
t,hh
sh,sh
gcl,tcl
n,n
ih,ax
k,k
sh,sh
m,m
axr,r
r,r
l,l
ah,ay
y,iy
dcl,dcl
tcl,en
gcl,gcl
r,r
ah,ah
pcl,gcl
ow,ow
dx,dx
pcl,tcl
m,m
v,v
axr,q
l,l
r,r
aa,aa
s,th
n,n
dx,dx
ix,ix
n,n
axr,axr
kcl,kcl
zh,z
aa,ah
oy,oy
ao,ao
m,m
sh,sh
pcl,kcl
axr,er
k,k
s,s
s,s
r,r
l,l
ao,ao
l,ix
s,s
f,f
z,s
eh,ae
y,y
d,d
s,s
sh,s
n,m
ix,ax-h
kcl,kcl
ax,ax
q,tcl
r,iy
k,k
y,iy
eh,eh
ay,ay
ix,ih
k,k
tcl,tcl
z,z
iy,iy
er,er
r,ix
m,n
dx,dx
m,m
z,z
tcl,kcl
ax,ax
kcl,kcl
sh,sh
eh,eh
w,w
m,n
n,n
n,n
iy,iy
ay,ay
pcl,kcl
n,dcl
er,er
ix,r
q,q
k,k
ix,ix
ey,ey
kcl,tcl
ah,ah
tcl,dx
l,l
ix,ix
t,t
dh,l
eh,eh
ow,ao
aw,aw
jh,jh
ae,ae
q,q
axr,ih
dcl,v
ih,ih
ix,ix
n,n
kcl,kcl
tcl,tcl
w,w
s,s
q,q
p,p
t,jh
iy,y
n,l
ey,ey
pcl,th
hv,hv
ax,n
ey,ay
tcl,dcl
g,g
ix,ax
m,m
l,l
ae,ae
k,k
y,y
ix,ax
p,p
bcl,pcl
ix,ix
r,r
oy,oy
n,n
t,t
ih,ix
z,s
axr,ix
n,ng
ow,ow
gcl,gcl
ae,eh
t,t
tcl,tcl
k,g
ah,ah
eh,eh
ey,iy
gcl,m
r,r
iy,iy
ao,aa
d,d
gcl,tcl
tcl,tcl
s,s
axr,axr
pcl,pcl
ax,dcl
ih,ih
s,s
s,s
t,t
aw,aw
n,n
m,l
ae,aa
tcl,tcl
m,m
n,n
n,m
n,n
jh,jh
th,hv
ah,eh
k,k
l,l
ey,ey
l,w
r,r
aa,aa
ey,ey
aa,aa
ae,ae
q,q
dx,dx
v,v
k,k
w,w
kcl,tcl
ey,ey
ix,ix
aa,ah
t,t
t,t
ix,ix
ay,ay
dx,dx
oy,oy
ng,n
l,l
y,y
n,m
t,t
l,l
z,z
w,r
eh,ah
dx,dx
t,t
s,s
er,er
ae,ae
ah,ah
dcl,jh
s,s
kcl,kcl
ah,eh
sh,sh
en,n
ao,ao
v,v
ix,axr
ah,ah
s,s
y,iy
f,f
ay,ay
v,v
iy,iy
l,l
l,oy
ih,ih
ux,ux
g,g
l,l
gcl,gcl
axr,axr
kcl,kcl
m,w
ix,iy
k,k
ax,ax
el,ow
ch,ch
ax,l
r,r
ux,y
t,t
aa,ao
en,n
axr,eh
aa,aa
ng,m
ux,ux
ch,ch
m,m
er,er
n,n
ey,ey
k,k
tcl,tcl
dcl,dcl
dh,dh
kcl,kcl
ao,ow
iy,iy
pcl,pcl
n,n
nx,nx
ax,ah
ay,ae
kcl,kcl
ih,ih
ae,ae
dh,v
ah,ay
aw,aw
r,r
gcl,dcl
iy,iy
l,l
s,s
n,n
z,z
ae,ae
gcl,gcl
th,z
uw,uw
t,t
ix,l
aa,aa
n,n
n,r
iy,iy
hh,hh
r,r
w,w
ah,ah
l,l
aa,aa
axr,r
iy,iy
s,s
iy,iy
t,t
iy,y
l,l
iy,iy
l,l
ax-h,tcl
ae,ae
q,q
hv,hv
n,m
t,t
oy,oy
q,q
r,r
uw,uw
n,n
r,ix
s,s
oy,ao
ow,ow
er,er
ux,ux
n,n
t,s
w,ao
tcl,tcl
k,k
m,m
q,q
r,axr
s,s
ay,ay
hh,hh
q,q
dx,dx
ae,ae
ix,ax
l,l
q,q
z,z
en,n
aa,aa
n,n
m,m
s,s
n,n
iy,iy
ay,ay
ix,ix
bcl,dcl
tcl,dcl
w,w
t,t
n,gcl
l,l
kcl,kcl
ih,eh
ah,ah
ih,ih
v,r
r,r
dcl,dx
ay,ey
kcl,kcl
n,n
iy,iy
dcl,dcl
ow,ow
s,s
dh,dh
dh,dh
n,n
ix,l
s,t
v,v
kcl,kcl
ey,ey
tcl,dcl
k,k
ch,sh
ow,ow
ae,ae
axr,q
y,iy
m,n
ix,ix
s,s
kcl,kcl
dx,dx
bcl,bcl
q,q
ae,ae
m,n
v,v
ng,ng
ax,r
kcl,kcl
g,g
axr,axr
r,r
uh,ax
s,s
iy,iy
t,t
pcl,pcl
iy,iy
y,iy
uw,el
q,q
k,k
kcl,pcl
t,t
ae,ae
bcl,pcl
s,s
ah,ah
pcl,f
s,s
nx,nx
p,p
ow,ow
m,n
f,f
m,dcl
tcl,kcl
er,axr
ix,eh
dh,v
l,l
iy,iy
dx,dx
ih,ih
ix,hv
kcl,kcl
pcl,pcl
kcl,kcl
t,jh
kcl,kcl
t,k
axr,axr
gcl,dcl
axr,r
l,l
dcl,dcl
n,dcl
y,y
ih,ix
l,l
jh,sh
ix,axr
er,eh
eh,iy
s,s
ae,ae
y,y
eh,ae
kcl,kcl
ax,v
kcl,dcl
ix,ix
sh,sh
f,f
ng,n
s,t
z,s
ey,ey
en,tcl
l,n
ow,ao
r,r
q,q
n,en
r,r
ae,ae
t,t
w,w
kcl,kcl
ix,ix
dx,dh
r,r
iy,iy
l,l
g,g
ay,ay
r,ix
z,s
ih,ih
pcl,tcl
axr,axr
v,v
m,m
m,v
ch,t
ow,ow
f,f
ey,ey
kcl,kcl
ix,ix
r,r
iy,iy
ey,ey
iy,iy
nx,nx
ey,ey
ix,ix
n,n
ay,ao
ih,eh
y,y
ix,ix
dh,ix
iy,iy
m,m
ey,iy
ay,ay
r,r
n,m
iy,iy
dh,dx
s,s
eh,ae
gcl,tcl
eh,ah
tcl,tcl
ih,ix
aa,aa
eh,eh
n,n
ae,ae
l,r
ax,ah
q,ix
eh,eh
l,ax
dx,dcl
ih,ih
er,axr
r,r
r,r
ae,eh
aa,aa
tcl,dcl
f,f
z,z
n,ix
l,l
l,l
y,y
ux,ux
ax,ax
r,r
ao,ao
ow,ow
ih,ih
m,m
jh,k
t,t
ih,eh
bcl,bcl
w,w
t,t
s,s
ih,eh
ix,ix
tcl,tcl
oy,oy
n,n
tcl,dcl
z,s
k,k
n,n
q,q
q,q
ix,ix
er,r
kcl,kcl
y,ix
y,y
v,v
tcl,dcl
bcl,dcl
iy,iy
v,v
ao,ao
g,k
iy,iy
ay,ay
ix,ix
s,t
tcl,kcl
aw,ao
m,m
ey,ey
axr,axr
dcl,gcl
v,n
q,q
ih,ix
tcl,tcl
t,t
ao,aa
hv,hv
sh,sh
ix,ix
s,s
ao,ao
s,s
uh,uh
tcl,tcl
jh,t
ax,ix
n,n
aa,ao
ae,ae
b,p
el,el
ih,ix
aw,aw
ao,aa
ax,ix
p,p
sh,sh
tcl,tcl
w,w
v,f
aa,aa
l,l
ux,ix
r,r
k,k
iy,q
k,k
dcl,bcl
r,ax
r,r
k,k
er,axr
axr,axr
ng,n
aw,aw
ux,ux
ow,ao
eh,eh
ax,ax
z,z
kcl,kcl
ih,ih
iy,iy
ih,ey
pcl,pcl
ix,ix
ix,ix
q,l
m,m
l,l
ay,ay
er,er
eh,eh
z,z
s,s
nx,nx
el,el
ao,ao
ix,iy
ah,ae
tcl,f
n,m
m,m
dcl,dcl
q,q
z,z
dx,dcl
q,q
y,y
n,n
g,g
iy,iy
ix,ix
t,t
z,z
n,n
ih,eh
aa,aa
s,s
bcl,bcl
iy,iy
m,n
w,w
p,p
ix,ix
m,n
ix,ix
ix,ih
k,k
en,ax
ix,ix
r,r
ix,ix
ix,ux
hv,hv
ix,n
s,s
m,m
ih,ih
ae,ah
el,w
l,m
jh,jh
n,n
l,l
r,r
r,er
pcl,pcl
ix,ix
s,s
t,t
q,q
m,m
dx,dcl
l,w
ix,ix
s,z
ix,ih
kcl,pcl
ix,ix
m,n
r,r
ng,ng
pcl,tcl
bcl,hv
l,l
l,ah
q,q
axr,ix
ux,ux
ch,ch
ih,ih
m,n
s,s
n,n
eh,ah
z,s
ax,ax
oy,oy
er,er
axr,ix
n,n
ae,ae
ix,ix
d,k
iy,iy
ng,dx
ao,ao
r,r
q,q
g,g
iy,y
ey,ey
ao,ao
p,k
bcl,n
l,l
tcl,tcl
bcl,n
ix,ih
bcl,bcl
ih,ih
ay,ay
w,w
n,dcl
ow,ow
t,jh
r,nx
m,m
m,m
l,w
q,tcl
ah,ow
r,r
p,p
y,y
eh,eh
ix,eh
r,r
en,en
ng,n
l,l
dx,l
q,q
er,axr
dh,dh
m,m
ix,ih
w,w
kcl,tcl
r,axr
z,v
q,q
tcl,tcl
m,m
gcl,gcl
sh,sh
l,l
m,n
er,er
d,t
s,s
nx,nx
ax,ah
q,q
m,m
uh,eh
sh,sh
l,r
jh,sh
tcl,tcl
aa,aa
r,r
pcl,pcl
n,n
sh,sh
m,m
n,n
l,l
ow,ah
v,v
k,g
q,q
q,q
v,v
ey,ey
r,r
iy,iy
tcl,tcl
s,s
l,l
ae,ay
z,z
k,k
iy,iy
l,l
er,aa
axr,axr
hh,t
dcl,tcl
ih,iy
z,z
ah,aa
ah,ah
s,s
eh,eh
n,n
iy,ix
ao,ao
kcl,kcl
q,q
ih,ix
axr,er
ux,uw
ix,ix
ax-h,ax-h
er,er
tcl,kcl
s,z
ow,ax
z,s
r,r
z,z
dcl,dcl
iy,iy
ay,ay
kcl,kcl
q,q
dh,dh
ah,er
kcl,kcl
dcl,n
ng,n
ae,ae
l,q
ix,r
f,f
l,r
th,s
n,n
kcl,kcl
k,k
l,l
bcl,dcl
ae,ae
ix,iy
n,n
iy,ey
s,s
f,f
t,t
ix,ix
uh,ux
er,er
ix,n
ao,w
n,n
tcl,tcl
pcl,pcl
ao,ao
pcl,m
iy,iy
q,q
tcl,tcl
s,s
bcl,pcl
iy,iy
z,z
dcl,dx
kcl,kcl
ax,n
kcl,kcl
iy,iy
tcl,pcl
pcl,kcl
gcl,dcl
r,r
ix,ih
ng,ng
p,p
ix,q
n,n
ix,ix
l,l
s,s
ih,eh
m,m
axr,axr
dh,dh
nx,n
q,q
ih,ih
ay,ay
aw,ae
gcl,gcl
ux,ux
s,s
zh,dcl
ix,ix
ay,ay
p,p
gcl,gcl
w,l
ih,ih
pcl,bcl
t,t
n,n
f,tcl
ix,ih
kcl,gcl
k,k
er,axr
r,dx
ux,ix
f,f
ow,q
ao,ao
th,dh
l,l
ao,ao
n,n
tcl,tcl
dcl,pcl
v,v
eh,eh
m,m
dx,dx
axr,r
ux,ux
z,v
eh,ix
pcl,tcl
w,w
ix,ix
s,s
f,p
ow,ow
axr,er
ey,ey
iy,iy
kcl,kcl
s,s
eh,eh
l,l
bcl,bcl
ay,ay
t,t
ah,ah
ah,ow
v,ax
iy,iy
ae,ae
el,w
ux,ix
tcl,dcl
tcl,tcl
ax,r
ih,ey
ay,ay
bcl,bcl
s,s
q,ax
l,l
el,el
aa,aa
b,p
n,n
ix,ix
axr,axr
ay,ay
ux,ux
ix,ix
k,k
ax,l
ix,ix
jh,jh
l,l
m,m
ix,ix
r,axr
q,q
v,v
q,q
iy,iy
w,ao
r,r
gcl,dx
ix,ix
ow,ow
f,s
bcl,bcl
v,v
n,n
t,t
ey,iy
z,s
r,q
kcl,tcl
m,m
tcl,tcl
s,s
ix,ix
ax,ax
s,s
ih,ow
w,w
dx,dx
ah,ah
gcl,r
pcl,pcl
dh,v
ae,ae
dcl,dcl
f,f
s,s
y,y
ae,ae
s,s
aa,aa
hh,v
l,l
f,f
uh,axr
aa,ah
q,q
axr,el
dx,dx
gcl,dcl
pcl,pcl
iy,iy
s,s
l,l
ey,ey
ae,ae
m,m
ix,ax
d,d
ao,w
tcl,gcl
y,y
l,r
ih,ey
er,er
ae,ae
kcl,kcl
aa,aa
bcl,bcl
bcl,pcl
r,r
r,r
ih,axr
jh,jh
kcl,q
ih,iy
r,ix
ow,ow
n,n
s,s
kcl,tcl
ih,ih
iy,iy
p,p
kcl,kcl
ax,ax
eh,ae
kcl,gcl
uw,uw
ah,ae
k,k
el,el
ix,l
eh,eh
t,t
ao,ao
l,l
v,v
ow,ao
g,v
s,s
k,k
l,l
n,n
dx,dx
n,n
s,s
ax,ax
r,r
ow,ow
ix,ix
ux,ux
sh,sh
r,v
ey,eh
iy,iy
tcl,tcl
m,m
aa,ay
ix,ix
pcl,pcl
n,n
ix,ix
ow,ow
ix,ix
eh,eh
n,n
dh,n
el,el
eh,eh
ih,eh
ey,ey
bcl,v
z,z
ay,ay
ao,ao
kcl,kcl
iy,iy
l,l
q,q
tcl,pcl
ah,ah
ay,ay
z,z
ah,ah
hh,hh
tcl,tcl
w,w
s,s
l,l
l,w
b,w
v,v
z,s
ae,ae
k,k
ae,ae
jh,ch
w,w
dcl,dcl
hv,hv
k,k
ih,eh
sh,sh
l,l
ih,ih
eh,eh
kcl,q
kcl,kcl
m,m
t,t
jh,k
q,q
s,s
ux,ux
iy,iy
gcl,gcl
f,f
axr,axr
gcl,dcl
sh,sh
ay,ae
ae,ae
ng,n
uh,ix
ah,q
iy,iy
ax,ax
s,s
m,m
ih,eh
pcl,kcl
kcl,kcl
ae,ae
n,m
gcl,dcl
t,t
eh,ae
n,dcl
axr,r
iy,iy
z,dx
t,d
l,l
ax,r
r,r
tcl,p
ey,ey
p,k
iy,ix
ey,iy
ah,ix
dcl,dcl
v,dcl
tcl,kcl
ih,ix
t,t
iy,iy
ay,ay
el,el
ng,uw
q,kcl
iy,iy
kcl,kcl
s,s
tcl,dcl
ch,ch
tcl,tcl
iy,ix
ix,iy
axr,er
ix,ix
dh,th
dcl,tcl
pcl,pcl
l,l
s,z
q,q
r,r
eh,ae
ch,t
sh,sh
iy,ae
kcl,kcl
s,s
ix,ih
ix,ix
ix,eh
q,q
r,r
n,n
ey,ey
f,f
f,f
eh,ey
dx,dx
k,k
q,q
m,m
s,s
s,s
eh,eh
jh,jh
ih,ix
v,v
kcl,kcl
n,n
l,l
m,v
axr,ix
z,z
iy,iy
sh,sh
axr,er
w,w
axr,axr
hh,n
tcl,tcl
n,n
v,v
en,ix
iy,ih
p,hh
tcl,tcl
v,v
n,n
ow,ah
aa,l
tcl,tcl
m,m
aw,aw
hh,w
bcl,bcl
aa,ae
l,l
ih,ih
dcl,dcl
y,y
l,l
ae,ae
kcl,kcl
w,w
ix,ix
ao,ao
aa,ao
ae,ae
n,n
ow,aw
l,w
tcl,k
f,th
p,p
aa,ay
t,d
s,s
l,l
q,q
s,s
el,ow
s,s
s,z
ix,iy
ae,ae
y,y
l,l
q,bcl
dcl,dcl
l,l
sh,ch
l,l
k,k
l,l
s,s
w,l
w,w
eh,eh
tcl,tcl
iy,iy
jh,k
eh,eh
s,s
tcl,tcl
el,ao
z,s
ey,ey
ax,m
eh,ae
el,el
v,v
ow,ow
kcl,t
kcl,kcl
eh,eh
dcl,dcl
dh,dh
t,t
ch,t
m,m
kcl,kcl
tcl,tcl
f,f
er,er
tcl,tcl
ao,ao
m,n
ay,ay
k,k
kcl,dx
m,m
pcl,kcl
q,q
l,q
s,s
v,v
k,k
t,t
ix,ax
ix,ih
ih,ey
aw,ae
ix,ix
l,l
w,w
ow,l
y,dcl
iy,iy
n,q
r,r
g,d
q,q
s,s
kcl,kcl
ix,eh
t,d
n,dcl
r,r
tcl,p
pcl,pcl
s,t
ow,ow
y,y
k,k
axr,axr
dcl,gcl
ih,ih
l,l
w,w
ae,aw
gcl,dcl
kcl,kcl
pcl,tcl
ix,ix
w,w
ey,ey
dcl,v
iy,iy
n,n
n,n
ow,ow
iy,iy
iy,r
r,r
kcl,kcl
r,ix
ah,ah
ix,ix
gcl,dh
ae,ae
w,w
p,p
er,er
sh,sh
ay,ay
ae,ae
ih,y
nx,n
q,l
p,p
tcl,dcl
z,s
tcl,tcl
ix,axr
ih,ih
kcl,kcl
s,s
k,k
ao,ao
w,w
iy,iy
ao,ao
f,f
r,r
ax,ax
kcl,gcl
axr,r
y,y
m,m
w,l
ix,ix
n,n
y,y
ux,ux
s,s
pcl,pcl
ey,ey
tcl,tcl
t,t
iy,ix
sh,s
r,r
ay,ay
s,s
ih,ih
aa,aa
iy,iy
q,q
ix,r
eh,ax
uh,eh
ih,iy
tcl,dcl
er,er
ay,ay
k,k
l,w
p,p
iy,iy
r,r
r,r
n,dcl
p,p
ah,ah
s,s
r,r
ey,ey
eh,ae
dcl,dcl
bcl,bcl
r,r
dx,r
ax-h,t
kcl,kcl
f,f
l,l
y,y
f,f
ae,ae
jh,jh
er,axr
ow,eh
dh,z
n,n
y,y
m,m
ey,ey
tcl,kcl
n,n
ix,ix
t,d
s,s
w,w
en,n
pcl,pcl
bcl,bcl
tcl,kcl
d,t
axr,er
eh,eh
sh,th
pcl,pcl
ao,ao
f,dh
uh,ax
t,t
ah,ax
ng,gcl
n,n
hv,hv
kcl,kcl
kcl,dcl
pcl,pcl
n,n
f,f
d,t
z,z
t,t
n,en
s,s
ax,ah
q,q
iy,y
ao,ao
hv,hv
ih,ih
s,s
iy,iy
eh,ix
ae,ae
tcl,tcl
l,l
ih,ih
w,w
kcl,tcl
sh,sh
kcl,kcl
dx,dx
axr,axr
ah,ao
l,l
ay,ay
iy,iy
p,p
z,z
ix,ux
t,t
z,s
ih,ih
hh,hh
w,w
ux,iy
k,k
ix,ix
w,w
s,s
iy,iy
pcl,pcl
p,p
z,z
n,n
ux,y
hv,hv
dcl,dcl
ih,oy
l,n
t,s
ae,ae
l,l
ix,ix
n,n
ng,y
ux,ux
aa,aw
iy,iy
ix,ix
f,f
ch,ch
iy,iy
z,z
s,s
kcl,pcl
eh,eh
dcl,dcl
ay,ay
axr,axr
bcl,bcl
w,w
ux,ux
n,n
m,m
ih,eh
z,z
nx,m
s,s
axr,r
s,s
r,r
dcl,dcl
r,r
w,w
k,k
s,s
s,s
pcl,dcl
iy,ih
w,w
ax,r
r,ix
ey,ey
tcl,kcl
ow,ow
tcl,tcl
ax,ax
aa,aa
r,r
iy,ey
k,k
l,l
ix,ix
m,m
ae,ae
ey,ix
y,y
ae,ae
iy,iy
k,k
s,s
k,k
g,g
f,f
iy,iy
axr,axr
t,t
v,v
tcl,g
k,k
z,s
tcl,p
ow,ow
tcl,tcl
l,l
ng,ng
s,s
er,er
ax,l
ix,hv
axr,axr
v,v
ix,ix
aa,aa
v,bcl
dcl,dcl
m,m
d,p
p,hh
v,v
ae,ae
t,k
kcl,kcl
kcl,kcl
eh,eh
tcl,tcl
r,r
ih,ix
gcl,dcl
l,l
l,l
l,l
k,g
iy,iy
r,r
iy,iy
iy,iy
ix,ix
y,y
ax,ix
eh,eh
ng,n
th,th
pcl,tcl
eh,ix
l,l
ng,n
gcl,gcl
pcl,tcl
m,m
l,l
r,v
iy,iy
ao,ih
w,w
s,s
eh,ah
iy,iy
k,k
ix,ix
n,n
p,p
ix,ax
ng,v
ix,ix
dcl,dcl
aa,ao
kcl,kcl
hv,hv
l,l
iy,iy
tcl,tcl
v,v
dx,gcl
ix,ih
ae,ae
ax,ax
l,l
gcl,gcl
t,t
iy,iy
z,z
q,q
er,er
ix,ih
iy,iy
sh,sh
t,k
sh,sh
axr,r
q,q
er,axr
s,s
ih,eh
b,p
r,ax
y,iy
ih,ih
ay,ay
dh,v
kcl,kcl
t,s
axr,ix
oy,oy
z,s
ow,ow
sh,sh
dcl,gcl
s,s
f,f
uw,uw
bcl,bcl
ao,ao
sh,sh
l,l
dx,dx
ix,ix
s,s
s,s
axr,axr
p,k
tcl,dcl
s,s
ey,ey
ih,ih
n,n
tcl,q
s,s
uh,ix
s,s
ng,n
s,s
y,y
ax,ax
ey,ey
s,s
p,p
p,p
nx,nx
r,r
ae,ae
iy,y
ay,ay
f,th
ao,aa
ax,ax
kcl,kcl
iy,iy
ao,ao
f,f
pcl,kcl
t,s
ih,eh
m,m
kcl,kcl
aa,aa
ah,ow
n,n
n,n
p,p
sh,sh
n,n
p,p
ax,ay
er,axr
hh,hv
s,s
l,l
dcl,dcl
s,s
uh,m
r,r
iy,ix
n,n
s,s
m,m
tcl,dcl
s,s
kcl,kcl
axr,ix
s,s
ih,ix
l,l
ux,axr
sh,sh
pcl,pcl
r,r
ih,ih
pcl,kcl
m,m
n,n
iy,iy
aw,aw
kcl,pcl
uw,l
sh,s
g,k
ay,ay
hv,hv
tcl,tcl
eh,eh
q,q
bcl,bcl
sh,sh
r,r
p,p
m,dcl
tcl,kcl
l,l
s,s
aa,ay
k,k
ae,ae
g,g
ey,eh
iy,iy
l,l
r,r
ae,ae
tcl,tcl
ow,el
m,m
ih,iy
ae,ae
m,n
ae,ae
r,r
iy,y
eh,l
kcl,kcl
hh,hh
ah,eh
ae,ae
iy,iy
kcl,kcl
s,s
eh,ix
t,p
ch,ch
iy,iy
ah,ah
f,f
ux,ih
iy,iy
l,l
dcl,en
ae,ay
ay,ay
z,z
tcl,tcl
iy,iy
s,s
pcl,pcl
axr,axr
ih,ih
ix,l
r,r
axr,axr
dcl,dx
k,k
axr,axr
jh,ch
ix,ix
iy,iy
r,r
n,n
ah,ax
oy,oy
n,n
ae,ae
n,n
s,s
dcl,l
s,s
k,k
dcl,dcl
v,dcl
r,r
v,v
q,q
kcl,kcl
b,d
nx,n
s,s
s,s
ax,ax
dcl,kcl
gcl,dcl
n,ix
p,p
iy,iy
ax,eh
w,w
dcl,dcl
hh,q
iy,iy
ix,ix
en,en
r,r
sh,f
g,g
pcl,pcl
uw,uw
ih,ih
ix,ux
ix,ix
iy,iy
s,s
er,er
q,q
gcl,axr
kcl,kcl
v,v
w,l
ix,ix
ux,ux
ix,ix
l,el
w,w
eh,ae
y,y
ey,ey
k,k
eh,eh
aa,aa
sh,sh
axr,r
v,v
d,t
ow,ow
z,z
m,m
aa,ao
eh,ix
w,ux
s,s
q,iy
tcl,q
ux,ux
ey,ey
kcl,kcl
s,s
ih,ix
ng,k
q,axr
iy,ey
m,m
l,l
kcl,en
ix,ih
w,w
pcl,kcl
y,y
s,z
ix,ix
kcl,tcl
ih,ih
dh,dh
q,q
ao,ao
p,p
ch,k
r,r
l,l
el,l
ae,ae
w,w
tcl,dcl
sh,sh
eh,eh
ey,ey
ae,ae
tcl,pcl
nx,eh
tcl,dcl
er,er
ix,ix
ah,aa
hh,hh
r,r
iy,iy
dcl,dcl
dcl,tcl
er,er
z,z
kcl,tcl
zh,zh
iy,iy
y,ix
jh,ch
kcl,tcl
axr,l
r,r
pcl,kcl
y,y
ae,ae
dh,dh
w,n
pcl,pcl
ae,ae
iy,iy
dh,v
ux,ux
ao,ao
d,s
eh,l
eh,eh
f,f
dh,v
v,dh
m,m
kcl,kcl
el,ow
ix,ux
ix,ix
tcl,tcl
dx,dx
ix,iy
tcl,kcl
k,k
bcl,bcl
m,m
axr,axr
z,s
ax,axr
ih,ix
gcl,dcl
z,z
kcl,kcl
z,z
r,r
iy,iy
q,dh
er,er
tcl,kcl
el,el
ch,s
l,l
dh,dh
ih,ix
oy,oy
v,v
m,n
l,w
eh,eh
r,r
ix,dx
n,n
ih,ax
ix,ix
hh,hv
w,w
s,s
axr,aa
ae,eh
zh,sh
sh,sh
ix,ix
ih,ix
r,r
gcl,gcl
eh,eh
ey,ey
m,m
aa,ao
dh,v
dx,dx
g,g
z,z
bcl,bcl
iy,iy
axr,er
z,z
aa,aa
eh,ah
ax,ax
l,l
tcl,tcl
s,s
aa,aa
ow,ow
em,n
ao,ao
ay,ay
aa,aa
bcl,tcl
gcl,dcl
s,s
s,s
y,iy
iy,iy
m,m
n,n
er,axr
aa,aa
jh,eh
iy,iy
iy,iy
hv,hv
axr,ah
axr,axr
uw,uw
dcl,dcl
eh,ih
dh,dx
ix,r
er,r
q,q
ix,ay
dcl,dcl
th,th
ih,ih
s,s
ah,l
ae,ae
ow,ow
ax,ax
dcl,dcl
bcl,bcl
kcl,v
ay,ay
w,w
tcl,kcl
iy,iy
w,w
er,er
r,r
aw,aa
dx,dx
tcl,kcl
ow,ah
ih,ix
sh,sh
iy,iy
dcl,tcl
aa,ah
iy,iy
ih,eh
dh,hh
iy,iy
ow,ow
dcl,dcl
iy,iy
ah,r
ah,eh
er,er
ao,aa
bcl,m
zh,z
l,l
ix,ix
ch,t
r,l
l,l
tcl,dcl
ih,eh
l,l
m,m
f,f
m,m
k,k
nx,nx
kcl,kcl
sh,sh
pcl,pcl
hv,hv
ix,ix
q,q
gcl,gcl
iy,ih
dcl,dcl
ow,el
r,r
ch,jh
k,k
pcl,kcl
bcl,m
aa,aa
dcl,dcl
eh,ih
ey,ey
ay,ay
r,r
kcl,tcl
iy,ix
ax-h,dcl
aa,aa
r,r
ix,ix
aw,aw
q,q
dx,tcl
w,w
iy,iy
r,r
el,l
iy,iy
ix,ih
axr,er
r,r
ih,eh
dcl,dcl
ax,l
l,l
g,g
z,z
ih,ey
ae,ae
s,s
axr,axr
oy,oy
ih,ih
m,n
ey,ey
ax,l
ih,eh
kcl,kcl
ay,ay
r,r
l,ah
ax,ax
p,p
ax-h,ax-h
ix,ix
r,r
k,k
s,s
f,f
l,ow
iy,ey
iy,iy
r,r
axr,eh
jh,jh
tcl,tcl
l,ao
k,k
kcl,kcl
l,ow
q,ax
ah,eh
ao,ao
dcl,dcl
s,s
axr,er
z,s
f,f
q,q
r,r
er,er
q,w
v,v
q,q
ay,ay
ay,ah
p,p
l,l
s,sh
m,m
ey,ey
eh,eh
z,z
iy,iy
r,r
aa,aa
ih,ih
y,ix
sh,sh
dcl,dcl
tcl,kcl
ih,ix
axr,axr
axr,axr
ow,ow
dcl,dcl
m,m
ix,ux
ae,ae
sh,sh
ao,ao
p,p
p,p
iy,y
s,s
iy,iy
iy,ix
m,m
m,m
d,d
s,s
ae,ae
th,s
q,tcl
f,t
s,s
r,r
ao,ao
tcl,kcl
z,z
q,q
l,l
ih,ih
dcl,dcl
dcl,dcl
tcl,tcl
aw,aw
ow,ow
n,n
q,q
pcl,pcl
pcl,tcl
ao,aa
ey,ey
n,m
pcl,tcl
iy,iy
ao,ao
l,l
axr,axr
t,t
l,l
tcl,tcl
tcl,kcl
aw,aw
z,z
s,s
axr,r
n,dcl
bcl,kcl
n,n
dcl,dcl
s,s
w,l
en,en
ao,ao
nx,dh
ix,ix
q,q
ae,ae
n,n
ix,iy
aa,ay
n,n
s,s
n,n
ux,ux
er,er
ix,ih
y,y
ch,ch
z,s
gcl,gcl
l,l
eh,eh
iy,ix
ae,ae
el,el
r,r
ix,ix
ao,ao
eh,ix
s,s
z,s
ih,ih
oy,oy
r,r
v,v
iy,iy
w,w
z,z
n,n
ih,ih
n,n
tcl,pcl
ix,iy
t,k
iy,iy
m,m
kcl,tcl
n,m
dx,dcl
hh,k
ow,ux
gcl,gcl
k,k
pcl,pcl
dh,dh
hv,hv
axr,axr
en,nx
kcl,tcl
el,w
ae,ae
ax,ax
kcl,tcl
ax,ix
pcl,pcl
ng,ng
kcl,kcl
ax,ax
er,ay
q,q
m,n
ix,eh
dx,dx
k,k
ix,iy
eh,ih
gcl,m
t,t
el,r
l,l
n,n
l,l
r,r
r,r
ax,ax
y,jh
f,f
jh,jh
ix,r
n,n
s,s
ux,ux
m,m
ch,ch
dx,dx
hv,hv
tcl,tcl
ax-h,p
q,q
k,k
ih,ih
ao,aa
sh,sh
er,er
ax,ix
tcl,tcl
tcl,bcl
ah,ah
axr,axr
ng,ng
dcl,bcl
r,iy
kcl,kcl
sh,sh
l,l
ix,nx
s,s
w,w
bcl,dcl
m,m
ah,ah
n,n
n,n
tcl,t
sh,sh
dcl,dcl
aa,aa
tcl,kcl
ey,ey
uh,ix
r,r
gcl,gcl
iy,iy
s,s
gcl,dcl
hv,eh
iy,iy
r,r
t,t
ix,axr
s,z
s,s
dx,n
ax,ix
er,axr
r,er
ix,l
r,r
l,l
dcl,dcl
s,s
kcl,kcl
z,z
ux,ux
y,y
n,n
v,hv
ae,ae
iy,iy
l,l
w,w
k,k
z,s
ix,ih
ix,ih
ix,ax
ix,ix
t,t
y,y
hh,hh
r,r
ng,axr
m,m
jh,jh
axr,r
s,s
ix,ix
sh,sh
dh,dx
ow,ow
dh,dh
p,dh
s,s
w,w
tcl,tcl
w,w
dh,dh
eh,eh
gcl,tcl
r,r
n,n
dx,g
tcl,kcl
s,s
hv,hv
iy,ih
g,dh
n,m
v,v
ih,iy
ih,ih
hh,hh
v,v
n,dx
tcl,kcl
uw,uw
er,er
z,s
l,l
oy,oy
ey,ay
ih,eh
g,n
aa,aa
ih,ih
ah,eh
n,n
ih,ih
p,p
sh,sh
ae,eh
ae,ae
aa,ay
er,er
v,v
ix,q
r,r
m,m
l,l
ay,ay
ey,eh
ao,ao
v,v
eh,eh
hv,hv
k,k
tcl,tcl
axr,er
l,l
m,m
ow,ow
sh,sh
iy,iy
kcl,g
eh,eh
dcl,w
tcl,dcl
er,er
gcl,dcl
ah,ah
en,n
w,l
eh,eh
tcl,kcl
pcl,kcl
aa,aa
t,t
s,s
s,s
ow,ow
n,n
kcl,kcl
f,f
ax,hv
ch,ch
pcl,pcl
l,l
sh,sh
eh,ae
iy,iy
p,tcl
dx,dx
f,f
g,k
s,s
ao,ao
ah,ah
z,s
t,t
ix,ax
z,z
l,l
p,p
w,w
s,s
er,er
gcl,gcl
s,s
ow,el
s,s
sh,jh
ng,ng
eh,ae
hv,iy
r,v
s,s
pcl,pcl
aw,eh
ae,ae
aa,aa
sh,sh
iy,iy
m,m
l,l
ah,ah
ih,ix
tcl,pcl
q,q
uw,uw
nx,n
ix,ix
eh,eh
ix,ix
ax,ax
l,l
nx,nx
z,z
iy,ey
q,q
g,g
th,dh
t,t
r,r
axr,er
hh,hh
nx,n
z,z
hv,hh
s,s
f,f
ix,iy
ix,ix
kcl,kcl
gcl,dcl
tcl,tcl
ax,d
ax,eh
aw,aw
m,m
n,n
k,k
t,t
ah,ah
aa,aa
pcl,tcl
kcl,q
r,iy
axr,r
kcl,kcl
kcl,kcl
n,n
ow,ao
p,p
oy,oy
r,r
s,s
p,p
gcl,bcl
axr,axr
s,s
ae,ae
ax,ix
ix,ix
ah,ah
m,m
l,l
aa,aa
s,s
z,s
ae,ey
n,n
dh,dh
z,z
ay,ay
ix,n
ng,ng
y,jh
n,kcl
w,w
ix,ax
axr,axr
iy,iy
t,t
kcl,kcl
y,r
n,n
sh,sh
w,w
tcl,dcl
ey,ey
m,m
en,ax
m,m
ix,ix
eh,ih
ey,ey
sh,sh
n,n
n,dcl
iy,iy
dh,q
n,n
er,aa
pcl,pcl
s,s
ae,ae
bcl,bcl
l,l
eh,ae
r,r
axr,n
ay,ay
k,k
ae,ih
z,s
eh,eh
ao,ao
dx,dx
er,er
uw,l
w,w
v,v
ao,aa
l,el
t,t
t,t
n,n
l,l
pcl,kcl
ey,ay
l,l
s,s
ow,ow
axr,axr
el,el
g,g
l,en
p,p
sh,s
eh,eh
aa,ao
ix,ix
axr,r
ow,ow
sh,sh
dx,dx
p,p
m,m
q,q
gcl,dcl
eh,eh
jh,jh
l,ah
kcl,kcl
oy,ay
n,n
pcl,pcl
g,k
ix,axr
ey,ey
f,f
ng,n
kcl,dcl
eh,eh
er,er
ao,ao
q,q
w,y
axr,axr
kcl,kcl
l,l
eh,ah
l,dh
axr,axr
pcl,pcl
ow,ao
ax,ix
ix,ix
b,g
l,l
s,s
t,t
k,k
t,t
n,n
n,n
z,z
ih,ih
dcl,dcl
sh,sh
z,z
ih,ih
q,q
iy,iy
eh,eh
tcl,tcl
l,l
ax,ix
dcl,dcl
f,f
t,t
f,f
jh,t
pcl,pcl
dcl,dcl
ax,axr
ao,ao
q,q
dh,v
ae,ae
n,n
g,g
ix,ux
ow,aw
iy,iy
k,k
r,r
t,t
l,l
k,k
t,t
zh,sh
d,hh
hv,hv
p,p
iy,iy
w,w
s,s
uh,ah
z,s
n,m
n,n
ey,ih
ah,er
gcl,gcl
p,p
l,l
aa,ao
r,r
el,ow
axr,r
ix,ix
ao,ao
ix,iy
ix,ah
iy,iy
kcl,kcl
ih,ix
ay,ay
l,ax
ih,ih
tcl,tcl
tcl,kcl
dcl,dcl
ah,ah
f,f
r,r
r,r
n,n
ao,l
bcl,bcl
iy,iy
ah,aa
ix,ix
w,w
ay,ah
s,s
ih,ih
kcl,kcl
ix,r
s,s
p,p
pcl,pcl
dcl,dcl
ay,ay
ow,ax
er,r
r,axr
tcl,kcl
ey,ey
hv,hv
oy,oy
ae,eh
dx,dx
r,r
dh,dh
ae,ae
z,s
ae,ae
ux,iy
n,n
iy,iy
s,s
w,w
eh,eh
bcl,gcl
dcl,dcl
bcl,dcl
s,s
er,er
er,axr
dx,dcl
ax,ax
ah,l
g,kcl
ix,ix
t,t
dcl,pcl
ay,ay
ae,ae
g,k
ix,ix
iy,iy
ax,ah
r,r
ah,eh
ey,ay
l,l
ix,ix
ih,ih
ix,ix
r,r
ix,ix
iy,iy
s,s
q,q
ah,er
ax,nx
n,n
eh,eh
l,l
kcl,kcl
eh,eh
ux,ux
tcl,tcl
uh,ih
l,l
l,w
g,k
aa,aa
th,tcl
bcl,bcl
ix,ix
ax,m
kcl,tcl
aa,aa
w,w
kcl,tcl
ih,ix
ih,ih
ih,ih
iy,ey
w,w
t,t
iy,iy
q,q
ix,ix
axr,axr
dh,t
ix,ix
dcl,dcl
g,k
s,s
m,m
er,er
r,r
ng,q
gcl,gcl
iy,iy
m,m
ey,ey
ix,axr
hh,hh
f,f
r,r
ix,iy
k,k
l,iy
th,f
s,s
aa,aa
ux,ux
p,p
w,dcl
tcl,tcl
ix,en
r,eh
l,l
s,s
iy,ux
aa,aa
aa,ay
dh,dh
hh,hh
r,r
ch,ch
dcl,dcl
s,s
hv,hv
f,f
er,er
m,n
r,r
kcl,k
ey,ey
iy,iy
y,y
ay,ay
r,r
ch,sh
hv,hv
ow,ow
r,r
ay,ay
sh,ch
ih,ih
ix,ix
eh,eh
p,p
ch,ch
s,s
dcl,tcl
axr,axr
ah,ah
iy,iy
axr,axr
r,r
axr,axr
s,s
axr,w
kcl,kcl
pcl,kcl
ah,ah
ax,ow
r,r
ch,t
axr,axr
z,s
t,ix
ix,ix
w,l
kcl,kcl
eh,eh
eh,ae
g,k
jh,jh
n,n
axr,er
n,n
tcl,tcl
ax,ix
tcl,kcl
t,t
ux,ux
kcl,kcl
iy,ux
s,s
l,l
n,m
axr,er
r,r
axr,axr
ae,ae
r,r
ay,ey
ey,ey
p,p
k,k
r,aa
n,m
dx,dx
ix,ih
iy,ey
kcl,kcl
dx,dx
ax,ax
l,l
m,n
dcl,dcl
m,n
dcl,dcl
ix,ix
l,w
er,axr
el,el
iy,iy
f,f
ae,ae
ae,ae
l,l
ax,q
w,w
r,r
eh,ae
v,v
n,n
g,k
z,z
ao,ao
eh,eh
ax,ix
ae,ae
w,w
n,n
aa,aa
p,p
n,n
axr,axr
n,n
ah,ah
ix,ix
ah,ah
dcl,tcl
p,p
p,k
d,d
n,ng
er,er
ey,ey
ey,ey
ae,ae
ae,ae
t,t
s,s
k,k
ae,ae
q,q
ao,ao
ih,ux
p,p
iy,iy
hv,z
g,g
t,t
l,l
r,aa
k,k
r,axr
tcl,tcl
pcl,pcl
s,t
f,f
k,k
d,d
n,n
l,l
oy,oy
tcl,tcl
f,th
s,s
dh,dh
ah,ah
ng,ng
iy,iy
k,k
ux,iy
ah,ah
ih,ix
eh,eh
ow,ow
s,s
axr,ux
iy,iy
ow,ow
n,gcl
d,t
ah,eh
ao,ao
l,w
d,d
aa,r
gcl,gcl
pcl,tcl
ay,hv
dx,dx
eh,ae
tcl,kcl
kcl,kcl
l,w
ix,ih
ae,ae
ix,ih
tcl,tcl
axr,axr
m,m
ae,eh
z,z
n,n
jh,jh
m,m
ow,ow
r,r
k,p
ix,ix
hh,hh
sh,sh
ay,ay
ch,t
ix,ih
s,s
eh,eh
el,w
z,sh
ow,ow
w,w
aa,aa
ay,ay
l,l
z,s
w,w
iy,iy
f,f
tcl,kcl
t,t
r,r
aw,aa
ih,ix
ao,ao
iy,iy
ix,ix
ix,ix
d,d
eh,ey
hh,hh
dh,dh
l,l
axr,er
s,s
ix,ix
ae,ae
bcl,bcl
axr,axr
aa,aa
q,q
m,m
w,w
iy,iy
ix,eh
y,y
r,r
r,r
tcl,tcl
em,m
er,er
s,s
ix,ix
ng,ng
ae,eh
ch,k
aa,aa
tcl,pcl
tcl,q
aa,ao
ow,ow
tcl,kcl
z,s
em,n
axr,axr
ix,ih
ix,ix
ax,ax
k,k
axr,axr
aw,aw
ow,ow
p,p
ih,ix
s,s
ix,iy
n,n
v,v
axr,r
f,f
ah,ah
ix,ix
z,s
ih,ix
m,m
f,f
ix,ix
kcl,gcl
q,q
l,l
ix,ix
ch,t
ah,ah
en,en
eh,ih
dh,dh
r,w
n,n
r,r
s,s
ih,q
ux,ux
ax,ix
iy,iy
er,axr
axr,ix
iy,iy
s,s
ao,ao
iy,iy
iy,iy
ng,l
tcl,k
ao,aa
ng,ax
uh,ah
iy,iy
r,r
m,m
kcl,dcl
t,d
q,q
iy,iy
ix,q
l,iy
gcl,gcl
jh,jh
r,r
kcl,kcl
v,v
gcl,m
v,v
iy,iy
iy,iy
s,s
s,s
f,th
er,er
p,p
ix,ix
q,q
z,z
y,y
dh,dh
s,s
dx,dx
bcl,dcl
ow,ow
l,ax
ao,ao
ow,ow
kcl,dcl
t,t
dcl,dcl
s,z
n,n
l,l
tcl,tcl
r,r
ae,ae
dcl,dcl
axr,er
p,p
w,w
w,w
z,s
ax,l
k,k
ng,ng
ch,ch
ow,ow
ae,ae
m,m
ax,l
r,r
q,q
ao,ow
m,m
ay,ah
t,t
kcl,kcl
pcl,tcl
s,s
ax,ah
k,k
w,ax
w,w
f,f
ix,ix
eh,ey
ih,ey
n,tcl
ow,aw
aa,aa
dcl,dcl
uw,uw
ey,ey
dh,dh
ix,ix
ih,ih
ch,ch
gcl,gcl
r,r
ax,ah
ao,ao
axr,axr
aa,ay
l,l
n,iy
iy,iy
bcl,dcl
sh,sh
tcl,tcl
jh,jh
ah,ah
s,s
ey,ey
f,f
tcl,dcl
eh,ih
n,n
hh,hv
axr,r
ao,ao
axr,axr
q,q
n,n
tcl,dcl
s,s
eh,eh
ey,ey
tcl,kcl
axr,axr
ng,ng
l,l
r,r
ih,ih
ix,ix
l,l
l,l
iy,iy
iy,iy
ch,ch
iy,ih
ax,n
p,p
r,r
l,l
z,s
l,n
ch,ch
r,r
z,z
f,f
s,s
ao,aa
q,q
ao,aa
ah,ow
eh,ix
v,v
iy,iy
kcl,kcl
er,er
ae,ae
ow,ow
gcl,gcl
iy,eh
w,w
s,s
b,r
eh,ae
m,m
r,r
t,t
kcl,kcl
pcl,kcl
oy,oy
l,dh
m,m
k,k
r,r
p,p
s,s
ey,ey
ix,ix
m,m
eh,eh
dcl,tcl
ix,ix
l,l
v,v
d,d
tcl,n
n,n
eh,eh
ih,ih
sh,sh
tcl,kcl
kcl,kcl
gcl,n
l,l
k,p
s,s
r,r
ao,ao
ih,ih
dh,tcl
ow,ow
th,f
ey,ey
pcl,tcl
axr,er
k,k
ey,ix
eh,eh
n,n
er,er
th,th
em,m
s,s
bcl,bcl
tcl,m
iy,iy
iy,iy
tcl,tcl
p,p
ah,aa
r,r
t,t
bcl,pcl
gcl,dcl
y,y
dh,dh
gcl,axr
ah,eh
dcl,dcl
z,z
s,s
z,z
el,el
z,s
dcl,kcl
pcl,kcl
iy,iy
q,l
s,s
d,d
r,r
kcl,kcl
s,s
s,s
aa,aa
z,s
k,k
tcl,tcl
kcl,kcl
w,w
ao,ao
dh,dh
l,dx
ae,ae
sh,sh
f,f
ay,aa
s,s
dcl,dcl
el,el
th,th
tcl,tcl
ng,ng
iy,iy
gcl,tcl
iy,iy
r,r
ix,ix
ix,ix
t,d
ae,ae
aa,aa
m,m
iy,iy
iy,iy
eh,eh
n,n
kcl,kcl
t,t
ao,er
m,m
ix,eh
iy,iy
ih,l
sh,s
l,l
ix,ih
n,n
tcl,tcl
iy,iy
iy,iy
ix,ix
z,z
dcl,dcl
ax,ah
bcl,dcl
iy,iy
bcl,bcl
g,g
dh,kcl
ih,eh
q,q
eh,eh
s,s
er,er
l,ao
m,m
uh,ix
axr,axr
axr,axr
t,t
k,k
ix,ix
dcl,tcl
m,n
tcl,tcl
uh,ow
hv,hv
tcl,tcl
l,l
q,q
s,s
w,w
ah,ax
ae,eh
ow,ow
ih,iy
bcl,dcl
ey,iy
n,n
s,s
ay,ay
s,s
ah,ow
eh,eh
m,m
r,r
kcl,tcl
m,m
p,p
aa,aa
eh,eh
ay,ah
v,v
t,t
ay,ay
ae,ae
ax,ix
ix,ih
aw,ow
ay,ay
ae,ae
aw,aw
axr,er
iy,iy
dx,dx
iy,iy
dh,dh
iy,iy
dcl,k
dx,dx
ow,ow
r,r
iy,iy
n,ng
q,l
s,s
ix,ih
n,n
ax,ax
ix,ix
t,jh
iy,iy
ux,ux
gcl,gcl
ah,ah
s,s
ax,ax
q,axr
m,n
dcl,dcl
ih,ih
n,q
tcl,tcl
ih,ih
ih,ix
r,r
r,r
l,l
r,r
ey,ey
iy,iy
ah,ah
uh,l
hh,hh
k,k
k,k
k,k
l,l
jh,jh
ae,ae
en,n
ao,ao
aa,ao
l,ah
d,k
ix,eh
n,en
dcl,tcl
tcl,tcl
r,r
ay,ay
ih,ix
s,s
sh,s
s,t
kcl,kcl
ix,ix
ae,ae
n,m
g,g
ae,ae
k,hh
v,f
l,l
p,p
uw,uw
ow,l
ah,ae
ix,ix
eh,ah
gcl,gcl
k,k
s,s
ix,ix
w,w
pcl,pcl
ey,ey
axr,ih
gcl,gcl
aw,aw
iy,dx
dx,gcl
n,n
iy,iy
q,q
l,l
l,l
dh,dh
m,m
r,r
eh,eh
aw,ae
ae,ae
ey,ey
iy,iy
tcl,bcl
ux,ux
n,n
uw,l
p,p
n,n
pcl,tcl
ey,iy
ae,ae
q,tcl
ae,ah
axr,q
ix,eh
iy,ux
w,w
bcl,kcl
s,s
ix,ix
jh,jh
ay,aa
l,l
ih,q
ow,ow
r,r
tcl,kcl
y,y
p,p
ix,ix
sh,sh
z,z
n,n
ax,ax
w,w
ax,ax
f,f
ao,ao
eh,ix
r,r
axr,r
aw,ow
ay,aa
axr,axr
hv,hv
pcl,pcl
axr,ix
w,w
tcl,dcl
t,k
m,m
eh,eh
uw,ax
iy,iy
w,w
eh,er
s,s
s,s
g,g
oy,oy
en,ix
hh,hh
iy,iy
ae,ae
ux,ux
v,bcl
r,r
dx,dx
iy,iy
n,n
eh,ae
iy,iy
tcl,tcl
oy,oy
ae,ae
r,r
aa,r
pcl,dcl
ih,ix
q,q
r,r
g,g
s,s
iy,iy
sh,s
aa,aa
k,d
t,t
kcl,kcl
tcl,tcl
ux,ux
ae,ae
ae,ae
z,s
ax,ax
aa,aw
y,y
kcl,kcl
ax,l
ao,ao
oy,oy
k,k
r,r
bcl,bcl
ao,aa
hv,hv
b,p
dh,v
l,l
ae,ah
l,l
l,r
r,r
hv,hv
eh,ix
dh,d
er,er
en,en
r,r
n,n
n,n
k,k
ae,ae
ih,ih
aa,r
kcl,kcl
l,l
n,n
ao,ao
tcl,tcl
ae,ae
q,q
gcl,dcl
p,p
ey,ey
iy,iy
ix,ix
jh,ch
ix,ix
ih,ey
ao,aa
s,s
zh,z
l,l
ao,axr
pcl,pcl
gcl,gcl
m,m
iy,iy
g,k
w,ix
q,l
s,s
iy,iy
m,m
ix,ix
aw,aw
eh,eh
ay,ay
ih,ix
ch,ch
m,m
k,k
r,r
w,w
hh,hh
dcl,dcl
ey,ey
z,z
k,k
ix,ix
l,l
ah,aw
m,m
tcl,pcl
l,l
bcl,bcl
ao,ao
ae,ae
ax-h,ax-h
ax,l
r,r
er,axr
p,k
ix,ix
s,s
w,r
eh,eh
ae,ae
t,t
kcl,kcl
s,s
m,m
iy,l
sh,sh
z,s
v,v
dh,th
v,v
kcl,kcl
n,n
m,m
dcl,dcl
s,ch
q,y
p,p
ih,ih
iy,iy
k,k
aa,aa
iy,iy
g,k
t,s
aw,aw
s,s
r,r
q,q
f,th
dcl,dcl
iy,iy
ix,iy
bcl,tcl
ae,ae
ae,ae
gcl,bcl
s,s
el,el
q,l
p,p
iy,iy
kcl,tcl
dcl,dh
nx,nx
kcl,pcl
k,k
r,r
ih,ih
v,v
er,er
ao,aa
dcl,dx
q,q
l,l
dcl,d
dcl,dcl
r,r
k,p
n,n
kcl,kcl
r,ao
l,l
eh,eh
m,n
pcl,pcl
tcl,tcl
eh,ey
l,l
ax,ax
n,n
z,z
er,r
d,jh
ow,ow
en,n
ux,ux
ae,ae
ux,ux
r,r
ay,aa
l,w
p,p
n,n
ix,ix
q,ax
z,z
d,d
en,n
ae,ae
en,n
z,z
r,r
w,w
ix,ix
eh,ih
l,l
w,l
ix,q
tcl,kcl
eh,ah
bcl,bcl
axr,er
f,f
axr,axr
s,s
d,t
ix,ix
axr,ao
dx,dx
iy,iy
k,k
ax,ax
ao,ao
l,l
aa,ah
iy,iy
kcl,kcl
r,r
kcl,kcl
ng,n
f,f
iy,iy
dcl,dcl
l,q
z,dcl
ae,eh
kcl,tcl
ae,ae
dh,dcl
tcl,kcl
uh,ih
r,r
r,r
er,er
iy,iy
zh,zh
ow,aa
ax,w
iy,ey
d,t
s,s
d,d
sh,sh
ih,w
dcl,kcl
l,w
bcl,pcl
q,ax
ix,ix
l,l
dcl,dcl
eh,eh
t,t
w,w
dh,dh
w,w
ih,ae
ah,ah
aa,aa
ax,ax
ix,ix
tcl,kcl
axr,r
kcl,gcl
bcl,bcl
w,w
ix,ey
ix,ix
iy,iy
dh,dx
iy,iy
gcl,bcl
r,r
iy,iy
iy,iy
aa,aa
w,w
t,t
w,w
aa,ao
eh,ao
kcl,kcl
ao,aa
p,k
dcl,dcl
tcl,tcl
f,f
m,m
er,axr
w,w
ix,iy
ng,ng
pcl,kcl
m,n
kcl,kcl
z,z
r,r
ix,ix
bcl,bcl
oy,oy
dh,l
ao,ao
p,p
ux,ux
eh,ow
hh,hh
gcl,gcl
p,p
ih,ih
s,s
m,m
ae,ae
ao,ao
iy,iy
sh,sh
ix,ix
hv,hh
axr,axr
ae,ae
uh,ax
el,el
sh,sh
ix,ix
ax,r
aa,ay
ax,ax
ix,ix
y,iy
ey,ey
r,r
bcl,bcl
ux,ih
uw,ih
l,l
s,s
n,n
k,k
tcl,tcl
r,w
iy,iy
s,s
q,q
n,n
tcl,tcl
k,k
l,n
sh,sh
ix,ix
bcl,dcl
f,hh
f,f
q,ix
jh,jh
iy,iy
ow,ow
r,r
ih,eh
dh,th
n,dcl
s,s
ax-h,sh
dcl,dcl
w,w
r,r
z,s
g,r
ae,ae
hv,hv
gcl,k
s,s
t,t
ay,ay
r,r
r,r
tcl,tcl
tcl,kcl
ix,ix
t,jh
ux,iy
tcl,kcl
m,m
tcl,tcl
tcl,tcl
jh,jh
ng,ng
t,t
aa,aa
aa,aa
q,axr
axr,er
th,dh
ax,ax
ax,ah
ix,ix
dh,dh
aa,aa
p,k
iy,iy
k,k
iy,iy
m,m
ix,ix
iy,iy
pcl,dcl
s,s
ah,aw
n,n
ay,ay
iy,iy
s,s
n,n
f,f
r,r
iy,iy
t,t
dcl,dcl
bcl,f
ih,ih
kcl,tcl
pcl,pcl
kcl,kcl
th,th
n,n
l,l
r,r
dh,n
w,w
aa,ao
z,z
y,y
hv,hv
en,axr
ng,ng
jh,ch
r,axr
l,l
f,f
k,k
t,jh
ae,ah
s,z
ah,ah
eh,eh
kcl,kcl
ng,n
z,s
ax,ah
ae,ae
p,p
p,p
r,r
z,s
m,m
z,z
n,n
er,er
er,eh
k,k
p,s
kcl,tcl
ux,y
ah,ah
n,m
iy,iy
s,s
ix,ix
ey,ey
ih,iy
z,z
r,r
w,w
kcl,kcl
ix,ix
ae,eh
ay,aa
ax-h,dcl
t,t
q,q
ix,r
k,k
g,k
ux,iy
ix,iy
tcl,tcl
kcl,tcl
jh,jh
ng,ng
m,m
r,r
ah,ah
ix,ix
ix,l
n,n
z,s
b,p
q,q
q,dx
r,r
gcl,gcl
t,t
g,g
n,m
ix,ix
q,ix
s,s
ih,ih
dh,dh
bcl,tcl
kcl,kcl
ix,ih
ow,ux
l,l
pcl,kcl
s,s
ix,ix
n,ng
eh,ih
pcl,pcl
w,w
ae,ae
s,s
ae,ae
iy,iy
ix,y
kcl,kcl
uw,uw
ix,ix
ax,ix
ax,ax
s,s
ao,ao
aa,aa
kcl,kcl
iy,iy
n,n
z,z
dh,v
sh,sh
hv,hv
dcl,dcl
ah,ay
n,n
r,r
k,k
z,s
pcl,pcl
ah,ah
v,v
aa,aa
dcl,ax
tcl,tcl
n,n
ix,ix
kcl,kcl
aa,aa
eh,eh
tcl,tcl
w,l
d,d
gcl,gcl
ae,ae
pcl,bcl
n,n
pcl,pcl
n,n
z,s
w,w
iy,iy
ae,ae
axr,axr
kcl,kcl
m,m
tcl,kcl
n,n
ae,ae
ih,ih
ix,ix
ah,ix
t,t
ay,ay
bcl,bcl
k,k
f,f
eh,eh
dx,dcl
ix,ix
ix,ix
g,t
tcl,n
dcl,ix
w,w
eh,eh
ih,ih
ay,ay
y,y
r,r
dcl,dcl
n,n
kcl,kcl
ax,ah
n,n
aa,aa
ih,ix
eh,eh
w,w
l,l
w,w
ih,iy
m,m
q,q
k,k
bcl,bcl
ow,w
s,ch
ah,ah
tcl,tcl
tcl,kcl
bcl,pcl
m,n
er,er
m,n
q,q
v,v
uw,uw
s,s
pcl,pcl
tcl,kcl
ch,jh
eh,eh
ao,ao
eh,ay
ng,bcl
th,th
r,r
sh,sh
ng,q
s,s
f,f
r,r
s,s
dcl,dcl
ao,ao
ey,ay
p,p
oy,w
ah,ah
ih,ix
pcl,pcl
g,g
pcl,pcl
iy,iy
g,g
dcl,dcl
iy,y
dcl,dcl
ix,ey
r,r
s,s
aa,ao
k,k
er,er
ix,ix
z,z
ah,ah
m,m
q,q
n,n
ay,ay
l,l
tcl,kcl
eh,ix
l,l
ih,eh
pcl,k
ax,l
m,n
jh,jh
f,f
sh,sh
v,v
kcl,kcl
l,l
r,r
ax,ax
aw,aw
bcl,dcl
aa,aa
y,y
hv,hv
iy,iy
l,l
ax,ix
axr,w
tcl,kcl
ae,ae
bcl,dcl
aa,aa
ix,r
t,t
dcl,gcl
k,g
gcl,kcl
axr,axr
el,el
ix,ix
ih,ax
eh,l
eh,eh
n,nx
axr,l
kcl,tcl
f,f
dh,dh
oy,oy
axr,axr
pcl,tcl
bcl,dcl
er,er
n,n
kcl,tcl
bcl,v
r,r
ax,ix
w,w
n,n
ey,iy
iy,iy
z,z
ay,ay
k,k
d,d
kcl,pcl
t,t
tcl,tcl
f,f
er,ey
eh,eh
ux,ix
el,el
ix,ix
jh,jh
nx,n
q,q
ix,ey
ow,ow
ow,uw
s,s
ax,ah
s,s
z,s
z,z
f,f
axr,er
ix,ix
kcl,kcl
dcl,tcl
aa,aa
iy,iy
dcl,dcl
l,q
sh,sh
d,t
ae,ae
pcl,kcl
aa,aa
bcl,bcl
jh,dx
z,z
d,v
ay,ay
w,l
pcl,tcl
axr,axr
k,k
eh,eh
ix,ix
k,k
ih,ih
n,n
tcl,tcl
ih,ow
el,l
tcl,dx
l,l
n,n
w,w
r,r
ae,ae
r,ax
axr,axr
kcl,tcl
ao,aa
ey,ey
ix,ax
q,q
ax,ax
s,s
m,m
g,g
y,y
gcl,gcl
ix,ix
t,k
ax,ix
ey,ey
ae,ae
ih,ey
dh,l
ey,iy
ng,n
dcl,dcl
aa,ay
sh,sh
l,l
kcl,kcl
gcl,gcl
ao,l
tcl,dcl
y,iy
l,l
ix,ix
iy,iy
dh,s
r,r
ih,ix
ax,ax
m,n
pcl,tcl
l,l
th,f
ao,ao
tcl,kcl
ay,aa
ng,ng
l,n
w,w
s,s
ux,ux
en,ix
kcl,kcl
dcl,dcl
r,w
hv,hv
tcl,kcl
ao,ao
ao,ao
r,l
gcl,tcl
n,n
l,l
r,axr
ix,tcl
tcl,tcl
q,q
n,n
aa,aa
tcl,n
pcl,pcl
l,el
ao,aa
ch,ch
n,n
s,s
iy,iy
ao,ao
ix,ix
eh,eh
m,m
ae,ae
eh,ey
ih,ey
z,z
el,el
dh,n
kcl,kcl
n,n
r,r
ix,ix
dcl,tcl
n,n
tcl,dcl
ix,ix
w,w
ix,ix
r,r
ng,ng
l,l
tcl,kcl
sh,sh
n,n
ae,ae
t,t
hv,hh
eh,ih
s,s
bcl,dcl
f,p
ao,ao
k,k
dx,dx
q,q
kcl,kcl
ax,l
l,l
tcl,tcl
n,n
ih,ih
dcl,gcl
n,ng
iy,iy
v,v
ae,ae
ay,ay
s,s
dcl,dcl
iy,iy
uw,ow
y,y
tcl,pcl
ih,ih
ih,ax
m,m
axr,axr
k,k
y,y
ax,axr
ao,l
en,n
s,s
tcl,kcl
ix,iy
n,dcl
ih,ih
p,p
r,er
r,ax
d,d
oy,oy
l,r
w,w
s,kcl
en,ix
ao,aa
l,l
ao,ao
iy,iy
ae,ae
f,f
z,s
pcl,kcl
ix,iy
t,t
q,q
k,k
axr,axr
kcl,kcl
p,p
ae,ae
q,q
dcl,dcl
l,l
eh,ey
d,dh
tcl,tcl
ae,ae
th,kcl
sh,sh
ix,l
m,r
ix,r
dcl,n
r,r
iy,iy
dx,dx
tcl,dcl
el,w
l,l
d,d
ow,ow
gcl,gcl
kcl,kcl
z,z
pcl,pcl
dh,th
ae,ae
s,s
gcl,gcl
g,k
dcl,bcl
iy,ey
bcl,kcl
hh,hh
f,f
kcl,kcl
ix,ix
ix,ax
tcl,kcl
k,k
eh,eh
y,iy
ay,ay
ae,ae
axr,axr
s,z
iy,ix
p,p
q,q
tcl,q
ae,ae
eh,ah
m,m
aa,ao
ae,ay
p,p
dcl,z
l,l
ao,ao
eh,l
r,r
sh,sh
l,l
s,s
kcl,kcl
k,k
kcl,kcl
dcl,gcl
iy,iy
kcl,kcl
g,k
dx,dx
axr,axr
r,r
l,l
ao,ao
ay,ay
r,r
n,n
aa,aa
ix,ix
l,l
f,kcl
pcl,pcl
bcl,bcl
s,s
r,r
r,r
dcl,dcl
iy,iy
r,r
iy,iy
p,p
l,w
tcl,tcl
tcl,pcl
z,z
jh,ch
iy,ix
z,z
ix,ix
er,axr
bcl,bcl
nx,dx
tcl,tcl
y,y
ux,ux
iy,iy
ix,ix
f,f
tcl,kcl
n,n
tcl,kcl
z,z
er,r
bcl,v
m,m
bcl,n
nx,dcl
r,r
ey,ey
ah,eh
r,r
l,l
m,m
ey,iy
n,n
s,s
z,s
aa,ao
sh,sh
ix,ix
iy,iy
r,r
ix,ix
tcl,hh
n,n
ax,ix
m,m
f,tcl
ow,ow
s,s
w,w
pcl,kcl
s,s
aa,ay
s,s
iy,iy
aa,ao
ih,iy
ix,ih
l,l
ix,ix
w,w
oy,r
l,l
z,z
axr,axr
jh,sh
n,n
ix,ix
ae,ae
m,m
n,n
f,f
l,l
ih,ix
pcl,kcl
iy,iy
s,s
kcl,kcl
n,n
s,s
r,r
q,q
gcl,gcl
axr,axr
eh,eh
ae,ae
n,n
t,t
y,y
ix,iy
m,m
dx,dx
ow,ao
tcl,dcl
t,t
pcl,pcl
axr,axr
l,l
ax,ix
p,p
axr,axr
s,s
bcl,bcl
dcl,dcl
ax,ax
ch,ch
s,s
f,f
ow,ow
v,v
ih,ix
th,dh
l,l
el,w
pcl,gcl
sh,s
dcl,k
el,el
aw,aw
w,w
n,n
ix,q
jh,jh
eh,eh
ix,ih
dh,ax-h
axr,r
t,t
r,r
f,f
dh,l
ao,ao
ih,ix
ao,ao
l,l
ax,ax
n,n
sh,sh
n,n
z,s
t,t
dx,dx
t,t
l,v
dcl,dcl
sh,s
er,r
p,p
axr,axr
iy,iy
tcl,q
l,l
iy,iy
d,k
aa,aa
ng,ng
dh,dh
kcl,kcl
iy,iy
ih,eh
l,l
ax,ax
ax,ah
l,w
dcl,dcl
ix,r
tcl,dx
r,r
k,k
tcl,dcl
iy,iy
l,l
ah,ah
iy,iy
ix,ix
dh,dcl
pcl,tcl
m,m
w,w
n,n
t,t
eh,ah
tcl,tcl
dcl,kcl
tcl,kcl
q,q
kcl,kcl
aa,er
n,n
f,dh
s,s
y,y
ax,ix
jh,zh
m,bcl
hh,hh
ih,ih
r,r
uw,uw
tcl,pcl
ow,ao
ae,ae
kcl,kcl
bcl,bcl
er,er
d,d
dh,dh
ey,ey
s,s
dcl,dcl
s,s
ng,n
hh,k
ao,ao
hh,hh
iy,iy
w,w
iy,iy
hh,t
ix,eh
r,r
iy,iy
hv,hh
jh,jh
p,k
kcl,tcl
v,v
g,g
ao,ao
ix,ix
dh,dh
zh,zh
tcl,tcl
hv,hv
ih,ih
s,hh
ao,aa
eh,eh
l,l
v,v
er,r
l,l
ix,ix
dcl,dcl
r,r
ao,q
q,q
tcl,tcl
dcl,dcl
ux,ux
kcl,kcl
ih,ih
t,k
ow,aa
aa,aa
l,l
k,k
iy,ey
tcl,pcl
ey,ae
ah,ah
sh,ch
eh,ah
w,r
ix,ix
s,s
er,r
v,v
dh,dh
l,l
gcl,gcl
s,s
l,axr
z,z
iy,iy
ao,ao
l,w
k,g
tcl,pcl
ih,eh
r,r
iy,iy
kcl,kcl
n,dcl
axr,ix
tcl,tcl
f,f
ae,ae
n,n
g,k
f,f
s,sh
m,n
dcl,dcl
t,t
ih,ih
s,s
ng,n
iy,iy
m,m
ix,ix
ey,ey
t,t
ay,ay
ix,ix
er,er
ch,jh
iy,iy
ax,ix
ae,ae
k,k
g,g
f,f
n,n
s,s
aa,aa
hv,hv
z,z
r,dcl
ao,r
dh,dh
y,y
v,v
eh,iy
tcl,tcl
gcl,gcl
k,t
v,l
ae,ae
ay,ay
dh,tcl
kcl,kcl
s,s
y,y
aa,aa
m,n
ux,ux
ae,ae
ix,ix
tcl,dcl
ix,ix
t,t
bcl,pcl
axr,axr
ix,iy
z,s
l,tcl
q,q
iy,iy
t,t
eh,ih
n,n
ax,ax
ay,ay
v,v
em,ae
q,tcl
sh,jh
q,q
aa,aa
l,l
ux,ux
pcl,tcl
aa,ao
eh,ix
z,z
ae,ae
s,s
kcl,kcl
k,k
tcl,dcl
ix,ax
ih,ix
er,er
kcl,gcl
ae,ae
n,v
z,s
dcl,dcl
kcl,bcl
pcl,tcl
aa,ao
z,s
pcl,kcl
r,r
axr,axr
l,l
s,s
axr,r
aa,aa
ow,ow
ix,ix
l,m
w,w
m,m
k,k
ay,ay
n,n
s,s
ay,eh
t,th
tcl,tcl
ax,ax
v,v
dcl,kcl
n,n
t,t
n,n
l,l
jh,jh
ey,ey
pcl,kcl
pcl,gcl
ix,ix
s,s
dcl,tcl
ae,eh
k,k
ih,ih
r,r
ax,l
dh,f
w,w
ux,ix
sh,sh
ih,ih
q,q
n,n
y,y
q,q
eh,ah
ux,ux
ux,ux
pcl,th
ow,aw
ch,ch
l,w
bcl,bcl
q,q
gcl,gcl
gcl,kcl
z,s
ae,ae
ng,ng
ae,ae
el,el
pcl,pcl
iy,iy
w,w
er,er
eh,eh
ix,ax
m,m
v,v
s,s
m,m
ih,ix
bcl,bcl
k,k
tcl,k
l,l
z,s
q,ax-h
ix,ix
axr,axr
iy,iy
s,s
iy,iy
hh,hh
oy,oy
er,axr
ey,ey
tcl,tcl
dcl,dcl
dh,dh
tcl,kcl
s,s
n,n
m,m
bcl,dcl
w,w
dh,m
dcl,dcl
dcl,dcl
pcl,kcl
dh,dh
s,s
kcl,kcl
n,n
s,s
kcl,pcl
ix,iy
eh,eh
l,aa
kcl,kcl
ax,ah
ix,axr
s,s
s,s
ay,aa
ux,ux
iy,iy
ow,ow
ix,hv
ih,ix
pcl,kcl
r,ix
z,s
z,z
eh,ay
dh,th
r,r
ih,ix
ow,uw
dx,dx
kcl,tcl
ow,ow
f,f
y,y
iy,iy
ae,ae
sh,sh
kcl,tcl
iy,y
er,ih
k,k
ao,ao
iy,iy
ix,q
ah,ah
aa,aa
ix,iy
ey,ey
uh,ix
ix,ix
ao,ao
el,l
r,r
iy,ey
axr,er
ih,ih
t,t
s,s
z,z
iy,ix
pcl,pcl
f,f
iy,iy
hh,p
ay,ay
sh,sh
tcl,pcl
k,k
r,r
s,s
ow,ow
tcl,k
uh,ah
ng,m
dx,l
ih,ux
iy,iy
t,t
dcl,dcl
f,f
n,n
t,t
r,r
z,z
dx,dx
el,aw
iy,ey
n,n
oy,oy
eh,eh
r,r
el,el
tcl,dcl
ae,ae
iy,iy
k,k
kcl,kcl
s,s
s,s
dcl,tcl
el,l
k,p
aa,aa
ih,ih
v,v
r,r
q,q
bcl,bcl
ix,ix
ix,ix
s,s
iy,iy
iy,iy
kcl,tcl
iy,iy
n,n
m,m
aa,ao
t,t
l,ax
r,r
uw,m
r,r
oy,oy
n,n
ao,ao
f,th
k,q
y,y
ix,ix
dh,k
l,l
v,v
t,t
l,l
tcl,tcl
ix,ix
kcl,kcl
f,f
z,z
sh,sh
eh,ah
tcl,dcl
ow,ow
y,y
iy,iy
z,s
r,r
r,r
s,s
kcl,kcl
z,s
r,r
ix,ix
m,m
kcl,kcl
ux,ih
eh,er
ay,ay
w,w
axr,r
iy,iy
ax,q
ax,l
ih,ix
ax,ax
ux,iy
dh,dh
ao,aa
n,n
s,s
s,s
uh,uw
z,s
gcl,dcl
t,t
axr,r
ao,aa
kcl,tcl
t,t
el,el
z,z
eh,eh
er,r
s,tcl
ao,ao
p,p
kcl,pcl
ow,ow
nx,nx
q,q
y,iy
aa,ay
r,r
ih,ih
kcl,kcl
s,s
eh,eh
dx,dx
y,y
ng,ng
ae,ae
n,n
ng,m
l,l
n,n
w,w
ae,ae
ix,ix
ae,ay
dcl,pcl
iy,iy
kcl,kcl
iy,iy
axr,axr
r,r
axr,ix
gcl,gcl
dcl,dcl
w,w
bcl,dcl
l,ix
hh,hh
ao,uw
l,w
n,n
ix,ix
ih,ih
ae,eh
ix,ix
ih,ey
s,sh
hh,iy
tcl,pcl
ih,ix
el,q
sh,s
dh,dh
hh,hh
m,m
pcl,pcl
er,er
ae,ae
t,k
iy,iy
tcl,tcl
f,f
m,m
el,q
s,s
ih,iy
iy,iy
l,ax
er,er
axr,ah
dcl,dcl
f,f
s,s
nx,n
m,m
n,n
r,r
ax,ah
ix,n
s,s
g,q
l,ix
r,r
ow,ao
ax,l
m,m
ix,ix
aa,aa
aw,aw
dcl,dcl
z,z
eh,eh
w,w
y,n
iy,iy
g,p
iy,iy
l,l
ix,iy
r,r
f,f
r,r
tcl,dcl
axr,r
l,el
eh,eh
ih,ih
f,f
s,s
z,z
ix,ey
ax,w
s,s
n,n
ey,ey
q,g
m,m
sh,sh
aw,ae
q,q
n,ng
s,z
d,d
eh,ah
pcl,pcl
kcl,kcl
ao,ao
iy,iy
ch,jh
pcl,pcl
eh,eh
z,hh
t,t
r,ah
p,p
m,m
ey,ey
iy,iy
l,l
l,w
ay,ae
m,m
s,sh
p,p
axr,er
n,n
w,w
ix,w
ey,ey
m,n
kcl,dcl
t,k
kcl,kcl
iy,iy
kcl,kcl
w,w
z,s
p,p
n,n
n,n
oy,oy
l,l
y,y
tcl,tcl
ao,ao
kcl,z
w,w
en,ah
uh,uh
m,m
eh,r
r,r
ix,tcl
bcl,bcl
ao,ao
k,k
f,f
iy,iy
g,g
er,axr
nx,l
eh,ah
axr,axr
s,s
iy,iy
ih,ix
q,q
ix,q
dx,dx
q,r
s,s
l,l
d,t
ow,ao
tcl,dcl
n,n
ax,r
p,p
ao,ao
iy,iy
ay,ay
f,f
pcl,kcl
z,z
y,iy
k,k
ay,ay
aa,aa
kcl,kcl
q,q
eh,ix
hh,hh
l,l
g,g
b,b
n,n
l,w
em,w
t,t
ah,ah
v,v
pcl,tcl
ow,ow
kcl,kcl
dcl,dcl
tcl,dh
tcl,tcl
r,r
w,w
axr,ih
iy,iy
eh,eh
ae,ae
eh,eh
l,ay
er,ay
pcl,dcl
ow,ow
axr,er
er,r
y,y
n,n
er,er
r,r
s,s
ah,ax
iy,iy
r,r
dh,dh
n,n
k,k
dcl,dx
eh,eh
l,l
ay,ay
ey,ey
f,f
l,l
eh,eh
t,t
n,n
w,w
kcl,kcl
p,p
l,l
pcl,pcl
s,s
kcl,kcl
ey,eh
t,s
v,v
ay,ay
ae,ae
pcl,pcl
axr,axr
t,t
kcl,kcl
jh,ch
t,t
ey,ey
s,s
iy,iy
iy,iy
v,v
r,r
k,k
iy,iy
aa,aa
q,q
b,p
eh,eh
pcl,pcl
w,w
iy,iy
dcl,dcl
pcl,kcl
tcl,tcl
eh,ah
dh,dcl
aa,aa
ay,aa
ae,ae
ih,ih
r,r
dcl,dcl
ey,ey
ix,ix
s,s
sh,sh
ix,uw
ix,ux
n,n
axr,axr
uw,uw
axr,axr
ix,ix
m,n
eh,l
ax,ix
pcl,pcl
iy,iy
g,k
ax,r
t,d
r,r
er,uh
q,q
gcl,gcl
ax,ax
kcl,k
y,y
ao,ow
n,tcl
dcl,tcl
eh,ae
kcl,kcl
tcl,kcl
ae,ae
hv,hv
dcl,tcl
aa,aa
ae,ae
z,z
k,k
gcl,bcl
iy,iy
ix,ax
pcl,tcl
ix,ih
t,t
s,s
sh,zh
ah,ah
gcl,n
dcl,bcl
l,l
kcl,kcl
ix,ix
iy,iy
tcl,kcl
gcl,n
f,f
z,z
t,t
k,k
iy,iy
m,n
l,ax
ix,ix
eh,eh
r,r
t,d
pcl,pcl
dcl,dcl
axr,axr
el,ow
p,k
ae,ae
ow,ow
k,k
n,n
bcl,dcl
r,r
ao,ao
m,n
pcl,tcl
ch,ch
z,z
l,aw
eh,eh
n,nx
s,f
jh,jh
y,y
ao,ao
iy,iy
q,ix
r,axr
ao,ao
ih,iy
m,m
n,en
er,axr
n,n
eh,eh
q,q
ao,aa
p,p
r,eh
kcl,kcl
gcl,ux
ix,ix
ae,ae
l,l
tcl,tcl
ix,ix
f,f
iy,iy
iy,iy
ax,eh
k,k
gcl,gcl
dcl,dcl
k,k
m,m
kcl,kcl
l,l
pcl,pcl
ih,ih
kcl,kcl
iy,iy
r,r
t,dcl
ow,ow
el,w
hv,hv
oy,oy
s,s
n,ax
kcl,kcl
th,f
ax,ix
r,axr
dx,dx
ey,ey
n,n
ah,ao
aa,aa
bcl,dcl
r,r
g,g
kcl,dcl
ix,ix
iy,iy
l,l
bcl,bcl
ao,ao
s,s
r,r
iy,iy
w,w
gcl,kcl
s,s
ah,ah
s,s
iy,iy
ae,ae
m,m
axr,er
k,k
ix,ix
iy,iy
ay,ay
ow,ow
w,w
z,z
ix,ix
s,s
ax,ix
er,axr
iy,ix
ae,ae
pcl,v
iy,iy
l,l
kcl,kcl
n,n
n,n
w,r
l,l
v,v
ix,ix
ih,iy
iy,iy
jh,ch
s,s
l,uw
n,n
s,s
kcl,kcl
ae,ae
iy,iy
kcl,kcl
kcl,kcl
kcl,kcl
z,dh
ae,ae
kcl,kcl
ih,r
axr,er
n,n
z,z
f,f
gcl,dcl
z,s
ih,ix
ih,ih
iy,ux
oy,oy
ow,ux
sh,sh
ix,ih
ae,ae
t,t
iy,iy
r,q
s,s
k,k
hv,aa
iy,iy
m,n
k,k
sh,sh
k,k
kcl,kcl
tcl,q
r,r
pcl,tcl
s,s
n,n
ix,iy
l,l
k,g
jh,jh
k,dx
ih,ih
l,l
ay,ay
s,s
ao,aa
ae,ae
q,q
ey,ey
m,m
r,r
n,n
b,p
ux,ux
ih,ix
p,k
er,r
w,w
s,s
l,w
ix,iy
l,l
bcl,bcl
iy,iy
eh,ah
r,r
ix,ix
k,k
ix,ix
uh,ah
er,er
ae,ae
ax-h,ax-h
aa,ay
ih,ey
ih,ih
m,m
ix,ix
l,l
ao,ao
axr,er
iy,iy
ux,ux
w,w
l,l
eh,axr
ae,ae
ix,ix
z,z
f,f
v,v
s,s
s,s
ih,y
ae,ae
m,w
ae,ae
ax,ix
dcl,dcl
oy,oy
l,l
axr,axr
er,er
aa,aa
y,y
s,s
kcl,kcl
ah,ah
w,l
dcl,dcl
ix,ix
iy,iy
sh,sh
iy,iy
n,n
v,f
ao,ao
iy,iy
q,kcl
k,k
ay,ey
ix,n
gcl,gcl
k,hh
ah,r
aa,aa
dh,dh
d,d
nx,n
ix,ix
w,w
v,v
iy,iy
iy,iy
k,k
dcl,dcl
t,th
l,l
s,z
iy,iy
n,n
v,v
aw,aa
ax,ax
tcl,kcl
n,ng
eh,ih
t,t
nx,nx
ao,ay
m,n
l,l
tcl,tcl
sh,s
aa,aa
aa,aa
dcl,dcl
t,t
axr,r
dh,dh
z,z
ux,ux
v,dcl
eh,eh
kcl,kcl
iy,eh
ix,ix
ay,ae
v,v
ux,ux
b,dx
iy,iy
k,k
tcl,tcl
ng,ng
dcl,dcl
ah,ax
n,dx
ix,iy
k,k
ae,aw
ey,ey
l,l
m,n
dx,dx
g,g
ae,ae
v,v
kcl,kcl
ae,ae
q,q
aa,aa
n,dx
ah,ah
z,z
q,q
ah,ah
k,k
ao,ay
s,s
tcl,dcl
r,r
ix,ix
r,axr
l,ow
tcl,tcl
r,r
m,n
ey,ey
t,t
l,l
ih,ih
m,m
gcl,kcl
aa,aa
ae,ae
t,t
hv,hv
k,k
z,z
s,s
z,tcl
ey,ey
l,l
uh,w
tcl,kcl
ow,ow
en,n
dh,dx
tcl,tcl
ix,ix
ax,ax
ix,ix
ix,ix
ix,ix
axr,axr
pcl,v
kcl,kcl
gcl,dcl
s,s
r,r
ix,ix
ng,n
ch,ch
f,p
w,w
tcl,tcl
pcl,tcl
v,ix
gcl,dcl
f,f
ax,ax
sh,sh
m,m
uh,ix
bcl,dcl
dcl,dcl
dh,dh
ix,l
pcl,dh
el,l
ih,ix
tcl,tcl
aw,ay
ix,ix
aa,aa
ux,ux
r,r
f,f
z,z
s,s
y,ih
w,w
z,s
v,v
ow,ah
ao,ao
ae,ae
kcl,kcl
l,l
ix,ix
v,v
r,r
m,n
aw,aa
kcl,kcl
ih,ih
er,ah
gcl,dcl
hh,hh
f,f
ah,aa
n,n
dh,dh
z,z
oy,oy
r,r
ih,ih
k,k
p,p
n,n
v,dx
k,k
ix,ix
iy,iy
tcl,kcl
tcl,kcl
ax,ax
aa,aa
iy,ix
kcl,p
ax,ax
pcl,tcl
ix,ix
m,m
kcl,kcl
w,w
r,r
p,p
l,l
ah,ow
pcl,tcl
kcl,kcl
m,m
ah,aa
l,l
t,dh
iy,iy
dcl,dx
g,g
er,axr
s,s
aa,aa
dcl,dcl
ax,ix
kcl,tcl
s,s
kcl,kcl
n,n
p,p
k,k
q,q
ae,ey
q,ae
dh,dcl
l,l
pcl,pcl
d,d
t,t
r,r
r,r
t,t
dcl,tcl
n,n
th,th
ay,r
ah,ah
r,r
nx,dx
w,w
ih,ih
axr,axr
ax-h,tcl
bcl,bcl
hh,hh
axr,r
r,r
g,g
en,n
zh,zh
kcl,kcl
s,s
l,l
ch,t
ax-h,ax-h
iy,iy
l,l
gcl,dcl
ow,ow
v,dx
z,z
kcl,gcl
l,l
iy,iy
dcl,dcl
f,f
axr,axr
gcl,gcl
iy,iy
k,k
iy,iy
p,th
s,s
ix,iy
th,th
t,dh
s,s
kcl,kcl
sh,sh
z,z
p,p
m,m
en,n
tcl,kcl
s,s
f,f
dh,t
ih,r
ix,ix
kcl,kcl
r,r
axr,axr
t,t
z,s
tcl,tcl
r,r
q,q
oy,oy
oy,oy
ch,t
l,l
jh,jh
hv,hv
hv,hv
ey,ey
ih,iy
ow,l
s,s
ix,v
l,w
jh,jh
iy,iy
ng,ng
ow,ow
sh,s
ao,ao
iy,iy
z,s
ao,aa
dx,dcl
n,n
zh,jh
ah,aa
w,l
eh,eh
ao,ao
r,r
f,f
ix,eh
ix,eh
z,z
q,aa
r,r
k,k
ih,ih
p,k
dcl,dcl
el,ao
iy,iy
ix,ix
kcl,kcl
axr,axr
uh,en
q,n
ae,ae
ix,ix
ih,iy
g,g
w,w
m,m
ih,ah
w,l
dcl,tcl
z,z
iy,iy
z,z
dcl,dcl
f,f
iy,ix
bcl,bcl
iy,iy
ux,ix
gcl,gcl
pcl,pcl
tcl,tcl
kcl,kcl
q,q
s,s
kcl,tcl
dh,v
ih,ih
ow,ow
s,s
s,s
axr,er
tcl,tcl
pcl,kcl
m,w
ix,ix
l,l
l,l
gcl,v
ax,l
ae,ae
ux,ux
aa,aa
dx,dx
ng,ng
l,l
er,ix
ng,ng
f,f
ix,ix
r,r
aa,ah
s,s
ux,ux
t,t
ao,ao
f,f
dh,l
ao,ow
iy,ih
g,g
ux,ux
r,r
w,l
pcl,tcl
ax-h,hh
ih,ih
s,z
iy,iy
ae,ae
bcl,v
aa,aa
ay,ay
aa,aa
ih,ih
el,ao
m,n
ae,ae
pcl,pcl
k,k
r,r
n,m
tcl,kcl
tcl,kcl
r,r
eh,eh
r,r
ah,ay
n,dcl
dcl,dcl
t,t
z,z
iy,iy
ey,ey
dcl,dcl
pcl,kcl
uh,ah
ah,ah
dcl,dcl
n,n
tcl,dcl
t,t
q,q
s,s
kcl,kcl
ao,ao
ix,ix
ax,ax
ow,eh
n,en
w,w
p,p
kcl,tcl
tcl,tcl
iy,iy
n,l
aa,aa
l,l
eh,ae
kcl,kcl
f,f
el,el
r,r
jh,jh
ax,ax
tcl,tcl
n,n
l,l
tcl,n
ih,iy
m,m
axr,axr
v,v
l,l
l,l
p,p
eh,ae
l,l
gcl,pcl
iy,iy
er,r
ih,iy
ao,ao
w,w
aa,aa
v,v
n,n
ae,ae
ao,aa
aa,aa
ix,ix
dh,dh
ih,iy
tcl,tcl
er,r
s,s
ux,ux
f,s
iy,iy
er,er
kcl,dcl
z,z
tcl,tcl
ih,ih
l,l
eh,eh
s,s
ao,r
en,n
ix,iy
q,q
p,k
n,n
s,s
r,ix
ng,n
ae,ae
n,n
s,s
ao,ao
p,p
bcl,tcl
q,q
aw,ae
t,d
el,el
pcl,kcl
v,v
n,ng
p,p
oy,w
iy,iy
r,r
f,f
t,k
nx,ix
iy,ux
z,s
f,f
l,l
iy,iy
ey,ey
ah,axr
n,n
n,n
f,f
eh,eh
eh,eh
t,t
v,v
kcl,kcl
tcl,tcl
w,w
tcl,tcl
w,w
n,n
gcl,kcl
ay,ay
iy,iy
l,l
axr,axr
l,l
th,th
s,s
r,axr
l,l
ay,aw
s,s
aa,aa
er,er
ih,ih
r,r
ay,aa
s,s
m,m
ih,ih
r,r
v,v
dcl,dcl
r,r
bcl,dcl
gcl,gcl
ix,ix
z,s
w,r
m,m
r,r
tcl,tcl
ix,ix
th,th
eh,eh
dh,s
p,p
en,ix
pcl,pcl
ao,l
tcl,tcl
ah,ae
ix,ix
m,en
tcl,tcl
th,dh
tcl,tcl
dcl,dcl
z,z
m,m
m,m
ih,ix
n,n
er,axr
dcl,dcl
hv,hv
w,w
g,k
kcl,kcl
sh,sh
t,t
hh,hh
iy,r
iy,iy
ao,aa
ix,ih
ey,ey
iy,eh
pcl,tcl
ix,ix
w,dh
iy,iy
eh,eh
n,n
ao,ao
k,k
t,t
tcl,tcl
ah,eh
n,ng
r,r
r,ux
ow,ow
r,r
d,t
ah,ah
v,v
y,y
s,s
eh,ix
ng,n
s,s
r,axr
ax,ax
ix,eh
ah,ah
l,l
eh,eh
eh,ih
ah,ax
iy,iy
s,s
r,r
z,s
t,s
dcl,dcl
ih,ih
ey,ey
ay,ay
ix,ix
r,r
p,p
ao,aa
gcl,gcl
p,p
t,t
sh,sh
ax,ax
l,l
t,sh
v,v
aa,aa
iy,eh
kcl,kcl
tcl,k
ao,ao
ae,ae
tcl,tcl
n,n
n,dcl
ax,ax
bcl,w
gcl,ng
ae,ae
k,k
y,iy
tcl,kcl
y,y
r,r
ix,iy
hv,hv
dx,dx
pcl,bcl
f,f
ix,ix
iy,iy
ae,ae
ae,ae
tcl,pcl
k,k
iy,iy
l,l
z,z
q,q
ae,ae
s,s
n,n
hh,iy
s,z
ih,ih
tcl,tcl
iy,iy
tcl,dcl
dh,dh
hv,eh
th,tcl
hh,hh
n,n
n,q
iy,iy
ih,ih
hv,hv
ax,ix
kcl,kcl
dcl,dcl
tcl,tcl
aw,ao
dx,dx
ih,iy
axr,axr
l,l
r,r
ix,ix
dcl,dcl
axr,axr
ux,ux
axr,axr
gcl,dcl
ih,ih
aa,ae
ix,ix
n,n
y,axr
eh,eh
z,z
k,k
sh,s
w,w
m,dcl
m,n
dh,dh
kcl,kcl
n,n
r,r
l,l
l,l
ix,ix
ix,ix
m,dcl
kcl,kcl
dcl,dcl
hh,hh
ow,ow
tcl,tcl
m,n
tcl,tcl
ih,ix
l,r
aw,aw
q,el
ux,ux
l,ay
en,n
ow,ow
n,dcl
ao,ao
ix,iy
q,q
sh,sh
dcl,dcl
zh,z
ae,aa
l,l
gcl,dcl
k,k
ix,ix
y,y
eh,ah
uh,ux
el,el
ih,r
kcl,kcl
ax,axr
ix,ix
f,f
ay,ay
r,r
t,t
tcl,pcl
iy,iy
nx,n
dcl,dcl
r,r
ix,ix
m,m
s,s
l,l
ow,ow
aa,ao
ix,ix
f,f
el,l
tcl,tcl
ah,ah
v,v
s,s
f,f
m,m
ix,ix
l,ah
ix,er
iy,iy
ix,iy
y,iy
ix,r
gcl,dcl
v,tcl
ao,ao
iy,iy
ix,ix
n,n
tcl,kcl
iy,iy
dcl,kcl
tcl,kcl
z,z
er,er
eh,eh
ix,eh
g,k
pcl,kcl
ah,ah
n,n
dx,dx
th,dcl
en,ax
iy,iy
r,axr
s,z
jh,jh
ix,ix
l,l
n,n
f,f
ao,aa
q,q
r,r
n,m
z,z
ow,ow
er,er
tcl,kcl
m,n
iy,iy
ae,ae
w,w
ix,ix
axr,axr
ah,ae
iy,iy
y,iy
ao,eh
ao,ao
dcl,tcl
ih,ih
ao,ao
dx,dx
n,n
ah,ah
sh,sh
bcl,pcl
m,n
r,r
ay,ay
ix,ah
axr,er
ix,ix
t,t
z,z
bcl,bcl
ey,ey
z,s
kcl,kcl
gcl,kcl
m,m
axr,er
ih,eh
ix,ix
k,k
hh,k
v,v
n,n
er,axr
z,z
ah,ah
ae,er
ih,y
ae,ae
ah,ow
l,ax
s,z
ux,ix
dcl,dcl
z,dh
kcl,kcl
w,w
ix,q
l,l
ix,iy
ae,ae
d,dh
iy,iy
n,n
s,s
ix,ix
kcl,tcl
n,n
ay,ax
iy,iy
ay,ay
ax,ax
iy,iy
dh,p
dcl,dcl
n,n
n,n
w,uw
aa,aa
zh,sh
n,n
l,l
t,k
sh,sh
ix,ix
n,ng
v,v
ix,eh
dcl,dcl
ix,ix
ae,aa
z,z
v,dh
iy,iy
gcl,kcl
v,v
ix,ix
z,s
f,f
r,r
kcl,kcl
y,iy
y,y
dcl,dcl
t,t
tcl,tcl
g,g
ix,ix
kcl,kcl
iy,ix
iy,iy
iy,iy
ay,ay
eh,eh
ow,ow
ux,ux
aa,ay
n,n
w,w
iy,iy
ix,ix
t,t
ix,ix
ax,ax
r,r
n,n
iy,iy
t,t
iy,iy
w,w
pcl,kcl
t,t
p,p
er,r
uw,w
aa,aa
z,z
eh,eh
m,m
n,ax
tcl,tcl
r,r
q,q
s,s
eh,eh
t,t
hv,hv
y,y
ay,ay
r,r
k,k
bcl,dcl
n,n
r,r
ao,aa
ax,ih
pcl,dcl
oy,oy
eh,ae
pcl,tcl
v,v
s,s
ao,ao
l,l
ih,ix
iy,ix
aa,aa
ay,ay
ix,n
t,k
iy,iy
ao,w
ix,ux
ix,n
eh,eh
el,el
z,s
nx,dx
ng,n
s,s
s,s
s,s
sh,sh
ay,ay
ae,ae
dcl,dcl
y,y
s,s
axr,axr
m,m
m,ux
ux,ux
iy,iy
iy,iy
el,el
gcl,gcl
s,s
n,n
ey,iy
gcl,pcl
ih,ih
ih,ih
ix,ix
axr,axr
nx,dx
s,s
f,sh
ax,ih
ih,eh
gcl,n
m,m
p,p
t,t
ih,eh
r,r
iy,iy
ah,ax
ix,ix
dcl,dcl
ix,ix
z,z
bcl,dcl
r,r
ih,ix
dx,kcl
tcl,tcl
l,l
el,el
s,s
r,r
m,m
dh,dh
ey,ey
w,w
w,w
dcl,bcl
s,s
t,t
ah,eh
s,s
s,s
bcl,bcl
aa,aa
k,k
ix,ix
s,tcl
ae,ae
k,k
ux,ux
ih,ix
en,n
gcl,dcl
gcl,gcl
uh,uh
hv,hv
m,m
w,w
kcl,kcl
n,n
t,t
axr,eh
ix,ix
s,s
axr,r
p,p
z,z
er,er
ih,ix
hv,hv
sh,sh
q,q
w,w
hh,hh
sh,sh
m,m
ax,n
dcl,tcl
z,z
ch,sh
n,n
r,r
sh,sh
er,er
er,er
tcl,kcl
ae,ae
aa,aa
eh,ae
iy,iy
tcl,tcl
ae,ae
k,k
q,q
d,d
dh,dh
hv,hv
l,l
z,z
ih,eh
aa,r
axr,r
ix,iy
n,n
kcl,kcl
dh,tcl
ay,ay
m,m
s,s
p,p
dx,dx
jh,jh
l,l
tcl,tcl
n,en
l,l
ix,ix
ay,ae
w,w
aa,aa
s,s
ah,ah
l,aa
w,w
ao,ao
w,w
nx,n
w,w
z,zh
q,q
tcl,tcl
ow,ow
hh,hv
dx,dx
k,k
ih,ix
kcl,dcl
ae,iy
kcl,kcl
y,y
ix,ih
ax,ax
t,t
kcl,kcl
ux,ux
ih,ih
p,p
k,k
ux,ux
l,l
em,en
s,s
s,sh
ae,ae
axr,axr
m,m
sh,sh
w,w
aa,ah
gcl,dcl
axr,er
ih,ih
s,s
ax,ax
ix,ax
kcl,kcl
iy,iy
bcl,bcl
n,n
tcl,kcl
pcl,pcl
dcl,dcl
dcl,dcl
n,n
kcl,kcl
ng,n
ay,ay
hh,hh
ax,ix
ao,ao
tcl,tcl
ix,ix
r,r
kcl,kcl
ax,ix
l,el
s,z
s,s
iy,ey
dcl,bcl
axr,axr
iy,iy
iy,iy
ey,ae
pcl,pcl
l,l
q,iy
sh,sh
t,t
jh,v
dh,d
sh,sh
iy,iy
ih,ix
r,r
m,m
q,q
ay,aw
gcl,dcl
tcl,kcl
ix,ih
t,t
v,v
ix,ix
kcl,kcl
s,s
tcl,tcl
jh,k
tcl,tcl
dcl,dcl
l,l
n,n
l,l
gcl,gcl
dcl,dcl
sh,sh
ax,v
ix,axr
ao,ao
ao,aa
iy,iy
bcl,bcl
eh,ah
v,v
ix,ih
ey,ey
w,w
s,s
ax,ax
w,w
r,r
ch,jh
y,y
dh,v
s,s
hv,hv
dcl,gcl
ch,ch
pcl,pcl
f,f
ow,ow
s,s
zh,jh
hv,hv
s,s
el,ax
kcl,kcl
tcl,y
s,s
axr,er
q,q
ix,ix
k,k
r,r
s,z
l,l
t,dh
el,l
n,n
p,p
n,g
axr,r
er,er
q,q
ih,iy
s,s
ah,ah
uh,ah
s,z
kcl,kcl
n,n
v,ix
en,ix
t,t
iy,iy
s,s
gcl,dcl
ay,ay
t,dh
ih,ih
k,k
m,m
z,z
en,n
ey,ey
ih,ih
ay,ax
v,dh
ae,ae
gcl,kcl
l,l
w,l
axr,axr
dh,p
r,r
ux,ux
oy,oy
sh,sh
q,q
ih,ey
ae,ae
pcl,v
ux,ux
z,z
ix,ix
er,er
s,s
n,m
n,n
iy,iy
ax,ah
q,q
tcl,dcl
s,s
ax,ax
dcl,gcl
dh,dh
tcl,tcl
r,r
tcl,tcl
ix,iy
l,l
kcl,kcl
w,w
n,dcl
kcl,kcl
kcl,tcl
v,v
ix,ix
aa,aa
el,l
er,r
s,s
kcl,dcl
ch,ch
g,k
n,n
s,s
t,k
tcl,tcl
l,l
q,q
n,n
tcl,tcl
axr,axr
dcl,dcl
eh,eh
aa,aa
t,t
kcl,kcl
iy,ix
kcl,tcl
ae,ae
kcl,kcl
aa,aa
eh,ah
iy,ey
oy,oy
l,l
ae,ae
l,l
ix,ix
ae,ae
sh,sh
m,v
kcl,kcl
axr,axr
ay,ay
axr,er
v,v
aa,aa
gcl,gcl
ow,ow
dcl,dcl
hv,f
el,ax
iy,iy
ay,ay
nx,n
dcl,dcl
ax-h,tcl
k,k
m,n
ae,ae
m,ng
ah,ax
l,l
ih,eh
iy,iy
jh,z
s,s
ih,ih
dcl,n
iy,iy
s,s
s,s
m,m
z,s
ax,ay
ow,ow
ax,eh
r,r
ix,ih
iy,ey
n,n
s,s
jh,s
s,s
iy,iy
ax,ax
ao,aa
s,s
gcl,gcl
iy,iy
kcl,tcl
ow,ix
eh,ae
f,p
r,r
m,n
q,q
ao,ao
tcl,tcl
kcl,kcl
ey,ey
r,r
dcl,bcl
n,n
tcl,tcl
oy,oy
l,l
k,k
q,q
ih,eh
bcl,kcl
r,r
eh,ax
eh,ae
ix,ix
tcl,p
n,n
r,r
w,ax
aa,aa
ix,ix
ow,ow
r,r
q,q
axr,ax
p,p
q,q
en,en
kcl,kcl
sh,s
w,w
ah,ax
r,r
bcl,v
aa,ay
v,v
s,s
ah,eh
m,m
eh,eh
w,w
ix,ix
ux,ux
ix,ix
ao,ao
w,r
ix,r
ao,ao
l,l
s,s
ax,ax
n,m
s,s
m,m
r,axr
hv,hv
aa,aa
eh,ae
ih,ey
z,s
ao,ao
l,l
d,dh
dcl,tcl
l,l
ah,ah
w,r
ax,ix
ax,ix
dcl,bcl
ix,ix
f,f
z,s
ax,ix
y,y
dcl,dcl
ae,ae
tcl,tcl
ix,ix
ng,m
n,n
kcl,tcl
ey,ey
ae,ae
er,axr
l,l
ey,ae
p,p
t,z
iy,iy
ix,ix
kcl,kcl
pcl,kcl
el,l
m,m
tcl,dx
w,l
ax,ax
ey,ey
l,l
z,z
ch,jh
w,w
tcl,tcl
r,r
iy,iy
jh,jh
pcl,kcl
r,aa
tcl,kcl
r,ix
z,v
tcl,dcl
ix,n
ih,ix
eh,ah
dcl,dcl
d,jh
l,w
dcl,dcl
bcl,dcl
kcl,kcl
pcl,dcl
m,m
z,z
ix,ix
aa,aa
iy,iy
l,l
ey,ey
q,q
ao,ao
ih,iy
n,n
r,r
aa,aa
g,k
w,w
tcl,tcl
m,n
bcl,dcl
ah,aw
bcl,pcl
n,n
y,y
kcl,kcl
ow,ow
s,s
aa,aa
hv,n
w,w
w,v
s,s
ao,ao
kcl,kcl
l,l
ux,ux
w,w
p,dh
ih,ih
tcl,dcl
pcl,pcl
uw,n
ng,ng
ih,n
t,t
pcl,pcl
dx,dcl
ux,ux
k,k
ix,ix
ao,ao
n,n
ow,ow
hv,hv
n,n
kcl,tcl
ay,ay
aw,aw
s,s
v,v
ih,iy
p,p
tcl,tcl
ih,ih
ao,ah
ix,eh
q,q
bcl,bcl
ow,ow
z,t
ay,ay
d,dh
q,q
t,t
r,r
axr,axr
ih,iy
r,r
dh,dh
tcl,tcl
er,er
ux,ux
ax-h,kcl
l,l
ux,iy
ae,ay
n,nx
k,k
w,w
uh,ao
p,p
ae,ae
ay,ay
eh,eh
oy,oy
hh,k
ix,eh
kcl,d
r,r
n,m
s,s
l,w
kcl,kcl
ao,ao
n,n
ao,l
dcl,dcl
t,t
tcl,tcl
ax,ix
r,r
s,s
g,k
ix,dcl
kcl,kcl
iy,iy
z,z
tcl,kcl
er,er
tcl,kcl
er,er
r,r
m,m
l,l
ax,ix
jh,jh
axr,er
ay,ay
z,z
ch,ch
aa,aa
iy,iy
w,w
t,t
p,p
n,n
ux,ux
y,y
ay,ay
ux,ux
iy,iy
ih,ey
pcl,kcl
aa,aa
l,l
s,s
sh,sh
ix,ih
l,nx
w,w
axr,r
f,t
kcl,tcl
f,f
ih,ih
er,er
bcl,bcl
v,dcl
p,p
axr,er
kcl,kcl
ix,ix
dx,g
ae,ae
l,l
d,t
r,r
g,g
ih,ix
oy,oy
k,k
hv,hv
v,v
er,r
p,k
tcl,pcl
ng,ng
iy,iy
ch,jh
aa,aa
t,t
ax,ax
bcl,bcl
t,t
dh,dx
eh,eh
q,q
f,f
q,q
ax,g
n,m
p,p
axr,axr
pcl,kcl
l,l
t,t
aa,aa
z,s
ae,ae
th,dh
v,v
ae,ae
v,v
n,n
r,r
oy,oy
l,q
iy,iy
ih,ih
ay,ay
t,t
oy,oy
n,n
dcl,dcl
n,m
ae,ae
ae,eh
eh,ah
axr,ix
dcl,gcl
ax,ix
ao,aa
ih,ih
axr,axr
n,n
iy,iy
ux,ux
t,t
ix,ix
l,l
b,p
l,l
ey,ey
d,ix
v,v
bcl,m
gcl,kcl
ao,r
z,s
t,t
s,s
ao,aa
m,n
l,l
ng,m
ey,ey
ix,ix
ax,l
aa,ay
ix,ix
k,k
kcl,kcl
ih,ix
pcl,kcl
ix,ix
pcl,tcl
r,r
ih,ih
hv,hv
iy,iy
ih,eh
ux,ux
bcl,dcl
dcl,dx
dx,dcl
ae,ae
z,z
l,m
kcl,kcl
n,n
ux,iy
kcl,kcl
w,w
k,k
l,l
tcl,tcl
ao,ao
r,r
ix,ng
dcl,dcl
s,s
hh,hh
th,th
ng,n
tcl,tcl
ao,aa
ow,ow
ax,ax
q,q
f,v
r,r
eh,eh
w,w
th,kcl
dcl,tcl
ih,ey
g,g
d,hh
n,n
z,s
pcl,pcl
hv,hv
l,l
r,r
w,w
p,p
gcl,gcl
ao,l
s,s
r,er
n,n
ow,ow
m,n
tcl,tcl
l,w
ey,ey
ng,ix
q,ax
kcl,kcl
iy,iy
s,s
bcl,w
q,q
k,k
tcl,tcl
eh,ah
tcl,tcl
aa,aa
iy,iy
ao,aa
bcl,bcl
axr,er
hv,hv
ae,ae
f,f
ux,ux
iy,iy
ih,ey
pcl,dcl
ax,ix
axr,axr
nx,dx
ay,ay
ah,ah
pcl,kcl
t,q
n,l
k,k
bcl,bcl
en,n
l,w
q,q
tcl,kcl
l,l
ay,ay
ih,ih
iy,y
ae,ae
ax,n
bcl,bcl
pcl,kcl
bcl,dcl
ih,ix
tcl,tcl
f,f
s,s
w,w
iy,iy
oy,oy
axr,er
ae,ae
kcl,kcl
iy,iy
t,t
l,l
gcl,l
eh,eh
w,r
ih,ih
z,z
dcl,tcl
s,s
ih,ix
axr,er
gcl,gcl
iy,iy
axr,r
sh,sh
er,er
r,r
t,t
n,n
v,v
dh,v
kcl,kcl
iy,iy
ih,ih
f,t
l,l
n,n
ih,iy
aa,aa
kcl,kcl
aa,ae
w,w
er,er
s,s
kcl,tcl
n,n
axr,axr
p,p
ih,eh
pcl,kcl
n,n
m,m
s,s
iy,iy
m,m
k,k
t,t
axr,axr
ih,eh
q,kcl
n,n
aa,aa
tcl,q
n,n
w,w
iy,iy
dh,n
ux,ux
eh,eh
s,z
y,y
l,l
oy,oy
s,z
ih,ow
g,g
ix,eh
kcl,kcl
m,m
aa,ae
iy,iy
ae,eh
ng,n
f,f
ix,ix
q,q
gcl,dcl
s,s
dh,dx
k,dx
r,r
gcl,gcl
r,r
l,l
n,n
m,m
s,s
bcl,bcl
k,k
ae,ae
bcl,dx
n,n
l,l
tcl,q
n,n
d,ch
s,s
eh,eh
gcl,dcl
iy,ey
tcl,dcl
z,z
ax,ax
s,s
f,f
n,ix
ix,ix
v,v
l,l
tcl,kcl
ax,l
s,sh
iy,iy
eh,ah
f,f
aa,ao
ow,ow
l,l
axr,er
dcl,dx
r,r
r,r
n,ix
f,f
iy,iy
t,t
s,s
bcl,bcl
k,k
iy,iy
er,er
gcl,gcl
tcl,dcl
eh,ih
f,f
ey,ey
s,s
ax,ax
n,nx
g,k
ay,ay
r,r
nx,n
gcl,dcl
k,k
v,ng
s,s
n,n
iy,iy
p,p
kcl,kcl
iy,iy
sh,sh
ih,ih
iy,eh
w,w
ix,ix
n,n
r,r
s,s
ng,l
ey,ey
axr,er
p,p
dcl,dcl
kcl,gcl
iy,iy
gcl,kcl
iy,iy
bcl,f
ae,ae
dcl,dcl
ax,ax
axr,r
z,z
n,n
ix,ix
s,s
kcl,kcl
iy,iy
ax,ax
uh,ah
t,t
hh,hh
iy,iy
z,z
iy,iy
p,p
eh,ix
z,k
dh,dh
kcl,kcl
tcl,tcl
aa,ah
gcl,dx
hh,hh
tcl,kcl
sh,sh
dh,dh
l,l
eh,eh
ax,q
ix,ah
n,n
uh,eh
bcl,bcl
th,th
ey,ey
uw,ih
n,n
iy,iy
s,s
ih,ih
sh,sh
dh,dh
kcl,kcl
axr,ix
m,n
aw,aw
ax,ix
ax-h,kcl
g,g
l,w
l,l
ax,ah
kcl,kcl
aa,aa
ow,l
f,f
kcl,kcl
s,s
ix,ix
k,k
ay,ay
er,er
ow,l
ix,ix
ao,ay
ax,q
z,z
ah,ah
w,w
r,r
y,y
ax,l
y,jh
eh,ae
uw,ow
ch,t
axr,er
ix,ix
ae,eh
ay,ay
em,m
tcl,tcl
dcl,dcl
w,l
z,z
uh,ao
s,s
s,s
l,l
dcl,dcl
k,k
iy,iy
ng,bcl
l,l
ax,aa
aa,aw
ix,ix
eh,eh
f,f
r,r
aw,aa
r,r
r,r
dcl,kcl
dx,dx
sh,sh
s,s
ao,aa
ae,ae
r,r
ix,ix
ng,m
s,s
tcl,tcl
eh,ah
g,k
iy,iy
ao,q
s,s
ao,ao
ax,ax
hv,hv
aa,aa
axr,er
tcl,kcl
eh,eh
w,w
ix,ix
ao,aa
sh,f
t,dh
n,n
l,l
eh,eh
iy,iy
s,s
iy,iy
eng,ng
ah,ax
ae,ae
th,th
ax,l
pcl,pcl
t,d
iy,n
ix,ix
iy,iy
iy,iy
r,r
ao,aa
er,er
aa,eh
ah,ah
s,s
n,n
tcl,kcl
r,r
y,y
ix,ux
kcl,kcl
k,k
r,r
w,l
k,k
ix,ix
p,p
m,m
s,s
r,r
gcl,gcl
ae,ae
ow,ow
k,k
y,ix
m,m
w,r
ix,ix
bcl,bcl
kcl,kcl
l,w
ng,ng
ao,ao
v,v
ae,ae
l,l
er,er
r,r
dcl,dcl
ih,iy
ix,ih
ah,ah
l,l
r,r
ix,ih
tcl,dx
iy,iy
ay,ay
ae,ae
jh,jh
sh,sh
tcl,tcl
pcl,tcl
nx,n
ow,ow
k,p
n,n
d,d
q,q
ao,ao
ix,ix
tcl,tcl
ey,ey
ix,ix
n,r
eh,eh
ix,ix
s,ch
iy,iy
ao,ao
dx,dx
s,s
hv,ix
l,l
f,v
f,f
axr,axr
kcl,kcl
s,s
kcl,kcl
iy,iy
l,l
n,ng
iy,iy
r,r
tcl,pcl
pcl,pcl
gcl,dcl
l,l
iy,ix
v,v
bcl,bcl
ow,ow
eh,ax
l,l
n,n
f,f
hh,hv
kcl,tcl
ae,ae
z,s
ih,ih
w,w
p,p
ae,ae
n,n
d,jh
aw,aw
eh,eh
w,l
q,q
r,r
v,n
dh,dh
iy,iy
m,n
hh,ax-h
s,s
iy,iy
d,d
jh,jh
l,l
ax,r
er,er
v,ax
t,t
bcl,bcl
eh,eh
ow,ax
ao,ao
eh,eh
tcl,tcl
ih,ih
ow,ao
iy,iy
p,k
w,w
v,v
ix,iy
dcl,dcl
ux,iy
pcl,pcl
iy,iy
iy,iy
aa,aa
dcl,kcl
gcl,pcl
ay,ay
s,s
tcl,dh
s,z
ax,r
ih,iy
ey,ey
ix,ix
ax,ax
s,s
ao,w
iy,iy
w,m
aa,ay
l,l
iy,iy
ih,ah
r,r
l,l
z,s
dx,dx
ah,ah
iy,iy
s,z
f,f
p,p
hv,hv
ax,ax
iy,iy
sh,kcl
iy,iy
l,l
l,l
gcl,dcl
y,y
axr,axr
k,k
v,z
aw,ah
dh,ix
t,ch
ix,ix
ix,eh
el,l
z,s
m,m
k,k
n,n
er,er
ax,l
ay,eh
ae,ae
kcl,kcl
r,r
r,axr
ch,jh
n,q
n,iy
aw,aw
l,l
q,q
axr,ix
n,n
p,p
iy,iy
t,t
t,t
n,n
r,r
tcl,kcl
axr,er
ow,w
v,v
er,er
s,s
ih,ih
ay,ay
ay,ay
ay,aw
q,q
sh,sh
ey,ey
sh,sh
dcl,dx
r,r
f,f
aa,aa
ix,ix
kcl,dcl
aa,ay
n,n
ih,ix
ae,ae
ng,n
ao,ao
aa,aa
f,f
m,n
y,y
ix,ix
l,l
ah,ah
z,z
gcl,dx
ax,ix
t,t
dcl,dcl
eh,ix
ow,ow
aw,ae
v,hh
l,l
ay,aa
ey,ey
r,r
axr,axr
uh,ax
m,ix
n,n
r,r
ax,ax
tcl,dcl
ax,ax
m,m
ay,ay
s,s
ax,ah
ao,ao
v,z
eh,ae
aa,aa
s,s
ah,ah
r,r
ae,ae
ux,iy
z,s
ay,ay
ix,ix
ix,eh
l,l
ix,ix
ae,ae
s,s
p,p
y,y
n,n
k,k
ix,ix
ey,ix
ao,ao
l,l
ix,ix
f,f
iy,iy
n,en
eh,ix
d,t
hv,hv
dh,z
r,r
iy,iy
eh,axr
ng,ng
s,s
g,g
d,dh
ix,ix
ax,ax
iy,y
kcl,tcl
ao,ah
ao,ao
t,t
s,s
ae,ae
kcl,kcl
ao,aa
q,th
n,n
jh,ch
t,jh
ay,ay
ix,ix
w,w
z,s
iy,iy
ae,ey
ax,ix
v,v
ah,ah
s,s
ux,ax
g,y
ng,n
aa,aa
ow,ah
ix,ix
ih,ih
n,n
q,q
dcl,gcl
z,z
kcl,kcl
ae,ah
axr,axr
oy,oy
el,el
q,q
q,w
aa,aa
v,bcl
pcl,pcl
f,f
el,w
er,er
ax,ax
iy,iy
w,w
ow,ow
l,w
s,s
ng,w
ae,ae
s,s
z,z
w,w
gcl,kcl
ax,ix
k,k
dx,dcl
k,tcl
bcl,p
s,s
pcl,kcl
gcl,dcl
d,t
ey,ey
f,f
axr,er
gcl,gcl
uh,uh
tcl,kcl
ao,aa
hv,hv
r,r
z,s
ng,ng
axr,er
ux,ux
l,l
f,f
kcl,kcl
axr,axr
eh,eh
tcl,pcl
n,n
y,y
w,w
r,r
t,t
el,l
ay,ay
uw,uw
f,f
ao,r
ix,ix
ax,ax
pcl,f
m,gcl
tcl,tcl
s,s
pcl,pcl
r,r
iy,iy
gcl,dcl
bcl,bcl
iy,iy
ao,aa
ey,ey
l,l
bcl,bcl
z,s
r,r
pcl,kcl
nx,dx
aw,aw
ix,iy
kcl,kcl
bcl,v
r,r
r,axr
zh,s
r,r
iy,ey
m,n
ay,ay
kcl,kcl
ae,ae
ae,ae
axr,axr
q,r
n,n
n,n
ay,ay
aa,ao
v,f
n,n
n,n
ix,ih
eh,ae
ae,eh
s,s
kcl,kcl
t,t
w,w
z,z
ax,l
q,q
ix,ix
th,dh
m,m
aa,aa
dx,dx
th,th
ay,ay
ih,ix
l,w
iy,iy
w,w
axr,r
ow,ow
ix,ix
er,er
b,p
ae,ae
eh,eh
dcl,dcl
l,l
bcl,m
y,y
r,r
l,l
d,d
kcl,kcl
ix,iy
ae,eh
en,l
k,k
kcl,kcl
tcl,tcl
m,k
tcl,pcl
l,l
iy,iy
ax,ix
dcl,y
n,n
l,ax
gcl,gcl
q,iy
s,s
r,r
ae,ae
r,r
kcl,tcl
ow,ow
tcl,pcl
tcl,tcl
iy,iy
axr,axr
iy,iy
eh,eh
ax,r
m,m
gcl,m
p,k
ux,ux
z,z
sh,sh
ih,iy
l,l
t,t
ix,ix
ux,ux
r,r
s,f
l,l
pcl,dcl
tcl,tcl
z,s
iy,iy
r,r
ng,n
ix,iy
n,n
aa,aa
iy,ey
ch,jh
ey,ey
nx,n
ix,tcl
pcl,tcl
oy,oy
th,f
q,q
m,m
b,g
ch,ch
kcl,kcl
ax-h,en
s,s
n,m
ux,ux
tcl,tcl
ah,aw
v,v
ix,ix
q,ix
iy,iy
ao,ao
l,l
ix,r
l,l
uh,ih
ih,ix
l,l
l,l
s,s
aa,ay
er,er
iy,iy
m,n
kcl,kcl
f,f
ix,l
tcl,kcl
y,y
y,y
f,f
v,f
r,r
n,n
l,l
dcl,kcl
hh,p
l,l
k,k
z,s
ae,ae
ih,ih
m,m
ow,ow
ux,axr
em,m
aa,aa
sh,sh
sh,s
s,s
iy,iy
w,w
s,s
ix,ax
s,s
nx,n
gcl,gcl
el,el
ao,oy
kcl,tcl
gcl,dcl
l,l
iy,iy
l,l
f,th
ax,ix
s,s
p,t
y,y
ix,ix
r,axr
r,r
ae,ae
tcl,kcl
kcl,kcl
s,jh
eh,eh
uw,w
r,r
q,q
ix,ix
aa,ao
aa,aa
t,s
s,s
jh,ch
dx,dx
n,m
g,g
dh,dh
iy,iy
ow,aa
q,q
eh,eh
ay,ay
l,l
m,m
l,l
jh,ch
em,en
iy,iy
s,s
iy,ey
uh,eh
ih,ih
gcl,dcl
ih,ih
ey,ey
dh,ix
ix,ix
ow,el
v,v
n,n
l,l
iy,iy
ax,ix
dh,dh
n,n
ey,ey
r,r
aa,aa
ux,ux
kcl,tcl
z,s
q,dcl
ix,eh
pcl,kcl
ax,ix
axr,ax
n,n
el,el
l,ax
ax,eh
zh,zh
hh,hh
ux,ux
axr,axr
r,r
k,k
iy,iy
hv,r
iy,iy
ax,aa
m,n
k,k
s,s
ah,ax
kcl,tcl
w,w
v,v
ao,ao
r,er
l,l
q,q
hh,hh
axr,eh
ix,ix
ih,ux
w,w
w,w
n,n
dx,ix
iy,iy
r,r
tcl,kcl
ix,ix
ih,iy
n,m
kcl,kcl
ix,ix
ix,axr
r,r
bcl,kcl
er,er
ey,ey
r,r
axr,axr
n,n
dcl,dcl
ae,ae
ix,ih
l,ah
tcl,tcl
iy,y
ae,ae
axr,axr
pcl,kcl
w,w
hv,hv
d,t
r,r
ix,ih
dcl,dcl
ix,iy
n,n
er,eh
pcl,pcl
l,ao
dh,th
ah,ah
p,p
dcl,dcl
ow,ow
tcl,tcl
ao,ao
ax,ax
ae,ae
ng,ng
ix,ix
jh,jh
ae,eh
l,l
ae,ae
pcl,kcl
y,y
m,m
ng,ow
ix,q
t,dh
ix,ix
tcl,kcl
gcl,v
hh,hh
ix,ix
er,axr
g,d
p,p
ih,ih
r,r
ix,ix
s,s
n,n
ix,ix
ah,eh
ae,ae
aa,ao
ux,ix
ax,axr
tcl,tcl
z,s
s,s
k,k
ix,ih
n,n
ow,ao
kcl,kcl
n,n
iy,y
ow,ow
kcl,tcl
axr,axr
kcl,tcl
ih,iy
s,s
ih,l
kcl,kcl
w,w
ax,ih
iy,ix
l,l
tcl,tcl
k,k
k,g
ux,ux
ix,ix
iy,iy
n,ix
t,t
g,g
iy,iy
iy,iy
ix,n
hv,hv
aw,ae
ux,iy
ah,ah
er,er
iy,iy
s,s
ix,ix
dx,dcl
v,v
t,z
n,n
r,r
s,s
k,k
f,tcl
nx,n
p,k
kcl,tcl
w,w
ih,l
r,r
t,t
kcl,kcl
z,z
z,s
bcl,bcl
m,bcl
axr,axr
k,k
er,axr
n,n
m,m
dx,dx
r,r
v,v
ax,ax
q,q
r,r
ay,ay
k,k
s,s
aa,aa
tcl,tcl
er,er
iy,iy
eh,ih
r,r
f,s
ow,ow
r,er
z,z
ey,ey
l,l
bcl,bcl
l,el
ix,ix
s,s
s,f
k,k
dx,dx
w,w
th,t
ay,ey
r,r
dcl,dh
axr,axr
ae,ae
r,r
m,m
w,w
ih,ey
aa,aa
aa,aa
m,m
m,m
axr,er
tcl,kcl
ix,ix
jh,jh
ow,ow
gcl,v
eh,eh
aa,aa
eh,eh
dh,dh
ow,ow
z,z
s,s
iy,iy
r,r
dcl,dcl
bcl,bcl
t,t
kcl,kcl
aw,aw
ae,ae
ax-h,axr
axr,er
dx,dx
n,n
uw,ux
aw,ae
eh,ae
s,s
sh,sh
ux,ux
ah,ah
ih,ae
f,f
aa,aa
k,k
p,p
ow,ow
kcl,kcl
s,s
kcl,kcl
ix,ix
r,r
m,m
axr,axr
ix,ix
eh,eh
ix,iy
kcl,kcl
tcl,tcl
ih,eh
n,n
s,s
jh,f
n,n
ey,ey
ow,ao
z,z
ix,ix
s,s
r,r
dcl,dcl
l,l
dcl,dcl
k,k
t,t
aa,aa
ih,ih
tcl,tcl
ch,ch
n,n
ow,ow
k,g
ix,q
eh,eh
iy,iy
r,r
t,jh
dcl,tcl
l,w
t,t
ih,iy
bcl,dcl
kcl,kcl
eh,eh
y,y
ax,ax
ix,ix
oy,ay
s,s
ih,eh
t,t
ey,ey
uh,ow
kcl,kcl
ow,ow
iy,iy
kcl,kcl
z,s
t,t
ax,w
ao,ao
axr,axr
v,v
kcl,tcl
ay,aa
ae,ae
bcl,bcl
ix,axr
bcl,m
uh,el
l,q
en,en
s,s
w,w
gcl,bcl
aa,aa
ax,ax
eh,eh
ux,ux
ih,ux
gcl,dcl
iy,ix
dh,dx
r,r
ay,ay
ae,ae
ix,ih
k,k
axr,axr
ao,l
q,q
ow,ow
r,r
hv,hv
sh,sh
ah,ah
tcl,dcl
eh,eh
bcl,n
w,w
s,s
l,l
p,p
r,r
q,tcl
tcl,tcl
k,k
iy,ix
m,m
ix,iy
t,d
s,s
ix,r
t,k
ih,ih
m,m
aa,aa
t,t
tcl,n
eh,er
tcl,kcl
iy,iy
k,k
iy,iy
w,hv
uw,ow
ao,ao
er,er
ao,ao
gcl,dcl
uh,ih
t,t
uw,ow
ow,ow
ae,ae
ao,ao
axr,er
ax,ax
bcl,tcl
ix,ix
ao,ao
th,th
er,er
dx,dcl
z,s
ae,ae
ey,ey
r,axr
r,r
l,l
l,l
r,ay
gcl,dx
dx,dx
l,l
axr,r
y,y
v,v
s,s
ow,ah
kcl,k
ah,eh
z,s
w,w
n,n
s,s
iy,iy
iy,iy
ix,ix
ey,ey
ao,ao
iy,iy
dh,dx
gcl,gcl
f,f
oy,ao
er,er
ae,ae
w,r
iy,iy
r,r
iy,iy
w,w
aw,aw
l,w
tcl,dcl
axr,r
tcl,tcl
s,s
y,y
m,m
p,p
k,k
iy,iy
kcl,kcl
r,r
n,n
r,r
ax,ax
dh,dh
tcl,tcl
aa,aa
ix,ax
bcl,v
l,ao
uh,ix
t,t
s,s
ih,ih
f,f
ch,t
ay,ae
l,l
el,el
ow,ow
p,p
q,q
kcl,tcl
w,w
r,r
er,er
r,axr
f,f
ax,el
r,r
iy,iy
dh,l
r,r
gcl,gcl
z,s
q,q
z,s
s,ch
er,er
ax,ao
r,r
dcl,bcl
ow,ow
q,q
s,s
ax,ax
ao,ao
k,k
dh,n
l,l
z,z
r,r
f,f
q,iy
aa,aa
z,z
pcl,tcl
ix,eh
r,r
q,dx
r,r
ax,ix
r,r
ih,eh
ae,ae
dx,dx
ae,ae
ix,ix
l,nx
s,s
eh,eh
d,t
y,y
ey,ey
n,n
s,s
l,l
v,v
bcl,pcl
z,z
iy,y
z,z
n,n
ix,ix
v,v
z,z
axr,er
eh,eh
ow,ao
z,s
iy,iy
eh,eh
d,t
dcl,dcl
axr,er
n,n
n,n
p,p
r,r
z,z
axr,axr
ix,eh
l,l
pcl,kcl
r,r
ow,ow
g,k
z,z
r,r
ix,ix
tcl,n
q,q
hv,hv
eh,eh
ih,eh
t,t
eh,eh
iy,iy
ix,ix
l,l
ax,ax
m,m
n,n
ih,ey
tcl,tcl
k,k
dcl,dcl
pcl,pcl
th,k
dcl,dcl
ae,ae
aa,ao
q,q
sh,sh
eh,eh
dh,dh
s,s
n,n
y,y
dh,t
en,en
iy,iy
ao,ao
r,r
ix,ix
l,l
iy,iy
dcl,dcl
hv,hv
axr,ae
n,n
n,n
kcl,pcl
ae,ae
eh,r
ah,ah
hh,hh
dcl,tcl
tcl,kcl
z,jh
m,m
l,l
tcl,tcl
l,l
er,er
s,s
n,n
d,d
r,ix
z,s
v,dcl
y,y
n,n
ao,ao
bcl,pcl
r,r
q,n
r,r
ey,ey
bcl,bcl
dx,ux
iy,iy
q,dx
ux,ux
kcl,kcl
tcl,tcl
axr,axr
w,w
z,z
ao,ow
tcl,kcl
r,r
kcl,kcl
n,n
er,axr
l,l
l,l
ah,ah
z,z
tcl,kcl
m,m
dcl,dcl
axr,axr
iy,iy
m,m
ey,ey
aa,ao
iy,iy
t,t
ix,q
l,l
ey,ey
eh,ix
z,z
r,r
er,er
ux,iy
f,f
eh,eh
ih,ih
gcl,gcl
s,s
k,k
tcl,tcl
kcl,kcl
iy,iy
ax,ix
uh,ix
m,m
ih,ih
ao,ae
q,r
f,p
q,k
ix,ix
dh,dh
p,p
ch,jh
tcl,tcl
ix,eh
ih,ix
m,m
ao,ao
eh,eh
aa,aa
m,m
iy,iy
aa,ah
t,t
aa,aa
l,l
iy,iy
iy,iy
dcl,dcl
r,r
p,p
sh,sh
y,iy
kcl,tcl
k,k
hh,k
m,m
dx,dx
ax,aw
v,v
m,m
axr,iy
ix,ix
ao,aa
er,er
k,k
q,q
k,k
aa,aa
th,dh
r,l
z,zh
ix,ix
ih,axr
p,p
th,tcl
ao,ao
ao,ao
dcl,dcl
s,s
d,d
ay,ay
t,t
ax,l
eh,ae
g,k
bcl,tcl
eh,ae
s,s
v,v
ao,aa
n,n
ow,ow
axr,r
l,l
dcl,ix
er,axr
pcl,f
s,s
ix,iy
iy,iy
m,n
l,l
er,axr
n,n
axr,axr
iy,iy
ow,ow
f,f
ao,w
ih,iy
l,l
ax,dh
tcl,tcl
el,l
aa,aa
q,q
bcl,bcl
ux,er
ih,ix
ae,ae
n,n
gcl,gcl
tcl,dcl
w,w
ae,ae
t,t
bcl,bcl
ux,ux
eh,ae
q,q
r,r
aa,aa
y,y
w,w
w,w
iy,iy
r,r
s,s
s,s
m,m
tcl,q
ay,ay
ng,n
dcl,dcl
ax,ax
l,l
r,r
dx,dx
l,l
s,s
r,r
ix,ix
g,l
ah,ax
v,jh
l,w
kcl,kcl
l,n
ow,ow
k,k
kcl,kcl
er,er
ae,ae
w,w
ch,ch
tcl,dcl
ix,ix
n,n
oy,oy
z,v
ix,ux
m,m
l,l
kcl,tcl
ih,iy
m,n
ae,eh
ix,ah
eh,eh
m,n
d,dx
ih,ix
pcl,pcl
n,n
kcl,kcl
tcl,tcl
ng,n
m,n
axr,axr
ao,ao
v,v
pcl,tcl
bcl,tcl
kcl,kcl
ax,ao
th,th
ao,ao
ih,eh
ih,ih
s,s
ay,ay
kcl,tcl
n,n
k,k
zh,z
ix,iy
r,r
aa,aa
ae,ay
ah,ax
aa,aa
er,axr
iy,iy
ix,ax
y,y
t,t
w,r
ey,ey
axr,r
q,q
pcl,tcl
ih,eh
ey,ey
ow,ey
kcl,kcl
w,w
iy,iy
aa,aa
ix,ix
nx,n
s,s
tcl,tcl
ao,ao
q,q
q,q
t,t
ih,eh
q,q
g,g
q,q
r,r
axr,er
s,s
dx,dx
ae,eh
ay,ay
z,s
ax,ih
iy,iy
n,dx
ix,ax
aw,aw
dh,dh
l,l
q,q
w,ao
dh,dh
p,p
gcl,kcl
p,p
n,n
r,r
t,t
s,z
eh,eh
f,f
kcl,kcl
v,v
s,s
r,r
ax,aa
q,ix
l,l
q,q
ow,ow
n,n
eh,eh
ix,ix
tcl,tcl
iy,iy
s,s
kcl,kcl
jh,jh
n,n
ay,ay
f,f
ux,ux
el,el
ow,ow
ah,ow
ch,ch
dcl,n
f,f
ah,ah
w,w
f,f
v,v
gcl,gcl
s,s
g,g
t,t
ow,ow
p,p
r,r
gcl,dcl
l,l
ay,ay
g,k
kcl,kcl
t,t
ih,iy
ae,ae
en,n
n,dcl
tcl,tcl
ix,ah
ao,ao
f,f
s,z
n,n
tcl,tcl
iy,ux
ux,ux
dcl,kcl
axr,er
tcl,tcl
sh,s
g,k
kcl,kcl
uh,ix
nx,nx
n,n
dh,k
r,r
f,f
en,n
w,w
aa,aa
t,t
ih,ix
l,l
bcl,bcl
pcl,pcl
ah,l
tcl,dcl
s,z
d,jh
hv,hv
ix,ih
ae,ae
ao,ao
dh,dh
ix,ix
n,n
iy,iy
tcl,tcl
k,k
ay,ay
aa,aa
iy,ix
ix,ih
dx,dx
p,p
r,r
ax,ax
iy,iy
d,d
th,f
ao,ao
uh,ux
p,p
s,s
ax,ax
t,t
r,r
w,w
eh,ix
w,w
ix,ux
f,f
r,r
y,iy
n,n
ae,ae
l,w
axr,eh
ao,ao
dcl,dcl
pcl,pcl
sh,sh
ae,ae
tcl,tcl
v,f
s,s
gcl,dcl
ax,ah
hv,hv
dcl,dx
s,s
pcl,kcl
dh,dcl
r,r
en,ix
ch,ch
s,z
s,s
kcl,kcl
v,w
m,n
el,ao
aw,aw
ix,ix
kcl,hh
z,z
ih,ih
ih,eh
s,z
ae,ae
g,k
z,z
iy,iy
axr,r
hv,hv
tcl,dcl
kcl,kcl
ix,ix
t,t
sh,sh
s,s
r,r
eh,eh
f,kcl
er,er
r,r
k,g
r,r
kcl,tcl
bcl,v
w,l
hh,hv
ax,r
n,n
r,r
l,l
tcl,s
el,l
tcl,tcl
dh,k
p,p
bcl,dx
l,l
ix,ix
tcl,tcl
iy,iy
ix,ix
ow,ow
s,s
r,r
ih,ih
m,m
l,l
ix,ix
aa,aa
l,l
s,s
gcl,n
aa,aw
aa,aa
ax,ax
w,w
l,w
axr,axr
ih,ix
l,ao
s,s
aa,aa
q,tcl
ix,ix
aa,aa
iy,iy
iy,iy
n,n
aa,aa
r,r
r,r
ix,eh
ao,ao
dcl,dcl
l,l
q,q
axr,axr
r,r
ih,ix
er,er
ow,ow
er,r
ix,ix
l,l
m,m
r,r
p,p
iy,iy
iy,ix
s,s
ay,ay
n,n
kcl,tcl
el,el
t,k
r,r
n,n
v,v
iy,iy
s,s
q,q
kcl,kcl
d,dh
kcl,kcl
ey,ay
n,n
dcl,dcl
ey,ey
k,k
m,m
r,axr
r,r
w,r
l,l
r,r
ix,ix
pcl,tcl
f,f
k,k
ow,ow
pcl,tcl
iy,iy
kcl,kcl
ow,ow
ah,ah
t,t
n,n
er,axr
w,w
n,n
eh,r
kcl,kcl
er,er
en,en
aa,aa
f,f
ax,ax
s,s
l,l
aw,aw
th,f
l,l
ae,ae
s,s
axr,axr
kcl,kcl
dcl,tcl
s,s
k,k
iy,iy
aa,aa
tcl,kcl
m,m
aa,aa
iy,iy
iy,iy
ux,ux
axr,er
aw,aw
ux,ux
th,dh
d,jh
ng,ng
z,z
w,w
ng,iy
ae,ae
l,l
m,m
q,q
m,m
ih,iy
t,k
axr,axr
v,v
dcl,dcl
z,z
bcl,bcl
ow,ow
s,s
en,ux
k,k
tcl,dcl
ey,eh
ih,iy
er,er
r,r
ey,ey
ix,iy
eh,eh
ih,ih
q,q
l,l
f,k
s,s
y,y
ow,ow
dh,dh
ix,ix
n,n
kcl,kcl
k,k
ow,ow
ix,ih
ah,ah
k,k
uw,uw
v,v
tcl,kcl
dcl,v
ih,ih
pcl,pcl
q,q
th,th
g,g
dcl,dcl
ao,ao
t,t
w,w
aw,aw
v,z
ih,ah
er,er
hv,hv
z,z
el,q
er,aa
r,r
ng,ix
iy,iy
hv,ax
ux,ux
iy,iy
r,w
v,v
l,l
ow,ow
n,n
en,n
kcl,kcl
w,w
n,n
r,r
axr,axr
ix,ih
tcl,tcl
r,r
w,l
ux,ux
k,k
kcl,kcl
n,n
ae,ae
oy,oy
ay,ay
ix,ix
dcl,dcl
s,s
r,n
ix,ix
r,m
ay,ey
ao,ao
ao,ao
q,ix
ix,ix
f,f
ow,aw
ng,n
ae,ae
z,z
q,q
ix,ix
ah,ah
q,q
dh,dh
ix,ix
r,r
pcl,pcl
ah,ao
pcl,pcl
kcl,kcl
r,r
ix,ix
ax,l
bcl,bcl
ay,ay
jh,d
kcl,kcl
eh,ae
iy,iy
dx,dx
t,t
ax,w
iy,ay
s,s
m,n
eh,iy
iy,iy
ih,ih
tcl,kcl
aa,ao
iy,ix
er,axr
q,q
bcl,tcl
k,k
l,l
ae,ae
tcl,tcl
ix,ix
hv,hv
ow,ow
eh,eh
ay,ay
w,w
axr,axr
aa,aa
g,g
t,t
n,en
ow,ow
iy,iy
ow,ow
l,l
s,s
dcl,dcl
ix,ix
kcl,kcl
axr,axr
bcl,bcl
eh,ae
sh,sh
t,t
f,f
s,z
n,n
tcl,tcl
dx,dx
ch,ch
t,t
n,n
ih,ih
r,r
n,n
r,r
ey,ey
ix,eh
ax,ih
iy,iy
k,k
aa,ao
l,l
r,r
aw,ae
ao,ao
er,er
ix,ix
tcl,kcl
ix,ix
tcl,pcl
w,w
r,r
iy,iy
dh,dcl
n,n
dh,v
s,s
ix,ix
axr,axr
ih,eh
t,t
kcl,kcl
ih,ih
aa,aa
r,r
sh,sh
kcl,th
n,n
ix,ix
dh,dh
eh,eh
ax,ax
w,w
aa,ae
ax,l
dx,dx
m,q
ae,ae
ux,ux
z,z
f,th
eh,aa
iy,iy
s,s
er,axr
y,ix
bcl,bcl
s,sh
eh,eh
s,f
ix,r
axr,axr
n,n
iy,iy
ah,ah
er,er
ih,eh
sh,sh
hh,hv
k,t
p,p
er,er
v,v
ih,r
s,s
q,q
tcl,tcl
iy,iy
gcl,gcl
ih,ow
ow,ow
iy,iy
tcl,tcl
ix,ix
dcl,dcl
oy,oy
l,dh
ae,ae
v,v
k,k
kcl,kcl
t,t
axr,axr
iy,iy
eh,ix
gcl,n
v,v
s,s
ah,ao
g,k
m,r
s,s
ax,ax
ix,ix
s,z
d,q
y,y
eh,eh
w,w
ao,ao
kcl,kcl
ix,ih
ix,v
ix,ix
ey,ey
r,r
ux,ux
z,z
w,w
n,n
axr,axr
ow,ow
ih,iy
l,l
dcl,dcl
ng,n
l,l
ae,ae
d,t
z,z
r,r
kcl,tcl
tcl,tcl
f,f
er,axr
ix,iy
ax,axr
er,er
ax,ax
ih,ih
er,er
ch,sh
en,en
ux,iy
ae,ae
ix,ix
ao,aa
dh,dh
ih,ih
n,n
aa,aa
r,r
q,q
eh,ae
ih,ih
s,z
ae,ae
ah,ae
axr,axr
l,l
k,k
hh,hh
s,s
r,axr
er,r
r,r
gcl,q
f,f
axr,r
kcl,tcl
f,f
er,axr
ae,ay
ao,ao
t,t
iy,iy
t,t
y,y
n,m
er,r
er,axr
n,n
th,th
t,t
ae,ae
ay,ay
r,r
ix,ix
iy,iy
axr,ax
v,z
ae,ae
axr,axr
w,l
t,t
iy,iy
m,n
tcl,dh
r,r
dcl,dcl
ey,ey
k,g
el,ax
ax,el
s,s
t,t
th,dh
sh,sh
kcl,kcl
n,ng
l,l
v,kcl
ow,ow
t,t
ih,ah
iy,iy
m,n
oy,oy
w,w
ax,ax
axr,axr
ih,ih
l,l
jh,jh
hh,hh
ix,ix
m,m
q,q
ix,ix
iy,iy
jh,k
en,n
k,k
ix,ix
ao,ao
n,dcl
s,s
kcl,kcl
r,r
kcl,kcl
k,k
bcl,pcl
s,s
s,s
kcl,kcl
sh,sh
ax,ax
ao,ao
ax,ax
ix,ax
eh,ah
kcl,kcl
ah,ax
dh,v
l,l
er,er
l,l
tcl,tcl
dcl,dcl
ih,eh
k,k
bcl,bcl
k,k
jh,jh
aa,aa
ih,iy
z,z
ix,iy
ay,ay
k,p
jh,jh
l,l
ih,eh
n,n
z,z
k,k
p,p
v,r
er,er
l,l
ao,ao
ay,ay
f,th
bcl,bcl
l,l
z,s
w,w
ey,ey
kcl,pcl
iy,iy
y,y
m,m
aw,aw
ey,iy
z,z
l,l
ow,ow
dcl,dcl
z,z
ae,ae
axr,hv
ow,ow
l,l
n,n
l,l
ax,ah
uw,m
d,d
s,s
g,w
r,r
t,k
k,k
gcl,gcl
dcl,dcl
ix,ix
tcl,kcl
ey,ey
n,n
dh,dh
s,s
ux,y
eh,iy
m,m
kcl,kcl
d,t
gcl,dcl
oy,oy
t,t
ih,ix
ay,ay
r,r
iy,iy
kcl,tcl
ow,ow
l,l
w,w
v,v
dh,dh
kcl,kcl
zh,zh
dcl,tcl
dh,dh
ix,ix
g,k
s,s
q,aa
ix,axr
z,z
l,ax
w,w
iy,iy
l,ax
m,r
f,dh
er,axr
eh,eh
ae,eh
l,l
kcl,kcl
v,v
ix,ix
r,r
ay,ae
k,k
ax,ix
aa,aa
gcl,kcl
l,l
t,t
f,s
bcl,bcl
n,n
w,w
jh,ch
v,dh
en,en
pcl,dcl
r,r
ih,ih
iy,iy
r,r
ow,ow
iy,iy
ih,ih
ix,ix
axr,axr
kcl,dcl
z,z
ae,ae
kcl,kcl
q,q
y,y
l,l
pcl,kcl
tcl,tcl
m,m
n,n
kcl,kcl
ey,ey
z,z
l,l
y,y
s,z
ih,iy
p,p
jh,jh
ey,iy
kcl,kcl
tcl,kcl
kcl,kcl
ux,ux
tcl,tcl
zh,zh
ow,ow
s,s
tcl,dcl
d,dx
dh,l
iy,iy
tcl,s
axr,ax
ih,iy
ih,ix
n,n
p,p
ix,ix
m,m
n,n
n,n
ux,ix
m,m
aw,aw
ih,ih
p,p
s,s
tcl,kcl
f,f
k,k
l,l
s,s
ix,ix
ih,ih
s,s
dcl,dcl
th,th
ih,axr
ao,ao
dh,dcl
dx,gcl
p,dh
axr,ix
er,axr
n,bcl
f,f
jh,jh
s,s
v,v
z,z
ix,ix
iy,iy
m,m
aa,ah
ux,ux
l,l
k,k
n,l
eh,eh
t,t
n,tcl
ih,eh
ey,ey
f,f
iy,iy
th,f
y,iy
ix,ix
sh,sh
jh,jh
eh,eh
ax,r
dh,v
t,t
tcl,dcl
iy,ux
ay,ay
m,m
q,q
ah,ay
m,n
tcl,kcl
n,n
ix,ix
l,l
dcl,dcl
v,dcl
er,er
n,n
ay,ay
f,f
ix,ix
l,l
ix,q
ao,ao
s,s
l,l
ax,l
kcl,tcl
ao,ao
tcl,kcl
ae,ae
tcl,tcl
ao,ao
kcl,kcl
ae,ae
iy,iy
p,p
hh,hh
ay,ay
n,r
ix,ah
l,l
ay,ay
ih,iy
n,n
k,k
ey,ey
l,l
tcl,kcl
jh,ch
n,n
dx,dx
n,q
ux,ux
iy,iy
ix,ax
eh,ow
ih,eh
ih,eh
v,f
ih,ix
s,s
ao,ao
er,axr
th,f
ih,iy
ao,oy
z,z
w,w
ix,ix
k,k
n,n
ax,ix
s,s
r,r
ax,ax
dh,dh
ax,ix
kcl,kcl
k,k
g,g
hh,hh
gcl,g
z,z
eh,eh
ae,ae
bcl,bcl
l,l
ix,ix
v,th
m,m
r,r
sh,sh
ey,iy
eh,ih
sh,sh
gcl,tcl
z,s
aa,aa
ix,ix
y,y
s,s
ow,ow
k,k
tcl,tcl
f,dh
iy,iy
kcl,gcl
pcl,pcl
kcl,kcl
sh,sh
p,p
l,w
ix,ix
ax,ix
ih,ix
k,k
eh,ae
tcl,kcl
axr,axr
ae,ae
t,d
bcl,bcl
ih,ix
q,q
el,el
iy,ih
tcl,tcl
s,s
f,f
t,kcl
bcl,dcl
w,w
ih,iy
s,s
eh,er
ih,ey
aw,aw
iy,iy
r,er
pcl,pcl
w,w
ey,ey
ix,ix
axr,axr
ix,ix
dx,dx
l,l
eh,ax
iy,iy
ax,ax
w,w
v,ax-h
pcl,pcl
l,ax
pcl,pcl
pcl,tcl
m,m
ih,ih
ch,ch
t,t
w,w
ix,ix
kcl,kcl
ae,ae
kcl,kcl
dcl,dcl
pcl,v
dcl,v
dx,dh
k,k
ah,ah
ix,ix
ae,ae
aa,aa
sh,sh
ng,n
ih,ih
ey,ix
r,er
n,nx
r,r
ae,ey
s,s
dcl,dcl
aa,aa
n,n
ix,ix
er,er
ix,ih
axr,axr
ow,el
r,r
t,t
s,s
tcl,tcl
iy,iy
bcl,v
sh,sh
pcl,tcl
d,jh
ix,ih
z,z
ax,l
k,k
jh,jh
ah,ah
ax,ah
ix,ix
tcl,jh
iy,iy
bcl,dh
ix,ix
uw,ux
f,f
sh,s
ao,ao
r,r
t,t
ae,ae
bcl,kcl
m,n
n,n
tcl,g
eh,eh
ae,ae
bcl,bcl
oy,oy
sh,sh
q,q
hh,z
gcl,gcl
ih,ih
ax,ax
ng,ng
ix,ix
gcl,dx
ow,ow
m,m
m,n
ih,ix
l,l
ih,ih
ix,ix
eh,ae
uh,uh
kcl,kcl
s,s
p,p
s,th
t,t
s,s
m,m
eh,eh
k,k
sh,z
w,w
v,v
oy,oy
dcl,dcl
ay,ay
w,w
pcl,kcl
ao,ao
ae,ae
s,s
d,jh
w,w
n,n
z,z
l,r
r,r
ah,ao
ao,ao
r,r
r,r
r,r
q,kcl
ix,ix
ax,ax
p,p
ih,ih
q,q
s,s
axr,r
el,l
y,y
dx,q
ix,ih
dcl,dcl
n,n
g,g
k,k
ix,ix
sh,s
ix,n
b,p
ix,iy
dcl,dcl
n,m
ix,ix
n,n
w,w
eh,er
tcl,kcl
tcl,tcl
dh,dh
z,z
ae,ae
kcl,kcl
hv,hv
nx,n
g,k
s,s
ih,ih
gcl,dcl
m,m
m,m
q,q
ax,ix
n,n
ao,axr
uh,axr
s,f
ay,aa
m,m
y,y
iy,iy
tcl,tcl
ow,l
em,n
ao,ao
ey,ey
iy,iy
d,ax-h
pcl,kcl
iy,q
r,v
l,l
ay,ay
er,r
tcl,tcl
m,m
oy,oy
t,t
t,p
dh,dh
l,l
ix,ix
dcl,kcl
v,v
ax,ix
l,l
m,m
iy,iy
s,s
m,n
k,k
n,n
kcl,tcl
ix,iy
l,l
ao,ow
ah,ih
tcl,kcl
s,s
ih,ux
w,w
dcl,dcl
ih,ih
n,n
ae,ae
ah,ah
ax,ax
ao,aa
q,q
iy,iy
s,s
t,z
s,s
ih,ux
ux,ux
aw,ow
s,s
aa,aa
q,q
s,s
r,r
q,q
eh,eh
n,dx
s,s
ix,eh
dh,dh
w,w
ae,aa
th,f
dh,dh
dx,dx
ey,ey
ng,ng
l,l
pcl,kcl
hh,hh
l,el
n,n
n,ax
kcl,kcl
aa,aa
aa,aa
ae,ae
dcl,kcl
ix,ix
s,s
r,r
eh,ae
ao,ao
z,s
ae,ae
l,l
ih,ix
bcl,bcl
p,p
ah,ao
r,r
aa,aa
ix,ix
n,n
n,dcl
ah,ah
s,s
ah,ah
l,l
eh,ih
l,l
ay,ay
ah,ay
ae,ae
n,n
ah,eh
tcl,tcl
ax-h,dcl
y,y
tcl,pcl
ay,ay
zh,z
kcl,kcl
dcl,dcl
m,m
en,en
t,t
ae,ae
bcl,bcl
ae,ae
v,pcl
pcl,kcl
er,axr
jh,jh
dh,dx
iy,iy
m,m
ih,ae
kcl,kcl
dcl,dcl
iy,ey
m,m
ih,iy
r,r
b,dh
hv,hv
ey,ey
dcl,tcl
ae,ae
n,n
s,s
iy,iy
er,er
ix,ix
ih,eh
uh,uh
kcl,kcl
en,en
aa,aa
pcl,pcl
n,n
dx,dx
sh,sh
s,s
pcl,tcl
aa,aa
aw,aw
ey,ey
jh,t
aa,q
bcl,bcl
dcl,dcl
sh,s
w,r
y,y
tcl,n
sh,sh
ax,ah
k,k
iy,iy
ay,ay
s,sh
dcl,dcl
ix,n
ae,ae
eh,ey
r,r
iy,ix
l,l
er,ay
ih,iy
iy,iy
ax,ax
n,gcl
r,r
d,dh
q,q
ng,m
t,t
iy,iy
v,v
pcl,tcl
eh,eh
iy,iy
ae,ae
s,s
z,s
z,f
er,er
l,l
eh,ae
dcl,dcl
dcl,dcl
tcl,pcl
nx,n
ih,axr
kcl,kcl
z,s
bcl,bcl
v,v
ix,ix
l,l
oy,oy
n,n
tcl,dcl
p,p
sh,z
r,r
f,f
ih,ih
r,r
ae,eh
z,s
s,s
ah,ah
k,k
bcl,bcl
m,m
f,f
uh,ih
n,n
s,s
t,t
ix,ix
oy,oy
l,iy
ih,ax
kcl,kcl
er,eh
ih,iy
ih,ih
pcl,pcl
iy,iy
gcl,gcl
ih,ux
l,l
ix,iy
k,jh
th,th
iy,iy
iy,ey
p,p
n,n
v,v
aa,aa
iy,iy
ax,ax
dcl,tcl
ix,q
s,s
jh,jh
axr,axr
axr,axr
iy,iy
dh,n
ax,aa
sh,s
sh,sh
f,f
gcl,kcl
tcl,kcl
w,w
ay,aa
ix,ax
jh,jh
ix,l
iy,iy
r,r
m,m
pcl,tcl
ax,ah
pcl,tcl
m,m
n,n
n,m
ux,ux
p,p
oy,oy
d,d
b,dh
aa,aa
r,r
hv,hv
p,p
gcl,gcl
tcl,tcl
l,l
n,n
m,m
el,l
dh,dh
ey,ey
ih,ae
s,s
ix,n
s,s
g,dh
ay,ay
ix,dx
t,t
axr,er
l,l
iy,iy
ay,ay
ix,r
k,g
l,l
w,w
ax,ax
ao,aa
axr,er
ix,ix
p,p
t,t
axr,axr
tcl,kcl
ih,ih
pcl,pcl
iy,iy
iy,y
iy,y
hv,k
f,f
p,p
ax,r
axr,axr
v,v
q,q
l,l
m,m
bcl,bcl
pcl,kcl
bcl,dcl
bcl,pcl
ix,ih
s,s
axr,r
ah,ah
ax,ah
aa,r
iy,iy
v,v
v,dcl
dh,dh
kcl,kcl
l,l
m,m
kcl,kcl
ih,ih
n,n
axr,er
gcl,dcl
eh,ih
t,t
ng,ng
n,n
dh,hh
y,iy
w,w
ux,ux
iy,iy
r,r
aa,aa
ih,ix
kcl,kcl
ao,aa
aa,ao
n,n
r,r
s,s
bcl,bcl
l,l
n,n
ax,l
t,t
pcl,kcl
r,r
z,z
ow,q
p,p
tcl,tcl
d,t
iy,iy
eh,ix
y,kcl
m,n
sh,sh
tcl,tcl
q,q
n,n
s,s
b,t
kcl,tcl
k,k
m,axr
ih,ix
sh,sh
sh,sh
f,p
g,k
f,f
s,s
k,k
er,axr
uh,ao
ix,ih
pcl,pcl
k,k
n,dcl
sh,sh
en,en
ax,ax
em,m
ih,ay
eh,ae
t,t
pcl,kcl
aa,aa
s,s
ix,ix
p,p
iy,ix
d,jh
p,p
f,f
l,n
gcl,dcl
axr,axr
eh,eh
ah,ax
n,dcl
tcl,tcl
n,ix
r,r
axr,axr
iy,iy
r,r
m,m
s,s
w,w
bcl,dcl
n,n
er,er
m,m
iy,iy
iy,iy
k,k
ao,ao
hv,hv
iy,iy
ih,axr
z,z
ah,ow
w,w
r,r
ae,ae
ix,eh
s,s
kcl,kcl
r,r
th,pcl
ah,ah
ix,ix
q,w
bcl,dcl
eh,ae
oy,ao
iy,iy
nx,n
q,q
s,s
l,l
v,v
eh,ix
sh,sh
ng,n
n,n
ey,ae
s,s
el,el
g,g
ax,l
oy,oy
m,m
sh,sh
kcl,kcl
eh,er
eh,ih
l,ow
ao,aa
ah,ae
ix,ix
axr,axr
aa,ah
ey,ey
gcl,gcl
w,w
tcl,tcl
bcl,bcl
ix,ix
m,m
ih,y
tcl,dcl
s,s
r,r
n,n
er,axr
pcl,kcl
k,jh
sh,sh
ax,el
k,k
r,r
gcl,dcl
ix,ix
p,p
ae,ae
iy,iy
r,r
iy,iy
ix,ix
ay,ay
jh,jh
r,r
gcl,ng
ix,ah
ux,axr
kcl,kcl
v,v
ih,eh
r,r
axr,ao
r,r
r,r
m,m
ix,ax
ae,ae
kcl,kcl
ix,ix
ix,eh
ey,ey
ih,ih
ix,ih
ah,ao
iy,iy
ey,ey
l,q
t,t
aa,aa
n,n
pcl,pcl
ix,ix
axr,er
k,k
m,n
k,k
r,r
th,tcl
f,f
ey,eh
ax,r
tcl,tcl
oy,oy
oy,oy
jh,jh
m,n
k,g
b,p
nx,m
r,r
ix,iy
en,n
iy,iy
q,q
iy,iy
n,n
ey,ey
ix,ix
ax,r
dcl,dcl
ax,ax
iy,iy
bcl,bcl
t,t
m,m
ih,ix
kcl,kcl
s,s
iy,iy
z,s
sh,sh
oy,oy
ix,ix
hv,hv
dcl,dcl
t,d
s,s
ey,ey
bcl,en
ih,ih
ah,eh
ay,r
k,jh
g,z
t,t
dcl,dcl
s,s
ax,ah
t,t
t,k
ix,ix
n,ng
hh,hh
kcl,kcl
n,n
k,p
kcl,tcl
pcl,pcl
s,s
n,n
dh,s
tcl,pcl
m,n
l,ax
n,n
jh,t
bcl,pcl
ae,ae
t,t
dh,kcl
ao,aa
sh,sh
ih,ey
l,r
ao,ao
gcl,pcl
r,r
m,m
iy,iy
ah,ah
ow,uw
l,l
n,n
ay,ay
s,s
k,k
l,l
axr,axr
m,m
ih,ih
kcl,kcl
ax,l
f,f
ao,el
eh,eh
r,r
ae,ae
er,er
dcl,dcl
r,r
s,s
sh,sh
ih,ix
s,s
iy,ix
ah,ah
l,l
k,k
l,l
ix,iy
n,n
t,t
l,ow
ay,ay
ah,ae
dh,dh
hh,hh
r,r
tcl,tcl
hh,k
kcl,kcl
ix,ix
en,en
ao,aa
ih,ih
ae,ae
kcl,tcl
t,t
n,n
ax,ax
r,axr
ih,iy
tcl,tcl
q,q
s,s
z,z
ng,n
q,q
s,z
aa,ay
oy,oy
ix,q
l,l
k,k
axr,r
l,l
kcl,kcl
b,w
ih,ey
uw,ux
ix,ih
r,r
f,f
t,t
s,s
ae,ae
aa,aa
tcl,dcl
axr,aw
s,s
w,w
l,l
r,r
z,tcl
ao,ao
n,n
eh,eh
w,w
gcl,dcl
dh,dh
ah,ah
f,f
er,er
ih,ih
q,q
p,p
n,m
nx,nx
l,l
er,aa
tcl,tcl
n,n
n,gcl
dx,dx
eh,ih
m,n
eh,ix
l,l
ng,ng
ae,ae
uh,uh
w,aa
dcl,dcl
q,w
r,ax
ao,ao
s,s
iy,iy
eh,eh
ix,ux
tcl,kcl
n,n
ih,eh
l,l
ix,ih
k,k
kcl,tcl
g,dx
k,k
nx,nx
q,n
iy,ux
ix,ix
kcl,tcl
s,s
en,n
hh,hh
iy,iy
m,m
ow,ow
f,th
k,hh
r,r
ih,ih
tcl,tcl
w,w
ch,jh
ah,ah
dx,dx
ng,n
n,n
ao,ao
l,l
r,r
hv,hv
ix,n
r,r
axr,axr
n,n
axr,er
ae,eh
ao,ao
n,gcl
axr,axr
dcl,tcl
hh,hh
bcl,bcl
w,w
v,v
dcl,dcl
r,ix
s,ch
pcl,bcl
s,s
hh,hh
z,z
ih,ih
w,w
ix,ix
pcl,kcl
g,n
axr,axr
k,k
ix,eh
dx,dx
k,g
ay,ay
k,k
eh,eh
w,w
f,f
l,l
ao,aw
iy,q
n,n
aa,aa
ih,ix
ay,ay
q,n
iy,iy
ay,ay
ih,eh
s,s
g,k
ax,eh
gcl,dcl
q,q
ah,eh
ao,aa
hv,ix
k,k
ix,l
f,f
n,l
el,el
t,t
sh,sh
r,r
dx,ix
dcl,pcl
t,t
d,dh
ix,iy
pcl,pcl
tcl,tcl
iy,iy
axr,axr
sh,sh
axr,r
iy,ey
tcl,tcl
ix,iy
z,z
pcl,kcl
k,k
r,r
ao,ao
n,n
ay,ao
w,r
aa,aa
eh,aw
r,r
ah,ax
bcl,bcl
aa,ao
jh,jh
sh,sh
k,k
jh,jh
dh,th
oy,oy
ix,ix
s,s
f,f
aa,aa
f,th
ah,ah
k,k
dcl,dcl
dh,dh
ih,ih
uw,w
dcl,tcl
z,z
ax,ax
w,w
r,r
eh,eh
b,r
l,l
ao,ao
tcl,tcl
bcl,dcl
m,m
l,l
kcl,kcl
ax,r
w,w
w,w
ax,ix
t,t
ao,aa
s,s
l,l
ih,ih
f,f
k,dh
sh,sh
w,w
w,l
l,l
t,t
axr,axr
oy,oy
w,w
bcl,kcl
ng,n
m,m
ix,ix
tcl,tcl
ae,ae
ih,ey
ao,ow
iy,iy
dh,l
ae,ae
ay,r
ae,ae
eh,ix
ax,ix
th,th
uh,ux
v,v
l,el
ae,ae
tcl,kcl
axr,axr
ix,iy
n,n
pcl,pcl
v,v
r,r
kcl,tcl
ch,sh
iy,iy
k,k
l,l
ao,ay
th,f
iy,iy
r,r
axr,axr
nx,n
ih,ih
eh,ae
l,el
n,n
iy,iy
ax,ix
ng,kcl
q,q
el,ow
n,n
r,r
v,v
g,g
g,k
ih,y
ae,eh
kcl,kcl
kcl,tcl
r,r
hh,hh
n,n
tcl,tcl
s,s
y,ux
aa,aa
ux,iy
iy,iy
ix,ax
tcl,q
er,er
tcl,tcl
n,n
er,axr
w,w
aa,aa
tcl,f
s,s
jh,jh
er,axr
eh,r
m,m
eh,ae
eh,ao
bcl,bcl
l,l
ih,eh
z,z
k,k
d,d
aa,aa
ux,iy
iy,iy
ay,ay
iy,l
aa,aa
l,l
axr,axr
ix,ax
bcl,bcl
ch,ch
th,dh
sh,sh
ih,eh
kcl,kcl
k,k
s,sh
iy,iy
tcl,tcl
aa,ah
q,q
ae,ae
f,f
w,w
dcl,kcl
eh,ix
tcl,tcl
ix,ix
iy,iy
s,s
axr,axr
oy,oy
ao,ao
oy,oy
ih,ih
jh,jh
l,l
ah,ao
ih,ih
r,r
tcl,tcl
l,l
r,r
ae,ae
dh,dh
hh,hh
eh,eh
tcl,v
el,l
eh,ah
aw,ae
hh,hh
n,n
q,ao
axr,er
ao,ao
m,m
ax,ix
w,w
l,l
ix,r
w,w
er,er
z,s
r,r
ah,ao
p,p
tcl,tcl
kcl,kcl
kcl,kcl
k,k
l,l
f,f
f,f
s,s
ow,aw
ix,ix
kcl,kcl
p,p
er,er
l,l
kcl,kcl
s,s
tcl,tcl
l,el
eh,eh
pcl,pcl
t,dh
z,z
l,ax
er,er
iy,iy
th,kcl
q,q
ae,ae
ix,ix
ae,ae
f,f
d,t
s,s
s,s
s,s
ax,ax
iy,iy
tcl,q
f,pcl
ix,iy
n,n
dcl,dcl
n,n
s,s
ae,eh
ih,ih
gcl,tcl
z,z
er,axr
ah,ah
ix,eh
ax-h,tcl
l,l
axr,r
ey,ey
k,k
kcl,kcl
hh,hh
l,l
el,el
s,s
l,l
z,s
y,y
l,l
ix,ix
z,z
bcl,bcl
ao,ao
ay,ay
q,l
l,ax
f,f
ae,ae
l,l
bcl,bcl
ih,ix
z,z
ah,eh
l,l
tcl,dcl
s,s
kcl,kcl
ax,ax
kcl,kcl
f,f
n,ng
m,n
r,ix
f,hh
ow,ow
iy,iy
ih,eh
ah,oy
en,ah
el,l
dx,dx
ow,ow
ng,n
ae,ae
tcl,tcl
sh,ch
aa,aa
ah,ah
iy,ih
bcl,dcl
ux,ux
pcl,pcl
n,n
gcl,gcl
sh,sh
ux,ux
pcl,pcl
ae,ae
w,w
s,s
dh,dh
iy,iy
tcl,kcl
n,gcl
bcl,dcl
m,n
tcl,tcl
z,z
w,w
s,s
l,l
l,l
pcl,pcl
f,f
tcl,kcl
v,v
ah,ay
tcl,kcl
f,f
l,l
ix,ix
kcl,v
q,q
ix,ix
sh,sh
jh,d
ow,ow
kcl,kcl
en,en
ix,ix
l,ix
n,hv
l,l
ix,ix
l,l
iy,iy
w,w
s,s
ux,ux
r,r
g,g
r,r
hh,hv
tcl,tcl
ax,l
ah,ah
r,r
l,l
t,t
dh,dh
ah,ah
r,r
r,y
aa,aa
tcl,pcl
t,k
f,s
iy,iy
l,l
d,t
iy,iy
t,t
tcl,jh
n,n
er,r
iy,iy
dcl,tcl
dh,dh
ih,ih
ah,ax
l,l
p,p
n,n
iy,iy
gcl,gcl
n,n
axr,ax
dcl,tcl
kcl,kcl
s,s
ih,ih
l,l
tcl,tcl
kcl,kcl
tcl,kcl
aa,aa
kcl,kcl
tcl,tcl
g,g
t,t
z,z
r,r
iy,iy
ao,ao
iy,iy
p,p
axr,ix
m,m
eh,ae
z,z
iy,iy
z,s
ah,eh
aa,ah
r,r
dcl,dcl
eh,ix
dcl,dcl
iy,iy
ix,r
ow,ow
z,z
ae,ae
ao,ao
r,r
ah,r
en,n
l,l
hh,hh
tcl,tcl
tcl,kcl
ay,ay
kcl,pcl
hv,hv
kcl,kcl
l,l
kcl,kcl
z,z
v,v
y,ix
dh,dh
el,ax
s,z
ih,ux
sh,z
tcl,tcl
ae,ae
p,p
ey,ey
ix,iy
k,k
pcl,kcl
ch,sh
ih,iy
ax,ax
n,m
eh,eh
eh,eh
q,q
n,n
n,n
dx,v
r,r
z,z
ax,ix
dcl,dcl
en,ix
s,s
axr,axr
r,r
y,d
ae,ae
ao,ao
q,q
v,v
ao,ao
r,r
sh,jh
tcl,tcl
pcl,kcl
z,z
ao,ow
ao,aa
n,dh
g,g
dcl,dcl
dcl,dcl
pcl,tcl
w,w
tcl,dh
eh,ix
el,l
pcl,pcl
t,dh
ih,ih
axr,r
ih,ix
pcl,kcl
w,w
n,n
l,w
r,r
s,s
z,s
iy,iy
r,r
el,l
ae,ae
s,s
p,p
dh,dh
l,l
axr,axr
kcl,kcl
p,p
k,g
ax,eh
el,el
dcl,kcl
sh,s
s,s
er,er
t,t
z,s
g,g
ah,ah
axr,er
ix,ix
er,er
r,r
ae,ae
dx,d
s,s
aa,aa
gcl,tcl
ay,aa
er,axr
tcl,tcl
er,er
k,k
w,w
l,l
p,p
ow,ow
iy,iy
em,m
ay,ay
p,p
sh,sh
tcl,tcl
n,n
z,s
r,r
s,s
z,z
pcl,kcl
sh,sh
n,dx
dh,tcl
iy,iy
axr,axr
ux,ux
l,l
dh,v
l,l
z,z
axr,ix
eh,r
ix,ax
ix,iy
t,k
l,w
s,s
dx,dx
er,er
ow,ow
tcl,tcl
axr,axr
w,q
ae,ae
k,k
ao,aa
y,y
ax-h,tcl
r,r
w,w
n,n
m,m
sh,sh
ah,ow
kcl,kcl
iy,iy
ng,m
tcl,z
r,r
v,v
sh,sh
ah,ah
m,m
r,r
n,n
v,v
dh,dx
kcl,kcl
l,l
n,dcl
ey,ey
eh,ix
sh,sh
s,s
s,s
m,m
n,m
oy,oy
kcl,kcl
ux,ux
ay,ay
axr,r
ao,aa
gcl,gcl
q,hh
s,s
t,t
tcl,kcl
s,s
w,w
tcl,tcl
kcl,kcl
s,s
ax,ax
em,m
w,w
hv,hv
ah,aa
z,z
s,s
ih,ih
z,s
l,w
k,k
n,q
bcl,v
r,r
aa,ao
ae,ae
ix,ix
m,ng
s,s
ix,ix
ih,iy
ae,ae
iy,iy
v,hv
r,ix
v,v
gcl,dcl
t,t
t,t
f,f
er,er
iy,iy
axr,axr
kcl,kcl
k,k
iy,iy
n,l
sh,sh
tcl,tcl
gcl,dcl
gcl,dcl
ix,axr
pcl,kcl
k,k
ix,ix
axr,axr
k,k
ey,ey
pcl,pcl
y,y
eh,ih
ax,ax
r,r
r,r
dcl,dcl
v,v
y,y
en,en
gcl,tcl
ae,ae
ix,ix
v,v
ih,er
ae,ae
ux,ux
axr,ix
ux,ux
p,p
em,ax
ih,axr
ih,eh
ax,ax
er,er
axr,ax
k,k
eh,er
ao,aa
k,k
ih,ix
eh,ix
ax,ax
t,g
q,m
iy,y
iy,iy
eh,ix
axr,ax
p,p
ow,ax
ah,ah
ih,ih
ix,w
gcl,gcl
en,ax
dcl,k
ow,ow
ey,ey
eh,eh
y,eh
l,l
ah,eh
dx,dx
sh,s
tcl,pcl
axr,er
s,s
s,s
k,k
l,ix
t,t
d,dh
z,z
ux,ey
er,r
ow,l
iy,iy
g,g
r,r
t,jh
er,axr
z,s
ay,ay
q,q
p,p
iy,iy
r,r
s,s
ah,ah
l,ax
ae,ae
iy,iy
y,y
eh,eh
el,w
ix,ix
gcl,dcl
s,t
g,g
r,r
t,dh
n,n
ey,ey
f,f
f,f
aa,r
oy,oy
l,w
iy,r
n,n
ix,ix
bcl,bcl
iy,ih
n,n
n,n
ae,ah
ay,ay
ah,l
l,l
k,k
iy,iy
eh,eh
eh,ae
axr,axr
q,q
z,z
pcl,kcl
ux,ux
s,s
t,t
aa,aa
ae,ae
q,q
ah,ah
n,dcl
f,f
ax,ax
s,s
el,l
eh,eh
iy,iy
tcl,tcl
g,k
tcl,kcl
tcl,tcl
eh,r
r,r
r,r
ae,ae
k,g
y,y
p,p
nx,nx
er,er
q,q
n,y
dcl,dcl
l,l
ow,ow
f,f
s,s
tcl,kcl
th,f
s,s
axr,axr
dcl,dcl
w,w
r,l
ey,ey
iy,iy
sh,sh
aa,aa
dcl,dcl
bcl,bcl
gcl,kcl
ih,ih
ao,aa
kcl,kcl
ax,ax
g,dx
tcl,dcl
s,s
axr,axr
m,m
tcl,th
y,iy
s,s
ow,ow
kcl,kcl
ax,ax
el,el
f,f
ix,ix
axr,axr
k,k
l,l
q,q
n,m
hv,hv
f,f
s,s
ae,ae
axr,r
ae,ae
n,n
ao,oy
s,s
n,n
jh,r
axr,er
dx,dx
r,ay
gcl,dcl
f,dh
l,w
aa,ah
m,m
th,th
iy,iy
f,f
ax,r
pcl,pcl
tcl,tcl
er,er
ch,ch
r,r
dcl,tcl
t,t
axr,axr
ae,ae
pcl,pcl
en,en
t,t
dh,z
ux,ix
iy,iy
t,t
iy,iy
n,n
l,l
tcl,kcl
ix,ix
axr,r
n,n
k,k
aa,aa
g,g
pcl,pcl
bcl,bcl
ae,eh
g,g
n,n
dcl,dcl
ih,ih
eh,eh
dcl,tcl
tcl,dcl
nx,ax
s,s
ix,ix
iy,ih
nx,n
ix,ix
tcl,tcl
tcl,tcl
axr,uh
s,s
ix,ix
ae,ae
s,f
aa,aa
ix,ix
p,p
g,g
t,t
q,q
aa,aa
r,r
n,n
kcl,tcl
iy,ey
n,n
y,ux
aw,aw
iy,iy
aa,aa
tcl,pcl
t,t
ix,ix
k,k
iy,y
ah,ah
r,r
er,axr
iy,ih
ah,ax
l,l
y,iy
k,k
bcl,bcl
er,r
eh,ae
ah,ax
ao,q
gcl,gcl
v,dh
f,f
s,s
ih,eh
n,n
tcl,tcl
ao,aa
r,r
ix,ix
l,ax
iy,iy
k,k
p,th
gcl,gcl
axr,er
m,n
ae,ae
k,k
s,s
hh,hh
p,p
ay,ay
er,er
er,er
axr,gcl
iy,iy
uh,ix
ao,ao
ih,ih
s,s
s,th
k,g
eh,ae
k,p
dh,f
s,s
dcl,tcl
axr,er
dcl,dcl
s,z
g,g
ih,ix
d,dh
aw,ae
ao,ao
ax,ax
en,en
ae,ae
gcl,dcl
m,m
iy,ey
b,p
k,k
tcl,tcl
p,p
f,f
gcl,gcl
q,q
n,n
s,s
w,w
r,r
q,q
l,axr
ay,ay
jh,ch
oy,oy
sh,sh
ix,ix
r,r
dcl,tcl
z,z
v,dx
l,w
ae,eh
pcl,pcl
l,l
l,l
en,n
uw,ux
l,l
kcl,kcl
s,s
ae,ae
y,ix
z,z
ah,ah
iy,y
s,s
ix,ix
n,n
ao,ow
ng,ng
q,q
y,y
v,v
m,m
s,s
r,r
gcl,dcl
kcl,k
ix,ih
kcl,pcl
t,t
ae,ae
k,k
ay,ay
dx,dx
s,s
y,y
ay,ae
n,n
ix,l
sh,sh
ow,ow
hv,hv
tcl,tcl
r,r
m,m
n,n
bcl,pcl
dx,zh
ay,ay
aa,aa
dcl,v
ae,ae
r,r
dx,dx
ih,ih
ao,w
ow,ow
tcl,tcl
er,er
z,z
dh,d
sh,sh
s,s
iy,iy
l,l
ae,ae
z,z
dh,dh
v,v
dcl,dcl
kcl,tcl
kcl,kcl
eh,eh
iy,iy
bcl,tcl
ey,ey
sh,sh
z,z
dh,dh
ih,ih
bcl,bcl
v,v
ux,ux
l,l
n,en
n,q
w,w
hv,hv
ix,ix
ax,ax
g,k
r,r
r,r
r,r
ih,ix
iy,iy
bcl,bcl
iy,ey
v,v
p,p
kcl,dcl
uh,ix
p,p
ae,ae
n,dcl
hv,axr
ae,ae
iy,iy
gcl,dcl
l,l
jh,dcl
l,l
r,r
z,z
ix,ih
f,f
kcl,kcl
ix,ix
oy,oy
ux,ux
t,k
tcl,pcl
l,l
pcl,pcl
kcl,kcl
r,axr
ux,m
ix,ix
v,f
l,l
ay,ay
l,l
kcl,tcl
w,w
el,aa
ih,iy
m,n
ih,ix
s,s
w,w
tcl,kcl
hh,hh
z,s
y,iy
ax,el
ae,ae
w,w
jh,jh
z,z
hv,hh
z,z
eh,er
ao,aa
en,n
s,s
y,y
ao,oy
y,y
uh,uh
axr,dcl
tcl,tcl
ix,iy
z,sh
gcl,gcl
dh,dh
s,s
ah,ix
kcl,tcl
ao,aa
uh,ax
r,r
ao,ao
el,el
m,m
ih,ih
f,f
dcl,dcl
p,p
kcl,kcl
bcl,dcl
er,er
ao,w
ey,ey
ax,ax
ux,ih
f,f
q,q
ix,ix
iy,iy
l,ax
iy,ix
w,w
ux,uw
tcl,tcl
s,s
er,er
p,p
dcl,bcl
ae,eh
dx,tcl
n,m
jh,ch
iy,ih
uw,uw
y,y
pcl,tcl
n,dx
axr,axr
ix,ix
f,f
bcl,tcl
m,n
dcl,dcl
gcl,bcl
hv,hv
dcl,dcl
el,el
r,ax
n,n
ao,ao
t,t
er,er
ng,gcl
pcl,pcl
tcl,dcl
er,er
pcl,tcl
m,n
m,m
r,r
q,q
l,l
dx,dx
ay,ay
bcl,tcl
th,f
z,z
ux,ux
l,l
bcl,bcl
tcl,dcl
w,w
l,l
eh,r
ey,r
ao,ao
axr,axr
iy,iy
w,w
dcl,dcl
nx,nx
sh,sh
t,d
tcl,kcl
dcl,dcl
ae,ae
y,jh
r,r
tcl,bcl
f,f
r,axr
axr,iy
l,l
l,l
ae,eh
iy,iy
r,aa
s,s
iy,ix
aw,aw
ae,ae
ah,ay
ix,ix
ih,ih
ih,ix
t,kcl
eh,ih
n,n
q,w
z,z
ih,ix
tcl,tcl
l,l
p,p
kcl,kcl
dcl,dcl
em,m
pcl,pcl
bcl,dcl
z,s
aa,aa
v,v
n,l
w,w
r,r
ix,ih
l,l
iy,y
s,s
f,f
hv,hv
s,s
iy,iy
t,t
eh,eh
dcl,dcl
aw,ah
ng,ng
oy,oy
hh,hh
dcl,tcl
ix,ix
s,s
bcl,v
ng,ng
d,d
er,axr
g,k
ah,ah
pcl,k
ay,ay
pcl,kcl
hv,hv
ey,ey
bcl,bcl
s,hh
iy,iy
w,w
ih,ih
ae,ae
dh,dx
kcl,kcl
q,n
k,k
er,er
dcl,dcl
m,m
s,s
pcl,pcl
n,n
hh,hh
z,z
axr,axr
n,n
l,ax
tcl,tcl
ih,ih
r,r
dcl,dcl
dx,dx
tcl,kcl
v,l
sh,s
l,l
l,l
pcl,pcl
n,n
z,s
ix,ix
ae,ae
gcl,gcl
ih,ih
bcl,bcl
f,f
ao,ao
en,l
r,r
f,f
sh,sh
g,g
t,k
z,z
aa,aa
ax,ax
iy,iy
axr,axr
s,s
ix,ix
tcl,tcl
k,k
el,l
s,s
n,n
kcl,pcl
n,ng
l,l
ax,ax
k,k
s,s
f,dcl
z,z
pcl,kcl
ax,ax
s,s
r,r
hv,hv
r,r
ax,ih
aw,aw
f,dh
ay,ay
ao,ao
r,axr
ix,eh
ux,iy
ay,ey
ix,ix
hv,hv
z,s
ax,ax
v,v
dh,dx
l,l
ax,ax
ae,ae
bcl,m
uh,uh
z,z
dh,dh
s,s
l,l
tcl,kcl
l,l
iy,r
hv,hv
p,p
nx,n
p,dh
iy,ey
ih,ih
k,k
w,w
tcl,tcl
ae,ae
oy,oy
aa,aa
r,r
z,z
aa,aa
er,er
n,n
axr,r
axr,aa
dcl,n
m,n
aa,aa
ux,ux
s,s
el,el
ix,axr
l,l
kcl,tcl
en,en
oy,oy
aa,aa
l,aa
r,r
w,w
k,k
tcl,tcl
q,q
aa,ao
d,k
kcl,kcl
ng,ng
k,k
gcl,gcl
ow,ow
tcl,tcl
n,n
kcl,gcl
ch,ch
ix,ix
iy,iy
q,q
n,n
gcl,gcl
q,q
s,s
sh,sh
ow,ow
dcl,tcl
r,r
k,k
kcl,kcl
iy,iy
kcl,dcl
w,w
ow,ow
r,r
aa,aa
s,s
iy,iy
l,l
s,s
w,w
ih,ih
ae,ae
eh,r
n,n
iy,iy
kcl,kcl
tcl,bcl
ao,ao
ix,ah
tcl,tcl
r,r
y,y
kcl,tcl
iy,iy
ae,ae
kcl,k
ax,q
ih,eh
s,s
eh,eh
dcl,tcl
g,g
nx,n
ih,ah
eh,eh
sh,sh
z,s
b,dh
axr,axr
v,v
pcl,kcl
t,t
v,v
z,z
q,ax
y,y
ix,ix
ix,ix
ix,eh
l,l
ng,ng
ix,ix
ax,ax
ix,ix
gcl,gcl
s,s
f,f
eh,ae
axr,axr
bcl,dcl
ix,ax
p,p
r,r
ix,ix
ix,ih
f,f
p,p
ow,l
hv,hh
ey,ey
sh,s
t,d
iy,iy
d,jh
t,d
hv,hv
iy,ay
m,m
ay,ay
l,l
s,s
th,f
ay,ay
ao,ao
eh,eh
r,axr
k,k
tcl,dcl
n,n
d,d
kcl,kcl
ey,ey
dcl,dcl
gcl,dx
r,r
kcl,kcl
kcl,tcl
ix,eh
iy,iy
ax,ax
ae,ae
ng,ng
el,l
gcl,dcl
tcl,tcl
ax,l
l,l
v,v
g,r
iy,iy
s,s
k,k
ay,ay
ay,ay
z,z
tcl,pcl
dx,dcl
n,n
tcl,pcl
s,s
r,r
s,s
ix,iy
d,d
dh,th
dcl,dcl
eh,ae
ae,ay
k,k
dh,dcl
ix,ix
hv,hv
dcl,tcl
ah,ah
ng,gcl
p,ix
ix,r
eh,eh
ux,ux
ae,eh
sh,sh
bcl,bcl
m,n
n,n
dcl,dcl
k,k
hh,hh
ch,ch
n,n
r,r
g,k
r,axr
eh,eh
dcl,dcl
ao,aa
s,s
bcl,bcl
ae,ay
w,w
pcl,pcl
pcl,pcl
n,m
sh,sh
bcl,gcl
z,z
dcl,dcl
iy,iy
l,l
ae,ae
v,v
axr,ah
p,t
g,g
ng,n
ix,ng
er,er
gcl,kcl
axr,axr
n,n
tcl,tcl
t,k
ow,ao
kcl,kcl
ax,q
t,t
eh,eh
ax,eh
dcl,tcl
y,y
n,n
v,v
n,n
ax-h,q
eh,eh
dcl,dcl
g,k
ix,y
ah,eh
ng,ng
n,n
tcl,dcl
ix,ix
el,el
r,r
hv,ax-h
s,s
eh,ey
n,m
axr,r
n,n
tcl,kcl
iy,iy
eh,eh
dx,dx
r,r
ix,ix
tcl,z
q,hh
bcl,bcl
dcl,gcl
uw,uw
r,axr
t,dh
m,n
nx,n
iy,iy
pcl,pcl
m,m
f,f
p,p
tcl,tcl
iy,iy
z,z
iy,iy
z,s
y,y
er,er
ow,ow
z,s
t,k
aa,ao
s,th
d,ax-h
y,iy
kcl,tcl
eh,eh
tcl,kcl
z,s
aa,aa
ix,ix
ah,ah
ih,iy
f,f
ow,ow
tcl,kcl
q,q
sh,sh
ih,ix
q,q
ih,ux
dcl,dcl
s,s
th,dh
ay,ay
ay,ay
dx,dx
r,er
q,q
ng,n
ix,ix
ae,ae
dcl,dcl
ix,ix
kcl,kcl
s,t
axr,er
kcl,kcl
axr,dcl
l,l
ay,ay
ux,ux
m,m
ey,ey
iy,iy
eh,eh
iy,iy
p,p
ae,ae
sh,sh
aa,ah
l,l
iy,iy
er,axr
n,dcl
ey,ey
v,v
ax,ax
axr,axr
ao,ao
tcl,tcl
k,kcl
s,s
ae,eh
el,el
v,v
y,eh
sh,sh
r,r
z,z
ix,ix
iy,iy
s,sh
n,n
en,en
t,t
hh,hh
er,r
ae,ae
n,n
dcl,pcl
ch,ch
q,q
bcl,bcl
n,v
pcl,pcl
ao,ao
bcl,m
ix,ix
ao,ao
er,er
sh,sh
ey,ey
ey,ey
r,r
t,t
ey,eh
ay,ay
kcl,kcl
r,ix
iy,iy
ow,ow
s,s
gcl,bcl
iy,iy
q,q
ae,eh
ae,ae
n,n
n,n
gcl,bcl
dcl,n
ah,ah
n,n
r,r
f,f
s,z
n,n
pcl,pcl
n,n
sh,sh
y,y
ow,ow
k,g
l,l
ch,jh
r,r
axr,r
iy,iy
ix,ix
uh,ix
tcl,kcl
y,y
dx,dx
kcl,kcl
v,kcl
iy,iy
ax,r
eh,q
eh,ey
ey,ey
v,v
k,n
ay,ay
iy,iy
r,r
eh,ow
ih,eh
w,w
aa,aa
q,q
ao,er
n,m
iy,iy
iy,ix
v,v
p,p
ng,n
v,y
y,iy
ah,ah
ah,ae
dh,dh
v,v
iy,iy
axr,axr
t,k
k,k
p,p
uw,l
w,w
y,y
n,n
ey,ey
l,l
l,l
iy,iy
m,m
k,k
t,k
aa,aa
ah,ah
ay,ay
r,r
pcl,pcl
ey,ey
ao,ao
r,r
ey,ey
aa,aa
eh,ah
s,s
r,axr
tcl,tcl
n,l
kcl,kcl
ax,l
y,y
n,n
n,n
dx,dx
axr,tcl
en,ix
er,eh
er,ay
g,g
dh,dh
axr,axr
ix,ih
kcl,kcl
hh,hv
sh,s
bcl,bcl
eh,eh
n,ng
s,s
k,z
s,s
pcl,pcl
f,f
ix,ix
ih,iy
ix,ax
z,z
dx,dx
n,n
ix,ih
k,k
l,l
ae,ae
d,k
dcl,dcl
sh,sh
iy,iy
k,k
iy,iy
q,q
nx,n
q,ah
m,m
dx,dx
ch,sh
l,l
ao,oy
ax,ax
l,ix
y,y
r,r
pcl,kcl
w,w
ay,ay
r,r
s,s
iy,iy
l,l
gcl,gcl
ao,ao
hv,hv
ng,n
aa,aa
jh,s
ay,ay
tcl,tcl
gcl,gcl
ae,ae
ax,ah
ax,ix
n,n
s,s
dx,dx
ih,eh
r,r
dx,dx
l,l
ay,ay
iy,iy
m,m
f,f
ax,r
b,b
s,s
gcl,ng
iy,iy
n,n
l,l
n,n
r,r
w,w
t,t
s,s
y,q
n,n
p,hh
ix,eh
y,y
n,m
iy,iy
el,ao
r,r
er,er
er,er
ax-h,hv
iy,iy
eh,ah
g,r
ix,ux
r,r
aa,ah
uw,ao
m,m
kcl,kcl
pcl,kcl
s,s
s,s
ow,l
f,f
g,k
g,g
t,k
ix,ix
s,s
l,n
dh,dh
nx,n
ae,axr
iy,iy
kcl,kcl
ah,ah
ch,ch
sh,sh
nx,n
s,s
r,r
dcl,n
q,q
r,r
n,n
m,m
eh,eh
l,w
ih,iy
s,s
s,s
r,axr
ih,ix
gcl,dcl
ch,t
sh,sh
s,s
aa,aa
ah,ax
iy,iy
ax,ax
axr,r
ih,ix
ih,ix
kcl,kcl
nx,nx
axr,ao
w,w
tcl,tcl
n,dcl
ow,ah
k,k
f,f
th,f
ax,ax
er,axr
ae,ae
l,l
l,l
r,r
tcl,tcl
pcl,bcl
ao,ao
ae,ae
s,s
iy,iy
y,y
v,v
tcl,tcl
ch,ch
aa,aa
dcl,en
s,s
uh,ao
er,r
th,th
aa,aa
tcl,tcl
ey,iy
ix,iy
v,v
dx,dcl
jh,jh
m,m
ix,ix
r,r
n,n
ay,ay
t,t
ix,ix
ix,ix
iy,iy
ao,ao
k,ch
tcl,dh
ih,ih
eh,er
ax,ax
dx,dx
k,t
dx,dx
l,l
el,w
l,r
eh,eh
pcl,pcl
z,z
jh,jh
ae,ae
ix,ix
pcl,kcl
ax,ax
bcl,bcl
dx,dx
f,f
d,d
kcl,kcl
dh,dx
ao,aa
r,axr
ao,ao
ay,ay
dcl,tcl
q,q
b,p
ah,ax
s,s
q,q
s,s
l,l
iy,iy
ix,ix
sh,sh
n,n
d,z
r,r
g,k
ax,ix
n,n
iy,iy
z,z
r,r
ih,q
dh,p
aa,aa
eh,eh
s,s
t,dh
n,n
ax,ix
w,w
er,er
ix,q
s,sh
n,n
w,w
iy,ux
dcl,pcl
eh,ae
ax,l
ae,ae
dx,dx
tcl,dcl
axr,axr
t,t
k,tcl
ix,ih
iy,iy
kcl,tcl
p,p
ao,ao
bcl,bcl
tcl,dcl
k,k
en,en
n,n
w,w
m,m
ih,ih
d,d
aw,ae
r,r
ix,ax
r,r
ih,eh
ux,ux
s,s
ih,ih
pcl,kcl
s,s
l,l
l,l
k,g
ae,eh
s,s
ix,ix
pcl,kcl
axr,axr
ix,ix
kcl,kcl
z,z
l,l
ix,ix
sh,ch
m,n
dcl,dcl
ax,ax
s,s
ix,ix
el,el
pcl,pcl
q,q
s,s
ix,ix
jh,jh
n,n
hv,hv
bcl,bcl
l,l
ey,ey
pcl,pcl
ah,ah
iy,iy
n,n
k,k
dcl,dcl
y,iy
gcl,gcl
iy,iy
ax,ax
ix,dh
n,n
tcl,tcl
er,axr
ih,ix
ux,ux
iy,iy
eh,ae
aa,ao
l,l
er,er
ey,ih
w,w
z,s
el,w
ih,eh
eh,eh
uh,ah
gcl,kcl
tcl,tcl
s,s
kcl,kcl
ix,ax
n,dcl
l,l
kcl,kcl
n,n
n,m
l,l
n,ix
jh,jh
ix,ix
f,f
r,r
ah,eh
s,s
g,tcl
l,w
jh,s
eh,aa
pcl,pcl
eh,eh
ix,ix
ix,ix
dh,dh
s,s
ax,ix
axr,r
ih,eh
pcl,pcl
ae,ae
eh,eh
ix,ix
pcl,pcl
ae,ae
l,l
s,s
q,y
l,l
dx,dx
iy,iy
kcl,kcl
iy,iy
m,m
w,ax
tcl,kcl
l,l
kcl,pcl
q,q
pcl,pcl
ae,ae
er,r
s,s
tcl,kcl
ey,ey
ae,ae
l,l
z,s
r,r
ih,ih
sh,s
dx,v
dcl,dcl
ae,ae
ng,ng
r,r
dcl,gcl
iy,iy
p,p
z,s
tcl,gcl
l,l
ao,ao
r,r
q,q
z,z
tcl,tcl
r,r
ix,ix
ix,ix
tcl,dcl
r,ay
ch,ch
ix,ix
ng,n
iy,iy
dcl,dcl
r,r
w,w
hv,hv
r,r
ix,ax
ix,ix
w,w
dcl,dcl
axr,er
iy,iy
kcl,kcl
d,d
n,n
r,r
m,n
ix,ix
ux,ux
s,s
aa,aa
gcl,gcl
t,t
ch,z
s,s
aw,aw
nx,n
ax-h,q
m,m
er,er
en,n
s,s
ix,ih
tcl,tcl
s,s
r,r
s,s
kcl,tcl
k,k
f,f
s,s
n,n
q,q
iy,iy
k,k
dh,tcl
l,w
dcl,kcl
g,dx
p,th
gcl,gcl
dx,dcl
n,dx
k,k
l,l
ao,ax
gcl,v
w,w
ih,axr
pcl,tcl
dcl,dcl
ix,ix
s,t
s,s
ix,ix
jh,jh
iy,iy
ey,ey
ey,ey
aa,ao
ae,ae
n,n
dx,dx
iy,iy
s,ch
ng,ng
em,n
iy,ey
tcl,kcl
ix,ix
er,axr
iy,iy
dh,dh
f,z
er,er
p,p
dh,d
dx,dx
r,r
ix,ix
pcl,kcl
r,r
ax,r
s,s
ay,ay
ng,ng
ix,ix
ey,ey
s,s
en,ix
zh,dcl
s,z
m,m
n,n
t,t
w,w
z,z
sh,sh
t,t
l,l
l,l
l,el
gcl,n
th,th
z,z
s,s
el,ax
m,en
ah,ah
iy,iy
d,kcl
ow,ao
jh,jh
tcl,tcl
ey,eh
ah,aa
pcl,kcl
dcl,dcl
n,n
ix,ux
pcl,pcl
l,l
ux,ux
s,s
dh,dx
hh,hh
q,q
eh,eh
f,f
kcl,kcl
hh,hh
nx,n
ae,ae
hv,hv
k,k
w,w
ax,l
ey,iy
g,g
iy,iy
axr,q
n,iy
ch,jh
kcl,kcl
q,ax
q,q
eh,eh
zh,sh
g,g
l,l
bcl,bcl
t,t
k,k
iy,iy
bcl,pcl
k,k
dcl,d
ux,ux
ao,ao
ux,ux
ng,ng
g,k
r,r
r,r
m,m
eh,ae
kcl,kcl
k,t
er,er
aa,ao
n,n
n,n
y,y
aa,aa
pcl,tcl
dcl,dx
l,l
n,n
k,k
ix,ix
s,s
n,n
k,k
ah,l
l,l
z,s
dx,dx
kcl,tcl
dh,l
g,k
axr,axr
jh,ch
er,axr
ch,ch
m,n
dh,q
ax,ax
r,r
k,k
aa,aa
nx,n
uh,ao
s,s
r,r
ix,iy
ih,ux
ay,aa
axr,ix
s,s
ax,ax
aa,aa
z,z
hv,hh
l,l
f,f
ao,aa
d,dh
ay,ay
t,dh
eh,ah
ah,ah
tcl,kcl
n,n
eh,eh
dh,t
v,v
er,r
zh,sh
hh,hh
ux,ux
ux,er
tcl,tcl
ax,ih
aa,aa
ay,ay
dx,dx
ae,ae
iy,iy
pcl,pcl
z,z
ey,ey
ih,ih
ng,ng
ng,ng
kcl,kcl
p,p
q,q
s,s
eh,eh
dx,dx
pcl,tcl
ux,ux
n,n
ax,ax
uw,ux
ux,ux
s,s
l,l
y,jh
n,n
ae,ae
ae,ae
gcl,n
eh,eh
dcl,dcl
tcl,tcl
ey,ey
tcl,tcl
tcl,kcl
tcl,kcl
dh,dh
ng,n
ax,r
ix,r
ih,eh
pcl,tcl
k,k
l,l
eh,eh
tcl,pcl
ix,ax
eh,ae
ix,ix
iy,iy
l,l
t,d
s,s
k,k
n,n
s,s
tcl,dx
iy,iy
l,el
ax,l
w,w
tcl,tcl
q,q
ae,ey
ey,ey
p,p
pcl,dcl
iy,iy
z,s
sh,sh
ay,ay
sh,sh
bcl,bcl
w,w
q,th
sh,z
r,r
dcl,dcl
ae,ae
n,n
s,s
iy,iy
sh,sh
aa,ah
iy,iy
ix,ix
sh,sh
ix,ix
y,iy
n,q
l,l
w,w
ay,ay
l,l
z,s
ah,ax
r,r
dh,dh
t,t
w,w
tcl,tcl
m,m
n,n
tcl,n
m,ng
y,y
uh,ih
aa,l
n,n
ey,ey
z,z
r,r
v,v
kcl,kcl
k,k
hv,kcl
sh,sh
r,aa
t,t
s,s
n,n
s,s
tcl,dcl
dx,dx
axr,axr
ix,iy
el,ow
tcl,dcl
ao,ow
axr,axr
tcl,tcl
ix,ix
ao,ao
ae,ae
r,r
pcl,kcl
n,en
n,n
w,w
bcl,m
ow,ow
aa,ay
iy,ih
ae,eh
ix,ih
z,z
m,m
n,n
s,s
tcl,tcl
r,ao
ix,ih
kcl,kcl
ae,ae
th,f
ng,ng
kcl,kcl
m,k
er,ao
ay,ay
w,w
r,r
th,f
kcl,kcl
th,f
uw,uw
n,n
en,ix
ay,ay
z,sh
ah,ah
t,t
z,z
ux,ix
ix,ux
l,l
iy,iy
er,er
l,l
kcl,tcl
s,s
nx,n
ao,ay
axr,axr
ae,ae
w,w
aa,aa
s,s
gcl,ng
sh,sh
ao,ao
ax,ah
kcl,kcl
s,s
w,m
f,f
ng,ix
v,v
r,r
n,n
k,k
iy,iy
pcl,v
aw,ow
gcl,dcl
kcl,kcl
dcl,dcl
eh,ae
kcl,kcl
kcl,kcl
r,r
ey,ey
em,axr
ih,ih
er,er
ah,ow
l,l
gcl,q
ey,ey
t,t
iy,iy
iy,iy
ih,iy
z,z
ix,ux
tcl,dx
iy,iy
p,p
er,axr
s,s
k,k
ow,ow
tcl,tcl
iy,iy
z,s
ix,ix
dx,dx
w,w
em,nx
n,n
gcl,dcl
ax,aa
axr,axr
p,p
l,r
kcl,kcl
ah,ah
k,k
ay,ay
r,r
ih,ih
axr,r
n,n
l,m
w,w
axr,axr
tcl,tcl
ax,ax
m,m
iy,iy
tcl,kcl
w,w
r,r
ax,ix
th,f
ao,el
ix,r
k,k
f,f
ah,eh
ch,ch
y,y
ax,ix
eh,eh
ow,ow
s,s
s,s
hh,hh
tcl,tcl
kcl,kcl
ax,ax
b,p
d,t
q,q
tcl,tcl
y,y
r,r
q,q
axr,er
ao,ao
q,q
ae,ae
ax,ao
nx,n
dcl,dh
iy,iy
n,n
en,n
s,s
ax,l
t,t
ao,w
f,f
ih,r
tcl,pcl
dh,m
ow,ow
er,axr
ix,iy
k,t
hh,hh
axr,axr
iy,iy
tcl,ax-h
ey,ey
q,q
ix,ix
tcl,pcl
eh,ih
ey,ey
ah,aa
ey,ey
n,n
w,w
er,er
uh,ah
z,s
iy,iy
dcl,dcl
hv,hv
f,f
jh,jh
f,f
kcl,kcl
r,r
l,l
ey,ey
nx,n
kcl,kcl
gcl,gcl
ih,ih
k,k
s,s
iy,iy
t,k
ix,ix
ow,l
iy,iy
d,dh
aa,ao
nx,n
iy,iy
ae,ae
ux,r
jh,jh
t,t
ix,ix
ow,ow
r,r
z,z
p,p
r,r
ah,ax
kcl,kcl
ay,ay
tcl,tcl
f,f
z,dcl
nx,n
y,y
pcl,kcl
l,l
y,jh
tcl,tcl
s,s
dh,dcl
g,k
sh,sh
ow,ao
ih,ih
hh,hh
t,t
sh,s
n,n
iy,iy
ah,r
m,n
dcl,dcl
nx,nx
z,z
p,p
ng,n
dx,dx
n,n
dh,t
w,w
en,ux
ix,ix
m,w
kcl,kcl
k,k
iy,iy
pcl,tcl
uh,l
tcl,tcl
n,ng
ae,ae
kcl,kcl
n,n
ao,aa
axr,axr
ey,ey
g,ix
s,s
f,f
ng,m
z,z
v,v
kcl,kcl
dh,v
s,s
ix,ax
dh,dh
dh,dh
axr,er
dx,v
aa,aa
s,s
eh,eh
iy,iy
axr,axr
sh,s
z,s
hv,hv
aa,aa
axr,ih
hh,hh
s,s
iy,ix
pcl,pcl
ax,ix
s,s
kcl,kcl
aa,aa
tcl,tcl
g,g
s,s
dcl,gcl
tcl,tcl
dh,ax-h
ax,ax
m,n
ow,ow
ix,n
kcl,kcl
z,z
t,k
en,en
ay,r
ao,q
kcl,kcl
s,s
eh,ix
ao,ow
ih,ih
l,l
ix,ix
dh,t
ao,ao
l,l
f,f
th,s
r,r
bcl,dcl
th,f
ix,q
iy,iy
ix,ix
hv,l
tcl,tcl
gcl,gcl
p,d
iy,iy
p,p
iy,iy
dh,k
w,w
ae,ae
eh,eh
s,s
s,s
ih,iy
ih,ih
axr,axr
l,w
ay,ay
ao,ao
d,t
r,r
sh,s
w,w
l,l
ey,ey
f,f
el,ow
ix,ix
n,n
f,f
tcl,tcl
zh,y
ix,ix
ae,ae
axr,axr
ao,ay
eh,eh
ae,ae
ih,ah
q,q
ow,ow
l,l
iy,iy
s,s
ix,ax-h
kcl,kcl
iy,iy
nx,n
ae,ae
l,l
t,k
dcl,dcl
ax,ix
r,r
ay,ay
kcl,kcl
p,p
axr,axr
dcl,dcl
dh,th
ow,ow
ae,ae
gcl,gcl
p,p
uh,axr
ix,ix
n,n
kcl,kcl
q,q
iy,r
q,q
axr,axr
ix,iy
ch,jh
ix,ix
n,n
hv,hv
p,p
t,t
ix,ix
w,w
l,r
z,z
axr,axr
ax,ix
ax,l
en,n
eh,axr
z,z
s,sh
r,r
l,ix
dcl,dcl
iy,iy
n,n
v,v
k,k
ao,aa
hh,p
eh,eh
t,ch
ow,ow
ih,ih
n,n
q,w
n,ix
w,w
gcl,gcl
s,s
r,r
uh,ux
ah,ah
er,er
dcl,dcl
s,s
pcl,bcl
ax-h,ax-h
r,axr
ih,ux
r,r
z,z
f,f
g,d
ey,ey
t,d
s,z
jh,ch
axr,axr
kcl,kcl
ix,ix
ix,iy
ow,ow
v,v
ix,ih
eh,eh
eh,eh
ix,eh
dh,d
r,r
iy,iy
t,t
ao,ow
n,n
ae,ae
iy,iy
k,k
v,v
v,l
el,el
q,ax
m,m
tcl,tcl
pcl,pcl
ao,ao
l,l
ng,n
m,m
ix,ux
sh,sh
eh,ae
eh,eh
r,r
z,s
dcl,bcl
sh,ch
l,l
s,s
ih,ix
r,r
oy,oy
tcl,tcl
m,m
iy,iy
tcl,kcl
ae,ae
w,w
q,q
s,s
n,n
sh,sh
aa,ah
ax,n
axr,axr
tcl,kcl
ix,ah
hh,hh
er,axr
gcl,dcl
ao,ao
m,m
tcl,tcl
iy,iy
iy,iy
q,q
z,sh
r,r
axr,er
zh,s
k,k
s,s
k,k
ih,ih
dcl,gcl
dh,hh
axr,r
aa,ae
p,sh
iy,iy
l,l
aa,ay
tcl,dcl
tcl,tcl
ix,iy
w,w
axr,ah
er,er
ah,r
ow,ao
n,ng
t,t
s,s
iy,iy
ch,ch
w,w
ix,ix
k,k
s,s
y,y
axr,axr
ix,iy
dcl,dcl
eh,r
l,l
y,ix
t,t
ng,dcl
s,s
ix,eh
k,k
f,f
gcl,dcl
l,l
tcl,kcl
ax,ix
ax,l
l,l
pcl,kcl
s,s
s,s
el,ow
ih,iy
l,l
kcl,tcl
ix,ix
tcl,m
ay,ay
n,n
tcl,gcl
ix,eh
sh,sh
aa,aa
gcl,kcl
iy,iy
iy,ix
s,s
eh,ae
s,s
er,axr
l,l
bcl,dx
g,t
s,z
s,z
iy,iy
nx,dx
tcl,tcl
n,n
oy,oy
n,n
k,k
z,s
axr,r
dcl,dcl
ih,ih
n,m
er,er
z,z
ax,ax
m,n
n,m
ng,ng
ae,ah
q,q
tcl,kcl
ao,ao
bcl,bcl
r,r
ih,ih
eh,eh
ih,ix
bcl,dcl
t,p
ax,l
axr,r
iy,ix
k,k
v,v
hv,q
v,v
dcl,dcl
ae,ae
m,n
p,dh
tcl,kcl
kcl,kcl
axr,axr
m,w
n,n
ix,ix
tcl,kcl
iy,iy
ax,l
y,y
tcl,pcl
nx,dx
tcl,tcl
t,jh
dx,q
eh,eh
dcl,dcl
p,dx
er,er
ey,er
ix,ix
ix,ih
eh,eh
r,r
dcl,bcl
ux,ix
ax,ax
ao,ao
gcl,dcl
t,dh
ah,l
f,f
l,w
ao,ao
v,v
dcl,pcl
n,n
r,l
ow,aw
iy,iy
kcl,kcl
r,r
w,l
l,w
iy,iy
m,m
kcl,tcl
aa,aa
z,z
iy,y
gcl,gcl
hh,hh
bcl,bcl
bcl,bcl
f,pcl
sh,sh
n,n
s,s
el,w
eh,eh
dh,dh
pcl,dcl
l,l
n,n
m,m
ow,ow
ey,ey
ao,aa
aw,ow
p,p
ah,ah
ah,ah
ax,ax
p,f
n,n
n,n
ae,ae
iy,iy
tcl,y
s,s
ey,ey
eh,eh
ix,ix
ix,ey
gcl,gcl
ix,ix
en,n
er,r
n,n
m,m
ix,iy
jh,jh
q,q
el,el
dcl,dcl
g,g
m,n
iy,iy
l,l
iy,iy
ao,ao
s,s
s,s
q,k
s,s
sh,sh
aa,ao
ae,ae
ng,ng
d,dx
n,n
y,y
dcl,dcl
iy,iy
q,q
ao,ao
ae,ae
aa,aa
m,m
ae,ae
hv,hv
k,g
ow,ow
z,s
ih,ih
ix,ix
pcl,tcl
m,m
aa,ao
dx,dx
jh,jh
ah,eh
dx,dx
axr,r
ix,ix
n,n
eh,eh
p,p
l,ih
aw,ah
sh,sh
s,t
ao,aa
w,l
ix,ix
r,r
g,k
ae,ay
p,p
jh,jh
n,ng
axr,axr
aa,aa
el,n
dh,v
n,n
el,el
hv,hv
t,t
ow,ow
l,l
f,f
gcl,gcl
p,hh
ih,ux
dcl,dcl
ih,iy
ao,ow
uh,l
w,w
ow,ow
kcl,kcl
ih,iy
r,r
eh,eh
iy,iy
el,ax
ay,ay
dcl,dcl
ao,ao
ay,ao
axr,axr
ux,ux
r,r
z,s
r,r
aa,aa
ix,ix
g,k
er,er
r,r
z,s
s,s
l,w
r,r
axr,r
eh,eh
n,n
s,s
n,m
f,f
z,z
ah,ah
n,n
ux,ix
aa,aa
p,p
dh,z
k,t
r,r
k,k
r,ay
er,axr
el,w
w,w
el,ao
t,t
v,v
tcl,tcl
ix,eh
ix,ix
k,k
k,k
tcl,kcl
iy,ix
n,n
r,r
ao,l
t,d
ng,ng
iy,iy
tcl,tcl
ih,eh
m,n
ax,ax
ae,ae
ax,ax
m,m
t,t
p,p
l,l
k,k
t,t
n,n
dh,dx
ao,w
ix,ix
iy,iy
er,r
pcl,pcl
k,k
iy,ey
v,dh
y,q
gcl,kcl
m,m
ux,ix
n,n
ey,ey
f,th
t,t
kcl,kcl
sh,sh
l,l
f,f
ix,ix
m,n
q,q
ux,ux
z,z
p,p
k,k
iy,iy
ey,ey
v,k
tcl,tcl
gcl,gcl
ay,ay
ow,ow
s,s
er,er
kcl,tcl
gcl,gcl
k,k
iy,iy
l,l
kcl,tcl
n,nx
hv,hv
v,v
ng,ng
bcl,bcl
ih,iy
tcl,kcl
ih,ih
aa,aa
axr,er
z,z
tcl,tcl
ow,ow
iy,iy
n,dcl
g,t
aa,aa
s,s
m,n
r,r
bcl,bcl
bcl,bcl
tcl,kcl
w,w
eh,ih
aa,aw
hh,hh
l,l
aa,aa
iy,iy
r,r
s,s
pcl,pcl
l,ax
g,g
ow,ow
aa,ah
eh,eh
uw,w
ao,ao
kcl,kcl
s,s
iy,l
w,w
ix,eh
kcl,tcl
ix,ix
axr,axr
v,tcl
ae,ae
g,k
el,hv
t,t
s,f
ax,r
n,n
ae,ae
iy,iy
s,s
l,l
ay,ay
d,jh
z,f
r,r
w,w
d,t
s,s
l,l
ux,ux
ax,ax
bcl,dcl
q,ix
hv,m
r,l
ix,ux
ix,eh
m,m
r,r
axr,axr
g,g
l,ow
aa,ao
dcl,dcl
hv,hv
y,y
oy,oy
iy,ix
n,n
s,s
s,s
ih,iy
r,r
z,z
s,s
p,p
kcl,pcl
ae,ae
ey,ey
bcl,l
n,n
ey,ey
s,s
ix,ix
ix,iy
ih,ix
aa,ay
kcl,tcl
n,n
bcl,pcl
ah,aa
q,q
iy,iy
pcl,pcl
iy,iy
ax,l
m,l
dcl,dcl
ix,ix
m,gcl
k,k
n,n
ix,ix
aa,ao
p,p
m,m
z,z
kcl,kcl
kcl,kcl
bcl,tcl
v,v
l,ax
m,m
iy,ix
tcl,tcl
eh,ae
axr,er
ah,ix
iy,iy
ih,ih
w,w
t,t
hv,hv
iy,iy
w,w
ey,eh
ax,ax
y,n
n,n
dh,w
er,er
k,k
ix,ix
iy,iy
axr,r
ix,ix
s,s
iy,iy
axr,er
ih,ih
dh,dx
ix,ix
axr,axr
s,s
iy,iy
kcl,kcl
ix,ix
ih,ix
iy,iy
l,l
kcl,kcl
iy,iy
iy,iy
tcl,tcl
n,n
n,r
f,th
ao,ao
dcl,dcl
dcl,dcl
aa,aa
ih,ix
ay,ay
ae,ae
g,k
axr,axr
ux,ux
tcl,tcl
ix,ix
p,p
sh,sh
tcl,tcl
z,s
n,n
tcl,en
ey,ey
dh,dh
ow,ao
ax,ax
iy,y
kcl,kcl
ay,ay
ax,ax
bcl,bcl
ix,ix
hv,hv
s,z
iy,ih
k,k
z,z
ux,ux
r,eh
aa,aa
l,l
ey,ey
z,s
t,t
w,gcl
t,t
tcl,dcl
n,n
z,z
er,er
ah,ah
s,s
n,n
iy,iy
t,d
ax,ax
eh,eh
p,k
el,ah
m,n
ix,ix
m,n
kcl,kcl
sh,s
axr,axr
t,t
l,l
iy,iy
kcl,dcl
w,w
ao,ao
ih,ah
y,y
s,f
r,v
bcl,dcl
s,s
ow,ow
tcl,dcl
k,k
q,q
r,axr
ey,ey
r,axr
er,er
r,r
bcl,tcl
ae,ae
oy,oy
n,n
hv,hv
t,th
kcl,kcl
t,t
s,s
n,n
f,f
t,dh
s,s
z,z
ah,ah
eh,ix
g,k
p,p
gcl,gcl
ae,ae
m,m
ih,eh
z,z
ae,ae
ow,ao
k,k
ix,axr
axr,er
axr,axr
aa,aa
er,er
r,r
ih,ih
f,f
ay,ay
hv,hv
ay,eh
er,r
s,s
ih,ih
w,w
y,y
r,r
dx,dx
t,d
l,l
ay,ay
ch,s
s,s
dcl,tcl
q,q
iy,iy
ae,ae
s,s
ax,ax
iy,iy
v,v
l,l
n,n
ey,iy
s,s
hv,hv
kcl,kcl
v,v
ih,eh
ae,ae
en,n
w,w
kcl,tcl
f,f
ow,aa
dcl,kcl
l,l
axr,axr
q,q
ao,ao
z,s
dh,ax-h
sh,sh
y,y
hh,dcl
ix,ix
s,s
l,ao
eh,eh
k,k
ow,ow
dx,dcl
aw,aw
ih,ih
f,f
ix,ix
sh,sh
q,q
k,k
er,r
ey,ey
m,n
k,k
er,er
tcl,dcl
ow,ow
ow,ah
ao,ay
ow,ow
hh,dcl
uw,uw
p,p
k,s
s,s
n,ix
ng,n
ix,ih
pcl,dx
sh,sh
s,s
gcl,dcl
iy,iy
tcl,tcl
aa,aa
n,en
ih,er
th,k
q,w
ax,l
v,v
dcl,dcl
sh,sh
ix,ix
p,k
ay,ay
ix,iy
hv,hv
w,w
ux,ix
pcl,dcl
ae,ae
ih,ih
ae,ae
ix,ix
tcl,kcl
k,k
sh,sh
y,y
hv,hv
dcl,tcl
v,dh
ih,ih
aa,aa
ih,ih
r,r
dx,dx
d,t
m,dcl
hv,hv
n,n
l,l
l,l
ix,ax
n,n
q,q
iy,iy
s,s
n,n
iy,iy
r,r
ay,ay
ih,ih
t,t
r,r
ey,ae
m,m
ix,iy
dh,dh
sh,sh
eh,eh
ax,ax
ay,ay
r,r
m,n
axr,r
m,m
ae,ae
ow,aa
ae,ae
l,l
ix,ix
sh,sh
k,w
p,p
ax,ix
m,m
n,n
bcl,n
iy,iy
dcl,dcl
q,q
r,r
z,z
w,w
z,z
th,kcl
ux,ux
hv,hv
ae,ae
ih,ih
ih,ux
aw,l
r,r
l,l
bcl,dcl
ix,ix
w,w
n,m
r,r
w,w
w,w
z,z
sh,sh
l,l
w,w
aa,aa
s,s
l,l
kcl,kcl
dx,dx
bcl,bcl
zh,jh
k,t
ih,er
aa,aa
aa,ao
axr,r
ay,ay
n,r
ae,ae
eh,eh
v,n
l,l
ix,axr
t,d
kcl,kcl
f,f
l,ah
dcl,dcl
t,k
tcl,tcl
w,w
axr,axr
v,z
axr,axr
er,axr
t,k
w,r
iy,ix
kcl,kcl
v,v
p,p
tcl,kcl
dx,dx
dcl,dcl
bcl,bcl
q,q
s,z
kcl,kcl
q,q
aw,aw
l,l
ax,l
ow,eh
kcl,kcl
bcl,bcl
w,w
iy,iy
t,t
y,y
ey,ey
ng,ng
s,s
hv,hv
ax-h,hh
l,l
r,r
iy,iy
p,p
v,hv
kcl,kcl
y,ih
ix,ix
iy,iy
aa,aa
k,k
iy,iy
tcl,tcl
l,l
ao,ao
s,s
ay,ay
z,z
ow,ow
dcl,dcl
uh,ax
ao,aa
ax,ax
t,jh
tcl,tcl
iy,iy
ix,ix
z,s
er,er
ay,ay
gcl,gcl
iy,iy
ch,ch
er,er
r,r
el,l
dx,ng
n,nx
m,m
k,k
v,tcl
dcl,m
ah,ah
n,n
ih,ih
ch,ch
n,n
m,n
nx,nx
axr,er
l,l
nx,n
z,z
pcl,kcl
ao,ao
ng,ng
iy,iy
s,sh
sh,sh
t,t
p,p
iy,iy
axr,r
ch,ch
dh,w
dx,dx
gcl,gcl
tcl,kcl
dx,dcl
gcl,ng
ih,ey
er,er
ax,ih
q,q
gcl,dcl
tcl,tcl
dcl,dcl
ix,ih
ah,ah
iy,iy
r,r
tcl,tcl
axr,axr
hv,hv
ae,ae
q,q
g,g
dcl,dx
r,r
jh,g
ah,ah
z,s
b,p
ux,iy
g,k
ay,ay
ow,el
kcl,kcl
r,axr
l,l
kcl,kcl
t,k
ax,ix
w,w
iy,iy
ao,ao
k,k
er,er
q,q
k,k
s,s
tcl,kcl
r,r
bcl,bcl
eh,eh
axr,er
g,g
tcl,tcl
t,t
ah,ah
dx,dx
f,f
sh,sh
hv,hv
kcl,kcl
r,r
f,f
ax,ax
kcl,kcl
m,dcl
pcl,w
ax,ah
g,k
y,y
kcl,kcl
kcl,gcl
ux,ux
f,f
ix,q
ey,ey
en,en
s,s
ix,ix
tcl,kcl
gcl,dcl
s,s
iy,iy
sh,sh
ax,ae
gcl,dcl
g,g
q,q
q,q
r,r
ix,ix
r,r
s,z
gcl,gcl
ey,ey
s,s
aa,aw
dx,dx
r,r
p,p
ux,ux
aa,r
ae,eh
m,n
r,r
n,n
iy,iy
z,s
tcl,kcl
tcl,dcl
kcl,pcl
s,ch
pcl,bcl
ay,ay
ih,ih
ae,ae
q,q
ay,ay
q,q
ux,ux
ey,ey
k,k
eh,eh
ao,ao
p,p
s,s
z,z
z,s
gcl,gcl
sh,sh
pcl,tcl
n,n
q,ix
v,v
bcl,en
p,hh
ax,ax
l,l
v,v
m,n
kcl,tcl
aa,aa
s,s
r,r
r,r
r,r
m,m
n,n
v,ax
k,k
oy,oy
ih,r
tcl,kcl
ax,ux
s,sh
tcl,kcl
dcl,dcl
f,dh
dcl,tcl
s,ch
ix,eh
ae,ae
q,q
z,z
ix,ix
r,r
q,kcl
ao,ow
el,q
hh,hh
n,n
ng,n
ih,uh
sh,sh
r,r
eh,axr
ah,ah
l,l
l,r
dcl,dcl
kcl,kcl
f,th
ay,ay
ix,ix
sh,sh
ih,ih
sh,sh
axr,r
eh,eh
kcl,kcl
pcl,pcl
z,s
p,p
t,ch
l,ax
pcl,tcl
dx,dx
k,k
n,ng
iy,iy
iy,iy
ay,ay
axr,axr
kcl,pcl
r,w
dcl,dcl
dcl,dcl
g,k
r,r
sh,sh
axr,axr
iy,iy
gcl,gcl
iy,iy
eh,r
iy,iy
el,l
d,t
axr,r
axr,axr
aa,aa
l,l
tcl,tcl
eh,eh
l,nx
dh,dh
gcl,kcl
er,er
eh,ae
ao,aa
axr,r
kcl,kcl
ey,iy
tcl,kcl
ux,iy
ix,ix
z,z
y,y
w,w
s,s
th,th
w,w
n,n
k,k
p,bcl
s,s
n,n
dcl,f
p,p
er,er
n,n
tcl,tcl
s,s
aa,ay
eh,eh
dcl,tcl
dcl,dcl
ix,axr
y,iy
ow,ow
iy,iy
s,s
el,ax
m,m
ax,ax
q,ax
dcl,gcl
n,n
ow,ow
f,f
l,q
t,t
p,k
ix,ix
n,n
dcl,tcl
ao,ao
ix,ix
p,p
el,w
ux,ih
ow,aa
r,r
p,p
k,k
s,s
iy,iy
l,l
s,s
kcl,kcl
ay,ay
uw,aa
ao,ao
pcl,pcl
r,r
hv,hv
g,g
ah,ah
dx,dx
iy,iy
r,r
t,t
ih,eh
ah,l
iy,iy
axr,axr
s,s
n,dcl
w,w
iy,iy
ah,l
z,z
b,p
er,ae
ix,ih
f,f
y,y
axr,er
s,s
ae,ae
r,r
n,n
dcl,dcl
er,er
g,k
dh,dh
zh,dx
r,r
aa,aa
gcl,n
sh,sh
gcl,dcl
ux,ux
ih,ih
m,n
nx,dx
ae,ae
s,t
d,t
ax,ax
q,q
kcl,kcl
q,q
n,ax
l,l
er,er
k,k
el,el
tcl,tcl
ih,ix
dcl,dx
z,s
w,w
kcl,kcl
iy,iy
ah,ah
ux,ux
sh,sh
g,g
ih,ih
r,r
ah,ae
p,p
l,l
ih,q
v,v
ae,ae
tcl,kcl
dh,d
ix,iy
m,m
s,s
z,t
tcl,tcl
kcl,kcl
r,r
ae,ae
q,q
el,ao
kcl,kcl
eh,eh
ix,iy
tcl,tcl
ay,ay
bcl,bcl
y,l
en,gcl
ah,ah
iy,iy
ih,ah
t,t
ih,eh
iy,iy
hv,hv
axr,axr
iy,iy
n,n
er,er
t,t
bcl,bcl
aa,ay
tcl,kcl
dcl,dcl
y,y
r,r
s,s
ax,ax
s,s
eh,ix
ih,ih
iy,ix
em,m
l,l
dcl,dcl
tcl,gcl
y,y
s,s
sh,sh
r,r
ao,ao
ng,ng
gcl,gcl
tcl,kcl
ax,w
t,t
dx,dx
ao,ao
w,w
ix,ix
ix,y
axr,er
m,n
el,l
kcl,tcl
ah,eh
ae,ae
iy,iy
dcl,dcl
ih,q
tcl,tcl
kcl,pcl
tcl,kcl
s,s
p,p
axr,axr
ae,ay
ng,ng
ao,aa
n,n
z,s
w,w
ih,ih
iy,iy
ow,ao
tcl,tcl
s,s
ah,l
ow,el
ix,ix
n,n
m,m
ay,ay
ch,jh
r,r
zh,zh
r,r
w,w
iy,iy
iy,iy
v,v
l,l
axr,er
z,z
oy,oy
ay,ay
uw,ux
d,t
bcl,dcl
t,t
tcl,kcl
ae,ae
s,z
g,g
r,axr
aa,aa
z,s
aa,r
tcl,tcl
l,l
t,t
g,g
pcl,tcl
gcl,gcl
ah,aa
ae,eh
s,s
n,n
axr,axr
iy,iy
kcl,kcl
eh,eh
tcl,tcl
ix,ix
ax,ax
jh,jh
eh,eh
axr,er
kcl,kcl
ay,ay
q,eh
tcl,q
dx,dx
iy,iy
l,l
er,r
l,l
kcl,kcl
ix,eh
el,ao
l,l
ow,ow
ih,ae
m,m
nx,n
er,axr
n,n
pcl,tcl
ih,ih
ax-h,kcl
sh,ch
w,w
nx,l
aw,ae
dcl,dcl
ow,ow
q,q
m,n
ae,ae
en,n
l,ix
ae,ae
z,s
dcl,dcl
r,r
eh,eh
n,n
er,er
s,s
p,th
iy,iy
n,n
ih,iy
n,n
t,t
iy,ae
r,r
iy,iy
y,ih
iy,y
l,l
dh,dh
sh,sh
f,f
g,k
s,s
tcl,kcl
y,n
f,f
z,z
jh,t
iy,iy
sh,sh
iy,iy
axr,ux
s,s
iy,iy
pcl,kcl
er,er
t,t
dx,dx
ah,ah
ih,eh
r,r
tcl,dcl
r,r
n,n
tcl,dcl
ih,ih
ih,ih
ah,ah
ae,ae
s,s
ax,ax
eh,ae
ax,ax
n,n
d,g
ix,n
nx,n
ao,ao
ax,ax
v,v
w,w
iy,iy
kcl,q
ux,ux
axr,r
n,n
n,n
w,w
s,z
ih,ix
ah,ah
r,r
axr,axr
r,r
ix,iy
tcl,tcl
ah,eh
s,s
nx,nx
tcl,kcl
nx,n
ao,w
r,r
t,d
q,q
ih,ey
m,n
ae,ae
dx,dx
g,g
m,n
l,l
ao,ao
w,w
n,n
l,w
ae,ae
ih,ix
ey,ey
s,s
aw,ae
d,t
kcl,r
dcl,dcl
bcl,pcl
gcl,gcl
ay,ay
uw,uw
tcl,tcl
ae,ae
ih,eh
p,p
m,dcl
ow,ow
sh,sh
dh,r
pcl,pcl
tcl,kcl
gcl,kcl
q,q
eh,eh
n,n
m,m
sh,sh
r,r
r,r
z,z
aa,aa
gcl,dcl
k,k
kcl,kcl
tcl,tcl
axr,axr
ow,ow
bcl,bcl
sh,sh
ao,ao
tcl,tcl
iy,iy
ix,ax
ae,ah
dh,dh
ax,n
m,m
y,y
ix,iy
g,g
l,q
ch,t
m,m
axr,r
q,ix
ax,ax
axr,r
m,n
f,f
gcl,dcl
m,m
ay,ay
tcl,kcl
r,r
iy,iy
gcl,kcl
jh,jh
w,w
f,f
r,r
k,k
ix,ix
y,y
ix,ix
t,t
v,v
tcl,kcl
v,hv
g,k
gcl,dcl
dx,dx
f,f
ae,eh
l,w
eh,eh
sh,sh
iy,ey
dx,dx
g,k
gcl,gcl
ng,gcl
bcl,dcl
ae,ae
d,t
bcl,bcl
axr,axr
pcl,v
el,w
sh,sh
ch,ch
tcl,tcl
p,p
ae,ae
ng,ng
s,s
s,s
aa,aa
ih,n
ey,ey
er,er
tcl,tcl
g,g
r,ix
ah,ow
n,ng
pcl,tcl
dcl,dcl
dx,dx
iy,ey
jh,jh
en,n
ey,iy
ay,ay
l,l
pcl,pcl
iy,iy
iy,iy
hh,hv
ih,iy
ah,eh
t,t
l,n
s,s
t,t
ow,ow
ae,ae
s,s
l,w
gcl,dcl
eh,eh
l,ix
kcl,kcl
q,q
r,m
q,q
m,n
n,n
kcl,kcl
axr,ih
ih,ih
t,t
ih,ih
ax,ax
dcl,dcl
l,l
p,p
pcl,tcl
ax,ah
ae,ay
pcl,th
eh,ix
y,iy
n,n
v,v
ix,eh
ix,ix
dx,dx
ix,ix
n,n
ix,ix
hv,hv
g,k
iy,iy
q,q
y,y
iy,iy
m,n
kcl,kcl
gcl,gcl
t,d
iy,iy
ow,ow
s,s
kcl,kcl
eh,eh
er,er
ao,ah
ow,ow
t,dh
k,k
nx,nx
v,v
ax,ix
axr,r
r,r
l,l
axr,ih
ao,ow
ix,ux
eh,eh
s,s
l,r
ay,ay
k,k
dcl,v
l,l
m,n
bcl,dcl
kcl,kcl
ao,ao
n,m
oy,oy
s,s
ch,ch
n,tcl
dcl,dcl
w,w
axr,r
axr,dx
ih,ax
r,r
ux,iy
ah,ah
v,v
z,z
kcl,kcl
iy,iy
k,k
gcl,pcl
kcl,kcl
ng,n
eh,eh
dcl,dx
er,er
tcl,kcl
n,dx
ix,ix
n,n
aa,aa
sh,sh
ih,ax
t,d
s,s
n,n
ix,ix
dcl,dcl
tcl,tcl
k,k
q,q
n,ng
tcl,tcl
iy,y
r,r
p,p
ix,ix
l,l
tcl,dx
eh,ae
jh,t
ey,ey
kcl,tcl
eh,eh
pcl,pcl
ih,ih
axr,axr
n,n
bcl,bcl
l,l
kcl,kcl
ae,ae
s,s
ae,ae
ah,ah
ih,ix
oy,aa
gcl,kcl
r,r
ix,ih
ch,ch
ax-h,ix
q,q
uw,q
ae,ae
ae,ae
iy,iy
dcl,dcl
n,n
ae,ae
z,z
f,f
y,iy
ax,ay
en,n
dcl,dcl
dx,dx
d,d
l,w
iy,iy
dcl,tcl
ix,ix
hv,hv
ay,ay
d,t
ey,iy
ix,ix
tcl,tcl
z,s
ix,n
t,t
z,z
ae,ae
l,l
aa,ay
l,l
r,r
m,n
kcl,kcl
ax-h,dcl
dcl,dcl
en,n
r,r
ih,er
kcl,pcl
el,el
t,t
kcl,hh
m,n
ah,ax
v,v
ix,ah
y,y
r,r
ax-h,ax
tcl,dcl
q,q
ax,l
er,ae
l,w
s,s
ow,ow
iy,iy
iy,iy
iy,ey
k,k
ix,ih
ae,ay
ao,aa
r,ix
b,p
ax,ix
ae,ey
s,s
n,n
iy,iy
f,f
ao,ao
ah,aw
s,s
k,k
l,ax
r,r
r,r
iy,iy
ow,ow
z,s
ae,eh
n,n
l,l
n,n
eh,ae
ix,r
ao,l
hh,hv
sh,sh
sh,ch
iy,iy
ae,ae
ax,ix
r,r
f,f
r,r
l,ix
r,r
ax,ix
ch,ch
d,t
y,y
er,er
y,y
sh,sh
ay,ay
pcl,kcl
l,l
kcl,kcl
ow,ah
ax,ax
ux,r
aw,ae
dx,dx
iy,iy
k,k
iy,iy
kcl,kcl
dcl,n
w,w
uh,ih
eh,eh
n,n
n,tcl
ih,iy
k,ax-h
m,m
n,dcl
tcl,tcl
s,s
en,en
k,k
z,z
axr,r
kcl,kcl
p,dh
r,r
iy,iy
ih,ih
ax,r
y,y
l,l
tcl,tcl
ih,eh
r,r
bcl,n
m,m
ao,r
aa,aa
en,n
bcl,pcl
s,s
ey,ey
ey,ey
ng,ng
r,r
ax,ax
n,n
w,w
l,ix
ax,ax
t,t
uh,ih
ch,t
dh,dx
tcl,dcl
n,n
hh,hh
d,dx
axr,axr
q,q
q,q
iy,iy
ey,ey
iy,ey
r,r
n,en
ix,ix
kcl,kcl
iy,iy
aa,ah
v,v
z,s
pcl,pcl
sh,sh
ae,ae
iy,iy
iy,iy
s,s
ow,ow
k,k
w,l
pcl,pcl
uh,ah
n,n
th,th
ao,ao
s,s
ih,ih
axr,axr
gcl,gcl
dcl,dcl
tcl,tcl
d,d
q,q
v,v
f,f
th,th
m,n
l,l
ay,ay
kcl,tcl
s,s
aa,aa
ih,iy
tcl,tcl
ae,ae
ch,z
sh,s
r,r
ey,ey
kcl,kcl
iy,iy
kcl,tcl
ax,axr
aa,aa
ix,ix
s,s
hh,hh
ux,r
ix,ix
ax,ah
ay,aa
ay,ay
w,w
n,gcl
v,v
m,m
s,s
v,dcl
ix,n
q,q
l,l
tcl,pcl
ix,ix
l,l
q,q
ax,ah
y,y
t,t
eh,ah
eh,ix
g,g
eh,eh
ix,ix
bcl,tcl
r,r
pcl,tcl
axr,r
b,p
s,s
iy,ux
iy,iy
l,l
hv,hv
l,l
pcl,bcl
n,n
ao,ao
ix,ax
v,v
axr,axr
aa,ao
s,s
s,s
iy,iy
ix,ix
n,n
aa,aa
jh,jh
g,g
gcl,dx
z,s
w,w
dx,dx
l,l
hh,hh
t,t
ix,ix
w,q
axr,q
uh,ah
iy,iy
l,l
p,p
dh,dh
t,t
t,k
q,q
ix,ix
s,s
ay,ay
dcl,dcl
iy,iy
m,m
ey,ey
ao,ao
aa,aa
l,l
sh,sh
eh,eh
pcl,tcl
r,r
m,n
dcl,dcl
ay,ay
eh,ey
axr,r
ih,eh
dx,dx
axr,ah
pcl,pcl
bcl,dcl
bcl,bcl
ax,ax
k,k
d,t
axr,axr
iy,iy
m,m
aw,aw
m,en
w,w
w,w
gcl,dcl
ao,ao
dcl,dcl
tcl,kcl
jh,jh
n,n
ix,ix
g,g
l,l
pcl,tcl
s,s
ae,ae
m,r
s,s
m,m
eh,eh
dcl,dcl
s,s
n,n
axr,r
dcl,dcl
ix,ah
kcl,kcl
s,z
k,k
l,l
er,er
n,n
iy,iy
aa,ao
w,w
ae,ae
kcl,tcl
gcl,n
tcl,tcl
z,z
y,y
ux,ux
l,w
t,t
p,p
axr,axr
w,w
ah,ah
m,m
l,l
gcl,kcl
pcl,kcl
ix,q
y,y
kcl,pcl
r,r
iy,iy
ae,ae
ae,ae
kcl,kcl
axr,axr
bcl,bcl
s,s
tcl,gcl
pcl,pcl
aa,ay
q,en
ah,ah
s,s
n,n
ow,ow
eh,ax
eh,eh
oy,ow
d,t
axr,axr
aa,ao
iy,iy
dh,ax
axr,er
r,r
t,k
iy,iy
ih,ey
ih,eh
ay,ay
dh,v
eh,eh
m,m
ey,ix
s,s
l,l
tcl,kcl
w,l
l,l
nx,n
er,er
ix,eh
ay,ay
gcl,gcl
v,v
f,f
ux,r
k,k
s,sh
th,dh
hh,ix
r,r
bcl,bcl
n,n
s,s
t,t
ao,ao
r,r
b,tcl
n,m
ih,ix
hh,k
kcl,kcl
ax,ix
n,n
iy,iy
r,r
p,k
q,q
ow,ow
tcl,kcl
er,aa
k,g
ix,ix
aa,aa
iy,ih
tcl,tcl
ix,l
r,r
eh,eh
kcl,kcl
tcl,tcl
g,g
ao,ao
t,t
k,k
v,v
y,y
iy,iy
m,m
tcl,kcl
z,s
p,p
z,z
ae,ae
p,p
ax,ix
s,s
eh,ey
g,k
th,th
kcl,tcl
v,v
f,f
er,r
t,t
gcl,k
f,f
ey,ey
ih,ih
dh,f
axr,axr
ix,r
sh,sh
er,er
ax,ax
ah,ah
r,r
axr,axr
ey,ey
pcl,tcl
ae,ae
iy,iy
n,dcl
ah,ix
tcl,kcl
v,v
ax,n
t,ix
iy,iy
n,ng
ay,ay
pcl,dcl
bcl,kcl
eh,ih
ih,ih
m,m
n,n
gcl,gcl
dh,v
er,axr
aa,ao
ih,ix
r,ix
hv,hv
m,n
m,m
ay,ae
er,eh
k,k
gcl,dcl
sh,sh
kcl,kcl
eh,eh
kcl,tcl
n,n
f,t
iy,q
ah,ah
jh,jh
sh,sh
kcl,kcl
ao,ao
w,l
ae,ae
dcl,dcl
ah,ah
el,l
m,n
iy,iy
eh,eh
el,el
ax,ix
d,d
ah,ah
r,r
pcl,pcl
kcl,dcl
s,s
d,dh
ay,ay
n,n
axr,er
ix,ux
ax,l
hh,hv
ao,ao
pcl,kcl
er,er
g,p
aa,aa
r,r
ax,ax
ao,l
pcl,pcl
ay,ay
kcl,gcl
s,s
k,k
sh,sh
ix,ix
eh,eh
dh,q
bcl,dcl
gcl,dx
th,f
tcl,kcl
axr,axr
ih,ih
sh,sh
k,k
w,w
iy,iy
w,l
eh,eh
hh,hh
t,dh
ae,ae
ng,ng
axr,er
m,w
s,s
w,l
aa,aa
er,r
eh,eh
t,t
tcl,dcl
l,l
v,v
r,r
kcl,kcl
dh,n
eh,eh
ax,ah
oy,oy
ix,ix
iy,iy
k,k
ux,ih
dcl,dcl
iy,iy
ao,aa
eh,ey
f,f
l,l
r,r
f,f
n,n
bcl,gcl
d,g
ng,n
ah,l
ix,ix
ae,ae
ay,ay
ao,ao
z,s
t,k
l,l
n,n
s,s
jh,jh
t,d
ix,eh
q,q
m,m
p,p
ix,ix
r,w
k,kcl
ah,aa
n,n
p,dh
ow,ow
sh,sh
ih,ih
ix,iy
y,y
v,v
hh,hv
jh,d
ae,ae
w,w
axr,er
ow,ow
f,f
l,l
ix,eh
iy,iy
ix,r
l,w
iy,iy
axr,axr
q,q
ih,eh
ix,ix
ix,eh
s,s
pcl,pcl
m,m
ax,ax
s,s
ih,r
jh,jh
aa,aa
bcl,v
ax,ix
sh,sh
kcl,tcl
ih,ih
aw,ah
tcl,tcl
ae,ae
k,k
eh,eh
ey,ey
iy,iy
n,m
aa,ao
n,n
m,m
kcl,kcl
r,r
eh,ae
y,r
pcl,pcl
iy,iy
eh,eh
hh,hh
t,dh
bcl,bcl
iy,iy
s,z
k,k
s,s
r,en
kcl,kcl
m,m
w,w
k,q
eh,eh
t,t
f,f
uh,ux
n,n
gcl,dcl
nx,v
y,y
m,m
n,n
kcl,pcl
axr,axr
ay,ay
eh,eh
ng,iy
z,z
iy,iy
g,g
w,v
jh,jh
f,f
f,f
kcl,tcl
dh,ix
s,s
k,k
dcl,dcl
n,hv
tcl,tcl
l,l
t,t
r,r
kcl,dcl
r,r
m,m
nx,n
ow,ow
d,t
l,l
ih,ih
gcl,dcl
s,s
w,w
ae,ae
r,r
d,t
kcl,kcl
kcl,gcl
ux,ix
aa,ao
bcl,bcl
ix,ix
ow,ow
ix,ix
n,n
g,g
ay,ay
w,w
ao,ao
g,g
n,n
axr,axr
ih,ix
hv,hv
l,l
f,f
tcl,kcl
k,k
y,y
ay,ae
w,w
dh,p
eh,eh
eh,eh
er,er
tcl,tcl
w,w
n,n
ax,ax
tcl,tcl
v,v
ih,ix
m,m
v,v
dx,dx
ix,ix
z,z
ao,aa
ix,iy
eh,ih
k,k
ah,ao
k,k
sh,sh
n,n
l,l
s,s
sh,s
aa,aa
gcl,dcl
ux,ix
hh,hh
oy,ay
uh,uh
v,v
tcl,dx
m,m
v,v
ao,ao
s,s
n,n
s,s
ao,ao
hv,hv
ao,ng
kcl,tcl
bcl,bcl
iy,ih
z,s
iy,iy
ix,ax
q,k
v,dcl
n,ng
er,axr
n,dx
ao,aa
y,y
dh,n
d,k
ih,l
eh,ah
l,el
aw,ae
n,n
ch,k
pcl,kcl
en,en
p,jh
iy,iy
k,k
tcl,tcl
m,m
g,g
ao,ao
s,s
tcl,tcl
kcl,kcl
aw,ah
gcl,n
iy,iy
s,s
f,f
pcl,kcl
ch,t
m,n
n,n
ay,ay
aa,ao
r,r
z,z
aa,aa
sh,sh
iy,iy
z,sh
eh,eh
iy,ih
w,w
tcl,kcl
tcl,bcl
q,q
v,v
sh,s
r,r
ih,ih
l,l
bcl,tcl
s,z
ix,ix
m,m
kcl,f
kcl,gcl
s,s
axr,axr
tcl,kcl
tcl,tcl
l,l
axr,axr
p,p
iy,iy
z,s
ax,ah
ix,ey
d,k
ax,l
tcl,kcl
ao,ao
w,w
ax,r
gcl,gcl
ao,aa
ow,ao
d,t
w,w
m,bcl
ih,ax
l,l
ao,ay
n,n
g,g
f,f
er,er
kcl,p
f,f
dcl,dcl
l,l
p,f
s,s
n,n
iy,ux
pcl,tcl
s,s
iy,iy
ih,ih
ao,aa
y,iy
f,f
w,w
uh,ux
ay,ay
z,z
f,f
aa,aa
k,k
nx,n
t,t
ey,ey
gcl,gcl
axr,er
t,t
z,s
dcl,dcl
ay,ay
dcl,dcl
m,m
ah,ah
tcl,tcl
s,s
pcl,pcl
ix,ix
bcl,hh
t,t
v,v
r,r
m,n
t,t
ux,ih
ax,ax
axr,axr
er,er
n,n
dh,m
l,w
q,q
ae,eh
dh,dh
n,n
ux,ux
f,f
r,r
dcl,dcl
s,s
ow,ow
el,el
iy,iy
jh,s
w,w
ah,ah
ao,r
tcl,pcl
m,m
t,t
tcl,tcl
k,k
l,l
ow,ow
ux,ux
ih,iy
ix,ix
ix,axr
k,k
ax,ax
v,v
l,l
s,s
ay,ay
n,n
pcl,pcl
s,s
iy,iy
iy,iy
sh,sh
r,r
dh,b
w,w
ax,ax
aw,ao
w,w
y,y
gcl,dcl
dcl,tcl
m,bcl
iy,y
ae,ae
r,l
g,g
iy,iy
n,n
ih,eh
t,t
sh,sh
t,jh
ix,ix
r,r
axr,axr
ax,ix
iy,iy
n,n
kcl,kcl
iy,iy
ih,ih
ow,ow
n,n
iy,iy
ix,ix
ay,eh
ay,ay
d,t
kcl,dcl
ao,ay
gcl,dcl
l,l
ay,ay
ix,ix
pcl,tcl
q,q
ax,l
b,p
ix,ix
kcl,tcl
dcl,dcl
ay,ay
tcl,tcl
ah,ax
ih,eh
w,w
iy,iy
ax,eh
t,q
dcl,dcl
ih,ih
eh,ae
gcl,kcl
kcl,kcl
hv,hv
dcl,dcl
ey,ey
er,er
ih,ix
hv,hv
gcl,gcl
s,s
iy,iy
axr,er
gcl,f
bcl,bcl
iy,iy
ah,eh
gcl,gcl
n,n
eh,ah
l,l
r,r
d,d
ey,ey
z,s
aa,aa
gcl,gcl
z,z
aa,aa
kcl,kcl
r,r
ow,ow
hh,hv
z,z
ix,iy
ix,ix
eh,eh
n,n
ae,ae
l,l
kcl,kcl
t,t
zh,sh
ah,eh
tcl,tcl
ng,m
ax-h,hv
axr,axr
iy,iy
ix,iy
tcl,dcl
n,en
l,l
ow,ow
dh,v
iy,iy
g,g
t,k
iy,y
s,s
pcl,pcl
r,axr
s,s
ay,r
s,s
el,n
dcl,dcl
iy,ix
n,n
el,q
eh,ae
v,v
p,p
t,t
iy,iy
eh,r
ay,ay
r,r
r,r
ux,ux
dx,dx
l,l
ih,ih
s,s
ix,ix
ix,ix
w,w
p,k
tcl,tcl
l,l
k,g
tcl,dcl
ow,ow
er,er
s,s
ux,iy
dcl,dx
r,r
n,n
t,t
axr,axr
tcl,tcl
eh,ae
l,l
n,n
r,r
f,f
s,s
s,z
dcl,tcl
ao,l
z,z
aa,ao
s,s
en,en
tcl,tcl
ux,ux
r,r
bcl,dcl
uw,ux
z,z
iy,iy
eh,eh
s,s
iy,iy
n,n
kcl,kcl
m,m
ay,ay
ae,ae
ah,ao
bcl,bcl
ix,ix
tcl,tcl
ah,l
f,f
kcl,kcl
dh,pcl
s,s
r,r
jh,jh
r,r
kcl,kcl
l,l
w,w
kcl,k
ax,ow
g,k
hh,hh
n,n
z,s
oy,oy
dh,d
ao,ao
r,r
ey,ey
s,s
pcl,pcl
ao,aa
k,k
ah,ah
ey,iy
n,n
tcl,tcl
d,k
s,s
ih,ix
ih,ih
d,dh
l,l
bcl,dcl
tcl,tcl
r,r
t,t
aa,aa
kcl,kcl
bcl,bcl
l,l
ao,aa
r,r
p,p
bcl,bcl
ae,ae
q,q
l,l
aw,ae
en,en
ae,ae
ix,ax
ux,ux
n,gcl
r,r
er,axr
s,s
ey,ey
aa,aa
tcl,tcl
n,l
tcl,dcl
sh,s
uw,ux
r,r
s,s
w,w
r,r
m,m
q,tcl
el,el
ng,ng
hh,hh
iy,iy
ao,ao
pcl,kcl
z,s
r,er
k,k
sh,sh
dh,f
s,f
m,m
n,n
aa,axr
s,s
iy,iy
s,s
ey,iy
em,l
t,t
dh,dh
ax,aa
y,iy
ih,r
ey,ey
ae,ae
ax,n
v,l
bcl,kcl
m,w
tcl,pcl
s,z
y,iy
aa,aa
k,k
tcl,tcl
sh,sh
tcl,tcl
iy,iy
tcl,tcl
m,n
dcl,gcl
iy,iy
s,s
bcl,bcl
v,v
ix,ix
en,ix
iy,iy
k,k
l,ax
ih,ix
ah,ah
kcl,tcl
m,m
el,l
ow,el
ix,eh
tcl,tcl
s,s
t,t
pcl,pcl
ey,iy
z,ch
dcl,dcl
eh,ix
ao,l
ah,ah
aa,aa
eh,eh
v,v
dcl,dcl
v,tcl
p,p
r,r
r,r
dh,th
k,k
kcl,kcl
t,t
y,y
axr,axr
v,v
iy,iy
s,sh
ix,ix
kcl,kcl
iy,iy
th,p
v,v
m,m
aa,ay
axr,r
ix,ix
v,v
m,m
w,w
kcl,kcl
ix,ey
dcl,bcl
s,s
ay,ay
dx,dx
iy,iy
w,w
ay,ay
eh,ao
dcl,dcl
ux,ux
ix,ey
oy,oy
ng,m
eh,ow
ix,ih
sh,sh
dcl,tcl
f,s
q,q
r,r
aw,ao
kcl,kcl
n,n
q,q
w,w
ch,sh
ix,ix
ux,ux
ux,ix
ax,ax
l,l
n,n
w,w
ah,ah
jh,k
q,tcl
l,l
ix,q
iy,ey
kcl,kcl
k,k
v,v
ih,iy
ow,ow
s,s
ao,ao
ay,ay
th,th
eh,ih
ae,ae
q,q
r,r
r,m
ih,er
s,s
ae,ae
k,k
ao,ao
dcl,dcl
w,l
ay,ay
dcl,kcl
n,n
ae,ae
ix,q
sh,sh
aa,aa
p,p
dh,dh
tcl,tcl
r,r
s,s
t,jh
y,y
ux,y
ih,ih
iy,iy
tcl,kcl
q,q
aa,ae
dcl,dcl
en,m
l,ax
n,n
iy,iy
d,d
eh,ey
w,w
gcl,ix
w,hh
s,s
l,w
axr,er
aa,aa
ix,ax
bcl,dcl
g,g
q,w
er,er
sh,sh
n,n
kcl,kcl
f,f
ux,ux
ay,ay
dcl,dcl
tcl,dcl
l,ao
ix,iy
sh,sh
sh,sh
n,n
n,n
oy,oy
dx,dx
hh,hh
r,r
aw,aw
ax,ax
ey,ey
jh,jh
uw,l
k,k
r,r
n,n
r,r
p,p
r,r
r,r
dh,v
ix,ix
q,q
m,m
kcl,kcl
axr,axr
ey,ey
ih,ix
kcl,k
iy,iy
r,r
ah,eh
ey,iy
d,d
n,v
tcl,tcl
r,r
iy,iy
p,p
r,r
ix,ix
m,m
r,r
ow,l
w,w
axr,r
aa,aw
kcl,kcl
aa,ao
ch,ch
uh,ih
sh,sh
ae,eh
hh,hh
v,v
iy,y
ix,ix
nx,dx
ae,ae
dh,t
ux,iy
kcl,k
ih,ix
n,m
z,s
gcl,dcl
dcl,dcl
n,n
iy,iy
dcl,dcl
l,l
ix,ey
m,n
r,r
z,z
iy,iy
el,el
f,f
r,r
sh,sh
aa,aa
ih,ey
iy,iy
ao,ao
bcl,tcl
s,s
ao,ao
ax,v
s,z
ao,ao
dcl,dx
ux,ux
m,r
v,r
r,axr
gcl,gcl
m,n
q,q
tcl,kcl
kcl,kcl
f,f
er,er
iy,iy
eh,ah
aa,ao
p,p
tcl,kcl
n,n
v,v
iy,iy
er,er
s,s
iy,iy
s,z
ax,ax
aa,aa
hv,hv
z,z
w,w
ih,iy
ey,ey
ah,ah
sh,sh
v,tcl
k,k
y,y
kcl,kcl
ix,eh
aa,aa
aa,ay
iy,iy
dh,th
ow,ow
iy,iy
ix,ax
bcl,bcl
ix,ix
axr,r
w,w
ae,ae
iy,iy
dcl,dx
jh,ch
w,w
bcl,bcl
kcl,kcl
v,v
pcl,tcl
ay,ay
ow,ow
ix,ix
el,el
w,w
s,sh
uw,uw
tcl,tcl
aa,ao
p,p
iy,ey
ae,ae
n,n
s,s
jh,k
iy,iy
kcl,dh
axr,axr
ix,ix
hv,hv
n,n
z,z
m,m
ix,ih
ae,ae
ay,ay
ix,ix
ih,ih
l,l
ih,iy
dcl,dcl
k,k
ng,ng
n,n
ey,ey
ax,ax
z,s
z,z
l,r
s,s
ah,ah
ix,axr
l,el
w,w
dcl,dcl
oy,oy
iy,iy
eh,eh
ah,ah
k,k
sh,ch
el,l
ix,ix
m,m
r,r
n,n
ey,ey
tcl,tcl
k,hh
s,s
dcl,gcl
k,k
s,s
ah,ae
tcl,tcl
s,s
m,m
n,n
er,r
ow,ow
tcl,tcl
axr,ix
r,r
ow,ow
w,r
ah,eh
r,r
dcl,bcl
ix,eh
iy,iy
kcl,kcl
ax,ax
r,r
axr,ix
kcl,pcl
s,s
nx,nx
z,z
ih,eh
m,m
l,l
f,f
r,r
th,th
tcl,dcl
r,r
el,l
m,n
s,s
s,s
bcl,v
k,k
ch,ch
r,r
ey,ey
q,q
f,f
ow,ow
d,t
eh,eh
sh,sh
p,p
k,k
tcl,axr
dcl,kcl
ih,eh
er,er
m,n
aa,aa
dcl,dcl
dcl,dcl
ih,eh
ax,l
aa,aa
dcl,tcl
ao,ao
ae,ae
ih,ix
ix,ix
hv,hv
er,axr
s,s
dcl,dcl
ix,ix
ax,ax
ih,ih
m,m
y,y
eh,ix
ay,ey
y,y
ix,ih
r,r
ey,ey
l,l
tcl,tcl
r,r
aa,ao
eh,eh
ux,er
q,q
ax,q
axr,ih
dcl,dcl
en,q
z,z
g,k
m,m
s,s
ng,n
eh,eh
f,f
l,l
er,er
r,axr
axr,r
r,r
y,y
p,p
r,r
q,q
n,l
l,l
ih,ih
eh,eh
kcl,kcl
kcl,kcl
m,m
v,v
n,n
t,t
ux,ux
tcl,tcl
r,r
r,r
f,pcl
ux,ux
y,y
k,k
n,m
y,hh
n,n
ey,ey
ch,ch
n,n
s,z
sh,sh
ix,n
dcl,dcl
iy,iy
ax,l
ao,ao
ix,ix
ae,ae
m,dcl
ch,hh
pcl,pcl
k,k
iy,iy
iy,iy
gcl,gcl
ae,aa
ax,r
p,p
s,z
l,l
s,s
ay,ay
ae,aw
sh,sh
w,w
k,k
iy,iy
ah,ow
r,n
tcl,kcl
ey,ey
ae,ae
ih,ix
ix,ay
s,s
ey,ae
b,b
pcl,th
ay,eh
el,el
bcl,bcl
z,z
axr,axr
s,s
ay,ay
ax,ax
er,er
dh,gcl
ix,iy
dx,dx
l,l
y,y
ix,ix
er,er
tcl,tcl
ih,ae
tcl,dcl
tcl,kcl
r,r
ax,ow
dh,dh
ih,ih
tcl,tcl
s,s
t,t
m,m
l,el
ae,ae
dx,dx
axr,axr
th,f
p,k
ow,ow
iy,iy
f,f
k,k
n,n
ae,ae
w,l
l,el
q,q
uh,ih
kcl,kcl
k,k
ix,ix
axr,ey
k,kcl
pcl,pcl
n,n
f,tcl
f,p
uh,ax
jh,t
s,s
iy,iy
tcl,tcl
ix,ih
t,t
l,l
axr,er
tcl,kcl
sh,sh
kcl,kcl
nx,n
iy,iy
w,w
n,n
n,n
r,r
iy,iy
m,m
iy,r
ax,ax
ax,ix
ay,ay
ax,ax
n,n
ah,ay
s,s
v,v
l,ax
z,z
ax,ah
hh,hh
pcl,dcl
sh,sh
r,r
ix,ah
r,r
t,t
r,r
t,t
ow,ow
aa,aa
ax,ah
r,r
z,z
bcl,dcl
en,en
ux,ux
ux,ux
f,f
axr,r
pcl,pcl
r,r
w,w
f,f
ux,uw
axr,axr
v,v
z,z
dcl,dcl
dx,dcl
t,ch
ao,ao
er,r
q,q
z,s
n,n
ao,ao
r,r
ax,ix
n,n
ey,iy
aw,axr
k,k
eh,ae
ih,ax
ay,ay
l,l
ay,ay
bcl,dcl
t,k
l,l
l,l
iy,iy
ih,ax
m,dcl
w,w
r,r
jh,jh
ix,ix
ow,ow
dcl,tcl
w,w
k,k
ay,ay
t,t
r,r
l,l
tcl,tcl
kcl,dcl
tcl,tcl
t,t
z,z
ah,ow
ae,ae
ux,ux
axr,r
g,k
aa,aa
m,m
y,iy
aa,aa
ow,ow
k,k
kcl,kcl
ah,ah
z,z
dcl,tcl
axr,axr
n,n
eh,eh
iy,iy
f,f
ih,ih
ix,r
q,w
r,r
dcl,tcl
ao,aa
l,l
z,z
m,m
jh,d
l,l
s,s
ey,ey
ao,ao
el,el
iy,iy
l,l
l,l
aw,aw
l,ax
dx,dx
eh,ih
ay,ay
ix,ix
w,w
r,r
v,v
jh,ch
tcl,tcl
ix,k
ao,ao
ah,aa
ux,ux
t,dh
f,f
s,s
z,t
l,l
aa,ay
tcl,tcl
ix,ix
q,y
axr,r
en,n
q,tcl
uh,axr
er,axr
q,q
kcl,gcl
l,l
s,s
s,s
r,r
p,p
er,er
ih,eh
el,el
aa,aa
ng,ng
z,z
l,l
er,axr
l,l
ih,axr
iy,iy
dcl,tcl
n,n
aw,ae
m,m
w,w
m,m
ch,s
iy,iy
ay,ay
ix,ix
f,pcl
ih,ix
eh,eh
ix,ix
t,d
er,er
g,p
bcl,tcl
l,ax
er,er
s,z
y,iy
l,l
ay,ay
s,s
iy,iy
hv,hv
ae,ae
ix,ix
s,z
g,g
r,axr
f,f
dcl,dcl
l,l
ay,ay
ay,aa
s,s
z,z
ax,ix
ax,l
tcl,tcl
ao,ao
ax,ix
w,w
l,l
iy,ix
iy,iy
w,w
kcl,kcl
q,n
s,z
ow,ow
dx,dx
ch,t
ix,l
iy,iy
iy,ey
eh,ix
axr,r
m,m
aa,ay
r,l
ax-h,kcl
t,t
iy,iy
s,sh
iy,y
r,r
k,k
ao,aa
b,p
ix,ix
dcl,dcl
y,r
ix,iy
th,th
kcl,kcl
s,s
z,z
kcl,dh
f,f
kcl,gcl
z,z
ax,w
ey,ey
t,d
ih,ih
iy,iy
ih,ix
s,s
th,th
y,y
n,n
s,s
z,s
aa,aa
ao,aa
ng,n
l,l
ix,ix
ao,aa
ih,axr
r,r
s,s
p,p
z,z
en,n
s,s
bcl,dcl
n,ng
r,r
ih,ix
iy,uw
ao,ao
f,pcl
k,hh
r,r
n,m
s,s
ah,ah
sh,sh
n,n
dx,dx
ay,ay
dcl,tcl
axr,r
w,w
sh,sh
ng,ix
aa,ao
eh,eh
l,ix
en,en
l,l
ix,iy
ih,ih
eh,eh
r,r
s,s
l,l
tcl,tcl
tcl,tcl
dh,dh
ih,r
iy,iy
ih,ih
dx,dx
m,m
k,k
pcl,pcl
w,w
ao,ao
ix,ix
ay,ay
ey,iy
k,k
ay,ay
q,q
ch,s
t,t
el,el
tcl,tcl
el,ax
dcl,dcl
ix,ih
s,z
bcl,dcl
k,k
ah,ih
tcl,tcl
y,y
f,th
kcl,tcl
m,m
r,q
ix,ix
dcl,dcl
k,k
ix,ix
l,l
p,p
ih,eh
er,er
ay,ay
iy,iy
n,en
q,q
er,er
jh,jh
ix,ix
m,n
axr,r
iy,iy
iy,iy
iy,iy
gcl,dcl
er,eh
r,r
axr,axr
iy,iy
ae,ae
axr,r
l,ax
bcl,kcl
l,l
s,s
ao,ao
m,m
ae,ae
f,f
ng,n
bcl,bcl
r,r
z,s
w,r
ao,ao
iy,iy
s,s
eh,ih
l,l
aa,ao
ao,ao
dh,q
tcl,n
dcl,dcl
ix,ix
iy,iy
dcl,dcl
bcl,dcl
p,t
l,l
q,q
dcl,dcl
n,n
l,w
s,s
n,n
n,n
sh,sh
kcl,tcl
uw,l
ix,ix
oy,oy
m,m
kcl,kcl
tcl,tcl
gcl,dcl
r,r
s,s
hh,hh
w,w
tcl,tcl
n,n
dx,dcl
er,axr
tcl,tcl
hh,hh
bcl,v
s,s
f,f
tcl,f
ix,y
n,n
dh,dh
g,g
m,n
er,er
l,l
ae,ae
ae,ey
dcl,dcl
s,s
s,s
ey,ey
ao,ao
r,axr
ow,ow
eh,ae
s,s
ix,ix
k,tcl
kcl,kcl
kcl,tcl
n,m
l,w
n,n
n,m
ih,ah
iy,iy
ay,ay
dh,v
ix,ix
ix,iy
ay,ay
en,n
s,s
ae,ae
ah,ah
t,t
er,er
bcl,bcl
el,w
iy,iy
ix,ix
iy,iy
s,s
axr,r
dcl,tcl
l,l
s,s
aa,aa
y,y
l,q
ae,ae
z,z
axr,axr
hh,hh
aa,aa
iy,ix
z,z
tcl,tcl
ao,ao
ix,ix
n,n
s,s
l,l
kcl,kcl
s,s
eh,ah
l,l
dx,dx
ow,ow
hv,hv
s,s
ae,ae
axr,ix
n,n
jh,jh
iy,iy
tcl,th
r,r
n,m
tcl,tcl
ae,eh
r,r
pcl,tcl
kcl,tcl
axr,axr
dcl,dcl
ix,ix
ow,ao
aa,aa
w,w
ay,ay
ih,ih
k,k
ix,ix
n,en
ow,ow
dcl,dcl
k,k
m,n
ux,ux
dcl,tcl
hv,hv
m,n
l,l
s,s
aw,l
z,z
th,f
ae,ae
s,s
el,el
axr,er
iy,iy
r,r
r,r
eh,eh
el,ax
dcl,dcl
m,m
ih,ah
kcl,kcl
l,w
l,l
ae,ae
ao,ow
ih,ih
ey,ey
en,n
en,n
n,n
ix,n
f,f
l,l
d,jh
dh,dh
s,s
kcl,kcl
pcl,pcl
z,s
ih,ih
w,w
l,ax
l,l
n,n
ow,ow
n,n
pcl,kcl
gcl,ng
m,m
bcl,bcl
ah,ax
ax-h,ax
q,q
ix,iy
aa,ax
th,kcl
ix,ah
iy,iy
dcl,tcl
n,m
f,f
ix,ih
dcl,tcl
l,l
m,m
dcl,bcl
dcl,dcl
axr,r
nx,n
g,g
l,l
kcl,kcl
v,v
sh,sh
l,l
r,r
jh,t
ah,eh
iy,iy
dh,v
s,z
kcl,kcl
l,ao
w,w
q,q
ow,ow
tcl,dcl
k,k
z,z
ah,ow
r,r
s,s
dx,dx
z,s
z,z
r,axr
kcl,kcl
m,n
ow,ow
w,w
en,en
y,y
ow,ow
n,ix
ey,ey
n,n
y,y
ah,eh
k,k
ix,ix
er,er
ay,ay
iy,ix
ih,ih
ix,ix
ax,r
ux,iy
k,k
tcl,kcl
r,r
bcl,pcl
ix,ix
aa,aa
s,s
n,n
kcl,kcl
ow,ow
hh,hh
q,q
ax,ah
d,d
ix,ix
ix,ix
w,bcl
w,l
ey,ey
dx,ix
r,r
s,z
m,n
ay,ay
z,z
ix,ax
axr,axr
iy,iy
s,s
dcl,tcl
pcl,kcl
p,p
q,dx
dh,dh
ao,aa
ix,iy
er,er
ae,ae
dx,dx
ay,ae
ih,ix
pcl,pcl
ix,ih
ae,ae
s,s
r,r
z,z
eh,eh
g,k
f,th
hh,hh
f,f
s,s
n,n
ix,ux
v,v
l,l
ix,ix
ao,aa
bcl,tcl
r,aa
s,s
ey,oy
ae,ae
l,l
bcl,bcl
ix,ax
ax,ix
ih,ix
hh,hh
s,s
w,r
n,n
ix,ih
tcl,dcl
ax,ax
ax-h,tcl
ix,ix
ey,ey
ao,w
n,n
p,p
ah,ah
ng,eng
w,w
kcl,kcl
aa,aa
eh,ah
tcl,tcl
dcl,dcl
t,t
sh,sh
dcl,dcl
r,r
m,l
s,s
k,k
l,l
m,m
iy,iy
ix,ix
q,q
tcl,dcl
eh,er
l,ix
ae,eh
l,l
ix,ix
ao,ow
n,n
ay,aa
ix,dh
kcl,tcl
t,d
ix,q
ax,ax
k,k
tcl,tcl
sh,sh
ey,ey
kcl,kcl
ah,ay
y,iy
hh,hh
f,p
ax,ax
zh,v
r,r
th,s
th,th
dh,t
ey,ey
kcl,kcl
g,q
ao,ay
w,w
n,n
kcl,kcl
el,l
s,s
tcl,tcl
n,n
kcl,kcl
z,z
ih,ey
iy,iy
ay,ay
q,q
ux,ux
z,s
ax,ix
ay,ay
ih,y
s,s
k,k
er,er
hv,k
s,s
l,ax
r,r
m,m
axr,r
t,k
eh,eh
sh,ch
sh,f
ay,ay
k,k
th,s
ix,iy
iy,iy
tcl,kcl
eh,eh
g,k
eh,eh
iy,iy
s,t
er,er
r,r
t,t
tcl,kcl
axr,axr
r,r
ux,ux
dx,dx
bcl,m
ah,ae
q,q
kcl,kcl
ah,ae
m,n
q,q
dx,dx
ay,ay
er,er
r,r
ng,n
n,n
iy,ix
el,uh
ae,ae
axr,axr
ow,ow
p,p
ih,ix
ix,ih
kcl,k
dcl,dcl
iy,ey
tcl,tcl
dcl,dx
iy,iy
n,n
hv,hv
kcl,kcl
sh,sh
pcl,kcl
dcl,bcl
w,w
ux,iy
ao,ao
kcl,kcl
ao,ao
dh,dh
l,l
y,tcl
th,th
axr,er
n,n
ux,ux
s,s
ow,ao
er,er
kcl,kcl
g,k
k,k
ae,ae
q,q
w,w
l,l
aa,aa
iy,iy
eh,eh
ih,er
ix,ix
hh,hh
w,w
pcl,pcl
ix,ix
gcl,dcl
ih,eh
aa,ao
dcl,dcl
n,n
ae,ae
tcl,tcl
k,dcl
v,pcl
el,aa
s,z
r,eh
t,t
ux,iy
kcl,gcl
ah,eh
ey,ey
w,w
m,n
oy,oy
ay,r
ix,axr
uw,uw
s,s
tcl,tcl
ix,ix
ow,ax
iy,iy
n,dcl
z,s
ao,aa
kcl,kcl
iy,iy
eh,eh
dcl,dcl
w,w
y,y
l,l
kcl,kcl
bcl,pcl
iy,iy
ax,ix
w,ao
er,axr
ow,ow
jh,d
ux,uw
m,m
gcl,kcl
l,l
n,n
iy,iy
aw,aw
m,dh
p,dh
tcl,tcl
sh,sh
aw,q
eh,eh
kcl,kcl
ix,ix
ux,ux
n,n
sh,sh
ih,ix
ae,ae
ix,ax
hv,hv
uh,ax
ah,ih
tcl,tcl
ix,ey
t,t
ah,ah
hh,hh
v,f
ao,ao
ix,ix
t,t
axr,r
ih,eh
tcl,tcl
sh,sh
dh,dh
tcl,tcl
ay,ay
ae,ae
tcl,q
q,dcl
th,th
ax,ax
ux,iy
ay,ay
bcl,gcl
s,s
bcl,m
f,f
m,v
ax,q
dcl,dcl
bcl,v
tcl,dcl
ae,ae
eh,r
ax,ix
w,w
kcl,kcl
ah,r
ae,ae
aa,aa
z,s
ao,ao
ax-h,ax-h
sh,sh
f,f
iy,iy
s,s
l,l
z,z
s,s
y,iy
s,s
ax,axr
m,m
tcl,tcl
ix,q
l,l
kcl,pcl
q,q
aa,aa
s,z
n,n
n,gcl
iy,iy
ao,ah
ux,ux
z,dcl
sh,sh
n,n
ax,ax
ow,ow
aw,ae
en,m
dcl,dcl
k,k
ow,ax
t,t
r,r
ih,ix
m,m
n,n
iy,ih
ih,ix
ae,ae
dcl,tcl
ax,ax
dcl,dx
uh,w
z,z
z,zh
kcl,kcl
axr,axr
jh,jh
ux,ux
er,er
dh,dh
n,n
eh,eh
ix,ix
ae,ae
k,k
w,w
iy,iy
t,t
s,s
ay,aa
ae,eh
axr,er
m,m
ax,ah
ao,w
axr,axr
l,l
eh,eh
el,ow
axr,axr
n,n
ay,ay
z,s
ey,iy
s,s
s,s
nx,nx
iy,iy
er,er
ix,ix
ax,ix
ow,r
nx,nx
dh,dcl
s,s
ih,iy
r,r
oy,oy
z,z
dh,dh
tcl,pcl
aw,aa
t,jh
l,l
m,m
ch,s
ax,ax
ih,ix
gcl,gcl
kcl,tcl
kcl,kcl
r,r
ch,t
s,s
z,z
el,l
ax,l
ix,ey
w,w
ay,ay
l,l
iy,iy
ah,ax
ng,ng
pcl,tcl
s,s
sh,sh
m,m
ix,ix
iy,iy
tcl,hh
ay,ay
ix,ix
iy,iy
aa,aa
kcl,tcl
bcl,bcl
kcl,kcl
k,k
kcl,kcl
en,n
v,v
k,k
en,n
r,r
s,s
ix,ix
n,n
th,s
ih,ih
g,g
ay,ay
ao,ao
ao,ao
ix,ix
ae,ae
tcl,tcl
l,l
dx,dx
er,r
bcl,bcl
ix,iy
ao,ao
axr,iy
ix,ix
g,g
iy,iy
q,q
ux,ux
iy,ix
s,s
ix,ix
iy,iy
s,s
eh,aw
ax,tcl
r,axr
pcl,pcl
ax,ix
iy,iy
p,k
n,n
uh,ah
m,m
kcl,kcl
n,n
pcl,tcl
s,s
tcl,tcl
bcl,bcl
t,t
p,p
ey,ey
iy,iy
ch,jh
p,k
r,r
d,t
w,w
m,l
iy,iy
z,z
ix,ix
axr,axr
dcl,f
ey,ey
n,n
ix,ax
sh,sh
f,f
iy,iy
ae,ae
ao,ao
ow,r
ax,ax
axr,axr
pcl,kcl
l,el
r,r
s,s
q,q
n,n
ae,ae
iy,iy
ih,ih
m,m
r,axr
q,q
n,n
ih,ix
kcl,kcl
t,t
f,f
er,axr
ao,ao
pcl,kcl
ih,ih
tcl,kcl
pcl,dcl
s,s
m,n
ay,ay
ae,ay
eh,ae
iy,iy
s,s
ao,aa
dcl,dcl
ih,ix
dh,th
z,s
dcl,tcl
w,l
m,m
s,s
th,kcl
r,r
m,m
uw,w
ey,ey
l,l
w,w
ow,ow
ix,ix
z,s
ih,iy
t,g
m,n
kcl,kcl
tcl,kcl
l,w
tcl,dcl
sh,sh
ey,ey
v,v
pcl,pcl
r,ix
z,s
ey,ey
kcl,kcl
tcl,kcl
eh,aa
dx,dx
s,s
ix,ih
axr,axr
ay,ay
ix,ix
w,w
bcl,dcl
hh,hh
iy,ix
n,n
dcl,dcl
ix,ix
s,s
ih,iy
p,p
dcl,n
n,n
uw,ux
n,n
aa,aa
ey,ey
gcl,pcl
ix,ux
sh,sh
ih,ah
l,el
ix,ih
k,t
n,hv
hv,ix
l,l
tcl,tcl
t,tcl
f,f
pcl,kcl
r,r
eh,eh
tcl,f
ey,ey
bcl,tcl
y,y
ux,r
ax,ix
q,ix
l,l
r,r
axr,ax
ow,ow
dcl,dcl
n,n
el,el
axr,axr
aa,aa
v,v
pcl,pcl
ix,r
ao,w
kcl,kcl
s,s
er,er
r,l
ey,ey
aa,aa
q,q
ao,aa
dcl,dcl
dx,dcl
kcl,dx
ae,ae
r,r
l,l
iy,iy
t,p
eh,r
r,r
b,b
ix,ix
m,n
pcl,tcl
en,n
ah,ah
dh,dcl
y,y
axr,r
kcl,kcl
v,bcl
ey,ey
hv,hv
l,l
l,l
ao,aa
iy,iy
k,q
axr,ix
en,ix
ix,ix
ix,ix
eh,eh
dh,dh
ih,ix
ix,ey
m,m
tcl,kcl
s,z
aa,ao
l,l
ax,v
t,t
aa,aa
gcl,kcl
n,n
en,en
g,g
ix,ix
dh,dh
dcl,dcl
ah,eh
ae,ae
ih,ih
aa,aa
s,s
sh,s
ax,ax
tcl,tcl
n,m
l,ow
r,ah
eh,eh
ay,ay
dcl,dcl
m,m
dx,dcl
ix,ih
k,g
m,n
aa,oy
s,s
l,l
w,w
kcl,kcl
iy,iy
q,q
l,l
f,f
jh,jh
z,s
eh,ah
eh,eh
s,s
kcl,kcl
z,s
t,t
w,w
ae,eh
ah,ah
iy,iy
n,n
el,el
r,r
ih,ih
r,r
el,el
t,t
q,r
tcl,tcl
ax,ix
axr,eh
eh,ae
t,t
tcl,dcl
eh,eh
pcl,tcl
ao,ao
n,n
aw,aw
axr,axr
ng,ng
y,y
n,n
el,ow
aa,aa
d,q
iy,iy
f,f
iy,iy
aw,aw
d,t
r,r
ah,r
er,axr
iy,iy
tcl,pcl
ao,ao
ix,ix
l,l
ch,ch
ah,ah
ao,ow
ih,ih
q,q
z,z
f,kcl
f,f
l,l
ix,ix
ay,ay
gcl,dcl
s,s
t,t
y,y
aa,aw
p,p
t,k
s,s
z,s
kcl,kcl
iy,iy
aa,aa
f,kcl
dcl,dcl
m,n
r,r
l,m
hh,tcl
zh,sh
r,r
d,t
k,k
s,z
tcl,kcl
iy,iy
el,axr
r,r
tcl,kcl
t,t
ih,ix
m,n
bcl,bcl
dcl,dcl
q,gcl
tcl,kcl
er,er
t,t
ah,ah
l,g
pcl,tcl
eh,ae
ay,ay
ix,ix
p,p
ax,ax
eh,eh
ix,ax
ix,eh
axr,ao
l,l
ax,ax
pcl,pcl
aa,aa
ey,ey
axr,axr
ih,ih
pcl,pcl
pcl,pcl
l,l
ix,eh
s,s
ow,l
w,w
l,l
ah,ax
ax,ow
r,r
ah,ao
ae,aw
ae,ae
ay,ay
ae,ae
uw,uw
s,s
eh,eh
aa,aa
ih,ih
tcl,tcl
dcl,dcl
ah,ay
t,k
pcl,tcl
tcl,kcl
aa,aa
ae,ae
en,en
ax,ax
r,r
aa,ae
ch,ch
nx,nx
r,r
r,r
dcl,dcl
axr,ix
r,r
w,w
r,r
ey,ey
ae,ae
n,n
oy,ay
v,dcl
r,r
ae,ae
r,r
ax,ax
ng,n
n,n
s,s
dcl,dx
sh,sh
tcl,kcl
eh,ae
oy,oy
eh,ix
dh,dh
iy,iy
r,r
ih,ix
iy,ix
ao,w
k,k
ix,ix
r,r
ao,el
ch,hv
ih,eh
ae,ae
axr,axr
ix,iy
eh,eh
l,l
dcl,dcl
m,m
w,w
iy,gcl
kcl,kcl
ux,ux
l,l
m,m
dh,dh
eh,ae
v,v
gcl,gcl
tcl,tcl
m,dx
s,s
q,q
ae,ae
z,sh
sh,sh
kcl,kcl
dcl,dcl
eh,eh
ix,ah
z,s
l,l
tcl,tcl
jh,ch
r,r
ay,ah
gcl,gcl
ix,ix
q,q
aa,aa
k,k
ix,ix
m,en
n,l
axr,ax
ay,ay
g,g
ae,ae
tcl,gcl
v,v
kcl,kcl
l,l
ay,ay
n,n
ax,ax
gcl,r
bcl,bcl
gcl,gcl
ix,ix
ae,ae
r,r
s,s
tcl,tcl
tcl,tcl
ng,ng
iy,iy
dcl,kcl
ax-h,ix
ix,ix
sh,sh
f,f
ax-h,ih
f,f
r,r
n,n
s,s
eh,ix
n,n
ao,ao
ey,ey
r,ix
ao,ao
k,k
n,n
er,ow
el,el
ux,ux
iy,iy
ey,ey
el,el
eh,ah
n,n
axr,axr
s,s
sh,sh
iy,iy
ix,ix
ux,ix
ux,ux
ch,t
p,k
w,l
n,n
dx,dx
dcl,tcl
er,er
s,s
iy,iy
f,f
g,r
iy,iy
dh,n
ng,m
kcl,tcl
ao,aa
tcl,pcl
y,y
dcl,q
aa,aa
r,r
ay,ae
ao,ao
s,s
w,w
ao,oy
aa,aa
en,en
aa,aa
axr,axr
l,l
ow,ow
t,t
n,n
kcl,kcl
ae,eh
ix,q
n,n
gcl,gcl
iy,iy
ih,ix
z,z
ey,iy
kcl,tcl
ow,ao
dx,nx
aa,aa
ux,ux
nx,n
ay,ay
oy,oy
s,s
l,l
k,k
iy,iy
aa,aa
t,d
ae,eh
bcl,dcl
l,l
ix,ix
s,s
s,s
s,s
pcl,pcl
hh,hv
ae,ae
v,v
dcl,bcl
er,axr
t,k
axr,axr
ax,ax
er,er
hv,hv
f,f
ao,aa
p,b
en,ux
v,v
eh,eh
ix,ix
ah,ah
oy,ah
z,s
eh,eh
ux,ux
er,ow
ix,eh
tcl,tcl
jh,jh
k,k
y,y
t,t
q,q
iy,iy
iy,iy
axr,axr
eh,ix
ah,ah
m,n
q,q
eh,eh
f,f
tcl,tcl
t,d
v,v
hv,hv
hv,axr
axr,ix
ow,ow
q,q
t,t
el,el
tcl,kcl
pcl,kcl
ix,eh
ix,ix
ae,ae
kcl,kcl
ux,axr
f,f
dh,dh
r,r
iy,iy
k,k
sh,sh
axr,ey
ax,r
jh,jh
tcl,tcl
r,r
r,ix
pcl,tcl
ae,ae
ao,ao
ae,ae
iy,iy
tcl,m
s,s
dcl,v
tcl,tcl
n,en
ow,ow
th,th
ax,l
z,s
ih,eh
ih,ih
iy,iy
ih,ix
hv,hv
k,k
q,q
ey,ey
ix,ix
ao,aa
f,f
ix,iy
k,k
l,dcl
iy,iy
ay,ey
ix,ix
tcl,dcl
iy,iy
er,axr
aw,aw
y,y
dcl,dcl
g,g
z,s
iy,iy
n,m
kcl,p
q,q
t,k
ch,jh
aa,ah
m,m
ae,ae
dcl,dcl
kcl,kcl
dh,dh
dcl,bcl
ah,ah
iy,iy
th,s
kcl,kcl
aa,aa
k,k
ix,ih
pcl,kcl
iy,iy
iy,iy
pcl,pcl
kcl,kcl
s,s
axr,eh
kcl,kcl
aa,aa
gcl,bcl
tcl,kcl
s,s
m,m
y,y
ix,ix
ae,ae
iy,iy
ih,ih
ix,ix
n,n
sh,sh
eh,ih
iy,iy
ay,ae
kcl,kcl
f,f
n,n
iy,iy
n,n
ix,ix
aa,ah
ix,ih
ix,z
kcl,kcl
axr,r
n,n
s,s
ao,w
l,l
ax,ax
m,l
k,q
w,w
bcl,bcl
p,p
w,w
l,l
dx,dh
aw,aw
pcl,pcl
z,s
y,y
ae,ah
m,n
w,w
l,l
ow,ow
l,w
iy,hv
eh,eh
tcl,tcl
r,r
z,z
dcl,dcl
k,k
iy,iy
ix,ae
dx,tcl
iy,iy
dh,s
t,t
dh,pcl
bcl,pcl
pcl,pcl
tcl,tcl
s,s
tcl,kcl
tcl,tcl
sh,sh
w,w
ix,ix
ch,t
f,f
bcl,pcl
n,n
r,r
tcl,tcl
eh,ae
jh,jh
dcl,dcl
ih,ix
s,s
n,m
l,l
k,g
ix,r
ix,ax
r,r
v,r
gcl,hh
gcl,tcl
r,r
iy,iy
s,s
s,t
f,f
d,k
ix,q
er,r
l,r
axr,ey
k,k
iy,iy
ow,ix
q,q
ey,q
s,s
m,m
bcl,bcl
l,l
m,m
eh,axr
ax,ax
el,el
ih,ih
ax,ax
z,z
tcl,tcl
q,q
kcl,kcl
ay,ae
z,z
hh,t
ih,ey
gcl,n
n,n
aa,aa
z,z
l,l
m,n
dcl,dcl
ix,eh
dcl,dcl
t,t
ix,ix
tcl,tcl
q,q
iy,iy
l,l
iy,y
f,f
iy,iy
s,s
ux,dh
iy,iy
axr,er
y,iy
r,r
ih,r
ah,ah
axr,axr
aw,aw
t,t
ux,ux
q,q
r,r
s,z
iy,iy
r,r
ao,ao
w,w
ey,ey
q,q
w,w
v,v
r,r
iy,iy
ae,ae
k,k
l,w
ay,ay
ix,ih
dcl,dcl
k,k
axr,ix
aa,aa
ih,iy
uh,el
eh,ae
ix,ih
ax,ax
t,t
hh,k
w,q
s,s
tcl,dcl
t,t
n,n
ix,iy
q,l
f,kcl
ax,ax
w,w
eh,eh
ae,ay
s,s
tcl,tcl
dcl,dcl
t,jh
l,l
axr,ix
tcl,pcl
oy,oy
t,t
tcl,gcl
iy,iy
iy,iy
pcl,kcl
ng,ng
dcl,dcl
dh,k
y,iy
axr,ix
tcl,kcl
pcl,pcl
pcl,pcl
tcl,tcl
ix,ix
r,r
iy,iy
ax,ax
eh,eh
ao,ao
iy,iy
ah,ah
zh,zh
n,n
y,eh
n,n
v,v
ih,ih
dx,dx
gcl,kcl
oy,oy
sh,sh
ux,ux
m,m
kcl,kcl
eh,eh
jh,jh
y,y
p,p
iy,iy
kcl,kcl
q,q
w,w
ah,ah
n,gcl
eh,eh
er,r
bcl,bcl
ao,ao
z,z
r,r
ix,ix
s,s
jh,jh
l,l
kcl,hh
ix,ix
w,w
ao,ao
oy,oy
ay,ay
ah,ax
ey,ey
k,k
m,m
bcl,bcl
ae,eh
ae,ay
n,n
r,r
dcl,dcl
t,t
ih,ix
ao,ao
eh,ax
n,n
axr,axr
sh,sh
iy,y
z,z
b,hh
dh,dh
t,t
n,m
oy,oy
zh,jh
f,f
m,m
s,s
n,n
r,ix
m,m
dcl,tcl
s,s
eh,axr
n,n
l,w
axr,nx
ix,ih
kcl,kcl
w,w
ax,ax
t,t
m,m
s,s
dx,nx
ax,ah
y,n
aa,aa
p,p
ix,ix
l,v
kcl,kcl
ow,ow
k,k
kcl,tcl
s,s
ix,axr
l,l
pcl,kcl
kcl,f
q,q
ao,aa
bcl,dcl
dx,n
t,t
tcl,hv
l,l
ax,bcl
dh,dh
axr,er
kcl,tcl
q,q
gcl,dcl
kcl,kcl
ch,ch
kcl,kcl
iy,ey
th,th
nx,nx
ih,ih
ay,ay
r,r
p,p
l,l
kcl,kcl
tcl,kcl
er,er
uw,axr
axr,er
ax,ax
ih,r
r,r
l,l
s,s
iy,iy
ix,ix
v,v
z,s
ae,ah
q,q
k,kcl
axr,axr
ao,ao
n,n
r,r
s,s
n,n
v,f
tcl,kcl
n,n
kcl,kcl
n,n
r,r
f,f
l,l
s,s
dh,dh
ux,ux
en,n
s,s
iy,iy
l,l
r,r
el,el
dh,dh
dh,dh
k,k
em,n
m,m
n,n
m,m
r,ix
tcl,tcl
ah,r
dx,dx
s,s
y,ih
ih,ix
aa,l
y,y
s,s
ao,ao
ey,ey
n,bcl
ae,ae
ax,axr
r,r
dcl,dcl
t,t
f,f
ow,ow
sh,sh
m,m
l,l
aa,ay
n,n
p,p
axr,er
er,er
axr,axr
ih,ih
dcl,tcl
ix,eh
en,en
bcl,pcl
pcl,f
r,r
r,axr
hh,ax-h
dcl,dcl
l,l
hv,hv
iy,iy
ux,ux
gcl,gcl
ax,ah
ix,ih
ao,ao
y,y
w,ao
t,k
l,ow
iy,iy
ey,ey
ix,ix
ix,ix
hv,hv
ao,ao
aa,aa
l,l
eh,ah
ae,ae
s,s
s,s
ao,ao
axr,axr
p,p
eh,ey
l,ah
s,s
r,r
s,s
n,n
ow,ow
ix,ix
iy,iy
q,q
iy,y
eh,eh
n,m
s,s
r,r
m,m
y,y
r,r
er,er
ax,n
y,y
n,n
w,w
kcl,kcl
aa,aa
ix,ix
q,r
f,f
m,m
kcl,kcl
axr,axr
aa,ah
n,ax
l,l
iy,iy
g,l
ih,eh
ix,ix
axr,axr
l,l
ih,ih
k,k
ah,ix
kcl,kcl
ah,ah
tcl,tcl
tcl,kcl
dh,t
ih,eh
ih,ix
ey,r
axr,er
s,s
dcl,dcl
ix,ix
r,r
iy,iy
r,r
s,s
l,l
k,k
gcl,gcl
dx,dx
ih,ih
ix,ix
eh,eh
ix,ix
pcl,pcl
g,g
w,w
aa,aa
ao,l
r,r
ow,l
sh,sh
th,th
iy,iy
axr,axr
kcl,kcl
f,f
ay,ay
ix,eh
sh,sh
n,n
l,l
bcl,bcl
y,ix
l,el
ix,ix
dcl,n
w,r
q,l
aw,aw
d,t
ao,ao
w,w
r,r
w,w
f,f
ah,ah
q,q
iy,iy
oy,oy
n,n
z,z
s,s
r,r
s,s
iy,iy
jh,ch
kcl,kcl
m,m
ax,r
m,m
q,q
kcl,kcl
ix,eh
y,n
tcl,dcl
axr,er
s,s
ix,r
iy,iy
dcl,dcl
k,k
ih,ix
gcl,gcl
r,r
r,r
ix,ih
ih,ih
aw,aw
ch,ch
sh,sh
l,l
ah,ah
f,f
gcl,dcl
eh,ah
n,ix
eh,eh
pcl,pcl
pcl,pcl
n,dx
w,w
ix,en
ih,ih
s,s
ix,ix
ix,ih
ey,ey
t,t
er,axr
l,l
n,n
t,d
r,r
eh,ah
g,g
iy,iy
ae,ae
l,l
g,g
ax,ax
ao,ao
iy,iy
n,n
ow,ow
eh,eh
ax,ax
p,p
pcl,pcl
l,l
axr,axr
ae,ae
ax,l
r,r
iy,iy
oy,ao
q,q
kcl,kcl
w,n
tcl,dcl
k,k
ah,aa
ih,ih
m,m
tcl,kcl
t,k
oy,oy
aw,aw
bcl,bcl
z,z
s,s
dx,dx
dcl,dcl
r,r
dcl,dcl
l,l
ih,iy
nx,n
q,q
ix,ix
r,r
ix,ix
ao,ao
r,r
s,s
g,g
iy,iy
z,z
n,n
oy,oy
v,v
eh,ae
l,l
axr,r
k,k
tcl,tcl
dx,tcl
ae,ae
tcl,kcl
n,n
l,l
k,k
p,p
ay,ay
aa,ay
bcl,bcl
axr,r
y,y
tcl,tcl
kcl,kcl
m,m
w,w
ix,ix
z,z
ey,ey
tcl,dcl
t,t
ay,ah
dcl,dcl
r,axr
ih,eh
q,ey
k,k
ow,ah
pcl,tcl
axr,axr
er,axr
ae,eh
l,l
s,s
k,ch
b,dx
ax,axr
p,p
w,w
th,kcl
g,k
m,m
k,g
ax,ax
r,r
w,b
oy,oy
eh,eh
eh,ah
el,el
dcl,gcl
el,ow
jh,jh
ch,ch
z,dcl
iy,iy
tcl,pcl
sh,sh
ao,ao
n,m
s,s
l,l
ey,ey
dcl,tcl
p,p
ih,ih
m,n
tcl,tcl
g,k
dcl,dcl
k,k
ng,ng
aa,aa
axr,axr
g,g
ao,ao
dx,dx
tcl,kcl
f,f
dcl,dcl
iy,iy
tcl,tcl
t,t
ah,ah
z,z
kcl,tcl
tcl,tcl
ae,ae
dx,n
z,z
n,n
w,w
ah,ah
l,l
iy,iy
iy,iy
ix,eh
en,en
m,m
ow,r
k,k
dcl,dcl
ey,ey
q,q
ay,ay
ax,ax
ey,ae
eh,ae
ng,ng
gcl,n
gcl,gcl
s,s
n,n
z,z
ih,eh
dcl,dcl
axr,axr
tcl,tcl
p,p
s,s
ux,ih
n,n
t,t
g,k
y,iy
ax,ih
ax,ax
ng,m
n,q
ae,ey
ih,ih
n,nx
tcl,dcl
ae,ae
dh,d
dx,dx
eh,ow
kcl,kcl
n,n
ey,iy
g,g
sh,sh
tcl,kcl
l,l
s,f
eh,r
tcl,tcl
dh,dh
p,p
ih,l
iy,iy
pcl,tcl
t,t
ae,ae
uh,r
kcl,kcl
ey,ey
ah,ax
p,p
axr,axr
y,y
dh,dh
el,ow
k,t
ah,ah
tcl,kcl
ah,ah
eh,eh
ao,ao
pcl,pcl
y,ix
hv,axr
w,w
n,n
dx,dx
sh,sh
iy,iy
iy,iy
ux,ux
eh,ih
ix,ix
ix,ih
aa,aa
dh,g
f,f
pcl,pcl
ix,ux
ae,ae
t,t
g,l
ix,ix
w,w
aa,aa
s,q
r,r
b,p
sh,sh
ix,ix
z,z
ax-h,axr
pcl,pcl
ux,ux
t,t
iy,ih
q,q
r,r
g,k
p,p
tcl,tcl
dcl,dx
n,m
d,g
r,r
ih,ax
k,k
ux,ux
ax,ax
ah,eh
iy,iy
t,t
r,r
ow,el
s,s
hh,hh
dh,dh
ae,ae
sh,sh
axr,axr
v,v
v,v
ay,ay
em,m
s,s
r,axr
iy,iy
l,n
axr,ah
bcl,bcl
k,t
n,n
ao,ao
s,s
iy,iy
k,k
eh,aw
iy,iy
hh,hh
n,n
axr,axr
pcl,kcl
ao,ao
t,t
ow,ao
iy,iy
gcl,dcl
iy,iy
ah,ah
ix,dh
m,m
er,er
d,t
iy,iy
n,n
gcl,gcl
tcl,dcl
l,l
ih,ih
sh,sh
axr,axr
tcl,tcl
ae,eh
el,el
axr,axr
dx,dx
dcl,dcl
s,s
k,k
aa,ah
l,dh
ih,ix
q,q
er,er
r,r
ae,ae
zh,sh
ow,l
s,s
iy,iy
t,k
ih,ix
y,dx
n,n
g,k
n,m
sh,sh
r,r
kcl,s
ax,ax
ay,ay
er,axr
y,y
ow,ow
q,tcl
ix,ix
hv,hv
kcl,kcl
ix,ix
ao,ao
l,tcl
jh,jh
oy,oy
l,l
z,z
dcl,v
v,v
t,t
l,l
ae,ae
r,r
dh,z
tcl,s
ix,ih
ay,ay
ao,ao
m,m
ae,ae
aa,aa
s,s
tcl,tcl
th,pcl
iy,iy
ae,ae
z,s
f,p
hv,hv
k,k
q,q
n,n
ih,ae
m,n
ey,ae
l,ah
sh,sh
m,m
tcl,tcl
er,r
n,ix
kcl,kcl
eh,eh
iy,iy
eh,er
ah,aa
iy,iy
kcl,tcl
r,r
tcl,pcl
tcl,n
f,pcl
dx,d
m,n
ih,ih
axr,r
m,n
ae,ae
v,tcl
axr,r
pcl,pcl
l,l
pcl,pcl
t,d
ao,ao
tcl,dcl
ah,ah
m,m
ix,ux
kcl,kcl
ey,ey
uh,eh
s,s
gcl,dcl
nx,nx
dx,dx
t,t
hv,hv
sh,sh
s,s
ng,ix
y,iy
gcl,pcl
l,l
gcl,dcl
pcl,kcl
axr,aa
t,t
aa,aa
v,v
sh,sh
axr,r
hv,hv
ix,ax
aw,aw
q,q
r,r
dh,dx
ng,ng
axr,r
el,el
tcl,dcl
bcl,bcl
ix,ix
tcl,tcl
oy,oy
ae,ae
w,w
p,p
ux,ix
aa,eh
n,n
ow,ow
aa,aa
r,r
aa,aa
th,s
nx,n
n,m
pcl,tcl
ix,ix
kcl,kcl
tcl,dcl
ix,ix
n,y
kcl,dcl
z,z
n,n
t,t
r,r
el,el
ih,ih
ch,ch
l,l
ix,iy
sh,s
kcl,kcl
g,g
q,y
ax-h,y
ux,ux
iy,iy
g,g
tcl,tcl
s,s
er,er
eh,eh
ae,ae
t,t
ae,ae
uw,w
gcl,dcl
ix,hh
axr,axr
r,r
l,l
uh,el
ae,eh
s,s
ih,ih
l,l
dh,dh
z,z
bcl,bcl
kcl,kcl
kcl,kcl
dh,dh
ix,ey
s,s
hv,hh
ay,ae
ah,ix
ux,iy
ow,ow
ix,ix
ae,ae
ey,ih
d,k
f,f
gcl,kcl
ow,ow
en,n
ix,ix
ix,r
l,l
ao,ao
iy,iy
k,k
n,n
ch,jh
r,r
t,t
ix,ix
ch,ch
y,k
ax,ix
ch,s
tcl,tcl
tcl,dcl
s,s
sh,sh
ae,ae
iy,iy
ax-h,hh
tcl,tcl
ix,ax
ae,ae
gcl,dcl
eh,ey
ix,ix
iy,iy
jh,jh
eh,axr
r,r
w,w
kcl,kcl
f,f
er,axr
m,m
l,l
ay,aa
s,z
l,l
tcl,tcl
w,w
iy,iy
z,s
q,q
ay,ay
ao,ao
f,s
q,q
iy,iy
dh,l
p,p
sh,f
iy,iy
n,n
ih,ae
dcl,v
axr,er
d,dh
ae,ae
dcl,dcl
l,l
s,s
m,m
m,ux
dcl,gcl
q,q
jh,jh
k,k
aa,aa
ow,ow
q,q
dcl,dcl
g,g
l,l
l,l
s,s
t,q
tcl,tcl
v,v
ax,ax
q,q
ix,ix
ay,ay
axr,ax
dcl,tcl
n,n
ih,ix
l,l
n,q
ix,ix
aa,aa
ay,ay
d,t
n,n
p,p
ih,ih
s,s
en,m
ow,ow
sh,s
ah,ah
ae,ae
ao,ao
q,q
ah,ah
n,n
n,m
l,l
l,l
ey,q
bcl,dcl
v,v
hh,hh
s,s
ax,ix
ay,ay
ax,l
tcl,tcl
ao,ao
t,t
t,k
l,l
ey,ey
ax,ax
ae,ae
ay,ay
p,p
kcl,tcl
dcl,tcl
ix,ix
eh,eh
ix,ix
ay,ay
ae,ae
ih,eh
ix,ih
q,q
hh,hh
ix,ih
t,t
jh,ch
er,axr
l,l
s,s
g,g
bcl,bcl
uw,w
ae,ae
n,m
aa,aa
m,m
z,s
s,t
s,s
kcl,tcl
y,y
ay,ay
ux,ix
q,tcl
w,w
q,q
t,t
kcl,dcl
p,p
z,z
ao,ao
s,s
s,s
iy,iy
aa,aw
ix,ih
uw,ux
z,z
ah,ah
ix,dcl
ih,eh
d,d
iy,ey
bcl,bcl
ix,r
ax,r
z,z
ix,ix
kcl,kcl
k,k
ow,ow
ah,ah
kcl,kcl
tcl,tcl
r,r
s,s
ow,ow
z,s
eh,ih
tcl,dcl
y,y
l,l
g,g
uw,ux
m,m
y,y
k,k
q,q
k,k
kcl,tcl
em,l
l,w
ih,ix
eh,eh
dx,dcl
r,r
eh,ih
v,v
pcl,dcl
k,k
l,l
m,m
n,n
l,r
v,v
m,v
q,q
ey,ey
s,s
m,m
eh,eh
ih,ih
hh,hh
ae,ae
kcl,kcl
iy,iy
ih,ih
hv,hv
l,l
kcl,kcl
s,s
ix,ih
r,r
ae,ae
ao,ao
kcl,tcl
ix,ix
ix,ix
iy,ix
ah,ah
pcl,pcl
ae,ae
g,g
jh,jh
kcl,kcl
r,ay
m,m
jh,jh
aa,aa
kcl,tcl
ax,ix
w,w
eh,eh
dcl,dcl
th,th
ae,ae
l,l
ix,ix
ey,ey
r,r
sh,sh
n,ix
q,r
w,w
n,n
iy,iy
z,z
dh,v
tcl,tcl
ah,eh
ix,ih
n,n
m,en
tcl,tcl
l,w
dcl,dcl
n,n
k,k
bcl,m
q,q
s,s
dx,dx
th,f
s,s
kcl,tcl
m,n
ix,ax
kcl,kcl
k,k
ao,eh
ay,ay
ix,iy
y,ix
ao,aa
y,y
ah,ah
p,p
ng,n
ih,ih
sh,sh
jh,ch
s,s
k,k
ah,ix
ae,ae
n,n
m,n
ax,q
f,pcl
dx,dx
q,q
pcl,tcl
t,t
n,n
ae,ah
kcl,kcl
dcl,dcl
s,s
q,q
gcl,n
n,n
iy,iy
iy,iy
bcl,n
n,n
t,t
uw,uw
ax,ix
tcl,tcl
hv,hv
w,w
ih,ix
p,p
w,w
iy,iy
n,n
iy,iy
iy,iy
gcl,kcl
w,w
m,m
s,s
f,s
eh,eh
ng,ng
ay,ay
dh,dh
s,s
ih,ey
l,l
er,er
z,z
axr,eh
l,l
w,w
eh,eh
bcl,gcl
ux,iy
k,k
ax,ix
l,l
tcl,kcl
iy,iy
s,s
ih,ih
kcl,kcl
n,n
ey,ey
dx,dx
iy,iy
ow,ow
iy,iy
ow,ow
r,r
z,z
er,axr
aa,aa
n,n
gcl,dcl
z,z
s,s
ey,ih
k,k
ae,ae
g,k
l,ih
z,z
ix,ax
n,n
s,s
k,k
tcl,tcl
l,l
p,p
ao,ao
ix,ih
l,l
iy,iy
ih,ih
uh,ah
hh,hh
dh,dh
ix,ix
iy,iy
dx,dx
f,f
ix,iy
eh,ih
gcl,gcl
s,s
dx,dx
tcl,kcl
dh,n
ng,ng
gcl,tcl
k,k
ix,ix
z,z
ix,ix
dcl,dcl
ix,eh
dx,dx
ah,ah
w,w
m,n
q,tcl
ae,eh
z,z
n,n
t,dh
dcl,dcl
k,k
dcl,dcl
kcl,tcl
v,v
r,r
sh,s
p,f
hv,bcl
t,t
b,p
l,l
g,k
iy,iy
ix,ax
r,r
ih,ey
ey,ey
w,w
iy,iy
ah,ah
r,r
f,f
n,n
ih,ux
z,z
n,n
f,v
bcl,tcl
m,m
en,n
z,s
l,l
ey,ey
l,l
ih,ix
hh,hh
iy,iy
hh,hh
axr,axr
l,n
r,r
r,r
g,k
q,q
ih,l
ow,ow
aw,aw
pcl,tcl
sh,sh
tcl,k
z,z
l,l
pcl,kcl
aw,aw
ow,ao
ax,ax
q,q
g,q
iy,iy
z,z
ix,l
y,iy
gcl,gcl
ix,ax
q,q
kcl,kcl
w,q
ow,ow
kcl,kcl
ax,ax
iy,iy
dcl,dcl
tcl,tcl
k,k
dcl,dcl
oy,oy
m,bcl
iy,iy
ey,ey
l,ax
dh,k
gcl,kcl
ae,ae
s,s
s,s
tcl,w
tcl,kcl
dcl,tcl
ey,iy
l,l
tcl,tcl
ih,ih
gcl,dcl
t,t
iy,iy
t,ch
r,r
aa,aa
iy,iy
sh,s
ah,ah
z,z
w,w
ow,ow
s,s
sh,sh
ih,l
m,m
ix,ix
tcl,kcl
l,l
p,k
ae,ae
s,s
n,n
jh,jh
iy,iy
k,k
ay,ay
ae,ae
ax,ix
sh,sh
eh,ax
t,t
el,el
dh,dh
l,l
ix,ax
f,f
w,w
tcl,en
ix,ix
t,t
jh,ch
t,t
ux,ux
ix,n
ng,ng
uw,uw
dx,dx
hv,hv
gcl,dcl
s,s
w,w
aa,aa
kcl,kcl
s,s
dx,dx
ow,l
f,pcl
gcl,dcl
ax,ah
ae,ae
ow,ow
v,dcl
n,n
uh,ih
t,t
l,l
tcl,tcl
r,r
ih,ih
ax,ax
z,z
w,w
ix,ix
kcl,kcl
er,er
f,f
l,l
en,n
l,l
nx,n
r,l
s,s
s,s
tcl,k
r,r
l,m
kcl,kcl
bcl,v
ih,ix
w,w
bcl,dcl
th,f
ix,ix
d,dh
ae,ae
ey,ey
n,n
ix,ix
dcl,dcl
ey,ey
gcl,bcl
ux,ih
v,m
t,t
ay,ay
s,s
s,s
ix,ix
k,k
nx,n
n,n
dh,dh
eh,ae
s,s
ix,ax-h
ae,ae
r,eh
iy,ey
pcl,pcl
f,f
ix,ix
ix,ix
z,sh
sh,sh
sh,sh
ix,ix
ae,ae
ae,ae
eh,ey
p,p
v,v
axr,axr
hv,hv
k,k
t,t
s,s
en,en
axr,er
oy,oy
n,n
tcl,tcl
ah,ah
v,ix
eh,eh
iy,iy
n,n
axr,axr
tcl,tcl
ey,ey
ix,ix
ae,eh
ay,ay
q,q
ey,ay
kcl,tcl
p,p
en,en
dh,dh
n,n
f,dh
s,th
l,l
eh,q
q,ix
s,s
k,k
w,w
n,n
kcl,ax-h
ih,ih
ey,ey
d,t
oy,oy
r,r
aa,ay
r,r
ix,ix
iy,iy
pcl,tcl
aa,aa
r,r
z,z
tcl,n
n,gcl
r,r
kcl,kcl
er,er
ax,ax
ao,w
s,s
n,n
ax,ax
aa,aa
dh,dh
ih,ix
ay,ay
ax,ax
tcl,tcl
sh,sh
y,y
s,s
dx,dx
t,t
ix,axr
ng,n
hh,hh
gcl,dcl
eh,eh
l,w
dh,dh
pcl,kcl
ax,ix
l,l
dcl,gcl
p,k
q,q
p,b
r,r
ax,ah
ow,ow
ao,ao
s,s
tcl,tcl
aa,aa
l,w
n,n
k,k
ix,ix
dcl,dcl
f,f
ix,ix
f,f
aa,aa
z,s
q,q
iy,iy
w,w
er,axr
k,k
n,n
ng,n
eh,r
k,k
s,sh
sh,s
p,p
dcl,dcl
dcl,dcl
kcl,kcl
ay,ay
ih,ih
k,k
bcl,bcl
nx,nx
w,w
iy,iy
t,t
ux,ux
dx,dx
d,dh
s,s
ah,eh
ax,ax
em,hh
w,w
ow,ay
s,s
axr,ix
eh,eh
l,l
n,n
f,f
m,m
w,w
ih,iy
m,m
l,l
eh,ay
ix,ix
bcl,dcl
k,k
s,s
aa,aa
s,s
ax,ax
m,m
t,t
er,er
n,nx
w,l
r,r
l,l
ax,ax
hh,hv
m,m
ih,ix
s,s
ih,ih
nx,n
ix,eh
z,z
p,p
ih,r
iy,iy
f,f
v,ix
f,th
iy,iy
n,gcl
s,s
kcl,dcl
dx,dx
pcl,kcl
dcl,gcl
l,l
nx,dh
w,l
n,n
ao,ao
el,el
iy,iy
ey,ey
s,s
kcl,kcl
tcl,tcl
ao,el
k,k
r,r
iy,iy
ux,ux
ay,ay
ih,eh
pcl,kcl
n,n
ax,ax
ae,ay
aa,aa
tcl,tcl
z,s
s,sh
s,s
p,p
n,n
iy,iy
l,q
ih,ix
eh,ey
tcl,tcl
dx,v
kcl,kcl
kcl,tcl
s,s
ae,ae
ah,ah
kcl,tcl
ih,ih
eh,eh
r,r
bcl,bcl
q,w
l,l
kcl,kcl
n,n
s,s
s,s
dcl,tcl
n,n
n,n
l,l
m,bcl
s,s
n,n
dcl,dcl
ch,t
l,l
ix,ix
t,t
q,q
tcl,tcl
uh,eh
r,r
iy,ih
ih,r
y,y
kcl,kcl
ah,ah
k,k
eh,eh
ey,ey
ih,ih
f,f
ae,ae
ao,ao
er,axr
dh,dh
v,v
ix,ix
ae,ae
kcl,kcl
ix,gcl
tcl,ax
d,k
k,k
s,s
s,s
y,y
n,n
bcl,m
t,dh
l,v
p,p
tcl,dcl
f,f
t,dcl
r,r
k,k
dcl,dcl
dcl,dcl
m,ng
ng,n
gcl,dcl
iy,iy
ah,ah
kcl,kcl
k,k
p,p
hh,hh
dh,dh
iy,iy
s,s
m,n
sh,sh
z,z
z,dh
s,s
ao,ao
iy,iy
aa,aa
ey,ey
f,f
ng,ng
k,k
l,l
sh,sh
s,s
ch,ch
uh,ih
oy,oy
ey,ey
iy,iy
ch,jh
nx,nx
s,z
s,s
ix,eh
nx,nx
ao,ao
l,w
ay,ay
iy,ih
s,s
n,iy
ix,ix
ae,ae
jh,d
ah,ah
k,t
p,k
p,p
axr,axr
kcl,kcl
kcl,kcl
ah,ah
ix,ah
er,er
g,g
ey,ey
pcl,dcl
t,t
n,n
n,n
sh,sh
n,n
jh,jh
ax,ax
sh,sh
dcl,dcl
el,ax
s,s
ao,ao
aa,aa
eh,eh
ay,ay
ao,l
l,l
ae,ae
dcl,bcl
iy,iy
hv,hv
f,f
aa,ao
n,n
aa,aw
s,s
ux,ix
ax,ax
aa,aa
ch,ch
iy,iy
k,k
ix,ix
ah,eh
d,d
g,g
ey,ey
dcl,tcl
m,m
q,q
gcl,n
ax,ah
ay,ay
s,z
jh,jh
m,m
r,r
ae,eh
ih,iy
ux,uw
ux,ux
t,t
ix,ix
t,t
ey,iy
l,l
n,nx
iy,iy
s,s
ux,ux
q,q
m,n
kcl,kcl
zh,sh
ah,ah
r,r
ix,ix
dcl,dcl
dx,dx
s,s
r,r
tcl,dcl
s,s
iy,iy
ux,ix
p,kcl
iy,iy
t,t
tcl,tcl
axr,er
aa,aa
hh,hv
ih,ix
axr,er
n,n
r,ax
l,q
kcl,kcl
ay,ay
s,s
iy,iy
k,d
axr,axr
kcl,k
dcl,dcl
ey,ey
ih,ih
eh,eh
pcl,kcl
kcl,dcl
en,n
l,l
p,t
axr,r
ax-h,k
ih,ih
d,m
m,m
l,l
el,ax
ey,ey
tcl,ax-h
axr,axr
ax,axr
kcl,kcl
n,n
ah,ah
iy,iy
iy,iy
sh,sh
t,t
r,r
dh,dh
ay,ay
s,s
k,k
d,d
r,r
l,l
pcl,kcl
ax,ax
f,f
s,s
ay,ay
s,s
aw,aw
ix,ix
r,r
n,n
z,z
bcl,bcl
eh,ae
ow,ao
m,m
iy,iy
n,iy
kcl,pcl
aa,aa
tcl,kcl
z,s
iy,iy
s,s
p,p
uw,r
ix,ix
r,r
er,axr
k,k
l,l
b,b
w,w
tcl,n
tcl,hh
dx,dx
ix,iy
eh,eh
f,f
ah,aa
pcl,pcl
r,r
v,bcl
ix,ix
axr,r
ix,ix
tcl,dx
d,t
ao,ao
k,k
ax,ax
w,uw
f,f
ao,ao
dcl,dcl
s,s
l,l
ax,ah
ih,ih
ih,ix
s,s
l,l
ah,ah
tcl,kcl
m,m
s,s
f,f
s,s
ay,ay
p,p
y,y
aa,aa
pcl,tcl
kcl,kcl
axr,axr
ae,ae
s,s
n,ng
m,m
m,m
ix,q
eh,eh
er,er
k,g
w,w
axr,ax
ax,ax
ng,n
dcl,gcl
s,z
ey,ey
axr,uh
ih,ix
ih,ih
eh,eh
iy,iy
t,k
d,t
ae,ae
ax,ix
tcl,n
l,l
kcl,kcl
ae,eh
ah,ah
s,s
ey,ey
dcl,dcl
z,z
tcl,kcl
bcl,bcl
k,g
s,s
iy,iy
hv,hv
k,k
t,d
ax,l
w,w
aa,aa
en,ax
tcl,tcl
t,t
p,q
en,nx
z,z
z,s
ax,ah
v,v
p,p
ae,ae
ix,ih
uh,ih
q,q
axr,axr
ax,ax
l,l
aa,aa
iy,iy
kcl,kcl
tcl,kcl
d,t
z,sh
ix,ix
l,l
r,r
r,r
dx,dx
s,s
ae,ih
r,r
eh,ix
n,n
w,w
ng,n
hv,hv
pcl,pcl
n,n
ng,ng
t,d
t,t
gcl,tcl
s,s
y,iy
gcl,dcl
ao,ao
kcl,tcl
ay,ay
ix,ix
k,k
ix,ix
w,w
ow,ow
q,q
sh,sh
axr,axr
kcl,kcl
pcl,tcl
iy,iy
ae,ae
tcl,tcl
pcl,pcl
m,m
dcl,dcl
s,s
aa,aa
ux,ix
ah,ah
ay,ae
eh,eh
iy,iy
w,w
l,l
l,l
f,s
kcl,kcl
ae,ae
r,r
ey,ey
r,r
ih,ih
ng,ng
tcl,tcl
ih,ix
dh,v
r,r
dcl,tcl
aa,r
tcl,tcl
l,el
dcl,dcl
aa,aa
eh,ae
iy,ix
z,dcl
tcl,kcl
k,k
ay,ay
dcl,gcl
er,er
sh,sh
iy,iy
dx,dx
ae,ae
l,l
kcl,kcl
f,f
n,n
w,w
p,p
t,t
gcl,tcl
w,dcl
uh,r
w,w
p,p
tcl,tcl
v,v
ax,axr
l,l
m,m
ay,ay
s,s
n,n
ao,ao
ux,ux
k,k
axr,axr
m,m
ax,n
n,n
s,z
hh,k
b,p
q,q
ao,ao
z,z
ae,ae
dcl,dcl
ix,r
l,l
ae,ae
kcl,kcl
y,y
ix,axr
bcl,bcl
axr,r
ae,ae
k,g
ao,ao
ng,m
dcl,tcl
l,l
l,l
aa,aa
dcl,dcl
v,dx
uh,ow
s,s
dx,dx
ax,eh
ax,ax
q,q
s,s
sh,sh
ix,ix
iy,iy
n,nx
iy,iy
dx,dx
dx,tcl
er,er
iy,iy
iy,iy
ix,ix
bcl,en
k,k
n,m
t,t
q,ax
aa,aa
s,s
pcl,pcl
ax,ax
aa,ah
tcl,kcl
ux,iy
y,y
tcl,tcl
jh,ch
aa,aa
ux,ux
ay,er
l,l
dcl,n
ah,ah
bcl,dcl
tcl,tcl
kcl,pcl
ih,eh
bcl,bcl
f,th
iy,iy
n,n
iy,r
ux,ux
iy,iy
ae,eh
w,w
z,s
ih,ix
m,m
dh,dh
n,n
iy,iy
t,d
s,sh
iy,iy
tcl,kcl
ow,ow
ah,ah
axr,er
ix,ix
dx,dx
l,l
er,er
m,m
s,s
kcl,kcl
ax,r
dx,dx
tcl,tcl
q,ix
eh,ix
m,m
q,q
gcl,dcl
eh,ih
pcl,tcl
k,k
tcl,tcl
r,iy
tcl,tcl
z,z
r,r
t,p
k,k
t,d
ih,ih
dh,nx
aa,aa
pcl,pcl
ax,w
m,m
t,t
ae,ae
g,g
iy,iy
v,v
tcl,tcl
w,w
ix,ix
ix,ix
g,k
ay,ae
ax,hv
bcl,bcl
oy,oy
iy,iy
g,k
p,p
t,t
b,p
w,w
ao,ao
ey,ey
r,r
axr,er
r,r
sh,sh
l,l
ao,ao
ah,ah
ow,el
ah,ah
ih,ix
kcl,kcl
r,r
uh,ih
s,s
s,s
n,n
t,t
k,k
g,k
m,m
r,ih
f,f
n,n
w,w
l,l
m,m
ow,ow
dcl,dcl
tcl,pcl
tcl,tcl
w,q
uh,uh
gcl,dcl
dcl,dcl
ih,ih
n,n
k,k
n,n
aa,aa
n,m
s,s
s,s
b,p
g,g
ae,ae
t,t
w,w
eh,eh
ao,aa
axr,axr
y,y
tcl,tcl
p,p
r,dx
n,n
r,er
nx,m
ix,axr
n,n
ih,uh
k,k
ow,ow
dcl,dcl
oy,oy
iy,iy
ae,ae
z,z
aa,aa
k,k
oy,oy
ih,ix
ax,q
dx,jh
s,s
kcl,kcl
eh,eh
f,f
r,r
iy,iy
kcl,kcl
s,z
ae,ae
v,nx
ao,ao
ax-h,ah
l,v
dcl,dcl
y,y
m,m
ao,ao
ae,ae
n,n
z,z
q,q
r,r
iy,iy
ao,ao
ix,ix
n,n
ix,ix
s,s
pcl,f
ax,ax
iy,iy
ih,ih
r,r
ng,gcl
axr,ax
iy,iy
s,s
s,s
sh,sh
pcl,tcl
ix,ix
iy,iy
ng,ng
r,r
p,p
iy,iy
ah,ae
tcl,dcl
ao,ao
ix,ix
er,er
t,jh
ux,ux
ah,ax
pcl,pcl
dcl,tcl
p,p
kcl,tcl
sh,sh
kcl,kcl
ey,ey
ao,ao
axr,er
ix,iy
jh,z
ax,z
v,v
n,en
s,s
bcl,pcl
ae,ae
iy,ih
l,l
n,m
iy,iy
g,k
ax,axr
r,r
z,z
n,n
tcl,tcl
kcl,dx
z,z
ax,ix
axr,r
pcl,kcl
r,r
tcl,kcl
r,r
k,k
w,w
tcl,tcl
b,b
r,r
l,w
l,dh
iy,ix
oy,oy
r,r
ao,ao
m,m
iy,iy
ix,ix
iy,iy
iy,iy
z,z
m,m
ah,ix
gcl,gcl
tcl,tcl
l,l
r,r
gcl,pcl
th,f
q,q
axr,er
ix,eh
w,w
dcl,dcl
l,w
ae,ae
k,k
ch,ch
axr,axr
k,k
ow,ow
ay,ay
ae,ae
r,r
ng,ng
ng,ng
r,r
ae,ae
r,r
l,l
ey,ey
dcl,dcl
ix,q
z,s
eh,eh
w,w
dcl,dcl
iy,iy
sh,s
eh,eh
l,el
q,q
tcl,tcl
k,k
ix,q
pcl,kcl
dh,dh
t,t
z,jh
v,v
ah,ah
eh,ae
f,f
gcl,gcl
s,dh
kcl,kcl
k,k
ow,ow
s,s
w,l
ae,ae
s,s
aa,aa
ax,ah
dx,dcl
tcl,n
ah,ah
tcl,pcl
ae,ae
pcl,pcl
n,n
ix,iy
b,k
dcl,dcl
k,k
ih,ih
m,n
n,n
ng,ng
bcl,dcl
dh,v
f,f
kcl,tcl
ih,ih
m,m
v,d
iy,iy
ah,ae
r,r
m,r
jh,t
k,k
n,n
n,dcl
r,r
er,er
kcl,kcl
ao,ao
p,p
s,s
iy,iy
m,m
s,s
n,nx
r,r
t,t
r,r
ae,ae
ey,ey
s,s
tcl,tcl
r,r
q,hv
d,d
f,f
tcl,kcl
ix,ix
t,dh
gcl,gcl
el,el
z,z
t,t
n,n
bcl,pcl
g,g
axr,axr
iy,ux
ow,ow
dcl,bcl
pcl,kcl
n,n
ix,ix
nx,l
ih,ih
bcl,bcl
ih,ix
r,r
aa,aa
ch,jh
axr,ix
l,l
ae,ae
tcl,tcl
ey,ey
eh,ae
kcl,tcl
l,l
eh,eh
f,f
dh,dh
bcl,bcl
ch,ch
f,th
n,n
s,sh
r,r
m,ng
v,v
jh,jh
kcl,k
m,ix
aa,aa
iy,iy
ih,y
bcl,bcl
ch,ch
ax,ah
sh,sh
ix,ih
tcl,kcl
aa,aa
iy,iy
w,m
w,r
iy,r
iy,iy
t,k
l,l
p,p
z,z
z,s
iy,iy
bcl,bcl
dcl,dcl
r,r
ix,ix
w,w
m,m
r,axr
el,l
n,n
iy,iy
ih,ih
ix,r
y,hh
ah,ah
g,g
r,r
dx,dx
l,w
dx,dx
z,z
jh,z
aa,ao
el,el
jh,jh
kcl,kcl
ax,ix
jh,jh
t,t
k,k
k,q
dh,v
hh,hh
ih,er
ix,ix
tcl,tcl
hh,hh
ih,ih
er,er
l,ao
iy,iy
f,f
n,n
er,er
kcl,kcl
f,f
z,z
ix,ix
ax,ix
ix,ix
s,s
w,w
tcl,tcl
q,q
m,m
d,jh
ae,ae
l,ao
g,g
ix,ix
pcl,pcl
uw,ax
pcl,n
eh,ih
d,d
eh,ae
ax,ax
ix,ix
r,r
f,f
ao,ao
kcl,kcl
ch,ch
ax,ax
k,jh
en,m
iy,iy
ix,nx
g,q
gcl,gcl
n,m
sh,sh
pcl,pcl
k,k
er,axr
th,th
tcl,gcl
q,q
n,n
ae,ae
ao,ao
ax,ah
sh,sh
jh,jh
z,s
ax,ax
ih,eh
axr,er
m,m
iy,iy
tcl,kcl
l,l
iy,iy
s,s
k,k
ix,ix
n,n
m,m
ix,ix
q,q
dcl,dcl
z,s
ih,iy
er,axr
iy,iy
ax,ax
ah,ah
er,er
ax,w
aw,ae
axr,axr
l,r
l,l
th,p
ax,ax-h
l,l
l,l
ih,ih
dx,dx
eh,eh
axr,axr
ih,ix
gcl,gcl
g,g
iy,iy
bcl,n
axr,axr
iy,ey
d,t
kcl,kcl
n,n
m,ng
tcl,kcl
w,w
dcl,dcl
eh,eh
ix,ix
en,bcl
tcl,ax
k,k
q,q
t,t
er,eh
q,q
dh,f
v,v
er,er
eh,eh
dcl,dcl
z,s
s,s
y,n
iy,iy
axr,axr
l,n
y,dx
n,n
aw,ae
ix,ux
tcl,tcl
ng,m
kcl,kcl
s,s
q,q
sh,sh
z,z
iy,iy
f,f
r,r
k,k
m,l
ih,ix
kcl,kcl
v,bcl
tcl,gcl
tcl,tcl
ae,ae
l,l
ax,ax
d,d
dh,dh
l,l
s,s
t,dh
v,v
l,l
kcl,kcl
er,r
f,f
ay,ay
ix,ix
axr,axr
t,t
s,s
m,dcl
iy,iy
n,n
n,n
r,r
oy,oy
ax,ah
ix,ix
dcl,dcl
ix,iy
er,r
ae,ae
m,n
ey,ey
ng,ng
ow,ow
kcl,kcl
m,n
n,n
ix,ix
sh,s
z,z
iy,iy
l,l
r,n
iy,iy
iy,iy
tcl,kcl
r,r
n,n
dcl,dcl
k,k
bcl,gcl
ix,l
eh,ah
s,s
iy,iy
z,z
ey,ey
n,n
q,q
ay,ah
ao,ao
eh,eh
p,p
gcl,gcl
m,ix
iy,iy
iy,y
m,m
n,n
dh,dh
p,p
v,v
l,l
tcl,kcl
kcl,tcl
w,w
dx,dcl
aa,aa
v,v
n,n
iy,iy
iy,ix
er,r
ng,n
ix,l
z,z
s,s
ow,ow
q,ax
em,bcl
ae,ay
k,k
kcl,kcl
r,r
dcl,dcl
t,t
axr,r
ao,ao
s,s
m,n
ix,v
er,er
p,p
iy,ey
ae,ae
n,n
jh,d
v,v
r,r
bcl,bcl
ay,ay
iy,iy
ix,axr
pcl,kcl
kcl,kcl
z,z
ih,eh
s,s
l,l
k,k
k,k
ng,m
tcl,kcl
iy,iy
kcl,kcl
n,n
l,q
ey,iy
ao,oy
s,s
tcl,tcl
f,ax-h
ae,ae
n,n
el,l
ix,eh
r,r
ao,ao
ao,ao
ax,eh
dcl,dcl
ch,sh
n,q
p,p
dcl,dcl
kcl,tcl
ih,ih
n,n
l,l
iy,iy
m,l
f,f
r,r
iy,iy
ng,ng
tcl,kcl
eh,ae
ae,ae
s,s
r,r
eh,ih
g,g
m,m
r,r
kcl,kcl
m,m
ao,ao
ux,iy
gcl,dx
k,k
iy,iy
z,z
ih,ax
s,s
ix,ix
n,n
aa,ao
g,g
dh,dh
r,axr
kcl,kcl
l,ax
ch,sh
ey,ey
q,r
s,s
r,r
ix,ix
n,n
kcl,tcl
iy,ix
g,k
z,z
ih,ih
r,r
w,w
m,m
r,ix
iy,iy
dcl,bcl
ao,ao
n,n
b,b
ux,axr
ao,ao
k,k
ah,aw
p,p
iy,iy
ao,ao
ax,ax-h
axr,r
n,m
n,n
f,f
kcl,tcl
ih,ih
axr,er
iy,iy
aa,aa
y,y
ay,ay
ao,r
aa,aa
bcl,dcl
q,q
eh,eh
v,v
r,er
n,n
kcl,tcl
ey,ey
r,r
n,dcl
ih,ih
zh,zh
r,ix
ix,ix
kcl,kcl
n,n
q,q
n,n
ow,ow
er,er
v,v
d,t
ao,aa
tcl,tcl
gcl,v
ay,ae
l,ow
f,f
jh,ch
ae,ae
iy,iy
ch,ch
p,p
m,n
pcl,tcl
nx,ax
f,f
er,er
ao,ao
uw,uw
dh,dh
g,k
ao,ao
s,s
ix,uw
m,n
ax-h,dh
ay,ay
l,l
l,l
ae,ae
r,axr
s,s
iy,iy
t,t
q,dx
s,s
ao,ao
ih,ix
tcl,tcl
er,axr
kcl,kcl
ae,ae
eh,ix
eh,eh
l,l
ih,axr
ow,ow
z,z
axr,axr
ax,ax
ng,ng
q,q
s,s
s,s
tcl,tcl
er,er
s,s
q,r
f,f
kcl,kcl
ih,ih
p,p
tcl,f
ow,ah
ng,n
kcl,kcl
m,n
aa,aa
b,p
z,z
el,ao
r,r
k,k
gcl,gcl
kcl,kcl
iy,iy
ng,ux
r,r
f,f
ax-h,tcl
axr,axr
ah,ao
r,r
s,s
f,f
ao,ao
er,er
n,dcl
ah,ix
k,k
m,m
er,axr
z,f
f,f
gcl,gcl
z,z
g,k
s,s
ax,ix
ae,ae
sh,sh
s,s
s,s
z,sh
dx,dx
pcl,tcl
k,k
ax,ax
n,n
ih,ix
dcl,pcl
ix,dx
ae,ae
w,w
iy,iy
w,w
p,p
q,axr
l,l
t,t
ax-h,k
m,bcl
iy,iy
ax,ax
ax,l
kcl,tcl
t,t
q,t
l,l
bcl,tcl
v,v
ax,ax
l,l
s,s
ae,ae
w,kcl
ng,ng
m,m
aa,l
ow,ow
ey,ey
w,w
dx,dx
ah,aa
ix,ix
eh,ix
l,l
iy,iy
tcl,k
dcl,v
ax,ah
hh,hh
axr,axr
iy,iy
w,w
ix,ix
v,v
