true_label,predicted_label
bcl,n
ay,ay
kcl,dcl
ix,ih
y,ix
dh,k
ih,iy
r,r
z,s
n,n
ah,el
k,t
jh,jh
ix,ix
aa,aa
ix,ix
n,n
ih,ix
dcl,dcl
ey,ey
s,z
z,z
pcl,pcl
s,s
r,l
kcl,tcl
ah,ao
ih,ih
axr,axr
zh,sh
r,r
ix,ix
iy,iy
t,t
ix,iy
ix,l
s,s
s,s
l,l
ux,ix
y,y
s,s
aa,ao
ah,ih
bcl,bcl
dx,dx
s,s
en,n
ae,ae
r,r
kcl,kcl
r,r
s,f
ix,ix
ux,axr
tcl,dx
n,bcl
t,t
m,n
ae,eh
ay,ay
ao,ao
ih,ih
kcl,kcl
bcl,kcl
ix,iy
s,s
dcl,tcl
v,n
aa,aa
gcl,ix
iy,iy
ng,n
tcl,dcl
dcl,n
iy,ix
dh,dcl
tcl,tcl
ay,ay
er,axr
ao,ao
ax,ix
s,s
w,m
er,er
s,s
p,kcl
ay,aa
hv,hv
ih,iy
ux,iy
bcl,kcl
tcl,tcl
z,z
tcl,kcl
tcl,t
iy,iy
r,r
n,n
tcl,kcl
s,s
z,z
ng,n
eh,eh
jh,ch
k,k
iy,iy
k,k
ey,ey
m,m
ih,ix
l,l
r,r
iy,iy
dx,ix
aa,aa
ay,ay
n,n
m,n
tcl,tcl
tcl,kcl
iy,y
k,p
dcl,bcl
l,l
ix,ah
tcl,tcl
er,ih
g,d
l,l
ix,ix
ix,ix
uh,ax
v,v
kcl,s
s,tcl
ch,jh
ix,en
ix,ix
t,g
ih,ay
ao,r
w,w
dh,t
iy,iy
ey,ey
p,f
th,k
z,s
ix,ix
r,r
s,s
ey,axr
ey,ey
ey,ih
axr,axr
dh,dx
iy,iy
n,dcl
z,s
g,kcl
aa,aa
m,m
kcl,tcl
w,w
pcl,f
oy,ow
p,p
ax,ix
k,q
th,t
gcl,dcl
axr,ey
oy,oy
axr,er
l,ao
ix,ix
ae,ae
s,s
aa,ao
v,r
v,dh
tcl,tcl
n,ix
n,n
iy,iy
dcl,dcl
t,k
w,w
s,s
pcl,tcl
ih,ih
ey,ey
ao,ow
ah,ah
z,z
m,ix
ax,ax
kcl,kcl
r,r
jh,t
q,q
p,k
bcl,q
ah,ah
s,s
ay,ay
s,z
ae,ae
nx,n
w,ao
ih,iy
aa,ay
ix,y
eh,ow
tcl,tcl
iy,iy
dx,dx
y,y
ng,n
pcl,pcl
n,n
ix,ax
iy,uw
t,t
ix,n
bcl,bcl
v,v
tcl,kcl
kcl,pcl
en,n
sh,sh
iy,ux
ax,ih
s,s
iy,iy
l,bcl
f,f
axr,r
l,l
aa,r
t,k
ao,ao
bcl,tcl
n,dcl
tcl,tcl
q,q
ix,iy
ix,ix
ux,ux
m,n
ix,ix
oy,oy
ey,iy
nx,n
iy,ix
ng,ng
bcl,bcl
ih,iy
ux,iy
ey,ey
w,r
s,s
eh,eh
ix,ix
oy,oy
s,s
el,ao
f,f
ix,hv
t,t
ao,ao
r,r
ay,ay
ao,ao
z,z
w,l
el,el
l,l
pcl,pcl
v,ng
f,f
n,n
s,th
n,n
s,s
ax,ix
iy,iy
dh,s
r,ix
eh,ix
s,s
iy,iy
pcl,pcl
ch,t
w,w
w,w
eh,eh
ax,n
s,s
s,s
iy,iy
v,f
l,l
r,r
l,l
k,q
dcl,tcl
er,r
sh,sh
r,r
ux,ih
t,t
ix,axr
t,dh
p,p
dh,dh
ow,ow
dx,ix
kcl,tcl
sh,sh
ih,eh
v,v
w,w
iy,y
n,n
n,n
ae,ae
f,pcl
n,n
ax,ax
dh,dx
ih,ih
n,n
ow,ow
dcl,dcl
w,w
n,n
oy,oy
dh,dh
tcl,tcl
t,k
tcl,t
ay,ay
w,w
ae,ae
s,f
gcl,dcl
s,s
ix,ix
ix,ix
dcl,bcl
jh,k
g,k
dcl,n
l,l
dh,dh
ae,ae
axr,axr
ay,ay
z,z
dh,tcl
axr,r
kcl,kcl
sh,sh
f,f
ih,ng
n,n
v,r
l,el
ae,ae
iy,iy
q,l
eh,ih
pcl,p
tcl,kcl
n,n
axr,r
tcl,pcl
q,tcl
l,dh
z,z
pcl,tcl
dh,dh
z,s
tcl,kcl
f,f
q,q
aa,aa
m,n
bcl,bcl
f,hh
g,k
ux,ix
z,s
f,f
ax,ih
ih,l
ix,ix
ae,ae
eh,eh
n,n
ax,ix
tcl,dcl
ix,r
l,l
ix,eh
r,ax
aa,aa
axr,ix
k,kcl
eh,axr
r,r
k,k
aa,aa
n,n
p,p
kcl,tcl
w,k
ix,ih
aw,aw
aw,aw
d,dx
l,l
uh,ih
q,nx
ae,ae
m,m
p,k
p,p
n,n
n,n
kcl,pcl
tcl,kcl
ix,ix
s,s
f,f
m,n
ih,ey
ax,ax
s,s
hv,hv
w,ao
q,dh
m,m
iy,iy
t,t
pcl,pcl
ng,gcl
kcl,kcl
gcl,gcl
y,dcl
ay,ay
er,er
iy,iy
l,l
oy,oy
n,n
bcl,bcl
s,tcl
th,f
hh,hh
jh,k
sh,sh
axr,v
s,s
ix,ix
ey,ey
iy,iy
ix,ih
jh,jh
k,k
s,s
uh,l
l,l
ow,ih
ax,ix
ey,ih
iy,ix
ay,aa
iy,iy
ae,ae
p,p
dh,d
s,s
s,s
ao,aa
m,m
m,m
iy,dcl
dh,d
f,kcl
t,t
f,z
ay,ae
dcl,dcl
ch,t
k,k
r,r
el,el
q,el
ae,ae
bcl,f
s,s
z,s
ux,n
pcl,f
s,s
y,y
m,ih
ae,ae
ux,ux
iy,iy
uw,ix
p,tcl
w,w
k,k
p,f
r,eh
l,l
k,k
ih,ix
iy,iy
th,tcl
w,w
ix,ix
ay,ay
r,r
r,r
ax-h,q
ix,ih
n,n
s,s
aa,ao
ey,ey
ae,ah
s,s
k,k
z,z
ao,ao
l,n
bcl,bcl
eh,q
t,t
dcl,dcl
ax,nx
ih,ix
dx,tcl
t,t
aa,aa
t,sh
eh,ih
z,tcl
z,v
q,tcl
k,p
q,q
aa,ah
bcl,dcl
n,n
ao,ao
dcl,dcl
s,s
ch,ch
n,n
l,l
oy,oy
kcl,k
tcl,kcl
y,ux
y,iy
s,s
w,w
n,n
el,l
k,k
eh,ey
kcl,kcl
eh,ix
k,k
l,ow
ih,ey
ax,n
ix,iy
ih,ih
kcl,k
r,r
r,ix
l,l
l,ax
m,n
ao,ao
pcl,pcl
f,f
iy,iy
l,l
iy,ix
iy,iy
dh,n
f,s
er,r
r,r
t,t
r,iy
tcl,tcl
l,l
iy,iy
dcl,dcl
s,s
r,ax
g,dx
kcl,gcl
z,z
ao,ao
ih,eh
r,w
r,ax
f,f
w,w
ax,ax
eh,eh
ao,ow
sh,sh
ih,ax
s,s
s,z
s,s
ow,ow
l,w
ax,ax
ih,ix
kcl,tcl
aa,ay
ah,ix
ax,ax
ao,aa
dh,l
ey,ey
s,s
aa,aa
s,s
k,s
b,k
ae,ae
f,p
iy,iy
ih,ix
aa,aa
q,q
t,t
d,d
ax,w
tcl,dcl
k,k
ae,ae
kcl,gcl
n,n
oy,oy
n,n
l,l
sh,sh
ae,r
n,n
hh,hv
ix,gcl
ow,ow
ow,ow
iy,iy
er,axr
n,n
iy,iy
ow,ao
t,k
ax,n
ih,ux
s,s
bcl,n
dh,dh
en,tcl
kcl,dcl
eh,ax
f,f
p,p
er,r
m,ng
k,k
gcl,gcl
z,s
ih,iy
r,r
ix,ix
y,y
ih,ix
t,t
dh,k
n,n
axr,ix
k,dcl
n,n
ih,ih
m,m
l,q
l,w
l,l
ux,ux
ux,ux
n,n
ao,ao
ow,ow
tcl,kcl
p,d
dcl,dcl
l,l
q,q
ix,n
ey,n
tcl,q
dh,dh
ao,ow
tcl,kcl
f,p
dcl,n
axr,r
eh,ih
eh,ae
q,q
ow,ow
q,ix
dcl,th
q,q
ey,ey
dcl,bcl
ae,ey
n,ix
kcl,kcl
ow,ow
nx,ix
iy,ix
m,n
kcl,kcl
m,m
zh,sh
ah,aw
er,r
ax,ix
iy,iy
aa,ae
y,iy
gcl,n
ix,r
l,l
f,kcl
ah,ih
ih,ux
ey,ey
r,r
ow,ow
tcl,tcl
t,t
r,r
axr,r
s,s
ao,ao
dcl,dcl
r,r
tcl,dcl
s,z
r,r
l,l
dcl,dcl
ao,ao
r,r
n,ng
uw,r
n,dh
ah,ao
n,n
t,t
t,t
ey,ey
jh,f
kcl,tcl
r,r
ah,ay
ay,ay
r,r
z,jh
r,r
ix,ix
en,ax
k,d
kcl,kcl
aa,aa
l,l
p,p
ih,eh
oy,oy
m,n
tcl,tcl
t,t
p,kcl
s,s
ih,iy
m,n
w,el
iy,iy
v,v
w,w
sh,sh
r,r
iy,iy
v,hv
m,m
dcl,n
ux,ix
iy,iy
ih,ix
ax,ax
aa,aa
axr,er
gcl,dcl
n,n
dcl,dcl
jh,ch
dcl,bcl
r,r
ao,aa
n,n
iy,iy
ae,ae
pcl,tcl
aa,ay
t,p
ch,k
iy,iy
kcl,f
dx,tcl
iy,iy
nx,m
aa,eh
th,s
s,s
r,r
pcl,tcl
n,n
r,r
oy,oy
l,l
tcl,tcl
ow,ow
ix,r
sh,sh
ow,ow
ao,ax
ux,ux
w,w
r,q
uw,r
z,z
hh,hh
n,n
dx,r
eh,ih
n,n
dx,dx
b,dh
l,m
s,s
n,n
r,r
aa,ao
ix,iy
iy,iy
ae,ae
ux,ux
s,s
ix,ix
l,l
aa,ow
aa,ao
tcl,kcl
ax,ax
dcl,kcl
kcl,kcl
s,z
er,axr
ch,sh
ix,ix
ae,ae
ih,l
m,l
iy,iy
ng,n
l,l
n,m
kcl,kcl
eh,eh
bcl,bcl
dcl,tcl
w,w
ch,ch
dcl,kcl
uw,ux
l,ow
n,n
s,s
ax,ix
aa,ae
n,n
th,dx
z,s
uh,ao
s,s
ih,ih
v,v
ax,n
gcl,gcl
iy,iy
th,tcl
m,m
q,l
eh,ae
k,k
nx,dx
ax,ax
tcl,kcl
s,s
s,s
kcl,m
tcl,tcl
dh,f
ey,iy
p,t
aa,ao
f,k
v,z
w,r
bcl,tcl
w,w
n,gcl
kcl,kcl
s,s
kcl,kcl
s,s
n,n
dh,pcl
oy,oy
er,axr
aa,aa
s,z
p,p
n,m
ay,ay
f,f
l,w
s,s
ax,ax
l,l
l,n
kcl,pcl
ih,ix
eh,ae
ng,n
er,r
z,s
ax,ax
n,n
ey,ey
ao,r
tcl,tcl
n,n
p,p
aa,aa
iy,l
iy,iy
ix,ix
l,l
k,t
sh,sh
iy,iy
w,w
s,f
t,t
z,dcl
dh,dh
z,jh
r,r
s,s
ix,ix
ih,ih
ey,ey
ey,ih
axr,eh
n,n
tcl,kcl
sh,sh
n,n
tcl,tcl
ix,ix
ch,ch
kcl,k
s,s
t,t
m,n
ax,l
r,r
bcl,v
ey,iy
s,s
iy,iy
m,m
iy,iy
er,er
z,dcl
f,s
pcl,pcl
ao,ao
r,r
z,v
iy,iy
m,n
t,d
ix,iy
k,k
aa,aa
sh,sh
dx,dx
ix,ix
axr,ih
kcl,kcl
aa,ao
ix,ix
ix,iy
sh,s
ih,eh
iy,iy
pcl,kcl
el,q
kcl,k
eh,ih
pcl,tcl
ax,el
gcl,n
kcl,kcl
k,k
r,r
m,n
tcl,bcl
l,l
dx,dx
dh,t
ay,ae
jh,k
kcl,tcl
ow,aw
iy,iy
y,iy
r,r
m,n
kcl,pcl
l,l
k,k
th,s
eh,ih
r,r
ih,ih
l,l
kcl,tcl
ao,ao
dh,dh
z,z
oy,ao
sh,sh
tcl,v
k,dh
l,l
aa,ao
ih,ih
kcl,tcl
w,w
v,l
k,k
ax,n
ao,ao
k,k
er,ix
n,dcl
pcl,tcl
ax,l
m,m
g,g
n,dcl
q,q
ix,ix
pcl,tcl
ix,ix
kcl,f
n,q
sh,sh
el,kcl
l,ax
r,r
iy,iy
k,k
k,k
dcl,tcl
v,hv
iy,iy
s,s
l,l
tcl,tcl
iy,iy
q,q
ax,ix
dh,bcl
ix,ix
aa,ao
y,iy
l,l
kcl,kcl
ih,ih
zh,jh
r,r
iy,iy
g,g
tcl,pcl
n,n
ax,l
kcl,kcl
n,m
v,v
iy,iy
v,v
iy,iy
ao,w
w,w
dx,nx
ix,ix
ae,ae
l,l
iy,iy
k,dx
f,f
p,p
kcl,kcl
k,k
k,p
z,s
s,s
r,r
ix,ix
bcl,dcl
ah,ah
kcl,tcl
ch,t
p,k
ao,ao
iy,iy
q,q
tcl,g
ey,ey
r,r
n,n
ay,ay
jh,v
ix,ix
z,k
kcl,tcl
k,k
m,n
iy,iy
p,p
jh,d
tcl,tcl
ih,ih
iy,iy
l,n
t,t
ay,ay
n,n
tcl,dcl
t,ch
ax,ix
s,s
t,s
z,z
iy,iy
pcl,pcl
z,z
ao,l
r,r
ey,ey
dcl,dcl
s,s
m,m
r,r
l,ay
ah,ao
axr,r
g,k
tcl,n
l,el
ax,q
gcl,tcl
aa,ao
pcl,pcl
ux,ux
l,n
t,t
pcl,tcl
g,g
gcl,dcl
ax-h,ix
s,s
z,s
q,q
ux,ux
axr,axr
hv,hv
iy,iy
tcl,pcl
p,p
ih,iy
sh,sh
s,s
iy,iy
iy,ih
sh,sh
dh,ax-h
ay,ay
n,n
dcl,bcl
ao,ix
ae,ae
ah,ae
r,l
ay,ay
ix,iy
w,tcl
ow,ow
ux,iy
pcl,bcl
w,l
ao,uh
axr,r
jh,jh
t,dh
kcl,kcl
m,m
q,l
dcl,kcl
ix,ix
ow,ao
iy,ix
l,l
bcl,bcl
f,f
m,m
tcl,n
tcl,kcl
s,z
aa,ae
n,m
kcl,kcl
s,s
ix,q
l,l
ax,ax
dx,q
ae,ae
n,n
ih,iy
r,r
ae,ae
s,s
l,ow
ih,ih
s,sh
r,r
uw,w
m,ux
ix,ih
m,n
sh,sh
p,k
l,r
ng,ng
ih,ix
ow,ow
ih,ih
l,l
ao,ao
q,q
l,ax
n,m
w,w
y,iy
ix,ix
ix,ix
ow,aw
sh,ch
aa,ow
z,tcl
s,s
nx,n
iy,ix
s,s
dx,dx
p,p
hv,hv
n,n
n,n
ay,ay
nx,ix
nx,n
eh,r
eh,ih
g,k
ix,n
eh,ix
dcl,dcl
ih,ih
gcl,z
m,m
sh,s
r,r
d,t
iy,iy
ng,ng
ix,iy
n,n
uh,ae
ae,ix
s,s
q,tcl
dcl,dcl
ih,ih
p,l
hv,hv
ix,ih
k,k
kcl,kcl
l,w
gcl,gcl
s,s
hh,hh
s,s
nx,q
b,kcl
ow,ao
ey,ey
aa,q
eh,ix
iy,iy
q,q
ng,n
t,t
ux,iy
w,l
iy,iy
ae,ae
en,n
w,n
ax,ix
dcl,tcl
m,m
dx,dx
z,s
s,t
dx,kcl
s,s
jh,jh
ih,ih
l,l
m,m
aa,aa
pcl,kcl
iy,iy
n,n
ae,ae
ix,ix
ow,ow
dcl,dcl
ix,eh
eh,ix
hh,hh
ay,eh
g,n
dcl,m
ix,ix
z,z
p,p
s,s
th,th
gcl,gcl
t,q
eh,ix
th,s
sh,sh
sh,sh
p,k
z,s
ey,ix
l,l
s,s
el,l
nx,nx
ey,ey
q,tcl
kcl,gcl
eh,eh
s,s
q,n
g,kcl
ih,ih
p,p
axr,l
sh,sh
eh,eh
aa,ao
k,k
ix,l
axr,axr
eh,eh
gcl,v
bcl,bcl
t,ix
ah,aa
ay,aa
pcl,bcl
ao,ao
n,n
ax,r
bcl,bcl
w,kcl
q,q
ax-h,p
k,k
q,p
m,n
kcl,tcl
jh,z
ae,ay
v,pcl
v,d
kcl,tcl
l,ax
w,w
ih,iy
s,s
r,l
t,d
tcl,tcl
y,ix
n,n
v,v
n,n
ah,l
tcl,tcl
th,tcl
z,z
ae,ae
ix,ix
n,n
kcl,kcl
k,k
kcl,tcl
ix,iy
dx,dh
l,l
gcl,n
ix,axr
bcl,bcl
s,s
p,p
iy,iy
er,eh
k,k
pcl,pcl
ax,ax
tcl,kcl
iy,iy
ey,ey
tcl,tcl
ix,ih
s,z
l,l
l,ax
k,kcl
s,s
q,tcl
n,n
q,q
hv,hv
ow,ao
ay,ay
s,s
axr,r
m,n
aa,aa
l,l
ah,ah
t,t
ao,ax
aw,aw
axr,axr
gcl,kcl
aw,aw
ah,ow
ch,k
w,w
r,k
ih,ih
f,f
dx,dx
ih,ih
n,n
f,f
ih,ih
en,n
iy,iy
jh,jh
bcl,tcl
ey,iy
z,s
t,k
axr,r
eh,eh
iy,iy
dh,l
w,n
n,n
ae,ey
z,z
z,z
dcl,dcl
eh,ix
hv,p
f,f
en,ix
eh,ih
dh,ax
w,el
m,m
ix,ix
hh,hh
ow,aw
eh,iy
dh,v
g,t
ey,ey
oy,oy
uh,ih
r,r
ih,ix
tcl,kcl
q,q
ix,iy
m,n
ih,r
m,l
sh,sh
er,er
iy,ix
axr,r
ih,ix
ix,iy
tcl,tcl
dx,ix
iy,iy
l,l
m,bcl
ix,ix
r,r
ow,eh
ey,ey
jh,jh
ay,ay
ey,ey
r,r
kcl,kcl
y,y
ae,eh
k,k
q,q
s,s
tcl,tcl
tcl,dcl
ao,ao
y,iy
en,n
ao,ao
w,w
s,s
th,s
ih,ax
aa,r
y,iy
t,t
iy,iy
iy,iy
ae,hv
k,k
ao,q
k,q
p,kcl
y,hv
z,s
ae,ae
iy,iy
tcl,tcl
s,s
k,k
hh,hv
y,iy
dx,n
v,l
sh,sh
ix,ih
nx,n
ao,ah
r,r
ih,ix
r,r
dcl,dcl
m,m
ch,ch
eh,ae
iy,iy
ix,n
t,f
ah,ah
f,f
iy,iy
l,l
s,s
t,jh
n,n
kcl,kcl
el,ow
v,v
hh,hh
w,w
iy,iy
axr,r
ih,ix
s,s
z,z
p,hh
dcl,tcl
z,z
tcl,tcl
s,s
jh,t
ow,ow
ao,ao
y,iy
z,s
eh,eh
axr,axr
uw,uw
ih,ih
ow,ow
l,l
y,hv
ix,ix
ax,l
k,k
s,s
pcl,tcl
ae,ae
ah,ih
g,k
kcl,kcl
ey,ey
bcl,n
kcl,kcl
v,v
w,w
pcl,pcl
aa,ao
t,s
tcl,k
l,l
m,n
oy,aa
tcl,tcl
hh,ix
s,s
l,l
iy,iy
s,s
ix,iy
ch,ch
r,ao
n,tcl
tcl,z
ng,ng
tcl,pcl
n,n
ih,ah
r,axr
l,l
z,s
ix,ih
ih,ix
kcl,tcl
kcl,tcl
w,w
y,iy
ch,ch
k,d
ax,l
ih,ih
tcl,tcl
ih,ih
p,hh
tcl,dh
iy,iy
er,er
zh,s
l,l
ix,dcl
pcl,tcl
ih,iy
ax,ix
n,m
n,v
w,l
ae,ae
jh,jh
s,s
ix,ih
ae,aa
ix,ix
dcl,dcl
eh,eh
r,r
m,l
z,s
gcl,gcl
n,n
s,s
k,ch
p,p
ax,ax
y,kcl
dcl,tcl
n,n
pcl,pcl
k,k
kcl,tcl
ix,ix
kcl,tcl
tcl,tcl
n,n
ey,ey
ih,er
n,m
ae,aw
el,ao
hv,hv
kcl,kcl
p,p
w,w
dx,dx
l,l
n,n
f,pcl
ay,aa
w,l
kcl,tcl
k,k
m,m
ah,l
f,f
ix,ix
ao,ao
m,m
dx,ax
r,r
l,w
tcl,kcl
tcl,tcl
l,l
v,f
ix,ih
v,v
kcl,kcl
r,r
iy,iy
q,q
sh,sh
aa,aa
axr,axr
bcl,bcl
d,d
tcl,gcl
iy,iy
ay,ay
jh,d
iy,iy
sh,s
dcl,pcl
pcl,pcl
kcl,tcl
t,t
ow,el
l,l
dcl,dcl
ax,ix
s,s
r,r
w,w
ih,ix
ey,ih
ey,ey
ih,ih
t,t
m,m
v,v
iy,iy
th,p
ix,iy
q,n
pcl,kcl
s,s
ix,ix
ih,ih
uh,ih
ux,uw
tcl,tcl
ih,ih
ax,ax
l,l
t,kcl
m,m
m,n
dh,l
m,m
iy,iy
r,r
k,k
th,f
l,oy
eh,eh
k,p
aw,aa
s,s
ow,l
r,axr
uh,el
f,f
l,l
aa,ay
k,k
eh,eh
pcl,pcl
ey,iy
iy,iy
t,t
gcl,kcl
ay,aa
aa,ao
iy,iy
ih,ix
ix,ax
n,n
aa,aa
tcl,n
ey,ey
ix,q
ay,eh
s,s
ix,ix
ih,ix
uw,ux
pcl,bcl
d,k
tcl,tcl
iy,iy
t,t
r,axr
kcl,p
n,n
bcl,dcl
l,l
ah,ao
q,tcl
s,s
nx,n
ux,ux
dcl,pcl
t,t
s,s
ih,ih
r,axr
ih,iy
ih,ih
t,t
ow,ao
k,k
v,n
kcl,dcl
iy,iy
ng,ng
iy,ey
v,tcl
tcl,q
v,v
axr,q
iy,iy
el,ax
ax,ix
ah,eh
g,d
k,k
ae,ae
r,r
s,s
pcl,bcl
ih,ih
t,p
sh,sh
dcl,dcl
ay,ay
s,s
r,r
ay,ay
t,t
f,f
kcl,tcl
aa,aa
dh,f
oy,oy
ao,ao
er,r
ix,ih
axr,r
z,s
v,axr
ae,ae
y,y
axr,r
ix,ix
s,s
q,q
tcl,kcl
jh,jh
ey,ey
r,r
er,er
tcl,tcl
ih,eh
ih,ix
s,k
dh,dh
ao,aa
iy,iy
l,l
q,q
ux,iy
v,v
z,z
ao,ao
t,t
sh,s
k,k
kcl,tcl
hv,hv
tcl,kcl
ix,ix
ah,ax
w,m
n,ix
z,s
ih,iy
ch,hh
aa,aa
ix,ih
l,l
kcl,pcl
dx,dx
ih,iy
m,n
tcl,k
t,t
s,t
m,n
n,ng
s,s
eh,n
k,k
pcl,kcl
ay,aa
kcl,kcl
r,r
s,s
kcl,pcl
ih,ih
ae,ae
ix,ix
kcl,kcl
ae,eh
tcl,tcl
ix,ix
v,v
ix,ih
eh,axr
dcl,tcl
r,r
zh,z
pcl,tcl
iy,iy
ah,ah
l,l
pcl,f
ix,ix
n,n
kcl,kcl
axr,axr
pcl,tcl
iy,ih
m,n
w,el
bcl,n
r,r
ow,ow
t,t
ax-h,k
n,n
l,l
y,y
ae,ae
z,z
oy,oy
n,n
n,gcl
dcl,dcl
axr,axr
sh,sh
ao,ao
ax,ix
ix,ix
eh,eh
dcl,gcl
eh,eh
gcl,tcl
f,f
ay,ay
m,m
iy,ey
tcl,tcl
axr,r
dcl,dcl
iy,ix
ey,ey
sh,ch
p,p
eh,eh
g,kcl
dcl,v
ih,ih
v,v
l,l
n,n
f,f
m,m
ax,w
l,w
ax,ix
w,l
ow,eh
ah,ah
d,q
ix,iy
tcl,tcl
s,s
kcl,kcl
f,f
ix,r
ao,ao
ng,ng
ey,ey
z,z
s,s
v,v
axr,r
dcl,dcl
ax,ax
v,f
l,l
ax,ax
ay,ay
q,kcl
ix,ax
kcl,dcl
dcl,tcl
q,q
t,t
dx,v
uw,l
w,q
dh,p
g,t
axr,r
bcl,dcl
ah,ix
ix,r
eh,ae
ux,ix
ix,ix
k,k
ey,ey
z,z
z,s
el,el
ix,ix
dcl,dcl
k,q
s,s
iy,q
p,kcl
z,z
m,m
aw,aw
n,n
kcl,kcl
g,k
ix,ix
ux,ux
uw,el
gcl,gcl
tcl,w
t,t
w,l
ih,ih
dcl,dcl
r,n
ih,eh
dh,m
ih,ih
l,l
r,r
axr,r
kcl,tcl
ix,dcl
k,k
sh,sh
q,iy
s,s
s,tcl
ae,ae
sh,sh
gcl,dcl
ax,ix
ix,ix
bcl,gcl
n,n
ng,ng
t,t
r,r
ey,ey
ux,ey
z,s
n,gcl
z,s
n,m
m,n
k,tcl
ao,l
iy,iy
ah,eh
t,t
ae,ae
n,n
dx,ix
sh,sh
n,iy
m,n
ay,ay
axr,axr
l,ao
aa,aa
aa,aa
dcl,dcl
tcl,tcl
iy,iy
l,l
w,bcl
g,k
tcl,tcl
p,d
ae,eh
eh,ix
kcl,kcl
ux,iy
axr,axr
ow,ow
sh,sh
ow,ow
tcl,tcl
ix,ix
kcl,kcl
tcl,t
m,n
ay,ae
m,n
ch,ch
ey,ih
n,hv
ow,l
ow,ow
ux,ux
axr,axr
ax,eh
aa,aa
w,w
f,f
iy,y
ix,v
ae,ae
ah,ay
th,k
l,l
f,f
ch,ch
tcl,tcl
q,ix
tcl,kcl
w,w
n,ix
m,l
ae,ae
w,q
ah,ae
bcl,f
hh,k
n,iy
en,n
er,axr
ih,axr
ng,n
y,iy
ay,ae
el,el
iy,ix
ay,ay
oy,oy
r,r
tcl,tcl
er,ao
s,t
ng,l
th,th
kcl,tcl
s,s
ao,ao
ae,ae
t,p
s,s
eh,ah
aa,aa
ng,v
t,t
ih,ih
q,q
v,r
s,sh
ae,ae
m,m
tcl,kcl
dh,hv
ix,iy
ae,ae
ax,ax
aa,eh
el,el
tcl,kcl
ao,ao
axr,axr
er,r
axr,r
n,n
l,dh
r,r
gcl,tcl
k,k
k,k
ax,ax
z,z
ix,ix
iy,iy
ae,ae
kcl,k
ix,ix
r,r
l,l
l,l
l,l
ao,el
iy,ix
gcl,dcl
ix,ix
q,ax
axr,axr
kcl,kcl
ae,ae
z,s
ih,ax
m,m
g,g
ao,ao
t,dh
ow,l
eh,eh
dcl,dcl
ax,r
ae,ae
aa,aa
ay,axr
eh,ae
ey,ih
ey,ey
q,q
k,k
r,r
eh,eh
n,n
axr,axr
tcl,z
r,axr
aw,aw
pcl,k
n,tcl
s,s
n,hv
eh,ih
ax,ix
aa,aa
ix,ix
dcl,bcl
t,t
dh,th
l,el
ix,eh
v,v
p,k
ow,ow
dcl,dcl
l,l
t,t
s,s
n,n
ih,ih
gcl,n
p,jh
r,l
ae,ae
m,m
k,p
m,n
y,ix
axr,r
kcl,pcl
dcl,dcl
ix,iy
ae,ae
z,z
tcl,tcl
y,iy
d,k
ih,ih
tcl,tcl
hv,hv
iy,iy
ih,ix
bcl,tcl
kcl,kcl
w,w
k,k
er,axr
iy,ey
r,r
s,s
kcl,kcl
ix,ix
f,v
dx,n
y,y
ux,ux
ao,ao
v,v
iy,iy
w,w
w,w
iy,iy
ao,ao
l,w
hv,hv
w,v
m,m
m,m
iy,iy
ae,ae
q,q
kcl,tcl
pcl,gcl
m,m
z,z
axr,r
dh,dx
bcl,bcl
iy,iy
tcl,dx
n,n
ih,ih
n,n
t,d
aa,aa
ey,ey
ah,ax
l,l
aa,aa
iy,iy
hh,k
bcl,pcl
er,r
w,w
tcl,tcl
ih,ih
aa,aa
t,t
bcl,pcl
ih,eh
q,axr
v,v
k,k
el,el
l,l
axr,r
axr,r
ux,ix
w,w
dcl,dcl
l,l
iy,ux
y,iy
t,t
m,n
ae,ae
ay,ae
ax-h,ax
th,p
er,ix
iy,r
z,s
w,l
k,k
r,r
ng,ng
ih,iy
m,n
ow,ow
ow,ow
pcl,bcl
d,t
ix,ih
ux,iy
l,q
ey,ih
n,n
ay,ay
aa,ao
iy,iy
kcl,pcl
kcl,kcl
r,r
m,n
kcl,kcl
ay,ay
iy,iy
ao,ao
ix,ix
n,n
s,s
dcl,tcl
ih,ih
sh,sh
ao,ao
z,s
el,el
m,m
r,r
r,r
t,dh
r,r
y,y
g,dx
y,iy
ao,ao
ae,ey
ax,l
z,z
el,ow
r,g
iy,iy
ng,n
kcl,kcl
w,v
l,l
el,el
gcl,pcl
ao,ao
s,s
ow,l
sh,s
ay,ay
r,r
iy,iy
r,r
iy,ix
r,v
iy,iy
m,m
ae,ae
tcl,tcl
q,iy
g,dh
z,z
ae,r
s,s
s,s
kcl,tcl
n,ix
l,l
s,s
dx,dcl
tcl,kcl
iy,iy
ax,v
en,n
tcl,tcl
ao,aa
t,t
b,k
er,r
gcl,y
s,s
ae,ae
aa,ao
r,r
w,n
ih,iy
n,n
w,w
r,r
kcl,kcl
ih,iy
ey,iy
ix,ix
v,tcl
uw,ux
n,m
l,nx
f,pcl
ao,ay
tcl,kcl
v,w
pcl,tcl
zh,jh
f,t
dh,dh
dcl,dcl
ey,ey
ae,ay
s,t
dcl,dcl
ix,m
dh,tcl
sh,sh
aa,axr
t,k
ih,ix
k,k
kcl,kcl
axr,ao
axr,axr
t,jh
ix,iy
n,n
tcl,tcl
ix,ix
en,n
iy,ix
f,f
k,kcl
tcl,d
ah,ah
r,r
n,n
ix,q
k,k
iy,ih
bcl,tcl
el,ow
ow,ax
uw,ow
r,r
z,k
ay,ay
ey,ey
iy,ix
ix,ix
p,dh
ux,ux
iy,ix
tcl,tcl
d,g
ay,ay
ao,r
ae,ae
aa,aa
axr,r
n,n
iy,iy
ax,ix
tcl,tcl
ih,ix
pcl,bcl
y,ih
ch,ch
n,n
iy,ih
dcl,dcl
eh,ix
gcl,kcl
ix,ix
bcl,dh
ih,ih
v,v
y,ix
aa,ah
nx,ix
tcl,kcl
iy,iy
ey,ih
pcl,pcl
ey,ey
kcl,kcl
s,s
l,l
iy,iy
dcl,tcl
el,l
gcl,kcl
eh,eh
l,l
kcl,f
iy,iy
p,p
tcl,kcl
dcl,g
q,ix
n,n
l,l
oy,oy
m,m
n,dh
ax,ax
s,s
l,ax
ix,ix
l,l
kcl,tcl
r,r
dcl,n
axr,r
t,t
k,k
y,ix
iy,iy
iy,iy
s,z
ih,ax
kcl,tcl
r,r
ux,ix
ax,ax
gcl,ng
axr,axr
r,r
ay,ay
hh,hh
iy,iy
iy,iy
y,y
ao,ao
l,l
iy,iy
ey,ey
t,t
m,w
m,m
ih,ix
z,z
ay,ay
pcl,kcl
ng,n
tcl,tcl
n,n
iy,ix
q,q
hv,hv
ng,n
iy,iy
ae,iy
ix,iy
q,k
ow,ow
m,n
b,d
q,r
w,jh
iy,ey
ae,ae
eh,ih
ax,ix
w,w
kcl,kcl
ay,ay
ae,ae
iy,ix
ae,ae
f,f
hh,l
er,r
s,s
k,k
ah,ax
m,r
ax,l
l,l
p,f
aa,aa
ay,ay
eh,ah
f,f
g,t
d,g
w,w
oy,oy
n,en
f,f
ay,ay
n,n
eh,eh
r,r
n,n
sh,ch
q,q
f,hh
r,r
ix,ix
axr,axr
r,r
er,r
l,n
z,z
bcl,dcl
sh,s
v,v
r,r
ao,l
kcl,tcl
z,s
aa,ao
gcl,tcl
n,ax
iy,iy
k,q
axr,r
dcl,bcl
l,l
hh,kcl
g,g
ax,ax
n,n
ix,l
pcl,tcl
ix,ix
l,l
v,v
z,z
d,jh
dcl,bcl
s,s
t,t
s,s
q,q
ah,oy
ow,ow
ah,ah
r,r
ix,ix
q,q
dh,dh
z,z
eh,eh
ah,ax
iy,iy
f,f
kcl,z
t,tcl
l,l
aa,aa
l,q
ay,ay
ao,ao
t,t
s,s
pcl,tcl
ng,m
r,ax
z,s
eh,ix
iy,iy
n,n
ah,l
ax,l
aw,ae
m,m
ih,ax
p,p
ae,ae
g,q
b,dcl
g,n
gcl,z
ix,ix
dcl,dcl
n,n
ae,ey
l,bcl
dcl,dcl
tcl,tcl
uh,ix
ih,ih
s,s
z,gcl
ix,l
r,r
dx,n
l,ix
ix,l
s,s
l,ix
ey,ey
iy,iy
r,r
k,k
axr,k
r,dh
gcl,n
pcl,tcl
ih,ih
eh,eh
r,r
ix,ix
f,f
ix,ih
sh,sh
t,jh
n,n
k,k
k,kcl
l,l
ao,ao
pcl,dcl
r,ix
er,er
l,r
en,n
ao,w
nx,n
kcl,t
k,k
iy,iy
ax,ax
ah,aa
r,ax
w,w
n,ix
tcl,tcl
m,n
kcl,kcl
aw,k
s,s
w,w
s,s
n,dcl
n,n
f,k
k,g
er,axr
ix,ix
ae,ae
n,n
p,dh
pcl,dcl
l,l
f,f
dh,dx
ae,ih
axr,ix
er,axr
kcl,kcl
r,r
axr,r
dh,v
n,n
tcl,kcl
n,n
sh,sh
g,q
l,l
iy,iy
eh,ey
dcl,ix
kcl,kcl
l,l
tcl,dcl
iy,iy
d,d
r,r
s,s
l,ax
ix,ax
d,p
k,k
er,axr
ow,ow
th,z
bcl,tcl
l,l
ix,ix
tcl,kcl
r,r
sh,sh
n,n
ih,ux
ey,iy
eh,eh
iy,iy
m,n
axr,r
y,iy
z,dcl
n,n
k,t
ah,q
ae,eh
ae,ae
tcl,q
aa,aw
r,v
ao,ao
aa,ay
gcl,tcl
dcl,dcl
s,s
ow,ow
iy,ey
f,tcl
l,l
k,k
l,l
ix,ih
iy,y
th,f
q,q
ih,iy
pcl,k
ax,ax
k,k
ux,iy
ow,ow
r,r
ax,l
tcl,pcl
eh,ih
gcl,gcl
ux,r
pcl,tcl
w,l
m,m
q,d
ax,ax
r,r
s,s
ch,t
iy,iy
aa,aa
ah,ax
ah,ah
gcl,tcl
sh,sh
iy,iy
ix,eh
iy,iy
axr,axr
t,t
ax,ax
ow,ao
aw,ae
iy,ih
s,s
axr,axr
ao,ao
ah,ah
t,dh
ae,ae
tcl,tcl
iy,iy
ih,iy
m,m
ay,ae
gcl,dcl
n,m
gcl,tcl
z,z
ao,ao
tcl,t
aa,aa
ae,eh
v,v
r,axr
f,f
sh,sh
iy,iy
tcl,tcl
v,bcl
r,r
ix,iy
w,w
q,q
hh,hh
kcl,tcl
dcl,tcl
s,s
ix,ix
el,el
s,s
l,z
iy,iy
ao,ao
s,s
eh,r
tcl,d
m,m
l,dh
m,m
k,k
l,l
m,n
l,l
p,dx
gcl,kcl
g,k
v,v
bcl,dcl
r,r
s,z
ch,ch
f,f
aa,aa
aa,r
ey,ey
gcl,gcl
ah,eh
m,n
kcl,kcl
q,l
dcl,m
n,n
n,n
axr,r
dh,dh
p,p
pcl,kcl
oy,oy
ae,ae
r,r
bcl,bcl
d,t
ae,ae
dcl,p
axr,axr
ih,l
ow,ow
ix,ix
ix,ix
y,y
ao,ao
r,ix
r,r
y,iy
p,p
axr,ae
n,n
w,ix
pcl,tcl
ix,dcl
ux,ux
dcl,kcl
ah,eh
kcl,tcl
ae,eh
k,k
ah,aw
ax,l
l,l
ey,eh
kcl,kcl
eh,ih
pcl,v
m,n
tcl,pcl
l,ax
w,w
ix,r
n,n
r,r
f,f
tcl,tcl
ay,ay
f,f
ix,ix
ow,ow
gcl,tcl
s,f
ay,ae
tcl,tcl
tcl,v
iy,iy
ao,ao
ix,ix
q,q
uh,ow
z,zh
ay,ay
tcl,tcl
n,n
iy,iy
l,el
er,r
bcl,n
ch,k
en,n
t,tcl
pcl,pcl
nx,n
l,l
n,w
dcl,n
n,n
n,m
gcl,n
ao,oy
ae,ae
axr,iy
l,l
iy,iy
pcl,pcl
tcl,tcl
l,l
s,s
w,w
ao,ao
ix,ih
ih,ih
n,n
l,ax
tcl,kcl
k,k
s,s
er,er
m,w
ay,ay
ih,ix
w,w
kcl,kcl
bcl,tcl
w,l
ix,ix
gcl,gcl
hh,hh
th,hh
ih,ix
ix,ix
r,r
n,n
s,s
tcl,kcl
tcl,kcl
t,t
ah,aw
f,f
iy,iy
l,w
r,n
axr,r
ix,ih
gcl,dcl
ow,ow
ax,ax
s,s
w,w
kcl,tcl
ix,ix
s,s
r,ax
ae,ix
m,n
pcl,en
ax,ax
axr,axr
iy,y
er,er
t,ch
w,w
s,s
v,tcl
n,n
dcl,gcl
p,k
tcl,tcl
eh,ae
pcl,kcl
ax,l
dcl,dcl
tcl,pcl
k,k
q,q
ax,ix
ay,ay
iy,hv
ay,ay
v,dcl
ax,l
iy,iy
n,n
eh,eh
r,r
y,y
t,t
ah,ow
t,t
s,s
ch,s
dx,q
n,dcl
ae,ay
uh,eh
q,q
r,axr
dcl,tcl
v,n
uw,el
l,ax
hh,hh
kcl,kcl
ng,n
l,l
iy,iy
q,q
l,l
r,r
ix,ix
r,axr
kcl,kcl
n,q
bcl,dcl
ix,iy
sh,sh
k,k
ah,ax
r,r
g,q
l,l
iy,iy
l,el
p,k
n,dcl
y,y
iy,iy
ax,ax
gcl,n
ch,jh
k,k
t,t
s,s
w,w
w,w
pcl,pcl
s,s
m,ix
g,b
n,n
ae,ae
el,ow
aa,aa
l,l
uh,el
kcl,kcl
f,f
axr,ix
iy,l
th,p
b,kcl
ux,ux
m,n
s,s
g,tcl
gcl,p
ay,aw
er,ux
aa,r
t,dh
ao,ao
kcl,kcl
dcl,tcl
aa,ae
dh,l
ix,ax
s,z
kcl,q
bcl,tcl
tcl,tcl
ow,ow
axr,r
l,ax
m,m
axr,r
oy,oy
w,l
bcl,z
kcl,s
m,n
axr,q
p,dh
ax,aa
kcl,kcl
ax,el
s,s
eh,eh
ae,eh
dh,t
ih,ix
k,k
ao,ao
ih,ow
jh,t
v,v
eh,eh
s,s
r,axr
sh,sh
dcl,dcl
w,w
eh,eh
er,ih
sh,sh
s,s
p,k
g,g
ih,ix
axr,r
n,n
q,q
gcl,v
s,s
sh,sh
s,s
dcl,dcl
tcl,tcl
sh,sh
z,s
p,k
iy,iy
kcl,tcl
t,t
ng,m
kcl,p
t,dh
ix,ih
q,ix
t,p
f,k
oy,ay
ix,ix
uh,ix
n,n
ao,ao
sh,sh
w,w
sh,s
ae,eh
nx,dx
tcl,pcl
eh,ih
m,dcl
aa,ao
q,q
ay,ae
m,dcl
dcl,pcl
hv,hv
uw,ow
f,f
k,k
l,ix
k,kcl
dh,dh
nx,n
ey,ey
l,w
w,w
tcl,pcl
ix,ix
tcl,q
kcl,tcl
el,ao
axr,r
iy,y
eh,l
v,pcl
iy,iy
kcl,kcl
eh,eh
r,ow
n,n
l,l
ao,ao
ix,ix
ey,ey
l,r
w,w
n,n
l,l
ux,ux
tcl,tcl
ax,ax
ae,ae
q,q
jh,sh
tcl,tcl
eh,ix
l,l
q,q
q,q
ax,l
r,r
dcl,v
jh,tcl
kcl,kcl
v,f
ao,ao
ow,ao
iy,iy
r,axr
kcl,kcl
aa,ao
axr,r
oy,oy
y,iy
ae,ae
ix,ix
ax,r
ay,ay
er,ix
ih,ax
pcl,pcl
q,ix
ix,ix
s,s
hv,hv
l,l
l,l
d,t
dh,gcl
l,l
v,v
l,r
t,k
ax,l
l,w
ix,r
t,t
t,t
z,z
z,z
s,s
n,n
tcl,kcl
t,k
ih,ix
ix,ix
iy,ey
ax,ix
f,f
kcl,kcl
n,n
pcl,pcl
ux,ux
n,n
s,kcl
iy,iy
r,r
ax,ax
w,w
pcl,pcl
q,el
ih,ih
ax,ah
kcl,tcl
iy,iy
t,f
dcl,dcl
n,l
el,ax
z,s
iy,ix
m,n
ao,ao
ax,ix
gcl,r
v,v
ix,ih
ax,eh
er,r
iy,iy
s,s
ix,ih
n,n
k,k
w,w
uh,ax
iy,n
s,s
w,l
n,en
q,q
t,t
ih,ih
l,w
q,q
el,el
t,d
pcl,gcl
n,n
ax,ix
y,iy
y,ux
pcl,kcl
oy,oy
r,r
eh,ix
eh,ow
kcl,tcl
n,n
kcl,pcl
eh,ih
dcl,gcl
s,s
l,l
ix,ix
ah,ae
n,dcl
n,n
eh,eh
dx,dx
aa,aa
k,k
n,n
hv,hv
bcl,bcl
iy,iy
n,hv
z,s
ax,ix
ow,ao
ay,ay
z,z
q,v
tcl,n
l,l
p,z
ix,ix
f,f
l,l
k,k
en,n
gcl,dcl
aa,aa
en,n
axr,axr
n,n
pcl,pcl
kcl,kcl
ow,r
hv,hv
kcl,kcl
t,k
en,n
ao,ao
kcl,p
ae,iy
ih,ix
ix,iy
r,axr
r,k
eh,eh
ix,ax
l,l
eh,ih
ix,ih
s,s
tcl,kcl
dh,th
w,r
ae,ae
en,n
w,pcl
z,z
sh,s
axr,axr
eh,ix
k,k
t,k
s,s
ay,ay
pcl,pcl
iy,iy
ow,ow
n,n
ay,ay
l,l
q,q
l,l
ow,el
l,l
m,n
ow,ao
kcl,tcl
ah,ax
k,k
axr,r
iy,iy
kcl,tcl
ey,ey
l,l
bcl,dcl
dcl,dcl
m,n
ix,ah
eh,ih
dx,d
iy,iy
ao,l
iy,iy
ae,ae
ow,ow
m,v
ow,ey
p,k
aa,aa
d,q
z,sh
tcl,kcl
t,k
s,s
axr,axr
ax,ax
g,g
ih,ih
ao,ao
z,s
tcl,pcl
t,t
z,z
ey,ay
y,ix
dx,dh
dh,g
iy,iy
hv,sh
ao,ao
t,t
axr,axr
bcl,dcl
pcl,tcl
q,q
n,n
dh,dh
jh,ch
ae,ae
g,k
r,r
y,iy
ng,n
ix,ix
ax,ix
iy,iy
dcl,dcl
ah,ae
m,n
aw,aw
ay,ay
iy,iy
ae,ae
jh,jh
axr,axr
ux,ih
ix,ey
q,q
l,l
kcl,gcl
l,l
z,z
n,n
iy,iy
dcl,z
tcl,n
ax,n
s,s
s,s
eh,ey
n,n
pcl,tcl
q,q
iy,iy
l,l
q,tcl
ix,ix
hh,sh
pcl,tcl
r,ix
l,ao
d,q
iy,iy
ax,ix
r,r
n,n
tcl,tcl
r,r
r,r
ix,q
n,n
ih,ih
ix,ix
z,s
d,t
ux,ux
z,s
aa,r
en,n
n,r
bcl,bcl
ax,ix
kcl,tcl
q,q
ae,ae
n,ix
ax,ix
ix,ix
w,w
ay,ay
z,pcl
aa,ao
ih,ax
iy,iy
kcl,kcl
ih,eh
v,v
t,k
uh,axr
sh,s
l,l
ix,ax
sh,s
p,p
ae,ae
en,ix
f,f
ow,ow
ix,ix
ix,ix
tcl,kcl
eh,ih
ax,n
l,r
ax,ix
t,t
q,ax
uw,ux
eh,r
iy,iy
iy,iy
n,n
ux,ix
ix,ih
dh,dh
ih,eh
g,dh
k,p
dcl,dcl
sh,hh
jh,jh
iy,iy
n,n
m,m
tcl,tcl
l,l
iy,iy
hh,p
y,jh
ae,ae
t,t
iy,iy
aa,aa
iy,q
l,l
s,s
l,l
k,k
ah,aa
l,l
v,v
aa,aa
y,iy
tcl,pcl
iy,dx
ix,ix
l,l
l,ax
tcl,pcl
s,s
v,v
ix,ix
kcl,k
ix,ix
r,n
tcl,dcl
f,f
s,s
w,r
sh,sh
ih,ax
f,th
tcl,kcl
ao,ao
dh,dh
dcl,dcl
v,f
k,k
t,t
aa,aa
sh,sh
ah,ix
iy,iy
ao,ao
q,q
r,r
n,n
s,tcl
v,dh
ow,el
ih,iy
ax,eh
iy,iy
ao,l
ah,ae
v,v
ao,aa
sh,z
r,r
kcl,kcl
s,k
iy,iy
ae,ae
w,l
r,r
ah,ax
s,s
tcl,sh
r,r
ah,aa
s,s
ih,ih
ax,ix
ae,ae
g,k
ix,ih
iy,ey
l,l
tcl,k
k,k
ax,ax
f,q
zh,jh
kcl,kcl
ix,ix
dcl,tcl
aa,aa
s,s
z,gcl
ix,ix
ae,ae
kcl,kcl
z,tcl
iy,iy
iy,iy
z,s
nx,n
dcl,dcl
l,l
iy,uw
r,r
m,m
dh,dh
iy,iy
eh,q
axr,axr
ix,ax
ax,ix
ay,ay
z,z
m,n
ix,l
ng,n
ao,ao
tcl,tcl
hv,hv
dh,dh
m,r
tcl,kcl
n,n
dcl,tcl
kcl,kcl
zh,ch
aw,ae
ah,l
ao,ao
ux,y
ix,ix
ux,ae
dcl,dcl
iy,iy
l,l
ix,ix
p,p
ow,ow
n,n
en,n
r,r
n,en
eh,ax
tcl,tcl
g,r
s,t
tcl,dcl
dcl,dcl
s,s
ix,ix
n,n
n,n
er,r
m,n
ae,ae
bcl,bcl
p,p
s,s
dx,tcl
jh,jh
iy,iy
kcl,f
dh,f
m,m
iy,iy
sh,sh
t,f
ng,n
tcl,n
bcl,f
n,n
ih,ih
ow,ow
s,s
aa,ae
k,k
n,dcl
tcl,k
d,t
iy,iy
r,r
k,k
oy,oy
dh,v
kcl,kcl
kcl,kcl
iy,ix
z,z
hv,hv
s,s
ae,ey
aa,ay
m,bcl
s,s
s,z
pcl,kcl
ax,ax
ow,ow
dh,g
iy,ix
ah,ah
d,d
m,m
aa,aa
kcl,tcl
s,z
axr,axr
ux,ux
ux,ux
q,q
ng,n
l,ix
ax,l
n,v
m,n
l,l
l,l
dcl,dcl
nx,n
dcl,dcl
y,dx
ow,ow
ax,l
ey,ey
d,k
ae,ae
ih,ey
l,l
eh,eh
ix,ix
ao,ao
l,l
ae,ih
v,v
v,r
l,n
w,w
pcl,pcl
ow,ow
ch,jh
ao,ao
z,z
iy,iy
r,m
s,s
ay,ay
ng,n
uh,ih
l,l
n,n
ey,ey
sh,sh
iy,iy
kcl,kcl
pcl,pcl
n,tcl
axr,r
eh,ah
bcl,f
tcl,pcl
p,p
k,p
zh,v
dcl,dcl
n,n
ah,aa
ah,aa
ax,ax
ey,ey
ah,ax
g,p
eh,ey
p,p
ao,ao
ix,ix
f,f
axr,axr
t,t
ao,ao
s,ch
oy,oy
l,l
ao,ao
jh,jh
ae,ae
ao,ao
y,q
ix,ix
axr,r
l,l
ao,r
tcl,tcl
ao,ao
ih,ix
l,l
ih,ax
ix,ax
kcl,tcl
s,s
v,m
ey,iy
ix,ix
q,k
m,m
pcl,pcl
el,l
d,d
s,s
k,dh
ih,eh
n,n
r,r
iy,iy
eh,ae
jh,jh
f,sh
pcl,pcl
axr,r
w,l
ax,l
g,g
n,n
ay,ay
tcl,pcl
pcl,kcl
ix,iy
dcl,kcl
m,n
d,k
l,l
aa,aa
aw,aw
bcl,bcl
ao,l
z,z
er,er
l,ao
ix,ix
ng,gcl
r,r
l,l
m,n
gcl,z
aa,aa
dh,dh
m,n
ix,ah
bcl,dcl
iy,iy
f,f
f,p
ix,ix
ih,ey
ix,ix
kcl,kcl
s,s
tcl,tcl
w,w
dcl,gcl
ng,k
r,r
dcl,dcl
m,m
ch,ch
l,l
q,q
p,hh
ng,n
ih,ix
r,r
uh,ih
ay,aa
y,iy
kcl,kcl
iy,iy
kcl,kcl
w,w
ay,ay
v,v
ih,ix
k,k
n,n
q,r
s,s
iy,iy
m,n
aa,aa
s,s
dh,v
dcl,n
w,w
ae,aw
sh,sh
r,r
dh,n
gcl,dcl
g,p
w,w
q,kcl
s,s
dx,dx
n,n
kcl,dh
s,s
ay,ay
kcl,kcl
dh,dcl
ux,ux
bcl,dcl
ux,ux
l,ao
ix,ix
d,t
tcl,tcl
eh,r
er,axr
ix,axr
ix,ix
dh,dh
ao,ao
l,l
r,r
ah,ow
m,m
hh,hh
ng,ng
w,w
sh,jh
eh,eh
dh,tcl
ay,ay
dx,d
n,n
p,k
aa,aa
iy,iy
iy,iy
t,t
kcl,kcl
s,z
ax,l
q,q
n,m
m,n
ao,ao
ey,ey
dh,v
aa,aa
n,n
tcl,tcl
jh,jh
iy,iy
ow,ax
z,z
bcl,bcl
aw,ao
ix,ix
l,l
s,s
dcl,dcl
s,s
ow,ow
uw,uw
p,k
ih,n
iy,ey
k,k
t,t
ix,ih
l,l
aa,aw
k,d
m,m
ao,ao
k,jh
kcl,k
er,r
r,r
nx,dcl
k,k
ao,aa
k,k
eh,eh
ae,ae
r,r
gcl,pcl
z,z
q,q
ay,ay
ch,ch
s,s
iy,iy
ix,ix
gcl,dcl
s,s
aa,aa
p,k
f,f
ey,ey
ix,ix
k,t
dh,ix
t,t
z,z
ih,r
z,sh
iy,iy
m,m
q,ix
ae,ae
n,n
t,q
dcl,n
ae,ae
r,r
z,dcl
ix,r
sh,sh
ey,ey
tcl,dcl
ae,ae
iy,iy
ix,ix
iy,iy
w,w
s,z
ax,ah
iy,iy
dcl,n
axr,v
kcl,kcl
q,q
uw,gcl
pcl,pcl
k,t
ix,ix
er,er
d,kcl
dh,n
iy,iy
p,k
eh,r
z,tcl
y,iy
er,r
s,s
ae,ae
ay,ay
ch,k
ix,ix
l,el
s,s
ao,ao
dx,n
tcl,z
tcl,tcl
aa,ao
hv,p
sh,sh
s,s
s,th
th,f
uh,axr
ax,ix
t,k
m,n
t,t
dcl,dcl
er,r
iy,iy
axr,r
w,ax
l,l
ow,q
z,s
el,el
ix,ix
q,q
ow,ah
z,s
d,d
t,hh
l,m
k,k
w,ao
w,w
ix,ix
s,s
ih,ix
ih,ix
dcl,tcl
dcl,dcl
ae,ae
r,r
th,kcl
s,s
s,s
ng,ng
iy,iy
w,w
q,q
ix,ix
t,d
w,q
ng,n
v,v
dcl,n
t,q
aa,ao
tcl,ch
ih,eh
dcl,dcl
ae,ae
s,s
ey,ey
uw,ux
ow,l
ow,ow
l,l
el,el
s,s
ae,ae
er,axr
eh,ah
bcl,bcl
l,ih
ih,ih
axr,axr
n,n
l,l
z,s
iy,ih
el,ow
eh,eh
ih,ih
p,p
uw,ix
r,r
k,kcl
pcl,kcl
ix,ix
ih,y
kcl,kcl
r,ao
ih,ih
kcl,kcl
ix,ey
nx,n
dh,ax-h
axr,r
ae,ae
y,iy
g,g
ah,ax
gcl,bcl
ao,aa
w,l
v,v
ix,eh
r,r
ax,axr
w,w
m,m
ax,ax
s,s
kcl,kcl
er,r
tcl,dcl
w,uw
aa,ao
ix,ix
ae,ae
ow,ow
dcl,dcl
ih,iy
d,d
pcl,pcl
r,r
ae,ae
ch,sh
t,k
dcl,dcl
p,p
er,r
gcl,kcl
q,kcl
s,s
p,p
kcl,pcl
eh,ey
s,s
oy,oy
n,n
t,t
f,s
ix,w
r,r
ae,ae
ix,iy
z,z
p,p
axr,r
q,q
l,l
ao,ao
iy,iy
ix,ix
l,r
th,th
eh,eh
ih,axr
z,z
eh,eh
r,axr
ax,ax
ao,ao
r,r
g,dcl
l,l
tcl,kcl
ix,ih
r,r
g,k
ae,ae
ao,ao
tcl,kcl
ux,iy
ih,ih
t,d
uw,ix
g,dh
p,k
ix,ix
f,f
r,ax
pcl,kcl
r,iy
l,l
r,r
k,t
ch,t
pcl,pcl
n,q
p,hh
k,g
ey,ey
ix,iy
aa,aa
ux,ux
g,g
ix,eh
t,k
ih,ix
tcl,tcl
ax,r
n,n
n,ix
iy,ix
n,n
tcl,kcl
dh,kcl
ih,iy
iy,iy
w,w
r,w
ay,eh
dh,q
iy,iy
ah,ae
eh,iy
eh,eh
dcl,dcl
ix,ix
ao,ao
sh,s
iy,iy
dcl,n
t,t
v,v
tcl,f
ix,ax
v,v
n,n
z,z
n,n
n,n
ay,ay
p,p
s,s
dcl,n
ix,ix
sh,f
y,y
eh,ih
ah,ao
tcl,kcl
sh,sh
v,dcl
m,dcl
k,k
l,m
ax,ax
t,t
bcl,bcl
dcl,dcl
v,v
n,n
axr,r
ax,ax
kcl,tcl
ix,q
dcl,n
s,s
axr,r
k,k
tcl,tcl
y,dcl
pcl,kcl
iy,ey
eh,ix
kcl,kcl
pcl,v
iy,iy
ch,sh
ih,ih
m,g
m,n
ih,axr
s,s
z,z
ae,ae
eh,eh
axr,axr
l,l
p,hh
ao,ao
n,n
ey,iy
el,el
ax,ax
dcl,m
m,m
ah,ah
n,n
ix,ih
bcl,dcl
eh,ix
sh,sh
kcl,tcl
n,n
ix,ix
ix,ix
iy,iy
sh,ch
ux,iy
ax,l
dcl,kcl
ix,ix
aa,aa
er,axr
b,p
ao,ao
q,iy
l,l
s,s
iy,q
tcl,tcl
pcl,tcl
iy,iy
iy,iy
tcl,q
m,w
bcl,bcl
iy,iy
z,z
y,y
aa,aa
w,w
oy,oy
g,q
kcl,tcl
iy,ae
n,n
y,y
eh,ih
ah,eh
ay,ay
m,m
m,n
q,l
r,r
ax,ix
w,w
ao,ao
pcl,pcl
uw,uw
jh,jh
k,k
dcl,dcl
p,kcl
pcl,kcl
ix,ih
l,l
ih,ix
q,q
z,sh
l,w
th,f
l,l
w,w
ix,ix
t,t
n,dcl
l,l
tcl,tcl
s,dh
l,l
n,n
m,n
ae,ae
l,l
axr,axr
sh,s
dh,dh
m,m
v,ax
t,t
ix,ih
ah,ah
jh,jh
axr,ix
pcl,bcl
s,s
n,ix
ae,aw
hv,f
iy,iy
l,l
axr,eh
iy,ix
m,m
kcl,tcl
er,r
ix,ix
kcl,kcl
aa,aa
ax,dh
hv,hv
gcl,ng
r,r
ae,ae
ih,ih
ng,n
dcl,dcl
l,l
th,f
nx,ix
hh,p
ix,ax
ao,ao
aa,aa
n,bcl
ah,ao
ih,ih
f,f
tcl,kcl
tcl,q
ae,ae
ng,bcl
axr,r
k,k
er,er
d,dh
gcl,kcl
dcl,dcl
kcl,kcl
dh,dcl
iy,iy
tcl,p
q,kcl
ux,ix
iy,iy
ih,l
d,p
s,s
eh,eh
n,n
ao,ao
t,ch
s,s
ae,ae
ix,ix
kcl,tcl
sh,sh
kcl,kcl
hv,aa
dcl,k
t,jh
s,s
ih,ih
n,n
z,s
ax,aa
ih,ih
iy,iy
ow,ow
ix,ix
ix,ix
s,s
s,s
iy,iy
ng,n
iy,dcl
ih,ih
g,t
f,tcl
ih,iy
m,m
n,n
oy,oy
eh,ae
tcl,bcl
tcl,tcl
k,k
tcl,dcl
p,p
ao,ao
pcl,kcl
ow,ow
n,ix
ix,ix
ax,r
kcl,kcl
tcl,tcl
ih,ih
dh,k
l,l
k,k
ux,ux
ax,ix
dh,tcl
jh,jh
ao,ao
ao,ao
ow,ow
ey,ih
eh,ae
dx,s
w,w
kcl,kcl
dx,dx
tcl,tcl
eh,ey
nx,nx
kcl,tcl
m,m
aa,ao
q,q
z,z
iy,iy
hv,hv
t,d
r,axr
kcl,pcl
jh,jh
ah,ah
sh,sh
ey,ey
n,n
r,r
w,l
jh,sh
ih,ix
r,r
ih,iy
d,t
ao,aa
eh,eh
d,d
sh,sh
eh,r
iy,iy
z,s
f,f
l,l
ae,ae
sh,sh
q,q
r,r
iy,ix
en,n
iy,iy
ey,ey
k,k
k,k
n,n
ow,ow
hh,hh
pcl,tcl
ux,iy
s,s
y,iy
r,r
ih,ih
ix,ix
s,s
tcl,kcl
s,s
n,tcl
eh,ae
gcl,gcl
r,r
s,s
v,v
ae,ae
r,r
kcl,dcl
ix,ih
q,q
ey,ey
pcl,pcl
s,s
ae,ae
dcl,tcl
ey,ey
r,r
r,ix
n,n
pcl,pcl
ey,ae
ax,ix
ix,ix
t,t
q,ix
jh,sh
f,f
ay,aa
ao,ay
n,n
dcl,dh
ix,ix
p,t
ao,ow
eh,ih
s,s
s,s
kcl,kcl
ix,ix
ix,n
iy,ih
kcl,tcl
uw,uw
t,d
v,v
s,s
hh,p
iy,ix
ao,aa
tcl,kcl
kcl,kcl
gcl,dcl
ow,ow
iy,ey
ae,ae
bcl,m
iy,ng
iy,iy
ax,ax
r,r
ix,ix
w,r
ih,ih
k,g
m,m
p,k
ao,aa
er,r
k,tcl
r,axr
em,n
l,l
iy,ey
en,n
jh,k
dcl,dcl
pcl,pcl
ow,ow
s,tcl
ih,ih
q,q
ow,aw
y,iy
ey,ey
m,bcl
dx,dcl
g,dh
iy,iy
w,w
ae,ae
y,iy
iy,ix
l,l
iy,q
ao,w
r,r
eh,eh
k,k
gcl,gcl
iy,ey
k,k
eh,r
ah,eh
eh,eh
ih,ey
eh,eh
iy,iy
ih,q
n,n
p,p
f,f
ay,ay
t,d
iy,iy
t,q
ae,ae
q,dx
ix,iy
l,n
n,dcl
q,q
s,s
tcl,tcl
iy,iy
ix,ix
tcl,tcl
q,q
bcl,bcl
ih,ih
iy,iy
dh,dh
p,p
kcl,tcl
aa,aa
axr,r
er,axr
ae,ae
ih,ix
ix,ax-h
v,v
n,n
k,dx
kcl,kcl
iy,ix
l,l
ax-h,k
l,l
eh,r
sh,sh
dcl,dcl
m,m
f,z
kcl,kcl
ix,ix
ao,axr
iy,iy
axr,axr
ah,aa
ix,ix
ae,ae
ux,ux
n,n
s,s
ix,ix
iy,iy
ao,q
l,l
k,k
el,el
r,l
er,er
aa,aa
s,sh
r,r
m,m
ih,ih
eh,ae
uh,eh
axr,ix
hh,k
ix,ix
jh,jh
sh,sh
ah,aa
bcl,pcl
tcl,tcl
ow,l
k,k
ey,iy
iy,iy
eh,ix
eh,ix
tcl,tcl
n,n
t,t
r,ax
m,m
eh,ae
w,l
tcl,tcl
iy,iy
dx,tcl
ix,ix
l,l
gcl,tcl
iy,iy
bcl,bcl
axr,er
k,k
d,jh
ow,ow
eh,ix
p,p
dx,dcl
iy,iy
q,q
ae,ah
r,r
ow,eh
p,f
bcl,n
l,ax
l,r
iy,iy
sh,sh
ux,ix
w,w
iy,y
ae,ae
m,n
ix,ax
axr,er
dx,dx
f,f
l,l
th,f
sh,sh
iy,iy
v,v
gcl,kcl
ih,ix
z,s
tcl,tcl
ah,ah
q,q
p,p
y,y
aa,r
iy,iy
th,th
m,m
t,t
t,t
kcl,tcl
dcl,gcl
ih,ih
ay,ae
n,n
d,hh
l,l
gcl,m
aa,aa
s,s
w,w
bcl,bcl
m,n
sh,sh
dcl,dcl
gcl,gcl
l,m
dcl,dcl
dcl,bcl
kcl,tcl
d,d
tcl,tcl
er,axr
aa,aa
iy,iy
r,r
g,k
k,k
t,t
s,s
n,hv
n,n
axr,axr
z,z
l,l
iy,iy
eh,ix
z,z
f,f
ae,ae
er,axr
axr,axr
f,f
w,w
eh,eh
ae,ae
t,tcl
q,q
tcl,tcl
gcl,dcl
ax,ix
s,s
n,gcl
z,z
t,k
dcl,n
l,l
l,l
v,v
l,q
axr,r
ix,q
eh,ae
kcl,tcl
z,z
jh,jh
ae,ae
bcl,bcl
y,iy
zh,z
w,w
oy,oy
ix,iy
ao,ao
eh,eh
eh,eh
r,r
axr,r
uh,ih
ow,ow
s,s
d,t
ah,aw
ix,ix
m,m
l,ix
ih,ix
v,r
gcl,n
w,w
eh,eh
n,n
k,k
ow,el
ix,eh
ih,iy
axr,axr
dcl,kcl
pcl,tcl
ay,ae
sh,sh
d,k
ix,ix
dcl,dcl
f,f
axr,axr
y,iy
oy,oy
v,n
hv,hv
dcl,gcl
aw,aw
ae,ae
n,n
t,p
jh,k
q,kcl
ix,ih
ih,ey
axr,er
ih,eh
t,t
iy,iy
v,dcl
ix,ix
dx,dx
f,f
er,axr
s,s
kcl,kcl
aa,ao
er,axr
er,axr
iy,iy
axr,axr
y,y
ih,ix
n,n
m,n
s,s
ux,ux
pcl,pcl
r,r
n,ix
l,l
s,s
t,t
t,dh
n,n
gcl,dcl
f,th
w,w
ix,ey
ae,ae
sh,s
pcl,tcl
s,z
kcl,kcl
gcl,tcl
r,ay
ix,l
p,s
aa,aa
r,r
m,k
w,n
m,gcl
q,q
aa,ae
dcl,dcl
aa,aa
tcl,tcl
ao,ao
iy,ix
s,s
tcl,tcl
r,r
uh,ih
dx,q
m,m
z,z
t,t
ae,ae
z,s
uw,l
y,iy
l,m
k,k
y,y
n,n
p,k
z,z
bcl,bcl
f,f
ng,n
sh,f
n,n
hh,p
s,s
aw,ow
ao,aa
m,m
m,n
eh,axr
ih,ih
ax,ax
iy,iy
eh,ax
dx,r
z,s
aa,ae
iy,iy
l,q
s,s
ix,ax
s,s
pcl,kcl
n,n
tcl,tcl
dcl,pcl
ah,ay
hv,hv
m,m
axr,r
k,k
ix,l
f,f
dcl,v
ix,iy
ng,n
s,s
m,m
m,m
ih,ih
k,tcl
r,r
n,n
ax-h,tcl
ix,iy
bcl,bcl
k,d
k,k
r,r
axr,ix
ix,ix
iy,iy
v,z
ah,ax
ao,aa
eh,ih
ix,n
dcl,kcl
kcl,dcl
q,q
ix,ix
r,r
aa,aa
n,m
eh,eh
kcl,kcl
pcl,bcl
ix,ix
ay,ay
l,l
iy,iy
n,m
kcl,tcl
iy,ih
ux,ix
ae,ae
kcl,kcl
q,q
m,m
r,r
q,q
ah,ah
m,m
ao,oy
l,l
f,f
ow,ow
ah,eh
ng,ng
m,n
iy,iy
n,n
n,nx
ix,ix
f,s
pcl,g
k,k
kcl,k
eh,eh
ix,ix
l,l
ay,ay
p,k
r,r
sh,sh
p,p
kcl,k
dx,dx
q,q
tcl,gcl
s,s
k,k
g,k
q,ix
t,t
r,r
s,s
sh,sh
tcl,tcl
n,n
r,r
l,ow
dx,dh
v,v
oy,oy
iy,iy
s,s
kcl,kcl
t,t
r,r
el,el
eh,ix
ix,ix
k,k
ix,ax
tcl,tcl
v,v
r,r
iy,ey
aa,aa
er,axr
tcl,pcl
y,y
t,t
dcl,m
tcl,tcl
l,l
w,w
axr,r
m,n
n,n
ax,ax
gcl,kcl
axr,r
axr,axr
ae,ae
el,ax
ux,ih
ix,ix
th,s
r,r
dx,dx
dx,n
f,f
iy,iy
ih,ix
nx,ix
th,t
ix,ih
v,v
ao,el
tcl,pcl
v,v
q,axr
aa,ao
dcl,dcl
p,p
ih,ih
ey,iy
nx,n
jh,ch
sh,ch
nx,l
l,el
s,z
hv,l
ix,q
kcl,tcl
dcl,dcl
iy,iy
eh,eh
n,n
ae,ae
dx,n
kcl,kcl
ih,ix
ix,ix
tcl,tcl
bcl,p
ix,r
q,q
ix,ix
n,n
w,w
iy,ey
ix,n
iy,ix
s,s
ey,ey
jh,jh
tcl,tcl
axr,r
tcl,bcl
t,p
t,d
sh,s
th,s
pcl,tcl
ae,eh
kcl,tcl
t,t
tcl,tcl
l,el
hh,hh
z,z
w,w
l,l
er,r
l,ow
dx,dx
aa,aa
t,t
t,t
dcl,dcl
z,z
hh,hh
iy,iy
tcl,tcl
w,w
l,ao
k,k
p,k
d,dh
z,z
iy,iy
s,s
ow,ao
ax,l
hv,hv
dx,dx
ax,l
ix,ix
dcl,dcl
er,r
w,l
l,el
dcl,dcl
ae,eh
iy,iy
f,f
s,s
ix,ix
tcl,tcl
er,ae
r,r
r,r
iy,ix
ae,ae
ao,ao
tcl,pcl
iy,iy
ix,ax
k,jh
d,t
axr,r
l,aw
aa,r
kcl,kcl
r,ix
b,k
l,ix
r,r
dx,dx
ao,ao
kcl,q
r,r
hh,hh
ah,ah
m,m
s,s
el,ao
iy,ix
l,l
s,s
s,s
ih,q
ix,ix
tcl,tcl
s,s
d,d
m,n
kcl,tcl
dh,dh
el,l
jh,g
y,iy
nx,n
axr,hv
ix,ih
l,l
ow,aw
ih,ih
axr,ae
axr,ax
n,n
iy,iy
z,z
ah,ah
tcl,q
ow,ow
ao,ao
dcl,dcl
pcl,tcl
w,q
t,t
dcl,tcl
n,n
iy,iy
oy,ao
bcl,n
l,l
en,en
eh,ae
d,t
w,n
r,r
sh,z
eh,ix
s,s
s,s
uw,l
kcl,kcl
s,s
sh,sh
tcl,r
k,k
t,k
aw,aw
n,n
r,m
iy,n
n,n
s,s
l,l
er,r
gcl,n
r,r
w,w
r,r
d,jh
iy,iy
ix,r
ux,ux
r,r
tcl,tcl
l,l
dcl,pcl
s,s
axr,ih
iy,iy
y,q
ay,ay
axr,r
ah,aa
t,t
n,n
aa,aa
m,m
ih,ih
p,f
s,s
r,r
ae,ae
w,q
m,m
ax,l
d,bcl
s,s
ay,ay
ux,n
ay,ay
p,tcl
q,l
l,ow
pcl,tcl
r,eh
k,k
n,n
n,ix
y,iy
kcl,kcl
pcl,tcl
el,l
s,s
r,r
iy,iy
pcl,k
en,n
el,ow
l,l
s,s
n,n
eh,eh
eh,eh
l,ax
uh,ax
f,kcl
t,d
k,k
iy,iy
l,ao
ao,ao
ux,ix
jh,jh
t,tcl
tcl,kcl
s,s
ch,ch
pcl,pcl
ao,aa
w,ax
f,f
l,aa
ih,ih
z,z
sh,sh
ix,ih
ae,ae
ax,ix
ix,ax
iy,iy
el,el
t,t
n,n
kcl,tcl
ix,ix
s,s
r,r
m,m
aa,aa
s,s
l,el
jh,jh
l,l
dcl,dcl
p,p
iy,iy
r,r
dcl,gcl
r,r
q,ix
r,r
t,t
ay,ay
iy,iy
t,ch
ix,ix
v,m
ey,ix
n,hv
dcl,dcl
pcl,pcl
ih,eh
ux,ux
l,ax
ux,iy
ix,iy
ey,ey
f,f
r,r
tcl,kcl
ah,ow
ix,ih
tcl,s
n,n
gcl,tcl
iy,ix
n,m
t,k
l,l
ah,ow
aa,aa
pcl,pcl
th,th
p,p
p,p
d,k
ow,el
l,l
eh,eh
l,ix
el,ao
n,m
l,n
dcl,kcl
ae,ae
q,k
kcl,kcl
w,w
k,k
p,p
r,axr
ey,ey
w,w
ao,w
ao,ao
kcl,kcl
ay,ae
dcl,dcl
tcl,tcl
n,ng
pcl,f
y,iy
ow,ow
ix,ix
aa,aa
ae,ae
ax,el
ax,ax
r,r
dcl,bcl
er,er
r,r
ih,ih
tcl,tcl
bcl,tcl
l,l
ix,m
m,f
axr,axr
r,r
ay,ay
axr,axr
pcl,s
hh,f
ah,ax
tcl,kcl
y,m
tcl,tcl
l,l
n,n
k,k
m,m
ow,ow
ax,ax
y,y
q,q
ay,ae
l,l
ay,aa
axr,r
zh,kcl
ux,ux
n,bcl
g,p
ow,ow
eh,ae
oy,ay
axr,axr
s,s
ao,l
bcl,bcl
n,n
ax,ax
er,er
tcl,kcl
v,v
r,r
z,z
y,y
k,k
dh,dh
zh,k
m,m
eh,eh
s,s
bcl,m
dcl,tcl
axr,ih
ae,eh
sh,s
pcl,pcl
s,s
ax-h,ix
r,r
y,y
s,s
pcl,pcl
iy,ey
ae,ae
el,w
aa,aw
w,w
r,r
gcl,gcl
ao,ao
dcl,kcl
th,s
w,w
aa,aa
z,z
ax,l
hv,hv
l,l
s,s
p,p
l,ao
q,q
eh,eh
iy,ix
gcl,n
dcl,dcl
tcl,kcl
s,s
bcl,tcl
q,q
n,m
sh,sh
jh,v
iy,iy
s,s
jh,jh
m,m
n,n
n,n
aw,ae
k,p
dcl,tcl
ch,ch
er,er
el,l
s,s
ae,ae
l,n
ax-h,kcl
t,p
w,w
f,f
q,q
r,r
l,l
dcl,tcl
n,n
gcl,dcl
iy,iy
ax,q
nx,l
er,r
z,s
dx,ix
ow,ow
bcl,dcl
tcl,q
ow,ow
pcl,tcl
tcl,tcl
y,iy
pcl,kcl
n,n
y,dh
ae,ae
l,m
n,n
ih,ih
s,s
ao,ao
eh,eh
ix,nx
ey,ey
tcl,tcl
dcl,dcl
aa,aa
n,n
ey,iy
ih,ih
g,k
ow,ow
m,n
ih,ih
ih,ih
q,q
ih,ix
w,w
jh,jh
ey,ey
kcl,kcl
ng,tcl
ih,ax
ae,ae
ay,ay
iy,iy
z,z
kcl,f
ey,ey
ih,ih
ey,ey
ay,ay
tcl,kcl
ah,eh
m,w
tcl,kcl
k,k
ax,l
q,q
sh,s
pcl,tcl
f,f
pcl,dcl
sh,sh
iy,iy
aa,aa
aa,aa
t,t
el,l
dcl,n
v,v
ux,ix
ey,ey
kcl,kcl
axr,r
t,t
m,m
ao,el
r,r
dcl,dcl
iy,dx
ax,l
s,s
ah,ao
t,f
sh,sh
w,w
hv,hv
ae,ae
ey,ey
r,kcl
r,r
aa,aa
eh,eh
k,ix
tcl,kcl
th,th
dcl,tcl
w,w
z,s
ix,ix
dh,dcl
ih,ih
aa,aa
t,tcl
ax,ax
g,k
ix,l
t,d
ax,ix
y,k
hh,f
q,q
ao,r
r,r
d,d
m,n
ih,eh
n,n
w,ix
ih,ih
dcl,dcl
en,ix
s,s
ix,ix
eh,ae
t,k
ix,ix
f,f
q,l
kcl,pcl
aa,ao
w,w
axr,ih
hh,hh
dh,dh
axr,ey
oy,oy
q,q
ix,iy
m,m
eh,ae
s,z
ix,iy
g,d
iy,iy
r,r
dcl,dcl
n,n
l,l
iy,iy
f,f
g,dh
ix,ix
nx,dx
ix,ix
s,s
tcl,kcl
ax,ax
v,ax
t,q
kcl,tcl
iy,iy
ix,ix
dcl,dcl
s,z
iy,iy
n,n
aw,aw
th,th
t,t
aw,aw
iy,iy
w,l
n,n
kcl,kcl
tcl,tcl
eh,ix
bcl,bcl
n,n
w,l
dh,t
ix,ey
l,l
aa,aa
m,m
ax,ix
k,k
pcl,pcl
k,k
ow,ow
f,f
er,r
ux,iy
kcl,gcl
r,r
eh,r
dh,tcl
ay,ay
s,s
z,z
ao,oy
f,p
w,w
ay,ay
s,s
ah,ah
y,iy
l,w
s,s
ae,ae
ae,ae
aa,aw
n,q
ow,ow
tcl,tcl
dx,dcl
iy,iy
n,n
ax,ax
dcl,dcl
ix,ih
dh,dh
s,s
ih,ih
n,dcl
m,n
zh,jh
l,ax
eh,eh
hv,hv
ix,ih
iy,ih
ao,ao
l,l
pcl,pcl
kcl,p
r,ax
kcl,kcl
er,axr
n,nx
ey,ey
ih,ix
k,k
pcl,tcl
s,z
ao,ao
ng,ng
t,dh
tcl,kcl
bcl,bcl
dh,t
s,s
er,ng
iy,iy
z,s
ae,ae
v,v
ae,aw
er,r
aa,aa
tcl,tcl
gcl,gcl
iy,iy
m,w
f,f
ae,ae
w,w
r,r
k,d
dh,dh
ax,ax
iy,iy
n,n
dx,q
aa,ao
dcl,bcl
ow,ao
el,el
axr,ao
dh,k
dh,v
iy,iy
s,s
sh,sh
sh,s
k,k
sh,s
q,iy
iy,ih
kcl,kcl
r,r
ow,r
er,aa
tcl,gcl
n,n
n,n
d,t
dh,dcl
ae,ae
ih,l
m,bcl
w,w
z,s
iy,ix
kcl,t
sh,s
pcl,pcl
iy,iy
aa,aa
tcl,kcl
ey,ey
tcl,pcl
ah,aa
ay,ay
r,r
eh,axr
ih,ah
ih,ih
n,n
dcl,n
p,p
z,v
gcl,dcl
ow,ow
kcl,pcl
g,p
axr,ey
n,n
ix,ix
s,z
bcl,bcl
ix,ih
ch,jh
iy,iy
sh,sh
kcl,q
r,r
ey,iy
axr,axr
bcl,dcl
t,t
er,axr
s,s
aa,aa
iy,iy
kcl,tcl
uh,ah
n,n
t,t
w,l
m,m
ih,iy
sh,sh
kcl,kcl
g,y
s,sh
eh,ih
l,l
r,r
ix,ix
q,q
ao,ao
s,s
iy,iy
tcl,s
bcl,bcl
ix,ix
l,l
nx,n
l,aw
ax,ae
n,n
dh,tcl
ah,ae
gcl,v
ix,ix
r,r
er,ih
r,r
ao,ao
pcl,pcl
dh,v
ix,ix
kcl,kcl
z,s
nx,nx
f,hh
kcl,tcl
r,r
ng,n
r,r
iy,iy
dcl,dcl
ih,iy
n,n
ih,ix
f,f
m,n
aw,ax
tcl,tcl
ow,ow
th,th
w,l
iy,iy
dh,dh
z,z
ow,ax
ix,ix
iy,iy
p,p
m,n
axr,axr
hh,hh
t,t
m,n
ah,ax
ah,l
ow,ow
axr,axr
q,q
kcl,tcl
dcl,bcl
t,t
l,l
r,r
ao,ao
n,tcl
hv,hv
bcl,bcl
iy,ih
ih,ax
v,v
aa,aa
r,r
q,q
nx,n
r,r
iy,ih
r,r
p,k
r,axr
ao,aa
f,f
eh,eh
gcl,tcl
ux,uw
y,iy
sh,f
axr,axr
dcl,dcl
axr,r
r,r
r,r
tcl,tcl
kcl,pcl
r,r
ix,r
ix,ix
ax,l
bcl,bcl
ux,ux
n,n
pcl,pcl
eh,ix
n,n
th,tcl
ao,w
p,t
p,p
eh,eh
ow,l
r,r
kcl,tcl
m,m
l,l
r,r
ih,ix
bcl,dcl
dcl,tcl
iy,iy
r,r
ow,ow
k,k
ax,ix
s,s
y,y
eh,ae
s,s
iy,iy
ux,ux
s,s
ih,ey
er,iy
iy,iy
kcl,kcl
ay,ay
l,l
ix,ih
ae,ae
eh,eh
l,ow
bcl,n
k,k
dx,dx
bcl,tcl
ae,aw
ay,ay
aw,ow
eh,ay
el,l
y,iy
w,w
n,ax
dcl,bcl
d,dh
z,z
aa,ao
hv,ix
p,p
iy,ix
hv,hh
ae,ae
tcl,kcl
ae,ae
dx,k
l,dh
ax,ix
q,q
pcl,pcl
ax,l
r,r
ae,ae
w,w
er,axr
sh,s
iy,iy
ix,iy
tcl,pcl
s,s
tcl,p
ae,eh
dh,dh
z,s
s,s
z,sh
ih,ix
ow,ow
s,s
tcl,pcl
k,k
m,m
eh,eh
d,p
s,s
kcl,kcl
s,s
ih,ih
r,axr
r,er
q,ix
y,dx
q,iy
iy,y
m,m
bcl,n
ao,ao
r,r
k,k
ax,q
hh,n
ah,l
r,r
k,t
q,ix
y,iy
r,r
axr,ux
ih,ey
ah,nx
q,k
ay,ae
w,w
ey,ey
gcl,bcl
z,z
s,z
w,el
v,ax
dcl,tcl
ao,ay
kcl,kcl
kcl,kcl
t,t
eh,axr
sh,sh
s,s
r,r
hv,hv
ix,ih
axr,eh
ix,ix
ae,ae
iy,iy
n,n
f,f
tcl,kcl
sh,sh
ae,ae
l,w
d,d
er,er
axr,ae
axr,axr
en,en
kcl,kcl
l,l
s,z
m,m
p,t
l,l
axr,ix
r,r
ix,iy
iy,iy
dx,k
tcl,dcl
ao,ao
r,r
s,s
ih,q
er,er
ux,ux
ae,ae
gcl,dcl
axr,axr
l,l
dcl,dcl
axr,q
hh,p
pcl,kcl
k,k
dcl,tcl
aa,aa
v,ix
z,s
ix,ey
tcl,kcl
ax,w
tcl,kcl
w,w
t,kcl
bcl,bcl
tcl,tcl
n,n
ix,iy
n,n
ow,ah
th,t
dh,v
l,l
ay,ay
l,l
ih,ih
v,s
ey,ey
n,n
g,k
m,n
ow,q
iy,iy
f,f
sh,ch
iy,iy
pcl,tcl
ix,ih
hv,hv
q,q
ix,ix
bcl,tcl
iy,iy
ao,ao
hv,hv
r,r
iy,iy
s,s
f,f
r,r
d,t
ng,m
ay,ay
uh,l
f,f
n,n
jh,jh
ao,aa
dx,ix
m,m
dx,dx
gcl,bcl
q,m
kcl,tcl
sh,sh
ng,n
ng,ax
ow,el
l,l
s,s
ow,ow
ix,ix
ao,ah
t,k
f,f
eh,eh
ae,ae
iy,iy
g,dh
kcl,tcl
axr,ax
hh,hh
w,w
n,m
eh,ix
ae,ae
kcl,kcl
ax,ax
f,f
w,w
w,w
r,r
t,k
eh,r
z,tcl
s,z
l,l
q,q
r,n
gcl,gcl
v,tcl
f,pcl
l,el
dh,dh
ux,ux
v,v
ae,ae
z,s
g,g
ae,ae
ix,r
ao,ao
r,l
r,axr
r,r
n,dcl
z,s
l,ax
kcl,hh
k,k
k,g
ih,ih
aa,r
ih,ih
ey,ih
r,eh
q,dh
t,t
t,t
q,q
ax,w
ix,n
gcl,kcl
ih,ih
ix,ax
ch,jh
hh,hh
n,n
l,l
sh,sh
ax,ax
z,z
ix,ix
ax,ax
eh,eh
pcl,pcl
l,l
tcl,kcl
s,s
ay,eh
sh,sh
eh,ah
n,n
s,s
q,q
r,r
k,t
ix,iy
ng,l
ow,l
ah,aa
m,n
f,f
k,k
jh,k
n,n
kcl,kcl
k,k
ae,iy
ah,ow
m,m
z,s
l,l
axr,axr
iy,ix
r,r
ay,ay
iy,iy
w,w
tcl,dcl
ay,ay
n,n
n,n
m,m
ix,ix
l,l
ow,ow
ow,ix
w,l
ih,ih
ow,ow
ao,aa
hv,p
dh,d
tcl,tcl
ah,ax
ae,ae
iy,ix
q,q
kcl,kcl
iy,iy
ix,ix
ix,ix
iy,iy
axr,axr
ey,ey
dx,dx
ow,ae
iy,iy
dh,v
s,f
iy,ih
t,t
sh,sh
axr,axr
m,n
uw,ih
f,f
m,n
kcl,dcl
n,r
n,n
ao,ao
ix,ix
dh,dx
oy,oy
q,q
iy,ix
em,n
m,m
hv,hv
f,f
axr,v
w,dh
ah,ay
axr,axr
ix,ix
ax,ax
k,k
ae,ae
ae,ae
m,n
t,t
ae,eh
l,l
w,k
sh,sh
axr,axr
dcl,n
dx,dx
iy,iy
t,t
ey,ey
l,l
ax,ax
dcl,kcl
ix,ix
eh,eh
nx,n
ux,ux
pcl,kcl
aw,ae
ao,ao
ih,ih
tcl,tcl
n,n
ax,el
l,l
ey,ey
dx,dx
ih,ix
z,k
bcl,tcl
r,r
n,n
l,ax
z,dh
ay,ay
t,t
dcl,dcl
ey,ey
ao,ao
dx,dx
kcl,kcl
n,n
ix,ix
y,iy
ix,z
ow,aa
w,uw
t,t
ow,ow
s,s
n,n
s,s
sh,sh
n,dcl
gcl,dcl
ih,ih
ax,r
l,l
er,r
s,s
ao,ao
s,s
iy,iy
t,t
iy,ey
ux,ux
er,er
ae,ae
pcl,tcl
m,v
k,k
r,r
hv,t
pcl,kcl
eh,er
axr,r
ix,v
l,l
ix,r
er,axr
l,l
ao,ao
kcl,gcl
eh,ix
y,iy
ow,el
bcl,dh
n,n
iy,iy
v,dcl
el,l
ae,ae
r,axr
tcl,pcl
n,n
p,t
eh,eh
dh,k
iy,iy
r,r
pcl,tcl
q,q
k,k
tcl,tcl
pcl,tcl
ow,aw
ng,n
z,s
eh,ix
w,el
n,n
ux,ux
n,n
s,s
z,z
ix,ix
z,s
ix,ix
g,k
ae,ae
dh,z
el,ax
gcl,tcl
axr,axr
axr,ih
s,s
s,s
n,n
n,n
ix,ix
hh,hh
n,m
dcl,dcl
v,v
k,t
iy,iy
tcl,tcl
q,q
l,l
ao,el
p,k
axr,ey
tcl,tcl
f,kcl
dcl,pcl
l,m
t,t
m,n
aa,aa
bcl,dcl
ey,ey
l,ax
m,n
el,el
s,t
s,s
q,ae
f,f
p,p
kcl,k
w,l
n,n
s,s
iy,iy
uh,ih
t,t
p,p
ow,ow
ix,iy
q,v
er,eh
ao,w
ey,eh
d,t
w,w
iy,iy
l,ow
eh,eh
p,p
ow,el
l,q
kcl,dcl
ax,t
pcl,pcl
sh,s
m,m
s,s
ih,ih
kcl,tcl
m,n
axr,r
l,l
ah,ax
v,n
bcl,bcl
q,th
l,n
er,ix
eh,ih
jh,jh
sh,sh
iy,ix
t,t
ix,l
l,l
m,n
ix,ix
t,t
n,n
t,t
axr,axr
ay,ay
aa,r
iy,iy
iy,iy
iy,iy
q,aa
ng,n
tcl,ix
dcl,gcl
iy,iy
eh,eh
l,l
l,l
pcl,kcl
kcl,tcl
ah,ay
r,r
jh,jh
dx,dx
n,n
z,s
l,l
uh,ah
iy,iy
ch,k
th,f
dcl,tcl
v,v
gcl,tcl
uh,ih
pcl,pcl
g,q
axr,r
s,s
gcl,kcl
ix,ix
hv,hv
kcl,q
dcl,dcl
v,v
gcl,ax-h
ow,ax
n,n
ow,q
n,n
s,s
iy,iy
iy,ih
gcl,p
v,v
ae,ae
l,l
m,n
ay,aa
z,s
ix,ix
kcl,kcl
m,m
n,n
gcl,n
y,dx
gcl,tcl
m,m
ax-h,k
sh,sh
axr,r
n,n
k,kcl
t,t
f,f
ch,t
gcl,gcl
y,y
m,r
axr,r
v,v
bcl,bcl
ng,ng
tcl,tcl
ah,l
eh,iy
m,n
ey,ey
tcl,kcl
l,l
axr,ix
z,s
er,r
dcl,z
k,k
ow,ow
dx,dcl
n,n
w,q
ao,aa
em,m
ih,ix
aa,aa
oy,ey
f,f
ey,ih
s,s
ux,iy
z,z
bcl,dcl
aa,l
ey,ae
ux,ux
s,f
g,dh
s,s
z,ch
bcl,bcl
gcl,n
en,ax
r,r
eh,ih
w,w
kcl,k
dcl,tcl
y,y
ow,ax
dcl,l
ih,ax
ah,ao
l,l
tcl,kcl
p,hh
r,r
l,ax
axr,er
p,p
s,s
ih,ih
bcl,gcl
hv,hv
l,ax
f,f
ax,ax
ax,ax
gcl,dcl
iy,ih
k,k
v,l
aw,ow
ax,ax
ix,dx
k,k
sh,sh
ix,ix
n,n
l,l
f,f
n,n
eh,ae
s,s
n,n
l,w
t,t
m,n
ix,ix
m,n
f,kcl
gcl,tcl
pcl,bcl
axr,q
ae,ay
p,p
s,s
s,s
k,k
ow,ow
l,ax
em,m
bcl,v
ey,ae
y,iy
t,t
n,n
eh,eh
ey,ey
n,n
ay,ay
s,s
aa,ae
dh,dh
dh,p
n,m
f,f
t,t
q,n
kcl,tcl
ix,l
ix,ix
dh,l
r,r
ae,ae
s,z
s,s
l,l
ow,ao
q,q
l,el
ix,ix
kcl,kcl
w,w
v,m
l,l
ae,ae
f,f
t,k
ax,ah
s,s
iy,iy
eh,eh
ih,ih
iy,iy
w,w
eh,eh
t,t
iy,iy
eh,ix
w,w
t,t
v,v
ix,ih
gcl,dcl
t,d
dcl,v
g,g
m,n
m,n
bcl,bcl
ao,ao
tcl,tcl
t,dh
p,p
s,s
hh,jh
q,q
s,s
iy,ih
l,ao
sh,sh
er,iy
eh,eh
n,n
sh,f
iy,iy
k,k
d,d
eh,eh
l,l
s,s
eh,eh
kcl,kcl
gcl,dcl
l,l
ax,ix
tcl,pcl
z,s
ey,ey
ix,ix
eh,eh
r,r
m,ng
iy,iy
z,z
d,f
tcl,tcl
s,s
v,dh
l,l
ao,ao
g,g
l,l
ay,ay
dh,dh
n,m
aa,ao
t,t
iy,iy
ae,ae
kcl,kcl
gcl,gcl
axr,r
ix,r
tcl,tcl
ey,iy
r,m
y,ix
pcl,pcl
iy,iy
s,z
tcl,tcl
dcl,gcl
pcl,bcl
axr,axr
r,r
f,th
ax,ix
ay,aa
gcl,k
dh,th
ng,n
w,w
er,ix
ix,ix
ah,ah
s,s
y,m
ow,ow
ah,ah
ae,ae
iy,n
ax,ax
ay,ay
axr,axr
ix,q
iy,iy
ow,axr
aa,ao
kcl,kcl
pcl,kcl
eh,eh
w,w
ay,ay
s,s
k,p
k,k
sh,sh
s,s
iy,iy
m,n
dh,dh
kcl,tcl
ix,iy
n,n
r,r
er,ey
ay,hv
ix,ix
tcl,tcl
aa,aa
r,l
v,tcl
el,el
l,w
ay,n
dcl,dcl
m,r
y,iy
ax-h,ax
tcl,dh
er,r
ix,ix
l,l
ow,el
hh,hh
w,el
dx,ax
f,f
axr,ih
ih,ih
iy,iy
d,q
ay,ay
n,n
ix,ix
aw,ao
n,n
r,ae
ih,ih
n,n
axr,axr
p,d
ah,ix
f,f
k,t
s,s
w,w
tcl,tcl
dx,l
dcl,dcl
ax,ao
n,n
iy,iy
eh,eh
ux,ix
ix,ih
v,dh
ao,ao
ax,r
kcl,kcl
er,er
ax-h,hh
kcl,dcl
n,n
th,f
ey,iy
r,r
l,l
zh,sh
pcl,tcl
f,s
ah,ax
tcl,tcl
iy,iy
l,l
p,p
aa,aa
r,r
m,n
d,k
t,dh
kcl,z
q,t
kcl,kcl
l,ax
pcl,tcl
l,m
axr,r
aa,ao
kcl,tcl
r,r
ow,ao
iy,gcl
l,l
axr,r
dh,dh
em,n
aa,r
d,k
ae,ae
ng,n
s,s
iy,iy
k,p
zh,sh
ux,ux
sh,sh
l,w
s,s
gcl,r
tcl,dcl
d,k
l,ao
sh,sh
er,er
uw,n
eh,ih
f,f
z,z
iy,iy
aa,r
axr,r
bcl,m
ay,aa
ay,ay
aa,aa
th,th
s,sh
bcl,dcl
l,ao
p,q
sh,sh
ix,ix
sh,sh
t,k
eh,eh
aa,aa
ay,ay
ah,ay
ix,ix
axr,r
pcl,tcl
iy,iy
ih,l
y,ix
ah,eh
aw,aw
sh,sh
f,f
k,k
kcl,tcl
em,n
zh,zh
iy,iy
ow,ow
s,s
s,s
l,l
w,w
ix,ix
bcl,pcl
s,f
ih,ih
ae,ih
gcl,tcl
r,r
tcl,kcl
ah,ah
q,q
eh,ow
f,s
ae,ae
p,p
dx,z
n,hv
ih,ih
f,tcl
ax-h,ix
ao,ao
er,r
iy,iy
r,r
kcl,kcl
hv,kcl
ay,iy
eh,ae
k,k
w,w
k,dh
v,v
axr,r
l,l
jh,t
hh,p
kcl,kcl
t,d
axr,r
oy,oy
r,r
r,r
iy,iy
jh,jh
tcl,tcl
hh,hh
ay,ay
iy,ix
sh,s
iy,iy
iy,iy
ux,ih
uw,w
er,axr
l,q
sh,ch
w,ao
er,l
ah,ay
aa,aa
r,r
ay,ay
ay,ay
en,ix
ix,ix
iy,iy
pcl,pcl
dh,tcl
r,r
y,ih
ax,ax
l,l
ae,aw
ng,n
q,q
kcl,kcl
t,t
iy,iy
q,w
ay,ay
ix,iy
ae,ae
s,s
hv,hv
kcl,kcl
kcl,tcl
hh,hh
s,s
eh,eh
ey,ey
dh,dh
eh,ae
z,z
ix,l
n,n
ay,ay
kcl,kcl
ay,ay
ah,ae
ix,ix
s,f
ax,ix
k,k
ax,ax
dx,dx
m,r
s,f
ay,r
el,el
ix,ix
pcl,kcl
ow,ng
v,v
s,s
l,m
l,l
r,aa
iy,iy
m,dh
aa,ay
ah,ah
dcl,tcl
m,m
bcl,kcl
tcl,bcl
s,s
s,s
ix,ix
l,r
pcl,kcl
n,n
ux,ux
s,s
r,r
tcl,tcl
kcl,kcl
ax,l
ow,ow
d,dh
n,n
sh,sh
r,l
ax,ow
ix,ix
n,n
w,w
l,l
kcl,kcl
dx,tcl
dx,k
ax,ix
ux,iy
n,n
ae,ae
s,s
w,r
zh,z
ih,ix
iy,iy
ux,ux
r,q
s,s
z,s
ux,ih
ax,ix
tcl,tcl
eh,ey
z,pcl
ax,ax
ao,ao
kcl,z
s,s
n,n
n,n
eh,ih
z,z
axr,axr
eh,ae
ih,ih
dx,dx
eh,ix
r,r
uw,ux
s,s
axr,axr
w,ao
ax,l
dh,dh
g,k
uh,ih
ow,ao
ix,axr
ax,ax
ch,ch
z,z
kcl,pcl
ao,ao
ix,ix
p,k
ch,ch
f,f
er,aw
q,q
dcl,pcl
ix,ax
f,f
s,s
gcl,dcl
z,s
z,s
axr,r
q,gcl
ax,l
ux,ux
z,sh
f,f
gcl,tcl
kcl,kcl
axr,ax
r,r
l,el
ae,ae
ix,ix
ih,ih
aa,oy
tcl,tcl
axr,r
r,eh
ao,ao
dh,t
eh,eh
ay,ao
m,n
pcl,pcl
k,k
tcl,tcl
ix,ix
axr,r
t,t
tcl,pcl
z,v
ae,eh
ae,ae
v,v
gcl,gcl
pcl,pcl
pcl,tcl
s,s
ix,ix
kcl,kcl
uh,ax
ay,ae
ae,ae
r,r
axr,r
eh,oy
ux,iy
w,w
t,t
q,q
iy,iy
dcl,dcl
axr,q
q,q
s,s
r,eh
tcl,pcl
z,n
tcl,kcl
sh,sh
iy,iy
nx,nx
eh,ix
aa,eh
z,z
ih,ih
ae,ay
ax,r
kcl,kcl
y,y
ay,ay
r,r
ao,ao
r,r
l,ao
em,n
pcl,f
pcl,pcl
r,r
gcl,dcl
r,r
ow,eh
k,k
ae,ae
sh,sh
ix,ix
k,t
ix,iy
l,ax
kcl,kcl
er,er
ae,ae
l,l
ay,ay
g,k
kcl,tcl
iy,ix
l,el
m,m
aa,aa
gcl,gcl
r,ix
ix,iy
gcl,dcl
dcl,dcl
ax,en
l,w
aa,aa
r,axr
tcl,n
ay,ay
n,tcl
dcl,dcl
dcl,dcl
g,g
eh,ae
ix,ix
r,r
r,r
ix,ix
l,l
q,v
ih,ix
dh,dh
oy,oy
r,r
m,m
ay,ay
ax,ax
w,w
ao,ao
f,f
iy,iy
t,hh
hh,hh
axr,axr
ah,ah
k,kcl
kcl,kcl
q,dh
m,n
z,z
ey,ey
ix,ix
r,r
ix,ix
n,iy
pcl,kcl
kcl,kcl
hh,hv
ih,q
m,m
kcl,kcl
q,ix
ae,ae
f,th
eh,ae
ao,aa
l,w
r,r
m,n
d,d
m,m
tcl,tcl
ey,ey
dx,gcl
bcl,bcl
l,w
m,n
p,t
w,el
axr,r
ux,axr
pcl,kcl
oy,oy
er,ae
jh,ch
er,er
dx,d
dcl,kcl
ao,aa
ih,ix
el,l
ng,n
g,gcl
w,w
kcl,tcl
k,p
tcl,bcl
ng,ng
kcl,kcl
r,v
l,l
ax,ax
z,z
r,r
ix,ix
ao,ao
s,s
f,f
eh,ix
f,sh
l,l
dcl,p
hh,hh
l,l
ng,m
n,n
hh,p
er,r
t,t
k,k
jh,jh
f,tcl
t,t
ix,ix
ey,ey
s,s
z,z
kcl,kcl
tcl,tcl
aw,aw
dcl,dcl
jh,d
t,d
nx,ix
ix,ix
hh,hh
q,aw
bcl,bcl
tcl,kcl
ux,ux
ih,ix
m,m
ix,ih
ch,ch
ax,ix
q,q
m,m
p,p
ay,ay
ao,ao
aa,ao
t,p
n,n
s,s
ax,q
tcl,s
w,l
ax,ax
s,s
v,v
tcl,kcl
n,n
jh,k
dcl,dcl
l,q
r,r
tcl,tcl
dcl,tcl
iy,iy
n,n
dcl,tcl
p,tcl
ah,ah
tcl,kcl
l,l
ay,ay
ey,ae
axr,el
ax,r
s,s
tcl,tcl
ax,r
l,l
t,t
k,p
ix,r
eh,ih
pcl,tcl
dcl,dcl
ay,ay
ey,ey
tcl,tcl
en,n
l,l
ix,ix
r,r
n,n
l,l
eh,ix
kcl,p
q,q
k,d
iy,iy
iy,iy
er,ae
dh,tcl
dcl,n
er,r
q,q
eh,eh
ah,ax
tcl,tcl
kcl,pcl
p,p
ng,n
en,m
sh,sh
iy,iy
t,t
bcl,tcl
q,kcl
ow,ow
eh,eh
ih,n
m,n
n,n
ax,l
eh,eh
ah,ah
w,l
ey,ey
kcl,pcl
er,er
r,r
n,n
ae,ae
iy,iy
iy,iy
axr,axr
hv,v
jh,jh
bcl,bcl
s,s
ng,ng
m,m
ax,dh
ch,ch
tcl,tcl
tcl,tcl
tcl,tcl
kcl,kcl
ih,ix
r,r
n,q
s,s
ih,iy
tcl,kcl
kcl,kcl
r,r
n,n
r,r
uh,eh
n,ix
l,w
oy,oy
l,l
eh,ih
q,q
axr,ix
s,s
ow,ow
l,ay
uh,ax
ih,iy
tcl,q
s,s
kcl,dcl
p,k
m,m
axr,axr
kcl,kcl
l,l
dh,dh
n,n
axr,er
m,n
tcl,tcl
r,ax-h
hh,k
ao,ow
uh,ax
sh,s
iy,iy
ax,ow
kcl,kcl
n,n
tcl,tcl
hh,p
v,v
k,k
ih,ih
ao,r
ih,iy
ey,ey
k,k
ao,ao
iy,iy
ix,n
m,m
ix,ax
n,n
s,s
n,n
w,w
k,k
ax,ax
pcl,pcl
ih,ix
gcl,kcl
ax,r
uw,l
ey,iy
oy,oy
ao,ao
iy,iy
n,n
jh,jh
ow,eh
z,sh
q,gcl
axr,l
ih,ix
iy,iy
l,l
r,r
f,f
k,k
ix,q
iy,ey
d,t
s,s
ih,ix
p,dh
iy,iy
hv,y
m,n
ae,ae
s,s
eh,oy
dh,dh
eh,aw
w,l
p,p
r,r
r,r
ih,ih
ix,iy
ix,ix
iy,dh
ix,ix
l,l
iy,iy
t,t
eh,ih
iy,iy
kcl,q
er,ae
s,s
s,s
f,f
dh,t
iy,iy
dcl,dcl
l,ao
axr,r
kcl,tcl
nx,n
n,l
ax,l
ax,ix
n,k
ao,ao
iy,ih
ch,sh
y,iy
sh,sh
q,q
m,m
q,q
r,r
s,s
bcl,tcl
l,l
p,p
z,s
dcl,dcl
ow,ae
tcl,z
ix,ix
jh,k
ae,ae
tcl,dcl
sh,sh
k,k
q,k
w,ao
s,s
iy,iy
eh,ix
jh,jh
gcl,dcl
kcl,kcl
gcl,dcl
l,l
eh,r
z,s
m,r
s,s
r,r
tcl,dcl
ih,ix
k,k
r,r
sh,sh
t,ch
q,q
dx,dx
iy,iy
ae,ae
dcl,tcl
q,q
ae,ae
eh,r
tcl,dcl
l,l
er,er
z,z
dh,dh
iy,iy
ax,n
s,s
axr,axr
s,z
ah,ah
gcl,n
ix,q
ih,uh
s,f
ih,ih
b,d
hv,hv
pcl,dcl
ng,bcl
tcl,z
ae,ae
ah,ah
aa,aa
s,s
ix,ix
ay,ay
aw,ow
bcl,dcl
ey,ey
s,s
ae,ae
gcl,dcl
ix,ih
eh,eh
ay,ay
f,f
eh,ih
kcl,tcl
m,m
w,w
ay,m
ng,l
ix,ix
s,s
z,s
sh,sh
hv,hv
l,q
d,dh
ae,aw
tcl,q
dh,v
iy,iy
tcl,kcl
m,ix
ix,ax
ah,l
ih,ih
aa,aa
ix,ix
gcl,gcl
l,l
m,n
kcl,kcl
s,s
kcl,kcl
aa,ao
tcl,pcl
n,n
kcl,pcl
q,q
eh,eh
pcl,kcl
ao,ao
s,s
eh,ih
g,d
tcl,tcl
dx,dx
iy,iy
l,l
ih,ix
kcl,kcl
ae,ah
bcl,dcl
r,r
ey,ey
zh,sh
ey,ey
q,q
ay,ae
aa,aa
sh,sh
dh,pcl
n,n
axr,axr
l,q
sh,sh
n,r
kcl,kcl
tcl,kcl
iy,iy
ng,dx
v,v
kcl,kcl
f,f
tcl,f
ey,iy
ax,ax
n,n
tcl,tcl
q,q
eh,ah
en,n
ih,ih
iy,iy
pcl,pcl
ih,r
f,f
tcl,tcl
aa,aa
ae,ae
l,l
f,f
hv,m
n,n
s,s
p,p
ih,ix
ay,ay
sh,sh
r,r
gcl,gcl
sh,s
bcl,dcl
er,r
ix,ix
p,f
jh,ch
n,ix
r,r
ay,ay
kcl,pcl
m,bcl
tcl,tcl
ax,eh
g,k
y,iy
eh,r
dh,dh
dcl,bcl
ix,ix
s,s
m,n
tcl,kcl
ow,ow
t,t
ch,k
ah,ih
ih,ih
dcl,dcl
y,n
r,axr
ae,ae
n,n
s,s
ix,ix
en,n
th,tcl
dh,v
kcl,tcl
q,kcl
dcl,gcl
l,r
iy,iy
kcl,kcl
w,w
kcl,kcl
m,n
t,t
ae,ay
aa,eh
y,ih
ao,ao
k,k
aa,aa
ao,ao
ux,ux
ih,ix
ae,ae
ae,ix
ax,dh
s,s
bcl,bcl
m,m
q,q
dcl,dcl
pcl,kcl
eh,ae
z,z
iy,iy
dh,dh
axr,r
ix,v
r,r
sh,sh
tcl,tcl
kcl,dcl
k,kcl
dcl,dcl
l,l
l,l
kcl,kcl
ax,ax
tcl,tcl
tcl,tcl
ae,ae
k,k
ao,ao
iy,iy
dh,v
r,r
w,w
iy,iy
tcl,kcl
oy,oy
er,axr
ay,aa
t,t
r,r
ow,ow
ay,ay
axr,er
eh,eh
ix,ix
l,l
d,p
n,n
l,l
uw,axr
jh,k
n,n
axr,axr
l,l
jh,k
n,n
n,ng
l,l
f,f
ix,ix
axr,axr
w,l
w,l
ng,dcl
ux,ih
s,s
kcl,kcl
r,r
ix,axr
aa,er
m,n
r,ix
p,dh
gcl,kcl
iy,iy
ah,ax
ux,ix
ax,ix
aa,aa
q,p
kcl,kcl
s,s
iy,iy
s,s
l,l
n,n
dh,th
r,r
uh,ao
p,p
ux,ih
l,w
l,l
tcl,tcl
gcl,ng
ah,eh
s,s
axr,axr
ao,l
n,n
ax,l
ah,ao
ao,ao
hv,n
ux,ux
ay,ay
ey,ey
ax,w
ao,r
t,jh
ao,l
n,n
r,ax
ux,ux
tcl,tcl
t,t
r,axr
bcl,v
en,ix
s,z
y,ix
nx,n
ix,ix
ey,ey
dcl,pcl
ax,ax
hh,hh
ow,ow
el,el
s,s
n,n
ax,l
l,l
s,s
k,p
gcl,dcl
er,r
ix,ix
axr,q
k,kcl
z,z
uh,ao
ay,eh
ay,ay
dcl,ix
el,el
z,s
n,m
ow,ow
ix,ix
r,r
dh,v
ng,l
s,s
iy,iy
ax,l
iy,ix
ix,ix
dx,ax
kcl,kcl
kcl,k
kcl,tcl
nx,n
r,r
axr,axr
ay,ay
iy,gcl
w,q
l,l
ax,ax
axr,axr
gcl,gcl
ae,ae
t,t
n,n
z,s
ey,ey
dcl,f
n,ix
q,q
ey,ey
ao,ao
dcl,tcl
dcl,tcl
ae,ae
ey,ey
axr,ih
axr,axr
axr,q
s,s
iy,ix
q,dx
s,s
f,f
r,axr
n,n
ng,n
er,ah
r,r
iy,iy
axr,n
hv,hv
eh,ae
iy,iy
r,r
dcl,k
er,ih
ah,r
ao,aw
s,s
s,s
gcl,ng
ae,ae
p,hh
l,l
dh,pcl
l,l
q,l
er,r
n,n
r,r
ao,l
ax,ax
l,r
k,k
v,v
n,n
ah,eh
ix,ix
r,r
m,n
iy,iy
l,w
ix,r
ih,ih
ae,ae
n,n
f,f
iy,iy
iy,iy
bcl,dcl
iy,iy
ao,ao
dh,dh
ix,w
ah,ah
l,l
ux,iy
r,axr
eh,ey
t,t
w,w
ix,ih
eh,ih
t,k
s,s
z,z
pcl,tcl
ow,ow
eh,ae
w,w
s,s
ux,ih
t,t
el,ow
ax,ix
bcl,kcl
ao,ao
w,w
s,s
n,ng
f,f
n,n
ao,dh
eh,l
m,n
ax,ix
t,k
tcl,tcl
p,t
m,n
dcl,tcl
ey,ey
iy,iy
ih,ey
iy,ey
ay,ay
y,y
ah,ix
axr,er
f,f
n,n
tcl,n
tcl,tcl
tcl,tcl
ey,ey
ao,ao
s,s
ah,ae
dcl,tcl
f,f
iy,iy
ix,iy
n,n
dx,tcl
q,r
gcl,gcl
m,n
ah,ae
kcl,gcl
m,m
s,s
ix,ix
ix,ix
ay,ay
er,axr
pcl,pcl
s,s
er,r
t,t
l,l
dcl,tcl
q,q
dcl,dcl
kcl,kcl
ow,aa
r,r
ix,iy
ae,ae
iy,iy
ix,ae
w,w
kcl,kcl
t,tcl
ih,ih
m,m
axr,er
bcl,bcl
aa,aa
ay,ay
k,t
tcl,tcl
eh,r
g,k
ax,n
tcl,tcl
sh,t
ix,ix
n,n
ix,ix
s,s
n,n
ix,ix
r,r
ax-h,ix
r,r
axr,gcl
hh,hh
l,l
k,k
ey,ay
ae,ae
ax,ax
pcl,kcl
t,t
ix,ix
kcl,dcl
t,kcl
t,k
m,ng
n,n
z,s
v,v
iy,iy
dh,dh
kcl,kcl
ah,ae
ao,ao
ae,ae
p,k
ey,ay
gcl,tcl
n,n
tcl,tcl
dx,dx
ae,ae
n,eh
kcl,tcl
axr,axr
s,s
tcl,tcl
ah,ah
z,s
r,v
w,w
tcl,tcl
z,s
t,t
dcl,gcl
kcl,pcl
r,r
ih,ih
pcl,t
s,s
r,r
w,bcl
tcl,tcl
r,r
l,l
m,m
n,n
axr,r
pcl,tcl
dcl,tcl
kcl,kcl
kcl,ch
tcl,pcl
ow,ow
ae,ae
k,sh
n,n
q,q
ow,q
er,ao
r,ix
ax,ax
z,s
w,w
r,r
ah,aw
er,axr
y,y
iy,iy
gcl,tcl
z,v
sh,sh
f,f
bcl,dcl
f,tcl
aa,ao
pcl,pcl
n,n
n,n
q,iy
n,n
hv,hv
iy,iy
m,m
axr,q
r,r
q,q
hh,hh
q,q
ix,r
dh,dh
ao,ao
f,f
r,r
s,th
axr,er
z,f
sh,sh
en,n
l,l
n,bcl
gcl,tcl
ix,ix
aa,r
ix,ix
n,gcl
bcl,pcl
m,m
ey,ih
q,q
ch,t
r,r
ih,iy
w,w
ow,ow
sh,sh
eh,ey
bcl,m
tcl,kcl
z,z
aa,aw
ix,ix
ah,aa
y,y
hv,hv
m,n
gcl,v
l,ix
eh,ae
iy,y
p,p
dcl,dcl
ae,ae
eh,eh
uw,ix
ix,ix
pcl,pcl
ao,aa
q,q
ax,ax
ah,aa
ae,ae
m,m
axr,r
iy,iy
aa,ao
g,k
ao,ao
l,l
r,r
q,q
ax,ax
bcl,tcl
l,l
p,p
jh,dh
sh,sh
ch,t
ow,ow
w,w
ix,ix
er,er
l,w
pcl,pcl
q,q
ix,ix
r,eh
iy,iy
kcl,kcl
n,r
ow,ow
dcl,dcl
er,axr
dh,f
kcl,kcl
dcl,dcl
eh,eh
dcl,dcl
s,s
nx,nx
n,n
kcl,kcl
r,w
s,s
ch,s
jh,ch
t,tcl
ux,ey
ix,ix
ih,eh
ix,ix
dh,dh
tcl,kcl
pcl,kcl
r,axr
jh,kcl
ey,ey
t,tcl
ao,ao
s,s
ow,ow
t,t
bcl,kcl
ix,r
p,hh
kcl,tcl
s,s
ao,ao
dcl,dcl
axr,axr
kcl,kcl
q,q
ix,ix
m,ix
v,dcl
ao,ao
ax,l
tcl,tcl
ih,r
eh,ae
ao,ao
ao,w
ix,ix
iy,ey
kcl,kcl
ix,ix
q,q
n,n
ow,ow
iy,iy
p,p
p,p
w,w
ih,l
ey,ae
pcl,kcl
z,z
r,r
ix,ix
aa,aa
ey,ih
n,n
p,tcl
p,p
w,l
bcl,dcl
ao,ao
g,k
dcl,dcl
dh,dh
er,ae
gcl,gcl
z,z
dx,dcl
n,n
dh,dcl
ao,r
q,q
bcl,bcl
dh,dh
axr,ix
n,n
uw,r
ey,ey
n,n
ux,ux
k,tcl
ae,eh
axr,r
s,z
s,s
dx,r
aa,ao
eh,ae
f,f
k,k
s,s
f,f
r,r
iy,iy
t,t
ih,ih
r,r
k,jh
tcl,tcl
eh,ix
tcl,pcl
kcl,kcl
tcl,tcl
ay,ay
ix,ix
n,iy
ah,ao
el,el
f,f
jh,jh
p,t
w,w
iy,ih
ay,ay
dcl,en
axr,axr
ey,ey
l,l
ay,ay
bcl,bcl
ae,ae
ix,ix
kcl,tcl
ix,ix
iy,iy
iy,ix
y,y
er,er
uw,uw
dh,dcl
w,w
tcl,tcl
kcl,pcl
r,r
ch,ch
sh,sh
g,k
ay,ay
n,tcl
t,tcl
tcl,tcl
er,axr
pcl,tcl
s,s
tcl,tcl
ih,ih
pcl,pcl
ae,eh
ih,ix
ix,ix
ih,r
ao,ao
ix,ix
s,s
k,k
ae,ae
ih,hv
en,n
s,s
l,n
ey,ey
w,r
n,n
p,dh
n,n
dcl,gcl
eh,iy
n,ix
ih,ih
aa,aa
f,f
dcl,gcl
l,l
m,n
ey,ey
ae,ae
tcl,pcl
iy,iy
ih,ix
ih,iy
bcl,bcl
ow,ow
kcl,kcl
g,p
kcl,kcl
n,n
ow,axr
iy,iy
er,er
bcl,tcl
axr,r
t,t
iy,ey
l,l
ix,iy
ax,r
k,k
iy,iy
z,z
t,f
kcl,tcl
n,n
iy,iy
ix,ix
d,ix
k,k
kcl,tcl
pcl,pcl
s,s
ae,eh
s,s
s,s
uw,w
ch,t
r,l
ae,ae
v,l
el,ow
ih,ix
l,l
eh,ih
ix,ix
jh,jh
hv,hv
tcl,tcl
n,n
r,r
aa,aa
ux,iy
eh,ay
dcl,n
ax,r
tcl,tcl
n,ng
ih,ix
sh,s
k,d
iy,iy
kcl,kcl
axr,axr
ae,ae
ux,ux
ah,eh
eh,ih
dx,g
bcl,tcl
g,g
axr,ih
iy,iy
iy,iy
t,d
r,r
bcl,bcl
ng,n
n,n
sh,sh
ux,ux
n,n
k,k
v,v
eh,ao
iy,ix
k,k
ng,n
k,s
r,r
eh,iy
aa,ao
eh,er
ix,ih
w,w
r,r
oy,oy
pcl,pcl
dh,dh
gcl,n
ah,ax
eh,ix
eh,eh
z,s
f,f
er,er
k,t
ih,ix
ah,eh
eh,ix
ae,ae
f,s
dcl,v
f,f
jh,jh
iy,ih
axr,axr
aa,aa
eh,ae
gcl,v
ax,ax
p,p
l,w
n,n
ih,iy
ix,ix
n,n
ih,ih
kcl,kcl
ih,ih
ay,ay
ae,ae
t,t
kcl,kcl
l,ao
t,z
q,n
bcl,dcl
z,z
q,q
eh,hv
eh,ix
s,s
ix,iy
dcl,dcl
bcl,dcl
er,r
ch,jh
iy,iy
dh,dcl
m,m
ix,ix
k,tcl
ao,l
ae,ae
kcl,tcl
ah,oy
el,m
k,t
uh,el
ix,ix
uw,r
r,r
uh,ih
hh,p
w,w
l,ao
ah,ow
eh,ih
w,l
ae,ae
tcl,d
t,k
kcl,kcl
v,v
kcl,kcl
t,t
aa,aa
aa,ao
aa,aa
dcl,dcl
ae,ae
ey,eh
ow,ow
hh,hh
el,el
uh,ax
ae,ae
v,v
ih,eh
bcl,bcl
eh,ix
k,k
ax,ix
axr,r
n,n
r,r
ao,ao
th,s
axr,er
ix,iy
iy,iy
z,z
eh,r
s,s
axr,axr
eh,ix
ix,ix
r,dh
axr,r
er,er
tcl,tcl
aa,aw
ah,aa
pcl,q
dh,tcl
sh,sh
n,n
ch,ch
n,n
er,axr
z,z
d,t
p,p
dx,tcl
bcl,dcl
ix,ix
iy,ey
tcl,kcl
p,p
iy,iy
iy,ix
uw,uw
eh,eh
m,axr
v,n
tcl,kcl
axr,axr
f,pcl
iy,iy
gcl,dcl
aw,l
kcl,kcl
n,n
ow,ow
ah,ih
w,r
s,s
uh,ax
gcl,dcl
ao,ao
tcl,tcl
ay,ae
er,r
ch,ch
s,s
p,p
m,w
m,m
ix,ix
dh,dx
aa,aa
eh,r
z,z
l,l
ao,ao
s,s
n,ix
t,q
v,dcl
ih,iy
r,r
q,l
uw,uw
q,q
pcl,tcl
r,r
ae,ae
ix,ih
ix,gcl
q,q
t,t
p,p
dcl,dcl
kcl,dcl
ax,ix
ix,axr
s,s
uw,l
n,ax
s,s
tcl,tcl
w,w
ix,ih
hh,p
ix,n
aa,ao
l,l
dcl,gcl
aa,ao
dh,dcl
eh,eh
z,s
aa,aa
l,ix
eh,eh
sh,sh
tcl,tcl
ix,ax
hv,hv
r,ix
dcl,dcl
f,f
ow,ow
ix,ix
kcl,p
tcl,tcl
s,s
aa,ao
ih,ix
l,l
tcl,tcl
eh,eh
er,er
ao,ao
ah,l
bcl,pcl
el,w
dcl,dcl
n,n
m,dh
kcl,kcl
th,z
n,n
el,l
ih,ih
q,q
eh,ix
t,p
ix,ix
z,s
kcl,tcl
jh,sh
ax-h,tcl
iy,ix
ay,ay
iy,iy
ow,ae
er,er
dcl,dcl
s,s
ax,ah
tcl,r
iy,ey
tcl,tcl
er,er
eh,ih
ax,ix
g,kcl
k,p
pcl,tcl
q,q
eh,eh
ix,iy
r,r
ae,ae
ay,ay
m,n
n,n
eh,ey
k,t
t,t
z,s
t,k
ax,ix
pcl,pcl
s,z
ey,iy
pcl,kcl
g,g
t,k
bcl,tcl
t,t
tcl,kcl
ng,ng
kcl,kcl
l,l
iy,iy
s,s
ow,ey
tcl,tcl
ax,ax
g,n
s,s
p,p
iy,iy
iy,iy
m,m
m,bcl
gcl,gcl
q,q
s,s
ih,ix
eh,eh
eh,ae
er,eh
tcl,tcl
iy,iy
oy,oy
pcl,tcl
k,g
ae,ae
dx,dx
n,n
sh,sh
w,w
ix,ix
ih,iy
kcl,tcl
ao,r
s,s
ux,iy
n,dcl
pcl,w
g,gcl
r,r
ae,ae
t,t
ix,ix
eh,ax
y,ih
dh,v
r,r
r,r
iy,ux
d,tcl
gcl,z
iy,iy
s,s
tcl,pcl
ae,ih
r,r
s,s
bcl,bcl
hh,hh
ng,iy
kcl,pcl
ow,l
hv,hv
ah,ax
ax,l
aa,aa
ay,ay
n,dcl
ix,r
iy,iy
s,s
ih,eh
k,d
q,q
z,z
n,m
q,q
el,el
ao,ao
ix,ix
iy,iy
axr,axr
ux,n
m,n
pcl,pcl
ix,ix
ae,ae
ax,ax
gcl,ix
r,r
n,l
jh,k
ix,ix
er,axr
k,k
iy,iy
iy,iy
ae,ae
ix,ix
ng,tcl
v,v
p,k
ix,ih
axr,axr
tcl,dcl
k,k
tcl,pcl
y,tcl
p,k
f,k
l,ax
bcl,kcl
hv,hv
jh,t
t,hv
tcl,dcl
k,k
l,l
p,p
l,l
l,l
axr,r
gcl,v
r,l
k,k
s,s
ih,l
s,s
oy,oy
aa,aa
iy,iy
y,iy
k,k
eh,r
axr,ix
ix,iy
l,l
r,ix
r,r
bcl,pcl
s,s
s,s
ao,ao
dcl,dcl
tcl,z
s,s
pcl,tcl
ey,ey
aa,aa
ax,ax
kcl,tcl
ao,w
r,r
th,kcl
eh,ix
v,dh
r,r
pcl,tcl
t,t
ix,ix
uh,ix
pcl,tcl
ih,ih
ae,ae
en,ng
ix,ix
kcl,k
z,dcl
q,q
ay,ae
ow,ow
iy,iy
ih,ix
jh,jh
z,z
dcl,dcl
n,bcl
ux,ux
th,z
f,tcl
l,l
m,v
tcl,tcl
r,q
w,ao
eh,eh
g,k
gcl,dcl
ix,ix
f,f
tcl,tcl
iy,iy
t,t
axr,r
f,f
m,m
aa,ao
ow,ow
sh,sh
n,n
l,l
eh,eh
hv,iy
ay,ay
ao,q
ae,eh
ix,iy
dcl,dcl
s,s
ow,ao
pcl,pcl
r,r
iy,iy
pcl,bcl
tcl,kcl
l,l
ay,ay
en,n
ah,aw
t,f
ix,iy
l,l
aa,ao
sh,s
r,r
y,y
l,ao
iy,iy
n,n
pcl,tcl
iy,iy
aa,aa
axr,axr
kcl,kcl
kcl,kcl
ix,ix
y,y
tcl,kcl
ix,ih
iy,iy
ao,ao
ix,ix
l,uw
uw,ux
w,w
n,n
kcl,p
r,r
ax,ax
k,k
m,m
ax,l
kcl,kcl
ix,ix
k,p
dcl,z
g,t
ux,ix
iy,iy
z,s
k,p
eh,ng
er,ey
ih,ih
kcl,tcl
k,t
eh,r
tcl,kcl
kcl,tcl
ow,ao
n,n
s,s
k,k
ow,ow
ay,ay
pcl,pcl
r,r
ow,uw
z,z
ae,eh
r,r
n,n
p,p
v,r
aa,ao
r,r
aa,r
m,n
l,w
ih,ix
p,p
hh,hh
z,z
dx,dx
ng,l
iy,iy
ix,ax
s,s
r,r
er,r
n,n
hv,hv
aa,aa
z,z
ae,ae
iy,iy
ix,ih
ey,ix
n,n
ae,ae
l,l
axr,r
ix,ng
tcl,tcl
oy,oy
ae,eh
nx,n
ae,ae
dh,t
hv,ax
ae,ae
s,s
ow,ah
k,k
dx,dx
ix,ix
p,dh
r,r
w,l
sh,sh
ix,ix
w,w
ey,ey
er,r
iy,iy
s,s
p,n
hh,p
l,l
ow,ow
iy,iy
ae,ah
kcl,kcl
ae,ae
ux,ux
iy,iy
eh,ae
k,k
iy,iy
ax,l
t,t
z,s
pcl,bcl
ix,ix
jh,q
p,k
iy,iy
ix,ax
aa,n
dcl,dcl
ng,n
kcl,kcl
z,s
pcl,dcl
q,q
n,n
ay,ay
k,t
q,q
q,axr
iy,iy
ax,l
ix,ix
dh,dx
ow,ow
r,r
bcl,bcl
w,w
ow,ow
axr,l
tcl,tcl
m,n
ae,ae
axr,er
ae,ae
oy,oy
s,s
dx,dx
er,er
q,q
ae,ae
ix,ax
n,n
z,sh
s,s
ey,ey
aa,aa
y,r
s,s
ax,l
ih,ih
k,k
dx,ax
f,f
n,n
r,r
dcl,tcl
f,f
n,n
iy,iy
r,aa
gcl,gcl
aa,aa
s,s
tcl,q
axr,axr
aw,aw
dcl,dcl
ih,ix
r,v
ux,ux
kcl,kcl
ux,ux
axr,iy
ae,eh
y,y
er,oy
en,en
aa,aa
n,l
n,ix
dcl,tcl
dcl,kcl
uh,ih
tcl,n
l,l
l,l
bcl,bcl
ch,sh
m,n
f,f
q,l
tcl,tcl
tcl,tcl
jh,s
t,sh
ch,ch
ih,ih
l,l
ey,oy
l,l
ow,ow
p,p
r,r
er,r
ay,eh
ih,ih
l,l
tcl,tcl
w,w
t,ix
k,k
z,z
r,r
t,t
ih,ih
ax-h,dcl
z,z
ix,ix
ix,z
b,w
iy,iy
q,q
r,r
s,s
eh,ih
iy,ix
y,ix
r,r
r,r
p,k
ah,aa
iy,iy
w,w
ae,ae
w,w
q,ae
pcl,tcl
ix,ix
g,k
axr,r
s,s
r,r
eh,eh
aa,ay
iy,iy
s,s
ay,aa
ih,ih
s,s
en,en
er,ih
m,n
f,f
ow,ax
r,r
jh,jh
er,axr
eh,eh
kcl,kcl
iy,ix
ih,ey
oy,oy
f,p
eh,ax
r,r
ih,ix
ih,ae
ix,ix
iy,ih
g,d
ax,ax
ih,ih
ow,ow
s,s
ix,ix
s,s
l,l
s,s
iy,iy
ow,ow
ey,ey
z,z
y,y
w,w
en,en
iy,iy
iy,iy
en,n
t,t
axr,r
dh,l
hh,p
bcl,dcl
ih,iy
ae,ae
n,n
kcl,p
zh,zh
ax,ah
aa,aa
el,el
dcl,dcl
kcl,tcl
eh,eh
l,ng
aw,aw
pcl,tcl
iy,ix
dh,dx
k,k
m,m
hv,hv
z,z
m,n
ng,n
s,s
m,n
hh,hh
ao,w
m,m
th,th
dcl,dcl
ix,ix
g,dh
k,k
ix,ix
y,iy
oy,oy
s,s
r,r
ey,ey
dx,dh
eh,r
k,k
ih,ix
ux,iy
v,v
dx,dx
kcl,tcl
ux,ux
iy,iy
ae,ae
sh,sh
iy,iy
r,ix
r,r
iy,ey
l,w
ih,eh
ih,ix
s,s
ux,iy
kcl,kcl
hv,jh
iy,iy
tcl,kcl
ix,ix
bcl,tcl
ae,ae
l,l
en,m
r,r
bcl,bcl
axr,dcl
tcl,tcl
p,k
dx,ix
r,r
ao,ay
ao,ow
z,v
er,axr
eh,ae
s,s
ay,ay
er,axr
ay,ay
n,m
l,l
eh,ih
p,g
ae,ae
n,n
eh,eh
ao,l
k,g
dcl,tcl
kcl,kcl
en,en
jh,jh
dcl,bcl
tcl,dcl
ax,ix
z,z
k,k
t,t
er,r
w,w
s,s
l,l
m,n
aa,r
ix,ix
s,s
r,r
q,q
ey,ae
ix,ix
hh,k
w,w
z,z
eh,ix
n,n
r,r
ch,ch
nx,n
b,v
k,sh
dcl,dcl
gcl,dcl
s,s
kcl,k
l,l
iy,iy
axr,ix
ch,ch
ih,iy
ao,aa
dcl,tcl
t,jh
k,k
ix,dh
t,t
v,v
aa,aa
l,l
ay,ay
dcl,v
bcl,f
m,n
n,n
p,f
s,s
d,d
iy,iy
d,d
m,n
ao,ao
r,r
ey,ey
ah,ao
ae,eh
v,hv
n,n
t,t
iy,iy
kcl,kcl
tcl,tcl
ix,ae
ow,aw
m,m
sh,sh
z,z
ax-h,p
ih,ih
r,r
v,z
l,l
d,d
m,m
pcl,kcl
aa,aa
ix,n
ax,m
tcl,tcl
m,n
ao,ao
ax,ax
ix,ix
ix,ax
ng,l
en,n
t,k
eh,iy
w,w
m,q
g,q
ao,ao
pcl,tcl
n,ix
v,tcl
bcl,bcl
dh,s
ae,ae
ey,ey
iy,iy
y,iy
tcl,tcl
ih,iy
ao,aa
g,d
dcl,bcl
w,v
p,d
bcl,bcl
ax-h,dh
kcl,kcl
dcl,tcl
aw,aw
v,v
v,v
aa,aa
l,el
ih,ih
m,n
r,r
l,l
eh,ae
ix,eh
z,s
y,y
l,l
er,axr
k,k
m,hv
s,s
pcl,pcl
ux,q
w,w
iy,iy
s,s
k,k
p,p
ax,w
ao,ao
aa,l
t,k
k,dx
ow,ow
ih,ey
tcl,tcl
ux,ux
ax,ax
aw,q
iy,iy
r,r
n,ix
ey,ey
eh,eh
l,w
axr,axr
axr,r
l,l
pcl,tcl
ix,ix
dcl,n
axr,axr
gcl,tcl
s,s
axr,r
iy,iy
hh,hh
ah,ax
ax,r
sh,sh
iy,iy
aw,aw
iy,iy
y,l
t,t
iy,iy
d,t
v,v
tcl,tcl
ay,ay
ay,ey
f,f
axr,ix
t,d
axr,axr
tcl,tcl
v,k
r,r
ae,ae
el,el
dx,p
tcl,kcl
dh,tcl
v,v
k,k
tcl,tcl
v,v
l,l
v,v
er,axr
z,dcl
el,el
s,s
n,n
ao,ao
q,ix
ux,ix
f,th
s,s
ih,ih
d,d
n,n
uw,r
s,kcl
q,q
iy,iy
ae,ae
ix,dh
ix,ax
dcl,z
iy,iy
s,s
kcl,tcl
tcl,kcl
p,p
n,n
ix,ax
p,k
ae,ix
n,n
m,m
t,t
er,er
dx,dcl
s,tcl
ax-h,n
ao,ao
dcl,gcl
ax,q
l,l
n,m
r,r
l,iy
l,l
l,l
axr,axr
k,k
tcl,pcl
s,t
l,l
eh,eh
w,w
iy,iy
r,r
ah,ay
iy,iy
w,w
w,w
ao,ao
w,ix
eh,ix
hv,hv
ih,ix
k,k
s,s
dcl,tcl
eh,ix
uw,n
s,s
s,s
er,er
er,er
eh,ae
kcl,kcl
n,m
ix,axr
en,n
eh,ix
r,r
f,f
l,ow
m,n
iy,iy
r,r
ih,ih
tcl,tcl
bcl,pcl
z,s
ax,ax
r,r
ih,iy
w,w
q,q
b,p
n,n
ax,ax
z,sh
kcl,kcl
ix,ax
bcl,n
m,m
tcl,tcl
sh,sh
pcl,pcl
n,n
ao,n
z,s
hh,hh
b,k
z,z
iy,iy
s,s
ey,eh
kcl,dcl
iy,y
t,p
pcl,tcl
n,n
aa,ao
n,n
ix,ix
ih,ix
iy,iy
ih,ih
iy,ey
ix,iy
tcl,kcl
ix,iy
th,f
r,r
gcl,n
iy,iy
n,ix
iy,iy
kcl,kcl
l,l
sh,sh
ao,ao
iy,iy
ax,ax
tcl,tcl
s,s
r,r
dcl,tcl
r,r
ae,ae
q,k
ah,eh
ih,ih
bcl,pcl
iy,ih
k,k
ix,ix
en,ux
ih,ih
iy,iy
th,th
aa,aa
n,n
k,k
jh,jh
ix,ih
ix,ix
z,z
ah,ow
kcl,tcl
dh,z
hh,hh
kcl,v
z,z
jh,jh
ae,aa
l,l
k,t
n,m
pcl,kcl
ow,l
aa,aa
eh,ih
axr,axr
eh,eh
tcl,k
kcl,kcl
n,n
s,s
z,z
l,m
f,th
ow,ow
n,n
eh,eh
m,n
aa,aa
uh,ix
aw,ae
iy,iy
dcl,tcl
kcl,kcl
tcl,tcl
tcl,kcl
ow,ow
er,axr
ix,ix
ay,aa
l,dh
ow,ow
dh,ix
aa,aa
dcl,tcl
kcl,tcl
r,r
tcl,tcl
gcl,n
n,n
ch,ch
r,r
kcl,kcl
ix,ix
m,m
ae,ae
k,g
kcl,tcl
t,t
b,p
ih,ix
n,n
eh,eh
pcl,pcl
axr,ax
jh,jh
kcl,tcl
r,r
k,k
er,er
pcl,f
s,s
t,t
p,p
q,q
iy,iy
ih,eh
v,dcl
n,n
d,t
s,s
z,s
pcl,tcl
n,n
ao,ao
l,ao
dx,tcl
iy,iy
ix,l
aa,ae
er,r
n,n
hh,hh
iy,iy
ae,ey
axr,hv
dcl,kcl
v,v
ow,ah
m,ng
z,z
aa,aa
z,s
jh,s
el,ow
ae,ae
r,r
pcl,kcl
n,n
n,n
t,t
l,l
w,n
ix,ix
y,jh
n,n
sh,ch
bcl,bcl
q,q
nx,n
s,s
bcl,bcl
kcl,kcl
axr,axr
q,q
n,n
s,z
v,ax
s,s
l,l
ay,ay
axr,r
g,q
m,n
iy,iy
ax,ix
m,n
ax,ix
ax,ix
eh,eh
gcl,dh
z,s
w,w
ah,ae
ao,ay
ey,ey
nx,n
ng,n
tcl,pcl
tcl,tcl
k,k
kcl,pcl
pcl,pcl
q,q
s,s
dcl,dcl
iy,ix
p,k
n,n
ao,ao
ax,l
en,n
f,f
w,l
q,q
ey,ey
er,ae
ao,ao
f,f
ey,ey
w,w
s,s
ao,ao
ae,aw
ix,ih
r,ax
tcl,kcl
aa,aa
l,l
ax,ax
iy,ih
l,l
n,n
ow,ow
s,s
ah,l
l,el
r,r
l,l
r,r
dh,ix
s,s
ix,ix
s,s
z,s
iy,iy
uw,ax
ae,ae
s,s
t,k
pcl,pcl
ax,dx
ow,ah
tcl,tcl
tcl,kcl
q,gcl
axr,ix
k,k
t,ch
axr,v
s,s
s,z
tcl,tcl
tcl,k
z,z
ih,ix
bcl,n
ae,ae
ih,ix
jh,z
ax,ix
el,el
n,m
d,t
kcl,kcl
dh,dh
k,k
ah,ax
eh,eh
n,k
ah,ah
kcl,hh
aa,aa
q,q
ah,eh
ae,ae
n,n
l,l
z,z
s,s
f,f
q,q
dcl,v
ix,ix
uh,axr
ey,ey
ih,ih
ae,ae
aa,ay
s,s
iy,ey
ah,ah
axr,axr
iy,iy
ao,ow
n,n
gcl,dcl
q,eh
q,l
iy,iy
tcl,tcl
q,q
hv,hv
n,n
z,z
q,q
r,r
l,k
pcl,pcl
ch,t
l,r
ao,aa
ay,ey
d,kcl
s,s
tcl,tcl
ih,ix
nx,n
pcl,bcl
n,dcl
eh,ay
p,k
ix,ix
ey,ey
ey,ey
ix,ix
l,l
l,w
ih,ix
en,t
ax,ah
s,s
ax,eh
n,m
sh,s
el,el
q,q
kcl,kcl
y,ux
m,m
s,s
ix,iy
ax,q
m,m
ih,iy
ix,ix
ix,ix
gcl,tcl
ux,r
ah,ah
eh,ax
ax,n
ah,ah
d,k
ix,ax
ae,ae
ux,iy
n,n
ao,aa
ax,ix
oy,oy
ng,tcl
n,n
ao,l
ih,iy
l,l
p,p
axr,r
s,s
dh,dcl
m,n
tcl,tcl
axr,r
z,z
dcl,tcl
er,axr
ih,ix
tcl,kcl
tcl,v
n,n
ng,n
n,n
iy,ih
m,dcl
f,f
kcl,kcl
iy,iy
ng,n
dh,tcl
iy,iy
t,k
w,r
iy,r
eh,ix
s,s
iy,iy
uw,l
l,l
kcl,kcl
m,m
z,s
tcl,bcl
w,w
ax,ah
eh,eh
dcl,tcl
ih,eh
axr,r
ih,ih
z,s
eh,eh
s,s
iy,iy
gcl,dcl
s,s
p,k
s,s
p,p
r,r
y,l
m,m
ow,ow
dcl,dcl
tcl,pcl
q,tcl
axr,axr
iy,iy
k,p
z,pcl
k,g
w,q
p,k
l,l
ax,ah
ng,n
dx,dh
s,s
z,z
m,n
r,aa
eh,eh
n,tcl
gcl,kcl
tcl,tcl
l,l
dx,ix
ix,ix
w,w
r,r
v,v
dh,dcl
ae,ae
f,kcl
z,th
en,dcl
sh,s
ax,ix
aa,aa
gcl,dcl
ix,ix
m,m
p,kcl
bcl,v
ix,ix
dcl,gcl
ae,ae
iy,iy
oy,oy
l,el
aa,ay
l,l
q,q
tcl,k
aa,ao
n,n
m,m
s,s
n,n
aa,ao
axr,er
t,q
n,dh
ix,ix
bcl,bcl
n,n
ix,ax
ah,ah
t,t
iy,iy
el,el
en,n
kcl,kcl
m,n
iy,iy
q,q
m,m
aa,aa
kcl,s
eh,eh
ix,m
q,q
iy,iy
tcl,q
y,y
gcl,dcl
eh,eh
bcl,bcl
s,s
axr,r
n,n
n,n
kcl,p
kcl,tcl
ah,el
dh,t
w,w
th,pcl
y,iy
hh,hh
sh,sh
iy,iy
iy,iy
ow,ow
en,n
s,s
t,t
ix,ah
nx,dh
l,l
n,nx
axr,axr
ow,el
k,d
z,k
en,n
ao,r
w,l
ax,ax
iy,iy
y,iy
n,n
l,l
eh,ae
oy,ao
er,er
d,d
eh,r
l,l
p,dh
ih,ey
kcl,tcl
ay,aw
r,r
er,axr
tcl,pcl
ae,eh
sh,jh
ae,ae
gcl,dcl
t,t
axr,r
gcl,bcl
sh,sh
l,l
l,l
v,v
iy,dcl
s,z
w,w
t,kcl
kcl,kcl
oy,oy
s,s
kcl,kcl
w,w
axr,r
el,el
v,v
v,v
n,n
ix,ax
ax,ax
axr,axr
l,q
ax,kcl
gcl,kcl
r,r
ix,ix
pcl,pcl
kcl,kcl
m,m
dh,n
n,n
ah,ix
aa,aa
sh,sh
l,m
n,n
kcl,kcl
v,kcl
axr,r
n,n
hv,hv
hh,hh
bcl,dcl
s,tcl
f,f
ax,ax
iy,iy
r,r
ah,ah
r,r
ey,ey
iy,iy
k,k
s,sh
ay,ay
kcl,kcl
ix,ix
n,n
nx,l
t,dh
ao,ao
ih,ey
ix,n
iy,iy
v,v
n,n
iy,ih
dh,dh
r,r
w,w
uw,ux
dcl,dcl
n,n
p,k
r,r
s,s
dh,kcl
oy,oy
uw,ax
hh,p
w,w
aa,ao
m,n
s,s
iy,iy
oy,oy
pcl,pcl
k,k
ng,el
s,s
n,n
ix,ix
eh,eh
m,n
ix,ix
el,el
dh,v
r,r
ix,ix
s,s
ae,ae
z,z
s,z
dcl,dcl
eh,eh
bcl,bcl
ih,ix
dx,dx
ux,ux
kcl,kcl
ae,ih
tcl,tcl
kcl,tcl
iy,hv
s,s
hv,hv
iy,iy
t,t
ow,ow
eh,eh
hv,hv
jh,jh
r,l
axr,r
r,r
s,s
eh,eh
iy,iy
axr,r
ow,ow
jh,jh
bcl,dcl
iy,iy
ng,ng
ao,aa
ih,n
dx,dx
aa,ao
r,l
s,s
gcl,gcl
ae,ae
iy,ix
ah,eh
dh,dh
iy,iy
ih,ih
dcl,dcl
el,el
en,n
ay,ay
ay,ay
bcl,tcl
ix,ax
kcl,r
ax,ax
iy,iy
z,s
ih,eh
k,k
ay,ay
l,l
z,z
ng,n
k,t
ix,iy
sh,sh
iy,iy
bcl,tcl
ng,ng
s,s
ux,ux
ix,g
r,r
m,m
r,r
ih,ix
dcl,dcl
ax,l
ey,ey
dh,m
ah,ax
t,tcl
ae,ae
tcl,bcl
b,dh
ix,ix
r,r
jh,jh
r,r
eh,ix
ah,eh
iy,iy
pcl,pcl
eh,eh
tcl,kcl
t,k
l,ax
ah,ah
r,l
r,r
dcl,n
l,ix
ax,hv
ix,ix
m,m
eh,eh
ux,ih
ae,ih
l,l
ao,ah
s,s
ao,ax
f,p
dh,q
axr,r
q,tcl
n,n
dcl,gcl
ix,ix
r,r
d,d
gcl,kcl
n,n
ow,ow
kcl,kcl
m,n
y,y
ix,ix
pcl,n
s,s
ey,ey
l,l
ae,ae
v,z
ix,axr
eh,eh
v,v
n,n
t,s
m,n
z,s
r,r
ih,ih
z,s
tcl,tcl
tcl,tcl
ch,sh
p,p
r,r
hv,hv
n,n
m,m
ix,r
l,l
ix,ix
iy,iy
gcl,kcl
r,r
dx,dx
hh,hh
pcl,pcl
ix,dcl
ey,ey
ay,ay
l,ao
ix,ih
s,s
axr,r
r,r
p,p
v,f
s,s
ax,ow
tcl,kcl
aa,ay
d,tcl
z,z
p,p
eh,ih
m,n
m,n
v,v
ao,ao
ey,ey
n,n
dcl,dcl
p,p
iy,ey
ow,ow
eh,eh
n,n
q,l
ay,ay
zh,sh
dcl,dcl
tcl,kcl
ae,ih
jh,k
m,n
ih,ih
n,l
tcl,f
ix,ax
r,r
nx,l
s,sh
iy,iy
q,dh
d,d
v,pcl
dcl,tcl
z,z
tcl,tcl
ah,ah
m,n
m,m
iy,iy
l,l
n,dcl
g,p
tcl,tcl
f,k
t,s
r,r
k,k
m,m
ao,ow
v,dh
ix,ix
sh,sh
iy,iy
k,p
p,k
ey,ey
y,l
ah,ao
r,r
ax,ix
p,p
d,p
dcl,dcl
ah,oy
er,ax
t,t
dx,dx
kcl,kcl
ch,ch
ax,ax
kcl,tcl
s,s
tcl,pcl
aa,ay
y,iy
q,q
eh,ax
l,l
m,gcl
th,f
ae,ae
dx,tcl
r,r
pcl,kcl
q,q
ae,ae
gcl,gcl
tcl,tcl
kcl,kcl
ih,ih
y,iy
eh,ow
ow,oy
axr,axr
dx,dx
kcl,kcl
r,r
ah,ix
axr,eh
z,s
iy,iy
v,v
z,s
r,ix
f,f
dcl,ix
n,n
ix,ix
r,er
pcl,tcl
k,k
n,n
bcl,bcl
t,k
ix,ix
dcl,dcl
eh,ae
ix,ix
r,r
ao,ao
pcl,th
er,er
k,k
k,tcl
g,l
sh,sh
iy,iy
tcl,tcl
w,w
kcl,kcl
ah,ax
eh,ae
ix,ix
m,n
dx,gcl
ih,iy
bcl,bcl
hh,hh
ix,ih
ae,ae
tcl,kcl
em,m
ae,eh
z,z
r,r
ae,ae
r,r
v,v
axr,r
q,axr
ix,n
ey,ey
z,z
ix,ix
aa,aa
iy,ey
kcl,kcl
ix,ix
v,v
ao,el
r,r
ih,ih
kcl,kcl
ux,ux
s,z
m,n
y,y
n,n
q,q
ay,ay
gcl,kcl
sh,sh
ao,w
aa,ae
t,t
k,t
ix,ih
kcl,tcl
aa,ao
r,r
s,s
ix,ix
f,tcl
dcl,gcl
dh,w
aa,aa
n,dcl
z,s
eh,ae
ix,ix
r,r
pcl,kcl
ux,ux
ao,ao
ix,ih
iy,iy
hh,dh
ao,oy
ey,ih
er,r
r,r
ax,l
ih,ih
s,s
z,s
r,r
bcl,tcl
f,dh
ix,ix
pcl,kcl
ey,ey
kcl,kcl
r,r
axr,r
dh,dh
dx,n
dh,v
ih,ih
r,r
el,ao
m,m
y,y
l,l
aa,aa
m,n
f,f
kcl,kcl
kcl,tcl
axr,r
kcl,kcl
r,r
ix,ix
ey,ey
n,n
g,dh
r,ix
l,ix
r,r
aa,aa
ax,ix
t,k
ae,ae
dh,dh
r,r
el,l
f,f
dx,dx
m,m
iy,iy
t,tcl
dh,d
iy,iy
t,t
axr,r
ow,ow
gcl,tcl
n,n
ih,ih
n,n
ix,ix
s,s
d,t
m,dcl
iy,iy
l,l
k,q
m,n
ih,ih
s,s
ax,ix
y,y
ow,ow
dh,dh
n,n
axr,r
n,n
s,s
er,ih
ah,ay
n,n
y,iy
iy,ey
ao,ao
r,r
tcl,dcl
dx,dcl
ow,ow
tcl,tcl
ix,ax
aa,ah
ae,ae
t,t
ix,ey
dcl,dcl
s,s
l,l
tcl,tcl
m,m
f,f
ih,ih
tcl,kcl
d,d
pcl,tcl
l,l
ih,axr
dh,tcl
n,q
ih,ix
aa,aa
m,n
aa,aa
s,s
tcl,tcl
l,l
s,s
ix,w
dcl,n
kcl,kcl
iy,iy
uh,ix
dcl,kcl
y,hv
ao,ao
pcl,tcl
kcl,kcl
ao,w
bcl,pcl
p,p
ax,ax
iy,iy
dcl,pcl
g,k
ao,el
ix,ix
iy,iy
l,l
iy,iy
ae,eh
ah,ax
p,p
gcl,gcl
iy,iy
q,q
iy,iy
n,n
axr,ax
aa,r
iy,iy
n,m
tcl,tcl
r,r
axr,r
kcl,f
gcl,kcl
ix,ix
sh,sh
ow,w
ax-h,ix
kcl,kcl
l,l
aa,ah
ao,ao
q,q
hv,hh
v,tcl
ix,ix
iy,iy
axr,ax
v,v
s,s
r,r
ah,ix
ix,ih
z,z
n,n
dcl,kcl
s,s
s,s
s,s
dcl,dcl
z,z
zh,z
l,l
dh,dh
iy,ix
ix,ix
dh,dh
s,s
t,t
ax,ix
eh,ix
t,k
ch,ch
ih,ix
z,z
ix,ix
ih,ix
t,s
ae,ae
q,q
ao,ao
d,d
r,r
er,r
nx,n
gcl,gcl
dcl,tcl
aa,ao
ix,ix
ow,ow
zh,sh
aa,aa
r,axr
l,ax
ih,ih
iy,iy
pcl,tcl
sh,sh
t,s
dcl,bcl
r,r
ao,l
nx,dx
ng,ng
ao,r
w,q
ih,eh
q,q
sh,sh
w,w
r,r
eh,eh
iy,iy
k,k
kcl,kcl
s,z
n,n
kcl,kcl
ao,ao
d,jh
tcl,tcl
s,s
iy,iy
ix,ix
tcl,tcl
zh,zh
s,s
iy,iy
nx,m
ah,aa
q,q
tcl,tcl
er,er
z,z
t,t
aa,aa
bcl,w
iy,iy
n,n
y,iy
s,s
n,m
y,ix
l,l
l,l
s,s
k,q
m,v
dh,dh
k,k
ux,ih
s,s
eh,eh
kcl,kcl
z,s
axr,q
th,f
ch,ch
ax,eh
l,l
aa,r
kcl,q
ax,l
n,n
ey,ey
dcl,dcl
ax,ih
sh,sh
ah,ae
iy,iy
ay,oy
t,k
pcl,pcl
ah,ax
er,axr
ix,ih
s,s
q,dcl
n,n
sh,sh
w,w
ey,ey
g,g
dh,p
m,m
tcl,kcl
r,r
axr,axr
v,pcl
l,l
ix,r
n,n
k,p
el,el
s,s
el,w
s,s
l,l
dcl,dcl
ux,iy
m,m
th,pcl
s,s
l,q
k,k
el,el
kcl,dcl
l,l
s,s
er,er
ay,ay
ax,ix
dx,n
ih,ix
r,r
d,g
axr,axr
bcl,v
tcl,tcl
ih,ix
iy,iy
s,s
w,w
kcl,k
bcl,bcl
ae,ae
r,r
n,n
s,s
ah,ax
f,f
d,d
iy,iy
z,s
n,n
n,n
er,axr
m,v
m,m
ch,ch
axr,ao
n,n
m,n
t,t
ae,ae
ow,ao
en,n
dh,dh
r,l
dcl,dcl
iy,iy
w,w
r,r
k,k
kcl,kcl
k,k
ih,iy
v,tcl
tcl,kcl
pcl,n
ah,ae
r,r
t,t
y,iy
ae,ae
s,s
ax-h,k
n,n
pcl,pcl
d,dh
kcl,tcl
ix,ix
ih,ix
iy,ey
r,r
q,q
t,t
s,s
l,ix
dx,dh
aa,ao
l,l
iy,iy
aa,ao
dx,dcl
m,m
t,d
dcl,dcl
dcl,gcl
d,dh
t,k
jh,v
k,k
ih,ih
gcl,tcl
bcl,bcl
z,s
n,n
kcl,kcl
l,l
ah,ah
f,f
dcl,dcl
f,k
ix,ix
ow,ow
tcl,tcl
iy,iy
dx,dx
bcl,tcl
er,er
ng,iy
s,s
q,q
aa,ay
l,l
n,n
s,s
d,dh
dh,n
ux,uw
sh,s
v,v
s,z
kcl,g
s,s
t,t
ix,ix
ay,aa
ey,ey
k,k
hh,p
r,r
q,q
k,k
ix,ax
aa,q
iy,r
w,q
aa,aa
z,z
t,dh
bcl,pcl
m,n
ix,ix
ix,iy
s,s
t,t
er,aa
aa,ah
aa,ow
dh,dh
tcl,tcl
q,dcl
z,s
dcl,bcl
ay,ay
s,s
bcl,m
ix,ih
ix,ix
gcl,gcl
l,l
sh,s
uh,uh
tcl,tcl
n,n
kcl,kcl
eh,eh
ay,ay
ix,ix
ih,r
iy,iy
ey,ix
r,n
n,n
ah,ax
ao,ao
r,r
r,r
sh,sh
ax,ih
eh,ih
q,q
pcl,kcl
ix,ng
iy,iy
ix,ix
ux,ux
ih,iy
n,n
bcl,gcl
q,ix
ay,ah
q,ax
iy,iy
iy,ey
s,s
k,k
r,w
p,p
oy,oy
dh,tcl
ow,el
ux,ux
f,f
gcl,kcl
eh,eh
z,z
m,m
z,z
t,t
dcl,dcl
ix,ix
iy,iy
t,t
ao,ao
n,n
ax,l
ix,ax
aa,ao
dh,dh
q,q
kcl,tcl
ao,ao
k,t
ao,ao
iy,iy
l,l
r,r
m,bcl
jh,k
z,dh
w,w
iy,iy
ng,n
ae,ae
g,k
iy,ey
en,ux
axr,r
gcl,ax-h
ih,ix
dh,k
v,v
z,z
w,w
ow,ow
l,l
ow,l
w,w
n,m
l,l
l,l
ae,ae
q,q
gcl,y
ow,l
aa,aa
m,tcl
t,t
z,s
ae,ae
w,w
ae,ae
tcl,tcl
r,r
ax,ax
ix,ix
ix,ix
f,f
ux,ih
l,r
ux,ux
z,f
s,s
m,l
w,w
iy,ix
kcl,kcl
ey,ey
ah,l
uh,w
iy,ix
iy,iy
r,r
iy,iy
gcl,gcl
m,n
l,l
k,k
l,l
gcl,dcl
ix,ix
eh,ix
pcl,tcl
r,r
n,n
ix,ix
hv,hv
ey,ey
m,m
tcl,t
tcl,m
kcl,kcl
eh,ix
g,d
v,v
y,y
dx,y
dx,v
n,n
th,d
r,r
ay,ay
l,l
ih,ae
l,n
l,l
iy,ey
m,ng
bcl,pcl
eh,ah
z,z
w,n
n,n
m,n
eh,ih
m,l
ae,ae
pcl,p
g,dh
ao,ao
iy,iy
axr,axr
gcl,dcl
er,r
ey,ey
hv,hv
t,dh
ih,ix
d,d
t,t
uw,w
tcl,pcl
er,r
w,l
kcl,kcl
kcl,kcl
ux,ux
ix,ix
kcl,tcl
r,r
kcl,tcl
g,k
dh,tcl
dcl,dcl
z,z
dh,d
ey,ey
tcl,dcl
s,z
n,n
axr,ix
aa,aa
m,n
gcl,dcl
n,ng
aa,aa
eh,eh
hv,ix
ow,ao
axr,en
hh,hh
gcl,n
ae,ae
dh,t
s,z
axr,iy
dcl,tcl
r,r
bcl,tcl
m,n
w,w
dx,dcl
dcl,dcl
m,ix
g,tcl
ow,ey
ix,ix
dx,ix
aa,aa
hh,hh
ae,aw
ao,aa
tcl,tcl
g,p
pcl,pcl
w,q
sh,sh
eh,eh
hh,ix
ax,ax
n,m
sh,zh
ow,ow
m,n
jh,jh
dcl,tcl
eh,ih
ux,er
bcl,dcl
w,w
eh,n
ae,ae
kcl,kcl
dcl,kcl
ix,ix
aw,aa
nx,m
l,l
ah,ah
el,ah
iy,iy
k,q
uh,r
gcl,bcl
r,r
ah,ao
ix,ix
aa,aa
oy,oy
iy,iy
dcl,dx
dcl,n
w,w
s,s
s,z
f,f
z,sh
dx,dx
t,d
v,v
l,l
t,t
t,t
aa,aa
tcl,kcl
hv,hv
ix,ax
s,s
dcl,bcl
axr,er
k,t
kcl,tcl
iy,iy
dcl,dcl
kcl,tcl
r,r
sh,sh
v,v
l,l
iy,iy
eh,l
ae,ae
r,axr
iy,iy
ix,ih
ao,ao
ng,l
k,dh
z,s
ix,ix
er,aw
s,s
ao,w
ix,q
y,y
k,z
z,s
iy,iy
ah,r
dcl,bcl
m,ng
bcl,dcl
s,s
sh,sh
zh,tcl
n,n
kcl,kcl
kcl,kcl
kcl,bcl
tcl,tcl
dcl,dcl
eh,eh
bcl,bcl
tcl,kcl
ih,ih
z,z
eh,ih
g,k
bcl,bcl
n,dx
ae,ae
m,m
d,d
d,k
em,r
kcl,kcl
v,dcl
dx,dx
s,s
kcl,pcl
v,f
dh,dh
iy,ix
iy,iy
k,d
ay,ay
er,r
p,p
q,q
z,z
ix,ix
n,n
v,ix
iy,iy
iy,iy
pcl,pcl
r,r
ey,ey
s,pcl
w,w
ih,ih
k,p
en,n
aa,aa
ax,l
kcl,g
n,n
pcl,pcl
t,t
axr,d
er,aa
q,q
w,ax
ao,ao
hh,tcl
ey,ih
axr,r
l,l
r,r
l,l
p,b
ch,ch
f,f
z,z
s,kcl
l,ao
iy,iy
k,s
eh,ae
r,r
dx,d
sh,sh
l,l
ay,ay
l,l
ix,ix
iy,ix
tcl,v
iy,iy
aa,aa
iy,ey
dh,pcl
dh,v
ix,l
s,s
ao,ao
kcl,k
v,ax-h
m,m
r,r
r,r
dcl,dcl
ih,ih
ae,ae
q,q
aa,ao
p,p
er,er
f,f
f,f
w,w
z,z
s,s
kcl,tcl
r,r
ch,t
eh,eh
g,g
q,tcl
r,r
ix,eh
l,l
k,t
z,s
hh,hh
ng,n
er,axr
t,d
kcl,kcl
g,k
dx,tcl
dcl,gcl
m,m
ix,ix
ng,ng
hv,ix
ix,iy
ey,ae
dx,ix
eh,eh
s,s
s,s
ng,n
v,v
z,z
ih,ix
z,z
p,p
v,v
ah,aa
n,n
f,f
tcl,tcl
v,tcl
ax,eh
tcl,gcl
f,s
s,s
s,z
pcl,pcl
m,m
k,k
th,f
iy,iy
tcl,tcl
s,s
ix,ix
ix,ix
k,k
r,m
ow,ow
kcl,tcl
hv,hv
m,m
s,s
z,z
jh,jh
kcl,kcl
tcl,kcl
l,el
k,k
ae,ae
ay,eh
s,s
f,f
kcl,kcl
ax,ax
k,k
iy,ix
ng,n
dx,r
p,kcl
ae,eh
s,s
kcl,kcl
m,dcl
n,n
b,g
n,n
ix,ih
er,axr
ix,ix
aw,l
bcl,bcl
hh,p
m,n
ay,ay
dh,d
tcl,tcl
dcl,dcl
tcl,kcl
dh,kcl
w,w
ng,n
bcl,tcl
tcl,v
ey,iy
b,w
kcl,kcl
sh,sh
m,n
uw,r
g,t
k,k
r,r
kcl,tcl
ax-h,d
w,w
ch,t
ix,ih
r,v
kcl,tcl
iy,iy
ax,n
hh,ax-h
ay,ay
ih,ih
ux,ux
k,q
ay,ay
ih,eh
ih,eh
ux,uw
r,r
ae,ae
dcl,dcl
w,w
aw,aa
y,iy
z,z
er,ux
dcl,dcl
axr,r
ix,ix
l,ey
ah,eh
ax,l
ux,ux
ix,ih
dh,n
dx,ix
dh,v
ix,ey
ao,ax
r,r
kcl,tcl
aa,aa
ao,ao
r,r
zh,s
tcl,p
iy,iy
n,n
l,l
l,q
ah,l
ao,ao
ay,ay
ay,ay
ae,ae
v,f
tcl,pcl
ax,ax
r,r
kcl,tcl
nx,dh
k,p
ao,ao
kcl,dcl
f,f
k,p
en,m
uh,ow
ae,ae
tcl,p
el,el
pcl,pcl
w,w
ey,ey
t,dh
eh,axr
ix,ix
d,d
ow,ow
l,l
y,y
iy,ih
w,l
s,s
ae,ay
eh,ae
l,l
ih,ih
ax,l
tcl,dcl
tcl,dx
ae,ae
kcl,kcl
tcl,tcl
n,n
dh,dh
t,k
aa,aa
axr,ix
dcl,dcl
tcl,tcl
t,t
n,n
y,y
l,r
w,w
p,p
n,n
iy,iy
m,m
k,t
ux,ux
k,k
iy,iy
kcl,kcl
ix,ix
ay,ae
er,er
tcl,kcl
r,v
eh,eh
hv,hv
ay,ay
dx,dx
sh,ch
r,r
eh,ae
ih,q
kcl,kcl
kcl,tcl
g,k
ow,ow
y,y
ix,ix
q,q
ix,iy
tcl,dcl
n,m
axr,axr
n,n
ae,ae
dcl,dx
pcl,pcl
ax-h,ax
ah,ow
dcl,f
iy,iy
ao,ao
aa,aw
s,tcl
s,s
tcl,kcl
jh,hv
l,l
m,gcl
f,f
axr,r
dh,p
ae,ae
iy,iy
pcl,pcl
th,dh
iy,iy
hv,hv
aa,ao
el,l
hh,hh
f,s
n,tcl
tcl,tcl
l,l
ih,iy
k,d
l,l
ae,ae
n,n
ay,ey
ao,ao
r,r
l,l
sh,sh
tcl,pcl
iy,iy
f,t
n,n
ao,l
ow,oy
ao,ax
s,s
q,q
l,w
iy,iy
ih,ih
s,s
axr,r
ux,iy
k,k
iy,iy
pcl,pcl
w,w
axr,axr
ix,ix
oy,oy
l,m
l,l
aa,aa
f,f
ix,ix
dh,p
bcl,v
dcl,dcl
n,l
aw,ae
q,q
q,q
iy,iy
z,z
axr,ae
ae,ih
n,n
w,w
r,l
dh,dh
r,r
ix,ix
pcl,gcl
n,n
ay,ay
l,l
dcl,v
bcl,dcl
l,ax
iy,iy
s,s
r,ix
ix,w
m,n
l,l
ih,ih
pcl,tcl
m,n
ae,eh
ae,ae
p,k
z,s
dcl,gcl
y,y
pcl,tcl
ch,t
ax,ix
axr,axr
ae,ae
r,r
l,l
s,s
kcl,kcl
s,s
k,k
jh,jh
n,n
ix,ax
ey,iy
l,l
n,n
g,k
ux,ux
gcl,kcl
k,k
pcl,kcl
dx,dcl
f,f
l,l
dcl,dcl
dcl,dcl
eh,ah
eh,ey
bcl,m
ah,ix
ax,n
ih,ax
t,dh
iy,iy
ix,ix
ix,ax
ae,ae
ng,en
s,ch
ay,ay
dh,v
ih,ih
ih,ae
ix,ix
eh,ax
l,el
axr,axr
ix,ix
ax,ax
axr,eh
l,ao
gcl,kcl
b,dh
ax,ax
er,er
iy,iy
n,ng
t,t
r,ay
r,r
n,dh
ch,ch
r,n
s,s
kcl,kcl
dh,dh
k,k
ax,n
dcl,z
l,l
n,n
s,k
axr,er
r,r
l,w
r,r
en,ix
gcl,gcl
k,k
z,t
dcl,dcl
dh,dh
k,k
f,f
r,r
ix,iy
ao,ao
tcl,tcl
r,axr
kcl,kcl
d,kcl
z,z
ax,v
l,l
ao,ow
er,r
axr,axr
ao,ao
aw,aw
aa,aa
axr,axr
n,dh
k,kcl
aw,aw
ix,ix
ae,ae
sh,sh
m,m
gcl,dcl
ix,ih
pcl,pcl
w,r
tcl,tcl
bcl,gcl
t,p
f,s
bcl,dcl
ih,ih
hv,hv
r,r
n,n
w,m
tcl,tcl
ae,ae
z,s
ax,ix
l,l
ix,iy
s,s
n,nx
q,q
hv,hh
m,n
ay,ay
sh,sh
l,n
l,l
tcl,g
ah,ix
n,nx
kcl,pcl
eh,l
oy,ay
iy,iy
en,bcl
ow,l
dcl,f
axr,ix
ih,ax
f,z
hh,kcl
t,t
l,l
l,ax
dh,l
dcl,n
k,k
eh,ah
s,s
y,n
ae,ae
m,n
w,q
ix,n
bcl,bcl
l,l
dh,tcl
n,n
ay,ay
iy,iy
eh,ih
bcl,m
s,s
ch,t
f,pcl
sh,sh
jh,jh
r,r
n,n
z,s
q,axr
sh,sh
sh,ch
t,t
w,w
er,eh
m,m
z,z
ae,ih
ao,ow
l,l
dcl,dcl
d,t
l,w
k,p
iy,iy
eh,ah
axr,er
dcl,dcl
eh,ae
q,kcl
s,s
m,m
ih,axr
ey,ey
hv,hv
kcl,tcl
d,d
axr,ux
r,ix
ay,ae
t,t
eh,ow
p,t
pcl,pcl
t,t
n,n
ix,ix
ae,ae
iy,iy
l,l
ih,ih
ay,ay
axr,axr
ix,ix
ae,ae
ix,ix
k,ch
axr,r
aa,aw
eh,ae
ao,ao
er,r
f,tcl
m,n
ae,ae
kcl,tcl
k,dh
ux,ux
ux,er
tcl,tcl
ix,ix
s,s
ae,iy
tcl,tcl
ih,ih
gcl,dcl
tcl,tcl
y,iy
jh,jh
m,n
ax,ax
y,y
k,n
ih,ux
gcl,gcl
w,w
s,s
dcl,bcl
r,r
hh,hh
el,ax
q,q
gcl,dcl
r,r
n,n
ix,ih
ix,ix
z,s
ix,ix
v,k
n,n
q,iy
gcl,tcl
aa,aa
axr,axr
f,t
en,ix
er,axr
eh,eh
r,r
bcl,v
ae,ae
f,f
tcl,dcl
tcl,kcl
l,l
s,t
q,q
ix,ix
ah,n
sh,sh
z,s
tcl,kcl
th,tcl
tcl,gcl
dcl,dcl
ey,ix
aw,ow
n,n
n,n
aa,ao
k,k
eh,ih
l,n
iy,iy
l,l
kcl,kcl
s,s
tcl,tcl
sh,sh
bcl,bcl
uw,ow
l,l
t,t
w,w
v,dh
iy,iy
ih,hv
kcl,kcl
dx,gcl
v,v
ih,ix
ey,ey
k,k
ah,aa
ax,ax
aa,aa
kcl,tcl
ch,ch
ae,ae
s,s
iy,iy
dcl,tcl
axr,r
s,z
tcl,dh
er,er
q,tcl
l,l
ih,ih
f,f
el,el
z,z
iy,ih
ey,ey
dcl,tcl
ow,ow
gcl,z
nx,m
aa,ao
n,en
bcl,gcl
f,f
eh,eh
ay,ay
tcl,tcl
aa,ao
s,s
eh,ow
y,iy
ao,aa
er,er
f,f
ix,ix
g,g
z,s
r,r
hv,gcl
w,l
ow,el
n,n
en,n
n,n
p,k
l,ix
axr,ix
ng,ng
kcl,kcl
ey,ey
y,ix
uh,ix
y,y
r,r
axr,axr
ux,iy
r,r
oy,oy
k,p
v,tcl
s,s
aa,aa
g,t
w,q
dh,dh
oy,ay
ao,k
iy,m
y,y
s,s
tcl,tcl
axr,axr
ih,ax
z,z
sh,sh
r,r
jh,jh
eh,eh
y,y
q,q
w,w
ux,ih
l,l
t,ch
q,q
eh,ey
er,r
ux,ix
sh,sh
iy,iy
t,t
aa,r
r,r
l,l
ix,ix
n,dcl
m,n
tcl,kcl
er,er
ix,ix
t,t
ix,ix
ax,t
z,z
v,tcl
ah,ax
el,l
z,z
k,dh
ix,ix
gcl,ng
r,l
k,k
w,n
d,d
l,l
ay,ay
s,s
iy,ix
q,q
oy,ao
ay,ay
kcl,tcl
eh,ih
s,s
ux,ux
m,m
w,w
v,tcl
tcl,ix
ae,ae
ay,ay
r,r
w,w
m,m
v,v
f,f
z,tcl
kcl,kcl
z,z
d,dh
ih,ix
dcl,dcl
v,v
ae,ae
ih,ix
pcl,pcl
f,f
ah,ah
ae,eh
s,s
ae,ae
n,n
ix,ix
ix,tcl
gcl,gcl
l,ow
r,r
th,s
aa,ax
f,s
w,l
er,er
ih,ix
hh,p
dh,ix
n,n
dcl,axr
s,s
jh,k
ih,ix
z,s
w,l
z,z
sh,s
z,jh
ah,ah
ah,ax
ng,ng
r,r
ax,ax
r,p
tcl,tcl
n,n
bcl,dcl
p,tcl
f,kcl
tcl,s
y,iy
aa,ah
ix,tcl
ih,ix
ao,ao
s,s
sh,sh
ix,ih
aa,ao
ux,iy
ey,iy
tcl,tcl
ey,ih
k,k
k,t
eh,ih
axr,axr
ix,n
dcl,dcl
gcl,dcl
r,ng
w,ow
n,n
ey,ih
el,ow
iy,iy
ao,l
er,r
n,n
eh,ae
r,ae
ax,ax
ah,ah
hv,hv
ae,ae
ax,ix
ax,r
ae,ae
kcl,kcl
dcl,tcl
hv,s
iy,ey
oy,oy
ix,ix
w,w
l,ao
iy,iy
ow,l
w,l
ow,ow
n,ng
ax,w
r,r
z,s
z,z
ix,ix
axr,r
m,p
y,iy
er,er
l,l
er,axr
iy,iy
axr,r
ah,l
p,p
s,s
dcl,ng
t,t
gcl,gcl
ix,eh
w,uw
ax,ax
dx,tcl
eh,ax
b,t
ix,ix
n,n
ih,ix
k,k
n,n
er,axr
sh,sh
y,y
w,w
q,q
iy,iy
k,t
w,w
g,g
tcl,tcl
s,s
kcl,kcl
t,tcl
r,l
r,ey
r,v
n,n
ix,ix
ax,l
ae,ae
axr,er
t,t
aa,ao
dcl,dcl
ax-h,tcl
dcl,dcl
r,r
axr,r
n,n
t,t
th,s
iy,iy
ix,ix
s,s
eh,ih
ix,ix
f,f
l,l
iy,r
ax,ix
uw,uw
r,r
ax,n
en,n
ih,ih
iy,iy
t,t
ux,ux
g,k
ih,ih
ow,ao
pcl,pcl
axr,r
ey,ey
en,n
t,k
ix,y
sh,sh
pcl,kcl
t,ch
ax,n
dcl,gcl
n,n
k,hh
ah,ow
p,dh
d,d
r,eh
m,m
n,n
ch,k
q,dx
gcl,tcl
ax,ao
m,r
m,n
w,w
kcl,kcl
eh,eh
w,w
en,n
n,n
dcl,n
ax,eh
m,dh
ix,ix
s,f
b,n
v,v
dx,dx
q,q
s,s
k,dh
axr,iy
d,d
aa,ao
tcl,kcl
f,f
z,z
ix,ix
s,s
jh,jh
tcl,tcl
ng,n
dcl,n
kcl,kcl
gcl,bcl
r,r
l,l
q,q
r,r
r,r
ih,ih
l,uh
ae,ae
ao,ao
w,w
bcl,th
f,th
ix,l
axr,axr
tcl,pcl
p,th
q,nx
q,q
ay,ay
k,k
aa,aa
n,m
ae,ae
z,s
tcl,kcl
dx,tcl
p,kcl
iy,iy
g,kcl
pcl,pcl
ae,ae
en,m
ix,ix
z,z
aa,aa
jh,sh
tcl,tcl
ih,iy
ax,ax
dcl,dcl
d,t
m,m
ah,ay
tcl,tcl
r,r
ae,ae
iy,iy
ih,ix
q,q
gcl,dcl
ih,ih
dh,dh
z,s
bcl,m
t,t
ae,ae
ih,ix
v,f
gcl,tcl
oy,oy
eh,eh
jh,jh
gcl,v
tcl,dh
k,k
r,r
s,s
sh,sh
n,n
q,ix
nx,ax
ax,ix
l,l
tcl,pcl
f,f
ch,ch
eh,ae
z,z
z,z
ay,r
jh,k
kcl,kcl
w,w
iy,iy
ix,ih
ey,ey
ih,iy
ay,ay
l,r
jh,sh
ay,ay
kcl,tcl
hh,z
ae,eh
ae,ae
s,s
ey,ey
bcl,pcl
dcl,tcl
pcl,v
ae,ae
s,s
n,ix
n,ix
n,n
gcl,kcl
v,v
r,r
ay,ay
tcl,tcl
kcl,tcl
aa,aa
l,l
w,q
sh,sh
eh,r
z,z
kcl,kcl
ix,ix
r,r
th,tcl
l,q
l,l
dx,v
iy,iy
kcl,kcl
z,z
ow,ae
bcl,pcl
axr,ax
iy,iy
n,n
z,dcl
ey,ey
k,k
el,r
sh,sh
kcl,tcl
ow,ow
uh,ah
p,k
s,s
w,w
ow,eh
s,s
ah,ao
ch,sh
s,s
ng,dx
r,r
ao,ao
dx,dx
ao,ao
s,s
n,n
r,r
w,w
d,k
ix,l
ae,ae
q,tcl
ax,w
tcl,dcl
gcl,tcl
eh,ae
ih,ae
ih,iy
oy,oy
sh,s
r,r
ae,ae
k,k
ao,ao
l,ax
axr,axr
ix,iy
ax,ow
ix,ih
t,k
s,s
er,er
l,l
th,th
ow,ow
eh,eh
ae,ae
axr,axr
aa,aa
pcl,p
iy,ih
pcl,kcl
ey,ey
ae,eh
er,iy
ax,l
p,k
jh,dx
ax,ax
ow,ow
ey,ey
iy,iy
iy,iy
q,q
ax,ao
k,k
dcl,dcl
p,p
ah,ax
g,q
ao,w
iy,ih
n,n
pcl,tcl
kcl,tcl
axr,r
tcl,kcl
ey,ey
iy,iy
ah,eh
iy,iy
r,r
pcl,pcl
tcl,pcl
g,th
ix,ix
dcl,tcl
tcl,tcl
dh,dh
iy,dcl
l,l
w,el
ih,iy
ch,ch
s,s
sh,zh
ow,l
v,dcl
n,n
r,r
ih,axr
ah,ah
s,s
axr,r
ix,ix
tcl,tcl
iy,iy
ae,aa
n,dx
th,f
eh,eh
r,r
ix,ix
th,dh
z,s
ix,ix
t,t
hh,v
ih,l
iy,iy
kcl,pcl
iy,iy
jh,t
s,s
ix,ix
k,k
iy,iy
y,iy
z,s
s,s
s,s
s,k
ux,gcl
tcl,pcl
ey,ih
t,t
ey,ey
n,n
q,q
ng,n
gcl,dcl
iy,q
s,sh
m,m
axr,r
ux,ux
dh,dh
z,s
iy,ih
hh,hh
ng,n
r,w
ey,ey
oy,oy
ow,ow
ix,ih
z,z
dcl,bcl
axr,r
k,k
d,t
sh,sh
s,s
ay,ay
m,m
axr,r
t,kcl
k,k
l,l
ax,q
tcl,z
iy,iy
q,kcl
t,t
g,k
n,m
ow,ao
ax,ax
m,m
p,p
n,n
r,r
eh,ax
k,k
kcl,kcl
axr,axr
ow,er
r,r
s,z
l,l
l,l
ch,ch
r,r
iy,ix
iy,iy
tcl,bcl
r,axr
dcl,dcl
ax-h,tcl
aa,ao
y,iy
ax,ax
dcl,z
ux,axr
dx,dx
l,l
ae,ae
l,w
m,n
y,y
en,n
m,n
tcl,kcl
zh,z
ae,ae
n,ng
n,n
z,pcl
dx,q
s,s
eh,aw
s,s
ae,ae
ao,ao
s,z
l,w
k,ax
k,k
ae,ae
gcl,pcl
k,k
ix,ix
dx,gcl
w,w
ix,eh
eh,eh
iy,w
dcl,tcl
ah,aa
pcl,kcl
p,p
iy,iy
ih,ix
s,s
ux,ux
hv,hv
axr,axr
l,l
n,n
l,m
y,y
ax,ax
ae,ae
ao,aa
r,r
ix,ix
k,k
y,y
q,dx
ix,ih
axr,ix
ix,ix
ax-h,dcl
uh,ix
k,k
ow,l
kcl,p
ax,ax
t,k
k,k
s,s
iy,iy
ae,ae
uw,w
hv,hh
r,r
q,q
iy,ix
uh,ih
s,s
axr,axr
iy,iy
ix,ix
tcl,tcl
n,tcl
tcl,tcl
r,r
n,n
y,ix
aa,ay
ey,ey
er,r
tcl,tcl
ah,ax
iy,iy
s,s
eh,ih
s,s
t,tcl
sh,sh
kcl,tcl
ux,ih
axr,r
l,l
z,z
r,r
p,hh
s,s
ix,ih
ay,ay
iy,iy
uh,ax
tcl,tcl
er,r
k,p
d,d
eh,eh
eh,aa
r,r
hh,hh
kcl,tcl
d,jh
ix,q
dcl,gcl
gcl,dcl
g,g
ax,ix
gcl,dcl
pcl,k
tcl,n
dcl,n
v,bcl
iy,iy
dcl,z
s,s
th,f
dh,n
ow,eh
ix,ix
ao,ao
er,axr
eh,ih
s,s
ix,ix
ih,ix
tcl,tcl
n,ix
z,jh
ax,dh
ah,ax
ih,ih
n,n
iy,iy
ae,ae
ih,ih
ix,ax
ae,eh
g,q
r,r
ey,ih
m,n
q,ax
hh,hv
uw,ax
iy,iy
jh,ch
ae,ae
w,el
dcl,dcl
t,k
ae,ae
aa,aa
r,l
dcl,tcl
r,l
dh,dh
dx,k
ey,ey
ax,el
q,k
kcl,pcl
z,z
iy,iy
s,s
t,t
ih,ih
axr,axr
ih,ix
tcl,q
z,z
r,axr
ih,ih
ow,ow
s,z
ah,eh
bcl,v
ey,ae
l,el
kcl,kcl
ax,ax
m,m
ng,n
sh,sh
kcl,q
l,l
q,iy
k,k
n,n
sh,sh
er,ix
l,ow
ow,ow
r,l
g,q
ih,ih
axr,axr
r,r
r,r
bcl,pcl
s,s
iy,iy
t,t
ae,ae
ae,ae
l,l
t,tcl
kcl,tcl
ay,ay
l,l
m,m
pcl,tcl
ax,ah
aa,aa
q,ax
r,r
q,d
r,r
ih,ix
ey,eh
q,q
f,p
ux,ux
hv,hv
aa,aa
ay,ae
iy,iy
n,gcl
jh,jh
axr,axr
s,s
axr,axr
ay,ah
axr,r
t,t
n,n
ih,iy
r,r
pcl,pcl
v,v
m,m
tcl,hh
s,z
ao,w
tcl,tcl
pcl,pcl
l,l
p,p
ae,ix
axr,eh
ae,eh
ah,ah
aa,aa
s,s
uh,ih
ow,ow
p,k
ux,iy
aa,aa
aa,aa
dh,iy
ux,ux
ax,tcl
m,m
v,m
iy,iy
ao,ao
z,z
aa,aa
kcl,pcl
ax,ax
n,n
ao,ao
tcl,w
uw,m
n,n
ih,ih
n,ix
l,l
kcl,p
m,ix
aa,aw
dcl,m
ax,ax
s,sh
r,r
ih,ih
ax,l
dx,dx
sh,sh
p,p
sh,sh
r,r
axr,r
ey,ey
ax,q
z,s
q,q
ih,eh
n,n
t,t
ih,ih
ax,ax
iy,iy
m,n
ix,ax
t,s
y,iy
el,uh
axr,r
ih,l
gcl,dcl
ix,l
ax,r
r,r
s,k
axr,axr
k,k
dh,v
ix,l
ow,ow
l,l
r,axr
iy,iy
dcl,dcl
ix,ih
ax,ax
bcl,pcl
ix,ix
l,ao
s,s
ae,ae
ux,ux
uw,uw
s,s
p,p
k,k
l,l
s,s
eh,eh
ix,r
eh,ae
l,l
iy,ey
sh,sh
l,l
dcl,n
axr,ix
y,y
axr,axr
s,s
s,s
n,n
l,el
ih,ax
l,l
l,l
dcl,dx
p,p
kcl,kcl
sh,sh
uh,axr
s,s
s,s
kcl,tcl
v,v
v,v
kcl,tcl
s,s
r,ix
ix,ih
er,er
f,pcl
z,z
ay,ay
ey,ey
y,y
m,m
f,f
s,s
pcl,tcl
r,r
kcl,tcl
s,s
kcl,g
gcl,iy
t,t
aw,aw
v,v
s,s
kcl,tcl
kcl,tcl
dcl,dcl
ix,ax
ih,ix
l,ax
n,n
ax,ax
y,y
ux,iy
ae,aa
t,s
q,n
ae,ae
bcl,tcl
d,d
l,l
z,t
aa,aa
q,q
iy,iy
uw,uw
eh,ih
l,l
aw,l
ax,ax
tcl,tcl
ch,ch
iy,iy
ao,ao
ey,ey
sh,sh
s,s
r,r
f,f
r,r
m,n
l,l
ey,ih
n,dcl
k,k
l,w
kcl,kcl
uh,ow
ow,ow
l,l
ix,axr
ux,ix
ow,l
m,n
z,v
ay,aa
l,q
sh,sh
s,s
l,ao
kcl,kcl
iy,ey
y,y
t,t
jh,y
axr,r
gcl,gcl
r,r
ay,ay
k,k
k,k
ao,ao
hv,hh
ch,ch
bcl,tcl
iy,y
r,r
m,n
tcl,kcl
dcl,dcl
kcl,tcl
v,v
tcl,n
ah,ix
ix,ix
w,w
r,r
l,l
z,s
l,ao
ey,ey
ao,r
ix,ih
gcl,tcl
n,n
w,w
r,r
kcl,kcl
s,s
dcl,tcl
kcl,kcl
oy,oy
eh,ow
z,s
l,l
r,r
p,p
s,s
z,s
v,v
l,l
dh,dh
s,s
n,n
q,q
l,l
t,f
p,k
bcl,bcl
ix,ix
n,n
gcl,tcl
l,l
ix,r
iy,iy
z,s
kcl,dx
ih,axr
k,k
r,m
s,sh
z,s
el,ow
w,w
ix,ix
iy,iy
ix,ix
r,r
k,k
ao,ao
ax,l
s,s
s,s
r,r
tcl,tcl
y,iy
dx,ix
k,k
gcl,gcl
aa,ae
iy,iy
kcl,kcl
q,q
el,q
el,ow
iy,iy
f,kcl
ix,ix
ix,ix
k,k
dcl,tcl
iy,iy
dcl,dcl
dh,dh
iy,iy
iy,n
t,kcl
iy,iy
ay,ay
ix,q
oy,oy
k,k
dh,dh
sh,s
er,axr
q,q
er,axr
th,th
s,s
ix,ae
ih,l
l,l
n,gcl
ux,ih
l,l
ae,ae
ao,w
iy,iy
k,k
ae,hv
l,l
ix,ix
er,er
tcl,s
tcl,kcl
g,t
er,axr
hv,hv
dcl,z
ax,ix
t,t
s,s
jh,jh
s,s
k,k
axr,axr
ih,ih
axr,r
ih,eh
n,n
w,w
ah,eh
bcl,kcl
aa,ao
w,l
axr,ix
en,n
er,iy
m,m
l,l
n,n
ay,ix
n,dcl
gcl,dcl
n,ix
aw,ah
ch,ch
aa,aa
iy,iy
ay,ow
er,ae
l,l
er,axr
ay,ay
oy,oy
axr,ow
eh,ih
t,t
kcl,kcl
aw,aw
kcl,f
aw,ae
uh,ax
l,l
n,ix
g,k
s,f
ix,ix
s,s
kcl,q
r,axr
ae,ae
ay,ay
ix,ih
s,s
pcl,tcl
sh,sh
p,t
n,r
nx,n
iy,iy
iy,iy
jh,k
s,s
axr,r
r,r
eh,ix
ae,ae
s,s
n,n
ux,ux
eh,ey
m,m
ay,ay
ix,iy
ah,ah
ch,ch
ih,iy
gcl,v
en,w
y,y
ux,uw
r,r
tcl,tcl
n,n
q,q
w,w
m,n
m,l
l,el
dcl,dcl
sh,sh
n,n
tcl,q
w,w
gcl,dcl
dh,pcl
r,r
ae,ae
ow,el
z,s
dh,n
ey,ey
g,p
r,r
er,axr
q,q
eh,ax
z,s
axr,r
w,w
gcl,dcl
n,tcl
eh,ae
ux,ix
ow,l
hv,iy
dx,gcl
z,z
t,k
ey,ey
iy,iy
ah,l
b,dh
n,q
r,r
z,s
en,en
aa,aa
kcl,kcl
iy,iy
dcl,n
sh,s
gcl,m
ix,ix
d,dh
ix,ix
ow,ow
ch,ch
ix,ax
kcl,pcl
z,z
m,n
ix,ix
n,ng
ix,ix
w,w
ah,ae
ay,ay
t,dh
l,l
oy,oy
tcl,kcl
hv,hv
axr,r
y,y
ah,ax
r,r
ix,dh
ae,ae
iy,ey
eh,eh
ix,ix
aa,ao
r,r
er,r
v,bcl
aa,aa
s,s
ey,ey
l,l
ix,ih
ae,ae
t,t
dh,n
tcl,dcl
tcl,tcl
l,n
r,axr
nx,n
s,s
w,w
s,s
eh,r
ae,eh
ix,ix
axr,r
p,p
n,n
z,z
axr,axr
iy,iy
kcl,pcl
ae,ae
ao,ao
ix,ix
aa,aa
ao,ao
tcl,tcl
n,n
ao,ao
v,dcl
tcl,kcl
k,k
n,ix
dcl,k
pcl,pcl
iy,ix
ao,ao
sh,sh
ix,ix
dcl,z
k,z
z,z
pcl,tcl
tcl,kcl
n,m
bcl,bcl
kcl,kcl
w,l
iy,iy
s,s
ch,f
ux,ix
iy,iy
ix,ix
ah,ae
ih,ix
ix,ix
ae,ae
d,ix
kcl,kcl
l,el
ix,ix
ey,ey
gcl,kcl
ao,ao
iy,ih
tcl,tcl
kcl,dcl
n,n
dh,dh
l,l
aw,aw
aa,ao
iy,iy
sh,sh
n,n
ao,ao
ax,r
w,w
kcl,kcl
er,er
axr,ux
s,s
pcl,tcl
tcl,tcl
gcl,gcl
ix,n
jh,t
tcl,tcl
dcl,dcl
pcl,tcl
q,q
aa,r
ix,ix
ae,ae
nx,r
er,axr
tcl,pcl
nx,dx
ch,sh
s,s
g,t
r,r
p,kcl
ae,ae
b,p
ay,ae
p,d
l,w
kcl,f
axr,ih
ax,ix
s,s
iy,iy
ae,ae
m,n
r,r
w,l
dx,dx
n,n
s,pcl
tcl,pcl
m,m
ae,ae
s,s
ax,ix
ix,ix
ah,ah
ux,iy
ao,ay
s,s
ay,ae
iy,iy
r,r
hv,hv
tcl,tcl
kcl,kcl
ix,ix
v,r
pcl,tcl
q,ix
el,el
sh,sh
w,l
n,n
w,l
t,t
q,n
ow,w
el,ax
ix,eh
ax-h,dcl
l,l
axr,ax
s,s
p,p
ae,ae
ah,ah
l,l
axr,r
y,y
ix,ix
iy,iy
r,r
oy,oy
ae,ae
ih,ix
ae,ae
k,p
aa,aa
n,dx
k,k
aw,ae
dh,ax
n,n
l,r
v,n
s,s
t,t
ih,ih
k,b
s,s
ah,ah
l,l
ao,ao
ow,l
k,k
er,uw
d,jh
l,l
ix,ih
ax,ix
ax,aw
w,w
r,ax
ax,ax
ih,ix
eh,eh
n,n
r,r
ay,ay
l,q
ah,aa
er,axr
hh,jh
ay,ay
aa,ao
r,r
tcl,pcl
g,g
ih,ih
bcl,tcl
tcl,gcl
p,k
aa,aa
q,kcl
en,q
ao,ao
aa,aa
t,t
s,s
axr,axr
ah,ow
iy,n
tcl,tcl
ey,ey
r,r
k,k
gcl,n
z,s
aa,aa
bcl,bcl
ao,ao
ax,ae
ih,eh
l,nx
iy,y
iy,iy
z,t
q,dh
q,ix
ix,iy
ix,ix
r,r
iy,iy
w,w
tcl,pcl
eh,eh
r,r
w,w
w,w
n,n
ey,ey
ix,ix
ay,ay
s,z
t,k
r,eh
l,l
ax,l
dcl,tcl
iy,iy
pcl,kcl
r,r
sh,s
ae,ae
gcl,gcl
t,t
ow,l
iy,iy
aa,aa
dcl,dcl
aa,ao
r,ax
k,k
aa,ao
pcl,pcl
r,r
kcl,kcl
dcl,tcl
s,s
r,r
ao,ao
n,n
iy,iy
ih,ih
l,l
ux,ux
g,k
m,m
ey,ey
t,d
r,r
f,f
th,th
tcl,tcl
eh,eh
s,s
ih,iy
dcl,gcl
y,hv
axr,r
r,r
gcl,r
axr,axr
ax,ix
ax,ax
kcl,d
eh,eh
pcl,kcl
v,v
axr,ey
dcl,v
r,r
ix,ix
er,axr
w,l
kcl,pcl
m,m
ae,ae
gcl,dcl
bcl,gcl
n,dcl
kcl,tcl
ux,ih
f,f
ih,ih
iy,iy
bcl,bcl
n,ng
iy,iy
axr,r
t,tcl
l,l
ey,ey
m,m
f,f
th,v
k,k
tcl,tcl
aa,aa
ux,ux
s,s
ux,ux
ax,n
ih,ey
w,w
kcl,tcl
m,r
f,f
ix,en
iy,iy
tcl,tcl
ux,ux
ix,ix
t,k
ao,l
iy,d
kcl,k
r,v
l,l
ay,ao
oy,oy
pcl,f
l,r
ey,ey
ax,ix
s,s
kcl,kcl
t,t
kcl,tcl
ae,ae
sh,sh
ix,ae
s,s
r,r
eh,eh
ey,ey
t,t
pcl,pcl
ix,ix
n,n
ax,ix
d,t
eh,ow
r,eh
n,n
ae,ae
ax-h,bcl
tcl,tcl
ae,ae
s,s
t,t
ao,ao
dx,n
n,gcl
nx,dcl
th,th
w,w
ax,ix
ix,ix
ae,ae
v,v
jh,zh
bcl,dcl
kcl,kcl
axr,r
en,n
r,r
uw,r
dh,z
z,s
ae,ae
dcl,dcl
kcl,gcl
v,m
l,l
m,bcl
ey,ey
pcl,kcl
th,tcl
l,w
t,dh
sh,sh
f,f
l,l
n,n
s,s
iy,iy
iy,iy
p,k
ax,l
l,l
ae,ae
th,th
kcl,kcl
ih,ih
ix,r
z,z
ay,ay
r,r
w,l
n,n
n,n
z,z
er,er
r,n
l,w
pcl,kcl
k,k
th,dh
n,n
ih,iy
w,w
r,r
l,l
ih,eh
n,n
aw,aw
eh,r
m,v
l,l
axr,axr
kcl,k
ay,ae
n,n
ae,ae
ow,ow
ah,eh
z,s
jh,q
ao,ao
m,m
ax,ax
ix,ih
dcl,dcl
kcl,s
nx,dcl
ay,ay
tcl,tcl
tcl,p
ey,ih
r,r
s,s
t,s
t,t
ax,ix
n,n
iy,r
iy,iy
pcl,tcl
uh,ix
z,z
ae,r
z,k
n,ng
axr,axr
n,n
s,s
l,l
iy,iy
ng,n
r,ax
y,iy
ax,ix
l,l
aa,aa
ng,bcl
gcl,dcl
ix,ix
s,s
axr,r
ao,ix
dcl,tcl
t,d
ix,ae
ix,ax
iy,iy
k,dh
s,s
n,n
t,t
y,ix
ay,hv
ay,ay
bcl,bcl
tcl,tcl
tcl,kcl
ay,ay
tcl,pcl
ix,ix
uw,ax
f,f
t,k
eh,eh
p,p
f,f
z,z
w,w
bcl,dcl
kcl,pcl
s,s
kcl,f
ay,ay
f,f
tcl,gcl
iy,iy
ix,y
tcl,tcl
r,r
ey,ix
r,r
n,q
p,k
ix,ax
ow,ow
ae,ae
ih,r
ix,ix
tcl,tcl
dh,l
n,n
kcl,gcl
l,l
ch,ch
ow,ow
q,q
gcl,tcl
dcl,tcl
z,kcl
pcl,pcl
ix,ix
er,r
z,tcl
ix,l
r,q
n,n
ah,l
l,ax
iy,iy
tcl,pcl
iy,iy
s,s
dx,dx
iy,ix
ix,ix
ey,ey
tcl,jh
s,z
ax,ix
dx,dx
s,s
r,r
ih,ih
z,z
pcl,pcl
iy,ix
ae,ae
iy,q
tcl,tcl
s,s
iy,n
eh,r
ix,ix
r,r
kcl,kcl
r,ax
r,r
m,n
dx,dcl
ax,eh
tcl,k
ah,l
n,n
uw,uw
ix,ix
m,n
axr,l
tcl,tcl
z,s
dcl,kcl
eh,ah
tcl,tcl
ow,ow
l,k
v,v
kcl,kcl
s,s
ah,ix
ae,ae
axr,r
n,m
r,r
ux,ih
hh,dh
ux,ux
l,l
t,t
ih,ix
z,s
ux,ih
l,n
t,k
s,s
z,s
k,kcl
r,ix
s,s
ay,ay
d,tcl
q,q
kcl,dcl
ix,iy
ay,ay
l,l
iy,iy
axr,axr
w,el
ah,ae
g,tcl
bcl,bcl
l,l
n,w
s,s
ih,iy
eh,ae
pcl,kcl
n,dcl
l,l
l,l
ae,eh
eh,ih
q,q
sh,sh
s,s
ax,ix
eh,eh
dx,v
z,s
ae,ae
iy,iy
n,n
pcl,pcl
ix,eh
r,r
l,ix
w,w
eh,ih
q,q
pcl,tcl
l,ix
r,r
ih,ix
er,axr
r,r
ix,ix
z,z
uh,ix
ax,ix
iy,iy
pcl,pcl
tcl,tcl
ih,ih
d,d
p,p
r,k
l,l
s,s
q,q
l,l
iy,r
ih,ow
nx,nx
ih,n
z,tcl
s,s
g,hh
k,k
er,r
l,l
dh,v
kcl,kcl
bcl,bcl
eh,ix
t,p
axr,ao
ix,axr
ae,ao
s,s
iy,iy
sh,sh
ix,ix
s,s
ux,ih
kcl,kcl
ih,iy
hv,hv
q,q
p,p
ah,aa
r,r
ey,ey
k,k
th,hh
axr,axr
ix,iy
ux,ih
iy,iy
w,w
s,s
iy,iy
w,q
s,s
ux,y
q,q
ey,ey
ix,ey
l,el
er,r
jh,s
ax,ix
sh,sh
dcl,dcl
ux,r
eh,ix
d,k
r,r
v,tcl
m,n
dcl,dcl
iy,iy
p,k
axr,r
ix,ix
r,dx
ix,ix
w,l
w,w
axr,axr
ix,eh
eh,ay
ay,ay
s,s
m,bcl
ah,ax
p,p
ae,ae
z,s
aa,aa
er,axr
n,en
ax,n
kcl,kcl
ey,ey
ng,n
ah,ah
v,v
uh,ih
dh,f
b,d
er,axr
z,z
z,s
tcl,pcl
s,s
k,p
kcl,kcl
ng,n
ae,ih
tcl,tcl
dh,d
m,m
k,k
ix,ix
aa,aw
iy,iy
l,n
ax,axr
kcl,tcl
n,n
er,r
bcl,bcl
er,er
tcl,tcl
iy,iy
dcl,dcl
ax-h,k
oy,ow
n,n
ix,q
w,w
n,n
ae,ae
ae,ae
ae,ae
ch,jh
iy,iy
ow,ow
y,iy
l,l
r,r
dcl,gcl
ih,ix
aa,aa
l,l
aa,aa
tcl,tcl
ax,ix
p,k
q,q
th,k
ix,ix
axr,ix
gcl,dcl
s,s
q,q
k,k
zh,z
s,s
bcl,dcl
ax,ah
s,s
l,l
k,k
ng,m
r,r
pcl,tcl
v,v
m,n
iy,iy
iy,iy
l,l
ix,ix
z,th
s,s
iy,ih
n,n
ey,ey
n,n
n,n
n,n
aa,ao
f,f
z,t
tcl,dh
tcl,tcl
ow,ow
ix,ix
dx,k
ax-h,aa
tcl,kcl
eh,ih
z,s
ih,ix
tcl,tcl
v,v
dcl,dcl
ng,n
gcl,gcl
f,f
m,n
q,tcl
axr,axr
axr,eh
eh,ey
l,n
nx,n
iy,iy
r,r
m,n
axr,axr
ow,ow
n,n
bcl,bcl
n,n
ix,ix
axr,axr
z,z
s,s
ih,ih
iy,ih
dcl,dcl
m,uh
ay,r
t,k
r,r
ix,ix
r,r
kcl,kcl
ae,ae
iy,iy
ow,ow
ao,w
s,s
kcl,tcl
uw,axr
kcl,sh
k,k
w,w
k,kcl
k,k
ix,l
aa,aa
ay,ay
kcl,kcl
ix,ix
ix,ix
f,f
dcl,dcl
uh,l
oy,oy
ix,ix
z,z
ay,ay
aa,aa
dcl,pcl
eh,eh
ux,ux
hh,k
s,s
s,s
l,l
r,r
axr,axr
bcl,v
el,l
s,s
w,w
z,s
z,z
z,s
ow,ow
ix,ix
ae,ae
z,z
tcl,dcl
ih,ih
ah,ax
v,n
ix,ih
ih,ix
f,th
r,r
w,w
tcl,kcl
n,l
f,f
dh,dh
l,l
sh,sh
ey,iy
uh,l
ey,ey
dh,dcl
ih,ix
m,n
k,d
dh,p
tcl,kcl
gcl,dcl
n,m
bcl,tcl
dcl,k
axr,axr
en,n
eh,ih
pcl,pcl
n,m
w,w
ay,ay
kcl,kcl
pcl,kcl
bcl,m
bcl,tcl
iy,iy
kcl,tcl
k,k
ih,ih
m,m
ix,ix
ao,oy
m,n
l,l
kcl,kcl
ux,eh
n,n
l,el
m,m
ng,ng
aa,aw
k,dh
r,r
tcl,tcl
d,d
v,pcl
ih,ix
ey,ey
kcl,kcl
iy,ix
q,q
f,f
tcl,tcl
ae,ae
axr,ay
pcl,kcl
z,sh
kcl,kcl
kcl,tcl
ih,ih
iy,iy
ix,ix
p,p
w,l
z,z
axr,axr
dcl,dcl
z,s
ax,ix
ae,ae
eh,ix
tcl,pcl
ow,ow
z,z
bcl,kcl
iy,iy
ix,y
kcl,kcl
uw,l
s,s
ow,ao
r,r
ax,ax
l,l
ih,ix
ae,ae
kcl,pcl
gcl,dcl
axr,er
ng,n
iy,iy
v,v
ey,ey
dcl,pcl
l,l
kcl,kcl
z,z
dcl,gcl
t,t
l,l
ae,ae
ih,eh
z,z
ng,v
kcl,kcl
ux,ux
iy,iy
er,ih
iy,iy
tcl,pcl
sh,sh
uh,ix
ao,ao
ey,ey
w,w
eh,ey
k,k
r,r
el,el
ao,ao
p,p
bcl,dcl
ch,ch
n,m
ix,ix
dcl,dcl
ey,ey
m,m
dx,dx
dh,v
g,p
iy,iy
tcl,kcl
k,k
l,l
ah,l
tcl,pcl
n,n
w,w
bcl,m
dcl,kcl
tcl,tcl
l,n
ey,ey
k,k
gcl,dcl
k,k
m,n
k,k
eh,eh
z,z
iy,iy
f,f
tcl,pcl
r,r
v,v
q,ax
nx,n
dcl,bcl
s,s
gcl,dcl
l,l
ow,ao
q,q
r,r
tcl,tcl
s,s
k,k
n,n
k,p
ih,eh
iy,iy
kcl,kcl
ae,eh
p,p
eh,eh
n,en
aa,l
gcl,kcl
bcl,tcl
iy,iy
r,v
jh,hh
t,k
dx,iy
oy,oy
iy,w
m,m
ng,n
l,l
l,l
ae,ae
ah,ah
v,hv
k,k
f,f
l,l
ao,ao
en,n
ix,ey
n,n
r,r
ax,l
q,tcl
kcl,tcl
ae,ae
kcl,tcl
ih,ix
dcl,tcl
r,ae
ix,iy
dh,z
el,el
g,l
y,iy
em,n
jh,jh
k,kcl
z,z
f,f
n,ix
ix,ix
f,f
ao,ao
ix,ix
pcl,tcl
r,r
th,kcl
iy,iy
z,s
ow,ih
dcl,tcl
eh,ae
q,q
kcl,pcl
ih,axr
er,er
kcl,tcl
w,iy
iy,iy
ax,ax
ix,ix
kcl,kcl
n,m
ih,ix
n,n
m,m
ay,ay
ah,ax
el,el
r,r
eh,aw
jh,v
bcl,dcl
aw,aw
iy,iy
k,k
z,s
f,f
r,r
m,n
axr,q
ax,l
s,s
dx,dcl
n,m
kcl,kcl
ax,ax
t,k
ow,ow
b,q
r,ax
pcl,pcl
ao,aa
z,z
f,f
aa,r
ix,ix
dx,n
ax,m
dh,dh
l,l
l,l
nx,k
sh,sh
ao,ao
ay,ay
zh,jh
hh,hh
hh,hh
p,p
ao,w
ae,ae
axr,r
ay,ay
ih,axr
ux,ux
ih,iy
ae,ae
ow,axr
aa,aa
s,s
eh,r
eh,axr
s,s
r,v
l,l
kcl,tcl
m,m
tcl,tcl
er,axr
s,s
z,z
jh,jh
m,m
r,r
dx,g
kcl,tcl
dcl,dcl
ix,ix
r,r
ow,el
ix,ix
eh,eh
ih,ix
ax,l
tcl,tcl
ae,ae
ih,ix
kcl,tcl
er,axr
l,l
jh,jh
m,dh
iy,iy
dx,dcl
ux,ux
ih,ih
t,t
dh,ax-h
ao,aa
aa,aa
gcl,v
tcl,f
ih,ix
ax,ax
ao,ao
dh,kcl
z,s
dh,k
k,t
ux,ux
ix,ix
f,f
tcl,kcl
n,n
m,n
v,m
kcl,tcl
el,l
ih,ix
q,y
oy,oy
f,t
f,f
r,r
s,s
k,k
eh,ih
s,s
ow,ow
bcl,n
q,q
iy,iy
ih,ih
ao,ao
p,d
n,n
kcl,v
eh,eh
sh,sh
s,s
t,t
ih,ix
ix,ix
r,r
t,k
dx,k
hv,hv
dcl,dcl
kcl,tcl
ey,ey
z,tcl
ih,ih
k,k
q,q
eh,axr
m,n
f,f
ae,ae
aa,ax
iy,ix
g,k
nx,nx
t,t
ax-h,v
k,g
n,dcl
q,q
gcl,dcl
g,k
s,s
w,w
q,q
dh,tcl
k,k
r,r
ae,ae
bcl,tcl
v,v
k,k
nx,ae
p,f
t,k
l,l
m,n
sh,s
axr,ix
ay,ay
aw,aw
sh,sh
f,f
f,ch
iy,iy
ay,ay
aa,aa
y,y
n,ng
dx,jh
t,k
l,l
k,k
w,w
ih,ih
iy,iy
ae,ae
tcl,kcl
n,n
jh,ch
tcl,tcl
axr,dx
pcl,kcl
q,q
ih,ax
f,f
ix,ax
kcl,kcl
n,n
ae,ae
r,r
axr,r
w,w
r,r
f,f
m,m
tcl,tcl
t,jh
w,w
ae,aa
s,s
ix,ih
n,m
ix,iy
l,l
t,t
t,g
ah,aa
oy,oy
dcl,dcl
ix,ix
v,z
kcl,kcl
iy,iy
eh,r
m,n
bcl,dcl
g,k
kcl,tcl
p,p
ao,ao
t,t
r,r
hv,hv
k,k
d,dh
m,bcl
axr,iy
k,k
dh,dh
w,w
ax,l
ix,ix
f,f
r,r
ao,ao
kcl,kcl
bcl,bcl
k,k
iy,ih
dx,dcl
p,p
ix,ix
tcl,tcl
ae,ae
dh,dh
v,f
aa,ao
er,axr
kcl,kcl
ay,oy
tcl,tcl
q,q
s,s
tcl,kcl
ax,l
t,t
t,k
ax,ix
jh,jh
ih,l
ih,axr
s,s
tcl,tcl
dh,n
er,er
m,n
ow,aw
ow,ow
axr,axr
kcl,tcl
g,k
tcl,pcl
p,p
n,n
aw,aw
k,kcl
pcl,kcl
el,q
kcl,kcl
zh,jh
v,v
q,q
pcl,pcl
l,el
iy,iy
dcl,dcl
nx,n
r,r
l,l
z,s
tcl,kcl
tcl,tcl
ah,l
ix,ix
l,l
m,m
ix,n
ao,aa
ih,ix
iy,iy
iy,n
ay,aa
k,p
ix,ix
sh,sh
v,v
ay,ay
ao,ao
ay,ay
tcl,dcl
dh,ix
k,k
ix,ih
gcl,n
ix,ix
s,hh
p,p
k,d
sh,sh
s,s
n,m
ix,iy
ah,ao
ih,ih
m,k
ix,ix
k,k
m,m
ix,ix
l,l
gcl,kcl
g,v
p,p
ae,ae
l,l
sh,sh
t,k
eh,r
ih,ix
ih,ih
eh,eh
l,l
r,r
z,s
l,l
n,n
ix,ix
hv,p
k,k
iy,iy
p,k
er,r
tcl,k
s,s
ux,ux
q,r
ih,ih
r,r
en,n
ah,ao
t,t
ix,ix
y,y
w,m
s,s
iy,iy
ih,ih
w,w
r,l
l,l
k,k
aa,aa
z,s
ae,ae
ix,ix
s,s
w,w
ae,ae
w,ao
uw,ix
gcl,gcl
q,q
ih,ih
ah,ow
tcl,tcl
ae,ae
v,r
q,q
ih,ih
k,k
ng,n
l,r
iy,iy
m,n
dh,dh
er,axr
eh,eh
dcl,tcl
s,s
ng,w
dh,dh
t,kcl
s,s
iy,ey
d,d
ng,n
eh,eh
ax-h,ax-h
sh,s
ih,ey
m,m
z,s
bcl,n
ae,r
ih,ih
ax,r
er,r
er,iy
ow,ax
f,f
eh,ae
g,q
dcl,bcl
ey,ey
eh,ah
ow,ow
ay,ay
ao,ao
ay,ae
iy,iy
m,n
tcl,tcl
y,y
ao,l
t,t
iy,iy
l,w
tcl,tcl
t,t
r,r
kcl,kcl
ey,iy
dcl,dcl
ih,ih
axr,axr
k,k
ih,iy
ih,r
ix,ix
z,z
ix,ix
y,iy
r,r
ow,ow
n,m
ih,ih
d,d
ao,ao
ax,ix
ix,ix
ao,ao
dcl,gcl
el,l
dcl,pcl
dh,dh
l,el
tcl,tcl
dh,kcl
n,ng
eh,ix
ae,ae
ix,iy
iy,ey
dh,g
s,s
kcl,kcl
w,w
ih,iy
tcl,kcl
eh,eh
l,l
k,k
ae,eh
ax,ix
eh,eh
dcl,dcl
ae,ae
ih,ih
m,bcl
iy,iy
gcl,tcl
t,t
axr,r
gcl,gcl
w,w
l,ax
ch,ch
v,dcl
r,r
bcl,dcl
bcl,dcl
sh,sh
ix,ix
y,ih
w,w
ix,ix
sh,sh
ey,ey
ax,ix
g,k
ih,ih
uh,ax
w,w
ah,n
ah,ao
sh,sh
ax,ax
s,s
f,f
th,dh
d,dh
s,kcl
r,r
s,s
ey,ey
ae,ae
s,s
tcl,v
kcl,gcl
ax,ax
ax,ix
n,n
q,q
sh,sh
gcl,dcl
ao,ao
z,s
m,n
ae,ae
r,r
ng,w
hh,kcl
gcl,gcl
t,t
r,r
ae,eh
v,tcl
ay,ay
y,y
ae,ay
ao,ao
er,er
ih,iy
ao,aa
n,n
p,k
ow,ow
w,el
l,el
pcl,kcl
v,v
n,n
ae,ae
pcl,tcl
p,p
ao,ao
iy,iy
tcl,tcl
k,k
n,n
dh,dh
ae,ix
tcl,kcl
tcl,eh
r,r
ah,eh
ix,l
dcl,tcl
eh,ix
iy,iy
ch,ch
tcl,tcl
ow,ow
n,n
r,r
eh,ix
dcl,ix
aa,ao
tcl,z
s,sh
tcl,tcl
r,r
ae,ae
ao,ao
dcl,dcl
l,l
th,pcl
tcl,tcl
m,n
dh,dx
en,ah
ih,ih
l,l
s,s
gcl,tcl
r,r
n,n
ax,ax
ao,aa
dh,dcl
eh,eh
t,k
aa,r
n,n
m,r
dcl,dcl
dcl,gcl
m,n
er,er
aa,aa
ch,ch
ow,ow
gcl,ng
ih,ih
r,r
pcl,pcl
ey,ey
eh,ih
ix,iy
ih,ih
hh,p
tcl,tcl
ao,ao
ax,l
ch,k
pcl,pcl
bcl,pcl
ey,ey
q,q
z,z
w,l
uw,uw
tcl,kcl
axr,r
iy,iy
aa,aa
l,n
hh,hh
kcl,kcl
z,z
s,z
kcl,kcl
ah,ao
ax,nx
axr,r
s,s
s,s
ae,ae
axr,axr
oy,oy
r,r
iy,l
ih,ix
iy,iy
ix,ix
gcl,kcl
iy,iy
ow,q
l,l
ae,ay
iy,iy
eh,eh
jh,t
en,n
ih,ey
r,r
ng,ao
iy,iy
oy,oy
s,f
s,s
ix,iy
r,r
f,f
dh,z
k,k
dh,dh
tcl,tcl
pcl,pcl
t,t
ax,ix
tcl,tcl
s,s
dx,d
gcl,dcl
eh,ae
s,z
tcl,kcl
r,r
axr,axr
axr,r
tcl,tcl
ao,ao
ix,ix
ux,ux
dh,k
oy,oy
ng,n
q,q
p,ch
k,k
aa,ao
z,z
ey,ih
er,r
s,s
k,k
t,tcl
s,s
th,th
s,s
f,s
q,kcl
kcl,z
hh,kcl
pcl,p
jh,jh
iy,iy
w,w
n,n
n,n
k,k
ix,ix
axr,axr
l,ax
kcl,tcl
v,v
ax,ix
k,k
ao,ao
gcl,gcl
ix,ix
ng,ng
n,n
n,n
g,k
eh,eh
dcl,n
s,s
iy,n
eh,ey
ix,q
r,r
s,s
pcl,tcl
ix,ix
ow,ax
ux,iy
q,q
tcl,kcl
p,k
m,n
ix,r
iy,iy
sh,sh
ih,ih
l,w
eh,ey
kcl,tcl
w,n
tcl,dx
uw,ix
axr,axr
r,r
kcl,tcl
s,s
r,r
er,r
s,s
s,s
hv,hv
w,q
s,s
axr,r
l,l
ix,iy
sh,sh
kcl,kcl
kcl,dh
en,n
ah,ax
d,d
r,r
ey,iy
dcl,tcl
dh,dcl
y,y
n,n
bcl,bcl
l,n
ow,ow
pcl,pcl
ix,ix
d,ix
q,q
t,k
bcl,bcl
ah,ax
pcl,pcl
n,n
k,k
iy,iy
dcl,dcl
w,w
p,p
l,l
p,p
ix,ix
ix,ih
w,r
z,s
n,n
pcl,pcl
tcl,tcl
ux,ux
uw,n
n,n
ix,eh
tcl,tcl
ix,ix
m,m
jh,s
l,ax
aw,ao
s,s
nx,n
l,l
l,l
ow,el
ih,ih
ay,ay
f,f
kcl,kcl
eh,eh
d,d
iy,iy
ay,ay
tcl,t
dcl,tcl
axr,r
n,n
z,z
m,w
k,k
ix,ih
ng,r
kcl,tcl
ao,ao
tcl,dcl
ng,axr
er,r
er,r
ih,ih
ng,n
m,n
w,m
aa,aa
f,f
ix,axr
f,s
w,l
ih,ih
tcl,k
axr,axr
r,r
aa,ow
s,s
k,ch
ow,ow
uw,ax
ax,l
eh,ih
uw,uw
ay,ay
eh,aw
ch,t
kcl,tcl
ow,ae
el,el
ih,ix
l,w
f,f
eh,eh
t,t
sh,s
eh,r
er,er
y,y
ih,ih
g,ix
tcl,kcl
ah,ow
uh,ax
g,p
w,k
l,l
iy,iy
ax,ax
w,w
uh,l
m,m
l,w
pcl,kcl
g,k
dcl,dcl
axr,r
er,eh
ey,ey
aa,ao
sh,sh
ey,iy
ch,ch
ae,er
axr,r
l,w
axr,r
sh,sh
aa,aw
axr,eh
n,n
n,iy
ux,iy
er,r
iy,iy
ao,ao
n,m
k,d
dcl,dcl
axr,axr
pcl,pcl
l,l
w,ax
m,m
axr,r
eh,ix
ay,ae
bcl,tcl
ax,l
ay,ay
ng,m
g,g
dcl,dcl
d,d
dcl,dcl
kcl,tcl
t,tcl
k,k
l,l
dcl,n
dh,gcl
n,n
ux,ix
ix,ix
iy,iy
r,r
g,k
tcl,dcl
l,l
m,r
m,m
l,l
z,s
q,q
l,l
n,n
r,r
ae,ae
ah,ax
n,m
t,k
k,k
pcl,pcl
ao,ao
ay,ae
n,n
r,r
aa,aa
dcl,n
aw,ae
ah,ay
t,t
ix,ix
ix,iy
ih,eh
q,q
aw,ae
kcl,kcl
s,s
t,k
z,s
bcl,m
ay,ay
ay,ay
iy,iy
ih,ih
ae,ae
l,l
dcl,pcl
ix,ih
er,er
ey,ix
iy,iy
r,r
m,m
r,r
r,r
tcl,p
iy,iy
ay,aa
tcl,gcl
tcl,tcl
ao,ao
q,ix
dcl,dcl
ih,ix
eh,ow
ah,ao
w,w
ax,ih
iy,iy
ax,ax
w,l
ae,ae
dcl,dcl
ao,el
ix,ih
em,ng
hv,dcl
s,sh
bcl,v
oy,oy
iy,iy
r,r
ix,ey
ih,ix
dx,kcl
ux,iy
m,n
m,dx
sh,sh
v,v
ae,ae
kcl,tcl
k,k
dh,tcl
m,m
dcl,tcl
r,r
aa,aa
w,w
uh,l
v,v
f,kcl
v,v
oy,oy
z,s
iy,iy
w,w
s,s
k,k
n,m
f,f
s,s
s,s
ng,n
k,kcl
sh,sh
aa,r
dh,l
ix,ih
aa,aa
q,q
iy,iy
ae,ae
hh,z
ae,ae
ix,q
iy,iy
ey,ey
gcl,n
t,dh
ao,l
dcl,dcl
w,ao
ao,ao
r,r
ax,ax
axr,axr
eh,ae
ao,ao
pcl,pcl
aa,aa
ix,l
ay,ay
ix,ih
q,q
r,r
s,s
m,n
ao,aa
sh,sh
iy,iy
p,k
k,k
r,r
dx,dcl
ix,gcl
hh,hh
l,l
ow,ow
eh,eh
v,kcl
aw,aw
ix,ix
kcl,tcl
s,s
aa,ay
ih,ih
r,r
ae,ae
l,w
bcl,bcl
sh,sh
w,w
hv,hv
n,n
t,t
gcl,dcl
w,l
ae,ae
pcl,pcl
dcl,tcl
pcl,pcl
ih,eh
uh,ao
f,p
iy,iy
q,q
z,z
kcl,kcl
g,y
dh,d
n,n
l,l
en,n
r,axr
ix,ix
p,l
ix,v
ix,ix
s,s
ax,el
aa,ao
z,s
tcl,tcl
tcl,kcl
l,l
ah,ah
er,axr
k,k
n,n
ih,ix
er,er
dh,q
n,n
t,sh
n,n
n,n
t,kcl
s,s
iy,iy
k,k
ae,ae
v,v
v,v
ax,ao
tcl,tcl
dcl,dcl
ih,r
kcl,kcl
n,n
dx,g
n,n
axr,r
p,p
f,f
ey,iy
ae,aw
pcl,pcl
iy,iy
ae,ae
aw,aw
hv,hv
sh,s
ao,ao
s,s
tcl,dcl
ih,ix
ix,ix
eh,ae
eh,eh
z,sh
er,er
ax-h,tcl
ae,ae
er,ix
eh,ax
l,l
iy,iy
ax,ih
ay,ay
eh,ix
w,w
k,t
iy,iy
d,jh
hh,p
ix,n
z,s
ay,ay
axr,axr
ng,n
dcl,gcl
iy,iy
r,r
ao,ao
n,n
r,r
iy,iy
ax,ax
r,r
eh,eh
iy,iy
iy,iy
n,n
kcl,kcl
dx,m
ix,ix
l,l
ax,ix
axr,r
iy,iy
ah,aa
kcl,dx
ix,ix
eh,eh
dcl,bcl
s,s
ay,ay
iy,ey
m,m
iy,iy
dcl,dcl
f,f
tcl,kcl
ao,l
v,v
ae,ae
n,n
iy,iy
y,iy
q,tcl
f,f
tcl,tcl
kcl,tcl
s,s
s,s
ch,tcl
q,q
m,n
iy,iy
n,ix
ae,ae
k,k
jh,ch
n,n
ae,ae
s,s
tcl,tcl
iy,iy
aa,aa
ae,ae
er,r
ay,ay
er,axr
n,n
bcl,n
eh,ae
n,n
ao,ao
n,bcl
hv,hv
sh,sh
pcl,pcl
kcl,kcl
hv,hv
ix,ix
bcl,dcl
tcl,pcl
ay,ao
n,n
y,iy
g,g
dh,dh
ch,jh
hh,p
ix,ix
el,ow
iy,iy
tcl,tcl
iy,iy
iy,iy
ax,ax
l,l
ey,ey
ay,ay
ih,ih
n,n
ay,ay
er,er
bcl,kcl
tcl,tcl
eh,ih
hh,hh
ix,q
q,q
ix,ix
f,f
ih,ey
nx,n
eh,eh
ix,ix
d,p
ao,ao
ix,ix
r,r
er,er
axr,axr
ix,ih
l,w
p,g
m,n
ah,eh
uw,uw
f,p
ng,n
kcl,kcl
ih,ix
f,f
s,z
aa,ao
th,dh
axr,r
r,iy
kcl,pcl
ae,ae
eh,ae
k,k
bcl,n
ix,ix
hh,hv
ax,ix
gcl,tcl
l,el
r,r
bcl,dcl
tcl,bcl
ix,q
ix,ix
ax,ax
dcl,k
m,m
sh,sh
r,n
l,l
ix,ix
tcl,tcl
er,axr
t,t
k,p
s,s
l,l
axr,axr
v,v
iy,iy
l,dh
nx,n
v,dcl
s,s
kcl,kcl
g,k
gcl,tcl
er,q
k,k
tcl,s
bcl,tcl
uh,el
ch,jh
r,ng
tcl,pcl
r,axr
ix,ix
axr,axr
w,l
ix,ax
iy,iy
r,r
uh,axr
ah,ah
ae,ae
w,r
l,l
s,s
s,s
v,v
s,sh
kcl,kcl
l,ax
tcl,kcl
iy,iy
iy,iy
f,f
ux,ih
ux,iy
axr,axr
hv,hv
ax,uw
aa,aa
kcl,kcl
bcl,kcl
n,n
dcl,tcl
axr,r
ao,ao
aa,aa
bcl,bcl
w,l
ix,ix
r,r
kcl,kcl
ay,ay
ih,y
iy,ey
v,d
z,z
m,m
ay,ay
dcl,dcl
aa,ao
l,ao
s,s
iy,iy
ax-h,ix
r,r
iy,ih
pcl,kcl
ix,ax
ih,ih
q,q
iy,iy
f,f
r,r
ix,ix
bcl,bcl
iy,iy
l,l
f,f
ih,q
ae,ae
iy,iy
iy,iy
kcl,f
sh,sh
dcl,dcl
f,k
ih,ih
ng,v
iy,ix
axr,ix
ay,ae
q,q
z,z
iy,iy
z,z
iy,ih
dcl,hv
ao,w
ae,ay
q,q
ae,eh
n,m
r,v
l,ow
l,w
f,f
iy,iy
kcl,tcl
s,z
t,jh
axr,axr
l,l
ay,ae
ng,l
t,t
axr,r
b,k
iy,iy
aa,r
m,m
l,l
n,n
aa,ah
z,s
ih,eh
ao,ao
kcl,kcl
g,q
ah,eh
dh,v
iy,ey
r,r
v,v
axr,v
eh,eh
eh,ae
r,m
eh,ix
t,t
s,s
ix,ih
sh,sh
z,s
ao,ah
ih,ih
tcl,kcl
n,n
aa,aa
s,s
s,sh
l,l
ae,ae
pcl,pcl
axr,ax
r,r
k,k
eh,eh
ow,ah
t,p
ih,ih
d,d
y,iy
ix,ix
aa,aa
ix,ix
l,ao
q,q
v,v
n,n
ow,axr
ix,ix
iy,iy
dh,dcl
ix,ix
eh,eh
ey,iy
eh,r
ax,l
ih,ih
ih,iy
k,k
s,s
m,n
l,l
eh,eh
n,n
ih,ih
ih,r
tcl,tcl
ax,ax
ix,ix
l,n
p,p
s,s
s,t
ow,w
y,y
ow,ow
kcl,pcl
iy,q
s,s
iy,ix
ao,ao
ih,ax
w,l
ao,l
b,p
aa,aa
eh,ih
q,q
s,s
t,t
s,s
p,pcl
ey,ey
eh,ae
ae,ae
eh,eh
iy,iy
l,l
l,l
r,r
dh,dh
y,iy
f,f
tcl,m
iy,iy
iy,iy
bcl,dcl
kcl,kcl
aa,ao
iy,ih
iy,ey
ax,n
ae,ix
dx,iy
p,k
dcl,dcl
iy,iy
aa,aa
ae,ae
tcl,kcl
ao,ao
w,q
aa,aa
eh,ix
n,n
eh,ih
gcl,n
tcl,tcl
en,n
ay,ay
n,n
ae,ix
n,n
aa,ao
s,s
z,z
uh,n
ay,aw
ow,ow
iy,iy
ix,ax
axr,r
ax,l
axr,r
s,s
bcl,bcl
t,t
w,l
ax,ix
ay,ay
dh,dcl
kcl,p
er,r
tcl,tcl
r,r
sh,s
eh,eh
ay,ay
ng,ng
l,l
d,d
bcl,bcl
ix,ax
ix,ix
ey,ey
aa,aa
n,n
hh,hh
d,d
t,d
m,w
ih,ih
f,f
dh,v
bcl,tcl
ix,ix
s,s
ax,q
z,s
iy,iy
m,m
ix,ix
eh,ih
gcl,tcl
ix,ix
ah,ao
aa,ao
f,sh
ax,l
ih,ih
dcl,dcl
w,p
ey,ey
dcl,dcl
ih,ih
l,l
ao,ao
t,k
p,k
ah,aa
dcl,dcl
bcl,gcl
ae,eh
m,n
er,er
n,m
g,k
ae,ae
gcl,gcl
s,s
ih,ih
iy,iy
n,n
eh,ix
iy,iy
iy,ey
q,q
ax,ax
eh,eh
pcl,pcl
iy,iy
k,f
hh,hv
l,l
t,d
bcl,tcl
ah,ix
axr,axr
aa,aa
ah,ah
r,axr
tcl,tcl
w,w
n,m
n,n
ix,iy
uh,ih
ix,iy
er,axr
l,l
r,r
iy,iy
ix,ih
n,n
dh,dh
l,l
en,ix
dh,k
tcl,v
ix,ih
k,k
s,s
aw,aw
axr,axr
r,ux
n,ix
ae,ae
tcl,tcl
y,iy
eh,eh
l,w
n,n
z,s
l,l
z,s
dx,dh
r,r
ax,ah
ae,ae
s,s
iy,iy
gcl,dcl
dh,l
er,axr
eh,eh
ix,ix
hv,hv
aa,ay
s,s
tcl,kcl
r,r
q,q
r,r
eh,ix
n,n
l,l
s,s
gcl,tcl
f,f
r,r
tcl,dcl
en,n
kcl,tcl
z,z
ae,ae
axr,axr
th,v
nx,n
ix,ih
aa,aa
bcl,bcl
dh,dh
n,n
y,y
ae,ae
ch,k
l,l
ay,iy
ih,ix
r,r
q,m
aw,aa
k,dh
s,sh
k,k
ah,ah
pcl,pcl
ih,ix
ae,ae
l,l
sh,sh
ow,ao
tcl,tcl
s,s
eng,m
q,q
aa,ao
y,iy
s,s
er,er
dcl,gcl
v,dcl
v,v
t,d
nx,ax
th,th
dcl,dcl
ix,ix
jh,t
oy,oy
dcl,dcl
n,n
aa,ao
aa,aa
nx,nx
ux,ix
l,l
ax,ax
dcl,dcl
pcl,kcl
n,n
y,y
q,q
q,q
l,el
er,er
aa,aa
kcl,tcl
y,y
z,z
ey,ey
axr,q
r,r
oy,oy
s,s
iy,iy
l,l
ih,ix
ax,l
ay,ay
n,l
k,g
kcl,kcl
v,v
n,n
iy,iy
tcl,tcl
ih,ix
l,ax
ow,ow
dcl,tcl
y,iy
ay,ay
sh,sh
k,k
er,axr
dh,dh
ax,ix
p,k
q,q
eh,er
eh,ae
sh,sh
pcl,tcl
dh,dcl
sh,sh
ay,ay
n,n
sh,sh
s,s
ix,r
r,r
ix,iy
oy,oy
iy,iy
axr,w
iy,iy
hv,hv
ix,ix
bcl,bcl
ae,ae
en,ix
g,m
ix,ix
s,s
p,k
r,r
ih,ix
dh,dh
n,m
m,ix
tcl,z
z,s
z,s
kcl,tcl
n,n
r,ix
ix,ih
nx,dh
ae,ae
iy,iy
ix,ih
s,s
axr,axr
dh,k
ix,ix
k,k
t,t
ih,ix
l,l
q,q
pcl,pcl
ao,q
uh,ax
ih,ih
ih,ih
aw,ao
iy,iy
ix,ix
w,el
n,n
eh,eh
f,f
r,r
y,iy
s,s
s,jh
m,n
r,r
l,ax
q,q
ah,r
f,f
ng,iy
dcl,dcl
ey,ey
s,s
kcl,tcl
t,t
ix,ix
n,iy
q,q
er,er
aa,aa
gcl,kcl
ch,t
ay,ay
l,l
dh,dh
em,n
ix,hv
tcl,gcl
f,f
k,k
pcl,kcl
ih,ix
n,n
z,tcl
r,ay
s,s
hh,k
er,eh
er,axr
r,r
ih,ix
r,bcl
f,f
nx,p
el,l
eh,ih
ux,ux
y,ix
hv,hv
ng,n
ax,ax
l,l
iy,q
gcl,tcl
r,l
bcl,dcl
ax,ax
tcl,dcl
ix,iy
pcl,kcl
axr,axr
er,er
ih,ih
p,p
iy,iy
ix,ax
w,w
dh,n
tcl,tcl
axr,axr
tcl,tcl
ah,ao
tcl,kcl
pcl,kcl
ix,ix
kcl,pcl
ih,iy
ae,ae
l,l
ax,ax
axr,axr
dh,d
s,s
z,z
l,l
er,ay
ix,ix
ax,ax
iy,ix
n,n
iy,iy
q,q
n,n
y,iy
ay,ay
ax,ih
ih,ae
ix,iy
tcl,f
dh,dh
ng,n
tcl,v
iy,ih
l,l
tcl,kcl
s,s
ao,ow
hh,k
axr,axr
z,tcl
bcl,bcl
v,dh
el,ow
gcl,dcl
ae,ae
d,t
iy,iy
q,q
ow,aw
y,iy
s,z
ux,ux
w,l
tcl,kcl
l,l
ax,ix
ah,ae
gcl,tcl
iy,iy
r,ux
m,n
p,p
s,s
er,eh
r,r
k,kcl
ax,ax
eh,ih
ax,ax
aa,aw
ah,ix
l,w
ax,ax
ae,aw
l,ax
ay,aa
z,s
ix,ix
sh,sh
pcl,kcl
m,n
m,l
ah,ah
n,n
er,er
ax,ax
eh,ae
s,s
ix,iy
ao,aa
dh,dh
v,tcl
pcl,pcl
z,bcl
uw,uw
f,f
dcl,dcl
ay,ae
ay,ey
y,y
tcl,pcl
pcl,kcl
dcl,dcl
dcl,bcl
dcl,gcl
ow,ao
m,n
kcl,tcl
eh,ih
iy,ey
iy,iy
iy,iy
l,l
ng,iy
ay,ay
w,w
ih,ix
bcl,pcl
ax,ax
p,p
ih,iy
w,w
l,l
eh,ix
m,ih
n,n
eh,ih
ix,ix
n,ix
n,g
r,r
tcl,pcl
ao,ao
aw,aw
tcl,kcl
ih,iy
tcl,tcl
r,r
gcl,dcl
er,r
ey,iy
n,r
eh,axr
s,s
dcl,dcl
aa,q
gcl,f
w,w
w,q
p,p
m,n
q,kcl
ay,aa
iy,iy
m,n
t,t
s,s
s,s
ay,ay
iy,iy
aa,aa
axr,r
jh,jh
k,k
ux,ux
tcl,pcl
ix,ix
dx,n
dx,dx
tcl,p
l,w
hh,hh
gcl,dcl
er,axr
ix,ix
l,l
ix,ih
m,m
iy,iy
axr,g
el,ow
ah,aa
iy,iy
r,r
ah,ao
aw,aw
l,dh
w,w
q,q
k,tcl
kcl,kcl
s,s
iy,ih
t,t
s,s
dcl,tcl
ux,iy
k,kcl
ay,ay
w,ao
ix,r
tcl,tcl
eh,eh
dcl,dcl
ix,ow
ax,ix
n,n
ao,l
ae,ae
t,d
ix,r
s,s
ix,ix
y,y
iy,iy
tcl,tcl
ch,t
w,w
d,d
kcl,f
ix,ih
ax,ix
ow,ow
kcl,kcl
ax,ax
n,n
t,t
r,r
r,r
ax,tcl
iy,iy
k,p
s,s
t,t
v,v
r,r
dx,dcl
pcl,kcl
s,s
kcl,bcl
kcl,tcl
l,ih
hv,hv
k,k
v,tcl
iy,iy
pcl,pcl
aw,ao
er,er
s,s
r,r
l,l
z,z
n,tcl
tcl,tcl
iy,iy
ng,n
sh,sh
dcl,n
eh,ix
ix,axr
k,k
ow,er
hv,hv
l,l
dx,tcl
n,n
bcl,bcl
ey,ey
p,p
iy,iy
aa,aa
s,s
axr,axr
l,l
iy,iy
ih,ih
jh,kcl
ix,ix
t,dh
er,r
iy,iy
iy,ey
m,m
t,k
kcl,kcl
y,y
w,w
v,v
m,n
s,s
axr,r
ux,iy
p,k
ow,ow
ao,aa
kcl,kcl
ey,iy
dcl,tcl
s,s
ow,l
pcl,tcl
s,s
pcl,tcl
dcl,dcl
l,l
l,r
n,n
ax,ax
ng,n
ih,ix
aa,ao
s,s
ix,ix
eh,ae
dh,k
n,n
eh,iy
ux,ux
q,q
iy,iy
d,t
f,f
pcl,pcl
dcl,dcl
pcl,q
oy,oy
ay,ae
v,bcl
s,s
m,ix
iy,iy
d,tcl
ix,ih
k,dh
axr,ix
r,r
ih,ih
eh,eh
k,k
el,ao
ay,ay
er,r
ix,q
t,k
en,n
ix,ix
n,n
dx,n
n,n
ux,iy
eh,ix
s,z
s,sh
iy,iy
axr,axr
kcl,kcl
ix,ix
z,z
ix,ix
er,er
s,s
ae,ae
iy,iy
s,s
tcl,dcl
sh,s
z,z
r,iy
eh,eh
g,dh
q,kcl
aw,aw
w,w
n,n
f,f
ix,ix
r,r
pcl,pcl
jh,jh
n,n
en,m
f,f
ay,ay
pcl,pcl
ax,ix
v,s
eh,ae
ih,ey
bcl,bcl
y,q
eh,ih
ao,aa
pcl,pcl
s,z
l,dh
sh,f
axr,axr
el,l
l,l
l,l
dh,v
t,t
ih,ih
iy,y
gcl,dcl
aw,l
dcl,dcl
m,n
dh,v
z,z
kcl,tcl
l,l
sh,sh
ey,ey
g,r
n,n
ux,ux
m,n
dcl,gcl
s,s
g,k
ay,ay
eh,ih
ay,ay
v,f
ix,ix
s,s
iy,ix
aa,ah
ix,ix
ow,ax
v,v
v,v
s,s
el,el
r,r
ih,ix
axr,axr
t,t
ao,ao
ae,ae
ah,ao
r,w
p,p
tcl,kcl
z,s
ae,ae
ow,ow
r,r
kcl,t
n,n
n,n
axr,ix
n,ax
bcl,p
ix,ix
aa,aa
n,n
ux,ae
iy,iy
gcl,dcl
r,ax
ix,ix
p,hh
ix,q
iy,iy
r,aw
sh,sh
axr,eh
dcl,n
iy,iy
pcl,kcl
tcl,pcl
iy,iy
dh,dh
dh,tcl
ah,ax
gcl,dcl
sh,sh
bcl,tcl
ix,ix
m,dx
iy,iy
ax,r
l,l
d,dh
iy,iy
ih,ow
s,s
eh,ih
w,l
f,f
er,ow
r,axr
iy,iy
z,z
ao,ao
pcl,f
b,p
ix,iy
n,el
f,sh
hh,k
f,f
f,pcl
tcl,tcl
eh,ae
s,s
s,s
tcl,tcl
s,s
dcl,dcl
ah,ao
tcl,kcl
l,l
aa,aa
r,r
bcl,v
r,ix
tcl,kcl
m,n
tcl,tcl
l,l
t,t
dh,dh
ah,l
ch,t
dh,t
tcl,kcl
hh,k
l,l
tcl,kcl
l,l
m,n
m,m
tcl,kcl
k,t
ah,axr
dcl,dcl
ey,ey
ay,ay
s,s
ao,ao
ng,n
dcl,n
ix,iy
aa,aw
w,w
m,gcl
l,l
ax,ax
v,v
q,q
s,s
ux,ix
q,q
n,v
sh,sh
n,ix
dcl,dcl
s,s
sh,f
w,jh
m,m
m,m
ae,ae
g,k
l,l
kcl,gcl
ax,l
q,r
ix,ix
s,s
w,w
ae,ae
q,tcl
l,r
r,r
dh,ax
ix,r
iy,iy
ix,ix
en,n
ao,aa
r,r
tcl,kcl
ix,dh
hh,k
w,el
hh,hh
ao,ao
aa,aa
d,d
p,k
l,ow
iy,iy
y,l
oy,ay
r,r
ah,ae
zh,dcl
el,ow
g,d
dcl,tcl
r,aa
jh,jh
er,ih
l,l
q,k
n,n
m,n
bcl,pcl
iy,iy
ah,ae
v,f
axr,r
aa,ao
ix,ih
iy,iy
ih,eh
ae,ae
sh,sh
f,f
aw,aw
jh,ch
ux,iy
ao,ay
iy,iy
aa,ax
dcl,en
ax,ix
dh,tcl
q,q
s,s
ow,ah
q,q
q,ax
s,s
r,r
aa,aa
p,k
dcl,dcl
eh,eh
ax-h,z
m,m
tcl,tcl
l,l
kcl,kcl
ax,v
dcl,dcl
axr,r
er,er
gcl,dcl
ng,m
r,w
jh,k
ax,l
l,l
gcl,n
g,p
dcl,dcl
n,n
q,q
dh,tcl
d,t
er,er
aa,aa
m,m
ux,ux
t,t
jh,jh
er,axr
l,l
er,er
ae,ae
iy,iy
dcl,m
r,r
kcl,dh
k,k
z,z
d,d
ix,ix
z,z
dcl,gcl
axr,ux
l,ow
s,s
ih,uh
p,t
r,ix
s,s
n,n
dh,dx
tcl,gcl
q,q
ix,ix
r,r
iy,iy
ix,eh
ax,ah
dx,r
pcl,pcl
axr,r
ey,ey
w,w
en,n
k,s
kcl,tcl
q,q
m,m
m,m
pcl,tcl
aa,ao
m,n
k,k
iy,iy
g,d
uw,ux
ux,iy
hv,hv
r,r
sh,sh
l,ax
aa,aa
v,pcl
hh,f
s,s
p,q
ix,ix
ix,ix
k,t
w,w
eh,axr
s,z
n,n
ix,l
m,n
l,l
nx,n
aa,aa
l,l
n,n
ax,n
r,r
l,l
iy,iy
l,r
s,s
r,r
bcl,jh
tcl,kcl
eh,ix
n,n
g,k
dh,t
w,w
axr,r
n,n
ey,ey
gcl,tcl
aa,aa
ae,ae
oy,ao
th,th
dcl,tcl
th,s
m,n
t,d
ay,aa
ix,ix
axr,axr
m,w
ow,el
r,r
tcl,kcl
p,k
axr,r
ax,ax
ih,l
ix,ih
n,n
ow,ow
dh,r
aa,ah
n,m
dx,p
s,s
er,axr
ay,ay
f,f
dcl,tcl
sh,sh
ao,aa
n,n
ae,ae
q,q
iy,iy
eh,eh
ix,ix
s,s
ix,ih
s,s
dcl,dcl
y,y
s,s
zh,sh
el,l
kcl,th
ah,ax
er,axr
r,r
ih,ih
pcl,tcl
tcl,tcl
ae,ae
r,r
gcl,n
n,tcl
ch,ch
n,n
g,d
er,axr
ow,ow
p,k
ax,r
th,s
kcl,n
z,dcl
ay,ay
r,r
aa,aa
s,s
ow,el
ao,ao
kcl,n
p,p
ng,n
ch,ch
axr,l
tcl,dcl
iy,ix
ay,ay
ae,ae
tcl,dh
r,r
jh,jh
ix,ix
ix,ix
y,y
ax,ix
ey,ey
aa,aa
ay,ay
s,s
n,bcl
kcl,kcl
kcl,kcl
ah,ae
z,s
z,sh
k,k
ah,ah
dcl,dcl
ay,ay
bcl,bcl
pcl,pcl
ae,ae
ix,ix
s,z
p,k
p,kcl
w,w
ax,ix
s,s
ah,aa
w,l
d,k
w,l
z,z
l,l
iy,y
ao,aa
er,r
iy,iy
ey,ey
pcl,tcl
ix,iy
ix,ix
m,n
ey,ey
ih,ae
hh,hh
pcl,dcl
s,s
ao,aa
el,l
dh,th
eh,eh
kcl,kcl
dh,tcl
ax,ax
l,l
ix,ix
t,t
pcl,kcl
dh,dh
dcl,k
iy,iy
aa,ao
s,s
p,p
k,k
dcl,tcl
iy,iy
z,z
ng,gcl
iy,iy
bcl,bcl
ao,ao
th,th
r,axr
q,q
ih,ih
pcl,pcl
s,s
z,s
dh,l
w,l
ax,dh
dcl,dcl
n,k
ih,ih
s,f
w,w
k,k
ao,ao
s,s
pcl,kcl
z,dcl
y,iy
iy,iy
s,s
t,t
iy,iy
n,n
iy,iy
ay,ay
l,l
bcl,bcl
sh,sh
ix,ix
eh,ay
axr,r
l,ix
dcl,v
bcl,tcl
aa,aa
aa,ao
m,m
dh,dh
ng,ng
el,l
n,n
jh,k
ix,ix
n,n
uw,uw
n,bcl
ay,ay
kcl,kcl
gcl,jh
kcl,pcl
m,w
iy,iy
nx,ix
tcl,kcl
dcl,dcl
dx,dx
ih,ix
kcl,kcl
dcl,kcl
f,f
m,en
dh,dh
ix,ix
iy,ey
m,n
kcl,kcl
iy,ix
dx,dh
v,bcl
l,tcl
tcl,tcl
iy,iy
m,n
ih,ih
oy,ao
dh,dh
z,z
ix,ix
dh,d
bcl,tcl
ng,n
bcl,pcl
s,s
pcl,pcl
l,l
s,s
y,y
ax,q
w,q
t,t
ow,ow
tcl,dcl
ih,ey
l,l
er,r
ao,ao
ch,jh
r,r
ix,ih
q,q
dh,dh
eh,eh
l,l
w,w
kcl,tcl
dcl,dcl
f,th
kcl,kcl
tcl,n
el,l
ix,ax
ax-h,p
hh,tcl
pcl,pcl
axr,axr
tcl,tcl
hv,hv
dh,p
iy,q
axr,q
oy,oy
kcl,kcl
dcl,kcl
r,r
pcl,kcl
ax,ax
m,n
r,r
s,z
axr,r
sh,sh
f,f
ih,ix
tcl,tcl
ay,ay
ae,ae
el,w
ix,ix
dx,tcl
dcl,n
ao,ao
ey,ey
ih,ax
ey,ey
ey,iy
ix,ix
n,ix
l,ax
n,n
pcl,pcl
q,q
jh,d
aa,aa
ao,ao
kcl,f
ao,ao
n,bcl
ux,iy
f,f
oy,oy
sh,sh
er,r
iy,iy
iy,iy
s,t
kcl,kcl
r,r
iy,iy
er,r
m,k
ih,ih
ih,iy
ih,er
hv,hv
w,w
s,z
ae,ae
l,l
k,p
ix,ix
l,l
axr,er
ux,ux
iy,ix
axr,axr
l,l
sh,sh
ih,ah
dh,k
dcl,dcl
s,s
ix,iy
ix,d
oy,oy
ih,ih
dcl,dcl
pcl,tcl
aa,aa
f,f
l,m
g,g
s,s
iy,ix
dh,v
l,l
s,s
bcl,m
ix,ay
dh,q
y,hv
ih,ax
dh,dh
ow,ao
sh,sh
f,s
pcl,pcl
m,m
tcl,kcl
dx,n
k,k
iy,iy
ux,ux
er,er
ae,ae
eh,ix
ix,ix
r,r
ix,r
th,tcl
q,kcl
r,r
k,t
ix,ey
s,s
ix,ix
eh,ih
ax,ix
ax,ax
v,m
ae,ae
ih,ih
eh,ae
k,k
er,aa
r,r
kcl,kcl
s,s
l,l
tcl,tcl
y,ix
r,w
l,l
dx,dx
ch,sh
w,w
ah,ao
k,p
n,n
axr,ax
jh,t
tcl,tcl
n,n
t,t
dcl,dcl
n,n
aa,aa
y,y
dh,jh
dx,dx
pcl,f
er,axr
ih,ih
bcl,gcl
gcl,bcl
s,s
f,f
dx,tcl
ax,l
el,ax
f,dh
z,s
aa,aa
sh,sh
ow,ow
hv,hv
ix,l
hv,hv
ao,aa
ax,ix
s,s
f,f
l,ax
iy,iy
dh,n
iy,ey
nx,ax
n,n
dcl,p
aa,aa
dcl,tcl
iy,n
kcl,th
uh,ah
ax-h,axr
ux,ux
uw,uw
aa,aa
n,n
bcl,bcl
ow,ow
ah,ah
r,r
k,q
kcl,pcl
w,w
gcl,gcl
m,n
r,r
dh,tcl
sh,s
ay,ay
k,k
iy,iy
tcl,bcl
g,m
hv,hv
iy,iy
l,l
ih,ih
p,k
k,t
jh,t
ay,ae
z,z
s,s
en,eh
r,r
ah,ax
er,axr
w,w
aa,aa
ey,iy
tcl,q
t,t
kcl,kcl
k,t
ih,eh
s,s
z,z
uh,ih
m,n
iy,iy
sh,sh
w,w
eh,eh
aa,r
w,w
iy,iy
ix,ix
kcl,pcl
th,pcl
s,s
sh,sh
k,k
v,v
kcl,kcl
ao,ow
dh,n
t,f
ix,ix
iy,iy
iy,iy
r,r
pcl,tcl
sh,sh
ax,r
l,l
r,n
ux,ux
en,ng
ao,ao
ow,l
g,g
en,ix
el,ax
ow,ow
ae,ae
ix,ix
s,s
ey,ay
g,dh
ix,q
w,w
w,w
ix,ix
ih,ih
ix,ix
ow,ow
ix,ix
l,l
er,er
eh,eh
l,l
ux,ux
ae,ae
tcl,tcl
kcl,kcl
m,m
aa,aa
s,s
ay,ay
sh,sh
ae,ae
r,r
t,k
q,q
n,n
gcl,gcl
ax,l
ix,ih
dx,q
s,s
ng,n
hv,hv
v,v
iy,iy
er,ae
tcl,tcl
iy,iy
m,ix
ae,eh
ey,iy
ng,ng
p,kcl
ow,ow
tcl,dcl
ih,ax
kcl,kcl
r,iy
ih,ix
hv,hv
eh,eh
aa,aa
bcl,pcl
iy,iy
v,dcl
kcl,jh
q,ey
ah,ax
ao,ao
v,n
tcl,kcl
y,iy
hh,t
tcl,kcl
hv,hh
dcl,dcl
pcl,th
p,p
r,r
m,n
iy,iy
z,ch
sh,sh
ix,ax
n,n
ix,ix
ix,ix
ax,ax
r,r
w,w
t,t
s,s
l,r
w,w
aa,r
eh,eh
t,t
dx,r
ix,ix
l,l
ay,ay
ih,ix
iy,iy
pcl,kcl
g,k
kcl,kcl
th,f
ux,ux
en,en
r,r
g,dh
q,q
t,ch
iy,iy
kcl,kcl
r,ix
r,axr
n,n
k,k
pcl,kcl
l,l
eh,ih
f,f
l,ix
aa,ao
v,v
ah,ah
el,ow
ix,ix
eh,axr
p,k
f,k
l,l
s,z
tcl,tcl
dcl,dh
ih,ux
bcl,v
k,k
tcl,bcl
k,tcl
ix,ix
g,p
ow,ow
s,s
nx,nx
s,s
eh,eh
ih,iy
pcl,pcl
tcl,tcl
hh,jh
dx,dcl
l,l
ey,iy
z,z
ae,aa
ix,ix
gcl,dcl
gcl,v
n,n
r,r
tcl,tcl
z,z
gcl,gcl
dcl,n
bcl,pcl
n,m
iy,iy
s,s
kcl,tcl
ih,ix
ix,ax
er,ae
ix,ix
ih,ih
iy,iy
l,ax
ix,iy
aa,ao
r,r
ax,ix
iy,iy
iy,iy
q,q
r,r
ix,ix
ix,ix
ae,ix
ix,ix
z,z
tcl,tcl
ao,ao
p,p
m,v
sh,sh
iy,iy
tcl,kcl
ih,iy
bcl,n
s,s
ih,ih
ix,ix
l,l
iy,iy
l,el
n,n
aa,aa
f,pcl
axr,axr
bcl,bcl
iy,iy
l,l
pcl,tcl
eh,ih
ux,ih
s,z
tcl,kcl
l,l
ow,ow
k,k
iy,iy
dcl,dcl
s,s
r,r
q,dx
l,ao
ih,l
ay,ay
q,q
dcl,dcl
r,r
m,n
r,r
m,m
hv,hv
t,p
gcl,gcl
z,z
dcl,kcl
sh,sh
er,r
ey,iy
ix,ix
l,l
z,z
th,kcl
m,dh
ix,ix
m,n
ey,ey
ih,er
n,n
axr,gcl
ix,iy
l,aw
z,s
p,p
tcl,q
l,ix
ih,axr
er,ux
jh,jh
y,iy
pcl,pcl
ix,ix
s,s
ix,ix
tcl,pcl
ix,ix
f,f
dcl,dcl
dx,dx
axr,axr
w,w
d,dh
el,el
ao,aa
r,r
p,dh
axr,r
w,w
ix,ix
tcl,pcl
ng,dh
dh,dh
q,q
z,zh
ae,ae
s,s
g,t
kcl,tcl
n,n
b,b
ow,ow
iy,iy
ix,ix
ix,ax
m,m
l,aw
m,v
kcl,tcl
th,f
dcl,q
k,k
n,n
gcl,gcl
iy,iy
ah,ae
l,l
m,m
ix,ey
ae,ae
s,s
n,n
ax-h,gcl
gcl,gcl
n,n
kcl,kcl
ih,ih
axr,axr
kcl,pcl
ow,ah
w,w
f,k
y,y
v,v
g,l
tcl,tcl
ae,ae
ae,ae
s,s
l,ow
s,s
l,l
pcl,dh
axr,r
l,l
n,n
ao,l
ao,ih
pcl,tcl
dcl,tcl
gcl,kcl
gcl,dcl
kcl,tcl
t,dh
ay,ay
ah,ah
pcl,kcl
k,k
ix,ix
k,k
ih,ix
bcl,kcl
ax,ax
uw,uw
eh,ih
l,l
jh,jh
s,s
axr,axr
ih,ih
n,n
l,r
dcl,dcl
ih,ih
q,q
ix,ix
bcl,m
s,s
aa,ae
s,s
iy,iy
axr,r
dcl,dcl
tcl,dcl
iy,iy
r,r
n,n
l,ix
ao,aa
g,dh
m,n
l,n
w,r
sh,sh
ay,ay
nx,dx
ih,ih
n,bcl
gcl,gcl
w,w
el,ao
n,n
dcl,dcl
axr,ih
dh,v
ah,ae
er,axr
s,s
d,d
er,er
tcl,tcl
ix,ix
gcl,dcl
hv,hv
er,eh
r,l
ey,ey
ih,iy
m,m
aa,ay
q,q
l,l
k,k
iy,iy
w,l
q,q
bcl,dcl
iy,iy
s,s
v,pcl
dx,r
q,dh
w,w
b,w
ow,el
dcl,dcl
el,ao
dcl,kcl
kcl,kcl
iy,iy
er,er
m,n
gcl,dcl
z,z
aa,aa
l,l
axr,r
gcl,kcl
uh,eh
ay,ay
ix,ix
r,r
w,w
r,r
kcl,kcl
ix,ix
ae,ae
ix,dcl
tcl,kcl
m,m
f,f
nx,jh
l,l
r,r
ix,ih
aa,ao
dcl,dcl
ax,ix
r,aa
n,n
bcl,bcl
tcl,tcl
ux,ux
n,n
axr,axr
bcl,bcl
s,s
ix,ix
axr,r
dh,dh
l,l
er,er
m,m
ih,axr
ix,ix
th,th
ah,aa
pcl,pcl
bcl,bcl
ae,ae
f,f
tcl,tcl
gcl,tcl
ah,ao
l,aw
n,gcl
n,n
eh,ih
ao,ao
s,s
pcl,pcl
m,n
iy,iy
ix,n
ix,ih
r,r
tcl,pcl
k,k
ow,aw
ax,l
r,r
ao,ao
ae,ae
el,ow
axr,r
ux,ey
ix,l
bcl,bcl
l,l
sh,sh
m,m
s,s
ax,ax
s,z
l,ax
y,iy
ow,ow
ay,ay
n,v
aa,aa
ax,ix
nx,n
kcl,tcl
q,q
r,r
sh,ch
gcl,n
ih,ix
tcl,tcl
ih,iy
q,m
s,s
ax,ix
ih,ix
w,l
ax,ax
dx,d
ah,ah
m,n
aa,ah
q,n
aa,aw
sh,sh
l,l
aa,ao
r,r
p,p
aa,ao
m,m
ng,dh
aa,ae
tcl,kcl
s,z
dcl,n
eh,ix
ao,w
iy,iy
tcl,kcl
dx,dx
pcl,pcl
jh,ch
t,t
f,dh
ae,ae
r,r
kcl,tcl
el,l
iy,iy
axr,r
aa,ao
aa,aw
ih,ih
q,n
r,r
aa,aa
ae,eh
ix,ix
ix,ix
n,n
sh,sh
iy,ux
r,r
th,dx
tcl,kcl
s,s
ix,iy
aa,aa
oy,ay
aw,aw
r,r
w,w
n,n
tcl,tcl
t,t
r,r
r,ix
l,l
m,n
gcl,kcl
kcl,tcl
f,f
axr,r
q,q
z,s
eh,eh
iy,iy
n,n
sh,ch
dx,d
th,m
m,n
tcl,z
m,n
ih,ih
w,w
gcl,kcl
v,s
ay,ay
aa,r
dh,dh
ow,ow
ao,ao
uw,ih
l,l
sh,sh
oy,oy
dcl,pcl
p,p
tcl,kcl
v,v
k,k
ix,ix
er,axr
eh,ao
ow,ow
ih,iy
aa,aw
dcl,dcl
eh,r
ax,ax
ao,ao
g,d
ih,ih
q,q
aa,aa
s,s
z,z
t,t
m,m
tcl,v
ux,iy
kcl,kcl
ah,ow
el,ao
dcl,dcl
hh,k
ng,m
ay,ay
w,m
ix,ix
m,n
f,f
eh,eh
w,w
z,kcl
ix,ih
ae,eh
s,s
ax,ax
eh,ix
m,n
s,s
ix,ix
ix,iy
ix,ix
pcl,kcl
ax,ax
axr,axr
f,f
n,ix
k,k
bcl,bcl
s,kcl
l,n
r,axr
axr,r
ix,ix
iy,ih
aa,aa
q,axr
ch,ch
er,axr
ey,iy
iy,ux
p,k
ao,aa
ng,n
t,f
iy,iy
m,n
iy,iy
q,q
ux,ux
ay,ae
tcl,k
ow,ow
n,n
g,dh
ay,ay
axr,r
ux,ux
ow,ow
eh,ah
ey,eh
dcl,dcl
ao,ao
z,z
ow,ow
d,t
s,s
q,q
ah,ah
sh,sh
eh,eh
uh,el
kcl,tcl
ix,v
m,r
l,l
q,q
r,axr
iy,iy
el,l
ao,ao
tcl,tcl
aa,ae
l,l
k,k
l,ah
hv,hv
f,f
t,k
q,q
ih,y
f,f
dh,s
tcl,pcl
k,tcl
l,ax
r,r
aa,ao
kcl,kcl
ae,ae
dcl,dcl
n,n
eh,r
z,s
s,s
dcl,dcl
n,n
n,n
ae,ae
z,z
axr,ux
dh,kcl
l,ix
dx,n
n,n
ng,n
ae,ae
ih,ix
m,m
ey,ey
en,n
ix,ix
s,s
ae,ae
dcl,tcl
pcl,dcl
axr,r
m,n
k,k
dh,dh
l,l
hh,hh
k,kcl
ix,ix
ae,ae
k,kcl
dx,dcl
q,q
tcl,kcl
iy,iy
gcl,dcl
dh,ix
ng,n
jh,jh
tcl,tcl
ix,ih
m,n
dh,dh
ix,iy
en,n
z,z
sh,s
dcl,bcl
el,el
t,t
pcl,pcl
ah,ah
k,k
p,p
t,f
ae,ih
ix,iy
w,l
ih,ix
f,k
ah,eh
ih,ix
iy,iy
w,ao
iy,ih
er,er
el,l
tcl,kcl
sh,s
axr,r
ay,ae
t,t
dcl,v
aa,aa
n,tcl
q,q
t,jh
ax,ax
ax,ax
tcl,kcl
eh,r
ae,ix
ix,ix
ih,iy
axr,r
ae,ae
dh,n
uh,ao
r,r
m,m
bcl,pcl
dh,z
ah,ah
pcl,kcl
f,z
t,dh
iy,ix
ix,ng
r,axr
dcl,dcl
n,n
ao,ao
bcl,bcl
ao,ao
ih,ax
ix,ix
v,bcl
l,l
r,eh
dcl,dcl
kcl,tcl
z,s
ix,ix
dh,v
n,n
y,y
iy,iy
s,s
aw,aa
ux,iy
q,q
k,tcl
ah,ah
iy,iy
bcl,pcl
aw,aw
z,s
q,q
w,l
t,t
t,t
t,p
ey,ae
s,s
ax,ax
tcl,tcl
ey,ey
dcl,tcl
tcl,kcl
aa,aa
ix,ix
iy,iy
dcl,dcl
dcl,dcl
kcl,kcl
k,k
t,t
ah,ao
ao,ao
t,t
ey,ih
r,r
er,ow
m,m
ix,ih
bcl,bcl
v,v
s,z
dh,t
axr,axr
n,n
p,k
bcl,v
dcl,kcl
l,l
ix,ix
ax,ax
ao,aa
dx,k
s,s
ow,l
ae,ae
n,m
ah,ah
s,s
sh,sh
ih,ih
ux,ux
k,k
eh,ih
ow,ow
l,w
n,n
v,v
uh,er
m,n
ih,iy
s,s
g,g
eh,r
dh,kcl
axr,r
ih,ih
tcl,dcl
ey,ey
er,er
s,s
l,l
ng,ng
f,f
ow,ow
n,n
f,f
n,n
tcl,tcl
q,m
ey,ey
ih,ix
f,f
n,v
ih,ih
tcl,tcl
l,l
v,v
eh,ae
k,k
d,jh
ay,ay
bcl,pcl
ih,ix
l,l
ax,ax
ow,ow
n,n
z,s
s,s
aa,ay
w,l
m,m
uh,q
s,s
s,s
r,iy
ao,ao
ng,m
axr,r
y,hv
r,r
s,f
ix,iy
er,axr
gcl,gcl
ng,ng
y,y
n,m
gcl,kcl
q,q
ix,ix
ux,ih
ih,axr
tcl,tcl
s,s
ix,l
t,dh
ih,l
z,s
z,s
eh,eh
k,k
ay,ay
s,s
s,s
axr,ix
z,z
v,tcl
hv,hv
aa,aa
y,iy
n,n
eh,ix
er,r
r,r
n,n
ow,ow
ay,ay
q,l
dh,tcl
sh,z
r,r
ux,ux
ih,ih
n,n
iy,n
iy,iy
nx,nx
ao,ao
kcl,kcl
v,kcl
f,f
kcl,tcl
l,l
ay,ay
m,r
nx,n
ch,ch
g,k
v,gcl
d,jh
aa,ao
uw,uw
ix,ae
m,m
g,d
dx,dcl
gcl,f
kcl,pcl
l,ao
k,k
k,k
n,n
pcl,dcl
q,q
ae,ae
k,k
eh,ae
kcl,kcl
z,z
z,z
w,w
s,s
kcl,p
n,ng
ao,ao
ay,ay
ch,s
iy,ix
ih,ix
ix,ix
ah,ax
pcl,pcl
tcl,tcl
r,l
y,iy
ey,ey
iy,ih
z,z
axr,r
kcl,tcl
aa,aa
er,axr
axr,ix
n,n
iy,ix
ix,ix
gcl,bcl
ao,ao
r,r
g,q
en,en
kcl,kcl
ix,ix
dh,p
n,n
ix,ix
ax,ax
ao,ao
er,r
l,l
ey,ey
ix,ix
hh,tcl
l,l
iy,iy
uh,q
eh,ey
ih,iy
l,l
k,k
ih,ih
dx,dx
axr,ix
bcl,bcl
l,l
n,m
ax,ax
ix,ih
l,r
aw,ae
ng,m
l,l
dh,tcl
ae,ae
tcl,pcl
q,q
ey,ey
gcl,gcl
ih,iy
kcl,tcl
ih,ih
ix,ix
ah,ax
n,m
w,l
n,n
ix,ih
q,q
dx,ix
gcl,dcl
n,n
bcl,bcl
k,ch
ey,iy
ix,ix
ax,ah
kcl,tcl
z,z
ow,ow
pcl,pcl
s,kcl
pcl,tcl
tcl,tcl
ae,ae
f,v
k,k
hh,p
uh,ih
t,t
g,k
l,l
ow,aa
m,r
ae,ae
eh,ih
iy,iy
axr,axr
ax,ix
ix,ih
kcl,pcl
d,k
k,k
ih,ix
ah,ix
axr,ih
kcl,tcl
th,dh
ao,ao
ae,aw
ih,ix
pcl,kcl
s,s
v,v
gcl,gcl
tcl,tcl
m,n
aw,aw
ax,n
ay,ay
r,r
ih,eh
ih,ih
tcl,kcl
ah,ax
ey,iy
axr,ih
ix,ih
n,m
dh,th
pcl,pcl
s,f
t,t
ey,ae
r,r
t,t
f,bcl
m,m
t,k
k,k
aa,aa
ux,iy
er,axr
t,t
eh,ix
iy,iy
ix,ix
t,t
kcl,tcl
ix,ix
ih,ih
dh,f
ix,ih
gcl,gcl
eh,r
iy,iy
ix,ix
tcl,tcl
ey,ey
dcl,tcl
dcl,dcl
iy,iy
r,r
dcl,kcl
eh,eh
n,n
gcl,v
ao,ao
r,r
l,n
k,k
iy,iy
k,k
r,r
ow,ow
l,r
eh,eh
q,ax
kcl,tcl
s,s
bcl,v
jh,sh
kcl,kcl
pcl,tcl
iy,iy
dh,dh
th,s
tcl,tcl
ux,iy
ay,ay
ao,ao
r,r
dh,dh
m,m
y,ix
er,axr
iy,iy
tcl,tcl
el,l
ix,ix
iy,iy
s,jh
k,k
s,s
dcl,dcl
iy,iy
axr,r
kcl,kcl
er,er
ih,ax
pcl,tcl
z,sh
k,p
eh,ae
v,v
tcl,tcl
q,q
gcl,gcl
s,z
bcl,dcl
kcl,kcl
ix,ix
ey,ey
iy,iy
eh,ae
bcl,bcl
ow,ow
ih,ih
n,ix
l,l
er,er
n,n
el,el
iy,iy
s,s
s,s
ah,ax
ay,ay
tcl,dh
n,en
d,t
ay,ay
k,k
oy,oy
ow,l
iy,ey
eh,ae
k,t
ix,ix
tcl,pcl
z,z
n,n
p,p
s,s
aa,aa
n,n
ay,aa
ae,ae
dh,dh
hh,hh
s,s
kcl,kcl
q,q
tcl,f
ax,ix
v,pcl
kcl,kcl
f,f
y,iy
s,s
er,axr
uw,gcl
f,f
ay,eh
v,bcl
iy,iy
axr,ix
axr,r
bcl,v
kcl,kcl
w,w
ae,ae
r,r
w,ao
s,s
ey,ey
n,n
ix,ix
kcl,kcl
el,el
kcl,kcl
bcl,bcl
s,s
ao,ao
v,th
k,k
dh,dh
n,n
axr,axr
gcl,v
ax,ah
v,bcl
d,d
kcl,tcl
v,v
kcl,tcl
s,s
r,r
aa,ao
sh,s
tcl,tcl
r,r
r,q
sh,kcl
q,q
ix,ix
eh,eh
th,f
m,r
aw,aw
r,r
pcl,pcl
q,q
l,ax
f,f
ae,aw
p,th
p,p
iy,iy
w,l
z,s
s,z
y,iy
ch,ch
ix,ix
f,f
ix,ih
z,z
z,s
ix,ix
ae,ae
dcl,tcl
aa,l
ih,ix
ax,ax
n,n
s,s
bcl,bcl
er,r
ax,ix
ih,n
ey,ey
tcl,kcl
k,k
y,y
ih,ax
kcl,kcl
q,q
r,axr
dcl,tcl
jh,jh
k,t
s,s
dx,dcl
dcl,kcl
ay,ay
ax,ix
t,t
ax,ax
f,f
axr,axr
s,s
l,n
ae,ae
ao,ao
r,r
en,n
en,ax
s,s
ay,ay
iy,iy
dcl,v
ax,en
ix,ih
ix,ix
kcl,kcl
ix,ih
ae,ae
bcl,dcl
n,n
hh,gcl
ng,ng
ux,ux
m,n
g,dh
ay,ay
el,el
tcl,tcl
jh,t
dcl,v
eh,eh
ix,ih
d,t
ih,ih
iy,iy
p,p
pcl,pcl
tcl,tcl
d,d
kcl,tcl
w,w
k,p
w,r
s,s
kcl,tcl
kcl,pcl
pcl,pcl
ng,n
ao,ao
ao,ao
ah,ao
oy,oy
w,r
ey,ey
dx,dcl
sh,ch
g,dx
ux,ix
axr,axr
ix,ix
tcl,tcl
ay,ae
axr,axr
kcl,tcl
k,k
zh,sh
n,n
ah,el
pcl,tcl
ax,l
s,s
ah,ah
th,tcl
ae,ae
pcl,kcl
pcl,f
dh,jh
axr,axr
kcl,kcl
f,pcl
ax,ax
k,k
s,s
er,ux
ih,iy
ae,ae
eh,ix
f,f
t,d
w,ng
ow,l
el,ao
l,m
f,t
l,l
f,t
r,axr
n,nx
ey,ey
th,f
hv,ix
tcl,q
s,s
er,r
iy,iy
iy,ix
ix,ix
hh,p
n,n
uh,uw
uh,ix
n,ix
s,f
t,t
s,z
kcl,pcl
w,l
gcl,gcl
l,l
y,iy
sh,sh
w,w
p,q
ix,ax
er,er
s,s
dcl,dcl
k,k
z,z
l,l
k,k
ao,ao
dh,dx
m,l
pcl,tcl
k,k
dh,dh
p,k
l,l
eh,eh
z,z
ih,iy
kcl,tcl
ih,ix
ay,ey
ax,ih
z,z
f,f
s,z
aa,ao
kcl,kcl
t,t
ae,iy
r,r
n,n
m,m
q,q
w,w
t,t
ng,ng
ux,ux
ao,ay
r,r
n,tcl
r,r
ix,ix
v,v
gcl,gcl
axr,axr
r,r
n,n
w,w
s,s
q,q
aa,aa
el,el
z,z
eh,eh
v,s
l,l
s,s
l,l
r,l
ng,n
kcl,gcl
k,tcl
n,n
hh,hv
axr,r
er,r
m,m
ao,l
m,n
tcl,tcl
sh,sh
dcl,dcl
s,sh
q,q
s,z
eh,eh
ao,ao
tcl,kcl
axr,v
w,w
w,l
ih,iy
n,n
g,l
ow,ow
eh,ae
r,r
v,v
w,w
aw,aw
tcl,tcl
t,q
aa,ao
l,l
ng,n
kcl,kcl
m,n
bcl,tcl
q,q
ay,ay
ix,ix
pcl,f
ih,ih
g,jh
s,s
eh,eh
aa,aa
pcl,tcl
ix,ih
n,n
oy,ao
ow,ow
ix,ix
ey,ey
l,ng
t,dh
ih,ih
eh,eh
ay,ay
axr,r
en,en
l,el
q,q
eh,eh
ix,ix
t,t
th,f
ae,ae
y,ix
en,jh
dcl,dcl
t,t
ix,iy
s,s
f,f
hh,hv
ow,w
dcl,dcl
bcl,bcl
ao,ao
uh,ih
iy,iy
iy,ey
axr,axr
axr,r
ix,q
ih,ih
tcl,s
k,k
aa,aa
tcl,tcl
ix,ax
eh,eh
axr,er
ey,ey
dx,dx
l,l
nx,n
bcl,bcl
ao,aa
ix,ix
ax,ax
gcl,dx
ih,ey
r,r
q,l
m,m
q,q
jh,t
el,el
ix,iy
ax,l
hv,hv
dh,tcl
w,v
ix,ax
s,s
ae,ae
p,p
aa,ah
n,dx
s,s
ey,ey
axr,axr
dcl,dcl
r,ix
k,t
kcl,kcl
aa,aa
ch,ch
ah,ah
n,n
l,l
r,r
t,jh
ae,ae
t,t
f,s
eh,eh
n,n
q,k
w,l
aa,aa
l,l
g,k
w,l
aa,aa
dh,dh
ix,ax
f,f
ae,ae
ah,ah
r,r
r,r
ae,ae
ix,ix
kcl,k
s,s
w,w
v,v
ae,ae
hv,hv
k,k
l,l
l,l
m,m
ao,ao
iy,iy
n,n
iy,iy
sh,s
hh,hh
ae,ae
n,n
s,z
z,z
iy,iy
ay,ae
er,r
p,tcl
n,m
aa,aa
n,n
bcl,n
dcl,dcl
kcl,dcl
ax,ax
ax,n
w,n
m,r
kcl,kcl
n,n
ae,ae
z,z
iy,iy
r,r
gcl,gcl
t,p
pcl,pcl
d,d
q,q
ix,ix
s,s
r,r
aa,aa
ix,ix
er,aa
y,ix
iy,iy
r,r
s,s
dh,v
sh,sh
v,tcl
ih,ix
l,l
axr,axr
ax,ix
ih,ih
f,pcl
dx,dx
f,p
n,n
gcl,dcl
ih,ih
ae,ae
axr,r
gcl,n
dcl,tcl
ux,en
ix,ix
iy,ix
sh,sh
s,s
f,f
f,f
pcl,tcl
ay,ay
ih,eh
d,k
q,q
s,s
uh,ao
w,w
er,ao
k,k
ix,ix
iy,ih
s,s
q,q
d,t
dx,nx
l,ix
iy,iy
eh,ae
iy,eh
axr,r
ow,aw
s,s
t,t
ah,ay
er,axr
bcl,dcl
iy,iy
aa,aa
kcl,tcl
z,z
bcl,bcl
n,n
gcl,ix
k,k
dcl,kcl
n,n
aa,aa
iy,ih
kcl,tcl
m,n
s,s
r,r
aa,aa
pcl,th
l,ax
ae,ae
ax,q
g,q
ih,r
er,aa
ay,ay
n,n
iy,ey
dh,dcl
aa,aa
ng,n
n,n
z,s
iy,ey
ao,aa
y,y
l,l
dcl,pcl
dcl,dcl
ng,m
s,s
n,m
ah,ah
pcl,pcl
ae,ae
ey,ey
k,k
ax,l
ow,ow
ow,en
r,q
q,k
z,s
g,dh
ih,eh
hv,hv
ow,ow
v,v
l,l
ae,ae
ay,ay
f,f
n,n
iy,iy
ax,ix
w,w
ix,ih
m,m
ao,ao
s,s
tcl,tcl
ux,ux
ix,ix
ix,ix
ae,ae
s,s
iy,iy
el,l
l,l
kcl,kcl
eh,ix
sh,z
iy,iy
sh,sh
ao,ao
ix,ix
ow,ao
er,ae
w,w
axr,axr
sh,sh
v,v
v,v
ey,ey
bcl,bcl
r,r
ax,ix
ah,ao
bcl,bcl
l,l
kcl,pcl
w,w
m,m
tcl,tcl
iy,iy
s,z
m,n
z,s
r,r
bcl,gcl
n,n
ch,ch
ah,r
s,s
r,r
pcl,pcl
l,l
w,w
dcl,bcl
tcl,tcl
dx,dcl
ax,ax
dcl,tcl
er,ah
w,l
s,s
tcl,pcl
bcl,dcl
dh,tcl
hh,hh
w,w
iy,iy
tcl,tcl
n,n
n,n
dcl,dcl
axr,axr
z,s
n,n
axr,r
w,w
iy,iy
s,t
s,s
t,gcl
ax,ax
w,w
dh,dh
l,er
dcl,dcl
ux,uw
ah,l
ux,iy
s,s
aa,ao
r,ix
ah,aa
jh,jh
q,tcl
ah,ae
aa,ao
tcl,dcl
n,n
r,l
n,n
eh,ix
dx,dx
ih,ix
k,k
axr,axr
iy,iy
l,l
z,z
s,s
t,t
ix,ix
axr,r
ae,ae
iy,ix
k,hh
p,p
kcl,dcl
kcl,kcl
iy,iy
ix,ix
m,m
pcl,tcl
bcl,bcl
n,tcl
kcl,kcl
r,r
ae,ae
iy,iy
r,axr
q,q
en,n
er,r
n,n
ow,ao
f,f
z,tcl
y,y
axr,r
w,ax
hv,hv
t,t
tcl,kcl
eh,ih
l,l
y,ih
er,r
s,s
m,n
ao,w
ih,ix
uh,ah
dh,dcl
eh,ah
oy,oy
aa,aa
axr,axr
k,k
axr,r
zh,zh
aa,ao
ae,ae
ao,ao
iy,iy
ix,l
r,r
r,r
dcl,gcl
n,n
ao,ao
k,t
axr,axr
m,m
s,s
kcl,s
dh,v
aa,aa
ix,ix
r,ao
ix,iy
axr,axr
ix,ix
ix,ix
tcl,pcl
aa,aa
ao,l
t,t
ix,ix
ay,ay
ih,ey
ay,ay
kcl,pcl
axr,r
ch,sh
ix,ih
t,t
ah,aa
k,k
l,l
k,k
w,w
dx,dx
ey,ih
dcl,tcl
pcl,bcl
ae,ae
gcl,ix
sh,sh
ih,ih
kcl,kcl
r,r
eh,eh
tcl,tcl
s,s
z,s
ae,ae
pcl,tcl
k,k
iy,iy
dx,n
ih,ih
hv,hv
t,t
k,k
ix,ix
z,z
v,v
iy,iy
n,n
m,n
ih,ih
t,s
gcl,dcl
axr,axr
dcl,w
ax,dh
uw,ix
tcl,tcl
s,z
ih,ah
bcl,tcl
ae,eh
ux,iy
ay,ay
gcl,n
ng,n
dcl,tcl
dh,dh
z,z
tcl,tcl
dcl,n
iy,iy
ae,ae
s,s
p,b
m,n
s,s
q,q
r,ix
ax,ax
ao,ao
r,r
ix,ix
iy,iy
n,n
ao,ao
kcl,kcl
s,s
k,k
q,q
k,k
eh,eh
dcl,dcl
l,l
th,s
d,d
pcl,tcl
n,n
er,axr
f,f
axr,r
en,m
uh,el
t,t
ey,ey
dcl,z
t,t
n,n
ae,eh
r,r
s,s
axr,r
eh,ae
n,q
ix,ix
k,k
ih,iy
p,k
sh,sh
s,ch
z,z
ax,axr
eh,iy
ih,ix
y,y
ae,ae
tcl,tcl
eh,er
uh,eh
v,v
w,w
q,bcl
ix,axr
l,l
l,l
gcl,gcl
tcl,tcl
ih,ix
t,t
ey,ey
uw,uw
ih,eh
iy,ih
s,s
n,n
ao,ao
er,er
m,bcl
iy,iy
ux,ux
t,t
en,n
tcl,pcl
ix,ix
uh,ix
aa,aa
m,n
ae,ae
hh,hh
pcl,bcl
s,s
ax,l
ax,ax
sh,sh
ix,ih
s,s
axr,axr
dcl,dcl
kcl,kcl
axr,r
ao,ao
dcl,tcl
s,s
bcl,dcl
n,m
n,n
r,r
ey,r
dcl,gcl
ah,eh
ow,el
ix,ix
r,r
z,n
n,n
ae,ae
r,r
axr,ix
ih,iy
p,k
tcl,kcl
axr,r
dcl,gcl
z,z
ay,aa
zh,zh
iy,iy
ng,hv
s,s
s,s
z,z
tcl,tcl
ay,ay
ch,ch
ae,ae
dcl,dcl
ax,v
q,q
ey,ey
ey,ey
ix,ax
ix,ax
dcl,dcl
f,f
k,d
iy,iy
n,n
iy,iy
dcl,f
v,v
s,s
n,n
q,q
ux,n
m,n
ow,ow
ao,ao
ey,ey
d,t
iy,iy
gcl,tcl
iy,ux
k,k
k,k
ae,ae
z,z
aa,aa
ix,ix
d,g
ix,ix
ax,ax
s,s
z,z
q,v
ix,ix
aw,aw
ay,aa
n,n
iy,iy
m,dcl
m,m
m,m
v,l
z,z
kcl,kcl
axr,r
ao,ao
q,q
eh,eh
axr,axr
n,n
n,n
ix,ix
ay,ay
eh,ih
v,n
eh,eh
iy,iy
s,s
dh,dh
ax,r
ch,sh
l,n
iy,iy
ix,ih
el,ix
l,l
hh,p
ae,eh
p,p
ix,iy
ih,ih
s,s
ix,ix
ao,q
s,s
ix,ih
dh,ix
aw,aw
ix,ih
kcl,tcl
ix,ix
ix,ix
w,w
dx,g
ao,r
n,q
n,n
ih,eh
r,r
s,s
ix,iy
ah,aa
ax,dh
kcl,tcl
ae,iy
ow,ow
kcl,tcl
iy,iy
axr,ix
l,l
tcl,tcl
eh,ay
s,s
z,s
r,ix
kcl,pcl
pcl,kcl
q,ao
bcl,bcl
n,n
ix,ix
t,p
ao,ow
t,t
y,ix
bcl,bcl
k,p
dx,jh
ih,ix
n,n
oy,oy
en,axr
n,n
ax-h,ix
axr,axr
iy,iy
ux,ih
ng,tcl
pcl,pcl
n,n
iy,iy
dh,dh
aa,aa
dx,dx
f,f
f,hh
s,s
dcl,dcl
d,tcl
ae,ae
dcl,dcl
k,t
bcl,v
kcl,kcl
ow,aw
ay,ay
ux,ix
ch,ch
dcl,dcl
n,n
r,r
l,w
l,l
dcl,kcl
axr,r
l,l
ey,ey
ix,r
dcl,dcl
tcl,tcl
l,el
s,s
iy,q
n,r
tcl,kcl
ow,ao
s,s
t,t
tcl,tcl
kcl,tcl
k,k
r,r
dcl,dcl
ih,ih
z,z
aa,ao
r,r
ao,w
n,tcl
w,w
z,dcl
m,m
r,iy
ah,eh
z,z
t,s
r,r
ix,ix
t,dh
r,r
iy,ix
dx,dx
g,ax
tcl,q
ao,ao
ey,ey
tcl,pcl
l,ax
eh,ey
k,th
l,l
eh,ix
ao,l
ih,ih
ix,ih
w,w
iy,iy
gcl,ng
dx,ax
q,q
dcl,dcl
axr,axr
oy,ih
kcl,kcl
w,w
s,s
ao,ao
iy,iy
v,ix
m,w
iy,ih
t,ch
f,f
f,f
gcl,gcl
dcl,dcl
s,s
k,k
kcl,kcl
f,f
aa,aa
ix,l
ay,ae
s,s
k,k
ah,ix
ah,l
ih,ix
s,s
m,v
ao,ao
ey,ey
z,s
bcl,tcl
eh,iy
l,l
q,l
k,k
w,w
t,t
l,l
axr,r
ix,ix
l,l
kcl,q
l,l
k,k
aa,aa
z,jh
t,t
ax,ax
ih,ix
q,q
q,ix
m,m
ah,eh
eh,r
aa,aa
gcl,tcl
hh,s
ah,ax
ao,ao
n,n
iy,iy
pcl,pcl
sh,sh
m,n
s,s
f,f
ix,ix
ae,ae
k,k
r,l
ih,ix
f,f
l,gcl
ix,ix
ae,ey
r,r
s,s
q,q
k,k
ix,iy
ey,eh
kcl,kcl
eh,l
ow,ow
iy,iy
dcl,jh
iy,iy
ao,ao
er,axr
dh,dcl
dx,dx
gcl,n
ix,ix
ow,ow
ah,ah
sh,sh
v,v
ao,ao
z,z
dcl,pcl
ax,ax
r,r
r,r
gcl,dh
k,tcl
kcl,dh
tcl,kcl
q,el
r,r
er,axr
p,k
dcl,dcl
uh,l
er,axr
y,ih
d,k
pcl,pcl
hv,hv
dx,ix
ih,ix
ay,ay
aa,aa
f,f
ix,ix
s,s
dcl,tcl
dh,dh
ow,ao
ao,ao
v,nx
dcl,n
l,l
l,l
en,n
r,r
ch,ch
b,jh
f,tcl
ix,ix
z,z
v,s
ih,ih
f,f
kcl,kcl
l,l
gcl,kcl
ax,ax
ay,ay
iy,iy
d,d
ix,ix
gcl,gcl
g,kcl
tcl,tcl
n,n
n,q
sh,sh
y,y
ng,el
gcl,dcl
w,l
hh,k
gcl,gcl
eh,ix
s,s
ng,n
q,q
jh,jh
ux,ix
y,y
r,r
dx,dx
ao,ao
el,el
s,s
ah,eh
s,s
ux,ix
oy,ao
r,r
ch,t
k,d
n,r
iy,iy
r,v
s,s
m,n
f,f
r,r
w,m
k,k
r,r
y,iy
k,k
ow,ow
r,ae
p,k
aa,ao
aa,ao
dh,l
axr,ix
r,r
ey,ey
bcl,m
l,q
ux,ux
gcl,v
iy,iy
s,s
ax,ix
m,m
s,s
el,ao
ae,ae
kcl,kcl
s,s
kcl,dcl
eh,ih
kcl,kcl
t,k
dcl,tcl
kcl,pcl
p,p
k,k
dh,dh
ix,r
tcl,n
g,k
pcl,kcl
g,dh
ao,l
f,p
axr,r
ih,iy
ae,ae
gcl,dcl
aa,aw
r,l
th,q
jh,sh
r,r
ng,n
s,s
sh,ch
nx,dh
iy,iy
p,t
tcl,pcl
z,s
ih,iy
n,m
r,r
ey,ey
t,t
r,r
q,w
f,dh
iy,iy
n,nx
tcl,tcl
hv,hv
m,m
l,n
dcl,dcl
t,t
ih,ey
l,ix
r,r
kcl,kcl
ae,eh
axr,r
ao,ao
t,tcl
kcl,kcl
eh,ix
ey,ih
r,r
q,w
pcl,tcl
s,s
tcl,tcl
sh,sh
axr,axr
pcl,tcl
ax,ix
ix,ix
ay,ay
l,gcl
g,q
v,v
pcl,tcl
ae,ae
ah,r
r,r
q,hv
ae,ae
ix,ix
dcl,n
s,s
iy,iy
s,s
t,t
l,w
pcl,pcl
s,s
oy,oy
s,s
dx,dcl
n,n
n,n
er,er
ey,ey
ow,ow
n,n
r,r
er,axr
p,k
ey,ix
tcl,tcl
ae,ay
aa,aa
aa,aa
z,s
ax,axr
r,r
iy,iy
t,q
k,k
n,n
ix,l
n,m
l,l
ix,ih
pcl,pcl
tcl,s
ae,ae
el,w
aa,aa
r,r
el,ow
q,ix
p,p
ax,eh
r,l
en,n
l,ix
pcl,f
tcl,pcl
d,t
ih,ih
k,k
ix,n
ao,ao
b,p
pcl,dcl
ow,ow
r,r
r,r
s,s
pcl,pcl
ih,ih
uw,el
sh,f
b,n
m,m
pcl,pcl
f,f
ao,ao
tcl,th
oy,ao
pcl,tcl
ax-h,tcl
ih,ix
ix,ix
n,n
r,l
r,r
s,s
ix,ix
ix,n
hv,hh
iy,iy
axr,axr
er,r
kcl,tcl
eh,eh
ao,ao
dx,dx
f,f
n,k
tcl,dcl
n,n
k,k
hv,v
m,ng
ih,ih
f,f
ax-h,dcl
y,iy
ix,r
ax,ix
tcl,tcl
ow,ow
dcl,dx
ix,r
r,r
m,v
dx,dcl
k,dh
m,m
ay,aa
l,l
m,n
l,l
iy,iy
ay,ay
k,p
aa,ao
tcl,kcl
ix,ix
gcl,n
dx,dx
n,n
nx,nx
iy,iy
k,tcl
t,k
v,v
y,iy
ix,ix
ow,el
s,s
ix,ix
k,f
w,w
r,r
t,k
axr,axr
z,z
en,n
ay,ae
ao,ao
ah,ae
y,iy
en,r
f,kcl
ux,ix
ix,ix
dh,dh
p,p
ey,ey
w,w
sh,sh
t,t
gcl,gcl
r,r
ux,ix
z,z
ae,ae
ux,n
bcl,n
y,y
dx,n
r,aa
r,r
ah,ao
eh,ix
ax,ax
jh,ch
p,k
hv,r
aa,aa
n,m
ix,ax
sh,s
q,q
m,l
ay,ay
y,iy
n,n
f,f
v,z
eh,ix
hh,p
l,l
q,q
ux,r
ao,ow
k,k
ih,ih
ix,n
jh,k
th,th
dh,ix
kcl,pcl
ix,ix
m,n
r,r
v,gcl
eh,ae
eh,eh
ng,n
n,n
s,s
iy,iy
m,m
ax,ix
ao,ao
t,d
q,q
ey,ey
kcl,tcl
t,t
gcl,n
t,t
n,n
dh,t
m,n
v,v
r,r
tcl,tcl
dcl,tcl
ow,ow
axr,axr
ix,r
eh,eh
s,f
s,s
z,z
l,uw
v,v
ow,ow
dcl,dcl
g,k
ow,ey
iy,gcl
l,l
aa,aa
ay,ay
ix,ix
sh,sh
iy,iy
ey,ey
iy,iy
er,er
iy,iy
ax,ix
ah,ax
ax,ix
ah,ao
f,f
r,eh
eh,eh
ix,ix
s,t
p,p
gcl,tcl
ey,ey
g,k
ah,aa
l,l
kcl,kcl
r,r
ay,ae
k,k
ix,ax
aa,aa
r,r
ao,ao
n,n
ow,ao
dh,n
eh,ih
n,n
dcl,bcl
m,n
w,w
dcl,dcl
m,m
dx,d
m,n
n,n
s,s
dcl,dcl
l,z
sh,sh
ao,axr
f,v
kcl,kcl
axr,er
m,m
er,ax
r,r
dcl,dcl
ay,ay
axr,r
s,s
ae,ae
aa,ao
kcl,kcl
eh,ey
s,s
ih,iy
ih,ih
ix,ix
s,s
bcl,bcl
iy,iy
jh,k
z,s
y,y
eh,r
pcl,tcl
hv,v
t,t
ix,ix
sh,sh
axr,r
pcl,pcl
iy,iy
m,n
er,axr
w,w
er,er
axr,r
ix,dx
ih,ih
p,kcl
bcl,kcl
ao,ao
oy,oy
tcl,tcl
dx,dcl
m,m
ix,ix
ae,ae
n,n
iy,iy
q,q
iy,ix
er,ae
b,p
dcl,bcl
m,l
axr,r
k,q
s,s
eh,eh
ae,ae
axr,r
dcl,tcl
q,q
z,t
f,bcl
hh,p
aa,q
tcl,dcl
el,el
ih,r
z,s
y,y
n,n
ae,ae
k,kcl
f,f
k,t
k,th
y,y
ae,ae
gcl,gcl
iy,iy
dcl,dcl
g,k
f,f
n,n
ah,ah
dx,g
dcl,dcl
ix,ix
l,l
tcl,tcl
sh,s
hv,n
ah,ah
ix,iy
iy,iy
er,ao
ah,ax
r,r
ax,ax
n,tcl
iy,iy
ey,ey
er,r
ao,ao
z,v
ix,ix
l,l
zh,sh
m,m
pcl,pcl
dx,dx
iy,iy
t,k
k,k
w,w
bcl,bcl
ih,iy
iy,y
ae,ae
ey,iy
ax,el
iy,iy
s,f
jh,ch
l,ax
tcl,kcl
l,l
q,q
k,k
k,k
iy,iy
tcl,k
ae,hv
r,r
r,r
pcl,pcl
n,n
aw,ao
q,q
ow,ow
ix,ix
ah,aw
r,r
v,v
ae,ae
ey,ey
iy,iy
ix,n
k,k
dcl,tcl
m,m
axr,ey
ae,ae
s,s
s,s
iy,ix
tcl,kcl
w,w
p,t
ae,ae
w,w
zh,zh
ix,ih
ix,dh
en,en
sh,sh
l,l
l,el
y,ih
w,w
s,s
q,q
ix,l
ah,aa
dx,tcl
axr,axr
axr,ao
eh,axr
iy,iy
q,q
n,ix
r,ix
ao,ao
aa,aa
f,f
ux,ux
dcl,ix
y,iy
ae,ae
m,n
s,s
axr,ax
z,z
f,f
sh,s
ae,ae
ix,ax
l,m
ao,ao
uh,ow
ow,l
iy,iy
r,r
ix,ix
d,p
s,t
ay,aa
eh,eh
q,kcl
w,w
ih,ix
ae,ae
l,l
l,l
ih,r
dh,dh
q,q
q,q
w,w
ax,ah
n,n
ix,ix
r,r
pcl,tcl
l,w
y,iy
eh,eh
nx,n
bcl,bcl
s,ch
ng,n
n,tcl
b,t
f,f
eh,eh
ih,ae
l,n
q,q
iy,ix
kcl,kcl
axr,ix
s,s
ix,ix
r,r
m,m
s,s
pcl,tcl
s,s
ey,iy
ae,ae
aa,aa
ae,ae
kcl,kcl
ix,r
ow,ao
ax,ax
p,d
k,k
ih,iy
pcl,kcl
hh,hv
m,m
eh,r
iy,iy
iy,iy
pcl,pcl
s,s
n,n
ix,dh
ax,eh
el,ao
iy,iy
ah,ao
gcl,kcl
m,n
m,n
axr,axr
v,v
tcl,d
ix,ix
dx,dx
eh,eh
y,y
ay,ay
y,y
er,axr
r,l
sh,s
t,t
tcl,tcl
n,n
ah,ae
ey,ey
ax,r
l,l
eh,eh
k,t
s,s
en,n
z,z
aa,ao
gcl,gcl
f,pcl
q,q
iy,iy
v,l
tcl,dcl
v,v
q,q
oy,oy
q,q
kcl,kcl
w,l
eh,eh
aa,aa
ah,l
kcl,tcl
axr,r
ix,ix
ae,ey
m,n
axr,r
ay,ay
z,s
s,s
w,w
f,f
ao,ao
aa,aa
eh,ae
n,n
dx,d
eh,eh
oy,oy
ey,ey
f,f
s,s
sh,sh
dh,v
hv,hv
aa,ao
f,f
q,q
aw,aw
eh,ih
sh,s
dh,tcl
ay,ay
ix,ih
eh,ix
iy,iy
iy,ih
p,k
axr,axr
ng,ng
w,w
kcl,gcl
r,r
iy,iy
d,jh
iy,hv
eh,ih
kcl,kcl
n,n
n,n
q,q
er,axr
ah,ax
t,k
n,n
tcl,kcl
gcl,n
n,n
s,s
v,v
eh,q
l,el
kcl,tcl
p,p
dcl,tcl
d,t
kcl,kcl
k,d
iy,iy
tcl,dcl
t,t
p,k
ae,eh
axr,axr
f,f
kcl,kcl
axr,ix
r,r
m,n
jh,t
ax,n
r,w
b,dh
er,r
l,l
dcl,tcl
dx,k
l,l
dcl,pcl
r,r
y,iy
iy,y
ih,ey
w,w
z,z
n,n
tcl,pcl
iy,ay
axr,er
m,n
dh,dh
r,r
p,p
s,s
ae,ae
ix,ix
t,d
p,kcl
kcl,tcl
q,ix
s,s
axr,r
t,q
s,s
k,t
dh,t
r,r
jh,s
n,n
gcl,bcl
eh,ax
kcl,kcl
q,q
ih,ih
f,pcl
ah,l
tcl,tcl
axr,r
r,r
n,m
ay,ay
eh,ae
axr,axr
iy,iy
ay,ay
n,n
l,ao
k,k
zh,jh
ih,iy
eh,ix
g,k
ux,ih
dcl,dcl
hh,hh
m,m
g,dh
p,k
aa,ao
dcl,bcl
aw,ay
ey,ey
nx,n
m,m
s,s
axr,r
tcl,k
er,axr
hv,hv
axr,v
dcl,tcl
m,m
ax,r
r,ao
hh,p
ax,ix
uh,eh
eh,eh
t,t
k,k
tcl,q
l,l
iy,iy
sh,sh
ih,ih
ax,ax
ah,eh
s,s
z,s
tcl,tcl
l,l
sh,sh
dx,dx
ah,aa
gcl,ix
v,v
sh,sh
l,l
t,t
ih,iy
ao,ow
ay,ay
l,l
v,v
ng,n
f,f
r,r
aa,aa
n,n
ow,ow
ux,ux
l,l
y,y
dx,ix
tcl,kcl
jh,z
axr,axr
q,q
q,q
ow,eh
eh,eh
hv,iy
ah,ae
k,k
ae,eh
q,q
s,s
gcl,tcl
ay,ay
dcl,ix
p,p
r,r
aa,aa
ae,ae
gcl,dcl
r,r
ix,ih
ay,ay
er,axr
dcl,dcl
aa,ae
g,nx
hv,hv
kcl,w
z,s
ah,ah
kcl,pcl
zh,jh
r,r
w,ao
ao,ao
gcl,n
ih,ih
aa,aa
er,er
el,w
n,tcl
dcl,dx
tcl,kcl
el,el
en,n
tcl,kcl
th,q
f,f
k,k
kcl,tcl
ay,aa
iy,iy
axr,ux
iy,iy
s,s
ng,m
tcl,tcl
tcl,dcl
f,f
ih,ih
tcl,tcl
ow,l
aa,aa
eh,ih
ah,ae
axr,axr
axr,axr
ih,ix
ix,ix
iy,ey
ix,ix
aw,ao
ay,aa
el,ow
k,k
w,l
kcl,kcl
ix,ax
l,l
jh,ch
s,s
ax,ix
n,n
m,bcl
ah,axr
aa,aa
ao,ao
er,r
ax,ix
th,tcl
r,r
ae,ae
r,r
s,s
ow,uw
aw,aw
g,r
z,s
ix,ix
s,sh
n,dh
iy,iy
ey,ey
hh,hv
er,r
ih,ih
ae,ay
w,w
eh,ah
r,r
m,n
aa,aa
l,l
eh,ow
aa,ay
uh,ax
p,p
ae,eh
l,l
kcl,kcl
l,ax
ae,ae
sh,sh
w,w
f,f
ix,ix
ux,ux
t,t
ow,ow
ix,ix
t,t
dcl,tcl
w,w
r,r
ix,ix
ow,el
dh,r
k,k
ih,ix
aa,ae
ix,ix
sh,sh
m,n
ah,axr
r,r
iy,iy
r,l
s,s
g,k
iy,iy
el,w
t,t
uh,aw
ao,ay
iy,iy
f,f
z,f
pcl,pcl
q,ix
p,kcl
dx,dx
w,w
n,n
ih,ih
ax,ax
dcl,kcl
eh,ow
t,d
eh,eh
q,ix
bcl,dh
m,n
ix,r
nx,dx
l,n
ix,ix
ae,ae
ix,ix
iy,iy
ch,jh
l,l
ae,ey
s,s
r,r
ey,ey
r,r
q,y
ay,ae
r,r
r,r
ae,eh
dcl,dcl
iy,iy
s,s
r,ix
k,k
s,s
dh,q
n,n
ow,ah
s,f
r,g
z,s
n,iy
pcl,ng
m,en
hh,hh
er,er
l,l
p,d
d,t
ix,ix
tcl,tcl
ay,ey
ao,ao
r,r
ah,ah
n,n
eh,eh
kcl,bcl
m,m
ay,ay
w,w
kcl,kcl
r,r
kcl,pcl
iy,iy
sh,s
n,n
k,k
w,w
ay,ay
ah,ix
z,z
dx,r
iy,iy
sh,sh
kcl,kcl
q,tcl
bcl,l
iy,iy
th,f
tcl,tcl
tcl,k
r,r
f,f
pcl,pcl
t,k
axr,r
p,k
r,r
r,r
ao,aa
r,r
dh,d
jh,jh
ix,ix
er,r
r,r
ix,ix
k,k
iy,iy
n,n
ax,r
tcl,kcl
w,r
s,s
ah,ax
p,jh
ao,aa
ey,ey
sh,sh
v,v
aa,aa
ah,eh
r,r
z,t
k,p
kcl,tcl
s,s
ah,ah
ah,ao
kcl,tcl
ao,ao
iy,iy
k,s
tcl,tcl
w,l
s,s
hv,q
iy,iy
iy,iy
bcl,n
ih,ix
eh,ix
dcl,dcl
ux,ux
m,r
gcl,gcl
m,n
ax,r
ix,dx
s,t
kcl,tcl
ae,ae
l,l
aa,er
z,z
axr,axr
tcl,pcl
gcl,dcl
tcl,tcl
p,k
n,n
aa,ao
eh,eh
kcl,dcl
n,ix
axr,axr
axr,ix
ay,ay
gcl,n
m,n
ux,ux
sh,s
r,axr
ix,ax
m,m
gcl,gcl
iy,iy
n,axr
dx,dh
pcl,dcl
n,ng
r,r
p,p
ow,ow
r,r
ch,sh
ih,ih
w,w
ao,m
ax,ax
ih,ix
ix,iy
ax,ix
iy,iy
ix,ix
ix,ih
iy,iy
r,r
t,z
aw,aw
v,bcl
ao,ao
er,axr
iy,iy
hv,hv
k,k
t,d
dh,n
k,k
t,dh
tcl,tcl
iy,iy
tcl,tcl
ax-h,z
ow,el
iy,ux
sh,sh
k,k
z,s
dcl,dx
iy,iy
nx,nx
ax,l
ow,ow
ao,r
ix,ix
iy,iy
s,k
kcl,kcl
m,m
m,ax
iy,iy
v,v
r,r
jh,jh
jh,jh
bcl,bcl
eh,ae
pcl,tcl
n,n
dcl,dcl
n,n
v,l
ix,n
q,q
z,z
d,t
ey,ih
hv,hv
w,w
ax,ax
q,dx
dh,dcl
v,v
l,l
ax,ax
n,n
dh,dh
axr,r
g,dx
n,n
v,v
l,l
pcl,pcl
r,r
kcl,gcl
axr,q
r,r
w,w
m,n
n,n
r,r
l,ax
gcl,gcl
gcl,tcl
aa,aa
s,s
ae,ae
z,z
oy,oy
r,r
iy,iy
n,n
ow,ow
ih,ix
s,s
ay,ae
ae,ae
m,m
kcl,kcl
r,r
aa,ao
iy,iy
m,n
jh,k
eh,ae
kcl,kcl
ow,ow
n,l
kcl,kcl
sh,sh
ah,ix
tcl,tcl
w,w
pcl,pcl
z,z
m,n
ae,ae
l,l
s,s
f,f
pcl,dh
ay,aa
dcl,dcl
g,k
kcl,tcl
pcl,tcl
ix,ix
iy,ng
ow,ow
s,s
bcl,n
ih,r
l,l
ax,r
ix,ix
iy,q
ey,ey
ux,ih
ae,ae
th,f
s,s
ng,n
eh,ah
m,n
ux,ux
iy,iy
m,m
s,s
m,v
ow,ow
ah,ae
s,s
aa,r
ae,ax
l,l
t,t
ae,ae
dcl,dcl
tcl,tcl
ax,r
l,n
iy,n
ax,l
ih,iy
l,l
r,r
ax,ax
n,n
ih,ey
n,n
s,s
iy,iy
l,l
gcl,gcl
f,f
s,z
dcl,p
gcl,n
v,z
n,n
r,r
d,jh
tcl,tcl
iy,q
ax,r
r,r
hv,p
s,s
w,l
n,m
z,z
axr,axr
sh,sh
eh,r
r,ax
oy,oy
ax,ax
f,f
hv,hv
k,k
hh,hv
tcl,pcl
ah,ah
ih,ix
n,tcl
ae,aa
r,r
k,k
ax,ix
oy,oy
tcl,kcl
r,l
ih,ix
ax,dx
n,n
ow,l
ah,aa
ix,iy
z,dcl
w,w
ey,ey
r,r
dh,k
z,z
axr,r
jh,jh
iy,iy
iy,iy
l,el
n,n
ah,eh
ow,ow
ax,r
ix,ix
n,n
q,ax
l,l
hv,hv
ax,ax
er,axr
ae,ih
axr,axr
sh,s
ix,r
eh,ih
kcl,d
tcl,tcl
dx,ix
eh,r
dcl,tcl
iy,iy
ax,l
ao,aa
ao,ao
aw,ae
axr,axr
ay,ay
jh,zh
ix,ix
axr,r
ow,ow
iy,iy
kcl,gcl
n,nx
nx,dx
t,t
ey,iy
q,q
s,s
ah,ix
dcl,gcl
ay,ay
dcl,dcl
tcl,tcl
n,n
ao,ao
ih,ah
eh,l
ax,w
r,r
l,l
t,t
er,er
gcl,n
ux,ux
iy,iy
ae,ae
kcl,tcl
y,ih
tcl,tcl
w,r
ix,w
ax,l
eh,ix
th,tcl
dh,tcl
q,q
p,k
dcl,dcl
eh,eh
f,v
ah,ao
sh,sh
n,dcl
kcl,kcl
hv,hv
axr,r
aa,aa
w,ng
ae,ae
aa,aa
ae,aw
v,q
n,n
f,p
sh,sh
axr,axr
m,n
sh,sh
r,q
ah,ax
ng,n
l,l
pcl,tcl
ey,ey
ix,ux
w,w
tcl,kcl
er,axr
tcl,n
ax,ih
dh,v
axr,iy
q,q
ux,iy
n,n
iy,ey
ax,ix
s,s
ow,l
r,ix
kcl,tcl
ah,ah
ng,n
s,s
ux,iy
kcl,tcl
n,n
tcl,tcl
ae,ae
w,n
ix,iy
m,iy
s,s
ae,ae
w,w
kcl,pcl
tcl,kcl
ao,ao
q,axr
eh,ix
k,ch
iy,iy
w,w
k,k
t,t
eh,ae
ix,ix
l,l
t,k
ow,ao
ae,ae
ae,ae
ae,ae
iy,iy
iy,iy
sh,sh
r,r
ng,n
z,z
f,q
r,r
sh,sh
w,w
q,q
k,k
l,l
pcl,kcl
ax,ax
gcl,tcl
ix,ax
r,v
l,el
ah,ax
ao,ao
m,n
n,n
n,n
dcl,dcl
aa,aa
w,l
th,s
v,pcl
s,s
q,q
ch,t
ay,ao
t,tcl
q,tcl
s,s
g,k
s,s
tcl,bcl
ng,w
ih,ih
ao,ao
iy,ix
ao,aa
kcl,kcl
z,z
jh,iy
m,m
ix,ix
n,n
tcl,tcl
n,n
ao,q
ix,ix
r,r
el,el
q,q
w,q
iy,iy
k,q
pcl,pcl
t,g
m,m
v,v
bcl,n
nx,hv
ey,ey
r,axr
eh,ae
tcl,kcl
ah,ay
ay,ay
ix,l
r,r
axr,r
s,s
ae,ae
n,k
dcl,v
k,k
iy,ih
ao,ao
aa,aa
ix,ax
th,kcl
oy,oy
v,z
ao,ao
s,s
l,l
jh,ch
ax,r
ih,ih
tcl,tcl
k,k
ix,ix
eh,ih
f,f
jh,ch
n,n
iy,iy
pcl,tcl
z,s
l,l
n,n
t,t
iy,iy
s,s
pcl,pcl
tcl,kcl
t,k
w,ao
d,dh
t,t
ix,eh
s,z
ih,ux
ao,ao
ao,ao
n,n
axr,axr
kcl,tcl
t,t
b,k
aa,ao
v,v
ih,ih
l,ao
eh,eh
m,n
ix,ix
n,n
ae,ae
g,tcl
ih,ae
b,r
aa,l
gcl,gcl
ih,ih
pcl,tcl
ix,n
dcl,dcl
f,f
s,s
ix,ix
aa,aa
ix,ix
t,t
n,n
k,k
axr,axr
v,v
dh,t
s,s
m,m
uw,iy
t,k
v,dh
m,m
w,q
ix,iy
iy,iy
ae,ae
f,f
r,r
axr,iy
axr,axr
er,er
ax,ax
tcl,pcl
tcl,bcl
z,z
sh,sh
kcl,tcl
hv,hv
ax,ax
n,r
ay,ae
dx,n
ix,ix
ih,ih
dx,dcl
ao,ao
ae,eh
ax,ix
l,l
iy,ey
ix,ix
g,k
v,v
l,dh
n,ng
n,n
dcl,tcl
tcl,tcl
tcl,kcl
eh,ax
iy,iy
iy,iy
ae,ae
l,l
kcl,kcl
axr,ix
gcl,dcl
aw,l
r,r
r,r
iy,iy
y,iy
eh,eh
r,r
m,m
hv,hv
l,l
ix,ix
t,t
dx,dcl
r,r
bcl,dcl
v,ax
eh,ix
w,l
ey,ih
sh,sh
axr,r
tcl,f
aa,aa
d,t
tcl,tcl
d,d
ih,m
aa,ae
n,n
p,p
gcl,n
t,t
q,q
l,l
p,k
tcl,tcl
ix,ix
m,m
ix,ix
gcl,gcl
tcl,tcl
ax,l
kcl,kcl
bcl,bcl
s,s
ux,uw
aa,aa
n,dcl
k,k
iy,iy
l,l
f,f
iy,iy
bcl,n
ay,aa
s,s
s,s
r,l
tcl,tcl
f,f
el,ao
ix,ix
ah,ax
v,tcl
ah,r
ao,ao
ch,ch
tcl,tcl
m,m
n,n
r,q
ah,aw
ax,ax
tcl,tcl
ix,ix
iy,iy
z,s
tcl,tcl
r,r
l,l
t,t
r,r
iy,iy
ax,ax
sh,sh
m,m
eh,ae
oy,oy
pcl,pcl
ax,w
axr,r
r,r
w,w
ax,ix
n,dh
l,el
tcl,kcl
tcl,kcl
kcl,kcl
s,s
r,r
sh,sh
r,r
th,tcl
s,z
ix,ix
dcl,f
t,t
axr,r
ax,ax
jh,jh
s,s
dx,y
ax,ax
z,z
sh,sh
pcl,pcl
z,z
n,q
q,iy
axr,ix
el,ax
iy,iy
ax,l
ow,ow
r,r
ix,ih
eh,eh
ix,ix
r,axr
r,ix
l,l
iy,ix
n,n
tcl,tcl
ae,ae
axr,axr
eh,eh
aa,aa
w,q
ix,l
iy,iy
ix,ix
ix,ix
z,z
dcl,pcl
g,kcl
w,l
m,m
p,k
sh,sh
q,q
n,n
gcl,dcl
s,z
n,n
ih,ih
ow,l
iy,iy
ix,n
bcl,pcl
ow,ow
hv,hv
ih,ix
ax,l
eh,ae
ih,ih
v,v
tcl,kcl
iy,ix
l,l
v,ix
z,s
axr,r
oy,oy
kcl,kcl
ao,ao
axr,r
dcl,tcl
l,l
dx,n
r,r
n,ix
aa,r
ae,ae
s,s
l,ng
ix,ix
tcl,tcl
nx,ix
ay,ay
ih,ih
bcl,bcl
m,m
l,w
ux,ux
f,f
q,ax
ux,ux
pcl,pcl
dcl,dcl
hh,f
aa,ay
sh,sh
z,s
iy,iy
ix,ih
r,dh
ch,sh
uw,w
f,f
m,n
gcl,gcl
axr,r
kcl,tcl
n,n
q,el
r,r
dcl,n
ux,g
axr,axr
r,ix
tcl,kcl
k,k
p,p
ix,ix
iy,ey
y,iy
ng,n
t,t
ae,ae
r,ao
ih,ih
hh,hh
n,n
iy,ih
z,z
ix,ix
tcl,v
ah,ao
dcl,tcl
r,axr
r,r
q,q
ow,el
eh,ih
tcl,kcl
ix,ix
n,n
ih,ax
z,z
s,s
dcl,tcl
ax,l
r,axr
m,bcl
ah,ow
iy,iy
hv,ih
l,l
ih,ih
ey,ey
ae,ae
z,s
kcl,tcl
r,r
t,t
el,el
ix,ix
tcl,tcl
ow,ow
ux,ux
kcl,f
pcl,tcl
r,uw
s,s
er,er
l,l
aa,aa
l,l
n,n
n,n
aa,aa
r,r
dh,dh
s,s
ux,ux
ux,ux
jh,r
ax,ax
f,f
ix,ix
n,n
p,dh
n,n
ix,ih
v,v
l,ix
s,s
r,eh
v,v
k,k
dh,dh
r,r
l,w
r,r
ax,ax
k,k
uw,ux
aa,aa
r,axr
dh,dh
eh,eh
s,s
pcl,pcl
s,s
oy,oy
ow,el
hh,p
ax-h,z
eh,ae
n,n
tcl,tcl
ix,eh
k,dcl
nx,n
s,s
hh,hh
k,k
z,z
kcl,f
iy,iy
ow,ow
tcl,tcl
r,r
p,p
ao,ao
ix,ix
hv,w
l,l
er,r
ao,oy
n,n
ay,ay
sh,sh
ix,ih
en,en
l,l
iy,iy
q,q
tcl,kcl
oy,oy
eh,eh
s,s
k,k
r,r
nx,n
s,s
s,s
p,p
pcl,kcl
ix,ix
axr,er
ey,iy
ow,ow
k,k
p,p
iy,iy
bcl,dcl
ey,ey
ih,ih
eh,ae
ow,ow
l,l
ih,ih
uw,uw
el,el
dx,n
s,z
k,k
ah,ix
l,l
axr,ix
d,p
n,ix
bcl,dcl
iy,ih
hh,pcl
k,tcl
ey,ey
dh,kcl
l,l
ix,ix
n,n
z,s
ah,ow
tcl,kcl
l,q
ih,ix
r,w
s,s
s,s
w,w
t,dh
r,r
tcl,tcl
aa,ao
z,s
z,s
ah,ax
iy,ix
bcl,pcl
t,t
ey,q
q,q
ax,axr
q,q
tcl,pcl
d,ch
pcl,pcl
ih,ix
n,n
iy,iy
sh,s
iy,iy
ao,l
ah,ay
ow,ow
aa,ao
kcl,kcl
eh,eh
r,r
ih,ih
ng,tcl
ay,ay
ax,q
ng,n
s,s
iy,iy
d,jh
ih,iy
f,f
ah,ax
w,w
z,z
gcl,n
ow,ax
p,t
dcl,dcl
n,n
m,n
d,jh
s,s
s,s
kcl,tcl
ch,th
kcl,tcl
ax,ax
s,s
dcl,s
m,m
m,r
tcl,tcl
q,q
tcl,tcl
ih,ey
hv,hv
iy,ih
iy,ix
axr,r
iy,iy
iy,iy
m,m
b,dh
s,s
ax,ax
kcl,kcl
ix,axr
hv,hv
l,l
f,f
er,r
pcl,tcl
tcl,n
r,w
hv,p
bcl,v
t,t
ey,ey
ae,ae
ix,q
dcl,dcl
ix,ax
l,l
ey,ey
bcl,bcl
iy,iy
sh,sh
dh,dh
p,p
ay,ay
z,z
f,f
n,n
ix,l
ao,r
kcl,kcl
eh,ae
l,l
gcl,dcl
eh,eh
ih,ih
k,k
v,dcl
kcl,pcl
s,s
ow,ow
hv,hv
dcl,v
ix,ix
q,q
b,hh
ix,ax
n,w
w,l
ng,ng
pcl,tcl
z,z
er,ix
n,n
n,n
ah,ae
ey,ey
m,w
jh,sh
gcl,pcl
s,s
s,s
t,t
r,r
ah,ao
ay,aa
ix,ix
l,ax
pcl,kcl
w,w
kcl,kcl
tcl,kcl
ix,ix
ey,iy
l,l
s,s
eh,eh
eh,ix
y,iy
m,nx
n,n
ix,ix
tcl,tcl
n,dh
eh,eh
k,k
ch,ch
eh,r
l,l
gcl,dcl
d,t
k,k
uh,ow
s,s
z,k
w,w
t,s
f,f
aw,ae
p,k
l,l
q,k
el,el
dcl,kcl
axr,axr
r,aa
f,th
ih,ix
sh,sh
aa,aa
bcl,dcl
kcl,kcl
aa,aa
eh,ae
gcl,pcl
n,n
axr,ix
ix,ix
dx,ix
k,k
ah,n
pcl,tcl
ix,ix
n,tcl
ch,ch
n,n
pcl,kcl
iy,iy
ih,ih
ae,ae
t,t
t,dh
ih,eh
s,z
w,w
s,s
s,s
y,iy
dh,tcl
axr,ih
gcl,n
eh,ao
r,r
tcl,ix
aa,aa
w,w
t,k
l,l
l,w
l,l
iy,iy
d,k
l,l
y,y
ao,ao
gcl,dcl
y,iy
ay,ay
ih,ih
z,th
aa,aa
dh,v
iy,ix
r,r
ih,r
s,s
ix,ix
l,l
hv,hv
r,r
pcl,tcl
tcl,kcl
t,t
ix,ih
ey,ey
ae,ae
dcl,dcl
y,iy
ax-h,hh
gcl,gcl
w,r
q,q
s,s
ng,n
n,n
n,n
ay,ay
n,l
ix,ix
m,m
t,d
eh,ey
t,t
l,ax
w,w
ax,ax
q,q
ix,ix
axr,axr
gcl,n
s,s
ix,dx
ux,axr
aa,aa
k,k
k,k
ix,ax
s,s
r,aa
ay,ay
ix,ix
kcl,kcl
q,q
dcl,dcl
n,n
hh,jh
gcl,gcl
n,n
t,t
ch,t
ae,eh
dh,dcl
p,t
tcl,pcl
z,z
ih,ey
ay,ay
r,r
er,axr
iy,iy
dh,th
kcl,tcl
t,t
ao,aa
iy,ih
kcl,kcl
r,ae
f,p
s,s
r,dx
dh,dcl
axr,tcl
p,k
ih,iy
ae,ae
n,ng
r,r
w,w
ix,ix
tcl,tcl
ix,ax
el,l
y,iy
kcl,kcl
r,r
ih,ix
jh,k
iy,iy
ay,ay
p,k
er,er
n,m
ao,ao
l,l
l,l
l,l
en,n
ey,ih
kcl,tcl
kcl,pcl
ih,q
kcl,tcl
l,ax
ax,n
ix,ix
iy,iy
dh,dh
iy,iy
r,r
iy,iy
tcl,dcl
dx,dx
m,ae
axr,axr
m,n
s,s
l,l
ih,ax
ax,q
iy,iy
kcl,kcl
l,ax
pcl,k
n,ng
s,s
kcl,kcl
ix,eh
ix,iy
ng,ix
ax,l
axr,r
ao,w
ey,iy
ih,ix
ix,ix
s,sh
sh,s
dh,v
m,n
k,ix
m,m
iy,y
ux,ux
ix,ih
ix,ix
ng,ix
iy,iy
k,t
ay,ay
n,n
ih,eh
y,iy
aa,r
ih,ix
r,r
dcl,bcl
el,ao
iy,ix
ix,l
w,r
m,n
tcl,tcl
m,m
r,r
n,n
kcl,tcl
ix,ix
l,m
th,kcl
iy,iy
nx,n
th,k
s,z
ae,ae
iy,iy
s,s
ix,ix
t,t
iy,ih
n,n
z,s
n,n
ng,n
ix,ix
ux,ux
ao,ao
aa,aw
ch,ch
ix,ix
iy,iy
dx,dx
l,n
g,d
ix,iy
q,ix
ix,ix
s,sh
l,r
kcl,k
g,dh
dcl,dcl
ix,ih
q,q
kcl,kcl
er,ih
dcl,dcl
jh,t
l,l
tcl,q
ih,eh
ix,ix
r,r
aa,ao
aa,aa
n,n
pcl,bcl
iy,iy
iy,iy
ix,ix
iy,iy
m,m
ow,ow
kcl,kcl
z,s
s,s
eh,ix
w,w
pcl,s
axr,r
l,l
l,l
ay,ay
kcl,kcl
ax,l
dcl,dcl
ix,n
m,dh
z,z
dh,pcl
ay,ay
bcl,tcl
v,v
hh,gcl
dcl,v
aw,ae
eh,eh
aw,ae
ix,ih
dx,tcl
tcl,tcl
w,w
em,n
f,f
tcl,ix
z,z
ih,n
n,n
th,z
q,q
z,z
q,q
uw,aa
kcl,pcl
ux,ux
n,ng
k,k
axr,ix
k,q
t,ch
ow,ow
pcl,tcl
t,t
ix,ih
hv,r
ix,ix
v,dh
n,n
l,l
s,sh
ax,eh
ix,ix
l,l
oy,ao
pcl,kcl
ao,ao
ae,r
t,k
ow,eh
ey,eh
k,g
gcl,tcl
n,n
dh,dh
ih,ih
jh,jh
s,s
q,q
ix,q
tcl,tcl
iy,ey
tcl,tcl
k,f
z,z
s,s
ih,ax
l,l
w,w
s,s
s,s
ix,ix
ng,r
r,r
ix,iy
ix,gcl
ay,ay
axr,axr
z,s
q,q
ao,ow
n,nx
kcl,kcl
t,t
m,m
iy,iy
z,s
axr,r
ae,ae
s,s
ih,eh
eh,eh
tcl,tcl
tcl,tcl
tcl,tcl
iy,iy
ih,ih
iy,ih
kcl,tcl
r,ix
w,l
gcl,tcl
ih,ih
s,s
ix,ih
q,kcl
hv,bcl
ay,ay
n,n
z,z
m,l
iy,iy
s,s
z,z
axr,ae
w,w
r,r
l,l
ey,ey
aw,aw
kcl,kcl
dcl,l
ah,eh
r,r
bcl,bcl
axr,axr
ix,ix
ix,ix
s,s
ax,r
eh,eh
iy,iy
ae,ae
t,jh
ix,q
ay,ay
f,t
m,m
z,z
dh,z
dcl,bcl
v,ax
ow,ow
axr,axr
iy,ih
iy,r
er,ow
dcl,tcl
v,l
sh,sh
er,r
pcl,pcl
w,w
axr,ix
kcl,kcl
ih,l
kcl,pcl
k,k
ow,l
q,q
t,t
s,s
t,t
aa,r
t,t
tcl,pcl
tcl,tcl
aa,aa
eh,ey
y,ix
s,s
kcl,kcl
ix,ix
g,tcl
ix,ix
ah,ah
f,tcl
t,t
s,s
kcl,tcl
m,m
s,s
ih,ix
w,l
dh,bcl
ix,ih
l,l
eh,ih
iy,iy
v,kcl
t,k
t,t
kcl,kcl
ao,aa
tcl,tcl
ao,ao
gcl,gcl
l,l
l,l
n,n
ow,ow
t,t
ae,ae
gcl,dcl
kcl,kcl
eh,ae
ay,ay
ao,ah
axr,ix
r,r
dh,l
sh,k
ch,ch
s,k
tcl,kcl
dh,dh
r,r
hh,z
aa,aa
kcl,kcl
ae,ae
pcl,pcl
eh,ax
s,s
aa,aa
t,t
l,l
m,bcl
iy,iy
q,q
dh,l
ix,hv
dh,dh
z,s
ow,ow
ix,ix
ix,ih
gcl,dcl
pcl,tcl
s,s
ah,ax
ey,ey
kcl,tcl
w,r
axr,axr
r,r
q,q
z,s
t,t
uh,ao
iy,ix
ao,r
kcl,dcl
dcl,bcl
kcl,gcl
iy,iy
ih,ix
s,f
ix,ix
tcl,v
bcl,kcl
ih,ix
f,f
ah,ih
eh,ey
s,s
l,r
ih,ih
ax,ax
ih,ix
q,pcl
kcl,kcl
tcl,kcl
tcl,s
tcl,jh
dcl,bcl
dh,dh
ix,ih
r,r
jh,ch
dcl,gcl
ow,uw
aa,aa
sh,sh
iy,iy
k,tcl
s,s
ix,tcl
tcl,kcl
ay,ay
ah,eh
sh,sh
s,s
l,uh
aa,aa
dcl,pcl
ae,ae
er,er
ix,ix
ah,ah
n,n
y,y
t,t
ae,ae
t,d
aa,aa
aa,ao
ux,ux
er,r
y,iy
f,f
v,v
p,tcl
ae,ae
iy,iy
jh,jh
s,s
ao,ow
ix,iy
t,p
er,ux
ah,eh
dh,tcl
ah,ah
aa,ao
dh,dh
ay,ay
ow,ow
axr,ih
tcl,pcl
eh,ae
k,k
oy,oy
ow,ow
tcl,dcl
er,axr
dcl,iy
eh,ay
ax-h,k
ih,ix
er,er
l,l
pcl,tcl
pcl,pcl
k,k
s,z
jh,sh
jh,jh
ix,ix
ao,q
r,r
dcl,dcl
ax,n
d,t
n,gcl
ey,ey
ng,w
iy,iy
f,f
ng,ng
v,v
iy,iy
q,k
ax,ah
t,k
tcl,dh
axr,axr
dcl,kcl
ix,ix
g,k
g,k
eh,eh
m,n
tcl,kcl
iy,ng
q,q
l,l
r,r
ax,eh
er,axr
l,l
n,n
w,w
gcl,r
kcl,kcl
z,s
jh,jh
jh,sh
ow,ow
aa,aa
w,w
hv,hv
q,ix
er,er
ey,eh
s,s
axr,axr
ih,ih
ah,ae
ix,ix
ax,ax
axr,r
pcl,tcl
d,tcl
dcl,dcl
dh,z
q,q
w,w
th,s
eh,ix
aa,aa
pcl,kcl
tcl,tcl
iy,ix
ey,eh
iy,iy
iy,ix
kcl,kcl
k,kcl
s,s
r,w
r,r
hh,k
ae,ih
ay,ay
tcl,n
g,k
n,m
ao,ao
s,s
q,q
iy,iy
ix,ix
ih,ae
s,s
b,p
s,s
ih,iy
axr,r
ih,ix
er,r
dcl,dcl
s,s
ax,l
l,l
dx,dx
r,r
l,bcl
ux,ix
iy,n
p,p
s,s
axr,axr
kcl,pcl
zh,zh
kcl,kcl
iy,iy
ow,ow
n,dcl
p,k
r,r
tcl,tcl
pcl,tcl
s,s
n,n
s,s
w,r
ay,ay
axr,axr
ae,eh
th,th
iy,iy
hh,k
gcl,pcl
ao,ao
m,n
el,ng
r,r
m,n
ih,iy
n,n
iy,iy
gcl,n
ah,ax
r,r
ix,ix
f,f
iy,ng
pcl,kcl
dcl,dcl
r,r
k,k
gcl,tcl
axr,axr
ix,iy
eh,ix
g,dx
y,y
hv,hv
w,w
pcl,kcl
kcl,k
s,s
er,er
ih,ix
ix,ix
axr,er
s,s
gcl,bcl
n,n
iy,ix
bcl,bcl
ih,ih
th,s
n,ix
r,r
uw,n
s,s
dcl,dcl
ix,q
gcl,gcl
w,w
t,t
ay,ay
en,n
t,s
ix,ey
tcl,tcl
bcl,dcl
ay,ay
k,k
ux,ux
iy,iy
ao,ao
tcl,tcl
y,jh
kcl,kcl
z,z
ix,iy
aa,aa
ae,ae
ow,aw
ix,iy
t,t
axr,r
iy,l
t,t
n,n
t,t
bcl,bcl
axr,axr
sh,sh
tcl,dcl
s,s
l,l
m,m
n,n
n,n
ax,ix
iy,iy
r,ix
ih,ih
eh,eh
tcl,tcl
ey,ey
ao,ao
iy,iy
ae,ae
dx,ix
axr,r
w,w
axr,r
l,l
ay,ix
l,l
aa,aa
uh,ah
bcl,bcl
tcl,kcl
k,k
iy,iy
ix,ix
w,w
k,k
jh,jh
g,jh
th,th
k,dh
eh,r
er,r
ey,ey
ax,l
g,g
ao,ao
d,ch
q,tcl
kcl,tcl
s,s
z,z
aa,hv
bcl,bcl
q,q
q,q
p,p
axr,axr
ix,ax
f,p
en,en
aa,aa
s,s
ix,iy
n,nx
d,t
s,z
dcl,dcl
dh,n
ae,ae
sh,sh
k,d
r,r
ih,ih
axr,ax
ix,nx
ah,ae
s,f
z,z
ao,ow
r,l
k,k
v,v
kcl,kcl
g,d
y,y
ah,ah
eh,ix
hh,k
er,er
z,s
ih,axr
q,q
zh,sh
z,z
dcl,dcl
eh,eh
w,w
el,l
ao,ao
s,s
kcl,kcl
ey,ey
dcl,dcl
tcl,tcl
kcl,kcl
axr,axr
ow,ow
ax,l
iy,iy
t,t
l,l
l,l
tcl,tcl
ix,ix
kcl,kcl
sh,sh
ey,ey
dcl,dcl
gcl,dcl
eh,eh
ix,ix
kcl,tcl
n,n
dh,dh
tcl,bcl
n,n
ix,ix
q,q
eh,ix
ow,ow
ih,n
ux,ux
tcl,kcl
l,l
n,m
ax,l
n,n
p,k
ux,uw
g,dh
th,f
dcl,bcl
r,r
z,z
ay,ay
r,r
iy,iy
ow,ao
ao,ao
iy,ih
ao,ao
er,er
k,k
n,n
aa,ao
kcl,pcl
w,w
dx,dcl
oy,oy
bcl,dcl
hh,kcl
ao,ao
ix,ix
ey,ih
b,w
n,n
p,k
v,s
r,r
kcl,kcl
hh,k
q,q
sh,sh
g,g
ao,ao
iy,iy
ax,q
s,s
ae,ae
w,n
gcl,dcl
s,s
k,k
m,n
z,s
aa,aa
eh,l
s,s
eh,eh
r,r
ae,ae
ix,ix
iy,ux
axr,r
s,s
q,q
k,t
t,t
uh,l
iy,iy
iy,iy
r,r
n,n
er,er
kcl,kcl
w,axr
ae,eh
r,r
bcl,bcl
nx,n
w,w
gcl,bcl
m,m
ay,ay
ah,aw
r,r
gcl,gcl
tcl,tcl
l,l
gcl,kcl
ao,r
ah,aa
z,z
iy,iy
er,r
er,r
k,k
oy,oy
er,axr
k,k
axr,axr
n,n
iy,iy
ix,ix
hv,hv
n,n
iy,iy
m,n
s,ao
ng,ng
kcl,kcl
r,r
ix,ae
ow,ao
m,m
l,r
n,n
sh,sh
ae,ae
ax,ix
dcl,dcl
s,s
aa,aa
aw,ae
ng,n
f,pcl
ix,q
w,ao
ch,k
z,z
r,r
aa,ao
ax,r
er,ao
q,q
ey,ih
el,l
r,r
ow,aa
ix,ix
aa,aa
n,n
p,k
ay,ay
ae,eh
ix,iy
p,p
gcl,gcl
v,l
kcl,v
ao,ao
ae,ae
tcl,f
l,l
ax,ax
nx,n
iy,r
s,s
kcl,kcl
bcl,gcl
t,k
ao,r
eh,eh
ay,ay
kcl,tcl
dcl,axr
s,s
aa,aa
eh,ix
l,l
hv,p
ax,ix
ix,ix
s,s
ax,l
w,w
t,t
ey,ey
ay,ay
axr,er
ax,el
oy,oy
ao,ow
r,r
s,s
s,s
ix,dcl
l,l
ah,r
v,f
iy,iy
ae,eh
eh,ix
ix,iy
en,m
ah,ah
iy,iy
kcl,kcl
tcl,f
oy,oy
ix,iy
dh,l
aw,ae
dcl,tcl
s,sh
z,z
ng,m
dcl,dcl
kcl,tcl
ih,ix
kcl,kcl
kcl,tcl
ix,ih
w,w
eh,ix
gcl,gcl
ey,ix
dcl,dcl
r,r
ao,ow
w,el
r,axr
eh,eh
kcl,kcl
pcl,pcl
l,l
ih,ih
m,dx
hh,sh
t,d
v,v
m,n
aa,aa
q,q
en,n
n,n
ix,ix
iy,iy
kcl,dcl
f,f
n,n
axr,axr
ey,ix
sh,sh
bcl,n
k,m
kcl,pcl
n,v
kcl,tcl
k,k
r,r
ix,ih
pcl,pcl
ih,l
t,t
gcl,kcl
dcl,dh
z,z
r,w
m,m
nx,n
gcl,gcl
el,l
ih,ih
s,s
l,l
kcl,tcl
ah,ah
kcl,kcl
s,s
hh,hh
ax,ah
ae,ae
l,ax
pcl,en
r,r
axr,r
ih,ix
el,l
ix,ix
kcl,n
v,tcl
l,m
ow,uw
ae,ae
th,th
v,v
gcl,gcl
ay,ay
axr,axr
zh,s
ix,ih
n,n
s,s
tcl,tcl
l,l
ih,ih
ih,ih
th,s
ey,ey
ix,ay
s,s
t,d
ax,axr
kcl,kcl
er,ux
ah,aa
iy,iy
iy,iy
r,r
iy,iy
dh,dx
aa,aa
ey,ey
iy,iy
sh,s
tcl,kcl
dcl,dcl
s,s
l,ih
ae,ae
g,hh
ix,ix
ix,ix
uh,ix
tcl,p
hv,p
er,er
nx,nx
axr,iy
n,n
ix,ix
ae,ae
n,n
ix,r
d,hh
m,n
gcl,tcl
n,n
t,dh
dx,dx
dcl,dcl
tcl,tcl
ix,ix
dh,pcl
sh,ch
el,el
tcl,tcl
t,d
oy,oy
ch,sh
s,s
pcl,pcl
ix,ix
n,n
ix,ih
l,l
y,iy
z,s
hh,hh
ow,ow
ay,ay
kcl,kcl
er,r
d,t
k,p
ae,ix
bcl,pcl
q,l
p,p
v,v
hh,hh
n,gcl
ih,ih
n,n
k,k
ux,iy
t,t
t,t
r,r
ae,ae
sh,s
s,s
r,r
axr,v
ix,ix
l,q
uw,uw
ax,l
dx,dx
n,n
jh,jh
pcl,tcl
p,t
axr,er
ix,ix
pcl,tcl
ix,ix
ng,n
q,q
v,z
tcl,dcl
l,l
ih,ey
hv,y
l,l
l,q
t,t
f,tcl
r,ix
tcl,pcl
oy,ow
kcl,gcl
n,n
ix,ax
iy,iy
tcl,v
kcl,tcl
axr,ix
k,k
er,r
ix,r
th,s
q,q
l,l
hv,ix
jh,ch
ah,ah
kcl,tcl
el,el
em,en
aa,aa
kcl,kcl
w,l
w,w
l,ao
eh,eh
ao,ao
eh,ae
kcl,tcl
ix,ix
t,t
ay,ay
ih,eh
r,axr
ih,l
r,r
tcl,z
k,dcl
z,z
gcl,gcl
r,r
m,m
hv,ix
dcl,bcl
axr,r
d,tcl
tcl,dcl
w,r
q,q
dcl,dcl
n,n
d,k
l,aa
pcl,pcl
tcl,tcl
ix,ih
f,f
r,r
l,l
z,z
f,s
eh,eh
tcl,tcl
ow,ow
eh,axr
r,r
t,t
ux,ih
ao,ao
gcl,dcl
n,dcl
pcl,pcl
axr,r
n,n
aw,ae
s,s
s,s
s,s
dcl,tcl
el,el
ax,ax
ae,eh
dcl,q
n,n
ix,ix
ax,m
ay,ix
tcl,v
hv,n
uh,m
z,s
ay,ay
w,w
z,z
ay,ay
t,t
ey,ey
axr,axr
ey,ey
ux,iy
gcl,tcl
er,r
ix,r
iy,ix
n,m
axr,axr
y,iy
w,w
n,n
q,q
dcl,kcl
y,iy
pcl,pcl
ae,ae
axr,r
n,n
n,n
m,n
ey,iy
n,n
w,w
q,q
ix,ix
ay,ay
ax,ae
pcl,pcl
ih,ih
ux,iy
axr,axr
ax,ax
gcl,kcl
eh,ix
sh,sh
q,q
ix,n
s,s
t,t
g,k
tcl,tcl
z,z
ng,n
r,r
ax,ah
q,q
tcl,tcl
r,r
tcl,kcl
p,p
eh,ix
f,s
iy,ih
hv,hv
n,n
l,aw
ih,ih
sh,s
er,axr
k,kcl
t,sh
l,l
f,f
l,l
q,q
ix,ax
ax,l
s,s
k,k
t,tcl
er,er
kcl,kcl
v,v
iy,iy
f,f
ax,ax
f,f
er,r
tcl,k
iy,iy
pcl,kcl
w,w
t,dh
ae,ey
dh,dh
s,s
kcl,z
q,q
ix,ix
pcl,pcl
aw,aw
l,w
r,r
t,t
iy,ix
k,k
r,r
ix,ix
bcl,bcl
ih,eh
f,f
bcl,tcl
l,l
jh,jh
q,q
w,w
z,s
ao,ao
oy,oy
dcl,tcl
ax,r
ix,ih
pcl,kcl
ow,el
r,r
ow,ow
p,k
ih,r
z,z
f,f
s,s
q,ix
iy,iy
z,s
ae,eh
gcl,tcl
kcl,kcl
n,n
bcl,dcl
pcl,kcl
q,q
iy,ih
tcl,tcl
q,q
p,f
g,k
el,el
sh,sh
d,dh
gcl,dcl
th,t
l,ax
eh,eh
n,m
t,k
ih,ih
kcl,tcl
q,q
r,r
f,f
ax,ix
q,q
z,s
ax,el
pcl,kcl
ow,ow
n,n
n,n
bcl,bcl
ix,ix
iy,q
z,s
tcl,bcl
z,s
ah,ow
dcl,f
ay,ay
ay,ay
z,z
tcl,tcl
eh,ae
m,m
axr,ow
ix,ix
oy,oy
iy,iy
nx,ix
kcl,kcl
ix,ix
bcl,bcl
ay,k
ay,ay
l,l
s,s
axr,r
t,kcl
hh,hh
eh,ih
kcl,pcl
q,q
s,s
l,l
aw,aw
iy,iy
r,r
ow,ow
z,z
axr,r
tcl,tcl
n,n
gcl,dcl
uw,uh
ae,ae
eh,eh
kcl,kcl
tcl,gcl
l,l
p,p
r,r
tcl,tcl
iy,iy
s,s
n,dx
l,l
s,s
gcl,pcl
r,r
ae,ae
sh,sh
s,s
hv,hv
l,w
tcl,pcl
s,s
er,r
ih,ih
w,w
dh,dh
f,f
ih,ih
ih,ix
ax,l
z,z
axr,axr
f,f
ih,ix
ix,ix
ih,iy
n,m
aa,ao
ay,ay
iy,iy
n,n
ix,iy
ay,ae
ae,ey
sh,f
l,n
r,r
iy,ix
ax,ax
ow,ow
w,w
er,r
y,y
dcl,dcl
ao,ao
tcl,tcl
k,k
tcl,tcl
er,r
iy,iy
w,w
ae,ae
q,tcl
w,w
l,l
z,s
en,n
ay,ay
sh,s
ay,eh
z,z
q,q
hh,hh
tcl,p
l,l
t,p
tcl,ch
dx,k
s,s
ao,q
ch,k
l,l
axr,ih
iy,iy
dh,jh
kcl,kcl
tcl,tcl
ao,ao
tcl,tcl
w,w
l,l
er,r
z,s
r,ax
m,m
iy,ih
el,ow
gcl,gcl
ae,q
iy,iy
aa,ao
n,n
aa,ao
ng,n
l,w
s,s
ih,ae
p,p
eh,ae
ah,ow
ih,ih
eh,r
w,w
ix,ix
s,s
er,eh
gcl,dcl
t,d
r,r
el,ow
sh,ch
ax,q
s,s
ah,l
eh,eh
el,aa
gcl,dcl
axr,axr
d,dh
ix,ix
ow,ow
ax,ix
kcl,tcl
ow,ah
ey,ey
ey,iy
v,n
pcl,kcl
ae,ae
ax,ix
ow,ao
pcl,tcl
iy,iy
kcl,tcl
iy,iy
tcl,kcl
ax,ix
axr,r
z,s
eh,ih
iy,iy
w,w
ih,ih
ih,ow
g,d
iy,ix
sh,sh
r,r
ix,ix
iy,iy
kcl,dx
n,ng
s,s
l,l
n,n
iy,iy
er,r
hh,hh
ae,ae
pcl,tcl
tcl,gcl
ix,ix
ah,ah
ix,ix
en,n
th,k
aa,aa
l,l
f,f
s,z
g,q
n,n
iy,iy
iy,iy
s,s
ao,ao
er,r
axr,r
ay,r
w,n
ng,n
uh,ax
g,d
ow,ow
aa,aa
n,dcl
tcl,bcl
ae,ae
ix,ih
ao,ao
dcl,dcl
ih,ix
pcl,tcl
l,el
ix,axr
r,r
ey,ey
w,gcl
ax,ax
ng,n
n,n
s,s
ix,iy
eh,ix
sh,sh
iy,iy
en,n
q,l
hv,hv
axr,ax
s,s
y,q
iy,iy
s,s
s,s
p,p
ey,ey
ix,ix
tcl,tcl
ao,ao
ih,ix
r,r
ng,n
uw,ux
d,l
ix,ix
l,l
ow,ow
k,k
dx,dcl
iy,l
gcl,gcl
ay,aa
k,k
ix,ix
v,n
oy,l
dcl,dcl
ch,jh
v,v
z,s
hv,hv
ix,ix
l,l
s,s
n,n
z,s
er,axr
kcl,kcl
l,w
sh,s
m,m
s,s
oy,ao
r,r
oy,oy
kcl,kcl
dh,dh
nx,n
kcl,kcl
ay,ay
aa,aa
r,r
ax,ow
kcl,kcl
r,r
k,hh
bcl,n
bcl,dcl
ae,ae
ao,ao
eh,ih
r,r
r,ix
sh,sh
q,tcl
ow,aw
r,r
gcl,tcl
f,s
l,l
p,p
bcl,v
axr,ix
kcl,k
m,n
r,r
ae,eh
q,l
oy,ao
l,l
ah,ah
dh,n
ax,ao
hh,hh
ae,ae
dx,dx
gcl,gcl
ao,l
l,l
z,z
ih,eh
l,l
hh,hh
p,hh
gcl,pcl
t,t
l,l
jh,jh
aa,aa
pcl,pcl
ao,w
dcl,pcl
tcl,tcl
dx,ix
aa,aa
z,s
ay,ay
r,r
k,k
ae,ae
ng,n
w,l
w,l
sh,s
p,p
eh,eh
s,s
l,ao
dcl,dcl
ux,ux
iy,iy
oy,oy
kcl,kcl
ae,ae
y,iy
uw,ax
el,ow
l,l
ae,ae
ih,ix
dh,dh
ay,ay
w,w
eh,ae
r,r
iy,iy
s,s
dx,dx
pcl,tcl
k,p
tcl,tcl
n,n
s,s
axr,r
s,s
er,eh
ix,ax
g,k
ah,ix
ae,ey
f,f
kcl,kcl
s,s
ix,ih
ix,ih
r,r
dx,dh
kcl,s
z,dcl
ch,s
iy,iy
q,q
ih,eh
eh,eh
tcl,kcl
axr,r
t,t
r,r
l,l
ah,el
f,k
iy,iy
s,s
eh,axr
aa,ay
ix,q
v,v
f,f
ih,ih
tcl,dcl
aa,ao
tcl,tcl
ae,ae
ao,ao
s,s
m,n
ax,l
pcl,pcl
q,q
t,t
n,ng
n,r
dcl,dcl
ix,ix
axr,eh
ix,ix
iy,iy
ao,ao
axr,axr
d,d
ix,ix
dcl,dcl
ah,ah
aa,aa
t,t
axr,r
n,n
g,w
iy,iy
pcl,tcl
ey,ih
ih,ax
s,s
k,hh
iy,ix
s,s
ao,ao
w,w
w,w
n,n
ay,ay
ix,ix
ah,eh
oy,oy
gcl,dx
l,l
iy,iy
y,iy
tcl,tcl
sh,z
el,q
ao,ao
s,s
dcl,tcl
z,z
kcl,kcl
l,l
sh,sh
v,v
s,s
g,g
aw,ae
r,r
z,z
ay,ay
tcl,tcl
iy,iy
er,er
dcl,gcl
q,l
ae,ae
oy,oy
en,en
w,axr
iy,iy
pcl,bcl
r,n
ao,ow
kcl,pcl
s,s
ae,ae
q,bcl
ah,ao
pcl,s
oy,oy
aa,aa
ow,ow
g,k
m,m
axr,axr
ay,ay
tcl,tcl
ih,ih
jh,jh
k,k
y,iy
q,ax
ay,ay
s,s
ux,ix
er,eh
t,k
pcl,pcl
kcl,tcl
f,tcl
ah,ae
k,k
kcl,tcl
t,v
z,z
aa,aa
w,w
tcl,tcl
ax,ax
r,axr
t,t
l,l
m,m
em,n
dcl,dh
ao,ao
s,f
ix,ix
z,z
y,iy
sh,sh
sh,sh
tcl,tcl
tcl,tcl
t,k
s,s
ix,l
kcl,kcl
ix,ix
d,tcl
iy,iy
ey,ey
hh,s
el,el
ao,el
k,p
k,k
jh,jh
ix,ix
s,s
k,p
oy,oy
ix,ux
z,s
ih,ix
iy,iy
ix,iy
m,m
ax,ix
p,kcl
tcl,dcl
axr,r
ax,n
m,n
n,n
nx,n
n,n
ax-h,ax-h
ae,eh
ax,ix
iy,iy
ae,ae
bcl,pcl
z,z
v,r
eh,eh
ey,ey
s,s
tcl,n
ax,ix
s,tcl
ey,ae
l,l
s,s
f,f
sh,jh
q,ao
n,dcl
aa,aa
y,ix
axr,eh
kcl,kcl
ae,ix
ae,eh
th,z
axr,n
axr,ih
iy,ix
n,n
r,r
n,n
z,s
ay,ay
tcl,tcl
q,q
iy,iy
er,r
kcl,kcl
z,pcl
nx,n
w,w
l,l
s,s
s,s
ch,ch
ey,ey
k,k
w,w
ux,r
ih,iy
axr,q
b,p
p,p
tcl,tcl
r,r
k,k
kcl,kcl
m,m
ih,ix
ow,el
pcl,pcl
pcl,pcl
iy,iy
iy,iy
dx,r
iy,iy
r,m
y,iy
t,t
tcl,tcl
ao,aa
v,l
l,l
r,r
t,t
aa,ao
bcl,kcl
ch,ch
r,r
s,s
ih,eh
r,er
ay,ay
tcl,tcl
ae,ae
iy,ih
ng,ng
ix,ix
ah,ao
iy,iy
kcl,dcl
m,uw
p,p
n,n
ao,ao
iy,iy
q,q
ow,ow
kcl,kcl
tcl,pcl
iy,ey
s,s
z,z
ix,ix
kcl,kcl
eh,ey
uw,uw
kcl,kcl
ix,iy
uw,el
ow,ow
ng,n
ow,ow
dh,f
ey,ey
y,y
pcl,pcl
er,er
kcl,kcl
er,axr
v,dcl
r,l
el,l
sh,zh
k,k
s,s
k,p
ax,ax
eh,ey
ix,ih
ow,l
ix,kcl
r,r
p,p
s,dh
ae,ae
ax,ax
iy,iy
d,jh
s,sh
p,p
kcl,kcl
tcl,p
ih,l
er,er
g,q
s,s
r,r
s,s
r,r
s,s
dx,gcl
iy,iy
ow,ow
m,m
l,n
t,tcl
tcl,pcl
t,t
n,n
r,axr
ng,n
ax,n
en,n
axr,r
f,f
l,l
sh,sh
t,q
uh,ux
dh,tcl
s,s
jh,ch
l,l
ax,ix
kcl,kcl
ae,ae
ix,iy
ao,ao
iy,n
hv,hv
k,k
ey,ey
ey,ey
r,axr
n,n
ey,ey
kcl,kcl
el,el
ng,n
f,f
k,k
w,w
z,z
iy,iy
kcl,kcl
eh,ae
f,k
tcl,s
y,dx
iy,ix
ih,ix
aa,ao
l,l
el,ao
ih,ay
kcl,kcl
m,m
ch,sh
ax,ih
f,f
ey,ih
iy,iy
ae,ae
w,l
ae,ae
r,r
z,z
kcl,tcl
s,s
s,s
r,r
q,q
ux,iy
axr,axr
v,tcl
ih,ey
r,axr
k,k
s,z
k,p
l,iy
ae,ae
ah,ih
r,r
y,iy
g,k
ah,ax
ix,ih
ay,ow
l,r
iy,y
ah,ow
er,axr
z,z
iy,y
dh,th
nx,n
eh,r
tcl,tcl
t,jh
dcl,kcl
aw,ae
z,z
er,er
ih,ih
ao,aa
n,n
iy,iy
w,w
ih,ih
ah,eh
ow,ow
m,m
s,f
ix,ix
ih,ax
n,n
r,r
ax,w
k,g
er,r
pcl,tcl
en,n
k,k
l,l
ch,ch
l,l
sh,sh
q,hh
v,pcl
ay,ay
l,ow
r,r
pcl,pcl
m,r
ey,iy
v,bcl
dcl,dcl
sh,sh
aa,ao
ow,ao
m,m
ih,ih
k,k
l,ow
eh,ih
ax,ix
ae,eh
ch,jh
kcl,dcl
k,k
dcl,bcl
ah,aa
sh,sh
ae,ae
n,n
sh,sh
p,p
iy,ix
m,m
eh,eh
jh,sh
ao,w
q,q
ow,ow
dcl,dcl
kcl,kcl
kcl,tcl
ih,ih
r,r
ax,ax
l,l
er,eh
en,m
ah,ah
sh,sh
ix,ih
d,d
iy,iy
s,s
z,s
bcl,n
pcl,pcl
el,el
iy,iy
m,l
eh,r
aa,ao
ax,l
q,q
s,s
p,kcl
kcl,q
d,tcl
iy,iy
q,q
k,k
ix,axr
ae,ih
ux,iy
ao,ao
gcl,tcl
n,n
t,d
ae,ae
iy,iy
iy,iy
k,k
dx,ix
z,z
dcl,tcl
z,s
s,s
ng,w
m,n
tcl,tcl
bcl,bcl
er,ih
n,n
n,n
ih,ix
z,k
d,t
pcl,pcl
y,iy
v,n
ih,ix
q,q
n,n
l,l
f,f
kcl,p
r,r
l,l
bcl,bcl
ix,ix
sh,sh
ao,ao
ae,ae
eh,ae
r,n
t,t
tcl,tcl
ng,m
tcl,tcl
nx,nx
iy,iy
t,t
ih,ix
n,n
ix,ix
ao,ao
n,r
l,l
k,k
l,l
dcl,v
k,d
r,r
ch,sh
eh,eh
bcl,kcl
jh,jh
w,w
dx,kcl
q,q
s,s
dcl,dcl
ix,ax
ix,ix
jh,jh
gcl,tcl
kcl,z
ay,ae
ah,ah
bcl,bcl
s,s
aa,ae
m,m
axr,r
eh,eh
p,p
s,f
l,aw
eh,ih
s,s
n,n
dh,k
r,ow
l,w
z,z
tcl,tcl
bcl,pcl
ay,aw
n,n
iy,iy
k,kcl
sh,sh
uh,dh
w,w
er,axr
er,er
ux,y
m,n
s,s
kcl,kcl
kcl,kcl
axr,axr
aa,aa
r,r
p,kcl
k,k
ah,eh
z,z
iy,iy
m,m
axr,dcl
ix,ix
kcl,kcl
hh,hv
n,n
ix,ix
kcl,p
hv,hv
aa,ao
tcl,tcl
k,k
dcl,gcl
y,hv
iy,iy
kcl,kcl
d,jh
n,ix
l,l
ao,ao
m,n
kcl,tcl
el,el
ix,ix
s,s
eh,eh
z,z
s,z
t,tcl
g,k
ix,ix
sh,sh
sh,sh
ih,ih
eh,ih
ae,ae
ao,aa
z,z
s,s
g,p
dcl,dcl
g,dx
iy,iy
n,n
r,r
iy,iy
ae,ae
aa,aa
k,k
z,z
ow,ow
f,f
g,tcl
eh,ih
ix,ix
ax,ax
l,l
bcl,tcl
w,l
pcl,bcl
l,l
k,k
iy,iy
r,r
m,n
q,q
iy,iy
l,r
eh,eh
jh,t
axr,axr
iy,ix
ix,ix
s,s
r,r
hv,hh
tcl,tcl
ay,ay
aa,ay
iy,ix
r,r
l,l
tcl,tcl
s,s
ow,ao
ih,ih
kcl,kcl
n,n
p,p
aa,aa
ah,aa
m,n
ey,ey
iy,iy
dcl,dcl
kcl,kcl
aa,aa
tcl,pcl
bcl,bcl
aa,aa
tcl,kcl
ix,ax
s,s
aa,aa
ax,ix
ao,w
ay,ay
iy,iy
s,s
sh,sh
ey,ey
k,k
s,s
ax,r
ch,ch
ao,ao
ey,ey
hv,p
m,m
k,q
uh,ih
k,w
y,y
uw,uw
r,r
ih,ih
t,t
bcl,bcl
ow,ow
dx,dx
dx,dcl
pcl,kcl
r,r
ix,iy
kcl,tcl
ix,r
f,z
n,n
z,dcl
kcl,kcl
w,w
ix,ix
ux,ix
q,q
dcl,m
iy,iy
n,n
ix,ix
s,s
k,k
w,w
axr,axr
s,s
ao,ay
ax,ax
ae,ae
ix,ih
eh,aa
ax,ax
iy,iy
ao,ao
s,s
ow,ow
ix,eh
v,v
ax,ax
r,axr
s,s
ax,ix
ao,ao
hv,q
ih,ih
aa,r
ah,ah
t,t
axr,axr
kcl,kcl
ey,q
ah,aa
z,z
dcl,n
kcl,kcl
tcl,pcl
ao,ao
s,s
eh,eh
y,iy
l,l
l,l
bcl,dcl
l,l
y,ih
ay,aa
ey,ey
ao,ao
ah,ah
sh,s
uw,ux
jh,jh
aa,ao
n,n
t,dh
w,l
hv,n
f,f
iy,iy
axr,r
m,bcl
ow,ow
dh,d
f,kcl
m,nx
l,ng
gcl,n
nx,n
k,d
iy,iy
ao,ao
dcl,hh
s,sh
w,bcl
t,k
ae,ae
t,t
dh,tcl
iy,y
l,q
iy,iy
r,v
q,q
tcl,dcl
n,eh
r,q
ch,ch
r,r
eh,ix
aa,ng
r,r
iy,iy
ix,ix
eh,ah
ch,sh
ix,ix
ix,ux
ix,ih
iy,iy
kcl,gcl
f,f
q,q
dcl,tcl
er,er
z,z
p,p
tcl,tcl
l,l
iy,iy
tcl,tcl
kcl,kcl
aw,aa
dh,k
kcl,kcl
s,s
ih,ih
ey,ey
tcl,tcl
en,n
er,er
ay,eh
ay,ae
kcl,kcl
s,s
ao,ay
ng,n
gcl,n
ux,ux
ng,k
axr,axr
v,v
dcl,tcl
r,r
n,n
l,el
s,s
l,l
ng,n
q,q
hh,hv
iy,iy
l,l
g,kcl
k,k
eh,eh
ih,ix
dcl,dcl
r,w
r,r
q,q
tcl,bcl
ah,ow
tcl,tcl
aa,aa
r,r
ng,n
ch,s
n,n
m,n
ay,ay
iy,iy
ch,s
n,ax
iy,ix
hv,hv
t,dh
g,g
w,w
aa,ao
iy,iy
en,n
n,n
eh,eh
tcl,dcl
eh,ae
m,n
pcl,pcl
l,l
th,t
pcl,pcl
el,ax
ix,ix
er,er
ih,ih
r,r
eh,n
dcl,dcl
d,t
ah,ae
k,k
ao,w
r,r
l,ao
p,f
dcl,p
f,f
z,z
gcl,gcl
kcl,f
axr,er
ax,l
t,t
ae,ae
iy,iy
ae,ae
r,q
s,s
ix,ih
ax,tcl
y,y
sh,sh
axr,axr
iy,iy
t,tcl
kcl,kcl
iy,iy
v,r
th,pcl
r,ix
ey,ey
n,n
f,f
tcl,tcl
t,q
ay,ay
ax,ih
axr,ey
iy,iy
r,r
hv,y
n,ix
ax,ax
axr,l
w,n
ng,n
tcl,kcl
d,g
s,s
f,f
l,l
er,axr
ao,w
eh,eh
w,l
ih,iy
t,t
ix,ix
g,g
iy,iy
iy,iy
aa,ao
n,n
n,n
r,r
aa,aa
aw,aa
k,k
q,q
l,l
q,ax
kcl,kcl
axr,axr
tcl,tcl
w,r
l,l
s,s
ay,ay
kcl,tcl
ow,ow
r,axr
t,t
ih,ix
ow,ow
s,s
f,f
ch,sh
er,aw
ih,ix
tcl,tcl
eh,eh
ey,ey
w,w
eh,eh
s,s
m,n
l,ao
dx,dx
s,t
iy,iy
ey,ey
r,r
ix,ix
m,n
z,z
r,r
z,z
l,l
m,l
l,l
dcl,dcl
w,uw
eh,ae
r,r
v,z
ng,v
n,ax
t,tcl
iy,iy
aw,ae
iy,iy
tcl,kcl
er,axr
t,t
iy,hv
ix,ax
tcl,tcl
dx,dh
th,f
g,p
r,r
r,r
n,en
m,n
y,iy
v,ax
l,l
zh,z
z,z
iy,iy
r,r
y,y
t,tcl
l,l
dh,dh
ow,ow
p,dh
ix,ix
ax,w
ah,aa
dx,ix
w,l
eh,eh
ax,l
s,s
r,r
pcl,kcl
ae,ae
ow,ow
l,ow
tcl,tcl
pcl,kcl
ay,ay
ow,eh
aa,aa
nx,ix
ix,q
uh,r
pcl,pcl
er,axr
dcl,v
q,ax
dx,tcl
ix,ae
tcl,tcl
k,k
w,l
eh,q
ae,ae
r,l
ix,dcl
y,iy
s,s
ax,ix
ae,eh
y,iy
ix,eh
eh,eh
s,s
r,m
ae,ae
m,n
axr,axr
axr,axr
ax,ix
s,sh
aa,l
w,w
r,r
er,er
m,n
tcl,f
aa,aa
p,p
k,k
n,q
dcl,n
dx,dx
k,k
ux,ey
l,l
ix,ix
gcl,dx
bcl,bcl
r,w
ax,ae
ih,ix
ey,oy
sh,sh
kcl,kcl
n,m
m,m
dx,nx
kcl,tcl
n,n
eh,ih
r,r
ow,ah
w,uw
el,el
l,l
n,n
s,s
kcl,kcl
ux,ix
ey,ey
kcl,pcl
ow,ow
p,p
kcl,kcl
kcl,pcl
axr,axr
l,l
z,z
r,r
kcl,kcl
ix,ix
ix,ae
ah,oy
r,r
el,el
kcl,kcl
y,y
ux,ih
n,n
k,hh
ay,ay
r,kcl
iy,ix
el,el
kcl,kcl
y,iy
ow,ow
eh,ih
ae,ae
t,t
kcl,tcl
dcl,tcl
y,y
n,n
ay,ay
iy,iy
q,iy
n,n
m,n
kcl,k
s,s
r,r
iy,n
s,s
ow,ow
jh,jh
jh,jh
ih,ih
iy,r
r,ax
ah,aa
n,n
s,s
l,w
aa,aa
kcl,tcl
q,q
dh,kcl
ux,ix
er,axr
ay,ay
sh,sh
iy,iy
ey,ey
t,k
m,m
ax,ax
el,l
w,w
ey,ey
ah,r
ae,ae
ix,ix
th,tcl
f,f
ao,ow
r,r
dh,dh
dh,k
s,s
ow,ow
ih,ih
th,th
iy,iy
tcl,pcl
n,dh
m,m
ey,ae
axr,axr
n,m
ax,ax
ao,ao
ix,ih
aa,r
ae,ae
r,r
r,r
y,ix
l,l
kcl,pcl
dx,tcl
m,n
q,q
z,z
oy,ey
v,m
ax,ix
ng,ng
m,n
q,q
k,k
sh,sh
s,s
ae,ae
iy,r
ao,ao
ix,ih
kcl,gcl
ae,ae
ix,ix
ih,ih
t,t
ix,ey
hh,hh
ao,ao
aa,aa
ax,ax
ix,ix
jh,ch
iy,iy
tcl,tcl
iy,ey
l,l
z,s
hh,n
ih,iy
ix,ix
n,n
s,s
n,n
bcl,n
iy,iy
uh,axr
dcl,tcl
ae,eh
ax,ix
ih,ix
m,m
gcl,dcl
y,y
dcl,gcl
r,r
s,s
ae,ae
ix,t
gcl,n
bcl,dx
f,f
aw,ae
sh,sh
ax,ax
d,ix
kcl,kcl
gcl,dcl
iy,ey
axr,r
eh,axr
kcl,tcl
ih,ux
s,s
eh,r
r,r
q,r
s,z
dcl,dcl
ax,ax
en,m
w,w
t,d
t,dh
ah,eh
m,m
ix,ix
en,en
n,n
q,q
ae,ae
k,tcl
ih,ih
bcl,bcl
m,m
l,l
axr,r
n,eh
s,s
m,ng
ey,ey
ey,ix
ey,iy
th,tcl
t,th
en,tcl
z,f
v,v
s,s
r,r
s,s
dx,dx
eh,eh
m,m
s,s
v,v
z,s
iy,iy
eh,eh
q,ix
nx,n
f,kcl
aa,aa
d,dh
hh,hh
y,y
ax,ax
z,z
th,pcl
tcl,tcl
q,ng
ix,iy
axr,axr
dh,dh
n,n
tcl,tcl
t,t
iy,iy
ax,ax
kcl,kcl
n,n
tcl,bcl
l,l
sh,sh
dx,t
k,q
jh,jh
r,r
d,t
k,t
iy,r
m,m
pcl,kcl
dh,dh
r,r
r,r
t,t
ih,ih
iy,iy
ow,axr
n,m
dx,dx
ow,l
k,z
ix,ix
k,tcl
ow,ow
l,n
kcl,kcl
eh,ae
iy,iy
kcl,pcl
er,eh
ay,ay
k,k
ey,ey
v,dh
n,n
iy,iy
ax,ix
f,kcl
kcl,k
ah,l
dcl,dcl
z,z
kcl,kcl
z,s
s,s
pcl,pcl
ow,el
t,t
r,r
m,m
f,f
k,dx
p,t
ax,ax
ux,ux
r,r
ae,ih
m,m
ix,eh
s,s
s,sh
eh,eh
iy,iy
n,ix
dcl,hv
aa,ao
y,y
s,s
eh,l
tcl,tcl
nx,n
dcl,dcl
iy,iy
hh,f
ih,ih
ah,ay
g,t
k,k
ao,ao
ow,aa
axr,r
tcl,tcl
ix,nx
z,v
ix,ix
p,k
ax-h,kcl
ah,ax
dh,dh
tcl,kcl
z,z
r,r
ow,el
ay,ay
eh,ix
ae,ae
r,r
iy,iy
s,s
bcl,ng
tcl,pcl
pcl,f
t,k
d,t
axr,axr
eh,ih
ah,ah
kcl,kcl
ao,ao
ax,ax
jh,ch
ix,n
t,t
sh,sh
s,s
ix,ih
ey,iy
g,k
hv,hv
m,n
l,l
n,n
ih,ae
bcl,bcl
nx,dh
ih,ih
r,r
dx,tcl
sh,sh
l,l
w,w
eh,ay
f,t
pcl,pcl
dh,ax
sh,f
ae,eh
ao,ao
el,l
dcl,dcl
s,s
b,tcl
r,r
z,s
kcl,kcl
iy,iy
aa,aa
tcl,tcl
dcl,dcl
s,s
dh,dh
ix,ih
v,v
pcl,pcl
aa,aa
r,r
v,z
m,n
aw,ae
d,d
kcl,pcl
aw,aw
ae,ae
m,n
ih,iy
q,q
n,m
dcl,dcl
gcl,dcl
pcl,pcl
ah,ae
k,q
w,l
iy,iy
axr,r
axr,axr
aa,ao
w,w
m,n
ao,ao
ih,ix
ix,ax
n,n
tcl,bcl
n,ix
ae,ae
m,m
ae,ae
m,n
dcl,gcl
gcl,dcl
hh,hh
ey,ey
kcl,kcl
p,k
hv,hv
ih,ih
k,d
r,r
z,z
tcl,bcl
z,s
m,n
ao,ao
dcl,tcl
ih,ih
ah,eh
kcl,kcl
iy,iy
r,r
ao,ao
kcl,kcl
s,s
iy,iy
f,f
k,k
ix,ih
iy,iy
oy,oy
eh,eh
ay,ae
l,l
l,l
pcl,tcl
ix,ix
tcl,tcl
b,p
n,n
k,k
r,r
er,er
pcl,pcl
pcl,kcl
kcl,tcl
hv,y
dcl,gcl
ix,ix
er,r
ae,ae
kcl,kcl
en,gcl
ah,r
p,k
q,ix
sh,sh
ix,ix
ix,ih
ay,aa
q,q
dcl,dcl
n,n
ae,ae
ix,ix
dx,p
dx,q
ay,ae
en,n
aa,ao
z,dcl
q,q
w,w
y,iy
ax,ix
iy,ix
axr,r
ae,ae
eh,ow
dx,dx
n,n
kcl,kcl
ih,ix
s,s
tcl,dh
ih,ow
gcl,gcl
q,q
ao,ao
ow,ow
n,dcl
q,q
kcl,kcl
l,l
kcl,kcl
m,n
bcl,gcl
dcl,bcl
t,t
q,d
l,l
m,m
tcl,gcl
uh,el
ax,ix
ay,ay
eh,ix
ch,ch
jh,jh
g,kcl
k,k
axr,hv
s,s
kcl,k
ay,ay
r,r
dh,dcl
kcl,kcl
kcl,kcl
w,w
pcl,kcl
ah,ae
l,l
kcl,tcl
k,k
ay,aa
s,pcl
ow,ow
kcl,tcl
t,t
iy,ix
tcl,tcl
ay,ay
q,q
m,n
f,tcl
ux,ux
iy,q
r,r
t,t
y,y
ey,eh
ix,ix
w,w
f,z
ah,ao
r,r
nx,nx
p,hh
ax,n
tcl,kcl
ng,n
ao,l
axr,axr
ax,ax
ow,l
ih,ix
z,z
kcl,pcl
ix,ix
iy,ix
axr,er
oy,oy
l,el
iy,iy
n,n
z,z
sh,s
g,ax
w,l
axr,r
ix,ix
dx,dh
ay,ay
ae,ae
ih,ih
m,n
sh,f
dcl,tcl
m,n
w,y
t,t
s,z
s,s
ax-h,s
g,d
ix,iy
hv,hv
ey,ey
ax,l
bcl,f
ax,ax
w,w
tcl,tcl
ow,ow
s,s
ih,ix
ih,eh
ih,ih
ah,ae
z,z
kcl,tcl
ih,ah
l,l
ix,ih
p,p
eh,axr
g,p
bcl,tcl
ae,ae
ey,iy
ux,iy
ih,iy
kcl,kcl
v,pcl
ix,ix
en,n
q,q
r,r
m,tcl
jh,ch
tcl,tcl
q,q
f,f
p,hh
iy,iy
s,s
s,kcl
dcl,dcl
pcl,pcl
ih,ix
t,q
ay,ay
ow,ow
l,l
k,k
n,n
g,tcl
f,f
ih,ih
ae,ae
ix,ix
bcl,n
kcl,tcl
iy,iy
f,f
r,r
tcl,tcl
tcl,pcl
gcl,n
bcl,dcl
ae,ae
ax,tcl
ux,ux
z,dcl
iy,iy
iy,iy
ah,eh
ax,ix
ix,ix
ix,n
dcl,kcl
pcl,pcl
ao,ao
t,k
l,l
gcl,dcl
sh,s
n,n
dx,r
r,ix
q,q
kcl,kcl
f,s
gcl,gcl
axr,r
g,d
dcl,dcl
ae,ae
n,n
ax,l
iy,iy
eh,ih
gcl,tcl
ow,ao
n,n
tcl,kcl
ae,eh
n,dh
m,m
iy,y
s,s
ih,iy
p,p
tcl,kcl
iy,ey
eh,eh
tcl,k
l,l
l,ix
z,s
aa,ao
r,r
z,z
y,iy
tcl,pcl
l,l
sh,sh
eh,ae
ow,r
ax,ix
k,k
v,v
r,r
n,n
iy,iy
jh,ch
ae,ae
d,t
q,q
kcl,pcl
tcl,kcl
dx,dcl
pcl,pcl
z,z
tcl,tcl
ax,l
bcl,tcl
s,s
g,k
k,k
k,k
iy,iy
ux,ux
z,z
l,l
t,t
r,r
ix,iy
l,l
k,k
t,k
dh,m
ix,ix
y,y
l,uw
iy,iy
ih,ix
k,p
f,f
ae,aw
nx,n
s,s
hh,hh
sh,sh
dx,d
iy,iy
ow,ow
pcl,tcl
k,k
m,n
kcl,tcl
tcl,tcl
ih,ih
tcl,kcl
ax,ih
f,f
iy,q
bcl,tcl
ax,ax
ax,ix
axr,r
bcl,dcl
f,f
t,f
k,k
nx,m
ix,ax
gcl,gcl
z,z
k,k
ax,axr
ix,ix
n,m
aa,ao
kcl,kcl
kcl,kcl
eh,ae
pcl,kcl
iy,iy
iy,iy
ih,ih
m,m
ix,ix
iy,iy
gcl,dcl
z,z
ae,ae
ix,ix
eh,ae
ih,iy
eh,eh
tcl,tcl
ey,ey
n,n
q,q
iy,iy
m,m
n,n
gcl,gcl
ux,iy
ax,ix
ix,l
p,p
r,r
r,r
ae,ae
er,ow
iy,iy
ao,ao
axr,r
pcl,pcl
ao,ao
r,r
p,p
er,r
m,bcl
ix,l
gcl,pcl
er,axr
p,p
dcl,dcl
ow,eh
tcl,tcl
ix,ix
eh,ae
d,p
iy,ih
ih,iy
tcl,ax
s,s
q,q
s,z
d,tcl
z,s
tcl,tcl
q,dcl
k,k
w,w
ih,ih
ix,ix
ey,ey
t,t
r,r
l,ax
iy,iy
ow,ow
axr,er
k,t
ax,ax
l,ax
ey,ey
dcl,kcl
kcl,tcl
dcl,gcl
s,s
dh,dh
r,r
ih,ih
m,n
l,l
gcl,bcl
s,s
tcl,tcl
t,kcl
sh,sh
m,n
kcl,kcl
ix,ix
oy,l
hv,hv
ae,ey
y,ix
v,v
m,m
ax,ax
dh,t
dh,ix
s,dh
ae,ae
n,n
ae,eh
ix,ux
s,s
tcl,kcl
pcl,pcl
k,k
ax,ax
uh,ah
ae,ae
g,k
kcl,kcl
f,f
ix,ix
kcl,kcl
ix,ix
kcl,kcl
pcl,hh
m,m
dcl,tcl
ax,ax
k,k
r,r
n,n
kcl,tcl
ih,iy
l,m
gcl,gcl
dcl,dcl
ix,ix
r,r
z,z
er,aa
m,n
k,k
oy,oy
ae,aa
s,s
ey,ey
tcl,tcl
dcl,z
oy,oy
k,k
ux,r
tcl,kcl
d,k
kcl,p
iy,iy
ix,ih
f,f
axr,axr
iy,iy
l,w
kcl,k
oy,aa
s,s
q,q
l,l
eh,ih
ao,ao
s,s
v,v
ey,ey
l,l
r,axr
eh,axr
ix,ax
k,k
kcl,kcl
dcl,n
iy,iy
t,d
aw,aw
hv,hv
w,q
hv,y
n,n
ey,ey
k,k
ao,w
el,el
tcl,q
ae,ae
t,tcl
ix,ix
aa,axr
dcl,bcl
ix,ix
jh,s
r,m
gcl,bcl
v,v
axr,r
ae,ae
tcl,tcl
ux,ux
ax,ax
th,z
gcl,gcl
r,r
ix,ih
t,sh
k,tcl
ey,ey
f,f
ix,ix
m,l
sh,s
n,n
ih,iy
ih,ih
k,k
nx,ix
s,s
m,m
aa,aa
m,n
n,ax
hv,ix
t,t
pcl,pcl
s,s
ay,ay
l,l
w,w
n,n
s,t
m,bcl
t,sh
n,n
k,k
ae,ae
v,v
n,n
dh,dcl
l,ow
ix,ix
ae,ae
iy,ix
dcl,dcl
dcl,m
ao,ao
iy,iy
ix,n
p,k
k,kcl
d,d
pcl,pcl
n,n
k,k
r,r
bcl,tcl
n,n
aa,ay
zh,sh
s,s
axr,axr
l,w
ih,ix
b,ax
q,kcl
tcl,tcl
kcl,tcl
pcl,kcl
f,f
ix,ix
kcl,kcl
ae,iy
iy,q
q,tcl
t,d
r,r
f,s
axr,r
ax,ax
ey,ey
l,l
q,q
gcl,bcl
l,ix
pcl,tcl
tcl,dcl
iy,iy
pcl,pcl
l,q
t,g
pcl,kcl
dcl,bcl
r,r
l,w
l,ow
gcl,n
m,m
ah,ay
m,ng
s,s
s,z
s,s
t,k
m,m
ao,w
r,r
w,ao
y,y
d,ix
ao,ow
dh,d
m,n
y,y
v,v
q,q
er,er
ax,bcl
dx,q
ay,ay
ux,ux
eh,ae
ix,ix
k,k
m,m
hh,tcl
r,r
jh,kcl
v,m
t,s
p,hh
dh,dh
bcl,bcl
z,z
ao,ao
nx,ix
axr,ix
s,z
s,sh
ao,q
s,s
m,n
ow,ow
th,z
axr,axr
t,f
ay,ay
z,k
ay,ay
ax,q
ih,ih
iy,iy
tcl,kcl
bcl,m
axr,q
r,r
el,l
k,v
hh,tcl
m,bcl
p,p
ih,ih
k,k
t,f
p,p
dh,dcl
r,r
n,n
sh,sh
m,n
w,w
axr,r
tcl,pcl
ey,ae
tcl,tcl
bcl,m
p,p
z,z
d,tcl
k,tcl
q,q
w,ix
m,n
z,z
tcl,tcl
ah,eh
iy,iy
s,s
g,k
ey,ih
iy,iy
ah,ah
kcl,kcl
ao,w
ix,ix
l,l
iy,iy
bcl,dcl
k,k
y,ix
s,s
n,ng
dcl,dcl
ao,ao
y,y
nx,nx
sh,sh
hh,hh
g,dcl
ay,ey
ng,n
r,r
l,l
q,r
ow,ow
v,ax
ih,ih
m,n
sh,sh
axr,r
tcl,tcl
eh,eh
axr,ih
ix,dx
ah,aa
r,r
th,s
kcl,f
d,d
ih,iy
l,l
iy,iy
l,m
dcl,dcl
axr,r
ah,l
ae,ey
m,n
r,r
f,f
ey,ey
oy,ao
s,s
aw,aw
ey,ih
ix,ux
n,n
pcl,v
iy,ey
dcl,dcl
iy,iy
ix,ix
ih,ih
s,s
v,v
gcl,tcl
y,d
ix,ih
n,n
m,n
s,s
m,m
f,f
ih,ih
iy,iy
l,el
r,r
dh,m
s,s
g,k
k,tcl
dcl,dcl
ng,n
hv,hv
kcl,bcl
eh,ix
ih,iy
q,q
l,l
b,dh
axr,r
pcl,pcl
t,t
ih,ih
n,n
ao,el
ay,ay
ae,ae
dx,nx
kcl,z
z,v
ah,ax
s,s
ih,ix
t,t
axr,axr
ay,aa
g,k
n,n
ow,ow
eh,er
pcl,f
aa,aa
ao,ao
ao,ao
z,z
g,k
dcl,n
s,s
er,r
oy,aa
hh,hh
hv,hv
y,hv
ay,ay
n,ix
p,p
dcl,tcl
aa,ao
ix,ix
s,s
ah,ah
tcl,kcl
tcl,tcl
dh,dx
p,p
gcl,tcl
eh,ih
s,s
ux,r
ae,aa
ah,ao
dcl,pcl
w,w
oy,ay
dx,bcl
eh,eh
n,n
ix,n
sh,sh
m,m
tcl,tcl
ah,l
l,l
d,d
gcl,tcl
ix,ix
q,q
m,m
jh,jh
ih,eh
dcl,dcl
z,z
t,t
r,r
iy,ey
kcl,kcl
n,n
jh,z
m,n
aw,aa
hh,p
ey,ey
tcl,kcl
r,r
pcl,tcl
w,w
ow,ow
l,l
n,r
q,n
t,t
hh,hv
m,m
z,z
ae,ae
bcl,n
ah,ax
aa,ao
ay,ay
l,l
bcl,kcl
f,f
ih,ih
aa,aa
t,t
ch,t
kcl,kcl
pcl,tcl
kcl,kcl
ix,n
ay,ay
kcl,tcl
p,p
dx,kcl
n,dcl
ow,aa
g,g
dcl,dcl
ow,ow
r,r
iy,iy
q,ix
eh,ih
ux,ux
iy,iy
m,n
ch,jh
s,s
p,k
dcl,dcl
w,w
t,t
w,w
eh,eh
p,dh
s,s
sh,t
ax,ax
ah,ae
l,l
ay,eh
ch,ch
s,z
dx,k
s,sh
pcl,tcl
m,n
er,axr
dh,v
em,w
s,s
kcl,dh
z,z
er,r
n,n
ax,ax
m,n
k,d
sh,sh
k,k
eh,ih
jh,jh
k,k
ah,aa
w,l
tcl,tcl
d,k
pcl,bcl
l,ax
y,iy
s,s
bcl,gcl
ah,ay
kcl,tcl
s,s
zh,z
s,s
ch,ch
ao,el
pcl,pcl
aa,ao
m,v
s,s
r,axr
k,k
dh,dh
q,q
l,l
sh,sh
n,n
iy,iy
m,m
dcl,n
ae,ae
dx,q
n,n
oy,oy
gcl,tcl
gcl,dcl
n,n
iy,iy
z,s
pcl,pcl
kcl,kcl
n,n
y,iy
y,y
ah,ae
tcl,tcl
kcl,pcl
q,tcl
ux,ux
gcl,gcl
z,z
kcl,kcl
p,p
ix,ax
r,r
eh,ix
pcl,k
tcl,p
ah,ax
ih,q
r,r
el,l
th,tcl
n,n
er,ih
ih,axr
r,r
s,s
ao,aw
aa,aa
zh,ch
hv,gcl
l,w
pcl,kcl
iy,iy
gcl,n
l,ao
s,s
bcl,tcl
aa,aw
aa,ao
l,l
aa,aa
ao,ao
ix,ix
en,ix
eh,ae
ix,ax
ix,v
s,s
dcl,dcl
tcl,tcl
aa,ao
ix,ix
iy,iy
uh,ao
th,s
iy,iy
f,f
n,n
v,v
ix,ix
kcl,kcl
w,l
ay,ay
eh,eh
ix,ih
r,r
kcl,pcl
ih,ih
k,k
iy,iy
n,n
ae,ae
uw,n
ix,ix
dcl,dcl
s,s
kcl,pcl
n,n
z,z
er,axr
ow,l
ao,aa
tcl,kcl
dcl,tcl
w,l
w,l
kcl,kcl
z,s
ih,ix
kcl,kcl
kcl,dcl
q,q
s,s
s,s
kcl,kcl
s,s
axr,ix
ae,ae
ih,ih
ah,ay
tcl,dh
dh,s
ix,ix
dh,d
ih,iy
ax,ix
s,s
sh,sh
iy,iy
aw,aw
ey,eh
n,n
ix,ix
ah,aa
dcl,dx
q,q
ao,ao
r,r
aa,aa
l,el
w,w
f,f
d,d
ih,ih
l,l
dcl,pcl
aw,aw
iy,ih
ay,ay
m,m
n,dcl
m,n
ay,ay
ao,ao
ux,ux
ah,ae
m,n
n,n
n,n
ey,q
ao,ao
dx,d
l,l
tcl,kcl
ih,iy
dx,nx
l,l
ah,ax
ih,eh
n,n
t,t
tcl,k
s,s
d,r
ix,ix
z,s
iy,iy
p,p
z,z
kcl,tcl
kcl,tcl
axr,r
ay,ay
k,g
ih,iy
ao,ao
v,ng
dcl,dcl
m,r
dcl,dcl
hh,p
ax,ax
q,q
k,k
eh,eh
dcl,dcl
pcl,pcl
pcl,kcl
v,r
ey,ey
dcl,dcl
kcl,tcl
er,r
l,ax
ao,ao
m,n
q,q
ix,ix
dx,r
ah,ax
iy,iy
n,n
f,f
dcl,tcl
p,k
v,v
kcl,tcl
bcl,gcl
p,dh
ax,ix
dh,v
em,en
m,m
v,dh
m,m
ao,ax
aa,ao
uh,ax
s,s
ix,ix
l,l
hh,f
r,l
z,l
l,ix
k,k
t,t
ix,ix
l,l
ix,l
l,l
axr,er
ao,ao
ih,ix
ow,ow
zh,zh
iy,iy
eh,eh
dh,f
pcl,pcl
s,s
ih,iy
iy,ix
ax,ax
y,y
s,z
ah,ax
eh,r
m,m
p,dx
ae,ae
iy,iy
ay,ay
ey,iy
ih,q
n,n
hv,n
dcl,tcl
ae,ae
ae,eh
ix,ih
m,m
ey,ey
ay,ay
ey,ey
tcl,dx
f,tcl
s,s
hh,hh
tcl,q
er,r
ao,ao
q,q
ax,ix
s,z
ix,ih
ae,ae
dcl,tcl
ax,n
f,f
ae,ae
ax,ah
tcl,bcl
uh,ax
t,t
ae,ae
ax,l
y,y
s,s
l,l
ey,iy
hh,hh
n,n
ux,ux
f,f
z,s
aa,aa
ah,eh
n,n
tcl,tcl
f,tcl
r,r
aa,aa
s,z
r,r
s,z
bcl,bcl
iy,iy
p,p
dh,dh
ih,r
uw,el
ao,w
t,tcl
z,z
r,r
k,k
iy,iy
n,n
kcl,k
hh,hh
en,en
ix,ix
t,dh
s,s
l,l
kcl,kcl
bcl,dcl
ow,ao
tcl,tcl
kcl,kcl
ae,ae
ih,l
s,s
ao,ao
g,jh
n,ng
axr,axr
l,el
v,v
n,ax
iy,iy
ix,ih
iy,iy
hv,hv
iy,iy
kcl,gcl
m,m
ix,n
er,r
ix,ix
ax,l
ae,ae
ih,ix
n,n
iy,iy
dcl,dcl
bcl,bcl
y,iy
r,axr
s,s
tcl,tcl
dcl,n
q,ae
oy,oy
k,k
n,n
eh,ae
r,m
eh,eh
dcl,dcl
q,q
f,f
uh,uw
ao,oy
aa,ao
axr,axr
m,n
l,l
n,m
ih,ih
n,n
eh,ae
iy,iy
ix,ax
k,k
kcl,tcl
s,s
ae,ae
th,th
ix,ix
dh,ix
eh,ix
pcl,pcl
dh,dcl
jh,n
m,n
l,l
ay,ay
r,axr
ow,ow
z,s
tcl,bcl
hv,hv
ao,ao
v,tcl
z,z
ae,ae
dh,n
iy,iy
t,dh
ey,ix
l,l
kcl,z
axr,axr
sh,kcl
iy,iy
ix,ix
ow,ao
jh,jh
hh,hh
dcl,dcl
m,n
s,s
l,l
ix,ix
ih,iy
aa,ao
w,l
ae,ae
z,z
ix,ix
n,w
n,n
er,axr
t,t
eh,ae
ao,ao
ah,m
r,r
ax,ix
z,z
t,t
uh,uh
axr,axr
q,k
gcl,gcl
tcl,tcl
ix,d
nx,n
tcl,kcl
r,r
iy,ix
el,el
ix,ix
ae,ae
axr,r
k,z
el,w
pcl,pcl
jh,ch
l,ax
ay,ae
aw,q
ix,ax
l,l
p,k
sh,s
iy,ix
q,q
ix,ix
iy,iy
z,s
m,m
kcl,kcl
s,s
ao,aa
s,s
p,p
f,t
ih,ix
s,kcl
q,q
tcl,tcl
pcl,kcl
l,l
p,p
eh,ih
t,t
w,w
oy,oy
ih,ae
l,w
sh,sh
uh,ih
tcl,tcl
er,r
n,n
s,s
l,eh
gcl,tcl
aa,ae
ey,ey
r,r
q,q
eh,ih
dcl,n
axr,r
eh,axr
d,ix
f,s
s,sh
ix,ux
ax,ix
ch,k
ae,ae
l,l
ix,ix
p,dh
kcl,kcl
aa,aa
s,s
w,w
ay,ae
iy,iy
ow,ow
v,v
n,n
k,dx
iy,iy
n,n
n,n
l,el
iy,gcl
y,y
ao,ao
n,n
ey,ih
dx,ix
kcl,tcl
r,r
t,t
dcl,dcl
er,r
er,iy
ih,ih
w,w
tcl,n
k,k
dh,q
el,el
g,g
ax,n
pcl,kcl
dx,dx
ey,ix
z,z
axr,w
ix,ix
d,p
ix,ix
r,r
l,l
w,w
d,k
ax-h,ax
k,k
r,axr
gcl,q
tcl,kcl
ux,ux
iy,iy
dh,t
ae,ae
v,v
sh,sh
tcl,tcl
ae,ae
s,s
iy,iy
t,s
hh,hh
eh,ih
z,f
q,q
pcl,pcl
ix,ix
axr,dcl
y,y
l,l
dcl,dcl
oy,oy
aw,aw
ao,w
ae,ae
n,n
kcl,kcl
r,eh
ah,r
s,s
sh,sh
ao,ao
ih,ih
ah,r
pcl,tcl
iy,iy
ae,ae
ah,ao
ix,ix
sh,sh
n,n
r,r
ax,ax
uw,ux
z,dcl
m,m
r,r
axr,axr
ix,ey
m,n
p,p
el,w
iy,iy
kcl,k
nx,n
t,tcl
k,k
r,r
v,ng
ey,ih
l,ix
t,t
m,m
g,d
kcl,kcl
s,sh
d,d
n,n
ih,ix
ax,ax
s,s
iy,iy
ch,jh
y,t
k,k
aa,ae
iy,iy
kcl,kcl
ix,ix
axr,axr
z,pcl
t,t
pcl,pcl
ah,ay
ix,ix
uw,l
tcl,tcl
pcl,z
ix,ix
kcl,pcl
pcl,tcl
iy,iy
dcl,dcl
m,m
ax,ax
ao,ao
d,t
dcl,dcl
dx,dx
ax,r
s,s
ix,ix
m,l
hh,hh
k,k
f,f
tcl,f
iy,iy
tcl,tcl
bcl,n
ay,ay
bcl,bcl
tcl,tcl
iy,ih
aa,q
kcl,kcl
n,n
aa,ao
ih,iy
ae,ae
t,t
d,dh
tcl,tcl
v,gcl
v,v
bcl,v
iy,iy
ow,ow
dcl,tcl
uh,ih
s,s
ih,ey
f,f
iy,iy
ih,ih
z,z
ux,iy
jh,jh
ao,r
hv,hv
tcl,pcl
kcl,kcl
sh,sh
n,n
d,k
dcl,dcl
pcl,pcl
ow,axr
dcl,dcl
kcl,tcl
r,m
eh,r
ix,t
g,k
n,n
dcl,v
r,r
ah,ah
s,s
iy,iy
em,m
z,z
t,t
jh,tcl
bcl,bcl
hh,hh
l,l
tcl,pcl
ix,ix
gcl,gcl
z,s
r,axr
sh,sh
hh,hh
n,n
kcl,tcl
s,s
l,l
dh,v
ae,ae
ix,ix
p,p
d,ix
hh,k
ix,ix
ih,ae
f,tcl
pcl,pcl
dcl,ix
dx,dx
aa,r
ao,aa
s,s
q,tcl
n,dh
m,m
ng,n
s,s
l,l
ng,n
aa,aa
aw,aa
tcl,tcl
dh,dh
iy,iy
w,w
t,k
r,r
ao,aa
v,n
ay,ay
ae,ae
th,tcl
el,el
kcl,kcl
b,dh
iy,iy
q,el
ae,aa
hh,hh
s,s
q,q
tcl,ax
dx,q
ah,ix
sh,sh
dcl,tcl
ix,ix
n,n
k,p
ix,ax
sh,sh
l,l
iy,iy
ey,iy
q,q
iy,l
sh,s
ao,ao
f,f
z,z
ao,ao
p,v
p,p
tcl,tcl
iy,iy
t,ch
ax,ix
l,l
p,k
iy,iy
iy,iy
ao,ao
ow,ow
d,d
l,l
ax,ix
bcl,bcl
r,r
t,t
tcl,kcl
iy,ix
q,q
oy,oy
ux,ih
axr,ix
ih,iy
tcl,tcl
ix,ix
r,r
ix,ng
ix,ax
r,r
aa,aa
n,ix
aa,aa
s,f
eh,eh
tcl,tcl
k,k
tcl,tcl
t,t
ih,iy
ih,iy
f,f
iy,iy
er,er
tcl,tcl
ix,ix
ey,ey
oy,oy
f,pcl
q,ix
l,l
v,f
k,k
hh,hh
ix,axr
l,l
w,w
eh,eh
ih,ih
d,t
f,f
g,jh
r,r
n,m
w,w
ey,ey
q,q
pcl,kcl
m,m
aa,aa
p,hh
axr,r
q,q
ay,ax
s,s
s,s
axr,ix
kcl,kcl
k,jh
dcl,dcl
r,r
en,n
r,axr
n,n
pcl,q
d,k
axr,axr
ow,ow
l,r
ay,ay
q,q
ae,ae
n,n
s,s
l,ax
tcl,jh
ax,ix
kcl,kcl
ao,l
ae,ae
bcl,v
ix,iy
t,d
dcl,dcl
dh,n
t,v
ow,ix
zh,sh
gcl,dcl
n,ux
ix,ih
ix,r
s,s
pcl,f
eh,eh
y,iy
bcl,v
iy,ih
ow,ah
bcl,v
kcl,kcl
tcl,hh
w,w
r,r
ay,aa
z,s
iy,iy
s,z
ix,ax
q,q
axr,ih
w,l
axr,r
ao,ao
t,s
v,ix
hh,k
ih,ix
ey,iy
ih,eh
en,tcl
aa,ae
g,k
gcl,dcl
ix,ix
z,s
el,n
s,s
ey,ey
ax,r
eh,eh
ax,ax
l,dx
m,m
f,f
er,r
k,k
m,l
ih,ih
n,n
aw,ae
n,n
th,s
ao,ao
dh,d
hh,k
er,er
kcl,kcl
y,y
g,dh
iy,iy
ng,m
ch,jh
pcl,tcl
ax,axr
ah,ax
ay,ay
l,l
t,t
ix,ix
n,n
en,en
dh,tcl
s,z
m,m
t,q
ow,ow
s,s
k,tcl
pcl,s
pcl,pcl
jh,d
kcl,tcl
z,z
ix,ix
n,n
l,ix
s,s
iy,iy
q,q
ah,n
r,r
r,r
ux,ux
pcl,k
ix,ix
f,f
er,axr
ix,iy
l,l
s,s
pcl,tcl
t,kcl
ih,ih
uw,ao
w,w
eh,ae
g,k
m,m
pcl,tcl
ay,ay
axr,ix
s,s
w,q
l,ng
m,m
ey,ey
aa,aa
tcl,dcl
axr,er
ix,ix
r,r
aa,ao
pcl,tcl
q,iy
s,s
ax,l
ow,ow
dcl,tcl
ih,iy
ih,ix
axr,axr
pcl,tcl
iy,iy
l,n
dx,dx
ax,ix
bcl,bcl
z,z
dh,n
eh,eh
pcl,tcl
dh,t
dcl,bcl
ix,ix
er,axr
k,t
l,l
tcl,tcl
dh,d
ao,ao
ix,eh
l,l
m,n
ax,ow
t,k
ao,aa
f,f
l,l
kcl,tcl
r,r
s,s
r,r
aa,aa
bcl,v
q,q
r,eh
bcl,bcl
ux,en
gcl,n
ch,ch
pcl,dcl
iy,iy
ae,ix
bcl,tcl
s,s
iy,iy
axr,eh
er,r
dx,k
z,tcl
ax,ax
ae,ae
aa,ao
ay,ay
n,n
k,hh
kcl,tcl
ae,ae
tcl,dcl
s,s
ix,ix
s,z
z,tcl
d,hh
ae,ae
tcl,tcl
dcl,dcl
ih,ih
ch,jh
eh,ih
ng,n
ao,ao
ah,ow
aa,aa
v,v
iy,iy
r,r
l,ow
aa,ay
ih,ih
w,w
ay,ay
ax,l
bcl,kcl
bcl,f
kcl,tcl
s,s
r,r
z,s
ay,ay
f,f
s,s
ih,ix
dh,dh
iy,iy
aa,axr
n,n
kcl,kcl
kcl,kcl
m,m
axr,axr
s,z
tcl,tcl
k,k
tcl,tcl
ay,ay
ih,ux
oy,oy
ae,ae
s,s
ay,ay
ae,ae
s,f
ah,aa
iy,iy
l,l
uh,el
n,n
tcl,dcl
s,s
tcl,pcl
ix,k
z,z
iy,iy
k,kcl
ow,ow
pcl,pcl
iy,iy
er,nx
pcl,tcl
axr,r
l,l
l,q
axr,r
kcl,p
er,er
dx,dx
y,q
eh,ih
r,r
kcl,hh
l,l
ih,ih
l,l
axr,q
ix,ix
iy,iy
z,z
ae,ae
s,s
eh,ax
bcl,bcl
q,q
ax,ax
s,kcl
pcl,tcl
hh,hh
axr,r
ey,ey
iy,iy
d,d
gcl,hh
ao,ao
ae,ae
ae,aa
ih,ih
m,m
eh,ae
el,el
ow,ow
y,ix
er,axr
dh,dh
kcl,k
hv,hv
er,er
q,q
r,ay
pcl,pcl
n,n
iy,w
r,ao
er,r
l,l
ng,ng
kcl,tcl
m,n
z,z
g,k
ao,aa
s,s
n,n
g,k
w,w
z,z
w,w
tcl,q
er,r
ax,l
k,k
y,w
ux,ux
w,w
s,s
l,l
nx,n
pcl,kcl
ay,ay
dh,tcl
m,m
ix,ix
p,k
sh,ch
z,z
b,p
ih,ih
axr,er
kcl,kcl
kcl,hh
dx,tcl
iy,iy
ix,ng
uw,eh
r,r
er,r
ih,ih
ix,iy
s,s
r,r
f,s
bcl,tcl
bcl,pcl
iy,iy
l,ix
l,l
ix,ax
oy,oy
ix,iy
m,n
n,n
ih,ih
w,ng
q,q
s,s
dcl,v
ae,ax
b,p
tcl,tcl
ax,ix
dcl,dcl
ae,ae
hv,hv
tcl,dcl
p,p
axr,axr
kcl,kcl
z,z
f,f
ch,ch
axr,axr
r,r
ng,ng
l,l
ih,ix
aa,aa
iy,iy
w,w
k,k
eh,eh
eh,ey
ix,iy
v,f
eh,axr
iy,iy
t,t
ux,iy
eh,r
k,k
eh,ae
tcl,pcl
ao,ao
ah,ix
uw,uw
aa,r
tcl,tcl
ax,ix
q,q
tcl,pcl
r,l
f,f
iy,ey
axr,r
ao,ao
t,t
q,q
s,s
l,l
k,p
z,jh
m,dh
n,n
ix,ix
ax-h,dcl
ae,ey
kcl,tcl
k,d
s,s
l,l
q,q
axr,axr
z,z
d,k
ao,aa
aw,aw
ix,n
l,l
s,s
hv,hv
ix,ix
ix,axr
iy,iy
oy,oy
tcl,kcl
ix,ix
iy,iy
y,y
oy,oy
v,v
l,l
uh,r
n,n
ey,ey
ao,ao
ih,ix
iy,iy
ay,ey
ix,ih
ix,ih
l,q
l,l
z,s
axr,r
ih,ix
dx,l
w,w
g,kcl
s,s
iy,ey
s,s
z,s
ax,l
s,s
ih,eh
ix,ix
m,m
q,axr
sh,sh
tcl,dcl
r,axr
bcl,tcl
ix,ix
w,l
t,p
ey,ey
ow,ux
dcl,k
l,ax
ah,aa
r,r
r,r
iy,iy
p,p
iy,iy
eh,ah
ae,ae
z,tcl
dh,l
n,n
tcl,tcl
dx,ax
eh,eh
ux,axr
ao,ao
k,k
ih,ih
iy,iy
ey,eh
axr,r
ao,ao
m,m
ey,iy
axr,axr
dcl,dcl
aa,ao
ao,ao
ux,ux
z,z
r,l
iy,ix
r,r
y,y
ux,ux
ix,q
ix,ix
p,k
s,s
aw,l
ix,ix
m,n
gcl,n
eh,eh
oy,oy
ix,ix
p,d
gcl,pcl
iy,iy
ix,ix
tcl,kcl
t,s
ih,ih
y,y
f,f
s,s
y,iy
m,n
r,ih
kcl,pcl
r,m
aa,ao
sh,sh
axr,axr
w,w
l,l
eh,eh
ah,eh
v,tcl
tcl,tcl
s,s
k,p
ah,ix
tcl,tcl
th,tcl
eh,eh
dh,jh
l,l
ux,ux
tcl,tcl
g,kcl
ay,ay
aw,ae
ah,l
m,n
r,axr
s,s
dx,dcl
ih,ih
ix,ix
n,n
r,axr
ix,iy
m,ng
ix,ix
sh,sh
sh,s
dh,dh
w,w
uh,ix
n,dh
ao,ao
r,l
ng,n
ax,ax
tcl,s
r,r
ih,iy
axr,r
ch,t
ih,ih
aa,aa
z,z
f,f
z,z
ah,eh
n,q
n,n
iy,iy
uh,ow
z,t
ax,ix
ah,ah
aw,ow
y,k
ih,ih
g,g
axr,r
l,l
q,g
ao,ao
l,r
iy,iy
tcl,tcl
uh,ix
dcl,dcl
v,v
s,s
pcl,tcl
eh,ix
w,w
ix,iy
ix,n
ih,ih
r,r
r,dh
n,n
y,iy
eh,ow
dh,n
d,tcl
r,r
n,n
bcl,m
ow,ow
ay,ay
s,s
s,s
l,l
ix,iy
ae,ae
pcl,kcl
n,n
iy,iy
pcl,pcl
z,s
iy,iy
ao,ow
tcl,tcl
r,r
kcl,kcl
w,w
p,p
p,kcl
ao,ao
r,r
s,s
eh,iy
ay,ay
n,n
v,f
t,t
ux,ih
el,el
ao,ao
m,dh
g,k
eh,ix
ax,ix
eh,ix
r,r
iy,iy
uw,ux
dcl,dcl
ey,ix
aw,eh
l,l
r,r
ay,ay
y,y
iy,iy
ng,ng
ix,ix
t,t
eh,eh
s,s
r,r
eh,eh
r,r
ah,aa
gcl,bcl
sh,sh
sh,sh
iy,iy
ao,w
n,n
ey,ih
pcl,pcl
s,s
ax,l
ao,ao
ih,ih
iy,iy
k,k
m,n
l,l
m,n
r,r
f,f
aa,aa
er,er
tcl,kcl
dh,tcl
aa,ao
k,k
v,v
q,q
m,n
ah,ax
dh,pcl
w,w
ix,ix
n,ix
ux,iy
m,m
tcl,kcl
em,m
eh,ih
tcl,r
s,s
ix,ix
ih,ih
tcl,tcl
dcl,dcl
ae,ae
em,m
kcl,k
aw,aw
kcl,kcl
dcl,bcl
ay,aa
dx,v
l,r
t,t
ah,ay
l,l
uw,l
m,tcl
ix,ix
m,n
dcl,dcl
k,k
dcl,dcl
bcl,dcl
s,s
r,r
ax,n
ih,ey
axr,r
axr,r
p,p
ay,ay
dcl,dcl
pcl,tcl
ae,ae
l,l
sh,sh
iy,iy
n,n
s,t
iy,iy
kcl,tcl
ey,ey
l,n
n,ix
d,d
r,r
aw,aw
ix,iy
r,r
s,s
s,s
dcl,l
ae,eh
el,el
axr,axr
f,f
hv,hh
tcl,q
s,s
ih,ix
kcl,k
k,k
ix,ix
kcl,kcl
ih,ih
er,r
axr,r
k,d
kcl,kcl
z,s
n,n
d,y
pcl,pcl
ix,d
ao,ao
iy,iy
ix,ix
ch,ch
dh,dh
ng,ae
gcl,v
s,s
kcl,tcl
iy,ih
l,l
pcl,tcl
bcl,dcl
t,k
bcl,bcl
g,g
f,f
ix,ix
tcl,tcl
en,v
iy,iy
m,n
k,k
ix,ih
pcl,pcl
ah,r
l,w
oy,ao
z,ch
iy,iy
eh,ah
r,r
ao,ao
t,k
ih,ix
q,q
z,tcl
s,s
p,f
ih,eh
oy,oy
l,l
iy,iy
ix,ix
r,r
tcl,tcl
ix,ix
iy,iy
iy,iy
uw,l
f,s
dh,v
gcl,v
dx,r
w,l
iy,iy
r,l
iy,iy
tcl,tcl
hv,hh
r,r
eh,ae
s,s
ix,ix
l,el
dcl,bcl
p,p
dcl,tcl
iy,iy
s,s
k,k
ah,ao
s,s
tcl,dcl
p,p
n,r
s,s
iy,iy
dcl,dcl
f,f
l,l
ix,eh
eh,ey
iy,iy
s,s
ih,r
ah,ow
z,z
v,r
ax,n
q,q
g,k
k,t
ae,ae
s,s
tcl,tcl
ih,ix
s,s
r,l
iy,iy
dh,v
ao,ao
ix,ix
eh,ae
kcl,tcl
em,n
dcl,gcl
y,iy
axr,ix
l,l
hh,iy
ux,l
r,r
aw,ay
ae,ae
r,r
ax,ax
z,z
ax,ax
f,f
ix,ix
s,s
pcl,pcl
ux,ux
n,n
iy,iy
ix,ix
nx,ax
ix,ix
r,r
iy,iy
n,n
n,n
b,p
m,n
m,n
m,m
y,t
ae,ae
en,n
p,k
f,f
m,m
l,w
ay,ay
f,z
z,s
ao,ao
aw,aw
m,n
y,y
p,p
el,l
r,r
ey,ey
r,iy
ih,ih
hv,hv
tcl,kcl
r,r
k,kcl
dcl,v
axr,axr
ey,ey
l,l
sh,jh
eh,ih
z,s
ow,ow
tcl,dx
gcl,dcl
gcl,kcl
ow,ow
kcl,kcl
ch,ch
ux,ux
q,p
eh,ih
ah,ay
iy,iy
ae,ae
s,z
dcl,dcl
iy,iy
iy,iy
tcl,kcl
ax,q
ah,l
l,l
kcl,kcl
dcl,gcl
m,m
ay,ay
ey,ey
iy,iy
w,w
w,w
sh,sh
r,w
t,t
z,z
m,n
tcl,kcl
ao,eh
tcl,dx
ey,iy
b,p
kcl,tcl
aa,ay
l,l
tcl,tcl
s,z
aw,ah
uh,eh
kcl,pcl
l,l
dx,dcl
s,s
ae,ae
ax-h,q
ow,ow
f,f
dcl,dcl
s,s
dcl,tcl
pcl,kcl
s,s
uh,ah
pcl,pcl
iy,iy
t,p
w,w
ix,ix
f,f
en,n
n,n
eh,ax
eh,ae
ow,ow
ax,ix
aw,aw
z,z
l,ix
ey,ey
tcl,tcl
s,s
eh,ix
iy,iy
sh,sh
sh,sh
s,s
l,w
s,s
tcl,tcl
kcl,tcl
s,s
n,n
r,r
w,w
uh,ih
r,r
s,s
dx,dx
tcl,tcl
iy,ey
n,n
ay,ay
ux,ux
ow,ow
ix,dcl
l,l
r,r
ah,r
ix,ix
n,n
pcl,tcl
ow,aw
kcl,tcl
iy,iy
er,ux
ay,ay
en,n
hh,tcl
d,d
s,s
g,k
l,w
l,l
t,t
axr,r
q,ix
q,q
l,ax
dcl,n
r,ay
m,m
s,s
ey,ey
ax,eh
n,n
aw,ae
ih,ih
eh,r
ih,ih
th,s
jh,jh
t,d
ix,ih
ix,ix
pcl,gcl
kcl,z
w,w
ih,iy
axr,ax
er,r
hv,hv
r,r
th,sh
ae,ae
t,t
kcl,k
r,r
tcl,pcl
axr,r
r,r
iy,iy
ae,ih
w,w
dx,dx
eh,eh
t,t
bcl,dcl
jh,jh
n,n
b,tcl
ix,ix
ao,ao
ax,ax
n,ax
y,y
t,d
m,m
ix,ih
m,n
m,m
r,r
r,r
ix,ix
kcl,kcl
gcl,tcl
t,p
l,uw
ao,aa
iy,iy
l,ix
v,v
iy,ey
pcl,tcl
ah,eh
ih,ix
ao,ao
iy,iy
ah,ah
l,l
aa,ay
m,m
r,axr
k,k
p,p
iy,iy
tcl,ix
eh,eh
r,r
aw,aw
v,v
k,k
r,r
n,ix
ey,ey
r,iy
w,l
ix,ix
z,z
w,n
ix,ix
iy,iy
ay,ay
q,q
w,w
hv,w
t,dh
r,r
oy,oy
iy,iy
t,t
ax,l
d,dh
s,s
tcl,tcl
ih,m
iy,ix
kcl,kcl
tcl,tcl
th,tcl
ax,l
ix,ah
pcl,tcl
n,n
k,k
nx,n
ax,n
kcl,kcl
sh,sh
iy,iy
ay,ay
iy,iy
p,f
l,l
f,f
kcl,kcl
aa,aa
n,n
iy,iy
ax,l
sh,sh
n,tcl
k,k
dcl,dcl
en,q
tcl,tcl
hh,hh
p,p
sh,ch
kcl,q
ix,r
q,q
n,n
s,s
s,s
r,r
jh,ch
r,r
w,w
axr,r
k,k
k,tcl
dh,n
z,z
l,l
axr,r
r,m
ih,ih
uw,uw
iy,iy
er,eh
l,l
l,l
iy,iy
kcl,pcl
y,y
dh,d
f,f
ey,ey
s,s
ix,ix
oy,ao
k,p
n,n
kcl,tcl
eh,eh
s,sh
w,w
z,s
er,r
s,s
ae,ae
s,s
axr,ix
y,y
eh,ih
dh,n
ih,r
n,n
nx,n
l,l
ay,ae
ix,iy
s,s
r,r
ng,l
z,s
ow,el
z,s
r,r
ix,ix
ix,n
eh,eh
n,n
w,w
aa,aa
aa,ah
aa,ay
m,m
ih,ih
ih,ih
ih,ae
r,r
ux,l
gcl,dcl
ih,ih
z,z
kcl,tcl
pcl,f
ih,ix
kcl,kcl
s,s
d,v
ax,ix
w,w
ae,ae
s,s
bcl,n
iy,ey
t,t
pcl,t
ay,ay
r,n
en,ix
r,r
ix,ix
ax,ix
p,k
m,m
g,tcl
uw,w
dh,dh
r,er
b,kcl
dcl,dcl
ax,ax
ax,ao
w,w
axr,ux
kcl,tcl
d,ix
ix,eh
tcl,tcl
q,ix
iy,iy
q,q
s,s
dcl,n
y,hv
s,f
tcl,tcl
ch,ch
bcl,m
l,w
dh,tcl
er,r
ay,ay
kcl,kcl
f,f
m,m
ah,ah
er,ae
aa,aa
tcl,dx
ae,ae
ah,ah
ih,ix
w,r
f,s
z,z
q,q
m,m
kcl,kcl
ae,ae
dcl,dcl
ix,r
dh,dh
r,r
ix,dcl
n,n
n,n
ix,ix
p,p
t,t
aa,r
hv,q
kcl,kcl
ix,iy
y,q
r,r
hv,iy
q,q
kcl,kcl
dh,dh
v,v
ow,ao
ih,l
ax,l
tcl,tcl
ao,ao
r,r
tcl,kcl
n,n
f,f
ey,iy
s,s
ix,ix
m,ax
el,ow
ae,eh
v,v
f,f
hv,hv
dcl,tcl
w,w
ah,ae
p,tcl
y,y
tcl,f
kcl,kcl
axr,axr
t,t
ah,aa
ng,m
iy,iy
ix,iy
dh,d
aa,ay
p,p
ix,ix
s,s
y,ux
g,p
ix,l
tcl,p
ey,ay
eh,ey
oy,l
er,r
ux,ux
p,p
n,n
ch,ch
s,s
n,n
iy,iy
f,f
r,r
p,hh
z,z
dcl,dcl
ow,ow
iy,iy
hv,hv
r,r
s,s
el,el
gcl,kcl
r,r
m,m
ih,ih
er,er
el,ow
el,el
ix,ix
th,tcl
bcl,n
r,r
jh,jh
uw,ux
ax,ax
q,q
nx,w
bcl,r
kcl,tcl
t,k
kcl,tcl
n,m
ey,iy
r,r
ao,ao
ix,ix
r,ix
v,dcl
w,uh
ax,eh
ax,ix
kcl,tcl
dcl,tcl
s,s
ix,ix
s,s
t,t
bcl,th
g,d
kcl,tcl
w,w
ng,n
gcl,l
v,v
t,l
ah,eh
ao,ao
ux,ax
w,w
q,ax
ix,ix
er,r
n,n
ae,ae
bcl,dcl
w,w
ay,ay
l,l
ih,ih
dcl,tcl
ah,ah
iy,iy
ih,iy
f,f
m,m
f,f
w,w
l,n
v,v
ow,ow
ah,r
ao,l
kcl,tcl
bcl,v
aw,aw
sh,sh
r,r
ix,ix
ey,ey
kcl,tcl
kcl,tcl
sh,sh
th,tcl
ch,s
l,l
dcl,dh
m,m
l,ax
y,iy
r,ao
t,d
v,v
iy,iy
ih,ih
ix,n
r,r
n,ix
r,r
bcl,pcl
z,z
iy,ey
dh,n
aa,aa
ih,ih
l,el
ih,iy
ih,ih
er,axr
z,z
w,l
s,s
kcl,kcl
dcl,dcl
tcl,tcl
sh,sh
eh,uh
n,bcl
s,s
ch,k
l,w
s,s
uw,ao
r,l
nx,n
y,iy
er,er
t,t
iy,iy
ah,ih
z,kcl
ah,ah
uh,ih
aa,aa
ao,ao
n,n
ax,ix
n,gcl
t,d
iy,iy
s,s
dcl,dcl
n,dcl
r,r
m,n
eh,eh
iy,iy
ay,ay
ao,el
ax-h,iy
k,k
s,s
iy,iy
eh,eh
pcl,pcl
kcl,z
w,w
l,l
aa,aa
s,z
aa,ax
el,ao
n,n
r,m
kcl,tcl
r,ax
iy,ey
ih,ey
iy,iy
l,l
z,z
axr,r
n,m
aa,r
ey,iy
bcl,bcl
tcl,m
iy,ih
iy,iy
sh,sh
ix,ix
z,z
s,s
m,bcl
ae,ae
hv,hv
er,r
r,r
ax,ah
eh,ix
ix,ix
f,f
aa,aa
ih,ix
p,p
gcl,kcl
tcl,pcl
d,t
q,q
tcl,n
kcl,tcl
dcl,dcl
ae,ae
v,gcl
t,t
hv,iy
q,axr
er,er
bcl,kcl
d,v
ix,q
s,s
sh,sh
f,f
ae,ae
kcl,tcl
d,d
m,m
ix,ih
ix,n
bcl,dcl
n,n
aa,ao
dcl,dcl
bcl,kcl
axr,axr
n,n
k,p
n,n
m,n
uh,ix
n,n
kcl,kcl
ow,ow
y,jh
el,l
f,f
tcl,tcl
t,t
ae,ae
tcl,pcl
n,dcl
ae,ay
tcl,gcl
oy,aa
bcl,r
s,s
ah,aa
ow,ow
ey,ey
ow,ow
ix,ix
ae,ae
ay,ay
ix,ax
ix,ax
ax,ix
pcl,pcl
ax,ow
sh,sh
p,p
v,v
em,m
g,k
z,s
s,z
n,dh
ae,ae
ix,ix
dh,k
ah,eh
d,p
ax,ax
er,r
tcl,tcl
r,axr
v,v
ax,ax
d,t
w,m
tcl,pcl
k,t
kcl,kcl
dh,n
r,r
n,n
ey,ey
d,t
ax,ix
t,t
kcl,tcl
r,r
ax-h,kcl
t,t
ax,ax
l,l
er,eh
kcl,kcl
gcl,gcl
f,f
ae,ae
ih,ih
dh,pcl
n,iy
tcl,tcl
g,d
kcl,tcl
s,s
b,k
gcl,gcl
iy,iy
r,ax
r,r
eh,eh
r,r
ae,ae
ix,iy
r,r
dcl,dcl
q,q
k,k
k,k
p,p
axr,axr
dx,dx
ix,ih
iy,iy
l,dh
v,bcl
iy,y
m,m
eh,ah
z,s
dh,dh
q,q
ay,ae
z,s
zh,s
tcl,kcl
dh,g
t,dh
tcl,tcl
y,iy
ey,ey
sh,sh
ah,ah
iy,iy
ix,ix
axr,r
m,m
jh,ch
s,tcl
ix,ix
iy,iy
el,q
s,s
ah,ah
r,r
r,r
s,s
iy,iy
t,k
ax,ax
er,r
w,w
ax,q
ow,ao
dcl,dcl
m,n
axr,r
eh,ih
n,m
t,k
ax-h,q
aa,aa
hh,hh
tcl,kcl
el,l
ix,ix
ow,ah
w,w
r,r
ay,ay
ix,ih
ow,el
ao,ao
z,s
w,w
n,n
iy,iy
iy,iy
ah,eh
oy,oy
k,p
ix,eh
aa,aa
w,w
dcl,dcl
ax,ix
eh,eh
t,t
f,f
m,m
th,t
p,p
t,t
n,en
ao,ao
n,r
iy,iy
ax,n
aw,aa
q,pcl
tcl,tcl
s,s
hh,hh
tcl,kcl
ey,ey
k,k
axr,er
hv,hv
ax,l
m,m
ix,ix
d,k
hh,t
ix,eh
m,n
aa,ow
axr,q
ix,iy
el,l
n,m
m,m
ih,ax
pcl,pcl
iy,iy
m,m
v,v
tcl,pcl
r,axr
eh,ax
hv,n
f,f
s,s
m,v
tcl,tcl
n,n
dcl,tcl
t,k
kcl,kcl
w,ax
aw,ae
kcl,kcl
t,k
w,v
ae,ih
s,s
iy,iy
ix,ix
dcl,n
ax,n
en,ao
eh,ey
bcl,n
m,m
axr,r
ey,ey
w,ih
f,f
aa,aa
p,p
r,er
nx,n
s,s
l,l
ux,uw
tcl,tcl
g,k
t,t
q,l
v,v
iy,ix
g,k
er,r
t,t
d,d
dcl,pcl
y,ih
aw,ae
er,r
tcl,kcl
eh,ey
n,tcl
b,p
iy,ix
hv,hh
dcl,dcl
ae,ae
w,w
q,dh
pcl,tcl
axr,axr
ay,ay
er,r
dx,tcl
ih,iy
ih,ih
ay,aw
ae,ae
gcl,dcl
d,k
jh,k
er,er
g,k
q,q
eh,eh
s,s
pcl,z
v,bcl
ix,iy
eh,ae
ih,ix
s,s
ao,ao
w,w
w,q
aw,aw
q,q
n,n
tcl,tcl
w,ao
dcl,kcl
el,l
m,n
ah,ae
ih,ix
z,v
ae,ae
r,r
en,n
d,q
w,ao
ix,ix
q,iy
zh,ch
uh,l
y,y
s,s
m,n
r,r
w,w
tcl,tcl
bcl,kcl
sh,sh
r,r
s,s
ix,ix
dcl,dcl
iy,iy
tcl,tcl
iy,iy
t,pcl
s,s
m,n
el,ao
n,tcl
ey,iy
q,q
y,q
kcl,kcl
n,hv
p,d
ix,r
kcl,kcl
eh,ow
t,d
kcl,dcl
p,p
ay,aa
el,el
aw,ay
ae,ae
tcl,k
ae,r
dh,k
ay,ay
s,s
iy,ih
z,z
ax,ix
iy,iy
ih,y
s,s
el,el
ax,ix
gcl,tcl
iy,iy
pcl,pcl
q,ix
k,sh
w,l
pcl,k
sh,s
n,n
ao,ao
n,n
jh,jh
s,s
jh,jh
eh,ah
tcl,th
ae,ae
w,l
l,r
em,ax
iy,iy
tcl,tcl
w,w
n,n
ao,ao
r,r
v,v
iy,iy
axr,r
q,q
tcl,pcl
ax,r
d,k
n,n
dcl,tcl
tcl,dx
r,r
tcl,tcl
l,r
ix,ix
pcl,kcl
en,n
r,r
ah,ax
ix,ix
hv,hv
tcl,tcl
r,axr
s,s
er,axr
q,q
kcl,tcl
uh,el
n,n
q,q
ae,ae
ao,ao
ax,ah
sh,sh
k,k
nx,dx
sh,sh
en,m
kcl,kcl
f,f
ey,ey
l,l
iy,ey
l,l
ih,ih
w,w
t,t
dh,t
ix,l
sh,s
ah,ay
w,w
ix,ix
p,p
bcl,n
iy,iy
q,ax
y,ng
ih,iy
hh,hh
bcl,bcl
s,s
t,t
jh,t
ch,ch
l,l
k,k
iy,iy
ih,ix
r,axr
ux,iy
w,w
iy,ix
axr,ih
ux,ux
iy,iy
t,hh
dcl,dcl
y,tcl
hv,hv
ae,ae
ax,ix
k,k
axr,er
iy,r
t,t
eh,eh
ow,ow
r,n
ey,ey
k,k
iy,iy
ah,oy
t,q
aa,aa
tcl,dh
s,s
m,m
ix,ix
g,g
m,n
aa,r
l,l
pcl,f
s,z
v,tcl
aa,aa
ih,ih
el,el
q,q
tcl,dcl
kcl,kcl
aa,aa
uh,oy
th,th
n,n
ih,ix
w,w
er,r
k,k
iy,iy
axr,ax
l,l
ix,ih
ux,w
s,s
l,l
ng,n
ao,ao
er,axr
k,k
ix,eh
t,t
iy,iy
ih,ih
tcl,pcl
dx,l
m,n
ax,ax
zh,z
dcl,dcl
ax,ax
ao,aa
l,l
l,l
dh,t
l,l
w,w
kcl,kcl
ay,ay
eh,eh
s,ax-h
f,tcl
d,d
z,z
ix,ix
bcl,q
el,el
ih,ih
s,s
ix,ix
q,q
ix,iy
n,n
p,p
iy,y
ih,ih
n,n
er,axr
aa,aa
dcl,dcl
g,dx
k,p
iy,ey
ah,eh
n,n
w,l
s,s
s,s
dcl,tcl
k,k
k,k
kcl,dcl
n,n
k,k
ae,ae
dx,dx
eh,eh
iy,n
sh,sh
r,r
dcl,dcl
ix,ix
dx,v
ao,w
iy,y
y,axr
dx,tcl
iy,iy
kcl,kcl
ih,eh
l,l
kcl,kcl
iy,iy
dh,ix
ih,ih
ey,ey
ih,ih
kcl,kcl
n,n
q,q
ay,aa
b,k
aa,ao
f,f
tcl,kcl
gcl,dcl
iy,iy
dcl,dcl
zh,sh
dx,v
dcl,tcl
r,r
iy,iy
l,ix
n,ax
kcl,tcl
dh,v
p,f
ay,ay
sh,z
ao,ao
dcl,dcl
y,w
tcl,f
tcl,tcl
s,ch
iy,iy
ey,iy
kcl,dcl
ix,axr
uh,ix
gcl,dx
ix,axr
l,aw
ax,ax
t,t
ao,ao
n,n
n,ix
m,n
kcl,tcl
ng,ng
nx,n
iy,iy
t,jh
ux,ux
pcl,tcl
iy,iy
th,kcl
ax,ix
s,s
dcl,dcl
m,n
sh,ch
n,ng
r,r
sh,s
t,hh
dcl,dcl
gcl,gcl
axr,r
iy,iy
ax,ix
axr,axr
r,w
s,s
tcl,th
p,p
gcl,kcl
ih,ix
ix,ix
r,r
w,w
ux,r
l,ow
th,s
en,n
iy,iy
n,n
ay,ay
r,r
n,n
ux,ux
iy,iy
r,l
ix,ix
t,t
k,d
ae,eh
n,n
p,f
l,l
s,s
iy,iy
tcl,tcl
ix,iy
v,v
s,f
iy,ih
axr,axr
ae,ae
ay,ay
iy,ix
ax,l
z,z
tcl,tcl
nx,n
kcl,tcl
ae,ae
q,q
tcl,tcl
en,m
iy,iy
kcl,hh
l,l
l,l
ih,iy
m,n
pcl,kcl
dcl,k
ae,ay
t,t
dcl,gcl
l,l
r,r
r,r
ix,ix
th,kcl
ih,ax
aa,aa
t,t
sh,sh
nx,nx
ix,ux
ae,ae
n,dcl
dx,tcl
kcl,kcl
er,axr
y,y
n,n
dcl,bcl
ey,iy
s,f
tcl,f
l,ix
f,z
s,s
l,ao
kcl,pcl
m,m
ix,eh
ix,ix
k,k
ax,ix
kcl,kcl
ah,ix
iy,iy
jh,jh
k,t
ae,ae
l,l
ey,ih
z,z
v,w
hv,k
v,v
axr,axr
eh,eh
l,l
t,t
z,th
f,f
t,t
ix,ix
hh,tcl
n,n
z,s
w,ao
z,z
uw,ux
tcl,tcl
n,n
r,r
r,r
er,axr
r,r
y,iy
f,f
n,n
r,r
l,l
ah,ax
m,m
ey,ey
r,r
ow,ow
er,axr
bcl,dcl
r,aa
jh,jh
ix,ih
d,p
m,n
iy,ix
z,z
oy,oy
eh,ae
ae,ae
l,v
iy,iy
t,tcl
iy,iy
t,t
v,v
eh,ey
tcl,tcl
ih,ih
ih,iy
gcl,bcl
ih,iy
ix,ih
l,l
ih,ih
ix,iy
l,l
p,kcl
ax,ax
eh,ih
z,s
m,m
ix,ix
q,q
ae,ae
dx,dcl
ch,ch
ih,ih
ax,ax
aa,aa
sh,sh
m,n
axr,axr
zh,z
n,dcl
f,f
ay,ay
ah,r
g,r
iy,iy
r,r
g,jh
r,r
gcl,dcl
g,k
eh,ix
y,y
pcl,kcl
ae,hv
tcl,kcl
iy,iy
er,axr
r,r
dcl,n
k,q
ch,t
l,l
v,v
eh,ix
v,n
ch,z
s,s
hv,hh
dh,f
ow,l
q,gcl
tcl,kcl
eh,r
ih,ih
l,l
kcl,tcl
aw,aw
tcl,tcl
y,y
ae,ae
dh,dh
s,s
kcl,kcl
w,el
ey,ey
r,r
dcl,gcl
sh,sh
eh,eh
ix,ax
axr,ix
pcl,pcl
hv,hv
v,v
ao,aa
ix,eh
m,m
r,r
k,k
l,ow
axr,r
aw,ah
t,t
ax,ax
aa,aa
g,k
kcl,gcl
axr,r
ix,ix
ix,ix
m,m
ix,ix
n,n
l,l
kcl,tcl
ae,ae
ix,r
y,ix
ix,ix
t,dh
n,n
z,z
f,f
axr,r
kcl,dcl
l,l
hv,hv
k,p
p,p
gcl,bcl
n,n
l,l
dcl,dcl
l,l
gcl,gcl
s,sh
en,n
kcl,kcl
bcl,bcl
eh,ae
k,k
dx,dx
iy,iy
t,dh
r,r
r,r
k,t
l,ax
dx,tcl
ow,ax
r,ao
zh,s
th,dh
iy,iy
ay,ay
dcl,dcl
w,n
axr,ae
bcl,bcl
s,s
iy,iy
ih,ix
v,dcl
dx,dx
m,n
iy,ey
eh,eh
q,q
el,ow
ux,ux
m,r
k,p
ao,w
ow,ow
dx,dx
pcl,kcl
v,v
s,f
ix,ix
kcl,kcl
s,s
ch,ch
m,m
axr,r
tcl,tcl
aa,ao
k,kcl
hv,hv
er,er
ix,ix
n,n
l,l
aa,ao
tcl,tcl
s,s
iy,iy
pcl,kcl
dcl,bcl
en,n
tcl,pcl
tcl,kcl
ey,ey
ey,iy
iy,iy
axr,r
gcl,dcl
ax,ax
ix,y
f,f
k,p
r,r
ax,r
s,s
ae,ae
kcl,gcl
r,r
eh,ey
er,axr
tcl,tcl
tcl,tcl
aa,ao
tcl,kcl
s,s
l,l
m,p
n,n
s,s
hv,hv
ix,iy
y,y
uw,w
gcl,kcl
axr,r
w,w
ix,ix
ao,ow
l,l
ch,kcl
eh,ih
iy,n
ih,ih
v,bcl
ao,l
er,aw
aa,aa
gcl,dcl
z,f
pcl,pcl
zh,zh
axr,er
ax,l
sh,sh
n,n
gcl,tcl
ix,ay
iy,iy
n,en
r,r
ay,ay
gcl,kcl
l,l
ao,ao
k,p
er,axr
dx,k
ax,n
ng,n
z,z
iy,iy
dh,dh
t,t
ih,iy
l,l
hv,hv
kcl,pcl
dcl,dcl
dh,dx
oy,oy
ow,l
r,ix
er,eh
kcl,pcl
l,l
f,f
er,er
ey,ey
n,l
ix,ax
nx,n
ix,ix
jh,ch
dx,dx
bcl,pcl
ow,ow
ih,ih
dh,dh
l,l
z,kcl
ix,ih
aa,ah
l,l
s,s
r,n
w,w
n,n
dcl,dcl
pcl,tcl
n,n
ay,ay
r,r
er,er
oy,oy
ah,eh
n,n
ay,ay
s,s
ix,ix
tcl,f
tcl,pcl
er,r
ah,ah
m,n
er,er
iy,ey
k,k
b,d
ih,ih
hv,hv
n,n
tcl,tcl
aa,aa
tcl,kcl
ih,eh
ao,ao
jh,f
s,s
ax,ix
dcl,dcl
ah,ih
r,r
l,l
ix,ix
ax,l
dcl,dcl
ix,eh
ix,ih
kcl,tcl
aa,aa
l,l
er,axr
r,r
iy,iy
uh,tcl
eh,ae
s,s
ay,ao
m,n
ih,ih
m,n
iy,iy
ay,ay
ao,w
q,hh
iy,iy
ih,iy
hv,q
ih,y
s,s
pcl,tcl
l,l
f,f
kcl,kcl
ux,ux
l,l
er,er
oy,oy
axr,ix
r,r
dh,bcl
r,r
ih,ix
f,f
er,er
r,ax
jh,d
dcl,dcl
dcl,gcl
dcl,n
aa,ao
m,n
dh,r
b,p
r,r
dcl,m
q,l
ux,iy
s,s
aa,r
axr,axr
ix,ix
dcl,kcl
iy,iy
l,l
z,z
k,k
dh,q
g,dx
pcl,tcl
w,w
ey,l
s,s
iy,iy
ao,ao
dh,tcl
kcl,kcl
z,s
l,l
p,p
l,ao
kcl,z
s,s
hv,p
n,n
iy,iy
tcl,pcl
ax-h,ax
axr,ax
l,l
n,n
dcl,gcl
kcl,tcl
axr,oy
axr,axr
tcl,tcl
ah,eh
s,s
eh,iy
n,ax
tcl,tcl
l,l
ix,eh
ah,ao
ah,eh
ax,ix
q,ix
axr,r
n,l
n,n
b,d
m,m
t,t
ix,ey
sh,sh
k,k
l,l
p,th
dx,dcl
ow,ao
iy,iy
sh,sh
ih,ih
m,m
el,l
kcl,kcl
ix,ax
z,s
axr,ae
z,tcl
q,q
ng,n
tcl,kcl
n,m
z,s
y,y
bcl,q
m,m
l,l
t,k
iy,iy
w,w
nx,n
axr,r
ix,ix
kcl,kcl
t,tcl
r,r
er,axr
eh,ah
aa,aa
f,f
kcl,tcl
tcl,dcl
iy,iy
tcl,tcl
ng,n
ay,ay
dcl,tcl
z,z
ow,ow
eh,ih
l,l
s,s
axr,axr
axr,axr
ao,ao
r,r
ih,ih
sh,sh
f,pcl
dcl,dcl
sh,sh
ih,ih
ih,ix
z,z
w,l
eh,ih
aa,aa
ay,ay
w,w
s,s
nx,r
tcl,tcl
n,n
s,k
l,l
ao,aa
ow,ow
iy,iy
ow,l
k,kcl
dh,l
ah,eh
s,s
m,n
ix,ix
eh,ix
ax,eh
dh,dh
iy,ix
t,d
n,ix
t,t
v,ix
ae,ae
m,n
el,w
hv,iy
ey,ey
r,r
sh,sh
ix,ih
pcl,pcl
ey,ey
n,n
kcl,p
aa,l
kcl,kcl
ux,uw
ix,ix
bcl,dcl
pcl,tcl
iy,iy
n,n
l,l
z,z
r,r
w,v
aa,aa
aa,ao
pcl,pcl
n,n
k,k
ng,n
ix,axr
q,q
en,n
ax,ix
w,l
ih,ix
dx,g
r,r
uw,uw
l,l
iy,iy
w,q
kcl,p
kcl,pcl
n,n
tcl,tcl
ow,ao
ae,ae
iy,iy
er,er
ux,ux
gcl,dcl
r,ax
dcl,tcl
t,t
l,l
aa,ao
w,q
ng,n
ah,ah
ey,iy
p,p
kcl,tcl
y,iy
kcl,kcl
bcl,m
ay,ay
m,m
ix,ih
s,s
ax,axr
tcl,tcl
ix,ax
dh,dh
ih,ih
bcl,dcl
f,f
r,r
ix,ix
axr,axr
f,f
ux,n
n,n
bcl,bcl
sh,ch
l,dcl
z,s
s,z
iy,iy
ae,ae
pcl,tcl
s,s
l,l
uh,m
ix,iy
f,f
dcl,dcl
ax,l
dx,dx
eh,ix
tcl,tcl
w,w
ao,aa
b,dh
p,p
n,n
r,r
ix,ix
r,r
l,l
kcl,kcl
ux,ux
dx,tcl
tcl,k
ae,ae
dh,tcl
ae,ae
ix,ix
ao,ao
eh,ix
s,s
el,uw
r,r
gcl,n
p,k
ix,ix
iy,iy
ih,ih
r,r
q,tcl
w,l
hh,dh
r,r
kcl,kcl
iy,ey
f,s
t,jh
eh,ix
ux,ix
s,s
f,f
l,r
l,ih
tcl,tcl
ih,ix
s,s
s,s
dx,dx
ux,ux
t,t
bcl,bcl
tcl,tcl
q,q
dh,s
gcl,dcl
aa,ao
ah,ih
jh,jh
dx,v
l,l
dx,dh
eh,ae
hh,hh
ae,ae
iy,iy
ng,r
f,f
n,dcl
iy,iy
pcl,kcl
y,iy
axr,ix
th,tcl
p,p
r,r
k,q
f,f
y,y
ow,ow
k,k
ix,ix
tcl,tcl
ah,aw
pcl,tcl
s,s
ax,ax
eh,aa
ih,ih
ah,ow
l,n
ix,ix
eh,eh
q,q
q,q
gcl,tcl
l,l
iy,iy
l,l
t,d
z,s
er,er
ix,ix
q,q
en,m
pcl,tcl
ix,n
n,n
s,s
dx,tcl
w,m
ih,ih
m,m
kcl,tcl
kcl,kcl
s,s
l,l
ae,ae
ae,ae
kcl,dh
iy,iy
ao,aa
ax,ix
ix,ix
z,z
bcl,pcl
g,p
iy,iy
k,k
d,t
n,n
aa,ax
ch,ch
l,l
q,q
bcl,bcl
ow,ao
f,p
tcl,ix
r,r
s,s
q,ix
iy,ux
iy,ix
tcl,tcl
kcl,kcl
dcl,bcl
ah,eh
f,f
m,n
pcl,kcl
kcl,kcl
p,p
uh,ix
n,ng
ow,ow
kcl,tcl
t,t
kcl,tcl
k,dh
kcl,kcl
kcl,tcl
k,k
r,m
r,r
ah,ah
k,k
v,tcl
hh,k
l,r
t,t
bcl,m
n,v
n,n
ax,l
f,pcl
t,dh
ix,ey
dx,dx
r,w
ax,ax
ih,ih
ao,l
k,k
dh,l
axr,r
ax,ax
l,el
b,dh
kcl,kcl
z,z
aa,aa
r,r
v,bcl
z,z
pcl,kcl
y,iy
m,m
ix,ax
dcl,tcl
n,m
dcl,dcl
aw,ae
n,n
m,m
ae,ah
ix,ix
ax,axr
ix,ux
iy,iy
sh,sh
gcl,gcl
ix,ix
l,l
tcl,tcl
tcl,tcl
bcl,tcl
s,s
gcl,tcl
pcl,bcl
l,ax
ih,ih
r,r
q,q
ih,ix
g,tcl
y,iy
ix,ix
p,k
ix,ix
dx,m
ow,oy
q,gcl
p,dcl
r,w
iy,iy
l,uw
ix,ix
ey,iy
eh,eh
m,m
f,f
dcl,dcl
p,p
aw,eh
eh,eh
iy,iy
ih,ih
q,q
iy,iy
n,n
kcl,tcl
iy,iy
z,z
axr,er
w,w
eh,eh
m,m
iy,iy
kcl,kcl
eh,eh
k,k
s,t
n,n
m,m
aa,aa
eh,ih
bcl,bcl
s,s
ax,eh
ey,ey
aa,aa
eh,ae
sh,sh
pcl,pcl
aa,ao
s,s
bcl,v
f,dh
ix,ix
ax,l
l,el
n,n
dh,d
eh,eh
r,r
z,z
ey,ey
n,n
v,r
bcl,dcl
gcl,dcl
kcl,kcl
l,l
n,n
g,k
ow,ow
s,s
y,eh
t,t
hh,tcl
el,ao
n,n
w,w
ix,ix
eh,ih
eh,eh
dx,dcl
s,s
iy,iy
dh,l
n,n
ow,ao
hv,hv
q,q
eh,aa
s,s
ng,n
f,gcl
g,g
p,p
tcl,pcl
n,n
ao,r
kcl,t
ae,ae
l,el
bcl,n
ah,eh
t,t
ix,n
z,z
ey,ey
s,s
uh,ih
z,s
f,f
m,m
hh,t
kcl,kcl
z,z
eh,ey
dcl,dcl
n,n
pcl,pcl
bcl,pcl
er,er
r,ix
ay,ay
iy,ih
tcl,pcl
z,f
k,k
pcl,pcl
ao,ao
iy,iy
ix,ix
sh,z
q,ix
axr,axr
eh,ah
eh,ih
m,n
ix,ix
n,n
s,s
n,n
ae,ae
pcl,tcl
ix,ix
hv,hh
l,l
ow,ow
s,sh
n,ax
ax,ao
ix,ix
dcl,dcl
ih,iy
axr,r
ix,q
dcl,tcl
eh,axr
dx,dx
s,s
r,r
ah,aa
w,l
iy,iy
d,dh
r,r
k,hh
ah,ah
ix,ix
ay,aa
dcl,tcl
m,n
ao,ao
pcl,pcl
z,z
axr,ao
eh,eh
dcl,dcl
hv,hv
l,q
kcl,tcl
el,el
t,t
q,q
gcl,el
y,y
sh,sh
ao,ao
iy,iy
r,ix
iy,iy
m,m
z,z
ih,r
s,s
ay,eh
axr,axr
ao,ao
ax,l
ae,ae
k,k
l,ax
l,l
tcl,pcl
iy,iy
ih,ix
ih,eh
dx,k
l,l
ih,ix
f,f
ux,ax
iy,iy
kcl,tcl
n,ix
sh,f
dcl,dcl
l,l
s,s
s,s
ae,ae
r,r
ix,iy
ix,ix
ay,ow
q,w
kcl,kcl
kcl,kcl
r,ix
q,q
g,kcl
t,jh
ax,l
ix,ix
ix,iy
s,s
gcl,bcl
n,n
n,n
iy,r
ih,ih
ih,ih
ow,ow
f,f
r,r
s,s
ey,ey
tcl,tcl
m,m
z,ch
r,r
ax,r
l,r
er,axr
q,q
ah,ae
ih,uh
iy,iy
r,r
pcl,pcl
n,n
ix,ix
ae,ae
kcl,kcl
s,s
aw,aw
sh,sh
nx,ix
er,ih
l,ix
aa,ay
ey,ey
n,n
d,t
s,s
ux,iy
s,s
ay,ay
r,r
iy,iy
r,r
ih,ae
eng,n
q,axr
sh,sh
tcl,k
sh,ch
v,n
r,r
kcl,kcl
n,n
ae,ae
gcl,dcl
axr,r
p,p
ay,ay
n,n
k,k
ch,ch
ux,ih
axr,r
q,q
ay,ae
s,s
t,t
l,l
v,v
gcl,dx
ix,ix
s,z
pcl,tcl
n,n
iy,iy
f,f
kcl,kcl
l,l
hv,r
axr,eh
n,n
ux,ux
aa,axr
axr,r
tcl,tcl
p,p
n,dh
s,z
dcl,dcl
m,n
v,dx
gcl,dcl
r,r
ae,ae
l,l
ax,r
hv,hh
ax-h,tcl
tcl,n
iy,iy
n,n
l,l
t,q
ix,ix
bcl,dx
tcl,kcl
er,er
w,l
s,s
f,f
n,dx
pcl,kcl
n,n
r,r
dcl,tcl
q,q
iy,iy
ix,n
k,k
s,kcl
n,dcl
dcl,m
ch,jh
tcl,dcl
n,ix
ih,ih
ow,l
aa,aw
sh,s
el,el
axr,ix
tcl,tcl
tcl,bcl
tcl,tcl
l,l
n,n
tcl,pcl
dx,gcl
ao,ao
th,tcl
kcl,kcl
m,n
r,r
ix,ix
d,t
eh,ix
ae,ae
ng,n
k,k
ux,ix
r,r
l,l
s,s
r,axr
aw,ae
m,n
k,k
kcl,kcl
g,k
n,n
ah,ax
s,s
th,th
t,t
ay,ay
q,q
s,s
iy,iy
l,l
s,s
dx,dx
ae,ae
ao,ao
sh,sh
dcl,tcl
ax,ah
iy,ix
ix,ix
pcl,pcl
n,n
ux,w
r,axr
gcl,tcl
q,n
r,axr
n,n
l,l
eh,eh
th,tcl
eh,r
w,w
eh,eh
pcl,tcl
oy,oy
b,k
ix,ix
sh,sh
gcl,s
tcl,jh
dx,dcl
q,q
er,r
ih,ih
ix,ix
tcl,tcl
l,ax
ih,ix
pcl,bcl
r,r
z,z
kcl,tcl
q,q
l,l
gcl,dcl
r,r
pcl,tcl
ao,ao
iy,iy
n,n
dcl,v
l,l
n,n
q,q
ae,ae
w,w
dcl,tcl
nx,n
ah,ax
gcl,dcl
ax,l
axr,axr
ix,q
n,n
dcl,kcl
ux,ux
pcl,kcl
ax,r
ao,aa
l,l
ao,ao
ay,ay
z,sh
th,dh
z,f
s,s
m,m
tcl,tcl
dx,dx
n,n
gcl,n
n,n
pcl,pcl
t,t
r,r
ao,ao
ih,eh
ix,ix
ih,ey
tcl,kcl
n,n
ey,ey
sh,sh
hv,hv
nx,n
q,l
jh,jh
k,k
r,n
s,ch
ax,ax
y,y
iy,iy
ax,l
tcl,tcl
pcl,s
r,r
ao,ao
aa,aa
p,kcl
ax-h,v
z,s
l,l
tcl,tcl
s,s
hh,k
ix,ix
ix,ih
ay,ay
ix,ix
eh,ae
uh,r
iy,iy
ax,l
ax,l
sh,sh
axr,ih
aa,ae
n,axr
n,n
tcl,tcl
axr,r
ah,ao
s,kcl
eh,ix
l,l
ax,l
tcl,k
ah,ah
kcl,k
ae,ae
n,ix
q,q
ih,ih
l,w
ax,ax
pcl,pcl
dh,q
iy,iy
kcl,v
ow,ow
hh,sh
n,n
iy,iy
r,axr
r,r
s,s
v,v
axr,r
ux,n
ix,ix
l,l
ow,ow
ix,ix
th,tcl
aa,ao
tcl,tcl
kcl,kcl
ih,ih
dcl,dcl
iy,iy
s,s
ax,ix
l,l
q,q
oy,oy
ix,ax
f,pcl
t,d
axr,r
th,th
dcl,bcl
f,f
l,w
m,n
kcl,gcl
nx,n
ax-h,hv
eh,iy
uh,ao
ae,ae
w,l
f,dh
k,t
k,k
iy,iy
ao,ao
iy,iy
ey,ey
l,l
z,tcl
gcl,dcl
er,er
axr,axr
ao,ao
s,k
er,er
el,ao
ix,eh
dcl,dcl
z,s
hv,hv
ah,ax
aa,aa
eh,eh
ah,aw
f,f
kcl,kcl
dh,th
ix,iy
en,n
r,r
iy,ey
f,f
ae,ae
w,ao
n,l
ix,ix
f,f
ah,ah
p,p
n,n
ay,ay
dx,n
v,v
q,q
ay,ay
gcl,dcl
hv,m
q,q
s,s
aw,ae
f,pcl
s,s
tcl,tcl
n,n
ah,aa
t,d
pcl,tcl
er,r
dcl,dcl
y,dcl
l,w
bcl,n
iy,ih
el,el
ao,aa
ix,ix
ix,ih
ey,eh
l,ix
m,n
ax,ix
ao,l
ao,aa
y,iy
tcl,tcl
ix,ih
ix,ix
sh,ch
s,sh
iy,ix
hv,hh
ae,ae
dcl,dcl
ah,ah
kcl,pcl
kcl,tcl
n,n
ao,el
t,t
tcl,tcl
s,s
t,hh
ae,ae
kcl,pcl
ux,ih
ey,iy
ax,ax
ae,ae
axr,ix
iy,iy
n,tcl
n,q
ey,ey
eh,ix
ux,ux
hh,hh
ah,l
w,q
iy,ux
r,aa
y,iy
w,w
ih,ih
n,n
sh,z
jh,ch
tcl,k
m,n
pcl,bcl
s,s
ae,ae
kcl,kcl
sh,sh
l,l
tcl,kcl
ow,ow
dcl,pcl
ix,ix
ao,ao
iy,iy
r,r
th,s
sh,k
z,dcl
m,n
s,s
ah,ah
iy,iy
eh,ix
g,p
ix,ix
axr,axr
r,r
ux,y
k,k
tcl,pcl
r,r
el,l
y,y
s,s
l,l
f,f
v,n
s,s
l,oy
sh,sh
s,z
ih,ix
ih,ih
aa,r
z,kcl
ih,ih
dcl,dx
ah,ah
axr,r
z,s
eh,iy
ix,ix
s,s
ey,ey
f,th
w,w
r,r
ae,aw
r,r
dh,v
m,m
ax,ax
l,l
iy,iy
axr,axr
ae,ah
er,er
ae,ae
ay,ao
ih,ih
ax,ix
s,s
jh,s
r,uw
axr,axr
ux,ux
s,z
ow,ow
eh,eh
er,axr
w,w
kcl,kcl
k,k
z,z
w,w
dcl,dcl
z,s
s,s
ao,ao
n,n
v,ih
ix,ix
ae,eh
s,sh
k,k
k,k
eh,ih
ux,ux
jh,ch
bcl,dcl
ae,ae
iy,iy
z,s
w,l
w,l
sh,sh
ux,ih
ay,ay
ix,q
bcl,dcl
gcl,dcl
tcl,tcl
iy,ux
ah,ax
ix,ix
w,w
ey,ey
iy,r
q,ix
s,s
el,w
q,kcl
r,er
en,n
q,q
axr,r
ey,ix
r,r
p,t
s,s
ih,ix
kcl,kcl
r,eh
ix,ix
ux,ix
m,bcl
el,el
w,w
t,t
dcl,d
nx,n
ae,ae
sh,sh
nx,n
jh,jh
er,r
ow,ow
dcl,tcl
ay,ay
ix,ix
axr,l
axr,axr
s,s
kcl,tcl
kcl,tcl
dcl,tcl
dx,n
ix,ix
ix,ix
m,m
kcl,tcl
l,el
ix,ih
n,dx
k,q
ay,ay
n,n
r,l
dcl,gcl
ih,ix
kcl,kcl
ax,ix
t,t
d,ix
k,k
l,l
aa,aa
iy,iy
eh,ae
t,t
ix,r
iy,iy
sh,sh
iy,ng
iy,iy
aw,ae
ao,ao
z,z
axr,axr
z,s
uh,ax
kcl,kcl
r,r
eh,axr
m,m
ey,ey
p,p
tcl,kcl
q,dh
z,pcl
ix,ax
tcl,tcl
ix,ix
ix,ix
z,s
ng,dcl
z,z
gcl,gcl
z,z
er,er
ix,ix
ih,ih
g,p
p,p
oy,ay
m,n
el,el
m,m
tcl,iy
z,z
sh,sh
ch,jh
bcl,pcl
iy,iy
k,k
m,n
ah,ax
s,s
ah,l
gcl,kcl
bcl,bcl
r,r
ux,iy
dcl,dcl
ch,ch
k,k
n,n
tcl,tcl
l,el
ay,ay
q,r
kcl,kcl
dh,tcl
eh,ae
dh,s
z,z
n,n
iy,iy
em,en
pcl,tcl
iy,iy
n,n
kcl,kcl
ix,ix
m,n
l,l
sh,sh
ao,aa
ao,ax
axr,eh
iy,ey
r,r
n,m
r,r
m,n
s,s
w,w
r,r
s,s
tcl,kcl
g,k
eh,ae
er,r
l,ao
q,q
axr,axr
m,n
pcl,pcl
b,dh
sh,sh
bcl,bcl
n,hv
tcl,kcl
r,ix
ao,aa
iy,iy
er,r
oy,oy
er,axr
w,l
iy,axr
aa,aa
f,f
kcl,z
z,z
ao,ao
g,iy
pcl,pcl
r,r
l,l
ix,ah
ey,ey
ux,ih
l,l
eh,ix
g,d
aa,r
ih,ix
w,n
pcl,dcl
gcl,kcl
ae,eh
s,s
kcl,gcl
q,hv
q,q
z,z
w,w
ae,ae
axr,ix
y,jh
bcl,bcl
y,iy
ng,ix
d,t
s,s
n,n
eh,eh
hv,hv
f,f
kcl,pcl
ae,ay
ix,ih
t,t
bcl,kcl
tcl,kcl
ix,ix
ih,iy
ey,ey
oy,oy
ay,ay
q,q
en,n
kcl,kcl
ih,ih
ch,ch
ix,ih
ao,ao
iy,ux
tcl,gcl
t,t
r,r
m,m
en,dh
y,iy
ax,n
n,n
w,w
ah,ah
y,y
dcl,s
pcl,tcl
r,ax
ix,ah
ng,n
dcl,dcl
aa,r
t,t
n,n
s,s
s,s
z,z
q,q
t,t
v,l
dcl,v
ix,ix
ih,ix
iy,iy
r,r
l,w
n,n
axr,axr
gcl,gcl
t,t
m,n
hv,hv
axr,axr
r,r
ix,r
kcl,kcl
gcl,t
sh,sh
l,l
v,v
uw,w
m,n
th,hh
dcl,kcl
kcl,kcl
g,d
s,s
ax,ao
tcl,tcl
ix,ix
ow,ow
ey,ey
z,s
z,z
ay,eh
r,r
t,t
ih,ih
kcl,dcl
s,s
eh,ey
w,l
jh,sh
ah,m
pcl,pcl
ih,iy
r,r
axr,ix
q,q
tcl,pcl
ah,ao
ah,ax
l,l
z,zh
t,t
z,z
l,l
er,axr
r,ax
y,iy
ih,iy
eh,eh
iy,iy
l,ix
s,s
eh,eh
ey,ey
ay,ay
iy,ih
oy,oy
ay,ay
t,k
r,r
s,sh
ax,ax
bcl,n
tcl,k
l,l
ix,ix
kcl,kcl
dx,r
iy,iy
eh,iy
r,r
ay,ae
r,r
f,k
zh,sh
ae,ae
kcl,tcl
q,q
sh,sh
iy,iy
iy,iy
n,n
tcl,dcl
ay,ay
ey,ih
ae,ae
m,m
m,m
aw,aw
w,v
kcl,pcl
tcl,tcl
ix,ix
er,axr
n,dh
t,d
l,l
dx,ix
r,r
eh,ae
ah,ah
t,t
t,t
ix,q
ix,iy
gcl,dcl
aa,aa
axr,r
r,r
s,s
ix,ih
tcl,tcl
pcl,kcl
en,n
l,l
iy,iy
gcl,gcl
r,nx
n,n
aw,aw
k,k
t,t
dcl,kcl
pcl,pcl
iy,ey
ix,ix
ae,ae
s,s
dx,gcl
er,axr
aa,aa
k,k
ix,ix
m,dcl
s,z
aw,aa
t,t
ay,ay
tcl,k
oy,oy
l,w
ax,ax
gcl,dcl
n,n
iy,iy
ae,ae
ix,iy
p,k
ix,ix
eh,ah
l,l
w,ax
bcl,bcl
z,z
n,n
k,f
dcl,pcl
kcl,kcl
ey,ey
l,l
l,q
s,s
l,l
t,k
l,l
axr,r
gcl,gcl
w,w
iy,ey
iy,iy
w,w
k,k
f,tcl
axr,er
p,p
pcl,pcl
tcl,tcl
g,k
th,th
b,p
v,v
aa,ao
w,n
z,z
eh,eh
r,r
dx,kcl
dcl,tcl
hv,hv
dh,d
ih,axr
dcl,dcl
gcl,gcl
ix,iy
sh,sh
r,r
eh,eh
s,s
tcl,tcl
d,d
ae,ae
r,r
ao,ax
n,n
ih,iy
l,l
uh,ax
ix,ix
ay,ay
ah,ah
v,v
l,l
ih,ih
ao,aa
l,g
jh,k
iy,iy
y,ix
ix,ix
ix,iy
ax,eh
f,f
iy,iy
ax,r
axr,r
gcl,tcl
l,l
k,k
n,n
v,v
ao,n
ow,ow
ae,ae
ih,iy
m,n
s,s
dcl,dcl
f,f
l,l
ao,ah
tcl,dcl
k,k
tcl,kcl
th,q
s,s
eh,ih
n,n
ao,ao
er,ae
r,r
eh,ih
ey,ey
eh,ih
sh,sh
eh,l
ao,ao
ix,ix
kcl,tcl
ay,ay
ay,ay
axr,ix
y,r
iy,iy
g,q
l,bcl
dcl,dcl
ax,r
t,t
v,z
ih,ux
eh,eh
q,y
t,t
pcl,pcl
ow,aw
bcl,kcl
iy,iy
ix,ix
n,n
s,s
axr,r
ix,ix
ow,ow
hh,hh
kcl,kcl
kcl,f
ey,ey
ay,ay
pcl,pcl
eh,eh
ey,ey
jh,ch
axr,ax
t,t
en,n
q,q
w,w
tcl,kcl
ax,ax
iy,iy
ao,ao
y,ih
l,iy
s,z
ow,ow
ay,ao
hh,hh
kcl,tcl
ey,ey
kcl,kcl
l,l
m,m
s,s
ix,eh
iy,iy
s,s
r,gcl
r,r
hv,hv
r,r
v,v
axr,ih
ae,ix
tcl,bcl
el,el
g,k
eh,eh
eh,q
g,g
f,p
t,s
b,b
n,n
tcl,pcl
hv,hv
s,s
el,el
dcl,dcl
pcl,pcl
ch,t
eh,ih
bcl,bcl
aa,el
pcl,pcl
uw,ow
iy,iy
dh,l
nx,n
sh,sh
th,tcl
kcl,dcl
z,z
ih,ix
ah,ih
kcl,kcl
ax,ax
ao,ao
sh,sh
uh,ih
ay,ay
dcl,dcl
dcl,gcl
w,w
gcl,dcl
k,k
l,l
dh,tcl
dh,l
n,m
iy,iy
kcl,pcl
axr,ix
m,v
iy,iy
ah,ae
r,r
iy,iy
l,ax
q,q
g,k
uw,r
s,kcl
tcl,kcl
tcl,iy
l,l
ch,ch
w,l
s,s
aa,aa
pcl,f
ae,ae
t,t
kcl,kcl
ix,ix
pcl,hh
z,z
ah,aa
ow,ow
t,t
ch,jh
bcl,f
w,w
kcl,kcl
er,axr
tcl,pcl
dcl,dcl
axr,r
aa,ao
eh,ix
s,s
s,s
ux,ix
axr,axr
ax-h,k
t,t
er,er
ax,ix
ng,n
l,l
dcl,tcl
ih,ih
ng,n
tcl,tcl
ow,ow
ih,ih
n,m
eh,eh
eh,l
l,q
sh,sh
ix,ix
er,er
dcl,v
n,n
r,v
ao,ao
pcl,pcl
ae,ae
ey,ey
q,ix
ow,v
oy,ao
w,w
tcl,q
iy,iy
ey,ey
sh,sh
s,s
el,l
dh,s
t,t
dcl,r
g,p
dx,dx
ao,ao
m,m
iy,iy
n,n
r,n
dcl,gcl
r,r
l,l
m,l
jh,jh
kcl,tcl
pcl,pcl
ih,ih
y,y
y,y
eh,ey
n,n
dcl,gcl
kcl,kcl
ax,ih
ih,dcl
ae,ae
ux,ux
l,v
ix,ix
ao,aw
l,l
l,l
f,f
v,v
w,l
ao,ao
iy,ey
dcl,gcl
z,z
n,nx
ix,ix
ih,q
iy,iy
tcl,tcl
g,k
iy,iy
m,m
dcl,dcl
r,ix
ax,l
er,axr
l,l
eh,eh
n,n
m,n
n,n
v,dcl
gcl,n
s,f
w,w
iy,iy
ow,ow
eh,eh
axr,axr
eh,ix
dcl,dcl
aw,aw
ix,ix
n,n
n,n
kcl,kcl
iy,iy
z,z
tcl,dcl
ae,eh
kcl,pcl
r,l
s,s
l,l
s,s
dcl,tcl
ix,ix
ey,ey
y,iy
ih,iy
k,k
eh,ey
el,l
tcl,tcl
r,r
iy,iy
r,r
dcl,dcl
dh,dcl
k,k
dcl,n
ix,ix
iy,iy
bcl,dcl
ah,aa
s,s
axr,r
aa,aa
z,s
axr,axr
hv,n
f,f
r,r
tcl,pcl
ay,ay
z,z
k,k
dx,dcl
kcl,gcl
oy,ng
s,s
tcl,f
iy,iy
v,v
pcl,kcl
ax,ah
eh,ae
ae,ae
gcl,n
dh,v
ao,aa
ih,ix
z,s
n,n
d,v
g,g
bcl,en
t,tcl
ae,ae
n,n
n,n
ix,ix
t,dh
ah,l
er,r
ix,ax
z,s
y,y
ng,ng
m,m
eh,ix
s,s
tcl,tcl
tcl,q
ih,ix
er,axr
sh,sh
ix,ix
w,el
kcl,tcl
pcl,kcl
eh,ix
tcl,dcl
l,l
n,n
s,s
ix,ix
th,s
ow,ow
ao,ao
iy,iy
t,t
y,y
iy,n
kcl,pcl
tcl,z
kcl,kcl
dx,l
ao,ao
w,hv
tcl,ix
iy,iy
l,l
s,s
w,w
ae,ae
dcl,tcl
tcl,kcl
ax,ay
ay,ay
ae,ae
t,t
y,y
ix,eh
ax,ax
axr,r
ux,ih
iy,iy
ow,ow
axr,axr
th,k
l,ix
m,m
s,s
pcl,pcl
g,q
tcl,tcl
n,ix
kcl,kcl
iy,iy
l,l
bcl,bcl
tcl,tcl
tcl,kcl
ux,ux
dcl,dcl
uh,ax
iy,ih
s,s
s,s
tcl,pcl
axr,r
l,w
v,r
n,n
el,el
axr,r
w,y
n,bcl
l,l
iy,iy
iy,iy
ih,ih
n,n
s,s
m,l
dcl,n
ih,eh
ih,iy
jh,d
n,n
w,ix
r,r
l,l
eh,r
z,s
t,t
ix,axr
s,s
r,r
ih,ih
kcl,kcl
ah,aa
k,k
ix,dcl
f,f
ah,ax
ax,v
gcl,n
gcl,n
kcl,kcl
jh,sh
g,r
l,l
ix,ax
eh,eh
n,n
w,w
kcl,kcl
kcl,z
k,k
z,s
ux,iy
ey,ey
aa,aa
ix,ix
uw,r
r,r
axr,axr
p,kcl
ae,ae
ix,ix
pcl,kcl
s,s
m,m
ey,ey
w,w
w,w
n,n
s,s
k,p
w,w
ao,ao
ao,ao
ae,q
ae,ae
z,z
sh,s
k,k
ax,ix
kcl,k
ix,q
ix,ix
dx,k
v,n
z,s
ay,ay
m,m
s,s
ax,ah
s,s
er,er
axr,v
k,n
ih,r
l,l
dcl,dcl
t,k
l,l
hv,hv
kcl,kcl
ix,ax
iy,iy
m,l
l,q
v,v
iy,iy
t,jh
aa,aa
ax,ix
z,s
ix,ix
ah,ah
ax,ax
ix,ix
kcl,pcl
ih,ax
r,r
w,w
p,p
ay,ay
f,f
r,r
l,l
aa,aa
w,w
ix,iy
jh,sh
ix,iy
w,w
s,s
sh,sh
l,r
axr,er
er,er
ax,ax
ch,ch
iy,iy
tcl,s
w,w
ow,ao
en,n
tcl,kcl
hv,hv
n,n
z,z
ix,ix
axr,axr
ow,l
tcl,tcl
pcl,tcl
ix,ih
l,l
r,r
ng,tcl
w,l
aa,r
p,k
ax,ah
ay,ay
iy,iy
ix,iy
pcl,pcl
tcl,pcl
iy,iy
ey,ae
ey,ey
k,p
kcl,kcl
n,tcl
ih,ih
ow,ow
uh,ih
r,r
dcl,dcl
ae,ae
ix,ih
em,k
dh,dh
z,z
r,r
s,s
axr,axr
ix,iy
dcl,dcl
er,r
ix,ix
axr,hv
sh,sh
eh,eh
pcl,pcl
z,z
l,l
ix,ix
s,s
k,kcl
ax,l
q,q
n,n
n,n
g,k
ax,ix
z,n
ax,ah
r,r
w,l
hh,p
pcl,pcl
hv,iy
k,d
el,ax
ae,ae
m,n
f,th
ax,ah
ae,ae
ux,ux
n,n
ix,ix
ix,ix
dx,r
m,m
ix,ix
z,s
ix,iy
z,z
ix,ix
ah,ih
ch,ch
n,l
ih,iy
iy,iy
dcl,dcl
er,er
zh,z
kcl,kcl
ah,aa
ow,ow
t,t
v,v
l,l
n,n
axr,r
ow,w
iy,iy
kcl,k
dcl,tcl
tcl,tcl
kcl,kcl
iy,iy
tcl,tcl
w,w
ux,r
ae,ae
s,s
ux,ux
jh,ch
m,m
d,d
z,z
gcl,gcl
ah,ax
ow,r
ih,l
z,s
bcl,bcl
pcl,pcl
kcl,kcl
t,d
z,th
dx,v
ix,ix
t,t
ay,ay
ix,ix
w,w
r,r
axr,er
w,w
ix,ix
v,v
ax,l
iy,y
n,n
r,r
d,t
ow,ow
ey,ih
m,n
tcl,pcl
ng,n
ch,jh
tcl,tcl
ae,ey
k,tcl
n,tcl
tcl,kcl
r,r
s,kcl
kcl,pcl
kcl,tcl
m,m
el,l
r,r
n,gcl
l,l
t,d
z,kcl
axr,n
t,t
dh,dcl
q,q
l,l
n,n
m,m
ux,ux
en,n
ax,ix
ix,ix
jh,t
s,ch
r,r
q,q
axr,r
aa,ao
dcl,dcl
ax,ax
dcl,dcl
pcl,kcl
t,k
iy,iy
axr,r
aw,aw
p,kcl
t,t
ix,ix
er,r
ow,ow
kcl,kcl
dh,z
iy,iy
aw,aw
eh,eh
tcl,tcl
m,n
p,p
gcl,pcl
k,k
p,p
z,z
iy,iy
axr,ix
v,ax
z,z
l,aa
iy,iy
ix,ih
r,r
dx,n
bcl,bcl
ao,ao
kcl,pcl
ix,ih
aa,ao
s,s
eh,eh
z,z
kcl,kcl
l,l
f,f
axr,axr
p,p
ux,ux
tcl,tcl
pcl,pcl
dcl,tcl
ow,ow
ao,ao
tcl,tcl
k,p
tcl,tcl
ix,ih
g,k
q,q
s,s
ah,ah
tcl,tcl
dh,dh
s,s
er,er
pcl,tcl
ah,aa
k,k
v,pcl
dh,dh
zh,sh
iy,iy
s,s
ey,ey
r,r
ah,l
er,w
el,axr
ux,ux
b,b
ae,eh
dcl,dx
ay,ay
r,r
hh,ix
iy,ey
r,r
ih,n
q,dx
ow,ow
m,m
f,s
q,q
bcl,pcl
ow,ow
ih,iy
l,l
q,q
kcl,kcl
iy,iy
bcl,bcl
n,k
k,hv
iy,iy
w,l
t,k
aa,ax
ax,p
r,r
tcl,tcl
r,r
n,n
k,k
t,t
w,w
s,s
dx,dx
kcl,pcl
r,r
s,f
er,r
bcl,bcl
ax,l
w,w
s,s
ch,ch
dx,k
v,v
ih,ix
ux,ow
dcl,dcl
r,r
en,n
uh,ix
eh,aw
r,r
n,n
dcl,dcl
er,axr
ng,n
aw,aw
m,n
p,dh
w,q
dh,dh
sh,sh
ix,ng
ay,ay
ae,ae
n,n
m,dcl
iy,iy
n,n
s,s
z,f
iy,iy
kcl,kcl
ng,r
t,t
axr,r
n,n
q,q
gcl,gcl
n,n
ix,ih
ix,ix
g,g
ae,ae
aa,aa
r,r
l,l
m,n
l,l
iy,iy
nx,dcl
axr,axr
s,s
r,r
w,m
ao,ao
v,v
hh,hh
pcl,pcl
eh,iy
y,q
ax-h,tcl
ih,iy
ey,ey
eh,ae
n,n
hv,hv
t,k
tcl,tcl
aw,aw
r,r
kcl,kcl
aa,aa
tcl,tcl
ix,ix
m,n
gcl,gcl
s,s
ah,ah
ux,ux
m,n
ax,ax
p,k
er,er
ow,ow
iy,iy
tcl,p
ng,ax
w,w
r,r
ax,ax
f,f
q,q
t,d
ae,ae
gcl,dcl
ix,ax
ae,eh
k,k
dx,dx
n,m
iy,iy
w,w
pcl,tcl
nx,m
k,g
ay,ay
t,t
ux,ux
eh,eh
ng,n
kcl,p
iy,ae
bcl,bcl
tcl,kcl
axr,r
f,f
r,q
gcl,gcl
sh,sh
y,iy
ax,ao
tcl,dcl
gcl,ix
t,t
axr,r
ih,ih
jh,ch
tcl,tcl
s,s
aa,eh
dx,dx
ao,ao
ix,r
g,dh
f,f
tcl,tcl
ih,ih
dh,dh
y,dx
pcl,tcl
ix,r
g,k
tcl,tcl
n,n
ay,ay
w,l
r,r
el,l
kcl,p
n,n
ix,ae
s,s
iy,iy
k,p
m,m
er,r
kcl,g
q,ix
d,q
dh,dh
ix,ix
t,t
axr,axr
aa,aa
iy,iy
ix,iy
ih,ih
r,r
r,r
dx,ix
ey,ey
d,dcl
y,y
dcl,gcl
axr,axr
n,n
s,s
er,axr
r,r
q,q
ix,ix
r,r
kcl,tcl
axr,axr
ix,ix
r,ix
dcl,dcl
ux,ix
l,ao
bcl,bcl
ao,ow
ae,ae
ih,ih
f,z
hh,p
bcl,dcl
sh,sh
ax,ax
z,s
v,p
aa,ao
v,pcl
ih,ih
jh,jh
s,s
ix,ix
ax,ix
p,p
s,s
ae,ae
dcl,dcl
l,l
uh,r
b,w
k,k
z,s
ax,l
n,nx
p,p
tcl,kcl
m,m
axr,axr
ix,ix
d,d
n,n
ix,ux
s,s
n,n
ix,ix
ix,ih
l,q
l,l
s,s
q,q
pcl,pcl
k,k
l,l
iy,iy
dcl,dh
n,n
aa,ao
ng,ng
iy,iy
q,dcl
ah,ae
dh,v
axr,axr
hv,hv
sh,sh
ng,n
k,k
ae,ux
er,r
s,sh
k,k
jh,jh
gcl,gcl
n,n
ix,ix
axr,ix
ay,ay
eh,eh
n,n
n,n
pcl,pcl
q,ao
ao,ao
f,f
p,k
l,l
s,s
pcl,kcl
y,iy
m,n
ay,ay
uw,l
w,w
ao,ao
r,r
kcl,pcl
g,d
sh,sh
eh,ix
kcl,gcl
s,s
ao,aa
tcl,tcl
iy,iy
p,d
q,q
f,f
ih,iy
ix,ix
z,z
n,m
ih,ih
n,n
g,r
ix,ix
ey,iy
r,r
pcl,pcl
t,z
w,w
er,axr
dcl,kcl
eh,ix
ix,ix
ao,l
uh,ix
sh,sh
axr,axr
s,s
t,k
y,iy
iy,iy
ix,v
tcl,tcl
el,uw
ax,ax
axr,r
ix,ix
w,w
dcl,tcl
w,q
ih,q
v,dcl
l,l
r,r
ih,ih
jh,jh
ng,r
s,s
aa,q
iy,iy
axr,axr
p,k
n,ix
gcl,z
kcl,tcl
ah,aa
ix,ix
q,q
tcl,tcl
g,ax
q,q
l,ax
r,r
ey,ey
k,t
tcl,tcl
th,q
iy,iy
p,p
ux,uw
bcl,f
n,n
ah,l
pcl,pcl
pcl,pcl
hv,hv
l,l
eh,ey
n,dcl
kcl,kcl
aa,aa
hv,eh
iy,iy
s,s
s,s
s,z
tcl,tcl
l,l
r,ix
ih,eh
r,r
ah,q
aa,ao
tcl,tcl
t,s
ao,w
dcl,kcl
iy,iy
eh,eh
oy,oy
kcl,tcl
z,dcl
eh,ey
iy,iy
en,l
z,z
pcl,kcl
tcl,tcl
bcl,v
k,q
iy,ey
l,l
t,t
f,sh
axr,r
pcl,pcl
aa,aa
r,r
kcl,s
r,r
s,k
iy,n
kcl,kcl
l,l
r,r
s,z
iy,iy
l,l
hv,hv
t,t
tcl,pcl
kcl,kcl
s,s
ah,ow
aa,ao
n,dcl
ng,ng
p,p
ix,ax
k,k
p,p
ix,ix
k,k
kcl,q
ow,el
y,iy
bcl,bcl
r,l
q,q
iy,iy
ah,ax
iy,iy
ow,ow
r,r
pcl,f
ux,ux
tcl,tcl
ax,en
n,n
s,s
aa,aa
nx,n
ow,ow
iy,iy
eh,ih
iy,iy
n,n
pcl,pcl
aa,aa
s,s
tcl,tcl
axr,aw
eh,eh
ao,ao
eh,eh
eh,n
ih,iy
ix,ih
n,n
ux,iy
w,l
tcl,tcl
m,n
er,r
l,l
iy,iy
tcl,tcl
ao,ao
n,n
k,k
n,n
ae,ey
iy,iy
k,q
eh,ix
k,k
oy,oy
s,s
tcl,pcl
z,z
v,ax
s,s
q,q
l,l
ao,ao
l,n
s,s
ae,ae
iy,iy
r,axr
l,l
ih,ix
tcl,bcl
ow,ow
jh,ch
r,r
r,r
aa,aa
bcl,dcl
kcl,pcl
ih,uh
w,w
er,er
dcl,tcl
ix,ix
eh,eh
r,r
ux,ux
ih,iy
q,en
s,s
f,s
dcl,bcl
jh,jh
ah,ah
iy,iy
m,ix
pcl,pcl
m,m
k,k
l,iy
bcl,w
iy,iy
gcl,gcl
ng,n
n,ix
ay,ay
g,k
ay,ay
l,el
nx,n
kcl,kcl
q,q
kcl,v
kcl,tcl
n,n
axr,er
ae,eh
r,ae
bcl,n
kcl,tcl
ih,ix
bcl,dcl
kcl,kcl
k,kcl
k,k
axr,g
axr,er
aa,aw
bcl,bcl
q,q
f,f
iy,iy
ay,r
n,m
v,v
z,th
r,r
tcl,tcl
dcl,v
ch,jh
s,s
r,r
tcl,tcl
dh,f
ae,ae
tcl,pcl
axr,axr
k,tcl
q,ow
l,kcl
ae,ae
n,dcl
l,ow
ah,ax
s,sh
eh,ax
kcl,tcl
s,sh
k,k
r,r
m,m
jh,ch
axr,axr
ah,ah
jh,jh
aa,ao
s,s
ow,ow
tcl,f
pcl,pcl
ae,eh
g,b
iy,iy
ax,ax
r,r
m,n
r,r
ax,ax
gcl,pcl
sh,sh
s,s
iy,iy
w,w
ix,ix
ao,ao
z,z
s,s
ax,ax
f,pcl
aw,ay
l,l
ao,w
kcl,tcl
dx,l
m,w
ah,ax
s,s
eh,eh
iy,iy
f,f
s,s
kcl,kcl
l,el
q,k
th,tcl
ah,l
ix,ix
ey,ey
ih,ix
kcl,kcl
dcl,dcl
gcl,tcl
gcl,dcl
s,s
ix,iy
s,s
jh,jh
eh,n
iy,iy
gcl,r
s,s
aa,ae
w,w
ih,ih
iy,iy
ix,ix
n,n
n,n
uh,ow
ix,ix
dcl,dcl
n,n
zh,z
tcl,tcl
r,l
ix,ix
ix,ix
iy,iy
d,t
iy,iy
l,l
ow,l
tcl,kcl
k,p
r,ae
tcl,tcl
ix,ix
dh,pcl
d,g
bcl,n
w,w
ih,ih
k,k
ao,r
w,w
m,n
dx,dx
pcl,kcl
dcl,kcl
l,v
s,s
iy,iy
n,n
ao,ao
ao,ao
nx,n
ax,ax
eh,eh
kcl,kcl
w,w
dcl,tcl
el,l
n,n
ae,ey
er,er
uh,ih
iy,iy
iy,iy
tcl,tcl
ux,r
hv,hv
iy,iy
hv,hv
ey,ey
ow,ow
m,n
f,f
eh,ih
s,s
f,f
ux,ey
ao,aa
m,m
dx,dx
ix,ix
ao,ow
z,z
k,k
m,m
w,l
m,m
dh,g
z,z
f,f
k,t
r,r
m,n
ax,ax
ay,ay
ih,ih
nx,dx
th,s
th,s
l,l
el,el
bcl,bcl
ax,l
gcl,tcl
l,l
ey,ey
tcl,tcl
m,m
axr,axr
r,axr
bcl,gcl
r,r
iy,iy
k,p
n,n
ey,ih
l,el
r,r
nx,n
aa,ax
s,s
iy,iy
hh,f
tcl,z
m,n
n,n
iy,iy
axr,r
ey,ey
kcl,kcl
ae,ae
kcl,tcl
y,y
ae,ae
z,s
m,m
p,p
l,l
q,q
ix,ix
ih,ih
m,n
en,en
ix,ix
kcl,kcl
n,n
m,m
k,k
eh,eh
g,p
n,n
s,s
ix,iy
iy,iy
k,dh
d,t
ux,ux
ix,ih
ih,ih
ow,uw
zh,hh
y,ix
iy,iy
tcl,gcl
kcl,f
tcl,v
v,l
gcl,r
kcl,tcl
d,d
l,n
ow,aw
aw,aw
ix,ix
p,f
k,hh
z,z
el,aw
l,l
r,ax
sh,sh
pcl,pcl
z,z
uw,ow
sh,sh
ax,ih
n,n
bcl,bcl
kcl,tcl
ux,ux
en,ax
t,t
pcl,pcl
s,sh
dh,t
kcl,kcl
aa,aa
ux,ix
s,s
ix,ix
en,ih
ax,ax
z,s
dcl,dh
axr,r
w,w
ao,ao
pcl,bcl
er,axr
l,ao
r,r
l,l
ay,ay
ae,ae
sh,sh
m,m
m,r
t,t
p,pcl
er,er
hv,hv
pcl,tcl
aw,aw
eh,ih
bcl,tcl
v,v
ey,ih
q,n
z,z
r,r
ao,ao
er,axr
aa,aa
axr,r
m,n
r,r
z,z
eh,eh
w,l
sh,s
ix,ix
s,s
tcl,kcl
ah,l
ng,n
l,ax
tcl,pcl
ae,ey
f,f
s,s
th,kcl
k,p
n,n
t,jh
tcl,p
ih,ih
s,jh
ah,ax
l,q
q,m
r,r
ae,ey
kcl,tcl
ih,iy
m,r
s,f
y,ix
dcl,kcl
dcl,dcl
iy,iy
eh,eh
k,k
tcl,tcl
p,tcl
gcl,dcl
ah,aa
hv,q
nx,n
t,t
er,axr
s,t
axr,axr
ao,el
ey,ey
tcl,tcl
er,axr
l,l
ah,r
m,bcl
n,n
ah,ao
s,z
aw,aw
dh,dx
g,g
ix,eh
dx,dx
t,dx
s,s
hh,hv
n,n
gcl,bcl
ao,ao
dcl,bcl
f,f
ao,ao
l,q
z,bcl
axr,axr
kcl,tcl
sh,sh
ix,dx
tcl,tcl
r,v
ix,ix
l,ix
ix,ih
sh,sh
tcl,tcl
s,s
ix,n
dh,tcl
w,l
iy,iy
ae,ae
axr,r
eh,hv
l,l
ix,ix
aa,ao
ey,ey
k,k
dcl,n
ax,ax
l,l
dh,k
bcl,bcl
ix,axr
r,r
pcl,tcl
aw,aw
aa,aa
iy,iy
axr,r
nx,dh
aw,aw
p,p
kcl,kcl
dcl,kcl
ey,ey
ch,ch
t,t
g,q
ix,eh
w,w
iy,iy
ux,iy
z,z
aa,aa
n,n
s,s
l,l
dcl,dcl
dcl,pcl
bcl,dcl
hv,ix
ae,ae
ax,ax
oy,oy
aa,aa
ax,ix
n,n
y,ix
ux,ux
tcl,kcl
s,s
pcl,kcl
en,n
q,q
ow,el
pcl,v
ae,ae
sh,sh
kcl,tcl
ux,ux
ix,ix
er,r
ix,ix
ae,ae
s,kcl
nx,n
v,jh
eh,ix
ng,gcl
eh,axr
dcl,dcl
l,l
g,k
ux,ux
n,n
iy,iy
q,q
er,r
t,t
s,s
l,l
f,f
ax,n
gcl,r
s,t
ng,n
n,m
n,n
r,r
kcl,kcl
eh,eh
ng,ng
ch,ch
iy,y
ey,hv
t,t
n,n
sh,sh
eh,ae
tcl,tcl
d,d
sh,sh
pcl,pcl
ao,ao
axr,ih
k,k
axr,er
p,p
bcl,bcl
oy,oy
nx,n
iy,ix
ax,ix
ux,ix
r,r
kcl,kcl
tcl,pcl
s,s
axr,r
ix,ix
s,s
dcl,n
el,el
aa,r
dcl,dcl
iy,iy
el,el
ih,iy
axr,r
d,f
dcl,dcl
ih,ih
s,s
gcl,jh
f,f
ae,ae
ay,ay
r,r
l,w
bcl,kcl
kcl,tcl
ix,ih
ix,ih
w,ey
p,p
tcl,tcl
ax-h,tcl
l,l
r,r
ah,ow
q,q
ix,gcl
ix,iy
eh,ae
k,k
kcl,tcl
r,n
w,w
s,s
en,n
er,ao
sh,sh
f,f
f,hh
sh,sh
ch,hh
k,k
tcl,tcl
l,l
g,n
n,n
pcl,pcl
s,s
hv,f
th,s
l,l
gcl,n
n,n
ae,eh
l,l
th,tcl
iy,ix
y,ux
n,m
ix,ax
ao,n
l,n
v,v
n,n
v,v
er,axr
n,n
dx,dx
ix,ih
z,s
ix,ix
ix,ix
dh,tcl
r,r
oy,oy
ow,uw
ix,ix
kcl,kcl
dcl,dcl
ax,ax
uw,iy
ao,ao
ih,ux
eh,ae
kcl,kcl
ih,ih
eh,ay
g,l
k,k
ow,l
axr,ax
l,l
iy,iy
pcl,kcl
p,p
pcl,tcl
dh,l
d,gcl
iy,iy
w,w
aa,aa
tcl,tcl
r,r
l,l
m,bcl
n,dh
eh,eh
n,n
ih,iy
w,l
hv,hh
hh,p
k,k
r,r
el,ao
t,t
s,s
hh,hv
ax,ax
z,z
r,ih
z,kcl
r,r
bcl,pcl
ao,ao
m,n
ih,iy
bcl,dcl
kcl,kcl
s,s
oy,oy
ux,m
t,t
s,s
tcl,tcl
tcl,kcl
axr,r
ix,r
ao,ao
p,bcl
r,r
dh,dh
th,z
ao,aa
aa,ao
oy,q
ih,ix
z,s
dcl,tcl
ih,iy
m,axr
n,n
axr,ix
r,q
iy,iy
v,ax
w,w
ih,ix
tcl,v
m,tcl
t,k
r,r
ae,ae
ax,l
gcl,dcl
tcl,tcl
tcl,z
k,k
s,z
aa,aa
tcl,tcl
t,t
s,s
tcl,tcl
oy,ao
s,s
en,n
t,t
ow,ow
ux,ux
r,r
n,n
tcl,tcl
p,p
w,l
s,s
w,w
ux,iy
kcl,kcl
hh,hh
ix,y
ix,ix
axr,r
ng,n
nx,l
axr,r
q,q
tcl,tcl
z,s
ao,ao
nx,nx
tcl,tcl
ay,ay
jh,tcl
n,ix
aa,ao
dcl,dcl
t,t
kcl,pcl
aa,ao
t,tcl
iy,iy
w,w
iy,iy
dcl,m
aa,ao
g,p
n,ao
ih,ey
sh,sh
ow,ow
ix,ix
y,jh
t,s
g,k
l,l
uh,ix
r,ux
n,n
aa,aa
y,y
n,m
er,axr
q,q
dx,nx
pcl,kcl
g,k
w,w
z,z
zh,sh
sh,s
n,ix
d,l
ah,ae
kcl,kcl
pcl,v
s,s
v,v
aa,aa
n,n
t,t
ih,ih
iy,ih
m,n
m,ng
s,z
w,w
ih,ih
n,n
dh,tcl
tcl,kcl
dcl,dcl
ix,q
kcl,kcl
k,k
iy,iy
tcl,tcl
ih,ax
iy,iy
d,k
q,q
s,s
l,l
w,w
q,q
n,n
m,n
ih,ih
eh,eh
dh,dh
axr,ix
hv,hv
s,s
ix,ix
p,p
q,r
g,g
er,er
iy,iy
r,l
ae,ae
el,el
q,q
z,s
ih,ow
l,l
k,jh
ay,ay
ux,w
ao,aw
q,ix
bcl,dh
dh,dh
r,ao
er,iy
nx,n
bcl,dcl
k,k
n,n
r,r
w,w
kcl,kcl
ae,ae
q,q
m,v
aa,ao
ix,q
nx,el
pcl,tcl
r,ix
sh,sh
l,aa
nx,nx
y,y
ng,n
d,t
ah,ay
aa,er
f,f
n,n
dcl,tcl
ix,ux
ih,ih
ix,ix
kcl,gcl
q,q
el,iy
n,n
v,v
dcl,tcl
tcl,dcl
eh,eh
ux,eh
tcl,tcl
r,r
bcl,n
r,r
s,s
hh,k
k,q
ix,ax
sh,jh
r,r
bcl,m
ae,ae
iy,iy
axr,l
ix,eh
ix,ix
p,ax-h
th,kcl
p,k
w,w
ae,ae
er,r
m,n
er,r
axr,axr
n,tcl
v,dh
kcl,kcl
ix,eh
ah,ax
r,r
q,ix
ao,ao
tcl,bcl
r,r
ix,ix
d,tcl
ix,ix
uh,ax
p,p
s,s
kcl,kcl
r,q
s,s
p,k
n,n
dcl,tcl
k,k
pcl,tcl
s,s
r,r
f,th
axr,axr
ah,ah
tcl,pcl
ae,ae
n,n
ay,ay
ow,ow
ix,ix
uh,uw
ah,eh
tcl,tcl
sh,sh
ay,ay
p,tcl
kcl,dcl
em,n
s,s
tcl,tcl
g,q
axr,r
q,q
dcl,tcl
kcl,z
ae,ih
kcl,tcl
v,dh
ih,ih
dx,v
ae,ae
s,s
er,ih
r,ix
dcl,kcl
m,n
sh,sh
ih,ix
kcl,s
f,th
k,k
t,kcl
l,l
k,k
ix,ix
eh,ix
iy,iy
p,p
ux,r
uw,ih
ix,ix
r,r
bcl,v
z,z
ix,ih
hv,r
er,r
l,l
ih,ux
f,kcl
tcl,pcl
m,n
dx,k
y,y
t,t
ux,uw
ix,iy
gcl,gcl
ae,ae
dh,tcl
jh,jh
g,d
l,l
s,s
s,s
dh,dh
ix,ix
kcl,kcl
q,q
dx,jh
eh,eh
sh,sh
eh,ae
ow,aa
iy,iy
kcl,kcl
tcl,tcl
pcl,pcl
y,y
n,n
tcl,tcl
ix,ix
ey,ey
ax,ax
r,r
k,k
n,q
axr,ix
dcl,dcl
s,s
ux,ux
ax,ax
iy,iy
tcl,tcl
aa,aa
r,aa
s,sh
bcl,bcl
s,s
p,k
aw,aw
aa,ay
s,s
ey,ey
ae,ae
ix,ix
ay,ay
r,r
axr,axr
tcl,bcl
hh,hh
m,m
z,z
pcl,kcl
g,g
bcl,bcl
axr,ao
eh,eh
pcl,kcl
y,iy
er,er
q,q
ah,ah
ah,ah
n,n
aw,aw
n,n
z,z
ih,ey
t,k
tcl,tcl
er,ae
t,t
n,n
axr,r
ae,ey
iy,iy
iy,iy
y,ng
ax,l
ix,q
tcl,f
pcl,pcl
s,f
th,tcl
ih,iy
ey,iy
iy,iy
ae,ae
l,l
eh,eh
r,r
iy,iy
r,ax
ay,ay
uh,l
nx,dx
ae,ae
th,dh
ax,ix
ix,ih
er,r
dcl,dh
er,axr
ih,l
m,n
v,tcl
ao,ao
dh,r
gcl,tcl
r,r
sh,sh
ay,ay
sh,sh
ng,n
kcl,kcl
aa,axr
hv,hv
b,d
hv,hv
ix,ix
ay,ay
v,v
z,v
ow,aw
r,r
tcl,f
eh,ae
g,k
aa,aa
ae,ae
w,w
uw,dx
tcl,tcl
ng,n
iy,iy
l,q
eh,ae
aa,aa
ah,eh
s,s
hh,hv
eh,ih
ix,iy
m,n
l,l
y,y
s,s
l,ao
ah,ah
n,n
t,tcl
l,l
ax,ix
g,t
dx,v
ix,y
z,s
axr,er
k,k
iy,iy
q,k
ah,eh
t,ch
uw,ux
ay,ae
iy,iy
t,p
d,d
ah,er
pcl,pcl
ih,ih
ax,ax
aa,ow
tcl,tcl
y,ix
r,r
ey,ey
g,d
ey,ey
ih,iy
ix,ix
s,f
iy,iy
ux,ux
g,d
n,en
n,n
s,s
l,uw
uw,uh
g,n
n,gcl
s,s
t,t
w,dcl
s,s
g,k
s,s
ih,ih
eh,eh
dx,d
tcl,tcl
ah,ow
sh,sh
ow,l
eh,aa
k,k
kcl,tcl
iy,iy
tcl,pcl
bcl,dcl
ix,ix
s,s
bcl,bcl
s,s
l,l
n,n
aa,aa
sh,sh
kcl,kcl
axr,axr
r,ao
l,l
ao,ao
er,axr
w,w
ae,ae
z,s
ix,ix
ix,ix
t,tcl
gcl,tcl
m,n
l,l
g,k
m,m
q,q
t,t
th,f
t,t
bcl,bcl
kcl,kcl
uh,w
eh,eh
n,n
m,m
k,tcl
s,z
dcl,n
er,axr
dh,t
ix,eh
dh,dh
sh,sh
k,k
ih,ix
m,v
ih,iy
ae,ae
m,m
iy,iy
bcl,v
gcl,kcl
ix,ix
t,t
tcl,tcl
ih,ey
ch,k
k,k
ng,n
ih,ae
iy,iy
ao,ao
er,er
gcl,w
dh,n
tcl,dx
er,er
ix,eh
ax,ax
ow,ow
axr,axr
axr,axr
iy,iy
eh,ih
ae,ae
tcl,tcl
l,ao
r,ax
tcl,pcl
n,ng
p,k
hh,hh
ih,ae
oy,oy
m,m
hv,hv
n,n
ix,ix
l,ax
tcl,tcl
ih,iy
ux,ix
ae,eh
gcl,r
er,axr
k,k
n,n
dcl,tcl
dcl,dcl
dcl,dcl
k,k
ey,ey
tcl,tcl
z,z
ix,ix
q,tcl
f,f
ae,ae
tcl,kcl
r,r
ao,oy
p,p
t,ch
s,s
ih,iy
iy,iy
s,s
q,q
k,t
ae,ae
ax,ax
axr,axr
ay,ay
f,k
l,l
f,f
aa,ao
l,w
ix,ix
hh,hh
gcl,tcl
s,s
n,gcl
w,w
w,l
ih,ix
iy,iy
bcl,ng
iy,iy
r,r
y,iy
dcl,kcl
r,axr
r,r
iy,iy
s,s
y,iy
iy,y
oy,oy
axr,r
tcl,pcl
aa,aa
ux,ix
r,r
f,f
y,y
ay,aa
dh,n
ow,ow
er,r
kcl,kcl
s,s
eh,ih
r,r
hh,hh
sh,sh
em,q
s,th
r,r
ao,ao
uw,ux
er,r
r,r
dh,z
z,tcl
ax,ix
t,t
axr,r
ix,ey
r,r
pcl,tcl
ae,ae
ao,ao
eh,ae
k,t
th,th
aa,aa
ax,ix
q,q
k,k
iy,iy
iy,iy
kcl,kcl
k,k
ow,ow
tcl,f
k,tcl
v,dcl
aa,aw
m,iy
m,v
ey,eh
m,m
ux,ux
iy,iy
s,s
ch,kcl
dcl,dcl
w,w
s,s
ae,ae
z,z
l,el
n,n
r,r
r,r
ih,iy
kcl,tcl
axr,ax
s,s
v,v
ix,l
q,q
ae,ae
y,y
tcl,tcl
m,n
m,m
p,p
q,q
ao,ao
t,k
axr,r
ae,ae
k,tcl
iy,gcl
hh,p
tcl,t
ux,iy
dx,dcl
r,r
s,s
ao,ao
jh,jh
tcl,q
kcl,kcl
ng,n
r,w
d,dcl
aa,aa
f,f
ih,ih
ix,ix
dh,dh
w,w
s,z
hv,hv
dcl,dcl
r,r
pcl,kcl
n,n
ng,ng
r,ix
l,el
m,r
r,r
ix,ix
tcl,tcl
q,dcl
iy,ey
ix,ix
aa,ay
s,s
ae,ae
n,n
m,n
l,l
uw,m
ow,ow
ao,ao
ay,ay
dx,dx
iy,iy
l,r
tcl,tcl
s,s
ih,ih
axr,axr
ay,ay
l,l
ax,ax
s,s
p,k
ae,r
l,m
iy,iy
aw,ao
uh,ih
jh,jh
axr,axr
ay,ey
kcl,kcl
ao,ow
er,axr
ih,ix
eh,eh
iy,iy
ah,r
ae,ae
k,k
uh,ih
kcl,kcl
ao,ao
ow,ow
ng,l
gcl,gcl
z,s
iy,iy
kcl,kcl
s,s
dx,tcl
kcl,kcl
jh,sh
ow,ow
n,n
r,r
k,tcl
jh,sh
ih,ix
kcl,kcl
ey,r
q,q
er,axr
ix,ix
m,n
er,axr
iy,iy
axr,ix
aa,ao
ng,n
gcl,el
eh,ih
ih,iy
w,w
v,n
y,y
eh,n
hv,hv
tcl,kcl
er,r
ih,ih
dcl,tcl
l,w
ow,ow
ux,ux
f,p
k,k
el,ao
ao,w
aa,aa
ax,ax
r,r
dcl,dcl
eh,eh
ey,ey
ah,eh
hv,iy
d,t
tcl,z
r,n
tcl,pcl
tcl,pcl
s,s
r,r
pcl,pcl
aa,aa
ng,ng
r,r
r,w
q,q
dx,kcl
gcl,tcl
n,n
ix,ix
ix,iy
nx,ax
tcl,tcl
eh,ae
sh,s
ao,w
sh,ch
hv,ix
ao,aa
ae,ae
ix,ix
d,dh
ah,ah
iy,iy
r,r
v,ix
iy,iy
dcl,dcl
ih,ix
oy,oy
axr,g
ow,eh
eh,ae
k,k
kcl,pcl
en,m
tcl,tcl
l,l
ax,eh
s,s
dcl,n
axr,axr
ch,k
n,ix
ix,ix
t,t
pcl,kcl
ix,ix
er,r
ih,ux
y,y
th,th
ix,ix
k,p
dx,tcl
z,z
q,q
q,q
axr,axr
kcl,kcl
eh,eh
ix,eh
ao,aa
dx,k
ih,ih
sh,s
l,l
s,s
ey,ey
eh,l
dh,dx
sh,sh
ix,ix
f,f
v,tcl
v,dh
s,s
ow,ae
iy,ey
iy,iy
ao,ao
z,s
kcl,kcl
z,z
dh,dh
pcl,tcl
f,f
jh,k
n,n
dcl,n
tcl,tcl
aa,aa
bcl,bcl
b,p
n,n
iy,iy
ih,ih
ix,ix
ax,ix
pcl,pcl
eh,ey
ix,ix
m,m
ng,n
r,hv
s,s
ax,ax
el,el
ah,aa
y,w
s,s
hh,k
iy,iy
ih,ih
l,l
sh,sh
q,q
ao,ao
iy,iy
ax,ix
r,r
l,l
iy,iy
t,p
tcl,v
z,s
nx,m
ah,ix
ah,ae
em,m
n,en
dcl,pcl
ow,el
ix,ix
iy,iy
q,q
ux,iy
kcl,kcl
ix,iy
dcl,bcl
ey,ey
r,r
ix,ix
tcl,kcl
uh,ax
m,m
l,l
ch,s
ux,ih
z,z
aa,aa
y,y
kcl,tcl
ix,ax
er,r
z,ch
gcl,z
pcl,tcl
axr,l
ae,ae
kcl,tcl
r,l
ao,ao
ix,iy
ax,r
k,f
kcl,kcl
dcl,pcl
l,r
l,l
tcl,ax-h
s,s
ow,ow
w,w
iy,iy
zh,sh
iy,iy
t,kcl
kcl,k
v,v
ey,ey
iy,iy
tcl,tcl
ao,ao
ix,r
eh,eh
eh,eh
er,r
s,sh
ax,ax
ae,ay
r,r
gcl,iy
r,r
r,r
f,tcl
eh,ey
ao,el
r,r
er,r
l,l
ih,ih
eh,r
tcl,pcl
ao,ah
ih,ix
ao,r
ch,t
ih,ix
s,s
ax,ix
t,t
l,l
r,eh
pcl,kcl
tcl,tcl
ax,ax
ax,ax
ix,ix
axr,ih
r,r
kcl,tcl
dcl,dcl
t,t
s,s
el,ax
kcl,gcl
n,n
eh,r
s,s
dcl,pcl
pcl,pcl
ay,ay
r,r
r,r
p,p
aw,aw
aa,ay
dx,ix
sh,sh
k,ch
z,s
kcl,pcl
tcl,tcl
q,el
r,r
eh,ey
r,r
r,r
ey,ey
m,n
gcl,gcl
f,f
ih,iy
ow,aw
eh,ix
d,q
ae,ae
eh,l
dcl,dcl
iy,iy
n,n
w,ao
ix,ih
aa,aa
k,k
z,s
axr,v
hh,t
ey,iy
kcl,tcl
aa,ao
r,l
ow,ow
tcl,kcl
ax,ax
eh,er
z,s
w,el
s,s
s,s
l,ow
q,q
uw,ux
n,n
aa,aa
kcl,kcl
ey,iy
z,z
dx,q
axr,ix
s,s
ax,ax
s,s
t,t
aa,ah
l,m
ux,n
m,n
t,p
el,ax
w,w
th,dh
ax,ax
q,q
m,m
r,r
v,v
ix,ix
ae,ix
k,k
sh,z
r,r
kcl,kcl
s,sh
ix,ix
iy,iy
ah,ih
b,p
ao,aa
z,z
l,l
s,s
ax,ax
gcl,dcl
ae,ae
uw,uw
n,n
ux,ux
s,s
y,y
w,l
ae,ae
iy,iy
n,n
r,r
s,kcl
aa,aw
ih,ix
ix,ih
ow,ow
dcl,dcl
iy,iy
ey,ey
p,f
z,s
ax,l
dcl,kcl
z,s
t,k
p,k
em,n
ah,ao
n,dcl
ey,ey
eh,n
dcl,dcl
nx,ix
m,l
iy,iy
bcl,n
n,n
dcl,tcl
sh,sh
m,m
iy,iy
er,r
ih,ax
g,g
kcl,kcl
dcl,dcl
gcl,pcl
l,l
n,l
kcl,k
ng,n
n,n
uh,ih
iy,iy
g,r
ng,n
f,f
dcl,gcl
dcl,tcl
pcl,tcl
dx,hv
aw,q
s,s
m,ux
kcl,kcl
ux,ux
el,l
sh,sh
eh,ix
tcl,tcl
en,n
w,r
r,w
ae,ae
r,er
k,k
ux,ux
pcl,pcl
ax,ax
jh,t
ae,ae
er,axr
bcl,n
k,s
q,q
s,s
uw,ow
ix,ix
z,s
hh,k
k,sh
ae,ae
dh,dh
n,n
ax,r
s,s
ah,aa
m,bcl
ih,ih
tcl,kcl
ah,ah
ng,m
m,n
dx,dx
eh,eh
s,s
er,er
l,l
dcl,dcl
y,y
w,w
ih,iy
z,s
tcl,kcl
eh,eh
s,s
n,ix
v,z
p,p
ix,ix
dh,s
n,l
kcl,kcl
l,w
tcl,tcl
ao,ao
ae,ae
k,k
z,s
aa,aa
ix,gcl
ow,l
eh,r
aa,ao
s,s
m,n
jh,k
ax,r
z,z
m,m
tcl,f
axr,axr
s,s
sh,s
g,g
ah,ah
axr,r
ix,ix
z,s
n,n
ux,uw
iy,iy
ae,ae
iy,iy
iy,iy
ih,ih
aa,aa
bcl,dcl
ae,iy
kcl,tcl
axr,ih
uh,ix
l,l
ax,r
aa,ay
s,sh
er,er
ay,ay
kcl,p
kcl,tcl
m,iy
y,hv
er,axr
w,w
pcl,kcl
ng,ng
f,pcl
ow,ow
ax,ax
tcl,tcl
ix,iy
ix,ix
ix,ix
ng,iy
ay,ay
er,r
ix,ih
n,q
gcl,tcl
z,s
m,w
eh,ah
s,s
ix,ix
w,l
n,n
ih,ih
er,axr
iy,iy
f,f
n,n
l,l
k,k
ey,ih
p,p
m,m
n,m
s,s
l,l
n,n
ah,eh
n,n
ae,ae
w,w
pcl,pcl
s,s
ae,ae
n,dcl
v,v
m,n
ax-h,ix
t,t
iy,iy
ay,ay
f,tcl
p,dh
r,r
ux,ux
s,s
iy,iy
g,g
ix,ix
ch,ch
iy,iy
n,n
ih,ih
sh,sh
s,s
k,k
pcl,pcl
z,s
k,s
v,dh
bcl,bcl
hh,hh
er,eh
l,l
iy,iy
ao,ao
t,t
w,n
pcl,gcl
dcl,bcl
w,w
dx,dcl
el,v
v,v
l,l
ah,ao
kcl,kcl
n,n
ey,ey
kcl,kcl
ih,ih
p,p
ux,z
r,r
l,l
ao,ih
ix,n
r,r
tcl,dcl
gcl,bcl
n,n
ow,ow
k,bcl
tcl,d
m,m
m,dh
ix,q
l,ng
kcl,tcl
er,ih
axr,ey
tcl,tcl
oy,oy
ix,ix
iy,ih
b,t
t,t
p,kcl
z,z
z,z
ix,m
ow,ow
ix,ix
er,axr
s,s
ae,ae
ao,ah
ng,n
ih,eh
s,s
r,r
m,n
n,n
g,d
f,f
z,s
r,r
ay,ay
eh,ih
kcl,kcl
w,l
dcl,tcl
l,l
ae,ae
l,l
dcl,dx
ix,eh
iy,iy
axr,r
gcl,kcl
r,r
w,w
kcl,pcl
er,r
q,ix
jh,d
ix,dh
tcl,tcl
s,s
w,m
z,z
k,tcl
t,t
v,v
s,s
en,n
aa,aa
iy,iy
ao,w
axr,r
ch,ch
aa,aa
s,s
er,r
iy,iy
k,k
ih,axr
t,t
ix,ix
iy,iy
m,ix
iy,iy
y,y
aa,aa
ix,ix
sh,sh
eh,eh
m,n
f,sh
axr,axr
ix,ix
iy,iy
kcl,f
ih,eh
r,r
s,s
ih,ih
r,r
k,r
t,t
ao,ao
ao,el
ey,ey
s,s
g,k
iy,ix
ae,ae
s,s
aa,ao
b,d
t,k
ae,ae
t,k
tcl,tcl
kcl,kcl
l,l
er,axr
eh,eh
tcl,dcl
kcl,pcl
f,f
q,q
th,s
d,k
r,ix
l,ao
ae,ae
q,q
p,n
bcl,bcl
p,p
ih,ix
ae,ae
jh,jh
t,t
hv,hv
iy,iy
aa,aa
eh,ih
ih,ih
z,kcl
ih,ih
ow,ow
ae,ae
l,l
uh,ow
n,n
ix,n
ao,ow
er,axr
q,r
tcl,tcl
r,r
ao,ao
ax,ix
w,w
v,v
hh,p
ow,ow
kcl,kcl
el,l
w,w
tcl,tcl
hh,p
eh,iy
ae,aw
uw,uw
ux,ux
dcl,bcl
tcl,dcl
ng,n
ah,ah
oy,oy
ix,ix
sh,sh
z,z
ae,ae
ah,aa
gcl,tcl
iy,iy
dcl,n
s,s
en,en
ih,ih
ix,ix
ix,ih
ax,l
kcl,kcl
n,n
er,er
z,s
l,el
pcl,tcl
ey,ey
ax,m
nx,n
er,axr
z,z
ae,ae
s,s
s,s
k,s
d,t
k,k
uh,ax
ih,ix
ax,l
tcl,hh
m,m
gcl,dcl
ax,ax
ih,ax
ix,ih
kcl,tcl
y,y
tcl,tcl
s,s
r,r
ae,ae
ae,ae
bcl,dx
tcl,bcl
m,w
ux,iy
q,q
r,axr
eh,r
kcl,gcl
v,pcl
ao,ao
w,q
ix,ih
dcl,dcl
dcl,dcl
er,iy
axr,r
m,m
jh,jh
n,n
tcl,tcl
uw,uw
p,k
r,axr
l,ow
f,f
iy,iy
bcl,bcl
ao,q
kcl,pcl
l,dh
sh,sh
z,z
ih,iy
r,r
bcl,dcl
sh,hh
p,p
en,ax
iy,iy
ae,ae
tcl,kcl
f,f
s,s
q,q
q,q
ao,ao
y,z
l,w
ao,ao
pcl,pcl
l,ax
l,v
jh,jh
f,s
axr,r
er,er
t,d
tcl,kcl
ix,ix
er,er
q,kcl
z,s
dcl,tcl
tcl,f
tcl,v
r,r
iy,iy
n,n
iy,iy
sh,sh
ih,eh
axr,r
v,v
el,l
hh,k
r,r
ix,ih
m,w
ah,ax
hh,hv
ih,ey
s,s
ix,iy
t,kcl
f,f
y,y
ay,ay
l,el
eh,eh
l,r
ux,ux
uh,el
s,s
dh,dh
ae,ae
s,s
s,s
ax,l
s,s
l,l
k,kcl
hh,hv
bcl,bcl
l,q
ax,ih
ix,ih
bcl,m
ah,l
eh,ae
ey,ey
tcl,tcl
ay,aa
pcl,pcl
s,jh
en,v
r,r
tcl,tcl
ch,jh
k,s
tcl,kcl
ux,ih
ao,ow
tcl,tcl
dcl,dcl
l,l
p,p
dcl,f
s,s
g,q
z,t
n,n
uh,r
p,p
d,ch
axr,ao
s,s
s,s
sh,sh
iy,iy
er,axr
s,s
t,kcl
n,ix
ng,n
p,k
r,r
gcl,pcl
kcl,pcl
r,r
ix,ax
ux,uw
ih,ih
kcl,kcl
eh,ih
n,n
p,p
aa,ay
dx,k
th,th
tcl,tcl
th,th
g,f
ah,ay
tcl,kcl
ey,ey
iy,iy
ix,ix
iy,iy
l,el
y,iy
hh,hh
jh,jh
axr,axr
g,d
ax,ax
z,z
dcl,dcl
m,n
ix,q
ax,ax
er,axr
ax,ax
eh,aw
r,r
kcl,dcl
ay,ay
en,n
hh,p
y,iy
s,s
eh,eh
r,r
s,s
r,r
axr,eh
kcl,kcl
n,dcl
tcl,tcl
ix,n
m,n
k,k
m,n
bcl,bcl
ae,ae
v,v
axr,ix
kcl,kcl
z,z
f,f
tcl,pcl
kcl,kcl
gcl,dcl
ux,ih
tcl,dcl
axr,er
kcl,kcl
dh,dh
r,ih
s,s
p,kcl
ah,eh
z,z
eh,eh
tcl,tcl
r,axr
ey,iy
dx,iy
el,ax
er,er
z,z
tcl,tcl
ih,ih
axr,r
p,g
ao,ao
axr,ax
el,el
n,n
l,ix
jh,k
kcl,f
ow,ao
d,k
dcl,dcl
m,gcl
iy,iy
q,q
dcl,dcl
q,tcl
p,dh
ix,r
iy,iy
hv,hv
uh,eh
hv,hv
f,f
iy,iy
axr,axr
er,r
axr,axr
eh,ih
t,t
hh,dcl
ae,ae
r,r
kcl,kcl
q,q
tcl,tcl
ih,axr
ih,ih
w,w
f,f
q,tcl
g,k
ey,iy
iy,iy
ax,ix
l,w
w,r
f,f
iy,iy
dx,dx
eh,r
axr,axr
ix,ih
tcl,tcl
w,w
ae,ae
ix,iy
gcl,gcl
sh,s
r,r
l,l
r,r
kcl,kcl
ih,ix
iy,iy
w,w
bcl,bcl
kcl,tcl
l,w
y,q
th,kcl
n,n
aa,ao
s,s
bcl,m
ao,ao
s,t
ix,ix
axr,q
b,kcl
t,kcl
nx,n
ae,ae
w,w
k,k
pcl,kcl
z,s
f,s
ey,ey
l,ax
ix,iy
l,l
s,s
hh,hh
ax,hv
r,r
z,s
bcl,bcl
er,axr
axr,axr
ah,ix
ae,ae
ae,ae
k,k
dcl,tcl
tcl,tcl
ax,ix
q,q
ax,r
er,ih
iy,iy
eh,ae
ix,ix
dcl,dx
dcl,dcl
aw,aa
iy,iy
eh,eh
ao,w
eh,ix
ix,ih
dh,dh
l,ix
iy,iy
p,s
eh,eh
ng,n
ah,ah
pcl,th
aw,aw
ah,ax
z,z
z,z
iy,iy
eh,aa
ey,iy
n,n
kcl,tcl
ow,ow
iy,iy
q,q
l,l
jh,ch
kcl,kcl
ay,ay
p,p
ux,ix
n,n
aa,aa
n,n
er,r
ao,ao
axr,axr
ux,ih
ao,w
iy,iy
iy,iy
s,s
aw,aw
s,s
ah,ah
n,m
ix,ih
aa,ao
tcl,tcl
ay,ay
ih,ix
ix,ix
k,t
eh,eh
r,r
q,q
l,q
kcl,kcl
k,k
n,ix
ix,ix
gcl,tcl
q,ix
ao,ao
w,w
aa,aa
ey,ey
ey,ey
iy,iy
ae,ae
eh,eh
s,s
l,l
t,t
tcl,tcl
ey,ey
ow,ow
s,z
y,ih
kcl,gcl
k,k
eh,eh
aa,aa
n,n
en,n
eh,eh
m,m
pcl,pcl
eh,ih
n,m
t,t
w,w
dcl,dcl
jh,sh
ix,ix
z,s
eh,ih
aa,r
ah,eh
p,p
y,ix
aa,aa
iy,iy
t,sh
ax,ix
f,f
t,t
r,iy
ay,ae
dcl,tcl
ay,ay
ix,ix
ay,ay
aa,aa
ao,aa
m,m
ah,l
axr,r
d,t
t,t
ax,ax
ux,ih
dx,n
t,kcl
ao,w
f,sh
l,el
kcl,tcl
ay,ay
s,z
aa,ao
n,dcl
eh,r
tcl,q
z,z
t,t
dx,dx
ey,ey
er,axr
t,t
n,m
eh,ih
jh,jh
tcl,kcl
s,s
s,pcl
l,l
r,r
ix,ux
z,p
s,sh
n,m
ih,ae
bcl,dcl
ay,ay
w,w
p,k
ix,v
hv,k
ix,ih
ao,ao
tcl,tcl
n,n
eh,ix
l,l
jh,d
dx,dx
kcl,kcl
m,ng
eh,ih
z,z
kcl,tcl
w,w
t,dh
ix,ix
l,l
v,n
n,n
er,axr
axr,ix
t,t
ix,ih
iy,ey
kcl,pcl
w,w
t,t
ae,ae
n,n
t,d
kcl,th
ae,ae
ix,ix
s,s
t,t
n,m
dcl,dcl
kcl,kcl
m,n
w,w
r,r
l,ix
kcl,kcl
ey,ey
t,k
gcl,tcl
dcl,q
kcl,kcl
ix,ix
iy,iy
aa,ao
k,k
z,z
l,l
kcl,kcl
dx,dx
el,el
n,n
eh,ay
z,z
l,r
q,q
sh,sh
ay,aa
m,n
ax-h,ix
ih,ih
kcl,tcl
ah,eh
tcl,k
n,n
ey,ih
th,f
s,s
axr,ux
ay,ay
iy,iy
v,m
tcl,f
iy,eh
ey,ey
aa,aa
iy,iy
w,l
ae,ae
dh,dh
er,r
k,k
ih,ih
dcl,dcl
n,n
s,s
ux,iy
ih,ih
dcl,dx
bcl,bcl
k,k
tcl,tcl
axr,axr
p,hh
sh,sh
r,r
k,k
sh,sh
ux,ux
ay,ay
ey,ey
ix,ih
l,l
kcl,tcl
ih,ih
ix,q
g,k
s,s
l,l
m,n
kcl,pcl
s,s
iy,ey
ix,ix
gcl,dcl
l,l
ey,iy
s,s
sh,sh
ih,ix
eh,eh
t,t
w,w
n,n
ey,ey
kcl,pcl
ux,ux
n,n
ah,ax
ix,ix
iy,iy
ix,iy
r,ax
dh,t
l,l
ux,axr
eh,hv
ix,ix
gcl,tcl
uh,ix
s,s
dcl,bcl
ax,ix
uw,uw
ao,l
er,er
n,n
z,z
k,p
ih,iy
iy,iy
ax,ax
gcl,k
kcl,pcl
g,dx
q,ix
iy,iy
ae,ae
q,ix
t,t
axr,ix
bcl,tcl
ih,ih
s,s
bcl,bcl
dx,dcl
p,p
ix,ix
sh,s
ix,ax
ay,ey
kcl,tcl
r,r
er,axr
ay,ay
k,k
ih,ey
ux,ux
ae,ae
el,el
t,t
dx,ix
w,w
ow,ow
n,n
iy,iy
t,t
t,k
y,y
n,n
iy,iy
ax,ix
kcl,kcl
dcl,s
l,l
dh,tcl
iy,iy
kcl,k
l,l
uh,ih
axr,r
k,k
tcl,hh
n,dh
r,r
l,l
tcl,pcl
ih,ih
kcl,tcl
kcl,tcl
sh,sh
ng,ng
g,g
axr,axr
hh,p
dcl,dcl
k,k
n,n
ix,ux
l,m
ah,ow
ow,el
er,er
ey,ey
aa,aa
gcl,dcl
w,w
n,n
kcl,kcl
s,s
l,el
f,p
kcl,tcl
ay,aa
iy,iy
iy,iy
ah,r
ax,ix
kcl,k
n,n
s,s
y,iy
gcl,tcl
t,g
l,el
s,s
n,n
d,t
k,k
s,s
ix,ix
r,l
eh,aw
th,q
ey,ay
kcl,jh
m,m
kcl,kcl
pcl,kcl
tcl,kcl
m,m
en,ix
axr,r
z,s
ey,ey
axr,ih
dcl,dcl
q,q
t,t
dcl,bcl
aa,aa
dh,dh
s,s
pcl,f
eh,eh
n,n
s,s
kcl,kcl
z,z
z,z
eh,ae
ax,ax
kcl,kcl
l,l
ay,ay
n,n
gcl,dcl
en,ix
ix,iy
f,f
ix,ix
n,n
iy,ax
p,p
pcl,pcl
er,eh
ux,ih
s,s
r,r
p,p
q,q
ax,v
s,s
r,r
f,th
w,m
s,s
f,z
ux,ih
z,s
dx,iy
ix,ix
aa,er
ih,ix
ix,ix
axr,axr
z,s
ih,ix
m,m
v,v
l,q
aa,aa
y,n
zh,sh
dcl,f
k,kcl
r,r
s,s
dcl,bcl
ix,ix
l,l
w,w
n,l
dcl,tcl
uw,ax
ay,ay
iy,iy
iy,iy
s,s
ix,eh
nx,n
eh,ax
ix,ix
s,s
ao,r
hv,hv
aa,aa
r,r
w,w
s,s
ae,ae
s,s
kcl,kcl
s,s
tcl,tcl
k,k
sh,sh
l,l
axr,axr
ch,ch
ih,ih
n,n
q,q
eh,ae
f,s
s,s
th,dh
s,s
tcl,tcl
ih,ix
ae,ae
dcl,dcl
ae,ae
dcl,gcl
ey,ey
axr,axr
r,r
iy,iy
ih,ih
n,n
p,p
iy,iy
s,s
ax,ax
aa,ao
k,k
hv,hv
ch,ch
kcl,kcl
gcl,tcl
ae,ae
l,l
iy,iy
jh,jh
ae,eh
s,s
v,l
ae,ae
iy,iy
hv,hv
er,axr
eh,eh
ow,l
nx,n
f,f
ih,ih
p,k
iy,iy
n,ix
w,l
iy,iy
iy,iy
ae,ae
sh,sh
ax,ax
n,n
s,s
ix,hv
gcl,dcl
ux,ih
ay,ay
hv,ix
l,w
p,p
dcl,tcl
t,t
r,r
q,q
z,z
ae,ae
y,iy
kcl,kcl
n,n
ae,ae
w,w
r,r
w,w
k,k
k,k
ch,ch
ow,el
r,r
hv,v
ix,ix
ix,r
y,ix
w,w
s,s
m,m
t,t
n,n
ih,ih
kcl,kcl
l,n
ax,r
pcl,tcl
k,kcl
ax,ax
sh,sh
ae,ae
s,s
iy,iy
em,m
ow,ao
t,t
m,m
n,n
p,k
q,q
m,v
z,dx
el,el
sh,sh
kcl,f
aa,ao
pcl,pcl
tcl,kcl
l,l
y,ix
ih,eh
s,s
th,kcl
ih,ih
kcl,tcl
n,n
p,p
axr,axr
ix,ix
kcl,kcl
q,q
tcl,k
k,k
q,ih
ay,ay
hv,hv
eh,eh
tcl,q
ae,eh
t,t
f,t
s,jh
k,k
p,k
kcl,kcl
ow,l
s,s
n,axr
dh,f
ay,ax
s,s
r,r
ow,ax
n,n
y,y
ch,jh
ix,eh
tcl,tcl
ah,ax
tcl,z
ah,aa
iy,eh
l,l
w,ix
tcl,dcl
ah,ax
iy,iy
z,z
q,q
q,q
ix,ix
v,v
ay,ay
m,n
w,w
dcl,dcl
ax,ax
pcl,kcl
w,r
hv,hv
dx,dcl
l,ax
kcl,kcl
ih,ih
ax,el
t,t
y,hv
aa,ao
ix,ih
b,p
ay,ix
ah,eh
ao,ao
s,s
iy,iy
iy,iy
er,er
t,k
m,n
l,l
sh,sh
aa,aa
iy,ey
sh,sh
iy,iy
r,uw
aa,ow
ng,n
n,ng
s,s
eh,eh
uw,ux
t,t
ow,ao
q,q
dcl,n
s,sh
em,n
w,w
z,s
s,s
s,s
t,t
q,q
ao,ao
aw,aw
f,f
r,ax
iy,ey
z,z
m,n
tcl,t
ae,ae
tcl,tcl
k,k
r,r
iy,iy
ae,ih
s,s
ao,ao
q,ix
er,r
ow,ow
gcl,zh
r,r
uh,ax
iy,ey
aa,aa
ay,ay
ay,ao
hh,hh
f,f
hv,dcl
q,tcl
w,w
eh,ih
z,z
l,l
ix,l
ae,ae
v,v
r,w
ao,r
iy,iy
q,ae
ih,ih
dx,dx
ix,ih
s,z
m,m
m,ix
ax,l
k,k
f,pcl
el,l
ao,w
tcl,tcl
ix,ix
f,f
er,r
er,er
ay,ay
l,l
tcl,kcl
ey,ay
k,dx
t,t
ix,ih
pcl,pcl
z,s
uh,eh
b,k
m,n
ax,ix
q,q
tcl,tcl
l,ow
en,m
kcl,tcl
l,w
ah,ae
t,t
iy,iy
pcl,p
dcl,dcl
iy,ey
t,t
ax,ix
ch,t
y,y
l,n
iy,iy
ax,ax
t,t
ay,aa
sh,sh
ng,ng
er,er
r,r
ey,ey
iy,iy
ow,ow
r,r
r,r
n,en
d,jh
q,aa
dx,dx
tcl,kcl
n,n
n,gcl
f,bcl
ix,l
tcl,tcl
ay,ay
ae,r
kcl,kcl
dcl,dcl
z,s
eh,ih
sh,sh
gcl,r
p,k
axr,axr
ay,ay
r,q
ix,ix
tcl,l
k,k
tcl,pcl
ao,ao
gcl,tcl
gcl,dcl
k,r
eh,ih
ao,ao
t,t
pcl,th
tcl,tcl
tcl,kcl
ih,ih
k,tcl
kcl,tcl
dcl,tcl
eh,ey
n,n
p,p
uh,ix
ao,ao
ow,ow
ix,ih
z,z
pcl,pcl
n,n
ix,r
n,m
sh,sh
kcl,kcl
n,axr
r,r
l,l
ih,ih
en,n
d,d
s,s
w,w
tcl,tcl
ix,hv
l,l
ey,iy
w,l
gcl,gcl
ih,ih
el,el
ey,ey
aa,ao
l,l
p,k
ao,ao
iy,n
r,r
f,f
ey,ey
z,z
r,r
jh,jh
f,f
n,ng
n,m
ae,ae
w,w
k,kcl
ow,eh
eh,ae
ih,r
n,n
l,l
axr,r
uh,ih
axr,ix
l,l
iy,iy
ix,l
ay,ae
iy,iy
l,l
t,f
s,s
ux,ux
eh,ix
dh,dh
nx,n
m,m
w,w
tcl,tcl
nx,n
iy,iy
ah,ow
s,s
axr,ax
ux,ix
bcl,pcl
kcl,kcl
tcl,tcl
bcl,bcl
axr,axr
ix,ix
ux,r
w,w
ao,ao
ax,n
m,n
s,s
n,n
k,k
dx,dcl
l,l
g,gcl
ao,ao
t,k
z,z
n,n
n,n
f,f
ux,ih
iy,iy
ix,ix
ao,ao
iy,iy
aa,ao
ao,ao
iy,iy
ih,ih
m,m
uh,uh
ix,n
iy,iy
p,p
aa,aa
ax,ax
eh,eh
z,z
dcl,dcl
ah,ah
tcl,pcl
aa,aa
axr,axr
r,r
r,r
t,t
ih,ix
n,n
l,l
s,sh
hh,k
ix,ix
l,w
dcl,tcl
q,q
q,q
dx,n
tcl,f
iy,iy
n,n
w,n
n,v
dh,n
aa,ao
r,r
dcl,n
ix,ix
hv,hv
n,n
s,s
l,l
ih,ih
kcl,kcl
ay,aa
ay,ae
r,w
r,r
hv,ix
v,pcl
ix,ix
tcl,tcl
ae,eh
t,t
ch,s
ax,ax
z,z
dx,dx
l,l
l,l
s,s
axr,r
eh,eh
q,k
dcl,m
gcl,dcl
iy,iy
eh,ey
z,s
z,s
ay,aw
dx,n
l,l
tcl,tcl
dx,k
l,w
n,n
axr,r
sh,sh
w,w
l,l
l,l
d,t
k,k
ax,r
ux,ux
er,axr
ao,r
th,f
r,ix
ah,ah
y,iy
eh,eh
en,n
ix,ih
y,y
l,r
r,r
ao,ao
z,s
s,s
bcl,m
hv,k
eh,ah
gcl,gcl
dx,dx
f,f
r,r
iy,iy
f,p
p,k
ax,ao
tcl,tcl
pcl,kcl
p,ix
pcl,p
ah,eh
w,w
ux,iy
ix,ax
sh,sh
q,q
ay,ay
ax,g
iy,iy
ey,ey
ix,ih
ix,ix
axr,axr
ao,ao
l,l
eh,ao
n,n
ax,l
t,dh
p,t
y,q
ah,ah
k,k
r,r
w,w
ey,iy
ih,ih
ah,aa
l,l
bcl,dcl
r,n
axr,d
dcl,dcl
ah,l
hh,k
l,l
dcl,dcl
ae,ae
aw,ae
k,k
bcl,bcl
w,w
kcl,tcl
l,l
gcl,dcl
dcl,dcl
s,s
r,m
w,w
gcl,gcl
ix,ih
dx,dcl
ax-h,hh
tcl,tcl
sh,sh
iy,iy
v,v
iy,iy
ae,ae
g,k
ae,ae
iy,iy
s,s
w,l
ax,ix
ix,ey
n,n
ey,iy
hv,ix
l,l
uh,ih
dcl,tcl
gcl,dcl
sh,sh
w,r
p,p
r,r
s,s
ix,ix
v,v
ih,ix
pcl,kcl
v,v
m,m
t,ix
ow,aa
th,k
iy,ix
w,l
m,n
l,l
ae,ae
ix,ix
f,f
el,w
ih,ih
ay,ay
s,s
aa,ae
iy,iy
ay,ay
gcl,dcl
d,d
dh,dh
s,s
m,n
hh,hv
y,ng
s,s
w,l
ng,n
ao,ao
ix,eh
ay,ay
ih,ix
ae,ae
bcl,dcl
m,m
gcl,tcl
pcl,kcl
v,v
k,k
tcl,tcl
z,ch
r,r
ey,ae
z,z
ih,eh
m,m
er,axr
y,y
g,k
ix,ix
ih,eh
em,n
r,r
ae,ae
k,k
uh,ax
ix,ix
tcl,bcl
hh,hh
sh,sh
ix,ix
n,hv
axr,axr
y,y
dh,dh
m,gcl
ah,ih
kcl,tcl
l,l
eh,ae
ey,ey
l,r
z,z
q,q
dx,n
axr,r
m,m
s,s
n,n
v,v
ux,ux
ae,eh
q,dh
ay,ay
ih,ix
axr,r
n,n
s,s
ih,iy
iy,iy
s,s
r,r
w,w
nx,ix
axr,n
v,v
n,n
ih,ih
tcl,kcl
kcl,pcl
tcl,kcl
v,tcl
l,l
s,sh
n,n
tcl,kcl
tcl,iy
s,s
ae,ae
t,k
er,er
eh,ih
tcl,kcl
z,z
ax-h,k
z,s
f,f
ey,ey
t,t
r,l
ix,ix
pcl,kcl
ey,ey
n,n
ax,ax
eh,eh
ix,l
s,s
ix,eh
ix,ih
l,l
w,w
f,f
s,sh
z,z
v,v
s,z
dh,ix
iy,iy
m,n
er,r
r,r
dh,dh
l,l
sh,s
aw,aw
y,iy
n,m
ih,ih
p,p
l,r
l,l
iy,iy
tcl,tcl
iy,iy
ao,ao
uw,uw
w,l
ax,axr
z,s
ux,iy
pcl,kcl
z,tcl
k,k
iy,iy
zh,zh
s,s
r,r
f,pcl
w,r
er,eh
iy,ey
m,m
iy,iy
ix,iy
p,f
ah,ah
n,n
ix,iy
f,f
aa,aa
bcl,r
tcl,tcl
ax,ix
ix,ix
k,kcl
pcl,tcl
s,s
kcl,tcl
ix,ix
dx,dx
aa,ao
r,r
ae,ae
k,d
s,z
ax,ax
q,q
ng,n
el,l
k,k
dh,dh
ih,ix
m,tcl
kcl,kcl
v,v
v,dh
kcl,kcl
dcl,dcl
jh,z
w,w
tcl,p
ix,ix
dcl,dcl
n,m
t,t
iy,ix
uw,uw
pcl,pcl
ay,ay
v,v
pcl,tcl
y,iy
p,p
y,iy
t,p
sh,sh
n,n
n,n
z,s
l,l
ow,ow
iy,iy
hv,p
dcl,dcl
p,k
b,p
n,n
dx,dx
aa,aa
r,r
n,n
q,ax
l,l
r,r
iy,ih
ah,ah
uw,m
oy,oy
l,l
m,n
dcl,tcl
v,v
m,m
t,t
eh,eh
t,t
q,q
ix,ix
w,w
kcl,kcl
w,w
ih,ux
ix,ix
hv,k
ux,r
f,f
t,t
bcl,bcl
p,k
ih,eh
s,t
w,l
n,n
n,n
s,s
w,w
oy,iy
k,k
s,z
ae,ae
f,f
gcl,z
uh,ih
gcl,tcl
dcl,tcl
ao,aa
jh,ch
dcl,pcl
n,tcl
ao,ao
ix,ix
m,m
r,ix
r,r
f,f
pcl,tcl
ix,iy
n,g
kcl,tcl
n,n
kcl,kcl
m,l
pcl,tcl
ah,ah
n,n
t,w
k,kcl
er,er
ux,ux
kcl,kcl
ax,ax
ih,ih
tcl,tcl
ux,ix
ao,w
s,s
r,r
ao,ao
ix,ix
l,el
aw,aw
iy,ix
f,f
dx,dx
ix,ih
n,n
dh,dh
ao,q
ux,ix
ix,iy
s,s
r,r
iy,iy
iy,iy
ey,ey
kcl,p
z,s
ax,ax
kcl,kcl
b,l
q,q
n,m
tcl,kcl
w,l
q,ng
ux,uw
q,q
k,d
ih,ih
iy,iy
dcl,bcl
l,l
y,n
r,r
ax,ax
ih,eh
axr,r
ae,ae
ao,l
ng,ng
p,dh
hh,hh
s,s
p,k
ng,tcl
sh,s
bcl,bcl
iy,iy
s,s
z,s
axr,r
s,s
l,w
el,ah
tcl,tcl
ux,ux
r,r
p,p
ih,ih
iy,iy
ih,ih
k,k
q,q
ix,ih
z,z
uw,uw
f,f
ax,ax
ax,ax
k,q
k,k
ch,ch
ao,ow
q,q
q,q
ix,iy
dcl,bcl
n,ix
axr,r
dcl,ng
oy,n
r,r
z,s
dcl,dcl
pcl,pcl
kcl,tcl
l,l
l,l
er,r
k,q
k,k
axr,ix
f,f
ax,ix
ay,ay
ix,ix
s,s
s,s
ix,ix
sh,sh
f,t
iy,iy
ay,ao
iy,y
dx,n
hh,hh
f,tcl
axr,axr
kcl,kcl
l,n
b,t
q,tcl
dx,w
th,pcl
l,r
l,ih
l,l
tcl,kcl
ah,eh
iy,k
l,l
s,s
dx,dh
ix,ix
tcl,n
pcl,pcl
pcl,tcl
hv,n
ay,ay
ax,l
ix,ix
ay,ay
kcl,k
dcl,pcl
kcl,kcl
dcl,bcl
w,w
q,q
iy,iy
ax,ix
ix,ix
hv,hv
ih,ix
ih,ih
ix,q
r,r
sh,sh
axr,r
r,r
kcl,kcl
er,r
q,kcl
kcl,z
eh,ih
ix,ix
k,k
t,dh
y,hv
l,l
ay,ay
k,k
l,l
iy,ux
iy,iy
l,l
l,l
v,f
s,s
jh,d
tcl,kcl
eh,ae
l,n
tcl,tcl
w,w
w,w
kcl,pcl
r,aa
axr,axr
t,ch
oy,oy
q,ix
aa,l
r,r
ae,ae
ow,ow
bcl,bcl
ay,ay
bcl,s
th,s
kcl,f
f,v
r,r
aa,ay
dcl,tcl
q,q
r,r
k,k
ey,ih
bcl,bcl
ah,ah
ix,ix
n,n
tcl,tcl
sh,sh
z,z
ao,ao
r,r
d,q
t,hh
nx,n
ao,ao
kcl,pcl
t,t
ae,ae
z,s
g,k
tcl,tcl
tcl,tcl
n,m
kcl,kcl
aa,ay
z,z
el,w
l,ah
m,n
dcl,dcl
ih,ey
ix,gcl
sh,sh
ih,ix
ay,ay
s,s
ix,ax
n,n
zh,dcl
r,aa
eh,eh
ng,n
n,ix
l,l
dh,l
eh,eh
eh,eh
z,s
ng,n
ow,ow
pcl,tcl
ix,eh
eh,axr
ih,ih
r,r
iy,ix
iy,iy
iy,iy
ae,n
axr,r
ax,l
pcl,tcl
r,r
dcl,dcl
z,s
el,n
y,iy
ix,ih
ey,ih
z,z
z,z
ix,l
k,k
iy,iy
r,v
w,w
ah,ax
n,m
ax,r
iy,iy
axr,iy
ih,iy
ax,ow
z,z
ix,ix
ow,aw
s,z
l,w
tcl,g
hv,hv
gcl,gcl
w,w
th,kcl
iy,iy
ix,ix
ah,ax
er,er
sh,sh
r,l
tcl,pcl
dx,dx
hh,p
bcl,dh
k,n
axr,axr
axr,axr
t,k
l,ow
er,er
ow,ow
ih,ih
s,s
ah,ae
ey,iy
r,r
ih,ih
hh,hh
q,ax
ax,eh
kcl,tcl
gcl,kcl
dh,v
n,n
r,r
ih,ih
ix,ix
sh,sh
ay,aa
dh,dh
y,y
t,t
m,m
bcl,dcl
l,l
l,ow
iy,iy
q,q
n,n
ao,q
s,s
n,n
dcl,dcl
ao,aa
ix,ix
f,f
ah,ah
gcl,m
kcl,pcl
f,tcl
q,q
dh,dh
aa,ay
p,p
ao,ow
ae,ae
uw,m
r,v
v,bcl
n,n
ix,ix
s,s
s,s
dcl,n
aa,r
kcl,tcl
t,t
t,s
s,s
kcl,kcl
m,m
s,s
iy,iy
ix,ix
r,r
n,n
tcl,dh
m,n
q,d
k,k
s,s
r,r
l,l
ah,ow
iy,iy
s,s
hh,hh
er,r
m,hv
eh,ix
kcl,dcl
y,l
aa,aa
l,l
dcl,gcl
ih,ih
q,q
gcl,gcl
tcl,tcl
k,k
tcl,kcl
s,s
ae,ae
ao,ao
er,er
pcl,kcl
l,l
r,r
ae,ae
ao,ao
iy,iy
ng,n
kcl,kcl
ah,eh
ah,ax
f,pcl
ix,ix
kcl,dcl
ix,ix
t,t
kcl,kcl
sh,k
kcl,kcl
pcl,pcl
n,bcl
oy,oy
ae,ey
r,axr
ey,ey
k,k
tcl,tcl
iy,iy
iy,iy
ux,axr
kcl,hh
t,p
z,s
tcl,jh
ix,iy
v,v
m,m
r,r
k,k
s,s
ax,ix
kcl,kcl
ao,ao
d,dx
axr,r
ay,ay
n,n
ao,ao
s,s
dh,z
ix,ax
aa,aa
eh,ah
ae,ae
p,p
n,n
sh,sh
axr,r
jh,k
ow,ow
l,l
m,m
dh,w
bcl,n
ux,ux
n,n
ao,aa
iy,iy
v,v
ih,ix
ix,l
ch,ch
z,hv
iy,iy
axr,axr
dcl,dcl
ae,ae
t,p
ix,ix
p,p
ae,ae
ao,ao
iy,iy
ix,ix
l,l
w,w
ng,w
l,l
iy,ix
ix,ih
n,n
n,n
ix,ix
s,s
tcl,kcl
gcl,n
dcl,tcl
er,axr
k,k
f,f
er,r
ax,ax
tcl,tcl
r,r
iy,ix
ey,ay
ix,l
kcl,kcl
aa,aa
kcl,kcl
dcl,kcl
l,l
uw,uw
n,kcl
ih,ax
ix,ix
tcl,tcl
axr,axr
hv,hv
dcl,dcl
iy,iy
ax,eh
ay,ay
ux,uw
aa,ax
n,n
l,l
k,q
ey,ey
w,w
axr,ix
m,n
z,s
l,l
iy,iy
f,f
s,s
dx,gcl
p,p
y,y
n,tcl
eh,ix
r,r
ah,el
iy,ih
dcl,iy
tcl,tcl
s,th
ay,ah
dcl,bcl
bcl,v
ah,aw
ix,n
y,iy
r,r
tcl,kcl
pcl,tcl
ix,iy
z,z
ay,ay
aa,l
s,s
ah,aa
n,n
ao,l
n,n
r,r
t,k
sh,sh
t,k
zh,z
r,w
l,l
g,g
ix,ih
tcl,z
iy,ey
r,r
n,dx
ao,ao
ey,ey
ih,eh
ix,ix
iy,ix
sh,k
w,w
y,iy
ih,ix
ae,ae
ao,ao
s,s
n,n
r,r
kcl,tcl
n,n
eh,ax
eh,ey
ix,ix
z,s
ae,ae
iy,iy
iy,iy
axr,r
er,r
n,n
dh,v
l,l
ix,ix
tcl,tcl
r,r
sh,s
z,z
iy,iy
gcl,dcl
iy,iy
r,r
f,f
pcl,tcl
r,r
y,iy
tcl,dcl
z,z
f,f
kcl,kcl
gcl,q
oy,oy
ax,q
ax,ax
l,ax
t,t
en,n
uh,r
axr,r
ih,ih
axr,axr
k,kcl
ix,ix
t,t
l,ix
iy,iy
s,f
ix,ix
tcl,s
uw,uw
ix,n
g,tcl
n,n
w,hv
ax,ao
t,t
m,n
iy,ix
k,k
f,f
iy,iy
q,q
em,n
iy,iy
w,w
w,ix
z,s
q,ax
s,s
r,r
aa,aa
aa,ah
pcl,tcl
d,jh
l,el
w,ax
ih,iy
kcl,tcl
r,r
axr,axr
p,p
m,bcl
w,l
n,n
s,s
k,q
t,ix
gcl,n
ao,ao
ae,ae
iy,ih
l,l
n,n
aa,axr
iy,iy
s,s
v,v
gcl,n
dcl,tcl
pcl,kcl
ae,ae
n,ix
tcl,bcl
sh,ch
ih,ih
ax,ix
gcl,gcl
f,f
iy,iy
dh,q
dh,dx
tcl,tcl
p,p
s,s
ax,ax
w,w
bcl,kcl
ih,ix
ae,ae
dcl,dcl
ih,ix
ng,n
y,y
eh,ix
k,k
w,w
ow,aw
r,ax
pcl,pcl
bcl,dcl
bcl,bcl
aa,aa
n,n
n,n
z,s
iy,iy
s,s
m,n
s,s
iy,iy
ae,ae
el,el
pcl,pcl
w,w
s,s
ax,ax
k,q
ax,ng
ix,ux
jh,ch
ih,ix
kcl,kcl
kcl,kcl
ix,ix
ih,ih
f,f
ih,ix
f,f
q,g
tcl,tcl
n,w
n,n
k,k
ih,ix
r,r
tcl,tcl
eh,ih
hv,hv
bcl,f
s,s
axr,axr
l,w
hv,k
g,d
jh,jh
ih,ix
ao,l
kcl,kcl
z,z
gcl,pcl
r,r
axr,ix
pcl,tcl
en,n
r,r
q,q
z,z
ay,ax
m,n
oy,oy
gcl,tcl
m,n
t,v
ix,ix
tcl,kcl
ux,iy
nx,n
l,l
er,er
uh,ow
k,k
iy,iy
ix,ix
g,q
l,l
bcl,pcl
y,iy
aa,ao
iy,iy
l,l
eh,ae
y,iy
sh,ch
er,r
bcl,pcl
nx,dx
ae,ae
f,tcl
ey,ey
dx,d
el,l
axr,iy
axr,axr
ae,ae
jh,sh
t,p
axr,ax
r,r
ao,aa
y,y
r,ix
ax,ax
ay,ay
ix,eh
ax,ax
w,l
m,n
ay,ay
dcl,bcl
ix,r
r,r
ix,q
ix,l
m,n
th,th
z,z
dcl,dx
z,z
uh,r
s,s
er,r
v,v
ay,aw
tcl,tcl
ao,ao
ix,eh
s,s
sh,sh
dcl,dcl
en,l
iy,iy
sh,sh
z,z
er,er
r,r
hh,hh
th,dh
ix,ix
ey,ey
eh,ae
l,l
n,n
f,f
m,n
ae,ae
ih,ih
ih,ih
w,w
p,k
tcl,tcl
tcl,pcl
axr,axr
ow,ow
dcl,dcl
ih,ih
uh,ax
kcl,kcl
s,s
ux,ix
ax,ax
s,s
ih,iy
k,k
y,iy
axr,n
v,dx
iy,ix
oy,oy
axr,ae
ch,k
s,s
s,s
l,r
gcl,dcl
kcl,kcl
uh,ax
z,z
l,l
th,s
n,dh
hv,n
n,n
n,n
r,r
f,f
z,gcl
r,r
iy,iy
s,s
iy,iy
ae,ae
s,s
ow,ow
iy,iy
b,kcl
pcl,pcl
n,n
v,bcl
kcl,tcl
eh,eh
tcl,tcl
ao,ao
d,q
p,p
b,dh
ow,ow
r,r
axr,axr
th,th
l,ix
tcl,kcl
q,q
tcl,tcl
dcl,bcl
ux,iy
ah,ao
tcl,q
m,n
r,r
l,dcl
z,z
dcl,tcl
pcl,n
z,z
iy,iy
w,v
er,ao
iy,ix
kcl,kcl
p,p
eh,eh
n,ih
el,el
dcl,dcl
dcl,tcl
kcl,tcl
axr,r
m,m
n,n
l,ao
eh,ih
ao,l
s,s
kcl,kcl
eh,eh
ux,ux
n,n
s,s
z,z
l,l
s,s
tcl,pcl
l,l
aa,aa
s,s
iy,iy
l,r
dcl,n
r,r
bcl,bcl
q,q
ae,eh
sh,sh
ih,ih
kcl,tcl
n,n
ix,ih
p,p
tcl,tcl
ow,ax
l,l
en,ix
kcl,tcl
s,s
t,p
el,el
kcl,gcl
ix,ix
m,n
ng,q
nx,dx
ae,ae
dcl,dcl
axr,r
g,gcl
m,n
gcl,bcl
t,t
ax,l
s,s
iy,iy
ae,ae
hv,hh
k,k
iy,iy
ax,ax
l,l
w,w
ix,ix
n,n
iy,iy
n,n
bcl,n
ow,ow
f,f
m,n
m,m
ux,iy
en,en
r,r
w,w
tcl,tcl
z,z
dh,ix
n,n
hh,p
r,r
ae,ae
ow,ow
bcl,pcl
l,ix
er,r
hh,hh
kcl,kcl
p,t
r,r
t,t
n,m
l,m
ix,ix
q,kcl
ux,ey
dcl,kcl
n,n
ih,ih
aa,ao
z,z
ay,ay
w,l
m,m
ix,ix
r,q
hh,hh
n,n
ae,ae
w,l
eh,eh
d,t
hh,hh
s,s
f,f
sh,sh
n,n
ng,n
dcl,tcl
kcl,kcl
kcl,tcl
f,f
ax,ax
z,k
n,n
eh,ae
d,d
iy,y
iy,iy
s,s
aa,aa
ih,ih
ax,ix
ix,iy
tcl,tcl
ih,iy
uw,uw
ey,ey
t,t
q,q
iy,iy
ih,iy
kcl,tcl
ih,ix
t,s
f,kcl
ax,ax
ae,ae
ae,ae
tcl,k
p,kcl
t,k
tcl,tcl
n,kcl
ch,sh
aa,ay
n,m
g,kcl
bcl,pcl
ux,iy
ae,ae
ix,ih
s,f
iy,iy
q,q
tcl,q
ih,iy
pcl,tcl
ix,ix
l,l
z,s
dcl,kcl
f,f
dx,kcl
ih,iy
axr,q
eh,ih
m,n
ao,w
q,dh
ih,ih
dx,dh
gcl,pcl
bcl,n
l,l
m,m
y,ih
s,s
m,pcl
l,l
iy,er
m,ax
z,z
ey,ey
eh,q
f,f
ao,ao
l,iy
ix,iy
pcl,pcl
ax,l
z,s
sh,sh
s,s
r,ix
eh,ix
ao,ow
ah,eh
p,k
ey,ey
kcl,jh
ao,ao
tcl,tcl
ae,ae
ey,ey
uw,uw
sh,sh
ih,ix
ay,ae
z,z
g,k
tcl,tcl
m,ng
g,p
r,r
ix,ix
n,n
axr,axr
ax,ax
ix,ix
tcl,s
ih,ih
iy,iy
gcl,n
hh,hv
ay,ay
el,el
dx,d
ah,ah
z,s
z,s
axr,axr
ng,ng
kcl,kcl
ih,ih
w,w
q,q
oy,ao
m,n
ey,ih
l,l
t,t
iy,axr
ng,n
eh,eh
ao,el
s,s
dh,dh
r,r
r,r
ih,ix
s,s
m,n
dcl,dcl
r,r
ax,ix
em,n
r,ix
jh,jh
ax,ix
bcl,pcl
n,ax
ax,ax
tcl,tcl
r,ih
l,l
r,r
tcl,dcl
f,th
tcl,pcl
th,tcl
aa,ao
eh,r
er,axr
q,q
ax,ax
kcl,tcl
s,s
kcl,kcl
t,hh
tcl,tcl
w,w
eh,eh
l,ax
q,q
ae,ae
eh,ae
g,l
ao,ao
dcl,t
bcl,bcl
s,s
uh,ix
v,v
el,el
ah,l
aw,aw
ih,ih
ae,eh
m,n
axr,er
n,n
bcl,gcl
eh,eh
tcl,kcl
r,r
kcl,tcl
hv,q
ay,r
bcl,pcl
r,ax
m,tcl
ix,ix
k,k
iy,iy
ix,ix
ix,ix
z,s
s,s
s,s
ae,ae
sh,k
iy,iy
t,t
f,f
aa,aa
ch,jh
ey,ey
z,z
n,dcl
eh,ih
w,r
v,v
dcl,dcl
ix,ix
m,ng
axr,ih
gcl,bcl
dcl,dcl
ix,ix
er,r
ix,ix
ix,iy
k,q
dcl,dcl
kcl,tcl
ih,iy
ey,iy
ae,ae
y,iy
ae,ae
th,k
z,s
w,l
dcl,tcl
z,z
tcl,ix
ao,ao
ix,ix
ux,iy
ey,ey
ao,ao
dh,dcl
ix,ae
ng,bcl
ey,ey
bcl,bcl
aa,aa
t,d
dcl,tcl
axr,axr
sh,sh
kcl,tcl
s,s
ax,ax
er,axr
iy,ih
n,m
dcl,bcl
ix,iy
aa,l
n,n
dcl,bcl
z,z
sh,sh
v,v
dh,v
s,s
s,s
ao,aa
ix,ix
en,n
t,t
axr,ix
n,n
iy,ih
r,r
aa,aa
ao,ao
ae,ae
ae,ae
v,d
uh,ow
tcl,kcl
r,r
kcl,tcl
tcl,kcl
ih,ih
eh,eh
iy,iy
ix,ix
tcl,tcl
dx,ix
y,y
dh,k
iy,iy
r,iy
tcl,tcl
r,r
uh,q
n,n
k,k
ux,ux
f,tcl
n,n
r,axr
pcl,pcl
ey,ey
s,z
tcl,kcl
gcl,kcl
k,jh
n,n
iy,iy
b,dh
ow,ow
n,n
er,r
s,s
m,n
ax,ax
ix,q
r,ao
pcl,kcl
eh,ix
dh,dh
q,q
tcl,tcl
ae,ae
n,n
l,ix
er,axr
ao,ao
el,el
s,s
ch,ch
ey,ey
pcl,pcl
f,f
m,n
ih,ix
iy,iy
tcl,pcl
ux,y
ah,ah
f,f
iy,iy
bcl,bcl
ax,ax
dcl,bcl
w,v
hv,hv
tcl,tcl
f,k
iy,iy
bcl,dcl
q,q
s,t
aa,ao
aa,aa
gcl,gcl
ih,ih
dcl,tcl
dh,dh
sh,sh
k,kcl
ow,ao
kcl,q
aa,aa
t,t
s,s
ae,ae
p,k
y,iy
sh,sh
ow,ow
ux,ux
l,el
ay,ay
ix,ih
kcl,t
ax,l
dcl,tcl
axr,ax
axr,r
iy,iy
l,l
en,n
ng,ng
g,k
dcl,dcl
pcl,f
axr,ix
ix,ix
ih,ix
ao,ao
kcl,kcl
uh,ax
ax-h,v
ng,m
ey,ey
f,f
l,l
g,k
aa,aa
k,ax
dh,dh
f,tcl
jh,jh
tcl,pcl
ae,ae
ng,ng
th,tcl
kcl,tcl
k,k
iy,iy
dcl,dcl
axr,ih
s,s
r,r
r,r
kcl,kcl
dcl,dcl
iy,iy
t,t
ax,axr
iy,ix
axr,axr
k,k
d,k
l,l
gcl,dcl
ae,ae
ih,iy
f,f
eh,eh
z,z
eh,eh
y,iy
m,en
n,n
aa,aa
ah,eh
f,f
el,el
t,sh
s,f
dh,bcl
ix,ix
k,k
s,s
kcl,kcl
th,tcl
ih,ey
kcl,tcl
ix,n
s,s
bcl,dcl
axr,r
er,r
l,l
n,n
th,f
k,f
l,l
th,pcl
n,n
dh,k
ih,iy
ah,ay
t,dh
v,v
q,q
er,er
ih,ix
s,z
z,dcl
ix,iy
ae,ae
f,s
axr,axr
w,w
iy,ey
s,s
ih,iy
ih,ih
el,l
er,r
aa,aa
k,k
y,n
s,s
dh,dh
n,n
q,q
iy,iy
r,l
ae,ae
ax,l
bcl,dcl
ah,ae
w,w
r,r
eh,ih
ae,ae
tcl,tcl
axr,r
s,s
ih,iy
sh,z
p,p
uw,ax
m,n
pcl,tcl
ey,ey
dcl,dcl
pcl,tcl
v,v
ih,ix
f,pcl
z,z
q,q
ao,aa
kcl,tcl
aa,aa
bcl,bcl
r,r
l,ix
t,t
p,p
dh,q
n,ix
ch,ch
aa,aa
bcl,n
ay,ay
kcl,kcl
r,r
k,q
eh,ax
m,n
f,f
aa,aa
th,k
ay,ay
iy,iy
axr,axr
axr,er
ih,eh
l,w
s,s
w,w
ih,ih
eh,eh
q,pcl
q,p
g,q
m,q
sh,sh
ax,ax
ow,ow
y,y
l,l
iy,iy
l,l
f,f
iy,iy
gcl,bcl
pcl,pcl
dh,n
oy,ow
z,z
sh,sh
f,f
n,n
eh,ae
l,l
ix,r
er,er
ae,ae
axr,er
ux,ux
ay,ay
m,m
iy,iy
l,l
kcl,dcl
axr,axr
iy,ix
ih,eh
ix,ix
kcl,kcl
f,s
n,n
aa,aa
iy,iy
ah,ax
sh,s
ix,n
sh,sh
ch,t
kcl,tcl
uw,uw
l,l
l,l
y,y
ah,eh
z,z
n,ix
ay,ay
r,r
ix,ax
n,n
ix,iy
l,m
dh,n
g,k
ax,eh
q,q
el,ah
bcl,pcl
axr,r
m,m
kcl,dcl
kcl,gcl
kcl,tcl
t,d
tcl,kcl
r,r
kcl,tcl
er,r
ey,ey
axr,axr
sh,sh
dh,m
ix,ix
iy,ey
tcl,tcl
ix,ix
sh,ch
el,ao
ih,ih
ah,ah
jh,jh
s,gcl
ah,ax
tcl,tcl
aa,aa
jh,t
er,r
ah,ae
aa,aa
ao,w
dcl,dcl
p,p
m,n
n,nx
iy,iy
t,d
n,ix
ih,ix
pcl,tcl
ih,er
d,k
ih,ux
ey,ey
n,n
dcl,d
dx,dx
iy,iy
el,r
ih,ih
v,v
m,n
ix,iy
ax,r
y,hv
t,t
iy,iy
ix,axr
axr,ax
r,r
sh,sh
dcl,gcl
w,m
y,y
v,v
dcl,m
ux,iy
axr,er
l,l
g,k
m,m
r,r
d,d
l,w
ay,ay
ah,ah
ey,iy
n,n
r,ix
k,k
kcl,tcl
ay,ay
q,p
en,hv
ow,ow
el,el
n,n
m,w
k,g
hv,hv
eh,ax
ae,ae
r,r
ix,ax
gcl,n
eh,l
iy,iy
kcl,kcl
n,n
dcl,dcl
ix,ix
dcl,m
ix,ix
m,dcl
dcl,tcl
gcl,tcl
ay,ay
el,ow
ng,n
ao,w
l,n
y,iy
uw,el
t,t
jh,jh
ax,r
ih,iy
axr,ey
ix,ix
w,w
ey,ey
t,p
tcl,kcl
ao,l
ix,ix
s,s
hh,hv
m,ng
ax-h,ix
ao,ay
z,s
l,l
axr,ix
f,t
s,s
iy,iy
r,ix
ix,ix
l,oy
axr,axr
ey,iy
aa,ao
v,n
pcl,pcl
r,v
tcl,q
ae,eh
q,n
eh,eh
gcl,iy
y,y
kcl,kcl
z,z
z,z
ow,ow
oy,ao
ow,l
jh,jh
ah,ax
n,m
ih,ih
ao,ao
pcl,pcl
ix,ix
ao,ao
ih,iy
ey,ey
gcl,n
jh,k
v,v
n,n
dh,dh
ae,ae
aa,aa
m,m
hh,hh
r,r
m,ix
tcl,tcl
ix,ix
axr,r
iy,iy
v,n
r,r
q,q
n,ux
s,s
n,v
pcl,pcl
k,k
aa,ah
th,dh
m,n
hh,p
aw,aw
dh,dh
eh,eh
iy,iy
th,th
ow,ow
ng,n
r,r
ao,ah
ao,ao
el,el
v,v
ix,ix
s,kcl
n,n
ih,hv
r,r
r,r
aa,ah
iy,iy
n,n
q,kcl
y,y
ix,ix
p,p
bcl,pcl
l,iy
ae,ae
tcl,tcl
y,y
tcl,pcl
ih,ih
n,n
aa,aa
hh,dh
ix,ih
n,n
r,r
pcl,bcl
k,k
tcl,pcl
sh,s
eh,eh
ae,ae
l,w
p,p
l,l
k,k
r,r
th,pcl
w,w
l,w
dcl,tcl
s,s
ih,ix
t,t
aa,ao
r,r
tcl,ch
t,t
ih,ix
k,sh
l,q
tcl,z
f,f
ix,ix
dcl,tcl
ih,eh
n,n
w,w
tcl,pcl
jh,k
k,k
tcl,kcl
bcl,bcl
r,r
ng,pcl
ae,ae
n,n
l,l
sh,jh
ae,eh
kcl,tcl
ux,ix
dh,ix
oy,oy
er,axr
ae,ae
s,s
tcl,tcl
ax-h,tcl
z,z
l,l
axr,r
r,r
r,r
eh,aa
n,v
ng,n
ix,ax
ah,l
s,s
pcl,tcl
sh,sh
ix,ix
r,r
ao,ao
k,dh
ng,n
r,axr
m,ix
th,th
m,dh
iy,iy
ah,ah
tcl,en
gcl,iy
y,iy
ix,q
ux,ux
tcl,gcl
m,n
s,s
d,t
tcl,dcl
ow,ow
ey,ey
z,s
n,n
axr,r
en,n
em,n
ae,ae
axr,eh
iy,iy
l,l
r,r
r,r
g,q
n,n
ey,iy
w,w
n,n
ix,ix
axr,r
n,n
q,q
l,l
dcl,dcl
sh,sh
t,z
oy,oy
g,g
bcl,tcl
aa,ao
r,r
ih,ix
s,s
kcl,tcl
jh,ch
s,s
axr,r
t,t
l,l
t,t
ix,ih
k,k
tcl,dcl
s,s
ih,iy
kcl,sh
v,v
s,s
tcl,tcl
ng,ng
axr,er
ae,ix
t,t
ih,iy
iy,iy
s,s
eh,ih
ey,ey
w,w
l,l
eh,ix
ow,ow
ey,ey
m,n
n,n
ay,aa
r,r
ay,ay
er,axr
n,nx
en,ng
ix,ix
dcl,dcl
gcl,gcl
n,n
ix,iy
k,k
ix,ix
ih,ix
ao,q
uh,ax
hv,iy
m,m
ax,ix
ah,ax
iy,iy
kcl,tcl
ae,ae
tcl,tcl
eh,ih
iy,iy
eh,eh
ih,eh
ux,iy
m,en
t,t
bcl,n
ae,ae
ix,ix
iy,iy
aa,l
eh,ao
pcl,pcl
axr,axr
q,q
ay,ay
ey,ey
tcl,tcl
ih,iy
iy,iy
ix,ix
tcl,dcl
r,r
g,g
dcl,n
pcl,tcl
ih,ih
w,w
kcl,kcl
s,s
tcl,tcl
ao,ao
gcl,kcl
t,d
kcl,jh
dx,k
dx,dx
w,w
ux,uw
ao,r
ow,ow
gcl,dcl
iy,iy
ow,ow
ux,ux
ix,ix
kcl,tcl
dx,n
s,s
m,z
s,s
r,r
r,r
aa,aa
q,w
tcl,tcl
ix,ix
ih,ih
ax,r
dh,m
tcl,pcl
l,l
q,dh
jh,d
n,ix
oy,oy
sh,sh
ow,ow
ow,ow
bcl,dcl
n,n
ao,ao
r,r
iy,y
g,k
n,n
ih,eh
l,l
hh,hv
r,r
l,l
ae,ae
eh,ay
s,s
er,er
v,v
th,th
k,k
tcl,tcl
g,k
ey,ey
eh,eh
eh,ix
ay,ay
tcl,k
iy,ix
pcl,tcl
dcl,tcl
bcl,bcl
l,l
aa,ae
ao,ao
kcl,pcl
v,bcl
eh,eh
tcl,p
p,p
ix,w
q,dcl
dcl,dcl
f,s
iy,iy
n,n
s,s
r,r
s,z
d,k
axr,r
iy,iy
iy,iy
jh,v
eh,ey
ax,ax
axr,axr
bcl,bcl
bcl,dx
ao,aa
gcl,ng
kcl,kcl
sh,s
ow,ow
ah,ah
dx,r
s,s
f,kcl
q,q
f,f
tcl,pcl
ao,aa
ix,ix
er,er
l,l
ao,ay
aa,er
pcl,kcl
k,k
q,iy
hv,hv
pcl,tcl
f,f
n,n
iy,iy
bcl,pcl
ax,ax
tcl,dh
n,n
ax,ix
kcl,kcl
l,w
dcl,dcl
ih,ih
v,v
r,r
v,v
axr,axr
k,k
m,m
k,jh
q,r
ix,r
ao,ao
ey,ey
ix,ix
p,p
ae,iy
ay,ay
ey,ey
axr,axr
ix,ix
r,r
axr,eh
jh,kcl
w,w
ih,l
tcl,tcl
ow,ax
ae,ae
ay,ey
ax,ix
iy,iy
tcl,tcl
k,p
ng,n
ux,ux
ux,ux
y,iy
g,k
iy,iy
dh,tcl
n,n
ih,ix
l,l
n,n
eh,ih
jh,jh
eh,eh
ih,iy
ix,iy
dh,jh
n,n
ax,el
ah,aa
r,nx
ix,ix
ae,ae
l,l
ih,iy
ay,ay
eh,ae
s,s
q,pcl
axr,axr
iy,iy
jh,k
dcl,dcl
m,m
ix,ix
m,en
b,k
ao,ao
r,r
sh,s
f,k
ix,ih
q,ix
ux,ux
t,t
z,z
er,ih
ih,ix
tcl,tcl
ax,l
v,bcl
bcl,pcl
p,p
v,v
v,pcl
kcl,pcl
k,k
ax,ah
z,s
l,l
q,q
tcl,kcl
tcl,gcl
dcl,n
iy,iy
z,z
ih,ih
q,q
kcl,f
ix,q
ae,ae
axr,axr
eh,eh
q,iy
t,t
ao,ao
r,r
ao,ao
sh,sh
iy,iy
dcl,tcl
ax,l
s,s
dh,tcl
z,s
k,k
ow,ow
dcl,dcl
dcl,dcl
dcl,tcl
z,z
gcl,dcl
sh,sh
ih,ih
aa,ae
w,w
s,s
n,n
ao,ao
eh,r
s,s
ow,ow
ax-h,kcl
r,r
w,l
el,w
p,sh
r,r
p,k
tcl,k
l,ao
dcl,bcl
dcl,n
ax,l
ow,ow
g,g
s,s
k,hh
ix,iy
ae,ae
tcl,tcl
n,n
q,q
ih,ih
n,n
pcl,tcl
s,s
dx,n
d,dh
dcl,dh
ae,ae
ix,iy
ae,eh
s,s
m,m
m,en
s,s
q,q
l,r
iy,iy
p,p
ix,iy
ng,ng
p,f
ey,ey
ix,ix
oy,ao
z,s
ix,ey
s,s
ax,ix
z,s
bcl,bcl
ax,ax
m,ix
sh,sh
r,r
ah,r
k,k
el,el
s,s
tcl,tcl
sh,s
tcl,tcl
l,l
w,w
kcl,kcl
kcl,tcl
ih,ih
en,n
kcl,kcl
ay,ay
aw,aw
r,r
m,n
r,r
w,w
iy,iy
m,uw
w,w
aa,aa
dcl,n
n,n
er,er
r,d
aa,aa
aw,ao
ao,ao
ey,iy
p,p
k,tcl
ix,ix
v,v
w,w
dx,dx
n,iy
ah,eh
p,p
el,w
er,ay
r,axr
ae,ae
axr,r
eh,eh
l,l
hh,hh
tcl,pcl
p,p
hv,hh
jh,jh
ix,ih
ih,ix
hv,hv
eh,eh
ow,l
r,r
ix,ix
ih,ow
r,r
w,w
th,tcl
tcl,kcl
ax,l
sh,sh
ah,ix
g,dh
ix,ix
dcl,tcl
l,l
w,l
l,l
w,w
tcl,tcl
eh,eh
y,ih
k,k
s,s
ao,ao
kcl,kcl
y,n
p,hh
ix,ix
dh,n
m,ix
ux,ux
ay,ay
m,m
ax,aw
pcl,kcl
z,z
n,n
dx,ax-h
eh,ae
q,q
dcl,dcl
s,s
dcl,dcl
ax,ao
dh,dh
ah,eh
ix,ih
dcl,tcl
axr,axr
q,tcl
eh,eh
s,s
l,l
ih,iy
ah,ax
dcl,n
dx,n
tcl,tcl
ow,ow
ay,ih
ix,ix
ax,ax
gcl,gcl
ix,ix
ay,ix
n,n
ah,ae
ah,ax
ch,ch
ix,ix
dcl,dcl
en,n
k,tcl
w,w
dh,dh
n,n
iy,iy
z,z
eh,ix
r,axr
s,s
l,l
r,r
l,w
sh,sh
y,y
eh,eh
v,v
ao,w
ix,ax
l,l
t,t
eh,ix
dh,f
s,s
ae,ae
l,q
ay,eh
tcl,s
hv,hv
axr,ix
axr,ax
ix,ix
d,d
pcl,pcl
n,n
g,d
ih,ix
ux,ux
gcl,n
ae,ae
s,s
axr,axr
ow,ow
ih,ix
tcl,kcl
jh,d
ao,l
p,f
t,k
axr,axr
ix,ix
ih,r
s,s
y,y
ix,ix
kcl,tcl
oy,oy
dh,k
r,r
iy,iy
s,s
n,ng
en,n
dh,kcl
p,p
m,n
l,l
w,w
r,r
s,s
m,n
n,l
ax,ax
ah,ow
tcl,tcl
s,s
g,k
hh,hh
kcl,tcl
bcl,dcl
ih,axr
r,r
sh,sh
ae,eh
l,w
ih,ih
r,r
s,s
dh,dh
g,dh
iy,iy
t,k
er,r
ae,ey
n,n
b,p
er,r
dcl,tcl
ix,ix
ih,ix
n,n
r,r
eh,ih
r,ix
dx,dx
iy,iy
ih,ih
f,k
k,d
l,l
ix,ix
hv,f
dcl,dcl
eh,eh
ih,ih
ax-h,v
aa,ao
tcl,kcl
ix,n
ax,ix
oy,oy
eh,eh
iy,iy
ae,ae
ix,ih
bcl,kcl
ao,ao
n,n
r,r
l,l
ae,ae
tcl,ax
k,k
ix,n
ih,ax
m,m
eh,ae
s,s
aa,ah
tcl,pcl
m,l
m,n
z,z
ax,ix
ng,n
iy,iy
dcl,n
z,s
t,t
l,n
tcl,pcl
kcl,kcl
t,t
iy,iy
dx,dcl
bcl,pcl
ng,n
d,t
n,dcl
ay,ay
s,s
axr,axr
k,k
er,r
kcl,kcl
k,k
iy,iy
ih,ix
ah,ah
ix,ix
f,f
ix,ax
ey,iy
ah,l
sh,ch
w,w
k,k
n,pcl
m,m
aw,aw
ae,ae
ux,ux
ow,ow
eh,ah
z,z
hh,hh
ih,ih
jh,z
th,z
n,n
ix,ix
v,v
dx,dcl
l,l
y,q
iy,ux
gcl,gcl
dcl,dcl
z,kcl
ix,ix
sh,sh
k,hh
t,k
ah,ae
ao,ao
f,pcl
kcl,kcl
m,n
g,g
m,m
dcl,dcl
ah,eh
m,n
r,r
jh,ch
bcl,bcl
uh,ey
ch,ch
ay,ay
w,w
iy,iy
ae,ae
n,n
aw,aa
kcl,kcl
s,s
ax,ah
s,t
l,q
ow,el
pcl,tcl
ix,ix
iy,iy
ao,l
iy,iy
ih,ih
s,s
axr,eh
n,n
l,w
eh,ix
jh,dh
s,s
t,g
ow,ao
f,k
tcl,tcl
g,p
ey,ey
l,l
r,r
ae,ae
eh,eh
r,r
r,r
s,s
dcl,dcl
ae,ae
ix,eh
ax,ax
aa,aa
tcl,tcl
aa,ao
s,sh
ih,r
m,n
d,tcl
jh,ch
ae,ae
eh,ae
tcl,tcl
t,t
dcl,n
eh,eh
ae,ae
ix,ux
l,el
sh,sh
bcl,m
q,q
k,k
l,l
ix,ix
r,r
q,q
eh,ih
w,w
ow,ow
axr,r
m,n
ey,ey
el,l
w,w
dcl,dcl
f,s
hh,hh
q,r
v,v
y,y
l,ax
ch,ch
ao,ao
er,er
l,l
iy,iy
k,k
m,m
ux,er
t,t
ih,ih
d,d
eh,r
jh,jh
s,s
aa,ah
y,y
k,k
l,l
axr,r
n,kcl
tcl,tcl
axr,r
m,n
y,iy
el,el
bcl,bcl
r,r
tcl,tcl
el,el
q,q
eh,ae
n,n
ao,m
er,axr
ix,ix
ax,ix
bcl,n
ao,ow
ix,ix
t,dh
ao,ao
tcl,th
ix,ih
en,dcl
r,r
ax,ax
dcl,dcl
ah,ay
r,r
iy,ih
w,l
f,tcl
ix,ax
f,f
r,r
m,tcl
sh,sh
n,bcl
dx,dx
s,s
v,ix
y,iy
n,en
g,d
ey,iy
el,n
n,n
ax,ax
er,er
r,r
dcl,tcl
r,r
tcl,p
eh,ae
ih,ix
s,s
n,ng
n,n
en,ao
ey,iy
ao,el
kcl,p
r,r
ih,ix
pcl,dcl
f,p
w,w
p,p
aa,l
eh,axr
iy,iy
z,z
ay,ay
iy,iy
ae,ae
r,ae
w,l
sh,sh
pcl,tcl
gcl,dcl
k,k
ay,ay
jh,jh
aa,aa
eh,ih
t,t
gcl,tcl
q,q
t,dh
ih,l
y,iy
th,th
aa,ao
eh,ax
aa,r
n,n
n,n
p,p
d,k
dx,n
s,sh
y,iy
r,r
ux,ix
v,v
ix,ih
s,s
t,t
s,s
dx,dcl
ey,ih
hv,hv
ay,aw
ih,ax
m,en
y,iy
iy,iy
pcl,kcl
y,y
tcl,kcl
dcl,dcl
sh,sh
g,k
w,l
iy,iy
ae,ae
iy,iy
v,kcl
tcl,kcl
ae,aw
r,r
sh,sh
axr,axr
w,w
p,dh
ng,ng
ey,iy
ah,ay
dx,d
ao,ao
ih,ey
n,n
ax,ax
pcl,pcl
iy,iy
nx,n
eh,ih
er,er
pcl,tcl
w,w
n,n
r,aa
y,y
iy,ih
axr,ax
ax,ax
kcl,tcl
ow,ow
iy,y
q,q
l,l
axr,ix
l,l
sh,s
eh,eh
ey,ey
iy,ey
q,q
kcl,kcl
dx,n
t,d
d,tcl
iy,iy
tcl,tcl
ix,ey
ix,ix
ih,ih
pcl,dh
ih,ih
pcl,kcl
sh,f
ux,ey
iy,iy
l,l
ix,ax
n,n
w,gcl
kcl,tcl
ao,l
tcl,tcl
ih,ih
ah,ah
sh,sh
pcl,pcl
ix,ix
kcl,kcl
ao,ao
ix,ax
ih,ih
ao,l
ow,ow
ih,ih
ix,r
gcl,gcl
ey,ey
eh,eh
bcl,kcl
dcl,tcl
sh,sh
f,f
ax,ax
z,z
er,axr
axr,p
sh,sh
ih,ih
z,s
axr,p
r,aa
ux,ux
bcl,bcl
ao,ao
kcl,kcl
el,l
s,s
w,w
kcl,kcl
n,n
f,f
s,s
ih,ih
s,s
hv,hv
eh,eh
tcl,tcl
dcl,dcl
r,r
m,r
iy,iy
l,l
ah,ae
y,y
s,s
r,r
zh,sh
q,q
s,s
z,s
iy,iy
ow,l
sh,sh
t,d
ay,ay
aa,aa
ae,ae
ax,ax
n,n
f,kcl
m,bcl
kcl,kcl
en,ix
w,w
iy,iy
q,q
eh,eh
k,t
iy,y
dcl,kcl
dh,v
ix,ix
dcl,dh
ay,ay
dcl,tcl
jh,jh
ih,ix
ey,ey
dcl,dcl
k,p
aa,ah
n,tcl
ow,ao
bcl,tcl
ix,ix
sh,sh
q,q
ux,iy
eh,ix
tcl,tcl
kcl,kcl
r,axr
gcl,q
ao,ah
aa,aa
ix,ix
n,n
m,n
p,dh
p,p
f,t
iy,ux
eh,eh
ey,iy
pcl,pcl
aa,aa
kcl,kcl
z,z
ix,ix
g,q
d,d
s,s
iy,iy
aa,ah
ow,ao
ix,ix
ux,ux
n,n
ix,ix
kcl,bcl
iy,iy
k,k
y,y
w,l
m,n
d,d
iy,iy
ax,ix
p,kcl
iy,iy
er,ux
aa,aa
l,ax
ih,ih
s,s
tcl,tcl
ux,ix
axr,ih
n,aa
ae,ae
kcl,kcl
s,t
l,ae
l,l
m,m
z,z
tcl,tcl
s,s
sh,sh
l,ao
dh,n
q,q
q,q
ao,r
y,y
l,q
aa,aa
n,n
tcl,s
l,l
s,k
er,r
q,q
iy,iy
l,axr
ux,ux
ey,ey
iy,iy
aa,aa
z,z
dx,dh
pcl,kcl
kcl,kcl
ih,ey
r,r
l,l
ah,ax
l,r
ao,l
pcl,pcl
q,q
ey,ey
tcl,tcl
axr,axr
r,r
dcl,kcl
t,k
g,p
q,q
pcl,pcl
n,m
n,n
iy,iy
eh,ih
gcl,gcl
k,k
g,dh
l,l
ix,ih
n,r
z,z
ih,ih
f,f
eh,ix
eh,ae
dh,t
m,m
ux,y
n,n
aa,aa
f,f
s,s
kcl,kcl
ah,aa
eh,eh
l,l
tcl,pcl
ng,n
dcl,t
r,r
w,w
p,q
z,z
axr,r
n,n
s,f
sh,sh
d,k
kcl,k
tcl,tcl
z,z
w,w
pcl,pcl
ae,ae
er,ay
ae,ae
aa,aa
dx,dcl
m,m
r,r
ax,ax
ng,m
iy,ih
w,w
v,ax
dcl,gcl
dcl,tcl
f,f
l,l
iy,iy
ih,ix
iy,iy
w,w
q,q
axr,ey
aa,aa
gcl,gcl
ae,ae
ix,ih
ay,ae
eh,ih
ux,iy
dh,l
ao,ao
m,n
ih,ih
l,l
r,r
dx,n
ih,ih
f,f
ux,ux
s,s
ih,ih
f,f
f,f
iy,iy
iy,iy
eh,l
f,f
ux,ux
iy,iy
iy,iy
er,er
m,k
d,d
ax,ax
g,k
aa,aa
ih,ih
ao,ao
er,er
s,s
r,l
t,t
kcl,kcl
ae,ae
ah,ao
r,ax
g,dh
d,d
ix,iy
n,axr
l,l
ix,ix
dx,dx
ay,ay
t,t
l,l
f,f
bcl,bcl
s,s
n,r
gcl,gcl
l,l
ih,ih
ae,ae
n,tcl
k,p
tcl,pcl
iy,iy
s,s
tcl,dcl
k,k
p,k
l,l
f,f
f,pcl
dh,th
ow,ao
ih,ih
er,er
jh,jh
ow,ow
iy,ey
kcl,kcl
l,l
f,f
n,n
dh,dx
aa,aw
m,m
dx,n
ng,n
m,m
m,m
ng,n
ey,ey
ih,ih
iy,iy
tcl,pcl
sh,s
r,r
ax,ax
m,m
dcl,tcl
ix,ix
f,f
k,k
ao,l
n,m
p,hh
kcl,tcl
tcl,kcl
m,m
tcl,tcl
iy,iy
kcl,k
s,s
r,r
tcl,n
kcl,kcl
iy,ux
aw,aw
dh,t
pcl,pcl
tcl,kcl
iy,iy
t,d
ix,ax
ih,ih
k,dh
ae,ae
ow,ow
ah,eh
ao,ao
s,s
hh,hh
ey,r
ix,ix
ng,n
ix,ix
r,r
ae,ae
kcl,hh
iy,iy
ao,ao
iy,ih
l,l
d,f
f,f
kcl,kcl
r,r
m,m
k,k
iy,ih
k,k
r,r
tcl,kcl
er,eh
dcl,dcl
m,n
q,q
oy,oy
ng,n
ih,ih
iy,axr
t,t
dcl,dx
l,v
eh,eh
w,l
ix,r
eh,eh
s,s
ih,iy
q,q
axr,axr
ng,n
axr,axr
em,n
k,k
aw,aw
m,m
m,w
iy,iy
nx,dcl
el,l
r,r
f,f
ih,iy
aa,aa
er,er
ux,ey
kcl,kcl
w,w
q,q
dh,w
v,v
ao,ao
w,r
z,jh
r,er
kcl,k
s,s
g,k
t,k
k,k
kcl,tcl
ao,ao
kcl,kcl
tcl,tcl
th,f
n,n
ax,ix
gcl,tcl
r,r
ix,ix
r,r
tcl,tcl
y,y
w,ix
ix,ix
n,n
er,ow
bcl,l
r,r
r,axr
dx,dcl
y,y
dcl,gcl
ih,ih
hv,hv
n,n
ih,ih
axr,ao
n,ax
ay,ay
ae,ae
d,t
ux,ih
eh,ix
ix,ix
w,w
dx,n
en,k
nx,n
er,er
ax,ax
jh,jh
uh,ax
p,t
w,w
l,el
s,s
ey,ey
l,l
uw,axr
n,n
aa,aa
w,w
s,s
p,k
ax,q
axr,axr
tcl,dh
l,m
tcl,g
tcl,tcl
y,iy
ih,ih
n,tcl
k,k
kcl,kcl
dcl,dcl
k,dh
aa,er
l,r
tcl,tcl
r,r
iy,iy
s,s
k,k
l,l
ax,ax
ix,ix
axr,axr
ay,ay
ow,ow
tcl,en
w,w
sh,sh
t,d
tcl,g
dcl,l
m,l
ay,ay
iy,iy
ax,l
ix,ih
ae,ae
dcl,dcl
ih,q
ao,ao
aa,r
axr,axr
dx,dcl
pcl,tcl
ih,ih
tcl,tcl
aw,ow
l,el
ux,ih
ng,n
w,w
ih,eh
w,uw
er,r
kcl,pcl
iy,iy
iy,ix
r,r
ah,aa
ng,n
iy,iy
l,l
s,s
l,l
dcl,bcl
g,n
l,ao
uw,iy
jh,jh
iy,ix
r,r
q,q
ix,ix
p,hh
r,r
n,n
ao,ao
ae,ae
r,r
en,n
kcl,ch
iy,ix
dcl,tcl
iy,iy
s,t
iy,iy
pcl,bcl
ix,n
hh,t
dh,ix
dx,v
ng,hv
iy,iy
em,n
ix,eh
r,r
kcl,kcl
q,ax
r,ix
ix,ix
eh,eh
ih,ix
ih,ih
v,v
iy,q
p,f
iy,iy
ih,ix
w,w
v,v
ax-h,l
eh,eh
k,k
n,n
bcl,tcl
r,r
uh,ih
ix,eh
dcl,n
y,iy
s,s
ix,ix
ux,ux
k,k
r,ae
w,l
z,z
dh,dh
er,axr
ix,ix
aa,aa
q,q
l,q
bcl,pcl
s,s
y,iy
bcl,bcl
n,n
r,n
ih,ix
dcl,gcl
r,r
r,r
ow,ow
k,k
p,dh
r,r
ux,iy
m,m
s,s
kcl,kcl
v,f
kcl,kcl
s,s
r,l
r,ax
ih,iy
er,er
ux,ih
z,s
kcl,kcl
sh,sh
k,k
ae,ae
dx,g
ax,ax
d,t
bcl,m
aa,aa
ix,ix
aa,aa
ix,ix
axr,ax
sh,sh
sh,sh
ix,ix
q,q
s,s
dcl,tcl
ae,ae
kcl,tcl
kcl,tcl
dcl,tcl
n,l
tcl,dcl
iy,iy
dcl,tcl
r,r
iy,iy
v,v
ao,er
hv,dcl
ux,ux
dx,dcl
r,r
s,s
l,nx
eh,ow
ih,ix
ao,ao
l,dh
l,el
ey,ey
s,s
t,t
uh,ix
iy,iy
kcl,kcl
z,s
eh,axr
ae,ae
kcl,kcl
ih,ih
gcl,n
n,n
kcl,kcl
p,p
w,w
t,hh
ae,ae
gcl,dcl
k,k
r,v
r,r
r,ih
q,ix
ih,ih
q,q
s,s
el,l
ng,n
ix,gcl
hh,k
s,s
k,k
p,f
ux,uw
l,l
ih,ih
en,n
nx,nx
r,r
w,ao
w,w
s,s
f,th
aa,r
ng,n
pcl,pcl
eh,axr
m,n
ch,ch
k,k
t,k
ow,ow
w,w
dx,ax
d,d
ao,ao
th,v
oy,oy
eh,eh
q,q
f,f
s,s
t,ch
er,ux
p,p
r,r
y,y
k,k
r,r
bcl,bcl
iy,iy
gcl,gcl
jh,d
dcl,dcl
y,q
eh,r
k,k
tcl,tcl
t,d
z,z
ey,ae
z,s
dcl,dh
ux,iy
tcl,tcl
dcl,p
aa,aa
t,t
aa,aa
b,p
ix,ix
y,y
s,s
aa,aa
el,ao
en,m
ih,iy
f,f
ey,ey
ah,ah
t,t
ch,t
tcl,tcl
ix,ix
aw,aw
k,k
dh,dh
ah,ah
t,t
ux,ih
ao,ao
ah,r
ao,ao
axr,q
ih,ix
ah,l
th,pcl
s,s
t,t
m,ix
q,q
tcl,tcl
sh,sh
q,q
s,s
oy,oy
dcl,v
ng,m
hv,hv
uw,ow
ax,l
s,s
eh,ey
w,w
w,ao
m,m
iy,iy
ow,ow
jh,sh
ux,ux
kcl,kcl
eh,ix
r,r
l,l
q,q
bcl,v
m,m
sh,s
t,t
bcl,dcl
s,p
dh,dh
jh,jh
er,r
dcl,v
ae,ih
zh,sh
n,n
dh,kcl
m,m
k,hv
jh,k
w,w
pcl,pcl
q,axr
n,iy
gcl,n
dcl,dcl
f,f
l,l
k,ch
k,d
q,dh
ah,ax
t,d
t,p
k,k
s,s
d,n
dcl,z
tcl,dcl
iy,iy
w,w
m,w
th,z
ux,ix
aw,ow
aw,ae
q,tcl
ax,ax
axr,ae
l,l
s,s
s,s
n,n
axr,r
dcl,pcl
l,z
bcl,n
ux,n
hh,hh
ng,n
ux,ix
ix,ix
iy,ix
dcl,dcl
iy,iy
f,f
ax,ax
bcl,v
tcl,tcl
l,l
t,t
k,p
ix,ix
en,ng
g,jh
tcl,tcl
bcl,bcl
eh,eh
kcl,z
ah,n
r,r
bcl,bcl
y,iy
dcl,dcl
tcl,tcl
iy,iy
m,n
uw,ao
iy,iy
s,s
er,er
l,n
hh,hh
tcl,tcl
aw,aw
ae,eh
ax,q
l,l
q,tcl
ao,ao
hv,k
n,v
ae,ae
m,m
r,r
kcl,tcl
ih,ih
f,f
tcl,tcl
s,s
t,t
k,k
z,s
ih,ih
ay,ay
ih,iy
dcl,gcl
gcl,n
ao,ao
dcl,bcl
t,t
r,r
f,p
axr,axr
ow,ow
q,q
aa,aa
ae,ae
dcl,tcl
l,l
r,r
v,v
bcl,kcl
ih,ih
ah,eh
m,m
v,v
ng,n
ay,ay
ae,ay
ax,aa
sh,sh
ix,ix
q,q
kcl,dcl
ng,n
m,m
b,v
oy,oy
ay,ay
ax,l
n,n
ix,ix
d,jh
f,f
l,l
iy,q
l,l
iy,iy
sh,sh
v,s
dcl,dcl
q,ax
dh,dh
axr,r
gcl,kcl
gcl,kcl
ah,eh
ey,ey
z,z
tcl,tcl
ix,ix
eh,eh
tcl,kcl
ae,ae
bcl,bcl
pcl,kcl
ay,ay
ax,ax
ch,sh
ay,ay
axr,r
er,axr
iy,iy
d,d
n,m
ax,ax
y,iy
iy,ey
dh,t
sh,ch
t,z
d,hv
m,n
r,ax
ae,eh
ao,ao
iy,iy
n,m
iy,ih
ch,sh
m,n
axr,axr
ix,ix
q,q
dcl,dcl
f,f
t,t
kcl,kcl
ay,ah
ih,ix
th,s
s,z
iy,iy
dcl,dcl
q,tcl
gcl,n
aa,aa
er,er
hv,z
dx,dx
l,l
ng,n
dh,v
hh,hh
iy,iy
r,r
dx,dcl
tcl,tcl
k,k
ao,ao
l,ow
ix,ix
ix,ix
s,s
axr,ix
pcl,pcl
r,r
iy,iy
dcl,n
q,q
kcl,kcl
f,s
f,q
tcl,pcl
r,r
tcl,tcl
th,f
n,m
f,f
p,p
d,t
dh,n
ao,ao
sh,ch
ih,ih
dh,kcl
aa,ao
dx,bcl
axr,ih
tcl,kcl
axr,axr
r,axr
l,dh
n,n
w,w
ix,ix
iy,iy
gcl,tcl
b,p
dh,dh
ae,ae
n,n
ae,ae
dh,w
ae,ae
n,n
er,ae
kcl,kcl
r,m
iy,ey
iy,iy
ax,ax
m,kcl
kcl,pcl
ae,ae
dh,n
el,ao
axr,axr
w,w
r,r
l,l
d,tcl
m,m
r,ao
th,pcl
y,ux
n,n
ih,eh
z,s
axr,r
pcl,tcl
n,n
n,n
s,s
ao,ao
r,r
eh,ae
ah,ax
pcl,tcl
er,axr
d,t
t,t
y,y
ih,ow
aa,ae
r,r
k,k
l,l
r,r
axr,d
s,s
iy,l
ay,ay
dcl,tcl
z,s
ae,ae
z,tcl
d,k
s,s
pcl,tcl
t,ch
dcl,gcl
n,bcl
ae,eh
z,s
ux,ux
ng,ng
dcl,tcl
w,w
iy,iy
m,n
dx,dh
ax,ix
y,y
eng,n
l,ix
ix,ix
er,r
ah,eh
bcl,bcl
w,w
s,s
aa,aa
r,er
hv,hv
z,dcl
ix,r
z,f
sh,sh
k,g
ah,l
ae,ae
l,l
iy,ih
iy,iy
ix,ih
s,s
s,s
s,s
ey,ey
ay,ay
s,s
bcl,bcl
iy,iy
ix,l
tcl,tcl
jh,z
eh,aw
tcl,tcl
iy,iy
ux,ux
ao,ao
iy,ix
ax,ix
ow,ow
ch,ch
gcl,gcl
ey,ey
bcl,n
k,n
aa,aa
pcl,pcl
m,dh
axr,axr
eh,ix
ae,ae
ao,ao
q,q
s,s
el,el
ih,iy
l,l
ih,ih
n,n
kcl,tcl
tcl,tcl
gcl,n
hv,hv
iy,ix
n,n
ih,iy
tcl,k
ae,ae
dh,ax
ix,ix
dx,dx
ay,ay
iy,iy
l,l
pcl,kcl
n,n
tcl,tcl
kcl,tcl
kcl,kcl
m,ng
ow,ae
pcl,pcl
q,q
iy,iy
aa,aa
ah,eh
v,v
ih,ix
ey,ey
s,s
tcl,jh
axr,r
iy,iy
tcl,kcl
d,dh
q,k
iy,iy
ix,ix
n,n
m,m
s,s
gcl,dcl
ih,iy
n,r
nx,n
dh,k
m,n
ae,ae
r,r
hh,hh
f,f
iy,iy
dcl,ix
s,z
eh,q
bcl,tcl
z,z
ae,n
l,el
ix,ax
r,r
ax,ax
ey,ey
v,v
z,z
t,t
s,s
ao,ao
tcl,tcl
th,f
er,er
z,z
gcl,tcl
er,r
ax,l
tcl,tcl
ih,ix
ix,ix
r,eh
s,s
z,s
l,l
kcl,z
l,l
ix,l
s,s
aw,aw
oy,ax
l,l
f,tcl
n,n
m,n
nx,n
ng,n
iy,iy
n,n
s,tcl
k,p
ow,ow
tcl,gcl
s,z
dcl,dcl
ae,ae
tcl,pcl
dx,dcl
w,r
kcl,kcl
axr,r
eh,ih
l,l
d,d
f,kcl
axr,r
hh,hh
iy,iy
kcl,kcl
r,m
ux,ax
iy,iy
ao,ao
z,s
p,p
y,y
ih,ix
tcl,n
s,z
ao,ao
dcl,gcl
aw,aw
dcl,bcl
tcl,dcl
l,w
s,s
ae,ae
k,k
gcl,kcl
n,n
q,q
f,f
n,k
r,r
axr,r
iy,iy
ax,ix
aa,r
ae,ae
kcl,tcl
s,sh
ax,ah
tcl,kcl
kcl,kcl
dcl,gcl
ix,r
r,r
z,s
sh,sh
kcl,kcl
ae,ae
ah,ow
t,t
kcl,kcl
tcl,kcl
bcl,bcl
kcl,pcl
m,n
ih,ih
y,iy
ux,uw
k,k
ax,n
ih,ih
k,k
tcl,tcl
sh,sh
ay,ay
dcl,dcl
f,hh
ux,iy
iy,iy
dh,l
v,v
p,k
el,ow
axr,axr
ch,s
eh,eh
n,dcl
ix,eh
y,iy
n,n
k,k
dcl,dcl
t,t
eh,ix
eh,ih
k,p
z,dcl
ay,ay
k,ch
bcl,w
ae,ae
r,r
en,n
w,w
tcl,kcl
ux,ux
m,nx
l,l
axr,r
q,q
ao,ao
r,r
ao,ao
sh,sh
ay,ay
n,bcl
l,l
n,n
iy,iy
bcl,bcl
aa,aa
tcl,kcl
ae,ae
z,s
nx,nx
z,s
ae,ae
ao,ao
s,tcl
n,n
m,nx
ao,ao
l,l
ax,ax
r,l
p,d
aa,ao
kcl,gcl
iy,iy
ae,ae
eh,eh
t,t
ow,ow
uh,l
ax,ax
s,s
ix,r
r,r
dcl,kcl
q,n
aa,aa
tcl,tcl
n,n
ix,eh
ax,ax
r,r
l,ow
g,k
ix,ix
ow,ao
ao,aa
ng,m
n,ax
k,k
m,n
ix,iy
w,w
ae,eh
ix,ix
nx,n
jh,jh
y,iy
tcl,tcl
tcl,tcl
s,s
ax,ix
l,ao
kcl,kcl
n,n
s,s
l,ax
ae,ae
pcl,kcl
axr,r
l,l
axr,axr
l,el
r,v
iy,iy
eh,ae
q,l
t,tcl
ix,ix
m,n
t,d
s,s
n,n
ax,ix
t,t
y,t
ng,n
s,s
eh,eh
dx,dx
k,k
kcl,kcl
w,w
m,n
ow,ow
f,sh
el,ih
kcl,kcl
ah,ow
r,r
s,s
dx,k
z,s
ix,ih
bcl,bcl
n,n
t,z
th,tcl
ih,ix
iy,iy
t,t
g,bcl
iy,ey
tcl,kcl
ix,ix
y,jh
ao,ao
ao,ao
ow,ow
iy,ih
tcl,tcl
l,l
aa,ao
ae,ae
ah,ix
l,l
bcl,tcl
dcl,m
t,t
bcl,kcl
en,hv
kcl,dcl
d,d
s,kcl
ae,ae
f,f
ix,ix
bcl,v
d,d
t,t
ah,ah
aa,aa
eh,axr
iy,iy
r,r
n,gcl
ae,ay
k,k
s,s
dcl,dcl
n,m
ih,ih
p,tcl
iy,axr
ow,ow
k,k
w,w
axr,axr
dh,n
ih,iy
eh,ah
ax,l
dcl,tcl
g,g
gcl,v
eh,eh
ng,n
iy,iy
t,t
ix,ix
iy,ey
dx,dcl
ah,aa
tcl,kcl
m,n
aa,aa
eh,eh
r,r
n,n
k,tcl
z,z
ao,ao
l,l
n,n
n,n
ux,iy
ay,ay
r,v
r,r
ng,dcl
iy,iy
s,s
n,n
zh,sh
z,s
k,p
axr,l
ah,ah
l,l
ae,ae
axr,r
t,t
ay,aa
hh,k
iy,iy
n,n
iy,iy
kcl,kcl
ah,ah
k,k
z,s
ax,l
ih,eh
kcl,kcl
ih,ih
eh,ih
ay,ay
hv,hv
gcl,dcl
n,gcl
ah,ah
iy,iy
tcl,kcl
pcl,pcl
m,n
n,ix
ng,gcl
g,d
z,s
dcl,dcl
t,t
ih,ih
dcl,tcl
q,q
v,r
ao,w
kcl,pcl
ih,ih
oy,oy
aa,aa
er,axr
z,s
jh,jh
ay,ay
hv,y
m,n
f,f
k,k
ay,ay
s,s
l,l
t,ch
eh,ae
l,l
y,iy
ax,ix
jh,k
z,z
s,s
ih,ae
aa,aa
hv,hv
v,v
f,f
m,n
er,ih
g,d
kcl,dcl
dx,jh
t,t
ax,ax
dh,p
k,t
eh,eh
eh,ix
l,l
uh,axr
p,t
q,q
s,s
r,r
dcl,tcl
s,s
d,r
k,k
iy,iy
aa,aa
m,dx
s,s
dx,dx
bcl,bcl
z,s
ih,ih
k,k
ax,ax
axr,r
r,r
iy,iy
r,r
ih,eh
el,l
n,n
tcl,pcl
ix,eh
iy,iy
v,dcl
kcl,kcl
ax,ix
n,v
r,r
l,ax
g,jh
t,k
s,s
iy,y
jh,t
r,r
ch,ch
n,n
t,tcl
dh,v
iy,iy
ih,ih
ix,ix
v,v
ey,iy
axr,ux
aa,aa
l,l
p,p
l,ao
s,s
ih,ih
ax,l
axr,axr
ih,ih
ae,ah
dcl,tcl
axr,r
pcl,f
iy,iy
tcl,kcl
aa,ao
en,n
pcl,pcl
uh,ax
ae,ey
t,t
k,k
n,m
ih,ih
m,m
pcl,p
iy,iy
ux,q
tcl,dcl
aa,aa
r,nx
r,r
uw,w
kcl,kcl
ix,r
s,s
q,th
ix,r
ih,ih
iy,ix
er,ao
r,q
tcl,kcl
axr,ix
ih,ix
th,f
zh,zh
b,q
n,bcl
w,w
dx,dx
iy,iy
ix,ix
ah,aw
iy,r
eh,ih
dcl,tcl
eh,ih
z,s
n,n
r,r
iy,iy
n,m
w,q
tcl,s
m,n
er,axr
s,s
t,t
kcl,kcl
q,q
n,n
aa,aa
dcl,dcl
s,s
s,s
dh,l
w,w
k,p
eh,eh
g,k
ix,ix
tcl,dcl
ao,aa
bcl,dcl
dx,iy
r,r
r,r
gcl,gcl
l,l
g,p
eh,eh
s,s
s,s
aa,ah
d,k
p,p
t,t
ih,ix
s,s
k,k
hh,hh
hh,q
m,n
f,f
z,s
ae,ae
ax,eh
sh,sh
dx,tcl
kcl,kcl
ix,ax
s,s
kcl,tcl
dcl,dcl
gcl,bcl
m,m
iy,iy
s,z
p,p
ih,ih
k,n
ax,ih
ix,ix
pcl,v
gcl,bcl
iy,y
ax,ax
jh,ch
iy,iy
d,d
kcl,kcl
q,dx
l,n
v,v
l,r
sh,sh
g,k
iy,iy
aw,aw
sh,sh
bcl,bcl
th,f
l,l
m,n
ix,ix
r,r
ay,ay
z,z
ah,ix
dx,dx
ae,ae
k,t
kcl,k
v,dh
bcl,dcl
ae,ae
iy,y
zh,kcl
ao,eh
kcl,tcl
z,s
ae,q
ih,ix
kcl,kcl
pcl,tcl
ax,ix
ow,ow
dcl,tcl
ow,aa
tcl,q
th,s
ax,l
s,f
nx,n
sh,sh
uh,ao
gcl,r
n,n
g,p
dcl,dcl
pcl,kcl
ae,ae
ih,ix
uw,ix
iy,iy
q,q
q,q
ao,ao
dcl,n
r,r
eh,eh
iy,ix
f,t
n,n
ah,ih
t,t
m,m
y,ih
ey,ey
bcl,v
tcl,bcl
kcl,dcl
gcl,gcl
q,q
pcl,p
n,n
dx,dx
l,l
dx,dcl
w,w
hv,w
p,p
ax,ax
tcl,en
eh,r
ng,m
pcl,pcl
b,p
l,l
er,r
s,s
en,n
l,n
pcl,pcl
nx,n
axr,r
t,t
g,q
tcl,dcl
q,iy
r,w
w,w
g,k
l,l
sh,sh
ow,ow
kcl,kcl
hh,tcl
y,iy
eh,eh
ih,ih
w,w
pcl,f
ix,eh
dh,dh
ih,ix
ow,ow
sh,f
p,f
axr,axr
q,q
t,k
y,n
er,r
ix,ix
eh,ae
ix,ix
ow,eh
w,hv
ax,ax
eh,eh
iy,iy
axr,r
bcl,bcl
sh,sh
l,r
r,r
kcl,kcl
oy,l
m,ng
l,l
m,n
jh,jh
y,y
y,iy
axr,ih
eh,ih
ix,ix
l,l
s,s
m,m
iy,iy
t,t
eh,ih
ah,ah
z,z
ix,ix
ux,ux
el,el
kcl,pcl
g,p
ih,ix
s,s
dx,ix
t,t
dcl,dcl
ix,ix
gcl,pcl
l,l
ih,ih
w,w
v,v
ao,ao
oy,oy
n,n
iy,ih
ae,ae
iy,iy
bcl,dcl
ng,en
aa,ah
m,m
pcl,pcl
hv,hv
ax,ix
ix,r
w,w
bcl,v
ey,iy
dh,s
sh,sh
p,p
ix,ix
y,y
q,q
m,n
n,n
el,ow
ah,r
jh,jh
ih,ih
ix,ax
ah,ax
ay,ay
l,l
ow,ow
hh,p
f,f
ae,ih
dh,l
ow,l
aa,l
l,ax
iy,iy
er,r
eh,eh
axr,r
q,k
z,gcl
r,q
r,l
ix,ix
ax,l
l,l
tcl,kcl
s,s
s,s
jh,jh
s,s
iy,iy
w,w
l,ow
bcl,bcl
dh,dh
er,r
ey,iy
z,tcl
p,t
m,n
n,ax
ch,ch
y,iy
ah,aa
r,r
gcl,n
l,l
m,r
q,q
bcl,m
eh,ae
ux,ux
ay,ay
tcl,z
ih,ih
ao,ao
ng,l
aw,aw
ih,ih
dcl,dcl
n,n
eh,ow
n,m
ey,ey
ih,l
ix,ix
f,f
pcl,pcl
dcl,gcl
eh,ae
ao,ao
pcl,bcl
ux,ix
l,w
ax,ix
dh,bcl
z,s
dh,v
kcl,kcl
ix,eh
m,n
z,tcl
ae,ae
r,m
dx,nx
s,s
gcl,gcl
dcl,ix
r,r
ae,ae
k,k
th,kcl
l,l
er,axr
n,n
ih,ih
eh,r
iy,ih
ix,ix
z,t
m,en
tcl,tcl
ae,ae
iy,ey
t,t
f,v
z,s
r,r
ix,ih
ix,iy
w,l
n,n
pcl,tcl
s,z
l,w
q,q
ao,ao
tcl,pcl
sh,sh
k,p
tcl,gcl
ae,ae
dx,dh
eh,r
tcl,kcl
dcl,n
f,th
s,s
nx,n
ah,aa
ch,s
l,l
dh,ax
aw,q
iy,iy
k,k
bcl,pcl
uh,ix
ix,ih
r,r
eh,eh
r,r
kcl,k
r,r
w,w
n,n
th,q
iy,n
th,f
ow,ao
dcl,dcl
ao,l
ng,n
dcl,gcl
aw,aw
ae,ih
eh,ae
n,n
r,l
v,v
m,n
p,p
n,n
el,ao
dcl,dcl
ax,ix
iy,ix
r,r
ih,ix
ah,r
p,p
ih,ih
iy,iy
ng,n
ix,ix
ay,ay
iy,ey
pcl,pcl
dcl,dcl
s,s
p,k
bcl,bcl
ax,ax
ih,iy
axr,axr
m,n
ih,ih
r,r
ix,ix
ey,ey
sh,sh
m,m
axr,ih
aa,ao
l,n
ih,ux
w,n
z,s
z,s
gcl,kcl
s,t
dcl,dcl
y,iy
pcl,pcl
ih,er
z,sh
t,t
g,q
p,p
iy,iy
th,t
ax,ax
z,z
uw,uw
ix,ix
jh,y
dh,dh
ux,ix
z,kcl
ow,ao
dx,v
r,r
eh,r
q,q
v,v
eh,eh
ay,ay
n,ix
f,f
iy,iy
ow,ow
ey,ey
f,f
f,f
dx,k
n,n
k,k
tcl,q
sh,sh
axr,ao
dx,v
ax,ih
s,z
z,z
ch,ch
n,n
ih,l
ih,ix
w,w
n,n
g,jh
dcl,dcl
gcl,dx
l,l
z,s
s,s
m,n
l,l
ae,ae
nx,n
nx,n
s,s
n,n
iy,ix
bcl,m
ch,jh
iy,iy
sh,sh
z,s
er,axr
ae,ae
eh,eh
t,t
th,s
p,k
s,sh
ix,ix
aw,aw
m,tcl
iy,iy
uh,l
m,m
p,p
en,n
kcl,pcl
dx,dcl
kcl,tcl
n,n
z,s
m,n
ao,ao
q,kcl
ix,ix
eh,ix
m,n
r,r
k,d
tcl,kcl
pcl,tcl
s,s
n,ix
l,m
bcl,n
m,n
ey,ey
z,z
q,kcl
w,w
iy,iy
n,n
aa,ao
sh,sh
n,n
aa,aa
tcl,tcl
ng,n
axr,ux
m,m
ae,ae
hv,ih
r,r
eh,r
t,t
ih,eh
iy,iy
sh,sh
sh,sh
n,gcl
n,n
q,q
kcl,gcl
tcl,gcl
ih,ix
dcl,tcl
eh,aa
kcl,ix
kcl,kcl
s,s
s,s
hv,ix
iy,iy
aa,aa
ax,ax
p,p
axr,axr
q,q
ow,l
n,n
tcl,kcl
ix,ix
tcl,tcl
n,n
axr,axr
ax,ix
m,n
k,k
axr,r
ix,ax
r,ix
eh,aa
axr,ix
kcl,kcl
er,axr
dcl,n
tcl,gcl
iy,ih
kcl,tcl
r,r
l,l
w,l
s,s
kcl,k
dcl,bcl
s,s
dcl,m
er,ih
ix,ix
g,k
iy,iy
tcl,v
iy,ix
ae,ae
w,w
iy,iy
ah,ow
ih,ix
kcl,kcl
jh,jh
k,k
ih,ix
axr,r
ih,iy
el,ow
ch,jh
ah,ay
tcl,kcl
sh,sh
s,s
y,iy
s,s
l,l
n,n
ih,ih
d,f
pcl,pcl
w,w
axr,r
l,l
ae,ae
uh,aa
r,l
y,y
n,n
m,n
th,s
hh,hh
ih,ix
r,r
f,f
t,t
iy,iy
iy,ix
ao,ao
v,v
ey,ih
q,kcl
r,ax
ix,eh
uw,el
ay,aa
tcl,dcl
hv,hv
nx,n
ux,r
jh,jh
tcl,kcl
nx,n
ax,ix
iy,iy
iy,iy
ix,ix
ae,ae
l,l
n,n
gcl,dcl
m,n
iy,iy
axr,ix
tcl,dcl
axr,ao
z,z
ch,ch
pcl,pcl
pcl,bcl
n,m
ah,ao
kcl,kcl
kcl,k
ah,ah
s,s
t,s
axr,er
ix,n
aa,ao
f,f
sh,s
y,jh
en,m
l,l
q,q
pcl,tcl
en,m
p,k
r,r
kcl,tcl
eh,eh
s,s
z,z
r,v
ax,eh
n,gcl
em,n
tcl,gcl
t,jh
gcl,bcl
aa,aa
pcl,kcl
iy,iy
l,l
s,s
ae,ae
ix,ih
th,tcl
f,f
n,n
l,l
l,l
ix,ix
dcl,dcl
ix,ix
axr,r
ax,l
v,k
ix,ix
dcl,l
axr,ax
aw,ao
axr,ix
r,r
ao,m
n,v
k,dh
ax,l
axr,axr
iy,ey
ae,ae
pcl,dcl
nx,n
s,s
w,w
tcl,tcl
s,s
aw,aw
ih,eh
ih,iy
ey,ay
ao,ao
l,l
r,r
ih,ey
ae,aw
iy,iy
iy,iy
tcl,tcl
tcl,tcl
iy,iy
s,s
el,el
s,z
iy,iy
ih,ix
ae,ae
s,z
ix,ix
y,iy
r,r
z,z
z,s
z,z
ih,ih
kcl,kcl
nx,n
q,q
dcl,bcl
ow,ow
iy,iy
ao,ao
eh,ae
gcl,tcl
ah,l
ey,ey
ix,l
tcl,tcl
r,ao
ax,ax
p,kcl
axr,ux
er,axr
s,s
ah,ow
v,v
eh,ae
aa,aa
ax,ix
eh,ae
k,k
ow,ow
gcl,gcl
ix,ix
z,n
r,r
p,p
w,p
dcl,tcl
t,t
pcl,kcl
tcl,kcl
iy,iy
n,n
dcl,dcl
y,ix
w,w
iy,ix
ao,ao
axr,ix
ih,ax
hv,hv
kcl,kcl
s,sh
aa,ao
k,k
ng,n
n,n
r,r
iy,iy
m,m
q,ax
ay,ay
dh,dh
q,q
dcl,tcl
f,s
ey,ey
eh,eh
n,r
ih,ih
iy,ih
t,k
dh,d
ao,ow
m,n
oy,oy
eh,eh
w,y
g,k
pcl,tcl
dh,v
n,w
dx,ix
tcl,kcl
gcl,pcl
dcl,dcl
kcl,pcl
ax,l
r,r
f,f
sh,sh
n,n
m,n
ix,r
tcl,tcl
ow,ax
ih,ix
ey,ey
tcl,tcl
bcl,bcl
bcl,bcl
t,t
jh,ch
z,z
axr,q
axr,kcl
ah,ix
s,s
k,k
n,n
ae,ae
aa,aa
f,f
hh,hh
iy,ix
ix,ix
er,axr
l,w
t,t
ux,ux
w,w
k,kcl
ax,ax
r,r
ah,ae
s,s
w,bcl
m,m
t,t
kcl,kcl
sh,sh
aa,aa
eh,ae
r,l
f,v
ax,r
ix,iy
k,k
r,dh
ux,ih
s,s
v,dcl
q,ax
er,r
ax,ix
iy,ih
r,l
ih,axr
kcl,tcl
dh,dh
ey,ey
iy,iy
r,r
ow,ow
eh,ih
ae,eh
w,l
ae,ae
iy,y
hh,hh
l,l
kcl,jh
n,n
q,q
y,hv
y,y
m,n
dh,l
tcl,pcl
iy,iy
ah,el
kcl,kcl
n,n
jh,jh
n,n
ix,ix
k,k
ao,ao
iy,iy
tcl,tcl
m,n
tcl,tcl
ey,ey
tcl,tcl
aa,aa
ah,ah
s,s
ix,iy
dcl,dcl
eh,eh
er,axr
n,n
ae,ae
dh,dcl
axr,axr
axr,axr
q,q
ao,ao
eh,ae
ah,ah
hh,hh
aa,ao
pcl,pcl
v,v
aa,aa
axr,axr
z,z
ao,ao
iy,iy
iy,iy
pcl,kcl
tcl,tcl
dcl,dcl
dcl,dcl
tcl,tcl
aa,aa
s,s
ih,ux
ih,ih
el,ow
tcl,k
pcl,tcl
f,t
ux,iy
r,r
y,iy
ih,iy
n,n
aa,aa
ix,ix
gcl,n
s,s
d,dh
f,f
l,l
uw,l
dh,f
tcl,tcl
s,s
ae,ae
ah,ax
dcl,dcl
oy,oy
kcl,k
ow,ow
ix,ix
r,r
ow,ow
t,k
ix,ix
m,n
n,en
hh,hh
ey,ey
uw,uw
ch,ch
iy,ey
g,k
dh,dh
aa,l
l,ax
er,axr
ow,ao
kcl,tcl
ao,ao
n,ix
s,s
s,s
l,l
l,ax
ao,ao
w,l
tcl,kcl
q,q
ae,ae
s,s
tcl,kcl
dcl,tcl
s,s
s,s
iy,iy
ih,ih
q,q
n,dcl
ix,ix
p,tcl
gcl,gcl
kcl,kcl
n,n
k,p
ey,iy
gcl,gcl
s,t
pcl,pcl
ah,r
hv,hv
ih,ih
en,n
g,g
l,l
ay,ay
pcl,kcl
er,axr
ch,sh
iy,iy
q,ix
l,l
ix,ih
l,l
iy,iy
m,m
aa,aa
ux,ux
l,n
pcl,dcl
nx,dx
aa,ao
iy,iy
ux,ux
el,ow
pcl,pcl
v,n
kcl,tcl
kcl,kcl
ao,ao
s,s
ax,ix
w,w
z,s
ax,l
w,ao
m,n
ih,ih
ch,s
iy,iy
z,jh
s,s
bcl,tcl
l,el
s,s
n,n
th,th
aw,ae
er,r
iy,iy
v,n
l,ow
r,l
jh,sh
iy,iy
dh,tcl
ux,iy
n,n
aa,aa
pcl,kcl
ix,ix
ih,ih
axr,axr
ey,ey
n,n
ix,ix
ae,ae
iy,hv
ao,ao
p,p
r,r
r,ix
gcl,bcl
iy,ix
ae,ae
ix,ax
jh,t
k,k
pcl,pcl
q,q
axr,r
ih,ih
s,s
uw,uw
tcl,v
oy,ay
t,t
r,axr
kcl,kcl
gcl,n
n,n
ih,iy
ae,ae
v,n
f,f
ih,iy
l,w
ih,ix
ih,ih
jh,hv
dcl,dcl
ey,ey
ih,ih
v,dh
m,v
z,s
axr,axr
kcl,tcl
eh,ae
ng,n
hv,iy
gcl,n
s,s
eh,ow
iy,iy
eh,ih
ih,ih
ao,ao
pcl,kcl
ao,ao
n,n
f,f
dcl,dcl
f,f
sh,ch
pcl,pcl
sh,sh
ix,eh
s,s
axr,axr
l,ao
er,axr
ow,ow
n,n
axr,axr
ix,ix
ix,ix
ix,ux
y,iy
v,dcl
ix,ix
kcl,tcl
z,z
gcl,dcl
gcl,n
n,n
ax,r
ax,ix
hh,hh
ax,ix
r,r
tcl,dcl
iy,iy
iy,iy
l,l
q,k
t,dh
z,f
eh,ay
hv,k
r,r
l,l
ax,ix
n,n
dh,dcl
eh,ix
er,axr
dcl,dcl
kcl,kcl
ih,iy
g,dh
dcl,kcl
l,r
gcl,kcl
r,r
ax,ix
th,k
w,w
r,r
s,s
ae,ae
hv,hv
r,r
ix,ix
aw,ae
ae,ae
f,f
l,l
ey,ey
sh,s
kcl,kcl
q,q
k,k
ax,eh
n,n
oy,oy
m,n
pcl,tcl
ix,ix
d,d
kcl,tcl
ix,ih
ng,n
v,kcl
kcl,dcl
w,w
ow,l
axr,r
tcl,z
m,n
q,q
ae,ae
m,n
f,f
w,w
dh,n
ah,ow
dcl,gcl
r,r
ax,q
ux,n
sh,sh
oy,ao
ae,ae
axr,ae
v,v
axr,axr
aa,r
n,n
tcl,kcl
r,l
ay,ay
q,k
dx,ix
er,axr
l,l
eh,eh
q,q
y,r
ae,ae
dh,z
axr,axr
tcl,tcl
dcl,dcl
ay,r
w,el
ix,ix
axr,axr
r,r
ih,ih
t,l
ux,q
kcl,tcl
ih,ih
ae,ae
z,s
iy,iy
axr,ax
n,n
g,nx
aa,aa
ao,aa
kcl,hh
z,s
uh,ax
ao,ao
ih,ix
gcl,gcl
ih,eh
ix,ix
jh,jh
aw,aw
dh,ix
l,l
v,v
eh,ix
ix,ih
gcl,gcl
tcl,tcl
axr,oy
ao,ow
s,s
n,n
ih,iy
ae,eh
s,s
aa,aa
r,r
w,w
ae,ae
n,gcl
axr,q
ih,ix
t,k
tcl,th
ae,n
l,l
uw,uw
l,l
dx,dcl
w,q
ey,ey
tcl,kcl
ix,ix
p,k
kcl,kcl
z,z
ux,ux
tcl,z
ix,iy
ix,ix
pcl,tcl
ih,iy
k,k
sh,sh
w,q
ow,r
kcl,k
ng,n
bcl,kcl
tcl,dx
r,r
m,ng
ao,ao
th,d
v,v
ao,ao
t,t
ay,ay
s,s
f,f
ax,ax
uw,m
v,v
bcl,bcl
k,k
v,tcl
en,n
nx,r
n,n
s,s
oy,ih
ih,ih
s,s
f,f
kcl,pcl
r,r
n,n
ax,ix
m,n
r,ax
v,tcl
ow,ow
bcl,v
r,r
iy,iy
t,t
iy,iy
t,p
q,q
l,l
axr,axr
axr,axr
s,s
m,n
l,l
iy,iy
t,t
iy,y
ix,ix
s,s
ix,ix
f,f
y,iy
axr,iy
dcl,dcl
n,nx
iy,iy
ih,eh
eh,r
kcl,p
aa,aa
ix,ix
m,m
s,s
p,hh
pcl,pcl
n,m
oy,ay
w,w
ix,axr
axr,r
r,v
dcl,pcl
ae,ae
s,s
kcl,kcl
ae,ae
s,s
ng,m
dcl,gcl
n,n
tcl,dcl
ow,ow
z,z
ax,ax
eh,eh
n,n
eh,eh
ih,ey
kcl,tcl
ae,ae
eh,eh
l,l
er,r
tcl,tcl
ah,ax
eh,ix
t,t
axr,axr
er,r
eh,eh
ih,ix
bcl,n
kcl,tcl
r,r
dh,t
ng,n
el,ao
tcl,dcl
dcl,m
hv,y
v,v
q,ix
ao,aa
w,ng
ax,tcl
s,s
l,l
ux,ux
eh,eh
tcl,tcl
dcl,n
uw,uw
ax,uw
dcl,dcl
q,q
ey,eh
f,f
f,f
m,n
kcl,kcl
ay,ay
s,s
kcl,kcl
s,s
w,w
iy,iy
er,eh
ng,n
r,ix
iy,ih
ix,ix
s,s
ax,l
ey,ae
ix,ix
tcl,kcl
ux,iy
r,r
jh,jh
eh,eh
p,k
n,n
d,t
l,q
r,w
aa,ah
m,m
ax,ax
v,v
ae,ih
pcl,pcl
dcl,dcl
dcl,p
k,k
z,z
s,s
z,s
iy,iy
en,n
ae,ae
aa,r
l,l
l,l
kcl,kcl
ao,el
ey,ey
tcl,s
r,r
aw,aw
r,r
ay,ay
iy,iy
r,r
aa,r
ey,ey
en,ix
kcl,tcl
s,s
ih,ih
ae,ay
n,n
l,l
ae,ae
iy,iy
pcl,f
kcl,pcl
p,p
tcl,tcl
eh,eh
dx,ix
iy,iy
uh,ah
r,ax
ey,iy
aa,aa
q,tcl
ix,ix
gcl,dcl
m,n
r,r
ix,ih
s,s
hh,p
t,p
ae,ae
t,d
k,k
d,d
ah,ax
eh,ey
pcl,tcl
axr,r
ey,ey
f,f
tcl,q
v,ax
n,n
r,r
tcl,tcl
y,iy
t,t
ih,ih
dx,ix
kcl,kcl
axr,axr
l,n
ih,r
kcl,kcl
aa,aa
tcl,kcl
eh,q
r,r
n,n
bcl,pcl
ax,ax
aa,aa
k,k
z,s
kcl,pcl
ao,ao
n,n
pcl,kcl
s,s
r,r
ux,n
k,k
ix,ix
l,ih
tcl,tcl
v,v
y,y
ay,ay
q,q
n,m
s,s
ah,ah
aw,aa
t,p
bcl,bcl
eh,ix
eh,eh
p,p
t,f
eh,ay
ng,n
ao,ae
ae,ae
ih,eh
r,r
kcl,gcl
aa,aa
ao,ao
ih,r
t,t
n,n
ih,ae
th,pcl
s,s
ah,aa
s,s
z,z
k,k
eh,ix
ix,l
n,n
r,r
m,n
pcl,tcl
r,r
ae,ae
pcl,kcl
ax,ah
k,k
s,s
t,t
er,axr
kcl,kcl
ax,l
z,tcl
ow,l
m,m
m,m
iy,iy
tcl,tcl
q,ax
ao,aa
z,z
k,t
tcl,kcl
ng,w
g,tcl
ay,ay
n,n
iy,iy
iy,ix
l,l
t,t
dcl,dcl
iy,iy
eh,ae
q,ax
ow,ow
t,t
dx,iy
kcl,kcl
tcl,tcl
s,s
y,y
hv,hv
hv,hv
iy,iy
ux,ux
r,r
n,dcl
ay,ay
dcl,n
ae,ey
z,z
w,l
ux,ux
ow,ow
ix,ix
m,w
kcl,kcl
s,s
er,er
eh,r
ix,n
r,r
ao,ow
sh,jh
z,z
iy,iy
w,r
sh,s
jh,ch
dcl,v
ey,ey
l,l
ah,ow
eh,eh
y,ih
sh,s
k,d
z,s
ng,n
ao,ao
y,y
ng,ng
ey,ey
kcl,v
s,s
s,s
ae,ae
axr,axr
iy,iy
n,ax
ey,ey
ng,n
ey,ey
er,r
q,jh
ix,ix
aa,aa
axr,axr
tcl,tcl
r,r
s,t
t,kcl
w,w
tcl,tcl
iy,iy
ch,t
l,l
gcl,gcl
p,p
ey,ey
aa,ao
ix,ax
z,f
er,axr
kcl,p
iy,ey
n,n
ih,ih
iy,iy
ao,ao
ah,ix
f,f
t,t
m,m
eh,ix
kcl,kcl
axr,r
l,l
ux,uw
z,z
d,d
er,er
dcl,n
bcl,dcl
n,n
iy,iy
kcl,kcl
ux,ux
dcl,dcl
ux,ux
kcl,kcl
b,k
ay,ay
w,l
ix,ix
eh,ix
axr,r
k,k
dcl,tcl
ae,ae
ae,ae
iy,iy
n,n
k,k
pcl,tcl
q,l
eh,eh
dh,n
m,r
iy,iy
iy,ey
bcl,tcl
iy,iy
ix,iy
m,m
dx,dx
ng,ng
pcl,kcl
z,z
s,s
axr,ix
ix,ix
ax,ax
eh,eh
dcl,dcl
ae,ae
ae,ae
sh,sh
r,r
sh,sh
p,k
iy,iy
ih,ih
ah,ao
ax-h,dcl
l,el
ix,n
w,ax
s,s
d,d
ae,ae
z,z
ae,ae
eh,eh
oy,oy
tcl,n
dh,p
m,n
ah,ae
n,n
ng,n
pcl,pcl
ix,ix
ao,ao
iy,ix
ix,ix
dx,dx
el,el
iy,iy
aa,aw
ux,ix
t,t
ux,z
q,r
ao,ao
ix,ix
m,m
q,r
f,f
n,n
pcl,kcl
oy,oy
ow,uw
pcl,pcl
gcl,gcl
ax,ax
l,l
ah,ao
er,er
l,l
gcl,bcl
dx,gcl
pcl,pcl
sh,sh
v,z
tcl,tcl
r,r
axr,q
ao,ao
k,k
l,l
ix,ix
r,r
ih,iy
ih,ih
r,r
ix,ix
ih,ih
tcl,tcl
ax,r
v,v
kcl,ch
iy,iy
m,n
r,r
q,q
z,z
l,l
axr,r
iy,iy
iy,iy
v,pcl
ow,ow
m,m
ax,bcl
q,tcl
s,s
dcl,n
v,v
s,s
r,r
g,t
s,s
ao,ao
r,r
axr,kcl
ax,r
r,axr
kcl,kcl
iy,iy
tcl,n
ax,ix
n,n
aa,aa
sh,sh
r,n
ey,ey
tcl,dx
m,m
dh,n
iy,ix
dh,dh
kcl,kcl
axr,ey
f,f
y,dx
ey,ey
r,r
eh,ae
t,t
ax,ax
b,l
r,r
q,q
k,d
eh,axr
bcl,pcl
el,q
z,s
ux,ux
s,s
n,tcl
dcl,n
s,s
r,r
k,k
bcl,dcl
er,er
axr,axr
hh,p
l,l
eh,ao
z,s
ix,n
kcl,kcl
m,n
ix,ix
ao,ao
m,n
s,s
s,z
ix,ih
sh,sh
ah,ax
ao,ao
aw,aw
v,t
ih,ae
ae,eh
l,l
t,t
r,ao
v,v
ax,eh
ix,eh
w,w
r,r
pcl,pcl
r,r
hh,hh
sh,ch
r,r
ix,ix
v,v
n,nx
er,er
iy,ix
dcl,dcl
aw,ae
iy,ux
hh,hh
eh,ih
eh,ey
ow,l
axr,ix
ih,eh
ah,ah
ax,eh
r,r
z,z
g,k
hv,hv
axr,axr
ih,ix
k,k
r,r
ax,ax
ah,r
m,m
dcl,tcl
q,q
ey,ey
n,n
ix,ix
ux,n
t,k
ix,ax
aa,aw
ao,ow
dx,iy
kcl,kcl
dx,q
ix,r
ih,ey
ix,ix
ow,ow
er,er
kcl,gcl
t,t
ax,ax
k,tcl
eh,ix
ao,ao
tcl,tcl
ng,m
ow,ow
eh,eh
pcl,pcl
ux,n
y,y
s,z
l,l
uh,ux
ow,ow
n,n
y,ix
er,er
ix,iy
ih,ih
z,s
aa,aa
er,r
ih,ih
iy,iy
f,f
z,z
oy,oy
ax,ax
n,n
ah,n
bcl,n
m,bcl
iy,iy
sh,sh
ae,ae
gcl,dcl
ah,ah
dx,dcl
hh,hh
ih,ih
ng,uw
n,th
ay,ay
l,ax
z,sh
axr,axr
n,m
ae,ae
ae,ay
n,n
iy,iy
oy,oy
d,d
ix,ih
kcl,k
s,s
m,m
kcl,kcl
ae,eh
y,iy
dcl,dcl
t,t
sh,sh
ae,ae
l,l
n,n
ih,ix
s,s
hv,hv
ey,ih
ih,ih
k,k
ao,ao
l,l
iy,iy
kcl,kcl
ux,iy
ao,ao
p,p
ah,ah
dh,dh
ey,ey
el,el
ae,ae
tcl,tcl
ah,ae
t,t
eh,ae
w,hv
ax-h,t
y,y
ih,iy
jh,z
ao,aa
iy,iy
tcl,tcl
aa,aa
tcl,kcl
eh,r
pcl,pcl
t,t
ih,ih
tcl,bcl
m,n
t,tcl
hh,n
t,t
r,r
ay,ay
hv,hv
dx,dx
n,n
tcl,kcl
z,s
axr,axr
m,m
k,kcl
ow,ow
en,n
l,l
ux,ix
aa,l
ao,r
k,d
q,q
aw,ae
dcl,dcl
ng,ng
ch,ch
sh,sh
ow,ao
eh,ah
ah,ax
n,n
s,s
axr,l
ax,ax
kcl,kcl
s,s
ix,dcl
k,k
iy,iy
kcl,hh
axr,axr
kcl,dcl
ey,ae
ey,ey
tcl,dcl
z,z
tcl,pcl
aa,aa
m,m
k,k
dh,dh
z,f
aa,aa
dx,dx
dh,dh
iy,iy
g,d
ix,ix
ao,ix
s,s
q,q
kcl,kcl
s,s
l,l
tcl,tcl
iy,ey
w,ix
g,d
ih,ax
ix,ix
aa,ao
ao,ao
ao,l
y,y
tcl,tcl
iy,iy
m,m
tcl,tcl
l,l
tcl,tcl
kcl,jh
f,p
w,w
dcl,gcl
r,r
n,m
r,r
ax,ix
iy,iy
ix,ix
ae,ae
k,k
em,m
dcl,t
kcl,z
ax,l
aa,aa
ih,ix
q,tcl
d,q
p,dh
tcl,tcl
ah,aa
tcl,tcl
tcl,tcl
q,q
aa,ah
ae,ae
eh,eh
q,q
axr,r
dx,jh
w,w
dcl,pcl
k,k
axr,axr
eh,ih
kcl,kcl
bcl,bcl
sh,sh
n,dh
dcl,n
pcl,kcl
z,z
tcl,tcl
w,dh
ix,ix
ao,ao
eh,eh
ae,ae
ao,w
hh,w
eh,eh
eh,ih
dcl,gcl
q,q
kcl,gcl
el,el
n,n
k,kcl
tcl,p
bcl,dcl
p,p
ix,ix
kcl,dh
kcl,pcl
l,l
ch,ch
ix,ix
jh,sh
eh,eh
ae,ae
ae,q
g,k
l,l
r,ah
ow,ow
uh,ax
iy,iy
hh,tcl
z,z
iy,iy
m,n
p,p
ch,jh
l,l
w,w
iy,l
n,n
kcl,kcl
r,r
ih,ih
pcl,n
l,l
ao,ao
ih,iy
w,l
tcl,pcl
kcl,kcl
er,r
dcl,tcl
iy,iy
er,axr
gcl,kcl
f,f
m,n
t,t
ax,axr
ow,ao
axr,r
ix,y
k,k
iy,iy
t,p
iy,iy
ae,ae
n,n
ih,ih
z,s
s,s
aa,ao
r,r
kcl,pcl
aa,aa
m,n
iy,iy
y,y
t,d
ey,iy
r,ix
ah,eh
ey,ay
aa,aa
dh,dh
kcl,kcl
n,n
n,m
y,y
iy,ey
ae,ae
iy,iy
z,s
r,r
er,er
w,w
kcl,tcl
ix,ix
tcl,bcl
iy,iy
iy,iy
tcl,tcl
p,p
f,f
r,r
ao,l
f,f
ih,ih
aa,aa
axr,axr
ax,ix
n,n
ae,ae
s,s
z,z
kcl,f
dx,kcl
n,n
ix,ix
s,s
dx,dx
ih,ix
r,r
ix,ih
ah,ae
t,t
d,s
q,q
axr,ih
tcl,kcl
ax,ax
el,l
ix,ix
w,w
axr,axr
t,k
er,r
hv,hv
bcl,v
uw,ix
zh,sh
n,n
ao,ao
ao,ax
oy,oy
ix,ix
ng,n
ey,ey
gcl,kcl
r,r
ae,ae
ah,ao
eh,ix
t,t
k,d
k,k
ay,ao
k,k
ey,iy
er,r
aa,ay
kcl,tcl
kcl,kcl
ax-h,hh
r,r
v,v
pcl,pcl
kcl,kcl
ix,ix
nx,q
z,z
tcl,kcl
iy,iy
ey,q
ix,ix
r,r
ix,iy
eh,ih
f,p
l,tcl
l,l
en,n
p,f
p,p
ix,n
t,t
ao,ao
eh,r
kcl,kcl
ax,ax
f,f
ow,ow
axr,n
f,f
ih,iy
w,w
ih,ix
s,s
er,ix
s,s
p,p
axr,axr
f,f
ng,gcl
ae,ae
ux,iy
tcl,tcl
s,s
w,l
tcl,tcl
ix,n
y,q
t,t
dh,dh
ix,ih
tcl,kcl
kcl,kcl
ih,ix
w,v
q,q
p,hh
aa,aa
l,l
n,n
ao,ao
iy,iy
l,ax
z,sh
eh,aw
q,l
dh,d
uw,ix
ey,ay
m,v
ow,l
r,r
k,k
ay,aa
m,m
m,dh
r,r
v,v
ae,ae
t,t
ih,ix
ch,ch
tcl,kcl
dcl,n
sh,s
l,l
s,s
iy,iy
ax,l
t,jh
z,s
ow,ow
ih,ih
hh,hh
dh,k
w,l
ay,ay
l,l
f,f
ao,ao
ae,ae
dh,k
z,s
tcl,tcl
ao,ao
bcl,dcl
ix,ix
bcl,n
d,d
nx,l
ay,aa
q,q
aa,aa
kcl,tcl
k,k
kcl,kcl
r,r
ey,ey
l,l
iy,iy
l,l
ih,ih
r,r
ix,ix
y,y
w,w
ao,r
iy,iy
ix,ix
p,p
kcl,tcl
aa,r
ey,ey
em,n
w,w
m,n
z,z
s,s
ix,ih
kcl,p
axr,axr
ux,ow
eh,ae
m,w
ih,ih
en,n
aa,aa
ao,ao
m,n
eh,ih
aa,aw
hv,hv
l,l
dx,dx
l,ax
r,r
ih,ix
l,l
kcl,kcl
s,s
m,n
ae,ae
ao,ao
v,v
ay,ay
ax,l
dx,d
gcl,gcl
ix,ix
ax,ix
iy,iy
iy,iy
kcl,kcl
r,r
s,s
s,s
eh,ae
s,s
tcl,kcl
kcl,tcl
z,z
tcl,dcl
s,s
kcl,g
s,z
tcl,tcl
ux,iy
ah,ah
ey,ey
m,r
aa,aa
ix,iy
r,r
l,l
ih,ix
ix,ih
r,axr
dx,l
hh,p
l,l
w,l
axr,axr
ao,ao
axr,r
aa,ao
iy,iy
ix,ix
ay,ay
aa,aa
dx,dcl
s,s
n,dx
dh,k
l,l
iy,ey
tcl,tcl
ih,ih
pcl,tcl
kcl,kcl
b,p
kcl,kcl
ix,ay
eh,eh
dcl,y
dcl,dcl
pcl,pcl
w,w
r,axr
t,t
f,f
q,ix
ix,ix
tcl,kcl
ah,ah
iy,ey
k,k
q,tcl
eh,eh
ax,ax
k,k
iy,iy
v,v
er,r
aa,aa
w,ao
t,t
n,n
r,r
zh,z
q,q
r,r
t,t
dcl,dcl
pcl,pcl
tcl,bcl
s,s
l,l
ow,el
tcl,tcl
ih,ih
p,k
er,eh
f,f
s,s
ao,ao
aa,ao
eh,r
pcl,pcl
l,l
q,q
ax,ix
ax,ax
q,ix
y,y
b,g
axr,axr
ih,ih
ay,ay
sh,sh
sh,s
l,r
eh,ih
ey,iy
f,p
ao,ao
n,n
ax,l
n,n
sh,sh
dcl,dcl
p,d
ao,ao
z,s
f,f
ix,ax
oy,oy
y,iy
r,axr
ix,ix
dh,dh
ao,ao
dx,n
m,n
ux,ux
v,l
axr,axr
r,r
ao,l
m,m
m,l
bcl,m
dcl,dcl
kcl,kcl
w,l
tcl,tcl
z,s
dcl,dcl
n,l
m,n
ih,eh
y,y
ax,ax
eh,eh
d,d
ix,ax
er,r
ih,ih
n,n
ix,ix
l,l
iy,iy
ah,ay
s,s
s,s
gcl,bcl
k,k
pcl,k
ah,aa
axr,r
ih,ih
q,q
g,q
g,kcl
hv,ix
kcl,kcl
k,k
bcl,tcl
n,n
ao,ao
f,f
iy,iy
ix,ix
ix,ux
w,w
f,f
n,n
ix,ih
hv,ix
kcl,f
ax,ix
t,t
oy,oy
ix,ih
iy,ey
n,n
hh,hh
tcl,z
s,s
q,q
ax,ax
kcl,pcl
p,k
ix,ix
ow,el
kcl,kcl
v,v
t,t
ey,ey
m,gcl
uw,ih
n,n
ax,eh
q,q
iy,iy
uh,uh
ao,ao
ih,q
tcl,tcl
ix,ix
ix,ix
tcl,q
n,n
sh,sh
ae,ae
jh,jh
s,s
g,y
ix,ix
pcl,tcl
g,g
dcl,kcl
n,m
ax,l
l,l
ey,ey
iy,iy
th,t
f,f
ix,dx
kcl,kcl
z,z
ow,l
sh,ch
dcl,tcl
pcl,pcl
ax,l
ao,ao
tcl,tcl
n,gcl
iy,ih
l,l
ax,l
s,s
ao,ao
tcl,tcl
ih,ih
dcl,dcl
aa,aa
dcl,kcl
m,gcl
n,n
hh,k
kcl,th
tcl,tcl
z,s
k,k
iy,ix
q,q
ao,ao
pcl,pcl
z,sh
n,n
r,ao
kcl,tcl
ax,ax
axr,axr
ae,ae
g,dh
ix,ix
axr,r
p,p
ao,ao
aa,aa
axr,ih
z,z
bcl,tcl
hh,v
v,r
v,v
dcl,dcl
ay,ay
el,ao
gcl,dx
axr,ix
ax,n
hh,hh
v,n
kcl,kcl
tcl,kcl
z,z
s,s
ix,ix
bcl,bcl
ix,q
iy,y
k,kcl
f,v
ay,ay
jh,jh
hv,ix
aa,r
tcl,q
iy,iy
t,k
k,k
ax,ah
ay,ay
s,s
ng,n
ih,ih
t,t
ax,ax
s,s
tcl,tcl
kcl,tcl
sh,s
n,n
q,q
s,s
r,l
bcl,bcl
ey,ey
dh,dh
k,k
en,n
en,en
ix,axr
r,r
ix,l
ix,ix
w,w
v,v
ey,ey
ix,ih
r,r
hv,hv
ao,ao
iy,n
ae,ae
s,s
dcl,dcl
dx,k
w,w
kcl,tcl
dcl,dh
ay,ax
ao,l
n,n
z,z
s,s
m,n
ae,ae
q,eh
eh,ix
hv,hv
hv,q
ow,ao
ey,ey
p,q
s,s
ax,ax
tcl,bcl
bcl,dcl
d,d
ao,ao
p,gcl
ux,r
n,n
s,s
y,y
nx,n
iy,iy
n,n
s,s
s,t
tcl,bcl
iy,ih
s,s
r,r
el,l
iy,iy
ow,ow
l,l
jh,jh
ix,ix
axr,q
ao,ao
s,z
f,f
tcl,tcl
ax,ax
uw,iy
axr,n
m,n
p,k
iy,iy
ix,ix
q,q
iy,eh
kcl,tcl
b,q
ae,ih
ax,ax
ey,ey
dx,dx
kcl,tcl
z,z
tcl,pcl
r,w
ch,ch
kcl,tcl
ao,ow
s,s
s,s
s,s
er,axr
ay,ay
hh,dh
dx,jh
s,s
l,l
r,r
hh,hh
l,l
n,n
r,r
ah,l
ih,ix
n,n
s,z
k,q
ay,aa
ah,ax
w,w
g,q
ah,ah
z,z
ax,ix
ay,ay
ae,ae
iy,iy
ax,ay
pcl,kcl
ah,ow
r,r
en,ih
n,n
bcl,bcl
s,s
y,y
ah,ao
bcl,dcl
z,s
w,w
aa,aa
sh,s
uw,uw
ih,ix
t,f
ix,ih
el,l
ah,aa
s,s
t,t
ae,ae
dcl,hv
r,r
aa,aa
axr,ix
k,k
ax,ix
hv,r
n,n
s,s
ah,ix
tcl,kcl
k,s
tcl,kcl
n,n
s,z
q,ax
ey,ey
p,p
n,n
dh,v
tcl,tcl
iy,iy
l,l
aa,aa
th,z
dcl,dcl
d,t
hv,hv
z,s
aa,ao
ch,ch
ey,ey
ax,l
n,n
l,l
kcl,tcl
tcl,tcl
ao,ao
pcl,pcl
v,v
ey,iy
gcl,gcl
ah,r
m,n
iy,iy
ix,ix
l,l
iy,iy
l,ih
ng,w
aw,aw
iy,iy
t,gcl
s,s
w,l
ax,ax
q,tcl
kcl,pcl
kcl,kcl
eh,ih
q,q
ey,ih
ey,ey
ah,eh
f,f
axr,n
n,ix
ix,ih
bcl,p
en,n
s,s
r,r
r,r
pcl,tcl
ao,ao
ow,ao
ux,ix
ix,ix
r,n
iy,iy
dh,dh
tcl,tcl
s,s
aa,aa
hh,hh
m,n
ix,l
ax,ih
bcl,m
v,v
s,s
ae,ae
w,w
ay,ay
iy,iy
s,s
ao,l
m,n
t,kcl
ax,ax
n,n
eh,ae
ng,n
w,l
v,v
w,w
n,n
ae,ae
aa,aa
z,z
dcl,k
ih,ih
n,n
iy,iy
nx,n
pcl,kcl
d,dx
d,zh
ao,l
axr,axr
dh,p
t,t
iy,iy
sh,sh
s,s
ah,eh
r,r
dcl,pcl
aa,aa
f,th
kcl,tcl
ix,ix
ix,ae
sh,ch
uw,axr
nx,n
dx,dcl
aw,aa
ix,ix
n,n
en,n
m,m
ix,iy
axr,eh
ay,ay
tcl,pcl
r,r
iy,iy
bcl,bcl
bcl,bcl
ao,el
kcl,tcl
axr,r
iy,iy
ey,iy
t,t
tcl,jh
g,g
ow,el
ey,ey
w,w
dx,dcl
ch,s
f,k
dx,tcl
axr,r
tcl,tcl
ix,ix
eh,ih
ah,ow
tcl,w
dx,dx
v,v
ax-h,n
l,el
hh,hh
s,s
ae,ae
f,f
sh,sh
ch,jh
s,s
iy,ix
q,q
dh,q
y,iy
ah,ah
eh,ih
l,l
eh,ih
v,v
axr,axr
g,k
ix,l
d,t
el,l
ow,ao
ix,n
q,k
p,p
s,s
ae,ae
ax,ix
s,t
bcl,bcl
n,m
tcl,tcl
en,n
f,f
sh,sh
tcl,tcl
n,n
l,l
ix,ix
bcl,dcl
z,z
ae,ae
bcl,kcl
b,p
bcl,kcl
n,w
dcl,bcl
m,m
s,s
ih,ix
s,s
kcl,kcl
r,r
tcl,tcl
ih,ix
k,k
z,s
ux,ux
b,d
eh,ao
tcl,tcl
hv,hv
ay,l
s,s
ow,ow
l,l
ix,ix
ix,ix
nx,n
ih,ih
ix,ix
gcl,tcl
ih,ih
eh,eh
k,kcl
f,f
tcl,tcl
s,s
s,s
iy,v
eh,ae
l,l
l,ah
n,n
kcl,kcl
t,k
q,iy
m,n
iy,iy
aa,aa
ah,r
kcl,f
dx,dx
f,f
iy,iy
r,r
r,eh
g,q
tcl,tcl
aa,ao
ax,ax
eh,ix
el,uw
s,s
n,n
z,s
l,ax
oy,ao
ow,ao
ix,ix
dh,v
dcl,en
t,t
r,l
el,ax
ao,ao
t,t
w,w
ix,ix
l,l
g,z
el,l
ey,ey
ao,aa
w,w
iy,iy
sh,sh
iy,ey
oy,ow
pcl,pcl
ae,ae
tcl,tcl
z,z
m,v
axr,r
el,el
bcl,bcl
ix,q
z,s
n,ix
eh,ix
aa,aw
v,w
ih,q
axr,ix
ax,ax
sh,sh
ax,r
kcl,kcl
axr,axr
ah,ae
r,r
r,r
ah,ow
ax,l
ix,uw
v,n
ah,ah
s,s
ae,ih
iy,iy
eh,q
kcl,kcl
er,axr
ah,l
kcl,tcl
er,er
s,s
s,s
eh,ix
aa,aa
th,z
z,s
uh,en
k,k
iy,iy
s,s
eh,ix
ux,ix
r,r
f,f
gcl,z
ae,ix
dcl,dcl
f,th
er,r
b,dh
er,r
p,hh
v,bcl
g,dx
axr,axr
kcl,tcl
l,l
r,r
q,q
iy,iy
aa,aa
ey,ih
aa,aa
n,n
ih,ih
pcl,kcl
l,ah
ax,el
dh,f
n,ax
q,q
ao,l
ax,ax
m,m
tcl,tcl
ah,r
aa,aa
axr,q
hh,p
hv,hv
ae,ae
tcl,m
dx,dx
ae,r
q,q
iy,iy
f,s
jh,sh
iy,iy
kcl,tcl
s,z
ay,aa
l,l
dh,gcl
iy,iy
en,en
t,t
l,l
y,iy
axr,axr
r,y
w,m
ax,ao
w,w
ao,ao
ah,r
ix,ix
ae,ae
r,l
g,k
l,l
iy,iy
w,w
th,f
n,n
ah,ao
em,n
kcl,kcl
jh,jh
ao,ao
z,dcl
dh,dcl
iy,ix
kcl,pcl
k,k
iy,iy
nx,n
th,tcl
ix,ae
r,r
bcl,n
q,q
ih,eh
r,n
dx,l
bcl,bcl
ix,r
ey,ey
l,el
w,w
axr,ao
jh,jh
eh,r
ey,ey
th,s
l,l
k,tcl
iy,iy
ae,ey
w,n
ey,iy
ao,ao
ow,ow
ey,ih
ax,l
el,ax
sh,sh
v,z
eh,r
en,n
m,n
y,ih
iy,iy
kcl,bcl
f,k
s,s
k,k
t,t
n,n
kcl,gcl
m,ng
z,s
iy,iy
jh,sh
z,tcl
ax,ax
g,k
aa,ao
s,s
ix,ix
r,axr
m,n
tcl,tcl
ao,ao
dx,bcl
ax-h,v
dcl,gcl
ix,r
kcl,tcl
er,er
l,l
kcl,kcl
er,ey
er,er
s,z
ih,ih
eh,eh
v,w
w,l
n,m
en,m
iy,iy
aa,ao
ax,ix
s,z
q,n
n,n
iy,iy
pcl,tcl
ae,ae
jh,jh
ch,ch
dh,f
q,q
iy,l
bcl,v
s,s
n,ax
dh,t
r,r
m,m
ix,ih
s,s
s,s
aa,aa
y,ix
s,s
ey,iy
l,l
ao,l
v,v
tcl,kcl
kcl,q
ix,ih
s,s
kcl,kcl
ow,ao
k,k
ay,ay
axr,r
iy,iy
ae,ae
ix,iy
z,s
hh,t
s,s
ix,ix
kcl,kcl
ay,ay
jh,dh
m,m
ih,ix
d,gcl
dcl,tcl
ax,ix
eh,eh
t,t
t,k
uh,n
aa,ao
n,n
eh,iy
ax,ix
ae,ae
dcl,dcl
r,r
axr,axr
iy,iy
ax,ow
dx,ix
axr,axr
v,v
n,dcl
q,r
iy,ng
ae,ae
f,kcl
k,jh
sh,s
ax,ax
g,dh
ux,ix
m,n
f,pcl
axr,ix
d,d
axr,axr
kcl,tcl
n,ng
dx,dcl
er,axr
t,ch
s,s
dcl,dcl
f,f
m,m
ow,r
k,k
dh,d
s,s
ix,ey
iy,iy
dcl,dcl
el,w
iy,iy
ix,dcl
l,l
iy,iy
iy,iy
ux,ux
ix,eh
r,r
r,r
g,d
k,k
eh,ih
q,v
ix,ix
f,f
eh,eh
q,q
ay,aa
l,ax
w,l
g,g
ax,r
ae,ae
n,m
ay,aa
tcl,kcl
bcl,dcl
ix,ix
ow,ow
bcl,dcl
f,dh
bcl,pcl
bcl,bcl
oy,oy
s,s
ae,ae
ih,eh
n,n
iy,iy
n,n
hh,k
bcl,bcl
ay,ay
ao,aa
n,n
ng,n
s,s
ay,ay
tcl,tcl
gcl,gcl
gcl,n
z,z
ix,ix
eh,n
ao,ao
p,p
r,r
l,q
k,k
iy,iy
dcl,tcl
z,z
ay,ay
v,bcl
l,l
ao,q
oy,oy
l,ao
s,s
ch,ch
hh,hh
r,r
k,pcl
w,w
ix,ux
ay,ah
iy,iy
q,k
axr,ax
ae,ae
w,w
ax,l
v,v
iy,iy
dx,dx
ah,ax
ix,ix
l,ax
ao,ao
dx,n
n,n
ux,ux
th,dh
g,pcl
ax,ax
ow,eh
q,axr
dcl,ix
tcl,gcl
r,r
s,s
y,ix
q,q
n,m
s,s
ix,ix
kcl,kcl
w,ng
ax,l
en,el
eh,eh
l,l
ay,ay
ae,ae
z,z
iy,iy
iy,iy
dx,ax
z,s
p,p
axr,r
r,r
dcl,dcl
y,iy
ix,n
m,n
n,n
l,l
z,s
k,k
bcl,bcl
axr,r
q,ix
r,axr
s,f
ah,l
ux,ux
l,w
ay,ay
ih,ix
nx,n
ah,ah
axr,r
ih,ix
tcl,tcl
ay,ay
w,w
kcl,tcl
ax,ax
dcl,dx
ay,aa
ah,eh
aa,aa
axr,r
w,w
k,kcl
q,g
ix,ix
n,ax
hv,ax
aa,ay
ix,ix
ax,ix
n,n
bcl,dcl
axr,axr
th,f
bcl,pcl
z,s
axr,axr
t,t
aa,er
ix,ix
n,m
dx,kcl
ao,oy
ix,v
p,p
dcl,dcl
y,iy
ih,ih
aw,aa
eh,ih
ey,ey
t,dh
ih,iy
ah,eh
r,r
l,dx
kcl,pcl
ah,ah
s,s
ah,ao
ow,ow
n,n
s,s
tcl,tcl
dcl,dcl
axr,axr
l,l
ae,ae
r,v
ay,ay
ao,ao
dcl,tcl
m,m
dcl,dcl
er,axr
nx,r
v,v
pcl,pcl
ae,ae
ax,ax
bcl,gcl
l,oy
l,l
ix,ix
p,k
l,q
tcl,gcl
v,n
sh,ch
l,l
ch,sh
kcl,kcl
n,l
tcl,kcl
axr,axr
t,t
q,kcl
z,s
z,s
oy,ao
uh,ih
ih,ix
dcl,kcl
tcl,dh
k,k
z,z
kcl,kcl
r,r
ax,n
ae,eh
kcl,kcl
t,d
er,k
ah,ow
uh,ax
ih,eh
f,sh
ng,m
l,l
ax,ax
ih,ih
w,w
w,ix
y,l
ax,ah
ae,ae
hh,hh
ae,ae
pcl,pcl
kcl,tcl
ax,ax
aa,aa
q,q
ng,m
z,z
k,q
t,s
ih,iy
tcl,dcl
ix,ix
l,l
ax,ax
dcl,tcl
n,n
hh,hh
aa,r
n,n
dcl,dcl
ax,l
ax,ax
ih,iy
q,k
y,y
ao,ao
pcl,tcl
aa,ao
z,z
dcl,v
t,t
ah,aa
z,th
dcl,bcl
tcl,kcl
t,k
t,jh
p,p
axr,eh
v,l
aa,aa
tcl,kcl
tcl,kcl
r,r
en,n
ay,ay
ng,n
dh,dh
ax,l
r,r
k,k
g,q
kcl,tcl
f,f
pcl,pcl
ao,ao
er,axr
kcl,tcl
ix,ix
nx,dx
tcl,tcl
k,p
axr,axr
tcl,tcl
z,kcl
bcl,dcl
dcl,v
iy,iy
iy,iy
axr,ix
gcl,dcl
eh,ix
ix,ix
p,p
pcl,tcl
ey,ey
ih,ax
n,ix
n,n
ix,ix
jh,jh
ey,ey
ey,ey
iy,iy
w,l
k,k
ao,ao
pcl,pcl
s,s
n,n
tcl,tcl
aw,ae
l,ax
t,t
el,ax
l,dh
kcl,tcl
f,f
pcl,pcl
axr,ix
kcl,tcl
tcl,ch
ih,ih
ax,ax
el,q
r,r
kcl,tcl
aa,aw
eh,eh
axr,ix
nx,ix
ih,iy
k,k
pcl,tcl
r,r
iy,iy
er,axr
ow,aa
gcl,gcl
s,s
kcl,kcl
bcl,bcl
ao,ao
w,w
ix,ix
iy,iy
pcl,tcl
pcl,pcl
l,n
eh,ax
s,s
l,l
ae,ae
p,p
g,k
w,w
s,s
aa,aa
m,n
axr,ix
nx,n
l,l
axr,axr
aw,ae
r,r
l,l
ih,ey
r,r
w,n
l,l
tcl,tcl
tcl,tcl
ix,ax
ix,ix
bcl,n
n,ix
g,g
y,ix
gcl,kcl
l,l
ey,iy
r,r
s,s
z,z
dcl,dcl
ah,ah
el,el
s,s
iy,iy
ix,ax
r,r
s,s
ng,n
hh,hh
r,r
aa,aa
k,k
z,z
z,z
ih,ix
tcl,v
m,m
gcl,dcl
dx,dcl
sh,s
q,l
y,n
m,m
hv,hv
ow,ow
v,r
jh,jh
r,r
ow,ow
pcl,bcl
pcl,tcl
dcl,dcl
y,ix
ax,q
ay,ay
ng,n
eh,ae
l,l
q,q
n,ng
z,z
m,bcl
iy,iy
l,l
s,s
ah,ix
s,s
r,ix
ow,ow
s,f
s,s
n,ng
dh,v
v,v
k,k
sh,sh
n,ow
r,q
f,f
eh,ih
s,s
r,r
iy,iy
ae,ae
t,k
n,n
tcl,tcl
dcl,dcl
p,p
oy,ay
l,ax
l,l
ih,ix
dx,tcl
aa,aa
ih,ih
axr,ih
iy,iy
s,s
dcl,tcl
s,s
aa,ah
iy,y
axr,r
axr,r
iy,iy
f,kcl
q,q
ih,ey
ax,ax
em,m
ey,ey
pcl,kcl
ih,ix
ae,ae
ix,ix
aa,aw
bcl,v
k,k
z,s
dh,l
s,s
ae,ae
nx,n
ae,ae
k,k
kcl,kcl
kcl,gcl
ix,eh
gcl,bcl
ae,ae
l,ng
en,n
gcl,pcl
tcl,tcl
m,n
sh,sh
ix,ix
ey,ey
ao,gcl
w,w
ix,ix
s,s
n,n
l,q
ow,ow
t,t
k,tcl
d,d
l,l
dcl,kcl
tcl,tcl
p,d
n,n
n,n
ix,ix
sh,sh
m,ux
n,n
uh,ax
iy,iy
n,n
q,q
iy,iy
iy,r
gcl,dcl
ey,ih
dh,t
iy,iy
s,s
p,k
v,n
ae,ih
ux,iy
t,d
kcl,pcl
w,w
n,n
ch,jh
k,k
v,v
k,k
ax-h,k
oy,oy
y,y
w,w
em,axr
ax,nx
l,aa
ih,ix
eh,ae
ae,ae
sh,sh
tcl,tcl
r,axr
m,m
n,m
t,t
t,k
ey,iy
kcl,pcl
bcl,bcl
f,dh
r,r
k,t
gcl,dcl
ow,ow
kcl,kcl
ax,ax
iy,axr
sh,sh
p,p
eng,m
w,w
iy,q
l,l
aa,aa
pcl,pcl
ao,ng
aa,aa
eh,ih
z,z
dcl,dcl
eh,eh
t,t
aa,aa
pcl,pcl
r,r
pcl,pcl
w,el
l,l
d,t
l,m
eh,ix
v,v
ao,ao
el,el
k,k
dx,gcl
dh,k
ix,ix
gcl,dcl
ix,ix
nx,n
iy,iy
ey,iy
s,s
s,s
s,s
s,s
kcl,kcl
ae,ae
w,l
iy,iy
n,n
r,l
tcl,pcl
ay,ay
dcl,dcl
r,r
s,s
hv,hv
n,n
ix,ih
ax,ax
pcl,tcl
s,s
p,k
ow,w
ix,r
ey,ey
kcl,kcl
s,k
ih,ix
dcl,dcl
dx,g
ih,ux
ah,ah
dcl,dcl
ix,ix
sh,sh
g,k
y,y
t,k
ih,eh
kcl,kcl
r,r
p,k
tcl,kcl
q,l
r,r
ih,ix
ah,ah
sh,f
en,m
er,r
l,l
pcl,z
ih,eh
er,r
k,k
s,s
ih,eh
v,v
ax,ax
ah,ah
tcl,tcl
m,n
el,ao
t,k
ix,ix
dh,t
ae,ae
uw,r
z,z
l,n
aw,ae
kcl,tcl
ux,ix
pcl,pcl
r,r
ix,ix
dx,dcl
m,m
f,f
iy,ih
f,sh
aa,aa
ae,ae
aa,aa
l,w
kcl,s
m,m
l,l
t,d
ay,aa
kcl,kcl
w,w
dcl,dcl
m,n
l,l
pcl,n
pcl,pcl
kcl,kcl
ax,dh
tcl,tcl
tcl,pcl
l,l
ey,ay
ae,ow
hv,k
dx,dx
aa,aa
q,kcl
axr,axr
ae,ae
axr,er
oy,oy
pcl,tcl
q,q
tcl,kcl
r,r
l,l
s,s
ix,ix
sh,sh
t,th
tcl,tcl
ey,ey
ix,ix
l,l
ae,ay
dh,ax
eh,ih
pcl,pcl
ih,ix
ah,ah
iy,ix
f,f
l,w
ow,ao
p,t
v,r
ah,ao
r,r
q,q
ax,ax
nx,n
n,m
z,z
iy,iy
iy,iy
hv,v
pcl,kcl
ah,ah
kcl,pcl
q,q
pcl,pcl
ix,ix
w,l
er,r
eh,ih
t,d
en,en
el,ow
p,p
r,r
eh,ih
tcl,tcl
q,q
f,f
ux,iy
n,n
ow,ow
uw,uw
n,ix
v,v
en,en
ah,l
q,q
t,t
gcl,dcl
ow,ow
tcl,tcl
aa,r
kcl,dcl
ae,ae
gcl,pcl
ao,aa
v,v
el,el
v,dh
ih,ih
hh,hv
r,r
ae,ae
kcl,iy
ey,ey
s,s
tcl,tcl
m,n
ae,ae
w,w
aa,ao
m,m
z,s
aw,aw
ix,ix
aa,aa
ae,ae
z,z
r,r
s,s
n,n
dx,tcl
th,t
l,l
ax,ax
m,ih
d,d
el,l
m,n
ih,ih
gcl,pcl
eh,eh
ix,ix
dcl,gcl
s,s
ey,ey
kcl,tcl
l,ax
r,axr
ix,ix
ax,ax
ix,ax
hv,hv
q,kcl
eh,ix
ix,dh
r,ix
axr,axr
n,iy
ix,ix
gcl,tcl
aa,er
z,s
th,t
bcl,dcl
nx,n
m,r
ah,ao
axr,r
v,pcl
l,r
ax,r
f,pcl
s,s
r,r
q,q
g,g
m,v
er,axr
kcl,gcl
iy,iy
ax,ax
sh,sh
iy,iy
ih,ih
ix,gcl
g,k
er,er
s,s
z,s
dcl,dcl
l,l
l,l
n,dh
l,r
n,n
dcl,pcl
k,k
axr,v
ae,ae
r,r
k,k
dh,tcl
dh,dh
kcl,kcl
f,kcl
f,f
jh,jh
r,r
er,n
tcl,tcl
iy,iy
tcl,tcl
r,r
ih,ey
l,l
aa,ay
s,s
ay,ay
axr,axr
b,p
gcl,kcl
r,r
ey,ey
tcl,kcl
l,l
sh,sh
l,l
n,n
gcl,tcl
dh,z
iy,ux
z,s
z,k
r,r
aa,ao
ah,ah
ao,ao
iy,iy
axr,axr
l,l
hh,hh
eh,l
s,s
el,w
ix,iy
ao,ao
r,r
ao,w
ae,eh
t,d
ae,ae
ae,ix
ay,eh
v,v
tcl,v
n,n
dh,t
dcl,dcl
s,s
ey,ey
bcl,tcl
tcl,l
iy,iy
t,t
n,n
tcl,tcl
aa,q
dh,dcl
sh,sh
t,d
d,d
ih,ax
ix,dh
eh,ow
ay,ay
f,f
axr,r
s,s
dx,k
ch,s
r,r
kcl,gcl
ix,ix
r,r
t,t
r,r
ax,ax
k,dx
p,f
q,hv
eh,ix
gcl,dcl
s,s
z,s
m,m
l,l
n,n
l,l
ae,ae
q,q
z,s
hh,hv
m,n
tcl,kcl
iy,iy
z,s
eh,eh
sh,sh
ax,ix
d,d
s,th
r,r
ih,ih
l,l
kcl,pcl
ae,ae
ae,ae
ax,ix
gcl,bcl
z,z
d,d
l,ax
iy,iy
gcl,kcl
n,r
m,dh
k,k
t,kcl
z,z
z,z
p,t
axr,axr
iy,iy
q,q
v,nx
aa,aa
g,kcl
p,t
iy,iy
r,ix
jh,jh
r,n
n,tcl
dcl,dcl
ao,ao
q,q
s,s
p,p
bcl,tcl
s,s
aa,aa
dh,bcl
er,axr
uh,ux
l,n
p,p
ch,ch
m,m
v,v
eh,ix
sh,s
w,m
n,n
r,r
ih,ix
ih,ey
r,r
ih,ih
l,w
bcl,tcl
s,s
aa,aa
iy,iy
ax,ax
el,k
pcl,bcl
tcl,p
f,f
ae,ey
sh,sh
hv,hv
s,sh
n,n
t,d
ax,r
l,l
ch,k
t,s
hh,t
r,r
n,n
t,t
r,r
ae,ih
ae,ae
s,z
dcl,dcl
p,p
gcl,dcl
kcl,kcl
ay,q
iy,iy
er,r
ax,r
v,f
w,w
eh,aa
ix,ix
aa,ay
kcl,pcl
ix,ix
uh,ix
ix,ix
ix,ix
ih,ih
b,dh
sh,sh
w,q
m,bcl
r,r
axr,axr
bcl,bcl
tcl,pcl
ax,ix
ix,ix
hh,hh
tcl,kcl
aa,ao
f,s
ih,ix
w,w
f,f
q,q
ey,ey
tcl,g
iy,ih
uw,uw
n,n
y,gcl
l,l
s,s
axr,axr
axr,axr
ah,eh
tcl,tcl
dcl,tcl
t,kcl
ng,ng
y,y
y,iy
eh,ix
l,r
n,n
y,iy
el,n
nx,nx
iy,iy
p,t
s,s
tcl,dh
bcl,bcl
bcl,bcl
pcl,tcl
ix,ix
tcl,tcl
gcl,gcl
m,m
oy,oy
kcl,pcl
z,s
sh,sh
eh,eh
ix,ix
nx,n
sh,ch
ae,ae
kcl,tcl
dh,n
n,n
aa,aa
k,p
r,r
axr,ix
ih,ih
r,r
ah,ax
r,r
q,q
kcl,kcl
s,s
ow,ow
ow,aa
l,ow
tcl,f
y,dx
dh,g
ih,ih
ng,m
dx,dx
axr,axr
ao,ao
ix,ix
dh,p
er,ih
uh,axr
s,s
hv,r
ux,iy
f,s
w,n
ax,ax
n,n
w,l
ao,ao
ao,ao
ax,l
l,n
k,k
ax,ix
dh,f
jh,v
el,ow
ax,ix
ey,eh
l,l
r,r
gcl,dcl
ix,ng
axr,er
dcl,tcl
ix,r
z,s
eh,ix
t,t
ih,ey
ix,ih
ae,ay
k,k
ae,ae
n,n
iy,iy
ix,ix
sh,sh
ao,ao
z,z
q,r
n,n
r,eh
uh,l
ix,iy
k,tcl
ix,ix
aa,aa
axr,q
tcl,tcl
ix,l
dcl,dcl
s,s
ih,ix
tcl,tcl
kcl,tcl
tcl,kcl
l,l
kcl,f
dh,s
eh,ih
bcl,bcl
l,el
ao,ao
y,iy
iy,iy
en,m
ao,ao
ah,ae
m,n
ng,ix
nx,n
dcl,dcl
ih,ih
tcl,tcl
t,tcl
s,s
ey,ae
y,l
l,l
ao,w
ae,ae
tcl,tcl
kcl,kcl
kcl,tcl
q,q
v,v
pcl,kcl
ux,ux
ix,ih
dcl,dcl
ey,ey
s,s
l,ax
v,r
ao,ao
s,s
dcl,dcl
l,l
axr,er
kcl,kcl
ao,l
z,f
tcl,kcl
m,v
ng,n
aa,ao
l,l
oy,oy
eh,eh
t,t
l,l
aa,aa
ih,ix
oy,r
s,z
kcl,tcl
k,k
tcl,tcl
ng,n
v,v
bcl,bcl
ah,ax
aa,aa
dh,th
f,f
f,f
l,l
v,v
r,r
aw,aw
t,t
l,l
er,ah
n,n
ix,iy
ix,ix
r,r
ao,ao
el,l
ix,ih
r,axr
r,l
p,p
ow,ao
ix,ix
eh,eh
f,f
dcl,dcl
y,iy
ay,aa
l,l
ix,ih
iy,iy
axr,er
q,q
l,l
sh,z
q,q
ey,ey
k,k
iy,iy
tcl,pcl
ey,ey
pcl,bcl
l,l
dcl,bcl
tcl,f
ao,ao
l,n
dx,dx
s,s
dh,s
r,r
sh,sh
axr,r
tcl,kcl
l,ax
axr,axr
tcl,pcl
k,k
ix,ix
axr,r
aa,aa
ah,l
dcl,dcl
tcl,dh
tcl,tcl
jh,jh
aa,aa
n,n
ix,ux
y,iy
n,n
v,v
ah,ah
ay,ay
hh,hh
tcl,kcl
ao,ao
s,s
ah,ao
dh,dh
ax,ix
ey,ix
s,s
s,s
eh,eh
k,k
p,f
ey,iy
dh,d
tcl,kcl
th,z
r,r
f,pcl
dh,k
ey,eh
dx,dx
iy,iy
w,w
l,ao
v,v
w,w
iy,ey
sh,sh
ay,ay
n,n
ng,ng
s,s
sh,s
ae,ae
k,p
ax,ax
ah,n
pcl,pcl
pcl,pcl
eh,aa
sh,sh
b,p
pcl,tcl
l,l
kcl,k
kcl,kcl
bcl,bcl
eh,eh
kcl,kcl
iy,iy
th,k
ix,ix
b,p
iy,iy
jh,dx
s,s
bcl,bcl
tcl,tcl
bcl,bcl
v,v
iy,iy
nx,ax
axr,aa
m,ax
r,hv
tcl,dcl
ix,ix
iy,iy
ay,ae
n,tcl
s,s
q,el
r,r
ix,ix
ih,ih
oy,iy
n,n
ao,ao
ih,ih
r,r
dh,d
zh,sh
dcl,tcl
iy,iy
iy,iy
dcl,l
q,q
dh,f
tcl,gcl
ey,ey
dcl,dcl
kcl,kcl
q,k
ax,ax
aw,ae
tcl,f
l,ao
m,m
kcl,kcl
er,axr
bcl,bcl
g,p
gcl,dcl
gcl,r
oy,oy
th,pcl
n,ix
uw,ux
ey,ey
kcl,pcl
r,aa
b,k
ey,ae
r,r
q,q
q,r
iy,iy
eh,eh
ax,ax
iy,ih
n,n
axr,k
iy,iy
ay,ay
dh,dh
gcl,dcl
t,k
kcl,bcl
uh,ih
g,k
ae,ae
r,r
ow,el
tcl,tcl
t,k
aa,ay
tcl,tcl
kcl,tcl
ow,ow
ix,ix
ix,ix
ey,ey
n,n
ix,ix
ax,ih
iy,iy
r,nx
ax,l
b,ix
m,n
s,s
z,s
hv,r
v,v
ix,ix
q,q
w,el
el,el
eh,r
kcl,kcl
r,r
uh,ow
l,n
eh,ae
ax,ix
kcl,kcl
r,r
iy,iy
hv,hh
aa,ae
z,s
l,n
l,l
iy,ix
n,n
kcl,k
ae,ah
ay,ay
t,t
ay,ay
axr,axr
tcl,kcl
t,t
v,pcl
ax,ix
er,r
r,l
ah,eh
t,jh
s,s
w,w
d,t
ih,q
ng,n
pcl,pcl
ng,ng
kcl,pcl
ix,ih
k,k
hv,p
ae,ae
sh,f
m,r
l,l
s,s
f,f
f,f
nx,n
t,t
iy,iy
ch,t
tcl,dcl
iy,ih
n,ix
q,tcl
n,n
dcl,dcl
el,ao
k,q
s,s
dx,dx
hh,p
z,s
k,k
w,l
ah,ah
eh,ae
dx,dx
p,p
er,er
ax-h,q
ix,ix
ih,ih
n,m
hh,s
s,s
dcl,tcl
kcl,tcl
q,tcl
p,jh
r,r
v,v
ae,ae
iy,iy
iy,iy
w,w
ao,ao
p,p
m,m
y,iy
n,n
el,el
n,m
ix,ax
dcl,gcl
jh,jh
t,t
ix,ix
eh,r
pcl,f
k,k
aa,ix
dcl,n
r,r
axr,r
z,z
eh,ah
eh,ix
s,z
sh,sh
t,dh
ux,ux
f,th
ix,ix
ax,ax
kcl,kcl
kcl,kcl
ng,n
n,n
r,r
iy,iy
q,q
v,z
ow,ih
aa,ao
t,t
sh,sh
pcl,pcl
iy,iy
w,n
ch,ch
nx,n
iy,ix
th,q
s,s
uh,ah
dcl,gcl
axr,axr
dcl,dcl
iy,iy
s,s
m,m
v,s
ao,ao
ao,ao
l,w
tcl,tcl
dx,kcl
ih,ey
eh,eh
ow,ow
l,aa
d,q
ow,ow
n,n
l,l
sh,sh
ix,ix
l,l
k,k
dx,dx
bcl,pcl
ax,ax
eh,ih
s,s
ae,eh
dx,dx
ix,ix
axr,axr
tcl,p
el,el
jh,jh
axr,r
l,l
s,s
s,s
ux,ix
l,ao
iy,iy
bcl,bcl
ix,n
ng,n
ae,ae
f,sh
z,z
ay,ae
n,w
aw,ae
eh,ah
m,m
ix,ix
v,v
pcl,pcl
kcl,pcl
ax,aa
ix,iy
f,f
r,r
s,s
l,l
z,z
dx,k
pcl,z
ix,eh
n,n
iy,iy
dcl,dcl
t,kcl
kcl,pcl
ah,ah
hh,p
ih,ix
n,ix
oy,oy
ay,iy
ae,ae
ix,ix
w,v
s,s
dcl,tcl
m,m
z,z
r,r
t,f
gcl,dcl
tcl,tcl
sh,sh
m,m
m,m
iy,iy
n,n
uh,ih
axr,r
em,v
n,n
v,f
dh,d
ix,ix
hv,hv
pcl,pcl
ae,ae
k,tcl
kcl,kcl
d,dh
s,s
k,k
l,el
ao,ao
eh,eh
ow,ao
p,k
r,r
ey,eh
iy,iy
tcl,pcl
dh,r
p,t
m,m
s,s
kcl,pcl
d,dh
ah,ix
n,m
v,v
k,k
m,n
axr,ix
aa,ao
s,t
ao,ao
v,v
f,f
kcl,kcl
eh,eh
ao,ao
ix,iy
f,f
axr,r
ah,ax
kcl,kcl
n,n
sh,sh
tcl,tcl
t,k
tcl,p
dx,gcl
n,n
tcl,tcl
nx,gcl
k,k
ax,n
gcl,tcl
q,l
q,q
s,s
dcl,bcl
ix,iy
s,s
kcl,kcl
n,m
w,q
axr,r
s,z
ow,ow
k,hh
m,dcl
s,sh
gcl,m
kcl,pcl
axr,ix
ix,ix
ix,ix
iy,iy
n,n
ih,ix
ix,ix
n,n
s,s
iy,y
dh,dh
l,q
ao,ao
gcl,kcl
r,ix
ao,aw
kcl,bcl
p,p
ey,ey
eh,ix
hh,sh
dcl,tcl
gcl,gcl
v,tcl
oy,oy
m,ih
iy,iy
t,t
tcl,kcl
sh,sh
jh,kcl
n,n
ix,ix
l,l
ax,q
ix,ix
n,n
l,ao
ng,n
iy,q
eh,eh
ix,l
tcl,pcl
f,f
ae,ae
kcl,kcl
ih,iy
uw,ux
tcl,p
tcl,kcl
ah,ax
l,l
ae,ey
iy,iy
ey,ey
bcl,pcl
k,k
jh,ch
iy,iy
gcl,gcl
t,jh
d,d
l,l
l,l
dh,dh
axr,r
ix,ix
f,f
kcl,kcl
ih,ah
ow,l
s,s
r,l
r,r
s,z
ah,aa
z,s
ae,ae
ix,ix
en,n
q,q
w,w
s,s
q,n
iy,iy
ae,ae
ch,sh
f,t
dx,y
r,r
l,l
s,s
eh,ae
ih,ih
z,s
n,n
iy,iy
ae,ae
d,dx
iy,iy
th,z
g,k
w,w
ix,ix
tcl,tcl
ay,ay
aa,ao
nx,dx
dh,dh
ix,ix
aw,ao
ao,ao
ey,iy
r,r
ix,ix
g,k
l,w
dh,q
gcl,hv
m,m
ix,ix
iy,iy
ux,ih
ah,ax
iy,iy
ih,ih
dcl,dcl
v,dcl
pcl,tcl
bcl,bcl
ow,l
iy,ix
er,er
f,f
z,z
w,w
m,n
dcl,tcl
n,n
axr,axr
q,pcl
sh,sh
v,tcl
g,hh
g,g
jh,sh
ax,ax
t,t
n,n
ih,ih
t,f
er,aa
ax,ix
ih,eh
kcl,tcl
axr,z
m,m
s,f
ey,iy
w,w
r,r
k,k
pcl,pcl
ay,ay
ao,ao
ae,ae
axr,axr
r,r
kcl,dh
k,k
tcl,n
ax,ax
axr,r
iy,iy
ix,ix
q,tcl
r,r
w,l
gcl,kcl
ih,ih
ae,ae
ao,ao
dcl,bcl
ih,ey
f,f
ax,l
th,tcl
l,l
d,k
ix,n
el,el
th,s
ah,ax
el,el
gcl,gcl
k,k
l,l
ao,ao
s,s
ix,iy
aa,ao
axr,l
ih,ey
ix,ah
ih,ih
bcl,dh
pcl,pcl
axr,axr
ey,ey
ix,iy
t,p
gcl,tcl
ae,ae
ih,ix
axr,r
ey,ey
l,l
s,s
f,f
k,t
ix,iy
m,m
ao,ow
ao,w
ay,ay
ax,l
aa,aa
iy,iy
ow,ao
kcl,pcl
ah,ax
w,l
m,n
ix,ix
f,f
ey,ey
er,r
tcl,p
m,n
r,r
r,r
l,m
dh,tcl
pcl,pcl
pcl,pcl
gcl,tcl
ey,ey
aa,aa
s,s
nx,n
r,r
er,er
r,n
dcl,dx
s,s
b,p
ah,ah
s,s
ax,l
w,p
m,ng
f,f
ix,ix
ih,ix
l,l
ay,aw
ax,r
q,q
s,s
r,r
l,l
n,n
ux,ux
tcl,bcl
ao,aa
ix,t
d,dh
z,s
s,z
kcl,tcl
v,v
oy,oy
pcl,pcl
gcl,n
aw,aw
r,r
w,w
bcl,bcl
ax,ix
eh,ax
z,s
tcl,kcl
f,f
dcl,pcl
ix,ix
iy,iy
l,n
ae,eh
s,s
s,s
ah,ay
axr,axr
en,n
s,jh
ax,ax
t,t
ah,ao
g,dx
k,k
r,r
kcl,tcl
s,s
r,r
ng,n
s,s
q,tcl
w,w
n,n
iy,iy
ix,ix
ah,ah
gcl,tcl
ae,ae
ix,ix
el,ax
f,f
iy,iy
ay,ay
l,l
en,n
l,l
t,t
iy,ih
aa,ay
aa,aa
eh,ae
r,axr
ih,ih
iy,iy
axr,axr
l,r
m,m
ih,ih
kcl,pcl
axr,axr
ae,ih
tcl,tcl
iy,iy
iy,iy
bcl,pcl
y,y
ae,ae
eh,ix
hh,th
hv,hh
f,f
ae,ae
aa,ao
ih,ix
f,s
axr,axr
ao,l
eh,aw
n,n
s,s
ix,ix
iy,iy
n,n
ah,ah
ey,iy
el,ow
ae,ae
ix,ix
g,gcl
t,d
pcl,tcl
r,r
eh,ae
f,f
s,s
k,g
s,tcl
s,s
ow,ow
ix,ix
q,q
iy,iy
eh,ao
n,n
l,l
d,d
n,n
y,y
m,n
ih,ih
ax,l
ux,ux
ix,q
ix,ix
bcl,z
ux,ih
n,n
w,w
dh,pcl
sh,sh
r,r
aa,r
aa,ao
iy,iy
k,k
n,n
dx,nx
k,k
r,ix
r,r
ih,ih
n,n
ix,n
iy,ux
l,l
gcl,tcl
t,t
sh,sh
m,n
ax,ax
axr,axr
ix,ix
ah,aa
b,d
l,w
aa,ao
z,kcl
s,s
aa,ae
k,k
ah,ah
n,n
dx,dcl
ae,ae
ae,ae
r,ow
n,n
oy,oy
aw,aa
w,w
q,q
r,ax
sh,sh
dh,t
iy,iy
ow,ow
t,t
axr,ix
iy,iy
ah,r
gcl,gcl
dx,dcl
iy,iy
dh,tcl
ow,l
axr,axr
ey,ey
tcl,tcl
ao,ao
z,z
ao,aw
dcl,dcl
ux,iy
f,f
l,l
s,s
n,dcl
pcl,pcl
w,w
kcl,kcl
n,n
oy,oy
r,r
d,kcl
ao,l
f,f
ih,ix
aa,aa
ah,ah
kcl,p
n,n
ix,ux
t,t
iy,iy
pcl,kcl
m,n
t,f
aa,ax
bcl,bcl
r,r
ax,l
pcl,kcl
m,m
k,k
dcl,tcl
ae,ae
ih,ix
v,dcl
r,iy
ah,ax
ch,jh
r,ay
ix,l
nx,n
ng,n
ix,ix
ih,ix
k,k
ae,ae
s,s
q,ix
iy,iy
ix,iy
axr,r
m,m
gcl,gcl
n,n
ix,ix
ay,ay
k,k
el,el
gcl,dcl
n,hh
bcl,m
m,n
l,l
ae,ae
kcl,k
ah,ah
dx,t
l,l
iy,iy
dh,tcl
ih,ih
f,f
s,s
r,r
pcl,kcl
m,dh
n,m
gcl,gcl
eh,ae
s,s
s,s
bcl,bcl
dcl,gcl
z,s
q,q
ah,ah
t,t
ow,ow
l,l
dh,q
s,tcl
ay,ay
s,s
em,m
l,l
y,y
ix,ix
sh,sh
l,aw
r,r
w,w
n,n
ax,l
t,p
iy,iy
th,tcl
eh,ey
iy,iy
ah,ow
ix,iy
s,s
z,z
ih,ih
tcl,kcl
er,r
kcl,kcl
pcl,tcl
tcl,tcl
tcl,pcl
kcl,tcl
ax,l
aa,ax
ix,ux
hh,hv
l,l
f,f
ux,ux
g,k
dcl,kcl
s,s
pcl,kcl
r,n
r,q
s,sh
ae,ae
ao,ao
l,m
w,w
k,k
ih,l
dcl,tcl
f,f
w,l
ao,ao
kcl,tcl
kcl,kcl
t,v
eh,ix
ix,ax
en,w
ah,eh
ao,aa
eh,eh
ng,n
v,bcl
s,s
k,t
tcl,s
z,v
l,l
ay,ay
pcl,pcl
jh,t
dh,m
sh,s
gcl,z
s,s
r,r
ih,iy
ay,ay
n,nx
dx,dx
ng,ng
r,r
n,gcl
iy,iy
kcl,tcl
s,s
z,s
hv,hv
ao,ao
w,l
ae,ae
eh,eh
s,s
f,f
dh,v
eh,eh
bcl,v
bcl,dcl
ey,ey
n,n
dx,dcl
ey,ae
ng,n
ih,er
ix,ix
k,k
n,n
g,g
axr,r
en,n
ng,r
s,z
v,v
ih,iy
l,ow
ch,jh
bcl,tcl
q,q
tcl,tcl
ix,ix
sh,sh
ah,ow
l,l
ey,ux
pcl,tcl
q,ix
tcl,tcl
w,w
eh,eh
ix,ih
ae,eh
g,p
ih,ih
ao,ao
l,ix
ey,ey
ao,ao
eh,ae
eh,eh
nx,l
q,ax
n,n
w,l
iy,iy
ax,ix
q,iy
y,y
axr,r
ch,sh
m,m
n,n
t,t
iy,iy
iy,r
kcl,kcl
k,k
z,z
s,s
ay,ay
y,iy
ae,q
r,r
ey,ey
aa,ao
m,n
n,n
kcl,tcl
f,p
aa,ay
m,n
ih,ih
l,l
iy,iy
bcl,l
l,l
ae,ey
ix,ix
axr,r
l,l
hh,p
ix,ix
m,n
f,f
er,axr
n,n
s,s
eh,eh
ix,ix
s,s
iy,iy
s,s
l,l
l,l
dx,iy
ah,ao
ah,ax
ih,ix
ix,ix
l,l
ah,ax
tcl,tcl
iy,ih
ah,l
ih,ih
w,l
k,s
tcl,tcl
axr,axr
ae,ae
ix,ax
s,s
ah,ix
ao,ao
en,ax
y,dh
ey,ey
l,r
l,l
ao,ao
v,v
r,w
axr,er
p,k
m,uw
kcl,kcl
r,r
er,er
q,ix
jh,jh
aa,aa
eh,eh
ih,ix
ow,ow
el,l
gcl,bcl
el,w
s,s
iy,iy
v,m
kcl,pcl
er,axr
aa,ao
r,axr
y,iy
q,q
eh,eh
ay,ay
s,sh
s,sh
r,r
tcl,tcl
ih,ix
r,r
tcl,kcl
s,s
m,n
eh,ae
n,n
eh,r
p,k
ix,ix
oy,oy
iy,iy
ah,ah
r,axr
ix,dh
ih,ih
ih,ix
jh,ch
dh,dh
ao,ow
m,n
ae,eh
ey,ey
ay,ay
ix,ax
d,t
iy,axr
ih,ih
ow,l
kcl,tcl
ay,ay
ow,ow
g,g
iy,iy
z,s
z,s
f,th
ax,ix
l,ao
tcl,w
ow,ow
ix,ih
ix,r
s,ch
tcl,tcl
r,r
s,s
g,d
n,n
y,iy
ix,iy
y,iy
ae,ae
ao,ao
kcl,kcl
r,r
gcl,gcl
tcl,n
g,k
ah,ax
dh,th
ih,iy
l,ix
z,z
n,n
f,pcl
ay,ae
v,z
q,q
iy,iy
ih,ax
axr,r
ay,ay
y,iy
dcl,dcl
t,t
ay,ix
dcl,bcl
r,r
q,q
iy,iy
pcl,gcl
n,n
f,f
dcl,dcl
ah,ax
g,w
q,tcl
ey,iy
pcl,tcl
iy,iy
r,r
ix,ix
r,r
n,n
k,k
l,l
dcl,kcl
ih,iy
ey,ey
k,k
ao,ao
tcl,tcl
bcl,dcl
ih,iy
aa,r
m,bcl
hh,hv
hh,hh
k,p
n,n
n,n
ax,l
ix,eh
l,l
hh,hh
kcl,kcl
t,t
d,d
ix,q
ay,ay
k,k
ih,ih
aa,ay
ah,ae
pcl,pcl
tcl,tcl
er,ae
kcl,kcl
t,t
l,l
n,n
iy,iy
t,tcl
dcl,dcl
ay,ay
ix,ix
dcl,dcl
n,n
q,q
axr,r
l,l
iy,ix
ax,l
ax,l
gcl,dcl
v,tcl
s,s
ux,uw
iy,iy
iy,iy
ay,ay
ae,ae
r,iy
ae,ae
s,z
ux,ux
f,f
iy,iy
q,dh
ix,ih
n,n
f,f
ae,ae
n,n
q,q
ae,ae
t,f
ow,ow
eh,eh
m,n
ih,iy
axr,axr
s,sh
gcl,r
eh,ae
ay,ay
ow,el
ix,iy
tcl,p
ah,ax
kcl,kcl
nx,n
r,r
ax,l
er,uh
pcl,kcl
aa,aa
tcl,q
m,m
ae,ae
ch,jh
jh,z
ay,ay
n,n
p,p
m,k
ae,ae
w,w
ah,ah
q,q
nx,n
ih,iy
ah,iy
r,r
z,z
iy,ih
ay,ah
ay,ay
l,l
ay,ay
ay,ae
y,y
ey,eh
ng,n
k,k
ow,aa
k,k
t,t
r,r
axr,ax
jh,jh
t,t
ey,ey
p,k
k,t
iy,iy
iy,axr
l,l
uw,uw
ax,ix
r,r
n,r
iy,iy
ix,ax
v,tcl
r,ix
iy,ix
kcl,tcl
dh,f
iy,iy
s,s
pcl,kcl
ng,n
tcl,pcl
ey,ey
er,r
th,dh
d,dh
aa,aa
ao,ao
s,s
kcl,kcl
ih,ix
kcl,kcl
axr,r
kcl,tcl
ae,ae
tcl,p
sh,ch
ih,ih
tcl,tcl
ah,aa
aa,ao
l,w
pcl,pcl
l,l
p,p
aa,aa
t,t
ix,ih
ng,gcl
l,l
ax,l
f,f
ow,ow
kcl,kcl
ux,ix
pcl,f
dh,l
eh,ae
q,q
k,t
n,n
hh,hv
p,p
s,s
tcl,gcl
z,s
kcl,kcl
dcl,dcl
z,z
dcl,tcl
t,t
k,k
s,s
dh,dh
ix,ix
ix,ax
s,s
z,z
kcl,tcl
w,w
iy,ix
ix,q
w,l
tcl,tcl
ix,ey
f,f
l,l
eh,ih
s,s
iy,r
dcl,tcl
t,k
k,tcl
l,ax
tcl,bcl
ae,ix
tcl,gcl
iy,iy
dcl,bcl
oy,oy
k,k
l,ix
s,s
iy,ey
k,k
uh,ih
t,k
kcl,kcl
tcl,tcl
tcl,kcl
ix,ix
iy,iy
kcl,tcl
ae,ae
eh,ae
ix,ix
n,ix
s,s
ix,ix
r,axr
er,r
bcl,v
m,m
l,l
iy,iy
v,w
s,s
ow,ow
l,uw
eh,ix
ih,ih
eh,ih
w,w
k,f
axr,ix
tcl,pcl
th,f
ih,ix
oy,oy
kcl,tcl
s,s
f,f
k,t
l,l
dx,th
ey,ey
dcl,n
ow,ow
gcl,dcl
iy,y
w,l
n,n
ih,ih
k,k
s,s
m,dh
aa,aa
er,axr
kcl,kcl
th,z
tcl,tcl
iy,ix
ow,ao
n,n
kcl,kcl
axr,eh
ey,ey
ix,ix
f,f
tcl,tcl
kcl,tcl
gcl,tcl
z,z
w,w
ey,ey
p,p
q,q
l,aw
nx,n
ix,ix
aw,q
s,s
axr,axr
l,q
ax,n
pcl,pcl
l,l
ax,axr
ao,ao
ae,ae
ih,iy
q,q
r,r
er,r
ix,ix
ax,ax
ih,ix
bcl,hv
aa,aa
z,tcl
dcl,n
d,d
axr,r
ih,ix
t,kcl
d,k
iy,iy
f,f
t,t
aa,r
iy,ux
tcl,tcl
aa,aa
n,ng
iy,iy
ih,ih
eh,ih
ng,n
ow,el
kcl,tcl
l,l
ix,ix
aw,ow
f,f
ih,ax
q,q
er,er
sh,sh
kcl,tcl
r,r
ao,ao
ux,ux
q,q
q,q
z,s
y,ih
kcl,pcl
t,t
l,n
sh,sh
jh,d
ey,ey
f,f
l,l
eh,ae
f,f
v,k
z,s
axr,er
ow,ao
ix,ix
kcl,kcl
ey,iy
dcl,dcl
uh,ih
ng,ng
t,t
r,r
ix,ix
sh,sh
iy,iy
ix,ax
ih,ix
ix,axr
m,m
r,r
aa,aa
n,n
ih,ih
ix,ix
eh,eh
s,s
iy,iy
ch,ch
n,m
dx,tcl
s,s
f,f
s,z
ae,ae
eh,ih
iy,iy
dh,t
ay,ay
n,ix
ix,iy
r,r
oy,oy
m,n
aa,ao
ow,ow
ao,aa
dx,n
k,k
n,n
t,t
ix,ix
g,k
s,s
kcl,kcl
ux,axr
ow,ow
hv,hv
q,q
t,k
ey,ey
l,l
s,s
dcl,v
q,kcl
r,r
bcl,bcl
ay,ay
z,s
ay,ay
ch,t
ax,ax
kcl,kcl
sh,sh
iy,iy
dcl,th
k,k
s,s
dh,dh
ix,ix
en,ix
iy,iy
ix,ax
ae,ae
t,t
d,tcl
dcl,tcl
r,r
ix,ix
r,r
m,n
t,d
tcl,tcl
ih,ih
aa,ao
ix,ux
oy,oy
l,l
iy,iy
sh,t
k,k
v,f
eh,eh
r,r
aa,aa
l,l
n,ax
kcl,dcl
p,p
dh,dh
hv,hh
s,s
w,w
ih,ax
s,s
ey,ey
hh,hh
oy,oy
t,p
ix,iy
ix,ix
gcl,n
oy,oy
r,r
sh,sh
s,z
s,s
s,z
hh,ax-h
dcl,dcl
f,f
dx,tcl
aa,ao
iy,iy
ih,ix
l,ax
s,s
z,z
m,m
oy,oy
tcl,q
pcl,tcl
uw,ih
s,s
er,r
tcl,tcl
n,n
d,q
v,ix
gcl,dcl
w,el
ae,ae
g,kcl
tcl,pcl
gcl,gcl
r,l
z,dh
er,ow
b,r
ao,aa
l,l
s,f
g,g
pcl,gcl
axr,ih
kcl,pcl
k,k
w,r
s,s
en,n
r,dh
ae,ae
k,k
dcl,tcl
m,n
s,s
s,s
s,s
ih,ix
eh,eh
el,ax
ao,ao
dx,dx
pcl,pcl
n,n
v,v
v,v
w,w
iy,iy
l,l
m,m
pcl,kcl
ux,ux
r,r
axr,axr
sh,sh
ah,eh
f,t
dcl,dcl
bcl,gcl
aa,ao
s,s
axr,r
m,m
ix,ix
w,l
l,ax
pcl,tcl
kcl,f
ey,ey
r,r
kcl,tcl
ix,ih
z,s
k,k
g,k
eh,eh
tcl,tcl
r,r
aa,ao
ux,ih
n,n
gcl,bcl
tcl,kcl
ix,ix
r,r
kcl,s
k,kcl
z,s
y,iy
r,r
ax,l
iy,iy
s,s
kcl,tcl
kcl,tcl
d,tcl
gcl,gcl
axr,ae
dcl,n
k,k
q,tcl
n,n
axr,r
ae,ae
uh,ax
gcl,kcl
ix,ix
w,w
ix,ix
p,k
k,k
ix,iy
ax-h,n
b,k
dx,ix
ay,r
ih,iy
dcl,pcl
t,t
er,ih
sh,f
r,hv
n,n
z,s
r,r
tcl,gcl
tcl,dcl
ih,ih
l,l
ng,n
t,k
kcl,kcl
ao,ao
pcl,pcl
n,n
tcl,kcl
ix,ix
iy,ix
iy,iy
s,s
ax,eh
eh,eh
ix,jh
q,q
y,iy
ax,eh
tcl,dcl
n,n
ae,ae
y,iy
f,f
l,l
g,kcl
ih,ih
iy,iy
kcl,kcl
dx,dx
r,axr
dx,dx
eh,eh
aa,ao
l,l
axr,q
l,l
em,n
q,q
d,d
aw,ah
pcl,tcl
th,z
m,n
t,t
axr,er
tcl,kcl
ng,n
g,q
kcl,tcl
q,q
n,n
oy,ao
l,l
ey,ey
r,r
dh,d
s,s
ax-h,k
axr,r
eh,iy
ng,m
ih,ih
ah,l
l,l
r,r
q,kcl
axr,r
p,k
dcl,dcl
l,l
dx,dx
dh,dcl
tcl,tcl
ao,r
l,w
eh,ih
l,el
ao,ah
n,n
l,l
q,q
iy,iy
q,tcl
l,l
ix,ae
t,t
axr,r
ao,ao
gcl,gcl
z,z
v,v
p,d
q,q
dcl,tcl
s,s
eh,eh
ow,ow
k,hh
g,g
g,d
z,hv
m,n
t,t
kcl,pcl
ih,n
dh,dh
q,q
ay,ay
p,p
f,f
s,s
n,m
s,sh
ey,ey
n,ng
bcl,pcl
kcl,tcl
l,w
tcl,kcl
y,iy
dcl,dcl
ay,ay
dcl,dcl
dcl,n
k,k
dh,v
en,ix
n,n
aa,ao
z,z
iy,iy
t,k
axr,ax
jh,ch
hh,k
v,k
w,w
l,el
dx,tcl
tcl,pcl
g,f
q,q
w,n
kcl,gcl
t,ch
s,s
aa,ao
ih,ix
iy,iy
t,t
ae,ae
ix,ix
axr,r
t,t
uh,r
q,q
bcl,dcl
m,bcl
aw,ae
oy,oy
ao,ao
w,l
z,z
aa,aa
r,r
tcl,tcl
s,s
axr,axr
ax,l
iy,iy
m,n
ah,ow
tcl,tcl
el,w
en,n
t,jh
ah,ix
aa,ao
sh,sh
q,dx
kcl,kcl
iy,iy
l,l
eh,r
ch,ch
n,n
s,s
m,r
ch,tcl
n,dh
g,g
n,n
th,z
w,w
aa,ay
s,s
iy,iy
ch,ch
n,n
ey,ey
uw,ax
s,z
m,n
n,n
kcl,tcl
axr,ux
l,l
q,q
s,s
eh,ih
ow,l
bcl,kcl
bcl,bcl
l,el
t,k
ay,ay
s,sh
aa,ao
ix,r
b,k
ao,aa
r,r
eh,ix
r,r
ux,ux
w,w
ax,ax
dcl,tcl
dcl,kcl
k,k
w,nx
tcl,tcl
ax,ix
k,k
t,t
aa,ao
el,el
sh,sh
m,m
w,w
axr,axr
ah,eh
p,p
ih,ih
n,n
ng,ix
dcl,dcl
er,r
axr,axr
q,q
ae,ae
ae,ae
hh,hh
ah,ow
sh,sh
el,el
tcl,tcl
ah,aa
sh,ch
m,n
iy,iy
dcl,dcl
z,s
iy,iy
d,t
z,z
ih,ih
kcl,tcl
dcl,bcl
r,r
iy,iy
n,n
ux,ux
d,tcl
ey,ey
f,f
pcl,pcl
aa,ay
gcl,v
eh,ih
ax,ax
s,s
dcl,dcl
ix,ix
v,v
eh,eh
iy,iy
q,q
axr,r
ax,ix
s,s
ey,ey
dcl,bcl
gcl,n
bcl,dcl
q,q
ix,ix
hv,hv
n,n
r,r
iy,iy
ao,w
w,w
iy,iy
k,k
z,z
ax,ax
iy,ux
en,n
zh,hh
ux,ux
axr,r
d,d
ix,ix
ax,ax
iy,iy
k,ix
sh,f
ae,ae
tcl,tcl
kcl,pcl
axr,ae
bcl,dcl
w,l
dx,dx
hv,ng
dx,tcl
m,m
d,m
en,ih
tcl,k
r,ix
p,p
ae,eh
r,r
ah,ax
dx,n
jh,sh
gcl,dcl
er,axr
n,m
pcl,pcl
s,s
r,r
el,l
k,k
l,l
eh,ae
q,q
n,n
p,p
dcl,dcl
axr,q
f,f
hh,hh
ng,n
v,tcl
gcl,kcl
iy,iy
iy,iy
sh,sh
ow,ao
ix,ix
oy,oy
kcl,tcl
dcl,dcl
k,k
q,q
kcl,kcl
q,ix
aw,aw
w,l
d,d
dcl,tcl
l,m
g,k
gcl,tcl
dh,dcl
ay,ay
z,s
iy,y
ao,ao
r,r
t,d
r,r
z,z
pcl,pcl
dh,dh
s,f
ao,aa
k,k
m,n
kcl,kcl
aa,aa
l,l
en,n
ax,ix
ao,q
uw,r
axr,ix
jh,jh
q,q
aa,aa
aa,r
er,ih
s,z
ae,ae
ih,ax
r,r
ax,r
ih,ax
dx,dh
s,s
z,z
ix,ix
ah,eh
m,n
l,l
iy,ih
r,r
hh,hh
pcl,k
q,axr
dcl,bcl
tcl,tcl
axr,m
y,y
aa,ao
k,k
w,l
iy,iy
iy,iy
ux,ux
iy,iy
iy,iy
t,t
hv,hh
ih,ih
q,ax
ae,ae
sh,sh
f,f
gcl,kcl
hh,zh
hh,hh
ah,l
er,ao
uh,el
eh,ih
v,v
kcl,gcl
dx,dx
ax,ix
pcl,tcl
aa,aa
ae,ae
g,dh
v,v
ey,ey
ay,ay
kcl,kcl
ix,ix
ux,ux
sh,sh
m,m
ah,aa
kcl,v
s,s
m,n
tcl,gcl
eh,ih
ay,ay
axr,ae
ao,l
uh,ih
s,s
s,z
ae,ae
n,n
ae,ae
nx,n
iy,iy
tcl,hh
ow,l
ih,ih
dcl,dcl
kcl,tcl
ux,ih
d,k
gcl,tcl
ow,ao
pcl,pcl
m,n
kcl,tcl
d,p
dh,t
ah,ao
iy,iy
aa,aa
q,q
ih,r
ix,ix
ae,ae
jh,jh
gcl,pcl
ih,ih
m,n
w,w
z,z
sh,sh
eh,eh
iy,iy
iy,iy
ah,ao
ix,ix
q,q
axr,q
s,s
n,n
n,n
n,n
ae,ae
sh,sh
ix,ix
ao,ao
s,s
l,l
q,q
k,gcl
s,s
dcl,dcl
dh,d
ah,ax
k,k
ux,hv
ix,q
ax,l
g,p
tcl,tcl
ow,l
k,k
r,r
m,z
ax,ix
y,y
k,k
p,p
r,l
s,z
ax,eh
aa,aa
dcl,dcl
r,r
ih,ih
p,f
axr,axr
w,ao
r,r
ix,ix
hv,hv
z,sh
n,n
iy,iy
er,axr
ix,iy
dcl,dcl
w,l
el,l
w,w
dcl,dcl
w,w
iy,iy
gcl,dcl
aw,ae
dcl,tcl
axr,axr
eh,ae
ih,ix
hh,kcl
ey,ey
ow,ow
dx,dx
tcl,tcl
ix,axr
r,r
dcl,gcl
s,s
l,l
k,q
er,r
dh,t
n,n
kcl,kcl
ih,ix
m,m
m,m
kcl,kcl
iy,iy
g,dh
bcl,bcl
n,n
s,s
dcl,dcl
ao,ao
el,q
tcl,f
iy,iy
ix,iy
r,r
tcl,tcl
axr,axr
v,v
ih,ih
ae,eh
s,t
dcl,dcl
ae,ae
p,pcl
r,r
ah,ix
r,r
ah,l
ng,n
ay,ay
ae,ae
s,s
er,er
tcl,pcl
p,kcl
axr,axr
kcl,p
ax-h,ax
n,n
kcl,tcl
n,n
dcl,dcl
n,n
ey,ay
dx,dcl
r,axr
r,r
ah,ah
eh,ih
d,dh
q,q
n,n
l,l
ix,ix
m,n
k,k
tcl,z
th,tcl
eh,axr
z,s
n,ix
ih,ix
ih,iy
m,m
ow,ow
k,k
n,n
q,q
gcl,ng
tcl,k
l,l
kcl,dcl
aa,ao
ah,ix
ae,ih
l,l
nx,ax
iy,iy
f,f
axr,axr
ix,ix
tcl,pcl
ax,ax
n,n
l,r
f,f
q,q
nx,ix
y,iy
iy,iy
ux,iy
th,dh
s,s
g,g
tcl,m
l,aa
r,r
hv,gcl
dcl,tcl
kcl,pcl
ay,ay
s,s
er,ix
iy,ix
ih,iy
ih,ix
l,w
dcl,gcl
ux,ux
iy,iy
ey,ey
v,v
ow,ow
s,sh
q,q
axr,axr
dx,r
bcl,dcl
s,s
tcl,pcl
ix,ix
ch,sh
axr,r
oy,ay
w,w
tcl,tcl
m,m
ah,ay
eh,l
iy,ey
r,axr
v,v
ax,ix
hh,p
g,k
ah,ax
axr,r
ih,ih
p,p
q,q
n,n
ay,ae
k,k
ao,ao
q,el
w,l
ix,ix
tcl,tcl
iy,iy
r,r
ey,iy
tcl,tcl
r,r
tcl,tcl
r,r
ah,eh
jh,ch
aa,ae
pcl,tcl
er,r
ix,ix
ao,ao
l,r
z,z
p,p
iy,iy
ae,ae
r,r
m,m
w,w
aa,ao
ix,ey
q,ix
eh,ix
dx,dh
ih,ih
s,s
ah,eh
r,axr
ix,ix
ah,ah
dh,dh
pcl,kcl
q,q
kcl,tcl
axr,ix
t,t
s,s
ax,ix
ow,el
ao,aw
ix,ix
z,dcl
ah,aa
aa,r
z,sh
l,l
dh,z
s,s
n,n
y,iy
axr,axr
v,v
k,k
ao,ao
ax,ax
f,f
iy,iy
z,s
t,t
en,ix
r,iy
ix,ix
gcl,n
m,m
eh,eh
dh,t
l,l
tcl,tcl
g,tcl
z,z
q,q
ix,ix
ih,r
b,p
ax,r
sh,sh
iy,iy
el,el
w,w
gcl,gcl
n,n
tcl,kcl
f,f
l,el
r,axr
sh,sh
oy,oy
ah,ah
ix,ix
z,s
sh,ch
s,s
ae,ae
ng,n
iy,iy
ix,nx
ux,ih
iy,ix
y,iy
dcl,n
eh,ow
dcl,dcl
aa,ay
w,l
ih,ix
sh,sh
ih,ih
ay,ay
kcl,tcl
f,f
ae,ey
s,s
ow,ao
ih,l
oy,oy
er,r
ax,ax
axr,r
ah,ax
p,k
tcl,kcl
ao,ax
tcl,tcl
ix,ix
em,m
tcl,tcl
s,s
q,kcl
s,s
w,w
eh,ey
axr,aw
s,s
dcl,kcl
iy,iy
tcl,tcl
ih,eh
k,p
t,t
oy,oy
eh,eh
kcl,tcl
w,w
r,r
l,l
r,r
d,d
s,s
hh,hh
p,p
dcl,dcl
ow,ow
jh,jh
uh,ih
r,r
y,y
n,n
ah,ow
jh,k
ax,ax
ah,l
k,tcl
n,n
dx,zh
aa,aa
axr,axr
ey,ey
l,l
ax,ax
ng,n
k,k
m,m
r,r
w,n
l,l
er,r
f,f
t,t
hv,hv
l,n
iy,iy
kcl,n
z,z
iy,iy
w,w
q,k
aa,ae
ey,ey
w,w
en,n
w,el
ay,ay
ae,ae
r,r
hv,jh
ae,ae
m,n
g,d
gcl,dcl
r,ae
ao,el
m,n
s,s
v,v
t,dh
aa,aa
dcl,kcl
ay,aa
ey,ey
ax,l
dcl,n
sh,ch
ix,ih
ih,iy
ix,r
axr,axr
t,th
axr,axr
ix,ix
k,k
nx,n
s,s
er,axr
ey,ey
kcl,kcl
ey,ih
s,s
ao,ao
ow,ow
l,l
iy,iy
iy,ix
ix,ix
ix,iy
n,n
q,q
ah,aa
bcl,bcl
aa,aa
z,s
dcl,dcl
ay,ay
ix,v
k,k
v,v
dx,v
gcl,dcl
ay,ae
r,r
ax,ax
s,s
ey,ih
aw,aw
axr,axr
f,f
ao,ao
pcl,bcl
ao,ao
ih,iy
l,l
tcl,tcl
ae,ih
eh,ix
n,n
ae,eh
eng,ix
ao,r
ix,q
r,r
iy,iy
ux,ux
axr,aa
dcl,dcl
m,ix
hh,hh
dcl,dx
n,n
dcl,gcl
l,l
z,z
r,r
ix,axr
l,w
iy,iy
eh,eh
k,k
q,tcl
ih,ih
r,ix
z,z
ix,ix
iy,y
axr,er
ay,ae
v,v
ix,ix
dx,dx
f,tcl
k,kcl
iy,ey
y,iy
hh,f
n,ng
dh,dcl
uw,ow
pcl,bcl
v,v
t,k
ax-h,t
ow,eh
ch,th
ix,n
m,m
l,m
tcl,tcl
gcl,ng
w,w
m,m
p,q
ax,n
n,n
n,n
ix,ix
ix,ax
l,w
dcl,pcl
ao,ao
ey,ae
tcl,m
ih,ix
n,n
t,dh
er,aa
er,er
tcl,tcl
n,n
ah,ah
ih,ih
g,t
ix,ix
ux,r
axr,ix
en,eh
m,m
s,s
tcl,pcl
kcl,kcl
ux,r
m,n
gcl,bcl
er,r
ch,ch
s,s
bcl,hv
ow,ao
hh,hh
kcl,dcl
hv,dh
ey,ey
hv,ix
n,n
n,ix
z,z
eh,ix
bcl,gcl
w,w
ae,ae
q,ix
dcl,dcl
b,dh
dh,kcl
tcl,tcl
n,n
z,z
oy,oy
tcl,dcl
s,s
tcl,dcl
r,r
gcl,dcl
ix,ix
ow,eh
tcl,tcl
q,tcl
tcl,ix
l,l
r,r
ae,ae
ae,ae
ao,ao
p,p
ah,ah
aa,aw
kcl,kcl
l,r
g,k
ix,ax
s,s
axr,er
s,s
tcl,dcl
v,v
kcl,pcl
sh,sh
ng,bcl
y,iy
p,k
eh,q
ay,aa
ax,ax
d,dh
k,tcl
n,n
kcl,kcl
kcl,kcl
dcl,v
iy,ih
kcl,gcl
s,sh
y,iy
ch,f
iy,iy
r,r
iy,iy
el,w
ae,ae
m,m
s,s
er,r
ay,ay
hv,ih
ay,ay
ay,ay
axr,er
t,t
r,ao
ix,ix
r,hv
m,m
tcl,tcl
aa,aw
iy,iy
l,l
tcl,pcl
l,l
ow,ow
r,r
ao,l
ux,iy
v,v
eh,eh
ng,m
eh,ae
ix,ix
ax,ih
aa,aa
ix,ax
n,dcl
s,s
th,f
n,n
n,n
dh,m
r,r
r,r
w,l
eh,ey
t,d
iy,iy
tcl,tcl
l,l
dh,th
l,ax
iy,iy
dcl,dcl
kcl,kcl
er,r
d,d
kcl,kcl
er,r
ae,ae
pcl,kcl
n,n
k,k
ux,ux
iy,iy
v,r
gcl,gcl
ae,ae
n,ax
dh,z
f,f
gcl,tcl
hh,k
ih,ix
ih,ix
ng,ng
iy,iy
eh,ix
iy,ey
dcl,dcl
v,f
s,s
t,t
bcl,tcl
q,jh
ax,ix
r,r
iy,iy
ih,ax
v,v
iy,iy
s,z
gcl,tcl
dcl,dcl
oy,oy
er,er
g,q
aa,aa
axr,r
d,d
s,s
uh,ao
l,l
r,r
iy,iy
axr,axr
ih,ih
en,n
ng,r
dx,gcl
ux,ux
iy,iy
ng,n
tcl,gcl
n,m
ey,ey
sh,f
pcl,pcl
iy,iy
iy,iy
bcl,kcl
ih,eh
ah,ih
ao,ao
m,n
ao,w
tcl,tcl
aa,ao
ay,ay
gcl,gcl
p,p
ay,ay
m,en
y,iy
eh,ix
ao,ao
ix,n
gcl,kcl
gcl,dcl
ao,el
dcl,tcl
ih,ix
r,axr
tcl,pcl
iy,iy
t,t
sh,sh
l,l
aa,ao
k,k
ix,ix
dcl,tcl
r,n
k,p
s,s
f,f
ay,ay
r,ng
ih,ih
z,s
pcl,tcl
th,q
k,k
aa,aa
sh,sh
hh,kcl
tcl,pcl
q,q
ay,ay
dx,dx
ae,ae
ih,ix
ao,ao
z,z
sh,sh
r,ix
dcl,tcl
z,z
axr,axr
sh,s
axr,r
ih,ih
dh,ix
pcl,tcl
ae,ae
m,nx
t,t
jh,sh
z,z
pcl,pcl
y,iy
w,l
iy,iy
axr,r
ae,ae
tcl,tcl
ay,ay
tcl,tcl
ih,ih
z,s
iy,iy
aa,ax
ey,ey
aa,aa
iy,iy
ih,ih
p,p
dcl,gcl
l,aa
ch,ch
z,z
p,p
ix,ix
ae,ae
r,r
r,r
k,k
dh,t
aw,aw
ao,ao
ow,l
ix,ih
tcl,tcl
ao,ao
n,n
uh,l
ae,ae
ux,ih
ix,ix
l,l
kcl,kcl
z,s
hv,hv
ix,ax
ix,ih
ey,ey
n,n
axr,ih
f,f
gcl,gcl
r,axr
m,n
ey,ey
g,k
g,g
iy,y
ao,ao
y,iy
r,r
tcl,tcl
iy,r
dcl,n
tcl,tcl
axr,ix
ih,eh
t,t
iy,y
ay,ay
dcl,dcl
y,iy
nx,n
ax,q
z,z
ix,ax
l,l
tcl,tcl
er,r
aw,ae
ae,ae
n,n
ix,ix
t,q
aa,ah
kcl,pcl
l,el
oy,oy
r,r
f,f
ih,iy
l,l
ix,ix
ax,ax
ae,ey
ix,n
l,m
p,kcl
k,p
tcl,dcl
axr,axr
ux,ix
iy,iy
k,k
tcl,pcl
ey,ey
dcl,n
g,g
r,v
s,tcl
iy,iy
w,w
k,k
tcl,tcl
n,n
aa,aa
n,n
ao,ao
b,p
q,ix
hv,hv
ay,l
r,r
s,s
t,dh
ae,ae
kcl,p
iy,iy
dcl,n
t,t
w,n
l,l
dcl,tcl
sh,sh
ow,ow
pcl,tcl
ae,ae
dh,p
kcl,tcl
ng,n
el,l
ux,axr
s,z
n,n
k,t
ax,ix
q,ix
t,t
ey,ey
ao,ow
m,n
dcl,tcl
ix,ix
ao,ow
eh,ih
eh,ih
l,l
ae,ae
s,s
s,s
t,t
er,axr
ae,ae
r,r
dcl,tcl
pcl,pcl
iy,iy
w,w
ih,ih
ae,ae
ix,ix
r,r
ih,iy
w,w
eh,ih
w,w
v,v
m,bcl
aa,ao
ao,ao
ix,ae
dx,k
tcl,kcl
th,tcl
r,r
kcl,pcl
v,v
bcl,dcl
eh,ey
v,pcl
ux,ux
z,z
gcl,pcl
ae,ae
eh,eh
k,k
er,axr
ay,ay
ux,iy
kcl,tcl
dh,dh
ax,ax
axr,r
ao,ao
z,s
m,n
dcl,dcl
z,sh
ix,ix
ae,ae
bcl,bcl
m,m
pcl,pcl
en,n
tcl,tcl
kcl,kcl
dcl,bcl
s,s
z,s
ax-h,tcl
p,p
l,l
k,k
iy,iy
sh,s
ah,aa
kcl,kcl
w,w
jh,jh
ih,ih
nx,hv
iy,ix
ay,aa
sh,sh
ch,jh
r,r
ix,ih
l,l
ay,ao
dcl,ix
er,ih
s,s
ch,s
k,k
ow,ow
s,s
axr,iy
axr,r
sh,sh
gcl,gcl
ix,ih
dcl,n
dh,f
l,l
ix,ix
f,f
ng,n
en,m
sh,s
axr,ih
tcl,kcl
axr,r
tcl,tcl
axr,ax
axr,r
gcl,r
ae,ae
n,m
aw,aw
hh,n
q,ax
axr,axr
z,z
g,ix
ae,ae
ux,ux
iy,iy
p,dh
dh,n
tcl,pcl
iy,ix
l,l
ix,eh
t,t
bcl,dcl
ih,ix
eh,eh
r,l
kcl,kcl
ix,ey
tcl,tcl
uh,axr
ix,ax
v,v
ng,n
ux,iy
er,er
gcl,tcl
iy,iy
s,s
k,k
th,s
eh,eh
k,k
r,r
k,hh
ae,ae
z,z
l,l
z,kcl
eh,eh
dh,f
s,s
k,k
ih,ix
ax,ax
ix,ix
tcl,kcl
er,el
hv,hh
m,n
ao,ao
z,z
ax,ax
y,y
r,r
dcl,kcl
n,n
dh,s
ey,ey
aa,r
tcl,tcl
kcl,kcl
w,w
aa,ao
z,z
ch,hh
er,er
bcl,tcl
g,q
ae,ae
dx,dx
l,l
eh,eh
uh,ix
ax,ix
ix,ix
s,t
s,s
g,k
sh,sh
z,s
pcl,tcl
m,m
ih,ix
t,t
ng,n
ae,ae
s,z
dx,ix
kcl,kcl
f,f
ay,ay
ih,ix
l,ax
ay,ay
f,f
f,f
sh,s
ae,ae
s,s
dcl,z
ae,ae
k,dh
ae,ae
ih,eh
ix,ix
y,y
gcl,n
tcl,kcl
aa,aa
kcl,dx
ey,ey
l,l
aa,aa
s,z
eh,eh
n,n
y,y
ix,ix
l,iy
s,s
kcl,kcl
er,axr
iy,iy
l,l
axr,ax
l,l
m,n
f,f
m,m
dcl,dcl
gcl,n
ae,ae
tcl,tcl
d,d
uh,ix
ih,ey
eh,ae
t,jh
w,w
sh,sh
l,l
ah,eh
z,z
tcl,dcl
n,n
p,kcl
aa,aa
ey,ey
v,v
ix,ix
m,n
w,w
m,m
z,z
m,r
kcl,tcl
dcl,gcl
n,n
s,s
eh,ix
kcl,kcl
l,l
ix,ih
bcl,bcl
l,l
ix,r
dcl,bcl
el,el
s,z
v,v
s,s
kcl,kcl
b,p
gcl,v
k,k
ae,ae
n,n
m,n
tcl,s
iy,iy
ih,ih
dh,jh
m,m
gcl,n
kcl,tcl
kcl,kcl
axr,r
n,ix
ae,ae
ng,n
n,m
dcl,dcl
er,er
z,z
ah,eh
gcl,n
q,q
iy,iy
r,r
l,l
ao,ao
k,k
iy,iy
axr,r
s,s
ax,ax
l,ax
y,ix
f,f
m,m
z,z
l,l
s,s
n,n
m,v
q,q
w,w
dx,dx
ax,q
s,s
dh,dh
k,g
q,k
s,s
n,n
gcl,bcl
z,s
ae,ae
t,t
s,k
axr,r
f,tcl
r,r
m,n
ih,axr
ax,ix
iy,iy
aa,aa
p,p
kcl,tcl
ux,n
ux,iy
tcl,tcl
axr,r
iy,ix
ow,ow
gcl,dx
z,s
l,w
r,ix
m,m
kcl,kcl
el,el
tcl,tcl
r,r
l,r
iy,iy
ix,r
w,l
r,r
ae,ae
w,w
eh,eh
r,r
ix,ix
n,n
r,r
eh,ah
z,s
ao,l
axr,ih
kcl,kcl
w,w
pcl,tcl
d,t
v,v
aa,aa
kcl,kcl
v,v
ix,ix
dcl,dcl
s,z
sh,s
d,d
jh,ch
ow,ow
f,f
r,r
z,z
ng,r
dx,n
p,p
aa,aa
k,p
r,ax
ch,t
s,s
ix,ih
z,z
r,r
l,l
z,z
tcl,tcl
tcl,tcl
s,s
kcl,kcl
