true_label,predicted_label
n,n
eh,ix
ao,uh
iy,iy
ah,ah
en,ax-h
ax,n
ih,ih
w,w
en,n
l,l
ix,ax
iy,iy
l,ow
w,r
z,sh
sh,sh
ng,n
pcl,pcl
ay,ae
l,l
p,p
s,s
uw,r
uh,ix
hv,hh
s,s
s,z
r,r
t,t
z,z
tcl,dcl
tcl,bcl
ae,eh
t,t
ey,ey
iy,ix
ih,ix
ay,ay
p,f
r,r
f,f
iy,iy
ao,w
r,r
ay,ay
ix,ix
r,r
s,s
er,er
iy,iy
dcl,tcl
dcl,bcl
aw,eh
dh,dh
dcl,dcl
ax,ix
v,v
ao,ow
eh,eh
bcl,dcl
s,s
pcl,pcl
tcl,kcl
er,er
dcl,dcl
iy,iy
ix,ix
w,w
tcl,pcl
n,n
s,s
dcl,dcl
th,f
aa,aa
ae,ae
tcl,tcl
w,w
n,n
g,k
k,k
y,y
oy,oy
k,k
iy,iy
z,z
eh,ae
axr,axr
em,m
v,n
q,q
ax,ix
ch,sh
n,ng
k,p
sh,sh
kcl,kcl
tcl,tcl
k,k
b,p
gcl,dcl
ux,ix
r,r
dcl,dcl
er,ix
ix,ix
tcl,kcl
axr,er
ix,iy
q,q
ix,ax
tcl,tcl
p,p
iy,iy
tcl,pcl
ey,ey
tcl,dcl
iy,ey
r,ax
bcl,bcl
n,n
kcl,kcl
w,w
w,w
f,th
s,s
s,s
k,k
n,n
ih,ih
iy,iy
g,q
dh,s
tcl,tcl
s,s
ih,ih
ae,ae
ae,ae
s,s
r,axr
gcl,ng
eh,eh
ae,ae
dcl,dcl
l,l
l,l
hv,hv
w,r
aw,aa
f,f
kcl,kcl
aa,ah
ah,ah
aw,ae
ey,ey
tcl,dcl
r,r
pcl,pcl
l,l
dh,tcl
nx,n
k,g
n,ix
m,n
y,iy
s,s
gcl,dcl
l,l
ix,ix
ax,ix
gcl,n
ae,eh
tcl,tcl
bcl,bcl
z,z
tcl,tcl
ae,ae
ah,ah
tcl,tcl
axr,er
t,t
dcl,dcl
m,n
pcl,pcl
ix,ix
ux,ux
ix,iy
l,ax
eh,eh
ih,ih
k,t
k,k
ao,ao
ae,ae
r,r
ih,ix
ix,ix
ch,jh
l,l
bcl,bcl
n,n
kcl,dcl
ah,ah
tcl,tcl
r,r
ah,ah
ix,ix
ih,ih
ae,ae
r,r
ao,axr
iy,iy
er,axr
ao,ao
v,ng
ng,n
k,kcl
ax-h,dh
v,dcl
b,p
ah,ah
n,l
pcl,pcl
ux,ix
tcl,bcl
ux,ux
tcl,r
ih,ey
m,n
tcl,tcl
ix,ix
ax,ah
ih,iy
ao,ao
ae,ae
t,t
tcl,pcl
m,n
n,n
iy,iy
axr,axr
n,n
iy,ix
ih,iy
l,l
eh,eh
bcl,pcl
ey,ey
z,s
p,p
q,q
v,v
m,m
t,t
k,hh
n,m
ix,ng
ch,s
q,q
s,s
ax,ah
oy,oy
sh,sh
ix,ix
t,d
ih,ix
ow,ow
r,r
ax,ax
ao,ao
jh,jh
r,ah
ay,oy
ux,ux
tcl,tcl
f,f
k,dh
l,l
iy,iy
m,m
bcl,bcl
w,w
dcl,kcl
s,s
ae,hh
ih,ih
m,m
jh,jh
ay,ay
kcl,kcl
r,r
iy,iy
n,m
t,t
jh,jh
r,r
ae,ae
ng,n
s,s
z,jh
er,ux
m,m
ae,ae
ax,ax
iy,iy
ao,ao
sh,jh
ax,ax
er,er
kcl,kcl
kcl,kcl
k,k
kcl,tcl
aa,aa
n,dx
ih,ih
iy,iy
hh,hh
g,dx
r,r
n,m
kcl,tcl
l,l
axr,er
kcl,kcl
ao,aa
s,s
ey,ey
kcl,kcl
w,l
tcl,pcl
r,er
hh,hh
kcl,dcl
ow,ow
s,s
l,n
s,s
n,iy
q,pcl
pcl,pcl
n,n
iy,ix
ao,ow
n,m
tcl,kcl
jh,jh
ix,ix
g,k
kcl,tcl
m,bcl
ix,ix
l,l
th,v
gcl,dcl
er,axr
y,iy
gcl,tcl
n,n
pcl,kcl
n,n
m,dcl
ng,ng
r,r
l,l
dh,th
k,p
d,t
f,z
z,z
iy,iy
r,v
s,s
m,m
ix,ix
bcl,bcl
ay,ay
s,s
ix,r
tcl,tcl
axr,r
k,k
tcl,kcl
s,s
r,r
b,g
l,ix
hv,p
w,w
s,s
ih,ih
ae,ae
er,axr
iy,iy
dcl,dcl
kcl,kcl
n,ng
sh,sh
ao,ao
gcl,gcl
l,l
iy,iy
eh,ae
aa,aa
iy,iy
gcl,gcl
ix,ix
dh,dh
axr,axr
k,k
f,sh
q,q
ix,eh
ao,aa
ax,ah
eh,eh
ax,ax
tcl,tcl
n,n
kcl,kcl
ih,ih
ax,ax
v,v
hv,hv
axr,axr
p,k
t,t
ay,ae
eh,ix
hh,hv
iy,iy
s,s
ae,eh
ae,ay
ix,ix
tcl,dcl
axr,v
q,ax
ao,ah
s,z
s,s
ay,aa
s,s
iy,iy
r,r
eh,eh
m,m
n,q
ih,axr
v,w
ax,w
iy,iy
kcl,kcl
l,l
eh,eh
n,m
eh,ih
kcl,k
r,r
ay,q
w,n
z,z
kcl,pcl
ix,ix
ix,ix
y,iy
kcl,kcl
iy,iy
axr,axr
w,w
th,pcl
ah,oy
pcl,kcl
pcl,pcl
ih,ih
q,q
l,l
ng,gcl
iy,y
r,dx
eh,ow
kcl,kcl
aa,aa
ax,ax
iy,iy
ao,ao
r,er
z,s
ux,ux
aa,ao
ix,ix
sh,sh
ow,ow
s,s
q,l
q,gcl
kcl,pcl
dh,dh
sh,sh
ay,ay
ay,ay
s,s
m,m
tcl,kcl
ix,ix
kcl,kcl
p,p
z,sh
ix,ih
tcl,tcl
t,t
ae,q
ae,ae
el,l
axr,dcl
axr,axr
y,iy
ax,ax
k,k
g,g
l,l
m,m
er,axr
p,p
bcl,bcl
eh,eh
ax,ah
m,kcl
ao,ao
r,r
r,r
r,r
m,m
ae,ae
ey,iy
n,n
ae,ae
kcl,pcl
iy,iy
eh,ae
iy,ix
s,s
ey,ey
ih,ix
r,r
g,tcl
k,k
pcl,kcl
ax,ah
r,axr
jh,jh
m,ng
t,t
eh,ih
q,q
axr,axr
ae,ae
y,iy
ax,l
ax,ah
ix,hv
sh,sh
f,f
n,n
kcl,kcl
sh,sh
tcl,tcl
axr,axr
ae,ae
r,r
ae,ae
s,s
y,dcl
ax,eh
iy,iy
sh,sh
s,s
ax,w
sh,sh
ix,ix
v,f
l,l
v,v
ey,eh
eh,eh
tcl,tcl
tcl,tcl
n,n
tcl,kcl
m,m
iy,iy
ey,ey
iy,iy
ix,n
jh,d
el,el
ey,ey
hh,hh
f,f
ih,ih
ih,ih
sh,ch
m,m
ix,eh
bcl,bcl
s,s
v,v
el,ng
r,r
r,r
w,w
uh,ix
ay,ay
hh,hh
pcl,tcl
dx,dx
ux,ux
k,k
t,k
ix,l
r,r
dcl,v
n,m
y,y
q,q
r,axr
f,f
w,w
s,s
dcl,tcl
dh,dx
nx,n
n,n
dcl,dcl
p,p
ix,iy
m,m
b,p
oy,oy
ae,aw
d,z
q,q
ae,eh
w,l
tcl,tcl
ux,ux
iy,iy
s,s
m,m
q,q
aw,aw
axr,axr
pcl,pcl
ah,ao
g,k
f,f
ey,ey
aw,aw
m,m
iy,dcl
iy,iy
dcl,dcl
axr,r
aa,aa
tcl,kcl
aa,aa
w,w
ao,el
ow,ow
iy,iy
b,kcl
oy,oy
ey,eh
uw,uw
el,l
ix,ix
ix,ix
ng,n
ng,n
dcl,dcl
s,s
bcl,dcl
ey,ey
q,q
p,z
ih,axr
pcl,dcl
ae,ae
sh,sh
k,k
hh,hh
t,t
l,l
zh,sh
bcl,bcl
iy,ix
tcl,kcl
s,s
kcl,kcl
tcl,kcl
s,s
ix,ih
dcl,dcl
l,uw
w,w
r,axr
n,n
dcl,tcl
r,r
r,r
ae,ae
oy,ey
s,s
ix,ih
s,s
v,w
iy,iy
r,r
f,f
axr,axr
r,r
ah,ao
bcl,bcl
tcl,tcl
dcl,dcl
ow,ow
ng,n
z,z
m,dh
ih,ix
q,q
dx,dx
v,v
t,t
n,n
pcl,dcl
ix,iy
ey,ey
eh,ey
t,k
f,f
gcl,dcl
kcl,kcl
ax,ix
r,r
l,l
r,r
ey,ey
k,jh
iy,iy
hh,p
sh,s
ix,ix
sh,s
f,f
aa,ao
dcl,tcl
ae,ae
s,s
kcl,kcl
ax,ae
l,l
ae,aw
iy,iy
dh,dh
k,g
dcl,dcl
iy,ih
w,w
ae,ae
n,n
y,iy
ay,ay
ax,ax
v,v
ey,ey
m,n
hh,p
dcl,dcl
s,z
z,s
aa,aa
z,tcl
ux,ux
ix,l
ix,r
m,m
s,z
ay,ay
eh,eh
aa,ae
iy,iy
n,n
el,el
r,r
axr,axr
ix,ix
ix,ix
kcl,tcl
d,d
s,s
bcl,bcl
p,p
ix,iy
er,er
gcl,dx
w,w
tcl,tcl
ax,ax
kcl,kcl
s,s
aa,aa
gcl,ng
q,q
k,k
ix,q
nx,nx
iy,iy
axr,axr
kcl,tcl
ix,ux
p,p
l,l
k,k
dh,dh
jh,jh
iy,iy
q,q
t,dh
r,r
eh,ix
r,ax
r,r
uh,ih
ae,ae
s,s
axr,m
kcl,kcl
v,ix
s,s
n,l
r,r
ix,ey
r,r
iy,iy
tcl,kcl
ix,iy
aa,ao
ng,y
q,hh
v,v
n,n
nx,ix
tcl,tcl
l,l
kcl,pcl
hh,p
ix,ix
r,r
kcl,kcl
eh,ix
s,s
ih,ix
axr,axr
s,s
z,z
p,p
n,n
ow,ow
ao,ao
w,w
aa,ao
s,s
ae,ae
n,n
f,f
gcl,gcl
er,er
l,l
l,l
gcl,dcl
r,r
iy,iy
l,l
ae,ae
ix,ix
d,d
p,p
tcl,kcl
f,f
oy,oy
ao,ao
l,el
y,y
ax,ix
ae,ae
s,s
ix,iy
m,n
z,z
v,v
m,ux
m,m
r,r
n,n
ao,ao
m,m
ax,eh
ix,iy
n,n
ih,ih
w,l
iy,iy
tcl,hh
ih,ix
kcl,kcl
r,aw
ng,ng
w,w
ae,ae
axr,r
ix,iy
w,l
w,w
r,q
k,k
m,m
tcl,tcl
ax,l
kcl,dcl
ch,ch
bcl,bcl
eh,eh
hv,hh
zh,zh
ch,ch
r,r
ey,ey
hh,k
v,v
r,r
w,w
ay,ay
ih,ih
el,el
eh,iy
s,s
r,r
d,t
l,ah
d,t
dcl,kcl
s,s
iy,iy
uh,ah
bcl,dcl
dcl,dcl
gcl,ng
s,s
dh,m
iy,iy
hh,hv
eh,ah
l,q
l,l
ax,ax
bcl,bcl
t,t
l,ao
pcl,pcl
gcl,dcl
ey,ey
iy,ih
bcl,dcl
dcl,dh
t,t
v,v
ah,ah
el,l
aa,ao
iy,iy
ix,ih
ih,iy
ih,ax
ix,ux
aa,aa
aa,r
n,n
w,w
dh,dh
n,ix
w,ih
tcl,tcl
dcl,dcl
ix,ix
ah,aa
ay,ay
iy,r
axr,axr
ix,ix
kcl,kcl
axr,ih
t,t
sh,sh
iy,iy
ae,ae
ix,ix
q,q
ay,aa
ax,l
iy,iy
ax,ix
ae,eh
tcl,tcl
ey,ey
m,m
dh,f
ao,ao
axr,gcl
tcl,dh
ih,ix
m,bcl
eh,eh
ix,ix
s,s
el,el
s,s
z,s
ow,l
l,dh
dx,dx
ae,eh
n,n
ix,ix
r,r
t,p
r,r
dh,v
aw,ae
q,ix
n,n
er,er
d,d
ix,ix
kcl,pcl
uw,uw
dcl,gcl
tcl,kcl
iy,iy
ao,ao
l,l
ey,ey
w,v
k,k
sh,sh
kcl,kcl
aa,aa
m,n
pcl,gcl
l,l
r,r
eh,ah
iy,iy
iy,iy
ax,ax
eh,ih
oy,oy
d,jh
gcl,dcl
ow,ow
ey,ey
aa,aa
ux,ux
jh,jh
axr,er
dcl,dx
ay,ay
ey,ey
t,t
g,k
v,v
r,r
v,v
m,m
t,t
ih,ih
ao,aw
n,n
k,p
s,s
kcl,kcl
z,z
s,s
l,l
ey,ey
s,s
ix,dx
s,s
q,q
dh,dh
aa,aa
ay,ay
g,y
r,r
sh,sh
iy,iy
gcl,kcl
t,hh
ch,jh
hv,iy
iy,iy
ng,tcl
eh,ae
zh,jh
w,w
ae,ae
dcl,dcl
ch,jh
ow,ow
kcl,tcl
k,f
ix,ey
aa,aa
ae,ae
ix,ix
ao,aa
tcl,tcl
dcl,dcl
s,s
k,k
z,z
tcl,pcl
ih,ix
sh,sh
ih,l
er,r
l,l
w,w
er,axr
th,pcl
pcl,pcl
n,en
tcl,tcl
ng,w
iy,iy
q,dcl
sh,sh
eh,eh
l,l
ow,ow
ix,ix
z,z
k,k
kcl,pcl
gcl,dcl
p,p
r,r
eh,l
m,bcl
ih,ih
m,n
z,s
oy,oy
aa,aa
l,l
ax,w
ae,ae
w,w
dh,p
iy,iy
axr,r
ix,ix
f,tcl
r,gcl
l,l
q,axr
ax,ix
ax,ah
r,r
ng,dcl
iy,iy
f,f
v,v
m,m
dcl,dcl
dx,dx
tcl,tcl
s,s
s,s
aa,ao
z,s
er,er
y,y
f,th
tcl,tcl
bcl,dcl
ah,ax
pcl,tcl
ae,ae
f,th
axr,axr
eh,ix
iy,iy
z,z
ax,l
tcl,tcl
kcl,tcl
s,s
z,s
p,p
l,l
hv,hv
ey,iy
ao,el
gcl,kcl
tcl,dx
eh,ih
ax,nx
w,r
ao,ao
er,r
aa,ow
ay,ay
ix,iy
dx,dx
z,z
q,q
q,q
n,n
ax,ah
n,q
kcl,kcl
iy,ix
en,n
iy,iy
tcl,tcl
iy,iy
r,r
er,r
l,w
n,ng
k,k
bcl,bcl
ey,ey
w,w
l,l
dcl,bcl
ih,ih
l,l
hh,hh
ay,ay
aa,aa
ae,ae
aa,ay
sh,sh
ae,ae
bcl,bcl
dcl,dcl
axr,axr
f,f
ao,ao
g,g
eh,eh
t,t
en,en
kcl,pcl
ix,ax
t,k
ae,ae
dcl,g
s,s
l,q
ae,eh
f,f
kcl,ix
pcl,kcl
eh,ix
ux,iy
r,r
ah,ow
w,l
aa,aa
p,dh
pcl,kcl
dx,dx
s,s
bcl,dcl
dcl,dcl
ey,ey
aa,ah
w,w
q,q
v,v
ih,iy
pcl,tcl
m,n
pcl,pcl
tcl,bcl
kcl,kcl
oy,oy
kcl,tcl
ae,ae
aa,ah
pcl,pcl
ih,ix
ae,ae
ae,ae
ng,n
s,s
s,s
ey,ey
s,s
sh,sh
q,q
g,g
tcl,pcl
ch,ch
p,dh
dh,d
dx,dcl
aa,aa
n,n
jh,jh
n,n
eh,ow
s,s
pcl,tcl
v,v
y,iy
hv,hv
ax,r
ax,ax
ao,l
ay,ay
ux,y
y,ix
k,k
gcl,bcl
dh,ix
q,q
p,p
dh,dcl
ah,aa
l,ax
ih,ih
w,w
el,ax
ay,ay
kcl,tcl
ay,ay
ey,ey
tcl,tcl
ao,ao
b,b
eh,eh
s,s
l,l
ng,ng
iy,iy
y,y
tcl,kcl
ae,ae
iy,iy
oy,oy
t,t
ay,ay
tcl,tcl
t,t
er,ae
r,r
pcl,pcl
pcl,pcl
s,s
ih,ix
iy,iy
ow,ow
ay,ay
w,w
ae,ae
tcl,tcl
ix,ix
p,p
kcl,kcl
axr,r
kcl,kcl
bcl,bcl
k,p
n,n
s,s
ay,ae
ah,ah
r,r
ey,ey
b,p
iy,iy
dh,dx
f,f
ae,er
l,l
axr,er
axr,ix
kcl,pcl
ix,iy
n,n
jh,jh
aa,ae
ih,ix
ih,ih
ae,hv
ae,ae
v,v
iy,iy
dx,dx
r,axr
m,m
ix,ix
f,f
d,dx
n,m
pcl,kcl
ah,ow
r,r
tcl,tcl
l,l
ey,ey
axr,ux
w,w
l,l
l,n
kcl,kcl
ax,ax
jh,jh
k,hh
ix,r
iy,iy
ow,ow
dcl,n
n,dcl
iy,iy
m,m
k,k
ix,ix
p,p
iy,iy
r,r
kcl,kcl
f,f
ih,ih
ah,r
el,ow
sh,s
m,n
jh,jh
f,f
n,ng
v,v
ae,ow
dcl,dcl
tcl,dcl
kcl,gcl
iy,iy
hh,hh
th,kcl
kcl,kcl
ix,ix
s,s
s,th
f,f
z,s
z,s
hv,hv
ix,ix
l,ax
iy,iy
ax-h,ax
y,ih
y,iy
l,l
th,tcl
bcl,bcl
ey,ey
dcl,dcl
ch,ch
ae,ae
iy,iy
ay,ay
s,s
ix,ix
axr,axr
tcl,kcl
hv,hv
ah,ah
g,k
v,ix
el,bcl
hh,hh
dcl,dcl
gcl,dcl
eh,eh
ax-h,v
q,q
n,en
ow,ao
n,n
axr,axr
ae,ae
ih,hv
dcl,n
ao,ao
t,k
m,m
sh,sh
l,l
iy,iy
n,n
ax,ix
w,w
dcl,kcl
ae,ae
aa,aa
kcl,tcl
y,iy
ng,m
iy,iy
w,w
iy,iy
iy,iy
ih,ih
ay,ae
el,l
w,w
el,ow
tcl,kcl
ix,ih
f,f
ae,ae
ah,ah
r,r
dx,dx
z,z
l,ax
r,r
iy,iy
dcl,kcl
ix,ih
s,z
ao,ao
z,s
dh,dx
ax,ix
aa,ao
n,n
ix,ix
ax,q
dh,f
r,r
en,n
em,m
dcl,pcl
ux,ux
gcl,dcl
f,f
aa,aa
aa,r
s,z
ix,iy
pcl,tcl
er,er
dcl,dcl
k,k
axr,eh
n,n
l,r
dx,n
ao,ao
s,s
dx,dx
eh,eh
k,ax-h
z,s
ux,ux
hv,iy
l,l
axr,ix
ay,ay
eh,ix
p,p
n,m
sh,sh
ih,ih
f,f
iy,iy
q,q
g,g
dx,dcl
s,s
ae,aa
tcl,kcl
dx,dx
kcl,kcl
gcl,dcl
bcl,gcl
n,m
ih,ix
ae,ae
v,v
jh,k
n,n
n,n
l,l
ch,s
ae,ae
ih,ih
pcl,pcl
iy,iy
iy,iy
iy,iy
ae,ae
iy,iy
sh,sh
f,f
dcl,tcl
aw,ae
ay,ay
s,t
g,p
bcl,bcl
dcl,dcl
l,l
pcl,pcl
ae,aw
gcl,kcl
axr,er
iy,iy
dcl,dcl
d,dh
bcl,dcl
y,q
ux,iy
q,aa
d,dcl
gcl,kcl
axr,axr
w,w
ow,ow
ax,l
kcl,kcl
l,l
axr,r
dx,dx
tcl,kcl
axr,ih
iy,iy
bcl,pcl
dh,dh
sh,sh
k,k
pcl,kcl
iy,iy
ix,ih
ix,ix
sh,sh
iy,iy
iy,iy
ih,ix
y,y
eh,eh
sh,s
f,f
m,m
kcl,kcl
ah,ix
g,g
n,n
w,w
m,m
ix,ix
k,k
s,s
w,w
kcl,kcl
t,t
ax,w
n,n
ow,ow
p,p
l,l
w,w
iy,iy
k,k
eh,eh
gcl,gcl
dcl,dcl
n,n
sh,sh
dcl,tcl
dh,dh
ix,ih
ih,eh
z,s
n,n
tcl,dcl
q,iy
axr,r
p,p
eh,ae
f,f
v,dcl
t,t
w,r
dh,l
eh,eh
n,dcl
ae,ae
iy,iy
z,s
n,n
n,dcl
s,s
sh,sh
iy,ix
v,v
n,n
n,n
k,tcl
er,axr
tcl,kcl
r,axr
k,q
m,en
kcl,kcl
ae,ae
nx,n
k,k
tcl,tcl
ix,ix
iy,iy
nx,n
ch,jh
sh,sh
ay,ay
kcl,kcl
ao,l
s,s
w,w
ih,ix
ix,ix
ay,ay
f,p
ax,ix
eh,eh
r,m
m,m
t,t
kcl,tcl
s,s
dcl,dcl
n,n
ey,iy
nx,m
kcl,kcl
ix,ix
k,jh
l,l
dcl,dcl
r,w
g,k
sh,sh
pcl,kcl
ax,ax
m,n
s,z
kcl,kcl
kcl,kcl
n,n
ax,ax
tcl,kcl
iy,iy
iy,ih
l,l
iy,iy
v,v
k,p
dx,dcl
ah,ax
aa,aa
ay,ay
dx,dcl
ax,ax
n,n
s,z
dcl,dcl
s,s
n,n
s,s
iy,iy
axr,axr
kcl,kcl
s,s
n,n
tcl,tcl
z,s
pcl,tcl
k,k
w,w
oy,oy
ow,ow
k,k
ah,eh
w,w
ix,ix
s,s
axr,axr
k,k
ix,axr
iy,iy
aa,ao
ao,ao
w,w
f,f
k,k
uw,l
ix,ix
ix,ix
ux,ux
dx,dcl
gcl,tcl
sh,sh
l,l
n,n
r,r
p,k
aa,aa
k,p
n,n
sh,s
tcl,pcl
sh,sh
pcl,bcl
ey,ey
pcl,kcl
tcl,pcl
dcl,dcl
d,dh
r,r
er,ih
r,r
axr,er
ih,ey
ow,ow
l,l
n,m
ih,ih
ix,ix
t,d
p,p
p,p
s,s
dh,n
aw,aw
gcl,dcl
w,l
d,jh
n,n
iy,iy
m,ng
ao,w
s,s
s,s
k,q
ax,ax
axr,axr
g,p
l,l
pcl,tcl
hh,p
ae,ae
n,n
ax,l
axr,axr
ch,t
y,iy
ih,ey
v,v
axr,er
ae,ae
s,s
ax,ax
k,k
ix,ix
sh,s
v,v
n,n
ey,ey
ao,ao
axr,axr
z,z
n,n
axr,axr
uh,l
y,iy
eh,eh
s,s
kcl,tcl
l,l
ih,y
ah,ay
s,s
w,w
iy,iy
iy,iy
ae,ae
f,f
ix,n
ae,ae
ax,l
s,z
ih,ih
ch,s
q,el
jh,t
l,l
jh,jh
eh,r
tcl,tcl
ix,ah
aa,ah
p,p
z,z
r,r
n,n
sh,sh
m,m
l,l
axr,r
th,f
n,dcl
s,s
ax,l
n,n
ay,ay
q,q
gcl,tcl
ay,ah
iy,iy
m,m
tcl,tcl
hh,hh
ey,iy
t,p
m,n
s,z
dh,n
ay,ao
m,m
th,hh
ih,ih
l,l
p,p
t,t
ay,ay
r,r
iy,iy
ix,ix
q,q
eh,eh
l,l
dx,dx
axr,r
bcl,dcl
p,dh
ae,ae
s,s
eh,ae
ux,ux
jh,jh
aa,aa
eh,eh
d,tcl
r,axr
l,w
th,f
t,t
ey,ae
m,n
ux,ux
ng,n
kcl,kcl
w,w
t,t
s,s
ay,ay
ae,eh
m,n
dx,kcl
r,axr
q,tcl
ow,ow
ix,ih
bcl,bcl
f,f
ix,eh
l,l
r,axr
iy,iy
ao,ao
ix,ix
r,r
q,en
z,z
k,p
ax,ix
axr,n
th,f
ow,axr
n,n
n,n
ih,ih
k,p
en,n
s,s
er,er
r,r
eh,ae
sh,sh
en,n
k,k
iy,iy
hv,hv
ow,ah
l,iy
dcl,dcl
aa,aa
dh,tcl
l,l
f,v
t,k
iy,iy
ix,q
iy,iy
kcl,kcl
nx,nx
gcl,dcl
ey,ey
pcl,pcl
m,dh
pcl,kcl
ao,ao
tcl,tcl
l,n
q,dx
tcl,tcl
iy,iy
gcl,kcl
tcl,tcl
z,z
hv,l
iy,iy
dcl,tcl
s,s
dcl,dcl
z,s
en,n
kcl,kcl
ih,ih
k,k
l,l
axr,r
z,z
hv,hh
ae,ae
s,s
eh,eh
axr,axr
ih,ih
gcl,gcl
ux,ux
nx,n
r,r
l,l
w,w
n,n
iy,iy
ae,aa
q,q
iy,iy
n,dcl
l,ay
n,n
pcl,kcl
aa,ao
y,iy
y,iy
hh,hv
w,w
ah,ah
ax,ix
b,l
ae,ih
n,n
s,s
gcl,dcl
l,el
m,m
kcl,kcl
axr,r
axr,axr
eh,eh
eh,ih
s,s
ey,ey
ey,ey
z,zh
ow,ow
dx,dx
ow,ao
w,w
ae,ae
ow,ow
aa,ah
w,m
sh,sh
n,n
eh,ae
uh,el
ah,ax
ay,ay
z,s
iy,iy
p,f
f,t
iy,iy
tcl,tcl
pcl,tcl
tcl,dcl
ih,iy
g,p
aa,ay
ux,ux
v,v
ng,ng
k,k
gcl,gcl
eh,ah
m,m
m,m
ae,ae
t,t
pcl,pcl
kcl,kcl
th,s
n,n
iy,iy
kcl,tcl
f,f
ih,ih
tcl,dcl
ey,ey
s,s
kcl,kcl
ey,ey
q,q
eh,eh
aw,aw
k,t
bcl,dcl
aa,aa
r,r
l,l
ah,aa
m,m
ah,ax
m,m
t,p
dcl,tcl
dh,dcl
er,er
dh,tcl
eh,iy
s,s
kcl,dcl
aa,aa
v,v
ux,er
ay,ay
r,r
ih,ih
ix,iy
s,s
dx,dh
kcl,n
ch,ch
z,z
tcl,pcl
tcl,dcl
kcl,kcl
dcl,dcl
l,l
z,z
ix,ix
hh,p
ih,ow
dcl,dcl
ay,ay
t,t
ih,ix
er,er
w,w
r,axr
q,q
t,t
ux,iy
dx,dcl
ae,ae
ix,ax
uh,ix
q,q
m,bcl
z,s
ey,ey
el,l
r,r
f,f
dx,dx
k,k
dx,dcl
ih,ae
iy,iy
kcl,kcl
ix,ix
p,p
eh,ah
pcl,tcl
ae,ae
kcl,kcl
ix,ix
f,f
z,z
s,s
g,g
er,er
ix,ix
ow,ao
ix,ix
dx,dx
dh,dh
gcl,dcl
ay,ay
ux,ux
r,r
ih,ih
ax,el
ey,ey
v,v
ax,ah
r,r
m,dcl
k,k
n,n
ih,ih
p,p
w,w
q,eh
s,s
v,v
f,f
tcl,tcl
ey,iy
iy,iy
sh,sh
v,v
kcl,kcl
l,l
ih,r
ux,iy
uh,ah
ow,ow
ey,ey
iy,iy
m,r
d,g
r,ao
ay,ay
ow,ow
q,k
ow,l
n,n
aa,ay
dcl,dcl
f,f
y,y
iy,iy
ix,ix
aa,ao
l,l
p,t
dh,dh
aa,ao
n,n
ux,axr
ao,ao
ih,ih
s,s
f,f
eng,m
l,ax
nx,n
m,en
ao,ao
p,p
l,l
s,s
axr,axr
n,n
g,k
eh,eh
r,r
n,n
n,n
m,n
th,z
aa,ah
w,w
k,k
er,axr
iy,iy
ey,ey
tcl,pcl
hv,hv
l,r
ax,ix
eh,eh
f,f
axr,ix
s,z
m,m
z,z
s,s
aa,ao
m,m
p,p
f,f
axr,axr
l,l
n,n
aw,ae
kcl,kcl
aa,aa
q,dcl
iy,iy
gcl,gcl
ay,ay
ah,eh
tcl,tcl
w,w
ey,eh
l,l
iy,iy
dx,bcl
gcl,gcl
l,ix
t,t
l,l
aw,aw
l,l
iy,iy
q,l
gcl,dcl
eh,eh
l,l
r,r
iy,iy
s,s
tcl,tcl
v,v
l,l
ix,iy
ah,l
v,v
ux,iy
eh,r
q,q
t,dh
axr,axr
ix,ax
t,t
k,k
l,l
iy,iy
ix,ix
ae,ae
w,w
ih,l
tcl,tcl
l,l
aa,aa
sh,s
q,q
l,l
ux,ux
jh,jh
m,n
ix,eh
ch,ch
dx,ix
s,s
iy,iy
aa,ae
iy,iy
uw,ux
sh,sh
pcl,pcl
k,k
iy,iy
n,n
q,q
ay,ay
dx,dx
ey,ey
ao,ao
z,z
q,q
en,en
aa,aa
iy,ix
ao,ao
hv,hv
y,y
sh,s
ey,iy
m,m
ae,ae
ae,aw
iy,ih
ao,oy
ow,ow
dh,ix
iy,iy
y,y
tcl,kcl
ih,r
bcl,bcl
v,f
iy,iy
k,k
axr,er
ao,q
r,r
s,s
f,v
kcl,kcl
ax,ax
r,r
jh,jh
r,r
r,r
dcl,dcl
z,z
ae,ae
b,r
ow,ow
t,t
r,r
w,w
k,k
ix,ix
m,m
dcl,dcl
p,p
k,k
ah,ah
m,m
s,s
ey,iy
r,r
ix,ix
kcl,kcl
tcl,tcl
n,n
dcl,dcl
d,p
ng,ix
r,r
ao,w
kcl,kcl
t,t
kcl,tcl
axr,r
m,m
ae,ae
dcl,dcl
ow,ow
ch,s
aa,aa
n,m
hv,iy
bcl,dcl
pcl,tcl
z,sh
eh,q
ey,ey
w,w
z,z
r,r
ow,uw
pcl,kcl
oy,oy
l,dx
iy,iy
t,t
ax,ix
ey,ey
ih,iy
m,n
k,k
s,s
s,s
ih,eh
ix,ix
kcl,tcl
l,l
q,p
r,r
f,f
t,k
k,k
ix,l
f,f
iy,iy
ix,ix
ow,ow
hh,hh
l,r
dcl,pcl
y,r
kcl,kcl
n,n
s,s
s,s
aa,aa
m,m
ow,el
ng,ng
k,k
ix,ix
t,t
ih,ix
tcl,kcl
aw,aw
ay,ay
dh,dh
w,w
p,k
ao,ao
ae,ae
ae,ae
er,er
k,k
l,l
kcl,kcl
ey,ey
m,m
q,q
w,w
ng,n
n,n
sh,sh
eh,eh
hh,k
v,v
m,n
dh,dh
aa,aa
aa,aa
l,l
b,kcl
ux,iy
dcl,dcl
ix,dh
kcl,kcl
l,ow
kcl,kcl
tcl,pcl
ix,ih
dcl,dcl
z,z
l,l
sh,sh
s,s
ao,ao
l,l
m,n
dcl,dx
nx,n
ax,ax
kcl,gcl
z,s
sh,s
aw,l
p,p
tcl,dcl
gcl,dcl
q,q
dcl,dcl
n,n
bcl,bcl
w,w
ix,axr
m,m
n,n
q,q
dcl,dcl
r,r
ih,iy
kcl,kcl
hh,hh
s,s
jh,jh
z,z
ow,ow
aa,aa
p,p
l,l
z,z
s,s
kcl,pcl
ch,t
iy,iy
dcl,dcl
l,l
m,dcl
dcl,dcl
m,m
s,s
ey,ay
sh,s
s,s
y,tcl
v,dcl
dcl,tcl
aa,ah
ih,ey
n,ix
ih,ih
er,er
f,th
ix,iy
eh,ix
z,s
k,p
kcl,kcl
y,ix
z,z
uh,ix
v,v
l,l
m,m
ae,ae
l,l
f,f
z,z
ao,aa
el,el
ae,ae
s,s
ae,ae
s,s
q,kcl
eh,ih
ih,ih
q,q
iy,iy
l,l
ix,r
ae,ae
m,m
f,f
ae,ae
dh,dh
s,s
ae,ah
ih,ih
r,r
dcl,dcl
ey,ey
q,tcl
dcl,m
s,z
s,s
er,er
g,g
l,l
r,r
l,l
m,m
q,q
k,p
q,q
r,r
dx,q
p,p
eh,aw
ey,iy
m,m
iy,y
w,l
nx,n
s,s
aa,aa
dx,g
p,k
r,ix
aa,aa
z,z
y,iy
p,hh
s,s
k,k
d,t
ah,ah
tcl,tcl
v,v
er,r
m,m
l,l
ix,ix
q,q
ih,ix
q,q
r,r
r,r
tcl,pcl
ix,q
z,s
n,n
sh,sh
ix,ax
k,k
s,s
s,s
z,z
r,r
ix,eh
ax,ax
sh,s
ix,ix
s,s
n,n
axr,axr
s,z
ae,ae
ux,ux
k,k
iy,iy
l,l
ah,ao
r,l
m,m
ae,ae
dcl,dcl
ih,ih
ix,ix
s,s
l,l
dh,dh
s,s
k,k
iy,iy
w,w
iy,iy
ax,ax
l,l
v,v
m,n
ng,ng
dcl,kcl
z,s
k,k
ay,ay
ix,iy
w,l
pcl,pcl
ix,ix
n,n
ix,ix
k,k
sh,sh
en,n
w,w
v,dx
q,dh
dx,l
ih,ih
ow,ow
ng,ng
bcl,tcl
kcl,kcl
q,q
l,l
r,m
n,n
pcl,f
en,n
ax,ax
t,t
sh,sh
aa,ao
l,l
f,f
s,s
ax,ix
uh,uh
n,n
bcl,bcl
jh,jh
s,s
p,p
t,k
v,bcl
dcl,gcl
v,v
q,q
f,f
aa,r
v,nx
y,ix
ix,ix
kcl,kcl
kcl,pcl
ey,iy
s,s
tcl,tcl
p,p
tcl,tcl
aa,aa
tcl,kcl
axr,axr
ih,ey
ao,ao
ay,ay
er,er
l,l
ao,ao
s,s
pcl,pcl
s,s
l,l
gcl,kcl
s,s
axr,axr
eh,ae
axr,er
g,kcl
dx,dcl
l,l
k,p
l,l
ix,ix
sh,sh
k,g
k,k
z,s
eh,ix
ih,ix
r,r
w,l
dh,dh
y,iy
gcl,tcl
ix,ax
ix,ix
ix,r
th,s
ax,ih
ix,ix
f,f
iy,iy
ae,ae
iy,iy
bcl,kcl
d,jh
n,n
s,s
m,m
r,r
ih,ax
axr,er
p,g
dx,dx
m,m
n,m
ih,ae
p,p
z,z
s,s
gcl,pcl
ix,r
ih,ix
s,s
ih,y
tcl,kcl
pcl,pcl
el,l
s,s
f,v
hv,hh
aa,ah
ix,ix
l,l
bcl,dcl
oy,oy
pcl,tcl
er,axr
l,z
hv,hv
hh,hh
k,k
s,s
ng,n
dh,dh
kcl,kcl
ih,ix
hh,hh
iy,iy
ow,ow
ix,ix
s,s
dh,s
q,q
ng,ng
ih,ih
s,s
l,ix
ao,aw
ey,ey
t,p
ix,ix
kcl,tcl
l,l
l,l
ih,ix
ix,ix
dh,dh
ow,ao
t,t
s,s
ah,ae
ey,ey
ih,er
ix,ix
l,l
tcl,dcl
s,s
tcl,tcl
k,k
w,w
tcl,kcl
z,s
v,ix
s,s
ix,ix
l,l
s,s
hh,p
pcl,pcl
eh,ae
tcl,tcl
r,r
ux,ux
s,s
tcl,gcl
q,q
kcl,kcl
ih,ix
k,g
q,ix
g,g
dcl,dcl
pcl,pcl
ux,r
kcl,kcl
m,m
iy,iy
k,g
aw,ow
m,m
gcl,dcl
uw,uw
eh,eh
w,l
n,n
s,s
ao,w
f,f
n,n
er,ih
s,z
v,v
ae,eh
dh,l
iy,r
ih,iy
n,n
ah,ah
t,t
ch,ch
ao,aa
l,l
uh,ax
t,k
hh,p
r,r
s,s
ey,ey
ih,ih
n,n
l,l
p,p
s,s
bcl,bcl
m,m
r,r
n,n
iy,iy
s,s
ow,ow
ih,r
tcl,dcl
y,iy
tcl,q
iy,ix
gcl,dcl
tcl,tcl
k,k
iy,iy
m,m
s,s
ix,iy
l,ax
v,v
eh,eh
ae,ae
n,n
dh,dx
d,v
hv,ix
z,z
tcl,tcl
iy,iy
ao,ao
iy,iy
ih,ix
p,p
aa,hv
gcl,dcl
ix,iy
hh,hh
iy,y
m,gcl
dx,dx
t,t
ix,ix
uh,ah
kcl,dcl
s,s
ay,ih
oy,ao
nx,dx
d,d
t,t
dcl,kcl
s,s
r,r
ae,ae
r,r
ey,ey
ih,ih
sh,sh
iy,iy
iy,iy
ih,ix
ae,eh
iy,iy
s,s
kcl,kcl
ix,ix
dcl,dcl
s,s
tcl,kcl
ay,aa
ax,ax
ao,w
ao,l
ao,ao
iy,iy
s,s
n,n
r,r
iy,iy
oy,oy
d,t
ah,ah
ow,ow
ah,ah
s,s
y,y
n,n
tcl,tcl
dcl,dcl
iy,iy
jh,jh
ix,ix
tcl,tcl
q,k
ih,y
dcl,dcl
ix,ix
eh,ix
dcl,dcl
kcl,kcl
s,s
l,l
iy,y
ao,ao
sh,sh
t,t
ae,ae
ih,iy
q,q
oy,oy
ih,ey
kcl,kcl
l,l
pcl,pcl
n,ng
ay,ay
pcl,pcl
m,m
tcl,kcl
m,n
ux,ux
aa,aw
ih,ix
ao,ao
tcl,tcl
l,l
l,l
m,m
iy,iy
s,s
ux,ux
ix,ng
dx,kcl
ix,ix
ax,ix
ih,iy
w,ao
ix,ix
axr,axr
axr,eh
kcl,dcl
er,er
ay,ay
bcl,bcl
n,n
dh,dh
pcl,tcl
ih,ih
ax,l
ax,ix
l,q
sh,sh
l,l
t,t
kcl,tcl
er,er
ae,ae
ch,k
dcl,v
ng,n
iy,iy
n,n
tcl,pcl
r,er
m,n
er,er
b,p
s,s
m,w
n,m
kcl,tcl
q,q
ix,ih
r,r
w,w
m,m
q,kcl
aa,r
t,t
ao,ao
l,l
z,z
kcl,pcl
ux,ux
ow,ow
dx,dx
q,q
t,t
q,pcl
ow,ow
sh,sh
dcl,dcl
q,q
tcl,tcl
dh,dh
r,r
ch,sh
dcl,dcl
f,f
f,f
aa,aa
s,z
w,w
ow,l
ae,ae
q,tcl
ae,ae
tcl,tcl
g,k
r,ow
tcl,pcl
q,q
r,r
ao,aa
dcl,dcl
l,l
s,s
ao,ao
axr,ux
s,s
oy,oy
tcl,tcl
r,axr
iy,iy
bcl,dcl
gcl,gcl
kcl,kcl
gcl,tcl
s,s
y,y
k,k
l,l
dcl,kcl
ow,ow
s,s
ae,ae
ix,ix
p,p
sh,sh
ax,ax
jh,k
y,y
ae,ae
ey,ey
er,r
ao,ao
m,m
w,w
hh,p
f,f
ix,ix
tcl,tcl
axr,axr
ao,ao
sh,sh
hv,hv
y,y
tcl,kcl
ix,ix
axr,ix
ih,ix
z,z
ax,ix
s,s
n,n
ax,ix
ix,ix
ix,ih
ix,ix
eh,eh
ax,ax
s,s
ux,ux
p,k
ux,ux
s,s
s,s
s,s
n,m
iy,iy
s,s
tcl,kcl
kcl,kcl
q,q
hv,hv
ow,eh
f,f
l,l
bcl,pcl
dcl,dcl
pcl,pcl
kcl,kcl
l,l
r,r
ix,axr
ao,ao
s,s
hh,k
l,m
w,l
l,l
ao,aw
ah,ow
z,s
eh,eh
w,w
s,z
y,y
t,t
ax,ix
ix,ih
s,s
ix,ix
dcl,dcl
ix,ix
v,v
bcl,dcl
r,r
sh,s
ah,ah
dh,dh
s,s
ao,ao
aa,ax
gcl,dcl
eh,eh
tcl,tcl
t,t
pcl,dcl
ux,ux
ao,ao
er,er
z,z
jh,jh
tcl,dcl
n,w
dcl,dcl
w,w
er,er
ey,ey
ae,ae
iy,iy
er,r
hh,p
k,k
eh,ih
gcl,dcl
ih,iy
p,k
z,z
pcl,pcl
kcl,kcl
r,r
q,kcl
t,p
m,n
ay,ay
m,m
q,kcl
l,l
dx,dx
sh,s
dh,dh
ih,q
iy,iy
pcl,kcl
w,w
ae,ae
m,m
r,r
ih,ih
aa,r
tcl,dh
uh,ao
r,r
v,v
iy,iy
kcl,kcl
pcl,kcl
ix,ix
sh,sh
r,r
t,t
ix,ix
ng,m
pcl,pcl
dh,ix
er,er
l,l
iy,iy
eh,ih
k,k
ow,ow
ey,ey
iy,iy
s,s
iy,iy
dcl,bcl
ax,ax
s,s
ow,ow
iy,iy
q,q
n,dx
sh,sh
n,dcl
ih,eh
iy,iy
n,n
tcl,tcl
dcl,dcl
ao,ao
tcl,tcl
ch,ch
er,er
n,n
l,l
d,dx
k,k
ae,ae
ey,ey
q,q
nx,n
nx,n
w,w
y,y
ix,iy
eh,ae
dh,dh
ix,iy
tcl,tcl
aa,aa
r,r
dcl,dcl
iy,iy
en,m
n,n
ng,ng
ow,ow
s,s
ah,eh
d,th
ae,ae
aa,aa
dh,t
ow,ow
dcl,dx
axr,r
axr,axr
ae,ae
s,s
w,w
k,k
ux,iy
z,z
ax,ax
m,m
r,r
d,tcl
sh,sh
axr,er
t,t
ih,ah
sh,sh
sh,sh
ih,ix
tcl,tcl
t,sh
tcl,tcl
ae,ae
ax,ax
ax,ix
l,l
ae,ay
z,s
iy,iy
f,hh
pcl,pcl
ix,l
ao,ao
iy,iy
l,l
kcl,kcl
pcl,pcl
ih,ow
m,n
er,ih
ix,ix
nx,n
aa,ao
el,l
t,t
ix,ix
iy,iy
iy,iy
ey,ih
p,p
ih,iy
axr,ix
g,g
ao,ao
pcl,pcl
ax,ax
pcl,kcl
axr,r
ax,ax
ux,ih
n,n
iy,iy
pcl,pcl
sh,sh
s,s
s,s
k,t
kcl,kcl
uh,l
k,k
p,p
m,m
v,dx
w,w
k,kcl
iy,iy
q,q
iy,iy
iy,iy
er,er
k,k
tcl,tcl
ow,ow
ix,ix
tcl,tcl
r,r
iy,iy
ch,jh
ax,ix
iy,iy
pcl,pcl
iy,iy
r,axr
r,r
jh,z
ih,ix
kcl,tcl
l,l
t,t
iy,y
aw,aw
ih,iy
s,s
f,f
v,w
dx,tcl
w,l
tcl,dcl
z,z
tcl,kcl
ey,ey
f,f
kcl,kcl
iy,iy
tcl,kcl
s,s
m,m
l,v
v,v
ix,ay
p,p
m,m
ah,ah
r,ix
iy,iy
dcl,dcl
eh,ey
ow,ow
axr,axr
r,r
iy,iy
uh,eh
m,m
tcl,tcl
ae,ae
g,m
ih,eh
ux,iy
tcl,pcl
ay,ay
f,f
d,k
iy,iy
y,y
ah,r
eh,eh
p,p
axr,r
ix,ix
er,er
ux,ux
k,k
s,z
gcl,r
hv,hv
k,k
dx,bcl
oy,oy
l,l
ix,ix
ix,ih
dx,l
r,r
kcl,kcl
kcl,kcl
l,l
n,n
w,w
z,sh
p,p
k,k
ao,ao
iy,iy
k,k
b,d
ow,ih
iy,iy
eh,eh
b,g
dh,en
iy,iy
r,r
k,k
dcl,dcl
ay,ay
ae,ih
ae,ae
ow,el
aw,aw
ix,iy
ax,ix
v,ix
sh,s
tcl,tcl
gcl,gcl
r,r
em,m
d,jh
tcl,kcl
dh,kcl
dcl,dcl
kcl,kcl
m,nx
n,n
bcl,pcl
ae,ae
ix,ix
ey,ey
eh,ae
l,l
g,k
dh,dx
aa,aa
nx,n
eh,eh
hv,p
hh,hh
aw,aw
r,r
kcl,kcl
kcl,kcl
l,m
kcl,kcl
pcl,pcl
iy,iy
k,k
ch,jh
ao,ao
s,s
r,r
iy,ix
l,l
d,t
ix,ix
ix,ix
k,k
n,q
t,d
ow,ow
ih,ix
ix,ix
l,l
ay,ay
l,l
ao,ao
eh,ah
iy,iy
ax,r
ax,ax
uh,ix
bcl,bcl
axr,ix
aa,aa
axr,er
ow,ow
aa,aa
ao,ao
dh,d
dcl,dcl
s,s
ax,ix
ax,v
ow,ow
r,r
v,v
ae,ae
eh,ax
tcl,tcl
f,f
z,s
gcl,kcl
q,q
axr,er
sh,sh
oy,ao
zh,z
ah,ow
s,s
t,t
y,y
p,p
r,ix
ay,ay
ix,ix
m,m
z,z
z,z
bcl,bcl
m,n
ae,ah
iy,y
ax,ix
ah,aa
w,ao
y,iy
hh,z
aa,ay
eh,eh
r,r
v,dh
eh,eh
iy,iy
ax,ax
ix,ix
sh,sh
l,l
axr,axr
v,n
l,w
t,f
dx,dx
ah,aw
v,f
p,p
ng,ng
dx,dcl
tcl,pcl
m,m
eh,eh
oy,oy
ih,ah
ey,ey
ao,l
ao,ah
aw,aw
gcl,pcl
ih,ih
f,f
tcl,kcl
ae,ae
dx,dx
r,r
ax,ix
r,m
ay,aa
tcl,tcl
s,s
dcl,dcl
k,k
ih,iy
sh,sh
kcl,kcl
iy,ey
aa,r
bcl,w
eh,ae
ah,eh
iy,iy
iy,ix
axr,axr
q,q
f,f
y,y
dx,tcl
w,w
er,axr
ao,aw
ao,ao
t,k
axr,axr
ih,ih
en,en
ih,ih
l,ax
s,s
b,m
ix,ix
m,w
ux,ix
ae,ae
bcl,v
ay,ay
eh,ax
w,w
t,hh
er,axr
n,n
er,er
n,dcl
n,n
ey,ey
ix,ix
s,s
n,dcl
ix,ih
dcl,dcl
eh,ae
w,n
iy,iy
tcl,dx
w,w
y,n
n,l
dh,dh
axr,axr
iy,l
l,l
y,iy
ih,ih
aa,r
jh,jh
ey,ey
n,n
ax,ax
q,q
y,l
nx,dx
dcl,l
ix,ix
w,w
jh,jh
kcl,kcl
t,t
gcl,dcl
ax,ax
ah,ao
dx,r
f,f
ix,ix
ao,ao
el,l
bcl,bcl
ey,ey
s,s
ax,l
l,l
m,m
eh,eh
aa,aa
ix,ax
dcl,dcl
ih,ih
q,q
dcl,dcl
m,m
v,dcl
n,ng
s,s
n,n
dcl,dcl
er,er
dh,dh
t,t
q,tcl
gcl,gcl
th,dh
ah,eh
pcl,tcl
ow,ow
ow,ow
r,r
f,f
dcl,tcl
pcl,tcl
ix,ax
pcl,tcl
ax,bcl
ae,eh
gcl,dcl
ae,eh
q,q
s,s
ay,ae
pcl,tcl
n,n
bcl,bcl
gcl,kcl
iy,iy
s,s
axr,ix
ae,ae
s,s
n,ix
r,r
ow,ow
tcl,tcl
oy,oy
ow,ao
s,s
ao,el
ix,ih
s,s
v,v
axr,ix
dh,dh
l,l
tcl,tcl
s,s
m,m
r,axr
ix,ix
s,s
n,n
s,s
ix,ix
w,w
s,s
ax,ax
ih,ix
m,en
ih,ix
ix,ix
ux,ix
v,v
y,y
gcl,dcl
tcl,pcl
dcl,dcl
tcl,tcl
er,r
k,k
ix,ux
ae,ae
dcl,dcl
el,w
ax,ah
ih,eh
eh,eh
r,r
ih,ih
en,q
uw,l
ax,ax
er,er
ng,ng
ow,ow
ix,ix
s,s
pcl,pcl
p,p
ih,ih
ix,n
m,m
iy,iy
s,s
t,t
dh,k
ix,ix
ey,ay
bcl,q
el,ow
ow,ow
iy,iy
bcl,bcl
y,ux
kcl,kcl
th,v
kcl,kcl
ix,l
ao,ao
jh,jh
r,r
axr,axr
p,p
kcl,kcl
bcl,dcl
z,v
p,p
s,s
m,m
ay,ay
n,m
iy,iy
el,el
pcl,tcl
z,th
ae,ae
pcl,tcl
p,p
iy,iy
iy,iy
ao,ao
axr,axr
m,n
iy,ix
d,jh
n,n
k,k
th,s
hv,hv
iy,iy
f,f
ih,ix
aa,aa
iy,ng
kcl,tcl
bcl,bcl
dcl,dcl
r,r
l,ax
bcl,bcl
g,r
tcl,kcl
ih,iy
r,r
p,p
w,v
s,s
q,q
kcl,pcl
v,ix
aa,aa
s,s
sh,sh
s,s
ao,ao
l,l
axr,axr
axr,er
ih,eh
z,z
s,s
kcl,kcl
iy,iy
axr,er
el,w
aw,aw
r,r
r,dx
ah,ax
ix,ix
r,r
iy,iy
tcl,dh
ax,aw
ih,ih
ix,ix
l,l
ih,ih
oy,oy
nx,n
l,l
dcl,dcl
tcl,pcl
pcl,kcl
iy,iy
k,g
ih,eh
ow,ow
w,w
l,l
th,dh
t,jh
dh,dh
n,n
pcl,kcl
l,l
pcl,pcl
ow,el
m,m
t,dh
n,ng
pcl,tcl
s,s
s,s
r,r
iy,ih
dcl,dcl
er,axr
r,dh
z,z
ax,ax
kcl,kcl
ae,ae
p,p
bcl,dcl
ae,ae
r,r
ow,ow
kcl,kcl
gcl,n
p,p
bcl,dcl
kcl,kcl
f,f
dx,tcl
r,r
iy,iy
uw,uw
ih,ix
t,jh
k,k
gcl,pcl
r,r
r,r
aa,ao
eh,eh
l,el
ow,ow
n,dcl
ey,ey
ey,ey
dcl,dcl
n,n
r,axr
s,s
s,s
m,m
dcl,dcl
dh,dcl
s,s
s,s
ao,ao
q,l
w,w
aw,aw
dcl,pcl
z,z
n,dcl
l,l
l,l
n,n
n,m
iy,iy
y,y
s,z
w,w
ix,ix
ix,ix
axr,ax
ao,l
f,f
k,k
w,w
ao,l
dh,th
n,n
ix,n
ao,ao
oy,oy
dcl,dcl
ix,l
ah,axr
q,q
k,k
t,t
dh,dcl
ih,ih
er,er
aa,r
oy,oy
tcl,kcl
n,n
r,r
m,m
n,n
w,w
f,f
ih,ih
s,s
gcl,kcl
iy,iy
dcl,dcl
hv,hv
iy,iy
iy,iy
iy,iy
s,s
iy,iy
ax,ix
ao,w
hv,hv
ih,ix
ih,ih
n,n
axr,ux
tcl,dcl
ix,ix
aa,aa
q,q
aa,aa
ix,ix
ax,m
ux,ux
sh,sh
ao,ax
w,v
ae,ae
m,m
t,t
eh,ix
kcl,kcl
w,w
eh,eh
kcl,tcl
gcl,dcl
ix,iy
y,iy
pcl,pcl
k,k
z,sh
er,er
ah,ih
aa,aa
ch,k
ih,iy
iy,y
z,z
w,w
gcl,tcl
ow,ow
pcl,kcl
eh,eh
tcl,pcl
ey,iy
dcl,dcl
el,ax
dx,dx
t,kcl
l,ax
hh,p
d,t
m,n
f,s
dcl,tcl
m,m
aa,ao
t,dh
kcl,kcl
ix,ix
dcl,dcl
jh,sh
tcl,tcl
q,ix
n,n
aa,ah
dh,m
s,s
n,m
dcl,dcl
ey,ix
ao,aa
l,l
iy,iy
v,v
ih,ih
k,k
d,jh
l,ax
l,l
l,l
sh,z
n,n
aa,aa
ix,ix
ax,q
k,p
n,n
eh,eh
el,l
nx,n
nx,nx
m,n
iy,ix
sh,sh
iy,iy
dcl,dcl
gcl,n
jh,jh
axr,eh
r,q
t,jh
ae,ae
ix,ix
p,p
ix,ix
ae,ey
w,ao
uw,uw
ih,ix
s,s
dcl,dcl
er,er
m,m
n,n
pcl,pcl
t,t
er,er
y,y
tcl,kcl
hv,hh
aa,aw
eh,eh
iy,iy
l,l
tcl,dcl
ch,ch
p,p
q,w
ah,ay
r,r
n,kcl
q,q
w,w
iy,iy
er,er
v,dcl
dcl,dcl
s,s
s,f
tcl,kcl
ih,ih
tcl,tcl
el,l
er,er
eh,axr
l,l
v,v
kcl,tcl
d,dh
m,m
uw,w
ih,ix
r,r
d,p
ay,ay
eh,ix
iy,iy
r,r
ax,r
ah,ah
ey,ih
iy,iy
kcl,kcl
dcl,dcl
kcl,kcl
ow,ah
z,z
dx,dcl
ix,ax
ae,eh
ix,ix
p,p
er,er
bcl,bcl
k,k
ax,m
ng,n
l,l
ae,ae
gcl,dcl
r,r
kcl,kcl
ey,ey
pcl,pcl
sh,sh
y,iy
ay,ay
ix,ix
ng,dcl
kcl,kcl
pcl,pcl
tcl,kcl
tcl,kcl
s,s
n,n
tcl,dcl
ax,l
p,p
kcl,dh
tcl,kcl
axr,axr
axr,axr
y,l
t,t
l,l
iy,iy
z,s
p,t
ay,ay
t,tcl
m,m
tcl,tcl
n,n
z,s
ix,ix
nx,n
ng,q
p,p
eh,eh
kcl,kcl
s,s
tcl,dcl
ix,ax
ux,iy
sh,sh
ih,ih
tcl,n
m,m
ix,r
m,m
w,w
ah,uh
f,f
p,p
jh,y
gcl,dcl
ih,ih
n,n
iy,iy
ng,m
m,l
tcl,dcl
bcl,dcl
z,z
r,r
r,axr
axr,axr
gcl,dcl
kcl,kcl
dh,dh
g,k
ax,dh
g,k
k,k
n,n
y,y
axr,oy
r,axr
oy,oy
iy,ix
z,z
ng,n
ax,ih
l,eh
iy,iy
s,s
l,l
g,k
k,k
ah,ah
f,f
bcl,dcl
dh,dh
ao,ao
r,r
w,w
tcl,tcl
ix,ih
s,s
sh,sh
l,ax
kcl,kcl
ng,n
dx,dx
bcl,bcl
k,k
en,n
k,d
hh,hh
r,axr
r,r
s,s
ng,gcl
w,w
t,t
ao,axr
n,nx
r,r
ey,eh
m,m
iy,iy
jh,ch
n,n
hh,hh
dcl,dcl
tcl,kcl
r,axr
kcl,pcl
n,n
ix,dx
w,w
r,ix
ow,ao
hv,hv
l,l
ao,ao
ow,el
ow,ow
ix,ix
iy,iy
s,s
dx,dx
th,th
q,tcl
d,t
axr,axr
s,s
tcl,tcl
l,l
p,p
axr,er
n,m
z,th
tcl,dcl
r,axr
ao,l
r,r
ix,ih
d,d
n,n
tcl,bcl
sh,sh
r,r
ow,ih
oy,oy
ux,ih
dcl,dcl
n,n
bcl,bcl
iy,iy
p,dh
iy,iy
aw,aw
hh,p
r,r
ix,axr
ay,ay
k,k
uw,w
er,er
ix,iy
r,r
iy,ix
l,l
ey,ey
iy,iy
ao,ao
n,m
t,t
m,m
d,t
dx,dx
t,t
r,r
w,l
kcl,tcl
d,t
ix,r
k,k
ix,ix
en,dcl
g,g
ey,ey
w,w
ih,ih
kcl,kcl
l,l
ae,ae
eh,eh
kcl,v
ae,ae
n,n
ah,ah
iy,ih
s,s
l,l
z,z
ih,ih
dcl,dcl
er,axr
ix,ix
n,n
p,sh
ay,ah
ow,ow
eh,ey
kcl,kcl
n,m
b,g
n,n
r,r
ux,y
t,d
w,w
l,w
ax,ix
eh,er
m,m
axr,ux
ae,ih
t,t
r,r
eh,ae
r,r
ih,ih
n,n
n,n
ey,ey
ae,ae
axr,er
ix,r
kcl,kcl
ao,ao
s,s
k,jh
q,q
ax,oy
s,s
l,l
g,g
l,l
uw,w
iy,iy
pcl,tcl
r,r
w,n
k,sh
tcl,dcl
s,z
dh,p
l,l
r,r
k,k
dcl,dcl
g,g
nx,ix
tcl,kcl
iy,dx
ch,sh
r,r
uh,uh
n,n
pcl,pcl
pcl,tcl
t,d
ih,ih
iy,iy
m,n
ng,ng
k,k
aa,hv
q,q
ix,ix
ix,ix
ae,ae
g,g
tcl,dcl
tcl,tcl
w,m
ae,ae
tcl,dcl
l,l
pcl,kcl
w,w
s,z
dh,dh
ih,ih
ow,l
w,l
y,y
axr,ix
aa,r
aa,aa
ae,ae
eh,ax
n,n
iy,y
dcl,dcl
s,s
ix,ix
nx,w
l,l
s,s
iy,iy
eh,eh
s,s
m,m
s,s
v,dh
t,dh
ah,ah
er,aa
t,t
bcl,pcl
t,t
eh,eh
ix,eh
kcl,kcl
p,p
sh,f
kcl,kcl
ix,ix
ix,iy
m,n
q,q
ae,ae
ix,ix
ix,ih
l,l
tcl,kcl
tcl,kcl
ow,aa
ix,ix
s,s
sh,z
iy,iy
w,w
m,n
z,z
y,iy
gcl,bcl
w,w
eh,eh
iy,iy
ix,ix
f,f
gcl,kcl
n,n
gcl,dcl
ix,iy
iy,ih
ay,ay
oy,oy
g,k
pcl,tcl
z,s
aa,aa
ay,aa
eh,ah
ow,ow
er,r
v,v
l,l
ih,ih
dcl,pcl
dx,dx
kcl,kcl
z,z
s,s
iy,iy
ao,ao
pcl,pcl
jh,s
q,kcl
dx,dcl
ae,eh
n,n
kcl,kcl
s,s
r,r
ih,eh
g,dx
m,n
dx,dcl
v,v
s,s
r,er
dcl,dcl
n,n
ae,ih
ey,ey
pcl,pcl
jh,jh
bcl,bcl
hh,hh
y,y
dcl,tcl
r,r
jh,t
ix,eh
kcl,kcl
iy,iy
r,r
r,r
n,n
r,er
m,n
dx,dx
n,ng
z,z
s,s
ae,ae
m,dh
y,y
aa,aa
n,m
ix,ih
r,r
z,s
m,m
jh,jh
ay,aa
w,w
s,s
sh,s
zh,z
tcl,tcl
iy,ix
nx,nx
dh,dh
gcl,gcl
v,v
s,s
dx,v
ch,ch
ix,ix
f,f
s,sh
ih,ey
t,t
r,r
ao,aa
s,s
iy,iy
ux,ux
ey,ey
v,v
l,aw
r,r
r,axr
m,m
hv,hv
er,ux
q,kcl
ao,ao
aa,aa
ih,ih
n,en
s,s
dcl,m
eh,ah
n,n
aw,aw
gcl,dcl
iy,iy
s,s
v,ax
jh,t
ax-h,k
kcl,pcl
ao,ao
k,kcl
tcl,kcl
tcl,tcl
n,n
ax-h,tcl
s,s
iy,ix
t,t
z,z
v,v
ay,ay
ix,ix
m,m
bcl,bcl
k,k
jh,jh
m,n
er,er
ih,ix
eh,r
z,z
eh,eh
r,r
dx,dx
n,n
w,w
er,er
ix,eh
ao,ao
nx,n
iy,iy
l,l
kcl,kcl
iy,ih
ax,ix
aw,aw
s,s
tcl,tcl
ax,ix
r,ix
t,p
ix,ax
bcl,bcl
axr,r
n,m
eh,ax
en,n
dcl,tcl
y,iy
l,l
ih,ix
ae,ae
v,v
kcl,kcl
ow,ow
ow,ow
iy,iy
l,l
gcl,gcl
m,m
y,ix
ih,ah
ix,ix
ix,ix
n,dcl
ux,ux
aa,aa
l,l
axr,axr
k,k
pcl,kcl
axr,axr
ax,ax
iy,ix
ux,ux
n,n
t,t
ao,aw
ih,ih
w,w
gcl,kcl
w,w
uh,ax
jh,jh
l,oy
ix,r
ay,ay
aa,aa
k,p
r,r
w,w
ow,ow
ey,ey
w,w
r,r
tcl,tcl
m,m
t,s
w,w
ae,ae
p,p
t,d
ng,gcl
hv,hv
n,n
pcl,pcl
n,n
s,s
z,z
ey,ey
g,kcl
ae,ae
z,z
dcl,tcl
axr,axr
ao,ao
s,s
tcl,kcl
r,r
s,s
f,f
l,l
r,r
l,q
pcl,kcl
dh,f
ux,iy
hv,ax-h
tcl,kcl
ao,ao
iy,iy
n,n
k,k
r,r
l,ix
iy,iy
l,l
l,l
tcl,tcl
ix,ix
ix,ix
d,p
s,s
jh,w
n,n
uw,uw
v,v
th,s
w,w
ow,ow
q,q
ao,ao
l,el
s,s
f,f
w,w
zh,s
ow,ow
w,w
l,l
sh,sh
l,l
iy,iy
ao,ao
sh,sh
q,q
m,m
axr,r
ih,ix
d,z
iy,iy
g,g
en,n
ix,ix
tcl,tcl
kcl,tcl
n,n
t,t
eh,eh
p,p
iy,iy
n,l
ao,l
ax,nx
ih,eh
ix,ix
ah,l
iy,iy
axr,m
kcl,kcl
ux,r
pcl,dcl
ae,ae
w,w
oy,l
sh,sh
sh,sh
n,n
f,f
ix,ix
ay,ay
tcl,pcl
v,v
k,k
gcl,kcl
t,tcl
tcl,tcl
f,f
l,l
eh,eh
zh,jh
kcl,kcl
ix,ix
tcl,tcl
ix,axr
iy,ix
z,z
en,m
r,r
z,z
ah,ah
kcl,tcl
ae,ae
dx,dcl
z,s
bcl,dcl
ux,ux
ng,ng
ix,ix
ow,ow
ix,ix
ow,ow
iy,iy
v,w
tcl,kcl
n,n
s,z
r,r
ux,ux
z,z
bcl,bcl
z,z
oy,oy
n,dcl
q,q
m,m
ax,ax
ao,aa
kcl,kcl
k,k
axr,axr
n,n
gcl,gcl
iy,iy
iy,iy
iy,iy
ow,ow
sh,sh
l,l
dcl,dcl
g,g
kcl,kcl
s,s
n,ng
k,k
m,m
ih,ih
aa,aa
ix,iy
ae,eh
oy,oy
ih,iy
sh,sh
r,axr
dh,dh
v,dcl
ey,ey
tcl,kcl
ey,ey
s,z
iy,iy
sh,sh
p,p
sh,sh
m,n
kcl,kcl
th,f
axr,er
ix,ix
tcl,dcl
ay,aa
m,n
ux,ux
m,n
ow,ax
w,w
iy,iy
en,n
w,r
aa,ao
sh,sh
q,dx
d,k
l,ax
r,v
ih,ih
k,k
er,er
ix,ix
tcl,tcl
er,ix
m,dcl
k,k
z,s
iy,iy
dcl,tcl
p,kcl
dh,dx
s,s
r,r
n,v
ix,iy
w,w
kcl,kcl
n,m
tcl,dcl
ix,ix
f,f
ay,ay
d,k
ix,ih
f,f
eh,eh
p,p
jh,jh
dx,dx
er,er
axr,r
iy,iy
p,p
r,r
ix,ax
w,w
t,t
ix,w
gcl,tcl
n,ax
ih,ix
w,w
t,t
bcl,dcl
t,t
m,m
m,m
s,sh
g,g
s,s
t,s
ax,ao
axr,axr
n,n
ae,ae
q,tcl
l,l
n,n
iy,iy
n,ax
t,t
r,r
ey,ey
nx,n
eh,eh
sh,sh
ix,ix
ih,ix
r,r
dh,dh
gcl,dcl
ae,ae
v,v
dh,s
f,f
hv,hv
g,p
ah,eh
el,l
en,ix
z,z
t,t
dcl,dcl
iy,iy
kcl,kcl
dx,dcl
r,r
n,m
aa,aa
z,z
f,f
n,n
n,n
d,t
ih,ih
ih,iy
m,n
p,p
z,z
ix,ax
iy,iy
iy,iy
hh,hh
axr,axr
ey,ey
kcl,kcl
hh,hh
nx,n
axr,axr
r,r
n,ix
y,y
r,r
ey,eh
f,f
y,iy
ix,ix
t,k
uw,er
ix,ix
kcl,kcl
dx,dx
sh,sh
ah,aw
z,s
z,z
q,q
pcl,pcl
l,l
ih,ih
dcl,tcl
r,ax
l,l
ey,ey
jh,t
d,n
ow,ow
s,s
ae,ae
ux,ux
ah,eh
ah,ix
dcl,dcl
z,z
t,k
r,w
l,l
ih,ih
iy,iy
z,z
axr,axr
dcl,dcl
kcl,kcl
ao,ao
en,n
ao,ao
ao,ao
ux,ux
n,n
ix,ih
v,bcl
l,l
aw,eh
y,y
tcl,tcl
l,r
kcl,kcl
jh,jh
sh,sh
dx,kcl
ix,ix
oy,oy
ao,ao
r,r
m,v
el,w
nx,n
ay,ay
s,s
eh,eh
er,er
s,s
er,axr
s,s
ay,ay
ax,ix
tcl,kcl
l,l
uh,ax
p,p
ix,ix
w,w
r,axr
l,l
iy,iy
nx,nx
n,n
p,p
ah,ah
iy,iy
ah,ah
ix,ix
m,dx
ae,ae
w,w
s,s
iy,iy
l,l
er,er
n,n
t,ch
eh,ah
p,kcl
l,l
r,r
ng,n
dx,g
y,y
s,s
k,k
gcl,gcl
iy,iy
kcl,pcl
tcl,tcl
ae,ae
n,n
ax,l
dcl,dcl
kcl,q
uh,ax
ey,ey
y,y
ih,ix
z,z
dcl,dcl
uh,l
aw,aa
bcl,bcl
s,s
p,p
el,l
ih,ih
ay,aa
ng,n
s,sh
q,q
s,s
k,k
iy,iy
z,z
ix,ix
ao,ao
ix,ix
eh,ax
jh,sh
aa,aa
r,r
kcl,kcl
iy,ey
ix,ix
y,y
aa,aa
n,n
s,s
dcl,dcl
ah,l
n,m
ae,eh
axr,w
ix,ix
y,y
t,d
ay,ay
axr,axr
r,n
ao,oy
s,z
ih,iy
iy,iy
w,ow
dh,p
ax,q
f,f
ih,ih
l,w
er,er
iy,iy
s,s
tcl,tcl
gcl,kcl
w,l
l,l
v,n
q,q
kcl,kcl
ay,ay
w,w
dcl,dcl
ao,aa
z,s
k,k
eh,eh
r,l
n,n
ao,ow
eh,ah
dcl,dx
axr,r
ae,ae
tcl,tcl
aa,aa
p,p
er,r
s,s
tcl,tcl
hh,kcl
l,l
ax,r
g,k
n,dh
l,l
n,m
r,r
ao,ao
m,m
iy,iy
ow,ah
iy,iy
s,s
g,n
ih,ih
z,z
iy,iy
l,l
ax,ux
dh,f
g,q
q,v
axr,axr
eh,ah
tcl,en
t,t
k,k
ng,m
f,f
s,sh
ao,ao
w,w
s,s
v,v
iy,iy
y,y
axr,r
m,dh
ae,ae
axr,axr
ux,ux
eh,eh
m,m
aa,aa
tcl,kcl
pcl,kcl
ch,sh
ae,ae
iy,iy
ao,ao
ch,t
k,hh
ay,eh
ih,ih
hv,hh
v,v
r,r
aa,ah
ng,gcl
s,s
pcl,pcl
ah,eh
ih,ix
m,m
tcl,kcl
r,r
iy,iy
n,ix
aa,aa
dcl,n
w,v
gcl,kcl
l,ix
hv,hv
r,axr
iy,iy
iy,iy
ix,ix
kcl,kcl
q,ix
tcl,tcl
kcl,tcl
ng,ng
m,n
ax,ax
ey,ey
ey,iy
uw,l
pcl,kcl
eh,ey
dcl,dcl
aw,ae
ae,eh
r,axr
tcl,tcl
k,k
ay,ay
ih,iy
ch,jh
sh,sh
t,t
ao,ao
n,m
tcl,tcl
l,l
kcl,dcl
ih,ey
v,v
oy,oy
iy,iy
gcl,dcl
ow,ow
kcl,pcl
hh,tcl
n,gcl
l,l
ix,ih
l,l
ey,ey
gcl,dh
k,k
ax,ix
ix,ax
gcl,dh
s,s
m,m
z,z
ih,ih
el,el
ah,ah
bcl,bcl
l,l
ao,ao
axr,axr
r,r
aa,r
l,l
ey,iy
w,w
uh,ix
r,r
dcl,tcl
ih,ix
dcl,v
l,l
r,r
s,s
eh,eh
ao,aa
dcl,dcl
er,er
iy,dcl
ix,ih
ae,ae
aa,aa
hv,iy
l,eh
k,k
ao,ao
n,n
y,ix
t,tcl
sh,sh
ao,ao
l,ix
n,n
eh,ah
m,m
ix,eh
q,q
ao,q
r,r
tcl,kcl
q,q
l,l
ah,ah
r,r
dcl,tcl
z,z
ax,uh
ih,ih
y,ix
n,n
z,z
s,s
tcl,tcl
ih,iy
iy,ey
r,r
iy,iy
ax-h,ix
l,w
sh,sh
ao,ow
ax,ae
ay,ay
ao,ao
bcl,bcl
gcl,dcl
ax,ix
ix,ix
kcl,q
n,n
f,s
axr,er
bcl,bcl
iy,ux
uh,ow
eh,ix
gcl,dcl
ah,ah
z,z
axr,axr
p,p
r,r
kcl,tcl
ix,ix
m,m
iy,iy
ey,ey
n,m
t,t
dx,dx
dcl,dcl
ix,ax
ix,ix
ix,ix
ah,ah
bcl,f
er,er
iy,ix
eh,ah
ae,ae
kcl,pcl
ae,ae
ay,ay
l,l
eh,ih
dcl,dcl
kcl,dcl
ah,ax
ix,ih
ng,n
z,z
gcl,dcl
l,l
v,jh
er,er
dcl,dcl
ih,iy
m,m
ay,ay
kcl,kcl
v,m
ae,eh
el,l
s,s
m,m
kcl,tcl
aa,aa
v,dh
ao,ah
ax,ax
axr,r
ae,ae
v,v
ng,en
tcl,tcl
l,l
ay,ay
q,q
jh,jh
s,s
iy,iy
ao,ao
er,er
n,n
bcl,w
z,z
uw,ix
ah,ae
ao,ao
r,r
ay,ay
l,l
ax,ax
ao,ao
eh,eh
n,n
tcl,dcl
q,q
ih,iy
ae,ae
ix,iy
ih,ix
sh,jh
ah,ae
pcl,dcl
ay,iy
l,ao
s,s
tcl,dcl
r,ux
kcl,kcl
m,m
eh,eh
r,aa
en,n
oy,ao
tcl,dcl
eh,eh
hv,hv
aa,aa
eh,ix
ix,ix
k,t
aa,aa
d,t
ix,ix
q,q
q,q
r,r
ih,ih
ax,ax
s,t
ey,ey
kcl,tcl
axr,axr
k,k
n,gcl
s,s
r,n
d,d
pcl,tcl
n,n
er,er
r,eh
k,dh
ux,ux
iy,iy
ae,ae
ux,ix
ih,ix
r,r
kcl,kcl
p,p
aa,ao
ey,ey
ao,uh
ix,iy
r,r
y,y
n,n
z,k
er,er
l,l
ah,ah
ah,l
iy,iy
s,s
iy,ix
bcl,dcl
tcl,kcl
r,er
s,s
dx,dx
ah,aa
ae,ae
iy,y
w,w
z,s
dcl,dcl
dh,dcl
r,ux
jh,jh
m,m
dh,v
z,s
ih,ux
ih,r
r,r
eh,eh
tcl,tcl
dcl,jh
aa,aa
uw,n
k,k
tcl,tcl
eh,ih
v,r
y,dx
k,k
r,r
r,r
ix,ix
eh,r
l,l
m,m
l,m
dh,dh
ch,ch
ix,ix
z,z
ao,ih
dh,dh
ao,ao
pcl,pcl
s,s
iy,iy
kcl,kcl
s,s
ax,ax
ay,oy
k,k
iy,iy
ao,ao
tcl,kcl
el,el
iy,iy
iy,iy
ae,ae
f,f
tcl,tcl
iy,ux
aa,aa
s,s
y,y
kcl,tcl
q,q
iy,iy
v,f
gcl,gcl
uw,m
kcl,kcl
iy,iy
er,er
sh,sh
t,t
kcl,kcl
l,l
k,k
ax,r
q,q
oy,oy
er,axr
gcl,n
ih,y
l,l
hh,t
ey,iy
w,w
jh,jh
ih,ix
f,th
ow,ow
ow,el
s,s
kcl,kcl
aa,ao
ch,jh
tcl,tcl
sh,sh
kcl,kcl
r,r
w,w
pcl,pcl
w,w
dx,dx
k,k
ix,ix
aw,aw
dcl,dcl
aw,ae
ih,ix
iy,ey
ao,ao
l,l
kcl,kcl
k,g
r,r
tcl,dcl
tcl,tcl
l,l
s,s
iy,ix
z,s
s,s
m,m
dh,dh
r,r
q,q
r,r
t,t
m,m
ax,ax
t,y
k,f
eh,ih
el,l
bcl,bcl
m,m
kcl,kcl
sh,s
r,r
eh,ix
oy,oy
w,w
aw,ao
n,n
tcl,kcl
ah,ah
s,s
sh,sh
iy,iy
s,s
w,w
en,en
ux,ix
er,er
dcl,tcl
sh,sh
ih,ih
y,iy
s,s
ow,el
eh,eh
s,s
ey,ey
z,jh
l,ax
r,m
er,ih
ah,aa
r,r
ow,ow
n,n
ix,ix
aa,aa
axr,ix
n,dcl
aw,ae
y,y
sh,s
dx,dcl
hv,hh
ng,n
ih,ix
q,q
aa,aa
iy,iy
ih,ih
r,r
aa,aa
r,r
n,n
ix,ix
ix,ix
ao,ao
l,l
kcl,gcl
ih,ih
l,l
ax,ax
ow,ow
zh,sh
s,s
k,p
m,m
ow,uw
ah,ah
l,l
aa,ah
w,w
ao,aa
aa,aa
n,n
ih,ih
l,l
w,l
f,f
ng,n
ix,ix
ng,ng
tcl,kcl
aa,aa
w,w
iy,iy
w,w
aw,aw
er,r
k,hh
ih,ih
iy,iy
tcl,dcl
ch,s
t,t
ih,ih
r,r
w,w
t,t
ay,ay
gcl,dcl
iy,iy
gcl,dcl
s,s
iy,iy
s,s
z,n
uw,ux
ih,ix
ix,ih
eh,aw
s,s
p,p
tcl,tcl
r,r
r,r
m,m
r,w
ah,ah
s,s
w,w
k,k
r,axr
p,k
pcl,tcl
ae,ae
ae,ae
ax,ax
ax,l
n,n
hv,hv
ix,ix
p,p
w,w
dh,dx
aw,aw
ih,ix
kcl,kcl
tcl,tcl
k,k
s,s
k,kcl
n,nx
ao,aa
g,g
ix,ix
dx,dcl
r,eh
ix,ix
t,t
k,k
gcl,dcl
s,s
w,w
oy,oy
m,m
el,el
w,w
l,l
r,r
f,f
iy,iy
r,r
p,p
ax,ix
n,n
er,er
f,f
n,n
w,l
n,n
eh,ih
bcl,dcl
r,r
n,n
th,s
ix,ix
ih,iy
ey,eh
eh,ey
s,s
ih,ix
m,q
ae,aa
bcl,bcl
tcl,dcl
s,s
eh,ix
ao,aa
gcl,kcl
ax,ax
l,l
t,t
dx,dx
dh,dh
kcl,kcl
m,m
sh,sh
l,l
ow,axr
eh,eh
ow,ow
ae,ae
r,r
q,dx
s,s
ix,ix
r,r
ah,ao
dh,p
ah,ah
ux,ux
p,p
tcl,tcl
w,l
k,k
n,n
iy,iy
ix,ix
dcl,dcl
z,z
ix,ey
ey,q
w,w
g,g
m,m
ow,aw
m,m
l,ix
z,s
f,f
kcl,kcl
w,w
hv,hv
p,b
ih,eh
ow,ow
ay,ao
ax,ix
m,m
tcl,kcl
aa,aa
ih,ah
tcl,kcl
r,axr
en,dcl
s,s
l,l
m,n
kcl,kcl
r,r
ng,m
z,z
ix,ix
s,z
ax,ax
iy,iy
z,s
s,sh
l,ax
n,n
p,p
ah,ah
ih,iy
w,w
axr,ix
r,r
w,r
z,z
ax,ax
k,kcl
aw,ah
n,ng
sh,sh
m,dcl
l,l
er,er
q,q
en,n
iy,iy
f,f
ix,iy
ah,ah
hv,hv
m,m
d,k
n,m
m,m
k,k
p,p
tcl,kcl
ao,aa
r,axr
iy,iy
ey,ey
aa,aa
ix,ih
m,m
hh,k
w,l
v,p
s,s
er,er
l,w
s,s
ao,ax
r,r
er,er
l,ix
q,kcl
iy,iy
ao,w
r,r
hh,hh
axr,r
z,s
f,f
iy,iy
r,r
n,m
sh,sh
iy,ix
l,ao
jh,jh
z,z
ix,ix
dcl,dcl
gcl,dcl
p,p
tcl,tcl
th,t
q,q
m,m
hv,hv
iy,iy
kcl,pcl
ax-h,ix
ch,k
m,m
k,k
ax,ax
ix,ix
el,el
iy,iy
bcl,bcl
axr,axr
r,ix
axr,ix
iy,iy
iy,iy
w,w
t,t
m,ng
kcl,kcl
er,axr
f,f
z,z
gcl,dcl
tcl,pcl
t,t
kcl,kcl
d,t
ey,ey
tcl,dcl
s,s
l,w
kcl,kcl
hv,r
ax,ax
s,s
ch,ch
eh,ih
p,p
y,ix
ng,n
ih,ih
sh,sh
ih,ih
ux,ux
sh,sh
m,m
kcl,tcl
ae,ae
dcl,dcl
n,n
p,k
gcl,gcl
ax,ax
ay,ay
n,n
ih,eh
dcl,dcl
ux,iy
n,n
bcl,kcl
axr,axr
n,en
ow,ow
ae,ae
axr,axr
ix,n
ey,ey
ix,ix
l,l
ix,ix
eh,ih
l,l
g,k
s,z
v,v
ay,q
r,r
ix,iy
dcl,dcl
uh,ih
oy,oy
p,p
t,t
ae,ae
s,s
gcl,gcl
z,s
ix,eh
dcl,bcl
th,f
g,g
t,t
eh,ae
ix,ix
kcl,kcl
iy,iy
ax,ax
y,iy
ih,ax
iy,iy
pcl,pcl
s,s
axr,axr
dcl,dcl
ow,l
w,q
s,ch
d,t
q,dh
er,er
ih,ax
iy,ey
uw,ix
ax,ix
el,uh
jh,sh
s,s
ax,ax
r,r
ux,ux
el,ow
er,axr
kcl,pcl
kcl,kcl
p,p
dcl,dcl
ix,ih
t,t
ae,ae
kcl,pcl
n,m
t,t
ow,ow
ih,ih
ih,ih
axr,r
n,n
iy,iy
s,s
gcl,tcl
q,q
ae,ae
iy,iy
ow,ow
ao,ao
f,pcl
l,l
s,s
dh,dcl
r,iy
kcl,kcl
ih,ix
q,q
ow,el
l,l
pcl,dcl
ah,ah
ux,ux
ae,ae
ay,ay
m,dcl
s,s
k,k
kcl,kcl
kcl,tcl
pcl,pcl
th,dh
axr,r
tcl,tcl
ax,dh
r,r
t,t
ae,eh
sh,sh
kcl,kcl
s,s
f,f
pcl,pcl
ix,ix
s,s
k,k
ah,eh
ae,ux
ae,ae
ng,uw
y,q
s,z
m,n
t,dh
ao,w
s,s
s,s
gcl,bcl
f,f
aa,ao
n,n
w,w
ax,axr
n,n
p,p
ih,iy
kcl,g
ix,n
ih,ih
ux,iy
aa,ah
v,f
t,t
iy,iy
ch,jh
ey,iy
dh,dh
w,l
iy,iy
ax,m
ix,iy
tcl,dcl
l,l
p,p
dx,dcl
ix,ix
ih,ix
z,th
d,d
pcl,bcl
l,l
z,z
el,w
y,y
n,n
sh,sh
s,s
l,l
r,r
axr,axr
k,k
r,r
q,q
p,p
m,bcl
ax,ax
tcl,kcl
m,m
ix,q
l,l
kcl,kcl
aa,aa
z,z
r,r
ix,ix
pcl,tcl
t,t
q,axr
w,l
t,p
ae,ae
el,el
s,s
tcl,dcl
ix,ix
ix,ix
t,t
ix,ih
ix,ih
g,g
dx,dx
ax,ax
iy,iy
dh,dh
s,s
n,n
n,n
f,s
r,r
ah,ah
ae,ae
dcl,tcl
er,axr
pcl,pcl
gcl,bcl
kcl,kcl
m,m
s,z
t,t
axr,dh
z,s
dh,ix
gcl,bcl
m,n
er,er
ux,ux
en,n
r,r
v,pcl
s,s
q,ix
s,s
tcl,dcl
l,l
dcl,dcl
ah,ah
ow,ow
ow,el
l,l
m,dcl
ih,ey
tcl,tcl
dcl,tcl
ao,ax
l,iy
ax,l
k,k
ow,ow
t,t
tcl,dcl
t,t
v,ux
ix,eh
ix,eh
ax,en
axr,axr
dh,dh
iy,iy
tcl,pcl
r,axr
kcl,kcl
ih,iy
l,l
m,m
ow,ow
y,hh
iy,iy
ax,ix
gcl,gcl
ey,ey
ax,ix
dh,dh
uh,ax
ux,ux
ix,iy
tcl,tcl
ix,dh
ix,ix
l,w
w,m
dx,dx
iy,iy
f,kcl
l,l
axr,r
eh,ah
ey,ey
ix,ix
er,axr
tcl,pcl
aa,aa
pcl,pcl
ih,ix
ae,ae
ow,ow
ae,ae
ow,l
ao,ao
iy,iy
sh,s
g,y
l,aw
ih,iy
m,ng
kcl,kcl
f,p
pcl,pcl
k,k
iy,iy
aa,aa
ix,ix
ay,ay
bcl,bcl
en,dh
tcl,dcl
k,k
ey,ey
pcl,pcl
ao,ao
w,l
n,n
jh,jh
ae,ae
z,z
ix,ix
n,n
ix,ah
z,z
r,r
ax,ax
jh,jh
dh,dh
kcl,tcl
pcl,tcl
kcl,tcl
l,l
s,s
ao,w
ah,ax
er,er
ih,iy
p,p
gcl,bcl
s,z
ao,ao
el,el
l,l
en,n
n,n
m,m
n,dx
axr,axr
t,t
dcl,gcl
w,l
er,axr
t,t
ow,ao
f,th
r,r
kcl,kcl
ao,ao
l,l
n,m
q,axr
r,r
kcl,dcl
l,l
m,m
r,r
l,w
iy,iy
gcl,bcl
ux,y
th,th
iy,iy
s,s
ae,ae
l,l
kcl,kcl
eh,r
r,r
t,t
dcl,dcl
f,f
ix,ix
z,s
k,q
k,k
iy,iy
iy,iy
ae,eh
tcl,pcl
l,ax
tcl,tcl
s,s
tcl,dcl
k,k
q,ah
w,w
v,v
ix,q
ih,ix
p,p
ih,ih
er,er
w,ax
ow,ow
ih,ux
ax,l
kcl,kcl
s,s
ah,ah
ao,ax
iy,iy
t,dh
axr,axr
ao,ao
t,s
q,p
eh,eh
r,r
s,s
ux,iy
n,m
kcl,kcl
r,r
pcl,tcl
k,k
l,l
ao,q
w,w
oy,oy
aw,ow
ay,ay
n,n
dcl,dcl
pcl,tcl
en,n
kcl,kcl
hv,hv
l,l
bcl,m
v,tcl
s,s
q,q
m,n
v,ix
l,ao
ae,eh
k,k
tcl,tcl
aa,aa
tcl,pcl
ix,iy
s,s
el,l
ae,ae
s,k
tcl,tcl
s,s
z,s
sh,sh
iy,ih
ae,ae
iy,iy
l,l
tcl,tcl
ng,n
uh,ah
l,l
sh,sh
er,er
ng,ix
ix,l
v,v
ih,ih
ch,sh
ix,iy
m,m
r,r
t,sh
sh,sh
axr,er
b,p
iy,iy
dx,dx
iy,iy
ix,ix
z,z
tcl,kcl
ax,ix
iy,ix
v,v
ax-h,tcl
iy,iy
iy,iy
dcl,dcl
p,b
hh,hh
bcl,dcl
s,sh
r,r
jh,jh
eh,eh
sh,jh
z,s
pcl,tcl
pcl,pcl
tcl,kcl
ae,ae
ax,ix
l,l
y,y
w,l
iy,iy
hv,hv
ih,ih
ao,ao
en,en
m,m
iy,iy
er,r
s,s
iy,iy
sh,sh
t,d
iy,iy
ih,ih
m,m
er,er
tcl,dcl
k,k
d,kcl
ih,ix
ae,ae
ix,ix
ey,ey
el,ow
l,l
tcl,dcl
gcl,gcl
er,er
kcl,kcl
tcl,tcl
n,n
kcl,tcl
kcl,dcl
ah,oy
k,k
v,f
eh,ix
th,s
ix,ix
jh,dcl
z,z
r,r
dcl,dcl
dx,r
bcl,dcl
p,p
r,r
l,ax
ao,ao
ux,ux
q,kcl
m,m
ax,r
th,f
ix,ix
ix,iy
n,n
eh,ae
l,ao
l,l
q,dh
uh,el
n,n
tcl,pcl
z,z
w,l
q,q
ih,ih
s,s
uh,uh
ax,ix
ch,ch
ao,ao
ah,ao
k,k
s,z
r,r
tcl,tcl
ae,ae
eh,ix
ay,ay
gcl,v
ux,eh
g,kcl
ih,ix
k,p
tcl,tcl
ae,eh
ax,ax
kcl,hh
ch,ch
ng,ng
uw,ux
v,dcl
axr,axr
ix,ix
jh,d
hv,hh
q,q
ae,ih
ix,iy
axr,axr
uw,uw
n,n
p,p
ao,aa
ng,n
iy,ih
kcl,kcl
iy,iy
ax,ow
f,f
n,n
p,k
s,s
s,s
gcl,dx
w,w
n,n
dh,l
ay,ay
en,n
dcl,dcl
ay,ey
s,s
eh,ay
t,t
aa,aa
q,dx
ah,eh
q,q
z,z
dcl,dcl
ae,ae
w,w
k,k
er,r
s,z
ay,ay
aa,aa
w,w
ux,y
iy,iy
z,z
ax,ih
n,n
ay,ay
k,k
sh,sh
ix,ix
m,m
ux,iy
z,z
y,y
el,el
iy,iy
th,dh
dh,dcl
w,m
r,r
tcl,hh
dh,l
eh,r
m,m
k,k
f,f
p,k
ow,ow
ae,eh
r,r
l,l
hv,hh
ah,aa
ao,aa
s,s
er,ao
l,l
axr,axr
r,r
ae,ae
z,s
ix,r
pcl,tcl
en,en
aa,aa
gcl,ng
s,s
iy,iy
ng,ng
r,iy
dh,bcl
z,z
p,p
t,t
f,f
dx,dx
q,q
ey,ey
ch,jh
g,g
z,z
dcl,dcl
ae,ae
dh,v
s,s
k,sh
ih,uh
ih,ix
pcl,pcl
ax,eh
bcl,bcl
oy,oy
n,tcl
ao,aa
er,r
pcl,tcl
kcl,kcl
y,y
m,bcl
ix,ix
ax-h,kcl
ae,ae
l,l
p,p
sh,sh
ix,ix
w,w
tcl,s
dcl,tcl
kcl,kcl
l,l
k,k
p,p
q,q
m,m
l,l
p,p
w,el
l,l
n,dcl
z,s
dcl,dcl
eh,ey
s,s
w,w
t,t
er,ow
ix,iy
s,s
z,s
s,s
iy,ix
r,r
dx,dx
p,p
pcl,tcl
ey,ey
n,v
z,z
dx,dcl
k,k
gcl,dcl
f,f
axr,v
m,m
jh,t
ow,ow
k,k
ow,ow
s,s
r,r
q,q
ix,ix
ae,eh
l,l
aa,aa
q,q
ix,ix
n,n
p,p
iy,iy
m,m
kcl,tcl
s,s
ey,ey
y,y
ae,ae
w,w
dcl,dcl
tcl,q
ix,ix
n,m
r,r
q,q
ah,ix
z,z
z,z
v,dh
kcl,kcl
ah,ah
ih,ix
t,t
kcl,kcl
l,l
ix,ix
eh,eh
k,k
n,n
z,s
bcl,bcl
ix,ix
n,n
r,r
ax,ax
ax,q
ah,ih
ax,ax
f,f
ih,ih
axr,er
ix,r
ux,iy
tcl,tcl
ix,ih
eh,ae
iy,iy
uh,ax
iy,iy
ux,ix
iy,iy
t,t
gcl,tcl
n,n
f,f
kcl,kcl
dx,dx
g,k
z,z
l,l
z,z
eh,ih
s,s
l,q
q,q
ao,ao
eh,ae
ix,ix
z,z
b,p
sh,sh
d,d
s,s
el,l
ax,ao
ix,ix
ah,ax
kcl,kcl
v,v
g,k
f,f
ix,ix
iy,iy
bcl,bcl
hv,hv
q,q
f,f
iy,iy
kcl,pcl
er,er
s,s
s,s
axr,axr
s,s
ux,ux
kcl,kcl
n,n
m,m
ao,ao
s,s
dcl,dcl
q,ix
q,q
n,dx
iy,iy
hv,hv
r,r
t,p
kcl,kcl
ao,ao
ey,ey
tcl,pcl
iy,iy
ih,ih
eh,iy
iy,r
tcl,kcl
m,m
t,t
ah,ah
ey,ey
sh,sh
ix,ix
k,k
ih,iy
s,s
l,l
dh,dh
l,l
er,axr
ae,ae
s,s
ow,ow
ng,n
iy,iy
axr,er
l,nx
r,axr
t,t
q,q
ey,iy
dcl,dcl
g,g
ih,ih
s,s
hh,k
ae,ae
ih,ih
n,n
ih,ih
r,axr
axr,er
q,q
l,l
r,r
tcl,tcl
dcl,bcl
d,d
s,s
ae,ae
hv,hv
ch,t
v,v
ah,ay
eh,ah
f,f
ax,m
l,el
w,w
t,t
n,n
ae,ae
oy,oy
q,tcl
q,k
n,dh
eh,eh
tcl,pcl
ae,ae
s,s
ix,ix
bcl,dcl
ix,ix
k,s
ax,eh
ih,ih
dcl,bcl
eh,axr
k,t
tcl,tcl
er,aa
aw,ae
pcl,pcl
ih,eh
ow,l
w,n
z,z
k,f
z,z
s,s
r,r
axr,axr
y,y
ae,ae
tcl,f
aw,aw
ih,axr
tcl,tcl
aa,er
dx,dx
dx,dh
r,ax
tcl,tcl
axr,axr
z,z
r,r
n,n
b,p
ah,eh
p,t
ey,ix
ay,ay
ae,ae
w,w
ae,ae
s,s
r,r
kcl,pcl
iy,iy
tcl,tcl
ah,aa
iy,iy
ae,ae
f,f
iy,iy
jh,jh
dcl,pcl
ix,ix
pcl,bcl
axr,r
n,m
tcl,pcl
v,v
v,v
bcl,bcl
ch,ch
iy,iy
gcl,kcl
eh,eh
pcl,pcl
dh,l
pcl,pcl
eh,eh
d,ix
th,s
r,r
dcl,dcl
iy,iy
r,ow
f,hh
kcl,kcl
p,p
iy,iy
ax,ix
iy,iy
z,z
ih,iy
pcl,kcl
w,w
ae,ae
t,t
r,r
axr,axr
eh,ih
iy,iy
tcl,kcl
y,y
f,f
ah,eh
ae,ae
r,r
d,d
axr,r
dcl,dcl
n,n
ae,ae
ng,ng
t,jh
ax,l
tcl,dcl
ax,l
er,r
ih,ih
kcl,kcl
el,ax
v,v
ey,iy
kcl,tcl
s,s
r,r
l,l
ux,uw
kcl,tcl
aw,aw
l,w
ay,ae
n,n
iy,iy
p,p
r,r
ao,ao
y,dcl
ao,aa
f,f
z,z
k,k
tcl,tcl
eh,ae
p,p
l,l
n,n
q,ix
q,q
s,s
iy,iy
f,f
z,z
k,k
ng,ng
gcl,dcl
n,m
p,hh
ix,l
eh,eh
l,ng
ax,n
dcl,kcl
t,t
ah,ah
hv,hh
n,n
s,s
t,ch
sh,sh
sh,sh
n,n
f,f
s,s
ao,ao
ix,ix
t,dh
b,tcl
aa,aa
l,l
ae,ae
iy,iy
k,k
w,r
ch,jh
ae,ae
dcl,dcl
y,y
ih,ih
aa,aa
ae,ae
ax,ax
ix,ix
l,l
w,w
tcl,pcl
tcl,tcl
pcl,pcl
k,k
z,z
ae,ae
r,r
kcl,kcl
r,r
s,s
er,er
hv,hv
z,z
r,r
ix,ix
y,jh
s,s
y,dcl
tcl,dcl
ax,ix
t,k
v,f
v,l
tcl,bcl
axr,axr
ix,ix
k,k
ey,ix
bcl,bcl
iy,iy
l,l
g,g
r,er
tcl,tcl
ih,ih
p,p
tcl,kcl
n,ng
tcl,tcl
ix,ix
f,th
sh,sh
th,tcl
kcl,kcl
kcl,kcl
kcl,kcl
dcl,dcl
kcl,kcl
z,z
axr,r
iy,iy
axr,er
n,n
axr,ih
t,t
g,k
w,w
tcl,tcl
kcl,kcl
aa,ae
q,q
s,s
ow,ow
kcl,kcl
k,t
tcl,pcl
sh,sh
ow,ow
gcl,dcl
t,t
t,f
q,q
iy,iy
sh,sh
ae,ey
z,s
m,n
l,l
ax,eh
sh,sh
ix,ix
r,axr
k,k
ix,iy
ux,ux
axr,axr
s,s
q,q
aa,l
m,n
ax,ix
kcl,kcl
r,r
n,ax
l,l
r,r
k,k
ow,ow
aa,aa
ah,l
w,w
n,n
sh,s
n,n
y,y
ng,n
ix,ax
k,d
er,er
dh,dh
aa,aa
ey,eh
n,nx
m,m
l,l
n,n
w,w
ax,r
ux,ix
dh,k
eh,aa
ax,ow
ao,ao
ax,ax
ax,ax
ey,ae
y,y
t,t
axr,axr
g,g
ax,ax
r,v
ix,ux
tcl,tcl
dcl,dcl
bcl,dcl
r,r
s,s
r,r
dcl,kcl
dcl,tcl
ix,ih
dcl,gcl
s,s
ah,eh
r,r
n,ng
t,t
z,z
eh,eh
ey,ey
gcl,kcl
s,s
r,r
w,w
iy,iy
gcl,gcl
hh,z
ey,ey
f,f
t,dh
n,n
t,t
l,l
oy,oy
uw,ow
ae,ae
q,kcl
k,k
s,s
eh,ey
ix,ix
uh,ax
dcl,z
l,l
ih,ih
q,q
iy,iy
s,s
ay,ay
sh,sh
kcl,kcl
n,n
l,l
n,n
ix,ix
ao,r
sh,sh
z,s
ay,ay
dh,ax
tcl,kcl
ow,ow
kcl,kcl
el,uh
l,l
pcl,kcl
ao,ao
r,r
s,s
y,y
iy,iy
s,s
ax,ax
m,dcl
bcl,bcl
ih,ey
eh,ix
ao,ow
ao,ao
uw,iy
eh,ae
s,s
k,k
ux,ix
ey,ey
tcl,tcl
q,q
ix,ih
tcl,kcl
axr,er
pcl,pcl
v,v
ey,ey
w,w
ax,ax
s,s
kcl,kcl
l,n
v,v
l,l
th,kcl
v,v
tcl,kcl
ix,iy
sh,sh
dcl,dcl
pcl,dcl
dx,dcl
n,n
k,k
z,s
iy,iy
ax,m
k,k
w,w
k,k
pcl,tcl
axr,axr
eh,ix
ey,ey
aa,aa
ux,ux
aa,aa
s,s
n,n
s,s
dh,dh
er,ih
bcl,bcl
s,s
kcl,k
ax,eh
s,s
ih,ih
s,s
hv,hv
en,n
d,d
kcl,kcl
aa,aa
n,n
ao,ao
l,l
ih,ih
pcl,tcl
w,w
q,q
q,q
nx,dcl
s,s
ao,ao
aa,aa
p,p
y,y
q,q
bcl,dcl
ix,ix
iy,iy
bcl,bcl
m,m
w,w
ix,ix
pcl,tcl
p,p
s,s
l,l
kcl,kcl
n,m
q,q
dcl,dcl
n,n
bcl,v
dcl,dcl
ax,r
ix,y
ay,ay
l,ax
eh,eh
iy,iy
jh,jh
l,l
bcl,bcl
ax,ix
ix,ix
z,s
n,n
uh,ah
pcl,pcl
n,dx
ax,ax
ch,jh
z,z
f,dh
jh,sh
n,n
ix,ih
jh,jh
aa,aa
r,r
z,s
ay,ay
sh,sh
p,p
z,z
dx,dx
ih,ix
gcl,dcl
ih,axr
l,l
eh,ae
q,kcl
eh,eh
bcl,pcl
sh,sh
l,l
tcl,pcl
ow,ow
ae,ae
r,v
ix,ix
ix,eh
w,w
ix,iy
ux,iy
ix,n
p,p
dh,t
uw,uw
aa,aa
ng,n
r,r
bcl,m
ow,ow
ih,ih
q,q
kcl,pcl
tcl,tcl
ax,axr
w,w
tcl,tcl
ah,ah
er,axr
ax,ax
n,n
ix,ix
pcl,kcl
k,p
s,s
ay,ay
v,v
iy,iy
tcl,dcl
ax,ix
aw,ah
axr,axr
oy,oy
dcl,kcl
t,t
er,axr
s,s
dcl,kcl
w,w
p,p
s,s
dx,dx
t,t
iy,iy
ae,aa
k,k
axr,er
w,w
p,p
n,n
d,d
y,y
s,s
l,l
sh,sh
q,ax
k,k
ay,ay
ay,ay
g,g
d,t
ih,ix
r,r
el,l
sh,sh
tcl,kcl
l,el
ey,iy
aa,aa
kcl,kcl
ix,ix
er,er
r,ix
kcl,dcl
dh,dh
jh,sh
k,k
tcl,tcl
pcl,tcl
r,r
ah,eh
iy,iy
ax,ix
r,ax
ay,aa
axr,axr
ao,ao
ao,ao
kcl,kcl
ey,ih
iy,iy
tcl,kcl
s,s
ey,ey
k,k
ah,ah
k,g
m,m
r,r
ux,ux
kcl,kcl
q,q
w,w
bcl,bcl
eh,eh
ax,ax
ix,ix
ow,ow
kcl,kcl
ah,ah
ao,aa
r,r
r,ix
p,p
bcl,bcl
l,l
ay,ay
ih,ix
p,d
iy,iy
s,s
q,q
hv,iy
ih,ix
eh,eh
k,g
iy,iy
ah,oy
r,r
ih,ix
gcl,gcl
ux,ux
tcl,tcl
ay,ay
ey,ey
k,k
dcl,dcl
kcl,kcl
d,p
dcl,v
sh,sh
r,r
q,tcl
n,n
z,jh
k,p
m,dcl
ae,r
eh,eh
aa,aa
ch,jh
ix,ix
iy,iy
ix,ix
iy,ih
iy,iy
iy,iy
r,r
dx,kcl
n,m
ey,iy
s,s
y,y
r,uh
ux,iy
v,dcl
axr,axr
ah,ah
ix,n
aa,ao
s,s
y,y
uh,l
ih,ih
s,s
hh,hh
kcl,kcl
n,m
ih,n
m,n
sh,sh
q,n
kcl,kcl
ix,ix
ay,ay
p,p
l,l
sh,sh
k,k
s,s
z,s
q,iy
eh,l
gcl,dcl
kcl,kcl
eh,aw
p,p
dcl,dcl
ix,ix
r,er
ih,ax
r,r
n,n
hv,hv
ao,ao
v,v
ix,ix
ax,ix
t,t
s,s
y,iy
dh,kcl
tcl,kcl
eh,ih
oy,oy
ao,ao
hh,z
n,n
n,n
ng,ng
n,ng
dcl,tcl
gcl,gcl
kcl,kcl
kcl,kcl
ih,ih
l,l
k,k
s,s
jh,k
ih,ix
k,k
ux,iy
ah,ax
tcl,kcl
dx,nx
d,t
aa,ae
p,p
ix,ix
pcl,kcl
k,k
iy,iy
ng,dx
er,er
ih,ih
k,k
d,t
ay,ay
gcl,tcl
hh,s
gcl,dcl
t,k
ey,ey
ae,ae
iy,iy
m,m
s,s
d,dh
er,er
sh,z
axr,axr
bcl,dcl
ix,ix
r,r
ae,ae
tcl,tcl
l,l
ux,ux
ow,aw
s,s
oy,oy
y,iy
m,m
er,axr
ay,ay
y,iy
t,t
l,uw
hv,hv
ah,ah
pcl,pcl
n,n
aa,aa
y,y
m,n
s,s
ao,ao
tcl,dcl
ao,ao
r,r
ae,ae
iy,iy
ae,ae
aa,aa
er,eh
d,d
ae,ae
y,axr
ah,aa
r,r
er,axr
l,ax
f,f
ax,l
hh,hh
g,g
p,p
aa,aa
w,w
dcl,dcl
kcl,kcl
s,s
l,l
dcl,kcl
f,f
l,l
g,g
oy,oy
g,k
uh,ih
dh,m
k,k
ih,ix
ao,ao
sh,sh
gcl,iy
l,l
k,k
kcl,kcl
w,w
g,k
ah,ah
r,m
tcl,dcl
tcl,kcl
l,l
ah,ax
f,p
ng,ng
l,w
aa,aa
y,iy
t,d
nx,nx
aw,aw
t,t
iy,iy
n,n
q,q
l,l
ix,ix
m,n
m,m
ae,ae
iy,r
k,k
q,q
tcl,kcl
k,k
ao,ao
ow,ow
dx,dx
n,n
ih,ih
s,s
k,k
n,n
ih,ix
tcl,tcl
ae,ae
ix,ih
n,n
y,y
s,s
iy,iy
g,g
tcl,tcl
ng,n
ax,ix
v,v
iy,iy
bcl,dcl
uh,ah
f,f
bcl,dcl
iy,iy
kcl,kcl
ey,iy
n,n
ay,ay
axr,r
eh,eh
l,ix
tcl,tcl
iy,iy
n,dcl
n,n
axr,r
l,l
d,dx
tcl,tcl
m,m
er,ux
ax,ix
kcl,tcl
tcl,kcl
kcl,g
er,r
m,m
g,jh
ax,ax
ah,ah
l,q
kcl,tcl
m,v
ae,ey
iy,iy
z,z
tcl,tcl
l,l
sh,sh
dcl,tcl
eh,ih
ux,ih
kcl,dcl
ng,m
tcl,kcl
er,er
ih,eh
bcl,bcl
ax,ax
ix,l
z,z
pcl,kcl
gcl,gcl
dcl,kcl
kcl,dcl
tcl,dcl
s,z
k,p
ey,ey
ax,ix
ax,ax
tcl,kcl
t,t
axr,axr
k,k
tcl,tcl
tcl,tcl
ng,n
sh,sh
ey,ey
ix,ux
jh,jh
gcl,dcl
n,n
ay,ay
ah,eh
ao,ao
ix,ih
ax,ax
ix,ix
f,f
sh,sh
ax,r
n,n
tcl,tcl
ax,eh
gcl,dcl
z,z
n,n
ih,ih
ah,ah
ah,ih
axr,axr
bcl,n
n,n
ao,r
k,k
r,r
pcl,pcl
ix,ax
l,ax
th,kcl
w,w
dcl,tcl
f,f
f,f
sh,sh
ae,ae
dcl,tcl
v,v
ix,ix
r,r
iy,ey
ch,t
uh,ax
el,l
s,s
ih,ix
ae,ae
z,z
s,s
r,r
th,d
m,m
iy,ey
s,z
eh,ix
ix,ih
n,n
m,m
ao,ao
axr,r
ax,ix
uw,ix
s,s
ix,ix
aa,aa
l,l
aa,ao
iy,ih
z,z
er,axr
r,r
ih,ih
t,t
r,r
n,m
jh,jh
ay,ay
ih,ih
bcl,dcl
ih,eh
tcl,tcl
ah,eh
bcl,bcl
ix,ax
s,s
kcl,pcl
dcl,dcl
t,t
kcl,kcl
f,f
l,l
aa,ay
n,v
t,t
dh,dh
bcl,bcl
m,l
p,k
dcl,dcl
ae,ae
tcl,dcl
kcl,kcl
ix,iy
ae,ae
gcl,bcl
t,t
n,n
ng,n
axr,er
hh,hh
m,bcl
ih,ix
eh,eh
ao,l
jh,s
pcl,kcl
dx,dx
ah,eh
q,q
ix,ix
iy,iy
ih,ih
kcl,dcl
aa,ao
w,w
kcl,kcl
n,n
w,w
kcl,kcl
f,f
n,dcl
t,t
s,s
ey,ey
t,f
aa,ao
iy,iy
ae,ae
p,p
q,q
gcl,dcl
g,k
hv,hh
m,m
f,f
dh,dh
axr,m
l,l
ay,ae
dx,gcl
ax-h,ix
ix,ix
s,s
n,n
k,k
iy,iy
kcl,tcl
d,d
k,w
tcl,tcl
s,s
z,s
k,k
ey,ey
r,r
ux,ux
tcl,dcl
s,s
d,t
ao,ao
iy,iy
t,s
ch,ch
n,n
ix,ix
iy,iy
ix,ix
ao,ao
aa,aa
s,s
pcl,kcl
ay,ay
ey,ey
ix,ix
ae,ae
ix,ix
eh,eh
ix,ix
w,l
ae,ae
oy,ay
ix,ix
m,n
axr,axr
ih,ih
eh,eh
aa,aa
tcl,tcl
ay,ay
er,axr
ih,iy
l,ng
dcl,dcl
ax,ix
t,dh
l,ax
dx,tcl
kcl,kcl
w,w
axr,axr
g,g
ux,ux
f,f
ix,q
n,n
r,r
ih,iy
s,s
kcl,tcl
f,f
dh,v
f,f
t,sh
iy,iy
r,l
axr,r
ah,eh
ix,ix
ey,ey
tcl,kcl
n,n
pcl,kcl
dx,g
ix,ix
l,l
ix,ix
eh,eh
bcl,dcl
q,q
bcl,dcl
r,axr
v,kcl
n,dx
tcl,dcl
f,f
tcl,gcl
hh,hh
hh,tcl
jh,jh
t,t
kcl,kcl
iy,iy
iy,iy
er,r
f,f
aa,aa
f,f
gcl,kcl
ux,ih
uw,w
s,s
m,n
kcl,tcl
en,en
th,s
gcl,dcl
f,f
kcl,kcl
dcl,dcl
dcl,dcl
n,ng
m,n
iy,iy
s,s
ix,ix
gcl,pcl
iy,q
y,y
eh,eh
ax,ix
s,s
ao,ay
tcl,kcl
bcl,dcl
dcl,dcl
r,ix
iy,iy
ch,sh
ah,ah
s,s
l,l
ih,ih
iy,iy
axr,axr
ey,ey
sh,ch
s,s
r,r
axr,axr
axr,ix
axr,axr
dcl,n
eh,eh
uh,ix
ao,ao
w,w
ay,ay
th,f
m,dcl
ae,ae
dh,n
ih,ih
jh,jh
jh,t
ix,ix
n,n
z,z
ax,ax
n,n
f,s
ux,ux
l,l
r,r
s,s
t,th
s,s
ix,ix
tcl,tcl
sh,sh
axr,er
dh,dh
sh,sh
d,jh
l,l
axr,m
ao,aa
kcl,kcl
iy,ix
q,q
ix,ax
z,s
y,y
tcl,kcl
bcl,dcl
iy,iy
r,r
nx,n
s,s
d,d
ow,ow
iy,iy
l,l
ix,ix
iy,iy
aa,aa
iy,iy
ih,iy
d,d
tcl,dcl
m,m
axr,ux
kcl,kcl
t,t
k,k
dcl,n
p,p
iy,iy
w,w
l,dx
l,ix
k,p
k,p
gcl,kcl
ih,ih
tcl,kcl
ax,uh
g,p
iy,iy
s,s
k,k
dcl,dcl
iy,iy
t,t
iy,hv
q,q
t,p
axr,axr
pcl,pcl
ng,n
aa,aa
q,q
r,r
kcl,kcl
ae,ae
iy,y
ae,eh
r,r
aa,ao
f,f
n,ng
axr,ix
eh,eh
r,r
s,s
m,m
iy,iy
ax,w
kcl,kcl
q,q
ih,eh
l,l
r,r
s,s
eh,ix
aa,r
f,f
m,m
ih,ih
sh,p
ow,ao
ay,ay
k,k
ih,ih
ih,en
dcl,dcl
m,n
axr,ux
s,s
ao,ao
s,s
sh,sh
dcl,tcl
aa,aa
iy,iy
l,l
ix,m
l,p
dcl,dcl
gcl,m
ao,ao
ax,l
ae,ae
ey,ey
th,th
gcl,pcl
ux,iy
th,dh
iy,iy
r,er
jh,jh
ay,ay
aw,aw
aa,ao
iy,iy
q,q
ax,r
f,f
dcl,dcl
ih,iy
en,en
k,k
iy,iy
r,v
pcl,kcl
ix,eh
s,s
k,k
tcl,tcl
q,q
pcl,kcl
r,r
pcl,kcl
g,dx
gcl,gcl
n,n
m,m
ng,ng
m,n
l,w
dcl,dcl
w,w
d,dcl
ih,ih
eh,eh
l,ng
k,k
sh,s
tcl,tcl
dx,dx
ey,iy
ao,ao
ch,s
ay,ay
s,s
n,m
aa,ao
ix,ix
pcl,tcl
iy,iy
w,w
ix,ix
dcl,tcl
ix,ix
ow,ow
ix,iy
ow,ow
n,n
n,n
jh,jh
l,l
ix,ix
tcl,jh
l,l
ih,ih
ao,ao
z,z
z,jh
ow,el
tcl,tcl
n,n
l,l
n,n
ih,ux
eh,eh
axr,axr
w,w
r,r
v,w
t,ch
s,s
iy,iy
iy,iy
ix,dh
k,t
ay,ay
m,m
ah,ah
dcl,dcl
eh,eh
t,t
pcl,pcl
ih,ih
v,th
l,ay
dcl,bcl
v,v
dcl,dcl
ux,ux
pcl,tcl
ix,ix
f,s
aa,aa
kcl,kcl
kcl,kcl
r,r
ae,ae
el,l
r,r
iy,iy
t,t
hv,r
kcl,kcl
iy,iy
iy,iy
ix,ix
dh,bcl
l,l
eh,ix
ey,iy
k,k
pcl,pcl
r,axr
ao,ao
ax,ix
n,n
gcl,gcl
t,t
pcl,kcl
sh,sh
axr,axr
aa,aa
eh,r
z,s
axr,axr
bcl,dcl
th,pcl
iy,iy
ix,eh
aa,aa
el,ow
axr,axr
v,f
aa,aa
l,l
s,s
ix,iy
ae,ae
p,p
tcl,tcl
s,sh
eh,ae
iy,iy
z,z
axr,axr
n,n
eh,ix
w,ao
dh,z
sh,sh
pcl,kcl
dcl,dh
n,dcl
ix,ix
l,l
tcl,pcl
ix,ix
ey,iy
axr,r
ay,ay
ah,ah
iy,iy
k,k
iy,iy
ae,ae
ih,axr
f,f
p,p
l,v
ae,ae
r,r
n,n
ix,axr
kcl,kcl
n,n
y,iy
tcl,tcl
axr,r
th,s
sh,s
z,z
ih,ih
jh,jh
s,t
dh,tcl
aa,r
z,z
ao,ao
ax,l
kcl,kcl
r,w
f,f
z,z
k,k
ih,iy
f,f
axr,ng
t,t
ao,ao
l,l
hv,hv
ow,ow
eh,ae
l,uw
q,ix
s,s
ae,aa
kcl,kcl
s,s
tcl,ix
pcl,pcl
ay,aa
ay,ay
aa,ay
z,z
s,s
iy,iy
r,r
pcl,kcl
ix,ix
r,r
ih,ix
n,ix
s,s
k,g
n,n
pcl,tcl
dcl,dcl
eh,eh
r,r
tcl,dcl
dx,dx
dh,dh
ax,l
w,w
pcl,pcl
axr,axr
f,f
iy,iy
p,p
ih,ih
ax,l
w,w
th,f
l,l
r,r
kcl,kcl
dcl,dcl
k,k
m,n
oy,oy
aa,aa
m,m
ow,ow
n,m
kcl,kcl
l,k
y,y
l,l
er,er
ao,ao
axr,er
eh,ey
dcl,gcl
oy,ow
ax,ah
el,ow
eh,ow
pcl,tcl
aw,aw
ng,m
bcl,pcl
ae,ae
ae,iy
iy,iy
n,n
iy,iy
iy,y
gcl,gcl
dx,dx
q,q
gcl,dcl
tcl,dcl
axr,axr
ax,ax
n,m
tcl,tcl
gcl,kcl
hh,hh
ay,aa
kcl,kcl
ah,ah
iy,iy
l,l
n,n
ey,ey
tcl,tcl
q,ix
r,ix
r,r
kcl,pcl
sh,sh
r,r
l,l
l,l
y,y
z,z
ey,ey
r,r
q,q
axr,er
r,ix
r,r
eh,eh
ay,ay
en,ix
t,t
ae,ae
uw,l
z,th
dh,b
n,n
iy,iy
ih,ix
n,n
tcl,kcl
s,s
ay,ae
ix,ix
r,r
ey,ix
eh,axr
z,z
r,r
r,r
t,f
n,n
l,l
ax,aa
axr,r
gcl,pcl
gcl,dcl
ao,ao
ix,ix
p,k
ix,iy
m,n
nx,n
t,p
kcl,tcl
eh,eh
n,m
l,l
dcl,dcl
eh,eh
r,m
kcl,kcl
s,s
ix,ix
t,s
r,r
ax,ix
aa,aw
ix,l
dh,dh
w,w
dh,dh
y,y
k,p
m,n
w,l
ey,ey
k,k
q,q
ax,ix
k,k
gcl,dcl
ao,ao
dcl,kcl
n,n
oy,oy
bcl,dcl
g,k
eh,ih
w,w
aa,aa
axr,er
ax,ix
ow,l
dh,l
ih,eh
n,n
eh,ih
iy,iy
axr,er
r,r
ch,ch
el,l
l,l
s,s
n,gcl
ah,aa
m,m
ax,ax
l,el
z,z
t,t
tcl,dcl
jh,jh
v,dcl
y,ih
w,q
s,s
ae,ae
r,r
tcl,dcl
w,q
l,r
w,w
r,r
ix,ih
tcl,tcl
iy,iy
iy,iy
ax,l
r,r
ao,ao
r,er
er,er
ng,ng
dx,dx
axr,er
l,l
gcl,dcl
m,m
s,s
g,k
ix,ix
aa,ao
y,iy
ah,ah
z,z
s,s
ae,ae
s,s
s,s
gcl,dcl
f,f
sh,s
p,p
m,m
iy,ix
ax,ix
sh,sh
ix,ix
bcl,bcl
k,k
ae,ix
q,q
ah,ah
iy,ih
ux,ux
ng,iy
dcl,dh
z,s
iy,iy
ay,ay
ao,ao
s,s
tcl,tcl
pcl,pcl
q,pcl
w,w
v,v
dh,dh
n,n
iy,iy
n,ng
n,dcl
s,s
axr,axr
r,r
kcl,tcl
dh,dh
ae,ay
t,p
b,g
tcl,dcl
l,l
ow,ow
ih,ih
dcl,dcl
ey,ey
w,w
sh,sh
s,s
l,l
th,th
ah,ah
l,l
bcl,gcl
aa,ah
aa,ao
eh,ah
m,m
eh,ae
ah,ax
tcl,dcl
ow,l
q,q
d,dx
ax,ax
t,t
s,s
dh,dh
kcl,kcl
l,dh
ih,ih
sh,sh
kcl,f
y,dcl
eh,ay
dh,pcl
ax,ix
r,r
t,tcl
n,n
ae,ae
gcl,dcl
dcl,dcl
jh,ch
k,jh
k,k
k,k
kcl,pcl
ae,ae
r,r
gcl,dcl
ey,iy
ax,q
ay,ay
s,s
kcl,kcl
kcl,kcl
aa,aa
t,t
ay,ay
ow,ow
v,v
s,s
eh,eh
kcl,kcl
k,k
ux,l
z,z
m,m
ey,ey
z,z
ix,ix
k,k
gcl,dcl
r,r
q,q
ae,ae
s,s
hh,hh
gcl,dcl
l,dx
kcl,tcl
f,f
hh,hh
z,z
aa,aa
ix,ix
f,f
m,m
t,jh
n,n
ix,ix
er,axr
ae,ih
pcl,pcl
w,w
kcl,kcl
s,s
z,s
ao,w
uw,ux
tcl,tcl
aw,aw
l,l
n,n
ix,ix
n,n
l,l
ix,ix
g,p
s,s
ay,aa
sh,sh
s,z
ah,ah
r,r
pcl,kcl
jh,jh
pcl,kcl
v,v
axr,axr
z,z
dcl,dcl
eh,ix
axr,er
ow,ow
z,s
z,s
dcl,dcl
axr,ix
n,n
t,t
pcl,bcl
ae,eh
n,n
tcl,tcl
n,n
hv,y
k,k
tcl,kcl
l,l
ix,ix
ae,ae
kcl,dcl
n,m
kcl,kcl
r,r
dcl,dcl
f,f
dx,dx
z,s
p,f
kcl,kcl
ih,ih
f,f
ax,ax
kcl,kcl
tcl,tcl
eh,ax
er,axr
sh,sh
en,n
dh,dh
tcl,dcl
dcl,tcl
ix,iy
n,n
k,k
p,p
iy,iy
eh,eh
iy,iy
m,n
iy,iy
d,dh
ax,l
tcl,pcl
ih,ih
r,r
er,ae
n,n
ix,ax
bcl,bcl
gcl,dcl
r,r
ae,ae
dx,r
pcl,tcl
l,l
eh,ae
ix,ix
w,w
k,p
ux,ux
dh,dh
k,k
iy,ae
ao,ao
z,z
t,d
sh,sh
s,s
k,k
t,t
ax,ix
ao,aa
m,m
tcl,pcl
ix,ix
d,dx
l,l
iy,ux
k,k
dh,f
iy,iy
dx,dx
v,v
ah,ah
bcl,dcl
ow,ow
n,n
z,z
t,t
f,p
v,v
ay,ay
r,l
l,ah
kcl,tcl
ao,ao
dcl,bcl
ah,ah
iy,iy
ux,ux
iy,iy
kcl,pcl
ax,q
s,s
q,dx
l,l
g,g
ix,r
dh,p
f,f
n,dcl
iy,iy
er,er
pcl,pcl
dcl,dcl
q,q
hv,hv
dx,ix
q,q
eh,q
s,s
y,y
f,f
ay,ay
r,r
bcl,dcl
axr,axr
dcl,dcl
n,n
ix,ix
axr,er
s,z
l,l
dx,dx
kcl,kcl
dcl,dcl
ae,ae
q,iy
r,r
ux,ux
tcl,kcl
g,d
tcl,dcl
pcl,pcl
ey,ey
dh,p
dh,dh
l,ax
ey,iy
dcl,dcl
ao,ao
n,n
t,p
w,w
k,k
l,l
kcl,kcl
er,er
q,q
eh,ih
ix,ih
r,r
d,dh
ow,ow
m,m
ay,ay
tcl,dcl
iy,iy
dh,dh
d,t
dcl,dcl
zh,sh
kcl,kcl
uh,ih
en,en
ah,oy
ey,ey
l,l
kcl,kcl
l,ax
iy,iy
f,f
s,s
p,p
k,k
ay,ay
en,n
ih,iy
iy,iy
aa,aa
dcl,dcl
pcl,pcl
w,w
ae,ae
pcl,pcl
ix,ix
ih,ih
k,k
dcl,dh
ix,ix
axr,axr
bcl,bcl
ix,iy
r,r
ay,ay
z,s
aw,aw
t,t
pcl,kcl
bcl,kcl
nx,n
f,f
l,w
f,k
axr,ix
m,n
jh,jh
ao,ao
ih,axr
iy,iy
iy,iy
ix,ix
t,p
w,w
ix,ix
s,s
q,ae
s,s
ix,ix
k,g
r,r
z,jh
ix,ix
l,l
gcl,m
t,k
ix,ax
n,v
ey,ey
t,t
z,z
tcl,tcl
iy,iy
ih,ih
l,l
r,r
r,r
jh,jh
ih,eh
bcl,bcl
s,s
kcl,kcl
ao,ao
ix,ix
iy,iy
iy,iy
tcl,kcl
kcl,kcl
v,ix
sh,sh
q,ax
pcl,pcl
bcl,dcl
ey,ey
eh,ae
ih,ih
ah,aa
dcl,pcl
ao,ay
dcl,dcl
iy,ix
dcl,dcl
tcl,tcl
kcl,kcl
tcl,pcl
k,p
s,s
w,w
k,k
n,r
iy,iy
ix,r
n,n
n,y
ih,ih
t,t
ix,iy
w,l
y,iy
bcl,dcl
t,t
er,axr
s,s
pcl,pcl
s,s
axr,r
er,er
iy,iy
p,k
aa,aa
s,s
tcl,tcl
ax,ix
axr,r
q,q
th,f
l,l
r,r
ae,ae
bcl,m
ao,ao
n,n
dh,dh
dcl,dcl
eh,eh
ay,ay
pcl,pcl
bcl,bcl
eh,eh
k,k
z,s
eh,ae
r,axr
er,er
ih,ix
t,d
l,l
ao,ao
y,y
l,l
f,f
tcl,pcl
ay,ay
s,s
iy,ux
dh,dh
dcl,dcl
aa,aa
ah,ah
ao,ao
er,axr
f,f
w,w
q,q
dx,dx
ey,ix
zh,sh
y,y
z,t
kcl,kcl
tcl,n
axr,r
l,l
t,d
er,ao
z,z
ax,eh
v,v
s,s
w,w
r,r
w,w
iy,iy
r,r
aa,aw
dh,s
l,l
s,s
eh,eh
gcl,kcl
el,ow
iy,iy
eh,eh
ih,iy
ng,ng
ey,ih
aa,ao
ay,ay
s,s
dh,dh
n,n
tcl,kcl
r,r
q,q
hv,hv
dcl,dcl
q,q
dcl,dcl
gcl,n
dh,dh
dcl,tcl
w,w
ah,ow
ae,ae
bcl,bcl
ow,ow
iy,r
ux,iy
gcl,dcl
kcl,kcl
kcl,tcl
ng,tcl
ow,ow
k,p
ix,ix
m,m
ix,ux
ae,ae
n,n
er,er
hh,hv
kcl,tcl
eh,r
uh,ix
n,m
r,r
l,l
ey,iy
eh,eh
r,q
s,s
uh,w
aa,aa
er,axr
axr,axr
axr,er
ix,ix
k,k
dx,dx
s,s
aa,ao
n,n
g,f
k,k
r,r
t,t
kcl,kcl
ah,ow
bcl,bcl
ax,w
s,s
tcl,dcl
ix,ax
eh,ix
ae,ae
tcl,hh
k,k
k,p
r,axr
aa,aw
s,s
ax,ah
dx,dx
n,n
dcl,dcl
tcl,tcl
w,w
hv,hv
ay,ay
eh,ae
ix,iy
n,n
dcl,dcl
m,m
r,r
ae,ae
eh,r
hv,hv
ng,ng
gcl,kcl
q,q
n,n
ey,ix
ay,ae
ix,ix
kcl,kcl
eh,ah
aa,ao
el,el
r,r
pcl,pcl
ae,ae
l,l
ux,ux
aa,aa
z,z
r,r
tcl,pcl
aw,aw
axr,ao
m,n
r,r
ay,ay
n,n
ah,aa
dcl,dcl
ix,ix
ax,ax
jh,jh
axr,axr
p,p
n,n
dcl,tcl
dcl,dcl
ay,ay
ax,ix
ah,ah
ey,ey
y,r
jh,ch
z,s
r,ix
s,s
t,t
n,l
r,r
n,dcl
ae,ae
r,er
ao,aa
f,f
ih,eh
er,er
ae,ae
ix,ax
ix,ix
iy,ey
n,n
ax-h,ix
ng,ng
z,s
f,f
ch,jh
tcl,kcl
q,q
ih,iy
iy,ix
aa,aa
ih,ih
s,s
tcl,tcl
z,z
t,s
bcl,dcl
ao,ax
er,er
iy,iy
w,dcl
m,n
en,en
ih,eh
m,en
eh,ix
ae,ih
n,dcl
iy,iy
f,f
pcl,bcl
hv,hv
aa,ae
ah,l
y,y
iy,iy
iy,iy
iy,iy
ey,ey
z,z
d,k
iy,iy
t,t
er,r
ux,ux
d,t
kcl,kcl
iy,iy
jh,jh
ao,oy
q,q
ix,ix
eh,eh
n,r
ix,ix
s,s
tcl,tcl
t,k
eh,er
t,t
ih,ix
el,el
w,gcl
t,jh
q,pcl
f,f
g,k
tcl,tcl
m,m
s,sh
ae,ae
aa,aa
er,eh
r,r
kcl,kcl
q,iy
ix,ix
r,w
nx,dx
l,l
pcl,pcl
aa,ao
ix,iy
ix,ix
w,w
ih,ih
pcl,pcl
l,m
f,f
dcl,dcl
ih,eh
ih,ih
hh,t
zh,jh
ax,l
n,n
dh,v
z,z
ix,ax
f,f
ix,axr
t,k
f,f
ix,ix
ih,ix
axr,dx
aa,aa
y,y
l,l
tcl,tcl
tcl,kcl
s,s
f,f
ae,ih
ah,ao
n,n
th,s
aw,ao
hh,p
v,v
z,sh
z,z
ah,aa
n,n
r,r
l,l
ay,ay
tcl,dcl
n,n
r,axr
s,z
hh,tcl
ao,w
pcl,pcl
r,axr
w,w
s,z
dcl,dcl
kcl,dx
ix,ux
er,ao
t,t
axr,axr
d,kcl
q,q
iy,ix
y,y
jh,jh
iy,iy
ih,ix
iy,iy
s,s
iy,iy
aa,ah
s,s
dh,dh
axr,axr
ix,ix
k,k
iy,ix
q,ax
ix,ix
ix,ix
ow,ow
ah,ao
q,l
axr,axr
eh,eh
dh,n
l,l
nx,n
w,w
ih,ih
iy,iy
s,s
tcl,dcl
n,n
eh,eh
r,r
aa,er
dx,dcl
k,t
l,l
kcl,kcl
en,n
ix,ix
y,y
s,s
l,l
w,ao
dx,dcl
kcl,kcl
v,v
g,p
tcl,pcl
pcl,kcl
ey,ix
m,m
oy,oy
ix,ix
y,iy
k,p
l,l
ng,n
bcl,bcl
v,v
w,w
ay,ay
z,s
w,w
sh,sh
el,l
ix,ix
kcl,kcl
m,n
ax,ih
ax,ix
t,t
hh,hh
eh,ih
ax,ix
ao,w
ao,aa
el,ih
tcl,kcl
s,s
ao,ao
q,q
n,n
ao,ao
r,r
hv,hh
ix,ix
z,z
aw,aa
r,r
l,l
iy,iy
th,dh
uw,ux
tcl,tcl
iy,iy
t,t
er,er
ng,dcl
k,p
t,dh
eh,ae
dh,dh
axr,r
m,r
ah,ao
n,n
ch,s
ao,oy
w,w
l,l
ey,ey
ah,ay
iy,iy
tcl,pcl
iy,iy
p,p
l,l
iy,iy
tcl,dcl
ix,ix
n,n
l,w
pcl,dcl
axr,r
l,l
r,axr
ih,eh
dh,dh
iy,iy
t,t
l,l
ae,ae
m,n
r,r
d,t
s,s
dh,f
l,l
ux,ux
aa,r
er,er
tcl,kcl
ao,q
bcl,bcl
ax,l
s,s
hh,p
p,p
th,z
l,l
axr,ix
kcl,kcl
r,r
ng,w
s,s
g,k
ih,ix
kcl,tcl
kcl,kcl
z,z
sh,sh
p,p
ow,ow
dcl,tcl
p,p
d,dh
t,z
gcl,tcl
z,z
k,k
dcl,n
ix,iy
ao,ao
ax,ax
iy,iy
th,th
y,y
ix,l
l,l
tcl,dcl
dcl,dcl
ix,ix
m,m
axr,axr
eh,eh
gcl,gcl
pcl,pcl
eh,iy
r,r
el,el
nx,n
sh,sh
t,t
kcl,pcl
ih,ih
ix,ix
r,r
r,r
dh,dh
l,w
th,f
q,iy
n,m
dcl,dcl
ch,p
bcl,pcl
ix,iy
ix,ix
ch,ch
hh,p
th,kcl
ix,ih
t,t
m,n
aa,aa
f,f
aa,aa
s,s
dcl,dcl
r,r
ae,ae
axr,er
m,bcl
zh,jh
bcl,dcl
z,z
oy,oy
s,s
sh,sh
n,n
n,nx
kcl,tcl
ix,iy
k,p
dcl,bcl
f,v
r,r
ax,q
ah,ah
ix,y
n,n
s,s
w,w
t,t
ix,ix
g,tcl
hh,hh
r,r
ey,ey
l,l
tcl,tcl
l,l
n,n
iy,iy
l,l
p,p
s,s
axr,er
s,z
g,k
kcl,kcl
ao,ao
t,t
sh,sh
q,q
eh,eh
ay,ay
dcl,tcl
m,n
tcl,tcl
l,l
l,l
s,s
z,z
ix,ix
r,axr
l,l
ix,ih
iy,iy
q,y
iy,iy
p,p
jh,jh
iy,iy
ng,ng
axr,axr
iy,iy
gcl,dcl
kcl,tcl
hv,hv
n,dx
iy,iy
q,q
w,l
l,l
n,dcl
dx,dx
ix,ix
ey,iy
tcl,q
n,n
l,l
uw,uw
s,s
iy,ey
dcl,dcl
ix,ux
z,s
iy,iy
l,l
ah,ix
l,l
zh,z
kcl,kcl
gcl,bcl
kcl,kcl
aa,aa
k,k
er,er
el,el
ch,s
z,z
k,k
uw,uw
n,n
aa,ao
z,s
v,v
w,w
t,t
sh,sh
l,l
g,k
ah,ah
eh,eh
w,w
v,v
axr,er
tcl,tcl
axr,axr
d,d
sh,sh
w,l
y,y
ae,ae
k,k
w,w
l,l
eh,eh
ix,iy
aw,aw
w,w
ix,hv
eh,ix
axr,ix
ix,r
p,p
bcl,dcl
s,s
sh,sh
ih,iy
z,s
bcl,bcl
iy,iy
ae,ae
iy,iy
iy,n
s,s
dh,th
dh,dh
ix,ix
aa,aa
pcl,tcl
er,er
eh,eh
t,t
ay,ay
s,s
l,l
iy,iy
er,r
axr,axr
ay,ay
ax,eh
n,m
ax-h,dh
iy,iy
bcl,dcl
ow,ow
kcl,kcl
s,s
n,n
s,s
iy,iy
ih,ix
dcl,dcl
t,t
ah,ah
ng,ng
gcl,p
n,n
ay,ay
f,f
p,jh
ix,ix
ix,ih
ux,ux
ih,q
ae,ix
kcl,kcl
tcl,tcl
aa,aa
eh,eh
sh,sh
n,n
ax,ah
s,s
l,l
f,v
ix,ix
s,s
gcl,dcl
p,p
iy,iy
s,s
m,n
ix,ih
ao,ao
k,k
k,k
axr,dx
eh,eh
bcl,bcl
bcl,m
m,n
g,k
z,s
kcl,kcl
ey,ey
bcl,dcl
ah,aa
ae,ae
iy,iy
pcl,kcl
aa,aa
kcl,pcl
ax,ng
ix,ix
n,n
k,k
l,l
ix,ix
axr,axr
iy,iy
iy,iy
ax,ax
eh,ey
t,t
eh,ey
ae,ae
iy,iy
jh,ch
axr,ix
dh,dh
r,er
iy,iy
ae,ae
ch,jh
n,n
m,n
f,f
kcl,kcl
ih,ix
n,n
sh,sh
ix,ih
axr,axr
t,s
g,k
r,r
r,r
ao,ao
n,ng
ay,ay
bcl,dcl
aa,aa
ix,ix
n,n
s,s
t,t
ix,iy
f,f
ax,ix
iy,iy
ih,ih
tcl,tcl
gcl,kcl
ao,ao
m,n
r,r
ah,l
ng,m
ae,eh
axr,axr
dcl,dcl
s,sh
ix,ix
ix,ix
hh,hh
z,s
q,q
l,l
bcl,pcl
gcl,dcl
n,n
ay,ay
r,ah
ao,ao
sh,sh
l,l
z,z
ax,el
ao,ow
w,q
ax,ax
k,p
dcl,tcl
gcl,dcl
z,s
kcl,pcl
kcl,f
n,r
s,s
l,ow
dx,dx
ah,aa
ix,dcl
er,er
l,l
t,t
m,m
z,z
q,q
t,t
f,f
s,s
n,n
ix,ix
eh,eh
w,l
ao,ao
iy,iy
l,l
y,y
m,m
p,p
l,l
axr,ix
tcl,tcl
dcl,dcl
r,r
ow,l
s,s
el,el
kcl,kcl
s,s
ae,ae
w,w
er,axr
p,dh
ow,ow
z,z
l,l
ax,ax
dh,dh
s,s
s,s
ay,ay
tcl,kcl
z,z
l,l
iy,eh
z,z
ih,iy
tcl,pcl
f,f
r,r
n,n
n,n
l,l
n,n
hv,hv
k,k
kcl,kcl
n,n
ng,n
tcl,kcl
er,er
z,z
ax,ix
y,ix
ux,ih
s,s
p,p
v,dcl
hv,hv
aa,ay
ih,iy
ae,ae
n,dcl
ih,ih
v,n
kcl,kcl
n,dcl
eh,axr
ay,ay
th,z
g,k
ix,y
g,k
s,s
m,m
s,s
k,k
ae,ae
w,w
ow,ow
l,l
sh,s
q,q
ay,ay
k,t
ih,ih
ey,ih
dh,dh
l,l
ah,aw
m,n
iy,iy
m,m
ch,jh
k,k
dcl,dcl
kcl,pcl
ix,ih
ih,ix
ao,ao
en,n
gcl,dcl
dcl,dcl
uw,ih
l,l
l,l
ax,n
dx,n
w,w
bcl,dcl
eh,eh
hh,hh
ch,jh
l,l
d,hv
iy,iy
s,s
ey,ay
kcl,kcl
v,v
n,n
dx,dcl
s,s
ax,ix
ix,iy
ey,ey
l,m
iy,iy
ao,ao
l,l
r,r
ix,ix
s,s
dh,q
ih,iy
hv,hv
oy,oy
iy,iy
r,r
tcl,tcl
pcl,pcl
tcl,q
z,s
ay,ay
ay,ay
ay,ay
pcl,pcl
t,t
n,n
tcl,kcl
ix,ix
ih,r
r,r
l,l
ih,iy
n,n
iy,iy
ax,n
v,v
dx,p
ey,iy
p,p
ao,ao
iy,iy
ih,ih
z,s
w,w
ix,ix
k,t
ey,ey
bcl,bcl
ow,ao
ng,n
uh,ax
r,r
n,n
ix,ix
m,m
ay,ay
dcl,dcl
k,k
l,l
eh,ah
th,t
tcl,tcl
m,n
q,q
l,tcl
el,ax
dcl,dcl
n,l
w,w
sh,ch
r,r
l,ax
tcl,dcl
f,f
s,s
iy,iy
er,axr
dh,dh
ao,ao
ix,ih
n,n
ix,ix
r,w
aa,ao
y,y
dcl,tcl
kcl,kcl
p,p
m,n
n,n
ih,ih
n,n
ih,ih
gcl,dcl
s,s
eh,ih
f,f
bcl,dcl
ix,ix
ux,r
er,axr
dh,n
kcl,dcl
k,p
z,s
iy,iy
iy,iy
eh,ih
z,s
ih,ih
ey,ey
z,z
z,z
ey,ey
ae,ae
kcl,kcl
hh,kcl
r,r
m,bcl
kcl,pcl
y,y
ix,q
q,q
ow,aw
iy,y
axr,eh
m,m
pcl,tcl
ax,ix
z,s
hh,hv
iy,iy
kcl,kcl
iy,ey
t,t
m,m
ay,ay
eh,ix
k,k
axr,axr
iy,iy
iy,iy
dcl,tcl
aa,aa
aw,aw
iy,iy
er,r
ao,ao
dcl,pcl
s,s
er,el
q,kcl
y,y
k,k
y,iy
r,r
ax,el
l,l
iy,ix
ux,ux
q,ix
dh,z
q,l
kcl,k
pcl,pcl
tcl,tcl
ey,ey
ix,w
m,m
n,m
pcl,pcl
jh,jh
s,s
dcl,dcl
r,r
l,l
r,ix
s,jh
axr,axr
th,f
ay,ay
ix,ix
ih,ih
tcl,kcl
m,n
tcl,tcl
v,v
z,s
dh,z
s,z
t,t
l,ax
gcl,dcl
k,k
w,v
pcl,pcl
l,ow
uh,ae
s,s
dh,n
ae,ae
w,w
n,n
dh,dh
aw,aw
dh,dh
ih,ix
iy,iy
l,l
ix,ix
r,w
ae,ae
g,q
r,r
kcl,kcl
s,s
tcl,tcl
w,n
axr,r
z,z
n,dcl
ow,ow
s,s
r,ax
iy,iy
kcl,kcl
s,s
ey,iy
hh,hh
axr,axr
s,s
s,s
axr,axr
ix,l
y,y
iy,iy
ao,ao
gcl,dcl
k,p
tcl,pcl
ao,ah
iy,iy
gcl,n
l,l
pcl,pcl
iy,iy
r,r
n,n
dcl,dcl
jh,jh
n,dcl
dcl,dcl
uh,ix
ih,ih
iy,iy
ih,ix
q,q
eh,aw
ey,ey
w,l
ix,ix
ax,ax
n,n
en,n
uh,el
n,ix
eh,eh
el,ax
kcl,kcl
ux,ux
th,f
ix,ix
r,r
s,t
sh,sh
jh,s
iy,ih
ao,ae
tcl,tcl
ae,eh
dcl,bcl
ae,ae
k,p
ih,ih
s,sh
tcl,kcl
sh,sh
s,s
s,s
w,w
hv,tcl
dcl,pcl
p,hh
k,k
v,pcl
s,s
tcl,ng
k,k
ae,ae
el,l
r,r
n,n
ah,ao
eh,ae
dcl,dcl
pcl,tcl
ax,l
ax,ax
aa,ao
eh,ax
iy,iy
aa,aa
ih,ih
pcl,tcl
ix,ix
aa,aa
m,ix
s,s
nx,dx
oy,oy
z,z
dcl,dcl
ow,ow
z,z
t,t
r,eh
ih,ih
dh,n
k,k
kcl,f
iy,ix
ay,ay
z,z
ng,n
er,er
ao,aa
pcl,tcl
dcl,dcl
s,s
s,s
n,n
s,s
axr,axr
ah,ah
q,tcl
q,tcl
er,axr
q,q
sh,sh
th,f
l,l
pcl,kcl
m,m
ae,ae
kcl,kcl
n,n
oy,l
m,m
q,q
ao,ao
ao,ao
ng,ng
l,l
r,r
l,ao
bcl,tcl
dh,kcl
ao,ao
v,dcl
n,n
n,n
tcl,kcl
iy,iy
ao,ao
ch,ch
p,f
ae,ae
ao,oy
ae,ae
k,k
f,f
kcl,pcl
p,n
ih,ix
y,y
er,er
s,s
aa,aa
g,g
ae,ae
ow,ow
iy,r
ae,ay
l,w
p,p
l,l
p,p
eh,ix
axr,axr
s,s
v,v
ow,ow
w,w
ow,ow
er,er
ay,ay
dx,n
ng,n
tcl,dcl
oy,oy
ux,axr
p,g
n,n
g,g
th,d
n,n
tcl,tcl
r,r
s,s
p,p
ux,ix
g,g
t,d
iy,iy
axr,r
r,w
p,p
r,r
l,l
ow,ow
ae,ih
ax,ix
nx,nx
r,r
nx,n
q,q
ix,ix
ix,dcl
l,l
eh,eh
uh,l
ae,eh
d,dh
iy,iy
ay,aa
axr,er
ao,ao
t,dh
eh,ae
s,s
k,k
ix,l
w,w
ah,l
l,l
ux,n
t,t
q,q
axr,axr
k,p
ow,r
eh,eh
s,z
eh,ih
ix,ix
dcl,dcl
tcl,tcl
ix,ix
ix,ix
ow,l
aa,aa
r,ix
ix,ix
l,l
ix,ix
k,s
f,f
ix,ix
t,t
t,t
n,n
r,r
eh,eh
r,r
axr,axr
dcl,dcl
ao,ao
gcl,n
ih,ih
dh,p
aa,aa
eh,eh
sh,sh
r,ix
n,m
r,r
ay,ay
tcl,q
b,r
tcl,tcl
nx,l
q,q
sh,s
tcl,tcl
eh,ix
ah,r
q,q
pcl,pcl
n,n
ay,ay
eh,eh
kcl,pcl
v,dcl
iy,iy
iy,iy
iy,iy
s,s
hh,p
kcl,pcl
z,s
ih,ay
ow,l
axr,axr
hv,hv
q,k
r,r
f,f
s,s
b,kcl
r,r
z,z
uw,uw
l,l
ay,ay
ih,ix
dcl,dcl
f,f
uw,ux
er,axr
l,l
axr,axr
ao,q
v,z
kcl,kcl
s,s
th,s
n,m
ax,l
p,t
dcl,dcl
aa,aa
p,p
ux,uw
ah,eh
n,l
oy,oy
iy,iy
n,n
axr,ix
jh,jh
aa,aa
l,l
l,l
ix,ix
s,s
s,z
dx,dcl
en,ng
dh,dh
tcl,dh
ey,eh
dcl,n
l,l
kcl,kcl
ax,ix
r,ix
ch,sh
gcl,gcl
w,w
w,r
k,k
zh,zh
ix,ix
ih,ih
l,l
oy,oy
axr,r
gcl,dcl
ax,ax
m,n
dcl,tcl
ax,ax
q,q
hv,hv
ey,ey
ix,ix
kcl,kcl
ah,ah
p,p
iy,iy
en,n
s,s
f,f
iy,iy
r,r
ax,ah
s,s
ae,ae
aa,q
k,k
kcl,kcl
pcl,pcl
d,t
uw,w
ey,eh
f,f
axr,r
n,n
q,q
y,y
m,n
ix,r
m,n
ix,ix
uh,ih
aa,aa
n,n
n,n
r,r
ow,ow
n,dcl
k,k
l,q
q,q
r,r
l,l
oy,oy
el,el
pcl,pcl
t,t
r,r
ae,ae
ih,ix
n,n
r,r
iy,n
ix,ix
v,kcl
p,p
z,z
n,n
ey,q
r,r
q,q
l,l
k,k
m,n
dh,v
l,l
ux,ux
aa,ao
gcl,bcl
kcl,kcl
iy,iy
ux,ey
ix,ix
ix,ix
ay,ay
aa,aa
r,r
axr,er
eh,r
s,s
n,n
v,v
g,l
aa,aa
z,z
iy,iy
w,w
uw,uw
tcl,tcl
r,eh
ix,ix
dcl,dcl
ix,ix
q,q
y,iy
bcl,bcl
p,p
r,r
s,s
bcl,bcl
ix,ix
l,el
aa,r
ih,ih
aa,aw
z,z
ao,aa
f,v
v,kcl
dcl,dcl
k,k
axr,axr
p,p
eh,eh
r,axr
axr,axr
tcl,tcl
ae,ae
eh,ae
ih,uh
l,l
ah,eh
ae,ae
b,p
ix,iy
th,dh
m,m
z,z
r,r
eh,ay
z,z
dcl,kcl
f,f
ih,iy
m,m
uw,ux
kcl,kcl
v,f
r,r
y,iy
axr,ix
hv,m
tcl,kcl
r,r
iy,iy
iy,iy
ix,ix
r,r
r,r
aw,aw
dcl,dcl
kcl,tcl
y,y
n,n
iy,iy
ow,ow
z,z
jh,k
l,l
l,m
ix,iy
tcl,tcl
tcl,kcl
r,r
pcl,kcl
k,k
m,n
kcl,kcl
s,s
axr,ae
n,m
z,s
ay,aa
er,er
k,k
f,s
er,er
ey,ey
z,s
s,s
s,z
l,l
z,z
sh,sh
ax,l
ah,ah
dh,kcl
ay,ay
q,q
r,r
kcl,kcl
ax,ax
w,w
l,l
l,l
z,z
ax,ax
axr,r
dh,dh
en,en
nx,nx
g,k
q,q
f,f
iy,iy
ow,ao
l,l
t,d
iy,iy
w,w
oy,oy
nx,n
ix,ix
ix,ih
g,g
k,k
iy,iy
kcl,kcl
q,q
ix,eh
sh,s
r,r
ax,dx
kcl,pcl
k,p
ih,ix
ix,n
m,v
ix,ix
k,k
kcl,pcl
s,z
ih,ih
ae,ae
kcl,tcl
kcl,pcl
q,ix
hh,hh
sh,sh
ae,ae
d,d
v,v
ax,ix
m,m
bcl,bcl
bcl,pcl
kcl,kcl
ae,ae
n,dcl
ao,ao
v,n
sh,sh
ix,ix
t,t
q,q
ih,ih
gcl,kcl
t,t
w,w
t,t
aa,aa
t,p
axr,axr
ao,ao
f,f
f,f
jh,jh
w,w
k,k
s,sh
s,t
v,v
p,p
eh,eh
dcl,dcl
uh,ax
r,v
aa,aa
v,v
v,n
ih,ih
ax,ix
ay,ay
pcl,pcl
f,f
kcl,ng
l,l
tcl,dcl
r,r
z,s
nx,w
v,v
ch,sh
tcl,tcl
axr,axr
kcl,kcl
iy,iy
ay,ay
ah,ah
aa,aa
pcl,kcl
t,jh
hv,hv
ao,ao
r,r
z,z
hv,hv
m,m
ao,ao
m,w
eh,eh
kcl,kcl
g,z
k,k
gcl,dcl
ah,ah
n,n
ao,oy
iy,iy
ix,ix
s,s
gcl,dcl
el,w
k,k
eh,ih
kcl,kcl
n,n
m,q
ih,ih
iy,iy
r,r
t,t
r,r
w,v
ix,iy
ax,l
sh,sh
eh,eh
ng,ng
q,q
dx,dx
p,p
ix,ah
gcl,dcl
iy,iy
q,q
ix,ix
ix,ax
ae,ae
ix,ix
r,r
axr,er
k,k
s,s
t,t
dh,dcl
ow,ow
eh,ah
s,s
dh,dh
p,p
sh,sh
ao,ao
tcl,kcl
f,f
ix,dh
k,k
ah,ix
l,l
r,r
er,axr
k,kcl
ey,ey
dx,dcl
axr,r
ix,ix
r,r
k,k
zh,jh
k,kcl
l,l
gcl,dcl
ix,ix
ae,ah
p,p
pcl,pcl
tcl,n
gcl,dcl
ah,ah
hv,hv
l,l
ix,eh
dh,tcl
t,t
ih,ih
axr,r
pcl,kcl
s,s
v,v
n,m
k,k
axr,axr
r,r
ax,ax
iy,iy
ix,ng
s,s
en,ix
aa,aa
dh,dh
g,k
iy,iy
ao,uh
ix,ix
s,sh
n,n
z,th
kcl,kcl
v,dh
axr,axr
eh,eh
dh,m
d,t
ay,ay
dh,dh
m,bcl
ng,ng
s,s
s,s
l,q
ng,ng
t,t
ix,iy
n,n
aa,ao
g,d
ay,ao
ae,eh
kcl,kcl
dcl,dcl
aa,aa
axr,er
kcl,pcl
ix,q
ux,iy
ah,r
tcl,tcl
l,dh
eh,eh
iy,iy
m,ng
ix,q
kcl,kcl
uh,ix
ae,ah
ux,ux
q,q
ih,ih
m,m
q,q
sh,sh
bcl,dx
aa,aa
ux,y
kcl,kcl
iy,iy
m,m
kcl,tcl
l,w
ao,ao
el,el
ey,iy
hv,hv
iy,iy
y,iy
iy,iy
ao,oy
ae,ae
n,n
ao,ao
l,l
w,w
t,t
w,w
n,n
z,z
ae,ae
ih,ah
ih,ix
iy,iy
n,dcl
r,r
f,sh
bcl,pcl
d,d
iy,iy
iy,iy
n,ix
bcl,dcl
v,f
z,z
dx,dx
t,t
uw,r
l,l
v,f
m,m
ow,ow
t,t
ay,ay
m,n
sh,sh
y,iy
dcl,tcl
bcl,bcl
eh,eh
ix,ix
ih,uh
ax,uh
m,m
en,m
b,w
eh,ah
ay,ay
ix,ix
s,s
l,l
iy,iy
axr,r
n,iy
ao,ao
kcl,kcl
q,q
ao,ao
ix,ix
z,s
s,s
ix,ix
pcl,bcl
r,r
iy,ih
ix,l
q,q
tcl,tcl
ae,ae
iy,iy
ix,eh
dh,dh
sh,sh
ix,ix
q,q
aa,r
oy,oy
ay,ay
k,k
tcl,tcl
l,l
kcl,kcl
ah,aa
dcl,dcl
eh,eh
er,axr
w,w
ay,ay
iy,iy
s,s
v,v
aa,ao
iy,iy
t,t
th,dh
t,t
y,y
d,t
kcl,kcl
eh,ae
p,q
uh,ix
p,k
ay,ay
ax,ah
ux,ix
ix,ux
s,s
aa,aa
iy,iy
r,r
iy,iy
tcl,kcl
t,t
n,v
ax,l
ae,eh
ih,ih
k,k
l,tcl
iy,iy
aa,aa
n,dcl
axr,axr
m,n
ih,ih
iy,iy
kcl,pcl
k,k
kcl,kcl
n,n
aa,ao
dcl,dcl
f,f
w,l
bcl,bcl
n,n
axr,er
axr,r
ih,ix
ng,n
l,l
ax,ix
sh,sh
dcl,dcl
iy,y
m,m
pcl,bcl
k,k
dcl,dcl
ow,ow
f,f
r,r
iy,iy
ah,ah
tcl,tcl
aa,aa
tcl,kcl
aa,ah
ux,ux
dcl,dcl
eh,ae
l,l
kcl,tcl
ax,ax
tcl,kcl
v,dh
eh,ix
tcl,kcl
p,p
kcl,tcl
z,z
ch,t
l,l
tcl,tcl
l,l
ax,ix
ay,aa
q,q
ix,iy
v,v
ey,ey
iy,iy
l,l
m,m
n,m
ax-h,kcl
iy,ey
r,r
z,z
nx,n
n,n
ix,dcl
ax,ix
eh,eh
er,axr
s,s
kcl,kcl
pcl,kcl
iy,iy
aa,aa
w,r
f,f
ih,ih
ah,ax
tcl,kcl
axr,r
ih,y
s,s
axr,axr
k,g
tcl,tcl
ih,ih
z,z
l,q
d,dx
hv,hv
ey,ey
uw,oy
axr,axr
dh,tcl
tcl,kcl
tcl,tcl
f,z
ch,ch
ah,ah
l,l
iy,iy
s,s
eh,eh
iy,iy
dcl,dcl
iy,iy
n,n
s,th
ih,ux
s,s
bcl,dcl
aa,ao
r,r
ax,w
ux,ux
ah,ah
f,f
axr,axr
y,tcl
ix,ih
ix,ix
m,dh
ax,ax
sh,sh
ix,ix
bcl,dcl
iy,ey
axr,axr
kcl,kcl
bcl,bcl
ay,ay
w,r
ix,ix
eh,eh
n,n
el,el
r,axr
ng,ng
aa,aa
gcl,gcl
ah,l
z,z
l,l
iy,iy
ch,ch
dcl,dcl
ih,ih
s,s
f,f
l,l
iy,iy
eh,eh
axr,er
t,t
p,p
er,er
r,r
n,n
ih,ih
kcl,kcl
s,s
ao,ao
aa,aa
er,axr
ix,ix
r,r
n,n
ih,ih
ao,ao
s,s
iy,iy
l,l
n,n
p,p
n,d
q,q
ix,ix
ow,ah
n,iy
bcl,bcl
k,k
v,v
dcl,dcl
iy,iy
v,v
pcl,pcl
iy,r
ah,ax
axr,axr
sh,sh
bcl,pcl
b,t
ao,ao
uw,w
ih,ix
ih,ih
ax,l
ix,q
s,s
g,hh
ao,aa
er,er
l,l
uh,ix
ey,ey
s,z
jh,jh
kcl,kcl
dcl,tcl
dcl,dcl
hv,ix
jh,jh
z,z
kcl,kcl
ah,ay
sh,ch
l,l
z,z
aa,ay
ow,ow
dx,dx
k,p
dcl,tcl
th,k
ix,y
l,w
n,n
g,g
ax,axr
kcl,kcl
ih,ux
sh,sh
ey,iy
iy,iy
z,z
n,n
m,m
l,l
s,s
w,w
k,k
eh,eh
l,l
n,n
kcl,kcl
l,l
dh,dh
bcl,bcl
oy,ao
r,r
p,p
ch,s
ax,r
dx,dcl
axr,axr
n,n
n,n
l,l
pcl,pcl
k,g
axr,r
ow,ow
s,s
ix,ix
w,w
eh,ah
ux,ux
k,k
eh,axr
kcl,kcl
pcl,pcl
iy,ux
z,s
hv,p
aa,aa
dh,dh
el,el
v,v
ao,ao
g,g
t,k
ih,ix
r,r
ix,ix
zh,jh
m,dx
uh,ao
r,r
iy,iy
ax,ax
p,p
th,th
gcl,dcl
kcl,tcl
z,z
ay,ae
ah,axr
s,z
s,s
hv,hv
l,oy
n,ix
r,r
m,n
ix,ix
tcl,tcl
f,f
t,p
iy,iy
dx,dcl
ay,ay
n,n
axr,ix
ow,ow
ey,ey
er,er
g,g
g,f
pcl,kcl
iy,iy
iy,ey
el,l
hh,z
ay,ay
s,s
w,w
ih,ih
z,z
q,q
r,r
kcl,kcl
t,v
t,t
ax,ix
l,l
oy,oy
kcl,pcl
pcl,pcl
ao,ao
l,ax
r,axr
ae,aa
f,f
dcl,dcl
ao,uh
eh,eh
l,l
l,l
t,hh
pcl,pcl
l,l
z,z
pcl,tcl
f,f
ih,ih
dcl,dcl
ix,ix
ah,ix
n,n
axr,axr
eh,eh
dcl,dcl
v,v
axr,axr
ix,iy
k,k
tcl,tcl
hh,hh
ux,ae
dh,dh
s,t
ow,ow
ix,ix
ih,ax
er,er
ng,ng
m,m
q,q
pcl,tcl
t,t
ow,ow
p,p
dcl,dcl
b,p
ux,ux
pcl,pcl
b,p
kcl,tcl
eh,ah
s,s
ey,ey
ax,ix
er,er
q,ix
r,r
ay,ay
kcl,kcl
eh,eh
l,l
ey,ey
ae,eh
w,v
t,ch
axr,axr
el,l
ng,ng
r,r
uh,ow
m,m
er,er
aa,ao
ux,ux
ae,ae
ix,ih
ey,ey
q,axr
ix,ix
g,k
ix,ix
k,g
m,n
dcl,dcl
bcl,kcl
iy,iy
l,l
sh,sh
tcl,kcl
t,t
kcl,kcl
l,l
iy,ey
aa,aa
iy,iy
el,el
z,s
pcl,kcl
ae,ae
ow,ow
s,s
k,k
aa,ao
kcl,kcl
aa,aa
z,z
k,k
s,s
r,r
ae,ae
tcl,kcl
n,dh
m,m
sh,sh
l,l
eh,ix
iy,iy
pcl,pcl
ix,ix
k,k
ix,ax
en,n
n,n
ix,ix
nx,n
t,p
eh,uh
axr,axr
iy,ey
iy,iy
s,s
nx,n
iy,iy
ix,ix
ao,aa
dx,dcl
dcl,dcl
ix,q
aa,ao
r,r
r,r
pcl,kcl
tcl,gcl
dx,dx
ae,ae
ih,ih
dh,dh
t,jh
ax,ax
iy,iy
ux,ix
aa,aa
ng,n
s,hh
tcl,kcl
gcl,gcl
dcl,dcl
ey,iy
m,m
ix,iy
ow,ow
ae,ae
pcl,pcl
ch,ch
ix,ix
aa,ao
k,k
sh,sh
iy,iy
ae,ae
aw,aw
kcl,kcl
l,ax
f,f
ax,ax
axr,axr
l,l
er,er
ix,ih
eh,dx
p,p
ax,p
tcl,kcl
n,n
bcl,bcl
t,t
axr,axr
aa,aa
ah,uh
n,n
aa,r
iy,iy
sh,sh
iy,iy
hv,ih
k,k
n,n
d,t
p,p
tcl,q
dcl,dcl
s,s
bcl,bcl
ae,ae
dx,dh
k,k
kcl,kcl
ax,l
s,s
s,s
tcl,n
y,y
ih,ix
k,k
ix,ih
s,s
gcl,bcl
ax,ix
dcl,bcl
pcl,f
kcl,tcl
g,g
jh,jh
ow,el
ih,ix
l,w
y,y
s,s
kcl,tcl
bcl,dcl
q,q
w,m
th,th
ow,aw
s,s
r,r
ao,ao
ux,ux
ng,n
s,z
ih,ih
eh,eh
iy,ih
iy,iy
ng,n
kcl,kcl
l,w
ax,r
m,m
p,p
iy,y
ao,ao
sh,s
er,er
ih,ih
ax,r
k,k
ay,ay
hh,hh
p,p
s,sh
ey,eh
axr,axr
pcl,kcl
ae,ae
r,r
g,g
ax,ax
kcl,kcl
ao,ao
ax,ax
w,l
axr,ux
z,z
el,l
ix,ux
l,l
ix,ih
r,r
hh,hh
aa,ao
ao,w
gcl,gcl
tcl,tcl
pcl,pcl
d,dh
w,w
sh,sh
aa,aa
ae,ae
ix,ix
iy,iy
ix,iy
bcl,pcl
ey,ey
ow,ow
y,y
dcl,dcl
eh,eh
kcl,kcl
iy,iy
ey,ih
ax,ah
eh,eh
iy,iy
f,f
tcl,tcl
eh,ax
w,w
t,t
d,d
p,k
s,s
r,r
iy,iy
t,t
ax,ah
eh,ey
aa,aw
er,axr
l,ao
axr,er
q,q
kcl,kcl
ih,ih
q,k
aa,aa
n,ix
l,ix
gcl,dcl
sh,sh
nx,m
r,r
y,y
s,s
pcl,dh
l,l
r,axr
z,z
s,s
axr,axr
sh,sh
zh,jh
eh,eh
iy,iy
s,s
ix,z
ih,eh
kcl,dx
n,n
ow,ow
l,ax
s,s
uw,ih
q,q
m,n
w,w
aa,l
ux,ix
ao,ao
ax,ax
kcl,kcl
bcl,dcl
ey,iy
ix,ix
iy,iy
r,r
t,t
ih,ih
jh,t
n,n
ay,ay
q,q
axr,axr
n,ng
ae,ae
l,ay
s,s
z,z
ax,ix
axr,er
r,q
tcl,kcl
el,ow
m,n
iy,iy
t,t
v,v
dh,v
k,k
gcl,dcl
l,l
er,r
n,n
ow,ah
iy,iy
iy,iy
g,g
ng,m
ah,ao
z,z
q,q
ay,ay
l,l
ah,ix
kcl,kcl
v,v
s,s
er,er
m,m
ao,ao
ix,ix
ow,l
w,l
f,f
iy,iy
ey,ey
gcl,dcl
ay,ay
kcl,pcl
f,f
iy,iy
dcl,dcl
ux,ux
n,m
ah,ah
axr,er
ae,ae
tcl,kcl
s,s
ae,ae
aa,aa
bcl,n
oy,oy
pcl,pcl
ch,jh
p,p
z,z
n,n
tcl,tcl
r,iy
ix,axr
eh,ae
dx,r
z,z
k,k
iy,iy
s,s
iy,iy
ax,ax
s,z
w,w
en,m
dcl,dcl
gcl,pcl
kcl,pcl
hh,hh
k,k
uh,w
ae,ae
f,f
eh,ih
s,s
iy,iy
t,t
y,y
bcl,m
tcl,dh
ae,ae
pcl,dcl
r,r
iy,iy
uw,w
l,l
q,q
dh,th
ix,ix
bcl,pcl
ow,ow
s,s
iy,iy
bcl,m
ix,ix
er,axr
tcl,tcl
r,r
k,p
t,t
l,l
pcl,pcl
ae,ae
ao,ao
ih,ix
dcl,dcl
f,f
ih,ix
l,y
ch,jh
ae,ey
en,n
ix,ix
aa,ao
ax,ax
ae,ae
y,iy
n,n
axr,axr
dh,dh
n,dcl
ay,ay
t,t
ey,ey
dh,p
tcl,tcl
s,s
n,dcl
s,s
tcl,tcl
axr,axr
bcl,bcl
n,n
dcl,dcl
pcl,pcl
l,l
iy,iy
tcl,kcl
iy,iy
ix,ix
n,n
kcl,kcl
iy,iy
aa,aa
pcl,pcl
k,p
nx,m
gcl,r
ae,ae
t,t
f,dh
l,l
m,n
iy,iy
dh,dh
aa,ao
r,r
dh,dh
tcl,tcl
n,n
s,s
ao,ao
ey,iy
er,er
l,el
m,m
eh,r
eh,r
ah,ah
k,k
ax,ax
r,q
gcl,dcl
k,k
s,s
er,axr
ow,ah
aw,eh
r,r
eh,eh
bcl,pcl
ay,ay
ix,ax
aa,aa
z,z
aa,ah
m,m
iy,iy
tcl,dx
ow,ow
uh,eh
gcl,dcl
kcl,kcl
er,er
er,er
l,l
ih,ux
y,y
bcl,kcl
r,dx
kcl,dcl
gcl,dcl
ih,iy
s,s
nx,dx
r,ao
el,q
f,f
dh,kcl
s,s
n,ng
k,kcl
r,r
m,m
n,m
n,n
hv,hv
axr,ix
dcl,dcl
ih,ih
nx,m
n,n
m,m
z,z
m,n
s,s
n,n
l,w
l,l
ax,ae
t,s
sh,s
tcl,q
axr,axr
l,l
ix,ix
er,uh
ao,aw
y,iy
iy,ix
gcl,gcl
tcl,kcl
axr,gcl
eh,eh
ae,ax
dx,dx
s,s
dh,dh
ae,ae
z,z
z,z
p,dh
eh,eh
iy,iy
y,iy
aa,aa
ix,ey
s,s
n,ng
p,kcl
hv,hv
k,k
dcl,dcl
aa,r
y,y
dh,n
l,l
dh,dh
sh,sh
n,n
th,s
gcl,dcl
dcl,dcl
ix,ix
z,z
z,z
eh,ih
kcl,kcl
ae,ae
kcl,kcl
eh,ae
axr,ix
ux,iy
ax,r
aw,aw
ix,ix
sh,jh
aa,aa
el,l
dcl,dcl
kcl,kcl
z,sh
ax,ng
kcl,kcl
er,er
iy,iy
t,t
f,dh
s,s
iy,iy
kcl,tcl
ax,ax
dx,nx
n,n
eh,eh
ng,ng
iy,iy
q,dx
ih,ix
ix,ix
oy,oy
s,s
iy,iy
ah,q
ay,ay
tcl,kcl
g,k
gcl,n
nx,ax
n,n
s,s
sh,sh
t,t
dcl,dcl
ey,ey
s,s
m,m
l,l
ch,ch
ix,ix
kcl,kcl
ix,ix
axr,er
el,el
q,n
zh,zh
z,z
gcl,gcl
ao,ow
dcl,n
ah,eh
aa,aa
el,el
kcl,kcl
n,ax
bcl,bcl
l,l
t,dh
gcl,dcl
aa,ao
iy,iy
ae,ae
r,r
axr,axr
kcl,dcl
y,ix
s,s
s,s
ao,l
bcl,m
ay,ae
s,s
t,d
n,tcl
ix,q
w,w
iy,iy
b,p
m,m
axr,er
tcl,dcl
r,r
bcl,bcl
ix,q
ax,ax
s,s
m,dh
ey,ih
iy,ey
g,dx
z,s
bcl,tcl
dcl,pcl
ay,ae
r,r
w,w
l,ix
dcl,dcl
ix,ix
v,v
tcl,tcl
t,d
axr,eh
en,n
m,n
q,q
dcl,n
tcl,kcl
l,l
k,k
ix,ix
r,r
kcl,tcl
ey,ey
q,q
z,s
ix,ix
ay,ay
k,k
kcl,kcl
n,n
ix,ix
l,ax
iy,ix
ix,ix
el,l
hh,hh
ix,ix
ah,ix
dcl,dcl
r,axr
t,t
t,dh
z,th
s,s
axr,axr
k,k
ix,ih
oy,oy
ey,ey
dcl,dcl
dx,ix
pcl,pcl
s,z
dcl,dcl
n,n
k,g
ix,ix
d,dcl
ih,iy
l,l
r,r
ng,n
eh,eh
r,r
ah,ix
iy,iy
eng,n
ao,l
f,f
p,p
f,f
l,ix
r,r
w,w
f,f
eh,ah
zh,ch
ih,eh
axr,dcl
hh,z
t,p
k,hh
tcl,tcl
s,s
ey,ey
ux,ux
n,n
ay,aa
kcl,tcl
iy,iy
nx,n
p,p
er,er
s,s
nx,n
t,k
r,aa
f,f
dh,p
bcl,bcl
ae,eh
p,p
ay,ay
iy,iy
kcl,kcl
ng,n
m,m
ih,ih
t,t
eh,axr
dcl,pcl
aa,aa
z,s
eh,ix
ah,eh
dh,dh
sh,sh
q,q
p,p
ix,ix
ey,iy
pcl,pcl
dx,dx
m,m
iy,iy
v,v
r,r
kcl,kcl
ix,ix
aw,eh
ax-h,d
ay,ay
ix,ix
ae,ae
eh,ah
r,r
iy,iy
ah,ah
l,l
er,er
ax,ah
tcl,tcl
iy,iy
eh,ae
l,l
sh,sh
dcl,dcl
ix,ix
ax,ax
dh,dh
dx,dx
kcl,kcl
tcl,z
p,p
n,n
s,s
ax,ix
ax,ah
m,m
z,z
el,el
n,n
r,r
k,s
k,k
s,s
ix,ih
t,t
z,z
iy,iy
ae,eh
ux,ux
gcl,gcl
n,n
pcl,tcl
sh,ch
l,q
pcl,kcl
z,s
g,g
axr,r
n,n
en,tcl
ay,ah
tcl,tcl
tcl,tcl
s,s
m,m
ax,ix
ae,eh
ix,ix
s,s
ah,ae
ux,ux
ax-h,s
pcl,tcl
ae,ae
l,w
t,t
axr,axr
dh,dh
ae,eh
s,s
s,s
ow,ow
q,q
iy,axr
ae,ae
sh,sh
iy,iy
y,jh
iy,y
t,t
r,r
dx,k
k,k
aa,aa
ah,ix
w,w
dcl,dcl
ow,ow
w,w
bcl,pcl
tcl,dcl
n,m
ih,iy
dh,th
ix,ih
dx,dx
hv,hv
dh,z
iy,iy
ax,l
tcl,tcl
ax,ax
ix,ix
tcl,tcl
t,t
tcl,tcl
tcl,jh
hh,pcl
z,z
ao,ao
tcl,tcl
ih,ih
iy,iy
iy,iy
r,axr
iy,iy
s,s
dcl,tcl
pcl,pcl
ih,iy
hh,p
axr,r
axr,ih
aa,aa
eh,r
dx,dx
ih,ih
r,v
ao,w
r,r
jh,jh
ay,ay
ix,ih
l,dh
nx,n
tcl,tcl
dcl,dcl
ay,ay
ah,aa
q,iy
hh,k
t,k
axr,r
ch,s
ix,iy
f,f
l,l
hv,hv
iy,iy
ih,ae
l,w
ix,ix
ay,ay
ax,ax
ah,ah
r,r
l,m
l,l
ix,n
ey,iy
iy,iy
s,s
w,w
l,l
f,f
ah,ah
ae,ae
kcl,kcl
z,s
b,dh
ay,ay
n,m
q,q
ax,ax
ay,ay
p,k
n,n
ix,ix
ax,ix
iy,iy
ah,ax
n,n
s,s
dh,dcl
dcl,gcl
ow,aw
ix,ix
ih,ih
dcl,dcl
ax,ax
ow,ow
n,n
axr,ix
s,sh
ih,ix
l,w
el,el
aa,aa
n,n
th,s
ih,ih
l,l
hv,hv
ax,ax
kcl,pcl
ae,ae
ix,ax
bcl,gcl
ix,ix
nx,n
z,z
t,t
aw,aw
axr,axr
er,axr
axr,ax
axr,ao
m,n
l,l
r,r
ix,iy
y,y
y,iy
ow,l
s,s
tcl,kcl
iy,iy
m,m
kcl,kcl
q,q
dx,kcl
ao,ao
ix,r
r,r
pcl,kcl
s,z
m,n
ax,ax
kcl,tcl
n,dx
r,r
n,k
m,m
ih,ix
ix,n
w,w
r,r
hv,ix
r,r
nx,n
r,r
ih,ih
iy,iy
l,l
l,ix
aa,aa
ow,ow
eh,eh
l,w
r,er
ix,ix
ae,ae
s,s
m,ng
ae,ae
ih,ix
m,m
tcl,dcl
y,iy
ay,ay
en,n
q,q
eh,ae
n,ix
uw,ux
ao,ao
iy,iy
ix,ix
iy,iy
p,dh
sh,sh
kcl,kcl
ao,aa
k,k
ux,ux
dh,dh
z,z
r,r
ih,iy
r,m
ax,ah
er,er
axr,axr
en,dcl
p,k
axr,ax
f,f
axr,r
s,s
dcl,dcl
ay,aa
w,ax
tcl,tcl
z,s
sh,sh
iy,iy
k,k
m,m
k,k
nx,nx
pcl,pcl
kcl,kcl
s,s
axr,axr
aa,ax
s,s
t,d
kcl,kcl
q,q
dh,dh
tcl,p
tcl,kcl
n,n
axr,r
kcl,tcl
r,r
kcl,kcl
ix,ah
t,t
z,s
ay,ay
dcl,dcl
ch,t
dx,dx
m,m
ux,ux
tcl,tcl
w,w
er,er
ix,eh
l,l
th,z
dh,dh
ux,ux
k,k
r,r
r,r
r,r
w,w
t,t
iy,iy
bcl,pcl
iy,iy
hv,hv
ow,q
gcl,kcl
k,p
oy,oy
bcl,bcl
g,g
ch,jh
kcl,kcl
z,z
hv,hv
ah,eh
aa,aa
dcl,dcl
gcl,gcl
f,f
tcl,tcl
n,n
b,b
f,f
pcl,tcl
bcl,bcl
bcl,tcl
z,s
dcl,dcl
k,k
ch,jh
t,t
k,k
ah,ix
bcl,dcl
l,l
er,er
w,w
iy,iy
ow,ow
gcl,dcl
hv,hv
ao,ao
axr,axr
ao,aa
kcl,kcl
ao,aa
ao,ao
iy,iy
iy,iy
ah,ih
y,y
th,dh
tcl,kcl
v,v
p,p
s,s
f,f
ao,ao
v,z
ng,n
z,z
ey,ey
p,k
ae,ae
pcl,tcl
ae,ae
p,p
iy,iy
axr,r
q,q
dcl,dcl
ao,ao
eh,hv
kcl,kcl
q,q
sh,s
ay,ay
dcl,bcl
kcl,kcl
dcl,dcl
z,s
z,s
s,s
ey,ey
aa,ao
tcl,dcl
k,k
iy,iy
t,jh
pcl,pcl
ae,ae
ey,ey
iy,iy
hh,hh
t,t
ix,iy
pcl,tcl
pcl,bcl
eh,ix
iy,iy
m,m
ow,l
axr,axr
iy,iy
n,n
s,s
y,y
aa,aa
t,dh
dcl,bcl
iy,iy
f,f
axr,axr
kcl,kcl
m,n
ey,ey
l,l
w,w
ch,jh
s,s
r,r
iy,iy
n,n
f,tcl
dx,n
dcl,dcl
g,k
tcl,dcl
dh,dh
f,f
n,n
kcl,kcl
dcl,tcl
ao,ao
dh,kcl
y,y
pcl,pcl
aa,aa
ey,iy
hh,iy
q,tcl
iy,iy
dx,dx
t,p
s,s
d,tcl
dh,v
dcl,dcl
tcl,pcl
m,m
n,n
ae,ae
eh,ae
ao,ow
er,ih
iy,iy
axr,er
k,k
eh,eh
f,f
th,f
r,ax
ih,ih
v,tcl
iy,iy
v,v
r,r
l,el
z,z
hh,p
ax,ix
q,ih
s,s
kcl,kcl
sh,f
zh,sh
z,z
l,l
dcl,tcl
q,dcl
ao,ao
ih,ey
m,m
dcl,kcl
ih,ix
v,dcl
k,k
t,t
iy,iy
tcl,kcl
m,ax
iy,iy
w,w
s,s
oy,oy
d,dx
ax,ix
aa,aa
n,n
n,n
aa,aa
kcl,kcl
ay,ah
s,s
pcl,kcl
r,r
axr,ix
s,s
v,v
f,f
sh,sh
s,s
aw,ae
l,l
ux,ux
g,g
l,l
pcl,kcl
tcl,tcl
kcl,kcl
iy,iy
iy,iy
kcl,kcl
k,k
n,n
ah,ax
axr,er
ay,ay
dcl,dcl
tcl,tcl
m,m
ax,ax
aw,aw
k,k
z,s
n,n
hh,k
v,ix
n,n
dx,ix
uw,uw
ay,ay
pcl,tcl
w,w
l,l
t,k
ih,ah
ow,ow
k,k
s,s
n,n
ay,ao
n,ng
v,v
ao,ao
v,f
t,d
ah,aa
v,v
n,n
iy,ih
ah,ah
ih,ax
z,s
s,s
kcl,pcl
l,l
z,s
s,s
s,s
axr,er
ay,ay
ih,ih
ey,ey
gcl,gcl
n,n
iy,iy
k,g
dh,dh
k,g
y,y
w,l
hv,hv
n,ax
l,ay
ih,eh
el,l
kcl,kcl
iy,iy
v,v
eh,ae
bcl,bcl
l,el
ch,t
gcl,dcl
kcl,tcl
f,f
ix,eh
k,k
dcl,dcl
ax-h,hv
dcl,dcl
ih,ih
z,s
ae,ae
ix,iy
l,l
ax,ix
r,r
pcl,dcl
kcl,kcl
ux,ix
n,m
iy,iy
ix,ix
pcl,pcl
n,ng
axr,axr
l,l
ah,r
r,r
dcl,dcl
dx,dcl
kcl,kcl
hh,hh
ix,ix
dcl,dcl
f,f
ey,ey
l,l
kcl,kcl
tcl,tcl
v,dcl
ah,eh
s,s
el,q
q,q
tcl,tcl
ao,ow
ix,ix
m,m
ix,ix
f,f
en,en
m,n
dcl,dcl
k,k
en,m
er,er
gcl,gcl
axr,r
oy,oy
jh,jh
f,f
ax,r
iy,r
r,r
s,s
dx,dcl
ay,ay
t,t
ix,ix
w,el
y,y
n,n
oy,oy
d,t
n,n
k,k
n,n
r,ix
sh,sh
t,t
ey,ix
aw,aw
n,ng
ix,ix
m,en
r,r
ey,ay
l,ow
n,n
ix,iy
dx,dx
k,k
q,hh
ix,iy
l,l
tcl,tcl
ix,ix
kcl,kcl
er,axr
eh,ae
l,l
ae,ae
n,n
ax,ax
gcl,m
n,n
uh,ah
uh,ih
ix,n
s,z
r,r
z,s
ey,ae
iy,ux
uh,el
tcl,pcl
l,l
p,p
kcl,gcl
ix,axr
ax,ax
ae,ae
gcl,pcl
s,s
oy,ow
r,r
z,z
n,ix
q,ix
eh,eh
m,m
ix,iy
dcl,dcl
kcl,tcl
iy,iy
r,r
ix,ix
ae,ae
ih,ax
sh,sh
ix,ix
t,t
n,n
n,n
ao,ow
gcl,n
n,n
d,d
ay,ay
er,axr
kcl,kcl
y,y
hv,hv
q,ix
ao,aa
ih,ix
ay,ay
r,r
ax,ix
l,l
q,q
n,n
ih,ix
s,s
ix,iy
tcl,tcl
n,n
r,r
k,g
ao,ao
v,v
k,k
n,n
dh,dh
r,ao
s,s
uw,uw
th,q
gcl,r
oy,oy
tcl,dcl
ix,eh
kcl,kcl
pcl,tcl
n,n
l,l
ix,ux
tcl,tcl
s,s
ng,ih
bcl,bcl
kcl,kcl
r,ng
r,er
l,l
kcl,kcl
axr,r
k,k
k,k
sh,sh
w,w
axr,er
sh,sh
d,t
aa,ow
iy,iy
ao,ao
gcl,gcl
l,l
ix,eh
dx,iy
iy,iy
ey,ey
l,l
pcl,tcl
l,ax
sh,sh
oy,ao
ix,ix
ch,jh
z,z
ey,iy
ax,ax
kcl,kcl
eh,r
dcl,dcl
r,r
th,dh
ey,ey
aa,ah
ae,ae
ae,eh
ux,ux
y,iy
ax,ax
s,s
w,w
n,n
oy,ay
g,g
ih,uh
n,dcl
tcl,dcl
ax,l
dx,ix
ix,r
w,w
n,n
z,s
m,m
gcl,v
dx,dx
ay,ay
g,tcl
dcl,dcl
b,p
n,n
kcl,tcl
dx,dx
ay,aa
bcl,bcl
l,l
l,l
jh,jh
ih,ax
q,q
ao,ao
k,p
ih,l
hv,hv
kcl,kcl
y,y
ax,l
tcl,tcl
s,s
ux,r
ae,ae
ah,l
el,el
ih,r
ix,ix
ow,l
iy,iy
n,n
f,f
n,n
dx,dx
axr,r
q,p
aa,aa
pcl,pcl
er,ey
ax,ih
l,l
ae,ae
ao,ao
n,n
jh,jh
tcl,kcl
d,d
n,n
eh,eh
axr,er
s,s
z,z
ow,ow
ux,ux
z,z
tcl,tcl
s,s
w,w
ih,ih
eh,eh
iy,iy
r,r
m,m
t,t
axr,axr
ah,ao
r,r
t,dx
er,er
r,r
dh,dh
t,sh
axr,er
r,r
t,th
dcl,dcl
ax,ah
dcl,dcl
bcl,bcl
s,s
ae,ae
l,l
n,dcl
ow,ow
z,z
oy,oy
l,ih
ix,axr
eh,eh
gcl,gcl
w,w
ah,eh
k,p
q,iy
t,t
q,q
s,s
ix,axr
kcl,kcl
pcl,pcl
ao,aa
v,v
q,kcl
dcl,dcl
axr,axr
r,r
s,s
gcl,n
ix,ix
aa,aa
pcl,pcl
r,r
l,l
tcl,kcl
hh,p
tcl,kcl
ao,ao
ih,ih
t,t
eh,eh
en,n
ix,ix
ay,ay
iy,iy
ix,eh
el,l
sh,sh
s,s
ih,eh
gcl,gcl
ix,eh
l,l
ax,ax
s,s
ix,ix
iy,iy
ey,ey
aa,ao
tcl,pcl
w,dh
r,r
ix,ix
ow,ow
ao,ao
l,v
tcl,kcl
z,s
l,l
bcl,bcl
w,w
aw,ae
ax,ao
aa,aa
hv,p
zh,sh
uh,ow
kcl,kcl
ix,iy
m,m
tcl,kcl
t,p
th,th
hh,hh
axr,axr
r,r
uh,ih
l,q
k,t
ix,ix
er,er
ae,ae
iy,iy
w,w
ay,ay
dcl,dx
ay,ay
sh,sh
p,p
dcl,m
ix,ix
axr,axr
axr,r
gcl,n
ih,ih
ax,ah
z,z
n,n
s,s
nx,nx
ah,r
bcl,tcl
aa,ao
ay,ay
q,ix
ae,ae
ix,ix
l,l
axr,axr
ae,ae
l,l
ax,ow
w,w
bcl,bcl
w,w
m,m
tcl,tcl
kcl,kcl
l,l
pcl,pcl
l,ax
t,t
sh,sh
axr,axr
ey,ey
ow,ao
n,gcl
s,s
ae,ae
t,t
q,w
f,f
hv,hv
g,k
ey,ey
ax,l
l,l
n,m
f,f
l,l
s,s
dh,ix
kcl,tcl
tcl,dcl
bcl,dcl
dcl,dcl
ih,iy
sh,sh
er,er
q,q
w,w
uh,eh
l,l
er,er
eh,ix
t,jh
er,er
n,dcl
aa,aa
n,ng
ux,er
r,v
z,s
r,r
s,s
n,m
k,dh
tcl,kcl
ah,ah
f,f
t,p
s,s
ng,en
eh,eh
t,d
q,q
iy,iy
w,w
aa,aa
s,s
er,er
ao,ao
sh,sh
kcl,kcl
ix,ix
ey,ih
iy,iy
ix,ih
iy,iy
t,z
m,n
l,l
z,z
k,k
kcl,kcl
n,n
axr,axr
dh,p
ao,aa
ch,sh
r,r
pcl,pcl
dcl,dcl
jh,jh
en,n
ey,ey
th,th
dcl,dcl
t,t
ix,ix
ng,n
ch,s
tcl,pcl
ax,ax
w,w
l,l
el,ow
w,w
n,n
g,n
aa,eh
dcl,dcl
pcl,v
n,n
r,r
r,r
iy,iy
r,r
n,n
k,g
f,f
f,f
th,f
ao,ao
jh,ch
kcl,tcl
r,r
l,y
w,ng
v,v
p,p
tcl,kcl
s,s
uw,ux
n,en
ow,ow
gcl,dcl
ih,ih
s,s
g,g
s,s
axr,r
b,p
r,r
ax,n
dh,dh
q,q
l,l
tcl,pcl
ng,n
ux,ih
s,s
dh,dh
ow,ow
ey,ae
l,l
ow,ow
r,r
l,l
t,t
dcl,m
w,w
z,z
sh,sh
kcl,pcl
d,k
iy,iy
ey,ey
dcl,dcl
w,n
s,z
r,r
pcl,tcl
ey,ey
dcl,th
dcl,dcl
gcl,dcl
t,d
iy,iy
ix,iy
ah,ah
ch,sh
v,dcl
er,er
l,l
eh,eh
bcl,pcl
l,l
q,q
ae,ae
ae,ae
k,k
t,t
s,s
q,ix
el,el
r,r
ah,r
v,v
r,r
tcl,tcl
ax,ax
sh,s
iy,iy
pcl,pcl
ah,ao
ao,ao
ih,ah
kcl,kcl
z,z
ow,ow
n,dcl
sh,sh
q,q
kcl,tcl
w,w
ah,ao
ix,ix
v,dh
dcl,tcl
kcl,kcl
ay,ay
t,k
aa,ao
ay,aa
ih,ix
eh,eh
ae,ae
dh,dh
ao,r
ix,ix
k,k
kcl,kcl
dh,dh
oy,oy
n,n
pcl,pcl
ax-h,tcl
l,w
tcl,dcl
dcl,dcl
en,n
ay,ay
w,l
y,iy
ax-h,tcl
er,er
r,r
tcl,dcl
jh,jh
s,z
kcl,pcl
jh,jh
t,t
ae,aw
t,t
iy,iy
aa,aa
t,t
ey,iy
s,t
r,r
dh,pcl
ix,ih
q,tcl
f,f
ih,ih
tcl,dh
iy,ix
ae,ae
dx,dcl
aa,aa
kcl,kcl
n,n
dcl,dcl
axr,ao
v,f
kcl,kcl
ey,ih
ae,ae
ih,ih
s,s
ax,ax
zh,z
ax,l
r,eh
n,n
pcl,pcl
t,t
ix,ih
ih,l
ao,l
ix,eh
sh,sh
hv,hv
aa,aa
r,r
jh,p
ey,iy
sh,sh
hv,hv
d,t
pcl,pcl
ix,ax
w,w
en,m
ix,ix
hv,hv
eh,iy
q,q
w,w
dh,dh
r,r
ow,ow
s,s
k,k
iy,r
k,k
p,hh
m,n
q,ah
hv,hv
r,r
q,q
eh,eh
ih,ih
eh,ae
r,r
m,m
l,l
ix,ix
hv,y
t,t
ae,ae
m,m
ux,ix
er,ux
r,ix
zh,jh
axr,axr
kcl,kcl
pcl,kcl
z,z
k,k
v,v
er,er
pcl,tcl
t,s
k,t
t,s
m,m
ey,ay
l,l
uh,ih
l,el
w,w
ay,ey
w,w
ix,ix
w,w
jh,jh
q,q
ao,aa
ax,ax
sh,sh
n,m
v,v
n,n
kcl,kcl
ix,nx
s,s
n,n
ix,ix
tcl,kcl
n,n
v,f
ix,ix
l,l
tcl,tcl
l,ix
m,n
dcl,dcl
t,t
f,f
axr,axr
jh,jh
er,w
dcl,dcl
gcl,gcl
ih,eh
n,n
r,r
eh,er
m,m
ow,aw
ih,ix
r,r
en,n
n,n
tcl,kcl
eh,eh
ih,ix
l,l
n,n
k,p
s,s
ix,ix
dcl,gcl
ah,ay
s,s
k,k
gcl,dcl
r,r
ng,n
eh,ae
pcl,pcl
axr,axr
ao,ao
kcl,kcl
ae,ae
p,p
p,p
ix,ix
t,t
s,s
f,f
k,k
sh,sh
uh,ao
r,r
ow,ow
er,er
ow,ow
ih,ih
sh,sh
v,dx
ow,ow
ax,w
ih,ih
v,v
gcl,n
y,iy
ae,ae
dh,dcl
ix,ih
kcl,kcl
t,t
l,l
ae,ae
ao,ao
dh,v
tcl,tcl
dcl,dcl
r,ix
r,dx
aa,r
r,r
ae,ae
tcl,z
ey,ey
pcl,pcl
axr,axr
ow,eh
ux,ux
z,s
t,t
dcl,dcl
z,z
tcl,tcl
r,r
tcl,dcl
ix,ix
dx,kcl
ae,eh
t,p
ae,eh
ux,iy
s,s
l,l
th,s
ae,ae
z,s
en,en
s,s
iy,ey
v,f
ey,ey
q,el
r,r
r,r
ey,iy
ix,ix
tcl,tcl
kcl,kcl
ix,ix
ah,ah
en,n
jh,jh
kcl,tcl
ae,eh
ae,ae
t,t
z,jh
axr,ux
eh,ix
bcl,bcl
ay,ay
ow,ao
pcl,kcl
s,s
r,r
tcl,tcl
w,w
p,p
ae,ae
r,ix
t,p
ow,ow
oy,oy
s,s
dcl,tcl
pcl,dcl
ah,ao
ow,er
iy,iy
f,f
t,t
kcl,tcl
l,l
s,s
k,k
hv,hv
iy,iy
aw,ae
oy,oy
f,f
ow,ow
tcl,tcl
p,hh
kcl,n
n,dx
g,g
th,th
ix,ix
t,d
n,n
v,ix
iy,ih
l,ax
ae,ae
ae,eh
s,s
aa,ah
sh,sh
f,s
r,r
kcl,kcl
q,l
bcl,bcl
n,l
v,r
m,m
l,l
k,p
ax,axr
iy,iy
tcl,pcl
f,f
eh,eh
n,n
ow,ow
m,m
kcl,kcl
pcl,pcl
ix,ah
s,t
hv,hv
g,k
ow,ow
p,p
hv,hv
k,p
tcl,tcl
ch,ch
dh,dh
r,r
s,s
q,r
ow,ow
el,el
n,m
th,f
ax,n
ih,ix
hh,p
z,s
ih,ix
ih,iy
pcl,kcl
y,ih
ix,ah
z,s
kcl,tcl
ax,eh
ax-h,tcl
ux,ix
r,r
s,s
eh,ah
r,r
ux,ux
dcl,dcl
w,w
dh,t
n,n
n,n
p,p
tcl,kcl
axr,axr
ay,ae
s,s
ax,ix
eh,eh
ih,ix
p,p
kcl,kcl
ay,ay
p,d
ay,ae
ax-h,iy
dx,dx
l,l
t,d
iy,iy
kcl,kcl
r,r
dh,dh
sh,sh
ng,ng
z,z
l,l
kcl,kcl
ah,ah
kcl,th
eh,eh
ix,ix
s,s
aa,aa
z,dx
d,t
tcl,dcl
ix,ix
l,l
ae,eh
ix,ix
w,w
pcl,kcl
f,f
g,d
bcl,bcl
iy,ix
ao,ow
iy,iy
bcl,dh
g,p
l,l
tcl,dcl
t,t
ix,ix
n,n
axr,r
q,y
w,w
r,r
n,n
ow,ow
uh,ih
q,q
pcl,pcl
b,b
ae,ae
ng,n
n,ao
k,k
k,f
ae,ae
hv,hv
er,er
axr,r
m,m
r,er
q,q
p,p
kcl,tcl
ao,ao
axr,axr
r,r
n,n
r,r
ow,ow
t,d
t,t
iy,iy
pcl,bcl
s,sh
t,t
dh,dh
n,dcl
hh,p
f,f
n,n
n,n
eh,ah
bcl,dcl
ax,ix
s,s
m,ng
dcl,dcl
n,n
l,w
er,er
ah,ix
iy,ih
dcl,kcl
z,s
ng,ix
z,z
kcl,tcl
s,s
ax,ix
ow,ow
kcl,kcl
aa,aa
ng,n
q,q
sh,sh
axr,ix
kcl,kcl
ah,eh
n,n
f,f
iy,iy
ih,ih
jh,jh
aa,ah
m,m
gcl,m
ix,ix
ah,ah
z,s
ih,ih
z,z
y,ix
ix,ix
er,er
y,r
g,tcl
eh,eh
s,s
ae,ae
gcl,ng
f,f
ih,iy
r,r
kcl,kcl
ao,ao
tcl,dcl
f,f
z,s
dcl,dcl
gcl,m
tcl,tcl
th,z
iy,iy
p,k
q,q
s,s
tcl,dcl
d,d
eh,ae
dcl,dcl
tcl,m
l,l
ae,ae
axr,axr
en,n
tcl,dcl
r,iy
axr,axr
ax,t
m,m
t,t
ax,w
tcl,tcl
kcl,kcl
l,l
er,axr
v,v
ih,eh
s,s
t,k
w,l
q,q
uh,ix
k,k
el,l
n,nx
t,p
ay,ay
m,n
er,er
s,s
dh,dh
jh,s
ax,l
el,l
gcl,kcl
m,dcl
tcl,tcl
ae,ae
n,dcl
r,ix
n,dcl
pcl,pcl
ix,ix
r,r
s,sh
l,l
m,l
p,p
l,m
er,axr
q,dh
l,l
dcl,dcl
w,w
q,ix
ae,ae
q,p
ax,l
ax,ax
dcl,kcl
oy,oy
aa,ao
bcl,bcl
s,s
kcl,kcl
w,w
n,n
iy,y
l,ih
ch,ch
ih,ix
f,f
aa,ao
ae,ae
t,t
y,y
m,w
kcl,dcl
ow,ax
tcl,tcl
axr,er
tcl,gcl
p,kcl
ax,l
ax,ax
ih,ih
kcl,pcl
w,dcl
iy,ey
ao,w
iy,ey
axr,axr
tcl,tcl
s,s
r,r
sh,s
ao,ao
ix,ix
ay,ay
ix,ix
z,s
ix,r
sh,sh
s,s
oy,aa
pcl,tcl
n,n
r,r
s,z
axr,axr
er,er
axr,axr
aw,ae
l,l
ay,ay
hv,hv
t,k
ae,ae
k,k
ey,ey
dx,k
eh,ae
aa,aa
r,r
dcl,dcl
p,hh
gcl,axr
w,w
ax,ix
q,q
eh,eh
eh,eh
ix,ix
ay,ay
dcl,dcl
m,m
ix,ix
en,n
dcl,dcl
ix,ix
l,el
dx,ix
q,q
el,el
kcl,tcl
eh,er
aw,ao
kcl,pcl
iy,iy
l,ax
oy,oy
er,er
ey,ey
s,z
d,dcl
t,f
ix,ix
k,t
f,f
ix,ix
sh,sh
hh,kcl
tcl,tcl
n,ng
l,l
ih,ih
gcl,dcl
d,k
y,y
ey,ey
sh,sh
eh,eh
w,w
d,t
r,r
n,m
ih,ih
z,z
ao,ao
ao,ao
m,m
l,l
axr,er
ax,ax
w,q
w,w
aa,aa
n,n
er,r
aa,aa
s,s
kcl,kcl
ao,ao
axr,axr
dx,dx
gcl,kcl
ey,iy
er,axr
ah,ah
r,axr
r,r
iy,n
dh,dh
r,r
aa,aa
f,s
n,m
nx,r
w,w
r,r
z,z
m,m
er,axr
jh,jh
ax,ix
p,p
s,s
uh,ao
z,z
l,l
ax,ix
iy,iy
g,k
axr,ix
l,l
ux,ux
z,z
tcl,dcl
d,t
m,m
er,r
dh,dh
dcl,dcl
f,f
ch,k
ah,eh
z,z
er,ao
f,f
l,l
aa,aa
g,k
z,z
m,n
n,n
ax,ax
y,ux
t,t
dcl,pcl
ix,ix
s,s
hv,hv
r,v
hv,hv
uh,uh
ih,iy
s,s
ix,ix
s,s
m,ng
t,t
iy,ux
v,v
m,m
tcl,pcl
q,q
ix,ix
iy,ih
bcl,bcl
hv,hv
iy,iy
n,n
kcl,kcl
ih,ih
ow,er
m,m
m,n
r,r
p,p
g,k
ax,ax
pcl,pcl
p,p
ix,r
r,axr
kcl,kcl
ux,ux
dh,dcl
t,p
ow,v
ch,ch
t,t
nx,v
ih,ix
ow,ow
iy,iy
ix,axr
n,n
r,r
ao,ao
ao,ao
hh,hh
th,dh
er,er
n,n
m,m
n,n
iy,iy
gcl,dcl
gcl,dcl
ih,ih
tcl,kcl
r,axr
m,m
bcl,bcl
gcl,gcl
z,z
r,r
iy,iy
aa,aa
n,n
ix,ix
l,w
q,kcl
iy,iy
hv,ix
y,y
dcl,dcl
ih,ix
dh,d
hv,hv
w,l
ax,ax
n,n
eh,r
ix,iy
eh,eh
iy,iy
dh,dh
ix,n
w,w
s,s
ay,ay
axr,axr
ae,ae
iy,iy
ix,ix
ix,ix
ae,ae
aa,ah
ux,ux
pcl,kcl
w,w
ow,ow
w,l
f,v
ih,ih
dcl,dcl
k,k
ix,ix
l,ax
t,k
q,n
m,m
f,f
w,w
ae,ae
l,l
q,q
eh,ih
d,dh
n,n
nx,dx
tcl,dcl
y,y
ay,eh
ae,ih
ux,ux
sh,sh
ao,ao
q,q
eh,ih
ih,ih
l,w
iy,iy
ux,ux
l,l
ih,ix
hh,hh
ux,ix
ow,eh
tcl,tcl
ng,n
ux,dx
pcl,pcl
ng,n
ow,ow
w,w
ax,ax
ux,ux
s,s
k,k
iy,iy
eh,eh
v,ax
tcl,tcl
axr,el
ng,m
r,m
tcl,tcl
sh,sh
aa,aa
t,t
s,s
r,r
n,n
z,s
eh,ih
dx,dx
ay,ae
s,s
sh,sh
ae,ix
r,ah
ih,ey
zh,s
tcl,dcl
dh,dh
ax,eh
kcl,gcl
m,m
iy,iy
ah,ow
axr,w
ae,ix
z,z
g,k
ae,ae
s,s
y,y
eh,eh
iy,iy
ux,ux
q,q
ih,eh
tcl,kcl
v,dx
ng,ng
z,z
ey,ey
ey,hv
axr,p
d,g
dh,dh
w,bcl
n,m
iy,iy
ao,ao
ax,l
ix,ix
ae,ae
r,r
hv,hv
ow,ow
er,er
ax,ao
n,n
ae,ey
v,v
th,s
ih,q
n,n
er,er
ax,n
p,p
hh,hh
s,s
l,l
ch,t
d,p
r,r
s,s
ao,ao
dx,p
l,l
n,n
ah,ow
q,ix
nx,n
uh,ix
eh,ae
kcl,pcl
l,el
n,n
aa,r
kcl,tcl
ix,ih
q,q
r,r
ax,ix
ix,iy
ih,ih
tcl,pcl
n,n
axr,axr
dcl,dcl
ng,l
ix,ix
eh,eh
ah,ao
bcl,bcl
ay,ay
eh,ix
v,v
ih,ih
ao,w
r,r
dcl,dcl
k,k
r,r
axr,axr
p,k
ih,iy
axr,r
q,ax
ah,ow
n,n
k,k
s,s
k,dh
iy,iy
hv,m
pcl,pcl
w,w
ax,ax
ao,ao
g,k
l,l
z,s
ow,ow
nx,n
eh,iy
m,ng
ix,axr
iy,iy
ux,ux
m,n
hv,hv
n,n
iy,iy
z,s
ao,ao
k,p
ng,gcl
kcl,kcl
sh,sh
ix,ix
tcl,tcl
ah,eh
ax,ax
n,dcl
r,r
r,eh
ch,jh
ah,l
ix,ax
q,tcl
r,r
ax,ax
l,l
p,p
l,l
aa,oy
r,ax
y,y
m,ax
s,s
z,s
r,r
tcl,kcl
ix,eh
l,ax
tcl,tcl
eh,ih
v,v
r,r
el,l
aa,aa
dh,dh
z,z
m,m
eh,eh
ae,ae
ix,ix
bcl,dcl
g,p
bcl,bcl
gcl,dcl
iy,iy
iy,iy
pcl,bcl
ix,ng
ih,ih
ng,n
t,t
dh,tcl
ao,ao
k,k
r,r
eh,r
pcl,pcl
r,r
zh,sh
s,s
k,k
n,m
w,w
f,hh
kcl,tcl
bcl,tcl
ao,w
l,l
ao,ao
er,er
axr,axr
iy,iy
s,z
ey,ey
pcl,tcl
eh,eh
ux,ux
ax,ix
axr,ix
r,ao
v,n
ux,ux
f,f
ao,ao
t,t
ao,ow
ix,iy
iy,iy
aw,aw
kcl,kcl
f,f
dcl,dcl
ih,iy
ay,eh
uh,el
ix,r
eh,eh
ay,ay
f,f
ao,ao
s,s
eh,eh
ey,ey
uw,uw
tcl,dcl
axr,ax
l,n
axr,axr
p,p
kcl,pcl
dh,f
n,n
y,iy
n,n
k,q
uw,uw
axr,axr
er,er
z,z
hv,hv
ay,ah
v,pcl
n,n
r,r
eh,l
p,p
r,r
t,t
ix,ix
l,l
ow,aw
ey,ey
v,v
er,er
g,m
l,ao
k,k
dh,k
t,t
axr,ow
el,l
ax,ax
eh,eh
iy,iy
k,p
m,m
ao,ao
ao,ao
z,z
n,dcl
y,y
iy,iy
eh,ix
s,s
dx,dcl
n,n
oy,oy
w,w
ng,m
jh,sh
n,n
hv,hv
r,r
aa,aa
iy,iy
ao,ao
axr,ix
axr,axr
n,dx
ux,iy
y,ix
ix,iy
p,p
ow,ao
m,m
ax,l
r,r
v,v
l,l
n,n
ih,ix
v,dh
nx,n
n,n
m,m
iy,iy
l,l
iy,iy
k,k
axr,axr
ah,ah
jh,jh
l,ax
k,kcl
ae,ae
ae,ae
m,m
dcl,dcl
l,l
m,m
n,n
n,n
tcl,dcl
dcl,dcl
aa,aa
ao,w
ih,axr
er,axr
r,m
ih,ih
ih,iy
t,sh
pcl,pcl
iy,ix
n,n
dx,dx
tcl,tcl
th,dh
ao,ao
iy,iy
ae,ae
g,k
n,n
ax,ax
z,z
r,r
l,l
ix,ix
s,s
eh,ah
bcl,dcl
ey,ey
uh,ax
ow,ow
m,m
ao,ao
iy,ix
g,dh
jh,jh
tcl,tcl
s,s
tcl,tcl
m,m
k,k
s,s
n,n
m,m
n,n
dx,dx
iy,iy
ax,ix
w,w
kcl,pcl
s,s
hv,hv
l,l
tcl,kcl
ey,ey
ae,ae
iy,iy
ax,l
l,ax
d,t
iy,iy
q,q
dcl,dcl
er,er
f,f
er,axr
pcl,pcl
ix,ix
ae,ae
ey,ey
gcl,dcl
sh,sh
f,f
g,k
n,dx
tcl,tcl
ax,ix
l,w
aa,ao
dcl,dcl
ih,iy
ax,ax
ix,iy
r,r
ah,ah
s,z
ih,ix
z,z
f,f
s,s
k,k
ix,l
hh,hh
k,k
r,r
ao,ao
sh,sh
r,r
n,ng
bcl,bcl
ow,ow
m,m
iy,iy
tcl,pcl
s,s
ey,ey
axr,aa
ih,iy
s,s
w,w
ah,aa
kcl,kcl
ih,ae
dx,dx
axr,axr
bcl,kcl
eh,ix
ax,n
ay,ao
kcl,dcl
n,n
r,r
v,dcl
s,s
dh,dh
ix,ix
tcl,tcl
m,m
kcl,kcl
bcl,bcl
eh,ix
ix,ix
axr,eh
er,r
axr,axr
ao,ao
ao,ao
tcl,tcl
kcl,kcl
ao,aa
tcl,dcl
hv,hv
iy,iy
k,p
dcl,dcl
pcl,kcl
ix,ix
iy,iy
ux,m
kcl,kcl
f,f
eh,eh
eh,eh
oy,ey
tcl,tcl
r,r
kcl,kcl
m,m
ay,ay
k,k
kcl,pcl
s,s
ax,l
g,t
uw,axr
m,n
s,s
ix,ix
ng,ng
iy,iy
sh,sh
p,p
gcl,bcl
z,z
ix,ih
ao,ao
n,n
ey,ey
v,v
ao,ao
l,w
ih,eh
r,r
n,n
ae,ae
w,l
ow,ow
m,dcl
ih,iy
bcl,dcl
bcl,dcl
p,k
s,k
iy,iy
er,r
tcl,tcl
tcl,tcl
l,l
z,s
ax-h,ix
axr,r
q,q
s,s
ay,ay
ih,ux
ae,ae
kcl,tcl
y,iy
axr,er
eh,ao
w,w
ae,ae
ix,ix
iy,iy
s,s
ow,w
ae,ae
w,w
r,r
el,el
n,n
axr,er
r,r
tcl,tcl
n,ng
zh,z
y,y
iy,iy
tcl,dcl
eh,eh
r,dx
m,m
pcl,th
n,n
ao,aa
eh,r
t,t
bcl,bcl
ix,ix
ax-h,hv
k,k
iy,ix
gcl,dcl
ix,ix
kcl,pcl
ey,ey
w,w
k,k
r,r
g,kcl
q,q
dcl,dcl
g,dh
jh,jh
r,w
axr,ih
r,r
n,n
n,dcl
k,k
dx,dx
n,n
s,s
ey,ey
r,r
eh,ix
eh,ih
w,w
z,s
axr,er
kcl,v
er,ao
g,k
iy,iy
axr,r
k,k
n,n
m,m
pcl,pcl
z,z
ix,ih
d,jh
s,z
n,n
l,ix
ih,ih
m,m
ix,l
r,r
s,s
zh,z
pcl,pcl
l,ao
q,q
ow,l
ay,ay
ix,ih
ey,ey
r,r
er,axr
aa,r
k,q
p,p
th,dh
l,l
l,l
d,t
k,k
tcl,dcl
m,m
ih,ih
ay,ay
ix,ix
kcl,kcl
ax,ax
dh,k
l,w
s,s
ax,ix
gcl,dcl
l,m
k,k
axr,axr
ih,iy
d,ch
ix,iy
l,l
ae,ux
kcl,kcl
kcl,kcl
en,en
ay,ae
t,t
kcl,kcl
aa,aa
ax,l
oy,oy
iy,iy
l,l
l,l
iy,iy
ix,ix
p,k
ey,ey
ix,iy
ix,ix
gcl,m
aa,aa
w,w
iy,iy
ix,ix
w,w
aw,aw
iy,iy
axr,axr
ux,ux
el,l
l,l
ao,ao
aa,ao
kcl,kcl
dh,n
s,s
ix,q
r,r
iy,iy
v,dx
sh,sh
aa,aa
kcl,kcl
dcl,tcl
m,m
ax,l
er,r
n,n
ng,n
k,k
ix,eh
ix,ix
dx,dx
ax,v
r,r
ah,eh
ay,ay
nx,n
dcl,dcl
iy,ey
ax,ax
r,r
w,w
ax,eh
f,f
s,s
ah,ah
dcl,dcl
en,ix
dx,n
n,n
d,k
eh,ah
dcl,dh
t,p
hv,k
hh,d
ih,ih
jh,k
v,ix
ng,n
s,s
n,n
m,m
v,n
p,p
k,kcl
iy,y
ow,ow
p,p
eh,eh
p,p
pcl,pcl
t,t
w,w
ux,y
ae,ae
tcl,kcl
iy,iy
n,n
ay,ay
n,n
ix,n
w,w
y,y
r,ih
dcl,dcl
m,m
gcl,dcl
axr,axr
ix,r
k,k
q,q
n,n
dcl,dcl
hv,hv
axr,r
ux,ux
l,l
ix,q
jh,jh
r,r
ow,ow
ey,ey
tcl,dcl
ix,r
s,s
iy,iy
n,n
uh,el
q,l
t,t
sh,sh
s,s
kcl,tcl
k,k
f,f
axr,axr
en,n
dx,dcl
k,k
t,jh
ae,ae
l,l
pcl,kcl
sh,sh
ow,ow
aa,ao
ix,ey
l,ix
ao,ao
sh,sh
en,ah
bcl,bcl
r,r
dcl,dcl
l,el
ow,l
ah,ih
ch,sh
ao,l
dx,dcl
iy,r
ih,iy
ow,ow
ix,ix
ax,ax
k,sh
iy,iy
n,n
s,s
k,k
ao,ao
t,t
p,ch
ay,ay
s,s
m,m
d,d
gcl,ng
n,m
s,s
d,t
kcl,kcl
nx,n
kcl,tcl
ih,ih
kcl,kcl
ey,ey
s,s
aa,ao
ae,eh
sh,sh
tcl,dcl
gcl,dcl
er,er
nx,n
m,n
tcl,kcl
k,k
ae,ae
th,th
aa,r
ux,iy
ih,ix
gcl,dcl
ix,ix
k,k
t,t
z,s
z,s
r,er
ow,ow
eh,er
tcl,p
f,f
ae,ae
ey,ih
iy,iy
r,r
p,p
ae,ae
ix,eh
z,s
ng,n
ah,ah
gcl,gcl
ay,ay
ah,l
ey,ey
dx,dx
eh,aa
bcl,dcl
z,z
ey,ey
sh,sh
zh,ch
ax,l
kcl,kcl
p,p
pcl,dcl
m,m
ow,el
ix,ix
t,g
aa,ao
ah,ah
aw,aw
ix,ix
m,m
ae,ae
iy,iy
iy,iy
w,w
w,w
z,s
ix,ix
ow,ow
s,z
p,p
s,s
oy,oy
f,f
l,ao
ng,ng
ix,ix
ix,ix
kcl,kcl
axr,axr
aa,aa
eh,eh
ix,y
iy,iy
ah,ah
s,s
ix,iy
ax,r
m,m
hv,hv
ey,ey
v,v
sh,sh
er,r
ix,ix
hv,axr
s,s
ix,ix
v,v
eh,ih
dx,dcl
s,s
iy,ix
ae,ae
iy,iy
r,r
ix,ix
eh,aa
k,k
er,axr
kcl,kcl
z,z
iy,iy
l,nx
aa,ao
tcl,tcl
f,f
axr,ax
m,m
aw,aw
eh,eh
z,z
r,ix
f,f
sh,s
n,n
w,uw
ao,oy
uw,ux
dx,g
r,r
ow,ow
eh,ih
s,s
tcl,tcl
v,v
bcl,bcl
ux,iy
t,t
l,ix
el,l
ax,ix
hv,n
ix,ux
eh,eh
pcl,pcl
gcl,ix
dcl,dcl
pcl,dcl
dh,tcl
n,n
dcl,dcl
dx,dx
iy,iy
el,el
s,z
ow,ao
ix,ax
ix,ix
jh,jh
ay,ay
ow,ow
ey,eh
ix,ix
ow,ow
bcl,bcl
ix,ix
t,t
ix,iy
el,el
er,er
er,er
ae,axr
g,g
aw,aw
k,k
s,s
eh,ax
dcl,dcl
l,m
k,ch
ay,ay
s,s
p,p
z,s
pcl,tcl
ix,en
iy,iy
l,l
l,l
pcl,kcl
r,ah
dh,kcl
ix,ax
oy,oy
k,k
n,dcl
t,t
n,n
ow,ow
q,q
dx,dx
kcl,kcl
hh,p
r,q
tcl,tcl
er,er
r,r
r,axr
d,t
ae,ae
f,f
w,w
z,z
iy,iy
nx,n
l,ax
m,n
dx,dx
dcl,dcl
ih,iy
s,t
q,q
m,bcl
s,s
r,r
hh,hh
ix,ix
ow,ow
oy,oy
bcl,bcl
jh,s
dcl,bcl
eh,eh
dx,dx
dcl,dcl
l,l
s,s
dcl,dcl
eh,ae
l,w
ey,ey
aw,aw
ix,ix
k,k
axr,r
tcl,tcl
q,q
aw,aw
ix,ix
tcl,tcl
s,s
iy,iy
dcl,tcl
r,r
y,y
eh,eh
s,s
ey,ey
dh,kcl
er,er
l,l
k,k
s,s
kcl,kcl
n,n
eh,eh
ay,ay
q,q
ao,aa
k,k
v,dcl
uh,ix
ix,ix
m,n
ae,ae
z,s
ix,ix
l,l
z,z
ow,ow
g,g
tcl,kcl
ao,ao
hv,hv
ng,n
ae,ae
tcl,tcl
ow,ow
aw,ae
n,m
s,z
m,n
bcl,pcl
kcl,kcl
tcl,tcl
m,m
ax,eh
n,m
n,n
l,l
ow,ow
s,z
eh,eh
ng,n
iy,iy
axr,r
el,q
oy,oy
k,k
r,r
s,s
iy,ix
l,w
ow,aa
iy,iy
bcl,tcl
w,w
bcl,tcl
iy,iy
r,r
ih,r
w,l
ae,ae
s,s
ax,dh
bcl,pcl
ao,ao
sh,sh
dx,dcl
p,p
l,l
dcl,dcl
w,n
uh,ix
iy,y
l,l
tcl,kcl
m,n
z,z
jh,jh
pcl,dcl
ae,ae
k,k
kcl,kcl
ih,ux
s,s
s,s
iy,iy
ow,ow
ix,ix
y,y
sh,sh
ux,iy
th,tcl
ay,ay
r,ah
t,t
ih,ix
kcl,kcl
tcl,kcl
ae,ae
kcl,kcl
z,z
kcl,d
w,l
eh,eh
jh,sh
ix,ix
sh,f
ae,ae
t,t
k,k
eh,eh
el,ao
n,dcl
m,n
z,s
ix,ow
r,ax
aw,aw
q,n
iy,iy
f,tcl
iy,iy
n,n
n,n
ae,eh
pcl,pcl
y,y
kcl,kcl
sh,sh
eh,eh
s,s
t,t
axr,axr
em,m
tcl,kcl
ae,ae
tcl,tcl
w,w
ae,ae
ix,dcl
n,n
iy,iy
iy,iy
ah,aa
r,r
s,s
axr,ix
dx,dx
r,r
ae,ae
hh,hh
g,g
s,s
r,r
kcl,kcl
s,s
ay,ay
ih,iy
axr,axr
s,s
ey,ey
bcl,tcl
kcl,kcl
ix,ih
tcl,tcl
w,l
sh,sh
bcl,bcl
axr,el
hv,ae
ix,ih
ey,ey
l,l
sh,sh
d,t
s,s
ow,ao
el,l
bcl,bcl
axr,er
tcl,kcl
ey,ey
kcl,kcl
f,f
ix,ix
axr,axr
en,n
axr,axr
ey,ey
el,ow
v,v
l,l
ae,ae
hh,tcl
ah,ah
er,er
hh,hh
s,s
k,k
f,f
p,k
ih,ix
l,ix
ae,eh
eh,er
uh,ax
aa,aa
eh,eh
ey,ey
s,t
s,s
ae,ae
q,q
bcl,kcl
bcl,bcl
n,n
hv,dx
ix,ih
l,l
kcl,kcl
n,n
dh,g
q,q
m,m
v,v
q,q
p,p
el,l
iy,iy
kcl,pcl
t,t
s,s
l,l
oy,oy
z,z
l,m
kcl,kcl
k,k
m,n
r,r
m,n
ih,ax
s,z
n,n
v,v
ax,l
r,r
dh,dh
gcl,dcl
n,n
ae,ae
s,sh
ax,ix
t,t
t,t
axr,axr
ae,ae
tcl,kcl
iy,iy
pcl,kcl
f,f
r,r
m,n
l,l
s,z
k,k
kcl,kcl
ax,l
ix,ix
ay,ay
axr,axr
dx,dcl
uh,ix
ax,ax
p,p
kcl,kcl
ae,ae
ao,ao
ae,ae
k,k
l,l
aa,ao
ey,ey
hv,hv
d,t
l,q
ch,ch
sh,sh
bcl,dcl
pcl,kcl
tcl,tcl
ix,axr
f,v
m,m
n,n
t,p
ih,ih
dx,dx
ax,ax
iy,iy
iy,iy
ch,jh
er,er
tcl,tcl
z,s
ch,sh
ix,ih
s,t
ey,ey
ay,ae
z,z
l,l
eh,ey
bcl,kcl
dx,dx
iy,iy
ih,ih
y,y
s,s
iy,iy
g,g
n,m
iy,iy
jh,f
ao,uh
m,m
ix,ix
l,l
iy,iy
axr,r
ih,iy
ih,iy
gcl,pcl
ao,ao
pcl,kcl
iy,iy
n,n
y,y
n,n
jh,s
kcl,tcl
t,k
r,r
eh,eh
s,s
ix,ix
q,q
iy,iy
ax,l
ix,ix
pcl,kcl
r,r
v,dcl
iy,ey
ix,ix
f,f
dcl,dcl
kcl,tcl
axr,axr
kcl,kcl
t,t
ax,ax
nx,nx
k,g
kcl,kcl
y,iy
tcl,tcl
k,kcl
l,l
t,s
eh,eh
n,n
ix,ix
dx,dx
bcl,dcl
ix,ih
l,nx
l,l
iy,y
aw,ow
s,s
m,m
n,n
axr,axr
gcl,gcl
dcl,dcl
n,n
r,r
dx,dcl
aw,aw
m,m
zh,sh
ow,l
ae,ae
r,p
t,t
th,z
k,k
ao,ao
q,q
r,n
dcl,bcl
n,n
ae,ae
s,s
l,l
q,k
ng,dx
dcl,dcl
kcl,tcl
k,k
p,t
ow,ao
n,n
ae,ih
el,el
bcl,gcl
ix,r
aa,eh
ah,ax
p,p
iy,iy
l,l
eh,eh
l,ax
s,s
r,axr
aa,aa
tcl,tcl
nx,n
ae,ae
d,k
m,n
f,dh
ow,ow
n,dcl
n,n
aa,ix
axr,r
z,z
ey,ey
sh,jh
el,ow
dcl,dcl
iy,iy
n,n
pcl,pcl
t,jh
p,p
ah,ae
z,sh
n,n
kcl,kcl
p,t
t,t
dx,n
r,r
pcl,kcl
w,w
l,l
m,v
w,w
q,kcl
ux,y
aa,eh
kcl,kcl
ax,oy
tcl,kcl
iy,iy
s,s
k,k
pcl,pcl
n,n
ey,ey
ch,jh
s,s
ix,ah
s,s
ay,ay
w,w
ao,ao
ax,ax
ih,ih
q,m
w,w
dx,dx
s,s
aa,axr
zh,jh
ux,iy
z,s
axr,r
oy,oy
el,ax
dh,dh
iy,iy
iy,iy
er,er
w,w
iy,r
pcl,pcl
v,pcl
ux,ux
ix,iy
uh,ih
iy,iy
nx,n
ix,ix
r,r
t,t
t,d
s,s
ae,ae
eh,eh
dx,g
ae,ih
hv,n
kcl,kcl
f,f
zh,sh
z,s
t,t
z,z
ix,r
ae,ae
kcl,dcl
r,r
z,z
ow,ao
en,n
ey,ey
tcl,kcl
ax,l
ax-h,v
ae,aw
pcl,pcl
ey,ey
tcl,kcl
axr,r
dx,dx
iy,iy
ix,ax
tcl,pcl
hh,hv
kcl,kcl
sh,sh
dx,dx
kcl,kcl
l,l
ax,ax
dcl,dcl
tcl,pcl
ae,ae
w,w
el,el
g,dh
ae,ae
bcl,pcl
dh,t
w,w
hv,ix
z,z
q,q
ey,ey
pcl,pcl
th,f
r,er
en,w
r,r
pcl,pcl
el,l
r,r
z,z
r,r
m,n
t,t
w,w
p,p
eh,ae
uh,ax
f,f
tcl,tcl
ae,ae
iy,iy
eh,eh
iy,iy
y,y
tcl,tcl
pcl,pcl
ch,t
q,q
ay,ay
l,dh
ah,aw
ey,ey
ae,ae
pcl,dcl
g,k
ih,ng
ih,iy
iy,iy
dh,z
kcl,kcl
bcl,pcl
gcl,gcl
gcl,gcl
iy,iy
s,z
l,l
gcl,dcl
k,k
tcl,dcl
ax,ax
ao,ao
r,r
g,dcl
aw,q
ae,ae
ih,ix
iy,iy
dcl,dcl
ih,ix
ey,ix
n,nx
oy,oy
r,r
ow,l
dh,s
ah,ax
ih,ah
g,p
n,n
iy,iy
ax,w
ey,ey
l,l
tcl,pcl
ux,y
l,l
ih,iy
ix,r
dx,n
s,s
ux,iy
ih,iy
ix,ih
t,dh
dh,dh
ao,ao
kcl,tcl
ao,ao
q,dh
ux,ux
ix,ih
q,q
kcl,kcl
ix,ix
aa,r
kcl,pcl
tcl,n
sh,sh
ng,ng
k,g
aa,aa
oy,oy
ae,ae
s,s
l,l
sh,t
z,z
r,r
ux,ix
r,r
kcl,f
n,n
pcl,pcl
m,n
ao,ao
ay,ay
r,r
eh,eh
ix,ax
pcl,pcl
ux,axr
ax,q
m,n
ah,ae
r,r
dx,ix
t,d
sh,sh
eh,ah
bcl,pcl
t,dh
p,p
s,s
aa,aa
ey,ih
hh,hv
aa,aa
ow,ow
ao,ao
m,n
n,n
t,s
n,n
iy,iy
ay,ay
l,l
s,s
ow,ow
ix,ix
iy,iy
l,l
pcl,kcl
pcl,pcl
en,m
q,q
el,uh
ih,r
z,s
l,ax
ey,iy
m,m
s,s
n,n
s,s
r,r
t,t
sh,sh
ch,jh
aa,ao
n,n
s,s
z,z
iy,iy
eh,ay
iy,iy
ih,ih
r,l
kcl,tcl
iy,iy
ix,ih
ix,ix
ih,ix
ao,aa
s,t
bcl,gcl
iy,iy
dx,dx
s,s
w,w
r,r
dcl,dcl
ow,ow
f,f
l,l
ow,ow
y,y
uh,uh
r,r
p,p
ao,ow
ax-h,ax-h
l,l
kcl,kcl
dcl,dx
ax,ix
eh,eh
tcl,tcl
ah,ah
s,s
t,t
n,ix
tcl,kcl
m,m
z,dh
l,l
ow,l
l,m
el,ow
ix,ix
t,t
ih,ix
ae,eh
eh,ix
tcl,kcl
ax,w
ax,axr
l,l
axr,r
v,pcl
s,z
m,m
aa,ao
n,m
m,n
k,k
k,k
dcl,dcl
ax,ax
ng,ax
tcl,tcl
iy,hv
eh,ix
ey,ey
w,w
ix,ix
kcl,dcl
z,z
ix,ix
ah,aw
kcl,kcl
jh,jh
k,k
eh,ix
r,r
s,s
s,sh
ae,ae
axr,axr
l,l
r,m
ao,ao
q,ey
r,m
g,k
s,s
ao,ao
f,f
tcl,tcl
s,s
t,t
p,p
aa,ao
f,f
eh,er
z,s
iy,iy
v,ax
iy,ih
er,axr
v,l
eh,eh
t,t
p,p
f,f
ix,ax
n,n
r,r
bcl,pcl
r,axr
ax,ix
ae,ae
kcl,tcl
axr,er
ax,ax
iy,iy
ix,r
tcl,tcl
f,f
m,n
n,ng
m,n
axr,axr
axr,axr
d,dh
tcl,kcl
v,v
pcl,kcl
p,p
ay,ay
ax,ax
ey,ey
ch,sh
iy,iy
l,l
ah,l
en,en
s,s
r,r
q,q
n,m
v,ix
aa,r
ao,ao
gcl,kcl
r,r
ch,ch
dcl,dcl
s,s
er,axr
hv,hv
t,t
n,ng
axr,axr
pcl,kcl
g,g
eh,eh
q,n
axr,er
ae,ae
dh,dh
n,n
l,ao
sh,s
eh,eh
ao,ao
en,dcl
z,z
aa,aa
ax,ao
bcl,dcl
l,l
m,m
ax,l
f,f
dcl,kcl
axr,q
ow,ah
jh,jh
ng,n
t,t
ux,ux
oy,ah
ow,ow
th,z
eh,eh
aa,aa
k,k
oy,q
n,n
ax,ix
m,m
p,p
tcl,dcl
p,hh
ix,ix
eh,ae
ah,ay
s,s
aa,aa
m,m
l,l
ih,ix
z,z
dcl,en
n,n
axr,r
tcl,tcl
q,q
hh,hh
q,dx
n,n
ay,eh
ih,ih
ux,ux
r,r
r,r
s,s
ih,ih
m,m
ix,r
s,s
tcl,tcl
s,s
ae,ey
w,w
r,r
ax,hv
er,er
g,g
k,tcl
l,l
ih,ih
dx,dx
iy,iy
n,n
pcl,pcl
f,f
ey,ey
nx,dx
n,dcl
d,d
ah,ao
ae,aw
ay,ay
ix,ix
s,s
t,t
ay,ay
n,ng
kcl,kcl
iy,iy
dcl,dcl
tcl,dcl
s,z
f,f
aa,aa
k,g
tcl,tcl
w,ax
ay,ay
bcl,pcl
ix,ix
gcl,gcl
ay,ay
l,l
dcl,tcl
ay,ey
dcl,dcl
s,s
kcl,kcl
ah,ah
g,g
l,ax
t,t
pcl,pcl
ix,ix
q,q
ey,ay
iy,ux
gcl,dcl
tcl,tcl
z,z
y,iy
n,n
p,p
pcl,kcl
r,r
kcl,kcl
ey,ey
eh,eh
m,m
t,f
ih,iy
n,n
z,z
n,n
ih,ih
y,y
dh,dh
kcl,pcl
dx,dx
kcl,kcl
tcl,kcl
ae,ae
tcl,pcl
em,n
kcl,kcl
g,k
m,m
axr,ih
dh,ax
v,bcl
er,er
l,q
s,s
dx,ax
v,r
iy,iy
iy,iy
m,m
k,k
ix,ax
v,v
dcl,dcl
q,tcl
ey,ey
sh,sh
eh,ow
r,r
s,s
k,k
w,m
eh,eh
dcl,dcl
eh,ih
iy,iy
t,t
y,y
k,k
n,n
ae,ix
dcl,dcl
aa,aa
q,r
iy,iy
dcl,dx
tcl,kcl
tcl,pcl
ey,ey
y,iy
ax,ax
n,n
hv,hv
en,ix
s,s
ax,ih
gcl,gcl
iy,iy
r,n
tcl,kcl
ao,ao
tcl,kcl
v,v
ao,m
tcl,kcl
v,v
axr,r
m,m
er,m
ih,ix
pcl,pcl
aa,aa
t,g
m,m
t,t
eh,ae
d,d
y,y
eh,eh
th,th
sh,sh
hh,hh
r,ix
ih,ix
ix,n
dh,dh
t,t
kcl,kcl
sh,sh
ao,ao
tcl,tcl
hh,p
n,m
n,n
z,s
z,s
t,k
m,m
aw,aw
l,l
b,k
l,q
r,r
ae,eh
s,s
sh,sh
m,m
ih,ix
s,s
l,aw
q,q
pcl,pcl
r,axr
dx,dcl
ao,aa
l,l
y,y
aa,r
ux,ix
t,t
ih,ih
s,s
ix,hv
ey,ey
oy,oy
t,t
f,f
iy,iy
k,p
iy,iy
dcl,dcl
eh,ae
bcl,bcl
n,dx
k,k
kcl,tcl
p,p
tcl,pcl
ih,r
kcl,k
iy,iy
gcl,dcl
iy,iy
ih,ix
iy,iy
l,l
ix,ix
iy,r
s,z
pcl,dcl
ao,l
em,m
kcl,kcl
tcl,tcl
pcl,kcl
uh,ah
t,t
n,n
z,z
axr,axr
tcl,tcl
l,ax
n,m
t,t
ah,ao
tcl,tcl
oy,oy
ih,ix
m,m
pcl,pcl
ih,d
v,v
hh,hv
s,hh
ux,ux
ix,ix
s,s
ah,aw
ih,ih
em,n
ih,iy
s,s
tcl,dcl
sh,sh
dh,dh
dcl,dcl
tcl,pcl
s,s
q,q
aa,aa
k,k
ix,dh
l,ax
n,m
sh,sh
s,s
z,s
ao,ow
dh,dh
gcl,dcl
g,g
m,m
hv,hv
iy,iy
hv,hv
kcl,kcl
axr,axr
t,ix
eh,eh
r,r
m,n
ao,ao
ey,ey
eh,eh
l,el
ao,ao
uw,ix
s,s
ng,r
bcl,dcl
tcl,pcl
uh,ix
aa,aa
d,jh
axr,r
axr,axr
tcl,q
ah,ix
ix,ix
t,t
ay,ay
r,r
ey,ey
m,m
ao,ao
ng,m
l,l
tcl,tcl
iy,iy
s,s
iy,iy
kcl,dcl
iy,iy
m,m
l,ax
l,l
kcl,tcl
s,s
sh,sh
ch,s
p,p
pcl,kcl
z,jh
tcl,kcl
s,s
eh,axr
eh,ih
ax,l
t,t
ow,ah
q,q
r,r
n,m
s,s
y,iy
r,r
ow,ow
p,p
m,n
k,g
ax,n
iy,ey
l,ax
ey,iy
ae,ae
f,v
z,z
p,p
dx,dcl
dh,dh
ih,ix
ay,ay
k,p
f,f
q,q
ay,ay
iy,iy
bcl,bcl
d,t
z,s
n,n
aa,ay
sh,sh
ng,n
bcl,bcl
en,n
dcl,m
dcl,dx
ae,ae
t,t
tcl,dcl
ax,ax
iy,iy
g,g
m,m
uh,ax
dcl,dcl
v,gcl
oy,r
er,er
n,n
k,p
ay,ay
s,s
s,s
ih,ix
hv,hv
dcl,dcl
ae,ae
iy,iy
m,m
pcl,pcl
kcl,kcl
l,l
iy,iy
g,k
bcl,dcl
r,r
ix,eh
eh,ae
r,r
s,s
f,f
q,axr
s,s
tcl,kcl
kcl,kcl
p,p
ax,ix
aa,ao
ix,ix
er,r
s,s
tcl,tcl
ih,ih
ix,ix
ey,ih
aa,aa
er,axr
iy,iy
l,l
iy,ix
l,l
k,t
l,dcl
dcl,dcl
dh,dh
hv,n
n,m
r,r
ao,er
s,s
ao,w
s,t
n,m
q,q
iy,ux
tcl,tcl
l,ax
eh,eh
iy,iy
z,s
ow,ow
ao,ao
hv,ih
l,l
w,w
m,n
r,r
gcl,dcl
er,er
y,iy
nx,dx
t,f
ch,t
m,m
ey,ih
m,m
r,r
q,q
iy,iy
hh,hh
axr,ix
kcl,kcl
m,m
q,q
tcl,tcl
eh,ih
eh,eh
bcl,bcl
k,k
axr,axr
l,l
kcl,pcl
zh,sh
ax,ax
k,k
l,l
v,m
aa,ah
ix,ix
uh,ax
v,v
ix,ih
iy,iy
ao,aa
hv,hv
z,z
p,p
r,r
oy,oy
p,p
l,ow
eh,eh
m,m
n,n
oy,oy
w,w
q,q
ih,ih
pcl,tcl
ow,l
z,z
l,ao
k,t
r,r
w,p
l,w
axr,axr
en,n
s,s
ih,iy
l,l
tcl,tcl
k,k
ao,ao
ah,ih
tcl,pcl
ae,ae
r,r
s,s
tcl,kcl
s,s
ix,ix
d,dh
r,er
ay,ay
ae,ae
eh,eh
m,n
kcl,kcl
n,n
tcl,kcl
w,l
ao,ao
ix,axr
ao,ao
kcl,kcl
uw,ao
ae,aa
w,w
dcl,v
tcl,kcl
hv,dx
iy,ix
eh,eh
ow,ow
eh,ih
ey,iy
z,s
dcl,gcl
iy,iy
kcl,pcl
axr,axr
m,n
ae,ae
m,n
ix,ix
axr,axr
hv,hv
dx,dx
iy,iy
z,sh
q,q
k,k
kcl,kcl
q,q
ao,ao
s,s
ax,ax
pcl,pcl
iy,ey
v,v
ae,eh
r,r
n,n
ae,ae
jh,t
iy,iy
ux,ix
q,ix
kcl,kcl
ah,ah
ux,el
n,l
ih,eh
eh,axr
ih,ih
aa,ae
ax,ax
ix,r
ix,axr
dcl,dcl
iy,iy
f,f
d,d
z,s
k,k
k,k
g,k
r,r
ix,n
ao,ao
n,dcl
ah,eh
f,f
v,dcl
axr,axr
ey,iy
l,l
tcl,tcl
ih,ih
n,m
nx,n
n,n
eh,eh
s,s
eh,eh
aa,aa
n,n
q,q
s,s
tcl,tcl
axr,axr
dcl,dcl
s,s
m,n
oy,oy
ow,ow
k,k
r,iy
s,s
m,m
r,r
k,k
t,s
gcl,m
r,r
hh,hh
ah,ae
dcl,dcl
axr,r
f,f
bcl,dcl
ay,ay
aa,aa
ay,ay
ix,ix
ay,ay
ix,ix
ix,eh
n,n
gcl,tcl
jh,jh
kcl,kcl
th,f
ay,aa
dx,dx
en,hv
l,l
ih,ih
n,m
ae,ae
axr,axr
t,t
p,k
iy,iy
ae,ae
axr,er
k,k
aa,ao
sh,sh
hv,hv
w,w
dcl,dcl
bcl,tcl
w,l
tcl,dx
ih,r
ix,ix
en,n
iy,iy
q,q
r,r
ax,ax
ix,ix
m,n
ae,ae
iy,iy
q,q
s,z
dcl,dcl
eh,eh
tcl,pcl
s,s
b,p
tcl,tcl
ix,ix
kcl,kcl
ng,n
n,n
sh,sh
hh,p
n,n
r,r
tcl,dcl
jh,jh
kcl,kcl
t,d
w,w
k,k
n,n
s,s
kcl,kcl
ay,ay
m,m
ih,ih
pcl,pcl
aa,aa
ix,ih
dcl,dcl
ay,ae
q,kcl
oy,oy
kcl,kcl
ao,aa
z,z
kcl,dcl
ih,ix
l,l
n,n
s,s
tcl,n
z,s
th,th
iy,ux
k,k
d,dh
en,en
n,m
k,k
ix,ih
s,s
s,s
gcl,gcl
ah,ah
ao,ao
k,k
eh,eh
iy,iy
dcl,dcl
ix,ax
k,k
s,s
dcl,dcl
z,jh
iy,iy
aa,ow
eh,eh
f,f
iy,iy
sh,sh
axr,axr
k,k
s,s
z,s
iy,iy
bcl,bcl
q,q
axr,r
z,z
w,w
q,q
r,r
ih,ih
ux,ux
ey,ey
jh,jh
eh,eh
iy,iy
r,axr
l,l
ey,ow
ng,ng
ix,en
ng,n
dx,dx
q,ax
t,s
r,w
s,s
pcl,kcl
kcl,kcl
ah,ax
s,s
dcl,dcl
kcl,kcl
iy,iy
n,n
b,l
r,axr
axr,r
t,t
ow,ao
w,w
l,r
bcl,bcl
w,w
axr,axr
n,nx
iy,iy
tcl,q
kcl,kcl
kcl,kcl
t,t
s,sh
aa,ao
eh,ae
ao,l
t,t
ax,ax
t,t
m,m
ix,ix
t,t
s,s
el,el
r,m
ae,ae
uh,ah
eh,aa
l,ih
uw,l
nx,l
z,z
n,n
ih,ix
aw,aw
uw,ux
ah,aw
bcl,dcl
kcl,k
ih,ih
dh,dh
axr,ih
g,g
eh,r
g,dcl
n,n
y,y
dcl,dcl
ao,ao
z,z
dh,dh
pcl,dcl
er,er
ix,iy
s,s
ux,r
dh,dcl
sh,sh
axr,axr
t,t
aa,ao
er,er
k,g
p,p
ng,ux
dh,dh
axr,axr
dx,dcl
n,n
k,k
q,q
ah,eh
aa,aa
ix,axr
iy,iy
ax,q
ih,ih
ey,ey
n,n
ih,ih
sh,s
uh,ao
sh,f
ax,ax
l,l
r,l
gcl,dx
t,t
d,d
s,s
w,w
y,y
l,l
pcl,kcl
iy,iy
ix,ix
hv,hv
l,l
iy,iy
ah,ao
ix,eh
v,v
ey,iy
w,w
ow,ow
pcl,dcl
ux,ux
eh,r
m,m
f,f
m,n
r,l
ix,r
ax,ax
n,n
l,ao
z,z
f,f
r,r
p,p
ix,ix
l,dh
l,el
iy,iy
nx,nx
r,r
k,p
bcl,n
k,k
dcl,dcl
l,ax
ey,eh
iy,iy
v,dh
dcl,dcl
n,n
dh,dh
s,s
eh,ah
tcl,pcl
gcl,dcl
aa,aa
hv,hv
n,n
ng,ng
n,n
r,r
ih,eh
gcl,dcl
f,f
ax,ix
dcl,dcl
k,k
p,p
ah,ah
f,f
uh,ih
m,m
ih,ix
ix,ix
aa,aa
ey,ey
dcl,dcl
w,w
s,s
p,p
ix,dcl
z,z
pcl,pcl
v,v
q,q
ax,ax
ng,n
v,dcl
n,n
ih,ux
tcl,dcl
n,n
v,v
pcl,pcl
axr,axr
q,q
pcl,pcl
m,l
ae,ae
ih,ih
n,m
n,n
dcl,dcl
tcl,kcl
v,m
ao,ao
ix,ix
dcl,tcl
hh,hh
aa,ao
tcl,dcl
ux,ux
t,t
s,s
ey,ae
er,er
n,n
v,v
jh,sh
ay,aa
ix,ix
k,k
ih,ih
eh,hv
g,g
dcl,kcl
tcl,tcl
z,z
axr,ix
axr,axr
tcl,tcl
dh,kcl
s,s
el,el
el,l
k,k
axr,axr
iy,iy
k,k
ah,ix
ah,aa
p,p
er,axr
eh,ih
s,s
ax,ow
ow,ow
eh,eh
l,w
l,l
t,t
w,ao
sh,sh
dcl,dcl
w,w
eh,eh
hh,dcl
aw,eh
r,er
gcl,dcl
w,w
bcl,m
dx,dcl
n,hv
p,p
f,f
iy,iy
kcl,dcl
t,t
eh,eh
l,l
axr,r
y,iy
er,ax
ah,oy
sh,sh
em,m
pcl,tcl
m,m
ax,l
ow,ow
r,r
k,k
r,er
ix,ix
pcl,kcl
r,r
kcl,kcl
l,ax
s,s
el,l
q,w
tcl,dcl
iy,iy
er,r
sh,sh
p,p
n,gcl
p,p
ih,ih
r,axr
r,r
kcl,tcl
k,dh
tcl,kcl
dh,dh
tcl,kcl
ah,ah
t,d
l,l
th,th
axr,axr
dcl,tcl
ae,ae
kcl,kcl
ow,l
bcl,bcl
ay,ao
s,s
q,q
k,k
axr,axr
ao,ow
dcl,pcl
ch,t
m,m
r,r
s,s
tcl,tcl
iy,iy
ih,ix
ix,ix
kcl,kcl
ey,ey
l,l
ix,ix
ao,ao
p,p
iy,y
l,l
eh,eh
tcl,dcl
w,w
z,s
ih,ax
m,n
r,r
aa,ao
f,f
w,w
ix,ax
ng,n
jh,jh
iy,iy
w,w
r,r
axr,r
kcl,pcl
z,sh
hv,hv
dh,dh
tcl,pcl
tcl,kcl
dh,dcl
d,jh
k,k
tcl,z
ix,ix
r,r
ix,ix
dh,dh
s,s
b,dh
axr,r
z,z
aa,aa
sh,sh
ao,ao
r,r
v,dh
m,m
aa,ao
m,p
iy,iy
s,s
r,r
aa,aa
n,n
ae,ay
kcl,kcl
t,d
dh,z
s,s
ix,ih
r,r
f,f
dh,n
ao,ao
ng,ng
t,t
er,er
ax,ax
s,s
iy,ih
ih,ih
aa,aa
en,m
dh,dh
n,n
z,z
ix,ix
ae,ae
m,m
ih,ix
r,r
k,g
ae,n
eh,eh
tcl,w
dcl,tcl
er,eh
ow,ow
er,er
ay,ay
kcl,kcl
axr,er
s,s
s,s
ao,w
iy,iy
iy,iy
ao,ao
gcl,n
iy,iy
z,z
r,r
ae,hv
l,l
pcl,bcl
s,s
ix,l
ix,ix
tcl,kcl
tcl,tcl
eh,ah
r,r
l,v
dh,dh
iy,axr
z,z
q,q
dh,dh
n,dcl
s,s
y,y
q,q
iy,iy
ao,ao
t,p
ax,ax
p,k
k,k
eh,ix
er,axr
ow,ow
ay,ay
m,m
ng,m
y,y
ao,ao
kcl,dcl
el,el
q,q
g,k
sh,sh
dh,dcl
ae,ae
l,l
th,z
hh,hh
ix,dh
ux,ih
d,d
dx,dcl
l,n
p,p
ax,ah
t,k
uw,ix
er,ih
n,n
sh,sh
d,t
p,p
kcl,kcl
ao,ao
l,l
kcl,kcl
q,tcl
iy,iy
ix,ix
dx,dx
n,n
g,k
tcl,kcl
ow,ow
ih,ih
r,w
ay,ay
tcl,tcl
dcl,dcl
w,w
dh,ix
r,r
pcl,pcl
l,w
dcl,dcl
ix,ix
tcl,tcl
m,n
g,k
aw,aw
w,l
r,r
dcl,gcl
l,l
s,s
ix,ix
ix,axr
ao,w
s,s
axr,axr
el,el
er,er
ax,l
ng,dcl
r,r
dx,dcl
ih,ix
s,s
th,th
sh,sh
eh,axr
v,v
ey,ey
aa,aa
t,t
f,f
iy,iy
n,dcl
r,r
t,t
tcl,dcl
n,n
dcl,dcl
v,v
axr,axr
ey,ey
n,m
ix,dh
m,n
l,l
tcl,dh
dcl,dcl
ih,ix
k,k
ow,ah
ae,ae
kcl,kcl
iy,iy
kcl,kcl
iy,iy
uh,l
iy,iy
p,p
ux,ux
hv,hh
sh,sh
t,d
tcl,pcl
w,w
l,w
kcl,gcl
dx,kcl
tcl,kcl
t,t
ih,ix
q,q
m,l
k,k
tcl,dcl
ao,ao
tcl,kcl
ah,aa
s,s
k,k
gcl,n
l,l
ao,ay
ax,ix
ix,ax
ax,ax
ow,ow
eh,ae
iy,iy
g,dh
t,ax-h
m,r
sh,sh
ix,iy
iy,iy
ch,jh
ow,el
y,iy
bcl,bcl
tcl,tcl
k,k
ng,n
ax,axr
l,ax
dh,n
l,l
bcl,n
ix,ix
ch,ch
eh,ih
ix,ix
axr,axr
p,p
l,r
zh,ch
ix,ih
pcl,pcl
iy,iy
r,r
w,w
t,k
bcl,dcl
ch,ch
eh,ah
hv,hv
r,r
kcl,tcl
ih,ih
iy,iy
n,n
dcl,dcl
dcl,dcl
y,iy
iy,ey
s,s
ix,eh
p,p
ix,iy
t,t
q,q
kcl,kcl
axr,axr
ix,ix
ih,axr
r,ao
f,f
kcl,kcl
ax,l
dcl,kcl
m,n
er,er
tcl,kcl
ow,ah
r,r
n,n
k,k
v,v
em,m
ih,ix
pcl,pcl
dcl,dcl
ay,ae
ax,ix
iy,iy
aw,l
t,t
s,s
aa,ay
dh,kcl
n,n
z,s
s,s
eh,ae
ax,ax
l,l
hv,ux
l,l
pcl,pcl
iy,ih
r,r
en,n
gcl,dcl
eh,eh
dcl,dcl
n,n
s,s
ax,ix
bcl,dcl
v,z
m,m
n,n
s,s
dcl,dcl
eh,eh
l,l
eh,ih
z,z
kcl,kcl
ae,ae
sh,s
iy,iy
pcl,kcl
hh,hv
kcl,kcl
iy,iy
ae,ey
uh,ix
ax,ix
dcl,dcl
ix,ix
f,f
l,l
kcl,tcl
r,axr
m,g
ae,ae
v,v
s,s
ng,n
ch,jh
tcl,kcl
w,w
iy,iy
n,n
tcl,dcl
dcl,n
ix,ih
ow,ow
y,iy
l,l
m,dh
ix,r
pcl,kcl
dcl,dcl
p,f
ae,ae
dh,t
ih,iy
axr,ux
t,t
ey,ih
er,r
ey,ix
ix,eh
l,l
r,r
ah,ax
ix,ix
z,z
eh,ix
er,er
n,dcl
ae,ae
kcl,kcl
ih,ix
kcl,kcl
kcl,kcl
ae,ae
eh,ae
sh,sh
hh,hh
r,r
ae,ae
kcl,k
em,m
p,p
ey,ih
l,l
r,r
tcl,v
tcl,tcl
iy,iy
aa,aa
ey,ey
ix,ix
eh,eh
l,l
tcl,tcl
s,s
q,tcl
ay,ay
r,r
z,z
l,l
dcl,kcl
jh,ch
tcl,tcl
ux,iy
l,l
jh,jh
ao,ow
ae,ae
r,r
ao,ao
iy,iy
tcl,kcl
dx,dx
dh,kcl
iy,iy
eh,ih
ih,ih
sh,sh
sh,sh
eh,ih
ix,ix
ay,ay
er,er
v,v
ow,l
gcl,tcl
ih,iy
tcl,m
m,m
iy,iy
n,n
ax,w
aa,aa
l,l
ey,ey
ae,ae
ow,ow
ah,eh
n,ng
w,w
q,q
k,k
q,q
ux,ix
sh,sh
aa,aa
sh,sh
k,p
gcl,dcl
kcl,kcl
ow,ao
z,s
tcl,tcl
b,dcl
tcl,tcl
axr,axr
ae,ae
v,v
n,n
ch,sh
q,q
ih,eh
ae,ae
ae,ae
n,n
ix,ux
r,r
b,jh
oy,oy
ae,ae
n,n
r,r
s,s
pcl,pcl
er,er
en,en
l,l
ae,ae
ax-h,kcl
w,w
ih,ih
s,s
k,k
z,s
s,s
ax,v
ax,l
ix,ix
kcl,kcl
w,w
w,w
ax,ah
ih,iy
iy,iy
v,v
aw,aa
jh,jh
tcl,q
ah,ah
kcl,tcl
s,s
axr,axr
iy,iy
t,t
m,n
dh,dh
ow,ow
f,f
el,el
l,l
k,k
m,dh
ah,ah
d,d
w,w
ih,ax
n,en
iy,iy
iy,iy
tcl,tcl
tcl,pcl
ae,ae
iy,iy
ow,ow
ih,ix
ae,ae
ae,ix
ax,ax
el,l
z,z
m,n
bcl,dcl
iy,iy
sh,sh
kcl,kcl
n,n
p,p
dx,dx
bcl,bcl
g,dcl
aa,aa
dcl,tcl
y,y
s,s
k,k
gcl,gcl
ix,ux
s,sh
pcl,tcl
s,s
iy,ix
w,w
dh,d
uw,uw
l,l
r,er
jh,jh
l,l
l,l
ow,r
t,t
l,l
z,z
ix,ix
aw,aw
sh,sh
d,dx
q,q
aw,aw
r,r
t,f
n,n
dh,dh
oy,oy
zh,sh
q,q
tcl,tcl
axr,dx
k,tcl
tcl,tcl
ix,ix
ix,ix
en,m
s,s
ix,ih
s,s
s,s
ux,ux
iy,iy
sh,sh
eh,ih
r,m
kcl,kcl
f,f
ay,aa
l,l
t,t
gcl,tcl
tcl,dcl
s,s
ix,ix
tcl,dcl
s,s
el,uh
ih,iy
sh,s
t,t
ux,ux
ae,ae
pcl,kcl
ix,ix
t,t
n,dcl
ae,ae
axr,axr
sh,sh
kcl,kcl
axr,axr
k,k
s,z
l,l
ix,ix
ey,ey
aa,ah
gcl,dcl
eh,ix
ow,ow
iy,iy
m,n
q,q
kcl,kcl
f,f
ay,hv
ix,ix
v,z
ae,ae
l,l
ih,ih
ih,ih
f,f
bcl,bcl
v,v
ax,ix
ah,ah
kcl,kcl
ih,y
er,r
dcl,dcl
t,t
ao,l
axr,axr
ix,ix
dx,p
s,s
l,l
ae,eh
ch,sh
ix,ix
gcl,dh
ax,ax
r,axr
n,n
eh,eh
eh,axr
el,l
pcl,pcl
r,r
ih,ih
dh,dh
dcl,tcl
iy,iy
ih,ux
dh,hh
kcl,dcl
tcl,tcl
s,s
em,m
axr,ix
s,sh
ix,n
ao,ao
tcl,dcl
dcl,tcl
s,s
r,r
q,q
kcl,kcl
ih,ah
g,r
f,dh
tcl,q
tcl,dcl
ix,ix
ix,ix
t,jh
aw,aw
s,s
t,k
r,r
ix,ih
ih,iy
ih,ix
ae,ae
k,k
s,s
dx,dcl
ax,ax
r,w
s,s
axr,axr
l,ow
ax,ax
aa,aa
w,w
l,l
w,w
tcl,pcl
tcl,kcl
ax,ix
axr,er
eh,eh
er,axr
ix,ix
aa,r
p,p
n,ax
bcl,m
pcl,kcl
ix,ix
dh,dh
n,n
ey,ey
l,ix
ao,ao
r,er
tcl,kcl
gcl,pcl
s,s
n,n
ix,ix
m,m
g,g
ay,ay
ih,iy
ey,ay
ax,ix
hh,hv
s,s
n,n
ih,iy
m,m
ix,l
s,s
q,ng
kcl,bcl
oy,oy
dh,d
pcl,pcl
ey,ey
ix,iy
aa,ah
n,n
r,r
n,ng
ax,ix
gcl,tcl
ah,ah
s,s
kcl,kcl
eh,eh
ae,eh
g,g
hh,p
p,k
ah,ix
ih,ix
tcl,tcl
k,k
w,w
m,m
g,k
ax,ix
s,s
eh,ah
iy,iy
n,m
l,l
ix,iy
ay,ay
r,r
axr,axr
l,l
pcl,pcl
z,z
en,m
pcl,pcl
eng,n
tcl,tcl
s,s
sh,sh
dcl,dcl
dh,th
axr,axr
aa,aa
m,m
dx,v
n,d
iy,iy
w,w
k,k
eh,er
l,l
w,w
tcl,tcl
sh,sh
t,t
p,p
aa,ao
aw,aw
iy,iy
iy,iy
hv,hv
ih,ih
ix,ix
n,m
axr,aa
ae,ae
uh,axr
t,k
ix,r
s,s
ix,ix
ae,ae
axr,axr
f,s
n,n
iy,ix
l,l
sh,ch
n,n
m,m
r,r
r,r
w,w
f,f
dcl,dcl
eh,er
axr,axr
bcl,bcl
k,p
y,dcl
ih,ih
k,k
t,kcl
l,l
er,er
t,p
kcl,kcl
m,m
s,s
r,aa
ey,iy
axr,er
s,s
ix,ix
ey,ey
dcl,dcl
ay,ay
ay,ah
l,l
dcl,dcl
dcl,dcl
p,k
ih,ix
ay,ay
er,eh
pcl,tcl
z,s
t,t
iy,iy
m,m
r,r
aa,aa
ax,eh
l,l
gcl,gcl
k,k
r,r
iy,iy
q,q
aw,aw
er,er
iy,iy
gcl,dcl
aw,aa
l,l
k,s
ay,ay
ix,ix
m,m
z,z
f,kcl
en,ax
tcl,tcl
ax,ix
ux,iy
g,g
s,s
ao,ao
m,n
w,w
v,f
ix,axr
l,l
d,k
ax,ix
k,k
bcl,v
t,t
ae,ae
aa,aa
dcl,dcl
el,l
f,f
ao,ao
iy,ix
aa,aa
kcl,kcl
tcl,tcl
w,w
sh,sh
g,k
y,ix
kcl,k
z,s
axr,er
ih,ih
q,w
sh,sh
t,t
ih,iy
ch,jh
ah,ah
l,l
z,z
t,p
eh,ih
iy,iy
m,m
dcl,dcl
gcl,kcl
axr,r
k,k
q,q
kcl,kcl
bcl,pcl
l,w
z,s
tcl,tcl
k,tcl
jh,jh
axr,r
axr,r
axr,axr
tcl,tcl
v,v
l,w
dcl,dcl
n,m
z,z
l,l
tcl,q
ow,l
f,f
ax,uh
ow,ow
tcl,tcl
ix,ix
dcl,dx
aa,aa
q,w
eh,eh
n,dcl
ix,ih
y,tcl
ah,ax
ae,ae
kcl,kcl
ay,ah
ay,ay
ey,ey
p,p
ih,ih
iy,iy
uh,ih
dh,n
iy,y
axr,r
l,l
ey,ey
kcl,kcl
ih,ix
iy,iy
dh,dh
ax,l
dcl,dcl
ae,ae
iy,iy
s,z
iy,iy
v,v
dh,dh
axr,axr
s,s
axr,axr
aa,ao
kcl,dx
t,t
s,s
eh,eh
k,k
ey,ey
kcl,kcl
w,w
uw,uw
n,n
s,s
ae,eh
ix,ix
ax,ah
m,n
oy,oy
dcl,dcl
gcl,dcl
r,r
r,m
ae,ae
hh,k
ay,ay
y,ux
aa,aa
dh,dh
ih,eh
p,g
ah,ax
z,dcl
dh,dh
zh,tcl
m,ng
l,ax
m,m
g,g
ao,ao
kcl,kcl
m,m
z,s
ih,ih
l,ix
tcl,kcl
ey,ey
iy,iy
oy,oy
pcl,pcl
axr,axr
q,q
ng,n
ix,ix
jh,jh
dcl,dcl
y,iy
eh,eh
axr,axr
er,axr
eh,ix
axr,r
m,m
iy,iy
aa,ay
z,z
hv,hv
n,n
ao,ao
f,f
q,kcl
sh,sh
s,s
n,ix
kcl,kcl
uw,ux
m,m
iy,iy
w,w
kcl,kcl
s,s
oy,oy
dh,dh
ay,ay
iy,iy
z,z
ae,ae
ae,ey
kcl,kcl
axr,r
aa,ae
p,p
ix,ix
hh,tcl
pcl,tcl
ay,ao
d,d
iy,iy
y,dx
s,s
pcl,dcl
sh,s
dcl,dcl
m,m
ae,ae
ux,ux
t,t
s,s
z,z
m,n
z,jh
ix,ax
tcl,kcl
t,t
sh,sh
r,er
ey,ix
nx,n
r,ix
ih,ix
d,t
ix,ix
v,v
hh,hh
ax,ix
dx,ax
z,s
v,v
iy,iy
jh,jh
ix,eh
ng,m
r,ax
sh,sh
s,z
ng,l
n,n
kcl,kcl
ux,ux
l,l
n,n
r,r
t,t
ey,ey
ow,ow
y,y
z,z
k,k
kcl,kcl
tcl,tcl
er,er
hv,hv
s,s
v,bcl
v,v
iy,iy
tcl,bcl
ix,ih
ae,ae
axr,axr
l,q
s,s
ux,ux
l,ax
r,r
dh,dh
ow,ow
axr,ax
l,l
er,er
r,r
ix,ix
ix,ix
hh,hh
s,s
l,ow
l,l
t,t
s,s
ow,ow
el,ao
ah,eh
ah,aa
tcl,dcl
tcl,kcl
eh,eh
ux,y
zh,sh
aa,aa
bcl,pcl
ix,iy
ay,iy
en,en
sh,sh
w,w
f,f
b,p
f,th
eh,eh
hh,p
iy,iy
axr,r
er,er
tcl,kcl
ay,ay
l,l
p,k
ix,ix
z,z
s,s
ow,ow
kcl,kcl
l,l
ux,ux
uw,ix
ae,ae
ae,ae
n,n
ix,ih
l,l
eh,ae
f,f
ao,ao
el,el
r,axr
pcl,pcl
ih,iy
eh,eh
bcl,bcl
ih,iy
n,n
r,r
el,l
eh,ae
iy,iy
ey,ey
ae,eh
ih,ix
t,t
ow,aw
t,s
bcl,bcl
q,p
ch,ch
ah,ow
s,dh
s,s
ux,ix
dcl,tcl
kcl,kcl
dcl,dcl
n,m
tcl,dcl
uw,ow
ix,ix
ow,ao
ix,ix
ih,ix
kcl,kcl
f,th
el,el
ih,iy
v,v
eh,l
w,w
jh,t
gcl,iy
pcl,pcl
s,s
ix,ih
w,w
d,t
iy,iy
t,t
pcl,pcl
aa,aa
hh,hh
y,iy
ey,ey
l,l
iy,iy
oy,oy
r,r
eh,ah
r,r
z,dh
ix,ih
ey,ey
z,s
f,f
q,k
n,n
en,n
pcl,tcl
ih,ix
l,l
iy,iy
tcl,pcl
eh,eh
iy,ih
jh,jh
ah,ah
el,el
ah,ah
y,iy
ao,ao
kcl,tcl
ay,ay
hv,ix
pcl,tcl
ay,ay
s,s
t,t
pcl,kcl
ao,aa
ay,ay
dcl,dcl
ix,ix
l,m
l,l
s,s
ih,ih
g,kcl
l,m
s,s
ao,ow
tcl,kcl
tcl,tcl
s,s
l,l
g,p
d,l
n,n
iy,iy
kcl,kcl
ax,l
dcl,dcl
ao,ao
aa,aw
p,k
ih,ix
ay,ay
l,l
ix,ix
aa,aa
iy,iy
t,jh
tcl,dcl
z,s
axr,axr
q,q
s,s
ow,ow
d,dh
t,d
iy,eh
ix,ix
ng,ng
w,w
iy,iy
ow,axr
ae,ae
s,s
ix,ix
r,r
k,kcl
d,p
s,s
kcl,kcl
s,s
ux,ux
ah,eh
y,iy
sh,sh
ey,ey
m,m
ay,aw
ix,ix
ey,ih
axr,axr
eh,ey
ey,ey
uh,ih
dh,dh
n,n
ix,ix
dx,d
gcl,dcl
n,m
dcl,dcl
dh,s
dx,dx
tcl,tcl
ax,ax
ih,ix
s,s
r,r
n,n
ah,aa
axr,r
iy,iy
eh,ax
el,ow
l,l
n,q
iy,iy
eh,ix
r,r
dcl,gcl
s,s
oy,ao
n,n
l,ow
s,s
aa,aa
tcl,tcl
eh,ix
s,s
q,q
dcl,dcl
q,l
ih,ix
kcl,kcl
n,n
kcl,kcl
tcl,dcl
r,l
s,th
ix,iy
m,n
ih,ix
ae,ae
dcl,dcl
iy,iy
l,l
r,ix
s,sh
dh,dh
pcl,pcl
zh,sh
ih,q
p,f
tcl,kcl
iy,iy
n,n
tcl,tcl
l,l
n,n
m,n
ix,ih
y,kcl
ow,ow
t,t
z,z
q,q
y,y
ix,ix
eh,ae
r,ix
w,w
axr,axr
ix,eh
ax,ah
w,r
y,y
n,ng
r,r
ah,ix
ih,iy
ao,oy
th,tcl
ix,ix
pcl,pcl
s,s
l,l
dx,kcl
t,t
aa,ao
kcl,tcl
eh,eh
er,er
hv,iy
pcl,pcl
bcl,pcl
ow,l
pcl,kcl
s,s
t,t
ae,ah
th,th
f,f
l,l
aa,aa
ae,eh
iy,ih
r,r
w,w
z,z
y,y
y,y
iy,iy
z,s
q,ix
kcl,kcl
aa,aa
m,m
pcl,tcl
ih,ix
dcl,kcl
iy,iy
ay,ae
bcl,bcl
iy,iy
ix,ix
r,r
ay,ay
er,axr
s,s
ix,q
ix,ix
r,r
eh,er
ax,ax
ix,ix
axr,ix
w,w
tcl,tcl
eh,eh
ay,ay
kcl,kcl
ow,ow
m,m
iy,iy
z,z
l,el
ih,y
q,q
pcl,pcl
er,er
k,k
en,n
aa,ao
ix,ux
ih,ih
tcl,tcl
dcl,dcl
f,th
ih,ih
l,ih
iy,iy
s,s
r,r
p,p
ow,ow
ax,l
jh,jh
dcl,dcl
pcl,pcl
ih,eh
m,m
q,q
v,v
r,r
hv,k
er,er
ae,ae
s,t
m,n
ow,aa
k,k
gcl,dcl
v,v
s,s
sh,sh
n,n
dcl,tcl
k,t
tcl,dcl
ae,ae
kcl,kcl
eh,ae
q,tcl
l,ao
dx,y
r,r
axr,axr
ih,ih
er,er
z,s
dh,dh
ng,ng
kcl,kcl
dx,dcl
l,l
l,l
s,s
dcl,gcl
z,z
r,r
ey,eh
ix,iy
s,s
tcl,dcl
er,er
ae,ae
el,el
ih,ix
iy,iy
f,f
m,m
ah,aa
eh,eh
kcl,kcl
t,t
n,n
eng,tcl
r,ax
d,t
tcl,pcl
pcl,pcl
p,p
iy,iy
iy,iy
ae,eh
t,t
bcl,bcl
iy,iy
ix,eh
k,k
dx,dx
ix,l
aw,ae
t,t
ay,ay
ae,ae
s,s
iy,iy
ow,ow
tcl,dcl
w,w
ao,ah
k,k
d,dx
kcl,pcl
zh,sh
pcl,pcl
kcl,kcl
k,k
s,s
kcl,kcl
ix,ix
ay,ay
s,s
tcl,tcl
eh,eh
w,l
s,s
t,t
hv,hv
p,p
dcl,dcl
z,z
ow,l
dx,ng
aa,aa
r,r
th,z
z,s
q,q
r,r
q,axr
aa,uh
axr,ix
dcl,dcl
ae,ae
bcl,bcl
ax,ix
uh,ix
g,g
ey,ey
z,z
ae,ey
ax-h,p
q,q
hv,hv
iy,iy
ux,ux
s,s
tcl,tcl
n,n
ih,ix
ih,axr
w,w
ih,iy
tcl,kcl
y,y
m,m
ix,ix
jh,jh
ae,ae
eh,l
axr,axr
ah,ao
r,r
d,d
axr,er
f,f
eh,eh
tcl,dcl
n,m
nx,n
aa,ao
n,n
ow,ow
ae,ae
m,m
iy,iy
s,s
iy,iy
ah,aa
ax,ah
hh,hh
pcl,pcl
g,b
axr,axr
r,r
ih,ih
ay,ay
iy,iy
v,v
hh,hh
l,l
ix,ix
ow,ow
t,jh
l,l
gcl,pcl
n,n
z,s
n,n
iy,iy
ae,ae
r,axr
q,q
aa,ao
t,t
w,w
ae,ae
ix,l
l,l
p,p
ah,ow
v,f
sh,sh
en,n
eh,eh
dh,dcl
iy,iy
m,m
r,r
n,m
axr,axr
axr,axr
n,dcl
er,er
f,f
ax,l
iy,iy
r,r
iy,iy
v,v
b,p
jh,t
l,l
dcl,tcl
ao,ao
ih,ih
q,q
ah,aa
ih,iy
m,n
k,g
eh,r
ao,ao
m,m
z,s
dcl,dcl
f,f
tcl,tcl
l,l
k,s
m,m
ax,n
g,p
r,er
ix,iy
hv,hv
d,ix
ix,axr
q,dcl
kcl,kcl
ix,ix
n,tcl
l,l
ih,eh
w,el
ix,y
ey,ey
k,k
s,sh
ix,ix
aa,r
s,s
hh,k
ax,l
f,f
w,l
ax,l
n,m
ay,ay
dh,dh
ax,ix
eh,eh
w,w
n,m
f,f
s,s
ix,ix
eh,eh
m,m
iy,iy
f,f
k,k
gcl,dcl
z,s
ix,ix
gcl,gcl
kcl,tcl
er,r
eh,eh
uh,uh
ix,r
n,n
tcl,dx
ey,iy
aa,ah
tcl,pcl
t,t
ix,gcl
k,k
ix,ix
s,s
ih,ix
th,s
v,l
ix,ix
r,r
aa,aa
kcl,kcl
tcl,dcl
er,r
axr,er
w,w
dh,t
ah,eh
ng,n
r,dx
m,m
iy,iy
ao,ao
pcl,kcl
t,t
ih,er
ix,ix
iy,iy
s,s
w,w
tcl,tcl
ih,ih
iy,iy
f,f
ay,ay
f,f
ah,ah
ow,ow
kcl,kcl
ae,ae
dcl,dcl
l,l
s,s
kcl,tcl
tcl,tcl
iy,iy
s,s
w,w
ih,iy
z,s
eh,ih
pcl,pcl
z,z
l,l
p,k
ey,ey
iy,y
dx,dx
q,q
ao,ax
p,p
n,n
ae,eh
ey,hv
ix,ix
n,n
n,n
t,sh
dcl,dcl
gcl,dcl
kcl,kcl
l,l
p,p
z,s
ux,ux
tcl,dcl
pcl,pcl
er,er
ax,ax
ix,r
ah,aw
nx,n
m,m
s,s
kcl,kcl
l,dh
ax,p
ix,ix
w,w
aw,aa
ah,ax
iy,ux
m,n
r,axr
l,l
ix,dh
en,n
pcl,kcl
pcl,kcl
ao,l
p,th
s,s
ix,ix
er,r
s,s
iy,iy
r,r
hv,hv
en,n
aa,aa
w,r
ax,l
ow,ow
t,t
n,n
ae,ae
w,w
v,dcl
jh,jh
q,q
ae,ae
tcl,dcl
s,s
ux,ux
l,l
ao,r
y,ix
p,p
pcl,bcl
hh,hh
ah,ax
dx,dx
f,f
dx,n
pcl,pcl
dx,dcl
v,v
f,f
r,er
kcl,pcl
ao,ao
s,s
v,v
iy,ix
el,el
f,f
ix,ix
ae,ae
ae,ae
f,f
ae,ae
q,r
ng,n
w,l
axr,axr
ax,ax
iy,iy
v,v
dx,n
iy,iy
ih,iy
ay,ay
dcl,tcl
nx,n
th,th
tcl,tcl
q,q
k,k
n,n
aa,ow
k,hh
ux,ih
n,nx
ae,ae
axr,r
s,s
tcl,q
s,s
tcl,tcl
ao,ao
iy,iy
f,p
iy,iy
dh,dh
kcl,kcl
ah,ah
ah,ao
nx,nx
axr,axr
ix,eh
kcl,tcl
dx,dh
g,jh
aa,ay
p,p
ae,eh
r,r
s,s
axr,er
sh,s
bcl,pcl
ao,ao
s,s
s,s
ux,ih
r,r
eh,ix
aw,aw
r,ax
ao,el
ae,ae
iy,ih
eh,ae
s,s
kcl,kcl
l,l
ah,ah
z,z
r,r
ix,ix
r,r
s,s
sh,sh
hh,hh
er,axr
gcl,kcl
ae,eh
ah,ax
t,t
iy,iy
k,k
axr,axr
eh,eh
p,p
ow,ow
f,kcl
k,k
s,s
m,m
oy,oy
eh,r
aa,aa
m,m
s,s
aw,aw
r,r
ih,iy
ey,iy
axr,axr
ih,ix
d,g
p,f
r,r
l,l
kcl,kcl
iy,iy
n,ax
t,k
axr,axr
nx,n
jh,jh
m,m
tcl,tcl
m,m
s,s
d,sh
kcl,kcl
ih,q
ey,ey
kcl,tcl
l,l
hv,hv
ix,ix
dx,n
n,n
iy,ux
l,ao
z,z
ao,ao
dh,dh
r,axr
dh,t
l,l
s,s
tcl,pcl
g,k
ix,ih
s,s
eh,ae
t,t
jh,jh
kcl,pcl
ax,ix
dx,dcl
dx,dcl
iy,iy
z,s
r,r
n,n
tcl,tcl
hv,axr
eh,eh
l,aa
s,z
ax,ix
kcl,pcl
kcl,kcl
s,s
s,s
p,p
m,n
k,k
eh,ae
y,dcl
k,k
kcl,kcl
f,f
dh,dh
v,v
w,w
eh,eh
ax,ah
ae,ae
s,s
ay,ay
z,z
n,n
r,r
tcl,kcl
tcl,kcl
nx,n
ow,ow
aa,ao
y,y
t,dh
tcl,kcl
ae,ae
aa,aa
iy,iy
kcl,tcl
ah,ah
n,l
ey,ey
k,k
ux,ux
hh,k
m,dcl
l,l
uh,ah
q,q
iy,iy
hh,hh
iy,iy
s,s
ux,ux
ao,ao
m,m
s,s
ay,ah
ax,ix
n,n
v,v
uh,ih
r,r
oy,oy
w,ng
el,q
p,k
s,s
l,ix
r,r
q,q
q,q
hv,hv
dh,dh
r,r
nx,ix
bcl,pcl
ax,ix
eh,ih
kcl,kcl
ih,iy
er,uh
iy,iy
s,s
pcl,pcl
g,k
f,f
q,q
kcl,kcl
ay,ay
axr,eh
q,q
d,d
ao,ao
pcl,bcl
axr,axr
r,r
aa,aa
dcl,kcl
ae,ae
ah,aa
k,jh
n,n
el,l
ih,r
ux,ux
kcl,kcl
p,kcl
ey,ey
l,q
z,z
pcl,pcl
ae,ae
ah,ah
l,l
iy,ix
axr,axr
s,s
ih,ax
ih,ix
p,p
f,f
tcl,tcl
kcl,pcl
d,q
t,kcl
sh,sh
v,v
ao,ao
w,w
ux,dcl
s,z
n,n
d,q
eh,eh
ix,hv
ix,ix
s,s
t,t
th,th
y,y
dcl,dcl
gcl,m
t,t
ay,aw
f,f
r,r
dx,dx
q,q
n,l
ay,ay
iy,iy
tcl,tcl
kcl,gcl
k,k
v,v
p,g
axr,axr
dh,d
iy,iy
dcl,dcl
iy,iy
t,kcl
g,g
dcl,dcl
iy,ux
n,dcl
ay,ay
n,iy
dcl,l
er,er
iy,iy
m,kcl
w,w
ix,w
ey,iy
ih,iy
axr,ax
pcl,dcl
kcl,kcl
ah,ae
iy,ux
k,k
p,k
iy,iy
tcl,tcl
ao,ao
ae,eh
k,k
pcl,pcl
k,k
m,n
sh,sh
zh,zh
w,w
kcl,kcl
q,q
dx,dx
q,tcl
q,q
r,r
ey,ey
dh,dh
tcl,dh
f,f
ay,ay
r,r
ay,ay
eh,eh
k,k
s,z
ao,ow
ih,eh
z,z
dcl,bcl
el,el
ax,ah
eh,eh
kcl,kcl
q,y
ih,ih
r,axr
pcl,pcl
dx,dx
ix,ix
r,r
dx,dx
s,s
aa,ao
ih,eh
ow,w
eh,axr
aa,ao
z,z
r,r
eh,ah
s,s
ao,ao
z,z
ow,ow
ow,ow
l,w
aa,aa
dcl,bcl
t,t
ao,ao
ow,ow
ih,ih
s,s
gcl,gcl
dcl,dcl
n,n
s,s
bcl,kcl
iy,iy
n,dcl
n,dcl
axr,v
r,r
v,ix
l,n
axr,axr
ao,aa
kcl,tcl
tcl,tcl
aa,aa
k,k
uh,aa
m,m
ax,ax
r,r
b,p
v,v
dcl,dcl
g,k
axr,axr
f,f
el,ow
z,z
w,w
ae,ae
bcl,pcl
tcl,kcl
q,ax
y,y
en,ux
aa,ah
kcl,kcl
axr,er
ax,ah
iy,iy
sh,s
s,s
ao,w
kcl,tcl
ih,ow
ix,ix
f,f
axr,ao
hv,hv
tcl,dcl
ay,ay
v,tcl
ix,ih
ao,l
r,r
q,q
ix,ax
w,w
ch,jh
z,z
ao,oy
ix,ix
ax,ix
sh,sh
eh,eh
dcl,dcl
kcl,tcl
iy,iy
q,q
g,g
n,n
ix,ix
iy,iy
ih,ux
eh,ix
z,z
r,r
ay,ay
bcl,bcl
iy,iy
ih,ey
s,s
n,n
ao,ao
l,l
g,dh
axr,ah
dcl,kcl
ix,ix
kcl,tcl
iy,iy
ux,ux
ng,m
bcl,bcl
ah,ah
ix,axr
s,s
en,ix
iy,ix
ax,ax
aw,aw
ih,eh
dh,p
p,p
dx,dh
ix,ix
w,w
n,n
eh,l
nx,n
gcl,gcl
er,er
l,l
iy,iy
pcl,pcl
n,ng
m,m
l,l
m,m
dx,dx
s,s
ix,ih
ix,ih
tcl,dcl
s,s
dx,dx
ah,ah
ux,iy
ae,ae
z,s
q,q
ey,ey
bcl,bcl
er,er
ae,ae
ih,ih
er,er
ow,ow
tcl,tcl
ao,r
ae,ae
v,v
f,f
w,w
t,jh
ax,ax
aw,aw
zh,hh
l,l
iy,iy
n,bcl
f,f
l,ax
kcl,kcl
tcl,tcl
q,q
k,g
tcl,tcl
iy,iy
l,l
ow,ow
aa,aa
ey,ey
m,m
z,s
r,r
l,l
r,r
s,s
g,k
ix,y
aa,ah
er,er
iy,iy
eh,ae
ix,ax
ah,ao
tcl,dcl
ux,ux
n,n
eh,eh
y,y
dh,dh
s,s
eh,eh
tcl,kcl
oy,oy
dcl,dcl
tcl,tcl
aa,ax
z,z
er,er
s,s
axr,axr
ao,ow
iy,iy
bcl,bcl
ah,ao
d,d
bcl,v
tcl,tcl
m,m
ix,l
dcl,pcl
ix,axr
s,s
ix,ix
kcl,kcl
k,k
dcl,dcl
hh,sh
ay,ay
v,v
gcl,dcl
y,iy
eh,eh
dh,dh
kcl,kcl
ix,ix
d,k
ay,ay
aa,ao
z,z
w,w
ah,aa
iy,ix
eh,ix
dx,n
pcl,pcl
iy,ey
r,r
iy,iy
el,l
q,q
ix,ix
ax,ax
q,q
ix,ix
ay,ay
axr,axr
axr,ix
bcl,bcl
dcl,dcl
q,ix
f,f
l,w
s,s
ix,ix
k,d
s,z
tcl,dcl
ay,ay
t,t
ey,iy
l,l
eh,eh
ae,ae
kcl,pcl
ix,ix
axr,axr
ae,ae
aa,aa
f,f
kcl,kcl
n,m
ao,aa
tcl,tcl
w,w
l,ax
ix,ix
ao,ao
l,ix
axr,axr
tcl,kcl
aw,aw
tcl,kcl
oy,ao
gcl,dcl
n,n
axr,ix
ix,iy
p,hh
k,k
tcl,kcl
ax,ih
r,r
ng,l
iy,ix
eh,er
f,f
r,r
s,s
s,s
pcl,tcl
s,s
kcl,kcl
axr,axr
ae,aw
l,l
ix,ix
eh,ih
nx,n
iy,iy
sh,sh
hh,hh
n,q
ux,ix
kcl,kcl
p,p
sh,sh
ih,iy
nx,ax
z,z
n,n
n,m
ow,ax
iy,iy
ay,ay
ix,ix
ay,ay
ng,n
ae,ae
f,kcl
k,k
ih,ix
ae,ae
ux,ux
s,s
y,y
axr,axr
ay,ay
ax,ih
v,v
gcl,dcl
r,r
ah,ah
l,ng
k,k
ao,ao
l,l
eh,eh
en,n
aa,aa
ae,ae
bcl,pcl
ay,ay
w,w
en,m
ih,ih
eh,eh
q,q
tcl,tcl
s,s
iy,iy
iy,iy
ae,ae
ae,ae
ix,ih
jh,jh
iy,ih
ay,ay
ey,ow
l,l
q,th
ih,ix
tcl,tcl
g,k
oy,oy
ix,ix
eh,q
tcl,f
y,ix
ih,eh
iy,iy
ao,aa
ow,ow
ih,ih
b,p
ih,ih
r,r
ay,ay
iy,iy
v,dh
ix,ix
iy,iy
r,r
ao,aa
er,er
ix,iy
ah,ah
q,q
dcl,dcl
n,n
m,m
s,s
ae,ae
ey,ey
jh,jh
eh,ih
w,w
ao,ay
r,r
r,r
dcl,gcl
s,sh
w,w
eh,aa
r,r
m,dcl
ix,ix
kcl,kcl
iy,iy
dcl,dcl
ae,ae
w,w
ah,aa
ay,ae
kcl,kcl
ao,w
r,r
q,iy
ix,dh
y,iy
ix,q
ix,ax
ao,ao
ax,ix
ax,w
hh,hh
uw,ax
ae,ae
n,n
l,l
eh,eh
ih,ae
pcl,tcl
kcl,kcl
aw,ao
l,w
ax,l
jh,jh
k,k
ao,w
er,er
eh,eh
sh,sh
th,th
ix,axr
n,n
t,t
jh,ch
l,l
ah,ax
ow,ow
l,l
ch,jh
w,w
k,k
s,s
ux,ux
w,iy
r,r
s,s
l,l
f,f
ao,l
tcl,tcl
ow,ow
l,l
w,w
n,ng
eh,ih
ix,ix
pcl,kcl
er,axr
ax,ix
eh,eh
tcl,kcl
th,s
s,s
q,ix
ix,ux
hh,sh
ih,ih
t,s
r,r
ao,ao
ay,ay
sh,s
n,n
ch,ch
ah,ah
f,f
t,p
er,er
s,s
d,dh
ih,ix
gcl,tcl
eh,eh
r,w
kcl,kcl
jh,sh
uw,uw
n,n
dx,dx
n,n
dcl,tcl
t,t
dcl,dcl
ao,ao
eh,eh
er,er
ax,l
p,p
v,v
w,w
pcl,pcl
s,s
tcl,tcl
tcl,dcl
r,r
t,t
ix,iy
s,s
iy,iy
tcl,kcl
r,r
sh,sh
l,r
m,m
ae,ae
hh,hh
aa,aa
kcl,kcl
f,f
k,k
l,w
w,l
v,v
dcl,m
d,d
l,l
ah,ah
sh,sh
ao,ao
ix,ix
iy,iy
z,z
z,z
ao,ao
l,l
l,l
axr,axr
er,axr
bcl,pcl
ch,t
s,s
q,q
q,ax
ow,ao
ow,ow
iy,iy
ay,ay
ao,ao
dcl,dcl
ix,ix
r,r
er,ao
s,z
r,r
ax,m
l,uw
r,ax
q,q
ay,ay
gcl,dcl
ax,l
aa,ao
eh,eh
ay,ay
s,s
s,s
dx,tcl
l,l
t,t
ao,ao
p,p
kcl,kcl
bcl,dcl
uw,uw
t,jh
er,er
r,er
w,w
dh,dh
ow,ow
gcl,gcl
s,s
k,k
ch,ch
m,n
k,k
th,tcl
el,l
w,l
ux,ix
ow,l
ay,ay
gcl,gcl
ng,ng
dcl,tcl
dx,nx
bcl,gcl
v,w
m,m
ax,r
n,m
l,l
n,n
sh,sh
axr,r
iy,iy
n,n
g,g
ey,ey
ay,ay
ay,ay
ao,ao
axr,r
aa,aa
eh,ih
ix,ax
dcl,dcl
k,k
iy,iy
tcl,dcl
n,n
q,q
w,l
er,er
ae,ae
n,m
l,l
f,f
z,z
t,tcl
ih,ey
w,ng
kcl,kcl
m,m
tcl,tcl
iy,iy
dh,v
n,m
w,w
d,t
n,n
ow,ow
n,n
t,t
pcl,tcl
d,t
aa,er
ae,ey
tcl,kcl
l,q
ux,ih
kcl,kcl
tcl,kcl
axr,er
ow,ow
eh,ah
dcl,dcl
n,n
pcl,kcl
l,l
r,r
z,z
r,r
z,z
ux,iy
ay,ah
ey,ey
t,t
bcl,tcl
s,s
n,m
ay,r
f,f
el,el
oy,oy
ah,ax
g,g
k,p
r,r
uh,ix
t,t
tcl,tcl
iy,iy
q,q
sh,k
ae,ay
hv,hv
n,n
pcl,pcl
pcl,tcl
w,l
hh,hh
ax,ix
z,z
r,r
ay,ay
kcl,kcl
n,m
q,r
ow,ao
r,r
n,m
r,r
uw,ih
uh,ix
ao,w
r,r
ux,ih
iy,iy
pcl,dcl
f,d
nx,n
l,n
ow,ow
r,r
eh,eh
v,v
z,z
z,s
m,m
jh,jh
er,axr
t,t
ih,ih
dcl,dcl
kcl,kcl
ay,ay
pcl,tcl
dcl,dcl
iy,iy
sh,s
eh,eh
tcl,tcl
f,f
ax,dx
m,n
iy,ey
l,ow
ch,k
dcl,dcl
k,k
iy,iy
ng,l
ix,ax
n,n
dcl,kcl
ix,ix
ih,ix
pcl,pcl
ax-h,tcl
ih,ix
ow,l
ix,ix
k,k
eh,eh
l,l
eh,ae
kcl,tcl
tcl,kcl
iy,iy
m,r
g,p
ey,iy
tcl,tcl
iy,iy
el,uh
r,r
ey,ey
s,s
w,w
w,w
g,t
m,m
l,l
nx,n
ey,ih
v,v
v,v
m,m
s,s
sh,sh
ao,aa
w,l
el,el
er,axr
r,r
axr,axr
ao,aa
z,s
dcl,dcl
pcl,pcl
ay,ay
w,ao
sh,sh
ih,l
ix,r
ah,q
r,r
z,z
n,n
aw,aw
n,n
w,w
l,ax
iy,iy
ix,ih
ix,ix
w,w
bcl,m
th,z
r,r
en,n
m,m
y,y
ae,ae
l,l
en,n
ih,ih
tcl,tcl
sh,sh
w,w
pcl,tcl
hh,hh
sh,sh
ih,ih
eh,ix
kcl,kcl
ih,ih
ux,ux
v,ax
l,ow
y,y
gcl,n
axr,axr
ix,ix
tcl,kcl
sh,sh
ae,ae
iy,iy
ay,aa
r,r
axr,er
s,s
iy,iy
oy,oy
th,p
b,k
z,s
gcl,gcl
l,l
m,m
en,m
n,n
ey,ux
z,s
t,t
axr,r
k,k
z,th
ae,ae
aa,aa
axr,axr
iy,iy
k,k
uh,axr
kcl,pcl
r,r
tcl,kcl
ow,ow
gcl,pcl
dcl,dcl
k,k
axr,axr
eh,eh
l,l
iy,iy
n,n
p,p
uh,ah
l,l
ix,ix
q,q
w,w
ux,ux
r,ix
ix,ix
r,r
tcl,dcl
r,r
ae,ae
iy,iy
l,m
th,th
kcl,dcl
s,s
n,n
r,r
dcl,dcl
en,n
ih,ih
dh,kcl
ae,ae
bcl,dcl
f,f
k,kcl
bcl,bcl
z,z
ih,iy
kcl,tcl
r,ax
aa,aa
l,ow
n,ng
s,s
iy,ix
ih,ih
ix,ix
ih,ix
ix,ih
ih,l
ao,ao
n,n
er,er
q,r
f,f
y,iy
hv,hv
t,jh
n,n
m,m
z,z
ih,ih
l,l
dcl,dcl
k,k
iy,iy
iy,iy
dcl,dcl
f,f
m,m
ow,l
t,t
kcl,kcl
s,s
iy,iy
t,t
t,t
er,ae
iy,iy
jh,jh
r,r
r,ax
n,n
ax,dh
n,n
z,z
iy,iy
s,s
z,s
ae,ae
y,iy
pcl,pcl
ae,ae
l,l
r,ao
p,p
ih,ih
iy,iy
ah,ix
f,f
m,m
z,z
f,f
oy,ao
q,q
dh,dh
ao,ao
iy,l
iy,ix
r,v
hv,hv
eh,er
z,z
aa,ao
r,r
k,k
w,w
r,axr
p,p
t,jh
ay,aa
q,q
k,k
dcl,dcl
ix,ix
oy,oy
ux,ux
n,n
y,y
tcl,tcl
ae,hv
dx,dx
gcl,gcl
aa,aa
eh,ih
tcl,q
r,r
k,k
ax,ax
ey,ey
y,iy
s,s
k,k
l,q
tcl,tcl
t,p
eh,eh
s,s
p,p
ix,ix
hv,zh
kcl,gcl
eh,ix
r,r
eh,axr
ih,ix
axr,axr
en,ix
p,hh
m,m
hv,hv
bcl,bcl
n,n
aa,aa
r,r
er,er
gcl,kcl
pcl,pcl
ax,ix
ay,aw
ix,ih
ey,ey
s,s
f,f
dcl,dcl
dcl,bcl
er,eh
s,s
iy,iy
uh,ih
ow,ow
ah,ah
tcl,tcl
t,t
ix,r
bcl,bcl
t,k
s,z
sh,sh
eh,eh
ax,ax
ch,k
p,p
y,iy
iy,iy
iy,iy
ix,ix
th,th
v,v
ay,ay
k,k
eh,ix
ao,ao
kcl,kcl
bcl,dcl
dh,dh
l,l
ux,y
s,s
ae,ae
eh,ix
iy,iy
gcl,kcl
ix,ix
ey,ey
ih,ih
iy,ix
n,q
n,n
l,l
w,l
bcl,dcl
er,axr
z,z
k,g
ih,ix
ah,ah
r,r
aw,ow
s,s
ix,ih
r,r
n,m
uh,m
kcl,kcl
r,r
pcl,pcl
kcl,gcl
s,s
iy,iy
l,l
n,n
f,s
g,k
y,y
ey,ey
ax,ix
iy,ih
ng,n
m,m
v,f
eh,eh
ah,z
iy,iy
s,s
aa,aa
jh,jh
w,el
t,t
ah,ah
pcl,pcl
tcl,tcl
sh,sh
g,p
ae,ae
aa,ae
ix,ix
k,k
d,d
ax,ax
eh,eh
s,s
ih,ax
ax,ax
f,f
kcl,g
d,jh
l,dh
kcl,kcl
tcl,tcl
iy,iy
ay,ay
f,f
tcl,kcl
bcl,pcl
ih,ix
iy,ih
pcl,tcl
dh,dh
gcl,dcl
ih,ih
axr,axr
r,r
r,m
n,ng
tcl,pcl
z,z
ng,ng
z,z
ow,l
bcl,m
ow,ao
iy,iy
q,ix
en,n
th,th
k,k
y,iy
t,jh
eh,ih
m,m
r,nx
sh,sh
aa,aa
w,l
kcl,kcl
k,k
r,r
ix,ix
v,v
m,n
iy,iy
uh,ao
bcl,dcl
ih,ix
ix,ah
aa,ah
m,m
ix,ix
ax,eh
ih,ng
ih,eh
s,t
dx,dx
tcl,kcl
p,k
en,m
eh,iy
z,z
r,r
r,er
ay,ay
l,l
axr,er
y,ix
s,s
uw,uw
ux,iy
pcl,pcl
s,s
k,p
kcl,kcl
tcl,n
y,iy
n,n
q,q
t,t
q,q
ng,n
ux,r
axr,axr
axr,r
t,k
ao,ao
n,n
ae,ae
s,s
n,n
axr,axr
l,l
gcl,n
g,k
gcl,dcl
v,v
pcl,pcl
ax,ax
l,w
kcl,kcl
s,s
ow,aa
dx,tcl
ae,eh
w,w
uh,l
y,y
m,m
iy,iy
pcl,kcl
ax,ax
f,f
tcl,kcl
bcl,dcl
kcl,kcl
kcl,kcl
aw,ow
tcl,kcl
ih,ah
f,p
aa,aa
k,q
k,k
t,k
ao,oy
eh,eh
y,y
ey,ix
gcl,kcl
ey,ey
m,m
n,n
hh,hv
ow,ow
n,n
t,t
hv,hv
iy,iy
y,y
ih,ih
z,z
ae,ae
pcl,tcl
l,l
hh,hh
bcl,tcl
dh,m
tcl,tcl
iy,iy
hh,hh
aa,aa
ow,ow
gcl,dcl
kcl,pcl
dh,dx
ao,ao
eh,ix
er,ow
ao,ao
n,k
uh,eh
aa,aa
t,dx
iy,ux
th,th
d,jh
iy,iy
ax,ix
r,ay
r,r
dcl,dcl
ay,ay
b,p
n,n
n,aa
dcl,dcl
m,n
f,f
k,k
dcl,dcl
axr,er
ow,ow
t,t
ix,dh
kcl,pcl
hv,hv
eh,eh
r,r
aw,aa
aa,r
ih,ih
iy,iy
s,s
k,k
l,ix
axr,axr
gcl,tcl
t,t
q,kcl
tcl,tcl
ch,jh
ih,ih
pcl,pcl
eh,ih
z,z
s,s
uw,uh
s,s
ix,iy
q,p
eh,eh
dh,dcl
y,y
kcl,kcl
q,q
ax,axr
g,k
gcl,gcl
l,l
s,s
bcl,dcl
r,r
dh,g
ay,ay
ih,ih
n,tcl
iy,iy
s,s
iy,iy
iy,ux
ao,ao
tcl,n
n,n
ix,axr
dcl,dcl
kcl,kcl
ah,ih
axr,er
hv,hv
ae,eh
n,n
n,n
iy,iy
r,axr
eh,ae
w,w
r,r
th,th
hv,p
tcl,dcl
t,sh
n,n
w,nx
w,w
tcl,th
tcl,n
k,p
ix,iy
m,n
ae,ae
ix,nx
aa,ao
tcl,pcl
l,q
aw,ae
tcl,kcl
z,s
z,s
w,uw
bcl,bcl
th,th
aa,aa
ix,ix
tcl,pcl
m,n
n,n
r,r
aa,aa
s,s
r,dx
n,dcl
ix,v
n,n
n,n
aa,aa
g,g
iy,iy
s,s
ao,ao
l,l
ah,l
l,w
z,z
z,z
ae,ae
sh,sh
dcl,dcl
er,er
k,k
kcl,kcl
m,m
aa,aa
r,r
r,r
n,n
oy,oy
ay,ay
gcl,dcl
n,n
tcl,tcl
t,t
zh,z
eh,eh
iy,iy
jh,jh
iy,iy
er,er
ae,ae
ao,ao
ix,ix
n,n
t,t
l,l
eh,eh
t,d
ah,ow
m,m
ix,ix
t,t
ax,ax
bcl,tcl
q,q
el,ow
s,s
y,y
n,n
dx,dh
d,dx
ae,ae
ix,ix
dh,dh
bcl,bcl
tcl,tcl
w,w
ix,iy
s,s
dcl,dcl
bcl,bcl
ax,ax
y,y
ih,ix
kcl,tcl
k,k
w,w
l,w
ih,ih
iy,iy
iy,iy
n,n
ih,ih
ax,ix
s,s
tcl,dcl
k,k
p,p
eh,ih
w,w
n,n
iy,iy
axr,r
kcl,kcl
l,l
ey,r
d,hh
pcl,pcl
q,n
p,p
n,dcl
m,w
jh,jh
q,q
jh,jh
dh,dh
iy,iy
sh,sh
t,k
iy,iy
ih,ih
l,w
dcl,pcl
jh,jh
axr,axr
s,s
f,f
gcl,dcl
w,w
n,nx
iy,iy
s,s
kcl,kcl
gcl,dcl
ae,ae
ux,iy
f,p
uh,uw
d,p
t,t
r,ix
s,s
r,r
n,n
z,z
uh,ah
axr,er
ah,q
kcl,dcl
k,k
z,z
w,w
axr,axr
ax,l
iy,iy
l,ax
t,tcl
m,m
uh,ah
ch,jh
aa,aa
eh,ix
ng,ng
ax,ax
bcl,bcl
r,r
g,k
sh,sh
w,w
q,y
kcl,tcl
y,hv
er,er
ih,ix
n,ng
n,n
ih,ux
s,s
ch,jh
ih,eh
iy,iy
ay,ix
p,dh
s,z
gcl,dcl
ix,iy
kcl,kcl
kcl,tcl
axr,axr
ix,ix
ax,ax
iy,iy
ih,ix
dx,dcl
oy,oy
s,s
ih,uh
z,s
tcl,kcl
ih,ih
tcl,pcl
dcl,dcl
sh,sh
w,w
el,l
dcl,dcl
k,k
eh,ih
s,s
dcl,dcl
ao,ao
l,l
jh,jh
t,k
el,el
dx,dcl
f,f
v,v
nx,dh
gcl,dcl
dcl,dcl
z,z
ey,iy
ax,ax
s,z
sh,sh
ae,ae
aw,aw
en,n
ix,ix
ey,iy
nx,l
tcl,dcl
r,r
s,s
iy,iy
s,s
iy,iy
ax,w
ao,ao
f,f
eh,ih
s,s
ay,ay
iy,ey
ax,tcl
en,l
n,n
v,v
m,m
f,v
gcl,dcl
axr,r
ax,ax
d,t
r,r
iy,iy
n,n
iy,iy
l,l
n,dcl
ch,ch
kcl,tcl
w,w
l,l
z,z
n,n
d,m
hv,eh
ax,l
tcl,tcl
l,n
pcl,pcl
y,jh
iy,iy
axr,axr
sh,sh
oy,oy
ay,ay
kcl,kcl
m,n
n,dx
uw,ow
gcl,tcl
ay,ay
w,w
ao,ao
ih,ey
nx,n
q,q
q,dcl
l,l
s,s
l,l
p,f
ix,axr
z,s
dcl,dcl
q,q
p,t
r,r
sh,sh
er,er
tcl,tcl
r,r
iy,ih
s,s
bcl,bcl
dh,tcl
iy,iy
t,t
kcl,kcl
l,l
axr,axr
m,m
n,n
er,er
p,p
tcl,pcl
gcl,gcl
l,l
dh,kcl
el,el
tcl,tcl
t,dh
ih,ih
n,n
g,k
kcl,kcl
k,k
el,ax
iy,iy
aa,aa
aa,aa
v,v
dx,kcl
iy,iy
s,s
oy,oy
tcl,kcl
y,y
hh,hh
ix,ix
n,n
en,m
n,n
ih,ih
v,f
d,p
kcl,kcl
en,n
aa,aa
eh,eh
w,w
oy,oy
v,v
eh,ah
ih,ih
ay,ay
ae,ae
q,q
q,q
er,ih
gcl,dx
z,s
ay,ay
dx,y
ih,ih
iy,iy
t,d
aa,aa
er,er
ix,ae
ao,l
l,ax
en,dx
dcl,bcl
ay,ay
ix,ix
el,l
ah,ao
s,s
r,ao
ih,ix
z,sh
tcl,dcl
axr,axr
ux,ux
z,z
s,s
p,p
ey,ey
ao,ao
ng,n
ix,r
y,y
kcl,kcl
q,q
bcl,bcl
r,r
y,y
iy,iy
ix,ix
r,r
r,axr
ao,ao
tcl,tcl
n,n
ey,ey
d,t
r,r
ux,ux
uw,uw
dcl,tcl
s,s
ae,eh
ow,ow
n,m
n,n
sh,sh
ix,ix
sh,sh
s,s
eh,ix
iy,iy
eh,r
t,t
b,w
q,ae
er,r
er,er
ao,ao
k,k
s,s
th,kcl
kcl,kcl
s,s
dh,dh
m,n
uh,ow
ae,ae
aa,ae
ah,aa
nx,n
n,n
tcl,kcl
ah,er
ah,ah
g,g
aw,aa
l,l
m,m
p,p
iy,iy
ih,ih
s,s
q,q
axr,axr
w,w
er,er
iy,iy
n,n
ix,y
kcl,kcl
eh,eh
gcl,dcl
ae,ae
s,sh
ao,ao
n,m
oy,oy
n,n
n,n
iy,y
iy,iy
ng,dcl
ix,ix
ng,n
tcl,tcl
s,s
aa,aw
dh,dcl
k,k
ow,ow
ax,ax
kcl,kcl
n,l
y,y
q,q
w,w
p,p
ae,ae
dx,dx
t,k
er,er
tcl,tcl
w,m
ey,iy
eh,eh
th,th
ay,ay
kcl,kcl
m,n
ow,axr
t,t
tcl,f
aw,aw
iy,iy
l,l
eh,eh
dx,dcl
l,l
eh,ae
w,w
ix,ih
w,w
f,f
iy,iy
dcl,dcl
n,m
ih,iy
kcl,q
f,f
s,s
tcl,kcl
s,s
dx,dcl
ax,l
kcl,kcl
ih,ih
t,t
kcl,tcl
iy,iy
ay,ay
l,l
t,t
n,n
dcl,dcl
l,l
iy,ux
th,s
hh,hh
th,t
l,l
ux,ux
ix,ix
r,r
s,s
hv,k
z,z
nx,n
s,s
f,f
ow,ow
dcl,dcl
s,s
p,k
y,y
m,l
n,n
z,s
r,axr
kcl,kcl
bcl,bcl
r,r
s,s
m,en
ih,ix
ay,ay
s,s
y,y
y,w
jh,jh
tcl,tcl
r,m
axr,ih
oy,oy
el,l
kcl,kcl
gcl,kcl
r,r
er,r
l,el
l,l
ax,ax
ix,ix
ih,ih
hv,hv
m,m
ix,ix
ix,ix
axr,axr
r,r
ih,ih
eh,er
eh,oy
s,s
n,n
s,s
l,l
ng,n
g,g
kcl,kcl
ix,iy
dx,dx
p,k
axr,r
ux,ux
n,m
t,p
s,s
ux,ux
l,l
axr,axr
ix,ix
pcl,dcl
eh,eh
axr,axr
eh,eh
z,t
r,r
q,q
hv,hv
s,s
s,s
n,n
aa,ah
ix,ix
s,s
ix,ix
f,pcl
y,y
q,eh
kcl,kcl
ix,ix
axr,r
el,ow
r,r
s,s
ih,ix
l,l
ao,ow
s,s
axr,r
iy,iy
iy,iy
ix,n
s,s
z,z
th,dcl
l,l
f,f
ix,ih
dcl,bcl
r,r
ae,ae
ao,ao
ix,dh
axr,axr
tcl,tcl
dcl,dcl
r,r
z,s
v,v
ay,ay
sh,sh
kcl,kcl
ah,ah
p,t
aa,aa
r,r
ix,ix
ix,hv
f,f
p,p
r,r
n,ng
pcl,pcl
iy,iy
l,l
ey,ey
w,w
ax,w
f,f
ae,ae
y,y
m,m
v,v
ix,ix
m,m
ix,ix
axr,er
l,l
r,r
r,r
gcl,gcl
kcl,kcl
tcl,tcl
pcl,kcl
jh,t
dcl,tcl
t,p
hv,hv
f,f
tcl,dcl
n,dcl
iy,iy
l,l
aa,aa
q,tcl
ux,ux
dcl,dcl
iy,iy
r,r
dh,dh
dcl,k
ix,ax
ix,ix
iy,ey
ix,r
el,l
axr,r
k,k
w,w
ix,iy
nx,ix
r,r
ux,ix
dcl,dcl
w,ao
gcl,kcl
ey,ey
ux,ux
n,n
iy,iy
aa,aa
uh,ih
tcl,dx
m,m
iy,iy
kcl,kcl
ax,z
ey,ey
er,eh
k,k
ng,v
dx,kcl
n,n
n,n
v,v
th,kcl
ih,eh
t,t
n,m
ax,ow
tcl,tcl
tcl,tcl
ax-h,kcl
axr,r
eh,ih
s,s
v,v
ix,iy
iy,iy
axr,axr
eh,eh
p,t
q,ax
w,v
axr,er
ey,iy
gcl,dcl
r,r
ax,ax
aa,aw
kcl,kcl
ix,ix
iy,iy
axr,axr
s,s
axr,axr
iy,axr
f,f
dh,dh
ae,ae
y,y
th,tcl
th,z
m,n
s,s
r,axr
s,s
p,b
l,l
ux,ux
ow,ow
z,z
n,n
eh,r
q,q
ah,ah
bcl,kcl
v,w
ow,ow
iy,iy
kcl,gcl
y,y
l,l
er,er
ao,ao
ix,n
axr,r
n,n
kcl,tcl
g,g
ax-h,l
z,z
eh,r
iy,ih
iy,iy
ao,r
ng,n
ey,ay
s,th
en,n
el,ao
ng,tcl
q,q
axr,er
ao,w
ix,ix
ix,ih
dcl,dcl
m,v
n,ax
n,n
r,r
tcl,kcl
m,n
bcl,bcl
gcl,dcl
m,m
k,t
s,s
w,w
eh,ih
er,er
ix,iy
l,l
ow,l
ix,ix
gcl,gcl
f,f
n,n
pcl,pcl
k,k
ih,ix
hv,hv
n,n
tcl,tcl
s,s
d,kcl
m,m
s,z
axr,axr
kcl,kcl
aa,aa
ih,ih
t,t
w,v
eh,r
aa,aa
n,n
er,r
n,n
s,z
m,m
gcl,dcl
ah,ao
bcl,bcl
z,z
r,r
ey,ey
n,n
ix,ix
r,m
ax,r
w,w
ay,ay
s,s
ax,ax
th,s
eh,eh
t,t
el,w
t,dh
dx,tcl
ao,ao
dcl,dcl
n,n
ix,ix
ix,iy
ax,ax
tcl,kcl
ux,ux
eh,ae
l,l
ux,ih
ax,ah
pcl,kcl
n,m
n,n
z,z
ow,ow
f,f
s,z
aw,aw
r,r
dx,dx
l,l
r,r
ux,ux
axr,r
w,w
jh,jh
z,z
nx,n
bcl,bcl
iy,iy
g,dh
dcl,dcl
pcl,kcl
zh,s
t,t
p,p
ix,ih
hv,p
pcl,pcl
pcl,pcl
f,f
ih,eh
pcl,kcl
tcl,dcl
f,f
tcl,kcl
s,s
l,l
k,k
v,z
tcl,pcl
w,w
r,r
ao,r
n,n
w,w
ae,ae
axr,er
eh,eh
z,z
ng,n
iy,iy
ah,ah
er,er
ng,ng
ix,ix
uh,w
tcl,pcl
sh,sh
t,f
p,p
ae,ae
bcl,dcl
w,w
kcl,kcl
tcl,tcl
w,w
oy,oy
ax,ax
tcl,dcl
aa,ao
ix,ih
z,s
d,bcl
uh,ix
s,s
ih,ix
dx,dx
iy,iy
s,s
dcl,dcl
ix,ix
s,s
ix,ih
m,m
ae,ae
eh,ix
ax,r
ix,ih
ow,ah
p,p
aa,aa
s,s
eh,eh
n,w
n,n
dx,n
t,d
aa,ah
m,n
dcl,dx
r,p
q,q
n,n
oy,oy
jh,jh
ax-h,tcl
p,p
sh,sh
kcl,pcl
ah,ah
hv,hh
ey,ey
ah,eh
dcl,tcl
l,l
f,f
gcl,gcl
ah,ah
th,th
r,er
q,q
r,r
f,f
aa,ao
dcl,dx
kcl,kcl
iy,iy
ey,ey
m,m
kcl,kcl
t,t
t,k
ix,ix
kcl,kcl
f,f
ix,ih
ix,ix
axr,er
ix,ah
tcl,kcl
tcl,dcl
r,r
w,l
q,q
er,er
y,ix
s,s
tcl,kcl
eh,eh
ey,ey
eh,eh
dcl,dcl
dh,dh
axr,r
ay,ow
ch,ch
ch,ch
ix,ix
iy,iy
eh,ae
tcl,pcl
iy,iy
iy,iy
f,v
s,s
dcl,dcl
f,f
k,k
p,p
kcl,tcl
iy,iy
s,s
axr,axr
er,er
ey,ey
ax,ax
l,ax
iy,iy
nx,n
tcl,tcl
ae,ae
ih,ih
ih,ih
k,k
q,axr
ng,ng
ah,ax
ay,ay
ng,n
m,m
pcl,kcl
m,bcl
n,n
iy,iy
oy,oy
s,s
tcl,tcl
ah,eh
w,p
bcl,dcl
r,r
aa,ae
axr,er
ae,eh
l,ow
ix,ix
tcl,tcl
ae,aw
pcl,q
m,m
tcl,pcl
dcl,dcl
uh,ow
eh,ix
ow,l
z,z
ah,ah
sh,sh
dx,dx
ux,iy
bcl,bcl
l,l
ix,r
ow,l
r,r
b,p
ix,ix
s,s
k,k
ax,ax
r,r
aa,aa
tcl,tcl
eh,eh
iy,iy
n,n
iy,ix
ax,ax
tcl,tcl
n,n
eh,eh
r,r
q,dh
p,p
f,f
l,ao
ah,ah
iy,ih
tcl,kcl
eh,eh
ix,ix
eh,eh
s,s
ay,aw
ix,ix
iy,iy
tcl,kcl
aw,aw
s,s
n,m
n,n
ah,ax
eh,eh
kcl,kcl
er,er
s,s
k,k
r,r
q,q
n,m
bcl,dcl
r,r
ix,iy
g,d
k,k
aa,ao
l,l
m,m
t,t
ay,ay
aa,aa
n,iy
eh,ae
s,s
m,n
hh,hh
ix,l
ao,ao
s,s
q,q
q,n
s,s
ae,ae
s,s
s,s
ih,ih
w,w
aa,aa
ix,er
r,r
k,k
t,s
m,m
ix,l
z,s
ih,ix
z,z
n,n
r,r
ix,ih
ah,ax
ae,eh
ix,ix
m,n
y,y
t,t
jh,jh
n,n
dcl,dcl
s,s
d,d
em,m
ay,ay
hh,ix
ay,ah
eh,ay
ay,ay
s,s
z,z
q,q
q,q
dcl,tcl
z,s
sh,sh
l,l
ax,l
aa,aa
th,f
bcl,pcl
n,m
n,n
ao,ao
k,sh
jh,t
en,dcl
ao,ao
tcl,tcl
m,n
r,r
ah,ah
sh,sh
ix,ix
axr,axr
l,l
axr,axr
kcl,tcl
sh,sh
dh,v
ih,eh
kcl,tcl
y,y
th,th
s,s
dx,dx
ix,ix
s,s
ih,ih
ay,ay
ow,ow
ah,eh
m,n
ey,ey
ah,ae
m,m
iy,iy
iy,iy
dcl,bcl
iy,iy
v,v
aa,aa
ih,ih
jh,jh
dh,z
aa,aa
eh,axr
pcl,pcl
iy,iy
t,d
iy,iy
ux,ux
oy,oy
oy,ay
d,jh
n,ng
r,aa
m,m
th,dcl
z,z
dx,dx
ey,ih
iy,iy
ix,ix
p,p
ah,ix
ay,ay
ah,ax
f,f
ae,eh
ao,ao
ow,oy
aa,aa
n,n
ay,ay
q,ax
k,k
aa,ao
eh,eh
kcl,pcl
ix,iy
dcl,dcl
k,k
ae,ae
ae,eh
oy,oy
ay,ay
ao,r
uw,uw
ih,ih
ih,ih
ix,ix
nx,n
ay,aa
aw,aa
n,m
ux,ux
s,s
jh,jh
eh,er
s,s
d,ix
ih,ih
g,dx
dcl,dcl
pcl,kcl
l,l
kcl,tcl
ah,ah
l,ao
k,k
t,t
ux,er
iy,iy
ae,ae
aa,aa
r,r
l,l
en,m
aa,aa
tcl,dcl
t,t
uh,ux
p,p
ao,ay
tcl,kcl
iy,iy
t,t
hh,hh
n,n
axr,ix
ix,axr
v,g
iy,iy
hh,hh
l,l
iy,iy
dh,p
z,z
ih,ih
ae,ae
ih,iy
ix,ng
ux,ih
ux,ix
kcl,kcl
ae,ae
d,t
dx,dx
k,k
iy,iy
pcl,dcl
dx,dcl
n,tcl
z,z
g,n
r,r
ih,iy
dh,kcl
ow,ow
pcl,pcl
ih,ih
ih,eh
m,m
ih,ih
kcl,kcl
dcl,dcl
ah,ah
m,dcl
n,dcl
m,n
kcl,gcl
r,ay
f,f
kcl,pcl
f,f
dh,dh
r,axr
w,w
y,ih
ae,ae
ae,ae
pcl,tcl
n,n
pcl,pcl
eh,eh
ah,eh
sh,sh
dcl,dcl
m,m
tcl,pcl
r,ix
l,l
l,l
ao,ao
n,dcl
ix,ix
axr,r
g,r
gcl,bcl
ix,ix
t,k
k,k
g,k
tcl,kcl
iy,iy
z,s
k,p
ay,ae
m,m
iy,iy
y,iy
ax,ax
q,q
gcl,dcl
b,dx
gcl,kcl
z,s
ix,ax
ah,m
t,d
s,s
k,k
p,p
m,n
z,z
ch,t
k,k
z,s
tcl,tcl
tcl,pcl
s,s
s,s
z,z
kcl,kcl
ey,iy
s,s
ix,ix
b,p
ah,ah
ay,ay
s,s
q,q
bcl,bcl
tcl,dcl
k,k
ux,ux
dcl,dcl
iy,iy
oy,oy
sh,sh
bcl,dcl
hv,hv
w,w
ae,ae
s,sh
ih,ix
k,f
r,r
r,r
ax,w
ix,ix
ax,l
v,v
q,q
iy,iy
ah,ax
ih,axr
kcl,kcl
en,tcl
iy,iy
ah,r
n,m
axr,axr
aa,aa
m,m
q,q
aa,aa
ay,ay
iy,iy
t,p
er,er
r,w
uw,ux
aa,aa
l,l
z,t
ey,ey
er,er
l,l
dcl,dcl
pcl,pcl
s,s
aa,aw
iy,iy
s,s
w,w
ix,ix
t,t
bcl,bcl
pcl,dcl
kcl,kcl
ux,ux
ax,ax
ix,ix
n,m
ow,ow
m,m
dh,f
l,l
w,w
s,sh
t,th
n,n
t,t
d,t
kcl,kcl
dx,dcl
ao,aa
eh,eh
n,m
ix,eh
iy,iy
ix,ix
ao,ay
eh,ae
jh,jh
q,iy
k,th
axr,axr
s,s
s,s
ey,ey
t,t
ey,ix
q,r
ae,ey
q,q
p,p
ae,ae
ih,ix
s,s
pcl,pcl
r,r
aw,aw
s,s
el,ao
n,dx
sh,sh
ow,w
t,t
axr,gcl
q,q
er,er
ow,ow
m,n
l,l
w,w
axr,er
dcl,dcl
iy,iy
m,m
n,n
w,w
t,p
iy,iy
ah,ah
er,er
ux,ux
ax,r
t,s
m,n
r,dh
t,d
m,m
r,r
r,r
n,n
p,p
bcl,bcl
n,r
ah,l
iy,iy
kcl,tcl
aa,aa
iy,iy
dx,dx
s,s
aw,aw
ng,n
ix,ix
kcl,kcl
ix,nx
w,w
l,l
s,s
z,z
q,q
s,s
er,er
axr,r
ax,ax
n,n
ix,ng
axr,axr
ch,ch
ix,ix
n,n
r,m
k,k
aa,aa
gcl,gcl
s,s
w,oy
ih,ih
ay,ay
dcl,dcl
uw,ux
k,k
t,d
ix,ix
eh,eh
er,er
iy,ix
l,ax
ng,n
w,w
ix,ix
tcl,pcl
dh,dcl
gcl,tcl
l,l
w,w
ah,ah
w,m
l,ah
ix,ix
s,s
w,w
el,ax
aa,aa
ay,ay
l,q
p,p
uw,ow
s,s
dcl,dcl
n,n
sh,sh
ax,ix
l,l
iy,ix
tcl,tcl
p,p
bcl,pcl
s,s
iy,iy
hh,p
y,y
kcl,tcl
axr,axr
q,ix
ae,hv
ay,ah
axr,axr
dh,dh
dcl,kcl
w,w
ay,ay
ix,ix
eh,ae
l,l
gcl,tcl
ey,ey
pcl,kcl
ay,ay
tcl,tcl
ih,iy
r,eh
ao,ao
r,axr
t,t
ix,ix
ix,iy
n,m
nx,nx
gcl,dcl
ao,ao
n,n
ix,r
kcl,kcl
ih,ix
ow,el
z,z
s,s
en,n
ih,eh
s,s
dcl,bcl
ay,ay
n,m
pcl,pcl
f,f
ey,ih
aa,aa
iy,iy
n,n
ng,n
s,s
eh,eh
dh,dh
s,s
eh,ix
l,l
z,s
ah,ae
eh,eh
k,k
y,y
ah,ix
f,f
nx,nx
aa,ao
m,m
ey,ey
axr,axr
bcl,bcl
s,s
gcl,gcl
bcl,bcl
ux,ux
s,s
iy,iy
dcl,tcl
dh,dh
ah,ah
m,m
s,s
t,k
ix,eh
ih,ix
dcl,dcl
ae,ae
k,k
ix,ix
aa,aw
axr,r
n,m
ey,ey
ao,oy
q,q
r,m
l,ow
dx,dx
ix,m
ix,n
n,dcl
ow,uh
m,m
v,v
v,v
bcl,dcl
z,z
n,n
ix,uh
dcl,dcl
uh,ow
k,k
s,s
s,s
v,v
g,p
ix,iy
r,r
n,n
ih,ih
n,n
r,axr
er,er
kcl,dcl
hv,ix
iy,iy
ax,ax
n,en
t,t
ay,ay
q,kcl
l,l
p,p
iy,ix
dx,dx
f,s
ow,ow
z,z
tcl,dcl
dcl,dcl
ow,ow
p,k
dh,dh
n,m
kcl,kcl
ay,ah
n,n
ih,iy
tcl,n
d,d
iy,iy
er,er
s,s
iy,iy
v,v
axr,ix
iy,iy
aa,aa
en,n
gcl,dcl
g,q
m,n
ix,ah
ey,ey
ey,ih
ae,hv
er,er
ix,y
q,q
n,n
s,s
s,s
ix,ix
eh,eh
s,s
axr,axr
eh,ae
w,w
sh,sh
iy,iy
th,pcl
ih,iy
ao,ao
s,jh
dx,dx
tcl,tcl
er,er
bcl,bcl
aa,ao
g,p
dh,dh
ey,ey
aa,ay
axr,axr
n,n
p,dh
w,w
tcl,tcl
dcl,n
q,ix
tcl,tcl
ih,ey
ay,ay
iy,iy
k,k
ah,ah
eh,eh
ax,q
d,g
ix,ix
s,s
ax,ix
f,f
dcl,dcl
n,n
dcl,dcl
aa,ao
tcl,kcl
l,l
r,r
ih,ix
q,ix
g,k
bcl,dcl
ow,ow
ax,ah
iy,y
t,f
gcl,dcl
bcl,dcl
eh,ae
q,q
q,kcl
v,p
iy,iy
axr,axr
axr,axr
q,q
t,s
axr,er
ae,ae
r,r
w,w
q,tcl
dh,dh
t,t
t,dcl
ix,ix
dh,dh
tcl,tcl
sh,sh
n,n
ux,ux
ix,er
gcl,dcl
dcl,dcl
k,kcl
axr,er
l,l
p,p
q,q
q,q
bcl,tcl
hh,p
dcl,dcl
ix,ih
eh,eh
w,w
jh,jh
gcl,gcl
dx,dx
ax,ix
hh,k
axr,ih
t,t
k,p
ih,ih
tcl,tcl
l,l
ao,ao
l,ng
n,dcl
ix,ix
ch,jh
ih,ih
ay,ay
dcl,dcl
ux,ux
gcl,tcl
ix,iy
ax,ax
em,k
n,n
s,s
er,er
ow,ow
ae,ae
gcl,dcl
z,z
eh,ih
ax,l
iy,iy
gcl,ux
ax,l
l,ao
uw,uw
w,w
k,p
kcl,kcl
ow,ow
ax-h,ix
axr,axr
s,s
m,n
ae,ae
ey,ey
s,s
ae,ae
w,w
el,el
m,m
eh,ix
ax,ax
f,f
gcl,dcl
dx,dx
n,n
n,n
w,w
ng,ng
ix,ix
iy,iy
s,s
ih,iy
s,s
r,r
ae,ae
dcl,dcl
hv,hv
ix,ix
axr,axr
iy,iy
kcl,kcl
aa,aa
ax,ix
oy,oy
ix,dh
eh,eh
kcl,kcl
dx,dx
z,s
iy,iy
s,s
r,r
ix,ix
n,n
dcl,dcl
f,f
ey,ih
l,l
aa,ah
iy,iy
f,f
eh,eh
ao,ao
s,s
s,s
ah,l
q,ow
ey,iy
pcl,gcl
n,n
bcl,dcl
en,kcl
dx,dx
bcl,tcl
l,l
ng,ng
iy,iy
eh,eh
t,t
d,t
ix,iy
z,z
ae,ay
ah,ay
r,r
eh,ae
n,n
w,w
b,dh
sh,sh
ih,eh
ix,ix
ix,r
n,ax
ow,l
oy,oy
y,y
ax,ax
r,r
ix,iy
z,z
iy,iy
aa,ao
ax,l
dx,dx
eh,eh
hh,hh
ey,ey
ax,l
ae,ay
z,s
jh,jh
ih,ih
k,k
v,v
n,m
r,r
s,z
w,w
dcl,dcl
sh,sh
uw,uw
l,l
t,ch
l,ay
k,t
el,l
uh,q
l,l
f,f
gcl,gcl
k,k
en,ix
l,ix
z,s
l,l
eh,ix
sh,sh
q,q
z,z
bcl,pcl
eh,ix
n,n
tcl,dcl
eh,eh
s,s
t,t
q,ax
el,ao
r,er
s,s
m,m
pcl,pcl
r,r
l,l
n,n
er,er
pcl,pcl
ey,iy
s,s
dcl,dcl
r,dx
tcl,dcl
r,r
aa,aa
z,z
ix,r
ey,ey
t,t
d,dh
tcl,tcl
r,r
dcl,dcl
ay,ay
r,r
kcl,kcl
n,dcl
axr,axr
gcl,kcl
f,f
bcl,dcl
ao,aa
ah,aa
tcl,kcl
t,hh
tcl,tcl
w,w
kcl,kcl
ux,ux
pcl,tcl
th,th
dx,dcl
tcl,pcl
gcl,dcl
ah,ax
l,l
ao,ao
s,s
aa,aa
dcl,n
axr,axr
eh,eh
ih,ey
dh,t
s,s
d,t
iy,ih
eh,ih
iy,iy
eh,er
ah,ah
ix,ix
iy,iy
en,n
dcl,dcl
dh,k
ix,ix
aa,ao
n,n
ae,ae
dcl,dcl
iy,iy
dh,dh
s,s
bcl,bcl
q,dx
g,p
ax,ax
eh,ae
er,ay
n,n
ih,iy
s,s
el,ow
z,s
y,y
dx,dx
q,q
hv,n
n,n
z,z
tcl,pcl
ih,ih
er,er
q,tcl
ax,l
ix,l
en,m
th,th
ae,ae
s,s
aa,ao
l,l
r,r
ey,ey
iy,iy
dh,dh
er,r
ix,axr
iy,iy
iy,iy
ih,ux
ah,ah
en,m
iy,iy
kcl,kcl
d,t
l,l
axr,axr
tcl,tcl
l,l
dcl,dcl
l,ax
ah,ix
z,sh
er,er
y,y
tcl,dcl
s,s
ih,ax
g,g
gcl,kcl
dcl,dcl
kcl,kcl
tcl,tcl
ux,iy
tcl,kcl
dx,dx
dh,dx
kcl,tcl
tcl,tcl
ih,eh
s,s
axr,axr
p,p
ax,w
n,n
ih,ih
ix,ix
ux,iy
axr,axr
ow,l
l,l
axr,er
kcl,kcl
ae,ae
f,f
kcl,tcl
t,t
v,r
s,s
ao,r
ih,ih
ow,l
n,n
axr,axr
tcl,tcl
n,n
kcl,kcl
ow,ow
y,y
pcl,pcl
l,ix
aa,aa
iy,iy
r,r
axr,er
n,dcl
f,f
ae,ae
m,n
l,m
y,y
q,q
r,r
ao,aa
iy,iy
n,n
s,s
ax,ax
r,r
ih,ih
sh,sh
hh,p
tcl,dh
m,m
v,dx
ih,ih
r,r
q,q
w,w
ae,ae
sh,sh
ix,r
n,dcl
ix,r
pcl,pcl
l,l
gcl,dcl
ay,ay
aa,aa
z,z
n,n
l,l
ix,ix
dh,dh
ix,l
dcl,tcl
l,ix
ey,ey
ah,ah
m,n
pcl,pcl
n,n
s,s
l,l
ng,n
sh,sh
tcl,tcl
n,n
tcl,tcl
n,nx
l,l
ow,ow
s,s
t,t
iy,iy
ao,ao
ix,ix
w,w
l,l
axr,ah
w,m
kcl,kcl
s,s
ih,y
uw,ux
ae,ae
ow,ow
gcl,dcl
kcl,kcl
dcl,dcl
ng,n
ch,ch
ah,ix
p,p
l,l
ax,ax
z,s
ih,ix
kcl,kcl
ix,ix
p,p
m,m
axr,r
dx,dx
ax,dx
n,n
q,ax
ey,iy
kcl,dcl
r,r
ao,ao
ih,ix
r,axr
kcl,kcl
ey,ey
l,l
f,pcl
s,s
d,l
g,m
iy,iy
m,kcl
n,n
ax,w
th,f
r,r
k,tcl
v,v
eh,eh
ix,ix
ao,ao
v,ix
ch,sh
ix,ih
dx,dx
iy,iy
ix,ix
z,z
n,n
ix,ix
ay,ay
kcl,kcl
eh,axr
n,n
ah,ao
ix,ix
iy,iy
z,z
dx,dx
k,p
f,dh
n,n
ay,aa
tcl,kcl
ah,ah
z,s
tcl,kcl
pcl,kcl
n,n
eh,r
z,z
ay,aa
ey,ey
l,l
v,v
p,p
kcl,tcl
ax-h,p
uh,uh
iy,iy
jh,sh
er,er
ah,ix
kcl,tcl
v,v
r,r
s,s
t,d
aa,r
ux,ux
iy,iy
dh,v
w,w
ao,ao
bcl,dcl
z,s
ah,ah
s,s
f,f
bcl,bcl
f,f
l,l
k,k
ah,ix
k,k
d,d
v,r
gcl,kcl
tcl,pcl
el,w
z,z
y,iy
ih,ix
iy,iy
dcl,dcl
v,dcl
ix,ih
axr,axr
ae,ae
ae,ae
k,k
f,kcl
kcl,kcl
ix,iy
z,z
q,r
dcl,tcl
eh,eh
ix,iy
r,r
t,t
pcl,tcl
ae,ae
m,m
uh,ih
ng,m
dcl,pcl
q,q
iy,iy
gcl,gcl
ix,ix
iy,uw
k,dh
ay,aa
ng,dcl
w,w
q,q
m,m
tcl,tcl
l,l
ey,iy
ix,dh
pcl,kcl
bcl,tcl
s,s
dx,dx
ah,ah
q,tcl
iy,ey
th,f
kcl,tcl
n,n
eh,eh
y,ih
ih,ih
w,w
d,k
hh,dx
t,t
tcl,dh
iy,iy
l,l
l,l
r,r
ax,ah
n,n
n,ng
s,s
t,t
zh,jh
aa,ay
gcl,dcl
ay,ay
m,n
r,r
kcl,kcl
m,n
pcl,tcl
ih,ih
y,y
f,f
ay,ay
n,n
s,s
dh,dcl
m,m
er,er
ah,ah
ix,r
l,l
ix,ix
z,s
t,t
n,dx
eh,eh
gcl,kcl
ux,iy
kcl,dcl
pcl,pcl
n,tcl
q,q
kcl,kcl
ix,ix
dh,dh
ix,r
ae,ae
k,k
ix,ih
ax,ax
l,l
ix,ix
er,er
ch,ch
dcl,dcl
r,r
iy,iy
ax,ix
ax,ix
n,n
tcl,kcl
ih,ix
axr,ux
ah,l
iy,iy
l,l
gcl,bcl
ax,ix
ix,ix
axr,r
n,n
s,s
ax,ax
r,r
r,r
ey,ey
r,r
m,n
r,q
w,w
ih,ih
z,s
s,s
r,r
ah,ah
pcl,pcl
jh,jh
ix,axr
g,g
ao,ao
iy,iy
tcl,tcl
ae,ae
ax,v
ch,ch
f,f
kcl,kcl
hv,hv
ay,ay
bcl,dcl
eh,ah
t,t
iy,iy
ey,iy
ih,ix
ng,m
l,l
ao,ao
ih,ow
n,n
el,w
er,er
hh,hh
ix,ix
ih,ix
oy,oy
sh,sh
ax,ih
m,m
hv,hv
ae,ae
ow,l
z,s
q,q
g,g
aa,aa
w,w
ih,axr
ay,eh
n,n
kcl,pcl
axr,r
ih,ih
y,y
aa,aa
ae,ae
iy,ih
r,r
r,r
s,s
g,k
iy,iy
z,z
n,ax
y,iy
m,dcl
th,th
g,g
tcl,dcl
ax,ax
k,k
m,m
r,ah
tcl,kcl
s,s
eh,eh
axr,er
ix,d
k,k
iy,iy
eh,eh
n,n
el,l
jh,jh
n,n
ix,ix
ey,ey
s,s
r,r
eh,ey
r,r
iy,iy
ax,ax
jh,jh
dx,dx
l,l
n,ng
r,r
en,en
iy,iy
kcl,kcl
l,ih
ih,ih
r,r
ax,ax
eh,ax
k,k
iy,iy
dcl,tcl
sh,sh
s,s
iy,iy
s,s
y,y
l,l
ix,ix
eh,eh
l,l
eh,eh
v,v
t,t
hh,p
ux,iy
ih,er
ih,iy
aa,aa
el,ow
w,w
y,y
uw,m
k,p
n,n
axr,er
ix,ih
sh,sh
ih,ax
p,p
z,z
tcl,pcl
ao,r
ng,n
tcl,tcl
m,w
n,n
k,k
l,l
iy,y
f,f
r,r
n,n
n,n
ix,ix
iy,iy
iy,iy
bcl,dcl
t,t
k,g
ae,ae
n,n
r,r
kcl,kcl
eh,eh
eh,eh
sh,sh
s,s
s,s
m,m
ix,ix
ax,el
ix,ih
iy,iy
ey,iy
uh,ix
k,k
aa,ah
er,er
eh,ah
p,kcl
f,f
uw,uw
f,p
ow,ow
m,bcl
ah,ow
dcl,dcl
iy,iy
ay,ay
s,s
s,s
ey,ey
kcl,kcl
n,n
tcl,tcl
aw,aw
r,w
tcl,kcl
s,s
l,l
s,s
aa,ao
dcl,dcl
m,n
y,y
ng,ng
p,p
dx,kcl
gcl,dcl
g,k
dcl,dcl
ux,iy
tcl,gcl
gcl,dcl
n,n
tcl,tcl
r,r
n,n
s,s
ae,ae
ae,ae
kcl,tcl
el,ao
k,k
ih,ih
iy,iy
iy,iy
ux,ux
w,w
tcl,kcl
p,p
kcl,kcl
l,l
m,m
ih,ix
dx,dcl
n,n
er,er
aa,aa
sh,sh
hv,hv
eh,ah
s,s
ax,ax
ae,ae
r,r
d,q
s,s
iy,iy
m,m
q,q
v,dx
ng,ng
gcl,nx
ah,ow
w,w
axr,axr
bcl,v
t,t
r,r
sh,sh
t,s
n,m
y,y
gcl,dcl
ix,l
ix,ih
g,t
ow,l
k,k
axr,r
s,t
s,s
ay,ey
sh,sh
kcl,kcl
r,eh
iy,iy
er,er
w,w
tcl,tcl
s,s
eh,ae
d,t
v,v
ix,ix
iy,iy
n,n
pcl,pcl
ax,ax
t,t
kcl,kcl
k,k
ow,l
tcl,kcl
ux,ix
v,v
dcl,dcl
ay,ay
eh,ah
n,m
kcl,kcl
kcl,tcl
g,p
dcl,dx
z,s
iy,iy
p,p
ix,ix
ux,iy
w,w
jh,jh
n,n
w,w
ow,r
axr,ix
kcl,kcl
el,ow
r,r
tcl,tcl
ih,iy
f,f
r,eh
t,t
d,t
ao,ah
kcl,pcl
ng,n
ao,ao
iy,iy
kcl,kcl
dcl,tcl
w,l
iy,iy
er,r
f,s
y,iy
iy,iy
axr,r
ux,ux
s,s
p,p
axr,er
s,s
pcl,pcl
iy,iy
s,s
hh,dh
s,s
n,n
hh,k
v,bcl
hv,hv
ao,ao
iy,iy
b,p
f,f
iy,ey
d,d
ae,ae
ax,ix
ux,iy
dcl,dcl
dx,dx
ax,ax
m,n
l,l
ae,ae
axr,ix
ih,ey
f,f
ax,ax
ih,ix
iy,iy
iy,ix
n,n
n,n
dcl,dcl
ah,ah
iy,iy
tcl,tcl
axr,iy
q,q
iy,iy
s,sh
v,dx
ah,ah
l,l
v,v
r,r
sh,sh
w,w
ae,aw
aw,aw
dcl,dh
s,s
ix,ix
kcl,tcl
d,t
iy,iy
dx,dx
r,r
eh,ah
ay,ah
ux,iy
ix,ix
ay,ay
ae,ay
t,t
axr,axr
sh,sh
eh,eh
dcl,dcl
ao,ao
t,t
ay,ay
tcl,tcl
k,k
eh,eh
l,l
dx,dx
kcl,tcl
ax,ah
el,l
ih,ih
ix,ix
sh,sh
w,r
dx,dx
tcl,tcl
hh,kcl
jh,jh
z,f
ix,ix
el,w
w,w
dcl,dcl
uw,ih
l,l
ux,ux
ay,ay
uw,ux
r,d
l,l
v,dcl
hv,hv
tcl,dcl
axr,r
eh,ah
sh,jh
q,q
ix,ix
aa,aa
nx,n
dcl,dcl
t,t
kcl,kcl
t,t
r,r
r,m
l,l
axr,ix
ao,ao
ih,eh
dcl,dcl
z,z
iy,ix
m,m
ay,ay
sh,sh
m,m
f,f
t,k
g,k
ax,ix
n,n
ax,ax
f,f
w,w
t,p
axr,r
k,k
sh,sh
n,n
tcl,tcl
t,t
g,kcl
ix,ix
ax,ae
ih,eh
r,r
ix,ix
r,r
ih,uh
z,z
y,y
l,l
kcl,kcl
ay,ay
s,s
axr,axr
tcl,bcl
ih,ix
s,s
eh,ix
ix,iy
dh,dh
el,ax
z,z
r,ix
ih,ih
s,s
pcl,pcl
gcl,gcl
ix,ix
f,f
ow,ow
ax,ax
v,w
l,l
ix,ih
ix,m
q,q
ax-h,iy
er,er
k,k
jh,jh
ux,ux
dcl,dcl
eh,eh
ey,ae
ih,ix
ax,axr
ih,ow
ix,eh
z,s
ix,ih
ix,ix
t,t
tcl,dcl
pcl,dh
el,ow
ix,eh
iy,iy
r,r
aa,ah
q,dcl
t,t
t,t
ao,ao
ow,ow
ix,ix
uh,uh
r,r
gcl,dcl
dcl,pcl
r,r
sh,sh
axr,r
kcl,pcl
iy,iy
axr,axr
n,n
kcl,kcl
l,l
ix,ix
v,v
k,k
l,l
iy,iy
iy,iy
n,v
r,r
ix,ix
ax,ix
l,w
aw,aw
k,k
n,n
kcl,gcl
nx,ax
n,m
l,l
ay,ay
r,r
kcl,tcl
ix,ix
ih,ih
n,n
ae,eh
ow,ow
iy,ux
bcl,kcl
oy,oy
n,m
hh,hh
ix,ey
n,n
l,ah
ax,ax
r,r
ay,ay
y,n
uh,ux
s,s
iy,iy
sh,sh
m,dcl
eh,ae
s,s
q,r
er,er
dx,dcl
n,n
ay,ay
gcl,dcl
th,f
r,r
w,w
ih,ih
ah,ah
s,s
m,m
m,n
t,t
ey,iy
k,k
ch,sh
n,n
n,dcl
r,r
aa,aa
n,n
ih,ix
eh,ah
m,bcl
oy,oy
w,w
dcl,dcl
iy,iy
q,q
ix,ix
d,jh
iy,iy
iy,iy
iy,ey
iy,ey
w,w
axr,r
aa,aa
m,w
ih,ax
hv,hv
n,n
z,th
d,d
ax,ah
ow,ow
ix,ix
dcl,dcl
q,q
dcl,dcl
eh,ax
ey,ey
axr,axr
tcl,kcl
ae,eh
pcl,dcl
t,ch
th,th
axr,axr
g,k
s,s
f,f
t,dh
sh,sh
ih,ix
eh,eh
pcl,pcl
gcl,dcl
sh,sh
m,m
m,n
tcl,tcl
gcl,kcl
ao,ao
ix,ix
ao,ao
n,n
axr,r
z,z
er,axr
n,n
n,n
tcl,bcl
jh,jh
pcl,kcl
r,r
aa,er
v,dcl
m,hv
t,t
kcl,kcl
l,l
dh,dh
eh,aw
s,s
ix,ix
aa,aa
pcl,pcl
bcl,pcl
iy,iy
kcl,kcl
w,w
axr,aa
ix,ix
tcl,kcl
z,s
p,p
el,el
s,s
n,n
ay,ay
ao,aa
ah,ix
tcl,tcl
m,m
z,z
jh,jh
w,w
z,k
g,g
k,k
n,n
n,n
p,p
q,kcl
r,r
n,n
l,l
ow,aw
bcl,bcl
z,s
dcl,tcl
l,n
kcl,kcl
ix,ix
ow,ow
er,axr
axr,axr
ix,ix
f,pcl
pcl,kcl
z,s
k,k
r,r
gcl,n
ih,eh
aa,aa
axr,l
k,k
l,l
t,t
n,n
w,w
ow,ow
ix,ix
tcl,tcl
l,l
bcl,n
uw,ux
r,r
r,r
ae,ih
ao,ao
ey,ey
hv,p
z,z
p,p
nx,n
kcl,pcl
l,ax
kcl,kcl
ah,ay
s,s
m,n
ao,eh
eh,eh
ux,ux
tcl,tcl
tcl,tcl
z,s
ng,ng
y,n
ax,l
axr,r
q,q
y,y
s,s
gcl,tcl
tcl,tcl
th,s
l,l
ix,ih
eh,ae
tcl,n
l,ah
sh,s
ih,ax
kcl,kcl
m,n
d,t
tcl,tcl
ux,ux
y,ih
n,n
n,n
l,ax
m,m
kcl,kcl
iy,iy
er,er
iy,iy
iy,ux
q,q
m,m
ah,ae
f,f
s,s
ah,oy
s,s
s,z
tcl,kcl
dcl,dcl
bcl,bcl
n,n
aw,aa
bcl,bcl
axr,axr
ih,eh
r,r
s,s
v,n
r,axr
dcl,dcl
z,s
ao,aa
iy,iy
ih,ih
z,s
m,n
k,k
l,l
dh,dcl
ow,ow
f,f
ey,ey
ay,ay
iy,iy
aa,aa
p,k
ih,ix
tcl,tcl
ix,ix
dh,v
ix,ih
s,s
ix,ax
s,s
eh,iy
ix,iy
tcl,w
iy,iy
w,w
n,n
ih,ih
s,s
ng,n
l,l
axr,r
w,n
ax,ax
l,l
bcl,pcl
pcl,pcl
gcl,dcl
uh,ix
ae,ae
tcl,tcl
s,s
kcl,tcl
r,r
ay,ay
w,w
r,r
iy,iy
n,n
s,s
w,dcl
ix,ix
tcl,dcl
kcl,kcl
ae,ae
dh,dcl
tcl,tcl
r,r
el,w
sh,sh
ay,ay
w,w
eh,ih
sh,sh
z,s
dcl,pcl
kcl,kcl
t,t
ix,ix
p,p
q,ao
k,k
pcl,dcl
s,s
ow,ow
ow,aw
gcl,dcl
n,n
ow,ow
iy,iy
ae,ae
pcl,kcl
l,eh
pcl,pcl
hh,hh
iy,iy
bcl,bcl
w,w
b,p
ow,ow
m,m
tcl,kcl
n,n
r,r
ix,ay
ix,ix
iy,iy
tcl,dcl
em,m
dx,tcl
en,en
iy,iy
eh,eh
y,y
ix,r
ae,ae
l,iy
z,z
jh,jh
l,l
iy,iy
axr,ax
er,axr
k,k
ow,ow
ey,ey
ow,ow
r,r
ao,ao
n,m
l,l
w,w
ih,ih
ey,ey
dh,dh
l,l
ax,ix
k,k
eh,ix
aa,aa
n,bcl
tcl,tcl
ow,ow
r,r
ah,ah
s,z
bcl,kcl
aa,ao
ay,ay
n,n
r,r
f,th
l,l
iy,iy
aa,ao
ah,ah
t,dh
kcl,kcl
pcl,pcl
iy,iy
b,d
ax,ax
ax,ah
ix,ix
n,en
th,th
axr,axr
n,n
ey,ih
s,s
hh,hv
ix,l
dcl,dcl
kcl,kcl
z,s
ih,iy
ae,ae
k,jh
kcl,kcl
tcl,tcl
r,ix
ay,ay
t,k
ix,ix
t,t
tcl,z
z,z
axr,ax
n,dx
m,tcl
l,l
uw,r
ix,ix
iy,iy
iy,iy
er,axr
el,ow
er,ao
q,q
r,r
sh,sh
ao,ao
f,f
y,y
n,ix
dx,dcl
iy,iy
k,k
m,m
k,k
ao,ao
r,r
ux,ix
bcl,bcl
ao,ao
q,iy
z,z
f,f
el,el
sh,sh
ey,ey
tcl,pcl
ih,ux
k,k
tcl,jh
r,axr
z,z
ix,ax
s,s
aw,aw
eh,ey
hh,hh
z,z
ix,ix
ax,ax
s,s
hh,hh
z,z
n,q
f,f
ix,iy
ux,ux
ax,l
er,er
gcl,r
ax,ax
w,r
pcl,dcl
w,w
dh,th
bcl,bcl
v,kcl
l,m
s,s
axr,axr
zh,jh
s,jh
s,s
m,m
ih,ax
ah,aa
bcl,bcl
kcl,gcl
axr,er
dx,dx
ay,ay
ih,ih
ah,ay
s,s
y,y
z,s
jh,jh
v,v
n,m
ih,ih
dcl,dcl
m,m
pcl,kcl
iy,iy
ux,ux
jh,jh
hv,hh
n,n
pcl,pcl
f,f
q,q
n,m
axr,er
ih,iy
t,jh
tcl,dcl
dcl,tcl
n,n
n,n
dcl,dcl
ih,iy
ah,ah
hv,hv
v,f
ix,ix
pcl,p
ux,ux
k,p
q,q
iy,ix
dh,kcl
q,tcl
iy,iy
eh,eh
ng,n
y,y
ey,ey
ih,ey
q,q
z,z
ay,ay
ae,ae
dh,kcl
eh,eh
y,iy
iy,iy
s,s
ao,ao
iy,iy
ey,ey
pcl,pcl
m,dcl
n,n
n,n
bcl,bcl
el,l
s,s
ao,ah
ax,ix
k,k
ay,ay
n,n
dcl,dcl
eh,eh
dcl,pcl
ao,ao
n,n
el,el
l,l
r,r
kcl,kcl
ih,ux
n,n
n,n
ah,ah
r,r
ao,l
ax,r
tcl,tcl
iy,iy
z,s
ih,ix
d,d
n,n
r,axr
s,s
iy,iy
ao,r
r,axr
f,f
ao,ay
pcl,pcl
z,z
er,er
t,jh
k,k
n,n
ae,eh
bcl,bcl
iy,ux
ih,eh
ey,ey
l,w
th,f
ih,ax
ah,ao
ih,axr
gcl,n
kcl,kcl
ix,ix
ao,ao
sh,sh
ih,ih
n,ix
axr,axr
ey,ey
sh,sh
ay,ae
ax,l
ey,ey
s,s
w,w
dcl,dx
iy,iy
r,r
el,l
ax,l
bcl,bcl
r,v
w,p
iy,iy
f,f
s,s
m,m
n,n
w,w
uw,ux
l,l
ux,ux
kcl,kcl
ix,ix
y,iy
jh,sh
ae,ae
ay,ay
ax,ax
aw,aw
ih,ux
t,t
ng,n
ow,ow
r,v
ix,ix
ay,ay
s,z
z,s
q,q
ix,ix
r,r
b,p
tcl,dcl
ix,ih
ix,y
dx,v
eh,ah
ey,eh
tcl,dh
iy,iy
y,y
dcl,dcl
uh,ax
ae,ae
bcl,bcl
ao,ao
ih,ih
g,k
ow,aa
z,z
v,tcl
sh,sh
uw,uw
kcl,kcl
p,t
n,n
l,l
ay,ay
l,ax
n,n
ix,ih
ng,ng
dcl,tcl
ae,ae
iy,iy
ih,ih
ao,el
ae,ae
l,w
dh,th
ix,ix
r,r
dcl,dcl
ux,ux
t,t
k,k
hh,hh
r,r
ao,ao
dh,kcl
s,s
th,f
n,m
ng,m
kcl,kcl
axr,axr
aa,oy
ix,ih
ix,iy
bcl,bcl
gcl,dcl
iy,iy
pcl,pcl
ao,ao
b,b
ax,ax
jh,jh
iy,iy
eh,ix
aa,ao
ae,ae
ix,ih
jh,dcl
ao,ao
ey,ey
g,g
ix,iy
nx,nx
ix,iy
l,l
m,n
p,p
ng,ng
ao,l
gcl,gcl
w,w
z,s
t,d
er,er
ix,iy
hh,g
ix,dcl
y,y
q,axr
iy,iy
s,sh
ey,ey
m,dcl
dh,p
tcl,dcl
ae,ae
ao,ao
eh,eh
g,k
eh,eh
eh,eh
dh,v
g,g
aa,aa
ah,l
ao,l
n,n
s,s
n,n
m,ng
ih,ih
ix,ix
ix,ix
r,r
dcl,dcl
n,ux
ih,iy
n,n
pcl,pcl
ax,l
m,en
ih,ix
gcl,kcl
p,p
r,r
axr,er
n,n
z,z
ix,ix
tcl,dcl
tcl,tcl
ih,q
k,k
r,r
y,y
w,w
tcl,kcl
tcl,dcl
sh,sh
tcl,tcl
n,n
iy,iy
iy,iy
r,r
ih,eh
pcl,pcl
ix,ix
hh,n
ix,ah
k,k
ay,ay
d,t
aa,ao
ao,ao
s,s
w,w
kcl,kcl
r,r
g,g
k,k
tcl,dcl
t,t
s,t
ax,l
l,l
l,l
p,p
f,f
ah,ah
dcl,dcl
eh,ih
y,y
s,z
k,g
ax,ah
m,m
ih,iy
aa,ay
gcl,dcl
s,s
m,m
jh,jh
bcl,m
kcl,f
en,m
kcl,kcl
k,k
iy,y
ah,m
k,k
aa,aa
m,n
ae,ae
ix,n
dcl,dcl
r,r
ao,ao
q,q
ah,eh
r,r
tcl,tcl
ah,eh
eh,eh
aa,ah
z,z
n,en
ae,ae
ae,ae
ch,sh
sh,sh
y,y
z,z
n,n
q,l
ix,dh
axr,r
dh,d
r,ax
axr,axr
ao,ao
r,r
ix,ix
r,r
ch,sh
th,th
n,n
ay,ay
ix,ix
iy,iy
ow,l
dcl,dcl
dcl,dcl
ix,iy
tcl,tcl
eh,eh
dcl,dcl
k,k
kcl,dcl
r,r
eh,ix
ax,l
l,l
t,k
z,s
ao,ao
ng,m
w,m
s,s
f,f
ey,ix
s,s
iy,ix
z,z
w,ng
ah,ah
er,er
iy,iy
bcl,bcl
eh,eh
gcl,bcl
n,ng
iy,iy
w,w
tcl,kcl
l,l
ng,n
kcl,pcl
iy,iy
ix,iy
w,w
tcl,dh
ng,ng
ux,ix
s,s
l,l
s,s
s,s
axr,r
sh,sh
l,l
p,p
n,n
ah,eh
d,t
t,t
dcl,dcl
axr,axr
m,m
iy,iy
ih,ix
iy,iy
ix,ix
tcl,kcl
n,n
ax,l
f,f
iy,iy
z,z
l,l
en,ax
eh,ey
dh,dh
w,w
m,m
z,z
uh,uh
ah,eh
dh,dh
dcl,kcl
t,k
tcl,kcl
t,t
b,dh
ix,nx
k,k
pcl,dcl
y,jh
ax,ax
pcl,dcl
ih,ih
kcl,kcl
gcl,dcl
iy,iy
m,n
axr,axr
eh,ey
bcl,dcl
ih,ih
nx,l
k,tcl
q,q
s,s
l,ix
l,l
iy,ey
n,n
ah,ah
k,k
dh,tcl
p,p
ao,ao
bcl,bcl
l,l
ao,aa
aa,aa
ay,ay
s,s
axr,ax
ae,ae
ih,ix
y,y
hv,hh
ow,l
ux,ux
ih,r
ao,ow
iy,iy
f,f
ng,dcl
ow,el
v,v
z,s
s,s
hh,k
kcl,kcl
er,er
jh,ch
ow,ow
ix,ix
iy,iy
r,r
l,l
ih,ih
w,w
t,t
ax,r
dcl,dcl
aa,ah
ih,iy
tcl,kcl
r,r
ae,ae
kcl,kcl
ah,ah
k,k
w,l
pcl,tcl
v,v
ao,ao
s,s
dcl,dcl
n,n
f,f
ch,ch
r,r
m,m
dcl,dcl
jh,d
q,q
f,f
r,r
r,r
gcl,dcl
aa,aa
f,f
w,w
hv,hv
m,m
dx,dx
r,r
r,r
k,k
iy,iy
y,y
s,s
iy,iy
l,l
f,p
f,tcl
f,f
ih,y
p,p
aa,aa
dh,v
r,axr
axr,axr
s,s
s,s
tcl,pcl
ix,r
ao,aa
r,r
ao,ao
ay,ey
kcl,kcl
s,s
ix,ix
r,r
k,k
gcl,dcl
ey,ey
iy,iy
dcl,dcl
ch,t
pcl,pcl
er,axr
r,r
ix,ix
pcl,tcl
ih,ih
en,n
r,q
z,z
dh,dh
iy,iy
t,t
s,s
tcl,tcl
l,l
y,y
gcl,kcl
ae,ae
ae,ae
dcl,dcl
ow,ow
gcl,dcl
s,s
kcl,kcl
kcl,pcl
s,s
uh,l
s,z
eh,ae
dx,dcl
l,l
jh,z
q,q
iy,iy
p,p
l,l
ih,ix
kcl,kcl
ix,ix
k,k
ch,jh
sh,sh
axr,axr
n,n
w,w
ey,ey
l,l
dcl,dcl
n,n
ow,ow
ih,iy
eh,eh
kcl,kcl
n,n
ix,ix
aw,ah
dcl,tcl
tcl,pcl
th,v
ix,ix
r,r
ix,ix
t,jh
n,n
s,s
y,dh
hh,ix
ax,ax
ao,ao
s,s
v,v
g,g
ng,m
y,y
pcl,tcl
s,s
ey,iy
bcl,dcl
aa,axr
ax,ax
y,ux
g,d
d,q
sh,sh
eh,ih
iy,iy
l,l
pcl,pcl
n,n
w,w
n,ix
kcl,gcl
n,n
axr,r
ix,iy
pcl,kcl
ix,ix
z,l
axr,axr
n,n
el,el
ay,ay
tcl,tcl
ow,ax
dh,dh
er,ey
ih,iy
dcl,dcl
bcl,tcl
z,z
jh,jh
s,s
s,s
r,l
v,dcl
l,l
ah,ae
z,z
ng,n
z,z
tcl,tcl
z,s
tcl,tcl
iy,n
aa,ao
ng,n
n,ng
ax,ax
v,bcl
t,t
iy,iy
tcl,pcl
ix,ix
eh,eh
k,k
kcl,kcl
gcl,dcl
ax,l
dcl,dcl
z,s
iy,iy
z,z
r,r
m,m
ae,q
l,l
jh,d
en,n
z,z
ih,ih
th,s
ix,ix
axr,ix
ax,ax
s,s
tcl,tcl
n,n
q,w
kcl,kcl
s,s
eh,ix
er,er
pcl,pcl
ay,iy
eh,ix
dx,dcl
kcl,tcl
t,k
q,q
z,th
aa,eh
eh,ow
l,ax
ae,ae
ay,ay
tcl,tcl
z,s
y,iy
iy,iy
s,sh
el,ow
ay,ae
s,s
axr,axr
iy,ix
z,s
w,w
f,f
gcl,dcl
t,t
ix,ah
ux,ux
dcl,dcl
axr,axr
y,y
aa,aa
iy,ix
axr,r
er,axr
dcl,bcl
k,k
aa,aa
eh,ae
eh,ix
ax,ix
th,f
ix,ix
iy,iy
eh,ih
tcl,tcl
ax,m
iy,iy
tcl,tcl
n,n
dcl,dcl
ix,ix
r,r
l,l
r,r
el,l
ix,ix
f,f
w,w
ih,ih
ah,ah
p,p
ao,aa
eh,ah
gcl,dcl
d,d
iy,iy
n,n
pcl,m
r,r
m,m
ah,l
el,el
r,r
eh,eh
m,m
dh,n
sh,sh
iy,iy
w,w
kcl,kcl
ih,eh
y,iy
r,axr
tcl,kcl
sh,sh
kcl,kcl
ix,l
k,g
m,m
pcl,kcl
sh,jh
aa,aa
tcl,tcl
l,l
n,n
r,r
en,q
iy,iy
pcl,th
m,m
dh,n
k,k
m,n
ey,ey
dh,dh
k,kcl
en,n
s,s
ax,q
kcl,kcl
f,f
m,m
ih,ih
dcl,pcl
l,w
r,l
s,s
tcl,tcl
ix,ix
y,q
l,l
r,r
s,s
dx,dcl
w,w
r,r
kcl,kcl
ux,ix
m,n
kcl,m
ah,ax
ih,ix
ow,ow
ix,ix
dcl,dcl
aa,ay
l,l
eh,ih
dcl,tcl
dcl,dcl
eh,eh
aa,ao
eh,eh
iy,iy
eh,ih
axr,axr
ao,w
tcl,dcl
r,r
s,s
hv,axr
d,dh
ay,ay
q,kcl
pcl,pcl
ih,ih
ao,ao
ay,ay
ix,ah
ay,ey
k,k
ao,ay
dcl,dcl
pcl,tcl
el,ow
iy,iy
er,er
ay,ay
ay,ay
uw,ux
z,s
l,l
eh,eh
ax,ax
pcl,pcl
tcl,dcl
l,l
t,p
nx,n
ix,ax
ix,ax
t,jh
s,s
ix,ix
kcl,kcl
v,v
k,k
s,s
p,p
ix,ix
z,s
tcl,tcl
m,m
k,k
f,f
l,l
q,q
k,kcl
dcl,dcl
aw,ae
t,t
eh,ih
axr,r
gcl,dcl
t,p
th,f
f,f
ix,ix
eh,ae
dcl,tcl
ux,ix
eh,ih
q,tcl
bcl,dcl
th,pcl
z,jh
gcl,dcl
ae,ae
n,n
l,l
pcl,dcl
dx,dh
kcl,kcl
m,m
g,g
ax-h,g
f,f
pcl,kcl
k,k
kcl,k
n,n
p,p
f,f
s,s
q,q
s,s
eh,ae
k,k
n,n
nx,n
g,k
ix,ix
iy,iy
k,k
tcl,dcl
nx,l
ix,iy
n,n
k,t
q,l
bcl,bcl
n,n
z,s
k,k
ix,ix
ow,ow
aa,ay
oy,oy
tcl,tcl
hh,hh
kcl,dcl
aa,aa
kcl,kcl
w,w
f,t
m,m
jh,jh
bcl,bcl
m,m
eh,iy
uw,ux
ax,ah
dcl,gcl
ix,ih
ux,ix
n,n
dcl,dcl
ix,iy
l,ow
r,r
dcl,dcl
f,f
dh,dh
axr,ax
q,ix
tcl,tcl
dh,v
z,s
t,t
ey,ey
ih,ix
dh,dh
y,y
ow,l
uw,uw
s,s
ih,ix
m,m
ae,eh
ix,ax
uw,ao
m,m
f,f
axr,er
bcl,bcl
ao,ao
q,q
ao,ao
ix,ix
s,s
k,p
aa,aa
m,m
t,k
eh,eh
f,f
ah,ah
iy,iy
n,n
axr,ax
ah,ax
m,m
m,m
n,tcl
l,l
k,k
z,z
sh,sh
tcl,tcl
ah,r
s,s
m,n
b,dcl
ih,iy
iy,iy
sh,s
dcl,bcl
ax,ah
q,kcl
ey,ey
r,q
iy,iy
l,l
s,s
uw,w
s,s
f,f
y,iy
eh,ih
z,s
n,dx
t,t
sh,sh
ay,ay
ae,ae
tcl,tcl
gcl,gcl
v,l
eh,ae
el,el
ah,ah
hh,g
l,l
gcl,dcl
l,l
l,r
k,k
eh,ey
ix,ix
ng,ng
n,m
sh,sh
aw,dcl
ix,ix
m,n
pcl,kcl
ix,dh
iy,r
pcl,tcl
jh,jh
gcl,gcl
z,s
ax,l
p,t
ux,ux
ax,ah
dcl,tcl
t,jh
ih,ix
ih,ix
ae,ae
axr,r
r,r
axr,er
s,s
iy,y
f,f
er,er
ix,ih
er,er
q,pcl
l,l
kcl,kcl
tcl,kcl
iy,iy
tcl,kcl
n,tcl
kcl,kcl
ng,n
k,k
m,m
f,f
s,s
k,hh
ao,er
s,s
iy,iy
p,k
gcl,gcl
ay,ay
t,k
ah,ah
er,ix
s,s
y,iy
bcl,bcl
p,g
uh,uh
ih,iy
eh,eh
r,ix
el,el
s,s
uh,k
ih,ix
l,m
w,w
sh,s
k,k
p,p
ax-h,v
aa,ao
hv,hv
er,r
k,k
n,n
ao,ao
dcl,dcl
sh,sh
r,axr
iy,iy
z,z
oy,oy
n,m
n,dcl
ae,ae
ch,ch
er,er
f,f
er,ao
ao,ao
eh,iy
pcl,pcl
f,f
tcl,tcl
f,f
w,w
k,g
l,l
s,s
ax,ax
w,uw
w,n
gcl,kcl
axr,axr
d,d
tcl,dcl
eh,eh
ow,ow
ix,ix
ix,ix
ih,ey
z,z
iy,iy
s,s
r,r
l,r
ix,ix
iy,iy
r,r
pcl,pcl
ah,ax
axr,er
nx,m
ax,l
iy,iy
ix,ih
kcl,pcl
ow,ow
dcl,dcl
axr,axr
l,l
n,n
axr,r
iy,iy
ix,ih
iy,ih
bcl,pcl
ix,ux
bcl,bcl
ao,ao
ix,ix
ah,ah
dcl,dcl
m,m
r,hv
eh,r
z,z
tcl,tcl
n,n
kcl,tcl
q,q
iy,iy
k,k
nx,dcl
iy,iy
t,t
kcl,kcl
ix,ix
ax,ah
axr,r
k,k
eh,eh
iy,iy
ch,t
kcl,k
p,p
hh,p
aa,ax
r,r
n,n
tcl,tcl
ow,ow
tcl,tcl
v,v
ng,n
er,er
eh,eh
s,z
eh,eh
w,ix
s,s
s,s
v,v
gcl,bcl
s,s
t,t
s,s
l,l
k,p
ay,ay
tcl,tcl
r,r
ih,hv
w,w
dh,th
eh,ae
iy,iy
k,k
s,s
w,w
s,s
ae,ae
ow,ow
en,n
l,l
dh,v
ix,ix
y,y
z,jh
dx,n
f,f
tcl,dcl
w,l
ch,jh
ow,ax
ix,ix
ae,ae
kcl,kcl
sh,sh
ih,ih
er,er
bcl,kcl
gcl,dcl
ey,iy
t,t
en,n
dcl,dcl
kcl,kcl
dcl,dcl
m,m
ah,ah
m,m
y,iy
z,s
aa,r
ah,ah
r,ax
ae,ae
aa,aa
s,z
v,dh
t,p
r,r
kcl,kcl
k,k
ix,ix
k,k
uw,uw
n,n
aa,aa
iy,iy
eh,ih
ao,ah
nx,n
dh,dh
ih,ih
r,ix
ao,m
ix,ix
ey,ey
ih,ey
oy,oy
kcl,kcl
aa,ao
iy,iy
k,k
l,l
eh,eh
axr,axr
t,t
y,y
er,r
s,jh
dh,dh
jh,jh
er,er
r,r
hv,hv
kcl,kcl
tcl,tcl
gcl,dcl
iy,iy
y,y
l,l
r,axr
t,t
k,p
tcl,kcl
n,n
p,p
dx,dx
hv,hh
aa,ah
kcl,kcl
ah,ah
m,m
dcl,dcl
w,ao
p,k
uh,ih
ux,ix
jh,jh
ix,ix
ow,el
s,s
axr,ix
z,s
ix,ix
g,k
m,l
t,k
bcl,bcl
z,z
ix,ix
g,g
n,m
ix,en
ix,ix
g,k
k,z
ao,ao
q,dh
eh,eh
v,v
n,n
kcl,kcl
hh,s
kcl,kcl
ax,l
iy,iy
ey,ey
ix,ix
sh,sh
kcl,kcl
ow,el
dcl,tcl
en,m
iy,iy
dcl,v
q,ax
ax,p
tcl,dcl
ow,l
ax-h,hh
kcl,kcl
th,th
m,p
iy,iy
r,r
jh,jh
em,n
ux,y
m,m
v,v
f,s
sh,sh
ng,n
kcl,kcl
y,ix
s,s
z,z
z,s
axr,axr
r,ax
m,en
r,r
ix,ix
ah,eh
bcl,bcl
z,s
axr,axr
en,dcl
f,p
ih,ih
l,l
dcl,tcl
k,k
dh,kcl
ux,uw
n,n
dx,dx
l,l
k,k
n,n
r,r
sh,tcl
kcl,kcl
n,n
tcl,tcl
ow,ow
n,nx
pcl,pcl
th,z
iy,iy
dh,t
ux,ux
l,l
ih,ih
l,l
kcl,kcl
p,p
ay,ay
z,s
ax,l
gcl,dcl
sh,sh
axr,axr
eh,ih
gcl,gcl
s,z
ay,ay
n,n
ix,ix
dcl,dcl
l,l
t,p
r,r
f,f
f,f
pcl,pcl
l,l
eh,eh
tcl,kcl
gcl,dcl
ch,ch
dcl,dcl
kcl,tcl
ih,ih
ih,ix
axr,axr
r,axr
ao,ao
b,k
p,k
dcl,dcl
bcl,dh
ax,l
k,k
z,z
s,s
ao,ow
ix,ix
y,dh
n,m
iy,iy
aa,ao
n,n
ao,ao
ae,ae
ng,m
r,r
m,m
iy,iy
el,w
l,l
pcl,kcl
l,l
q,q
er,er
iy,iy
r,axr
axr,axr
ey,iy
f,f
ax,ax
ax,axr
w,w
eh,ix
axr,w
ux,ux
z,z
m,m
iy,iy
tcl,kcl
ae,hv
p,p
ae,ae
ae,ae
ah,l
uh,l
ix,ix
ay,aa
iy,iy
ax,ix
z,s
ix,ix
hv,hh
bcl,m
ao,ao
kcl,pcl
n,n
ih,ih
gcl,tcl
iy,ix
r,r
aa,aa
s,s
eh,eh
eh,eh
p,p
gcl,dcl
p,p
ow,ah
zh,z
ao,ao
l,l
m,n
ey,iy
ix,ix
m,n
eh,ey
ih,ix
iy,iy
ax,ax
n,n
th,th
pcl,tcl
dh,p
ix,ix
n,n
w,w
dcl,dcl
ey,ey
sh,sh
dcl,dcl
s,s
r,r
z,z
l,l
eh,aa
iy,ih
ix,ax
sh,sh
s,z
tcl,dcl
w,n
ix,ix
ix,ix
ng,m
ih,iy
m,m
kcl,kcl
w,l
f,f
l,n
r,r
kcl,kcl
ae,ae
ng,ng
ix,ix
iy,iy
ae,ae
y,y
dcl,dcl
eh,eh
ih,ix
k,k
r,r
pcl,kcl
q,q
aa,aw
s,th
pcl,pcl
z,s
ae,ae
k,t
ay,ay
k,g
m,m
ix,iy
dx,dx
k,k
iy,iy
p,p
iy,iy
ay,ay
ix,ix
m,dx
ey,ey
f,f
q,kcl
ax,dcl
tcl,tcl
w,w
r,r
ih,ih
iy,iy
m,m
ay,ay
ao,aa
tcl,tcl
zh,zh
t,t
ix,ix
ax,r
iy,iy
axr,er
gcl,dcl
ax,ax
s,s
iy,iy
ix,iy
gcl,m
ux,iy
dcl,tcl
s,s
n,n
ch,ch
ax,axr
ao,ao
s,s
en,n
aa,aa
t,t
dh,dh
s,sh
r,ix
ih,ix
tcl,tcl
ih,ih
r,r
d,jh
sh,sh
eh,eh
s,s
nx,nx
l,l
v,v
pcl,tcl
dx,dx
ae,ae
tcl,tcl
s,s
hh,p
ah,aa
dcl,dcl
hv,hv
aa,aa
ah,l
k,k
ae,ae
z,s
k,k
w,w
n,n
ow,ow
g,k
p,p
nx,dx
kcl,k
t,t
s,s
em,m
f,f
n,n
dcl,dcl
r,r
l,l
ng,ng
dx,dx
ix,iy
ax,ax
iy,iy
kcl,kcl
tcl,tcl
r,r
sh,sh
k,k
ih,iy
iy,ih
uw,uw
ih,ix
ey,ey
axr,axr
l,l
s,s
w,w
l,l
tcl,tcl
kcl,kcl
ix,r
r,r
f,f
dcl,dcl
n,n
r,er
aa,ay
ax,ax
kcl,tcl
p,g
z,z
nx,dx
ih,ix
t,jh
sh,sh
n,n
pcl,kcl
ih,ih
ix,ey
ux,ux
n,n
th,f
ih,r
ae,ae
er,er
r,r
ah,ah
iy,iy
l,l
n,n
n,n
ax,q
d,l
ow,ow
y,y
w,w
dx,dcl
m,m
w,w
aa,aa
s,s
r,r
kcl,tcl
gcl,kcl
iy,iy
s,s
axr,axr
ae,ae
eh,ae
ow,ow
ow,ao
iy,iy
ix,ax
tcl,kcl
r,r
iy,iy
axr,r
m,m
aa,aa
r,r
z,z
eh,ih
ih,iy
ix,ix
m,m
tcl,kcl
sh,sh
kcl,tcl
ae,hv
f,f
bcl,dcl
ix,ix
t,t
ae,ae
kcl,kcl
n,ix
v,v
s,s
ix,ix
l,l
s,s
m,iy
w,l
n,dcl
gcl,dcl
r,r
kcl,tcl
n,n
aa,ao
pcl,dcl
oy,oy
oy,oy
t,f
r,r
n,n
ae,ae
n,ng
y,y
w,ax
n,n
n,dh
uw,l
t,t
dcl,dcl
ey,iy
iy,iy
n,ng
t,t
ix,ix
m,m
m,ix
ae,ae
z,s
p,p
ax,w
tcl,kcl
eh,ah
r,iy
kcl,tcl
kcl,kcl
sh,sh
ow,ow
ey,ey
eh,eh
r,r
sh,s
iy,iy
ch,z
iy,iy
dh,bcl
r,r
ax,ax
gcl,m
v,v
n,m
k,kcl
sh,sh
ah,l
m,n
tcl,gcl
ae,ae
ng,m
en,n
tcl,tcl
ay,ae
ao,ao
l,l
gcl,gcl
dh,dh
t,t
s,s
ax,ax
f,f
iy,iy
w,w
er,er
ax,ax
ix,r
aw,aw
k,k
k,k
v,n
ih,ih
n,n
q,q
ah,ah
iy,ey
iy,iy
ao,ao
z,z
dcl,jh
ix,ax
er,er
axr,r
ix,ix
b,g
ow,ow
r,r
iy,iy
n,dcl
iy,iy
eh,ae
k,k
axr,er
ih,ix
ey,ae
sh,sh
m,n
l,l
n,n
tcl,dcl
z,s
y,iy
t,t
n,n
ao,ao
ax,ax
m,m
g,p
sh,sh
tcl,tcl
ix,ix
z,s
z,s
s,s
w,w
s,sh
r,r
kcl,kcl
m,m
tcl,tcl
l,l
l,l
s,s
ow,axr
th,s
tcl,tcl
hh,jh
iy,iy
jh,th
tcl,kcl
l,ix
dcl,bcl
k,k
n,m
ao,aa
ey,ey
t,t
l,l
axr,ih
g,k
aw,ae
dcl,dx
axr,q
axr,axr
axr,r
n,m
ix,ix
axr,ix
g,g
m,n
bcl,n
ey,ey
ey,ey
ey,ey
th,th
gcl,dcl
tcl,tcl
g,k
en,ng
dcl,dcl
dcl,tcl
dh,v
ay,ay
iy,iy
iy,iy
ix,iy
ix,ix
p,k
ae,ae
f,f
m,n
ey,ey
kcl,kcl
m,m
dx,dx
s,sh
k,p
pcl,kcl
dcl,dcl
k,k
kcl,kcl
ah,eh
ix,eh
hv,y
s,s
kcl,tcl
ax,ix
ae,ae
q,q
d,dh
l,l
w,w
kcl,kcl
n,n
iy,iy
m,m
y,iy
bcl,bcl
ax,ix
th,tcl
ae,ae
w,w
n,dcl
ao,aa
ax,l
r,r
l,l
s,s
kcl,bcl
dh,dh
ix,en
n,n
t,t
m,m
r,axr
l,l
kcl,kcl
ax,ax
eh,eh
r,r
tcl,q
gcl,bcl
tcl,kcl
ix,iy
ax,w
v,m
aa,aa
ux,ih
aa,aa
iy,iy
kcl,n
bcl,ng
n,n
kcl,kcl
t,t
dcl,tcl
ao,ow
axr,er
ih,ix
k,k
ow,uh
kcl,kcl
ix,ix
t,t
axr,er
s,s
w,w
eh,aa
r,r
ch,ch
axr,axr
ao,ao
iy,ux
ux,ux
q,q
pcl,pcl
jh,jh
ay,ay
t,t
iy,iy
t,t
tcl,tcl
ax,r
ih,l
w,w
aw,ow
t,t
n,n
er,er
axr,ux
gcl,gcl
m,m
axr,er
s,s
ah,aa
ix,ix
z,s
dcl,dcl
t,dh
q,q
y,y
r,r
r,r
ax,m
t,t
er,ao
m,m
s,s
q,q
eh,eh
tcl,tcl
tcl,dcl
s,s
sh,sh
n,q
r,er
t,d
p,p
ao,ao
ux,iy
ax,ax
ah,ae
aa,aa
iy,iy
dx,dcl
iy,iy
ae,ae
iy,iy
n,n
s,s
sh,s
s,jh
g,t
r,ah
q,q
aa,aa
d,y
m,m
ey,ey
g,g
eh,ey
l,l
ix,ix
ao,ao
er,er
f,s
axr,r
kcl,kcl
en,m
m,n
ix,ix
er,er
z,z
n,n
ax-h,tcl
iy,iy
n,n
tcl,kcl
ux,ux
tcl,tcl
r,ix
m,m
ch,t
l,ow
s,z
kcl,tcl
sh,sh
l,l
tcl,tcl
ao,ao
sh,sh
iy,iy
axr,axr
axr,ix
sh,sh
n,n
oy,oy
axr,axr
bcl,bcl
dcl,tcl
pcl,tcl
gcl,bcl
s,s
gcl,gcl
ng,n
tcl,pcl
q,ow
v,ax
ow,el
bcl,bcl
t,t
ey,ae
l,ax
eh,er
aa,aa
n,n
ey,ey
kcl,kcl
pcl,pcl
s,s
ng,ng
n,m
axr,er
l,l
s,s
t,t
er,axr
ih,ix
t,t
y,ux
iy,iy
k,k
jh,sh
ao,ow
ih,ih
r,ix
s,s
pcl,pcl
dcl,dcl
ix,eh
kcl,kcl
ax,r
n,m
nx,nx
ao,ao
t,t
dcl,dcl
l,l
iy,iy
sh,sh
ax,ax
ah,ah
iy,ix
ay,ay
gcl,tcl
r,r
dh,dh
iy,ih
r,r
ax,l
s,s
m,m
hv,hv
en,n
er,r
ix,ix
z,z
v,v
iy,iy
l,l
hv,hv
r,r
ae,ae
dcl,dcl
kcl,kcl
ix,q
ao,ao
em,m
ay,er
ao,ao
tcl,gcl
w,w
ix,ix
ey,iy
d,p
ih,ix
ax,ax
l,l
ao,oy
l,l
iy,iy
r,r
eh,ix
aa,ao
tcl,dcl
sh,sh
ay,aw
aa,aa
kcl,kcl
z,s
dh,dh
l,l
p,p
s,s
er,eh
w,m
bcl,bcl
y,y
iy,iy
k,k
ax,ix
n,ng
gcl,dcl
ux,y
z,s
iy,iy
pcl,kcl
k,k
q,iy
tcl,dcl
ih,r
z,hh
eh,eh
n,n
aa,aa
l,l
n,n
ih,ih
bcl,n
tcl,tcl
n,n
m,m
ih,ih
r,r
zh,jh
q,q
q,q
iy,iy
ao,aa
hh,hh
ix,eh
r,r
gcl,tcl
eh,eh
m,m
dcl,tcl
y,r
ax-h,tcl
iy,iy
ae,ae
iy,iy
dcl,dcl
l,l
z,z
hv,hh
m,m
l,l
kcl,kcl
bcl,bcl
eh,ih
l,l
y,w
uh,ix
eh,eh
bcl,bcl
gcl,dcl
r,w
dcl,dcl
zh,sh
ay,ey
sh,sh
r,r
s,s
tcl,tcl
iy,iy
m,bcl
ae,ae
l,l
l,l
aa,aa
w,w
kcl,pcl
ao,ao
dcl,dcl
v,v
r,axr
iy,iy
ix,ix
ax,eh
p,p
sh,sh
r,r
w,w
p,p
dh,k
ax,ax
s,s
ow,el
iy,iy
aa,ao
l,ow
q,q
oy,oy
k,k
l,ax
r,r
t,t
f,f
uh,ix
aa,ay
n,m
sh,sh
w,l
aa,ay
q,q
dx,dx
q,q
r,r
tcl,tcl
t,ch
pcl,kcl
y,y
ae,ih
sh,sh
r,r
n,n
axr,axr
ey,iy
ch,jh
k,k
iy,iy
t,t
ix,ix
ih,ih
ih,ih
ey,ey
ao,ao
ix,ix
s,ch
w,w
dx,dx
r,er
dcl,dcl
bcl,dcl
iy,iy
s,t
kcl,kcl
k,k
n,n
ih,ih
ae,ae
ax,l
ae,ae
tcl,kcl
ih,ix
aw,aa
s,s
ax,ax
hv,hv
iy,iy
tcl,dcl
iy,iy
tcl,tcl
ih,ux
ao,ao
ao,w
p,p
ih,ix
r,r
ih,l
v,v
er,er
s,s
iy,ey
ix,ax
axr,axr
uh,ax
ax,eh
y,y
d,p
kcl,kcl
ae,ae
pcl,pcl
q,kcl
aa,ao
r,r
ae,ae
ae,ae
iy,iy
pcl,kcl
ay,ay
ay,ay
ih,axr
v,v
eh,eh
kcl,kcl
s,s
s,sh
t,d
ih,ix
z,z
iy,iy
d,t
kcl,kcl
ah,r
axr,axr
kcl,kcl
ay,ay
z,z
n,n
l,l
er,axr
th,t
w,w
l,l
ix,ix
q,q
oy,oy
nx,n
pcl,pcl
ih,ix
s,ch
sh,sh
r,r
ix,ix
dh,dh
dcl,dcl
er,axr
uw,ux
p,p
pcl,tcl
r,r
t,t
ih,eh
m,m
dcl,dcl
p,p
ay,q
kcl,kcl
z,z
ix,ax
t,t
w,w
bcl,r
tcl,tcl
s,s
t,t
ay,ae
ae,ae
dh,dh
l,l
dcl,dcl
r,r
m,m
l,l
s,s
tcl,dcl
y,y
hh,tcl
uw,el
ao,ao
tcl,kcl
hv,hv
kcl,kcl
ux,ux
ae,ae
n,m
kcl,tcl
l,l
t,t
n,dcl
ow,ow
ix,w
sh,sh
r,r
dcl,dcl
iy,iy
t,jh
w,uw
ix,ix
ih,ih
r,r
ix,r
ow,q
m,dx
ix,ix
d,d
w,l
kcl,kcl
s,s
nx,n
ih,ih
ao,ao
z,s
gcl,dcl
dh,pcl
l,l
w,w
q,dx
uh,ih
th,th
m,m
ae,ae
ih,ae
axr,axr
el,l
iy,iy
m,m
l,l
f,f
ao,ao
l,w
ey,ey
n,n
t,t
s,s
dh,ax
l,l
r,ax
n,n
v,r
ay,aw
tcl,tcl
ow,ow
g,k
dcl,dcl
dcl,dcl
s,s
jh,jh
f,f
eh,eh
ao,aa
s,f
r,r
er,axr
gcl,dcl
n,n
y,y
z,z
iy,iy
dcl,dcl
q,ax
ax,r
q,kcl
k,k
k,k
tcl,pcl
hv,nx
ix,iy
r,dx
r,r
ay,ay
ow,ah
ax,l
dh,n
ae,ae
en,dcl
iy,iy
r,ix
n,n
hv,ix
iy,ih
gcl,gcl
ax,uh
ah,ax
kcl,kcl
pcl,pcl
ae,eh
eh,ae
axr,r
y,y
eh,axr
q,ow
ih,ix
l,l
axr,r
ix,ix
z,z
ax,ix
ix,ix
s,s
ah,ah
pcl,kcl
kcl,kcl
uh,w
kcl,kcl
n,n
dcl,dcl
ay,ay
ix,axr
s,z
k,k
y,y
k,dcl
ix,ix
k,k
s,s
ey,ey
ao,ao
n,dcl
tcl,tcl
k,k
aw,ow
s,s
ih,ih
hv,hv
q,q
r,r
dh,ix
z,s
dcl,dcl
l,l
ih,ix
gcl,dcl
w,w
z,z
ae,ih
kcl,kcl
kcl,kcl
ix,ix
ey,ey
k,k
ae,ae
ey,ey
b,p
eh,eh
f,f
eh,eh
tcl,tcl
l,ix
ow,ow
ao,l
ax,ax
t,d
v,v
y,ix
l,l
ao,ao
pcl,pcl
y,y
iy,ix
ay,ay
t,k
en,n
uw,r
iy,iy
s,s
pcl,pcl
dcl,dcl
l,l
ih,ah
l,l
sh,sh
sh,sh
y,y
ow,ow
axr,axr
ih,ix
l,l
kcl,kcl
bcl,pcl
n,m
q,q
hv,hv
ax,ax
ay,ay
tcl,tcl
f,f
ax,ax
iy,iy
iy,iy
ih,ih
f,th
ae,ae
dh,z
eh,eh
n,n
l,l
aa,ah
er,er
ax,l
axr,axr
ax,l
f,f
ae,ae
k,k
eh,ah
eh,aw
gcl,dcl
ih,ih
ih,ey
aa,aa
r,r
m,m
pcl,kcl
l,l
iy,iy
ih,ix
dcl,tcl
ae,ae
s,s
ah,aa
hh,hh
kcl,kcl
eh,ae
dh,dh
s,s
r,r
kcl,tcl
tcl,kcl
g,g
r,r
ax,eh
w,w
kcl,dcl
ch,t
g,k
iy,iy
w,w
gcl,bcl
ax,ix
k,p
n,pcl
bcl,bcl
r,r
q,ix
n,n
tcl,kcl
t,t
kcl,kcl
y,iy
w,w
ih,ix
ix,ix
aa,aa
l,m
axr,ey
ix,eh
iy,iy
ah,aa
n,n
f,f
r,r
dh,dh
ih,y
sh,sh
tcl,pcl
dh,v
ux,iy
s,s
l,l
axr,r
jh,jh
k,k
ow,ow
s,s
kcl,kcl
uh,ih
aa,aa
ae,ae
m,m
dcl,dcl
z,s
er,axr
ae,ae
ih,eh
ao,q
w,w
m,m
dcl,dcl
aa,aa
p,p
m,m
sh,sh
n,n
ao,ao
s,s
ey,iy
ay,ay
r,r
f,f
el,el
bcl,dcl
dcl,dcl
axr,er
ih,ix
tcl,kcl
k,k
ix,ix
v,el
pcl,kcl
tcl,dcl
kcl,kcl
tcl,tcl
ow,ow
ux,iy
hh,hh
ax,ax
gcl,gcl
er,er
q,q
axr,ux
eh,ih
s,s
n,n
ix,ix
kcl,tcl
tcl,pcl
eh,r
bcl,bcl
ae,ae
ih,ix
l,l
aa,ao
dh,g
z,z
ih,ix
m,m
q,q
m,m
n,n
ng,n
l,l
q,t
k,g
ow,ow
oy,oy
ae,ae
v,v
y,iy
iy,iy
ih,ix
y,y
hh,hh
s,s
n,m
hh,p
m,tcl
k,k
s,s
ix,nx
f,f
w,w
ey,ey
ah,ax
ih,ix
d,t
ax,ax
w,m
t,t
r,r
gcl,dcl
s,s
aa,aa
n,n
ux,ux
hv,p
ah,ax
ah,ah
iy,iy
iy,iy
n,n
sh,sh
er,er
r,r
iy,iy
f,f
f,f
axr,axr
q,q
ae,ey
dh,q
th,s
g,k
r,r
ah,ah
q,ix
eh,ae
s,s
ao,ao
r,r
r,r
aa,ao
iy,iy
er,er
n,n
s,s
ae,ae
r,r
ax,ix
ae,ae
k,k
z,s
iy,y
w,w
dcl,dcl
ix,ix
ah,ah
iy,iy
f,f
ao,ao
z,z
ay,ay
z,z
r,ax
gcl,dcl
ax,ax
dcl,tcl
l,dx
r,r
ay,ay
n,m
l,l
eh,ae
s,s
tcl,tcl
q,ix
z,z
r,r
k,k
ax,ax
eh,eh
ax,l
iy,iy
ng,ng
ix,ix
ng,m
s,z
pcl,v
hv,hv
ax,ax
n,n
er,er
r,r
ao,ao
ax,n
uh,ow
ae,ae
iy,iy
ih,ix
ih,ih
hh,q
r,axr
en,en
ao,aa
kcl,kcl
kcl,kcl
l,l
kcl,kcl
sh,jh
ix,ih
p,n
ey,ix
hv,iy
nx,n
t,k
pcl,pcl
m,m
m,m
tcl,kcl
ix,ix
ix,eh
ao,aa
iy,ey
l,l
s,s
n,m
tcl,gcl
ix,ix
b,t
iy,iy
r,w
tcl,tcl
kcl,hh
ax,ao
iy,iy
dh,t
tcl,tcl
q,q
aa,ax
tcl,kcl
ae,ae
l,l
ih,ix
l,l
tcl,tcl
oy,oy
dcl,dcl
eh,ae
r,axr
dcl,dcl
ax,eh
ix,ix
eh,eh
ax,ax
aa,aa
pcl,pcl
dcl,pcl
ao,ao
ao,ao
n,m
dcl,dcl
er,r
l,l
ax,ax
l,aa
n,n
iy,iy
r,r
ah,eh
pcl,pcl
axr,axr
l,l
g,l
v,v
n,n
y,iy
eh,eh
ix,ix
tcl,tcl
n,n
t,t
kcl,kcl
ao,ao
f,dh
pcl,pcl
r,r
s,s
kcl,kcl
aa,ao
y,iy
sh,sh
z,z
g,k
ix,ax
aa,aa
iy,iy
ax,ix
tcl,kcl
ae,ae
ax,ax
eh,ae
k,g
n,n
r,r
s,s
r,r
y,y
t,t
z,z
kcl,kcl
bcl,bcl
t,dh
ah,ao
iy,iy
f,s
th,th
n,n
k,k
z,z
ix,ix
r,r
er,er
iy,iy
m,v
n,m
iy,iy
ax,ix
l,l
ix,ix
s,s
ih,ih
tcl,tcl
en,m
ow,ow
gcl,kcl
pcl,pcl
n,dcl
ax,ax
m,m
l,m
t,tcl
tcl,kcl
dcl,dcl
p,p
q,q
kcl,kcl
s,s
pcl,dcl
t,q
s,z
p,p
dx,dx
r,ax
t,t
dh,dh
ay,aa
axr,axr
ax,ax
l,l
z,z
n,n
w,w
q,q
l,l
tcl,tcl
f,f
ih,y
q,q
z,z
axr,axr
s,s
l,l
ow,ow
ix,iy
ey,ey
axr,r
ix,ix
pcl,kcl
ng,n
w,w
ow,ow
s,s
jh,jh
y,ih
dx,dcl
l,l
l,l
tcl,tcl
q,q
ix,ix
v,v
kcl,kcl
axr,axr
ax,q
sh,sh
ix,ix
s,s
ix,ix
tcl,tcl
bcl,kcl
axr,axr
ih,ih
dcl,dcl
tcl,dcl
dcl,dcl
w,w
d,dh
kcl,kcl
axr,er
ow,ow
iy,ih
ae,ae
th,s
oy,oy
sh,sh
iy,iy
ix,ix
w,ax
ae,ae
ix,l
w,w
aw,aw
n,n
jh,tcl
k,k
n,ax
gcl,bcl
eh,eh
q,q
s,s
ey,ey
en,n
ch,t
iy,iy
sh,sh
aw,ao
k,p
er,axr
eh,eh
kcl,kcl
nx,n
m,m
iy,iy
eh,eh
ch,sh
tcl,tcl
ey,ey
ey,ey
sh,sh
dx,dx
axr,er
tcl,tcl
z,z
ih,iy
dx,dx
w,w
ao,ow
ao,ao
s,s
s,s
m,m
eh,ae
ux,iy
ux,dh
uw,ux
kcl,kcl
n,n
dcl,dcl
ix,ix
pcl,dcl
ax,ax
r,r
m,m
eh,eh
aa,aa
iy,iy
ah,ah
f,f
m,nx
iy,y
tcl,kcl
jh,ch
q,q
hv,hv
pcl,pcl
m,m
q,q
ax,ax
ae,ae
z,z
sh,sh
ih,ih
kcl,kcl
gcl,dcl
ae,ae
g,k
g,k
dcl,dcl
en,m
l,ax
y,y
d,d
kcl,kcl
iy,iy
eh,er
w,w
ax,ix
l,l
pcl,pcl
iy,iy
s,s
iy,iy
er,er
ah,ah
z,s
n,ng
eh,ae
tcl,dcl
r,ax
ix,ix
aw,ae
f,f
q,l
n,m
tcl,tcl
bcl,bcl
eh,ix
n,n
n,m
er,er
d,tcl
d,r
l,l
kcl,kcl
f,f
n,n
p,th
l,w
ah,aa
bcl,pcl
q,ax
kcl,dh
z,z
ao,ao
dcl,tcl
ix,axr
tcl,dcl
ih,ix
kcl,dcl
ao,ao
kcl,kcl
s,s
axr,r
aw,er
ih,ih
uh,axr
pcl,pcl
k,p
ax,gcl
ah,ax
ux,ux
ix,iy
ix,ix
ix,ix
axr,r
ao,ao
m,m
m,n
sh,sh
y,iy
pcl,pcl
l,l
kcl,kcl
n,dcl
aw,aw
f,f
ey,ey
ix,ax
ay,ay
v,n
ae,eh
ay,ay
axr,r
ix,ix
hh,k
er,er
iy,iy
bcl,bcl
axr,axr
ix,eh
ix,ax
l,l
ae,eh
bcl,bcl
r,er
z,z
eh,eh
zh,z
k,k
s,s
jh,jh
ih,iy
f,v
ae,ae
m,m
r,ow
b,p
w,w
iy,iy
aw,ah
ux,iy
hv,hv
q,q
pcl,kcl
q,tcl
dcl,dcl
ae,ae
v,dx
l,l
er,er
kcl,kcl
w,w
eh,r
s,s
r,oy
ix,eh
r,r
f,z
p,p
iy,iy
m,n
n,n
m,m
gcl,dcl
kcl,kcl
t,t
th,th
s,sh
r,r
w,l
eh,eh
kcl,kcl
ih,ix
ix,ix
dcl,dcl
ae,ae
kcl,kcl
tcl,tcl
n,nx
ax,r
tcl,tcl
r,r
ae,ae
pcl,pcl
ay,ay
w,w
w,w
kcl,kcl
ix,iy
y,iy
oy,ow
iy,iy
ah,ah
t,k
k,p
t,t
hv,hv
eh,ix
bcl,bcl
dh,kcl
k,k
m,m
z,s
ih,ih
dcl,dcl
eh,ix
tcl,kcl
s,s
eh,eh
s,s
n,n
r,r
pcl,pcl
gcl,q
ch,k
ow,eh
ah,eh
ah,ax
q,dcl
ae,ae
tcl,kcl
dx,nx
r,r
v,v
ih,ih
dcl,tcl
uw,uw
dx,nx
r,r
dcl,v
r,r
dcl,dcl
s,z
w,p
ih,ih
ae,ae
l,l
m,m
r,r
sh,sh
tcl,dcl
ux,ux
ix,ix
dh,dh
p,p
kcl,kcl
eh,ae
iy,iy
l,r
ix,ix
r,r
z,s
uh,uh
w,w
s,s
t,d
ao,ao
ao,w
iy,iy
s,s
z,s
nx,dx
ae,ae
t,t
iy,iy
gcl,dcl
r,ax
dx,dx
dh,dh
m,m
ix,ix
pcl,kcl
hv,hv
ng,n
iy,y
eh,eh
ix,ix
er,er
uw,ax
kcl,tcl
z,dcl
er,er
dcl,dcl
tcl,tcl
aa,ao
f,f
iy,iy
ae,ae
ey,iy
t,t
kcl,kcl
k,k
l,ah
ix,ix
dx,ax
ux,ux
k,k
er,r
ao,ao
ae,ae
ao,aa
r,r
z,z
ix,ix
z,z
axr,axr
ax,ax
ix,iy
v,v
ix,r
ux,ux
dcl,dcl
tcl,kcl
k,kcl
ow,ow
q,q
n,l
eh,er
tcl,kcl
n,dh
eh,ah
dcl,dcl
axr,r
er,axr
eh,eh
w,w
p,p
sh,sh
z,z
p,p
q,q
oy,ay
dh,dh
ow,ow
iy,iy
iy,iy
l,l
kcl,kcl
jh,t
ay,ay
iy,y
eh,eh
r,r
ah,ax
kcl,tcl
s,s
r,r
uh,ah
p,p
ae,ae
n,m
s,s
r,ix
tcl,dcl
q,q
v,v
s,s
axr,axr
s,s
ey,ey
q,q
t,t
ax,r
kcl,kcl
ax,ax
ae,ae
d,k
y,y
kcl,kcl
ih,ax
r,ah
t,t
uh,w
axr,axr
dcl,bcl
ey,ey
k,k
n,n
v,v
iy,iy
ay,ae
dh,dh
ax,ah
s,s
k,k
ih,l
bcl,pcl
ix,ix
axr,ao
l,ix
ih,iy
aa,aw
gcl,kcl
ey,ey
er,axr
l,l
tcl,kcl
l,l
l,l
n,n
n,n
kcl,kcl
ae,ae
n,n
l,el
eh,eh
ah,ah
eh,ix
ow,ow
ix,ix
ih,ix
hv,l
ax,q
ch,f
ey,ey
ey,iy
gcl,dcl
iy,iy
er,er
ix,ix
l,dh
gcl,dcl
q,q
s,s
eh,eh
ix,ix
er,r
m,m
el,l
k,k
hv,hv
ux,ix
y,y
n,n
ax,ix
iy,iy
en,n
pcl,pcl
dh,ax
tcl,tcl
dh,tcl
z,s
ix,q
m,m
kcl,kcl
d,k
p,k
ch,jh
dh,dcl
axr,axr
ow,ow
tcl,tcl
iy,iy
pcl,kcl
d,d
l,l
iy,iy
tcl,dcl
r,ao
iy,iy
n,n
axr,r
l,el
oy,oy
tcl,tcl
w,w
nx,q
s,s
er,er
ey,ey
ih,ih
ih,ey
dcl,dcl
v,v
uh,ao
ix,iy
jh,z
ae,ae
sh,sh
ey,ey
eh,ey
v,v
ay,aa
tcl,tcl
ih,ih
s,s
iy,iy
ax,r
t,s
k,k
m,n
q,n
gcl,bcl
ae,ih
m,m
hv,iy
k,k
gcl,dcl
f,f
sh,ch
eh,ah
axr,axr
ow,ow
iy,iy
ng,ng
m,m
ao,ao
ih,ih
n,n
r,r
k,t
iy,iy
ah,uh
ih,ey
v,dx
tcl,tcl
hv,hv
r,r
dcl,dcl
s,z
eh,eh
el,l
f,s
ax,ax
l,l
ix,y
n,gcl
z,s
tcl,tcl
t,t
iy,axr
ey,eh
axr,er
aa,aa
r,r
hv,hh
iy,iy
er,r
k,k
ax,ah
aw,ow
pcl,pcl
dcl,tcl
oy,oy
t,dh
gcl,n
gcl,kcl
p,p
k,k
g,g
pcl,tcl
iy,iy
n,n
r,r
bcl,bcl
ix,ih
ix,ih
ay,ay
y,iy
dx,tcl
w,w
dcl,dcl
ix,ix
ay,ay
t,k
ih,ix
q,q
el,el
l,l
tcl,tcl
pcl,tcl
s,s
k,hh
sh,sh
ix,ix
hh,p
q,q
s,s
ao,ao
kcl,kcl
ix,ih
r,r
ix,ax
v,v
ih,ih
z,z
z,z
ay,ay
l,l
eh,ae
l,l
iy,iy
v,bcl
n,m
ao,ao
v,dcl
ao,ao
oy,oy
ae,ae
iy,ih
t,dh
axr,axr
ix,ix
r,r
q,q
t,t
ae,ae
s,s
ix,q
r,axr
axr,er
ih,ih
z,s
tcl,kcl
ae,ae
gcl,dcl
s,z
f,f
kcl,kcl
hv,hv
ey,ae
dx,kcl
ch,jh
ay,aa
q,q
q,ao
ao,ao
q,q
ah,eh
axr,er
ey,iy
ix,y
ix,ix
tcl,dcl
ix,iy
n,ix
ow,el
r,r
ix,q
n,ix
nx,n
nx,m
s,f
ax,ix
kcl,kcl
ax,ix
iy,iy
ux,ux
q,q
ae,q
k,k
k,k
l,l
jh,jh
er,er
eh,ih
n,n
s,s
pcl,kcl
ng,n
p,p
l,l
aa,aa
ao,r
axr,r
aa,r
tcl,tcl
ux,ux
tcl,kcl
ix,ix
ax,ax
r,axr
eh,ae
f,f
s,s
dcl,dcl
w,w
er,er
dh,dh
ih,ih
ix,ix
z,z
oy,oy
ax,l
uw,m
ix,ax
axr,er
ae,ae
ao,ow
l,l
l,l
dcl,dcl
k,kcl
ae,ah
ix,en
ay,ay
sh,sh
ey,ey
aw,ao
kcl,kcl
ax,ax
s,s
l,l
r,r
pcl,kcl
iy,iy
d,t
v,v
ow,ow
em,w
ao,ao
q,q
ae,ae
f,f
ix,ix
n,n
s,s
dx,dx
t,t
ih,ix
aa,ao
r,r
w,w
k,k
m,n
ah,ah
iy,iy
ix,ax
ix,q
uw,ow
tcl,dcl
iy,iy
el,el
ax,ah
p,p
axr,q
ae,ae
ay,ay
axr,ix
gcl,bcl
kcl,dcl
l,l
r,r
p,p
jh,jh
bcl,pcl
pcl,pcl
s,z
bcl,kcl
ow,ow
axr,axr
ix,ix
iy,iy
n,n
kcl,kcl
m,n
g,k
dcl,dcl
hh,dcl
sh,sh
r,er
ah,ah
l,l
ao,ao
iy,iy
k,k
s,s
ix,ix
s,s
dx,dx
er,er
t,t
ah,ah
sh,sh
dh,p
ih,ih
m,m
g,p
ay,ay
sh,sh
eh,ey
aa,aa
r,ay
ih,eh
v,v
kcl,kcl
l,l
f,th
p,p
ix,eh
t,t
eh,axr
kcl,kcl
ih,ih
n,n
bcl,dcl
ix,ix
bcl,v
n,n
bcl,dcl
pcl,pcl
sh,sh
n,n
n,n
m,m
dcl,dcl
ey,eh
iy,iy
ae,ae
tcl,kcl
dh,dh
s,s
ix,ix
tcl,dcl
jh,ch
ao,w
q,q
ng,uw
ix,ix
kcl,kcl
dcl,n
iy,ih
nx,m
axr,axr
ix,ix
en,n
l,l
dcl,dcl
ax,ax
q,q
dcl,pcl
tcl,kcl
t,t
tcl,tcl
kcl,kcl
kcl,kcl
l,dh
ih,ih
iy,ih
t,t
s,tcl
ah,ah
ao,ao
el,l
ax,w
ih,ix
y,y
ae,ae
s,s
r,r
w,w
er,er
tcl,dh
k,p
ae,ae
s,s
sh,sh
zh,jh
d,t
n,dx
ih,ix
l,ao
z,s
s,s
iy,ng
ix,iy
s,s
l,l
ix,r
p,d
ax-h,n
n,n
n,n
dcl,dcl
r,l
n,m
eh,aw
axr,r
dx,dx
r,r
axr,axr
l,l
uw,ao
tcl,tcl
r,w
ix,axr
sh,sh
m,n
m,m
ao,ao
dcl,dcl
iy,iy
ih,ih
n,n
s,s
iy,iy
axr,w
m,m
aw,aw
ao,ao
r,r
ix,ih
dcl,dcl
r,r
ax,ix
s,s
ax,r
kcl,kcl
tcl,tcl
hv,hh
ix,eh
q,q
ae,ae
tcl,kcl
zh,z
dcl,pcl
ix,ix
ae,ae
v,v
eh,r
sh,sh
kcl,kcl
y,iy
nx,dx
kcl,kcl
g,k
m,m
dh,t
gcl,dcl
n,dcl
q,q
q,tcl
r,r
s,s
aa,aa
p,p
g,dh
ay,aa
ao,ao
n,m
axr,axr
m,m
m,n
n,n
ih,iy
r,r
z,z
w,w
s,s
n,n
ih,ey
iy,y
ix,ix
f,f
n,n
er,er
dx,q
dcl,dcl
r,axr
ih,ix
k,k
axr,er
gcl,v
ih,ih
n,n
ix,ix
sh,sh
l,l
m,m
axr,axr
en,n
f,f
t,jh
n,n
ix,ix
ao,ow
dh,n
ix,iy
dh,dh
iy,iy
dcl,kcl
ix,m
axr,ih
ah,eh
ih,ih
eh,eh
q,q
ih,ih
bcl,pcl
ix,ix
t,z
z,z
ih,ih
axr,ix
v,dh
t,p
bcl,tcl
kcl,kcl
f,f
m,m
m,m
tcl,kcl
iy,iy
ay,eh
dx,dx
ix,ix
p,p
eh,eh
iy,iy
ax,l
er,aa
n,n
t,p
k,k
r,axr
ax,ax
eh,eh
ix,ix
n,dcl
ax,ax
gcl,gcl
r,r
ao,ao
n,n
z,s
ay,ay
en,dcl
hh,hh
aw,aw
ah,ay
l,v
f,f
tcl,en
aa,aa
ih,iy
k,p
y,y
z,s
r,r
hv,hv
r,l
th,th
n,n
kcl,kcl
tcl,kcl
tcl,kcl
gcl,gcl
bcl,v
ix,iy
axr,ao
aa,ah
ay,ay
iy,iy
em,m
q,q
ah,ao
l,l
dx,dcl
w,l
w,w
tcl,pcl
k,k
n,m
iy,iy
ey,ey
l,l
w,w
ix,ix
ih,ih
ao,ow
axr,axr
ix,ix
l,l
ae,ae
dcl,dcl
ey,ey
ao,ao
m,m
ae,ae
ih,iy
t,k
l,l
l,l
ux,ux
dx,y
oy,oy
ix,ux
ey,ih
f,p
l,l
iy,iy
w,l
n,n
kcl,kcl
iy,iy
ah,ax
g,d
aa,aa
ix,ix
r,dx
l,l
q,q
axr,r
ax,l
q,kcl
th,t
ah,eh
n,n
eh,ih
ng,n
iy,iy
m,n
tcl,dcl
ih,ih
n,n
axr,w
s,s
aa,aa
ix,ix
q,q
ch,jh
ah,ah
r,r
ow,ow
n,ix
kcl,kcl
n,n
ay,ey
ey,ey
s,s
nx,n
ao,ao
r,r
r,r
eh,axr
s,s
ao,aa
l,l
eh,ih
s,s
ae,ae
pcl,pcl
aw,aw
n,n
n,w
eh,eh
ix,ix
er,er
ih,ih
nx,n
l,l
en,dcl
ih,r
gcl,dcl
ah,aa
t,t
jh,sh
eh,ix
ah,ah
q,q
k,d
k,k
r,er
kcl,kcl
ey,ey
sh,sh
z,z
v,dx
ix,ux
g,g
w,w
ux,r
ah,ax
axr,w
ix,ix
ey,ey
f,f
kcl,kcl
l,l
iy,iy
s,s
en,dcl
iy,y
ey,ey
s,s
iy,iy
tcl,pcl
ux,iy
kcl,kcl
dcl,tcl
ix,ih
ax,ow
axr,axr
pcl,pcl
tcl,tcl
w,w
uh,ah
dcl,gcl
z,s
m,m
gcl,dcl
s,s
pcl,pcl
ax,l
ux,ux
kcl,pcl
kcl,kcl
dh,dcl
dx,bcl
z,z
eh,eh
iy,iy
sh,f
axr,er
g,kcl
n,n
kcl,kcl
sh,sh
axr,r
r,r
el,ow
ae,ae
ax,l
z,s
s,s
iy,iy
t,t
ih,ix
w,w
m,n
f,f
ix,ih
ax,ax
iy,iy
hv,y
ax,ax
s,s
n,n
ix,ix
q,q
tcl,kcl
eh,eh
axr,axr
uh,ix
z,s
q,w
s,s
v,n
ax,n
n,n
dcl,tcl
v,v
s,s
r,r
l,l
eh,ah
pcl,kcl
r,r
l,eh
ix,ix
p,s
uw,uw
r,r
r,r
kcl,kcl
s,s
en,m
ix,iy
gcl,dcl
ae,ae
dcl,dcl
axr,ax
iy,iy
tcl,tcl
aa,aa
tcl,dcl
m,bcl
ax,ix
axr,er
k,k
hv,hv
s,s
iy,iy
r,r
l,l
l,w
ix,ix
sh,sh
ey,ey
n,l
bcl,dcl
q,ax
z,s
ow,ow
iy,iy
m,m
zh,z
n,m
w,w
s,s
ax,dh
w,w
dcl,dcl
z,z
ch,jh
m,m
ih,ix
m,m
iy,iy
aa,aa
l,w
tcl,dcl
dx,dx
kcl,kcl
kcl,kcl
r,r
m,n
k,k
dcl,dcl
dcl,dx
pcl,pcl
sh,sh
ih,ih
iy,iy
s,s
k,q
r,r
ih,ih
sh,sh
l,l
eh,ae
iy,iy
ax,ax
kcl,dcl
s,s
dh,v
d,t
iy,iy
ix,ix
uw,el
ao,oy
l,l
iy,iy
s,z
ey,ey
ao,ao
l,l
pcl,pcl
ix,ix
z,s
ay,ay
f,f
ih,axr
dh,dh
l,l
ao,ao
r,r
k,g
p,p
tcl,dcl
tcl,tcl
ay,ay
iy,iy
k,k
eh,eh
dcl,dx
ax,ah
ay,ay
tcl,tcl
d,kcl
m,n
r,r
s,s
th,th
g,g
n,n
tcl,f
r,r
ih,ih
iy,iy
uh,ih
r,r
ng,n
ih,ih
ih,ix
el,ax
s,s
iy,iy
tcl,tcl
n,n
el,l
ay,ah
t,t
s,s
dcl,dcl
r,r
ae,ae
iy,iy
r,r
dcl,dcl
ix,ix
kcl,kcl
q,g
m,m
m,m
ax,ix
t,t
s,jh
ae,ae
t,hv
n,n
m,m
pcl,pcl
aa,ah
f,f
s,s
ah,ae
r,r
ax,l
er,r
k,k
ey,ih
t,t
ey,ey
s,s
ao,ao
ng,ng
p,p
ae,ah
ih,iy
ih,eh
uw,ao
ix,ix
oy,oy
l,l
dcl,dcl
eh,ix
k,k
r,r
dh,v
ax,ax
gcl,dcl
f,f
sh,sh
f,f
eh,ix
tcl,tcl
tcl,hh
z,z
ow,ow
jh,jh
l,el
gcl,kcl
axr,ix
r,m
tcl,tcl
eh,ae
ux,ux
dcl,dcl
oy,oy
kcl,kcl
d,jh
n,n
ux,ih
s,s
v,v
iy,iy
ey,ey
hv,hv
tcl,tcl
eh,ix
l,w
s,s
eh,eh
dcl,tcl
eh,ah
ay,ay
ng,n
bcl,tcl
v,pcl
z,z
dh,t
ow,aw
v,gcl
d,p
ao,ao
iy,iy
ao,el
bcl,bcl
r,r
aa,ao
er,er
q,q
n,n
iy,iy
iy,iy
en,n
iy,tcl
r,axr
f,f
s,s
v,q
ao,aw
gcl,kcl
ao,ao
iy,ix
r,r
ay,aw
z,s
tcl,pcl
ix,iy
er,r
iy,iy
ix,ix
s,s
gcl,k
ao,aa
ae,ae
f,sh
l,l
t,p
hh,hh
r,r
ae,ae
iy,iy
ix,y
kcl,kcl
dcl,dcl
eh,eh
f,f
t,d
y,iy
q,q
aa,aa
axr,axr
ah,ay
iy,iy
s,s
en,n
bcl,bcl
dcl,dcl
ow,ow
sh,sh
kcl,kcl
w,w
s,s
eh,ix
eh,aw
k,p
ey,ae
ax,ax
ix,ix
axr,er
ax,ax
l,l
s,s
r,r
ih,ih
s,s
l,l
iy,iy
ix,ix
ih,ix
v,v
r,r
ih,eh
gcl,gcl
kcl,kcl
n,n
q,ix
ix,iy
ix,ix
f,f
s,s
gcl,dcl
q,p
v,tcl
ae,ae
sh,sh
ae,ae
n,n
n,n
l,l
ow,ow
tcl,y
ao,ao
eh,ae
n,dh
n,m
gcl,dcl
ay,ay
gcl,ng
w,l
n,n
dcl,dcl
m,m
dcl,dx
ow,ow
m,m
ax,ax
l,l
kcl,kcl
ah,ah
iy,iy
t,k
bcl,tcl
r,r
iy,ey
ah,eh
tcl,tcl
p,hh
th,dh
oy,oy
aa,aa
ay,aa
ix,ix
ix,ix
q,kcl
ah,ah
axr,axr
tcl,tcl
l,l
iy,ih
z,s
axr,axr
dcl,dcl
iy,iy
s,s
ey,iy
ix,ix
g,d
tcl,dcl
nx,n
pcl,tcl
ae,ae
ao,ao
ih,y
l,l
r,r
ah,ah
z,jh
ae,ae
pcl,pcl
iy,iy
k,k
s,s
ih,ix
gcl,m
iy,hv
dcl,dcl
q,q
kcl,kcl
ix,iy
ch,ch
ix,ih
tcl,tcl
l,ah
ae,ae
ay,ay
eh,eh
dcl,dcl
th,f
p,p
ae,ae
l,w
ix,ix
ix,ix
m,m
dh,dh
ix,ax
er,axr
l,uw
n,n
z,z
n,n
t,k
dcl,dcl
ix,iy
iy,iy
n,n
dcl,dcl
g,k
el,el
s,s
r,w
l,l
ao,ao
ax,ix
ao,ao
l,l
iy,iy
ax,ax
ux,n
q,iy
ae,ae
ax,aw
v,v
iy,iy
tcl,tcl
axr,axr
k,k
ao,ao
tcl,pcl
tcl,tcl
ih,ix
m,m
pcl,bcl
s,s
iy,iy
l,l
pcl,pcl
kcl,kcl
s,z
er,axr
ow,ow
ow,ow
n,dcl
tcl,tcl
ix,ux
ow,ow
s,s
eh,eh
sh,s
eh,eh
ih,iy
ih,ih
ow,aw
dcl,tcl
ih,ih
ax,q
ae,ae
er,er
tcl,tcl
r,r
n,n
z,z
ux,ux
ao,w
r,l
ix,ix
t,s
sh,sh
n,n
l,l
tcl,dcl
ix,ix
s,z
ix,ix
ux,ux
s,s
r,r
dh,dx
ow,ah
z,s
pcl,v
ow,ow
aa,aa
axr,ao
hh,p
ow,ow
ae,ae
l,hv
m,m
q,q
kcl,kcl
t,t
g,g
ao,ao
iy,iy
ix,eh
pcl,pcl
ow,el
tcl,kcl
s,s
tcl,tcl
eh,ah
t,t
f,f
p,p
bcl,bcl
ay,ay
ey,ey
f,f
ah,ah
aa,aa
p,p
dcl,dcl
m,ax
iy,iy
m,m
uh,eh
w,w
hv,y
sh,sh
w,w
aa,ao
dx,y
tcl,kcl
ay,ay
ah,ah
r,r
eh,eh
ah,ah
w,w
r,r
ah,ae
s,s
iy,iy
r,r
axr,er
dh,dh
ae,ae
axr,r
ix,ix
p,p
w,w
v,v
dh,v
k,kcl
p,p
ao,l
jh,zh
n,ng
r,r
ih,ih
s,s
kcl,kcl
kcl,tcl
ow,l
kcl,tcl
ax,ah
er,r
ix,ix
aa,aa
n,m
tcl,kcl
ix,ix
dh,l
dh,v
l,l
d,d
aa,ax
ae,ae
v,v
ux,ux
pcl,dcl
r,r
n,n
aa,aa
ey,ih
tcl,tcl
iy,iy
p,p
sh,sh
n,n
eh,eh
k,k
ow,ow
m,m
k,kcl
bcl,bcl
iy,iy
ix,ix
dcl,dcl
er,axr
th,s
v,n
iy,iy
en,ix
t,t
l,ax
ix,ih
f,f
sh,s
dcl,kcl
r,axr
q,q
y,y
ih,n
eh,ix
p,p
tcl,kcl
ax,dh
y,y
r,r
dx,p
ow,ow
s,s
ix,ix
n,gcl
ax,ix
m,m
z,z
bcl,pcl
f,kcl
tcl,kcl
k,hh
ih,ix
l,l
r,r
axr,axr
ah,ih
tcl,tcl
ih,ih
z,z
z,dcl
s,s
ih,iy
v,f
kcl,kcl
iy,q
y,y
dcl,bcl
iy,ih
ow,l
ey,ey
l,el
kcl,f
l,l
ix,ix
ae,eh
tcl,dcl
t,dh
n,n
s,s
ao,w
ix,iy
eh,ih
kcl,kcl
k,dh
ix,ix
dcl,dcl
ae,ae
eh,ey
iy,iy
tcl,tcl
ax,ah
jh,jh
ix,ix
dcl,dcl
ix,ix
tcl,tcl
q,q
l,ow
ix,ix
w,w
dh,dh
dcl,dcl
iy,iy
g,dh
s,s
dh,dh
g,g
l,l
s,s
l,w
ix,y
ao,ao
axr,axr
kcl,kcl
ng,ng
iy,iy
ix,ix
ow,ow
kcl,tcl
kcl,kcl
th,th
tcl,tcl
ow,aa
z,z
n,en
r,r
nx,m
kcl,kcl
ix,ix
k,k
ih,ix
d,d
ih,ow
tcl,tcl
r,q
r,er
gcl,dcl
ih,ih
aa,aa
k,k
bcl,tcl
r,r
kcl,tcl
r,ix
iy,iy
axr,ih
dh,dh
ax,w
pcl,kcl
r,ax
ay,ay
ix,axr
tcl,tcl
ix,ih
gcl,gcl
ng,n
n,n
w,w
n,n
n,n
y,y
dcl,dcl
v,v
n,kcl
pcl,pcl
pcl,pcl
iy,iy
r,r
pcl,tcl
z,z
g,g
ey,ey
ax,ax
n,m
w,w
ux,ux
z,z
aw,aw
ih,ih
r,er
ao,ao
k,p
n,n
aa,ao
g,kcl
r,r
hv,hv
aa,aa
tcl,kcl
y,y
f,f
n,n
l,ax
sh,sh
g,g
q,q
s,s
ow,ow
n,n
s,s
l,l
ih,ax
er,axr
pcl,kcl
t,t
m,n
k,k
axr,r
ax,w
oy,oy
l,l
r,axr
w,w
ao,ao
pcl,pcl
l,l
ix,ih
ey,iy
n,n
g,m
eh,eh
th,tcl
ix,q
dcl,gcl
l,l
l,l
tcl,dcl
n,n
q,q
hv,v
l,ow
ih,ih
er,er
v,gcl
z,z
q,q
m,m
axr,er
s,s
dh,q
tcl,kcl
hh,hh
iy,ix
r,r
ow,ow
ae,ae
ao,w
t,t
ae,ae
hh,hv
s,s
iy,iy
ow,aw
ax,ix
dcl,tcl
eh,eh
q,q
dcl,tcl
aa,aa
bcl,bcl
l,l
ae,ae
dx,dx
v,v
kcl,k
uw,ux
er,er
iy,y
q,q
s,dh
kcl,pcl
tcl,kcl
ao,ah
t,t
m,n
jh,jh
ng,gcl
ix,ix
t,jh
n,l
tcl,tcl
ah,ah
s,s
ay,ay
bcl,dcl
ah,ax
l,n
tcl,kcl
n,ix
iy,ix
ax,ix
ah,ax
sh,s
ax,l
r,y
bcl,tcl
tcl,tcl
z,z
m,m
er,er
n,m
n,m
ix,ix
m,m
oy,oy
r,ax
v,dh
axr,r
ay,ay
ch,t
dcl,dcl
m,ng
tcl,tcl
t,t
iy,iy
q,q
dx,jh
ow,ow
pcl,pcl
tcl,pcl
ux,ux
tcl,q
w,w
n,n
t,t
w,w
ax,n
iy,iy
ix,ix
d,t
hh,k
s,s
b,dcl
z,z
d,p
v,kcl
s,s
ah,ah
aa,aa
n,n
r,r
s,s
dcl,dcl
k,k
ng,ng
axr,axr
f,f
n,n
dcl,dcl
zh,sh
kcl,kcl
ih,ih
iy,iy
v,f
l,l
kcl,kcl
z,s
ae,ae
w,w
f,f
ih,ih
ah,ah
n,ix
eh,eh
w,w
z,s
gcl,dcl
n,ix
k,k
ay,ay
axr,axr
ix,ix
ah,ay
ax,l
y,iy
sh,sh
w,w
s,s
t,d
q,q
ey,ey
dh,dh
ay,ay
ix,ix
m,m
ih,ix
ao,ao
w,w
kcl,kcl
ae,ih
l,l
n,n
er,r
sh,sh
t,t
f,f
n,n
ih,ax
ao,l
l,m
ax-h,q
f,f
kcl,kcl
ao,ao
iy,iy
q,kcl
ix,ix
ix,ix
ah,ah
pcl,pcl
tcl,tcl
eh,ih
g,dcl
p,p
dcl,dcl
aa,aa
m,m
dcl,dcl
kcl,tcl
ao,aa
ix,ix
aa,aa
kcl,kcl
hv,hv
kcl,kcl
r,r
ix,ix
y,iy
axr,ix
q,ix
ax,ah
iy,iy
ah,ah
f,f
w,w
l,l
k,k
uw,ow
er,ix
ih,r
s,s
q,q
n,n
q,kcl
eh,eh
iy,iy
ix,n
jh,jh
ae,ae
ae,ae
aa,ah
ix,ix
r,r
ix,ix
n,n
k,k
dx,dx
z,z
ux,iy
m,n
jh,jh
iy,iy
w,w
k,k
l,l
r,r
iy,iy
axr,r
tcl,dcl
r,r
kcl,pcl
bcl,bcl
z,z
nx,n
axr,r
tcl,pcl
l,l
pcl,kcl
y,y
ey,ey
kcl,kcl
ix,ix
tcl,tcl
r,r
n,n
sh,s
ey,iy
s,s
aa,ao
ao,ao
k,k
p,p
er,axr
ae,ae
ax,ax
gcl,ng
y,y
s,s
ax,ix
s,s
l,l
er,axr
ao,oy
hv,hv
d,ix
ix,axr
ay,ay
t,t
axr,iy
r,r
er,er
b,p
m,m
hh,hh
iy,ix
m,m
tcl,kcl
l,l
m,n
k,g
gcl,gcl
ae,ae
pcl,tcl
s,s
iy,iy
dcl,tcl
n,n
tcl,tcl
nx,dcl
er,r
aa,aa
ux,y
kcl,kcl
n,n
z,z
w,w
ch,t
dcl,dcl
ix,ix
p,p
q,q
tcl,tcl
en,n
r,r
s,s
f,f
n,m
gcl,dcl
ax,ax
ah,ah
t,t
s,s
gcl,dcl
w,w
v,kcl
dcl,dcl
ah,ae
ay,ay
w,w
eh,eh
ix,ix
ay,ah
th,s
ix,iy
s,s
q,axr
q,n
ay,ay
r,r
n,n
uw,ux
dcl,n
tcl,dh
q,dh
l,l
t,jh
uh,uh
ay,eh
ah,ah
ao,ao
ae,ae
s,s
ah,aa
ux,ux
ay,ay
r,r
ax,dcl
l,n
n,m
eh,eh
ih,ix
dcl,tcl
axr,axr
r,r
iy,iy
ay,ay
ay,ay
ih,ih
n,n
k,k
ah,ah
r,r
m,m
kcl,kcl
r,r
f,f
dcl,dx
bcl,dcl
t,t
gcl,kcl
pcl,kcl
l,l
eh,iy
ae,ae
w,w
ix,iy
n,n
l,l
kcl,kcl
y,iy
p,k
iy,iy
jh,sh
jh,jh
z,z
tcl,tcl
ow,ow
ow,ow
z,z
m,m
kcl,kcl
iy,iy
tcl,kcl
el,el
ae,ae
ax,ah
axr,axr
ao,ao
axr,ao
t,t
p,k
n,l
l,ix
kcl,kcl
ix,ix
ae,eh
kcl,kcl
hv,hv
dcl,dcl
tcl,kcl
bcl,bcl
dcl,dcl
dh,dh
axr,eh
iy,iy
axr,axr
hh,p
dh,dh
kcl,kcl
z,s
ow,ow
hh,dcl
n,n
ax,ix
r,r
ch,ch
l,l
f,f
m,n
r,axr
kcl,kcl
z,z
el,el
m,m
iy,iy
ix,ix
pcl,kcl
l,l
n,n
p,p
y,y
er,r
ao,l
n,n
ao,r
iy,iy
n,n
n,n
s,s
dcl,dcl
ng,ng
w,m
z,z
l,l
ix,ih
pcl,pcl
p,p
ix,en
iy,iy
ix,ix
r,r
nx,n
ux,ux
ey,ey
ux,ix
q,q
t,g
n,ix
w,w
l,l
ah,ah
v,v
kcl,kcl
m,m
dh,dh
ix,ih
uh,ah
n,m
eh,iy
z,s
m,m
ux,ux
m,n
q,q
dx,dx
tcl,dh
s,s
ix,ix
kcl,kcl
v,dcl
q,q
ao,ao
tcl,dh
iy,iy
kcl,pcl
ax,ax
er,er
uh,uh
n,n
kcl,tcl
pcl,pcl
s,s
ix,ix
tcl,p
q,q
ae,ae
axr,r
f,f
tcl,tcl
d,dx
hh,hv
ae,ae
l,l
l,l
s,s
ih,eh
ae,ae
iy,iy
ax,ix
eh,eh
r,r
pcl,pcl
dx,dcl
iy,iy
k,kcl
dcl,dcl
ao,ao
iy,iy
aa,ao
eh,ae
el,l
eh,ey
eh,ah
ix,ix
w,w
s,s
tcl,dcl
tcl,pcl
ax,ax
el,ao
k,k
ch,jh
n,m
kcl,kcl
eh,eh
axr,uh
k,g
ah,aa
eh,ix
dcl,dcl
g,k
er,aa
f,f
d,d
tcl,tcl
gcl,gcl
r,r
t,t
dh,v
p,p
bcl,pcl
iy,iy
tcl,dcl
n,m
ey,ey
q,ix
r,w
ih,ix
th,t
axr,er
ah,ax
jh,jh
p,p
axr,er
z,s
t,ch
ix,ix
ey,ey
k,k
iy,l
ow,ow
n,n
ih,iy
r,aa
iy,iy
dcl,dcl
l,ng
ah,ae
ah,ah
k,k
ao,ao
kcl,kcl
ah,aa
pcl,pcl
ao,ao
r,r
aa,aa
kcl,kcl
aw,ae
ix,ix
eh,eh
tcl,tcl
n,n
iy,iy
tcl,kcl
kcl,kcl
iy,iy
r,r
el,ow
m,m
er,axr
iy,iy
y,gcl
t,t
ay,ay
kcl,pcl
dcl,dcl
f,f
tcl,tcl
ey,ey
r,r
ih,ih
bcl,bcl
l,n
bcl,bcl
ow,ow
bcl,bcl
aa,aa
bcl,bcl
w,l
ix,ix
ae,ae
p,tcl
p,p
kcl,kcl
t,s
kcl,kcl
t,t
w,l
w,w
r,r
ah,ax
m,m
ih,ih
f,f
bcl,bcl
r,r
dcl,dcl
ih,ih
m,m
g,dx
n,r
ix,ix
g,p
ax,q
dh,dh
s,s
w,w
ao,aa
ih,ih
ng,ng
m,m
s,s
n,n
en,l
kcl,pcl
tcl,tcl
dh,dh
k,k
aa,aw
tcl,kcl
uw,ow
axr,axr
s,s
iy,iy
p,p
ix,ix
n,n
eh,r
r,r
dh,v
q,q
ay,aa
bcl,bcl
aw,aw
aa,aa
iy,y
n,n
ih,ih
k,k
l,w
n,dcl
eh,ae
ix,ix
r,r
ih,ih
pcl,pcl
bcl,kcl
y,ih
iy,iy
tcl,kcl
r,hv
bcl,bcl
ay,ay
dcl,dcl
jh,jh
ih,ih
iy,iy
f,f
ey,ey
axr,axr
w,w
axr,r
iy,iy
m,m
pcl,pcl
iy,iy
ax,ax
f,f
dcl,pcl
gcl,tcl
ix,n
ix,ix
tcl,pcl
ow,ow
t,t
dx,dx
n,n
er,er
l,ih
kcl,kcl
n,n
v,v
ux,ux
aa,ao
ix,axr
t,t
l,w
pcl,kcl
el,l
dh,dh
m,m
dcl,dcl
r,w
aa,ao
k,k
w,w
t,t
ow,ow
n,n
ae,ae
ey,ey
ax,hv
hv,hv
n,n
r,r
dh,dh
d,k
z,z
ah,ix
n,n
l,iy
kcl,kcl
ey,eh
n,m
ao,ao
hv,hv
sh,sh
aa,aa
q,q
n,n
ix,ix
iy,iy
kcl,kcl
axr,axr
axr,axr
ng,eng
jh,d
s,s
aa,l
hv,hv
s,z
m,m
w,w
tcl,tcl
k,k
w,w
ih,ix
w,r
ix,ix
tcl,kcl
axr,axr
ae,ae
l,l
s,s
axr,oy
s,s
dcl,dcl
ah,ax
n,gcl
ey,r
iy,iy
v,f
eh,eh
aw,ae
k,kcl
iy,iy
ih,iy
eh,ah
ao,ao
ah,eh
s,s
iy,iy
hv,k
ix,ix
s,s
ay,ay
ay,ay
sh,s
kcl,tcl
l,l
k,p
q,q
t,t
ey,ey
ax,ax
eh,ae
tcl,w
ix,ng
d,dh
k,k
s,s
iy,iy
q,q
ae,ae
gcl,gcl
r,r
f,f
dh,t
g,tcl
kcl,kcl
f,f
k,k
ae,ae
y,y
g,k
ao,r
m,m
ae,ae
er,er
m,l
q,q
r,r
k,k
hv,hv
kcl,p
ax,ix
s,s
m,m
ix,q
f,f
ay,ay
p,q
hv,hh
hv,hv
n,ng
kcl,kcl
ao,ow
ax,ax
jh,jh
pcl,kcl
ix,ix
iy,iy
ey,ey
sh,sh
n,n
iy,iy
s,z
ay,ay
aa,aa
ah,ah
p,p
iy,iy
n,n
tcl,tcl
s,s
jh,jh
s,s
ix,ix
ax,r
s,s
iy,iy
s,s
gcl,tcl
b,k
gcl,tcl
w,w
ax-h,ix
q,q
iy,iy
tcl,v
sh,sh
kcl,kcl
p,p
z,z
l,l
iy,y
sh,sh
l,l
kcl,tcl
r,r
pcl,tcl
t,t
ow,ow
d,t
n,n
s,s
ih,ix
p,s
axr,axr
th,z
f,f
q,q
m,m
kcl,kcl
ix,iy
sh,sh
ax-h,p
th,th
v,v
ix,ix
eh,eh
ah,ax
n,m
s,s
r,r
ax,ix
ow,ow
ix,ih
gcl,kcl
ix,ix
f,pcl
r,r
tcl,tcl
ng,m
m,m
pcl,dcl
ae,ae
q,kcl
ae,eh
dcl,d
pcl,pcl
z,z
ow,ao
d,dx
l,l
iy,iy
eh,eh
dx,dx
sh,sh
g,g
l,l
r,r
n,n
dcl,dcl
l,q
ih,l
dh,dh
iy,ix
w,w
em,m
ax,ax
k,k
ix,y
iy,iy
n,n
ix,ux
aa,aa
dcl,dcl
ay,ay
m,n
t,jh
dh,dh
f,f
l,ow
z,s
z,z
ae,ae
l,l
n,n
dcl,dcl
l,l
sh,sh
ix,ix
el,l
s,s
iy,iy
ax,dh
ih,iy
ax,ix
dcl,dcl
jh,sh
er,axr
kcl,kcl
z,s
tcl,tcl
n,n
ix,iy
kcl,pcl
dh,dh
p,p
r,ah
ux,axr
n,n
er,er
k,k
ao,q
ah,ah
iy,iy
em,n
q,q
l,dx
f,f
axr,axr
kcl,kcl
t,jh
ao,ao
dh,dh
oy,q
iy,iy
s,s
ih,eh
ix,ix
pcl,kcl
ax,ax
ah,ah
aa,ao
ix,ix
iy,iy
kcl,kcl
ih,ix
s,s
axr,er
ow,ow
kcl,dcl
kcl,kcl
s,s
hv,y
r,r
eh,aw
ae,ae
g,g
er,axr
ey,iy
el,el
er,aa
r,v
ae,ae
r,r
y,iy
gcl,gcl
tcl,tcl
n,dcl
t,t
f,f
ao,ao
ax,ax
gcl,dcl
ix,ix
l,l
tcl,tcl
ax,ix
s,ch
ax,ax
ng,n
s,s
eh,ih
gcl,dcl
bcl,bcl
t,t
aa,aa
ow,ow
axr,r
jh,t
iy,ix
w,w
axr,ix
kcl,kcl
kcl,tcl
ih,ah
kcl,kcl
dx,dcl
v,v
dcl,tcl
en,n
y,y
t,t
ih,ih
eh,eh
n,n
ae,ae
oy,oy
iy,iy
w,w
el,l
er,er
n,n
t,t
axr,er
r,r
w,w
kcl,kcl
ix,ix
n,n
axr,axr
k,p
eh,eh
pcl,kcl
iy,iy
kcl,kcl
kcl,tcl
iy,iy
ch,s
l,l
v,v
uw,w
aa,aa
m,m
s,s
s,s
ix,ix
s,s
kcl,dcl
l,l
q,q
z,z
z,s
dcl,dcl
w,n
kcl,kcl
p,p
kcl,kcl
l,l
l,q
ay,ay
nx,n
tcl,kcl
m,m
iy,iy
ih,ih
aa,ao
f,f
tcl,tcl
v,v
tcl,tcl
t,z
ax,ix
z,s
ey,iy
iy,iy
ae,ih
b,dh
ax,ah
k,k
dh,dcl
q,q
eh,er
ih,ih
w,m
gcl,dcl
ey,ey
t,t
l,l
n,n
ah,l
w,m
n,n
iy,iy
v,v
ay,ay
tcl,tcl
iy,iy
sh,sh
tcl,pcl
q,ix
eh,ae
ax,ax
m,m
kcl,tcl
ih,l
z,z
hv,w
ix,ix
hv,kcl
nx,n
ix,ix
m,ix
l,dh
axr,r
r,ax
n,n
aa,aa
dx,dx
l,l
pcl,tcl
ah,ah
y,y
sh,s
dcl,dcl
ah,ay
r,ae
gcl,gcl
ao,aa
q,q
ay,ay
b,p
sh,sh
ax,ax
b,g
hv,hv
ae,ae
kcl,kcl
n,g
g,k
hh,hh
dcl,dcl
ay,ay
iy,iy
w,w
n,ix
iy,ey
uh,ih
n,n
ow,ao
kcl,tcl
ow,ah
aa,aa
ae,ae
n,v
sh,sh
dx,dcl
ix,ih
sh,sh
ax,ix
ey,ay
ao,r
ao,ao
ax,ax
ix,ix
eh,ah
jh,ch
gcl,tcl
s,s
pcl,kcl
iy,iy
ax,ih
dcl,dcl
w,w
f,f
r,r
tcl,tcl
s,s
ih,ix
ih,ih
iy,iy
uh,ix
axr,er
ae,ae
ey,ey
hv,hh
k,k
iy,ix
ih,ih
s,s
ao,ao
aa,aa
ix,ix
ix,axr
b,p
ch,jh
tcl,tcl
ax-h,ix
aa,aa
m,ae
ae,aa
axr,r
s,s
g,g
r,r
z,z
s,s
ch,sh
m,m
w,w
sh,sh
tcl,tcl
k,k
m,m
tcl,dcl
g,g
ax-h,dcl
r,r
ix,ih
ao,ao
eh,ey
b,g
l,l
ix,dcl
uh,r
ah,ah
axr,axr
y,ih
kcl,kcl
iy,iy
ao,ao
v,bcl
ux,ih
ih,ix
th,f
w,w
el,el
k,k
iy,iy
kcl,kcl
z,z
z,s
k,k
pcl,kcl
m,m
m,m
r,r
aa,aa
tcl,kcl
ow,ow
b,p
axr,r
iy,iy
eh,ih
q,q
s,s
m,m
ng,ng
z,s
tcl,r
iy,iy
l,l
ay,ay
iy,iy
dx,dx
r,r
ax,ax
eh,eh
q,tcl
bcl,dcl
ae,ae
axr,axr
er,axr
f,f
dh,dh
q,q
l,l
ow,ow
bcl,bcl
t,p
z,s
s,s
em,n
dcl,dcl
ao,ao
aa,aa
n,ix
ao,ao
t,t
pcl,pcl
aw,aw
ow,l
r,r
ey,ey
oy,oy
eh,eh
kcl,kcl
tcl,en
ae,ae
tcl,tcl
v,v
ng,n
dh,dh
r,r
m,n
m,m
eh,eh
ix,ix
iy,iy
ey,ey
dh,kcl
r,r
g,k
ix,iy
n,n
d,g
ae,ae
w,w
axr,axr
p,p
m,m
k,k
m,m
ow,l
dcl,dx
p,p
iy,iy
n,n
s,z
k,s
ix,ix
ih,ih
ao,uh
t,t
tcl,pcl
s,s
q,q
dcl,dcl
eh,ix
gcl,dcl
ah,ah
aa,aw
pcl,kcl
s,s
axr,r
kcl,kcl
kcl,pcl
q,q
gcl,dcl
l,l
kcl,kcl
ae,ae
pcl,tcl
ow,ao
iy,iy
k,k
ao,aa
m,n
r,er
ey,iy
z,z
dx,dcl
l,l
t,k
r,r
ax,ix
z,z
ae,ae
w,w
s,s
kcl,kcl
ih,iy
uw,uw
tcl,kcl
gcl,dcl
eh,eh
r,r
ih,ih
ux,ux
ix,ih
sh,sh
n,m
ix,dx
axr,axr
q,q
dcl,dcl
p,p
el,ow
f,p
ux,ux
v,v
jh,k
ix,ix
l,l
f,f
ix,ih
q,el
ih,n
d,d
l,m
ah,ax
m,m
dh,th
pcl,pcl
tcl,pcl
dh,dh
s,s
r,r
tcl,tcl
m,n
aa,aa
ix,iy
iy,ix
ix,iy
q,w
iy,iy
l,l
z,dh
f,f
t,t
d,d
nx,m
f,f
ay,ay
ix,ix
ah,eh
ih,ix
tcl,tcl
aw,aw
iy,iy
ow,ow
kcl,tcl
l,l
n,n
v,f
r,r
ae,ae
m,dcl
ix,iy
z,s
ae,ae
t,t
ax,ax
ah,aw
l,l
k,k
th,z
hv,axr
sh,sh
kcl,tcl
iy,y
iy,iy
eh,ih
ax-h,z
s,s
z,k
ae,ae
t,t
bcl,bcl
s,s
axr,r
r,r
dcl,dcl
r,r
g,w
axr,axr
ix,ey
hh,hv
ao,ao
g,k
aa,aa
ix,ix
dcl,pcl
bcl,bcl
ae,ae
axr,r
s,s
f,f
s,s
k,k
kcl,kcl
ae,ae
r,r
ae,ae
pcl,tcl
iy,iy
ax,ax
kcl,tcl
v,v
tcl,dcl
axr,axr
ix,q
th,th
ah,ax
z,z
bcl,bcl
f,p
ax,axr
ax,ax
ay,ay
eh,eh
kcl,kcl
ah,ae
tcl,tcl
ah,ah
dcl,dcl
ow,ow
n,n
ae,r
pcl,pcl
dh,dh
pcl,pcl
el,el
l,l
kcl,kcl
q,q
l,l
tcl,m
sh,sh
n,dx
gcl,kcl
kcl,kcl
r,r
iy,iy
ow,ow
n,n
r,r
tcl,tcl
dh,dh
m,m
iy,iy
q,l
bcl,dcl
ow,ah
d,jh
gcl,dcl
s,sh
axr,axr
ae,ae
eh,ih
er,er
ow,oy
ey,ey
w,l
k,k
axr,axr
ax,m
ow,ow
ux,ux
m,n
n,n
m,l
ih,ix
ey,ey
kcl,kcl
k,k
y,y
eh,eh
hv,hv
n,n
kcl,dcl
kcl,kcl
n,n
l,l
f,p
ix,ix
pcl,pcl
w,l
w,w
ae,eh
ix,ih
kcl,sh
hv,hv
jh,sh
ao,ao
uh,ih
jh,jh
axr,er
ey,iy
w,w
kcl,kcl
t,t
kcl,kcl
r,r
ow,q
ao,aa
hh,p
bcl,pcl
axr,r
hh,p
ax,ax
t,t
dcl,dcl
s,s
y,dx
n,ng
aa,ao
s,s
dcl,bcl
th,z
pcl,tcl
y,y
ao,ao
ao,ao
w,w
ax,axr
th,f
nx,ix
oy,oy
iy,iy
ng,n
s,s
ae,ae
l,l
v,v
axr,axr
k,k
n,ix
iy,iy
z,hh
kcl,tcl
ax,ax
iy,iy
hv,hv
aa,aa
ih,ih
ng,dcl
iy,iy
z,s
jh,jh
ae,ae
pcl,kcl
dh,dcl
s,sh
n,m
ix,ix
axr,axr
ao,ao
dx,dcl
dcl,tcl
dx,dcl
z,f
dcl,dcl
tcl,tcl
ix,ax
tcl,tcl
ae,ae
ih,ix
ix,iy
iy,iy
aa,aa
r,r
ao,ao
dh,dh
ae,ae
ih,iy
jh,jh
s,s
v,v
r,r
ow,aw
v,f
r,r
r,r
w,w
kcl,dx
m,m
dx,dx
aa,aa
kcl,kcl
sh,sh
ix,ax
l,l
l,l
sh,sh
l,l
axr,er
m,m
iy,iy
iy,ix
k,k
axr,r
ix,iy
ih,iy
ix,ix
ix,ix
v,v
m,m
dcl,kcl
dcl,dcl
pcl,pcl
ah,ah
v,v
iy,iy
n,dcl
dcl,dcl
tcl,tcl
dh,dh
ay,ay
ao,ao
s,s
ix,ix
l,el
en,ix
m,m
r,r
p,p
aa,ay
pcl,tcl
l,l
r,r
kcl,kcl
ay,ay
sh,sh
ix,ih
n,m
tcl,tcl
aa,aa
r,r
ix,ix
z,s
pcl,pcl
r,r
z,ix
bcl,pcl
q,aa
tcl,t
bcl,dcl
iy,iy
kcl,pcl
ih,iy
ih,ih
ng,ng
el,ax
ih,iy
l,n
ng,n
tcl,tcl
ax,q
iy,iy
ih,ix
axr,er
ih,ix
k,k
ao,ao
gcl,dcl
aa,aa
kcl,kcl
ax,ix
n,n
y,hv
iy,iy
tcl,tcl
n,n
l,l
ey,iy
ch,s
bcl,bcl
ix,ix
l,l
axr,er
aa,r
q,p
dcl,dcl
l,l
iy,ix
l,l
ix,ix
k,k
q,q
n,n
ix,ix
z,s
iy,iy
pcl,ng
ae,ey
eh,er
w,n
ix,ix
l,ng
dcl,dcl
ih,iy
eh,eh
tcl,pcl
iy,iy
eh,eh
ey,iy
s,s
ix,ix
l,ax
z,z
y,y
ax,ax
ao,l
m,m
kcl,kcl
dcl,dcl
ch,jh
jh,sh
el,ow
aa,ao
s,s
ix,ix
s,s
tcl,dcl
w,w
bcl,dcl
eh,ih
ih,ih
iy,iy
n,ng
w,l
ay,ae
f,f
dcl,gcl
ih,ih
r,r
axr,ix
y,y
t,t
k,k
ao,ao
ah,eh
er,er
ih,ix
aa,ao
ax,ix
ay,aa
hh,hh
ix,ix
w,w
eh,eh
nx,m
ao,ao
q,iy
m,v
iy,iy
r,r
n,n
ae,ae
en,en
t,t
kcl,pcl
tcl,tcl
l,l
r,r
aa,ao
ix,ix
bcl,bcl
ah,aa
aw,r
n,n
s,z
kcl,gcl
eh,ah
ix,eh
m,m
m,m
iy,iy
kcl,kcl
aa,r
dcl,dcl
z,z
d,d
eh,eh
ng,n
ng,m
ao,ah
z,z
gcl,n
ih,ih
ih,eh
ey,ey
ay,ay
ao,w
t,jh
dcl,dcl
aa,aa
dh,dh
k,p
z,z
iy,ux
s,s
iy,iy
n,m
p,p
l,w
s,s
tcl,dcl
aa,ao
l,l
ae,ae
t,p
axr,r
ae,ae
iy,ix
l,ao
iy,iy
ae,ae
tcl,dcl
ux,er
aa,aa
ix,iy
hh,hh
iy,iy
r,eh
l,l
ux,ix
dcl,dcl
aw,ae
m,m
ix,ih
s,s
ih,iy
s,s
s,s
pcl,kcl
tcl,tcl
f,f
ng,m
r,r
nx,nx
ih,ix
m,m
ow,ow
ix,ix
s,s
f,f
s,s
iy,iy
l,l
q,axr
s,s
ix,ix
w,w
ix,ix
iy,iy
s,s
hv,nx
n,n
n,m
aa,aa
ae,ae
g,k
p,p
g,k
t,g
tcl,tcl
p,p
pcl,pcl
f,sh
ih,ih
w,r
tcl,pcl
iy,iy
dx,n
ao,ao
er,er
d,t
tcl,tcl
s,s
r,r
ih,ih
axr,axr
kcl,kcl
iy,iy
tcl,tcl
aa,ay
eh,ah
ah,eh
ux,ix
ix,ix
t,t
s,s
ih,ey
iy,iy
gcl,gcl
ix,ix
n,n
s,s
dcl,dcl
f,f
dh,p
tcl,kcl
ey,iy
tcl,kcl
r,dx
ay,ay
ux,iy
ay,ay
tcl,pcl
dh,pcl
dcl,dcl
ey,ey
kcl,kcl
ux,r
ix,ix
ng,gcl
ix,ix
ey,ey
z,z
w,w
p,p
l,w
d,t
ix,l
axr,er
t,t
iy,iy
r,r
ux,ux
ay,ay
uw,ux
dcl,kcl
l,l
ix,ix
l,l
ux,ux
s,z
ah,ah
dcl,dcl
th,dh
s,s
s,s
iy,iy
ux,ux
t,sh
kcl,kcl
ix,ix
gcl,dcl
eh,r
iy,iy
iy,iy
l,l
ix,dx
aa,ah
ae,ae
ch,jh
t,d
kcl,pcl
z,z
iy,iy
dcl,dcl
ih,eh
tcl,dcl
g,k
q,q
pcl,tcl
iy,iy
ey,iy
n,n
t,d
nx,dx
p,t
m,m
ah,eh
g,kcl
s,s
t,p
y,iy
l,l
aa,ao
ih,iy
iy,iy
l,q
em,dcl
ix,dx
f,th
ah,eh
ow,ux
tcl,tcl
dcl,dcl
ae,ae
l,l
dx,dx
iy,iy
s,s
y,y
ih,ih
r,r
ay,ay
ih,ih
m,n
l,l
jh,jh
eh,ae
ih,ah
ax-h,dh
dcl,tcl
ix,ix
z,z
r,r
w,w
n,n
pcl,tcl
axr,axr
n,m
aa,aa
w,w
tcl,pcl
ah,ah
ix,ix
eh,eh
ih,ux
d,t
dcl,dcl
eh,eh
ah,eh
zh,sh
hv,hv
k,p
ih,ih
k,dh
n,n
n,n
eh,ih
sh,sh
bcl,bcl
dcl,pcl
axr,axr
q,dcl
uh,ow
k,k
axr,er
ix,ix
sh,sh
tcl,pcl
ae,ae
eh,eh
hv,hv
d,t
dh,dh
tcl,kcl
iy,iy
iy,iy
ih,ih
ih,ix
r,axr
aa,aa
kcl,kcl
r,r
iy,iy
s,s
m,nx
el,el
ih,ix
iy,gcl
ae,ae
p,p
en,en
kcl,kcl
ow,ah
s,s
gcl,r
ix,ix
kcl,tcl
kcl,kcl
l,eh
p,p
eh,eh
iy,iy
bcl,kcl
ix,iy
aa,aa
dcl,dcl
m,n
jh,s
kcl,kcl
ah,ae
th,kcl
l,l
l,l
ix,ix
sh,sh
v,dx
ih,ih
k,kcl
ow,ow
kcl,kcl
f,p
er,eh
eh,ae
n,n
ao,ao
aw,aw
axr,r
tcl,dcl
l,l
t,t
axr,er
ah,ao
ix,ih
ax,eh
n,dcl
ax,ah
eh,eh
s,s
s,s
p,p
ah,ax
ay,ay
f,z
hv,r
ix,ix
t,t
ix,ix
l,l
aa,ao
axr,axr
k,k
s,s
ae,aa
ae,ae
t,p
axr,ix
pcl,tcl
g,g
dcl,gcl
ao,l
f,f
ay,ay
g,p
l,l
dx,dx
r,r
gcl,dcl
m,m
tcl,tcl
ix,ih
iy,iy
oy,oy
f,f
el,el
s,s
t,t
ay,ay
ae,eh
pcl,pcl
axr,w
ay,ay
ih,ae
ix,ix
ih,ih
ix,ax
axr,r
tcl,tcl
ow,ow
kcl,tcl
q,q
tcl,tcl
r,r
dcl,dcl
r,r
aw,aw
s,s
kcl,kcl
r,r
k,k
q,ax
sh,sh
l,l
eh,er
m,m
s,s
q,q
d,d
s,s
m,n
l,l
pcl,pcl
iy,iy
l,ax-h
ow,ao
q,q
ao,w
k,p
ix,ix
tcl,tcl
l,l
ux,dx
n,m
ay,ay
ax,ax
s,s
m,m
n,n
th,dh
aa,aw
dx,dx
eh,ix
q,q
ah,ah
bcl,bcl
kcl,kcl
tcl,tcl
oy,oy
q,q
l,w
ah,ax
iy,iy
ch,sh
ix,ax
l,l
f,f
s,z
ix,t
iy,iy
n,n
tcl,dcl
s,z
z,z
kcl,kcl
l,ax
oy,oy
t,p
t,f
f,f
th,f
ih,ih
l,l
kcl,kcl
el,ax
s,s
axr,er
ey,iy
er,axr
dh,dh
gcl,dcl
kcl,kcl
ng,ng
er,er
th,f
pcl,kcl
y,iy
aw,aw
ae,ae
l,l
sh,sh
k,tcl
dx,dx
dcl,dcl
ax,ix
r,r
er,aa
ih,ix
ix,ix
z,z
hv,hv
f,f
ao,ao
m,ax
oy,oy
l,ax
g,g
n,n
n,n
ay,ay
eh,ih
ax-h,kcl
sh,sh
z,z
ix,ix
dh,dh
axr,axr
tcl,dcl
d,tcl
kcl,kcl
ih,ey
k,p
ey,ey
kcl,kcl
r,r
uw,ux
sh,sh
p,p
axr,axr
q,q
ay,ax
s,s
ux,ux
s,s
r,r
s,s
hv,hv
l,l
iy,iy
ow,ao
z,z
en,n
ih,ey
ax,ix
pcl,tcl
ix,iy
ch,ch
n,n
d,t
ch,ch
axr,er
ix,iy
ax,ih
z,z
ay,ay
zh,sh
ax,ix
t,d
ey,ey
iy,ey
ix,dh
ix,ih
z,z
s,s
ah,aw
t,k
ux,ix
aw,aw
pcl,tcl
r,r
z,z
ux,ih
t,k
m,n
eh,eh
r,r
el,q
m,m
ix,iy
m,m
s,s
er,er
tcl,tcl
w,w
l,l
aw,aw
ow,ao
ih,iy
ux,iy
s,s
ow,eh
tcl,bcl
ix,iy
sh,s
ix,ix
s,s
m,m
n,n
aa,aa
n,ng
r,r
g,d
m,l
iy,iy
iy,iy
p,p
el,aw
n,dcl
dcl,n
z,z
iy,r
ae,ae
kcl,kcl
tcl,tcl
uw,uw
l,l
ae,aw
m,m
ih,iy
dcl,dcl
ax,ax
s,s
ow,ow
ix,ix
m,m
eh,eh
ao,w
r,r
v,v
eh,ae
k,k
ix,ix
aa,ay
bcl,dcl
k,k
iy,ix
ey,ay
ix,iy
p,p
ay,ay
r,r
kcl,kcl
y,iy
kcl,v
ah,eh
gcl,dcl
r,r
ae,ae
w,w
l,l
bcl,bcl
ae,eh
axr,axr
d,t
ix,ix
er,ow
iy,ix
aa,aa
ix,eh
ux,ux
n,ng
el,el
p,p
iy,iy
l,l
r,r
ae,ay
tcl,dcl
w,w
p,p
tcl,pcl
q,ix
n,n
ae,eh
k,k
s,s
ao,w
ao,ao
er,r
aa,ah
r,r
s,z
ih,ih
ao,eh
aa,aa
ao,ao
r,ao
n,m
ey,ey
m,m
jh,jh
r,r
l,ix
l,l
t,t
ow,ow
gcl,gcl
axr,axr
m,m
aw,aw
th,f
er,er
b,p
ae,ae
s,s
ow,ow
t,t
pcl,pcl
z,z
tcl,kcl
tcl,bcl
r,w
iy,iy
n,n
ao,ao
ih,ih
ao,ao
gcl,dcl
ix,iy
s,s
n,n
pcl,pcl
axr,r
r,r
l,ax
tcl,dcl
t,t
r,r
kcl,dcl
ix,ix
n,n
ih,ix
kcl,tcl
ch,p
r,r
w,w
r,r
gcl,dcl
y,iy
d,tcl
dcl,dcl
iy,iy
iy,iy
g,g
z,jh
ax,ix
iy,iy
w,w
ah,ow
kcl,kcl
ae,ix
p,dh
ix,ix
v,v
dx,dx
m,n
iy,iy
eh,ey
ax,l
ae,ae
z,s
kcl,pcl
ih,ih
w,r
r,r
axr,axr
dcl,kcl
er,er
r,r
r,r
ix,ix
t,t
ay,ay
q,q
q,q
ax,ix
n,n
r,ax
l,dh
ae,ae
jh,jh
z,s
ah,ah
er,er
ih,ux
k,k
ix,dh
eh,eh
m,m
dh,n
jh,dcl
dcl,tcl
th,t
axr,m
ey,ey
l,ax
axr,axr
ow,ow
em,m
sh,s
k,t
ih,ix
dh,dh
n,n
l,l
r,r
k,k
ux,ix
s,s
iy,ix
ow,ow
s,s
ix,n
axr,ix
ao,ao
ah,ay
ay,ay
ae,ae
s,s
r,axr
ao,ow
m,n
bcl,bcl
ix,ix
ih,ih
m,m
m,m
b,k
r,r
l,l
ow,ow
r,r
aa,aa
f,f
er,er
ow,ey
q,q
ae,ae
tcl,tcl
pcl,kcl
er,er
ax,ix
iy,iy
w,w
ae,ae
ey,ey
s,s
z,z
k,k
er,axr
ix,ix
axr,er
iy,iy
ix,ix
pcl,pcl
jh,jh
n,n
p,p
eh,ah
pcl,pcl
axr,axr
s,s
n,n
p,p
p,t
n,n
aa,aa
ao,ao
r,w
dx,y
iy,iy
gcl,dcl
l,l
nx,dx
s,s
l,l
kcl,k
kcl,g
iy,iy
s,s
t,t
n,n
axr,axr
v,v
ix,ix
ax,ax
th,t
sh,s
tcl,z
y,iy
q,iy
ax,ax
ix,ix
eh,eh
aa,aa
ng,ng
v,m
dcl,dcl
kcl,kcl
l,l
ix,iy
r,r
l,l
s,s
w,w
gcl,dcl
gcl,tcl
t,kcl
dh,s
axr,axr
ix,iy
ix,ix
r,r
q,q
eh,r
hh,t
iy,y
m,n
q,q
f,f
ah,eh
oy,oy
th,s
z,z
w,w
ih,ih
r,r
m,m
ey,iy
n,n
ih,ix
pcl,pcl
r,r
f,f
axr,r
dx,dx
k,k
ay,ay
axr,er
ax,ax
ah,ax
n,iy
z,z
eh,y
ix,m
ow,ow
s,sh
ao,ao
jh,k
pcl,bcl
p,d
dx,dcl
bcl,pcl
dx,dx
ix,ix
ux,ux
kcl,tcl
r,r
k,k
aw,ao
axr,ih
pcl,kcl
r,ax
s,s
s,s
er,axr
ax,w
t,t
s,s
uw,uw
z,s
k,k
s,s
eh,r
r,r
ng,n
r,ix
ay,ay
l,l
sh,sh
kcl,tcl
s,s
ow,ow
y,iy
ih,ih
p,p
ch,ch
p,p
r,r
m,m
pcl,dcl
b,k
tcl,tcl
n,n
l,w
aw,q
k,k
pcl,tcl
er,er
ao,ao
sh,sh
ao,w
kcl,dcl
ey,ey
m,m
t,t
ih,eh
ax,ix
hv,hv
v,dh
ih,ih
ax,iy
ix,ax
ax,l
ix,ay
z,z
axr,axr
d,l
dcl,dcl
ih,y
ax,l
ix,eh
m,m
g,g
ax,ax
iy,iy
n,dx
gcl,bcl
tcl,kcl
ao,ow
n,n
iy,ix
n,n
y,iy
v,v
ix,ix
ey,ey
ih,ih
ae,ae
hv,n
ih,l
ax,r
n,n
bcl,dcl
tcl,tcl
ae,ae
l,l
l,l
iy,y
ay,aa
jh,jh
ix,eh
ng,n
ax,nx
ay,ay
l,l
s,s
t,k
ih,iy
ax,ax
tcl,dcl
t,dh
l,em
tcl,pcl
dcl,dcl
w,n
m,m
ey,iy
y,y
er,er
ih,ih
kcl,kcl
w,w
ng,ng
dcl,dcl
dcl,dcl
n,m
ix,ix
s,s
ix,ix
kcl,kcl
t,jh
ah,ay
ay,ay
hh,p
kcl,kcl
q,q
dcl,dcl
aa,aa
ux,ux
l,l
pcl,kcl
l,l
l,l
hh,hv
er,er
dh,dh
tcl,kcl
f,z
iy,iy
hh,hh
aa,aa
l,ah
s,s
s,s
w,w
s,s
sh,sh
eh,ih
dh,dh
z,z
axr,r
k,k
bcl,bcl
ae,ae
uh,uh
kcl,kcl
kcl,dcl
m,m
gcl,dcl
z,z
tcl,tcl
l,l
ao,ao
dx,dx
g,k
g,k
tcl,kcl
q,q
r,r
dcl,gcl
ao,ao
ix,iy
iy,y
p,k
z,s
r,dx
k,k
ih,ih
dcl,dcl
iy,iy
uh,w
tcl,tcl
eh,ix
en,l
y,y
dcl,pcl
gcl,dcl
dcl,dcl
t,t
k,k
ch,t
ax,dx
ix,r
ix,ix
ao,ao
oy,oy
y,y
ey,ey
r,r
v,v
ao,ao
kcl,kcl
ih,r
l,l
dx,dx
kcl,q
t,t
q,q
r,r
eh,eh
ix,ix
kcl,tcl
iy,iy
ax,ax
eh,eh
d,d
r,r
y,y
ax-h,q
iy,iy
sh,f
ih,ix
q,v
ix,ix
tcl,kcl
ix,ih
k,b
q,ix
aa,ao
n,m
iy,iy
l,l
l,l
z,z
aa,aa
ix,ix
w,w
ix,ax
n,n
s,s
ih,ey
er,er
s,s
pcl,kcl
ah,ah
ix,y
tcl,tcl
n,n
ih,er
el,el
axr,axr
p,dh
f,f
iy,iy
l,k
aa,aa
dh,th
axr,axr
th,f
aa,aa
p,p
t,t
r,r
t,t
iy,iy
v,iy
s,s
s,s
er,axr
ow,ow
tcl,dcl
q,q
s,s
v,v
hv,hv
uh,ih
axr,ah
q,q
tcl,kcl
k,jh
ey,ey
r,r
d,d
ix,ix
ey,iy
tcl,tcl
ih,eh
l,w
n,en
axr,axr
s,s
el,l
tcl,tcl
n,n
m,l
ey,ey
tcl,kcl
kcl,kcl
t,d
iy,iy
t,t
iy,ux
ng,ah
iy,ey
ng,n
n,n
kcl,kcl
ng,ng
ao,w
ah,eh
m,n
ao,ao
ix,hv
ix,ix
s,s
r,r
ux,ix
g,g
z,z
iy,iy
tcl,dcl
aa,r
ix,ax
eh,eh
k,k
q,q
ao,aa
pcl,tcl
ae,ae
f,f
ay,ay
n,n
w,v
ix,ix
sh,s
axr,r
n,nx
dcl,dcl
n,n
m,m
kcl,kcl
ao,ao
iy,iy
ix,iy
n,n
oy,oy
r,r
dcl,pcl
er,axr
aa,axr
l,l
p,p
er,er
tcl,pcl
dh,dh
tcl,kcl
ae,ae
er,er
v,dcl
axr,ix
l,l
ey,ey
l,l
f,dh
aa,aa
iy,iy
dh,dh
r,r
en,ux
dh,dh
ih,ih
aa,ao
s,s
ih,iy
l,l
r,r
ae,ae
ae,ae
s,s
ux,ux
z,z
pcl,pcl
ux,iy
ng,ng
r,axr
ax,l
em,l
oy,oy
ih,ih
pcl,pcl
l,l
ih,ih
k,k
k,m
t,t
dcl,dcl
q,kcl
dcl,dcl
axr,r
iy,iy
s,s
sh,sh
ax,ax
axr,r
ah,ax
g,p
y,y
aa,aa
z,z
z,z
y,iy
r,r
aa,aa
r,r
sh,sh
s,s
ix,ux
n,n
s,s
z,sh
gcl,dcl
kcl,kcl
kcl,kcl
w,w
dcl,dcl
d,d
dh,dh
l,l
r,axr
v,l
eh,axr
r,r
tcl,pcl
er,axr
n,dcl
r,r
pcl,pcl
l,l
eh,er
dh,z
kcl,tcl
eh,axr
ae,ae
aa,q
ix,ix
z,z
g,k
tcl,dcl
bcl,bcl
el,ao
s,s
n,n
q,dcl
ae,ae
ix,y
n,n
d,t
ax,ix
tcl,bcl
kcl,kcl
ih,ih
n,n
ux,iy
tcl,tcl
ih,ix
dx,dx
sh,sh
kcl,tcl
z,z
m,dcl
ax,ix
l,aw
ay,ay
z,z
iy,iy
t,t
q,q
ow,ah
tcl,t
s,s
zh,dx
aa,ao
n,n
bcl,bcl
en,n
iy,iy
kcl,tcl
l,l
w,w
iy,ix
dcl,n
f,f
q,r
ux,ux
ix,iy
k,g
ao,aa
n,ng
ix,ix
y,y
ah,ay
ih,iy
ae,ae
f,f
t,k
ax,ax
dx,kcl
ae,ae
kcl,kcl
ax,ix
t,t
dcl,dcl
ax,r
kcl,kcl
g,g
n,n
t,q
s,s
ih,ih
t,f
d,t
p,p
kcl,kcl
t,dcl
ix,ey
bcl,dcl
el,w
ah,ah
ow,ao
ih,ih
m,m
ao,ao
tcl,tcl
ao,ow
l,dh
ay,ay
dcl,dcl
ax,n
t,t
ow,ow
s,s
tcl,tcl
ae,ih
dh,dh
kcl,kcl
ch,ch
tcl,ax
eh,ix
ax,ux
q,q
tcl,p
ih,ix
aa,aa
ix,iy
ax,ah
r,eh
oy,ow
ah,l
dcl,dcl
k,k
ow,ow
m,m
ix,ix
ax,ix
r,r
v,bcl
iy,iy
axr,er
n,n
r,ao
bcl,bcl
ah,ah
l,l
n,ax
r,r
nx,n
s,z
ae,ae
ao,ao
er,er
n,n
s,s
dcl,dcl
dcl,dcl
eh,ax
ah,ow
uw,w
l,q
ih,eh
axr,r
aa,ao
q,q
l,l
ax,l
s,s
eh,ay
ix,l
s,s
z,s
dh,dcl
r,axr
w,w
ax,ix
n,n
ih,ih
z,s
aa,aa
ix,eh
ix,ix
iy,iy
ae,ae
ih,ix
ax,ix
eh,eh
kcl,tcl
ax,l
ix,iy
l,ow
kcl,kcl
ao,ao
l,w
bcl,bcl
hv,hv
ix,ax
kcl,kcl
ah,ah
l,l
ao,aa
f,f
t,t
d,t
m,m
ae,r
p,p
ng,m
ix,dh
gcl,bcl
ax,ao
ah,ow
r,r
ah,ah
ng,ng
r,r
r,w
p,p
y,y
ax,r
eh,ih
dcl,dcl
ix,ax
ix,ax
aa,aa
dcl,dcl
s,s
aa,aa
tcl,kcl
axr,r
ey,ey
eh,eh
t,t
y,iy
dx,dcl
ae,ae
tcl,m
er,eh
ih,dcl
ay,ay
ix,ix
t,t
ah,uh
n,n
q,q
n,n
ix,ix
m,m
gcl,kcl
ae,ey
ng,n
p,s
iy,iy
ax-h,v
s,z
ax,ix
ux,ux
hv,hv
z,z
n,n
ae,ae
p,p
p,p
hv,r
ao,ao
g,k
ao,l
dcl,dcl
l,l
t,jh
w,w
n,n
p,p
tcl,tcl
eh,eh
n,n
k,k
hh,hh
tcl,tcl
iy,ux
ay,ah
jh,jh
oy,oy
n,n
l,w
r,r
r,r
ae,ae
r,r
iy,iy
aa,aa
gcl,tcl
ow,uw
ch,t
s,s
r,r
ih,ix
ao,ao
tcl,kcl
eh,eh
z,s
t,dh
q,k
eh,eh
s,s
tcl,tcl
s,s
axr,axr
ah,ah
ix,ix
ao,ao
ih,eh
dcl,dcl
ih,ih
p,p
kcl,kcl
ey,ey
uw,ah
ay,ah
r,r
dcl,dcl
ao,r
er,l
l,l
ix,ix
s,s
s,s
axr,uh
p,p
ax,ix
ao,ao
iy,iy
ix,ix
er,er
n,n
tcl,dcl
iy,iy
t,t
ix,ix
pcl,kcl
ax,ax
r,axr
r,r
nx,n
nx,dcl
m,m
uh,ow
iy,ih
ah,ah
q,pcl
iy,iy
f,f
ux,ux
l,l
ix,ix
ax,ax
ux,ux
ae,ae
ux,ux
gcl,dcl
s,s
s,jh
iy,iy
ih,ey
ah,ae
kcl,dcl
l,ax
aa,aa
iy,iy
tcl,tcl
n,n
iy,iy
iy,iy
y,y
eh,eh
gcl,dcl
s,s
m,m
ae,ae
p,p
m,m
k,k
tcl,tcl
s,s
eh,iy
ax,ix
ix,ix
eh,axr
axr,axr
tcl,dcl
f,f
f,f
tcl,kcl
l,w
eh,iy
gcl,dcl
sh,sh
tcl,dcl
sh,sh
l,l
m,n
ah,ah
axr,axr
z,z
ao,el
iy,ux
uh,axr
ao,ow
w,l
ch,ch
sh,p
ae,r
tcl,kcl
ae,ae
s,s
kcl,tcl
ow,ih
iy,iy
ae,eh
z,s
n,n
s,z
ah,ao
ao,aa
axr,er
ux,uw
l,l
ih,ix
ae,ae
q,q
er,axr
kcl,kcl
r,r
s,s
r,r
pcl,pcl
q,q
ih,eh
dh,dh
d,t
ix,ix
q,q
s,s
ah,eh
ao,ao
n,ng
d,t
jh,k
en,n
ax,ix
ax,l
l,v
ax,axr
ch,sh
kcl,kcl
kcl,k
dx,dx
g,k
dcl,dcl
t,p
pcl,pcl
iy,dx
ih,ix
q,q
iy,iy
axr,axr
g,g
n,n
sh,sh
aa,aa
iy,iy
dcl,dcl
gcl,dcl
g,k
gcl,dcl
dh,ix
n,n
axr,ao
er,er
ng,n
l,l
ih,ih
aa,r
iy,iy
tcl,pcl
ix,ix
axr,er
w,w
pcl,pcl
r,r
r,r
th,f
ih,iy
eh,ey
f,f
m,m
er,er
ix,eh
t,ch
v,f
kcl,kcl
ux,ux
s,s
d,d
d,d
dh,t
kcl,kcl
axr,axr
ey,ey
m,m
f,f
eh,ey
axr,axr
ix,ix
er,r
tcl,tcl
ae,eh
s,s
tcl,s
ao,ao
ax,ah
axr,r
ng,dcl
dx,dx
dx,dx
z,s
eh,r
ih,r
m,m
z,jh
n,n
er,er
t,jh
axr,r
kcl,dcl
k,k
bcl,bcl
axr,axr
r,r
n,n
s,s
axr,axr
th,f
z,s
ih,ow
dx,dx
iy,iy
iy,iy
ah,ix
ae,aw
iy,r
ow,ow
en,v
kcl,tcl
l,ix
ix,dh
dcl,l
oy,oy
t,t
er,axr
l,l
dx,dx
l,l
g,y
axr,axr
s,s
ao,ao
aa,ay
ng,n
l,ax
q,l
m,m
ae,ae
l,l
iy,iy
n,n
s,s
p,p
l,el
s,s
f,f
q,ix
n,n
s,s
l,l
iy,iy
hh,hh
ah,ah
ey,iy
tcl,tcl
dh,dh
iy,iy
aa,ao
ih,ah
q,g
ay,ay
tcl,dcl
tcl,pcl
l,l
kcl,kcl
bcl,bcl
q,q
k,k
z,s
dcl,dcl
l,l
w,w
en,n
t,t
nx,n
q,q
z,z
l,l
z,s
s,s
g,g
eh,ae
en,q
ao,ao
m,n
aa,ah
bcl,dcl
n,dcl
w,w
q,q
l,l
ix,y
w,w
iy,ix
tcl,kcl
hv,hv
z,z
bcl,tcl
s,s
aa,aa
ix,ax
l,l
l,l
em,m
v,v
tcl,tcl
v,v
w,w
s,s
ow,ow
k,k
s,s
iy,iy
ax,ix
l,l
s,s
ix,ax
ng,ng
y,ih
ih,ih
ao,w
z,z
hv,hv
ae,ey
s,s
ae,ih
d,d
ay,ay
ax,ax
q,tcl
aa,aa
n,n
t,t
axr,axr
s,s
bcl,kcl
dh,n
ao,aa
d,tcl
ng,n
kcl,kcl
sh,sh
pcl,kcl
kcl,kcl
s,s
r,r
ix,ix
dx,dx
ow,ao
tcl,pcl
ax,ax
eh,eh
aa,ah
aa,ao
ix,ix
n,n
uw,r
q,q
pcl,pcl
ey,ey
ih,ih
ao,ao
s,jh
iy,iy
tcl,tcl
axr,er
l,l
jh,jh
m,m
ow,er
z,s
pcl,kcl
ay,ah
ay,ay
tcl,pcl
kcl,kcl
l,l
axr,er
pcl,pcl
bcl,bcl
l,l
bcl,bcl
ae,ae
ax,ax
jh,jh
w,w
tcl,kcl
k,hh
dcl,dcl
ih,ix
d,d
l,l
ae,ae
dcl,dcl
iy,iy
tcl,pcl
dx,g
en,n
gcl,r
bcl,bcl
dh,dh
r,axr
r,r
dcl,dcl
ae,eh
ao,ao
t,t
aa,ao
z,s
y,g
pcl,pcl
eh,eh
uh,ax
nx,n
ix,ix
bcl,bcl
en,ix
r,r
ax,eh
k,kcl
f,f
tcl,kcl
dcl,dcl
ae,ae
r,ih
er,er
gcl,m
k,k
r,r
jh,jh
dh,dh
t,t
s,s
aw,ao
k,t
eh,r
bcl,bcl
dx,dx
aa,aa
q,q
n,n
y,iy
ah,ah
r,r
s,s
n,n
ao,ao
w,l
m,m
tcl,tcl
ow,ey
ao,ao
ax,ax
el,l
ax,ix
eh,eh
m,m
z,s
l,l
kcl,kcl
n,n
bcl,dcl
l,q
q,q
ih,ih
r,er
pcl,pcl
l,ix
s,s
iy,ey
hv,hv
iy,iy
l,w
k,p
iy,iy
ch,jh
ih,ax
z,z
sh,sh
s,s
pcl,pcl
n,n
ax,r
kcl,kcl
m,m
iy,iy
iy,iy
gcl,dcl
ae,ae
k,k
n,n
t,t
k,k
axr,axr
l,q
aa,aa
n,n
eh,eh
axr,axr
ow,ow
hv,hv
aw,aw
s,s
ix,ix
l,l
ix,ix
oy,ao
ey,ey
k,p
ih,r
el,l
axr,axr
aa,ay
tcl,tcl
kcl,kcl
y,y
ao,aa
dh,v
hv,hv
ix,iy
pcl,tcl
axr,axr
k,g
s,s
tcl,tcl
k,k
p,p
f,f
iy,iy
ae,ae
eh,ix
jh,jh
w,w
ao,aa
kcl,kcl
kcl,kcl
t,dh
tcl,pcl
iy,iy
bcl,bcl
q,q
eh,ey
n,ng
ih,hv
ax,eh
q,q
axr,axr
k,k
iy,iy
th,tcl
jh,jh
q,q
r,r
q,q
n,n
axr,axr
ch,jh
pcl,tcl
iy,ix
ae,ae
ah,eh
pcl,pcl
r,r
iy,iy
tcl,pcl
hh,hh
eh,ix
t,t
bcl,bcl
ah,ih
s,s
dcl,n
v,dcl
k,ix
q,q
iy,iy
ay,ay
s,z
iy,iy
f,f
iy,iy
ix,ix
y,iy
k,k
z,s
w,w
iy,iy
z,z
m,n
eh,ix
dcl,dcl
ax,bcl
s,s
eh,ix
n,m
ae,ae
kcl,kcl
ax,ax
pcl,tcl
axr,axr
hh,f
l,ow
l,ax
l,l
dx,dx
r,r
sh,sh
f,f
ax,ax
r,r
ow,ow
iy,iy
r,r
hv,hv
p,k
l,l
aa,aa
eh,eh
axr,axr
ao,w
iy,iy
sh,sh
s,s
dx,dx
aa,aa
ih,iy
ih,iy
bcl,dcl
ih,ih
tcl,tcl
ih,ey
ey,eh
aw,aw
l,p
r,r
l,l
k,kcl
g,dcl
ow,ow
ih,ix
l,ax
ch,ch
tcl,dcl
ch,sh
kcl,kcl
r,er
n,q
ix,iy
pcl,pcl
gcl,gcl
oy,ay
w,w
nx,n
s,s
sh,sh
ah,ax
s,s
dcl,tcl
hv,hv
el,w
dh,dh
ix,ix
l,l
ch,ch
l,l
w,w
kcl,kcl
ay,ay
l,l
f,f
iy,iy
l,l
dcl,bcl
ay,ay
q,q
l,l
ax,l
el,ow
n,n
ix,r
iy,iy
ax,l
k,hh
z,z
sh,sh
r,r
ix,ax
l,ow
iy,iy
s,s
hh,hh
kcl,kcl
ay,ey
w,w
ax,r
ix,ix
hh,hh
axr,axr
ux,ux
oy,oy
ow,ow
aa,aa
bcl,tcl
t,t
f,f
ao,ow
m,m
ey,ey
ay,ah
ix,ix
kcl,pcl
iy,ey
axr,axr
r,r
dh,q
ax,ix
bcl,dh
s,s
kcl,tcl
d,t
bcl,dcl
hv,hv
ix,nx
ae,ae
ao,ao
l,l
kcl,kcl
s,z
q,q
aa,r
r,r
k,k
ao,ao
er,er
s,s
dcl,dcl
r,r
f,p
ax,ix
bcl,bcl
tcl,dcl
sh,sh
m,m
m,n
iy,iy
axr,axr
ix,q
sh,sh
kcl,kcl
r,q
ow,ow
ow,ow
t,t
tcl,dh
dh,n
r,n
l,w
n,n
iy,n
iy,iy
g,g
r,axr
s,s
n,n
ao,aa
l,l
axr,er
ah,eh
dcl,dcl
dh,dh
ao,ao
s,s
v,z
f,f
dcl,dcl
ix,dx
z,z
w,w
ay,ae
ao,ao
n,n
iy,iy
l,l
kcl,kcl
r,r
s,s
y,y
v,v
m,w
aa,aa
z,s
w,l
ay,ay
ix,dx
m,m
gcl,kcl
ax,ix
z,z
q,n
pcl,tcl
jh,jh
axr,axr
s,s
dcl,dcl
tcl,kcl
v,dx
f,s
m,m
n,dx
er,er
k,k
axr,axr
l,l
v,v
ih,ih
tcl,tcl
s,s
kcl,kcl
bcl,bcl
iy,iy
ax,ah
n,n
ae,ae
er,axr
kcl,kcl
ih,ih
t,t
t,t
ae,ae
ae,ae
iy,iy
ix,ix
m,n
eh,ae
k,k
dh,dh
p,p
l,w
f,f
eh,ah
l,el
g,g
dh,dh
iy,ix
s,s
t,t
iy,iy
kcl,kcl
ae,ae
zh,z
pcl,kcl
ix,ix
k,k
ix,q
r,r
ix,ix
s,s
gcl,dcl
sh,sh
nx,n
n,ng
b,dh
ay,ay
ae,ae
w,w
iy,iy
y,iy
f,f
t,t
w,m
d,d
w,w
kcl,kcl
n,n
th,dh
r,r
iy,iy
z,z
ey,eh
dh,dcl
dx,dx
bcl,pcl
dcl,dcl
n,n
dx,axr
m,n
s,s
ao,ao
k,p
gcl,dcl
dcl,dcl
ix,ix
em,w
tcl,tcl
gcl,n
k,k
ah,ax
l,w
m,n
pcl,pcl
kcl,kcl
s,s
eh,eh
ih,r
f,f
y,k
el,el
sh,sh
dh,dcl
l,ax
iy,iy
y,iy
z,s
k,k
r,er
kcl,kcl
ao,ao
m,m
k,s
z,s
q,q
iy,iy
ix,ix
s,s
t,d
aa,ao
ux,ux
th,dh
eh,ih
n,n
l,l
r,r
q,kcl
z,s
ix,ix
bcl,dcl
z,s
t,t
q,q
w,w
ix,ix
n,dcl
l,l
kcl,tcl
f,f
s,s
w,v
dcl,dcl
ah,el
f,f
ih,ih
s,s
aa,aa
ih,ih
ae,ae
ax-h,t
t,t
ix,ix
l,l
t,t
el,l
ae,ae
ix,ih
r,r
pcl,tcl
d,d
ix,ix
pcl,tcl
z,z
axr,r
r,r
ey,ey
dcl,dcl
pcl,pcl
z,z
oy,oy
ux,ux
w,w
er,er
bcl,bcl
ux,iy
s,s
y,y
ix,ix
pcl,pcl
hh,hv
n,n
dcl,dcl
q,dcl
q,q
eh,eh
hv,hv
g,k
g,k
p,p
tcl,kcl
dcl,dcl
tcl,kcl
ng,ng
ax,ax
s,s
ix,ix
ih,ih
ao,w
l,l
ih,ih
k,k
ah,ah
pcl,pcl
s,s
ix,iy
ao,ao
l,l
axr,axr
f,f
z,s
dcl,dcl
s,s
el,el
dx,l
tcl,tcl
d,g
axr,dx
ow,ow
m,m
uh,ix
w,l
t,t
ix,iy
ay,ay
dcl,bcl
iy,iy
m,m
y,y
z,s
w,w
ey,ey
kcl,kcl
ao,ao
ax,r
w,w
ix,ix
n,n
m,ng
r,r
t,t
s,s
bcl,bcl
k,k
kcl,kcl
kcl,kcl
ix,ix
en,n
v,z
l,l
k,p
ae,ae
tcl,dcl
ih,ix
dh,dh
kcl,tcl
tcl,tcl
ih,ih
dcl,dcl
eh,eh
oy,ao
s,s
iy,iy
dh,jh
kcl,pcl
k,g
ih,iy
l,l
s,s
er,er
r,r
ae,ae
gcl,kcl
w,w
ao,oy
ay,ay
ih,ix
ao,ao
y,iy
z,tcl
r,r
p,p
eh,eh
r,r
bcl,m
axr,ix
w,w
ay,ay
ix,ix
ow,ow
r,axr
n,n
n,n
ey,ey
er,er
f,f
l,l
w,w
d,dcl
l,q
s,s
er,er
pcl,pcl
s,s
f,f
f,f
hh,hh
ow,ah
ah,ah
bcl,bcl
iy,iy
tcl,tcl
ux,ix
ae,ae
ih,iy
dcl,dcl
eh,eh
aa,aa
t,q
el,el
k,k
tcl,dcl
ey,ey
iy,iy
dcl,pcl
v,p
ay,ay
ih,eh
ix,ix
t,p
en,jh
ix,ix
tcl,tcl
zh,sh
r,r
s,s
axr,axr
gcl,gcl
r,r
dh,s
eh,ae
v,v
k,hh
dh,dh
ay,ay
ay,ay
v,f
aa,ay
ih,ih
l,l
sh,sh
tcl,tcl
axr,axr
r,ax
th,f
bcl,dcl
r,r
s,sh
iy,iy
ah,ae
l,l
t,k
dx,dx
l,l
w,w
gcl,dcl
v,v
tcl,z
dcl,gcl
w,ao
n,n
bcl,dcl
ix,axr
n,n
d,t
y,jh
l,ax
er,er
t,t
bcl,bcl
hh,hh
aa,ao
eh,eh
r,r
ix,ix
r,r
pcl,kcl
hh,hh
aa,ao
s,s
tcl,pcl
sh,sh
dcl,tcl
iy,iy
hh,hh
uw,r
r,r
dcl,dcl
ax,ax
pcl,tcl
l,l
nx,n
ix,ix
r,r
n,n
ae,ae
k,p
s,z
ix,iy
kcl,kcl
d,p
ow,ow
r,r
tcl,tcl
p,p
aa,aa
ix,ix
bcl,bcl
ay,ay
n,dcl
uh,ax
z,z
el,uw
t,t
er,r
t,dh
d,g
en,ax
m,n
ch,ch
ae,ae
m,m
k,k
ih,ih
l,w
t,t
ow,l
m,m
z,tcl
axr,er
iy,iy
ix,iy
eh,eh
tcl,tcl
aa,ao
ow,ux
axr,axr
dcl,dcl
dh,dh
ih,ih
axr,axr
pcl,pcl
q,tcl
eh,eh
r,r
eh,ix
sh,sh
pcl,kcl
ix,ix
q,q
r,r
ih,eh
axr,axr
ix,ix
g,k
n,n
d,dh
ix,ix
hh,hh
ey,ey
ey,iy
k,k
w,uh
sh,sh
ao,l
er,er
m,n
iy,iy
jh,jh
n,n
ix,ix
s,s
ax,ix
sh,sh
dh,dh
tcl,tcl
axr,axr
g,kcl
tcl,tcl
nx,dx
axr,n
iy,iy
aa,aa
s,s
ay,ay
iy,iy
dh,dh
ax,ih
s,s
ix,ix
g,g
l,ix
ih,iy
tcl,tcl
z,s
s,sh
q,q
g,dx
l,l
pcl,dcl
eh,eh
v,dcl
iy,iy
ah,ao
s,s
aw,aa
aw,aw
eh,eh
z,s
gcl,dcl
f,f
eh,ih
ih,ih
tcl,pcl
eh,eh
kcl,tcl
uw,ix
ux,ix
z,z
kcl,tcl
n,m
tcl,tcl
s,z
axr,axr
r,r
tcl,kcl
g,dh
tcl,pcl
ao,ao
m,m
ng,n
ix,ix
dcl,tcl
bcl,tcl
ae,ae
z,s
q,kcl
l,l
dcl,dcl
dh,tcl
iy,iy
s,s
iy,iy
f,f
dcl,dcl
g,k
r,r
ax,ax
iy,ix
n,n
ix,eh
ix,er
s,s
l,l
s,s
f,f
s,s
ih,uh
iy,iy
kcl,tcl
w,w
z,z
ix,ix
iy,iy
tcl,tcl
uh,ah
w,w
kcl,kcl
ax,r
tcl,tcl
r,r
axr,ax
tcl,tcl
er,er
l,l
gcl,dcl
kcl,kcl
ae,ae
ix,ix
eh,ey
ay,ae
f,f
kcl,kcl
s,s
sh,s
ix,ix
aw,ae
s,s
ae,ux
eh,q
nx,m
s,s
g,g
er,ow
oy,ay
ay,ay
n,m
z,z
s,s
v,v
kcl,tcl
ih,ih
y,y
ao,ao
t,t
dx,d
t,t
z,z
r,r
dcl,tcl
pcl,kcl
aa,aw
s,s
axr,axr
eh,ih
aa,ao
dcl,dcl
ih,ix
dcl,dcl
kcl,kcl
w,w
gcl,tcl
r,er
w,w
f,f
ah,ah
ix,r
gcl,tcl
ae,ae
ey,iy
ax,ax
v,v
ae,ae
em,m
ax,ax
pcl,tcl
w,w
dcl,dcl
n,n
iy,iy
s,s
er,r
k,k
tcl,kcl
r,l
l,l
ix,ix
s,s
ux,ux
axr,ax
ey,ey
gcl,tcl
hv,hv
n,n
dh,hh
uh,uh
ax,ax
l,w
oy,oy
y,y
z,z
q,q
n,n
gcl,dcl
ey,ey
kcl,kcl
ae,eh
kcl,pcl
kcl,kcl
axr,er
kcl,pcl
tcl,tcl
y,y
r,axr
ux,ux
ix,ix
eh,ix
tcl,dcl
n,n
z,z
er,er
en,m
iy,iy
dcl,tcl
l,l
ow,ow
n,n
uh,dh
tcl,dcl
d,n
jh,jh
n,n
nx,n
pcl,pcl
tcl,pcl
m,n
tcl,kcl
q,q
eh,ae
z,s
th,th
ao,ao
tcl,pcl
ay,ay
er,aa
oy,oy
ix,ix
q,q
w,w
ey,ey
m,n
tcl,kcl
r,m
aa,aa
ow,aa
dcl,dcl
ae,ey
r,v
aa,er
kcl,kcl
sh,sh
n,dcl
ow,ey
s,s
v,w
z,z
w,w
r,r
ux,ix
kcl,tcl
ix,ix
q,tcl
z,s
er,er
tcl,kcl
eh,ih
ix,iy
w,w
n,n
q,q
axr,axr
l,l
r,r
dh,dh
gcl,tcl
eh,ih
aa,aa
ix,ix
ax,q
sh,sh
ah,ah
iy,ih
ae,ae
kcl,kcl
ih,ih
ng,n
s,s
r,dx
tcl,tcl
z,z
ih,ih
gcl,dcl
f,f
iy,iy
r,r
gcl,kcl
p,p
ah,ax
pcl,tcl
s,s
ah,r
n,n
ih,iy
n,n
t,s
iy,ix
ih,ih
iy,iy
p,dcl
r,r
s,s
tcl,dcl
iy,iy
w,w
s,s
ix,ax
l,l
tcl,tcl
oy,oy
axr,er
gcl,gcl
oy,oy
iy,iy
s,s
iy,iy
r,r
l,ax
iy,iy
ow,ow
ix,ix
ih,ix
kcl,kcl
iy,iy
b,dx
n,n
r,r
nx,dx
n,n
jh,t
dh,f
eh,eh
l,l
n,n
hv,hv
axr,ih
r,r
ix,axr
ae,aa
kcl,kcl
z,s
k,kcl
ix,ih
ah,ah
f,f
ay,ay
uh,ao
ix,ix
ah,ao
t,t
aa,aa
ay,ay
ux,ix
ey,ey
f,f
ix,ix
ax,ax
z,z
q,tcl
kcl,kcl
n,dcl
m,m
k,k
kcl,kcl
iy,ix
s,s
ih,ih
z,z
ao,ax
eh,eh
axr,r
en,n
nx,n
er,axr
ay,ao
kcl,pcl
er,er
eh,ih
m,m
v,n
w,w
r,m
k,k
ey,ey
ix,iy
ah,eh
l,l
dh,dh
g,g
n,n
ix,ih
k,k
ux,iy
s,s
en,n
ix,ix
axr,axr
tcl,pcl
s,s
axr,axr
ay,ay
tcl,tcl
ae,eh
ae,ae
r,r
gcl,kcl
p,p
ih,eh
t,p
v,v
ae,ae
iy,iy
th,dh
s,s
tcl,kcl
ae,ae
k,k
w,w
ay,r
ih,iy
iy,iy
ah,ix
eh,ih
k,k
ix,ix
pcl,tcl
dcl,dcl
en,m
ux,ux
axr,axr
r,r
uw,ix
r,r
m,m
ux,ux
kcl,f
hh,p
ax,ax
kcl,kcl
axr,ix
l,l
ae,aw
l,w
n,n
n,n
n,dcl
t,k
m,n
iy,iy
el,n
z,s
l,ow
ey,eh
er,axr
pcl,pcl
ix,ix
l,w
m,m
dcl,pcl
l,l
w,w
ix,ix
r,r
m,m
iy,iy
iy,iy
iy,iy
z,sh
r,r
s,s
w,w
k,k
dcl,dcl
t,t
ao,ao
uw,l
gcl,ng
ng,n
ey,ey
iy,ih
f,f
ix,ix
k,dcl
r,er
dcl,dcl
m,m
ch,ch
iy,y
iy,iy
ix,n
r,r
ix,ix
ae,eh
kcl,kcl
ao,ao
r,ao
s,s
k,t
dh,dh
th,f
r,r
ux,ux
pcl,kcl
aa,aa
ih,ux
ax,ih
k,k
k,k
r,m
r,r
l,l
z,v
iy,iy
r,axr
r,r
ih,iy
dcl,dcl
iy,iy
dx,ix
k,k
m,m
aa,ao
q,d
f,f
p,p
w,w
dh,ng
d,d
ae,ae
m,m
dx,dcl
pcl,tcl
ao,ao
ih,ix
k,k
ae,ae
s,s
axr,axr
eh,eh
bcl,bcl
iy,iy
dx,dcl
r,ix
dh,dh
ey,ey
m,m
sh,sh
kcl,k
eh,ae
axr,er
z,z
dcl,tcl
k,k
ix,ix
ng,n
ae,ae
w,l
dcl,dcl
z,f
r,r
f,f
f,f
ix,ix
ae,ae
ix,ix
iy,r
f,f
g,p
m,m
iy,iy
kcl,kcl
w,w
sh,s
dh,dh
r,r
tcl,gcl
ix,ux
n,n
dx,dx
l,l
ao,ah
m,m
n,n
ay,aa
tcl,kcl
ax,ix
dx,dcl
oy,oy
pcl,pcl
f,th
ao,ao
f,f
ih,ih
tcl,pcl
k,p
ae,ae
s,s
m,m
ax-h,d
uw,ux
n,n
ih,eh
g,gcl
ix,r
m,n
ow,ow
ux,ux
ch,jh
aa,ao
k,k
kcl,kcl
ao,r
tcl,tcl
w,w
aa,aa
ix,ix
gcl,m
l,l
er,axr
iy,iy
g,g
iy,iy
ix,ix
ay,ay
s,s
hv,hv
dcl,dcl
iy,iy
p,p
iy,iy
dx,dx
dcl,dcl
aa,aa
ao,er
m,n
t,t
ey,ey
ix,ix
l,l
w,w
q,q
bcl,pcl
aa,ay
r,r
q,ix
kcl,kcl
ih,ey
ao,ao
t,t
iy,iy
axr,axr
iy,iy
ey,ay
d,t
ao,ao
ix,iy
pcl,pcl
q,r
ix,ix
pcl,kcl
l,l
ey,ih
eh,eh
w,w
ao,ao
aa,aa
ix,ax
ao,el
gcl,dx
ih,ix
r,r
t,t
kcl,kcl
l,l
ow,ow
tcl,dcl
ix,eh
ae,ae
f,f
tcl,kcl
eh,iy
ae,eh
ae,ae
ey,iy
kcl,z
th,z
d,d
ao,ao
tcl,tcl
dx,dx
z,z
ix,iy
eh,eh
ih,eh
w,w
ax,l
iy,iy
kcl,kcl
k,k
tcl,pcl
r,r
hh,p
eh,eh
iy,iy
ix,r
axr,axr
axr,r
p,p
k,k
ao,ao
ih,ih
ao,l
r,r
ow,ow
ux,iy
gcl,gcl
uh,ix
axr,r
l,l
n,n
s,z
ih,ey
r,r
iy,ix
er,er
aa,aa
gcl,gcl
dx,dx
aa,q
axr,axr
ix,ix
l,l
ey,iy
ao,aa
ax-h,ax
tcl,tcl
hh,p
th,th
tcl,tcl
en,m
aa,aa
t,p
s,s
m,m
er,axr
eh,eh
n,m
ao,ao
n,n
ix,ix
ix,ix
tcl,dcl
ax,l
r,r
iy,iy
r,axr
bcl,pcl
w,w
aw,aw
bcl,bcl
sh,sh
ah,eh
q,kcl
hh,hh
ih,eh
kcl,kcl
ix,ix
r,r
l,ix
kcl,kcl
z,z
n,n
ah,ix
s,z
ao,ao
iy,iy
axr,er
ix,y
aa,oy
b,kcl
kcl,tcl
ah,ah
tcl,g
b,dh
iy,iy
ix,l
el,l
iy,iy
tcl,dcl
s,s
kcl,tcl
axr,r
t,t
iy,r
jh,jh
n,m
s,s
ow,ow
uw,uw
ix,ix
gcl,kcl
er,er
r,r
g,dcl
aa,aa
tcl,pcl
ae,ae
dh,k
s,s
dx,l
ix,ix
ow,axr
pcl,pcl
dcl,dcl
pcl,pcl
iy,iy
r,l
tcl,tcl
iy,iy
dx,dx
w,w
ae,ae
aa,ao
t,t
ao,ao
q,q
oy,ao
iy,iy
m,n
ax,r
q,q
m,m
tcl,tcl
ax,el
ih,ih
w,w
ax,ix
ah,ah
pcl,kcl
tcl,tcl
z,s
kcl,kcl
eh,eh
iy,iy
w,w
axr,er
jh,jh
ah,ix
iy,ix
t,t
hh,hh
d,p
s,s
q,eh
ih,ih
kcl,kcl
ax,l
pcl,tcl
t,t
iy,iy
axr,er
iy,iy
n,n
uw,ux
q,q
nx,n
iy,iy
v,v
v,v
bcl,tcl
g,g
iy,ix
ax,ah
k,k
tcl,tcl
k,k
z,s
ow,ow
iy,iy
ch,ch
pcl,bcl
ix,ix
ax,ax
t,k
q,q
r,r
s,s
el,el
r,r
ah,l
em,n
f,f
ch,jh
l,l
er,er
l,l
ix,eh
jh,jh
y,iy
l,l
r,ao
ow,ow
ux,ux
w,w
w,w
s,s
k,k
ix,ix
ax,l
l,l
w,w
w,w
s,s
axr,axr
gcl,gcl
ae,ae
kcl,p
tcl,tcl
m,n
m,ng
iy,iy
eh,eh
p,p
d,kcl
r,ix
dcl,dcl
gcl,tcl
n,q
ax,ix
dh,k
tcl,dcl
iy,iy
k,k
ih,ix
p,p
t,s
d,kcl
ey,ey
v,v
ax,ih
aa,ah
l,l
er,axr
kcl,kcl
g,k
aw,aw
iy,iy
w,w
pcl,pcl
gcl,dcl
bcl,pcl
em,l
kcl,kcl
eh,eh
s,s
s,s
iy,iy
ao,ao
aa,aa
d,t
axr,er
pcl,dcl
ax,ih
ch,jh
iy,iy
n,dcl
iy,iy
m,bcl
hv,hv
iy,iy
s,s
axr,r
ng,m
iy,iy
eh,eh
pcl,dcl
dcl,dcl
ix,ih
ng,ng
tcl,tcl
p,p
aa,aa
l,l
k,p
eh,eh
m,m
ey,ey
v,dx
z,s
iy,iy
dh,dh
dh,n
z,z
iy,iy
ay,ay
er,er
s,z
iy,iy
q,q
z,z
iy,iy
kcl,tcl
p,p
kcl,kcl
s,s
ae,ae
l,l
l,l
tcl,tcl
f,v
ao,ao
n,n
oy,oy
ax,ax
axr,er
q,q
sh,sh
axr,r
iy,iy
gcl,pcl
dcl,dcl
kcl,kcl
z,z
em,m
ix,ix
m,m
er,ah
l,el
s,s
dh,dh
ae,ae
f,f
ae,eh
ix,ix
w,l
eh,eh
n,n
ix,en
s,s
l,l
ch,t
ux,ux
ax,l
l,l
ux,ux
ao,ao
ux,iy
iy,iy
ae,ae
b,p
iy,iy
l,l
hv,hv
ae,ae
axr,axr
s,s
s,s
r,r
ay,ay
p,d
axr,er
m,m
er,er
r,r
iy,ix
l,l
n,n
l,r
aa,aa
n,n
dcl,dcl
iy,ax
ax,ah
ay,ay
ix,ix
ix,ix
kcl,kcl
z,s
dcl,n
tcl,dx
f,p
en,n
r,r
m,m
dh,dh
q,kcl
th,th
r,r
m,iy
ih,r
ao,ao
q,ax
f,f
z,s
r,r
en,m
ao,ao
axr,axr
dcl,dcl
kcl,kcl
ah,ah
ax-h,pcl
ax,ax
sh,sh
tcl,tcl
dx,dcl
ao,aa
w,w
ux,iy
hv,kcl
f,ix
ey,ey
ax,hv
axr,axr
ah,ah
iy,iy
v,r
eh,eh
q,w
ih,iy
r,r
ax,ix
tcl,tcl
r,r
m,n
dx,dx
eh,aw
p,p
n,n
ng,ng
ix,ih
n,n
dcl,tcl
l,l
w,l
iy,y
tcl,kcl
iy,iy
dcl,dcl
z,z
w,w
r,axr
ih,eh
ux,iy
t,s
sh,sh
l,l
eh,eh
aa,aa
aa,aa
ax,ix
m,n
ow,ow
y,y
eh,ae
y,ix
q,q
m,m
f,f
ng,n
t,t
kcl,tcl
ah,ow
tcl,tcl
er,er
dh,z
r,r
y,y
l,l
v,v
tcl,pcl
ux,ux
s,s
r,r
bcl,w
r,r
iy,iy
axr,axr
q,q
ih,ih
ux,ux
kcl,dcl
el,el
ix,ax
ah,eh
ae,ae
m,m
axr,axr
ae,ae
el,el
t,t
t,t
jh,s
aa,ah
t,t
v,dh
t,t
dx,v
l,l
y,iy
t,ch
f,f
k,k
eh,eh
m,m
n,n
ah,ah
tcl,tcl
r,r
er,er
ae,ae
bcl,dcl
d,jh
r,v
ae,ae
aa,aa
uw,r
pcl,pcl
el,el
s,s
ah,r
t,t
tcl,tcl
f,f
iy,iy
r,r
s,s
l,n
axr,axr
z,z
r,l
ax,l
uh,ow
eh,ih
l,l
s,s
tcl,tcl
kcl,dcl
ow,ow
ih,ih
iy,iy
kcl,kcl
s,s
s,s
z,z
g,t
t,t
sh,sh
m,n
ix,ix
ah,aa
oy,ao
t,t
l,l
ao,ao
pcl,tcl
f,f
r,v
k,k
ax,ax
axr,hv
en,m
q,ax
iy,ix
n,n
ah,ix
tcl,kcl
er,er
w,w
jh,jh
ao,ow
eh,ix
bcl,dcl
g,dh
n,n
ih,iy
iy,iy
dcl,dcl
zh,sh
ah,r
ix,ix
iy,iy
dcl,dcl
n,n
z,s
iy,iy
gcl,bcl
bcl,tcl
t,t
k,k
z,z
axr,axr
ch,k
dcl,dcl
ah,ah
ao,ao
ae,ey
ax,ax
pcl,pcl
iy,iy
eh,ih
iy,ix
v,v
dcl,dcl
r,r
iy,iy
gcl,dcl
aw,ow
ih,iy
q,q
kcl,pcl
y,iy
ch,ch
t,t
iy,iy
dcl,dcl
m,n
ih,ih
l,w
uw,m
ax,ax
oy,oy
iy,ey
k,p
w,w
l,l
dh,t
iy,l
iy,iy
z,s
bcl,bcl
l,el
dcl,kcl
aa,aa
eh,eh
dh,dh
ey,ey
ix,ix
axr,r
z,z
ch,ch
ix,ix
ay,ay
l,l
dx,dx
er,r
dcl,dcl
ix,ix
p,p
w,n
k,k
s,s
ih,ix
l,l
s,s
tcl,dcl
ax,ah
ax-h,z
ih,ix
k,k
ae,ae
ix,ix
f,f
aa,aa
f,f
d,p
dx,dx
n,m
r,r
n,n
iy,ux
n,n
iy,iy
t,kcl
dx,dx
aa,aa
ix,ix
r,r
ah,ah
z,t
tcl,tcl
v,dcl
m,n
g,k
n,ng
dcl,dcl
m,bcl
w,w
hh,p
ey,iy
ux,iy
ax-h,ax-h
y,y
ae,ae
ih,iy
zh,z
ix,ix
kcl,kcl
dcl,tcl
z,z
kcl,kcl
pcl,dcl
iy,iy
ay,oy
ih,ix
w,w
sh,sh
iy,iy
t,s
ix,ix
hv,hv
ng,ng
n,n
r,r
tcl,kcl
f,f
axr,er
ow,ow
r,r
ay,ay
m,m
m,n
uh,l
bcl,dcl
dcl,m
ah,l
n,m
gcl,kcl
hv,iy
w,w
dcl,dcl
iy,iy
th,f
z,sh
s,s
l,l
tcl,dcl
l,l
sh,sh
eh,eh
s,s
w,w
eh,ay
ao,ao
ix,r
p,p
z,z
w,w
dcl,gcl
iy,iy
dcl,dx
ay,ae
dx,ix
kcl,kcl
ay,ay
t,t
ae,ey
s,s
ix,eh
sh,sh
m,m
ay,ay
n,n
m,m
r,axr
z,s
hh,t
uh,eh
w,w
ix,ix
m,m
nx,dcl
n,n
iy,iy
q,q
ix,ix
aw,aw
th,f
f,f
hv,hv
r,r
ey,ey
l,w
ax,ax
r,r
r,r
sh,s
s,s
v,v
ah,ax
l,l
sh,f
hh,hh
s,s
eh,ae
ey,ae
l,l
n,n
eh,eh
axr,r
gcl,gcl
iy,iy
ah,eh
kcl,kcl
v,pcl
p,p
l,k
r,r
aa,oy
tcl,pcl
r,r
kcl,kcl
r,r
kcl,kcl
iy,iy
ix,q
l,n
g,g
iy,iy
n,m
t,t
ux,ux
iy,iy
iy,ih
er,er
axr,r
ix,iy
uw,ow
v,v
ng,ng
iy,iy
k,p
th,th
d,dh
dcl,dcl
th,f
er,ae
l,el
axr,axr
r,r
kcl,kcl
l,l
f,f
ay,ay
t,t
ix,ih
ix,ix
r,r
el,r
ao,ao
ix,m
iy,iy
aa,aw
ae,ae
ao,w
ux,iy
r,r
ah,ao
ix,ix
ix,iy
er,axr
iy,iy
aa,ao
n,n
hv,hv
tcl,tcl
l,w
ng,gcl
t,t
w,l
ix,ix
m,n
t,t
r,r
ix,ix
ae,ae
q,q
r,axr
m,m
q,kcl
tcl,kcl
r,r
axr,r
m,m
oy,oy
iy,iy
aa,aa
ao,ao
l,w
v,v
dcl,dcl
ih,iy
ix,ix
q,dh
s,s
tcl,kcl
iy,ix
uw,ux
ao,ao
eh,eh
r,r
ah,ah
ih,ih
aa,aa
ih,ih
er,axr
f,f
m,n
f,f
ix,ix
ao,aa
n,n
dcl,pcl
ax,ax
ey,ey
ix,ih
q,q
sh,sh
ch,jh
eh,ae
l,ax
tcl,kcl
ix,ix
kcl,kcl
iy,iy
ih,ih
dcl,dcl
ax,ax
ix,ix
ng,gcl
n,n
s,s
v,v
s,s
s,s
l,l
kcl,kcl
ng,q
p,p
z,s
iy,y
ae,ay
l,l
iy,iy
iy,iy
iy,iy
uh,ax
kcl,tcl
ux,ux
tcl,tcl
s,z
sh,sh
ux,ux
ix,ix
y,tcl
ix,ix
ih,iy
w,w
k,k
w,l
kcl,tcl
iy,iy
f,f
eh,eh
dcl,tcl
sh,sh
n,n
k,k
r,r
ae,ae
s,s
ae,ae
ax,n
ix,ix
ah,ax
axr,axr
dh,dcl
kcl,tcl
ix,ix
kcl,kcl
r,r
aa,aa
d,t
iy,iy
iy,ng
er,er
oy,ay
q,q
ae,ae
eh,ih
t,t
ao,w
axr,axr
tcl,kcl
ix,iy
r,r
z,z
tcl,dcl
iy,iy
n,n
iy,iy
iy,iy
bcl,bcl
dcl,dcl
f,f
bcl,kcl
p,p
s,s
t,t
g,g
iy,iy
s,s
aa,aa
dh,dh
t,t
ih,ih
n,n
el,el
ay,ay
pcl,kcl
b,dh
ae,ae
uw,uw
w,l
n,n
ow,el
t,p
ax,ix
tcl,tcl
ch,jh
w,w
pcl,pcl
hh,t
n,n
s,s
f,f
dcl,dcl
y,y
el,l
ih,ih
sh,sh
p,p
z,z
sh,sh
aa,axr
r,axr
w,w
ow,ah
ih,eh
axr,eh
bcl,bcl
l,l
tcl,tcl
tcl,kcl
ah,ah
gcl,dcl
s,s
kcl,kcl
z,z
pcl,tcl
ao,ao
iy,iy
pcl,kcl
ae,ae
s,z
n,n
n,n
v,v
d,v
ah,ah
s,z
ax,ix
kcl,kcl
ax,ax
dcl,dcl
k,k
ay,ay
aa,ay
ng,n
m,dx
hh,hh
aa,aa
q,q
ih,ix
tcl,kcl
ih,ih
iy,iy
ux,r
k,k
q,q
dcl,dcl
r,ax
axr,axr
r,r
tcl,dcl
dx,dx
bcl,bcl
l,l
ao,aa
ih,ey
tcl,kcl
s,z
ae,ae
gcl,kcl
w,r
n,n
t,t
ao,ao
kcl,kcl
dcl,dcl
m,n
pcl,pcl
w,q
m,m
eh,eh
axr,axr
bcl,dcl
ae,ae
t,w
p,f
k,k
l,l
m,m
axr,axr
axr,er
ae,ae
ih,ix
ix,ax
dh,bcl
s,z
iy,iy
ix,iy
tcl,tcl
ih,ix
ao,ao
pcl,tcl
r,r
pcl,pcl
ao,ao
iy,iy
g,k
r,r
ow,ow
ao,ow
bcl,bcl
t,t
q,q
ng,m
z,z
g,tcl
g,k
ix,ix
er,er
bcl,bcl
s,s
gcl,dcl
eh,eh
axr,er
ix,ix
q,q
ih,iy
ux,ux
bcl,dcl
tcl,kcl
sh,sh
er,er
axr,eh
ay,ey
er,er
iy,iy
dcl,dcl
uh,axr
tcl,tcl
dcl,dcl
uh,ih
ng,ng
y,y
t,t
axr,er
z,z
v,v
iy,iy
gcl,pcl
ix,ix
el,ow
ih,m
s,s
el,l
kcl,kcl
axr,axr
tcl,kcl
sh,sh
tcl,tcl
ux,ih
ix,ix
ey,ey
ix,ix
ix,ih
sh,sh
ix,eh
g,g
dx,dx
bcl,bcl
aa,aa
bcl,bcl
eh,hv
t,t
er,ao
ey,ey
ah,eh
tcl,dcl
ah,ah
iy,iy
ih,ih
ux,ix
t,ch
n,n
aa,ah
hh,dcl
m,n
s,s
aa,ah
ih,ix
ix,ix
tcl,kcl
q,q
ix,ix
ix,ix
sh,s
tcl,kcl
ix,ix
hh,hh
n,n
f,f
iy,iy
ng,ng
z,s
s,s
m,m
r,r
uh,uh
pcl,pcl
w,l
iy,iy
m,n
ae,ae
ah,ax
aa,aw
pcl,bcl
sh,sh
g,k
m,n
eh,ix
er,er
s,s
tcl,tcl
axr,r
ix,ix
r,r
t,d
iy,iy
ux,y
ih,ih
axr,axr
gcl,n
l,l
ax,ix
k,hh
ix,ix
w,w
ix,ix
dx,dx
ah,eh
n,n
s,s
dx,dcl
l,ax
ih,ax
ax,ix
n,dcl
dcl,dcl
sh,sh
r,r
ng,ng
q,d
aa,aa
g,g
ah,eh
l,ix
k,g
n,n
ix,ix
r,r
ix,ix
gcl,dcl
r,r
y,iy
ix,ax
kcl,kcl
ix,ix
ax,ix
eh,eh
tcl,pcl
q,axr
ah,ax
dh,z
kcl,tcl
er,er
jh,jh
dcl,dcl
ah,ah
dcl,dcl
ay,ay
axr,axr
tcl,tcl
iy,iy
k,k
en,n
k,p
bcl,m
ax,ix
g,k
ih,ix
ae,ae
q,iy
sh,sh
hh,tcl
g,k
kcl,tcl
el,l
r,r
eh,ix
y,n
ax-h,t
s,s
ay,ay
tcl,kcl
m,ux
w,l
q,q
dcl,dx
v,v
er,er
ay,ay
kcl,kcl
tcl,tcl
s,s
m,m
ix,ix
aa,aa
eh,ow
bcl,bcl
pcl,pcl
t,t
ae,ae
ix,ix
kcl,kcl
s,s
y,y
sh,sh
z,z
ae,ae
aw,aw
ih,ix
sh,s
hv,z
ih,ih
iy,iy
eh,eh
ix,ix
s,s
w,w
n,l
ay,ay
q,q
kcl,kcl
ax,dh
pcl,pcl
q,q
ax,ax
t,t
k,k
axr,axr
k,k
d,d
ih,ih
ow,ow
kcl,pcl
ih,ix
ux,ih
ax,ax
z,z
m,r
tcl,dcl
ao,l
tcl,f
s,s
s,s
en,n
r,r
iy,iy
n,n
dcl,tcl
t,t
m,m
iy,iy
z,ch
f,f
k,k
en,n
z,s
n,n
q,dcl
n,n
jh,jh
v,v
gcl,dcl
er,er
q,q
nx,n
er,er
r,r
k,k
eh,eh
aa,aa
axr,r
sh,sh
sh,s
r,r
ae,ae
aa,aa
dx,jh
uh,ow
w,l
aw,aw
ih,ih
s,k
z,s
kcl,kcl
dh,dh
n,n
axr,axr
tcl,dcl
z,z
ih,axr
iy,iy
z,s
hv,hh
axr,axr
uw,ow
aw,aw
axr,axr
ow,ow
tcl,tcl
iy,ih
z,z
r,r
ax,ix
ow,ah
ow,ah
ix,ih
m,n
g,k
n,v
kcl,kcl
bcl,tcl
n,m
eh,ah
f,pcl
ah,ay
b,p
s,s
s,s
ae,ae
ux,iy
axr,axr
ih,ih
y,iy
k,k
v,v
ay,ay
th,p
uh,uh
sh,sh
ae,aw
eh,eh
ih,ix
aa,ao
n,dcl
m,m
kcl,kcl
th,s
n,n
y,iy
gcl,kcl
pcl,tcl
r,r
z,z
kcl,kcl
ix,ix
er,ao
nx,n
eh,ih
ah,eh
ih,ix
ix,r
ix,ix
tcl,tcl
dh,ix
ih,axr
ae,ae
m,m
z,s
q,q
ow,l
n,n
q,r
f,f
k,k
p,p
ix,ix
ih,ih
ix,ux
m,m
s,s
ng,n
iy,iy
iy,iy
ao,r
b,p
hv,hv
ax,ax
f,f
tcl,kcl
ah,eh
ao,ao
z,s
dcl,dcl
dx,dcl
m,n
ax,r
aa,aa
s,f
n,n
t,t
iy,ih
ae,ae
ae,ae
w,w
gcl,dcl
kcl,tcl
l,l
q,q
kcl,kcl
s,s
tcl,kcl
axr,r
aa,ao
ay,ay
m,m
tcl,tcl
ch,s
iy,iy
n,dcl
ng,ng
ih,iy
ey,ey
uw,ih
ah,ay
iy,iy
s,s
z,s
ih,uh
n,n
f,f
r,r
dh,tcl
r,bcl
ah,eh
ix,q
th,th
iy,iy
ih,ih
ae,eh
ey,ey
m,m
eh,eh
ix,ix
m,m
d,t
f,f
dcl,pcl
l,l
n,n
y,iy
iy,iy
s,s
z,z
ah,ah
s,s
ae,ae
tcl,tcl
ng,ng
en,m
tcl,v
v,dx
tcl,tcl
l,l
g,kcl
n,dh
ih,ix
r,r
ah,ae
y,iy
er,axr
iy,ix
ae,ae
uh,ax
ow,ao
eh,eh
f,f
iy,iy
n,n
l,l
l,l
eh,eh
ay,ay
ax,ax
s,s
ay,ay
ah,ah
aw,aw
ih,ix
k,k
axr,w
dcl,tcl
dx,dx
kcl,kcl
ix,ix
n,dcl
z,z
k,k
r,r
q,ix
m,m
ih,r
iy,iy
iy,iy
dcl,dcl
pcl,pcl
m,m
aa,aa
n,n
aa,aa
s,s
k,k
ae,ae
axr,axr
iy,iy
l,l
aw,aw
er,axr
p,k
dh,dcl
g,g
m,m
s,s
dx,ix
ae,ah
dx,dx
ux,ux
ix,ix
iy,iy
tcl,tcl
n,n
s,s
zh,sh
aa,aa
ih,l
ix,ax
iy,iy
ax,ax
k,kcl
ay,ae
k,k
tcl,bcl
gcl,dcl
ay,ay
aa,aa
s,s
l,n
n,n
ng,l
n,n
axr,axr
n,n
d,d
dx,dcl
pcl,kcl
aa,aa
s,s
n,n
t,t
iy,iy
ax,ix
eh,ih
q,tcl
ae,eh
k,k
pcl,f
er,axr
iy,ey
dcl,dcl
w,w
ux,y
eh,r
aa,er
l,l
p,p
n,n
n,tcl
axr,er
tcl,tcl
n,n
ix,ix
b,b
k,k
iy,iy
ih,ae
t,d
pcl,bcl
n,n
g,kcl
er,ao
dcl,dcl
z,s
k,k
iy,ey
z,s
n,n
ah,aa
ah,ae
l,ah
aa,ay
z,z
kcl,kcl
ix,l
ih,ix
er,er
n,n
ae,eh
ax,ix
uw,ix
l,l
ah,aa
y,y
ux,ux
bcl,dcl
v,v
m,n
aa,ao
t,t
ax,ah
ix,ix
dh,ux
bcl,bcl
y,iy
t,d
m,v
jh,jh
axr,ah
dh,dh
kcl,p
ao,ao
m,m
n,m
dh,dcl
axr,axr
ng,dcl
iy,ix
ch,ch
q,q
z,z
th,f
r,r
iy,iy
uh,ax
axr,axr
g,k
pcl,dcl
ux,ux
ix,ix
iy,iy
l,iy
em,n
dcl,dcl
dh,n
dh,dh
aa,ay
nx,dx
w,w
eh,ih
ix,ix
ih,ih
p,p
t,t
axr,r
ux,ow
ey,iy
dh,ix
dx,dcl
tcl,tcl
s,s
bcl,dcl
ao,ao
dcl,dcl
eh,ae
t,jh
l,el
m,n
l,l
n,n
l,el
r,r
ae,ae
n,n
r,r
tcl,tcl
r,r
q,q
uw,axr
t,z
gcl,dcl
ux,ux
en,m
ix,ih
l,l
r,r
ix,ix
eh,eh
el,el
ih,ix
ao,w
kcl,kcl
aa,ao
ax,ix
bcl,dcl
t,p
ao,w
l,l
sh,sh
ix,ix
k,kcl
q,q
ao,ao
kcl,kcl
k,k
w,ow
aa,ao
gcl,gcl
hv,ix
gcl,tcl
r,r
ey,ey
n,n
aa,aa
v,v
oy,oy
eh,eh
hv,ix
oy,oy
dx,dcl
ae,ae
sh,sh
w,w
ae,aw
pcl,pcl
ae,ae
l,l
ae,ae
ix,ih
iy,iy
hv,hh
ay,eh
aa,ao
tcl,kcl
m,m
ix,ih
w,w
axr,axr
er,er
ix,ix
tcl,tcl
s,jh
r,r
ix,ih
f,f
ix,ih
f,f
d,d
tcl,pcl
n,dcl
ae,ae
t,t
s,z
ah,eh
bcl,dcl
pcl,pcl
s,s
t,s
m,m
n,m
r,r
s,s
r,r
er,r
s,sh
ax,ax
q,q
t,t
aw,aa
n,ax
r,m
ix,ix
ng,n
q,m
y,iy
n,n
eh,eh
t,t
f,f
kcl,kcl
tcl,kcl
l,l
tcl,tcl
t,kcl
tcl,tcl
pcl,tcl
kcl,kcl
tcl,tcl
z,s
eh,ix
s,th
ow,ow
l,l
nx,nx
q,q
ax,l
eh,eh
ao,r
r,r
l,l
r,r
ih,ae
r,w
axr,r
t,t
n,n
ix,ix
ax,ix
iy,iy
v,f
dx,dx
g,g
dcl,dcl
ax,ax
f,f
v,v
r,r
pcl,kcl
n,ng
d,d
iy,iy
m,m
iy,iy
er,er
ih,ix
dh,kcl
gcl,gcl
f,z
ih,ix
ix,ix
ay,ay
kcl,kcl
ix,iy
bcl,dcl
tcl,tcl
kcl,kcl
v,v
iy,iy
pcl,dcl
ng,n
th,pcl
s,s
q,q
n,n
n,n
z,s
k,k
q,q
ix,ih
l,uw
q,ix
eh,ih
dcl,tcl
f,kcl
w,w
ih,eh
w,w
r,r
sh,sh
p,k
sh,sh
ng,n
ix,ix
f,f
ow,l
s,sh
iy,iy
bcl,kcl
kcl,tcl
l,l
ix,ix
dcl,dcl
z,z
ix,iy
ao,ah
tcl,pcl
ux,ux
r,eh
l,l
s,s
ow,ow
f,f
aa,ao
axr,axr
n,n
s,s
eh,ae
tcl,tcl
eh,ih
kcl,tcl
iy,iy
z,z
tcl,tcl
aa,aa
f,f
axr,axr
ng,m
aa,ah
ey,ey
q,q
l,l
k,k
m,m
dx,dx
oy,oy
ah,ay
ix,ey
ih,r
k,k
oy,oy
kcl,kcl
tcl,tcl
k,k
iy,iy
iy,iy
el,l
k,k
ih,r
aa,aa
sh,sh
n,n
p,ix
q,q
oy,oy
n,n
ay,ay
nx,m
ae,ae
iy,iy
ih,ih
s,s
q,q
dcl,z
w,w
ax,ah
axr,axr
ih,ix
eh,ey
ix,ix
kcl,kcl
eh,eh
tcl,tcl
iy,iy
m,m
axr,axr
s,s
z,z
ix,dh
s,s
axr,axr
w,w
tcl,tcl
l,l
kcl,tcl
ao,l
er,er
ae,eh
ow,ow
el,l
bcl,dcl
tcl,bcl
gcl,dx
eh,eh
p,p
en,n
kcl,kcl
z,z
ax,l
el,l
ax,l
tcl,pcl
y,y
n,n
s,s
ix,q
bcl,bcl
s,s
iy,ux
ah,ah
eh,eh
bcl,pcl
sh,sh
n,n
ix,ix
t,t
ow,ao
axr,er
b,p
ey,ey
kcl,kcl
iy,iy
v,v
ih,iy
p,p
iy,iy
t,jh
ax,ax
iy,iy
p,p
pcl,tcl
k,k
k,k
n,n
eh,ah
n,n
bcl,dcl
ix,ix
k,k
bcl,bcl
hh,hh
d,t
z,s
ux,ux
ao,ao
axr,r
n,n
v,v
n,n
w,w
ix,ix
ah,ow
l,l
iy,iy
ay,ay
s,s
r,r
ix,ix
ix,dx
hh,p
uh,ix
dh,dh
iy,iy
t,d
hh,hh
ix,ax
t,t
eh,ix
r,dx
r,r
dcl,bcl
k,p
s,s
iy,iy
aa,aw
dcl,kcl
gcl,dcl
n,n
aa,l
ax,ix
ah,ao
dx,dcl
dcl,kcl
r,r
er,r
hv,hv
ax,ax
eh,eh
pcl,dcl
iy,iy
ay,ay
ao,r
iy,iy
ay,ay
l,l
gcl,dx
m,n
t,t
ae,ae
d,jh
ax,ax
aa,ay
ix,ix
k,dh
m,m
jh,jh
gcl,dcl
pcl,kcl
ix,ax
pcl,kcl
f,f
eh,ix
em,m
ch,ch
er,er
eh,eh
er,er
m,m
sh,sh
s,s
dcl,dcl
l,uw
ih,ih
kcl,kcl
eh,ae
ih,ih
dcl,dcl
t,t
s,z
dx,dh
eh,ix
kcl,tcl
ih,ih
ah,ah
s,sh
q,q
s,s
t,t
s,s
tcl,pcl
kcl,kcl
eh,ay
uh,uh
n,m
m,m
g,k
y,y
n,n
s,s
f,f
uw,uw
t,t
q,q
g,k
p,k
kcl,pcl
ih,ih
gcl,n
iy,iy
v,n
n,n
y,ix
iy,ix
n,n
er,er
ix,iy
ao,ao
iy,iy
m,m
f,f
t,t
axr,er
ng,n
sh,sh
r,aa
tcl,tcl
en,eh
ih,ih
uw,ux
n,n
n,m
iy,ix
n,n
f,f
ih,ix
q,q
pcl,kcl
gcl,gcl
l,ax
dcl,dcl
hh,p
ih,ih
z,z
ih,ih
ay,ah
ix,iy
eh,eh
s,s
l,ow
p,p
k,k
dcl,dcl
tcl,dx
oy,ao
tcl,tcl
s,s
ey,ey
ah,l
ow,ow
ax,ix
eh,eh
dx,dx
t,d
l,l
n,n
r,r
l,l
ng,ng
ae,ae
m,n
n,n
gcl,kcl
k,k
tcl,pcl
ae,eh
g,k
ah,l
ix,iy
w,l
ix,ix
uh,ix
dcl,dcl
f,th
ix,ix
bcl,bcl
ah,ah
kcl,kcl
m,m
iy,iy
l,l
r,r
eh,ah
f,f
sh,sh
ix,iy
iy,iy
s,s
ux,ux
pcl,pcl
ao,ao
dcl,tcl
l,l
l,l
n,n
l,l
ax-h,l
ix,ax
kcl,kcl
tcl,kcl
jh,z
t,k
tcl,tcl
y,y
l,l
w,w
aa,aa
sh,sh
l,l
m,n
t,d
l,v
s,s
tcl,tcl
pcl,pcl
kcl,kcl
m,m
dcl,dcl
ix,ix
ae,ae
iy,iy
l,l
sh,sh
hh,w
aa,l
axr,axr
t,t
ix,ix
sh,sh
ey,ey
axr,axr
dcl,tcl
ae,ae
dcl,dcl
t,ch
ao,aa
aa,aa
dcl,n
n,n
s,z
ch,ch
v,v
ax,ax
p,p
ow,ow
ao,ow
l,ax
ix,l
kcl,kcl
l,l
ux,ux
iy,iy
eh,ae
m,n
er,er
z,z
ay,ay
f,f
ix,ix
n,n
dcl,bcl
ix,n
p,p
m,m
axr,axr
ey,ey
l,l
pcl,pcl
dcl,dcl
t,t
n,n
iy,iy
ih,ih
aa,aa
axr,ix
n,n
ix,ux
dh,dh
ah,ow
ix,ix
r,r
w,w
r,r
r,r
dh,q
oy,ow
s,ch
hv,z
iy,iy
m,n
tcl,pcl
tcl,dcl
hh,hh
bcl,bcl
k,hh
bcl,dcl
eh,ih
t,t
sh,sh
ax,ih
ah,ah
k,k
ay,aw
aa,r
ow,ow
t,t
sh,sh
el,w
ix,ix
ih,ix
ao,ao
eh,ix
dcl,dcl
ow,ow
r,r
l,l
aa,ao
ah,ax
ix,uh
ao,ah
r,r
kcl,kcl
pcl,tcl
ux,iy
ih,ey
ao,aa
bcl,dcl
ih,ix
ix,ix
q,q
ix,ix
jh,jh
aa,aa
s,s
nx,n
sh,sh
kcl,kcl
aa,ao
m,m
k,k
p,p
s,s
eh,eh
s,s
iy,iy
ay,ay
ow,l
uw,uw
iy,iy
uh,ix
ix,ix
ix,ix
ae,ae
ow,ow
ey,iy
aa,ay
eh,eh
eh,eh
n,n
ix,iy
s,s
n,n
v,p
ae,ae
y,iy
ix,ix
iy,iy
ah,aa
m,m
t,t
ey,ey
d,d
kcl,tcl
n,n
ih,ih
ux,ux
iy,ix
m,n
ao,ao
f,f
el,w
v,v
n,n
ix,ix
ix,ix
y,iy
bcl,bcl
k,k
axr,ao
s,s
n,n
iy,iy
ax,ix
hh,k
n,dx
iy,iy
r,r
eh,eh
ax,l
er,er
z,z
gcl,tcl
sh,s
l,l
n,n
pcl,kcl
er,axr
iy,iy
aa,aa
ey,ey
gcl,bcl
s,s
gcl,dcl
ix,ix
ay,ay
bcl,pcl
dcl,tcl
er,er
t,t
aa,ao
sh,sh
pcl,kcl
z,z
iy,y
hh,hh
er,er
ey,ey
r,r
aa,aa
r,r
ae,ae
l,r
g,kcl
t,t
y,y
hv,hv
ix,ih
f,f
sh,sh
ax,dh
n,ix
l,l
ix,ih
w,w
t,t
z,dh
ng,n
er,er
iy,iy
p,k
tcl,tcl
g,g
er,axr
q,k
ao,ao
jh,jh
dcl,dcl
nx,bcl
aa,aa
m,m
hh,hh
z,jh
eh,eh
l,ax
f,f
w,w
s,s
ey,ey
ao,ao
n,n
s,sh
eh,eh
jh,sh
dx,dx
tcl,w
iy,ih
s,s
pcl,pcl
axr,r
ah,ax
w,el
kcl,kcl
kcl,kcl
kcl,kcl
uw,ix
iy,iy
aa,aa
iy,iy
eh,eh
iy,iy
n,n
dh,dh
sh,sh
kcl,kcl
dh,dx
ng,m
l,l
ao,ao
pcl,bcl
ix,ih
m,m
k,k
dx,dx
kcl,kcl
th,dh
m,ix
ow,ow
tcl,dcl
ow,ax
w,w
kcl,kcl
sh,sh
y,y
ah,ao
ao,ao
z,z
w,w
aa,aa
iy,iy
pcl,pcl
ng,n
nx,r
ix,ix
dx,dx
s,s
ae,ae
s,s
uh,uh
ix,ix
ae,ae
q,ix
eh,eh
ae,eh
r,r
eh,ix
ih,ux
n,n
iy,iy
ix,ix
tcl,kcl
z,s
l,l
v,v
tcl,dcl
m,m
oy,oy
er,axr
r,r
q,l
s,s
n,n
sh,sh
ux,ux
y,ix
n,n
dcl,tcl
z,s
ae,ae
l,l
gcl,gcl
iy,iy
iy,iy
eh,eh
iy,iy
nx,nx
p,p
ae,ae
v,r
z,s
bcl,m
l,l
t,t
s,s
y,y
r,r
s,s
iy,ih
ey,ey
m,m
k,t
ae,ae
gcl,tcl
n,dcl
t,t
b,p
kcl,tcl
ix,ix
ay,ay
aa,aa
ux,ux
l,l
dcl,dcl
ix,iy
p,p
s,s
ae,eh
r,ow
kcl,kcl
w,l
ix,l
ix,y
ae,ae
ix,ax
ih,ux
s,s
s,s
iy,iy
s,s
y,y
aw,aw
pcl,tcl
n,n
iy,ey
kcl,pcl
n,nx
dh,dh
ih,iy
dx,gcl
w,w
n,n
dcl,kcl
aa,aa
ow,ow
r,r
dcl,dcl
iy,iy
n,ax
ix,q
d,d
v,v
r,r
r,r
q,ax
r,r
dcl,dcl
iy,iy
nx,m
ih,ix
s,s
s,s
iy,iy
y,y
tcl,pcl
l,l
dcl,dcl
r,r
aa,aa
ih,iy
f,f
ay,ao
n,ng
r,r
ao,aa
f,f
m,m
iy,iy
m,ax
m,m
l,l
tcl,tcl
ay,ae
n,dh
ux,uw
z,s
axr,axr
ay,ay
l,l
tcl,tcl
iy,iy
ix,ix
m,n
m,m
ch,ch
ah,eh
ng,ng
r,r
tcl,pcl
n,n
l,l
y,ih
tcl,pcl
m,n
s,s
ih,ix
dx,dx
t,t
iy,iy
q,q
l,ax
f,f
r,eh
r,r
f,f
ey,ey
p,p
s,s
ch,ch
z,s
axr,er
r,er
tcl,tcl
ow,ow
ix,ix
ix,r
s,s
q,q
r,ax
t,t
aa,ao
ae,ae
l,r
dcl,dcl
y,y
iy,iy
dcl,dcl
tcl,tcl
r,r
ux,ux
t,t
aa,ao
iy,iy
ih,q
hh,kcl
ix,ix
axr,r
l,l
k,k
axr,er
l,l
m,n
ay,ay
axr,r
pcl,kcl
axr,axr
er,er
aa,aa
p,p
kcl,kcl
l,l
ow,ux
ix,ix
ae,ae
dcl,dcl
v,v
ux,ux
ao,ao
k,k
k,k
r,r
k,p
pcl,kcl
r,n
kcl,kcl
r,r
eh,ah
er,er
axr,ix
dcl,gcl
hh,hh
ay,ay
ix,ix
bcl,tcl
dcl,dcl
r,ih
dcl,dcl
aa,ao
aw,ah
ey,ey
iy,iy
tcl,tcl
ax,r
ix,ix
q,q
iy,iy
r,r
q,q
tcl,tcl
sh,sh
v,v
eh,ah
b,dh
aa,ao
t,t
ih,ih
l,ih
ay,ah
pcl,pcl
l,l
l,l
pcl,dcl
w,w
ay,aa
bcl,bcl
iy,iy
dx,dx
ax,ix
kcl,kcl
r,r
iy,iy
z,z
ih,ix
dcl,dcl
f,f
tcl,pcl
f,f
ey,iy
r,r
f,f
ih,ey
m,m
g,k
ix,ix
l,ah
ay,ay
kcl,kcl
ix,iy
s,s
r,r
dcl,dx
q,q
k,k
y,k
hh,hh
tcl,tcl
v,v
t,t
gcl,kcl
s,s
tcl,dcl
tcl,tcl
ey,ey
l,l
aa,er
er,r
w,l
l,l
l,l
jh,t
axr,dx
tcl,pcl
ux,ux
q,q
iy,ux
l,l
z,z
iy,iy
w,m
m,m
ae,eh
gcl,dcl
bcl,bcl
iy,iy
ow,ow
ih,ih
er,ih
ax,ax
q,q
eh,eh
eh,ix
tcl,kcl
sh,s
s,s
ow,ow
ow,ow
iy,iy
r,r
kcl,k
iy,iy
iy,iy
uh,ih
ix,ix
n,n
eh,ax
k,k
tcl,pcl
m,m
q,q
ey,ih
bcl,dcl
tcl,kcl
kcl,kcl
nx,ix
axr,axr
oy,ay
ae,ae
ih,ae
ih,ih
ih,ix
dx,dx
r,r
ay,ay
ao,ao
bcl,dcl
er,axr
iy,ix
w,w
r,dx
sh,sh
w,w
q,dcl
aw,aw
ow,ow
m,ng
ey,ey
y,y
kcl,kcl
sh,s
pcl,kcl
ay,ay
oy,ao
ih,ih
tcl,tcl
l,el
t,p
ix,r
dcl,dcl
s,s
aa,ay
l,l
el,ao
f,f
r,r
r,r
en,n
dcl,dcl
kcl,kcl
sh,sh
n,n
ih,ix
ux,ux
ih,ih
n,ix
l,q
ux,en
ao,ao
ux,ix
q,q
ow,ow
dx,dx
en,n
s,s
q,q
ix,iy
t,t
ao,ao
t,t
ax,ax
tcl,dcl
kcl,kcl
hh,hh
m,m
ix,ix
eh,eh
r,r
s,s
n,dcl
ax,axr
ih,ix
iy,iy
ey,ey
z,z
kcl,kcl
ae,ae
z,sh
tcl,pcl
m,m
gcl,dcl
er,er
g,k
er,er
t,t
iy,iy
er,axr
ax,ix
t,t
ow,ow
tcl,tcl
aw,ae
iy,iy
dcl,dx
ow,ow
r,r
n,m
s,s
ey,iy
s,s
ao,ao
kcl,kcl
kcl,k
hh,hh
n,n
ao,ao
iy,iy
ay,ay
iy,iy
l,l
axr,axr
m,n
ng,m
s,s
s,s
eh,ax
m,m
y,iy
axr,axr
z,z
tcl,tcl
hv,hv
ae,eh
dcl,dcl
pcl,tcl
tcl,tcl
ix,ix
ih,ix
ng,l
iy,r
l,l
d,d
iy,iy
n,m
t,t
iy,iy
z,s
tcl,tcl
n,n
ao,m
kcl,kcl
p,p
l,l
aa,q
ih,iy
s,s
r,r
k,k
ix,ix
uh,ah
l,l
ow,aa
l,l
s,s
w,l
k,k
ey,ey
n,n
aw,aw
ao,ow
ae,ae
v,n
kcl,kcl
ih,eh
ih,iy
nx,m
kcl,pcl
ey,ey
q,q
f,th
er,er
gcl,n
th,dcl
dcl,dcl
t,jh
ao,ao
ix,n
l,q
kcl,tcl
ao,ah
s,s
gcl,dcl
l,l
sh,sh
r,r
f,f
dcl,tcl
aw,aw
k,k
kcl,kcl
ey,iy
er,er
ao,ao
ax,eh
ay,ay
gcl,dcl
r,er
iy,iy
dcl,dcl
v,v
axr,ax
ao,eh
k,k
r,r
r,r
dh,v
ao,ao
n,n
t,t
ax,ax
ow,w
axr,axr
eh,ae
el,l
pcl,pcl
w,w
kcl,kcl
uh,eh
sh,sh
q,q
q,q
ix,ix
m,m
g,p
pcl,kcl
aa,ah
eh,ah
v,v
s,s
ae,ae
ix,eh
iy,iy
bcl,bcl
l,el
ow,ow
n,n
kcl,pcl
gcl,dcl
r,r
t,t
ix,ix
tcl,n
z,s
pcl,pcl
iy,iy
g,g
n,n
z,z
s,s
q,dcl
aa,aa
aw,eh
v,t
ao,ao
n,dcl
ix,iy
ix,ix
m,m
er,axr
ao,aa
kcl,tcl
ih,iy
axr,axr
s,s
ax,ix
ay,ay
r,r
iy,iy
kcl,tcl
ax,ax
er,er
r,w
n,n
ix,ix
l,l
l,l
ix,ix
tcl,tcl
er,er
r,r
k,k
r,r
ix,ix
ux,uw
l,l
iy,ih
l,l
ow,l
kcl,kcl
s,s
ih,ih
n,n
l,l
tcl,kcl
s,s
l,l
tcl,p
w,w
eh,eh
jh,d
l,l
tcl,tcl
ix,ix
n,m
ao,ao
iy,iy
ix,ix
d,g
k,k
m,n
axr,r
l,l
n,n
ae,hv
iy,ux
ow,ae
ay,ae
ow,ow
l,ax
ix,l
dcl,dcl
m,m
n,n
z,s
iy,iy
ix,ax
n,n
th,th
ax,ax
g,m
jh,jh
aa,ao
q,dcl
ey,ey
q,q
iy,iy
iy,iy
eh,ae
axr,axr
tcl,pcl
gcl,dcl
r,r
w,ao
tcl,dcl
s,s
ay,ae
bcl,dcl
ix,ix
tcl,kcl
dh,dcl
y,y
r,r
y,iy
s,f
aa,aa
tcl,dcl
gcl,dcl
s,s
f,p
m,m
s,s
jh,jh
m,m
pcl,kcl
sh,sh
kcl,kcl
bcl,bcl
m,n
v,m
ix,ix
ux,ux
dh,dh
d,sh
p,p
axr,er
g,g
v,dcl
ix,ix
q,dh
n,n
bcl,bcl
p,k
iy,iy
ix,ix
ch,jh
l,l
axr,er
kcl,tcl
n,nx
ax,ax
dh,dh
ow,ow
k,k
ey,ey
tcl,tcl
bcl,bcl
z,z
b,p
y,y
kcl,dx
bcl,dcl
aa,aa
s,s
f,f
l,ow
dh,dh
hh,hv
el,hv
kcl,gcl
kcl,kcl
ax,r
dx,ix
n,n
uh,ix
v,v
ax,ah
l,l
ah,ao
kcl,kcl
tcl,kcl
dx,dh
jh,jh
w,w
tcl,kcl
dcl,dcl
g,nx
tcl,pcl
n,n
q,q
ao,ow
w,w
dx,dx
ax,ix
jh,jh
jh,jh
q,q
axr,er
l,l
hh,p
m,m
th,th
s,s
ax,ax
kcl,tcl
ih,ih
n,m
v,v
q,k
ay,ay
tcl,tcl
ax,ax
pcl,bcl
tcl,tcl
k,k
l,l
eh,ah
z,z
k,hh
iy,iy
dh,tcl
ae,eh
r,r
q,q
dx,dx
q,k
t,t
iy,iy
kcl,kcl
w,w
t,p
s,s
iy,iy
q,q
tcl,gcl
iy,iy
w,l
kcl,tcl
dx,dx
axr,axr
g,k
eh,eh
ax,nx
tcl,tcl
ix,ix
q,q
r,r
ax,l
y,y
kcl,kcl
dh,f
n,iy
s,s
w,w
ae,ae
ix,d
k,k
ae,ae
ax,q
n,n
v,l
sh,sh
ix,ix
sh,sh
jh,jh
ae,ae
l,l
ae,ae
l,l
kcl,kcl
kcl,kcl
hv,hv
pcl,pcl
s,s
ao,ao
axr,r
p,p
q,q
ah,ao
kcl,kcl
ey,ey
ux,ux
ah,ah
ey,eh
ae,ae
s,s
pcl,dcl
ey,ey
m,m
bcl,bcl
iy,iy
ey,iy
ay,ay
ow,ow
gcl,gcl
aa,aa
t,t
q,q
r,r
dx,dx
ux,ih
axr,axr
dcl,dcl
ih,ih
m,n
ix,ix
kcl,kcl
ih,ih
ix,ix
l,l
l,n
ux,ux
tcl,pcl
n,n
ao,ao
s,s
kcl,kcl
dcl,dcl
en,n
hh,hh
gcl,gcl
q,ix
tcl,kcl
th,s
ix,ix
w,w
th,z
ao,ao
m,m
aa,ao
dcl,dcl
ix,iy
iy,iy
ey,ey
kcl,dcl
s,s
t,t
ax,ax
k,k
ow,ow
dcl,kcl
m,m
r,r
bcl,bcl
ix,ix
th,p
n,n
g,kcl
axr,r
r,ae
z,z
r,r
ae,ae
z,s
el,el
sh,sh
s,s
s,s
ae,iy
l,l
nx,ix
tcl,tcl
er,er
m,m
th,dh
n,n
sh,sh
q,hv
ae,ae
ch,ch
tcl,v
dcl,dcl
ix,ix
aa,ao
r,r
dcl,dcl
w,w
ae,ae
l,el
s,s
l,l
m,m
ch,ch
l,l
k,p
kcl,tcl
ih,iy
dcl,dcl
ae,eh
iy,iy
ao,ao
r,er
pcl,pcl
ng,n
kcl,dcl
l,ix
s,s
nx,r
l,l
n,ix
ae,eh
tcl,tcl
ow,ow
tcl,dcl
ix,ix
iy,iy
ux,ux
hv,iy
el,l
iy,axr
s,s
ix,r
axr,r
s,s
ax,ax
jh,jh
y,y
ih,ix
hv,hv
l,l
bcl,dcl
eh,r
ow,ow
n,n
l,el
eh,eh
iy,axr
z,z
bcl,bcl
ch,k
tcl,dcl
ch,ch
t,jh
t,jh
tcl,kcl
aa,aa
f,z
s,s
k,g
ae,ae
iy,iy
dcl,bcl
gcl,gcl
iy,iy
m,n
uw,el
pcl,tcl
v,v
s,z
tcl,pcl
s,s
l,l
l,l
en,n
w,w
dh,dh
ao,ao
iy,iy
ix,ix
f,p
n,n
ix,ix
iy,iy
ah,aa
el,el
ax,ax
ix,ix
ao,aa
eh,eh
ao,w
iy,iy
ah,ao
y,y
s,s
tcl,bcl
ey,iy
ah,ah
pcl,pcl
ae,ae
eh,ix
ax,nx
ao,ao
ih,ow
iy,iy
ix,ix
bcl,dcl
d,q
dx,dx
n,n
n,n
ay,l
n,tcl
ng,n
pcl,kcl
eh,iy
d,k
ix,ix
uw,ux
n,n
ih,ih
pcl,kcl
n,m
k,tcl
eh,eh
ih,er
n,n
ux,ux
ux,ux
ax,n
y,y
dcl,dcl
f,f
ey,ey
d,z
m,m
hh,hv
w,l
ix,eh
ux,ng
dcl,kcl
l,el
tcl,tcl
gcl,pcl
eh,ih
sh,sh
r,r
ux,ix
jh,jh
eh,eh
el,el
dh,iy
m,m
m,m
ao,ao
p,p
ah,ix
t,t
m,m
f,f
z,z
iy,ix
ux,ux
f,pcl
ix,ix
y,y
p,p
f,f
g,w
er,axr
tcl,tcl
q,q
k,k
er,er
ax,ax
q,q
dx,dx
iy,iy
p,p
r,r
gcl,bcl
iy,iy
w,w
ae,ae
n,m
iy,iy
aa,aa
n,n
ax,ax
v,v
dcl,pcl
w,w
s,s
pcl,tcl
v,dh
kcl,kcl
q,q
ow,ow
w,w
l,l
dcl,tcl
tcl,kcl
bcl,dcl
r,r
iy,iy
v,v
r,r
eh,eh
eh,eh
k,k
axr,axr
z,z
s,s
ay,ay
n,n
ix,ix
ix,ih
ih,ih
iy,iy
l,l
aa,aa
dcl,dcl
iy,iy
iy,iy
w,w
iy,iy
gcl,dcl
iy,iy
ix,ix
bcl,dcl
pcl,pcl
z,z
s,s
iy,iy
ih,ix
kcl,kcl
p,p
r,r
iy,iy
w,w
eh,ix
er,axr
s,s
ih,ih
tcl,n
jh,jh
ux,uh
l,l
m,m
k,k
t,t
w,w
s,s
ae,ae
ey,ey
pcl,pcl
s,s
ix,ix
iy,iy
ae,ae
tcl,pcl
sh,sh
ae,ae
l,l
m,m
tcl,tcl
t,t
ax,ax
el,l
dx,ix
w,w
p,p
ch,ch
s,s
tcl,dcl
ux,ux
l,l
iy,iy
dcl,dcl
pcl,pcl
iy,iy
w,w
iy,iy
n,n
n,n
t,t
pcl,dcl
ao,ao
sh,sh
k,k
hh,k
kcl,pcl
ix,ix
s,s
aa,r
kcl,kcl
q,q
tcl,dcl
ix,ix
th,s
k,p
jh,jh
r,axr
r,r
z,z
iy,y
w,l
ae,ae
aa,aa
ah,ah
ih,ih
m,dcl
ix,ix
tcl,tcl
ix,eh
ih,ax
dcl,dcl
r,r
ao,ao
s,s
n,n
y,y
dcl,gcl
v,v
kcl,kcl
sh,sh
sh,s
ah,ah
er,er
iy,iy
r,axr
iy,iy
kcl,kcl
l,l
n,n
ih,ih
w,w
ao,aa
r,r
ow,ow
m,n
t,t
r,r
er,eh
dcl,dcl
k,k
tcl,tcl
n,dcl
ix,ix
v,v
ow,aa
kcl,tcl
ix,ih
er,r
ix,ix
f,f
w,l
t,jh
ch,jh
tcl,tcl
z,z
hv,r
jh,dx
r,axr
f,s
s,s
t,t
w,w
axr,ax
tcl,tcl
s,s
q,q
n,n
ih,ix
tcl,dcl
en,m
iy,iy
f,f
kcl,kcl
ah,ah
ix,iy
axr,axr
ax,ix
iy,iy
p,p
jh,jh
ix,ih
bcl,dcl
ao,ao
uh,l
ae,ae
f,s
s,s
y,y
ay,ax
bcl,dcl
er,er
axr,axr
axr,er
s,s
ix,uh
ix,ix
t,t
r,r
ih,ih
ih,ih
ao,ao
oy,oy
ix,ix
tcl,dcl
oy,oy
t,t
dcl,dcl
s,s
ae,ae
aa,aa
l,ah
ix,ix
gcl,kcl
ux,iy
ow,ow
dh,dh
eh,eh
eh,ey
aa,ah
y,iy
l,r
dcl,dcl
w,w
p,p
aw,aw
z,z
iy,ix
g,k
n,dcl
k,k
en,m
er,er
gcl,dcl
jh,sh
n,n
ih,ih
zh,sh
bcl,bcl
dx,dx
r,r
sh,f
m,m
ae,ae
z,z
ix,iy
ix,ix
ey,ey
g,k
k,k
v,dh
n,n
kcl,kcl
eh,eh
l,l
n,n
sh,sh
ey,ey
l,l
tcl,tcl
dcl,tcl
t,p
n,n
ae,ae
p,p
ay,ay
f,f
f,f
ae,ae
ix,ix
bcl,bcl
ae,ae
p,p
tcl,dcl
n,n
d,t
q,q
eh,eh
tcl,tcl
jh,jh
ix,n
k,g
ao,aa
axr,axr
hh,hh
tcl,pcl
dcl,tcl
r,r
z,z
hh,hh
l,l
aw,aw
m,w
kcl,kcl
f,f
g,k
z,z
eh,eh
v,dcl
bcl,bcl
jh,jh
pcl,pcl
tcl,dcl
ae,ae
aa,ax
iy,iy
n,n
d,d
s,s
eh,ey
ah,ah
t,s
ih,ax
k,k
ih,ow
ay,ay
l,l
m,n
aa,aa
aa,aa
ey,ey
pcl,pcl
s,s
ix,ix
ae,ae
tcl,kcl
t,t
pcl,dcl
z,s
el,ax
ow,ow
kcl,kcl
ix,ax
g,k
iy,ey
ix,ix
ix,ix
s,s
pcl,p
dcl,pcl
f,f
s,s
t,t
t,t
ah,ix
ow,l
ay,ay
ax,ax
d,q
y,y
ih,iy
aa,aa
w,w
jh,jh
ix,iy
ax,ax
z,z
ah,ah
z,s
q,ax
m,n
axr,ix
ax,m
tcl,kcl
iy,iy
sh,sh
th,dh
ix,ih
ae,ae
d,jh
m,m
iy,iy
kcl,kcl
tcl,dcl
axr,er
ow,ow
gcl,bcl
ao,ao
er,axr
s,dh
aa,ao
ae,ae
el,ao
ae,ae
m,m
f,p
er,er
z,z
iy,n
ao,ao
r,r
hh,t
ux,ux
iy,iy
ih,eh
k,p
hh,k
dx,k
ax,ax
s,s
hv,hv
g,k
l,v
m,m
axr,axr
n,m
m,m
hh,hh
ey,ey
y,y
kcl,kcl
dx,dh
ah,ah
dx,dcl
sh,sh
l,l
v,k
eh,ae
ey,ae
g,k
ih,ih
q,q
ix,ix
hh,hh
s,z
r,r
z,z
l,l
m,m
t,t
aa,aa
aa,aa
dcl,bcl
k,k
p,p
ah,ax
r,w
bcl,dcl
axr,r
y,iy
ch,ch
kcl,kcl
pcl,pcl
n,ng
r,r
ah,ah
aw,aw
t,t
r,r
y,y
sh,s
ay,ay
iy,iy
ax,hh
z,z
ih,iy
iy,iy
ae,ae
ix,r
er,eh
axr,er
r,r
eh,ah
dx,dcl
ax,ix
iy,iy
sh,s
s,s
tcl,tcl
n,kcl
ao,ao
d,p
ax,dh
z,s
ey,ey
l,ax
v,v
dh,n
ix,ix
ng,ng
kcl,kcl
dx,dcl
iy,iy
r,r
q,iy
ow,ow
tcl,tcl
eh,eh
iy,iy
kcl,kcl
ix,ix
r,r
iy,ix
m,m
s,s
kcl,kcl
ix,ix
iy,iy
z,z
ih,ih
eh,eh
iy,iy
aa,aa
m,m
l,ix
axr,r
axr,ao
ah,ah
hv,hv
p,p
oy,m
ix,ix
gcl,gcl
n,n
ix,ix
f,z
ae,ae
m,m
oy,oy
iy,iy
sh,sh
ey,ey
ae,ae
sh,sh
eh,ix
ay,ay
ax,ix
w,p
n,tcl
iy,iy
aa,aa
r,r
n,w
ay,ao
s,s
hh,hh
g,p
n,dcl
s,s
kcl,kcl
s,s
ax,l
p,p
tcl,tcl
q,ix
gcl,tcl
ix,ix
ih,eh
s,s
axr,r
ey,ey
sh,s
p,p
n,n
kcl,kcl
nx,gcl
q,dx
ih,ix
f,f
ah,eh
m,ix
m,m
dcl,dcl
tcl,tcl
z,z
aa,ao
uh,ix
ih,ih
ax,ix
axr,r
s,s
p,d
ae,ix
n,dx
ih,ix
hv,hv
q,q
hv,hv
z,s
eh,ax
el,ax
hv,iy
ch,sh
ay,ay
hh,hh
ix,ax
t,t
tcl,tcl
gcl,dcl
ao,el
aa,aa
l,l
ae,ae
iy,iy
kcl,kcl
tcl,tcl
q,l
z,s
th,s
r,axr
iy,iy
q,n
el,l
n,n
ng,gcl
ih,ih
m,v
ax,q
n,n
r,r
l,l
m,m
v,dh
ow,ah
pcl,pcl
s,s
z,s
b,ix
ax,ax
axr,axr
ix,ix
dcl,m
n,n
ae,ae
kcl,tcl
aa,r
ow,l
y,iy
iy,iy
ng,m
s,s
m,m
iy,iy
iy,iy
gcl,tcl
th,th
r,r
t,p
eh,ih
el,el
ae,ae
m,p
pcl,tcl
ey,eh
tcl,kcl
ix,ix
iy,iy
ae,ix
tcl,tcl
tcl,f
dcl,dcl
n,n
q,ax
tcl,dcl
ax,uh
ih,iy
dcl,tcl
s,s
w,w
gcl,dcl
ow,ow
y,ih
s,s
ah,ah
ow,el
ao,ao
w,l
ae,ae
aa,aa
k,k
ix,ix
l,ix
aa,aa
ih,ih
ax,ax
ay,ay
er,axr
w,r
ah,ax
l,iy
er,ih
r,r
ix,ix
tcl,tcl
dcl,dcl
kcl,kcl
s,s
ix,ix
ey,ey
dx,dx
dx,dx
iy,iy
iy,iy
pcl,pcl
z,z
ih,ih
oy,oy
en,m
iy,iy
iy,iy
ux,ux
dx,dx
v,v
s,s
ae,eh
w,w
s,s
r,r
kcl,kcl
dh,dcl
gcl,kcl
z,s
s,s
d,ix
en,n
ix,ix
sh,sh
ao,aa
tcl,kcl
tcl,tcl
m,n
ae,ae
l,l
axr,axr
ao,ao
kcl,kcl
g,tcl
ux,ux
axr,ix
ih,ix
aa,aa
tcl,tcl
r,r
gcl,gcl
l,l
ix,ix
ix,ix
n,iy
axr,ao
g,g
k,k
ey,ey
eh,ae
ux,ux
aa,aa
q,q
q,q
ih,ix
ix,ix
ao,ao
hh,hh
tcl,dcl
n,n
l,l
m,m
iy,iy
l,l
el,el
tcl,tcl
tcl,kcl
kcl,kcl
w,w
pcl,pcl
kcl,kcl
hh,hh
ng,ax
y,y
d,k
ix,ix
k,k
ae,eh
ax,l
r,r
iy,iy
dcl,dcl
r,r
kcl,kcl
axr,w
ix,ix
bcl,tcl
ih,eh
n,m
jh,jh
aa,aw
iy,iy
dcl,n
b,dh
s,s
n,n
r,r
ix,ix
r,m
r,r
aa,aa
g,g
k,k
r,r
m,m
ix,ix
iy,iy
tcl,tcl
n,n
iy,ix
s,s
iy,ey
p,k
l,l
ix,ix
ax,r
y,iy
r,axr
r,r
m,m
l,l
z,s
el,el
ae,ae
zh,zh
hh,hh
z,z
ax,ix
sh,sh
s,s
dcl,dcl
ay,aa
sh,sh
f,f
iy,iy
ix,ix
n,n
ao,ao
z,z
iy,ih
d,t
ey,ey
l,l
er,er
iy,iy
s,s
s,s
ix,ix
k,k
ey,ey
iy,iy
l,l
s,s
ng,ng
dh,dh
t,jh
t,t
z,s
tcl,tcl
kcl,kcl
tcl,tcl
ah,ow
g,dh
tcl,tcl
r,r
g,g
r,r
eh,hv
f,f
p,p
iy,iy
ix,ix
iy,iy
ix,iy
l,l
dcl,n
ch,ch
ax,ax
dcl,dcl
ux,ux
r,r
pcl,dcl
ae,ae
er,er
s,s
w,w
t,t
w,w
nx,n
w,w
dcl,dcl
t,dh
hv,hv
r,r
r,r
ih,ih
pcl,pcl
ax,ax
f,th
ah,eh
tcl,kcl
ah,ix
axr,axr
nx,dcl
ch,ch
tcl,n
ix,ix
w,l
p,p
ow,ow
z,z
ae,ae
er,ay
gcl,gcl
l,ng
s,s
ix,ix
nx,n
iy,iy
en,m
s,s
l,iy
y,y
ao,ao
ae,ae
dx,dx
kcl,pcl
n,m
eh,eh
axr,axr
p,p
ih,ix
q,el
m,m
eh,eh
l,l
l,l
iy,ux
s,s
axr,q
p,p
dx,dcl
dx,dx
ay,ay
tcl,v
dcl,ix
p,p
ih,ih
ax,v
ah,eh
eh,ih
s,s
k,p
n,m
ih,ix
aa,r
ey,ey
tcl,dcl
k,k
w,w
f,f
k,k
kcl,kcl
n,tcl
kcl,kcl
ix,iy
k,k
ow,ow
r,r
axr,er
eh,eh
ih,ih
ah,uh
z,s
v,v
hv,hv
ih,ix
s,s
z,z
q,q
dcl,dcl
tcl,tcl
ix,ix
r,r
eh,l
q,q
kcl,kcl
th,dh
r,r
bcl,v
pcl,m
pcl,kcl
w,w
sh,sh
uw,ux
z,s
ah,ow
r,r
oy,oy
ix,ih
m,m
bcl,tcl
n,n
n,n
ae,ae
b,t
l,l
ax,ah
ih,y
ey,ey
tcl,pcl
y,iy
axr,axr
r,er
eh,er
ix,ix
ae,eh
ah,ah
ae,ix
iy,iy
v,v
ih,ih
ix,ih
ow,ow
ow,l
q,q
ey,ey
tcl,kcl
ae,ey
kcl,pcl
s,s
ax,q
n,ix
kcl,tcl
eh,ah
ih,ih
t,t
dcl,dcl
ay,ah
w,w
ow,ow
ow,ow
iy,ey
r,axr
dcl,gcl
bcl,pcl
z,s
q,q
v,l
s,s
ix,ix
ix,iy
r,r
b,p
iy,iy
ax,ix
aa,aa
aa,ae
s,s
gcl,bcl
k,k
kcl,kcl
l,l
m,m
ih,iy
q,dx
r,r
q,q
ay,ay
jh,jh
tcl,kcl
n,g
el,ow
n,n
aa,ay
z,z
kcl,kcl
gcl,dcl
r,r
aa,ae
ih,ey
oy,oy
tcl,kcl
ih,ae
l,l
l,l
tcl,g
ae,ae
gcl,kcl
em,m
ix,ix
ix,ix
ao,ao
p,k
q,tcl
r,ao
pcl,pcl
r,ix
sh,sh
s,s
ey,ey
iy,iy
g,g
ae,ae
m,m
ae,ae
z,z
m,m
er,r
ao,ao
eh,eh
l,l
ux,ux
gcl,dcl
iy,iy
iy,iy
ix,y
s,s
f,kcl
n,n
dcl,dcl
gcl,gcl
ix,ix
ah,ix
s,s
z,z
ae,ae
ay,ay
y,y
l,l
hv,n
iy,ix
eh,ax
ix,ix
ax,r
m,m
k,k
axr,ao
eh,ae
ah,ah
r,r
kcl,kcl
r,r
dcl,dcl
ay,aa
y,y
sh,sh
p,p
l,l
dcl,dcl
ix,ix
ow,ah
ah,er
ix,ix
l,l
tcl,kcl
kcl,kcl
th,z
w,w
dcl,tcl
q,q
tcl,dx
tcl,dcl
s,s
er,er
r,axr
axr,axr
r,r
f,f
l,l
tcl,tcl
ng,m
l,el
iy,iy
s,s
s,s
iy,iy
er,axr
ax,ix
v,n
ey,ey
ng,m
iy,iy
er,er
z,s
er,er
q,kcl
k,q
tcl,tcl
z,z
l,r
uh,uh
aa,ao
f,f
eh,eh
k,k
w,ah
ao,aa
dcl,dcl
l,l
s,s
jh,jh
l,l
dh,m
l,l
sh,jh
ah,ih
ax,ax
t,t
ay,ah
iy,iy
hv,hv
tcl,kcl
ax-h,k
ao,ao
ix,ix
ae,ae
ay,ay
dx,jh
z,s
s,f
uw,uw
z,z
th,z
tcl,tcl
ah,ah
sh,sh
iy,iy
ow,ae
s,s
iy,iy
ey,ix
iy,iy
pcl,pcl
kcl,kcl
r,r
n,dcl
n,n
k,k
s,sh
axr,axr
p,hh
eh,eh
ae,ey
oy,oy
th,kcl
ah,ay
s,s
ax,ax
t,t
tcl,kcl
w,w
sh,sh
n,n
kcl,kcl
kcl,kcl
n,dx
tcl,kcl
ih,ix
ih,ih
dcl,dh
ih,ih
hh,hh
n,ng
m,m
ih,ix
dcl,dcl
kcl,kcl
ih,l
ih,ih
q,q
l,ah
ih,axr
axr,n
ay,ay
ao,ow
k,k
k,k
n,nx
ux,ux
ax,r
r,r
tcl,pcl
axr,axr
ao,ao
nx,n
k,k
ax,ax
ae,ae
q,l
ao,ao
er,er
l,eh
ah,eh
eh,ae
ay,oy
ah,ix
t,p
kcl,kcl
k,k
ae,ae
kcl,kcl
dh,ix
tcl,tcl
s,s
m,n
l,l
w,w
n,n
m,m
jh,jh
ay,ae
ay,er
aa,r
z,z
tcl,dcl
iy,iy
dx,y
ow,ow
l,ax
n,n
eh,r
ow,oy
t,p
q,r
n,tcl
iy,iy
y,iy
iy,ix
k,k
ae,ae
ae,ae
ix,iy
iy,ih
m,r
ih,ih
p,kcl
g,g
ae,eh
tcl,dh
ih,ix
s,s
nx,n
l,l
tcl,dcl
dcl,dcl
bcl,dcl
kcl,kcl
w,w
ix,ux
l,l
ix,ix
kcl,kcl
tcl,pcl
uh,oy
tcl,tcl
tcl,tcl
kcl,tcl
iy,iy
r,r
eh,oy
ih,ix
n,dcl
z,t
iy,iy
z,s
ow,ow
f,p
pcl,pcl
iy,iy
ih,ih
aa,r
tcl,kcl
w,w
kcl,kcl
w,w
ah,ah
pcl,kcl
iy,iy
r,r
ax,ax
dh,l
ae,ae
bcl,dcl
dcl,tcl
s,s
iy,iy
dx,dcl
oy,oy
n,dcl
ao,aa
eh,eh
ao,ao
aw,aw
n,n
kcl,tcl
q,q
kcl,kcl
ix,ih
hh,p
aa,r
pcl,pcl
k,k
ay,aa
ae,ae
s,s
er,er
s,s
r,axr
axr,r
ow,ow
v,f
ax,ix
l,ih
ey,ey
q,pcl
dcl,dcl
n,n
r,r
gcl,dcl
r,r
z,z
w,w
tcl,tcl
k,k
nx,n
tcl,dcl
s,z
dh,dh
th,th
l,l
k,g
tcl,kcl
q,tcl
ix,ix
iy,iy
ao,aa
iy,iy
kcl,kcl
sh,jh
iy,iy
l,aw
kcl,tcl
axr,er
kcl,kcl
l,l
z,z
ey,ey
ao,ao
ch,jh
gcl,bcl
r,r
ih,eh
q,q
iy,iy
ae,ae
t,t
z,z
ay,ae
ux,ux
s,s
ix,ix
iy,iy
f,f
l,l
iy,iy
q,q
ao,ao
aa,aa
gcl,dcl
ih,iy
tcl,dcl
w,ao
r,axr
f,f
m,m
ow,ow
n,tcl
n,ng
ix,n
ax,ix
z,z
l,l
tcl,tcl
aw,aw
t,t
kcl,kcl
kcl,kcl
ih,ix
jh,jh
n,n
aa,aa
ey,ey
s,s
dh,dh
s,s
th,f
ae,ae
f,f
k,k
k,k
kcl,kcl
w,w
n,n
kcl,kcl
s,s
pcl,pcl
dcl,dcl
v,v
en,en
aa,aa
dcl,dcl
r,r
n,n
t,q
tcl,pcl
ey,ey
n,dcl
n,n
m,dcl
w,w
s,s
ih,ix
dcl,dcl
bcl,bcl
n,n
z,z
v,v
eh,eh
r,r
z,z
pcl,pcl
s,s
kcl,kcl
v,v
ix,ix
ax,ix
n,n
ih,ix
s,s
ao,er
sh,sh
axr,r
bcl,bcl
ng,m
kcl,kcl
ix,dh
ch,ch
n,n
iy,iy
r,r
eh,ao
ng,n
hh,hh
er,axr
en,ix
l,l
t,t
en,en
r,r
n,n
s,dh
tcl,pcl
s,s
iy,iy
ih,ih
en,n
dcl,dcl
z,z
k,k
w,w
s,s
dcl,tcl
g,k
d,b
n,n
s,s
l,l
ae,ae
z,z
y,q
y,iy
uh,ax
ow,ow
kcl,kcl
er,axr
ae,ae
dx,dx
ix,ix
tcl,dcl
k,k
iy,iy
ax,ix
aa,ao
l,n
t,k
w,l
t,t
y,y
dx,dx
ah,ah
ao,aa
kcl,kcl
w,w
n,n
aa,aa
tcl,tcl
dcl,dcl
z,s
ae,ae
dx,dx
iy,iy
dh,dh
kcl,kcl
dcl,n
n,n
ix,gcl
ao,ah
ih,ix
k,k
y,iy
er,er
l,l
w,l
g,g
z,z
s,s
ax,ax
gcl,kcl
p,p
g,k
l,ow
eh,eh
n,n
iy,ix
n,nx
l,l
n,n
dcl,dcl
eh,ih
sh,jh
ey,ey
er,er
iy,iy
n,m
ux,ux
s,s
iy,iy
dcl,dcl
n,n
l,l
k,dx
iy,iy
ux,ux
iy,iy
el,el
ae,ae
iy,iy
m,m
dcl,dcl
k,k
ng,n
m,m
kcl,gcl
p,p
dx,dx
ey,iy
ix,ix
th,s
ae,ae
g,k
pcl,n
w,w
ax,n
iy,iy
f,f
t,t
l,l
tcl,tcl
dx,dx
dcl,tcl
z,z
n,m
ih,iy
ch,ch
ix,r
r,r
ih,ih
ih,ih
l,m
aa,aa
y,ih
z,z
dcl,tcl
bcl,bcl
jh,k
aa,ao
dx,n
dcl,dcl
ay,ay
ax,ax
ih,ix
ow,ow
z,z
ah,ah
iy,iy
l,el
ay,ay
l,ax
sh,sh
ae,ae
ih,ih
ng,n
l,l
g,dcl
tcl,dcl
ae,ae
ow,ao
iy,iy
tcl,tcl
ah,ix
ux,ux
ux,ux
s,s
g,k
ae,ay
ng,gcl
ix,iy
dcl,dcl
k,g
jh,jh
nx,n
ae,eh
kcl,kcl
w,w
k,k
ey,ih
m,m
aa,ao
ae,ae
k,v
ae,eh
ix,ix
ux,ux
ax,ax
axr,r
axr,n
tcl,kcl
nx,n
ax,ax
kcl,kcl
tcl,tcl
s,s
t,k
n,n
iy,iy
ay,ay
tcl,pcl
ow,ah
hv,hv
s,s
ah,ah
tcl,dcl
kcl,dcl
tcl,dcl
eh,eh
z,z
ay,ay
r,r
tcl,kcl
s,s
ow,ae
ux,ux
v,m
gcl,dcl
gcl,dcl
ah,eh
t,t
ey,ey
ah,ah
bcl,dcl
ix,ix
axr,axr
s,s
m,m
v,v
ix,q
r,r
ay,ay
axr,axr
s,s
v,v
ix,ix
dx,dcl
tcl,tcl
el,el
k,k
ux,ux
sh,sh
k,k
ow,m
ao,r
sh,sh
r,r
tcl,dcl
w,w
ae,ae
dcl,ix
n,n
iy,iy
r,r
q,q
axr,axr
ih,er
aa,ao
kcl,kcl
tcl,tcl
ey,ih
dh,f
pcl,tcl
ax,ax
aw,aw
ih,iy
tcl,tcl
dcl,dcl
axr,ih
gcl,gcl
ao,ao
l,l
n,n
tcl,tcl
ix,dh
ax,l
m,m
p,p
tcl,kcl
r,r
t,t
d,d
ax,ax
l,l
n,m
l,l
dcl,dcl
ih,ih
ax,ix
f,f
kcl,pcl
d,ix
l,en
dcl,n
dh,dh
aa,ay
w,l
m,m
l,ix
tcl,iy
k,k
ax,ax
r,r
ae,ae
q,q
y,iy
en,n
s,z
ng,n
ix,ix
sh,sh
ay,ay
iy,ix
sh,ch
axr,axr
ae,ae
tcl,tcl
dx,kcl
m,m
axr,axr
aa,ao
uw,ih
aa,eh
n,n
kcl,m
eh,ih
s,s
s,s
v,v
s,s
dcl,dcl
ow,ow
l,l
s,s
dh,dh
el,el
r,r
kcl,tcl
q,axr
iy,iy
pcl,kcl
tcl,tcl
bcl,pcl
tcl,pcl
y,iy
ay,ay
sh,sh
em,n
kcl,kcl
ao,aa
kcl,kcl
n,n
ay,r
nx,n
sh,sh
l,l
eh,ah
l,bcl
aa,ay
w,w
pcl,pcl
r,r
ux,y
gcl,tcl
kcl,kcl
er,er
t,t
tcl,dcl
m,m
axr,ix
ah,ax
ih,ih
er,axr
kcl,tcl
aa,aa
k,p
ix,iy
ah,ix
s,s
n,n
kcl,kcl
ch,t
l,l
ux,ix
ah,eh
r,r
er,er
ih,ix
ih,ix
pcl,tcl
d,jh
ix,ih
bcl,dcl
pcl,pcl
t,t
dcl,dcl
kcl,tcl
iy,iy
sh,sh
pcl,pcl
axr,er
y,y
dcl,dcl
w,dcl
dh,dh
p,p
n,n
g,g
ao,ao
l,l
tcl,tcl
n,n
tcl,dcl
t,t
axr,ix
eh,ih
m,m
ax,ax
aa,ao
dx,d
jh,jh
ix,ix
pcl,pcl
q,q
q,ng
axr,uh
r,q
f,pcl
uw,uw
sh,sh
ah,l
r,ax
l,el
ey,iy
ix,ix
dh,dh
th,f
eh,eh
dcl,dcl
f,th
s,s
ix,ix
iy,iy
jh,jh
t,t
ng,n
en,n
k,k
r,r
ey,eh
z,s
ow,ow
q,q
iy,iy
ih,ix
tcl,dcl
uw,axr
jh,sh
ux,iy
t,k
ay,ay
hh,k
ix,ix
ey,ih
p,p
dx,dcl
r,r
ax,ix
ih,ax
dh,dx
zh,sh
z,z
dcl,kcl
dx,dx
ax,l
t,t
ah,ah
eh,ix
ae,ae
w,w
ao,ao
tcl,dcl
q,iy
ih,ax
n,n
s,s
ix,ix
ae,ix
dcl,dcl
p,k
r,r
pcl,pcl
ix,ix
n,n
v,ax
iy,iy
iy,iy
ax,l
m,m
ey,ey
ay,ay
r,ix
el,ow
v,v
dcl,dcl
er,er
l,l
m,dcl
pcl,kcl
ey,iy
sh,sh
ey,ey
axr,ix
ae,ae
r,r
ix,ax
p,k
iy,iy
s,z
iy,iy
n,n
el,l
gcl,f
dcl,dcl
th,f
z,z
ih,iy
l,ix
ih,ix
s,z
t,sh
s,s
aw,aw
dh,q
m,n
s,s
ah,ao
ae,ae
uw,w
ah,l
ax-h,nx
d,jh
ae,ae
axr,axr
dcl,gcl
zh,z
q,iy
ey,ey
n,ix
uw,l
r,r
s,s
kcl,kcl
iy,iy
f,f
ax,ix
v,v
z,z
k,k
ey,iy
hv,hv
w,w
k,k
ch,jh
kcl,kcl
ao,ao
pcl,kcl
aa,ao
tcl,tcl
kcl,kcl
tcl,kcl
aa,aa
dh,t
kcl,kcl
pcl,kcl
sh,sh
pcl,pcl
r,r
r,r
ng,dcl
kcl,kcl
l,l
r,r
v,dh
em,q
ih,r
ah,q
ix,ix
pcl,pcl
n,n
ow,eh
n,n
tcl,tcl
gcl,dcl
f,th
m,m
y,y
ax,ax
l,l
g,dcl
s,s
axr,axr
w,w
dcl,dcl
ax,ix
s,k
f,p
el,w
ae,ae
q,q
ix,iy
axr,uw
ix,ih
ae,eh
ae,ae
w,dcl
ae,ae
bcl,dcl
tcl,dcl
w,uw
ux,iy
ah,eh
axr,axr
ih,ey
tcl,kcl
aw,aa
axr,r
q,q
t,t
ix,axr
eh,ae
t,k
kcl,kcl
iy,iy
gcl,gcl
ax,uh
ae,ae
w,w
k,k
m,r
z,z
iy,iy
sh,sh
eh,eh
ux,ng
pcl,pcl
s,s
aa,ao
el,l
ch,ch
r,r
kcl,kcl
l,l
dcl,dcl
k,f
s,s
y,y
ix,ix
ao,r
ih,iy
m,m
r,r
ow,aw
eh,eh
axr,r
tcl,tcl
l,ao
ax,ax
gcl,dcl
l,l
bcl,kcl
ax,ah
tcl,tcl
bcl,n
gcl,bcl
eh,eh
en,m
bcl,m
jh,jh
ix,iy
n,n
n,dcl
ax-h,dh
ow,ow
s,s
aa,aa
iy,iy
iy,iy
ng,n
dx,dx
q,q
er,ih
q,k
ae,ae
t,t
ao,ao
l,l
dcl,dcl
ix,ix
ay,ay
ix,dx
kcl,kcl
z,hh
ao,ow
l,l
l,l
tcl,tcl
el,el
ax,l
g,k
kcl,kcl
ih,ih
f,f
r,r
w,n
ow,aw
m,m
iy,iy
iy,iy
ax,ax
s,s
t,t
hh,kcl
gcl,gcl
er,er
kcl,tcl
r,r
n,n
l,l
kcl,kcl
aa,aa
f,f
r,l
iy,iy
n,n
nx,dcl
eh,ih
axr,er
kcl,kcl
ih,ih
ao,ao
k,k
n,n
ao,ao
kcl,kcl
er,r
ow,l
v,v
pcl,pcl
jh,jh
dh,dh
dcl,kcl
ae,ae
n,n
dx,dcl
r,axr
d,t
l,l
r,r
w,w
iy,iy
ae,ae
w,w
w,w
dcl,pcl
ux,ux
ch,t
aa,ao
v,v
axr,r
er,ow
iy,ih
dh,dh
ix,ix
ow,q
bcl,v
aa,aa
n,dcl
er,r
ax,ax
r,r
y,iy
aa,ao
ch,jh
p,p
w,w
r,axr
bcl,bcl
ao,ao
aa,aa
aa,aa
ax,ix
s,s
q,n
ah,ah
ao,ao
kcl,kcl
t,t
nx,nx
ae,ae
ow,ow
r,w
k,k
ax,ax
th,dcl
ax,ih
ux,r
ix,ux
s,s
t,t
gcl,dcl
g,k
d,t
q,q
w,w
kcl,kcl
t,d
tcl,tcl
nx,nx
ae,ay
tcl,pcl
kcl,kcl
ih,ix
v,v
tcl,pcl
v,v
nx,n
ax,ax
g,g
ix,ix
w,w
r,axr
dcl,dcl
k,k
eh,eh
er,axr
n,n
f,f
ao,ao
ax,ax
ix,r
ih,iy
dh,d
r,aa
ao,ao
ay,ae
l,l
sh,sh
n,n
q,q
y,y
ay,ay
tcl,tcl
p,p
aa,eh
p,p
er,ih
dcl,dcl
ao,aa
pcl,tcl
ih,iy
er,axr
ix,ih
n,n
n,n
n,v
ix,ix
t,hv
n,n
axr,axr
ih,ix
ux,ix
n,n
er,er
en,n
n,n
m,m
eh,ih
ah,ah
pcl,pcl
n,n
ae,ae
ah,ah
bcl,bcl
ix,ix
sh,sh
dcl,dcl
ix,eh
tcl,tcl
n,n
er,r
m,m
axr,axr
ey,ey
hh,hv
aa,aa
ax,ax
g,g
kcl,kcl
p,p
tcl,tcl
gcl,dcl
dh,dh
ax,ax
ah,ax
kcl,kcl
ng,n
z,s
s,s
kcl,kcl
pcl,pcl
iy,iy
p,p
w,p
ey,eh
ch,ch
ix,ix
v,v
axr,er
er,axr
s,s
iy,iy
r,eh
y,y
l,l
ae,ae
r,r
r,r
d,d
ax,ow
l,l
kcl,kcl
ng,ng
ih,ih
l,tcl
ay,aa
jh,k
ao,uh
er,er
ix,ih
w,w
v,v
w,w
hh,hv
axr,r
kcl,kcl
ix,ix
tcl,dcl
aa,r
ae,ae
ah,ax
ow,ow
t,t
ao,n
v,v
axr,axr
ao,aa
r,r
tcl,tcl
ao,ao
kcl,kcl
r,r
uh,l
aa,aa
f,th
ix,iy
dh,k
eh,eh
ae,ae
ae,ae
tcl,dx
em,m
tcl,dcl
tcl,dcl
z,s
ix,ih
t,t
r,r
aa,aw
el,l
ix,ix
d,t
k,k
q,q
n,ix
f,f
n,n
r,r
tcl,tcl
axr,axr
kcl,kcl
f,f
r,r
z,s
r,r
ix,ix
v,dcl
ey,ey
er,axr
ay,ay
g,k
dcl,dcl
sh,sh
oy,ao
en,en
eh,eh
em,m
s,s
k,k
kcl,tcl
r,r
dh,dcl
n,n
ux,ix
t,t
tcl,kcl
eh,ix
ih,ow
el,ow
sh,sh
aa,aa
aa,aa
iy,iy
v,dcl
p,p
s,s
q,q
ax,l
ix,ix
aa,ao
bcl,bcl
eh,ae
m,m
ng,n
iy,iy
eh,ix
k,k
k,k
m,m
th,th
ao,ao
k,p
q,q
ng,ng
ix,ix
pcl,dh
ch,ch
s,s
eh,ix
ao,ao
sh,sh
n,n
ix,ix
s,s
tcl,tcl
n,ix
l,l
t,t
dx,dx
kcl,kcl
q,q
ow,ow
dcl,dcl
ih,ix
s,s
s,s
l,l
ae,ae
r,r
ix,r
r,r
en,n
ay,aw
ax,ax
er,er
ey,ey
axr,axr
em,n
aa,aa
iy,iy
ux,ux
ae,ae
ix,q
ng,n
s,s
q,ax
m,m
w,w
w,w
n,n
p,p
n,n
ow,ow
s,s
kcl,kcl
kcl,tcl
t,ch
hv,hv
s,s
el,el
oy,oy
kcl,kcl
m,m
ax,ax
n,n
dx,dcl
m,m
bcl,bcl
n,n
axr,q
axr,ix
p,p
tcl,tcl
gcl,dcl
ao,l
aw,aw
ow,ow
kcl,kcl
gcl,tcl
ay,aa
tcl,tcl
iy,iy
ao,ao
ix,ix
dh,dh
ix,y
bcl,bcl
r,r
kcl,kcl
ae,ix
aa,ao
iy,iy
r,r
r,ix
dh,dh
er,er
s,s
q,kcl
ae,ae
eh,ix
ix,ix
er,axr
n,m
iy,iy
k,k
r,axr
dcl,tcl
tcl,dx
q,q
ix,ix
f,f
bcl,tcl
s,s
p,dh
y,ih
s,s
hh,hh
el,el
gcl,bcl
r,uh
sh,sh
s,s
l,ao
dh,z
q,q
p,p
f,p
dcl,dcl
bcl,bcl
pcl,pcl
eh,ih
r,r
s,s
t,d
l,l
n,dx
s,s
ae,ae
axr,er
f,f
tcl,dcl
iy,iy
tcl,n
ix,iy
oy,oy
l,n
l,l
g,p
q,q
ix,ix
m,dcl
q,q
ao,ao
hh,hh
n,n
s,s
eh,ay
iy,iy
ix,r
gcl,kcl
k,p
k,t
s,s
kcl,kcl
n,n
ey,ey
z,z
r,r
ch,sh
el,el
dh,dh
ow,ow
l,l
ix,ey
s,s
uw,w
sh,sh
eh,eh
r,r
kcl,kcl
q,pcl
z,z
ey,ey
dcl,dx
dcl,dcl
ng,n
dh,tcl
hh,hh
bcl,dcl
aa,ay
ax,dh
ih,ih
s,s
er,axr
sh,sh
g,k
ix,ih
dx,dx
tcl,kcl
dx,n
d,d
s,s
uh,uh
ih,ih
ih,ix
iy,iy
l,w
bcl,tcl
dx,dx
tcl,tcl
ae,ae
ix,ix
s,s
jh,jh
eh,ah
l,l
ao,ao
pcl,kcl
dh,dh
iy,ix
pcl,pcl
ao,ao
axr,r
s,z
m,l
oy,oy
kcl,kcl
ih,ih
kcl,tcl
ix,ih
axr,er
ih,iy
ae,eh
sh,sh
dh,dh
er,axr
w,m
ow,ow
ix,ix
er,ux
ix,ix
k,p
ih,iy
y,y
n,n
kcl,kcl
n,n
ae,ae
l,l
q,q
p,p
tcl,tcl
iy,iy
s,s
kcl,kcl
eh,eh
ah,ao
dcl,pcl
q,q
l,l
axr,axr
s,s
q,q
gcl,dcl
ux,iy
tcl,dcl
iy,iy
r,aa
el,ow
l,ax
dh,dh
iy,iy
kcl,kcl
k,dh
sh,sh
er,er
s,s
hh,kcl
ix,ix
ih,ih
n,n
ih,ae
n,m
dcl,dcl
ay,ay
ix,r
n,n
aa,ah
tcl,kcl
ih,ih
en,n
ay,ow
ae,ae
uw,ux
uh,ix
bcl,bcl
n,n
iy,iy
eh,eh
n,ng
ae,ae
y,iy
axr,axr
ay,aw
ix,ix
ih,ix
t,t
dx,dx
eh,ix
f,f
s,s
s,s
q,q
dh,dh
iy,iy
ax,r
dcl,tcl
r,axr
ix,ix
uw,ux
ix,ix
s,sh
kcl,kcl
r,r
en,n
ax,ax
ey,ey
dcl,dcl
r,r
ow,ow
jh,t
n,n
gcl,dcl
ae,ae
jh,jh
ix,eh
ae,ae
sh,s
f,th
eh,eh
eh,ah
dx,dx
iy,ih
kcl,kcl
tcl,dcl
ix,ix
k,k
l,l
ix,ix
eh,ah
ae,ae
l,l
dh,n
n,n
dcl,dcl
m,n
eh,eh
kcl,pcl
s,s
l,m
tcl,tcl
dh,dh
aa,l
ix,ix
iy,iy
ae,eh
z,z
y,ih
ay,ao
l,l
ix,ax
el,l
y,y
nx,n
l,l
f,f
ih,ix
ix,iy
ih,ix
s,s
z,s
n,n
tcl,kcl
m,m
gcl,g
dh,dh
s,s
k,k
s,s
gcl,kcl
d,jh
s,s
tcl,dx
iy,eh
r,r
s,s
ix,iy
ix,ix
k,v
s,s
kcl,pcl
q,m
kcl,kcl
sh,sh
w,w
kcl,kcl
dcl,dcl
m,m
ax,l
ax,ix
ay,ay
iy,iy
ax,nx
en,ax
r,r
f,t
v,nx
ah,ae
hv,hv
tcl,tcl
bcl,bcl
iy,iy
iy,iy
ix,ix
ix,ix
bcl,kcl
l,r
ix,ix
tcl,dx
er,ae
kcl,pcl
ix,ix
iy,iy
aa,ah
ah,ax
gcl,dcl
y,ih
f,f
aa,aa
kcl,kcl
ae,ih
l,l
kcl,kcl
pcl,pcl
s,s
v,ax
ae,ae
ae,ae
y,ix
k,k
z,s
ih,ih
ah,ix
axr,axr
r,axr
s,s
ng,ng
axr,er
dh,z
sh,sh
dcl,dcl
m,n
g,g
gcl,dcl
s,s
ix,ix
ae,ae
q,q
dcl,dcl
z,z
s,s
q,kcl
s,s
s,s
n,n
sh,sh
eng,n
dh,v
r,ux
m,hv
iy,iy
ae,ae
kcl,gcl
axr,er
hh,k
iy,iy
ch,ch
iy,iy
pcl,tcl
iy,iy
l,l
oy,oy
m,m
q,q
bcl,bcl
eh,eh
n,n
axr,eh
axr,er
b,p
ng,ax
w,w
l,n
ey,ey
q,q
er,er
n,n
ey,ey
w,w
ow,ow
ih,ix
z,z
v,v
ix,ix
l,l
ng,v
s,s
gcl,dcl
er,aa
ey,ey
er,axr
w,ax
s,z
gcl,gcl
aa,aa
gcl,dh
ah,ax
iy,iy
q,q
r,r
ix,ix
r,r
ah,er
l,l
k,k
tcl,kcl
k,p
n,n
iy,iy
dh,dh
p,p
iy,iy
dcl,dcl
ey,ey
sh,s
s,s
m,m
ow,el
y,y
ah,eh
r,r
q,dx
r,r
q,q
tcl,tcl
dx,dx
ey,ey
l,l
tcl,tcl
ay,ay
r,ix
er,er
d,dh
ae,ae
eh,eh
oy,oy
kcl,kcl
kcl,kcl
ix,ix
eh,eh
s,s
kcl,kcl
el,l
t,t
ng,m
dh,m
ix,ix
w,w
p,p
tcl,tcl
q,n
r,r
kcl,kcl
hv,sh
s,s
l,l
eh,eh
r,eh
t,t
ux,ux
r,r
y,iy
ae,ae
gcl,gcl
ax,l
dcl,tcl
iy,iy
tcl,tcl
s,s
hh,p
l,g
ey,ey
iy,iy
axr,er
th,tcl
v,v
m,n
z,z
dx,dx
dx,r
iy,iy
y,hv
d,t
g,g
ey,ey
jh,ch
aa,aa
tcl,tcl
er,er
en,m
d,t
n,m
aa,ao
r,r
eh,ih
r,r
ix,ix
k,k
er,er
kcl,kcl
kcl,kcl
kcl,tcl
s,s
ix,ux
pcl,t
n,n
ih,ih
ih,ih
r,r
l,l
r,r
r,r
eh,eh
g,p
iy,iy
z,z
n,n
iy,iy
m,m
y,iy
k,k
hv,hv
r,r
hv,iy
ng,m
er,axr
g,kcl
k,k
kcl,kcl
w,w
w,l
ax,aa
m,m
ih,iy
ih,ix
l,l
ey,ey
l,l
hh,hv
tcl,kcl
n,n
bcl,bcl
z,z
ix,iy
p,p
eh,ix
q,q
r,r
w,w
s,s
axr,q
f,f
k,p
n,n
kcl,kcl
ih,ix
ix,ix
y,jh
ix,ix
iy,iy
eh,ae
q,q
v,v
ux,ux
ae,ae
n,m
eh,r
ay,ay
r,r
ix,ix
dx,dx
q,q
dcl,r
m,dcl
n,n
tcl,tcl
l,w
t,t
ow,ow
ey,ay
ix,ix
r,r
g,g
gcl,dcl
er,er
ao,ao
iy,iy
ax,l
r,m
m,n
dx,dx
v,v
eh,r
kcl,p
p,p
ng,ng
ix,ix
w,w
r,r
hv,hv
kcl,kcl
v,v
ih,iy
ix,ax
s,s
dh,dh
pcl,pcl
z,z
ix,ih
aa,hv
ih,ih
kcl,kcl
tcl,tcl
dh,tcl
z,z
axr,er
s,s
bcl,dcl
q,q
eh,eh
iy,iy
dx,dx
sh,sh
pcl,dx
ao,ao
q,q
s,s
aa,aa
ng,ng
l,l
tcl,kcl
dh,dcl
ax,l
s,s
ow,ow
l,ax
t,t
r,r
ao,ao
z,s
l,ao
pcl,pcl
eh,ix
ih,ix
th,dh
ix,r
ao,axr
tcl,kcl
bcl,dcl
iy,ix
ao,ao
n,n
bcl,n
iy,iy
q,q
iy,ng
s,s
ao,ao
ix,ix
s,s
s,s
t,t
ax,el
aa,ao
w,r
z,z
k,k
tcl,pcl
n,n
ix,ix
pcl,pcl
r,r
pcl,pcl
s,s
ay,ay
aa,ao
er,er
kcl,kcl
s,s
ix,ih
ae,ae
l,l
ih,ix
z,s
n,n
r,ax
ng,n
k,k
v,tcl
dcl,dcl
iy,iy
w,m
bcl,dcl
ae,iy
r,r
z,s
v,dx
s,s
m,m
eh,eh
q,dh
r,axr
k,k
iy,iy
ao,ao
dh,dcl
l,l
kcl,kcl
n,m
iy,iy
r,r
ix,ix
k,p
t,p
eh,eh
aa,ay
ax,aw
ix,ix
aa,aa
q,q
l,l
tcl,kcl
iy,iy
r,r
w,w
ix,n
t,jh
ih,ih
iy,iy
t,k
s,s
dx,dx
t,t
z,z
t,k
bcl,m
eh,ah
d,t
sh,sh
pcl,pcl
pcl,pcl
ix,ix
ix,ix
v,v
nx,m
kcl,tcl
r,r
kcl,dh
r,r
ah,ao
r,r
b,p
ae,ae
l,l
iy,iy
y,iy
ix,iy
s,s
z,z
uh,ax
ix,ix
q,dcl
s,s
ih,ih
ae,ae
eh,ey
tcl,tcl
tcl,tcl
t,d
n,n
s,s
dcl,dcl
axr,ih
ao,ow
m,m
ix,r
dx,dx
r,r
tcl,kcl
ae,ae
sh,sh
ux,iy
axr,axr
s,th
em,en
z,z
dcl,dcl
bcl,dcl
hv,r
n,n
w,w
t,t
dcl,tcl
t,t
ih,ih
eh,eh
p,p
q,kcl
ix,ix
ix,eh
n,dcl
ax,bcl
ow,ow
tcl,tcl
gcl,dcl
b,l
ao,ao
iy,iy
eh,ae
zh,jh
ih,ih
ow,ao
dh,dh
q,w
t,t
gcl,dcl
l,l
eh,eh
kcl,pcl
s,s
ay,ah
s,s
v,y
s,z
tcl,tcl
ix,ih
v,v
sh,sh
ao,ay
g,k
er,ux
s,s
ey,ey
dh,v
er,er
dx,ix
dcl,dcl
dcl,dcl
sh,sh
oy,oy
iy,iy
ng,dcl
kcl,kcl
ah,eh
ey,ey
z,z
s,s
sh,jh
pcl,tcl
dcl,pcl
th,dh
r,r
hh,hv
ae,ae
k,k
eh,l
z,z
ux,iy
tcl,dcl
tcl,tcl
ao,l
dcl,dcl
n,n
ix,ix
er,er
ch,ch
n,n
v,f
tcl,kcl
ax,ix
l,l
ey,ey
z,dh
p,p
ix,n
ay,ay
ao,ow
ae,ae
gcl,gcl
sh,s
iy,iy
ix,ix
l,l
ix,ih
aa,er
r,r
r,r
ah,ah
ix,ih
t,t
iy,iy
n,dcl
tcl,kcl
dcl,dcl
er,er
ay,ao
ey,iy
m,m
r,w
n,n
bcl,pcl
v,bcl
ey,eh
aa,aa
ae,ae
n,n
l,l
ch,ch
ao,ao
k,k
ax,ax
w,w
ax,ax
iy,iy
kcl,kcl
n,n
dcl,bcl
th,dh
aw,aw
el,l
aa,ao
ux,ey
s,s
ao,ao
f,f
ix,ix
f,f
ix,ix
el,ao
ah,l
l,ao
ng,n
w,w
ih,ux
n,n
dx,dx
tcl,tcl
hv,hv
oy,ao
ae,ae
ae,ae
ae,ae
gcl,dcl
r,r
pcl,dcl
kcl,tcl
eh,eh
iy,k
ax,ah
sh,sh
ao,ao
s,s
dh,dh
q,q
n,n
ax,ix
s,s
z,z
jh,jh
r,ix
ix,ix
ae,ae
k,p
ae,ae
eh,eh
ng,n
ah,aa
kcl,tcl
ae,ae
r,r
n,n
axr,ix
r,r
ix,ix
ao,w
r,r
kcl,kcl
bcl,dcl
ax,ax
dcl,pcl
t,t
dcl,dcl
kcl,kcl
ay,ae
m,ng
sh,sh
ay,aa
ae,ae
s,s
dh,hh
ey,ey
eh,ae
hv,hv
aw,aw
axr,r
iy,iy
er,er
w,w
dh,dcl
dcl,dcl
aw,q
iy,iy
kcl,pcl
ey,eh
l,l
sh,sh
r,r
t,t
eh,eh
uh,ih
k,k
ix,axr
eh,eh
l,l
ix,ix
q,q
s,s
z,z
tcl,kcl
hv,hv
d,t
eh,eh
ix,ix
l,l
ah,eh
f,f
q,q
r,r
w,ng
kcl,dcl
kcl,kcl
l,l
s,s
n,dcl
w,w
ae,ae
ey,ay
tcl,kcl
r,r
k,k
ih,ix
ix,ix
ah,aa
ae,ae
ih,iy
tcl,tcl
y,y
ix,axr
el,el
t,d
z,z
iy,iy
iy,iy
q,iy
t,t
y,y
ao,ao
z,sh
tcl,pcl
pcl,pcl
iy,iy
t,d
dcl,dcl
w,w
kcl,kcl
n,m
em,v
m,m
iy,iy
er,er
dcl,dcl
q,w
ao,ao
f,f
l,l
axr,axr
ix,ix
ah,ae
sh,sh
s,s
kcl,kcl
kcl,kcl
zh,s
s,z
ux,ux
ng,w
dh,dh
m,n
hh,hh
ae,ae
q,p
l,r
tcl,pcl
ax-h,s
dcl,dcl
axr,axr
er,er
dh,dcl
f,f
kcl,tcl
k,k
sh,sh
v,l
kcl,gcl
th,th
n,n
tcl,kcl
ix,ix
l,l
s,s
axr,er
axr,axr
g,r
ix,ih
t,t
sh,sh
t,t
ah,ax
r,r
gcl,pcl
f,f
axr,ey
ay,ay
dcl,pcl
tcl,kcl
f,f
l,l
z,s
ax,l
ix,ix
ey,ey
eh,ih
z,s
q,tcl
iy,ix
dcl,tcl
l,l
ah,ae
s,s
el,ax
th,dh
r,ix
n,dcl
ix,ih
kcl,kcl
iy,iy
dcl,dcl
ow,ow
n,n
p,p
p,dh
q,q
z,z
tcl,kcl
pcl,pcl
l,ow
ae,ae
r,r
ix,r
n,n
kcl,kcl
ay,ae
t,t
ix,ih
kcl,kcl
dx,dx
s,s
n,n
eh,ay
eh,eh
p,p
jh,jh
t,t
aa,aa
m,n
eh,ih
iy,iy
tcl,kcl
eh,eh
ng,n
l,p
iy,iy
bcl,bcl
tcl,tcl
m,m
iy,iy
ih,iy
gcl,axr
dh,dh
eh,ih
s,s
s,s
ae,ae
ey,ey
s,s
t,t
s,s
y,y
aa,aa
l,l
dcl,dcl
s,s
w,w
tcl,gcl
ao,ah
n,n
iy,iy
ao,q
l,aw
v,v
l,l
er,er
r,axr
w,bcl
v,v
ao,ao
f,f
z,z
m,n
t,t
dx,dx
s,s
ux,ux
ch,s
m,m
ey,ih
w,l
tcl,dcl
f,f
g,g
m,m
axr,axr
pcl,pcl
k,k
pcl,bcl
kcl,tcl
ah,ah
nx,nx
ux,iy
kcl,kcl
p,p
f,f
ix,ih
ao,ow
t,d
k,k
ah,el
ix,r
ay,ay
n,n
ow,ow
r,r
ax,ax
s,s
dh,dh
ax,n
r,r
g,k
ae,ah
tcl,tcl
gcl,gcl
l,l
eh,ix
w,w
ix,ae
ax,ix
w,w
r,axr
kcl,kcl
ng,ng
ix,ix
ah,ax
r,m
ix,ix
ih,ih
z,z
s,s
tcl,tcl
ay,ay
sh,sh
d,d
q,ix
n,n
s,s
dh,dcl
r,r
iy,iy
ey,ey
eh,ae
ow,ow
ah,eh
eh,eh
ih,ih
s,s
ax,ix
ow,ow
ix,ix
tcl,tcl
ax,ax
ey,ey
ao,ao
ao,er
t,t
dcl,dcl
tcl,kcl
n,m
er,r
ay,ae
bcl,bcl
y,ix
sh,sh
m,m
axr,r
s,s
m,m
ax,aa
ey,ey
p,p
w,n
gcl,bcl
ay,ae
n,n
jh,jh
ae,ae
dx,dx
tcl,kcl
w,w
axr,er
s,sh
l,w
ey,ey
g,g
er,er
dx,dx
ah,ah
tcl,tcl
gcl,kcl
l,l
pcl,tcl
ax,ax
ih,ih
ix,ix
tcl,tcl
r,r
ay,ay
n,n
ow,l
w,w
kcl,tcl
iy,iy
oy,oy
n,n
z,s
r,r
ey,ey
dcl,dx
eh,eh
z,s
w,n
dh,dh
iy,iy
r,r
r,r
jh,jh
v,v
ao,el
ow,ow
w,w
dx,z
ao,ao
ao,ao
ax,q
m,m
gcl,kcl
p,p
ng,ng
r,r
l,r
ax,ax
bcl,bcl
f,f
aa,ah
axr,axr
ix,ix
s,s
ow,l
kcl,pcl
tcl,tcl
ix,z
l,l
t,s
kcl,tcl
ix,ix
ch,jh
l,l
ao,ao
jh,jh
eh,r
ow,ow
s,s
w,w
ao,r
ih,iy
w,l
dh,dh
s,s
axr,el
q,q
bcl,m
dh,dh
q,q
l,l
ao,ao
w,w
n,n
tcl,tcl
eh,ey
n,n
iy,iy
dx,dx
r,r
l,l
iy,iy
ix,ix
l,w
ix,ix
r,r
l,l
aw,aw
sh,s
m,m
ix,ih
ih,ix
aa,aa
v,v
v,v
ax,ax
ix,ix
f,f
ah,ah
eh,eh
d,t
s,s
r,r
dcl,dcl
gcl,gcl
ux,ux
f,f
ax,l
v,v
dcl,tcl
tcl,tcl
ax,ix
ae,ae
ow,l
ay,ay
ae,ae
eh,ix
ix,ix
l,l
v,v
el,q
hh,hh
kcl,tcl
iy,iy
m,m
sh,sh
ao,aa
ix,ix
n,n
w,w
p,k
s,s
sh,s
f,f
er,r
n,dcl
dcl,dcl
ae,ae
ix,ix
w,w
q,q
ix,dh
k,k
kcl,kcl
r,r
s,s
hv,hv
sh,sh
s,s
ao,ow
ah,aa
v,v
ow,ow
z,z
g,g
ix,ix
dcl,dcl
l,l
ix,ix
iy,y
k,k
ih,ux
ix,ix
q,ax
dh,dh
n,n
dcl,dcl
tcl,dcl
m,n
n,n
d,jh
f,f
r,r
ae,ae
eh,eh
uw,l
r,axr
tcl,kcl
kcl,kcl
hh,hh
m,m
iy,iy
ix,ix
q,dh
w,uw
y,y
tcl,kcl
s,z
m,ng
n,n
kcl,kcl
en,n
r,axr
l,l
pcl,pcl
dcl,dcl
ix,n
v,v
er,er
er,er
gcl,dcl
p,p
s,s
er,r
m,m
pcl,tcl
r,r
q,q
y,iy
r,r
q,kcl
jh,jh
l,l
axr,axr
iy,ix
iy,iy
tcl,tcl
ux,ux
n,ng
axr,axr
jh,sh
q,ix
ih,ix
k,k
d,t
s,s
w,w
q,dh
f,f
m,n
s,s
ih,l
ow,aw
axr,er
aw,aw
dcl,bcl
q,q
ah,ow
q,q
k,k
ao,ao
tcl,tcl
ix,y
m,m
en,l
ax,ix
tcl,dh
gcl,kcl
aa,ao
eh,eh
f,f
w,w
t,t
tcl,dcl
m,m
l,l
ao,aa
l,l
ao,ow
r,l
ae,ae
gcl,kcl
axr,er
n,n
z,z
n,iy
axr,ix
r,r
r,r
s,z
t,t
aa,ah
kcl,pcl
f,f
ow,ow
ih,ix
s,s
eh,eh
w,w
nx,m
bcl,bcl
aa,aw
ix,axr
n,n
ay,ay
sh,sh
n,n
axr,er
ax,axr
s,s
ay,ay
eh,er
ix,ix
iy,iy
s,s
k,k
iy,iy
k,k
ey,ey
dh,dh
ah,ah
l,l
t,t
ih,ih
ix,ix
axr,axr
ix,ih
ah,ao
ix,r
y,y
ix,y
eh,r
dx,dx
k,k
ax,ax
ah,eh
kcl,kcl
ao,ao
ah,ah
ix,ih
ih,eh
kcl,tcl
er,axr
iy,iy
eh,ih
f,f
aa,ax
eh,ih
n,ng
pcl,tcl
s,s
w,w
l,ax
ih,eh
l,l
r,r
s,s
ng,m
ix,ih
r,r
er,er
pcl,kcl
y,y
bcl,m
s,sh
en,n
n,n
ih,iy
w,w
axr,ix
ax,ax
f,f
dcl,pcl
k,k
ae,ae
t,k
ao,aa
ay,ay
tcl,tcl
w,w
pcl,kcl
r,r
r,r
r,r
bcl,kcl
ix,ih
r,r
r,r
sh,s
r,r
bcl,bcl
ih,ih
aa,axr
gcl,pcl
r,axr
tcl,kcl
dcl,dcl
l,l
s,s
dcl,n
bcl,bcl
w,w
ao,ao
r,r
dh,dh
b,p
m,m
k,k
l,r
q,n
w,w
m,n
dh,dh
l,l
iy,iy
th,dh
m,n
ih,eh
g,k
r,ax
l,l
ae,ae
tcl,dcl
r,axr
n,n
gcl,gcl
t,t
l,l
r,axr
s,s
ax,r
n,d
axr,ax
iy,iy
kcl,kcl
ax,ix
n,bcl
g,kcl
z,s
el,l
s,s
dcl,tcl
f,f
em,m
en,n
pcl,kcl
g,g
g,k
f,f
kcl,kcl
er,er
dx,dx
eh,eh
tcl,tcl
z,z
axr,axr
eh,eh
q,q
dcl,dcl
ih,ih
l,v
aa,ay
l,l
q,q
el,l
p,hh
ih,ih
s,s
r,axr
hh,hh
s,s
f,pcl
q,q
ae,ae
g,g
ae,aw
ow,ow
tcl,tcl
ch,jh
aa,aa
k,k
dx,jh
q,q
p,k
sh,s
s,s
l,l
k,k
ah,ae
pcl,tcl
em,n
w,w
axr,eh
ay,ix
n,ng
z,z
er,er
sh,sh
n,l
ax-h,tcl
iy,iy
uh,ao
sh,sh
dh,pcl
d,t
ng,n
ix,ix
ay,ay
eh,eh
tcl,tcl
ah,aw
l,m
jh,k
er,er
l,l
aa,ah
ix,ix
ao,ow
t,s
aa,aa
ey,eh
iy,iy
pcl,k
k,k
l,w
kcl,tcl
pcl,pcl
r,r
s,s
ix,iy
axr,m
ey,ey
p,p
er,r
kcl,tcl
sh,sh
ey,iy
iy,iy
ux,ih
l,l
ah,l
l,ah
ah,ih
w,m
eh,eh
ey,ey
dcl,kcl
l,l
r,er
n,q
s,s
bcl,bcl
uh,r
r,r
iy,iy
dcl,dcl
s,s
ow,ow
m,m
pcl,kcl
k,p
ax,eh
gcl,dcl
l,l
ao,ao
ix,uh
k,k
r,r
eh,aw
ow,ow
ix,q
ax,ax
jh,jh
axr,r
s,s
dcl,dx
ax,ax
s,s
iy,iy
ix,dh
ae,ae
ax,ax
iy,iy
dcl,dcl
uw,aa
ih,hv
p,f
gcl,n
s,f
ao,ao
sh,sh
en,m
aa,aa
l,l
ay,ay
dcl,dcl
dcl,q
iy,iy
r,r
ay,ay
dcl,dcl
dcl,z
dh,p
w,w
ix,ix
tcl,kcl
r,axr
axr,iy
q,q
m,ux
ux,ix
iy,iy
ng,n
t,t
axr,axr
ux,iy
dcl,th
tcl,kcl
n,n
s,s
ae,ae
er,axr
k,k
iy,iy
ax,ix
iy,ey
pcl,f
ix,ix
dcl,dcl
n,n
bcl,bcl
m,m
bcl,pcl
pcl,dcl
ux,ux
n,en
iy,iy
ix,ih
ah,ow
t,ix
iy,iy
dx,dcl
ix,ix
kcl,tcl
m,m
m,n
r,ao
d,t
l,l
aw,ae
ah,eh
aa,ae
iy,iy
y,ih
r,r
ae,ae
m,m
dcl,dcl
ae,ae
l,dx
hh,hh
ow,aw
en,n
aa,aa
s,s
s,s
ao,axr
axr,axr
nx,n
ix,ix
n,m
iy,r
uh,l
s,s
bcl,dcl
tcl,pcl
dcl,dcl
s,s
iy,iy
kcl,kcl
jh,sh
w,w
k,k
ax,l
hv,hh
kcl,kcl
dcl,pcl
f,f
k,k
ih,ih
p,p
hv,hv
er,r
s,s
eh,eh
ay,aa
ix,ix
dh,dh
d,t
s,s
oy,oy
r,axr
ix,axr
iy,iy
k,p
axr,axr
dh,dcl
m,gcl
ay,aa
l,l
v,dcl
ix,ix
ey,ey
z,z
kcl,kcl
ax,l
t,p
ix,ix
kcl,tcl
n,ng
ih,ix
z,s
l,ao
dcl,dcl
l,l
w,w
dx,dcl
ix,ix
s,s
f,f
dh,dh
aa,aa
ao,ao
y,iy
ow,ow
dh,dh
jh,jh
axr,axr
ih,ih
w,w
iy,iy
ih,ih
iy,iy
ay,ay
s,s
ow,ow
tcl,kcl
iy,iy
ix,iy
tcl,dx
s,s
k,k
k,k
axr,r
s,s
uw,n
r,r
b,g
r,r
n,dcl
r,r
g,dcl
iy,iy
ux,ux
s,s
w,r
bcl,bcl
iy,iy
er,er
n,ng
q,q
m,m
tcl,tcl
s,s
l,eh
f,f
el,ow
s,s
ih,ix
w,w
n,n
y,y
axr,ix
tcl,tcl
ix,r
iy,iy
ax,ay
eh,eh
ay,ay
q,q
kcl,kcl
t,t
s,s
bcl,dcl
axr,r
ix,axr
zh,jh
iy,iy
ch,jh
ay,ay
kcl,kcl
v,pcl
k,k
dcl,bcl
l,l
eh,eh
l,ax
ah,aa
axr,er
m,m
sh,sh
ax,ix
sh,sh
y,ng
s,s
t,t
m,m
kcl,kcl
r,r
k,k
ey,ey
ae,ae
ih,ix
y,y
nx,l
kcl,kcl
iy,iy
hv,hv
q,ix
kcl,kcl
v,v
n,n
ow,aa
nx,ax
kcl,kcl
ux,ux
ey,ey
l,r
ux,uw
n,n
kcl,kcl
bcl,kcl
iy,iy
l,w
v,v
s,s
s,s
t,dh
ay,ay
r,r
s,s
r,r
iy,l
iy,iy
dh,dh
iy,iy
ih,ih
kcl,k
bcl,dcl
ih,ih
sh,sh
ix,ix
v,bcl
ix,ay
gcl,gcl
z,z
iy,iy
hh,tcl
ix,ux
n,iy
ae,ae
k,k
ao,ao
m,m
ix,dx
gcl,ix
axr,axr
hv,hv
ix,hv
f,dh
kcl,kcl
ih,ih
z,z
tcl,pcl
gcl,dx
l,ih
k,dh
v,s
l,l
pcl,pcl
kcl,gcl
iy,ix
ix,ix
l,l
w,w
r,r
tcl,kcl
ae,ae
er,er
tcl,tcl
ux,ux
eh,axr
r,r
uw,w
iy,iy
z,s
en,n
w,w
p,p
hh,p
t,p
s,s
ax,ax
el,ao
ow,ow
s,s
tcl,dcl
m,m
hv,hv
r,ao
ey,ih
dcl,dcl
aa,aa
ey,ey
ng,k
ux,ux
p,p
oy,oy
hh,p
r,r
gcl,p
ao,w
f,v
dcl,dcl
ix,ix
kcl,kcl
l,l
q,q
m,m
f,f
uh,uh
r,r
dx,dx
ix,ax
axr,ax
r,r
w,w
l,l
axr,r
aa,aa
iy,iy
l,l
dcl,dcl
w,w
hh,hh
k,k
eh,eh
ay,ay
uh,ax
tcl,tcl
s,s
z,s
ih,ey
sh,sh
kcl,kcl
s,s
bcl,dcl
k,k
r,r
s,s
kcl,tcl
q,ix
t,t
s,s
n,n
ix,ix
ey,iy
ih,ih
d,jh
q,q
ux,ix
ey,iy
z,z
d,t
ih,iy
y,y
n,gcl
k,k
ey,ey
g,g
tcl,dcl
r,r
s,s
m,m
aa,ao
ow,eh
gcl,bcl
l,l
s,s
tcl,tcl
v,v
zh,z
dcl,dcl
tcl,kcl
iy,iy
dh,d
iy,iy
n,n
r,r
ix,ix
aa,aa
s,s
l,l
z,l
l,ux
r,ao
axr,ow
ae,ae
ay,ay
ux,ux
dh,dh
f,dh
dcl,dcl
ch,ch
v,y
z,z
axr,ih
ow,ow
w,w
ay,ay
l,l
ix,ix
f,f
q,dcl
ih,ix
ah,ax
ao,l
dcl,dh
ix,ix
tcl,kcl
ax,l
w,w
ix,ix
dx,dx
dcl,dcl
bcl,dcl
ae,q
aa,ao
bcl,dcl
th,th
s,s
pcl,tcl
ix,ix
tcl,kcl
ao,eh
l,l
z,sh
en,m
iy,ix
w,w
z,sh
aa,aa
t,p
k,k
oy,oy
ey,ae
tcl,kcl
dh,dh
r,r
pcl,dcl
iy,iy
er,er
dcl,bcl
ao,ao
sh,sh
kcl,kcl
n,m
ix,n
n,n
aa,aa
tcl,tcl
s,sh
ix,ix
ix,q
iy,r
r,m
kcl,kcl
ng,ng
t,t
p,p
k,k
p,p
dcl,dcl
el,l
er,axr
w,w
iy,ix
ao,ao
ux,iy
dh,v
ow,ao
iy,iy
kcl,kcl
sh,sh
eh,ae
z,z
tcl,dcl
hh,kcl
kcl,kcl
k,tcl
q,q
axr,axr
gcl,axr
r,r
s,s
r,r
dx,tcl
iy,r
eh,eh
el,l
w,w
s,z
ux,ix
iy,iy
eh,eh
iy,iy
w,w
aa,ao
ax,m
n,m
ng,ng
eh,ae
tcl,kcl
tcl,tcl
ux,ux
ae,ae
dcl,tcl
ax,dx
ih,ix
q,q
z,s
tcl,tcl
ix,ix
eh,eh
iy,iy
bcl,bcl
r,r
k,k
nx,l
l,ah
ix,iy
s,s
ae,ae
eh,eh
dcl,dcl
dh,kcl
ah,ah
q,q
er,er
dx,z
ih,ix
dcl,kcl
hv,hv
ix,ix
kcl,kcl
ix,ix
ux,iy
kcl,kcl
tcl,tcl
w,w
d,q
q,kcl
gcl,dcl
p,p
iy,iy
ih,ix
m,n
ix,ih
gcl,pcl
eh,eh
r,r
m,n
kcl,kcl
ih,ih
dh,dh
ao,ao
ux,ux
iy,iy
y,y
ae,aa
ix,ix
ax,ax
n,l
axr,r
s,s
iy,iy
kcl,kcl
dh,v
s,s
p,hh
m,bcl
iy,ix
el,el
ix,ix
t,t
ux,ux
iy,iy
s,s
p,p
ey,ey
hv,hv
p,g
t,t
ae,eh
ih,ih
ae,ae
ah,ax
kcl,dcl
v,v
ix,r
eh,ah
ay,ay
s,s
eh,eh
aa,aa
q,q
ix,ix
m,dcl
n,n
ih,ix
r,er
s,s
aa,ao
eh,eh
iy,iy
ao,ow
ao,ao
ng,n
ey,ey
ae,ae
g,g
v,v
ax,ix
eh,iy
kcl,kcl
eh,eh
n,n
ow,ow
ao,aa
k,k
n,n
ax,ax
q,q
ih,ih
iy,iy
r,r
dh,dh
w,w
aa,aa
f,f
eh,ih
bcl,bcl
r,r
dcl,dcl
gcl,dcl
y,iy
bcl,bcl
ao,ao
ng,n
axr,axr
tcl,pcl
ax,ax
ix,axr
q,l
r,r
ix,ix
f,f
v,dh
tcl,kcl
q,n
y,iy
s,s
f,f
w,q
ae,ae
l,el
bcl,tcl
iy,iy
iy,iy
bcl,pcl
y,ux
kcl,kcl
ng,m
axr,er
ux,ux
en,r
m,en
ix,ix
q,g
m,m
q,q
axr,axr
gcl,dcl
dh,dh
ix,er
ah,ah
dh,n
ah,aw
l,w
v,m
n,n
iy,iy
ux,ux
f,v
ix,ix
pcl,bcl
z,s
iy,ih
l,l
oy,oy
r,r
s,s
l,l
ey,ey
v,pcl
t,t
y,iy
t,t
r,r
s,s
ng,w
r,r
ax,l
m,m
pcl,pcl
q,q
dx,gcl
r,r
r,r
aa,aa
w,w
dh,dh
g,g
ae,ae
s,s
iy,iy
n,n
tcl,pcl
ax,ax
kcl,kcl
ix,ih
v,v
ng,dcl
l,l
aa,aa
s,s
ae,ae
ux,ix
kcl,kcl
ix,ix
iy,iy
p,p
dcl,dcl
tcl,dcl
er,er
bcl,dcl
pcl,bcl
l,l
tcl,dcl
ae,ae
eh,ih
bcl,bcl
ey,iy
n,n
tcl,dcl
t,dh
m,m
tcl,kcl
d,d
r,r
ae,ae
ch,jh
f,f
s,z
ax,ix
p,p
axr,r
ix,q
r,r
t,k
r,axr
l,ix
l,l
ah,aa
z,s
ay,ay
s,s
f,f
z,z
oy,oy
l,l
tcl,dcl
iy,iy
n,n
dx,dx
ah,ah
k,k
ix,ix
ah,ay
m,m
gcl,gcl
aa,aa
axr,axr
pcl,tcl
bcl,bcl
bcl,dcl
axr,r
k,k
ax,ix
aa,l
nx,l
y,iy
kcl,kcl
n,n
f,f
r,v
tcl,pcl
pcl,pcl
hh,hh
aa,ao
ow,ow
kcl,pcl
gcl,dcl
l,l
kcl,kcl
ah,l
q,q
l,l
tcl,dcl
ax,r
ey,iy
s,z
axr,er
eh,eh
k,k
sh,sh
eh,ey
ax,ix
k,k
ih,ix
s,s
s,s
f,f
l,l
ih,ix
s,s
ax,ah
sh,sh
ow,ah
f,f
t,d
ix,axr
iy,iy
ae,ey
iy,iy
hh,t
pcl,pcl
k,k
ae,ae
m,m
z,z
el,l
z,s
k,k
z,sh
iy,iy
pcl,pcl
aa,aa
m,r
dcl,kcl
y,y
ih,ix
ey,iy
l,l
l,l
gcl,tcl
dx,r
axr,er
el,l
axr,axr
s,s
dcl,dcl
bcl,dcl
ax,r
z,z
r,r
r,r
dcl,gcl
r,axr
l,n
d,dh
l,l
jh,sh
dcl,gcl
r,r
z,jh
tcl,gcl
ah,ax
q,q
k,k
m,m
q,l
p,p
n,n
m,m
ix,ix
ih,ih
ae,ae
ih,ih
v,dcl
d,t
ix,ix
dcl,dcl
g,k
eh,l
dcl,dcl
ix,ax
l,l
k,k
ch,sh
dh,dh
axr,axr
v,z
z,z
t,t
l,l
m,m
s,s
n,n
dh,dh
l,w
w,dcl
ow,ow
gcl,bcl
ix,ih
ix,axr
l,l
n,n
tcl,tcl
t,t
dcl,dcl
iy,iy
ch,k
bcl,m
f,f
k,jh
iy,iy
axr,axr
m,n
tcl,kcl
er,er
k,k
iy,iy
k,p
r,r
ih,ix
ih,ey
axr,axr
r,r
iy,iy
p,p
pcl,pcl
ax,ax
kcl,kcl
l,l
tcl,tcl
gcl,n
pcl,pcl
ax,ix
iy,iy
er,er
eh,ah
w,l
kcl,kcl
kcl,kcl
ey,ix
s,s
s,s
ow,ao
kcl,kcl
er,er
m,n
ax-h,axr
d,t
k,k
ih,ih
jh,jh
ay,ay
ax,ax
t,t
f,p
l,l
z,z
n,m
ih,uh
iy,iy
ix,ix
s,s
m,m
ey,ih
dcl,dcl
dcl,dcl
ax,ax
ow,ow
ih,ix
axr,r
n,n
ae,ae
ng,n
aa,ao
aa,aa
pcl,tcl
tcl,dcl
tcl,kcl
p,p
bcl,dh
ae,ae
n,ix
axr,er
sh,sh
tcl,pcl
dh,ix
aa,aa
s,s
w,w
w,w
uh,ix
ao,ao
ix,ey
aa,axr
m,dcl
sh,sh
kcl,kcl
ih,ix
y,y
ay,ay
ay,ay
gcl,gcl
m,m
v,bcl
r,w
ey,ix
t,hh
ah,ow
dcl,tcl
ah,ao
r,axr
el,l
s,s
tcl,dcl
iy,iy
aa,aa
z,sh
ih,ix
t,t
q,axr
ah,ax
ih,ih
r,r
axr,axr
iy,iy
r,r
ih,y
axr,ix
l,el
hh,hh
kcl,kcl
ih,ix
f,f
r,r
n,n
g,k
l,l
dx,dx
ao,ao
k,k
ih,ih
el,l
m,dcl
s,s
l,l
ow,ow
ey,ey
ax,ix
kcl,dh
tcl,tcl
ix,r
ah,ah
m,n
aa,ae
uw,w
iy,iy
d,d
s,s
ax,ax
jh,ch
ae,ae
aa,aa
s,s
ae,ae
ix,ix
ow,l
tcl,tcl
r,er
ae,ae
kcl,tcl
aa,ao
r,axr
l,w
tcl,kcl
p,p
ow,ow
n,n
kcl,pcl
y,y
r,r
dcl,dcl
n,n
ae,ae
y,y
ih,ax
tcl,tcl
ah,ah
ix,ix
ux,ix
kcl,kcl
ix,q
ae,ae
ao,ao
dcl,dcl
sh,sh
tcl,tcl
l,l
n,m
ux,ux
l,m
ih,ix
r,r
ih,ix
ih,ih
ih,n
n,m
ix,ix
w,w
n,n
tcl,tcl
ae,ae
l,l
hh,k
r,y
pcl,pcl
ux,ax
p,k
g,g
n,n
l,w
gcl,pcl
ix,ix
ux,iy
n,n
l,w
k,pcl
q,q
ix,ix
dcl,dcl
tcl,kcl
pcl,pcl
m,m
zh,z
kcl,gcl
ao,q
t,t
iy,iy
f,f
iy,iy
r,r
er,er
axr,ix
m,m
aa,ae
f,f
ix,l
ax,ax
l,ow
ih,ih
p,ax
eh,r
s,s
kcl,f
ax,ax
w,w
s,s
ao,aa
ey,ey
r,r
k,k
iy,iy
r,r
axr,axr
aa,aw
dcl,dcl
ax,l
dx,dx
s,s
jh,sh
dh,dh
t,k
n,n
tcl,tcl
k,k
l,l
dh,dh
m,n
s,s
s,sh
er,er
t,t
pcl,tcl
q,q
y,y
iy,ih
r,r
bcl,bcl
k,p
tcl,kcl
q,q
ih,iy
m,m
dh,dh
dcl,dcl
f,f
kcl,p
ae,ae
s,s
iy,iy
s,s
ax,ah
r,r
r,r
t,k
n,n
ix,ix
dcl,dcl
ao,ao
f,f
m,m
kcl,kcl
l,dh
oy,oy
ix,ix
tcl,dcl
ix,iy
t,kcl
ix,ih
ao,aa
tcl,tcl
en,en
dh,ax
dx,dx
l,l
z,s
m,n
ao,ao
s,s
n,n
t,t
s,s
r,r
ix,ix
r,r
kcl,pcl
ey,ey
m,m
v,dcl
iy,iy
sh,sh
dx,dx
ng,dcl
kcl,kcl
pcl,pcl
k,k
s,s
k,k
l,l
tcl,kcl
ao,ao
r,r
t,t
v,s
ix,ix
m,m
kcl,kcl
ix,ix
d,t
ay,ay
iy,iy
ow,el
m,m
w,w
ay,ay
eh,ow
ih,iy
hh,p
n,n
aa,aa
aa,ao
nx,n
ng,ng
ix,ix
ey,ey
n,n
ah,hv
ix,iy
s,s
q,q
s,s
ih,iy
gcl,dcl
w,w
l,n
ix,ih
n,m
r,r
er,axr
r,r
dcl,dcl
ah,aa
axr,axr
axr,axr
dcl,dcl
ux,ux
t,dh
axr,r
l,l
z,s
tcl,dcl
tcl,pcl
ng,ng
m,m
n,n
k,kcl
r,r
kcl,kcl
tcl,kcl
ey,ey
ix,ix
s,s
dx,dcl
n,n
dcl,dcl
dx,dx
kcl,kcl
bcl,tcl
ih,ix
ix,ix
iy,iy
p,p
iy,iy
f,s
dcl,dh
dh,dh
tcl,kcl
pcl,pcl
ix,ix
k,k
bcl,gcl
w,w
tcl,tcl
jh,jh
gcl,gcl
dcl,dcl
r,r
p,p
ax,ax
m,m
ao,w
v,tcl
tcl,kcl
k,k
z,z
m,m
tcl,tcl
el,ax
n,n
ux,ux
hv,hv
ih,ih
r,r
jh,d
axr,v
ih,ax
er,axr
uh,ih
s,s
ao,axr
l,l
t,jh
r,axr
ch,k
axr,axr
ay,ay
gcl,dcl
l,ax
r,ao
m,m
p,p
th,f
l,ax
t,t
gcl,dcl
ux,ux
q,kcl
ae,eh
eh,ix
pcl,kcl
kcl,tcl
ax,ah
ay,ay
dcl,dcl
d,v
t,t
s,s
ao,ao
dx,dcl
s,s
nx,n
f,f
y,iy
ao,ao
tcl,tcl
v,v
ix,ix
ax,ax
t,t
tcl,tcl
ah,aw
ng,ng
l,aw
z,z
ng,n
ae,eh
ix,ix
tcl,kcl
p,p
dcl,dcl
m,n
b,p
m,ng
hv,hv
v,kcl
g,g
dcl,dcl
kcl,pcl
n,m
ae,eh
iy,ix
axr,axr
axr,r
l,l
s,s
bcl,m
bcl,dcl
m,m
z,s
ae,ae
iy,iy
axr,r
s,s
dh,dh
iy,iy
pcl,tcl
ix,ix
kcl,kcl
kcl,kcl
w,w
s,s
pcl,kcl
z,z
sh,z
m,m
p,dh
ih,ih
t,k
ao,ow
th,f
pcl,pcl
s,s
axr,axr
ay,ay
q,q
ay,ay
eh,ix
tcl,gcl
iy,ix
iy,iy
k,p
gcl,bcl
r,r
ae,ae
dx,dcl
n,n
v,v
el,el
bcl,dcl
r,r
n,n
ih,ih
n,ng
ao,ao
tcl,m
l,l
t,t
ow,ow
f,f
t,jh
w,l
r,r
axr,axr
er,aa
l,ow
l,dh
ih,ih
axr,r
t,t
v,v
ih,ix
ih,eh
t,t
jh,s
d,ix
q,q
tcl,n
tcl,dcl
r,r
ae,ae
er,er
r,ix
ow,ow
ae,ae
bcl,dcl
gcl,gcl
ao,r
bcl,dcl
r,r
sh,sh
l,n
ih,ih
er,er
el,ow
er,r
ix,ix
n,m
jh,d
ix,t
kcl,kcl
axr,axr
bcl,bcl
ey,ey
t,t
p,p
axr,axr
nx,dx
k,k
ax-h,g
r,r
ao,aa
pcl,pcl
gcl,gcl
ix,eh
w,w
t,dh
ah,ah
s,s
eh,eh
pcl,f
l,l
jh,jh
dh,dcl
ax,m
hh,hh
ae,ae
aw,l
ch,jh
ah,ah
ih,ix
oy,ow
q,q
en,n
eh,ae
ih,ih
aa,eh
uh,ix
l,w
ix,ix
l,l
ao,aa
r,r
aa,ao
t,d
s,s
dcl,dcl
pcl,pcl
er,r
ih,ix
d,t
kcl,tcl
ix,ix
kcl,kcl
l,ah
tcl,tcl
l,l
n,n
gcl,dcl
l,l
axr,r
ow,ao
kcl,kcl
ae,ae
ay,ay
kcl,kcl
aw,ow
k,k
m,m
axr,r
aa,aa
iy,ey
ux,dcl
y,iy
b,p
q,q
ix,iy
v,v
ay,ay
s,s
aa,aa
dx,dx
ay,oy
ix,ix
ih,eh
dh,dh
w,w
ao,ao
f,f
ah,aa
w,w
s,s
l,l
axr,er
dh,s
ix,ix
ey,iy
aa,l
sh,sh
kcl,kcl
s,sh
ix,l
pcl,pcl
ao,ow
dcl,dx
s,s
kcl,pcl
uh,ix
iy,ux
iy,iy
axr,er
ow,ow
ih,ix
n,n
jh,jh
l,ow
t,t
ix,ax
p,p
r,er
l,l
dh,dh
axr,er
er,ih
v,n
m,m
q,axr
axr,er
bcl,bcl
dcl,kcl
iy,iy
jh,jh
dcl,dcl
ae,ae
f,f
y,iy
ix,r
er,axr
w,l
ih,ih
f,f
n,n
sh,sh
ih,ux
r,r
eh,ih
eh,er
s,s
ix,ih
zh,sh
er,axr
z,z
ae,ae
s,s
l,l
ah,ah
axr,axr
axr,axr
n,n
r,r
sh,sh
ay,ay
r,r
ow,l
r,r
z,s
pcl,dcl
kcl,kcl
n,m
m,n
ix,ax
t,t
ux,y
r,r
sh,s
y,y
z,z
ao,ao
ae,ae
ae,iy
aa,aa
z,z
l,l
ix,ix
d,d
f,f
s,s
ix,ix
ax,l
gcl,kcl
w,w
r,r
aa,aa
dh,dcl
ix,ix
jh,jh
z,z
sh,sh
r,r
bcl,pcl
jh,jh
pcl,kcl
tcl,tcl
n,n
n,n
n,n
n,hv
th,dh
dcl,gcl
g,q
iy,iy
p,p
ao,ao
dh,dh
f,f
n,ng
hh,hh
m,dx
er,axr
tcl,pcl
k,k
iy,r
iy,iy
hv,hv
eh,l
r,w
iy,ix
n,n
ux,iy
t,t
ix,ih
iy,iy
iy,ux
ix,ix
ah,ah
ix,ix
ax,l
q,iy
dh,dh
f,s
z,s
eh,ah
iy,iy
axr,r
ao,ao
n,n
sh,sh
m,n
l,l
dcl,dcl
iy,iy
q,tcl
r,r
kcl,kcl
pcl,kcl
aa,aa
k,k
pcl,bcl
k,k
m,m
ay,ay
th,s
dcl,dcl
ah,ix
kcl,kcl
tcl,dcl
s,s
s,s
ey,iy
l,ow
iy,iy
ao,ao
m,m
ey,iy
kcl,tcl
ih,ih
ay,ay
ay,ay
r,dx
p,p
l,l
q,q
iy,iy
ae,r
ax,r
v,f
iy,ix
w,w
k,jh
r,r
axr,axr
axr,q
w,w
ah,ax
kcl,kcl
y,ix
f,f
oy,ao
f,f
ae,ae
gcl,dcl
axr,axr
aa,l
s,s
l,n
iy,iy
sh,sh
iy,iy
r,er
eh,ih
r,r
dcl,pcl
r,r
v,bcl
hh,p
ow,ow
bcl,pcl
er,axr
y,iy
iy,iy
aa,aa
tcl,tcl
z,s
ae,ae
ax,ax
k,k
pcl,tcl
ix,ey
el,l
sh,sh
ih,l
kcl,pcl
ao,ao
ih,iy
l,l
l,l
k,tcl
kcl,kcl
ay,ay
n,n
axr,axr
ix,ix
t,t
l,l
ae,eh
r,r
k,dx
r,m
l,ax
ey,ey
k,t
k,k
ix,ix
ih,ih
ao,ao
f,f
ih,ix
bcl,bcl
iy,iy
el,l
ao,l
n,n
bcl,dcl
er,er
ax,n
w,dh
el,ao
z,s
sh,ch
dcl,dcl
er,er
ax,ax
ax,ax
t,t
l,ax
aa,aa
ow,ow
w,r
ix,iy
q,ix
g,p
ao,l
s,s
ae,ae
ow,ow
gcl,dcl
l,l
r,uh
q,q
hv,iy
ih,ix
s,s
ae,ae
l,l
ao,ao
ix,q
dh,dh
hv,ix
l,l
ng,n
ix,ix
l,l
w,l
tcl,tcl
dcl,dcl
k,k
eh,ah
ux,ux
dcl,tcl
n,n
pcl,kcl
f,f
gcl,tcl
aa,ao
s,s
iy,iy
aa,aa
iy,iy
kcl,tcl
ey,ey
bcl,dcl
k,g
ao,aa
ah,l
ih,ih
t,k
iy,iy
r,r
oy,oy
ix,ix
tcl,kcl
dh,dh
v,v
r,r
s,s
tcl,tcl
bcl,dcl
g,p
n,n
n,dcl
aa,aa
ow,ow
tcl,dcl
iy,iy
t,dcl
ey,ay
v,v
k,k
dcl,dcl
l,l
m,n
gcl,dcl
m,m
tcl,tcl
r,r
tcl,kcl
ih,ix
w,w
iy,iy
r,r
oy,oy
axr,axr
r,w
l,w
bcl,bcl
f,f
dx,r
l,l
eh,eh
ax,ah
iy,ih
iy,iy
jh,g
ih,ih
iy,iy
ch,sh
z,jh
ix,ix
q,q
n,n
dx,m
ah,ay
r,r
n,dcl
q,dcl
l,l
bcl,bcl
hh,hh
ix,ix
tcl,tcl
ax,ix
z,z
dh,k
k,p
l,dx
v,bcl
s,s
g,g
q,q
ae,aw
r,iy
ux,l
ax,ax
kcl,kcl
n,n
m,m
ng,m
r,r
ux,iy
tcl,kcl
aa,aa
ng,ng
f,f
ix,ix
m,m
tcl,q
dcl,dcl
pcl,kcl
z,z
iy,iy
iy,iy
axr,ih
m,m
gcl,dcl
q,q
t,p
axr,ix
r,iy
ch,ch
s,s
nx,l
kcl,kcl
n,n
q,ix
aa,aa
ix,ix
ax,ax
pcl,tcl
ay,ay
p,p
w,w
dh,d
bcl,bcl
ao,ao
er,er
kcl,kcl
r,r
ix,ix
v,dcl
ix,ix
l,l
r,r
k,k
dcl,tcl
dcl,pcl
th,k
l,l
l,l
ey,ey
ay,ay
iy,iy
l,q
aa,aa
bcl,dcl
pcl,bcl
axr,axr
k,k
m,m
w,w
oy,oy
l,l
ix,ix
s,s
ah,ah
pcl,pcl
pcl,pcl
k,kcl
ow,ow
m,m
ay,ax
w,w
ng,ng
ae,ae
p,p
er,er
ih,ih
tcl,dcl
aw,ae
sh,sh
kcl,kcl
ih,iy
m,n
kcl,pcl
tcl,tcl
ix,ix
ay,ay
ih,ey
gcl,gcl
dx,dx
ih,ix
hv,y
ih,r
n,n
ae,ae
aw,aw
er,er
kcl,kcl
ih,ih
ao,ow
ah,ax
p,p
d,sh
kcl,tcl
sh,sh
dcl,tcl
ay,ae
w,q
eh,oy
s,s
s,s
ih,ih
ay,ay
w,l
ae,ae
w,w
er,axr
k,k
dh,dh
gcl,dcl
ix,ix
q,q
er,r
ax,ax
q,q
ih,ih
m,m
ch,t
tcl,tcl
bcl,bcl
k,k
tcl,tcl
k,k
ix,ix
axr,r
eh,ih
iy,iy
r,aa
k,q
ey,ey
tcl,kcl
tcl,v
g,g
w,w
n,ix
ah,ah
el,el
th,tcl
ah,ae
v,v
ih,iy
n,n
m,m
g,dcl
r,r
ix,ix
k,k
ix,ax
iy,y
hh,hv
s,s
ux,ux
jh,jh
n,dcl
r,r
n,n
iy,iy
ix,ix
k,k
n,n
ix,y
ah,eh
f,th
r,r
kcl,kcl
r,r
ao,w
ux,ux
r,r
m,m
r,r
g,k
kcl,kcl
z,z
y,y
z,z
ih,eh
tcl,tcl
tcl,tcl
tcl,dcl
nx,bcl
ih,iy
pcl,pcl
dcl,dcl
r,r
pcl,pcl
iy,iy
kcl,tcl
s,s
n,en
iy,iy
r,r
gcl,n
l,l
r,r
r,r
t,k
iy,iy
l,l
f,f
r,r
ux,ux
kcl,kcl
iy,iy
tcl,m
ix,ix
dh,dh
ix,ix
ix,ix
tcl,tcl
bcl,bcl
th,th
ax-h,t
iy,iy
kcl,k
r,r
axr,ax
eh,eh
aa,ao
bcl,bcl
tcl,kcl
kcl,kcl
iy,iy
w,w
ow,ow
dh,dh
w,l
l,aw
w,w
dcl,tcl
iy,iy
dcl,dcl
iy,iy
l,l
tcl,kcl
iy,iy
ih,ih
z,z
m,m
iy,iy
ey,ae
ay,ey
uh,ax
tcl,kcl
m,m
s,s
er,axr
eh,eh
el,ax
aa,ao
ae,ae
ah,ix
r,r
bcl,kcl
f,f
ix,l
dh,dh
ux,ux
bcl,dcl
s,s
tcl,dh
n,n
uw,ux
pcl,tcl
w,l
ix,ix
n,m
aa,ao
ng,n
n,n
r,r
y,iy
ix,iy
dh,dcl
tcl,tcl
r,axr
dh,dh
ix,ix
ch,ch
kcl,kcl
tcl,dcl
n,n
q,tcl
ah,ah
iy,iy
iy,iy
m,m
s,s
gcl,gcl
k,k
y,y
l,q
r,r
p,p
hh,p
ae,ae
q,tcl
q,dcl
kcl,kcl
kcl,pcl
ow,ow
l,l
m,m
s,s
ow,ow
uw,ux
ax,dh
n,dcl
ax,l
ah,ah
aa,ao
el,l
ng,n
r,axr
ae,ae
ow,ow
v,tcl
nx,nx
ix,iy
ay,r
dcl,dcl
gcl,gcl
axr,axr
ah,ah
eh,ae
r,r
r,r
iy,iy
y,y
ow,er
w,w
tcl,m
v,v
k,k
ey,ey
eh,eh
r,r
sh,sh
p,k
tcl,tcl
ax,ax
l,l
ix,n
n,n
ix,ix
p,k
s,s
w,w
w,m
r,r
bcl,bcl
n,n
v,tcl
er,axr
ay,ay
iy,iy
ae,ae
ow,ow
w,w
bcl,tcl
l,l
k,k
k,k
n,ng
k,k
ax,l
ax,ax
ch,t
p,p
bcl,dcl
dcl,dcl
r,r
l,l
hh,p
r,r
ay,ay
dh,th
r,r
q,q
ix,ih
z,s
v,ix
dh,dx
v,v
l,n
dcl,dcl
t,t
iy,ix
gcl,dcl
n,n
ng,n
l,l
s,s
dx,dcl
ux,ux
ix,ih
n,n
z,sh
axr,axr
dx,ix
s,s
sh,sh
s,s
ow,ow
ow,ow
en,gcl
p,k
aa,aa
tcl,pcl
dcl,g
dh,dh
kcl,kcl
axr,iy
axr,r
bcl,bcl
iy,iy
aa,ao
r,r
ix,iy
tcl,kcl
s,s
tcl,tcl
dx,v
en,bcl
ix,ix
el,el
ey,iy
dx,dx
k,q
s,s
n,n
r,axr
ah,ah
tcl,tcl
s,s
iy,iy
zh,jh
ao,w
f,p
r,r
dh,m
f,f
pcl,pcl
s,s
m,m
dcl,dcl
dcl,dcl
aw,ow
kcl,tcl
sh,sh
l,l
q,q
ix,ix
l,l
ax,ix
ae,ae
sh,s
iy,ay
ay,aa
n,n
iy,iy
f,f
aa,ao
ih,iy
r,r
ow,ow
w,ah
k,k
gcl,kcl
ch,s
pcl,pcl
axr,er
p,p
axr,axr
en,en
aa,ae
tcl,pcl
pcl,tcl
bcl,dx
iy,iy
ch,jh
en,m
ax,ix
aa,ao
ix,ix
dh,dh
n,nx
m,g
k,k
n,n
ux,ux
ay,ay
tcl,tcl
eh,eh
n,n
ae,ae
y,y
iy,iy
ey,ey
l,l
t,k
l,l
sh,sh
t,t
aa,ah
v,v
kcl,tcl
ih,ih
iy,iy
er,er
w,w
s,s
pcl,tcl
kcl,kcl
l,l
aa,aa
ax,ah
ay,ay
f,f
ao,el
axr,axr
aa,ao
s,s
iy,iy
iy,iy
iy,iy
ah,ah
dx,dx
r,r
ax-h,hh
ae,ae
ey,ey
s,sh
iy,iy
s,s
eh,ae
f,f
ih,ih
n,n
ix,ix
ah,ah
ix,ix
f,f
l,l
ax-h,hh
er,r
l,w
pcl,kcl
ae,eh
bcl,tcl
z,z
hv,iy
r,r
p,p
eh,eh
ae,ae
p,p
r,r
bcl,m
r,r
g,k
iy,ix
ix,iy
f,f
bcl,bcl
t,t
iy,iy
kcl,kcl
hv,hv
n,n
w,w
dx,dx
tcl,tcl
r,r
aa,aa
t,t
aw,aw
m,m
m,m
ah,ax
dh,n
ae,ae
pcl,pcl
ch,ch
iy,iy
gcl,dcl
r,r
ix,ix
q,q
sh,s
f,f
iy,iy
ae,eh
r,r
s,s
ae,ae
ix,ix
ix,eh
ix,ix
ao,ao
ao,ao
iy,iy
tcl,tcl
ax,r
iy,ey
l,ao
iy,iy
n,dcl
axr,r
eh,ae
t,k
z,s
q,q
ux,ux
hh,p
n,n
z,z
n,n
pcl,kcl
ix,l
q,axr
s,s
eh,ix
pcl,tcl
bcl,dcl
r,r
er,er
pcl,pcl
t,t
f,f
kcl,kcl
z,z
dx,dcl
l,w
ng,ng
dcl,dcl
kcl,kcl
ux,r
iy,iy
ae,eh
z,z
l,el
ix,ix
ao,l
ey,ay
w,w
ix,ih
n,n
pcl,tcl
ax,ix
iy,iy
uh,l
tcl,tcl
s,s
s,s
ix,ix
k,k
k,k
r,axr
eh,axr
ey,ey
ay,ay
dcl,dcl
ch,ch
f,f
ih,ih
iy,iy
t,t
kcl,kcl
q,q
r,r
ae,ae
ih,ih
w,w
f,f
t,t
z,z
kcl,kcl
l,l
n,ng
w,w
ix,l
g,t
p,p
k,k
l,l
dx,jh
ix,ih
kcl,kcl
nx,nx
l,l
dcl,dcl
ah,ae
q,ix
tcl,dcl
th,th
ng,ng
w,w
t,t
hh,tcl
r,r
l,l
n,n
bcl,bcl
k,k
dcl,n
tcl,dcl
eh,ix
z,s
ow,ow
eh,eh
q,q
n,dcl
hh,hv
jh,jh
n,n
dh,k
ao,ao
ey,ey
ay,ey
s,s
t,t
s,s
m,m
ih,ix
k,d
axr,axr
ao,ao
gcl,kcl
t,p
m,n
ax,axr
t,t
s,s
g,k
r,r
r,r
axr,iy
y,y
v,v
ow,ao
iy,iy
aa,ao
t,dh
dx,nx
p,p
y,iy
k,k
kcl,kcl
w,l
l,l
m,m
z,z
l,l
tcl,tcl
kcl,kcl
ih,ih
s,s
pcl,pcl
k,k
bcl,dcl
ae,ae
ay,ay
en,eh
r,r
v,v
ae,ae
r,r
th,kcl
axr,axr
k,p
r,v
eh,eh
s,s
q,tcl
ix,ix
f,f
ih,ix
w,w
s,s
r,r
gcl,gcl
axr,ix
dcl,bcl
sh,jh
dcl,dcl
n,n
iy,ix
s,s
r,r
s,s
tcl,kcl
bcl,dcl
n,dcl
m,dcl
ey,ey
er,axr
hh,hv
ix,ix
w,w
f,f
kcl,dcl
r,axr
m,m
s,z
ix,iy
m,dcl
v,v
s,s
sh,s
iy,iy
r,ix
ng,ng
iy,iy
l,l
ix,ix
m,n
ih,ix
ao,r
hh,hh
k,k
r,r
iy,iy
dcl,dcl
n,n
s,s
d,t
sh,sh
r,dx
sh,sh
er,er
gcl,gcl
k,g
iy,iy
m,n
p,p
n,n
g,k
s,s
ih,eh
ae,ae
k,kcl
f,f
v,dh
tcl,tcl
aw,aw
ay,ay
ax,l
kcl,dcl
iy,iy
s,s
n,dh
f,f
eh,ey
el,ax
m,m
pcl,pcl
er,er
t,t
n,n
aw,ah
ux,ux
ng,ng
ow,ow
dcl,dcl
bcl,dcl
hh,y
ah,r
l,l
s,s
ix,ix
z,z
ae,ae
ah,ah
bcl,pcl
bcl,dcl
t,p
kcl,kcl
s,s
ow,ow
n,n
l,l
nx,ix
hh,hh
eh,eh
dx,dx
k,k
eh,ix
ix,iy
v,n
gcl,dcl
p,p
tcl,pcl
w,w
q,q
n,n
eh,eh
ng,ng
q,q
ix,r
nx,m
l,ax
ng,ng
em,m
tcl,dcl
gcl,dcl
l,l
dcl,kcl
l,l
iy,iy
z,s
f,f
iy,iy
kcl,kcl
axr,axr
ix,iy
ow,ow
kcl,tcl
t,k
ax-h,r
pcl,pcl
n,n
eh,eh
bcl,f
ux,ux
v,m
tcl,kcl
s,s
ix,ix
ey,ey
th,f
ow,ow
aa,aa
t,t
axr,er
n,n
ae,aw
aa,ay
ix,r
kcl,kcl
w,n
iy,iy
dcl,gcl
hv,p
ae,ae
ix,ix
r,r
bcl,dcl
s,s
r,r
k,k
ao,ao
ih,ix
ao,ah
iy,iy
aa,ao
axr,er
s,s
z,z
ix,ix
kcl,kcl
aa,aa
aa,ah
eh,ae
pcl,pcl
ow,uh
n,n
w,w
d,g
iy,iy
kcl,kcl
ux,iy
r,r
hh,hv
ay,ay
axr,r
s,s
dh,v
ow,ow
r,eh
aa,ay
iy,iy
q,kcl
z,z
tcl,tcl
ao,ao
kcl,kcl
axr,r
tcl,tcl
kcl,kcl
s,s
w,l
n,dcl
w,w
g,g
l,l
ow,ow
ay,ay
iy,iy
m,l
ch,sh
m,m
l,l
pcl,v
w,w
axr,r
ao,ao
ey,ey
f,f
axr,axr
n,n
dx,dx
jh,sh
v,v
n,n
n,n
r,r
r,r
ey,ey
dcl,dcl
ix,ix
m,m
z,z
axr,axr
kcl,kcl
n,n
iy,iy
ng,ng
er,axr
q,n
tcl,pcl
ax,ax
r,r
l,l
r,r
m,m
ux,y
s,s
ux,ux
uh,axr
l,iy
ix,ix
t,t
ao,ao
pcl,tcl
dx,dx
d,p
r,r
s,s
m,n
w,w
ao,ao
dcl,dcl
z,z
aw,aw
axr,er
uh,ih
w,w
dcl,pcl
r,r
ow,aw
r,r
kcl,tcl
s,s
ax,ax
t,t
s,s
ao,ao
l,m
bcl,pcl
ae,ae
ae,ae
ih,ih
axr,ix
ey,ey
sh,sh
iy,iy
ae,ae
er,er
kcl,pcl
w,uw
ih,eh
eh,eh
iy,iy
m,m
v,dh
w,w
k,k
s,sh
pcl,tcl
g,d
er,er
ax,ix
kcl,kcl
d,v
k,k
axr,r
n,r
g,g
ah,ah
pcl,dcl
f,f
t,t
g,g
t,t
jh,jh
axr,axr
y,dcl
l,l
d,k
axr,r
axr,axr
aa,ah
dh,dh
ix,ix
q,q
eh,r
z,s
ng,n
er,er
ih,ix
axr,axr
eh,ix
aa,aa
t,t
ay,ay
tcl,tcl
dx,dx
ey,ih
g,g
z,s
ey,ey
ax,ix
ux,r
l,ax
pcl,pcl
nx,nx
iy,iy
ih,ih
n,m
g,g
ux,iy
s,s
r,axr
ih,ix
iy,iy
ay,ay
n,n
l,l
l,l
ix,ix
aa,aa
r,r
dx,dx
tcl,tcl
tcl,dcl
s,s
w,m
s,s
tcl,tcl
dh,dh
s,s
sh,sh
k,k
aa,aa
tcl,q
eh,ix
ax,ix
dcl,bcl
v,v
s,s
dcl,tcl
l,l
tcl,kcl
m,m
v,v
q,q
s,s
dcl,dcl
r,r
p,q
w,w
m,m
ow,ow
sh,sh
w,w
d,t
kcl,gcl
axr,r
kcl,q
dcl,n
m,m
s,s
s,s
th,s
ae,eh
gcl,dcl
ay,ay
t,k
eh,eh
eh,ah
t,t
r,r
q,ix
aa,ao
sh,sh
ay,ae
ix,ix
ax,l
tcl,kcl
ay,ay
w,w
nx,nx
l,q
ae,ae
sh,sh
ix,ix
n,n
th,tcl
ow,ow
kcl,kcl
tcl,tcl
ix,ix
l,l
ux,ux
aa,aa
sh,sh
r,r
ix,ix
t,q
ih,y
ih,ih
tcl,kcl
pcl,kcl
er,axr
l,ax
dcl,dx
iy,iy
s,s
tcl,tcl
ae,ae
kcl,tcl
iy,iy
ix,ix
ix,ix
hv,v
g,k
iy,iy
ix,ix
s,s
s,s
ih,r
ih,ax
eh,eh
s,s
w,w
hv,hv
n,n
ae,ae
el,l
ae,ae
axr,er
p,p
r,ix
eh,iy
ix,ix
eh,eh
z,z
kcl,kcl
dcl,dcl
ux,ux
f,f
iy,y
hh,k
dcl,dcl
eh,eh
v,v
l,ix
sh,sh
k,k
ah,aa
v,r
sh,sh
t,t
axr,axr
hh,p
d,sh
iy,iy
gcl,dcl
pcl,pcl
v,v
f,f
s,s
m,m
g,d
ow,l
ah,er
s,s
dh,dh
ux,iy
pcl,pcl
ah,aa
w,w
g,g
iy,iy
ih,ih
dh,v
ix,ix
f,p
tcl,tcl
kcl,tcl
q,q
tcl,dx
eh,eh
q,axr
ax,ax
k,k
ay,ay
gcl,dcl
aa,aa
z,z
r,r
ao,ao
bcl,bcl
s,s
w,w
kcl,kcl
iy,iy
q,q
t,t
z,z
ao,r
kcl,kcl
ow,ow
ix,iy
iy,iy
er,r
z,z
k,k
bcl,dcl
ay,ay
q,q
ux,iy
kcl,gcl
w,w
aw,ah
er,r
iy,iy
ae,eh
w,w
r,r
gcl,dcl
dcl,dx
ah,ah
s,s
p,p
ah,ah
tcl,tcl
ix,ix
p,p
t,t
axr,axr
iy,iy
iy,iy
kcl,tcl
r,r
ih,ih
ao,ao
eh,l
eh,eh
n,n
er,ux
ih,eh
k,k
iy,iy
pcl,tcl
f,f
g,dx
aa,r
ix,ix
pcl,pcl
s,s
gcl,bcl
f,f
en,n
v,v
ae,eh
z,s
axr,axr
w,l
ah,aa
r,r
dcl,dcl
th,f
ax,ax
pcl,pcl
pcl,tcl
l,l
hv,hv
ih,iy
dcl,dcl
gcl,kcl
l,l
iy,iy
iy,iy
w,w
z,ix
ih,r
m,m
pcl,kcl
k,g
tcl,kcl
ay,ay
axr,ix
r,r
ax,dh
ng,ng
n,n
ao,ao
n,n
ix,ix
l,v
s,s
pcl,pcl
l,l
ix,ix
kcl,kcl
s,s
s,s
y,q
sh,sh
ih,ih
q,q
bcl,dcl
ih,ih
ae,eh
kcl,tcl
axr,r
er,axr
n,dh
gcl,m
t,dh
ix,ix
eh,eh
ix,ix
s,sh
ay,ay
iy,iy
z,z
ng,n
er,axr
aa,aa
aa,ah
ux,ux
k,t
g,p
ey,ay
dcl,kcl
m,m
ix,iy
ae,ae
ux,ux
iy,iy
n,n
ax-h,k
k,k
ao,ao
kcl,kcl
r,r
ih,ih
r,r
w,w
tcl,tcl
ix,ih
dcl,tcl
ay,aa
el,q
dh,y
ah,ah
ux,ux
sh,sh
kcl,kcl
ix,iy
ix,ix
iy,ih
jh,jh
v,v
iy,iy
r,r
hh,p
jh,jh
s,z
l,l
ah,ae
q,ix
g,g
f,f
l,l
pcl,dcl
l,l
l,l
ux,ux
q,tcl
ow,ow
er,r
ey,ey
uw,ow
hh,k
ux,ux
ix,ix
ao,ao
n,m
ih,iy
s,s
l,l
s,s
ix,ix
s,s
aa,aa
r,axr
ao,aa
ay,ey
ix,ix
tcl,kcl
uw,uw
ih,ih
ae,ae
nx,n
v,v
s,s
y,iy
iy,iy
n,n
bcl,bcl
hh,hh
dcl,tcl
kcl,kcl
ix,ix
ae,ae
z,z
y,tcl
iy,iy
ih,ix
q,ax
iy,iy
pcl,bcl
ix,ix
w,l
ix,ix
iy,iy
t,s
kcl,kcl
aa,aa
ax,ax
bcl,tcl
ux,ux
ax,l
kcl,dcl
ix,ix
f,f
g,g
aa,r
k,k
dx,dx
er,ao
dh,dh
m,m
ih,ih
ix,eh
el,ow
dcl,tcl
r,r
ih,ix
ng,ng
aa,aa
en,r
sh,s
dcl,pcl
n,n
y,dcl
q,ah
ae,ae
pcl,pcl
oy,oy
n,n
l,l
aa,aa
sh,sh
l,ax
d,pcl
ao,ao
r,aa
r,r
ay,ix
s,sh
eh,eh
v,v
r,r
tcl,tcl
kcl,tcl
dh,dh
q,ax
l,l
bcl,pcl
q,q
f,f
k,q
ah,ae
ih,ih
z,z
s,s
r,r
n,ix
kcl,kcl
th,s
ah,aw
hh,hh
ow,aw
eh,ix
ng,n
hh,p
iy,ix
n,n
hh,p
er,er
kcl,kcl
t,k
k,k
tcl,tcl
q,w
l,l
axr,axr
ax,axr
ch,jh
sh,s
kcl,kcl
ey,ey
y,y
ih,l
ae,ae
f,s
er,er
m,m
q,p
z,z
z,z
tcl,dcl
aw,ae
oy,oy
ax,ix
r,r
eh,ix
s,s
p,p
y,ux
n,m
t,t
tcl,pcl
tcl,pcl
ey,iy
d,t
r,r
s,s
aw,aw
l,ax
er,r
ah,ow
jh,jh
n,n
ih,iy
hh,hv
bcl,bcl
pcl,pcl
tcl,kcl
l,l
eh,r
iy,iy
f,f
ao,r
ix,ix
hh,hh
dcl,kcl
n,n
z,jh
ux,ux
iy,y
s,s
ix,ix
q,q
aa,l
gcl,m
n,n
t,t
uh,iy
sh,s
z,z
pcl,tcl
kcl,dcl
ux,ux
t,ax-h
ix,ix
ih,ey
f,f
q,q
w,w
s,s
m,m
n,n
k,p
axr,axr
g,q
eh,eh
ix,ix
aa,ao
r,ix
r,aa
er,r
dx,iy
k,s
w,w
axr,er
eh,ow
t,t
gcl,n
ch,t
tcl,z
d,dh
z,s
er,ix
z,z
f,f
ix,l
dx,k
k,k
m,m
ow,ng
eh,eh
tcl,pcl
z,z
n,n
dh,dh
ao,ao
r,r
s,s
tcl,tcl
ix,dh
dh,n
s,s
axr,ix
n,m
n,dh
ao,w
r,r
n,m
n,n
iy,iy
ao,ao
ao,ao
sh,sh
tcl,kcl
f,k
ux,ih
ae,ae
ix,ix
pcl,pcl
n,n
m,m
ix,ux
ih,ux
tcl,kcl
g,kcl
ux,ux
kcl,tcl
uh,ih
y,y
z,s
z,z
ae,ae
ix,ix
dcl,tcl
y,q
ae,ae
ix,eh
th,th
y,iy
z,s
pcl,pcl
f,f
axr,ih
w,w
ao,ao
q,q
tcl,dcl
ux,r
l,ax
f,p
t,d
t,tcl
z,s
axr,axr
ix,eh
ao,q
ih,ix
z,z
ey,ey
iy,iy
eh,ae
el,w
r,ux
s,s
f,f
t,t
dcl,bcl
n,m
ix,ix
bcl,bcl
dcl,tcl
s,s
k,k
n,n
ax,ax
ix,n
ey,ey
jh,jh
w,w
ah,eh
q,q
ix,ih
q,q
iy,iy
s,s
l,l
oy,oy
m,dh
m,m
dcl,dcl
ae,eh
en,n
iy,iy
t,p
m,m
ih,iy
ix,ix
s,s
r,r
q,q
d,t
iy,iy
l,l
axr,axr
bcl,dcl
eh,ix
z,s
iy,iy
t,t
dcl,dcl
eh,eh
oy,oy
p,p
n,n
ax,ix
tcl,kcl
nx,m
gcl,dcl
axr,r
kcl,kcl
ay,ay
r,axr
eh,eh
jh,zh
ey,ih
k,k
iy,iy
tcl,pcl
iy,ix
z,s
gcl,gcl
axr,axr
ng,n
kcl,kcl
dcl,dcl
l,l
n,n
bcl,bcl
m,n
g,k
r,r
eh,eh
k,p
ow,ow
k,t
hh,hv
k,s
n,gcl
ao,ao
y,iy
d,t
nx,dx
w,m
kcl,tcl
l,l
z,s
s,s
ch,t
z,z
k,k
tcl,dcl
ix,ix
q,q
ah,ow
ae,ae
ih,ih
ay,ay
ey,ix
p,kcl
dcl,dcl
r,m
pcl,tcl
kcl,kcl
ae,ae
p,p
v,dcl
q,q
s,s
hh,k
dcl,dcl
er,r
ao,ao
ay,r
ih,ey
jh,jh
s,s
aa,aa
ay,ey
ey,iy
iy,iy
k,k
ae,ae
m,m
er,er
dh,n
dx,dx
aa,ay
pcl,pcl
m,m
l,l
tcl,n
kcl,tcl
m,m
kcl,kcl
m,m
pcl,pcl
s,s
sh,sh
aa,aa
tcl,tcl
ih,ix
ow,el
l,l
n,n
ih,ih
dcl,gcl
v,v
ih,ih
q,q
ae,ae
f,f
f,f
l,l
iy,iy
m,m
dx,dx
ix,ax
f,f
eh,ah
tcl,dcl
iy,iy
n,n
ao,ao
n,n
axr,axr
ih,ix
tcl,kcl
dx,dx
k,kcl
ix,ix
ux,y
jh,jh
ix,ix
ix,iy
m,dcl
iy,iy
n,n
ey,iy
s,s
er,axr
s,s
sh,sh
g,k
l,n
axr,r
bcl,bcl
z,s
p,p
r,r
uh,ax
pcl,kcl
f,f
iy,iy
eh,ae
gcl,kcl
ux,ux
ux,ux
aa,aa
dcl,tcl
ih,ih
ux,uw
ay,aa
kcl,kcl
ax,ah
s,z
f,f
ih,ix
p,p
axr,r
f,f
eh,eh
er,er
tcl,kcl
hh,pcl
ix,ih
ah,ah
n,n
n,n
ae,ae
s,s
ix,ix
pcl,pcl
ay,ay
s,s
el,el
jh,k
dcl,dcl
ae,ae
r,r
ao,aa
ae,ae
gcl,dcl
r,r
aa,ae
ae,ae
s,s
iy,iy
th,f
s,s
f,f
ix,ix
w,w
d,jh
z,z
ix,ix
s,s
kcl,kcl
n,n
z,z
k,k
eh,ix
n,n
y,r
er,er
ah,r
dx,n
r,r
d,r
pcl,kcl
th,pcl
v,v
ng,n
l,n
r,ax
ow,ow
s,t
sh,sh
t,s
k,k
sh,s
ay,ay
eh,r
d,k
uw,uw
r,r
q,q
y,iy
z,s
ae,ae
ax-h,t
s,s
aa,aa
m,m
q,iy
s,k
s,s
n,n
s,s
ow,ow
z,z
z,z
n,n
v,v
dcl,dcl
ih,iy
ih,ih
ih,ae
y,dx
r,er
ah,ah
ax,l
ae,ae
iy,iy
en,n
m,n
ao,ao
q,q
g,p
tcl,tcl
s,s
eh,eh
m,w
iy,r
ax,ax
ix,ix
m,dcl
aw,ah
p,k
ux,ax
dx,dx
ax-h,dcl
l,l
ux,ix
r,r
ix,ih
aw,aw
dcl,dcl
iy,ix
l,r
ah,ae
ae,ae
ix,l
b,p
l,ax
kcl,kcl
f,f
k,k
el,l
ae,ae
ix,ix
v,v
aa,aa
t,t
dcl,dcl
s,z
l,l
axr,axr
hh,p
m,n
aa,ah
dh,n
n,n
t,dh
m,m
kcl,gcl
iy,iy
s,s
bcl,bcl
n,nx
v,v
kcl,kcl
kcl,kcl
en,n
aa,aa
g,k
l,ow
k,k
axr,axr
ae,ae
kcl,kcl
ch,t
v,v
ix,ix
el,l
r,r
t,t
ae,ey
iy,iy
tcl,tcl
iy,ix
n,n
kcl,tcl
w,w
ih,ih
l,l
ow,ao
ae,ae
s,s
p,p
ax,ix
y,ix
ix,ax
tcl,tcl
v,tcl
w,w
aa,aw
jh,jh
ix,ax
aa,ah
gcl,iy
sh,sh
t,t
ih,ix
l,l
l,l
kcl,kcl
axr,ix
t,p
ao,ao
l,l
n,dx
iy,iy
f,f
q,q
eh,eh
r,axr
er,axr
p,p
aa,aa
pcl,pcl
ow,ow
iy,iy
ih,ih
jh,jh
q,q
gcl,bcl
kcl,kcl
z,s
dcl,dcl
bcl,bcl
bcl,bcl
f,pcl
w,w
iy,iy
ix,dh
f,f
n,n
dx,q
ay,ay
v,v
f,f
ay,ay
n,n
er,er
m,m
z,s
l,l
ih,ix
ix,ix
tcl,tcl
jh,jh
eh,y
ey,ey
tcl,dcl
t,g
n,n
kcl,gcl
k,k
tcl,dcl
r,r
ay,ay
kcl,kcl
t,t
ih,ih
t,dh
er,er
eh,eh
pcl,pcl
iy,iy
l,l
w,l
l,l
n,n
m,m
ae,ae
gcl,gcl
iy,ix
v,y
hh,hh
r,r
r,r
dcl,dcl
r,r
f,t
dcl,dcl
kcl,bcl
aa,ao
ay,ay
tcl,pcl
nx,n
ae,ae
bcl,bcl
iy,iy
l,ng
gcl,kcl
aa,aa
pcl,tcl
ao,aa
ao,ao
ey,ey
aw,aw
ix,ix
g,k
pcl,pcl
gcl,dcl
q,q
ah,aa
l,l
tcl,tcl
dcl,tcl
er,er
y,y
tcl,pcl
t,t
z,z
dcl,dcl
ih,ix
eh,eh
ae,ae
ih,ih
axr,er
m,m
ax,ix
t,jh
tcl,dh
em,m
dcl,dcl
r,r
z,z
l,l
y,iy
en,n
r,r
w,w
ay,ay
s,z
r,r
r,r
kcl,kcl
z,z
dx,n
n,en
k,p
ax,l
w,n
ay,aa
ix,ix
t,t
gcl,gcl
n,n
ix,ix
s,s
p,k
f,f
y,y
p,p
d,t
w,w
tcl,kcl
q,q
ax,ax
y,y
tcl,kcl
ow,ae
q,kcl
m,ng
ae,ae
aa,aa
axr,er
ih,ae
kcl,kcl
ah,ao
ax,l
axr,ux
t,jh
n,n
y,y
z,z
ax-h,b
y,y
kcl,kcl
z,s
r,r
ix,ix
ih,ix
r,r
gcl,kcl
ih,ix
t,t
r,r
kcl,dcl
dcl,dcl
z,s
hv,hv
ix,ix
ah,ax
k,k
dh,dh
aw,aw
w,w
iy,iy
iy,iy
l,m
gcl,dcl
gcl,dcl
ix,l
jh,jh
axr,er
q,ix
uh,ax
el,el
kcl,kcl
z,z
s,s
ae,ae
ax,l
ix,ax
tcl,iy
l,l
iy,iy
ow,ow
ao,ao
iy,iy
ix,ix
er,er
ix,ix
ow,ow
r,r
k,k
tcl,tcl
ae,ih
sh,sh
l,r
ix,ix
q,w
l,w
axr,axr
ae,ae
l,l
y,y
ah,aw
axr,ix
z,z
eh,ix
axr,er
aa,ao
n,n
m,n
r,r
l,l
iy,iy
kcl,pcl
axr,ux
pcl,tcl
hh,p
f,f
ix,iy
ix,ih
aa,aa
ah,ah
p,p
uw,ix
sh,sh
hh,p
n,n
k,k
ix,q
r,r
r,r
iy,iy
f,dh
el,q
ix,ix
iy,iy
z,s
ax,ax
ae,eh
pcl,pcl
f,f
ng,n
jh,jh
pcl,pcl
aa,aa
er,axr
dx,ix
ae,ay
ae,ae
ax,ax
oy,oy
dx,dx
jh,jh
aa,aa
ih,ix
uh,w
r,aa
s,z
ix,iy
hh,hh
bcl,bcl
k,p
ix,ix
l,l
kcl,kcl
axr,axr
b,t
ey,ey
l,l
ux,ux
r,r
s,s
dcl,dcl
f,f
w,w
ae,ae
t,t
ih,ih
er,er
eh,eh
y,y
s,s
l,l
w,w
dh,dh
sh,sh
ix,ix
v,p
y,ix
eh,ih
axr,axr
kcl,kcl
iy,iy
ix,eh
ix,n
axr,axr
q,tcl
eh,ah
pcl,tcl
ux,ux
iy,iy
ay,ay
iy,iy
hv,hv
t,t
ey,ey
ng,ng
b,v
sh,sh
s,s
l,l
s,s
v,v
s,s
tcl,tcl
dcl,dx
n,n
l,l
dcl,gcl
t,t
ax,ax
ah,eh
z,s
pcl,pcl
l,m
v,z
axr,er
ih,ih
s,s
eh,eh
iy,iy
eh,eh
dh,dh
ch,sh
kcl,kcl
q,tcl
ey,ey
s,s
dcl,dcl
iy,iy
ix,ix
l,l
m,m
ay,ay
m,m
ao,l
ey,ey
dx,dx
f,f
ao,ao
w,w
s,s
kcl,kcl
r,r
ae,eh
m,m
s,s
ix,ix
tcl,tcl
dh,dh
ix,iy
t,p
iy,ey
ax,ow
ao,ao
ix,ix
g,p
tcl,gcl
ae,eh
k,k
m,n
ix,iy
t,ch
oy,oy
er,axr
v,k
iy,iy
ix,ix
kcl,kcl
th,dh
tcl,tcl
r,r
n,n
l,ao
kcl,kcl
ng,ng
r,r
r,r
ae,ae
pcl,tcl
kcl,tcl
iy,iy
hh,hh
r,r
ix,ey
s,s
l,l
v,v
k,k
ix,ix
axr,r
ix,ix
ix,ih
m,m
em,l
r,r
ey,ey
dcl,dcl
v,v
iy,iy
gcl,dcl
hh,p
dcl,dcl
p,f
ix,ah
ay,ay
tcl,tcl
aa,aa
ah,ah
ih,ix
l,ax
r,l
w,w
pcl,pcl
iy,ux
s,s
ng,n
k,k
iy,iy
n,tcl
ax-h,ah
uw,uw
ao,ao
ix,ix
oy,oy
kcl,kcl
axr,axr
axr,axr
l,l
dcl,dcl
tcl,dcl
m,m
r,r
sh,sh
ix,ix
k,k
dx,dh
w,w
pcl,dcl
m,bcl
t,t
s,s
tcl,dcl
nx,n
r,r
hv,hv
eh,ih
kcl,pcl
w,w
n,n
hv,hv
ux,iy
f,f
nx,dx
ax-h,k
k,k
axr,ix
ax,ax
f,f
f,f
q,w
sh,sh
axr,axr
bcl,pcl
hh,hh
l,l
r,r
s,s
l,l
ix,ix
ix,ix
ae,ae
q,q
y,iy
pcl,dcl
jh,t
th,th
pcl,pcl
er,er
iy,hv
hh,t
kcl,pcl
m,m
l,l
ax-h,q
ow,ow
p,p
iy,iy
iy,iy
ng,ng
el,l
ao,ao
z,z
aa,ao
tcl,dcl
tcl,pcl
iy,iy
ix,q
s,s
pcl,tcl
t,t
axr,axr
th,th
v,f
k,k
ix,y
gcl,gcl
ih,ae
iy,iy
l,g
ao,l
ax,ih
n,ng
iy,iy
eh,eh
t,t
kcl,kcl
er,ih
ao,ao
ey,ey
t,t
ng,ng
g,k
ih,ih
ow,eh
v,bcl
aw,aw
s,s
dcl,pcl
kcl,tcl
dcl,dcl
dcl,dcl
oy,oy
axr,ey
dh,kcl
ix,q
n,n
z,z
k,k
bcl,m
iy,iy
q,q
l,l
r,r
z,z
m,m
en,n
z,s
k,d
s,s
k,p
er,er
ey,iy
r,er
ae,ae
ax,l
s,s
dcl,pcl
ix,ix
ch,jh
q,q
aa,aa
ix,ix
ih,iy
f,f
eh,eh
s,s
sh,sh
ow,aw
y,iy
pcl,tcl
iy,iy
ao,er
aa,ao
t,t
eh,eh
r,r
kcl,tcl
k,k
d,dh
dh,dh
dh,l
ux,ux
iy,iy
ay,ay
w,w
s,s
z,z
oy,ow
g,p
s,s
n,n
dx,dx
q,q
eh,ae
tcl,pcl
r,r
pcl,kcl
tcl,kcl
axr,axr
iy,iy
dh,dh
uw,m
q,q
t,t
ax,ax
ah,ah
ae,ae
iy,iy
ih,ih
ao,ao
gcl,dcl
ng,n
dh,dh
r,axr
eh,r
tcl,tcl
en,ix
n,ix
t,dh
s,s
axr,axr
f,f
tcl,tcl
m,m
s,z
iy,iy
ix,ix
tcl,tcl
l,l
ae,ae
ux,ux
ix,ix
ae,hv
g,g
tcl,kcl
k,k
sh,sh
ae,ae
q,q
iy,iy
iy,q
ix,ix
r,r
er,er
z,z
f,f
bcl,dcl
iy,iy
eh,ih
jh,s
eh,ix
l,uw
kcl,kcl
n,m
eh,eh
dcl,dcl
s,sh
tcl,dh
l,l
ih,ih
k,k
ey,eh
dcl,dcl
axr,axr
er,axr
ae,ae
t,d
n,m
l,l
ey,ae
w,w
ae,ae
eh,ey
l,l
dcl,dcl
r,axr
r,ax
iy,iy
ah,ah
kcl,kcl
el,el
aa,ae
q,n
ah,aa
ax,ix
ch,jh
ix,n
r,r
ow,ow
d,dh
p,p
ow,ow
q,q
q,iy
ah,ah
bcl,bcl
er,axr
er,er
hv,hv
ay,ay
q,q
oy,oy
ax,ix
ih,ih
ah,ax
w,uw
s,s
ih,ix
bcl,bcl
eh,eh
ah,ah
er,axr
sh,sh
kcl,tcl
ay,ay
l,l
b,p
v,v
l,l
axr,axr
ow,ow
eh,eh
r,r
sh,sh
ah,ow
ix,ix
ae,ae
tcl,n
iy,iy
s,s
v,v
r,r
m,w
ih,ix
ch,ch
tcl,tcl
v,v
iy,iy
ae,ae
r,r
s,s
l,l
k,k
eh,ow
r,r
n,n
s,s
axr,q
n,n
ao,ao
y,y
bcl,bcl
s,s
n,n
ix,ix
pcl,pcl
p,p
dx,dx
y,y
f,f
ix,ix
bcl,kcl
er,er
l,ow
ae,ae
iy,iy
dcl,dcl
m,m
n,n
tcl,tcl
r,r
t,t
ix,ix
kcl,kcl
v,kcl
ow,ao
tcl,pcl
k,p
iy,iy
r,r
n,m
ix,ix
l,w
s,s
l,l
z,s
q,q
iy,iy
n,n
s,s
ao,w
ae,ae
el,axr
eh,ix
ux,ux
el,el
r,r
bcl,dcl
ih,ah
eh,ih
p,kcl
ae,ae
w,w
dh,dh
ng,n
sh,s
q,q
ax,ax
r,r
m,n
ay,r
s,z
q,dx
f,f
ix,ix
z,z
ae,ae
iy,iy
ix,ax
l,l
l,el
s,s
ey,iy
s,s
l,l
kcl,kcl
r,r
w,r
s,s
ix,ix
ch,t
ix,iy
p,p
ae,ae
axr,axr
g,g
pcl,pcl
dh,dcl
r,ax
ey,ey
ih,ih
tcl,tcl
k,k
aa,aa
q,q
l,uw
sh,sh
k,k
dcl,dcl
eh,eh
iy,iy
s,s
tcl,dcl
axr,axr
p,p
q,ih
ax,ih
aa,ao
ay,ay
f,kcl
ae,ae
r,r
q,ix
ax,l
kcl,dcl
s,s
r,r
l,l
ax,ax
er,er
l,l
aa,aa
aa,aa
sh,f
r,ix
iy,iy
axr,axr
l,ax
aw,aw
k,k
sh,s
pcl,kcl
z,s
f,f
iy,iy
ax,ax
s,s
ih,ix
n,ng
ax,ix
s,s
s,s
n,n
s,s
l,l
ih,ih
aa,aa
ix,ix
ix,ix
ix,q
th,th
dh,dh
iy,axr
m,m
dh,dcl
s,s
gcl,dcl
uw,ux
tcl,kcl
ix,ix
ix,ix
ae,aa
f,f
l,l
nx,n
ix,ix
ix,ih
er,axr
dh,dcl
tcl,kcl
ax-h,dcl
ih,ix
q,q
ax-h,hh
n,n
aw,aw
dcl,bcl
ae,ae
k,k
y,y
n,n
oy,oy
ao,ao
kcl,kcl
m,m
dh,tcl
bcl,dcl
iy,iy
z,z
ao,ow
hh,hh
n,n
dh,dh
m,m
pcl,pcl
w,w
r,r
ae,ae
ey,iy
dh,v
ae,ih
dcl,tcl
kcl,kcl
iy,iy
l,l
ih,ih
s,s
ao,ao
tcl,tcl
n,dcl
kcl,kcl
ao,ao
s,s
ix,ix
l,l
p,p
iy,r
eh,ae
tcl,k
m,m
k,k
uh,ix
iy,iy
n,dcl
t,t
ix,ix
iy,iy
f,dh
eh,eh
ey,ey
ah,axr
n,ng
ae,ae
s,s
ix,ix
kcl,kcl
t,d
th,dh
w,w
aa,ah
ae,ae
n,n
z,z
ao,ao
l,l
oy,oy
ix,ix
ae,ae
ey,ey
kcl,kcl
ey,ey
iy,iy
v,v
aa,aa
s,s
z,z
n,n
tcl,tcl
eh,ix
ao,ao
w,l
ow,ow
q,k
ix,ix
kcl,tcl
ih,ih
s,sh
dh,f
ay,aa
w,l
m,m
dcl,dcl
ix,ix
ix,ix
k,k
axr,axr
s,s
el,l
l,l
oy,oy
q,q
n,n
aa,aa
ah,ah
axr,er
iy,iy
iy,iy
ah,l
ay,ay
er,axr
iy,ih
f,z
tcl,tcl
n,n
k,k
q,q
iy,iy
z,z
dh,bcl
f,f
kcl,kcl
iy,iy
oy,oy
tcl,dcl
tcl,dcl
eh,ae
tcl,dcl
d,d
n,l
ey,ey
aa,ao
ih,eh
s,s
ay,ay
s,s
dcl,dcl
ax,ax
ow,ow
l,l
s,s
ey,ey
iy,iy
m,m
ah,r
ah,ix
t,t
v,v
ey,ih
s,s
m,m
aa,ah
iy,iy
f,f
ih,ux
ix,ix
s,s
r,r
d,d
sh,s
eh,eh
v,tcl
ix,ix
axr,m
aw,ah
m,m
el,el
el,q
ix,ih
r,r
hh,hv
kcl,kcl
w,w
gcl,w
z,z
ae,ae
ay,ay
iy,iy
aw,aw
aw,aa
axr,r
aw,aw
kcl,kcl
dx,dcl
th,th
pcl,kcl
n,n
ax,ix
sh,sh
th,t
l,ng
eh,ae
aa,ay
ao,ao
tcl,kcl
ae,ae
hh,k
ix,ih
r,w
l,l
ih,ih
iy,iy
en,n
ay,ay
oy,oy
tcl,n
eh,ix
ix,ix
sh,sh
iy,iy
ae,ae
k,k
s,s
sh,s
aa,ah
m,n
n,n
n,n
n,m
f,p
gcl,dcl
ix,ix
iy,iy
n,n
v,v
ix,ix
gcl,dcl
z,s
z,s
ux,ux
ae,ae
dx,q
t,kcl
tcl,tcl
ao,ah
w,l
l,l
d,tcl
uw,uw
ao,ao
s,s
q,q
dx,k
ng,m
ax-h,hv
iy,ih
ix,ix
k,k
s,z
iy,iy
em,m
r,r
l,l
ix,ax
s,s
aa,ao
ix,ix
ix,ux
gcl,dcl
iy,iy
n,n
kcl,dx
ah,aa
sh,sh
tcl,q
iy,iy
eh,aw
tcl,tcl
bcl,kcl
l,w
aa,aa
gcl,n
iy,ih
r,r
s,s
ay,ay
l,l
ih,ix
eh,eh
sh,f
l,l
m,m
ix,ix
aa,ao
k,k
kcl,kcl
s,s
iy,iy
s,s
dh,dx
r,iy
dh,dh
q,q
hv,hv
bcl,bcl
ih,ih
ix,ix
m,m
ey,ey
ah,ah
el,ax
y,y
m,m
aa,aa
ey,ey
th,th
sh,s
dcl,dcl
tcl,tcl
ix,ix
iy,iy
ix,ix
dcl,dcl
oy,oy
axr,r
g,d
er,er
eh,r
v,v
ih,ux
ax,ih
kcl,kcl
q,q
ih,iy
ch,ch
l,r
p,f
ix,ix
ih,ih
l,l
l,l
ih,ih
k,k
el,l
v,v
ix,ax
t,d
tcl,tcl
ix,ux
ix,ix
hv,hv
ax,ax
dcl,dcl
n,n
ix,ix
axr,ix
ix,ix
tcl,dcl
m,m
n,n
q,q
er,er
ae,ae
r,ae
ng,n
hh,hh
t,hh
n,n
ix,ix
k,k
dcl,dcl
n,n
kcl,kcl
n,n
ih,ih
n,n
kcl,kcl
ax,l
ae,ae
ih,ux
jh,jh
z,z
ch,ch
iy,iy
l,m
en,m
n,n
eh,eh
z,ax
d,d
iy,iy
s,s
s,s
dcl,w
ey,ey
eh,axr
uh,l
l,l
l,l
dcl,kcl
axr,r
ih,r
ix,ix
r,r
d,dcl
r,r
ix,y
ih,ey
ix,ix
aa,ay
g,k
tcl,dcl
axr,r
ax,ax
ax,ix
aa,oy
tcl,dcl
n,ng
iy,q
ih,ix
r,axr
m,m
kcl,kcl
dh,dh
eh,ae
eh,ae
m,m
aa,aa
r,r
eh,ae
s,s
axr,axr
aa,aa
ax,ax
aa,aa
tcl,pcl
ow,ow
w,w
l,l
aa,aa
ix,ix
iy,iy
g,k
hh,hh
ah,ax
ix,ix
n,m
ng,ng
ah,ae
tcl,dcl
iy,iy
dcl,n
hv,hh
el,el
ae,ae
ax,l
ih,eh
ih,eh
ax,ix
dcl,dcl
n,n
dh,t
b,p
n,m
f,f
ix,ix
ae,ae
axr,axr
k,k
r,r
ih,ih
n,tcl
ah,ah
ix,dx
axr,ih
q,q
ix,ix
ch,jh
kcl,kcl
v,v
er,er
ih,iy
n,n
axr,ix
kcl,kcl
dcl,dcl
ih,iy
axr,er
aa,ah
dx,dx
y,y
eh,eh
dcl,kcl
g,w
k,k
l,l
r,r
ix,ix
kcl,kcl
s,s
m,bcl
t,q
eh,ae
pcl,pcl
ix,ix
uh,ux
dh,v
k,k
ae,ae
v,v
p,p
s,s
q,q
z,z
er,er
axr,q
axr,ax
iy,iy
n,n
aa,ao
ih,ih
l,l
t,t
iy,iy
f,f
s,s
n,n
ih,ey
ah,ah
ax,ax
p,p
t,t
t,t
oy,oy
aa,aa
ah,ah
uh,ax
g,k
kcl,kcl
ae,ae
hv,iy
ih,ih
dcl,dcl
ix,ih
ax,ix
ah,ah
n,n
s,s
s,s
k,k
el,el
ay,ey
aw,aw
dcl,dcl
iy,iy
nx,n
p,p
dcl,dcl
axr,kcl
q,q
ax,ax
ix,ax
jh,jh
ae,ae
n,n
gcl,pcl
ao,ao
iy,iy
er,axr
ih,ax
iy,iy
r,r
z,z
r,hv
hv,hv
v,v
q,ix
z,z
dh,dh
g,g
m,m
uw,ax
l,l
q,q
g,k
l,dh
p,p
eh,eh
eh,er
s,s
z,s
ao,ao
kcl,tcl
pcl,pcl
f,f
iy,iy
ih,ey
ix,ax
eh,ey
s,s
n,n
ih,ih
ix,ix
axr,axr
aa,aa
q,dx
ih,ih
z,z
tcl,tcl
eh,eh
r,ux
w,l
l,l
gcl,dcl
l,l
oy,oy
m,n
ao,ao
eh,ae
kcl,kcl
aa,aa
n,n
f,f
q,q
b,g
ax,ax
gcl,gcl
r,r
pcl,kcl
ow,ow
ay,ay
ix,hv
er,er
m,m
r,ix
g,g
er,er
sh,sh
g,g
s,s
ah,ah
m,m
ih,eh
v,v
tcl,pcl
er,axr
th,th
s,s
aa,ao
w,w
m,n
ow,ow
sh,s
er,axr
ih,l
q,q
ix,ih
iy,iy
r,n
iy,iy
t,p
dcl,kcl
tcl,f
kcl,dcl
iy,iy
f,f
ix,ix
ih,hv
ax,l
q,axr
n,n
ae,ae
iy,iy
iy,iy
m,m
w,l
dx,dx
m,m
ay,ay
tcl,tcl
ay,ay
ah,ae
ix,ix
w,w
tcl,tcl
ah,ah
iy,iy
s,s
iy,iy
ng,m
l,l
iy,iy
ng,dcl
f,f
sh,ch
ux,y
l,w
dcl,dcl
ao,ao
kcl,kcl
n,n
ux,ux
iy,ih
iy,iy
dh,dh
k,k
dh,tcl
r,ix
r,r
p,p
ae,ae
ao,ax
kcl,tcl
t,t
s,s
el,l
er,r
ow,ow
n,n
axr,axr
l,l
s,s
ih,ih
er,er
dcl,pcl
q,q
r,r
axr,axr
tcl,dcl
v,v
k,k
k,k
ax,ax
l,l
ow,ow
eh,eh
ih,ih
gcl,dcl
l,l
q,q
ux,ux
f,f
ao,ao
eh,eh
ih,ih
dcl,pcl
t,t
w,m
y,ng
n,n
ay,ay
er,er
b,w
q,q
f,f
v,axr
ih,ih
gcl,gcl
ae,ae
nx,m
r,ax
kcl,kcl
er,er
g,k
ix,iy
ay,eh
k,g
dh,p
ih,iy
kcl,k
ao,aa
axr,ax
eh,eh
ch,p
bcl,m
ih,iy
s,s
iy,iy
s,s
pcl,pcl
ow,ow
n,n
iy,iy
t,t
jh,sh
kcl,tcl
axr,axr
m,m
ih,ey
ao,aa
eh,eh
dh,kcl
ow,ow
eh,ae
kcl,kcl
ih,ix
ih,ix
en,n
ih,ix
l,l
d,jh
dcl,dcl
tcl,kcl
ix,ix
b,p
ax,ix
ah,ow
axr,axr
s,s
s,s
sh,sh
eh,eh
iy,iy
aa,aa
n,n
l,w
tcl,kcl
r,m
f,f
ix,ix
dh,z
w,w
p,p
ix,iy
ix,axr
iy,iy
l,l
t,t
ao,aa
ax,ax
hv,hh
ae,ae
m,n
ix,axr
r,r
l,l
d,t
ih,iy
m,m
ix,ix
ch,ch
r,r
v,f
n,n
iy,iy
aa,aa
n,n
q,q
tcl,tcl
ey,ey
dcl,bcl
s,s
t,s
dcl,dcl
m,n
ix,l
w,w
q,q
m,dcl
dcl,dcl
n,dx
r,r
pcl,pcl
s,sh
tcl,kcl
ih,er
dh,dh
ay,ay
eh,n
ng,ng
bcl,dcl
d,d
dcl,dcl
ae,ae
dh,f
kcl,dcl
r,r
q,kcl
y,y
ux,ux
sh,s
el,el
ah,ah
n,n
s,s
w,w
ay,ay
ih,ih
dh,dh
r,r
v,hh
ix,ih
hv,iy
z,m
ah,ah
k,k
v,dcl
s,s
ow,ow
y,y
s,s
ix,ix
oy,oy
dcl,dcl
m,m
tcl,kcl
ax,l
s,s
ch,ch
ix,dh
ow,ow
tcl,tcl
ao,ao
q,q
g,g
bcl,tcl
iy,iy
ax-h,dh
s,s
axr,eh
eh,eh
b,p
s,s
tcl,dcl
nx,n
n,n
ih,ih
jh,jh
el,l
er,axr
axr,axr
d,d
l,l
ix,iy
n,n
kcl,kcl
kcl,kcl
tcl,kcl
m,m
q,tcl
r,aa
ae,ae
w,l
pcl,dcl
l,l
r,r
s,s
p,p
n,ng
ix,iy
tcl,q
ix,iy
jh,t
p,jh
k,k
el,l
ay,ay
iy,iy
ao,ao
aa,ow
w,w
ey,ix
n,n
aw,aw
iy,iy
ix,eh
q,w
ax,l
eh,ah
aa,aa
sh,sh
r,r
z,s
sh,sh
kcl,kcl
ih,ih
r,r
er,axr
uh,ah
l,q
tcl,kcl
l,l
iy,iy
er,er
aa,er
ow,l
z,z
ix,ix
s,t
l,l
q,q
iy,iy
iy,iy
dh,dcl
pcl,pcl
k,k
ax-h,k
dcl,tcl
z,z
k,k
s,s
kcl,tcl
s,s
iy,iy
ix,ix
ay,ay
iy,iy
r,r
n,n
eh,eh
iy,iy
iy,iy
ey,ey
kcl,pcl
ih,ih
n,m
tcl,dcl
iy,iy
r,r
dh,dcl
r,dx
r,r
oy,oy
r,r
pcl,pcl
nx,n
ey,ey
l,q
ix,ix
dcl,dcl
q,q
k,g
ix,ix
el,el
m,m
ah,ax
iy,iy
ih,l
k,g
r,axr
dh,dh
iy,iy
iy,iy
tcl,tcl
ay,ay
kcl,kcl
eh,ih
gcl,kcl
ng,bcl
f,f
r,r
ah,ao
dcl,tcl
jh,jh
w,w
ix,ix
kcl,tcl
ao,oy
ae,ae
eh,ix
w,w
v,v
w,w
ch,jh
aa,aa
ae,ae
m,m
ah,ow
dcl,tcl
pcl,tcl
ow,ow
dcl,tcl
tcl,kcl
y,y
ay,ay
d,d
ix,ix
kcl,kcl
ae,ae
pcl,pcl
dcl,dcl
s,s
y,r
ix,ix
t,t
ao,ao
eh,eh
ay,ay
ah,ao
eh,ow
m,m
ux,iy
dh,v
r,r
q,q
ch,k
tcl,tcl
t,t
hv,hv
tcl,kcl
pcl,kcl
oy,oy
m,m
w,w
n,m
ih,ih
m,m
kcl,pcl
ix,ix
y,y
eh,eh
ay,ay
r,r
l,ow
ix,ix
t,t
m,m
k,d
kcl,tcl
n,ng
z,jh
n,dcl
k,k
kcl,kcl
m,m
p,p
tcl,tcl
dcl,dcl
r,eh
ih,ix
s,s
ix,ix
s,s
iy,iy
gcl,dcl
ae,r
eh,ae
ay,ae
r,r
kcl,tcl
ah,ah
er,er
n,m
v,m
kcl,kcl
r,r
ah,ax
f,f
n,dcl
ix,ih
kcl,kcl
s,s
ih,ih
m,ux
er,er
aa,ao
r,r
ax,ae
t,ch
n,n
n,q
l,l
ey,iy
d,v
ih,ih
bcl,bcl
s,s
iy,iy
ae,eh
tcl,kcl
pcl,tcl
aw,aw
kcl,kcl
iy,iy
w,w
dh,f
tcl,dcl
v,ix
d,t
l,r
ax,l
r,er
gcl,gcl
ix,y
iy,iy
f,p
ae,ae
iy,iy
ih,iy
f,f
tcl,tcl
ao,ay
pcl,pcl
ch,t
ng,gcl
pcl,pcl
q,ax
t,t
l,l
gcl,kcl
ay,oy
p,tcl
nx,nx
r,r
bcl,bcl
f,f
n,n
ow,axr
tcl,kcl
bcl,dcl
eh,eh
jh,iy
iy,ix
kcl,pcl
nx,dx
z,z
r,r
z,th
r,r
n,n
s,s
ey,ey
eh,eh
hv,hv
y,y
w,w
s,s
dcl,dcl
m,m
ey,iy
ix,ix
bcl,n
l,ix
ux,ux
z,z
aa,aa
ah,ah
z,dcl
ah,ah
g,dh
l,ow
ih,ih
r,r
axr,l
s,s
ae,ae
kcl,kcl
ae,ae
m,n
bcl,bcl
iy,iy
y,hv
k,k
r,en
w,w
f,f
z,th
ih,iy
r,axr
r,r
v,v
s,s
ix,ix
p,p
dx,dx
bcl,bcl
ih,ih
ih,iy
n,n
jh,r
eh,aw
ux,ng
t,t
ao,ao
r,r
s,s
en,n
m,m
r,r
ah,ae
ux,iy
q,kcl
ix,ix
w,w
axr,er
ae,ae
ah,ax
z,s
bcl,dcl
iy,iy
s,s
t,g
iy,iy
tcl,kcl
q,q
dh,dh
sh,sh
ow,ow
m,m
q,tcl
w,w
n,m
n,r
r,r
r,ax
m,m
v,v
sh,s
ix,iy
n,n
axr,er
m,v
pcl,pcl
axr,axr
s,s
axr,axr
dh,dh
ix,ix
axr,axr
kcl,kcl
y,jh
l,l
s,s
r,r
sh,sh
ax,ax
r,r
axr,r
ow,ow
ih,ih
ow,ow
kcl,tcl
ae,ae
tcl,pcl
tcl,tcl
ih,ix
k,p
n,n
ah,ah
dx,dx
ey,iy
ah,ax
ax,v
hh,hh
ao,aa
el,q
ah,ah
s,s
m,n
ux,ux
q,iy
tcl,tcl
n,n
ih,ix
r,r
tcl,v
w,l
aa,aa
w,l
n,n
ey,ey
s,t
ih,ih
kcl,kcl
r,axr
kcl,kcl
n,dcl
z,z
p,p
ux,ux
ao,w
n,n
m,n
g,g
er,er
ax-h,tcl
bcl,dcl
f,f
l,l
k,p
r,axr
pcl,dcl
l,l
l,l
l,n
p,p
axr,m
l,ix
el,w
ae,ae
z,z
z,v
pcl,pcl
ow,ao
l,l
eh,eh
s,s
dh,th
ih,ix
ae,ae
er,ih
m,m
dh,v
ix,ix
dx,dx
q,q
l,l
ay,aa
ah,aa
pcl,kcl
l,m
aa,aa
k,k
er,r
s,s
d,t
dcl,dcl
t,dh
s,s
iy,iy
ih,ix
ix,ix
iy,ux
ah,eh
ow,el
l,ow
zh,z
kcl,dcl
l,l
r,r
s,s
kcl,kcl
gcl,dcl
eh,ae
pcl,pcl
ix,ix
ix,ix
sh,sh
ae,r
ao,w
k,dh
hh,n
t,t
dx,n
m,m
dcl,dcl
en,m
ey,ey
z,z
aa,aw
ax,ax
f,s
gcl,bcl
kcl,kcl
eh,ih
t,d
ow,ow
aa,ao
n,dcl
ix,ux
ih,axr
pcl,pcl
ih,ix
kcl,kcl
nx,l
s,s
el,el
iy,iy
m,m
n,m
er,er
m,n
ao,ao
t,t
p,p
axr,er
tcl,tcl
l,n
r,r
eh,eh
ah,ah
z,z
er,er
ax,eh
er,er
w,dcl
oy,oy
n,n
ix,ix
dh,v
er,r
ih,ih
k,k
ax,m
z,z
z,p
l,uh
ix,ix
dcl,tcl
kcl,dcl
l,l
iy,iy
ax-h,ax
eh,ax
k,k
k,k
ey,ey
kcl,kcl
m,m
ax,ax
b,d
kcl,kcl
w,w
q,tcl
gcl,tcl
ix,ix
r,oy
ix,ix
t,t
ah,ah
z,s
oy,oy
ux,ux
ax,ix
ay,ay
ix,r
t,t
dh,s
ix,ix
l,l
ax,l
ah,ax
ux,iy
iy,iy
bcl,v
v,v
ih,iy
jh,jh
k,n
iy,iy
ix,ix
ae,ix
s,s
s,s
aa,aa
hv,hv
z,z
uh,ah
r,eh
f,f
f,f
ix,ax
tcl,kcl
axr,ix
pcl,kcl
dcl,bcl
l,l
iy,iy
dh,tcl
tcl,dcl
bcl,bcl
kcl,kcl
r,l
axr,axr
z,z
k,f
iy,ix
f,f
p,p
tcl,tcl
s,s
v,v
w,l
hh,p
w,w
r,axr
z,z
eh,er
pcl,tcl
p,p
ih,ih
k,k
k,k
s,s
s,s
ao,w
n,ng
r,r
k,k
kcl,kcl
pcl,kcl
ix,ix
axr,axr
tcl,tcl
ae,ae
ae,ae
ih,ay
kcl,hh
t,t
ah,r
kcl,kcl
dcl,dcl
eh,eh
w,w
kcl,kcl
ah,ah
ey,iy
g,g
oy,oy
eh,eh
t,sh
w,l
jh,k
z,z
gcl,dcl
kcl,dcl
ih,ih
f,f
tcl,dcl
n,ix
s,s
er,r
sh,sh
f,f
ey,ey
ae,ae
r,r
m,m
r,r
z,s
jh,jh
n,n
ix,ix
gcl,dcl
s,s
tcl,dcl
ae,ae
dcl,bcl
hv,r
ax,axr
dcl,dcl
axr,er
p,k
dh,dh
ih,ix
d,t
kcl,kcl
l,ix
m,n
n,n
g,g
y,dh
q,ix
l,l
kcl,kcl
r,r
er,ae
ix,ix
l,l
n,m
ae,ae
th,z
ah,eh
kcl,kcl
hv,hv
t,jh
ae,ae
ay,ay
ah,n
ah,ah
tcl,tcl
ix,ix
eh,iy
r,r
ix,w
aa,r
el,el
l,w
pcl,pcl
el,l
ih,ix
n,n
ax,r
iy,y
n,n
t,t
ow,ao
v,v
jh,t
l,ax
ax,ax
axr,er
ae,ae
z,z
ix,ux
kcl,kcl
ix,ix
dh,dh
d,p
ih,iy
s,s
er,er
ix,ix
ix,ix
uw,uw
ah,eh
dx,y
ae,ae
dx,ax
kcl,kcl
kcl,kcl
r,r
r,aa
r,axr
z,z
s,s
p,k
z,z
v,v
ey,iy
ah,eh
z,z
ix,q
q,axr
ae,eh
hh,hh
ix,eh
l,dh
eh,eh
w,w
f,f
jh,jh
l,l
s,s
y,iy
ae,ae
ah,ow
kcl,pcl
d,t
ah,ay
en,n
f,f
dh,d
s,s
m,m
m,m
ow,ow
q,q
ow,l
k,k
en,m
ax,ax
bcl,dcl
w,l
ao,ao
n,m
m,m
v,z
z,s
q,q
ow,ow
l,l
ih,ih
tcl,tcl
l,l
axr,dx
l,l
kcl,kcl
axr,er
z,z
l,ax
m,m
k,k
ao,aa
s,s
dh,v
l,l
iy,iy
kcl,tcl
s,s
tcl,tcl
ih,ix
z,s
p,kcl
l,l
r,r
l,l
axr,er
l,m
l,l
ix,ix
ih,ih
tcl,dcl
ih,eh
ix,ix
t,t
ax,ah
q,q
r,r
ix,q
ix,eh
tcl,tcl
axr,ng
d,dcl
z,z
w,m
ae,ae
z,z
v,v
axr,axr
hh,k
iy,iy
tcl,tcl
ay,ay
tcl,tcl
w,w
f,f
dh,kcl
v,v
ax,ix
jh,jh
r,ix
eh,eh
t,t
axr,er
v,v
aa,ah
k,kcl
s,s
l,l
dh,dcl
iy,ix
q,q
ax,ih
ao,ao
er,axr
el,l
pcl,pcl
v,v
ae,ae
m,m
ey,ey
ay,aa
aa,ao
z,s
n,n
m,m
axr,axr
bcl,bcl
ih,iy
ae,ae
eh,ih
ix,eh
d,d
k,k
kcl,kcl
f,f
aa,aa
ih,eh
aa,ao
s,sh
r,r
z,dcl
sh,sh
tcl,pcl
ix,ix
kcl,kcl
ih,ix
iy,iy
f,f
s,s
dcl,dcl
w,w
oy,oy
ih,eh
sh,sh
s,s
kcl,kcl
l,l
ix,ix
n,v
n,n
eh,ax
en,m
iy,iy
n,ix
eh,ih
aa,ao
ey,iy
dh,dh
ix,ix
hv,ix
ix,ix
s,s
uh,ow
kcl,kcl
p,p
hv,y
eh,eh
v,v
m,m
p,p
n,n
aa,ay
ih,axr
l,l
f,f
ao,l
v,v
eh,eh
l,l
kcl,tcl
n,n
el,w
y,y
axr,er
dh,dh
s,s
l,l
l,l
t,t
z,z
ae,ae
r,r
d,d
eh,ax
kcl,kcl
eh,eh
dh,n
nx,n
m,m
ax,dh
w,w
k,k
w,ux
ih,eh
ix,ih
ix,ix
l,n
ih,ih
dcl,dcl
eh,ae
s,s
r,r
gcl,gcl
aa,aa
ae,ae
g,g
ix,ax
axr,r
ix,dx
ao,ao
ux,iy
uh,ah
sh,sh
tcl,tcl
ix,ix
bcl,bcl
r,r
jh,jh
s,s
s,s
axr,axr
ix,nx
iy,iy
z,z
ah,ae
iy,iy
v,v
bcl,kcl
n,n
ae,ae
r,r
ax,ix
k,k
l,l
er,er
axr,ux
iy,iy
tcl,kcl
t,t
v,f
r,r
kcl,kcl
ay,ay
iy,iy
k,p
ih,eh
s,s
dcl,dcl
l,l
ao,ao
er,er
oy,oy
ix,ix
kcl,kcl
s,s
aa,ah
er,axr
s,s
tcl,kcl
uh,uh
aa,ao
z,z
sh,sh
ax,m
ao,ao
n,n
aa,aa
ao,ao
q,q
eh,eh
aa,aa
s,s
gcl,dcl
q,y
ao,m
ix,ix
n,m
w,w
er,er
n,m
ux,ux
iy,iy
tcl,pcl
t,t
aa,aa
iy,ih
iy,ix
v,dcl
y,iy
s,s
ix,eh
ah,ah
l,l
n,m
ao,ao
dh,dh
sh,sh
eh,ey
y,y
ix,ux
ax,ix
ih,ih
gcl,gcl
ix,ix
z,z
aa,aa
k,k
gcl,dcl
iy,iy
ax,ax
dcl,dcl
axr,ix
d,t
ay,ay
n,m
f,f
ae,ae
q,q
ih,ix
dh,dh
p,p
ey,ix
ah,ax
ng,n
l,p
aa,aa
ux,ux
ow,ow
l,ix
dcl,dcl
er,er
dcl,dcl
iy,ix
k,k
s,s
pcl,pcl
kcl,kcl
z,f
m,m
k,kcl
axr,ix
l,w
kcl,kcl
z,z
ix,dh
ih,ix
ih,ix
ih,ix
z,z
r,r
er,er
m,m
ax,ix
ae,ae
ae,ae
r,r
q,q
dx,dcl
b,p
r,ix
ux,axr
r,ix
z,s
iy,iy
dh,dx
ix,eh
kcl,kcl
aa,er
l,ow
gcl,dcl
eh,ey
dx,dcl
axr,axr
axr,axr
axr,er
dx,dcl
bcl,bcl
iy,iy
eh,ae
nx,nx
r,er
z,z
w,dcl
z,s
ih,axr
w,w
ah,ah
eh,er
l,l
iy,iy
ao,ao
ow,ax
en,en
bcl,dcl
q,el
tcl,tcl
w,w
sh,sh
m,m
kcl,kcl
r,r
iy,iy
ix,dx
th,th
bcl,bcl
pcl,kcl
ax,ah
p,p
ah,ow
n,l
ax,ax
r,r
n,n
ae,ay
m,m
g,k
n,n
dh,dh
f,f
n,n
ah,ax
jh,ch
hh,hh
ix,ax
dx,dx
ih,ih
w,w
iy,iy
ey,ey
aa,aa
ow,ow
t,dh
dcl,dcl
ux,iy
r,r
hv,iy
ng,n
l,l
l,m
jh,t
sh,sh
oy,oy
dx,dx
v,ix
ih,ah
ix,ix
z,s
dcl,dcl
aa,ao
k,k
ih,ax
pcl,pcl
ih,eh
s,s
iy,iy
kcl,tcl
bcl,dcl
r,r
z,z
k,k
w,w
q,q
gcl,n
ux,m
ao,er
ux,ix
n,n
ay,eh
sh,sh
n,ng
n,ng
ao,ao
eh,ae
z,s
kcl,kcl
l,l
iy,iy
ay,ay
s,s
l,w
ix,ix
dcl,dcl
ax,ax
iy,iy
s,s
ay,ay
dh,dcl
gcl,dcl
d,dcl
eh,ix
z,z
ah,ah
s,s
kcl,kcl
ae,ae
ix,ix
s,s
t,t
ih,ix
q,q
dcl,tcl
aa,ao
ae,ae
g,q
r,r
aa,aa
r,axr
ix,ey
el,l
s,s
dcl,v
ih,ih
er,eh
ix,n
kcl,kcl
t,t
m,m
s,s
ae,ae
v,v
pcl,tcl
ey,iy
ay,ay
th,f
s,s
ix,iy
dcl,dcl
l,l
bcl,bcl
axr,er
bcl,dcl
ao,l
axr,ix
p,p
eh,eh
r,r
ux,ih
s,z
tcl,tcl
s,s
t,t
ae,eh
q,ix
n,n
l,l
ax,ix
dx,dx
s,s
ow,ow
en,n
t,t
ao,ao
oy,oy
bcl,tcl
t,t
r,axr
l,ao
ao,ao
eh,eh
kcl,kcl
th,s
w,w
dh,l
s,s
ay,ay
r,r
ax,ix
ae,ae
m,n
ae,ae
dcl,tcl
dcl,dcl
k,k
l,m
ax,ix
kcl,dcl
tcl,tcl
iy,iy
y,hv
ah,ix
ih,q
r,r
s,t
ae,ae
ux,uw
tcl,tcl
aa,aa
m,m
r,r
z,z
q,q
l,ao
tcl,gcl
kcl,kcl
aa,aa
ng,v
dx,kcl
y,y
t,p
t,t
n,n
dcl,kcl
ix,ix
ax,ix
p,p
bcl,bcl
axr,ix
ux,ux
ae,ix
ax,ax
w,w
iy,iy
w,w
k,p
l,l
l,l
th,f
iy,iy
l,l
iy,iy
n,m
m,m
r,r
axr,axr
p,q
ey,oy
s,s
aw,aw
n,n
t,p
iy,iy
q,aa
g,k
p,p
ao,ao
z,s
dcl,dcl
r,axr
dh,n
ax,ix
ay,ay
gcl,gcl
ng,n
iy,iy
ax,ax
dh,dcl
k,p
bcl,bcl
dcl,dcl
sh,k
ow,ow
ay,ae
z,z
f,f
k,k
nx,n
tcl,pcl
kcl,tcl
ao,aa
q,ix
tcl,kcl
hv,iy
s,s
iy,iy
er,axr
n,m
f,dh
jh,jh
dcl,dcl
s,s
z,z
er,axr
ey,ey
ae,ae
ih,ih
hv,hv
ax,ix
r,r
ay,ay
k,k
el,ax
m,m
bcl,bcl
ey,ey
dx,dx
jh,jh
ix,ix
sh,s
pcl,tcl
ix,ix
eh,eh
hv,hv
y,y
l,l
axr,axr
gcl,gcl
kcl,kcl
s,sh
ix,dcl
r,axr
bcl,bcl
dx,dx
el,l
ih,ih
ow,ow
ih,iy
p,p
sh,sh
ey,ey
er,er
bcl,bcl
q,q
q,q
ng,ng
er,er
s,s
r,n
n,n
l,l
tcl,tcl
f,f
axr,r
ux,ux
nx,n
th,th
ao,ao
k,k
ow,ow
t,t
ix,ix
ih,ih
axr,er
s,s
ao,r
kcl,pcl
s,f
ey,ey
ax,ax
tcl,kcl
ah,aa
t,t
jh,jh
axr,dx
t,p
sh,sh
ax,dh
m,m
ah,ah
s,z
v,dcl
ng,n
bcl,bcl
ow,ix
bcl,bcl
ih,eh
iy,iy
ae,ae
tcl,tcl
l,l
ax,ax
r,axr
q,n
ae,ae
v,v
gcl,gcl
b,p
ih,ih
n,m
n,n
uh,ah
v,dcl
ix,ix
ix,dx
aa,aa
s,s
t,f
pcl,tcl
ah,ah
n,dcl
r,r
g,n
l,l
tcl,pcl
axr,axr
s,s
g,k
s,s
ey,iy
w,r
l,l
s,s
l,l
ng,m
r,er
z,z
l,l
ix,ix
bcl,bcl
dh,dh
kcl,kcl
ao,aa
iy,iy
ax,aa
l,l
n,n
kcl,kcl
s,s
y,y
l,l
tcl,tcl
s,sh
tcl,tcl
l,ng
z,sh
t,t
w,w
s,s
w,q
g,k
ow,ow
ax,uh
ax,ax
dcl,dcl
dx,ax
hv,hv
axr,ao
tcl,dcl
k,k
gcl,dcl
s,s
q,q
axr,axr
m,m
q,q
axr,r
ow,ow
axr,ey
k,k
q,q
iy,iy
k,k
dh,dcl
ao,ao
iy,r
q,q
ax,ax
l,ax
l,l
iy,iy
dcl,dcl
r,ax
dx,dx
s,s
oy,oy
l,l
eh,iy
l,w
g,r
ux,ux
aa,aa
dcl,dcl
s,s
m,n
tcl,tcl
kcl,kcl
iy,ix
iy,ix
hh,k
m,m
ux,ih
n,n
n,n
aa,aa
f,f
ix,iy
f,f
iy,y
dcl,dcl
iy,iy
k,k
ae,ae
ae,ae
tcl,tcl
dh,dh
ao,ao
ae,ae
ah,aa
ay,ay
eh,l
tcl,tcl
m,m
sh,sh
g,g
p,p
ae,ae
r,r
ae,aa
iy,iy
ow,ow
t,t
iy,q
iy,ey
dx,ix
aa,ao
n,n
kcl,kcl
ah,aa
er,er
f,f
sh,sh
ax-h,en
z,z
l,el
s,s
w,w
w,w
gcl,dcl
ix,iy
nx,n
er,r
w,w
eh,er
eh,eh
jh,jh
ao,ao
ix,ix
ax,ah
t,t
t,t
ah,axr
ix,ix
n,dcl
hh,p
tcl,tcl
pcl,tcl
dx,dcl
hh,hh
n,n
z,z
s,s
ah,ax
l,l
m,m
z,z
s,s
n,n
eh,ih
n,m
l,l
l,l
l,ix
w,r
r,ix
ax,ix
ae,ae
iy,iy
w,w
ax,ix
l,l
l,l
iy,iy
n,n
ow,ae
el,el
ao,w
ih,uh
m,n
ae,eh
ix,ax
l,l
iy,iy
tcl,tcl
iy,iy
eh,ix
eh,eh
iy,iy
ay,ay
l,ax
gcl,kcl
kcl,kcl
ix,ih
nx,dx
s,s
sh,sh
ay,ao
y,y
hv,k
l,y
dcl,dcl
bcl,ng
en,n
t,jh
bcl,dcl
tcl,tcl
ow,l
kcl,tcl
n,m
hv,hv
ih,ih
ey,iy
tcl,n
ay,aw
t,k
n,n
w,r
z,z
dcl,dcl
k,k
ix,ix
m,n
ay,ah
n,n
hv,hv
ih,ix
q,q
sh,sh
gcl,bcl
l,l
tcl,dcl
ih,ix
b,p
l,l
r,r
q,q
kcl,kcl
y,y
s,s
k,k
t,k
kcl,kcl
iy,iy
el,el
w,w
r,r
v,v
ux,ux
s,s
ix,ix
ix,ix
ux,ih
s,s
m,m
ao,ao
eh,ae
ae,ae
n,n
p,p
ey,ey
ah,eh
aw,aw
n,n
q,ix
z,z
ax,ax
ix,ih
k,k
kcl,kcl
kcl,pcl
gcl,gcl
r,er
y,y
hv,hv
sh,sh
eh,ih
m,m
kcl,kcl
kcl,kcl
k,k
q,q
er,er
iy,ix
m,m
uw,ax
ux,iy
ae,ae
aa,aa
g,k
tcl,pcl
r,m
v,v
m,m
ix,v
ih,iy
s,s
kcl,tcl
aa,axr
iy,iy
r,r
er,r
w,w
ih,ix
tcl,tcl
ih,eh
s,s
t,t
ey,ey
ah,ah
dcl,dcl
ae,ae
n,m
tcl,q
el,ao
ay,ae
w,ax
ey,ey
r,r
iy,iy
iy,ix
m,m
kcl,kcl
zh,sh
r,axr
s,s
pcl,tcl
s,s
aa,aa
l,l
l,w
sh,sh
s,s
kcl,kcl
aa,aa
uw,uw
hh,hh
v,bcl
en,m
dcl,dcl
axr,r
k,k
bcl,tcl
ah,ah
ao,ao
tcl,tcl
aa,aa
ey,ey
t,t
k,k
ix,ix
ax,n
tcl,kcl
ix,y
pcl,pcl
p,hh
ix,z
aa,q
w,w
r,r
w,w
m,m
bcl,bcl
z,z
uw,uw
w,w
p,t
s,s
sh,sh
n,n
ih,eh
ey,ey
ax,ix
n,dcl
kcl,kcl
eh,ae
ah,ah
ao,ao
t,q
gcl,gcl
n,n
ae,ae
n,n
z,z
eh,eh
ix,r
n,n
en,n
r,r
ch,jh
aa,aa
iy,iy
r,r
dcl,dcl
m,m
k,k
eh,ix
dx,n
er,er
w,m
p,p
ih,ih
l,aa
q,q
ao,ao
g,kcl
n,n
tcl,dcl
n,n
ao,ao
s,s
ah,r
ey,ey
k,k
k,k
w,el
m,m
r,r
l,n
g,g
ay,ay
dcl,dcl
ae,ay
ae,ae
k,t
nx,n
bcl,bcl
ux,y
n,m
aa,aa
k,k
axr,axr
r,r
ih,r
q,ix
ix,ih
z,z
k,k
t,t
ey,ey
el,w
ae,ae
ow,ow
gcl,dcl
g,g
ux,ux
ix,ih
ix,ix
er,er
pcl,tcl
ay,ay
s,f
ih,ih
gcl,dcl
l,ax
v,v
n,dcl
s,s
iy,iy
aa,aw
r,r
ae,ae
y,y
m,m
s,s
s,s
w,w
m,n
kcl,kcl
y,iy
uw,ix
ux,ux
ax,ax
dh,dcl
m,m
ao,ao
k,k
r,axr
ih,ih
ao,ow
dx,dx
r,r
f,f
r,r
eh,eh
er,er
z,z
iy,iy
hh,hh
er,er
el,el
ah,ah
s,s
kcl,kcl
n,ng
t,d
axr,axr
ax,ax
iy,ux
m,dcl
ih,iy
p,p
bcl,dcl
ix,ix
n,k
ix,axr
ae,ae
q,t
tcl,tcl
m,r
n,n
y,y
ih,iy
ae,ay
gcl,dcl
v,ix
s,sh
ao,w
f,f
ae,ae
axr,axr
axr,axr
ux,ux
ix,ax
oy,oy
n,n
aa,aa
tcl,tcl
dcl,v
jh,jh
el,ow
tcl,kcl
z,z
dh,dh
ih,ih
k,k
r,r
v,v
iy,ih
eh,ix
s,s
ay,ay
kcl,kcl
n,n
r,r
dx,gcl
jh,jh
ah,ay
ae,ae
iy,iy
ao,aa
dx,dx
eh,uh
axr,er
pcl,dcl
tcl,tcl
axr,er
l,l
z,z
g,k
pcl,pcl
s,s
iy,iy
ao,ao
ix,ix
ih,ih
ch,sh
s,s
gcl,dcl
r,r
p,p
y,y
m,m
g,g
v,v
ay,ay
ao,ao
ix,iy
k,pcl
n,n
r,r
tcl,kcl
oy,oy
g,g
v,v
er,axr
g,k
s,s
n,n
f,f
l,l
y,y
ae,ae
dh,kcl
eh,iy
s,s
aa,ay
p,p
ow,ow
s,s
r,r
g,g
m,n
jh,jh
eh,ay
kcl,kcl
sh,sh
aa,aa
ax,ix
k,k
s,s
s,s
pcl,kcl
m,n
dh,l
axr,axr
n,n
ix,ix
y,y
ah,aa
s,f
tcl,bcl
n,m
r,ix
dh,dh
l,r
s,s
n,n
t,th
axr,ih
sh,sh
kcl,tcl
oy,oy
m,m
ae,ae
eh,eh
eh,ix
jh,jh
f,f
ix,ix
axr,axr
tcl,tcl
ix,iy
m,m
tcl,pcl
ax,ax
n,n
eh,ae
ah,ae
ix,ix
ah,ah
dx,dx
ix,ix
ux,p
iy,iy
ng,nx
s,s
iy,iy
pcl,dcl
iy,iy
hh,p
aa,ah
v,v
z,s
eh,ae
dcl,kcl
axr,axr
n,n
v,l
dcl,dcl
aa,aa
ih,iy
s,s
k,k
er,er
n,ix
el,w
s,s
sh,sh
n,n
p,k
dh,k
z,s
tcl,tcl
iy,iy
kcl,tcl
aw,ae
s,s
er,er
ae,ae
tcl,dx
s,sh
dcl,dcl
iy,iy
iy,iy
m,n
iy,iy
w,w
k,k
t,jh
ey,ey
ix,ix
m,n
hh,hh
ao,ao
dcl,dcl
kcl,tcl
b,dh
tcl,tcl
aa,ao
kcl,kcl
axr,er
l,q
hv,hv
jh,jh
z,s
m,m
r,r
tcl,tcl
l,l
q,q
ax,r
f,f
kcl,kcl
dh,dh
l,l
n,n
ih,y
ao,ao
dcl,kcl
iy,iy
aa,r
l,l
r,er
eh,ah
s,s
q,q
k,tcl
tcl,pcl
axr,axr
tcl,kcl
l,ax
ao,ao
ux,ux
tcl,kcl
dh,z
ih,ih
r,r
g,k
w,w
axr,axr
bcl,bcl
ae,ix
ow,ow
s,s
y,y
n,n
ng,ng
ae,ae
ao,r
r,r
dcl,dcl
ah,ah
gcl,dcl
ay,ae
sh,s
dh,n
n,n
iy,ih
er,axr
t,t
ay,ay
dh,dh
m,m
dh,d
v,v
gcl,gcl
s,f
r,r
dcl,l
y,ux
ax,ax
kcl,pcl
tcl,tcl
k,k
y,iy
z,z
ey,ey
m,ix
q,r
aa,aa
t,t
s,s
iy,iy
w,w
sh,sh
ae,ae
l,l
ih,ix
el,l
t,p
eh,ae
ih,er
s,s
l,ix
kcl,kcl
axr,r
m,n
t,d
ow,el
eh,eh
iy,iy
r,r
s,s
n,l
n,n
tcl,tcl
s,s
s,s
ao,ao
f,f
ih,ux
s,s
l,l
ao,ow
kcl,tcl
d,p
ng,n
p,p
aa,ah
kcl,dcl
n,n
nx,ax
z,z
ao,ao
iy,iy
ay,ay
v,ix
ix,l
sh,sh
ao,ao
dx,dx
iy,iy
ay,ix
tcl,kcl
ix,ah
hv,hh
axr,er
iy,iy
th,f
ih,ix
l,l
kcl,kcl
p,p
el,ow
q,q
pcl,pcl
p,p
tcl,kcl
z,z
n,n
eh,eh
r,axr
hh,hv
s,s
ae,ae
iy,iy
y,y
ae,ae
pcl,pcl
ey,ey
n,m
t,t
er,axr
ih,ih
w,w
aa,aa
ay,ay
z,jh
ix,ix
ih,iy
r,r
eh,eh
s,s
y,iy
eh,eh
r,r
n,n
ay,ay
n,n
dcl,tcl
sh,sh
ae,ae
er,eh
oy,oy
l,l
bcl,tcl
ow,ah
bcl,bcl
ah,ax
tcl,ix
ux,ux
ng,ow
ix,ix
p,k
ao,uh
bcl,bcl
ao,aa
pcl,kcl
s,s
q,q
m,m
z,z
tcl,kcl
ix,ix
ax,w
q,q
ng,n
kcl,kcl
s,s
p,p
th,s
dcl,dcl
r,r
ow,uw
ao,ao
k,k
aa,ao
z,z
r,r
v,v
tcl,dcl
s,s
ng,n
dx,dx
d,dx
tcl,hh
eh,ih
l,ao
z,z
eh,iy
r,ao
axr,axr
n,n
aw,ae
n,n
r,r
g,tcl
m,n
gcl,kcl
tcl,pcl
ow,ow
ah,eh
iy,iy
eh,ix
ih,ix
ux,y
kcl,kcl
