true_label,predicted_label
s,s
t,k
w,r
t,t
iy,iy
ay,ay
ix,y
s,s
ey,ey
l,l
z,s
l,l
q,tcl
r,r
l,l
er,er
z,ix
dcl,gcl
ow,ow
w,w
bcl,gcl
ao,ao
v,v
ao,aa
eh,eh
n,n
ey,ey
aa,aa
ow,aw
r,r
n,n
n,n
ih,eh
r,r
tcl,tcl
w,w
eh,eh
kcl,kcl
ix,ih
t,d
el,ng
l,ix
iy,iy
l,l
q,q
ao,el
r,r
ix,ix
ao,ao
iy,ng
iy,ey
r,r
iy,iy
r,r
ux,ux
p,p
er,axr
t,t
axr,axr
ah,ix
ih,ix
kcl,kcl
pcl,epi
k,k
q,q
l,l
z,z
r,r
er,r
z,z
el,el
z,s
p,p
iy,ih
ow,ow
kcl,kcl
eh,ih
em,m
ix,ax
p,p
w,w
iy,ey
iy,y
iy,iy
ao,ao
r,r
n,n
f,f
ix,q
kcl,kcl
ch,jh
iy,ix
iy,ey
ix,ax
t,p
axr,ax
eh,ae
n,n
ih,y
axr,er
axr,r
sh,sh
ix,ix
axr,axr
ih,ih
er,er
pcl,pcl
kcl,kcl
k,k
pcl,dh
q,q
f,f
bcl,w
ux,n
kcl,kcl
dcl,dcl
g,g
bcl,bcl
r,axr
ah,aa
r,r
k,k
jh,ch
r,r
r,r
ih,ih
iy,iy
ey,ey
d,jh
aa,aa
z,s
n,n
sh,sh
tcl,tcl
zh,sh
ix,ix
ux,ux
ux,ux
hh,hh
dh,dx
y,y
n,n
r,axr
q,q
l,l
w,w
aa,aw
eh,eh
ay,ay
s,s
f,f
ix,ix
k,k
l,l
ix,q
f,th
ch,s
el,ow
kcl,pcl
n,n
ih,ih
tcl,tcl
tcl,dcl
s,s
k,k
w,w
nx,m
oy,ao
k,k
iy,y
tcl,tcl
ix,ih
ao,ay
tcl,pcl
f,f
ix,ih
iy,iy
iy,iy
m,m
axr,r
ix,ih
kcl,gcl
ix,ih
gcl,gcl
el,el
ch,ch
dh,f
iy,iy
ix,ng
z,s
ix,ix
l,l
f,f
ih,ih
q,q
pau,pau
dh,t
r,r
l,ax
aa,aa
ux,ux
tcl,pcl
dx,dx
l,l
bcl,dcl
axr,em
z,z
gcl,gcl
g,g
uh,ih
m,m
ey,ey
ng,en
l,l
ix,ih
ih,ih
aa,aa
ow,ow
ix,ih
iy,iy
r,axr
m,dx
ae,ae
k,k
w,w
aa,aa
ow,ow
aa,aa
sh,sh
axr,q
t,t
axr,axr
dcl,dx
q,q
aw,aa
q,q
k,k
n,n
r,axr
ix,ih
dcl,dcl
er,axr
n,m
pau,tcl
n,nx
hv,hv
ae,ae
ix,ix
kcl,kcl
ih,ow
f,f
z,z
r,r
zh,zh
z,z
r,r
s,s
dcl,gcl
eh,ae
dx,ix
ix,ax
aw,ae
kcl,gcl
v,v
v,v
l,aa
dh,v
kcl,kcl
axr,axr
tcl,kcl
aa,aa
q,k
ah,ah
t,t
pau,dcl
iy,iy
aa,aa
er,axr
sh,sh
iy,iy
l,ng
tcl,kcl
ae,ae
ow,ow
iy,ux
tcl,kcl
ng,gcl
n,nx
axr,axr
l,n
ux,ux
ax,ax
kcl,kcl
s,s
r,axr
ey,ey
kcl,kcl
eh,eh
r,r
ay,ay
ey,ey
tcl,pcl
z,s
iy,ix
tcl,tcl
aw,ae
z,z
l,l
ix,ix
ch,jh
s,s
ae,ae
ah,eh
d,d
z,z
q,q
m,n
er,er
w,w
gcl,gcl
aa,aa
v,v
l,l
er,r
q,q
nx,n
kcl,kcl
z,s
l,ax
aa,aa
dx,dx
eh,ay
tcl,tcl
ay,ay
t,t
ix,ih
iy,ix
ao,ao
iy,iy
n,n
s,s
r,r
ix,ix
th,z
dcl,dcl
p,p
n,n
iy,iy
l,l
axr,aa
ng,m
iy,iy
en,n
n,n
dcl,gcl
tcl,dcl
kcl,kcl
ix,ix
v,v
ao,ow
axr,axr
ah,r
s,s
t,t
hv,hv
p,f
kcl,kcl
ao,ao
pau,pau
l,l
s,sh
ax,ix
ih,ih
l,l
iy,iy
ae,ae
d,d
eh,eh
p,p
pcl,kcl
el,ow
k,k
sh,sh
eh,ih
k,p
pcl,pcl
ow,ow
ih,ux
z,s
tcl,kcl
eh,eh
iy,iy
jh,jh
v,v
w,l
ax,r
n,en
ix,ux
dcl,dcl
dcl,dcl
ix,uh
q,q
ih,ih
f,f
l,l
axr,r
ae,ae
sh,sh
z,s
hh,hh
l,l
ih,ih
ix,iy
ux,ix
r,ax
l,uw
iy,y
kcl,kcl
l,l
ay,ay
tcl,dcl
t,t
kcl,kcl
m,w
ih,ax
r,r
l,q
ao,ao
ix,dh
ih,ih
g,g
s,s
iy,iy
ay,ay
y,y
w,w
w,w
aa,aa
n,n
ow,ao
f,f
ey,ey
iy,iy
nx,nx
pcl,gcl
ax,ax
en,n
aw,ae
f,f
k,k
ey,ey
ae,ae
s,s
n,nx
bcl,bcl
r,r
r,r
q,q
tcl,tcl
kcl,epi
m,m
ah,ao
ay,ay
t,t
l,ix
w,w
ay,ay
dcl,dcl
ix,ix
er,ae
sh,sh
bcl,tcl
ae,ae
ae,ae
f,f
ow,ow
eh,eh
p,p
s,s
dcl,dcl
q,q
t,tcl
iy,iy
iy,iy
ax,ix
gcl,gcl
v,f
y,iy
f,f
axr,ao
axr,axr
d,d
hh,d
ih,iy
r,r
f,th
m,m
ih,eh
s,s
dcl,tcl
ix,ey
oy,oy
ix,ix
gcl,kcl
ix,iy
gcl,pcl
ow,ow
r,r
sh,sh
ow,l
ey,ey
ao,ao
ey,ih
k,k
axr,axr
n,n
r,r
hh,hv
kcl,tcl
ah,aa
axr,axr
d,t
jh,jh
er,axr
iy,iy
el,w
ae,ay
aa,ao
jh,sh
m,m
g,g
l,l
ae,ae
em,em
dcl,bcl
ih,ih
bcl,bcl
d,g
ih,ix
r,r
s,s
t,t
axr,r
ow,ow
el,el
ux,y
axr,r
n,n
ix,ih
ix,ix
ux,ux
tcl,bcl
r,q
tcl,tcl
ay,ao
k,k
f,f
w,w
axr,ux
dh,dh
bcl,bcl
iy,iy
n,n
p,p
r,r
ae,ae
r,r
ao,ao
pcl,pcl
ao,ao
pcl,pcl
ey,ey
ux,ux
ax,ah
v,v
ix,ih
s,s
w,w
dcl,dcl
v,ix
pcl,tcl
ey,ey
t,jh
ah,aa
kcl,epi
er,er
eh,ih
ix,ih
axr,axr
m,n
tcl,tcl
er,er
l,l
ae,ae
r,axr
ix,ih
er,er
ao,aa
f,f
ix,r
gcl,gcl
aa,ay
ao,ao
bcl,tcl
dcl,dcl
axr,ih
tcl,tcl
iy,iy
jh,jh
ae,ae
l,l
n,n
em,ng
iy,iy
eh,eh
z,z
ix,eh
ey,ey
r,r
gcl,pcl
ey,ey
kcl,kcl
ix,ix
m,tcl
dx,dx
r,r
l,l
ah,ah
pcl,pcl
eh,ih
z,z
r,q
ux,ux
r,r
tcl,kcl
ey,ey
dcl,tcl
ix,ih
s,s
dh,dh
s,s
t,t
l,l
kcl,kcl
r,r
g,k
v,v
ix,ih
ih,ih
s,s
ih,ax
er,axr
s,s
axr,axr
epi,epi
z,z
eh,ih
kcl,gcl
f,f
ow,ow
tcl,tcl
dx,dx
y,iy
s,s
aa,aa
ix,eh
l,l
r,r
r,r
iy,iy
v,gcl
f,f
ao,aa
k,k
g,g
ng,ng
axr,er
tcl,dcl
k,k
ao,ao
tcl,kcl
ix,ix
kcl,kcl
s,f
l,l
s,z
k,g
ih,ix
ch,jh
bcl,bcl
ae,ae
ey,ey
iy,iy
m,m
s,s
ax,ax
iy,iy
ih,ix
ix,ix
ay,ey
tcl,kcl
q,q
l,l
tcl,tcl
aa,ao
kcl,gcl
iy,ih
r,r
tcl,tcl
l,l
z,z
oy,oy
aa,ao
pcl,tcl
f,f
iy,iy
ih,ih
ih,ih
n,n
ow,ow
ao,ao
m,n
n,en
z,s
kcl,kcl
ao,aa
w,w
n,m
kcl,kcl
f,f
pau,pau
ax,ax
ae,ae
ax,uh
k,k
aa,aw
ao,eh
ix,ix
l,l
ey,ey
axr,axr
ah,ah
ae,ae
axr,ix
g,g
m,em
epi,epi
ax,w
pcl,kcl
ax,ah
sh,sh
bcl,tcl
kcl,kcl
pau,pau
t,t
eh,ae
p,p
sh,sh
er,eh
m,n
dcl,dcl
m,m
dh,dh
l,l
ux,ux
ao,aa
bcl,bcl
dh,dx
ax,aa
s,s
dx,dcl
ix,iy
s,s
gcl,ng
r,r
tcl,en
ow,ow
f,th
ix,ix
z,z
r,l
ch,ch
ng,n
dx,dx
w,w
ih,iy
iy,iy
dx,dx
ix,ey
ae,ae
pau,kcl
ih,eh
bcl,kcl
ao,aa
s,s
bcl,dcl
iy,y
z,s
ih,ih
kcl,kcl
hh,hh
z,z
m,m
ix,ix
s,s
iy,iy
m,m
t,t
aa,aa
w,w
jh,ch
k,k
m,m
r,r
axr,er
iy,iy
aa,aa
dcl,gcl
v,n
axr,r
ey,iy
m,n
axr,r
r,r
hh,hh
sh,sh
m,m
l,ow
eh,eh
bcl,q
iy,iy
oy,oy
n,n
epi,epi
uh,ih
dcl,pcl
ix,ix
dh,v
q,ay
n,ng
dh,kcl
tcl,tcl
ae,ae
n,ix
tcl,tcl
s,s
t,t
iy,ix
eh,ae
kcl,dcl
m,m
g,th
er,er
s,s
l,l
dcl,tcl
eh,eh
dx,dx
ow,ow
k,k
ao,ao
m,m
n,n
t,t
ax,n
ey,ey
s,s
r,r
l,l
n,m
kcl,kcl
ah,ah
axr,er
aa,aa
n,n
axr,aa
tcl,tcl
m,m
s,jh
z,s
ih,ih
tcl,tcl
tcl,tcl
f,f
l,ao
ax-h,q
axr,axr
k,k
ey,ey
l,bcl
q,tcl
r,r
ao,ao
p,p
k,kcl
ay,ae
epi,kcl
kcl,kcl
iy,ux
m,m
m,n
pcl,pcl
f,th
ch,z
ng,n
el,uh
z,z
gcl,kcl
k,k
ao,aa
f,f
k,k
iy,ih
dcl,dcl
bcl,n
dh,dh
v,v
er,er
ix,ix
ax,ax
kcl,kcl
kcl,kcl
ix,ey
m,n
q,kcl
axr,ix
pcl,kcl
kcl,kcl
eh,eh
l,el
kcl,kcl
n,gcl
l,l
w,ux
n,n
w,w
ix,ix
k,k
s,s
n,tcl
kcl,kcl
oy,uh
iy,iy
kcl,kcl
axr,axr
f,f
l,l
s,s
m,m
l,l
f,th
m,m
ix,ax
n,m
z,z
q,q
ae,ae
z,z
f,f
ix,ih
l,l
l,l
s,s
iy,iy
ng,n
sh,sh
en,m
ow,ow
tcl,dcl
bcl,gcl
ux,ux
g,k
el,uh
s,s
en,n
s,s
w,r
iy,iy
ix,ax
s,s
ae,ae
kcl,gcl
gcl,dcl
v,v
ae,ae
ih,ih
ix,ix
s,s
dcl,dcl
er,er
r,er
ay,ay
v,v
n,n
ix,ih
s,s
s,s
ah,eh
dx,n
ah,aa
ey,ey
ay,ay
l,ao
sh,sh
ah,ah
s,s
ax,ax
axr,er
tcl,tcl
ix,ix
s,s
ae,ay
w,w
eh,eh
pcl,pcl
ng,en
iy,iy
ao,ao
n,m
hv,hv
iy,y
z,z
er,er
k,tcl
ey,ih
dh,dh
iy,iy
eh,ix
ae,r
em,m
eh,ae
l,dx
z,z
ng,gcl
r,r
n,n
kcl,kcl
eh,r
ow,ow
sh,sh
r,r
iy,ey
jh,jh
z,z
m,m
eh,eh
ih,iy
ix,ix
iy,iy
sh,s
l,l
kcl,kcl
s,s
ao,aa
axr,r
ah,ah
r,r
ah,ah
ah,ah
uh,uh
uw,uw
uh,uh
aa,ao
w,bcl
m,m
k,k
n,m
aa,aa
uh,eh
r,axr
p,p
m,m
en,en
z,s
tcl,tcl
p,p
w,w
ae,ae
aa,aa
ch,ch
aa,aa
q,q
l,l
w,w
axr,r
m,m
ae,ae
axr,er
r,r
hh,hv
iy,iy
y,y
ng,n
er,er
pcl,tcl
iy,iy
f,th
t,t
nx,nx
aa,aa
t,ch
t,d
dcl,dcl
ng,ix
q,q
r,r
sh,sh
l,l
dx,d
t,t
axr,er
axr,axr
r,r
s,s
ix,ix
ow,l
tcl,dcl
tcl,pcl
eh,ax
ax,r
l,l
w,w
ix,ax
aa,aa
kcl,tcl
y,y
ih,y
tcl,tcl
iy,iy
iy,iy
tcl,n
t,t
aa,ao
s,s
dcl,dcl
r,r
jh,ch
axr,axr
eh,eh
ix,iy
sh,s
ix,ax
gcl,kcl
t,t
tcl,pau
d,d
hv,hv
f,f
dh,n
eh,ih
w,w
iy,iy
bcl,bcl
gcl,kcl
k,k
iy,iy
tcl,tcl
t,t
k,k
n,n
iy,y
f,f
ow,ao
bcl,bcl
pcl,pcl
ey,iy
oy,oy
ch,jh
ao,ao
pcl,pcl
ah,ah
sh,sh
q,q
axr,ix
d,d
aa,ao
l,l
m,n
ax,ax
r,r
p,p
q,q
r,axr
tcl,tcl
tcl,pcl
r,er
w,w
ix,ax
k,k
dx,v
gcl,tcl
iy,r
ay,ay
p,p
pau,pau
aa,aa
ay,ae
t,t
kcl,kcl
kcl,kcl
ay,ay
ix,eng
n,m
eh,ae
v,ax
er,axr
ay,ay
pau,q
axr,axr
iy,iy
y,y
aa,r
epi,kcl
tcl,kcl
s,s
l,ax
aa,aa
r,r
r,er
ao,ao
kcl,tcl
ax,ih
n,n
r,ix
ih,ih
r,r
t,t
r,r
sh,sh
l,ix
tcl,gcl
r,r
bcl,bcl
epi,epi
er,aa
t,g
g,g
tcl,tcl
ix,ix
dcl,tcl
d,ix
axr,axr
axr,axr
eh,ah
l,l
ix,q
ae,ae
ao,ao
ae,ae
n,n
d,d
ax,ax
pcl,pcl
axr,aa
k,k
r,r
r,r
r,r
tcl,tcl
ax,ax
ae,ae
t,t
m,m
er,er
ey,ay
ch,ch
ao,ao
ao,ao
iy,iy
q,q
v,v
th,dh
tcl,tcl
r,r
ey,ey
ng,ng
ax,ax
oy,oy
aa,aa
ax,ax
f,f
s,s
y,d
hv,hv
k,k
ax,ax
ao,ao
nx,n
ow,r
s,s
k,k
pcl,pcl
ae,ae
ae,ae
l,ao
tcl,tcl
pcl,pcl
y,ix
eh,ih
aa,aa
eh,ih
ih,ix
tcl,tcl
n,n
tcl,tcl
ax,l
er,er
q,q
l,l
ix,ix
m,m
ix,ix
iy,iy
ix,ih
th,th
l,l
dh,z
m,m
er,er
er,axr
ao,aa
l,w
l,ax
ax,hv
z,z
n,n
kcl,kcl
sh,s
ih,ih
q,q
hh,hh
dh,dh
s,th
iy,iy
w,l
axr,r
tcl,pcl
gcl,gcl
r,r
ch,jh
ih,ae
ux,ix
s,s
sh,sh
ng,ng
iy,iy
jh,jh
ae,ae
s,s
ix,ax
ow,ow
ng,ng
ix,ax
kcl,kcl
ix,ih
y,y
n,n
l,l
eh,eh
m,n
g,g
n,n
ch,ch
m,n
sh,sh
iy,iy
r,r
dcl,tcl
ix,n
s,s
v,f
p,k
kcl,th
n,n
n,n
ix,ix
z,s
eh,axr
f,f
hh,ax-h
r,r
en,ax-h
f,f
ih,uh
eh,eh
r,r
l,l
r,r
ux,ux
iy,ih
f,dh
q,q
s,s
ux,ux
epi,epi
p,p
t,t
ao,aa
eh,eh
hv,hh
l,ax
bcl,bcl
eh,ix
q,dx
z,z
ae,ae
iy,iy
ix,ih
dx,dx
n,n
eh,eh
ao,ao
l,ao
ax,nx
ih,ih
ih,eh
r,r
r,r
pcl,kcl
s,s
w,w
ah,ah
axr,er
er,er
d,d
ih,ih
q,q
sh,s
ix,ix
axr,er
ae,ae
epi,epi
r,r
sh,ch
iy,ng
axr,axr
y,y
eh,eh
em,m
s,s
ao,oy
s,s
ao,ao
f,f
iy,iy
iy,iy
f,epi
ah,ax
uw,uw
nx,nx
l,l
ae,ae
n,nx
axr,axr
ih,ih
sh,sh
eh,aw
n,n
iy,iy
ow,ow
n,n
ix,ix
pcl,pcl
m,m
w,ao
sh,sh
s,s
kcl,tcl
tcl,epi
ix,ax
dcl,tcl
axr,r
iy,iy
ax,ix
r,r
ah,ah
q,q
g,g
v,v
ay,ay
epi,tcl
gcl,gcl
ay,ay
bcl,bcl
q,q
pcl,pcl
g,gcl
dx,v
iy,iy
axr,el
tcl,epi
jh,k
l,l
ax,eh
r,r
d,d
ae,ae
ao,ao
ih,ih
eh,eh
iy,iy
dcl,en
eh,ae
t,t
jh,jh
eh,eh
t,t
kcl,pcl
ix,ix
n,n
m,n
ow,ow
ow,ow
m,m
ah,ah
hh,hh
ao,l
n,n
axr,ix
l,uh
aa,aa
d,t
axr,r
eh,ih
tcl,dcl
m,uw
r,r
ch,s
r,r
ao,ao
iy,iy
ih,ih
ey,ey
r,r
pau,q
dcl,tcl
ix,ix
en,n
ah,eh
iy,iy
tcl,tcl
ix,ix
ao,ao
ae,ae
iy,iy
w,w
er,er
ux,ix
eh,eh
q,kcl
epi,epi
ay,aa
ow,ow
er,aa
epi,tcl
l,l
r,r
w,w
v,dh
eh,eh
gcl,dcl
iy,iy
aa,aa
k,kcl
s,s
l,l
eh,ah
iy,y
z,z
s,s
r,r
n,n
iy,iy
ih,ix
r,r
epi,epi
ax,ih
th,th
b,kcl
s,s
w,y
ih,ey
axr,axr
ng,m
d,d
y,y
t,t
n,ng
t,d
ae,ae
gcl,gcl
r,ih
iy,iy
r,r
kcl,pcl
ih,ih
jh,sh
eh,eh
pcl,tcl
el,el
ix,r
w,w
n,n
ix,ax
iy,ih
y,iy
l,l
ix,ix
dx,dx
v,f
r,r
ix,ax
f,th
t,t
aa,ao
ao,aa
eh,eh
dcl,tcl
dcl,dcl
ix,ih
ux,ux
ix,ix
m,m
kcl,kcl
gcl,pcl
eh,q
k,g
ow,ow
r,r
ao,ao
ax,ix
m,m
kcl,kcl
en,m
ae,ae
m,m
ih,ih
ix,ix
ux,y
eh,ih
er,r
q,q
q,q
ax,ax
k,tcl
tcl,tcl
iy,iy
y,y
k,k
ay,ay
kcl,kcl
iy,ih
tcl,tcl
m,m
el,el
g,g
r,ux
k,k
t,t
r,r
sh,sh
r,er
axr,r
aw,aw
ao,m
bcl,bcl
pau,kcl
tcl,tcl
dcl,kcl
aa,aa
eh,ah
y,y
r,r
eh,ey
p,p
sh,sh
ey,ey
tcl,kcl
q,q
ih,ih
r,r
s,s
iy,iy
l,l
r,r
ay,ay
z,s
s,s
ae,ae
ah,ah
s,s
ae,ae
l,l
iy,iy
iy,y
tcl,pcl
gcl,gcl
ng,ng
ix,ix
tcl,dcl
f,f
g,g
t,t
gcl,dcl
n,n
s,s
oy,oy
axr,axr
pcl,dh
ax,en
ih,ix
l,ih
ix,tcl
ax,ix
hh,hv
ax,ax
ix,ax
s,s
r,r
ng,ng
l,l
z,z
en,ax
epi,kcl
w,w
dcl,tcl
iy,iy
m,m
hh,hh
dx,tcl
pcl,pcl
er,r
ix,ix
r,r
ax,eh
v,bcl
ix,ix
t,t
eh,eh
ih,ih
tcl,dcl
z,z
b,b
ax,ax
l,l
el,ow
tcl,kcl
l,l
ae,ae
ao,aa
ix,ix
n,n
ow,ao
r,r
axr,axr
ao,aa
ey,eh
s,s
ao,ao
epi,epi
y,ih
ix,ey
ay,ay
ax,r
s,z
f,f
y,y
ng,ng
n,n
axr,er
l,ax
z,k
ux,r
pcl,pcl
m,m
ah,ah
ix,ax
ow,ow
hh,hh
k,k
l,b
kcl,tcl
dh,dx
th,th
ae,ae
uh,ow
s,s
s,s
ay,ay
d,d
ax,l
tcl,gcl
ix,ix
uw,uw
dx,dh
hv,hh
kcl,kcl
m,m
s,s
k,k
q,q
r,r
w,w
tcl,tcl
m,m
ih,ih
uw,uw
ax,ax
kcl,kcl
dcl,dh
n,n
tcl,pcl
d,d
g,p
v,v
z,ix
ix,ix
ow,el
er,er
aa,aa
p,p
eh,ih
tcl,pcl
n,n
tcl,epi
ao,ao
pau,en
kcl,kcl
y,iy
ih,ih
epi,epi
kcl,kcl
ih,ax
l,l
gcl,gcl
t,t
kcl,kcl
k,k
ix,iy
tcl,pcl
f,f
ah,ah
l,l
kcl,kcl
dcl,dcl
s,th
er,axr
ix,y
w,w
ax,ax
ah,ax
iy,iy
m,m
axr,er
q,q
z,z
g,k
ay,ay
ih,iy
l,bcl
pau,pau
t,t
k,g
pau,pau
n,ax
ey,ey
l,l
pcl,tcl
pcl,pcl
ao,ao
ay,ay
l,l
dcl,pau
ow,ow
ix,ih
kcl,kcl
dcl,dh
ix,ix
w,w
w,w
eh,eh
tcl,kcl
hv,iy
q,q
l,uh
em,m
oy,oy
n,n
r,r
s,s
w,w
ae,ae
l,l
aa,aa
uw,ih
gcl,gcl
aa,aa
z,z
v,v
ao,ao
m,n
iy,iy
z,s
ao,aa
dcl,kcl
ah,ix
t,p
dh,d
v,ax
b,k
p,p
gcl,gcl
f,f
r,axr
n,n
ow,el
hh,k
ay,ay
v,v
l,l
iy,iy
th,kcl
n,m
oy,ay
axr,r
f,f
sh,sh
n,n
axr,w
axr,r
tcl,tcl
ah,eh
kcl,kcl
l,m
iy,iy
er,ih
ux,ux
pcl,pcl
axr,ao
q,q
en,m
ix,ix
ih,ih
ah,aa
sh,sh
z,s
oy,oy
s,s
ax,ah
iy,iy
d,t
ey,iy
ih,ih
kcl,kcl
ao,ao
ng,n
ay,aa
k,k
f,f
g,g
en,n
k,k
iy,iy
f,f
jh,jh
sh,sh
iy,iy
r,ih
kcl,kcl
pau,kcl
v,v
t,d
zh,sh
q,q
g,k
t,jh
p,p
ah,eh
dcl,gcl
ao,w
dh,dh
axr,er
ah,r
q,q
ow,el
iy,y
z,z
ah,eh
l,l
dx,dh
z,s
bcl,bcl
dh,q
aa,aa
ae,ae
uh,uh
ih,ae
ao,el
v,dcl
ix,ix
iy,ix
ix,ax
s,s
sh,jh
g,g
ao,ao
n,ao
nx,nx
axr,axr
k,k
w,w
oy,oy
iy,iy
er,axr
ix,ix
ng,n
ax,ah
iy,iy
dx,gcl
w,n
ih,ix
n,en
r,r
f,f
f,f
ch,jh
dh,dh
p,p
q,q
ey,ey
pcl,tcl
ih,ey
r,r
tcl,tcl
iy,eh
ow,ow
ix,ix
s,s
l,l
s,s
tcl,gcl
iy,iy
l,ix
w,w
ux,ux
ey,ey
q,q
jh,jh
ix,ix
axr,er
pcl,tcl
bcl,bcl
dx,gcl
zh,jh
th,dh
m,m
ih,ih
epi,kcl
tcl,kcl
n,n
n,nx
n,m
t,t
eh,ae
ow,ow
l,l
uh,axr
ih,ih
aa,aa
k,k
l,l
ae,eh
bcl,bcl
s,jh
l,ax
l,l
l,l
pcl,bcl
ey,ey
ax,ax
t,t
v,v
n,n
w,w
dh,q
s,s
hh,hh
ao,ao
ix,ix
p,p
ah,ah
en,n
y,ih
ay,ay
v,v
ay,ay
ix,ax
l,l
k,k
tcl,tcl
r,r
ix,ux
ng,m
iy,ey
p,p
s,s
kcl,pcl
hv,hv
th,th
s,s
iy,iy
aa,aa
z,z
iy,ey
s,s
eh,eh
ah,ah
l,l
l,l
iy,iy
ah,ah
ax,eh
eh,ae
aa,aa
axr,axr
t,t
th,z
bcl,bcl
ey,ey
g,g
ix,ix
axr,r
ix,ah
t,t
oy,oy
ux,ux
pcl,tcl
v,dh
pcl,pcl
dh,dh
er,axr
n,ng
ax,ih
s,s
epi,epi
gcl,dcl
pau,pau
s,s
s,f
s,s
pcl,tcl
ey,ey
ix,iy
ey,ey
n,ax
tcl,tcl
ey,ey
er,er
eh,ax
t,d
m,m
ae,aw
k,k
el,l
ng,nx
f,f
r,r
kcl,pcl
eh,ah
ih,eh
n,nx
ux,ux
dh,dh
r,ix
s,s
epi,tcl
t,t
n,n
ix,ix
m,n
r,r
s,z
k,k
l,w
l,l
tcl,tcl
g,b
ah,ah
r,r
ey,ey
q,q
jh,jh
axr,axr
aw,ae
sh,sh
iy,iy
ih,ey
k,k
n,n
ey,ey
bcl,tcl
ae,ae
s,s
dx,jh
r,r
s,s
ux,ux
ey,ey
l,l
q,q
r,r
kcl,kcl
iy,iy
tcl,kcl
s,s
tcl,tcl
aa,aa
dh,dh
gcl,gcl
aa,aa
ae,ae
eh,ih
q,q
l,l
dh,t
ay,ay
dx,dh
iy,iy
ax,eh
iy,iy
ae,ae
dx,dx
pau,pau
t,t
dcl,bcl
ow,l
ih,ix
w,w
ao,aa
gcl,kcl
dcl,bcl
iy,ih
ih,ih
axr,axr
r,r
ih,ix
hh,hh
z,s
th,th
k,k
ax,uw
gcl,tcl
kcl,kcl
l,l
aa,aa
en,en
ux,ih
ao,ao
dx,g
q,q
m,m
pcl,kcl
jh,z
iy,iy
ix,iy
l,n
m,n
m,n
q,q
sh,sh
s,s
kcl,kcl
n,n
n,n
pcl,f
pcl,pcl
l,l
ax-h,ax-h
sh,sh
w,w
eh,eh
p,d
m,m
kcl,pau
s,th
w,w
ih,ih
r,r
kcl,k
ax-h,ax-h
aa,oy
s,s
f,f
r,r
k,th
l,l
dcl,n
pcl,pcl
ax,axr
k,k
jh,jh
s,s
iy,iy
jh,jh
jh,jh
s,s
r,ix
tcl,tcl
k,t
r,r
er,r
kcl,kcl
ax,ah
eh,ah
s,z
dcl,dcl
tcl,tcl
r,r
tcl,tcl
ih,ih
k,k
l,ax
dx,n
eh,ix
epi,g
hv,y
b,b
ih,ix
gcl,kcl
ae,ae
t,t
dh,dh
dcl,dcl
f,f
ix,ix
ng,n
l,l
aa,aa
dx,dx
ay,ay
ax,ix
ix,ix
l,el
m,m
r,r
ao,ao
iy,iy
ay,ay
dcl,gcl
m,m
l,l
aa,aa
iy,iy
ao,ao
pcl,tcl
tcl,n
z,z
dcl,dx
t,t
iy,iy
uw,ux
iy,ih
ao,ao
p,f
s,s
ix,ix
pcl,tcl
ix,n
ey,ey
jh,jh
z,z
s,s
gcl,gcl
tcl,tcl
ay,ay
g,g
tcl,tcl
t,th
hh,pcl
t,t
tcl,pcl
kcl,kcl
axr,axr
pcl,tcl
ih,ih
tcl,gcl
ey,ey
s,s
ow,ow
l,ax
s,s
kcl,kcl
dx,dx
ey,ey
r,r
s,s
ey,ey
k,k
iy,eh
er,er
gcl,gcl
r,r
m,m
sh,sh
ah,ao
d,dh
ih,ih
dcl,pcl
dcl,dcl
l,l
ao,aa
tcl,tcl
ih,eh
ix,iy
sh,sh
r,r
dh,dh
aa,ao
v,v
aw,aw
kcl,gcl
gcl,kcl
f,f
r,r
tcl,tcl
f,th
q,q
el,l
y,hh
iy,ae
s,s
ih,ih
ix,ix
eh,ae
r,axr
dcl,dcl
t,d
n,n
n,m
p,d
r,r
z,z
aa,aa
q,q
ah,ah
ax,ax
tcl,pcl
sh,sh
ih,ih
d,t
l,l
s,s
iy,iy
axr,ix
l,q
axr,y
l,l
jh,k
iy,iy
m,m
kcl,gcl
sh,s
k,k
k,k
tcl,kcl
ix,q
q,hh
ax,ax
n,en
r,r
l,ao
l,l
th,f
ix,ix
hh,hh
f,f
ow,ow
nx,n
bcl,bcl
ae,ih
z,s
n,ng
l,l
f,f
aa,aa
ey,ey
l,l
ix,ax
ao,ao
bcl,w
ix,ix
ae,ae
ih,ih
n,ng
f,f
iy,iy
ix,ix
epi,q
th,th
l,l
hv,hv
iy,iy
tcl,tcl
ax,ax
r,r
s,s
z,s
eh,ae
sh,sh
n,n
pcl,pcl
ih,ih
ch,jh
iy,iy
n,n
z,s
ax,ih
s,s
tcl,tcl
t,t
ux,ux
jh,jh
ng,ng
k,k
n,n
iy,iy
ih,ih
s,s
ax-h,ix
sh,sh
m,m
pau,tcl
m,m
ih,ix
ix,ix
bcl,bcl
iy,iy
t,t
t,t
eh,eh
pcl,bcl
q,q
ux,ux
dx,dx
t,t
ih,ix
dcl,dcl
y,iy
ao,ao
er,er
ih,ih
hh,g
er,er
w,w
axr,er
ix,ax
ah,ao
kcl,tcl
axr,axr
n,n
t,t
ae,ae
m,m
epi,epi
l,l
g,g
ao,aa
sh,sh
ao,ao
w,b
m,m
v,v
r,r
ah,ay
axr,axr
s,s
dcl,gcl
q,q
iy,iy
q,q
g,g
ow,aa
aa,aa
tcl,pcl
m,m
ae,ae
y,y
uw,ux
w,w
ax,ix
ay,ay
m,m
pcl,pcl
ih,ih
eh,eh
s,s
ix,ix
ow,ao
z,z
n,n
ow,ow
iy,iy
q,q
m,m
ih,ih
f,kcl
oy,oy
t,jh
eh,eh
dcl,gcl
ih,ih
iy,iy
ae,ae
ae,ae
ah,ah
kcl,pau
sh,sh
ax,ah
m,m
pau,pau
m,m
ow,ow
s,s
n,n
b,g
eh,ae
pcl,tcl
kcl,tcl
th,tcl
iy,iy
l,l
eh,eh
iy,ix
uh,ax
l,l
f,f
t,t
ix,iy
m,m
k,d
ey,ey
ix,ih
l,el
dcl,dcl
f,tcl
axr,r
n,n
iy,iy
f,pcl
ax,ix
ax,eh
epi,epi
axr,axr
kcl,kcl
r,r
r,r
ix,ax
m,ax
m,m
eh,eh
l,l
tcl,tcl
ix,ax
n,m
ah,ah
ax,ax
ay,ay
v,v
tcl,kcl
ix,ix
w,w
iy,y
n,n
z,z
f,f
t,t
aa,aa
ow,ow
aa,ay
n,m
p,nx
r,r
axr,er
ih,ih
k,k
epi,epi
sh,sh
ae,ae
r,r
r,r
r,ao
n,m
f,f
w,ao
s,s
ae,ae
v,v
sh,sh
ix,l
axr,er
s,t
s,s
y,en
r,r
ay,ay
kcl,kcl
axr,axr
iy,iy
sh,sh
nx,n
ix,ih
ow,ow
pcl,tcl
z,z
axr,ow
n,n
eh,ey
epi,epi
axr,ux
l,r
t,t
tcl,tcl
pcl,pcl
ix,ih
r,r
ix,r
l,l
eh,eh
ix,ix
s,z
aa,aa
ax,ax
ae,ae
dcl,bcl
gcl,ng
bcl,bcl
pau,pau
en,em
ae,ae
kcl,tcl
ux,ux
ax,ih
pcl,kcl
ay,ay
iy,y
s,s
ng,iy
s,s
em,r
eh,q
ih,ih
tcl,tcl
ux,ux
tcl,tcl
ae,ae
s,z
ah,r
iy,ux
ax,ax
b,p
ux,en
aa,aa
dh,t
ix,iy
sh,sh
dx,dcl
hh,d
jh,jh
kcl,tcl
ay,ay
el,l
ax,g
bcl,bcl
n,m
l,l
ao,ao
n,n
s,s
m,m
eh,axr
v,v
iy,iy
uw,ux
gcl,dcl
z,s
axr,er
bcl,bcl
eh,eh
r,r
iy,iy
ng,n
dcl,dcl
r,q
ux,iy
ch,ch
ix,ix
ao,aa
q,q
r,r
r,r
ay,ay
kcl,tcl
ih,ih
l,l
l,l
n,n
aw,eh
iy,iy
ih,ih
l,m
r,er
m,m
dcl,k
k,hh
ae,ae
q,q
pcl,pcl
ix,ix
ih,ih
pau,pcl
w,w
w,w
t,t
r,r
ax,ih
ix,ix
r,r
z,z
iy,iy
axr,axr
axr,axr
l,l
l,q
y,ux
ah,eh
q,q
m,m
ae,ae
kcl,kcl
hh,hh
g,k
s,z
iy,iy
ix,ix
n,n
ax,v
ih,ih
eh,ih
w,w
ih,ng
aa,aa
eh,el
er,er
aa,ao
aw,ae
r,r
t,t
aa,aa
kcl,kcl
dcl,tcl
k,k
ae,ae
ow,ao
m,m
ch,t
tcl,pcl
ow,uw
iy,iy
dx,dh
axr,axr
bcl,bcl
sh,sh
s,s
r,r
m,n
ix,ix
s,s
ow,l
iy,iy
aa,ay
ih,ey
el,uh
pcl,th
tcl,tcl
iy,iy
ix,ax
ih,ih
l,l
t,t
t,s
z,s
n,n
iy,iy
l,l
kcl,kcl
ax,ix
l,l
p,k
w,ix
gcl,gcl
dx,dx
axr,axr
kcl,kcl
k,k
dh,z
z,z
er,er
ay,ay
ih,iy
w,w
r,r
ey,ey
dcl,kcl
q,q
ah,ow
ih,ih
tcl,tcl
n,m
r,axr
r,r
q,q
s,s
s,s
s,s
ae,ae
kcl,kcl
ao,ao
l,l
dx,l
tcl,pcl
ae,ae
w,w
q,q
z,sh
t,p
tcl,tcl
ix,y
g,g
ch,k
ix,iy
pcl,pcl
k,t
epi,epi
l,l
m,m
el,el
ae,ae
gcl,m
t,ch
pcl,tcl
ay,ay
ix,ng
nx,g
ay,ay
uw,uw
ax,ax
l,l
tcl,ax
r,r
iy,iy
z,th
z,z
r,ix
v,dcl
ix,ix
ix,ix
d,q
ow,el
ae,ae
ix,axr
ax,ax
l,ax
dh,dx
epi,epi
ix,ih
ix,ih
q,q
l,l
dcl,dcl
ix,ix
tcl,kcl
gcl,gcl
sh,s
p,p
ax-h,ax-h
r,r
v,v
m,m
r,r
m,b
ae,ae
m,n
n,n
n,n
p,p
ae,eh
ao,ao
s,z
ix,ix
ix,ix
l,l
k,t
eh,eh
t,t
l,l
z,z
r,r
k,k
zh,jh
l,l
gcl,gcl
aa,aa
q,q
bcl,bcl
ih,ix
dh,dh
w,w
hv,hv
pcl,tcl
t,t
ax,ix
pcl,epi
k,k
q,ih
ae,aw
oy,ay
ix,ix
ih,q
pcl,pcl
uw,ux
s,s
ix,ix
r,r
l,el
pcl,pcl
ao,ao
ey,axr
ih,ix
dx,n
s,s
aa,aa
l,l
kcl,kcl
l,m
iy,iy
m,m
iy,hv
iy,iy
n,n
w,w
kcl,tcl
d,d
ax,r
eh,ey
pcl,pcl
ax,ix
ae,ae
ae,ae
ow,aa
ix,ih
eh,eh
s,s
f,f
pcl,pcl
ax,ax
s,s
dcl,z
ih,ih
iy,ih
ix,ix
w,w
ih,l
m,m
s,s
z,z
ch,ch
ao,w
sh,ch
iy,iy
p,p
ae,ae
iy,ix
axr,r
ah,ah
ae,eh
pcl,pcl
tcl,kcl
m,m
s,s
ix,ix
y,y
er,er
hv,r
ae,aw
hv,hv
n,n
s,z
ay,ah
z,z
pcl,epi
ix,ih
ih,ih
ah,aw
pcl,tcl
ay,ay
w,q
pau,pau
tcl,q
dcl,dcl
r,r
n,ng
r,ih
r,r
t,t
iy,ux
m,m
aa,aa
q,q
ey,ey
axr,axr
z,s
dcl,dcl
bcl,gcl
s,s
kcl,kcl
f,f
r,r
r,nx
kcl,pcl
eh,eh
axr,axr
ix,ih
uw,ux
iy,ix
q,q
l,n
tcl,kcl
aa,aa
r,r
el,el
ng,n
w,w
l,l
w,w
axr,r
l,ah
n,n
aa,aa
dx,dx
ih,ax
t,p
v,v
r,r
tcl,tcl
q,q
l,ax
f,f
m,n
kcl,tcl
pau,pau
w,w
w,w
ix,ix
m,m
n,n
ax,ax
f,f
axr,r
y,y
ao,ao
ax,q
kcl,kcl
ao,ao
q,q
aa,aa
t,t
dx,dcl
k,t
tcl,v
f,f
z,z
ao,aa
ae,ae
ix,y
t,t
ah,ax
ah,aa
iy,y
tcl,kcl
ih,eh
s,s
kcl,kcl
l,l
iy,ih
tcl,dcl
hh,hh
ix,axr
iy,iy
ih,ix
g,ix
dcl,dcl
m,m
iy,ix
iy,iy
ix,q
kcl,kcl
ix,ax-h
t,jh
l,uw
tcl,kcl
t,t
n,n
tcl,pcl
ih,ih
l,l
hv,eh
d,d
tcl,dcl
pcl,tcl
t,t
ah,ae
dh,dh
axr,ao
iy,iy
er,er
hh,hh
ah,eh
ch,jh
ae,ae
l,l
l,l
ix,ix
l,l
r,w
iy,iy
dcl,pcl
n,n
r,r
t,t
w,w
eh,eh
n,m
ah,ax
kcl,kcl
z,z
v,dh
g,k
n,n
dx,dh
el,l
ay,ay
m,m
ae,ae
v,v
ux,ux
ix,ix
l,l
m,n
y,ih
bcl,dcl
kcl,q
ax,r
ix,y
z,s
ah,ah
uh,uh
r,r
ah,aa
th,th
s,s
s,s
el,el
ix,ax
m,m
m,m
hv,hv
ux,ux
dh,n
kcl,kcl
pau,tcl
s,s
axr,axr
k,f
r,axr
t,d
s,s
n,tcl
sh,sh
w,w
z,z
ng,ng
l,epi
w,dcl
en,n
n,r
pau,pau
k,k
ah,ah
tcl,dcl
dcl,dh
ay,ay
kcl,tcl
tcl,pcl
ey,ey
t,t
axr,axr
kcl,kcl
n,n
ao,aa
ix,ix
jh,jh
r,er
ih,ih
ch,ch
p,p
s,s
l,l
ae,ae
ax,ax
ao,ao
ao,ao
w,w
sh,sh
ow,ow
s,s
hh,hh
n,n
s,s
s,s
f,f
iy,iy
s,s
f,p
pau,pau
y,y
d,t
tcl,kcl
hh,hv
ix,axr
iy,iy
tcl,tcl
iy,ix
eh,ih
p,p
l,l
n,ng
s,s
ah,uh
ay,ay
ix,ix
z,z
s,s
sh,sh
k,k
l,ax
gcl,dcl
eh,eh
ay,ay
ix,iy
p,jh
w,w
tcl,kcl
iy,iy
l,l
t,t
ah,ix
aa,aa
kcl,kcl
ae,ae
pcl,dcl
ix,ix
l,l
g,g
ah,ax
y,ax
y,y
axr,axr
iy,iy
r,r
ah,ah
eh,aw
ay,ay
r,r
l,l
iy,iy
aw,aw
n,ux
iy,iy
eh,eh
ax,ax
f,th
tcl,tcl
g,w
ih,ih
q,q
l,l
r,r
jh,jh
r,r
s,s
ix,ax
dx,jh
f,f
s,s
iy,iy
ix,ix
q,q
axr,axr
kcl,kcl
ah,ah
ix,ax
n,n
n,n
iy,iy
ih,ey
bcl,b
m,m
f,f
pau,pau
m,m
aa,aa
n,gcl
dx,dx
v,v
th,th
ey,ey
tcl,tcl
tcl,pcl
hv,hv
dcl,pcl
ao,ao
t,t
dcl,tcl
kcl,kcl
tcl,jh
aa,aa
bcl,bcl
tcl,dcl
er,er
tcl,kcl
d,d
ao,ao
iy,iy
ix,ix
uw,ux
pcl,kcl
jh,p
n,dcl
kcl,kcl
axr,eh
ix,ih
axr,ix
ux,ux
s,s
kcl,tcl
eh,aw
z,s
k,epi
s,s
ng,ux
uh,ow
l,l
dcl,dcl
g,s
ay,ay
sh,sh
dcl,dcl
epi,pcl
dh,n
dcl,dcl
ah,ah
ih,ih
q,q
z,z
r,r
m,ng
gcl,bcl
t,t
aa,ae
q,aw
ix,eh
ay,aa
aa,aa
z,s
n,n
l,l
m,m
kcl,kcl
r,r
eh,r
z,s
axr,ax
q,q
ah,aw
tcl,pau
dh,dh
bcl,bcl
y,y
axr,axr
ax,ax
r,r
ix,ix
iy,iy
er,axr
k,k
nx,n
t,t
nx,dh
r,r
aa,aa
d,t
ae,ae
aa,aa
n,n
er,r
l,ax
s,s
er,er
ay,ay
nx,nx
ux,ux
ix,ix
ae,ae
w,l
iy,ix
r,r
gcl,gcl
ix,ix
q,q
w,w
ax,eh
m,em
f,f
z,s
aa,aa
eh,ah
iy,iy
jh,jh
l,l
dcl,dcl
iy,iy
dcl,pcl
dh,dh
m,dh
axr,axr
iy,iy
y,y
ch,sh
m,m
ax,eh
l,l
n,nx
ng,gcl
g,g
kcl,kcl
r,r
r,r
k,k
axr,ih
ux,ih
w,w
tcl,gcl
l,l
pcl,tcl
kcl,kcl
s,s
pcl,q
ix,ux
b,p
hh,hh
l,el
epi,tcl
dh,dh
l,w
n,ax
iy,ey
f,f
axr,m
tcl,tcl
tcl,tcl
ix,en
t,t
p,hh
ng,n
q,q
k,k
ow,ow
bcl,tcl
l,l
l,w
ae,ae
axr,r
v,dh
r,r
ah,ah
l,l
k,g
axr,axr
m,m
ix,iy
ae,ae
z,z
ao,ow
iy,iy
kcl,kcl
q,q
axr,er
tcl,tcl
hh,w
t,t
ux,ux
s,s
ux,ux
r,r
gcl,dcl
ay,ay
iy,iy
jh,jh
uh,uh
g,t
aa,aa
aw,l
r,r
jh,d
ah,ah
s,s
p,p
er,er
ng,ng
ax,r
l,l
ih,iy
dh,dh
dx,dx
k,p
ix,ux
oy,oy
kcl,th
ow,ow
ih,ih
uh,r
ao,ao
ay,m
dx,dx
p,b
z,s
f,f
s,s
ow,ao
epi,kcl
aw,ae
ix,ih
m,m
ux,ux
r,r
v,v
r,r
w,w
z,s
sh,sh
g,g
jh,jh
ih,ih
s,s
el,el
s,s
dcl,dcl
ow,ow
l,r
t,k
n,n
s,s
s,z
ax,ax
iy,iy
sh,sh
s,s
ao,ax
tcl,kcl
p,p
v,v
ix,ax
ix,ix
pcl,dh
q,q
r,r
f,f
hv,y
el,aw
d,ix
z,dh
kcl,kcl
bcl,ng
ix,ix
iy,iy
ux,ux
z,s
t,t
tcl,kcl
tcl,tcl
iy,ey
kcl,kcl
v,v
l,ux
n,n
axr,axr
jh,t
q,q
r,r
jh,jh
n,n
iy,iy
n,n
f,f
t,d
pcl,pcl
uw,uw
th,th
ih,uh
jh,jh
en,ux
gcl,gcl
m,m
jh,t
ao,ao
axr,r
ih,ih
r,r
iy,iy
r,r
r,r
aa,aa
ux,ux
m,m
axr,axr
t,th
axr,gcl
er,er
hv,hh
t,t
iy,iy
eh,eh
s,s
jh,jh
n,q
iy,iy
v,v
p,p
dh,hh
dh,gcl
hh,hh
d,d
dcl,dcl
n,n
eh,ay
l,l
l,l
ih,ih
aa,aa
hv,hh
l,r
gcl,dcl
oy,oy
ng,n
tcl,bcl
d,t
s,sh
ix,ax
ih,ih
iy,iy
axr,er
pcl,pcl
w,w
tcl,tcl
aw,ow
epi,epi
ey,ey
bcl,tcl
l,ax
axr,er
tcl,kcl
ow,ow
er,er
jh,jh
ch,jh
ah,ae
ux,iy
aa,aa
n,n
r,r
n,n
ix,ax
aw,aw
s,s
ah,ah
b,p
ey,ey
kcl,tcl
ow,ow
th,th
hh,hh
pcl,pcl
eh,ae
pcl,pcl
ix,ix
sh,sh
axr,r
ux,ih
q,ix
ax,ax
jh,t
ey,ey
r,y
aa,aa
ay,ay
ay,ay
w,w
ax-h,dcl
pcl,pcl
s,s
n,m
ao,ao
n,n
iy,iy
ax,ax
r,r
ng,ng
gcl,tcl
dh,ax-h
oy,oy
axr,r
b,b
aa,aa
iy,iy
kcl,kcl
k,q
oy,ey
k,k
tcl,kcl
bcl,bcl
kcl,kcl
q,q
m,m
k,k
f,f
z,s
t,t
f,f
n,n
kcl,tcl
n,n
el,ow
ih,n
m,n
v,l
eh,eh
epi,tcl
iy,y
th,epi
ay,ay
ay,ay
kcl,tcl
ao,ao
kcl,gcl
n,n
kcl,kcl
ix,w
ao,ao
tcl,tcl
ix,iy
ih,ih
w,w
el,ao
z,z
k,k
ix,ix
w,oy
dcl,dcl
ux,y
dh,dh
k,k
dcl,tcl
sh,sh
ng,ng
ax,ix
z,s
s,z
n,dcl
r,r
r,r
ah,ix
ae,eh
f,f
n,nx
l,l
ow,l
n,nx
ax,ix
iy,ix
r,er
tcl,pcl
g,b
ix,ix
ch,t
iy,iy
er,er
sh,sh
tcl,pcl
eh,eh
hh,epi
q,q
k,k
z,t
v,v
m,m
r,v
l,q
q,q
k,g
jh,jh
ih,ih
ix,ih
w,w
pcl,tcl
kcl,kcl
eh,ix
n,n
axr,axr
ix,eh
ix,ux
tcl,kcl
ah,aa
ah,ax
iy,iy
eh,ah
dh,dh
ao,ao
ax,ix
tcl,epi
oy,oy
uh,ax
tcl,tcl
dcl,dcl
ax,ax
hh,hh
kcl,kcl
v,gcl
tcl,tcl
n,n
z,z
dcl,dcl
t,t
ow,ow
r,r
bcl,pcl
r,axr
q,q
pau,pau
m,n
iy,iy
l,w
en,en
ih,ix
p,p
tcl,dcl
r,r
axr,r
ix,ix
tcl,bcl
l,l
jh,jh
iy,iy
er,er
iy,iy
ix,ux
r,axr
v,v
z,s
n,l
v,v
w,w
iy,hv
ix,ix
ax,ax
tcl,q
dx,dx
ey,ey
ix,ih
w,w
ow,el
q,q
kcl,kcl
eh,eh
gcl,dx
q,q
k,th
ix,ax
q,q
kcl,kcl
ax,ax
epi,kcl
m,m
tcl,tcl
iy,iy
z,s
iy,iy
aw,aw
tcl,tcl
dx,dx
dx,dx
m,m
q,q
k,k
ix,ix
iy,iy
th,th
s,s
tcl,tcl
s,s
n,dcl
r,r
r,ax
r,r
z,z
axr,er
r,axr
pcl,pcl
n,nx
tcl,pcl
ay,ay
s,s
er,axr
pcl,pcl
th,th
d,q
ux,ux
ih,ix
ay,ay
q,q
tcl,tcl
s,s
th,dh
ng,n
eh,ih
l,l
pcl,tcl
kcl,pau
el,ax
axr,er
bcl,bcl
p,p
n,n
ix,ix
tcl,tcl
z,z
dcl,dcl
ae,ae
ah,ax
tcl,q
ax,ix
ae,ae
eh,eh
ah,ah
tcl,kcl
m,m
l,l
iy,ih
axr,er
ay,aa
ax,ax
f,f
eh,eh
ng,ng
ae,ae
epi,n
z,z
gcl,gcl
ax,hv
q,q
f,f
m,m
iy,ux
s,s
ah,ah
eh,eh
dh,dh
ay,ay
el,el
s,s
ah,ax
z,z
sh,ch
hv,hv
ow,ow
iy,iy
ae,ae
n,n
bcl,bcl
r,r
dx,dcl
ao,ow
ux,ux
n,n
ux,ux
r,r
gcl,tcl
ae,ae
s,th
eh,ae
k,k
s,s
g,d
n,en
ae,r
bcl,tcl
s,s
kcl,kcl
z,s
bcl,dcl
ow,aa
iy,iy
ih,ih
k,k
gcl,gcl
k,k
z,s
p,p
y,pau
ix,ih
axr,axr
s,s
dx,gcl
pau,pau
ux,iy
s,s
ax-h,y
z,z
iy,iy
p,tcl
aw,aw
ih,ih
l,l
ih,ih
q,ax
s,s
iy,iy
ih,ih
ow,ow
aa,aw
ih,ih
r,r
r,ax
pcl,dh
ey,ey
t,t
ax,ax
r,axr
w,w
y,y
s,s
t,kcl
m,m
tcl,tcl
ae,ae
epi,epi
tcl,tcl
dcl,n
n,m
r,r
l,ix
t,t
ix,ix
ay,ay
dcl,dcl
hv,hv
r,r
ix,ix
ax,ax
aa,aa
dcl,dcl
iy,iy
epi,epi
v,f
gcl,gcl
ng,ng
ih,ey
ay,ay
t,tcl
r,r
k,k
z,z
ix,ix
ay,ay
m,n
z,z
dcl,tcl
gcl,tcl
z,z
ih,ix
kcl,kcl
ax,ix
iy,iy
iy,iy
eh,aa
tcl,kcl
ax,ax
kcl,kcl
ah,aw
dcl,dcl
z,z
g,g
g,g
axr,er
w,w
n,en
r,r
ng,ng
r,r
sh,sh
ng,n
ao,aa
iy,ix
tcl,tcl
dcl,bcl
ay,ay
ux,ux
r,r
eh,ah
pau,pau
pcl,pcl
dx,dx
uh,ah
n,n
bcl,bcl
pau,pau
ae,ae
ix,eh
t,t
ey,ey
p,p
ih,ih
kcl,q
gcl,dcl
sh,zh
ux,ux
ih,eh
ax,ix
jh,jh
pcl,tcl
s,s
ae,ae
f,f
m,m
kcl,tcl
r,ax
s,s
w,w
iy,iy
aw,ao
v,tcl
ey,ey
t,t
t,t
ay,ay
ix,ix
k,k
aa,ah
l,ix
ah,ix
ow,ax
l,l
q,q
en,m
gcl,dcl
epi,epi
s,s
f,f
t,t
k,k
hh,hh
f,f
s,sh
sh,sh
ux,ux
ey,ey
ax,ix
ae,ae
n,m
epi,k
pcl,tcl
k,k
epi,epi
sh,jh
axr,axr
dx,r
kcl,gcl
z,s
b,b
ix,r
ih,ih
t,t
ih,ih
epi,kcl
ih,ih
l,el
tcl,tcl
hv,dx
l,l
hv,n
n,n
aa,aa
gcl,bcl
r,r
ix,v
pau,ng
uh,uh
k,k
tcl,pcl
tcl,pcl
bcl,bcl
s,t
el,el
nx,ix
epi,g
ah,ah
w,w
ix,ix
g,g
p,k
ow,ow
l,ax
ax,ax
ae,ae
dcl,tcl
eh,ih
dh,dh
z,s
s,s
axr,ix
dcl,gcl
n,n
tcl,tcl
z,s
tcl,dcl
ix,ix
iy,iy
bcl,dcl
r,r
ae,ae
f,f
ix,ih
uw,uw
r,r
ih,ih
r,r
r,r
n,n
iy,iy
ch,jh
ae,ae
s,z
iy,iy
ix,ix
ao,ao
v,th
z,z
kcl,kcl
dcl,gcl
n,n
ax,ax
r,r
l,l
r,ax
ux,ux
epi,epi
g,g
iy,iy
iy,iy
ix,ih
epi,tcl
n,ng
w,r
ih,ey
w,w
r,r
ux,ux
eh,ey
aa,ao
uw,ux
l,w
aa,aa
aa,ae
r,r
dx,m
iy,iy
pcl,tcl
aw,ow
ih,ae
r,axr
s,s
ih,iy
iy,iy
ao,ao
gcl,gcl
w,w
n,ax
q,q
y,iy
ix,ix
oy,oy
k,k
aa,ao
ax,ah
n,ng
iy,y
ao,aa
ih,iy
s,s
ah,ah
iy,iy
v,nx
ux,uw
y,ih
iy,iy
iy,ey
n,nx
sh,sh
p,p
q,q
axr,axr
ng,n
hv,hv
ae,ey
dh,dcl
iy,ix
axr,axr
ix,ix
hh,hh
l,l
ng,ng
en,ng
ix,ax
v,n
ih,ix
z,s
iy,iy
sh,sh
iy,iy
ae,eh
l,l
ow,ow
ix,ih
ix,ax-h
s,s
epi,hh
tcl,bcl
w,w
n,n
n,en
dx,dcl
th,th
ey,ey
s,s
f,f
f,f
axr,eh
ax,r
ao,oy
g,g
bcl,bcl
ax,w
gcl,dcl
m,bcl
iy,iy
aa,aa
k,k
tcl,tcl
ae,ae
ih,ih
er,er
iy,ih
ix,q
dh,dh
ow,ow
gcl,gcl
ao,ao
ih,ih
ae,ae
t,t
tcl,tcl
f,f
er,eh
dcl,gcl
ix,ux
kcl,kcl
l,l
dh,dh
t,t
w,w
ax,ax
m,m
tcl,tcl
uh,ax
n,n
axr,axr
l,ix
kcl,kcl
l,l
l,ax
k,k
s,s
w,w
pcl,pcl
ih,eh
p,p
s,s
tcl,q
en,n
v,r
w,dcl
ch,ch
r,r
eh,ae
jh,t
tcl,tcl
p,p
l,l
eh,eh
ax,ix
t,jh
ih,ah
m,m
pcl,pcl
ix,iy
ey,ey
dcl,tcl
d,t
er,axr
ao,ao
l,l
f,f
iy,iy
tcl,dcl
iy,iy
l,l
l,l
sh,sh
ay,ay
l,l
bcl,dcl
eh,eh
k,k
k,g
s,s
y,hv
ao,aa
n,n
s,s
dx,dx
l,l
ow,ao
el,ax
tcl,pcl
uh,ih
eh,eh
p,p
dcl,dcl
dh,dh
ae,eh
sh,sh
ch,jh
bcl,bcl
pcl,pcl
oy,oy
epi,epi
pcl,gcl
z,z
pcl,pcl
ae,ae
ix,ix
s,s
w,w
iy,iy
kcl,kcl
k,k
pcl,pcl
kcl,q
k,jh
tcl,kcl
z,z
n,n
iy,ux
r,r
tcl,epi
y,y
ax,ix
f,f
en,en
ah,m
ow,ow
m,m
k,k
dcl,dcl
ih,ih
z,s
p,p
t,t
s,s
ax,ax
ix,ix
hh,w
eh,ah
r,r
ey,ey
dh,kcl
iy,iy
s,s
ae,ae
t,t
ux,y
k,k
ae,ae
ae,ae
r,r
kcl,g
dx,dx
s,s
er,er
nx,dx
n,nx
ix,ey
axr,axr
l,ng
m,m
n,m
s,s
v,v
ow,ow
s,s
r,r
eh,eh
ao,ao
q,q
iy,iy
ay,ay
ax,l
axr,ix
s,s
axr,r
ih,ih
axr,axr
axr,q
er,axr
n,n
pcl,pcl
d,d
m,m
aa,aa
g,g
tcl,kcl
axr,axr
s,s
k,k
ix,r
r,r
dh,t
ix,ix
aw,aw
n,m
s,s
gcl,gcl
m,m
el,ax
p,th
gcl,kcl
ih,ih
ao,ao
n,n
epi,epi
s,s
dcl,gcl
k,k
ao,ao
jh,jh
kcl,kcl
tcl,kcl
ix,eh
tcl,pcl
epi,epi
z,z
ix,ix
s,s
n,n
ey,ey
ae,ae
z,s
ey,ay
f,f
kcl,kcl
ey,ih
eh,ae
ng,ng
q,ix
kcl,tcl
s,s
z,z
iy,iy
eh,eh
dcl,dcl
m,m
z,z
epi,dx
ey,ey
y,y
gcl,dcl
th,th
w,w
uh,l
t,hv
t,t
s,s
bcl,bcl
kcl,gcl
r,r
kcl,kcl
dcl,dcl
f,f
r,r
z,z
r,b
dcl,dcl
ax,ix
r,r
ae,ae
n,ah
ng,n
er,er
ae,ae
s,s
iy,iy
ih,ih
ih,ix
tcl,tcl
ax,q
bcl,bcl
p,p
ay,aa
l,l
n,m
ae,ae
aa,aa
ih,ih
pcl,tcl
n,n
ax,ih
ux,uw
sh,s
s,s
oy,oy
ax,l
tcl,tcl
n,n
dcl,gcl
en,ix
t,th
s,s
l,ow
iy,iy
w,w
kcl,kcl
hv,hv
ao,ao
iy,iy
ae,ae
uw,ux
ah,ih
bcl,bcl
k,k
pcl,tcl
n,dcl
g,g
ey,iy
ix,iy
axr,axr
f,f
n,ng
bcl,dh
y,y
ix,ih
k,g
tcl,tcl
oy,ao
ey,ey
pau,tcl
ax,ix
ix,ix
eh,ah
kcl,kcl
ae,ae
k,k
ch,jh
pcl,pcl
ow,ow
f,f
ah,ah
kcl,gcl
ah,ah
m,m
kcl,kcl
z,z
iy,ix
s,s
zh,z
s,s
dx,v
iy,iy
tcl,gcl
kcl,dcl
s,s
eh,ih
axr,axr
k,t
w,w
s,z
ah,ax
s,s
hh,hh
ix,ix
iy,iy
b,dh
d,d
pau,tcl
r,r
ey,ey
ih,ih
pcl,kcl
s,s
s,s
tcl,kcl
hv,hv
ix,ih
ix,ix
t,t
axr,ax
ey,ey
ax,n
n,m
f,f
l,l
p,ax-h
er,axr
ah,ah
ay,ay
ix,ix
r,r
eh,ah
s,s
tcl,kcl
pcl,pcl
m,m
ix,ix
iy,iy
ng,ng
axr,axr
tcl,pcl
t,t
m,m
pau,pau
v,v
dh,dh
r,r
s,s
l,l
axr,axr
sh,sh
l,l
ao,ao
ng,m
g,g
iy,iy
ao,aa
ao,ao
l,r
ax,ax
axr,axr
s,s
ah,ax
s,s
ng,pcl
y,y
epi,v
w,l
r,r
ae,hv
n,m
kcl,kcl
l,l
s,s
th,t
ah,ah
q,q
aa,aa
ow,ow
ow,eh
q,q
z,z
m,m
kcl,gcl
ch,ch
ih,ih
er,er
er,axr
ux,ux
m,m
s,z
ao,w
m,ng
g,g
ax,dcl
ng,n
w,w
w,w
bcl,bcl
ae,ae
oy,q
pau,pau
ay,ay
m,n
aa,ah
ih,iy
k,k
f,f
dx,dcl
ax,n
r,ay
iy,iy
tcl,tcl
q,q
m,m
tcl,tcl
ah,ah
n,en
z,z
q,q
r,r
r,ax
ow,ow
ey,iy
r,r
s,s
eh,eh
v,v
k,k
tcl,pcl
er,axr
t,t
tcl,tcl
ey,ih
ey,ay
t,t
kcl,kcl
el,ax
r,axr
m,dcl
l,l
ix,ih
eh,eh
pau,tcl
iy,iy
r,r
eh,eh
g,g
m,m
kcl,kcl
axr,axr
eh,hv
pcl,pcl
axr,axr
z,s
aa,ae
k,k
ix,ix
ey,ey
ax,ix
ix,ix
hv,hv
s,s
w,w
ey,ey
oy,oy
ae,ae
kcl,kcl
w,w
pcl,q
pcl,tcl
uh,l
q,tcl
iy,iy
tcl,dcl
iy,iy
axr,r
l,l
l,l
bcl,ng
iy,iy
w,w
axr,axr
epi,epi
n,tcl
r,r
iy,iy
ow,ow
bcl,dcl
kcl,kcl
iy,iy
ix,iy
kcl,kcl
iy,ih
t,jh
k,k
w,w
d,d
tcl,kcl
n,n
jh,jh
l,l
m,bcl
f,f
eh,eh
r,r
r,r
l,l
y,y
aw,aa
hh,hv
s,z
ih,ih
kcl,kcl
dcl,dcl
kcl,tcl
ey,ey
tcl,pcl
y,r
en,n
axr,er
n,n
epi,epi
pcl,pcl
t,s
ae,ae
ix,ix
hh,hh
ix,ix
ax,dh
ng,ng
n,tcl
aw,aa
aa,aa
n,n
eh,ih
ih,ux
iy,iy
axr,aa
nx,ax
m,m
ix,r
kcl,kcl
eh,eh
m,m
ao,ao
pcl,pcl
y,y
kcl,kcl
s,s
axr,ih
uh,ah
ng,ng
l,ix
k,k
aa,ah
ao,ao
ae,ae
dcl,dcl
w,w
q,q
f,p
uh,ao
ao,aa
m,m
iy,ih
f,f
k,k
kcl,kcl
ih,eh
s,s
ix,iy
gcl,th
ey,iy
ao,oy
sh,sh
axr,er
ao,ow
axr,uw
aa,aa
kcl,kcl
n,dcl
v,f
f,f
ow,ao
ix,ix
v,v
t,t
n,n
ao,aa
kcl,k
iy,ux
ah,aa
aa,aa
iy,iy
er,er
dcl,tcl
v,v
aa,aa
ih,ey
ux,er
r,r
ch,sh
iy,ih
aa,aa
er,axr
m,m
n,n
pcl,tcl
dcl,v
v,z
bcl,dh
q,iy
tcl,tcl
s,s
n,dh
l,l
f,f
iy,iy
aa,aa
ae,ae
ix,ix
q,q
n,en
dcl,dcl
ih,ih
ng,ng
ae,ae
pau,gcl
aa,aa
s,s
l,l
kcl,kcl
ax,ah
er,axr
ch,jh
l,w
l,l
sh,sh
axr,uh
dcl,dcl
iy,ih
g,g
ow,ow
tcl,pcl
n,m
ow,ow
tcl,tcl
g,g
iy,iy
r,r
ae,ae
ng,ng
l,n
s,s
r,r
gcl,gcl
ax,ah
l,l
el,l
iy,r
t,t
ao,ao
gcl,gcl
ng,n
kcl,kcl
eh,eh
sh,sh
z,z
r,r
q,q
bcl,dcl
kcl,dcl
dcl,gcl
dx,dx
ix,ix
ch,t
dcl,dcl
ih,ax
tcl,pcl
s,sh
th,f
jh,jh
er,ih
l,ax
pcl,pau
iy,iy
jh,jh
n,n
d,dh
l,l
w,w
w,epi
m,m
ax,ax
nx,nx
epi,epi
kcl,kcl
r,ix
axr,r
n,m
tcl,kcl
ae,ae
tcl,pau
t,t
l,l
iy,ey
t,t
eh,eh
bcl,dcl
ix,ix
ax,ax
ao,ao
pcl,pcl
ax,q
ae,ow
ay,ay
k,k
kcl,tcl
ih,ih
iy,iy
oy,oy
ae,eh
b,b
r,r
w,w
s,s
tcl,kcl
r,r
gcl,gcl
k,k
ix,ih
ow,ow
jh,jh
ux,ux
ax,ay
kcl,q
tcl,q
l,l
z,z
oy,oy
ix,iy
epi,epi
r,axr
k,kcl
s,s
er,er
r,w
kcl,kcl
ix,iy
aa,aa
aw,aw
axr,axr
dcl,dcl
kcl,tcl
k,k
n,en
r,r
bcl,ng
m,m
ax,ax
axr,axr
m,m
r,r
k,dh
ix,ix
ao,ao
m,n
r,r
axr,axr
epi,epi
kcl,tcl
ae,ae
nx,m
ae,ae
ah,oy
kcl,kcl
ih,ih
eh,r
d,jh
ay,ay
l,m
r,r
em,m
ao,ao
ow,ow
kcl,kcl
pau,pau
l,l
r,r
m,m
z,z
dcl,dcl
n,n
kcl,kcl
tcl,tcl
t,p
y,y
ey,ey
r,r
dcl,tcl
sh,sh
q,q
ah,ax
s,s
k,k
s,s
dcl,tcl
kcl,kcl
w,w
pcl,pcl
oy,oy
w,w
s,s
hh,dh
pcl,tcl
k,k
jh,jh
f,th
axr,er
n,n
v,v
pcl,pcl
aa,aa
ih,ih
dcl,dcl
d,d
dh,d
tcl,kcl
eh,ix
kcl,kcl
el,el
tcl,dx
iy,iy
ix,axr
ey,ey
p,p
ao,ao
l,l
ao,w
w,w
el,ow
ux,ux
ow,ow
hv,hv
ih,ix
m,m
ix,ih
t,t
er,r
ix,ix
z,z
th,hv
ax,ax
th,th
ow,ow
ey,ey
pcl,pcl
eh,ih
el,el
s,s
ae,ae
gcl,gcl
eh,eh
ix,ix
z,t
m,m
z,s
iy,ix
z,s
ae,ae
kcl,kcl
pcl,pcl
epi,tcl
q,ax
ux,ux
eh,ih
pcl,pcl
l,l
ae,ae
q,q
ah,uh
eh,ax
aa,ah
bcl,bcl
y,y
pcl,tcl
eh,ae
hh,hh
ax,ax
f,f
z,z
y,q
n,n
w,w
eh,ah
ey,ih
q,m
nx,dx
n,q
s,s
tcl,kcl
y,y
ix,ih
r,r
gcl,tcl
th,gcl
ae,ae
eh,ix
q,ow
m,m
v,v
axr,ix
l,l
ey,ey
d,d
m,m
uw,ux
pcl,kcl
g,gcl
iy,ih
l,l
ix,ix
m,ng
gcl,kcl
ae,ae
er,axr
n,m
dcl,dcl
v,v
l,l
k,k
ey,iy
n,n
bcl,bcl
th,th
ah,eh
r,r
kcl,tcl
n,n
ey,ey
iy,iy
aa,aa
ux,ix
tcl,dcl
aa,aa
m,en
ix,ey
ih,ih
l,l
f,pcl
tcl,pcl
r,r
aa,aa
jh,ch
ch,jh
n,n
pcl,tcl
er,ih
q,q
n,n
s,s
iy,iy
ih,ih
y,d
ix,ix
eh,ae
ah,ax
ay,ay
eh,ih
w,l
en,en
dcl,tcl
en,n
ix,ix
gcl,pcl
w,w
er,r
oy,oy
ao,aa
ow,el
aa,ao
k,k
ix,ix
th,dh
z,z
p,s
w,w
ae,ae
iy,ey
ay,ay
n,ng
l,l
ow,ao
t,t
k,k
z,z
v,v
ch,t
kcl,kcl
r,r
ix,ix
bcl,pcl
dcl,tcl
s,s
n,n
f,f
ix,ix
hv,hv
axr,r
ux,ux
tcl,tcl
hh,hh
n,dcl
eh,eh
k,p
el,el
kcl,tcl
r,r
n,n
iy,iy
sh,sh
k,k
ix,eh
ow,ow
ao,ao
ah,l
l,l
tcl,tcl
sh,sh
axr,axr
iy,iy
f,f
iy,iy
epi,epi
l,l
f,f
iy,iy
l,ao
ow,ow
m,m
ao,aa
ix,iy
k,hh
l,ix
pcl,gcl
tcl,tcl
ix,ey
ax,ax
iy,iy
q,q
kcl,kcl
ae,aa
kcl,kcl
dcl,dcl
hh,epi
iy,iy
v,f
kcl,kcl
ae,ae
y,ix
ng,ng
dcl,tcl
ay,ay
sh,sh
f,f
ax,r
jh,jh
f,f
iy,iy
er,axr
tcl,tcl
t,t
ao,ao
ix,ih
n,n
ix,w
n,n
pcl,pcl
hv,ax
z,z
z,z
w,w
hv,hv
iy,iy
tcl,tcl
tcl,tcl
sh,sh
q,k
ix,ix
q,q
kcl,gcl
er,er
ix,iy
n,ix
v,r
n,m
s,s
l,ax
ah,ah
l,l
pau,pau
ey,ey
tcl,tcl
pau,pau
v,v
eh,eh
ix,eh
s,s
iy,iy
ch,jh
dh,dh
axr,axr
ix,iy
s,s
ih,ix
eh,ih
iy,iy
dh,dh
aa,ao
eh,ae
axr,ah
y,y
er,er
dh,dh
n,n
ix,ix
gcl,gcl
kcl,kcl
ux,ey
dcl,v
r,dx
axr,r
ao,ao
iy,iy
ix,ix
kcl,gcl
kcl,tcl
axr,r
f,th
t,t
ao,aa
z,z
t,t
s,s
ix,ix
dcl,dcl
er,axr
y,y
r,r
ix,ix
bcl,dcl
em,m
iy,iy
kcl,kcl
iy,ih
bcl,pcl
gcl,tcl
tcl,pcl
n,n
pcl,pcl
ix,ix
ix,ax
ay,ay
l,l
iy,iy
ey,ey
s,s
r,r
f,f
ao,ao
ix,ih
k,k
ch,ch
z,z
tcl,dcl
ih,ih
kcl,gcl
ax,w
kcl,dh
q,q
kcl,kcl
gcl,pcl
r,r
s,t
er,er
l,l
hh,p
ao,ao
n,n
ix,tcl
iy,iy
r,r
t,t
ih,ih
iy,ix
n,n
ax,ax
n,dh
eh,ah
dx,dx
dcl,dcl
ix,eh
l,l
z,z
hv,epi
k,k
pcl,tcl
dcl,tcl
r,r
f,pau
aa,r
hv,ix
iy,iy
iy,iy
ay,ay
sh,sh
er,er
en,m
bcl,bcl
v,v
v,v
n,n
pcl,tcl
s,s
z,s
r,r
m,m
f,f
kcl,tcl
aa,aa
f,f
s,s
eh,eh
m,m
aa,ao
ao,aa
z,s
m,m
w,el
w,w
ix,ax
jh,jh
ae,ae
dh,th
t,t
ey,ey
q,ax
d,jh
tcl,tcl
m,m
tcl,dx
p,p
d,d
m,m
bcl,m
ay,ay
hv,ax
l,q
v,tcl
p,p
dcl,n
bcl,bcl
dx,dx
eh,ih
l,l
n,n
dcl,kcl
tcl,dx
iy,iy
dx,tcl
l,el
zh,jh
ae,aw
ah,ah
ao,r
eh,eh
iy,iy
iy,ix
dx,r
q,q
p,p
f,f
s,s
s,s
iy,iy
z,s
ow,ow
p,p
q,q
q,q
jh,jh
ix,ix
r,r
eh,ae
gcl,dcl
epi,epi
ae,ae
r,l
v,v
k,k
f,f
ih,ih
v,v
kcl,kcl
ix,ix
jh,z
ix,ix
s,s
sh,sh
pau,pau
eh,ah
ix,ix
dh,dh
m,m
p,p
l,l
ix,ix
l,l
s,s
ix,ih
iy,iy
aw,ae
r,r
q,q
ah,p
w,w
ah,aa
aa,ah
t,t
bcl,bcl
ng,n
ix,ix
th,epi
bcl,pcl
l,l
dcl,tcl
ae,ah
k,k
t,t
kcl,tcl
el,pau
f,th
s,s
bcl,bcl
ix,ix
r,r
t,t
pcl,pcl
ix,axr
k,k
ix,ix
k,k
axr,q
er,er
eh,eh
dh,v
m,m
eh,ix
iy,l
s,s
ix,ih
tcl,kcl
dcl,m
l,l
k,k
er,aa
ng,m
ey,ux
ix,ix
tcl,pcl
ao,ao
l,l
t,t
ao,ao
eh,ae
dcl,dh
s,s
k,k
ay,ay
tcl,tcl
eh,ih
ix,el
ah,ax
kcl,tcl
gcl,bcl
q,n
eh,ey
dcl,dcl
n,n
aw,ae
n,en
m,n
sh,sh
er,er
eh,eh
s,s
nx,n
kcl,kcl
el,el
p,p
f,p
n,n
m,n
iy,iy
bcl,bcl
el,ow
v,ix
ah,ih
w,w
gcl,gcl
z,s
el,l
ih,ix
l,n
iy,iy
s,z
hh,k
z,z
gcl,gcl
iy,iy
iy,iy
l,l
ng,n
w,m
ih,ih
iy,iy
y,y
tcl,tcl
ix,l
n,n
en,ax
q,tcl
eh,eh
p,p
er,axr
ih,eh
iy,ix
kcl,kcl
p,p
tcl,pau
m,m
t,t
tcl,pcl
dh,dh
ix,ix
l,l
n,en
pcl,pau
eh,eh
ow,ow
m,m
r,r
k,p
iy,y
y,y
iy,y
l,l
s,z
ay,l
q,q
ih,ih
uw,ux
f,th
bcl,pcl
er,er
r,r
s,s
aa,aa
ay,ae
dcl,epi
ih,iy
ow,ow
pcl,kcl
s,z
kcl,kcl
en,ix
gcl,dcl
n,n
t,d
ux,ax
ix,ix
tcl,tcl
iy,y
tcl,tcl
k,k
hh,hh
n,n
ow,l
n,nx
dcl,bcl
r,ae
ey,ey
z,z
iy,iy
eh,ae
zh,zh
ax,r
zh,jh
axr,axr
ae,ae
ah,ah
pcl,pcl
aa,ao
s,s
z,zh
k,g
k,t
ey,ae
ux,ux
iy,iy
dcl,dcl
r,ix
l,q
kcl,gcl
ey,ey
tcl,tcl
ih,ih
ay,ay
r,r
tcl,tcl
ey,ey
kcl,kcl
b,p
s,s
f,f
iy,iy
ix,r
kcl,kcl
iy,ix
kcl,gcl
sh,sh
n,epi
f,f
pcl,tcl
ao,ao
r,r
ey,ey
n,n
n,ng
iy,ih
tcl,tcl
r,r
eh,ih
ix,ix
m,n
dh,dh
epi,kcl
ae,ae
z,s
er,axr
l,l
t,t
hv,hv
g,dh
tcl,k
q,pau
m,m
f,hv
eh,eh
ix,ux
epi,epi
ae,ae
v,v
hv,hv
tcl,tcl
ax,q
t,t
t,t
n,n
tcl,dh
y,y
m,m
eh,ah
t,p
s,s
s,s
r,r
t,t
q,ow
ay,ae
w,ah
tcl,pcl
r,r
d,k
v,v
dcl,dcl
pcl,pcl
z,z
er,er
ux,ux
ih,ih
kcl,tcl
iy,iy
l,l
kcl,kcl
en,n
kcl,kcl
s,s
sh,sh
eh,eh
ae,ae
tcl,tcl
w,w
r,r
n,n
th,dh
t,t
v,v
eh,ax
n,n
dcl,dcl
s,z
s,s
axr,axr
kcl,kcl
s,k
k,k
m,n
m,m
axr,en
ng,n
s,s
ix,axr
pau,th
tcl,gcl
r,r
ch,ch
y,y
ey,ih
l,w
l,l
dh,dh
ch,ch
dh,dh
iy,iy
p,p
l,w
y,y
n,ng
en,ix
m,m
l,l
gcl,tcl
ah,ae
w,l
ax,ax
dh,dh
iy,iy
v,l
dcl,bcl
n,n
dcl,dcl
ih,l
s,s
uh,ix
ae,ae
aw,ae
f,f
dx,dx
k,k
l,l
l,w
ih,ih
iy,y
iy,iy
l,l
f,f
d,t
n,n
kcl,tcl
dh,p
s,s
s,s
th,dh
t,t
kcl,kcl
axr,er
ow,ao
m,m
w,w
t,s
iy,iy
ah,ay
l,l
bcl,dcl
uh,ih
g,k
tcl,tcl
s,s
ih,l
ey,ey
r,r
ey,ey
dcl,dcl
ux,ux
tcl,tcl
hh,hh
dcl,dcl
n,n
iy,iy
tcl,tcl
t,t
y,y
q,q
iy,iy
ow,ao
q,q
hv,n
ix,ix
ng,ng
ow,ow
w,w
n,n
n,m
s,s
iy,iy
ow,ow
axr,r
k,k
gcl,bcl
dcl,bcl
aw,aw
y,tcl
sh,ch
ay,ay
iy,iy
z,z
ix,ih
gcl,gcl
ae,ae
dh,dh
dh,dx
n,n
tcl,tcl
f,f
ae,ae
k,k
ih,ih
dh,dh
s,th
m,m
y,y
axr,r
ih,ih
n,m
ao,l
t,t
ax,ax
tcl,n
dx,axr
iy,iy
k,k
n,n
l,l
ix,ix
n,n
v,v
aa,aa
s,s
n,dx
iy,ey
s,s
p,p
k,k
nx,dx
kcl,kcl
k,k
axr,er
q,q
dcl,dcl
sh,sh
ih,ih
r,r
hh,hh
n,n
ey,ey
gcl,gcl
n,n
ix,ix
ae,ae
s,z
el,l
pcl,tcl
ih,ix
s,s
q,q
axr,r
ao,ao
k,k
dx,dx
ah,ah
r,r
m,m
k,t
ih,eh
jh,z
epi,epi
ix,ix
ax,q
iy,iy
ax,ax
r,r
gcl,dcl
el,el
r,axr
v,hv
g,k
m,m
tcl,gcl
n,ng
n,n
s,s
ey,ih
t,t
s,s
s,s
ao,ao
nx,m
p,p
f,v
w,w
ax,ax
iy,iy
w,w
z,z
dx,q
g,k
ah,ax
t,d
ao,ow
kcl,tcl
q,q
axr,r
iy,iy
l,l
ow,ow
ix,ix
tcl,tcl
ae,ae
iy,ih
bcl,gcl
q,q
iy,y
hh,hh
ax,axr
q,q
ng,m
l,l
s,s
w,kcl
v,y
er,eh
er,er
el,el
dh,dh
w,l
y,y
ix,ix
t,t
pau,tcl
iy,iy
eh,ax
w,l
ux,y
s,s
tcl,tcl
s,s
tcl,kcl
m,n
r,r
ax,ax
epi,epi
ey,ey
iy,ih
kcl,kcl
ih,ih
ih,ih
n,n
ng,n
ow,ow
s,s
ux,ux
ao,ao
w,w
s,s
ix,iy
r,r
iy,ix
ae,axr
er,er
m,em
l,l
dx,dh
ey,ih
m,m
kcl,kcl
w,epi
ow,ow
jh,jh
iy,iy
tcl,tcl
ah,aa
er,er
ch,jh
r,r
tcl,kcl
ey,ey
iy,iy
s,s
dx,q
n,n
z,z
ey,ih
bcl,tcl
n,n
ah,ae
ao,ao
z,z
p,p
ih,ix
ao,ao
ey,iy
kcl,tcl
ey,ey
iy,iy
uh,axr
ng,l
m,m
ih,ih
v,v
r,r
s,s
ix,ix
dcl,dcl
iy,iy
q,axr
y,y
dcl,dcl
f,f
ay,ae
epi,f
ix,ae
axr,w
ng,n
ah,ah
ay,ay
s,th
g,k
pcl,pcl
r,r
f,f
ah,ax
w,w
s,t
s,s
n,m
n,n
s,s
ey,ey
aa,ao
kcl,kcl
ah,ax
kcl,kcl
ao,w
aa,ay
dcl,dcl
ch,jh
ae,ae
tcl,tcl
eh,ih
dh,dh
ao,el
ow,ow
ae,ae
ax,ax
tcl,n
s,s
m,m
pcl,tcl
ax,ax
tcl,tcl
s,z
dx,y
l,l
ae,ae
q,g
r,r
w,w
l,l
s,s
v,v
n,ng
ah,aw
k,p
iy,iy
dcl,dcl
kcl,epi
s,sh
dcl,dcl
s,s
iy,iy
ih,ih
bcl,bcl
n,n
w,w
ih,ix
ow,ow
ah,ah
m,v
ae,ae
w,l
ax,ax
f,v
ix,ih
l,l
uw,m
epi,epi
hh,k
ao,aa
pcl,gcl
n,m
m,n
pcl,pcl
d,d
pcl,tcl
l,l
iy,iy
ih,ix
tcl,dx
dcl,tcl
w,w
eh,er
sh,sh
tcl,tcl
r,r
w,dcl
ey,ay
ae,ae
tcl,dcl
l,l
d,t
dcl,bcl
ih,ix
z,z
l,ax
ix,ix
p,p
l,l
kcl,kcl
er,er
l,l
uh,w
axr,q
gcl,dx
iy,iy
eh,eh
m,n
ix,ix
ae,ae
f,f
gcl,gcl
n,n
f,f
t,s
ih,ih
l,l
ix,ix
tcl,tcl
ih,ae
aa,aa
ux,ix
l,l
t,t
q,n
n,tcl
ih,ih
l,w
ix,ix
z,z
kcl,pcl
kcl,tcl
ux,ux
ih,ih
s,s
oy,oy
iy,iy
dcl,gcl
p,p
z,s
ah,ah
sh,s
jh,jh
ix,ix
ix,iy
t,t
ao,aa
aa,aa
ae,aw
ay,ae
l,l
ix,ux
ah,ah
gcl,dcl
hv,hv
l,m
iy,iy
v,v
sh,sh
s,s
z,z
hv,hh
r,r
r,v
k,k
l,l
g,g
eh,eh
t,t
iy,iy
tcl,dcl
ah,r
k,k
sh,sh
oy,oy
kcl,kcl
s,s
s,s
tcl,tcl
q,q
k,k
z,t
n,n
ix,q
ow,uw
eh,eh
dcl,dcl
f,f
ix,ih
n,n
iy,iy
iy,iy
pcl,tcl
iy,iy
ao,ao
q,ax
jh,jh
b,dh
ae,ah
ey,iy
ih,ah
r,r
axr,zh
l,l
ux,ux
eh,eh
ah,ah
w,w
l,l
dh,v
p,p
s,s
k,q
t,t
ae,ae
ow,ow
jh,jh
pau,pau
hv,hv
m,m
ix,ux
t,t
axr,axr
l,ax
tcl,kcl
ix,z
epi,f
q,q
epi,p
hh,p
ao,ao
n,n
ax,ix
bcl,gcl
t,t
epi,epi
kcl,tcl
pcl,tcl
ih,ih
r,r
ae,ae
s,s
r,r
ah,ah
r,r
ah,ah
epi,epi
ix,ih
ux,ih
gcl,gcl
nx,nx
ey,ey
v,v
r,r
ey,ey
aw,aw
sh,sh
m,m
epi,p
s,s
ix,ix
ux,ux
s,s
d,d
aa,aa
r,r
k,k
iy,iy
aa,ao
nx,n
dcl,dcl
eh,eh
r,r
d,t
ih,iy
en,n
eh,eh
dcl,dcl
t,t
y,y
kcl,tcl
dh,dh
iy,iy
tcl,n
z,z
ch,ch
k,k
pcl,gcl
f,kcl
aa,aa
ow,ao
ix,ux
ix,ax
kcl,kcl
eh,eh
m,m
dcl,tcl
t,th
axr,axr
oy,m
tcl,tcl
dcl,dx
ih,ih
ix,ax
l,l
iy,iy
ix,y
ah,ix
r,r
th,th
r,r
s,s
s,s
ao,ao
m,m
ah,ah
bcl,bcl
ay,ay
y,y
pcl,tcl
l,l
f,pau
l,l
w,w
ih,ih
uh,ax
sh,sh
bcl,bcl
tcl,tcl
l,l
q,q
axr,axr
s,s
z,s
ax,dh
gcl,gcl
w,uw
pcl,tcl
w,w
ix,ix
iy,y
tcl,tcl
dh,dh
ao,ah
aa,aa
aa,ao
ix,ih
sh,sh
gcl,gcl
iy,iy
pcl,th
tcl,kcl
tcl,tcl
ey,ey
ih,en
ax,r
kcl,kcl
tcl,tcl
ae,ae
zh,z
ow,ow
ix,ih
s,s
kcl,f
l,l
th,th
dcl,dcl
axr,r
k,k
eh,ae
epi,epi
t,t
s,s
n,n
t,th
r,r
ax,ax
ao,uh
l,l
n,m
dcl,bcl
n,en
pcl,bcl
dx,dx
tcl,dcl
ae,ae
ae,ay
k,k
t,t
s,s
s,s
m,m
dh,dh
m,bcl
l,l
r,r
v,dcl
ih,ih
f,f
ng,m
s,s
kcl,pcl
n,n
q,q
ae,eh
dcl,dcl
aa,aa
t,t
kcl,kcl
ao,ax
dx,v
ix,ih
ow,ow
ao,ao
dh,dh
bcl,bcl
aa,aa
ux,r
kcl,kcl
nx,nx
sh,jh
iy,iy
kcl,tcl
jh,jh
y,y
sh,sh
en,en
axr,r
q,q
dx,dx
sh,sh
s,z
dh,uw
y,iy
dcl,gcl
ux,ux
tcl,tcl
l,l
k,k
er,er
l,l
ao,aa
p,k
s,s
axr,kcl
ih,ih
r,r
oy,oy
ao,ao
ow,ow
ay,ay
th,th
dx,dx
s,s
hv,hv
ux,ix
r,r
er,axr
axr,axr
g,k
ix,ix
ix,axr
iy,iy
dcl,dcl
n,en
kcl,kcl
l,ao
iy,ix
m,m
tcl,tcl
kcl,kcl
ix,iy
iy,iy
ih,ae
iy,iy
s,s
k,k
n,n
en,n
ey,ey
v,v
jh,jh
p,p
k,tcl
bcl,pcl
s,sh
v,v
w,w
ae,ae
dcl,gcl
q,q
z,s
ch,s
pcl,pcl
dcl,dcl
epi,gcl
g,k
axr,axr
t,t
ux,iy
l,l
kcl,tcl
iy,iy
tcl,tcl
q,q
f,dh
s,s
tcl,tcl
m,n
ix,ax
ix,ix
n,n
axr,axr
n,m
s,s
r,axr
dh,dh
p,th
n,n
tcl,q
tcl,tcl
n,n
tcl,m
ay,ay
ix,ih
tcl,dx
dh,p
ax,ax
ao,ao
t,t
ao,aa
aa,aa
iy,iy
th,th
nx,m
kcl,pcl
y,y
ae,ae
n,n
z,z
ao,ao
ao,ao
l,l
nx,nx
m,w
ix,ix
tcl,kcl
axr,axr
aa,aa
ao,ao
s,s
ey,ae
n,n
aa,ao
m,m
ae,ae
s,z
ay,ay
n,n
r,r
ux,ux
s,s
er,axr
ux,ix
l,w
iy,iy
s,s
ae,aa
iy,y
ih,ih
kcl,kcl
ao,oy
ix,ix
ao,aa
z,z
iy,ih
m,m
ih,ax
v,v
v,gcl
oy,oy
f,th
ow,ow
ih,ih
s,s
w,w
dh,z
pau,tcl
ix,n
ix,ix
s,s
kcl,epi
ao,ao
s,s
ix,ix
aw,aa
l,l
nx,n
oy,oy
ay,ay
tcl,p
dcl,tcl
iy,y
hv,hv
s,z
ay,ay
iy,y
ch,jh
t,t
hv,hv
l,l
f,f
iy,iy
ih,eh
el,ow
l,l
ah,q
sh,sh
w,w
bcl,pcl
v,dh
ax,ax
ih,ih
ey,ey
w,w
v,v
ao,el
ae,eh
pcl,pcl
ih,ae
axr,axr
ch,ch
r,r
axr,axr
t,t
ow,ow
ih,uh
g,k
d,t
sh,sh
r,r
ix,axr
nx,n
ax,ax
eh,axr
er,axr
k,k
uh,ih
r,r
k,t
l,l
tcl,tcl
bcl,bcl
t,jh
dcl,kcl
w,w
tcl,tcl
w,r
eh,eh
r,w
m,n
dx,dcl
iy,iy
s,s
s,sh
y,y
aw,aw
aa,ae
epi,f
ux,y
kcl,tcl
z,z
tcl,pcl
pcl,k
ay,aa
ow,el
y,ix
er,er
tcl,tcl
r,r
aa,aa
n,n
s,s
bcl,gcl
tcl,tcl
dcl,gcl
p,p
v,v
r,m
pcl,dcl
w,w
w,w
y,y
kcl,kcl
dh,dh
ey,ey
d,t
t,dh
iy,iy
ix,ix
k,k
k,k
dx,gcl
w,w
t,t
tcl,en
dcl,tcl
ix,ix
n,n
r,r
l,ax
g,g
tcl,tcl
iy,iy
ix,axr
s,s
ix,r
pcl,pcl
dcl,gcl
n,n
jh,jh
dcl,dcl
k,t
ah,ih
jh,jh
ih,ih
eh,eh
m,m
z,z
z,s
kcl,kcl
pcl,kcl
m,bcl
n,dx
er,er
r,ao
m,m
ao,aa
hh,hh
f,f
z,z
jh,jh
er,er
t,t
s,s
dcl,bcl
gcl,gcl
ah,ah
z,z
r,r
ey,ey
axr,axr
f,f
ae,ae
kcl,tcl
eh,eh
ah,eh
eh,eh
z,z
aa,aa
ay,aw
ix,ix
r,r
tcl,tcl
s,s
ay,ay
ao,l
aw,aw
ey,ey
ax-h,ax-h
ey,ey
ay,aa
s,s
k,k
sh,sh
ix,q
ux,ix
aw,aw
dh,dh
k,k
ch,jh
ah,ah
q,q
s,s
oy,oy
ow,ow
q,q
v,kcl
l,l
l,l
aa,aa
el,el
ae,ae
ih,ey
pcl,pcl
ao,aa
kcl,kcl
s,s
ay,ax
epi,epi
z,th
ax,ih
f,f
ah,ae
tcl,tcl
ih,ih
v,f
ng,n
ih,ih
dx,dx
axr,r
pcl,pcl
ix,r
ix,q
ow,ow
ih,n
s,s
er,er
bcl,gcl
hv,hv
ah,r
ax,ax
ay,oy
ow,ow
hh,hh
axr,axr
t,t
iy,ix
ay,ay
dcl,gcl
t,t
ah,ao
ix,q
iy,iy
s,s
ix,ey
ix,ix
er,axr
l,l
epi,epi
ah,ah
ah,ah
w,w
n,n
dcl,dcl
s,z
eh,eh
dcl,dcl
f,t
p,q
eh,eh
aw,aw
ae,ax
tcl,tcl
kcl,kcl
pau,pau
iy,iy
tcl,q
n,bcl
tcl,tcl
iy,iy
ao,ao
hh,hh
ix,ih
k,k
dcl,dx
n,n
axr,axr
ah,ah
jh,zh
ey,ey
v,v
k,k
w,w
en,ax
nx,n
iy,iy
w,n
ey,ey
pcl,pcl
pcl,pcl
axr,axr
ix,ix
aa,ow
kcl,kcl
iy,r
iy,iy
k,k
nx,dx
iy,iy
pcl,tcl
axr,axr
r,r
tcl,dcl
iy,iy
aa,aa
s,s
l,el
jh,jh
f,f
dcl,dcl
t,d
er,axr
aa,ao
m,m
tcl,tcl
ao,oy
s,s
ae,ay
l,el
l,l
hv,hv
z,s
tcl,tcl
er,er
ah,ax
b,q
m,m
eh,ih
axr,ix
ih,ih
hh,hh
axr,er
ae,ae
axr,er
r,r
zh,z
v,n
dcl,dcl
eh,eh
y,y
ay,ay
v,v
iy,iy
kcl,tcl
z,t
axr,ix
n,n
aa,aa
aw,aa
s,s
ae,ae
ey,ey
kcl,tcl
s,s
b,b
bcl,bcl
v,dh
ow,ow
kcl,kcl
m,m
l,l
ih,ih
ey,ey
ix,ih
ae,ae
w,l
axr,er
f,f
m,n
ey,ey
dx,dx
kcl,kcl
ix,eh
ae,ae
ao,ao
z,s
r,r
s,s
aa,aa
dx,dcl
p,p
iy,ih
l,el
pcl,pau
dcl,dcl
n,n
b,q
k,k
v,v
k,k
dcl,dcl
t,k
w,l
dcl,bcl
d,dx
nx,n
m,m
axr,er
epi,epi
kcl,kcl
l,l
tcl,bcl
ix,ix
ih,eh
n,n
axr,axr
k,k
eh,ah
ih,ih
tcl,n
axr,r
n,ng
tcl,tcl
m,n
iy,iy
gcl,ng
tcl,tcl
p,p
n,n
tcl,pcl
iy,iy
ix,ix
z,z
r,r
eh,ix
m,ng
z,z
v,v
n,n
eh,ax
axr,r
iy,ah
oy,oy
gcl,gcl
w,w
r,r
dcl,dcl
z,z
tcl,dcl
k,g
l,l
w,w
z,z
epi,epi
gcl,kcl
l,l
ao,w
ix,ax
ix,ix
w,w
eh,q
n,ng
p,p
k,k
q,tcl
aw,aw
iy,iy
ih,ih
dh,n
ix,ix
ah,ah
s,s
pcl,pcl
sh,sh
z,t
iy,iy
v,v
kcl,dcl
s,s
k,k
tcl,pcl
s,s
m,m
epi,kcl
d,d
tcl,tcl
ah,aa
tcl,v
r,r
dcl,tcl
hh,hh
ao,ao
oy,oy
g,g
axr,axr
iy,iy
l,l
bcl,bcl
l,l
th,s
q,tcl
s,s
n,n
ae,ey
axr,r
ay,ay
ay,ay
w,w
ey,ey
iy,iy
ae,ae
d,t
kcl,tcl
y,y
nx,n
dcl,dcl
tcl,dcl
n,m
ix,ix
tcl,en
ow,ow
dcl,dcl
d,t
l,w
r,r
ax,r
m,m
w,ao
z,s
ae,ae
z,z
r,r
ih,ih
g,p
g,g
l,l
t,t
axr,axr
t,p
iy,y
gcl,pau
ix,iy
t,t
n,n
er,er
g,p
ih,ih
ay,ae
r,r
k,k
r,r
aw,aw
r,r
ix,r
ae,ae
tcl,tcl
dcl,bcl
ix,ix
l,l
t,t
t,t
ow,l
oy,oy
k,k
iy,iy
s,s
em,m
ix,aa
ix,ax
eh,ih
ih,ix
n,ng
r,ix
ax,r
uh,w
pau,pau
ae,ae
aa,aa
n,ng
tcl,pau
gcl,tcl
ch,d
ix,ih
tcl,pcl
ow,ow
s,s
ix,ax
iy,ey
q,q
er,er
aa,aa
ae,ae
aa,ao
f,f
dh,t
z,z
n,n
ay,ay
n,ng
r,r
ow,el
n,en
q,q
t,t
ah,ah
ey,ey
ix,ix
tcl,kcl
kcl,kcl
q,en
g,k
ix,y
sh,sh
y,y
w,w
ah,ah
ey,ey
iy,iy
ae,ae
s,s
w,w
ix,ix
ah,aa
n,n
l,n
g,g
d,t
l,l
f,f
t,t
s,s
aa,ao
s,s
aa,aa
ae,ae
r,r
er,er
t,jh
t,t
r,r
ae,ae
k,k
ih,ih
n,m
ao,ao
t,t
l,l
r,ix
n,n
kcl,bcl
tcl,tcl
iy,iy
kcl,dh
ih,ih
z,z
th,th
l,l
nx,ng
tcl,tcl
ix,l
d,l
ao,aa
ix,ix
dh,dh
l,l
w,w
pcl,pcl
eh,eh
ax,ax
r,r
s,s
sh,sh
q,q
r,ux
dcl,tcl
s,z
m,m
s,z
zh,z
axr,axr
dcl,dcl
dcl,dcl
y,q
bcl,bcl
dcl,gcl
m,m
w,w
k,k
en,en
ax,el
s,s
kcl,kcl
m,m
pcl,pcl
sh,sh
ao,ao
ux,iy
ux,ux
en,en
ix,ix
n,n
axr,axr
dcl,dcl
ey,ey
l,l
ih,ax
ao,ah
eh,aa
s,s
s,s
iy,iy
q,q
l,l
n,n
l,w
s,s
ae,ae
l,l
m,dh
eh,ix
l,ax
n,n
dh,dh
kcl,kcl
ao,eh
pau,tcl
k,k
iy,ix
ay,ay
tcl,n
k,k
er,er
ax,ix
ih,ux
ae,ae
ih,ih
l,l
ah,hv
ey,eh
eh,ae
iy,iy
s,s
jh,jh
f,f
l,r
s,s
ao,ao
dh,g
uw,uw
s,s
axr,ax
dcl,dcl
tcl,pcl
q,q
ih,ih
eh,ah
axr,pau
iy,iy
eh,ae
n,nx
iy,iy
t,t
ih,ix
n,m
ix,ax
r,r
ax,ih
nx,ix
er,er
er,er
ao,aa
bcl,pcl
tcl,tcl
gcl,dcl
t,t
ih,ao
z,s
axr,dx
uh,ih
ae,ae
q,q
iy,iy
v,v
eh,ih
v,v
dh,dh
kcl,kcl
f,f
k,k
z,z
z,d
w,w
ix,ix
ih,ix
ao,ao
ih,ey
s,z
tcl,tcl
tcl,pcl
ix,ix
er,r
l,ax
hv,hv
ao,ao
pcl,tcl
t,t
ah,r
dcl,dcl
ah,ax
q,q
axr,ax
ix,ix
jh,ch
n,ng
l,l
iy,iy
aa,ah
bcl,pcl
iy,iy
eh,ih
r,r
q,q
epi,epi
epi,k
axr,axr
aa,ao
aa,aa
ah,ax
ae,ae
r,r
k,k
v,v
r,r
f,kcl
ix,y
sh,sh
d,jh
tcl,tcl
hv,ix
l,l
ah,eh
r,axr
p,p
ey,ey
bcl,pcl
ih,ih
epi,n
dcl,gcl
ng,ng
s,s
w,w
z,s
s,s
ow,ow
dcl,dcl
z,z
aa,aa
eh,ix
iy,ix
dh,tcl
r,r
ix,ih
ah,aa
z,s
oy,oy
ix,ix
tcl,tcl
ux,er
ix,ix
eh,ah
aa,aa
s,sh
aw,aw
uh,ih
ix,ix
eh,ih
n,n
jh,jh
k,kcl
dx,dx
s,s
m,m
y,y
kcl,tcl
k,k
aw,aw
ax,ax
eh,eh
kcl,gcl
kcl,gcl
z,z
tcl,gcl
en,n
tcl,tcl
k,g
z,z
r,r
s,s
ix,ux
axr,axr
er,er
aa,aa
dh,ix
k,g
ix,ux
er,r
q,q
el,el
axr,axr
er,er
ih,ih
axr,axr
ih,ih
axr,q
s,s
ux,ux
ih,ix
n,n
tcl,bcl
axr,axr
er,er
ih,iy
jh,ch
f,f
th,th
l,l
g,k
en,n
gcl,axr
z,z
tcl,tcl
dcl,dcl
ao,q
ae,ae
dcl,dcl
v,v
ae,ih
ax,ah
k,g
hh,hh
l,w
dh,dh
b,p
s,s
bcl,bcl
ix,ix
l,l
dcl,dh
ix,ih
iy,ix
axr,ux
q,q
v,v
r,w
sh,sh
n,ng
ax,l
sh,sh
axr,r
m,m
axr,axr
eh,eh
iy,iy
s,s
iy,iy
n,n
tcl,tcl
v,v
w,w
r,r
q,q
tcl,tcl
n,ng
f,f
t,t
ay,eh
iy,ih
ih,ix
g,g
l,aa
ax,ax
ih,ih
z,z
w,uw
kcl,gcl
iy,iy
dcl,dx
uh,ow
aw,aw
l,l
sh,sh
l,w
ax,ax
dh,dh
ix,ix
ng,el
en,n
tcl,tcl
ax-h,k
pcl,pcl
y,y
k,d
r,r
sh,sh
pcl,kcl
y,y
ow,ow
t,t
s,z
ax,ix
l,l
uw,ow
kcl,gcl
ax,ax
t,t
n,q
s,s
ao,ao
m,m
f,f
ay,ay
er,er
en,n
n,n
ah,ah
iy,iy
n,en
m,m
z,z
axr,axr
ax-h,kcl
ax,ax
r,r
kcl,tcl
dx,tcl
f,f
ao,ow
gcl,gcl
r,r
jh,ch
dcl,tcl
el,el
dh,dh
uh,uh
f,f
tcl,tcl
q,q
k,t
y,y
dcl,tcl
aw,aw
uh,uh
ax,ih
w,w
ay,ay
y,ix
bcl,bcl
dcl,dx
s,s
ix,ix
gcl,pcl
eh,eh
kcl,kcl
ah,uh
ix,ax
f,f
pcl,gcl
ch,t
g,g
tcl,tcl
ao,ao
sh,sh
f,f
s,s
ax,l
m,m
iy,y
v,dcl
d,d
en,dcl
kcl,kcl
gcl,dcl
ih,ih
uw,uw
dh,d
n,n
kcl,kcl
d,d
m,n
r,axr
ih,ih
ih,ih
q,q
k,g
axr,ix
iy,iy
aa,axr
f,th
gcl,gcl
eh,eh
m,en
s,s
ix,q
iy,ey
s,s
r,r
ow,ow
p,p
eh,r
iy,ey
ih,ih
k,k
r,axr
d,epi
v,v
ng,ng
w,w
kcl,kcl
bcl,dcl
ng,ng
er,axr
z,s
el,el
r,r
v,v
l,w
r,r
dh,ng
s,s
v,q
s,s
eh,eh
ay,ay
dh,z
v,pcl
n,n
ay,ay
pcl,tcl
ux,ux
dcl,dcl
tcl,gcl
z,z
kcl,gcl
sh,sh
g,jh
ah,ah
l,l
s,s
ao,ao
n,iy
dcl,n
axr,er
aw,ae
p,d
z,z
z,z
dh,n
ow,ow
iy,iy
ao,ao
t,t
em,m
kcl,epi
kcl,kcl
sh,sh
ix,ix
f,f
bcl,r
epi,epi
hv,hv
z,z
ih,eh
eh,eh
axr,axr
l,l
g,k
tcl,pcl
dx,dx
nx,q
dx,dx
ih,ih
uw,ix
kcl,tcl
ix,ix
f,p
iy,iy
ih,eh
ax,ax
th,z
ah,ah
sh,sh
s,s
p,p
aa,eh
iy,iy
ae,ae
n,m
s,th
ao,ao
k,k
kcl,kcl
ah,r
l,l
s,z
s,s
n,q
w,w
ux,ux
t,t
t,t
aa,aa
iy,iy
q,q
iy,iy
dcl,tcl
ix,axr
l,l
ih,ix
iy,iy
m,m
t,t
ih,ih
ao,ao
r,aa
pcl,pcl
m,m
t,t
t,t
ey,ey
n,n
tcl,th
w,w
hh,hh
iy,iy
q,ix
ao,ow
nx,m
aa,aa
ix,iy
l,l
iy,iy
tcl,tcl
g,g
aa,aa
ux,ux
iy,y
ix,ix
s,s
iy,iy
eh,eh
ih,ih
kcl,pcl
ix,hv
q,tcl
axr,axr
w,w
pcl,pcl
f,f
aa,aa
eh,eh
l,ax
q,q
v,n
m,ux
n,m
ih,eh
ih,iy
ih,ix
tcl,tcl
ax-h,ix
r,r
r,r
y,y
ih,ey
ix,ix
t,t
ae,ae
k,k
l,l
f,f
r,r
jh,jh
w,w
w,w
ao,w
gcl,ix
s,s
ih,ih
k,k
pcl,tcl
bcl,bcl
s,s
d,g
tcl,tcl
t,t
aa,ao
ix,w
ix,ax
aa,aa
n,n
d,t
t,dh
kcl,tcl
ch,ch
dcl,gcl
g,g
ao,ao
l,l
iy,iy
axr,axr
n,m
ao,ao
ey,ey
w,w
aw,aa
ng,n
dh,gcl
z,z
n,en
sh,sh
iy,y
w,w
t,t
ax,ax
z,z
kcl,pcl
l,ix
ux,ao
ax,ix
uh,ax
sh,jh
kcl,kcl
sh,sh
q,l
s,s
v,v
iy,iy
hv,hv
s,s
sh,sh
ao,ao
ae,ae
ax,ax
s,s
n,n
ow,el
tcl,tcl
gcl,gcl
r,r
oy,oy
iy,iy
pcl,kcl
kcl,kcl
iy,ey
r,r
pcl,pcl
iy,iy
q,q
axr,axr
dcl,gcl
ey,ey
q,q
ay,ay
ae,ae
kcl,kcl
pcl,pcl
s,s
z,s
hv,hv
n,n
pau,pau
s,s
t,k
ey,ih
ah,ah
ux,ux
ey,eh
eh,ow
s,z
l,l
dx,dx
kcl,tcl
ae,ae
dh,k
ax,ah
ix,l
t,t
kcl,kcl
ao,ao
sh,s
ih,iy
f,f
gcl,dcl
ux,ux
ih,ih
d,d
s,s
f,f
th,th
pcl,tcl
ao,ao
s,s
r,r
aa,aa
sh,sh
r,r
ae,ae
ax,ah
axr,er
s,s
pau,kcl
r,r
q,q
aa,aa
tcl,tcl
ey,ey
hh,hv
q,q
ah,r
n,n
bcl,pcl
jh,jh
er,r
r,r
kcl,kcl
pcl,kcl
tcl,dcl
r,r
q,gcl
kcl,kcl
kcl,gcl
ah,ah
er,er
q,q
k,k
n,n
ih,ix
tcl,tcl
y,y
dcl,dcl
ih,ih
m,dcl
epi,epi
s,s
ih,ix
el,uw
k,k
f,f
dh,th
aa,ao
ix,ix
iy,iy
l,l
tcl,kcl
kcl,kcl
w,tcl
q,ix
m,m
n,n
f,th
k,k
s,s
n,pcl
w,w
q,q
eh,ae
z,s
eh,eh
ow,ow
ow,ow
n,n
iy,iy
dx,dh
pcl,pcl
ix,iy
axr,ix
ah,ah
eh,eh
w,w
dcl,dcl
ih,ih
f,t
gcl,gcl
ax,l
ey,ey
t,t
ey,ey
l,l
m,n
dcl,dcl
eh,ae
er,eh
r,r
s,s
eh,eh
k,k
ix,ix
tcl,dcl
s,s
ae,ae
kcl,epi
n,n
tcl,tcl
r,r
iy,iy
kcl,kcl
pcl,pcl
n,n
n,n
axr,er
ay,ay
p,p
ih,iy
eh,ih
v,g
k,k
l,el
gcl,ux
nx,dx
iy,ih
r,y
p,b
ax,nx
ix,ih
ih,ih
n,n
k,g
er,axr
dcl,dcl
gcl,gcl
s,s
ih,iy
q,q
eh,ih
ao,ow
ih,ih
iy,iy
l,l
q,q
dh,bcl
ax,ax
ax-h,ax
ix,l
r,r
ih,ah
gcl,dcl
ix,axr
r,r
ao,ao
kcl,kcl
s,s
ah,ow
s,s
ow,ow
s,s
ax-h,ax-h
ey,ey
nx,nx
hh,p
epi,epi
z,z
n,n
tcl,tcl
iy,iy
ah,ah
ow,l
f,f
s,dh
eh,ih
ax,w
bcl,bcl
s,s
m,m
iy,ey
iy,iy
ah,ah
pcl,tcl
ih,ih
dcl,dx
kcl,kcl
ao,aa
r,r
aa,aa
gcl,pcl
v,bcl
eh,r
ay,ay
z,z
ax,ix
ix,ix
ey,ey
n,n
dx,dx
w,ao
ey,ey
n,ng
n,ng
iy,iy
n,n
s,s
iy,iy
iy,ix
w,w
iy,iy
r,r
s,s
l,nx
k,k
ax,ax
q,q
ey,ey
gcl,tcl
ix,ix
ih,ey
iy,iy
m,m
bcl,gcl
tcl,tcl
ay,ay
d,dh
dcl,dcl
ao,ah
l,dh
pau,pau
s,s
uw,uw
tcl,tcl
b,p
er,aa
ax,ux
r,r
kcl,epi
eh,ix
dh,dh
ah,ah
iy,iy
n,n
kcl,kcl
ix,ix
epi,p
pcl,tcl
ow,ow
ao,ah
jh,jh
kcl,kcl
b,b
v,v
s,s
hv,hv
l,l
g,b
eh,eh
hh,t
dcl,tcl
eh,ah
n,dh
iy,iy
dcl,tcl
r,ah
w,l
nx,dx
ax,q
pcl,v
ix,ax-h
tcl,bcl
l,l
iy,iy
f,f
v,v
iy,iy
f,f
t,k
axr,axr
dx,dx
n,n
p,dh
ax,q
r,r
ae,ae
kcl,gcl
l,ix
m,m
g,g
s,s
iy,iy
n,n
ae,ae
iy,iy
s,s
q,q
hh,hh
dx,y
z,s
ax,ix
sh,sh
bcl,bcl
pau,dh
l,l
n,ng
w,w
ao,ae
ae,ae
m,nx
pcl,pcl
f,f
sh,sh
ix,r
t,t
ix,ix
ux,ux
l,l
aa,aa
ao,ao
aa,ao
ey,ey
hh,hh
ix,ix
axr,axr
tcl,kcl
aa,aa
ch,ch
ah,ah
eh,l
g,g
ao,aa
uh,l
l,l
ey,ey
ix,y
axr,aa
m,m
epi,epi
tcl,v
ih,ix
q,q
ix,n
f,t
n,n
z,s
ax,ih
l,el
f,f
q,q
iy,iy
g,g
ax,ax
ix,ax
n,n
r,axr
axr,axr
f,th
ae,ae
n,n
s,s
ux,ux
l,r
iy,iy
sh,sh
f,f
ow,ao
ay,aw
y,y
d,dx
ix,uh
m,n
r,r
ah,ah
m,m
ih,ey
ih,ih
n,n
jh,jh
s,s
p,p
tcl,q
y,y
kcl,kcl
jh,jh
ix,eh
dcl,dcl
d,g
iy,iy
ax,ix
v,v
m,m
n,n
l,l
m,m
n,n
hh,hh
k,g
tcl,pcl
er,er
uh,ow
n,n
ae,ae
tcl,tcl
ae,ae
l,l
p,p
sh,s
iy,iy
z,z
m,epi
ix,r
g,k
th,th
m,m
w,w
eh,eh
f,f
ix,ix
el,el
z,s
s,th
m,m
q,q
q,q
y,y
l,ax
oy,oy
q,q
iy,iy
ux,ix
n,g
r,ih
r,r
ao,ao
uh,ah
ey,ey
er,er
axr,er
tcl,tcl
n,en
iy,iy
eh,ae
l,l
pcl,tcl
n,n
ay,ay
ix,ux
kcl,tcl
ix,ih
em,n
q,q
q,q
dcl,pcl
iy,iy
d,d
dh,z
s,s
ix,y
bcl,pcl
dx,nx
axr,r
ay,ey
ix,ix
aa,aa
z,z
kcl,tcl
n,n
ih,ih
p,p
ay,ay
uw,ux
iy,ux
l,dh
ah,eh
s,s
ae,ae
el,ao
n,n
kcl,kcl
r,r
ix,ix
ao,aa
eh,eh
iy,ih
y,y
ay,aa
ow,ow
p,p
w,w
dh,dh
l,w
s,s
ix,ix
hv,p
oy,aa
sh,sh
ae,ae
s,z
gcl,bcl
dcl,dcl
kcl,kcl
ng,gcl
ix,ix
eh,ae
t,d
s,s
axr,axr
k,p
tcl,tcl
t,t
ey,ey
w,w
bcl,bcl
gcl,ng
ux,y
tcl,tcl
tcl,tcl
eh,eh
ah,ah
bcl,epi
tcl,tcl
n,ux
bcl,m
l,l
iy,iy
ux,ux
ay,ah
hv,hv
ay,ay
ey,ey
ow,uh
axr,ao
iy,iy
p,p
k,k
ix,ax
ah,ah
ux,iy
dh,p
y,y
kcl,tcl
v,v
dcl,tcl
m,n
ih,ih
n,m
hv,hh
g,dh
s,s
iy,iy
ow,ow
n,n
t,t
ah,eh
ax,ix
f,f
t,t
r,r
l,l
gcl,dcl
ng,ng
uw,ux
ow,ow
en,n
d,t
k,k
er,er
ow,ao
m,n
er,axr
th,th
r,r
s,s
ih,ih
tcl,pcl
r,r
n,tcl
dh,dh
ah,ah
s,s
ao,aa
s,s
er,er
ux,ux
er,uh
ey,iy
ux,y
uh,ax
ey,ae
r,r
ax,l
dx,dx
z,z
ay,ay
ix,ix
t,t
k,k
dcl,dcl
hv,hv
l,l
l,l
sh,sh
w,q
l,el
em,en
y,y
f,f
ax,ax
kcl,kcl
dcl,q
dcl,dcl
y,y
q,kcl
ay,ay
ih,eh
ih,ih
axr,axr
kcl,kcl
ih,ih
axr,axr
ih,ix
y,y
w,w
dh,dh
ix,ix
w,w
y,y
er,er
kcl,kcl
z,z
iy,ih
g,dh
t,t
tcl,tcl
aa,ao
ey,ey
ih,ih
n,n
p,k
eh,eh
m,m
t,t
r,r
ix,ih
r,r
m,m
ao,ao
er,axr
kcl,kcl
r,er
pcl,kcl
iy,iy
ix,ih
l,ay
m,ng
tcl,tcl
eh,ih
er,er
er,er
ao,ao
kcl,pau
m,m
ix,l
w,r
ng,ng
y,y
eh,ih
ih,ih
en,en
w,w
s,s
y,y
uh,el
v,v
dh,dx
ae,aa
q,q
r,r
pcl,pcl
v,dh
kcl,tcl
sh,sh
tcl,dcl
w,w
sh,sh
uh,uh
z,z
hh,hh
axr,er
iy,iy
r,r
ih,ix
m,m
iy,ix
n,dcl
w,w
pcl,pcl
iy,iy
n,n
dcl,bcl
iy,iy
iy,iy
m,en
s,s
d,d
iy,iy
kcl,kcl
ix,ih
r,r
el,ax
q,q
kcl,tcl
r,r
ay,ay
ow,ow
dcl,dcl
aa,aa
tcl,tcl
ix,eh
ix,ih
aa,ao
m,m
ax-h,tcl
ih,ih
ah,aw
v,pcl
ax,ax
tcl,tcl
s,s
ih,ih
ah,ah
ch,ch
iy,iy
dcl,gcl
n,n
sh,sh
q,ix
dcl,dcl
ay,ay
iy,ih
w,w
tcl,kcl
ih,ih
z,z
eh,ah
z,z
tcl,tcl
tcl,kcl
f,f
ay,ay
n,n
ay,ay
q,q
ow,ow
iy,ux
ix,ix
oy,oy
l,l
kcl,pcl
n,n
f,f
eh,eh
r,r
l,ow
epi,epi
k,k
ng,n
dh,th
q,ax
ah,ah
iy,iy
ax,ax
w,w
p,p
k,k
m,m
ux,ux
r,r
m,m
aa,r
eh,ih
z,z
s,s
y,y
eh,eh
aw,aw
l,l
ae,ae
aa,ao
q,q
ix,ix
ih,ix
kcl,tcl
iy,iy
v,bcl
er,er
ey,ey
ix,ih
f,f
th,th
l,ah
d,d
q,q
r,r
ey,ey
aa,aa
dcl,tcl
ih,ih
m,n
iy,iy
sh,sh
sh,sh
ao,ah
jh,jh
iy,iy
dx,ux
th,pcl
gcl,pcl
ix,ix
f,f
ng,tcl
er,er
ix,q
ah,ah
eh,ih
bcl,bcl
m,n
ix,ix
s,sh
tcl,tcl
kcl,kcl
axr,axr
eh,oy
dcl,tcl
s,s
ah,ah
jh,jh
axr,axr
n,n
ih,ix
iy,iy
t,t
hh,k
n,l
m,n
l,l
v,r
dcl,tcl
g,ng
ng,ng
r,r
q,q
axr,r
ux,ix
ax,dh
ch,ch
aa,aa
pcl,pcl
q,q
ux,ux
ix,ax
iy,iy
k,k
ay,ay
ae,ae
epi,epi
l,l
ix,ix
f,f
n,n
aa,aa
aw,aw
n,ix
d,t
ax,l
dx,g
axr,axr
l,l
dcl,tcl
ix,ax
l,ao
hh,hh
ah,ah
y,y
dcl,dcl
y,y
tcl,dcl
epi,epi
k,k
dx,dcl
y,y
eh,eh
s,s
l,l
oy,ao
n,n
l,l
ow,ow
t,t
pcl,pcl
n,ng
t,t
kcl,kcl
r,r
tcl,pcl
eh,ae
m,m
m,m
tcl,tcl
ix,ix
k,k
r,r
dh,dh
aa,aw
iy,iy
eh,ae
iy,iy
kcl,tcl
ih,ae
ih,ih
s,s
r,r
v,v
eh,ih
ix,ih
sh,sh
n,n
f,th
s,s
ow,ae
sh,sh
dcl,dx
s,z
epi,epi
m,m
dx,dx
em,w
ix,ih
p,p
m,bcl
ae,ae
ae,ae
kcl,kcl
ix,ax
kcl,kcl
d,t
iy,iy
l,l
p,p
ax,ax
ix,ix
eh,ax
dx,dx
iy,iy
m,m
kcl,kcl
z,z
ax,ax
n,w
kcl,kcl
iy,iy
w,w
m,m
aa,ao
pcl,pcl
kcl,kcl
ix,ix
kcl,kcl
l,el
iy,ey
ao,ay
gcl,gcl
l,l
dcl,gcl
gcl,gcl
epi,kcl
z,z
s,s
eh,ae
aa,aa
v,v
bcl,dcl
m,m
n,n
ih,ih
q,q
jh,sh
s,s
k,k
q,q
tcl,tcl
k,k
p,p
s,z
pau,pau
v,v
aa,aa
th,th
epi,epi
l,l
er,ix
th,f
eh,eh
axr,axr
r,ix
ih,ix
n,n
ow,ow
tcl,tcl
n,en
p,p
iy,iy
eh,eh
iy,iy
dcl,dcl
v,f
ao,ao
iy,iy
aa,aa
dcl,dcl
m,n
ao,ao
d,t
p,p
ix,ix
iy,ux
y,y
iy,iy
sh,sh
ih,ix
ix,axr
iy,ix
ng,bcl
m,n
tcl,tcl
d,d
r,q
ih,ih
ay,ay
er,axr
er,axr
ix,ix
l,l
t,t
l,l
iy,iy
hv,hv
er,r
el,ax
s,s
ih,iy
r,ng
s,s
ae,eh
k,k
n,n
k,d
kcl,kcl
tcl,pcl
k,k
ix,ux
s,s
r,r
s,s
aa,aa
eh,ix
y,y
ux,ux
k,k
ih,eh
m,m
ix,l
n,m
pcl,pcl
ao,ao
ae,eh
r,r
r,r
s,s
dcl,pcl
t,t
en,l
uw,ax
ix,q
iy,iy
n,n
ax,ax
s,s
iy,y
l,q
gcl,tcl
nx,dh
aa,aa
ao,ao
q,q
n,n
tcl,pau
ax,ax
dh,dh
l,l
v,v
kcl,tcl
n,n
p,p
tcl,tcl
kcl,pcl
dx,dx
uh,uh
y,y
g,g
ao,ao
bcl,bcl
iy,iy
n,n
iy,ix
ix,ax
g,g
t,ch
ng,m
g,g
l,el
n,n
epi,l
th,f
pau,pau
f,f
hh,p
gcl,dcl
ih,ih
er,ah
m,n
s,s
tcl,tcl
q,q
aa,aa
t,s
axr,ix
n,en
m,ng
ix,ay
s,s
ay,ay
ix,iy
ao,aa
r,r
ax,ax
f,f
er,aa
k,k
r,r
l,l
t,t
dx,dx
nx,n
tcl,tcl
s,s
nx,nx
sh,sh
dcl,dcl
kcl,kcl
n,n
dh,v
axr,axr
pcl,pcl
r,r
r,r
s,s
ax,ax
tcl,dh
er,r
ae,ae
dcl,tcl
ix,ix
k,g
iy,iy
eh,eh
ix,ix
uw,uw
ix,ix
sh,sh
ix,q
r,r
tcl,k
sh,sh
er,er
q,q
ix,ix
v,v
ey,ey
iy,iy
t,t
g,k
f,f
bcl,pcl
r,r
m,n
w,w
kcl,kcl
ow,ow
m,m
dh,ng
eh,ah
w,w
l,ay
s,s
m,m
ng,dcl
ao,ao
kcl,kcl
kcl,kcl
ih,ih
dcl,dx
z,z
iy,iy
n,bcl
p,p
tcl,kcl
q,en
k,k
r,r
ey,ey
m,m
hh,hv
ih,ih
ch,ch
ah,ah
p,p
t,t
l,l
l,l
k,ch
ix,y
iy,r
ay,ay
r,r
n,en
r,r
sh,sh
ey,ey
q,q
t,s
sh,sh
z,s
epi,epi
axr,ix
tcl,kcl
ah,ah
k,th
s,s
uh,ao
r,r
s,s
kcl,kcl
gcl,gcl
eh,ae
ey,ey
ax,ax
ih,ih
l,l
dcl,tcl
n,n
sh,sh
tcl,tcl
l,l
dx,tcl
eh,eh
sh,z
v,v
q,q
ix,ix
ay,ih
jh,sh
n,n
f,f
tcl,tcl
b,p
sh,s
t,t
axr,axr
el,el
bcl,dcl
pcl,kcl
ax,ax
ay,ay
ae,ae
aa,aa
pau,pau
tcl,tcl
pau,pau
w,w
ax,ix
ae,ae
f,f
ah,ah
ix,r
ux,ux
s,s
pcl,pcl
r,r
ux,ux
ix,ix
pau,v
l,l
epi,kcl
ah,ao
ix,ix
en,n
l,l
jh,jh
v,v
el,el
er,er
tcl,kcl
m,em
ih,ih
pcl,pcl
t,t
sh,sh
r,r
p,p
d,t
ix,ax
z,s
aa,ae
s,z
w,r
t,t
er,r
ay,ay
ix,ih
s,s
ah,aa
ix,ix
en,en
tcl,kcl
p,b
n,n
ae,ae
ax,ay
ay,ay
gcl,gcl
tcl,tcl
z,z
ih,ih
jh,z
ix,ih
bcl,gcl
ay,ay
m,m
kcl,pcl
tcl,gcl
k,g
z,z
k,k
er,axr
uh,ao
dh,f
k,k
ix,en
s,s
m,n
s,z
s,s
p,th
p,p
ae,ae
eh,ah
kcl,kcl
kcl,kcl
eh,ix
z,s
ae,ey
dh,dh
ix,ix
k,k
kcl,kcl
w,w
t,t
ao,ao
pcl,tcl
w,w
r,r
d,y
bcl,bcl
pcl,pcl
tcl,gcl
m,m
dx,tcl
pcl,pcl
ix,ix
l,r
hh,q
aa,aa
dcl,tcl
f,f
p,p
n,n
ix,ix
n,nx
z,z
axr,r
r,axr
ix,ix
ax,l
w,l
ux,ix
l,l
kcl,tcl
ey,ey
ch,t
ix,ix
n,n
tcl,tcl
eh,ae
n,n
ih,ih
ae,ae
ao,oy
er,er
tcl,tcl
ae,ae
epi,tcl
uw,uw
gcl,gcl
r,r
t,ch
kcl,kcl
kcl,gcl
l,q
ay,ay
ih,ih
kcl,tcl
r,r
en,ix
tcl,kcl
en,n
dh,dx
kcl,kcl
iy,iy
v,v
z,hv
g,g
l,ah
ah,ah
ah,ih
n,ao
ow,ow
ey,ey
t,t
m,m
s,z
l,l
ao,axr
dcl,dcl
ih,ih
bcl,pcl
k,p
w,w
axr,axr
d,t
ow,ow
w,w
axr,axr
kcl,kcl
y,ix
dh,dh
ow,ow
ae,ae
n,ax
ow,ow
r,r
ix,ix
oy,oy
dcl,dcl
iy,iy
aw,aw
r,aa
m,m
n,en
ah,ah
w,w
t,t
dcl,n
r,r
nx,dx
oy,oy
ix,ix
iy,iy
ng,k
ih,ih
s,s
t,t
ae,ae
r,r
iy,iy
s,sh
ow,aa
k,f
gcl,n
ax,l
aa,aa
t,t
l,ux
r,aa
ix,ix
l,l
eh,eh
axr,er
dh,tcl
en,n
pcl,pcl
pcl,tcl
m,m
nx,n
m,m
ix,ix
ng,ng
s,s
iy,iy
l,l
ih,en
q,q
s,s
k,p
r,r
ae,eh
hh,ax
w,w
sh,sh
oy,ao
n,n
ux,iy
axr,axr
w,w
axr,axr
aa,aa
ay,ay
epi,kcl
r,r
ih,ix
v,v
kcl,tcl
m,n
ao,ao
f,f
aa,aa
uh,ih
k,k
ow,ow
ix,ax
tcl,tcl
r,axr
ih,ix
q,q
l,l
ae,ae
w,w
iy,iy
ow,ao
hv,hv
en,n
m,m
ux,iy
ih,ih
ih,ax
er,axr
d,dx
eh,aw
axr,ax
ch,jh
el,ow
t,t
n,en
sh,sh
d,d
ao,ah
tcl,tcl
kcl,kcl
tcl,m
s,s
d,t
pau,tcl
k,g
ax,ah
ng,ng
ey,ey
dcl,dcl
dh,dh
t,t
ax,axr
epi,epi
s,s
gcl,dcl
kcl,gcl
kcl,kcl
ix,axr
q,q
q,l
n,dcl
ax,ix
q,q
axr,axr
tcl,tcl
iy,iy
kcl,gcl
s,s
t,t
kcl,tcl
l,l
ao,aa
t,t
dcl,gcl
axr,axr
t,t
tcl,kcl
ix,ih
g,g
gcl,gcl
axr,axr
pcl,tcl
axr,ax
g,q
jh,jh
iy,iy
ux,ux
ih,ih
kcl,kcl
v,f
ae,ae
v,v
ax-h,epi
k,k
tcl,tcl
l,l
k,k
ow,l
n,n
n,n
l,l
n,n
tcl,tcl
q,tcl
hv,r
p,p
zh,z
q,ix
b,dh
l,l
k,k
s,s
r,r
ih,ih
ux,ux
l,l
axr,aa
b,p
n,n
n,m
ih,ih
epi,kcl
ey,ey
s,s
hv,hv
ux,y
kcl,gcl
ch,ch
aa,aa
bcl,bcl
iy,iy
ih,ux
ax,r
hh,hh
uw,w
iy,iy
dh,f
ch,sh
er,er
d,dh
z,z
ux,ix
s,s
ay,aa
ix,ix
ao,ao
ih,ix
m,m
ix,ih
y,y
r,r
q,q
l,w
kcl,kcl
r,v
sh,sh
iy,ih
s,s
kcl,gcl
dcl,dcl
ay,ay
eh,ih
kcl,q
r,r
iy,iy
q,q
r,r
t,t
z,z
ae,ae
eh,ae
iy,ih
hv,ax
f,f
r,r
pcl,tcl
ax,ax
ix,eh
s,s
ah,ay
ix,ih
r,r
dcl,dcl
l,l
hh,hh
bcl,bcl
ey,ey
r,r
f,f
ao,ow
ah,eh
m,m
pcl,pcl
iy,iy
d,d
eh,eh
r,er
ow,ow
d,dh
ae,ae
m,n
iy,iy
g,dx
l,n
iy,iy
n,n
ch,jh
iy,iy
pcl,pcl
ay,ay
t,d
t,tcl
ax,ax
l,ax
ae,ae
ey,ey
n,n
eh,eh
iy,iy
ax,ax
el,el
r,r
oy,oy
dx,l
iy,iy
l,l
ae,ae
iy,iy
ng,w
n,ng
ix,ax
tcl,tcl
n,n
s,s
axr,axr
axr,d
epi,epi
w,w
tcl,tcl
ae,ae
kcl,epi
v,v
l,l
gcl,dh
tcl,tcl
ih,ih
p,p
hv,hv
k,k
s,s
z,z
tcl,kcl
axr,ix
eh,eh
z,z
l,l
s,s
r,iy
r,w
axr,er
iy,iy
dcl,tcl
n,tcl
f,f
r,ix
ix,ix
l,l
kcl,q
f,f
aa,aa
ao,ao
r,r
ih,ih
ao,aa
ng,n
uh,ih
q,q
epi,epi
k,k
ax-h,hh
ih,ih
ay,ay
r,r
z,s
f,sh
aa,aa
k,k
ax,r
aa,ao
tcl,dcl
iy,iy
eh,eh
n,n
ux,ux
s,s
sh,sh
tcl,tcl
ih,ih
tcl,tcl
ow,ow
l,l
uh,ih
s,s
iy,iy
ax,l
ih,ih
n,en
epi,epi
dx,dx
l,ax
eh,ae
w,w
s,s
gcl,gcl
y,y
k,t
q,l
f,f
t,d
axr,axr
s,s
d,t
r,r
l,m
pcl,pcl
ih,ah
v,dx
k,k
l,axr
th,th
z,s
bcl,bcl
z,z
ix,ax
q,dx
k,k
ax,ae
n,n
pcl,pcl
oy,oy
dcl,dcl
ax,ax
ow,ow
axr,r
tcl,tcl
l,q
s,s
l,n
v,v
kcl,kcl
axr,ix
iy,iy
z,s
aa,aa
ae,ae
kcl,kcl
iy,iy
kcl,pcl
er,er
iy,iy
s,s
l,l
ah,ah
d,t
ix,ix
ay,ay
y,iy
iy,iy
l,l
kcl,kcl
ow,ow
aa,aa
ix,ix
dh,tcl
ae,ae
k,k
eh,eh
bcl,bcl
dh,dh
pau,pcl
ax,ix
n,n
er,axr
v,v
kcl,kcl
kcl,kcl
ay,ay
m,m
axr,er
r,r
q,q
z,z
q,q
s,s
axr,r
m,m
w,w
k,k
m,m
b,p
axr,r
gcl,bcl
m,m
n,n
ix,ax
kcl,kcl
er,er
r,r
hh,k
l,l
w,w
n,n
p,p
ey,ey
r,r
ih,ih
pcl,pcl
pcl,tcl
ay,ay
dcl,n
ay,ay
kcl,gcl
g,g
l,l
kcl,kcl
ih,ih
q,q
n,n
iy,iy
y,y
k,k
dh,t
ux,er
eh,eh
ng,ng
ix,ux
r,r
n,n
sh,sh
jh,jh
r,r
sh,sh
dcl,dcl
ix,w
iy,iy
ao,ao
s,s
eh,ae
z,z
l,ax
er,er
m,m
ao,ao
m,m
ax,q
dh,p
tcl,tcl
ay,ay
k,k
dh,nx
ao,ao
er,er
z,s
l,l
ey,ix
s,z
n,ng
ix,ih
ix,ix
r,r
ow,uh
er,axr
s,s
gcl,pcl
m,m
l,l
eh,eh
m,m
ao,ao
oy,oy
pcl,pcl
ih,eh
ix,axr
aw,aw
ae,ae
aa,aa
ng,ng
r,r
bcl,dcl
f,f
r,aa
s,s
dx,dx
s,s
m,m
q,d
ih,ix
z,z
ix,ix
w,w
n,n
tcl,tcl
ae,ih
ux,iy
ae,ae
kcl,q
ix,ih
t,t
kcl,tcl
er,er
ay,ay
kcl,pcl
s,s
kcl,kcl
dx,tcl
r,aa
dcl,dcl
t,f
iy,ih
r,axr
f,th
dcl,pau
ix,ih
ax,ax
ay,ay
bcl,pcl
f,z
nx,nx
t,t
q,q
ah,ah
dcl,dcl
s,z
ow,ow
ix,ih
ih,ih
p,p
m,n
r,r
epi,epi
ao,ao
ao,l
ch,s
er,axr
b,p
s,s
iy,iy
z,s
ao,w
ae,ae
tcl,tcl
pcl,kcl
ux,ux
dcl,pau
q,q
t,t
ey,ey
r,r
bcl,dh
bcl,bcl
ix,ix
r,r
ih,ih
gcl,dcl
sh,ch
f,f
tcl,tcl
eh,eh
ih,ih
y,y
ix,ix
r,r
tcl,tcl
aa,ao
er,er
iy,iy
g,k
dx,dcl
ey,ey
w,w
aa,aa
dcl,dcl
k,tcl
m,m
pau,pau
eng,ng
aa,aa
s,s
z,z
kcl,kcl
r,r
ih,ih
gcl,bcl
ay,ay
t,t
pcl,kcl
ax,hv
q,q
ax,el
r,r
l,l
ng,ih
ux,ux
s,z
k,k
ae,ay
axr,axr
gcl,gcl
ih,ix
kcl,pcl
ih,ih
r,axr
ih,ih
ow,ow
ch,ch
ax,l
el,el
s,s
ey,ey
gcl,axr
kcl,kcl
ix,iy
z,s
m,m
s,s
n,n
iy,ux
kcl,tcl
d,d
ix,ix
ih,ih
l,l
ax,er
gcl,dcl
k,k
p,p
t,t
n,m
pcl,epi
tcl,tcl
iy,iy
n,n
pau,pau
ax,ax
el,el
ao,aa
eh,ae
ux,iy
ao,aa
t,t
iy,iy
l,l
w,w
tcl,tcl
n,m
z,sh
eh,ih
aa,ao
ah,aa
iy,iy
m,m
ax,ax
pau,pau
r,r
tcl,tcl
ng,n
b,b
f,epi
ax,ix
ih,ih
ax,ax
ng,ng
ao,ao
eh,ae
en,n
m,n
t,t
r,r
iy,iy
n,n
aa,ao
ay,ay
ng,n
d,g
w,w
kcl,tcl
r,r
w,w
oy,oy
m,m
axr,r
jh,sh
axr,axr
aa,aa
kcl,kcl
dx,dx
dx,dcl
er,axr
ah,aa
gcl,gcl
q,q
tcl,pcl
t,t
ix,ix
ih,ih
ae,ae
tcl,tcl
z,sh
w,w
ih,ax
oy,oy
bcl,bcl
n,ng
r,r
iy,iy
aw,aw
r,w
w,q
eh,ax
w,w
z,s
axr,r
gcl,gcl
m,m
z,z
ix,ax
q,n
aa,aa
ao,ao
gcl,gcl
ae,ae
y,hv
hv,hv
ae,ae
k,k
eh,eh
ax,w
ao,ao
l,l
hh,hh
em,n
t,t
l,l
pau,pau
ih,ih
er,uh
th,th
l,l
s,s
r,r
sh,sh
tcl,tcl
iy,iy
m,m
r,r
n,n
nx,n
f,f
sh,sh
oy,oy
s,s
ix,ax
n,m
r,r
ix,hv
ih,ix
pcl,pcl
s,s
k,k
r,r
m,bcl
ch,t
r,ax
ao,ao
z,z
kcl,epi
ax,ax
aw,aw
ay,ay
n,n
ix,ih
tcl,tcl
w,w
ix,ix
s,z
n,w
ax,ix
bcl,pcl
n,n
k,k
p,p
tcl,n
ah,ah
ch,ch
ih,ix
dx,dx
gcl,gcl
iy,iy
kcl,kcl
nx,nx
dcl,dcl
uh,ix
r,r
el,el
n,m
ix,ax
axr,er
w,w
pcl,tcl
l,l
tcl,dcl
dcl,m
gcl,gcl
kcl,kcl
ao,aa
s,s
pcl,gcl
m,m
k,k
dcl,tcl
ux,ux
tcl,tcl
iy,iy
l,l
z,s
ix,ih
l,l
m,n
ih,r
p,p
z,z
sh,zh
l,ax
tcl,n
ix,ix
ix,axr
f,v
sh,sh
ax,ax
w,w
m,m
ix,ih
l,l
t,dh
tcl,pcl
p,p
iy,iy
epi,epi
s,s
pcl,tcl
m,m
ix,ix
r,r
ae,ae
t,jh
iy,iy
bcl,en
dx,dx
tcl,kcl
s,s
ey,ey
ae,eh
ay,ay
r,r
ix,ix
n,n
z,z
p,p
m,m
l,n
epi,epi
ax,ax
bcl,bcl
dcl,axr
q,q
jh,jh
ix,iy
ih,ah
k,k
z,z
q,q
r,r
aa,aa
ih,ih
f,f
ay,ay
q,q
ix,ix
ae,ae
iy,iy
pcl,pcl
m,w
n,n
l,l
ae,ae
bcl,bcl
aa,aa
l,l
dcl,n
tcl,kcl
k,k
n,n
r,axr
sh,sh
ae,ae
er,r
n,dcl
el,l
dcl,tcl
bcl,bcl
n,n
dcl,bcl
ix,ix
kcl,tcl
eh,eh
eh,eh
q,q
n,n
dh,ix
aa,aa
kcl,kcl
tcl,tcl
axr,ah
axr,axr
p,p
ax-h,hh
n,m
pcl,pcl
s,s
ah,ay
ux,ux
k,k
iy,ih
ao,ao
ih,ih
iy,iy
eh,ah
ix,ix
y,y
dx,dx
ao,ao
r,r
l,l
bcl,bcl
ay,ay
eh,eh
t,t
gcl,r
s,s
r,r
n,n
m,n
ih,ih
hh,hv
k,g
l,l
s,s
v,v
p,p
dh,dx
q,q
n,n
k,k
d,t
dh,dh
ow,ow
iy,iy
k,k
eh,ih
t,t
dx,dx
ix,ix
er,axr
l,l
s,s
l,l
tcl,kcl
ix,ix
hh,hh
n,ng
ux,ix
q,q
iy,iy
z,z
y,y
n,m
ey,eh
iy,r
r,r
tcl,dcl
l,l
ae,ae
ay,ay
iy,eh
ao,w
n,m
n,ng
dh,dh
axr,q
l,l
aa,aa
axr,r
ae,ae
k,g
t,t
ix,eh
ix,q
tcl,tcl
q,q
y,y
iy,iy
ix,ix
z,v
s,z
tcl,kcl
r,r
sh,sh
v,v
l,r
el,uw
ix,ix
ih,ih
nx,n
n,n
v,gcl
n,n
axr,r
s,z
y,y
axr,axr
axr,axr
ix,iy
z,s
eh,eh
ao,ao
axr,axr
tcl,kcl
ay,ay
ax,ax
r,aa
iy,iy
bcl,bcl
uh,ax
er,er
f,th
pcl,tcl
ux,y
dcl,tcl
l,l
epi,tcl
ae,ae
n,n
q,q
eh,eh
axr,r
jh,y
axr,axr
kcl,kcl
l,l
dh,dh
dcl,dcl
m,m
eh,ae
ow,ow
r,r
s,s
f,f
n,n
dh,dh
ih,ih
dcl,gcl
n,n
axr,er
w,l
ae,eh
iy,iy
l,ax
s,s
r,r
nx,r
l,l
er,r
s,ch
z,s
q,m
ax-h,iy
t,th
m,em
m,m
n,n
ix,ix
s,s
f,f
ih,ih
z,jh
b,p
ah,ah
r,r
v,v
ey,ey
iy,ix
k,g
aa,aa
ay,ay
n,n
ae,ae
p,b
eh,ah
er,axr
gcl,gcl
er,axr
n,n
el,ao
ao,ao
tcl,tcl
s,s
f,f
tcl,tcl
p,epi
ih,ih
axr,er
ae,ae
v,dh
f,f
tcl,kcl
s,s
r,r
ay,ay
axr,axr
r,q
uh,ax
hh,hh
ix,ix
sh,sh
ay,ay
t,t
tcl,nx
ih,ix
z,z
tcl,tcl
dh,q
n,n
dh,g
l,w
n,n
ng,ng
en,m
ih,ih
tcl,dcl
kcl,pcl
f,f
n,n
q,q
r,r
jh,t
ax,ih
p,th
ih,ix
z,z
y,iy
axr,er
k,k
ae,ae
t,q
ey,ey
axr,er
hh,hv
ux,ux
ih,ih
dcl,dx
aa,aa
ng,n
z,z
aa,aa
ey,ey
m,n
ow,ow
l,l
l,l
ch,ch
ix,ih
z,z
s,s
pcl,pcl
ch,sh
ix,ix
d,p
aa,aa
uh,l
dh,dh
s,s
dx,dx
ae,ae
w,uw
n,n
dh,l
ae,ae
r,r
kcl,kcl
ah,ow
s,s
n,m
eh,ae
en,n
ay,ay
m,m
kcl,kcl
epi,tcl
z,z
n,n
w,w
t,t
n,n
dx,dx
r,r
n,n
aa,aa
pcl,tcl
p,p
k,k
tcl,tcl
y,y
axr,axr
v,dh
pcl,dx
axr,axr
sh,sh
n,n
pau,hh
t,t
pau,pau
sh,sh
t,t
ah,ao
dh,dh
ix,ix
aa,ae
sh,sh
kcl,kcl
axr,axr
r,r
ow,uw
epi,dcl
k,g
v,th
r,axr
iy,iy
s,s
ng,m
m,m
ow,ow
tcl,tcl
nx,n
ix,l
ih,r
iy,iy
aa,ay
dh,z
ah,ah
l,ax
tcl,q
eh,eh
ng,m
ng,ng
kcl,tcl
ix,ix
iy,ix
el,el
jh,t
iy,iy
ih,ih
bcl,bcl
er,ao
k,dx
ix,ix
axr,ix
tcl,tcl
pcl,pcl
oy,oy
oy,oy
ey,ey
tcl,kcl
v,v
tcl,tcl
eh,ae
k,k
ao,ao
z,z
m,m
ax,ix
n,n
tcl,tcl
s,s
q,q
k,k
n,n
s,s
tcl,tcl
n,epi
kcl,kcl
ae,ae
iy,iy
m,en
tcl,tcl
r,r
axr,r
r,r
k,k
tcl,kcl
s,s
ch,jh
k,q
iy,ux
s,s
dcl,dcl
w,w
s,s
s,s
em,m
m,m
q,ae
pcl,kcl
z,z
f,f
ey,ey
kcl,kcl
g,g
iy,iy
em,m
dcl,dcl
l,eh
eh,eh
tcl,tcl
z,z
q,q
epi,dh
ux,ux
er,er
r,r
sh,sh
w,w
q,dx
epi,pau
iy,iy
dcl,ax-h
f,f
ao,aa
s,s
ax,ax
k,k
ux,ux
iy,iy
l,l
ah,ix
k,k
ah,ax
g,k
s,th
r,r
r,r
l,l
m,r
hv,hv
ih,ih
ch,sh
ae,ae
gcl,pcl
pcl,pcl
g,g
s,s
dcl,bcl
v,v
tcl,epi
bcl,bcl
tcl,tcl
dx,g
ix,ih
iy,ey
hv,hv
z,z
ax,ax
oy,oy
n,n
iy,iy
n,tcl
ey,ey
en,en
eh,ih
w,w
eh,ae
v,n
gcl,dcl
dh,dh
gcl,tcl
s,s
k,p
ih,ih
hv,hv
ix,ix
dcl,tcl
n,n
iy,iy
ay,ey
ae,ae
m,en
r,r
ng,m
l,n
v,v
jh,jh
t,t
ax,ax
t,t
r,r
t,t
ux,ux
el,el
ix,ax
l,w
ax,r
dh,dx
dx,n
ey,ey
th,t
ay,aa
kcl,kcl
dh,v
dh,n
n,n
ix,ax
ey,ey
ix,ax
uw,w
l,l
s,z
m,m
ix,y
iy,iy
w,w
ax,ax
tcl,kcl
q,q
z,z
k,k
s,z
pcl,pcl
ih,eh
q,q
k,g
tcl,tcl
ao,ao
s,s
k,g
ah,ah
ix,ah
tcl,kcl
kcl,kcl
tcl,tcl
v,tcl
ix,ih
ix,ih
s,z
tcl,pcl
n,n
r,r
s,s
l,l
z,z
l,l
d,t
ix,ih
sh,sh
l,el
n,n
kcl,tcl
eh,ih
l,l
n,n
r,r
tcl,gcl
dcl,dcl
iy,iy
kcl,tcl
dcl,dcl
s,s
epi,epi
ax,q
r,axr
hh,hh
z,z
s,s
dcl,gcl
axr,axr
er,ao
eh,eh
s,s
w,r
pau,kcl
hh,m
g,tcl
iy,iy
z,jh
n,n
dx,dx
iy,y
t,t
tcl,tcl
s,sh
m,m
ow,ow
kcl,kcl
dcl,tcl
th,th
axr,r
iy,iy
ow,ow
iy,iy
l,ux
k,g
ah,eh
pcl,tcl
s,s
v,kcl
w,w
aa,aa
bcl,pcl
ae,ae
dx,dx
s,s
f,th
l,l
ih,ih
dcl,gcl
iy,y
f,f
ae,ae
ih,ih
s,s
ae,ae
l,l
k,k
l,l
ax,ax
q,q
ix,ix
q,th
sh,sh
dh,th
t,t
iy,iy
ao,aa
tcl,tcl
l,uw
k,g
m,m
dcl,dcl
pcl,bcl
r,dx
ix,ih
r,aa
p,b
pau,pau
tcl,tcl
r,r
ey,ey
n,n
s,s
ao,ao
ao,ao
ax,l
pau,tcl
axr,axr
ih,ih
k,k
axr,r
gcl,hv
ay,ay
jh,ch
ae,ay
nx,nx
r,r
ay,ay
axr,axr
r,r
epi,epi
ch,jh
r,axr
aa,aa
ae,ae
t,t
ao,oy
iy,ih
m,en
aw,aa
ah,eh
ih,ih
t,dx
m,m
m,n
sh,sh
f,f
dcl,dcl
iy,iy
s,s
l,l
eh,axr
ae,ae
iy,iy
epi,epi
w,ao
l,l
uh,l
r,r
hh,t
n,n
ix,axr
ix,ey
s,s
l,l
dh,dh
f,pcl
pau,pau
s,s
iy,iy
f,f
er,eh
z,z
tcl,kcl
iy,iy
ng,ng
en,en
aa,aa
pcl,tcl
eh,ae
s,s
bcl,dcl
r,r
ao,aa
sh,sh
ey,ih
aa,aa
n,n
epi,kcl
b,p
th,dh
bcl,bcl
iy,y
z,z
m,m
ao,ao
ix,eh
hh,d
v,v
p,b
dh,q
d,t
d,d
axr,r
r,ao
sh,sh
n,eng
axr,gcl
ux,ux
iy,iy
pcl,pcl
d,t
ow,ow
s,s
m,n
eh,ah
sh,sh
ix,ix
z,z
axr,axr
pau,pau
pcl,tcl
w,w
hv,hh
ae,eh
el,l
y,y
dcl,tcl
axr,axr
r,r
ey,ey
bcl,dh
q,q
ix,ih
dh,dh
ix,iy
sh,sh
ih,ix
s,s
r,l
ae,ae
gcl,gcl
oy,oy
eh,eh
ae,ae
ix,ix
ey,eh
ax,uh
th,dh
ae,ae
uw,ih
tcl,dcl
z,jh
y,y
aw,ae
w,w
pcl,pcl
ih,ih
sh,sh
dcl,dcl
r,aa
uh,ih
w,w
ax-h,tcl
ay,ay
ih,ih
t,d
bcl,bcl
l,l
axr,axr
ax,ih
ao,aa
ao,ao
aa,aa
l,w
q,q
eh,eh
aa,aa
z,z
ix,iy
f,f
ae,ae
n,nx
axr,ih
iy,iy
tcl,tcl
w,w
tcl,q
y,y
t,t
pcl,pcl
s,s
kcl,kcl
tcl,kcl
sh,sh
r,r
iy,ih
v,y
ux,ih
ax,ax
gcl,gcl
ae,ae
ow,ow
r,r
ay,ay
z,z
ae,ae
dcl,v
d,t
s,s
n,n
r,r
t,t
iy,iy
ey,ay
ax,m
n,ng
ow,ow
ix,r
ih,r
eh,eh
ah,ah
pcl,pcl
t,d
iy,iy
q,tcl
iy,ih
ch,ch
en,en
ah,aa
tcl,tcl
dcl,dcl
axr,er
sh,sh
r,r
ay,ay
eh,ih
r,r
z,s
epi,epi
ao,l
ix,iy
q,iy
axr,axr
aa,aa
v,ax
m,m
z,z
tcl,tcl
n,dcl
dcl,gcl
w,w
t,t
n,ax
axr,er
ao,ax
eh,eh
w,w
k,k
ih,ih
ax,y
gcl,gcl
v,v
r,ao
dcl,dcl
n,n
tcl,kcl
dcl,dcl
sh,sh
pcl,tcl
r,r
n,n
ay,ay
z,s
el,w
dh,pau
t,t
z,s
ey,ey
epi,pau
ey,iy
y,ih
dcl,tcl
l,l
ow,ow
ow,l
ix,ih
s,s
er,axr
ih,ih
ey,ey
aa,ao
t,t
ax,ax
t,jh
hv,hh
p,p
r,w
bcl,bcl
bcl,bcl
aa,aa
l,l
s,s
ix,ix
ax,ax
t,t
axr,axr
k,k
ow,aa
ih,r
l,d
dcl,dcl
ux,ux
ih,ih
k,g
kcl,tcl
dx,dx
n,n
m,n
q,ax
iy,iy
q,q
iy,iy
r,r
ix,ix
jh,jh
ix,ih
q,q
y,y
z,z
ey,ey
w,l
k,p
l,ax
ao,ao
m,l
t,t
ix,ix
ay,ay
ao,aa
aa,aa
ao,ay
k,k
v,v
dcl,v
bcl,pcl
f,f
gcl,gcl
z,z
s,s
dh,n
axr,eh
l,l
dcl,dx
ax,ax
q,q
ax,ax
iy,iy
tcl,tcl
s,t
t,t
ay,ay
r,r
kcl,gcl
dcl,gcl
uh,axr
s,s
ix,eh
z,z
kcl,th
ax,ix
aw,aw
uw,uw
m,m
s,s
p,p
bcl,bcl
ax,ax
ih,ih
eh,eh
ix,ix
axr,axr
er,axr
n,w
l,l
dcl,bcl
ix,ih
ih,ih
v,v
ix,ih
iy,iy
dh,th
n,nx
gcl,dcl
ih,eh
en,en
ae,ae
dcl,dcl
ix,ih
zh,sh
s,s
n,ng
tcl,pcl
s,s
kcl,tcl
m,m
n,n
n,nx
aa,aa
z,z
er,er
er,er
pcl,tcl
pau,pau
ah,ow
th,th
tcl,tcl
ow,ow
eh,ih
ax,ax
oy,oy
tcl,tcl
ay,ay
pcl,pcl
kcl,gcl
pau,pau
er,er
n,n
r,r
epi,tcl
q,q
ix,ix
nx,n
d,jh
dcl,dcl
tcl,gcl
uh,l
pcl,tcl
l,ng
axr,ax
s,s
f,f
tcl,tcl
t,th
iy,ix
hh,hh
n,n
g,g
ax,ah
kcl,kcl
r,r
ah,ax
s,s
m,m
ih,eh
r,r
n,n
axr,r
n,n
ax,l
ay,aa
pau,kcl
oy,oy
s,s
y,y
n,n
l,l
pau,dcl
l,l
ux,ux
r,r
z,s
q,ax
gcl,ng
ae,ae
ih,iy
s,s
ay,ay
l,ax
ix,ix
d,d
pau,kcl
l,w
r,v
bcl,bcl
ae,ae
q,q
ih,ih
s,s
ch,ch
ux,axr
dcl,gcl
em,m
k,k
kcl,gcl
ih,ih
aw,aw
sh,sh
f,f
ux,ix
ix,iy
iy,q
ey,ih
ih,iy
z,z
ao,aa
ao,aa
ey,ey
ng,n
q,q
ih,ih
kcl,kcl
ao,ao
iy,iy
ae,eh
hv,hv
z,s
pau,pau
aa,aa
eh,ae
ey,ey
ix,ix
t,t
pcl,bcl
n,m
kcl,f
s,s
q,q
ow,ow
ix,iy
ih,ih
v,f
r,r
ix,iy
ax-h,epi
p,t
s,s
iy,iy
l,l
dcl,dcl
ix,eh
hh,hh
bcl,pcl
dcl,tcl
pcl,pcl
l,l
dcl,dcl
ix,ix
gcl,gcl
tcl,kcl
ix,ix
bcl,n
eh,ae
iy,iy
ae,ae
pau,pau
m,dx
l,l
epi,q
ay,ay
k,k
v,v
l,ax
ih,ux
ay,iy
epi,kcl
s,s
ix,iy
bcl,gcl
ah,eh
tcl,kcl
r,r
p,p
z,z
k,g
v,v
s,s
ix,q
z,sh
k,k
iy,iy
iy,ih
f,f
hh,hh
g,k
t,t
q,q
el,el
r,r
kcl,tcl
ah,ah
f,f
kcl,tcl
tcl,tcl
ey,ey
n,m
q,ao
eh,eh
bcl,bcl
f,f
iy,ey
kcl,kcl
q,q
k,k
aa,aa
gcl,gcl
tcl,tcl
sh,sh
ow,ow
iy,y
p,p
tcl,t
pau,pau
ae,ae
n,n
k,k
q,q
kcl,kcl
q,q
r,r
dcl,tcl
hh,kcl
ux,ux
s,s
l,ix
gcl,gcl
kcl,kcl
ih,ih
s,s
pcl,tcl
t,t
q,q
bcl,kcl
n,nx
ow,ow
ux,ix
l,l
r,r
ay,aa
ah,aa
q,ae
dcl,pcl
y,y
w,bcl
n,n
iy,iy
axr,r
axr,er
gcl,gcl
r,r
t,t
ae,ae
z,z
pcl,tcl
r,l
pau,pcl
eh,ow
iy,iy
w,w
w,w
ux,ux
aa,ao
m,m
ax,ax
k,k
aa,aa
iy,ix
tcl,m
r,r
ix,ih
ey,ey
r,r
ah,ah
er,axr
m,m
s,s
aa,aa
eh,eh
kcl,kcl
ih,iy
t,t
jh,jh
axr,r
q,q
n,n
dh,dh
aa,aa
z,s
r,axr
v,v
z,z
k,g
l,q
aa,aa
dcl,tcl
y,y
ih,ih
tcl,tcl
tcl,dcl
ih,iy
dx,r
th,th
s,s
th,z
kcl,kcl
ix,ay
kcl,tcl
ao,aa
tcl,dx
jh,jh
r,r
eh,axr
ix,ax
k,k
k,p
ao,ao
kcl,kcl
nx,nx
ax,ax
k,g
l,l
l,g
m,n
ae,ae
ax,el
z,s
k,k
s,s
iy,ih
n,n
ey,ey
m,m
aa,ah
n,nx
epi,dh
n,ng
z,z
p,p
ix,q
t,jh
m,m
k,q
ah,ah
r,r
n,ng
tcl,pcl
ay,ay
dcl,gcl
kcl,kcl
sh,sh
r,r
g,k
th,th
ix,ix
t,g
m,m
p,p
ng,n
gcl,dcl
nx,nx
ng,gcl
l,ih
ah,ao
iy,iy
q,q
er,axr
r,r
n,m
er,aa
ao,ao
tcl,tcl
tcl,kcl
ix,en
r,r
ix,ix
z,z
p,p
p,f
dx,dx
n,n
s,s
g,g
aa,aa
s,s
ix,t
n,n
l,ow
g,g
l,l
ow,ao
iy,iy
el,el
s,s
n,n
dcl,tcl
w,w
r,r
l,l
ih,ix
l,l
s,s
tcl,tcl
iy,iy
p,g
ix,ix
m,m
m,w
kcl,tcl
l,iy
dcl,dcl
z,z
dcl,epi
s,z
ah,ah
l,l
eh,eh
sh,sh
kcl,kcl
kcl,kcl
n,n
v,v
axr,axr
aa,aa
kcl,kcl
r,r
kcl,gcl
sh,sh
d,t
t,t
tcl,m
en,en
en,ao
ix,en
n,n
iy,ix
iy,iy
r,r
ao,ao
n,n
ae,ae
t,t
ng,bcl
s,s
dcl,tcl
aa,aa
ax,ah
axr,ux
v,v
ae,ey
ae,ae
m,m
gcl,gcl
dx,dcl
t,t
bcl,dcl
aw,aw
k,k
kcl,kcl
l,l
ix,q
w,w
s,s
en,pcl
gcl,k
kcl,kcl
g,t
r,axr
kcl,kcl
s,s
iy,iy
ax,axr
kcl,kcl
n,nx
dcl,dcl
ax,l
t,t
axr,bcl
s,s
r,ix
em,em
l,l
ix,ix
dcl,gcl
f,f
q,q
m,m
ix,ax
dx,dx
ix,r
t,d
ae,ae
n,n
uw,ux
iy,iy
ah,ay
aa,ah
n,q
aw,aw
ay,ax
ae,ae
q,epi
r,r
tcl,tcl
r,r
dcl,dcl
ay,ay
ey,ey
ih,y
jh,jh
ih,ax
pau,pau
m,m
tcl,gcl
q,q
n,ix
kcl,tcl
er,er
er,er
ey,ey
dh,dh
iy,ix
iy,iy
ah,aw
aa,eh
r,r
aa,aa
l,l
zh,jh
ix,ix
p,dh
dh,dh
l,l
kcl,kcl
hh,hh
s,s
jh,jh
ow,ow
aa,aa
ao,ao
kcl,kcl
eh,ih
iy,iy
r,r
f,f
dcl,gcl
ae,ae
iy,iy
ux,ux
w,w
f,sh
m,n
pcl,kcl
ae,ae
ng,tcl
q,q
ah,aa
r,r
kcl,kcl
bcl,tcl
epi,epi
n,m
m,n
s,s
nx,n
m,n
el,w
ax,n
g,g
bcl,bcl
ow,ow
ix,ix
z,z
n,n
l,ix
gcl,n
r,r
ay,ay
n,gcl
g,g
tcl,q
dh,dx
uw,ux
ay,ay
f,f
iy,iy
ah,ah
bcl,epi
axr,aa
eh,eh
z,s
n,n
er,r
kcl,k
ao,ao
eh,eh
ey,ey
hv,ux
s,s
p,p
z,z
m,m
t,d
w,w
ix,ix
ix,ih
ae,ae
ao,eh
ix,ix
m,m
ih,ix
iy,ih
m,tcl
aa,ao
d,dh
er,axr
eh,ih
r,r
tcl,dcl
v,th
z,z
kcl,kcl
en,en
ae,ae
tcl,kcl
n,n
s,s
dcl,tcl
s,s
bcl,bcl
p,p
er,er
gcl,dcl
ow,el
ey,ih
n,n
axr,ux
ay,ay
d,t
bcl,bcl
ae,ae
l,l
iy,iy
ih,iy
s,s
w,w
ix,q
m,m
k,k
ae,ae
eh,eh
k,k
tcl,epi
m,em
ao,ao
dh,l
ix,ix
tcl,tcl
dcl,kcl
iy,iy
dh,dh
dcl,tcl
ow,ow
ax,ax
m,m
jh,jh
iy,ix
sh,s
ch,ch
tcl,kcl
pau,pau
iy,jh
ux,ux
kcl,kcl
n,n
aa,aa
tcl,tcl
v,v
eh,ih
ix,ax
l,l
ix,ix
g,t
t,t
r,r
axr,axr
ao,ao
ch,t
tcl,bcl
ix,ix
ao,ao
pcl,pcl
z,z
z,s
ah,eh
r,r
g,g
iy,iy
ax,ax
m,m
t,t
r,r
y,g
dcl,dcl
w,w
s,s
m,ng
p,p
aw,aw
z,z
gcl,dcl
ax,ix
z,z
eh,eh
ih,ae
kcl,gcl
w,w
axr,ih
q,q
k,k
dcl,gcl
r,r
iy,iy
eh,eh
ux,ux
iy,iy
r,r
ae,ae
dcl,dcl
aw,aw
iy,iy
ao,ao
ix,eh
pcl,n
iy,iy
ih,ih
ae,ae
eh,eh
iy,ey
ix,ax
t,d
m,n
ay,ay
dh,dh
dcl,dcl
ih,ix
ax,ax
dcl,dcl
t,t
t,t
k,k
axr,axr
uh,ax
d,t
ay,ay
r,q
l,ax
l,l
t,t
ah,ah
ow,ow
ao,aa
jh,sh
w,ax
r,r
axr,q
kcl,kcl
axr,v
g,g
tcl,pcl
p,p
q,th
ah,ah
n,n
ah,ah
s,s
eh,eh
dh,dh
hh,t
n,tcl
ih,ih
eh,ae
epi,epi
iy,iy
ix,ix
iy,iy
s,s
m,m
ay,ey
dcl,tcl
n,n
m,m
r,ay
ax,ix
n,n
ix,ix
eh,eh
eh,eh
s,s
kcl,tcl
ax,ax
ey,ih
ae,eh
pcl,pcl
tcl,tcl
w,w
epi,epi
ae,ae
iy,y
tcl,tcl
n,n
f,th
g,k
ah,ae
iy,ux
z,th
pcl,kcl
t,t
ix,ix
ix,ax
n,n
z,z
s,s
iy,iy
y,y
axr,er
g,k
ih,ih
ix,y
ay,ao
ow,ow
v,v
f,f
el,el
iy,ih
aa,aa
kcl,kcl
w,ao
v,dx
t,t
m,m
ax,b
dh,dh
ih,ih
ae,eh
v,v
aa,aa
dcl,pcl
dx,dx
ay,aw
q,q
q,q
axr,er
iy,iy
ah,ah
eh,ax
ae,ah
ae,ae
s,s
tcl,tcl
y,y
ow,ow
s,s
ix,ix
bcl,kcl
ao,ow
k,k
nx,nx
y,y
n,n
n,m
y,y
tcl,q
tcl,dx
v,z
l,ax
s,s
iy,iy
ng,n
pau,pau
n,n
axr,r
ay,ay
ao,l
y,iy
g,g
ey,ey
z,z
q,q
dcl,dcl
en,ng
dcl,gcl
dcl,n
oy,oy
ey,ey
ae,ae
iy,iy
m,m
gcl,gcl
l,l
pcl,pcl
aa,aa
n,n
ow,ow
ay,aa
s,s
w,w
r,r
iy,iy
tcl,bcl
s,s
iy,iy
l,l
m,m
dcl,dcl
ih,ih
ao,aa
q,ow
bcl,bcl
p,p
dcl,kcl
ow,ow
f,t
bcl,n
iy,iy
n,n
r,r
d,t
ey,ey
eh,eh
dcl,dcl
ch,t
er,er
k,k
sh,s
er,er
g,g
dcl,dcl
k,k
g,g
ax,ax
axr,er
r,r
g,g
v,v
r,r
ch,s
ah,eh
r,ih
m,m
ow,ah
k,k
l,l
ax,el
kcl,kcl
ih,ih
ax,r
eh,ix
ih,ix
ey,ey
kcl,kcl
tcl,tcl
ah,ao
v,v
p,p
ih,ih
f,f
ih,ey
d,d
s,sh
kcl,kcl
tcl,tcl
k,k
r,r
t,t
l,l
s,s
dcl,dcl
ow,ow
w,w
dcl,dcl
iy,iy
el,el
s,s
iy,ey
ax,ax
l,l
sh,k
n,en
axr,er
sh,sh
jh,jh
pcl,pcl
iy,iy
q,tcl
pau,pau
k,k
eh,eh
l,l
f,f
ix,ix
iy,iy
m,n
ix,ix
zh,z
dcl,dcl
f,f
n,n
dcl,pau
l,w
axr,axr
iy,iy
pau,pau
aa,aa
n,dcl
ih,ih
r,r
k,k
tcl,tcl
k,p
z,z
kcl,kcl
z,z
z,z
l,l
r,r
ch,ch
ow,ow
kcl,kcl
tcl,hv
t,t
v,v
ix,ix
kcl,k
ae,ae
bcl,bcl
bcl,gcl
kcl,kcl
ow,ow
axr,axr
uw,w
g,g
iy,ix
ao,ao
ao,aa
kcl,kcl
uh,ax
sh,sh
v,gcl
dh,dh
n,m
ix,n
eh,eh
ey,ey
iy,iy
gcl,n
t,t
r,r
m,ng
kcl,kcl
axr,ix
p,dx
t,t
k,k
q,q
eh,eh
z,z
axr,er
axr,aa
nx,m
ux,ux
ax,ax
f,f
eh,eh
l,ah
r,r
tcl,kcl
bcl,m
q,q
er,axr
n,n
n,n
n,n
iy,iy
dx,dcl
s,s
r,r
s,s
ix,eh
kcl,gcl
kcl,kcl
en,n
q,ax
dh,dh
aa,aa
uw,ux
ax,ix
ey,ey
iy,iy
n,ng
s,s
ax,ah
z,jh
ax,g
l,ax
s,s
ae,ae
ow,ow
n,n
kcl,kcl
t,t
ux,iy
s,s
bcl,bcl
gcl,gcl
f,f
g,g
ix,r
n,n
ih,ih
axr,er
s,s
dcl,bcl
f,f
l,el
hv,hh
l,l
eh,ae
ih,eh
oy,oy
iy,iy
axr,axr
iy,ih
epi,gcl
z,s
er,er
eh,eh
pcl,pcl
ng,ng
l,l
sh,sh
l,l
ay,ay
iy,iy
ae,eh
pcl,pcl
s,z
s,s
epi,epi
hv,hv
ih,ih
jh,jh
dh,dh
ah,ah
ax,ix
hh,hh
f,f
tcl,tcl
bcl,bcl
nx,m
ux,ux
n,ng
ix,ix
kcl,tcl
r,r
g,g
ch,jh
ux,ux
eh,ax
dh,p
ae,ae
s,s
p,p
kcl,kcl
r,r
ow,ow
m,m
ax,ix
kcl,kcl
m,m
iy,ux
ey,ey
s,s
q,q
ax,ax
l,l
eh,ax
ow,ow
k,k
s,z
r,r
tcl,pau
y,y
ay,ay
q,q
w,w
l,w
dcl,tcl
z,s
iy,iy
ao,aa
th,f
p,p
dcl,dcl
hh,hh
er,r
hv,hv
hv,ih
zh,ch
l,l
w,w
m,m
z,z
z,s
ix,ax
ix,ux
dcl,gcl
pcl,pcl
ow,ow
kcl,tcl
kcl,kcl
f,f
ux,ih
bcl,gcl
aw,aw
s,s
dcl,tcl
iy,iy
pcl,pcl
pcl,kcl
z,s
tcl,tcl
w,ao
uw,ux
ih,iy
ax,ix
w,w
m,n
n,n
f,f
w,w
l,l
l,l
z,z
ah,ah
l,l
z,s
pcl,dh
dh,p
epi,epi
g,g
ae,ae
iy,iy
ch,jh
r,axr
s,s
aw,aw
f,d
r,r
s,s
ow,ow
s,s
ao,aa
dcl,n
p,p
n,n
tcl,tcl
p,p
axr,axr
tcl,hh
ao,ao
eh,ae
pau,pau
ae,ae
r,r
ae,ae
bcl,ng
dx,dx
epi,epi
ax,ax
oy,oy
el,ow
ix,ix
axr,r
aa,aa
ae,ae
r,axr
ah,ah
n,tcl
k,k
l,l
dcl,dcl
w,w
iy,iy
s,s
w,w
axr,ax
dx,dx
dcl,dcl
ay,ay
l,ih
ix,en
hv,hh
pcl,pcl
ay,aa
dx,ax
iy,iy
t,t
ey,ae
axr,r
w,w
dx,dcl
ux,ux
k,k
er,axr
sh,sh
aa,ah
dh,dh
dcl,dcl
n,l
r,er
ih,eh
ix,ix
ax,ix
eh,ae
iy,ih
pcl,pcl
ae,ae
n,n
dh,dh
d,q
l,l
axr,ah
s,s
n,ix
s,s
kcl,kcl
ix,ax
q,q
ih,ih
kcl,kcl
r,r
f,f
n,n
s,s
tcl,tcl
pcl,pcl
ax-h,epi
l,ax
hh,hv
ae,ae
dcl,dcl
eh,eh
m,m
axr,ih
sh,sh
ax,ix
ay,ay
ih,iy
l,l
ax,ix
s,z
tcl,kcl
ix,ih
tcl,dcl
ey,ey
r,axr
eh,eh
w,w
s,s
ey,ae
tcl,dh
k,k
kcl,kcl
s,s
k,k
tcl,tcl
r,r
ng,ng
ih,ih
eh,ah
pau,kcl
s,z
t,t
iy,ey
n,n
aa,aa
f,th
r,r
m,m
k,k
el,ax
hv,dcl
q,q
tcl,tcl
r,r
pcl,pcl
t,t
d,d
tcl,kcl
ae,ae
q,q
hh,hh
l,l
l,l
dh,dh
z,s
el,uw
el,el
pcl,pcl
t,th
tcl,tcl
k,k
ix,ix
w,ao
s,sh
r,r
ax,ax
uh,ux
ux,iy
ix,iy
p,p
l,l
p,pau
r,r
m,n
ae,aw
ih,ih
en,en
g,dx
m,m
m,m
dcl,tcl
iy,axr
iy,iy
m,t
q,q
g,g
n,m
m,m
sh,ch
kcl,kcl
nx,n
n,q
z,z
tcl,tcl
iy,iy
pcl,tcl
iy,iy
y,y
n,n
l,l
dcl,dcl
l,l
ih,y
axr,r
pau,pau
ix,ix
tcl,dcl
eh,ah
ao,ao
n,n
w,w
p,d
er,er
g,g
eh,eh
ah,ih
ax,ih
g,g
dcl,dcl
iy,ih
p,p
d,d
k,k
ax,axr
dcl,dcl
t,t
dx,dx
v,dh
q,q
r,r
ih,y
ih,iy
s,s
iy,y
dx,m
tcl,gcl
k,k
f,f
dcl,tcl
ix,ax
ao,aa
dx,dcl
dh,th
s,s
z,s
p,p
m,n
iy,iy
p,dh
kcl,kcl
y,y
ax,ih
kcl,kcl
ae,ae
k,k
l,ao
m,bcl
n,n
dcl,dcl
axr,er
r,r
ah,ax
iy,iy
axr,axr
n,n
r,r
ay,ah
er,er
aw,aw
epi,epi
ux,ux
ix,ih
ng,m
kcl,kcl
ch,jh
g,r
axr,axr
m,m
el,l
iy,iy
v,v
ae,ae
iy,iy
m,m
ux,ux
tcl,tcl
l,ax
ix,ix
s,s
iy,iy
ey,iy
t,p
z,s
ch,jh
m,n
y,y
pcl,pcl
kcl,kcl
ng,ng
dcl,tcl
epi,tcl
eh,eh
m,n
ae,ih
q,q
s,s
ow,ow
eh,eh
ih,ih
pcl,epi
epi,kcl
ih,ax
kcl,kcl
dx,dx
bcl,bcl
kcl,tcl
ae,ae
r,r
hv,hv
ix,ey
n,dcl
n,ao
k,k
ix,eh
z,z
ae,ae
l,ax
dcl,dcl
ih,ao
dcl,dcl
aa,aa
ah,ah
s,s
l,l
ay,ae
s,z
m,m
n,ax
y,y
ow,ow
pcl,pcl
tcl,tcl
ng,ng
l,ax
iy,iy
f,f
iy,iy
eh,ix
kcl,q
v,v
r,r
w,w
ix,axr
d,n
ux,ux
k,k
f,f
kcl,kcl
k,k
ix,ah
dcl,gcl
iy,iy
ih,ix
ah,ax
iy,ey
r,r
dcl,bcl
dcl,dcl
s,s
er,er
oy,oy
el,el
ax,ax
ay,ay
n,dcl
m,m
s,z
k,g
aa,ah
ae,ae
s,s
l,l
p,p
z,z
t,jh
k,k
el,l
dh,dh
ix,q
hv,hv
pau,pau
f,f
ix,ix
ae,ae
ey,ey
m,n
gcl,dcl
ey,ey
l,l
pcl,pcl
s,s
kcl,kcl
z,z
dh,m
q,q
n,n
ax,ax
hv,hv
ng,ng
l,l
r,r
gcl,n
s,s
ae,ae
aa,aa
bcl,bcl
ix,ax
eh,eh
nx,dx
l,l
n,n
iy,iy
ao,ao
hv,hv
ax,ax
dcl,gcl
ay,hv
y,y
t,t
th,th
sh,jh
iy,ih
ix,ih
ih,ih
ao,aa
oy,oy
l,l
pcl,kcl
ae,ae
s,s
el,ng
s,s
pcl,dcl
z,z
bcl,bcl
aa,ao
epi,kcl
er,er
ah,ah
ay,ae
y,iy
s,s
ix,ix
s,s
s,s
r,aa
el,l
p,hh
l,l
ax-h,z
eh,eh
ay,ay
axr,axr
bcl,bcl
iy,iy
dx,n
r,r
ey,ey
f,f
s,s
w,w
ax,ax
r,r
pcl,tcl
kcl,kcl
kcl,kcl
sh,sh
aa,l
n,n
kcl,tcl
ih,uw
t,t
ax,ax
f,f
q,tcl
kcl,kcl
er,axr
aw,ow
f,f
s,s
eh,eh
dx,dcl
ax,ax
iy,ey
ih,ih
dh,tcl
l,dcl
kcl,kcl
l,l
zh,s
w,w
aa,aa
n,n
ay,ay
iy,iy
axr,er
m,m
axr,axr
f,sh
s,s
n,n
k,k
m,n
hv,hv
bcl,bcl
en,en
z,z
ix,z
pcl,dcl
p,k
eh,eh
eh,ax
iy,iy
ah,eh
axr,r
axr,q
epi,v
oy,oy
n,ix
d,epi
ao,ow
tcl,tcl
m,n
eh,ae
ae,eh
l,l
er,axr
uw,axr
z,z
eh,eh
m,m
ow,l
t,t
ix,ih
q,q
ae,ae
ih,ih
q,q
sh,sh
ae,ae
kcl,kcl
el,l
eh,ih
s,th
k,k
n,n
axr,axr
v,dh
aa,aa
ix,ih
k,f
dh,v
eh,ae
y,iy
n,n
k,k
z,s
en,m
aw,aw
l,l
n,n
z,z
ix,ix
n,dcl
iy,iy
hv,hv
pcl,tcl
ix,iy
aa,ao
tcl,tcl
ix,ix
pcl,pcl
ay,ay
r,r
n,n
l,el
er,er
dcl,dcl
iy,iy
uh,uh
g,g
l,ax
ay,ay
ae,ae
el,q
ix,ix
ax,el
m,n
k,k
z,s
f,f
er,er
k,k
l,g
eh,eh
s,s
er,axr
ih,ix
axr,r
y,y
s,s
ix,ix
en,n
aa,aa
m,m
d,dh
pcl,pcl
q,q
ae,ih
tcl,tcl
ow,ow
r,r
er,er
dcl,bcl
t,t
ao,ao
n,n
ix,iy
uw,ih
d,k
p,p
epi,kcl
bcl,bcl
m,m
uh,ah
pcl,tcl
iy,iy
pcl,pcl
tcl,tcl
dcl,dcl
ax-h,ix
b,p
iy,iy
ih,ih
ow,ow
epi,epi
axr,axr
ax-h,ax-h
ix,ix
axr,r
q,q
er,er
ih,ix
sh,sh
y,iy
s,s
n,n
ih,ix
r,r
oy,oy
dcl,dx
ng,ng
axr,axr
jh,f
el,ax
s,s
w,w
p,p
ae,ae
hh,hh
tcl,tcl
dx,jh
m,m
iy,ix
k,g
ax,ax
ix,ix
tcl,tcl
iy,iy
ix,ax
tcl,n
kcl,kcl
s,s
pcl,pcl
q,q
dh,n
ax,ax
iy,iy
bcl,tcl
tcl,gcl
k,t
dh,dh
r,r
ax,l
n,n
m,m
ow,el
k,k
er,r
ao,ao
ey,ae
v,v
t,t
epi,epi
iy,iy
gcl,gcl
ix,ih
ao,ao
n,n
kcl,kcl
l,w
ey,ey
w,w
l,dh
er,er
ax,ax
er,er
tcl,gcl
pcl,kcl
d,t
iy,iy
ax,ax
pau,q
s,s
w,l
n,dcl
ay,ay
nx,nx
t,t
q,ix
ux,ux
tcl,tcl
v,v
aa,eh
er,axr
r,r
iy,iy
z,z
s,s
ey,ih
ix,ix
kcl,kcl
t,s
ay,aa
kcl,kcl
aa,aa
r,aa
dh,dh
w,w
dcl,dcl
iy,ux
pau,gcl
dh,dh
q,q
s,s
f,f
r,r
p,p
ey,ey
p,p
b,q
iy,ey
m,n
ix,eh
q,q
ix,ix
v,em
gcl,gcl
ax-h,ix
hh,hh
m,m
z,z
jh,z
f,epi
r,r
er,er
iy,iy
n,dh
iy,iy
s,z
tcl,tcl
ih,ih
kcl,kcl
z,dcl
ao,ao
ey,ey
n,n
pau,tcl
ax,ax
ah,ae
q,q
z,s
iy,iy
iy,iy
kcl,kcl
g,d
l,eh
gcl,gcl
ih,ih
el,r
r,r
iy,iy
ey,ey
s,s
bcl,bcl
iy,iy
ax-h,t
b,p
iy,iy
kcl,gcl
iy,iy
ix,ix
kcl,kcl
n,n
iy,iy
ix,ih
iy,iy
m,n
pcl,pcl
r,r
ch,ch
iy,iy
z,z
tcl,tcl
kcl,kcl
pau,pau
pcl,pcl
axr,axr
p,p
iy,iy
r,q
ix,ey
ix,n
ah,ah
l,l
m,ng
t,t
n,n
m,n
pcl,bcl
n,n
y,y
axr,r
iy,iy
iy,iy
f,th
r,ao
v,v
aa,aa
f,th
ey,ey
q,q
q,q
ao,ao
m,m
k,k
s,s
ix,ih
ah,l
eh,eh
tcl,tcl
sh,sh
ih,ey
ow,l
ix,ih
tcl,kcl
ix,ae
ix,ix
r,r
ae,ae
ah,ah
m,m
epi,epi
tcl,dx
q,q
r,w
pcl,pcl
w,r
y,y
ay,ay
l,l
ao,ao
z,z
ay,ay
ey,ey
ux,ix
w,w
tcl,tcl
t,s
ih,ih
s,s
tcl,bcl
dcl,v
ix,ih
ix,ix
m,m
t,t
s,s
kcl,kcl
ux,m
r,r
dx,dx
axr,axr
ay,ay
n,m
ah,ah
ay,ay
ae,ae
ey,oy
ay,ay
v,v
r,r
d,d
er,axr
tcl,kcl
hv,hv
n,n
ih,ih
l,l
pcl,dh
aa,aa
r,v
w,l
n,n
y,y
sh,sh
g,n
y,dh
r,w
s,s
ix,ih
aa,ao
w,w
bcl,bcl
t,t
ax,ix
ae,eh
ix,ix
kcl,kcl
ih,ix
dcl,gcl
y,y
ae,ae
s,s
ax,l
axr,axr
ix,ix
ih,eh
t,t
z,s
d,d
m,dcl
ix,ix
w,w
n,n
v,v
l,l
iy,ey
ay,ay
ix,ix
ih,eh
ix,ix
kcl,dcl
s,z
dcl,dcl
aa,aa
ax,ax
t,d
kcl,tcl
iy,ix
kcl,kcl
ae,eh
r,r
z,s
epi,w
dcl,tcl
ix,ix
eh,eh
p,p
ae,ae
g,g
l,w
kcl,tcl
ix,ao
jh,jh
iy,iy
ey,ae
el,q
p,p
n,n
ey,ey
n,n
dh,th
q,q
ih,ih
r,ih
er,ow
f,f
ih,iy
d,t
w,w
pau,kcl
dh,z
ih,ih
aa,aa
q,q
jh,jh
iy,iy
s,s
n,n
r,r
el,ow
ix,ix
r,r
dcl,dcl
dcl,kcl
sh,sh
z,z
r,r
eh,ae
ax-h,hh
r,w
r,ax-h
dh,dh
r,bcl
eh,eh
kcl,tcl
aa,ah
ih,ih
ay,ay
n,n
z,z
th,k
pau,tcl
iy,ux
ix,ih
d,t
ih,ih
th,s
n,n
y,y
eh,ae
l,v
ih,ih
er,eh
tcl,q
kcl,kcl
iy,iy
l,l
t,t
q,tcl
ao,aa
tcl,tcl
m,dx
r,r
th,th
n,n
eh,ix
z,z
w,w
eh,ae
r,r
ey,ey
hh,hh
iy,y
f,f
ix,ix
kcl,kcl
dcl,tcl
dh,dh
eh,ih
pcl,tcl
k,k
l,l
ae,ae
ax,ax
l,ax
z,s
t,t
w,w
tcl,tcl
ah,ah
m,m
f,f
ow,ow
m,m
kcl,gcl
r,r
eh,eh
eh,eh
y,ix
dh,dh
v,ax
t,t
iy,iy
er,ih
m,m
zh,z
ao,aa
eh,ih
n,n
w,w
v,v
ow,ax
ix,ih
ae,ae
q,q
r,r
ah,aa
s,s
k,k
w,w
pau,en
kcl,tcl
iy,y
w,w
r,r
ih,iy
pcl,pcl
m,m
kcl,tcl
ix,iy
f,f
m,n
ao,oy
l,l
m,m
t,t
el,l
gcl,kcl
s,s
axr,r
y,y
dx,dcl
tcl,dcl
q,q
iy,iy
ix,nx
ax,ih
t,t
r,r
kcl,tcl
l,l
kcl,kcl
ix,q
l,q
ao,ao
s,s
ux,ix
q,q
p,q
aa,aa
ih,ey
f,f
n,m
m,m
q,q
kcl,kcl
sh,sh
tcl,tcl
dcl,dcl
ah,ah
l,l
ay,ay
dh,dh
m,n
ax,ax
gcl,kcl
tcl,tcl
iy,iy
m,w
k,kcl
tcl,tcl
g,g
r,r
n,n
hv,hv
pau,pau
eh,ey
el,el
s,s
r,r
dh,dh
n,r
tcl,tcl
s,s
f,th
k,k
uh,ax
iy,iy
ae,ae
ix,ih
hv,hv
n,nx
k,t
ae,ae
pcl,bcl
ay,ay
axr,axr
tcl,tcl
sh,sh
l,l
v,dcl
axr,gcl
n,n
m,m
kcl,tcl
ng,ng
s,s
r,r
tcl,tcl
jh,jh
w,w
ey,ey
ix,ix
w,w
dx,g
r,r
ih,ih
n,ng
iy,iy
s,s
s,s
eh,ae
ao,aa
w,w
t,th
iy,y
axr,er
tcl,tcl
n,n
pau,pau
n,n
p,p
t,t
ax,ih
kcl,kcl
aa,aw
m,m
l,l
ey,ix
ix,ix
s,s
n,n
ax,w
ax,ax
iy,iy
ih,ih
pcl,dcl
kcl,tcl
t,t
l,l
epi,kcl
ix,ax
iy,iy
dh,dh
kcl,kcl
q,q
s,s
th,t
m,m
sh,s
n,n
pcl,pcl
w,w
s,s
ay,aa
dh,l
r,r
s,s
l,ax
g,g
q,q
iy,iy
dcl,dcl
kcl,kcl
r,r
ix,ix
d,d
epi,epi
g,g
t,d
ux,iy
l,l
r,r
n,m
hh,hh
q,ix
f,f
t,k
ih,ey
r,r
aa,aa
y,y
ax,ih
epi,tcl
dh,n
ix,ix
iy,iy
aa,aa
dx,dx
f,p
hv,hh
s,s
ux,ix
tcl,tcl
kcl,kcl
q,q
ax,ax
bcl,bcl
k,g
q,q
iy,iy
dx,gcl
sh,sh
ng,n
l,l
p,p
ix,ix
ae,ae
kcl,epi
aa,aa
bcl,bcl
ao,ao
k,k
n,nx
dcl,dcl
eh,eh
z,z
kcl,f
dh,t
k,k
q,ng
ih,ix
ih,ih
l,l
z,s
ih,ih
aa,aa
sh,sh
dh,dh
ih,ih
iy,iy
er,axr
eh,eh
ix,ih
tcl,kcl
z,z
tcl,kcl
epi,epi
dx,kcl
er,axr
ih,ih
hv,dx
ih,axr
ay,ay
gcl,bcl
g,g
ih,ih
dcl,gcl
w,w
ax,ax
ae,ae
s,s
ey,iy
ix,ix
ah,ah
ax,ax
s,s
y,y
n,nx
ae,ae
kcl,kcl
t,jh
bcl,bcl
r,axr
zh,z
tcl,kcl
ao,aw
w,w
kcl,kcl
en,en
tcl,tcl
s,s
s,s
s,s
ao,w
dx,tcl
sh,s
hv,hv
hv,iy
er,axr
w,w
ae,ae
zh,hh
dcl,dcl
ix,ih
z,s
g,g
ih,ih
k,k
dcl,dcl
pcl,pcl
aa,aa
y,jh
ow,ow
ah,ax
kcl,kcl
f,f
dcl,pcl
ih,ih
q,q
l,l
iy,iy
ae,ih
ae,aw
eh,eh
m,n
q,q
epi,epi
kcl,kcl
ix,ix
eh,ae
kcl,kcl
ey,ey
ix,ix
l,l
k,k
eh,ae
ix,ix
r,r
y,y
ax,ax
n,n
ay,ay
tcl,dcl
ey,ey
uh,ih
ah,ao
ix,ih
bcl,bcl
kcl,epi
dh,dh
ax,ix
nx,n
g,gcl
n,m
g,k
l,l
aa,aa
ix,ix
r,r
iy,iy
bcl,bcl
ih,ih
l,l
dcl,dcl
r,r
ax-h,dh
b,p
f,f
n,n
aa,ao
ae,ae
aa,aa
z,sh
q,pau
pcl,dx
b,b
ih,ih
p,t
ow,ow
ih,ih
l,l
bcl,tcl
ax,l
m,n
n,n
ix,ix
y,y
l,l
ao,ao
ao,ao
axr,r
k,k
bcl,bcl
n,n
iy,ih
q,q
ix,uh
aa,aa
dcl,dcl
ae,ae
ae,ih
iy,iy
axr,axr
s,s
iy,ux
s,s
eh,ih
pcl,tcl
aa,ao
f,f
bcl,pcl
q,q
er,ih
tcl,dcl
r,r
aa,aa
ix,hv
iy,iy
el,el
kcl,pcl
z,z
ih,ih
aw,aw
g,dh
d,jh
l,l
ix,ax
eh,eh
bcl,dcl
ix,ax
t,t
s,s
f,p
r,r
n,n
pcl,pcl
ix,ix
ae,ae
ix,ax-h
axr,eh
n,n
t,d
hh,hh
r,r
tcl,tcl
iy,ih
iy,iy
kcl,kcl
dh,tcl
ae,ae
axr,axr
r,r
r,r
kcl,kcl
m,n
n,ng
ax,ax
dh,dh
ax,ax
ah,ax
m,m
pcl,pcl
ay,ay
f,f
dh,dh
r,r
ax,ax
tcl,pcl
z,s
n,n
gcl,kcl
ae,ay
s,s
tcl,n
w,w
n,n
s,f
ao,aa
m,n
hh,hh
ix,ih
ix,r
zh,sh
l,l
w,w
r,r
iy,iy
q,hv
ah,ah
m,n
ix,iy
axr,axr
ae,ae
aa,aa
ix,n
iy,iy
y,jh
l,l
ax,ax
hv,hv
m,m
dcl,dcl
k,k
r,r
k,kcl
kcl,tcl
p,p
s,s
n,n
k,k
s,s
gcl,gcl
k,k
l,l
en,en
q,ix
p,epi
ax,ax
pau,pau
m,m
dcl,dcl
d,q
el,el
s,s
tcl,tcl
ao,ao
epi,epi
q,ax
axr,axr
ey,eh
ax,ax
s,z
q,w
axr,axr
sh,sh
ax,ax
bcl,dcl
s,s
ix,iy
dx,dcl
ux,ux
iy,iy
l,l
ow,ow
iy,iy
w,w
r,r
ix,r
sh,sh
pau,pau
ux,ix
m,m
s,z
n,n
iy,iy
t,t
dcl,dcl
n,n
l,ao
t,th
s,s
z,s
ax,ax
n,m
tcl,q
k,kcl
f,f
axr,axr
ay,ay
q,q
ih,eh
gcl,dcl
jh,ch
ix,ix
r,r
w,w
p,p
n,dcl
dx,epi
sh,sh
k,k
dcl,kcl
pau,q
ix,ix
dcl,gcl
bcl,tcl
m,m
l,m
kcl,kcl
er,er
l,l
w,w
ow,ow
ch,jh
ow,ow
q,q
ax,w
r,r
ux,ux
n,tcl
m,m
ih,ih
q,w
z,z
p,p
ae,ae
v,v
l,l
dcl,dcl
ey,iy
ae,ae
p,p
kcl,pcl
m,n
n,n
k,t
t,t
axr,axr
b,n
eh,eh
ae,ae
dh,g
n,n
bcl,bcl
m,m
tcl,tcl
sh,sh
ix,ix
iy,iy
t,d
q,q
ix,ix
dx,dx
dcl,gcl
l,l
ih,y
ae,ae
iy,iy
iy,iy
ix,ix
gcl,dcl
q,q
ao,ao
epi,epi
iy,q
ax,eh
ey,ey
z,z
dx,dx
k,g
z,z
ae,ae
aa,aa
q,q
hv,hh
r,r
tcl,tcl
s,s
r,r
t,t
ao,aa
s,s
k,k
tcl,tcl
ix,k
f,f
epi,f
t,t
ix,ix
aa,ae
epi,dx
ao,ao
dcl,bcl
y,r
dx,kcl
iy,iy
dcl,dcl
dh,dh
ix,ah
m,m
ih,ih
t,ch
tcl,gcl
pcl,th
iy,iy
ao,aa
s,s
q,b
r,r
ih,ih
ih,ih
n,n
sh,sh
z,s
p,epi
ax-h,k
iy,iy
y,y
n,n
z,z
kcl,tcl
ng,ng
s,s
ow,l
l,l
t,t
l,l
pcl,pau
aa,aa
kcl,kcl
r,r
aa,aa
s,s
kcl,kcl
k,k
z,s
w,w
ch,sh
dh,dh
ae,ay
hh,hh
ae,eh
gcl,tcl
w,w
ao,ao
axr,axr
l,ax
ax,ix
ay,ay
axr,axr
ix,ix
er,er
el,ax
v,b
eh,eh
tcl,bcl
s,s
g,k
k,k
ey,ey
l,l
kcl,tcl
eh,ah
l,l
eh,eh
kcl,tcl
l,w
en,en
axr,axr
ae,ae
hv,hv
p,p
ix,ih
k,k
l,l
ey,ey
z,z
bcl,bcl
ey,ey
kcl,kcl
kcl,kcl
ih,ih
k,k
n,n
p,p
s,s
eh,aa
r,r
s,s
n,n
p,p
iy,iy
q,tcl
s,s
ng,n
gcl,gcl
sh,sh
k,k
ay,ay
iy,iy
f,f
iy,iy
ix,ih
r,r
l,l
hh,hh
ah,ow
th,th
l,w
axr,axr
ao,ao
eh,ih
z,z
epi,pcl
dcl,dcl
ah,ax
bcl,bcl
kcl,pcl
ax,ax
tcl,tcl
ow,ow
p,p
axr,r
l,l
ae,ae
n,ng
ao,aa
l,l
pcl,tcl
tcl,tcl
axr,r
m,m
dh,dcl
ao,ao
kcl,kcl
dx,dx
k,k
z,s
ux,ih
k,k
l,l
ah,ah
n,n
r,r
ah,r
s,s
ix,ax
m,m
ix,ix
l,m
ix,ix
ix,dh
t,t
l,ng
eh,eh
t,s
m,m
w,w
z,z
tcl,tcl
n,ng
bcl,gcl
y,y
eh,ae
kcl,tcl
q,q
el,el
p,p
r,r
pcl,pcl
gcl,dcl
hv,hv
ng,ng
kcl,kcl
s,s
ae,ae
dh,dh
iy,iy
ah,ah
tcl,tcl
ax,ax
iy,n
v,v
dh,dh
d,d
s,s
pau,tcl
ae,ae
k,t
ay,ay
ae,aw
ey,ey
ax,ax
t,s
dcl,gcl
axr,r
n,n
ih,ih
dcl,dcl
iy,iy
iy,iy
n,n
ih,ih
n,m
kcl,bcl
ay,ay
v,v
k,k
ch,s
t,t
gcl,kcl
dcl,tcl
ow,ow
iy,iy
n,n
s,s
dh,dh
ae,ae
r,r
m,m
k,g
n,n
ix,ix
n,n
pcl,pcl
l,l
kcl,kcl
n,ng
axr,ih
ix,r
p,p
ax,ax
ih,ih
ey,ey
n,n
iy,iy
q,q
z,z
r,m
f,f
s,s
sh,sh
r,m
iy,iy
ix,ix
ax,ax
dcl,dcl
ix,axr
ux,iy
k,k
pau,gcl
dh,dh
l,l
ix,ix
ih,ih
k,k
pcl,pcl
ng,m
y,y
eh,ih
ow,ow
tcl,kcl
ux,ux
ix,q
hh,hv
tcl,tcl
iy,iy
m,n
k,d
kcl,kcl
iy,ih
w,w
ih,ih
w,w
ix,ih
n,m
ix,ix
tcl,tcl
ng,ng
tcl,dx
w,w
ah,eh
ow,ow
k,k
sh,s
m,bcl
k,k
iy,iy
ae,ae
iy,iy
tcl,n
iy,iy
n,n
l,ow
bcl,pcl
tcl,tcl
l,nx
ih,r
pcl,gcl
p,p
axr,er
q,ih
l,l
z,z
dcl,n
l,l
ih,ux
r,ux
k,k
w,w
th,th
ae,ae
ix,ih
ix,iy
eh,axr
oy,oy
t,t
ix,iy
el,el
dcl,pau
r,r
ih,ih
er,r
er,er
w,w
aw,aw
dx,dcl
hv,hv
bcl,bcl
m,m
pau,pau
p,p
aa,aa
pcl,pcl
d,d
ix,iy
n,nx
r,r
tcl,tcl
dcl,dcl
ay,ay
q,ax
ux,ux
q,q
ax,ix
k,k
iy,iy
el,el
v,v
s,s
m,m
ah,ax
w,w
sh,sh
s,s
r,r
l,l
l,l
ae,aa
z,z
v,bcl
r,r
z,z
kcl,tcl
sh,sh
s,s
r,r
g,g
iy,iy
r,axr
epi,epi
tcl,pcl
aa,aa
t,t
ax,ih
ae,ae
er,er
l,ix
sh,sh
th,z
en,en
ax,ih
ay,ay
ae,ae
ix,ih
r,r
s,s
aa,aa
ao,ao
k,t
q,q
r,oy
w,w
k,k
l,n
uh,ax
ih,iy
l,l
ih,ih
axr,axr
th,th
q,q
t,t
dcl,bcl
sh,sh
kcl,pcl
w,w
sh,sh
hh,hh
epi,gcl
ih,eh
gcl,gcl
ao,aa
kcl,tcl
er,axr
ae,eh
ah,ah
kcl,tcl
ix,eh
s,s
l,l
kcl,kcl
n,n
l,ax
l,l
ih,iy
kcl,k
epi,kcl
dcl,dcl
l,l
l,l
m,m
ah,ah
dx,dcl
ax,ih
ay,ay
s,s
t,f
ix,ih
ih,ih
pau,tcl
y,y
ix,ix
pau,pau
epi,epi
iy,ih
m,m
t,t
sh,sh
m,m
q,q
ng,ng
iy,iy
ae,ae
kcl,tcl
k,g
ix,ih
iy,iy
k,g
l,l
n,ax
q,q
l,l
iy,iy
w,ng
tcl,tcl
tcl,tcl
kcl,kcl
uw,uw
tcl,tcl
ao,oy
k,g
eh,ae
k,k
z,tcl
v,w
s,s
f,s
l,l
n,n
ix,ix
axr,ix
n,ax
tcl,tcl
ae,ae
dcl,dcl
pcl,kcl
ix,ix
t,t
z,z
ih,ih
eh,eh
sh,sh
ay,ay
z,z
axr,r
l,l
r,r
ux,ux
z,z
aa,ao
ao,ao
ix,ix
r,er
n,n
v,f
ax,ix
s,s
y,nx
iy,iy
z,s
s,s
aa,aa
s,s
n,n
z,s
l,l
r,r
t,t
pcl,gcl
ix,ih
l,l
w,l
tcl,d
ux,ux
l,l
er,er
n,n
axr,r
tcl,tcl
ao,w
bcl,kcl
n,n
ix,ix
w,ao
eh,eh
th,th
tcl,tcl
axr,r
pcl,pcl
w,w
ey,ey
dcl,kcl
ay,ay
bcl,n
aa,aa
s,s
ax,ax
g,k
ix,ix
n,nx
iy,y
m,m
r,axr
ix,ix
ax,ax
iy,ix
eh,eh
ao,aa
dcl,dcl
l,w
ix,axr
jh,jh
n,n
ow,ow
ow,ow
w,l
dcl,dcl
uh,ih
pcl,tcl
m,m
dx,d
kcl,kcl
dx,dcl
m,m
m,m
dcl,kcl
w,w
w,w
r,r
ix,q
dx,dx
z,z
ix,iy
k,k
n,n
er,er
ng,l
pau,pau
jh,jh
ix,ix
ih,ax
z,s
tcl,tcl
v,v
th,v
iy,iy
w,w
y,iy
r,r
l,uw
l,w
g,g
ae,ae
aa,aa
r,r
ih,ih
n,n
iy,iy
ay,ay
kcl,gcl
ix,ax
s,s
epi,kcl
ey,ey
r,r
ax,ah
r,axr
kcl,kcl
eh,ih
uh,r
r,ax
pcl,tcl
ax,eh
epi,kcl
ay,ay
ah,aw
v,v
tcl,kcl
dcl,bcl
eh,ae
iy,iy
ah,eh
w,w
g,g
s,s
l,bcl
sh,sh
s,z
iy,iy
aa,ah
dx,dx
ax,ax
tcl,tcl
p,p
ng,n
l,ax
axr,er
q,q
n,l
r,r
th,f
eh,ix
iy,iy
en,n
s,s
axr,axr
v,v
oy,oy
k,kcl
ax-h,gcl
gcl,dcl
sh,sh
n,en
ay,ay
ae,ae
z,s
aa,aa
iy,iy
kcl,tcl
d,t
ih,ih
m,m
q,tcl
eh,eh
m,w
p,p
f,f
l,ao
f,th
kcl,kcl
l,ow
dcl,dcl
m,n
tcl,tcl
s,s
ix,ih
ey,ey
m,n
tcl,tcl
l,ay
t,d
eh,iy
en,en
ae,ae
r,r
gcl,gcl
n,n
p,p
kcl,pcl
w,w
k,k
iy,iy
ix,ix
ax,ax
ah,ax
z,z
eh,ix
z,z
ay,ay
iy,iy
dx,dx
eh,eh
n,q
w,w
ix,ix
l,l
ix,ix
ix,ix
gcl,ng
eh,ih
ix,iy
tcl,tcl
ih,ih
kcl,tcl
p,p
ax,ix
l,l
axr,axr
bcl,gcl
ax,ix
n,n
z,z
ix,ix
nx,dx
f,f
ng,ng
eh,eh
z,z
ix,iy
iy,iy
ux,ux
s,s
dx,dx
ax,ax
dcl,tcl
ae,ae
ay,ay
z,th
ix,iy
s,s
oy,oy
z,z
iy,iy
dcl,bcl
axr,axr
tcl,gcl
ix,ix
el,q
tcl,tcl
f,f
ay,ay
l,l
f,f
z,s
n,n
t,d
s,s
ay,ay
ae,ae
tcl,gcl
q,q
g,g
tcl,pcl
f,f
k,k
ay,ay
ow,aa
n,n
iy,iy
f,v
ih,ih
sh,sh
ow,ow
pcl,kcl
bcl,bcl
kcl,tcl
s,s
bcl,w
ae,ae
iy,ix
uh,ih
pcl,pcl
gcl,dcl
s,s
eh,ih
dh,dcl
ix,ax
kcl,tcl
ow,ow
ax,ax
ax,ax
pau,hh
w,w
t,t
axr,eh
ch,ch
g,p
ih,ih
z,z
z,z
r,r
dcl,nx
q,q
s,s
eh,eh
ng,ax
kcl,kcl
l,l
tcl,q
tcl,pcl
ey,ey
l,l
ay,ay
axr,axr
dx,dcl
s,s
m,n
ng,ng
ix,iy
w,l
s,z
m,m
ao,ao
n,dh
uw,ux
iy,iy
sh,sh
axr,axr
l,b
g,q
l,ax
kcl,kcl
ah,l
ax,ix
ax,ax
ih,ih
v,r
bcl,gcl
s,s
ae,ae
l,uw
dh,p
r,r
l,ax
ix,ix
ay,ay
ao,ao
n,n
s,s
nx,nx
ix,ix
r,r
w,w
eh,ix
dcl,dcl
r,r
f,f
r,r
r,r
dcl,tcl
r,r
p,p
gcl,tcl
ao,ao
gcl,tcl
tcl,n
tcl,tcl
ao,aw
eh,y
sh,sh
s,s
m,n
ah,aa
iy,iy
iy,iy
ax,ax
k,k
aa,aa
eh,eh
kcl,gcl
iy,y
iy,iy
s,s
ax,l
w,w
r,r
ax,l
en,ax
n,n
t,d
ey,ey
ae,ae
kcl,pcl
ix,ih
epi,kcl
ux,ih
ix,ih
dcl,dcl
ao,aa
ey,ey
tcl,q
dcl,tcl
ey,ey
nx,n
ax,ax
iy,iy
pau,tcl
ux,ux
kcl,kcl
n,n
d,jh
v,v
dcl,dcl
m,dh
m,m
n,uw
ax,ax
kcl,kcl
ix,ey
r,axr
ay,ae
l,l
f,f
r,r
d,jh
aa,aa
ng,n
aa,aa
ow,ow
ix,iy
tcl,kcl
ux,ux
iy,ih
m,m
r,r
ix,ix
s,s
ix,ey
dcl,dx
ng,q
ae,ae
m,m
s,s
iy,iy
m,m
z,z
ao,ao
ux,ux
k,hh
n,n
l,l
en,m
tcl,tcl
ih,ih
z,z
f,f
gcl,gcl
dcl,dcl
sh,sh
r,r
ux,ux
ey,ey
tcl,tcl
g,d
ix,ey
epi,pau
ow,ow
z,z
s,jh
ah,ax
jh,t
kcl,gcl
v,bcl
q,n
d,d
kcl,tcl
epi,kcl
n,m
iy,iy
axr,axr
tcl,pcl
n,dcl
p,p
k,k
epi,epi
ux,ux
sh,sh
r,r
dcl,tcl
axr,r
s,z
iy,iy
s,s
n,n
dcl,tcl
bcl,tcl
q,q
s,s
tcl,pcl
w,w
ix,ix
d,dx
sh,s
uw,ux
t,t
w,w
tcl,tcl
ix,ix
dx,l
eh,eh
t,t
dcl,bcl
l,n
v,l
gcl,bcl
d,t
m,m
r,r
iy,iy
sh,sh
p,p
kcl,kcl
r,r
er,er
iy,iy
l,l
l,l
bcl,bcl
ix,ih
n,n
eh,eh
ao,aa
q,tcl
n,n
ix,ax
n,n
tcl,pcl
s,s
iy,ix
dcl,dcl
d,jh
n,m
dx,dcl
m,m
ih,ix
p,p
ey,ey
iy,iy
q,q
iy,iy
ao,aa
ax,ax
sh,ch
ih,ix
ix,ah
aa,aa
q,q
hv,n
l,dh
jh,d
kcl,tcl
r,r
kcl,tcl
k,k
r,er
jh,ch
iy,iy
ux,ux
hv,hv
s,s
axr,axr
tcl,pcl
ax,ax
g,tcl
ch,sh
sh,sh
ae,ae
q,q
dh,dh
l,ao
n,n
r,y
tcl,tcl
l,el
sh,sh
ae,ae
ow,ow
r,r
oy,oy
epi,hh
jh,jh
q,q
dcl,bcl
ax,ae
axr,axr
s,s
y,y
jh,jh
w,w
g,g
ix,ix
p,p
ux,ux
r,axr
ow,ow
r,r
q,q
r,w
w,w
ax,el
l,uw
sh,sh
jh,sh
w,w
ey,iy
kcl,tcl
k,k
epi,epi
dh,th
z,dcl
er,axr
eh,ih
ix,ix
s,s
k,jh
pcl,pcl
el,ow
iy,iy
n,n
y,y
l,l
pcl,pcl
jh,t
ao,ao
ih,ih
th,th
k,k
s,s
l,l
r,ah
dcl,gcl
ax,q
sh,sh
ix,l
l,l
iy,ey
pau,pau
q,q
eh,eh
ax,l
dx,dx
f,f
g,d
l,l
aa,ao
axr,ix
r,r
ey,iy
kcl,bcl
axr,r
ow,ow
bcl,dcl
gcl,gcl
ae,ae
er,er
ix,ux
kcl,kcl
ae,ae
uh,uh
t,t
iy,ey
ae,eh
z,s
eh,ae
g,g
r,r
k,k
s,z
kcl,kcl
ow,ow
kcl,gcl
z,z
w,w
gcl,bcl
sh,zh
t,t
oy,ao
r,r
zh,sh
dh,dh
d,d
er,er
m,m
er,er
n,n
dh,k
n,n
ix,ix
pcl,th
m,n
tcl,tcl
ey,ey
dh,th
epi,epi
l,dcl
r,r
n,ix
y,y
m,m
ow,ow
w,b
l,el
gcl,gcl
axr,er
ix,ix
n,n
m,m
kcl,kcl
hh,q
k,k
ao,el
iy,iy
aa,aa
ey,ey
dx,dx
ch,jh
ix,ae
z,z
m,ng
n,m
uh,ax
k,k
s,s
f,z
l,l
t,t
en,m
l,l
hh,hv
iy,iy
w,w
aa,aa
bcl,bcl
iy,ix
th,dh
ih,eh
uw,r
ae,ae
iy,ih
ix,n
m,m
n,n
ax,ix
t,t
q,q
k,k
tcl,gcl
k,kcl
n,n
f,th
axr,er
r,ah
aa,aa
ng,n
eh,eh
ae,ae
ae,ae
pau,tcl
oy,oy
iy,iy
s,z
p,p
s,s
aa,aa
r,r
kcl,kcl
f,f
l,l
iy,iy
p,p
iy,iy
iy,iy
tcl,tcl
ah,ah
w,w
s,z
dh,dh
ao,ao
ow,ow
iy,ih
s,s
hh,hh
pcl,pcl
l,l
q,q
en,en
tcl,tcl
kcl,kcl
pcl,tcl
n,n
pcl,tcl
p,p
k,epi
dx,dx
s,s
s,s
hh,kcl
ah,ah
w,w
n,m
tcl,kcl
axr,axr
ey,ae
ax,ix
eh,ih
iy,iy
m,n
iy,iy
ix,ix
s,s
ih,y
iy,iy
p,p
n,n
kcl,tcl
t,t
iy,iy
hv,hv
n,nx
iy,iy
gcl,gcl
ey,ey
eh,eh
iy,ix
dcl,tcl
ix,ix
ih,ih
w,w
z,th
bcl,dcl
k,t
n,n
m,m
ax,ah
iy,iy
ix,ix
r,r
aa,aa
z,sh
v,v
el,el
ay,ay
axr,axr
ae,ae
g,q
f,f
sh,s
n,en
f,f
iy,iy
r,r
epi,n
ey,ae
n,n
r,r
jh,jh
dcl,tcl
q,tcl
t,t
pcl,pcl
z,s
axr,axr
bcl,bcl
ae,ae
n,n
ay,ay
ng,ng
ih,ux
pau,pau
th,th
q,q
ao,ao
r,r
ix,ix
ah,ah
n,n
k,k
m,ix
kcl,pcl
l,l
l,l
ux,ux
dcl,gcl
iy,iy
w,w
r,r
k,t
ao,ao
jh,jh
dcl,dcl
l,l
m,m
iy,iy
v,tcl
er,er
tcl,dcl
pcl,pcl
k,k
axr,axr
ix,ix
el,ah
l,ah
axr,axr
z,z
epi,tcl
s,s
ih,ih
v,v
ux,ih
pcl,tcl
ae,ae
epi,epi
ix,ih
bcl,dcl
iy,iy
bcl,pau
z,z
er,ih
eh,ix
v,v
k,k
eh,ah
jh,t
z,z
iy,iy
tcl,tcl
q,q
ax,ax
dh,p
v,v
tcl,n
sh,sh
w,w
ao,ao
hv,hh
l,l
ix,ix
gcl,tcl
dcl,dcl
sh,s
ey,ey
n,en
eh,ey
s,s
n,tcl
ih,iy
s,ch
t,jh
w,w
n,ng
l,l
r,ah
gcl,bcl
er,er
ao,aw
aa,aa
y,y
bcl,bcl
ey,iy
el,el
l,ax
ng,ng
f,th
iy,iy
ix,ih
k,k
m,n
p,b
hv,hv
l,l
dx,dx
s,s
n,dcl
kcl,n
iy,iy
n,n
ix,ix
dcl,dcl
ao,uw
tcl,dx
gcl,n
m,n
ix,ix
s,s
tcl,tcl
oy,oy
kcl,tcl
s,s
tcl,kcl
iy,iy
iy,iy
ao,aa
r,r
er,ae
axr,axr
tcl,gcl
iy,iy
f,f
d,t
ih,ih
kcl,kcl
d,k
pau,pau
er,axr
s,s
m,m
bcl,bcl
aa,aw
n,n
q,q
dcl,dcl
ix,iy
z,s
l,l
l,l
ey,ey
ix,ix
axr,axr
eh,ix
q,q
r,r
ix,ax
dh,dh
k,k
aa,aa
s,s
ae,ae
ix,ix
ey,ey
ax,axr
ix,iy
t,t
uh,uh
q,q
t,t
m,n
er,er
jh,jh
iy,iy
s,t
p,p
n,n
dcl,dcl
ux,ux
tcl,pcl
s,sh
l,l
kcl,kcl
ix,ax
ae,ae
kcl,gcl
g,g
aa,aa
ao,aa
epi,epi
aa,aa
dh,gcl
s,sh
f,f
iy,iy
f,f
ix,ix
bcl,bcl
l,l
ix,ix
f,f
kcl,kcl
k,k
r,r
t,t
ax,ix
dh,dh
r,r
r,r
axr,er
bcl,bcl
ix,iy
tcl,tcl
aa,r
ch,ch
ax,ax
ix,ix
en,en
m,m
bcl,pcl
bcl,bcl
n,en
iy,iy
eh,ih
s,t
m,m
pcl,epi
eh,ax
aa,aa
er,ay
s,s
r,axr
ih,eh
ae,ae
ey,ey
dx,dh
er,er
z,z
s,s
k,k
kcl,kcl
ae,ae
k,t
iy,iy
l,ix
tcl,tcl
r,r
k,k
m,m
r,r
ax,r
ey,ih
el,l
r,r
kcl,kcl
uh,ow
l,l
eh,ae
z,s
s,s
f,f
pau,pau
ax,ax
s,s
tcl,dcl
iy,iy
ih,eh
ax,ax
r,ux
iy,iy
gcl,gcl
epi,kcl
ao,aa
m,m
ix,ax
ae,ae
ae,ae
ih,ih
n,en
v,v
l,l
n,n
r,er
ao,ao
iy,iy
ae,ae
q,ix
k,k
v,bcl
eh,eh
ix,ix
iy,iy
s,s
ae,ae
tcl,tcl
eh,ih
iy,iy
ix,ix
axr,axr
dcl,dcl
pcl,tcl
ax,l
eh,eh
ih,ih
t,t
ah,ax
gcl,dx
ix,ix
r,r
tcl,tcl
kcl,kcl
n,tcl
g,g
r,r
eh,eh
ao,ao
dcl,dcl
axr,axr
l,l
hv,hh
s,s
er,axr
s,s
hv,hv
ng,n
pcl,tcl
ao,ao
ae,ae
w,w
jh,jh
ae,eh
t,d
f,f
ux,iy
t,t
aa,ao
r,r
ih,ih
kcl,kcl
eh,ae
tcl,tcl
q,q
l,ax
ao,aa
axr,q
iy,y
epi,epi
er,axr
iy,iy
w,w
kcl,tcl
tcl,tcl
gcl,gcl
ae,ih
jh,jh
pau,tcl
ix,ix
t,t
n,n
axr,ix
uw,uw
k,p
l,l
tcl,tcl
ix,ix
ah,ow
ch,sh
ae,ih
f,hh
sh,sh
t,t
n,m
dcl,dcl
iy,ih
dcl,dcl
tcl,tcl
q,q
s,z
ax,ax
s,z
z,z
l,w
sh,sh
s,s
ih,ih
l,bcl
l,l
bcl,m
m,m
ae,ae
v,v
z,z
ax,ix
iy,iy
d,d
l,ax
ow,ax
m,m
ng,n
pcl,pcl
d,d
el,el
n,n
ae,ae
r,r
ae,ae
z,z
z,s
dx,l
bcl,bcl
m,hv
iy,ey
t,t
l,ng
axr,r
iy,iy
ix,ix
iy,q
r,r
q,q
w,w
ih,ih
kcl,tcl
l,l
m,m
bcl,bcl
dcl,dcl
gcl,kcl
ax,ax
iy,iy
ow,ow
pcl,epi
dcl,tcl
ao,aa
ix,ix
iy,iy
dx,v
s,s
tcl,tcl
ah,ow
dh,th
l,l
aa,aa
y,y
ae,ae
s,s
r,r
axr,ix
ah,ah
z,z
n,n
axr,axr
iy,iy
kcl,kcl
s,s
ao,ao
ih,eh
m,m
ix,ix
sh,sh
dcl,dcl
m,ng
kcl,tcl
er,er
ay,ay
ay,ay
f,f
ix,eh
k,k
dcl,dcl
ix,ah
f,f
iy,iy
q,kcl
ux,ih
l,l
epi,epi
m,m
th,th
r,r
tcl,dcl
q,ix
z,z
z,z
k,k
s,s
uw,r
k,z
nx,dh
m,m
zh,z
ix,ih
ah,aa
aa,ay
pau,pau
tcl,tcl
dcl,tcl
tcl,tcl
iy,iy
ng,n
hh,hh
iy,iy
w,w
ix,ih
ey,ih
l,l
m,n
p,b
er,er
ay,ay
b,d
l,l
tcl,tcl
q,r
s,s
en,m
kcl,tcl
v,f
k,k
dcl,tcl
y,y
ah,ah
ih,ih
ae,ae
uh,ah
eh,ax
axr,dcl
w,w
b,d
q,q
n,n
er,r
ax,ix
s,s
l,l
ng,ng
eh,ah
kcl,kcl
aa,aa
ix,ix
q,tcl
dcl,tcl
aa,aa
epi,ax-h
pcl,pcl
ae,ae
y,iy
eh,ih
ix,ix
oy,oy
w,w
ae,ae
ao,ao
l,l
w,w
eh,ah
ey,ey
dx,n
ax,ax
ix,ix
aa,aa
l,l
s,s
iy,iy
z,z
kcl,kcl
ih,ih
kcl,q
dcl,tcl
dh,th
bcl,pcl
ix,ih
er,ow
iy,iy
ow,ow
axr,axr
ix,ax
eh,ae
ix,dcl
sh,s
ix,ih
aa,aa
ah,ah
iy,iy
oy,oy
k,g
l,l
ih,ih
er,er
g,g
k,k
ng,ng
ix,ih
axr,er
f,f
ao,l
n,n
iy,iy
er,axr
ey,ey
ax,w
s,s
ah,ah
ah,ah
w,w
ix,ix
nx,n
b,p
el,w
kcl,kcl
hv,hv
bcl,bcl
ix,ix
q,q
er,r
gcl,n
f,f
hh,hh
eh,eh
m,m
n,n
l,l
ux,ux
v,f
dh,t
ih,ih
ao,ao
aw,ae
s,s
aa,aa
ix,ix
aa,aa
q,q
ax,ix
ao,aa
v,v
ay,ay
w,w
iy,iy
aa,ao
iy,iy
ao,ow
z,th
kcl,kcl
ih,ih
dcl,gcl
t,k
pcl,tcl
ix,ih
aw,aw
axr,axr
v,v
k,k
ih,dx
eh,eh
t,t
m,em
aa,ao
s,s
r,r
dcl,dx
l,l
r,r
ax,l
l,l
n,k
ux,ux
l,w
dx,dcl
d,d
m,m
tcl,tcl
ix,ih
sh,sh
ux,uw
ey,ih
pcl,tcl
s,s
q,q
dh,dh
dcl,dcl
k,k
tcl,tcl
n,n
z,s
dcl,pcl
ah,aa
ae,eh
dcl,gcl
pcl,pcl
m,nx
bcl,bcl
pcl,pcl
r,r
jh,jh
aa,aa
iy,y
t,t
l,q
m,m
k,k
axr,axr
er,er
tcl,tcl
tcl,tcl
dh,th
epi,tcl
ih,ih
dh,b
y,y
axr,axr
el,el
axr,axr
iy,iy
eh,eh
ay,ae
ae,ae
kcl,kcl
bcl,bcl
ux,ih
r,r
bcl,pcl
q,q
ix,iy
axr,axr
ix,ih
gcl,gcl
dh,dh
aw,ae
l,l
s,s
kcl,kcl
em,n
tcl,kcl
axr,r
ay,ay
z,z
ow,ao
f,f
m,n
m,n
w,w
iy,iy
m,m
ay,ay
v,ix
ah,ah
k,k
w,w
aa,aa
oy,oy
ix,q
m,m
l,ax
dh,dh
n,g
sh,s
k,k
ih,eh
n,n
s,z
ux,ux
er,r
s,z
w,l
k,k
eh,ae
kcl,kcl
k,k
d,t
ah,aa
ax,ah
ng,m
ey,ux
ey,ey
kcl,tcl
ao,aa
s,s
ao,aa
l,l
p,p
bcl,bcl
n,m
gcl,gcl
ng,n
q,q
eh,eh
p,p
pcl,bcl
n,n
ix,ix
q,ah
f,f
t,t
l,l
r,n
m,r
w,w
dx,gcl
dh,l
m,m
bcl,gcl
m,m
eh,eh
n,n
eh,ae
ae,ae
z,z
l,l
axr,r
ix,ix
ax,r
f,f
k,k
ih,ih
kcl,tcl
r,r
q,q
p,p
kcl,kcl
ax,ax
sh,sh
ow,ao
s,s
s,s
ax,ax
ix,ih
ih,ih
iy,iy
er,er
er,r
z,s
kcl,kcl
t,t
oy,oy
k,epi
ih,ih
z,dh
dx,dx
z,s
s,s
ix,ih
s,s
p,p
ax,ah
iy,iy
r,nx
bcl,bcl
sh,sh
ih,ih
r,r
ow,ao
n,n
dh,dh
g,k
ix,ix
m,m
hv,y
aa,aa
jh,g
iy,ux
eh,ih
iy,ix
w,w
s,s
dcl,dcl
sh,sh
dx,q
s,th
ae,ae
m,m
ix,ax
ix,ax
t,t
z,z
m,m
w,w
l,l
t,t
axr,axr
pcl,pcl
f,th
m,m
tcl,tcl
ow,ao
iy,ih
t,d
r,ax
z,z
r,r
ix,ix
r,r
ih,ih
sh,sh
axr,axr
bcl,bcl
ah,l
ng,ng
ix,ax
m,m
l,d
s,z
ey,ey
k,k
z,z
w,w
ix,ix
tcl,pcl
eh,ih
dcl,tcl
s,s
l,l
s,s
epi,epi
v,th
v,ax
ae,ae
w,w
kcl,gcl
y,y
t,t
l,l
r,r
kcl,kcl
iy,iy
z,z
q,q
ih,ix
z,z
q,q
aa,aa
m,m
l,l
l,l
ay,ay
tcl,tcl
ix,ih
ix,ix
dcl,q
er,eh
bcl,bcl
eh,eh
k,k
ey,ey
aa,aa
ih,ey
eh,eh
n,ax
r,r
z,z
axr,axr
t,t
iy,iy
dh,dh
p,p
l,l
v,v
dcl,dcl
pcl,tcl
ix,axr
eh,ae
kcl,tcl
tcl,q
dh,th
dcl,gcl
aa,aa
s,z
ao,ao
dcl,dcl
iy,iy
q,q
n,ng
n,n
q,q
gcl,dcl
ix,ix
s,s
s,s
l,n
m,m
tcl,tcl
ao,ao
s,s
s,s
iy,ix
l,l
ao,ao
eh,ay
ao,aa
dx,nx
k,k
g,t
ix,ix
ao,ao
t,d
aa,aa
l,w
ax,ah
iy,iy
l,l
l,w
ae,ae
tcl,tcl
r,r
eh,ah
l,el
epi,epi
axr,er
tcl,tcl
k,k
y,ix
w,w
tcl,k
ih,ih
iy,iy
dcl,gcl
n,n
l,n
ux,ux
ax,ix
axr,er
f,f
tcl,pau
d,t
r,er
tcl,tcl
ae,ae
dh,tcl
v,v
s,s
eh,ix
er,r
t,th
tcl,gcl
r,r
dh,dh
eh,ah
z,s
ih,ih
axr,er
ih,jh
axr,er
r,r
s,s
dcl,bcl
dcl,f
r,r
pcl,tcl
ao,aa
iy,iy
uw,uw
v,epi
n,n
s,s
b,n
v,nx
gcl,n
dcl,dcl
z,z
iy,iy
k,k
ae,ae
dh,dh
t,t
s,s
p,p
ao,ao
ux,ux
dcl,dcl
p,p
ix,ix
r,r
r,axr
kcl,tcl
ix,ix
kcl,kcl
m,m
s,s
k,k
aa,ax
s,s
w,w
en,en
pcl,pcl
dx,tcl
ix,ih
ao,ao
jh,jh
nx,n
ay,ay
hh,hh
tcl,tcl
bcl,dcl
n,m
kcl,kcl
iy,ix
eh,ix
p,p
axr,r
s,z
axr,axr
ay,ay
iy,iy
iy,iy
r,r
l,l
iy,ih
iy,iy
s,s
axr,axr
l,n
d,tcl
ao,aa
axr,axr
iy,iy
ix,ix
l,aa
pcl,pcl
t,d
ax,aa
eh,ah
t,t
tcl,tcl
ix,ih
q,q
y,l
q,q
th,th
epi,g
t,th
ax,ax
axr,axr
ih,ih
iy,iy
w,w
r,r
l,l
iy,iy
dh,f
ih,ih
pau,pau
ah,ah
dcl,dcl
s,s
pcl,pcl
ix,ax
r,ax
ix,q
eh,eh
l,n
t,t
uw,ux
el,el
n,l
l,l
k,k
ow,el
tcl,n
m,m
s,s
w,l
k,k
ae,ae
z,z
dh,q
th,f
tcl,l
tcl,dcl
t,t
pcl,kcl
iy,iy
bcl,bcl
p,sh
axr,axr
ix,ix
ae,ae
iy,iy
p,p
kcl,kcl
dcl,tcl
iy,iy
n,n
z,z
ch,jh
s,s
q,q
iy,iy
ih,ah
ay,ay
epi,q
oy,oy
z,s
l,l
jh,jh
sh,sh
tcl,gcl
ey,ey
hv,p
ao,ao
ix,ix
ao,aa
pcl,tcl
ao,ah
ih,ih
ax-h,ax-h
iy,ih
dcl,dcl
k,g
r,axr
y,y
r,r
s,s
n,ng
dx,g
ix,ay
eh,ih
ix,ix
ae,ae
t,t
iy,iy
v,tcl
m,m
w,w
f,f
v,v
m,m
m,m
g,dx
dh,dcl
s,s
n,ng
ix,iy
ay,ay
s,s
ax,ax
eh,ah
b,ax-h
ix,ix
s,s
jh,q
tcl,tcl
ow,ow
uw,er
s,s
r,aa
p,p
m,m
axr,axr
iy,iy
ah,aa
n,n
aa,ae
n,ng
l,l
k,g
z,z
el,el
iy,iy
d,p
iy,iy
bcl,pau
dh,th
n,en
ey,eh
r,r
s,s
s,s
ih,r
hh,hv
dcl,tcl
v,v
ih,ax
ax,ax
jh,t
t,t
ow,ow
dx,dcl
l,l
l,l
s,s
n,n
t,t
axr,axr
ah,ah
ay,ay
epi,kcl
pcl,pcl
kcl,tcl
ae,ae
oy,oy
aw,aw
ch,sh
l,dcl
bcl,bcl
l,l
jh,d
oy,oy
kcl,kcl
sh,sh
gcl,dcl
ow,ux
ae,ae
ow,ow
pcl,pcl
ch,sh
er,er
p,p
dcl,dcl
ey,ey
w,ao
dx,v
n,n
bcl,pcl
pcl,bcl
oy,oy
s,s
tcl,dcl
kcl,kcl
n,n
hh,hh
b,p
gcl,gcl
eh,ae
kcl,epi
ah,ix
iy,ix
v,v
n,n
w,w
iy,ey
ih,ix
dx,bcl
pcl,pcl
jh,jh
dx,dcl
ah,ah
ao,q
epi,m
y,y
tcl,n
f,f
ah,r
aa,aa
y,y
hh,hv
r,r
ix,ax
tcl,kcl
s,f
kcl,f
t,d
kcl,kcl
iy,iy
ah,aa
pcl,bcl
ey,ey
jh,jh
q,tcl
uh,ix
tcl,tcl
tcl,pcl
th,th
ey,ey
ux,ux
f,f
gcl,gcl
axr,ih
ih,ih
axr,er
aw,aa
ax,ax
iy,iy
m,m
v,v
aa,aa
n,n
th,s
sh,sh
gcl,kcl
kcl,tcl
dcl,epi
q,q
ay,ay
gcl,gcl
axr,ax
ix,ih
kcl,kcl
ax,ax
n,n
ix,ix
s,z
ao,aa
s,s
m,n
w,w
q,q
aa,aa
dcl,dcl
t,gcl
ao,ao
sh,sh
aa,aa
ax,ax-h
q,ng
ix,ih
kcl,kcl
gcl,dcl
kcl,th
sh,s
b,dx
q,r
v,v
oy,ah
eh,ay
ix,ih
kcl,kcl
r,r
ay,ay
l,l
v,z
ao,ao
ae,ae
tcl,kcl
r,ah
en,n
w,q
hv,hv
k,g
tcl,tcl
k,k
dx,dx
v,epi
s,s
ch,ch
k,k
ae,ae
s,s
ah,ih
q,q
axr,er
r,r
iy,iy
hv,r
m,n
ix,ix
epi,epi
aa,aa
kcl,f
r,q
el,el
n,n
r,r
iy,ix
dcl,gcl
pau,pau
z,z
ao,ao
g,g
ao,ao
q,tcl
pau,q
bcl,bcl
ix,ix
q,q
m,m
l,l
q,q
oy,oy
p,b
kcl,tcl
hh,hh
l,l
ix,ih
ah,ah
iy,iy
s,s
f,v
r,r
eh,ae
kcl,kcl
z,s
ix,ih
ax,r
axr,ix
ae,ae
bcl,bcl
bcl,bcl
uh,ax
tcl,tcl
iy,n
t,t
pcl,tcl
axr,axr
r,r
ow,ow
tcl,tcl
l,l
n,tcl
p,p
eh,eh
ah,ah
k,k
r,r
f,f
ae,ae
ah,ih
pau,pau
dcl,dcl
ao,ao
t,t
iy,ix
eh,ae
d,d
ix,ax
n,n
ch,ch
k,q
aa,aa
ix,ih
r,r
ix,ix
b,dh
tcl,tcl
p,p
dh,q
eh,eh
ae,eh
eh,ae
er,er
pcl,pcl
z,z
f,f
axr,axr
bcl,pcl
epi,epi
ay,ax
z,z
ax,ax
r,m
l,l
eh,ih
pcl,pcl
k,k
v,v
tcl,pcl
eh,eh
v,v
ah,ah
kcl,kcl
s,s
iy,iy
er,er
q,tcl
t,tcl
dx,dx
f,f
ow,ow
n,ng
n,n
p,p
jh,ch
eh,ax
ah,r
ow,ow
s,jh
s,z
nx,n
ih,ax
n,en
iy,ix
gcl,dcl
s,s
s,s
pau,dcl
iy,ih
tcl,tcl
n,n
v,r
eh,eh
iy,y
y,y
w,w
ah,l
dcl,gcl
ow,ow
ow,ow
ao,axr
ae,ae
l,l
ax,ax
n,n
ao,ao
ix,ix
axr,axr
kcl,pcl
eh,eh
ix,ix
p,th
g,g
epi,kcl
ah,ah
iy,iy
y,ih
ao,aa
ay,ay
iy,iy
aa,ah
tcl,kcl
s,s
s,s
ih,ih
ae,ae
ax,ah
iy,iy
ux,ux
l,l
r,r
aa,aa
ih,ih
ix,ax
sh,sh
l,l
dh,dh
ix,en
q,q
er,er
kcl,kcl
l,l
k,k
w,w
ay,ay
en,m
hv,hv
ux,ix
ix,ix
ay,ay
ey,ey
ae,ae
y,y
v,bcl
ih,er
n,n
n,n
n,n
l,ax
m,n
k,k
v,v
d,dh
ae,ae
n,m
ah,r
l,l
ix,iy
ih,ih
s,z
t,ch
dcl,dcl
s,s
ih,ih
tcl,kcl
m,m
t,t
r,r
m,m
ih,eh
ng,n
ix,ix
s,s
q,q
ix,iy
n,n
pau,pau
s,s
q,q
gcl,gcl
ae,aw
tcl,tcl
k,k
jh,z
ow,ow
p,p
axr,axr
t,t
gcl,kcl
axr,g
m,n
f,f
t,t
bcl,dh
aa,aa
axr,er
oy,ah
s,s
ax,ah
ah,ah
n,m
ch,jh
ax,ih
w,w
m,n
q,ah
ix,ih
pcl,pcl
w,l
er,er
n,n
l,l
bcl,kcl
eh,eh
r,r
dcl,dcl
ey,ey
n,n
k,q
tcl,kcl
r,r
hh,hh
ay,ay
eh,eh
g,g
er,ih
s,z
s,jh
k,k
iy,iy
sh,sh
axr,axr
iy,iy
tcl,tcl
ih,ih
dcl,dcl
ax,ax
ao,el
ax,ih
l,l
r,r
er,ow
s,s
q,axr
ao,ao
ux,ux
axr,axr
q,q
n,n
ow,ow
ax,ay
dx,tcl
k,k
k,k
v,v
ix,iy
ch,s
ax,ax
r,aa
tcl,tcl
ey,ix
eh,eh
dx,r
n,n
w,w
k,k
kcl,tcl
p,p
n,nx
t,s
ow,ow
kcl,kcl
p,p
sh,sh
l,m
iy,iy
pcl,gcl
v,v
ix,n
r,r
ix,ix
dh,th
w,w
ao,ao
g,kcl
pcl,gcl
q,q
l,r
sh,sh
t,t
m,uw
ih,ih
m,w
s,s
dh,th
ax,ih
ae,ae
s,z
sh,sh
z,z
r,r
ix,dh
ih,ih
iy,iy
ch,t
aw,aw
tcl,tcl
ao,aa
sh,sh
ay,ay
axr,axr
l,el
l,ax
epi,epi
axr,r
ix,iy
n,ix
ih,ih
kcl,tcl
y,y
n,m
t,hh
f,f
bcl,bcl
p,p
ix,eh
dh,dh
ao,ao
axr,axr
dh,k
aw,eh
er,er
iy,iy
aa,r
f,f
l,l
axr,dx
axr,er
k,k
s,s
s,s
dh,dh
pcl,tcl
iy,y
n,n
epi,epi
s,s
ih,ux
dcl,dcl
dcl,dcl
m,m
v,v
r,r
k,k
th,tcl
aa,aa
k,k
s,z
ch,jh
f,f
n,n
eh,eh
z,z
z,s
n,n
ux,iy
z,z
q,pcl
s,s
l,l
n,nx
ch,ch
jh,epi
bcl,bcl
eh,eh
iy,iy
ah,ah
kcl,pcl
pau,pau
q,q
n,n
ix,ix
m,n
ng,m
en,n
ih,iy
er,eh
n,n
ix,ix
dcl,dcl
k,k
r,r
tcl,gcl
m,m
w,w
tcl,kcl
q,q
aa,ao
f,f
ix,ix
l,ix
ix,iy
ux,ux
ae,ae
q,ax
n,ng
t,t
ih,ih
v,v
eh,eh
r,er
n,n
eh,q
uh,ow
aa,aa
kcl,kcl
n,ng
l,el
th,f
iy,iy
ux,ux
ae,eh
l,l
r,r
ae,ae
ix,ix
ao,ao
z,jh
kcl,kcl
jh,jh
n,n
m,n
ae,ae
nx,nx
w,w
ix,ax
n,ng
s,s
ix,ix
tcl,kcl
r,r
ow,ow
n,n
ow,ow
gcl,kcl
tcl,kcl
iy,iy
jh,s
iy,iy
dh,dh
tcl,kcl
r,r
k,k
r,r
tcl,tcl
dh,dh
s,s
sh,sh
el,l
k,k
gcl,kcl
p,p
eh,ix
w,w
t,t
tcl,tcl
zh,jh
ae,ae
ay,ay
ao,ao
iy,iy
kcl,kcl
ix,iy
dcl,dcl
tcl,kcl
tcl,kcl
tcl,tcl
s,z
l,l
ae,ae
em,n
ow,ow
ae,ae
s,s
l,w
iy,ey
hh,hh
gcl,gcl
r,r
f,f
el,l
v,v
v,v
hv,hv
n,n
er,er
ao,ao
dcl,dx
bcl,bcl
t,t
v,v
gcl,pcl
hh,hh
aa,r
r,ow
iy,iy
iy,iy
r,w
ae,ae
r,r
t,t
ax,ix
f,v
y,y
tcl,kcl
axr,ix
ay,ae
ax,ax
z,s
p,p
dcl,dcl
ih,ih
iy,iy
s,s
ih,eh
gcl,dx
ux,ux
s,s
tcl,tcl
ay,ay
ey,ih
ow,ao
el,ao
g,g
f,f
kcl,gcl
dcl,dh
z,z
axr,ow
iy,iy
q,q
ix,ax
w,w
ah,aa
ix,ix
ao,ao
eh,y
aa,aa
k,k
axr,r
n,n
ax,ax
dcl,dcl
dcl,dcl
z,z
ix,ax
dcl,dcl
pcl,tcl
s,s
r,ax
bcl,tcl
ch,t
pcl,pcl
eh,r
ae,ae
ao,ao
ax,ax
s,z
ih,ih
f,kcl
ih,ae
s,s
w,l
ih,ux
uw,uw
gcl,kcl
ay,ay
kcl,kcl
ux,g
ux,n
ix,ix
axr,axr
l,l
iy,ix
w,w
kcl,pcl
er,er
dcl,gcl
l,ix
aw,ae
axr,axr
tcl,f
dcl,epi
epi,y
dcl,n
iy,iy
aa,ae
n,n
pau,q
z,z
z,z
iy,iy
dcl,bcl
ax,ah
n,nx
hv,hv
axr,axr
ow,ow
k,hh
t,t
iy,iy
ix,ix
s,s
r,r
ae,ae
th,f
ax,ax
kcl,kcl
l,l
axr,axr
ax,ax
ix,ey
ix,ih
ae,ae
ix,ix
ey,ih
ax,eh
l,ao
t,q
ix,uw
q,q
n,n
w,w
bcl,pcl
kcl,kcl
k,k
iy,r
t,t
dcl,gcl
tcl,tcl
dcl,dcl
gcl,kcl
b,p
ao,aa
dcl,dcl
dcl,dcl
kcl,kcl
n,n
n,n
dh,z
bcl,bcl
ay,ay
tcl,tcl
pcl,tcl
m,m
q,q
r,r
ix,r
ix,ix
kcl,kcl
dcl,dcl
q,q
nx,nx
ey,ey
ay,ay
ao,ao
ix,ix
ao,ao
ae,ae
l,l
ae,ae
r,r
nx,nx
ao,ao
sh,sh
ix,ix
el,ao
ix,l
bcl,bcl
m,m
er,er
dcl,dcl
ay,ah
r,er
r,r
ih,ih
k,k
iy,iy
axr,axr
ow,ow
l,l
aa,aa
l,l
ae,ae
ih,ih
dx,dx
ae,ae
s,s
m,m
n,n
nx,nx
tcl,q
ae,ae
el,ow
ao,aa
axr,er
iy,iy
n,nx
ih,ih
l,l
iy,iy
m,m
g,k
iy,iy
s,z
v,v
ay,ix
ix,ah
ix,ix
aw,aw
y,y
uw,w
axr,r
k,g
kcl,kcl
er,er
sh,sh
m,m
n,m
t,k
n,n
el,l
s,s
dcl,dcl
iy,ih
dcl,dcl
ix,ix
ay,ay
ih,ih
t,t
dh,s
s,s
ao,ao
eh,ae
y,y
m,m
gcl,gcl
aa,aa
p,p
r,axr
ch,t
ah,ae
dx,q
s,s
v,bcl
hh,p
y,y
q,q
s,s
pcl,pcl
eh,ih
s,t
s,z
n,n
r,r
ax,ax
iy,iy
s,s
m,n
aa,ax
hv,hv
ih,y
q,ix
iy,iy
s,s
k,k
p,p
ah,ih
y,y
ow,ow
eh,eh
g,g
ax,ih
t,t
iy,ih
m,n
dcl,dcl
iy,iy
dh,dcl
ey,ey
tcl,tcl
ng,n
ao,ao
n,n
ax,ix
ao,ao
s,s
ah,aa
g,g
r,r
k,k
ax,ax
kcl,kcl
ix,ix
axr,axr
l,r
tcl,pcl
eh,ey
y,y
dx,dx
w,w
iy,iy
aw,aw
k,k
kcl,kcl
tcl,pcl
q,q
ao,aa
t,d
aa,ao
r,r
ey,ey
k,hh
ix,ix
l,l
r,r
r,r
z,s
axr,axr
w,axr
s,s
uh,q
s,s
iy,ih
t,t
ah,ah
dx,dx
dx,dx
kcl,tcl
r,er
tcl,pcl
tcl,dx
pau,q
hv,n
m,m
m,m
r,r
s,s
ow,ow
ow,el
dh,f
tcl,tcl
s,s
v,dh
iy,iy
axr,r
dh,dh
m,m
iy,ix
dh,g
y,iy
l,l
gcl,gcl
sh,sh
w,w
ae,ey
ow,ow
m,m
iy,iy
ix,ih
ax,ix
ae,ae
ih,ih
m,m
ae,ae
eh,eh
kcl,tcl
z,k
w,w
r,r
y,ix
l,ay
ax,ih
axr,axr
b,dh
tcl,tcl
t,t
uh,ah
pau,pau
th,th
r,r
ae,ih
ng,n
aa,aa
l,w
nx,bcl
kcl,n
uh,ey
sh,sh
k,k
l,el
m,m
k,k
iy,iy
ah,ax
s,s
ah,aa
ey,eh
ng,n
g,g
r,r
r,r
v,z
aa,axr
l,l
ix,ix
r,r
dx,dx
ae,ae
l,l
ah,ah
s,s
ix,ih
m,m
p,k
dcl,tcl
aa,aa
g,g
ow,ow
y,iy
sh,sh
r,r
r,r
d,t
s,s
s,s
ae,ae
m,m
en,m
d,t
iy,iy
ix,ax
aa,aa
sh,f
m,n
ix,ax
kcl,dcl
zh,zh
l,l
r,axr
p,t
epi,epi
ao,ao
s,s
bcl,pcl
ey,ih
m,n
ix,r
axr,axr
tcl,axr
ae,ae
ay,ay
n,n
z,z
sh,sh
dh,dcl
aa,aa
dh,dh
l,l
ux,ux
l,q
eh,ih
r,r
n,n
hh,d
sh,sh
t,d
ae,ae
m,m
r,r
ih,ix
ax,w
iy,iy
axr,axr
ao,ao
f,f
s,z
n,m
f,f
q,q
en,n
ix,ix
nx,n
gcl,n
en,en
aa,ay
gcl,gcl
iy,iy
gcl,gcl
dcl,dcl
iy,iy
w,w
sh,sh
pcl,tcl
y,iy
m,m
pau,pau
t,epi
eh,ih
s,s
f,f
ch,ch
iy,iy
pcl,pcl
q,tcl
aa,aa
ae,ae
dh,q
ay,ay
dcl,dcl
t,t
k,k
tcl,kcl
ah,ow
kcl,gcl
hv,hv
kcl,kcl
t,k
ax,tcl
iy,iy
er,er
f,f
k,k
tcl,pcl
iy,iy
f,f
n,n
ng,ng
ay,ay
bcl,bcl
w,w
pcl,pcl
ay,aa
ey,ey
eh,eh
ih,ix
k,dh
aa,aa
el,ax
dh,n
aa,ao
v,f
ey,iy
g,g
ix,ih
jh,jh
v,v
ax,ix
ch,ch
ae,ae
t,q
ay,ay
el,axr
sh,sh
ih,ah
ng,n
v,v
ix,iy
ng,n
ix,ix
s,s
pau,tcl
n,n
w,w
ey,ey
l,l
tcl,epi
ix,ix
t,d
dh,dh
ux,iy
kcl,kcl
epi,epi
l,l
ow,ah
ix,ix
n,n
gcl,gcl
ey,ey
eh,ay
v,v
ax,l
r,r
ux,ux
s,s
n,ng
l,ax
q,v
z,z
ih,ih
n,ng
s,s
ix,ix
dcl,gcl
ih,ih
s,s
iy,iy
pcl,pcl
z,s
n,n
r,r
m,m
f,f
ax,ix
dh,ix
l,l
ey,ey
kcl,kcl
pau,tcl
ah,aa
dcl,n
ae,ae
dx,v
r,axr
s,t
ey,ey
hv,hv
ao,aa
l,l
eh,ah
eh,ae
r,r
s,s
ih,ih
m,m
p,p
pau,pau
ix,r
ao,ax
jh,d
el,el
iy,iy
axr,r
iy,iy
p,p
ae,ae
dx,jh
ch,jh
aa,ow
w,w
n,q
n,n
iy,ix
tcl,kcl
z,z
n,n
ih,y
r,r
tcl,pcl
ae,ae
z,z
kcl,kcl
hv,hv
dcl,n
uh,ih
sh,sh
gcl,gcl
m,m
ix,iy
iy,ix
kcl,kcl
z,z
tcl,dcl
uw,ow
ax,ix
w,w
q,q
epi,epi
eh,eh
gcl,gcl
kcl,kcl
ih,ih
l,l
axr,er
z,sh
ae,ae
r,r
ao,ao
dx,dx
iy,iy
ae,ae
f,f
iy,iy
ey,ey
eh,eh
n,n
r,r
tcl,tcl
th,f
ih,ux
g,g
aa,ao
ix,ih
ao,ao
ax,dx
ay,ay
sh,sh
k,k
iy,y
ae,ae
r,r
y,ih
eh,axr
s,s
n,n
q,w
axr,axr
y,y
iy,iy
dcl,tcl
r,r
r,r
axr,axr
kcl,kcl
aa,aa
uw,uw
dcl,dcl
n,n
g,g
dcl,dcl
dcl,gcl
ae,ae
pcl,bcl
ah,ax
hh,p
epi,kcl
p,p
gcl,dcl
ay,ay
r,r
r,ax
sh,sh
p,p
dcl,tcl
ah,ow
l,l
iy,iy
ng,en
r,r
ow,ow
sh,s
jh,ch
r,r
gcl,gcl
ow,ow
z,s
ae,ae
ah,ah
ix,n
t,t
w,w
ux,ix
l,ow
ao,aa
ay,ay
q,q
l,el
s,s
w,w
sh,sh
eh,ax
oy,oy
p,p
q,q
dh,p
iy,iy
ch,ch
th,dh
r,r
w,w
tcl,tcl
m,m
s,z
el,el
ix,ix
z,z
s,s
eh,eh
s,s
tcl,tcl
n,n
r,r
t,t
z,z
dh,dh
ih,ih
ix,ix
r,r
ay,ay
ih,ih
k,t
ah,ix
ix,ix
dh,v
ux,iy
f,f
ax,ix
ao,ao
pau,hh
ih,ix
s,s
eh,ah
epi,epi
en,m
pcl,tcl
ix,d
bcl,pcl
el,el
iy,iy
t,d
w,w
z,s
r,r
ae,ae
aa,ao
bcl,bcl
f,f
bcl,bcl
gcl,dcl
dh,q
m,m
ey,ey
r,r
l,q
sh,sh
w,w
ah,ay
r,r
ng,n
pcl,gcl
m,m
s,s
ax,g
r,axr
axr,axr
z,z
s,s
kcl,dx
iy,iy
aa,aa
aa,aa
kcl,kcl
s,s
z,s
l,l
sh,sh
ix,ax
s,s
ao,el
v,v
tcl,dh
ax,ix
er,er
ao,ao
p,hh
tcl,tcl
hv,hv
ih,ix
k,k
tcl,tcl
sh,sh
ae,ae
gcl,pcl
iy,iy
n,m
k,k
dcl,dcl
er,er
pau,pau
l,l
tcl,tcl
q,q
sh,sh
w,w
ey,ey
r,r
nx,n
eh,eh
ae,ae
ay,ay
eh,ae
ih,ih
dcl,dcl
dcl,dcl
tcl,tcl
ix,ix
bcl,tcl
kcl,tcl
r,ax
s,z
d,d
iy,iy
z,z
m,n
eh,eh
l,l
nx,n
ae,ae
t,jh
w,w
kcl,kcl
nx,n
ix,ey
ah,eh
ux,ux
ae,ae
gcl,tcl
s,sh
eh,ix
n,tcl
ao,ao
bcl,bcl
kcl,k
ae,ae
dx,epi
r,r
pau,pau
t,t
ix,ix
ah,ae
th,th
ax,ax
r,r
ux,iy
f,f
en,en
ay,aa
q,hh
en,ix
sh,sh
iy,iy
dx,dx
eh,eh
n,n
tcl,tcl
ix,ix
n,n
w,aa
t,th
k,k
er,ux
w,w
oy,oy
ey,ey
iy,y
iy,iy
iy,iy
l,ax
iy,iy
ng,ng
z,z
q,q
er,er
aa,aa
ih,ey
p,p
kcl,pcl
m,m
n,dh
el,ah
ah,aa
z,z
bcl,bcl
s,s
ao,ao
z,z
pcl,pcl
r,r
ih,ih
ax,ix
tcl,tcl
z,z
s,s
m,n
axr,r
er,ih
l,el
s,s
ix,ix
n,n
f,f
iy,ih
sh,sh
axr,axr
ax,ax
kcl,gcl
epi,kcl
ix,ih
pcl,pcl
t,k
dcl,gcl
ch,t
jh,jh
r,r
l,l
eh,ey
ix,ix
ae,ae
pcl,bcl
ey,ih
ih,ih
dx,dx
ng,m
axr,r
s,s
th,dh
ih,ih
jh,jh
r,r
ae,aw
n,ng
ae,ae
k,k
l,l
pcl,pcl
r,r
ao,ao
tcl,tcl
s,s
axr,axr
ao,l
kcl,kcl
t,t
n,n
epi,epi
pcl,kcl
aa,aa
m,m
pau,f
gcl,gcl
n,ax
el,el
tcl,q
ch,jh
z,z
ah,eh
ow,ow
m,n
iy,ih
tcl,kcl
ae,ae
q,q
z,z
v,th
iy,iy
gcl,gcl
pcl,kcl
ix,ix
k,k
gcl,dx
ax,em
w,w
z,s
eh,ah
ae,ix
ih,ih
q,q
bcl,bcl
pcl,dcl
aw,aw
g,k
q,q
er,er
n,n
uh,ax
w,w
hh,p
iy,iy
s,s
gcl,n
k,k
r,r
dh,dh
kcl,epi
z,hv
ax,l
aa,r
ay,ay
ix,ix
er,er
ae,eh
s,s
tcl,tcl
tcl,kcl
aa,aa
kcl,kcl
ah,ah
axr,axr
ix,ix
eh,ih
ey,iy
y,y
eh,eh
q,n
dh,dh
iy,iy
ae,ae
r,r
ix,ax
t,t
iy,iy
tcl,tcl
m,m
t,t
kcl,kcl
eh,ow
ih,ih
eh,eh
q,q
s,s
dcl,dcl
dcl,dcl
aa,aa
ay,ay
q,q
epi,epi
iy,r
axr,er
ih,ey
jh,jh
m,n
ao,ao
w,w
r,ax
g,tcl
el,el
r,r
f,f
ux,ux
ay,aa
ix,ix
ih,ih
eh,ih
gcl,bcl
p,p
n,n
hv,hv
tcl,pcl
ix,eh
r,r
axr,axr
w,ax
r,r
er,axr
f,f
ix,ix
ow,ow
ng,ng
ix,ax
ih,ih
dcl,tcl
k,k
tcl,kcl
ng,m
n,l
tcl,pcl
er,axr
axr,axr
epi,epi
tcl,pau
ae,ae
l,l
ey,eh
el,l
bcl,bcl
m,m
sh,sh
ae,ae
ix,ix
ax,ix
m,m
q,dx
aw,aw
ao,ao
t,t
m,n
ax,ax
iy,l
n,n
t,t
dh,dh
ih,ih
ux,ux
r,r
s,s
gcl,gcl
tcl,tcl
eh,ae
ix,eh
dh,f
ix,ix
iy,iy
q,q
ah,aa
ay,eh
r,ih
ax-h,ax-h
t,ch
epi,kcl
ao,ao
ix,ix
f,p
iy,iy
kcl,kcl
t,t
q,q
q,q
l,l
kcl,tcl
q,q
ow,ow
dcl,n
n,n
iy,iy
ow,ow
r,r
p,p
tcl,tcl
s,s
ax,axr
m,m
eh,ae
m,m
ax,ah
pau,epi
g,g
ey,ae
ax,ax
l,l
kcl,tcl
s,z
tcl,kcl
dcl,bcl
l,l
r,er
aa,aa
ey,ey
ah,eh
iy,ix
v,v
ao,aa
aa,aa
r,r
aw,aw
ao,ao
r,r
iy,iy
pcl,pcl
axr,ih
n,n
eh,eh
g,ix
z,jh
ao,ao
ao,ao
n,y
ax,ax
ix,uh
y,y
iy,iy
ae,ae
dcl,dcl
iy,iy
z,s
ae,aa
ae,ae
k,g
kcl,pcl
iy,iy
kcl,kcl
ax,ax
k,k
l,l
z,s
r,r
en,tcl
t,d
pcl,tcl
z,zh
ix,ax
d,t
s,s
iy,ax
m,m
tcl,tcl
dh,dh
ae,ae
axr,axr
tcl,tcl
iy,iy
m,m
n,m
kcl,kcl
r,r
ax,ax
s,sh
tcl,tcl
ao,l
dh,th
s,s
dcl,gcl
ah,ah
r,v
aa,r
ao,aa
t,t
pcl,tcl
s,s
s,s
tcl,tcl
iy,iy
ao,ao
ah,ah
ax-h,p
ux,ux
sh,sh
r,r
q,q
f,f
n,m
ix,n
ih,ih
axr,axr
ae,ey
ax,aa
t,t
k,k
n,n
dcl,dcl
bcl,gcl
m,m
s,s
n,n
dh,dh
f,f
d,d
g,kcl
ae,ae
jh,jh
ih,ix
ih,ih
r,r
l,l
l,l
ao,ao
w,w
kcl,kcl
iy,ix
ax,ix
n,n
s,z
dcl,tcl
r,axr
r,ix
n,n
ix,uh
ae,ae
uw,y
ux,uw
aa,aa
ae,ae
ix,ih
dcl,pcl
ay,ay
r,r
axr,er
uh,ax
t,t
ix,iy
ax-h,q
uh,ax
r,r
kcl,kcl
ax,ax
n,n
hv,hh
t,ax-h
axr,axr
ih,ih
dcl,gcl
f,f
n,n
bcl,bcl
b,p
ao,ao
sh,sh
axr,axr
dcl,tcl
z,z
uh,uh
k,k
z,z
eh,iy
ae,ae
ix,ih
en,nx
ow,ow
k,g
f,f
l,dh
aa,ax
ax,ix
kcl,kcl
dcl,dcl
r,ax
kcl,tcl
hv,hv
ng,ng
jh,ch
k,k
r,r
th,f
k,k
z,s
ih,ey
iy,iy
ix,ix
ix,ix
ah,l
epi,pau
ay,ay
m,n
ng,ng
ax,ax
t,jh
q,q
tcl,kcl
r,r
dcl,dx
r,r
w,w
dcl,dcl
kcl,q
pcl,pcl
s,s
ix,y
dx,dx
ih,ih
q,q
iy,y
t,jh
ah,ah
r,r
sh,sh
gcl,gcl
ao,ao
t,t
l,l
k,k
er,axr
bcl,v
axr,axr
ax,ax
er,er
ow,l
tcl,gcl
f,sh
r,r
q,ax
eh,ih
gcl,gcl
er,er
pcl,kcl
tcl,tcl
hv,hv
q,q
ey,ey
kcl,kcl
ey,eh
r,r
jh,jh
ih,ih
en,eng
ay,ay
ae,ae
dcl,dcl
hv,hv
gcl,dcl
t,t
ao,ao
gcl,dcl
uh,ih
q,q
kcl,kcl
r,q
l,l
dcl,dcl
iy,iy
axr,axr
n,n
s,s
l,l
dh,dh
f,f
n,m
ix,ax
el,el
l,l
r,r
l,el
l,l
aa,aa
k,g
s,s
kcl,kcl
iy,iy
ao,ao
ax,ix
ux,ux
pcl,tcl
ix,ih
iy,iy
eh,eh
t,t
hv,hv
q,q
p,k
s,s
dh,dcl
ng,ng
ao,ao
pau,pau
ih,ux
s,s
aa,ao
k,hv
sh,sh
ix,ix
ix,ey
t,d
epi,epi
ae,ey
sh,sh
q,q
m,n
tcl,pcl
dcl,dcl
ng,ng
aa,aa
iy,iy
p,p
z,z
ae,ae
ae,ae
n,n
f,th
q,q
w,w
ae,ae
uh,eh
ix,ix
ih,eh
eh,l
ae,ae
r,r
f,f
ih,y
y,y
n,dx
f,dh
bcl,tcl
iy,ux
s,s
ch,ch
ay,ey
q,ix
b,b
y,y
tcl,tcl
ix,ix
r,r
dh,dh
ix,q
iy,iy
kcl,kcl
sh,sh
f,th
kcl,kcl
f,f
n,en
t,t
kcl,tcl
s,s
ae,ae
g,g
gcl,gcl
ng,ng
r,r
iy,iy
axr,axr
l,dh
dcl,dcl
ao,aa
axr,ax
k,g
el,el
q,q
iy,iy
n,n
nx,n
ao,aa
sh,sh
dh,dh
ow,ow
ih,ih
s,s
d,t
z,z
r,r
er,er
w,w
s,s
ix,ih
q,q
kcl,kcl
s,s
ih,ih
ix,ix
ao,aa
ax,ax
ax,ax
axr,ih
r,r
hv,hv
n,nx
kcl,kcl
l,ow
z,s
epi,kcl
k,k
iy,iy
z,z
l,l
iy,iy
en,n
t,t
f,f
g,dx
er,axr
s,s
l,l
hh,hh
ih,ix
z,z
ix,ih
tcl,tcl
p,p
w,w
dcl,dcl
ax,dh
y,y
s,s
ih,ih
iy,iy
iy,iy
n,n
pcl,pcl
nx,nx
n,en
ey,ey
bcl,pau
r,epi
w,uw
kcl,kcl
ay,ay
r,r
r,r
r,r
ao,ao
q,q
g,g
p,p
th,z
l,l
iy,iy
dh,kcl
ow,aw
f,f
tcl,tcl
t,jh
ow,ow
l,el
m,w
kcl,kcl
ah,ae
uw,w
er,er
sh,sh
iy,ey
iy,iy
iy,ux
dh,dh
g,k
iy,ix
ow,ow
s,s
z,z
ih,ax
l,l
axr,er
tcl,tcl
f,f
kcl,kcl
ey,ey
z,z
y,y
eh,ah
iy,iy
eh,eh
aa,aa
axr,axr
n,n
ax,q
l,l
r,r
w,w
iy,ih
ih,ix
r,r
ey,ey
dx,dx
el,ax
n,n
tcl,tcl
ix,ix
ix,ix
v,v
p,p
s,s
iy,ix
ax,ax
aw,aw
tcl,tcl
ix,ih
axr,axr
eh,ah
ix,ix
l,aa
r,r
pcl,pcl
ix,ih
dcl,dcl
p,p
eh,eh
kcl,kcl
ih,ih
tcl,d
t,t
ax,ax
r,axr
v,f
r,r
ey,ey
gcl,gcl
v,v
oy,oy
kcl,kcl
sh,sh
aw,aw
ih,ih
sh,sh
ao,aa
s,z
r,r
w,w
bcl,v
ax,ax
ao,aa
ah,ah
ow,ow
s,s
r,r
k,g
s,s
r,r
ix,ih
y,ih
ih,ih
ao,w
s,s
iy,y
r,ao
r,r
v,tcl
aw,ae
ih,er
ix,ix
bcl,bcl
ah,eh
iy,iy
eh,r
k,k
ix,ix
pcl,tcl
aa,aa
dh,dh
ey,ey
eh,eh
ay,ey
m,ng
dcl,dcl
er,er
l,l
ux,ux
eh,ae
n,dcl
ae,ae
kcl,pcl
ix,ih
r,ax
tcl,tcl
s,s
ae,ae
tcl,tcl
k,k
ch,ch
aa,ax
t,d
r,r
t,t
eh,ae
ae,ae
s,s
bcl,bcl
ux,ux
ah,uh
y,ih
tcl,gcl
n,n
dcl,dcl
g,g
k,k
uh,ow
ow,ow
k,k
nx,dx
t,t
kcl,kcl
p,p
ax,l
k,k
ow,ow
r,r
l,ih
epi,pau
l,l
pcl,tcl
kcl,kcl
axr,er
ix,ih
tcl,tcl
f,f
z,z
n,l
w,w
l,ax
m,m
k,k
n,n
v,bcl
dcl,dcl
dh,dh
dx,r
ih,ih
s,s
aa,aa
ix,ax
aa,aa
ih,ih
n,n
er,ih
bcl,bcl
t,t
ao,ao
th,gcl
q,q
ow,l
s,s
ah,ah
l,l
ey,eh
s,s
gcl,kcl
ae,ae
tcl,q
dh,dh
er,axr
ux,ux
ih,ix
l,l
epi,kcl
ay,ay
y,axr
ix,ix
dcl,tcl
eh,eh
z,s
tcl,kcl
dh,m
dcl,dcl
ao,ao
epi,epi
dh,dh
k,k
tcl,bcl
ae,ae
s,s
n,n
kcl,kcl
aa,ao
ae,ae
tcl,tcl
tcl,tcl
l,l
bcl,pcl
t,th
s,s
ux,ix
z,s
aw,eh
tcl,q
dcl,n
er,er
ay,ay
k,k
q,q
t,t
gcl,n
f,f
w,w
ix,ix
ao,aa
ix,ih
pcl,kcl
ax,ax
ih,ih
iy,iy
nx,dh
t,t
f,v
gcl,gcl
eh,ih
ao,ao
iy,ix
p,p
ax,ax
dcl,dcl
tcl,gcl
ix,r
ey,ey
pcl,tcl
s,s
kcl,kcl
s,s
m,epi
r,r
r,ux
n,m
t,t
bcl,bcl
eh,eh
ix,q
axr,axr
m,m
iy,iy
z,z
l,l
iy,ux
ae,ae
kcl,kcl
s,z
s,s
n,n
t,t
ix,ix
axr,ax
z,z
pcl,kcl
ix,eh
dcl,tcl
aa,aa
tcl,kcl
pcl,pcl
axr,er
aa,aa
ih,ax
ay,ay
eh,eh
aa,aa
r,aa
ix,q
ix,ix
s,s
gcl,gcl
gcl,gcl
ow,ow
tcl,dcl
axr,r
s,s
oy,oy
g,g
n,n
n,n
ah,ae
iy,iy
r,r
iy,iy
l,l
eh,ah
pau,epi
q,q
ix,ih
q,q
dh,l
s,s
axr,r
aw,eh
q,q
axr,axr
dx,q
pau,tcl
l,l
tcl,kcl
ng,ng
gcl,gcl
s,z
m,n
ow,ow
ch,ch
hv,hv
s,th
er,axr
pcl,bcl
s,s
q,q
s,s
r,r
oy,oy
ae,ih
pau,tcl
ix,ih
ng,ng
ax,ax
epi,epi
p,p
y,y
r,r
n,n
eh,eh
iy,ux
pau,tcl
ux,ix
axr,r
g,g
pcl,pcl
r,r
ih,ih
z,z
th,th
iy,ux
g,g
r,w
l,l
s,s
hh,hh
z,z
ux,ux
ix,ix
bcl,bcl
pcl,pcl
m,m
v,nx
dcl,tcl
t,th
z,z
ey,ix
tcl,tcl
ix,ix
s,s
w,bcl
iy,ix
m,m
w,w
dcl,dx
pau,pau
n,n
dh,dh
sh,sh
m,n
aa,l
v,v
m,m
k,k
dcl,gcl
ih,ih
m,m
r,axr
n,ng
tcl,tcl
r,r
tcl,gcl
kcl,kcl
w,w
z,z
r,r
kcl,kcl
ix,r
ix,ix
y,y
er,er
tcl,gcl
z,z
ax,ax
gcl,gcl
s,z
p,g
ow,ow
s,z
s,s
er,er
iy,iy
pcl,pcl
ay,ae
l,l
epi,tcl
s,s
y,ih
dcl,gcl
t,t
n,n
ax-h,dx
m,m
ax,ax-h
uw,ux
iy,iy
dh,pcl
w,w
ah,ah
iy,iy
sh,sh
iy,ux
k,p
s,z
ih,ih
l,l
ix,ix
ih,ih
ix,ih
ah,ax
kcl,kcl
iy,iy
l,l
axr,r
aa,aa
ae,ae
kcl,pcl
uw,el
dcl,bcl
r,r
ah,ax
ih,ih
l,l
s,s
ow,aw
k,g
q,q
n,n
ax-h,ax-h
ey,iy
dcl,n
r,r
axr,r
ix,iy
tcl,th
hh,hh
dh,z
f,f
z,s
ay,ay
iy,iy
gcl,gcl
q,q
g,q
z,z
kcl,tcl
jh,ch
p,p
iy,ix
gcl,gcl
dcl,dcl
z,z
aa,aa
epi,pcl
ay,ae
dcl,dcl
ay,ay
dcl,dcl
s,z
ix,ix
w,w
n,n
v,v
k,k
ux,ux
uw,ux
dcl,dcl
q,q
iy,iy
s,s
n,m
kcl,tcl
ux,iy
iy,iy
hv,y
l,n
kcl,kcl
n,n
ae,ae
dx,dx
ae,ae
ay,aa
axr,r
pau,pau
s,z
jh,jh
er,er
ux,ux
iy,iy
dh,dx
er,er
r,aa
epi,kcl
gcl,gcl
ih,eh
z,s
bcl,dcl
tcl,tcl
dx,dx
r,r
gcl,dcl
ax,ax
ow,ow
ih,ih
ah,ah
dx,dx
z,z
s,s
ax,aa
dcl,dx
m,m
ih,ih
tcl,kcl
w,w
kcl,kcl
k,k
tcl,tcl
ax,ah
z,s
tcl,tcl
f,f
pau,pau
ey,ey
s,s
ng,ng
er,er
n,nx
ih,iy
iy,iy
k,k
uh,ih
tcl,tcl
ix,ix
uw,n
aa,aa
dcl,dcl
tcl,tcl
s,s
f,th
s,s
ih,ih
r,r
ao,ao
l,l
ax,ix
d,t
n,n
ih,ih
dcl,tcl
r,r
l,w
ae,eh
iy,iy
l,l
tcl,dx
ix,ih
el,el
l,l
ix,ix
n,dcl
t,n
s,s
k,k
aw,aw
s,z
ih,ih
k,t
p,p
n,n
ux,ux
l,l
ah,aw
s,s
aa,aa
gcl,kcl
iy,ih
ay,ay
iy,iy
ax,ao
n,n
ix,ih
axr,axr
t,t
r,w
ae,ae
q,q
axr,er
aa,aa
s,t
ix,ix
l,l
dcl,dcl
uh,ih
ey,l
axr,er
pcl,pcl
ow,ow
tcl,tcl
s,s
r,r
aw,ae
gcl,kcl
kcl,gcl
tcl,tcl
ae,ae
ow,ow
iy,iy
dcl,dcl
m,m
er,r
s,s
s,s
k,p
v,v
ng,m
pcl,pcl
k,jh
n,n
n,n
iy,iy
q,q
r,r
hv,hv
s,s
q,q
pcl,epi
p,p
dh,th
epi,epi
iy,iy
w,w
l,w
l,l
aa,ao
iy,iy
l,l
iy,iy
n,n
dx,dx
k,k
q,q
oy,oy
axr,axr
ao,aa
l,w
l,ih
ix,ah
s,s
bcl,bcl
ax,el
dcl,dcl
dcl,bcl
tcl,tcl
iy,iy
kcl,kcl
aa,aa
ix,r
eh,eh
eh,ix
dcl,dcl
ae,ae
r,r
f,f
ix,ix
ae,eh
r,r
p,d
t,t
tcl,tcl
s,z
iy,iy
hv,hv
k,k
ax,ax
ow,ow
gcl,gcl
s,s
ix,ax
iy,ix
g,g
iy,iy
en,n
aa,aa
n,n
er,er
iy,ih
v,gcl
s,s
dx,q
ux,ux
ao,ao
q,q
z,z
aw,ae
n,n
sh,sh
dx,dx
n,n
f,f
dcl,dcl
kcl,epi
r,r
n,n
z,z
dcl,kcl
f,f
hv,ix
hh,hh
v,v
ih,iy
hh,hh
ow,ow
dh,dh
pau,pau
n,n
axr,axr
ae,ae
aa,ay
ae,aw
w,w
ix,ix
ix,p
ae,ae
en,nx
ow,ah
dh,dh
th,th
kcl,kcl
eh,eh
dx,v
kcl,kcl
w,w
ng,tcl
n,ng
dh,d
iy,ix
ow,el
nx,nx
l,ng
pcl,pcl
dh,dh
ix,axr
pau,q
sh,sh
el,q
ih,ih
eh,eh
ix,ix
f,f
n,n
ix,ix
kcl,pcl
hv,hv
aw,aw
th,th
ax,ax
ey,ey
kcl,kcl
k,k
s,s
n,n
ih,ih
ih,ih
sh,sh
t,t
l,l
kcl,p
ch,t
pcl,pcl
n,ix
axr,er
bcl,dcl
k,k
ey,ey
iy,ih
w,w
eh,ih
m,n
n,n
kcl,kcl
ax,ax
iy,y
dx,dx
ih,ih
iy,iy
k,g
ih,iy
z,z
eh,eh
sh,sh
ix,ih
ae,ae
z,z
dx,dcl
z,z
dcl,dcl
tcl,tcl
q,q
y,uh
gcl,gcl
v,v
w,w
ah,ah
ao,ao
kcl,kcl
l,w
eh,ah
axr,er
l,w
r,r
jh,jh
y,y
d,k
l,l
t,ch
k,jh
tcl,gcl
ix,ix
ix,q
n,n
ae,ae
iy,ux
g,g
s,s
l,l
ix,ix
l,l
y,y
ax,ax
ah,aa
l,l
s,s
epi,epi
m,m
m,n
dx,dx
dh,dh
dcl,v
eh,ae
t,ch
ih,ux
ih,ax
pau,pau
r,r
t,t
y,y
jh,jh
pcl,bcl
ao,ao
aa,aa
tcl,tcl
pau,pau
tcl,tcl
th,f
k,g
kcl,gcl
s,s
r,r
s,s
ix,w
eh,axr
k,k
z,z
f,th
axr,axr
r,r
n,n
z,z
l,m
dx,dx
ay,aw
ax,aa
tcl,tcl
iy,iy
nx,n
r,r
g,k
ow,ax
r,r
tcl,tcl
s,z
eh,eh
iy,iy
ix,ix
t,d
l,l
ux,uw
v,y
t,t
n,n
ix,ix
ng,ng
m,m
ey,ey
t,jh
ay,ay
ah,ah
n,m
n,n
l,r
ow,ao
gcl,gcl
dcl,tcl
ay,ay
tcl,tcl
ax,ow
z,z
s,s
tcl,gcl
ax,ax
tcl,tcl
t,t
ay,ay
kcl,kcl
ix,q
pau,pau
ux,ih
r,r
jh,jh
f,f
kcl,kcl
ch,jh
l,w
s,s
gcl,gcl
ay,ay
r,r
nx,n
kcl,kcl
l,ow
ix,ih
ih,ih
ax,ax
t,t
hh,zh
gcl,gcl
m,m
r,r
kcl,kcl
iy,iy
axr,er
aa,ao
v,v
ng,n
dcl,dcl
ix,ix
l,el
l,l
ay,er
ix,iy
ae,ae
d,t
k,k
tcl,tcl
ae,ae
m,m
f,f
ay,ay
iy,iy
pcl,pcl
s,s
iy,iy
w,w
ay,ay
tcl,tcl
en,en
sh,s
iy,ih
w,w
y,iy
ax,nx
w,w
m,m
pcl,tcl
el,ao
ih,ih
s,s
iy,ih
er,er
aa,aa
s,sh
ux,iy
kcl,kcl
l,l
n,m
tcl,tcl
f,f
bcl,pcl
f,f
tcl,tcl
r,axr
k,k
sh,sh
ah,ah
f,f
q,q
ah,ah
s,jh
gcl,gcl
dcl,kcl
t,t
bcl,bcl
eh,eh
tcl,dcl
w,w
tcl,pcl
ao,ao
ao,ao
hv,hv
v,dh
gcl,gcl
eh,er
v,dh
ae,ae
dcl,dcl
ng,ng
ix,ae
pcl,tcl
n,n
nx,ix
eh,eh
s,z
r,r
ix,ih
ah,ah
ao,aa
f,f
ah,ah
ay,ay
r,r
ih,ax
s,s
axr,axr
z,z
y,y
ax,n
tcl,tcl
s,s
epi,epi
ih,ih
er,eh
axr,r
dx,dx
tcl,dcl
f,f
f,f
epi,f
dx,dx
iy,y
g,k
eh,eh
v,v
n,n
aa,ay
kcl,tcl
ix,ix
ix,ix
s,z
y,y
f,kcl
w,m
ao,ao
en,en
ix,iy
bcl,bcl
ow,ah
ih,ih
n,en
kcl,kcl
q,n
axr,r
dcl,bcl
y,y
en,m
ax,ax
m,m
iy,iy
eh,eh
iy,iy
hh,hh
pau,dh
ey,l
v,v
w,w
s,s
n,ah
k,k
ih,iy
ih,ih
ax,ah
ay,ay
iy,iy
m,m
kcl,kcl
p,p
z,s
ow,uh
iy,ux
s,s
ax,ax
ih,ih
en,en
p,p
ih,ih
dcl,dcl
t,jh
gcl,pcl
ey,ey
gcl,gcl
f,f
n,nx
g,k
f,f
ax-h,dh
r,r
kcl,kcl
w,w
kcl,kcl
v,v
ey,ey
ah,ax
m,m
ae,ae
s,s
d,d
g,k
n,m
r,r
l,l
t,t
y,y
ae,eh
ux,er
th,th
q,q
l,l
w,w
ao,ao
ae,ae
r,r
l,w
t,t
er,er
tcl,kcl
epi,epi
ay,aa
ey,ey
ax,ax
m,m
eh,ae
eh,eh
ih,eh
bcl,bcl
ix,ih
r,r
ix,axr
ix,ix
ng,ng
ay,ay
ey,ey
r,r
r,r
w,w
ey,ey
iy,ih
s,s
tcl,tcl
iy,iy
p,p
n,tcl
q,q
m,m
n,n
l,l
z,sh
n,n
v,v
s,s
axr,axr
l,l
ae,ae
eh,ae
m,m
iy,iy
iy,y
sh,s
d,t
gcl,dcl
l,l
ix,ix
z,z
dcl,tcl
ix,ih
t,ch
s,s
l,ow
aa,aa
l,l
f,f
k,k
t,t
ih,ih
k,k
iy,ih
iy,iy
z,s
r,r
aa,aa
w,w
aa,aa
tcl,d
sh,sh
r,r
d,d
eh,axr
ao,ao
hh,hh
r,iy
k,d
bcl,bcl
s,s
ax-h,ix
ay,aw
n,ng
n,ng
ah,ah
gcl,gcl
ix,ix
ay,ay
aa,aa
s,s
axr,axr
dcl,gcl
tcl,tcl
hv,hv
ow,ow
hv,hh
pcl,tcl
ih,ih
ix,ax
ao,ax
ae,ae
ax,l
ah,ah
l,q
ax,w
ix,ix
gcl,gcl
f,v
s,s
kcl,kcl
gcl,bcl
r,r
n,m
r,r
ix,ix
n,n
ao,ao
s,s
r,r
s,s
ih,ih
v,v
k,k
n,m
p,p
hh,hh
g,k
l,l
z,s
f,f
ch,ch
ey,ey
axr,ay
z,z
dx,dx
ax,w
gcl,gcl
ey,ey
eh,ih
y,hv
gcl,gcl
r,r
pcl,pcl
sh,sh
q,q
ae,ae
ix,ix
ae,eh
w,l
ix,iy
aa,aa
k,p
aa,r
axr,axr
ih,axr
l,l
m,m
p,p
q,ix
w,w
y,iy
r,r
aa,aa
l,l
ax,w
pcl,pcl
s,s
p,p
aa,aw
l,l
f,f
n,n
dcl,dcl
s,s
y,r
ae,ae
ae,ae
s,s
dcl,gcl
v,zh
z,z
v,v
bcl,bcl
ax,ah
s,z
l,w
tcl,pau
ax,ax
ih,ih
n,n
gcl,gcl
ix,eh
n,en
dx,dx
ay,aa
ix,ux
dx,dx
ix,ix
ix,ih
m,m
en,en
ax,ax
eh,eh
ix,ih
aa,aa
ow,ow
n,n
m,n
ae,ae
v,v
y,iy
iy,iy
eh,eh
nx,n
k,k
ng,ng
s,z
dh,v
ey,ey
ey,ey
l,q
z,th
kcl,kcl
bcl,bcl
el,l
m,n
y,y
f,f
pau,epi
tcl,kcl
kcl,kcl
pcl,kcl
dcl,tcl
ix,ix
ix,eh
iy,ux
q,q
y,y
ix,ix
dcl,n
s,s
ih,ih
r,r
ey,q
gcl,gcl
l,l
aw,ae
jh,jh
ao,ao
dx,tcl
ao,ao
k,k
ih,ix
dh,dh
n,n
t,t
m,m
ay,ay
w,w
dcl,dcl
ay,ay
n,n
s,s
ax,ix
l,l
s,s
s,s
eh,ix
k,k
eh,ih
ay,ay
d,d
ay,ay
el,el
pau,tcl
bcl,kcl
m,n
k,k
tcl,tcl
axr,axr
m,m
l,l
pcl,th
r,r
eh,eh
z,z
ah,aa
iy,iy
epi,epi
r,r
hv,hh
axr,er
ix,iy
ix,ih
l,l
ow,l
eh,ix
hh,hv
iy,iy
tcl,tcl
ae,ae
ax,ax
sh,sh
ih,ih
ae,ae
n,n
ao,ao
ix,ih
s,s
n,n
t,t
axr,axr
bcl,m
uw,ux
s,s
l,l
s,s
ah,ae
l,l
epi,epi
axr,axr
ae,ae
axr,ux
oy,oy
r,w
tcl,tcl
gcl,gcl
eh,ow
ae,ae
ch,ch
aa,aa
tcl,dcl
q,q
l,ih
ix,ih
n,n
ah,ah
sh,s
bcl,bcl
g,g
uh,r
axr,axr
l,l
ao,ao
r,r
axr,er
d,y
s,s
n,n
er,er
m,ng
ah,ow
n,n
aa,ay
w,w
ah,aa
ng,n
eh,ah
ow,ow
axr,r
kcl,kcl
iy,iy
eh,eh
f,f
m,n
tcl,tcl
n,n
ix,iy
ix,ix
kcl,kcl
epi,epi
aa,ae
ax,ax
s,s
gcl,gcl
ay,ay
p,p
zh,jh
ix,ax
ch,jh
gcl,bcl
ey,ey
tcl,n
ng,n
ao,ao
bcl,bcl
s,s
r,r
y,y
tcl,tcl
r,v
g,g
kcl,tcl
dh,dh
er,er
ih,iy
n,n
iy,iy
l,l
ix,ix
t,t
ao,ao
pau,th
dx,dx
k,k
pcl,bcl
tcl,tcl
l,l
ux,ux
jh,jh
iy,iy
ix,ix
ix,ix
ae,ae
jh,jh
ah,ah
hh,epi
s,s
s,s
aw,aa
n,n
iy,iy
dcl,dcl
dcl,gcl
dcl,dcl
kcl,kcl
aa,aa
tcl,n
ow,ow
r,r
l,l
k,t
iy,iy
n,n
iy,iy
hh,hh
ax,ow
n,m
ix,ix
p,p
ao,aa
t,t
oy,oy
t,d
ah,ah
r,r
ae,ae
ih,iy
m,n
dcl,tcl
pau,tcl
ay,ay
ah,ax
gcl,dcl
r,r
aa,aa
dx,v
z,z
ih,ih
ao,ao
ix,ah
p,p
tcl,tcl
el,ao
dh,dx
m,w
pcl,ax-h
ah,ah
z,z
eh,eh
er,ae
q,q
kcl,pcl
r,r
ey,ey
ow,ao
tcl,q
ax,ax
r,r
m,m
hv,hv
r,r
ey,ey
ao,ao
r,r
ao,ao
ax,ax
ay,ay
ix,ix
r,r
s,s
l,g
f,f
ix,ux
n,n
tcl,bcl
t,jh
er,axr
dh,n
q,pcl
nx,m
kcl,kcl
axr,axr
iy,iy
p,p
n,m
axr,ix
ae,ae
nx,nx
k,k
pcl,pcl
s,s
ow,ow
pcl,tcl
iy,l
gcl,tcl
n,dcl
ax,ih
eh,eh
el,el
el,el
r,r
bcl,pcl
ey,ey
w,w
ax,ax
l,l
w,w
ao,ao
r,r
ey,ey
k,k
iy,iy
ay,ay
dh,dh
s,s
eh,eh
epi,kcl
s,s
ih,ih
ey,ih
m,dcl
ao,ax
ih,ih
dcl,v
m,nx
k,k
y,y
ax,ax
er,er
ih,ey
el,ax
w,w
v,v
tcl,kcl
s,s
ay,ay
pcl,pcl
s,s
f,f
pau,tcl
s,s
r,r
ix,ih
ey,ey
n,iy
el,w
ng,ng
ae,ae
s,s
s,s
n,n
n,n
axr,axr
ih,ih
sh,f
hh,kcl
d,dh
gcl,tcl
ao,w
l,l
t,ch
axr,r
ng,ng
tcl,dcl
er,er
s,s
z,z
n,n
r,r
q,q
gcl,dcl
ay,ah
dx,dx
ix,ix
t,p
er,er
tcl,pcl
nx,dx
kcl,kcl
ey,eh
w,w
m,m
axr,axr
pcl,dcl
s,s
tcl,tcl
ae,ae
k,t
r,r
ow,ow
iy,iy
aa,aa
iy,iy
iy,ih
l,aa
ih,eh
th,y
v,v
bcl,dcl
q,q
s,k
q,q
tcl,tcl
aa,ao
eh,eh
er,er
ax,ah
p,p
sh,sh
z,z
ix,ix
kcl,kcl
tcl,tcl
dx,dcl
iy,iy
ax,ax
ao,ao
kcl,kcl
el,el
kcl,pcl
l,l
aa,aa
hv,r
iy,iy
s,s
ay,ay
dcl,tcl
p,p
r,r
iy,iy
ix,ix
l,eh
ux,iy
n,tcl
ah,uh
ax-h,ix
q,q
tcl,kcl
v,n
k,k
ix,ix
y,y
y,y
z,z
oy,ay
iy,iy
el,el
kcl,kcl
m,m
s,s
eh,ih
m,em
hh,s
pcl,pcl
ae,ae
iy,iy
s,s
tcl,tcl
ao,ao
bcl,bcl
ao,ow
n,m
kcl,kcl
iy,iy
ae,ae
dx,dx
tcl,dh
ax,ax
p,p
q,r
kcl,kcl
q,q
q,q
er,er
r,r
l,l
s,s
l,l
s,s
k,k
q,q
ax,ah
aw,aw
axr,axr
l,el
ae,ae
tcl,tcl
r,r
ix,ix
k,k
ao,ao
kcl,kcl
s,s
ae,ae
el,el
k,k
iy,ey
s,s
tcl,tcl
ah,aa
aa,aa
n,l
nx,m
ah,ah
ax,axr
ow,ow
ix,ax
el,l
axr,er
q,q
v,v
ux,ux
dh,d
ae,ae
pau,v
axr,q
ax,ax
dx,q
ey,ey
m,m
ux,y
ix,ih
n,n
r,r
k,k
tcl,tcl
tcl,tcl
ih,ih
dx,dx
kcl,pcl
axr,oy
ix,ix
ah,ao
s,s
ah,ah
z,z
ay,ay
ey,ey
iy,ey
r,er
y,y
l,l
r,r
y,iy
l,ao
y,ih
ow,ow
t,t
eh,eh
ux,ux
q,w
tcl,epi
axr,axr
r,r
dcl,dcl
ax,ax
ey,ey
ey,iy
ae,ae
ix,eh
dcl,dx
aa,ah
sh,sh
ay,ay
pcl,pcl
ao,ao
tcl,dcl
n,m
f,f
ah,ax
kcl,kcl
s,s
dcl,dcl
hh,hv
ix,dx
d,t
kcl,pcl
hh,hv
d,gcl
n,n
pcl,pcl
ay,ay
epi,epi
eh,eh
y,y
y,y
tcl,tcl
l,l
ah,ay
k,k
ih,ih
y,y
t,t
w,w
ih,eh
ix,ax
k,k
w,w
r,q
pau,pau
l,l
n,m
gcl,bcl
y,y
s,s
g,q
epi,dh
dx,dcl
ae,ae
iy,y
l,l
nx,dcl
axr,er
dh,dh
ao,aa
d,dh
ng,n
eh,ae
dcl,dh
n,n
ae,ae
axr,r
dx,bcl
sh,sh
th,f
l,l
kcl,kcl
axr,er
en,ix
f,f
n,n
iy,iy
l,l
eh,eh
f,f
tcl,pcl
y,y
y,y
th,th
iy,iy
l,l
ah,aa
ay,ay
n,m
f,th
ow,aw
r,r
ih,ix
r,r
ey,ey
m,m
k,k
kcl,kcl
n,ng
axr,epi
ih,ih
axr,axr
tcl,k
l,r
n,n
k,k
ax,ix
r,r
s,sh
w,w
r,r
sh,sh
ux,ux
ax,eh
l,l
ax,ah
ay,aa
n,nx
ao,ao
ix,n
ax,ax
pau,pau
t,t
epi,epi
ng,ng
iy,iy
b,p
ix,eh
ay,ay
axr,r
tcl,tcl
t,z
eh,y
bcl,gcl
bcl,bcl
ao,ao
axr,axr
en,n
ax,ix
tcl,dcl
ow,uh
s,s
m,m
ix,gcl
w,w
t,t
ax,ix
eh,ay
s,s
ix,ix
hv,z
r,r
q,q
er,er
tcl,tcl
r,r
tcl,pcl
ow,ow
ux,ux
pcl,kcl
axr,axr
eh,ey
ax,ix
ih,ax
iy,ix
ih,ih
ih,ix
n,m
er,er
r,ao
tcl,gcl
ao,aa
l,ax
ah,ah
dh,gcl
dcl,dcl
s,s
el,el
ao,aa
aa,aa
ey,ey
q,q
z,s
ux,ux
gcl,pcl
m,m
s,s
s,z
t,z
q,q
iy,iy
gcl,dcl
dcl,dx
er,er
axr,axr
ah,ah
ae,ae
v,f
g,k
en,n
q,tcl
bcl,bcl
m,m
t,t
pau,pau
s,s
pau,pau
ix,ix
axr,axr
ae,ae
er,axr
tcl,t
epi,epi
ix,eh
pcl,tcl
bcl,bcl
dx,l
aa,aa
el,el
t,th
hv,hv
s,s
q,q
tcl,tcl
ax,ih
l,w
ux,ux
ow,ow
iy,iy
n,n
kcl,epi
ay,ay
z,s
ey,eh
ix,ih
m,n
z,z
oy,oy
epi,pau
ey,ey
y,iy
r,axr
ow,ow
axr,er
n,n
q,q
eh,ae
ay,oy
gcl,gcl
k,k
eh,ay
dcl,dcl
n,en
tcl,tcl
f,f
ao,ao
ax,ax
l,l
jh,hh
ow,ow
ih,ih
n,n
kcl,q
q,q
iy,y
jh,jh
m,pcl
y,y
ah,ah
ix,y
hv,hv
m,m
th,z
n,n
ih,ih
ih,ix
ih,ah
l,ix
s,s
ao,ao
t,t
ah,ao
z,z
n,n
eh,ih
z,z
ae,ae
r,r
kcl,kcl
t,ch
ow,l
k,k
r,r
dcl,dcl
pau,pau
hv,hv
p,p
ae,ae
iy,iy
t,d
el,el
ux,ux
ix,ih
ch,jh
tcl,tcl
ow,ow
z,z
g,g
iy,iy
tcl,tcl
dh,b
ih,ih
aa,ao
dcl,tcl
s,s
sh,sh
ax,ax
t,t
l,l
z,z
y,y
ao,ao
ay,ay
s,s
kcl,kcl
d,dx
bcl,dcl
w,w
ay,ey
ih,iy
m,n
iy,y
r,r
m,m
r,aa
ow,ow
r,r
m,m
dh,dh
n,m
ix,ix
hv,hv
pau,kcl
m,m
iy,iy
er,er
q,q
t,t
l,l
r,r
er,er
ih,eh
dcl,dcl
z,z
pcl,pcl
r,r
s,s
dcl,bcl
pcl,pcl
ix,ax
r,v
dx,dcl
ao,l
kcl,kcl
kcl,kcl
er,er
iy,iy
bcl,tcl
dcl,dcl
hh,hh
sh,sh
m,n
eh,ax
z,z
ah,ax
q,aa
hh,t
pau,pau
r,r
hh,hh
n,n
iy,iy
axr,axr
axr,axr
el,el
z,z
aw,aw
sh,sh
pcl,pcl
dcl,bcl
aa,aa
d,d
r,r
ch,ch
kcl,tcl
l,l
eh,ae
v,n
ix,ih
en,en
t,t
p,w
tcl,tcl
ix,ix
pcl,bcl
s,s
ey,ey
ux,ux
ix,ix
kcl,kcl
eh,ix
z,th
q,ix
ix,pau
ix,ih
r,r
q,q
gcl,kcl
ix,iy
pcl,pau
iy,iy
w,l
eh,q
eh,ax
s,s
aa,aa
iy,iy
iy,ix
tcl,tcl
aa,aa
uw,n
iy,iy
ng,ng
q,tcl
ux,uw
q,q
kcl,kcl
l,l
iy,ix
kcl,kcl
epi,tcl
ix,iy
ch,ch
dcl,dcl
dh,g
n,n
r,r
f,f
en,n
kcl,tcl
ae,ae
eh,eh
r,r
z,z
l,r
axr,ux
z,t
y,y
n,q
l,ix
ay,aa
kcl,kcl
bcl,bcl
sh,sh
ey,ey
r,r
eh,eh
l,ih
iy,iy
l,l
tcl,gcl
k,k
iy,iy
sh,sh
sh,sh
s,s
r,r
kcl,kcl
oy,oy
l,l
en,q
dcl,dcl
aw,aw
dh,dh
g,g
f,f
el,l
aa,aa
n,n
ix,ix
r,r
jh,jh
oy,oy
sh,sh
epi,tcl
f,f
n,ng
ih,ix
sh,sh
l,l
iy,iy
kcl,kcl
aa,aa
tcl,k
axr,er
bcl,dcl
w,ax
ah,aa
pau,n
iy,iy
ix,ix
ah,q
ow,er
ao,ao
dh,dh
ix,dx
ix,hv
q,q
k,k
s,s
m,r
axr,axr
dcl,tcl
ah,ao
s,s
eh,ix
axr,axr
ay,ay
pcl,pcl
s,s
ix,ix
ae,ae
iy,iy
m,m
ae,ae
r,r
iy,iy
ng,ng
kcl,kcl
ae,ae
t,t
q,q
epi,epi
ch,t
n,dh
w,en
r,r
ax,ax
ix,iy
r,r
q,q
axr,uh
s,s
ih,ix
p,p
tcl,f
ah,ah
m,m
nx,m
w,w
ey,ey
ih,ih
ix,ix
y,y
ax,ax
g,g
iy,iy
bcl,pcl
w,w
dh,dh
t,t
iy,iy
iy,iy
l,w
f,f
l,l
m,n
tcl,kcl
bcl,n
hh,hh
ae,ae
hv,hv
gcl,gcl
ah,ah
v,v
eh,ax
dh,s
ah,ih
s,s
v,v
iy,iy
n,n
ih,ih
iy,iy
ow,ow
l,uh
y,y
p,p
s,s
iy,iy
aa,aa
z,z
ah,ax
l,ao
m,m
r,m
r,r
hv,hv
ix,n
tcl,tcl
y,dx
ih,ih
ay,ay
pcl,pcl
d,g
eh,ay
ey,ih
r,r
ax,ax
s,s
ey,eh
tcl,tcl
eh,eh
eh,eh
aa,aa
n,n
m,bcl
ix,ix
iy,iy
ay,aa
ow,ow
ix,ix
z,z
ix,ix
kcl,kcl
dcl,gcl
t,t
iy,iy
dh,dcl
jh,t
bcl,m
s,s
ix,ih
ow,ow
iy,iy
gcl,gcl
tcl,ix
ay,ae
k,k
p,p
q,q
n,n
s,s
s,s
ix,ah
aa,aa
kcl,gcl
m,n
dcl,dx
k,k
ey,ey
r,r
uh,ih
iy,iy
eh,eh
el,l
r,r
aa,aa
ax,ax
ux,ux
dx,dx
ax,ih
r,r
w,r
l,l
ix,ax-h
ow,ow
gcl,dcl
ih,ix
r,r
ix,ih
ao,aa
ao,w
ih,ih
z,s
kcl,kcl
l,l
t,t
uh,ix
ah,ah
t,t
ax,n
ax,ix
dcl,bcl
ao,ao
er,er
k,k
ao,ax
g,p
r,axr
tcl,tcl
l,l
ae,ae
axr,ax-h
n,dx
r,axr
ae,ae
ux,ux
tcl,tcl
ay,ay
ao,ao
d,t
z,th
axr,ax
t,jh
p,p
r,r
d,d
l,l
iy,iy
ah,ah
w,w
ow,ow
iy,ix
pcl,pcl
uh,ax
dh,g
s,z
sh,z
sh,sh
eh,ae
g,k
s,sh
q,q
ay,ay
v,n
w,w
eh,ix
q,q
l,l
r,r
p,p
r,r
ax,ax
r,r
gcl,dcl
t,t
ih,ih
z,zh
aa,aa
n,n
t,ch
tcl,kcl
n,n
ix,axr
dcl,dcl
p,p
ax,l
l,l
r,r
l,l
t,t
ay,ay
y,y
dcl,dcl
axr,r
bcl,dcl
dx,n
aa,aa
tcl,epi
ux,ux
r,r
tcl,tcl
eh,eh
el,el
tcl,ix
er,er
z,z
q,q
eh,ix
ax,w
eh,eh
hh,ax-h
k,k
ix,ix
ax,aa
eh,eh
ah,ah
l,l
n,n
gcl,dcl
aa,ao
aa,aa
ax,ah
iy,iy
tcl,dx
iy,iy
ah,ah
ae,ae
ow,ao
aa,aa
sh,sh
ix,iy
dh,kcl
q,q
tcl,tcl
gcl,kcl
ao,ao
s,s
r,r
ih,eh
dcl,tcl
z,z
kcl,kcl
s,s
t,jh
g,k
w,w
dcl,bcl
ae,ae
iy,iy
z,z
t,t
kcl,kcl
v,v
ow,uh
m,n
ae,eh
aa,aa
dh,t
ix,ix
ux,ux
n,m
nx,n
ah,ah
sh,sh
n,ng
gcl,kcl
k,k
r,r
ah,ah
axr,axr
r,r
eh,ah
epi,pcl
ow,ow
s,z
n,n
uh,eh
eh,ih
iy,iy
kcl,kcl
k,k
ae,ae
ao,ow
q,q
z,s
dx,gcl
m,m
bcl,bcl
aa,aa
iy,iy
s,s
dcl,dcl
hh,k
l,l
eh,r
s,s
tcl,dcl
s,s
w,ao
l,l
ey,ey
iy,y
tcl,tcl
ao,ao
dcl,tcl
ey,ih
aw,aw
q,q
s,s
ao,aa
t,t
n,n
aa,aa
r,r
ao,eh
pcl,tcl
nx,nx
kcl,kcl
ax,l
dcl,dcl
n,nx
p,p
t,t
l,l
k,k
f,f
ay,ay
s,s
kcl,kcl
uw,uw
ey,ah
r,r
kcl,tcl
er,ih
pau,pau
tcl,tcl
r,r
w,w
dh,n
gcl,tcl
p,p
n,n
m,m
kcl,q
s,s
uw,l
er,axr
ay,ay
k,g
w,w
kcl,kcl
tcl,tcl
ey,ey
p,p
ax,ax
f,f
jh,jh
ux,ux
epi,v
dcl,dcl
eh,r
dcl,dcl
l,l
eh,ix
dx,n
l,l
z,z
ng,m
ah,aa
aa,aa
eh,eh
t,t
m,m
g,g
l,l
n,n
eh,eh
ix,ix
dcl,gcl
n,n
b,b
k,k
ae,ae
n,n
s,s
iy,iy
axr,r
ax,ao
v,m
ah,r
z,s
l,l
ux,ux
ae,ae
r,q
iy,iy
ix,eh
ao,ao
ay,ay
dh,dh
ao,aa
hv,hv
iy,ey
ah,ah
dh,z
iy,iy
ay,aa
tcl,kcl
f,f
y,iy
y,y
gcl,gcl
ey,ey
m,m
ih,ax
t,t
l,l
dcl,tcl
dcl,dcl
aa,aa
axr,axr
pau,pau
hh,epi
bcl,gcl
g,g
epi,kcl
kcl,kcl
pau,pau
tcl,tcl
ao,ao
m,em
t,t
bcl,w
ao,aa
ih,r
ow,ow
er,er
gcl,tcl
kcl,dcl
tcl,tcl
t,t
m,m
bcl,v
eh,ah
ix,y
ah,ah
z,z
tcl,dcl
s,s
dh,dh
sh,sh
dcl,gcl
s,s
s,s
s,z
kcl,kcl
w,w
er,axr
er,axr
tcl,gcl
n,en
iy,iy
m,m
m,m
ch,jh
m,l
ay,ay
q,q
q,q
ax,ax
ay,ay
kcl,epi
eh,ax
r,axr
w,w
tcl,tcl
kcl,tcl
ae,ae
eh,ae
ix,ix
eh,eh
p,p
r,r
r,r
tcl,dcl
el,ow
epi,dcl
ax,v
l,l
er,er
iy,iy
tcl,gcl
ux,ih
ix,ix
n,n
bcl,tcl
n,n
dcl,pcl
zh,jh
l,tcl
eh,ih
dh,dh
ih,eh
l,l
pau,tcl
dcl,dcl
r,r
n,q
kcl,kcl
dx,dx
d,d
oy,oy
tcl,tcl
m,m
ix,ih
aa,aa
w,uh
oy,oy
iy,iy
kcl,kcl
ch,ch
d,t
ih,q
q,q
axr,axr
ix,iy
axr,axr
g,g
kcl,kcl
er,er
n,m
dcl,dcl
r,w
s,s
ih,ah
iy,y
ix,ih
ao,ao
iy,iy
el,ow
v,v
l,l
tcl,kcl
eh,eh
ix,q
b,p
kcl,kcl
ax,eh
k,k
iy,iy
p,p
t,t
uw,ux
pcl,tcl
gcl,gcl
d,d
bcl,dcl
tcl,q
eh,ae
s,s
pau,pau
ey,ey
ao,ao
v,ux
ae,ae
jh,jh
s,s
iy,ih
kcl,kcl
axr,axr
t,t
r,r
n,n
s,s
s,s
s,s
iy,iy
eh,ae
k,k
er,er
dcl,gcl
pcl,tcl
q,q
ix,ax
w,w
dcl,dcl
s,s
ah,ah
s,s
k,p
kcl,kcl
aw,aw
v,dh
v,n
k,k
tcl,gcl
ih,ae
ux,iy
ch,t
oy,oy
gcl,gcl
iy,iy
ae,ae
tcl,tcl
m,m
y,y
ey,ey
ux,ux
ix,ih
iy,ih
iy,iy
m,m
ax,ah
eh,ae
iy,ax
s,s
epi,pau
dh,dh
w,l
tcl,tcl
tcl,tcl
s,s
w,w
ax,ix
pcl,pcl
er,axr
tcl,tcl
ow,ow
l,l
ae,er
z,z
w,w
ux,y
d,g
dh,dh
tcl,kcl
s,s
ng,ng
pcl,kcl
ax,ix
dh,p
r,r
n,en
tcl,pcl
bcl,gcl
axr,er
eh,ix
bcl,gcl
sh,sh
gcl,gcl
ux,ux
iy,ux
epi,epi
ah,ah
ey,ey
kcl,kcl
ux,ih
s,s
en,v
dcl,tcl
tcl,tcl
z,z
t,t
eh,ah
ae,eh
p,p
sh,sh
uw,ow
l,l
oy,ah
bcl,m
ay,ay
ae,ae
axr,axr
v,v
iy,ay
hh,hh
ih,l
n,kcl
m,m
ah,ah
en,en
aa,ay
m,m
kcl,ax-h
r,r
r,r
aa,aa
tcl,kcl
s,s
kcl,kcl
l,l
n,n
n,dx
ay,aa
ix,ix
eh,ae
ah,ow
ax,q
iy,iy
iy,iy
f,tcl
l,bcl
l,l
ih,ih
iy,iy
ax,l
eh,ae
k,g
sh,sh
ng,n
z,z
ow,ah
ih,ih
ux,n
ow,uw
l,l
iy,iy
axr,axr
f,f
pcl,pcl
d,q
axr,er
hv,hv
ae,eh
k,epi
q,q
ax,ah
s,z
ao,aa
pau,pau
f,f
ix,ix
q,q
w,w
eh,ae
ey,ey
ae,ae
n,n
th,tcl
sh,sh
n,n
iy,iy
n,n
ih,ix
r,r
iy,ix
y,y
f,f
ix,ix
r,r
s,s
ae,eh
q,q
dcl,dcl
aa,ao
s,s
p,p
n,dcl
er,axr
n,n
axr,axr
y,y
k,g
ax,r
ih,ih
axr,r
zh,sh
el,ih
nx,n
axr,axr
ih,ae
aa,ao
n,n
ih,ih
s,s
p,p
y,y
w,w
v,v
dx,q
ao,ao
q,q
ey,ey
ax,ax
pcl,bcl
iy,y
ae,ix
ix,ih
ax-h,ax-h
ix,uw
v,v
r,r
th,th
aa,aa
k,t
p,f
ih,ax-h
f,f
s,s
ax,l
ey,ey
dcl,tcl
ax,ah
ih,ih
m,m
m,m
ae,ae
ae,ey
tcl,dcl
ay,aw
iy,iy
eh,eh
ao,ao
ih,ih
ix,ix
z,z
ay,ay
pcl,bcl
eh,ey
ow,ow
nx,nx
kcl,kcl
gcl,n
w,w
ay,ay
ih,ih
aw,aw
iy,iy
r,r
q,q
sh,sh
ix,iy
ux,ux
y,ih
ih,ax
iy,iy
ix,ix
sh,sh
ax,ih
ix,ix
gcl,gcl
ah,aa
y,l
aa,aa
iy,iy
dx,kcl
aa,aa
ay,ay
ix,eh
w,w
l,l
k,hh
n,tcl
l,l
z,z
z,z
k,kcl
r,r
er,axr
iy,ix
p,p
axr,axr
v,v
ay,ay
ae,ae
m,dcl
ix,y
f,dh
t,t
s,s
l,l
l,l
en,en
kcl,tcl
tcl,dcl
kcl,pcl
tcl,tcl
l,l
m,m
r,r
kcl,k
y,uh
ix,ax
l,l
aa,ae
s,s
ae,eh
bcl,bcl
ix,ix
dcl,gcl
l,l
en,q
tcl,tcl
k,k
ix,ix
ah,ah
iy,iy
ng,ng
l,l
ao,ao
ao,ao
ay,ay
axr,axr
ch,ch
ey,ey
n,n
t,t
s,s
ng,n
q,q
n,en
l,w
l,ax
sh,sh
m,m
q,q
ax,ax
k,k
l,l
p,t
ih,ih
el,el
l,l
w,w
uw,uw
sh,sh
k,k
axr,er
ix,ix
l,v
iy,ix
ao,ao
sh,sh
ix,ih
iy,iy
r,r
iy,y
ao,aa
z,z
tcl,dcl
ih,y
q,q
eh,ix
ix,axr
n,ng
axr,er
iy,iy
p,p
aa,aa
ux,ux
l,el
g,k
s,s
epi,gcl
iy,iy
ux,ux
ow,ow
pcl,pcl
ax,ix
z,z
ux,ux
gcl,dcl
v,el
l,l
l,l
iy,iy
aw,aw
w,w
gcl,y
y,y
ae,ae
l,l
jh,jh
ng,m
r,r
dh,dh
ao,aa
tcl,tcl
iy,iy
m,m
n,n
d,t
ao,el
dh,dh
z,z
aw,ae
ao,ao
dcl,dcl
ih,eh
axr,ix
w,w
axr,axr
s,s
kcl,gcl
ax,q
aa,aa
aa,aa
p,hh
z,z
m,m
gcl,g
bcl,tcl
gcl,gcl
l,l
k,k
axr,axr
r,r
bcl,bcl
p,p
t,th
r,axr
s,s
z,th
iy,iy
f,f
ix,eh
v,ax
pcl,bcl
iy,iy
s,s
f,f
iy,iy
ao,ao
iy,iy
tcl,tcl
kcl,tcl
v,v
iy,iy
k,k
z,z
pau,q
iy,iy
ey,ey
f,f
ae,ih
n,n
iy,iy
b,q
ix,iy
s,s
w,w
y,y
kcl,tcl
w,ax
aa,aa
dx,dx
eh,l
er,axr
nx,nx
z,z
y,ih
uh,el
eh,eh
ah,ah
ao,ao
bcl,dcl
ix,ix
ey,ey
p,b
iy,iy
kcl,kcl
s,s
ix,axr
hv,hv
ae,ae
ix,ih
q,axr
ih,ih
axr,axr
ey,ey
ch,jh
m,n
p,p
s,s
iy,iy
tcl,tcl
ih,ih
ix,ih
r,r
ih,eh
tcl,tcl
iy,iy
oy,oy
n,n
w,m
ih,ih
oy,oy
dcl,gcl
ix,r
jh,t
aw,aw
f,f
ih,ux
p,p
hv,hv
aa,l
axr,r
aa,ah
dcl,dcl
ey,ey
gcl,gcl
ih,ih
ey,ey
th,z
q,ix
el,ah
ax,ix
p,hh
ix,ih
n,n
s,s
kcl,kcl
q,q
pau,pau
l,k
aw,ay
n,n
pcl,tcl
ae,ae
aa,r
iy,iy
ae,ae
ae,hv
tcl,pcl
n,en
ao,aa
iy,iy
tcl,tcl
tcl,tcl
s,th
kcl,kcl
tcl,pcl
l,l
r,r
s,z
uh,l
ao,ao
dh,dh
dcl,dcl
n,n
epi,epi
aa,aa
ng,n
kcl,kcl
l,l
aa,aa
ae,ae
g,q
n,n
kcl,kcl
nx,m
aa,aa
v,v
l,ih
epi,gcl
aa,aa
l,m
eh,ix
hv,hv
ux,n
ux,ux
pcl,tcl
z,z
s,s
t,jh
sh,sh
tcl,gcl
bcl,dcl
k,k
z,s
ax,n
m,n
ax,ax
pau,axr
l,q
ix,ix
ax-h,w
n,m
v,v
ae,ae
ix,l
f,f
tcl,epi
kcl,kcl
s,s
tcl,tcl
axr,hv
n,ng
y,y
eh,eh
l,l
eh,eh
ax,ix
pcl,pcl
ay,ay
iy,iy
ay,ay
ix,ae
el,el
tcl,dcl
sh,sh
z,z
ax,ah
ao,ao
q,tcl
q,q
tcl,tcl
ax,ax
dcl,dcl
s,sh
q,ah
er,er
ao,eh
l,ao
ih,ih
s,s
er,er
r,r
ng,ng
kcl,gcl
ch,jh
ix,ux
iy,iy
l,q
t,g
ey,ih
v,gcl
ae,ae
eh,ae
ch,s
iy,iy
ax,ah
ay,ay
k,k
f,f
f,f
axr,axr
sh,sh
kcl,tcl
m,m
ih,ih
r,r
n,n
r,r
ch,t
epi,epi
t,t
m,m
r,r
er,er
pcl,pcl
g,k
ey,ey
er,er
ay,ay
y,y
ey,ey
ay,ay
l,m
p,p
l,l
aa,aa
ao,ao
l,l
d,d
s,s
v,v
b,dh
m,m
r,r
l,q
er,er
ow,ow
k,g
eh,ah
n,n
iy,iy
dcl,bcl
dcl,dx
d,t
w,l
l,ah
l,l
ax,ax
dcl,dcl
t,t
g,jh
ix,n
er,er
w,w
s,s
d,t
s,s
dcl,ng
ae,ae
pcl,pcl
p,p
sh,sh
kcl,kcl
gcl,bcl
kcl,kcl
z,z
n,nx
ae,ae
sh,sh
tcl,gcl
sh,sh
t,p
ix,ah
iy,iy
sh,sh
n,n
ae,eh
r,r
r,r
l,l
pcl,pcl
aa,aa
y,y
r,r
ix,ih
ae,ae
q,q
aa,aa
s,s
s,s
r,r
s,s
l,l
kcl,tcl
kcl,epi
iy,ey
ah,ow
ix,q
axr,axr
dh,dh
ix,ix
ax,ax
ax,ax
t,t
w,w
nx,n
w,w
m,m
bcl,bcl
axr,r
y,y
k,k
r,r
gcl,tcl
ix,n
r,r
tcl,kcl
tcl,tcl
tcl,tcl
ah,aw
s,s
dcl,kcl
ax,ax
f,f
eh,eh
z,s
n,n
ah,l
iy,iy
el,el
ey,ey
m,m
s,s
v,n
n,n
l,l
ix,ih
kcl,pcl
kcl,kcl
iy,iy
t,t
ix,ih
s,s
eh,eh
s,s
dcl,dcl
ax,ax
eh,eh
s,hh
gcl,dcl
iy,iy
q,q
m,em
ix,ih
ey,ey
pcl,tcl
ae,ae
ux,ux
ay,ay
t,t
ow,aa
b,p
kcl,kcl
dcl,dcl
y,iy
ax,ax
b,p
bcl,bcl
tcl,pcl
q,q
eh,ih
hh,hh
ay,ay
l,l
w,w
nx,l
ax,ax
w,el
s,s
en,en
eh,ih
p,p
ch,jh
iy,ux
tcl,dcl
s,s
z,z
iy,iy
aa,ae
pcl,bcl
kcl,kcl
dcl,gcl
sh,sh
m,m
aa,aa
y,y
r,r
aa,aa
ix,ah
w,ao
k,g
r,r
kcl,kcl
r,r
iy,iy
ey,ey
er,r
t,t
axr,axr
l,l
l,l
axr,axr
q,q
q,q
eh,eh
ix,ax
r,r
tcl,kcl
t,t
k,k
kcl,kcl
dcl,tcl
z,z
iy,iy
m,m
ix,ix
sh,sh
ae,ae
p,epi
l,m
m,m
kcl,kcl
l,aa
iy,ih
aa,aa
q,q
ux,ih
w,w
ix,ey
pau,pcl
en,n
jh,jh
k,k
ow,ow
p,p
dx,dx
iy,ih
eh,eh
t,t
iy,ax
iy,iy
aa,ah
kcl,pcl
r,r
ih,ih
tcl,tcl
k,k
pcl,pcl
ax,r
s,s
v,v
n,n
ih,ih
ix,ix
gcl,bcl
ay,aa
ay,ay
ax,ae
jh,jh
w,w
aa,ao
ao,l
gcl,dcl
aa,aa
r,r
uw,uw
bcl,bcl
n,em
dx,dcl
bcl,bcl
aa,aa
iy,iy
ih,y
w,ao
tcl,kcl
r,r
ih,ih
ng,m
gcl,gcl
l,l
ao,ao
s,s
s,s
ix,ih
ix,ih
ih,ih
s,s
s,s
f,f
q,q
ix,r
f,f
n,n
ah,ix
n,n
el,q
ao,ao
t,t
q,q
w,w
ux,y
ix,ix
ch,jh
sh,sh
oy,oy
el,ax
y,y
dcl,dcl
t,t
hh,y
kcl,kcl
s,s
dcl,dcl
er,r
n,w
hh,p
er,axr
ih,r
pcl,tcl
aa,aa
ao,ao
aa,aa
f,th
ah,ow
dcl,gcl
s,s
gcl,gcl
ax,el
iy,ih
ao,ao
tcl,tcl
z,s
r,r
n,en
s,s
ix,ix
ax,eh
eh,ih
ae,ae
ix,ih
r,r
ao,ao
kcl,kcl
axr,axr
iy,iy
ax,ax
er,er
r,r
aa,aa
ax,ax
iy,iy
ix,eng
ux,ih
axr,uh
hv,kcl
jh,y
ih,l
r,r
tcl,tcl
d,d
k,k
ix,ix
pcl,pcl
ow,aw
w,hh
v,v
w,w
ey,iy
f,f
tcl,tcl
ow,ow
sh,sh
l,l
n,n
w,w
aa,aa
m,m
l,l
ay,ay
sh,s
en,en
ow,el
dcl,gcl
axr,er
er,er
eh,ih
ux,ux
ao,ao
q,q
ng,ng
q,q
k,k
jh,jh
ih,ih
dcl,dcl
s,sh
er,axr
r,r
kcl,kcl
v,l
ae,ae
l,r
ih,ih
t,t
t,d
kcl,kcl
n,n
n,n
ey,ey
ey,eh
en,ng
epi,f
gcl,dcl
pcl,pcl
gcl,gcl
axr,er
ae,ae
kcl,kcl
iy,iy
iy,iy
iy,ih
axr,axr
p,p
s,s
ey,ey
kcl,tcl
ih,ih
pau,q
l,w
pcl,pcl
axr,axr
er,er
pcl,pcl
q,q
iy,ih
ix,ah
r,r
aa,aa
n,n
eh,eh
er,er
hv,q
t,d
kcl,gcl
eh,eh
k,t
oy,oy
s,s
kcl,kcl
ih,ih
eh,eh
p,hh
w,w
ix,ix
f,f
l,z
iy,iy
l,l
w,m
ih,ih
k,k
g,k
ih,eh
n,n
ih,ih
gcl,dcl
g,k
ng,n
tcl,tcl
ih,ih
f,v
iy,iy
ao,ao
t,t
ix,eh
s,s
w,w
z,z
tcl,kcl
kcl,tcl
z,s
ix,q
p,p
r,r
gcl,gcl
w,w
kcl,kcl
ao,ao
k,g
ng,ng
ix,ix
th,th
ey,ey
gcl,dcl
iy,eh
g,g
m,m
ax,l
bcl,bcl
ao,ao
dcl,gcl
dcl,bcl
ay,ah
ix,ix
ay,ay
z,s
dcl,dcl
s,s
dcl,dcl
ax,r
n,n
k,g
ow,aw
iy,iy
gcl,gcl
r,r
v,v
pau,q
s,s
s,s
g,k
ih,eh
ch,ch
iy,iy
n,kcl
sh,sh
s,s
tcl,tcl
ix,ix
r,r
n,n
pcl,pcl
ey,ey
eh,axr
gcl,n
t,t
sh,sh
kcl,kcl
aa,aa
l,uh
ix,ih
q,q
ah,ao
iy,iy
ih,ih
ah,ah
kcl,kcl
iy,ih
n,tcl
r,r
ix,l
ay,ay
dcl,tcl
f,f
iy,iy
ix,ix
r,r
n,n
s,s
s,s
l,l
t,d
r,r
th,th
oy,oy
el,l
dcl,pau
er,er
k,t
hh,hh
eh,eh
ix,ix
axr,r
ow,ax
n,n
kcl,kcl
ih,ix
dcl,gcl
ax,dh
dx,dx
aa,aa
tcl,k
dcl,gcl
w,w
r,r
ae,ae
tcl,tcl
er,er
dx,axr
pcl,kcl
ay,aa
ih,ih
dcl,pcl
k,p
hh,pau
em,ax
z,s
s,s
m,m
ah,ah
l,l
ao,r
dcl,dcl
ah,ah
pau,v
ao,ao
y,y
bcl,dcl
w,ao
m,m
n,n
gcl,dcl
k,k
ah,ih
ay,aa
bcl,n
iy,iy
ax,ax
pcl,pcl
n,m
w,w
axr,axr
s,s
ih,ih
aa,ao
ix,ix
w,w
ih,ih
kcl,kcl
t,t
ch,t
kcl,kcl
t,t
tcl,tcl
dh,dh
r,r
ix,ix
eh,ae
th,th
z,z
ae,ae
dcl,dcl
m,m
eh,ih
dh,th
m,m
el,ow
n,m
m,n
s,s
ix,ih
n,n
ah,ix
d,g
q,q
dcl,gcl
axr,er
hh,hh
s,s
ah,ow
ah,ae
ih,ih
y,y
k,k
ae,ae
k,k
q,q
pau,pau
hh,hh
l,ax
tcl,pcl
tcl,kcl
q,ix
l,l
q,q
t,k
p,p
kcl,kcl
ax,l
ih,ix
k,k
w,w
ch,ch
y,tcl
l,ow
ax,ao
pau,pau
s,s
y,y
r,ix
iy,iy
ch,jh
ih,ix
g,g
eh,eh
s,s
ow,ax
gcl,gcl
iy,ux
bcl,bcl
ao,ao
iy,iy
ow,el
iy,iy
iy,n
n,dx
ah,ah
axr,axr
s,s
aw,aa
ay,ah
f,f
d,ch
d,d
s,s
tcl,tcl
ux,ux
tcl,tcl
k,k
ix,ah
f,f
ao,ao
pcl,pcl
p,k
th,hh
ng,ng
s,z
pcl,pcl
ow,ow
v,n
aw,aw
ae,ae
ng,n
s,s
z,z
ih,ix
n,m
iy,iy
iy,ih
gcl,ng
p,p
t,t
ao,ay
s,s
r,r
sh,sh
dx,m
epi,kcl
hv,hv
jh,sh
el,el
ay,ah
bcl,dcl
dx,dx
hv,hv
ix,en
m,m
q,ix
iy,ix
z,z
ih,ix
ih,ih
ix,ix
ey,ey
q,ax
s,s
q,k
er,axr
n,n
iy,ih
el,el
y,r
ay,ay
ow,ow
s,s
dcl,dcl
k,k
eh,ih
hv,hv
ng,ng
ay,ay
g,g
n,ng
kcl,gcl
ih,ih
q,q
f,f
s,z
eh,eh
q,q
r,uw
q,ax
ao,ao
ux,axr
s,s
iy,iy
q,q
y,y
f,f
ih,ih
pcl,kcl
v,pcl
l,uw
eh,eh
dcl,nx
ay,ay
g,tcl
ix,ax
ng,n
ae,ae
t,th
aa,ao
q,q
iy,iy
ax,ih
d,g
n,m
aa,ao
eh,eh
uh,ae
ng,ng
sh,sh
n,n
w,w
t,t
ux,ux
ay,ay
aa,aa
aa,aa
z,s
s,s
t,t
s,s
eh,ay
ay,ay
ix,eh
er,axr
y,y
ay,ay
v,v
w,w
ng,n
bcl,n
l,l
ae,ae
aa,aa
s,s
q,q
p,p
aa,ah
k,k
gcl,m
tcl,bcl
l,ax
s,z
ix,ix
er,er
v,v
t,t
ae,ae
ux,y
hv,hv
m,m
er,er
l,eh
n,n
s,s
aa,ao
kcl,kcl
m,m
w,w
q,q
n,tcl
ae,ae
eh,eh
ix,ih
eh,eh
k,hh
kcl,kcl
w,w
axr,axr
z,z
sh,sh
s,s
pcl,tcl
q,tcl
tcl,tcl
l,l
ao,ao
dh,th
s,s
ix,ix
pcl,pcl
v,v
f,f
ay,ay
s,t
sh,sh
l,l
iy,ux
gcl,kcl
s,z
epi,kcl
k,k
b,b
m,n
dx,dx
l,l
v,v
dcl,bcl
ao,ao
w,w
r,r
ix,ix
n,n
ow,ow
p,p
s,s
k,k
pcl,pau
n,n
aa,aa
ix,ih
er,er
ey,ey
ix,ix
el,ao
bcl,bcl
m,en
r,r
kcl,q
l,w
pcl,pcl
ax-h,dx
l,l
er,er
kcl,pau
axr,ux
ah,ah
v,ix
ae,ae
kcl,kcl
ih,ih
ay,ay
s,s
er,er
ih,r
dh,iy
ao,aa
w,w
ih,ih
n,m
gcl,gcl
ih,axr
y,ix
f,f
tcl,dcl
iy,ey
s,s
n,n
epi,epi
t,t
ng,m
r,r
eh,ey
ix,ah
k,k
ih,ow
ix,ih
dh,dh
v,v
iy,iy
w,ao
kcl,kcl
eh,eh
n,n
m,en
dcl,tcl
pcl,tcl
dcl,dcl
ae,ae
er,ux
ix,ih
ix,er
ao,aa
z,z
ah,ix
ih,ih
b,q
aa,aa
z,s
n,n
dh,dh
w,w
n,n
k,k
t,d
kcl,kcl
ah,ah
r,r
ix,ih
ow,ao
bcl,bcl
ae,ae
w,ao
th,th
iy,iy
ax,ax
ey,ih
oy,oy
jh,jh
r,r
w,w
ix,ix
q,q
t,t
kcl,kcl
v,v
ao,ao
ix,ix
aa,aa
l,ax
dh,dh
er,ao
ix,ix
m,m
iy,y
ax,eh
ix,ix
iy,iy
ah,ao
n,en
iy,iy
iy,iy
t,d
dcl,dcl
m,m
sh,sh
eh,r
ao,ao
n,n
er,er
y,y
s,s
ax,ih
s,s
pau,dcl
l,l
axr,er
ih,y
ay,aw
ix,ix
ao,ao
n,ix
ih,ih
k,k
ey,ey
y,y
bcl,pcl
kcl,kcl
pau,pau
ay,ay
uh,uw
p,p
iy,iy
dh,dh
t,t
l,l
uw,ih
d,t
g,m
s,s
m,n
l,l
n,n
kcl,kcl
n,n
ih,ix
gcl,kcl
eh,eh
k,k
dcl,dcl
p,t
g,g
z,z
en,n
w,w
jh,jh
ax,aa
iy,ix
iy,ih
dcl,gcl
m,m
tcl,tcl
ay,ay
eh,eh
r,r
l,q
ih,ih
dcl,dcl
ay,ay
ax,ix
ey,ey
dx,dx
ow,ao
ix,ux
r,r
tcl,tcl
z,z
ih,ih
dcl,tcl
m,n
ae,ae
axr,ax
jh,s
pau,pau
ih,ih
epi,epi
uw,ux
r,w
axr,axr
tcl,epi
ah,ax
ix,ih
gcl,gcl
axr,axr
pcl,pcl
kcl,pcl
ng,ix
ae,ae
n,n
w,w
ax,ax
ae,ae
ao,ao
iy,iy
tcl,tcl
eh,eh
g,g
n,ng
l,l
kcl,tcl
iy,iy
v,f
p,p
eh,ae
gcl,tcl
en,n
m,ng
ih,iy
ah,ah
iy,hv
n,ng
k,g
th,th
ax,ax
r,ix
dx,dx
t,d
r,aa
k,k
s,s
er,er
ao,ao
iy,iy
kcl,tcl
ow,ow
er,er
ao,ao
ih,ih
iy,iy
s,s
tcl,pcl
k,hh
kcl,kcl
m,m
ix,ih
ow,aa
ah,ax
eh,eh
ay,ay
bcl,bcl
ae,ae
kcl,kcl
tcl,tcl
r,axr
ax,ax
ix,ax
ax,dx
ae,ae
r,r
r,r
n,ng
dcl,dcl
kcl,epi
iy,iy
r,r
ay,ay
p,p
ih,ih
ao,q
dh,v
s,sh
aa,aa
ih,ih
v,v
tcl,tcl
z,z
ay,ae
s,z
hv,hh
m,m
dx,dcl
axr,axr
z,z
ae,ae
ih,eh
axr,er
ey,ey
ax,ih
r,r
ix,ix
ax,ah
n,n
s,s
p,p
s,s
ux,ux
ng,n
gcl,gcl
z,z
l,ax
ae,ae
ey,ey
ax,ax
w,w
n,n
bcl,bcl
n,tcl
z,z
sh,sh
l,ax
n,m
n,n
p,v
ae,ae
s,s
aa,ah
w,w
iy,iy
ix,ix
t,t
ao,ao
ow,ow
ey,ey
gcl,kcl
kcl,kcl
uw,ix
gcl,dcl
axr,r
ch,ch
eh,eh
y,ix
t,t
tcl,kcl
d,d
ih,ih
ih,ih
n,m
ow,ow
ow,ow
eh,ae
iy,iy
el,el
dx,dx
ng,ng
y,y
ix,ih
f,f
er,er
ux,ih
hv,hv
n,n
ix,ix
m,m
s,s
th,th
ah,eh
m,m
sh,sh
ah,ao
ey,ey
pau,pau
n,gcl
z,z
dcl,dcl
ao,ao
hh,q
hh,hv
ah,ow
y,y
iy,ih
m,m
l,l
ao,ao
g,k
aa,aa
ng,ow
r,r
iy,iy
ey,ay
kcl,kcl
s,s
m,m
ix,y
w,w
ng,en
r,r
oy,oy
l,dh
pcl,pcl
ao,aa
q,n
aw,aw
aa,ao
s,s
ch,jh
er,er
eh,eh
gcl,r
tcl,tcl
f,f
ix,eh
q,q
y,iy
ih,ih
t,th
eh,ah
iy,iy
g,k
k,k
kcl,kcl
d,g
tcl,tcl
sh,sh
q,q
sh,sh
r,r
aa,aa
ao,ao
aa,aa
pcl,m
m,m
l,ax
ow,ow
p,p
r,r
l,l
iy,iy
z,s
z,s
ix,iy
z,z
tcl,pcl
s,k
t,s
v,v
ay,ay
ey,ey
bcl,dcl
t,p
m,n
aa,aa
oy,oy
q,q
eh,ae
axr,ih
r,r
n,n
ey,ih
bcl,bcl
s,s
k,k
iy,iy
zh,z
z,s
dh,dh
dcl,bcl
eh,eh
r,r
ae,ae
n,ng
jh,t
f,epi
d,n
ao,aa
v,v
tcl,pcl
kcl,kcl
n,ng
ae,eh
k,k
sh,sh
n,n
ix,ax
ah,ah
ih,ix
z,z
n,n
z,z
axr,r
ax,l
ix,ix
kcl,kcl
aa,aa
ih,ih
iy,iy
m,m
s,z
n,n
l,ih
r,ix
ix,ix
l,l
axr,er
sh,sh
pau,pau
gcl,dcl
z,s
q,ix
ae,ae
aa,aa
axr,axr
s,s
m,en
oy,oy
pcl,kcl
ah,eh
f,th
n,n
ah,ih
ay,ay
aa,aa
r,r
ae,ae
oy,ao
kcl,pcl
l,l
ax,ax
kcl,kcl
r,er
ax,ix
ax,ax
kcl,kcl
d,z
ae,ae
w,ao
l,l
s,s
r,r
t,t
g,kcl
s,s
kcl,pau
ax,ax
kcl,kcl
v,v
ix,y
r,r
kcl,kcl
w,w
ay,ay
s,s
ah,eh
ah,aw
ae,ae
aw,ae
ae,ae
tcl,dcl
hv,ng
iy,iy
q,n
m,m
z,z
k,k
ow,ah
n,n
ch,ch
oy,oy
kcl,tcl
eh,eh
k,k
kcl,q
t,t
kcl,kcl
s,s
q,q
el,el
s,s
tcl,tcl
bcl,bcl
t,g
iy,ix
ax,axr
oy,ao
er,er
dh,dh
ix,ix
dcl,dcl
g,d
ah,aa
eh,eh
k,p
s,s
eh,eh
s,s
iy,iy
hv,hv
er,er
pcl,pcl
dcl,pcl
q,q
tcl,tcl
l,ux
v,d
ao,ao
bcl,n
z,z
s,s
n,ng
q,q
y,ix
tcl,kcl
ow,ow
hh,hh
iy,ih
d,d
ah,ah
ih,ih
dcl,dcl
n,m
ix,ix
uh,axr
p,p
aa,aa
n,n
axr,er
p,p
z,z
ao,ao
ay,ay
axr,er
hh,kcl
n,n
l,ax
r,r
bcl,bcl
tcl,tcl
z,z
dx,dcl
ae,ae
tcl,tcl
r,r
ux,ux
er,er
sh,ch
kcl,kcl
en,n
gcl,gcl
dcl,dcl
n,n
ng,m
dcl,dcl
tcl,tcl
kcl,tcl
y,y
oy,oy
s,s
hv,q
axr,r
s,z
hh,hh
dh,bcl
q,q
jh,jh
bcl,dcl
r,r
s,s
tcl,dcl
ay,ae
tcl,tcl
sh,sh
ay,ah
ih,iy
eh,eh
r,r
s,s
t,t
tcl,tcl
jh,jh
s,s
kcl,kcl
w,w
f,f
n,q
ao,ao
dcl,dh
w,w
f,f
er,er
l,l
s,s
axr,axr
eh,eh
ay,ay
ax,ax
m,m
hh,hh
epi,epi
ux,ix
dx,dx
ux,ux
ix,ih
s,s
hv,hh
jh,jh
en,n
ix,ix
n,n
tcl,k
n,en
ay,ay
z,s
n,n
axr,axr
uh,w
oy,oy
ae,ae
r,r
s,s
ae,ae
ix,ih
w,w
dh,dh
tcl,dh
eh,ah
gcl,gcl
r,r
eh,ix
z,z
m,n
l,ow
g,dh
w,w
zh,dx
kcl,kcl
y,y
ih,n
s,s
epi,epi
ix,ix
ix,ix
q,g
r,r
ix,ix
tcl,tcl
kcl,tcl
axr,r
kcl,kcl
iy,iy
gcl,kcl
f,dh
axr,r
w,w
r,r
sh,s
r,r
s,z
ng,n
tcl,tcl
v,v
eh,ae
ih,ix
z,s
ih,ih
k,k
dx,y
ah,ah
bcl,epi
n,n
r,r
l,l
pcl,pcl
ae,ae
r,r
ah,ah
p,k
k,k
y,y
k,k
kcl,kcl
hh,hv
kcl,kcl
n,n
d,t
ow,ow
dx,dx
q,q
ch,t
ix,ix
f,f
iy,ix
en,n
n,n
bcl,bcl
ey,ey
iy,y
gcl,gcl
tcl,pcl
kcl,kcl
z,s
tcl,tcl
zh,sh
l,ix
gcl,gcl
r,r
aa,ao
tcl,tcl
ah,ow
jh,t
ao,ao
dcl,tcl
t,t
kcl,kcl
l,ix
l,dh
t,t
q,q
iy,iy
t,t
r,r
ey,ih
r,axr
n,n
s,s
l,q
nx,nx
ao,ao
dx,dx
m,m
z,zh
n,l
er,er
tcl,kcl
axr,er
ix,ax
ow,ax
er,er
w,w
ix,ux
ch,jh
ix,ah
n,nx
ix,ux
w,w
l,uw
n,ng
t,d
dcl,dcl
ix,ix
tcl,tcl
r,axr
w,oy
axr,axr
m,m
p,p
tcl,tcl
n,n
gcl,gcl
aa,aa
w,w
ux,ux
er,er
k,k
er,axr
aa,aa
dcl,dcl
ix,axr
l,l
ih,ih
nx,nx
dcl,dcl
ix,ix
pcl,tcl
dcl,gcl
ih,ih
dcl,dx
k,k
ax-h,kcl
aa,aw
f,v
kcl,kcl
k,k
n,n
ix,ih
axr,r
n,n
s,s
ao,ao
iy,iy
aa,aa
ax,axr
eh,ae
l,l
axr,axr
n,n
n,m
eh,eh
l,el
k,k
ey,ey
eh,ae
m,m
f,f
bcl,bcl
ng,n
ix,n
s,s
dcl,dcl
dh,th
eh,eh
eh,ah
n,n
axr,axr
tcl,pcl
hh,hh
ix,r
el,el
kcl,kcl
n,n
ah,aw
n,m
iy,ey
r,r
ix,ix
eh,eh
ow,ow
oy,oy
ax,ax
ay,ae
ih,ih
aw,pau
n,en
sh,sh
ih,ih
ey,eh
tcl,kcl
ix,ix
f,f
pau,pau
eh,eh
dh,dh
bcl,bcl
m,m
oy,oy
g,g
ae,ae
epi,epi
ih,ih
sh,sh
ax,ax
ey,ih
tcl,kcl
gcl,kcl
ch,ch
ax,ax
ux,iy
ah,ax
g,g
eh,eh
ow,ow
tcl,pcl
f,z
t,t
dcl,bcl
p,p
sh,sh
nx,nx
bcl,f
eh,eh
w,w
n,n
bcl,bcl
ix,q
ey,ey
aa,aa
ax,ix
l,aa
v,v
s,s
ih,ih
v,v
ix,q
f,f
iy,iy
n,n
v,v
eh,ih
iy,ih
dh,dh
ih,q
w,w
p,p
z,z
eh,eh
ae,ae
nx,n
r,r
iy,iy
iy,y
ao,aa
ix,ix
p,p
ax,q
s,s
p,p
hh,kcl
tcl,q
ix,ix
ey,ey
ix,ih
dcl,dcl
ax,ax
ix,ih
uw,uw
dcl,dcl
ax,ax
ix,ix
ah,l
r,r
ay,ay
pcl,pcl
pcl,tcl
jh,jh
pcl,pcl
tcl,tcl
pcl,tcl
iy,iy
s,s
dcl,tcl
ao,ao
ao,aa
r,r
r,ix
dh,dh
d,jh
ih,ih
eh,aa
z,z
bcl,bcl
ch,t
ix,ix
t,t
ux,ux
z,z
aw,ow
z,z
m,n
s,s
iy,iy
ae,ae
l,l
s,s
n,n
pcl,pau
s,s
dx,d
ao,ao
s,s
ix,ih
n,en
iy,iy
ix,ix
th,th
z,s
er,r
kcl,kcl
hv,hv
f,z
s,s
hh,hh
ux,ux
k,k
s,s
eh,ih
l,l
ix,ix
r,r
eh,eh
tcl,tcl
ae,ih
axr,axr
v,v
tcl,tcl
g,g
n,n
ih,ih
ey,ey
iy,iy
en,n
ih,ih
m,m
tcl,tcl
axr,r
p,p
hv,hv
z,z
ng,q
ay,ay
ae,ae
ix,iy
ih,ih
ih,ih
er,axr
m,m
ng,ng
ae,ae
v,dh
iy,iy
m,m
er,er
nx,dx
pcl,pcl
y,y
r,er
ax,ax
n,n
axr,axr
gcl,pcl
kcl,kcl
dh,d
ix,ax
ux,iy
axr,r
r,r
r,r
q,kcl
tcl,dcl
r,r
ah,ae
iy,iy
er,er
aa,aa
ao,ao
dcl,gcl
q,q
w,w
ow,ow
ng,n
n,n
n,el
g,r
axr,axr
dcl,gcl
sh,s
l,l
t,t
aa,ae
kcl,kcl
r,r
axr,axr
f,f
p,t
ix,ix
s,s
ah,ax
dh,d
q,q
tcl,tcl
n,dcl
tcl,epi
ix,ix
n,n
ux,ux
ae,ay
oy,oy
aa,ao
ae,ae
ah,ah
zh,zh
bcl,q
n,n
w,w
ch,ch
r,r
eh,eh
k,k
dcl,gcl
iy,ih
tcl,tcl
v,v
m,m
tcl,v
ao,aa
tcl,tcl
bcl,bcl
ay,ay
z,z
axr,r
ah,aa
p,ix
oy,oy
t,k
s,s
ih,ih
k,k
ax,ix
ao,r
ix,ix
hv,hv
ix,ix
dh,v
n,m
ax,ax
m,m
ng,ng
ey,ey
m,ux
r,ao
f,f
iy,ih
hh,p
ih,ih
iy,iy
s,s
n,nx
ih,ix
en,m
m,m
l,q
t,t
y,q
ix,ix
n,n
eh,ih
ix,ix
t,t
f,f
n,n
p,dh
kcl,kcl
dh,dh
ix,ix
r,r
r,r
tcl,tcl
pau,q
iy,iy
en,n
p,p
ao,ao
ow,ow
tcl,dh
axr,uh
eh,ey
ix,ix
r,axr
ix,ih
sh,jh
gcl,dcl
ay,ay
z,s
ay,aw
w,w
k,d
jh,jh
ax,ih
kcl,kcl
sh,sh
ah,ah
t,t
n,n
t,t
pcl,bcl
em,l
dh,t
axr,er
t,t
m,m
hh,tcl
dh,dh
s,z
iy,iy
iy,ih
ix,r
ah,ah
ng,n
l,l
ao,ao
q,q
dcl,dcl
z,z
nx,n
ey,ey
n,n
bcl,bcl
r,r
m,v
r,r
pcl,tcl
f,f
n,n
ae,iy
aa,aa
k,kcl
tcl,kcl
iy,ih
axr,ix
ih,ih
ah,ah
axr,uw
ix,q
ix,ix
aa,ae
ao,ao
dcl,tcl
g,g
s,s
m,dx
hv,y
s,s
ay,ay
n,n
iy,iy
aa,ao
ix,ix
pcl,pcl
ow,ow
ch,jh
bcl,dx
ih,ih
k,p
t,t
z,z
iy,ix
aa,aa
eh,eh
kcl,kcl
p,p
ae,ae
s,s
l,l
kcl,kcl
r,w
ih,eh
s,s
w,w
n,dh
axr,er
zh,jh
ix,ix
dcl,dcl
ih,ay
er,er
n,n
ow,ow
ah,ah
axr,axr
z,s
r,r
sh,sh
k,t
v,v
ix,ix
n,n
f,f
ix,uh
ax,ah
el,el
aa,aa
kcl,kcl
r,ux
ah,ax
tcl,tcl
er,er
ih,ih
aa,aa
l,l
axr,er
ix,ix
kcl,kcl
pau,tcl
kcl,tcl
eh,eh
ao,ao
v,dh
ax,ix
ae,ae
ih,ih
ae,ih
r,r
l,l
ih,ix
ae,ae
dcl,dcl
hv,hv
hh,hh
aw,aw
t,t
kcl,kcl
ix,ih
w,n
b,p
eh,eh
eh,eh
ix,ix
q,ix
s,s
ey,ey
aa,aa
iy,iy
gcl,gcl
r,r
eh,eh
bcl,tcl
bcl,bcl
q,q
tcl,pcl
axr,axr
t,t
eh,eh
kcl,kcl
ix,iy
w,r
s,s
eh,ax
ey,ey
ux,iy
eh,eh
g,k
kcl,kcl
k,k
w,w
s,s
v,m
iy,ix
w,w
hh,hh
dcl,gcl
ng,n
w,w
s,z
axr,axr
m,n
tcl,tcl
r,r
s,s
m,m
eh,eh
r,axr
er,axr
ae,ae
n,n
z,z
r,r
gcl,dcl
ow,ao
iy,iy
l,m
n,n
tcl,n
r,r
sh,sh
dcl,dcl
ay,ay
el,el
r,r
ah,ah
n,n
pcl,kcl
l,l
ah,ow
s,s
ow,ow
er,axr
q,hh
k,g
kcl,kcl
axr,axr
dh,m
s,s
er,eh
y,y
gcl,gcl
ey,ey
kcl,kcl
t,k
m,m
ng,ng
ae,ae
eh,ih
ao,ao
ix,ih
sh,sh
axr,r
ae,ae
ix,ih
dx,dx
dcl,tcl
el,w
bcl,bcl
n,n
ae,ae
f,f
s,s
ix,ix
ih,ih
w,w
n,m
l,el
ax,ax
bcl,dcl
q,q
gcl,gcl
dx,dx
iy,iy
ix,q
dcl,dcl
w,w
ng,ng
z,z
p,p
dx,dx
ey,ey
hv,hv
ix,ix
ay,ay
ix,ix
w,r
ao,aa
ah,ah
ng,ng
bcl,n
sh,sh
f,f
ih,eh
w,nx
hh,gcl
ix,ix
th,th
z,z
n,n
iy,y
f,f
dcl,dcl
g,g
iy,iy
ix,ih
hv,hv
dh,tcl
r,r
g,g
sh,sh
ax,ax
r,r
n,n
ix,n
t,t
k,jh
y,y
ow,ow
aa,aa
ix,ax
ix,w
w,ao
n,n
ng,ng
ah,ah
ax,ax
n,dcl
kcl,kcl
r,r
s,s
ax,ah
s,s
eh,eh
ax,ix
n,n
p,p
eh,eh
ix,ih
p,p
m,m
ix,ix
ux,ux
sh,sh
p,p
w,w
kcl,tcl
z,sh
iy,ux
p,dh
hh,hh
f,z
l,l
s,dh
g,k
hv,hv
ch,jh
ax,ax
hh,hh
ae,ae
ix,ih
r,r
iy,iy
iy,iy
w,w
axr,axr
bcl,bcl
f,v
aw,aw
r,ix
ix,ix
aa,aa
p,p
ix,ax
l,l
n,n
z,s
g,g
axr,axr
er,axr
jh,jh
uw,ao
m,m
nx,nx
ae,ey
aa,aa
n,n
ax,ax
tcl,pcl
er,r
ih,ih
gcl,gcl
ah,ah
hh,hv
k,k
s,s
r,aa
q,q
ih,ih
dcl,bcl
ix,ix
r,r
ix,ix
n,nx
eh,eh
r,r
n,n
f,f
m,em
sh,sh
k,k
v,axr
sh,sh
n,ng
ae,ae
ae,aw
aw,aw
gcl,bcl
iy,ix
z,s
er,er
f,f
ao,ao
er,axr
hh,epi
l,el
uh,w
m,ng
ey,ey
ax,oy
dcl,z
y,n
iy,ih
ax,ax
s,s
jh,jh
th,th
n,en
t,t
k,k
ay,ay
q,q
dh,p
er,er
p,p
iy,ix
r,r
r,r
bcl,dcl
t,dh
ix,ih
jh,zh
w,l
th,f
ax,ax
l,ax
uw,uw
s,s
iy,iy
dcl,dcl
hh,hh
l,l
ix,ih
ih,y
n,m
n,n
jh,jh
ix,ix
ix,ih
n,n
hv,hv
l,l
t,t
ao,ao
pcl,bcl
r,r
ch,jh
kcl,epi
n,n
el,el
y,y
kcl,kcl
z,z
axr,er
kcl,k
aw,aw
g,g
s,s
w,w
sh,sh
l,ow
t,t
ae,ae
ao,ao
n,n
ih,ix
k,q
dcl,dcl
q,q
gcl,gcl
n,n
ix,ix
s,s
sh,sh
ix,iy
m,m
w,w
s,s
q,q
s,s
hh,hh
ae,ae
ax,ax
axr,ax
l,ax-h
axr,r
oy,oy
ao,ao
r,axr
hh,k
jh,jh
iy,iy
th,s
tcl,tcl
l,l
dcl,dcl
ay,ay
f,f
tcl,tcl
ix,ix
bcl,bcl
ay,ay
ay,ay
z,z
ao,aa
ih,ih
iy,iy
gcl,dcl
tcl,tcl
r,r
ow,ow
dh,dh
r,r
f,f
ix,ax
sh,zh
n,n
th,th
iy,ey
epi,epi
w,b
r,ix
iy,iy
ix,ih
t,t
iy,iy
r,r
iy,ih
sh,jh
dh,dh
gcl,gcl
l,l
eh,ix
n,dcl
dh,dh
g,kcl
el,l
ix,ax
z,z
ae,ae
gcl,dcl
sh,sh
dcl,dcl
f,t
n,n
ix,ih
ux,ux
dh,dcl
pcl,tcl
ix,eh
tcl,tcl
ix,ix
bcl,bcl
ux,ux
dx,dx
tcl,kcl
ih,ih
s,s
ih,ih
m,n
w,w
r,ih
q,q
kcl,pcl
ch,jh
s,s
aa,ae
el,l
v,v
iy,ix
r,r
n,n
ey,ey
dcl,dcl
pcl,pcl
aa,ae
l,l
n,n
ih,ih
w,w
r,r
dcl,dcl
el,el
gcl,gcl
er,er
w,w
s,s
p,p
ae,ae
l,l
ax,ix
q,q
kcl,kcl
p,p
iy,iy
ix,q
sh,sh
gcl,dcl
dh,dh
v,w
ax,ix
s,s
l,l
l,l
r,r
v,v
dcl,dcl
pcl,pcl
m,m
t,t
eh,eh
sh,sh
tcl,tcl
ax,q
r,r
en,n
ao,ao
w,w
ow,ah
dx,dx
ae,ae
d,q
er,er
sh,ch
ay,ay
bcl,tcl
ax,ax
zh,sh
ao,ao
iy,iy
axr,axr
z,z
l,l
k,k
m,ng
n,m
dx,dx
w,n
q,q
n,n
t,t
ao,aa
ah,ah
ux,ux
ih,ih
aa,aw
r,r
m,n
s,z
er,er
l,l
ix,ix
ae,ae
d,d
q,q
dx,jh
er,er
ao,ao
y,y
axr,axr
dcl,dcl
ay,ay
hv,v
er,er
k,k
nx,n
el,el
ae,ae
hh,hh
sh,sh
k,k
l,l
ae,ae
ow,ow
p,p
iy,iy
y,y
s,s
f,hh
y,y
ih,eh
n,n
l,ax
ey,ay
pau,gcl
dh,dh
ih,y
n,n
q,q
w,w
ay,ay
ax-h,ax
ay,ay
er,er
l,l
ax,ax
b,p
ay,ay
q,q
ae,ae
jh,jh
iy,iy
ix,ix
tcl,kcl
t,t
t,t
r,r
l,l
n,n
ey,ey
dcl,dcl
dx,q
p,dh
axr,axr
kcl,kcl
s,s
s,s
ix,ix
m,pcl
ey,ey
z,z
z,z
ix,ih
zh,z
ih,ih
epi,dx
iy,iy
s,s
tcl,tcl
n,n
m,m
el,w
s,s
iy,iy
ow,el
ux,ux
ay,aa
ih,ih
ah,ax
ey,ey
s,s
v,v
n,n
ay,ay
q,q
dh,dh
ow,ow
ih,iy
ng,ng
q,q
l,l
ay,ah
p,k
iy,ey
ay,ay
ae,ae
iy,ih
w,w
bcl,dcl
ch,ch
tcl,kcl
er,er
w,w
r,r
f,f
m,m
s,s
epi,tcl
l,l
hv,hv
axr,iy
f,v
eh,eh
dcl,tcl
axr,eh
ix,ux
r,r
pcl,bcl
k,g
dx,dx
r,r
gcl,gcl
tcl,tcl
l,w
k,k
ow,ow
pau,pau
p,t
gcl,n
k,g
iy,iy
kcl,kcl
ih,ih
s,s
epi,epi
k,hh
en,en
gcl,tcl
tcl,tcl
l,l
l,l
q,aa
dcl,tcl
eh,aw
axr,r
l,r
g,g
ng,n
iy,ey
pcl,pcl
m,m
dcl,gcl
aa,ah
kcl,tcl
s,s
sh,sh
l,aa
d,d
ih,ih
z,z
r,r
sh,sh
ae,ae
dcl,dcl
tcl,tcl
r,r
ix,y
jh,jh
n,m
d,d
s,s
ix,ix
ih,ux
kcl,kcl
axr,axr
sh,sh
ih,ix
r,r
ax,ax
v,v
sh,sh
b,b
dcl,dcl
iy,ix
gcl,dcl
ey,ae
z,dh
ao,ao
dcl,pcl
eh,eh
tcl,tcl
tcl,tcl
ux,ux
ux,y
s,s
iy,ih
er,er
ix,ix
sh,sh
m,m
iy,iy
bcl,bcl
ah,ah
r,axr
k,k
dcl,dcl
nx,nx
iy,iy
bcl,tcl
t,t
gcl,gcl
aa,aa
ih,iy
k,k
ay,er
dcl,dcl
hv,z
q,n
l,l
pau,pau
en,en
t,t
nx,n
w,w
dcl,bcl
sh,sh
iy,iy
w,w
tcl,tcl
p,p
ix,ix
w,w
w,w
eh,ae
pcl,tcl
t,t
s,z
f,th
pau,tcl
iy,iy
z,z
kcl,kcl
v,v
pcl,kcl
k,k
s,s
ih,iy
l,l
d,t
ah,ah
ay,ae
ix,w
epi,epi
dcl,dx
tcl,tcl
bcl,tcl
k,hh
s,s
ao,ao
tcl,tcl
q,q
z,z
tcl,kcl
l,l
hh,b
k,k
el,el
y,y
s,z
aa,ae
th,th
epi,epi
l,w
dx,dx
y,y
y,y
l,l
q,ax-h
ae,ae
dh,hh
jh,jh
gcl,gcl
ey,eh
bcl,tcl
uw,uw
l,l
eh,ah
s,t
tcl,tcl
r,r
ux,ux
z,z
bcl,bcl
m,m
dcl,pcl
n,n
w,w
ah,ax
s,s
t,t
ow,ow
axr,axr
ix,ih
k,k
tcl,tcl
ih,ih
l,ax
q,q
dcl,gcl
ix,ix
f,f
m,m
kcl,kcl
s,s
k,t
t,t
aa,aa
w,r
dx,dx
eh,ih
dx,dx
r,axr
ux,y
w,uw
k,k
n,n
ow,ow
z,s
l,l
eh,ae
kcl,tcl
k,k
epi,kcl
f,f
r,r
ao,ao
k,k
n,n
n,n
t,ch
q,q
pcl,pcl
w,r
uw,ux
ow,ow
w,w
iy,ix
er,axr
z,z
eh,eh
n,ix
r,axr
w,w
tcl,pcl
eh,ix
ix,ix
y,q
ng,n
l,l
epi,gcl
kcl,kcl
ix,dh
m,n
axr,axr
d,dcl
z,z
eh,eh
ae,ae
ao,ao
iy,iy
sh,sh
iy,iy
tcl,tcl
z,z
y,iy
ix,ux
s,s
ix,eh
dcl,dcl
l,l
uh,uh
sh,sh
kcl,kcl
y,y
n,n
ey,ey
y,y
z,z
aa,aa
axr,eh
ay,ay
ux,ux
z,z
tcl,tcl
ah,aa
ux,ux
ax,ax
ah,eh
ux,ux
gcl,gcl
iy,iy
r,ax
ih,ih
ux,ux
ix,iy
iy,iy
w,w
t,t
sh,s
t,q
ix,ix
dh,dx
s,s
n,n
l,ao
bcl,bcl
axr,axr
l,l
l,w
ah,q
eh,eh
eh,ae
n,n
n,n
tcl,pcl
s,z
t,t
pau,pau
kcl,tcl
axr,er
ix,axr
em,m
th,t
tcl,tcl
ah,ah
dh,dh
kcl,kcl
aa,aa
ah,ah
ih,ih
t,t
s,s
ah,ah
dx,ng
s,s
hv,hh
epi,dh
s,s
pcl,kcl
w,r
ow,ow
aa,aa
f,f
pcl,epi
t,t
pcl,pcl
m,m
n,n
bcl,gcl
pcl,tcl
s,s
ux,r
eh,ey
ae,ae
p,p
l,l
t,t
dcl,z
dcl,dcl
k,q
ow,ow
r,r
s,z
kcl,kcl
l,l
l,l
y,y
f,f
w,l
kcl,kcl
ax,ax
y,iy
r,r
kcl,tcl
ih,ih
ow,axr
m,m
ux,uw
dcl,dcl
sh,sh
dcl,dcl
k,k
ao,ao
kcl,kcl
bcl,bcl
ey,ey
kcl,kcl
ax,q
n,n
z,s
ix,ix
y,y
ax,hv
pcl,pcl
ax,eh
aa,aa
n,n
eh,eh
sh,t
q,q
s,s
ih,ih
l,dx
f,f
s,s
aa,aa
gcl,gcl
pcl,pcl
dcl,gcl
kcl,kcl
bcl,gcl
uh,uh
d,d
r,r
ey,ey
axr,axr
l,l
iy,iy
gcl,gcl
r,r
k,k
ae,ae
t,t
dcl,dcl
ix,ix
tcl,tcl
hv,hv
ay,ay
sh,sh
m,m
ix,r
g,k
epi,tcl
th,tcl
t,t
eh,ae
kcl,pcl
ax,l
kcl,dh
n,n
q,q
er,er
n,n
hv,hv
kcl,th
ay,ae
ix,ix
ax,n
l,ax
bcl,dcl
hv,hv
s,s
tcl,tcl
ah,eh
q,q
w,w
t,d
ax,ax
jh,jh
eh,ah
ix,ix
n,m
s,s
dcl,tcl
hh,hv
r,r
ey,ey
ix,ix
ay,ay
jh,jh
s,s
r,r
z,t
ix,ix
ey,ey
w,l
n,nx
m,ux
tcl,tcl
ix,ih
p,p
tcl,pcl
l,l
z,s
l,l
q,q
kcl,kcl
hh,hv
ax,r
ih,ih
r,r
dcl,dcl
z,s
ch,sh
kcl,kcl
dh,dh
z,z
ih,ih
en,en
ao,ao
ux,uw
bcl,pau
ih,y
m,m
q,q
l,l
s,s
pcl,kcl
ng,gcl
aa,ax
ao,ao
m,n
pcl,pcl
el,el
d,dh
ix,ax
er,r
n,n
m,m
ih,eh
kcl,epi
pcl,tcl
tcl,kcl
eh,eh
ix,ix
s,s
bcl,bcl
eh,ey
ih,n
ix,axr
ow,el
aa,aa
ix,ih
n,m
f,f
w,w
n,ng
n,m
q,q
w,w
ih,n
iy,iy
y,ix
ih,ih
k,tcl
ix,ix
en,n
dcl,dcl
ax,q
aa,aa
ih,eh
kcl,kcl
ix,ix
ay,aa
m,m
ah,l
s,z
r,r
r,w
pcl,tcl
q,ix
n,n
ih,ix
z,z
r,v
pau,pau
m,m
q,q
th,th
axr,er
bcl,bcl
eh,eh
iy,iy
ix,r
el,ax
s,z
zh,jh
s,s
axr,axr
r,r
kcl,tcl
dh,ax
hv,hv
m,l
epi,epi
r,r
r,uh
ih,ih
n,n
oy,oy
ix,ix
pcl,kcl
g,g
dcl,kcl
s,s
s,s
l,ax
ao,ow
ng,q
oy,oy
kcl,kcl
ae,ae
iy,iy
iy,iy
k,k
hh,hh
s,s
ay,ey
kcl,tcl
kcl,kcl
ax,w
tcl,tcl
iy,iy
z,z
r,r
l,l
uh,ax
ah,eh
iy,ey
ah,ah
ae,ae
dcl,n
dh,dh
z,t
iy,iy
n,m
iy,iy
ih,ih
r,r
axr,r
ux,ax
axr,uh
y,y
f,s
r,r
ao,ao
ow,ow
r,r
ow,ow
q,iy
r,r
m,m
ix,axr
f,f
tcl,tcl
sh,sh
k,k
eh,eh
t,jh
ax,ih
r,r
aa,ao
ae,ae
nx,q
bcl,dcl
hv,hv
d,t
r,r
ih,ux
f,f
ix,iy
kcl,tcl
m,n
m,ng
ah,aw
er,er
dcl,dcl
kcl,pcl
z,z
ax-h,gcl
kcl,kcl
ao,ao
v,v
en,n
aw,aw
er,er
iy,iy
ih,ix
l,w
k,k
iy,iy
z,z
aa,aa
s,ch
ux,ux
th,th
z,z
r,aa
r,aa
ae,ae
n,n
epi,w
aa,aa
sh,sh
t,t
k,p
dcl,dcl
l,l
w,w
n,n
s,z
dx,n
th,th
aw,aw
p,p
nx,nx
l,l
f,s
iy,iy
tcl,pau
kcl,kcl
dcl,dcl
ix,ix
ey,ey
s,z
m,em
w,w
ae,ae
r,r
q,q
aa,ah
dh,v
iy,iy
ao,ao
k,k
d,g
aa,aa
ux,ux
ay,ay
gcl,gcl
r,r
hv,hv
sh,jh
iy,iy
iy,ux
w,ao
iy,iy
sh,sh
n,ng
m,en
aw,ow
ay,ay
dh,l
er,axr
s,s
r,r
d,t
iy,iy
iy,iy
tcl,tcl
q,tcl
ux,ux
sh,sh
ix,ix
dcl,dcl
en,m
oy,oy
ih,ih
gcl,dcl
f,f
pcl,bcl
s,s
iy,iy
ix,r
n,n
r,r
m,m
iy,iy
dx,r
s,s
ow,ow
ow,ao
ix,ix
ay,aa
ih,ih
dx,dx
p,b
eh,eh
ix,ax
gcl,gcl
th,s
pcl,pcl
r,r
er,er
m,m
ow,ow
axr,axr
n,gcl
q,q
el,hv
nx,nx
sh,sh
ix,ix
ow,ow
z,z
en,en
r,r
gcl,gcl
ax,uh
l,l
q,tcl
s,th
dh,dh
k,k
n,n
q,q
ix,ax
ng,ng
ay,ay
sh,sh
ao,oy
s,s
n,n
ow,ow
r,r
v,v
w,l
r,r
ao,ao
axr,er
bcl,bcl
z,z
ay,uh
z,s
ey,ey
l,l
s,s
n,tcl
n,nx
kcl,epi
ah,ah
jh,sh
k,k
dx,dx
ix,ih
m,m
pau,kcl
g,g
f,f
m,n
w,ao
ix,ih
ch,ch
iy,q
t,t
t,k
ih,ih
w,w
eh,ih
dcl,bcl
dcl,gcl
n,m
q,q
k,k
ah,ae
n,n
y,y
aa,ao
ae,ae
ah,ah
ao,ao
ey,ae
tcl,tcl
eh,y
dcl,dcl
aa,aa
l,l
r,aa
z,z
ax,ix
axr,axr
ao,r
gcl,n
m,m
ng,m
n,n
iy,iy
iy,iy
k,k
er,axr
eh,eh
s,s
n,n
ng,en
axr,axr
q,q
s,s
iy,iy
gcl,dcl
kcl,kcl
q,ix
pcl,tcl
v,v
y,y
r,r
w,w
ax-h,hh
aa,aa
eh,eh
axr,axr
eh,ih
k,k
s,s
l,q
ay,aa
iy,iy
l,l
ih,ih
s,s
ih,ih
ah,ah
n,en
f,f
ah,aa
ay,ay
bcl,tcl
p,p
m,n
kcl,kcl
m,bcl
ae,ae
ao,ao
l,l
d,d
hv,y
pcl,pcl
m,en
ix,ix
n,ng
iy,iy
tcl,epi
bcl,bcl
epi,epi
ah,ax
k,k
th,s
s,jh
dx,dx
z,s
iy,iy
ah,ax
iy,iy
kcl,kcl
uw,uw
m,m
l,ao
axr,r
sh,sh
n,n
axr,axr
ix,ix
axr,axr
p,p
uw,uw
ix,ix
ah,aa
eh,ey
p,hh
v,v
tcl,pcl
q,q
ow,ow
iy,ix
k,q
ey,iy
z,s
r,r
s,s
aa,aa
jh,jh
ix,ix
f,f
pcl,pcl
n,n
sh,sh
axr,axr
ih,gcl
q,q
pcl,pcl
kcl,tcl
kcl,tcl
v,dcl
jh,jh
s,s
eh,eh
eh,eh
y,y
t,t
epi,kcl
pau,pau
p,p
ax,aa
f,f
ix,ix
el,ow
s,s
kcl,gcl
s,z
f,f
z,jh
kcl,kcl
ae,ae
p,p
q,q
sh,sh
z,z
aa,ao
k,kcl
dcl,dcl
t,t
m,m
z,s
z,z
r,r
eh,ah
eh,eh
er,er
s,s
bcl,bcl
ae,ae
ae,ae
eh,ih
sh,ch
ao,ao
kcl,tcl
s,s
dcl,gcl
iy,iy
r,r
tcl,tcl
ax,aa
ao,ao
n,nx
l,l
en,en
ay,ay
ih,ih
t,t
iy,iy
s,s
ax-h,kcl
k,k
el,l
tcl,tcl
sh,sh
epi,w
ix,l
f,p
hh,hh
ae,ae
z,z
dcl,dcl
ae,ae
q,q
z,z
bcl,bcl
ah,ae
y,y
z,z
kcl,tcl
s,s
kcl,kcl
aa,aa
k,g
hh,t
tcl,tcl
ao,ao
dh,th
ix,iy
dcl,tcl
s,s
s,s
iy,iy
ey,ix
ih,eh
ae,ae
eh,eh
t,t
th,pcl
y,y
ix,iy
d,d
eh,er
kcl,epi
dcl,tcl
k,d
aa,aa
aa,ay
ux,ux
ax,ax
w,l
ow,ow
t,t
ax,ax
q,q
z,epi
sh,sh
m,m
ix,ix
iy,iy
w,w
ow,ow
g,w
s,s
t,t
ey,ey
kcl,kcl
axr,axr
ix,ih
kcl,kcl
k,k
m,n
iy,iy
ih,ih
p,p
ae,ae
r,r
ix,ix
t,t
iy,iy
s,s
eh,ix
q,q
kcl,kcl
ix,b
s,s
m,m
ix,ih
kcl,kcl
s,s
ao,aa
n,n
sh,sh
n,n
z,s
t,t
y,y
k,k
ah,ah
n,n
tcl,tcl
kcl,kcl
l,el
v,v
tcl,tcl
tcl,tcl
tcl,tcl
ao,aa
s,s
r,r
ao,aa
kcl,kcl
ch,z
g,g
t,t
aa,aw
kcl,kcl
ax,ax
r,r
jh,jh
z,z
eh,ih
p,p
tcl,tcl
l,l
s,z
z,s
dx,tcl
v,n
axr,w
ae,ae
ow,w
ao,ao
ah,ah
y,y
ae,ae
s,s
gcl,gcl
kcl,kcl
n,n
ax,q
r,er
z,z
aa,aa
tcl,dcl
ng,ng
l,l
n,n
s,s
w,uw
l,l
ix,ix
r,er
w,w
r,ix
ih,ih
ae,ae
kcl,kcl
iy,iy
zh,s
er,axr
eh,ah
d,jh
iy,y
dcl,dcl
s,z
y,iy
ah,ah
n,m
z,s
n,n
epi,kcl
s,s
axr,axr
sh,sh
n,n
hh,p
z,z
ax,ix
iy,iy
ax,ix
l,w
ey,ey
ix,y
ae,ae
iy,iy
axr,er
uw,ih
ix,ax
kcl,tcl
axr,ow
iy,iy
ae,ae
ah,ah
er,r
l,l
eh,eh
ae,ah
tcl,pcl
q,iy
kcl,kcl
m,n
n,dcl
iy,iy
dx,dx
ae,ae
m,m
kcl,kcl
n,n
g,g
tcl,q
uw,aa
dh,dh
ah,ae
dcl,tcl
ih,ih
g,g
k,g
r,r
sh,sh
axr,q
s,s
aa,aa
pcl,tcl
ax,ax
ay,ay
ah,l
s,s
ux,er
nx,dh
ae,ae
w,w
iy,iy
ah,aa
s,s
gcl,kcl
ix,ih
iy,iy
iy,iy
ix,v
s,s
jh,jh
v,v
p,p
ax,ax
ao,ao
ae,ae
hv,pau
ih,ih
r,r
ae,eh
dh,dh
ng,n
m,m
dh,t
r,r
dh,dh
kcl,tcl
en,en
ng,bcl
p,p
r,aa
s,s
th,th
ix,ih
aw,ae
ao,aa
l,l
iy,iy
g,g
sh,sh
jh,jh
ow,l
el,el
l,ax
tcl,tcl
eh,eh
r,r
m,en
dx,dx
ae,ae
k,kcl
f,th
l,l
z,s
kcl,tcl
epi,d
uh,ih
n,n
k,k
axr,axr
epi,kcl
axr,axr
q,n
r,r
r,r
ae,ae
l,l
z,z
ax,ix
ix,iy
f,f
iy,iy
m,n
oy,oy
pcl,pcl
ax,l
r,r
ah,ih
axr,axr
kcl,pcl
z,z
sh,sh
k,k
p,p
p,p
v,v
kcl,kcl
v,tcl
tcl,tcl
dh,th
iy,iy
t,t
oy,oy
er,er
kcl,kcl
ch,ch
m,m
iy,iy
th,pau
iy,iy
epi,epi
n,n
th,th
l,l
l,ax
ax,ax
zh,sh
gcl,gcl
s,s
w,w
iy,iy
n,n
ch,t
eh,eh
f,f
tcl,gcl
ix,ax
v,v
aa,aa
ng,ng
aa,aa
r,r
s,s
f,f
w,w
aw,aw
eh,eh
ix,ix
iy,iy
ae,ih
r,r
l,l
l,tcl
bcl,bcl
ih,iy
bcl,gcl
iy,ix
tcl,pau
ih,ae
q,q
sh,sh
ax,ix
r,r
ae,aa
m,m
r,r
ih,ih
m,n
iy,iy
axr,r
s,s
m,m
n,n
eh,eh
v,g
r,r
m,m
v,v
axr,er
ix,l
l,l
f,f
eh,eh
tcl,kcl
w,w
sh,sh
ux,ux
iy,iy
z,z
l,l
pcl,pcl
l,l
kcl,kcl
bcl,bcl
aa,ah
z,z
bcl,bcl
s,s
ng,ng
gcl,kcl
z,z
iy,iy
r,r
ax,l
pcl,tcl
eh,eh
q,q
p,en
l,l
q,ax
s,z
ao,ao
tcl,dcl
n,hv
z,s
y,y
t,t
ao,ow
axr,r
n,n
tcl,tcl
v,dcl
z,zh
tcl,tcl
ow,ow
l,l
q,q
jh,jh
ey,iy
eh,eh
z,z
ih,ih
y,y
k,k
iy,iy
iy,iy
ih,ih
t,t
ae,ae
ih,ih
n,ux
t,s
l,l
n,n
l,l
kcl,kcl
ah,el
jh,jh
p,p
z,z
ao,ao
iy,y
k,k
w,w
ih,ih
ey,iy
ix,ix
ae,ae
k,k
ix,r
ax,ah
iy,iy
el,el
gcl,dcl
eh,eh
tcl,tcl
ih,ix
ae,ae
pcl,pcl
s,t
r,r
s,s
ae,ae
jh,jh
ih,ih
ay,ah
hv,hv
er,axr
ow,l
k,k
kcl,kcl
ih,ih
pau,pau
ih,ix
dcl,jh
ix,ih
s,s
dcl,dcl
jh,jh
ih,ax
pau,pau
r,axr
ay,aa
ax,n
dcl,tcl
n,m
ix,ih
er,er
pau,pau
r,r
iy,iy
t,t
v,v
z,z
ix,ax
ay,ay
ao,ao
ix,iy
ih,ix
y,y
n,n
ay,ae
ix,ix
eh,ax
k,g
n,n
ch,t
hh,hv
p,ax-h
q,q
aa,ae
z,z
tcl,tcl
tcl,tcl
l,l
y,y
ax,ax
iy,iy
ay,ay
gcl,dcl
dcl,dcl
pcl,pcl
eh,ih
n,n
kcl,kcl
q,q
kcl,pcl
pcl,pcl
ix,ih
q,q
s,s
iy,iy
p,tcl
n,ng
axr,ih
hh,hh
iy,iy
aa,aa
v,v
ah,eh
p,p
aa,aa
s,s
ax,ax
axr,axr
en,m
iy,iy
tcl,kcl
r,r
ax,ah
ax,ao
s,s
pcl,tcl
q,q
s,s
z,z
ay,ay
kcl,kcl
f,f
eh,eh
n,ix
f,f
eh,ih
aa,aa
ix,ix
gcl,dcl
th,v
jh,jh
f,f
ch,ch
s,s
ax,ax
ix,ix
tcl,tcl
ix,ix
axr,axr
y,y
ax,ix
gcl,gcl
d,d
q,q
ae,eh
z,z
ao,aa
s,s
kcl,kcl
ix,ax
v,bcl
v,v
ae,ae
ax,ax
n,dh
oy,oy
ix,ix
ow,ow
aa,aa
ay,ay
ih,eh
w,w
ih,ih
tcl,dx
ay,ay
ay,ay
dcl,dcl
z,z
er,er
sh,s
r,axr
tcl,pcl
r,r
w,dh
pcl,pcl
ix,ih
hv,hv
hv,hv
el,el
d,t
uh,ax
w,n
s,z
v,epi
f,f
el,ao
f,f
p,p
tcl,tcl
iy,iy
kcl,kcl
ih,ih
n,n
uh,ih
l,l
aa,ao
t,d
ax,ax
pcl,pcl
ax,l
pau,f
n,n
m,m
t,q
s,z
t,th
iy,ix
dx,t
s,s
iy,iy
z,z
r,r
n,n
nx,nx
kcl,kcl
kcl,gcl
l,oy
k,k
ow,aa
ax,ax
kcl,kcl
p,hh
kcl,kcl
ae,ae
l,l
axr,er
ey,ey
d,d
dh,dh
jh,jh
n,n
ih,ax
ix,ih
ih,ih
t,d
dcl,gcl
axr,ix
r,r
ao,ao
ix,ix
hh,dcl
s,s
ow,ow
ix,v
gcl,dcl
m,m
iy,y
hh,hh
pau,q
gcl,gcl
axr,r
ow,ow
r,r
m,bcl
uh,ih
n,m
eh,eh
m,m
g,k
bcl,bcl
ih,ax
ix,ix
ix,ix
f,f
tcl,dcl
ih,ey
m,n
ix,ih
uw,ux
ow,ao
z,s
iy,iy
ix,y
dx,dx
w,ux
tcl,dcl
f,p
th,th
l,m
ix,axr
iy,ey
n,n
sh,sh
ch,ch
n,ng
en,en
ae,eh
ix,ix
ih,ae
f,f
k,q
l,dh
z,z
ix,ix
eh,r
r,r
s,s
axr,axr
sh,sh
r,q
v,ax
r,r
iy,iy
t,t
ay,ay
s,s
ax,ax
z,z
jh,jh
kcl,kcl
ao,ao
k,k
ow,ow
ix,ih
ah,eh
jh,jh
m,m
s,z
ux,ih
tcl,dcl
ix,ix
r,er
ih,iy
s,sh
kcl,kcl
ax-h,p
hh,ax-h
ux,ux
ow,eh
q,q
jh,jh
tcl,dcl
n,m
m,em
f,f
r,r
y,y
ae,ae
tcl,tcl
iy,iy
dh,z
n,n
l,l
oy,oy
n,n
er,er
tcl,tcl
k,p
ih,ih
l,l
kcl,kcl
ao,uh
ix,ix
kcl,kcl
r,ah
p,p
pcl,tcl
dcl,dcl
w,w
k,k
r,r
dcl,dx
r,r
nx,n
axr,r
dcl,gcl
nx,nx
ux,ix
ow,ow
s,s
tcl,pcl
iy,ih
ae,ae
v,ng
eh,eh
ah,ah
kcl,tcl
y,y
r,r
ay,aa
s,s
kcl,kcl
m,m
tcl,tcl
q,q
r,r
ih,ix
ix,ih
m,n
pau,pau
l,uh
er,er
ih,ih
r,r
ow,ow
dh,gcl
n,n
l,l
dx,dx
z,z
aw,aw
ax,ax
n,ng
s,s
s,s
tcl,dcl
q,q
ah,ah
iy,iy
pcl,pcl
q,q
n,n
tcl,kcl
q,r
r,m
s,s
t,t
eh,ih
s,s
ax-h,ax
w,w
s,s
q,q
w,w
s,s
th,z
g,q
dcl,tcl
kcl,kcl
m,m
ae,ae
r,r
y,q
n,q
ay,ay
kcl,kcl
n,n
m,m
l,l
r,r
ae,ae
gcl,gcl
ih,ix
el,l
s,s
w,w
ih,ih
r,r
p,p
ix,ax
ay,ay
ih,ih
tcl,dh
axr,r
dh,dh
ih,ah
uh,ax
axr,axr
ae,eh
iy,q
dx,dx
ae,ae
n,n
l,ax
ih,ax
ao,ao
ix,ix
t,t
axr,axr
iy,ix
z,zh
hv,dx
kcl,kcl
axr,ao
s,s
ix,ax
iy,iy
ah,eh
ah,ah
dcl,dh
l,w
z,z
dcl,dcl
ix,ix
ax,aa
bcl,bcl
s,s
f,th
v,v
dcl,gcl
r,r
ey,ey
f,f
ay,q
eh,ae
s,s
iy,ix
pcl,bcl
axr,ao
tcl,kcl
ae,ae
ao,ao
tcl,dcl
l,l
z,z
ah,ah
z,z
ow,el
ax,ax
r,r
l,l
ih,ih
iy,ey
dcl,dcl
kcl,pcl
n,n
n,r
bcl,bcl
th,q
hv,hv
nx,n
n,n
y,y
n,m
axr,r
axr,ux
dcl,gcl
y,ih
el,l
axr,r
ae,ax
ah,ax
ao,ao
hv,hv
k,k
n,n
r,r
ng,n
k,k
iy,iy
bcl,bcl
k,k
s,z
n,r
ix,ix
dcl,dcl
f,f
f,f
m,w
eh,ih
sh,sh
s,s
w,m
k,p
ih,ih
n,n
l,ax
ae,ae
kcl,kcl
bcl,tcl
ix,ix
dh,epi
aa,aa
s,s
m,m
en,n
ix,ix
n,n
y,y
axr,axr
uw,ux
s,s
n,n
ix,ix
dcl,kcl
dcl,gcl
n,n
ao,ao
n,n
uw,w
ux,ux
q,q
bcl,bcl
r,r
ix,iy
ao,ao
r,r
pcl,tcl
f,f
r,r
ix,ih
n,n
l,w
pcl,tcl
dcl,tcl
pau,epi
kcl,kcl
er,r
ih,ix
k,k
w,w
axr,r
ax,ax
t,t
ae,ae
ao,ao
ao,el
bcl,bcl
n,n
v,v
n,n
ow,ow
m,m
kcl,kcl
k,k
ih,ih
hh,hv
t,t
g,g
m,m
ax,ax
th,kcl
axr,r
aa,ao
dh,dh
q,q
ix,ix
kcl,kcl
ax,ah
jh,jh
aa,aa
n,n
m,m
kcl,pcl
ow,ao
f,f
ix,ix
sh,sh
er,er
s,s
q,q
r,v
iy,iy
w,w
p,hh
z,z
sh,sh
gcl,bcl
z,z
l,l
ix,q
y,y
tcl,kcl
gcl,kcl
n,n
ae,ae
pcl,pcl
ah,eh
q,pau
ih,ax
sh,sh
r,r
m,n
r,r
ux,ih
ay,ay
z,z
s,s
n,n
ih,eh
ey,ey
aw,aw
iy,iy
ow,ow
nx,m
ih,ix
s,s
t,t
s,s
s,z
w,r
s,s
n,tcl
uh,ax
kcl,kcl
iy,ey
tcl,kcl
ux,ux
ao,ao
p,p
ow,r
iy,iy
s,s
kcl,pau
p,p
n,n
ao,ow
ix,ux
iy,iy
ng,n
r,r
ah,ah
aa,aa
kcl,pcl
s,s
n,n
ax,ax
er,axr
kcl,kcl
pcl,kcl
ae,ae
p,p
ow,ao
dcl,bcl
ih,eh
ax,r
r,ao
s,s
f,tcl
gcl,dcl
ey,ey
axr,ix
kcl,kcl
g,g
g,k
f,f
y,y
dx,dx
m,en
ih,ih
iy,iy
hh,hh
th,dh
hv,hv
y,dcl
q,q
ch,jh
l,ax
ao,er
l,n
dx,dcl
ix,ih
aa,aa
ix,ix
ix,ix
r,ix
kcl,kcl
n,em
dcl,dcl
w,m
sh,sh
l,l
ey,ae
z,z
axr,axr
iy,iy
z,z
m,m
iy,iy
ae,ae
ix,ix
pau,pcl
ah,ah
hh,hh
ix,ih
q,q
pau,pau
pau,dcl
aa,aa
m,m
m,m
dx,dx
ih,ih
dcl,dcl
w,ax
m,m
p,p
bcl,pcl
pcl,tcl
uh,ih
ix,ih
dx,dcl
m,n
z,z
aa,ao
s,s
eh,ix
l,q
epi,tcl
n,n
tcl,tcl
l,w
uw,ow
ix,q
s,s
er,er
s,s
ax,ax
z,z
ay,ay
s,s
iy,iy
ao,ao
ax,ah
ax,ix
m,m
t,d
l,dx
tcl,dcl
ix,ix
dcl,tcl
r,dx
z,s
t,g
pau,q
l,l
ix,ix
n,n
z,s
epi,epi
ix,iy
ay,ay
r,w
ax,ax
s,s
g,k
t,t
l,ax
s,s
w,w
k,k
ae,ae
z,z
ae,ae
q,q
z,z
kcl,kcl
tcl,tcl
s,s
tcl,tcl
er,aa
gcl,gcl
hv,z
l,l
ah,ah
s,s
ae,ae
aa,aa
v,v
s,s
eh,eh
p,p
aa,aa
dcl,tcl
ng,ng
l,l
ay,ae
ax,ix
l,l
ax,ax
l,l
uw,ix
ow,el
dcl,tcl
tcl,tcl
iy,iy
pcl,tcl
pcl,pcl
kcl,kcl
m,m
g,g
ow,ow
r,r
axr,axr
t,t
tcl,tcl
eh,eh
r,r
w,l
ax,n
ix,ix
ix,ux
eh,ih
z,z
iy,iy
iy,iy
kcl,gcl
m,m
dh,dh
eh,eh
ey,ey
ax,ix
f,f
ix,ih
t,t
aa,aw
n,ng
tcl,tcl
ah,ae
epi,epi
gcl,tcl
s,s
y,iy
t,t
r,r
r,axr
r,r
l,l
jh,z
pcl,pcl
ow,ow
t,t
dcl,dcl
er,er
pcl,pcl
n,m
y,y
tcl,kcl
iy,iy
l,aw
iy,iy
bcl,bcl
aa,aa
er,er
r,l
kcl,kcl
tcl,gcl
ix,ih
n,n
jh,jh
th,pcl
m,n
z,z
iy,y
ae,ae
ao,ao
tcl,tcl
ix,ey
tcl,tcl
ih,ix
n,n
ux,ih
iy,iy
th,tcl
kcl,kcl
ey,ey
t,t
ae,aw
ng,ng
s,s
v,v
epi,epi
dcl,dcl
s,z
er,axr
ae,ae
s,z
q,q
ae,ae
dcl,q
t,th
l,l
k,b
iy,ey
z,th
q,q
ax,ax
axr,axr
pcl,pcl
ae,ae
z,z
epi,tcl
t,ch
n,ng
ao,r
r,r
kcl,tcl
s,z
w,w
iy,iy
m,m
ix,axr
n,n
ow,ow
ix,ix
ax,n
z,th
dcl,dh
kcl,kcl
ix,ix
r,r
kcl,pcl
ax,eh
t,t
iy,y
ao,aa
l,l
ih,ih
r,r
sh,sh
n,nx
ix,ih
ae,ae
el,el
sh,ch
dh,dh
en,n
sh,th
bcl,dcl
iy,iy
n,en
y,y
uh,ix
z,s
l,l
pcl,tcl
s,s
q,q
ux,ux
kcl,kcl
el,el
epi,epi
v,v
q,q
iy,iy
l,l
ix,ix
w,w
kcl,kcl
ah,ae
eh,axr
ao,ao
sh,sh
kcl,kcl
dh,t
eh,ah
ix,q
uh,ih
k,k
s,z
iy,ux
dx,dx
dh,th
ax,ax
axr,axr
n,ng
d,d
l,l
tcl,tcl
ow,ao
pau,n
p,tcl
r,r
ch,ch
d,p
k,ch
n,n
tcl,tcl
ow,ow
q,q
r,r
jh,jh
s,z
t,t
gcl,y
t,t
v,v
ih,ih
n,m
s,s
k,k
ay,eh
ae,ae
r,axr
ix,ax
ix,ix
ae,ae
ax,l
dx,n
kcl,tcl
k,k
g,g
ih,ih
m,m
y,en
nx,r
ah,eh
l,l
z,dx
m,n
eh,eh
pau,pau
ay,ay
dh,dh
bcl,n
tcl,tcl
f,f
w,w
ay,ay
sh,sh
r,r
el,ow
s,z
s,s
s,s
ng,n
m,gcl
n,n
s,s
ae,ae
kcl,kcl
gcl,gcl
th,th
k,k
kcl,kcl
pcl,pcl
l,l
eh,eh
ah,ah
r,r
ux,iy
ao,aw
ix,ih
ix,ix
ix,ix
kcl,kcl
sh,sh
ey,iy
eh,eh
ix,ix
ow,ao
z,z
ey,ey
ng,ng
n,nx
r,r
w,ao
dcl,dcl
tcl,tcl
q,q
ay,ay
d,t
dcl,gcl
s,s
l,l
tcl,tcl
w,w
bcl,bcl
ix,ih
bcl,bcl
t,t
er,er
ix,ix
k,b
ah,eh
pcl,kcl
l,ix
k,q
n,n
ao,ao
r,m
pcl,tcl
ax-h,p
m,m
l,ax
ih,ih
eh,eh
y,y
f,f
ay,ay
iy,iy
r,r
n,n
s,th
tcl,tcl
w,w
ax,ah
iy,y
r,r
y,y
axr,axr
w,w
ih,ix
kcl,kcl
ix,ix
pau,tcl
t,jh
s,s
th,th
r,r
z,z
ix,ix
axr,axr
k,g
ih,iy
eh,eh
v,v
s,s
iy,ih
jh,jh
er,er
gcl,tcl
ao,ao
iy,iy
s,s
kcl,tcl
ah,ah
ao,aw
f,f
ay,ay
bcl,v
ax,ix
r,r
r,r
f,th
kcl,gcl
tcl,epi
dcl,dcl
kcl,kcl
ch,ch
ix,ix
n,n
m,n
kcl,kcl
l,l
y,y
l,l
dcl,bcl
ix,ix
ao,ao
tcl,dcl
ih,ae
k,k
w,w
ax,ao
l,w
v,m
ix,ih
hh,hh
w,l
uh,ix
ow,ow
axr,axr
ax,ix
s,s
eh,eh
eh,eh
eh,ix
y,y
iy,iy
eh,eh
uh,ah
s,s
axr,r
f,f
iy,iy
s,s
eh,eh
ax,n
ao,ao
q,q
kcl,pcl
hh,hv
pcl,pcl
k,k
r,r
ix,hv
n,n
ix,q
ux,ix
axr,r
aa,ah
ax,ax
eh,ax
l,l
kcl,tcl
iy,iy
pcl,pcl
s,s
en,en
g,t
ae,eh
m,m
q,q
ix,ix
ae,ae
ux,uw
tcl,tcl
v,v
eh,ah
kcl,kcl
ix,l
n,n
eh,ih
iy,iy
s,s
s,s
eh,eh
pau,em
dh,dh
ay,ay
n,n
eh,ah
ae,ae
ih,ih
n,tcl
kcl,kcl
ah,ao
sh,sh
ow,ow
ao,ow
ah,ah
w,w
ah,ix
w,w
iy,y
ix,ix
n,m
ix,ix
l,l
ow,ow
er,er
ao,ao
y,y
n,dh
iy,iy
z,z
dh,ax-h
n,n
l,q
ix,eh
t,t
zh,jh
m,m
ih,iy
el,uh
tcl,dcl
l,m
ay,ay
gcl,gcl
kcl,pau
p,hh
y,y
s,s
eh,eh
m,m
ix,ih
t,d
tcl,tcl
dh,d
r,r
axr,r
dh,dh
y,y
ax,ih
l,ax
pcl,tcl
ix,ix
kcl,tcl
v,tcl
ux,ux
ae,ae
ix,ix
t,t
k,hh
ix,en
ix,ix
n,n
ix,ix
ix,iy
er,er
iy,iy
dx,en
r,r
q,q
ux,ux
iy,iy
s,s
v,v
dx,dcl
ah,eh
r,r
dcl,bcl
dx,dx
tcl,kcl
ax,ax
ay,ay
eh,eh
tcl,tcl
ao,oy
ix,r
ih,ux
ux,ux
ae,ae
r,r
tcl,kcl
n,n
n,n
iy,y
ih,r
dcl,pcl
iy,iy
l,l
ay,ay
ow,aa
epi,tcl
p,p
ae,ae
kcl,kcl
s,s
eh,eh
l,l
ix,ax
ix,n
b,p
dx,dx
w,w
ax,ah
tcl,pcl
ix,ax
r,r
r,r
ao,ao
r,r
bcl,bcl
iy,iy
ix,eh
axr,axr
v,n
z,z
ix,iy
ax,ax
n,n
tcl,tcl
ey,ey
axr,r
pcl,tcl
ih,ih
zh,jh
n,n
iy,ey
z,s
m,m
kcl,kcl
kcl,kcl
q,q
s,s
v,dcl
s,z
r,r
aw,aw
ow,ow
r,r
ae,ae
ey,ey
ih,iy
aw,aw
ey,iy
aw,ae
sh,ch
iy,iy
ix,ix
ih,ih
kcl,kcl
eh,eh
tcl,tcl
ix,ix
z,s
z,z
n,n
w,ao
dh,dh
n,m
w,l
jh,ch
ix,ix
r,r
oy,oy
dcl,tcl
ux,ux
m,n
tcl,epi
iy,iy
m,w
ow,l
w,l
kcl,tcl
el,l
sh,sh
ow,k
ix,ix
k,k
aw,aw
iy,y
iy,ih
ih,ih
ax,ah
s,s
ix,ax-h
w,w
ao,el
m,m
dx,dx
s,s
sh,sh
m,n
dx,dx
kcl,q
pcl,pcl
ih,ao
k,kcl
z,z
dx,v
tcl,q
epi,epi
ux,ux
gcl,dcl
l,l
l,w
nx,nx
axr,axr
q,q
t,t
s,s
zh,tcl
s,s
iy,iy
r,r
k,k
w,w
ih,eh
eh,eh
er,axr
z,z
ao,w
m,m
n,n
ax,ix
axr,axr
er,er
n,n
ay,ay
er,er
ix,ix
ae,ae
ix,ix
ix,uh
epi,tcl
dcl,dcl
ao,ow
tcl,epi
sh,sh
l,l
k,k
dx,k
s,s
r,n
dh,dh
kcl,q
aa,ae
f,f
er,axr
ix,r
z,z
ah,aa
kcl,kcl
g,q
f,f
y,y
ux,ix
k,k
s,s
n,n
ux,ax
ax-h,dcl
aa,aa
tcl,tcl
bcl,bcl
en,n
t,kcl
y,y
jh,ch
ix,ih
eh,eh
ah,ow
n,m
aa,aa
ae,ae
p,b
r,r
er,axr
r,r
r,r
ix,q
ow,ow
s,s
ax-h,ax-h
t,k
s,s
r,r
s,s
tcl,tcl
aa,aa
ae,ae
d,dh
ix,ih
w,w
pcl,dcl
kcl,tcl
ay,ay
k,k
axr,ih
tcl,gcl
l,z
t,t
ix,ux
dh,th
ax,eh
g,g
ix,l
s,s
epi,epi
ae,ay
r,r
bcl,bcl
kcl,kcl
kcl,kcl
ae,ae
ow,ow
v,v
p,v
s,s
z,z
em,m
ix,axr
pau,q
kcl,tcl
s,s
dh,dh
w,l
q,q
g,p
axr,ih
t,t
w,ax
uh,ax
eh,ih
ow,el
r,er
dcl,dcl
ay,ay
tcl,tcl
tcl,tcl
dx,dx
pcl,pcl
aa,ao
ix,iy
el,l
ae,ae
k,th
ux,ix
r,r
z,z
tcl,tcl
dh,dh
iy,iy
tcl,en
f,f
r,dx
gcl,dcl
ih,ih
eh,eh
ax,ax
ix,eh
l,l
ix,ix
ix,ax
kcl,kcl
er,er
pcl,bcl
pcl,tcl
dcl,tcl
pcl,pcl
r,r
ix,iy
dcl,dcl
ao,ao
r,er
r,ax
v,v
ih,ix
q,q
ao,ao
r,r
s,s
pau,kcl
ux,ih
g,tcl
ae,ae
d,d
ey,ey
ih,ix
v,v
uh,axr
s,s
axr,r
ix,ix
ax,ax
s,s
ao,ao
ae,ae
n,m
iy,y
tcl,tcl
ix,ih
dcl,n
l,en
n,dx
ax,ax
q,q
dcl,q
ax,ix
r,r
tcl,tcl
p,dh
ow,ow
t,t
y,y
gcl,gcl
k,p
ah,ax
ae,ae
ae,eh
epi,tcl
ao,ao
w,w
f,f
r,r
ix,z
dh,tcl
tcl,tcl
bcl,m
t,epi
s,s
f,f
s,s
iy,iy
bcl,bcl
hv,hv
r,axr
p,p
dh,dh
eh,eh
ey,ih
ih,ix
ix,ix
ah,ae
m,m
pcl,pcl
m,m
s,s
uw,ux
uw,uw
ng,n
v,v
ux,ix
ix,ix
g,g
k,k
kcl,kcl
s,s
kcl,tcl
dcl,dcl
s,s
dcl,dcl
k,k
aa,aa
q,q
iy,iy
s,s
n,n
n,n
eh,ey
pcl,tcl
ix,ih
ey,eh
ey,ey
axr,axr
tcl,s
s,sh
axr,er
ax,ah
ix,ix
ey,ey
f,f
tcl,tcl
z,s
ih,ih
m,m
s,f
iy,iy
l,l
s,s
l,r
z,z
q,w
m,m
dh,n
m,n
dh,dh
v,w
jh,jh
ux,ux
iy,iy
ch,jh
n,n
ax,ax
eh,ih
l,l
r,r
ow,ow
bcl,bcl
pcl,kcl
aa,aa
kcl,tcl
k,k
w,w
iy,iy
eh,ih
t,t
tcl,dx
axr,uw
p,p
uh,uh
kcl,kcl
kcl,kcl
dcl,gcl
m,m
z,sh
z,z
w,w
r,er
r,w
iy,iy
ih,ih
ow,ow
r,dx
aa,aa
iy,iy
dcl,dcl
iy,iy
tcl,iy
l,ax
pcl,epi
ax,r
nx,dcl
ae,ae
ao,aa
ih,ih
n,ng
iy,iy
ae,ae
iy,iy
ih,q
kcl,kcl
dcl,n
kcl,gcl
kcl,kcl
aa,ah
tcl,tcl
jh,jh
l,l
el,ix
p,p
s,s
t,p
el,ah
r,r
ng,en
ax,ix
iy,ix
r,r
th,th
dcl,dcl
w,l
er,r
y,y
axr,axr
pau,pau
r,r
ix,ng
bcl,bcl
ey,ey
ix,ey
ix,iy
l,l
s,s
ey,ey
ow,ao
ih,ih
epi,dh
dcl,dcl
l,ao
ax-h,z
ax,ax
ih,ey
iy,iy
hv,ih
w,n
kcl,dcl
eh,ih
m,m
g,g
dcl,tcl
s,s
r,r
pcl,tcl
p,p
aa,aa
w,w
l,l
r,r
pcl,pcl
m,n
r,r
t,d
ow,ow
m,m
v,axr
uh,ax
hv,hv
q,q
ow,ow
w,w
ix,ih
s,s
tcl,tcl
kcl,tcl
pcl,pcl
ao,ao
ow,ow
aa,aa
ae,ae
q,q
n,n
r,r
em,en
r,r
pcl,pcl
ao,ao
pcl,bcl
aa,aa
gcl,ng
gcl,gcl
ng,n
s,s
ey,iy
w,w
dx,dx
iy,ih
hh,hh
aa,r
s,s
g,g
ih,ih
uh,ux
s,s
k,k
s,s
ih,ih
dcl,tcl
ey,ey
l,l
kcl,kcl
sh,sh
z,z
eh,ae
tcl,tcl
uw,uw
n,n
en,en
tcl,b
pcl,pcl
q,q
ay,ae
tcl,tcl
hv,hv
f,f
er,ao
ch,ch
l,r
s,z
n,nx
iy,iy
dcl,gcl
dcl,dx
iy,iy
s,s
hv,hv
n,n
w,w
dx,dx
ey,ey
ih,ix
iy,iy
dcl,dcl
f,f
s,s
ey,ey
tcl,tcl
f,f
eh,eh
en,en
ah,ah
dcl,dcl
axr,ih
ax,ih
b,b
ix,ih
s,s
n,n
iy,iy
ih,eh
tcl,dcl
hh,hh
n,n
ah,ix
l,l
ow,ow
ix,ix
sh,s
pcl,kcl
bcl,bcl
axr,axr
ih,axr
ae,ae
y,y
ah,ao
b,p
aa,ay
eh,ae
ix,q
s,s
er,axr
iy,iy
k,k
n,l
ey,ey
dcl,tcl
s,s
iy,axr
dcl,bcl
k,k
aa,aa
ah,ah
z,z
er,er
g,g
ey,ey
q,q
tcl,tcl
dx,dx
ix,ix
q,q
ax,ix
n,n
s,s
ah,eh
ih,ih
ih,ih
ao,ao
ae,ae
kcl,kcl
tcl,tcl
z,z
m,m
pcl,tcl
gcl,gcl
ax,ax
sh,sh
eh,ix
v,f
ix,d
ix,ix
iy,ix
el,el
ao,ao
er,er
ae,ae
n,n
tcl,tcl
iy,iy
m,en
uh,ih
b,p
kcl,kcl
aa,ao
kcl,pcl
eh,ah
q,q
s,s
ih,ey
n,n
m,m
gcl,gcl
q,q
m,m
axr,axr
z,z
ix,ih
axr,w
kcl,kcl
ay,ay
b,dh
ao,ao
ix,v
er,eh
z,s
dcl,dcl
th,z
eh,ah
ax,ax
s,z
pcl,tcl
s,s
jh,jh
f,f
r,axr
w,w
n,nx
ix,ix
ey,ey
pcl,bcl
tcl,tcl
er,r
dh,ax-h
w,r
kcl,kcl
d,d
n,en
ae,eh
l,ao
eh,ix
gcl,kcl
axr,er
m,m
sh,sh
gcl,gcl
kcl,tcl
ix,d
kcl,kcl
l,ow
ae,ih
kcl,tcl
kcl,kcl
ay,ay
ix,ix
kcl,v
eh,eh
r,r
hh,p
z,s
r,r
dcl,gcl
ax,ax
l,l
k,epi
kcl,kcl
ao,ao
g,k
ao,aa
y,y
dx,dcl
ix,ix
ix,ih
s,s
tcl,tcl
dcl,dcl
iy,iy
aa,aa
ux,ux
iy,iy
er,er
ih,ih
kcl,kcl
r,ah
r,r
ae,ae
eh,ae
dh,th
k,k
iy,iy
iy,iy
ay,ey
axr,axr
ix,ix
ae,ae
kcl,kcl
ix,eh
ah,eh
s,z
ae,ae
s,z
n,n
kcl,kcl
k,g
ae,ae
s,t
n,n
aa,ae
q,ey
ih,ey
dh,dh
ix,y
s,s
m,m
d,b
ey,ey
ax,uh
ey,ey
ax,ax
dcl,dcl
t,t
w,ng
n,n
r,r
ay,ae
n,m
q,q
ax,ax
l,l
y,y
ow,ow
dcl,dcl
kcl,gcl
t,t
r,m
ao,aa
ix,ix
eh,ae
ih,ix
bcl,bcl
ix,ih
q,q
ay,ao
bcl,bcl
ao,ao
iy,iy
r,r
s,s
axr,axr
r,r
ux,y
axr,r
k,k
ow,l
p,p
r,axr
s,s
l,l
ah,ae
y,ih
ey,ey
eh,axr
ih,ih
ix,ix
d,jh
l,l
l,l
q,q
pcl,pcl
gcl,gcl
kcl,kcl
gcl,tcl
r,r
l,l
s,t
ae,ae
z,z
m,m
jh,jh
sh,sh
ae,ae
gcl,gcl
axr,axr
dx,dx
ix,ix
bcl,tcl
ax,ax
n,ix
l,l
q,ix
q,q
tcl,tcl
ax,ah
jh,ch
eh,ae
n,m
n,n
ae,ae
n,n
k,k
ao,ao
ao,aa
aw,aw
ao,ao
aa,r
m,m
v,v
uh,ix
r,r
f,f
ay,ay
dh,s
sh,sh
axr,axr
iy,ih
ch,ch
t,t
tcl,tcl
dcl,dcl
iy,iy
l,ao
k,k
l,l
eh,eh
w,w
l,l
ah,ah
ao,aa
ux,ux
ch,ch
y,ux
kcl,kcl
ix,ax
en,en
kcl,kcl
ow,ow
k,k
n,nx
l,ao
s,z
aw,aw
nx,q
aa,aw
p,p
k,k
tcl,dx
l,l
n,n
kcl,kcl
dx,dx
q,q
nx,kcl
n,n
bcl,bcl
ow,ow
l,ax
ix,ih
p,p
kcl,tcl
jh,y
ao,aa
t,dh
bcl,bcl
ao,ao
r,r
bcl,bcl
t,p
bcl,bcl
iy,iy
t,t
hv,hv
ux,ux
ax,ax
ae,ih
g,g
r,r
tcl,tcl
eng,m
p,f
eh,ih
t,dh
ix,ix
hh,hh
y,y
ix,ih
pau,n
r,r
ah,ah
ux,ux
s,s
nx,ng
dcl,tcl
tcl,q
gcl,tcl
ax,ax
aa,aa
s,s
s,z
q,q
ix,eh
ax,ix
kcl,kcl
ao,ao
k,t
w,w
r,r
kcl,kcl
th,th
ah,l
t,d
tcl,pau
ih,ih
dx,gcl
axr,axr
ah,oy
z,z
d,t
dh,dh
s,s
epi,q
iy,iy
ih,ih
ao,ao
s,s
eh,eh
tcl,tcl
s,s
m,m
tcl,tcl
tcl,tcl
kcl,kcl
kcl,pcl
n,n
p,p
dx,w
iy,iy
n,l
ay,ay
r,r
tcl,tcl
ih,ih
aa,aa
ax,r
ix,ix
ow,ow
s,s
er,er
axr,axr
ow,ow
tcl,tcl
pau,pau
n,n
v,v
iy,iy
l,l
r,axr
l,l
n,en
t,t
r,r
tcl,dx
ae,ah
r,ao
kcl,tcl
k,k
ow,l
kcl,kcl
l,q
gcl,kcl
ao,ao
dx,tcl
t,t
l,l
ae,ae
ix,ix
dx,dx
kcl,kcl
pcl,tcl
r,r
dh,pcl
dx,dx
dh,dh
iy,ix
ix,ix
eh,eh
ae,ae
z,z
dcl,dx
tcl,kcl
ax,ih
dcl,gcl
n,n
z,z
sh,sh
ng,ng
eh,ix
s,s
jh,s
s,s
sh,sh
aa,aa
bcl,bcl
hh,hv
ix,ix
th,th
w,w
iy,iy
ey,ey
ow,ao
ax,ah
ae,ae
iy,iy
t,t
q,q
ng,ng
hh,hv
iy,ey
axr,axr
s,s
iy,iy
uw,ix
ix,ix
jh,f
iy,iy
ow,ow
ay,ay
v,v
aa,aw
p,p
r,r
ao,aa
s,s
y,iy
ih,ih
v,v
q,q
iy,iy
s,s
axr,axr
eh,ae
k,k
s,s
d,g
ng,n
y,y
m,m
ey,ey
gcl,gcl
ux,ux
ix,ih
k,k
l,l
n,n
q,n
r,r
m,m
ah,ah
pcl,pcl
iy,iy
l,l
eh,ah
t,t
s,s
dh,dh
er,er
oy,aa
jh,jh
y,ix
w,l
dx,tcl
gcl,gcl
hh,hh
l,l
ih,iy
ax,r
ix,ih
ix,ix
tcl,pcl
s,s
g,k
ix,ix
k,k
ih,ix
dcl,gcl
dcl,dcl
ah,ah
ax,ax
ow,ow
iy,iy
kcl,tcl
ih,ih
k,p
kcl,epi
tcl,tcl
dcl,dcl
t,s
tcl,epi
r,r
tcl,q
aa,aa
z,z
pcl,pcl
kcl,kcl
tcl,kcl
g,g
gcl,gcl
pcl,pcl
w,w
r,r
iy,iy
ax,ix
eh,ah
dcl,gcl
tcl,tcl
n,n
t,d
iy,ix
w,w
p,p
ao,l
iy,y
ih,aa
er,r
sh,sh
ix,axr
ah,ah
v,v
s,s
y,y
r,ix
pcl,pcl
iy,iy
pau,hv
th,th
iy,iy
v,z
ix,ux
kcl,kcl
gcl,n
f,f
k,k
eh,eh
iy,ih
iy,iy
axr,er
pau,pau
er,axr
ae,aa
gcl,gcl
s,s
ix,ix
ix,ix
r,r
w,w
n,m
el,ao
dcl,dcl
gcl,dcl
aa,aa
l,l
y,y
s,th
aw,aw
d,d
ax,ax
ae,ae
sh,sh
s,s
f,p
gcl,bcl
ay,ae
ih,iy
ix,ax
kcl,gcl
ae,ae
ix,ih
n,n
s,sh
el,n
aa,ao
dh,th
ih,ih
s,s
v,v
l,l
z,s
z,z
p,p
gcl,dcl
n,n
sh,sh
v,nx
tcl,tcl
tcl,dx
l,l
ow,ow
pcl,tcl
sh,sh
nx,n
sh,zh
tcl,gcl
l,l
w,w
eh,ow
dh,v
hv,hv
m,m
er,er
l,l
pcl,pcl
s,s
r,r
n,n
d,th
iy,iy
nx,ax
w,l
p,p
ix,ux
axr,axr
th,th
gcl,gcl
f,f
ix,ux
s,s
pcl,pcl
pcl,epi
ih,ay
ih,ix
kcl,kcl
kcl,kcl
k,k
axr,r
k,k
ix,ix
t,k
aa,aa
ix,q
pcl,pcl
t,t
w,w
f,f
th,th
r,dx
z,s
eh,er
ah,aa
r,r
tcl,tcl
ao,ao
q,q
g,g
ae,ae
er,axr
p,p
l,m
epi,epi
iy,iy
r,r
p,k
p,p
tcl,kcl
dcl,dcl
l,l
tcl,kcl
w,w
kcl,kcl
ih,eh
v,v
s,s
uw,w
n,n
dcl,pcl
l,w
g,g
axr,er
ix,iy
bcl,pau
ux,iy
ng,ng
aa,aa
eh,eh
r,r
gcl,dcl
ix,iy
iy,ih
ux,iy
ao,ow
m,m
pcl,kcl
d,t
s,s
iy,ih
pau,pau
n,n
bcl,bcl
n,n
ey,ey
kcl,tcl
ao,ao
f,v
aa,aa
oy,oy
ay,ay
s,s
w,l
r,r
iy,iy
pcl,tcl
eh,eh
ao,ao
p,p
n,n
aa,aa
ix,ix
iy,iy
iy,iy
tcl,dcl
ax,l
kcl,tcl
l,l
l,l
ix,iy
ih,ih
bcl,bcl
n,n
n,n
n,n
tcl,kcl
iy,iy
m,m
eh,axr
pau,pau
eh,ix
kcl,kcl
k,k
n,n
ih,ih
ix,ax
l,l
ae,ae
s,s
axr,er
t,t
dcl,dcl
m,n
z,z
r,r
ix,ix
sh,sh
iy,iy
t,d
z,s
tcl,kcl
ey,ey
epi,epi
ix,ix
axr,er
dx,dx
ao,ao
pcl,pcl
ux,ux
aw,aw
pcl,kcl
z,th
tcl,tcl
ax,eh
kcl,kcl
r,axr
ey,iy
l,ax
eh,eh
z,iy
ao,ao
ih,ih
hh,k
iy,iy
l,ax
s,s
dcl,dcl
tcl,tcl
axr,ah
r,r
r,r
n,n
ax,ix
t,t
axr,axr
ix,ih
iy,ih
l,l
eh,eh
el,el
eh,eh
k,k
ow,ow
dcl,dcl
k,k
ay,ae
tcl,tcl
l,ao
bcl,pcl
f,f
k,k
s,s
ah,ax
ih,ih
f,f
hh,hh
gcl,bcl
ao,aa
oy,oy
eh,eh
p,p
iy,q
w,w
iy,iy
dx,t
ah,eh
n,en
ix,ix
eh,eh
dcl,dcl
ih,ih
ae,ae
ah,ax
b,dx
eh,ah
s,s
ao,ao
r,r
aa,aa
epi,epi
iy,y
ow,ow
d,t
ix,ix
ae,ae
ah,ah
iy,ey
r,r
tcl,dcl
dx,dcl
axr,axr
q,q
ah,ah
kcl,kcl
l,ax
ax,ax
sh,sh
sh,sh
pau,pau
kcl,pcl
en,en
pcl,tcl
ux,ux
ae,ae
epi,epi
ey,ih
l,l
ix,ix
en,ng
dh,th
t,t
er,er
r,r
tcl,tcl
eh,eh
kcl,kcl
dh,bcl
s,s
f,f
m,n
ix,ey
s,s
axr,axr
n,n
iy,iy
ix,ih
jh,t
r,r
ng,n
ey,ey
tcl,tcl
uh,ao
ix,ix
f,f
hv,hv
w,r
l,l
p,p
ey,ey
ih,ih
pcl,kcl
n,n
iy,iy
iy,iy
r,r
ih,eh
ae,ae
ow,ao
bcl,bcl
aa,aa
w,w
aa,aa
z,z
bcl,bcl
s,z
m,bcl
eh,eh
ix,ix
n,n
ix,ix
n,n
t,t
l,q
s,s
z,z
l,l
l,l
v,bcl
axr,axr
s,s
ay,ay
ah,ah
r,r
bcl,tcl
m,m
k,k
l,w
ax,ax
el,ao
dcl,dcl
er,er
n,n
ow,ow
iy,iy
n,n
kcl,kcl
ae,ae
l,l
oy,oy
n,n
s,s
iy,iy
z,s
ax,bcl
er,er
r,r
ey,ey
ah,axr
bcl,epi
iy,iy
ux,ux
ih,ih
eh,eh
tcl,pcl
s,s
pcl,pcl
ax,ax
ax,q
l,l
sh,sh
m,m
ah,ax
r,r
jh,ch
ae,ae
pau,tcl
l,l
p,pau
ao,ao
n,en
s,s
dcl,pau
ax,ax
m,m
ae,ae
w,uw
ax,ax
m,n
uh,ih
n,nx
ih,ix
ae,ae
ih,eh
ah,ah
y,iy
k,k
s,s
p,p
ao,l
r,r
pau,tcl
n,n
p,p
iy,ey
er,axr
iy,iy
n,l
ao,ao
ah,aa
er,eh
iy,ih
dcl,bcl
k,p
ae,ae
t,t
n,m
iy,iy
l,l
ow,ax
kcl,tcl
ae,ae
gcl,dcl
dx,dx
epi,epi
er,er
r,r
er,axr
uw,ow
n,n
er,er
eh,eh
m,n
ae,ae
bcl,v
tcl,tcl
nx,n
ih,ih
f,f
v,pcl
dcl,dcl
ux,er
w,w
bcl,m
eh,eh
tcl,kcl
pau,pau
tcl,dcl
epi,epi
n,gcl
z,z
th,th
epi,kcl
ix,ix
er,axr
kcl,gcl
g,k
ix,ih
z,s
z,z
ao,l
q,g
s,s
ix,ix
r,r
g,g
aw,ao
bcl,bcl
tcl,epi
aa,aa
k,k
ih,ih
iy,iy
gcl,bcl
aa,ah
ng,n
m,m
eh,eh
ae,ae
ow,ow
ux,uw
n,dcl
oy,oy
aa,ah
ay,ay
ae,ae
aa,aa
tcl,kcl
r,axr
tcl,tcl
ah,ah
aa,aa
ux,q
eh,ih
bcl,pau
v,v
n,n
m,n
ix,ix
ae,ae
tcl,gcl
bcl,gcl
th,pau
tcl,dcl
g,k
ae,ae
ey,ey
sh,sh
ih,ey
axr,r
aa,aa
ix,r
ah,eh
s,s
ix,ix
ix,ix
sh,sh
kcl,kcl
ay,ay
tcl,pau
el,uh
q,l
axr,r
dx,dx
v,v
er,er
l,l
k,k
ax,ax
p,k
dh,t
kcl,tcl
el,w
r,axr
z,z
dcl,gcl
v,dx
kcl,kcl
kcl,kcl
q,q
l,l
jh,jh
s,ch
pau,r
ae,eh
ae,ah
s,th
l,iy
w,w
axr,axr
tcl,tcl
dcl,dcl
l,l
sh,sh
bcl,tcl
z,z
s,s
iy,ix
hv,hv
axr,r
v,f
ah,ah
f,tcl
er,er
pcl,pcl
ih,ix
eh,ae
eh,eh
iy,iy
er,ih
kcl,gcl
n,n
aa,aa
t,g
ix,ix
t,t
ux,ux
aa,aw
ng,n
m,m
t,t
r,l
n,m
aa,aa
ah,ah
ax,ix
kcl,tcl
n,m
ih,ih
k,k
s,z
t,jh
s,s
r,axr
ao,ao
k,k
n,n
pcl,pcl
y,iy
ay,ay
gcl,tcl
ix,ix
t,t
t,t
tcl,tcl
ow,ow
gcl,kcl
s,s
pcl,pcl
iy,iy
v,v
s,s
ih,ix
tcl,tcl
axr,r
ix,ux
dcl,dh
ix,ix
kcl,kcl
oy,oy
r,r
axr,axr
l,n
iy,iy
ao,aa
v,dx
m,m
tcl,tcl
aa,aa
tcl,pau
l,w
ax,ow
pcl,pcl
r,r
eh,eh
d,d
s,s
pcl,kcl
pau,dh
w,aa
l,ix
ao,ao
dcl,n
ih,ih
q,tcl
n,n
ih,ih
s,s
ae,ae
kcl,bcl
dx,gcl
k,k
f,f
z,z
w,w
ah,ah
iy,ih
ax,ah
dcl,bcl
v,pcl
l,l
iy,iy
ae,aw
l,l
r,r
r,r
ux,axr
r,r
t,t
ao,aa
n,n
er,r
er,r
axr,l
s,s
iy,iy
g,k
t,er
ix,ah
m,m
ey,ey
tcl,kcl
ax,ax
f,f
kcl,kcl
n,n
w,w
q,q
s,s
hh,z
r,r
er,er
w,w
q,q
tcl,gcl
ix,ih
ao,ao
epi,epi
m,m
m,ng
eh,ah
m,m
ah,ow
tcl,kcl
s,s
ah,ae
n,n
ah,ix
hv,hv
iy,ih
pcl,f
kcl,tcl
s,s
g,k
th,th
n,n
aa,ao
sh,sh
w,uh
ah,ah
ax,ax
ix,ih
kcl,tcl
aa,aa
ow,ux
ix,ix
s,s
hv,hv
d,d
r,r
v,v
l,l
dh,dh
tcl,tcl
r,r
dcl,dcl
z,z
ix,y
iy,iy
p,p
tcl,kcl
iy,ey
r,dx
aa,aa
w,w
n,n
n,n
axr,er
s,z
ix,en
tcl,kcl
ix,ix
ae,ah
ow,ao
r,r
ae,ae
aw,aa
z,z
iy,iy
iy,iy
sh,sh
ix,n
th,dh
ax,ih
dcl,gcl
axr,axr
ey,ey
uw,uw
ae,ae
r,w
tcl,pcl
m,m
aa,aa
n,dh
s,z
iy,iy
pcl,bcl
jh,ch
ey,ey
iy,iy
ux,ux
z,z
pcl,nx
axr,axr
aa,aa
ay,ay
ay,ay
q,q
nx,nx
sh,sh
sh,sh
ae,ae
tcl,ix
ih,ix
r,r
ih,ih
eh,eh
tcl,tcl
kcl,kcl
b,b
ae,ae
l,l
ey,eh
ax,dx
pau,tcl
l,l
g,dh
w,w
z,z
l,l
n,n
ey,ey
el,el
bcl,pcl
aa,aa
n,n
eh,eh
ae,ae
t,t
ah,ah
tcl,tcl
kcl,kcl
ix,eh
sh,sh
ng,ng
oy,oy
l,l
m,n
t,t
uw,m
r,r
t,jh
ao,ao
s,sh
t,t
m,m
t,t
axr,er
axr,kcl
y,y
ih,ix
dx,dx
ix,ix
s,s
l,l
iy,iy
iy,q
ax,l
w,w
iy,ux
ao,ah
kcl,kcl
r,r
jh,ch
tcl,epi
bcl,dcl
n,n
f,f
s,s
s,s
kcl,kcl
ow,ax
s,t
sh,s
dx,dx
dcl,dcl
tcl,pcl
r,r
p,p
k,p
r,er
q,q
ix,ix
s,s
v,f
ah,r
ao,ao
l,l
f,f
kcl,pcl
q,ix
k,g
n,n
kcl,tcl
k,k
r,r
ao,ao
m,m
pcl,pcl
aa,aa
t,t
n,w
n,n
epi,tcl
tcl,tcl
ax,ix
ae,ae
eh,ae
ah,ow
aa,aa
axr,ih
ah,ah
f,f
ah,ay
t,t
hh,hh
ih,eh
z,s
m,m
t,t
bcl,bcl
jh,jh
nx,nx
ae,ey
l,l
dcl,gcl
l,l
f,f
ey,ae
ah,ah
ae,ae
ow,aw
ih,ey
l,l
s,sh
m,gcl
s,z
ix,ix
oy,ay
axr,axr
pcl,kcl
eh,ih
iy,iy
ay,ay
r,r
z,z
l,l
r,r
n,n
el,el
en,en
ix,ih
hh,hh
kcl,kcl
ah,ax
bcl,tcl
sh,sh
l,ix
er,er
en,en
aa,aa
p,hh
t,t
s,s
t,d
el,ow
ey,ey
z,z
ae,eh
ux,ix
kcl,dh
w,w
r,r
r,r
ih,ih
bcl,bcl
ah,aa
k,k
dh,th
kcl,kcl
pcl,pcl
r,r
s,s
ao,ao
n,n
dh,dh
ix,iy
ae,ae
ow,ow
ey,ih
l,l
oy,oy
m,m
m,m
pcl,tcl
pcl,pcl
ux,ux
n,n
ih,eh
r,r
dcl,p
uh,ix
ow,ow
m,m
n,ng
hv,hv
n,n
ax,el
ae,ae
sh,sh
m,m
iy,y
s,z
ix,ix
iy,iy
iy,iy
ix,iy
v,w
ax,axr
q,q
ix,ix
pcl,pcl
p,p
r,l
eh,ae
ow,l
ey,ey
g,k
dcl,dcl
bcl,bcl
ix,eh
m,m
w,w
aa,ah
ix,dx
ax,ix
z,z
n,n
pcl,pcl
eh,ah
ao,ao
aa,aa
r,q
pcl,tcl
g,k
aa,aa
ix,ax
dx,gcl
tcl,tcl
tcl,kcl
s,s
v,m
iy,iy
dh,dh
w,w
k,k
m,m
d,d
er,er
en,n
n,n
q,q
ay,ay
gcl,tcl
l,iy
k,g
k,k
ow,ow
k,f
tcl,kcl
eh,eh
eh,eh
l,l
r,r
l,el
ah,ah
ix,ix
ow,ow
ae,ae
l,l
kcl,tcl
hh,hh
ao,ao
r,r
k,k
s,s
ih,ih
tcl,kcl
s,s
z,z
ey,ey
f,f
m,m
gcl,gcl
kcl,tcl
k,k
k,k
t,tcl
tcl,tcl
ah,ah
iy,iy
ey,ey
ix,ih
axr,axr
tcl,kcl
ix,ix
w,w
n,n
q,iy
m,m
ih,ih
d,d
dh,g
z,s
er,aa
bcl,bcl
tcl,th
bcl,n
k,k
ae,ae
m,m
jh,jh
kcl,gcl
f,f
r,r
ey,ih
iy,y
ix,ih
r,axr
l,l
ih,ix
iy,iy
v,v
ax,ah
pau,pau
sh,sh
uh,ow
oy,oy
aa,aa
dx,dx
s,s
kcl,kcl
eh,eh
w,w
ih,ix
ay,ay
epi,pau
aa,ao
el,l
m,m
k,k
t,t
kcl,kcl
ix,ix
kcl,tcl
kcl,kcl
k,ix
tcl,tcl
dcl,gcl
ey,iy
ae,ae
r,r
m,m
ix,ih
dcl,bcl
ux,uw
ix,ix
ae,eh
ay,ay
w,w
uh,ih
ih,ih
ah,ow
l,l
tcl,epi
sh,sh
dcl,pcl
iy,iy
ao,ao
axr,axr
f,f
eh,eh
er,er
dcl,dcl
ax,l
w,l
ix,eh
ae,aa
dcl,dcl
ey,ey
ix,ih
n,n
l,l
axr,r
ao,ao
s,s
k,k
nx,ax-h
ae,eh
z,z
ow,ow
n,m
hv,ix
iy,ix
q,tcl
ix,ax
hv,n
r,r
k,k
ng,ng
r,r
q,ax
ix,n
k,epi
tcl,tcl
q,q
ng,ng
t,t
iy,iy
dh,dh
ux,axr
m,n
dcl,dcl
q,q
ih,ih
ix,ix
r,r
n,n
y,y
s,s
dcl,n
s,s
iy,ix
s,jh
ix,ih
sh,sh
pcl,pcl
q,q
t,t
n,n
bcl,dcl
l,l
iy,iy
en,n
ey,ay
iy,ix
dcl,n
ng,n
r,r
ey,ey
n,n
s,s
r,aa
ch,s
m,ng
s,s
ay,ey
ow,ow
l,ax
w,w
aa,aa
sh,sh
m,m
n,n
iy,iy
ae,ey
ao,ao
aa,ao
iy,iy
ae,ae
v,v
iy,iy
tcl,dh
m,n
dcl,dcl
bcl,bcl
l,l
iy,ix
k,k
hv,hv
r,r
ao,ao
tcl,dcl
y,y
er,er
ao,ao
ix,ix
k,g
tcl,tcl
kcl,tcl
ix,q
y,y
ae,ae
l,ax
th,dh
ao,ao
ix,en
z,z
kcl,kcl
q,q
f,f
ih,ih
l,l
ow,ow
m,n
w,w
g,g
epi,epi
tcl,tcl
kcl,kcl
dh,dcl
m,m
ow,ow
tcl,tcl
ux,ux
r,aa
g,g
l,w
kcl,tcl
kcl,kcl
t,d
q,q
ax,ax
m,n
dh,q
dh,epi
m,m
ix,q
dcl,dcl
dcl,tcl
eh,eh
kcl,kcl
ng,n
iy,iy
r,r
kcl,kcl
ih,y
ow,ow
ay,ae
tcl,gcl
jh,jh
l,l
kcl,kcl
ih,iy
kcl,kcl
r,r
n,w
ix,ey
b,t
ae,ae
ng,gcl
aa,aa
epi,gcl
v,v
dx,dcl
iy,iy
g,g
iy,iy
t,t
eh,ih
ah,ah
ih,iy
tcl,tcl
ix,ih
dcl,tcl
r,r
n,n
dcl,dcl
b,q
tcl,q
ix,nx
el,l
kcl,kcl
ae,eh
k,k
l,dh
v,f
s,s
r,r
iy,ey
dh,z
aw,aw
ih,ih
ih,ih
ax,ax
ih,ix
ey,ix
ow,ow
ng,nx
aw,ae
pcl,m
z,z
n,n
p,t
r,r
dcl,dcl
axr,r
eh,ey
ix,ix
aa,aa
s,s
ix,ix
iy,ix
er,er
n,n
er,axr
t,t
ix,ih
aa,aa
n,n
kcl,gcl
l,el
bcl,bcl
r,r
ih,ix
s,s
ow,ow
dcl,n
pcl,pcl
s,s
s,s
s,s
z,s
m,m
ey,ey
ow,ow
bcl,pcl
jh,jh
gcl,gcl
r,r
ix,ix
dcl,gcl
iy,iy
l,l
ao,aa
q,q
l,q
n,en
aa,aa
iy,y
hh,hh
ow,oy
kcl,kcl
w,w
pau,pcl
hh,hv
ix,q
q,q
z,z
r,r
w,w
el,el
ow,ow
kcl,pau
aa,aa
n,n
oy,oy
t,t
bcl,gcl
uh,ih
ix,gcl
g,dx
gcl,tcl
iy,ey
jh,t
z,s
pcl,pcl
epi,epi
er,er
ux,y
pau,q
p,p
ix,ix
axr,axr
sh,sh
t,t
pcl,tcl
ah,aa
p,p
z,s
ix,iy
iy,iy
t,k
ey,ey
ao,ao
f,f
k,k
ow,ow
ix,ix
iy,ix
kcl,gcl
ix,ih
k,k
bcl,bcl
f,f
epi,pcl
ix,n
kcl,tcl
p,p
ih,ih
ay,ay
pcl,bcl
ih,ih
ax,ax
w,w
ah,ax
sh,sh
ix,l
kcl,kcl
iy,iy
ax,ax
ih,iy
dx,dcl
epi,kcl
ow,oy
s,s
eh,eh
ix,ux
l,l
eh,eh
t,p
z,z
ux,axr
r,r
r,r
dcl,dcl
ux,ux
s,s
ow,aw
epi,epi
bcl,tcl
n,n
ix,ix
m,m
t,t
p,p
epi,epi
dx,d
axr,axr
r,r
q,q
r,r
ax-h,ax
f,epi
th,f
tcl,tcl
iy,iy
t,t
ch,jh
bcl,pcl
ix,ih
er,er
z,z
hh,hh
kcl,q
y,y
ix,ix
s,s
l,l
pau,pau
kcl,pcl
iy,iy
k,k
s,s
n,m
d,g
nx,n
pau,tcl
uh,ih
el,l
n,m
eh,eh
iy,iy
ix,ih
hv,hv
s,sh
dcl,kcl
k,k
kcl,kcl
r,r
l,r
ao,ao
q,q
eh,ae
ax,ax
iy,iy
axr,q
f,f
ng,dcl
m,m
z,z
w,w
el,el
aa,aa
iy,ey
aa,ah
pcl,tcl
s,s
ix,ix
jh,jh
iy,iy
m,m
s,s
dcl,gcl
oy,ow
ax,ax
w,w
tcl,pcl
w,w
ih,ah
m,m
dcl,gcl
ux,ih
t,t
aw,aw
r,r
f,f
er,axr
bcl,w
s,s
q,eh
ao,aa
dcl,dcl
dcl,kcl
ey,ey
p,p
er,er
m,n
dh,dh
ow,ow
eh,eh
ix,ih
dcl,dcl
r,r
dcl,dcl
el,l
aa,aa
ih,ih
ae,ae
ix,ix
l,l
l,ax
v,v
ix,ux
ae,aw
g,k
w,w
s,s
ae,ae
ey,ih
ay,ay
ih,ih
l,w
t,gcl
l,l
gcl,gcl
pau,tcl
ow,ow
tcl,tcl
r,r
k,k
p,k
er,ih
d,t
ah,ah
jh,jh
sh,sh
ix,ax
ax,ax
eh,ix
kcl,epi
ix,ih
ow,ow
ao,ao
s,s
v,v
eh,eh
m,n
t,t
epi,epi
r,r
ng,ng
z,z
n,n
dcl,tcl
iy,iy
ao,ao
bcl,tcl
pcl,tcl
hv,hv
ix,ix
aa,ae
ax,ax
ux,ux
gcl,tcl
ay,ay
p,p
r,er
p,p
el,el
p,t
t,d
tcl,dx
ay,ay
l,ax
ux,iy
dh,dx
r,ih
m,dcl
t,d
r,r
ay,ay
hh,tcl
ow,ah
eh,eh
w,w
iy,iy
iy,iy
pau,pau
d,t
uh,ah
r,eh
nx,dh
en,n
sh,sh
axr,axr
tcl,tcl
kcl,pcl
ah,ah
ix,ax
s,s
ey,iy
hv,hv
ix,ix
l,l
r,r
bcl,pcl
t,t
p,p
r,r
s,sh
uh,ah
kcl,kcl
ih,ih
f,f
th,th
n,n
ao,ao
axr,axr
ao,ao
ng,n
dh,k
tcl,tcl
kcl,kcl
k,k
ay,ay
l,ao
r,r
l,dh
m,n
kcl,tcl
dcl,tcl
w,r
iy,iy
n,n
ix,ax
s,s
en,en
z,ix
v,v
t,t
aa,aa
tcl,tcl
ix,ix
s,s
m,m
tcl,pcl
nx,n
tcl,tcl
l,aa
n,n
t,hh
r,r
iy,iy
ae,ae
aa,aa
bcl,bcl
axr,axr
s,s
ae,ae
d,t
p,p
axr,ix
r,r
ow,ao
pcl,kcl
iy,iy
ey,ix
v,v
dh,n
z,z
ix,ix
n,n
r,r
kcl,kcl
v,v
f,s
tcl,n
l,el
ae,ae
ow,ao
aw,aw
er,axr
bcl,bcl
gcl,tcl
p,p
bcl,bcl
y,y
ih,ih
aa,aa
r,r
dx,dx
uw,ux
aa,ao
s,s
dcl,dcl
ih,r
er,er
kcl,kcl
ay,aa
iy,iy
ae,ae
iy,ix
n,m
ah,aa
aa,aa
gcl,tcl
tcl,tcl
ow,ow
iy,y
r,r
eh,iy
bcl,bcl
kcl,tcl
ih,ih
l,l
ih,ih
n,n
ay,ay
n,n
kcl,kcl
ay,ay
ae,ae
s,s
ux,ih
tcl,kcl
w,w
r,r
ih,ih
ao,ao
ix,q
ae,ae
n,n
kcl,kcl
ao,ao
y,y
eh,r
ng,n
iy,iy
tcl,tcl
q,q
m,m
z,z
b,p
axr,axr
dcl,dcl
ao,ao
eh,ae
t,jh
s,s
gcl,gcl
gcl,kcl
r,r
gcl,n
ey,ey
epi,epi
ow,ow
r,v
ih,ix
iy,iy
ey,ey
w,w
gcl,kcl
ah,ah
n,n
t,s
ae,eh
ae,ae
t,t
hh,p
r,r
tcl,tcl
q,q
ah,ah
sh,sh
p,p
pau,v
s,s
ey,ix
z,dh
axr,r
bcl,bcl
iy,iy
ax,ax
eh,eh
r,r
ay,ay
ch,ch
ix,ih
k,k
dh,p
tcl,v
ih,y
n,m
pcl,pcl
tcl,q
ay,ay
ix,ix
s,s
s,s
g,g
ux,ux
ay,ay
ng,ng
aa,aa
iy,iy
kcl,kcl
r,r
oy,oy
uw,uw
v,v
dcl,tcl
pcl,tcl
ay,ae
s,s
dh,dh
ix,ax
m,ix
n,m
dh,dh
q,q
kcl,kcl
ow,el
hh,p
aa,aa
eh,eh
m,em
k,k
aa,aa
eh,ih
w,l
l,w
iy,iy
epi,ng
s,f
ow,eh
y,y
y,y
eh,eh
r,r
z,z
iy,iy
q,q
iy,iy
er,er
n,n
iy,ix
m,m
m,l
ow,ow
ix,ix
aa,aa
ae,ae
iy,iy
ay,ay
r,nx
k,g
ih,ih
q,q
iy,iy
ix,ix
tcl,pcl
gcl,tcl
kcl,tcl
ax,l
k,k
ae,ae
m,m
sh,sh
ih,ih
w,w
n,n
sh,sh
ey,ey
ae,ae
sh,sh
kcl,kcl
q,q
er,er
tcl,tcl
iy,iy
ay,ay
k,g
tcl,tcl
l,l
w,w
ey,ey
aw,ah
axr,axr
k,p
dh,dx
dcl,dcl
axr,axr
eh,ix
q,kcl
eh,ae
iy,iy
dh,dh
f,f
r,r
s,s
aa,aa
s,s
ey,ey
gcl,dcl
s,s
bcl,dh
dx,dx
epi,tcl
ah,aw
iy,ih
ix,ix
pcl,tcl
iy,iy
ih,ih
m,n
n,n
eh,aa
y,y
m,m
w,w
l,l
k,k
zh,zh
ih,ih
s,s
w,w
n,n
d,dh
tcl,pcl
ae,ae
m,m
sh,s
ow,ow
iy,iy
ow,ow
hv,hv
w,w
ey,ey
ih,ih
axr,axr
eh,eh
ix,ix
ax,axr
f,f
dcl,dcl
n,n
r,r
ae,ih
l,l
ix,ax
l,l
iy,iy
sh,sh
n,n
th,th
ng,ng
n,m
ey,ae
axr,r
ix,ix
ay,ay
dcl,bcl
ch,t
s,s
ix,ih
tcl,dcl
epi,epi
ix,ix
ax,ix
s,s
kcl,kcl
g,g
ao,aa
aa,ao
ow,aw
l,en
z,z
l,l
k,k
s,s
sh,sh
dcl,dcl
n,n
s,s
y,hv
ux,y
p,p
axr,r
tcl,tcl
ao,el
tcl,tcl
s,s
ih,ih
ix,dh
s,s
v,v
nx,n
s,s
axr,ix
iy,iy
kcl,kcl
en,n
n,n
axr,ih
kcl,kcl
ix,ix
l,m
ax,ax
pau,pau
g,k
sh,sh
iy,ix
axr,axr
ix,ix
n,n
m,m
dcl,tcl
axr,axr
n,nx
f,f
l,v
ah,ae
kcl,tcl
r,axr
ey,ey
m,m
w,w
ih,eh
en,hv
tcl,tcl
q,q
pcl,pcl
gcl,dcl
s,s
ax,ah
r,r
l,ix
dh,v
n,dx
dx,dx
t,b
r,r
l,l
iy,y
dcl,dcl
bcl,dcl
r,aa
s,s
l,l
gcl,bcl
bcl,dcl
q,dx
m,m
dx,dx
s,s
ah,ow
s,s
g,g
tcl,kcl
ax-h,kcl
s,s
n,n
jh,jh
ux,ux
kcl,kcl
ae,ae
l,l
f,f
r,r
hv,hv
ao,ao
s,s
pcl,pcl
ng,ng
hv,hv
k,k
ix,ih
iy,iy
aa,aa
iy,iy
kcl,kcl
iy,iy
l,l
ay,ay
ux,ux
b,p
ey,ey
s,s
w,ao
ng,ng
ng,ng
eh,er
w,w
aa,aa
ax,ax
bcl,bcl
iy,iy
eh,eh
t,t
dh,th
dx,q
t,t
m,n
ao,ao
s,s
eh,ey
ih,ih
ix,l
pau,tcl
k,t
ix,ix
dx,r
r,r
f,f
s,s
eh,eh
aw,aw
z,z
k,k
tcl,tcl
pau,pau
r,r
ix,ih
oy,oy
l,w
m,n
dcl,tcl
tcl,kcl
p,p
s,s
z,z
z,z
z,s
q,ix
dx,dh
n,ix
sh,sh
zh,z
t,t
dcl,dcl
ax,l
ae,iy
axr,axr
w,w
eh,ih
er,er
aa,aa
ix,ih
bcl,bcl
t,t
ey,ay
gcl,n
kcl,tcl
k,g
iy,ih
k,kcl
ow,ow
l,l
pcl,tcl
tcl,tcl
ix,ix
ih,ih
eh,ae
ao,ao
r,r
ao,aa
en,dx
w,w
l,n
pcl,pcl
aa,aa
n,n
aa,aa
z,s
pau,pau
q,k
r,r
r,r
dcl,dcl
eh,ih
el,el
dcl,dcl
l,l
pcl,tcl
eh,eh
axr,r
r,r
r,r
f,s
tcl,tcl
ux,ux
m,m
gcl,gcl
tcl,tcl
ae,ay
dcl,dcl
z,z
s,s
aa,aa
ix,ix
ow,ow
l,ax
f,f
r,axr
l,l
kcl,gcl
q,q
hv,hv
n,gcl
z,sh
w,w
pau,pau
ix,n
gcl,kcl
w,w
r,n
ae,ae
w,w
n,m
pcl,pcl
d,jh
iy,y
iy,iy
ix,ix
m,n
t,t
d,t
l,l
ih,ih
aa,aa
aa,aa
w,w
ao,ao
iy,iy
eh,eh
r,r
ow,ao
s,s
aa,aw
l,l
r,r
tcl,tcl
f,f
k,tcl
pcl,pcl
y,y
s,s
dcl,dcl
ae,ae
iy,iy
kcl,tcl
l,l
dcl,dcl
n,n
ng,r
p,p
ux,ix
ao,ao
hv,y
v,f
dcl,dcl
ix,ix
ey,ey
q,ix
ow,ow
t,t
s,s
w,w
pcl,kcl
axr,axr
l,l
ix,ih
el,l
ih,ih
tcl,dh
hv,hv
ax,ax
r,axr
l,l
iy,iy
p,hh
l,l
ae,ae
ih,l
ng,ng
ae,ae
eh,eh
uw,ow
ux,ux
ay,ay
l,l
ae,ae
kcl,tcl
d,d
ix,ix
axr,axr
s,s
dcl,bcl
hh,pcl
r,r
gcl,gcl
iy,iy
ih,ih
er,ax
ah,ay
r,r
aa,aa
ix,ih
hv,hv
pcl,tcl
gcl,dcl
axr,axr
ih,ih
g,p
ae,ae
f,f
kcl,k
tcl,pcl
g,g
d,g
ey,ey
tcl,kcl
ah,ih
gcl,dcl
pcl,pcl
w,w
axr,axr
th,dh
r,r
w,l
s,s
bcl,bcl
dcl,tcl
tcl,tcl
n,m
ay,ay
hv,y
n,n
axr,r
iy,iy
pcl,pcl
axr,axr
kcl,kcl
ng,n
iy,iy
ux,ux
aa,aa
w,ao
ix,ax
ow,ow
r,r
ix,ah
kcl,tcl
k,k
iy,iy
tcl,tcl
hv,hv
l,l
ow,aa
kcl,kcl
tcl,tcl
aa,aa
ix,ax
epi,epi
w,w
n,n
f,dh
oy,oy
ae,ae
l,l
eh,eh
r,r
dx,dx
ay,ay
ah,ow
ih,ih
n,tcl
r,r
k,g
ix,ix
tcl,tcl
n,n
k,th
ax,aa
ow,ow
iy,iy
ih,ih
iy,iy
dh,g
kcl,pcl
bcl,bcl
th,z
s,s
q,q
iy,ih
y,y
q,tcl
ae,ae
k,kcl
aa,ao
k,k
el,l
aa,aw
kcl,tcl
s,t
n,gcl
iy,iy
dcl,n
eh,eh
w,w
t,t
l,l
l,l
dcl,dh
tcl,pcl
d,d
m,m
bcl,dcl
n,q
ao,aa
tcl,kcl
oy,oy
iy,iy
ng,ax
tcl,tcl
r,r
ax,ax
z,s
tcl,pcl
ix,iy
iy,iy
r,r
s,s
tcl,tcl
ix,ng
dx,dx
m,m
tcl,tcl
er,axr
axr,ax
l,l
r,r
ix,y
ix,ix
z,s
r,r
epi,epi
z,s
ey,ey
tcl,tcl
oy,oy
bcl,bcl
d,d
f,f
sh,sh
f,f
g,k
k,tcl
er,er
er,er
gcl,gcl
ao,ao
t,d
tcl,tcl
jh,ch
m,m
iy,iy
dcl,dcl
ng,m
kcl,kcl
m,m
r,r
q,g
ay,ae
ih,ih
r,r
tcl,dcl
dh,dh
gcl,gcl
dh,dcl
m,ng
ao,ax
f,th
t,t
k,t
iy,iy
ix,ix
s,s
n,n
ih,ih
axr,axr
s,s
t,t
k,k
ae,ae
sh,sh
tcl,epi
aa,aa
p,p
dcl,gcl
ae,ae
r,r
iy,iy
iy,iy
kcl,tcl
kcl,tcl
ae,ah
iy,ix
s,s
w,l
tcl,tcl
er,axr
ah,ah
z,z
ah,ax
iy,iy
hh,q
en,n
n,n
f,hh
zh,sh
s,s
dcl,dcl
ow,ow
ae,ae
iy,ih
aw,aw
dx,nx
z,z
p,p
aa,aw
p,p
th,th
r,r
iy,y
ae,eh
nx,dx
kcl,tcl
ax,ax
f,f
jh,d
iy,iy
q,q
f,f
s,s
tcl,tcl
er,er
sh,s
l,ax
n,w
ah,ax
sh,sh
y,y
tcl,tcl
n,nx
oy,oy
f,f
n,n
er,er
gcl,dcl
ix,uh
ix,ix
k,tcl
v,v
ix,ah
axr,r
ih,ih
ih,ih
y,ih
iy,iy
bcl,bcl
ix,ih
jh,jh
s,s
p,g
er,r
k,q
k,k
bcl,bcl
l,l
bcl,dcl
aa,l
n,n
t,q
t,kcl
iy,iy
s,z
ah,eh
s,s
l,l
p,p
ao,aa
ng,n
t,t
z,z
dcl,dcl
s,s
m,m
r,r
ao,ao
ey,ix
hv,hv
iy,ux
tcl,kcl
l,l
m,n
ix,ax
ae,eh
axr,axr
sh,sh
ix,ix
eh,eh
ow,ow
ow,ow
s,s
kcl,kcl
s,s
n,n
q,q
ae,ae
iy,iy
ih,ix
ax,r
aa,aa
v,f
ih,ih
r,r
n,ix
th,th
tcl,gcl
kcl,kcl
q,q
ae,ae
m,m
ae,ae
pcl,tcl
v,v
s,s
l,l
aa,aa
dh,dh
ao,w
er,er
kcl,tcl
g,g
axr,er
g,k
q,q
ih,ih
iy,iy
s,s
oy,oy
ow,ow
l,l
axr,axr
d,d
em,kcl
aa,aa
ax,ax
k,hh
zh,tcl
eh,ae
tcl,kcl
ix,eh
tcl,tcl
z,z
ix,ey
s,s
eh,ah
epi,epi
gcl,dh
z,z
eh,axr
l,r
w,w
ux,ux
n,n
epi,bcl
m,n
dcl,dcl
ay,ay
k,k
kcl,kcl
ix,ih
ih,ih
gcl,gcl
q,r
aa,ao
eh,aa
aa,aa
dcl,dx
pau,pau
k,th
eh,eh
l,q
q,ix
ah,ah
iy,iy
ey,eh
s,s
ix,ih
y,y
dcl,dcl
aa,aa
dcl,dcl
ae,ae
eh,eh
dh,gcl
f,th
y,y
sh,sh
axr,ix
ix,axr
dcl,dcl
ow,ow
y,y
dh,th
y,y
v,v
dx,dx
s,z
k,k
k,iy
oy,oy
en,en
tcl,pcl
iy,iy
ih,ih
kcl,kcl
m,tcl
gcl,dcl
ey,ey
r,r
l,ix
pcl,pcl
kcl,kcl
tcl,n
n,n
ih,ih
en,en
aa,aa
aa,aa
el,el
y,y
axr,axr
p,th
pcl,gcl
uh,aa
tcl,tcl
aa,aa
ch,z
aa,ah
bcl,epi
r,r
y,y
v,v
l,l
l,w
iy,iy
aa,aa
dcl,dcl
dh,dh
iy,iy
ng,n
t,t
axr,ih
ix,ix
w,w
kcl,kcl
ey,ey
ao,ao
ae,ae
l,l
hh,epi
iy,iy
pau,kcl
t,t
b,v
l,l
f,f
axr,axr
ey,ey
eh,eh
axr,axr
iy,iy
l,l
ao,ao
ch,t
m,m
ix,ix
jh,jh
w,w
ix,n
n,m
ih,ix
ay,ah
n,n
ae,ah
aa,aa
iy,iy
ng,n
ah,ah
s,z
er,er
k,k
ih,ih
dcl,gcl
n,n
ae,eh
iy,iy
ay,ao
el,l
ae,aw
aa,aa
jh,jh
axr,axr
ix,tcl
r,r
iy,iy
el,el
k,t
w,l
s,s
l,l
dcl,tcl
ah,ow
s,s
ah,aa
ow,ow
hh,hh
ey,ey
l,w
dx,dx
axr,axr
l,l
n,ng
w,w
kcl,tcl
ao,ao
el,l
en,m
s,s
n,n
kcl,tcl
eh,ae
axr,r
bcl,dcl
z,s
dx,dx
f,f
s,s
ax,ax
axr,axr
ih,ix
ah,l
z,z
oy,oy
m,m
p,p
ax,q
ax,ix
ey,ey
r,r
dcl,gcl
tcl,pcl
v,v
hh,hh
nx,nx
em,en
dcl,dcl
q,q
dh,dh
ix,ih
s,z
g,k
ao,ao
hv,hv
oy,oy
r,r
axr,r
dcl,v
n,b
iy,iy
tcl,pau
aa,aw
sh,sh
ae,ae
th,f
ih,ih
n,n
er,axr
g,k
oy,oy
dh,dh
n,n
gcl,gcl
er,er
s,t
ix,ix
ux,ux
t,dh
y,y
n,n
kcl,kcl
tcl,kcl
tcl,tcl
ix,ix
t,t
w,l
s,s
l,l
dx,r
r,ao
l,l
n,ix
k,k
s,z
n,m
l,el
aa,aa
ao,aa
m,n
iy,ix
p,p
kcl,kcl
ih,ih
gcl,gcl
er,axr
q,q
ih,ow
ey,ay
eh,ah
n,n
l,l
iy,iy
r,r
eh,eh
ay,ay
q,q
er,eh
m,ng
z,z
jh,jh
ix,ih
iy,iy
er,axr
eh,ah
kcl,kcl
w,ao
dh,epi
r,r
g,g
ae,r
ng,m
m,n
n,n
dh,dh
axr,axr
iy,iy
ax,ax
ey,ey
r,r
iy,iy
jh,jh
k,k
q,q
tcl,kcl
v,v
epi,epi
ih,ih
r,w
dx,d
n,n
l,l
r,r
z,z
ax,ax
ix,axr
r,r
pcl,kcl
kcl,kcl
ay,ay
ae,ae
ah,ao
k,k
eh,ax
z,z
kcl,kcl
hv,hv
q,q
tcl,tcl
iy,iy
f,s
tcl,tcl
aa,ao
t,t
ih,ih
pau,q
z,z
kcl,tcl
z,s
t,t
k,hh
ix,ae
t,t
ux,ux
ow,ow
gcl,gcl
tcl,tcl
ix,ix
iy,ih
w,m
ng,ng
ih,ih
n,n
epi,epi
s,s
w,w
r,r
ay,ay
ih,r
ow,q
ih,ih
s,s
dh,dh
ae,ae
aa,aa
hh,sh
ax,ix
ae,ae
ax,v
hv,hv
tcl,tcl
axr,ih
ch,t
s,s
ch,ch
r,r
gcl,dcl
r,r
ax,ix
kcl,kcl
ix,ix
n,m
dx,ix
k,k
ix,iy
kcl,kcl
n,ng
hh,hh
v,dcl
aa,aa
aw,aw
ae,ae
l,l
tcl,gcl
th,th
dcl,dcl
ae,ae
v,v
p,p
m,n
n,n
ey,ey
ih,ux
r,r
dcl,pcl
ix,ix
z,z
k,k
kcl,kcl
q,m
t,th
eh,ix
er,er
l,l
ix,ih
oy,axr
r,ao
l,l
ay,ay
kcl,pcl
ao,ao
dcl,dcl
ae,ae
ae,ae
s,s
eh,ae
n,ng
iy,iy
el,ax
ix,ih
ux,ux
ao,ao
q,q
eh,ae
s,s
axr,axr
l,ax
s,s
jh,d
ch,jh
v,gcl
s,s
n,n
ng,n
kcl,tcl
g,g
ao,ao
k,g
eh,ax
sh,sh
tcl,dcl
pau,pau
ih,ih
ax,ax
s,s
q,pau
d,t
ax,ax
kcl,kcl
axr,axr
r,r
dh,l
n,bcl
dcl,dcl
eh,eh
ow,ow
ah,ax
aa,aa
p,p
jh,sh
ah,ah
ax,w
eh,ah
pcl,pcl
dh,dh
w,l
n,dx
aa,aa
bcl,bcl
ix,ey
ax,ax
ae,ae
r,r
s,s
bcl,n
tcl,tcl
f,f
er,ax
tcl,tcl
l,l
l,l
r,r
iy,iy
dcl,dcl
dcl,dcl
er,er
l,ax
axr,r
r,r
w,w
kcl,kcl
t,t
kcl,kcl
g,g
gcl,bcl
v,v
ao,oy
ax,n
ix,ae
l,ax
axr,r
ey,iy
iy,iy
p,p
sh,sh
eh,ah
ah,ah
dcl,dcl
d,d
ay,ay
n,n
g,g
n,dx
w,w
ux,ih
ux,ux
ih,ih
r,r
iy,m
iy,iy
z,z
ix,n
r,ax
ao,ao
ix,uh
m,ng
p,p
axr,ix
ey,ey
gcl,gcl
ae,ae
n,n
m,m
ih,ux
ix,ix
dh,dh
n,ng
er,axr
l,l
dh,dh
er,er
pcl,pcl
tcl,kcl
ix,ix
ix,r
ey,ey
er,er
dx,dx
r,r
iy,iy
ao,aa
aa,ao
r,r
ux,ux
ey,ae
dcl,dcl
uw,ow
ix,iy
s,s
ow,ow
dx,dx
nx,ax
ix,ax
ix,ix
sh,sh
dh,dh
q,q
f,f
r,r
l,l
tcl,tcl
hh,pau
s,s
iy,ux
kcl,tcl
q,q
ih,ih
ih,ix
n,en
q,q
iy,iy
tcl,kcl
hh,hh
f,f
l,l
hh,ax-h
ax,ax
eh,ih
eh,eh
el,l
iy,ux
n,n
eh,ih
ae,ae
axr,r
axr,r
kcl,kcl
ay,ay
dh,dh
pcl,pcl
bcl,bcl
t,t
tcl,tcl
er,er
m,m
n,ax
r,r
pcl,tcl
ix,ay
z,z
n,n
d,d
dx,dcl
ae,ae
kcl,kcl
eh,eh
iy,iy
r,r
tcl,tcl
dcl,tcl
s,sh
epi,epi
w,r
oy,oy
l,l
s,z
ey,ih
aw,ae
iy,iy
eh,axr
n,n
em,m
iy,iy
n,n
l,l
ao,ao
p,p
t,t
aa,aa
s,s
y,y
ux,y
iy,iy
z,z
aa,aa
bcl,m
gcl,bcl
r,r
ao,ao
tcl,epi
m,m
n,n
axr,er
ae,ae
r,axr
iy,iy
ih,ey
eh,ah
s,s
ae,ae
z,z
er,r
r,r
ao,ao
ow,eh
aa,aa
k,k
s,s
dx,dx
f,f
r,r
iy,iy
kcl,tcl
n,ax-h
iy,n
iy,iy
gcl,gcl
l,l
tcl,tcl
t,p
y,y
t,ch
ix,ax
r,ng
n,n
s,s
bcl,bcl
jh,jh
p,p
ih,ih
n,n
dx,dx
ax,ax
n,en
axr,axr
oy,ao
ax,ax
s,f
th,th
ae,ae
iy,iy
ax,ax
dh,dh
ey,ey
aa,aa
iy,iy
nx,nx
gcl,dcl
tcl,tcl
ao,ao
tcl,dcl
l,l
f,f
tcl,tcl
w,w
ah,aa
tcl,tcl
ih,ih
ah,ah
m,ng
ow,ow
l,l
sh,sh
ix,ix
w,w
iy,iy
dcl,dcl
ng,n
kcl,kcl
r,r
ao,ao
ix,ix
hh,ax-h
ux,ux
l,w
ay,aa
w,w
s,s
l,l
k,k
axr,axr
k,k
ow,ao
en,n
eh,ae
m,m
k,k
iy,iy
f,th
g,k
axr,er
iy,ih
ux,axr
l,l
tcl,tcl
ix,ix
gcl,tcl
kcl,kcl
ae,ae
dcl,dcl
nx,tcl
r,ax
kcl,kcl
el,l
l,l
l,l
iy,iy
hh,k
dx,dx
sh,sh
t,t
en,n
ih,iy
iy,iy
ax,l
gcl,gcl
gcl,dcl
z,z
t,tcl
dx,v
r,aa
iy,iy
z,z
y,iy
t,s
tcl,tcl
jh,jh
l,l
v,v
y,y
tcl,q
axr,er
r,r
ae,ae
sh,sh
ng,ng
d,q
aa,l
iy,iy
w,w
en,n
f,f
n,n
k,k
hh,k
m,m
ng,n
m,em
pau,pau
ih,ae
ch,jh
y,y
er,eh
iy,iy
ae,ae
kcl,tcl
ae,ae
r,ih
n,n
aw,ae
aa,aa
r,r
r,r
ow,ao
pcl,pcl
r,r
pau,v
kcl,kcl
axr,r
iy,ih
ix,ih
s,s
k,k
ix,ix
k,k
ih,ih
ah,ah
r,r
eh,eh
n,n
v,v
hv,hv
axr,axr
n,n
n,n
tcl,tcl
t,t
pcl,tcl
l,l
ih,ih
axr,axr
tcl,pcl
r,r
d,d
ux,ix
p,p
ix,ah
z,z
n,m
ae,ae
f,th
t,t
oy,ah
f,pcl
hh,iy
n,n
eh,eh
q,q
ix,ih
t,t
gcl,kcl
ix,ix
t,t
z,s
m,n
tcl,tcl
epi,pcl
iy,iy
sh,sh
r,r
n,n
axr,r
k,k
w,w
ay,ay
t,d
ih,ey
epi,epi
pcl,f
w,w
dcl,dcl
ix,eh
dcl,n
q,k
ih,ih
iy,iy
iy,ix
s,s
ax,ax
epi,epi
z,z
uw,l
k,k
ix,ix
z,z
l,dh
ix,ix
ax,ax
ax,ax
p,b
n,n
m,m
uh,axr
r,ix
ah,ah
pcl,kcl
ay,ay
ay,ay
l,w
n,ix
l,l
ao,ao
tcl,f
dx,nx
epi,pcl
f,th
iy,ix
g,tcl
iy,iy
hv,y
kcl,kcl
axr,ax
z,z
v,v
d,d
s,s
pcl,pcl
ae,ae
pcl,tcl
r,w
n,n
ax,ax
m,bcl
eh,r
n,n
er,er
d,t
g,r
epi,epi
s,s
ao,ao
eh,eh
ax,ax
iy,ix
iy,iy
p,p
bcl,epi
ih,ih
ao,ao
ng,en
g,k
l,ow
q,q
ix,iy
n,nx
s,s
axr,axr
ih,ih
tcl,dcl
ix,ix
ao,aa
hv,hv
r,r
axr,axr
tcl,tcl
ix,ax
bcl,tcl
bcl,gcl
el,el
w,w
l,ix
gcl,gcl
ao,ah
y,iy
jh,jh
aa,aa
t,t
nx,nx
tcl,pcl
ix,ax
ae,ae
dcl,dcl
iy,iy
pcl,tcl
ah,aa
en,n
eh,eh
tcl,tcl
k,k
oy,oy
dcl,bcl
axr,axr
uh,aa
ih,ih
tcl,kcl
g,t
m,m
iy,iy
ey,ih
y,y
f,f
ix,axr
iy,iy
s,s
ih,ih
f,f
ax,ax
bcl,ng
ux,ux
ih,ih
sh,sh
ay,ey
n,n
ay,ay
ay,ay
s,s
ih,ux
l,l
pcl,pcl
p,p
v,n
pau,bcl
ae,ae
s,s
iy,ux
m,m
en,em
l,l
t,t
ix,eh
f,f
iy,iy
b,b
d,dh
l,l
th,th
dh,dh
s,s
ao,aa
ng,n
ax,ix
dx,dx
k,k
l,l
hh,epi
l,l
ix,ix
kcl,kcl
ow,ow
ae,eh
uw,r
ih,iy
s,z
m,r
aa,aa
axr,r
sh,sh
hh,p
ax,ax
aa,ao
iy,iy
v,v
aa,ao
bcl,epi
ah,ae
s,s
r,axr
dh,dh
kcl,kcl
aa,ao
n,n
q,ix
kcl,g
s,s
sh,sh
r,r
ax,ax
ih,eh
f,f
dcl,tcl
ix,ix
axr,ih
l,l
l,ax
r,uh
v,v
l,l
m,dcl
q,q
ix,en
n,ng
gcl,kcl
s,s
oy,oy
ix,ix
iy,n
epi,epi
s,t
sh,sh
k,k
k,k
el,ao
ih,ix
ix,q
n,n
dcl,dcl
r,ix
n,en
n,n
w,w
z,z
ih,ih
r,r
z,s
iy,iy
sh,sh
ix,ax
dcl,tcl
ow,ow
gcl,dcl
r,axr
epi,p
ay,aa
w,l
iy,iy
dcl,en
kcl,tcl
n,n
ih,ix
z,s
ih,ih
ae,ae
pcl,pau
dcl,dcl
p,p
q,q
s,s
ay,ay
hv,hv
s,s
aw,aw
r,r
l,l
iy,iy
ix,ux
eh,eh
gcl,v
r,r
t,t
iy,iy
s,f
hh,hh
k,k
bcl,tcl
w,w
ix,ix
ix,ix
gcl,gcl
el,l
l,l
w,w
dcl,gcl
hv,hv
z,s
ih,ih
m,n
ix,ix
dcl,dcl
dx,dx
y,y
k,k
ae,ae
bcl,kcl
ax,ax
z,z
k,k
tcl,tcl
ay,ay
l,ix
k,k
l,l
ae,ae
m,m
ih,ih
ix,ih
dcl,dcl
kcl,kcl
tcl,pcl
ux,ix
tcl,tcl
r,r
gcl,tcl
g,g
k,k
iy,ix
l,ax
g,g
iy,iy
iy,iy
y,y
ax,q
eh,ah
kcl,tcl
r,r
ey,ih
dcl,dcl
uh,ih
ih,ih
el,el
eh,eh
v,dcl
iy,iy
ix,ah
tcl,kcl
pcl,pcl
ax-h,v
iy,iy
ao,aa
ax,ah
m,ng
k,z
w,l
dx,dx
n,n
w,w
gcl,gcl
g,d
m,m
w,w
sh,z
n,n
er,er
tcl,tcl
ng,n
ae,ae
y,y
s,s
ey,ey
ae,ae
tcl,tcl
l,ow
s,s
ax,ax
ax,n
kcl,tcl
tcl,gcl
n,n
kcl,dx
tcl,pcl
s,s
z,s
nx,n
q,q
ih,ih
s,s
eh,eh
f,f
n,n
w,w
ax,ax
s,f
l,l
ao,ao
bcl,pcl
f,f
bcl,bcl
z,z
ix,ih
s,s
y,y
ao,ao
jh,jh
sh,sh
kcl,kcl
tcl,pcl
ah,ah
ux,ih
s,z
r,ax
ix,iy
hv,hv
ow,ow
m,m
iy,iy
k,k
ix,ey
gcl,gcl
axr,axr
n,n
ay,ay
eh,dx
n,n
tcl,tcl
w,w
tcl,tcl
kcl,tcl
z,z
ix,ih
pcl,pcl
ax,ax
dcl,kcl
bcl,tcl
l,em
q,q
f,th
n,n
q,q
t,jh
l,l
pau,tcl
s,s
ax,ow
s,s
ix,ix
l,l
iy,iy
v,v
aa,ao
ux,ux
aa,aa
ux,ux
s,s
bcl,bcl
dcl,dcl
kcl,kcl
ae,ae
eh,eh
ao,ao
ng,m
v,v
z,sh
dx,dx
tcl,dx
er,er
l,l
ih,ih
ih,ih
axr,axr
ae,ae
m,m
r,r
iy,iy
z,z
ah,ax
m,m
r,r
s,s
tcl,gcl
ux,ux
iy,iy
er,eh
g,g
iy,iy
q,q
dcl,gcl
axr,axr
sh,sh
ah,aa
n,n
k,k
oy,oy
kcl,gcl
z,z
gcl,gcl
s,s
ow,ow
axr,aa
ng,dcl
axr,r
tcl,tcl
m,m
p,epi
f,f
ix,ix
gcl,gcl
r,r
z,z
eh,eh
v,v
ey,ey
axr,r
iy,iy
pcl,tcl
dcl,bcl
m,m
q,q
ao,aa
ay,ay
er,er
ae,ae
iy,ih
l,l
ah,ax
ix,ix
ix,ix
kcl,q
eh,ih
kcl,kcl
q,q
ah,ow
tcl,tcl
eh,axr
gcl,bcl
sh,sh
r,r
tcl,tcl
sh,sh
v,v
s,z
n,ng
ow,ow
s,th
y,y
ae,ih
l,l
l,l
ae,eh
r,r
ih,ih
v,v
g,g
eh,ix
k,p
p,p
q,q
iy,iy
ow,ow
ix,ix
w,ao
aa,aa
axr,axr
l,l
bcl,th
aa,aa
n,n
ay,ay
tcl,tcl
tcl,tcl
bcl,n
tcl,tcl
uh,uh
ah,ah
ih,ih
ix,ix
axr,er
ao,l
hh,hh
s,s
iy,iy
z,z
f,f
pcl,kcl
ih,iy
l,l
f,f
dcl,dx
er,er
ix,ix
dh,ih
v,th
v,v
dcl,m
m,m
el,uh
l,ow
pcl,pcl
r,r
dh,dh
ah,eh
w,w
eh,ix
t,t
k,jh
l,l
w,w
aa,ah
dh,dh
ax,r
ae,eh
aa,ah
hv,hv
kcl,kcl
dx,dcl
dh,dh
ay,aa
iy,ux
l,oy
sh,sh
gcl,gcl
kcl,kcl
ng,bcl
ae,ae
ae,ae
pau,pau
m,n
q,l
iy,iy
ao,aa
bcl,bcl
iy,iy
ux,ux
n,gcl
ae,ae
r,r
m,m
axr,er
n,n
d,k
en,en
iy,iy
ix,ax
w,w
g,k
m,m
pcl,pcl
ux,y
ih,ih
dcl,dcl
dh,th
aa,aa
ae,ae
t,d
iy,iy
tcl,tcl
ae,ae
ae,eh
ix,en
kcl,tcl
z,s
ey,ey
dcl,dcl
k,k
ix,ix
axr,axr
l,l
ae,ah
n,n
iy,iy
tcl,tcl
s,s
tcl,tcl
ae,ae
ae,ae
ux,iy
ae,ae
ae,ae
kcl,pcl
ae,ae
ow,aa
ix,ax
m,m
w,w
pcl,bcl
dcl,gcl
b,p
pcl,tcl
pcl,pcl
t,t
k,k
ih,ih
ih,ih
ix,iy
hh,pau
ae,ae
ix,ix
s,s
r,ax
l,m
el,l
l,l
m,m
kcl,kcl
p,p
g,kcl
iy,iy
ix,ix
tcl,kcl
iy,iy
l,l
l,ay
s,s
pau,q
dcl,dcl
m,m
n,n
gcl,gcl
iy,iy
iy,iy
l,l
iy,iy
ih,ix
er,er
en,l
s,s
n,n
v,dh
r,r
ax,ix
t,t
dcl,gcl
q,q
t,t
gcl,gcl
bcl,gcl
ay,ay
l,l
dcl,gcl
kcl,tcl
gcl,tcl
d,d
t,t
f,f
ih,ix
w,w
g,k
nx,n
ih,ix
ch,ch
tcl,tcl
ao,ao
ih,ih
r,ix
el,el
n,n
ah,eh
sh,sh
ix,ih
ih,eh
ix,ix
sh,sh
z,s
aw,aw
n,gcl
kcl,kcl
d,t
y,y
iy,ix
pau,hh
ch,sh
ey,ix
ey,ey
ix,ix
iy,ey
hv,hv
k,g
f,f
sh,sh
p,p
f,th
s,s
r,axr
r,r
jh,jh
s,z
n,ng
ao,ao
oy,oy
dh,dh
r,r
l,l
q,q
kcl,kcl
ch,jh
n,tcl
axr,r
l,iy
p,p
axr,r
oy,oy
ih,r
ae,ae
dx,dx
ix,ix
d,ix
el,el
gcl,gcl
ae,ae
k,k
n,n
er,er
gcl,gcl
t,t
ae,ae
k,k
tcl,gcl
ow,ow
dcl,dcl
r,r
y,dx
w,w
s,s
ow,ow
s,sh
pcl,pcl
ix,q
ih,ih
ay,aa
aa,aa
kcl,tcl
epi,th
ae,ae
sh,ch
m,m
m,n
q,q
ih,ih
dcl,tcl
ax,ax
iy,iy
ix,ix
r,aa
r,r
ih,ih
d,dh
q,q
ix,en
ae,ae
ay,ah
ix,ix
dh,dh
tcl,tcl
b,jh
kcl,kcl
ey,iy
gcl,bcl
dcl,tcl
ow,oy
ax,ax
r,er
dx,dx
b,dh
iy,ix
w,w
sh,sh
s,s
kcl,tcl
iy,ey
kcl,kcl
tcl,dcl
s,s
ix,ih
kcl,kcl
uh,ux
tcl,kcl
gcl,tcl
ae,ae
ih,eh
pcl,bcl
m,m
ix,ey
aa,aa
n,n
eh,ah
ih,iy
ax,ax
iy,iy
nx,n
w,w
z,z
z,z
k,k
p,p
eh,ih
ow,ow
el,el
er,axr
kcl,kcl
ae,ae
hh,hh
ay,ay
er,axr
ax,ax
kcl,kcl
axr,axr
m,n
ao,ao
iy,iy
m,n
kcl,kcl
hv,hv
sh,sh
s,s
l,ix
ih,ih
z,s
ix,q
ih,eh
epi,epi
k,g
ae,ae
ah,ah
ih,ih
dcl,tcl
w,m
ow,ow
ow,ow
q,q
jh,jh
iy,ix
p,p
z,s
nx,nx
n,en
dh,tcl
n,en
p,p
dh,dh
m,n
n,dcl
dcl,dcl
ih,ih
l,l
w,w
dcl,dcl
tcl,gcl
ix,ax
w,w
ae,ae
n,n
kcl,kcl
ix,ih
bcl,bcl
epi,n
ey,ey
axr,r
ey,eh
dcl,tcl
ae,ay
dcl,dcl
pcl,pcl
sh,sh
s,s
el,el
ao,w
ax,ax
iy,iy
ey,ae
ae,ae
kcl,kcl
axr,q
ey,ey
ey,ih
tcl,q
ux,ux
pcl,bcl
bcl,dcl
gcl,pcl
ix,n
ae,ae
t,t
g,k
hv,p
pcl,pcl
ah,ao
aw,ah
iy,ey
dh,dh
iy,iy
g,dh
f,f
q,y
ow,ax
eh,ah
er,axr
p,p
dh,dh
aa,aa
q,aa
ih,ih
p,p
kcl,kcl
tcl,tcl
g,g
jh,jh
ix,eh
l,ax
dcl,dcl
ix,q
r,r
s,sh
m,m
s,s
tcl,tcl
ay,ay
pcl,pcl
ae,ae
iy,iy
ix,ix
kcl,kcl
dx,dx
ao,ao
p,epi
s,s
ow,ow
r,r
epi,epi
l,l
pcl,pcl
ux,ih
f,f
ih,ix
s,s
s,s
ey,iy
t,t
n,w
r,r
dh,ax
bcl,bcl
dx,dx
ih,iy
l,l
p,p
iy,gcl
ix,ih
aa,aa
ey,ey
ay,ae
k,g
ax,axr
iy,iy
t,t
pcl,tcl
ay,ay
ux,iy
pcl,tcl
ow,ow
sh,sh
ih,ix
kcl,tcl
r,r
t,t
f,sh
y,y
ow,ow
pcl,tcl
aa,aa
n,m
ax,ax
w,w
r,r
pau,tcl
ae,aw
ih,eh
t,t
dcl,dcl
tcl,kcl
w,w
m,m
tcl,kcl
n,n
f,v
hv,hv
d,t
ey,ey
jh,jh
n,n
dh,dh
y,iy
g,g
t,t
w,l
v,v
r,r
ih,l
p,b
ix,ix
iy,iy
ix,ix
dcl,q
g,g
gcl,gcl
r,y
ax,ah
eh,eh
ae,ae
epi,pcl
n,ng
ey,ey
gcl,dcl
ix,ay
sh,sh
r,r
q,q
l,ng
ah,ah
iy,iy
v,v
ih,ix
n,n
dcl,dh
ax,en
bcl,n
ix,axr
ih,dh
l,l
l,l
ix,ix
hv,hv
z,ax-h
eh,axr
ah,ah
q,q
ae,ae
ay,ay
w,w
iy,y
ux,ux
f,f
ix,ix
eh,eh
s,s
ix,ax
l,l
eh,eh
r,r
kcl,tcl
q,q
p,dh
t,t
kcl,tcl
iy,iy
ae,ae
th,th
gcl,dcl
aa,ah
kcl,kcl
s,s
n,n
r,r
ax,ax
q,q
kcl,tcl
tcl,tcl
dx,dx
t,jh
eh,eh
iy,iy
ao,ao
ax,ah
axr,ih
er,er
m,m
axr,axr
dcl,dx
ix,ih
ih,ih
aa,aa
aa,ah
ae,aw
th,z
hv,hv
ay,ay
iy,ux
sh,sh
t,t
dh,v
th,th
hh,hv
aa,aa
er,axr
kcl,tcl
g,epi
z,z
eh,eh
kcl,kcl
ih,ih
s,s
n,dcl
z,z
ix,ix
ng,ng
p,k
g,k
er,r
l,l
sh,sh
tcl,kcl
l,l
t,b
ix,ey
dh,dh
jh,jh
eh,ae
z,z
ix,ey
eh,eh
w,r
s,s
el,el
epi,kcl
t,t
ux,ux
ix,ae
k,k
epi,epi
q,q
p,p
r,ng
ng,n
ih,ih
pcl,kcl
k,k
ih,ih
ao,w
n,tcl
ih,ih
dh,dh
k,hv
iy,iy
iy,ey
t,t
l,l
ey,ey
z,s
q,q
eh,eh
ch,ch
dh,dh
ae,ae
iy,ih
s,s
r,r
p,k
s,z
ix,ix
n,n
ux,ux
el,oy
ao,ao
dx,dx
r,r
t,t
n,n
ix,ih
ao,w
r,r
w,w
n,n
pcl,pcl
ux,ux
eh,ih
ae,ae
ix,axr
y,y
v,f
q,q
ax,ax
s,s
g,q
en,n
dh,dh
kcl,kcl
ih,ih
dcl,dcl
ng,n
r,r
ay,ay
s,s
k,k
iy,iy
l,l
aa,aa
kcl,kcl
ay,ay
aa,ao
ax,ax
pau,pau
ax,ax
ax,ao
m,dx
k,k
y,y
er,er
tcl,tcl
ih,ah
kcl,tcl
bcl,pcl
er,er
pcl,pcl
t,t
n,m
bcl,v
sh,s
axr,ah
ix,ix
ay,aa
aw,ae
ae,ae
t,t
dcl,pcl
ae,ae
iy,ix
gcl,dcl
ch,jh
dcl,dcl
ey,ey
aa,ao
iy,iy
gcl,gcl
ao,q
dx,dx
ix,ix
epi,epi
m,m
l,w
iy,iy
eh,eh
ix,l
z,z
ax,r
p,f
r,r
ay,ay
aa,aa
k,k
dcl,dh
z,z
p,p
aa,aa
p,p
ch,jh
y,ix
kcl,tcl
ao,ao
sh,sh
uw,w
m,m
ih,ih
k,k
ae,ae
gcl,n
kcl,dx
aw,aw
ae,ae
ih,ih
ih,ih
s,s
aa,aa
n,n
hh,hh
tcl,tcl
ay,eh
w,w
ih,ih
iy,iy
axr,eh
m,m
s,s
ih,ih
iy,iy
ey,ey
m,m
iy,iy
k,k
ih,ih
z,z
ow,ao
n,n
n,n
y,y
s,z
hv,hv
l,ax
p,p
zh,zh
aa,ae
pcl,gcl
l,ax
iy,iy
kcl,kcl
t,t
w,w
r,r
l,l
dx,dx
w,w
s,s
ix,ih
pau,tcl
dcl,v
axr,q
n,tcl
r,r
kcl,kcl
ix,ih
ux,axr
ah,ax
z,z
r,r
axr,er
ax,q
epi,epi
kcl,kcl
t,d
iy,iy
l,l
ao,l
gcl,pcl
z,z
ax,ih
q,q
l,l
g,k
m,n
tcl,tcl
dh,n
ey,ih
ae,ae
m,m
r,r
tcl,kcl
g,k
k,k
ow,ow
axr,axr
kcl,pcl
m,m
eh,eh
q,q
bcl,dcl
oy,oy
gcl,gcl
n,n
hv,hv
n,m
pcl,tcl
tcl,tcl
t,t
jh,jh
oy,oy
gcl,tcl
th,pcl
dcl,d
hv,hv
ix,iy
er,er
iy,ih
eh,ah
r,r
sh,sh
pau,epi
sh,jh
m,m
t,t
m,m
sh,sh
eh,ix
ix,ih
ix,ax
pcl,kcl
axr,r
m,m
l,l
ux,ux
aa,aa
r,r
uh,ax
ng,ng
el,el
ow,ao
dcl,tcl
v,v
ow,ow
aa,ay
y,iy
eh,eh
s,s
s,s
s,s
epi,axr
ix,ey
kcl,kcl
pau,pau
k,k
r,eh
tcl,kcl
r,r
tcl,tcl
r,r
v,v
t,t
hv,hv
l,l
ey,ey
s,s
t,s
n,n
aa,aa
w,w
m,m
dcl,dcl
dcl,tcl
ow,ow
ih,ih
ux,ux
s,s
w,w
axr,axr
bcl,pcl
hv,hv
uw,ux
s,s
ih,ih
ax,z
tcl,tcl
w,w
t,jh
p,k
t,t
f,th
l,l
el,el
n,n
r,eh
t,t
n,n
l,l
z,s
ae,ae
kcl,tcl
tcl,kcl
v,w
iy,ix
r,r
kcl,tcl
dcl,dcl
s,s
p,p
ix,ix
axr,er
ih,ix
ix,ix
axr,axr
k,epi
kcl,kcl
t,k
hv,hv
ax,y
dh,dh
iy,ih
k,p
t,jh
iy,ih
ae,eh
oy,oy
epi,epi
ax,ax
w,w
tcl,tcl
k,k
w,l
l,w
s,s
m,m
ux,ih
l,l
sh,sh
dcl,dcl
r,r
y,y
f,f
r,r
ih,ix
sh,sh
ah,ae
jh,zh
ch,ch
dcl,pcl
iy,iy
kcl,tcl
s,s
t,d
ix,ix
bcl,bcl
sh,sh
iy,iy
s,s
k,q
m,m
eh,ae
axr,axr
ao,aa
iy,iy
uh,ix
p,k
dx,dcl
aa,ao
k,k
s,s
dh,dh
v,dx
v,ax
s,z
s,s
er,er
v,d
er,axr
w,w
axr,axr
s,s
n,gcl
f,f
ih,ih
tcl,kcl
w,w
epi,epi
w,w
ao,ao
ah,uh
dx,nx
w,ax
v,v
f,f
axr,ax
ix,ix
ah,ah
axr,ux
ux,ux
w,ix
ae,eh
axr,r
ao,w
r,q
m,m
aa,oy
iy,iy
kcl,kcl
ey,ey
aw,aw
l,l
m,n
y,y
ay,ay
hh,hh
n,n
sh,ch
sh,sh
ae,ae
eh,iy
eh,eh
axr,r
n,ng
g,g
p,p
ax,ax
axr,axr
aa,aa
eh,eh
tcl,tcl
z,z
axr,dx
iy,iy
m,m
p,t
iy,iy
kcl,tcl
s,s
tcl,kcl
k,k
tcl,tcl
n,n
s,s
eh,ih
g,g
axr,eh
kcl,kcl
pau,pau
v,v
hv,hh
n,n
w,ao
axr,uw
ow,el
dcl,dcl
ao,ao
t,jh
l,l
k,k
ix,ix
y,y
q,q
n,n
f,f
r,r
er,er
ih,ih
uh,eh
gcl,gcl
t,t
q,q
ih,ih
r,r
m,n
n,ng
ah,ah
ix,ix
z,z
ix,ix
tcl,dcl
em,m
k,g
v,m
l,eng
axr,axr
axr,axr
dx,dx
iy,iy
ix,ih
s,s
ix,ix
s,s
aa,ay
n,en
tcl,tcl
dx,dx
r,r
ix,ih
dcl,dcl
bcl,dh
p,p
n,n
ah,ay
t,d
ux,ux
ix,ih
f,f
dcl,dcl
ax,ax
iy,iy
m,m
l,l
ow,ow
f,f
kcl,pcl
tcl,dcl
el,el
t,t
hh,q
dx,d
tcl,tcl
er,axr
ih,eh
ch,sh
ow,ow
nx,n
m,m
pcl,tcl
iy,iy
iy,iy
iy,iy
n,n
ow,ow
y,en
iy,iy
sh,sh
ax,ax
r,r
dx,dcl
ow,el
ay,ay
sh,ch
kcl,kcl
k,g
r,ix
ay,ay
sh,sh
l,l
tcl,dcl
hv,q
r,r
gcl,gcl
ax,ax
z,s
n,n
ae,ae
aa,ay
v,v
dcl,tcl
aa,aw
el,l
r,r
f,f
ix,iy
kcl,kcl
ix,ux
iy,iy
g,k
aa,aa
ey,ey
ow,ow
w,w
f,f
z,z
aa,aa
ao,ao
iy,iy
z,s
dx,dx
ux,ux
ih,ih
ix,ix
eh,ae
m,dh
pau,pau
q,dh
t,t
tcl,kcl
ux,ux
iy,iy
k,g
tcl,tcl
bcl,bcl
ae,ae
ch,ch
ao,aa
ey,iy
l,l
r,r
er,axr
ix,ix
n,ng
kcl,gcl
p,p
s,s
gcl,dcl
n,n
axr,er
ux,ux
p,p
q,l
uh,ah
ax,ax
z,s
n,n
gcl,gcl
l,l
axr,ax
iy,iy
axr,axr
axr,er
t,d
hh,p
dh,dh
bcl,pcl
pcl,kcl
epi,dh
ey,ey
ax,ax
uw,ow
iy,ih
ah,ah
t,t
ao,aa
kcl,kcl
t,t
iy,iy
pau,pau
f,f
pcl,pcl
ax,eh
z,z
axr,axr
n,n
dx,dh
w,ao
ix,ih
sh,sh
ax,m
aw,aw
uh,uh
aa,aa
g,g
n,n
tcl,tcl
l,ah
n,dcl
ix,ix
ix,ih
pcl,tcl
eh,ae
ih,ih
epi,tcl
s,z
ae,ae
p,p
d,dh
axr,axr
jh,jh
axr,eh
tcl,dcl
gcl,gcl
ey,ey
p,p
k,k
l,el
iy,iy
t,t
tcl,tcl
r,ax
p,th
ae,ae
ao,ao
r,r
z,z
dcl,dcl
aa,aa
kcl,kcl
ae,ae
jh,ch
ih,iy
y,y
epi,epi
ax,ax
n,ng
ao,ao
r,r
aa,aa
iy,iy
pcl,pcl
ax,el
z,z
kcl,kcl
y,y
ix,n
s,s
ix,ix
r,r
z,z
ae,ae
r,ix
r,r
pau,pcl
q,q
pcl,pcl
kcl,tcl
hv,hv
kcl,kcl
ey,ey
eh,eh
bcl,tcl
s,s
ax,uh
r,r
ey,ey
tcl,tcl
eh,ae
ux,ux
d,d
uw,ax
ix,ih
q,q
epi,epi
r,r
iy,iy
k,t
ax,ax
p,p
dcl,m
q,m
iy,iy
gcl,dx
ao,aa
m,n
s,s
hh,hh
bcl,bcl
z,s
y,y
iy,iy
dcl,tcl
m,ng
pcl,tcl
ax,dcl
s,sh
ao,aa
ao,aw
ao,ao
tcl,kcl
eh,eh
z,z
ih,ih
tcl,tcl
kcl,tcl
tcl,kcl
n,n
k,k
iy,y
w,w
n,m
k,g
t,t
q,q
iy,ey
m,w
iy,iy
ix,ix
ay,ay
p,p
ay,ay
ah,ax
ix,ix
axr,er
ux,ux
ih,ih
ix,ix
oy,oy
ng,ng
ih,ih
m,ng
ax,l
r,ax
th,tcl
t,z
g,n
z,z
sh,f
ih,ih
ow,aw
dcl,dcl
uw,axr
iy,iy
epi,kcl
l,l
ix,dcl
ao,ao
g,v
r,r
kcl,kcl
aa,aa
ao,ao
r,q
l,r
dh,t
ih,ih
iy,iy
er,er
dh,dh
d,t
ih,ih
ow,ow
t,t
y,y
r,r
t,t
g,tcl
s,s
n,n
kcl,kcl
n,n
n,n
eh,axr
eh,ae
ah,axr
bcl,gcl
dh,tcl
th,th
tcl,tcl
kcl,pcl
hh,hh
s,s
m,m
s,s
q,y
bcl,dcl
ae,ay
k,g
ax,ao
ao,ax
r,r
jh,jh
ih,ih
axr,eh
r,r
tcl,tcl
w,w
r,r
ix,ih
dh,dh
ix,ix
ix,ix
r,r
iy,iy
p,p
ix,ux
n,n
t,t
bcl,bcl
nx,m
iy,iy
l,l
r,r
t,p
k,g
n,n
v,bcl
ae,ae
ao,aa
eh,r
kcl,tcl
b,k
s,s
g,g
sh,sh
ey,ey
ix,w
tcl,tcl
ax,q
r,r
d,b
aa,aa
ix,ix
kcl,kcl
k,k
eh,ix
r,r
tcl,t
n,n
axr,ax
tcl,tcl
g,dx
m,w
axr,axr
oy,oy
iy,iy
dcl,gcl
ah,aa
g,q
s,s
ax,l
dh,dcl
ih,ih
v,v
ih,ah
tcl,tcl
ow,ow
r,r
n,n
s,s
uh,ey
t,d
w,w
n,ng
epi,epi
d,d
r,r
ih,ih
iy,iy
hv,hv
p,p
iy,iy
d,q
r,r
r,r
ah,ah
ng,ng
s,sh
s,s
t,t
ix,ix
t,t
kcl,tcl
ay,ay
hv,hv
f,f
ae,ae
dcl,tcl
m,m
ey,iy
kcl,tcl
dcl,dcl
ix,nx
ix,ux
n,n
w,w
el,uh
tcl,q
ch,t
n,nx
r,r
ae,ae
axr,gcl
m,m
axr,er
t,t
iy,iy
ih,ih
l,l
pcl,epi
t,t
m,m
jh,jh
f,f
eh,eh
uh,ao
r,r
n,n
ax,ax
iy,iy
ao,aa
d,jh
k,k
s,s
ow,el
dh,t
w,w
ih,ih
s,s
ae,ae
ix,ih
t,jh
ix,ix
d,t
n,n
ix,ix
v,dcl
t,d
er,er
en,en
s,s
l,l
l,ux
t,d
tcl,tcl
n,ng
epi,pau
dcl,gcl
t,z
l,w
ih,ih
uw,ux
iy,iy
z,sh
iy,iy
n,n
n,ng
eh,ae
ix,ix
sh,sh
bcl,bcl
tcl,tcl
eh,eh
y,y
t,t
ih,ae
axr,r
z,z
er,er
k,k
ix,ix
y,y
s,s
pcl,pcl
ao,ao
t,k
er,axr
uw,uw
g,q
tcl,tcl
g,g
q,q
ch,jh
r,r
tcl,tcl
p,f
th,s
axr,r
epi,ax
iy,iy
f,f
f,f
gcl,pcl
jh,jh
ah,ah
r,r
tcl,tcl
t,t
r,r
ix,ax
ay,ay
gcl,gcl
q,k
ao,ay
aa,aa
iy,iy
z,z
z,s
q,q
ng,ng
ax,ao
k,k
iy,y
r,axr
ux,ux
ao,ao
kcl,ix
dx,dx
uw,uw
n,n
kcl,tcl
ax,ax
q,q
iy,iy
pau,pau
iy,iy
r,r
ih,ih
dcl,dcl
p,p
ay,ay
k,p
n,n
dh,dh
ax,ax
kcl,pcl
tcl,tcl
z,s
eh,eh
tcl,kcl
r,r
z,z
aa,aa
aa,ay
ay,ay
r,r
ao,ao
l,ao
ix,ih
dh,dh
n,gcl
nx,w
ch,ch
n,m
iy,iy
z,s
v,v
ao,ao
l,l
uw,uh
f,f
s,s
q,q
t,t
ow,ow
y,iy
ae,ae
gcl,gcl
eh,ae
v,ux
ey,ey
iy,iy
iy,iy
eh,eh
ay,ay
aa,aa
gcl,gcl
th,th
bcl,bcl
iy,y
s,s
m,m
tcl,tcl
axr,axr
q,q
w,w
dx,dx
ax,ax
ao,ao
epi,kcl
dh,n
aa,aa
pcl,tcl
tcl,tcl
t,t
ae,ae
iy,iy
r,r
hv,ah
dx,dx
eh,eh
gcl,gcl
epi,epi
iy,iy
eh,eh
ix,ax
r,eh
er,axr
ao,ao
z,z
l,l
dcl,th
kcl,tcl
s,s
iy,iy
s,s
w,w
ih,ih
ey,ey
gcl,gcl
q,q
pau,pau
l,l
ae,ae
kcl,kcl
eh,ax
jh,s
l,el
l,el
el,el
eh,eh
kcl,kcl
ao,aa
ix,dh
tcl,gcl
m,m
n,n
axr,er
n,m
iy,ix
eh,ae
l,l
kcl,pcl
kcl,kcl
jh,jh
k,k
s,s
ae,ae
th,f
kcl,tcl
sh,sh
s,s
sh,sh
t,t
ay,ay
el,el
d,d
th,th
t,t
s,s
f,f
aa,q
g,dx
r,r
iy,iy
s,s
ey,ey
w,w
iy,iy
aa,aa
ow,uh
iy,ih
sh,sh
s,s
pcl,pcl
aa,ao
pcl,pcl
t,hh
t,t
r,dx
r,r
v,dh
w,w
ah,ah
ae,ae
ah,eh
m,m
dcl,dcl
n,n
w,w
d,t
z,z
eh,ae
ix,ix
tcl,pcl
epi,kcl
er,eh
dh,dh
ay,ay
iy,iy
v,v
tcl,tcl
z,z
tcl,tcl
ao,aa
ah,ae
sh,sh
t,t
dcl,dcl
axr,ix
r,r
ih,ey
iy,iy
iy,iy
ow,ow
bcl,bcl
eh,ae
iy,y
ix,ix
ao,ah
sh,sh
ih,ix
dx,n
w,w
uw,ix
dcl,dcl
oy,oy
ih,ix
axr,axr
z,z
n,n
p,d
ae,ae
p,p
d,d
ix,ix
tcl,tcl
ix,ix
oy,oy
iy,iy
eh,ih
z,z
tcl,pcl
ch,sh
eh,eh
aa,aa
ae,ey
eh,ih
ae,ae
kcl,ax-h
g,g
t,t
dh,p
k,k
q,q
n,gcl
q,q
aa,aa
kcl,tcl
l,w
ix,ix
n,m
d,d
eh,ih
d,b
l,l
z,s
ix,ix
pcl,kcl
s,s
epi,dcl
s,z
pcl,tcl
er,axr
oy,oy
aw,aw
pcl,tcl
n,m
kcl,gcl
s,s
ih,ix
er,er
tcl,tcl
oy,oy
iy,iy
iy,ix
kcl,kcl
r,r
eh,eh
ix,ix
er,axr
ng,n
ah,ah
axr,r
ih,ih
r,r
k,g
ao,uh
sh,sh
kcl,pau
l,el
d,t
l,el
r,r
y,ux
pcl,gcl
gcl,kcl
k,k
s,s
q,q
aw,aa
axr,axr
ay,aa
eh,ae
s,s
z,s
ao,ao
iy,iy
ao,ao
ao,aa
sh,sh
ng,ng
p,p
ax,ah
axr,er
ix,iy
aw,aw
k,th
ae,ae
ih,ix
kcl,kcl
l,l
z,z
s,sh
er,er
ix,ix
er,axr
l,l
iy,iy
tcl,kcl
el,el
kcl,kcl
dcl,tcl
ae,ae
n,n
ax,ax
y,y
tcl,tcl
s,tcl
m,m
s,s
dh,dh
el,el
ow,el
er,er
l,ih
q,q
ae,ae
q,q
dcl,dcl
n,m
iy,iy
ng,ng
iy,iy
t,t
n,bcl
q,q
kcl,kcl
m,n
ax,ax
hh,hh
l,n
iy,iy
tcl,tcl
ix,ih
ae,ae
dh,v
r,axr
axr,ix
g,k
s,s
ae,eh
ow,ow
z,z
eh,eh
bcl,bcl
dcl,tcl
r,r
dcl,dx
n,bcl
q,q
ix,ix
v,dh
ix,ix
iy,iy
n,n
q,q
z,z
l,ax
k,g
s,s
kcl,kcl
p,p
sh,sh
s,s
dcl,pau
kcl,kcl
tcl,s
axr,er
w,w
s,s
q,q
ix,ix
iy,iy
ey,ey
kcl,pcl
oy,oy
r,r
ax,ix
iy,iy
q,q
ay,aa
tcl,tcl
f,f
kcl,kcl
s,s
ah,ax
r,r
ao,aa
k,k
sh,z
ao,ao
d,d
ow,ow
iy,iy
ix,ih
epi,epi
s,s
f,f
pau,tcl
ix,ix
s,z
hh,hh
t,t
l,l
epi,kcl
n,dh
dx,dx
m,n
dx,dx
ix,y
pcl,tcl
tcl,tcl
s,s
ae,ae
ow,ao
ae,ae
dcl,n
t,th
m,m
pau,q
hv,hv
s,s
n,n
jh,jh
dcl,dcl
ng,ng
r,r
ay,ay
ix,ix
axr,ih
r,r
bcl,bcl
aa,aa
epi,kcl
dcl,dh
ow,ow
ey,ey
s,s
sh,sh
aa,aa
ao,ah
pau,pau
epi,epi
tcl,tcl
q,q
ix,ix
m,m
iy,y
w,r
m,bcl
n,n
s,s
ax,ax
s,z
ih,ih
sh,sh
ix,ah
tcl,tcl
r,r
ae,ae
tcl,pau
eh,eh
f,f
ah,ah
k,k
en,en
jh,jh
l,l
n,n
sh,ch
k,k
aa,aa
m,m
iy,iy
iy,iy
k,k
ae,ae
f,f
r,axr
p,g
ix,ih
ih,ix
ax,ax
axr,axr
aa,ao
ih,ih
m,m
oy,oy
ae,ae
f,f
z,z
v,dx
uh,uh
ow,l
ih,ey
ey,ey
pcl,pcl
n,en
ix,ih
m,m
d,t
w,w
l,l
bcl,bcl
v,bcl
dcl,dcl
l,l
bcl,bcl
el,el
axr,axr
ix,ix
s,z
kcl,kcl
y,y
ng,n
m,m
tcl,tcl
ae,ae
ux,ux
bcl,bcl
iy,iy
y,y
iy,iy
q,q
sh,sh
p,p
w,w
dh,v
ih,ih
eh,eh
k,k
r,r
g,g
ix,ix
ih,l
ih,ih
t,t
ix,ix
sh,sh
y,iy
m,m
bcl,dx
aa,aa
ix,ix
m,m
r,ax
q,q
t,t
l,el
pcl,kcl
dcl,bcl
jh,jh
ah,ah
gcl,gcl
ih,ih
kcl,tcl
epi,epi
ix,ix
s,s
n,n
l,l
f,f
k,k
f,f
q,q
p,b
ix,ix
iy,iy
v,v
r,r
tcl,tcl
s,s
l,l
q,q
y,y
l,l
t,t
tcl,epi
ow,ae
dcl,tcl
sh,sh
axr,axr
iy,ix
dh,dh
q,q
bcl,dcl
f,f
ae,eh
iy,iy
ih,ih
pcl,tcl
hv,hv
ix,ax
w,w
uw,l
ay,aa
k,k
ay,ay
l,l
ix,ix
ih,ih
ih,eh
z,z
aa,ao
b,p
m,m
r,r
ux,ih
ix,ih
kcl,kcl
bcl,bcl
ax,ax
kcl,kcl
tcl,epi
tcl,tcl
ah,ah
ae,ae
tcl,v
dh,dh
m,ae
s,s
n,n
iy,iy
p,t
iy,iy
ih,ih
s,s
aw,aa
p,p
ix,ix
n,n
el,ax
ix,ih
y,y
eh,ax
n,n
z,z
ix,ix
ao,ao
ey,ey
ow,ao
axr,r
axr,er
ix,en
z,jh
m,n
dcl,dcl
l,l
b,k
t,t
l,r
ae,ae
ix,ax-h
kcl,kcl
kcl,pcl
eh,eh
v,v
n,n
m,n
th,t
w,w
ey,ay
hv,hh
ix,iy
gcl,gcl
th,th
iy,iy
tcl,kcl
ax,ax
l,l
eh,eh
ae,aw
ao,ao
jh,y
ay,ay
dcl,dcl
oy,oy
m,m
sh,sh
n,tcl
eh,eh
ix,iy
axr,axr
n,ng
kcl,kcl
iy,iy
gcl,gcl
q,q
r,r
ux,y
q,r
s,s
ch,s
n,n
ax,ax
ey,ux
ih,ih
p,p
l,l
kcl,kcl
ih,ih
k,k
q,q
ae,ah
ah,ax
axr,r
axr,er
uw,n
er,er
n,en
ux,ix
el,el
tcl,tcl
el,ow
eh,ae
ix,ih
tcl,tcl
m,m
el,l
n,en
t,t
t,s
ux,ux
ao,aa
ae,ae
dcl,dcl
s,s
iy,iy
m,v
axr,eh
t,t
m,m
sh,sh
axr,er
l,l
pcl,pcl
r,eh
q,q
dcl,gcl
iy,iy
kcl,tcl
ao,ao
ae,ae
sh,sh
hh,hh
axr,ix
uh,ah
ay,ay
m,uw
z,z
gcl,gcl
ng,n
ao,aa
s,s
s,s
ix,iy
en,n
l,ax
ch,ch
s,s
jh,jh
ey,ey
v,dh
s,s
iy,iy
er,er
s,s
sh,sh
dcl,tcl
q,q
kcl,epi
z,z
z,z
ao,l
s,z
n,n
t,d
dcl,dcl
dcl,n
p,p
ih,ih
ae,ae
ih,ix
m,m
hh,hh
w,w
ae,ae
s,s
hh,hh
ih,ih
ah,ah
ix,ix
iy,iy
ch,t
eh,ae
tcl,bcl
w,w
ae,ae
k,q
n,n
n,gcl
ax,ax
iy,iy
ae,ae
eh,eh
l,ax
ah,eh
ix,ih
ix,ih
ng,n
m,m
bcl,bcl
n,n
w,w
iy,iy
z,z
th,z
axr,axr
iy,iy
m,bcl
epi,epi
ix,ix
n,n
r,eh
n,n
z,s
iy,y
ax,ix
f,f
ah,aa
el,ao
er,axr
ae,ae
ix,ax
s,s
ih,ix
l,ax
w,m
el,uh
ae,eh
m,n
r,r
q,pau
ey,ey
ch,jh
dcl,dcl
ih,ih
l,l
r,r
l,l
iy,iy
axr,axr
ix,ix
l,l
ao,ao
dcl,dcl
pau,gcl
m,en
pau,pau
tcl,kcl
dh,dh
r,r
ix,ix
p,p
w,w
dcl,n
el,l
ax,ax
t,jh
ey,ey
dcl,n
dh,l
w,ax
dh,dh
y,y
z,z
dh,v
ah,ay
r,r
nx,nx
z,s
z,z
ax,ix
f,f
n,m
m,m
n,n
iy,y
nx,n
s,s
kcl,tcl
w,w
axr,axr
n,n
iy,iy
s,s
jh,ch
s,s
n,ng
z,z
ax,ax
kcl,kcl
pcl,tcl
ao,aa
el,l
w,ao
q,q
r,r
y,q
f,f
er,er
eh,eh
f,f
s,z
ey,ih
s,sh
ih,ih
iy,iy
th,f
ih,ax
aa,ao
ey,ey
ix,iy
p,p
p,hh
eh,ih
s,s
n,n
l,l
aa,aa
iy,iy
k,p
iy,iy
n,n
axr,r
uh,ah
w,w
ey,ey
kcl,kcl
iy,y
gcl,n
eh,ix
ao,ow
gcl,dcl
r,r
s,z
ux,ux
r,ay
n,nx
eh,eh
r,r
pcl,pcl
ux,iy
sh,sh
z,z
z,gcl
t,jh
ix,eh
aa,r
ix,ax
d,q
n,n
ax,ih
dx,dx
z,z
z,z
l,l
hh,q
ch,t
y,y
ao,ao
tcl,tcl
ih,ix
ao,w
ae,ae
hh,epi
tcl,tcl
v,v
k,k
ix,ih
p,p
m,m
v,f
hh,q
epi,n
epi,epi
s,s
tcl,dcl
t,z
kcl,kcl
y,y
iy,iy
tcl,pcl
f,z
kcl,kcl
er,er
ey,ey
hv,hv
ix,iy
k,g
q,q
r,r
n,n
en,n
ih,ih
pcl,pcl
ix,ax
f,f
tcl,tcl
r,r
ah,ix
y,y
tcl,tcl
kcl,tcl
n,n
kcl,tcl
n,m
l,m
kcl,dcl
er,ih
l,l
kcl,kcl
n,m
y,d
ix,ix
t,t
q,q
ux,ih
v,v
w,w
jh,k
f,f
k,k
ah,ah
n,n
p,p
l,l
pcl,tcl
v,pcl
n,n
bcl,bcl
z,z
s,s
l,ax
tcl,dcl
m,m
r,r
n,n
dcl,dcl
ih,ix
m,m
z,z
tcl,n
iy,ih
ih,iy
n,n
l,uw
th,t
bcl,tcl
iy,iy
ay,ay
ih,ih
ow,ow
ix,eh
dx,dx
f,f
l,el
iy,iy
el,el
uh,axr
m,n
ax,ax
f,f
f,f
q,q
z,s
aa,aa
ix,ix
ao,aa
ay,ay
sh,sh
ey,ey
aa,aa
aw,ow
w,w
ax,ix
ih,er
iy,iy
eh,ih
n,n
n,em
tcl,pcl
b,p
axr,axr
g,p
n,n
p,p
p,p
hh,hh
uw,ow
f,f
aa,aa
gcl,pau
t,t
y,y
ix,ix
aa,aa
n,gcl
z,s
ao,ao
ay,ay
l,l
n,nx
aa,aa
ow,l
q,dcl
ao,ao
l,l
ax,q
r,r
ow,ow
er,axr
n,en
k,k
z,z
ae,eh
jh,jh
axr,ix
axr,axr
iy,ix
ch,ch
axr,axr
ey,ih
ah,eh
k,p
er,er
pau,th
gcl,kcl
s,s
l,l
axr,er
ae,ae
ah,ah
dcl,dcl
v,v
axr,r
ix,ih
th,dh
g,g
ix,ix
ow,ow
f,f
dcl,dcl
ix,ix
f,dh
tcl,tcl
gcl,gcl
oy,oy
eh,eh
w,w
n,dx
uh,ow
ae,ae
bcl,bcl
l,l
f,f
ow,ow
k,g
y,y
v,th
dcl,dcl
sh,sh
tcl,tcl
ih,ih
t,t
ey,ey
iy,iy
kcl,tcl
ng,n
s,s
pcl,pcl
z,z
oy,oy
q,q
uw,w
r,r
aa,ah
t,t
ix,ix
ae,ae
s,s
kcl,tcl
t,t
q,q
kcl,tcl
l,l
n,n
l,l
ix,ih
ae,ae
kcl,kcl
y,ih
dcl,tcl
axr,axr
dx,dx
aa,aa
zh,z
dcl,dcl
pcl,pcl
l,r
r,r
tcl,dcl
f,f
l,w
r,ax
g,k
k,p
pau,th
dcl,tcl
axr,axr
pcl,tcl
aa,aa
dh,dh
pcl,kcl
n,m
eh,eh
ix,ih
tcl,tcl
n,m
er,er
gcl,kcl
g,g
r,r
ae,ae
k,g
ih,ih
eh,eh
q,l
g,t
tcl,tcl
z,z
aa,r
k,t
l,l
m,m
l,l
t,jh
er,er
ix,n
l,l
d,t
ae,ae
t,t
hv,hv
g,k
l,l
uw,r
axr,r
iy,iy
ix,ux
el,el
ao,ao
jh,jh
pcl,bcl
nx,n
ax,aa
hv,hv
tcl,tcl
iy,iy
dcl,gcl
pcl,kcl
w,w
iy,iy
ix,q
ao,ao
t,t
ay,ae
r,r
d,jh
ey,iy
ix,ax
k,k
ay,ae
dh,dh
s,s
p,p
aa,aa
z,z
sh,sh
iy,iy
aw,aw
t,t
eh,ah
y,y
gcl,dcl
r,axr
bcl,pcl
t,t
m,n
l,l
ih,iy
ix,ix
iy,ih
t,t
ih,ih
ao,ao
s,s
tcl,kcl
gcl,gcl
iy,ix
l,ax
dcl,dcl
tcl,pcl
ey,ey
f,p
dcl,dcl
ix,iy
t,t
q,q
kcl,pcl
v,w
z,z
p,b
ix,ax
v,v
kcl,kcl
r,r
ae,ae
s,s
ae,ae
ow,ow
ix,ix
gcl,tcl
r,r
ix,q
iy,iy
p,k
ey,ey
s,s
ay,ay
iy,iy
ae,aw
pau,pau
aa,ay
k,k
ay,aa
w,w
m,m
iy,iy
en,m
ow,ow
q,q
iy,iy
ng,n
iy,iy
p,p
ih,ih
pcl,kcl
ux,ux
iy,iy
z,s
er,er
iy,iy
f,f
t,t
pcl,pcl
ax,w
m,n
r,r
t,t
ey,eh
m,m
tcl,tcl
en,n
dcl,dh
iy,y
l,l
v,v
eh,ey
iy,n
aa,ae
dcl,dcl
ih,ih
t,t
ae,ah
ix,ax
tcl,tcl
zh,z
w,w
bcl,pcl
ah,ah
w,w
ae,ae
kcl,tcl
w,w
bcl,bcl
ao,ao
dcl,dcl
l,dh
ix,ix
dcl,gcl
n,n
m,n
hv,hv
er,eh
kcl,kcl
eh,ax
tcl,pcl
ux,ih
s,s
v,tcl
eh,eh
m,m
l,el
ux,ix
ix,ix
hv,hv
s,s
pcl,pcl
n,n
s,s
kcl,tcl
k,k
oy,oy
ix,ix
r,axr
l,l
t,t
ux,iy
iy,y
s,s
ao,ao
n,n
r,r
n,n
ae,ae
y,y
s,s
hv,hv
pcl,pcl
dcl,dcl
s,s
s,s
ey,ey
t,t
bcl,n
ih,ih
w,w
eh,ah
ih,ih
n,n
s,s
epi,epi
ae,ae
uh,uh
ix,ix
ao,ay
y,y
ch,ch
iy,iy
ao,ao
sh,sh
ih,ix
er,axr
iy,iy
ux,ux
iy,y
axr,axr
tcl,bcl
r,r
tcl,q
z,s
r,v
dh,dh
dcl,dcl
l,l
dcl,dcl
iy,iy
ah,ax
ao,aa
oy,oy
uh,ih
el,w
t,q
f,f
ih,ih
iy,q
ay,ay
epi,epi
kcl,dh
l,dcl
p,d
r,r
q,tcl
r,axr
f,s
p,p
ae,ae
gcl,pcl
aa,aa
iy,iy
iy,iy
bcl,bcl
w,w
tcl,tcl
dcl,tcl
l,l
iy,iy
ih,eh
s,s
k,k
tcl,kcl
z,s
m,m
iy,iy
s,s
ao,ao
ah,aw
v,v
r,r
ah,aa
ah,ah
l,l
ix,ix
l,l
aa,aa
t,d
s,s
r,r
ey,ey
r,axr
aa,aa
z,z
gcl,gcl
ae,ae
s,s
aa,aa
z,s
jh,jh
n,n
iy,ey
aa,aa
axr,ao
ae,ae
kcl,tcl
ih,ih
l,uw
eh,ey
jh,jh
s,s
tcl,gcl
ay,ay
ae,ae
z,z
s,s
ae,ae
l,l
k,g
ax,ax
z,z
s,s
f,th
dh,t
axr,axr
pcl,pcl
s,s
ih,ih
r,r
iy,iy
eh,ih
iy,ey
k,k
pau,pau
t,tcl
kcl,dcl
tcl,kcl
w,w
eh,eh
s,s
tcl,tcl
nx,n
ux,ux
tcl,pcl
aa,aa
em,m
tcl,tcl
gcl,kcl
w,w
ao,ao
iy,y
eh,eh
nx,n
ao,ao
ao,aa
ae,ae
s,z
en,m
ah,ax
ix,ih
s,s
ae,ih
th,th
ux,ux
iy,iy
ay,ay
s,s
dh,t
ix,ix
tcl,kcl
dh,p
ix,ey
dx,dx
eng,en
axr,r
hv,hv
iy,iy
z,s
f,f
el,el
ax,ax
t,t
tcl,tcl
epi,gcl
t,t
eh,ah
s,s
er,axr
iy,iy
epi,k
aa,aa
tcl,tcl
m,m
s,s
p,p
q,q
ix,nx
ey,ey
w,w
z,s
dcl,gcl
n,ng
ah,ah
ax,ah
ow,ax
ix,iy
aw,aw
r,ix
ix,ix
r,w
sh,sh
ix,ix
v,v
el,uh
f,pcl
f,s
r,r
ax,ah
pcl,pcl
p,p
t,t
ax,ax
f,f
t,jh
gcl,bcl
ix,r
pau,epi
k,k
ix,ix
r,r
n,n
k,jh
gcl,kcl
tcl,kcl
z,s
eh,eh
l,el
ao,ao
iy,iy
r,r
y,jh
ih,r
eh,eh
q,q
r,q
er,er
w,w
v,v
q,q
sh,sh
er,er
y,r
k,k
g,g
ay,er
v,v
th,th
ix,ih
q,tcl
ah,ah
eh,eh
w,w
hh,hh
ng,n
s,s
iy,iy
ix,y
l,ih
z,s
m,nx
en,n
kcl,kcl
r,r
l,l
er,axr
gcl,gcl
hh,p
r,r
r,r
tcl,pau
ih,ih
er,axr
ix,ix
axr,axr
aa,ao
r,r
ae,ae
eh,eh
aw,aw
p,th
dh,dh
dx,d
er,axr
dx,dx
n,n
n,q
tcl,tcl
z,z
iy,ey
v,v
q,q
s,s
kcl,kcl
ao,aa
er,axr
ow,ow
s,s
sh,sh
kcl,dh
n,m
iy,iy
sh,sh
s,s
ao,ao
l,l
l,l
dcl,dx
pcl,pcl
v,v
k,th
sh,sh
ah,aa
ix,ix
r,r
ix,y
s,s
ax,axr
n,n
ae,ae
ix,ow
ey,ey
s,s
ix,ix
ih,ih
pcl,gcl
iy,ih
r,r
kcl,tcl
ax,ax
axr,er
ax,ax
pau,pau
l,nx
w,w
ix,axr
ih,axr
r,r
z,z
ae,ae
r,n
f,f
ae,ae
iy,iy
dx,d
hv,hv
hh,epi
ng,q
er,r
v,v
eh,ix
iy,iy
ix,ih
bcl,kcl
s,s
er,er
gcl,tcl
aw,ae
axr,axr
l,ax
eh,eh
z,s
t,d
w,w
ch,jh
b,b
ax,aa
s,z
g,dx
m,m
f,f
f,f
l,l
ax,r
tcl,tcl
axr,axr
ng,n
dh,bcl
g,g
tcl,tcl
ae,ae
n,n
t,dh
s,s
ah,ax
w,en
kcl,kcl
q,dh
r,l
iy,y
dx,r
r,nx
dcl,gcl
z,z
d,ix
ow,ow
ih,ih
k,k
ah,ih
pcl,tcl
r,r
hh,hh
n,n
ih,eh
iy,iy
kcl,kcl
s,s
iy,iy
dcl,gcl
l,l
r,r
ae,ae
l,w
tcl,tcl
eh,ax
f,f
z,z
ax,ax
epi,dh
ng,ng
tcl,kcl
gcl,dcl
b,p
d,d
ao,ao
dcl,tcl
s,s
aa,aa
oy,oy
ae,ae
dcl,dcl
q,q
l,l
hh,k
pcl,pcl
kcl,kcl
n,en
iy,iy
er,er
axr,axr
oy,oy
ah,ah
k,k
ow,ow
tcl,z
ao,ao
ah,ah
s,th
ey,ey
pau,pau
uw,w
dcl,kcl
t,p
kcl,tcl
zh,y
dx,dx
r,r
q,q
ae,ae
n,n
jh,jh
w,el
y,y
gcl,kcl
th,th
iy,iy
t,t
ae,ae
kcl,pcl
r,aa
dx,dcl
ao,aa
axr,axr
k,k
axr,r
s,s
q,q
ey,ey
dcl,tcl
gcl,bcl
el,el
ax,ax
k,k
s,s
ay,ae
n,ng
eh,ae
q,q
m,m
dx,dx
iy,iy
iy,iy
f,f
p,p
dcl,pcl
s,z
t,t
dcl,gcl
r,er
q,q
ey,ey
aw,ah
axr,axr
tcl,kcl
iy,iy
er,axr
tcl,pcl
el,ax
m,m
iy,iy
p,p
iy,iy
r,r
iy,iy
dx,dx
v,v
ih,ih
y,iy
iy,iy
p,p
ax,v
r,r
kcl,tcl
s,s
iy,n
l,l
ch,ch
l,l
n,n
l,l
b,b
z,z
m,m
ow,ow
bcl,bcl
n,n
ix,ix
aa,ao
epi,epi
ix,ih
dx,dx
pau,pau
ae,ae
t,t
w,w
k,p
ow,ow
n,m
iy,iy
n,n
ax,aa
n,n
dh,dh
ih,q
l,ng
s,s
bcl,bcl
d,g
m,m
m,m
k,jh
t,t
bcl,kcl
iy,y
d,t
ao,ao
t,t
d,d
ay,ay
g,k
pcl,dh
dcl,dcl
tcl,tcl
l,l
tcl,bcl
pau,q
ax,uw
uh,ix
pcl,tcl
kcl,kcl
q,q
ay,ay
t,t
w,l
ow,el
sh,ch
aa,ay
k,k
ih,ix
tcl,tcl
z,s
t,t
v,tcl
ey,ae
n,n
oy,ow
l,l
ey,ey
f,f
n,tcl
dh,dh
iy,iy
f,th
ey,iy
ae,ae
iy,ix
sh,s
gcl,gcl
ix,ih
hv,hv
aa,aa
n,n
m,bcl
kcl,tcl
el,el
eh,ih
n,n
ix,ax
aa,aa
ax,dx
ux,ux
ao,ao
ih,ax
f,f
gcl,gcl
gcl,bcl
eh,ae
m,n
en,n
dx,dx
iy,ih
er,er
ih,ih
iy,iy
aa,aa
q,q
ow,ow
n,n
w,w
z,z
ax,ax
ix,ux
m,m
dx,dx
ix,ix
aa,aa
v,v
ih,uh
axr,ax
gcl,gcl
iy,iy
n,tcl
hv,hv
ng,gcl
tcl,kcl
er,er
v,w
axr,axr
w,w
tcl,kcl
g,k
s,s
l,aw
dx,dh
axr,r
ix,ix
l,l
tcl,tcl
ih,ih
gcl,gcl
iy,iy
s,s
s,s
m,n
k,k
k,g
z,z
kcl,pcl
dcl,d
z,z
tcl,kcl
ah,ah
ng,ng
w,w
w,w
r,r
tcl,tcl
ah,ax
ao,ao
z,z
ey,ey
l,l
ah,ah
ix,ax
l,l
dx,dx
oy,oy
ix,ix
m,m
s,sh
g,g
eh,q
ix,ix
dcl,dcl
g,g
r,r
s,s
q,q
l,l
q,tcl
ah,ax
ao,ao
w,w
ih,ih
f,f
ch,jh
gcl,dcl
iy,iy
sh,sh
er,axr
r,r
n,n
r,r
ae,ix
l,w
k,t
q,q
er,er
er,er
er,axr
kcl,kcl
ae,ae
w,l
y,y
er,er
kcl,gcl
kcl,kcl
ux,ux
ux,ux
iy,iy
ao,ao
sh,sh
t,t
l,l
l,l
n,n
ih,ix
aa,aa
d,d
k,p
ao,l
ix,ih
dx,l
w,w
ix,ih
ay,aa
ae,ae
gcl,m
uw,uw
r,axr
ih,w
kcl,gcl
t,t
n,n
n,n
uw,uw
pau,pau
bcl,gcl
ix,ix
ah,ow
uh,ih
iy,iy
iy,iy
ao,w
r,r
n,m
w,w
kcl,pau
z,s
s,s
k,k
ay,ay
ix,ix
m,m
s,th
ae,ae
f,th
iy,iy
sh,s
l,ah
en,m
iy,iy
r,r
ey,ey
dx,dcl
f,dh
f,f
er,ih
k,k
ax,r
ow,aw
q,q
tcl,dcl
m,m
ux,n
l,l
axr,axr
pcl,bcl
ay,q
n,dh
r,r
ih,oy
ix,ix
w,w
s,s
dh,f
kcl,pcl
d,t
t,t
jh,ch
iy,iy
en,m
ey,ey
y,y
ix,ay
dcl,dcl
tcl,tcl
w,w
oy,oy
ax,ah
iy,iy
kcl,d
r,r
n,n
kcl,tcl
iy,ux
r,r
axr,axr
m,n
z,s
axr,axr
ah,ah
k,k
axr,axr
q,q
iy,iy
v,v
z,z
ix,ax
ix,ix
z,s
ow,ow
n,n
w,ae
pcl,pcl
th,th
sh,sh
n,n
s,s
ao,uw
gcl,ix
hv,hv
tcl,tcl
iy,iy
kcl,gcl
eh,ah
ix,ih
ey,ey
q,el
iy,iy
aa,aa
z,z
kcl,kcl
k,dh
s,s
kcl,tcl
v,v
sh,sh
kcl,tcl
tcl,gcl
r,ax
k,g
ix,ax
ih,ix
l,ax
m,n
n,n
aw,aw
z,z
ix,ih
uw,uw
ao,w
tcl,tcl
f,f
er,aa
kcl,pcl
r,er
sh,sh
gcl,dcl
s,s
eh,ah
iy,iy
ih,ih
ix,q
axr,er
r,r
kcl,kcl
jh,jh
iy,ix
s,s
ae,eh
s,s
ay,ay
kcl,kcl
ax,ix
v,bcl
q,q
pcl,tcl
w,r
gcl,bcl
kcl,kcl
s,s
s,s
ow,eh
kcl,kcl
n,en
kcl,kcl
p,p
k,k
w,w
er,axr
hh,hh
z,z
ae,ae
pcl,tcl
n,ix
dcl,dcl
v,dcl
k,k
r,r
m,n
dx,dx
l,aa
ix,r
iy,iy
iy,iy
ae,ae
epi,p
l,el
r,r
ix,ax
w,w
d,dx
axr,axr
ax,ix
ih,ih
axr,axr
r,r
eh,eh
s,s
ay,ay
l,l
pcl,tcl
t,tcl
axr,axr
s,z
n,n
z,z
tcl,bcl
iy,iy
l,ix
ih,ih
n,n
r,r
r,r
kcl,gcl
q,q
tcl,tcl
ae,ae
t,t
r,r
gcl,gcl
n,n
y,y
kcl,kcl
tcl,pcl
ay,ay
kcl,kcl
s,s
aa,ao
ax,ix
eh,ae
ao,ao
dcl,tcl
ix,ax
hv,hv
aw,ay
aa,aa
aa,ao
ae,eh
ae,ae
eh,ih
sh,sh
ix,tcl
l,ow
z,z
ix,ih
zh,zh
r,r
ax,ax
s,s
s,s
z,s
ax,ax
gcl,gcl
ay,aa
z,z
t,t
bcl,pcl
pcl,pcl
ih,ih
ch,jh
ey,ey
eh,eh
ih,ih
dh,dh
tcl,dh
k,k
ao,aa
ow,ow
t,d
m,m
ih,ih
s,z
s,s
dx,dx
r,r
epi,epi
epi,epi
kcl,kcl
epi,epi
tcl,q
ax,l
axr,axr
dcl,dcl
gcl,gcl
kcl,bcl
ux,ux
f,th
kcl,kcl
epi,epi
r,ae
s,s
g,g
er,r
eh,ae
eh,ax
ih,ih
iy,iy
g,l
er,er
sh,sh
sh,sh
aa,aa
axr,iy
pau,pau
n,m
k,k
l,l
w,ao
s,s
tcl,kcl
pcl,tcl
m,ng
z,z
s,s
bcl,bcl
q,q
r,ey
z,s
v,v
l,l
dx,dx
sh,sh
r,r
eh,eh
ix,ix
l,l
kcl,gcl
ix,axr
s,s
w,uw
iy,iy
dh,dh
axr,axr
tcl,tcl
ax,bcl
ao,ao
q,q
ix,ih
ae,ae
s,s
el,m
ow,ao
ix,eh
iy,iy
ao,aa
g,g
axr,ux
l,l
kcl,dx
w,w
w,ao
ng,nx
ah,ah
dh,t
t,t
m,m
tcl,tcl
iy,iy
n,n
iy,iy
z,z
aa,aa
ah,ax
r,r
s,z
eh,ae
tcl,kcl
ax,ix
ao,ao
ih,ix
ix,ix
oy,aa
ih,ih
s,s
t,t
ao,ao
m,gcl
pcl,pcl
hh,hh
gcl,kcl
iy,iy
t,t
ao,ao
ow,ow
iy,ix
m,m
ix,ix
tcl,tcl
ah,aa
l,l
ow,ow
ih,ix
ix,ah
ih,iy
ow,ow
kcl,kcl
ao,ao
ey,ae
pau,dcl
k,k
ah,ow
kcl,kcl
ey,ey
l,l
s,s
k,g
hv,hv
l,l
t,t
r,er
ow,ow
d,s
kcl,kcl
ah,ah
bcl,bcl
l,l
m,m
r,r
l,w
epi,epi
ix,ih
eh,eh
kcl,kcl
ih,ih
tcl,bcl
ix,ix
w,w
ix,ih
kcl,kcl
bcl,bcl
t,t
ah,eh
epi,f
en,dx
t,t
dcl,gcl
q,n
w,w
q,r
ux,ux
ae,ae
jh,jh
r,r
ae,ih
tcl,tcl
l,l
d,t
er,er
ix,ax
oy,oy
v,l
f,f
s,s
d,d
k,ch
l,l
axr,axr
l,l
n,n
v,v
ax,r
w,q
ay,eh
iy,iy
ih,ih
k,k
aa,aa
t,dh
hh,hh
s,s
aw,aw
n,n
t,d
ah,ay
f,v
dcl,dcl
dx,dx
dcl,dcl
t,jh
ao,ao
sh,sh
r,dcl
kcl,k
gcl,ng
ah,aa
gcl,gcl
g,g
q,q
n,n
r,axr
m,n
z,s
aa,aa
d,t
ow,ow
th,tcl
t,p
ax,ax
ng,ng
k,k
gcl,gcl
ae,ae
dx,nx
tcl,tcl
ix,eh
dcl,pau
kcl,kcl
axr,axr
s,s
gcl,gcl
l,l
ng,n
dh,bcl
sh,sh
z,s
r,r
v,v
ey,iy
ih,ah
ih,ih
ix,ih
ay,eh
ow,ow
ih,ix
s,s
er,r
ih,ih
iy,iy
tcl,tcl
s,s
w,w
ae,ae
ix,ix
m,m
s,s
hv,hv
ix,ix
ey,ey
ae,ae
r,axr
jh,jh
s,s
tcl,kcl
eh,ah
ix,ah
hv,hv
eh,l
z,z
m,m
pau,kcl
pau,pau
dcl,dcl
ow,ow
tcl,tcl
ch,t
ih,q
v,f
dcl,kcl
q,q
v,v
er,er
ao,ow
eh,ae
y,dx
ch,ch
q,q
kcl,kcl
el,el
ax,ax
tcl,tcl
pau,tcl
bcl,bcl
tcl,epi
ix,ih
ae,eh
l,l
l,l
ay,ay
l,l
er,el
el,el
k,th
pcl,pcl
uw,el
ix,ih
el,ao
er,ow
uw,ih
tcl,tcl
r,r
el,ax
iy,ix
d,t
er,er
r,r
ah,ow
r,r
dcl,dcl
n,n
aa,aa
ey,ey
z,s
er,axr
kcl,kcl
ax,nx
z,s
pcl,bcl
er,axr
ih,y
q,q
n,n
dcl,dcl
ah,ax
q,n
ix,ix
aa,ah
ey,ey
eh,eh
s,s
dcl,dcl
n,n
t,k
w,w
f,f
r,r
ay,ae
iy,iy
r,r
dx,dx
epi,dh
iy,iy
gcl,gcl
f,f
r,er
axr,axr
iy,iy
r,r
s,s
ix,z
ix,ix
ux,ih
sh,sh
ix,ix
f,z
axr,axr
dcl,gcl
aw,ah
w,q
en,tcl
ix,ix
er,er
kcl,epi
uw,uw
ay,aa
w,w
iy,iy
ah,aa
ow,ow
jh,jh
m,m
w,w
f,f
iy,iy
r,r
pcl,pcl
kcl,kcl
iy,iy
gcl,gcl
r,r
r,r
aa,aa
w,ax
ix,ix
ah,eh
ih,ih
ae,ae
s,s
y,q
eh,ix
l,l
aw,aw
r,d
tcl,pcl
ao,ao
tcl,tcl
ix,ix
axr,axr
ix,ix
epi,epi
ay,ay
iy,iy
ih,eh
v,w
kcl,kcl
l,r
ng,m
gcl,dcl
ux,ux
v,dh
iy,ih
ix,ix
w,w
p,p
kcl,tcl
axr,axr
ah,ah
zh,zh
k,g
ae,ae
oy,oy
ao,ao
ix,ih
w,w
l,l
ae,ae
ao,ao
aa,aa
r,r
tcl,tcl
th,dh
q,q
iy,iy
f,epi
bcl,bcl
ax,ax
kcl,k
er,axr
ae,ih
ix,ix
kcl,kcl
iy,iy
k,k
r,r
ay,oy
pcl,bcl
en,ix
r,ix
l,l
pcl,th
hv,hv
d,p
gcl,kcl
pcl,pcl
aa,aa
dcl,dcl
ao,ao
dcl,dcl
ax,ax
p,p
ix,ih
ix,ih
l,q
s,s
th,th
aa,aa
dh,dh
p,p
axr,ih
kcl,tcl
iy,ux
er,er
tcl,bcl
m,n
s,s
s,s
n,n
t,d
epi,w
l,l
ay,ah
kcl,pcl
ax,ih
ih,iy
eh,aw
k,g
ow,ow
el,w
axr,r
el,l
s,s
gcl,m
l,l
tcl,kcl
tcl,tcl
uh,ix
s,s
ix,dcl
m,m
eh,ae
ax,ow
iy,iy
ay,ae
bcl,bcl
ae,ae
t,t
dcl,dcl
er,r
ao,ao
r,axr
dcl,dcl
ah,ah
z,z
axr,axr
iy,iy
d,t
ah,ah
ay,ay
ix,eh
ae,eh
r,q
kcl,kcl
pcl,tcl
q,w
nx,n
eh,ae
l,q
l,l
axr,r
ao,aa
y,y
tcl,tcl
ux,er
iy,iy
n,m
z,z
dh,dh
axr,axr
dcl,dcl
eh,eh
t,k
el,el
ae,ae
k,k
n,n
r,r
w,w
k,k
n,n
r,axr
y,y
k,k
ae,ae
ih,iy
ah,aa
ay,ay
s,z
f,f
ey,ey
r,r
d,d
ih,ih
hv,hv
k,k
s,s
ae,ae
v,v
s,s
dcl,dcl
v,f
g,dh
l,w
ih,ix
kcl,tcl
r,axr
er,er
n,m
n,n
ax,b
tcl,tcl
uw,uw
l,ax
k,k
ey,iy
y,y
z,s
s,z
ax,eh
aa,ae
kcl,kcl
eh,ix
hv,hh
r,r
f,f
dx,dx
iy,iy
s,s
s,z
dh,kcl
r,r
n,n
ng,ng
t,t
p,p
f,f
ih,aw
ih,ih
th,z
eh,eh
eh,ah
l,l
ih,iy
ux,ux
f,f
ih,ah
s,s
w,ao
m,l
pcl,pcl
dcl,dcl
dh,t
ng,ng
kcl,kcl
ow,ow
pcl,pcl
dh,s
ix,l
tcl,dcl
bcl,bcl
dcl,tcl
iy,iy
tcl,gcl
s,s
k,k
aa,ay
q,q
ux,uw
ix,ax
kcl,kcl
ax,ah
ay,ay
kcl,tcl
f,f
f,f
axr,ax
l,uh
dx,dx
er,er
bcl,bcl
s,s
axr,axr
r,r
gcl,kcl
ae,ae
ih,ax
t,t
r,aa
kcl,kcl
s,sh
ix,ix
s,s
v,v
ah,ae
t,d
tcl,tcl
ix,q
bcl,bcl
n,n
q,n
iy,iy
eh,ah
uh,ow
n,n
kcl,pau
l,l
ah,ah
s,s
kcl,kcl
k,hh
ae,ae
eh,ih
bcl,kcl
p,p
iy,iy
s,s
epi,kcl
s,s
axr,axr
axr,er
aa,aa
q,q
n,w
bcl,bcl
q,g
s,s
ay,ah
n,n
y,y
s,s
z,z
bcl,tcl
r,r
l,l
n,n
ow,ow
ih,ih
ih,iy
eh,ih
z,z
y,y
l,el
l,dh
ix,q
kcl,tcl
ng,n
axr,axr
ao,ao
kcl,kcl
k,k
ah,r
p,p
ey,y
iy,iy
ah,aw
iy,iy
z,z
m,n
ax,l
ax,eh
epi,tcl
iy,iy
aa,aa
ax,ax
iy,iy
tcl,pcl
r,r
ao,ao
ih,ix
dx,dcl
epi,k
er,ih
dcl,tcl
b,t
axr,axr
th,th
aa,aa
eh,ae
ao,ao
s,s
dh,l
ay,aa
s,s
s,s
kcl,th
kcl,kcl
pcl,gcl
ay,ay
axr,er
m,m
kcl,tcl
aa,aa
ux,ix
z,z
r,r
n,m
w,w
pcl,tcl
er,axr
s,s
pcl,pcl
ah,ah
sh,sh
kcl,kcl
p,p
ow,l
l,l
tcl,n
v,v
aa,aa
kcl,kcl
p,hh
s,s
r,r
y,y
ae,ae
ae,ae
ae,ae
n,m
tcl,tcl
v,v
aa,aa
z,dx
el,ao
tcl,gcl
tcl,kcl
n,v
l,dh
aa,ay
k,p
ey,ih
t,d
m,n
n,en
t,t
ix,ix
s,s
w,w
er,er
ih,uh
n,n
iy,iy
k,k
ah,ah
ey,ey
dcl,dcl
ae,ae
v,v
pau,tcl
s,ch
z,z
ah,ae
kcl,gcl
s,s
en,ng
hv,dx
ux,ux
pcl,epi
w,ax
z,z
axr,axr
dcl,tcl
ch,ch
pcl,pcl
ah,ax
ax,ax
z,z
axr,axr
w,w
pau,th
kcl,kcl
f,f
dcl,n
p,q
r,r
s,s
m,ng
axr,er
ax,ah
tcl,pcl
ao,ao
z,f
l,l
iy,ix
z,z
uw,uw
s,sh
sh,f
r,r
n,n
kcl,kcl
ih,ih
eh,ih
l,l
ih,ah
s,s
jh,jh
aa,aa
r,r
ix,ix
ae,ey
kcl,kcl
w,l
axr,er
g,g
ih,eh
dcl,dcl
m,n
r,r
ih,ng
kcl,tcl
ih,eh
tcl,tcl
ay,ay
m,m
kcl,kcl
f,f
el,el
f,hh
epi,l
ae,ae
dcl,dcl
oy,oy
k,hh
s,s
tcl,kcl
pcl,tcl
sh,sh
s,s
t,t
v,dh
eh,eh
s,z
ux,ux
eh,ix
ix,ih
kcl,kcl
w,w
uw,uw
kcl,tcl
r,r
tcl,tcl
ow,uw
kcl,kcl
ix,ah
k,k
iy,iy
aa,aa
gcl,gcl
tcl,q
eh,eh
ng,ng
jh,jh
n,n
ux,ux
s,s
f,f
k,k
kcl,kcl
s,s
k,k
aa,aa
s,s
t,t
z,sh
p,p
z,s
ix,ix
dh,v
l,l
y,iy
ax,ax
eh,eh
gcl,n
sh,sh
dh,pau
l,l
ey,ey
l,ax
f,s
gcl,bcl
axr,axr
epi,epi
n,n
s,s
ih,ih
w,w
l,ax
kcl,tcl
v,v
eh,eh
kcl,kcl
k,k
w,w
iy,iy
q,q
m,m
ih,ix
axr,axr
dh,dh
sh,sh
gcl,ng
tcl,tcl
pcl,pcl
z,z
tcl,pcl
ix,ix
dcl,dcl
kcl,tcl
r,w
th,t
ay,ay
iy,iy
m,m
s,s
eh,eh
ch,t
m,n
iy,iy
y,iy
ao,ao
eh,ae
q,q
ih,ih
y,y
n,n
bcl,n
l,l
n,n
l,l
n,n
ih,ih
ix,ax
ao,ah
dcl,dcl
s,s
dcl,gcl
ao,ao
l,l
n,n
iy,iy
w,r
kcl,kcl
dh,dh
w,n
z,z
kcl,kcl
hv,hv
ix,ix
dcl,gcl
k,k
dh,v
ih,ih
y,y
tcl,q
ix,ux
n,n
dcl,dcl
k,k
k,k
f,f
el,uw
iy,ey
l,ao
r,q
ax,ax
w,l
uh,ix
sh,s
aa,aa
ih,ix
ao,ao
uh,el
el,el
th,f
ix,ix
ix,ix
pcl,pcl
iy,iy
kcl,kcl
epi,tcl
ux,ux
zh,jh
ax,l
el,en
n,n
dx,dx
w,r
hv,hv
k,k
ih,ah
dh,dh
uh,ix
z,jh
ix,ix
ng,ng
n,ix
eh,ae
r,y
k,k
l,el
ng,ng
m,m
kcl,gcl
uh,ao
z,n
q,kcl
eh,eh
r,r
dcl,tcl
ow,ow
l,l
ow,l
er,axr
en,n
dcl,bcl
t,d
hh,epi
k,k
ix,ix
k,ch
ey,ey
ix,q
ax,ax
ay,ay
s,s
ae,eh
t,t
ix,ix
sh,s
eh,ae
n,n
aa,aa
dh,g
bcl,epi
eh,eh
eh,eh
w,w
ow,ao
iy,iy
sh,sh
ao,ao
r,r
pau,pau
dx,q
l,l
z,s
l,n
f,f
ow,ow
s,s
tcl,dcl
n,n
aa,aa
kcl,z
eh,eh
eh,ax
t,t
ay,aa
axr,er
iy,ih
k,q
r,r
m,m
ah,r
k,g
ix,ih
ow,el
k,k
p,p
ao,ao
kcl,tcl
ux,ux
s,s
kcl,kcl
m,m
ax-h,ix
hh,q
dh,dh
n,n
ux,ux
tcl,tcl
k,k
aa,aa
iy,ux
q,ix
ih,ih
p,p
q,q
k,k
iy,iy
ix,ix
ih,ow
tcl,tcl
l,ax
l,l
iy,g
bcl,bcl
axr,axr
d,d
l,l
gcl,dcl
s,jh
k,k
bcl,bcl
kcl,kcl
s,s
t,ch
uh,uh
ey,ey
n,ng
eh,eh
k,g
oy,oy
dcl,dcl
ey,ae
r,ah
m,n
ey,ey
ow,ow
gcl,dcl
d,d
ow,ow
ae,ae
ow,ow
dh,dh
dh,dh
ix,ih
dcl,n
ax,ih
s,s
p,p
t,d
ih,iy
iy,iy
jh,d
ax,ih
iy,iy
ay,ay
ih,r
t,t
kcl,kcl
gcl,pcl
ax,ix
k,k
ih,ih
dcl,dcl
z,s
n,ng
n,n
axr,dcl
v,dcl
kcl,kcl
tcl,q
p,p
s,s
s,s
axr,axr
g,g
er,axr
n,m
eh,r
p,q
dx,y
ih,ih
iy,iy
dx,dcl
th,dh
tcl,tcl
v,v
l,n
s,s
l,w
tcl,pcl
n,n
iy,iy
ih,ih
q,q
ih,ix
aw,aw
ao,aa
l,l
ax,dh
tcl,tcl
y,iy
dh,dcl
kcl,th
ix,ix
k,k
v,dcl
ao,ao
n,m
eh,ae
s,s
l,tcl
kcl,kcl
dh,p
v,v
kcl,kcl
l,l
k,k
dcl,tcl
aa,ae
kcl,kcl
k,k
b,q
ih,ih
iy,iy
p,p
iy,iy
iy,iy
eh,ah
l,tcl
aa,aa
ow,ow
aw,ae
ay,ay
dh,th
er,er
ax,ix
z,z
v,r
ih,ih
ih,ih
ao,aa
iy,iy
kcl,tcl
w,w
aa,aa
dh,dh
aa,er
dh,m
n,dcl
t,t
ax,ax
ih,ih
ix,ix
iy,iy
eh,eh
y,y
r,r
jh,sh
epi,epi
axr,er
n,en
ey,ey
f,f
ix,ix
dx,dx
ng,ng
ao,ae
d,jh
bcl,bcl
iy,iy
sh,sh
k,hh
ax,r
n,n
ae,ae
ix,ix
dx,dx
ah,ah
p,p
dh,n
aa,aa
ix,ix
tcl,n
ax,ax
kcl,kcl
aw,aa
tcl,pcl
ix,ix
hh,ax-h
er,axr
ae,ih
m,m
pcl,tcl
dh,d
y,y
r,r
ow,ow
dcl,dcl
hh,hh
f,f
el,el
f,f
iy,iy
eh,eh
ow,ah
ux,ux
ix,ih
s,s
aa,q
ey,ey
w,nx
ix,ix
m,m
r,r
r,r
ih,eh
m,m
s,s
l,l
ch,ch
w,w
t,t
dx,dx
ix,r
ix,ih
n,n
l,l
ax-h,epi
ao,ao
r,axr
dcl,gcl
gcl,n
aa,aa
y,ux
ao,ao
axr,er
dh,epi
f,f
ix,ae
ah,ax
v,th
p,p
tcl,tcl
sh,sh
ae,ae
ix,ix
v,pcl
iy,ux
axr,r
jh,jh
dh,v
en,en
ix,ax
t,t
ih,ey
jh,t
k,th
z,s
y,ih
n,n
axr,axr
v,tcl
eh,ah
l,w
ah,ax
tcl,gcl
eh,ow
iy,iy
ih,ae
m,ng
z,l
s,s
iy,iy
s,s
ix,ix
l,l
l,l
t,th
v,epi
f,f
ow,ax
sh,sh
tcl,kcl
f,sh
ah,ah
t,t
hh,hh
ix,q
q,q
r,r
kcl,kcl
y,y
iy,ix
iy,iy
kcl,tcl
dcl,bcl
er,ay
sh,sh
ih,iy
p,p
n,eh
uh,uh
k,k
ih,hv
ix,ih
axr,ix
ix,ix
t,t
ow,ow
ao,ao
kcl,tcl
ih,ix
r,r
ao,ah
ih,ix
kcl,tcl
ix,q
dcl,kcl
eh,l
ay,ay
k,k
epi,epi
ih,ih
en,n
ix,n
s,s
kcl,kcl
q,q
iy,iy
pcl,g
dcl,gcl
ax,ax
l,l
p,p
eh,eh
kcl,kcl
axr,axr
f,f
ch,sh
w,w
kcl,kcl
ey,ey
dcl,tcl
eh,eh
y,y
p,q
n,n
axr,ix
s,s
ow,ow
axr,ix
iy,ix
n,n
axr,axr
th,th
aa,aa
iy,iy
m,n
ih,eh
tcl,tcl
s,s
s,s
t,d
t,t
q,l
l,n
t,t
iy,iy
sh,sh
s,s
r,r
ix,ih
tcl,tcl
kcl,tcl
pcl,tcl
hh,epi
pcl,tcl
ux,iy
dx,jh
axr,axr
l,l
ng,ng
k,k
axr,axr
y,y
ow,aw
er,er
n,n
d,jh
tcl,kcl
r,r
pcl,tcl
v,pcl
r,bcl
w,w
th,f
ix,ix
z,z
iy,ih
gcl,tcl
n,n
r,iy
p,p
er,er
k,d
dcl,gcl
ix,ih
eh,ae
iy,iy
ih,axr
q,q
aa,aa
t,t
ae,ae
ey,ey
p,p
th,th
ao,axr
kcl,kcl
p,p
axr,axr
bcl,bcl
ax,ix
r,r
f,f
y,ux
en,en
z,z
l,l
er,er
pcl,tcl
gcl,dcl
tcl,pau
w,w
sh,sh
k,k
l,w
tcl,tcl
s,s
ey,ey
er,er
ay,ay
q,iy
ow,ow
r,r
ih,ih
l,y
t,t
t,t
ae,ae
ax,ax
p,p
l,m
iy,iy
ax,ax
iy,ix
nx,n
n,m
v,v
l,ix
iy,iy
l,w
ey,ey
sh,sh
dh,v
t,t
aw,ae
l,l
ah,eh
ch,ch
ch,ch
axr,axr
n,n
dcl,kcl
dx,dx
dh,dh
ix,iy
iy,iy
s,s
pcl,pcl
r,r
r,r
ix,ax
ae,ae
ae,ae
q,q
epi,epi
k,g
ix,dx
bcl,v
s,z
s,s
iy,iy
ix,ix
f,f
n,m
z,z
n,n
s,s
ix,ix
ih,axr
ae,ae
y,ih
ah,ae
k,kcl
oy,oy
tcl,tcl
kcl,kcl
w,l
r,r
ae,ae
m,nx
ae,ae
tcl,tcl
jh,jh
ax,ax
axr,ey
z,s
v,v
ae,ae
tcl,q
n,n
el,aw
eh,eh
l,ax
ay,ay
pcl,pcl
bcl,pcl
r,r
v,v
pcl,m
axr,axr
z,z
epi,gcl
l,l
ay,ay
eh,eh
ih,l
ay,ae
ae,ae
t,t
ae,ae
dh,dh
w,w
ih,ih
iy,iy
w,w
aa,aa
ow,ow
er,er
dcl,dcl
n,ng
n,n
s,s
tcl,tcl
kcl,tcl
n,n
tcl,tcl
s,s
ih,ih
z,z
ux,ux
oy,oy
w,w
ix,kcl
ow,ow
z,s
v,v
pcl,pcl
z,z
er,r
sh,sh
n,dcl
n,dcl
dcl,dcl
jh,sh
ah,ah
r,axr
tcl,tcl
s,z
bcl,n
m,m
n,n
ix,ix
ay,ay
zh,sh
ao,r
tcl,kcl
f,f
iy,iy
ae,ae
iy,iy
hh,epi
iy,iy
iy,iy
ae,ae
ae,ae
ao,ao
l,l
n,n
kcl,tcl
n,n
l,l
ax,el
iy,iy
ix,ax
ow,uh
gcl,tcl
tcl,tcl
kcl,kcl
aa,aa
aa,aa
tcl,tcl
n,n
t,t
k,g
tcl,tcl
pau,kcl
ix,n
ih,ih
er,er
f,z
tcl,tcl
k,k
r,r
q,g
g,g
ix,ix
sh,sh
n,q
ao,ao
er,er
s,jh
tcl,kcl
dx,dx
k,k
sh,sh
q,q
y,ih
ay,ah
em,en
q,q
ah,ax
f,th
f,f
pau,pau
n,gcl
iy,iy
f,th
n,n
ah,ah
kcl,b
y,ix
eh,eh
q,q
ih,iy
q,q
ae,eh
ey,ey
l,l
f,f
eh,ah
l,l
bcl,v
kcl,kcl
ch,ch
sh,sh
ae,ae
ix,ix
ix,ax
ix,ix
iy,ao
r,r
n,n
l,l
ey,ey
q,q
n,n
gcl,gcl
n,n
l,l
s,z
ih,ih
hh,tcl
kcl,kcl
m,n
gcl,dx
ix,ix
aa,r
r,r
oy,oy
iy,ix
ey,ey
iy,iy
w,w
oy,oy
iy,ux
ay,ay
z,z
s,s
kcl,kcl
dh,dh
ao,aa
en,en
tcl,tcl
s,s
l,l
s,s
kcl,tcl
zh,jh
tcl,tcl
pau,tcl
ae,ae
ix,ih
k,g
t,t
ix,ax
w,w
eh,eh
r,r
b,p
ah,ow
eh,ae
ix,ix
s,s
t,p
aa,aa
l,l
m,m
y,y
bcl,dh
ao,ao
s,s
g,g
s,z
r,aa
k,k
tcl,tcl
s,s
s,s
z,s
ix,ih
s,s
ih,eh
ix,ax
l,l
ow,ow
iy,iy
ax,ah
ng,n
t,d
aa,aa
ax,ax
axr,er
pau,tcl
ah,ah
r,r
f,f
oy,oy
m,m
aa,aa
bcl,bcl
s,s
ow,l
p,p
s,s
kcl,kcl
pcl,pcl
epi,epi
dh,dh
iy,iy
k,k
eh,ey
axr,er
bcl,m
k,k
t,t
ih,ey
ix,ax
k,g
iy,iy
iy,iy
sh,sh
ow,ah
l,l
r,r
t,t
ux,ux
iy,iy
th,th
kcl,gcl
ix,ax
ng,ng
aa,aa
tcl,tcl
w,w
ey,ey
s,z
epi,q
tcl,dcl
w,w
n,en
th,dh
iy,iy
z,z
ay,aa
v,w
er,er
ih,ix
m,ux
dcl,tcl
iy,iy
hh,hh
m,m
y,y
r,r
eh,eh
tcl,tcl
tcl,tcl
y,y
m,n
ix,ix
iy,ih
f,f
dx,tcl
f,f
ax,ax
ax,ax
n,n
axr,axr
r,r
th,s
z,th
q,tcl
m,m
uh,uh
f,f
n,n
gcl,dcl
gcl,bcl
tcl,tcl
axr,ow
r,r
k,k
pcl,tcl
ax,ax
k,k
nx,n
jh,z
ax,uh
dcl,dcl
ix,ix
er,er
pcl,f
y,iy
dcl,dcl
iy,iy
uh,axr
aa,r
er,er
el,el
dcl,l
t,t
gcl,dcl
kcl,kcl
ey,iy
sh,sh
n,n
tcl,tcl
ae,ae
ao,ao
m,m
m,m
sh,sh
en,en
kcl,pcl
p,p
ax,ax
f,th
q,q
l,l
r,r
r,r
l,l
dcl,bcl
g,d
ao,ow
tcl,tcl
l,l
tcl,kcl
ae,ae
v,v
n,m
s,s
s,s
oy,oy
kcl,kcl
hh,hh
f,f
z,dcl
m,m
f,f
iy,iy
bcl,bcl
tcl,tcl
y,y
em,m
aa,aa
dcl,bcl
b,k
ch,jh
z,z
dcl,tcl
n,l
ax,l
r,r
uw,ow
r,r
k,g
gcl,gcl
ah,aa
kcl,tcl
y,y
dh,dh
kcl,kcl
n,n
n,en
iy,iy
ng,ng
s,z
p,p
dh,dh
ix,ax
iy,iy
l,l
r,axr
q,q
ow,ao
ix,ix
bcl,bcl
ow,ah
ng,ng
eh,eh
k,k
ix,ih
ix,ah
n,n
s,s
k,k
p,p
r,r
ae,ae
aa,ao
ae,ae
ah,ix
bcl,bcl
ix,ix
kcl,tcl
ih,ix
l,ah
n,n
dcl,dcl
pcl,pcl
l,l
iy,iy
iy,iy
w,w
pcl,pcl
m,n
g,k
ow,ow
pcl,pcl
ay,ey
r,r
ih,r
axr,axr
ey,ey
n,n
iy,iy
ix,iy
gcl,gcl
q,q
n,n
aa,aa
r,ix
w,w
f,p
en,en
ax,ix
ih,ih
s,s
iy,ih
iy,iy
r,r
iy,iy
f,f
l,l
l,l
ax,v
n,n
gcl,kcl
eh,eh
th,th
ae,ae
n,n
t,t
iy,iy
tcl,kcl
sh,sh
pau,pau
ng,ng
dh,dh
q,q
m,n
kcl,pcl
ay,aa
m,m
jh,jh
s,s
z,z
l,l
er,axr
kcl,kcl
eh,ae
aa,r
r,r
pcl,tcl
epi,epi
l,l
uw,aa
axr,ix
dcl,dcl
g,w
s,s
axr,er
eh,eh
iy,ux
y,dx
kcl,tcl
gcl,tcl
ix,ix
ih,ah
gcl,tcl
bcl,tcl
th,s
ix,iy
g,dh
ah,ah
th,dh
kcl,kcl
m,m
sh,sh
l,ao
ae,ae
ih,en
gcl,pcl
aa,aa
iy,iy
w,w
ae,aw
axr,q
ao,ao
iy,iy
t,t
tcl,tcl
f,f
ax,aa
tcl,bcl
ae,ae
ay,ay
sh,sh
n,n
tcl,tcl
epi,epi
tcl,n
dcl,dcl
ih,iy
bcl,bcl
ix,ux
zh,zh
pcl,pcl
v,v
hv,hv
dx,dx
iy,iy
sh,sh
en,n
ax,q
ax,ax
ix,ix
l,l
iy,iy
em,n
s,s
pcl,pcl
s,s
t,t
ay,ae
f,f
r,r
s,s
g,g
l,l
iy,iy
w,l
ax,ix
y,y
k,q
ix,ix
gcl,bcl
ae,ih
dx,dh
t,t
r,r
d,dh
eh,eh
iy,iy
s,s
ey,ey
ix,ix
t,t
tcl,tcl
q,q
gcl,epi
ey,ey
z,s
n,n
p,p
g,g
n,nx
ih,ih
z,z
dh,t
f,f
v,v
ax,ax
s,t
l,l
ng,n
t,jh
s,s
f,f
dcl,tcl
iy,iy
ae,ae
n,en
sh,sh
gcl,tcl
ao,aa
s,s
iy,y
k,k
t,t
ey,ey
iy,iy
z,z
l,l
n,m
ae,ae
epi,p
l,n
w,w
ao,aa
iy,iy
ix,q
l,l
dcl,dcl
tcl,kcl
sh,sh
aa,aa
er,axr
f,f
t,t
q,y
l,l
en,en
kcl,kcl
k,k
v,v
z,z
z,z
el,el
n,n
ao,aa
w,w
s,s
s,s
ae,ae
dh,n
ix,r
n,nx
ux,ux
iy,ih
q,q
f,f
pcl,pcl
t,t
m,ng
z,ch
bcl,dcl
ix,ix
ay,ay
ax,ax
y,y
s,s
g,g
m,n
aa,aa
v,v
g,g
iy,iy
ih,ih
l,l
l,l
f,k
ax-h,hv
dh,dh
ix,ix
ey,ey
dcl,bcl
kcl,kcl
ae,ae
sh,f
z,z
s,s
ow,ow
tcl,dcl
ow,ao
ae,ae
f,f
aa,aa
eh,ae
kcl,kcl
epi,dh
ih,ih
ih,ih
l,ax
er,axr
ax,l
tcl,th
r,r
bcl,tcl
dx,dx
kcl,kcl
f,z
tcl,gcl
r,r
gcl,gcl
n,ix
aa,aa
dcl,dcl
r,r
pcl,kcl
v,m
g,k
dcl,tcl
ay,ay
k,k
iy,iy
k,k
s,s
w,w
ah,r
ih,eh
bcl,bcl
eh,ih
er,er
ao,ao
dh,f
m,m
ch,ch
ax-h,gcl
ow,l
ey,ey
ay,ay
dcl,en
r,r
g,epi
w,w
ao,ao
s,s
ux,axr
y,jh
ix,ix
ix,ix
m,em
dcl,tcl
n,en
m,m
er,axr
n,n
r,iy
ix,ix
ae,eh
f,f
ix,ih
s,s
ae,ae
m,n
kcl,kcl
m,m
dh,v
ix,ix
m,ng
r,axr
ix,ix
ih,eh
en,ix
ae,ae
ax,l
aa,aa
axr,er
r,er
r,r
tcl,tcl
w,w
n,n
sh,jh
n,ng
kcl,kcl
ix,ix
kcl,tcl
eh,eh
f,f
dx,dx
er,er
z,z
r,r
ay,ay
s,s
r,r
q,ax
n,n
pcl,kcl
axr,axr
dx,dx
kcl,kcl
pcl,kcl
axr,r
k,g
uw,uw
dcl,dcl
ae,ae
r,r
y,y
m,em
ih,iy
dcl,n
ix,ux
tcl,bcl
l,l
eh,eh
ax,ih
ix,ih
jh,jh
r,r
kcl,kcl
g,g
kcl,kcl
ao,ao
ah,ow
ax,n
ao,ao
ux,ux
s,s
ax,ax
ix,ix
ux,ih
m,m
uh,ax
tcl,tcl
f,f
ey,ix
l,l
g,g
s,z
s,s
y,y
axr,ow
k,g
l,l
p,p
m,m
l,l
q,q
epi,epi
ih,ix
ax,axr
kcl,kcl
n,ng
tcl,tcl
iy,iy
m,nx
q,q
pcl,pcl
s,s
sh,sh
s,s
w,w
th,th
ix,ix
gcl,gcl
gcl,k
ax,ax
r,r
r,r
m,m
hv,hv
tcl,tcl
n,n
dcl,tcl
s,s
k,k
dh,dh
dh,dh
dcl,bcl
ih,ix
t,d
dcl,tcl
tcl,kcl
k,g
l,r
pcl,tcl
m,m
tcl,pcl
ix,ix
uh,er
p,t
ey,ey
l,l
s,s
q,q
ow,ow
t,t
m,m
ey,ux
ah,er
ix,ix
p,p
kcl,kcl
ax,uh
pcl,pcl
ow,ow
ah,ah
dh,th
tcl,dh
dh,f
g,g
axr,axr
r,r
iy,ey
y,y
r,r
iy,iy
iy,iy
n,n
n,dh
r,r
uh,ih
z,s
s,sh
ix,ux
k,p
el,el
ao,ao
y,y
q,q
ih,y
axr,axr
ng,n
l,l
pcl,pcl
ow,l
l,l
n,n
ay,ay
pcl,pcl
q,q
ah,l
z,z
iy,iy
ih,ix
ix,ax
eh,eh
eh,ih
l,l
q,ix
ah,aa
m,en
dx,dx
l,l
er,er
s,s
kcl,kcl
r,r
ae,ae
dx,nx
eh,ix
tcl,pcl
y,y
eh,eh
sh,sh
l,l
s,s
l,l
ae,ae
ey,ey
aa,aa
oy,oy
w,w
s,s
ah,ah
l,l
v,dh
jh,s
eh,eh
n,m
w,w
s,z
tcl,kcl
iy,iy
tcl,gcl
eh,ax
er,r
iy,iy
ng,ng
kcl,pcl
pcl,pcl
pau,tcl
q,q
r,r
ah,ah
s,s
ey,ey
iy,iy
epi,epi
ih,l
er,er
ey,ae
kcl,pcl
iy,iy
s,s
ax,l
q,q
z,s
kcl,tcl
s,s
s,s
ch,s
pau,pau
iy,iy
s,s
f,f
ih,ih
t,d
ix,ix
p,p
iy,iy
pcl,pcl
iy,iy
w,w
s,s
s,s
l,l
s,s
ax,ax
aa,ax
y,y
el,w
q,q
ix,ix
k,k
jh,ch
ih,ix
el,l
ax,ax
dcl,dcl
ng,ng
er,axr
axr,ax
ih,iy
ae,ae
l,l
r,axr
ih,ih
iy,iy
ah,ah
sh,sh
aa,aa
ix,axr
ao,ao
l,l
ao,ao
axr,axr
ae,ae
iy,iy
n,n
gcl,v
y,y
n,n
p,hh
ow,ow
ae,ae
k,k
dx,dx
k,k
ah,ah
s,s
kcl,kcl
ao,ao
m,m
z,z
ay,ay
v,z
q,dcl
s,s
y,y
pau,pau
n,m
aa,aa
n,n
m,n
gcl,n
s,s
l,m
iy,iy
q,q
aa,aa
q,pau
ix,ix
z,z
ay,ay
n,n
z,s
sh,sh
y,y
dx,dx
w,w
axr,axr
aa,ao
y,n
nx,n
ay,ay
n,n
bcl,bcl
dh,dh
s,s
ow,ow
d,t
gcl,kcl
ae,eh
er,ow
ih,ih
n,n
k,k
y,y
ao,ao
jh,jh
ih,ih
s,s
ah,ah
k,k
tcl,tcl
tcl,kcl
gcl,dcl
ih,ix
ae,ae
ix,ix
ax,uh
ax,ih
eh,eh
ix,ih
k,k
n,ng
ix,ix
ix,ih
q,q
ix,ng
l,l
ay,ay
y,ax-h
z,z
iy,iy
n,n
kcl,kcl
ax,n
s,z
w,w
z,z
z,z
eh,ae
p,p
dcl,th
q,q
ix,ix
ae,ae
r,r
en,ng
ah,ah
tcl,kcl
w,n
t,t
l,l
n,n
ax,ax
tcl,pau
s,z
ih,ax
s,s
y,y
ih,eh
l,l
l,eng
kcl,k
s,s
ay,ay
q,q
s,s
r,r
ih,ix
ae,eh
er,er
kcl,kcl
ax,ax
q,ow
iy,iy
er,aa
iy,iy
ix,ix
dcl,dcl
l,l
n,n
ix,ix
iy,iy
eh,iy
axr,axr
ax,ax
oy,ao
ux,ix
ix,ix
s,s
ah,aa
ih,ih
tcl,pcl
r,r
en,eng
eh,ey
n,n
aa,aa
l,l
pau,pau
w,ao
ae,ae
t,t
dh,dh
ix,ix
gcl,dcl
eh,ih
ih,eh
kcl,ax-h
ae,aa
f,f
ix,ah
ih,ih
pau,pau
dcl,gcl
z,z
s,s
eh,eh
ah,ah
th,t
ah,ah
iy,ux
k,hh
s,s
t,t
nx,nx
epi,kcl
aa,ao
nx,r
kcl,tcl
th,dh
v,dx
ay,ae
ae,ae
m,m
v,v
eh,ae
pcl,tcl
l,l
m,en
ae,ae
pcl,pcl
eh,eh
r,r
dcl,dcl
ix,ix
eh,eh
ix,eh
y,y
s,s
tcl,tcl
r,ah
ao,aa
sh,sh
r,r
z,ch
tcl,dcl
n,n
axr,r
dcl,pcl
ah,ah
tcl,dcl
ax,ah
s,s
dcl,dcl
kcl,kcl
aa,aa
m,m
r,r
bcl,gcl
m,m
ax,ao
q,w
q,q
iy,iy
tcl,tcl
eh,eh
t,t
ao,ah
p,p
ay,ay
ih,ih
sh,sh
k,k
ae,eh
sh,sh
s,s
tcl,kcl
ay,aa
ae,ae
kcl,kcl
p,th
iy,iy
tcl,epi
dcl,dcl
m,m
iy,ey
iy,iy
n,n
ix,ih
ay,ay
d,g
tcl,tcl
q,q
p,f
dcl,dcl
ih,eh
dcl,gcl
ix,ix
iy,iy
ix,iy
pcl,pcl
w,w
aa,aa
ix,ih
ae,ae
ux,ih
uh,uh
r,r
pcl,pcl
el,ax
q,q
epi,epi
q,q
ey,ey
iy,iy
l,l
g,g
d,d
iy,ey
eh,eh
kcl,kcl
ax,ax
ix,ix
q,ix
sh,sh
ix,iy
dcl,dcl
axr,r
tcl,tcl
z,jh
dx,dx
r,r
ax,ax
f,f
l,l
k,dx
en,n
dcl,tcl
ix,q
jh,jh
ih,ih
ao,aa
aa,aa
iy,iy
ay,ah
ax,ax
s,s
en,m
eh,eh
axr,r
l,l
v,v
m,m
ih,eh
v,bcl
jh,jh
ao,ao
ah,ah
l,dh
n,n
p,p
dcl,gcl
s,s
aa,ah
m,m
sh,sh
k,k
f,f
l,r
iy,y
r,ax
r,r
bcl,m
z,s
ix,ix
d,t
n,n
s,s
ae,ae
bcl,bcl
ix,ix
hh,hh
v,v
r,r
r,axr
s,z
ow,ow
jh,jh
pau,pau
dx,dx
ix,ux
v,v
v,v
d,t
ay,ay
kcl,kcl
y,y
p,p
ix,ix
m,m
ay,ae
r,r
n,ix
dh,epi
ey,ey
tcl,pcl
ix,ix
gcl,gcl
bcl,dcl
eh,eh
gcl,pcl
er,er
sh,jh
el,l
axr,l
dcl,dcl
tcl,tcl
kcl,kcl
uw,uw
dcl,gcl
jh,jh
l,l
ih,ix
r,r
ey,ey
n,n
tcl,pcl
bcl,bcl
p,p
s,s
ow,ow
bcl,gcl
iy,iy
ih,ih
ae,ae
dcl,dcl
y,y
sh,sh
aa,aa
w,w
s,sh
w,w
g,g
r,r
g,k
oy,oy
tcl,tcl
epi,kcl
iy,iy
s,z
n,n
n,n
k,g
n,n
z,z
f,f
ao,ao
n,n
w,w
s,s
l,l
iy,ih
ch,ch
ah,aa
w,w
iy,iy
ih,ih
pcl,pcl
tcl,kcl
ix,ix
ae,ae
s,s
p,p
ae,ae
ih,ix
ow,aw
ah,ay
kcl,kcl
axr,q
v,v
ao,ao
tcl,tcl
l,l
ih,ax
ay,aa
iy,iy
ix,axr
tcl,tcl
p,p
l,l
bcl,bcl
n,m
ah,eh
tcl,tcl
s,s
n,n
n,n
gcl,m
m,m
tcl,tcl
iy,iy
t,d
eh,eh
r,aa
r,r
axr,axr
q,q
kcl,kcl
l,l
kcl,pcl
g,g
eh,ae
ix,ix
r,r
n,n
ey,ey
jh,jh
z,z
iy,iy
iy,iy
jh,jh
m,m
ay,ay
s,s
m,m
eh,ax
k,k
s,s
s,s
bcl,bcl
ow,ow
tcl,gcl
ix,ix
t,t
ah,ah
ng,n
l,l
ao,w
dcl,dcl
ao,ao
z,z
l,l
dx,dx
ay,ay
dh,l
axr,ow
aa,aa
r,r
d,jh
gcl,dcl
m,m
dcl,dcl
ax,ah
b,kcl
ae,ae
n,y
s,s
er,er
s,z
t,t
eh,eh
q,q
el,ow
ix,ux
n,ng
iy,iy
iy,ae
ao,ao
d,t
ay,ae
ey,iy
k,k
p,p
sh,sh
z,z
p,p
ae,ey
eh,eh
ix,ix
k,k
ng,ng
dh,b
l,l
ih,ax
eh,ah
m,ng
sh,sh
nx,nx
ao,ao
aa,r
y,y
iy,iy
dcl,dcl
kcl,kcl
kcl,kcl
n,n
tcl,pcl
s,s
s,z
y,ix
s,s
r,r
k,k
pcl,dcl
f,f
ae,ae
iy,iy
r,axr
dh,dh
z,zh
sh,sh
iy,iy
ih,ih
ey,iy
hv,hv
aa,aa
ey,ey
k,k
s,s
ey,ey
k,k
m,n
n,q
axr,axr
ux,ux
ao,el
dcl,bcl
n,n
s,s
iy,iy
tcl,th
er,er
pcl,tcl
tcl,epi
nx,en
dcl,kcl
dcl,tcl
ae,ae
bcl,bcl
dcl,dcl
s,s
ix,ux
pcl,bcl
s,z
ih,eh
ae,eh
dcl,gcl
v,v
ng,ng
kcl,tcl
el,l
ix,dx
axr,axr
dh,th
tcl,tcl
ax,ax
k,q
b,g
dcl,tcl
l,l
m,iy
s,sh
y,iy
ah,ah
n,ix
th,th
l,l
k,g
ix,ux
g,q
uh,ow
ey,eh
iy,iy
m,m
ux,ux
ao,ao
m,n
dcl,gcl
epi,tcl
s,s
q,q
r,r
axr,axr
eh,eh
z,s
w,w
ey,ey
r,r
q,q
pau,pau
ux,ux
f,f
f,f
pcl,pcl
dh,epi
k,k
pcl,pcl
kcl,kcl
hv,hv
ix,ax-h
en,en
ey,ih
iy,iy
ix,ix
z,z
k,dx
hv,y
ux,ix
q,q
b,b
m,m
tcl,tcl
dx,kcl
ow,ow
ah,ah
hv,hv
sh,ch
aa,ao
en,ng
n,n
axr,r
p,p
k,k
tcl,tcl
ey,ih
jh,jh
q,q
gcl,tcl
ay,ay
th,tcl
f,f
r,r
iy,iy
tcl,tcl
ah,ax
ih,ih
aa,aa
y,jh
epi,epi
ih,ih
axr,r
el,el
ay,ay
axr,axr
n,n
bcl,dh
pcl,tcl
dcl,dx
pau,tcl
iy,iy
dx,v
ao,ao
iy,iy
en,en
dh,v
q,q
y,y
tcl,tcl
z,s
pcl,bcl
jh,d
hv,r
axr,ao
dh,v
ao,ao
l,w
k,k
iy,iy
kcl,kcl
ih,iy
er,er
r,r
z,z
eh,eh
iy,iy
k,k
b,dh
bcl,bcl
ao,ao
jh,k
dcl,dcl
ix,ih
ao,ao
tcl,tcl
epi,q
nx,hv
eh,eh
tcl,tcl
ih,eh
dcl,gcl
ix,ih
z,z
kcl,kcl
ix,ix
r,r
sh,sh
w,w
w,ax
ow,er
z,z
epi,epi
m,m
iy,y
f,f
ay,ay
ae,ae
r,r
ng,n
er,r
d,d
tcl,q
iy,iy
ax-h,s
ao,ao
ax,ix
r,ae
ow,ow
w,w
n,m
iy,iy
pcl,pcl
l,l
iy,iy
bcl,gcl
iy,iy
s,z
tcl,tcl
s,z
ix,iy
ih,ih
s,s
ax-h,tcl
dcl,dcl
el,el
ah,uh
ix,q
epi,epi
ix,ix
ow,ow
ix,ih
ow,ow
kcl,dcl
ch,ch
ix,ix
hh,hh
dcl,dx
t,p
dcl,dcl
axr,er
eh,eh
t,t
dcl,dcl
ay,ae
n,m
n,n
ah,ah
aa,aa
dh,dh
aa,aa
sh,sh
ay,ay
tcl,jh
er,axr
ix,ix
p,p
dx,jh
m,m
l,l
s,s
ux,ix
ix,ih
l,l
g,g
ao,ao
ix,ae
s,s
dh,dcl
ix,ih
ih,ih
sh,sh
er,er
kcl,kcl
l,l
n,n
axr,axr
ae,ae
ax,ax
iy,ih
l,l
gcl,gcl
iy,iy
dcl,tcl
l,l
f,f
ih,ix
iy,iy
jh,jh
ey,ey
ay,ay
t,t
sh,z
gcl,dcl
gcl,gcl
dcl,dcl
m,n
w,w
ix,ix
f,f
l,l
s,s
n,m
y,q
p,p
uh,ax
f,f
ay,ay
kcl,kcl
k,k
ax,gcl
eh,eh
dcl,tcl
ng,m
ah,ax
ix,ix
s,s
w,w
ey,ux
m,m
ah,ah
ix,q
tcl,w
el,ow
ix,ih
tcl,tcl
q,q
ih,ih
ux,ih
dh,dh
eh,eh
v,v
z,z
m,n
w,w
ao,ao
gcl,pcl
dcl,dx
dcl,dcl
axr,axr
n,n
dcl,dcl
l,l
ey,ix
ng,ng
eh,eh
ah,ah
s,s
d,t
epi,kcl
ux,iy
s,s
sh,sh
dcl,dx
tcl,q
ah,ax
k,k
axr,axr
t,d
ux,ih
ao,ao
th,th
m,nx
sh,sh
ay,ay
ch,ch
ix,q
axr,axr
kcl,kcl
t,dh
dcl,dcl
s,s
hv,hv
s,s
aa,aa
t,t
t,t
ow,ow
ih,ih
ax,ax
f,f
epi,pcl
bcl,dcl
g,g
ix,v
iy,iy
l,l
l,l
pcl,bcl
n,n
n,n
p,p
er,er
n,m
w,w
ah,ao
t,t
r,r
ix,ax
dx,dx
ah,ah
dcl,n
w,w
sh,s
s,s
kcl,kcl
aa,aa
ih,ih
nx,n
en,en
s,s
w,w
m,m
w,w
bcl,bcl
n,n
el,el
er,er
tcl,tcl
l,l
ax,ix
oy,oy
ao,ao
p,p
axr,axr
l,l
gcl,gcl
t,z
r,w
n,n
kcl,pcl
ax,ax
m,dcl
oy,iy
y,y
eh,ae
tcl,tcl
ix,ix
tcl,pcl
kcl,kcl
pcl,tcl
aa,aa
ay,ay
s,s
q,ix
p,p
er,er
sh,sh
n,n
kcl,kcl
ch,ch
ey,ae
pcl,pcl
tcl,kcl
s,s
axr,axr
ih,ih
ay,ay
ix,ih
f,f
f,v
ah,aa
dcl,tcl
n,r
ix,ix
pau,kcl
l,l
f,th
s,s
axr,ax
f,f
w,w
p,hh
l,l
s,s
dcl,dcl
l,l
l,ax
q,y
pcl,pcl
ng,ng
iy,ih
epi,epi
iy,iy
ix,ix
g,g
n,en
ax,ih
aa,aa
tcl,kcl
s,s
aw,aw
s,s
eh,ih
iy,ih
m,m
sh,s
ay,aa
ih,ih
gcl,gcl
n,n
v,th
q,q
axr,ax
el,w
ng,ng
dh,dh
hv,hv
el,el
dx,kcl
sh,sh
hh,p
epi,tcl
pau,pau
k,p
s,s
w,w
eh,eh
d,d
k,k
r,r
w,w
pau,nx
w,w
ax,ix
m,m
k,k
dx,q
axr,axr
ae,ae
ae,ae
ch,ch
l,l
aa,aa
kcl,dcl
aa,eh
ix,ih
f,th
r,r
n,n
w,w
eh,eh
ow,ax
r,r
ah,ah
s,z
iy,iy
ae,axr
s,s
ix,eh
l,l
ah,eh
tcl,tcl
ax,ax
w,gcl
eh,eh
z,jh
ah,ax
ux,ih
q,q
kcl,kcl
er,er
s,d
w,ao
r,r
ux,ux
s,s
r,r
ao,ao
t,t
ax,r
ao,ao
ao,ao
k,k
ix,ax
r,r
ay,ay
ix,ix
ao,ao
ix,gcl
ae,ae
gcl,gcl
s,s
iy,iy
en,ix
n,n
ey,ey
ih,ey
n,dx
kcl,gcl
t,d
dcl,gcl
t,t
ix,ix
ow,ow
ax,ng
s,s
ax,ax
s,s
ux,ux
uh,el
ae,ae
ix,ih
ix,eh
ix,ix
n,y
s,s
n,dx
g,g
l,ax
z,z
ih,er
dh,th
l,l
n,tcl
gcl,tcl
kcl,kcl
axr,axr
er,axr
p,p
n,n
axr,ix
w,l
er,axr
k,k
aw,ae
r,r
iy,ix
m,m
n,en
gcl,gcl
m,m
f,f
iy,iy
kcl,kcl
l,l
g,g
bcl,bcl
d,k
er,er
dh,dh
uw,uw
epi,epi
ah,ih
p,p
pcl,tcl
ix,ix
s,s
jh,jh
s,s
p,p
ux,ux
ix,ix
s,s
ow,ah
ix,ih
p,p
ch,jh
q,q
iy,ey
pcl,tcl
w,w
ah,ah
s,s
epi,kcl
ah,ah
r,r
axr,axr
ch,ch
ih,ih
ix,iy
aw,aw
r,r
er,axr
axr,axr
ix,ix
dcl,dcl
gcl,dcl
ix,ix
ao,aw
ao,aa
er,er
n,n
n,ng
ix,r
y,iy
dcl,dcl
kcl,kcl
n,v
hv,hv
r,r
k,k
axr,r
tcl,tcl
m,ng
t,t
t,t
k,k
ax,ax
dcl,dcl
epi,tcl
en,ng
r,r
ix,r
w,w
p,p
eh,eh
ih,ux
ix,ix
tcl,pcl
z,s
n,n
w,w
n,n
ae,ae
n,n
n,n
ay,ay
ey,ey
r,ix
kcl,kcl
ix,ix
ay,ay
er,er
r,r
w,w
q,dx
l,l
aa,aa
m,ng
r,r
d,dx
iy,ix
eh,eh
ae,ae
hh,hh
n,n
ae,ae
dx,dx
r,w
ao,ao
s,s
ax,ax
dcl,dcl
r,r
ay,ay
l,ax
n,n
kcl,kcl
q,q
pcl,pcl
n,n
eh,er
ah,ae
tcl,tcl
ix,ix
t,t
epi,kcl
iy,ih
dcl,tcl
aa,aa
aa,aa
n,en
ux,ux
th,th
s,s
eh,eh
ix,ih
ax,ax
ih,ih
iy,ih
eh,eh
r,r
t,q
dcl,dcl
ao,ao
eh,ix
er,axr
kcl,kcl
dcl,bcl
ax,ix
ix,ih
iy,iy
q,q
w,w
n,n
k,k
ix,ih
z,z
dcl,gcl
aa,aa
pcl,kcl
k,d
ih,r
ey,ey
pcl,pcl
l,l
ix,q
ao,aa
ux,ux
axr,axr
ao,ao
s,s
q,q
m,em
f,f
l,l
ix,eh
ix,ix
r,r
ix,ax
kcl,kcl
tcl,tcl
ix,ix
s,s
v,v
dcl,dcl
er,axr
d,t
ix,ix
ix,iy
s,s
dcl,gcl
k,k
pau,pau
ng,ng
iy,iy
ao,ao
sh,sh
dh,d
f,f
kcl,pcl
tcl,pcl
ax,v
kcl,kcl
ah,ah
kcl,kcl
axr,r
ow,ow
ix,ix
tcl,dcl
hv,hv
n,n
ae,ae
ae,ae
ix,ix
ae,ae
ay,ay
eh,ih
uw,w
y,y
pau,tcl
ix,ix
p,p
uw,ao
eh,ah
en,n
n,tcl
r,r
s,s
s,s
t,d
ng,en
tcl,tcl
k,p
nx,n
l,n
sh,s
axr,axr
em,en
v,v
z,z
hv,hv
ao,ao
l,l
ax,ax
w,w
ng,m
ih,iy
eh,eh
n,kcl
k,hh
eh,eh
ah,uh
pcl,tcl
ae,ae
ih,ih
iy,iy
n,n
n,en
aw,ow
dx,dx
l,l
l,l
iy,ey
s,s
k,k
gcl,gcl
r,r
ix,ix
iy,iy
ax,ax
iy,iy
n,n
ae,ae
t,t
ae,ae
ix,ux
ih,ah
tcl,tcl
ey,ey
d,d
b,p
ux,ux
dcl,dcl
dh,dh
tcl,dcl
eh,eh
l,ao
z,z
n,n
kcl,bcl
r,r
ix,ih
r,r
jh,t
gcl,gcl
v,gcl
z,dcl
l,ix
sh,sh
iy,iy
iy,ih
ix,q
s,s
ix,ih
ae,ae
n,n
ey,ey
ah,ae
m,n
eh,eh
y,y
k,k
el,ao
ih,eh
axr,axr
hh,hv
k,g
iy,iy
z,z
tcl,gcl
ix,ax
d,dcl
ih,ih
ux,er
ix,ih
ih,ih
ix,ng
l,ao
sh,s
t,t
dcl,tcl
n,n
l,l
dcl,tcl
ih,ih
eh,ae
epi,kcl
l,l
z,z
dcl,dcl
pcl,pcl
axr,ax
l,l
g,g
t,t
ae,ae
k,hh
kcl,epi
ax,uh
ix,ix
m,m
ae,ae
n,n
r,r
q,q
f,f
iy,iy
m,n
ax,ix
dh,d
ey,ey
ax,ax
ih,ix
m,n
pau,pau
ax,ax
epi,n
hv,hv
ay,ah
g,g
ae,aw
iy,iy
w,w
r,r
m,m
w,w
iy,iy
ix,ix
ch,ch
kcl,kcl
axr,axr
ae,ah
axr,axr
l,l
ix,q
dh,dh
r,r
f,th
ae,ae
ih,ih
ix,ix
ch,jh
ux,ux
p,p
k,k
ih,ih
f,f
r,dx
ix,n
ix,ux
tcl,kcl
f,th
ih,eh
tcl,tcl
l,w
aa,ah
eh,ix
n,m
gcl,gcl
kcl,kcl
n,n
ay,ay
ng,n
hv,hv
l,l
pcl,pcl
em,m
ax,ax
ux,n
ae,ae
eh,ey
bcl,bcl
t,d
kcl,kcl
l,l
q,q
b,t
ay,ay
r,r
k,k
m,m
ey,ey
ay,ay
ix,ix
k,p
axr,axr
s,s
ae,ae
q,q
jh,k
r,r
v,n
r,r
z,z
aa,aa
s,s
t,t
t,t
ao,ao
l,ax
ah,ah
l,l
pau,pau
axr,q
s,s
s,s
el,ax
th,f
f,f
axr,axr
ah,ow
ix,ix
tcl,q
nx,n
dh,th
m,n
ix,iy
ao,ah
ah,ah
dcl,gcl
er,aa
kcl,tcl
n,n
r,r
l,l
dh,dh
ix,eh
l,l
z,z
eh,eh
axr,axr
ah,ah
ix,ix
l,l
er,er
z,s
ih,ih
kcl,kcl
n,tcl
r,r
bcl,pcl
ax,ix
b,b
zh,sh
k,k
aw,aw
l,l
s,s
dcl,dcl
ax,ax
ix,y
v,v
kcl,kcl
ao,ow
ix,z
q,q
eh,ae
v,tcl
iy,iy
ey,iy
l,b
axr,axr
iy,iy
kcl,tcl
aw,aw
k,k
iy,iy
pau,pau
tcl,tcl
z,z
kcl,kcl
ah,ax
iy,iy
pau,pau
ax,eh
ay,ey
z,z
s,z
w,w
q,q
t,q
dcl,gcl
axr,r
s,s
kcl,kcl
f,f
s,s
ih,ih
z,s
bcl,bcl
iy,iy
ax,b
w,w
t,t
tcl,pcl
p,p
t,t
bcl,pcl
ey,ey
er,er
en,ax-h
ay,ae
ih,eh
q,q
t,k
iy,iy
n,n
dx,gcl
ax,ax
k,g
jh,jh
m,m
aa,aa
r,ah
bcl,bcl
pau,pau
n,n
n,n
v,f
er,er
iy,ix
q,q
k,b
tcl,pcl
nx,n
ay,ay
ix,iy
m,m
m,n
w,w
axr,er
s,s
n,ng
axr,er
ah,el
l,w
ih,ix
tcl,hh
tcl,tcl
sh,sh
s,s
n,n
kcl,kcl
l,l
eh,ah
ay,ay
kcl,kcl
pau,pau
w,w
dx,dx
el,w
ao,ao
tcl,tcl
epi,epi
ah,ah
ao,ao
r,r
er,axr
q,q
kcl,kcl
ih,ih
ih,ih
w,l
q,q
ax,q
tcl,epi
ow,el
ch,jh
r,r
s,s
g,g
aa,aa
ae,ae
dcl,dcl
g,g
z,z
m,m
uh,uh
d,d
iy,ey
bcl,bcl
ay,ay
ay,ah
ow,ow
n,n
f,f
r,r
dh,tcl
ax,ah
p,p
pcl,kcl
g,g
ao,ao
bcl,dcl
ey,q
gcl,m
aa,aa
r,r
el,ao
ao,ao
z,s
k,k
tcl,n
ix,q
ax,ax
ow,ow
d,d
ae,ae
aa,aa
iy,iy
l,ax
s,s
r,r
ax,ax
aw,aw
r,axr
y,y
r,r
p,p
ix,ix
kcl,kcl
kcl,kcl
k,g
n,m
dcl,tcl
iy,y
gcl,gcl
bcl,bcl
kcl,q
y,y
s,s
k,k
ay,ay
p,p
v,bcl
ax-h,dcl
f,f
g,t
t,jh
ae,ae
aa,aa
er,er
tcl,tcl
z,s
dcl,tcl
dh,dh
l,l
kcl,kcl
ax,ah
ae,eh
ih,ih
p,p
kcl,kcl
ih,ih
iy,iy
pcl,tcl
ax,axr
w,l
axr,er
q,gcl
v,dx
r,ax
eh,eh
r,r
ch,jh
gcl,gcl
s,s
ix,ih
ae,ae
el,ax
z,z
ix,ix
ae,ae
dx,d
tcl,kcl
p,p
r,r
eh,eh
jh,jh
k,k
m,m
iy,iy
l,l
axr,axr
n,n
n,n
ix,ih
v,ix
ux,ux
y,y
eh,r
ih,ux
sh,sh
dh,dh
dx,dx
ix,ix
dx,dx
ix,ix
dh,dh
n,n
q,q
ah,ah
iy,iy
w,uh
kcl,kcl
m,m
axr,axr
ah,aa
eh,ah
bcl,kcl
z,z
p,p
k,k
oy,oy
dcl,dcl
k,k
iy,y
p,p
k,t
dh,pau
tcl,bcl
q,q
axr,er
ao,oy
bcl,bcl
aa,ae
l,ax
oy,l
uh,q
s,s
ih,ih
axr,axr
ae,ae
k,g
ax,ix
gcl,dcl
aa,aa
el,el
ae,ae
k,k
r,r
iy,y
ae,ae
iy,ih
l,l
n,epi
el,el
ao,ao
y,y
ey,ey
iy,iy
s,s
ay,ay
ix,ix
z,z
s,s
oy,oy
dcl,dcl
s,s
dh,n
dx,dx
eh,r
ix,ax
t,t
tcl,tcl
y,iy
ix,ih
ey,iy
iy,iy
s,s
ay,ay
ao,ao
q,q
dcl,tcl
p,p
tcl,tcl
ay,ay
q,q
ae,ae
ow,l
s,s
r,l
kcl,kcl
iy,iy
n,n
s,s
r,axr
f,f
n,n
dx,dx
dh,th
ao,ao
ix,ix
r,r
sh,sh
n,n
m,m
pcl,pcl
eh,ae
t,dh
m,n
q,axr
s,s
n,n
l,n
t,t
eh,ah
axr,m
r,r
uw,l
iy,iy
ae,ae
w,w
aa,ah
s,s
en,en
v,v
aa,aa
dcl,gcl
w,el
z,s
iy,iy
m,m
m,m
ix,n
l,l
iy,iy
er,er
ih,ih
r,r
tcl,tcl
ux,ux
n,n
r,r
er,axr
l,l
s,s
kcl,pcl
z,z
n,n
s,th
w,w
ah,ah
gcl,gcl
m,m
hv,axr
axr,r
uw,uw
er,er
ng,ng
eh,eh
bcl,bcl
ch,ch
iy,y
sh,sh
d,d
r,ax
tcl,tcl
n,m
tcl,tcl
kcl,tcl
ao,ao
l,l
axr,axr
ao,ao
ah,ae
ae,ae
bcl,bcl
pau,tcl
l,l
w,w
el,ao
ix,ix
dh,dh
s,s
iy,iy
bcl,dh
kcl,gcl
pau,dcl
l,aa
d,t
ih,ih
s,s
n,n
axr,ix
z,z
ah,ax
r,r
iy,q
dh,m
pcl,tcl
dh,dh
ey,ey
ay,ay
ux,ux
iy,iy
n,n
f,f
r,r
l,l
ux,ux
iy,iy
dh,dh
s,s
iy,iy
n,n
f,hh
w,ao
ax,l
t,jh
ae,ae
k,k
r,r
ix,ix
t,t
dx,dcl
q,q
ng,n
m,m
tcl,tcl
l,l
eh,ax
v,v
m,m
m,en
kcl,gcl
tcl,tcl
kcl,kcl
ao,aa
kcl,kcl
l,l
iy,iy
ix,ix
kcl,gcl
n,m
l,w
ay,ay
n,n
q,q
d,d
k,k
tcl,tcl
z,z
w,w
z,z
t,ch
dx,dx
k,k
ay,ay
tcl,tcl
m,n
dcl,dcl
s,sh
ay,ay
n,n
kcl,kcl
f,th
ux,ux
r,aa
ey,ey
eh,ae
en,m
tcl,kcl
q,q
dh,dh
tcl,tcl
hv,hv
axr,axr
hv,hv
er,er
kcl,pcl
el,el
epi,epi
eh,eh
ae,ae
aw,aw
kcl,kcl
tcl,tcl
dh,n
w,w
l,l
ao,ao
g,g
y,dx
epi,pau
n,n
epi,epi
pau,q
ey,ey
kcl,tcl
ay,ay
epi,epi
n,bcl
iy,ey
dh,v
eh,eh
aa,aa
aa,aa
axr,axr
l,l
s,z
eh,ih
ax,ax
l,l
ih,ih
v,v
el,el
kcl,kcl
ae,ae
ax,ao
sh,sh
dcl,dcl
tcl,tcl
axr,axr
ah,ah
n,n
n,n
q,q
f,f
dx,q
tcl,tcl
iy,iy
sh,sh
tcl,pcl
g,g
er,axr
kcl,tcl
w,w
aw,aw
ae,ae
t,pau
t,d
iy,iy
pcl,pau
uh,ax
aa,aa
v,v
k,k
n,n
w,w
d,jh
dcl,gcl
m,n
v,v
eh,eh
ix,ux
q,k
eh,eh
er,er
ih,ih
s,s
y,y
ax,ix
r,r
p,p
hh,hh
tcl,dcl
m,m
ng,m
n,nx
en,tcl
uh,ow
s,s
z,z
axr,axr
pau,epi
uh,ah
tcl,kcl
eh,eh
l,ah
k,k
gcl,gcl
l,l
z,z
r,r
w,w
ih,iy
dh,dh
ux,ux
y,y
tcl,tcl
ix,ax
ih,ih
dx,dx
bcl,bcl
iy,y
axr,axr
q,q
axr,ux
hh,hh
ix,ix
dcl,dcl
hh,hh
nx,nx
q,q
tcl,pcl
ix,ih
pcl,tcl
iy,iy
dh,dh
sh,s
w,w
l,ow
iy,iy
axr,er
ow,aa
bcl,tcl
er,er
ax,ax
ix,ix
ae,ae
n,n
bcl,bcl
iy,iy
tcl,kcl
dh,q
ix,ix
kcl,tcl
tcl,tcl
bcl,tcl
p,p
k,k
n,n
epi,epi
r,r
dh,dh
uh,ax
hv,hv
ay,ay
n,n
hv,iy
iy,iy
f,f
ix,ix
k,k
w,r
ae,ae
ey,ey
r,r
hh,hh
z,s
w,w
bcl,bcl
axr,r
k,k
hh,epi
gcl,kcl
kcl,kcl
w,l
iy,pau
l,l
ae,ae
p,p
pau,dh
ih,iy
ix,ix
ow,ow
r,r
tcl,tcl
l,ah
pcl,pcl
ix,en
k,k
ih,ax
k,k
tcl,tcl
v,v
iy,iy
l,l
tcl,tcl
bcl,bcl
n,iy
t,th
ey,ey
ix,q
d,ix
bcl,tcl
ao,ao
m,m
iy,iy
ix,axr
tcl,tcl
t,tcl
t,t
tcl,tcl
l,el
k,k
tcl,tcl
q,q
aa,aa
dcl,n
dh,dh
dcl,dcl
aa,aa
pcl,pcl
k,k
gcl,dcl
r,r
n,n
iy,ih
kcl,kcl
er,ae
bcl,dx
ax,ix
iy,iy
ih,ih
iy,iy
m,n
r,ix
pcl,kcl
axr,r
r,axr
n,m
q,hh
t,t
ix,ix
iy,iy
aa,aa
sh,sh
iy,ih
l,l
g,jh
s,s
kcl,kcl
kcl,kcl
b,l
dx,dx
axr,axr
sh,sh
ux,r
s,s
k,k
w,w
ix,ix
l,ng
tcl,tcl
t,t
w,w
tcl,tcl
aa,ae
t,t
n,n
sh,sh
w,w
p,g
n,n
ih,ih
n,n
tcl,tcl
ay,aa
ah,ow
ow,ow
ow,ow
ix,ix
v,v
nx,n
pau,dcl
l,l
ao,ao
r,n
ae,ae
dx,dx
iy,iy
aa,aa
iy,y
t,t
y,y
dh,dh
gcl,bcl
pcl,pcl
kcl,kcl
ix,ix
ux,ux
n,nx
eh,eh
z,s
ix,ax
eh,eh
ay,ay
r,ix
eh,ih
f,f
iy,y
q,q
ix,ix
y,y
iy,iy
ix,ix
iy,iy
ux,ux
l,w
ah,eh
r,l
ax,ax
aa,axr
ix,ih
ow,ow
ae,ae
bcl,bcl
aa,aa
eh,eh
kcl,tcl
dcl,dcl
tcl,kcl
ix,ux
k,k
er,eh
ah,ah
n,n
l,uw
b,d
k,k
ix,ih
q,q
ix,ix
pcl,dcl
pcl,kcl
er,ah
m,m
ax,ix
ng,m
kcl,q
l,l
f,f
dcl,dcl
kcl,kcl
ae,eh
tcl,pcl
ax,ih
pau,q
kcl,epi
s,s
ux,iy
q,q
dcl,bcl
dh,d
g,g
ow,uh
ih,ih
axr,er
iy,iy
ix,y
iy,iy
er,er
ax,ax
ix,ax
w,w
ey,ey
ix,ih
tcl,tcl
bcl,bcl
n,n
er,axr
dh,dh
aa,aa
dcl,dcl
iy,iy
ao,l
m,m
epi,kcl
ow,ow
dx,g
sh,sh
hh,hv
kcl,kcl
ow,ow
n,m
s,s
l,l
ao,ao
kcl,tcl
ae,ae
b,d
kcl,kcl
dcl,tcl
d,t
r,r
pcl,tcl
s,z
ix,n
s,s
kcl,kcl
z,z
ae,ae
y,l
tcl,kcl
gcl,gcl
w,w
s,s
r,dcl
aa,aa
l,l
k,tcl
ux,r
tcl,kcl
r,r
aw,ah
s,z
eh,eh
ae,ih
z,z
kcl,pcl
ey,eh
eh,ae
er,er
ix,ix
sh,sh
w,w
en,n
m,m
p,b
p,p
ax,ix
s,s
aa,aa
l,m
kcl,epi
iy,iy
ax,ux
w,w
r,r
ix,ix
f,f
f,f
n,n
kcl,kcl
ey,eh
hv,hv
ae,ae
tcl,tcl
y,y
dx,k
ay,ay
axr,axr
aa,aa
z,s
kcl,pcl
ah,eh
n,en
l,l
bcl,bcl
ng,ng
ow,ah
q,ix
v,v
ae,ae
s,s
iy,iy
f,f
ay,ay
p,p
iy,iy
w,r
n,n
dh,dcl
gcl,gcl
n,n
f,f
bcl,tcl
ay,ay
s,s
axr,axr
ix,ix
n,n
r,r
f,f
q,q
ay,aa
s,ch
iy,iy
tcl,dcl
ux,ux
bcl,gcl
d,pau
z,z
s,s
r,q
ix,ix
dcl,dcl
p,p
f,th
ix,ix
iy,q
dcl,dcl
m,m
z,z
p,d
ix,iy
jh,jh
kcl,kcl
aa,aa
sh,sh
n,n
eh,ih
n,n
l,l
ah,ae
uh,uh
q,q
s,z
epi,epi
ux,ux
iy,iy
ae,ae
k,k
ih,ux
ih,r
epi,pau
s,th
n,n
ix,ix
tcl,dh
pcl,kcl
q,q
dh,dh
tcl,tcl
z,z
n,n
ix,iy
axr,axr
ax,ax
q,q
r,r
uw,ih
r,r
r,ix
ao,ao
n,n
jh,jh
iy,iy
ey,ey
gcl,gcl
p,hh
r,r
k,tcl
iy,iy
r,r
l,ax
l,l
s,s
bcl,gcl
dx,dx
m,ax
dx,dx
hh,k
epi,epi
ao,ao
en,en
n,n
r,r
ix,ih
er,ih
bcl,gcl
ey,ey
ix,q
eh,ae
th,th
ey,ey
ix,ix
ix,ix
dh,q
q,q
ix,ix
l,l
w,w
sh,sh
q,k
s,s
aa,aa
d,t
iy,iy
iy,iy
pcl,tcl
m,n
tcl,dcl
g,k
n,n
ae,ae
ae,ae
dcl,kcl
ao,ao
epi,kcl
r,r
pcl,pcl
f,f
g,k
dh,ix
z,s
ay,ay
n,n
uh,ux
r,axr
w,r
iy,iy
l,l
f,f
ix,ix
iy,iy
q,q
aa,aa
er,r
ix,ix
eh,eh
ih,ay
aa,aa
aa,aa
z,s
ey,ey
ix,q
t,t
s,z
z,z
ay,ay
l,l
er,er
nx,n
axr,ix
w,w
ao,ao
n,n
s,s
ax,ix
p,p
n,n
s,s
l,l
iy,iy
m,m
v,v
r,r
n,n
ao,aa
f,f
gcl,ng
ah,ah
axr,axr
ey,ey
tcl,pcl
w,w
ix,ix
hh,hh
dcl,nx
iy,iy
d,d
aa,ao
p,p
r,r
eh,eh
l,l
s,s
iy,iy
em,n
kcl,kcl
iy,iy
axr,er
ax,r
k,kcl
ae,ae
ey,ey
ao,ao
ae,aa
n,en
ah,ah
l,l
l,w
p,k
r,r
d,pau
r,axr
hh,k
m,m
eh,ax
t,t
ah,aa
pau,kcl
ih,ih
l,l
n,n
iy,iy
r,r
tcl,pcl
aw,ow
r,r
r,r
er,er
ao,aa
axr,q
iy,iy
m,n
k,p
s,f
gcl,pcl
er,eh
dh,dh
k,kcl
jh,t
tcl,dh
kcl,kcl
v,v
eh,ah
ey,ey
nx,nx
kcl,kcl
z,s
ow,ow
r,r
ao,aa
pcl,pcl
eh,ae
ix,ux
s,z
s,s
k,k
n,n
s,s
l,l
pcl,kcl
gcl,gcl
s,s
s,s
er,ow
l,l
dcl,pau
eh,eh
aa,ah
dcl,gcl
tcl,tcl
l,l
hh,hh
sh,sh
s,s
q,ix
nx,dcl
ih,ih
t,t
r,r
ay,ay
m,m
m,epi
n,n
kcl,kcl
p,p
ay,ay
z,z
q,q
ih,ix
k,t
hh,hh
axr,axr
axr,axr
ax,ax
l,q
l,l
ax,w
r,aa
r,r
ey,ey
ng,ng
z,s
v,f
iy,iy
aa,aa
v,v
r,axr
ah,ah
ah,ah
epi,tcl
d,dx
k,k
gcl,bcl
ah,ah
l,uw
dcl,dcl
dx,dx
ax,ax
eh,ix
kcl,kcl
ax,ax
r,r
uh,uh
dcl,dcl
r,r
v,v
pcl,pcl
dx,n
iy,iy
s,s
iy,iy
s,s
sh,s
er,er
s,s
gcl,kcl
eh,eh
l,l
l,w
ix,ih
iy,iy
ao,ao
s,s
v,f
b,p
pcl,pcl
sh,f
sh,sh
l,l
ix,ix
ih,ih
axr,er
s,s
t,d
v,f
ax,ax
iy,iy
ix,ah
tcl,tcl
iy,iy
kcl,kcl
l,dx
axr,axr
s,s
n,n
l,l
f,f
iy,ix
iy,iy
y,kcl
er,er
l,l
p,p
ay,ey
tcl,tcl
er,aa
r,r
ax,ah
dcl,tcl
m,m
dx,dx
r,r
sh,sh
ax,ix
d,jh
ao,ao
ao,ao
l,ao
p,p
kcl,tcl
m,n
r,r
epi,epi
s,s
s,s
ih,ih
n,m
z,z
s,z
er,r
ay,ah
r,r
w,eng
kcl,kcl
ih,ih
n,n
tcl,dcl
n,n
ao,m
bcl,pcl
ix,ix
ey,ih
r,w
m,m
ao,ao
ih,ih
f,f
m,n
kcl,epi
dh,dh
q,q
b,w
aa,aa
ng,en
aa,aa
r,r
t,t
iy,iy
l,l
dx,dx
iy,iy
w,w
gcl,gcl
iy,iy
z,z
m,m
p,p
n,ng
f,th
r,r
l,l
axr,axr
p,t
ae,ae
n,n
dcl,n
ix,r
b,g
hh,epi
m,m
k,k
n,n
ih,ix
l,l
ao,ao
ay,ay
ay,ay
s,s
ey,ey
l,l
ix,ih
ix,ix
ux,ux
epi,epi
p,jh
t,t
nx,nx
uw,ux
eh,ae
ux,axr
y,iy
aa,aa
ih,ih
ih,ih
w,w
ch,jh
ey,ey
dx,dx
ix,ix
kcl,kcl
r,r
zh,zh
dcl,n
kcl,kcl
iy,ix
ih,ix
g,g
dcl,dcl
n,w
l,aw
t,dh
sh,sh
ax,r
n,n
ax,ax
sh,sh
eh,eh
dh,t
hh,hh
m,n
ax,ah
ax-h,ix
t,t
dcl,dcl
hv,hv
ae,ae
ax-h,q
ao,axr
ae,ae
ao,ao
m,pcl
z,z
hh,hh
ch,jh
kcl,kcl
q,n
ax,ax
r,r
aa,aa
t,t
b,b
oy,oy
axr,axr
ix,ih
w,w
tcl,tcl
bcl,pcl
v,v
ae,ae
ih,eh
tcl,tcl
aa,aa
r,ah
eh,ae
sh,sh
epi,epi
iy,iy
axr,aa
ae,ae
jh,k
ao,ao
f,f
pcl,bcl
n,ng
sh,sh
p,p
kcl,kcl
ah,ah
z,z
tcl,tcl
l,l
ax,ax-h
ow,ae
n,n
ow,aa
pau,hh
kcl,kcl
aa,aa
g,k
ih,ix
l,l
er,er
gcl,gcl
k,k
ih,ih
ax,ax
ax,aa
dx,dcl
iy,iy
k,k
ih,ih
v,v
dh,dh
kcl,kcl
axr,axr
s,s
s,s
q,q
pau,pau
r,q
ix,ix
ax,ax
axr,er
p,p
p,z
ae,ae
p,p
z,z
pcl,tcl
q,q
ae,ae
dcl,gcl
s,s
epi,epi
l,n
kcl,tcl
eh,eh
ix,ix
q,ax
f,f
ae,ae
ae,ae
kcl,kcl
iy,iy
aa,aw
eh,ax
t,jh
gcl,gcl
ih,eh
iy,ih
ay,ay
w,w
bcl,dcl
nx,n
dcl,dcl
t,d
hh,hh
tcl,pcl
w,w
tcl,kcl
z,s
aa,ae
pcl,pcl
aa,aa
k,k
aa,ao
d,t
ay,aa
pau,n
aa,aa
nx,n
dcl,dcl
eh,ae
n,n
ix,iy
v,tcl
f,f
m,m
z,z
t,d
s,s
dcl,tcl
k,k
t,t
ao,w
n,n
ay,ay
oy,ao
ix,ih
ao,ao
kcl,kcl
p,p
l,l
s,s
y,y
n,ng
jh,ch
kcl,kcl
l,l
ow,ax
kcl,kcl
ch,ch
w,l
l,l
ix,ay
ix,ix
hh,hh
ux,ux
eh,eh
ng,gcl
f,f
kcl,dcl
ax-h,q
tcl,tcl
ao,ao
ao,ow
ih,ix
ae,ae
q,q
ax,el
er,er
jh,jh
n,ng
n,nx
ah,ax
jh,t
tcl,kcl
m,m
ax,ah
ax,l
tcl,gcl
bcl,bcl
t,d
tcl,tcl
k,s
v,v
sh,jh
iy,iy
ix,ax
tcl,pcl
ax,ax
ix,iy
r,r
s,s
f,f
l,l
r,r
ax,q
tcl,kcl
r,r
w,w
z,z
iy,r
iy,iy
ix,axr
uh,ih
ah,ah
ax,ax
n,n
aa,axr
ao,w
ax,ah
n,m
z,z
ih,ih
m,n
k,k
s,s
s,s
s,s
ix,ih
dcl,dcl
ah,r
uw,uw
ae,ae
pcl,bcl
r,r
ao,ax
ey,ey
ix,ix
s,s
r,r
f,f
eh,eh
ih,l
v,dx
ao,ao
iy,iy
k,g
k,k
ey,ix
w,w
gcl,gcl
s,z
eh,er
f,f
kcl,kcl
dcl,kcl
eh,ih
w,ao
s,s
eh,ih
n,m
r,r
tcl,pau
ih,ih
iy,y
hh,hh
q,q
ax,ih
y,y
w,l
l,l
pcl,pcl
z,z
dcl,tcl
ch,jh
l,el
axr,axr
gcl,kcl
t,t
ax,ix
sh,k
l,l
l,l
w,ao
ix,ax
gcl,dcl
n,n
q,q
hv,y
iy,iy
gcl,gcl
ih,ih
bcl,n
s,s
r,r
w,w
bcl,bcl
el,el
epi,epi
ow,ow
t,t
ay,ay
sh,sh
ix,ih
r,r
l,l
ih,ih
ao,ao
ix,l
w,w
f,f
eh,ih
n,n
pcl,pcl
nx,nx
ao,ao
ch,jh
dh,dh
tcl,tcl
dh,p
ow,aw
iy,iy
k,g
sh,sh
pcl,pcl
ah,ax
ah,ah
n,n
ax,ow
m,m
axr,axr
n,n
eh,ae
t,t
aa,aa
ow,aw
ow,ax
v,pcl
hv,hv
t,t
ay,ae
r,er
bcl,bcl
ux,er
ax,ax
f,p
eh,iy
v,v
iy,iy
oy,oy
aa,aa
ey,ey
ix,ix
ow,ow
r,r
p,p
ih,ih
ix,ix
l,l
y,n
tcl,kcl
z,th
dx,dcl
eh,eh
axr,er
ix,ix
ax,ix
l,q
aa,aa
eh,eh
m,ng
k,k
tcl,tcl
ix,ix
w,q
ah,aa
bcl,gcl
m,k
kcl,kcl
f,th
m,m
epi,gcl
pau,k
p,p
s,s
f,f
ax,ae
bcl,bcl
uh,ax
iy,iy
m,m
ao,aa
oy,ao
l,l
hv,jh
ih,ih
ih,ih
ao,ao
ow,ow
aa,aa
eh,ae
tcl,tcl
ix,ix
ch,jh
iy,iy
iy,iy
ix,ix
ey,ih
s,z
ey,ey
k,k
iy,iy
t,d
aa,aa
r,r
q,q
axr,ax
kcl,gcl
tcl,tcl
ux,ux
l,l
k,k
s,s
y,y
dh,v
r,r
zh,sh
iy,iy
pau,kcl
er,r
l,l
k,k
dx,d
ax,ah
iy,iy
ey,iy
jh,ch
el,el
dcl,dcl
ax-h,ax
ae,ae
ow,ow
ow,ow
w,r
axr,er
w,w
el,ax
m,m
kcl,kcl
bcl,bcl
n,n
aa,aa
dcl,tcl
t,t
w,w
s,s
dh,dh
th,s
ix,ix
ae,ae
dcl,bcl
r,r
el,l
t,d
l,ah
z,z
ix,ix
ae,ae
tcl,tcl
s,s
en,en
k,k
tcl,dcl
ao,ao
s,s
oy,oy
q,pau
dx,dx
n,l
ix,ix
uw,ow
t,t
dcl,dcl
ah,ah
ih,ih
aa,aw
r,aa
eh,ax
er,er
s,z
ow,uw
ix,ih
q,q
r,r
aa,aa
iy,iy
eh,eh
iy,iy
ay,ay
aa,aa
sh,sh
d,d
l,l
m,n
axr,q
r,r
tcl,tcl
t,epi
ix,axr
ow,ow
kcl,tcl
aa,ae
sh,sh
aa,ah
l,l
bcl,bcl
s,s
v,dh
l,l
er,axr
pcl,epi
dh,dh
w,l
w,w
dcl,gcl
ih,eh
p,p
k,jh
jh,jh
iy,iy
axr,er
r,r
tcl,tcl
gcl,pcl
y,ih
pcl,pcl
w,w
eh,ae
r,r
v,tcl
s,s
ix,ix
ax,ax
hv,hv
iy,iy
l,l
ah,ah
r,axr
z,z
l,l
ax,ix
w,w
oy,oy
ih,ih
ah,ah
iy,iy
kcl,kcl
kcl,kcl
axr,dx
tcl,n
n,n
ix,en
sh,sh
iy,iy
k,k
ix,ix
ux,ux
f,f
k,p
hv,hv
y,y
s,s
ix,axr
dh,tcl
r,r
iy,iy
ax,ow
t,t
ux,ux
z,z
aw,eh
m,m
t,t
k,hh
ix,ix
ao,ah
ae,ae
k,k
ow,ao
s,s
z,z
r,r
tcl,pau
axr,axr
dcl,dcl
iy,iy
s,s
sh,s
iy,iy
kcl,tcl
s,s
z,z
dcl,dx
ae,ae
ih,ih
ax,ax
t,jh
ax,ae
ch,ch
ae,ae
l,ax
en,en
ae,ae
n,n
ax,ax
tcl,q
tcl,kcl
ow,ow
iy,iy
oy,oy
aa,aa
kcl,kcl
sh,sh
dcl,dcl
s,s
kcl,kcl
d,d
kcl,kcl
dcl,tcl
kcl,tcl
ih,ih
g,dh
w,dh
pau,pau
iy,iy
eh,ix
s,z
bcl,bcl
n,n
kcl,kcl
sh,sh
n,ng
ix,ih
l,l
kcl,tcl
iy,iy
ih,ih
n,n
eh,ax
sh,sh
iy,y
axr,ey
s,z
ax,ah
dx,dx
m,dcl
ae,eh
pcl,kcl
ey,ey
ay,ay
m,em
epi,epi
ih,ih
k,k
n,n
eh,eh
l,l
q,q
n,n
w,w
aa,ah
k,p
el,w
n,m
ux,ux
eh,ae
th,th
jh,jh
hv,hv
r,r
g,g
tcl,tcl
f,f
dx,dcl
q,ah
ao,aa
q,q
ux,iy
ix,ix
l,l
ax-h,v
l,iy
w,w
eh,eh
ae,ae
gcl,m
dcl,dcl
z,s
s,s
n,em
r,r
ih,ih
w,w
iy,iy
f,th
t,t
iy,iy
ix,ix
ih,ih
s,s
f,f
r,r
axr,axr
dx,gcl
hv,hv
l,l
ih,eh
ux,ux
ow,ow
ix,dh
y,iy
ix,ih
dcl,dcl
er,er
ay,aa
ah,aa
nx,r
ih,ih
epi,f
pcl,dh
q,q
dh,d
iy,ey
dcl,dcl
kcl,kcl
iy,iy
ix,ix
iy,iy
ey,ey
kcl,tcl
r,r
iy,iy
t,d
ow,aw
ay,ay
nx,dx
pau,tcl
epi,epi
r,r
n,tcl
ow,ow
uw,ow
pau,pau
t,t
n,ng
r,r
epi,epi
en,ax-h
eh,aa
n,n
ix,ix
l,l
t,t
axr,ay
r,r
dcl,tcl
eh,ah
el,ax
axr,er
ah,ah
s,s
iy,ix
tcl,tcl
ix,q
tcl,k
tcl,dcl
axr,uh
ix,eh
axr,axr
ae,ae
ae,eh
tcl,tcl
p,p
ix,ih
ih,iy
p,p
ey,ey
z,z
iy,iy
r,r
ix,ix
p,p
oy,oy
hv,ux
l,l
iy,ey
en,n
d,d
eh,ae
ae,ae
ix,ix
iy,ih
dcl,g
z,z
s,s
ux,ax
pcl,pcl
kcl,kcl
k,k
dh,th
z,s
y,y
y,iy
w,w
ax,ix
v,f
l,l
iy,iy
ae,ae
m,m
tcl,tcl
m,m
w,w
m,n
dx,dx
r,m
n,n
ao,el
oy,ay
eh,ae
l,l
ux,ih
g,g
k,k
kcl,kcl
axr,axr
ay,ae
g,q
iy,ih
l,aa
l,uw
l,l
ey,ey
ix,ax
aw,aw
ix,en
gcl,gcl
s,s
ux,iy
iy,iy
z,z
r,r
tcl,pcl
ow,ow
aa,aa
s,s
ah,ah
ey,ey
y,iy
dcl,dcl
d,d
n,v
l,ao
w,w
r,r
q,q
tcl,pcl
s,s
y,y
ah,ax
p,p
ae,ae
axr,ix
y,y
gcl,gcl
ux,ih
ey,ey
ao,ao
jh,jh
hh,hh
s,s
oy,oy
pcl,tcl
ao,ao
er,r
n,n
axr,ax
m,m
dh,t
iy,ih
m,m
q,q
axr,r
ao,ao
hv,hv
epi,tcl
m,dh
r,r
dcl,tcl
dcl,tcl
r,uw
p,th
tcl,kcl
iy,iy
r,er
axr,r
n,dcl
n,dx
eh,ih
dh,d
ng,em
ix,ih
l,l
tcl,dx
r,r
z,z
sh,sh
aa,ao
iy,iy
q,q
gcl,pcl
z,z
jh,jh
z,z
ux,iy
dcl,dcl
s,z
w,w
tcl,tcl
p,k
ih,ih
f,f
w,w
l,l
p,p
n,n
ax,ax
ng,gcl
ux,ux
n,y
t,t
k,g
hh,kcl
axr,axr
v,v
ix,ih
r,r
kcl,kcl
axr,er
pcl,pcl
kcl,kcl
ae,ae
r,r
gcl,gcl
ah,ax
s,s
t,t
ae,ae
er,er
axr,r
k,k
n,n
dcl,dcl
iy,ih
n,n
m,m
ey,ey
t,t
p,p
iy,iy
kcl,kcl
ng,n
ao,ao
l,l
iy,iy
z,z
sh,s
er,axr
n,n
ow,ao
ah,ah
r,r
q,q
ih,ih
n,n
ih,ih
pcl,pcl
kcl,kcl
ix,ix
n,ng
bcl,bcl
m,m
dh,dh
n,n
iy,iy
axr,ux
ih,ih
dcl,tcl
y,y
axr,axr
w,p
axr,r
hv,q
r,r
ix,ix
ao,ao
aa,aa
tcl,tcl
p,t
tcl,kcl
dx,dx
eh,ae
iy,iy
w,w
f,f
g,g
dx,kcl
n,n
ax,ax
kcl,gcl
l,l
kcl,kcl
ux,ux
ax-h,hv
t,t
l,ao
ae,ae
ih,ih
ng,ng
pcl,pcl
g,r
ix,ix
dx,dx
dh,q
w,w
ao,ao
s,s
n,n
g,g
s,s
s,s
ix,ax
bcl,bcl
dcl,dcl
n,bcl
s,s
hh,jh
n,n
iy,iy
en,en
iy,ih
aa,ay
epi,epi
tcl,tcl
pcl,tcl
t,jh
n,m
ih,ih
s,s
hv,hv
ah,ah
iy,ey
ix,ih
ax,ax
kcl,kcl
ax,ax
er,axr
iy,iy
t,jh
eh,ih
ay,ay
ah,uh
q,q
pcl,kcl
gcl,dcl
ix,ix
ae,ae
oy,oy
r,axr
tcl,dcl
aa,aa
ix,ax
k,d
axr,axr
ey,ae
nx,dx
g,g
t,t
ix,ix
w,w
k,kcl
ih,ax
m,m
ih,ux
m,m
ux,ix
kcl,kcl
r,r
hh,hv
ix,ix
iy,iy
aa,ay
ae,ae
ix,g
z,z
iy,iy
aa,aa
tcl,tcl
v,dh
t,t
ey,ae
ax,ah
eh,ih
sh,sh
m,n
ih,ih
iy,iy
tcl,tcl
w,w
iy,iy
z,z
iy,iy
t,jh
dh,dh
z,z
n,n
iy,iy
s,s
ao,aa
k,k
en,n
eh,er
f,f
tcl,kcl
l,ax
w,w
uh,ih
z,z
jh,jh
ix,ih
s,s
y,y
l,ax
dh,dh
pcl,kcl
ah,ah
hh,hh
ih,ix
r,axr
k,b
ih,ih
tcl,dcl
ay,ay
n,n
en,en
ih,ih
ax,ix
f,f
en,n
s,s
aa,aa
l,ix
bcl,bcl
iy,iy
gcl,gcl
bcl,bcl
tcl,epi
ao,aa
s,s
z,z
axr,axr
q,q
iy,ey
k,k
ay,ey
ae,ae
aa,axr
dh,dh
ey,ey
axr,axr
m,m
tcl,q
aa,aa
kcl,pcl
z,z
dcl,dcl
eh,eh
uw,uw
bcl,bcl
ah,aw
tcl,tcl
g,k
r,r
ay,ay
kcl,kcl
nx,nx
ix,eh
s,s
s,s
gcl,dx
ih,ay
v,v
ih,ux
epi,epi
f,f
s,sh
p,p
q,q
axr,axr
kcl,kcl
s,sh
q,k
n,n
axr,w
aa,aa
s,k
sh,s
k,k
n,n
hv,iy
t,t
ux,ux
iy,iy
ix,ix
kcl,dh
l,l
ng,y
m,n
ey,ey
n,n
n,n
ih,ih
dx,dcl
n,n
l,l
n,n
z,s
ae,ae
tcl,pau
oy,oy
ow,l
m,n
p,p
ix,ix
ay,ay
ao,ao
sh,sh
ax,ax
ao,aa
p,nx
t,t
y,y
aa,aa
w,w
dcl,dcl
er,er
dcl,pau
ix,dcl
s,s
v,gcl
t,t
ix,eh
t,t
tcl,tcl
ax,ix
r,ix
d,dh
hv,ix
pcl,epi
sh,sh
ah,ah
aa,aa
ae,ae
m,n
axr,tcl
r,r
en,en
s,s
aa,aa
w,ao
kcl,tcl
axr,axr
s,z
kcl,kcl
k,k
t,d
tcl,tcl
ay,aa
n,n
ih,ix
ay,ay
y,dh
t,epi
pcl,tcl
g,z
v,n
ix,ix
ax-h,dh
d,t
q,q
ao,ao
kcl,kcl
iy,iy
dcl,n
dx,dx
n,n
dh,dx
n,n
aa,aa
dh,dh
p,p
ix,ih
dx,nx
q,iy
m,m
gcl,pcl
sh,sh
kcl,tcl
m,m
er,er
n,en
el,ow
iy,iy
ey,ey
pau,tcl
s,s
l,l
tcl,q
aa,r
ae,ah
uh,ax
z,z
iy,ix
ay,aa
d,dh
ey,ih
kcl,g
l,l
gcl,dcl
sh,sh
kcl,kcl
axr,ix
ih,ax
n,n
n,en
iy,iy
q,ix
tcl,pcl
axr,axr
iy,iy
pcl,pcl
q,q
er,aa
th,tcl
t,t
pcl,tcl
er,aa
s,s
v,v
iy,ey
oy,oy
ao,ao
ae,ae
l,ih
w,w
kcl,kcl
n,en
ax,ax
ax,ax
tcl,tcl
g,p
t,dh
z,s
ow,ao
r,r
dcl,dcl
ao,ao
w,w
ux,ih
p,p
f,th
l,l
l,l
ix,ix
ao,ao
ch,t
ix,ix
nx,n
l,l
oy,oy
iy,iy
q,q
aa,ae
s,s
ix,ax
iy,iy
p,p
pcl,tcl
pcl,dcl
n,n
iy,ey
eh,eh
hh,hh
l,el
l,l
ix,ix
ix,uh
ch,th
ix,q
ah,ix
ao,ao
w,m
dx,dx
ah,ah
f,s
er,r
aa,ao
th,th
bcl,pcl
s,sh
ih,ih
kcl,tcl
aa,aa
r,m
ax,ax
ix,ux
iy,iy
s,s
eh,ih
ih,ae
bcl,gcl
ay,aw
m,m
oy,ao
tcl,tcl
ix,ix
ae,ae
ow,ih
pcl,dcl
w,w
epi,epi
kcl,pcl
ey,ey
n,n
y,iy
epi,kcl
ay,ay
uh,ah
ao,ow
iy,ix
ih,iy
w,w
iy,hv
axr,ih
n,n
dcl,v
m,n
v,v
nx,nx
aa,aa
d,d
ah,ah
n,ng
r,r
tcl,dcl
eh,ae
aa,ao
aa,aa
ih,ih
gcl,q
dcl,axr
y,y
kcl,kcl
r,r
n,n
t,t
ae,ae
axr,er
ae,ae
p,k
pcl,pcl
gcl,n
k,k
ae,ae
tcl,kcl
ix,iy
dcl,dcl
kcl,kcl
z,z
ae,ih
gcl,kcl
iy,iy
th,th
axr,ax
sh,s
eh,ih
r,r
dcl,tcl
l,el
ay,ay
k,k
tcl,tcl
bcl,n
l,l
r,r
n,n
pau,pau
jh,jh
iy,ix
g,d
ae,ae
ix,ix
ch,jh
k,k
uw,ux
ay,ay
tcl,kcl
p,p
tcl,kcl
tcl,kcl
axr,en
r,r
axr,axr
w,n
l,l
m,m
s,s
r,aa
pau,pau
ih,eh
s,s
ih,ih
er,er
ix,ix
ae,ae
ae,ae
ao,y
aa,aa
l,l
w,w
f,f
sh,sh
ux,ux
iy,iy
ix,ix
y,ux
r,axr
nx,n
oy,oy
t,t
epi,pcl
ch,jh
t,t
kcl,tcl
nx,nx
d,l
ax,l
tcl,tcl
f,f
ow,ow
gcl,gcl
ow,ow
hv,hv
z,z
r,ix
r,r
ih,ux
m,m
g,g
s,s
ng,n
dx,z
s,s
tcl,dcl
ay,ay
n,n
v,v
gcl,kcl
b,p
ih,ih
v,v
ch,ch
s,s
f,th
l,l
f,f
sh,sh
eh,eh
tcl,tcl
tcl,tcl
ao,ao
ax,ix
tcl,tcl
ax,ax
ih,ih
pcl,pcl
ix,ux
m,m
kcl,tcl
kcl,kcl
hv,iy
iy,iy
hv,hv
l,l
m,gcl
ow,ow
r,r
m,en
ix,ix
k,k
k,k
l,ao
ae,ae
l,el
q,q
epi,epi
q,q
uh,aa
eh,eh
k,kcl
iy,iy
axr,r
ux,ux
gcl,gcl
g,g
ih,ih
p,p
k,k
n,m
s,s
n,n
ow,ow
iy,y
z,z
tcl,pau
m,m
g,w
kcl,kcl
p,p
z,s
kcl,kcl
iy,iy
iy,iy
w,w
ch,ch
ix,ix
ix,ix
pcl,dh
eh,ae
ae,ae
ae,eh
gcl,dcl
ah,l
dcl,dcl
r,aa
tcl,kcl
n,n
r,r
r,r
aa,aa
k,k
l,l
kcl,kcl
oy,oy
gcl,n
s,s
f,f
d,d
l,ax
th,th
z,z
kcl,kcl
oy,oy
uw,ax-h
ih,eh
ux,ux
aa,aa
m,n
bcl,gcl
dcl,n
v,v
ax,w
k,k
n,n
w,b
m,n
el,el
z,s
ix,ix
eh,ae
ix,ax
er,er
s,ch
ux,ix
iy,iy
p,b
n,n
s,s
gcl,dcl
tcl,gcl
iy,iy
l,l
s,z
dx,dx
ow,ow
hv,hv
pcl,pcl
ao,w
kcl,kcl
uw,ux
l,ix
s,s
t,t
ae,ah
w,w
aa,aa
iy,ih
dcl,dcl
ay,ay
er,er
gcl,dcl
ay,ay
ih,ih
hh,hh
ix,iy
iy,y
tcl,gcl
p,p
ow,ow
pcl,pcl
ch,ch
g,g
r,eh
z,z
pau,tcl
ey,iy
aw,aw
aa,aa
q,q
f,f
t,t
ae,ae
ao,aa
er,axr
axr,er
s,z
l,q
k,k
dh,s
pau,p
t,d
l,l
g,gcl
tcl,tcl
axr,axr
eh,ih
ng,dcl
kcl,kcl
ey,ey
p,p
ah,ah
s,s
ae,ae
ih,ih
pcl,pcl
uw,w
sh,sh
k,g
n,n
ux,ux
dcl,dcl
ow,ow
tcl,dcl
pcl,pcl
n,l
q,q
eh,eh
el,ax
axr,r
r,r
ih,ix
kcl,pcl
eh,eh
l,l
ix,ix
ah,ih
er,er
pau,tcl
f,f
hv,ae
ae,ae
r,r
axr,axr
ae,ae
ux,ix
jh,jh
tcl,tcl
ih,ix
axr,axr
dcl,dcl
em,tcl
uh,ux
ey,ey
bcl,bcl
gcl,gcl
m,m
ow,ih
oy,oy
ix,ah
th,tcl
n,n
l,r
v,v
sh,ch
kcl,tcl
v,f
r,r
q,q
ax,l
tcl,tcl
axr,er
aa,aa
f,th
dcl,dx
gcl,gcl
l,l
iy,y
ix,ix
jh,k
l,l
r,r
ae,eh
ih,iy
ih,eh
kcl,kcl
iy,iy
ae,ae
y,y
ae,ae
tcl,kcl
r,ix
em,w
pcl,pcl
eh,eh
axr,axr
ow,ow
k,k
ae,ae
bcl,m
aa,aa
l,l
jh,d
dcl,dcl
k,sh
z,z
kcl,epi
w,l
s,sh
bcl,v
pcl,pcl
kcl,kcl
kcl,kcl
z,th
m,m
ax,axr
q,q
l,l
t,t
dcl,dcl
ux,ux
r,r
tcl,tcl
ng,m
l,w
ng,ng
ix,ih
ah,eh
ng,n
ih,ih
ih,ih
l,l
ix,ix
kcl,kcl
y,l
kcl,kcl
l,l
iy,ih
aa,aa
q,q
m,em
ch,ch
eh,ae
g,g
tcl,dcl
g,g
ae,ae
w,w
ix,ux
z,kcl
tcl,tcl
pcl,dcl
ah,ae
r,r
ax,ax
el,l
q,q
l,l
m,m
n,m
iy,iy
ih,ix
y,iy
iy,ih
r,r
hv,hv
ao,ao
d,t
aw,aw
ah,ah
k,g
n,en
bcl,bcl
t,t
l,w
nx,ix
m,m
z,s
kcl,kcl
kcl,kcl
ay,ay
ah,ah
dh,dh
axr,axr
ay,ey
axr,r
iy,ix
f,f
ax,ax
n,em
pcl,pcl
r,r
ey,ey
l,ow
dcl,dcl
eh,eh
iy,ih
ao,aa
r,r
sh,sh
l,l
ix,ix
iy,iy
tcl,kcl
tcl,tcl
iy,iy
r,er
iy,iy
axr,ax
bcl,bcl
s,s
n,n
z,s
ay,ay
bcl,bcl
ay,ay
pcl,pcl
q,q
ax,ix
ae,ih
v,dh
dh,tcl
v,r
hv,hv
ay,ay
tcl,dcl
s,s
m,r
ow,ow
pcl,tcl
kcl,kcl
w,w
g,g
k,k
ao,aw
r,r
epi,kcl
s,s
aa,aa
m,n
ax,ix
ax,l
dcl,pcl
jh,jh
t,t
kcl,kcl
oy,ay
ao,ao
k,g
pcl,kcl
en,ax
n,m
tcl,pau
ow,ow
el,el
aw,aw
ey,ix
ah,l
bcl,bcl
iy,iy
ae,eh
sh,sh
iy,iy
el,el
g,g
dh,f
t,t
tcl,tcl
ux,ux
ix,ih
r,r
r,r
ix,ey
gcl,dcl
r,r
r,r
ix,ih
eh,eh
dcl,dx
w,w
ao,ao
eh,eh
s,s
t,t
dx,dx
ao,ao
ae,ae
ix,ix
dh,dh
iy,iy
aa,aa
tcl,tcl
ix,ix
tcl,pau
ix,r
w,w
iy,iy
q,q
z,s
axr,axr
epi,pau
dcl,tcl
ow,ow
er,aa
s,s
ow,ow
ix,iy
iy,iy
ih,iy
y,ih
ah,eh
jh,t
r,r
iy,y
tcl,t
dh,dh
g,k
zh,zh
axr,axr
l,l
ao,ao
dcl,th
w,w
ey,ey
p,p
ih,ih
w,w
ix,ih
n,n
n,n
s,s
t,t
m,m
p,p
ey,ey
t,jh
s,s
n,n
uw,ux
r,r
hv,hv
uw,m
sh,sh
r,r
uw,r
r,ah
epi,epi
m,m
ay,aa
n,n
r,axr
q,l
ae,ae
d,dx
l,l
r,r
t,t
axr,er
oy,oy
ux,ux
m,m
eh,ae
gcl,gcl
tcl,tcl
ax-h,d
ih,eh
ah,ax
ao,aa
dx,dx
z,s
l,l
dcl,dh
q,q
k,k
en,m
ix,ix
axr,q
hv,hv
s,s
s,s
gcl,gcl
ao,ao
f,f
dcl,dcl
ix,ih
iy,iy
iy,ey
bcl,pcl
th,th
en,en
ao,aa
pcl,pcl
ch,ch
bcl,pcl
pau,q
gcl,kcl
l,l
r,ix
ih,ih
q,q
axr,r
ow,ow
tcl,tcl
eh,ah
f,f
sh,sh
ow,ao
gcl,gcl
gcl,bcl
eh,eh
ae,ae
tcl,v
ay,ay
pau,kcl
ay,ay
s,s
er,axr
dx,dx
ah,ao
r,r
n,n
l,l
dh,dh
uh,ux
l,q
r,aa
r,r
ih,eh
axr,axr
kcl,kcl
axr,er
tcl,q
ow,ow
aa,aa
th,th
aa,aa
r,r
gcl,tcl
t,jh
ao,aa
m,n
l,l
dh,dh
g,k
ae,ae
tcl,tcl
ax,ax
s,s
eh,ix
axr,r
kcl,kcl
s,s
axr,ix
n,n
k,k
r,axr
ow,uw
iy,iy
n,n
dx,dx
l,l
aa,aa
ix,ih
r,eh
ax,ix
th,z
nx,ix
t,t
ix,ix
tcl,pcl
kcl,kcl
ih,ng
r,axr
eh,ih
epi,kcl
d,p
y,q
n,nx
ax,ax
axr,axr
t,d
dx,dx
r,r
r,r
axr,axr
d,p
k,g
ey,ey
hv,hv
q,q
aa,aa
ey,ih
s,s
tcl,dcl
ix,ax
z,s
eh,ix
l,l
v,v
iy,iy
ch,jh
hv,hv
el,el
ix,ix
z,z
s,s
y,y
uw,ao
ow,ow
y,ix
l,l
eh,ae
r,n
ng,n
ey,ey
g,g
t,t
t,t
n,en
ay,ay
ay,ay
ae,ae
s,z
gcl,q
s,s
ey,ey
q,q
oy,oy
er,axr
w,w
ix,ix
ao,ao
tcl,tcl
er,axr
s,s
m,m
ah,eh
er,axr
tcl,kcl
ey,ey
m,n
d,t
bcl,bcl
t,t
n,n
axr,axr
m,en
w,l
pcl,pcl
l,l
p,p
ax,ax
d,d
pcl,kcl
l,l
s,s
eh,ah
z,s
s,sh
bcl,m
m,m
er,axr
axr,ao
iy,ih
hh,hh
l,el
n,n
l,l
kcl,kcl
ix,y
er,er
iy,iy
r,r
aa,ao
ax,ax
dcl,dcl
ow,ow
l,l
kcl,kcl
ow,uh
ih,ih
l,q
q,q
t,t
q,q
v,v
ae,ae
sh,sh
t,d
axr,axr
n,n
g,g
ay,ay
er,axr
m,m
n,gcl
ay,ae
tcl,bcl
iy,ih
sh,sh
ao,ao
r,r
aw,aa
axr,axr
axr,er
ix,ix
axr,ax
ow,ae
n,m
ae,ae
en,n
v,v
l,l
eh,ah
tcl,tcl
w,ao
dx,dx
ih,ih
dcl,dcl
ah,ow
m,m
r,ao
tcl,tcl
ng,n
s,s
ao,aa
tcl,tcl
axr,er
iy,iy
k,k
r,r
tcl,tcl
el,l
uw,uw
b,b
iy,iy
ow,ow
ae,eh
pcl,gcl
s,s
er,er
hh,th
r,axr
ay,ay
eh,r
ow,ow
gcl,gcl
kcl,tcl
ix,ix
f,f
s,s
ih,ih
ah,r
aa,aa
z,z
p,p
k,k
tcl,tcl
f,f
z,z
ux,ux
iy,iy
iy,ih
ux,ux
gcl,epi
ah,el
n,en
tcl,tcl
tcl,tcl
p,p
v,v
l,w
m,m
ae,ae
dcl,dcl
s,s
ao,ao
iy,iy
g,k
kcl,pcl
ix,ih
s,s
axr,l
kcl,kcl
ay,ay
l,m
z,z
ix,ix
tcl,tcl
ix,ix
z,z
m,ng
ng,ng
t,t
ae,ae
s,s
f,f
iy,iy
m,m
ng,n
uw,ix
ux,ix
gcl,kcl
n,n
aa,aa
oy,oy
ow,ow
s,jh
ae,ae
kcl,kcl
ax,r
ix,ix
n,n
dx,dx
k,k
n,n
ix,g
l,l
eh,eh
sh,sh
g,g
ah,ah
er,axr
ey,ih
ax,ix
ae,ae
iy,ix
ax,r
m,m
aa,aa
p,p
dcl,dcl
ix,eh
s,s
s,s
l,w
q,tcl
axr,axr
kcl,kcl
dh,dh
r,r
s,s
bcl,m
l,l
ax,ax
ax-h,q
eh,eh
l,q
m,tcl
ix,ix
kcl,q
ix,ix
dh,dh
q,q
v,v
ux,iy
ay,ay
r,q
axr,hv
s,s
aw,aw
pcl,dcl
sh,sh
axr,ix
er,er
n,n
m,w
iy,iy
eh,eh
k,k
eh,eh
hv,hv
uh,ax
k,g
m,m
ah,ax
tcl,pcl
dh,dh
l,l
s,s
kcl,kcl
f,f
k,k
dcl,gcl
ey,iy
z,z
ix,ih
ih,ih
ux,y
dh,dh
ax-h,kcl
w,l
eh,ix
axr,axr
tcl,tcl
w,w
nx,n
v,gcl
axr,q
ao,w
kcl,tcl
tcl,tcl
axr,er
w,w
pcl,pcl
ao,axr
w,w
ae,ae
iy,iy
s,s
s,s
iy,ey
ax,uh
ix,er
k,k
d,d
v,kcl
dx,dx
v,v
iy,iy
th,th
ih,ih
t,t
ax,ax-h
dcl,dh
tcl,zh
iy,iy
l,l
l,l
ix,ih
iy,iy
iy,iy
s,s
epi,epi
t,jh
k,t
r,r
bcl,v
ix,ax
ae,ae
ao,w
ow,ow
g,g
ae,ae
axr,axr
er,axr
n,dcl
dx,dx
l,q
k,k
iy,iy
iy,ix
m,n
ao,ao
ao,aa
t,ax-h
dx,dcl
n,m
iy,iy
l,l
m,en
aa,ao
ih,ih
ih,ix
q,q
kcl,kcl
ae,ae
sh,f
gcl,gcl
ux,ux
l,r
sh,sh
er,axr
en,en
t,t
dcl,dcl
dcl,dcl
s,s
l,l
gcl,gcl
aa,ae
ax,ax
s,s
n,n
tcl,tcl
l,l
axr,axr
kcl,kcl
kcl,kcl
oy,oy
r,er
el,uh
ao,aa
l,l
kcl,k
dh,th
pau,pau
dcl,dcl
sh,sh
ae,ae
dx,dcl
s,z
iy,iy
k,d
bcl,pcl
l,ax
p,p
dcl,n
k,k
s,s
th,th
ng,ng
ax,eh
iy,iy
tcl,tcl
dcl,dcl
tcl,tcl
s,t
ax,ax
bcl,bcl
ih,ih
k,k
t,g
iy,iy
s,s
ey,ey
k,k
s,s
w,w
s,s
ax,ax
m,m
f,f
y,y
pcl,pcl
r,r
ix,ix
s,s
ey,ey
ix,iy
th,th
ih,ih
tcl,tcl
s,z
jh,sh
axr,n
iy,iy
hv,ax
iy,iy
ax,ax
eh,ix
ax,l
kcl,gcl
k,k
z,z
g,g
ih,ih
ix,ix
pcl,kcl
eh,ah
aa,aa
el,l
oy,oy
iy,iy
ix,ix
k,k
k,k
uw,ux
q,dx
ix,eh
er,er
hv,y
r,r
ao,oy
oy,oy
bcl,dcl
s,s
bcl,m
ey,ae
axr,axr
q,w
k,k
ax,ax
iy,iy
aw,eh
axr,axr
dx,dx
epi,epi
k,k
hv,g
sh,sh
v,n
ng,ng
n,ng
ay,q
ay,ay
ng,ng
ae,ae
eh,ae
s,s
dh,dh
l,l
dcl,dcl
ey,ae
v,dcl
gcl,gcl
v,dh
kcl,kcl
ah,ax
iy,iy
oy,oy
s,s
dcl,kcl
aa,ax
ix,ih
l,l
epi,epi
ih,ih
iy,iy
n,n
gcl,gcl
z,s
ax,axr
sh,sh
l,ax
g,q
bcl,bcl
v,f
ah,ax
ax,ax
ey,ey
ch,ch
ae,ae
ux,ux
eh,eh
oy,oy
iy,iy
s,z
axr,axr
ih,ih
z,z
kcl,q
k,q
ao,r
en,z
n,m
s,s
n,n
pcl,dcl
r,w
k,k
kcl,hh
aw,aa
s,s
l,l
dcl,dcl
t,z
n,m
sh,sh
ah,ah
ey,ey
axr,ow
ix,ih
pau,n
ih,iy
ih,y
iy,iy
ah,eh
f,f
r,r
l,l
ix,ih
dcl,dcl
aa,aa
kcl,tcl
sh,sh
aa,aa
ae,eh
eh,eh
iy,iy
t,t
tcl,pau
w,w
s,z
eh,eh
gcl,dcl
ah,ah
iy,iy
dh,dh
m,m
jh,k
iy,iy
k,kcl
dcl,dcl
f,f
l,l
ih,eh
ix,ix
tcl,pcl
kcl,kcl
jh,z
ch,jh
ix,ix
ao,ao
ix,ix
iy,y
r,r
kcl,kcl
z,z
z,z
n,n
axr,er
pau,hh
eh,ix
ix,eh
ix,iy
kcl,kcl
q,q
s,s
n,m
tcl,tcl
t,t
axr,ih
dh,dh
ay,ay
dh,d
dcl,dcl
ix,ix
kcl,kcl
n,n
s,s
q,q
ey,iy
ix,iy
f,f
m,dh
n,m
sh,sh
ih,ih
r,r
ax-h,ax
oy,oy
sh,s
pau,pau
tcl,kcl
ax,ix
uh,ix
eh,eh
ax,ax
iy,iy
axr,axr
gcl,gcl
ah,ax
pcl,bcl
z,z
ux,ux
ux,ux
iy,iy
y,y
ey,ey
iy,iy
tcl,epi
dx,dcl
eh,eh
k,k
sh,sh
n,n
iy,iy
oy,m
ah,ah
n,nx
f,f
r,r
m,m
hv,hv
p,p
kcl,q
ih,ux
tcl,tcl
tcl,tcl
tcl,tcl
epi,n
y,y
tcl,gcl
hh,hv
ae,ae
kcl,kcl
iy,iy
n,n
aw,aw
sh,sh
kcl,kcl
q,iy
kcl,kcl
tcl,gcl
gcl,gcl
tcl,dh
k,g
s,s
kcl,tcl
kcl,tcl
s,s
ay,ay
r,axr
q,ix
f,f
n,ng
dh,n
el,uh
s,s
k,k
ix,eh
iy,iy
dcl,tcl
bcl,bcl
l,l
n,n
er,er
bcl,dcl
ix,ix
n,n
pcl,pcl
er,er
dx,dx
pcl,pcl
t,d
tcl,tcl
kcl,kcl
m,m
sh,sh
ax,ih
aa,aa
s,z
bcl,bcl
n,n
kcl,kcl
f,f
p,f
tcl,tcl
z,s
ax,ix
l,ax
f,th
bcl,bcl
th,s
dcl,dcl
w,w
axr,axr
w,w
eh,ah
ae,ae
k,t
ae,ae
bcl,pcl
w,w
ih,ih
dcl,dcl
l,r
n,ng
l,w
n,n
ae,ae
l,l
ih,ih
eh,ix
v,v
m,m
ao,w
s,s
r,r
q,n
k,k
sh,sh
eh,eh
oy,ao
r,r
ix,ih
ih,ih
ay,ay
ix,ix
l,aa
ng,n
z,z
th,dh
sh,sh
ix,ix
d,d
dh,p
ah,ax
ih,ih
dx,n
ix,ih
t,d
l,w
kcl,kcl
pcl,kcl
n,n
iy,iy
q,tcl
s,s
z,z
tcl,tcl
ae,eh
epi,epi
tcl,tcl
ax,ax
tcl,tcl
ao,ao
dh,dh
ae,eh
r,axr
eh,ih
ix,iy
ix,ih
ix,ax
axr,eh
t,t
axr,axr
l,l
ow,ow
hh,hh
kcl,q
aa,aa
ih,ih
w,w
n,w
n,n
m,m
n,n
ao,ao
y,y
iy,iy
q,q
f,f
hh,hh
w,w
ix,ih
l,l
ae,eh
er,axr
dcl,tcl
ih,ih
s,s
dcl,n
dh,l
ix,ix
l,l
k,g
ax,ax
eh,eh
tcl,ax-h
s,s
g,g
er,r
ao,er
hh,ax-h
dh,dh
dh,dh
dh,dh
ix,ix
ah,ah
v,f
en,n
ax,ax
epi,epi
epi,tcl
f,f
dh,dh
ae,ae
ch,ch
w,w
ow,ow
kcl,tcl
ix,iy
g,g
t,t
m,w
w,w
r,r
d,d
iy,iy
sh,hh
v,v
axr,er
t,t
pau,pau
bcl,gcl
r,ix
q,ax
tcl,kcl
ax,en
er,er
s,s
m,n
pcl,tcl
p,p
ix,ax
hv,hv
aa,aa
k,k
iy,iy
ao,ao
v,v
epi,t
aw,aw
dh,dh
tcl,pcl
y,y
ax,ax
n,ng
ey,ey
er,aa
s,s
ix,ix
k,k
tcl,tcl
aa,aa
ux,ih
iy,ax-h
dcl,tcl
f,th
hh,hh
eh,eh
ax,ax
n,ng
ix,ix
kcl,kcl
r,r
gcl,kcl
dx,dx
ix,ix
v,dh
r,ax
dx,dx
k,k
iy,iy
l,l
nx,n
epi,epi
w,w
g,k
sh,sh
ix,ih
ix,iy
axr,axr
ux,iy
ax,ax
kcl,tcl
l,l
s,s
m,n
ih,ih
hv,hh
ix,ix
k,k
axr,ih
ix,ix
ae,ae
hh,hv
gcl,dcl
pau,pau
r,r
ow,ow
eh,ih
t,t
p,p
th,th
el,w
s,s
tcl,w
en,n
pcl,pcl
n,nx
gcl,dcl
iy,ix
z,sh
r,r
k,k
ay,ay
p,p
f,v
aa,aa
r,r
k,p
ih,iy
s,s
ih,ih
r,r
zh,jh
eh,er
ix,ih
dcl,bcl
r,r
sh,sh
k,k
z,s
sh,ch
z,z
l,l
er,er
ax,ih
nx,nx
pau,pau
q,q
bcl,bcl
y,y
r,r
kcl,epi
ix,ax
bcl,bcl
tcl,tcl
w,w
dcl,dcl
t,jh
f,f
pcl,tcl
s,t
ix,ix
v,f
ax,q
iy,iy
ih,ih
r,r
t,d
r,r
pcl,dcl
tcl,tcl
p,p
q,q
ax,ax
tcl,tcl
eh,eh
l,l
ay,ix
dcl,dcl
iy,iy
aa,aa
t,hv
g,g
s,s
k,k
r,ax
aw,aw
kcl,kcl
l,l
pcl,tcl
t,t
ih,ow
dx,dx
ay,ay
r,r
k,k
t,t
w,w
m,m
p,p
ix,ih
ix,ix
axr,axr
ix,ih
d,d
l,l
ih,ih
iy,iy
aa,aa
sh,sh
tcl,pcl
t,t
ao,aa
s,s
kcl,kcl
th,th
m,m
t,t
er,er
ng,n
t,t
ax,ix
ah,ah
sh,sh
ih,ih
l,l
s,s
g,g
ih,ih
aa,ao
s,s
kcl,kcl
l,ao
v,f
s,s
dcl,dcl
ih,ih
ay,ay
r,r
dcl,tcl
ao,aa
iy,iy
m,m
ax,ah
r,r
z,s
ay,eh
iy,iy
sh,sh
gcl,dcl
ae,ae
ay,ay
ax,ax
nx,l
n,n
tcl,pcl
epi,epi
l,l
ay,ay
ih,ix
kcl,q
axr,axr
s,s
ix,ax
d,d
tcl,tcl
ix,ax
nx,n
s,s
er,axr
ae,ae
axr,axr
uh,w
l,l
aw,aw
pau,pau
dx,dcl
el,ow
ax,ah
k,p
axr,axr
kcl,tcl
iy,ix
bcl,bcl
w,w
r,r
z,z
iy,iy
bcl,bcl
n,m
er,r
aa,ae
f,f
oy,oy
iy,iy
epi,nx
aw,aw
iy,ih
w,w
kcl,pcl
s,s
n,n
eh,eh
eh,ae
r,r
oy,oy
ay,ay
l,l
l,w
ih,ae
hv,hv
axr,axr
l,ax
el,q
l,l
ix,ix
n,n
kcl,kcl
s,s
ux,ux
n,n
ux,ux
dcl,kcl
r,ax
ux,ux
r,r
th,dh
n,n
ay,ay
pcl,tcl
z,z
ih,ih
ih,ih
s,s
p,p
hv,hv
z,z
dx,dh
k,k
pcl,pcl
epi,dcl
er,axr
s,s
m,m
ax,ah
kcl,kcl
w,w
tcl,pau
m,m
kcl,kcl
n,n
ix,ih
p,hh
axr,axr
axr,r
k,k
ix,eh
k,d
ae,ae
ow,q
ah,ah
ax,ax
l,l
n,n
bcl,bcl
pau,tcl
tcl,tcl
uh,ix
n,n
ao,ao
q,axr
dx,dx
kcl,kcl
ix,ih
epi,q
b,b
l,l
axr,axr
ay,ay
l,l
eh,eh
w,w
w,w
s,z
tcl,kcl
er,er
ih,ih
ow,ao
ax,ax
q,q
n,n
y,y
ey,ae
d,zh
ao,ao
n,n
y,y
ux,ux
y,ih
ih,ih
eh,eh
iy,iy
d,t
hh,pau
p,p
q,q
k,k
n,dcl
r,r
gcl,gcl
p,p
l,l
r,r
ao,aa
l,ah
kcl,kcl
sh,sh
s,s
n,n
m,ng
ah,ao
z,z
n,n
s,z
ao,ao
ih,r
r,r
dcl,v
l,l
ae,ae
ao,aw
ey,ey
eh,eh
m,n
y,ih
z,z
z,z
hh,hv
dcl,dcl
f,f
s,s
ix,hv
s,s
ih,ih
kcl,kcl
eh,ih
l,l
aw,ow
n,n
ix,ih
v,v
q,q
p,p
ae,ae
iy,iy
dcl,dcl
r,r
ux,ux
hv,y
pcl,pcl
g,g
ao,ao
n,n
ih,ih
q,q
f,pcl
g,g
m,b
aa,aa
dcl,gcl
ey,ey
dh,dh
s,z
q,q
er,er
dcl,gcl
dcl,dcl
jh,jh
ix,ix
gcl,gcl
ch,t
q,q
ae,ae
kcl,kcl
w,w
kcl,kcl
q,pau
f,f
k,k
k,k
z,z
m,m
ay,ay
m,m
ax,ix
d,dcl
dcl,bcl
dcl,dcl
k,k
q,q
q,q
ax,ah
z,z
kcl,kcl
tcl,gcl
pcl,pcl
iy,iy
pcl,tcl
s,s
em,m
gcl,gcl
axr,axr
s,s
axr,axr
ch,sh
tcl,kcl
pau,kcl
w,w
d,t
w,w
r,axr
ix,ih
pau,pcl
ih,ux
ay,ae
q,ux
m,m
s,s
s,z
dcl,tcl
jh,jh
epi,epi
pcl,tcl
nx,nx
s,s
iy,ey
ix,ax
z,s
dcl,bcl
ih,ih
z,z
ix,ix
v,v
dcl,dcl
t,t
dcl,dcl
ow,ow
kcl,kcl
kcl,tcl
ey,ih
iy,iy
g,g
p,p
ay,ah
tcl,tcl
tcl,pcl
kcl,kcl
q,q
sh,jh
ng,n
ao,ao
ae,ae
iy,ux
ih,ey
m,m
k,k
s,s
r,r
ow,ow
l,l
r,ix
dh,dh
l,ow
ix,ih
l,l
ih,ae
ow,ow
n,n
iy,iy
n,n
kcl,tcl
ah,ah
ih,ih
sh,sh
k,k
k,g
eh,eh
aa,aa
eh,ih
p,f
aa,ax
w,w
l,l
n,n
l,ow
el,ax
p,pcl
pcl,bcl
ix,q
ix,z
zh,s
q,q
ow,ow
ao,ao
ih,ax
eh,eh
v,v
iy,iy
g,g
ah,aa
tcl,tcl
dcl,n
tcl,dx
iy,iy
l,l
ix,ix
en,ix
aa,aa
tcl,tcl
epi,epi
r,r
s,s
p,b
ey,ey
ah,ax
t,t
t,t
er,er
dx,dx
iy,iy
f,f
iy,iy
en,ix
iy,jh
v,bcl
ae,ae
aa,aa
v,v
k,k
z,z
z,z
z,s
ow,ow
eh,ae
m,uw
d,d
er,ih
tcl,tcl
dh,dh
v,v
em,m
y,y
iy,ix
l,l
dx,dx
s,s
ih,ax
dcl,bcl
s,sh
ah,ah
l,l
ay,aa
ix,ix
dcl,dcl
n,ng
k,k
ih,ih
hv,hv
l,l
w,hh
l,l
ax,ix
gcl,gcl
pcl,pcl
q,q
ng,n
q,q
jh,jh
r,ax
bcl,pcl
n,gcl
y,r
dx,d
dh,v
n,n
er,axr
ih,ih
l,hv
axr,ix
epi,epi
k,k
s,s
iy,iy
p,hh
l,l
aa,aa
k,p
kcl,kcl
ao,ay
ix,ix
ng,n
z,z
dcl,dcl
ae,ae
f,f
w,w
q,q
t,t
iy,iy
k,g
t,t
q,n
nx,dh
r,ix
iy,iy
z,z
r,r
l,l
kcl,kcl
f,v
w,w
pcl,th
ix,ax
ow,ao
ax,uh
dh,v
s,s
z,z
el,el
l,l
l,dh
ix,ix
kcl,q
axr,axr
dcl,tcl
oy,oy
dcl,dcl
ix,l
el,l
q,q
r,r
q,q
ao,ao
r,r
sh,sh
nx,n
nx,dx
iy,iy
oy,ao
n,n
ax,dh
m,m
ah,ix
jh,ch
tcl,tcl
l,l
iy,iy
ae,ae
ax-h,n
ao,ao
ay,ay
ix,ix
k,k
th,epi
pcl,pcl
t,t
ow,r
gcl,r
dcl,dcl
s,s
tcl,tcl
ey,ey
z,s
er,aa
p,p
tcl,tcl
er,er
ix,eh
ow,ow
ng,en
w,w
n,n
ng,y
m,m
dh,dh
aa,ao
k,k
eh,ae
t,t
l,l
v,gcl
l,l
r,axr
jh,jh
tcl,dcl
pcl,kcl
f,f
oy,oy
s,s
eh,ax
iy,iy
kcl,kcl
ey,ey
ch,ch
ix,ax
z,z
s,s
dcl,dcl
ax,ax
ey,ey
aa,aa
dcl,dcl
m,dh
m,m
s,s
f,f
tcl,tcl
epi,tcl
kcl,kcl
axr,er
ey,ey
w,v
kcl,tcl
n,tcl
d,t
r,r
ao,ao
p,k
gcl,gcl
ey,ih
dcl,y
kcl,kcl
t,dh
ay,aa
nx,m
ow,ow
aa,aa
y,y
pcl,pcl
ih,ih
ae,ae
ay,aa
tcl,tcl
aa,aa
ng,ng
hh,hh
s,s
sh,sh
er,axr
l,l
m,m
dx,dx
dcl,dcl
p,p
ey,eh
r,r
n,n
dh,d
hv,hv
eh,eh
m,m
pcl,pcl
ao,aa
ow,ow
oy,oy
n,n
s,s
k,k
w,r
ax,ax
uh,r
ow,aw
ae,ae
tcl,dcl
eh,eh
g,d
ih,ih
r,r
n,ux
g,g
n,m
n,n
l,ax
s,s
hh,hh
w,w
gcl,dcl
p,p
eh,eh
jh,jh
w,w
ao,ow
dcl,dcl
m,m
k,k
pau,pcl
ow,ow
dx,dx
ih,ih
k,hh
r,r
uh,ao
ax,ax
kcl,kcl
ae,ae
g,k
s,s
l,eh
s,s
w,w
t,jh
ux,iy
ae,ae
ay,ae
ay,l
gcl,dcl
ow,ow
ix,ix
ng,m
ax,en
l,w
ih,ih
dx,dx
v,v
epi,epi
bcl,bcl
ah,ae
iy,iy
gcl,tcl
dcl,tcl
r,r
ix,ix
ih,ih
m,n
sh,sh
sh,sh
m,m
ih,eh
kcl,kcl
iy,iy
ng,ng
gcl,tcl
ay,ay
ax,ax
kcl,kcl
z,z
dx,dx
kcl,pcl
k,k
l,l
l,v
iy,ix
iy,iy
dcl,tcl
f,f
ix,ax
m,m
axr,ah
er,r
pcl,pcl
pcl,tcl
l,el
m,m
y,ux
aw,aw
ix,ix
p,p
w,w
q,pcl
bcl,pcl
ae,ae
z,z
er,er
kcl,kcl
v,f
y,ih
ow,uw
kcl,kcl
ax,ax
k,k
k,g
bcl,dcl
ih,ix
sh,sh
l,ax
l,ow
dcl,dcl
tcl,epi
bcl,bcl
dx,dx
ix,ix
p,epi
ux,tcl
iy,iy
r,r
dcl,tcl
dh,dh
dcl,tcl
iy,iy
b,ax-h
l,ao
l,l
kcl,kcl
s,s
tcl,kcl
ah,ah
dcl,dcl
er,er
s,s
eh,eh
z,s
r,ay
ch,ch
iy,ih
ih,eh
el,ao
th,tcl
kcl,kcl
k,dh
ix,en
kcl,tcl
f,dh
gcl,gcl
ih,ih
tcl,tcl
iy,iy
axr,axr
s,s
iy,q
iy,iy
ix,ux
m,n
r,r
d,b
kcl,kcl
ix,ix
axr,axr
n,n
pau,dcl
ch,t
bcl,bcl
k,k
t,t
eh,ih
b,p
ay,ix
ey,eh
ix,ix
nx,nx
z,jh
r,r
iy,iy
iy,iy
kcl,kcl
nx,n
axr,ix
q,q
kcl,kcl
iy,iy
ao,w
s,z
ao,ao
aa,ao
dcl,tcl
dcl,dcl
bcl,bcl
s,sh
pcl,tcl
l,l
axr,axr
th,t
ix,ix
w,aa
q,q
k,k
ix,ix
eh,ax
ih,ah
dcl,tcl
r,r
ih,ih
uh,ax
r,r
gcl,gcl
ng,ng
aw,ae
w,w
er,er
s,s
tcl,tcl
ay,aa
w,w
ix,n
s,s
ae,ae
ah,ah
eh,eh
ux,ih
ey,ey
dh,tcl
iy,iy
s,s
ah,ah
pcl,tcl
l,l
aa,aa
ay,ay
l,ao
ae,ae
dcl,bcl
p,p
ao,aa
l,w
z,z
ah,ih
ae,ae
ih,ae
k,g
ay,ay
l,w
aa,aa
dx,gcl
ng,el
d,jh
w,w
iy,iy
eh,ih
em,bcl
iy,iy
z,z
axr,axr
k,k
m,en
w,w
m,m
ux,ih
q,q
ax-h,ax
sh,sh
n,m
eh,ah
dx,dx
zh,sh
ih,y
epi,pcl
ax,q
kcl,tcl
p,p
ux,ux
tcl,tcl
uh,ix
v,v
sh,sh
m,em
y,y
n,m
m,m
s,s
th,th
ih,ey
n,n
z,z
iy,iy
axr,r
ix,ix
axr,axr
r,axr
ih,ey
tcl,kcl
v,l
s,s
n,n
n,dh
ix,ih
dx,dx
t,t
ih,ih
n,ax
ay,ae
r,axr
v,v
dcl,tcl
dh,dcl
k,g
jh,ch
ix,ix
n,n
dh,v
l,w
ay,ay
ow,ow
l,l
n,dx
epi,epi
sh,sh
gcl,tcl
f,f
q,q
m,n
d,d
gcl,dx
kcl,kcl
axr,axr
v,dh
ux,ix
hv,hv
ow,ow
s,s
l,l
n,n
aa,ao
ey,ey
k,k
y,y
epi,f
z,z
z,z
q,q
aa,aa
f,f
n,n
ao,ao
er,axr
s,s
hh,hv
dh,dh
ih,ih
k,k
tcl,tcl
m,m
ax,ax
ix,ux
l,ow
ih,ey
axr,axr
p,p
axr,dx
axr,axr
k,k
ng,n
ae,ae
aw,axr
m,m
oy,oy
pau,kcl
z,z
dcl,dcl
ix,y
ae,ae
iy,iy
w,w
n,bcl
axr,axr
er,ih
d,d
s,s
dh,dh
kcl,kcl
jh,d
sh,sh
n,m
ix,ix
ax,ax
tcl,tcl
ng,ng
epi,y
f,th
ax,ax
ih,ih
s,s
l,aa
eh,ih
dcl,dcl
ix,ix
r,axr
ix,ix
tcl,tcl
l,l
ih,aa
ay,ay
tcl,epi
iy,y
tcl,tcl
ng,ng
n,q
l,l
t,t
s,s
q,pau
kcl,kcl
n,n
ae,ae
iy,iy
iy,ey
bcl,bcl
ae,ae
er,er
iy,iy
oy,oy
pau,tcl
axr,r
dcl,dcl
aa,ax
r,r
ao,ao
ae,ae
iy,iy
tcl,kcl
l,aw
t,t
el,el
f,f
kcl,kcl
eh,aa
eh,eh
s,s
n,n
s,s
ey,ey
bcl,pcl
l,l
ih,ey
ow,ow
r,r
axr,axr
tcl,kcl
ae,ae
axr,axr
ix,ix
ih,ih
iy,iy
q,n
iy,iy
eh,axr
n,n
r,r
kcl,kcl
l,l
el,ow
p,p
iy,iy
tcl,tcl
ay,ay
iy,iy
f,f
r,r
dh,f
dh,dh
bcl,gcl
kcl,kcl
tcl,pcl
kcl,kcl
kcl,kcl
m,pau
dcl,dx
s,s
er,er
ow,eh
ih,ih
aa,ao
gcl,gcl
ao,ao
hv,hv
jh,jh
dcl,dcl
hh,hv
dh,dh
ey,ae
v,v
q,q
ix,ax
n,n
t,t
w,w
ay,aa
aa,aa
l,l
l,l
hv,hv
oy,oy
tcl,tcl
n,n
dcl,bcl
axr,axr
pcl,pcl
k,k
q,q
n,n
ih,axr
ih,ih
d,n
tcl,kcl
w,l
dh,dh
s,s
s,l
n,n
l,q
t,t
ix,ix
tcl,tcl
gcl,gcl
dh,p
ng,ng
n,nx
s,s
m,m
ax,uh
ix,ax
ix,ux
pau,pau
th,bcl
pcl,pcl
ih,ih
axr,r
axr,ao
d,t
th,th
r,ax
er,axr
aa,aa
axr,ae
uw,ux
t,z
dcl,dcl
ux,ux
z,z
f,f
ix,ih
m,m
g,d
n,n
l,n
aa,aa
dx,q
eh,ae
n,n
p,p
n,n
l,l
gcl,dcl
iy,ih
aa,aa
en,n
axr,axr
ax,aa
ao,ao
l,ow
s,s
f,t
ix,z
m,m
pcl,kcl
q,tcl
t,t
iy,ih
r,r
pau,pau
ih,ih
w,w
dcl,dcl
ix,ih
ix,ix
ao,w
l,l
dh,dh
pcl,pcl
iy,iy
s,t
ao,w
ix,ux
t,t
s,jh
m,m
kcl,tcl
ax,ax
ao,ao
ae,ae
g,k
s,s
dcl,gcl
d,d
kcl,kcl
tcl,g
ey,ey
ih,ih
r,r
ix,iy
dcl,dcl
f,f
ix,ix
q,q
z,z
l,l
tcl,dx
n,n
ih,ih
tcl,tcl
ix,ih
pcl,gcl
hh,hh
nx,nx
z,jh
ah,aa
iy,iy
pcl,pcl
l,l
v,v
s,s
s,s
iy,iy
l,l
ey,ey
dcl,v
ey,ih
aa,aa
epi,epi
t,d
d,dh
eh,eh
t,t
iy,iy
bcl,dcl
s,s
eh,eh
kcl,kcl
w,w
er,axr
ey,ey
aa,aa
s,s
f,f
er,er
ow,ow
ao,ao
er,er
y,y
tcl,tcl
kcl,kcl
axr,r
er,er
p,p
q,q
sh,sh
p,p
ae,ae
r,hv
uw,uw
tcl,tcl
ay,ay
jh,sh
r,r
ay,ay
p,p
l,l
gcl,gcl
ae,ae
pcl,pcl
ix,ix
uw,el
ah,ax
tcl,pcl
tcl,tcl
z,z
n,nx
ah,ow
kcl,kcl
aa,aa
ix,ix
er,er
t,t
th,pcl
pau,kcl
pcl,kcl
th,th
l,l
hh,hh
s,s
ae,l
ao,er
axr,r
tcl,tcl
aa,aa
r,r
tcl,d
er,axr
dcl,dcl
bcl,pcl
ey,ey
l,l
iy,iy
gcl,bcl
ay,ay
ah,ah
ae,ae
r,r
dx,dx
axr,ix
pcl,gcl
ae,ah
el,el
q,q
l,w
l,uw
ix,r
r,r
g,epi
ix,q
dx,dx
iy,iy
n,m
ae,ay
aa,ao
ao,ao
r,r
ax,ax
axr,r
axr,ow
l,l
w,w
ae,ae
g,k
r,r
uh,ih
p,p
ax,ix
kcl,kcl
r,r
ao,ao
ix,ix
r,r
ao,aa
s,s
n,n
ux,ux
dcl,dcl
gcl,gcl
w,w
ao,ao
y,iy
uh,el
ao,ao
ao,ao
l,l
ux,ux
s,s
pcl,bcl
uw,ux
er,axr
hv,hv
bcl,bcl
pcl,tcl
n,n
gcl,dcl
uw,r
k,ch
z,z
k,dh
t,g
g,g
p,p
epi,k
gcl,gcl
f,f
ux,ax
f,th
ih,ih
kcl,kcl
ch,ch
s,s
ux,ih
aa,ah
ae,ae
ix,iy
sh,sh
t,t
en,m
t,t
ay,ay
r,er
aa,aa
n,n
er,axr
pau,q
ah,ax
m,m
ao,uh
tcl,bcl
ih,ih
s,s
z,z
ix,ax
ae,ae
iy,iy
ih,eh
ay,ay
sh,sh
f,f
ay,ay
v,v
axr,r
ax,ix
q,q
s,s
tcl,tcl
p,p
ae,ae
iy,iy
k,d
ax,ah
t,t
s,s
f,f
dh,dh
iy,iy
w,w
dcl,kcl
s,s
axr,axr
l,l
er,aa
y,y
ix,ih
sh,sh
y,y
el,el
l,ah
t,t
pcl,tcl
w,w
l,m
iy,iy
aa,aa
ix,ih
n,ax
hh,hh
y,ih
t,p
iy,ih
kcl,pau
tcl,tcl
aa,aa
ih,ih
iy,iy
iy,ix
d,t
s,s
ah,ae
th,epi
d,jh
ay,ay
r,r
pcl,kcl
k,k
m,n
eh,eh
pcl,tcl
ao,ao
w,w
r,r
tcl,tcl
ix,d
tcl,tcl
ix,ih
sh,sh
ax,ax
p,p
pau,tcl
l,l
ih,ih
ay,ay
ax,ix
ix,ix
ih,r
th,f
r,r
s,t
ih,ih
z,s
tcl,tcl
jh,d
uw,uh
ow,ow
f,f
ax,ix
aa,ao
ay,aa
th,s
dcl,tcl
ih,ih
el,el
m,bcl
eh,ih
w,w
sh,sh
m,n
bcl,gcl
s,s
z,z
iy,iy
q,q
iy,iy
ae,ae
n,n
sh,sh
ao,oy
q,q
ey,ey
n,n
kcl,kcl
eh,eh
axr,axr
er,axr
w,w
s,s
s,s
dcl,dcl
ax,ax
s,s
w,w
tcl,tcl
jh,th
kcl,p
s,s
th,s
v,gcl
ae,ae
ih,ih
dcl,kcl
f,v
er,er
ux,ux
f,f
ao,ao
ix,ax
s,k
kcl,kcl
ax,ax
v,v
hv,hv
p,p
dh,dh
s,s
el,el
aa,ae
tcl,tcl
t,t
th,th
dcl,dcl
axr,axr
l,w
eh,ah
iy,iy
iy,iy
q,en
kcl,tcl
iy,iy
pcl,pau
ae,eh
r,r
v,gcl
dcl,tcl
kcl,tcl
ix,iy
iy,iy
kcl,kcl
ay,ay
m,m
er,er
kcl,kcl
k,k
ae,ae
eh,eh
z,z
ix,ix
kcl,kcl
l,n
ax-h,ax
aa,ao
dx,nx
ix,ux
jh,jh
l,l
axr,axr
ix,ix
k,k
g,g
pcl,pcl
ih,ih
epi,pcl
axr,axr
ux,ux
m,m
kcl,tcl
r,r
axr,axr
ah,ah
dcl,dcl
dh,v
ey,ey
t,t
axr,r
z,z
s,s
tcl,tcl
l,l
d,t
ix,ix
er,axr
nx,n
ih,ih
en,n
ix,ix
ey,ey
t,t
er,er
axr,aw
r,r
n,m
s,s
ih,ih
axr,axr
eh,ih
oy,oy
ay,ay
r,r
kcl,kcl
k,k
ow,ow
r,dx
ow,ao
aa,aa
ix,ix
axr,er
ao,oy
kcl,kcl
sh,sh
ix,ax
z,z
iy,iy
jh,ch
ae,ae
ow,ow
l,n
iy,er
hh,epi
dh,dh
dcl,tcl
ae,ae
eh,eh
iy,iy
z,z
th,th
ix,ax
s,s
n,n
r,r
aw,aa
ax,ax
tcl,dcl
m,n
hh,ax-h
pau,pau
z,ix
ow,ah
ax,ow
dcl,gcl
uw,w
th,th
epi,kcl
v,v
s,s
hv,ih
r,r
ix,ix
l,l
gcl,gcl
pcl,tcl
ng,n
bcl,gcl
n,m
l,l
l,ax
dx,dx
n,n
l,l
ix,eh
iy,ey
ae,ae
bcl,pau
r,ix
er,er
ax,w
aa,aa
hv,y
t,t
eh,ae
s,s
r,iy
m,n
iy,iy
hv,hv
ae,ae
q,q
ih,ih
ae,ae
z,z
pau,pau
f,f
s,s
ay,ay
z,s
epi,epi
ao,ao
dx,dx
dcl,dcl
w,w
kcl,gcl
tcl,n
nx,n
ix,iy
pcl,kcl
hh,hh
r,r
k,p
r,r
ey,ey
axr,er
iy,iy
pcl,tcl
s,s
ix,ix
ix,ih
t,t
g,p
v,v
iy,iy
dx,nx
ey,ey
ix,ih
dcl,kcl
sh,sh
eh,eh
r,r
kcl,tcl
bcl,en
ix,ih
t,t
aa,aa
ux,ux
gcl,gcl
er,axr
epi,tcl
w,w
s,s
m,m
bcl,kcl
ax,n
m,m
dcl,dcl
ae,ae
ax,ih
uw,uw
m,m
ix,ih
ae,ae
en,n
m,m
axr,er
r,er
z,z
s,s
k,k
ix,ih
ae,eh
y,ix
bcl,pcl
d,q
dx,dx
pcl,kcl
z,s
dcl,gcl
s,th
n,n
l,l
ux,er
n,n
t,jh
ow,q
w,l
ax,ix
s,s
f,f
l,l
z,dcl
z,z
el,el
z,s
m,m
n,n
m,m
ix,ih
ih,ix
w,w
kcl,pcl
oy,oy
q,q
pau,pau
d,t
tcl,pcl
dcl,th
ae,ae
ix,ix
ih,ih
ih,ix
q,q
dh,b
ih,y
g,g
ax,ix
p,p
r,r
ax,ix
s,s
ih,ih
f,f
m,m
r,r
nx,n
ey,ey
ix,ix
s,s
t,dh
dcl,dcl
iy,iy
kcl,kcl
uw,l
tcl,kcl
r,r
ih,ih
pau,tcl
aa,aa
ih,ih
uw,uw
ax,ix
n,en
iy,iy
aw,ae
s,s
s,sh
q,q
ih,ih
g,g
y,k
hv,hv
z,z
th,th
l,el
pcl,pcl
er,r
ix,q
k,p
aa,aa
ih,ih
s,s
s,s
dh,dx
n,n
er,axr
y,y
gcl,kcl
v,v
ax,ax
aa,aa
ax,ax
t,d
s,sh
r,aa
ao,q
ao,ao
s,sh
g,g
b,q
r,r
l,ax
iy,iy
ae,ae
w,w
w,w
n,m
dh,d
l,l
oy,oy
ix,ix
ao,aa
s,z
aa,aa
axr,ih
ae,ae
d,jh
s,s
nx,pau
el,q
iy,iy
hv,hh
p,p
ah,ah
p,t
pcl,pcl
ae,eh
f,f
r,ax
bcl,l
aa,aa
ax,ax
iy,y
ix,ih
q,ix
ax,ax
pcl,pcl
kcl,kcl
tcl,tcl
dcl,n
ah,ah
s,z
ax,uh
en,en
w,w
aa,aa
ah,ah
t,t
ow,ow
k,k
n,n
r,r
r,r
n,n
sh,sh
l,ax
t,t
w,w
t,t
ih,ih
kcl,kcl
f,f
axr,axr
t,t
oy,oy
t,t
ih,ey
bcl,bcl
n,n
el,uh
tcl,tcl
p,p
g,g
ay,ay
ay,ay
iy,iy
ae,ae
v,v
axr,r
l,w
eh,eh
ey,ey
ey,ey
ix,ix
nx,m
ay,ey
n,m
aw,ae
s,s
ow,ow
z,z
kcl,q
n,n
iy,iy
k,g
kcl,pcl
ax,ax
k,z
w,r
ae,eh
s,s
l,l
n,dh
ih,ih
n,n
w,ax
sh,sh
pau,pau
ow,ow
t,t
ih,ax
iy,iy
q,q
k,k
jh,jh
pcl,pcl
n,n
p,p
n,m
l,l
tcl,kcl
sh,sh
kcl,kcl
ey,ey
iy,iy
k,k
pau,pau
w,w
dh,th
tcl,tcl
d,t
ah,l
sh,sh
k,k
ay,ay
eh,eh
ih,ih
aa,aa
ch,jh
eh,eh
k,k
ih,eh
ng,n
ae,ae
iy,iy
p,p
r,r
n,n
m,v
eh,er
t,t
tcl,gcl
s,s
ey,ey
ix,n
t,p
w,w
t,t
n,dcl
ae,ae
kcl,kcl
r,r
iy,iy
n,n
n,n
eh,r
sh,jh
kcl,kcl
pcl,pcl
el,el
ax,ax
dcl,v
s,s
ae,ae
em,em
ao,ao
kcl,pcl
l,l
sh,sh
ao,ao
ow,ow
kcl,kcl
ix,ix
ix,r
iy,iy
axr,axr
aa,aa
l,b
er,ao
dcl,tcl
y,y
l,en
z,sh
axr,axr
epi,epi
sh,sh
dh,z
q,q
l,l
t,t
hv,hv
n,n
iy,iy
z,z
r,r
t,t
kcl,kcl
l,ao
l,l
m,m
r,axr
iy,iy
aa,ao
n,n
er,uh
k,k
ae,ae
q,q
z,s
dh,dh
ix,ix
ih,ih
iy,iy
gcl,gcl
k,k
s,s
m,em
aw,aw
v,nx
tcl,tcl
kcl,kcl
f,f
tcl,tcl
ah,ah
ao,ao
q,q
axr,v
n,n
z,z
r,axr
uw,uw
eh,ah
sh,sh
ow,ow
pau,pau
s,s
bcl,bcl
s,s
ax,ax
q,q
l,l
p,b
q,q
ax,ax
q,y
zh,zh
sh,sh
z,z
kcl,kcl
epi,epi
axr,ax
ax,n
k,k
ih,ix
b,gcl
ax,ax
d,t
ix,ix
r,r
iy,ey
jh,jh
s,s
aa,aa
ux,ux
bcl,bcl
n,n
dx,dx
ao,aa
y,y
dcl,dcl
iy,ey
pcl,pcl
epi,epi
l,ax
g,k
dh,s
iy,ih
uh,uh
aa,ao
s,s
ux,ux
ih,ih
iy,iy
aw,aw
dh,dh
ah,eh
n,n
n,n
ix,r
w,l
iy,ih
dcl,dcl
iy,iy
q,q
r,r
aw,aw
bcl,v
iy,ih
gcl,gcl
epi,kcl
r,r
m,m
w,l
y,ix
ix,ix
ix,axr
r,r
v,v
ax,ah
sh,s
dx,dx
n,n
ey,q
r,r
dh,dh
ix,ix
ux,v
m,m
r,r
ix,ih
m,m
ih,ih
z,z
pau,pau
iy,iy
sh,sh
bcl,pcl
f,f
ao,ao
m,l
nx,n
iy,iy
dcl,bcl
bcl,bcl
p,b
iy,iy
y,y
dx,dx
ae,ay
tcl,tcl
ax-h,uw
r,r
m,n
w,w
ao,ao
pcl,pcl
dx,iy
k,k
ih,ux
ao,aa
m,m
z,z
gcl,gcl
pcl,tcl
v,n
r,iy
aa,aa
axr,axr
ay,ay
ae,ae
f,f
k,g
r,r
n,n
ih,eh
l,l
r,r
eh,ah
eh,eh
hv,hv
dh,p
l,l
hv,r
bcl,bcl
ae,ae
l,l
sh,sh
ih,ih
l,l
tcl,kcl
m,m
eh,ih
ih,ix
bcl,bcl
ch,ch
s,s
n,n
tcl,tcl
epi,kcl
dh,r
w,ax
w,w
s,s
s,s
w,w
b,b
ae,ae
r,r
kcl,kcl
r,r
t,t
iy,y
s,s
iy,iy
v,dcl
ix,y
r,r
w,w
r,r
dx,dx
ix,eh
kcl,kcl
ix,iy
n,n
t,l
aa,aa
bcl,bcl
eh,eh
iy,iy
bcl,bcl
ah,ae
k,g
tcl,dcl
sh,s
w,w
m,m
aw,aw
y,jh
er,r
v,v
s,s
r,r
kcl,y
axr,v
q,q
iy,iy
f,f
r,r
nx,n
eh,eh
l,ax
s,s
ix,ax
eh,eh
iy,iy
s,s
axr,r
ae,ae
kcl,kcl
oy,oy
oy,oy
th,th
pau,epi
pau,tcl
ax,ax
dcl,tcl
t,t
n,en
dh,v
n,en
l,dh
iy,iy
n,n
ah,ah
y,epi
uh,uh
er,er
r,r
ix,axr
dcl,dcl
l,l
er,er
t,s
v,v
s,s
ix,ix
q,q
ix,ih
z,th
er,er
s,s
ih,ix
q,q
eh,eh
y,iy
iy,iy
l,l
ux,ux
ey,ae
dh,t
r,r
ih,ih
ow,ow
eh,eh
ah,eh
en,n
l,l
ih,ux
t,t
n,n
s,s
ah,ao
g,g
ix,ih
r,r
ix,ix
tcl,pcl
axr,ix
ao,oy
r,axr
n,dcl
ax,ah
ah,ow
bcl,bcl
q,q
w,w
aa,ay
n,n
dx,dx
axr,er
q,q
dh,bcl
axr,axr
ux,iy
kcl,tcl
iy,iy
eh,eh
ih,ih
m,n
ax,l
d,d
bcl,bcl
p,p
ax,axr
iy,iy
m,m
tcl,tcl
f,v
l,l
bcl,bcl
g,g
f,f
r,r
ax,ax
v,v
ax,ax
ix,ix
axr,er
pau,pcl
s,s
ux,ux
ix,ix
bcl,dh
r,r
ao,aa
ix,ix
s,z
tcl,tcl
iy,iy
ih,ih
axr,axr
ax,ah
n,nx
l,l
ax,ow
z,z
s,s
th,t
dcl,dcl
kcl,tcl
ao,l
epi,epi
ae,ae
s,s
aa,ao
r,ow
bcl,gcl
s,s
iy,iy
iy,ix
ao,ao
m,n
r,w
eh,ih
en,en
kcl,kcl
tcl,tcl
n,n
epi,epi
g,g
dh,dh
q,q
ae,ae
r,r
m,n
iy,ey
ax-h,kcl
k,k
k,p
ix,ix
l,l
gcl,gcl
s,s
dh,q
bcl,dh
dh,p
axr,axr
aa,aa
en,n
l,g
l,l
iy,iy
ao,ao
r,m
axr,r
iy,iy
ix,ix
axr,ix
iy,iy
er,er
l,n
ah,ax
iy,ux
aa,aa
eh,eh
s,s
p,p
dx,dx
q,q
axr,r
n,n
ao,ao
er,er
q,q
r,r
ay,ay
ao,ao
dh,dh
l,ix
ax,ax
r,r
kcl,tcl
ae,ah
r,axr
z,z
ey,ae
iy,iy
ih,ih
s,s
ix,ix
l,w
dcl,dcl
dh,d
n,q
r,eh
n,m
dh,n
r,r
tcl,tcl
ax,ax
ih,ih
v,epi
ey,eh
tcl,kcl
dh,dh
kcl,kcl
r,ah
r,r
ow,aw
ix,ix
ix,ey
l,l
dh,dh
m,m
jh,jh
ow,ow
l,w
z,jh
dh,n
f,f
n,m
axr,uw
l,q
ux,ih
epi,epi
aa,aa
axr,r
tcl,kcl
q,q
ix,ih
t,jh
m,gcl
ae,ae
l,l
y,y
v,w
ax,ax
l,l
kcl,kcl
bcl,bcl
ay,aa
ih,ih
ae,ih
ay,ay
iy,iy
bcl,bcl
pau,pau
s,s
ux,ux
t,t
dh,n
z,z
ah,ah
v,v
axr,axr
uh,ow
z,s
ow,ow
eh,ix
ae,ae
pau,pau
dx,n
g,p
bcl,tcl
l,l
n,n
ix,ih
eh,eh
ix,p
pcl,pcl
ix,ix
ix,ix
dx,dx
ow,aw
m,w
n,n
v,v
kcl,kcl
iy,iy
k,k
ih,ih
ay,ay
n,ng
dx,dx
hv,hv
t,t
el,el
aw,aw
gcl,dcl
ay,ah
ow,ow
ae,ae
t,t
n,n
uh,uh
kcl,kcl
v,dcl
n,en
z,z
w,w
r,ax
g,k
n,n
r,r
tcl,tcl
ao,ao
dcl,q
ih,ih
r,axr
q,q
axr,axr
ay,ah
ax,ax
s,s
s,s
oy,ey
dh,n
r,r
eh,eh
ix,ih
tcl,tcl
tcl,pcl
ih,ae
axr,ih
ah,ah
l,l
ao,ow
em,n
aa,eh
ix,ix
eh,eh
ix,ix
dx,tcl
uh,el
t,t
hv,hv
eh,eh
q,q
er,r
l,l
ow,ow
k,k
eh,ih
ix,ix
n,n
m,m
ih,eh
w,w
s,s
ux,ux
ix,ix
g,g
ow,ah
q,q
ix,ux
iy,iy
axr,er
kcl,kcl
ih,r
ix,ix
dx,dx
l,l
ax,ax
ay,ay
hh,hh
ih,iy
kcl,kcl
eh,ih
t,jh
ix,ix
n,n
ae,ae
w,w
ae,ae
l,l
r,r
g,g
ao,ao
tcl,kcl
m,n
axr,axr
el,el
dcl,dcl
ao,ao
ux,ux
ih,ng
m,kcl
ix,ix
s,s
n,n
dcl,dcl
pcl,pcl
t,dh
sh,sh
n,y
jh,jh
aw,aw
t,th
k,k
dcl,tcl
ix,axr
ix,ix
ix,ix
eh,ae
kcl,kcl
iy,iy
z,z
axr,r
p,p
d,t
axr,er
z,z
oy,oy
r,r
ix,ix
r,r
g,g
q,ix
v,v
pcl,tcl
s,s
tcl,jh
t,t
s,s
g,g
kcl,tcl
m,m
l,w
axr,ix
q,dcl
iy,iy
kcl,kcl
ih,axr
pau,pcl
ow,ow
ch,ch
l,l
em,m
z,z
s,s
ch,jh
ow,ey
g,g
dh,v
l,l
p,p
s,s
axr,axr
tcl,tcl
iy,iy
ix,ix
b,b
pcl,v
q,q
q,q
eh,ix
pcl,pcl
dh,dh
iy,iy
ae,eh
dh,dh
ux,ux
dh,y
en,bcl
r,ax
ao,aa
t,t
ae,ae
uw,el
tcl,tcl
w,w
ey,ey
ao,aa
ix,q
ix,ax
er,er
p,p
pcl,tcl
f,f
v,dcl
ay,ay
k,k
y,jh
ix,ih
ao,ao
s,s
z,z
f,f
ih,w
m,m
ix,ih
m,m
ay,ae
z,z
z,s
iy,ih
p,p
q,q
ow,ow
k,k
dcl,dcl
tcl,tcl
l,l
n,n
en,iy
t,t
gcl,gcl
ey,ey
dcl,dcl
ih,ih
k,th
ix,ih
y,iy
bcl,bcl
t,t
q,q
q,q
el,ao
f,th
axr,axr
ax,ax
aw,aw
kcl,kcl
m,m
gcl,kcl
n,ng
eh,ah
r,nx
ae,ae
l,l
eh,ix
aa,aa
s,s
tcl,tcl
t,t
ao,ao
eh,ae
iy,ix
ow,l
d,dh
ax,ax
l,q
tcl,tcl
t,t
r,r
gcl,kcl
t,q
zh,sh
gcl,kcl
dh,dh
dx,dx
ix,iy
w,w
eh,ae
pau,pau
tcl,q
aw,aw
ao,ao
iy,ay
iy,iy
iy,iy
f,f
r,r
p,p
kcl,pau
z,s
d,t
ix,ix
axr,axr
pcl,pcl
pcl,pcl
axr,er
n,n
bcl,bcl
ix,ix
s,s
ix,ax
ix,ax
kcl,kcl
gcl,n
bcl,bcl
q,q
l,l
axr,er
s,s
ng,n
iy,ih
ey,ey
s,s
pcl,bcl
ae,eh
m,en
iy,iy
l,l
sh,sh
f,f
l,l
aw,aw
l,l
z,z
dh,dh
tcl,tcl
er,r
p,p
m,m
s,z
kcl,pcl
w,w
r,r
ix,ix
s,ch
ix,ix
gcl,pcl
v,dh
s,sh
tcl,tcl
l,el
l,ow
m,m
ix,ix
kcl,pcl
l,l
ax,l
l,l
k,k
z,z
pau,pau
hv,hv
kcl,kcl
dx,tcl
l,l
q,q
z,z
ix,ix
l,ax
s,s
g,p
w,w
dh,n
v,v
ix,ih
tcl,tcl
n,n
ae,ae
z,z
ay,ay
f,f
dx,dh
k,k
axr,l
ah,eh
pcl,pcl
ix,hv
ax,gcl
dx,dx
ao,ao
z,t
s,ch
z,z
ae,ae
tcl,pcl
epi,epi
axr,axr
ax,ix
pcl,tcl
er,er
ae,ae
nx,nx
s,s
iy,iy
k,k
n,m
s,s
ix,ix
hh,hv
pcl,kcl
t,t
z,z
kcl,tcl
iy,ix
w,w
dcl,dcl
ix,n
axr,q
ae,ae
ao,ao
ax,ix
ix,ix
s,s
r,r
ix,ix
dh,dh
n,ng
l,l
w,w
aa,aa
iy,iy
v,v
q,q
ih,ih
ay,ay
s,s
gcl,gcl
r,r
ay,ay
ih,ih
dx,dx
r,aa
ae,ae
t,t
s,s
kcl,kcl
ow,ow
tcl,tcl
ax,w
iy,iy
er,er
q,q
g,g
dcl,kcl
eh,eh
k,k
ix,n
ih,ih
gcl,dcl
s,s
tcl,tcl
iy,iy
f,f
l,r
ix,ax
tcl,tcl
n,n
p,p
iy,iy
ih,eh
m,r
t,t
n,n
aa,aa
kcl,kcl
l,l
q,q
nx,n
kcl,kcl
s,s
r,r
r,r
m,m
tcl,gcl
eh,eh
jh,jh
n,ng
ao,ao
w,w
gcl,gcl
k,k
pcl,dh
tcl,tcl
sh,s
k,d
iy,iy
f,f
pcl,pcl
l,l
sh,sh
ay,ay
ah,l
w,w
l,l
n,n
kcl,kcl
ao,w
s,s
pcl,tcl
s,z
s,s
en,en
ae,ae
ng,ng
s,s
eh,ae
bcl,bcl
n,n
kcl,kcl
z,z
ae,ae
ae,ae
r,r
n,dcl
aa,ih
ix,ix
pcl,pcl
r,r
kcl,kcl
g,k
l,l
ow,ow
ao,ah
pcl,pcl
n,n
n,n
tcl,tcl
r,r
dx,dx
pau,tcl
tcl,gcl
f,f
r,r
kcl,epi
ah,ao
l,l
eh,eh
r,axr
dcl,tcl
ah,aa
s,s
tcl,tcl
epi,epi
tcl,q
aw,aw
iy,iy
axr,er
q,dx
dcl,dcl
pcl,tcl
ax,q
bcl,kcl
ix,ix
aa,aa
q,q
er,er
ih,ih
pcl,pcl
en,en
tcl,tcl
ow,ao
w,el
dx,dx
r,r
ey,ey
hh,hh
l,l
er,er
ih,ah
ix,ih
t,t
s,s
kcl,kcl
iy,ux
gcl,gcl
s,z
s,s
aw,aw
dcl,gcl
ax,ax
er,axr
bcl,bcl
m,m
ax,q
ch,sh
s,s
f,f
y,iy
ey,ey
v,v
ix,ix
dx,dx
w,w
l,l
bcl,dcl
aa,aa
ih,ux
ix,ih
l,l
gcl,bcl
ey,ih
r,r
iy,iy
r,r
dh,dh
ix,ix
d,jh
ow,ao
ix,ih
l,l
oy,oy
bcl,bcl
z,s
kcl,kcl
dh,dh
ao,ao
t,t
axr,r
eh,eh
ng,ng
s,s
k,k
z,s
n,ng
d,d
ux,ux
iy,ix
r,r
zh,zh
m,m
dh,dh
oy,oy
l,w
l,w
tcl,tcl
z,z
ix,ix
eh,l
iy,iy
eh,ix
l,l
ow,ey
eh,eh
kcl,q
m,m
dcl,dcl
ae,ae
pcl,bcl
ow,ow
ux,ux
sh,s
t,t
w,r
r,r
ix,eh
ix,ix
y,d
p,p
y,en
eh,eh
s,s
ow,aw
s,s
ix,ix
axr,r
ix,dx
z,z
dcl,l
iy,iy
s,s
eh,ey
r,r
hh,hh
ah,ah
sh,sh
dh,dh
r,r
kcl,kcl
ao,aa
w,w
w,w
dh,l
n,n
s,s
ix,ix
k,k
kcl,kcl
v,tcl
ay,ay
f,th
dcl,dcl
kcl,gcl
ax,ih
l,w
tcl,tcl
aa,aa
kcl,tcl
eh,ah
uh,uh
dcl,gcl
dcl,dcl
q,q
r,r
k,hh
q,gcl
ih,ih
m,m
bcl,bcl
y,ih
tcl,tcl
ux,ux
ao,ao
er,er
w,r
th,th
dh,n
r,r
pcl,gcl
f,f
ae,ae
iy,iy
hv,hv
jh,jh
z,z
g,y
ih,ih
er,er
aa,ao
ix,ix
z,th
kcl,kcl
ah,ow
z,z
m,v
iy,iy
bcl,bcl
nx,nx
tcl,tcl
kcl,kcl
l,l
ix,iy
n,n
iy,iy
n,n
tcl,tcl
kcl,kcl
iy,iy
eh,eh
tcl,tcl
ux,ux
t,d
iy,iy
ao,ao
ay,ay
ih,ix
ey,ix
eh,ae
tcl,gcl
eh,eh
s,z
tcl,tcl
k,k
m,m
axr,axr
sh,f
ah,ax
ae,ae
ch,sh
dh,th
gcl,dcl
epi,epi
f,f
hh,ax-h
m,ux
t,t
tcl,k
dcl,tcl
iy,ey
t,d
ax,ax
ch,ch
ix,ey
v,v
bcl,bcl
tcl,tcl
r,r
ih,ih
p,b
l,m
aa,aa
r,r
eh,ae
axr,r
f,f
m,m
eh,ao
n,n
axr,axr
t,t
gcl,gcl
hh,hh
eh,eh
eh,eh
iy,iy
kcl,kcl
th,s
er,er
dh,dh
z,z
epi,n
n,n
k,k
ae,ae
k,k
dcl,kcl
ah,ah
iy,iy
ey,ey
k,jh
dh,dh
ah,eh
dh,dh
l,w
l,l
n,n
w,w
dh,dh
s,s
eh,ae
q,q
n,n
th,f
ih,ih
ax,ax
g,g
axr,r
pcl,pcl
n,n
w,w
m,gcl
n,tcl
ah,eh
tcl,tcl
iy,iy
kcl,kcl
bcl,bcl
ix,ix
axr,ih
s,s
r,r
s,s
ao,aa
en,dcl
m,m
eng,n
ux,ux
kcl,kcl
r,r
dx,gcl
ey,ey
r,r
r,r
er,er
v,v
ax,ax
er,er
ih,ih
tcl,n
ih,r
zh,sh
n,n
en,n
l,l
ao,ao
axr,r
dcl,tcl
ix,ax
pcl,pcl
s,s
bcl,bcl
n,n
z,s
n,n
n,n
tcl,tcl
n,n
ao,ow
t,t
y,y
kcl,kcl
z,z
er,axr
ih,eh
eh,eh
kcl,kcl
s,s
kcl,kcl
ow,ow
l,l
iy,ih
dcl,dcl
y,y
uw,ux
iy,ix
z,z
ax,l
ey,ey
r,ix
aa,ay
s,s
q,iy
dcl,n
r,r
dx,dx
l,r
n,nx
r,r
jh,tcl
r,r
ix,eh
n,nx
tcl,tcl
ix,ax
uh,ih
ay,ay
ix,ux
n,n
l,l
axr,r
l,ax
ax,ix
ix,ix
aa,aa
l,ax
d,y
s,s
hh,hh
aa,ah
d,d
ix,ax
ey,ey
el,el
l,l
ih,ih
ao,ao
iy,ih
ay,ay
f,f
ax,ax
ey,ey
ng,m
n,n
t,dh
k,k
ae,ae
nx,ng
n,n
epi,kcl
en,nx
iy,ix
ng,iy
dcl,dcl
ey,ey
s,s
tcl,tcl
ow,ow
dcl,tcl
hv,ix
axr,r
w,w
ix,m
l,ow
g,g
s,s
w,w
ix,ix
tcl,gcl
f,f
m,n
iy,iy
l,l
aa,aa
tcl,tcl
ae,ay
dcl,tcl
aa,ah
s,z
ow,l
ao,ao
s,s
ae,eh
m,n
dcl,pcl
sh,sh
tcl,tcl
ih,ih
er,er
kcl,kcl
m,n
t,t
r,r
dcl,dcl
ix,ax
y,ih
ao,ax
ux,ux
er,axr
axr,axr
tcl,w
iy,ux
er,axr
bcl,pcl
aa,aa
l,l
pau,hh
r,r
th,th
oy,oy
gcl,dcl
dcl,tcl
dx,q
ao,oy
bcl,w
ch,ch
ix,ix
ao,ao
w,w
en,en
k,dh
v,v
iy,iy
ix,axr
eh,eh
ih,ih
sh,sh
uh,ah
epi,ix
ao,ao
aa,ao
dcl,tcl
z,jh
kcl,kcl
ih,eh
sh,sh
iy,iy
w,ng
ao,uh
m,m
en,nx
ow,l
ao,q
ax,ix
l,l
tcl,tcl
g,g
n,tcl
w,w
axr,aw
p,p
kcl,gcl
q,q
er,er
hv,hv
b,p
dh,dh
w,w
iy,ih
ax,ax
q,d
axr,er
ih,ih
sh,s
ah,ax
ah,ah
ow,ow
f,f
l,l
z,z
dh,z
ix,ih
y,y
ey,ey
l,l
s,s
kcl,kcl
hh,hh
l,n
k,epi
kcl,kcl
axr,ix
p,q
z,z
pau,pcl
ng,gcl
ae,ae
ay,ay
er,ih
axr,ix
pau,pau
iy,y
iy,iy
q,tcl
sh,sh
pcl,kcl
gcl,pcl
ih,ax
d,d
z,z
ih,iy
r,r
r,r
n,ix
ae,ae
kcl,kcl
y,y
n,n
q,q
t,dh
ix,r
k,k
ng,gcl
bcl,dx
z,z
s,z
r,r
s,s
t,t
ih,ih
k,k
ax,er
n,n
bcl,tcl
tcl,tcl
kcl,kcl
ih,ih
tcl,tcl
w,w
tcl,tcl
dx,n
f,f
tcl,kcl
l,l
sh,sh
y,k
ae,ae
s,s
w,w
n,n
z,s
l,w
kcl,kcl
ay,aa
axr,axr
q,q
ao,ao
t,epi
iy,iy
aa,aa
dcl,dcl
ix,ax
p,k
iy,ix
r,w
ix,ax
n,n
s,s
ih,ih
r,r
aa,ae
l,dcl
kcl,kcl
sh,sh
b,p
hh,hv
iy,iy
r,r
r,axr
gcl,gcl
s,s
tcl,dcl
ow,ow
n,ng
eh,ih
aa,aa
l,l
ay,ah
t,p
iy,ix
l,l
iy,iy
n,n
kcl,tcl
ng,ng
z,z
k,k
ae,ae
ax,ax
ix,ax
t,t
er,er
ah,ao
ax,eh
f,f
ay,ay
ix,ix
l,l
y,y
tcl,tcl
ng,ng
s,s
r,r
ax,ix
z,z
dh,ax-h
aa,ao
s,s
f,k
ng,ng
dcl,dcl
jh,jh
tcl,tcl
q,q
dcl,tcl
n,n
w,w
iy,iy
n,n
f,f
s,s
eh,eh
ix,ih
ax,r
kcl,tcl
ix,ix
y,iy
ih,ix
k,k
dcl,dcl
ay,aa
ey,ae
axr,r
ah,ah
iy,iy
q,q
w,w
iy,iy
eh,axr
ax,ax
q,q
w,w
ch,ch
iy,ux
v,dh
m,n
kcl,kcl
g,g
m,m
n,ng
pcl,pcl
w,w
uh,ah
ux,r
ay,ay
iy,iy
oy,oy
tcl,kcl
p,p
ih,q
ah,ao
eh,eh
z,s
s,s
bcl,bcl
k,g
p,p
aa,aa
s,s
gcl,gcl
ix,q
kcl,tcl
q,kcl
ao,aa
m,n
tcl,tcl
en,en
v,v
ah,ih
aw,aw
dh,dh
tcl,tcl
s,s
p,t
pcl,tcl
ux,ux
er,axr
aa,aa
tcl,gcl
hh,hh
z,z
ix,ax
iy,iy
r,r
ix,ix
ao,ao
ih,ih
s,s
r,r
bcl,gcl
r,m
eh,eh
f,th
kcl,kcl
eh,ah
uw,w
ih,ih
bcl,bcl
ay,ah
r,r
pau,pau
ih,ix
iy,iy
z,z
r,r
r,r
gcl,gcl
eh,eh
tcl,q
z,s
uh,ih
t,t
s,s
iy,iy
n,n
hh,q
uh,ah
ix,ux
s,s
ih,ih
iy,iy
kcl,kcl
bcl,bcl
z,z
epi,t
axr,q
th,s
n,n
ey,ey
hh,p
ix,ih
uh,ow
kcl,pcl
r,r
k,k
iy,iy
iy,ux
tcl,pau
n,n
s,s
axr,er
p,p
kcl,kcl
gcl,kcl
s,s
iy,iy
r,r
ow,ow
ux,ux
r,r
hv,hv
eh,ow
s,s
dh,dh
sh,sh
ix,ih
m,nx
w,w
r,r
ax,eh
ay,aa
l,l
s,s
k,k
ix,ix
dcl,dcl
axr,r
ey,iy
s,s
l,r
uh,ow
ix,ux
k,k
dh,dh
ah,ah
z,z
f,sh
ao,ao
k,k
kcl,dcl
ng,bcl
iy,ih
s,sh
t,t
iy,iy
y,ux
s,s
iy,iy
m,m
iy,iy
s,k
ow,ow
ao,ao
ix,ix
iy,iy
ng,ng
q,q
axr,ih
n,v
v,v
ao,ao
z,z
s,s
l,l
iy,iy
ay,ay
iy,q
kcl,tcl
eh,eh
s,s
tcl,tcl
hv,hh
kcl,tcl
s,s
axr,axr
l,l
el,ax
ey,ey
l,l
aa,aa
l,l
eh,ih
n,n
hh,hh
iy,iy
ix,iy
ah,ah
r,r
aw,aw
v,v
l,dh
s,s
bcl,dcl
n,n
jh,d
dcl,tcl
ix,r
r,r
k,s
s,s
v,v
ae,ih
m,w
r,r
tcl,l
ih,ih
r,r
r,r
q,l
q,y
t,t
dcl,m
ih,iy
gcl,kcl
hh,hv
w,w
n,ix
w,w
tcl,tcl
ax-h,t
dh,n
oy,oy
ix,ux
pcl,pcl
dcl,bcl
axr,ax
s,s
z,s
ih,iy
s,z
ay,ay
ey,iy
ow,ow
th,z
g,k
t,t
q,ey
kcl,tcl
dcl,gcl
f,f
dh,dh
w,w
iy,iy
f,f
hv,hv
ae,ae
tcl,pcl
ah,eh
k,g
en,en
v,v
epi,epi
axr,r
iy,ux
ay,ah
ih,ix
pcl,kcl
ix,ix
tcl,tcl
s,s
ix,axr
p,t
ah,ah
m,m
iy,iy
q,q
iy,iy
ix,iy
iy,iy
kcl,tcl
n,en
iy,iy
r,r
jh,jh
eh,eh
w,w
dh,d
gcl,gcl
ax,ix
v,n
sh,sh
dcl,dcl
iy,ey
l,r
ix,y
ah,ah
ih,eh
ow,ow
axr,eh
uh,eh
dcl,dcl
hv,hv
ow,ow
aa,ao
l,l
ix,axr
th,th
w,w
r,r
r,r
sh,sh
ao,aa
iy,ey
gcl,th
ng,n
s,s
kcl,kcl
iy,iy
s,z
t,t
iy,iy
ay,ah
f,th
pau,pau
iy,iy
l,aw
jh,jh
dh,dh
t,t
r,r
sh,sh
f,f
kcl,pcl
y,y
y,ux
sh,zh
kcl,kcl
ix,ix
tcl,v
m,n
t,t
axr,axr
ih,ey
w,m
th,v
pcl,pcl
ae,eh
el,el
s,s
n,n
pcl,pcl
axr,axr
l,l
dcl,dcl
eh,ae
p,p
ey,ey
hh,hv
m,m
r,r
m,dcl
p,p
z,s
r,r
eng,n
t,t
t,t
eh,eh
ax,ax
n,ng
r,r
eh,eh
l,w
w,tcl
n,n
ae,ae
f,f
gcl,gcl
l,ow
ix,ix
iy,iy
k,hv
gcl,dcl
iy,ix
kcl,kcl
eh,eh
n,ih
tcl,tcl
tcl,kcl
s,s
r,r
iy,iy
iy,iy
kcl,tcl
dcl,tcl
th,th
eh,ix
dx,ax
f,f
ih,ih
f,f
k,k
k,k
axr,r
ax,ix
n,n
aa,aa
s,s
aa,aa
gcl,gcl
ey,ey
k,k
eh,eh
tcl,kcl
n,dcl
eh,eh
f,f
iy,iy
s,s
ix,ix
s,s
z,s
q,q
s,s
f,f
n,n
iy,iy
n,n
pcl,pcl
ih,ix
ih,ix
ih,ih
ih,ix
t,k
ao,ao
pcl,kcl
ax,ix
ax,dh
f,pcl
dcl,dx
f,f
tcl,pcl
en,ng
ax,ax
t,t
eh,eh
t,t
axr,axr
r,r
t,t
kcl,kcl
tcl,tcl
ae,ae
kcl,tcl
l,l
tcl,pcl
p,p
pau,kcl
d,t
axr,axr
tcl,tcl
kcl,q
ae,ae
s,s
y,y
ih,ih
l,l
s,s
pcl,dcl
v,f
ih,ix
ix,ih
ah,aw
iy,iy
r,r
q,q
sh,sh
r,r
aa,aa
ey,iy
n,nx
tcl,epi
ao,ao
ax,ax
s,s
r,r
ey,ey
s,s
aa,ao
ae,ay
ix,ix
z,z
ix,ix
p,p
f,f
dcl,dcl
gcl,pcl
ih,eh
axr,axr
ax,ix
pau,pau
ax,n
aa,ao
y,y
ix,ix
ax,ax
l,nx
ih,ih
k,g
iy,iy
ah,ah
ux,ix
eh,ae
r,l
v,v
eh,eh
l,l
ng,ng
ay,ay
gcl,gcl
ax,l
pcl,pcl
s,s
eh,ih
ah,ax
tcl,kcl
iy,iy
y,y
dx,dx
dcl,dcl
dcl,dcl
ih,ix
ch,ch
m,ux
p,t
eh,aa
r,r
ax,ix
eh,ae
ao,aa
d,d
n,n
er,axr
pcl,pcl
dcl,dcl
p,p
m,m
kcl,kcl
ey,ey
axr,axr
y,iy
iy,iy
t,t
ey,ey
ix,ix
sh,sh
dh,dh
m,m
ay,ay
ih,ih
hv,hv
q,q
ae,ae
p,k
s,s
aa,aa
aa,ao
kcl,axr
epi,epi
g,d
y,ih
v,v
l,l
ah,ax
l,l
s,s
ih,ih
m,l
aa,ah
dcl,gcl
l,l
l,l
ah,ah
r,r
ah,aa
ah,ay
s,s
eh,er
iy,iy
r,r
tcl,tcl
w,w
ix,iy
n,n
nx,n
ah,ix
ey,ey
s,s
kcl,kcl
v,v
v,v
jh,jh
pcl,kcl
hh,p
jh,jh
iy,ey
w,w
sh,sh
dx,dx
eh,ae
n,n
ih,ix
iy,iy
eh,ix
t,t
ah,aa
m,m
bcl,bcl
n,n
v,v
s,s
ow,ow
kcl,kcl
nx,n
axr,q
q,ix
dh,m
uw,ao
y,y
n,kcl
axr,m
t,t
ao,ao
iy,iy
aa,aa
n,n
f,f
f,f
ax,ax
aw,aw
tcl,dcl
s,s
z,jh
ih,ih
kcl,kcl
bcl,dcl
y,y
ax,ax
l,l
l,l
tcl,tcl
ax,ax
eh,eh
eh,ae
eh,ih
pcl,pcl
v,v
iy,iy
ax,ax
l,l
ix,ax
hv,hv
q,q
ay,ay
bcl,tcl
r,v
dh,th
f,f
z,z
kcl,q
z,z
dh,dh
tcl,dx
m,m
kcl,pcl
m,en
sh,sh
dcl,dcl
axr,axr
eh,eh
r,r
ix,ix
ix,ax
ix,l
ng,dx
w,ix
er,er
sh,sh
m,m
ix,ux
ax,ix
ih,ih
ao,aa
pcl,pcl
l,ng
m,m
tcl,dcl
ah,ah
dcl,n
n,n
l,l
oy,oy
w,w
ih,ey
iy,ih
r,r
ih,iy
w,w
ch,jh
dh,dcl
k,k
ah,ah
th,gcl
z,s
q,q
axr,axr
er,er
el,el
ow,ao
tcl,tcl
iy,iy
s,s
ax,ax
ae,ae
p,p
ae,ae
ay,ay
pcl,pcl
t,jh
kcl,gcl
w,w
ux,ux
q,q
eh,eh
ix,q
uw,ux
iy,iy
ow,ow
n,n
l,l
w,w
t,t
eh,ae
n,nx
r,r
m,m
s,s
q,q
t,ch
l,l
axr,uw
ow,ow
ey,ey
t,t
kcl,kcl
m,m
r,r
ih,iy
ix,eh
w,w
ey,ey
ih,ih
m,m
z,z
ao,ao
k,g
kcl,pau
axr,axr
pcl,dcl
ow,ow
l,l
l,uw
ey,ey
jh,jh
iy,iy
ix,ix
f,f
dcl,dcl
ch,ch
z,s
hh,hh
w,w
ih,ih
r,r
kcl,tcl
dcl,dcl
l,l
r,nx
dx,n
r,r
ae,ae
tcl,tcl
hv,hv
ey,ey
s,s
jh,jh
w,w
iy,iy
dh,dh
ih,ih
hv,hv
hv,eh
y,ih
ey,ey
hh,hh
l,l
ih,ix
ae,ae
ax,ax
kcl,dh
l,l
dh,dh
ix,iy
ay,ay
zh,z
k,k
r,r
iy,iy
bcl,bcl
l,l
aa,aa
ao,ao
tcl,pau
y,axr
hv,hv
v,v
f,f
ax,ax
z,z
q,tcl
ix,ih
tcl,tcl
s,s
hh,k
sh,sh
eh,eh
ih,ih
ix,ix
iy,iy
f,s
q,q
ow,ow
w,w
sh,sh
n,n
uh,eng
iy,y
er,axr
aa,ao
tcl,kcl
kcl,gcl
ng,ng
w,l
eh,ih
dcl,dcl
v,epi
ao,ao
k,k
nx,nx
n,n
eh,ih
w,w
axr,er
zh,z
eh,ey
ao,ao
er,r
ae,ae
bcl,dcl
epi,epi
iy,iy
n,m
l,l
ay,ay
ay,ah
g,g
n,n
n,nx
tcl,pcl
ih,ih
r,r
ih,ix
n,n
th,th
m,ng
pcl,bcl
epi,epi
s,s
z,z
dh,dh
l,n
aw,aw
s,s
n,n
q,q
r,er
l,l
k,k
r,ay
r,r
r,r
eh,ix
gcl,dcl
ae,ae
v,v
dh,b
w,w
sh,sh
n,n
ih,ih
tcl,tcl
ow,ow
iy,iy
ax,ax
t,t
s,s
r,r
n,n
epi,epi
aa,ah
ux,ux
ay,ay
z,z
axr,er
t,t
ix,ix
l,l
q,ax
kcl,kcl
bcl,tcl
th,th
q,q
m,n
s,s
aa,aa
v,v
oy,oy
t,t
v,v
gcl,tcl
m,m
eh,eh
n,n
n,n
ih,ih
s,s
iy,iy
ih,ih
n,m
axr,axr
w,w
q,pau
m,n
ih,ih
bcl,tcl
tcl,tcl
l,y
dx,jh
hv,hv
ix,ix
hv,hv
ae,ae
q,q
dx,dx
iy,iy
th,f
er,r
q,q
dcl,tcl
tcl,gcl
p,p
ae,ae
ey,ey
n,n
n,n
er,er
epi,tcl
ux,ux
oy,oy
q,kcl
t,f
bcl,bcl
l,l
q,q
f,f
q,q
z,z
q,w
ao,ax
s,s
ih,ih
dx,tcl
eh,eh
s,s
axr,q
r,r
tcl,tcl
ae,ae
ix,ih
sh,th
g,g
sh,sh
ax,ax
w,w
tcl,pcl
hh,hh
ax,ax
iy,n
q,n
kcl,kcl
s,s
axr,axr
w,w
hv,hh
axr,axr
tcl,tcl
r,dx
n,m
l,l
n,n
p,l
jh,jh
axr,er
ix,q
p,kcl
sh,sh
kcl,kcl
ae,ae
f,dh
pau,pau
ax,ax
iy,iy
dcl,tcl
oy,oy
kcl,kcl
dh,nx
iy,r
gcl,n
l,l
eh,ih
d,jh
tcl,tcl
iy,iy
n,en
er,axr
s,s
n,m
ix,en
iy,iy
pcl,pcl
iy,iy
v,gcl
l,l
q,q
ih,ux
m,m
iy,iy
iy,iy
b,b
ae,ae
t,t
iy,iy
ux,ux
axr,r
pau,tcl
l,l
n,m
z,z
ih,y
q,q
w,epi
w,uw
n,m
uh,ax
ae,ae
ah,aa
l,l
r,r
y,iy
dcl,tcl
n,n
bcl,dcl
q,n
eh,ih
epi,v
iy,iy
ix,ix
kcl,kcl
ix,ih
ah,ah
ax-h,d
hh,hh
ah,ih
v,v
eh,r
l,l
dcl,dcl
eh,ae
n,n
dh,dh
epi,pcl
ao,ao
z,z
sh,sh
k,k
ch,t
t,t
v,v
dcl,dcl
aa,aa
aw,aw
w,w
tcl,dcl
r,r
iy,iy
n,n
k,g
m,en
p,p
p,p
r,ih
ae,ae
r,aa
s,s
sh,sh
ix,ix
er,ih
l,l
n,q
ih,iy
pcl,pcl
sh,sh
th,f
w,w
tcl,kcl
bcl,pcl
w,w
ix,w
ey,ix
aa,aa
ao,ao
ix,ux
eh,eh
w,w
r,eh
ao,aa
axr,r
n,n
t,t
ix,ix
ae,ae
ih,ih
dcl,dcl
ah,l
kcl,pcl
tcl,kcl
dh,dh
v,v
eh,ae
r,ax
ix,iy
oy,q
ix,ih
s,s
tcl,tcl
s,s
aa,ay
ix,ix
r,r
m,en
eh,aa
r,axr
iy,iy
dh,n
pau,pau
ix,ix
eh,ih
k,k
w,uh
k,k
dcl,pau
tcl,th
eh,eh
q,q
kcl,kcl
m,n
r,r
pcl,pcl
eh,eh
z,z
z,s
axr,r
ah,ah
ae,ae
ax,ix
sh,sh
r,r
bcl,bcl
tcl,tcl
w,w
w,w
iy,iy
f,th
bcl,v
l,l
bcl,bcl
q,q
iy,iy
ux,ux
s,s
eh,ih
r,r
dx,dx
dcl,gcl
sh,s
axr,er
iy,iy
ih,ix
n,n
m,m
iy,q
k,k
f,dh
aa,ah
s,s
dx,dx
oy,oy
q,g
ix,ih
k,k
aa,aa
aw,ae
l,l
ih,ih
s,s
s,s
kcl,kcl
iy,ih
jh,t
s,s
ih,ix
tcl,tcl
t,jh
hh,hh
aa,aw
ix,ix
k,g
ah,ah
l,r
pcl,bcl
ix,ih
q,q
eh,eh
t,t
kcl,kcl
uh,uh
ao,ow
dcl,dcl
y,iy
ay,ay
q,q
l,l
ih,ih
epi,epi
ay,ah
l,ax
axr,er
ih,ih
tcl,epi
n,n
q,q
n,n
tcl,tcl
ae,ae
ay,ay
ix,eh
pcl,tcl
ih,iy
l,l
pcl,pcl
k,k
gcl,bcl
w,w
ng,n
m,m
y,y
l,ax
s,s
g,g
l,l
pau,pau
eh,eh
pau,pau
eh,ih
n,n
aw,aw
tcl,tcl
d,t
z,z
gcl,kcl
pau,kcl
gcl,tcl
s,s
hv,dx
ih,ih
ao,ao
k,k
t,t
z,s
ax,r
l,w
ao,ao
r,axr
r,l
r,r
d,dh
m,m
ng,n
q,q
m,m
eh,eh
f,f
f,f
ix,ix
s,s
axr,axr
l,l
k,k
dcl,dcl
ih,ae
ax,ax
tcl,tcl
p,p
v,v
jh,jh
iy,iy
aa,ao
ae,ae
ix,ax
kcl,q
aa,ae
ey,ey
m,m
d,g
ux,ux
tcl,tcl
eh,eh
n,m
nx,dx
n,n
aw,aa
aa,aa
ix,n
ix,ih
g,k
axr,r
tcl,tcl
gcl,dcl
axr,axr
s,z
ix,ih
ix,axr
t,t
aw,aw
kcl,kcl
axr,axr
ah,aa
z,z
axr,r
sh,s
dh,dh
axr,r
pcl,pcl
s,s
jh,jh
ax,dh
n,n
ix,ix
tcl,pcl
iy,y
ih,ix
dh,v
z,z
aa,aa
ow,ao
iy,r
ax,ax
hv,hv
dcl,tcl
ey,ey
pcl,pcl
s,s
n,n
hv,k
t,t
el,el
w,w
ix,ix
bcl,bcl
pcl,tcl
er,r
l,l
ao,aa
el,l
iy,iy
ao,ao
s,sh
dcl,dcl
dcl,dcl
pcl,tcl
ey,ey
ax,ax
k,k
uw,ih
ax,ax
n,n
eh,ah
n,n
dx,dcl
ix,eh
t,t
ih,ih
ao,w
dh,d
ax-h,tcl
s,s
aa,aw
w,w
ow,ao
ih,ix
gcl,dcl
aa,aa
sh,sh
l,l
r,axr
l,ax
l,l
er,er
r,r
iy,ix
s,s
iy,iy
v,v
w,w
r,r
ih,ih
v,y
ae,ae
pcl,bcl
kcl,dh
ng,n
ao,aa
k,k
ax,r
ng,n
ng,n
f,f
m,m
ow,ow
eh,eh
n,n
aa,aa
ae,ae
l,l
g,g
eh,eh
n,n
ux,ux
z,s
kcl,kcl
ae,ae
ae,ae
axr,r
eh,ae
gcl,m
ax,w
dh,dh
n,nx
d,t
s,s
q,q
ix,ix
ey,ey
dcl,dcl
ao,ao
ae,ae
uw,ux
l,l
r,r
pcl,tcl
ao,aa
n,n
dcl,dcl
ey,ih
l,l
l,l
ey,eh
y,y
r,r
nx,nx
y,y
n,n
ih,iy
ey,ey
p,p
s,s
ix,ax
ow,ow
v,kcl
q,q
axr,axr
en,en
iy,iy
w,l
eh,eh
epi,kcl
ch,ch
m,m
s,s
tcl,kcl
z,s
kcl,q
n,n
ih,ax
r,r
z,z
er,er
eh,ix
aa,aa
l,l
iy,iy
tcl,tcl
ao,ao
ih,ih
ng,n
m,m
pau,tcl
ow,ow
ix,ix
pau,n
em,m
t,jh
v,dh
aw,aa
ix,ix
ih,eh
ih,eh
l,l
t,t
dcl,dcl
axr,axr
t,d
p,p
ae,ae
n,n
r,r
ix,ix
s,s
r,r
z,z
ix,ix
n,n
q,q
dcl,gcl
ng,nx
ay,ay
ae,ae
l,el
q,ax
ow,ow
pcl,pcl
r,r
n,n
t,q
ay,aa
axr,axr
v,bcl
w,w
aa,aa
sh,sh
ay,ay
k,k
eh,ix
d,dh
axr,axr
k,k
l,l
f,th
n,gcl
n,m
kcl,kcl
nx,m
ae,eh
dh,dh
nx,n
q,n
pcl,pcl
k,k
ow,ow
aa,ao
er,er
ae,ae
kcl,kcl
ao,ao
t,p
iy,ih
kcl,gcl
f,f
l,el
tcl,tcl
iy,iy
ah,ih
iy,ey
dcl,dcl
ih,ih
dcl,dcl
l,l
iy,iy
sh,sh
ih,ae
epi,th
r,r
z,s
n,n
iy,iy
r,r
er,er
iy,iy
axr,axr
ae,ae
ix,ix
aa,aa
aa,ah
ao,ao
l,ao
dcl,dx
tcl,kcl
bcl,pcl
kcl,kcl
z,s
axr,er
z,z
bcl,pcl
t,t
r,r
axr,axr
ey,ih
epi,epi
tcl,pcl
n,n
tcl,kcl
r,er
eh,eh
bcl,bcl
ow,ah
p,p
iy,iy
ih,q
ao,aa
t,t
ay,ay
t,d
axr,axr
k,g
l,ow
ux,ey
axr,er
aa,aa
p,d
n,n
l,q
t,t
dcl,dcl
eh,eh
jh,sh
ih,ih
s,s
iy,iy
ae,ae
ix,q
ao,ow
ax,ax
l,l
ih,eh
eh,ae
m,m
nx,n
t,t
l,ax
th,th
ix,eh
kcl,kcl
ow,ao
tcl,tcl
kcl,kcl
k,k
n,n
y,y
s,s
s,s
y,y
f,f
nx,ng
t,p
y,y
nx,n
l,n
kcl,kcl
tcl,tcl
l,l
s,s
nx,m
axr,r
iy,iy
tcl,tcl
axr,axr
nx,n
q,q
n,n
ih,ih
s,s
l,w
ng,ng
ax,ah
n,n
pcl,pcl
z,z
eh,eh
tcl,q
t,t
ix,ix
q,q
er,er
dx,dx
k,k
n,m
el,l
m,m
ix,ix
ah,ax
t,f
aw,aw
s,ch
s,s
iy,ey
ux,ux
pcl,tcl
w,w
n,n
v,v
s,z
ax,ix
w,w
l,l
sh,sh
tcl,tcl
ix,ax
l,l
iy,iy
ih,ih
z,z
ih,ih
uh,ae
s,s
ao,ao
th,f
ay,aa
w,v
z,s
r,r
m,m
l,l
f,f
tcl,tcl
iy,iy
hh,epi
l,l
tcl,n
ay,ay
b,dh
n,n
eh,ix
ih,ih
axr,axr
ao,ao
m,ng
pcl,tcl
l,ix
r,ix
z,z
ey,ey
dx,dx
t,t
gcl,gcl
s,s
kcl,kcl
ey,ey
l,ng
l,l
hh,hh
l,l
tcl,tcl
l,l
kcl,kcl
ix,ix
ao,ao
s,s
eh,ax
zh,zh
r,r
ix,ux
s,s
w,w
aa,aa
jh,jh
kcl,kcl
dcl,gcl
q,pau
aw,aw
s,s
ah,ow
l,l
ao,ow
y,ix
ux,ux
ix,iy
iy,iy
el,el
kcl,kcl
q,ix
ax,ax
ix,ih
tcl,kcl
sh,sh
aa,aa
en,en
w,w
ix,iy
s,s
gcl,gcl
bcl,bcl
n,n
t,t
ih,eh
k,g
s,s
l,l
ix,ix
z,s
y,y
kcl,tcl
n,bcl
tcl,tcl
k,k
er,er
nx,n
hh,hh
ih,y
dcl,tcl
iy,ih
dcl,dx
s,s
ih,eh
ix,ix
f,th
ae,ay
q,q
m,m
ax,ax
l,l
ax,ax
er,er
l,l
iy,iy
uh,uw
axr,axr
gcl,gcl
eh,eh
hv,pau
m,v
ih,ix
l,l
aa,aa
tcl,tcl
kcl,kcl
r,r
t,k
r,r
r,en
r,r
l,l
ah,ah
l,ow
iy,iy
ix,ax
q,q
l,dh
er,r
iy,iy
f,f
r,r
dx,dx
n,n
ix,ix
f,f
ah,ah
epi,epi
p,f
hh,q
l,l
ao,ao
gcl,gcl
m,n
iy,iy
iy,ix
v,v
ae,eh
s,z
d,tcl
iy,iy
ao,ao
ay,ay
jh,jh
pcl,tcl
axr,er
er,aa
kcl,kcl
ey,ih
kcl,th
z,s
epi,epi
tcl,tcl
l,el
q,q
ow,ow
ih,ih
ae,ae
kcl,kcl
er,er
iy,iy
iy,iy
epi,q
iy,iy
ax,ax
k,k
tcl,pcl
p,p
ah,ao
ay,ay
t,t
r,r
r,r
q,q
l,l
sh,z
s,s
tcl,tcl
dcl,dcl
eh,ih
eh,r
ih,ey
kcl,kcl
ey,ey
ae,eh
r,r
z,z
uw,ux
iy,iy
tcl,kcl
m,m
hh,hh
ix,ah
sh,sh
f,v
bcl,pcl
th,dh
ix,ix
y,y
iy,iy
ix,ih
kcl,tcl
s,s
kcl,kcl
iy,iy
l,l
ow,ow
s,s
w,w
q,q
ih,ae
w,w
z,z
k,kcl
iy,iy
z,th
axr,er
dcl,tcl
dcl,dcl
bcl,bcl
ay,ay
n,en
y,y
iy,iy
iy,ih
aa,aa
v,v
dcl,gcl
q,w
z,z
g,g
n,m
ix,ix
q,q
f,f
gcl,gcl
aa,ao
ih,ix
r,r
tcl,tcl
epi,t
eh,ix
kcl,kcl
s,s
ih,eh
em,m
ix,ih
n,ng
iy,iy
y,y
ax,ix
s,s
m,n
dx,dx
q,q
t,k
ix,ix
z,z
s,s
ix,ix
ix,ix
ey,ae
ey,ey
k,k
s,s
ow,ah
m,m
ux,uw
l,w
m,n
l,l
ih,ih
gcl,n
s,jh
iy,ey
eh,eh
eh,ih
f,f
ah,ah
ih,ih
gcl,gcl
axr,axr
eh,ah
dh,dh
w,w
ae,ae
pau,pau
l,w
tcl,tcl
epi,epi
n,n
w,w
ow,ow
t,t
ih,ih
pau,tcl
m,m
axr,er
n,q
s,s
axr,axr
ah,ah
z,z
kcl,kcl
s,s
k,k
dcl,dcl
g,k
kcl,kcl
tcl,tcl
aa,aa
g,jh
m,m
ax,ax
dcl,dcl
l,l
ux,ux
m,n
oy,oy
ix,iy
tcl,dcl
er,er
iy,ix
ix,ux
ae,ae
kcl,pcl
iy,iy
m,m
bcl,gcl
axr,r
n,m
axr,axr
tcl,tcl
ae,ae
s,s
kcl,kcl
axr,axr
m,n
v,v
gcl,gcl
l,l
uh,ux
s,z
l,l
ah,ah
dh,m
r,r
uh,axr
eh,eh
d,jh
n,n
ux,uw
w,w
er,er
uh,ax
w,w
dx,dx
t,t
z,z
ae,ae
l,l
n,n
ih,ih
s,s
iy,ih
gcl,gcl
ao,ao
r,ih
pau,pau
dcl,dcl
axr,er
s,s
z,z
tcl,tcl
n,nx
ih,axr
ux,ux
ih,er
sh,sh
d,d
k,k
f,f
ae,ae
k,k
k,k
er,er
uh,uw
iy,iy
ay,aa
gcl,gcl
ix,ix
t,v
ay,aa
nx,nx
kcl,kcl
aa,aa
pcl,tcl
tcl,kcl
iy,iy
s,s
sh,sh
tcl,pcl
bcl,bcl
t,t
d,t
ey,ey
er,axr
r,r
jh,sh
ao,ao
dcl,dcl
ux,ux
sh,sh
tcl,kcl
iy,uw
w,n
eh,ae
ux,ux
sh,s
k,k
t,t
s,s
l,l
gcl,dcl
ae,ae
er,er
ix,ih
ay,ay
ng,n
dcl,dcl
ix,ih
aa,aa
g,g
gcl,kcl
uh,uh
nx,nx
ah,ah
er,er
t,t
ch,ch
ao,ao
ix,ih
sh,sh
aa,aa
eh,r
iy,iy
ae,ae
tcl,en
hh,hh
r,r
m,m
pcl,tcl
z,z
ey,ey
ay,ay
s,s
ae,ax
l,l
aa,ao
f,f
ay,aa
m,m
n,n
tcl,gcl
dcl,dcl
gcl,dcl
r,r
n,tcl
ae,ae
hv,hv
ae,ae
y,y
ah,aa
nx,w
jh,jh
v,v
ix,ix
sh,sh
er,er
s,s
ao,ao
k,k
n,n
n,n
f,f
iy,iy
tcl,tcl
ax,nx
iy,iy
iy,iy
bcl,bcl
ax,ax
r,r
epi,k
dx,dcl
s,s
ae,ay
r,n
s,s
ix,ax
n,n
s,s
n,n
m,ih
n,n
d,jh
bcl,bcl
s,s
dh,dh
eh,ih
t,s
pcl,ng
s,s
ih,ih
axr,er
zh,sh
ow,ow
iy,iy
ix,ih
eh,ax
k,k
kcl,kcl
k,k
er,er
g,k
dx,dh
ae,ae
ax,ax
w,w
ae,ae
z,z
s,s
l,l
iy,iy
kcl,kcl
ah,ah
k,k
t,t
k,n
s,s
g,g
l,l
el,l
kcl,kcl
r,r
ax-h,dx
kcl,kcl
kcl,kcl
tcl,tcl
er,er
iy,iy
n,n
k,k
l,l
ae,ae
dcl,dcl
axr,axr
tcl,tcl
q,q
t,t
kcl,kcl
y,ih
epi,epi
z,s
iy,iy
ax,q
ao,aa
bcl,bcl
m,nx
iy,iy
ax,eh
ey,ey
n,n
s,s
ux,ux
s,s
ix,ix
tcl,dh
m,l
m,m
l,n
aa,q
n,m
ih,ih
th,f
ow,ow
kcl,kcl
r,r
er,axr
er,r
r,r
aa,ao
l,l
t,t
n,n
dcl,bcl
t,t
ax,eh
epi,kcl
iy,iy
dh,dh
er,er
tcl,dcl
ng,ng
l,l
z,th
w,w
ix,iy
w,w
n,en
ih,ih
ax,aw
w,w
kcl,kcl
f,th
t,jh
aa,aa
jh,jh
ao,aa
ix,ih
eh,eh
kcl,kcl
aa,aa
tcl,m
m,m
aa,aa
tcl,tcl
iy,iy
ux,ey
aa,oy
l,dh
r,aa
g,k
ih,eh
s,s
er,axr
hh,hh
ao,aa
ih,d
ix,ey
ae,ae
m,m
ng,ng
ng,q
k,k
q,q
ey,ey
kcl,kcl
t,t
tcl,tcl
ay,ay
ax,ix
t,t
aa,ao
dcl,th
s,s
ae,ae
dcl,dcl
ux,ux
y,ih
eh,eh
z,dh
f,f
r,r
eh,ih
ix,eh
ih,ix
iy,ey
ih,ih
ao,ao
ix,ix
eh,ae
gcl,kcl
k,k
hh,p
w,ao
kcl,kcl
eh,eh
dcl,bcl
zh,sh
n,n
aa,aa
hv,hh
l,l
ae,ae
k,k
iy,iy
ao,ow
l,l
l,l
l,w
z,z
p,p
g,g
ix,ix
d,d
kcl,epi
gcl,gcl
er,er
n,n
n,n
w,w
axr,axr
k,k
ux,ux
m,tcl
gcl,gcl
s,sh
ih,ih
eh,ae
dh,d
eh,eh
q,q
tcl,tcl
n,m
k,k
r,r
ey,ih
n,ng
n,f
s,s
sh,jh
jh,jh
k,d
k,k
w,w
dcl,bcl
r,axr
pcl,pcl
ix,w
s,s
m,m
ao,er
er,axr
f,f
ix,ih
f,f
t,p
m,m
r,r
eh,eh
z,s
n,n
ey,ey
en,en
kcl,tcl
ey,ih
ey,ey
dh,dh
ix,ax
ix,ix
ix,ax
r,r
aw,aw
pcl,kcl
gcl,kcl
oy,oy
m,m
eh,ae
ng,ng
r,dx
ah,ax
n,m
q,q
er,er
ao,ao
pcl,epi
m,m
p,p
axr,er
uw,uw
en,uh
dcl,bcl
ay,ae
pau,q
m,m
tcl,tcl
tcl,tcl
sh,sh
ax,d
l,l
m,m
ix,ix
ux,ix
ih,ih
ax,ax
hh,kcl
aa,aa
m,m
t,t
sh,ch
w,w
d,t
ix,ux
kcl,tcl
axr,axr
iy,iy
ah,ah
ix,ix
dcl,tcl
pcl,pcl
tcl,tcl
n,n
eh,q
ae,ae
dh,dh
dx,dx
ow,ow
l,l
f,f
ch,t
ax,ax
ax,q
bcl,bcl
ae,ae
m,m
ux,ux
q,q
tcl,tcl
ax,ax
l,l
ih,eh
tcl,tcl
t,d
ih,uh
er,axr
er,er
r,r
ix,ax
ix,ix
dcl,dcl
s,s
q,q
m,m
pcl,tcl
ae,ae
tcl,kcl
n,n
z,z
l,ix
ix,ax
iy,iy
eh,ae
n,m
ax,ao
s,s
ah,ih
iy,ux
ux,ux
zh,z
ey,ey
s,s
z,z
t,t
er,axr
s,s
ey,ey
z,z
iy,iy
v,v
tcl,tcl
ah,ao
g,g
ow,ow
k,k
w,w
ow,ow
ae,ae
t,t
eh,eh
eh,ix
q,y
q,q
ix,iy
kcl,tcl
pcl,kcl
sh,sh
m,m
jh,jh
ix,ix
epi,kcl
n,m
hv,hv
hv,hv
ix,ix
s,s
aw,aa
k,g
ow,ow
epi,hh
ae,ae
y,ng
ih,ih
r,r
ae,ae
iy,iy
ng,ng
ao,ao
pcl,pcl
ih,eh
ix,q
iy,iy
z,z
w,w
dcl,dcl
iy,iy
eh,eh
er,er
k,k
ih,ix
eh,uh
ax,ax
gcl,gcl
q,q
p,p
ay,ay
uh,ax
epi,epi
dx,dx
n,n
ax,ix
k,k
eh,eh
r,r
sh,sh
iy,iy
dx,dx
sh,sh
ah,ah
tcl,kcl
ah,ae
z,z
ax,ax
tcl,tcl
tcl,tcl
eh,ih
m,q
n,n
t,t
sh,sh
l,q
ay,ay
eh,eh
r,r
jh,s
tcl,dcl
r,r
tcl,tcl
ax,q
l,ng
th,dh
tcl,kcl
ix,w
eh,r
kcl,kcl
bcl,bcl
aa,aa
dx,dx
ux,y
y,ih
ax,eh
ux,ux
l,l
r,r
l,l
m,m
t,t
k,g
ix,r
aa,aa
pcl,pcl
ax,ax
dx,dx
s,s
tcl,dx
q,q
ae,ae
f,f
q,q
ix,ix
n,n
t,t
eh,eh
y,y
el,w
ix,ih
jh,jh
r,r
sh,sh
r,axr
axr,r
z,s
y,y
ih,ih
ix,dh
dh,v
eh,ae
ow,ah
p,p
m,m
iy,ix
ax,ix
ix,ix
dx,dx
ix,q
q,axr
p,epi
hh,q
t,t
epi,epi
er,er
ih,ix
s,s
ao,ao
aa,eh
pau,kcl
ix,ix
r,r
k,k
eh,eh
ey,ey
gcl,gcl
sh,sh
ay,ay
ey,ey
ae,ae
n,n
dh,dh
aa,aa
q,q
v,n
dcl,dcl
ey,ey
axr,axr
pcl,kcl
ae,ae
ae,ae
tcl,tcl
ih,eh
w,w
w,w
iy,ey
iy,iy
z,z
q,p
bcl,bcl
ih,y
sh,sh
ah,ah
dx,dx
pcl,kcl
k,k
ow,el
ax,ax
pcl,pcl
pau,pau
m,m
pcl,pcl
iy,iy
n,n
d,d
m,y
kcl,tcl
iy,iy
kcl,pcl
eh,eh
s,s
ao,ao
aa,aa
pcl,pcl
k,k
w,w
ix,ix
n,n
ng,ng
pcl,pcl
axr,axr
f,f
iy,iy
n,dh
iy,ih
pcl,tcl
r,axr
m,m
iy,iy
q,q
epi,epi
w,w
ow,ow
tcl,tcl
l,l
zh,sh
ih,ax
p,p
ax,q
axr,ih
ao,ao
aa,aw
r,r
iy,iy
bcl,tcl
r,r
aa,aa
ih,ih
axr,axr
s,s
w,l
ix,ax
dh,th
iy,iy
iy,iy
iy,iy
axr,axr
l,l
iy,iy
ih,ih
hv,hv
ih,ih
ix,ix
sh,sh
l,l
l,l
ae,ay
w,w
iy,iy
l,l
m,l
dcl,dcl
ix,ih
f,th
ow,aw
s,s
ih,n
d,t
y,y
f,f
t,t
t,t
k,p
aa,aa
oy,oy
ao,ao
l,l
v,v
n,n
r,axr
k,k
tcl,m
t,t
k,k
uw,ux
w,w
iy,iy
iy,ih
s,s
eh,eh
m,em
r,axr
ih,ih
dcl,gcl
th,th
t,t
bcl,bcl
ow,ow
ax,ax
ow,ow
eh,ix
ow,ow
l,l
kcl,tcl
s,s
ey,ey
dx,dx
aa,aa
ay,aa
n,n
r,r
p,p
n,n
s,s
r,l
s,s
ix,ih
ah,ah
r,r
tcl,tcl
s,s
ux,ih
eh,eh
s,s
ow,ow
uh,ax
eh,eh
r,ax
n,n
eh,eh
iy,ih
