true_label,predicted_label
r,axr
m,n
tcl,tcl
tcl,tcl
hv,iy
ng,ng
l,l
ae,ae
f,f
er,axr
dcl,dcl
l,ax
uw,n
eh,ix
n,n
w,w
s,s
d,d
ix,ix
er,r
uh,w
dh,tcl
p,k
r,r
sh,sh
w,w
d,tcl
sh,sh
m,n
oy,oy
ix,ix
w,w
z,z
ah,eh
l,l
r,w
kcl,tcl
dh,l
dx,dcl
tcl,tcl
r,r
ix,ix
ow,l
pcl,dcl
r,r
gcl,dcl
z,s
s,s
s,s
n,n
oy,ao
ih,ix
ng,gcl
eh,ih
m,m
m,m
iy,iy
axr,ax
w,w
tcl,tcl
ae,ae
eh,ih
pcl,dcl
ix,ih
r,ax
w,w
z,z
d,jh
ih,axr
g,k
ae,ae
k,q
w,w
ax,ax
r,y
k,k
ae,ae
n,ax
ae,ae
ao,ao
zh,zh
l,l
w,ax
iy,iy
eh,eh
m,n
iy,ix
er,axr
axr,axr
g,k
dh,t
ih,ih
s,s
q,q
ao,ao
r,ix
ah,ax
n,ng
gcl,tcl
ey,iy
ix,ix
ih,ix
n,n
eh,ah
gcl,dcl
aa,aa
dcl,tcl
tcl,tcl
ax,ax
n,n
ux,r
n,n
iy,ih
aa,aa
r,r
dcl,n
v,k
l,l
t,tcl
q,q
v,r
iy,iy
ih,eh
ah,ah
axr,aa
ih,ih
sh,sh
l,l
z,z
d,tcl
iy,iy
kcl,dcl
k,k
q,q
bcl,dcl
ey,ey
sh,sh
r,r
ae,ae
eh,eh
l,n
g,kcl
aa,aa
k,k
ix,ix
ix,eh
z,dh
l,l
ix,ah
axr,r
r,w
r,r
k,k
l,l
r,r
ow,q
m,n
kcl,tcl
ix,ix
tcl,tcl
hv,y
iy,r
l,l
tcl,tcl
aa,ao
ow,ow
r,q
ao,ao
k,k
ax,ax
t,t
ow,ow
z,s
n,n
kcl,tcl
sh,sh
iy,ey
bcl,dcl
ix,ix
tcl,tcl
n,n
f,hh
q,l
tcl,tcl
n,n
pcl,pcl
el,ax
bcl,dcl
q,q
hh,hh
d,k
axr,axr
ah,eh
t,k
k,k
ih,iy
ey,ey
s,s
y,ix
oy,oy
ao,aa
tcl,tcl
ay,r
q,q
iy,iy
m,ng
s,s
ih,ix
z,z
g,g
dh,t
z,z
em,n
ey,ey
ih,eh
ih,ix
ae,ae
g,v
n,n
dcl,dx
ix,ix
eh,eh
eh,ih
ih,ih
ix,q
n,dx
iy,ae
n,n
iy,iy
er,axr
z,z
eh,eh
ah,el
y,ih
oy,ao
q,q
s,s
f,f
r,r
dcl,dcl
ih,r
axr,ih
eh,eh
eh,eh
s,s
q,ix
tcl,tcl
n,n
ix,ux
s,s
sh,sh
ah,eh
iy,ih
k,kcl
ih,iy
nx,ix
r,axr
ix,ix
w,l
kcl,tcl
sh,sh
ao,aw
aa,aa
w,n
kcl,tcl
iy,iy
dcl,tcl
iy,iy
ey,ey
n,dcl
kcl,tcl
ng,ng
gcl,n
tcl,dcl
ao,aa
ey,ey
ow,aa
n,dcl
p,p
ix,ix
axr,er
t,t
dcl,dcl
ih,ix
k,k
k,t
n,n
s,sh
v,dx
kcl,tcl
r,r
iy,iy
eh,eh
sh,t
t,t
ix,ix
pcl,tcl
eh,aa
t,t
r,ix
ao,ao
s,s
y,y
kcl,pcl
l,l
ay,ae
ao,ao
r,r
n,ix
iy,iy
ah,ae
l,l
s,s
ay,ay
q,q
gcl,dcl
eh,eh
ae,ae
iy,iy
n,n
ao,ao
ah,ao
ax,l
t,t
ih,iy
aa,aa
dcl,dcl
r,n
n,dcl
ao,ao
ae,ay
l,l
t,t
r,ix
l,l
ao,aa
ix,ix
m,m
s,s
ay,ey
el,l
ix,r
aa,q
g,k
iy,iy
w,w
v,n
ih,ih
l,l
n,n
ey,ey
axr,axr
r,r
k,jh
l,w
ae,ae
ay,ae
dcl,dcl
pcl,tcl
bcl,tcl
ay,ay
pcl,tcl
ae,ae
pcl,dcl
z,s
tcl,tcl
s,s
ch,ch
ih,axr
ax,l
eh,ih
y,y
ay,ay
iy,iy
ix,ix
q,q
aa,aa
tcl,tcl
r,r
r,aa
q,q
d,k
ax,ax
ae,ae
ih,ix
r,r
kcl,pcl
iy,ix
r,m
eh,eh
ah,eh
dx,ix
th,f
ay,oy
ix,dh
pcl,tcl
tcl,ng
ao,ao
ay,ay
axr,ix
tcl,tcl
n,n
ix,eh
aw,aa
aa,aa
ah,eh
f,f
ay,ey
kcl,tcl
ae,ae
n,dcl
l,ix
ih,ih
m,ng
hh,hh
kcl,kcl
dx,q
m,n
tcl,dcl
ah,ax
pcl,kcl
axr,axr
eh,ix
iy,iy
v,dh
ay,eh
ae,ae
r,axr
ao,w
ix,ix
p,kcl
l,l
n,n
k,k
p,f
ah,eh
w,w
z,z
r,r
ax,ix
sh,sh
s,s
tcl,tcl
dx,dx
kcl,tcl
tcl,tcl
s,s
nx,dx
ix,ax
eh,eh
s,s
n,gcl
y,y
aa,aa
ax,l
ix,ix
n,n
pcl,tcl
n,ix
ah,ae
sh,sh
q,q
ow,ow
r,ax
ih,ih
t,t
z,f
axr,ao
ay,ay
l,l
eh,ih
dcl,tcl
ey,ih
r,ao
eh,r
t,t
k,k
l,l
l,l
k,k
pcl,bcl
ao,ao
tcl,tcl
ih,iy
iy,iy
w,w
pcl,tcl
s,s
g,g
d,dh
er,axr
nx,dh
kcl,tcl
ax,ix
ae,ae
axr,axr
ax,ax
kcl,pcl
dh,hh
g,d
q,q
q,dx
kcl,tcl
l,l
eh,eh
ow,ao
k,k
w,w
el,l
l,l
kcl,tcl
kcl,tcl
er,axr
n,n
s,s
ix,ix
pcl,tcl
v,v
r,r
ix,ix
ae,ey
dh,n
ix,ix
kcl,tcl
ae,ae
ix,ix
ix,ix
l,l
r,ix
r,r
ax,q
s,z
tcl,tcl
ih,ih
ow,ao
aa,aa
n,n
jh,t
ix,ix
n,n
ax,ax
ow,ow
z,s
ax,ix
ix,ix
tcl,tcl
n,n
axr,axr
iy,ix
z,z
m,n
w,w
n,n
n,n
ah,ah
uh,ih
th,s
s,s
dh,dh
kcl,kcl
aa,aa
f,f
ih,r
l,l
n,m
t,t
ix,r
n,n
z,z
kcl,n
ae,ae
n,dcl
er,er
t,tcl
m,n
uw,uw
l,l
iy,iy
q,tcl
ah,l
w,w
kcl,kcl
ah,eh
m,m
z,z
iy,iy
ng,ng
n,n
ih,ih
ae,eh
ax,l
dcl,tcl
dx,ix
ah,ah
y,dx
kcl,dcl
l,l
l,l
ix,eh
p,k
ix,ix
jh,ch
axr,ih
v,v
dx,n
n,n
s,s
z,z
ao,ao
p,hh
ux,ux
er,er
l,w
n,dcl
f,f
sh,sh
l,w
t,k
pcl,tcl
pcl,pcl
y,ix
g,kcl
pcl,pcl
z,sh
s,s
q,tcl
iy,iy
jh,k
q,q
n,n
dh,dcl
dh,tcl
f,f
axr,r
g,hh
n,n
kcl,tcl
ay,aa
l,ax
iy,iy
k,k
dcl,dcl
sh,sh
tcl,kcl
f,f
kcl,kcl
iy,iy
ix,ax
r,r
p,p
axr,ax
f,f
tcl,tcl
m,m
uh,w
dcl,tcl
n,n
sh,sh
ix,ax
ey,ey
t,t
uw,ix
n,n
dcl,tcl
z,s
ax,ax
ae,ae
k,k
tcl,dcl
m,m
s,s
f,f
iy,iy
gcl,dcl
z,z
n,n
ah,ah
r,axr
ay,ae
tcl,kcl
sh,sh
th,z
n,ix
t,t
ih,ix
sh,sh
n,n
axr,r
ih,ax
iy,iy
q,q
ax,ix
ay,ay
aa,ae
g,k
f,f
z,z
ay,ix
w,w
t,t
w,w
s,s
n,n
ow,l
ix,axr
ah,ah
pcl,tcl
ux,ux
dx,q
v,v
ih,ix
ae,ae
ax,ax
v,dcl
w,l
dh,l
sh,sh
q,y
kcl,kcl
ae,ae
z,z
m,n
tcl,tcl
ix,axr
ey,ey
m,n
y,y
ao,ao
nx,n
s,z
aa,ao
m,n
tcl,dcl
w,w
ow,el
m,ng
pcl,tcl
l,l
ih,iy
en,uw
kcl,dcl
m,n
d,t
sh,sh
q,q
ae,ae
iy,iy
tcl,tcl
n,ng
s,s
dh,f
r,r
ae,ae
pcl,tcl
r,r
ch,jh
kcl,tcl
dx,dcl
k,k
ix,ix
b,dh
r,r
z,s
r,r
oy,ao
l,n
uh,ah
q,ix
dh,m
d,tcl
ah,ae
ix,ix
ae,ae
ao,aw
aa,aa
eh,eh
eh,ae
k,k
dx,q
ow,ah
sh,sh
l,l
ae,eh
r,r
kcl,tcl
m,n
bcl,tcl
g,dx
gcl,tcl
k,k
w,w
eh,eh
gcl,tcl
t,t
f,f
r,r
y,n
f,f
ix,ix
ix,ix
m,m
ax,ah
s,s
iy,ih
k,ch
s,s
q,q
n,n
tcl,tcl
l,l
m,pcl
iy,ix
ae,ae
er,axr
pcl,tcl
tcl,tcl
dh,dh
t,t
s,s
f,f
jh,sh
ax,ax
ah,ah
y,y
hh,p
n,n
ih,axr
l,w
w,w
ay,ay
r,r
kcl,tcl
ih,eh
gcl,gcl
ey,ix
w,w
axr,er
ux,ux
r,r
l,l
l,l
ng,n
hv,aa
pcl,tcl
t,t
axr,axr
z,z
ay,ae
ao,ao
zh,sh
ay,ay
ih,eh
sh,sh
sh,sh
tcl,tcl
dh,dh
ay,ay
er,eh
s,s
eh,ah
ao,ao
z,ch
ow,ow
n,n
n,n
kcl,dh
hv,hv
n,n
r,axr
eh,eh
kcl,tcl
k,k
ix,ix
t,n
er,axr
ax,r
s,s
dh,n
r,r
uw,uw
dcl,dcl
iy,iy
n,n
iy,iy
s,s
axr,er
hh,t
p,q
zh,z
q,dh
q,q
er,er
n,n
ix,ix
uw,uw
ix,ix
ih,ey
r,r
ix,ix
ow,ow
s,s
gcl,dx
ix,eh
eh,eh
t,t
ih,ey
hv,hv
kcl,tcl
m,m
eh,axr
n,n
er,axr
aa,aa
aa,aa
ax,ix
ih,axr
kcl,tcl
ih,ix
n,n
w,w
iy,iy
kcl,tcl
q,q
axr,axr
pcl,pcl
ey,ey
m,n
dx,dh
l,l
q,q
ix,ix
ih,r
ih,ih
w,w
uh,ih
pcl,tcl
r,ix
ae,eh
dcl,dcl
ih,ix
tcl,tcl
ay,ey
t,t
ix,ix
er,ao
r,r
ow,ow
tcl,tcl
r,r
kcl,tcl
ix,ix
tcl,n
t,t
r,r
f,f
f,p
l,l
ae,ae
ay,ay
ih,ux
w,w
n,n
iy,iy
w,w
y,y
t,f
ah,ah
l,w
n,n
ih,ix
axr,axr
ow,ow
tcl,tcl
aa,aa
l,l
el,l
s,s
ix,ax
ow,ow
sh,sh
ix,ix
r,r
q,q
kcl,kcl
ix,r
ix,ix
s,s
t,t
q,q
n,n
bcl,tcl
ix,ix
uh,ix
ix,hv
eh,eh
r,axr
n,n
iy,iy
ix,ix
s,z
ao,ao
s,s
l,ix
s,s
oy,l
eh,ae
iy,iy
bcl,bcl
iy,ix
ix,q
kcl,tcl
m,m
iy,iy
n,dcl
ax,ax
ix,iy
r,r
g,g
tcl,tcl
z,z
ow,ow
s,z
pcl,tcl
iy,ix
r,r
dh,n
g,k
eh,ah
m,n
axr,axr
d,d
n,ix
el,ow
k,k
t,k
m,m
r,ah
n,dcl
m,n
ix,ix
ix,ix
eh,ah
dcl,dcl
aw,ay
ih,ih
dh,dh
y,jh
l,l
uw,uw
m,m
s,s
w,w
n,n
w,l
sh,sh
ix,ix
ax,ix
ix,ix
sh,sh
iy,ey
ix,ix
kcl,tcl
ix,eh
ao,w
pcl,tcl
ch,ch
ah,eh
iy,ix
w,w
m,m
s,f
s,s
m,ng
q,q
ih,ng
k,k
ax,ax
dcl,tcl
l,l
z,z
r,r
aa,ao
f,f
w,w
kcl,tcl
ng,n
axr,ix
n,n
ae,ae
q,q
axr,r
iy,ix
kcl,k
axr,axr
iy,iy
v,n
ao,ao
w,w
t,t
axr,axr
axr,ax
n,ix
v,v
bcl,v
ax,ax
hv,hv
eh,ae
ih,ix
eh,ae
q,q
z,s
tcl,tcl
m,bcl
iy,iy
ix,n
eh,eh
dh,dh
gcl,tcl
tcl,tcl
s,s
l,el
l,l
tcl,tcl
s,s
eh,eh
ix,ih
t,dx
jh,jh
gcl,n
r,r
ae,ey
kcl,tcl
k,k
iy,iy
v,w
n,v
ey,ey
l,ax
y,ix
m,m
er,aa
aa,aa
tcl,tcl
m,n
ao,ao
pcl,tcl
ao,w
ao,aa
ih,ix
y,y
ow,ow
tcl,dcl
er,er
ax,l
uh,ax
t,t
kcl,tcl
l,l
l,l
aa,aa
ae,ae
f,f
t,k
hv,n
ux,ih
tcl,tcl
ih,ih
ix,ix
ax,ix
m,n
eh,eh
en,n
el,el
r,r
dh,dx
s,z
b,dh
gcl,dcl
ix,iy
f,f
sh,sh
t,t
ix,r
nx,r
ay,ae
ix,ih
axr,er
tcl,tcl
sh,ch
t,jh
ae,ae
ih,n
hv,iy
iy,iy
s,s
ih,ix
z,s
eh,ix
n,n
uw,uw
d,dh
eh,eh
eh,axr
iy,iy
kcl,tcl
ih,ey
sh,sh
eh,eh
ih,ih
pcl,kcl
r,r
ix,ix
ay,aa
ao,ao
axr,axr
s,s
pcl,tcl
aa,aa
ax-h,v
ix,ix
aa,aa
z,z
ah,ax
axr,r
aw,ae
r,w
ah,aa
ng,n
ix,ix
n,n
tcl,tcl
ch,ch
n,n
ow,ow
q,q
p,k
ey,iy
dx,dx
s,s
m,m
ih,eh
f,f
ix,ix
hv,y
ix,ix
v,f
n,n
q,q
dh,dh
d,d
k,d
axr,er
k,k
n,n
r,r
q,q
f,f
ix,ix
dh,ix
k,g
y,iy
pcl,dcl
ow,ow
ix,ix
r,r
ix,ix
w,ao
iy,ix
ae,ah
z,s
f,f
iy,iy
dx,tcl
oy,ao
er,axr
f,f
l,iy
s,s
eh,eh
n,dcl
dh,dh
b,dh
kcl,tcl
z,z
b,dh
p,p
dh,dcl
ow,ow
l,w
hv,ix
ax,ax
d,tcl
dcl,dcl
iy,iy
eh,ih
ix,eh
ae,ae
w,w
ih,eh
dcl,kcl
pcl,kcl
jh,jh
ax,ax
axr,ax
dx,dx
ih,el
iy,r
s,s
iy,iy
ih,n
n,n
p,dh
kcl,kcl
iy,ih
ix,ix
f,f
f,f
ih,ey
kcl,v
m,l
ay,aa
r,r
axr,axr
iy,iy
aa,aa
sh,sh
y,ix
ae,ae
dh,dh
n,n
w,m
s,s
iy,ux
ey,ay
ax,r
m,m
y,y
nx,n
bcl,dcl
s,sh
r,r
ix,ix
v,v
ah,ax
q,q
z,z
p,k
ix,ix
g,k
ix,ix
sh,sh
ix,ix
p,k
t,t
v,r
eh,ix
n,n
ux,iy
aa,aa
kcl,k
tcl,tcl
m,n
ah,l
f,f
dcl,tcl
aa,aa
iy,iy
s,s
en,n
aa,oy
iy,iy
ah,ax
kcl,tcl
w,w
el,ao
w,w
z,z
eh,eh
dcl,dcl
s,s
l,ax
ao,ao
s,s
z,sh
bcl,bcl
gcl,bcl
ih,ix
tcl,tcl
aa,r
m,n
n,ng
ih,iy
ax,ax
ih,ux
dcl,dcl
hh,k
bcl,v
kcl,tcl
tcl,tcl
ey,ay
w,w
n,v
q,n
f,f
q,q
ey,ey
y,iy
q,q
ux,ux
pcl,tcl
ix,ix
l,l
dcl,dcl
m,q
ng,ix
p,t
bcl,dcl
r,r
ey,ey
ay,ay
l,w
w,ao
axr,ix
iy,iy
ch,jh
eh,eh
ax,r
w,w
r,r
nx,n
n,n
dcl,dcl
axr,axr
ae,ae
er,axr
jh,jh
iy,iy
axr,axr
axr,axr
tcl,tcl
t,k
ae,ae
n,dcl
f,f
n,ux
r,r
uh,l
l,q
l,l
iy,iy
nx,ix
eh,ih
ae,ae
sh,sh
q,q
n,n
w,dh
oy,oy
bcl,bcl
g,q
bcl,tcl
sh,z
ae,eh
ih,ih
kcl,q
w,w
iy,ix
gcl,bcl
n,ix
ow,ow
gcl,tcl
z,z
eh,eh
s,s
t,t
s,s
aa,aa
pcl,tcl
pcl,tcl
dx,q
ao,ao
t,t
m,m
m,l
ah,aa
aa,aa
kcl,pcl
y,iy
bcl,dcl
iy,iy
ae,ae
el,ao
z,z
r,eh
tcl,tcl
axr,aa
kcl,kcl
n,n
n,ax
ae,ae
q,dx
bcl,dh
aw,aa
eh,eh
n,n
dcl,dcl
v,v
s,t
tcl,kcl
ao,ao
ix,l
iy,iy
r,r
l,ax
iy,iy
k,k
n,n
uw,ow
axr,ih
n,ix
n,n
ng,n
dcl,dcl
ae,ae
aw,aa
n,n
z,s
y,y
z,z
q,q
m,n
ix,ix
n,q
iy,iy
axr,axr
ix,ix
ax,w
tcl,tcl
ow,axr
s,s
sh,sh
sh,sh
sh,sh
s,s
l,y
ae,ae
tcl,dcl
ih,ix
t,t
z,t
ah,aa
t,t
ah,r
tcl,tcl
axr,er
w,w
f,s
s,s
m,m
ao,ao
l,l
tcl,dcl
axr,iy
m,n
sh,sh
ae,ae
m,m
l,l
iy,iy
sh,sh
n,n
ih,eh
eh,eh
l,w
el,el
r,eh
er,er
ix,ix
aw,ae
y,y
ix,ax
n,n
dx,dx
dx,dh
ah,ah
tcl,tcl
tcl,tcl
ax,eh
kcl,kcl
k,k
axr,r
ix,ih
iy,iy
kcl,tcl
ix,ix
k,p
ax,l
m,n
r,r
iy,iy
l,l
z,z
aa,ao
s,s
s,s
jh,jh
hh,q
ix,ih
ix,ih
ax,ix
er,axr
n,ng
dcl,tcl
m,dx
pcl,tcl
n,dcl
z,s
r,r
pcl,pcl
k,tcl
q,axr
ay,aa
n,ix
z,z
uh,ax
s,s
ah,ao
aa,ae
iy,axr
pcl,tcl
bcl,dcl
kcl,kcl
tcl,dcl
ay,ay
hv,hv
er,er
tcl,tcl
s,s
ey,ey
n,m
em,n
t,t
w,w
er,axr
t,t
z,z
r,r
k,t
q,tcl
el,el
kcl,dcl
hv,hv
w,r
k,k
s,s
ix,ix
l,l
sh,s
axr,axr
ao,eh
bcl,dcl
dcl,gcl
ih,iy
f,f
r,r
ux,ix
ax,ix
dcl,dcl
t,tcl
p,p
axr,r
ow,aa
n,n
ix,q
l,ix
t,tcl
kcl,tcl
aa,ao
dx,hv
m,m
axr,eh
ey,ae
p,d
r,r
ey,ey
dcl,dcl
eh,ih
aa,aa
g,k
iy,iy
dcl,dcl
kcl,pcl
ix,ix
m,m
n,n
ae,aa
n,n
dh,dh
t,t
kcl,kcl
ix,ix
ch,jh
ao,ao
kcl,pcl
s,s
n,n
d,y
tcl,tcl
pcl,tcl
iy,ih
th,t
s,s
v,l
pcl,pcl
ih,iy
s,s
s,s
ix,ix
iy,iy
n,ix
ae,ae
ix,ix
kcl,kcl
n,n
bcl,dcl
m,m
l,q
sh,sh
gcl,bcl
eh,ah
ih,ih
axr,axr
ae,eh
eh,eh
k,t
f,f
kcl,tcl
s,z
ix,ix
dh,dh
aa,aa
z,z
axr,axr
pcl,pcl
ix,ix
th,th
p,dh
ae,er
r,axr
l,ao
ey,ih
m,n
eh,ow
d,t
t,s
aa,ao
ix,q
bcl,bcl
r,r
l,l
tcl,tcl
r,r
eh,eh
ix,ix
ey,ey
q,q
iy,iy
dh,dh
k,kcl
s,s
iy,ix
aw,ae
gcl,n
n,ix
tcl,dh
q,q
q,q
m,n
th,f
f,f
l,el
hh,hh
z,s
el,el
eh,eh
ih,ix
dh,v
y,y
aa,aa
m,dcl
bcl,n
th,k
ih,ix
ey,ow
r,r
bcl,n
l,ax
tcl,ax
ix,ix
q,q
axr,ax
dh,dh
ix,eh
q,q
ux,ae
pcl,tcl
k,k
p,p
uh,ao
hv,hv
q,q
dh,dh
dx,r
l,l
bcl,dcl
z,z
v,v
q,q
l,l
eh,eh
aw,ae
r,w
s,sh
hh,hv
ae,eh
pcl,tcl
aa,aa
p,tcl
tcl,tcl
l,ah
s,s
s,sh
n,m
dh,dh
ix,n
b,tcl
s,s
w,w
nx,dx
axr,axr
tcl,tcl
ux,ux
n,n
z,z
ax,l
v,n
hh,hv
ao,ow
ey,ey
k,k
gcl,dcl
l,l
iy,ix
s,s
z,s
r,r
axr,ix
n,l
s,s
kcl,kcl
axr,axr
dh,tcl
ch,ch
s,s
uh,ow
v,n
ix,ix
q,iy
dcl,tcl
iy,iy
kcl,kcl
t,tcl
ih,hv
dx,g
iy,iy
d,jh
k,tcl
m,n
axr,axr
n,n
p,dh
kcl,tcl
m,m
k,k
z,z
axr,iy
dh,dh
tcl,tcl
f,f
el,el
l,q
t,t
ih,ix
eh,eh
ae,eh
sh,sh
ah,eh
ix,ix
aa,aa
hh,p
ax,ax
sh,s
k,t
kcl,kcl
iy,iy
sh,sh
s,s
l,ow
er,axr
r,iy
q,q
ix,ih
ax,ax
gcl,tcl
q,ix
axr,axr
f,f
ow,ow
dh,z
z,z
ao,ao
axr,er
iy,ih
bcl,dcl
d,tcl
kcl,kcl
dx,dx
iy,iy
ow,ao
s,z
ao,ao
w,w
iy,iy
aw,ae
ao,ao
n,dcl
dcl,tcl
n,ng
g,k
p,p
ih,ix
p,q
ih,axr
s,s
iy,iy
dcl,tcl
r,eh
y,y
ae,ae
s,s
q,q
ix,ix
bcl,dcl
ow,ow
er,er
z,z
s,s
n,n
dcl,dcl
z,z
n,n
iy,q
k,t
ae,ae
ih,ih
f,f
t,k
ax,ax
aa,aa
s,sh
ix,ix
q,q
ax-h,k
dcl,tcl
d,k
l,l
gcl,tcl
n,n
t,t
s,s
aa,aw
iy,ey
ao,aa
s,s
t,t
z,s
aa,r
ih,iy
jh,ch
z,s
kcl,tcl
axr,axr
kcl,tcl
bcl,dcl
aa,ao
ow,ao
ng,n
ow,ow
tcl,tcl
ae,ae
kcl,tcl
gcl,dcl
n,n
gcl,gcl
pcl,tcl
f,f
ux,ax
iy,ix
pcl,tcl
r,m
r,r
f,f
n,ix
w,w
iy,iy
hv,y
iy,iy
r,r
gcl,ix
ux,ux
ae,ae
dcl,dcl
k,dh
aa,aa
el,l
ih,ih
ix,q
ao,ah
uh,l
ey,ae
eh,eh
aa,aa
ax,ix
l,l
ax,ih
r,axr
r,axr
s,s
kcl,tcl
sh,ch
kcl,tcl
ch,ch
ae,ae
er,ng
l,l
n,ax
tcl,tcl
n,n
s,sh
s,s
g,k
el,l
k,k
pcl,dcl
uh,axr
ix,iy
k,k
iy,ey
hh,hh
ax,ax
ux,ix
v,v
ae,eh
iy,iy
bcl,dcl
ey,ih
axr,r
th,f
ow,ow
ae,ae
aa,aa
p,dh
iy,iy
s,s
s,s
ih,ax
ix,ix
z,s
ih,ax
tcl,tcl
ae,ae
n,n
k,k
dcl,tcl
eh,aa
uh,l
bcl,n
hh,v
ux,ux
ux,ux
z,z
m,m
q,ax
eh,ax
ao,ow
ae,ae
dcl,n
axr,eh
ix,ix
ow,ow
k,tcl
ae,ay
kcl,tcl
p,q
tcl,dcl
iy,iy
ae,ae
b,tcl
iy,iy
k,k
t,t
v,v
s,s
ax,ax
r,axr
r,r
t,jh
dx,dx
g,k
p,p
axr,axr
t,t
bcl,tcl
ae,ay
p,p
gcl,tcl
dcl,dcl
ih,eh
en,ng
sh,sh
ao,ao
tcl,tcl
d,d
p,dh
m,dcl
z,z
pcl,tcl
ay,ow
sh,sh
axr,ih
iy,ix
aa,ao
ae,ae
l,l
m,tcl
er,er
v,l
l,n
ax,ah
z,z
eh,eh
aw,aa
z,z
sh,sh
ao,w
m,n
ix,ix
m,dh
l,q
ow,ow
kcl,kcl
s,s
z,s
eh,eh
s,s
iy,ux
ey,ey
ah,ax
ay,ay
q,q
ey,ix
ae,ae
gcl,dcl
iy,iy
m,m
eh,ih
g,q
axr,axr
ix,ix
r,r
ih,ax
kcl,tcl
hv,ix
ah,ah
s,s
ah,ah
k,t
n,ix
eh,eh
k,k
ix,ix
d,k
dx,dx
aa,aa
s,s
k,k
ae,ae
aa,aa
axr,ix
ih,iy
dcl,dcl
ay,eh
ae,eh
tcl,tcl
dcl,dcl
dcl,tcl
aa,aa
aa,aa
kcl,tcl
ih,ih
ax,ix
r,r
ax,ax
ih,ih
iy,ey
l,l
ay,ae
kcl,tcl
m,m
z,z
iy,ih
hv,hv
ay,ay
ay,ay
dcl,tcl
ix,r
tcl,q
p,p
oy,ao
k,k
l,r
ux,ux
dh,tcl
l,w
p,k
ah,eh
n,n
f,f
l,ow
pcl,tcl
aa,aa
kcl,kcl
t,z
hh,hv
ih,ih
l,v
f,z
ah,aa
kcl,kcl
d,dx
bcl,dcl
pcl,dcl
sh,f
s,s
m,n
v,ix
nx,dx
oy,er
ah,ah
sh,sh
k,jh
sh,sh
ax,q
ih,ix
n,n
q,q
p,k
axr,ah
ae,aa
tcl,tcl
l,ao
ah,ae
ay,ah
el,el
eh,ix
iy,ix
dh,v
dx,dx
bcl,bcl
dcl,tcl
gcl,dcl
tcl,tcl
n,n
r,r
r,er
ux,iy
eh,ih
m,m
ao,q
g,k
dh,ix
uh,ow
l,ax
bcl,bcl
l,l
dcl,dcl
n,n
n,n
y,y
l,ax
ux,iy
jh,jh
aw,ow
oy,ow
l,ax
ae,ae
r,ix
s,s
axr,ux
d,t
ey,iy
g,k
r,eh
s,s
v,f
dcl,dcl
tcl,tcl
ow,ow
aa,aa
gcl,dcl
y,iy
k,k
hv,y
ey,ae
ix,ix
r,r
eh,eh
n,n
dcl,dcl
axr,axr
d,tcl
q,q
n,q
er,r
dcl,tcl
aa,ao
ae,ng
tcl,dcl
ix,ix
ix,ix
n,dx
hv,hv
q,q
ix,ix
r,ix
ey,eh
l,l
eh,ix
tcl,tcl
ax,w
d,t
t,t
w,w
ae,ae
g,k
dcl,dcl
ix,ix
kcl,tcl
kcl,tcl
dcl,n
ao,ao
aa,eh
ih,ih
t,tcl
hv,hv
ax,ax
l,ix
axr,r
n,ux
s,s
s,s
dh,q
kcl,tcl
eh,eh
s,s
tcl,tcl
ah,eh
l,l
k,k
iy,iy
ix,ix
w,w
uh,l
iy,iy
sh,sh
n,n
s,s
ix,ix
tcl,tcl
ix,ix
ng,ng
q,q
ng,n
ah,ow
ih,ih
ux,ux
ih,eh
eh,ix
n,ax
r,r
ow,ao
er,axr
z,s
bcl,bcl
l,l
iy,iy
dh,dx
ix,ih
axr,ix
axr,er
q,r
gcl,tcl
axr,ih
ih,ix
iy,iy
ix,ix
ih,eh
iy,iy
n,n
m,n
s,sh
r,r
kcl,tcl
bcl,bcl
ae,ae
ih,ax
r,r
dh,v
zh,z
iy,ih
ax,ix
uw,ow
ae,ae
tcl,z
axr,axr
r,r
tcl,tcl
v,v
ix,ix
n,ax
ao,ao
f,f
ch,ch
eh,eh
y,y
bcl,m
y,y
ax,ax
z,z
ix,ix
bcl,dcl
kcl,tcl
t,d
y,y
r,r
tcl,tcl
ux,ix
dh,dcl
kcl,kcl
axr,r
ih,ih
n,ix
kcl,tcl
ix,ix
q,q
ix,y
v,v
ih,l
f,f
ow,ow
ih,iy
iy,iy
ao,ay
eh,ix
r,er
ow,ow
eh,ix
el,el
ux,ih
sh,sh
ae,ae
dcl,tcl
ay,ix
ae,ae
ao,w
l,l
r,r
z,s
gcl,dcl
ow,w
pcl,tcl
iy,iy
aa,aa
kcl,tcl
w,w
w,ix
sh,sh
ax,ix
t,t
ae,ae
g,dh
d,dh
w,w
s,s
ao,aa
pcl,pcl
z,z
ao,aa
r,aa
r,r
l,ax
gcl,dcl
r,r
g,g
sh,sh
eh,eh
axr,ao
eh,ah
r,l
ih,ix
s,ch
m,n
t,t
t,k
p,hh
ix,ix
tcl,tcl
kcl,tcl
kcl,tcl
tcl,tcl
eh,eh
pcl,dcl
s,s
sh,sh
l,l
hh,q
ix,ix
w,w
axr,axr
t,t
v,v
gcl,tcl
ax,l
iy,ix
el,el
iy,iy
ax,ix
aa,aa
f,f
bcl,dcl
ey,ey
ih,ih
eh,ih
l,q
ay,ae
k,t
t,dh
sh,sh
axr,aa
iy,iy
nx,n
tcl,tcl
ix,ix
ae,ae
r,r
s,s
ay,er
q,iy
m,m
ix,ix
r,ix
k,k
ih,eh
ih,ix
dcl,dcl
l,l
kcl,tcl
m,v
t,t
ae,ae
g,dh
el,ow
v,dx
ix,ix
kcl,tcl
ng,m
dcl,dcl
v,tcl
kcl,tcl
aw,ay
r,ah
v,dcl
m,n
pcl,tcl
tcl,dcl
iy,ix
l,l
bcl,dcl
axr,eh
er,r
ix,ix
uh,ux
p,p
m,n
ow,uw
n,n
k,t
q,n
l,l
dx,dcl
aa,aa
m,m
d,t
ah,ah
tcl,q
er,er
tcl,tcl
ng,n
bcl,pcl
tcl,tcl
ae,ae
jh,t
l,q
t,jh
l,l
ey,ey
ch,ch
eh,eh
ax,ax
l,l
l,l
q,q
l,l
ng,ax
s,s
gcl,tcl
m,m
tcl,dx
axr,axr
iy,iy
w,l
ax,ax
hv,hv
n,n
kcl,tcl
dh,q
s,s
ux,iy
n,n
eh,ix
l,l
dh,v
m,n
ih,axr
ah,ah
ah,l
s,s
s,s
iy,axr
hh,k
gcl,tcl
jh,jh
s,s
q,q
z,z
ix,ix
l,l
t,k
r,r
s,s
dcl,dcl
ao,el
kcl,tcl
l,l
s,sh
axr,ax
ow,ow
eh,eh
ey,ey
tcl,tcl
axr,axr
ng,n
axr,axr
eh,eh
pcl,tcl
w,w
ix,ix
r,ao
dh,dh
r,axr
gcl,v
kcl,tcl
iy,iy
ch,ch
dx,dx
r,r
ix,ix
ix,ih
ey,ih
w,q
m,m
tcl,tcl
er,er
ao,ow
s,s
y,l
eh,ah
t,t
t,jh
n,n
f,f
t,dh
en,ix
axr,axr
pcl,tcl
dx,dx
er,aa
d,t
ay,aa
jh,k
t,k
iy,iy
iy,iy
n,n
axr,axr
ix,ix
f,f
tcl,tcl
tcl,tcl
ix,ix
tcl,tcl
z,sh
p,k
ae,ae
n,n
gcl,tcl
m,m
z,z
ah,aa
ux,ux
iy,iy
iy,y
ix,iy
gcl,dcl
p,p
ae,ae
r,ax
tcl,tcl
m,dx
iy,iy
iy,iy
n,n
ix,ix
dcl,dcl
axr,r
dcl,dcl
eh,eh
eh,aa
ay,ae
hh,dh
ao,ao
ae,q
tcl,tcl
ix,iy
bcl,bcl
ng,n
eh,eh
n,n
f,f
y,iy
ax,ax
ao,ao
iy,iy
r,r
tcl,tcl
iy,iy
ng,m
iy,iy
r,r
z,s
gcl,dcl
ih,ih
n,dcl
t,t
kcl,tcl
iy,ix
gcl,dcl
ux,ix
s,s
z,z
dcl,dcl
pcl,tcl
ow,ow
ix,ix
ah,ow
axr,axr
z,z
t,t
r,r
w,w
iy,iy
f,tcl
gcl,dcl
p,kcl
en,m
aa,aa
er,r
ch,ch
r,r
ix,ix
ix,r
l,l
r,r
tcl,tcl
ae,ae
ih,iy
y,iy
aa,aa
ax,ix
iy,iy
bcl,n
y,y
k,t
r,l
ix,ix
s,s
v,v
axr,r
ux,ux
jh,jh
tcl,tcl
aw,ae
hv,hv
n,n
ao,ao
kcl,tcl
l,l
iy,iy
tcl,tcl
ay,aa
m,n
q,q
k,k
l,l
n,n
v,ax
ae,ae
sh,sh
ay,ae
n,dx
sh,s
n,dcl
ow,ah
s,s
s,s
y,y
aw,ax
f,f
k,k
ix,r
ix,ix
ao,ao
ow,l
r,r
ao,ao
l,l
tcl,tcl
n,n
q,k
kcl,tcl
hv,hv
s,z
iy,iy
q,q
p,kcl
s,s
tcl,tcl
aa,aa
ax,ax
ae,ay
gcl,dcl
aa,aa
tcl,tcl
dcl,tcl
n,n
bcl,bcl
r,r
iy,iy
kcl,dcl
iy,iy
axr,eh
er,r
kcl,tcl
l,l
dh,tcl
kcl,tcl
r,r
eh,eh
r,r
k,k
ng,q
n,n
hh,hh
s,sh
ix,ix
s,s
ow,el
z,sh
dcl,dcl
ae,ae
w,w
nx,dx
aa,aa
dcl,dcl
s,s
tcl,tcl
w,w
ih,eh
s,s
ih,ih
ay,ae
n,n
ae,ey
iy,iy
iy,iy
iy,iy
ay,ay
l,l
n,dcl
kcl,tcl
ax,q
kcl,kcl
dcl,dcl
er,er
ax,ax
sh,sh
r,r
t,t
dcl,dcl
ay,ay
ix,ix
er,ih
b,tcl
ao,ah
f,f
ax,q
m,v
q,q
r,r
hh,hh
ao,ao
hh,q
ih,eh
ix,ah
r,eh
n,bcl
q,q
el,l
eh,ix
l,q
iy,iy
ix,ix
dcl,bcl
z,ch
ix,ix
ng,ix
dh,t
eh,ah
eh,ae
ax,ax
f,f
z,z
bcl,bcl
r,r
ae,eh
dcl,tcl
tcl,tcl
f,f
ey,ey
t,t
tcl,tcl
ch,ch
s,s
t,t
m,gcl
ow,ao
m,n
eh,eh
r,r
gcl,dcl
n,n
ng,n
m,n
l,l
el,el
ao,aa
ax,ix
eh,aa
zh,jh
sh,s
tcl,dcl
w,w
f,f
l,l
aa,aa
iy,iy
r,ax
l,l
hh,p
axr,axr
ay,ay
w,w
kcl,dcl
iy,iy
hv,hv
s,s
ae,eh
bcl,dcl
axr,ux
uh,ix
r,r
ih,ae
sh,sh
gcl,dcl
eh,ih
ix,ix
dx,dx
w,l
ax-h,n
eh,er
ih,ih
iy,iy
sh,sh
kcl,tcl
v,z
n,bcl
eh,eh
w,w
q,q
m,n
iy,iy
r,iy
s,s
dh,dh
dcl,dcl
ih,ih
tcl,tcl
l,v
t,t
s,s
dh,dh
r,axr
aa,q
l,el
w,ix
ah,ah
ix,iy
l,l
ix,ix
g,g
g,k
kcl,kcl
dcl,tcl
ix,ix
f,f
ng,n
iy,iy
v,ix
g,dh
l,l
eh,eh
ow,ow
axr,axr
eh,eh
ix,ix
ao,ao
g,p
sh,s
n,n
ix,ix
d,t
axr,axr
m,r
t,t
l,ax
s,s
s,s
ay,ay
gcl,tcl
er,er
ah,eh
ey,eh
s,s
ng,gcl
bcl,dcl
p,k
aa,aa
r,ih
kcl,dcl
tcl,tcl
ih,ix
tcl,tcl
iy,iy
r,r
nx,n
s,s
l,l
ae,oy
y,q
eh,eh
p,g
w,w
s,s
ix,ix
q,q
ax,ax
dh,dx
l,w
ux,iy
l,l
ux,iy
iy,iy
d,dh
ey,ix
hv,hv
s,z
t,t
iy,ix
ux,ux
g,g
ch,ch
n,n
t,t
tcl,tcl
ax,ix
r,r
axr,axr
s,s
sh,sh
er,er
ae,ow
ix,axr
ih,iy
ix,ix
ax,ax
r,ow
n,n
w,w
r,ax
r,r
r,r
ax,ix
b,tcl
w,w
l,uw
ix,ix
iy,iy
iy,ix
m,n
l,l
t,tcl
kcl,kcl
q,q
ih,ix
g,dx
bcl,tcl
en,dcl
kcl,kcl
y,y
r,ix
ih,ax
l,l
tcl,tcl
jh,ch
tcl,tcl
tcl,tcl
kcl,tcl
q,q
n,n
m,v
t,dh
eh,ih
f,f
d,t
q,y
ix,ix
l,l
q,q
z,z
ey,ey
ah,l
kcl,kcl
n,n
tcl,tcl
aa,aa
n,n
k,k
eh,eh
aa,aa
n,dcl
ix,ix
ix,ih
ae,ae
v,l
eh,eh
w,w
aa,ay
k,k
k,q
f,dh
ey,ey
kcl,tcl
ao,aa
g,g
dcl,dcl
pcl,tcl
d,t
ow,ow
p,k
l,l
sh,sh
ey,ey
z,s
axr,axr
k,k
pcl,tcl
n,l
axr,ih
ix,dx
gcl,dcl
ih,ix
s,s
iy,ix
s,s
nx,ix
ih,ih
n,q
g,t
iy,eh
ih,r
l,l
kcl,tcl
s,s
ix,ix
n,n
gcl,dcl
m,ux
dcl,bcl
s,s
ih,ih
v,v
dcl,dcl
iy,iy
w,w
s,z
ng,n
w,w
ao,r
kcl,tcl
m,l
m,axr
w,w
ix,q
en,n
iy,iy
y,ix
v,n
b,dh
iy,iy
ao,ao
ng,n
eh,ix
n,ix
n,n
s,s
pcl,tcl
ux,ih
k,q
w,ix
hh,hh
axr,r
ao,ao
r,r
dh,f
ae,ae
hv,hv
dcl,dcl
ax,ax
n,v
r,w
k,k
ay,ao
w,w
r,axr
aa,aa
tcl,tcl
t,jh
ux,ux
l,w
v,dh
r,eh
s,s
s,s
r,r
ix,ih
l,l
r,r
axr,axr
dcl,dcl
ah,aa
t,t
iy,ey
ix,ih
m,ng
v,v
m,dx
aa,eh
ih,ih
hh,jh
ax,eh
dx,n
r,r
ix,ix
z,z
k,q
dcl,dcl
s,s
bcl,dcl
n,tcl
aa,aa
s,s
n,n
tcl,tcl
pcl,tcl
iy,iy
ix,ix
n,n
tcl,tcl
g,tcl
ix,ih
bcl,dcl
w,q
ae,eh
kcl,kcl
ih,ix
ay,ay
kcl,tcl
iy,ix
dh,dh
ax,ax
m,y
ix,ix
ey,ey
v,ix
ax,ax
d,d
ay,ay
dx,dx
ux,ux
f,f
s,s
r,r
eh,er
z,s
pcl,tcl
tcl,tcl
z,z
ax,l
ax,ax
tcl,tcl
eh,eh
axr,axr
ix,ix
ih,eh
f,f
er,ae
iy,iy
iy,iy
ao,aa
iy,iy
sh,sh
y,y
dh,dh
p,q
ae,ae
ao,ao
q,ix
r,axr
gcl,dcl
k,kcl
iy,iy
n,n
s,s
y,ix
ah,ae
dcl,dcl
ih,ih
ow,ow
aa,aa
r,r
tcl,tcl
t,t
ch,ch
ih,ix
t,sh
hv,iy
s,s
n,m
t,d
hv,l
s,s
iy,y
v,z
l,l
s,s
v,dcl
ow,ow
w,w
s,s
sh,sh
n,dx
pcl,tcl
ay,ay
kcl,kcl
ae,ae
kcl,kcl
ah,l
ix,ix
t,t
z,s
sh,s
axr,axr
iy,iy
s,s
z,z
ey,ey
tcl,tcl
ey,ey
z,z
l,n
ay,aa
m,n
en,n
er,er
dcl,dcl
uh,ax
q,bcl
tcl,tcl
p,dh
iy,iy
s,s
ng,n
jh,jh
s,s
aw,ow
tcl,tcl
s,t
s,s
m,m
p,k
kcl,tcl
tcl,z
eh,eh
ix,ix
s,s
k,t
oy,aa
l,l
s,s
kcl,kcl
z,z
ao,ao
r,r
r,r
ix,ey
dcl,bcl
iy,iy
aa,aa
m,n
iy,iy
ah,ix
w,w
l,l
eh,ix
q,q
m,r
bcl,dcl
iy,iy
dcl,dcl
k,k
iy,iy
ae,ae
ah,ay
hv,l
r,r
el,ow
tcl,tcl
k,k
ux,ux
ax,w
en,en
ao,ao
g,k
tcl,tcl
tcl,tcl
jh,jh
ng,axr
r,r
ix,ix
ey,ih
q,q
kcl,kcl
gcl,q
w,w
l,ix
ay,aw
iy,iy
axr,axr
ix,ix
k,tcl
bcl,kcl
ih,iy
er,axr
ay,ae
l,l
l,l
eh,ix
n,l
s,s
l,l
ae,eh
r,m
ux,ih
oy,oy
ng,n
ey,ey
ao,oy
ix,ix
ih,iy
iy,iy
dh,n
iy,iy
iy,iy
pcl,tcl
n,dcl
ah,ao
iy,iy
m,n
nx,ix
r,w
ay,aa
ih,ix
ey,ey
ey,eh
z,z
kcl,dcl
dh,v
n,n
ae,aa
k,k
z,th
ah,ow
s,s
n,n
ao,uw
s,sh
w,ao
iy,y
kcl,tcl
s,s
r,l
q,q
eh,eh
ix,eh
ao,ow
ax,n
t,t
r,ax
gcl,n
bcl,tcl
eh,eh
z,s
s,s
q,q
ey,ey
ax,ax
q,ax
kcl,tcl
ih,ix
ix,ix
r,r
iy,iy
d,d
th,p
kcl,tcl
r,r
z,s
k,k
ix,ax
aa,ay
pcl,tcl
el,el
r,r
ih,iy
f,dh
n,n
q,q
tcl,tcl
z,s
t,t
axr,l
r,ix
s,s
ao,ao
l,ix
dcl,dcl
gcl,q
r,r
ix,ix
q,q
oy,oy
g,dx
ay,ay
oy,oy
ch,ch
ng,ng
l,l
dh,tcl
ao,aa
ix,ix
ix,ix
tcl,tcl
axr,axr
ix,ih
ay,ae
kcl,gcl
ax,ax
d,q
iy,iy
eh,ah
iy,iy
zh,sh
iy,iy
l,q
aa,aa
dh,dx
ah,eh
hh,hh
eh,eh
iy,iy
gcl,dcl
iy,ey
iy,iy
f,f
ae,eh
s,s
sh,sh
er,r
m,m
ih,er
tcl,tcl
f,s
axr,r
f,f
ih,iy
s,s
ey,ey
ux,ux
th,t
nx,l
dh,ix
uh,ix
r,aa
n,n
z,z
l,l
kcl,pcl
bcl,dcl
r,r
pcl,tcl
iy,ix
ax,l
dx,dx
tcl,tcl
m,n
ax,ax
m,dx
ix,ix
ay,eh
ix,ih
iy,iy
n,ng
r,r
ax,ah
n,dcl
ow,ow
s,s
n,n
ow,eh
iy,ix
iy,ix
dcl,dcl
ix,ix
ax-h,ix
ax,ax
ae,ae
ih,ix
l,l
ao,ao
jh,jh
r,r
kcl,tcl
bcl,dcl
bcl,n
s,s
dcl,dcl
z,z
ng,ix
pcl,tcl
q,l
r,r
ah,ao
gcl,n
t,t
dh,dh
l,n
eh,eh
hv,hv
iy,ix
eh,eh
ae,eh
n,n
kcl,kcl
dcl,dcl
n,n
t,t
ah,aa
axr,er
s,s
ih,iy
ix,ix
t,t
aw,aa
s,s
iy,ey
k,kcl
s,s
d,dh
ay,ay
s,z
iy,ix
q,q
l,ix
p,k
l,l
w,w
r,ix
t,t
kcl,pcl
f,f
ae,ae
hh,tcl
t,jh
ao,ao
ae,ae
aa,r
ih,axr
ih,iy
k,k
aa,aa
iy,ux
iy,ix
iy,ey
q,tcl
aa,aa
l,q
bcl,dcl
r,r
ay,ay
ix,ix
dcl,tcl
l,n
eh,ix
iy,iy
nx,dx
ix,ix
q,w
ix,ix
s,s
dcl,ix
gcl,n
n,n
l,l
s,s
er,er
n,dx
kcl,kcl
ae,ae
v,m
ih,ih
ow,ow
r,eh
ao,aa
q,q
tcl,kcl
aa,aa
f,z
f,f
iy,iy
ng,ng
d,d
d,tcl
kcl,dh
n,n
v,ax
ix,ax
axr,axr
ay,aa
s,s
r,q
p,dh
pcl,kcl
ay,ae
v,v
y,iy
hv,q
ae,eh
iy,ng
l,ax
r,eh
g,k
ih,ih
er,axr
iy,iy
r,iy
n,n
iy,iy
iy,ey
sh,f
ix,ix
ow,eh
q,q
ao,aa
tcl,tcl
aa,aa
iy,iy
axr,r
z,s
axr,ao
kcl,g
dcl,dcl
ax,ah
ay,ae
v,ax
s,s
eh,ae
aa,aa
ax,ix
kcl,tcl
ix,l
ix,ix
ix,ix
ih,r
dh,dh
ah,ix
z,s
hv,v
n,n
el,el
ah,ah
ix,q
kcl,tcl
aa,aa
n,n
t,k
tcl,tcl
ix,ix
ix,ix
q,q
f,f
gcl,ng
ng,n
sh,sh
m,m
ae,eh
dh,tcl
s,s
hv,hv
r,r
f,f
pcl,tcl
kcl,tcl
axr,axr
r,r
f,f
ax,ix
l,l
l,n
s,s
pcl,tcl
ax-h,ax
l,l
hv,ix
tcl,tcl
ao,ao
q,ax
r,r
t,f
l,l
bcl,dcl
s,s
k,k
tcl,tcl
l,l
gcl,dcl
w,w
tcl,tcl
er,aa
z,z
m,n
ax,ax
iy,iy
w,w
tcl,pcl
er,er
q,q
ax,ax
t,t
m,m
dx,ix
aa,aa
l,ax
m,n
ae,ae
dcl,dcl
ix,ix
ix,ix
r,r
ao,aa
axr,axr
ng,n
iy,iy
m,hv
tcl,tcl
m,m
ow,ow
v,v
r,r
m,m
s,s
aa,ow
ah,ah
ix,ix
m,m
iy,iy
w,w
w,w
g,k
iy,iy
r,dx
ae,ae
ix,ix
ay,ay
ix,ix
r,axr
m,bcl
gcl,tcl
oy,ay
ih,iy
eh,ah
ao,ao
axr,eh
kcl,kcl
aa,r
iy,iy
kcl,k
s,s
q,q
r,r
eh,eh
r,r
r,ix
r,r
z,jh
l,ao
r,r
ow,ow
dh,t
iy,iy
g,d
ux,ix
bcl,dcl
hh,p
w,l
eh,ah
hv,hv
kcl,kcl
v,tcl
eh,eh
s,s
s,sh
ao,eh
tcl,dcl
l,l
ao,r
iy,iy
dcl,dcl
f,f
l,ax
eh,ix
ao,ao
ax,ix
ih,ey
gcl,dcl
s,s
dh,l
sh,sh
ao,ao
ng,n
dcl,tcl
ay,ae
kcl,tcl
hv,hv
ix,ix
w,w
ow,aa
bcl,dcl
th,th
ay,ay
ux,iy
q,q
d,tcl
dcl,dcl
el,el
l,er
hh,kcl
ax,r
t,tcl
z,s
dh,n
eh,eh
r,r
w,n
s,s
ux,iy
dcl,dcl
ix,ix
s,s
n,n
f,f
kcl,kcl
v,v
ix,ix
ae,eh
er,axr
s,s
ow,ow
iy,r
dx,dx
p,tcl
ae,eh
r,axr
kcl,kcl
ux,ux
ix,ix
r,r
m,w
ih,ey
kcl,pcl
ix,ix
ix,eh
t,t
s,s
ao,ow
v,f
d,q
tcl,tcl
q,q
ix,ix
l,l
ao,ow
dh,dh
ey,ey
f,f
r,r
em,m
ng,ng
w,w
ax,l
dh,dh
kcl,tcl
ux,ux
iy,iy
v,v
eh,ih
axr,axr
ao,ao
ix,eh
t,k
uw,w
z,z
ih,axr
f,f
en,dcl
ix,ix
s,z
eh,r
n,n
ae,eh
w,w
n,n
ih,ih
iy,ix
ey,ih
f,f
ax,ax
eh,eh
aa,aa
ax-h,q
axr,r
uw,ih
q,q
r,r
q,iy
r,axr
n,n
f,f
s,s
er,er
ah,ah
pcl,tcl
s,s
tcl,tcl
ao,ao
gcl,tcl
axr,ih
dh,ix
tcl,tcl
s,s
ih,ih
s,z
iy,ix
s,s
t,k
s,s
ix,ax
kcl,kcl
n,ix
iy,ux
uw,ih
axr,ix
iy,iy
ix,eh
ae,ae
f,f
n,n
t,k
s,s
g,tcl
dx,g
bcl,n
k,k
iy,ix
ay,ah
l,l
s,s
v,r
ix,ix
iy,iy
t,t
m,dx
s,s
l,ax
q,q
dx,dh
kcl,kcl
tcl,tcl
l,ah
oy,oy
tcl,tcl
dx,dx
n,n
r,r
ix,ix
l,n
iy,ih
s,s
ah,l
sh,sh
sh,sh
v,v
aa,ao
l,el
dx,dx
ix,ax
dcl,dcl
ow,ow
th,f
axr,ix
ix,ix
z,z
eh,ix
uw,ix
l,q
ix,ix
tcl,dcl
q,q
m,n
z,z
er,eh
iy,iy
m,n
eh,eh
tcl,tcl
k,k
ae,ae
m,m
gcl,dcl
tcl,tcl
iy,iy
hh,hh
f,f
p,k
uh,ix
ah,ix
ae,ae
w,w
ow,ow
z,sh
q,q
ae,ae
iy,eh
r,aa
oy,oy
q,q
sh,sh
p,k
dx,dh
ey,ey
sh,sh
iy,iy
ix,ix
kcl,tcl
n,n
t,t
dh,ix
z,z
n,n
t,t
ao,ao
t,t
v,dx
s,s
z,z
n,v
gcl,tcl
w,w
uw,uw
em,ng
ae,eh
ix,iy
pcl,pcl
ng,n
ow,ow
z,sh
s,s
s,s
t,t
k,tcl
aa,aa
ah,eh
q,q
n,ix
aa,aa
th,s
oy,eh
ax,ax
m,w
f,f
l,el
dh,dh
ix,ix
w,w
er,er
l,l
ix,ax
ix,ax
p,p
n,n
ah,aa
ae,ae
m,n
ah,ah
ih,ax
n,w
bcl,bcl
m,ng
ao,w
axr,axr
bcl,tcl
axr,r
l,l
bcl,tcl
ix,ix
ih,ah
axr,r
ix,uw
dh,dh
ax,l
v,v
iy,iy
k,k
dh,dh
s,s
f,f
z,jh
r,r
ax,ax
m,v
ih,n
eh,ah
iy,iy
iy,iy
g,k
r,r
l,w
kcl,kcl
s,s
aw,ao
w,w
ax,ix
ax,n
s,s
eh,ey
aa,aa
s,s
k,jh
r,er
z,z
t,t
y,y
ae,ae
axr,r
ae,ey
w,w
ng,ix
ow,ow
eh,ae
ix,ix
k,k
l,m
ey,ey
kcl,kcl
iy,iy
l,el
n,n
dcl,tcl
s,s
jh,jh
iy,iy
dcl,n
aa,aa
l,l
l,ix
ay,ay
aa,r
l,ax
m,n
nx,n
kcl,kcl
bcl,bcl
w,n
v,dx
hv,hv
ix,ix
n,tcl
iy,ix
ah,eh
ow,el
t,t
ow,aa
t,t
gcl,tcl
ae,ae
n,n
s,s
n,ix
z,z
eh,ix
ow,ow
q,q
ao,w
uh,ix
ao,aa
ng,n
eh,eh
tcl,tcl
dx,dx
ch,ch
l,ax
ae,ae
p,k
el,ao
kcl,kcl
v,dcl
r,r
eh,r
ih,ih
axr,eh
ow,ao
m,m
k,jh
ix,jh
s,s
dh,tcl
ae,ae
gcl,tcl
t,jh
iy,iy
ey,ey
gcl,dcl
s,s
s,s
ax,ah
ae,ae
ow,aa
l,l
z,z
m,m
er,er
z,s
g,q
s,f
f,f
el,el
nx,dh
aa,ao
m,n
l,l
m,m
ix,ix
oy,ow
el,el
sh,sh
r,ix
n,dcl
gcl,dcl
th,z
iy,iy
y,y
s,z
ux,iy
el,el
axr,iy
iy,iy
s,z
z,z
tcl,tcl
ax,ix
t,t
jh,jh
s,s
l,l
kcl,kcl
eh,eh
axr,axr
ix,ix
w,v
ay,aa
d,tcl
n,n
pcl,tcl
s,s
er,er
ae,ey
ch,sh
gcl,dcl
n,n
s,s
q,q
r,r
ix,ix
ao,ao
v,r
n,n
dcl,dcl
f,f
ax,el
ix,ix
iy,ix
m,r
s,s
er,er
ix,l
hv,dh
bcl,tcl
w,w
ae,ey
ih,ax
ax,ix
iy,iy
m,m
t,k
el,el
tcl,tcl
ao,aw
ax,ax
aa,axr
n,n
axr,axr
er,er
r,ix
s,s
sh,sh
t,t
ow,ow
gcl,dcl
ih,ix
hh,hh
r,r
tcl,tcl
ix,ix
s,z
iy,n
n,tcl
t,d
pcl,tcl
tcl,dx
ey,ey
axr,ih
r,r
n,n
en,ix
tcl,tcl
l,y
iy,iy
s,s
ix,ix
aa,aa
y,ih
iy,iy
ah,ow
en,n
ae,ae
tcl,dcl
z,jh
p,dh
ow,ix
l,l
tcl,tcl
w,w
dh,dcl
ax,r
r,r
tcl,tcl
el,l
ng,n
hv,jh
iy,iy
ih,ix
f,f
tcl,tcl
k,k
r,dx
ix,ix
l,l
ix,ix
t,t
ix,ix
axr,ax
ae,ae
th,f
kcl,tcl
d,t
r,r
p,hv
k,jh
q,q
th,th
f,f
eh,ey
t,t
ih,ih
n,n
q,ix
aa,aa
ao,ao
g,g
s,s
r,r
ih,ix
ay,ay
kcl,tcl
l,l
ax,ax
z,z
ix,ix
ae,ae
iy,iy
ae,ae
p,hh
ae,ae
t,t
ix,ix
g,r
aa,ao
dh,v
y,n
y,y
ih,ih
ah,axr
f,f
y,y
aw,aw
l,q
s,sh
gcl,dcl
l,l
s,s
ey,oy
ey,ih
dh,f
ax,ax
l,ow
ng,n
dcl,dcl
pcl,tcl
dh,v
n,n
ay,ae
ax,ix
ih,ix
gcl,tcl
s,s
gcl,tcl
n,gcl
k,k
t,k
ix,ih
iy,ix
aa,eh
ng,ng
ih,ix
f,f
l,l
ah,ow
ih,l
eh,eh
gcl,gcl
r,r
en,n
ux,ux
l,n
bcl,bcl
n,n
axr,axr
r,r
kcl,kcl
er,er
ng,n
ae,ae
aw,aa
n,n
dcl,dcl
k,k
pcl,tcl
r,ix
eh,eh
v,v
r,r
q,r
ux,l
iy,iy
ao,el
ch,sh
w,w
eh,ah
ng,n
r,r
ae,ae
ih,ih
r,axr
t,d
p,q
eh,eh
p,t
p,dh
r,r
z,z
bcl,dcl
iy,iy
gcl,dcl
t,t
n,n
ng,n
w,w
axr,axr
ow,eh
p,f
r,r
l,l
n,ix
ih,ih
axr,r
s,s
t,k
ao,ao
gcl,kcl
ih,ih
y,q
l,l
ix,iy
aa,ao
eh,eh
w,w
l,l
aa,r
m,dcl
axr,ih
pcl,dcl
ih,ix
ih,eh
ux,ux
tcl,tcl
th,tcl
b,p
ao,w
l,l
s,s
ux,ix
ix,axr
tcl,tcl
y,iy
b,jh
gcl,dcl
l,ax
ow,ow
y,ix
ao,aa
ih,q
eh,eh
iy,y
ix,ix
sh,ch
eh,l
z,s
n,n
w,w
tcl,dx
r,eh
ux,iy
ix,ix
z,s
uw,ux
ix,ix
ay,q
bcl,dcl
w,w
l,l
eh,eh
tcl,dcl
jh,jh
iy,iy
uh,ix
kcl,tcl
pcl,tcl
bcl,kcl
axr,r
t,dh
q,q
r,ix
ao,ah
m,m
p,hv
bcl,dcl
l,l
ux,ix
ah,ah
r,r
dh,dh
s,s
tcl,tcl
hv,hv
ih,ix
w,w
er,ix
tcl,kcl
axr,axr
ow,ow
iy,y
hv,y
iy,iy
aw,aa
ax,ax
ih,ix
z,s
s,s
sh,s
q,q
gcl,dcl
ux,ux
dcl,dcl
ey,ey
q,q
iy,ih
ay,aa
tcl,tcl
ix,ix
l,v
axr,axr
axr,v
ix,ix
k,k
t,t
tcl,tcl
s,s
gcl,tcl
ah,q
tcl,tcl
ae,ae
r,r
jh,t
ih,ax
tcl,tcl
v,v
ix,ix
kcl,kcl
r,r
iy,iy
ay,ay
pcl,tcl
axr,l
t,jh
k,k
ih,ix
el,ax
s,s
s,s
ae,ae
ih,ix
dx,dx
ix,ix
q,q
oy,oy
kcl,tcl
ax,ax
y,y
k,k
ey,ey
k,t
bcl,dcl
s,s
n,n
dcl,dcl
ao,ao
k,k
ih,ix
y,ix
kcl,tcl
n,n
tcl,tcl
ix,ix
ih,ix
l,w
q,q
tcl,dcl
kcl,kcl
pcl,tcl
tcl,tcl
f,sh
dcl,dcl
iy,r
dcl,tcl
ix,ix
f,f
ae,ae
z,s
w,w
ey,ey
hv,ix
ix,ix
n,n
ix,ix
ah,eh
kcl,tcl
jh,jh
ao,aa
k,q
ow,ow
bcl,bcl
r,r
ae,ey
t,t
l,ax
n,ix
ax,ix
t,t
m,n
kcl,tcl
s,s
ah,eh
oy,oy
ix,ix
l,w
r,axr
l,l
iy,iy
p,ix
n,n
jh,jh
ch,ch
ix,ih
dh,z
ix,ix
dx,dx
bcl,bcl
t,jh
ow,ow
l,n
ux,ix
aa,ae
s,s
k,k
ae,ae
r,ix
z,z
iy,iy
gcl,q
tcl,dcl
v,tcl
ah,ah
s,s
z,z
ae,ae
kcl,tcl
kcl,kcl
s,s
aw,aa
tcl,dcl
s,s
dx,dh
dcl,dcl
iy,iy
m,n
t,tcl
axr,axr
y,ix
n,n
n,n
ae,ae
s,s
ix,ix
iy,iy
v,v
sh,sh
ah,ow
ix,ah
ax,ih
iy,iy
l,l
axr,axr
ey,ey
w,w
ah,ah
th,f
ih,ih
pcl,pcl
ix,ix
kcl,tcl
p,p
er,ae
ih,ix
nx,dx
iy,iy
m,n
n,dcl
iy,q
bcl,m
n,n
n,n
ey,ey
oy,aa
l,l
s,z
l,l
ah,ix
axr,ix
ix,ih
p,hh
f,f
kcl,tcl
t,t
er,er
ow,ow
r,r
t,t
m,m
z,s
l,l
bcl,v
w,w
w,w
axr,axr
axr,axr
gcl,n
hh,hh
eh,ix
pcl,pcl
el,ow
tcl,tcl
kcl,kcl
ux,ux
eh,ix
n,n
f,f
r,r
iy,iy
r,r
n,n
k,k
axr,aa
axr,r
l,ax
tcl,tcl
n,n
n,tcl
s,z
iy,ix
sh,s
ax,ax
en,ux
er,axr
t,jh
l,w
jh,axr
tcl,pcl
eh,eh
sh,ch
sh,sh
f,f
ux,uw
ae,ae
pcl,pcl
f,f
dh,tcl
bcl,dcl
v,dh
aw,aa
y,iy
r,r
l,l
eh,eh
l,l
tcl,tcl
ix,ix
ih,ix
r,r
ix,ax
ih,ih
n,n
sh,sh
dh,dh
aa,ao
ax,ix
t,t
ao,l
s,s
r,r
ax,l
ae,ey
sh,sh
s,s
ay,ay
q,q
eng,n
l,l
ao,w
iy,iy
jh,jh
n,n
ih,eh
l,l
g,tcl
dcl,dcl
axr,r
ax,ax
iy,iy
iy,iy
ih,ih
iy,ih
q,q
q,l
uw,ux
tcl,tcl
ix,ix
iy,iy
l,l
er,er
ih,iy
tcl,tcl
ah,aa
ch,s
eh,eh
l,ow
kcl,tcl
axr,ae
s,sh
l,ax
t,t
tcl,tcl
ay,q
r,r
t,k
ae,ae
t,t
ow,el
pcl,pcl
s,s
jh,t
t,k
dcl,bcl
kcl,kcl
ix,ix
n,ng
axr,n
ow,el
n,n
dx,dx
k,jh
sh,sh
ay,ae
q,y
kcl,tcl
ey,ey
iy,iy
s,jh
eh,ae
s,s
dcl,tcl
l,l
ng,uw
w,w
z,z
el,ow
ao,ao
r,r
g,g
l,ax
l,l
ix,ix
eh,aa
bcl,dcl
dh,v
aa,er
r,r
ao,ao
kcl,kcl
axr,axr
t,t
n,n
ih,axr
ax,n
r,r
g,k
iy,ih
n,n
s,s
ao,aa
ix,ix
l,el
er,ah
ey,ae
ng,n
ae,ae
t,tcl
tcl,tcl
r,r
l,ix
z,z
dx,ix
ux,ix
b,t
l,l
hv,n
kcl,tcl
w,w
kcl,tcl
ax-h,q
k,k
l,el
aa,ah
ix,ix
pcl,tcl
zh,sh
n,n
s,s
iy,iy
kcl,tcl
tcl,kcl
ao,aa
s,s
ix,l
iy,iy
tcl,dcl
axr,ix
k,k
z,z
eh,eh
ix,ax
ux,ux
n,dcl
iy,iy
gcl,dcl
gcl,dcl
ix,l
ux,axr
aa,ay
k,jh
hv,r
iy,iy
ix,ix
eh,eh
ch,sh
ax,ax
s,s
n,ix
ao,ao
ey,ey
dx,dcl
uw,w
ix,ix
dcl,n
ih,ix
l,w
axr,axr
sh,sh
pcl,tcl
r,v
l,ax
ih,ix
pcl,tcl
ae,ae
ow,l
t,t
r,r
w,w
iy,iy
l,ao
ix,ix
ng,ix
l,ah
kcl,tcl
m,m
k,k
dcl,tcl
ae,ae
s,s
ax,ix
pcl,tcl
hh,k
eh,eh
hh,k
l,ao
dh,dh
gcl,dcl
er,er
axr,axr
ih,ih
n,n
q,q
kcl,kcl
iy,iy
v,dh
ix,ix
dcl,tcl
iy,iy
l,l
en,n
dcl,dcl
ey,ih
gcl,w
ae,ae
gcl,pcl
aw,aw
kcl,kcl
gcl,n
sh,sh
m,w
kcl,tcl
aa,r
kcl,tcl
ix,iy
em,dcl
n,ix
q,q
r,r
dcl,dcl
v,ax
r,r
g,k
dh,tcl
t,t
s,s
ux,ux
ow,l
ao,aa
axr,ix
l,ix
l,l
gcl,gcl
s,s
ih,ih
pcl,tcl
m,m
w,w
sh,sh
q,q
kcl,kcl
hh,tcl
kcl,dcl
uw,ux
dx,dx
eh,r
ix,ix
k,k
bcl,tcl
v,v
axr,eh
z,z
ix,ix
axr,r
t,t
ao,ao
t,tcl
kcl,kcl
dh,dh
s,s
ae,ae
q,q
b,dh
ih,eh
q,q
eh,eh
aw,ao
ix,ix
ax-h,dh
m,dcl
sh,sh
ow,eh
tcl,tcl
ix,ix
kcl,tcl
z,s
axr,r
kcl,dcl
iy,ih
hh,hh
w,r
m,w
kcl,tcl
q,q
bcl,tcl
w,w
dcl,tcl
g,q
er,er
z,s
r,r
ao,aa
iy,iy
ih,ih
ey,ey
ey,ih
axr,axr
axr,ix
eh,eh
n,m
ah,ah
ix,ix
kcl,kcl
ay,ae
sh,sh
ow,ey
t,k
w,w
aa,aa
ix,ix
sh,s
f,f
l,l
ng,n
bcl,dcl
tcl,tcl
axr,ix
er,axr
s,s
ih,ih
ax,ax
r,ix
kcl,tcl
ah,ix
pcl,dcl
k,k
tcl,dcl
ao,ao
iy,iy
tcl,dcl
aa,aa
g,k
s,s
eh,ey
ah,eh
pcl,kcl
ey,ey
ix,ix
tcl,tcl
r,r
t,t
bcl,bcl
s,s
l,ax
ih,ih
ax,ax
y,iy
axr,r
l,l
l,w
r,axr
k,k
ih,ix
m,n
ih,ih
iy,iy
ix,ix
l,ix
f,f
iy,iy
aa,aa
f,f
ih,ih
ix,ih
iy,iy
bcl,dcl
r,n
l,ax
z,z
f,f
ix,ix
ae,ng
en,n
r,r
q,q
gcl,dcl
s,s
iy,gcl
dh,q
r,r
t,k
d,t
s,z
ey,iy
s,s
s,s
iy,ix
tcl,tcl
eh,eh
m,n
z,sh
ix,ey
th,dh
tcl,tcl
dcl,dcl
uh,ih
t,k
r,r
m,n
axr,ix
er,er
q,q
ix,ih
k,k
dcl,dcl
em,w
w,w
tcl,tcl
iy,iy
iy,iy
dcl,dcl
axr,axr
n,n
ow,l
g,k
z,z
eh,ix
iy,iy
ax,axr
ix,ix
jh,ch
ow,ow
bcl,tcl
ao,ao
r,v
w,w
l,l
s,s
pcl,tcl
ix,ix
eh,eh
ax,ax
dh,dh
kcl,kcl
l,r
r,r
ey,ey
k,k
y,iy
eh,eh
m,n
eh,eh
z,f
jh,jh
tcl,tcl
v,bcl
axr,axr
aa,ae
sh,sh
r,er
ae,ae
ao,l
ih,ix
r,eh
r,axr
ih,iy
n,n
f,f
eh,eh
s,s
dh,v
dcl,tcl
iy,iy
ao,ay
iy,iy
l,l
hv,kcl
axr,r
r,r
n,n
dcl,dcl
axr,axr
l,l
f,f
ix,q
ix,ix
ao,ao
bcl,dcl
n,m
s,s
tcl,tcl
sh,sh
y,q
tcl,tcl
sh,sh
q,q
s,s
w,w
ao,ao
tcl,tcl
n,n
k,t
n,n
eh,eh
er,er
iy,iy
kcl,kcl
iy,iy
bcl,dcl
m,m
l,l
w,r
r,r
aa,aa
l,ax
axr,axr
v,n
s,t
ix,ix
ax,ax
sh,sh
s,s
gcl,tcl
m,m
s,s
ao,ao
aw,ao
ay,ay
r,r
iy,iy
kcl,dh
jh,jh
iy,iy
n,q
ow,ow
kcl,kcl
ux,ux
er,axr
kcl,tcl
dcl,dcl
l,l
iy,iy
aa,eh
m,n
r,ix
axr,q
ao,ao
ix,ix
dh,dh
p,p
sh,sh
pcl,tcl
s,s
kcl,tcl
eh,eh
ax,ix
ah,ah
iy,iy
eh,ix
pcl,tcl
ux,iy
iy,iy
aa,aa
pcl,tcl
dh,k
bcl,dcl
dh,dh
tcl,tcl
ix,ux
tcl,q
f,f
sh,s
ao,ao
ay,ay
tcl,tcl
ix,eh
ng,gcl
kcl,tcl
eh,ae
q,q
dcl,dcl
ix,ix
l,l
hv,r
th,s
m,n
iy,ey
m,m
iy,ih
l,v
w,w
ix,ey
r,r
ih,ae
s,s
v,dh
aw,ao
sh,sh
dh,t
m,w
eh,eh
kcl,tcl
dh,t
l,l
aa,ao
dx,tcl
t,t
aw,ay
nx,dcl
m,n
ao,ao
ax,l
ao,ow
s,z
ae,ae
s,s
q,l
k,k
ix,ix
ae,ay
r,axr
q,q
f,f
tcl,tcl
t,t
tcl,dcl
ow,ow
r,r
l,n
k,k
axr,er
axr,axr
ah,aa
q,q
ow,ow
ax,ax
tcl,tcl
ax,ax
bcl,dcl
t,k
hv,ix
ax,l
g,tcl
iy,iy
tcl,dcl
dcl,dcl
w,w
ix,ix
n,tcl
hv,ax
ux,ux
ao,ao
f,f
oy,eh
ae,eh
f,v
dh,tcl
ae,ae
m,v
iy,iy
ix,ix
en,n
th,z
k,t
tcl,tcl
v,l
pcl,tcl
p,q
ix,ax
aa,aa
bcl,dcl
iy,y
sh,sh
w,w
ix,ix
ow,ow
ix,ix
zh,jh
p,q
sh,sh
ow,ih
tcl,tcl
dcl,n
q,q
t,t
pcl,tcl
r,r
y,y
ow,ah
m,n
dcl,dcl
ey,ey
ae,ae
eh,eh
oy,oy
eh,ih
kcl,tcl
er,axr
sh,sh
iy,iy
uh,axr
el,el
m,n
g,g
k,tcl
ix,ix
r,r
ao,w
ow,aa
l,l
hv,r
ey,ey
axr,iy
dh,hv
hh,dh
ix,ix
ae,ae
ix,ix
ix,ix
aa,ao
s,s
s,s
l,l
kcl,f
ao,ao
el,ow
l,w
ao,ow
n,n
hh,p
gcl,tcl
r,l
iy,ix
s,s
s,s
axr,ix
k,k
ah,ah
ch,sh
dx,kcl
uw,ax
n,n
ow,axr
er,er
iy,iy
gcl,kcl
f,f
dh,l
k,k
n,n
z,t
t,t
hh,k
k,k
ux,ix
ow,el
tcl,tcl
ax,ax
tcl,q
ih,iy
q,q
s,s
dcl,tcl
kcl,tcl
nx,n
s,s
z,z
ih,ih
t,t
ax,ax
bcl,dcl
ow,ow
k,tcl
n,n
ae,ae
aw,aw
n,dcl
bcl,n
oy,oy
f,f
th,dh
dcl,dcl
er,er
ix,ih
ux,iy
kcl,dcl
ay,ay
kcl,k
sh,sh
f,f
k,k
kcl,tcl
l,ax
kcl,pcl
ah,ao
l,ax
r,iy
ix,ix
t,t
z,z
dcl,tcl
iy,ih
axr,er
th,dh
k,k
l,l
f,f
ao,l
m,m
aa,r
aa,aa
pcl,tcl
th,k
aa,aa
hh,p
ey,ey
t,t
ae,ae
y,y
r,r
g,g
ay,ay
m,m
s,sh
r,r
axr,r
er,er
ao,aa
r,axr
n,n
z,z
r,r
axr,ih
tcl,tcl
r,axr
r,er
kcl,tcl
bcl,bcl
er,er
k,k
er,eh
r,r
s,jh
ax,l
hh,t
r,r
el,ng
ao,ao
r,axr
iy,ux
r,r
iy,iy
dh,dh
dh,tcl
n,bcl
er,er
l,l
q,q
ix,ix
ax,ax
ih,ih
dcl,dcl
f,f
m,l
ix,ix
iy,iy
bcl,dcl
k,k
ih,ix
ax,ix
iy,ih
tcl,dh
sh,sh
n,w
bcl,dcl
iy,iy
iy,ey
p,hh
ax,ix
ae,ey
hv,hv
kcl,kcl
ow,r
sh,sh
p,p
s,s
dh,dh
tcl,tcl
ix,ix
gcl,dcl
f,f
r,r
k,d
ix,ix
ih,ae
t,t
ix,ah
aa,aa
r,r
n,dx
dx,p
ih,ih
dh,dh
n,n
l,l
p,k
ay,ae
ah,l
ow,ao
m,dh
ae,eh
dh,z
jh,jh
ay,ay
l,ax
kcl,tcl
dx,dx
w,l
aw,ao
axr,er
ix,ix
tcl,tcl
d,hh
axr,axr
tcl,tcl
dcl,dcl
q,q
l,w
l,ow
er,er
ax,ax
iy,iy
pcl,tcl
m,en
oy,oy
dh,dcl
el,el
axr,axr
k,p
aa,ao
n,ng
n,n
pcl,dcl
hv,hv
dcl,dcl
v,v
er,axr
er,axr
tcl,tcl
pcl,tcl
dcl,dcl
ix,ax
z,z
dcl,dcl
s,s
w,w
ih,ih
kcl,tcl
q,q
er,aa
q,q
r,r
w,w
q,q
iy,dx
pcl,dcl
pcl,tcl
m,n
oy,ao
ay,ey
n,m
bcl,bcl
bcl,kcl
q,q
ix,ix
er,ae
n,ix
ax,ax
er,axr
ix,n
k,k
ao,ao
dh,t
r,ax
ix,axr
aa,ae
ey,ey
ey,ih
z,z
ay,aa
k,k
k,k
dcl,dcl
ix,iy
kcl,tcl
r,r
eh,eh
tcl,dcl
eh,ae
s,s
ey,ey
uw,uw
pcl,kcl
pcl,pcl
f,f
kcl,kcl
gcl,dcl
ng,n
axr,er
r,ix
ix,ix
iy,y
ae,ae
ah,ay
k,k
ih,ih
k,k
p,dx
tcl,q
hv,hv
ae,ey
s,s
t,t
iy,iy
ae,ae
n,n
th,th
sh,sh
ae,ae
r,eh
ah,ah
w,w
l,ay
t,t
dcl,tcl
t,t
iy,ey
dcl,dcl
axr,er
bcl,dcl
kcl,tcl
iy,ix
ao,aa
axr,r
ix,ix
iy,iy
k,k
p,k
sh,sh
ax,ix
axr,er
aa,aa
t,t
ay,ay
ae,ae
g,dh
w,w
kcl,tcl
s,s
r,ix
iy,iy
ax,l
kcl,tcl
aa,aa
iy,ey
ey,iy
ux,iy
d,t
t,t
l,el
s,z
m,m
dx,dx
dh,dx
tcl,tcl
ah,ix
z,z
hh,hh
er,er
r,r
r,r
l,l
ix,ix
axr,ix
z,z
w,w
er,er
jh,z
iy,iy
ix,ix
l,ax
ih,r
axr,iy
em,n
n,dcl
ae,ae
iy,iy
m,n
w,ax
q,kcl
aa,ae
bcl,bcl
ih,ih
ix,n
ih,iy
ay,aa
m,dx
n,n
ix,axr
ix,ix
kcl,kcl
iy,iy
t,kcl
r,axr
ux,ux
k,k
l,ax
ae,ae
k,k
dcl,bcl
jh,jh
th,f
hh,hh
v,dcl
tcl,tcl
k,k
r,r
t,t
nx,l
dcl,dcl
iy,ix
tcl,tcl
ax-h,tcl
dh,dh
kcl,tcl
ax,ax
uw,ix
pcl,tcl
tcl,dcl
y,y
ix,ix
f,f
axr,axr
r,r
s,s
axr,r
dh,dh
dcl,dcl
f,f
p,k
gcl,dcl
n,ix
z,z
w,w
bcl,dcl
l,l
ae,ae
m,m
k,k
v,v
tcl,tcl
axr,axr
ao,ao
pcl,tcl
k,k
sh,sh
t,t
tcl,tcl
s,s
z,z
dx,dx
k,k
l,l
w,w
ng,n
s,s
ao,ow
hv,dh
iy,iy
q,q
s,s
ae,axr
iy,iy
ah,ah
ax,ix
dcl,tcl
tcl,tcl
bcl,dcl
ay,ey
n,n
ix,ix
ow,el
k,kcl
w,l
ix,ix
jh,jh
z,z
l,eh
s,z
hv,hv
oy,ae
jh,jh
l,l
dcl,tcl
ix,eh
eh,l
dcl,dh
l,w
f,f
y,ix
ix,ax
pcl,pcl
aa,ae
axr,axr
ow,ey
pcl,tcl
ux,ux
m,n
q,q
s,s
dcl,dcl
t,tcl
w,w
dx,q
hh,hv
s,z
ix,axr
aa,ao
nx,ix
v,w
iy,iy
t,t
z,s
r,r
ix,ix
sh,sh
ax,ax
s,s
ay,ae
q,tcl
ax,ix
ix,iy
ah,ax
iy,iy
g,q
kcl,tcl
l,l
ix,ix
t,t
l,l
aw,aa
ux,ih
ix,ix
axr,r
ix,ix
m,n
v,r
p,dh
dcl,dcl
iy,iy
s,s
n,n
l,l
v,v
s,s
aa,aa
ax,ix
er,axr
n,tcl
r,eh
p,k
tcl,tcl
ah,ah
eh,eh
bcl,bcl
ey,ey
dh,dh
ow,ow
iy,eh
iy,iy
ax,ax
l,l
ao,ao
ao,oy
ax,ax
ah,l
bcl,tcl
tcl,tcl
g,q
eh,er
uh,ix
iy,iy
l,l
ax,ax
ay,aa
p,p
t,t
r,r
r,r
w,l
q,q
r,r
iy,iy
dh,dh
kcl,tcl
p,p
er,axr
w,w
ay,ae
ux,axr
ax,ix
ey,ay
v,w
ay,aa
r,w
r,r
ih,ax
aw,aa
th,th
pcl,q
uw,ow
ih,eh
q,tcl
m,dcl
ae,ae
l,l
kcl,kcl
dcl,dcl
uw,r
aa,aa
iy,iy
r,r
ax,ix
p,k
ih,ix
g,k
ao,ao
tcl,tcl
aa,oy
d,k
kcl,tcl
sh,sh
dcl,dcl
n,n
ao,ao
pcl,tcl
iy,ng
ey,ey
tcl,tcl
ih,ix
ax,eh
s,s
v,t
ix,ix
ae,ae
ax,r
l,l
l,l
ao,ow
t,t
g,k
w,w
aa,aa
ey,eh
r,r
ux,ix
dcl,dh
sh,sh
ah,aa
axr,axr
q,q
er,er
iy,iy
er,er
iy,ux
uw,r
kcl,tcl
z,z
kcl,kcl
ax,ah
ng,dcl
z,z
k,k
tcl,tcl
n,dx
f,p
l,l
m,n
sh,sh
ih,ih
ah,ow
iy,ix
dcl,dcl
m,m
t,ch
jh,jh
eh,ah
er,aa
em,bcl
p,hh
ae,eh
r,r
kcl,tcl
axr,ix
iy,y
axr,axr
ao,aa
ih,iy
kcl,tcl
iy,n
s,s
ao,w
z,z
l,l
ao,ao
s,s
w,w
ih,axr
n,ax
kcl,pcl
eh,eh
r,r
y,iy
r,ix
ix,ix
t,t
l,l
ih,ih
p,t
l,l
ah,ow
aw,ae
eh,eh
s,s
axr,ae
q,q
y,y
er,er
dcl,dcl
y,iy
d,t
n,n
k,k
jh,jh
p,kcl
iy,ix
m,n
s,s
s,s
en,ng
n,n
ix,v
axr,ax
m,m
ae,ae
iy,iy
k,t
l,dx
s,s
aa,aa
iy,iy
r,r
ow,ow
iy,ey
ix,ix
m,n
ax,ix
ae,ae
q,q
ae,eh
tcl,tcl
gcl,dcl
dx,dcl
ih,ah
r,r
n,m
r,r
z,z
t,k
l,l
aa,ah
ax,ax
ao,ao
s,s
el,el
gcl,dcl
iy,iy
kcl,tcl
r,r
aa,aa
n,n
d,dx
ah,ah
n,n
ix,ix
jh,sh
aa,aa
g,tcl
en,n
b,tcl
ix,ix
eh,ix
bcl,dcl
kcl,kcl
l,l
s,s
ae,ae
iy,y
ae,ae
t,t
eh,eh
m,n
n,n
ih,iy
kcl,tcl
ah,ah
ch,sh
sh,ch
f,dh
ao,r
z,z
jh,t
k,t
ih,ih
iy,iy
s,s
ah,ih
hh,hh
w,w
kcl,tcl
axr,r
w,ao
ih,ih
ow,eh
g,d
r,axr
gcl,dcl
ay,ay
dh,dh
m,n
eh,ah
kcl,dcl
l,l
y,y
ax,ax
ux,ux
ux,ux
iy,iy
l,l
el,el
s,s
r,r
v,l
ax,ax
hh,k
z,s
gcl,dcl
iy,iy
k,k
k,k
m,dcl
l,ax
l,l
ao,ao
ng,ng
en,m
hv,hv
q,q
tcl,tcl
dh,n
ih,ey
kcl,tcl
hv,hv
pcl,tcl
er,er
ao,ao
y,y
z,z
dcl,n
t,t
ix,ix
eh,ih
ix,ix
ey,ih
dh,v
eh,eh
el,w
ax,ix
bcl,dcl
eh,eh
ae,ae
z,z
r,r
iy,iy
k,k
ch,k
ih,iy
g,dh
w,l
m,m
hh,hh
n,n
hv,l
ix,ix
eh,eh
g,dx
ae,ae
l,l
uh,l
w,w
eh,ow
ix,ix
ao,w
n,iy
w,w
nx,dx
tcl,tcl
n,n
eh,ey
sh,sh
ay,aa
jh,jh
s,s
n,n
q,q
m,uw
d,t
axr,er
s,z
gcl,n
r,ix
q,q
l,l
ih,eh
p,hh
ix,ix
t,ch
l,tcl
m,ng
m,m
kcl,tcl
dcl,dcl
ux,axr
pcl,pcl
ix,ix
aa,aa
s,s
ey,ae
l,w
q,q
ah,axr
ax,ax
ax,ax
ae,ae
ux,ix
m,n
kcl,kcl
tcl,tcl
ix,ix
ih,l
ey,ey
p,kcl
s,s
gcl,dcl
z,s
sh,sh
w,w
kcl,tcl
l,ix
s,s
ay,aa
p,p
n,n
eh,ah
n,n
ng,n
dh,dh
ih,ix
ao,ao
kcl,kcl
ix,ix
tcl,z
ao,ax
n,m
iy,iy
axr,gcl
iy,ih
ih,ix
ix,ix
ih,q
ao,r
s,s
er,er
v,bcl
aa,ao
ow,ow
k,dh
ih,ix
pcl,tcl
ch,ch
tcl,pcl
nx,ix
ih,ix
dx,y
r,r
axr,axr
n,n
l,ax
sh,ch
eh,eh
sh,sh
r,axr
ux,ux
ey,ih
gcl,f
ih,ih
iy,iy
z,s
kcl,kcl
r,r
eh,ae
axr,axr
eh,eh
s,s
ix,ix
z,z
ix,ix
z,z
ax,ax
n,n
n,ix
t,k
ae,ae
dh,tcl
l,l
hh,hh
l,l
th,z
bcl,dcl
aa,aa
ax,ax
axr,r
axr,ax
dcl,tcl
l,ax
aw,ae
s,z
s,s
n,n
n,n
iy,iy
ix,ix
s,s
ix,ih
m,m
ey,ey
ah,eh
q,q
v,v
k,g
p,p
l,w
n,v
tcl,tcl
m,w
eh,eh
ax,ax
z,z
ax,ax
r,r
bcl,dcl
axr,axr
z,z
y,iy
l,ax
w,l
ix,ix
l,ix
ao,aa
ix,ix
dcl,dcl
ax,ax
n,n
iy,iy
r,r
dcl,tcl
r,er
ax,eh
ix,ix
t,k
f,f
dh,kcl
l,ao
eh,ae
axr,r
w,w
kcl,n
iy,ng
l,l
iy,ey
iy,iy
t,s
iy,iy
oy,er
pcl,dcl
k,k
dcl,dcl
dx,q
ng,n
l,w
r,r
hv,iy
m,n
nx,l
dcl,dcl
ae,ae
v,q
dx,ix
bcl,dcl
el,el
b,dh
ix,eh
hv,hv
n,n
tcl,tcl
ae,q
ay,ay
ih,ih
tcl,tcl
ux,ux
y,y
sh,sh
ay,ao
dcl,bcl
ax,r
z,s
q,ix
z,z
iy,iy
gcl,dcl
pcl,tcl
aa,aa
bcl,tcl
t,t
dcl,tcl
kcl,dcl
ix,ix
ax,l
ix,ix
dx,dh
s,s
p,q
aa,ao
z,s
m,m
ao,ao
kcl,tcl
r,r
eh,eh
l,l
ax,ix
axr,eh
n,n
ih,ih
r,n
p,dh
bcl,l
w,n
ey,iy
n,l
th,dh
ax,ax
dcl,tcl
dcl,dcl
ay,ay
ix,ix
f,z
m,n
ax,ax
dcl,gcl
ih,iy
l,l
ae,eh
g,q
s,s
m,n
pcl,tcl
axr,r
l,l
oy,oy
iy,iy
tcl,tcl
ih,ih
en,iy
w,ax
eh,eh
tcl,tcl
m,n
ae,ae
t,d
ae,ae
r,r
ah,ah
ng,q
m,ax
q,q
kcl,tcl
l,l
oy,ao
uw,ix
pcl,tcl
q,dx
ax,ax
ae,ae
kcl,kcl
n,n
axr,ix
ah,eh
ih,q
eh,l
kcl,kcl
t,t
jh,jh
m,n
ax,ix
ux,axr
s,z
t,t
ay,ay
ax,ax
dx,dx
kcl,kcl
kcl,tcl
kcl,tcl
ow,ao
y,ix
m,n
ix,ix
iy,iy
s,s
tcl,pcl
gcl,tcl
n,n
sh,sh
f,f
tcl,tcl
aa,aa
n,n
iy,iy
ih,iy
nx,ix
iy,iy
l,w
bcl,dcl
t,jh
iy,iy
ax,ax
kcl,kcl
n,ix
t,k
q,k
er,axr
aa,aa
ay,aa
r,r
pcl,tcl
r,r
l,l
tcl,z
k,k
ay,ix
kcl,tcl
kcl,kcl
ay,aa
aa,aa
z,z
ih,ix
axr,er
n,n
ix,ax
dcl,tcl
q,r
s,z
dh,dh
aa,aa
gcl,dcl
ix,l
ey,eh
l,l
dh,z
f,f
ix,ix
ih,eh
en,ng
m,n
r,r
w,w
s,s
aw,aa
l,n
ae,eh
k,tcl
g,g
s,s
r,r
iy,iy
aa,aa
m,dcl
pcl,dcl
ix,ih
ah,aa
n,n
n,n
r,r
ih,ih
t,t
er,er
l,r
l,ix
s,s
nx,n
hh,hh
ey,er
n,n
s,s
k,k
eh,ax
s,s
dcl,dcl
ax,z
s,s
gcl,dcl
er,axr
er,er
dx,q
l,w
l,l
ix,ix
iy,iy
eh,ix
l,l
axr,er
z,z
s,s
m,n
n,n
tcl,tcl
s,s
l,l
q,ax
kcl,tcl
iy,iy
axr,r
eh,ih
kcl,tcl
ax,ix
eh,eh
eh,ix
iy,iy
sh,sh
ix,axr
pcl,tcl
k,k
ux,ux
dh,n
tcl,tcl
bcl,bcl
f,f
ae,ae
t,jh
ax,l
t,k
z,s
s,s
k,k
m,m
eh,eh
v,v
s,s
k,p
n,q
dcl,dcl
k,k
ih,iy
m,m
tcl,tcl
kcl,d
tcl,tcl
nx,ix
eh,eh
k,k
p,p
n,n
ao,ao
ae,ae
f,f
ih,ih
ax-h,tcl
ey,ey
gcl,pcl
z,jh
aw,ae
d,k
hv,hv
gcl,dcl
iy,iy
l,l
s,s
hv,hv
tcl,kcl
ah,ah
aw,aa
kcl,tcl
w,l
iy,ix
ow,ao
m,n
tcl,tcl
ae,ae
sh,sh
s,s
kcl,tcl
r,aa
tcl,tcl
l,l
q,q
r,ae
ix,ax
ax,ix
n,n
s,s
y,y
r,r
uh,ih
aa,aa
s,s
axr,r
tcl,dcl
er,er
r,q
kcl,kcl
dcl,n
w,w
aa,w
bcl,tcl
m,n
bcl,dcl
sh,sh
z,s
ih,eh
ah,ah
tcl,tcl
th,dh
el,l
kcl,kcl
iy,ix
iy,ey
ax,ix
ix,ix
ax,ax
p,k
ax-h,tcl
ax,l
tcl,q
kcl,tcl
s,s
z,z
ih,ix
tcl,tcl
n,n
ao,ao
ow,er
v,dcl
ae,ih
z,z
ao,ow
gcl,tcl
sh,s
v,v
f,f
gcl,dcl
v,ax
iy,iy
tcl,dcl
l,ow
tcl,tcl
p,t
f,f
jh,jh
tcl,tcl
g,k
ax,ax
ae,ae
n,ix
n,n
aa,ao
ix,ix
n,n
r,r
s,z
er,axr
tcl,tcl
ey,ae
pcl,pcl
tcl,pcl
z,z
iy,ix
ao,aa
ey,ey
dcl,dcl
ng,n
tcl,kcl
er,axr
ae,ae
t,t
iy,iy
g,q
kcl,tcl
n,n
r,ae
t,t
w,l
w,w
p,dh
p,f
nx,dx
v,n
k,k
ax,ix
ix,ix
ax,r
r,r
kcl,tcl
ah,ax
ix,ix
l,el
kcl,tcl
er,ay
bcl,dcl
k,k
iy,iy
t,t
q,tcl
ng,n
iy,iy
sh,sh
ow,aa
w,w
ax,l
sh,jh
ax,ix
ax,ix
pcl,tcl
f,f
dh,n
ay,ae
k,t
z,z
ix,ix
ao,ao
w,w
ae,ae
th,z
g,k
n,l
ae,ae
eh,eh
v,tcl
ae,ae
er,axr
n,n
axr,r
n,tcl
dh,dh
iy,y
kcl,pcl
g,d
ao,ao
dh,dh
iy,iy
n,dcl
tcl,tcl
dcl,dcl
ix,ix
axr,r
ix,iy
sh,sh
r,m
dcl,dh
ih,iy
aa,eh
ix,ix
th,f
ao,ao
w,l
ao,aa
q,q
l,l
tcl,tcl
dcl,kcl
tcl,tcl
dx,dx
l,w
axr,axr
ao,aa
tcl,tcl
en,n
sh,sh
n,ng
ah,eh
ih,eh
ix,q
dh,dh
nx,dx
dh,dh
q,q
ix,iy
el,w
aa,ao
n,n
hh,z
ao,ah
n,m
pcl,pcl
pcl,tcl
z,s
ow,ow
axr,axr
ow,ow
dx,q
t,t
ix,q
r,ah
l,l
iy,iy
ix,ax
axr,ix
r,er
ih,ih
z,z
ax,ix
ih,ix
th,th
w,q
tcl,tcl
ix,ix
iy,iy
q,q
ah,ao
m,n
dx,k
ih,iy
ae,ae
ax-h,tcl
iy,y
z,v
pcl,tcl
r,r
r,r
l,w
sh,sh
n,n
el,w
p,hv
tcl,kcl
q,q
eh,eh
ey,ih
axr,axr
pcl,tcl
n,n
th,z
v,dh
s,s
z,t
k,k
kcl,tcl
ux,ux
ih,ih
ih,iy
hv,hv
l,w
kcl,tcl
s,s
tcl,tcl
n,n
tcl,tcl
ah,ah
m,n
k,t
s,s
s,s
y,iy
p,f
r,ix
ey,eh
kcl,kcl
ae,ae
iy,iy
z,z
dx,dh
sh,s
w,w
aa,aa
kcl,tcl
y,y
ax,ix
r,r
ae,ae
er,er
axr,axr
ao,aa
hh,aa
k,k
z,s
aa,aa
kcl,tcl
ux,ux
axr,r
axr,axr
ax,ih
s,sh
ow,l
bcl,tcl
t,d
dx,dx
kcl,kcl
k,k
iy,ix
m,m
kcl,dcl
v,w
dcl,dcl
ae,ae
iy,ux
l,l
s,sh
m,w
ix,r
ah,ao
gcl,v
ax,ow
nx,n
k,k
ae,ae
axr,g
tcl,tcl
z,z
f,t
ix,ix
tcl,dcl
v,dh
eh,ix
bcl,bcl
ah,ah
kcl,tcl
bcl,bcl
ih,ix
ix,ix
kcl,tcl
tcl,tcl
eh,ix
ih,ix
kcl,tcl
k,k
r,ax
axr,axr
sh,t
ih,ix
q,q
iy,iy
ay,aa
ih,iy
ay,aa
aa,ao
axr,axr
ix,ix
v,v
dcl,dcl
w,w
r,r
z,sh
r,r
dx,dx
y,ix
tcl,bcl
g,g
ow,ah
kcl,tcl
p,tcl
dh,dh
axr,ih
iy,ih
tcl,q
dh,tcl
tcl,tcl
ay,ay
tcl,dcl
w,w
l,ix
ey,ey
r,ax
ix,l
l,l
y,iy
w,w
ax,ix
ih,ix
s,s
jh,ch
ux,er
dcl,dcl
axr,axr
r,axr
t,t
bcl,kcl
ix,ix
z,jh
r,r
l,l
ih,l
l,ix
w,r
dcl,dcl
axr,eh
ow,ow
aa,aa
ao,aa
kcl,tcl
ix,q
r,r
ih,iy
iy,ay
dx,dx
m,n
n,dcl
s,s
s,s
er,er
r,r
iy,iy
dcl,pcl
f,f
hh,tcl
ih,ih
ix,ix
f,f
l,l
s,s
l,ow
r,r
tcl,tcl
k,g
eh,eh
v,v
iy,ey
y,y
kcl,kcl
tcl,tcl
n,ax
axr,axr
s,s
tcl,tcl
ax,ix
ey,ey
m,n
ah,ao
z,z
eh,ix
aa,aa
ae,eh
aa,aa
m,n
n,n
aa,ao
nx,n
t,d
m,ix
k,k
kcl,tcl
kcl,tcl
iy,iy
axr,ix
t,t
ih,ix
ng,n
ae,ae
r,r
ay,aa
r,r
v,tcl
y,y
tcl,tcl
f,f
oy,oy
axr,axr
jh,jh
l,l
r,ix
iy,iy
el,ao
ix,ix
er,ae
ix,ix
k,k
v,v
v,v
z,s
ax,l
dh,n
p,f
axr,axr
sh,sh
er,eh
s,s
m,m
eng,n
bcl,dcl
ax,ix
ix,n
ey,ey
z,z
q,ix
dh,k
s,s
s,s
bcl,dcl
q,q
aa,eh
kcl,tcl
hh,p
ah,ao
ae,eh
iy,iy
t,k
l,n
kcl,dcl
l,y
y,y
s,z
l,ax
w,w
dh,q
bcl,tcl
d,dx
eh,axr
axr,ix
v,v
ih,ix
k,k
en,ix
g,dx
r,iy
ix,ih
s,s
m,m
l,ax
f,f
k,dh
el,ax
r,r
ng,n
kcl,dx
ix,ix
th,th
tcl,tcl
n,n
axr,r
k,k
d,q
v,v
w,w
iy,iy
ix,r
bcl,bcl
axr,ix
z,z
ey,ae
dcl,pcl
ih,eh
r,ix
w,w
ah,axr
ay,ay
d,d
hh,hv
ae,ae
l,l
v,hv
iy,iy
ng,ix
n,m
en,ix
ao,ao
aa,aa
axr,axr
pcl,tcl
tcl,kcl
l,l
p,dh
t,t
r,ax
r,r
tcl,tcl
k,k
ae,ae
ow,ah
ow,ix
th,z
tcl,tcl
hv,hv
ix,ix
ix,ix
aa,aa
kcl,tcl
l,w
l,ax
ix,ix
l,l
r,r
k,t
n,n
gcl,n
dcl,tcl
th,dh
eh,eh
w,q
l,l
ao,ao
k,k
ey,ey
n,n
m,m
ae,eh
er,r
y,iy
kcl,kcl
ey,iy
z,s
f,f
ux,ux
l,l
l,v
l,r
t,t
eh,eh
hv,hv
s,s
t,k
d,q
l,w
oy,oy
ao,el
y,y
p,dh
dcl,tcl
ix,ix
l,l
w,l
p,k
l,l
iy,iy
ux,ux
ix,ix
pcl,tcl
ae,ae
m,n
y,y
r,r
ih,iy
ah,ow
v,v
w,w
kcl,tcl
tcl,tcl
y,iy
l,ow
dx,nx
r,axr
s,s
kcl,tcl
hv,hv
eh,ae
tcl,tcl
r,r
sh,sh
k,k
kcl,tcl
iy,r
dcl,dcl
tcl,tcl
r,r
ae,ae
s,s
dh,v
tcl,tcl
th,z
iy,iy
l,ax
ng,n
iy,iy
gcl,dcl
kcl,kcl
ey,ae
ax,aa
tcl,tcl
kcl,kcl
ao,ao
dcl,tcl
eh,ae
ux,ux
s,sh
n,n
q,q
iy,iy
uh,ow
ae,eh
sh,sh
en,n
iy,ih
eh,eh
iy,ih
b,dx
iy,ey
ux,ux
ax,dh
r,axr
z,z
iy,iy
ix,eh
axr,ix
dx,dcl
n,n
er,ux
ux,ux
eh,eh
ey,ey
axr,axr
d,dh
s,s
n,n
g,g
ax,ax
tcl,k
r,r
sh,s
ae,ae
tcl,tcl
m,bcl
r,r
ax,ax
ix,ax
ey,ey
aa,aa
n,n
s,z
tcl,tcl
t,s
er,axr
ah,ah
f,f
ix,r
ih,ih
ah,aa
eh,ix
kcl,tcl
q,l
ey,ae
axr,er
er,er
s,s
q,q
k,t
l,l
s,s
m,v
k,k
iy,ix
k,k
q,q
s,s
v,n
eh,axr
s,s
ih,ih
z,s
ao,aa
pcl,tcl
q,q
s,s
pcl,tcl
iy,y
l,l
tcl,kcl
oy,ow
gcl,dcl
en,n
dcl,dcl
pcl,tcl
kcl,tcl
t,t
eh,eh
r,eh
tcl,tcl
ng,dcl
s,s
iy,iy
kcl,tcl
er,ih
oy,oy
axr,r
s,s
kcl,kcl
p,k
kcl,kcl
f,f
w,w
ix,iy
r,r
q,q
t,t
r,ay
f,f
s,s
ah,aa
aa,aa
tcl,tcl
dcl,dcl
er,aa
q,q
tcl,tcl
n,ng
pcl,tcl
dx,dh
uw,er
uh,ih
ay,ay
z,z
tcl,tcl
dcl,dcl
tcl,tcl
ax,ax
ae,eh
r,r
ow,aa
jh,t
th,tcl
l,l
n,n
ey,ey
iy,ey
ah,ah
ix,ix
t,t
r,r
aw,aa
axr,ix
w,w
ey,ey
ax,ax
g,g
tcl,tcl
ng,n
iy,iy
bcl,bcl
ax,ax
n,n
dx,dx
kcl,tcl
n,n
m,en
axr,axr
ix,ix
ux,ix
iy,iy
n,n
iy,iy
dh,dh
w,w
iy,ix
ix,ix
ix,ix
axr,axr
f,f
ey,ey
dx,dx
ao,ao
g,g
s,s
ao,ao
dh,tcl
w,w
iy,ey
g,kcl
dx,dx
s,s
s,s
l,ax
m,n
sh,s
r,v
w,w
eh,aa
s,s
l,l
ax,eh
axr,ae
ih,ih
axr,axr
iy,iy
n,n
tcl,tcl
n,r
dx,y
ah,eh
hv,hh
ax,ax
oy,ay
aw,ao
ih,eh
y,iy
ey,ix
ae,ey
gcl,v
iy,eh
hh,t
s,s
w,w
v,f
g,g
tcl,tcl
ay,ay
y,y
z,s
sh,sh
ix,ix
ax,ao
s,s
l,l
axr,axr
aw,aa
iy,ey
ix,ix
zh,sh
l,l
l,dx
y,y
n,dcl
ux,axr
kcl,tcl
ix,ih
iy,iy
dx,dx
q,q
iy,iy
z,z
z,jh
n,ng
hh,hh
l,q
w,w
ix,ix
l,q
ih,ih
iy,iy
ng,en
k,k
dh,l
en,ax
sh,s
g,k
l,l
ix,dh
ix,q
aa,aa
kcl,tcl
m,bcl
ih,ih
n,m
ux,ih
kcl,pcl
tcl,tcl
ux,iy
ux,iy
r,r
t,k
aa,m
q,q
f,f
r,r
axr,axr
aa,ae
iy,iy
n,n
s,s
ix,iy
el,l
ow,ao
ix,ax
ah,oy
en,l
iy,iy
kcl,tcl
ay,ay
dcl,q
ax,ax
gcl,dcl
k,ch
tcl,dx
dcl,dcl
s,s
ow,ow
kcl,tcl
ih,ae
p,k
iy,iy
ix,r
s,s
dcl,tcl
r,r
bcl,dcl
n,l
ng,n
bcl,n
gcl,gcl
p,k
aw,aw
axr,ux
s,s
ao,aa
t,jh
iy,iy
n,n
y,ix
ih,axr
l,l
iy,iy
eh,ix
er,r
l,l
iy,eh
dcl,dcl
ey,ey
ih,r
pcl,tcl
ix,ix
w,w
ih,ix
ax,ax
l,l
dx,dcl
el,l
ch,sh
sh,sh
eh,r
kcl,tcl
k,t
n,m
kcl,kcl
m,r
r,r
r,ih
dcl,kcl
f,f
p,hv
n,dh
ix,axr
iy,ih
ay,ax
kcl,k
ax,ix
oy,ao
l,l
z,z
iy,iy
l,l
er,r
ae,ae
l,l
ow,l
aa,aa
r,r
kcl,tcl
eh,eh
w,w
tcl,tcl
ih,ih
ih,ih
ao,aa
aw,aa
l,l
tcl,tcl
iy,iy
b,hh
z,z
ey,ih
tcl,tcl
ih,ih
r,r
ng,n
ix,dx
ih,ix
aa,aa
ix,ix
en,ng
ax,ix
axr,axr
ix,ix
kcl,tcl
uh,ow
dcl,tcl
ax,ix
ix,ix
zh,sh
ix,ix
eh,ih
w,w
s,s
r,r
ae,eh
gcl,dcl
ix,en
eh,ae
sh,sh
ey,ix
ae,ih
ow,l
t,k
tcl,tcl
r,q
n,n
iy,ix
iy,iy
ah,er
r,r
ao,ow
aa,aa
tcl,tcl
jh,ch
iy,iy
hv,ix
w,w
ix,ix
f,t
bcl,n
dh,dh
iy,iy
kcl,tcl
v,w
q,y
pcl,tcl
eh,ae
kcl,dcl
tcl,tcl
er,er
r,r
p,p
t,k
eh,ix
dcl,dcl
kcl,tcl
y,y
ae,ae
ey,ey
aa,aa
t,k
ix,ix
w,w
k,k
ah,ah
iy,iy
s,t
v,m
l,ax
er,aa
ix,ix
r,axr
aa,aa
p,k
ay,ae
zh,jh
ih,ax
kcl,kcl
iy,iy
tcl,tcl
ao,el
ay,ae
f,f
n,n
ix,eh
t,t
hv,hv
aa,ao
p,hh
eh,eh
m,n
m,n
y,y
ow,ow
gcl,dcl
dcl,dcl
ix,iy
ae,ay
oy,aa
ay,hv
ah,ao
ax,ax
axr,axr
eh,eh
s,s
z,z
ix,ih
ow,ow
n,n
iy,iy
dcl,n
z,s
sh,sh
z,s
kcl,k
iy,ix
q,q
ix,ax
k,k
r,r
gcl,tcl
axr,ix
l,w
kcl,kcl
dcl,dcl
r,r
d,dx
kcl,tcl
n,n
ae,ae
ux,ix
r,l
ae,ae
eh,axr
ow,ow
iy,iy
dcl,dcl
ih,ix
s,s
r,axr
k,k
er,r
w,ix
r,r
s,s
ey,eh
v,tcl
g,k
hh,q
aw,aa
ae,ae
l,l
l,l
m,n
ax,ax
l,l
ow,el
m,w
w,w
p,p
er,axr
ax,ix
m,w
n,tcl
iy,iy
ay,ay
kcl,tcl
ux,eh
ix,ix
s,s
er,er
z,s
ay,ay
dcl,tcl
r,r
n,n
er,er
pcl,pcl
dcl,tcl
uh,ix
dx,dx
r,r
eh,ix
eh,ih
ih,ix
dh,v
iy,ix
axr,axr
ix,ix
l,l
tcl,dcl
bcl,tcl
jh,sh
tcl,tcl
bcl,dcl
q,q
t,t
q,ax
ch,ch
n,n
ax,el
ix,ix
ae,ae
l,l
ih,eh
bcl,bcl
tcl,tcl
l,dh
eh,eh
ay,ay
s,t
s,s
tcl,tcl
t,k
ix,ix
kcl,tcl
q,q
p,dh
n,ix
sh,sh
ix,ax
dcl,dcl
v,v
ix,ax
tcl,tcl
m,m
q,q
ih,ix
ih,ih
aa,aa
dcl,dcl
ao,aa
s,s
nx,dx
z,z
dh,ax
er,ih
ih,ih
dcl,n
ax,ix
kcl,tcl
sh,ch
k,k
ix,q
iy,iy
t,t
hv,hv
axr,r
ix,iy
ch,ch
y,ix
ix,ax
r,r
n,ix
y,y
z,z
iy,iy
ay,aa
ix,ix
s,s
r,r
kcl,pcl
gcl,dcl
b,q
r,r
er,axr
iy,ih
axr,axr
ao,ao
y,n
ch,z
jh,jh
aa,ao
er,er
y,y
w,w
dx,dx
w,w
ah,ix
ao,aa
er,er
ix,ix
kcl,tcl
axr,ix
ix,ax
ae,ae
q,tcl
ix,ix
jh,jh
n,n
r,r
el,el
iy,iy
s,s
dh,tcl
n,n
s,z
r,r
y,y
r,ah
dcl,dx
ah,ow
ey,eh
w,w
t,t
ah,ah
ix,ix
dx,ax
tcl,tcl
er,ay
ax,ax
er,r
ch,ch
s,s
aa,aa
er,er
er,axr
g,k
axr,ix
t,t
s,s
r,r
l,l
axr,r
ng,n
r,ih
m,uw
n,n
r,r
ae,eh
dcl,dcl
kcl,tcl
nx,n
l,ah
k,k
ih,ih
dcl,dcl
ix,ix
n,n
v,v
y,ix
tcl,tcl
ow,el
ey,ae
d,ix
iy,iy
ix,ix
g,k
ux,ix
t,t
dh,n
ih,ih
s,s
ng,n
iy,iy
axr,axr
w,w
z,z
iy,ix
ih,y
p,kcl
kcl,tcl
r,axr
iy,iy
tcl,tcl
ih,ix
iy,iy
eh,ix
kcl,kcl
ax,ax
hh,tcl
ow,aa
ch,ch
ae,ae
axr,ah
ah,eh
s,s
l,ax
ux,iy
ey,ux
en,n
m,n
n,n
dh,dh
tcl,tcl
ix,ix
s,z
ow,ao
axr,er
r,r
ey,ey
hh,z
n,dcl
uw,w
ih,ih
bcl,bcl
th,tcl
p,p
iy,iy
ix,ih
axr,eh
aw,aa
hh,dh
ow,ow
el,aa
tcl,q
k,k
k,k
aa,ao
ao,ao
kcl,hh
axr,axr
ih,ix
ae,ae
l,l
k,k
iy,ux
ao,ao
tcl,dcl
eh,ae
er,axr
er,axr
tcl,tcl
ih,axr
ae,ay
iy,iy
ih,ix
r,iy
w,n
tcl,tcl
ao,aa
ah,aa
axr,axr
kcl,tcl
r,r
z,z
l,w
ix,ih
bcl,v
ix,ix
ax,ah
axr,axr
axr,ix
sh,ch
tcl,tcl
y,iy
tcl,v
r,axr
ih,ih
t,t
ih,ax
ix,l
ow,el
kcl,v
l,l
g,dh
t,p
gcl,tcl
kcl,pcl
kcl,tcl
ix,z
iy,ih
ay,aa
ix,ix
kcl,tcl
s,z
iy,iy
dh,dx
ih,uh
ix,ih
kcl,tcl
ae,ae
ix,ix
s,s
f,f
ix,ix
nx,dcl
l,ax
f,f
l,l
r,r
ih,ih
k,k
kcl,tcl
s,s
k,k
w,l
ao,ao
axr,r
l,ax
iy,ey
iy,ih
dcl,dcl
t,t
ix,ih
r,r
bcl,m
tcl,dcl
dcl,ix
l,l
ow,ow
pcl,tcl
ax,l
p,dx
ay,ay
n,dcl
aw,aw
ao,aa
uh,uw
s,s
el,l
en,n
ux,ix
tcl,tcl
m,m
ah,ao
ih,ih
eh,eh
kcl,tcl
bcl,dcl
p,k
r,dx
iy,iy
uw,m
ix,ix
ix,ix
s,s
f,dh
ix,ix
aa,ao
ae,ae
ao,ao
hh,k
jh,jh
f,f
l,l
aw,aa
ux,ux
p,k
jh,jh
q,q
l,l
kcl,tcl
ix,ix
ix,ix
m,l
axr,axr
k,kcl
ay,ay
eh,eh
ix,ix
eh,eh
hv,y
el,ow
w,w
r,r
w,l
b,q
ae,ae
ih,ax
d,dh
hv,hv
gcl,tcl
ih,ix
ax,r
eh,eh
l,l
z,s
s,s
s,s
dcl,dcl
ax,ax
dh,dh
z,z
ah,l
oy,oy
ux,ux
tcl,tcl
q,n
y,dx
z,z
kcl,tcl
ay,aa
z,z
s,s
r,y
kcl,kcl
s,s
n,n
t,t
ix,ix
ow,ow
pcl,kcl
ax,ix
p,p
ae,eh
en,n
s,s
tcl,tcl
k,t
z,z
ax,ix
z,z
ao,l
kcl,kcl
gcl,r
dcl,dcl
ix,ix
l,l
kcl,tcl
uw,ih
b,q
ey,ux
pcl,tcl
k,jh
axr,m
ix,ax
dh,q
eh,ow
dcl,tcl
k,k
eh,axr
n,ng
pcl,tcl
tcl,tcl
ax,eh
s,z
kcl,tcl
n,dcl
dh,dx
pcl,tcl
p,p
ux,iy
ow,w
ix,ix
tcl,dx
ix,ix
r,axr
iy,ih
kcl,tcl
y,ix
ao,ao
ey,ey
tcl,tcl
l,l
dh,dh
s,t
kcl,tcl
kcl,tcl
er,eh
ah,ah
l,l
ix,ix
dcl,tcl
w,l
ao,aa
dcl,dcl
l,el
er,er
axr,axr
eh,ih
l,q
ng,ng
er,er
ix,ix
d,k
n,n
ix,ix
f,f
g,g
r,r
dx,ix
dh,l
ix,ix
dh,dh
en,n
k,k
hv,hv
ae,ae
er,er
ah,aa
ax,axr
n,n
ah,aa
r,eh
kcl,tcl
l,w
ae,ae
ix,ih
n,n
iy,iy
n,n
r,r
ao,ao
ix,eh
k,k
ix,n
dcl,dcl
s,s
bcl,dcl
kcl,tcl
ow,eh
tcl,tcl
z,z
iy,ix
hv,hv
ay,ae
r,r
n,n
k,k
k,k
dx,tcl
ax,ax
ix,ix
iy,ix
ax,ix
n,n
ch,ch
l,l
iy,iy
ih,ix
w,w
sh,ch
ix,ix
r,ax
s,ch
ix,ix
s,s
m,n
aa,ow
ae,ae
er,er
ih,eh
iy,iy
f,f
n,n
iy,iy
iy,iy
dcl,dcl
m,m
w,n
l,ao
oy,oy
z,z
n,ix
ow,ix
bcl,tcl
tcl,kcl
dcl,dcl
s,s
kcl,kcl
ix,ix
v,dcl
ix,ix
f,f
r,q
ao,ao
ey,ey
dx,dx
iy,iy
ey,ey
y,ix
v,f
pcl,pcl
ow,ao
ng,n
ah,r
ey,ey
s,s
r,ah
er,er
m,n
r,r
tcl,kcl
hv,hv
ao,eh
d,dh
w,w
pcl,tcl
s,s
kcl,tcl
er,ux
hh,hh
s,s
s,f
iy,y
t,t
t,t
kcl,tcl
r,axr
eh,ih
ux,iy
tcl,tcl
axr,ah
ix,ix
ay,ay
sh,s
k,jh
ae,ae
axr,er
dcl,dcl
tcl,tcl
gcl,ng
iy,ih
eh,axr
dcl,n
dh,ix
ae,ae
sh,s
n,n
axr,r
iy,iy
q,q
m,m
k,k
aa,aa
ay,q
en,ix
n,n
s,s
n,n
ng,n
l,ao
ih,ix
axr,ix
l,w
ix,eh
s,s
eh,eh
tcl,tcl
ih,iy
q,q
aa,aa
w,w
ey,ey
y,y
dh,n
r,l
ow,ow
z,s
z,z
ah,eh
gcl,kcl
kcl,kcl
axr,ih
ux,iy
k,k
ay,ay
l,l
hv,hv
iy,ey
dcl,tcl
k,k
q,k
r,aa
z,z
aw,aa
dh,dh
r,r
m,m
eh,ih
r,r
ae,ae
er,axr
r,hv
dcl,tcl
ih,ih
ao,ao
p,p
ey,ey
y,y
ah,ax
ux,ux
ay,eh
v,r
ey,ey
n,n
axr,axr
dcl,dcl
axr,axr
s,s
aa,aa
t,k
ix,ix
z,s
th,dh
t,t
aa,aa
jh,jh
aa,aa
s,s
z,s
ax-h,dcl
g,k
n,hv
s,s
iy,ix
ow,ow
t,t
ih,ih
ae,eh
dx,dh
ae,ae
nx,dx
v,v
ao,el
kcl,kcl
axr,w
kcl,tcl
t,t
tcl,tcl
ix,q
ix,ix
m,n
ix,axr
ey,ey
q,q
hv,hv
z,z
n,n
ae,oy
dcl,tcl
bcl,dcl
dh,dh
l,v
r,r
ux,n
ax,ax
aa,eh
l,l
ey,ey
m,m
dcl,dcl
z,z
n,ng
jh,jh
l,ao
pcl,tcl
s,s
r,r
iy,iy
p,hh
iy,iy
q,q
r,r
en,dcl
f,tcl
axr,axr
uw,ow
z,s
sh,sh
ow,ow
en,n
ae,aa
ay,aa
l,w
m,m
r,r
z,z
aa,m
ah,aa
el,el
er,er
n,n
tcl,tcl
aw,aa
ax,n
axr,g
p,tcl
y,y
dcl,tcl
k,k
y,dx
ow,ax
y,y
ix,ix
q,q
l,l
er,ux
er,r
ey,ey
s,s
kcl,tcl
eh,ah
k,k
r,r
ux,ux
k,k
tcl,dcl
bcl,kcl
k,k
ih,eh
ix,ix
ao,ow
sh,sh
r,r
pcl,tcl
tcl,tcl
l,l
g,g
m,n
dcl,dcl
ax,ax
y,iy
pcl,tcl
ix,ix
y,r
z,z
t,t
q,r
d,k
eh,hv
gcl,dcl
ah,ow
l,l
m,n
p,k
m,ng
aa,ao
z,z
iy,ix
gcl,dcl
ey,ey
eh,eh
k,k
r,hv
dcl,tcl
ax,ax
aw,aw
z,s
l,l
tcl,tcl
ux,ih
ix,ix
ax,axr
pcl,tcl
iy,axr
eh,ix
r,axr
hv,hv
kcl,tcl
q,q
sh,sh
dcl,dcl
n,dcl
ey,ey
ux,ux
kcl,tcl
el,ax
s,s
aa,ay
dh,dh
m,m
hv,hv
ah,ao
w,w
iy,iy
l,n
dcl,dcl
f,z
d,jh
n,ix
l,l
iy,iy
er,r
r,w
iy,ix
r,r
l,l
s,s
ng,n
sh,sh
iy,iy
pcl,pcl
dx,ix
nx,n
ae,ae
s,s
p,tcl
ux,iy
er,er
kcl,kcl
ae,ae
hh,hh
dcl,tcl
w,w
l,ax
s,s
ah,ah
dh,dh
dcl,dcl
n,n
dx,ix
dcl,dcl
s,s
eh,eh
oy,ao
ae,eh
n,ix
kcl,kcl
hh,t
z,z
ay,ay
el,q
ix,ix
t,k
bcl,bcl
axr,ax
iy,iy
q,ix
ay,ay
dh,v
ng,gcl
s,s
iy,iy
ux,ux
iy,ey
th,s
m,dx
axr,r
sh,s
ix,ix
iy,iy
jh,jh
l,l
ao,ao
f,z
ix,ix
sh,sh
b,q
k,k
dcl,dcl
tcl,tcl
en,n
w,w
ao,ao
dh,dcl
n,n
jh,ch
ax,r
aa,aa
v,v
ax-h,dcl
sh,s
n,n
n,n
l,l
dcl,dcl
w,w
dcl,dcl
ow,eh
p,p
s,s
m,l
ax,ax
ih,r
kcl,gcl
bcl,dcl
ch,ch
pcl,dh
g,t
f,f
ey,ey
q,q
ax,ax
sh,sh
s,s
s,s
ay,ah
kcl,tcl
r,dx
tcl,pcl
nx,n
ix,ax
axr,axr
dcl,tcl
n,n
ix,ax
v,dh
bcl,l
eh,eh
q,q
z,z
s,s
s,jh
r,r
jh,jh
aa,ao
sh,ch
gcl,dcl
z,jh
f,f
m,m
ay,ae
kcl,tcl
s,s
iy,iy
d,t
q,q
sh,sh
axr,r
r,r
g,k
ih,ih
eh,eh
s,s
ax,ix
aa,ae
ih,ix
aa,ow
n,n
sh,s
ix,ix
jh,sh
kcl,kcl
ax,l
ih,ng
axr,axr
er,axr
f,f
aa,aa
ay,ey
jh,s
kcl,kcl
dx,tcl
ix,ix
ih,axr
tcl,tcl
iy,iy
k,k
ax-h,t
gcl,dcl
l,w
ao,l
k,k
s,s
tcl,kcl
aa,aa
f,f
dcl,jh
axr,r
ix,ix
gcl,dcl
r,w
pcl,tcl
ih,ix
jh,jh
iy,y
pcl,tcl
f,f
kcl,tcl
ao,ao
uh,w
s,s
f,z
r,ix
eh,ix
ay,ae
ay,aa
ux,ih
ah,ow
eh,eh
s,s
s,s
n,n
ey,ey
n,n
m,ng
ao,ao
f,f
nx,dx
v,n
ao,w
n,n
k,q
k,kcl
n,n
el,ow
iy,iy
r,r
ae,ae
n,n
n,dx
v,dh
eh,l
ah,axr
ih,eh
n,n
dcl,dcl
iy,iy
ux,ih
eh,ih
n,n
n,n
pcl,pcl
tcl,tcl
ih,eh
iy,iy
tcl,kcl
l,l
ey,iy
ng,n
l,l
ix,ix
eh,eh
gcl,dcl
eh,ey
ix,ix
ax,l
q,q
ix,q
th,s
ax,ax
g,g
w,w
ax,ah
ix,ix
r,axr
s,s
ix,ax
w,w
ae,ae
s,s
t,z
f,f
s,z
ao,ao
q,q
q,k
ix,ix
ah,ah
ao,ah
oy,oy
ao,aa
axr,r
ax,m
ax,ix
k,k
ae,ae
n,n
kcl,kcl
dh,f
ae,ae
eh,hv
k,k
s,s
ae,ae
tcl,tcl
ao,ao
m,n
l,l
iy,ix
ah,ao
hv,hv
axr,er
gcl,dcl
n,n
f,f
y,y
tcl,dx
iy,iy
iy,r
ah,r
m,m
kcl,tcl
gcl,dcl
f,f
r,ix
ow,ah
m,m
ae,ae
ax,ax
l,n
dcl,dcl
ae,ih
ix,ax
f,t
kcl,tcl
uw,ix
ix,l
n,n
tcl,tcl
ow,ow
dcl,tcl
ay,ae
ih,eh
er,iy
axr,axr
z,s
gcl,dcl
pcl,tcl
dcl,dcl
hh,hh
tcl,tcl
z,z
ix,l
m,m
ax,ix
aa,aa
ae,eh
bcl,dcl
q,f
eh,eh
ay,ay
z,jh
dx,dx
t,t
ix,ix
ch,ch
k,k
hh,kcl
iy,iy
tcl,tcl
jh,k
iy,iy
ay,ah
r,r
z,z
th,f
tcl,tcl
ao,ow
aa,aa
q,q
ah,aa
ix,ix
ch,ch
eh,eh
n,n
f,f
th,dh
tcl,tcl
ao,r
r,ih
pcl,pcl
tcl,tcl
n,n
z,z
ih,ih
axr,axr
iy,iy
ix,ix
dcl,dcl
jh,jh
m,v
ih,ey
ah,ae
y,iy
aa,aa
n,m
eh,ae
ax,l
l,w
t,t
kcl,kcl
dh,v
m,uw
tcl,tcl
p,hh
eh,ae
g,k
l,ow
r,r
jh,t
eh,eh
n,n
axr,axr
ay,ay
k,k
ux,ux
eh,eh
ao,aa
s,s
ih,ix
ao,aa
eh,eh
eh,ih
f,f
ix,ax
n,dx
tcl,tcl
l,ix
m,m
ix,n
r,r
p,k
s,s
ay,ay
el,l
ax,eh
p,t
l,l
tcl,tcl
zh,jh
dcl,n
p,dh
r,r
s,s
ao,aa
eh,ey
tcl,tcl
sh,s
axr,n
n,n
er,r
l,l
kcl,tcl
l,l
sh,sh
n,n
r,ix
bcl,dcl
ch,jh
ng,ng
eh,eh
ix,ix
ch,ch
ao,aa
dx,dcl
m,ix
t,d
iy,iy
iy,ih
aa,aa
ah,eh
ng,ng
y,iy
s,s
g,g
n,q
kcl,tcl
axr,axr
ey,ey
ax,ao
n,n
q,n
tcl,tcl
ow,ow
l,l
th,dh
tcl,kcl
l,ix
ih,ih
ix,ix
ae,ae
oy,r
tcl,tcl
n,n
eh,aa
tcl,tcl
ch,sh
n,n
n,tcl
dcl,dcl
ih,ih
aa,aa
r,r
ix,n
q,q
n,n
z,s
dh,dh
w,w
n,n
dh,dh
n,n
gcl,kcl
s,s
er,ow
z,z
ux,iy
m,m
n,ix
m,axr
y,iy
nx,dx
aa,ao
ow,ah
q,q
axr,axr
r,eh
l,l
axr,ix
ih,iy
sh,sh
y,y
f,f
ix,ix
ax,ax
dcl,dcl
ah,ah
ey,iy
el,l
s,s
q,q
ao,ao
w,l
pcl,tcl
hv,hv
y,y
pcl,tcl
dh,dcl
iy,iy
s,s
l,ix
d,ch
ih,ix
r,ix
ih,ix
w,w
n,n
kcl,tcl
ao,ao
r,r
z,s
n,ng
ix,ix
m,dcl
k,k
hh,hh
iy,iy
aa,aa
r,r
kcl,kcl
ux,iy
s,s
eh,eh
ux,ix
w,w
uh,ax
l,r
p,hh
l,q
iy,ng
z,z
s,s
ao,w
ux,ux
ih,ih
ix,ah
n,n
kcl,kcl
ix,iy
axr,axr
dcl,bcl
ey,ey
eh,ah
iy,ux
kcl,tcl
ih,ix
f,f
kcl,tcl
tcl,tcl
w,w
er,axr
iy,iy
uw,el
ae,ae
kcl,kcl
tcl,tcl
gcl,kcl
ay,ay
ao,ao
pcl,tcl
tcl,tcl
aa,aa
ng,n
ix,ix
aw,ow
aw,ao
n,n
ey,ey
r,r
ax,ix
ix,ix
n,n
f,tcl
uh,el
ih,ix
n,n
q,q
ix,iy
ix,ix
v,z
z,s
ix,ix
tcl,v
ih,ih
iy,ey
n,n
er,aa
f,f
ah,ow
aa,ao
ow,ow
v,q
l,el
ix,eh
r,q
r,r
eh,eh
ae,ae
ae,eh
en,q
m,n
k,dx
kcl,tcl
gcl,dcl
ix,ix
l,l
tcl,tcl
oy,ao
ih,ih
uh,ix
k,tcl
m,n
eh,aa
t,t
uw,w
kcl,pcl
axr,ax
axr,er
y,tcl
th,th
ah,aa
th,f
ae,ae
bcl,dcl
z,z
l,l
kcl,tcl
l,l
bcl,dcl
l,l
m,dcl
kcl,tcl
dcl,dcl
ix,ix
ih,ix
s,s
dcl,tcl
ao,aa
ay,ay
ao,ao
ih,r
dx,q
kcl,tcl
ix,ix
aa,ao
y,ix
z,s
y,y
er,axr
m,n
axr,axr
axr,ax
axr,axr
eh,eh
iy,axr
bcl,dcl
hh,m
q,q
ae,ay
tcl,jh
s,s
t,s
eh,ah
ey,eh
ae,ae
l,w
pcl,tcl
r,r
kcl,kcl
r,r
w,l
eh,aa
ao,ao
tcl,tcl
m,l
ix,ix
tcl,tcl
ay,aa
q,w
er,er
f,f
ay,aa
ay,ey
w,w
oy,ay
p,p
n,n
aa,ao
g,t
ng,n
ao,ay
r,r
kcl,tcl
l,w
r,r
axr,ix
t,t
aa,ao
dcl,dcl
eh,eh
ay,aw
s,s
kcl,tcl
ix,ix
ey,ae
tcl,dcl
ow,l
y,y
s,s
bcl,dcl
gcl,kcl
oy,oy
ey,ey
ey,ih
tcl,tcl
hv,hv
ih,eh
ao,ao
ih,ih
q,aa
k,tcl
ao,aa
jh,jh
iy,iy
bcl,dcl
n,n
l,ix
g,g
tcl,tcl
l,l
r,hv
ae,ae
er,axr
q,q
iy,ih
l,ax
d,t
y,y
pcl,tcl
iy,axr
k,k
ah,axr
s,s
ow,ow
l,l
l,l
oy,oy
r,axr
aa,aw
n,v
ay,ay
hh,hv
l,r
bcl,dcl
v,v
ih,eh
m,n
er,axr
aa,aa
pcl,tcl
ao,ao
dh,dh
pcl,tcl
l,l
l,l
ih,ix
n,n
eh,ey
w,w
s,z
m,m
gcl,tcl
ix,ix
ch,k
ng,n
n,n
en,en
t,t
ix,ix
ih,ix
k,dh
ey,ey
q,q
dcl,tcl
q,ix
eh,axr
en,ix
ix,ix
kcl,tcl
p,t
n,n
ao,ao
ax,ax
iy,iy
pcl,tcl
ao,aa
r,r
v,ax
ix,ux
axr,axr
l,l
n,n
z,z
dh,dh
p,k
ih,eh
ay,ay
gcl,dcl
t,t
nx,n
kcl,tcl
ih,eh
g,g
w,w
r,r
z,z
n,n
tcl,tcl
dcl,dcl
ih,ax
d,dh
tcl,tcl
r,r
s,k
iy,iy
ix,ix
n,ix
ih,ux
ao,ao
tcl,tcl
ax,l
ix,ix
m,ng
z,s
d,d
f,f
ix,ix
w,w
k,k
ix,ix
s,s
jh,jh
t,t
z,z
s,s
iy,y
eh,eh
l,w
pcl,f
ow,l
bcl,tcl
n,y
r,r
aa,ao
k,t
n,n
n,n
f,t
sh,zh
axr,ix
n,m
s,s
gcl,dcl
ih,ix
ih,iy
axr,axr
z,s
ey,iy
l,l
ax,ax
bcl,bcl
m,n
er,er
hh,hv
ah,aa
l,l
ae,ay
q,q
r,axr
ae,aa
axr,axr
ah,eh
s,s
s,s
iy,iy
tcl,z
d,v
iy,q
axr,axr
l,l
ih,ix
q,q
kcl,q
n,uw
s,ch
n,n
pcl,tcl
dcl,bcl
q,dx
m,n
l,l
z,z
uw,ow
kcl,tcl
aa,aa
l,l
kcl,tcl
ae,ae
t,k
en,dcl
s,s
ix,ix
bcl,dcl
s,s
ey,ey
k,k
m,n
ey,axr
tcl,tcl
ix,ix
bcl,bcl
ux,ux
pcl,tcl
v,r
n,n
f,th
w,w
ix,ix
ao,ao
s,s
k,k
ax,ix
ix,ix
r,r
z,z
eh,eh
er,axr
l,l
t,t
q,ih
ix,ix
gcl,pcl
kcl,tcl
pcl,tcl
el,ao
ao,w
r,r
iy,iy
ix,ix
w,w
p,g
ng,n
m,m
hv,ix
dh,t
ih,uw
v,w
kcl,tcl
p,dh
s,s
l,w
v,n
m,m
kcl,kcl
q,q
ax,ih
ax,n
eh,ae
l,l
dcl,tcl
gcl,dx
ae,ae
r,er
ih,ix
kcl,tcl
dcl,dcl
z,z
oy,ao
n,n
aa,aa
n,n
m,n
sh,sh
el,l
t,t
s,s
ay,ae
aw,ae
s,s
dcl,dcl
iy,ix
v,n
er,er
ae,ae
dcl,dcl
ix,ix
l,ax
v,w
pcl,pcl
m,n
dcl,tcl
z,z
ix,ix
m,n
ih,ih
el,el
axr,r
t,k
w,w
er,axr
dh,dh
ax,ax
s,s
eh,l
ae,ae
bcl,n
ao,ao
eh,ix
r,q
n,n
n,n
ix,iy
dh,dh
el,l
uh,eh
n,ix
er,er
ae,ae
kcl,kcl
dcl,ix
er,r
eh,eh
ix,iy
l,l
kcl,kcl
q,q
uh,ih
w,w
ng,n
ix,ix
ao,ao
gcl,tcl
ng,ng
dh,dh
m,n
s,s
eh,eh
g,g
pcl,pcl
q,q
tcl,tcl
n,n
z,z
oy,aa
q,n
z,z
v,bcl
ey,ey
dx,q
gcl,bcl
r,r
tcl,tcl
aa,aa
l,m
l,l
z,z
ae,ae
pcl,pcl
ae,ae
pcl,tcl
tcl,tcl
ix,ix
aa,aa
uh,ow
ay,ae
dcl,tcl
ao,aa
aa,aa
tcl,tcl
k,k
s,s
aa,ao
ah,ah
k,k
v,n
dcl,tcl
ow,ow
l,l
ix,ix
kcl,kcl
ng,bcl
ao,w
tcl,dcl
q,q
sh,sh
tcl,dcl
pcl,bcl
dcl,dcl
iy,iy
aa,aa
hh,dh
k,k
ae,ae
kcl,tcl
ao,ao
ih,ix
q,q
ih,ih
r,r
sh,sh
tcl,tcl
k,k
l,l
bcl,dcl
ih,ix
z,f
tcl,tcl
f,f
b,tcl
t,t
ae,ae
en,uw
tcl,tcl
g,v
p,k
tcl,tcl
ey,ey
ix,ih
aa,er
k,k
aa,aa
ao,ao
iy,ey
r,er
r,r
n,n
gcl,dcl
m,n
ax,ax
kcl,tcl
l,w
ix,ix
ae,ae
dcl,dcl
tcl,tcl
eh,eh
r,r
pcl,pcl
s,s
q,ix
q,q
r,n
tcl,tcl
ow,ow
s,s
ax,ax
m,m
bcl,kcl
r,ax
n,ix
iy,iy
tcl,kcl
s,s
tcl,tcl
ax,ax
ay,ay
m,dcl
en,ix
tcl,q
ih,q
aa,aa
p,k
f,tcl
kcl,tcl
axr,ax
f,t
ae,eh
dh,dh
k,t
tcl,tcl
y,y
iy,ix
tcl,tcl
iy,iy
w,w
t,t
el,el
ay,ae
dcl,dcl
ay,aa
eh,ah
q,q
ae,ih
ay,eh
oy,aa
en,dcl
axr,ax
k,k
ix,ix
kcl,tcl
ux,ix
ix,ix
ih,ih
ih,axr
ix,ix
ah,l
ih,iy
z,s
n,n
w,w
ax,ix
oy,ow
n,n
jh,jh
aa,ao
z,z
ae,ae
ey,ey
v,dh
q,q
q,q
ix,n
dcl,dcl
kcl,kcl
kcl,tcl
dx,dx
d,t
iy,iy
t,d
pcl,tcl
iy,eh
q,q
ax,eh
ix,ah
ix,ix
ux,ix
y,ix
ix,ih
m,m
q,q
ih,ih
eh,ao
f,f
nx,n
t,k
ng,n
t,t
ax,ax
l,l
ah,eh
gcl,tcl
eh,ey
iy,iy
hv,hv
ix,ix
ey,ae
kcl,tcl
ae,aa
ax,ix
l,l
q,ae
q,k
ix,ix
ch,ch
iy,ix
k,k
iy,iy
kcl,kcl
s,s
n,ix
bcl,dcl
s,s
aa,aa
er,er
r,r
ow,ow
ey,iy
kcl,tcl
l,l
r,w
kcl,tcl
m,axr
aa,ao
ih,eh
l,l
s,s
l,w
ng,ng
f,t
ow,ow
uw,l
eh,ey
d,k
q,tcl
ay,ah
q,ax
q,p
dcl,dcl
el,ao
eh,eh
iy,iy
n,n
ih,ix
t,t
q,q
el,ao
ux,ix
bcl,tcl
s,s
l,l
iy,ih
n,ix
q,q
n,w
w,ax
eh,ae
r,ix
w,q
sh,sh
p,p
ay,ay
th,f
ix,ix
jh,jh
iy,ih
s,f
k,g
ow,ow
ah,ao
dcl,dcl
n,n
n,dcl
s,s
r,r
m,n
n,n
ih,ey
dh,bcl
r,ix
k,g
bcl,dx
dh,th
z,z
l,ax
k,kcl
w,w
p,p
y,y
bcl,dcl
ow,oy
pcl,tcl
ix,ix
kcl,kcl
l,el
tcl,tcl
aa,aa
t,k
w,w
d,d
t,t
gcl,dcl
t,jh
s,s
aw,ae
th,t
y,y
s,s
kcl,g
axr,ih
n,v
ow,aa
kcl,tcl
dx,dcl
sh,s
sh,sh
w,w
r,ix
ix,eh
jh,jh
ae,ey
ax,ix
ah,aa
aa,aa
z,z
n,n
tcl,kcl
s,s
gcl,dcl
tcl,tcl
ax,ax
ix,n
ih,ih
hv,iy
ix,ix
w,w
n,n
tcl,dcl
ey,ey
ey,ih
v,dh
eh,eh
r,r
ao,ay
k,tcl
bcl,dcl
ey,iy
ah,eh
g,k
ux,ix
r,r
sh,sh
f,tcl
axr,ix
ih,ix
ix,ix
ux,ix
bcl,bcl
dcl,dcl
q,q
l,ow
dcl,tcl
l,ix
dh,dh
p,hh
t,t
ih,eh
iy,iy
ow,eh
kcl,kcl
sh,sh
z,z
ix,ix
aa,ao
ih,ix
ao,r
ao,ao
bcl,dcl
ix,ix
q,tcl
tcl,tcl
iy,iy
ay,ao
er,axr
iy,ey
dcl,tcl
g,g
iy,iy
n,n
s,s
ch,ch
dcl,dcl
z,z
q,q
iy,ih
n,n
n,n
m,n
oy,ao
dcl,dcl
gcl,tcl
ih,ih
uh,ih
l,l
z,z
n,n
aw,ae
tcl,tcl
kcl,tcl
n,m
aa,aa
axr,er
n,ix
el,ax
iy,iy
n,dcl
ix,ix
kcl,tcl
iy,iy
s,s
g,k
ao,ao
z,z
iy,iy
l,l
kcl,tcl
ux,ih
dx,dx
er,eh
dh,ix
axr,axr
ix,ax
iy,iy
iy,ix
kcl,kcl
dx,dx
ey,ey
p,p
b,dh
ah,ax
l,l
axr,ix
hh,q
r,r
v,ax
ae,eh
n,n
ix,ih
n,dcl
ix,ix
kcl,tcl
ah,eh
ao,aa
r,r
f,f
n,n
th,z
ix,ix
er,axr
m,n
ao,ao
ng,n
ah,aa
ey,ey
q,q
kcl,tcl
ax,ix
iy,n
dcl,tcl
kcl,tcl
ay,ay
ux,ix
l,v
ay,ay
s,s
l,ax
w,w
sh,sh
m,n
ey,eh
s,z
gcl,gcl
dh,dh
iy,ix
k,q
ng,ix
r,ao
gcl,dcl
dx,r
r,r
gcl,dcl
uh,uw
ch,t
s,z
dcl,dcl
bcl,m
l,el
ey,ix
f,f
t,t
n,n
ax,ax
el,l
hh,hh
z,z
ow,ax
ow,ow
tcl,tcl
dx,dh
ae,ae
b,q
ao,aa
gcl,n
iy,iy
tcl,tcl
s,s
ow,uw
bcl,dcl
gcl,n
axr,eh
nx,dx
ao,aa
eh,eh
iy,iy
v,dcl
ao,ao
aa,aa
m,n
l,r
dcl,dcl
l,l
ch,s
p,p
dcl,pcl
kcl,dcl
ng,en
ih,q
kcl,tcl
ix,iy
ey,ey
r,r
m,m
iy,iy
ih,ih
k,k
l,ax
axr,r
ih,ix
oy,oy
dx,q
eh,eh
w,w
v,v
t,t
er,aa
uw,uw
s,s
w,w
er,aa
ih,axr
ae,aa
ix,v
m,m
k,k
q,q
er,ux
iy,ix
k,k
kcl,tcl
tcl,tcl
ux,ux
iy,iy
ih,eh
r,r
dcl,tcl
tcl,dcl
k,k
n,ng
g,ix
iy,iy
ih,ih
ax,ax
s,s
s,s
eh,ix
s,s
kcl,tcl
r,r
ih,iy
iy,iy
ix,ah
m,m
l,l
ey,eh
ix,ix
b,q
gcl,dcl
bcl,gcl
l,l
th,f
hv,ae
t,t
z,z
ng,l
kcl,kcl
r,ix
ey,iy
m,m
axr,ax
w,w
ae,ey
el,ah
r,l
m,n
er,axr
ao,aa
hh,hh
m,l
bcl,dcl
aa,aa
t,jh
nx,ix
ao,ao
aa,aa
k,k
axr,axr
iy,iy
p,p
m,n
dcl,dcl
l,l
iy,iy
hv,hv
kcl,tcl
ey,iy
ay,ay
l,l
axr,q
iy,iy
g,t
r,r
ah,ae
ey,ey
f,f
s,s
y,y
ah,l
n,ng
l,w
pcl,dcl
g,k
r,w
iy,ix
q,q
z,z
dcl,dcl
bcl,tcl
ay,ay
ix,ix
ih,iy
ih,ey
kcl,tcl
ae,aa
s,z
ih,ih
ih,ih
v,tcl
t,jh
aa,er
axr,er
hv,hv
r,r
pcl,kcl
ax,dh
r,r
dcl,dcl
ay,ay
er,r
gcl,dcl
n,n
dcl,dcl
z,s
dcl,n
n,n
g,g
l,l
s,z
iy,iy
ah,aa
iy,axr
axr,r
ae,ae
kcl,tcl
w,w
m,r
r,r
ao,ao
gcl,tcl
s,sh
ix,ix
ax,ix
ix,ix
aa,ay
ih,ix
tcl,tcl
q,q
kcl,kcl
n,n
jh,ch
eh,ih
ax,ax
ix,ix
eh,ah
s,s
eh,eh
y,ix
ow,l
nx,l
ix,ix
aa,ao
ih,ix
n,n
eh,r
z,t
axr,iy
sh,sh
n,n
n,n
z,z
ae,ae
ah,ix
n,n
tcl,tcl
er,axr
n,n
ux,ix
ng,dcl
ih,ih
p,k
t,k
w,w
ao,ae
ix,ix
gcl,dcl
m,n
m,n
p,q
eh,er
ix,ix
ih,ih
z,z
k,k
ae,ah
ao,w
s,s
aa,l
r,r
ax,ax
ix,ah
ix,ix
ix,ix
q,q
l,n
k,k
ng,ix
hh,hh
axr,axr
kcl,tcl
ax,ax
q,q
oy,oy
ae,ae
ux,ix
sh,sh
p,p
bcl,dcl
ih,ih
dh,dx
kcl,n
bcl,tcl
ix,ix
w,w
g,k
kcl,kcl
s,s
k,k
n,ix
aa,ao
eh,axr
hh,k
ax,ix
ix,ax
r,r
iy,iy
ix,ax
ix,ix
r,ix
k,k
b,tcl
axr,axr
eh,er
y,ix
k,k
kcl,tcl
ow,ah
v,pcl
s,s
ng,n
m,bcl
iy,y
ix,ix
tcl,dcl
kcl,kcl
k,k
ix,ix
iy,iy
ix,ih
n,n
g,g
l,ax
w,l
ax,ah
aw,ao
k,tcl
w,w
bcl,w
ix,ix
th,f
ae,ih
bcl,dcl
z,z
g,k
ey,ey
m,ng
w,w
m,v
axr,axr
ih,ih
axr,q
ae,ae
aa,ae
ux,ih
th,th
jh,jh
ax,ax
iy,iy
kcl,tcl
hv,hv
s,s
r,r
tcl,dcl
aa,aa
q,q
ay,ay
tcl,tcl
k,f
z,s
ay,aa
ax,ax
aa,aa
l,l
iy,iy
n,n
ix,ix
oy,ow
ow,ow
k,k
w,w
q,q
dcl,dcl
uw,ix
m,n
s,s
kcl,kcl
dh,dx
dcl,dcl
w,w
uh,ix
k,tcl
m,n
m,m
t,t
sh,sh
z,z
w,q
dh,n
dcl,dcl
l,l
ax,l
kcl,kcl
l,ax
ao,ao
g,dx
ng,ih
ih,ih
el,el
f,f
tcl,kcl
pcl,tcl
ax,ax
dcl,dcl
t,t
ih,ih
dcl,dcl
z,s
tcl,tcl
t,jh
ow,uw
v,dx
ah,l
p,dh
eh,eh
tcl,tcl
s,s
ax,q
hv,ix
axr,r
y,iy
dcl,gcl
r,r
ay,ay
axr,ih
k,k
dcl,dcl
r,r
y,y
bcl,pcl
s,s
ao,ao
iy,iy
y,iy
ao,aa
ah,ow
tcl,tcl
ix,eh
r,eh
axr,ix
aa,aa
ux,ux
dh,dh
dcl,n
kcl,kcl
ao,ao
ix,ix
kcl,kcl
ey,ow
ae,ae
ao,ao
kcl,kcl
dcl,bcl
ao,ao
n,n
m,m
axr,r
en,ng
ix,iy
ey,ey
aa,eh
s,sh
l,l
tcl,tcl
tcl,tcl
s,s
w,q
ih,ix
dh,dh
ix,ix
s,s
n,n
ey,iy
g,q
ah,r
l,l
l,ax
iy,iy
tcl,tcl
w,w
iy,iy
iy,iy
kcl,tcl
w,w
tcl,dcl
z,sh
ey,eh
uw,ih
n,n
y,y
kcl,kcl
y,ix
t,t
dh,q
aa,aa
y,y
er,axr
ax-h,ax
en,ix
n,ix
iy,iy
pcl,tcl
r,ix
m,n
ae,ay
ix,iy
axr,r
z,z
tcl,pcl
ax,l
axr,r
n,n
ay,aa
tcl,tcl
el,el
tcl,tcl
tcl,tcl
r,l
sh,sh
el,ax
q,q
ao,aa
ow,ah
l,l
w,w
jh,jh
dcl,dcl
z,s
ow,w
l,l
s,s
q,ax
r,r
n,n
s,s
axr,er
sh,sh
v,n
m,m
sh,sh
n,n
ey,ey
ao,ao
ey,ey
m,n
l,ow
l,ix
f,f
nx,dx
g,g
s,s
kcl,kcl
p,kcl
q,ax
eh,ih
tcl,tcl
s,s
s,s
w,w
f,z
ao,w
dx,dh
s,s
q,q
ch,ch
ay,ay
tcl,dcl
ao,ay
axr,axr
dcl,dcl
iy,iy
l,l
n,m
n,n
s,s
tcl,tcl
v,n
pcl,tcl
iy,iy
r,r
p,hh
ih,ih
m,m
ae,ae
l,l
ih,ix
en,n
ow,ow
axr,axr
eh,r
ah,ow
s,s
eh,ix
tcl,kcl
ng,n
iy,iy
s,s
l,ao
p,p
kcl,tcl
hv,ix
ux,ux
ae,eh
ih,eh
ih,ih
ey,eh
dcl,bcl
hv,y
n,m
n,ix
dcl,tcl
kcl,tcl
ix,ix
s,s
l,l
z,s
ih,ax
ow,ow
ax,ax
q,q
s,s
ix,eh
ae,ae
n,n
f,s
sh,sh
n,n
ay,ay
y,y
uw,w
n,n
m,n
d,t
tcl,tcl
dcl,dcl
r,r
aa,aa
r,r
l,l
ey,iy
ix,ix
ix,ix
k,k
q,dx
ih,axr
m,n
l,el
ix,ix
r,r
y,y
p,dh
w,w
t,t
z,z
ae,aa
tcl,v
kcl,tcl
ih,iy
ng,ng
t,t
iy,iy
ae,ae
r,r
y,iy
n,dx
f,f
dcl,dcl
iy,iy
aa,aa
gcl,dcl
el,el
iy,iy
ax,ax
q,q
nx,n
th,f
ih,iy
l,dh
dcl,dcl
v,v
d,q
ae,eh
dcl,dcl
el,aa
ao,aa
sh,sh
t,t
ow,ow
l,l
m,m
oy,ay
iy,iy
z,z
aa,aa
eh,ae
aa,aa
iy,ix
aa,aa
p,p
ae,ae
n,n
kcl,tcl
eh,iy
iy,iy
q,q
ih,ow
r,y
n,dcl
kcl,tcl
t,t
ey,ey
y,iy
iy,iy
r,r
aa,ae
v,v
k,k
ow,eh
g,dx
r,axr
ix,ih
m,w
dx,dx
bcl,dcl
ix,ix
gcl,dcl
er,axr
bcl,bcl
ae,ae
gcl,tcl
dcl,dcl
axr,ix
s,s
pcl,pcl
y,y
aa,aa
ch,jh
s,s
kcl,f
ax,ah
n,n
uw,uw
er,axr
er,er
t,t
l,q
ao,w
q,q
m,n
n,n
kcl,tcl
ao,ao
r,r
l,l
el,n
q,q
m,n
m,n
y,ih
z,z
l,l
ch,ch
s,s
l,l
sh,sh
ng,n
ay,aa
t,t
dcl,dcl
kcl,kcl
dcl,dcl
k,jh
r,r
ih,ih
kcl,tcl
tcl,tcl
ih,ix
sh,sh
iy,iy
dh,dh
axr,er
ax,ix
ah,eh
ih,iy
d,d
ao,w
n,ix
kcl,tcl
p,t
axr,axr
v,v
s,s
t,ch
k,k
t,sh
iy,ey
hv,hv
hh,k
s,s
axr,axr
f,f
eh,eh
iy,iy
t,t
p,t
ao,ao
ih,axr
ao,aw
tcl,tcl
iy,iy
dcl,dcl
s,s
t,t
dcl,dcl
aa,aa
q,dcl
aa,aa
ix,ix
f,dcl
q,q
l,l
ix,ix
tcl,tcl
v,dcl
axr,axr
s,sh
ao,l
n,n
bcl,n
w,w
axr,axr
iy,iy
en,n
ao,ao
r,ah
aa,aa
ao,aa
ey,ey
sh,sh
iy,iy
r,r
n,n
y,ix
tcl,tcl
tcl,tcl
ix,ix
s,s
t,k
ix,ix
axr,ih
t,k
sh,s
v,dcl
l,l
en,ng
k,k
tcl,tcl
s,s
l,ow
l,l
dx,n
s,s
s,s
s,sh
f,f
kcl,tcl
ay,ae
ey,ey
ih,iy
bcl,dcl
ay,ae
pcl,pcl
tcl,kcl
k,hh
r,r
q,ix
el,l
ax,ix
dh,dcl
iy,iy
l,l
sh,sh
m,n
er,r
eh,eh
gcl,n
ix,ix
er,er
f,f
uh,eh
ax,ax
eh,ah
sh,sh
l,l
r,r
f,hh
ch,ch
ow,ow
iy,iy
ih,iy
ay,ae
iy,iy
t,t
iy,iy
s,s
gcl,n
p,g
m,n
ih,ix
q,q
ae,ae
iy,iy
oy,ae
k,k
gcl,dcl
eh,ih
m,n
hh,p
pcl,tcl
bcl,tcl
n,n
ae,ae
ih,ih
ix,ix
q,q
m,r
ow,ow
ng,n
s,s
s,sh
n,ng
ao,aa
r,ix
kcl,tcl
ay,ae
ih,iy
ix,ix
ix,ix
ao,w
m,m
eh,eh
ah,ow
gcl,dcl
s,s
kcl,tcl
n,n
iy,iy
w,r
dh,dh
tcl,tcl
dcl,dcl
el,el
z,z
aa,ay
ae,eh
t,d
dh,dh
r,l
f,dh
t,k
dcl,tcl
ax,ax
dcl,dcl
l,l
r,axr
iy,iy
tcl,tcl
ow,uw
w,l
hh,q
eh,eh
n,bcl
ix,ix
gcl,ix
en,n
w,w
z,s
l,w
m,n
r,r
k,hh
n,n
hv,hv
pcl,pcl
ix,ix
gcl,dcl
jh,jh
eh,ih
ax-h,dcl
y,y
w,w
n,dcl
ix,ix
ay,ae
t,k
ao,w
g,g
ae,ae
ao,ao
ax,axr
ix,ix
ay,ay
eh,ah
tcl,jh
m,ux
gcl,n
aa,ae
q,q
gcl,kcl
f,f
axr,axr
ah,ax
r,ah
dx,tcl
kcl,dh
eh,aa
q,q
tcl,tcl
axr,axr
iy,ix
aa,aa
p,t
ix,axr
ix,ix
m,n
tcl,tcl
hv,hv
sh,s
bcl,dcl
ix,ix
v,v
q,q
n,n
s,s
iy,iy
dx,tcl
f,th
gcl,dcl
m,n
aa,aa
oy,oy
sh,sh
ch,sh
s,s
iy,iy
ow,ao
ey,hv
l,l
ng,ix
n,m
iy,ix
l,ax
f,f
n,ix
s,ch
n,m
ix,axr
ix,ih
r,r
ux,ux
m,n
nx,n
aa,aa
ah,ix
er,axr
n,en
eh,eh
m,w
ux,er
aa,aa
bcl,tcl
z,s
l,l
sh,s
f,f
axr,ax
iy,ey
iy,iy
bcl,n
ih,ih
ix,ix
l,ax
z,z
ao,ao
ao,l
iy,iy
ih,ey
dcl,dcl
n,n
ao,ao
l,l
ae,ae
tcl,tcl
ae,eh
ax,ix
dcl,dcl
dx,dx
sh,sh
axr,axr
ey,ey
hh,hh
n,n
ax,ow
l,ix
d,t
eh,eh
axr,axr
ax-h,hh
gcl,tcl
tcl,tcl
axr,axr
ah,ah
ux,iy
en,q
ih,ih
iy,ix
er,er
k,k
ao,ao
iy,iy
ay,ay
n,n
k,t
r,r
ih,iy
sh,sh
y,ix
iy,iy
kcl,kcl
sh,z
aa,aa
ix,ix
l,l
hv,ix
er,axr
w,w
m,m
w,w
ay,aa
n,n
ae,ae
n,n
n,k
bcl,bcl
s,z
k,t
k,k
iy,iy
w,n
aa,aa
dcl,dcl
l,l
ao,ao
k,t
tcl,kcl
ow,aa
aa,ow
hv,hv
eh,ae
ah,eh
tcl,tcl
d,k
ae,ae
z,s
tcl,q
kcl,k
bcl,dcl
gcl,pcl
sh,s
f,f
ow,ow
w,w
ao,el
ao,aa
s,s
ao,ao
iy,iy
bcl,dcl
er,er
d,q
q,q
p,p
r,r
r,r
n,n
tcl,tcl
hh,tcl
l,ix
s,s
ch,sh
t,t
ih,ih
v,n
l,l
ix,iy
m,m
ae,ae
t,z
eh,ix
q,q
n,n
ch,ch
t,z
el,l
ix,ix
p,p
iy,ih
eh,eh
ae,ae
ay,ay
sh,sh
m,n
eh,eh
nx,ix
n,l
iy,iy
jh,q
l,ax
tcl,tcl
ax,ih
ah,uw
jh,jh
w,w
m,m
f,f
w,w
ao,el
dh,t
hh,p
ng,n
n,dx
r,r
gcl,dcl
aa,axr
gcl,tcl
r,axr
m,m
l,w
kcl,tcl
iy,iy
r,l
dh,tcl
axr,ix
kcl,tcl
k,k
ah,ah
s,s
dcl,dcl
f,f
iy,iy
w,w
pcl,tcl
n,n
gcl,dcl
bcl,bcl
s,s
pcl,pcl
axr,axr
axr,axr
eh,ix
r,r
tcl,tcl
ux,ux
iy,axr
ix,ix
k,dh
ow,ow
tcl,z
s,sh
ih,ih
kcl,tcl
ih,ix
er,r
ux,ih
ih,ih
l,l
ey,ih
l,ax
ah,ax
k,t
l,l
kcl,f
ix,ix
ah,ax
pcl,tcl
y,ix
k,tcl
q,q
z,z
t,t
ow,ao
n,n
tcl,tcl
s,s
v,n
axr,axr
f,f
s,s
ix,ax
s,s
ix,ix
z,z
r,aa
pcl,tcl
iy,r
ih,ix
ch,ch
r,r
z,z
eh,er
r,ax
q,r
gcl,n
ih,ih
r,r
r,r
t,t
s,s
k,t
k,dh
y,y
eh,eh
z,z
k,hh
n,n
s,s
z,z
ay,ae
ih,iy
w,q
hh,dh
en,m
tcl,tcl
kcl,tcl
dx,ix
ix,ix
ah,aa
n,n
bcl,dcl
ah,ah
ix,n
ae,q
aa,n
pcl,tcl
ah,eh
dx,ix
ao,q
ix,ix
ih,iy
oy,ae
hv,hv
ax,l
r,r
ao,aa
r,r
s,s
jh,jh
z,s
tcl,tcl
iy,axr
er,aa
ix,ux
en,n
kcl,dcl
kcl,kcl
pcl,tcl
ow,ow
s,z
ih,ih
l,l
ae,ae
eh,l
gcl,tcl
ix,ih
aa,aa
bcl,dcl
ax,ih
s,s
ix,ix
s,s
r,r
iy,iy
k,k
iy,ey
ix,ix
s,s
ih,eh
eh,ey
d,jh
r,eh
l,l
f,sh
kcl,tcl
uh,ih
hv,hv
tcl,tcl
t,t
y,y
ax,ng
l,ax
ao,ao
ix,iy
iy,iy
er,er
eh,ae
y,ix
p,k
ow,ow
bcl,pcl
m,m
r,v
eh,eh
ay,eh
ah,ah
er,ih
ax,ix
iy,iy
s,s
z,jh
ix,ix
f,dh
q,q
ix,ix
axr,r
z,s
oy,oy
en,n
dcl,dcl
t,t
aa,aa
kcl,tcl
ah,ix
dcl,dcl
dh,z
ix,ix
n,n
bcl,bcl
er,ay
tcl,tcl
m,r
m,n
dh,v
ng,ng
eh,ix
n,n
eh,ae
ah,aa
r,ax
s,s
ix,iy
l,n
l,ix
k,t
p,tcl
pcl,tcl
aa,aa
r,r
s,s
ih,ux
dcl,dcl
iy,iy
ux,iy
ae,ae
tcl,tcl
nx,l
kcl,dcl
s,s
l,l
eh,ix
k,k
v,q
aa,aa
s,z
oy,oy
kcl,g
m,m
k,k
v,ix
z,ch
ih,ux
ax,ax
el,w
s,s
axr,r
uh,ax
l,n
iy,iy
eh,iy
z,z
ux,ux
eh,ih
ae,ae
gcl,dcl
el,l
t,t
ix,ix
sh,sh
pcl,pcl
q,q
er,aa
sh,sh
s,s
n,n
ah,ih
eh,eh
axr,ix
dh,dcl
ix,eh
n,n
ih,axr
tcl,tcl
sh,sh
t,k
ih,ih
ih,ix
hh,tcl
s,s
k,k
m,m
ih,iy
s,s
ih,ix
ax,ax
z,s
aa,aa
eh,ix
w,w
bcl,dcl
ah,ao
ay,ay
m,n
ix,ix
k,t
s,s
n,dx
tcl,tcl
ey,ey
f,p
ih,iy
t,t
s,s
v,v
s,s
l,l
ng,n
kcl,tcl
dcl,hv
jh,jh
hh,dh
aa,ao
m,n
s,s
g,k
l,l
ix,ix
ay,ay
dh,n
s,s
ix,ix
b,g
ax,ax
r,axr
z,z
g,g
z,f
ih,eh
d,k
s,s
ux,ux
ae,aa
m,m
ae,ae
r,ix
w,w
s,z
gcl,dcl
axr,eh
tcl,tcl
m,n
tcl,tcl
f,dh
ae,ae
gcl,tcl
m,l
axr,axr
g,g
l,ix
f,f
pcl,tcl
ng,ng
t,k
pcl,tcl
ih,axr
n,n
iy,iy
ax,ix
kcl,kcl
f,f
iy,iy
tcl,tcl
th,tcl
kcl,tcl
iy,iy
t,t
ay,ay
s,s
er,r
dh,dh
s,s
axr,ih
r,r
ih,ih
eh,eh
dcl,dcl
f,f
w,w
kcl,kcl
ae,ae
ih,iy
ax-h,tcl
ix,l
z,s
dh,n
q,q
s,s
ih,ix
g,dx
eh,eh
ax,v
s,s
el,el
n,n
w,w
gcl,dcl
y,y
ix,ix
m,m
hv,iy
r,r
ey,ey
axr,r
ah,eh
axr,er
er,axr
l,l
ow,eh
ay,aa
s,s
l,l
d,g
l,l
r,q
v,z
w,m
iy,iy
w,l
jh,jh
m,n
ey,ih
ix,ix
en,ix
ix,ix
tcl,tcl
r,r
ih,ih
ih,ih
q,ax
ux,ix
dcl,tcl
dx,ix
ix,ix
eh,ih
n,bcl
q,q
jh,t
ow,ow
ax,l
gcl,dcl
p,q
s,s
ix,ix
ah,eh
l,iy
aa,aa
ux,iy
aa,aa
v,dh
iy,iy
ih,ih
iy,ix
ax,ax
ih,ih
v,axr
ao,ao
p,p
kcl,tcl
s,s
bcl,bcl
kcl,kcl
sh,sh
ix,ih
ah,ah
tcl,tcl
q,q
oy,oy
axr,r
s,s
s,s
p,dh
tcl,tcl
iy,iy
kcl,kcl
kcl,tcl
gcl,dx
axr,q
hv,hv
gcl,tcl
ih,ix
b,tcl
n,q
g,q
bcl,bcl
f,f
r,r
s,s
z,z
kcl,tcl
ax,l
uh,ow
l,ix
m,m
iy,iy
dh,dx
iy,iy
ao,ao
q,q
gcl,dh
kcl,tcl
kcl,tcl
f,f
n,n
hh,hh
l,l
t,t
ao,l
kcl,tcl
pcl,f
iy,iy
v,dh
aa,ay
pcl,tcl
sh,sh
ay,ay
er,axr
kcl,tcl
ay,ae
p,k
hv,ax
axr,axr
s,f
axr,eh
kcl,tcl
m,n
s,z
kcl,dcl
l,l
ae,ae
n,n
ux,ux
g,g
pcl,tcl
r,m
axr,axr
eh,eh
hh,pcl
tcl,tcl
sh,sh
l,ix
kcl,kcl
l,l
ih,ih
s,sh
ey,ey
k,jh
th,dh
p,hh
s,s
z,z
dx,dx
kcl,tcl
ah,ax
bcl,dcl
pcl,tcl
ae,ae
g,g
s,s
dcl,dcl
pcl,pcl
l,l
ay,ae
m,v
p,p
dcl,dcl
kcl,tcl
kcl,tcl
q,q
k,q
kcl,kcl
v,y
dcl,dcl
n,dcl
n,dcl
dcl,dcl
f,f
kcl,dcl
r,r
kcl,kcl
ch,ch
iy,iy
ax,ax
jh,jh
en,n
f,f
k,k
tcl,kcl
ch,ch
axr,axr
iy,iy
dcl,tcl
axr,axr
eh,ix
v,v
q,q
ax,q
gcl,kcl
m,m
s,s
p,dh
ae,ae
r,m
ih,ix
axr,axr
el,el
w,l
dcl,bcl
iy,iy
ix,ix
gcl,gcl
k,k
ix,r
ax,tcl
l,w
ih,axr
eh,eh
jh,jh
ah,eh
ch,ch
iy,iy
t,t
aa,aa
r,r
r,r
ax,ix
ow,ow
r,r
bcl,dcl
ao,ao
eh,eh
y,dcl
s,z
k,k
dcl,n
z,s
r,r
ix,ix
kcl,tcl
bcl,dcl
z,s
q,q
sh,sh
ng,n
k,k
z,z
f,hh
g,tcl
pcl,kcl
z,z
f,f
n,n
r,r
p,kcl
pcl,dh
r,axr
r,axr
m,m
ao,q
pcl,tcl
v,bcl
z,z
ao,ow
f,z
m,m
kcl,pcl
z,s
kcl,tcl
dcl,dcl
eh,eh
ae,ae
ax,ix
pcl,tcl
ax,axr
dcl,dcl
aa,aa
nx,gcl
g,g
er,er
s,s
q,q
tcl,z
tcl,pcl
m,n
z,s
q,q
hh,v
r,axr
dcl,f
l,l
uh,eh
iy,ih
m,m
ih,ih
kcl,kcl
w,w
q,q
bcl,pcl
sh,sh
el,l
r,er
s,sh
iy,iy
ay,ae
ao,aa
p,p
y,y
ax-h,q
ih,ih
axr,axr
ih,ih
ax,ix
pcl,tcl
p,dh
th,f
l,ix
ax,ax
oy,aa
aa,aa
s,s
ix,n
iy,iy
kcl,tcl
aw,aa
ah,axr
s,s
l,ax
m,ix
kcl,tcl
q,q
kcl,tcl
m,dx
pcl,tcl
b,tcl
ae,ae
nx,dx
n,n
dh,ix
l,q
ay,ay
aw,ay
n,ng
dh,n
pcl,pcl
dh,th
ng,ng
axr,aa
m,n
dx,dx
ih,ix
l,l
ao,axr
ax,r
ay,ay
ih,ih
k,k
ey,ey
ng,n
s,s
ao,w
t,f
y,ix
ow,ow
l,l
l,ax
s,s
oy,ow
y,iy
em,n
ay,ay
axr,ow
ix,ix
iy,iy
z,z
tcl,tcl
l,l
oy,oy
dx,dh
eh,ix
ah,eh
jh,jh
ah,l
s,s
q,q
v,v
f,z
th,s
tcl,n
q,ax
gcl,tcl
ax,ax
ix,ix
eh,eh
aa,ao
axr,axr
ay,ay
gcl,dcl
ux,ux
ax,ax
ih,iy
ae,ae
axr,eh
l,ax
m,n
ih,eh
n,dx
iy,iy
kcl,kcl
iy,iy
dcl,dcl
n,n
kcl,kcl
n,q
gcl,dcl
ah,l
p,hh
ux,ix
ux,uw
k,kcl
m,m
k,k
ih,ix
iy,eh
ix,ix
s,s
s,s
bcl,dcl
kcl,tcl
eng,n
jh,jh
hv,hv
ao,ao
axr,axr
r,r
t,t
d,jh
er,er
tcl,dx
ix,eh
tcl,tcl
n,dh
ax,ax
s,s
ey,ae
iy,ix
ix,ix
tcl,tcl
ae,ae
aa,aa
hv,hv
ow,ao
tcl,tcl
v,v
hv,hv
er,er
r,r
kcl,tcl
k,k
w,l
aa,ao
s,s
v,v
p,t
dh,dh
l,ix
p,dh
s,s
n,ix
n,ng
n,dcl
hv,hv
s,s
kcl,tcl
n,n
t,dh
axr,ux
ae,ae
ah,ah
axr,r
ey,ih
s,s
d,d
ay,ao
ae,ae
ih,ix
aa,r
v,n
kcl,tcl
aa,aa
kcl,tcl
n,n
n,n
iy,iy
z,z
r,r
sh,s
pcl,tcl
dcl,dcl
ow,ow
hh,ix
dcl,dcl
s,s
f,f
dx,dx
r,axr
n,ix
dcl,dcl
n,n
s,s
s,s
sh,sh
k,k
aa,aa
iy,ey
bcl,tcl
dcl,dcl
oy,oy
r,r
uw,ix
ch,ch
eh,r
n,n
l,eh
y,y
n,n
r,er
t,t
kcl,tcl
iy,iy
sh,sh
ux,ux
k,k
uh,w
iy,iy
z,z
r,r
ng,ng
t,t
l,l
t,t
kcl,tcl
kcl,tcl
iy,ih
v,v
kcl,tcl
kcl,kcl
aa,ao
s,s
ae,eh
axr,ax
ix,iy
n,n
q,q
ch,s
kcl,tcl
ey,ey
s,s
g,k
hh,hh
iy,iy
r,axr
ay,ay
eh,ow
k,k
t,t
dcl,dcl
ih,iy
dcl,dcl
eh,eh
hh,hh
ae,ae
aa,aa
ae,eh
p,k
s,s
q,q
q,tcl
th,f
s,s
er,er
ax,ax
r,er
p,pcl
ih,ix
z,z
er,er
ah,ah
pcl,tcl
eh,ah
uw,uw
s,s
m,n
ih,ux
z,s
gcl,dcl
tcl,tcl
ix,ix
n,n
dh,v
ix,ix
gcl,dcl
t,k
ay,ae
dcl,dcl
ux,ux
r,q
k,k
ay,ay
eh,eh
er,axr
er,axr
oy,ao
k,k
ih,ey
q,q
axr,iy
dcl,dcl
dcl,n
ng,n
l,l
w,l
m,dcl
tcl,tcl
ng,ng
ao,l
s,s
z,z
bcl,pcl
l,l
bcl,dcl
l,l
z,jh
er,ih
iy,iy
ix,ix
dcl,dcl
k,k
pcl,tcl
l,l
hh,hh
w,w
ey,ey
iy,ix
ae,ae
ix,ix
s,s
en,n
l,l
ix,ix
kcl,tcl
nx,ix
dcl,dcl
n,n
r,r
kcl,tcl
n,gcl
k,dh
tcl,tcl
q,q
dh,dx
tcl,tcl
g,k
ao,w
s,s
pcl,dcl
ay,aa
bcl,n
ay,ay
dcl,dcl
s,s
er,r
k,k
ow,ow
w,w
er,er
n,n
s,s
ey,ey
sh,sh
ih,eh
n,dx
axr,r
k,q
l,ow
hv,hv
kcl,tcl
ey,eh
k,tcl
ao,aa
ix,ix
ax,q
z,sh
l,w
ix,n
r,ow
dcl,tcl
ih,ix
k,t
t,t
l,l
tcl,tcl
ix,ix
n,n
iy,iy
r,ax
ey,eh
ah,ah
r,ae
iy,ix
kcl,dcl
er,axr
iy,iy
l,w
g,g
dcl,v
w,w
dcl,dcl
gcl,tcl
z,z
w,w
aa,ao
gcl,dcl
tcl,tcl
tcl,tcl
ix,ix
l,l
ah,ae
dx,n
ey,eh
s,z
m,n
iy,iy
pcl,tcl
iy,iy
w,w
n,ng
iy,iy
ao,ao
iy,iy
er,axr
axr,axr
bcl,dcl
ax,l
ay,ae
w,w
r,r
l,l
k,k
aa,ay
bcl,dcl
ih,ih
ih,iy
q,q
sh,sh
p,d
ux,ix
r,ah
r,eh
s,s
v,v
er,er
eh,ow
s,s
w,r
l,w
ae,eh
axr,r
w,l
tcl,tcl
ng,n
k,q
r,r
k,tcl
z,z
bcl,dcl
iy,ih
pcl,tcl
tcl,tcl
t,jh
f,f
aa,ao
r,ax
s,s
s,s
gcl,dcl
kcl,kcl
n,ax
ae,eh
hh,hv
pcl,tcl
dcl,tcl
ng,n
l,l
ow,ow
kcl,tcl
axr,r
dh,dh
pcl,pcl
ao,ao
n,m
n,n
r,r
sh,sh
pcl,dcl
n,dx
kcl,kcl
axr,ah
f,ch
ix,iy
eh,ao
iy,iy
m,ax
m,m
hv,y
n,n
nx,dx
ao,ao
ih,ih
f,f
axr,r
r,ae
iy,iy
aa,ao
ae,ey
s,s
pcl,tcl
er,er
ao,ao
dcl,dcl
iy,iy
g,dx
n,n
m,m
d,d
dx,dx
q,q
ax,ax
bcl,dcl
axr,axr
f,s
ux,ix
er,axr
ux,ux
g,g
k,k
r,r
ah,ah
q,tcl
ih,eh
n,n
l,el
dcl,dcl
dx,ix
ix,iy
dcl,dcl
nx,dx
w,l
z,s
p,dh
n,n
z,z
pcl,pcl
n,q
pcl,tcl
f,f
ix,ih
n,n
r,r
t,t
p,k
gcl,dcl
ae,ae
eh,ih
ah,l
ng,n
ih,iy
s,z
aa,aa
ix,ix
ix,ix
n,dcl
f,f
iy,iy
en,n
n,n
sh,sh
ae,ae
aa,aa
ix,q
r,r
p,p
en,n
l,ao
aa,aa
axr,ng
er,axr
aa,aa
s,s
iy,iy
r,r
ix,ix
w,w
t,t
jh,ch
s,s
r,w
eh,ow
ix,ix
m,n
ay,ay
s,s
ey,ey
r,r
ao,ao
ey,ey
k,t
ao,ao
v,tcl
eh,eh
ix,ix
kcl,tcl
ow,el
axr,axr
aa,aa
ng,m
el,w
dcl,dcl
uw,w
pcl,pcl
n,n
m,dh
m,m
ih,ih
pcl,kcl
n,ng
z,s
ih,ix
gcl,dcl
hv,l
aa,aa
el,el
ah,oy
em,r
w,w
axr,r
b,dh
er,eh
ix,ih
iy,iy
s,sh
s,s
jh,y
t,k
iy,hv
tcl,tcl
l,l
t,t
ih,ih
ae,ae
m,n
jh,jh
iy,ix
tcl,dcl
sh,sh
ux,ey
l,l
iy,iy
w,w
iy,ay
iy,iy
r,iy
tcl,tcl
kcl,tcl
eh,eh
t,t
dcl,n
k,k
r,ax
hv,dx
s,s
n,n
axr,r
m,n
n,n
iy,iy
ih,iy
ao,ao
z,z
kcl,kcl
m,n
p,p
n,n
ax,ix
iy,iy
ux,ux
r,axr
dx,q
m,n
ax,ax
q,q
l,l
s,s
v,dh
dcl,dcl
ih,ey
bcl,bcl
en,ng
tcl,tcl
dcl,gcl
aa,aa
sh,sh
eh,ah
sh,sh
iy,ih
ey,ih
ih,ix
iy,iy
r,l
ae,ae
sh,sh
ow,ow
q,q
w,w
ix,ix
s,s
k,t
s,sh
q,q
er,ow
tcl,dcl
k,k
ix,ix
kcl,kcl
tcl,tcl
kcl,kcl
dx,dx
r,axr
k,k
r,axr
eh,ix
k,k
w,w
l,l
dcl,dcl
iy,iy
ux,axr
ah,ax
f,f
t,t
ih,iy
iy,iy
n,ix
w,q
l,oy
ax,ix
dcl,dcl
n,dcl
n,n
k,k
dh,tcl
m,dx
s,sh
iy,iy
gcl,n
ax,ax
hh,p
sh,sh
ao,ao
m,m
aa,ao
l,l
iy,iy
el,el
m,n
s,s
ix,ix
ix,ix
r,r
dx,dcl
kcl,tcl
r,ay
t,t
g,k
q,q
ow,ao
th,f
tcl,pcl
sh,sh
p,p
ih,ix
iy,iy
nx,dx
ix,ix
r,axr
s,s
aa,ay
er,r
k,k
z,z
ix,ng
ix,iy
pcl,tcl
b,dh
r,r
q,q
er,er
hv,k
ay,aa
ix,ix
z,s
er,er
axr,er
s,s
ix,ix
n,n
aa,aa
kcl,dh
n,n
pcl,tcl
g,p
s,s
th,f
ux,ux
em,v
m,m
ix,dh
t,t
pcl,tcl
g,k
eh,ix
t,t
s,s
eh,eh
sh,ch
ax,n
dcl,dcl
r,ax
ih,ih
m,m
iy,iy
ih,ih
s,s
ng,n
aa,er
er,axr
ih,ix
s,s
f,f
ax,ix
s,sh
iy,y
ae,eh
l,el
l,l
dcl,dcl
m,v
w,w
th,f
iy,iy
ih,ih
axr,axr
tcl,pcl
pcl,tcl
ay,ae
nx,dx
n,n
ix,ix
n,n
tcl,dcl
k,k
tcl,tcl
iy,ix
r,r
m,n
aa,aa
f,dh
iy,iy
sh,s
r,q
axr,ix
iy,y
q,q
ng,n
s,s
ae,ae
ah,eh
q,q
l,ow
q,q
s,s
ao,ow
dcl,dcl
q,eh
bcl,dcl
ae,eh
d,t
z,s
n,dx
ix,ix
aa,aa
gcl,dcl
z,z
s,s
z,s
ow,ow
z,s
q,q
pcl,tcl
ix,ix
sh,sh
s,s
r,ax
r,r
w,l
eh,eh
s,s
iy,iy
iy,iy
er,axr
l,ix
iy,iy
ae,ay
t,t
p,p
w,w
s,s
l,ax
r,axr
ae,ae
bcl,tcl
dx,dx
iy,iy
axr,g
tcl,dx
l,ax
bcl,dcl
er,ih
tcl,tcl
ax,ix
v,v
l,l
z,s
ax,ax
axr,eh
s,s
ao,ao
ah,eh
bcl,dcl
sh,sh
s,sh
aa,ax
m,m
tcl,tcl
r,r
er,axr
l,l
t,t
tcl,tcl
dcl,dx
ay,ae
eh,eh
aa,aa
r,r
sh,sh
n,m
q,r
s,jh
uw,ux
sh,sh
q,q
dx,ix
ix,ix
kcl,pcl
tcl,tcl
ao,ao
bcl,kcl
aa,ah
dx,tcl
aa,aw
ux,ux
ch,k
ix,ix
s,s
ix,ix
y,iy
ih,ix
ah,ao
ay,aa
pcl,tcl
z,s
iy,iy
ih,ih
z,z
s,s
ih,ih
n,n
bcl,dcl
dh,dh
ae,ae
n,n
ix,ix
r,r
f,f
ae,ae
m,m
ux,iy
er,axr
ix,ix
q,q
ih,ih
ey,ey
ix,r
y,iy
ih,ax
z,jh
l,l
ax,eh
q,y
z,z
v,gcl
ih,iy
g,g
r,r
s,s
ax,ax
r,r
dh,tcl
q,q
tcl,tcl
axr,axr
s,s
iy,iy
ih,ey
aa,ao
kcl,tcl
ix,ix
l,m
z,s
q,ix
iy,iy
g,g
aa,r
ch,ch
eh,r
kcl,tcl
kcl,tcl
r,r
ao,ao
ix,ix
ng,dcl
ax,ax
n,n
dx,q
l,l
aa,aa
oy,ow
dcl,pcl
ax,ax
ix,ix
uw,ih
iy,ix
ay,ay
r,r
dh,dh
iy,ey
k,k
z,sh
ah,ix
ih,uh
f,f
gcl,dcl
aa,aa
ow,ow
ix,iy
v,l
r,ix
v,dh
ax,ax
ux,ux
l,l
dcl,dcl
iy,iy
l,ax
v,ax
r,r
l,ax
w,w
l,ax
ay,ay
ae,ae
f,f
ih,axr
m,m
ix,ix
ey,ey
ey,ng
iy,iy
ay,ay
ax,ax
v,ix
s,s
n,iy
ao,ao
eh,r
ao,aa
r,r
s,z
tcl,tcl
n,n
ih,ih
l,l
m,n
t,t
ey,ey
n,n
ey,ih
er,er
ix,ix
kcl,kcl
sh,sh
sh,sh
sh,sh
ix,ix
kcl,tcl
el,el
f,f
en,n
ay,ay
iy,iy
ix,ax
ix,ix
r,r
p,k
ae,ae
l,w
s,s
z,z
r,uh
g,jh
dcl,dcl
axr,axr
uh,axr
aa,ae
q,ix
ow,ow
iy,iy
ih,ih
ao,ao
n,n
tcl,kcl
eh,ax
sh,sh
tcl,tcl
iy,iy
r,r
dcl,dcl
axr,ix
t,t
hh,jh
iy,iy
ix,ih
oy,ay
ey,ix
k,k
z,s
dx,dx
ng,ng
l,l
hv,hv
n,ng
m,m
l,l
tcl,tcl
tcl,tcl
jh,ch
w,w
iy,iy
eh,eh
p,k
aw,ae
eh,eh
dh,th
ih,ih
ah,eh
ah,ix
dcl,tcl
dcl,dcl
iy,iy
er,er
p,k
f,f
l,ax
bcl,tcl
s,s
ey,ey
w,n
el,ax
g,g
t,t
ng,n
bcl,dcl
iy,iy
s,s
ix,ix
ah,ao
pcl,tcl
ng,ng
th,t
aw,ae
k,k
iy,iy
nx,dx
ix,l
r,axr
tcl,bcl
r,r
l,w
iy,ix
sh,sh
q,q
hh,f
eh,ix
ao,ao
axr,ow
sh,s
iy,iy
ax,q
ah,ax
ix,ih
ax,ix
l,l
m,n
l,l
eh,eh
nx,dx
pcl,tcl
ae,ae
kcl,tcl
m,n
dh,dh
dcl,dcl
q,q
ae,eh
k,k
iy,iy
kcl,kcl
axr,axr
ix,ix
tcl,gcl
ih,n
ax,ax
kcl,tcl
ix,ih
kcl,kcl
aa,aa
axr,er
ih,q
l,n
ih,ih
k,d
eh,eh
eh,ae
w,w
ae,ae
v,m
ih,ih
iy,ix
axr,axr
q,q
b,dh
l,r
ax,ix
l,l
s,s
kcl,tcl
kcl,tcl
tcl,tcl
v,r
r,r
nx,r
s,s
s,s
ix,ix
el,l
ao,ao
l,q
gcl,bcl
k,k
ay,ay
iy,iy
kcl,tcl
k,k
ax,ix
w,w
l,w
eh,ey
en,n
dx,dh
ix,ix
y,ix
iy,iy
k,k
t,t
tcl,tcl
ix,iy
ix,ix
r,axr
dcl,dcl
kcl,tcl
k,dh
r,ae
f,f
kcl,kcl
z,z
iy,iy
dcl,tcl
ix,ix
q,q
uh,ix
d,tcl
w,w
n,n
tcl,tcl
w,w
ng,ix
iy,y
d,k
axr,axr
axr,ax
aa,aa
gcl,tcl
uh,ah
jh,jh
iy,iy
dcl,tcl
n,n
iy,iy
axr,axr
s,s
s,s
tcl,tcl
ah,r
ae,ae
n,n
eh,eh
m,n
f,f
ow,ae
iy,iy
m,m
f,dh
ao,aa
ey,ey
kcl,kcl
ix,ax
s,jh
hv,hv
ey,ey
eh,eh
n,n
w,w
ae,ae
tcl,n
s,s
r,r
s,s
w,w
hv,y
iy,iy
tcl,ng
aw,ae
iy,y
ix,ix
n,n
gcl,tcl
n,n
ng,l
kcl,tcl
dcl,dcl
dx,dcl
ae,ae
ch,ch
dcl,pcl
dh,dh
n,n
ih,ax
r,r
t,q
iy,iy
ae,ae
p,p
ey,ey
ux,ow
s,s
t,k
tcl,tcl
f,f
iy,iy
dcl,dcl
t,t
th,z
kcl,tcl
iy,ey
tcl,tcl
dcl,dcl
eh,eh
z,z
ae,ae
gcl,dcl
oy,ao
k,k
kcl,kcl
n,n
r,ow
k,q
ae,ae
er,er
ow,ow
kcl,kcl
tcl,tcl
ay,ay
tcl,tcl
hh,dh
ah,ah
d,t
tcl,dcl
s,s
ow,ow
en,n
ah,ah
m,n
tcl,tcl
m,m
hh,pcl
kcl,kcl
t,t
pcl,tcl
ow,er
ix,ix
z,z
el,el
z,z
er,axr
y,ih
eh,eh
axr,gcl
dcl,tcl
ax,ax
dcl,dcl
ch,jh
m,m
er,er
ix,ax
r,r
tcl,tcl
d,t
l,l
r,axr
f,t
w,w
l,ao
d,k
t,k
sh,sh
r,r
n,n
t,tcl
ix,ix
aa,aa
ih,ix
n,n
s,s
s,s
n,dh
dh,dh
ix,ix
k,k
v,v
dh,dh
t,t
z,s
q,q
w,w
q,q
l,l
sh,sh
z,z
aa,aa
tcl,tcl
jh,ch
f,f
tcl,tcl
ay,ay
r,r
k,k
k,k
m,axr
f,f
dh,dx
gcl,gcl
f,tcl
n,n
iy,iy
m,n
iy,iy
p,dx
s,z
dh,dh
z,s
ey,iy
ix,ix
ax,ax
iy,iy
n,n
ix,ix
ow,l
ao,ao
n,dcl
l,l
iy,ix
ay,ay
dcl,dcl
ix,dcl
sh,sh
ow,ow
s,s
ah,eh
ux,ih
ih,ix
z,s
k,k
iy,ix
ih,ih
kcl,tcl
w,n
ix,q
nx,n
k,k
gcl,tcl
s,s
dcl,tcl
ax,ix
k,k
ah,l
r,r
iy,iy
gcl,dcl
m,n
gcl,n
en,n
tcl,tcl
s,s
dcl,dcl
ih,ey
g,v
z,z
s,s
l,ix
ae,ae
er,axr
r,r
iy,iy
tcl,tcl
r,r
s,z
kcl,tcl
l,l
kcl,kcl
ao,aa
kcl,tcl
ae,ae
eh,r
t,dcl
ah,aa
tcl,tcl
bcl,dcl
m,n
dh,tcl
w,w
bcl,dcl
ay,ay
m,n
n,n
hv,hv
ih,eh
d,tcl
t,t
k,d
ix,ix
ix,ih
s,s
dh,dh
q,k
kcl,tcl
r,w
eh,ae
sh,sh
eh,axr
ih,eh
dcl,dcl
eh,eh
ix,q
er,er
axr,r
s,s
z,z
n,n
f,f
ax,ax
tcl,tcl
nx,ax
tcl,ix
ay,ay
ih,eh
ng,n
ux,iy
w,w
ax,ah
sh,sh
g,g
l,l
l,l
f,f
ae,ae
r,r
tcl,tcl
dx,q
s,s
ay,aa
iy,ix
ae,ae
ey,ey
kcl,tcl
k,k
r,r
ch,t
tcl,tcl
axr,axr
iy,iy
w,w
g,g
eh,eh
ng,ng
ux,ix
t,dh
q,q
eh,eh
s,s
kcl,kcl
jh,jh
dcl,dcl
dh,tcl
ch,ch
ix,ah
ao,w
t,s
iy,iy
ch,ch
en,n
jh,jh
ih,ah
ix,iy
l,l
iy,iy
er,ih
m,bcl
z,z
er,ax
ix,axr
ey,ey
ay,ay
l,l
ix,ix
pcl,tcl
r,r
kcl,tcl
axr,q
t,t
ch,ch
iy,iy
dx,q
n,tcl
n,n
s,s
tcl,tcl
pcl,pcl
l,l
ae,ae
s,s
aa,aa
l,l
ix,iy
ah,ix
gcl,v
n,n
k,q
l,l
z,z
l,q
ix,ix
sh,sh
aa,ao
ix,ih
k,kcl
l,l
tcl,tcl
s,sh
iy,iy
n,dcl
aa,ao
el,l
ih,ix
iy,iy
t,k
eh,eh
n,n
ch,sh
dcl,dcl
ey,iy
ux,ux
eh,r
ax,l
ih,ih
ah,ah
axr,eh
s,s
v,q
eh,eh
q,tcl
eh,eh
kcl,tcl
ix,ix
s,s
axr,w
d,z
pcl,bcl
kcl,tcl
aa,aa
tcl,dcl
s,s
er,ao
l,l
sh,sh
f,f
ao,ao
p,p
pcl,tcl
ix,ix
g,dh
ax,ax
ax,ax
kcl,kcl
ix,n
iy,iy
n,n
ao,ao
r,r
ih,ih
uh,ow
th,th
tcl,kcl
ao,aa
ux,ix
k,k
m,ng
dx,tcl
eh,eh
r,r
z,z
en,n
pcl,tcl
iy,r
t,k
n,ix
m,n
n,n
t,t
t,t
k,k
iy,iy
axr,iy
z,z
t,t
t,t
s,z
tcl,tcl
ch,ch
gcl,tcl
ax,n
l,ax
ih,axr
w,w
dh,dx
w,ao
g,dx
l,l
m,m
dx,dx
ax,ax
el,l
r,r
s,s
kcl,tcl
l,r
l,w
aa,aa
ix,eh
p,q
w,w
eh,r
iy,iy
s,s
f,f
ah,l
y,y
z,z
v,dh
bcl,tcl
n,n
dcl,dcl
ey,ey
w,n
m,m
m,m
hv,hv
d,t
d,ix
r,eh
ae,ae
dcl,dx
r,r
v,ax
iy,iy
r,axr
ix,ix
pcl,kcl
z,s
s,s
dcl,dcl
pcl,tcl
oy,oy
iy,iy
p,t
eh,eh
iy,iy
p,kcl
kcl,kcl
pcl,pcl
kcl,tcl
l,uw
sh,sh
aa,ah
y,iy
aa,ao
n,n
ix,ix
k,t
ey,ey
axr,axr
ix,ix
sh,sh
ix,eh
tcl,tcl
kcl,kcl
ey,ey
n,n
n,n
ih,l
f,th
s,s
axr,axr
m,m
kcl,kcl
ao,ao
z,s
dcl,dcl
m,m
q,ix
l,l
dcl,dcl
ay,ay
ih,ih
ay,ay
ae,ix
n,n
kcl,tcl
f,f
l,l
f,f
aa,aa
ey,ey
aa,aa
tcl,tcl
nx,n
ix,ix
ih,iy
ow,l
p,dh
ao,aa
el,ax
v,dh
axr,r
uw,ix
ih,ix
ih,ih
n,n
bcl,tcl
hv,hv
ay,ae
dx,dh
ax,l
z,f
y,y
ah,ow
en,ix
t,t
ng,el
aa,aa
t,t
tcl,tcl
bcl,tcl
k,t
ow,aa
pcl,n
ay,ay
s,s
s,s
iy,iy
bcl,dcl
kcl,tcl
ax,ix
er,eh
n,n
kcl,tcl
p,g
kcl,tcl
q,q
iy,ix
ao,ao
iy,ey
l,w
w,w
kcl,tcl
s,z
ae,eh
n,n
ch,jh
n,n
m,bcl
ix,q
ih,ix
ch,s
y,y
q,v
eh,ah
bcl,bcl
sh,sh
kcl,tcl
s,s
ae,ae
s,z
ey,iy
iy,iy
y,dcl
ah,ah
dh,l
w,n
jh,t
kcl,tcl
pcl,tcl
k,k
iy,iy
n,dcl
f,s
iy,iy
en,n
s,s
f,f
l,ax
dcl,tcl
ey,ey
ey,ey
kcl,tcl
gcl,gcl
ae,ae
t,t
iy,iy
ix,ix
zh,sh
p,k
aa,aa
tcl,dcl
ay,aa
v,v
s,s
ay,aa
y,y
f,f
ao,ao
tcl,tcl
ix,w
w,w
z,z
w,ax
q,q
eh,eh
f,t
ix,ix
hh,hh
g,g
f,f
pcl,tcl
ix,ix
gcl,gcl
aa,aa
hv,y
ey,iy
m,w
eh,eh
n,ix
w,w
eh,ae
ng,n
dcl,dcl
l,l
pcl,tcl
n,n
bcl,dcl
r,r
tcl,tcl
ey,ey
er,axr
ao,ao
iy,ix
axr,ih
aa,oy
ax,ix
ix,ix
l,l
l,l
v,dcl
ng,ix
k,k
m,m
s,s
ax,ix
q,q
ix,ix
q,k
ow,aa
dcl,tcl
p,k
el,el
m,v
s,s
ah,eh
pcl,tcl
ih,ih
ix,ix
hv,ix
iy,iy
ax,ax
kcl,tcl
ao,aa
iy,ix
s,s
t,f
t,t
r,r
w,w
tcl,tcl
ey,ey
eh,ae
r,r
s,s
dx,dx
iy,iy
axr,r
iy,ix
l,l
eh,ih
uw,uw
bcl,bcl
sh,sh
aa,aa
iy,iy
gcl,dcl
aa,ah
sh,ch
r,r
uh,r
pcl,tcl
eh,eh
axr,iy
kcl,pcl
r,axr
ay,aa
r,ih
axr,ix
kcl,tcl
ay,ae
dcl,dcl
dcl,dx
ax,ax
ao,aa
q,q
p,k
r,r
iy,iy
w,w
s,s
kcl,tcl
n,dcl
sh,sh
bcl,v
m,n
dx,n
ix,ix
dcl,tcl
axr,r
ix,ix
z,s
s,s
iy,iy
l,l
ax,ah
ax,ax
iy,iy
ae,ae
ay,ay
v,l
ao,w
z,z
p,hh
eh,ih
aa,aa
ih,ih
axr,ix
s,s
ay,ay
dh,tcl
m,ux
iy,ix
ey,ey
ih,ah
ao,aa
ih,ix
ae,eh
dcl,dh
ah,ao
s,s
nx,dh
th,tcl
ah,ae
pcl,tcl
hv,hh
ix,ix
aa,ao
axr,axr
m,w
r,r
ey,ey
ih,ey
pcl,tcl
y,y
ay,ay
en,m
eh,eh
iy,iy
ao,ao
ax,ix
ix,ix
tcl,dcl
n,ng
eh,eh
g,k
y,iy
ux,ux
n,dcl
axr,ix
aa,ay
kcl,tcl
eh,ih
axr,axr
kcl,kcl
iy,ux
ix,ih
r,r
eh,eh
tcl,tcl
sh,sh
iy,iy
s,sh
ey,ey
l,aa
axr,axr
ow,axr
l,l
n,n
eh,eh
q,q
ae,ae
ah,q
s,z
dcl,dcl
bcl,bcl
gcl,tcl
z,z
ax,ih
ey,ey
n,n
sh,sh
eh,ah
dcl,bcl
r,r
tcl,kcl
l,w
ix,ng
l,ow
r,n
oy,oy
r,r
pcl,kcl
w,w
ix,q
l,el
axr,er
ae,eh
kcl,tcl
hv,hv
el,el
z,z
k,k
iy,ey
sh,sh
iy,iy
ah,eh
k,k
l,l
n,n
r,r
r,er
dcl,dcl
m,m
l,l
axr,axr
kcl,tcl
ao,ao
t,dh
ay,er
l,l
axr,axr
axr,ix
nx,nx
n,n
s,s
ao,l
s,s
dx,kcl
ey,ey
ix,iy
v,v
n,n
ow,ow
k,k
n,ix
q,ax
kcl,tcl
tcl,dcl
aa,ay
f,f
k,k
iy,iy
r,axr
iy,iy
r,axr
tcl,kcl
iy,iy
k,kcl
ow,ae
l,l
ae,ae
ax,ax
axr,ix
ux,ux
axr,ax
s,s
p,t
q,q
eh,iy
kcl,kcl
ix,ix
eh,eh
eh,ix
ng,n
dx,dh
f,f
g,dh
ih,ix
d,tcl
iy,q
ix,ax
el,l
axr,axr
ae,ae
s,s
ey,ey
iy,iy
ax,ax
pcl,tcl
r,r
ax,iy
dh,dh
s,s
ah,ix
iy,iy
n,n
ae,ae
s,s
n,ix
ao,aa
f,f
ih,iy
n,n
q,q
w,w
s,s
ih,eh
dcl,dh
w,w
n,n
ao,ao
dx,r
eh,ih
ao,ao
bcl,tcl
ah,ah
s,z
ih,iy
ix,ix
r,r
ao,l
tcl,tcl
l,q
ao,ao
r,r
r,r
dx,n
pcl,tcl
r,r
dh,dx
aa,aa
gcl,dcl
ih,eh
z,z
tcl,tcl
jh,jh
ix,l
tcl,dcl
eh,eh
r,ax
axr,r
ux,iy
w,w
iy,iy
m,m
gcl,tcl
ix,ax
s,s
dcl,dh
kcl,tcl
l,l
ay,aa
ao,ao
ay,aa
hv,ix
ih,iy
k,k
eh,ey
q,q
kcl,kcl
iy,iy
w,l
dx,dx
s,s
iy,iy
iy,iy
axr,ih
ae,ay
ih,q
ax,ax
z,z
ix,ix
ix,ix
eh,ih
ay,ay
ah,r
ux,iy
pcl,tcl
kcl,kcl
v,q
nx,n
m,n
ow,ow
ah,ax
n,q
m,m
ix,ix
ae,ae
l,ah
ih,eh
ih,eh
l,l
k,k
y,y
ix,ix
axr,er
er,axr
eh,eh
s,s
r,eh
kcl,kcl
ix,r
kcl,tcl
q,q
en,n
axr,ih
s,s
ow,q
r,r
w,w
ax,ax
r,dx
r,ix
w,l
ae,ae
ix,ix
ux,ux
r,er
n,n
iy,iy
ix,ix
k,k
tcl,dcl
ax,ix
dh,q
ay,ay
r,r
er,er
ax,l
s,s
z,z
ux,iy
b,dh
kcl,tcl
t,jh
er,ux
l,l
y,y
m,n
w,w
z,s
pcl,tcl
z,s
ix,ix
uh,ah
dh,t
n,dx
l,aa
s,s
pcl,pcl
l,l
dcl,dcl
bcl,gcl
en,n
s,s
iy,iy
t,k
n,n
ax,ax
n,n
kcl,kcl
tcl,tcl
iy,y
w,w
s,s
p,p
ih,ix
el,l
ih,ih
p,hh
ix,ix
s,s
ix,ix
y,y
aa,ae
p,k
w,l
ih,ih
dcl,dcl
w,w
pcl,tcl
ay,ay
tcl,kcl
dh,ix
ey,ih
ay,ay
ow,ow
k,k
r,r
sh,sh
ax,l
ey,ey
oy,aa
ah,ow
r,axr
iy,iy
p,p
l,l
eh,eh
ey,ey
ux,ix
r,ax
sh,sh
ax,ax
bcl,bcl
ah,ah
n,n
ih,eh
dcl,tcl
s,s
ae,eh
l,l
m,ng
ao,ao
k,k
f,sh
iy,iy
m,n
k,q
q,q
ah,ae
tcl,tcl
t,t
d,t
ax,r
aa,aa
aa,aa
ix,ax
n,dcl
v,dh
eh,eh
m,m
ix,ax
m,n
m,dh
hv,hv
gcl,dcl
axr,axr
er,er
pcl,pcl
dh,ix
pcl,tcl
aa,aa
r,ix
ix,ih
l,l
aa,aa
l,w
q,k
t,t
em,ng
f,f
l,ax
z,z
eh,eh
er,er
tcl,dcl
n,n
hh,q
pcl,pcl
ae,ae
iy,iy
r,r
s,s
z,z
ao,ao
axr,axr
y,iy
kcl,tcl
ay,ay
f,t
ix,iy
f,f
dx,dx
q,ax
tcl,n
bcl,bcl
ao,ow
s,s
k,t
s,s
ao,r
s,s
iy,ih
kcl,kcl
r,r
s,s
r,r
iy,iy
l,ow
f,f
ow,ow
l,l
tcl,kcl
gcl,tcl
s,z
m,n
r,r
dcl,dcl
dcl,dcl
ah,ah
m,n
ix,ix
q,iy
er,eh
aa,ae
t,t
l,l
iy,iy
w,w
n,ix
n,n
f,f
m,m
kcl,tcl
k,k
ey,ey
dcl,dcl
iy,iy
ah,aa
s,s
pcl,pcl
q,q
r,r
gcl,dcl
s,s
z,z
tcl,tcl
s,s
n,n
tcl,tcl
tcl,tcl
jh,jh
dh,n
iy,iy
ae,ae
ih,axr
aw,aa
dcl,dcl
ih,ix
v,dx
r,r
z,s
iy,ey
m,m
k,g
ix,ix
tcl,tcl
l,ax
iy,ix
v,v
pcl,tcl
axr,r
kcl,gcl
f,t
iy,ix
w,w
ao,r
ih,ih
v,v
gcl,kcl
z,z
tcl,tcl
ux,ux
ey,axr
r,dx
ix,ix
ih,ih
s,s
ae,ae
r,r
uh,ax
r,r
ih,ey
dh,dh
eh,ix
ae,ae
axr,l
iy,iy
ih,iy
ih,ix
s,s
ey,ey
pcl,tcl
s,s
tcl,tcl
eh,er
z,z
hh,p
iy,ix
er,eh
bcl,n
gcl,tcl
iy,iy
v,dcl
aa,aa
dcl,dcl
n,ix
ax,ax
ix,ih
axr,er
ae,ae
r,r
f,f
y,y
tcl,tcl
kcl,kcl
v,dcl
ax,l
v,v
jh,k
ae,ae
iy,r
pcl,tcl
ux,ux
z,s
dx,dh
eh,eh
pcl,pcl
q,aa
ih,ix
n,n
nx,r
uw,ih
th,th
f,f
z,z
bcl,dx
r,axr
ae,ae
m,n
ao,ao
f,f
n,n
pcl,tcl
gcl,n
ax,ix
s,s
g,k
n,n
ah,ae
ih,ih
r,eh
w,w
er,axr
s,s
n,dcl
hh,hh
y,iy
q,l
axr,r
v,z
s,s
uh,l
jh,ch
s,s
ax-h,kcl
gcl,dcl
hh,hh
tcl,dcl
ax,ix
ay,ay
ao,ao
r,r
n,n
ae,ae
ix,ix
en,dcl
ux,ux
y,y
bcl,bcl
en,ng
m,n
l,l
ih,ih
z,s
eh,l
dx,ix
s,s
ax,ax
sh,sh
l,r
w,w
ax,ix
l,v
ao,ao
r,r
ah,ae
bcl,dcl
aa,r
ax,eh
m,n
s,t
dh,dh
l,l
ae,ae
ix,ix
kcl,tcl
iy,iy
pcl,dcl
oy,oy
p,p
ix,ix
eh,eh
z,s
tcl,tcl
ix,ix
w,w
uh,ix
m,w
sh,ch
ay,ay
p,p
pcl,tcl
ey,ay
ax,l
n,n
bcl,bcl
ix,ix
z,s
w,q
m,m
z,z
aa,aa
r,r
bcl,tcl
pcl,tcl
ao,ao
jh,jh
sh,sh
l,l
l,w
th,th
ey,ey
t,k
s,s
ow,el
ih,eh
sh,sh
ux,ux
ay,aa
ow,ow
hv,iy
m,m
ow,ow
s,s
dcl,dcl
ix,ih
ae,ae
kcl,kcl
tcl,tcl
ih,ey
jh,jh
axr,axr
axr,axr
ix,ix
m,w
r,r
jh,jh
eh,ah
ih,ux
g,q
tcl,v
s,s
pcl,tcl
g,g
eh,eh
y,ix
kcl,tcl
ey,ey
dcl,tcl
iy,ix
ih,ix
s,s
oy,oy
kcl,tcl
n,n
z,z
w,w
s,s
q,q
nx,dx
gcl,dcl
tcl,tcl
eh,eh
w,w
tcl,t
eh,r
ae,ey
th,f
d,k
bcl,tcl
s,s
n,n
sh,sh
s,s
oy,oy
w,w
r,eh
ow,ow
s,s
f,f
tcl,kcl
n,n
r,r
dcl,dcl
ey,iy
r,r
tcl,tcl
iy,iy
r,r
ix,ax
ix,ax
ax,ix
ey,ey
g,dh
m,ax
jh,jh
tcl,tcl
ao,ao
axr,r
p,p
t,tcl
l,l
r,r
s,z
axr,n
tcl,tcl
tcl,dcl
w,w
kcl,tcl
iy,ng
sh,sh
n,n
iy,iy
ey,eh
f,f
z,z
n,ix
el,w
eh,ae
ax,ix
pcl,tcl
ix,ix
iy,iy
kcl,tcl
g,q
n,n
n,n
ih,ax
kcl,k
ao,r
ah,ah
dh,n
r,r
l,l
hh,k
ey,ey
ix,ix
er,ax
s,s
n,m
th,th
hh,p
s,s
pcl,dcl
w,w
eh,eh
sh,sh
m,m
k,k
ow,eh
s,s
kcl,tcl
f,k
iy,iy
ix,ix
er,er
iy,ix
r,ax
m,ng
w,ao
n,n
m,n
iy,iy
gcl,kcl
tcl,tcl
ey,ey
l,l
q,q
tcl,tcl
kcl,tcl
ow,ow
q,q
y,y
m,m
dcl,dcl
iy,iy
axr,axr
ux,ux
er,axr
ow,ow
w,w
s,sh
ax,ax
iy,iy
r,r
dx,dx
f,f
ay,ay
n,n
ay,ae
k,k
axr,er
r,r
q,axr
n,n
p,p
tcl,tcl
m,dcl
n,ng
ao,ao
dcl,dcl
uh,ow
ow,l
dh,dh
ay,ae
uh,el
r,w
iy,ix
dh,tcl
ix,ix
r,ix
ah,ah
ax,ax
r,r
t,t
ah,ah
gcl,dcl
n,n
f,dh
w,w
n,n
l,l
tcl,q
v,n
t,t
b,dh
s,s
z,z
axr,r
v,dx
s,sh
s,s
axr,r
eh,eh
ix,ix
iy,iy
ae,ae
f,p
iy,iy
y,ix
kcl,kcl
v,q
ux,ix
s,s
eh,eh
ae,ae
r,ix
axr,axr
s,s
ae,ae
ow,ow
dx,dx
iy,iy
hh,v
y,y
m,n
eh,eh
y,y
z,z
ix,eh
aa,aa
ey,ey
iy,iy
n,n
y,iy
axr,ng
p,kcl
ow,ow
tcl,tcl
r,r
aa,aa
nx,n
uh,ih
ow,ow
tcl,dcl
iy,ix
ax-h,tcl
iy,axr
dh,t
tcl,tcl
ey,eh
hh,hh
t,t
v,n
w,w
tcl,tcl
dcl,pcl
ix,ix
iy,ix
dcl,dcl
t,t
z,z
ow,ow
dcl,dcl
l,w
aa,ay
eh,r
v,ax
dcl,dcl
oy,oy
q,q
w,w
ay,ay
ih,ih
t,t
dx,dx
ax,l
n,w
l,l
ux,ux
ih,ih
iy,iy
er,er
ch,k
eh,eh
g,g
dh,f
ao,w
y,k
eh,r
tcl,tcl
z,z
ay,aa
n,ix
d,t
ao,ao
ay,ay
v,l
tcl,tcl
dcl,tcl
s,s
ao,ay
iy,iy
k,k
f,f
ux,ux
tcl,tcl
ix,ix
kcl,dcl
ay,ey
ix,ax
r,ih
ae,ae
ix,ix
ch,s
axr,axr
kcl,kcl
n,n
n,n
m,m
l,ao
ay,ay
ih,ix
f,f
axr,axr
ix,ih
l,q
z,s
ao,ao
iy,iy
ix,ix
ay,ao
s,sh
n,n
ax,ax
bcl,dcl
ix,q
eh,ah
f,k
ih,ow
s,s
s,s
ih,iy
s,s
aa,aa
r,ih
iy,ix
ix,ix
ey,ae
iy,iy
iy,ix
eh,ah
t,z
axr,ix
ix,ix
w,w
dcl,pcl
r,r
er,eh
w,w
bcl,bcl
eh,eh
w,l
q,r
d,ix
dh,w
eh,eh
ao,ao
ao,ao
pcl,tcl
ih,ih
t,t
ix,ix
l,l
ao,ao
ae,eh
m,n
z,jh
gcl,tcl
dx,ix
sh,sh
s,s
t,t
k,k
b,tcl
s,z
dcl,dcl
n,n
nx,ax
pcl,tcl
g,k
eh,eh
q,q
ey,ey
ax,ax
v,v
ey,ey
uh,ix
z,s
ix,ix
ah,l
ix,l
l,n
dcl,dcl
s,s
ey,ey
gcl,tcl
t,t
ax,n
axr,ao
ax,ah
bcl,dcl
th,f
r,r
er,er
aa,ow
s,z
kcl,kcl
s,s
k,k
q,q
f,f
g,g
n,n
n,n
ix,ix
l,l
sh,sh
k,k
ux,ux
r,axr
eh,ae
t,t
ey,ey
k,jh
ax,ax
k,k
tcl,tcl
k,k
eh,ix
sh,s
ay,ay
w,w
y,y
l,ix
hv,hv
axr,ix
l,l
ow,ow
q,q
n,n
s,s
tcl,kcl
eh,eh
kcl,tcl
iy,iy
eh,eh
tcl,tcl
bcl,bcl
ix,ix
ey,ih
ih,eh
y,r
n,n
q,q
ay,ay
k,t
s,z
ah,ow
iy,iy
q,q
l,l
kcl,kcl
dh,dh
ih,ix
ae,ae
ah,r
kcl,tcl
g,ix
uw,r
ah,l
m,n
aw,aa
aa,r
ch,jh
iy,iy
ch,ch
ih,eh
ch,ch
n,gcl
ih,ix
l,w
l,n
t,t
dcl,pcl
ae,ae
m,n
w,w
ix,ix
ih,ix
iy,ix
s,s
z,z
ix,ix
ao,ao
n,n
t,jh
r,aa
dcl,bcl
gcl,dcl
f,f
iy,iy
ih,ix
f,f
iy,ih
kcl,tcl
ey,iy
s,s
er,ih
tcl,tcl
s,s
pcl,pcl
w,ao
sh,ch
iy,iy
q,ax
v,ix
ix,ix
sh,sh
ay,ay
hh,hv
en,n
ix,ih
iy,iy
kcl,tcl
t,t
m,ng
kcl,pcl
f,f
el,el
f,sh
ay,ay
v,ix
hh,t
ax,ix
dh,v
kcl,kcl
q,ix
ae,ae
l,l
tcl,tcl
bcl,dcl
r,n
ix,ix
n,n
s,s
l,el
tcl,tcl
axr,er
ix,ix
ey,ae
ix,ix
m,n
s,s
q,ax
ax,ix
ux,ux
k,k
ae,eh
y,y
kcl,tcl
ah,eh
jh,jh
er,er
dx,q
p,p
iy,iy
er,er
ih,ih
s,s
uh,eh
n,n
ow,ow
m,n
eh,eh
q,q
q,q
ng,ng
ix,ix
dcl,n
n,ng
v,n
er,er
ix,ix
ae,ae
q,q
ow,ow
l,l
eh,ow
m,v
t,t
tcl,tcl
n,n
r,r
l,l
iy,iy
y,y
s,s
bcl,dcl
f,f
n,m
ch,jh
l,l
n,dcl
v,z
ae,ae
n,n
kcl,kcl
t,t
ao,aa
s,s
kcl,tcl
ax,axr
k,k
y,ix
l,l
ae,ae
ix,r
p,kcl
gcl,dh
ax-h,gcl
ax,q
t,k
tcl,q
ay,eh
m,m
k,k
s,s
s,s
er,er
aa,ao
l,l
tcl,tcl
tcl,kcl
kcl,ix
kcl,kcl
sh,sh
ix,ix
kcl,kcl
ix,ix
n,l
t,k
ih,ih
axr,r
ao,ao
z,s
n,n
s,s
ax,ax
ng,ix
el,ao
sh,sh
s,ch
k,jh
p,p
z,s
hv,hv
iy,ih
eh,eh
dx,kcl
tcl,dcl
k,q
eh,r
tcl,n
ey,ey
ch,ch
aa,aa
ae,ae
sh,sh
y,ix
zh,sh
ey,ey
k,k
ih,ih
z,s
aw,aw
s,s
l,l
dx,dx
w,w
aa,aa
f,f
sh,sh
ax,ax
dcl,dcl
gcl,tcl
w,w
tcl,tcl
ix,hv
kcl,tcl
nx,w
ah,l
t,ch
s,t
ax,ax
s,sh
dcl,kcl
r,r
ae,ae
w,w
q,q
iy,iy
ow,l
kcl,kcl
aw,aa
sh,sh
t,t
ay,ay
ih,ah
aa,aa
iy,iy
aw,ae
nx,n
iy,iy
ix,ix
tcl,tcl
s,s
n,n
dh,ax
s,s
th,f
ix,ix
ah,ah
y,ix
n,n
k,k
m,m
ax,ix
y,iy
th,s
ax,n
nx,ix
s,s
kcl,tcl
dcl,dcl
p,k
axr,axr
ae,ae
t,t
hh,hh
ay,ay
m,r
f,f
ix,ix
ih,eh
gcl,dcl
aa,ao
aa,aa
ao,ao
m,w
l,l
s,s
oy,ao
ch,ch
ix,ih
r,eh
t,dh
er,er
y,ix
ao,ow
bcl,tcl
ch,ch
ix,ih
t,jh
v,ix
s,s
iy,iy
iy,iy
dcl,tcl
er,r
p,k
ux,iy
z,z
n,n
y,y
z,z
w,l
ih,ix
n,n
dh,n
w,l
bcl,dcl
q,q
r,q
ix,ix
eh,ih
n,n
dcl,tcl
n,n
s,s
sh,sh
el,w
d,q
q,q
p,p
pcl,tcl
r,ow
aa,aa
iy,ix
ao,aa
z,sh
ih,iy
ng,n
l,el
s,s
hv,n
sh,sh
nx,n
s,s
gcl,tcl
m,dh
ih,eh
er,axr
ux,ax
g,k
l,l
w,w
s,s
p,p
l,ix
axr,iy
r,r
d,dh
ix,ix
ey,ih
kcl,dh
ix,ix
w,w
ix,ix
ux,ux
ax,l
ih,ng
axr,axr
ix,ix
aa,aa
iy,iy
w,v
ey,ey
l,l
tcl,tcl
kcl,tcl
ax,l
r,r
ey,ey
ih,ih
eh,ao
ix,ix
iy,iy
r,ix
ae,ae
axr,r
w,q
ix,ih
hh,w
ow,aa
ao,w
d,dx
v,v
hv,v
r,r
ih,ix
ih,ey
axr,ix
ix,ix
s,s
w,w
aa,aa
eh,ao
eh,ae
ax,aa
eh,eh
iy,dcl
tcl,tcl
iy,ih
t,t
k,k
kcl,kcl
iy,iy
bcl,dcl
z,z
iy,iy
hh,hh
k,d
m,v
l,l
ax,ax
m,n
q,q
dh,ix
ay,ey
ao,ao
eh,ix
ao,aa
s,s
g,g
pcl,kcl
gcl,axr
d,tcl
bcl,dcl
iy,ix
ow,ow
kcl,tcl
pcl,tcl
t,t
m,m
iy,iy
r,r
l,l
ih,ix
ih,ih
l,l
ix,ix
z,jh
ah,aa
dcl,dcl
p,p
er,er
ix,ax
dh,dcl
ae,ae
b,d
bcl,dcl
f,dh
ux,ix
eh,eh
ng,n
s,s
tcl,tcl
ey,hv
uw,uw
kcl,tcl
ix,ix
m,n
z,s
ae,ae
ix,ix
z,z
p,k
l,r
t,t
ih,iy
s,s
dcl,dcl
ae,ae
m,m
axr,ax
pcl,tcl
ao,aa
sh,sh
k,k
r,l
s,z
tcl,kcl
tcl,tcl
m,m
ah,ay
r,r
ae,aa
iy,ix
aa,aa
nx,n
axr,er
eh,eh
tcl,tcl
eh,eh
ey,ix
m,n
g,q
n,n
l,l
l,l
ax,ax
ix,iy
tcl,tcl
ix,ix
l,uw
ah,eh
s,s
iy,iy
s,s
ch,ch
m,m
pcl,tcl
ow,l
l,l
p,p
ay,ae
bcl,dcl
iy,iy
s,s
ax,ax
ix,ix
bcl,bcl
v,tcl
s,s
en,n
k,k
y,n
s,s
dx,dcl
eh,eh
l,ax
ix,iy
r,r
er,er
ix,ix
ao,ae
ow,eh
ah,ix
y,y
ah,ah
n,n
ao,ao
eh,ae
ow,ah
ah,ax
t,dh
n,q
g,kcl
r,ax
v,v
tcl,tcl
axr,ix
r,axr
kcl,kcl
l,l
r,r
w,w
ay,ay
iy,iy
w,w
pcl,pcl
l,w
ix,ix
ao,ao
iy,y
bcl,dcl
t,k
el,ax
s,sh
s,s
kcl,pcl
kcl,tcl
s,s
s,s
q,w
eh,ao
dx,ix
ux,ux
s,s
p,dh
s,s
r,axr
aa,aa
tcl,tcl
ng,n
z,z
er,ix
t,t
k,k
ix,ix
v,q
ao,ao
dcl,tcl
n,n
ah,ao
t,t
s,s
ch,s
r,axr
ao,ao
l,l
l,l
dcl,dcl
tcl,tcl
ih,ix
l,l
th,f
ix,ix
tcl,kcl
s,s
f,f
l,el
bcl,bcl
er,ae
axr,er
ng,n
hv,hv
hv,v
iy,iy
ch,jh
tcl,tcl
aa,aa
pcl,tcl
er,axr
iy,iy
ae,ae
v,dx
eh,eh
iy,iy
ix,ih
w,q
ih,axr
m,n
m,n
ae,ae
ng,n
eh,eh
ey,ey
ch,ch
kcl,kcl
kcl,q
v,n
tcl,tcl
aa,aa
ng,n
dcl,v
iy,iy
k,k
ae,ae
z,s
eh,eh
sh,ch
ao,w
iy,ih
s,s
ey,ey
zh,jh
ng,n
tcl,tcl
p,tcl
gcl,dx
tcl,tcl
gcl,dcl
t,t
d,q
ch,ch
ax,ix
ax,ax
s,s
tcl,dcl
eh,eh
l,l
v,l
t,ch
s,s
aa,ay
iy,iy
tcl,tcl
ae,ae
eh,r
ih,ih
n,n
pcl,tcl
ao,ao
tcl,tcl
n,ax
m,y
en,n
aa,ow
pcl,dh
dcl,dcl
t,t
ix,l
ix,ix
p,p
hv,hv
axr,axr
v,dh
iy,ix
n,dh
n,n
zh,jh
s,z
eh,ih
ay,eh
ow,ow
k,k
r,r
t,t
axr,axr
f,f
aw,ao
aw,ow
s,s
aa,aa
ix,ix
ow,ao
y,dx
iy,iy
y,y
th,dh
s,s
s,s
uh,ix
ax,ax
p,p
l,w
w,w
z,z
v,n
t,t
th,dcl
ae,ae
eh,eh
pcl,kcl
tcl,tcl
ae,ah
r,r
m,m
tcl,tcl
hv,hv
kcl,tcl
jh,ch
aa,aa
p,k
iy,ix
r,ax
d,g
aw,ao
sh,sh
ae,ae
ax,l
q,q
t,t
iy,iy
axr,r
m,bcl
tcl,tcl
eh,ix
l,l
kcl,pcl
w,w
tcl,t
ix,eh
er,r
el,ao
k,t
dh,dx
t,t
axr,ix
n,n
aa,aa
ax,l
m,n
er,er
ng,n
aa,aa
ix,ix
el,el
kcl,tcl
bcl,tcl
axr,axr
l,l
m,m
l,q
s,s
eh,eh
ao,ao
z,z
f,f
pcl,pcl
er,eh
s,s
s,s
p,p
ah,ix
ao,aa
z,z
n,n
ih,eh
ch,ch
axr,ih
ux,ux
z,s
q,q
gcl,tcl
l,v
ey,ae
ax,ix
ae,ae
ae,ah
z,z
tcl,dcl
ch,sh
ax,axr
dh,tcl
axr,axr
r,r
t,k
l,l
ay,ay
q,w
r,r
ay,ay
ey,ey
ih,ow
kcl,tcl
iy,iy
n,n
ey,ih
t,t
ow,ow
s,s
s,s
iy,ix
l,l
ax,ax
ix,ix
v,v
t,t
ey,ey
ix,ix
aa,eh
sh,sh
n,tcl
eh,eh
ax,ax
w,w
q,q
ng,n
axr,r
ay,eh
t,t
eh,eh
r,r
ao,r
iy,iy
t,t
s,s
ix,ix
p,hh
ih,eh
w,w
ux,ux
ae,ae
ao,aa
ey,iy
axr,ae
ao,ao
kcl,kcl
n,n
d,t
dh,k
k,q
ey,ih
s,s
er,ae
dh,v
ow,ih
n,ng
r,r
ah,ix
dcl,n
eh,eh
ax,ax
s,s
dh,tcl
p,f
n,n
ey,ih
ow,aa
l,l
n,ix
bcl,bcl
tcl,g
z,s
ng,ix
dcl,tcl
r,r
m,n
ah,ah
w,w
f,z
aa,aa
eh,axr
aa,r
ah,eh
ae,ae
ey,ix
ix,ix
l,ix
l,ax
dx,dx
sh,sh
ax,ax
r,r
q,q
ih,iy
w,w
q,aa
ih,ih
r,r
aa,aa
n,n
ix,r
l,l
s,s
q,q
iy,ey
ng,ng
ix,ix
s,s
r,dx
ax,ao
n,dcl
ax,ix
l,l
dcl,dcl
iy,iy
m,n
axr,axr
ix,iy
s,s
ah,aa
n,ng
dh,dh
axr,eh
dcl,dcl
eh,ae
w,w
ay,ey
bcl,tcl
bcl,bcl
dcl,dcl
k,k
l,dx
eh,ae
aa,aa
tcl,kcl
pcl,pcl
ey,ey
er,aa
el,l
y,y
m,m
ux,ix
n,n
eh,eh
q,ix
ih,ix
z,z
iy,ey
axr,axr
r,r
s,z
dx,dx
el,el
z,z
w,w
ae,eh
er,r
ix,ix
v,z
eh,eh
hh,hh
y,y
l,l
l,l
k,k
ch,t
sh,sh
r,r
t,jh
d,d
kcl,tcl
n,ix
kcl,pcl
dx,dcl
n,ng
iy,iy
th,f
iy,n
dcl,tcl
ix,ix
s,s
ng,ix
ih,ih
f,f
iy,iy
ih,ix
er,axr
t,t
ay,ay
oy,ow
z,z
axr,axr
ux,iy
n,n
ao,aa
z,s
t,k
q,q
eh,ix
n,ih
s,z
ay,ay
ix,eh
dh,dh
n,n
r,ae
tcl,tcl
el,ao
l,ix
s,s
iy,ix
ih,eh
s,s
ow,oy
z,z
iy,iy
v,v
ay,ah
gcl,dcl
gcl,dcl
z,z
ng,n
r,r
iy,iy
r,r
r,ah
ey,ey
kcl,tcl
ao,l
tcl,tcl
dcl,dcl
q,r
ey,iy
nx,n
gcl,tcl
m,m
p,k
f,f
ow,el
t,t
k,k
s,s
w,w
sh,sh
ix,ix
ax,aa
en,n
w,ax
dh,hv
r,eh
ae,eh
axr,v
dh,k
iy,iy
s,t
r,r
q,q
aw,aa
n,q
y,y
iy,iy
n,n
gcl,gcl
ah,ah
r,r
ah,ow
ae,ae
ix,ax
n,n
pcl,pcl
iy,iy
q,q
iy,eh
kcl,tcl
dh,tcl
ih,iy
tcl,tcl
iy,iy
ay,ae
f,f
w,w
iy,iy
sh,sh
s,s
iy,iy
w,w
aw,ao
r,axr
r,r
tcl,pcl
tcl,tcl
ao,ao
axr,axr
ih,ih
w,w
r,r
kcl,tcl
s,s
kcl,kcl
pcl,tcl
n,v
ay,ay
ae,ae
b,tcl
iy,iy
gcl,dcl
ae,ae
ux,ih
eh,r
ih,ih
ih,ix
ux,ux
s,s
ng,uw
sh,sh
m,m
ix,r
k,k
r,n
l,l
w,ao
hh,k
l,l
r,r
kcl,tcl
ix,ix
s,s
w,w
n,n
s,s
m,dx
s,s
k,k
iy,iy
bcl,bcl
l,l
er,axr
s,s
bcl,bcl
z,z
t,t
r,r
iy,q
z,z
s,ch
m,n
s,z
r,ix
er,ae
ao,aa
p,p
kcl,tcl
er,ao
w,w
iy,iy
ae,ae
ch,s
l,l
s,z
ow,ao
oy,ow
t,t
kcl,tcl
r,r
y,y
hh,t
f,f
pcl,dcl
dcl,tcl
dcl,dcl
kcl,tcl
w,w
v,z
k,k
kcl,tcl
ao,ao
z,z
l,l
sh,sh
l,l
tcl,tcl
dcl,dcl
ih,ix
q,q
kcl,tcl
p,k
m,n
s,s
tcl,tcl
er,er
iy,iy
el,ax
s,s
s,s
ay,ae
axr,r
ow,ow
sh,sh
iy,iy
n,n
f,f
f,f
k,k
gcl,dcl
th,f
ow,l
f,f
eh,eh
s,s
s,s
n,n
dcl,dcl
r,r
ae,ae
k,k
s,s
z,s
ix,ix
r,ay
n,ix
gcl,dcl
ay,eh
ih,ix
f,t
ih,ih
ix,ix
dcl,dcl
hv,hv
bcl,dcl
axr,ax
ax,axr
ng,n
s,s
ax,ax
r,r
q,q
er,er
ay,ay
ay,aa
t,t
s,z
iy,ih
dcl,dcl
ax,ax
axr,v
ae,ae
en,n
q,r
k,k
kcl,tcl
r,eh
el,el
k,q
ix,ix
z,s
ao,oy
ao,ao
f,f
hv,iy
l,l
er,er
w,w
axr,axr
dcl,tcl
iy,iy
ow,ow
ax,ix
w,w
kcl,tcl
ao,l
pcl,tcl
ae,ae
r,eh
y,l
ao,oy
ix,ix
r,r
z,s
dx,y
ey,ih
tcl,hh
kcl,tcl
l,v
ih,ix
eh,ae
kcl,kcl
ah,ah
gcl,tcl
ow,aa
bcl,tcl
zh,sh
ch,ch
r,r
s,s
ao,aa
l,l
t,t
eh,eh
tcl,tcl
f,f
tcl,tcl
s,s
eh,eh
ae,ae
ih,ih
m,n
ix,iy
ae,eh
ah,ah
s,s
w,w
hv,hh
ao,q
n,n
ix,ix
s,sh
kcl,tcl
sh,sh
aw,ae
r,r
aa,ao
ax,q
n,m
q,r
kcl,tcl
v,pcl
hh,t
r,r
ax,l
kcl,tcl
aa,aa
eh,eh
ay,ay
l,el
k,jh
zh,sh
ix,ih
n,m
n,n
l,ao
kcl,kcl
d,d
w,w
r,r
hh,hh
oy,oy
k,jh
k,q
k,t
m,n
ux,ux
er,r
bcl,dcl
l,l
ih,ix
tcl,kcl
r,r
tcl,tcl
ae,eh
ix,ix
kcl,pcl
iy,iy
sh,sh
ae,ae
pcl,tcl
ax-h,t
iy,iy
ao,ao
ae,ae
tcl,tcl
ax,ax
r,r
z,z
ux,ux
k,jh
v,l
eh,eh
f,f
iy,iy
iy,n
aa,ah
p,q
p,p
iy,ix
w,w
bcl,dcl
er,er
uh,ix
s,s
l,l
eh,eh
bcl,bcl
ix,ix
iy,y
l,ax
el,l
ix,ix
gcl,dcl
kcl,kcl
ix,ix
aw,ow
g,t
ae,ae
dx,ix
jh,jh
ey,ey
l,r
w,w
er,ih
r,ax
hh,hv
m,dcl
ix,ix
y,iy
kcl,tcl
m,n
dcl,tcl
ay,er
k,k
uw,l
nx,n
kcl,q
ow,ih
z,z
z,z
q,q
m,m
ah,ix
k,k
axr,axr
w,w
ae,eh
p,dh
ow,el
dh,n
ix,eh
ao,ao
iy,iy
t,tcl
er,axr
n,m
r,dh
p,tcl
iy,ix
ih,iy
dcl,dcl
uh,ao
tcl,tcl
ng,n
v,v
r,r
r,r
eh,eh
n,dx
er,er
ih,eh
eh,eh
ah,ow
m,m
r,r
aw,ae
uh,ih
r,r
f,f
z,z
m,m
z,z
ay,eh
k,k
dx,q
ay,ae
r,ax
ey,ey
m,n
eh,ae
k,k
ey,iy
tcl,tcl
bcl,tcl
ay,ay
iy,iy
axr,axr
r,hv
w,dx
axr,axr
aa,aa
ao,ao
r,r
iy,iy
eh,eh
r,r
p,k
k,k
ix,ix
k,k
s,sh
g,d
ay,er
l,l
axr,axr
w,w
t,k
axr,axr
axr,ax
dx,dx
iy,ix
iy,iy
iy,iy
s,s
tcl,ix
iy,iy
ax,q
w,ax
ay,ae
iy,ix
pcl,pcl
ow,ow
iy,iy
k,k
l,w
em,n
ng,n
k,k
axr,axr
k,v
r,iy
kcl,kcl
er,ih
r,eh
er,ih
s,s
ae,ae
r,r
n,n
ey,ae
uw,el
er,er
oy,ao
dx,dcl
ay,ae
dx,ix
s,s
sh,ch
ix,iy
aw,ao
ih,ix
f,p
kcl,tcl
dcl,tcl
s,sh
w,w
dcl,dcl
k,k
dh,ix
tcl,dcl
s,s
uw,ux
v,ix
sh,sh
dh,ax
iy,iy
gcl,tcl
kcl,tcl
axr,ih
tcl,tcl
ih,ih
p,p
ih,ix
er,er
ch,ch
ax,ix
s,s
iy,iy
ng,n
sh,ch
r,m
f,f
gcl,kcl
tcl,dh
f,f
ay,eh
ix,ix
en,ix
n,ix
ay,ay
ah,eh
tcl,tcl
ax,l
z,z
tcl,tcl
w,w
tcl,tcl
axr,ix
ae,ae
k,k
dcl,tcl
r,w
dx,jh
n,n
n,n
hv,l
ey,eh
iy,ih
iy,y
dh,t
gcl,tcl
ay,ae
eh,axr
ey,ih
ix,ix
iy,y
ih,ih
v,bcl
eh,ey
kcl,kcl
iy,iy
n,n
k,k
ey,ey
k,k
m,dcl
r,r
ah,aa
l,l
uh,ix
nx,l
ux,n
ae,ae
g,dx
s,z
ax,ax
ae,ae
ey,ey
dh,t
n,ix
ow,w
q,q
s,s
s,s
r,q
l,l
t,t
axr,axr
ae,ae
dx,r
w,w
r,dx
f,f
l,l
ow,ow
l,l
l,l
n,n
ux,ih
t,t
k,k
z,z
b,tcl
hh,hv
r,axr
ow,ow
iy,iy
uh,ax
gcl,dcl
v,n
axr,axr
aa,aa
kcl,tcl
iy,iy
l,ax
aw,ow
r,ix
ih,ix
eh,eh
axr,axr
n,tcl
hv,hv
bcl,dcl
ix,ih
k,k
tcl,kcl
ix,ix
sh,s
iy,ux
w,w
n,n
n,n
v,v
g,q
ax,ax
aa,ao
m,dx
ih,ih
sh,sh
ae,ae
r,ix
d,t
dh,dh
l,l
w,l
ey,ey
z,z
n,n
ix,ix
w,l
iy,iy
axr,q
pcl,tcl
q,k
t,dh
tcl,tcl
r,r
dcl,v
ix,ix
ux,iy
nx,dh
l,l
p,k
axr,ih
eh,eh
tcl,tcl
y,y
aa,ao
bcl,dcl
ao,aa
r,r
w,uw
axr,axr
n,n
y,n
aw,aw
s,s
l,q
k,k
pcl,tcl
z,z
s,s
aa,aa
l,dh
ih,ix
ae,ae
kcl,tcl
eh,eh
k,k
th,v
s,s
n,n
kcl,tcl
s,s
ix,ix
aa,aa
r,r
ay,ay
q,k
s,s
hv,hv
k,k
z,z
aa,aa
s,s
n,n
n,n
n,n
v,ix
hv,ax
v,v
axr,axr
ix,ah
ux,ux
er,axr
ay,ay
l,l
ix,ix
bcl,dcl
w,w
tcl,kcl
ao,w
w,w
pcl,tcl
aw,aa
r,r
aa,aa
dcl,dcl
l,l
w,w
eh,ih
ay,aa
ix,iy
dx,dx
kcl,dcl
r,r
ao,q
ih,ih
oy,ao
l,l
y,y
l,w
ix,ix
l,ow
kcl,tcl
axr,er
dcl,tcl
ix,ix
n,n
ix,ix
dh,ix
iy,iy
ih,ih
dcl,dcl
s,s
tcl,tcl
axr,ih
el,ax
g,t
t,t
z,s
tcl,tcl
er,axr
bcl,dcl
em,n
iy,iy
ao,ao
l,w
kcl,tcl
iy,iy
aa,ao
axr,r
s,s
m,m
ey,ey
ux,ih
l,ax
v,v
l,ax
s,s
ae,eh
ax,ax
axr,aa
ax-h,tcl
ix,ix
pcl,pcl
iy,iy
ih,ix
k,k
r,r
iy,iy
ah,ah
er,axr
k,k
ey,iy
m,m
em,n
dcl,dcl
kcl,tcl
l,l
ux,ix
ix,ix
t,t
tcl,pcl
ix,ix
iy,iy
ix,ix
dcl,dcl
k,k
z,s
k,k
z,z
l,q
ix,ix
jh,jh
y,y
k,k
ow,ow
dx,n
p,k
aa,aa
iy,iy
n,ng
ae,ae
n,n
ae,ae
n,ng
ae,ae
dx,dx
er,er
tcl,tcl
pcl,tcl
ix,ih
ng,n
r,r
r,q
aa,aa
axr,axr
p,dh
k,q
iy,iy
jh,z
er,er
tcl,tcl
gcl,gcl
gcl,dcl
iy,iy
ae,eh
ay,ay
hh,hh
s,s
iy,iy
ix,ix
ix,ix
ow,ow
f,kcl
p,dh
tcl,tcl
iy,iy
zh,jh
ih,ow
l,l
aa,aa
r,r
kcl,dcl
kcl,kcl
n,n
r,r
n,dcl
sh,sh
ix,ix
v,v
t,t
l,ow
r,r
tcl,bcl
v,n
eh,er
iy,iy
f,f
ux,n
r,ao
sh,sh
k,hh
gcl,dcl
sh,sh
ix,ix
dcl,dcl
axr,axr
l,l
t,t
ix,n
ux,ux
iy,iy
pcl,tcl
f,f
ah,ah
y,y
ih,ah
k,k
ae,ah
dcl,tcl
s,s
kcl,tcl
g,kcl
kcl,kcl
n,n
ih,eh
th,t
ae,iy
f,f
y,y
ax,l
z,z
s,s
s,s
er,er
ix,ix
g,k
z,s
ng,n
ng,n
n,dcl
p,hv
z,z
ah,eh
z,z
kcl,kcl
s,jh
l,l
k,k
iy,iy
w,uw
m,n
bcl,dcl
ax,ax
z,z
kcl,tcl
m,w
ao,q
ix,ih
k,k
l,l
dh,tcl
sh,sh
aa,ao
dcl,pcl
axr,er
s,s
dcl,dcl
dh,dh
aa,aa
jh,k
tcl,v
ae,ae
ih,iy
ch,s
ah,ah
ix,ix
iy,ey
ix,ah
dcl,dcl
kcl,dcl
ae,ae
ih,eh
f,f
ao,ao
n,n
w,l
l,l
sh,sh
ao,w
ux,ux
l,w
w,m
ah,eh
oy,oy
aa,aa
aa,ao
aw,aa
dh,dh
r,r
gcl,y
iy,iy
kcl,tcl
m,n
axr,r
l,l
n,ng
tcl,tcl
iy,iy
l,l
p,p
k,t
r,ax
ey,ey
iy,ix
ay,q
r,r
ey,ih
ae,ae
ao,ao
l,l
eh,ix
ao,ao
l,ix
ey,eh
n,dcl
l,l
f,f
m,m
l,l
m,m
l,l
kcl,kcl
ae,eh
ng,n
k,k
tcl,tcl
iy,ih
ow,ow
ix,ix
ah,l
v,v
f,f
er,aa
pcl,tcl
jh,jh
ix,ix
w,w
ix,ih
dh,tcl
n,ng
f,f
k,k
s,s
y,ix
t,dx
axr,axr
ix,ix
r,r
bcl,bcl
iy,hv
th,s
dh,dh
ch,t
oy,oy
ix,l
p,hh
q,ax
eh,eh
ae,ae
bcl,tcl
l,l
ay,ae
en,ix
tcl,tcl
ah,aa
gcl,tcl
uh,ah
uh,r
dcl,dcl
r,axr
ae,ae
n,n
eh,ix
l,l
eh,eh
iy,iy
dcl,dcl
ay,eh
ax,ax
y,y
q,q
axr,r
m,n
dcl,dcl
sh,sh
ix,ix
hv,hv
v,v
iy,ih
ae,ae
l,w
ae,ae
uw,ux
ow,ah
tcl,tcl
z,s
t,ch
p,hh
aa,aa
ey,ey
r,r
tcl,dh
ae,ae
n,n
n,w
jh,jh
ow,ow
ix,ix
ix,ix
l,l
y,y
ix,axr
w,ax
ae,ae
ae,eh
oy,l
jh,jh
s,s
p,k
t,k
l,l
m,m
r,axr
s,s
iy,iy
f,f
bcl,dcl
ux,ux
ae,aa
sh,sh
y,iy
ux,ih
l,l
ow,ao
dh,q
ix,ix
kcl,tcl
kcl,tcl
kcl,tcl
jh,ch
w,w
ao,el
k,k
r,r
m,hv
bcl,dcl
ix,ix
l,l
ix,ix
n,n
ah,ae
ux,iy
ey,iy
kcl,tcl
el,ow
s,s
ux,uw
ix,ix
s,s
jh,jh
axr,er
r,r
iy,iy
eh,eh
l,m
tcl,tcl
ux,ux
tcl,tcl
f,f
r,r
s,s
axr,r
gcl,q
tcl,kcl
ih,ix
ey,ey
g,g
dcl,dcl
ix,ix
s,s
n,n
ih,ih
s,s
r,r
l,l
q,q
s,s
ao,ao
dh,ix
ay,ae
iy,iy
ix,n
r,r
kcl,tcl
iy,iy
t,t
dcl,tcl
ey,ey
w,w
n,l
ng,ng
p,t
ux,ux
tcl,tcl
dcl,dcl
dh,t
b,k
eh,ae
ae,eh
axr,aa
ix,n
l,ax
r,r
ax,ax
l,ix
hh,q
r,r
ay,aa
r,w
k,t
dcl,dcl
pcl,pcl
z,sh
pcl,tcl
iy,ih
f,f
n,n
ix,q
f,f
t,t
n,ix
ch,ch
k,k
axr,eh
f,f
n,n
l,r
l,l
er,er
axr,axr
dx,dh
n,n
ae,ey
bcl,pcl
p,g
kcl,tcl
z,z
eh,eh
k,d
kcl,pcl
y,ix
y,iy
k,k
f,f
ng,ng
aw,aw
ih,eh
ao,l
aw,ae
jh,jh
b,tcl
eh,eh
l,l
k,q
r,eh
s,s
t,k
f,f
tcl,tcl
n,n
ix,ix
iy,iy
ax,ax
w,w
m,m
dcl,tcl
p,p
ax,ax
k,k
k,k
sh,f
f,f
iy,iy
ih,eh
t,t
ix,ix
y,ix
q,tcl
t,t
ax,ih
ix,ix
n,n
r,r
ey,ey
tcl,f
q,q
ao,ow
n,ix
ix,ix
ae,ae
s,s
n,n
er,er
er,ih
s,s
er,ey
w,r
ih,ih
axr,axr
t,k
iy,ix
ah,eh
axr,axr
tcl,tcl
jh,jh
tcl,jh
ix,ix
t,s
ih,eh
kcl,tcl
iy,iy
ax,ax
z,s
z,z
ix,ix
ix,ix
ax,r
kcl,dh
ow,ow
er,er
n,l
z,z
ow,aa
ax,ix
ix,iy
s,s
tcl,dx
iy,iy
q,q
ey,ae
er,er
iy,iy
dh,dh
ix,l
ux,ix
w,w
ao,ao
z,z
ao,ao
pcl,tcl
ix,ix
dh,dh
ae,ae
d,t
q,q
p,k
ix,ix
s,s
aa,aa
l,ix
ih,axr
aa,aa
ix,q
ax,ax
m,m
ax,l
axr,ix
z,s
hh,tcl
aw,aa
t,t
ih,ey
dx,dx
k,k
z,s
l,l
tcl,tcl
f,f
iy,iy
k,tcl
ix,ih
z,z
ah,ah
bcl,dcl
l,w
tcl,tcl
tcl,tcl
ix,ix
ix,ix
uw,el
z,s
r,q
kcl,kcl
dh,dh
k,k
l,l
ch,jh
w,w
d,d
ax,ah
nx,dx
n,ng
ey,ey
y,iy
ax,ix
ey,ih
pcl,kcl
q,q
s,z
ae,ae
oy,ow
ae,ae
iy,iy
q,q
ax,ax
t,jh
ix,ix
tcl,q
z,s
v,v
ix,ix
t,t
l,w
q,q
g,g
zh,sh
ih,ix
m,ix
k,k
tcl,tcl
k,t
f,f
q,q
m,m
ix,ix
iy,iy
l,l
w,w
tcl,dcl
ax,ix
s,s
kcl,tcl
f,f
ae,ae
dh,pcl
ih,ih
t,t
l,el
w,w
iy,iy
l,w
w,w
dcl,dcl
ix,ix
ix,ix
l,ax
m,v
t,t
ix,ax
ix,ix
kcl,kcl
aa,aa
w,w
tcl,tcl
dcl,dcl
k,tcl
en,ix
ah,ah
n,n
axr,axr
dh,tcl
s,s
n,n
kcl,tcl
ax,ix
iy,ey
ax,v
g,k
oy,ao
l,ao
q,q
hh,hh
sh,sh
v,ix
z,z
eh,eh
ih,ih
gcl,tcl
ow,eh
aa,aa
p,k
ow,ow
bcl,tcl
ix,ix
ay,ay
iy,y
k,k
iy,iy
l,l
p,f
kcl,kcl
n,n
kcl,tcl
ah,l
r,r
l,ax
v,f
n,ix
t,t
ix,ix
pcl,tcl
w,w
q,k
s,s
b,dx
ih,iy
d,k
hv,hv
aa,aa
f,f
m,n
dcl,tcl
ow,ax
iy,iy
ih,ae
ix,ix
ih,n
dh,dh
s,s
r,r
p,p
dh,dh
er,r
r,y
axr,er
iy,iy
ay,ay
t,t
ch,jh
kcl,kcl
ih,ih
dh,q
m,n
ix,iy
r,r
l,l
dcl,dcl
k,k
p,t
sh,sh
en,n
gcl,n
n,ix
ix,ix
l,l
w,w
ax,ax
eh,eh
sh,sh
ih,ih
s,s
ih,ix
ih,ih
v,v
ix,iy
g,g
axr,axr
tcl,tcl
axr,axr
tcl,tcl
aa,ao
aa,aa
ux,iy
s,s
ix,ix
d,q
ch,t
q,tcl
gcl,n
pcl,pcl
v,dx
ey,iy
l,l
w,w
s,s
ay,ay
ng,n
kcl,kcl
n,n
l,l
pcl,tcl
k,k
iy,iy
ah,aa
m,m
axr,ix
axr,r
dx,dcl
k,jh
iy,iy
n,n
r,r
er,eh
ux,ux
z,s
dcl,tcl
p,p
pcl,tcl
ng,n
tcl,tcl
r,r
r,aa
kcl,ix
ix,ix
ax-h,iy
axr,er
k,t
kcl,kcl
f,pcl
iy,ix
t,t
ih,ux
axr,ix
ay,ay
ah,ah
tcl,tcl
ix,ix
dcl,dcl
t,t
dx,dh
n,n
q,q
r,r
kcl,tcl
m,n
oy,ao
r,r
s,s
ch,jh
t,d
th,z
r,ax
iy,ix
ah,eh
ix,ix
t,t
q,l
ih,ix
ix,ih
f,f
bcl,dcl
ix,ix
f,f
er,er
dcl,dcl
ae,ae
tcl,kcl
ux,ux
s,t
sh,ch
pcl,tcl
gcl,tcl
aa,aa
n,n
kcl,kcl
uw,uw
r,r
ix,ih
tcl,tcl
bcl,dcl
m,m
tcl,tcl
ax,ix
pcl,tcl
en,n
ao,ao
ix,ix
ao,ao
tcl,tcl
eh,ix
w,w
ch,ch
k,t
ah,ow
r,r
ng,n
er,er
s,s
ix,ih
ix,ix
tcl,tcl
kcl,tcl
w,w
ix,ix
er,axr
sh,sh
ay,ay
kcl,pcl
v,m
v,dcl
l,w
axr,r
iy,iy
er,er
ix,ix
bcl,bcl
r,axr
ey,ey
t,t
s,sh
d,t
ux,ux
aa,aa
r,ow
m,dcl
gcl,dcl
z,s
th,th
iy,iy
f,f
iy,iy
er,er
l,aa
g,g
ae,ae
ax,ax
axr,axr
ow,ow
s,s
aa,ae
y,y
m,ix
n,n
iy,iy
ih,ux
iy,iy
l,l
ey,ey
r,r
eh,eh
ux,ux
ae,ae
oy,ow
f,f
s,z
ux,ux
l,l
l,l
ae,ae
m,n
aw,aa
ax-h,t
dcl,dcl
w,l
l,w
en,n
w,w
l,l
ao,ow
pcl,tcl
dcl,tcl
dx,dh
ix,q
l,l
z,z
b,dx
bcl,gcl
m,m
s,s
kcl,tcl
s,s
pcl,tcl
dh,dh
ae,ae
nx,dx
tcl,tcl
ay,ae
ae,ae
w,w
ae,ae
w,l
dx,ix
pcl,tcl
l,ax
aa,aa
ix,ix
sh,sh
ih,ih
ah,aa
ae,ae
ih,ih
iy,ix
r,r
l,l
k,q
r,r
jh,ch
ih,iy
axr,ih
r,r
ae,ae
gcl,tcl
dcl,dcl
l,w
l,y
ix,ix
ih,iy
l,l
ax,ax
z,z
iy,iy
ih,eh
g,k
iy,ih
kcl,tcl
tcl,tcl
iy,iy
pcl,dcl
q,q
w,w
tcl,tcl
hv,hv
ix,ix
l,l
axr,ix
v,ix
tcl,tcl
m,n
ch,jh
axr,eh
l,n
ax,ix
k,kcl
axr,axr
ae,ae
pcl,pcl
hv,iy
ax,l
tcl,q
sh,s
bcl,v
p,p
r,r
ix,ix
w,w
ix,eh
z,s
dcl,dcl
q,ax
tcl,tcl
q,q
l,q
ih,l
ux,ih
ae,eh
q,ix
s,s
ix,ix
eh,ae
m,n
ah,ah
r,r
iy,hv
v,n
n,n
kcl,kcl
pcl,pcl
k,k
dcl,dcl
ay,n
l,l
p,p
iy,iy
s,s
ae,ae
y,ix
pcl,pcl
eh,eh
pcl,tcl
dcl,dcl
iy,ux
kcl,kcl
ix,ix
s,s
kcl,tcl
n,n
ix,ih
ao,ow
axr,axr
r,axr
f,f
iy,iy
f,v
dcl,tcl
ih,ix
dx,ix
ey,ey
dx,ix
iy,n
dh,tcl
k,k
gcl,dcl
n,n
w,w
ix,ix
ae,ae
z,z
k,g
aw,aa
w,w
axr,er
iy,ix
w,w
zh,zh
tcl,tcl
ao,aa
ih,ix
w,w
eh,eh
iy,iy
k,k
dcl,dcl
iy,iy
g,k
f,sh
kcl,tcl
f,f
dcl,tcl
hh,hv
p,p
eh,ah
r,r
ix,ix
m,n
axr,r
z,z
z,s
iy,iy
f,f
ih,ah
aa,ao
q,q
s,s
ah,ae
eh,eh
tcl,kcl
tcl,kcl
r,r
axr,ix
z,z
l,l
m,n
f,f
eh,eh
t,q
r,aa
q,q
ax-h,dcl
aa,aa
er,er
k,k
r,aa
ae,eh
ih,ih
ng,n
ey,ey
d,dh
z,z
n,n
n,n
oy,ao
ih,iy
z,s
z,z
t,t
s,z
aa,aa
ih,iy
w,w
iy,iy
ae,ae
n,n
ay,ay
eh,l
tcl,tcl
eh,ah
axr,axr
t,t
kcl,kcl
w,w
eh,eh
q,q
ah,l
kcl,tcl
ih,ix
eh,eh
iy,iy
l,l
ix,ih
sh,sh
q,ix
r,r
ih,n
ux,ix
r,r
ay,ay
ae,ae
ao,aa
ax,ax
s,s
ix,ix
v,v
ih,ix
dcl,dcl
t,t
kcl,tcl
dcl,tcl
ng,n
axr,er
v,r
ux,iy
w,w
ix,ix
m,n
tcl,q
ix,ix
n,n
eh,ih
tcl,tcl
dh,dh
z,z
ow,ow
v,tcl
s,sh
kcl,tcl
ah,eh
dcl,tcl
t,t
q,r
z,s
tcl,tcl
hh,hh
v,l
l,l
aa,aa
ih,ih
m,m
s,s
m,m
ao,ao
ao,ao
ay,eh
l,l
n,n
jh,jh
ay,ay
s,s
s,s
ix,ix
ax,l
aa,ao
y,iy
aw,ae
uh,ih
ax,ax
ey,ey
l,l
f,kcl
axr,r
f,f
aa,aw
n,n
eh,eh
t,t
iy,iy
dcl,dcl
m,n
dcl,dcl
ay,ae
w,w
dcl,dcl
ih,ix
iy,iy
axr,ax
v,tcl
ix,ix
iy,iy
l,ix
axr,ix
tcl,tcl
tcl,tcl
ey,ey
jh,jh
iy,ix
ao,ao
n,n
pcl,tcl
ih,ih
pcl,tcl
t,z
q,q
th,th
s,s
t,t
axr,axr
r,r
ax,ix
ih,ix
ih,iy
ng,n
nx,dx
ch,ch
aw,ao
bcl,dcl
l,ax
axr,axr
bcl,dcl
uw,uw
dh,dh
er,axr
z,s
hv,hv
dx,tcl
ix,eh
ey,ih
el,q
ng,n
s,ch
ay,ae
k,k
d,d
tcl,tcl
ix,ix
ix,ix
p,tcl
dcl,dcl
l,l
q,q
l,ix
n,dx
d,t
k,jh
s,s
ix,ax
tcl,tcl
axr,axr
ey,ey
aa,aa
r,axr
iy,n
l,l
ao,ao
axr,ih
dx,dx
ao,ao
kcl,tcl
kcl,tcl
bcl,dcl
gcl,dcl
iy,iy
t,t
dh,q
ao,ao
z,s
w,w
iy,axr
t,f
aa,aa
n,ng
ae,ae
uh,l
v,v
ae,ae
l,l
aa,aa
y,iy
hv,hh
aw,ae
iy,iy
z,z
l,l
f,f
n,iy
n,n
z,z
tcl,tcl
ah,eh
w,w
kcl,kcl
dx,dh
ax,ih
pcl,tcl
dcl,dcl
nx,ix
ih,ih
s,s
ix,ix
ch,ch
p,k
m,n
dcl,dcl
sh,jh
ch,s
t,t
l,ax
w,w
n,ax
gcl,tcl
ae,ae
iy,iy
axr,axr
ng,n
tcl,pcl
z,z
m,n
eh,q
m,n
s,s
iy,iy
ax,ax
tcl,tcl
ih,iy
iy,eh
l,l
tcl,dcl
s,s
l,l
ih,ix
dcl,tcl
ao,ao
l,l
ih,ax
kcl,kcl
dx,dx
ix,iy
ao,eh
t,k
f,f
r,r
n,n
ux,ux
r,axr
f,f
sh,sh
ih,ih
s,s
ix,ix
hv,r
n,dcl
eh,ae
ch,ch
tcl,kcl
y,ix
ix,axr
dcl,tcl
y,y
ix,q
k,t
r,r
ao,ao
z,z
ay,aa
l,ow
kcl,tcl
kcl,kcl
ao,ow
ih,iy
iy,iy
t,t
dx,dx
ah,eh
iy,iy
kcl,dcl
gcl,dcl
axr,ax
r,r
ao,aa
kcl,f
s,s
aw,ay
l,l
n,n
r,axr
ix,ix
en,n
axr,iy
q,aa
th,s
iy,iy
dh,dh
n,ix
ng,n
z,s
ey,ae
tcl,tcl
ax-h,q
l,l
aa,ay
aa,aa
eh,eh
ao,ao
n,n
n,n
f,t
ey,ix
r,r
r,axr
ay,aa
dx,n
m,m
dx,n
ix,ax
w,w
l,l
dh,dh
s,s
l,l
zh,jh
eh,ey
m,r
ow,ao
n,m
l,l
ow,ae
s,s
l,l
ow,ow
w,w
l,l
ey,ey
q,q
y,iy
g,k
y,dx
w,l
m,m
n,n
er,axr
ax,ix
kcl,kcl
en,n
ix,ix
iy,iy
ix,ix
l,ow
pcl,kcl
ix,ih
el,ax
ix,ix
er,er
er,er
dcl,dcl
ih,ix
tcl,jh
ix,ix
ng,n
sh,sh
m,n
ix,ix
tcl,tcl
ix,ix
k,k
n,n
ih,l
aw,ae
n,n
ao,ao
l,l
axr,er
ae,eh
ow,ow
ix,ix
ow,ow
ix,n
kcl,kcl
ao,ao
v,ix
bcl,bcl
s,s
m,n
tcl,tcl
n,n
oy,oy
ow,ow
q,ah
m,n
y,iy
tcl,kcl
l,l
aa,eh
er,er
aw,ow
s,z
n,ix
ix,ix
eh,eh
ux,iy
iy,iy
iy,iy
axr,axr
th,s
ax,ax
iy,iy
aa,aa
tcl,tcl
dx,r
kcl,tcl
l,l
ux,ux
dcl,tcl
s,s
ae,aa
ow,el
l,l
em,bcl
iy,ey
n,n
ix,ix
n,n
ix,r
dx,ix
l,ao
ae,ae
ix,ax
m,n
eh,eh
dcl,ax
ix,ix
jh,jh
t,dx
r,r
aa,l
y,dx
q,q
z,s
eh,axr
ih,ix
ey,ey
gcl,tcl
axr,eh
iy,iy
r,r
l,el
em,n
ix,ix
iy,ih
s,s
axr,axr
kcl,pcl
kcl,kcl
m,ix
tcl,kcl
oy,oy
ao,uw
dx,kcl
em,n
uw,ux
hh,y
ae,ae
s,z
q,tcl
s,s
n,n
axr,axr
ao,ao
ay,ay
kcl,tcl
sh,sh
ao,ao
k,k
pcl,pcl
l,ix
axr,r
uh,ix
z,z
ow,ow
n,n
ih,ah
t,t
uh,l
dcl,dcl
th,dh
ix,ix
hh,hh
r,ih
dcl,dcl
s,s
w,w
aa,aa
ih,eh
f,f
ah,ah
s,s
ae,ae
iy,ey
ax,ax
ah,ah
jh,jh
n,n
ix,ix
z,z
s,s
ae,ae
gcl,dcl
iy,iy
bcl,dcl
gcl,tcl
iy,iy
ow,ow
n,n
bcl,bcl
ae,ae
ng,ng
gcl,dcl
th,th
kcl,pcl
sh,sh
axr,axr
n,n
k,k
ix,ix
gcl,dcl
aw,ah
s,s
m,n
iy,ih
ae,eh
q,q
n,m
p,k
l,ix
z,z
ay,ae
w,w
s,s
iy,ix
axr,aa
aa,aa
m,n
tcl,tcl
s,s
sh,ch
q,y
hv,n
aa,aa
ng,ax
d,t
axr,r
ax,ax
iy,iy
k,k
ih,ax
n,n
ax,ax
s,sh
q,tcl
n,n
ux,ux
ae,ae
y,y
l,ix
gcl,tcl
ix,ix
kcl,kcl
l,l
ix,iy
axr,axr
ah,ah
k,k
w,w
v,v
q,q
kcl,tcl
q,q
t,t
jh,jh
s,s
ix,ix
eh,eh
gcl,tcl
ey,ey
iy,iy
r,r
b,k
r,ix
m,m
ax,ix
el,ao
ih,iy
n,ix
k,k
iy,iy
f,v
ix,ix
r,r
m,n
ch,ch
kcl,tcl
k,tcl
s,s
iy,iy
jh,jh
n,n
en,n
eh,ih
iy,iy
ax,ax
d,kcl
ao,w
ix,l
m,dx
ng,n
aa,ax
q,q
eh,eh
w,w
ih,ix
tcl,tcl
q,q
p,dh
ay,ae
axr,axr
aw,aa
dcl,dcl
s,s
z,s
s,s
ix,ix
v,dcl
ey,ey
sh,sh
y,y
l,ix
aa,ao
axr,axr
axr,ix
n,dcl
tcl,tcl
m,m
sh,sh
kcl,tcl
eh,ah
eh,eh
uw,y
sh,sh
s,s
m,m
q,ax
k,k
l,l
l,ao
tcl,tcl
sh,sh
iy,ix
f,f
m,n
iy,iy
ow,ih
y,ix
k,t
ae,ey
ah,ah
iy,iy
dcl,tcl
p,p
m,n
ux,ux
aa,l
f,t
z,z
ax,ix
axr,r
tcl,tcl
eh,ix
m,n
ah,ae
zh,zh
tcl,tcl
s,s
y,ix
t,t
er,axr
ix,ih
ao,ao
iy,iy
n,n
ux,ix
nx,nx
bcl,dcl
ax,ax
k,k
dh,dh
dx,dh
iy,iy
pcl,tcl
sh,sh
ix,ix
s,z
tcl,tcl
ih,iy
eh,eh
kcl,tcl
axr,axr
iy,iy
r,r
uw,w
sh,z
ey,oy
f,kcl
t,t
ey,ih
ao,ah
ao,ao
tcl,tcl
s,s
ay,ay
axr,axr
n,n
ay,ae
tcl,tcl
kcl,kcl
ng,n
iy,iy
dx,q
z,z
tcl,dcl
z,s
iy,iy
r,ix
r,ax
ah,l
v,r
dx,dx
f,f
hh,pcl
ao,ao
n,n
pcl,tcl
l,ax
axr,ax
k,k
n,n
dx,dx
th,k
aa,ah
n,n
p,t
nx,ix
dx,dx
dcl,dcl
ih,ih
f,tcl
z,z
y,y
v,v
l,ao
ix,ix
dh,dh
ae,ae
axr,r
aa,aa
ih,iy
pcl,pcl
r,r
kcl,kcl
dcl,dcl
hh,tcl
ao,aa
ih,ih
l,l
ch,ch
iy,ix
ng,n
kcl,k
kcl,kcl
n,n
aa,aa
n,ng
l,l
ey,ey
z,z
w,ax
ae,ae
kcl,tcl
ax,ix
ch,s
s,s
l,ax
ix,ix
ih,iy
eh,ix
dcl,dcl
n,n
n,n
ao,ao
ao,ao
aa,aa
s,s
f,f
ey,hv
ix,ix
uw,uw
m,n
iy,iy
hv,ix
axr,ao
g,k
ix,ax
s,s
r,r
ax,ax
r,axr
s,s
ax,ix
dcl,dcl
axr,axr
p,f
eh,ix
ix,ix
ih,iy
gcl,n
dcl,tcl
ao,aa
ix,iy
g,g
k,k
axr,er
w,l
ih,ih
z,s
s,s
iy,n
v,f
z,s
ae,ae
jh,jh
y,y
kcl,tcl
gcl,ix
kcl,tcl
iy,ix
ao,aa
ix,ix
l,ow
eh,ix
ax,ix
v,hv
ch,k
eh,eh
n,ix
oy,oy
l,ix
dx,tcl
r,r
r,axr
tcl,tcl
aa,ah
axr,axr
sh,sh
ao,w
t,t
q,q
ix,ix
l,aa
g,tcl
k,k
l,l
ey,ey
tcl,tcl
tcl,tcl
n,k
z,s
w,w
hh,q
eh,ix
th,th
bcl,dcl
tcl,tcl
n,n
iy,iy
aa,aa
tcl,tcl
t,t
s,s
k,k
gcl,f
en,ng
q,q
ae,ae
ow,ow
s,s
f,f
n,n
s,s
w,w
gcl,dcl
hv,hv
r,r
ah,ax
ih,iy
ay,aa
m,n
gcl,dcl
ix,ix
ih,ih
ix,eh
p,k
ay,ay
t,t
r,r
jh,jh
ix,ix
gcl,n
iy,iy
kcl,f
n,n
ng,n
p,dh
l,l
ch,ch
q,q
er,er
eh,ae
dcl,dcl
ax,ax
gcl,tcl
ax,axr
iy,y
l,n
s,s
r,ih
k,v
jh,ch
ae,ae
jh,ch
m,n
kcl,tcl
l,l
f,f
dh,l
eh,eh
ay,ae
tcl,tcl
n,n
r,eh
ih,q
axr,axr
ix,ix
ay,ay
eh,ah
ux,iy
r,r
n,n
ae,ah
ah,ax
ow,ow
p,p
s,s
jh,jh
kcl,kcl
n,ix
ix,ix
tcl,tcl
axr,r
k,k
tcl,axr
kcl,tcl
n,n
ax-h,n
r,r
ax,ax
iy,ey
ix,ix
tcl,kcl
tcl,tcl
axr,r
ix,ix
r,r
s,s
t,t
ux,ux
r,eh
pcl,tcl
ch,jh
n,dx
r,axr
dh,f
iy,iy
l,l
ao,ao
z,sh
ih,ix
eh,eh
m,m
ah,eh
s,s
ix,n
ix,ix
n,n
tcl,tcl
kcl,tcl
ax,l
r,oy
ih,ih
m,bcl
l,q
sh,sh
z,z
f,f
p,p
r,m
n,n
w,w
sh,sh
aa,aa
dcl,tcl
t,t
bcl,pcl
gcl,dcl
r,ix
tcl,tcl
tcl,tcl
en,ax
n,n
t,t
l,l
ah,ah
s,s
ih,ih
aa,aa
iy,iy
ao,ow
w,w
th,t
tcl,tcl
tcl,tcl
kcl,tcl
z,zh
w,w
ao,aa
l,l
n,n
l,r
iy,iy
n,n
dh,dh
q,q
iy,ih
t,t
ao,aa
s,s
aw,ae
bcl,bcl
ih,ax
ux,ux
r,er
iy,iy
ih,ih
eh,ey
hv,hv
kcl,tcl
tcl,tcl
n,n
w,w
m,n
bcl,bcl
aa,aa
n,n
el,w
tcl,tcl
sh,sh
ae,eh
ih,ax
ax,ax
ey,ey
tcl,tcl
ow,ao
r,er
dcl,dcl
z,s
ey,ey
n,n
m,m
ax,ix
m,m
gcl,dcl
bcl,tcl
f,f
r,r
iy,ih
ow,ow
w,w
iy,ux
w,w
ah,ae
ix,ix
n,n
gcl,dcl
ih,ix
l,ao
dh,ix
pcl,pcl
en,ix
q,q
l,l
s,s
ix,ix
z,z
l,l
tcl,tcl
k,k
ae,ae
ao,aa
g,dh
v,dcl
t,t
pcl,tcl
bcl,dcl
ix,ix
r,er
dh,dcl
l,l
l,l
ih,r
ax,ix
t,tcl
l,l
sh,sh
l,l
ah,ah
l,l
n,n
ix,ix
t,t
ax,ax
s,s
ih,ix
hv,hv
r,r
l,l
uh,ae
r,ax
w,w
ae,ae
sh,sh
g,hh
s,s
kcl,kcl
r,ah
m,m
f,f
ow,eh
ix,n
tcl,tcl
oy,oy
n,n
z,z
ih,eh
aa,aa
ay,ae
q,q
hh,hh
z,f
ah,ih
v,w
f,f
ao,ao
kcl,tcl
dcl,tcl
tcl,tcl
q,ix
s,s
n,w
m,ng
ao,ao
r,r
hv,n
eh,ix
er,eh
ix,ix
k,k
t,q
r,ax
y,jh
ix,ix
ae,ae
v,v
m,m
axr,r
q,q
sh,sh
z,sh
ae,ae
ix,ix
k,k
iy,iy
ow,ah
tcl,tcl
l,ax
eh,ah
p,k
t,ch
q,q
aa,aa
ah,ax
bcl,dcl
ix,ax
t,t
ng,n
t,t
tcl,tcl
l,l
pcl,tcl
iy,ey
ih,ih
f,f
ah,l
tcl,tcl
r,r
n,n
p,p
kcl,tcl
ix,eh
iy,iy
ix,ix
f,f
w,w
r,r
f,f
ih,ih
ix,ix
d,dh
r,r
tcl,tcl
iy,ih
iy,iy
oy,ao
axr,axr
ix,ix
iy,r
ih,ih
tcl,dcl
ix,ix
l,iy
ix,ih
ih,ih
ax-h,ix
ch,ch
ih,ix
ih,ix
l,ow
ix,ey
v,q
dh,n
tcl,tcl
q,q
dcl,tcl
z,z
v,v
dcl,tcl
ey,iy
dcl,dcl
tcl,tcl
s,s
iy,iy
g,jh
iy,iy
sh,sh
kcl,k
v,n
p,t
l,l
l,l
sh,sh
f,f
ay,ay
tcl,q
th,z
r,r
kcl,pcl
jh,sh
r,r
uw,uw
kcl,tcl
t,d
w,w
w,w
tcl,tcl
ao,ao
ih,ux
s,s
ih,iy
ih,iy
l,w
l,ax
ix,ix
ng,n
t,t
w,w
dcl,dcl
dcl,dcl
ix,ix
s,s
t,k
z,s
r,ix
ih,l
t,t
iy,ix
hv,hv
l,ax
n,n
l,w
ae,ae
ux,ux
ax,ax
y,hv
uw,uw
ix,ix
n,ix
m,n
dcl,dcl
m,n
ao,ao
ae,ae
ae,ae
pcl,tcl
r,ax
er,iy
p,dx
ow,ow
ao,ow
ah,eh
ae,axr
ey,ih
r,r
b,q
r,n
ix,axr
dh,d
ah,ah
dh,n
dcl,dcl
sh,sh
m,m
ih,ih
kcl,kcl
ay,ay
ax,ax
n,ix
dcl,dcl
w,m
bcl,dcl
iy,iy
ax,ax
s,s
ix,ix
dh,dh
er,axr
z,z
dcl,dcl
hh,hh
t,t
t,ch
iy,iy
kcl,kcl
ow,ow
aa,aa
hh,hh
sh,ch
ao,ao
n,n
ch,t
axr,ix
n,n
v,tcl
tcl,tcl
ao,ao
ax,ax
ah,eh
ix,ix
r,ix
aw,ay
m,dh
n,n
ow,aa
pcl,kcl
ax,ix
aw,ae
w,w
gcl,dcl
f,f
ae,ae
w,w
ae,ey
iy,iy
ix,ix
z,z
ng,iy
r,r
eh,ih
aa,axr
kcl,tcl
ix,ix
t,t
l,ax
hh,d
y,y
en,n
pcl,pcl
m,ix
d,t
hv,hv
oy,ow
hv,hv
dcl,n
l,l
iy,ih
m,ix
k,k
ix,dx
n,dcl
aw,aa
z,z
eh,ae
ae,ae
l,ao
tcl,tcl
tcl,tcl
t,t
axr,r
kcl,pcl
iy,iy
dx,dx
th,t
ix,iy
ix,eh
n,dx
jh,d
p,g
m,m
aa,aa
m,w
sh,sh
er,eh
ix,ax
ix,ih
ax,ix
pcl,tcl
m,n
ey,ae
ih,iy
l,w
tcl,dcl
ao,aa
k,k
kcl,tcl
ah,eh
aa,aa
r,r
ay,ay
ax,ax
n,n
w,w
l,l
m,n
kcl,kcl
iy,ey
f,f
dh,dh
n,q
dcl,dcl
ax,ix
dh,dh
p,hh
w,w
oy,oy
iy,iy
ih,iy
iy,iy
s,s
z,z
t,t
tcl,tcl
gcl,dcl
ix,n
n,iy
s,s
uh,l
er,axr
r,r
f,f
iy,iy
ih,ih
z,sh
uh,l
iy,iy
ix,ix
s,s
ix,ix
m,m
el,ao
n,ng
ay,aa
ao,ow
ay,eh
ih,ey
z,z
iy,y
s,s
l,l
m,n
ax,eh
aa,aa
jh,jh
r,r
kcl,tcl
k,k
f,f
f,jh
dcl,dcl
iy,ix
n,n
f,f
kcl,tcl
iy,iy
pcl,tcl
eh,eh
r,r
z,ch
s,sh
kcl,tcl
dh,dh
iy,iy
s,s
ey,ey
ae,ae
iy,iy
p,hh
s,s
l,w
l,l
w,w
ay,ay
b,d
n,n
r,er
ah,ae
r,aa
ih,ix
ix,ih
ax,l
dx,dx
s,s
l,l
ih,iy
p,p
el,el
zh,z
s,z
aa,aa
er,er
s,s
g,kcl
k,k
s,s
n,n
l,l
ih,ey
y,y
q,q
ix,ih
n,n
r,r
kcl,tcl
l,l
ay,ay
ih,ow
er,axr
eh,ih
axr,axr
ay,aa
pcl,tcl
p,dh
pcl,tcl
w,w
t,t
hh,jh
q,q
ah,ax
ih,ih
dh,dx
n,n
tcl,tcl
tcl,tcl
ae,ay
ix,ix
f,pcl
dh,dh
ow,ow
ng,ng
iy,ux
hh,hv
r,n
q,g
t,t
q,q
n,n
r,r
g,tcl
ah,ah
sh,sh
ay,aa
m,v
ey,ih
q,q
n,ix
ux,dx
ih,ix
eh,eh
ao,aa
ih,ih
iy,ih
zh,ch
ix,ix
r,r
dcl,n
dh,dh
dcl,dcl
dh,n
pcl,tcl
t,t
q,n
l,l
iy,ix
ae,ae
hh,p
p,p
ix,ix
eh,eh
dcl,dcl
r,r
m,n
jh,ch
ax,ax
l,l
l,l
ao,w
ix,ix
r,axr
ih,ih
m,m
iy,iy
l,ax
dcl,tcl
bcl,dcl
ae,eh
z,z
ow,ow
tcl,tcl
eh,ih
s,s
pcl,tcl
ih,ih
bcl,tcl
s,s
ih,ih
ch,ch
q,q
r,ax
iy,iy
l,l
ay,aa
ix,iy
m,hv
t,t
ix,ih
ix,ix
hv,hv
hv,v
r,q
ao,ao
dcl,tcl
r,l
dh,dh
aa,ao
hh,hh
q,q
ax,ix
kcl,kcl
sh,sh
tcl,tcl
iy,ux
ih,ih
tcl,tcl
dcl,dcl
eh,eh
oy,oy
m,n
ih,ih
kcl,tcl
kcl,pcl
eh,eh
pcl,tcl
z,z
ae,eh
iy,iy
r,r
ah,eh
n,n
tcl,tcl
ax,ix
f,dh
ae,ae
ix,ix
pcl,pcl
q,q
s,s
ih,ix
m,m
s,s
n,n
m,n
ix,y
iy,iy
q,q
ao,ow
iy,y
gcl,dcl
iy,y
dcl,dcl
ux,ih
jh,ch
iy,iy
w,w
ix,ix
s,s
n,n
ey,ey
dcl,tcl
tcl,tcl
ax,ix
w,w
f,f
iy,iy
ae,ae
axr,axr
ow,ow
kcl,tcl
t,jh
aw,ae
ih,ih
m,bcl
v,tcl
tcl,tcl
t,t
ae,ae
s,s
eh,ae
ey,oy
ix,ix
dcl,tcl
l,n
ax,ix
t,t
s,s
n,n
tcl,tcl
s,s
s,s
tcl,kcl
n,n
pcl,tcl
uw,ey
p,dh
ah,q
l,l
w,w
aa,aa
s,s
ow,ah
tcl,tcl
ae,ae
dcl,dcl
z,s
eh,eh
gcl,kcl
ao,w
axr,axr
w,w
dh,v
s,s
ix,q
tcl,dcl
uh,ix
tcl,tcl
ix,ix
iy,iy
l,l
n,w
pcl,tcl
ch,sh
m,m
m,m
pcl,tcl
s,s
z,s
en,n
k,jh
m,n
l,l
bcl,dcl
z,s
ih,eh
hh,hv
d,dh
kcl,tcl
eh,ae
ow,ow
t,t
ih,axr
nx,n
g,k
iy,iy
ux,ux
ux,ix
ax,l
tcl,tcl
t,t
ow,ih
gcl,kcl
m,n
ch,s
em,n
s,s
axr,ih
uw,uw
t,k
s,s
s,s
f,f
ih,ix
m,n
iy,iy
q,q
ix,ix
y,y
bcl,dcl
el,l
pcl,tcl
eh,eh
y,y
s,s
n,n
ow,ae
iy,iy
z,z
f,f
m,n
dcl,dcl
r,r
ix,ix
iy,iy
p,p
kcl,tcl
kcl,tcl
iy,ix
s,ch
k,q
tcl,tcl
t,t
ng,v
dcl,dcl
s,s
m,n
ay,ae
ih,ax
en,n
ae,ae
n,n
f,v
r,r
k,kcl
kcl,kcl
ix,iy
ih,ih
ao,q
z,s
k,tcl
kcl,tcl
el,l
nx,n
iy,iy
dcl,tcl
l,ah
ix,ix
kcl,kcl
ih,iy
ix,axr
ax,l
f,f
n,ix
b,dh
bcl,dcl
pcl,tcl
q,q
tcl,tcl
ax,ax
iy,iy
th,t
s,s
n,ix
t,t
dcl,tcl
dh,dh
ao,ao
oy,oy
iy,iy
kcl,k
n,ng
ih,ih
ey,ih
tcl,tcl
dcl,dcl
ae,aa
sh,sh
ao,ao
sh,s
aa,ow
bcl,dcl
m,m
dcl,dcl
dcl,ix
t,jh
l,l
iy,iy
dcl,dcl
ix,ix
r,r
r,r
bcl,dcl
axr,aa
ow,er
ih,ih
s,s
iy,iy
ay,ae
s,z
m,m
n,dx
aa,aa
ey,iy
s,s
s,s
n,n
tcl,n
gcl,dcl
kcl,tcl
r,axr
ix,ix
s,s
ix,ax
axr,axr
ix,ax
ae,ae
ix,ix
ng,ng
ax,ax
r,r
t,t
k,t
aa,aa
ey,ey
pcl,tcl
ow,ow
ow,ow
kcl,kcl
l,q
r,aa
ix,ix
p,dh
r,ey
ah,aa
tcl,tcl
z,z
nx,dx
iy,iy
k,k
m,r
d,t
el,el
r,r
iy,iy
ao,ao
eh,eh
aa,aa
tcl,tcl
q,iy
ax,ax
l,ix
s,s
l,y
er,axr
ey,ey
n,n
aa,aa
s,s
aa,aa
eh,eh
dcl,dcl
dcl,dcl
eh,eh
d,dh
ax,ax
ix,ix
ix,ix
kcl,tcl
m,m
dcl,dcl
s,s
ih,ih
f,dh
gcl,tcl
k,t
aw,eh
bcl,dcl
tcl,tcl
k,k
ay,ae
r,axr
ay,aa
ah,ix
r,r
ae,aa
m,n
w,w
r,ix
sh,sh
ux,ux
l,l
s,sh
aa,aa
n,n
n,n
tcl,tcl
ah,l
z,s
zh,sh
nx,dx
ix,dx
iy,iy
k,k
m,n
z,ix
t,t
ao,aa
ix,ix
ae,ae
ih,eh
z,z
er,er
r,dx
n,n
y,y
ih,ix
dx,dx
r,axr
k,s
k,t
ow,eh
ao,ao
f,f
iy,iy
pcl,pcl
ah,ah
nx,n
ih,ix
ae,ae
tcl,tcl
ey,ih
el,ax
t,t
iy,iy
eh,ix
oy,oy
m,n
p,f
dh,dh
ae,ae
t,t
axr,axr
eh,eh
ah,ix
t,t
k,k
l,l
eh,oy
r,r
aa,aa
r,ao
s,t
v,v
m,n
ax,l
d,d
ow,ow
er,er
dcl,dcl
t,t
z,z
dcl,tcl
s,s
sh,sh
z,s
s,sh
dcl,dcl
s,s
dx,dx
ao,ao
l,l
ay,ay
pcl,dcl
s,s
ih,ih
w,w
ao,ao
iy,ix
dh,dx
sh,sh
z,z
k,k
s,s
s,s
m,n
pcl,tcl
iy,iy
ax,r
k,d
bcl,w
ao,ao
bcl,dcl
ae,ae
iy,iy
pcl,tcl
sh,sh
kcl,pcl
q,q
hh,hh
ix,ix
q,q
pcl,kcl
aa,ay
hh,tcl
iy,iy
m,ng
hh,t
ix,ix
l,l
uh,ix
th,f
z,z
z,l
kcl,tcl
g,g
q,g
kcl,tcl
pcl,tcl
m,n
ix,ix
kcl,kcl
iy,iy
iy,iy
el,ow
f,f
r,eh
ix,ix
ao,l
s,z
s,s
dcl,dcl
tcl,tcl
v,d
jh,jh
ao,ao
m,l
ey,ey
ix,ix
y,ih
ae,ae
dcl,dcl
aa,aa
m,m
ih,ae
ih,ih
p,k
s,s
pcl,tcl
tcl,tcl
ix,ix
ow,eh
m,n
n,dx
ey,ey
d,d
r,r
r,r
ax,ix
ax,eh
tcl,tcl
ey,iy
l,l
s,s
gcl,gcl
aw,ay
tcl,tcl
l,l
m,n
z,z
aw,aa
q,q
m,m
tcl,tcl
p,hv
p,k
dh,v
y,y
aa,ao
s,z
ix,ix
dcl,dcl
ay,ow
m,dcl
r,r
z,s
w,w
l,ih
l,l
ix,n
m,ng
ix,ix
uh,l
ao,ao
ah,eh
er,axr
ix,ix
tcl,tcl
n,n
ix,ix
dcl,pcl
ao,ao
en,ix
ih,ih
ao,ao
pcl,f
ix,ix
w,w
t,t
s,s
q,q
axr,er
ih,ih
tcl,tcl
ux,ix
eh,eh
iy,iy
dcl,dcl
r,r
ix,ax
th,th
ow,ao
dh,dh
ix,ix
m,v
n,ix
l,l
ow,ow
b,jh
er,ih
q,q
w,w
m,m
g,kcl
el,w
sh,sh
ix,ix
ah,ah
ae,ae
l,w
tcl,dcl
ow,ao
pcl,n
bcl,tcl
th,dh
aa,aa
er,oy
n,n
eh,r
sh,sh
w,w
l,l
r,r
k,k
k,k
l,l
axr,axr
f,f
ih,ih
ix,ix
jh,jh
ey,ae
n,v
s,s
n,ix
hh,hh
t,jh
r,ax
axr,ix
iy,iy
ix,ix
ae,ae
ux,iy
dcl,dcl
f,f
ay,ay
n,n
d,q
ey,ey
ey,ey
ux,ux
q,q
z,z
sh,sh
ao,ow
ow,ao
z,z
l,r
ah,eh
m,m
t,t
axr,axr
kcl,tcl
l,q
dx,dcl
dcl,dcl
bcl,pcl
ix,r
dx,ix
s,s
w,uw
ah,ax
sh,sh
el,w
ih,iy
v,dcl
er,eh
iy,iy
f,f
t,k
m,hv
pcl,tcl
s,s
w,w
uw,ix
tcl,tcl
r,axr
q,k
ao,ao
ix,ix
dx,dx
ch,jh
pcl,tcl
ow,ow
dcl,dcl
l,ix
aa,ao
w,l
y,iy
n,dcl
dcl,dcl
ih,iy
ey,ey
ix,ix
dh,l
hh,hh
gcl,n
f,f
dcl,tcl
tcl,tcl
ch,ch
f,f
uh,ax
ih,ey
ih,ih
iy,ih
l,l
nx,dx
iy,iy
ih,iy
iy,iy
m,n
q,kcl
q,q
ao,ao
l,ix
ix,ix
f,f
y,n
r,axr
ao,w
n,n
l,q
n,n
dcl,dcl
ix,hv
ah,ah
dx,dx
ux,ux
iy,ey
n,n
ae,ae
ay,ae
sh,sh
w,l
ae,eh
ay,ay
k,k
ao,ao
ay,ay
ae,aa
sh,sh
hv,y
sh,sh
f,f
iy,iy
gcl,kcl
r,r
ay,ay
ae,ae
m,n
dcl,tcl
l,l
ih,ih
tcl,tcl
ah,eh
r,r
ao,ao
ix,n
n,n
n,n
ix,iy
g,g
ih,ix
sh,sh
s,z
kcl,tcl
kcl,kcl
tcl,tcl
d,dh
eh,eh
ae,ae
s,s
eh,r
tcl,tcl
pcl,tcl
w,w
ux,iy
iy,iy
pcl,pcl
er,axr
ax,ax
t,jh
er,er
tcl,v
iy,iy
hh,t
q,q
axr,axr
l,iy
aa,aa
f,z
ix,ix
hv,eh
ix,q
ix,n
eh,ix
jh,jh
ax,eh
iy,ix
tcl,tcl
aa,aa
pcl,tcl
en,n
n,n
l,l
tcl,tcl
d,tcl
iy,iy
kcl,tcl
dcl,dcl
n,n
pcl,tcl
axr,ow
en,ix
q,q
ix,iy
z,jh
iy,iy
ih,ix
m,m
dcl,dcl
r,aa
aa,aa
ax-h,tcl
q,q
ix,ix
ow,ow
ih,iy
eh,ih
ae,ae
dh,dh
aa,ao
jh,z
q,dh
w,m
aa,axr
th,tcl
n,n
tcl,tcl
n,n
s,s
nx,n
ux,ix
tcl,kcl
z,z
l,ow
t,t
ix,ix
ao,ao
ao,eh
sh,s
r,axr
r,r
n,dcl
ae,aa
kcl,tcl
t,t
iy,iy
kcl,dcl
tcl,dcl
n,ix
sh,sh
z,z
r,r
ae,ae
l,l
f,f
aa,aa
r,ix
er,iy
ix,ix
z,z
pcl,tcl
q,ix
p,f
w,w
sh,sh
w,w
s,s
ao,ao
s,s
iy,iy
s,s
ih,ah
z,z
ux,axr
pcl,tcl
ay,er
ix,ix
kcl,tcl
l,l
ix,ix
iy,iy
tcl,tcl
v,dx
ao,ax
l,l
gcl,kcl
tcl,ng
hh,v
ah,aa
ah,ah
pcl,tcl
p,p
s,s
l,l
kcl,kcl
r,r
ax,ix
v,v
aw,aa
z,z
ae,eh
s,s
ay,ay
s,s
l,ax
ih,ix
k,k
r,r
r,ax
m,bcl
bcl,dcl
z,s
z,z
bcl,dcl
f,t
ih,iy
ng,n
v,r
ae,ey
axr,axr
z,z
ux,ey
r,eh
w,w
n,n
gcl,n
uw,ih
dcl,dcl
p,dh
kcl,kcl
s,s
tcl,dcl
n,ix
axr,ix
t,t
eh,aa
s,s
iy,iy
r,r
l,axr
n,n
iy,iy
kcl,kcl
tcl,tcl
ao,ao
ax-h,tcl
ay,ay
v,w
eh,eh
s,s
dh,tcl
n,n
ah,r
ih,ow
l,ax
p,k
l,ax
eh,eh
t,d
v,n
tcl,tcl
en,w
s,s
ax,ix
dx,ix
f,f
w,n
axr,r
ix,eh
gcl,pcl
t,t
ay,ay
l,q
iy,iy
dx,dx
ih,ih
r,ix
l,l
iy,iy
ax,ax
r,r
ao,ao
ey,ey
ix,ix
l,ax
q,k
iy,iy
dcl,dcl
gcl,gcl
ih,ih
ao,el
ae,ae
ih,ih
iy,iy
ow,aa
th,t
ix,ix
ow,oy
g,g
tcl,tcl
dh,t
d,q
axr,ih
r,r
iy,r
nx,n
n,n
jh,jh
ng,n
ay,aa
er,r
pcl,dcl
ix,eh
m,n
l,ix
ix,ix
ao,ao
eh,ae
s,s
ay,ay
er,er
ng,n
ah,ax
ix,ix
l,l
d,dx
dcl,dcl
n,y
dcl,dcl
zh,zh
ix,iy
kcl,tcl
w,w
ey,ey
l,l
n,ux
ow,ow
hh,v
ey,eh
n,n
ae,ae
s,s
l,m
dcl,tcl
gcl,dcl
r,r
aa,aa
aa,aa
n,m
aa,ae
ix,eh
d,t
l,l
sh,sh
sh,sh
w,ax
s,s
ix,ix
r,r
pcl,dcl
gcl,dcl
ay,ay
ey,eh
dcl,dcl
n,n
z,s
w,w
ay,ae
s,s
s,s
r,r
pcl,pcl
n,ix
dx,ix
aa,ae
r,r
ow,ae
kcl,kcl
f,f
s,s
eh,eh
ae,ae
q,q
aa,aa
iy,iy
tcl,kcl
s,s
hv,v
ix,ix
p,p
pcl,tcl
s,s
z,z
ah,r
ay,ae
el,l
n,dcl
dh,dh
ey,ih
f,f
tcl,tcl
ah,ah
r,aa
dcl,k
er,r
g,k
dx,dx
dcl,dcl
ix,ix
w,w
m,dcl
aw,ow
y,y
q,q
ey,ey
aa,aa
ux,ix
m,m
dx,dx
kcl,tcl
axr,ix
axr,ih
en,ix
z,s
w,w
y,ix
ae,ae
kcl,tcl
dx,q
dcl,tcl
ax,l
ah,ow
s,s
iy,iy
ae,ae
sh,sh
tcl,tcl
ix,ix
p,kcl
tcl,dh
ay,aa
iy,ih
gcl,dcl
v,dh
k,t
f,f
q,q
r,r
ax,ax
eh,ow
ix,ix
dh,f
er,ih
iy,iy
axr,axr
dh,dh
r,r
r,r
m,m
ux,ux
iy,ux
ax,ax
y,iy
ae,ae
ix,ix
ae,ix
t,t
jh,jh
iy,y
ng,ix
r,ix
el,ow
pcl,pcl
sh,sh
kcl,kcl
ix,ax
ih,ix
iy,iy
ih,ih
ax,l
k,k
p,p
eh,eh
r,eh
n,n
m,m
k,k
s,s
iy,iy
ae,ae
m,n
ix,ix
ao,ao
pcl,dcl
pcl,dcl
pcl,tcl
q,q
m,n
r,r
ey,ey
m,dx
bcl,bcl
ix,ix
gcl,tcl
aw,ae
th,th
s,s
ih,iy
r,r
dcl,dcl
ey,ey
iy,iy
ih,eh
n,n
dh,dh
y,y
ih,iy
eh,eh
dcl,dcl
dcl,dcl
ay,ao
dcl,dcl
eh,eh
dx,dcl
ih,ix
hv,hv
ey,ey
m,n
s,s
w,w
dcl,dcl
iy,iy
tcl,dh
t,k
aa,aa
ao,aa
w,w
p,tcl
aa,ay
ae,ae
r,r
eh,ih
uh,ih
pcl,tcl
ux,ix
m,m
uh,ow
ng,n
s,s
r,r
kcl,tcl
ix,ix
ux,ux
kcl,q
k,k
n,n
r,r
m,ng
en,n
em,dh
el,ow
ux,q
m,n
g,tcl
s,s
en,q
t,k
axr,axr
ix,ix
k,jh
z,s
ng,n
pcl,kcl
m,n
axr,axr
w,w
ae,ae
ng,n
s,s
ix,q
ih,ix
sh,sh
n,n
aw,aa
eh,r
z,z
l,el
kcl,tcl
m,n
er,ao
dcl,dcl
th,f
l,ay
aa,aa
uh,ix
ix,ix
z,z
n,n
l,iy
iy,iy
dcl,dcl
iy,iy
ix,ix
er,r
ux,ix
bcl,n
k,k
ix,ix
ix,ix
s,s
r,eh
eh,eh
r,r
ng,n
s,s
r,l
ow,ow
ih,eh
z,z
p,hh
r,axr
s,s
v,v
aa,aa
d,dcl
dh,dh
d,k
ey,ix
d,d
tcl,tcl
ax,ax
ax-h,tcl
s,s
v,v
s,s
aa,aa
p,p
el,el
sh,sh
ix,ah
iy,ix
s,s
dh,n
ax,ao
z,s
q,q
ax,ix
ix,n
ix,eh
ax,ax
dh,dx
ix,iy
ah,ah
r,r
kcl,tcl
ey,ae
tcl,tcl
el,el
f,f
t,t
ux,ih
pcl,pcl
r,r
aa,ao
m,m
iy,iy
m,n
ah,ah
r,ax
q,q
p,p
oy,ao
q,q
el,l
kcl,kcl
ax,l
f,f
l,l
d,d
iy,iy
ch,ch
ih,iy
p,kcl
ao,ao
ah,aa
iy,iy
ae,ae
l,l
tcl,tcl
dcl,dcl
g,dh
p,q
oy,ae
ao,l
t,t
ae,ae
iy,ix
ow,ow
y,iy
dx,dx
n,n
uw,ng
ay,ae
f,z
s,s
ae,ae
r,r
r,axr
ax,q
ix,ix
ux,ih
t,t
r,r
jh,jh
ao,ao
aw,ao
n,n
tcl,tcl
tcl,tcl
ux,ix
uw,uw
pcl,tcl
ax,n
y,y
ae,ae
gcl,tcl
bcl,bcl
ow,ow
ix,ix
p,t
axr,axr
tcl,tcl
ey,ey
bcl,tcl
ow,ow
ux,ih
ey,ih
ae,ae
k,k
ng,n
m,n
tcl,tcl
l,ao
pcl,tcl
ix,ix
ae,ae
ay,ay
t,t
q,q
ae,ae
m,m
iy,iy
r,r
l,uw
ux,iy
aa,ow
s,s
eh,ih
m,ng
k,k
gcl,gcl
l,el
ix,ix
ix,ix
ih,iy
ae,ae
r,axr
ax,ax
n,n
kcl,tcl
jh,jh
n,n
ix,ix
tcl,tcl
n,ix
gcl,kcl
axr,axr
ao,ao
th,f
v,l
gcl,kcl
sh,sh
ix,ix
w,w
s,s
bcl,dcl
k,k
m,m
s,s
ih,ix
y,iy
ay,aa
r,r
m,w
ax,n
ah,eh
n,m
z,zh
axr,er
dcl,tcl
ax,ix
p,p
n,n
t,ch
l,ax
eh,ay
n,n
bcl,dcl
ix,ng
oy,oy
iy,iy
d,t
ax,ix
ao,ao
aa,aa
g,tcl
y,y
t,t
s,s
hh,t
k,v
ay,q
ah,eh
p,t
iy,iy
ih,iy
ax,n
t,t
n,n
dh,dh
tcl,tcl
tcl,tcl
dx,ix
t,k
w,w
oy,oy
m,dh
l,ax
n,n
z,z
m,m
ae,eh
eh,ae
tcl,tcl
n,ix
ae,ae
tcl,tcl
g,g
m,n
hh,dh
m,n
r,q
w,w
ah,ah
k,s
iy,ix
dh,dh
kcl,tcl
ah,eh
ae,ae
pcl,tcl
tcl,tcl
pcl,tcl
l,l
bcl,tcl
s,s
r,r
n,n
ey,ae
tcl,tcl
s,s
iy,iy
aa,aa
n,n
p,dh
w,w
ax,ax
er,er
k,hh
ae,ae
n,n
ax,ix
dcl,dcl
gcl,dcl
axr,axr
er,er
el,el
dh,dh
pcl,tcl
ao,r
uw,uw
z,s
axr,gcl
r,r
r,r
n,n
r,r
ax,ax
s,s
tcl,tcl
ax,ax
ax,ix
iy,ey
r,axr
f,t
ay,aa
ng,n
t,t
bcl,dcl
iy,el
m,n
ay,ae
m,m
aw,ae
kcl,tcl
iy,iy
eh,eh
iy,ih
ix,ix
s,s
ae,eh
ax-h,jh
iy,ix
l,l
p,p
z,z
iy,iy
l,l
iy,iy
n,n
eh,eh
k,k
th,th
er,axr
tcl,tcl
ch,ch
ah,l
m,n
axr,axr
dh,k
t,q
ax,ax
sh,sh
el,el
s,s
n,ix
ah,ah
dh,v
r,axr
kcl,tcl
ux,ix
ix,ix
n,n
s,s
k,kcl
ux,ux
iy,iy
el,l
ax,l
tcl,tcl
z,z
r,r
ix,axr
w,w
n,n
ao,aa
iy,iy
iy,y
kcl,q
aa,aa
r,r
ih,ih
k,k
f,f
q,q
ih,eh
eh,ix
ey,ey
jh,jh
ih,axr
ix,ix
aa,aa
t,k
oy,ay
uw,uw
kcl,tcl
ae,ae
ix,ix
er,axr
f,kcl
th,th
aa,aa
ix,ix
m,n
ax,ix
ay,ay
s,s
hv,dcl
dcl,tcl
w,w
ix,n
gcl,dcl
ae,ae
ao,w
r,r
tcl,tcl
axr,axr
l,w
q,q
ix,ix
r,r
l,q
aa,eh
iy,l
axr,ih
ax,ax
iy,iy
eh,eh
dh,f
r,ax
kcl,tcl
p,dx
r,r
ah,ax
g,k
n,n
g,k
pcl,tcl
dh,dh
uh,axr
th,k
ay,ay
d,ix
v,r
v,v
en,n
t,t
tcl,tcl
sh,sh
bcl,n
ix,ix
ay,aa
jh,jh
ih,ih
ow,ow
dx,dx
ae,ae
iy,iy
q,q
ow,ah
ng,ix
r,r
ao,aa
ao,ow
hh,hh
pcl,tcl
k,ch
n,ng
l,w
ae,eh
iy,iy
l,ax
ih,ih
hv,hv
axr,ng
ix,ih
ae,ae
eh,ae
ae,ae
er,axr
q,q
r,w
l,r
kcl,pcl
eh,eh
ih,eh
dcl,dcl
t,t
ay,ay
s,s
r,r
w,w
er,er
b,dx
ae,ae
n,n
z,z
ey,ey
ix,ix
dcl,tcl
kcl,tcl
pcl,tcl
s,s
ah,ae
r,ix
ih,ix
eh,ah
s,sh
ix,ix
f,f
dh,tcl
l,l
s,s
d,tcl
kcl,tcl
iy,iy
tcl,kcl
iy,iy
uh,l
ih,uw
r,r
iy,eh
dcl,n
ey,ey
pcl,tcl
k,k
ah,ax
gcl,tcl
ax,ax
s,s
y,y
axr,aa
er,ih
ah,ah
ae,ae
z,s
ih,ix
n,ix
hh,f
l,l
nx,dh
ao,aa
dx,dx
ao,ao
k,k
ey,ey
l,l
ae,ae
p,p
aw,aw
dh,dh
f,tcl
p,hh
n,n
r,ix
dcl,dcl
th,th
ey,ey
dh,tcl
ix,ix
kcl,tcl
l,q
dcl,dcl
t,t
sh,ch
uh,l
tcl,tcl
f,f
z,s
s,s
bcl,dcl
w,w
m,m
dcl,dcl
g,q
dh,n
m,uw
ow,ow
dcl,dcl
ow,ae
w,w
k,k
iy,iy
axr,axr
s,s
s,s
s,s
tcl,dx
dcl,dcl
l,l
gcl,dx
ae,eh
m,w
iy,y
w,w
m,n
s,s
ix,ix
dcl,dcl
er,axr
n,n
y,y
r,axr
z,z
kcl,dcl
r,r
dh,dh
ix,ix
ix,ix
ih,y
bcl,n
p,k
r,r
s,s
gcl,n
tcl,tcl
m,m
t,s
er,er
ay,ay
ix,ix
n,ix
en,n
ey,ey
uh,ow
l,l
hh,f
l,l
w,w
axr,r
n,n
dh,ix
r,r
aa,aa
v,v
dh,q
ao,ao
q,q
g,tcl
dcl,dcl
er,ey
pcl,tcl
pcl,pcl
gcl,q
s,s
n,n
f,f
z,z
aa,aa
dcl,dcl
iy,iy
iy,iy
d,t
s,t
pcl,tcl
hh,hh
th,s
ch,ch
uw,axr
t,t
r,r
th,f
ix,ix
hh,q
eh,eh
ih,ih
t,t
axr,er
ao,aa
k,t
ey,ey
kcl,k
tcl,tcl
g,p
r,w
iy,iy
n,n
r,r
eh,eh
ix,ix
s,ch
ix,ix
r,r
eh,eh
n,n
n,n
ix,ix
s,s
dh,dh
jh,jh
ao,aa
axr,r
hv,hv
s,s
jh,jh
ow,el
iy,iy
n,n
m,m
t,t
dx,q
n,ng
d,q
iy,iy
en,n
eh,ah
iy,ix
n,n
axr,r
f,f
ix,q
r,r
ch,ch
l,l
axr,axr
iy,ux
pcl,tcl
f,f
v,v
pcl,dcl
s,s
ux,er
y,n
f,f
z,z
r,w
t,t
ao,aa
jh,jh
ao,ao
g,d
el,ow
n,n
ao,aa
th,f
ao,ao
kcl,tcl
n,m
eh,eh
ix,ih
axr,r
axr,iy
ey,ae
ng,m
ax,tcl
uh,ax
dcl,dcl
r,r
tcl,tcl
axr,l
y,iy
tcl,tcl
ix,ix
iy,ih
t,ch
t,t
ix,ix
bcl,pcl
n,n
nx,n
ah,eh
el,ax
dcl,dcl
ix,ix
d,jh
ey,ey
dcl,dcl
tcl,kcl
iy,iy
r,r
r,ax
s,s
ae,ae
t,t
pcl,tcl
ah,ah
ih,ih
y,iy
eh,ey
m,n
gcl,dcl
ae,aa
f,tcl
r,r
f,th
p,p
z,z
n,n
ix,ix
s,s
ux,ix
s,s
s,s
r,r
n,n
ay,ae
ae,eh
dcl,dcl
s,s
r,aa
ih,ay
ax,ax
dcl,dcl
uw,el
s,z
ah,ah
ix,ix
ih,ix
kcl,kcl
m,n
kcl,tcl
t,t
m,m
y,iy
w,q
m,m
ch,ch
ax,l
r,r
ow,ow
aa,er
iy,ih
ih,eh
kcl,kcl
oy,ah
ng,n
sh,sh
r,r
hh,hh
m,m
tcl,tcl
ix,ix
ao,w
t,t
tcl,tcl
s,s
l,l
r,r
eh,ah
dx,q
ix,ix
hv,eh
m,m
n,n
dx,dx
aa,aa
aa,aa
s,s
r,r
ow,ow
ix,ix
g,tcl
ix,ix
ix,ix
eh,ih
gcl,tcl
iy,iy
z,z
r,r
g,ix
ao,aa
ey,er
dx,n
uw,uw
ih,ih
ao,ao
ng,n
p,hh
hh,q
gcl,kcl
iy,ix
dh,dh
kcl,tcl
s,s
ix,n
ix,ix
ix,eh
q,q
z,s
tcl,tcl
ao,ow
iy,iy
tcl,tcl
w,w
r,q
hh,n
n,n
ix,ix
n,n
s,s
iy,ih
l,w
r,r
r,r
ix,ix
s,s
ux,axr
gcl,dcl
ix,ix
ey,ey
ix,ix
ux,ux
oy,oy
ah,aa
w,w
l,iy
l,l
axr,axr
gcl,q
iy,ih
n,ux
t,q
dh,dh
v,v
tcl,tcl
uh,ah
r,r
kcl,dh
bcl,dcl
s,s
gcl,tcl
ng,n
v,tcl
n,n
f,s
tcl,kcl
d,t
ax,ix
pcl,kcl
tcl,dcl
eh,ih
ix,ix
ax-h,hh
n,q
hv,n
el,q
pcl,tcl
pcl,pcl
l,l
q,hh
k,hh
ix,ix
ix,ix
ix,ix
dh,tcl
z,s
iy,ix
l,l
er,ix
n,ng
k,k
iy,iy
axr,er
dx,dcl
p,kcl
iy,iy
n,n
ih,ih
n,bcl
w,w
k,k
g,k
ng,ng
l,l
r,axr
ow,ih
eh,aa
ay,ae
eh,aa
sh,sh
kcl,kcl
n,ix
dcl,dcl
n,n
ix,ix
uw,l
ux,y
k,k
t,t
f,f
pcl,hh
ix,ix
ix,r
s,s
pcl,tcl
th,z
ax,ax
v,dcl
ae,ae
ay,aa
l,l
r,r
er,ow
ow,ow
l,l
q,tcl
pcl,tcl
ih,ih
tcl,tcl
ix,ax
r,r
n,n
hv,hv
ey,ey
hh,hv
ah,eh
nx,n
q,q
z,z
n,n
s,s
t,t
k,k
ix,ix
ih,ix
iy,ix
aw,aa
dh,z
k,k
ax-h,t
ow,ow
iy,iy
ae,ey
k,jh
kcl,tcl
n,n
d,t
ix,ix
f,f
ix,ix
z,z
m,m
pcl,pcl
z,z
ix,ix
v,n
s,z
z,z
f,f
dcl,dcl
ah,ax
iy,ix
jh,jh
hv,w
dh,dh
n,n
el,el
ow,ow
iy,iy
ay,ay
kcl,kcl
ae,ae
n,n
kcl,tcl
iy,l
z,z
k,k
iy,ix
dcl,tcl
sh,sh
n,ix
l,l
k,jh
tcl,tcl
nx,ix
ow,r
n,n
f,dh
pcl,tcl
dcl,tcl
pcl,tcl
axr,q
ax,l
k,k
k,k
s,z
hv,hv
pcl,tcl
iy,ix
ix,ix
z,z
ih,ix
ey,eh
n,n
z,z
ae,ae
n,n
sh,sh
ng,n
eh,eh
iy,iy
s,s
gcl,kcl
y,n
hh,q
tcl,tcl
d,d
v,r
kcl,tcl
ix,ix
m,dcl
gcl,tcl
er,er
n,n
ah,l
s,s
t,t
s,s
t,dh
ih,ix
t,t
r,r
ih,ih
hv,dx
hv,dh
ah,ao
m,ix
ix,ax
l,l
th,s
n,n
n,n
ax,ax
l,ix
iy,iy
ix,iy
dx,dx
bcl,dcl
m,n
kcl,tcl
m,n
iy,y
s,s
g,t
axr,axr
dh,z
r,r
ah,ah
ix,ih
s,ch
n,ix
ix,iy
s,s
f,f
l,l
iy,iy
dx,dx
tcl,kcl
ux,iy
jh,t
jh,jh
r,r
ax,ax
ax,ax
q,dx
z,z
p,k
ae,ae
ah,eh
t,t
dh,tcl
ae,ae
ix,ix
ih,ih
aa,aa
iy,ix
w,r
iy,iy
dcl,dcl
n,n
s,s
iy,iy
n,n
ae,ae
ey,iy
ow,oy
eh,ih
iy,iy
s,s
pcl,tcl
ix,eh
dcl,dcl
sh,sh
eh,eh
s,s
t,k
l,l
iy,iy
dcl,n
f,p
k,g
ih,ih
bcl,dcl
s,t
k,jh
l,l
axr,ih
r,r
axr,axr
ax,ax
z,z
bcl,f
l,l
aa,aa
s,s
ux,y
w,w
kcl,tcl
dx,dh
ay,ay
gcl,dcl
ng,n
sh,s
v,dh
f,dh
oy,oy
jh,jh
n,n
iy,iy
n,ux
aa,aa
r,v
ux,ux
ix,ix
r,r
v,dh
iy,iy
ch,ch
ae,eh
iy,iy
f,f
ix,y
r,r
tcl,tcl
axr,aa
z,s
iy,iy
ux,ng
ix,ih
p,k
ix,ix
q,ix
ao,ao
jh,jh
tcl,tcl
ay,ae
kcl,tcl
sh,sh
eh,eh
ay,ix
f,f
ao,l
ow,ow
m,ix
l,w
p,p
s,s
l,l
n,m
zh,jh
kcl,tcl
ix,ow
y,n
ix,ih
z,z
l,ow
ey,ey
ae,ae
n,n
iy,iy
ih,ih
g,q
s,s
aa,aa
v,r
l,n
v,l
iy,ix
v,v
ao,ao
iy,iy
eh,ix
iy,ix
axr,eh
ix,ix
ux,ix
r,ah
er,er
ao,aa
k,k
r,v
f,f
aa,aa
iy,iy
k,g
n,n
iy,iy
iy,iy
ay,ix
axr,axr
l,q
w,w
tcl,tcl
kcl,pcl
s,s
tcl,kcl
ae,eh
ae,eh
p,p
ae,ae
m,dcl
g,g
kcl,kcl
kcl,tcl
pcl,tcl
k,k
m,n
pcl,pcl
q,q
ih,eh
s,s
axr,eh
k,k
t,t
dcl,dcl
ao,r
ow,ow
tcl,tcl
ao,w
pcl,tcl
axr,axr
eh,ae
ix,ix
iy,iy
l,l
aw,aa
tcl,kcl
r,er
aa,aa
dcl,dcl
z,z
eh,ae
tcl,tcl
ay,ay
tcl,jh
ix,ih
t,d
n,ix
el,el
r,ax
dh,dh
n,n
ix,ix
ax,w
aa,ao
r,r
bcl,bcl
g,q
k,k
r,m
hh,p
r,dx
k,k
z,s
dcl,dcl
dcl,q
bcl,tcl
ao,ah
tcl,tcl
n,l
s,s
el,ow
n,n
k,dh
ax,l
kcl,ix
r,r
n,n
dcl,bcl
v,v
iy,ey
th,dh
gcl,tcl
dx,dcl
n,n
kcl,tcl
iy,iy
iy,iy
s,s
t,tcl
ix,ih
r,r
er,er
p,dh
tcl,tcl
ih,iy
w,ix
ih,ix
t,t
n,n
jh,t
aa,aa
iy,iy
l,ah
p,p
ah,r
r,r
sh,sh
r,r
bcl,dcl
aa,aa
ux,ax
iy,iy
axr,axr
ay,ay
ch,ch
tcl,tcl
r,l
oy,oy
aa,eh
l,w
dh,dh
bcl,dcl
tcl,dcl
w,q
q,q
tcl,tcl
dcl,dcl
ix,ix
ix,ix
ch,ch
dcl,tcl
pcl,pcl
ey,ey
hv,n
axr,ax
bcl,dcl
dcl,tcl
ix,n
oy,ao
sh,sh
ax,ax
p,hh
n,n
axr,ix
s,s
d,t
dcl,tcl
l,iy
axr,axr
s,s
d,d
r,r
ae,ae
ix,ix
ix,ix
ao,ao
iy,iy
pcl,tcl
n,n
ow,axr
l,l
s,s
ae,aa
kcl,kcl
dcl,bcl
tcl,tcl
ux,ix
ae,aa
kcl,tcl
t,t
dcl,dcl
k,ch
n,n
ix,ax
iy,iy
ux,iy
aa,aa
n,n
r,ix
tcl,tcl
y,ih
ah,ao
w,l
ix,ix
l,l
aa,ao
k,k
er,ix
ey,ae
k,k
s,s
w,w
ey,q
k,k
ao,aa
sh,sh
gcl,dcl
eh,ah
t,k
f,f
r,r
l,l
n,n
er,er
p,hv
z,z
l,l
s,s
er,ax
er,er
ix,ix
er,er
dcl,tcl
dx,q
oy,ao
r,r
l,ax
axr,axr
n,n
sh,ch
ch,ch
nx,l
l,l
ao,ao
ao,ao
s,s
ih,n
axr,axr
dh,tcl
n,n
ao,ao
eh,eh
bcl,dcl
m,m
eh,axr
ow,ow
q,aa
ax,l
zh,z
n,n
n,ng
nx,n
z,s
w,w
iy,ix
ix,ix
ah,l
l,l
er,aa
ae,ae
aa,ax
el,l
dx,dx
y,y
ao,aa
axr,axr
tcl,tcl
dh,pcl
tcl,pcl
w,w
ah,l
uh,ax
kcl,tcl
tcl,tcl
l,l
gcl,tcl
hh,tcl
ay,ow
ix,ih
hh,hv
v,dh
eh,ae
w,w
ah,ah
hv,hv
dcl,tcl
v,q
iy,ih
hv,hv
iy,iy
s,s
ix,ix
hv,ix
bcl,bcl
n,n
d,t
iy,iy
t,k
r,r
nx,n
s,z
kcl,tcl
ay,ay
pcl,tcl
dcl,dcl
s,s
z,z
gcl,dcl
hv,hv
n,ix
s,s
r,r
axr,axr
kcl,pcl
iy,iy
eh,eh
iy,ih
ng,ng
axr,axr
ay,ay
s,th
s,s
hv,m
sh,sh
ix,ng
k,k
g,k
hv,hh
f,t
n,n
tcl,v
r,axr
w,w
y,ix
ow,ah
ix,q
ax,ix
bcl,kcl
jh,jh
aa,ae
bcl,tcl
n,m
ax,ah
ih,ix
hh,hv
tcl,tcl
th,f
ux,ih
q,ow
ah,ao
ih,ix
eh,ih
ih,ih
th,k
q,nx
s,s
ax,ix
ay,ay
ax,eh
er,er
q,q
eh,ix
dcl,tcl
iy,iy
ow,ow
ae,eh
z,z
t,d
ey,iy
ih,ih
tcl,tcl
pcl,tcl
n,n
dh,dh
ey,ey
bcl,dcl
n,q
iy,iy
k,t
kcl,tcl
ix,ix
dx,ix
dx,r
p,k
ix,iy
jh,jh
y,ix
pcl,pcl
ih,ih
b,kcl
th,f
iy,y
s,s
eh,aa
v,f
ey,ey
q,ax
ah,ow
r,aa
w,w
t,t
t,t
q,q
tcl,pcl
t,t
ae,ae
iy,ix
ay,ae
ax,axr
s,s
tcl,tcl
k,k
r,dx
dx,dx
f,f
kcl,tcl
ix,ix
ax,ax
ix,ix
iy,iy
kcl,tcl
p,dh
oy,oy
tcl,tcl
tcl,tcl
m,m
ao,ao
nx,dx
z,z
r,eh
z,s
aa,aa
s,s
iy,ix
zh,jh
ey,ey
l,eh
l,l
ax,ax
k,ch
iy,iy
ih,iy
iy,iy
gcl,tcl
n,n
gcl,dcl
s,s
z,z
ix,ix
l,el
r,r
ae,ae
eh,eh
ix,ix
iy,iy
f,f
tcl,tcl
q,tcl
r,r
t,f
dx,dx
ix,tcl
tcl,tcl
d,t
ax,ax
ax,ax
d,k
ay,ae
tcl,tcl
uw,ax
iy,ix
r,r
ax,ix
z,z
k,k
ey,ih
r,ix
t,k
f,f
tcl,q
kcl,kcl
ch,s
iy,iy
y,y
l,w
ey,ix
kcl,tcl
ey,iy
g,t
ih,ih
ae,ae
t,t
gcl,dcl
ix,iy
axr,ax
ow,ey
hv,n
ch,t
gcl,n
eh,eh
n,n
ay,axr
aw,ae
ah,ah
ao,aa
z,s
pcl,tcl
l,ax
ay,ae
iy,iy
ay,ay
sh,sh
ae,ae
m,m
z,z
m,w
w,w
l,ix
ao,ao
ax,ax
hv,hh
eh,eh
r,r
gcl,dcl
w,w
iy,iy
l,l
ey,eh
dcl,dcl
z,z
t,t
t,k
tcl,tcl
p,t
uw,er
q,q
s,s
f,tcl
m,n
th,dh
iy,ix
z,z
k,k
n,ix
axr,axr
axr,axr
y,ih
z,z
t,k
q,q
axr,ix
zh,z
tcl,tcl
sh,sh
q,q
v,r
b,ax
tcl,tcl
ow,aa
ah,ax
ih,ix
kcl,dh
q,q
ae,ae
l,w
ax,ax
ay,ae
s,s
nx,ax
tcl,tcl
t,tcl
dcl,tcl
t,k
kcl,pcl
n,n
ih,iy
axr,ix
r,eh
w,q
l,w
dh,dh
iy,iy
ey,ey
ix,ix
ay,ix
m,ng
ax,ax
uw,r
axr,r
z,z
aa,ah
s,s
l,m
ih,ix
th,th
m,m
r,r
n,dcl
er,axr
v,dcl
tcl,tcl
axr,m
er,ux
w,l
tcl,tcl
hh,k
g,k
ao,aa
y,ix
t,jh
hh,hh
ih,iy
r,r
s,s
k,k
ae,ae
kcl,tcl
ih,ih
ow,ow
gcl,dcl
ux,ux
pcl,tcl
sh,sh
n,n
ih,ih
ey,ih
ix,ix
l,ix
ay,ae
aa,aa
iy,iy
gcl,dcl
ey,ey
t,t
t,t
z,z
iy,iy
ix,q
iy,iy
tcl,tcl
eh,eh
ow,ow
w,w
ix,ix
t,d
nx,n
jh,jh
ng,ng
er,axr
nx,dx
gcl,dcl
ux,er
aa,eh
ih,ix
uw,ux
iy,iy
p,k
kcl,tcl
z,z
k,k
q,q
aa,ay
l,l
ix,ux
g,q
f,f
y,y
z,z
n,n
iy,iy
ix,ix
eh,r
ih,ix
hh,hv
aa,ao
ao,ao
m,n
n,n
eh,ey
pcl,v
v,v
t,t
l,l
ax,ax
dx,q
ax,uw
ae,ae
oy,oy
iy,ey
k,k
kcl,tcl
n,q
axr,axr
axr,r
v,n
s,s
s,s
bcl,dcl
s,s
eh,ah
l,l
en,n
t,ch
er,ow
iy,iy
ih,eh
ih,iy
t,tcl
er,ay
aa,aa
s,sh
ix,ix
eh,ey
k,k
k,jh
ax,ax
n,n
p,k
t,k
n,m
t,q
l,aa
sh,sh
tcl,tcl
m,m
ih,ih
eh,eh
ux,iy
ao,w
ix,ix
p,jh
ux,ux
er,er
s,s
hh,p
r,axr
f,z
ix,v
axr,er
t,t
zh,s
ix,ix
w,w
ay,ay
uw,w
tcl,kcl
f,f
iy,iy
dx,dh
eh,ix
ay,ay
ah,q
tcl,tcl
z,z
ih,ix
axr,axr
r,r
ae,ae
ay,q
n,n
w,w
w,w
s,s
ay,aa
l,w
dcl,dcl
ow,ow
en,n
l,l
pcl,tcl
z,dh
m,v
kcl,tcl
iy,iy
ao,ao
aa,aa
ih,ih
ao,ao
t,t
ix,ix
tcl,tcl
kcl,tcl
m,dcl
dx,dh
l,l
ih,ih
f,f
ey,iy
n,dcl
v,t
ax,r
ow,ao
q,q
ey,ey
eh,ae
pcl,tcl
k,t
ow,r
axr,axr
ix,ix
w,r
ix,ix
dh,dh
s,s
l,l
m,n
iy,iy
z,z
g,k
r,r
s,t
axr,axr
axr,axr
ao,ao
ae,ae
eh,ae
r,axr
s,sh
t,t
k,k
ix,ix
r,r
s,s
ax,ix
dx,dx
ow,ow
ax,ow
aa,aa
iy,iy
tcl,tcl
ay,aa
p,hh
eh,ey
sh,sh
r,v
iy,iy
eh,eh
l,l
ix,ix
ax,ax
eh,eh
ix,ix
v,dcl
ae,ae
s,s
w,w
p,p
iy,iy
w,w
dcl,dcl
en,ax
er,er
tcl,tcl
r,r
iy,hv
w,w
kcl,tcl
ao,ao
n,n
hh,t
zh,hv
d,k
pcl,tcl
pcl,tcl
aa,ao
dh,dh
axr,axr
y,y
tcl,tcl
axr,r
tcl,tcl
n,n
dcl,dcl
sh,sh
iy,iy
q,k
m,m
k,k
ae,ae
ow,el
iy,ih
iy,y
iy,iy
nx,dcl
t,t
l,l
ah,ah
hv,hv
kcl,tcl
v,v
k,k
dx,dx
ah,ah
q,q
th,tcl
n,n
eh,eh
ix,ix
ow,aa
d,t
th,f
t,t
l,l
iy,iy
iy,n
ow,ah
pcl,tcl
ey,ay
ey,r
eh,ah
aa,ao
l,w
ae,ae
w,w
ao,aa
s,s
p,k
r,r
r,r
pcl,tcl
el,el
z,s
ax,ax
iy,iy
aa,aa
r,axr
l,l
g,g
aa,aa
ax,l
w,w
eh,eh
w,w
ux,ux
iy,iy
dx,y
ih,ih
dh,ax
ix,ix
q,w
n,n
axr,r
v,f
tcl,tcl
r,r
tcl,dcl
er,r
ao,l
uh,ih
f,f
ax,l
v,n
tcl,tcl
m,ix
v,n
er,er
g,k
dx,dx
tcl,dh
n,n
hh,hh
m,n
er,axr
iy,y
m,n
q,dh
dx,dx
s,s
dh,k
kcl,dcl
ao,ao
s,s
dh,q
s,s
p,t
ey,ey
k,k
k,k
r,q
aa,aw
iy,ow
w,ao
aa,aa
y,iy
l,l
kcl,kcl
dh,tcl
r,r
gcl,ix
gcl,dcl
n,ix
hv,l
kcl,tcl
tcl,tcl
dcl,n
dh,kcl
ah,ax
dh,dh
d,jh
n,n
r,r
ux,iy
dcl,dcl
l,l
zh,jh
g,tcl
sh,sh
kcl,kcl
th,f
aw,ow
w,w
r,r
aa,aa
dh,dh
r,axr
sh,sh
tcl,tcl
axr,r
ix,ix
tcl,tcl
th,th
r,r
ih,iy
ae,ae
ix,ax
ax,el
ah,ah
k,tcl
ih,ix
p,k
ae,ae
axr,r
ae,ae
ih,ih
l,l
n,n
r,r
z,s
aw,ao
ao,ao
bcl,pcl
dcl,dcl
ey,ay
m,m
axr,axr
v,m
z,z
z,s
ey,ey
ix,ix
ih,ih
r,r
r,er
p,k
ae,ae
s,s
hv,hv
aa,aa
q,k
ix,ix
d,k
er,er
n,n
hv,hv
ae,ae
iy,iy
ix,ix
ah,eh
m,w
dcl,kcl
n,ix
axr,axr
k,k
ih,ey
ae,ae
sh,sh
s,s
dh,v
l,ix
ch,ch
ey,ey
ih,ih
s,jh
ay,ay
v,ax
tcl,dcl
iy,iy
axr,ao
tcl,dcl
kcl,pcl
d,tcl
kcl,tcl
s,s
ah,aa
n,n
kcl,q
n,n
s,s
m,m
kcl,tcl
kcl,kcl
ao,aa
s,s
ah,ow
th,kcl
iy,iy
ao,ao
ay,ay
kcl,tcl
n,ng
w,r
dcl,tcl
el,el
ux,ix
eh,eh
ow,el
l,l
gcl,tcl
ih,ih
kcl,tcl
ow,aa
ao,aa
iy,iy
ix,iy
f,f
axr,ix
kcl,dcl
ih,ix
tcl,tcl
ow,l
f,f
ae,hv
aa,eh
sh,sh
k,k
r,r
q,q
v,v
eh,ih
ix,ix
s,s
l,l
hh,k
ae,ay
kcl,tcl
v,dcl
sh,sh
ay,ay
l,l
m,n
tcl,dcl
dh,q
r,axr
z,z
s,s
ux,ih
m,ax
f,hh
th,tcl
w,w
hv,hv
aa,r
s,s
pcl,pcl
dcl,dcl
dcl,bcl
p,k
dcl,dcl
iy,iy
q,q
n,n
eh,ix
l,l
t,t
aa,ao
aa,aa
l,l
n,n
n,n
ix,ix
iy,ix
sh,sh
ao,ao
n,n
ix,ix
p,p
iy,iy
eh,ih
el,ao
tcl,tcl
aw,ae
tcl,tcl
z,z
iy,iy
z,s
ae,ay
eh,eh
er,er
ao,ao
ey,iy
s,sh
l,w
ey,ey
v,v
hh,k
gcl,dcl
kcl,kcl
s,s
s,s
l,ix
er,axr
ae,ae
kcl,tcl
iy,ih
l,l
tcl,dh
axr,axr
axr,er
t,k
v,l
s,s
ae,ae
z,jh
kcl,dcl
ng,n
m,dh
g,g
v,ix
aa,aa
l,ax
pcl,tcl
l,l
v,v
gcl,tcl
m,n
axr,r
z,z
tcl,dcl
p,p
l,ax
ow,ow
k,tcl
aw,ao
n,n
ih,ix
l,el
ay,ay
aa,aa
g,q
z,z
aa,aa
r,axr
t,t
q,q
kcl,tcl
bcl,dcl
en,n
ax,eh
ae,ae
w,q
dh,dh
axr,ax
tcl,tcl
ax-h,ix
kcl,tcl
kcl,gcl
g,jh
ae,ae
z,z
gcl,dcl
l,l
l,ix
th,dh
g,d
iy,iy
s,z
n,n
l,ix
iy,iy
ay,ay
n,n
k,k
s,s
eh,eh
ih,ix
kcl,pcl
dcl,tcl
dcl,dcl
nx,nx
ng,n
n,n
hv,hv
v,v
kcl,dcl
ix,ih
ae,ae
q,ih
el,ax
sh,sh
ix,n
kcl,tcl
ah,ix
f,f
l,l
kcl,tcl
r,r
er,axr
tcl,tcl
q,q
ay,ae
t,t
aw,ao
nx,ix
n,n
ax,ax
dh,dh
zh,sh
bcl,dcl
ix,ix
uh,eh
hh,hv
r,r
ix,ix
ax,ax
gcl,n
n,n
el,l
ax,ax
s,s
s,s
l,ah
sh,sh
bcl,dcl
k,k
m,m
n,tcl
k,t
m,dh
ey,eh
sh,sh
s,s
dcl,dcl
l,ax
m,n
n,n
ey,ey
z,z
ix,iy
ix,ax
q,q
ix,ax
n,n
y,y
ey,ih
tcl,tcl
hv,hv
k,jh
uh,ax
dcl,dcl
p,tcl
s,s
m,n
t,t
n,n
tcl,tcl
iy,iy
ih,ix
uw,ow
bcl,tcl
r,axr
ix,ix
ah,aa
q,q
ix,ix
p,p
jh,jh
ae,ae
gcl,tcl
ih,ix
f,f
iy,iy
r,r
eh,ix
ix,n
ae,ae
v,jh
s,s
ae,eh
tcl,tcl
ax-h,ix
aa,ah
r,r
s,s
kcl,dcl
s,s
f,f
ng,n
r,r
dx,dx
ao,ao
n,n
f,f
d,d
f,f
dx,dx
n,dcl
dx,dcl
z,z
aa,aa
k,k
ay,ay
kcl,pcl
ow,l
ih,ah
z,s
k,k
t,t
l,l
axr,axr
sh,sh
hh,dx
ao,aa
s,s
ih,ih
ao,aa
g,g
q,ix
l,w
r,r
dcl,dcl
gcl,tcl
d,d
sh,s
iy,iy
ae,ae
pcl,tcl
s,z
ux,ux
eh,ae
n,n
z,z
f,sh
gcl,tcl
el,ao
s,s
y,n
gcl,dcl
gcl,n
ih,ih
k,k
ix,iy
ow,ow
ae,ay
ax,ix
axr,axr
k,t
v,l
k,k
ao,ao
ao,ao
r,r
m,n
n,dcl
z,z
ih,ix
eh,eh
jh,jh
ix,ax
aa,ao
ax,ax
k,t
n,dcl
ih,ih
eh,ae
dcl,dcl
y,y
k,k
l,r
ix,ix
dcl,tcl
iy,iy
n,ax
ow,aa
w,q
ae,ae
gcl,dcl
oy,oy
n,n
m,m
pcl,bcl
dx,dx
q,dcl
aa,ae
eh,eh
ch,ch
n,dx
z,z
ah,ow
y,y
r,axr
ae,eh
k,kcl
ey,ey
iy,iy
tcl,tcl
gcl,dcl
er,axr
tcl,tcl
r,r
s,z
l,l
axr,ae
p,p
l,l
ih,ey
eh,ix
r,r
dcl,dcl
z,z
s,s
ey,ey
r,r
ah,ao
iy,iy
eh,eh
tcl,q
r,r
z,z
k,k
s,s
ch,ch
ey,ey
ae,ae
w,w
kcl,kcl
m,l
hh,hv
m,m
ah,ah
z,z
gcl,dcl
eng,m
l,ng
d,k
s,s
jh,s
iy,iy
p,p
s,s
dcl,dcl
w,w
s,s
axr,ix
ah,ae
kcl,tcl
dx,q
z,z
kcl,tcl
f,f
n,dcl
y,y
r,r
hv,ix
t,t
n,n
dh,dh
m,tcl
tcl,kcl
g,dx
tcl,tcl
m,n
k,q
bcl,bcl
s,s
v,l
n,n
r,r
iy,iy
t,t
w,w
ih,ix
kcl,tcl
r,axr
f,f
t,t
k,k
z,z
t,t
dh,tcl
dh,ax
axr,axr
ix,z
sh,sh
m,n
t,k
s,s
dcl,dcl
q,q
q,q
en,ax
bcl,tcl
eh,eh
iy,iy
er,er
g,q
k,q
pcl,pcl
k,k
iy,iy
hv,hv
ax,ax
s,s
m,n
z,z
aw,ae
jh,jh
dcl,dcl
ih,l
p,ix
l,l
uw,uw
aa,aa
pcl,dcl
sh,sh
axr,ix
ah,eh
kcl,kcl
ow,ao
uh,w
iy,iy
dcl,kcl
tcl,tcl
l,l
ah,ax
ae,ae
w,w
en,en
k,tcl
f,f
tcl,tcl
ax-h,tcl
ix,ix
r,axr
ey,iy
ih,ih
g,tcl
f,f
hv,ix
eh,eh
hv,dx
ux,iy
f,f
gcl,tcl
dcl,dcl
ah,ah
gcl,dcl
ix,ix
s,z
r,r
iy,ix
ix,ix
dh,q
kcl,tcl
q,q
axr,axr
iy,iy
z,z
s,z
s,s
dx,dx
s,s
uh,ix
ih,ih
iy,iy
nx,ax
ax,ax
er,axr
z,z
s,ch
kcl,kcl
p,p
p,k
ih,ae
n,n
ao,ao
pcl,pcl
p,p
er,ux
l,l
n,dh
ix,ih
ow,ow
aw,ae
q,q
g,g
q,q
el,l
y,ix
p,dx
m,m
d,jh
ax,l
k,k
ix,ix
k,k
g,q
n,m
uh,ih
p,t
nx,n
tcl,dcl
ng,m
ah,l
s,s
zh,sh
eh,aa
pcl,tcl
r,r
dx,dx
tcl,ix
kcl,kcl
aa,ae
axr,r
kcl,tcl
z,z
tcl,tcl
ih,ih
ch,ch
ux,ux
kcl,dx
iy,iy
nx,n
v,ix
oy,ao
s,s
pcl,tcl
ao,ao
aa,aa
dcl,dcl
q,ax
n,ng
ey,ey
dh,tcl
tcl,tcl
axr,axr
z,z
w,q
ix,ix
kcl,tcl
axr,r
ey,iy
tcl,tcl
bcl,dcl
s,s
v,q
er,er
g,g
ay,ey
iy,iy
s,s
iy,iy
ao,ao
g,g
pcl,tcl
ix,ix
pcl,tcl
eh,ih
el,l
k,k
t,t
y,iy
gcl,dcl
ux,uw
iy,iy
s,s
s,s
v,tcl
s,s
iy,iy
ah,ow
hh,p
pcl,tcl
q,q
q,q
q,q
z,z
ah,eh
ah,ow
s,s
eh,eh
aa,r
dcl,dcl
tcl,tcl
kcl,kcl
b,q
jh,jh
ae,ae
g,g
ux,ix
z,z
m,n
ow,ow
ix,ix
nx,dx
l,ix
ay,ay
jh,jh
ax,ix
z,dh
r,r
r,r
b,p
k,k
dcl,dcl
aa,aa
ax,ax
eh,ax
r,eh
tcl,tcl
er,r
er,ey
s,s
d,d
dx,dcl
f,f
ih,ix
ix,ix
aa,ay
iy,iy
n,n
r,axr
pcl,tcl
ah,ah
w,l
pcl,tcl
kcl,tcl
q,q
ah,ah
s,s
er,axr
dcl,dcl
bcl,tcl
dcl,tcl
n,n
ax,ax
el,ow
gcl,bcl
ax,ax
ey,ae
er,axr
s,s
dcl,n
s,s
t,t
ix,ix
p,tcl
dx,dx
kcl,tcl
s,s
z,z
l,l
axr,r
ix,iy
ax,l
s,ch
iy,ix
ih,ix
m,n
l,l
k,k
kcl,tcl
aa,aa
g,q
m,r
pcl,tcl
l,el
iy,ey
m,n
n,n
ng,n
ng,n
uh,ux
tcl,dcl
ih,ey
m,n
m,n
ae,eh
dh,dh
gcl,dcl
aa,r
q,axr
q,q
aa,aa
bcl,tcl
eh,ix
q,ix
th,f
axr,ix
ey,ey
ng,ng
l,l
axr,ax
dcl,dcl
ix,ix
el,w
p,p
ow,el
ay,ay
t,k
s,s
l,l
ay,ay
r,axr
ih,ih
s,s
l,l
ey,ey
r,r
ae,ae
ux,ux
iy,ih
g,g
tcl,tcl
jh,jh
ah,eh
t,t
r,ix
r,dx
sh,sh
ih,iy
iy,ih
ix,ix
z,z
dx,dcl
dx,kcl
l,w
pcl,bcl
kcl,dcl
ay,ay
w,w
ae,ae
s,s
kcl,tcl
m,n
n,ix
ae,ae
ow,ow
bcl,dcl
n,n
v,z
bcl,dcl
q,q
ix,ax
ey,ey
kcl,pcl
dh,dh
aa,ao
ix,ix
l,l
iy,iy
axr,ah
axr,axr
dcl,tcl
k,k
ae,aa
ao,w
kcl,kcl
t,t
v,v
iy,iy
axr,axr
ih,ih
axr,ix
dcl,dcl
ae,ae
k,k
eh,eh
eh,ix
ey,ae
l,el
ng,m
ao,ao
dcl,tcl
v,f
l,l
n,ix
ix,q
z,sh
r,axr
ux,ix
ix,ix
ng,n
ey,ix
n,n
sh,sh
dx,q
w,q
gcl,dcl
aa,ao
iy,iy
n,n
iy,ix
aa,aa
ao,ao
tcl,tcl
z,s
ae,ae
ih,ih
ix,ix
ao,ao
f,hh
ix,ih
tcl,tcl
ix,iy
ix,ix
n,n
tcl,d
t,t
iy,iy
bcl,tcl
s,s
s,s
aa,aa
r,aa
iy,iy
kcl,dcl
t,t
dcl,dcl
ux,ux
ow,ow
w,w
f,f
ow,ow
ae,ae
ey,ey
l,aa
r,r
n,n
r,r
hh,hh
s,sh
ay,ah
w,w
n,n
iy,iy
r,axr
r,l
axr,er
th,t
d,q
l,w
er,axr
k,t
pcl,tcl
iy,y
ng,n
th,th
gcl,dcl
m,bcl
ux,ux
eh,ih
t,ch
f,z
s,s
r,r
jh,ch
q,k
ax,ax
ux,iy
m,n
ax,n
ax,ax
dcl,dcl
l,l
tcl,tcl
ix,ix
k,k
kcl,tcl
iy,iy
g,g
p,k
tcl,tcl
y,y
w,w
jh,hv
n,l
ng,v
n,n
dcl,dcl
ay,ay
q,ix
ax,ix
ah,ah
ux,ux
tcl,tcl
t,t
gcl,gcl
t,dh
ix,ix
d,k
iy,iy
ae,ae
ae,eh
z,z
ix,ax
pcl,bcl
z,z
s,s
tcl,tcl
el,ow
r,ih
r,r
t,t
v,ix
t,t
n,dcl
k,k
ow,ow
pcl,tcl
ax,ix
n,ix
pcl,tcl
l,l
s,s
ch,s
pcl,tcl
ix,ix
s,f
n,dcl
iy,iy
ux,ux
s,s
z,s
hv,hv
ux,ix
ay,ay
axr,l
kcl,kcl
ux,ix
ae,ae
kcl,tcl
el,l
r,r
m,bcl
uw,uw
eh,l
eh,eh
ow,r
w,w
dcl,tcl
s,sh
iy,eh
y,ix
ax,ix
k,k
aa,aa
z,z
ao,ao
aa,aa
ng,n
kcl,tcl
f,f
g,k
ao,aa
v,f
axr,ux
l,ax
ih,ey
ih,ix
w,w
s,s
s,s
gcl,dcl
n,n
l,ix
l,l
ay,ae
r,axr
ay,ay
k,k
dx,dx
s,s
k,jh
kcl,kcl
ch,sh
tcl,tcl
d,t
eh,eh
dh,t
ay,ay
m,m
v,v
w,w
z,z
ay,eh
kcl,tcl
ix,ix
ih,ix
pcl,kcl
dcl,dcl
ix,ix
ow,ah
eh,eh
v,n
ax,ax
r,axr
ch,jh
g,k
r,q
n,ix
ao,ao
kcl,tcl
ax,eh
uh,ax
dcl,tcl
dcl,dcl
r,r
aw,ay
ao,ao
tcl,t
y,y
kcl,kcl
iy,iy
t,t
d,tcl
ix,ih
ih,iy
aa,ay
iy,y
ix,ix
tcl,tcl
dx,dh
aa,aa
q,q
dcl,dcl
jh,jh
y,ix
kcl,tcl
ey,iy
t,d
sh,sh
s,s
ix,ax
kcl,tcl
s,s
dx,n
tcl,tcl
axr,er
t,k
pcl,pcl
ay,ix
r,r
z,z
g,k
q,q
t,d
ux,iy
aa,ah
m,n
t,k
m,n
r,eh
oy,aa
kcl,kcl
t,t
ow,ae
n,n
kcl,q
l,l
iy,iy
ix,ix
s,s
ae,ae
r,q
k,k
axr,r
eh,ix
ux,ux
kcl,tcl
en,n
ao,ow
k,k
axr,ix
oy,oy
w,w
l,l
k,k
n,ix
ey,ey
eh,eh
aa,aa
kcl,tcl
eh,ih
th,th
z,z
el,q
ah,l
p,k
ey,ey
ax,ah
r,axr
ix,gcl
n,ix
r,r
s,s
g,g
s,t
l,l
r,r
ix,ix
l,w
oy,ow
el,w
uh,ix
eh,eh
tcl,tcl
bcl,dcl
kcl,kcl
ih,iy
th,f
z,z
ih,iy
eh,ix
eh,ey
sh,sh
v,r
el,ao
q,q
pcl,tcl
s,s
p,k
l,l
n,n
l,l
q,q
iy,ix
k,k
r,er
tcl,tcl
w,l
n,ng
aa,aa
ay,ay
t,t
ix,ix
th,dh
l,l
ix,ix
uw,uw
k,t
ow,ah
y,y
n,n
ae,ae
dx,dh
q,q
s,s
ix,ix
n,w
ah,ah
aa,aa
t,tcl
er,axr
n,ix
gcl,dcl
n,n
s,s
tcl,dcl
er,er
kcl,tcl
tcl,dcl
kcl,z
t,ch
ah,eh
ux,iy
w,w
w,ax
uw,uw
n,n
r,r
ay,ay
ix,ix
s,s
gcl,dcl
iy,iy
s,s
ih,ey
eh,eh
r,r
ao,ao
y,y
r,r
dx,dx
ix,ix
r,w
iy,ih
tcl,tcl
dcl,dcl
ih,ix
kcl,tcl
axr,ix
ae,ae
r,r
f,sh
aw,aa
y,y
q,dh
s,s
l,ax
r,er
l,l
ae,ae
t,t
tcl,tcl
p,k
er,w
iy,y
ao,aa
p,hh
ix,ix
n,n
m,n
kcl,tcl
r,r
sh,sh
kcl,tcl
z,sh
ax,ax
er,ao
y,y
ih,ix
tcl,tcl
ah,ow
s,s
iy,iy
tcl,tcl
dx,q
tcl,kcl
ow,ow
l,l
iy,iy
bcl,bcl
v,n
t,dh
tcl,tcl
s,s
r,r
dh,v
l,ah
l,q
ao,ao
s,s
dh,dh
ih,iy
r,eh
t,t
aa,aa
s,s
ow,ey
ix,iy
q,ix
q,q
q,ax
n,y
n,dcl
ih,ih
ae,ae
iy,ix
tcl,tcl
dcl,dcl
bcl,tcl
iy,ix
k,k
iy,ix
axr,axr
l,aa
iy,iy
ow,ax
dx,n
q,k
er,axr
l,l
ae,ae
kcl,tcl
ey,ey
er,ae
q,ax
sh,sh
s,s
r,ix
r,axr
r,w
dh,dh
en,ng
ow,ow
l,q
ae,ae
v,n
l,w
ay,ay
iy,iy
ay,ay
w,w
tcl,tcl
oy,oy
dcl,tcl
aa,q
en,l
r,r
n,dx
en,n
dx,dx
dx,ix
l,l
el,l
sh,ch
z,z
sh,sh
gcl,axr
l,r
n,n
s,sh
ao,ah
z,s
pcl,pcl
tcl,tcl
ax,l
ax,ix
dcl,dx
aa,ay
k,t
n,n
ix,ix
n,n
ix,eh
bcl,tcl
aa,aa
v,dh
ax,ax
v,v
eh,eh
k,k
z,z
ux,iy
l,l
axr,axr
aa,ao
el,l
eh,eh
pcl,tcl
ow,aa
axr,axr
ow,ao
iy,y
gcl,d
ay,ay
m,n
ae,ae
ao,ao
tcl,tcl
ux,n
ax,ix
eh,eh
y,ix
eh,aa
kcl,kcl
f,f
ux,ey
ao,q
s,s
tcl,q
ix,ix
r,er
ey,ih
ae,ae
r,r
aa,aa
r,r
aa,aa
dcl,dcl
n,m
ix,ix
z,sh
ah,eh
ay,aa
aa,aa
tcl,tcl
m,m
ae,ae
ix,ix
ih,ey
s,s
tcl,kcl
dcl,tcl
k,t
w,m
hv,hv
ux,ux
pcl,tcl
r,r
iy,iy
ao,ao
ow,ao
l,ah
z,s
s,s
axr,ah
dcl,dcl
pcl,tcl
dh,dh
v,w
s,z
k,k
ix,ix
aa,aa
ng,n
gcl,dcl
r,r
s,s
iy,iy
gcl,dcl
dcl,dcl
s,sh
z,z
q,q
t,t
d,tcl
s,s
dcl,dcl
p,hh
sh,sh
kcl,tcl
hh,ix
ix,ax
r,r
tcl,q
ah,ah
ey,ey
dcl,tcl
iy,iy
ah,ow
eh,eh
z,s
ey,ey
el,ow
axr,ih
iy,ey
iy,ix
eh,ah
pcl,tcl
tcl,tcl
ao,ao
bcl,dcl
ao,ao
th,tcl
sh,sh
l,l
pcl,tcl
aa,aa
q,ix
n,dx
n,n
hv,hv
dx,dx
gcl,dcl
ae,eh
k,tcl
f,sh
kcl,tcl
tcl,tcl
er,er
kcl,tcl
ae,ae
tcl,tcl
ao,oy
r,r
ix,ix
kcl,tcl
aa,er
iy,ih
eh,ix
gcl,dcl
ey,eh
eh,ih
q,q
ix,ix
ax,ah
ax,ax
s,s
tcl,tcl
t,t
aa,aa
ng,m
ax,ix
kcl,tcl
er,er
r,r
ix,ix
dx,q
axr,axr
l,uw
er,axr
m,m
ix,ix
t,jh
n,ix
v,w
s,s
ix,ix
dh,f
p,k
f,f
ay,eh
ao,ao
s,s
ah,ah
m,m
n,n
k,k
axr,eh
ix,ih
ih,ix
aa,ae
jh,jh
f,f
l,l
z,z
t,t
l,l
m,v
sh,sh
oy,oy
m,n
n,n
s,s
ix,ix
v,dh
dcl,tcl
t,dh
s,z
p,p
ix,ix
iy,iy
dcl,dcl
ao,w
jh,tcl
z,sh
ih,ix
k,tcl
ch,sh
ey,ey
ih,ih
r,r
axr,ao
eh,eh
eh,ae
ey,ix
m,m
ix,ix
tcl,tcl
tcl,tcl
w,w
l,l
ey,ih
hv,q
kcl,tcl
p,k
dcl,dcl
bcl,dcl
q,l
eh,ih
n,ng
axr,ix
v,v
g,k
l,ah
axr,r
bcl,dcl
bcl,tcl
ih,ax
ow,ow
gcl,tcl
dcl,dcl
ih,ih
tcl,tcl
ow,aa
l,eh
k,k
ax,ix
s,s
g,g
uh,ih
eh,eh
l,el
w,w
n,n
iy,n
iy,iy
aa,ae
r,r
k,k
hv,hv
dx,dx
ao,ao
pcl,tcl
tcl,tcl
w,ax
ih,iy
s,z
n,tcl
m,n
iy,iy
axr,r
ax,ax
y,y
tcl,kcl
oy,ow
dx,dx
ix,ix
ih,ih
w,w
w,w
p,dh
v,q
eh,ix
v,n
z,s
z,z
sh,s
ax,ax
er,ih
dx,ix
kcl,tcl
iy,iy
t,t
ih,iy
g,q
s,s
th,f
l,q
ae,ae
ae,ae
iy,iy
r,r
s,s
ae,ae
iy,iy
uh,ih
aw,ao
y,y
ih,iy
ay,ay
ix,ix
n,ix
dh,dh
sh,sh
t,t
iy,ih
eh,eh
r,r
r,r
dh,dh
dcl,tcl
k,k
r,axr
iy,iy
g,k
axr,axr
ay,aa
axr,ix
ax,ax
ix,ix
aa,ay
f,f
ae,ae
tcl,tcl
z,z
tcl,tcl
m,n
axr,axr
r,r
m,n
iy,ey
ah,aa
s,s
tcl,kcl
l,l
ey,iy
uh,ax
axr,r
ey,iy
iy,iy
r,r
tcl,n
z,s
ix,ix
tcl,tcl
r,r
uh,ah
iy,iy
n,n
ey,ey
dx,ix
er,er
iy,iy
ae,ae
r,r
pcl,tcl
ey,ey
d,d
aa,aa
ao,ah
ch,ch
s,s
ao,ao
ey,ey
w,w
t,t
iy,iy
tcl,tcl
n,n
l,iy
ax,ax
axr,aa
ay,ay
ax,ax
ae,ae
iy,iy
ae,eh
axr,axr
k,k
n,ix
w,w
ih,ih
m,m
z,z
ax,ax
s,s
tcl,tcl
eh,ix
iy,iy
r,r
f,f
eh,aa
dx,jh
y,ix
ux,ux
ey,iy
ux,ux
m,n
ay,ay
q,w
axr,axr
ae,eh
ax,ix
el,ao
w,r
ix,ix
axr,ix
er,axr
ix,ix
n,ix
r,r
q,q
s,s
ao,ng
l,l
ae,ae
q,dx
kcl,tcl
ng,ax
ah,ao
ay,ae
k,dh
ih,iy
ih,iy
m,n
n,l
w,w
kcl,tcl
k,k
y,ih
uh,l
tcl,tcl
ix,ix
ix,ih
t,tcl
z,z
aa,ao
ix,ix
oy,oy
z,s
ix,ix
dh,l
q,dcl
ix,ix
q,q
tcl,v
s,s
r,r
z,z
p,p
hv,ix
ix,eh
axr,axr
q,q
n,n
v,v
el,el
iy,iy
iy,iy
ae,ae
iy,iy
hv,dcl
r,ax
m,n
tcl,tcl
pcl,tcl
eh,ay
r,axr
m,m
m,m
iy,iy
hv,hv
l,l
iy,iy
s,s
ao,ao
ey,eh
ah,eh
th,f
ux,ux
ae,ae
axr,axr
l,l
l,l
hh,sh
tcl,dcl
ix,ix
n,dcl
iy,iy
eh,ae
ey,ih
tcl,tcl
w,w
aa,aa
tcl,tcl
dcl,dcl
dcl,dcl
l,ax
s,s
v,tcl
ow,ao
ae,ae
tcl,pcl
n,n
f,f
iy,iy
tcl,dcl
iy,iy
k,k
aa,ao
en,n
gcl,tcl
tcl,tcl
r,r
eh,ax
sh,sh
n,ix
ih,iy
y,y
ix,ix
l,l
ix,ix
ch,ch
n,m
v,v
bcl,bcl
ih,ix
aa,aa
ux,ix
ch,s
z,z
dx,dx
z,z
ih,ih
ih,ih
ih,ax
ih,eh
r,q
q,q
ae,ey
ax,ix
dx,dx
w,w
ae,ae
hh,v
r,ix
ae,ae
ih,iy
z,jh
pcl,tcl
ow,ao
en,n
l,l
iy,iy
th,f
eh,eh
ax,ix
er,er
ix,ix
n,v
t,jh
aa,ao
p,p
ax,ix
ix,ix
aa,aa
n,ng
n,ng
r,r
ow,ae
s,ch
ix,ix
s,z
ix,ix
pcl,tcl
s,s
nx,n
n,ix
s,s
nx,ix
ih,iy
y,ix
sh,sh
ao,ow
iy,iy
n,v
dh,tcl
ix,ix
z,z
dcl,dcl
tcl,dcl
g,t
y,iy
iy,iy
z,ch
iy,ix
r,r
r,r
b,tcl
s,s
s,s
nx,q
ih,ey
bcl,dcl
r,r
ae,eh
f,f
ah,ix
r,r
v,dcl
eh,eh
s,s
l,w
dh,t
kcl,kcl
n,n
ix,ix
dcl,dcl
ix,iy
nx,nx
gcl,n
dh,v
w,w
iy,iy
ih,ae
nx,n
ix,ix
z,s
t,t
axr,r
ey,iy
pcl,tcl
eh,eh
axr,axr
tcl,tcl
m,w
pcl,tcl
iy,iy
dx,tcl
p,p
ax,ao
ay,ay
nx,n
en,n
axr,axr
kcl,tcl
ae,ay
nx,n
ax,v
s,s
q,q
er,er
dcl,dcl
f,ch
kcl,kcl
d,jh
ix,ix
eh,axr
n,l
l,q
ey,ih
ae,eh
n,dcl
jh,jh
s,s
w,l
el,l
ah,ow
ay,ao
s,s
dcl,dcl
w,w
ux,ux
axr,axr
f,f
n,n
er,ow
sh,jh
el,w
sh,sh
tcl,tcl
q,q
w,w
m,m
ae,eh
ix,ix
q,hv
m,n
iy,iy
l,l
ix,ix
ah,ix
iy,ng
s,s
gcl,dcl
t,jh
aw,ae
iy,iy
axr,r
ow,ow
n,n
n,n
er,eh
pcl,tcl
bcl,dcl
pcl,tcl
ix,ix
gcl,dcl
w,w
l,q
v,dh
ix,ih
ih,iy
l,l
r,r
m,bcl
ax,ax
ae,eh
m,n
l,l
gcl,v
tcl,pcl
dh,dh
z,z
ow,eh
ix,ax
dx,ix
kcl,tcl
iy,ih
w,w
z,z
z,s
ux,ix
r,r
ae,ae
p,k
v,n
ix,eh
pcl,bcl
m,m
s,s
ax,ax
ih,ix
k,k
ix,ix
axr,q
t,t
n,n
ix,ix
sh,sh
dx,t
r,r
kcl,tcl
tcl,tcl
ow,ow
kcl,g
r,r
ae,ae
tcl,dcl
d,tcl
n,q
ih,ih
w,ax
axr,er
axr,r
ey,ae
tcl,bcl
ng,m
n,ix
y,y
eh,ix
ao,ao
s,s
iy,iy
ah,ow
eh,ow
ix,ux
ae,aa
ux,iy
p,p
q,q
p,p
iy,ix
ao,aa
v,n
el,l
ow,ae
n,n
eh,ae
r,ih
ng,dcl
m,n
q,q
ix,ix
kcl,tcl
q,q
axr,axr
ix,ix
s,s
n,n
ax,ah
l,l
ax,ix
ih,ix
ih,axr
kcl,tcl
ah,aa
ah,ah
ow,ow
r,r
eh,ix
s,z
l,l
ey,eh
axr,axr
ix,ix
iy,iy
t,ch
ay,ay
ae,ae
oy,oy
uw,uw
dx,nx
ao,ow
ay,ay
uh,eh
f,f
l,l
dcl,tcl
m,v
ix,ix
tcl,tcl
ng,ng
ae,ae
ow,eh
ih,eh
ix,ix
y,n
l,l
ng,n
ix,l
n,n
ax,ah
n,n
l,l
kcl,kcl
n,ix
l,ix
sh,sh
r,r
f,f
m,m
z,z
ix,eh
iy,iy
d,d
ih,ix
axr,axr
r,aa
g,t
ix,ix
f,f
n,ix
g,k
n,ix
w,w
tcl,tcl
ih,eh
w,w
axr,axr
g,k
tcl,f
ao,l
n,n
tcl,dcl
z,z
ux,ux
jh,jh
r,ax
z,z
t,t
ih,iy
eh,eh
iy,ey
w,w
aa,aa
ix,ax
dcl,dcl
n,n
s,s
f,f
el,el
ax,ix
eh,eh
n,n
w,w
eh,eh
ix,ix
kcl,tcl
w,w
l,l
pcl,tcl
k,k
kcl,pcl
ow,l
kcl,tcl
l,r
gcl,v
s,s
ah,aa
uw,l
eh,eh
th,f
ix,ix
s,s
dcl,bcl
iy,iy
tcl,tcl
iy,ix
n,n
n,n
kcl,tcl
tcl,tcl
pcl,tcl
ix,iy
ih,ah
n,dx
ih,ix
tcl,tcl
l,w
ix,ix
ax,ax
zh,jh
r,axr
tcl,q
f,f
l,aa
r,ax
r,axr
q,ix
iy,iy
oy,oy
ax,ax
ix,ix
r,axr
m,v
ah,ix
axr,axr
ah,eh
ae,ae
w,w
t,t
ax,ax
tcl,tcl
dcl,dcl
r,ax
kcl,kcl
ih,ih
f,f
k,k
ih,ey
jh,jh
q,q
r,axr
z,z
t,t
bcl,kcl
s,s
y,y
n,ix
pcl,dcl
dcl,dcl
sh,sh
ao,aa
er,axr
gcl,dcl
t,q
y,iy
z,z
l,v
v,v
iy,iy
ao,ao
dh,t
ux,ix
n,n
pcl,pcl
ix,ix
m,m
l,el
d,k
dcl,dcl
aa,aa
ux,ix
v,l
l,l
f,f
ux,iy
q,q
ux,ih
ix,ix
aa,ao
ih,eh
bcl,tcl
hh,p
g,k
ah,ax
ix,ix
r,r
r,r
f,t
n,n
p,f
ih,ih
eh,ix
t,t
ix,ix
er,axr
ow,ah
t,t
axr,er
axr,r
v,v
ux,iy
ae,ae
k,k
r,aa
sh,sh
ih,l
iy,ix
dcl,dcl
eh,axr
dh,tcl
ae,ey
r,r
n,ng
iy,y
ux,ux
pcl,kcl
s,s
pcl,bcl
gcl,dcl
ih,ih
z,z
n,n
n,n
uw,ix
s,s
t,s
z,z
iy,ih
n,dcl
v,dh
ae,ae
sh,sh
sh,sh
t,jh
ay,ay
pcl,pcl
kcl,tcl
hv,l
l,r
m,m
s,s
iy,ix
n,n
t,t
g,k
w,l
k,q
ix,ix
dcl,dcl
iy,ih
y,y
q,ao
dh,dh
axr,ax
l,axr
z,s
m,n
r,ao
l,l
p,q
tcl,tcl
m,dh
ae,ae
ow,eh
dh,f
hv,hv
kcl,tcl
aa,ae
aw,er
ux,gcl
l,ay
oy,ae
iy,iy
iy,iy
iy,iy
ae,eh
s,s
t,t
sh,sh
ay,ae
g,k
v,n
dcl,dcl
ow,ow
s,s
n,n
iy,iy
f,f
ix,ix
tcl,tcl
iy,iy
tcl,tcl
n,ng
r,r
ow,ao
sh,ch
ae,ae
y,y
ey,ey
hv,l
ao,ao
dcl,dcl
n,n
ao,ao
s,s
aa,ao
dh,dh
ix,iy
dx,dh
ao,ao
n,n
sh,sh
ae,ae
ah,ah
ax-h,tcl
pcl,tcl
tcl,dcl
sh,sh
n,n
l,w
l,ow
ow,ow
ax,l
w,w
bcl,bcl
tcl,tcl
r,r
iy,iy
s,jh
g,g
w,l
r,r
ix,ix
iy,iy
m,n
ih,ih
ih,ih
ae,ae
aa,aa
l,el
m,m
ix,ix
s,s
m,n
er,er
r,uw
iy,iy
t,jh
ix,ix
kcl,tcl
iy,iy
n,gcl
w,l
tcl,tcl
s,th
ay,ay
eh,eh
iy,iy
eh,ae
eh,r
ow,ow
ih,ix
t,t
tcl,ax
l,l
y,y
n,n
r,r
t,d
tcl,tcl
eh,ah
ih,ah
dx,dx
d,k
p,dh
th,dh
kcl,pcl
s,s
jh,jh
eh,eh
iy,iy
ae,ae
tcl,tcl
ux,iy
l,w
q,q
er,er
tcl,tcl
ao,ao
iy,ix
w,l
ey,ey
tcl,tcl
en,ix
f,f
dcl,dcl
ux,ux
t,t
r,r
l,l
f,f
n,n
ax,ax
kcl,tcl
dh,tcl
pcl,dcl
ae,ae
l,l
v,n
k,k
l,w
ux,ux
ao,w
ix,ix
ax,ax
dcl,dcl
ux,iy
r,n
q,iy
ey,er
aa,aa
g,k
ah,ax
ih,ow
q,ix
kcl,kcl
em,n
l,ih
s,sh
uh,ax
ao,ao
ix,iy
s,s
ow,ao
tcl,tcl
m,m
dx,dx
eh,ae
f,f
pcl,tcl
ix,ix
t,t
f,f
ix,ix
tcl,k
sh,sh
iy,iy
ae,eh
ow,axr
axr,r
er,axr
l,l
s,s
z,jh
l,ao
th,z
sh,sh
ih,ih
ih,ix
ng,n
kcl,kcl
s,s
n,ix
eh,ae
bcl,kcl
s,s
ih,ey
q,q
ng,n
f,f
ae,ae
t,t
n,ix
axr,axr
kcl,pcl
s,s
axr,ix
n,n
ax,ix
ix,ix
n,n
g,k
q,q
ux,iy
w,w
r,ay
ih,ih
ao,ao
n,n
aa,ao
k,kcl
eh,eh
s,s
kcl,tcl
iy,ix
k,k
ow,ey
ey,ey
r,r
t,f
ix,ix
ax,ax
kcl,kcl
w,w
sh,sh
ao,ao
ih,iy
s,s
th,th
ix,ix
dcl,n
dcl,tcl
w,w
ao,ao
axr,axr
k,k
s,z
iy,iy
nx,dx
m,n
iy,ix
aa,ao
ax,ix
t,t
iy,iy
uh,ax
en,n
iy,iy
ow,eh
k,k
tcl,pcl
dh,dh
m,n
axr,er
iy,iy
n,n
ae,ae
ch,ch
ae,ae
q,w
tcl,tcl
eh,eh
tcl,tcl
tcl,tcl
tcl,tcl
ey,ey
iy,ix
iy,iy
hv,hv
ix,ix
l,l
axr,r
kcl,kcl
ow,ax
s,s
ix,ix
t,t
sh,s
aa,aa
ae,ae
r,r
m,axr
t,tcl
r,ax
n,n
m,m
l,l
eh,eh
q,q
ix,ix
f,f
ao,q
ao,w
tcl,kcl
ix,ix
k,k
kcl,tcl
r,r
pcl,tcl
ey,ey
kcl,tcl
ae,ae
ix,ix
s,s
ae,ae
f,f
ae,eh
iy,iy
g,q
l,ix
v,t
m,l
ng,m
l,l
n,q
iy,ih
kcl,kcl
axr,axr
aa,aa
axr,r
ax,ax
tcl,tcl
s,s
dh,v
r,eh
n,n
q,q
ux,ax
l,l
r,ix
hv,hv
kcl,tcl
t,t
p,p
ao,w
ax-h,v
tcl,kcl
ix,ix
kcl,tcl
k,k
g,g
tcl,tcl
t,t
sh,sh
ey,iy
ah,ah
ow,ow
ae,eh
ix,ix
eh,ih
s,z
tcl,dcl
q,dcl
s,s
v,dh
pcl,tcl
r,axr
r,r
bcl,dcl
tcl,tcl
t,k
bcl,dcl
dcl,dcl
eh,ae
r,r
ow,ow
n,n
s,s
eh,aa
ay,ae
v,bcl
eh,eh
dx,dx
s,s
v,z
w,w
s,s
v,v
p,dh
uh,l
ow,ao
eh,ix
z,s
s,s
sh,sh
ix,ix
r,r
s,s
s,s
ix,ix
s,s
k,k
axr,axr
d,t
jh,jh
bcl,tcl
w,w
ao,ao
r,r
kcl,tcl
m,n
dh,t
f,f
aa,aa
kcl,kcl
s,s
ih,eh
k,g
iy,ix
ah,aa
ae,ae
pcl,tcl
n,n
dx,l
l,l
en,ax
ax,ix
g,q
t,t
d,k
gcl,dcl
t,tcl
ah,l
l,m
ey,ey
dh,dh
ih,ih
aa,ao
m,n
s,s
s,s
ix,ix
ix,ax
dx,q
sh,sh
w,l
f,f
t,t
ix,ix
aa,aa
tcl,tcl
s,s
ao,ao
l,tcl
d,t
n,n
dcl,dcl
n,n
m,hv
m,n
k,tcl
tcl,tcl
ao,w
axr,ix
v,hh
eh,ae
ow,ow
kcl,tcl
ih,r
k,k
ih,iy
aa,ay
s,z
k,k
r,r
ow,ow
s,s
ey,ix
g,v
r,r
em,axr
ih,ih
iy,iy
en,ax
ah,ah
f,f
q,q
aa,aa
ih,iy
th,th
ae,ae
tcl,tcl
oy,oy
gcl,ix
n,n
nx,dx
ao,aa
hv,q
ah,ah
jh,ch
r,r
n,ng
hv,hv
axr,r
tcl,tcl
g,g
k,k
n,n
ux,ix
axr,axr
t,t
ix,iy
w,w
dh,t
axr,axr
ix,eh
bcl,pcl
ix,ix
n,n
sh,sh
dh,tcl
ao,l
er,r
k,kcl
dh,ix
v,v
s,s
l,l
ih,iy
n,n
sh,sh
aa,ae
aa,aa
k,k
ih,ih
z,s
ao,w
dh,dh
aa,ae
r,r
ix,ih
dcl,dcl
k,k
tcl,tcl
l,ax
ix,axr
iy,y
ah,eh
s,s
q,q
uh,ix
ae,eh
sh,sh
gcl,tcl
q,q
ao,aa
r,eh
n,n
nx,dx
kcl,tcl
y,y
v,q
en,n
ih,ow
oy,oy
ng,iy
s,s
w,w
iy,q
sh,jh
n,n
ih,iy
ix,ih
m,dx
ih,eh
ix,eh
ah,axr
dx,dx
p,jh
f,f
ux,iy
iy,iy
l,l
ix,ix
z,z
n,q
t,k
tcl,kcl
iy,ey
bcl,dcl
r,r
dcl,dcl
ax,ax
iy,ih
ax-h,tcl
ow,l
iy,iy
ih,ix
ix,ix
kcl,tcl
axr,ih
ux,ix
n,n
kcl,pcl
ih,ix
ah,aa
ix,ix
dx,q
jh,jh
t,q
bcl,dcl
tcl,tcl
n,ng
ao,ao
ix,eh
r,axr
ae,ae
q,q
k,k
oy,oy
r,axr
s,s
m,n
s,s
r,r
iy,ix
tcl,dcl
m,m
gcl,dcl
kcl,tcl
dcl,dcl
dh,dh
q,q
l,l
hh,hh
k,tcl
jh,ch
nx,n
ix,ix
tcl,bcl
s,s
l,w
er,axr
ah,q
m,m
ix,ix
ah,eh
s,z
t,k
n,n
r,r
ih,ow
ix,ix
bcl,dcl
n,n
r,r
w,w
k,t
uh,ao
kcl,kcl
n,n
r,r
ix,ix
s,sh
k,k
s,s
l,l
er,axr
k,k
tcl,tcl
r,r
jh,jh
tcl,tcl
l,l
jh,jh
k,k
k,k
s,s
ix,axr
l,l
ih,ix
dcl,tcl
z,z
tcl,tcl
ix,ix
z,z
n,n
el,l
s,s
q,q
s,s
s,s
axr,axr
hh,tcl
ao,ao
k,k
ey,ey
dh,dh
f,f
tcl,kcl
l,l
k,k
ax,ax
ey,ey
er,eh
bcl,bcl
jh,jh
ax,ax
axr,axr
p,hh
ao,l
er,r
ix,ix
r,r
l,l
ux,ux
ix,ix
dcl,dcl
v,v
m,n
q,q
q,q
z,f
y,y
ah,l
l,w
v,r
z,t
uw,ow
z,z
s,s
bcl,dcl
y,y
ax,ax
y,ix
ey,iy
ao,ao
p,dh
ax,ah
eh,eh
ix,ix
axr,axr
p,k
t,t
r,eh
axr,ix
ay,aa
ix,ix
tcl,tcl
ay,ay
ix,ix
k,tcl
l,l
ae,ih
k,k
tcl,tcl
ih,eh
m,n
f,f
ih,iy
v,v
ix,ix
gcl,dcl
n,dcl
tcl,tcl
r,l
w,w
t,k
ih,ih
ax,ax
n,ux
t,t
hv,iy
k,k
p,p
pcl,tcl
ih,iy
n,ix
ay,ay
hh,g
tcl,tcl
eh,eh
ao,ao
iy,ix
axr,axr
ay,ay
q,q
uh,ih
er,er
dcl,bcl
ae,r
el,el
k,k
ae,ae
tcl,tcl
l,l
aa,aa
ae,ae
q,ix
dh,n
f,f
th,z
t,d
ix,ix
q,q
eh,eh
s,z
w,q
ae,ae
er,ux
k,k
w,w
z,z
dh,pcl
k,k
ih,ih
tcl,kcl
ih,iy
ix,ix
m,m
ay,aw
eh,ah
iy,iy
r,ax
r,r
ah,ao
ix,eh
iy,ix
s,s
ix,ix
p,dh
f,f
dcl,dcl
axr,axr
tcl,dcl
q,q
ow,ow
kcl,tcl
r,r
z,dh
ao,w
pcl,n
ix,ix
k,k
gcl,dcl
axr,axr
jh,jh
zh,jh
z,z
dx,q
m,n
s,s
r,ix
dcl,dcl
ae,ae
tcl,tcl
eh,ih
k,jh
s,s
z,z
v,dh
n,n
hh,dh
aw,aa
v,ix
ix,eh
iy,iy
bcl,pcl
m,tcl
ix,eh
n,dcl
en,dh
w,w
ax,ax
ng,n
ae,ae
iy,ix
ey,ey
dh,d
s,s
gcl,gcl
s,s
eh,er
s,s
ow,ow
ae,ae
l,l
sh,sh
ae,ae
ah,ah
em,hv
hh,dh
r,dx
iy,iy
n,q
f,f
ux,ix
dh,dh
ih,ih
ah,ah
m,n
dh,tcl
ih,ix
pcl,kcl
v,v
l,l
s,z
p,f
f,f
pcl,pcl
p,dh
ng,n
dcl,tcl
ih,ix
l,w
ow,ow
n,ix
z,s
pcl,pcl
kcl,tcl
iy,iy
n,m
p,p
ay,aa
n,n
ah,ah
ix,ix
n,n
s,jh
sh,sh
oy,aa
d,kcl
ax,ix
tcl,tcl
y,y
s,s
tcl,tcl
ey,ey
m,n
v,f
ix,r
l,l
eh,ae
v,dcl
ow,ow
w,w
axr,eh
iy,iy
dcl,tcl
dx,n
n,axr
f,f
eh,eh
ay,ay
z,z
z,z
tcl,kcl
ix,ix
kcl,tcl
eh,eh
axr,r
l,w
ix,ix
g,k
nx,dx
v,v
gcl,dcl
ih,ix
ih,ix
l,ao
ch,ch
tcl,tcl
n,n
tcl,ix
kcl,tcl
aa,aa
oy,ao
ix,ix
ih,ix
k,k
iy,iy
ow,ix
gcl,dcl
eh,ah
iy,iy
pcl,pcl
ae,ae
r,r
pcl,tcl
iy,ey
sh,ch
kcl,tcl
ax,r
n,n
n,n
ax,ax
tcl,tcl
iy,iy
dcl,dcl
gcl,dcl
ng,w
v,v
iy,iy
er,axr
n,n
n,n
kcl,pcl
g,k
dh,dh
dcl,tcl
z,s
sh,sh
s,s
em,n
k,k
r,r
ix,ix
n,n
r,r
ao,ao
nx,dh
em,n
s,s
axr,axr
f,f
q,l
iy,iy
tcl,tcl
iy,ix
kcl,tcl
kcl,tcl
y,y
ao,ow
s,s
sh,sh
dcl,bcl
kcl,tcl
f,f
kcl,tcl
ay,ae
aa,aa
ah,ah
k,kcl
ao,ae
ae,ae
l,ix
ih,ix
ih,ih
dcl,tcl
iy,iy
dcl,bcl
m,w
r,q
en,n
dcl,dcl
n,n
w,w
iy,iy
m,l
pcl,tcl
p,th
ux,iy
ae,ae
n,bcl
t,t
iy,iy
axr,ix
p,t
dh,dh
iy,iy
ux,iy
ah,ah
hh,q
l,l
kcl,tcl
aa,aa
r,r
v,w
r,r
t,jh
s,s
eh,ae
l,l
p,g
kcl,tcl
n,uw
ix,ix
jh,jh
eh,eh
ao,ao
w,w
aw,ae
eh,ae
tcl,tcl
tcl,tcl
ae,ae
aa,aa
dcl,dcl
axr,g
dx,r
gcl,dcl
ch,sh
iy,ih
f,f
ih,ih
y,y
ux,iy
l,l
t,t
dh,tcl
k,k
gcl,dcl
f,s
n,n
aa,aa
s,s
tcl,tcl
ix,ix
ih,ix
kcl,tcl
ix,ix
m,m
s,sh
t,tcl
oy,oy
axr,axr
pcl,tcl
t,t
ae,ae
r,r
sh,ch
s,s
bcl,dcl
ah,eh
ah,ay
l,l
ey,ey
ux,eh
n,n
w,w
axr,ax
s,s
f,f
n,n
s,s
dcl,dcl
axr,r
el,el
v,r
nx,v
ah,aa
ix,ix
r,n
n,n
ix,iy
ix,dx
ih,ih
l,w
ae,eh
n,dcl
kcl,tcl
ao,ah
ah,ah
iy,iy
hv,y
axr,axr
d,t
hh,hh
r,r
axr,r
k,k
hh,k
aa,aa
m,r
r,r
ae,ae
l,ow
n,n
sh,sh
dh,dh
jh,sh
f,f
ay,ay
m,m
ix,ih
ah,l
sh,sh
q,ax
s,s
n,n
kcl,tcl
s,s
l,w
kcl,tcl
kcl,tcl
r,r
kcl,tcl
q,q
r,r
aa,aa
bcl,bcl
z,s
ix,ix
ix,iy
f,t
dx,w
r,r
iy,ih
l,l
q,q
l,w
q,q
m,n
tcl,tcl
s,s
ix,axr
er,er
r,r
m,n
n,ix
iy,iy
ah,axr
ax,l
kcl,kcl
w,w
ux,ix
m,n
s,s
gcl,dcl
tcl,tcl
l,l
m,n
kcl,pcl
er,er
eh,r
s,z
jh,jh
ix,n
dcl,dcl
aa,ae
aw,aa
iy,ih
er,axr
ae,ae
ah,eh
ae,ix
q,ax
w,w
ix,ix
k,q
iy,iy
dx,dx
ix,ix
ao,aa
ao,ao
ah,ae
kcl,kcl
q,bcl
q,r
ay,aa
er,er
er,r
n,n
n,gcl
y,y
ae,eh
r,axr
ch,ch
axr,ix
eh,ax
d,ix
k,k
f,f
ae,ae
tcl,kcl
ih,ix
eh,ix
th,t
s,s
hh,jh
g,g
s,s
f,f
s,s
r,r
axr,axr
aa,r
uh,ix
axr,er
ah,ao
f,f
ix,ix
k,d
ih,iy
ix,ix
b,k
bcl,n
l,w
ao,ao
dx,ix
ae,ae
n,m
ix,dx
dcl,dcl
r,eh
l,l
k,k
s,s
tcl,tcl
v,m
ao,ao
q,q
ix,ix
g,k
l,w
r,r
uh,uw
iy,iy
n,ix
axr,er
n,dcl
dcl,dcl
s,s
ix,ey
kcl,kcl
t,z
l,w
kcl,tcl
dcl,dcl
y,y
q,q
ih,ih
ix,ix
l,l
n,dx
kcl,pcl
s,s
axr,axr
dcl,dcl
w,w
ix,ix
en,q
ix,ix
iy,iy
ih,ux
ih,y
jh,jh
kcl,tcl
nx,dx
ow,l
dh,tcl
tcl,q
ae,ae
eh,eh
w,l
t,d
iy,iy
axr,ix
ah,ae
l,l
n,n
ih,ix
s,jh
ae,aa
dcl,n
tcl,kcl
n,ix
dcl,dcl
n,n
hh,tcl
s,s
ax,l
ah,eh
ih,iy
q,q
d,q
en,axr
m,dx
t,t
axr,axr
y,dcl
axr,axr
dcl,dcl
r,r
r,r
dh,n
er,er
n,n
v,dcl
s,s
iy,iy
ao,r
axr,m
eh,ae
p,p
ae,ae
ih,ix
er,axr
ix,ix
t,t
n,n
pcl,tcl
dcl,dcl
sh,sh
d,dx
nx,n
k,k
tcl,tcl
gcl,dcl
n,n
ih,ey
ey,ey
ae,ae
ix,axr
n,n
ay,aa
iy,iy
q,tcl
uw,uh
iy,iy
z,jh
l,w
t,ch
l,l
kcl,tcl
s,s
tcl,kcl
t,k
dcl,dcl
pcl,tcl
t,k
q,ix
ux,ix
f,f
f,z
v,v
s,s
dh,ix
r,w
aw,q
d,t
t,t
axr,axr
ux,ix
ux,iy
q,q
aa,aa
ix,ix
ax,ax
q,q
f,f
d,ix
ae,ae
bcl,dcl
ix,v
m,n
bcl,dcl
w,q
ix,ix
k,hh
iy,iy
ax,ix
l,l
l,l
q,ix
aa,aa
bcl,dcl
ah,ah
kcl,kcl
z,z
ix,ix
z,z
ae,ae
hh,d
ix,ix
ih,ih
ae,eh
z,z
ih,ih
l,ax
bcl,dcl
th,tcl
ax,r
pcl,pcl
ae,ae
w,ao
iy,ix
ux,iy
aa,r
n,n
ih,l
ih,ix
ao,aa
dcl,tcl
dh,dx
v,dh
dh,dh
kcl,kcl
k,k
r,n
ow,ao
s,z
ae,eh
s,s
p,g
f,f
iy,y
z,z
iy,iy
tcl,tcl
y,y
ay,aa
t,t
m,m
t,t
p,dh
eh,eh
z,z
aa,axr
l,el
q,q
ow,ae
ax-h,ix
hv,ix
eh,ah
s,s
gcl,r
nx,ix
ow,ow
ay,ae
eh,aa
kcl,tcl
p,dh
ux,ih
d,dh
er,r
axr,ix
iy,iy
ih,r
axr,r
uh,ih
ao,ao
q,q
tcl,tcl
q,q
ix,ix
k,k
ae,ae
jh,ix
ix,ix
l,ix
n,n
f,f
pcl,dh
kcl,kcl
axr,r
ow,w
w,l
s,s
n,n
gcl,q
axr,ix
s,s
hh,hh
b,dh
tcl,dx
s,s
dx,dcl
eh,eh
el,l
v,n
iy,ey
gcl,dcl
q,q
iy,iy
k,k
w,w
ch,ch
ng,ng
ao,r
ih,l
ix,ix
w,w
l,l
iy,iy
s,s
bcl,dcl
ey,ey
t,t
eh,eh
w,w
z,s
m,n
iy,y
ih,ix
l,l
er,er
n,dx
ao,aa
w,w
tcl,tcl
kcl,tcl
hv,ix
ae,ae
eh,ih
axr,axr
eh,eh
iy,iy
kcl,kcl
q,n
n,n
w,w
ix,ix
iy,iy
ih,ix
dcl,dcl
m,m
iy,iy
z,z
dh,t
m,m
iy,ix
dx,n
hv,y
l,l
ae,ae
iy,iy
dcl,dcl
bcl,dcl
aw,ao
ao,aa
tcl,dcl
kcl,tcl
tcl,dx
ih,ix
s,s
ao,ao
w,w
ey,ey
hh,k
w,w
t,t
iy,iy
f,f
gcl,tcl
uh,ih
t,t
t,t
dcl,dcl
ao,aa
dh,v
axr,g
ae,ae
eh,eh
ae,ae
uh,r
f,f
ey,ey
ay,aa
ux,iy
iy,iy
ax,dcl
ix,ix
ae,ae
aa,aa
sh,sh
nx,n
iy,iy
r,r
dcl,tcl
s,s
ah,eh
ow,ao
r,r
kcl,z
bcl,bcl
dcl,dcl
s,s
z,s
f,f
uw,ow
z,s
dx,dx
el,l
er,er
ey,ih
ng,n
el,q
hh,hh
p,kcl
ix,ix
g,k
r,r
sh,sh
ih,iy
oy,oy
p,p
ih,ix
el,el
z,s
ix,ix
el,el
ih,ey
w,w
y,ix
nx,r
axr,axr
dh,tcl
p,k
eh,eh
q,ix
tcl,tcl
ih,r
d,dh
ey,ae
en,q
ao,ao
l,l
ae,ae
f,f
ix,ix
w,n
l,l
tcl,tcl
r,r
tcl,q
s,s
ax,uh
q,q
nx,dx
y,y
ax,ix
aa,aa
iy,ix
m,n
ix,iy
eh,ah
l,l
iy,iy
l,l
eh,ih
el,el
r,r
r,r
ix,ix
eh,ax
d,d
d,z
tcl,dcl
aa,aa
tcl,kcl
r,r
jh,jh
gcl,kcl
iy,ix
iy,ey
ow,ow
s,s
f,f
dh,n
n,dcl
r,r
kcl,tcl
axr,ix
n,n
iy,iy
iy,iy
t,t
n,n
el,q
jh,jh
tcl,tcl
z,z
ih,iy
hv,hv
ih,ix
ao,aa
tcl,kcl
w,q
k,tcl
k,k
dcl,dcl
ih,ih
n,n
r,r
ae,ay
s,s
axr,ix
axr,ae
eh,eh
tcl,tcl
ax-h,tcl
dx,dcl
ax,ix
l,r
f,sh
k,ch
bcl,dcl
axr,ix
axr,axr
ax,ax
eh,q
ix,ix
ax,ix
pcl,tcl
m,n
p,p
tcl,tcl
iy,iy
aa,ao
m,n
s,s
axr,er
eh,eh
q,q
f,f
l,v
tcl,tcl
n,n
s,s
r,r
ix,ix
aa,em
tcl,jh
kcl,pcl
kcl,kcl
d,tcl
dh,tcl
dh,v
kcl,tcl
kcl,tcl
aa,aa
s,s
ow,ow
d,t
th,dh
axr,axr
g,g
ax,ix
ax,eh
ax,l
kcl,tcl
ih,ey
er,axr
en,n
r,r
s,s
ay,ay
z,z
ao,ao
sh,sh
m,w
hh,hh
ao,ao
kcl,tcl
tcl,tcl
iy,ix
aa,ao
ah,aa
ax,ax
ey,ey
kcl,kcl
ae,ae
q,q
l,r
t,t
p,dh
w,w
y,iy
iy,iy
er,er
t,t
s,s
aa,r
aa,aa
z,z
kcl,tcl
ix,ix
bcl,dcl
th,f
iy,iy
gcl,v
kcl,kcl
dcl,dcl
m,n
t,d
dcl,dcl
s,s
gcl,dcl
n,q
s,s
ih,eh
iy,ix
ow,ao
tcl,tcl
iy,iy
p,dh
oy,oy
er,er
k,kcl
v,r
ey,iy
l,l
r,r
dcl,tcl
l,l
ax-h,z
iy,iy
l,w
ix,ix
axr,axr
p,dh
iy,iy
k,k
ax,r
m,n
ng,n
z,z
l,l
ow,ow
iy,iy
ae,ae
ah,ah
s,s
ix,r
l,w
r,w
y,ih
aa,aa
r,r
n,n
n,n
ix,r
ah,ax
pcl,tcl
gcl,dcl
tcl,tcl
aa,aa
s,s
w,q
p,hh
r,r
n,n
ax,ix
g,g
pcl,tcl
tcl,tcl
ay,ay
ux,ux
z,jh
iy,iy
bcl,dcl
bcl,dcl
n,ax
kcl,kcl
f,th
z,zh
l,ax
l,l
uh,ax
k,k
kcl,tcl
el,el
hh,hh
d,d
p,p
v,dcl
y,dh
kcl,tcl
r,er
iy,ix
ch,jh
ih,ih
k,k
dcl,en
v,l
z,s
uw,ow
ix,ix
l,w
hh,hh
axr,r
ao,aa
tcl,kcl
pcl,dh
ae,ae
r,r
ix,ix
ix,ax
iy,iy
ix,ix
iy,iy
dh,dh
z,z
bcl,dcl
axr,er
v,v
eh,ih
aa,aa
ae,ae
dcl,tcl
m,n
w,w
eh,r
ow,q
er,er
er,ih
k,k
sh,sh
r,r
w,w
ah,ix
tcl,tcl
ow,ao
ix,ax
iy,iy
tcl,dh
uw,ow
ae,ae
iy,ix
tcl,tcl
m,n
ix,ix
k,k
k,k
n,hv
m,n
w,w
er,axr
hv,hv
k,k
n,n
ay,ae
l,ix
axr,axr
s,s
ax,eh
r,r
v,v
m,n
iy,ix
hv,q
r,r
ix,ix
n,n
eh,ae
f,f
iy,ih
iy,iy
gcl,dcl
k,k
t,jh
w,w
s,s
hv,w
ow,ow
tcl,tcl
ih,ih
g,g
axr,axr
ah,ah
ix,ix
q,q
s,s
aa,er
iy,ey
ng,n
v,dcl
pcl,tcl
s,s
z,z
aa,aa
ae,ae
iy,iy
ow,ow
k,q
z,s
m,m
m,m
n,n
ay,ae
el,el
dx,q
ao,ao
iy,iy
l,l
b,w
k,k
r,r
er,axr
uw,uw
f,f
ix,ix
dcl,dcl
f,f
axr,er
dcl,dcl
p,p
ao,ao
t,t
ao,ao
tcl,tcl
dcl,dcl
kcl,gcl
iy,iy
z,s
v,dh
z,s
ix,ih
t,t
ax,ax
w,w
s,z
m,n
dh,d
ah,ao
ix,ix
t,k
ix,iy
m,m
ae,eh
ey,ey
ax,ix
iy,iy
t,t
th,f
ix,ih
n,ix
m,bcl
tcl,tcl
k,k
p,t
pcl,tcl
ay,aa
ay,ah
iy,iy
z,z
oy,aa
kcl,tcl
ix,ix
y,iy
v,dx
k,g
m,q
r,r
ah,ah
n,dcl
s,s
q,q
gcl,dx
en,n
ix,ix
ay,ay
s,s
v,dcl
n,n
en,iy
er,er
l,w
ah,ow
r,axr
ng,n
v,n
tcl,tcl
m,n
w,w
ey,ae
f,f
kcl,tcl
ey,eh
t,dh
iy,iy
l,l
n,n
ao,ao
hh,p
k,k
er,axr
tcl,tcl
tcl,tcl
ah,axr
ow,ow
axr,axr
tcl,kcl
gcl,dcl
q,q
kcl,kcl
z,z
ax,l
r,r
l,l
th,dh
pcl,tcl
dcl,tcl
s,s
n,n
pcl,pcl
z,z
r,r
ix,iy
s,s
ih,ih
dx,dx
aa,aa
ix,iy
ae,ae
ae,ae
jh,jh
ah,ah
dh,dh
l,ow
kcl,kcl
r,axr
kcl,tcl
tcl,tcl
s,s
q,q
ix,ix
n,l
bcl,bcl
iy,iy
ix,ix
uh,ih
s,s
er,r
kcl,tcl
hv,w
sh,sh
m,n
ay,ay
eh,ey
ix,ix
m,gcl
iy,iy
ay,ay
ix,ax
n,n
r,r
dcl,dcl
g,k
iy,iy
aa,ao
l,ax
dcl,dcl
m,m
bcl,m
l,l
kcl,kcl
z,z
ng,ng
d,tcl
f,f
s,s
ay,ay
r,er
aa,aa
er,r
er,axr
bcl,tcl
w,w
aa,aa
kcl,tcl
k,tcl
aa,aa
ae,ae
l,l
r,ix
ay,ay
n,n
ix,ix
pcl,bcl
ax,ix
w,w
q,q
w,w
axr,ih
y,y
n,n
kcl,tcl
s,s
k,k
kcl,kcl
aa,aa
m,n
r,r
kcl,tcl
kcl,kcl
q,w
ow,ow
q,q
pcl,tcl
gcl,dcl
l,q
f,f
ih,ih
ey,ey
iy,ix
iy,iy
ax,n
g,k
jh,s
eh,eh
kcl,tcl
sh,sh
ah,n
ux,uw
g,g
gcl,dcl
l,ax
bcl,dcl
k,p
w,l
ae,ae
iy,iy
th,th
z,s
pcl,tcl
m,n
ux,ux
n,n
l,l
m,n
ih,ix
ah,aa
n,n
m,ng
ao,ow
el,l
bcl,dcl
sh,sh
ae,eh
bcl,dcl
g,q
ax,ax
w,w
iy,iy
dh,dh
ax,ax
l,l
z,z
iy,ey
ae,ae
k,k
tcl,q
kcl,tcl
k,k
axr,axr
ux,iy
n,n
r,r
kcl,kcl
d,tcl
iy,iy
er,er
ah,ix
bcl,dcl
tcl,tcl
w,w
ih,ih
n,n
w,w
ah,ay
l,n
s,s
er,er
ax,dh
ay,ay
iy,ow
ih,ax
dcl,tcl
z,z
b,dx
z,ix
ax,n
n,n
dcl,dcl
ix,ix
z,z
pcl,tcl
r,r
l,ax
pcl,tcl
ae,ae
ih,ih
hv,y
oy,oy
ae,ae
l,w
s,s
ah,ax
hh,hv
w,w
z,z
tcl,tcl
r,r
ah,eh
n,n
s,s
ax,ax
dcl,dcl
axr,r
ao,ao
w,w
tcl,tcl
q,q
tcl,tcl
m,n
aa,r
n,n
z,z
ax-h,ix
axr,r
pcl,tcl
t,t
ix,ix
ax,l
sh,sh
sh,sh
ix,ix
iy,iy
r,r
gcl,dcl
t,t
k,k
r,axr
kcl,tcl
q,tcl
dh,n
ax,ix
t,t
iy,iy
el,el
ao,w
sh,sh
th,z
ey,ey
n,ix
l,w
s,s
ih,ih
ax,ix
ao,ao
ay,ae
sh,sh
dh,v
f,f
ax,ax
pcl,dcl
z,z
y,y
iy,iy
kcl,tcl
ix,ix
axr,axr
bcl,tcl
bcl,tcl
m,n
ey,ey
dcl,dcl
iy,iy
tcl,kcl
m,n
oy,oy
m,n
ao,q
ah,l
aa,aa
z,z
ae,ae
en,n
axr,er
p,hh
m,n
l,ng
iy,iy
kcl,kcl
dh,v
l,w
kcl,tcl
kcl,tcl
ux,y
kcl,tcl
z,z
f,f
s,z
ch,ch
iy,iy
gcl,dcl
ih,ih
eh,eh
ih,ih
tcl,tcl
iy,iy
s,s
g,k
ax,eh
ah,aa
en,ix
t,t
ng,n
k,k
dh,v
l,l
l,l
d,t
n,n
axr,axr
g,g
dcl,tcl
s,s
n,n
iy,iy
eh,er
q,pcl
ih,ih
r,axr
s,sh
kcl,tcl
ao,ao
tcl,tcl
z,z
n,ix
ux,ux
eh,eh
n,n
ax,l
l,l
t,t
bcl,bcl
er,er
w,w
s,s
m,n
ae,ae
k,k
n,dcl
er,ae
z,z
s,s
axr,axr
eh,ae
tcl,tcl
ae,ae
ow,ux
axr,ax
pcl,pcl
ae,ae
er,axr
k,d
w,w
r,ix
iy,iy
k,k
dcl,dcl
eh,r
v,dh
ih,ix
q,q
hh,ng
s,s
ao,w
k,k
y,y
ax,ax
ah,ae
en,dcl
er,er
y,y
ae,ae
dcl,dcl
tcl,tcl
eh,ix
z,s
kcl,tcl
s,s
l,el
s,s
tcl,tcl
kcl,kcl
p,dh
t,t
ay,ay
oy,oy
kcl,tcl
ae,ae
ih,iy
ae,ae
aw,ae
kcl,kcl
dcl,dcl
bcl,dcl
ey,ae
y,ix
iy,iy
sh,sh
iy,iy
ah,ix
aa,aa
r,r
dcl,dcl
ae,ae
iy,iy
s,s
iy,iy
v,ax
ng,ng
dcl,dcl
ih,ix
oy,oy
p,d
dcl,dcl
jh,k
dx,ix
g,w
l,ax
l,l
ay,aa
tcl,bcl
z,z
dx,ix
s,s
ah,ix
dcl,dcl
w,w
ow,ow
sh,ch
r,ax
p,dh
dcl,dcl
ae,ae
ah,eh
ih,ih
axr,axr
t,k
ax,ax
ax,l
aa,aa
ey,ey
axr,r
kcl,kcl
bcl,dcl
l,l
oy,oy
iy,iy
r,r
m,m
ix,ix
aw,ae
l,l
ux,iy
er,er
f,f
r,r
dx,dh
ix,ix
bcl,tcl
kcl,tcl
n,n
f,t
n,n
m,m
ay,ae
f,f
kcl,tcl
s,sh
f,f
ay,ay
dcl,tcl
ae,ae
g,k
r,r
k,k
f,f
ng,n
r,er
dcl,dcl
ix,ix
v,v
iy,iy
n,n
q,q
m,n
w,ao
ix,ix
iy,iy
y,ih
gcl,n
dcl,dcl
d,tcl
eh,ix
q,q
er,er
ow,ow
s,s
dx,tcl
ix,ix
n,n
s,s
kcl,kcl
dh,z
oy,oy
dcl,tcl
axr,axr
iy,iy
w,w
tcl,tcl
q,ao
ah,eh
jh,q
ix,ix
q,q
dx,dcl
g,k
hh,tcl
ax-h,ix
aa,er
ae,ae
gcl,ix
tcl,tcl
t,t
eh,ax
v,tcl
bcl,dcl
ax,ix
er,axr
y,iy
z,f
k,q
pcl,tcl
ix,ix
w,w
axr,r
dh,t
z,z
eh,ae
r,ao
d,t
s,s
w,l
ao,ao
ax,l
s,s
l,l
pcl,pcl
s,s
s,s
k,k
dcl,dcl
dx,n
er,er
iy,iy
axr,ih
l,l
iy,ey
v,v
kcl,tcl
ae,ae
s,s
v,v
ax,ax
z,z
w,w
bcl,dcl
ao,l
tcl,tcl
s,s
z,z
ey,ey
ix,ix
ao,w
dcl,dcl
p,p
s,s
f,f
eh,ey
ae,ae
s,s
ux,ow
r,r
s,s
aa,eh
uh,ax
kcl,pcl
iy,iy
ax,aa
eh,ae
kcl,kcl
m,bcl
s,sh
iy,iy
sh,sh
w,l
r,w
s,s
f,kcl
q,l
p,p
ow,l
kcl,kcl
el,l
t,t
gcl,dcl
q,q
m,n
dcl,dx
ax,ix
kcl,tcl
m,n
dx,ix
eh,ix
ih,ix
kcl,kcl
gcl,kcl
ax,ah
k,t
w,w
w,l
r,er
gcl,dcl
ih,ih
aw,ah
n,n
kcl,tcl
kcl,kcl
d,t
r,axr
z,z
ix,ix
s,s
en,n
dcl,tcl
zh,sh
l,l
iy,iy
el,ax
r,r
ae,ae
bcl,dcl
axr,r
ao,ao
axr,er
dh,tcl
dcl,dcl
kcl,tcl
ix,ix
t,t
ao,ao
y,ix
ao,ao
t,s
ae,ae
k,tcl
ae,ae
ix,ix
k,k
eh,eh
l,w
k,k
y,y
kcl,kcl
s,s
l,l
ow,ow
g,dh
ah,ae
ux,ux
ax,q
ah,eh
ix,ix
r,aa
pcl,pcl
el,el
ay,ay
m,m
m,m
er,axr
q,q
w,w
ae,ae
k,p
t,t
l,w
t,t
ix,ix
en,ix
q,q
iy,iy
s,s
r,r
f,f
ao,ao
ae,ae
dcl,tcl
m,dcl
ax,ax
z,z
z,z
bcl,tcl
ix,ix
gcl,tcl
ng,n
eh,ae
iy,iy
ae,ae
gcl,dcl
aw,aa
ix,ix
ax,ax
w,ax
en,n
ah,ah
axr,axr
kcl,tcl
ih,ih
axr,axr
iy,ix
ih,ix
ay,aa
ch,ch
ay,ay
ax-h,z
ah,ah
q,q
iy,ix
kcl,tcl
ax,l
kcl,tcl
d,dh
ix,ax
f,f
f,f
iy,ix
n,n
sh,sh
ix,ix
ae,ae
l,l
p,p
s,s
ay,ay
tcl,tcl
g,g
q,q
tcl,tcl
ng,dcl
bcl,dcl
q,q
tcl,tcl
s,s
ah,aa
l,w
ix,ih
n,n
er,axr
n,n
r,axr
t,z
aa,aa
r,r
d,jh
ae,ae
ng,n
kcl,tcl
y,iy
gcl,tcl
dcl,dcl
l,l
eh,eh
el,ah
aa,aa
n,n
l,l
l,l
en,ix
ax,ax
n,ix
v,v
eh,ih
hh,hv
kcl,kcl
ao,aa
tcl,tcl
ng,n
pcl,tcl
v,v
aa,eh
q,q
dcl,tcl
n,n
nx,ix
s,s
f,s
y,y
ae,ae
ay,ae
eh,ae
v,dcl
s,sh
ix,iy
eh,eh
ix,ix
n,n
ax,q
ix,ix
iy,iy
ix,ix
l,l
ng,n
f,f
el,ow
l,l
ae,eh
er,er
bcl,dcl
q,r
bcl,bcl
z,z
z,z
r,ix
tcl,dcl
ix,ix
p,k
ng,n
ux,ux
m,m
s,s
dx,dx
n,n
r,v
b,dx
el,w
dx,l
r,l
pcl,tcl
k,k
ae,eh
r,ax
ng,ix
n,n
r,eh
p,p
ow,el
dcl,dcl
ix,ix
ax,ax
v,f
bcl,dcl
axr,n
ow,ow
kcl,kcl
ay,ae
ih,ih
w,w
n,dcl
g,k
v,n
k,k
axr,aa
er,er
t,t
z,z
ix,ix
iy,iy
ow,ow
n,n
l,l
m,m
r,axr
ih,iy
l,l
tcl,tcl
el,ao
r,axr
ao,ao
ix,ix
ae,ae
ae,ae
axr,r
aa,aa
s,jh
dcl,dcl
iy,iy
pcl,tcl
z,z
r,r
d,g
n,n
hv,hv
tcl,tcl
ao,ao
m,dx
ah,eh
ao,ao
w,w
z,z
s,s
sh,jh
ix,ix
s,s
ah,ix
iy,iy
ih,ih
kcl,kcl
m,n
k,g
ix,ey
tcl,tcl
aa,aa
q,q
ix,eh
w,w
kcl,tcl
iy,iy
l,q
ae,ae
axr,axr
pcl,tcl
aa,aa
aw,ow
l,l
sh,sh
t,k
l,r
s,s
f,f
n,n
bcl,bcl
uw,uw
ae,aa
ux,iy
aa,aa
g,k
kcl,tcl
iy,iy
k,tcl
sh,sh
axr,ix
ae,ae
m,w
eh,ix
kcl,n
tcl,gcl
s,s
r,r
ah,ax
ih,eh
kcl,tcl
w,ao
ah,ow
iy,iy
iy,iy
m,n
bcl,tcl
s,s
ao,ao
ey,ey
iy,iy
jh,t
ux,ih
n,n
v,v
dh,tcl
ax,ix
w,w
jh,k
sh,sh
n,n
ow,ao
n,dh
zh,sh
tcl,kcl
n,v
bcl,bcl
ix,ix
axr,ix
bcl,dx
ao,ao
ae,ae
iy,iy
l,ax
g,g
pcl,kcl
iy,iy
aw,ae
uw,ao
iy,iy
s,s
f,k
ix,ix
bcl,dcl
z,z
ih,ih
bcl,tcl
r,r
iy,ih
q,q
tcl,dcl
r,r
s,jh
z,z
iy,ih
q,q
ae,ae
g,q
ch,s
q,dh
s,s
eh,eh
m,m
l,l
en,ng
q,dh
ey,ey
tcl,dcl
t,t
ax,ax
dcl,n
q,q
ae,ae
aa,aa
g,k
er,axr
ow,eh
eh,eh
z,s
n,ix
l,l
sh,s
dx,dcl
g,dx
ay,aa
dcl,t
ae,ae
l,ax
kcl,tcl
r,r
p,p
th,t
ao,ao
iy,ih
l,l
d,d
ao,ao
l,n
ow,ow
iy,iy
s,s
ix,ix
f,f
iy,iy
ix,ax
th,dh
v,l
ax,ix
ng,bcl
kcl,tcl
hv,n
hh,hv
hh,tcl
g,t
ay,ay
k,k
n,m
kcl,tcl
z,z
ao,ao
iy,q
dcl,dcl
ch,ch
s,s
gcl,tcl
q,dx
dcl,dcl
f,f
s,s
gcl,dcl
th,f
r,axr
d,jh
k,kcl
p,p
ix,ix
r,r
ae,ae
axr,ux
f,f
ih,ix
w,w
er,ae
ey,ay
tcl,tcl
k,t
ae,ae
s,s
n,n
kcl,kcl
m,l
s,s
el,ao
pcl,tcl
l,w
w,w
ay,ae
r,r
p,d
p,f
l,n
jh,jh
n,n
n,n
k,k
ax,w
eh,eh
t,t
kcl,kcl
ix,ix
ow,ih
ax,l
dcl,tcl
k,k
sh,s
hh,t
th,s
s,s
l,l
d,k
tcl,w
ao,ao
y,y
ow,ow
ay,ay
g,k
ix,l
nx,dx
p,p
pcl,tcl
t,tcl
n,n
f,f
ey,ay
f,f
z,s
hh,hh
g,g
n,n
l,l
eh,eh
dx,dh
k,t
ix,ix
ux,iy
y,y
s,s
ae,ae
ey,ae
d,d
eh,ah
kcl,kcl
n,n
em,m
s,s
ix,ih
n,n
axr,axr
ix,ix
hv,hv
kcl,tcl
ix,l
er,r
z,z
r,y
ow,ow
dx,tcl
r,r
iy,iy
ax,r
r,r
n,n
r,r
d,t
kcl,kcl
ow,l
l,l
jh,k
v,dh
eh,r
n,n
ah,aa
t,t
v,ix
n,n
eng,ng
tcl,tcl
m,y
iy,iy
ae,ae
tcl,tcl
ix,ix
q,q
v,hv
ix,ix
y,ix
er,er
nx,dx
tcl,tcl
er,er
r,axr
r,r
n,n
ix,eh
tcl,tcl
ih,ah
tcl,tcl
k,k
r,r
eh,eh
q,q
z,sh
n,dcl
eh,axr
pcl,kcl
f,f
q,q
ay,ay
r,r
hv,hv
ah,ax
iy,iy
f,f
eh,eh
q,q
k,k
f,f
ae,aa
ih,ix
ao,ao
ey,ey
ix,eh
eh,eh
k,k
ae,aa
l,l
kcl,tcl
ax,ax
bcl,dcl
y,iy
k,k
ih,ax
r,r
iy,ih
n,l
ix,ix
n,n
n,n
eh,ax
iy,iy
eh,eh
axr,axr
s,s
n,dx
ih,ix
n,q
dh,dh
uw,ux
kcl,tcl
q,ix
l,l
ix,ih
f,k
ao,aa
k,k
n,n
q,k
dh,th
oy,ao
oy,ow
ix,iy
ih,ih
ax,l
ix,ix
n,dx
s,s
n,n
w,ax
ax,ix
ax,ax
n,v
nx,n
hh,p
ae,ae
r,r
n,bcl
s,s
r,r
ay,aa
pcl,dcl
jh,k
gcl,dcl
iy,iy
uh,eh
jh,sh
gcl,dcl
t,t
dcl,dcl
ah,el
iy,iy
ao,w
ax,ix
m,n
t,t
n,n
ae,ae
ow,ow
ah,aa
jh,jh
y,y
n,n
r,r
ow,ow
ih,ih
ux,ux
tcl,tcl
ix,ix
iy,iy
hh,q
g,k
ux,ux
b,p
t,t
kcl,tcl
sh,sh
n,n
n,ix
ch,ch
q,q
ao,ao
b,tcl
kcl,tcl
ow,ow
iy,iy
l,l
s,s
ix,ix
tcl,tcl
z,s
n,n
q,ix
v,f
ch,sh
f,jh
ao,ao
iy,iy
axr,axr
ae,ay
tcl,tcl
pcl,pcl
n,n
ey,ih
ux,ix
kcl,kcl
q,q
l,l
s,s
r,axr
er,el
q,q
m,m
ih,iy
dx,q
kcl,kcl
jh,jh
k,k
en,n
ow,aa
tcl,tcl
eh,ih
n,ix
n,n
z,z
l,ay
p,k
r,r
kcl,tcl
g,g
tcl,tcl
n,n
s,s
l,l
er,axr
ah,eh
hv,hh
ax,l
w,w
tcl,tcl
s,s
iy,ix
s,s
l,w
er,ih
q,q
kcl,tcl
f,f
ay,ay
axr,axr
r,r
w,w
dcl,dcl
p,q
kcl,tcl
v,w
q,q
iy,ix
ao,aw
f,f
v,tcl
gcl,dcl
t,t
r,r
gcl,n
w,w
ah,ix
ae,er
n,n
nx,dx
r,r
kcl,tcl
sh,f
hv,hv
pcl,tcl
nx,dx
s,s
m,m
s,s
axr,axr
d,t
ey,eh
d,g
en,ix
jh,jh
l,w
s,s
aa,ao
axr,eh
ix,dx
dcl,dcl
ay,ay
m,n
iy,iy
r,r
dcl,dcl
pcl,tcl
ae,ae
tcl,dcl
ih,ih
ax,l
w,w
nx,ix
el,el
ay,ae
l,w
f,f
r,r
axr,q
iy,ey
pcl,tcl
kcl,tcl
s,s
iy,iy
kcl,pcl
ah,axr
s,s
r,r
en,m
ix,ix
axr,iy
ix,ix
z,z
r,r
w,w
tcl,tcl
el,ow
ow,ao
aw,aa
ao,ao
aa,ow
eh,eh
em,n
tcl,tcl
ay,aa
ih,ih
dh,dh
aa,ao
gcl,tcl
ae,ae
hh,p
iy,iy
nx,n
axr,r
q,q
ax,ax
kcl,kcl
ax,ix
pcl,tcl
f,dh
r,ax
ih,ih
k,k
q,q
eh,eh
sh,sh
ix,ix
tcl,tcl
n,n
jh,k
iy,iy
s,s
dx,r
jh,jh
dcl,dcl
oy,ay
k,k
t,t
ix,ix
r,axr
dcl,dcl
tcl,tcl
pcl,hh
dcl,dcl
kcl,q
ix,ix
dx,dx
f,t
kcl,tcl
dh,ix
ae,ae
ix,ix
r,ix
z,z
d,dx
n,n
ao,aa
s,s
kcl,kcl
iy,iy
ao,ao
ao,r
eh,ih
tcl,tcl
d,tcl
ao,ao
ng,axr
y,y
r,r
t,t
w,w
s,jh
eh,eh
l,l
ow,ow
ah,ay
kcl,tcl
k,k
w,w
w,w
axr,r
z,z
gcl,n
ih,ix
er,er
sh,sh
ix,ix
y,iy
em,q
ae,ae
hv,ix
p,p
l,ao
jh,jh
ao,aa
iy,iy
pcl,tcl
f,f
ih,ix
iy,iy
axr,er
kcl,tcl
l,l
ao,ow
z,z
iy,iy
d,d
axr,axr
nx,ix
y,y
r,axr
eh,ih
ay,ae
m,ix
bcl,dcl
ao,ao
gcl,q
z,z
ow,ow
z,z
ih,ix
iy,ih
iy,ix
er,axr
n,tcl
k,tcl
tcl,tcl
dh,dh
k,k
d,tcl
ax,eh
ux,eh
t,dx
t,t
t,k
l,ax
kcl,kcl
pcl,tcl
t,t
ow,ah
kcl,tcl
tcl,dcl
w,el
l,l
ix,ix
aa,ao
m,iy
kcl,tcl
aa,aa
dcl,dcl
p,p
ow,ow
l,l
l,ax
tcl,tcl
kcl,tcl
l,w
ae,ay
g,z
ng,n
ix,ix
r,r
w,w
ay,ay
dx,n
ix,ix
axr,axr
axr,axr
axr,axr
w,l
ae,ae
er,er
oy,ao
ah,aa
r,r
s,s
pcl,tcl
s,s
p,k
ao,ow
axr,ih
r,axr
iy,iy
ix,ix
r,w
l,l
eh,eh
ix,ix
m,n
r,r
v,dcl
m,m
k,f
tcl,tcl
tcl,tcl
ux,ux
ao,ao
ao,ao
s,s
iy,iy
pcl,tcl
ix,n
y,ih
s,s
iy,ix
n,n
ix,ih
kcl,tcl
hv,hv
ae,ae
dcl,dcl
ae,ae
ow,ay
pcl,tcl
k,k
tcl,tcl
s,s
sh,sh
iy,iy
hv,hv
ng,ng
iy,ih
s,s
ix,ax
q,q
kcl,kcl
n,n
sh,sh
bcl,tcl
dx,q
aa,aa
ae,eh
axr,axr
q,gcl
aa,ao
s,s
r,aa
w,w
ao,ao
dh,dh
iy,iy
m,w
p,p
m,m
ow,aa
n,ix
eh,eh
p,p
ae,ae
w,w
g,k
ax,ix
n,n
ow,ix
dh,t
ax,ax
y,y
s,z
s,s
z,z
iy,iy
pcl,tcl
aa,ao
gcl,dcl
k,q
iy,iy
dcl,tcl
ix,ax
sh,sh
r,ix
hh,p
kcl,kcl
ah,ih
s,th
dh,dh
nx,n
uw,uw
ow,ow
ux,ux
dcl,dcl
ah,ah
v,v
axr,er
r,axr
r,r
er,eh
iy,iy
n,n
p,kcl
axr,axr
f,tcl
ix,ix
kcl,tcl
ih,ax
t,f
ao,ao
iy,iy
en,n
dh,v
bcl,n
s,sh
r,r
ax,l
t,t
ao,ao
m,n
ow,el
sh,sh
z,s
eh,eh
iy,ix
s,s
q,q
s,s
n,n
er,axr
n,n
r,r
ay,ay
k,tcl
y,dcl
dh,dh
kcl,dh
v,v
ih,ix
s,s
ih,ih
ih,ih
iy,ng
ah,l
t,t
q,q
m,n
ix,ix
gcl,tcl
t,t
eh,eh
l,l
n,n
p,hh
ih,eh
s,s
ah,aa
dcl,dcl
m,n
tcl,tcl
eh,ih
y,y
ch,ch
ah,eh
gcl,kcl
ax,q
ix,ix
ix,ax
w,l
ix,ix
kcl,tcl
s,s
w,w
ae,ae
tcl,tcl
bcl,dcl
s,s
ax,ax
n,m
jh,t
pcl,tcl
t,t
ix,ix
iy,iy
axr,q
s,s
dcl,dcl
bcl,dcl
n,n
ix,ix
ax,ax
y,ih
iy,iy
tcl,tcl
ow,ow
l,l
q,q
ix,ix
w,w
q,dcl
sh,sh
n,n
ix,ix
k,kcl
kcl,tcl
s,ch
nx,n
ao,ao
s,s
r,r
hv,hv
k,k
tcl,dcl
uh,eh
z,z
p,kcl
eh,r
z,z
ax,ng
s,s
n,m
ae,ae
eh,ix
kcl,tcl
r,r
t,k
el,l
axr,ix
ao,l
bcl,dcl
r,r
ae,eh
g,k
ay,ay
iy,iy
ao,ao
axr,axr
axr,axr
ih,ix
dcl,dcl
ey,iy
ix,q
ao,oy
aa,ah
ae,er
bcl,dcl
ae,eh
aa,ah
ix,iy
sh,sh
el,el
l,l
tcl,tcl
l,l
p,hh
w,w
ix,ix
dh,q
ow,aa
aa,aa
z,z
ow,ow
v,dx
f,f
ey,ey
k,k
axr,r
n,n
hh,dh
k,k
z,s
w,w
ix,ix
v,q
w,w
w,w
l,l
gcl,dcl
r,r
ax-h,tcl
ax-h,n
dcl,dcl
y,iy
n,n
ae,ey
bcl,dcl
ah,ah
er,iy
n,ng
z,z
ix,ix
uh,ix
uh,l
pcl,pcl
z,z
iy,ih
ao,ao
q,q
s,s
ey,ow
iy,ux
t,t
ow,ow
ax,ix
bcl,dcl
f,f
kcl,tcl
ix,ix
s,ch
g,dh
n,n
eh,eh
ae,ae
r,r
ih,iy
t,k
dh,k
sh,sh
ax,ix
l,ax
tcl,bcl
s,s
v,dh
ao,ao
eh,r
n,w
dx,dx
ix,ix
aa,aa
ow,ow
p,p
er,axr
ax,ax
iy,ix
iy,ih
tcl,tcl
w,w
n,dcl
tcl,kcl
ih,iy
y,y
k,k
t,k
ax,ix
iy,iy
axr,axr
s,s
l,l
n,n
hv,hv
ae,ae
gcl,dcl
l,ow
nx,dx
gcl,dcl
ux,ux
ae,ae
ix,ix
v,v
z,z
w,l
l,ix
pcl,q
n,n
l,r
q,dx
ih,ix
er,er
ax,ax
s,s
iy,ng
f,f
en,en
ih,ih
gcl,tcl
z,z
tcl,tcl
pcl,pcl
ah,ix
r,r
r,r
n,n
er,ey
ah,ah
er,ih
axr,aa
ae,ae
r,r
ax,ax
dh,dh
q,q
eh,ow
z,z
z,s
m,n
en,m
aa,aa
q,q
er,er
l,l
ih,eh
kcl,tcl
t,t
ax-h,kcl
kcl,tcl
iy,iy
ih,ix
ow,ow
ih,ih
iy,iy
ix,n
er,eh
n,n
ow,el
ah,aa
k,ch
eh,eh
dx,ix
ay,ay
n,n
f,f
w,w
jh,jh
ih,ix
ah,ah
iy,iy
uh,ow
dx,dx
z,s
dcl,dcl
d,dh
iy,iy
n,l
y,n
r,r
n,n
tcl,tcl
dx,tcl
dh,dh
d,t
kcl,tcl
m,n
n,v
m,m
bcl,dcl
ix,iy
ae,ae
ey,iy
iy,iy
ax,l
t,d
r,aa
p,t
r,axr
ax,ah
z,z
p,k
w,w
bcl,tcl
aa,ao
iy,iy
s,s
ux,ux
w,w
ih,iy
axr,r
er,ao
s,s
axr,axr
r,r
ey,iy
p,p
sh,sh
aa,aa
axr,q
k,p
kcl,tcl
ah,aa
ih,ix
t,t
tcl,tcl
dh,th
iy,ux
tcl,tcl
z,z
tcl,tcl
eh,ih
er,axr
ih,ih
r,l
d,k
ay,iy
dx,dx
p,p
ae,eh
ix,dx
ey,ey
ix,q
ao,ao
g,k
iy,ih
z,z
r,r
m,n
r,er
f,f
f,f
dh,f
t,t
tcl,tcl
tcl,tcl
iy,iy
oy,oy
ih,ih
el,el
ay,ay
g,dcl
f,t
n,n
iy,iy
t,t
s,s
tcl,tcl
ay,ay
s,s
ux,ux
tcl,tcl
ih,l
r,r
tcl,dcl
l,l
iy,iy
t,t
z,z
ax,l
kcl,kcl
s,s
m,m
iy,iy
k,k
k,k
gcl,gcl
y,iy
n,n
ax,ax
ey,ey
v,tcl
tcl,tcl
jh,ch
l,l
f,p
ax,ax
tcl,tcl
n,dcl
iy,y
t,t
dcl,tcl
s,s
bcl,dcl
dcl,tcl
ow,ao
aa,aa
eh,n
y,y
iy,iy
ih,eh
r,r
kcl,tcl
oy,oy
ao,ao
nx,dx
eh,eh
th,s
ix,ax
s,s
n,n
z,z
n,n
m,m
s,s
dcl,tcl
pcl,tcl
iy,ih
axr,ix
ix,ix
ix,ix
ih,ih
uh,ix
g,k
ao,aa
iy,iy
bcl,dcl
iy,q
dh,dx
t,t
t,k
n,n
ay,ay
axr,v
k,g
n,ng
el,w
ow,w
ax,ix
el,v
jh,jh
v,dcl
m,n
tcl,dcl
tcl,w
w,l
ey,iy
sh,sh
l,l
ix,ax
dcl,dcl
ng,w
jh,jh
ow,ao
n,n
ax,ax
ih,ih
kcl,kcl
ng,ng
ih,ih
tcl,tcl
n,dcl
w,w
ux,ux
s,s
ao,ao
ao,w
kcl,tcl
w,w
aa,aa
ah,aa
ix,ix
eh,eh
d,k
tcl,tcl
ix,iy
w,w
l,ow
q,q
ix,ix
k,k
q,q
ng,n
r,w
ix,iy
y,y
oy,oy
k,k
z,z
bcl,dcl
l,l
tcl,tcl
tcl,dcl
iy,iy
r,er
tcl,tcl
el,ao
sh,sh
ng,n
k,t
dx,dh
ng,m
z,z
kcl,tcl
aa,aa
aw,ao
t,t
er,ae
p,k
ix,ix
dh,l
ix,ix
r,r
ay,q
bcl,n
ax,ix
n,n
iy,ih
l,l
ow,ow
s,s
iy,iy
s,s
l,l
ix,ix
axr,axr
n,n
eh,eh
w,w
ao,aa
iy,iy
bcl,tcl
iy,ix
f,f
axr,axr
tcl,tcl
oy,aa
r,axr
r,r
m,n
ix,ix
g,dh
n,n
ao,ao
kcl,tcl
dcl,bcl
iy,iy
iy,iy
d,tcl
k,q
w,w
n,ng
n,n
r,r
iy,ih
r,r
z,z
n,n
q,q
r,r
q,q
ae,ae
iy,iy
ay,aa
z,z
ax,ix
dcl,dcl
er,er
ey,ey
tcl,tcl
ix,ix
m,m
ix,ix
kcl,kcl
iy,iy
hh,hv
r,r
ix,ax
eh,eh
r,r
iy,iy
dcl,dcl
d,t
hv,ih
w,w
ey,ey
kcl,tcl
s,s
el,el
ae,ae
v,n
iy,y
ih,ih
m,bcl
gcl,n
n,n
ax,ax
tcl,tcl
q,q
l,w
gcl,tcl
m,ng
tcl,tcl
p,dh
r,eh
tcl,tcl
kcl,tcl
ng,v
dcl,dcl
v,dcl
l,ax
gcl,gcl
w,w
l,l
gcl,n
n,n
l,w
n,n
ih,ih
eh,eh
bcl,n
uw,uw
n,n
eh,eh
m,n
iy,iy
l,ax
s,s
ax,ix
n,n
r,q
kcl,tcl
eh,eh
ow,l
bcl,dcl
n,n
p,g
gcl,dcl
k,k
bcl,tcl
s,s
kcl,tcl
axr,axr
eh,eh
ix,ix
iy,iy
kcl,tcl
s,sh
dx,dx
eh,eh
q,q
t,t
iy,r
v,v
t,t
ah,eh
q,aa
ng,n
n,n
r,r
dcl,gcl
ow,ow
d,t
er,er
sh,sh
iy,y
t,k
q,q
ix,iy
dx,dx
ah,ah
l,l
d,t
y,iy
p,p
th,th
ih,ix
f,jh
s,s
aw,ow
t,t
s,s
w,l
ow,ao
ae,eh
oy,ao
v,v
ng,dcl
v,ix
aw,ao
ah,ah
ih,iy
ah,ih
l,ah
er,er
ey,ey
w,w
l,w
m,n
ax,r
k,k
dh,dh
r,r
kcl,kcl
r,r
dx,bcl
m,n
ix,ix
er,uw
t,t
pcl,tcl
r,er
iy,iy
gcl,kcl
s,z
r,eh
kcl,kcl
dx,k
iy,iy
n,n
tcl,tcl
axr,ix
q,q
en,n
p,t
dcl,tcl
dcl,tcl
t,t
el,el
ay,eh
tcl,tcl
ow,ow
ae,ae
hv,hv
pcl,pcl
r,r
kcl,kcl
n,q
iy,iy
pcl,tcl
pcl,tcl
ao,ao
s,s
r,r
aa,ao
ah,aa
y,iy
ih,eh
q,q
n,ix
s,s
el,l
iy,ey
f,f
v,n
iy,eh
l,l
sh,sh
iy,iy
pcl,tcl
dcl,tcl
iy,iy
dcl,dcl
l,l
iy,axr
k,t
th,f
ix,ix
dcl,tcl
eh,eh
r,n
aa,ae
kcl,pcl
w,w
iy,iy
dcl,ix
r,r
ih,ih
ix,ax
tcl,tcl
bcl,n
dcl,dcl
ae,er
kcl,kcl
f,f
n,n
ay,ae
r,iy
axr,axr
n,n
aa,aa
ow,ah
eh,ix
v,v
m,n
ix,iy
r,r
kcl,kcl
q,q
dx,ix
ix,ix
n,ng
el,l
k,k
f,f
er,er
iy,iy
n,n
jh,jh
eh,ix
s,s
q,q
eh,eh
r,r
n,n
dcl,dcl
er,er
f,v
dcl,dcl
ao,ao
pcl,tcl
s,s
tcl,tcl
ix,ax
kcl,tcl
ax,ah
q,ae
s,s
ao,aa
axr,r
g,g
ix,ix
ax,ax
k,g
ix,ix
k,g
z,f
s,z
f,f
y,y
ae,eh
w,l
sh,sh
dx,dx
axr,aa
dcl,tcl
zh,jh
axr,axr
s,s
q,l
bcl,dcl
l,l
z,z
ao,ao
dcl,dcl
k,k
y,iy
ey,ey
ah,ah
ix,ix
eh,axr
y,y
ix,ih
aa,r
ow,ow
th,dh
eh,eh
er,axr
t,k
s,s
r,r
ae,ae
ae,eh
tcl,tcl
aa,aa
k,k
r,r
ih,eh
kcl,kcl
bcl,dcl
ow,ow
f,f
k,k
v,n
g,g
l,l
q,q
pcl,tcl
ih,iy
v,ix
dcl,dcl
iy,iy
t,jh
dcl,dcl
y,y
iy,iy
q,ao
kcl,tcl
v,z
kcl,kcl
z,z
k,k
ix,ix
eh,eh
ix,ix
p,k
r,ix
axr,er
s,s
dcl,dcl
ax,ax
k,k
tcl,tcl
p,p
ix,ix
ax,ax
ey,eh
ae,ae
ix,ix
n,v
w,w
uh,l
s,s
em,w
ax,ax
iy,iy
ix,ix
f,tcl
g,k
el,ax
ax,ax
sh,jh
r,r
iy,iy
ah,eh
iy,iy
n,n
s,z
ax,ix
n,dx
gcl,n
w,w
ow,ow
w,w
l,w
s,s
n,l
el,el
k,hh
q,q
s,s
sh,sh
sh,jh
dcl,dcl
jh,jh
ix,q
l,w
aa,ae
eh,aa
n,ax
ix,ix
k,k
ax,ax
m,m
z,z
r,r
ae,oy
n,n
l,l
z,s
ow,ae
tcl,tcl
ux,ux
n,n
m,n
l,l
axr,r
n,n
s,s
z,jh
axr,axr
ow,ow
axr,iy
w,w
ng,n
f,kcl
ey,iy
aw,eh
t,t
n,w
hh,hh
ix,ng
ih,iy
bcl,dcl
s,s
en,ix
ix,ih
ix,ix
sh,sh
ix,ix
n,n
pcl,kcl
ah,q
w,w
n,n
m,n
r,r
l,l
ay,ay
kcl,tcl
f,f
pcl,dcl
kcl,tcl
w,w
axr,axr
hh,hh
ux,ux
dcl,bcl
ax,q
tcl,tcl
q,q
l,q
iy,ih
tcl,tcl
ay,ae
f,f
l,l
s,s
kcl,kcl
iy,iy
aa,ao
ao,ao
k,d
ah,eh
gcl,dcl
gcl,tcl
t,t
jh,jh
eh,er
t,t
f,t
er,ih
ao,ax
tcl,tcl
pcl,dh
ix,ix
ax,l
ih,ix
v,t
m,m
dx,n
p,hh
ah,ao
s,s
y,y
tcl,dcl
t,t
ow,ow
eh,ih
tcl,tcl
ch,t
ix,ix
iy,iy
ay,ae
ih,ih
v,n
ow,ow
kcl,dcl
s,s
ih,ih
ao,aa
w,m
axr,r
ey,ix
ay,er
th,pcl
jh,jh
ow,ow
f,f
n,m
q,q
dh,dx
s,s
axr,ao
sh,sh
axr,ax
ey,ey
ng,ng
ih,ix
ix,ix
m,n
tcl,tcl
k,k
pcl,tcl
ow,ow
axr,ix
d,t
kcl,tcl
z,z
m,axr
ix,ix
l,ax
g,g
kcl,kcl
n,n
z,z
p,tcl
y,iy
ux,ux
g,jh
ix,ix
ay,ae
axr,axr
th,f
dh,dh
z,z
r,r
ix,ah
dh,dcl
q,q
iy,iy
w,ao
dx,dh
m,m
kcl,ch
aa,aa
ay,ae
ax,ax
tcl,tcl
kcl,tcl
axr,eh
pcl,pcl
g,d
r,r
aa,ao
el,w
eh,ah
f,f
t,t
dx,ix
v,dcl
k,k
axr,er
el,el
kcl,tcl
z,s
t,ch
aa,aa
iy,y
l,l
ay,ay
tcl,tcl
dcl,dcl
ux,ix
q,q
n,n
eh,ae
r,r
ux,ux
l,w
jh,jh
axr,r
k,k
ah,ah
ix,ix
iy,iy
v,z
pcl,tcl
dx,dx
kcl,tcl
b,ax
t,tcl
r,ng
gcl,tcl
t,k
ah,eh
axr,ix
f,f
r,r
n,n
dcl,dcl
pcl,tcl
ae,eh
pcl,kcl
hh,hh
gcl,dcl
pcl,tcl
ah,ix
ux,iy
m,ng
z,z
dcl,dcl
ix,ix
aa,ay
k,k
ao,ao
eh,l
ih,iy
aa,aa
ix,ix
ih,eh
ax,ix
ax,l
dh,n
eh,ae
ah,ah
eh,l
dh,dh
l,l
ix,eh
ay,ae
z,z
kcl,tcl
iy,y
s,s
eh,ax
q,dcl
m,n
ix,ey
ih,ix
ey,ih
z,z
n,n
k,t
s,s
z,z
s,s
ao,aa
q,q
ih,ix
eh,er
dcl,tcl
ao,ah
kcl,tcl
r,r
r,r
r,r
ow,ow
m,m
tcl,tcl
s,s
ae,ae
l,l
k,k
m,n
iy,iy
r,r
w,q
l,ix
m,ix
ax,n
ao,aa
tcl,tcl
ao,ao
ao,ao
ae,ae
w,w
m,m
ey,ae
p,t
ih,eh
t,t
l,l
eh,eh
uw,ih
p,q
tcl,tcl
eh,eh
ix,ix
m,n
ux,ih
ax,ax
sh,s
ae,ae
uh,iy
l,l
d,dh
q,q
kcl,kcl
pcl,tcl
r,axr
k,f
ax,ix
ix,ix
l,l
aw,ow
ng,n
sh,sh
kcl,tcl
q,q
ae,ae
ix,ix
ah,eh
dh,tcl
m,m
kcl,tcl
z,z
s,s
l,l
n,n
n,n
ey,ih
n,m
w,q
r,r
er,er
tcl,dcl
iy,ix
ix,ix
m,m
y,ix
l,q
dcl,dcl
uh,l
kcl,tcl
n,n
n,n
ao,ao
w,ao
r,r
l,l
sh,t
ix,ix
ch,t
f,f
ix,ix
w,w
s,s
dcl,dcl
k,hh
r,r
n,n
l,l
dh,dh
d,t
ih,ih
ix,ih
pcl,tcl
ao,r
ey,ey
ix,ix
ey,ey
ix,ix
ao,ao
eh,ae
n,n
ao,ao
er,er
pcl,dcl
dcl,dcl
ax,v
m,n
g,r
eh,eh
n,n
dcl,dcl
r,er
v,v
k,k
l,l
s,s
k,k
l,w
ey,ey
p,p
ng,n
nx,ix
iy,iy
s,s
dh,d
eh,eh
gcl,dcl
ah,aa
ih,iy
dx,dx
d,dh
sh,sh
gcl,dcl
ix,ix
n,ix
ah,ah
l,l
axr,axr
l,l
l,l
pcl,tcl
th,d
ix,iy
f,k
n,n
n,dcl
n,n
ux,iy
aw,ae
ux,ux
tcl,tcl
q,q
en,dx
l,ax
aa,aa
w,w
r,r
w,w
ax,ix
axr,axr
l,l
kcl,kcl
q,q
v,v
axr,eh
ax,ix
ow,ow
ao,er
aa,ao
er,eh
er,ow
th,f
kcl,tcl
f,f
ao,er
axr,ix
d,jh
n,n
ah,ae
ih,ih
ux,iy
ow,oy
dh,dh
ay,aa
ix,ix
ax,l
tcl,tcl
t,f
ng,l
tcl,tcl
tcl,dcl
ay,ay
s,s
r,ax
el,el
z,z
y,y
axr,ix
t,t
dh,dh
w,ax
sh,sh
bcl,dcl
dh,dh
axr,em
ih,ey
l,l
hh,hh
ix,ix
ae,ae
hv,ih
ax,ax
k,kcl
kcl,pcl
ih,iy
ey,ey
tcl,kcl
r,r
ao,axr
iy,ih
r,ix
t,t
r,l
ih,iy
ah,ow
s,s
gcl,n
eh,eh
f,f
ih,iy
iy,iy
ax,r
ah,eh
tcl,tcl
k,k
sh,sh
dh,n
ax,ax
l,ax
s,s
el,l
pcl,tcl
w,r
ah,aa
k,g
ix,ix
r,ah
ax,r
ax,ax
z,z
ae,ae
k,k
ng,n
k,k
aa,aa
el,q
t,t
ax-h,k
kcl,kcl
ax,ix
oy,ao
ay,ay
f,f
r,ix
r,axr
ix,ix
gcl,tcl
ax,ax
q,ix
l,l
m,m
q,tcl
ae,ae
eh,ih
s,s
ax,ix
p,p
l,l
gcl,dcl
aa,r
l,l
m,m
w,ao
m,n
ih,ix
kcl,kcl
t,t
z,sh
gcl,dcl
ay,ay
ow,l
ih,eh
tcl,tcl
ax,ax
pcl,tcl
v,ix
q,v
r,r
dcl,dcl
ay,ae
jh,jh
ux,iy
t,z
uh,aa
ae,ae
tcl,tcl
m,w
bcl,tcl
dh,n
k,k
s,s
ih,ix
ax,ax
eh,ae
g,g
f,jh
tcl,tcl
y,y
oy,oy
ao,ao
iy,ux
ao,ao
y,ix
y,y
dx,dh
ow,eh
ax,ax
iy,iy
t,jh
iy,iy
pcl,tcl
pcl,pcl
eh,eh
ay,aa
g,k
aa,ao
ae,ae
r,r
ow,ow
jh,jh
w,w
ih,ih
ow,eh
z,s
s,s
ih,ih
ao,w
ih,ih
n,n
ix,ix
ao,ao
th,t
aa,aa
iy,er
y,iy
ow,aa
iy,iy
ao,uw
t,t
w,w
f,k
uh,ow
dcl,dx
ay,ae
ix,eh
n,n
aa,ah
axr,axr
dcl,dcl
ih,ih
dcl,dcl
ix,eh
ux,iy
aa,eh
ey,q
v,v
f,f
ey,iy
t,jh
bcl,n
iy,iy
iy,ix
aw,aa
l,ow
axr,er
y,y
ix,ng
aa,ah
eh,eh
tcl,tcl
g,k
s,s
eh,eh
s,s
m,n
ah,ah
d,d
ey,ey
ix,ix
r,axr
p,dx
n,ng
ae,ae
n,n
l,w
k,k
ix,ix
sh,s
ay,ay
ax,ix
k,k
b,g
v,dx
y,y
kcl,tcl
aa,aa
m,n
iy,iy
l,l
dcl,dcl
z,z
aa,aa
s,s
r,r
s,s
tcl,dcl
kcl,tcl
n,n
dcl,tcl
axr,ix
iy,iy
tcl,tcl
axr,w
kcl,tcl
kcl,tcl
axr,r
ey,eh
dcl,dcl
l,q
m,n
aa,ao
dh,dh
n,n
ae,ae
iy,y
aa,aa
ng,n
iy,ix
kcl,tcl
iy,iy
sh,sh
dcl,dcl
iy,iy
ix,ix
pcl,tcl
m,n
g,q
ay,ay
pcl,pcl
uw,uw
z,z
iy,er
eh,eh
v,ax
aa,ah
iy,iy
f,f
ix,ix
tcl,tcl
tcl,tcl
r,ax
kcl,kcl
m,n
ae,ae
m,m
z,z
s,s
gcl,dcl
dcl,dcl
kcl,tcl
ng,m
l,l
dx,dx
eh,ih
m,v
tcl,tcl
aa,ao
iy,iy
tcl,tcl
th,f
k,k
aa,r
eh,r
nx,ix
tcl,tcl
m,m
aw,ae
t,k
gcl,dcl
gcl,dcl
d,k
w,w
n,ix
ax,r
ay,ae
n,n
l,l
axr,axr
t,q
kcl,tcl
k,k
pcl,tcl
ax,v
s,s
ae,ae
gcl,dcl
w,w
l,w
ix,ix
ux,ux
q,q
ey,ey
kcl,tcl
ax,r
n,n
ae,aa
z,s
ix,ix
ay,ay
er,axr
ih,ih
ih,ix
ih,ih
iy,iy
pcl,pcl
ow,ow
m,n
iy,y
q,q
ax,ix
l,q
t,k
iy,iy
l,ax
ax,ix
w,w
iy,iy
z,z
ih,eh
s,s
kcl,kcl
iy,iy
iy,iy
eh,r
aa,aa
aa,ae
n,n
gcl,tcl
gcl,tcl
iy,iy
g,k
pcl,tcl
iy,ey
iy,iy
tcl,tcl
bcl,dcl
iy,dcl
r,axr
m,m
dcl,dcl
n,n
iy,iy
eh,ae
m,n
aa,aa
hh,k
n,n
ix,ix
ix,eh
ah,eh
axr,axr
s,s
aw,aa
r,ix
m,w
f,f
tcl,tcl
r,r
sh,sh
n,n
w,l
k,p
ix,ae
s,s
ih,ax
sh,sh
ix,ix
ix,ix
l,w
kcl,pcl
pcl,tcl
iy,iy
er,er
v,v
s,s
ey,ey
ey,ey
er,er
ax-h,tcl
m,n
ah,ah
y,n
iy,iy
ae,ao
ih,iy
th,f
iy,ux
pcl,kcl
ih,ih
ey,ey
l,w
n,n
s,s
s,z
er,axr
bcl,n
s,s
ae,ey
gcl,bcl
ow,ow
ix,eh
l,l
n,dcl
iy,ix
jh,jh
sh,sh
z,z
axr,ix
dh,kcl
l,ax
ax,ax
dx,tcl
y,iy
k,k
ix,ix
sh,sh
pcl,tcl
l,l
iy,ih
z,z
ix,ix
gcl,bcl
sh,ch
ix,n
n,n
ay,ay
eh,eh
kcl,tcl
aw,ae
ih,iy
ix,ix
l,ax
t,t
n,n
aa,ae
gcl,dcl
z,s
n,n
ao,aa
axr,axr
t,t
kcl,kcl
gcl,dcl
ax,en
n,n
y,iy
kcl,pcl
tcl,tcl
uh,ix
iy,iy
jh,sh
sh,sh
r,r
ao,ao
ow,ow
ix,ix
ix,ey
r,q
iy,iy
bcl,tcl
aa,aa
r,r
t,t
sh,sh
ix,ix
r,axr
f,f
w,w
ix,ix
kcl,tcl
er,eh
ix,ix
iy,ix
s,s
eh,eh
eh,ae
ih,l
ih,ih
k,k
iy,q
ey,iy
ay,ay
ax,ix
el,ow
l,l
dx,dx
g,dx
q,q
t,t
p,dh
jh,jh
dcl,dcl
t,t
kcl,tcl
dh,tcl
k,k
n,ix
dcl,tcl
r,r
aw,ae
iy,iy
t,t
tcl,tcl
ey,r
pcl,kcl
ch,s
bcl,tcl
l,ow
axr,axr
m,m
nx,n
t,t
z,z
tcl,tcl
r,l
ix,ih
ow,w
z,z
n,n
ey,ey
kcl,tcl
l,w
dx,dh
ay,aa
k,dh
er,ix
kcl,tcl
ow,ah
ay,ow
z,z
gcl,dcl
ah,ah
dcl,dcl
axr,axr
kcl,tcl
n,dcl
iy,eh
z,z
v,ix
q,q
ah,ay
s,z
ae,ow
n,q
y,y
s,s
l,ix
ax,ax
iy,iy
iy,iy
r,r
gcl,dcl
s,sh
l,l
s,s
kcl,kcl
en,n
ih,ah
w,ao
k,k
f,f
s,s
ax,ix
ao,aa
axr,axr
ae,ae
em,n
k,k
ow,eh
k,g
aw,ay
ow,ow
axr,ax
sh,sh
gcl,dcl
ix,ih
ix,ix
ao,ow
l,l
n,n
t,t
ix,ix
dcl,dcl
ih,hv
dx,ix
ih,iy
m,n
hv,hv
s,s
bcl,dcl
n,n
dcl,z
r,r
s,s
aa,ao
kcl,tcl
ix,ix
dx,dx
f,f
ow,ow
ao,ow
s,z
bcl,bcl
iy,iy
ix,ix
ey,ey
ch,ch
w,w
t,t
m,n
f,f
v,z
axr,r
n,n
w,w
s,s
dx,dx
ae,ae
g,t
ow,l
axr,axr
ix,ix
s,s
r,ix
p,q
ih,ix
f,f
bcl,bcl
l,w
ax,w
kcl,tcl
l,l
n,n
axr,ah
s,s
k,k
ah,q
iy,ih
t,t
iy,iy
iy,iy
n,n
ax,ix
pcl,tcl
ih,ix
q,q
axr,er
w,w
s,s
s,s
iy,iy
iy,y
t,t
r,r
z,jh
ay,ay
iy,iy
w,w
y,y
kcl,tcl
tcl,tcl
iy,iy
sh,sh
aw,ae
ay,aa
v,dh
m,n
r,ix
ix,ix
f,f
q,q
iy,iy
ix,ix
r,r
r,r
s,s
iy,iy
l,l
w,w
en,axr
f,f
ao,l
l,l
s,s
gcl,tcl
th,tcl
uh,ix
ih,ih
pcl,tcl
l,l
p,f
ix,ix
l,l
p,dh
n,n
l,l
el,ow
ng,ix
iy,iy
m,m
s,s
ey,iy
tcl,tcl
ax,ix
iy,iy
ae,ae
s,s
ao,w
v,v
l,l
gcl,ix
ae,ae
k,k
ux,ux
k,k
n,n
w,w
tcl,n
r,er
dcl,dcl
th,f
kcl,tcl
er,er
sh,ch
ux,iy
er,er
kcl,kcl
ow,el
m,n
ao,ao
ih,r
r,r
ix,ix
dcl,dx
k,t
m,n
jh,jh
t,k
ix,iy
t,t
ey,ey
d,d
th,f
oy,aa
tcl,tcl
s,s
nx,ax
ay,aa
bcl,th
t,t
kcl,kcl
m,nx
z,z
m,n
f,f
l,uw
z,z
ax,l
ih,ux
ae,ae
kcl,kcl
ih,ux
eh,eh
kcl,tcl
tcl,tcl
ah,ih
ax-h,k
axr,axr
ao,ao
q,q
r,r
ow,ow
ax,r
r,r
z,s
q,q
y,y
t,jh
ah,ah
pcl,dcl
k,k
tcl,tcl
l,l
ux,iy
hh,dh
y,y
ow,ow
bcl,dcl
kcl,kcl
aa,aa
tcl,dcl
ih,eh
dcl,kcl
r,r
pcl,tcl
r,r
aa,ao
k,k
s,z
ae,ey
eh,ix
axr,r
pcl,tcl
d,jh
n,n
dh,dx
iy,eh
dcl,dcl
dcl,dcl
m,m
sh,sh
m,m
pcl,tcl
ix,ix
ax,l
g,k
s,s
l,l
r,r
s,s
iy,ix
sh,sh
w,w
er,axr
dx,dx
dcl,dcl
kcl,tcl
z,s
th,f
t,t
ey,ey
ax,ax
n,n
l,l
eh,eh
l,ow
dcl,dcl
ay,ay
dx,l
dcl,dcl
el,el
q,q
f,dcl
ih,ey
ah,ah
f,f
pcl,tcl
tcl,l
ax,l
iy,iy
dcl,tcl
ix,ix
s,s
l,w
k,tcl
z,z
kcl,tcl
ix,ix
ae,ae
dh,v
l,l
th,th
t,t
z,z
m,m
l,l
eh,ae
r,w
ax,ih
y,iy
f,f
g,k
axr,er
iy,iy
w,w
iy,iy
ih,ih
s,s
l,l
iy,iy
n,n
ix,ix
g,g
ix,ix
er,axr
iy,iy
y,ix
pcl,tcl
w,w
ch,sh
ao,ah
kcl,tcl
p,dh
t,t
r,axr
n,ix
iy,ix
nx,ix
axr,axr
ay,ay
ow,ow
ix,ix
axr,r
el,el
dcl,dcl
iy,iy
ih,ih
ah,eh
dcl,dcl
f,f
r,r
ao,ao
ow,ow
axr,axr
ow,aa
iy,iy
f,sh
n,ix
t,jh
w,w
nx,n
k,k
v,v
w,w
l,ax
d,t
ao,ao
dcl,tcl
axr,r
w,w
t,d
p,k
ah,ix
ao,aa
ey,eh
ao,ao
dx,dx
eh,eh
jh,ch
dcl,tcl
k,k
l,l
dx,n
tcl,q
ow,aw
ix,ix
tcl,dcl
hv,hv
ae,ae
aa,aa
y,n
n,n
kcl,pcl
n,ng
ao,ao
ih,ih
t,t
bcl,dcl
ix,ix
tcl,tcl
tcl,tcl
n,iy
ae,ae
oy,oy
aa,ow
d,ix
hv,hv
y,y
dcl,dcl
m,ng
ix,ix
ux,ux
r,r
ao,l
l,iy
tcl,tcl
ay,ay
n,n
tcl,tcl
sh,sh
w,w
l,l
s,t
kcl,kcl
n,tcl
v,n
uh,ih
p,k
ey,ix
dcl,dcl
tcl,tcl
axr,axr
iy,iy
s,s
l,l
v,ix
jh,ch
q,q
s,s
ey,ey
l,w
ih,ih
bcl,tcl
sh,sh
p,p
gcl,dcl
l,l
s,s
m,m
tcl,tcl
s,s
dcl,dcl
ng,n
t,jh
m,n
tcl,dcl
p,dh
tcl,dcl
uh,ax
tcl,tcl
bcl,v
dh,pcl
l,w
kcl,tcl
tcl,tcl
w,w
sh,sh
w,w
iy,iy
f,hh
ah,eh
kcl,kcl
iy,iy
iy,iy
ah,eh
k,k
kcl,tcl
w,w
oy,ao
l,l
dcl,tcl
bcl,dcl
s,z
ax-h,kcl
r,r
t,t
ey,ey
ix,ix
v,l
axr,v
aa,ow
v,dcl
ax,r
kcl,kcl
y,y
r,ax
ix,ix
iy,iy
tcl,z
pcl,tcl
nx,n
w,w
k,k
l,l
s,s
ay,ay
ae,ae
ay,ay
eh,eh
z,s
t,t
z,z
tcl,tcl
r,r
ay,ay
q,q
m,dx
z,z
l,l
iy,q
ow,ow
dcl,dcl
ih,ih
oy,oy
s,s
iy,ix
th,dh
ax,l
z,z
sh,sh
s,s
w,w
s,s
ae,ae
ow,aw
hv,hv
s,sh
ah,ax
ng,n
f,f
dh,dh
hv,gcl
kcl,tcl
hv,y
s,s
tcl,tcl
er,r
r,ix
y,n
l,n
s,s
ix,q
ix,ix
aa,aa
en,n
ix,iy
f,f
f,f
q,q
s,s
ah,eh
q,q
axr,axr
ay,aa
k,k
v,dh
iy,iy
ae,eh
w,w
r,axr
t,t
ah,aa
ix,ix
r,r
l,ng
bcl,dcl
iy,n
r,r
m,n
w,w
q,q
f,f
p,k
eh,ih
n,w
kcl,tcl
ix,ix
bcl,dcl
l,l
n,q
k,k
th,t
r,r
ih,eh
ao,ao
ix,ix
y,y
oy,oy
pcl,tcl
bcl,dcl
ax,aa
l,v
ah,ae
hv,eh
axr,axr
s,s
ah,ah
dh,k
m,l
sh,sh
r,er
ix,ix
r,axr
k,k
q,q
n,n
ao,ao
ey,ey
l,ix
r,r
sh,sh
ae,ae
ux,ux
pcl,tcl
ah,ah
th,dh
n,n
oy,oy
ow,l
t,t
r,axr
m,bcl
d,q
k,dx
aw,ow
ae,ae
eh,eh
pcl,tcl
eh,eh
t,t
ao,ao
ah,ay
l,q
r,r
ah,ow
r,r
eh,er
dcl,tcl
m,n
v,v
z,s
r,r
ih,ix
ae,ae
ah,ah
ix,ix
l,l
iy,iy
n,dcl
t,d
m,m
axr,er
oy,ow
aa,ao
m,n
n,n
t,t
r,r
pcl,tcl
k,k
ix,ix
q,q
ih,ix
m,n
tcl,pcl
dh,dh
ao,ao
gcl,dcl
iy,iy
m,n
tcl,tcl
t,z
f,f
k,g
s,s
eh,eh
eh,eh
eh,ih
s,s
m,ng
s,s
z,z
r,ah
l,l
er,axr
kcl,r
f,f
dx,y
ax,ax
r,y
axr,ix
pcl,tcl
ix,ix
f,f
ih,ix
k,q
q,q
ax,ax
tcl,tcl
en,w
q,dx
l,ow
k,q
sh,sh
ix,ix
ax,ax
r,aa
s,s
ow,ux
s,s
n,n
f,f
bcl,dcl
eh,eh
w,w
r,ix
axr,axr
w,w
iy,iy
tcl,dcl
iy,ey
iy,ey
m,n
sh,jh
l,l
ah,eh
dcl,dcl
er,ux
z,t
l,l
d,t
m,ng
axr,er
en,n
ah,ah
tcl,tcl
ix,iy
g,dh
iy,iy
ao,ay
ix,ix
ix,axr
t,t
ay,ay
z,z
r,r
tcl,dx
ao,aa
p,p
ix,ax
jh,jh
n,n
r,r
iy,iy
ey,ey
p,hh
r,r
ix,ix
m,n
ao,ao
n,n
bcl,bcl
axr,axr
gcl,tcl
f,f
ae,ae
iy,iy
ix,ix
ah,l
ux,ux
dcl,tcl
ah,eh
t,t
ay,ao
kcl,tcl
kcl,tcl
dcl,dcl
kcl,pcl
s,sh
oy,ae
r,r
f,tcl
dcl,tcl
pcl,tcl
w,w
w,w
tcl,tcl
ay,ay
p,dh
ae,ae
ax,ax
r,r
eh,eh
l,q
tcl,dcl
axr,axr
v,tcl
aa,ay
w,w
n,n
t,t
tcl,kcl
l,l
ih,ix
s,sh
iy,l
s,s
dcl,dcl
eh,ix
z,s
kcl,tcl
ix,ix
ae,r
v,v
ix,ix
ow,eh
l,q
pcl,dh
eh,axr
eh,axr
ey,ey
tcl,kcl
tcl,dcl
r,r
pcl,tcl
w,ax
ix,axr
w,w
iy,iy
aa,ao
ix,ih
ao,w
r,r
er,er
k,k
t,t
iy,ix
tcl,tcl
ay,ay
l,ix
er,aa
pcl,tcl
ix,iy
m,n
tcl,tcl
f,f
gcl,dcl
r,w
l,l
w,w
kcl,tcl
n,n
ah,l
iy,iy
eh,ow
eh,ay
en,n
n,n
dx,dx
r,r
ae,eh
r,r
pcl,tcl
gcl,y
sh,sh
bcl,dcl
p,hh
ow,ao
ix,v
q,q
ae,ae
tcl,tcl
ow,ow
k,k
th,hh
k,dh
tcl,tcl
aa,aa
n,ix
ao,ao
iy,iy
n,n
axr,r
n,n
axr,ih
w,w
eh,q
m,n
w,w
l,l
axr,ix
hv,ng
ao,ao
pcl,pcl
aa,aa
bcl,tcl
s,s
s,s
ih,iy
ae,ae
tcl,tcl
nx,bcl
ao,ao
r,r
iy,iy
ey,eh
oy,ao
ch,jh
dcl,n
z,z
r,axr
y,ix
f,f
jh,sh
z,z
bcl,dcl
z,z
l,l
dcl,tcl
dx,ix
s,s
kcl,tcl
d,d
aa,ao
tcl,tcl
ey,iy
pcl,pcl
ao,ao
ax,ax
s,s
s,s
n,n
el,ow
n,axr
eh,eh
sh,s
ix,ix
ix,ix
ih,eh
el,ax
w,w
aa,aa
s,s
dx,n
r,w
ax,n
ix,ix
iy,iy
ao,aa
f,f
hh,tcl
q,q
bcl,bcl
hv,hv
s,z
l,ix
z,z
ah,ah
ae,ae
ae,eh
t,tcl
ux,eh
ng,n
tcl,tcl
sh,ch
n,n
m,m
ey,ey
ih,ix
aa,aa
ux,iy
dx,dx
gcl,tcl
eh,ey
k,t
r,ix
aa,ao
bcl,dcl
er,axr
w,w
m,n
q,dcl
uw,uw
sh,sh
hv,ix
ae,ae
m,m
ae,ey
kcl,tcl
aa,aa
dcl,dcl
t,t
f,kcl
ch,jh
eh,eh
eh,l
ih,ae
t,dh
aw,aa
kcl,kcl
ux,iy
gcl,dcl
r,r
kcl,kcl
n,n
er,r
ax,ix
ax,ax
tcl,kcl
n,n
ae,ae
eh,eh
w,w
ax,ax
n,n
w,w
ix,ih
q,ix
iy,iy
tcl,q
eh,eh
pcl,tcl
tcl,tcl
ih,ix
hh,p
ih,eh
eh,ih
ae,ae
er,ow
en,n
ow,el
t,t
g,tcl
ux,ih
ix,ix
en,n
ix,ix
ow,l
pcl,tcl
eh,ix
eh,r
kcl,kcl
ix,q
w,l
ay,ae
ae,ae
th,th
k,kcl
q,l
iy,iy
n,n
iy,ih
oy,aa
ae,ae
q,k
axr,er
dcl,tcl
en,n
axr,axr
ix,ix
dcl,bcl
hh,hh
m,m
aa,aa
q,l
y,y
l,ao
ow,ow
ih,ih
zh,z
s,s
dx,n
dcl,dcl
k,k
iy,iy
iy,iy
eh,eh
l,w
hv,v
f,f
iy,ix
axr,axr
eh,ix
s,s
jh,sh
m,bcl
ax,ix
nx,n
sh,s
n,n
ih,ih
tcl,tcl
dcl,dcl
ae,ae
ih,ih
tcl,tcl
l,ax
tcl,tcl
l,l
ao,ao
tcl,tcl
gcl,gcl
ao,l
d,t
pcl,tcl
aa,aa
r,r
n,q
l,ix
iy,iy
t,t
iy,iy
dcl,dcl
er,axr
t,z
l,l
q,q
el,ow
ih,ix
l,l
n,n
ao,r
ah,ah
pcl,pcl
er,er
ih,ix
m,m
aa,aa
ax,ax
axr,axr
n,n
pcl,tcl
k,k
pcl,tcl
gcl,tcl
k,k
s,s
q,ix
aa,aa
kcl,tcl
g,g
m,n
iy,iy
axr,v
s,s
ey,ey
m,m
aa,aa
pcl,tcl
l,ix
gcl,dx
ih,ih
bcl,bcl
dcl,dcl
ax,ax
axr,r
ch,ch
ey,iy
s,s
ow,ao
dh,dh
axr,axr
er,er
dx,dx
tcl,dcl
v,dh
r,r
q,q
g,tcl
kcl,dcl
eh,r
ax,n
s,s
l,q
kcl,dh
kcl,kcl
ae,ae
kcl,tcl
r,axr
n,m
k,k
n,n
l,l
ng,ix
r,r
hh,dh
eh,eh
ey,ae
ah,ax
ey,ey
ey,ey
ao,aa
hh,q
ih,ih
k,k
s,z
tcl,tcl
ey,ey
y,y
iy,iy
z,z
kcl,kcl
z,s
iy,ix
n,n
th,f
f,t
s,s
eh,eh
iy,ih
w,w
dcl,dcl
kcl,kcl
ix,ix
ix,ix
dcl,dcl
tcl,dcl
t,t
r,r
ae,ae
eh,eh
tcl,dcl
ng,r
n,n
z,s
aa,aa
n,ix
ae,ae
ix,n
th,pcl
ih,axr
aa,ow
tcl,dcl
ao,w
r,r
pcl,tcl
t,t
sh,sh
pcl,tcl
axr,axr
bcl,bcl
r,ax
ay,oy
dh,v
ao,axr
t,t
ay,ay
ax,ix
n,n
ah,ow
s,s
ix,q
ay,aa
n,n
en,l
w,w
sh,sh
q,q
iy,iy
ow,ow
tcl,tcl
pcl,tcl
ix,ae
ix,ix
eh,eh
l,l
ah,ax
v,bcl
k,t
eh,ah
l,r
eh,ey
ix,ix
dcl,tcl
k,tcl
ix,ix
er,aa
jh,ch
l,l
ah,eh
ay,ay
z,s
ae,ae
hh,f
r,r
v,l
t,t
ao,ao
ih,eh
pcl,dcl
q,q
ix,axr
s,s
ix,ix
r,r
t,k
bcl,dcl
y,iy
n,l
r,axr
dcl,n
v,v
ih,l
oy,ay
dcl,dcl
z,z
iy,ih
iy,iy
r,eh
n,n
dh,ix
iy,iy
ih,ix
uw,uw
iy,iy
ay,aa
ix,ix
l,l
ow,ao
l,l
ix,ix
dx,dx
d,q
dh,w
pcl,tcl
f,f
g,t
eh,eh
aa,aa
s,s
w,w
t,t
l,l
s,s
aa,aa
s,s
m,n
ae,ae
s,s
ey,ey
ah,ah
k,k
r,r
ax,l
s,z
ah,eh
aa,aa
r,r
s,s
f,tcl
w,iy
p,p
hv,hv
s,s
r,r
l,l
pcl,pcl
ay,ay
dcl,tcl
nx,dx
ng,n
dh,tcl
kcl,tcl
tcl,tcl
n,n
ow,ow
ix,ix
zh,s
eh,ae
k,k
r,l
k,tcl
eh,r
ow,ow
k,kcl
jh,jh
pcl,dh
ay,ay
k,g
ih,ih
ih,ix
kcl,kcl
ao,w
v,z
y,iy
kcl,kcl
k,k
ih,iy
ey,ey
axr,ih
ao,q
r,r
r,r
s,s
hh,k
axr,r
ae,q
ay,ae
dcl,tcl
eh,eh
m,n
tcl,d
nx,dx
r,r
w,w
ae,ae
uh,ax
dcl,dcl
dcl,tcl
r,iy
dh,n
ey,ey
ay,ay
eh,ix
ae,ae
aa,aa
ix,n
m,v
ux,ix
eh,ih
kcl,tcl
aw,en
oy,eh
ae,ae
z,z
ow,ow
s,z
axr,ix
pcl,tcl
axr,axr
ix,ix
w,w
pcl,tcl
p,t
tcl,tcl
ay,ay
l,iy
l,l
iy,iy
z,z
m,m
jh,t
r,r
hh,dh
ix,ix
ax,ax
eh,eh
t,t
en,ix
ow,ow
ix,ix
v,v
r,ix
hv,hv
g,g
v,v
n,ix
ae,ae
z,z
r,r
dx,q
ay,ix
m,ix
w,l
ax,q
ao,ao
ih,ix
l,el
tcl,kcl
bcl,dcl
dcl,tcl
tcl,tcl
s,s
t,k
v,v
ae,ae
l,l
r,r
hh,p
tcl,tcl
ix,ix
sh,sh
er,er
k,k
tcl,tcl
sh,sh
ao,w
ix,ix
iy,ix
q,q
tcl,tcl
el,ao
oy,oy
r,r
z,s
k,t
k,k
tcl,tcl
kcl,tcl
s,t
eh,eh
d,tcl
sh,sh
gcl,tcl
r,r
w,w
pcl,tcl
r,r
ix,ix
l,l
w,w
jh,jh
aa,ao
t,t
r,r
s,s
ax,ix
dcl,dcl
eh,eh
ih,ih
ae,eh
ux,ux
iy,iy
iy,iy
aa,ao
ng,axr
m,ix
ae,ae
f,f
ix,ix
ey,ey
ao,aa
p,p
dcl,dcl
ow,ow
ax,eh
s,s
uh,ux
hv,y
n,n
n,ix
gcl,dcl
g,ix
ao,ao
tcl,tcl
s,s
k,k
b,t
er,ow
tcl,tcl
iy,iy
r,r
eh,ae
ih,eh
r,axr
iy,iy
k,k
l,l
v,v
tcl,tcl
l,l
kcl,kcl
s,s
r,q
n,m
l,ax
z,z
nx,dx
dcl,tcl
ow,ih
dx,dx
q,q
ao,ao
tcl,tcl
l,l
l,el
ix,ix
ix,ix
s,s
t,t
y,iy
m,n
s,s
s,s
jh,t
axr,r
ae,ae
ix,n
t,t
w,w
ix,ux
ey,iy
t,k
q,q
v,v
g,tcl
ix,r
sh,ch
axr,axr
jh,q
z,z
tcl,tcl
aa,eh
m,n
ae,ae
q,ix
ux,ih
l,w
ix,ix
z,z
dcl,tcl
l,l
l,w
t,t
oy,ay
er,er
ao,ao
eh,eh
w,w
iy,ix
kcl,dcl
l,ax
ix,n
l,l
gcl,tcl
k,k
m,m
aw,ah
axr,v
ih,ow
r,r
er,er
ih,ih
n,n
tcl,tcl
pcl,tcl
kcl,ix
zh,jh
tcl,tcl
k,k
ao,ao
p,p
ix,ix
z,jh
pcl,dcl
n,n
dx,ix
w,w
eh,eh
ow,ow
l,m
axr,axr
f,f
ch,ch
ix,ix
iy,iy
uh,ax
er,er
ey,ey
dcl,dcl
iy,iy
k,jh
q,q
l,iy
kcl,kcl
v,v
er,er
bcl,dcl
ey,eh
tcl,k
tcl,tcl
ch,ch
ae,ae
ix,ix
jh,f
v,v
t,t
tcl,tcl
zh,jh
f,f
ix,ix
iy,iy
pcl,kcl
l,l
p,t
y,ix
r,r
ow,ay
aa,aa
g,k
ax,ah
pcl,pcl
hv,l
bcl,dcl
tcl,tcl
s,s
g,k
aw,ah
ae,aa
dcl,dcl
t,t
r,r
dcl,tcl
ix,iy
t,t
axr,axr
r,eh
en,ix
pcl,kcl
ng,n
ae,eh
f,f
s,z
eh,eh
iy,y
f,f
dcl,dx
ow,aa
ix,ey
eh,axr
v,f
l,ix
ae,ae
ih,iy
n,n
dcl,tcl
dcl,dcl
s,s
d,t
r,r
gcl,dcl
jh,k
w,m
ih,iy
s,s
k,t
n,ix
ch,sh
tcl,tcl
w,v
pcl,tcl
s,s
n,n
k,k
r,ae
q,q
s,s
ah,ay
r,eh
ih,ih
t,t
m,n
m,n
iy,iy
ix,ix
gcl,dcl
f,f
r,r
iy,iy
z,z
s,s
n,n
aa,aa
p,hh
p,p
kcl,kcl
iy,iy
y,ix
el,w
dx,g
ix,ax
m,m
tcl,tcl
s,s
m,n
ix,ix
m,n
iy,iy
l,ax
dcl,tcl
gcl,ix
gcl,dcl
ix,ih
ih,r
dcl,pcl
r,r
ax,ax
ow,ow
ao,ao
el,ow
p,dh
f,f
th,t
ix,iy
s,s
n,n
r,r
ae,ae
l,ao
eh,eh
axr,r
n,n
f,tcl
bcl,bcl
y,iy
ih,eh
ax,l
pcl,tcl
ih,ey
ay,aa
ah,er
en,n
jh,jh
kcl,tcl
ih,ix
ih,ah
ix,ix
r,axr
ih,iy
s,s
f,f
l,ao
n,n
ax,l
ae,ae
ae,ae
ae,ae
v,v
l,ix
kcl,tcl
ow,ow
bcl,dcl
dcl,dcl
ax,ih
ey,ey
ao,ow
kcl,tcl
m,dh
aa,aa
r,r
m,n
kcl,tcl
n,n
l,axr
s,s
hh,tcl
ah,ay
aa,eh
f,f
ix,ih
n,m
er,ae
ax,ix
dx,ix
ey,iy
ay,aa
ay,ae
iy,iy
v,n
r,r
sh,jh
iy,iy
b,dh
kcl,tcl
tcl,tcl
th,tcl
iy,ix
sh,sh
axr,er
ay,aa
axr,axr
ae,eh
iy,iy
f,f
sh,sh
r,axr
hv,hv
aa,aa
n,n
kcl,tcl
bcl,bcl
w,w
axr,axr
iy,iy
p,k
ix,ix
zh,jh
q,q
ax,ax
l,l
gcl,dcl
s,s
b,dh
kcl,tcl
f,f
aa,ae
q,q
ah,ah
t,t
tcl,tcl
aa,aa
iy,iy
dcl,dcl
iy,ih
ch,ch
y,iy
n,n
k,k
s,s
hh,tcl
t,t
f,f
ix,axr
ih,iy
ao,ow
iy,eh
ix,ix
aw,ay
m,m
el,l
q,q
aa,aa
iy,iy
s,s
y,y
nx,n
eh,eh
aa,ao
p,dh
ae,ae
gcl,tcl
t,t
tcl,tcl
k,t
n,n
dcl,n
ih,ix
ax,ih
w,w
f,dh
kcl,tcl
bcl,dcl
axr,axr
d,d
n,n
ae,ae
axr,r
el,w
k,k
ix,ih
s,s
r,r
s,s
z,s
s,s
m,n
dh,n
ey,eh
w,l
ux,ix
th,dh
ix,ah
eh,eh
pcl,dcl
v,l
ow,ow
m,m
n,n
dx,dh
z,z
ix,ix
l,l
ao,w
bcl,dcl
l,l
s,z
ng,ng
tcl,z
tcl,tcl
iy,y
ay,ay
ah,eh
ix,z
axr,ae
dx,dh
kcl,kcl
jh,jh
bcl,bcl
tcl,tcl
ix,ix
r,r
ix,ix
tcl,dcl
axr,axr
ow,ow
gcl,dcl
w,w
s,s
q,q
kcl,tcl
n,r
hh,hh
hv,l
k,q
s,s
r,r
k,k
ix,ix
ay,r
axr,r
dx,dcl
n,dx
kcl,tcl
ix,ix
t,t
ow,ow
ao,ao
ey,eh
r,r
t,t
y,y
axr,axr
ix,ix
tcl,tcl
ix,ix
dcl,dcl
ch,sh
ih,r
dh,dh
ih,ih
ay,ae
ah,aa
t,t
r,eh
l,iy
ae,ae
dcl,dcl
ih,ix
ah,ax
aa,aa
iy,ux
m,n
r,r
el,ax
l,l
sh,sh
w,ao
t,t
ao,l
s,s
bcl,dcl
r,axr
ix,ix
w,n
ey,ey
ih,ix
l,l
tcl,dcl
bcl,n
ix,ix
l,l
s,s
dcl,dcl
kcl,kcl
s,s
ey,ey
ay,ay
gcl,dcl
ih,r
pcl,tcl
ax,ax
l,el
dcl,tcl
axr,axr
l,l
r,r
w,w
tcl,tcl
dcl,dcl
axr,axr
iy,ix
ix,iy
ow,ow
kcl,kcl
r,ix
f,f
pcl,dcl
ix,ix
dh,t
f,f
ix,ih
er,er
eh,ae
r,v
s,z
ay,ae
t,jh
tcl,tcl
ow,ow
ix,ix
aa,aa
t,dh
dx,dx
bcl,dcl
l,l
sh,f
w,w
kcl,kcl
s,s
b,tcl
w,w
iy,iy
y,iy
ng,n
t,t
ix,ix
s,s
oy,oy
iy,iy
r,eh
ax,l
ch,ch
el,ow
t,t
pcl,v
tcl,tcl
iy,iy
ix,ix
ae,ae
p,p
hh,hh
kcl,tcl
kcl,kcl
n,w
ay,ae
nx,dx
iy,iy
z,z
nx,dx
k,k
iy,iy
iy,ux
ah,eh
ay,aa
ay,aa
l,aa
kcl,kcl
aa,ao
ao,ao
z,jh
aa,aa
t,sh
v,n
v,w
f,f
n,n
v,iy
ix,l
q,q
ix,ix
ng,n
ix,ix
f,f
r,r
axr,axr
ae,ae
nx,n
b,dh
aa,aa
f,s
ao,w
m,n
ix,ix
bcl,tcl
r,ax
er,oy
axr,l
g,dx
ey,ey
tcl,tcl
ih,ix
iy,iy
w,w
eh,ix
axr,axr
n,n
ah,l
v,v
l,l
ih,ih
iy,iy
jh,ch
dcl,dcl
th,dh
er,axr
oy,oy
bcl,tcl
kcl,kcl
n,dcl
v,k
t,t
tcl,kcl
eh,eh
dx,dx
l,l
l,ax
iy,ux
g,k
tcl,dcl
l,l
g,g
ax,ix
m,n
ae,iy
ae,ae
ix,ux
k,k
m,n
p,k
jh,jh
z,sh
l,w
iy,ih
d,jh
eh,axr
k,jh
bcl,dcl
l,r
pcl,tcl
ax,ix
z,s
dh,dx
ix,ix
tcl,tcl
dh,v
em,m
kcl,tcl
ix,ix
zh,ch
gcl,dcl
aa,aa
q,q
k,k
dh,dh
kcl,pcl
f,f
eh,ae
eh,eh
ow,l
zh,zh
l,l
tcl,tcl
jh,jh
l,l
t,t
aa,ay
er,eh
k,k
r,r
kcl,tcl
ey,ey
s,s
v,dcl
pcl,dcl
f,s
s,s
w,w
tcl,tcl
iy,ey
m,bcl
l,ax
ih,ix
ix,ax
t,t
kcl,k
p,p
m,m
iy,y
r,r
ix,ax
l,q
n,n
ih,ih
bcl,bcl
ih,hv
aa,ix
r,r
l,l
kcl,kcl
pcl,pcl
n,r
ow,ao
m,m
ow,l
l,l
dx,q
eh,er
v,v
r,r
eh,eh
tcl,hh
ae,ae
ax,ax
s,s
ow,ow
p,k
r,w
y,y
m,n
r,r
r,ao
ih,iy
th,d
d,k
ow,ao
kcl,tcl
l,w
er,eh
aa,aa
dcl,dcl
dx,dcl
l,l
ah,ax
dcl,gcl
sh,sh
ih,ih
ch,ch
n,n
k,t
axr,axr
w,w
aw,aw
ax,ix
bcl,bcl
r,axr
eh,ix
m,ix
l,r
gcl,dh
axr,axr
t,jh
aa,aa
ix,ix
pcl,tcl
en,n
ih,ix
n,n
n,n
m,w
ao,ao
r,aa
sh,sh
ux,uw
ih,ih
eh,eh
kcl,tcl
r,q
ax,ix
m,ae
r,ax
dh,q
l,l
m,ix
b,p
kcl,tcl
aa,aa
z,z
q,q
iy,iy
m,ix
uw,n
ux,ux
z,s
s,s
pcl,tcl
s,s
iy,iy
s,s
v,hv
dcl,n
dh,dh
f,f
ah,l
w,w
ix,r
ay,ay
ay,ay
iy,ih
bcl,tcl
gcl,dx
m,n
l,w
ae,ae
iy,y
ax,ix
ay,ah
ow,eh
y,y
eh,eh
ah,eh
el,ah
ux,ux
ey,ey
eh,eh
g,k
ng,n
er,er
p,kcl
iy,iy
w,w
tcl,tcl
aa,aa
s,s
w,w
sh,sh
tcl,z
ih,iy
m,q
n,n
s,s
iy,iy
ae,eh
l,l
g,g
k,k
r,r
s,sh
pcl,pcl
v,hv
t,t
f,f
s,s
k,k
jh,jh
s,s
g,q
iy,iy
w,q
eh,eh
kcl,tcl
s,s
r,eh
f,dh
axr,ix
gcl,dcl
ih,ih
uh,ah
ux,axr
g,dx
ax,ix
r,r
ax,ao
z,s
p,k
ax,r
s,s
ax,n
iy,iy
aa,aa
s,sh
gcl,dcl
aa,ao
ax,ax
iy,iy
n,n
r,axr
k,k
n,ix
m,w
jh,jh
ix,ix
n,n
p,dh
s,s
n,n
ng,n
eh,eh
z,jh
bcl,dcl
ae,ae
r,r
axr,r
ch,s
b,f
eh,er
f,f
k,k
q,hv
l,l
dcl,dcl
sh,sh
iy,ix
iy,iy
g,dx
r,ao
ah,eh
dx,dx
f,f
w,w
iy,iy
l,l
iy,iy
th,f
el,ao
t,k
m,r
z,z
pcl,tcl
ix,ix
tcl,dcl
er,er
w,w
ow,l
hv,hv
f,dh
dh,tcl
sh,sh
ay,ah
ih,eh
v,ix
k,jh
sh,sh
iy,iy
ow,ow
ax,ix
iy,ih
ax,ix
dcl,dcl
ax,l
z,z
k,t
tcl,tcl
ix,ix
t,t
l,w
hv,y
z,z
m,n
hv,q
dh,tcl
r,l
n,n
q,tcl
ao,ao
aa,ay
aa,l
m,bcl
iy,iy
ih,ix
tcl,tcl
pcl,pcl
t,t
en,n
eh,eh
gcl,gcl
ix,ix
iy,iy
ih,ax
g,ix
ix,ix
kcl,tcl
dx,dx
s,s
th,th
eh,ix
ow,aa
ng,n
pcl,gcl
l,l
n,ix
r,r
ih,eh
pcl,pcl
ix,ix
ux,ux
dh,tcl
q,hh
ax,l
th,dh
s,s
tcl,pcl
ax,r
n,n
tcl,tcl
eh,eh
w,w
ow,ow
q,q
r,r
m,ng
ax,ix
b,k
n,ix
kcl,tcl
ax,l
s,s
p,k
z,s
f,f
n,ix
ah,ih
ah,ow
axr,ix
eh,ae
iy,iy
l,ax
w,w
axr,axr
l,l
ix,q
axr,axr
k,kcl
s,s
ao,aa
k,k
l,l
ao,l
ay,ay
kcl,dcl
q,g
ae,ae
dcl,tcl
y,ix
ih,ux
s,s
dcl,tcl
s,s
kcl,tcl
k,tcl
gcl,tcl
ay,aa
n,n
er,er
dh,n
dcl,tcl
axr,ux
aa,aa
f,th
iy,ey
r,w
r,r
m,m
th,th
y,iy
ix,l
w,q
hh,t
ae,ae
y,dcl
ao,l
v,tcl
k,k
v,n
ey,ih
dx,q
s,s
ih,ih
dcl,tcl
d,t
d,tcl
ah,aa
n,l
ow,eh
p,dh
k,k
aa,aa
s,s
ae,ae
dh,dh
s,s
ae,ow
ae,aa
n,n
w,w
ay,ay
ax,ow
ay,aa
n,n
w,w
sh,sh
dcl,dcl
uh,ah
ay,ay
ae,ae
aa,ah
v,v
ey,ih
k,k
l,l
dcl,tcl
s,s
m,n
r,ax
th,f
f,k
l,l
ey,ey
ix,ix
tcl,tcl
ae,ae
bcl,v
t,k
kcl,pcl
eh,ih
y,iy
iy,ix
eh,eh
k,k
dcl,dcl
m,n
iy,iy
axr,ix
n,n
ih,ih
th,f
ix,eh
q,q
n,n
aw,ow
m,w
ix,ix
t,jh
dh,q
q,q
p,kcl
dcl,dcl
ih,iy
ao,ao
aa,aa
ey,ey
r,iy
ih,ah
iy,iy
t,t
el,el
iy,iy
z,z
k,k
k,k
l,l
kcl,tcl
dx,dx
ax,ax
n,n
er,ih
bcl,bcl
oy,oy
tcl,tcl
p,kcl
s,s
y,iy
ow,ow
ey,ey
ix,ix
iy,ix
iy,iy
hh,hh
m,bcl
r,r
v,dh
l,l
g,k
el,w
r,r
t,t
ax,ax
sh,sh
ae,ae
kcl,tcl
ae,ae
l,q
s,s
m,n
s,s
sh,sh
oy,oy
n,n
z,z
r,r
ae,ae
ix,ax
k,t
ix,ax
ey,ey
tcl,tcl
q,q
r,r
eh,eh
n,n
m,m
n,n
ih,ix
oy,oy
aa,aa
w,w
l,l
n,dcl
p,p
gcl,n
ix,ix
p,p
dx,dh
hh,f
s,s
z,z
r,oy
s,s
r,r
g,k
el,el
ih,ih
d,y
l,l
g,k
l,ao
r,r
ae,ae
iy,iy
eh,eh
y,ix
el,ow
tcl,tcl
p,p
gcl,dcl
z,t
m,n
ix,ix
tcl,pcl
iy,ih
dcl,tcl
s,s
s,s
k,t
q,q
oy,aa
y,y
ix,iy
dh,dh
r,ax
iy,iy
ao,ao
kcl,tcl
pcl,tcl
zh,zh
iy,axr
r,eh
tcl,tcl
m,m
q,q
dcl,dcl
l,l
r,r
axr,axr
ix,iy
q,q
z,z
ix,iy
gcl,tcl
aa,r
er,er
s,s
z,z
ix,ae
sh,sh
ng,gcl
s,s
l,l
ng,n
iy,iy
sh,sh
ch,ch
eh,eh
ae,ae
tcl,v
ax,ix
q,tcl
dcl,tcl
iy,iy
ix,ix
jh,jh
n,n
dh,l
z,s
r,er
hh,hv
bcl,tcl
t,t
eh,l
t,t
pcl,tcl
g,k
axr,ih
ah,ix
ix,ix
ax,ax
ah,ah
iy,iy
p,f
ng,n
ey,ey
ae,ae
kcl,kcl
m,w
er,eh
y,ix
axr,aa
axr,er
z,z
jh,jh
k,k
w,q
pcl,n
ey,ey
n,n
eh,ae
n,n
pcl,tcl
iy,iy
axr,axr
m,dcl
sh,sh
eh,eh
z,s
v,v
l,l
axr,axr
uw,r
p,sh
r,r
ix,ix
iy,iy
iy,iy
ix,ix
d,jh
dcl,tcl
z,z
ix,ix
tcl,tcl
z,s
tcl,tcl
ih,iy
ay,aa
ix,l
s,s
ay,ae
g,m
ux,ix
ih,ix
q,q
ay,ae
l,l
eh,eh
ih,ix
ix,ix
l,l
sh,sh
tcl,tcl
y,y
eh,eh
ow,ao
ah,eh
s,s
n,n
g,g
g,g
n,n
el,l
th,s
ih,ix
w,w
t,jh
s,s
ay,ae
tcl,tcl
axr,axr
iy,iy
iy,ix
y,y
m,n
hv,y
s,s
tcl,tcl
w,w
uw,uw
r,axr
ax,ix
f,f
q,q
ix,ix
r,r
q,q
s,s
y,iy
ix,ix
sh,jh
ay,eh
s,s
n,n
dcl,dcl
er,axr
n,ix
iy,iy
v,v
s,ch
ae,ae
ix,ix
l,l
uh,axr
tcl,tcl
m,m
l,l
iy,iy
axr,axr
ih,ix
z,s
ix,ih
gcl,dcl
tcl,q
ix,ix
k,k
ae,ae
sh,sh
q,q
m,n
k,k
axr,eh
kcl,tcl
ao,ao
bcl,dcl
th,k
n,m
axr,ih
ow,ah
ix,ih
ux,iy
er,er
uh,ow
dh,q
ng,ng
dcl,dcl
s,t
eh,er
t,t
l,ah
aa,aa
bcl,dcl
l,l
n,n
f,f
l,l
l,l
dcl,tcl
m,v
iy,iy
ey,ih
l,w
kcl,tcl
g,g
ae,eh
s,s
ix,ax
ih,ah
dx,hh
iy,iy
sh,sh
ax,ax
eh,eh
ih,ih
z,z
l,r
ax,ix
gcl,dcl
ax-h,ix
ey,ae
tcl,dcl
ax,ax
kcl,tcl
z,z
dh,dh
v,dcl
q,l
q,ax
z,z
m,n
t,t
er,er
m,m
kcl,tcl
ih,ay
ix,ih
en,hv
eh,eh
s,s
eh,ih
f,f
ix,ix
sh,sh
ay,ae
ux,ux
ux,iy
gcl,kcl
l,l
q,q
tcl,pcl
tcl,tcl
s,z
dx,q
ix,ix
ix,axr
r,ih
n,n
l,n
dcl,dcl
n,ix
k,t
s,s
dcl,dcl
r,axr
ae,ae
dh,dh
ah,ax
hh,hh
kcl,tcl
dx,r
ah,ix
m,iy
gcl,dcl
r,r
n,n
ix,r
n,n
dx,dx
hv,iy
axr,ih
tcl,tcl
dx,dx
iy,iy
axr,ix
iy,iy
iy,iy
ix,iy
ih,ih
kcl,kcl
ay,ay
ix,q
ih,iy
ix,ix
s,s
iy,iy
sh,sh
n,ix
iy,iy
er,er
tcl,tcl
ax,q
w,w
ux,ux
l,ax
ix,ix
er,axr
jh,ch
hh,hv
eh,eh
ax,ax
ih,ih
th,f
hh,dh
dh,dh
ao,ao
eh,ix
ux,ix
ao,ow
n,ix
ih,ih
n,q
r,r
l,ax
t,t
iy,iy
iy,iy
k,k
ah,oy
iy,iy
y,y
ux,ux
m,m
pcl,tcl
s,s
hh,hh
bcl,m
em,n
dcl,dcl
q,q
z,s
n,n
v,dx
eh,ax
bcl,dcl
r,r
ey,iy
sh,sh
dx,t
ng,n
w,w
t,k
r,r
kcl,tcl
iy,iy
ae,ay
r,r
kcl,kcl
gcl,tcl
sh,s
t,z
l,ax
k,kcl
g,k
ay,ay
ux,ux
ih,ih
er,er
r,axr
r,r
n,ah
s,ch
t,t
dh,dh
r,r
ix,ix
bcl,dcl
kcl,kcl
l,l
l,w
n,n
w,w
ae,ae
ey,ay
gcl,n
r,r
t,jh
s,s
ng,n
ow,ow
p,p
gcl,dcl
kcl,tcl
w,w
ix,l
dcl,bcl
dcl,tcl
ch,jh
s,s
dcl,dx
r,r
tcl,pcl
gcl,n
s,s
l,l
ae,ae
r,ix
r,r
l,l
l,l
q,q
iy,iy
n,n
eh,eh
sh,sh
ih,ih
tcl,tcl
iy,iy
m,bcl
ey,ae
ix,ix
kcl,tcl
tcl,kcl
nx,dx
sh,sh
kcl,tcl
z,s
tcl,tcl
r,v
l,l
n,n
v,dcl
kcl,tcl
r,r
l,w
n,ix
n,n
tcl,tcl
s,s
r,r
s,s
ix,ix
eh,ih
iy,iy
s,s
r,aa
t,k
v,n
z,s
ix,ix
n,n
sh,sh
l,l
f,t
ix,ix
pcl,tcl
tcl,tcl
tcl,ix
v,f
tcl,tcl
l,l
k,k
ix,ix
tcl,tcl
bcl,dcl
q,q
dh,dx
hh,q
v,tcl
kcl,tcl
kcl,kcl
z,z
m,n
ae,ae
dx,dcl
s,s
z,z
n,n
ae,ae
t,t
ey,iy
sh,sh
ih,y
ax,ix
n,n
kcl,tcl
q,q
aa,ao
m,dx
p,p
ao,aa
s,s
ix,ih
ay,aa
ix,ix
ix,axr
l,l
q,tcl
z,z
l,l
ae,ae
hv,dh
ae,ae
tcl,tcl
el,ax
m,n
ow,ow
ey,ey
gcl,tcl
ey,ix
dcl,dcl
dh,tcl
tcl,q
ae,ay
l,ix
aa,aa
z,jh
iy,y
jh,t
ao,ao
t,t
oy,oy
tcl,tcl
ih,ix
ow,aw
ch,t
ey,ey
n,ix
ae,ae
ix,ix
p,t
w,w
p,k
th,th
l,w
k,k
ih,ix
s,z
aw,aa
ax,ix
ix,ix
t,k
d,t
n,n
p,dx
ao,ao
aa,aa
tcl,dcl
r,er
s,s
tcl,tcl
y,y
ey,ey
t,k
z,z
ux,axr
t,t
pcl,tcl
ax,ix
n,bcl
tcl,tcl
aa,aa
iy,iy
kcl,tcl
r,hv
ao,ao
el,ow
n,n
dcl,dcl
w,w
f,f
ix,dh
ax,ax
k,q
r,r
jh,jh
aa,ao
iy,ey
ae,ae
ux,er
kcl,tcl
tcl,tcl
sh,sh
s,z
t,d
er,er
l,l
ey,ih
uh,axr
z,z
dcl,tcl
z,z
r,axr
tcl,k
el,ax
ih,ix
ih,eh
q,q
kcl,tcl
f,z
g,g
ow,ao
k,k
aa,aw
ix,iy
t,k
eh,eh
ae,ae
aa,ay
tcl,tcl
iy,ey
iy,ix
dh,n
r,r
pcl,tcl
ch,jh
ax,tcl
nx,l
n,n
ix,ix
ae,ae
d,dcl
tcl,dh
ix,ax
ch,jh
iy,iy
ix,ix
n,n
p,p
z,s
iy,iy
tcl,tcl
s,s
q,q
dcl,tcl
pcl,tcl
ae,ae
dh,dh
q,q
ax-h,ng
f,z
ae,ae
ow,el
f,f
ux,y
iy,iy
k,k
p,dh
l,l
dcl,dcl
q,q
er,axr
ow,ow
er,er
ih,ih
ah,ix
z,z
iy,y
r,r
z,z
t,k
ow,ow
n,n
s,z
ae,ae
t,dh
b,dh
ae,ae
k,k
ix,ih
m,n
ey,ae
kcl,tcl
v,v
bcl,dcl
m,n
ay,ey
er,r
aa,ae
kcl,kcl
eh,eh
uw,ow
dx,dx
gcl,dcl
k,t
n,n
ix,q
s,s
nx,dx
ow,el
sh,sh
m,m
m,n
aa,aa
d,t
m,w
ng,n
iy,iy
t,jh
ix,ix
kcl,kcl
m,m
ix,ih
ah,r
iy,iy
ux,ix
hv,ix
ix,ix
n,n
ae,ae
s,s
s,s
iy,iy
ix,iy
ih,ih
r,ih
eh,ih
ey,ey
r,l
ax,ix
p,q
dcl,tcl
ow,ow
ix,ix
s,s
ux,ih
n,n
gcl,kcl
r,r
z,z
dcl,tcl
eh,aa
ae,ae
jh,jh
eh,eh
tcl,tcl
s,z
ax,q
p,p
s,s
k,k
gcl,dcl
z,s
ao,ao
iy,ix
t,t
ax,l
ih,ey
pcl,pcl
s,t
t,k
ax,n
zh,jh
ah,ih
kcl,tcl
bcl,tcl
iy,iy
m,ng
iy,iy
bcl,bcl
d,k
q,q
ey,ey
bcl,dcl
eh,ae
kcl,kcl
axr,ae
iy,iy
ae,eh
s,s
n,n
q,dh
w,w
d,dh
er,er
ah,ax
dh,m
n,v
s,s
kcl,kcl
d,d
y,y
l,ao
ae,ae
ix,ix
r,r
n,n
sh,sh
iy,ix
l,l
jh,jh
axr,axr
t,t
z,s
l,l
eh,eh
el,ax
er,ao
ih,ey
tcl,tcl
m,n
ae,ae
gcl,dx
hv,iy
aa,ae
n,n
s,s
t,t
er,er
el,w
ae,ae
ao,ao
ae,ae
q,tcl
y,y
ae,ae
tcl,kcl
ix,ix
m,l
tcl,tcl
eh,eh
aa,aa
ax,ax
hv,iy
l,ay
ao,ao
gcl,gcl
uh,ax
r,r
s,s
v,n
aa,aa
axr,r
hv,l
iy,ux
n,l
l,n
ix,ih
t,t
r,axr
bcl,bcl
r,er
g,g
aa,aa
ch,ch
q,l
ih,iy
ah,ah
ae,ow
dh,dcl
r,r
dcl,dcl
ix,ih
n,n
ix,ix
r,axr
s,ch
ao,ow
iy,iy
ah,l
er,er
ay,ey
t,d
r,ix
hv,hv
sh,sh
m,n
ix,ix
s,s
m,m
tcl,tcl
ah,ae
q,q
l,l
eh,ae
l,ow
ih,ih
k,k
iy,ix
ax,ax
n,dx
r,axr
s,s
ux,er
ux,iy
dcl,ix
l,ix
nx,r
s,sh
s,s
ix,ix
ae,ae
d,ch
v,bcl
p,dh
sh,sh
v,ix
jh,jh
eh,ix
r,r
ax,q
bcl,dcl
gcl,dcl
ix,ix
w,w
axr,axr
dcl,dcl
kcl,kcl
uw,m
s,s
kcl,kcl
w,l
er,axr
ux,q
n,n
r,r
ax,ax
t,t
eh,ow
tcl,tcl
iy,iy
ix,ix
d,t
ao,ao
ax,ax
tcl,tcl
ax,ax
bcl,tcl
ow,eh
kcl,tcl
w,w
n,n
hv,ih
dcl,dcl
jh,jh
ah,ah
m,n
k,kcl
ow,ow
z,s
dh,dh
q,q
r,r
ay,aa
ae,ae
t,t
aa,aa
ix,ix
r,r
s,s
tcl,tcl
tcl,q
sh,sh
s,s
sh,ch
ih,ix
w,w
ey,ey
ix,eh
gcl,gcl
v,hv
dh,dh
n,dx
tcl,dcl
n,k
ah,eh
dcl,dcl
f,f
s,s
bcl,tcl
z,z
ix,ix
ih,ix
eh,eh
uh,ih
eh,iy
s,s
ix,ix
r,ah
z,z
axr,axr
n,n
tcl,tcl
aw,eh
dcl,dcl
l,l
ix,ix
w,m
tcl,kcl
ae,ae
m,n
r,r
ix,ix
q,q
eh,eh
r,r
iy,ih
k,k
r,v
sh,sh
ow,ow
kcl,tcl
ao,ao
ay,ae
ux,ix
z,s
m,w
s,s
f,f
dx,dx
g,q
ih,ih
n,n
ax,ih
p,p
bcl,dcl
w,l
y,y
el,ow
ax,ix
q,q
ch,ch
l,ix
ax,ax
q,ix
n,n
w,w
s,s
ix,ax
t,k
ux,ux
dh,t
er,er
ix,ix
n,n
s,s
t,k
ux,uw
r,r
l,w
l,l
axr,ix
ow,ae
iy,iy
p,t
aa,aa
s,s
ao,aa
tcl,tcl
eh,ah
f,f
s,z
ae,ae
iy,iy
bcl,tcl
ix,ix
s,s
q,axr
dcl,dcl
aa,ao
n,n
tcl,pcl
tcl,tcl
ay,ae
pcl,tcl
k,k
ix,dx
q,q
eh,l
r,r
aa,eh
ow,ow
ax,ax
kcl,tcl
ih,ix
z,t
ih,ih
s,s
er,er
pcl,tcl
ih,eh
tcl,tcl
s,s
w,w
uw,uw
axr,r
ao,ao
q,q
en,n
ao,ao
ow,ow
ae,ae
w,w
ao,ao
z,z
ax,ax
kcl,tcl
kcl,tcl
sh,sh
m,m
eh,eh
ae,ae
ae,ae
gcl,dcl
iy,iy
g,q
iy,ih
m,n
aa,aa
iy,iy
z,s
n,dcl
l,l
n,n
ah,ah
sh,sh
aw,ow
f,f
ow,ow
t,jh
k,k
ay,ey
er,eh
iy,ix
ah,l
ow,ow
ix,axr
sh,sh
iy,iy
dcl,dcl
ux,ix
n,n
ow,ow
ey,ey
r,eh
gcl,n
ae,ae
s,s
ix,ix
s,s
pcl,dcl
tcl,pcl
v,v
m,n
q,q
ow,ow
l,dx
ow,ow
sh,sh
eh,eh
dh,z
ax-h,tcl
kcl,tcl
r,r
ux,iy
sh,sh
iy,iy
f,f
ah,eh
r,r
iy,iy
dh,dx
q,q
dh,v
w,l
r,r
er,r
eh,ey
n,n
kcl,tcl
g,k
tcl,en
q,q
tcl,tcl
pcl,tcl
ih,eh
dx,dx
ch,ch
aa,ao
s,s
ax,ix
g,dx
ax,axr
kcl,tcl
f,f
dx,dx
pcl,dcl
tcl,kcl
z,z
z,s
ix,ih
iy,iy
tcl,tcl
dx,dh
y,eh
ix,ix
s,s
v,m
f,f
eh,ah
v,v
s,s
q,q
t,t
el,ow
n,n
ih,ix
m,m
ey,ey
l,eh
ix,ih
tcl,tcl
q,q
bcl,dcl
dx,ix
axr,axr
s,z
eh,ae
y,iy
ah,eh
w,w
z,z
jh,sh
s,s
f,f
ow,ow
eh,ae
ih,ih
kcl,tcl
l,q
l,l
z,z
aa,ae
ix,hv
r,r
ix,ix
axr,er
b,dh
eh,l
q,kcl
ix,ix
hv,ix
pcl,pcl
s,t
q,q
ay,ey
sh,sh
dh,dh
ix,ix
hh,hh
iy,ih
ae,ae
ux,ux
ix,eh
n,n
n,n
dcl,tcl
kcl,tcl
n,n
nx,ix
iy,iy
dx,dx
ih,ix
sh,sh
r,r
l,l
ix,ix
ae,ae
tcl,tcl
l,ow
er,er
iy,iy
ix,eh
pcl,tcl
l,l
k,k
r,axr
axr,axr
ix,ix
uw,ih
q,q
k,k
g,g
y,ix
ix,ih
eh,eh
r,ax
q,q
tcl,tcl
t,t
s,t
z,z
ao,aa
s,s
n,n
l,el
r,axr
tcl,dcl
dx,dcl
ax,l
r,r
gcl,dcl
n,n
gcl,dcl
uh,ix
r,r
uh,w
iy,iy
dcl,ix
ix,ih
pcl,tcl
kcl,tcl
n,n
ix,ix
ax,ix
er,ow
g,k
t,t
axr,axr
ux,ux
ih,ih
sh,sh
k,k
ix,ix
ax,ah
em,ng
ix,ih
s,s
g,k
z,z
s,z
iy,iy
p,f
jh,ch
f,dh
y,ix
ng,n
ey,ey
tcl,tcl
eh,eh
ah,ah
dcl,tcl
ao,r
ah,l
dx,tcl
l,l
l,l
z,s
ax,l
iy,iy
eh,ey
ih,ix
axr,axr
iy,ih
ax,ax
ay,ay
ay,ay
z,z
q,q
l,l
b,dh
iy,ux
kcl,tcl
dcl,dcl
ey,ey
ao,w
m,m
g,g
ey,iy
z,z
z,s
ay,ae
bcl,bcl
en,ng
l,l
r,r
hv,q
l,aa
iy,iy
iy,eh
aa,er
ae,ae
t,tcl
kcl,dcl
l,w
l,l
t,t
th,s
ae,ae
ao,aa
l,l
w,w
ix,ix
t,t
sh,s
ux,iy
ay,ay
d,q
ao,ao
pcl,pcl
t,t
tcl,pcl
ao,ao
em,n
tcl,tcl
er,aa
y,y
tcl,dcl
jh,jh
ah,ax
v,v
ay,ae
jh,k
eh,ah
em,n
eh,eh
ix,ix
n,ax
ux,ix
l,iy
s,s
bcl,dcl
eh,eh
s,s
dx,ix
dx,dcl
f,tcl
m,n
aa,aa
ax,l
el,q
l,l
z,z
iy,iy
tcl,tcl
iy,ix
kcl,tcl
aa,aa
tcl,tcl
iy,iy
f,f
ch,jh
q,q
ih,ih
n,n
v,dcl
l,l
dcl,tcl
q,q
ih,ix
w,l
n,n
dcl,dcl
eh,eh
z,z
ao,w
m,n
k,tcl
ax,ix
kcl,tcl
m,n
tcl,tcl
z,f
n,n
v,n
ah,ah
eh,oy
l,l
ix,gcl
ao,ao
r,r
dh,v
aa,aa
k,k
ih,r
p,p
ae,ae
t,t
ix,ix
oy,oy
k,k
ay,ah
ix,dx
m,n
w,w
ow,ow
iy,ix
l,l
dcl,dcl
ax,ax
dcl,dcl
ow,eh
ow,ow
ih,ih
m,tcl
s,s
ux,ux
z,z
ax,ax
q,q
g,q
dcl,dcl
ix,ix
s,s
p,p
q,q
ey,ey
dh,l
m,n
ao,ao
t,jh
aw,ae
ih,ih
aa,ao
eh,aa
iy,iy
en,ix
eh,ae
k,p
pcl,tcl
p,k
ih,ix
r,aa
uw,ih
iy,iy
ae,ae
ae,ae
ix,ix
l,l
ih,eh
ix,ix
n,n
ey,eh
ah,aa
kcl,tcl
axr,r
uh,r
eh,ix
dx,dh
s,s
ih,ix
axr,ih
iy,iy
v,iy
er,ay
axr,l
ow,l
l,l
s,s
ah,ax
r,axr
aa,aa
ae,ae
k,d
kcl,kcl
ae,ae
axr,axr
l,l
kcl,tcl
eh,eh
ax,ax
q,q
ae,ey
hh,iy
eh,er
kcl,kcl
l,y
eh,eh
r,r
zh,ch
v,tcl
l,ix
iy,iy
ih,ah
w,w
z,s
kcl,tcl
m,n
dcl,tcl
iy,iy
iy,iy
ae,ae
kcl,pcl
q,ax
er,axr
w,v
bcl,dcl
dx,dx
hv,hv
l,l
w,w
ow,eh
q,q
ih,ih
dcl,dcl
r,r
m,n
dh,k
t,t
dcl,dcl
zh,sh
iy,iy
ix,ix
p,k
dh,th
ih,ix
ih,ix
dh,dh
ae,ae
ao,aa
s,s
t,t
axr,axr
tcl,tcl
p,k
nx,ix
s,sh
kcl,tcl
ax,ix
ih,ey
iy,ix
ix,ix
l,l
eh,ih
tcl,tcl
tcl,dcl
tcl,dcl
ey,ey
kcl,tcl
ux,iy
ix,ix
ae,ae
l,ix
en,n
s,s
kcl,pcl
pcl,tcl
ax,eh
l,l
ih,ix
dcl,dcl
uh,ix
v,dh
m,m
w,q
l,l
aa,aa
ix,iy
sh,sh
sh,sh
uw,uw
jh,jh
tcl,dcl
z,sh
z,dh
l,iy
em,ah
pcl,tcl
dh,dh
n,n
eh,ow
s,s
uw,uw
dx,dcl
z,z
q,q
g,gcl
ao,r
ix,ix
s,s
hv,iy
kcl,kcl
ay,ay
er,eh
ax,ax
ey,ey
ow,aa
ey,ae
axr,er
ao,ao
k,k
ey,ey
ih,ix
aw,eh
l,l
k,tcl
ow,ow
m,m
ih,ih
oy,ao
iy,iy
v,v
ey,iy
kcl,tcl
r,r
m,n
v,f
ey,r
gcl,tcl
y,n
v,dh
d,d
tcl,tcl
ow,er
m,m
pcl,pcl
iy,iy
ix,ix
gcl,n
m,n
m,n
z,z
p,k
kcl,pcl
r,r
axr,axr
axr,er
z,s
ix,ix
tcl,tcl
ch,jh
dx,r
t,t
ix,iy
tcl,tcl
d,dh
axr,ix
ih,ix
n,n
k,k
n,n
ao,aa
f,f
ow,ao
ih,ux
aa,aa
aw,aa
s,s
k,t
ix,ix
ng,n
dh,t
bcl,n
er,ih
n,n
oy,oy
ao,ow
ao,aw
iy,ih
kcl,tcl
pcl,tcl
kcl,tcl
axr,r
bcl,tcl
m,n
w,l
l,l
z,s
hh,dh
l,ax
aa,aa
pcl,pcl
ay,eh
kcl,kcl
hh,hv
tcl,tcl
t,k
s,s
ix,q
ch,ch
m,ix
m,ix
w,r
q,q
ix,ix
s,s
el,w
kcl,tcl
iy,iy
er,er
q,dh
eh,aa
ax,ix
ix,ih
bcl,dcl
dh,dh
ch,s
er,aa
g,g
ax,ax
ux,ix
oy,oy
r,r
s,s
bcl,n
r,r
iy,iy
f,f
aw,ae
ae,ae
kcl,kcl
ih,iy
k,t
er,aa
ay,ay
tcl,tcl
el,el
q,ax
t,t
r,ao
l,ix
ow,aa
gcl,tcl
ix,eh
ao,ow
tcl,tcl
dcl,dcl
kcl,tcl
z,sh
ey,ix
q,q
er,er
jh,ch
ih,ix
q,ix
iy,ix
ax,ix
s,s
w,w
ae,ae
ao,ao
ix,ix
axr,axr
m,m
aa,aa
l,q
y,iy
ih,ix
n,n
m,n
g,g
aa,ao
iy,iy
v,f
dh,n
dcl,dcl
kcl,tcl
r,aa
dx,tcl
ch,ch
m,m
ay,ay
th,t
eh,eh
bcl,dcl
pcl,tcl
sh,s
tcl,tcl
t,s
l,l
dcl,kcl
ih,ih
kcl,tcl
p,g
eh,ae
n,n
pcl,tcl
k,k
pcl,tcl
el,l
q,v
iy,iy
s,s
eh,eh
ih,iy
tcl,tcl
n,n
iy,iy
ix,ix
kcl,kcl
k,k
k,k
y,iy
ax,l
kcl,tcl
ix,ih
tcl,tcl
m,m
kcl,tcl
eh,eh
iy,iy
ih,ih
uh,ao
n,n
kcl,tcl
n,n
dcl,dcl
tcl,dx
w,l
k,k
ah,ae
ax,ix
ux,ux
ay,er
dh,tcl
ix,iy
m,m
n,dcl
ow,ow
ey,ih
kcl,tcl
aa,aa
w,q
ux,ix
w,w
dcl,dcl
pcl,tcl
ix,ix
tcl,tcl
ng,n
aa,aa
ah,eh
ah,eh
z,s
ix,ix
axr,axr
ay,ay
n,r
ng,n
ax,ax
q,q
k,kcl
ih,ih
ay,ay
m,n
nx,n
ix,ix
s,s
pcl,tcl
m,v
gcl,tcl
d,d
w,w
z,z
l,w
l,l
kcl,tcl
dcl,tcl
sh,sh
bcl,dcl
ow,ih
l,ax
jh,jh
dx,dcl
s,s
bcl,tcl
ix,ix
ix,dh
m,m
ae,ae
ay,ae
ih,ih
sh,sh
en,ax
f,f
iy,iy
ay,ay
ow,ow
n,n
en,ix
r,r
aa,er
eh,ey
t,t
tcl,tcl
q,q
dh,dh
ix,ix
ax,ix
q,q
v,t
aa,aa
axr,ix
t,jh
bcl,dcl
ao,ow
r,aa
l,l
dh,n
kcl,tcl
m,l
t,k
ax,ax
eh,eh
s,s
dh,v
er,ae
uh,axr
ow,eh
q,q
el,ow
eh,eh
iy,iy
th,dh
ih,ix
iy,iy
v,z
tcl,tcl
ey,ey
ix,z
m,n
ih,w
ae,eh
k,k
iy,iy
aa,ao
tcl,tcl
q,q
v,ix
dcl,v
aa,aa
bcl,tcl
eh,eh
iy,iy
t,t
q,q
ix,ih
d,d
w,l
q,l
t,dh
ix,ix
s,s
n,n
v,iy
ow,oy
r,r
s,s
iy,iy
pcl,tcl
r,r
kcl,tcl
s,s
sh,sh
r,r
r,ix
z,z
k,k
ae,ae
tcl,tcl
k,k
ix,iy
m,n
gcl,dcl
r,l
dcl,dcl
l,l
t,t
t,t
ao,ao
r,r
y,y
n,n
kcl,kcl
gcl,dcl
ah,aa
dh,dcl
bcl,pcl
dcl,tcl
s,s
iy,ix
tcl,tcl
sh,sh
dx,dx
ih,ih
iy,iy
d,t
r,axr
ah,ih
s,s
k,d
m,n
ih,ih
ey,ih
dcl,dcl
ih,ih
l,l
dcl,tcl
pcl,tcl
s,s
ao,ao
t,t
w,w
r,r
ng,ix
r,w
z,dh
t,t
zh,ch
er,er
ax,ax
w,w
eh,eh
ay,ay
kcl,tcl
l,l
ax,l
kcl,tcl
y,y
m,n
s,s
pcl,tcl
r,r
eh,ae
g,k
t,t
iy,iy
axr,ao
ax-h,z
ax,ix
gcl,dcl
th,dh
iy,iy
aa,ow
r,eh
l,ax
f,f
iy,r
r,ix
s,sh
g,k
eh,eh
kcl,tcl
f,f
ix,eh
dh,dh
kcl,kcl
oy,er
m,m
r,r
iy,iy
r,r
ch,ch
s,s
k,t
ey,ey
bcl,bcl
ae,ae
w,l
tcl,tcl
pcl,dcl
ax,ax
s,s
t,k
q,q
l,l
s,z
ao,ao
ao,w
k,k
ih,eh
eh,eh
ae,ae
ax,ix
w,w
k,k
m,w
t,ch
y,ix
m,n
n,n
k,t
bcl,n
ix,ix
tcl,tcl
p,t
dcl,dcl
p,k
s,s
ih,ih
aw,aa
l,l
z,z
n,ng
dx,l
tcl,n
n,dcl
ae,ae
dcl,dcl
ix,ix
n,ix
dcl,dcl
ax-h,tcl
bcl,dcl
tcl,tcl
ah,aa
pcl,tcl
w,w
iy,ey
axr,axr
ng,n
l,w
ae,q
l,l
s,s
l,ax
w,w
ae,ae
ih,ix
s,s
y,y
iy,iy
z,jh
dcl,dcl
hv,m
aa,ah
n,ix
g,k
m,n
z,s
eh,q
iy,iy
ux,ux
ix,ix
ng,ax
er,r
s,s
ix,ix
r,l
gcl,n
eh,eh
ao,w
sh,sh
k,k
ux,ux
t,t
pcl,kcl
s,s
iy,iy
er,er
tcl,tcl
s,s
d,q
w,w
n,tcl
iy,ix
dcl,dcl
ao,aa
z,s
oy,ao
kcl,kcl
s,s
ix,ix
p,dh
ih,ix
m,n
y,tcl
ax,ax
k,d
ix,ix
er,er
eh,ix
iy,ix
iy,iy
dcl,dcl
dh,dh
bcl,dcl
m,n
n,dcl
n,n
tcl,tcl
ix,n
f,dh
v,v
m,n
sh,sh
ae,q
l,l
k,k
sh,sh
k,k
s,s
kcl,tcl
s,s
n,n
dcl,dcl
k,f
n,ng
n,ix
axr,r
th,q
gcl,dcl
n,n
z,z
d,tcl
ah,eh
hv,hv
tcl,tcl
t,t
axr,er
ao,ao
ax,ax
n,n
p,p
tcl,tcl
sh,ch
jh,jh
p,v
dh,dh
dcl,r
s,s
ih,ix
m,n
z,z
eh,ih
tcl,dcl
eh,ey
n,n
ih,ih
iy,iy
s,f
uw,ow
ao,ao
kcl,kcl
s,s
ao,l
k,k
axr,axr
s,sh
ix,ix
r,r
tcl,tcl
ux,ux
ux,ux
ah,ax
ix,ix
k,k
dh,dh
ax,ix
eh,eh
pcl,pcl
ao,ao
kcl,kcl
aa,aa
ah,ih
ay,ay
kcl,kcl
aa,aa
k,g
aa,ax
er,r
ux,iy
kcl,tcl
dcl,tcl
tcl,dcl
ax,ax
er,axr
gcl,dx
ay,ay
l,l
bcl,tcl
m,n
ix,ix
ow,ow
ae,ae
dcl,dcl
ux,ih
pcl,pcl
k,k
p,p
r,ah
ae,ae
ae,ae
t,t
b,dh
ix,ix
w,w
s,s
gcl,kcl
ay,ay
dh,l
s,t
s,s
s,s
tcl,tcl
s,s
ax,ax
kcl,kcl
n,n
tcl,tcl
sh,f
ae,ae
m,m
tcl,tcl
ih,ix
iy,ix
s,f
axr,axr
pcl,tcl
kcl,tcl
kcl,dcl
s,sh
q,q
ch,s
k,k
gcl,dcl
k,f
g,k
tcl,tcl
f,f
f,v
dcl,jh
ow,axr
ae,ae
dcl,dcl
r,r
hh,kcl
aw,ae
iy,iy
ao,ao
w,w
eh,eh
hv,q
iy,iy
uh,w
dh,dh
el,uw
kcl,tcl
f,f
eh,eh
bcl,dcl
gcl,dcl
kcl,tcl
v,m
r,r
ae,ae
l,ax
ih,ix
uh,eh
f,f
r,r
ux,ux
ax,ax
iy,r
aa,aa
k,k
th,f
ng,n
axr,r
p,t
l,l
kcl,tcl
ow,eh
v,tcl
dcl,dcl
kcl,kcl
n,n
tcl,tcl
iy,axr
q,q
n,n
sh,s
t,t
sh,sh
dh,dh
s,s
iy,iy
n,q
bcl,bcl
s,s
l,ix
er,er
ao,ao
ay,eh
tcl,tcl
k,t
eh,eh
l,ix
hv,hv
ix,ix
kcl,tcl
ah,ao
ah,ae
l,l
k,k
p,p
dcl,tcl
iy,iy
ix,ix
tcl,tcl
iy,iy
axr,r
eh,eh
er,r
ae,ae
r,ax
ow,ow
ay,ae
tcl,dcl
w,w
k,kcl
y,iy
d,f
hh,dh
gcl,dcl
ch,ch
q,y
nx,n
s,z
ay,ay
n,n
p,tcl
dcl,tcl
r,r
sh,f
oy,oy
ax,ax
d,dh
n,n
ay,ae
kcl,kcl
f,f
n,n
n,n
z,s
eh,eh
iy,ey
ix,ix
sh,sh
ix,iy
n,m
k,k
k,k
ao,ao
d,t
ow,ow
dcl,v
ae,ae
k,k
q,q
n,ix
l,ax
aw,ow
tcl,tcl
ix,ix
ey,ih
d,k
ix,ix
n,q
aa,er
m,n
ax,ax
dcl,dh
w,w
g,dx
pcl,tcl
l,m
ih,ey
k,t
hh,p
n,n
ax,l
eh,eh
dh,dh
er,er
n,ix
m,w
ix,ix
tcl,tcl
iy,ih
n,n
dx,dh
iy,iy
axr,aa
n,ng
ae,ae
kcl,k
tcl,tcl
ay,ay
ay,ay
r,r
aa,aa
s,s
ih,ih
ow,ow
n,dcl
iy,iy
uw,w
axr,ix
s,s
f,f
dcl,dcl
k,t
m,n
y,y
r,ix
ah,eh
ix,ix
ix,ix
q,tcl
iy,ey
d,t
k,k
w,ao
l,l
k,k
w,q
t,t
r,l
aa,ay
p,p
n,n
m,hv
s,s
k,kcl
q,q
l,el
r,r
k,k
dx,dx
bcl,dcl
axr,r
iy,iy
sh,sh
ix,ix
z,z
dcl,dcl
l,ax
ih,r
p,p
n,n
ey,ey
iy,iy
l,n
m,ix
pcl,tcl
aa,ao
r,r
gcl,dcl
ix,axr
ey,ey
ao,ao
l,n
tcl,tcl
el,el
r,r
kcl,tcl
sh,sh
s,s
r,r
m,m
pcl,tcl
n,n
ix,v
iy,iy
ae,eh
v,v
bcl,dcl
tcl,tcl
iy,iy
iy,iy
l,l
z,z
dh,dh
m,bcl
ax-h,dx
th,z
g,k
v,v
iy,axr
tcl,tcl
ix,ix
l,el
dcl,dcl
s,z
k,kcl
er,er
jh,jh
s,s
tcl,tcl
s,s
z,s
q,tcl
s,s
sh,sh
bcl,tcl
eh,eh
s,z
n,n
ix,ih
n,n
ng,n
ah,ax
iy,iy
ix,ix
t,t
s,s
dx,dx
q,q
tcl,tcl
aw,ae
ux,ux
n,n
ih,ix
eh,ae
iy,iy
iy,iy
nx,ax
iy,iy
eh,eh
pcl,pcl
v,w
dcl,bcl
gcl,dcl
er,er
gcl,tcl
k,k
ow,ow
ng,ux
iy,iy
t,t
v,v
ey,ey
q,q
gcl,n
l,w
aa,aa
s,s
q,iy
s,sh
ow,ao
l,l
dh,dx
w,w
kcl,tcl
n,n
w,w
l,l
m,n
dcl,dcl
w,w
eh,eh
bcl,bcl
eh,ah
k,pcl
l,l
ix,ix
ax,r
ix,ix
w,w
dcl,dcl
aa,aa
t,t
gcl,n
tcl,tcl
r,v
r,r
kcl,tcl
ix,ix
n,n
ae,ae
q,l
sh,sh
dh,tcl
l,l
eh,ey
ah,ow
ax,axr
n,n
f,f
kcl,tcl
q,q
p,f
bcl,dcl
w,w
ih,eh
kcl,tcl
aa,aa
aa,ah
k,q
n,n
iy,iy
n,n
dcl,dcl
kcl,tcl
ih,ih
ah,ah
kcl,tcl
ah,ah
dcl,dcl
ax,ax
q,q
ey,iy
w,l
jh,jh
tcl,kcl
s,s
tcl,tcl
ax,ax
tcl,dcl
s,s
ix,ix
t,t
ao,ao
m,l
nx,hv
iy,iy
l,ix
ao,aa
ae,ae
ih,ih
pcl,tcl
v,dcl
d,q
en,n
hv,y
n,n
dcl,dcl
ih,ix
n,n
n,ax
y,y
y,y
w,w
l,l
dcl,dcl
l,n
l,l
th,z
kcl,kcl
gcl,dcl
ae,ae
axr,axr
ih,ix
ey,iy
eh,eh
w,w
s,s
ow,ow
kcl,tcl
f,z
r,r
dh,t
dx,dcl
ux,ih
en,ix
p,p
pcl,tcl
s,z
t,t
ix,ix
y,dcl
r,axr
ao,oy
v,v
l,l
axr,ng
ax,ax
ix,ix
dh,dh
w,w
ah,aa
q,q
v,r
l,ix
l,ix
z,sh
sh,sh
nx,dx
k,k
dx,ix
ah,ah
r,r
q,q
w,w
n,y
n,n
eh,eh
dcl,dcl
tcl,tcl
l,ah
hv,n
m,n
er,er
dcl,dcl
kcl,tcl
ih,ix
kcl,kcl
s,s
r,r
dx,dx
er,r
ax,ix
ax,ix
r,r
z,sh
r,r
ae,ae
iy,ix
eh,ah
ow,aa
iy,iy
l,l
ay,ae
ax,ix
iy,iy
el,el
tcl,dcl
ah,ow
eh,ae
dx,dcl
k,k
ux,iy
dcl,v
dcl,dcl
jh,jh
eh,eh
iy,iy
ae,ae
l,w
aw,aa
k,k
jh,jh
g,g
tcl,kcl
kcl,tcl
p,p
iy,iy
dx,ix
er,r
ux,oy
iy,iy
ae,ae
ch,sh
p,kcl
v,v
ix,ix
tcl,kcl
w,w
ay,ah
p,t
z,z
q,q
z,z
dh,dh
y,y
ae,ae
ae,eh
jh,jh
tcl,tcl
l,l
y,y
ao,ao
m,m
s,s
ow,ow
ow,eh
ax,eh
eh,eh
v,dh
iy,iy
ih,ih
gcl,dcl
ix,iy
iy,iy
ey,ey
s,z
v,v
aa,aa
v,v
oy,oy
aa,aa
en,n
iy,iy
ao,ow
s,z
ux,eh
t,t
aa,ao
jh,jh
ng,ix
ix,w
r,r
n,n
iy,iy
axr,axr
iy,iy
ix,ix
iy,iy
iy,iy
m,ix
n,n
r,v
hv,hh
er,er
tcl,tcl
ux,ix
ix,ix
l,l
dcl,dcl
n,n
z,z
ix,ix
ih,ix
m,bcl
kcl,tcl
ix,ix
uh,ax
kcl,bcl
er,axr
tcl,tcl
ah,ah
eh,eh
dx,dx
ae,ae
w,w
kcl,ax
en,n
iy,ih
axr,axr
k,k
dcl,tcl
v,l
s,s
iy,iy
tcl,tcl
k,k
s,s
s,s
ix,ix
m,m
n,ix
dcl,dcl
n,m
er,er
v,dcl
z,jh
p,p
ix,ux
q,q
ow,aa
l,l
ax,l
r,r
n,n
tcl,kcl
k,k
ah,eh
r,ay
dh,kcl
tcl,pcl
p,k
eh,eh
ey,ae
l,l
d,hh
n,n
r,r
hh,hh
s,s
uh,l
tcl,tcl
axr,aa
ng,ng
s,s
ix,ix
ih,ix
kcl,kcl
pcl,pcl
ax,v
ih,ih
k,jh
l,l
r,r
ax,ix
oy,oy
ih,ix
w,w
uh,ih
ow,ao
pcl,tcl
w,w
bcl,pcl
ae,ae
ah,eh
sh,sh
iy,ih
sh,sh
iy,iy
k,k
ow,ow
aa,aa
aw,aa
ao,aa
w,w
r,r
ch,jh
s,s
nx,n
ao,ao
eh,eh
axr,axr
axr,axr
dcl,dcl
iy,iy
dcl,dcl
kcl,tcl
s,s
ix,ix
n,n
eh,ah
kcl,tcl
l,ax
n,n
er,ao
l,l
iy,iy
ix,ix
ow,l
d,k
gcl,dcl
kcl,tcl
m,dh
z,s
hh,hh
l,l
ih,iy
k,t
kcl,tcl
aa,aa
v,dh
n,tcl
ae,ae
ow,l
w,l
l,l
ih,ih
r,r
m,m
z,z
r,r
zh,sh
eh,ao
z,z
dcl,dcl
dcl,dcl
n,n
f,f
n,n
iy,ih
pcl,pcl
iy,iy
ow,ow
ix,ix
t,t
ih,eh
eh,ah
l,ax
er,axr
f,f
iy,iy
eh,eh
axr,q
r,q
iy,iy
ix,n
ix,ix
ay,aa
s,s
t,k
n,n
z,jh
dx,r
tcl,tcl
ae,ae
n,tcl
r,r
n,n
n,dcl
ay,ae
iy,iy
n,n
r,r
r,r
n,n
ao,ao
z,s
hv,kcl
ah,aa
ao,axr
b,dx
pcl,tcl
axr,r
dcl,dcl
ix,ix
t,t
eh,l
dh,dcl
iy,iy
ao,w
s,s
m,n
ao,w
jh,t
f,f
ih,iy
iy,iy
m,ix
p,p
gcl,q
ix,ix
sh,sh
l,l
t,t
tcl,pcl
ah,ah
v,v
r,w
eh,ah
l,w
ao,ao
l,el
ey,ey
sh,s
s,sh
ey,ae
g,q
ao,aa
k,t
gcl,kcl
n,n
iy,ix
g,r
tcl,tcl
ax,ax
ow,ah
m,n
ix,iy
n,n
n,n
iy,iy
y,dx
ih,ih
ax,ax
ih,hv
iy,ix
ix,n
k,k
jh,jh
v,n
p,t
er,er
er,er
ao,aa
axr,r
l,ix
g,g
n,n
aa,aa
iy,ix
l,l
y,ix
v,v
n,n
pcl,tcl
p,t
kcl,tcl
dcl,dcl
pcl,pcl
q,ix
s,s
ch,ch
w,w
k,k
dcl,tcl
t,t
z,z
dh,pcl
tcl,tcl
l,l
ay,ae
ix,ih
z,n
ah,l
v,n
ax,ix
m,m
l,l
s,s
n,n
q,q
axr,axr
eh,l
l,l
ae,ae
iy,ix
t,t
ih,ix
ow,ow
ey,ey
sh,sh
er,er
ih,q
iy,iy
ow,ow
axr,axr
q,q
tcl,kcl
s,s
r,r
k,k
ey,ey
w,w
k,t
n,n
ih,ih
z,s
dx,l
z,s
ah,ix
dh,dh
s,s
ow,uw
er,er
axr,axr
y,y
gcl,dx
l,w
pcl,dcl
w,tcl
ey,ey
ch,jh
l,ix
ey,ey
er,ux
dh,l
l,ih
t,t
axr,r
q,q
tcl,tcl
s,s
tcl,tcl
l,l
v,v
d,jh
ae,ae
t,t
k,k
kcl,tcl
l,q
f,f
f,jh
r,aa
iy,iy
s,s
m,n
iy,ih
z,z
kcl,kcl
r,r
s,sh
ch,ch
pcl,tcl
eh,ix
n,ix
s,s
ih,ix
ax,ax
f,f
l,l
kcl,tcl
eh,eh
kcl,tcl
gcl,dcl
p,k
hv,p
dcl,dcl
bcl,dcl
l,l
ix,ix
iy,iy
pcl,tcl
q,q
dh,q
ow,ow
jh,jh
p,p
ao,ao
iy,iy
r,r
y,ix
pcl,tcl
hh,hh
t,k
ey,ey
kcl,tcl
ae,ae
l,ix
er,er
y,ix
z,s
ix,ix
th,z
iy,ix
tcl,tcl
ah,ay
er,er
n,bcl
v,dcl
k,k
r,r
bcl,dcl
ix,ix
l,ix
tcl,dcl
r,r
ih,ix
axr,er
l,w
k,k
ix,ix
tcl,tcl
s,s
dcl,dcl
d,d
eh,eh
s,z
en,ix
ao,aa
hv,hv
axr,axr
ae,ae
tcl,kcl
s,s
ch,ch
pcl,tcl
ae,ae
ay,aa
s,sh
ao,ow
m,dcl
n,ng
w,l
tcl,tcl
ng,ng
ow,ow
ix,ix
ao,ao
r,r
tcl,pcl
kcl,tcl
l,l
dx,dx
l,ao
r,r
ae,ae
dcl,dcl
g,k
axr,ax
n,n
p,p
s,s
bcl,bcl
s,s
tcl,tcl
tcl,tcl
s,s
n,n
r,w
axr,axr
ah,aa
g,g
s,z
q,q
q,q
ix,iy
iy,ih
s,s
ah,eh
ix,ax
dcl,tcl
ae,ae
tcl,jh
y,y
dcl,kcl
n,n
eh,ae
z,z
eh,ix
n,n
ax,aa
n,n
ix,ix
aa,aa
ix,ix
tcl,tcl
ih,ih
f,jh
tcl,tcl
ah,ax
ax,ax
bcl,bcl
kcl,kcl
l,l
kcl,kcl
y,y
s,s
gcl,dcl
t,t
eh,eh
pcl,pcl
r,r
r,r
n,n
ih,ih
en,n
n,n
bcl,dcl
v,f
aw,aa
eh,eh
er,axr
aa,aa
eh,eh
tcl,tcl
ax,ix
dh,t
sh,jh
n,n
t,k
b,dh
z,z
z,z
hv,hv
r,r
uh,ow
bcl,n
dh,tcl
oy,oy
ae,ae
axr,axr
ah,aa
ix,ix
z,s
f,f
t,t
r,axr
ih,ih
ih,ae
m,ng
z,z
p,hh
sh,sh
ng,ng
ix,ih
dcl,dcl
iy,iy
nx,dx
kcl,tcl
m,n
dcl,dcl
l,ax
tcl,dcl
dcl,dcl
p,p
s,s
ih,ix
ix,ix
jh,ch
aa,aa
zh,s
ax,ax
s,s
iy,iy
s,z
k,jh
bcl,dcl
ux,ng
s,s
pcl,v
iy,ey
iy,iy
ch,ch
v,dh
tcl,kcl
g,v
dcl,dcl
m,m
s,s
n,n
p,p
oy,oy
kcl,tcl
axr,axr
tcl,tcl
tcl,tcl
th,dh
w,w
axr,ix
ih,ih
n,n
er,axr
t,jh
ae,ae
sh,sh
iy,ix
z,s
l,l
eh,ey
gcl,dcl
l,l
z,v
ay,aa
kcl,tcl
iy,iy
dcl,dcl
w,l
tcl,tcl
n,n
bcl,dcl
w,w
s,s
tcl,tcl
k,k
ao,ao
ae,ae
tcl,tcl
f,f
eh,eh
iy,ix
kcl,tcl
eh,eh
dcl,kcl
r,r
z,z
m,bcl
q,tcl
f,f
gcl,dcl
f,hv
n,n
pcl,kcl
r,r
t,t
ix,ix
k,k
l,m
hv,iy
s,s
r,ix
th,dh
s,s
tcl,tcl
q,q
bcl,dcl
ng,n
n,n
ao,ao
z,z
n,n
dx,dx
v,v
aa,aa
n,ax
t,jh
z,jh
kcl,tcl
r,r
n,dcl
r,r
g,dh
k,tcl
ax,ix
axr,eh
n,m
n,n
ey,ix
pcl,tcl
hh,hh
w,l
dcl,n
th,z
z,sh
s,s
ah,eh
eh,eh
w,w
s,s
s,s
l,l
dcl,tcl
d,t
s,s
ix,ix
s,s
q,q
ae,ae
ao,ao
ix,r
iy,iy
l,ao
l,l
q,ae
tcl,tcl
w,w
tcl,tcl
r,r
s,s
sh,sh
n,m
n,n
n,n
s,s
eh,eh
ix,ix
uh,ow
k,k
l,l
gcl,dcl
iy,iy
ax,ix
iy,iy
ax,l
t,tcl
ix,ix
d,dx
r,r
dx,g
s,s
uw,ow
dx,q
dcl,dcl
l,ao
k,k
z,s
hh,dh
ah,ow
ah,ah
r,r
iy,iy
ch,ch
ux,ix
oy,ay
ih,ih
ah,r
tcl,tcl
l,l
tcl,tcl
n,n
axr,axr
ih,ix
ix,ix
t,t
k,k
ih,iy
axr,axr
d,dh
dx,tcl
s,s
r,r
eh,eh
axr,er
axr,axr
m,n
ow,ih
bcl,dcl
k,d
n,ix
n,n
s,s
en,n
dcl,dcl
tcl,tcl
tcl,tcl
f,f
iy,ih
s,s
f,dh
d,d
ix,ix
aa,aa
q,ow
f,f
m,m
hh,jh
ae,ae
q,tcl
aa,ah
ao,ao
n,n
ow,eh
ix,ix
ah,ow
th,s
axr,aa
q,q
l,r
q,q
k,k
ix,ih
k,t
r,ax
r,r
iy,iy
s,s
eh,ix
kcl,tcl
t,t
sh,ch
t,t
t,d
n,n
r,aa
gcl,dcl
hv,hv
ow,ao
ix,iy
dcl,dcl
p,hh
ix,ix
ng,n
ax-h,tcl
iy,iy
r,r
k,k
ah,ah
z,z
dh,t
ae,ay
l,l
k,z
er,axr
z,z
y,y
ao,l
aa,aa
ae,ae
hh,hv
s,s
dcl,tcl
ix,ih
ax,q
ey,ix
ih,ix
dx,dx
t,k
ay,ae
tcl,dcl
r,r
s,s
ay,ay
n,ix
r,axr
r,r
sh,sh
aa,aa
uh,ax
nx,n
gcl,dcl
r,l
er,axr
y,q
eh,ih
aa,aa
m,n
l,l
dcl,tcl
aa,aa
r,r
dcl,tcl
ah,ix
r,ax
r,r
l,l
ah,ih
ah,ah
l,w
ix,axr
dx,dcl
ah,ah
z,z
er,er
t,t
er,axr
ae,ae
jh,jh
ih,ih
kcl,tcl
g,dh
ih,l
ey,eh
sh,sh
ih,ix
ih,ae
ih,ih
n,n
ix,ix
iy,iy
s,s
n,n
g,ix
r,r
k,k
n,ix
ay,ay
kcl,tcl
dcl,dcl
dcl,dcl
ao,ao
eh,ix
jh,ix
y,iy
m,v
r,r
tcl,tcl
tcl,tcl
aa,aa
hh,dh
d,d
t,t
er,er
th,s
m,bcl
ay,ay
ae,ae
s,s
z,z
ax,ax
ow,ao
ay,ay
m,m
dx,dx
s,s
dh,dh
gcl,ix
t,t
oy,oy
ao,ao
iy,y
k,k
bcl,dcl
ch,ch
s,s
t,tcl
n,n
l,w
l,l
l,l
kcl,kcl
t,q
m,n
l,dh
s,z
ey,ey
aa,aa
iy,iy
ao,ao
ch,jh
ao,ao
b,t
ax,ah
iy,iy
aa,aa
axr,axr
ao,q
eh,ix
ao,aa
aa,ay
dh,tcl
en,ux
n,ix
dcl,dcl
iy,iy
ah,ah
f,f
ix,ix
m,m
th,dh
ay,ey
q,ix
pcl,kcl
w,w
ae,ae
bcl,tcl
kcl,tcl
t,t
l,ix
s,s
kcl,tcl
q,q
iy,iy
ix,eh
kcl,tcl
s,s
r,r
eh,eh
dx,dx
ay,ae
y,y
m,m
aw,ao
tcl,tcl
ix,ix
iy,iy
p,p
axr,r
ix,ix
ax-h,ix
ae,eh
ay,aa
ah,ae
y,ix
p,k
s,s
pcl,pcl
ao,ao
iy,ix
aa,aa
s,s
s,s
n,l
eh,eh
eh,ix
ih,ih
ix,ix
ay,ix
ay,ae
s,s
r,r
er,eh
ix,ih
ay,ay
s,s
q,q
kcl,kcl
s,s
tcl,dcl
uh,ix
axr,axr
pcl,dcl
s,s
f,f
r,er
w,w
q,q
k,jh
t,t
uh,ih
v,v
ih,r
gcl,tcl
er,axr
ey,iy
tcl,tcl
eh,ey
l,n
y,y
gcl,dcl
axr,axr
ix,ix
tcl,tcl
ix,ix
gcl,n
tcl,tcl
w,w
iy,ih
ey,ey
w,w
kcl,tcl
pcl,tcl
kcl,tcl
ix,ix
q,q
y,dx
v,n
s,s
iy,iy
s,z
iy,iy
y,y
aa,ay
dcl,dcl
er,r
ah,ah
f,f
m,n
p,hh
en,ux
f,k
ey,ae
ey,iy
ax,ax
t,t
el,ng
bcl,bcl
ao,ao
s,s
ae,ae
s,z
s,s
ax,l
er,er
q,q
bcl,dcl
kcl,tcl
t,k
ax,l
t,k
bcl,dcl
tcl,tcl
k,k
ao,ao
iy,iy
iy,iy
t,ch
sh,sh
l,l
dh,t
dcl,dx
iy,iy
dh,dcl
eh,ix
n,n
ix,ix
z,z
ax,ax
d,dx
tcl,v
l,r
w,w
eh,r
n,dx
y,iy
ow,ao
bcl,dcl
q,q
eh,ix
ax-h,ix
ay,eh
ae,ae
gcl,tcl
gcl,tcl
l,el
iy,ix
er,er
dx,dx
ay,ay
ih,iy
aa,aa
r,axr
s,s
ao,ao
l,w
sh,sh
r,er
l,l
nx,n
dh,f
oy,oy
dcl,tcl
r,r
y,ix
ix,ix
iy,iy
v,z
w,w
v,v
ng,n
k,k
ix,ix
s,s
z,z
ay,ay
l,l
n,n
ao,ao
ix,ih
v,v
p,p
ao,w
s,s
sh,sh
s,s
ae,ae
uh,el
oy,ao
axr,ax
s,sh
n,n
f,s
ih,ax
n,bcl
n,n
ix,iy
ih,ah
m,tcl
y,y
ah,ax
ix,ix
s,sh
ae,ae
v,bcl
ix,ix
iy,y
pcl,tcl
s,s
hv,hv
r,axr
iy,iy
uw,ux
ay,ay
s,s
n,hh
uh,l
s,s
pcl,tcl
s,s
z,z
ax,ix
axr,axr
ih,l
y,ix
aa,aa
w,w
dh,dh
l,l
kcl,tcl
sh,ch
tcl,tcl
ah,eh
er,er
k,k
ao,ao
ux,ux
n,n
v,v
tcl,tcl
r,iy
aa,aa
ax,ix
ax,ax
s,s
jh,jh
n,n
el,ow
ih,ih
ah,aa
ae,ae
axr,ix
oy,oy
iy,ey
tcl,tcl
t,tcl
n,n
l,ax
ix,ix
l,q
bcl,dcl
ix,ih
ih,ix
kcl,kcl
ey,eh
tcl,tcl
eh,ih
ch,ch
er,iy
oy,oy
ey,ey
ay,ay
th,dh
ix,ix
dh,dh
q,q
dcl,dcl
r,axr
ao,ao
er,axr
ae,ae
ih,ix
ux,ux
er,aa
q,q
aw,ay
ih,ey
axr,ax
l,dx
m,n
eh,ae
v,n
th,t
iy,iy
ih,ey
eh,eh
ae,eh
ah,eh
ey,ey
dh,dh
gcl,tcl
ng,n
bcl,dcl
l,l
ax,ax
dh,dh
ax,ax
ey,eh
kcl,tcl
axr,ao
r,r
q,q
ax,ix
l,w
tcl,tcl
iy,iy
gcl,dcl
uw,axr
s,s
s,s
r,r
hh,tcl
sh,ch
axr,axr
ao,w
ax,ax
iy,iy
dh,tcl
ow,ow
iy,iy
dh,tcl
pcl,kcl
ih,ix
ih,l
dcl,dcl
ix,ix
ae,ae
ae,ae
ih,ih
eh,eh
s,s
dx,q
zh,z
ih,ih
d,t
ah,ah
q,ax
b,dh
g,g
n,n
ih,ix
t,t
kcl,tcl
ih,ih
m,n
ux,ax
g,k
dx,ax
th,pcl
bcl,bcl
el,l
ah,ax
ao,ao
ih,ih
oy,oy
s,s
axr,axr
ow,ow
iy,iy
jh,jh
t,t
ow,ow
q,q
eh,ey
pcl,kcl
w,w
kcl,kcl
iy,y
y,iy
ae,ae
ih,ix
l,ah
ux,ux
q,q
s,s
dcl,tcl
z,sh
iy,iy
ey,ih
dcl,tcl
k,k
l,l
n,n
ax,ax
ux,y
r,r
ao,aa
l,ax
iy,iy
en,n
iy,ix
kcl,kcl
ix,iy
f,f
r,ix
tcl,tcl
tcl,tcl
tcl,tcl
axr,axr
ch,ch
er,ih
tcl,tcl
y,y
kcl,kcl
tcl,tcl
tcl,tcl
aa,ae
q,q
ix,ix
k,k
iy,iy
n,n
ay,ae
w,w
sh,sh
n,n
s,z
iy,y
v,tcl
tcl,tcl
l,l
sh,sh
s,s
s,sh
ah,ax
w,w
ow,ow
dx,dx
gcl,dcl
w,w
tcl,tcl
gcl,dcl
gcl,gcl
dh,tcl
ix,eh
f,f
t,t
iy,iy
ao,ao
m,n
ae,ae
eh,eh
kcl,tcl
z,jh
ah,ah
r,l
dcl,dcl
aa,aa
hh,p
eh,eh
oy,ay
l,l
v,n
ih,eh
r,l
r,r
iy,iy
m,n
gcl,dcl
ey,ih
z,sh
tcl,tcl
ix,ix
l,ih
ae,eh
p,d
dcl,tcl
dcl,tcl
q,q
ae,eh
n,n
bcl,dcl
ix,ix
el,l
pcl,tcl
ix,n
l,w
ix,ix
kcl,kcl
m,n
iy,ey
s,s
ux,ix
ey,ey
z,z
ow,ow
kcl,kcl
tcl,gcl
ih,ix
dx,dx
iy,iy
dcl,dcl
ix,ix
iy,iy
z,z
ax,l
aa,aa
z,z
ih,iy
ah,ax
kcl,tcl
p,p
dh,p
s,s
ao,ao
p,k
dh,l
q,tcl
ao,ow
ae,ae
dx,dx
axr,axr
pcl,pcl
pcl,pcl
t,t
r,l
aa,aa
aa,q
kcl,tcl
dh,k
n,n
ih,ih
ax,ax
aa,eh
sh,sh
ax,ax
k,k
f,p
iy,ix
n,n
el,ng
d,t
hh,p
r,r
ng,dcl
el,ax
kcl,tcl
ey,ey
ao,m
axr,er
kcl,tcl
dx,dx
sh,sh
ix,ix
r,r
l,ax
bcl,tcl
kcl,kcl
n,n
n,m
eh,eh
ae,aa
pcl,tcl
t,t
iy,iy
ao,ix
axr,eh
gcl,dcl
jh,t
ix,ix
f,f
kcl,dcl
iy,iy
oy,ah
axr,ix
bcl,dcl
g,dx
n,y
kcl,pcl
th,th
y,dcl
s,s
eh,eh
n,n
bcl,dcl
ae,eh
ow,ao
ae,ae
ae,ae
kcl,kcl
ih,ax
ao,ao
er,er
l,l
aa,aa
ao,ao
iy,ih
dcl,dcl
ay,ae
k,k
tcl,tcl
q,q
iy,iy
k,k
q,ax
kcl,kcl
ah,ax
dcl,dcl
iy,iy
v,ix
pcl,pcl
jh,jh
iy,iy
tcl,q
f,f
ix,ix
d,t
r,r
ey,ae
ao,ao
ih,ix
n,n
q,q
ix,ix
gcl,bcl
f,f
tcl,dcl
aa,ao
s,z
jh,k
dcl,dcl
r,er
z,z
ax,ix
gcl,dcl
w,w
ax,ax
ix,ix
dcl,dcl
iy,iy
ao,ao
s,s
r,r
ih,ax
iy,ey
iy,ey
r,ax
dcl,bcl
kcl,kcl
l,l
n,n
iy,y
ix,ih
pcl,tcl
s,z
ao,ao
ix,ix
r,ax
l,l
aw,aw
el,w
sh,jh
f,f
m,n
kcl,tcl
l,l
kcl,kcl
f,pcl
q,q
bcl,bcl
sh,sh
oy,ao
r,ix
gcl,dcl
er,er
s,s
ey,ey
ih,ix
ae,ae
ao,ao
tcl,tcl
r,ao
ih,ix
kcl,tcl
eh,ae
er,er
k,k
ay,ae
bcl,dcl
aa,aa
ih,ix
aa,aa
tcl,tcl
w,w
s,s
t,t
q,q
iy,q
dcl,dcl
axr,axr
z,z
d,t
iy,iy
ih,ix
k,k
n,n
eh,ix
q,q
t,t
ae,eh
l,w
n,dcl
m,m
pcl,tcl
r,r
s,s
s,s
ah,ah
sh,sh
aa,aa
tcl,tcl
pcl,tcl
axr,axr
ao,w
th,tcl
pcl,tcl
iy,iy
axr,axr
oy,ey
tcl,tcl
r,r
pcl,tcl
ae,ae
s,s
ix,iy
ih,eh
ux,ih
tcl,tcl
tcl,tcl
aa,ah
ix,ix
ax,ax
ay,aa
eh,ih
y,q
q,q
ow,ow
l,l
iy,iy
dcl,dx
ih,ih
nx,ix
ax,ax
t,t
l,ix
hv,hh
k,jh
aa,aa
q,tcl
k,jh
sh,jh
v,v
q,k
aw,ae
ih,iy
ah,n
bcl,n
l,l
r,er
kcl,tcl
q,aa
ih,ih
bcl,pcl
ux,uw
g,k
t,t
t,t
ix,ix
dh,dh
er,axr
iy,ih
uh,axr
ay,aa
iy,ix
th,tcl
ay,ay
ix,ix
kcl,tcl
tcl,tcl
w,v
r,axr
ao,l
z,s
ax,ah
ao,ao
hv,hv
hv,hv
ae,ae
ix,ix
kcl,tcl
s,s
tcl,q
l,l
ix,ix
ih,ix
s,s
r,r
ae,ae
p,p
axr,ax
t,t
bcl,tcl
ix,ix
s,s
ah,eh
ih,ih
dcl,bcl
en,n
pcl,tcl
pcl,tcl
kcl,tcl
ih,ih
n,n
tcl,tcl
g,tcl
v,dcl
p,p
hv,ix
m,axr
ux,ux
er,axr
t,t
sh,sh
ao,ow
r,r
y,ix
axr,axr
kcl,tcl
axr,axr
w,w
kcl,kcl
pcl,tcl
tcl,tcl
iy,ey
w,w
ch,sh
s,s
tcl,tcl
dcl,dcl
tcl,tcl
ih,ih
f,f
w,w
m,n
eh,eh
r,ix
er,er
tcl,tcl
s,s
iy,iy
pcl,tcl
r,r
axr,ey
p,hh
eh,ae
el,ow
l,l
m,ux
n,n
ae,eh
dh,tcl
z,s
q,q
m,dx
gcl,dcl
ey,ih
pcl,tcl
m,w
pcl,dcl
kcl,tcl
kcl,pcl
sh,sh
ix,ix
iy,iy
n,n
iy,iy
s,s
l,l
l,l
ih,iy
ao,ao
iy,iy
v,v
ah,axr
iy,iy
n,n
el,ow
dcl,dcl
tcl,tcl
axr,axr
eh,ey
eh,eh
q,w
ao,ao
pcl,tcl
sh,jh
uh,eh
aa,ao
tcl,tcl
l,l
oy,oy
kcl,tcl
w,ax
z,s
s,s
ow,l
pcl,tcl
eh,eh
kcl,tcl
ih,ax
bcl,tcl
ax,l
ih,ey
r,axr
ao,aa
m,m
aa,aa
l,ax
gcl,tcl
r,eh
f,f
ax,ix
l,n
m,hv
ao,aa
m,ax
iy,iy
z,s
axr,axr
n,dx
axr,ih
hv,ix
gcl,dcl
dcl,dcl
iy,iy
l,w
dcl,dcl
l,l
pcl,pcl
n,n
f,f
er,eh
ay,eh
t,t
z,z
m,m
dh,dh
m,m
kcl,tcl
en,n
ae,hv
q,q
nx,r
tcl,tcl
dcl,n
hv,iy
w,w
pcl,tcl
nx,ax
kcl,kcl
ih,ih
ix,ix
ao,ao
tcl,tcl
axr,axr
d,d
ah,axr
iy,ix
jh,jh
q,q
eh,ix
w,w
el,el
ux,ix
ix,ae
axr,ow
kcl,tcl
m,n
f,f
s,s
ih,ix
kcl,q
b,g
kcl,kcl
ix,ix
aa,ah
el,ax
z,z
dcl,dcl
er,er
z,z
ah,ah
gcl,tcl
kcl,tcl
ih,iy
axr,ix
aa,ao
sh,s
aa,ay
ng,hv
ix,ih
l,q
ih,ih
aa,aa
dcl,dcl
tcl,kcl
ih,ix
ow,ow
en,m
gcl,dcl
ey,ae
dx,ix
ng,axr
ix,ix
ae,eh
aa,aa
hv,y
ey,iy
sh,sh
n,n
oy,ae
w,ax
ax,ax
ix,iy
bcl,dcl
l,l
axr,axr
r,n
ih,ix
ix,ih
v,dh
s,s
t,t
ow,l
k,k
iy,y
hv,iy
ax,r
pcl,dcl
uw,ow
y,y
q,q
pcl,tcl
ih,ih
m,n
tcl,tcl
iy,ix
hh,hh
m,n
eh,ih
eh,eh
aa,ao
n,n
t,s
eh,eh
iy,ix
iy,iy
kcl,kcl
tcl,tcl
pcl,tcl
t,jh
t,t
dh,dh
v,dh
ix,ix
dcl,dcl
pcl,pcl
l,w
dh,v
l,l
iy,ix
l,l
ix,ix
ux,eh
ix,ix
m,n
w,w
dx,ix
k,t
iy,ih
l,w
b,dh
oy,oy
k,jh
k,k
r,aa
k,k
d,t
eh,eh
ao,ae
z,z
ng,n
ay,ay
ax,ax
l,l
t,t
m,m
ax,ao
v,q
ow,er
aa,aa
ao,aa
ix,eh
k,k
zh,ch
q,q
ih,ih
ix,ix
s,s
gcl,tcl
l,ao
z,z
m,m
d,t
z,s
aa,aa
s,s
l,w
kcl,kcl
nx,n
r,r
z,z
kcl,tcl
ah,eh
r,r
aa,aa
ah,ow
ao,ao
kcl,kcl
tcl,tcl
z,z
tcl,pcl
tcl,tcl
tcl,tcl
el,l
iy,ix
hv,ix
tcl,tcl
er,axr
q,q
n,n
p,tcl
r,r
f,f
ey,ey
k,k
tcl,tcl
er,er
ih,eh
f,tcl
ch,ch
s,s
s,z
v,v
ao,ao
ao,ao
r,r
kcl,tcl
f,th
iy,iy
n,ix
t,tcl
ae,ae
ah,aa
y,iy
ax,ax
v,dh
l,aa
axr,ix
k,g
ix,ix
ix,q
dcl,dcl
iy,ih
tcl,tcl
s,s
ah,eh
q,q
ah,l
q,q
r,ix
eh,ih
l,ax
aw,ae
n,n
ax,ax
t,t
ih,ih
axr,ao
kcl,tcl
en,n
tcl,tcl
k,k
iy,ix
ix,ix
ax,ax
kcl,tcl
ey,ey
sh,sh
s,sh
ay,ae
ae,eh
jh,sh
iy,iy
m,n
r,r
pcl,pcl
ao,axr
ax,ix
iy,iy
ao,ao
m,n
tcl,tcl
z,z
ix,ix
tcl,tcl
q,l
aa,ao
hh,jh
bcl,dcl
ch,sh
eh,ax
t,t
ay,aa
s,s
ix,ix
dcl,n
m,ng
p,p
s,s
z,z
q,q
w,w
t,dh
w,w
r,r
gcl,gcl
t,t
q,tcl
s,s
q,q
ax,ix
ah,ah
v,f
iy,iy
tcl,tcl
iy,iy
r,r
kcl,tcl
ix,ix
ow,ow
l,n
n,n
y,iy
n,ng
s,z
k,k
m,r
tcl,tcl
ax,l
ah,aa
n,n
q,q
ix,ix
ao,ao
aw,ae
k,k
ae,ae
ah,ah
bcl,dcl
p,hh
r,aa
ey,ey
f,f
ax,g
s,s
n,ix
jh,ch
ax,ax
m,m
dx,q
ow,l
aa,ay
ix,n
ix,ix
gcl,tcl
k,k
hh,t
r,r
aa,ay
w,w
pcl,tcl
s,s
pcl,tcl
q,q
dcl,dcl
pcl,kcl
m,m
s,s
iy,iy
tcl,tcl
ah,ah
tcl,dx
m,m
l,l
w,w
iy,iy
tcl,tcl
iy,iy
axr,ix
dcl,dcl
tcl,dcl
iy,iy
ix,ix
eh,eh
w,w
z,z
pcl,tcl
l,l
n,n
pcl,pcl
kcl,gcl
jh,jh
gcl,dcl
ch,sh
ax,ix
pcl,tcl
p,p
m,n
dcl,tcl
tcl,tcl
w,m
sh,sh
kcl,tcl
ih,l
m,m
ay,ay
eh,eh
k,k
w,eh
bcl,dcl
m,bcl
sh,s
dcl,dcl
sh,sh
r,r
m,l
l,ao
k,k
n,ix
el,l
bcl,dcl
l,n
er,er
ay,ae
q,q
ix,ix
en,n
eh,ah
ao,aa
ay,oy
n,dcl
w,w
bcl,dcl
ao,ao
eh,eh
ih,iy
kcl,tcl
r,r
gcl,v
er,axr
ax,l
iy,iy
iy,iy
ix,ix
ih,iy
ch,ch
ay,ay
k,t
m,n
axr,ih
iy,iy
ey,iy
t,t
n,n
hh,jh
l,el
kcl,tcl
axr,aa
s,sh
ey,ey
z,s
eh,eh
y,ix
s,s
w,w
ae,eh
ao,aa
m,n
s,s
l,w
z,s
r,axr
pcl,tcl
kcl,ix
m,n
axr,axr
gcl,tcl
ax,ax
kcl,kcl
jh,sh
tcl,pcl
dh,dh
pcl,tcl
r,ax
l,l
en,n
n,n
ae,ae
ey,ey
eh,ey
n,n
s,s
t,jh
ay,aa
s,s
w,ao
ng,n
sh,sh
m,l
tcl,tcl
ao,aa
z,s
w,ao
s,z
ax,n
ax,l
ix,ix
l,l
y,y
l,l
ay,aa
p,p
axr,er
iy,iy
t,k
f,f
m,m
w,w
s,s
hv,hv
dcl,tcl
ow,ow
kcl,tcl
ih,axr
f,f
er,eh
ah,ah
oy,oy
l,ax
ao,aa
dh,tcl
q,q
tcl,tcl
iy,iy
z,s
g,k
ae,ae
s,s
eh,ih
gcl,tcl
t,jh
l,r
ax,ax
kcl,tcl
v,v
ix,ix
kcl,tcl
ix,ax
ih,ey
tcl,ix
tcl,tcl
ix,n
l,l
ay,aa
sh,sh
s,s
s,s
ah,aa
kcl,kcl
w,w
er,ae
r,r
l,ax
s,s
oy,oy
l,el
ih,ix
m,tcl
l,l
ih,ih
kcl,kcl
aa,aa
t,t
dx,n
ow,l
ih,axr
dcl,tcl
ch,jh
axr,axr
s,s
q,q
iy,iy
q,q
kcl,tcl
axr,axr
ay,ay
l,l
pcl,tcl
er,axr
ay,ay
er,oy
el,l
pcl,tcl
z,z
dh,dh
p,p
gcl,dcl
l,aa
tcl,kcl
eh,ih
s,s
dcl,bcl
nx,l
y,y
ae,iy
s,s
ah,ah
eh,r
tcl,tcl
w,w
l,q
r,er
jh,jh
t,t
dh,dh
ih,ih
ey,ey
pcl,tcl
m,m
axr,axr
gcl,dcl
dx,dh
d,jh
k,jh
ux,ix
ix,ix
dx,n
p,q
r,r
iy,iy
n,n
r,r
pcl,tcl
ae,ae
ae,ae
w,w
t,sh
d,jh
th,s
ch,sh
sh,sh
aa,aa
oy,ow
iy,iy
ix,ix
aa,eh
hv,l
iy,ih
ey,ix
ih,ax
iy,iy
s,s
s,s
ae,ae
hh,dh
ux,iy
hv,hv
iy,ux
kcl,k
iy,iy
q,k
s,s
axr,axr
g,q
ax,ix
q,l
eh,oy
s,s
ae,eh
aa,ay
kcl,pcl
uh,l
s,s
tcl,dx
ix,ix
ax,ax
ao,aa
eh,ah
y,iy
z,z
bcl,dcl
pcl,pcl
ao,ao
ay,ay
n,n
ix,ix
ey,ey
ay,aa
ae,eh
axr,er
ah,ah
k,k
oy,ao
s,s
s,s
ax,l
bcl,dcl
l,dh
ih,iy
axr,ix
tcl,tcl
kcl,kcl
ax,eh
r,r
t,t
ux,ux
s,f
n,n
r,r
ih,ix
l,eh
r,ix
ch,ch
y,y
n,n
bcl,tcl
axr,eh
jh,jh
eh,eh
iy,iy
ix,ix
jh,k
eh,r
q,q
r,ix
l,ux
r,r
axr,axr
l,l
gcl,tcl
iy,iy
ae,ae
q,q
en,n
axr,r
ix,ix
ix,ix
z,s
ey,iy
ao,w
ih,ix
dh,dh
ae,ae
ix,ix
eh,eh
sh,sh
sh,s
el,ow
el,ow
tcl,tcl
tcl,dcl
ch,ch
t,t
aa,aa
bcl,dcl
f,k
k,t
iy,ih
aa,aa
ae,eh
l,r
v,m
kcl,kcl
eh,eh
bcl,dcl
v,dcl
ay,ow
dh,tcl
m,n
k,k
ih,ix
ix,eh
kcl,tcl
r,r
f,f
ow,ao
iy,ey
ix,ix
er,axr
ao,ah
ey,axr
r,r
iy,ey
ih,ih
r,r
t,t
r,r
y,y
ax,r
q,q
v,v
ch,sh
n,q
dcl,tcl
iy,y
l,l
q,q
m,n
bcl,dcl
ow,aa
er,ow
iy,iy
r,n
t,t
ix,iy
ih,ix
f,f
s,s
q,q
n,m
w,w
axr,r
dcl,dcl
r,q
ih,eh
ix,ix
k,d
l,l
ih,ih
gcl,tcl
r,r
ey,ey
eh,ih
jh,jh
g,k
v,v
ae,ae
s,s
ng,n
r,r
dx,r
kcl,tcl
k,k
l,w
gcl,tcl
gcl,dcl
w,l
axr,ix
r,r
sh,sh
gcl,r
axr,axr
r,w
n,n
ey,iy
ix,eh
g,kcl
eh,eh
r,w
ey,iy
ix,eh
ae,ae
r,r
s,s
aa,aa
d,r
ih,iy
k,p
dh,n
ux,iy
ay,ay
ah,ix
tcl,tcl
r,eh
ay,aa
ih,ih
iy,iy
kcl,tcl
ae,ae
iy,iy
t,t
ix,ix
l,l
dcl,dcl
ah,ae
iy,ih
ix,eh
uh,w
r,r
ih,ih
k,k
uh,ux
eh,ah
s,s
axr,axr
g,k
n,n
z,s
aa,ay
dcl,tcl
s,s
dcl,tcl
tcl,tcl
iy,iy
kcl,tcl
l,m
ae,ae
dx,tcl
k,k
r,r
n,dcl
ey,ey
r,r
y,n
pcl,tcl
uh,ix
n,n
kcl,tcl
k,dx
axr,ux
iy,ix
p,p
t,t
eh,ix
dcl,dcl
dx,ix
aa,aa
dcl,dcl
aa,ao
ah,ax
r,r
m,m
ao,ao
iy,iy
dx,dh
dx,l
nx,dx
t,t
r,ax
r,r
f,f
d,dcl
ng,n
tcl,bcl
ux,iy
dh,dh
l,q
sh,jh
gcl,dcl
ow,ow
ix,ix
n,n
ah,eh
gcl,tcl
axr,r
n,n
m,m
r,r
q,q
hv,q
tcl,dcl
kcl,kcl
p,hh
r,r
kcl,tcl
er,er
n,n
bcl,dcl
el,el
jh,sh
n,n
k,k
s,s
r,eh
en,ix
s,sh
ix,ix
ah,ah
eh,eh
aw,aa
n,ix
l,l
n,n
s,jh
axr,axr
ah,ah
m,n
ow,ow
sh,sh
ch,ch
m,n
w,w
ae,ae
aa,ao
f,f
n,n
sh,sh
iy,iy
pcl,dcl
ux,ux
ao,ao
dx,dcl
m,n
dcl,dcl
eh,eh
m,w
tcl,tcl
z,z
ux,iy
tcl,tcl
l,ax
uw,w
bcl,bcl
aw,aa
m,n
n,v
dcl,dcl
dcl,dcl
b,tcl
er,er
f,f
l,r
p,k
tcl,tcl
ao,r
l,l
tcl,tcl
tcl,tcl
ay,aa
dcl,n
ix,ix
er,r
z,s
z,z
ae,ae
pcl,dcl
dx,dcl
k,k
n,l
n,n
kcl,kcl
kcl,kcl
ux,ux
s,s
pcl,tcl
t,t
ux,ix
kcl,kcl
ih,hv
r,r
ux,ux
ix,ix
sh,sh
s,s
axr,axr
g,k
ax,ah
q,aa
l,q
p,f
r,r
en,n
b,g
r,r
m,dcl
l,l
er,er
p,dh
dh,ix
l,l
w,w
tcl,tcl
t,t
ah,ae
n,dh
kcl,dx
ux,uw
iy,ix
ih,ix
ix,ix
v,v
ix,ix
ix,dcl
tcl,tcl
n,dcl
pcl,tcl
w,w
sh,sh
ao,ao
iy,iy
ix,ix
l,w
ax,ax
eh,eh
el,w
dcl,dcl
ix,ix
aa,ay
dcl,n
sh,sh
ix,ix
ey,ey
r,axr
el,q
m,n
dh,dh
pcl,tcl
s,s
aa,aa
z,z
y,y
s,s
s,s
ah,ah
dcl,dcl
ih,ax
nx,dx
sh,sh
r,er
ae,eh
w,l
q,k
tcl,tcl
iy,ey
r,l
dcl,dcl
uh,ao
uh,axr
aa,aa
ae,ae
v,v
q,q
k,dh
kcl,dcl
oy,oy
n,n
s,s
ix,ix
q,q
z,z
r,r
s,s
iy,iy
bcl,pcl
th,f
dcl,dcl
g,d
v,v
l,l
dcl,ix
t,t
dh,tcl
eh,l
uh,ax
p,p
hh,q
dcl,dcl
q,q
oy,oy
tcl,tcl
gcl,dcl
m,w
w,w
pcl,tcl
ix,ax
ix,ax
nx,n
jh,jh
dh,dcl
g,q
aa,aa
w,dh
gcl,dcl
q,ix
dh,dh
aa,aa
s,z
ix,ix
ix,hv
ay,ay
eh,eh
r,r
axr,r
bcl,dcl
ow,ao
axr,q
ng,iy
k,k
en,ix
ae,eh
b,dh
m,m
ix,ix
v,v
v,v
t,t
ey,iy
s,s
er,axr
uw,uw
ih,ow
f,f
tcl,tcl
gcl,v
ey,ae
sh,s
ao,ao
w,w
bcl,bcl
n,n
tcl,tcl
axr,axr
ah,eh
jh,jh
iy,iy
iy,iy
iy,iy
v,r
s,s
aa,aa
ae,ae
w,l
gcl,dcl
p,p
ix,ix
dcl,dcl
sh,sh
t,t
ih,ix
s,ch
z,z
th,dh
z,z
el,l
p,k
p,k
pcl,pcl
g,v
ng,n
n,n
er,er
n,dcl
s,s
ax,ax
k,k
kcl,tcl
iy,iy
ix,ix
ax,ax
l,w
ae,ih
hv,n
ay,ae
q,q
n,tcl
dx,dx
iy,iy
ix,hv
ix,ix
er,ux
ey,ey
axr,ih
z,z
tcl,tcl
el,el
axr,r
axr,axr
y,y
sh,sh
w,w
iy,ix
ax,ax
eh,ey
ax,ix
iy,ix
l,q
ay,ae
dh,dh
n,ix
ey,ey
z,z
ix,ax
iy,ix
pcl,tcl
n,n
s,s
sh,ch
tcl,tcl
bcl,dcl
r,r
er,er
w,m
bcl,dcl
y,y
k,k
dh,pcl
iy,ih
dcl,bcl
s,s
ux,ux
g,k
r,aa
ow,l
r,r
l,ao
dcl,dcl
ch,ch
ux,er
ih,ey
dcl,n
r,r
y,dx
hh,g
iy,ey
axr,r
sh,sh
w,oy
ao,w
ax,ix
iy,iy
s,s
l,l
th,dh
eh,ae
axr,axr
kcl,tcl
ix,ix
tcl,tcl
ux,iy
axr,ix
l,l
gcl,dcl
iy,iy
ey,axr
m,m
ih,ix
l,l
n,n
eh,r
gcl,dcl
en,n
l,l
ih,ih
n,n
hh,hh
m,n
hh,q
ao,aa
g,g
l,l
sh,sh
gcl,dcl
p,hh
iy,ey
r,r
er,ih
l,ow
ix,z
ih,ix
z,z
ay,ay
r,r
hv,ih
ey,ey
dh,tcl
iy,iy
kcl,tcl
s,s
iy,iy
v,n
eh,ix
f,f
q,q
l,l
gcl,gcl
bcl,dcl
gcl,dcl
r,ix
iy,iy
sh,s
k,k
ax,ix
axr,ih
eh,eh
m,m
er,er
p,tcl
bcl,tcl
iy,iy
p,hh
dx,dx
tcl,kcl
t,k
w,w
gcl,tcl
ax,v
l,l
dcl,dcl
kcl,tcl
l,r
ow,ow
hh,hh
n,ng
ah,ah
ih,ix
ax,ix
s,s
dcl,dcl
ay,ay
ax,ix
pcl,tcl
ih,ow
d,d
n,dcl
ix,ix
ey,iy
jh,jh
p,tcl
t,d
dcl,l
g,tcl
iy,iy
aa,aa
ix,ix
ao,l
aa,aa
tcl,kcl
f,f
r,r
axr,ey
t,t
aa,aa
k,k
hh,dh
ix,eh
ay,ay
dh,ix
ix,dh
w,w
l,l
t,dh
ix,ix
eh,ah
ix,ax
ix,ix
ng,ng
aa,aa
ax,ax
tcl,tcl
ae,ae
tcl,tcl
m,ax
iy,iy
gcl,dcl
ih,ax
q,q
jh,jh
tcl,tcl
gcl,tcl
ix,iy
b,q
m,w
ay,ey
k,t
l,l
sh,sh
uw,ih
dcl,dcl
m,n
aw,aa
ng,ix
ih,n
d,q
kcl,tcl
s,s
pcl,tcl
ix,eh
bcl,bcl
r,dx
dcl,dcl
ch,ch
pcl,kcl
y,n
m,n
eh,ix
p,tcl
b,g
kcl,kcl
z,s
dh,dh
aw,l
eh,ae
r,r
w,w
ux,uw
ae,ae
uw,ow
eh,eh
n,n
ax,ix
kcl,tcl
t,t
tcl,tcl
ix,ix
p,p
ch,ch
ax,ow
z,s
s,s
z,z
ix,ix
iy,iy
k,kcl
r,r
axr,ae
aa,r
n,n
s,s
s,s
q,tcl
s,s
en,ix
s,s
bcl,m
r,r
ch,jh
w,w
ih,ix
ae,ae
r,r
r,r
tcl,tcl
m,m
pcl,dh
ng,ng
s,z
ow,aa
s,s
w,w
tcl,kcl
hv,m
r,r
ih,ix
z,z
ax,eh
ix,iy
l,uw
n,n
m,m
ay,ae
eh,ow
ao,ao
ih,ih
n,ix
tcl,tcl
er,r
ey,ey
kcl,kcl
p,k
ix,ix
axr,axr
w,w
r,aa
ax,ix
t,t
aa,l
ao,ao
ng,dcl
n,n
p,k
ix,ix
iy,ix
ao,aa
ow,ow
el,n
ix,ix
ey,ae
r,r
pcl,pcl
axr,axr
t,t
ih,ix
axr,r
k,k
pcl,tcl
s,s
f,f
eh,l
ae,eh
aa,ao
t,t
tcl,dcl
aa,aa
sh,sh
l,l
tcl,tcl
tcl,kcl
z,s
eh,eh
pcl,tcl
ih,ix
l,l
l,l
ao,ao
kcl,tcl
ih,iy
iy,iy
l,w
tcl,dcl
r,r
ix,ix
ao,ao
iy,iy
l,l
iy,iy
f,f
kcl,tcl
el,axr
l,l
s,s
y,ix
eh,r
z,z
ax,ix
oy,oy
eh,ix
uw,ow
s,s
kcl,kcl
hv,hv
eh,ey
hh,p
n,m
eh,eh
gcl,dcl
z,s
q,tcl
aa,aa
ao,ao
t,ch
y,y
iy,iy
dcl,dcl
n,n
iy,ih
l,l
er,axr
uh,ih
jh,jh
k,kcl
l,l
k,k
y,iy
ih,ih
bcl,dcl
m,v
kcl,tcl
eh,iy
jh,t
s,z
ux,ix
q,l
f,f
ao,ao
ao,ao
m,n
t,t
ix,q
z,z
ng,n
iy,iy
iy,iy
el,l
tcl,tcl
n,n
iy,iy
hh,dh
dx,ix
m,ng
z,z
k,k
dcl,tcl
y,y
q,kcl
f,f
q,q
ix,ix
g,t
ng,q
kcl,tcl
ch,s
dcl,dcl
t,tcl
ah,ah
er,er
kcl,kcl
axr,axr
ah,l
tcl,dcl
ix,dh
ao,ao
tcl,dcl
n,bcl
iy,iy
eh,eh
ix,ix
r,axr
v,v
ow,ao
n,n
n,n
t,t
s,s
ah,ah
eh,l
z,s
k,k
kcl,tcl
ih,ih
ix,iy
ey,ey
ey,ey
eh,eh
r,r
ih,ih
ix,ax
ax,ax
b,g
w,r
l,el
pcl,tcl
ow,ow
m,ix
ih,ix
dh,dh
w,w
er,er
ih,ih
kcl,kcl
z,s
s,s
gcl,tcl
tcl,dcl
l,l
q,q
n,n
tcl,tcl
iy,ux
z,z
iy,iy
ax,ax
ix,ix
q,dx
bcl,dcl
axr,axr
n,n
n,n
ih,ih
n,n
ae,ae
r,r
sh,sh
aa,aa
w,w
axr,axr
l,ax
t,tcl
iy,iy
v,hv
tcl,dcl
m,n
ax,l
eh,ae
n,n
ix,ix
gcl,dcl
ow,ow
dcl,gcl
aa,aa
ey,iy
w,w
ih,ih
k,k
iy,ey
f,t
y,ix
z,z
bcl,tcl
s,z
tcl,tcl
dh,dh
w,w
ah,ao
hh,q
aa,aa
ax,axr
axr,axr
ah,l
ae,ae
ah,ah
dx,dx
s,s
ey,ae
l,w
k,k
z,z
z,z
ao,w
kcl,pcl
ih,ix
ax,ix
aa,eh
iy,iy
m,m
axr,r
k,kcl
s,z
eh,ah
kcl,tcl
s,s
ao,ow
m,n
sh,sh
ux,ix
s,s
ix,ix
iy,iy
l,el
n,n
dh,tcl
ae,ae
dx,n
s,s
r,w
aw,ao
n,n
s,s
y,y
v,v
dcl,dcl
s,z
aa,aa
ay,ay
s,s
bcl,v
ax,l
f,f
th,dh
q,q
q,q
dcl,v
s,s
ey,eh
ey,ih
s,s
bcl,bcl
ah,ah
w,l
t,t
jh,k
aa,ao
hh,hh
w,ao
f,s
ch,jh
tcl,kcl
ix,ih
m,m
kcl,tcl
eh,ih
ao,ao
m,m
s,s
iy,iy
ch,jh
ay,ay
ix,n
jh,ch
t,t
l,l
tcl,tcl
tcl,tcl
k,d
s,s
ih,ae
aa,ao
s,s
ix,ix
ow,eh
n,n
el,ow
m,n
ih,ix
aa,aa
tcl,tcl
k,k
z,z
ih,ix
n,ix
kcl,f
kcl,kcl
p,p
eh,eh
r,r
ah,ow
kcl,kcl
z,s
r,w
tcl,tcl
iy,iy
el,w
ae,ae
ae,ae
ow,ao
n,dcl
iy,iy
p,k
pcl,pcl
dh,dh
q,q
bcl,bcl
ix,ih
eh,ix
f,kcl
kcl,kcl
ow,ow
tcl,tcl
ix,ix
ey,ey
m,ng
f,f
pcl,tcl
iy,iy
p,kcl
iy,iy
s,s
p,k
ae,ae
eh,ih
ey,ow
hh,hv
r,n
tcl,tcl
dcl,dcl
iy,ix
axr,axr
q,y
n,dcl
ae,ae
er,er
tcl,tcl
dh,v
r,r
ux,ix
pcl,dcl
d,t
k,k
ax,n
kcl,tcl
t,t
ao,w
v,n
ow,l
sh,sh
pcl,tcl
s,s
sh,sh
ix,ix
ix,ix
jh,sh
dcl,jh
s,s
kcl,kcl
n,n
nx,n
p,k
iy,iy
r,r
aa,ah
l,ax
hh,hh
k,k
r,ix
p,hh
dx,q
z,s
s,s
n,n
g,g
r,r
z,z
s,s
f,f
ah,ow
l,ax
n,m
kcl,kcl
tcl,kcl
s,s
kcl,tcl
gcl,gcl
n,n
t,ch
m,n
dcl,dcl
s,s
oy,aa
r,r
s,s
q,q
s,s
d,q
iy,r
r,r
m,n
n,ix
ah,r
l,l
er,er
l,l
gcl,dcl
f,kcl
s,s
dcl,dcl
s,s
iy,iy
aa,ay
v,ix
n,n
ow,ow
v,l
l,l
er,er
uw,uw
ae,ae
er,er
z,z
s,s
r,r
r,ax
tcl,tcl
ao,l
ow,ow
uw,ow
tcl,tcl
gcl,dcl
ow,ow
aw,eh
ao,ao
dcl,dcl
bcl,dcl
tcl,tcl
s,s
pcl,tcl
tcl,tcl
eh,ah
s,s
ix,ix
l,l
s,s
n,n
sh,s
aa,ao
l,l
tcl,tcl
ix,ix
bcl,dcl
dcl,tcl
ah,eh
r,r
ix,ix
b,q
iy,y
ow,ow
s,s
k,t
nx,dx
em,ix
ux,ux
ow,ae
tcl,tcl
n,n
m,n
t,t
k,dh
sh,sh
l,ax
iy,ih
ax,ah
pcl,tcl
iy,ix
z,z
v,n
w,w
dh,n
f,q
hh,t
ao,ao
ax,ix
ix,axr
q,q
k,k
pcl,pcl
sh,sh
l,l
n,dcl
n,ix
m,hv
eh,ih
s,s
axr,r
tcl,tcl
l,l
kcl,kcl
dh,g
iy,iy
v,l
ix,ix
ix,ix
ix,ix
ih,ih
pcl,tcl
l,l
ah,ah
pcl,kcl
ih,ih
ix,ix
eh,eh
pcl,tcl
m,n
axr,axr
nx,n
t,d
iy,ix
p,p
n,dcl
n,n
iy,r
l,l
l,ix
sh,sh
ae,ae
l,l
l,l
dh,tcl
s,s
w,w
n,n
ih,ih
ux,iy
ah,eh
bcl,dcl
z,z
ih,ih
r,r
q,q
m,dcl
ix,ix
aa,aa
w,w
dh,k
jh,jh
aa,aa
axr,axr
dcl,dcl
ah,ow
dh,dh
el,ax
ay,ay
ix,ix
aa,aa
tcl,pcl
iy,ih
ax,ix
l,l
z,z
m,n
kcl,tcl
el,ah
eh,ae
l,dh
s,sh
z,jh
f,t
s,s
dx,dx
ux,ix
ix,ix
ow,ow
ao,w
axr,r
k,k
kcl,tcl
ow,ah
ix,ix
tcl,tcl
ix,ix
s,s
dx,tcl
ae,ae
hv,hv
kcl,tcl
nx,n
dx,ax
v,dh
el,ax
dh,dh
pcl,tcl
t,t
kcl,gcl
uh,l
ay,ae
s,s
p,p
el,l
sh,sh
dx,dx
dcl,tcl
b,d
iy,iy
r,r
pcl,tcl
n,n
n,n
eh,ae
t,q
w,l
r,r
n,n
th,dh
k,kcl
ao,ao
l,l
jh,jh
l,l
sh,sh
z,z
eh,eh
dh,t
t,d
y,y
gcl,dcl
d,n
ah,ae
ey,oy
jh,jh
dcl,dcl
hv,hv
ix,ix
m,dx
m,m
ow,ow
l,l
sh,sh
sh,sh
axr,hv
y,iy
aa,ay
kcl,tcl
s,s
ey,ey
oy,oy
ao,r
bcl,n
kcl,tcl
el,l
ae,ae
tcl,tcl
t,k
er,r
z,s
ay,ay
gcl,tcl
dcl,dcl
y,y
s,s
tcl,dcl
w,w
tcl,dcl
iy,iy
aa,ao
ix,ix
z,s
n,ng
s,s
w,w
tcl,dcl
axr,axr
ih,ix
ih,n
er,axr
ih,iy
y,y
n,n
dx,ax
iy,y
dx,dh
q,q
n,dcl
ay,ay
s,s
ix,axr
sh,sh
r,l
ae,ae
tcl,tcl
ix,ix
ux,eh
r,r
ah,eh
ax,r
l,ax
m,m
r,r
k,t
l,w
dcl,tcl
dcl,tcl
q,q
ih,ih
aa,aa
ix,tcl
ih,ah
iy,iy
ix,ix
eh,ix
f,f
s,s
iy,ih
n,n
tcl,tcl
r,r
r,r
tcl,dcl
tcl,v
aa,aa
ay,ay
bcl,bcl
axr,ix
ng,ng
s,s
dcl,tcl
dcl,dcl
t,ch
n,dcl
kcl,tcl
iy,iy
tcl,tcl
tcl,tcl
iy,iy
p,kcl
axr,r
m,n
p,p
t,t
tcl,tcl
ax,ah
tcl,pcl
pcl,tcl
ae,ix
iy,iy
bcl,dcl
s,z
dcl,dcl
k,k
ay,aa
sh,sh
ow,aa
dcl,m
tcl,tcl
dcl,dcl
l,l
t,t
r,r
m,n
q,q
dcl,dcl
ih,ah
ae,ae
s,s
kcl,tcl
ix,ix
ae,ae
f,v
k,k
f,f
f,f
aa,aa
w,w
ch,ch
l,l
m,n
t,t
iy,iy
s,s
ix,ix
p,p
bcl,tcl
ix,ix
ey,eh
w,w
k,k
dx,ix
k,tcl
f,f
ay,ae
ey,ey
ae,eh
ae,ae
sh,sh
kcl,kcl
axr,r
q,q
r,ix
eh,eh
ow,ow
tcl,tcl
ch,jh
z,z
eh,eh
hh,l
l,l
axr,axr
s,s
gcl,kcl
g,kcl
l,l
ey,eh
m,n
axr,ix
bcl,dcl
ao,ao
pcl,tcl
w,r
k,tcl
ah,aa
tcl,tcl
r,ax
axr,ah
dx,n
er,ih
w,w
z,z
pcl,tcl
r,r
l,l
pcl,pcl
ix,ix
r,r
s,z
ng,n
r,axr
r,r
v,f
er,axr
oy,ao
dx,dx
ux,iy
iy,iy
k,k
ix,ix
k,g
dx,dx
m,tcl
l,l
f,f
kcl,tcl
ix,ix
k,k
bcl,bcl
eh,eh
r,eh
r,r
nx,dx
ow,ow
dx,dx
ih,iy
g,g
t,z
r,r
eh,ae
iy,iy
axr,er
d,t
tcl,tcl
ix,ih
y,y
ix,ix
ih,ih
dcl,tcl
ng,ng
ae,ay
eh,ix
el,ao
s,z
tcl,tcl
r,eh
bcl,bcl
oy,ao
s,s
hv,q
ax,ax
dh,d
ae,ae
r,r
hv,l
dcl,dcl
aa,ae
t,k
ih,iy
dh,dh
ix,ix
ao,m
hv,hv
k,k
en,en
tcl,tcl
aa,aa
kcl,pcl
l,ix
sh,sh
w,w
ay,aa
sh,sh
t,dh
tcl,dcl
f,f
oy,ay
z,dcl
ax,ix
z,z
s,z
l,l
jh,jh
w,w
p,p
ay,ay
nx,l
kcl,tcl
axr,ax
eh,eh
axr,ix
kcl,tcl
n,w
v,tcl
ix,eh
er,er
zh,sh
aa,aa
tcl,tcl
d,d
aa,ay
z,z
ow,l
iy,iy
dcl,tcl
dcl,dcl
dx,dx
d,t
aw,aa
q,q
q,q
pcl,tcl
ey,ey
eh,eh
n,n
s,jh
ae,ae
n,ix
jh,jh
aa,aa
ix,ix
m,m
iy,ih
ax,ax
r,axr
r,r
iy,ix
t,t
l,ow
gcl,tcl
dcl,dcl
eh,ix
er,ow
w,w
ao,ao
kcl,tcl
s,s
ay,ay
s,s
v,v
axr,ux
aa,hv
s,s
ay,hv
r,r
iy,iy
kcl,tcl
tcl,tcl
ae,ae
pcl,tcl
l,l
iy,ih
ix,iy
ah,r
ax,l
q,q
iy,y
ae,ae
z,z
dcl,dcl
m,m
tcl,tcl
dcl,dcl
r,r
n,n
l,r
r,axr
aa,aa
gcl,tcl
uh,ih
z,z
kcl,tcl
ax,ax
n,n
gcl,dcl
eh,eh
n,n
r,r
ay,ay
jh,jh
ae,ae
s,s
tcl,dcl
iy,iy
s,s
l,w
l,l
l,l
v,n
ae,ae
z,z
axr,aa
ix,ix
tcl,kcl
ix,iy
n,n
s,s
er,er
iy,iy
ng,n
q,q
n,dcl
ae,ae
pcl,pcl
ay,aa
ah,eh
s,s
hv,hv
t,t
kcl,q
ae,ae
iy,iy
t,k
ah,ix
n,n
tcl,pcl
aa,ah
ix,ix
s,s
iy,iy
q,k
q,tcl
l,ax
ah,ae
dh,dh
n,n
ux,iy
p,p
ih,iy
l,l
n,ix
r,axr
r,ix
dcl,dcl
q,q
kcl,tcl
tcl,tcl
nx,r
r,axr
tcl,tcl
m,n
kcl,kcl
ow,ow
hv,y
eh,eh
th,th
z,z
k,k
pcl,pcl
ay,ae
eh,eh
s,s
s,s
er,er
p,d
tcl,q
s,s
dh,tcl
ae,eh
r,r
r,axr
l,w
jh,jh
dcl,dcl
aa,l
q,q
l,l
iy,ix
q,ax
w,w
ix,ix
n,n
ey,ae
l,w
ih,ih
ah,ah
ay,aa
ae,ey
dcl,dcl
s,s
aa,ao
eh,eh
en,ix
n,n
r,r
t,t
tcl,tcl
aa,aa
v,v
y,ix
z,s
kcl,tcl
l,el
iy,iy
s,s
ih,eh
ng,ng
kcl,tcl
w,r
iy,q
iy,ix
v,axr
dcl,dcl
ih,ix
ay,ay
oy,oy
kcl,pcl
w,w
tcl,tcl
hh,p
p,p
th,f
dx,dx
t,t
t,t
ao,aa
f,z
q,r
ax,ah
ix,ix
s,s
ah,ah
oy,oy
s,s
er,er
ix,ix
s,t
z,z
ux,iy
r,r
kcl,tcl
ih,ix
f,f
em,n
s,f
m,m
aw,ay
tcl,tcl
s,s
aw,aw
ng,bcl
en,n
w,ax
n,n
aa,ao
s,z
aa,aa
s,s
kcl,kcl
ng,iy
sh,s
t,t
z,z
ax,r
l,l
ix,ix
tcl,tcl
eh,eh
m,n
dcl,dcl
kcl,tcl
dcl,dcl
ix,ix
s,s
n,ng
r,r
t,z
eh,ih
ng,bcl
ih,ih
s,s
tcl,tcl
kcl,tcl
m,m
dcl,tcl
f,f
d,k
m,dx
iy,iy
l,l
m,m
eh,eh
eh,ah
ng,n
kcl,kcl
ax,l
kcl,tcl
ae,ae
n,n
ch,ch
ay,ay
er,ix
l,l
n,n
tcl,tcl
ax,l
m,n
p,p
z,s
ay,aa
dcl,tcl
b,kcl
s,sh
m,n
tcl,tcl
ux,ux
z,z
l,w
k,k
m,dcl
z,z
iy,iy
l,l
y,y
m,m
z,s
iy,iy
d,tcl
ow,ow
ax,ax
r,eh
ix,axr
ix,ix
aa,aa
d,k
pcl,tcl
ey,ey
iy,r
l,l
p,k
s,s
dcl,dcl
ey,ey
ae,ae
ae,ae
f,f
ax,ix
gcl,dcl
tcl,tcl
t,t
v,v
y,iy
axr,axr
l,w
oy,ao
ow,ow
n,n
iy,iy
tcl,n
w,w
w,w
tcl,q
z,z
m,n
ah,ix
s,s
ix,ax
eh,ah
s,s
n,n
hv,hv
ix,ix
n,ix
s,s
iy,iy
q,dx
iy,iy
tcl,tcl
q,q
s,jh
ao,r
uh,ow
ih,ey
oy,ao
l,l
dcl,dcl
l,w
kcl,tcl
ix,ix
oy,ow
eh,ae
k,t
p,dx
pcl,kcl
eh,ix
w,l
k,k
q,q
kcl,tcl
iy,ix
n,m
tcl,tcl
s,s
gcl,dcl
kcl,tcl
l,l
dcl,v
dh,q
jh,jh
w,l
bcl,bcl
ix,ix
t,t
n,n
ix,ix
sh,zh
k,k
ao,ao
aa,aa
d,d
k,k
ix,eh
q,z
p,dh
tcl,dcl
ay,ae
t,t
ih,ix
bcl,dcl
dcl,dcl
ix,ix
hv,iy
s,s
g,k
tcl,tcl
ix,ix
ih,iy
n,n
m,n
ax,ax
dh,dh
ae,ae
ih,l
q,q
z,z
ch,jh
dcl,dcl
eh,eh
r,r
ax,ax
r,axr
g,g
pcl,tcl
l,q
r,r
w,l
hh,q
gcl,dcl
sh,sh
dcl,tcl
r,r
sh,jh
v,l
ao,aa
iy,iy
s,s
q,r
kcl,dh
iy,iy
s,s
ao,w
r,r
jh,jh
ih,iy
eh,eh
g,g
dcl,dcl
iy,iy
ow,ow
ix,ix
hh,hh
dcl,dcl
th,th
eh,eh
n,n
axr,ah
eh,eh
gcl,tcl
n,n
ae,ae
dx,ix
ao,ao
ix,ix
ay,aa
n,n
ng,m
aa,aa
iy,ix
dcl,dcl
ng,n
ix,ix
ah,eh
v,hv
uh,ix
kcl,tcl
q,q
uw,w
ey,ae
dcl,bcl
jh,s
iy,iy
kcl,tcl
er,ih
gcl,kcl
iy,iy
oy,ao
dcl,tcl
m,l
ch,ch
ah,ix
l,l
tcl,tcl
ix,ax
eh,ih
axr,ix
aa,r
tcl,pcl
ey,ey
tcl,v
q,tcl
g,k
n,n
ax,ix
z,z
dcl,dcl
ax,ax
tcl,tcl
v,r
d,d
kcl,tcl
ch,ch
kcl,tcl
s,s
dcl,dcl
iy,ix
hh,hh
t,ch
iy,ix
ih,ax
ix,eh
aa,aa
dx,ix
aa,ao
ih,eh
ax,ah
axr,r
aa,ix
ih,ax
iy,iy
tcl,tcl
l,ao
ah,eh
sh,sh
p,p
n,iy
pcl,tcl
k,k
dx,dx
pcl,tcl
ao,ao
ih,ih
aa,ow
ix,ix
q,q
ow,ow
ng,ng
er,axr
iy,ix
iy,iy
t,dh
axr,axr
uh,ih
r,axr
eh,eh
f,f
ix,ix
er,er
axr,axr
ae,eh
ax,tcl
er,er
dcl,dcl
ix,iy
r,ay
aa,ao
s,s
r,axr
ow,ow
d,k
uw,ax
f,f
n,n
sh,s
ng,n
aa,aa
f,f
er,er
kcl,kcl
axr,axr
l,l
ih,ix
r,r
ay,ay
eh,eh
s,s
m,n
ux,ux
p,p
kcl,tcl
dcl,dcl
er,r
z,z
l,w
iy,y
axr,axr
z,z
ux,ix
p,kcl
ix,ix
ax,ix
l,ax
n,dcl
pcl,kcl
kcl,tcl
aa,aa
ow,ao
n,n
ih,ix
ah,aa
ay,ay
er,axr
l,l
t,t
m,m
sh,sh
ao,aa
q,q
ao,l
q,q
m,bcl
n,ng
ih,ix
hh,k
r,r
ix,ix
ae,ae
ay,ae
s,s
y,iy
pcl,tcl
aa,ao
sh,sh
m,n
ux,ux
iy,iy
ax,n
kcl,tcl
el,el
tcl,tcl
aa,ae
n,n
ow,ow
tcl,tcl
iy,iy
q,q
n,n
z,sh
q,y
ax,ax
ae,ae
s,s
aa,ao
ix,ix
aa,aa
aa,aa
l,l
iy,ix
dh,dcl
eh,ae
n,n
ey,ay
kcl,tcl
d,n
s,s
n,n
r,r
dcl,dcl
z,z
m,m
q,q
dcl,dcl
ih,ih
oy,oy
q,q
ix,axr
s,s
w,l
iy,iy
f,f
n,n
ix,iy
r,ax
jh,jh
iy,iy
eh,aa
iy,iy
t,t
q,tcl
ix,ix
tcl,tcl
r,r
pcl,tcl
kcl,tcl
gcl,dcl
r,axr
ih,ow
w,uw
s,s
l,l
ux,uw
sh,sh
aw,ow
q,ix
ao,ao
g,t
dcl,dcl
ax,ix
s,s
s,z
aa,aa
y,q
n,ix
eh,eh
ih,iy
f,f
r,r
er,eh
axr,ih
axr,axr
ae,eh
l,l
ih,ih
dcl,tcl
bcl,tcl
t,k
s,s
n,n
m,n
k,tcl
k,k
w,l
ih,eh
hh,hh
hv,eh
l,l
en,ix
tcl,tcl
sh,sh
kcl,tcl
kcl,kcl
ow,ow
z,sh
ih,iy
ow,ax
q,q
ix,ix
bcl,dcl
ae,ae
n,n
ae,ae
ax,ix
dcl,dcl
ix,ix
w,w
ao,ao
f,s
tcl,dcl
axr,q
n,ix
ao,l
aa,aa
aa,eh
ax,ax
s,s
w,w
q,q
ae,ae
axr,ih
em,m
v,v
tcl,dcl
ix,axr
k,t
l,ax
axr,axr
ch,sh
g,k
dcl,dcl
dcl,dcl
tcl,tcl
dx,dx
iy,iy
n,n
kcl,kcl
s,s
ih,ix
dh,ax
k,k
q,ax
w,w
ax,ax
k,k
pcl,tcl
ih,ix
ix,ix
ax,ix
s,s
el,el
d,k
s,z
bcl,tcl
pcl,dh
oy,oy
s,s
pcl,pcl
p,g
k,t
ax,ax
k,k
kcl,tcl
ix,ix
hv,hv
er,ih
ay,hv
f,f
jh,ch
ow,ow
s,s
ay,ay
y,y
ae,aa
ay,q
dcl,bcl
pcl,tcl
hv,iy
t,d
w,w
ih,ih
aa,aa
bcl,bcl
ax,ax
s,s
ah,ax
bcl,pcl
hv,y
t,t
iy,iy
gcl,dcl
t,t
ae,ae
kcl,tcl
n,ng
s,s
iy,iy
el,el
f,f
z,s
ih,ey
sh,sh
sh,sh
iy,iy
ae,ae
bcl,dcl
aa,ow
b,q
aa,aa
q,q
k,jh
ow,ao
r,r
iy,n
ix,ix
r,r
g,k
iy,iy
w,w
aa,aa
bcl,bcl
ux,iy
axr,r
z,z
ah,ax
el,ax
kcl,kcl
ow,el
oy,aa
t,t
iy,iy
ow,ow
ux,ux
iy,iy
l,l
t,t
iy,iy
q,q
s,s
w,w
ux,ux
ey,ey
ah,aa
er,er
b,tcl
ey,ey
ix,ix
r,w
l,el
w,w
ix,ix
iy,iy
axr,r
er,er
dcl,dx
ey,ey
l,ao
w,w
ao,ao
l,ax
f,f
eh,eh
er,er
sh,sh
v,dh
iy,iy
aa,aa
hv,hv
s,s
l,l
ax,l
tcl,dcl
l,r
w,ax
sh,sh
p,p
z,s
r,r
ow,ow
m,m
ae,ae
iy,iy
iy,ih
k,k
ae,eh
ow,w
sh,sh
ix,ix
n,n
kcl,kcl
oy,er
aa,ao
axr,axr
tcl,tcl
kcl,tcl
ae,ow
ay,aa
r,r
ih,ae
axr,axr
y,y
w,ax
er,axr
ow,ow
r,r
r,r
ae,ah
ay,ix
ao,ao
pcl,tcl
n,n
tcl,tcl
t,k
eh,eh
r,r
ae,ae
uw,ux
eh,ey
bcl,dcl
ix,ax
n,n
aw,eh
iy,iy
l,l
l,l
kcl,tcl
ow,ow
bcl,dcl
aa,aa
t,t
l,w
s,s
ao,w
ax,ax
ix,ix
r,r
ah,ax
r,r
ax,ix
f,f
l,l
s,s
axr,axr
ae,ae
hh,d
m,m
n,ng
sh,sh
n,n
ax,ax
s,s
pcl,pcl
l,w
v,v
kcl,tcl
gcl,dcl
k,jh
r,r
s,s
tcl,tcl
q,q
ax,ax
ae,ae
w,w
dcl,tcl
z,z
en,ix
ih,iy
ax,ax
gcl,dcl
n,n
y,ix
ix,ix
ng,dcl
tcl,tcl
ix,ix
dh,dh
tcl,dcl
p,t
dh,l
ae,ae
kcl,tcl
uh,ix
v,ng
s,s
s,s
w,w
axr,axr
p,tcl
axr,g
iy,iy
k,k
y,ix
ix,ix
ae,ae
dcl,tcl
dx,dcl
t,jh
s,s
l,ix
dh,k
gcl,dcl
dcl,dcl
pcl,tcl
pcl,tcl
ix,ix
v,f
kcl,tcl
iy,iy
d,k
dcl,dcl
pcl,tcl
dh,dh
s,s
aa,ah
f,f
uw,ih
l,w
z,sh
dcl,dcl
uh,ow
n,n
ih,ix
dcl,dcl
f,k
ix,ix
iy,iy
bcl,bcl
kcl,kcl
pcl,tcl
t,t
r,r
ix,iy
eh,axr
w,l
eh,eh
m,m
f,k
ih,ix
ah,l
n,tcl
em,r
iy,ae
n,bcl
ih,iy
n,ix
ow,ow
r,axr
r,axr
s,z
hh,zh
iy,iy
ah,l
tcl,tcl
r,r
z,z
iy,y
ey,iy
ih,ix
ih,r
ix,ix
iy,ix
ix,ix
kcl,tcl
dh,n
n,n
el,el
r,w
kcl,tcl
kcl,tcl
r,r
q,q
w,w
kcl,k
w,l
ae,eh
iy,iy
n,dcl
aw,ay
ax,ix
r,r
axr,axr
jh,jh
n,n
ae,ae
hh,t
r,r
tcl,tcl
ng,ix
tcl,tcl
dcl,dcl
dcl,n
iy,oy
p,d
ux,iy
hh,q
iy,y
ix,eh
el,l
k,k
ax,ix
s,s
bcl,dcl
n,n
axr,axr
t,t
r,r
gcl,tcl
g,q
ch,jh
ix,ix
q,q
ix,ix
ux,ih
pcl,pcl
n,n
y,y
p,p
ix,ix
sh,sh
ow,ow
ay,ay
ao,ao
hh,tcl
r,r
gcl,v
q,q
dh,t
y,ix
kcl,tcl
ix,ix
el,l
th,pcl
s,s
tcl,tcl
ah,ao
ix,ix
m,n
ah,eh
ah,ah
m,n
g,t
iy,iy
iy,ih
l,l
y,y
ng,n
kcl,kcl
m,n
eh,eh
f,f
m,m
ih,ax
dh,tcl
ay,ay
dcl,dcl
ae,ae
dcl,kcl
iy,iy
f,f
n,n
iy,iy
l,l
aa,aa
eh,eh
iy,iy
w,w
eh,ey
kcl,kcl
axr,axr
w,w
dcl,dcl
bcl,dcl
axr,iy
aa,aa
tcl,tcl
th,q
l,l
r,r
f,f
ax,ah
f,pcl
er,axr
w,w
kcl,tcl
gcl,dcl
l,l
iy,ih
dx,tcl
dcl,dcl
bcl,tcl
m,n
gcl,tcl
ix,ix
b,dh
z,z
r,ix
r,r
gcl,dcl
ax,l
t,t
l,l
ix,ix
r,w
iy,iy
ax,q
iy,iy
f,k
aa,aa
ow,eh
pcl,tcl
ow,eh
ey,ae
ay,ae
n,n
r,r
d,dh
ch,ch
dx,dx
eh,ih
gcl,dcl
ah,aa
er,r
t,t
l,ax
y,iy
ix,n
l,l
ix,ix
k,t
tcl,tcl
ng,n
hh,kcl
n,n
n,n
r,ix
eh,ix
kcl,tcl
ix,ix
k,t
s,z
ey,ix
pcl,tcl
ax,ax
er,eh
iy,iy
k,dh
t,t
q,hv
dcl,dcl
hv,hv
axr,axr
eh,eh
oy,oy
ay,ae
tcl,gcl
tcl,tcl
ng,m
ow,ao
n,n
aa,ao
dh,dh
n,gcl
y,ix
ey,ih
dcl,tcl
dx,dcl
m,m
dx,dx
l,l
iy,ix
f,f
tcl,tcl
er,axr
ng,n
r,q
aa,aa
ae,ay
tcl,tcl
ih,eh
n,ix
ay,ae
ih,ih
ao,aa
hh,hh
ix,ix
dcl,dcl
s,z
y,iy
tcl,tcl
ah,ax
l,l
th,dh
dh,t
t,f
s,s
axr,axr
f,f
iy,iy
ix,ix
r,m
l,l
pcl,dcl
s,s
t,t
w,w
k,k
k,k
dcl,tcl
sh,sh
ae,eh
dcl,tcl
iy,ix
s,s
ae,ae
dh,dcl
s,s
ix,ax
k,k
ih,ix
ae,ae
l,w
ix,ix
dcl,dcl
ow,eh
dcl,tcl
ng,ng
el,el
l,l
w,l
l,l
k,k
t,t
l,l
ah,ay
sh,sh
dcl,dcl
r,axr
dcl,dcl
s,s
tcl,tcl
iy,iy
pcl,tcl
v,y
m,n
m,m
z,s
ax,q
z,z
ae,ae
ay,aa
ih,iy
r,r
k,kcl
dx,ix
y,y
ix,ih
sh,sh
z,z
ae,ae
tcl,tcl
s,s
t,t
ax,n
l,ah
ng,n
y,iy
r,r
m,m
ax,ih
ae,ae
z,z
z,z
uh,ix
ih,eh
ix,ix
ay,ah
dx,tcl
t,t
iy,iy
ax,ax
q,q
m,m
dx,dh
ae,eh
tcl,q
jh,jh
m,m
ow,ow
n,n
axr,axr
y,y
ae,ae
ax,ax
sh,sh
ae,ae
k,k
dx,q
iy,iy
k,k
aa,aa
ay,ay
s,s
r,r
ay,ay
hv,n
ih,ih
bcl,dcl
hh,hh
n,n
uh,w
ey,ey
ax,ax
ux,ix
ix,ix
s,s
ax,ix
iy,ih
kcl,tcl
eh,ix
ch,ch
tcl,tcl
iy,ix
r,ix
tcl,tcl
n,dcl
ix,q
d,d
n,ix
q,q
dcl,dcl
tcl,tcl
iy,iy
s,th
ax,ow
q,q
k,k
ey,iy
v,r
r,r
zh,z
axr,axr
iy,y
s,s
pcl,dcl
bcl,dcl
z,z
k,k
ix,ix
k,k
z,z
dcl,tcl
dcl,dcl
iy,ih
ao,ao
dcl,dcl
f,f
s,s
kcl,tcl
m,n
er,er
l,l
ao,w
dcl,dcl
t,t
ix,ix
axr,ix
ae,ae
ao,ao
n,q
z,z
ax,ax
dcl,tcl
g,q
kcl,tcl
ey,ae
dx,y
dh,l
w,q
dcl,tcl
ih,r
tcl,tcl
tcl,dcl
iy,iy
bcl,dcl
kcl,q
z,z
tcl,tcl
w,l
eh,eh
ix,ix
tcl,jh
k,k
ao,ow
dh,dx
iy,iy
ae,ae
r,r
p,p
w,w
iy,y
aa,aa
dcl,dcl
ix,ix
kcl,tcl
hh,dh
m,dcl
l,l
eh,eh
uw,uw
r,r
aa,aa
ix,ix
k,k
n,n
ng,ng
eh,ih
ae,ae
ey,eh
sh,sh
f,f
ih,iy
iy,iy
z,z
n,n
dx,dcl
ey,ih
iy,iy
l,l
kcl,k
aa,aa
ax,ax
ch,ch
th,th
w,w
k,k
ao,w
dx,tcl
ix,ix
ax-h,q
ix,ix
k,k
eh,axr
axr,r
s,s
z,s
eh,l
kcl,g
ix,ix
m,m
jh,jh
n,n
tcl,tcl
ah,ey
eh,ah
bcl,bcl
dh,dh
eh,ah
n,n
l,ao
bcl,bcl
el,n
s,s
axr,ix
r,r
m,n
ax-h,dcl
s,s
kcl,kcl
ow,ow
ae,ae
m,m
z,z
hh,tcl
tcl,tcl
axr,axr
n,n
m,n
ix,ix
bcl,dcl
l,l
t,t
tcl,tcl
iy,iy
q,q
r,y
gcl,dcl
d,d
dcl,z
m,n
dcl,tcl
ey,ey
ih,ih
s,sh
aa,aa
eh,eh
gcl,n
m,n
pcl,kcl
ey,ih
y,y
w,ax
s,s
ix,iy
dh,ix
tcl,tcl
gcl,dcl
n,n
s,s
ix,ax
iy,iy
kcl,tcl
r,r
ae,ae
l,ax
ih,ih
ey,ih
k,k
n,iy
ao,ao
t,t
ih,ix
r,r
ae,ey
tcl,dcl
w,w
ae,ae
iy,ey
n,n
n,dcl
gcl,tcl
t,t
tcl,tcl
kcl,tcl
ao,ao
aa,aa
l,ix
m,n
k,k
dcl,dcl
ae,ih
ae,ae
aa,l
n,n
ix,ix
m,n
iy,ix
iy,hv
ax,ax
r,r
er,eh
tcl,n
l,q
z,z
pcl,tcl
n,dcl
zh,sh
ax,ix
q,q
dh,v
y,iy
ux,ux
k,k
r,r
p,q
q,q
z,s
s,s
axr,ix
tcl,tcl
g,tcl
iy,iy
dcl,dcl
ax,ah
ay,ae
z,s
p,p
z,z
ih,l
s,s
aa,aw
tcl,tcl
tcl,tcl
oy,ow
y,y
tcl,q
s,z
uh,axr
ah,eh
ow,ow
kcl,tcl
ao,ao
b,tcl
eh,ey
ih,axr
ih,ix
y,jh
r,er
dcl,kcl
tcl,kcl
k,k
ax,ix
r,axr
g,k
f,k
w,w
n,n
gcl,dcl
iy,iy
f,dh
s,s
dcl,tcl
iy,iy
eh,er
ng,n
ey,iy
ih,eh
d,k
n,n
kcl,kcl
l,l
t,t
k,k
p,p
tcl,dcl
p,tcl
y,iy
g,k
kcl,tcl
r,r
sh,sh
axr,ih
r,r
nx,dx
p,k
hv,l
n,n
w,w
s,s
pcl,tcl
m,n
iy,iy
ah,ah
hv,iy
ow,ao
y,iy
iy,ux
l,ix
ao,r
ae,ae
tcl,tcl
q,jh
n,ix
iy,iy
nx,n
s,s
l,ix
pcl,tcl
axr,axr
dcl,pcl
pcl,bcl
s,s
tcl,tcl
p,p
r,r
n,n
r,q
ax,ax
dcl,tcl
iy,iy
s,s
ix,ix
ih,ih
ax,n
tcl,kcl
v,v
tcl,kcl
l,ix
n,n
iy,iy
v,m
ih,ih
el,el
tcl,tcl
dx,hv
l,l
z,z
gcl,bcl
dcl,dcl
tcl,tcl
ae,ae
y,iy
l,q
t,t
s,z
el,l
ey,ey
ey,ey
r,ae
w,w
l,l
iy,ey
tcl,tcl
ae,ae
ch,k
z,z
ih,iy
dh,dh
axr,axr
n,n
dh,tcl
eh,eh
sh,sh
ux,ux
n,n
en,dcl
iy,iy
eh,eh
y,iy
ax,ax
m,n
ae,ae
sh,sh
ix,ix
tcl,dcl
w,w
s,z
iy,iy
ey,ey
tcl,tcl
ux,ux
aa,aa
s,s
er,axr
ax,ax
l,l
q,q
ao,l
kcl,tcl
ux,ey
ng,ng
p,t
iy,ng
n,ax
l,l
p,dx
kcl,tcl
dcl,tcl
kcl,tcl
iy,iy
axr,ih
eh,ah
ax,ax
s,z
ae,ae
tcl,q
ix,ix
axr,axr
n,tcl
bcl,tcl
s,s
dcl,tcl
er,er
tcl,bcl
eh,eh
iy,iy
uw,uw
tcl,pcl
s,s
uw,er
s,s
r,r
ah,ax
l,q
k,k
ng,n
ux,ih
q,q
uh,ow
r,y
ae,ae
s,sh
ae,ae
dcl,dcl
er,r
ae,ae
q,q
iy,ix
w,w
el,ow
s,s
t,t
iy,iy
pcl,tcl
sh,s
v,dx
ay,aa
ey,ey
w,l
bcl,dcl
b,tcl
dx,dx
dh,t
ix,ix
iy,ix
n,n
r,eh
r,n
z,sh
dcl,pcl
ux,ux
ix,r
bcl,dcl
v,dh
eh,ey
dh,dh
ae,eh
r,r
kcl,tcl
ix,ix
l,l
ao,aa
eh,eh
ih,n
ax,ix
ae,eh
aa,ae
k,k
ix,ix
ae,ae
pcl,tcl
gcl,tcl
kcl,tcl
tcl,tcl
ae,ae
p,p
ah,aa
ay,aa
q,axr
hv,v
r,r
r,axr
ao,eh
ah,axr
pcl,pcl
p,t
ae,ae
l,l
v,v
n,ng
iy,iy
ih,eh
t,k
l,ax
ih,ix
tcl,tcl
t,t
q,q
l,l
ix,ix
ae,ae
z,z
ux,iy
ax,ax
q,v
ow,ow
f,f
ih,eh
ix,ix
pcl,tcl
th,f
ux,iy
t,k
ao,ow
dcl,dcl
tcl,tcl
w,w
t,k
ax,ax
r,r
q,dcl
n,n
w,w
iy,iy
eh,ih
ix,eh
ao,ao
dcl,dcl
ao,ao
p,p
n,ix
eh,eh
k,k
eh,ae
tcl,tcl
dcl,tcl
l,ah
l,l
r,r
m,dx
ix,ix
iy,ux
ao,aa
s,s
kcl,kcl
dx,dcl
m,n
f,f
s,s
ih,ih
nx,l
kcl,tcl
r,r
tcl,dcl
ae,ae
r,r
ao,ao
sh,s
kcl,dcl
ax,ax
iy,iy
ae,ae
n,ix
r,r
w,w
n,n
en,ix
pcl,tcl
t,t
gcl,pcl
jh,sh
tcl,dcl
p,k
s,s
dcl,dcl
ae,ah
p,jh
el,l
hv,hh
ey,ih
ux,uw
n,q
z,z
pcl,dh
r,r
s,s
er,axr
l,dx
ix,ix
w,w
q,q
bcl,bcl
ow,ao
kcl,dcl
ix,ix
dx,r
ey,ey
tcl,tcl
m,ng
p,d
w,w
eh,aa
aw,ae
ao,ao
ix,ax
bcl,dcl
tcl,dcl
n,dcl
eh,eh
ao,ao
s,s
s,s
l,r
er,er
q,q
bcl,dcl
iy,iy
kcl,tcl
hv,hv
tcl,tcl
er,er
l,l
dh,q
k,k
n,v
ah,eh
tcl,tcl
iy,ux
y,iy
n,n
ux,ux
v,n
k,jh
ay,ae
q,q
m,n
v,v
bcl,v
ao,ao
l,l
f,f
k,k
ih,ih
f,f
ax,ix
ih,eh
sh,sh
iy,iy
n,n
l,el
aa,aa
axr,axr
er,ao
ih,iy
ux,ih
axr,ax
ah,ow
d,k
q,ix
w,ax
hh,tcl
jh,jh
t,q
r,r
m,ix
n,k
ax-h,tcl
n,n
r,aa
r,r
n,n
ix,ix
dcl,dcl
gcl,q
nx,q
ax,ix
iy,ix
ae,aa
y,y
t,d
y,y
ax,ax
s,s
n,n
ax,ax
en,n
ah,r
b,dh
kcl,kcl
eh,er
r,r
k,k
y,y
k,k
ey,ey
n,n
r,r
ux,ux
ix,n
r,r
aa,ao
er,ih
kcl,tcl
s,s
iy,iy
pcl,gcl
s,s
q,q
r,ix
kcl,kcl
m,m
z,s
zh,jh
t,t
ow,ao
jh,sh
ey,ae
tcl,tcl
ey,ey
ow,ao
r,eh
s,s
aa,ao
ix,eh
hv,iy
z,z
dcl,dcl
iy,iy
r,r
jh,jh
l,w
hv,iy
ix,ix
f,f
v,dcl
w,w
sh,s
dcl,dcl
ax,ax
ao,ao
ix,ix
ix,ax
l,uw
q,ix
ay,aa
f,p
pcl,tcl
n,n
n,iy
w,w
kcl,tcl
l,l
gcl,dcl
ix,iy
s,s
sh,sh
eh,ix
l,l
f,f
gcl,tcl
iy,iy
dx,jh
iy,iy
ae,ae
er,ey
n,n
z,z
pcl,pcl
k,kcl
q,q
r,r
r,r
axr,r
g,g
ih,ix
gcl,dcl
axr,ix
s,s
gcl,gcl
ow,ow
r,axr
pcl,tcl
ah,ah
ih,ix
k,k
r,axr
eh,ae
ix,ix
n,n
ow,ow
s,z
axr,iy
bcl,bcl
dcl,tcl
t,t
kcl,kcl
m,bcl
ix,ix
p,k
r,axr
uw,uw
y,n
tcl,tcl
dcl,dcl
s,s
w,m
ax,l
l,l
pcl,tcl
er,er
tcl,tcl
ix,ix
s,z
tcl,dcl
ax,l
l,r
ix,ix
dcl,tcl
ah,ow
kcl,dcl
q,ix
w,w
tcl,tcl
y,iy
s,s
aa,aa
er,r
uh,ah
gcl,dcl
ax,ix
axr,r
kcl,kcl
ow,ow
m,dh
dcl,tcl
iy,iy
ix,ax
f,f
s,s
sh,sh
f,f
n,n
w,w
ey,ey
dx,jh
iy,ix
z,s
l,l
ae,ae
kcl,kcl
bcl,tcl
n,n
kcl,tcl
ax,ix
ih,ih
r,r
iy,iy
ae,ey
ae,ay
dh,dh
n,n
r,r
tcl,tcl
ix,ix
tcl,tcl
s,s
iy,ix
sh,sh
gcl,q
dcl,dcl
w,n
aa,aa
ux,ix
k,k
kcl,kcl
ix,ix
ae,ay
r,eh
ix,ix
ao,aa
iy,iy
pcl,tcl
k,tcl
aa,aa
pcl,pcl
kcl,dx
er,axr
ih,ih
dcl,dcl
ae,ae
ax,ax
gcl,kcl
l,l
y,iy
r,r
ay,ey
ng,ng
q,ix
ey,ey
bcl,bcl
kcl,kcl
pcl,tcl
ow,ao
uh,ax
eh,ix
ih,ih
dh,v
n,ix
r,eh
tcl,tcl
ah,ae
er,er
ih,ih
ae,ae
z,z
kcl,kcl
er,ih
m,n
hh,hh
axr,axr
ao,ao
tcl,tcl
s,s
tcl,tcl
uw,ax
ix,ix
ah,ae
s,s
iy,iy
em,q
ax,ax
ow,ow
pcl,pcl
r,r
ih,ae
dcl,dcl
iy,n
k,k
s,s
w,l
l,ix
axr,ix
l,l
w,w
ax,ax
ay,ay
ey,ey
aa,ay
iy,y
iy,iy
dcl,dcl
m,n
ao,ao
el,ax
l,l
ch,ch
er,er
m,n
l,l
axr,axr
p,p
iy,iy
ax,ax
m,l
dcl,dcl
m,m
tcl,tcl
n,n
er,er
el,l
ix,ix
t,s
w,l
ax,ax
axr,er
ax,ax
eh,eh
t,t
ae,ae
ix,ix
tcl,tcl
nx,q
w,l
n,n
er,axr
n,v
iy,iy
z,z
y,iy
n,n
l,w
ow,ow
dcl,dcl
q,q
dcl,dcl
dx,dh
ey,iy
dh,dh
dcl,dcl
ao,aa
r,iy
ix,ix
ih,l
eh,axr
z,z
er,r
tcl,tcl
dx,dx
ow,ow
l,m
hh,hh
eh,eh
ah,ah
n,n
ih,iy
en,m
p,p
ax,ah
k,k
er,er
w,l
dcl,dcl
n,n
p,p
aa,ah
s,s
m,n
dcl,dcl
bcl,bcl
pcl,tcl
k,k
g,q
ao,ao
dx,ix
er,er
s,s
ey,ay
s,s
m,ix
p,f
l,r
ix,ax
ih,ih
m,m
n,n
uw,ih
ah,ax
m,n
sh,sh
d,t
ey,ey
ay,ae
oy,oy
eh,ah
eh,eh
tcl,dcl
s,sh
q,y
er,er
y,y
m,n
v,v
ih,ih
bcl,dcl
r,r
ax,ix
t,t
r,r
n,n
t,t
r,ix
iy,iy
v,v
zh,sh
ih,eh
n,n
n,tcl
n,dcl
r,axr
n,n
ax,ix
w,w
ey,ih
ah,ao
l,l
s,s
r,r
ix,ix
t,t
ay,ay
q,q
jh,jh
ax,ax
n,n
ih,eh
z,z
ix,ix
s,s
kcl,tcl
r,r
n,n
l,l
m,n
hh,k
ih,ih
n,n
iy,iy
sh,sh
z,z
k,kcl
ow,ow
dcl,dcl
ey,ey
l,m
f,f
pcl,tcl
aa,r
ih,ih
s,s
eh,eh
n,n
hv,ix
pcl,tcl
kcl,tcl
k,k
kcl,kcl
n,n
axr,er
ih,ix
tcl,tcl
ix,ih
l,l
tcl,tcl
pcl,tcl
q,q
z,z
z,z
iy,iy
z,s
tcl,tcl
ix,ix
ih,ih
w,w
v,kcl
ah,aa
kcl,tcl
k,k
eh,ae
hh,hv
ix,ix
kcl,kcl
z,th
ih,ih
eh,q
iy,iy
f,f
ih,ax
ax,ax
tcl,tcl
el,ax
ng,n
t,d
pcl,dcl
r,r
n,n
p,p
tcl,tcl
l,l
ah,ix
r,r
r,r
ow,ao
kcl,tcl
ih,ih
ey,ey
dcl,dcl
axr,ax
n,n
ih,ih
ng,n
ax,l
ay,er
hv,hv
hv,hv
ih,ih
ao,q
f,f
ae,ae
ax,ax
aa,aa
l,l
n,n
ng,n
k,k
gcl,dcl
uw,uw
g,k
r,r
y,y
ng,n
ay,aa
kcl,tcl
tcl,tcl
ix,ix
n,n
ao,ao
n,n
iy,iy
ix,ix
ah,eh
m,m
iy,ix
dx,dh
kcl,kcl
t,t
l,l
p,p
k,k
ah,ix
w,w
sh,sh
axr,axr
q,q
y,y
n,n
n,n
ih,iy
bcl,tcl
ow,ow
s,s
ae,ae
r,r
iy,iy
l,l
q,q
y,y
tcl,tcl
kcl,tcl
q,q
ae,eh
p,t
tcl,tcl
k,k
dcl,dcl
m,m
sh,sh
n,n
v,w
tcl,kcl
ah,l
k,jh
f,f
q,ow
el,el
tcl,tcl
y,y
ay,ay
n,iy
dcl,dcl
k,k
bcl,v
eh,eh
f,f
ux,ix
kcl,kcl
kcl,kcl
f,f
ey,ey
f,dh
axr,q
iy,ix
iy,ih
k,k
kcl,tcl
tcl,tcl
s,s
m,m
v,v
t,t
ix,ax
s,s
ih,ih
r,r
axr,ix
z,z
tcl,dcl
q,q
f,k
t,t
ix,ix
ay,ey
ih,n
aa,oy
n,n
r,ix
m,r
tcl,tcl
ih,ih
kcl,kcl
m,n
t,t
p,hh
ae,ae
eh,ih
r,l
iy,iy
s,s
k,k
w,w
t,t
g,q
b,dh
th,dh
dcl,tcl
r,r
aa,ay
m,n
l,l
f,k
dx,dx
p,p
iy,ix
eh,eh
r,axr
ey,iy
tcl,tcl
iy,iy
ih,iy
r,r
w,w
ih,ax
f,f
aa,aa
ih,eh
l,l
ih,iy
m,ix
ao,ao
p,k
v,dh
r,r
ow,eh
q,ix
ix,ix
s,s
z,z
l,l
tcl,tcl
q,q
ih,y
ih,ih
t,t
ax,ax
k,k
y,ix
iy,iy
iy,ix
r,ax
kcl,tcl
r,aa
l,l
axr,axr
r,r
p,k
l,ax
pcl,q
iy,r
w,w
ux,n
k,t
iy,ix
ow,ow
tcl,tcl
n,n
q,q
iy,iy
pcl,tcl
r,w
r,l
l,w
n,dh
eh,ae
jh,jh
v,n
bcl,n
t,t
tcl,q
jh,ch
axr,axr
f,f
pcl,pcl
pcl,tcl
ow,ow
dh,tcl
f,t
k,jh
t,dcl
axr,iy
ix,ix
f,f
k,d
ey,iy
th,hh
iy,ix
uh,ax
eh,eh
dh,kcl
r,r
s,s
tcl,tcl
m,ng
ay,ay
ix,ix
er,er
ao,q
aa,aa
ih,iy
dh,dh
n,ix
l,el
q,q
ow,ow
n,n
ax,l
l,l
kcl,tcl
t,t
ae,ae
aa,aa
pcl,tcl
iy,iy
ae,eh
q,ax
n,dx
hh,tcl
gcl,dcl
g,q
kcl,pcl
tcl,tcl
en,ng
eh,ix
ix,ix
l,l
g,k
tcl,z
m,n
bcl,dcl
er,eh
eh,eh
ao,ao
tcl,tcl
iy,iy
n,n
ay,oy
uh,ih
r,r
ah,eh
p,t
z,z
m,n
n,n
iy,ix
iy,iy
w,w
ax-h,kcl
kcl,tcl
k,k
ae,eh
p,p
q,l
nx,n
sh,sh
n,ng
tcl,tcl
ae,ey
iy,iy
er,er
r,r
n,n
iy,iy
l,l
iy,iy
iy,iy
ao,ao
q,q
ao,w
ao,w
en,ix
l,w
iy,iy
s,sh
jh,jh
ax,ix
s,s
gcl,dcl
axr,axr
tcl,tcl
m,m
ae,ae
n,n
z,z
ax,ix
tcl,tcl
ah,ah
kcl,tcl
m,n
gcl,gcl
r,axr
ih,iy
k,k
t,t
n,ix
f,f
l,ao
gcl,gcl
q,ax
m,n
q,q
iy,iy
d,jh
m,ix
l,l
er,er
kcl,tcl
ao,aa
iy,iy
ay,aa
g,k
s,s
ao,ao
ix,ix
l,v
v,v
r,r
ih,ih
ix,ix
g,pcl
dcl,dcl
uh,ah
s,s
z,z
gcl,dcl
ax,ax
pcl,dcl
tcl,pcl
kcl,tcl
iy,iy
ae,ae
iy,iy
kcl,kcl
iy,ix
q,q
ao,r
pcl,pcl
iy,iy
dcl,dcl
r,w
eh,r
ao,aa
ae,aa
ah,ao
tcl,tcl
m,n
k,k
dcl,tcl
ao,aa
ah,eh
s,s
ae,eh
kcl,tcl
r,q
iy,ih
pcl,dcl
ix,ix
dcl,n
ng,n
y,iy
d,dh
nx,v
m,m
ae,ae
ix,ix
t,d
ax,ix
d,t
z,s
ae,ae
m,m
s,s
ix,ix
dh,n
zh,z
ae,ae
dcl,dcl
dcl,tcl
f,f
n,n
jh,jh
ix,ix
n,n
m,w
k,t
n,n
gcl,dcl
n,ng
kcl,kcl
s,s
ax,ax
ax,ah
ux,ih
dcl,dcl
v,n
ix,ix
eh,eh
bcl,tcl
ae,eh
k,k
ih,ih
ao,ao
iy,iy
jh,jh
l,l
el,ow
w,w
l,w
axr,axr
dx,dcl
hv,hv
eh,aa
s,s
ah,ow
bcl,dcl
g,k
t,t
kcl,kcl
q,q
aa,ao
tcl,dcl
dh,dh
s,s
r,w
eh,eh
eh,eh
f,f
dh,n
m,l
t,t
axr,r
kcl,tcl
ow,aw
gcl,dcl
s,s
ey,ey
ux,uw
ix,eh
s,s
l,ah
ix,iy
s,s
n,n
ux,ih
pcl,dcl
z,z
eh,ih
dx,tcl
uh,ax
q,q
ux,ux
n,n
k,tcl
dh,d
ih,ix
iy,iy
oy,ay
er,axr
eh,eh
aa,eh
m,m
sh,s
kcl,tcl
r,w
n,n
en,ng
v,v
ax,ix
sh,sh
l,l
pcl,tcl
k,k
ng,q
ch,k
s,s
ay,ae
er,axr
ao,ao
pcl,pcl
ah,ae
m,m
kcl,kcl
ih,ix
axr,ax
eh,eh
d,t
l,w
ow,eh
q,q
eh,eh
r,r
ao,aa
axr,axr
iy,iy
z,z
s,z
l,w
aa,aa
n,n
w,l
w,w
en,n
ax,l
iy,iy
l,l
ah,ah
l,l
n,l
q,q
ax,ax
r,w
er,ih
ow,l
dcl,tcl
ao,ao
axr,axr
ao,ao
kcl,tcl
n,n
er,er
m,n
tcl,dcl
dh,k
r,r
f,sh
y,y
m,n
d,ix
en,n
t,t
n,n
iy,iy
n,n
ae,ae
dh,v
kcl,tcl
iy,iy
gcl,gcl
s,s
iy,ix
v,ix
q,q
kcl,tcl
aa,aa
dh,q
el,el
r,r
s,z
t,ch
ix,ix
ay,aa
w,w
iy,iy
f,f
dx,dh
r,ix
t,t
ix,q
d,tcl
ih,ax
pcl,tcl
gcl,tcl
hv,hv
dcl,tcl
kcl,v
ao,aa
er,aa
tcl,tcl
s,s
pcl,tcl
er,axr
pcl,dcl
r,eh
axr,axr
iy,iy
ax,l
hh,q
k,k
ae,ae
axr,er
q,v
sh,sh
ae,ae
jh,jh
aa,aa
dx,dh
axr,axr
ix,r
l,ax
l,l
bcl,tcl
bcl,bcl
ih,iy
n,n
iy,iy
ng,m
ax,ix
v,v
w,w
w,w
l,l
dcl,tcl
r,r
ah,l
n,n
ux,ih
r,ix
ax,ax
m,dh
ae,ae
ao,w
s,s
kcl,tcl
q,axr
s,s
iy,iy
nx,n
ax-h,ax
n,n
y,ix
ax,ax
dcl,dcl
axr,l
n,n
y,ix
w,w
v,m
th,z
er,er
er,er
ax,ix
q,q
t,k
tcl,q
s,s
uh,ix
en,dcl
ih,ih
y,n
z,z
ix,iy
p,tcl
ix,ix
dx,ix
z,z
t,z
iy,n
kcl,kcl
z,s
dcl,dcl
s,s
ah,r
ay,ay
t,t
l,w
g,k
ih,l
eh,eh
n,n
n,n
gcl,dcl
eh,ih
sh,sh
ay,ae
ix,ix
ey,eh
ax,ax
kcl,tcl
ae,ae
ix,ix
r,r
z,z
aa,aa
ax,ax
r,r
q,q
axr,ax
kcl,kcl
q,q
ao,aa
ae,eh
ih,ix
ax,ax
n,n
ay,ae
bcl,dcl
ix,iy
th,s
dcl,dcl
m,n
kcl,tcl
ah,ow
v,dcl
er,er
ao,aa
ch,ch
ow,er
er,er
er,er
sh,sh
eh,ix
k,g
kcl,tcl
ux,ux
r,r
t,t
dcl,dcl
k,dh
hh,hh
n,n
d,t
ao,ow
ey,ih
k,k
eh,ih
w,w
ix,ix
r,ah
ih,ih
iy,iy
g,g
m,n
q,q
ao,ao
eh,ih
er,er
n,n
ix,ix
en,n
ae,ae
en,m
r,eh
ih,axr
r,aa
m,bcl
ng,n
dcl,dcl
ao,ao
m,m
dcl,dcl
t,t
ng,ng
z,z
axr,ux
ae,ae
ix,eh
pcl,tcl
jh,sh
s,s
kcl,dcl
m,n
oy,oy
t,k
ih,ih
l,ow
kcl,kcl
ix,ix
k,k
n,n
l,l
aa,aa
l,w
ey,ey
pcl,tcl
z,z
w,w
pcl,tcl
g,g
ae,ae
ay,ae
hv,ix
b,tcl
r,axr
k,k
m,n
ae,eh
iy,iy
q,q
ax,ix
l,w
ix,ix
r,r
ao,aa
l,l
pcl,tcl
ay,ah
ux,ix
pcl,tcl
ux,ix
k,k
w,w
uh,ix
th,dh
v,ix
s,th
q,ix
m,m
bcl,dcl
p,t
iy,iy
r,r
ao,l
ey,ae
r,ix
sh,sh
ax,ax
n,n
axr,ix
aa,aa
axr,axr
ah,eh
ow,ow
k,k
ux,iy
r,r
aa,ao
ae,ae
aa,ae
f,f
ao,ao
uh,ah
v,n
hv,hv
aa,aa
l,l
dcl,dcl
el,l
ix,ix
jh,jh
r,r
ux,ix
ux,ux
r,r
dcl,dcl
eh,ae
ix,ix
hh,p
kcl,kcl
q,q
kcl,tcl
n,n
z,s
t,t
ah,l
iy,iy
er,axr
q,q
axr,ah
z,z
ey,ey
hv,hv
dcl,tcl
dcl,dcl
n,dcl
k,k
dh,dcl
ix,ix
l,l
r,r
ah,ix
gcl,n
axr,r
m,n
n,n
k,k
n,n
ix,ix
w,w
axr,axr
p,p
l,l
r,r
ay,ae
ix,ix
q,ix
s,s
k,k
ix,ix
l,l
ae,eh
z,z
k,k
ax,ax
gcl,tcl
th,dh
dcl,tcl
q,q
ae,ae
aa,ao
ix,ix
ih,ih
sh,f
en,n
f,kcl
n,ix
ih,iy
k,k
iy,iy
g,dh
ay,aa
ao,r
ey,ey
sh,sh
sh,sh
dh,k
ih,ih
aa,aa
ow,ao
r,r
ax,ax
ux,ux
tcl,tcl
z,z
w,w
ih,axr
l,ng
dh,hh
dh,dh
z,z
ax,ao
w,l
r,r
ao,aa
axr,eh
m,n
ih,axr
en,n
v,ax
ax,ax
hh,q
en,ax
s,s
pcl,tcl
ix,ix
z,z
y,y
ux,ix
s,s
tcl,dx
ih,ih
q,ix
ih,ix
sh,sh
th,f
kcl,tcl
w,w
zh,zh
kcl,tcl
dcl,dcl
axr,axr
ae,ae
y,iy
l,l
oy,ow
l,l
z,z
q,ix
q,q
z,s
dh,s
tcl,v
ae,ae
v,n
w,w
t,t
n,n
eh,eh
en,ux
t,t
ih,hv
kcl,kcl
r,r
tcl,tcl
th,z
eh,ae
uw,r
r,axr
ax,q
ow,q
kcl,kcl
m,m
g,g
v,l
t,t
q,q
nx,n
tcl,pcl
ih,ae
ix,ix
r,er
kcl,tcl
ay,ay
t,jh
ux,iy
d,tcl
iy,iy
aa,aa
t,t
t,t
ae,aa
dx,dcl
k,k
ix,ix
k,k
aa,aa
s,z
eh,ey
ix,ix
r,axr
v,v
axr,axr
l,w
k,q
axr,ix
w,w
ax,ix
tcl,tcl
f,f
w,w
iy,iy
p,dh
r,er
l,w
y,iy
q,l
ux,ux
iy,iy
bcl,dcl
z,z
ae,ae
p,p
ah,eh
sh,ch
tcl,gcl
t,t
ey,ey
s,ch
uw,ow
q,tcl
z,z
axr,axr
k,jh
k,k
dx,dcl
aa,aa
w,w
ax,eh
ux,ux
n,ix
t,tcl
l,l
s,s
ih,ih
eh,eh
ix,axr
d,t
ix,ix
axr,er
r,r
ah,aa
uw,l
ih,eh
r,r
f,f
ih,ix
r,ax
y,y
kcl,kcl
ix,ix
eh,eh
ix,eh
p,k
w,w
f,f
l,l
ae,eh
r,r
r,r
f,f
eh,eh
dcl,n
s,s
ey,iy
aa,aa
l,l
ax,uw
r,w
s,s
r,axr
ae,ae
bcl,dcl
bcl,tcl
ax,ah
jh,jh
n,m
n,n
ix,ix
s,s
d,k
iy,iy
iy,y
q,q
q,q
ix,ix
kcl,tcl
s,s
r,r
uw,uw
s,ch
r,r
kcl,kcl
s,s
ax,ax
ix,ix
k,k
iy,iy
q,q
dcl,tcl
l,dh
s,s
aa,aa
uw,ix
tcl,tcl
z,z
pcl,pcl
sh,sh
tcl,tcl
s,s
t,t
dcl,n
l,w
iy,iy
g,kcl
dh,ax
l,w
iy,iy
z,z
kcl,tcl
ah,eh
t,t
ih,iy
er,r
eh,ih
r,ih
kcl,tcl
q,q
l,l
s,s
n,dx
hv,hv
z,s
m,m
ix,ix
z,z
z,z
q,ax
k,t
m,n
z,f
p,p
pcl,tcl
ey,ae
ae,eh
m,dx
tcl,bcl
eh,eh
z,z
ux,ux
kcl,tcl
ix,ix
dcl,dcl
r,er
r,r
iy,iy
r,r
z,s
w,w
eh,ax
ao,l
k,k
l,el
t,k
kcl,dcl
n,n
ae,ae
n,n
kcl,tcl
n,n
ay,ay
k,g
ay,ow
ae,ae
n,n
w,ng
eh,ix
bcl,dcl
s,jh
p,p
iy,iy
er,er
kcl,tcl
nx,n
aa,ao
ng,n
s,s
f,dh
t,k
ae,ay
k,kcl
ao,ah
axr,axr
ux,ih
ay,ae
s,jh
iy,axr
ae,ae
n,n
ae,eh
s,s
ux,ix
s,s
iy,iy
z,z
k,jh
w,l
iy,iy
k,kcl
z,z
r,r
pcl,tcl
ix,ix
ax,ax
axr,axr
k,kcl
z,sh
k,k
iy,iy
eh,eh
f,hv
ix,ax
ae,hv
z,z
tcl,tcl
ih,ix
ow,ow
r,r
dcl,v
s,s
eh,aa
y,y
pcl,tcl
w,r
aa,aa
k,k
hh,hv
aw,ae
kcl,tcl
f,f
t,t
kcl,tcl
iy,iy
ih,eh
z,z
hh,hh
t,t
f,f
ax,r
f,f
q,tcl
p,p
ae,aa
tcl,tcl
axr,er
iy,ix
l,l
iy,iy
z,s
t,t
iy,iy
k,k
dh,dh
p,dx
hv,hv
iy,iy
ax,ax
iy,iy
eh,eh
w,l
m,n
sh,sh
pcl,tcl
r,r
dcl,dcl
ix,ix
k,k
ao,ae
ay,er
kcl,pcl
ao,ao
t,t
l,w
r,eh
dcl,dcl
dx,tcl
ay,ay
r,axr
uh,ih
ih,ix
ae,ae
kcl,kcl
k,k
bcl,dcl
ih,ah
kcl,tcl
p,k
k,tcl
jh,s
ih,ix
k,t
ah,eh
r,er
ao,aa
ae,ae
dh,n
m,n
s,s
pcl,bcl
dx,dx
ix,ix
k,k
ah,ax
kcl,tcl
m,n
ey,ey
w,w
r,r
r,r
iy,iy
tcl,dcl
aa,ao
sh,sh
ax,ax
tcl,bcl
n,n
q,q
ax,ax
l,ih
s,s
ih,ih
ah,eh
axr,r
iy,iy
ae,ae
t,t
r,r
tcl,tcl
aa,aa
ix,l
dcl,dcl
ng,n
v,v
ih,ih
ao,ao
b,kcl
dx,dx
d,t
n,dcl
uw,uw
t,t
m,w
g,d
d,dh
l,ix
ix,ix
dcl,dcl
eh,ae
r,ax
q,tcl
w,w
s,sh
q,q
eh,ey
eh,eh
y,y
p,p
ao,aa
ix,ix
ax,ax
r,m
tcl,tcl
tcl,dcl
m,n
ix,ix
aa,ao
aa,ao
ix,ix
pcl,pcl
iy,iy
tcl,tcl
r,r
ax,ix
axr,eh
ao,aa
eh,ih
l,ih
ae,ah
ax,ix
ax,l
er,ow
ix,ix
pcl,pcl
ao,ao
tcl,tcl
tcl,tcl
tcl,tcl
eh,ao
kcl,kcl
gcl,dcl
pcl,dcl
ux,ix
kcl,k
axr,axr
m,n
axr,axr
ao,ao
m,dx
t,t
iy,iy
iy,iy
n,n
r,r
ae,ae
th,th
eh,eh
q,q
aa,ao
iy,iy
ah,ow
ix,ix
ix,ix
ax,axr
f,f
q,q
iy,iy
ey,ey
dcl,dcl
ay,ay
iy,iy
m,n
dx,dh
sh,sh
jh,ch
sh,s
t,k
kcl,tcl
ao,ao
ix,ix
ae,ae
kcl,tcl
ey,ey
ih,axr
w,w
ih,ix
dcl,gcl
iy,iy
r,axr
th,tcl
r,r
v,ax
n,v
iy,iy
p,k
tcl,tcl
z,s
ax,ax
dcl,dcl
l,l
el,el
ax,ax
er,axr
bcl,dcl
n,n
dh,dh
ey,eh
q,q
hv,hv
aa,ay
ux,ux
s,s
n,n
eh,eh
aa,ow
b,dh
m,m
iy,ey
eh,ey
uw,uw
kcl,tcl
hv,ix
gcl,tcl
ae,ae
ih,iy
ax,ix
kcl,tcl
n,n
ow,ow
t,t
ix,ax
z,z
s,s
ae,ae
m,m
r,r
ay,ae
ih,iy
w,w
ih,iy
gcl,dcl
ix,ix
p,q
ix,ix
l,l
ch,sh
s,s
s,s
v,m
s,sh
oy,oy
bcl,dcl
ih,ix
tcl,dcl
dx,dx
s,z
p,dh
eh,ah
hh,dcl
p,hh
eh,ay
ao,eh
r,er
n,kcl
ax-h,z
ih,ih
ix,q
r,r
kcl,tcl
n,dcl
r,eh
ax,q
ix,l
axr,axr
ih,ix
m,n
n,ix
g,g
s,s
l,l
hv,n
s,z
jh,jh
el,el
iy,iy
r,r
aa,eh
ix,ix
sh,sh
er,eh
aa,aa
er,er
q,q
ow,l
ow,q
ix,ix
ih,iy
aa,ao
ow,uw
ih,iy
kcl,tcl
n,n
iy,ih
r,r
ix,ix
q,q
eh,er
tcl,tcl
t,t
ix,ix
k,tcl
l,ax
tcl,tcl
ix,ix
axr,axr
er,er
tcl,tcl
n,n
s,z
v,v
ix,ix
ey,ey
b,g
y,y
z,z
dh,dx
r,r
tcl,tcl
z,z
pcl,tcl
iy,ix
s,t
axr,r
w,w
sh,sh
z,z
t,t
s,s
ix,ix
g,k
ix,iy
tcl,tcl
l,axr
ih,ih
r,r
ax,ax
iy,iy
aa,aa
ih,ix
q,q
ow,ow
ch,ch
l,w
el,l
l,aa
kcl,tcl
t,t
dcl,dcl
aa,ah
d,jh
ax,eh
ix,ix
ix,ix
axr,ix
z,z
s,s
aa,aa
ax,eh
n,n
r,r
ih,ix
s,s
kcl,tcl
k,k
iy,ix
tcl,tcl
n,m
er,er
tcl,ix
r,aa
ao,ao
n,tcl
ih,iy
r,ix
l,ix
eh,ih
eh,eh
ix,ix
nx,n
w,w
ey,ey
v,dh
ih,iy
kcl,tcl
ah,ah
ix,ix
dh,n
r,r
m,m
l,ax
s,s
r,r
s,s
ax,ax
d,k
aa,eh
r,r
l,l
kcl,tcl
n,l
r,r
l,l
ih,ey
k,jh
aw,ao
axr,ao
ih,ih
ix,ix
dcl,tcl
kcl,kcl
iy,iy
ow,ao
ay,ae
th,f
ax,ax
ao,aa
s,z
t,k
s,s
tcl,pcl
q,q
t,k
s,s
m,m
kcl,tcl
k,hh
z,s
z,s
l,ax
dcl,dcl
en,n
ix,ix
eh,eh
axr,ix
iy,iy
p,k
eh,ey
gcl,dcl
ax,ix
l,l
aa,aa
m,v
ax-h,d
ae,ae
ax,aa
aa,aa
s,s
s,s
y,iy
ae,ae
f,f
t,t
ix,ix
v,tcl
ch,ch
n,n
t,jh
ow,ow
ey,ey
ow,ow
iy,iy
l,ax
ax,el
hv,q
ng,n
el,ax
ay,ey
pcl,pcl
dcl,dcl
eh,eh
jh,jh
tcl,tcl
iy,iy
r,aa
kcl,kcl
l,n
dcl,tcl
f,f
r,r
v,n
jh,sh
n,dcl
iy,iy
pcl,tcl
oy,oy
axr,ao
q,q
iy,iy
ix,ix
m,v
ix,ix
n,n
t,tcl
el,el
d,dh
y,y
aa,aa
l,l
kcl,tcl
ix,ix
t,t
dcl,dcl
eh,ae
l,q
m,m
iy,iy
q,l
gcl,tcl
iy,iy
er,er
iy,iy
p,dh
gcl,dcl
ix,ix
v,v
n,n
t,t
kcl,kcl
iy,iy
ng,n
w,w
jh,jh
m,n
m,ax
l,q
s,s
gcl,dcl
aa,er
z,z
iy,iy
eh,eh
ae,ow
y,y
z,s
dcl,kcl
tcl,tcl
n,l
p,p
uw,ix
ix,ix
gcl,dh
ix,ih
s,s
ey,ey
oy,oy
tcl,tcl
l,l
iy,y
z,z
ey,iy
ih,ih
q,q
y,ix
dx,ax
dx,q
s,s
y,y
kcl,tcl
l,l
oy,oy
ng,n
r,r
ae,er
k,k
dh,dh
y,iy
ix,dcl
r,r
w,w
w,r
l,l
kcl,tcl
en,ng
w,w
iy,iy
pcl,tcl
iy,iy
l,l
ax,ax
n,n
nx,ix
s,s
uh,ih
z,z
ah,ah
iy,iy
eh,eh
ax,ax
ix,ix
iy,iy
eh,ih
iy,iy
l,w
tcl,tcl
ix,ih
q,ix
ah,ax
n,ix
r,r
l,q
eh,ix
z,s
axr,er
sh,k
p,p
w,l
q,q
pcl,kcl
pcl,tcl
axr,q
el,el
l,l
dh,n
er,er
ae,ae
ao,r
ey,ay
ae,eh
axr,ax
ix,ix
l,l
dh,dcl
ey,ae
ix,ix
ow,ow
dh,dh
iy,iy
s,z
dcl,dcl
t,tcl
z,z
tcl,tcl
iy,iy
ih,ax
ix,ix
q,q
bcl,bcl
kcl,tcl
ao,l
tcl,dx
l,l
r,ae
ax,eh
ow,aa
ae,ae
p,t
m,w
bcl,tcl
ey,ey
f,tcl
t,t
l,w
kcl,tcl
r,r
n,n
y,y
r,r
dcl,dcl
r,r
dx,dx
sh,sh
y,n
aa,ao
nx,dx
iy,iy
el,ow
ey,ae
f,f
ng,iy
dcl,dcl
v,dcl
dcl,dcl
sh,ch
iy,iy
ay,ix
sh,s
bcl,tcl
iy,iy
iy,iy
l,l
pcl,tcl
axr,axr
kcl,kcl
s,s
tcl,tcl
n,dcl
oy,oy
axr,axr
en,m
uw,w
aa,aa
er,ae
dcl,dcl
ch,sh
v,f
ah,q
ix,ix
ah,axr
oy,ao
t,t
kcl,tcl
tcl,tcl
er,er
z,z
iy,iy
l,dx
eh,eh
iy,iy
tcl,tcl
dh,n
ao,aa
k,t
n,n
ax,eh
ey,ey
q,dx
sh,sh
er,er
ao,ao
s,t
jh,jh
s,s
ow,ao
r,r
ix,ix
tcl,tcl
iy,iy
axr,ix
aa,aa
dcl,dcl
m,n
kcl,tcl
ix,ix
ax,ax
t,t
q,q
axr,axr
sh,s
ih,axr
gcl,dcl
dcl,dcl
dcl,gcl
ay,ae
ax-h,ix
d,jh
ay,ae
r,r
w,w
iy,iy
ay,ay
ao,ao
n,y
ih,ix
l,l
ey,iy
dcl,dcl
g,t
eh,ix
s,s
ae,ae
t,tcl
ey,ey
eh,r
w,w
ix,r
tcl,tcl
r,l
ix,ix
q,q
ay,aa
r,r
axr,ng
ax,dcl
y,y
ow,ow
s,s
ix,ix
k,k
kcl,dcl
m,n
gcl,n
ah,aa
aa,aa
er,er
ay,ay
pcl,tcl
ch,ch
eh,eh
dh,v
gcl,q
m,ng
eh,eh
s,s
ay,ae
q,q
ux,q
ow,ow
y,iy
eh,eh
kcl,tcl
ux,ih
ey,ey
en,n
n,n
ih,ax
ae,eh
axr,axr
ae,ay
dh,dh
ix,ix
ax,ax
ax,ax
dcl,dcl
eh,ow
ax,ao
sh,sh
ng,n
tcl,tcl
r,q
n,n
aa,r
s,s
ao,ao
gcl,v
tcl,d
kcl,kcl
ey,ih
ix,iy
ix,ix
l,l
eh,eh
ix,ix
zh,jh
ix,ix
iy,iy
k,t
pcl,tcl
tcl,tcl
n,n
n,n
iy,n
z,sh
axr,axr
s,s
tcl,tcl
kcl,pcl
dx,ix
jh,ch
n,n
n,n
ah,ah
eh,ae
ix,ih
er,er
r,r
ay,aa
s,s
m,m
pcl,pcl
tcl,tcl
ix,iy
q,q
l,l
kcl,kcl
l,l
n,ix
oy,oy
dcl,tcl
ix,ix
ah,r
tcl,pcl
q,ix
n,n
n,n
ix,ix
iy,ix
n,l
s,s
n,n
axr,r
n,ow
n,n
l,l
iy,iy
ae,ae
kcl,dcl
kcl,tcl
t,t
m,n
sh,ch
s,f
ih,ih
gcl,tcl
z,s
w,w
f,tcl
s,s
ix,ix
tcl,tcl
ay,ix
r,r
t,t
f,f
s,s
l,ix
m,v
l,l
sh,sh
axr,axr
en,m
jh,jh
tcl,tcl
k,k
ao,el
t,sh
ah,eh
s,s
ey,ey
f,pcl
f,f
iy,iy
pcl,tcl
w,ow
eh,eh
s,s
z,z
kcl,kcl
tcl,dcl
r,r
f,pcl
axr,axr
bcl,bcl
el,ow
ax,l
eh,ih
k,k
z,z
iy,iy
n,n
kcl,tcl
s,s
kcl,tcl
s,s
ao,ao
q,q
ih,ix
k,k
b,k
axr,axr
ae,ae
pcl,bcl
iy,iy
iy,ih
ax,ax
t,t
pcl,dcl
g,k
l,el
dcl,dcl
g,k
ix,iy
w,l
z,z
m,n
ih,iy
iy,iy
dx,ix
ah,ah
ih,iy
er,ae
ax,ix
t,t
dh,n
p,k
tcl,tcl
dcl,dcl
m,n
ux,iy
ch,jh
ix,ix
n,n
s,s
ix,ix
r,r
ih,ix
iy,ey
r,r
ae,ae
aa,ao
dh,v
t,d
l,l
n,n
r,r
b,dh
ix,ix
z,z
kcl,tcl
y,iy
tcl,tcl
k,k
r,ix
aw,aa
ow,ow
bcl,bcl
ay,ay
k,k
jh,sh
aa,ah
w,q
sh,jh
iy,iy
dcl,dcl
aa,aa
ow,ow
iy,ux
iy,ey
q,ix
z,s
s,s
dcl,tcl
ux,ng
n,ix
tcl,tcl
ux,ux
kcl,dcl
tcl,tcl
w,w
ay,ae
ux,ux
z,jh
aa,aa
pcl,tcl
t,t
ey,ey
er,axr
ix,ah
aa,aa
axr,axr
s,s
ey,ey
iy,iy
axr,ix
f,sh
n,n
iy,iy
f,f
hh,hh
iy,ux
hh,k
iy,iy
ay,aa
iy,iy
tcl,dcl
q,q
l,l
w,l
k,k
ih,iy
w,r
z,z
s,s
k,k
ay,ay
tcl,tcl
axr,axr
n,n
dh,z
n,dcl
er,er
r,r
aa,aa
dx,q
gcl,dcl
d,t
ay,ay
gcl,tcl
r,r
jh,jh
l,ax
uw,ux
s,s
ay,ay
s,s
ix,ng
p,k
ay,ay
r,r
ae,ae
ow,ow
l,l
iy,iy
tcl,tcl
d,t
axr,axr
l,l
er,axr
ax,ax
dcl,dcl
z,z
s,s
ih,ih
k,k
pcl,tcl
tcl,tcl
l,el
nx,dx
ix,ix
ow,ah
l,l
ih,r
d,tcl
y,iy
r,r
r,r
er,er
nx,ax
ae,ae
s,s
f,dh
iy,iy
f,f
ix,ix
iy,iy
aa,aa
ix,ix
ao,aa
ix,ih
nx,dx
n,n
z,z
uh,axr
iy,iy
iy,ix
ah,ax
oy,oy
ih,l
ix,ix
m,n
g,k
n,m
dcl,dcl
l,l
r,r
tcl,tcl
t,t
f,f
d,jh
ae,ae
ih,ix
m,m
s,s
q,ix
tcl,tcl
ow,ow
l,l
r,r
sh,f
axr,r
s,s
sh,sh
nx,dx
t,t
kcl,tcl
n,bcl
iy,ix
bcl,dcl
z,s
ae,ae
s,s
p,k
tcl,dcl
t,k
r,r
y,iy
n,n
ax,ix
z,z
ix,iy
aw,ae
axr,axr
ux,ux
q,ax
kcl,kcl
ih,ix
ih,ih
eh,eh
t,t
ay,eh
tcl,tcl
n,n
l,l
ay,ae
r,r
q,q
ux,ix
y,ix
z,z
r,r
k,k
n,n
eh,eh
aw,ae
tcl,tcl
l,w
iy,iy
z,sh
th,s
eh,eh
ih,iy
m,gcl
ix,ax
iy,iy
t,tcl
th,t
ae,er
ih,ih
m,n
s,s
pcl,tcl
n,ng
ey,ih
axr,axr
l,l
ix,ux
s,s
bcl,dcl
w,w
axr,axr
em,n
axr,axr
ay,ae
ow,eh
dx,k
n,n
s,sh
ah,ax
ah,l
n,n
iy,iy
dcl,dcl
l,l
dcl,dcl
pcl,tcl
r,er
ay,aa
f,f
z,s
eh,ae
ix,ix
sh,sh
r,er
l,l
r,ix
k,k
bcl,dcl
aa,aa
y,iy
kcl,tcl
tcl,tcl
iy,ix
ao,aa
ux,iy
t,t
n,n
axr,axr
kcl,tcl
ih,iy
ix,ix
ae,ae
dh,q
iy,iy
eh,ah
f,f
dcl,dcl
kcl,tcl
t,t
ax,ax
iy,iy
en,n
bcl,dcl
ao,ao
m,m
pcl,tcl
d,k
pcl,dh
aa,aa
ax,ix
t,t
eh,ow
uw,uw
q,q
ux,ih
d,g
er,er
kcl,tcl
t,d
tcl,dcl
iy,ix
n,n
m,m
s,ch
v,n
eh,r
bcl,bcl
oy,ao
l,ax
ae,ae
er,r
m,n
l,l
jh,t
iy,iy
g,dcl
ey,ey
eh,l
s,z
b,g
z,z
s,s
tcl,tcl
g,k
r,r
y,y
r,ae
r,r
ix,ax
kcl,tcl
eh,eh
y,y
ux,ux
ax,l
iy,iy
r,r
iy,ix
r,ah
axr,axr
ae,ae
p,k
ao,ao
ey,ey
dx,dx
pcl,tcl
ae,eh
dcl,dh
ix,ih
l,l
ah,ae
ux,ux
k,k
p,dh
aa,ao
kcl,tcl
dcl,tcl
pcl,dcl
r,r
s,z
s,s
p,t
m,m
dh,ax
ix,ix
bcl,dcl
iy,iy
w,w
iy,iy
dcl,dcl
gcl,tcl
ey,eh
ae,eh
pcl,pcl
q,q
ih,ih
iy,iy
f,f
y,y
s,s
gcl,dcl
ix,ix
ih,ih
axr,ax
ay,ay
dh,tcl
sh,sh
ae,eh
s,s
ae,eh
s,th
eh,ix
en,n
r,axr
axr,axr
eh,ae
hh,hh
aw,aa
z,z
axr,r
ao,ao
tcl,tcl
k,k
tcl,tcl
ax,q
iy,iy
f,f
dh,tcl
k,k
axr,er
z,z
jh,jh
kcl,tcl
sh,sh
z,s
axr,axr
er,axr
n,ax
kcl,kcl
n,n
uw,ow
s,s
iy,iy
axr,ih
ix,ix
pcl,tcl
f,t
ao,ax
l,ix
ix,ix
n,n
uh,ix
m,m
ih,ih
r,axr
ao,l
tcl,tcl
ah,ix
l,l
ih,ih
axr,axr
q,q
aw,aa
p,p
ih,ix
iy,iy
ch,jh
ao,aa
ix,n
dcl,dcl
pcl,tcl
er,ih
ih,iy
tcl,dcl
aa,aa
t,t
y,y
jh,jh
d,t
p,p
z,jh
ah,aa
r,ix
ix,ix
w,w
er,er
z,z
ih,iy
ix,ix
ay,ey
hv,hv
q,k
ao,l
tcl,tcl
el,ow
kcl,tcl
tcl,tcl
ah,l
r,r
z,z
ao,ao
kcl,tcl
y,y
ae,eh
dh,dh
l,l
ih,l
t,t
iy,iy
bcl,dcl
ae,ae
v,v
ay,ay
q,q
l,w
ow,ow
t,tcl
eh,ow
l,l
ih,ih
ih,ih
eh,eh
iy,iy
ix,ix
q,q
r,r
ao,ao
q,q
ow,ow
w,w
iy,iy
kcl,tcl
ix,ix
l,w
s,s
y,y
n,n
ih,iy
ix,iy
dcl,bcl
l,l
bcl,bcl
el,el
d,tcl
r,r
gcl,n
ux,ux
gcl,dcl
kcl,tcl
gcl,dcl
ix,q
ae,ae
w,w
l,l
ax,ix
ae,aa
dx,dcl
ax,l
ax,w
axr,er
q,q
ae,ey
s,s
ey,ey
y,y
er,er
q,aa
ax,l
z,s
iy,iy
eh,er
ix,ae
dcl,dcl
er,er
iy,iy
iy,ix
l,w
ae,ae
dcl,ix
f,f
f,f
tcl,tcl
ix,ix
t,s
kcl,kcl
eh,ae
y,y
s,s
ae,aa
hv,hv
r,r
g,k
ax,ax
v,th
ux,uw
f,f
iy,ix
y,y
q,q
uw,ow
l,ix
ao,ao
dcl,dcl
r,r
gcl,n
y,iy
q,q
zh,jh
z,z
m,dh
iy,iy
jh,ch
k,q
ey,q
k,k
ae,ae
r,axr
pcl,pcl
sh,s
ae,ae
n,n
ay,aa
r,axr
ah,ix
ao,l
ax,ix
eh,ah
p,f
ow,ow
aa,aa
dh,dh
ay,eh
iy,ix
r,axr
z,s
ux,ux
ow,ey
ih,ix
f,f
w,w
f,f
dx,ix
ax,l
gcl,pcl
dcl,dcl
s,s
dx,dx
pcl,bcl
s,s
n,ix
ux,ux
ix,iy
t,t
r,r
p,p
ow,ow
y,ix
iy,iy
aa,aa
r,axr
ao,r
ax,ax
dx,ix
y,y
kcl,tcl
s,s
tcl,tcl
ih,ix
bcl,tcl
eh,ey
ih,ih
jh,jh
iy,y
dx,dx
nx,n
s,s
aa,ay
ow,el
ch,jh
ix,ix
pcl,tcl
sh,sh
pcl,tcl
ix,eh
y,ix
dcl,tcl
aa,aa
ey,ae
ow,ow
n,ix
ae,ae
dh,dh
el,el
l,l
hh,hh
sh,s
ax,l
r,r
dx,kcl
sh,sh
ix,ix
m,dh
ih,ih
s,s
y,y
s,s
dx,dx
n,n
iy,ix
dh,n
ih,ih
ay,ey
pcl,pcl
kcl,gcl
er,axr
v,l
axr,axr
k,k
eh,eh
tcl,tcl
t,g
bcl,dcl
ix,ix
s,s
tcl,tcl
pcl,tcl
ow,ow
ey,ey
dh,dh
b,dx
axr,axr
el,l
ey,iy
f,t
ix,ix
ae,ae
ao,aa
ae,ae
gcl,dcl
kcl,tcl
s,s
iy,iy
t,t
uw,ux
axr,ax
eh,r
iy,iy
dcl,dcl
m,m
t,t
dcl,tcl
n,n
th,tcl
ow,ow
ix,ix
eh,ah
dx,dx
iy,iy
s,sh
ah,ah
k,k
q,q
k,k
k,k
r,r
l,ix
sh,sh
k,k
tcl,tcl
ae,ae
s,z
ae,eh
aa,aa
ux,iy
nx,ix
iy,iy
pcl,tcl
axr,r
n,n
ax,ax
ae,ae
aa,aa
ix,ix
iy,iy
m,m
dh,dh
iy,iy
r,l
th,f
w,w
ao,ao
ax,ax
b,p
t,jh
kcl,kcl
w,w
y,y
ax,ax
l,ax
ao,ao
dcl,dx
iy,iy
ix,r
ix,ix
n,dcl
aa,ae
kcl,tcl
ix,ix
g,k
eh,ix
ax,ix
r,r
ix,ix
ah,axr
kcl,tcl
ao,ao
ix,ix
r,r
gcl,dh
d,d
dh,v
k,k
n,n
ih,ix
iy,iy
ng,n
s,s
z,z
oy,ow
ax,w
iy,iy
tcl,tcl
ae,ae
f,f
ng,n
k,k
ow,l
r,r
t,t
k,k
g,k
aa,ay
t,k
bcl,dcl
f,kcl
m,n
gcl,dcl
ng,gcl
iy,iy
l,l
bcl,bcl
l,l
m,m
q,q
l,l
dcl,tcl
ux,ux
eh,ae
pcl,tcl
s,s
ng,dcl
s,s
hh,t
l,l
ux,ih
bcl,dcl
dx,dh
ix,z
dcl,tcl
l,l
axr,axr
z,z
ix,ix
tcl,pcl
jh,jh
w,ix
s,s
l,w
ax,ax
sh,sh
aa,eh
ow,ow
ae,eh
ay,aa
dh,dh
l,l
er,axr
n,ng
f,f
s,s
l,w
kcl,d
eh,eh
k,kcl
n,n
tcl,tcl
m,m
ao,aa
dh,tcl
ae,eh
eh,eh
iy,iy
kcl,kcl
ey,ey
ow,ow
ay,ay
ix,ix
aa,eh
s,z
n,ix
k,k
q,q
g,k
sh,sh
aa,aa
m,n
kcl,tcl
ih,ih
r,r
dcl,bcl
l,ix
dh,dh
z,s
ah,ax
aa,aa
ae,aa
sh,sh
m,m
eh,ix
ax,ax
f,f
dcl,dcl
axr,axr
kcl,tcl
w,w
ay,ay
ah,aa
m,n
v,dcl
gcl,n
oy,ao
dcl,tcl
tcl,tcl
ah,l
ay,ow
w,w
gcl,dcl
pcl,pcl
r,er
ae,ae
ix,ix
n,n
d,t
kcl,tcl
l,l
n,n
k,k
w,w
ng,n
t,t
ix,ix
hv,n
q,q
d,z
m,m
kcl,tcl
ae,q
l,l
dcl,dcl
tcl,tcl
ow,ow
ax,el
iy,iy
aa,aa
r,q
t,t
m,n
pcl,tcl
v,ix
q,q
f,f
ey,iy
k,k
er,axr
n,n
k,k
tcl,tcl
en,n
dh,dh
ax,ix
aa,ah
ow,ow
tcl,kcl
ae,ae
ey,ey
dcl,dcl
zh,jh
ix,ix
iy,ix
pcl,tcl
ix,ix
iy,iy
el,l
pcl,tcl
er,axr
ng,axr
n,n
ix,iy
gcl,tcl
axr,ix
ao,ao
ih,iy
bcl,tcl
ey,ey
s,s
f,f
ix,ix
sh,sh
en,ix
eh,ae
y,y
ix,ix
pcl,tcl
hv,ix
m,m
g,ix
dcl,tcl
q,q
eh,eh
ix,ix
eh,eh
l,w
m,ng
ow,eh
ix,ix
ah,ah
aa,ao
z,z
uh,ax
axr,axr
r,r
ax,l
er,er
p,hh
tcl,tcl
pcl,tcl
m,dh
axr,axr
p,p
iy,iy
iy,axr
ax,ix
ay,ae
k,jh
k,k
w,ao
z,z
n,ng
f,f
ao,w
m,n
ix,ix
v,tcl
er,er
y,y
ix,ih
ux,eh
r,r
t,tcl
eh,eh
pcl,bcl
uh,ix
ix,ix
k,k
l,ix
aa,eh
s,s
y,ix
l,l
kcl,kcl
em,v
ae,ae
iy,ey
l,l
kcl,tcl
gcl,n
axr,r
w,w
ix,ax
aa,eh
t,ch
aa,aa
kcl,kcl
f,f
r,r
dcl,dcl
q,q
ae,ae
ih,ih
w,w
g,q
iy,y
r,l
v,n
ih,ix
r,r
axr,ix
gcl,dcl
n,n
gcl,dh
kcl,kcl
gcl,dcl
iy,iy
eh,eh
s,s
er,er
ow,ao
t,sh
ao,ao
iy,iy
f,f
m,w
s,s
aa,ay
gcl,dcl
ax,ax
z,s
q,q
gcl,tcl
g,k
ey,iy
kcl,tcl
kcl,tcl
iy,iy
t,t
ux,iy
r,r
ao,w
aw,aa
ae,ae
eh,eh
l,l
gcl,tcl
p,dh
pcl,tcl
p,jh
ix,iy
jh,jh
m,m
kcl,tcl
ih,r
tcl,tcl
ey,ey
t,t
dcl,dcl
w,w
z,z
ax,l
f,t
n,ax
l,l
bcl,dcl
pcl,pcl
q,q
el,l
ih,ax
f,f
iy,iy
d,k
gcl,bcl
iy,iy
ah,ow
ey,ey
ay,aa
axr,axr
tcl,tcl
s,s
pcl,tcl
jh,jh
l,l
ax,ax
aa,aa
ix,ix
ow,ow
s,s
ix,ix
n,ix
ih,q
tcl,tcl
kcl,tcl
s,s
ih,ax
oy,oy
l,q
n,m
bcl,n
kcl,tcl
gcl,tcl
f,f
s,z
kcl,tcl
pcl,tcl
dcl,dcl
z,z
axr,er
n,n
th,t
ax,l
iy,ix
ah,l
nx,dx
aa,aa
ix,iy
s,s
ix,ix
uh,ix
n,n
l,l
d,dh
ax,ax
r,r
jh,d
m,m
ix,ih
em,m
ax,ax
aa,aa
axr,er
r,r
jh,jh
aa,ao
ow,ah
eh,eh
nx,dx
dcl,dcl
el,ax
r,r
r,eh
l,w
axr,axr
z,z
k,k
ix,ix
l,l
ix,y
ih,ah
n,n
m,ax
tcl,tcl
ae,ae
r,r
tcl,tcl
aa,aa
g,g
uh,ow
v,dcl
iy,iy
k,t
aa,aa
k,k
k,t
ow,ao
er,er
eh,ix
kcl,tcl
iy,iy
iy,iy
bcl,dcl
ih,iy
l,l
s,s
k,t
iy,ix
n,n
p,q
s,s
dcl,dcl
p,p
ih,eh
ah,l
eh,eh
ah,ax
dh,z
eh,eh
p,dh
b,q
k,k
nx,ix
ih,ih
kcl,kcl
dh,dh
k,g
axr,ax
ix,ix
l,l
n,n
v,v
q,n
iy,iy
s,s
el,w
hv,v
ix,ix
s,s
ih,iy
n,n
dcl,dcl
t,t
zh,zh
ng,n
bcl,dcl
ax,ax
k,k
ix,ix
ix,ix
el,l
pcl,tcl
ah,ah
ih,ix
f,f
eh,eh
ax,ax
axr,axr
el,q
axr,er
t,t
r,axr
l,l
en,n
w,w
kcl,dcl
s,s
s,s
ao,aa
aa,aa
m,n
k,k
ix,ix
tcl,tcl
iy,ih
m,n
kcl,kcl
m,n
sh,sh
ao,r
gcl,dcl
l,r
ax,ax
r,r
ao,aa
tcl,tcl
d,t
iy,iy
f,f
ah,q
s,s
dx,dx
ix,ey
ah,ah
oy,ao
kcl,kcl
s,sh
kcl,tcl
r,ix
dx,dx
z,s
er,er
ay,ay
ih,axr
v,pcl
n,n
dh,k
kcl,tcl
axr,axr
w,w
axr,axr
ux,axr
r,r
ey,ey
ax,ax
ay,ay
ih,ax
f,f
k,t
axr,ih
p,p
eh,r
iy,iy
r,r
ay,ae
k,k
l,ix
t,t
l,l
ey,ey
ah,ae
kcl,tcl
ix,ix
s,s
kcl,pcl
n,n
m,n
d,tcl
ih,ix
l,q
tcl,tcl
l,ax
n,ax
k,t
ux,ux
iy,iy
m,pcl
ow,ao
ix,ix
axr,axr
s,s
axr,er
t,k
ao,ao
g,k
iy,ey
l,l
tcl,tcl
r,ax
p,t
n,n
z,s
ih,ix
dcl,dcl
ix,ix
dh,dh
d,q
tcl,tcl
dcl,dcl
ay,aa
w,w
t,k
ey,iy
ao,ao
kcl,tcl
l,l
dcl,dcl
m,n
f,t
k,k
bcl,dcl
aa,aa
iy,iy
kcl,tcl
ah,aa
el,ow
dx,dx
eh,eh
y,ix
n,ng
v,dcl
ey,ay
tcl,tcl
iy,iy
iy,iy
ux,ux
k,k
ey,ix
k,k
ih,eh
r,ix
ng,l
f,f
ae,ae
iy,iy
dh,f
tcl,tcl
r,ax
z,s
ih,ix
l,l
ay,ay
l,l
z,z
l,ih
ax,ax
ay,ow
p,k
eh,ay
q,g
ix,ix
er,er
ih,ix
q,q
ch,ch
v,w
l,ih
q,q
n,n
p,p
m,hv
dcl,dcl
l,l
hh,hh
ih,ih
iy,iy
m,n
ax,ax
t,t
ax,ah
ao,w
l,r
aa,aa
kcl,kcl
dcl,tcl
ae,ae
g,r
m,m
dh,f
d,t
kcl,dcl
dcl,dcl
eh,eh
eh,ih
dcl,dcl
ch,ch
q,n
r,w
sh,sh
th,tcl
ae,ae
k,k
ao,aa
dh,q
l,l
tcl,pcl
dcl,dcl
ax,ax
ih,ih
dcl,q
ix,ix
axr,r
ax,ax
gcl,dcl
s,sh
tcl,tcl
m,ng
ix,eh
w,w
bcl,tcl
kcl,kcl
kcl,tcl
aa,r
kcl,kcl
hh,hv
ix,ix
er,er
kcl,kcl
ix,ix
eh,eh
ah,eh
ih,iy
kcl,tcl
tcl,tcl
t,t
t,k
iy,iy
iy,iy
iy,iy
uw,ow
axr,axr
ih,ih
iy,iy
s,s
ih,ih
kcl,pcl
k,k
dcl,dcl
sh,ch
ix,ix
k,q
ow,l
r,ix
ae,ae
s,s
ax,ix
kcl,kcl
uw,w
n,n
l,l
ng,iy
ix,ix
ey,ey
s,s
pcl,pcl
s,s
ax,ix
pcl,tcl
l,ix
axr,ix
nx,ix
oy,oy
w,w
ih,ix
dcl,dcl
dcl,tcl
n,n
ao,ao
dcl,dcl
gcl,dcl
v,v
b,dh
sh,z
ix,ax
ay,ay
s,z
iy,ey
n,n
w,w
kcl,kcl
axr,r
ix,ix
ix,ix
tcl,tcl
ae,ae
axr,r
nx,nx
r,aa
iy,iy
dcl,dcl
dcl,tcl
eh,ae
w,w
p,k
oy,ao
l,l
dcl,dcl
g,dx
sh,sh
ao,aa
ae,ae
n,n
iy,ix
bcl,dcl
m,m
s,s
axr,ix
tcl,tcl
ae,ae
f,f
sh,sh
dh,v
er,ao
ih,ih
tcl,tcl
n,q
w,w
eh,ae
kcl,k
hv,n
v,v
t,t
ae,ae
jh,s
g,q
iy,iy
tcl,tcl
tcl,tcl
ix,ix
tcl,tcl
aa,ao
m,ix
s,z
k,k
ng,n
iy,iy
ng,ng
iy,iy
tcl,tcl
ah,ae
l,l
y,ix
aa,aa
y,y
gcl,dcl
d,k
ih,ix
y,y
ix,ix
eh,ih
ng,l
ch,ch
b,dx
w,n
ae,ae
hv,ix
l,l
n,n
s,s
n,ix
ax-h,v
s,s
ax,ix
l,l
ay,ay
tcl,dcl
l,l
s,s
gcl,dcl
aa,ao
dh,n
d,tcl
kcl,tcl
uh,ih
l,l
n,n
hh,kcl
g,k
t,ch
s,s
n,n
iy,iy
v,v
r,r
iy,iy
er,axr
r,l
t,t
ae,ae
ae,ae
ah,ix
jh,jh
ay,ay
ax,l
r,n
ey,ey
bcl,tcl
n,n
g,kcl
ix,ix
ix,ix
l,l
s,s
k,t
r,r
ay,ay
r,ix
ey,ey
s,sh
p,k
pcl,gcl
l,l
k,s
l,ix
bcl,dcl
q,ah
gcl,dcl
ih,ux
ih,eh
kcl,tcl
ix,ix
q,q
dcl,dcl
ae,ae
n,n
dx,n
p,p
v,v
ae,ae
pcl,pcl
s,sh
tcl,tcl
ow,aa
en,ax
s,s
f,f
r,axr
ih,ix
ay,aa
ix,ix
s,s
axr,r
pcl,pcl
s,s
s,s
m,n
ix,ix
ay,ae
m,bcl
ih,ae
k,k
s,sh
ow,ah
iy,iy
iy,iy
ix,ix
er,ih
uh,el
w,w
ch,ch
t,k
ix,ix
aa,aa
d,dh
hv,ax
ix,ix
r,r
p,hh
er,er
eh,eh
kcl,kcl
iy,y
eh,eh
axr,axr
iy,iy
ix,ix
uw,ix
ay,ay
dx,dx
ix,ax
ah,aa
t,t
iy,iy
s,s
ih,l
ix,ix
s,sh
kcl,v
ey,ey
f,f
f,dh
ey,ey
k,q
iy,iy
dcl,dcl
eh,ih
ae,aa
k,k
ih,ih
ih,ix
ey,ae
p,kcl
w,w
pcl,pcl
l,l
aa,ah
r,r
l,ow
ax,ix
ix,y
q,axr
kcl,kcl
s,s
g,k
m,m
dh,ix
kcl,tcl
ix,r
ah,ax
l,w
w,ao
ux,iy
tcl,tcl
ao,axr
kcl,tcl
ax,ax
m,n
m,n
ix,ix
en,q
ay,aw
n,ih
r,iy
z,z
y,y
iy,ix
w,w
iy,iy
f,f
kcl,tcl
q,k
z,z
ix,r
ix,ix
r,eh
g,k
ix,axr
k,t
t,t
aw,aa
m,dh
aw,aw
hh,hh
ax,ax
ax,ax
dx,dx
tcl,kcl
zh,z
s,sh
dh,dx
l,l
ae,ae
n,ix
l,n
r,ix
iy,iy
kcl,tcl
dx,dcl
hh,f
ih,ih
t,t
ix,ax
r,aa
w,w
w,w
aa,aa
tcl,tcl
s,s
r,aa
ao,ao
en,w
s,z
pcl,dcl
dh,tcl
q,q
ix,ih
ay,ay
s,s
n,n
ax-h,n
s,s
kcl,tcl
en,n
ix,ix
axr,r
k,t
ax,ix
iy,n
aa,aa
f,f
eh,ae
kcl,t
ix,ix
l,l
iy,ih
f,f
t,t
ih,ix
el,l
iy,iy
l,l
kcl,kcl
d,t
v,n
w,w
t,jh
n,n
iy,iy
iy,iy
ux,iy
pcl,tcl
kcl,kcl
w,w
l,l
bcl,dcl
n,n
m,n
ix,ix
ih,ih
ch,ch
n,n
t,ch
ng,n
dx,dx
l,l
w,w
s,z
s,s
sh,ch
l,q
kcl,tcl
kcl,kcl
dx,dx
ix,ix
ah,ow
s,s
iy,iy
iy,iy
ah,ao
hv,hv
ax,r
ao,aa
k,k
ae,ae
y,axr
ix,ix
ix,ix
iy,y
ih,ih
tcl,pcl
ah,ah
tcl,tcl
ux,iy
ey,iy
ay,ay
uw,w
ix,ix
ow,ow
v,v
axr,ix
ih,ih
ae,ae
kcl,tcl
axr,r
s,z
l,ax
dcl,dcl
hv,hv
p,hh
kcl,k
ih,ix
l,l
dh,t
tcl,tcl
ah,eh
ix,ix
iy,iy
ey,ey
k,k
dx,dx
ax,ah
eh,axr
aa,aa
t,t
r,r
ae,ae
ih,ix
ix,ix
ch,ch
ix,ix
aa,r
ay,ay
g,k
el,ao
ah,eh
p,pcl
uh,ow
ng,ow
dcl,tcl
dcl,tcl
iy,iy
ao,ao
r,axr
s,s
sh,sh
dh,dh
aa,ao
bcl,dcl
r,r
l,ix
dh,dcl
l,l
n,dcl
hh,hh
r,r
s,s
nx,dx
gcl,tcl
p,dh
dcl,kcl
axr,n
g,g
ah,eh
n,n
ih,l
dx,dh
tcl,tcl
l,n
y,ix
p,dh
ix,ix
ow,ow
ih,eh
ix,ix
ix,ax
axr,ix
th,tcl
v,v
z,z
bcl,bcl
m,w
sh,sh
l,iy
pcl,pcl
sh,sh
ix,iy
n,dcl
ih,ih
kcl,tcl
bcl,dcl
n,q
ax,ax
y,ix
ae,ae
z,z
s,s
jh,jh
v,v
jh,jh
ae,ae
en,n
iy,iy
q,ih
s,s
ey,ey
pcl,tcl
iy,iy
z,z
d,ch
ay,ae
v,dh
n,n
uw,ow
aa,ay
er,er
g,k
l,l
m,n
iy,y
m,ax
er,axr
hh,hv
tcl,tcl
q,q
ae,eh
z,s
m,n
ay,ae
ng,n
ah,eh
r,r
q,q
aa,aa
q,q
ih,eh
v,v
t,t
n,tcl
ng,ix
w,w
kcl,tcl
r,l
s,s
ow,q
tcl,tcl
dh,dh
th,f
eh,eh
ow,ow
kcl,kcl
ax,ax
ux,ix
tcl,tcl
ix,ix
dcl,tcl
w,w
aa,l
ay,ay
ix,ix
ix,ix
ah,eh
v,tcl
tcl,dcl
en,n
kcl,tcl
bcl,dcl
tcl,dx
f,z
t,kcl
ih,ax
gcl,dcl
ih,ax
iy,iy
dh,v
s,s
pcl,pcl
hh,hh
n,m
ix,ix
z,z
q,q
tcl,tcl
g,g
iy,iy
r,r
gcl,dcl
v,dx
q,q
iy,iy
s,s
t,d
ao,r
axr,axr
k,k
er,er
pcl,pcl
w,w
gcl,bcl
gcl,dcl
iy,iy
iy,ix
eh,eh
hh,dh
iy,ih
ao,aa
s,z
sh,sh
r,axr
w,w
ae,eh
r,r
sh,sh
dcl,dcl
ux,dx
ix,q
ae,ae
ey,ey
sh,sh
axr,axr
hv,hv
jh,jh
n,n
aa,aa
ae,ae
s,s
n,l
l,ax
ix,ih
ix,axr
axr,axr
n,n
dx,q
sh,sh
dcl,dcl
s,s
f,f
s,s
bcl,dh
s,s
t,t
tcl,dx
s,s
sh,sh
f,f
axr,ax
axr,axr
el,el
tcl,dcl
eh,r
w,l
ix,ix
n,n
ch,ch
ih,iy
ng,n
k,k
ah,ah
er,r
ax,ax
ix,ix
kcl,tcl
el,el
oy,oy
aa,l
gcl,n
s,z
f,t
s,s
w,r
ey,ey
axr,er
kcl,tcl
iy,ix
ux,ux
pcl,tcl
n,n
kcl,tcl
aa,ao
l,w
ey,ey
sh,sh
z,ch
sh,sh
n,n
er,axr
g,g
tcl,dh
s,s
l,ax
ix,r
ix,ix
aa,aa
m,m
k,k
kcl,tcl
ae,eh
n,n
r,r
g,q
eh,eh
l,w
y,n
eh,axr
ah,ix
tcl,kcl
f,f
n,n
iy,iy
z,z
gcl,tcl
v,tcl
s,sh
y,iy
z,s
ao,w
r,ix
dcl,dcl
sh,sh
n,n
tcl,tcl
en,ix
ix,ix
ix,ix
pcl,tcl
s,s
dx,tcl
kcl,dcl
f,f
r,axr
ay,ay
z,s
ay,ah
kcl,kcl
pcl,tcl
tcl,kcl
s,s
aa,aa
ix,ix
p,t
ix,ih
y,ix
dcl,dcl
hh,hh
r,l
z,jh
ux,uh
z,z
t,t
el,l
ah,ah
r,r
gcl,dcl
l,l
ey,ey
k,k
el,ow
gcl,dcl
hv,hv
ax,ah
r,r
l,ax
t,t
tcl,tcl
ay,aa
ae,ae
sh,sh
r,w
ae,aa
iy,iy
l,ao
ih,iy
ax,q
s,z
n,n
w,w
pcl,dcl
ao,w
n,n
ng,dcl
hv,hv
uw,uw
s,s
ae,ae
gcl,dcl
s,s
q,q
iy,iy
w,w
pcl,tcl
dh,ax
ix,hv
r,r
ao,ao
n,n
ih,ix
r,r
dcl,tcl
f,dh
ih,ix
z,z
f,f
dcl,n
k,k
y,iy
iy,iy
n,ix
ix,q
z,s
ix,ix
ix,r
t,t
m,n
q,iy
r,ix
dcl,tcl
l,n
w,w
ng,ax
hv,v
ao,ao
n,dcl
m,w
s,s
dh,ix
r,r
ux,iy
ix,ix
p,f
ae,ae
iy,ix
dcl,dcl
w,w
q,q
axr,eh
v,ax
ih,ix
m,m
pcl,dcl
ay,ay
eh,ah
ah,ah
g,k
w,w
tcl,tcl
z,z
w,w
t,jh
kcl,tcl
iy,ix
ah,ah
jh,ch
ng,bcl
ux,ix
s,s
tcl,tcl
iy,iy
pcl,tcl
sh,sh
k,k
tcl,tcl
ix,ix
aa,aa
iy,iy
r,l
s,s
ah,ah
ih,ix
dx,tcl
s,t
ih,ih
ix,gcl
aa,aa
s,s
eh,axr
eh,ow
q,q
n,n
iy,n
v,n
ao,ao
iy,iy
aa,aa
s,s
w,w
er,axr
aa,aa
pcl,tcl
ae,ae
tcl,kcl
s,s
z,z
q,q
s,s
ix,ih
ix,ix
iy,iy
ux,iy
ey,ey
ow,ih
n,en
tcl,tcl
er,er
en,ix
s,s
ey,iy
ux,ix
k,k
ah,l
eh,ih
ay,ah
r,r
r,axr
f,f
b,k
ay,ay
oy,aa
f,s
eh,ix
eh,eh
z,z
ih,eh
er,er
w,w
ax,ax
y,y
dcl,tcl
ao,w
v,l
l,q
hv,eh
kcl,tcl
d,tcl
ih,ih
iy,iy
dcl,tcl
axr,axr
m,m
y,y
bcl,bcl
tcl,tcl
ih,ih
f,f
er,ih
t,t
ix,ix
v,w
ix,ix
ae,ae
ix,ix
n,n
r,r
eh,eh
p,p
ih,ix
w,w
z,s
ch,sh
dcl,dcl
n,w
v,r
pcl,tcl
y,ix
l,l
kcl,tcl
iy,ih
l,l
q,q
ux,axr
dx,v
s,s
q,q
zh,jh
r,r
eh,ey
v,q
v,tcl
eh,eh
ow,ow
oy,ao
ae,ae
v,v
axr,eh
k,t
ih,eh
er,er
iy,iy
ax,ix
k,k
iy,iy
y,iy
k,k
g,ix
s,s
dx,dx
ix,ix
ao,ao
m,v
l,ix
s,s
dcl,dcl
q,q
ey,iy
sh,jh
dcl,dcl
pcl,tcl
s,s
tcl,tcl
ix,iy
iy,iy
aa,eh
s,s
eh,ey
ax,ax
s,s
ae,ey
l,l
ih,iy
v,v
sh,sh
v,v
eh,ix
ah,r
g,q
tcl,tcl
ao,ah
ae,ae
iy,iy
tcl,tcl
dcl,dcl
iy,iy
ih,ix
k,k
er,axr
r,eh
pcl,tcl
tcl,tcl
w,w
dx,dx
dcl,dcl
th,dh
p,k
dh,dx
ae,eh
r,r
ah,eh
th,s
dcl,dcl
r,r
eh,eh
k,k
m,l
kcl,kcl
y,y
eh,ih
r,axr
hh,hh
ix,ih
ow,ow
l,q
ng,ng
s,s
ax,l
z,tcl
eh,eh
ay,ae
ae,ae
dh,dh
r,r
k,k
ae,ae
axr,axr
ay,ay
dcl,dcl
r,axr
ix,ix
s,s
jh,jh
n,n
p,dh
t,t
f,f
dx,ix
r,r
ey,ux
k,k
ih,ix
pcl,tcl
ao,ao
bcl,dcl
n,n
ao,w
dh,dh
iy,iy
n,n
eh,eh
v,v
ax-h,tcl
f,f
l,ah
r,r
ae,ae
l,r
ix,ix
gcl,dcl
er,er
ae,eh
sh,sh
ah,ix
t,t
n,dcl
sh,sh
kcl,tcl
q,w
q,q
dh,dh
ix,ix
axr,ix
tcl,tcl
oy,oy
uh,ih
ay,ay
z,z
ao,ao
tcl,tcl
ux,iy
dx,n
s,s
f,th
ix,ix
ah,eh
r,r
ih,ey
pcl,tcl
pcl,pcl
axr,ix
t,t
dh,dh
bcl,dcl
t,jh
g,k
l,l
er,r
l,q
q,l
ay,ay
n,n
ey,ey
r,r
tcl,tcl
f,f
jh,ch
s,s
hh,p
n,dcl
r,ao
f,f
q,q
k,k
p,hh
eh,ax
r,axr
gcl,v
z,z
dx,dx
ih,eh
r,r
axr,ix
r,r
ih,ih
th,f
axr,r
dx,ix
l,l
iy,ix
ow,ao
eh,ah
kcl,dh
dcl,tcl
t,t
iy,ng
aa,ae
s,s
y,iy
n,n
dh,th
ix,ix
y,y
t,t
kcl,kcl
n,ix
eh,ix
n,n
jh,jh
q,tcl
ix,eh
ix,ix
ay,aa
dcl,dcl
ix,ih
k,k
tcl,dcl
en,n
tcl,tcl
p,hh
ao,ao
p,hh
y,ix
ax,r
z,z
jh,jh
ey,iy
n,n
axr,axr
eh,eh
eh,eh
iy,iy
axr,er
t,t
r,r
kcl,dh
l,w
r,l
g,k
s,s
ae,ae
t,t
t,t
dcl,dcl
axr,axr
ix,ix
dx,l
z,z
bcl,dcl
eh,ey
kcl,tcl
v,n
eh,aa
en,n
er,er
dh,dh
ih,ow
w,ao
v,dh
m,m
z,z
dcl,dcl
ae,ih
eh,ae
tcl,tcl
kcl,tcl
en,n
n,n
ow,ow
l,ax
dcl,dcl
er,axr
l,l
s,s
p,k
f,f
jh,jh
ix,iy
z,z
g,dx
ix,ix
k,k
ow,ow
r,axr
t,kcl
dh,dh
er,axr
pcl,tcl
ux,ux
er,r
s,z
ae,ae
r,r
aa,aa
n,v
iy,iy
iy,ey
hv,hv
iy,iy
ax,ax
q,q
ch,s
d,t
z,z
k,k
aa,aa
eh,eh
m,m
ih,ih
s,s
t,tcl
ae,ae
er,er
ih,ix
iy,iy
w,w
gcl,dcl
z,s
ux,iy
ix,ix
s,s
gcl,tcl
s,s
w,w
bcl,dcl
k,tcl
ow,ow
s,s
r,r
axr,axr
v,f
ix,ix
eh,ae
d,k
pcl,tcl
r,ix
k,k
t,t
aw,ow
l,l
kcl,kcl
l,l
d,t
ng,ix
iy,iy
g,g
dh,t
ng,n
iy,iy
iy,iy
ey,ey
tcl,tcl
ax,ix
s,s
hv,v
ow,ow
jh,sh
s,s
d,t
tcl,tcl
ix,ix
n,n
ey,ey
tcl,tcl
axr,r
bcl,v
ay,aa
n,n
sh,sh
axr,axr
v,n
r,ax
n,n
m,m
kcl,tcl
ih,eh
ix,r
uh,ax
sh,sh
n,n
ae,ae
ih,ih
eh,ae
bcl,bcl
l,ax
dcl,dx
hv,y
s,s
gcl,dcl
ih,ix
iy,iy
tcl,tcl
ay,eh
t,q
r,r
n,n
tcl,tcl
ux,ow
ay,ay
ux,ix
gcl,dcl
ux,ih
ux,axr
tcl,v
ae,ae
m,axr
hh,tcl
m,n
ix,ix
g,g
s,s
ae,ae
ae,ix
ih,ih
ao,ao
dh,dh
s,s
kcl,kcl
ae,ae
iy,iy
ow,ih
ih,ix
tcl,tcl
d,tcl
ax,aa
z,z
iy,ix
ix,q
l,l
kcl,tcl
aa,aa
kcl,tcl
dh,n
kcl,dh
f,f
l,r
q,q
y,iy
kcl,tcl
ah,ah
uh,ih
eh,ih
ae,ae
dx,dh
aw,aa
dx,dcl
q,q
pcl,kcl
iy,iy
kcl,tcl
iy,iy
s,s
q,v
k,q
bcl,bcl
l,ax
iy,ih
ux,ix
t,ch
ix,ih
k,k
t,t
ae,ae
aa,ah
kcl,tcl
jh,k
er,er
ix,ix
w,w
t,t
r,ix
sh,ch
eh,axr
en,v
m,dx
f,sh
el,l
d,q
axr,axr
s,z
f,hh
ae,eh
l,w
l,l
ux,ux
ih,ih
l,w
tcl,tcl
iy,iy
s,s
ih,ey
ae,ae
ix,ix
ix,ix
dx,ix
bcl,dcl
ae,eh
l,l
l,w
ah,eh
r,ax
v,n
aa,aa
m,n
gcl,dcl
hv,hv
q,tcl
l,ax
hh,t
ng,n
g,k
w,w
s,s
q,q
kcl,kcl
er,er
iy,iy
z,z
s,s
t,dh
r,r
ao,aa
gcl,g
pcl,tcl
m,m
uw,uw
ae,ae
tcl,tcl
kcl,pcl
r,ix
d,g
ix,ax
z,s
ae,eh
d,k
aa,aa
ih,ih
ih,ix
dcl,dcl
w,w
dx,dx
ih,axr
eh,eh
q,q
pcl,pcl
q,q
n,n
q,q
dcl,dcl
l,q
r,eh
ao,ao
bcl,tcl
t,t
q,q
dh,dh
kcl,k
sh,sh
aa,ao
ix,ix
m,n
sh,sh
ao,ao
s,s
axr,axr
y,y
ih,ix
iy,iy
ix,ax
w,w
axr,ax
z,jh
l,ao
oy,ay
t,t
s,s
gcl,dcl
f,f
w,w
ix,ix
r,ao
iy,iy
jh,jh
ey,ey
f,f
ae,ae
dh,t
kcl,dcl
pcl,gcl
v,n
z,z
m,m
r,r
axr,axr
s,jh
iy,iy
tcl,tcl
d,t
n,n
kcl,tcl
ay,ay
n,n
s,s
z,s
v,dh
l,l
bcl,dcl
sh,sh
r,r
ih,ix
gcl,kcl
l,l
eh,ih
t,z
tcl,tcl
dx,dh
ae,ae
iy,ey
ch,sh
uh,ix
w,w
r,r
ae,eh
axr,axr
v,f
s,s
ay,aa
z,sh
m,n
ey,eh
zh,jh
aa,aa
kcl,tcl
ng,n
ae,ae
ih,ih
hh,f
ix,ix
s,s
aa,eh
eh,eh
axr,kcl
dh,dh
iy,iy
q,k
tcl,tcl
kcl,tcl
ix,dh
w,w
ix,ix
r,r
axr,er
pcl,tcl
m,n
sh,s
p,q
w,w
sh,sh
th,z
kcl,kcl
bcl,dcl
iy,iy
iy,ix
ng,n
ay,ay
ax,ix
s,s
pcl,tcl
ao,ao
iy,ix
tcl,kcl
y,y
ix,q
bcl,tcl
tcl,ix
iy,iy
z,jh
q,k
dcl,dcl
ix,iy
l,l
gcl,dcl
ao,w
hh,hh
en,n
r,r
f,f
ax,ax
hh,k
dx,tcl
dx,dx
r,r
n,n
r,r
tcl,tcl
iy,iy
pcl,tcl
ae,aa
ix,iy
w,l
kcl,kcl
axr,axr
kcl,kcl
q,q
pcl,pcl
t,z
ao,ao
m,n
hh,v
s,s
r,r
iy,ix
iy,iy
ao,w
s,s
s,s
el,el
k,q
l,l
ey,ae
ow,ow
er,er
n,n
bcl,dcl
ix,n
s,z
ih,ix
gcl,dx
m,m
y,axr
ay,ae
pcl,tcl
tcl,tcl
ix,ix
s,z
y,iy
m,dcl
uw,uw
t,tcl
ux,ih
v,ix
p,p
gcl,dcl
ih,ix
ow,ow
dcl,dcl
y,iy
en,ax
oy,ao
ae,ae
d,k
tcl,tcl
jh,jh
bcl,dcl
s,s
er,er
v,w
ax,ix
p,hh
y,n
f,z
s,s
kcl,dcl
g,t
s,s
oy,ae
ah,axr
aa,ay
w,w
dh,dh
f,f
ah,l
k,k
m,m
axr,axr
axr,ax
d,t
r,r
p,p
sh,sh
kcl,tcl
iy,iy
ix,ix
dx,n
k,k
tcl,tcl
r,axr
w,w
dx,dcl
v,ix
ao,aa
iy,ix
n,n
w,l
en,n
iy,iy
w,w
t,th
r,r
dcl,dcl
hv,hv
ix,ix
ax,ax
r,aa
k,k
uh,ix
n,n
w,w
ix,n
k,k
w,ao
kcl,tcl
aa,eh
w,w
r,r
tcl,kcl
ih,iy
dh,dh
p,t
gcl,kcl
ay,ae
iy,ih
pcl,tcl
ah,aa
ah,ah
kcl,tcl
n,ix
s,s
eh,ah
ux,ux
eh,hv
n,n
dcl,dcl
t,t
q,q
ix,ix
ax,ih
ih,ah
f,f
n,n
s,s
kcl,tcl
dcl,dcl
axr,axr
z,z
z,s
dh,z
aw,aa
pcl,pcl
gcl,ix
kcl,tcl
n,n
iy,iy
ao,aa
ow,ah
k,k
ao,aa
kcl,kcl
n,tcl
s,s
r,eh
ux,ix
kcl,tcl
pcl,kcl
t,t
er,ih
ow,ow
r,r
q,q
s,s
iy,iy
ix,ix
w,w
uh,uh
pcl,tcl
iy,iy
tcl,tcl
n,dcl
dcl,dcl
l,w
ih,iy
kcl,tcl
iy,iy
ng,ng
s,s
eh,eh
s,z
ix,ix
ch,sh
l,w
eh,ey
aa,aa
bcl,dcl
s,s
axr,axr
z,z
ih,ix
gcl,k
v,tcl
oy,oy
s,s
iy,iy
q,q
ix,ix
k,k
dh,dh
f,f
kcl,tcl
s,s
z,z
s,s
r,r
gcl,bcl
g,hv
r,r
y,y
aw,aa
pcl,tcl
aa,aa
w,r
n,ix
s,s
hv,hv
aw,ao
g,t
ux,ix
ao,ao
q,q
ax,ax
tcl,tcl
iy,iy
ao,ao
hv,axr
ih,r
q,q
s,s
l,q
r,r
l,l
kcl,kcl
ey,ey
hv,hv
pcl,tcl
s,s
p,p
kcl,tcl
ae,ae
k,k
f,dh
kcl,tcl
dh,dh
eh,eh
ey,ey
aw,aa
ay,ay
z,f
ix,iy
kcl,tcl
eh,ih
k,k
ae,ae
tcl,q
aa,aa
tcl,tcl
v,n
w,hh
ao,aa
q,q
b,dh
iy,iy
p,k
eh,ix
s,jh
s,z
z,z
z,s
axr,ix
w,w
g,d
l,ao
sh,sh
l,w
el,el
sh,sh
jh,jh
p,z
ih,ix
iy,ey
eh,eh
q,q
ao,ao
ix,ix
f,f
ax,ax
g,t
ix,ix
ao,aa
m,m
s,s
p,g
dcl,tcl
m,n
tcl,tcl
tcl,tcl
w,w
ey,ey
ae,ae
ao,ao
kcl,tcl
ah,eh
t,t
ah,ax
ax,ax
el,el
m,m
y,iy
en,n
s,s
t,d
tcl,dcl
bcl,bcl
t,t
kcl,kcl
axr,axr
z,z
tcl,tcl
d,dh
g,k
ax,ix
v,dh
ix,ix
ng,n
ix,en
tcl,tcl
l,l
m,n
ux,ux
w,l
v,v
r,r
dh,ax
k,k
t,z
ax-h,ix
axr,axr
l,l
ah,aa
iy,iy
r,r
r,r
ah,aa
ix,ix
ih,ih
s,s
ay,ay
ow,ow
iy,iy
s,s
s,s
dcl,dcl
r,r
r,ah
r,r
d,dh
bcl,tcl
eh,ih
dh,dx
ae,ae
ih,ix
ax,ix
iy,iy
s,s
iy,iy
g,q
eh,eh
ax,ix
tcl,dcl
ae,ae
jh,ch
v,dcl
ix,q
ae,ae
ae,ae
dh,dh
t,k
ow,ow
er,axr
p,kcl
sh,sh
ix,ix
dh,dh
l,l
er,r
ax,ix
dcl,tcl
kcl,kcl
s,s
ux,ix
ow,aa
s,s
ix,ix
sh,sh
ix,ix
r,axr
n,n
s,z
l,w
er,ux
ix,ix
dh,t
k,t
ch,ch
w,w
ax,ax
y,ix
dh,dh
sh,sh
iy,ix
gcl,dcl
ae,axr
eh,ey
n,n
ih,ih
s,s
s,s
n,dcl
ax,l
dx,tcl
ih,ix
tcl,tcl
l,l
z,z
tcl,tcl
gcl,dcl
m,n
jh,jh
eh,ow
ax,ix
w,w
axr,r
ax,axr
th,th
s,s
ao,ao
dcl,dcl
kcl,kcl
v,v
bcl,tcl
ix,n
dcl,dcl
tcl,tcl
kcl,tcl
iy,iy
iy,ih
axr,ix
dcl,dcl
ao,ao
ih,ih
sh,s
ix,ax
g,g
ih,ix
n,n
gcl,q
hh,p
z,s
ae,ae
ix,ix
er,axr
axr,axr
s,s
eh,l
bcl,dcl
dh,bcl
q,q
ae,ey
n,dcl
sh,sh
s,sh
ay,ay
r,r
t,t
w,w
axr,r
v,v
ih,y
ux,ux
s,s
iy,iy
ao,ao
tcl,q
ah,ae
dcl,gcl
ao,ao
dh,dh
m,n
ae,ao
dcl,tcl
bcl,gcl
m,n
g,g
gcl,tcl
l,l
m,n
r,r
s,s
ah,ah
n,n
r,axr
aa,aa
d,t
l,w
ao,ao
f,f
aw,aa
ix,ix
m,m
ih,eh
ih,ah
r,eh
axr,ih
ay,ae
iy,iy
l,ax
er,er
m,w
ix,ix
el,l
axr,ux
iy,iy
z,z
pcl,tcl
gcl,tcl
d,sh
w,w
ae,ae
bcl,tcl
ng,n
ax,ix
bcl,dcl
gcl,dcl
f,f
m,n
dcl,tcl
dx,dx
t,t
dh,dh
ih,iy
k,k
s,s
ih,ih
ch,sh
aa,aa
ax,ax
r,r
er,axr
ow,l
el,l
er,uw
l,el
r,r
kcl,tcl
uw,l
tcl,tcl
k,k
k,t
tcl,tcl
n,n
hv,w
er,aa
t,t
q,q
s,s
kcl,tcl
r,r
ae,ae
hh,hh
axr,aa
r,q
hh,hv
ix,iy
gcl,tcl
y,y
er,er
dx,ix
r,r
r,axr
eh,aa
z,z
w,w
aa,ah
n,n
gcl,dcl
s,z
s,s
z,s
ih,ey
th,dh
r,r
ax,ah
tcl,tcl
iy,iy
er,er
n,n
kcl,tcl
q,q
ax,l
bcl,dcl
ao,aa
n,n
s,s
ey,ih
eh,eh
ih,ix
m,m
ey,ey
ix,ix
dcl,dcl
v,v
aw,ae
tcl,dcl
v,hv
s,s
ay,ix
zh,sh
eh,ix
dcl,n
r,r
tcl,tcl
t,t
ih,eh
eh,ey
l,el
w,w
s,s
aw,ao
er,axr
er,er
s,s
aa,aa
w,l
d,t
s,s
ah,aa
ow,ow
aa,ay
iy,n
tcl,ix
n,n
jh,jh
r,axr
z,z
axr,r
sh,sh
p,sh
axr,axr
w,w
s,s
dcl,tcl
z,sh
kcl,tcl
m,y
dh,dh
kcl,tcl
s,s
q,ax
w,w
ao,ao
k,k
ah,ah
ih,ah
tcl,tcl
iy,iy
ah,l
iy,y
ae,ey
ng,n
pcl,tcl
p,k
y,ix
t,k
kcl,dcl
ax,ax
m,n
m,n
q,q
p,p
pcl,tcl
iy,iy
kcl,tcl
tcl,tcl
ix,ix
ng,n
kcl,tcl
n,n
ay,ay
er,ae
ay,aa
r,eh
l,w
ow,ow
v,r
n,hv
ah,ix
s,s
tcl,dcl
dcl,dcl
f,tcl
z,s
ey,ey
ih,ix
ax,ax
w,w
ix,ix
k,k
r,r
m,n
er,axr
axr,axr
ao,ao
ao,ao
y,ix
eh,axr
l,q
n,n
m,m
ao,ao
r,r
ux,ix
l,l
v,v
n,ix
eh,eh
r,ix
ey,ey
tcl,dcl
iy,iy
ix,ih
m,n
n,n
ae,ae
iy,iy
f,f
w,w
ix,q
iy,iy
m,m
tcl,tcl
f,f
d,t
iy,iy
ax,ax
k,q
aa,r
k,ch
ay,ey
l,n
s,z
ch,ch
ey,iy
ah,ao
iy,ih
bcl,n
ae,ae
z,z
dx,dx
tcl,dcl
l,l
ch,ch
uw,ow
axr,axr
ay,ay
t,k
w,w
iy,y
k,k
iy,iy
dh,v
ae,ae
iy,iy
f,z
dh,dh
d,t
w,w
jh,jh
t,tcl
kcl,tcl
bcl,dcl
ey,ey
w,m
gcl,dcl
p,p
tcl,tcl
s,s
k,tcl
ng,iy
tcl,jh
p,hh
w,w
ng,n
axr,axr
ax,ax
q,dx
ix,ix
aw,aa
kcl,tcl
en,n
ax,ax
ae,ae
tcl,tcl
n,n
ow,l
iy,iy
z,s
l,ix
p,p
ay,ay
tcl,tcl
dcl,n
r,r
l,ax
ix,ix
ah,ih
er,axr
ix,ix
l,l
dcl,dcl
k,k
pcl,tcl
eh,eh
dcl,dcl
ix,ax
dh,dh
ae,ae
iy,iy
iy,iy
p,p
ae,ey
d,d
ay,ay
ao,ao
l,l
dcl,y
oy,ow
dcl,dcl
er,ih
ix,iy
dcl,dcl
ix,ix
ix,hv
p,d
ix,ae
ix,ix
dh,dh
dx,dx
iy,iy
el,l
hh,hh
n,n
ay,ow
iy,iy
ix,ix
aa,r
ix,n
p,k
n,n
ix,ix
k,t
ah,eh
t,t
dh,dx
ao,ao
ux,iy
r,r
z,z
ix,iy
el,el
f,f
kcl,kcl
n,dx
s,ch
ix,ix
ey,ay
n,bcl
m,m
tcl,tcl
th,kcl
iy,iy
r,r
tcl,tcl
er,er
pcl,tcl
aa,ao
n,n
er,er
s,s
w,ax
ax,ax
nx,ix
dh,dx
s,s
y,y
kcl,kcl
l,iy
r,r
r,eh
tcl,pcl
k,k
er,axr
ay,ay
ax,ax
tcl,tcl
r,r
m,m
er,er
kcl,tcl
aa,w
axr,ax
z,z
ng,dcl
tcl,dcl
ax,l
el,ax
el,w
m,n
ao,ao
w,w
q,q
ey,ey
m,m
iy,iy
ax,ix
eh,ae
jh,jh
ey,ey
s,s
r,r
r,r
tcl,tcl
w,l
s,s
iy,iy
el,l
aa,aa
v,r
dx,ix
tcl,tcl
f,f
f,f
uw,uw
m,n
ah,ah
t,t
sh,sh
l,q
hh,tcl
el,l
pcl,tcl
s,jh
sh,sh
gcl,tcl
n,n
ah,ah
z,s
en,en
ix,ix
f,sh
l,ux
n,dx
iy,iy
iy,iy
ix,ix
ix,eh
ao,ao
ah,ax
kcl,tcl
ae,ae
m,v
dcl,dcl
t,kcl
m,m
dx,dx
q,m
ix,ix
iy,iy
iy,iy
uh,l
axr,axr
n,n
axr,axr
t,t
bcl,pcl
n,v
n,q
axr,eh
ax,ix
oy,oy
dcl,dcl
dh,dh
l,ax
r,r
iy,iy
s,s
k,k
s,s
dcl,dcl
ih,iy
dcl,tcl
axr,ix
dh,tcl
el,el
iy,iy
ay,ay
el,el
ay,aa
k,q
n,ix
ix,ax
ih,r
ix,ax
w,w
kcl,tcl
m,ix
ah,ix
kcl,tcl
ao,ao
iy,iy
iy,iy
s,s
s,s
z,z
s,s
t,d
iy,ux
ah,l
en,n
hh,hv
ey,ey
sh,sh
k,k
n,n
w,w
eh,eh
s,sh
y,iy
q,q
t,t
m,m
uh,ih
dx,dx
n,ix
r,ah
v,l
ao,aa
ix,ix
ix,ix
ix,ix
dcl,dcl
s,s
q,axr
tcl,tcl
r,axr
kcl,tcl
pcl,tcl
g,k
axr,axr
s,s
t,q
s,s
p,k
dx,dx
ay,ah
w,w
tcl,tcl
aa,ao
iy,iy
k,k
f,f
sh,sh
pcl,tcl
n,dh
k,jh
ix,ix
k,t
ix,ix
dcl,dcl
dcl,dcl
p,hh
n,n
n,dx
tcl,tcl
ao,ao
n,n
ix,iy
eh,ix
q,r
iy,iy
oy,oy
p,t
jh,jh
sh,sh
z,s
z,z
ow,ow
aa,ah
tcl,dcl
m,n
kcl,tcl
f,q
k,k
s,s
r,r
iy,iy
ng,n
ao,ao
r,ax
er,er
ch,ch
dx,dcl
ih,ix
ux,ih
kcl,tcl
ng,n
k,k
dcl,tcl
s,z
ih,ix
tcl,tcl
iy,ey
hh,hv
ng,n
ih,y
bcl,dcl
jh,ch
s,s
y,iy
eh,ax
ay,ae
ax,ix
kcl,kcl
n,n
n,dcl
ay,ay
p,hh
iy,iy
ao,aa
iy,iy
m,n
iy,iy
ix,l
tcl,z
g,k
k,jh
pcl,pcl
dcl,dcl
eh,eh
ow,ow
n,n
n,n
y,iy
f,f
el,ow
tcl,tcl
er,ao
el,ow
n,n
dh,tcl
r,ix
ix,ih
dcl,dcl
axr,axr
n,n
tcl,tcl
ih,ey
ix,ix
z,s
ae,ae
ih,ix
axr,axr
t,jh
ih,ng
ao,ao
ao,ao
oy,ay
kcl,tcl
kcl,tcl
axr,axr
kcl,tcl
axr,ux
s,s
gcl,dcl
kcl,tcl
hh,hh
d,k
dcl,dcl
s,s
k,k
ah,eh
z,z
f,f
g,g
ih,ix
ax-h,dcl
t,t
ux,ix
k,t
dcl,dcl
dcl,dcl
n,n
n,dcl
ax,ax
z,t
ax,l
ah,ix
tcl,tcl
n,n
nx,n
r,r
v,w
ih,ih
kcl,tcl
t,t
q,ax
ih,ix
l,m
d,k
ng,ng
f,tcl
s,s
ey,ey
t,t
kcl,tcl
m,m
er,axr
z,z
iy,ih
r,r
ay,ae
ey,ih
iy,iy
dx,dx
em,n
ix,ix
m,q
er,r
aa,aa
ih,ix
l,w
axr,r
eh,ae
tcl,tcl
g,k
sh,sh
l,l
p,dh
axr,r
ay,ay
dcl,dcl
ix,ix
ax-h,q
ay,ae
dx,dx
g,g
ae,ae
ae,ae
n,n
s,s
ae,ae
w,w
dcl,tcl
ih,ih
p,tcl
v,dcl
ae,ae
ix,ih
ah,eh
n,n
kcl,kcl
r,r
axr,axr
ah,eh
f,f
m,n
ux,ux
ax,ix
ao,ao
ix,ix
gcl,tcl
kcl,tcl
ix,ix
eh,ah
l,l
er,ih
ah,ow
p,hh
ch,ch
aa,ae
axr,axr
ah,ax
pcl,tcl
r,r
ng,n
ao,ao
ih,iy
bcl,dcl
eh,eh
ao,ao
pcl,kcl
axr,axr
s,s
k,k
m,m
ah,ow
r,r
ay,ae
eh,eh
uw,uw
ow,ow
t,t
m,n
k,k
eh,eh
ix,ix
m,n
aa,aa
z,z
z,z
ix,ax
er,er
ax,ix
n,n
z,s
ay,aa
dcl,tcl
pcl,tcl
sh,sh
tcl,tcl
q,q
aw,ow
uw,ix
ix,q
iy,iy
s,s
d,t
ih,iy
kcl,tcl
ix,ix
kcl,dcl
l,ix
ay,ae
ey,iy
m,n
s,s
s,s
r,r
iy,iy
n,n
l,ax
ix,ih
s,s
dh,q
ow,ow
bcl,dcl
n,n
b,dx
k,tcl
dh,dh
dx,dcl
ux,ux
n,n
oy,oy
n,n
sh,sh
t,k
w,r
w,w
kcl,tcl
n,n
ay,ay
w,w
ix,q
tcl,tcl
l,ao
ay,ay
aa,ae
dcl,bcl
s,s
l,l
k,k
oy,oy
sh,sh
s,s
l,l
r,r
t,t
axr,axr
ix,ix
m,m
ae,ae
dcl,dh
ih,ix
kcl,pcl
oy,eh
d,dh
iy,ix
ao,ao
iy,iy
w,ao
ax,l
ow,ix
ix,ix
ih,ih
s,s
ix,iy
dx,dh
pcl,pcl
ih,ey
er,ay
tcl,dcl
tcl,tcl
eh,eh
w,w
tcl,tcl
ih,ix
th,tcl
r,r
bcl,dcl
ay,ae
ix,ix
nx,n
r,r
s,s
iy,ix
f,f
ao,ao
axr,axr
k,t
m,n
g,k
w,y
y,iy
iy,iy
q,l
axr,r
dx,dx
l,l
iy,iy
t,t
pcl,pcl
l,l
s,s
axr,ow
er,ax
dh,dh
s,s
aa,aa
eh,eh
s,sh
g,g
t,t
gcl,dcl
n,n
tcl,tcl
tcl,kcl
axr,ax
m,n
ao,ao
ay,ay
s,s
r,aa
s,f
n,n
sh,ch
axr,er
el,q
ao,aa
dcl,tcl
y,ix
eh,eh
t,ch
t,t
g,k
ey,ey
tcl,tcl
ey,ey
f,dh
n,n
k,k
aa,ao
pcl,tcl
ey,ae
ay,ay
ow,ow
kcl,tcl
ix,ix
aa,eh
l,l
eh,aa
ih,iy
y,y
kcl,tcl
iy,n
l,l
t,z
iy,iy
gcl,tcl
p,p
ae,aa
th,t
dcl,dcl
aa,ah
ey,iy
sh,sh
n,l
l,l
ax,ix
dcl,dcl
n,ix
axr,axr
n,dcl
g,kcl
ah,l
n,n
nx,n
ix,eh
r,r
tcl,tcl
ax,l
y,dh
r,r
iy,iy
t,t
n,n
ow,ow
g,g
s,s
s,s
tcl,tcl
dx,n
kcl,kcl
iy,iy
er,r
iy,iy
axr,axr
z,z
ay,ay
z,z
ow,ow
n,n
t,t
k,k
ay,ae
n,m
tcl,kcl
l,q
t,z
ax,ix
eh,r
dcl,dcl
r,r
ao,ao
ah,eh
kcl,tcl
n,n
l,q
d,dh
k,k
aw,aa
r,l
ay,ay
ow,ow
s,s
gcl,tcl
m,m
tcl,tcl
n,n
ih,ey
p,p
eh,ih
ih,ix
hh,p
aw,ao
eh,axr
iy,iy
ao,ah
el,q
d,dh
aa,aa
r,r
kcl,kcl
ae,ae
ih,axr
bcl,dcl
l,l
em,ax
er,iy
kcl,kcl
l,ax
w,w
ih,iy
eh,eh
l,w
kcl,tcl
ey,ey
kcl,tcl
ih,ih
iy,iy
m,m
ey,ih
gcl,dcl
er,axr
q,k
ih,ih
dx,q
ix,ix
ix,ix
q,q
ix,ix
bcl,w
y,iy
k,z
l,l
ey,ey
eh,eh
ao,ao
s,s
ae,ay
dh,q
ix,n
ae,eh
iy,iy
q,ax
iy,iy
iy,ey
n,ix
t,t
g,jh
ao,ao
axr,v
z,z
oy,aa
s,s
q,tcl
dh,ix
tcl,tcl
s,z
r,ix
q,q
k,g
ix,ix
g,k
l,el
ae,ae
oy,ao
bcl,dcl
ax,ax
iy,iy
ah,ao
axr,axr
pcl,tcl
jh,t
r,axr
l,l
gcl,bcl
dcl,tcl
m,n
k,k
ah,aa
axr,axr
dh,q
n,n
aa,aa
ao,ow
ae,ae
z,z
s,s
r,r
f,f
axr,er
ih,eh
g,t
ah,l
f,tcl
s,s
ih,iy
k,k
aa,ao
th,dh
w,w
k,k
iy,iy
tcl,dcl
n,n
q,q
eh,ae
pcl,tcl
aa,eh
ix,ih
kcl,kcl
r,r
ao,aa
uh,ax
k,jh
aa,aa
eh,ih
tcl,tcl
z,z
pcl,pcl
kcl,tcl
aa,aa
y,ix
ng,ng
er,r
kcl,tcl
dcl,m
iy,iy
r,r
iy,iy
s,sh
uw,ux
l,l
r,m
kcl,kcl
p,p
m,n
tcl,tcl
gcl,tcl
ix,ix
t,ch
r,r
w,w
kcl,kcl
n,n
el,el
g,g
ao,uw
s,s
ix,ix
k,k
s,sh
th,th
jh,ch
k,t
er,er
iy,ih
ay,aa
axr,er
ux,r
p,dh
m,bcl
ih,ih
tcl,tcl
l,l
g,pcl
n,n
r,r
el,el
ae,aa
tcl,kcl
eh,eh
dcl,dcl
kcl,kcl
f,sh
k,k
r,r
dcl,dcl
iy,iy
l,w
s,s
gcl,ix
ax,eh
q,ax
aa,r
w,l
m,m
ae,eh
l,l
ey,ey
iy,iy
ao,ao
sh,sh
w,w
z,s
s,s
q,q
iy,iy
tcl,q
iy,iy
n,q
k,k
ah,ao
bcl,tcl
n,n
k,k
g,g
er,axr
m,n
m,bcl
r,r
n,dh
l,l
ay,ay
s,s
er,r
r,r
tcl,tcl
dcl,dcl
tcl,tcl
m,n
s,sh
nx,n
s,s
dcl,tcl
ix,dh
ao,w
ix,ix
ih,iy
ao,eh
pcl,tcl
tcl,tcl
k,k
r,w
r,r
v,n
ch,ch
f,f
dx,dx
iy,ix
ao,ao
ax,ax
p,g
m,l
tcl,tcl
ix,ix
pcl,v
axr,ax
iy,iy
k,k
kcl,tcl
ax,ix
z,z
eh,eh
ay,ay
bcl,dcl
s,s
m,ng
r,ix
ey,l
sh,sh
t,k
sh,sh
eh,eh
r,r
ix,ix
ix,iy
er,axr
kcl,tcl
d,k
axr,axr
dx,dcl
ng,q
l,ax
kcl,tcl
l,q
s,s
v,n
ax,ah
ao,ao
tcl,tcl
ae,ah
ux,n
n,n
kcl,tcl
th,th
ix,ix
tcl,tcl
aa,aa
r,r
z,z
ay,ow
p,hh
f,f
ih,ih
y,y
ih,ix
ax,ax
bcl,tcl
t,t
ux,ux
z,z
iy,ey
en,n
k,tcl
kcl,kcl
er,er
ix,r
r,r
ax,r
l,w
r,aa
k,k
oy,oy
ae,ae
k,k
iy,ix
iy,iy
ax-h,z
p,hh
kcl,dcl
k,k
ih,w
ao,w
pcl,tcl
ay,ay
em,n
q,q
l,ax
t,k
bcl,tcl
er,er
ih,ix
iy,q
ix,ix
n,n
ae,ae
ih,ih
r,r
uh,ax
hh,hh
l,q
eh,ih
iy,iy
p,p
dcl,pcl
m,n
ix,ix
iy,iy
ax,ax
dh,dh
pcl,tcl
dh,dh
eh,eh
k,d
ix,ix
ao,ao
q,q
ch,sh
ax,ax
ix,l
kcl,tcl
tcl,tcl
ay,ow
nx,nx
l,l
pcl,tcl
dcl,kcl
ah,ah
r,r
uh,ay
t,t
iy,ih
w,w
r,aa
kcl,dcl
dx,r
bcl,tcl
k,k
dcl,dcl
hh,hv
axr,er
aa,aa
ey,eh
eh,eh
dx,r
d,tcl
k,kcl
d,t
z,s
aw,aa
ix,iy
iy,iy
ih,iy
r,r
w,w
ao,ao
p,p
axr,ax
z,z
iy,iy
r,ah
y,y
bcl,bcl
m,r
s,s
tcl,q
t,t
r,r
dh,dh
s,s
p,dh
m,dh
nx,n
dcl,dcl
q,q
sh,sh
kcl,tcl
kcl,kcl
r,r
l,l
ae,aa
eh,ae
dh,dh
ao,ao
ax,ax
axr,axr
tcl,tcl
g,g
nx,ix
eh,ae
dcl,dcl
eh,eh
bcl,bcl
aa,ao
y,y
ae,ae
ix,iy
ix,ix
tcl,tcl
ih,ih
s,s
v,n
ey,eh
l,l
z,z
n,n
ey,ey
ng,n
ux,ix
q,n
dx,dx
s,s
gcl,dcl
ah,eh
q,q
ih,ix
bcl,bcl
ax,ax
ix,ax
k,k
gcl,dx
ix,ix
aa,aa
f,f
ix,ih
gcl,dcl
m,n
er,axr
f,f
l,l
ix,ix
hv,hh
g,q
sh,sh
ih,ih
q,q
ay,ay
w,w
tcl,tcl
ay,ae
y,ix
ix,ix
iy,ix
k,k
s,s
s,s
hh,hh
w,w
jh,jh
iy,iy
k,k
v,n
gcl,dcl
ix,ix
ih,ix
d,t
ih,iy
kcl,kcl
dcl,dcl
l,n
axr,ix
n,n
l,ax
m,m
m,n
ix,l
aa,aa
l,l
s,s
sh,sh
r,r
eh,eh
ix,ix
bcl,dcl
kcl,tcl
tcl,tcl
s,sh
pcl,kcl
q,l
s,s
hh,t
w,w
tcl,jh
k,k
er,er
bcl,tcl
iy,ix
l,l
s,s
ow,ow
bcl,dcl
aw,ae
z,v
ix,ix
f,f
n,n
uh,ix
w,w
v,r
sh,sh
dh,dh
axr,axr
iy,ix
n,r
v,n
eh,eh
iy,iy
eh,axr
ao,ah
ix,ix
s,z
aa,aa
w,w
s,s
pcl,tcl
dcl,tcl
l,ax
r,ix
kcl,tcl
w,w
t,jh
tcl,tcl
uw,ao
ao,ao
iy,ih
kcl,tcl
dcl,tcl
d,k
r,r
ix,ix
dh,q
z,s
eh,eh
q,pcl
ih,ix
ey,iy
ux,ux
ay,aa
l,w
f,f
t,t
p,kcl
er,er
v,v
ah,ao
s,s
ix,ix
ix,ix
ng,tcl
er,ih
ix,ix
t,k
r,w
w,w
dcl,tcl
t,sh
r,n
p,dh
ix,iy
ih,iy
z,z
kcl,tcl
eh,eh
n,ax
m,m
er,er
axr,ih
aa,aa
ae,ae
hv,ix
k,k
n,n
z,z
p,g
ah,aa
ah,aa
kcl,dh
r,ax
ah,ah
v,dcl
z,z
r,r
ax,q
uw,l
s,s
tcl,tcl
aa,aa
th,dh
g,kcl
ay,ay
s,s
ix,ix
aa,aa
kcl,tcl
ng,n
axr,ng
dcl,dcl
s,s
w,w
ah,ah
ux,ux
tcl,tcl
er,ih
dcl,dcl
zh,jh
iy,iy
s,s
sh,sh
ah,aa
l,l
p,hh
aa,aa
eh,r
ay,ae
ao,w
axr,uw
r,ix
l,l
iy,iy
iy,iy
kcl,kcl
dcl,dcl
w,w
ch,ch
k,k
l,ih
d,t
s,s
ih,ix
eh,aa
axr,axr
l,iy
m,ng
z,s
ax,ax
ah,ah
pcl,dh
q,l
kcl,t
k,k
sh,sh
s,s
gcl,dcl
t,t
oy,ao
tcl,tcl
bcl,dcl
ax-h,ix
ah,aa
kcl,tcl
ay,ay
iy,iy
kcl,tcl
gcl,dcl
bcl,n
n,n
iy,iy
w,w
eh,eh
iy,ih
ao,ao
ax,l
aa,aa
l,l
kcl,tcl
ey,ae
gcl,dcl
ah,eh
dh,th
r,ix
en,n
ix,ax
iy,ix
ax,ax
uw,ux
iy,iy
ix,ix
kcl,tcl
zh,jh
iy,ix
r,axr
s,s
s,s
v,l
ih,ey
k,k
ix,ix
r,r
iy,iy
hh,k
ix,ix
z,z
axr,ae
q,ax
s,ch
ix,ix
ax,bcl
ix,ix
gcl,tcl
kcl,tcl
z,z
aw,ae
gcl,dcl
dh,p
ng,n
gcl,n
m,n
dx,dcl
gcl,n
t,t
axr,ix
aw,ao
s,z
n,dcl
ae,ae
m,w
p,p
er,er
w,w
t,tcl
eh,ae
m,n
ax,l
gcl,dcl
aw,ae
s,s
bcl,bcl
p,k
kcl,dcl
sh,s
g,g
ih,ix
ay,ah
r,r
l,w
dx,dcl
aa,aa
z,z
ow,aa
axr,axr
l,ng
ix,ih
iy,ux
ax,ax
m,n
gcl,tcl
ax,ax
ao,ao
ae,ae
r,r
kcl,pcl
n,ix
z,s
eh,ix
uh,eh
sh,s
w,w
r,r
hh,tcl
sh,sh
l,hv
eh,eh
ae,ae
aa,aa
ay,ay
axr,axr
s,s
ow,l
d,k
uh,ow
q,q
hv,hv
s,s
axr,er
ih,ey
n,dcl
p,k
kcl,tcl
ae,ae
dcl,bcl
k,k
ao,l
k,kcl
tcl,tcl
n,n
f,dh
ix,ix
el,el
ng,m
ao,aa
t,t
l,ax
n,n
ix,ax
ah,ix
m,n
ih,ix
kcl,tcl
l,ow
ax,ax
en,q
s,s
iy,iy
ng,n
ao,w
q,q
k,k
w,w
bcl,dh
axr,ih
ih,r
ae,ae
tcl,tcl
s,s
s,sh
y,y
uw,ux
m,m
ix,ix
ax,ix
y,ix
l,l
s,z
r,r
sh,s
f,f
w,w
en,bcl
en,n
hv,ix
bcl,dcl
l,q
bcl,tcl
s,s
k,f
r,r
axr,axr
z,s
nx,ix
ae,ae
ow,ah
dcl,tcl
ah,aa
tcl,tcl
m,n
l,ao
s,s
l,l
uh,w
ch,jh
iy,iy
ao,w
gcl,dcl
kcl,tcl
l,l
axr,r
kcl,tcl
pcl,tcl
axr,axr
l,l
r,r
eh,ix
s,s
n,n
ah,eh
ix,ix
er,r
k,k
d,k
r,r
ay,ix
ix,ix
dcl,tcl
ix,axr
aa,aa
kcl,tcl
ow,ow
n,n
iy,iy
oy,oy
tcl,tcl
t,jh
ey,ey
ae,ae
ae,ey
ah,aa
p,k
aa,aa
l,w
iy,iy
kcl,tcl
ix,r
m,n
r,oy
axr,er
n,n
r,r
axr,r
q,iy
s,sh
ih,ix
iy,iy
ah,ah
z,z
f,th
m,n
iy,iy
ih,ih
ah,ax
dcl,dcl
r,aa
l,l
n,n
ao,aa
s,s
w,w
ix,ih
aa,aa
tcl,tcl
t,t
tcl,tcl
l,ax
l,iy
dcl,dcl
s,s
dh,z
r,aa
ah,ah
ih,ix
s,s
sh,z
tcl,tcl
r,r
bcl,dcl
kcl,tcl
l,l
k,k
d,d
ch,k
ow,l
n,n
ih,ix
k,k
dcl,bcl
ax,r
dcl,n
ay,q
ao,ao
ih,ix
ch,ch
s,s
ey,ih
tcl,tcl
iy,iy
tcl,dcl
tcl,tcl
th,dh
ux,ih
m,m
r,r
ow,ow
tcl,dcl
m,n
w,w
l,l
ix,ix
s,s
ax-h,d
eh,eh
ae,ay
ay,ay
kcl,tcl
pcl,pcl
tcl,tcl
t,k
axr,axr
sh,hh
s,z
pcl,q
jh,jh
l,l
z,z
dh,f
hv,l
tcl,tcl
uh,ah
s,s
s,z
eh,eh
jh,z
el,ow
ix,ix
ao,ao
n,q
q,k
t,t
s,s
t,t
k,k
dcl,dcl
ax,ix
ih,ih
n,n
ix,iy
dx,kcl
ng,n
r,r
s,z
f,f
n,ng
dh,dcl
eh,ae
r,r
gcl,y
s,s
iy,iy
ix,ax
w,w
m,m
iy,y
n,n
dcl,dcl
iy,iy
ax,ix
r,r
ow,axr
ao,ao
sh,sh
eh,l
kcl,kcl
ay,aa
w,w
n,n
k,k
th,f
tcl,tcl
ae,ae
hv,hv
l,ix
ux,ix
ae,ah
r,r
l,el
r,r
ix,r
q,q
er,er
gcl,r
iy,iy
oy,ao
v,v
ax,ix
r,r
tcl,q
kcl,kcl
th,dh
k,k
dh,dh
eh,eh
tcl,tcl
bcl,dcl
t,k
f,t
n,n
k,t
el,q
t,t
ae,ae
z,s
hv,jh
n,n
ng,n
ao,ao
iy,iy
f,th
l,l
iy,iy
iy,iy
n,n
ey,ey
l,ax
sh,sh
ih,ah
iy,iy
ey,ey
m,n
kcl,tcl
ae,ae
dh,dx
hv,hv
ix,ix
w,w
eh,eh
ix,ix
dh,dh
p,p
dcl,dcl
aa,aa
ax,eh
axr,ix
l,w
f,f
q,dx
dh,d
w,w
y,iy
pcl,tcl
axr,ix
axr,er
iy,ih
m,n
l,r
hh,q
eh,eh
z,s
bcl,n
ux,ux
k,t
ao,w
ax-h,kcl
m,n
s,s
r,r
f,f
n,n
l,ah
r,v
y,iy
l,l
ix,ay
axr,ix
l,ow
k,k
n,n
pcl,tcl
er,ux
aw,aw
iy,iy
r,r
iy,iy
kcl,tcl
el,w
bcl,n
ih,ih
uw,l
ow,ow
p,hh
m,n
en,ix
gcl,dcl
ey,ih
ix,ix
z,s
s,s
m,n
dh,dh
dcl,tcl
ae,ae
kcl,tcl
tcl,tcl
iy,y
hv,iy
ao,ao
ow,aa
k,k
k,k
l,l
iy,iy
ao,ao
q,q
pcl,tcl
ih,ey
ax,ix
kcl,kcl
v,v
p,k
ae,ae
ux,ux
s,s
n,n
tcl,tcl
z,z
n,dx
d,jh
er,er
w,w
l,n
iy,iy
nx,n
tcl,tcl
jh,jh
ax,ax
l,l
r,ix
k,t
ax,l
en,m
hh,q
el,ax
eh,ae
axr,axr
axr,axr
hh,r
t,t
gcl,v
w,m
b,dh
dcl,dcl
iy,iy
hv,hv
m,n
ih,ih
r,iy
p,hh
r,r
ay,ay
eh,l
k,k
z,z
r,ix
ae,ae
bcl,dcl
r,r
aa,ow
m,n
r,axr
n,n
f,f
p,p
kcl,tcl
m,n
axr,ow
ay,ae
axr,axr
ix,ix
m,n
w,w
kcl,tcl
z,z
m,m
bcl,dcl
tcl,tcl
t,t
ix,ix
r,r
r,r
n,ng
iy,iy
ao,ao
k,t
ng,n
th,dh
ix,ix
l,l
n,bcl
ix,ix
z,z
pcl,tcl
k,tcl
ix,ix
ix,iy
y,y
l,q
sh,ch
v,v
n,n
f,f
d,q
eh,ix
ae,ae
th,t
k,q
dcl,dcl
kcl,tcl
ix,ix
hv,hv
ax,ax
axr,axr
n,ix
aw,aa
l,ax
tcl,tcl
n,dcl
m,m
l,l
