true_label,predicted_label
ux,ux
s,s
ix,ix
dx,dx
t,t
r,r
y,ih
z,z
n,n
tcl,tcl
l,l
ux,ux
ae,ae
ng,ng
n,n
ay,ay
ix,ix
aa,aa
r,r
m,en
nx,n
p,p
n,n
jh,t
dx,dx
ae,ae
kcl,pcl
tcl,tcl
q,q
iy,iy
kcl,kcl
k,k
ax,m
uh,ow
kcl,kcl
pcl,pcl
ao,ao
iy,iy
r,r
kcl,kcl
dh,n
axr,er
d,t
y,y
aa,aa
nx,n
jh,jh
q,q
ng,n
l,uw
tcl,tcl
k,kcl
kcl,n
jh,jh
ih,ih
er,axr
ix,ix
m,en
kcl,kcl
ix,ix
m,m
s,s
q,q
iy,iy
v,v
tcl,tcl
ow,ow
q,q
r,r
ao,ao
ae,ae
ao,ao
s,s
ao,ow
ey,ih
ao,ao
dcl,dcl
ow,ow
ax,ax
r,r
pcl,pcl
dh,dh
kcl,pcl
ax,r
axr,r
ay,ay
s,s
t,t
ax,ah
ux,ux
ay,ay
t,t
ae,ae
ao,ao
r,r
jh,jh
r,r
ix,ah
ix,ih
ux,ux
eh,eh
ax,eh
iy,q
gcl,kcl
ah,aa
sh,sh
ih,ih
ix,ix
w,w
n,ng
ix,ax
f,f
eh,ih
iy,iy
ae,eh
ax,ix
m,dcl
jh,jh
eh,ih
ey,ey
iy,iy
t,t
k,k
ax,ax
dcl,dcl
axr,axr
ao,ao
ay,ay
hv,hv
kcl,kcl
tcl,tcl
l,l
ih,ix
ao,aa
n,n
g,g
gcl,kcl
z,z
ae,ae
z,s
ih,ix
tcl,pcl
s,s
s,s
sh,sh
aa,aa
m,bcl
v,v
gcl,dcl
l,l
y,y
ay,ae
p,pcl
dcl,tcl
z,s
iy,iy
p,f
n,n
l,l
s,s
r,r
ao,aa
k,k
bcl,bcl
ah,ah
oy,ao
ix,ix
l,ax
ae,ae
em,m
m,m
ah,ah
iy,iy
ay,ae
s,s
ae,ae
f,f
ng,ng
t,t
iy,iy
ux,ix
z,z
ao,ao
pcl,pcl
r,r
ay,ay
l,l
iy,iy
ih,ih
pcl,pcl
aw,aa
iy,iy
ix,ah
ey,ey
iy,iy
eh,eh
r,r
n,ix
dcl,dcl
k,k
ax,ax
w,ao
t,t
ax,ax
q,tcl
n,n
k,k
ix,ix
sh,sh
f,f
n,n
ey,ey
s,s
v,v
m,m
gcl,dcl
dh,z
ix,ix
ax,ax
l,l
w,w
n,n
d,d
ax,ix
q,q
ix,ix
n,n
tcl,kcl
gcl,tcl
r,r
r,r
v,v
tcl,gcl
th,th
ix,ix
iy,iy
gcl,dcl
tcl,bcl
m,m
dh,dh
m,n
p,p
uw,uw
axr,axr
dh,dh
iy,iy
z,s
en,m
ae,ae
ix,ih
aa,aa
g,k
k,k
q,ix
ay,ae
tcl,tcl
p,p
ae,ae
bcl,bcl
ix,ix
iy,iy
ax,ax
ey,ey
ae,ae
q,q
f,f
er,er
kcl,kcl
bcl,pcl
m,n
l,ao
eh,eh
p,p
q,q
tcl,tcl
f,f
iy,ih
ix,ih
iy,iy
s,s
d,t
ih,r
s,s
ax,ax
ay,ay
axr,axr
t,t
ae,ae
dx,tcl
t,t
z,z
ix,ux
gcl,dcl
w,ao
v,v
n,n
s,s
iy,iy
dcl,dcl
ix,eh
gcl,gcl
iy,iy
q,q
m,ng
v,v
dh,dh
r,r
ix,ix
eh,eh
ey,ey
w,w
gcl,dcl
ux,ix
v,bcl
n,ix
er,er
jh,jh
kcl,kcl
z,z
ow,ow
n,m
k,g
eh,eh
ax-h,ax-h
tcl,kcl
oy,oy
kcl,kcl
r,r
aa,aa
iy,iy
ay,ay
t,t
g,g
ao,ao
r,v
ih,ih
aa,ao
sh,sh
bcl,dcl
bcl,pcl
ae,eh
ax,n
s,s
dcl,bcl
tcl,dcl
iy,ih
r,r
p,p
ax,ax
ix,ix
z,s
gcl,dcl
l,l
ey,ey
gcl,gcl
l,l
er,ao
ae,ae
ix,ix
v,v
ax,ax
r,r
r,y
dcl,dcl
bcl,dcl
sh,sh
ow,l
ow,l
ch,t
t,t
ix,ix
ix,ih
ix,iy
pcl,tcl
m,m
axr,eh
t,t
kcl,kcl
s,s
iy,iy
kcl,kcl
axr,eh
n,n
ae,eh
kcl,kcl
s,s
r,r
t,t
dcl,dcl
eh,eh
ow,ow
ih,ih
ix,ix
g,g
r,r
m,m
k,k
n,n
q,q
m,m
aa,aa
iy,ix
eh,r
eh,ah
r,r
bcl,bcl
ax,l
iy,iy
ix,ix
ix,ix
z,s
n,n
iy,ux
tcl,pcl
z,s
s,s
ix,ih
v,dcl
n,n
f,f
tcl,tcl
ux,ux
r,r
w,w
ax-h,ax-h
w,w
l,l
ao,ao
ae,ih
q,ix
ix,ih
er,er
sh,sh
ng,n
gcl,gcl
tcl,tcl
tcl,gcl
ae,eh
ng,ng
er,er
v,v
v,v
ix,ix
iy,iy
v,v
ix,ix
z,z
r,uh
r,r
eh,ix
dcl,dcl
m,n
ao,aa
ao,ao
s,s
q,q
q,q
uh,ax
s,s
ih,ix
q,q
t,t
ey,ux
tcl,tcl
aa,aa
l,l
ax,ax
tcl,kcl
v,dcl
eh,ih
n,ng
el,el
g,g
ng,n
ix,ix
ao,ao
aa,aa
aa,ah
q,q
aa,ao
tcl,kcl
tcl,dcl
n,em
bcl,bcl
ae,ae
tcl,tcl
th,dh
p,p
l,l
l,l
q,q
en,en
iy,iy
y,y
dcl,dcl
dh,dh
dcl,l
sh,sh
t,t
s,s
zh,zh
en,iy
ih,iy
f,p
gcl,gcl
y,iy
s,s
r,r
s,s
ix,ix
r,r
iy,iy
ax,ax
ah,ah
s,s
dx,dh
q,q
ao,ao
r,r
n,n
axr,axr
l,l
axr,r
ae,ae
sh,sh
n,n
ih,ih
sh,ch
k,k
tcl,pcl
ax,ax
w,w
sh,sh
iy,iy
ix,ix
ah,ah
th,z
iy,iy
pcl,pcl
d,t
tcl,pcl
ae,ae
r,er
aa,aa
ih,ih
ah,ah
r,r
uh,ih
r,ao
kcl,gcl
s,f
aa,ao
n,n
tcl,tcl
q,q
axr,axr
l,l
ao,ao
ix,ix
pcl,pcl
f,f
er,er
dcl,kcl
hv,ax
em,m
v,dcl
f,f
t,t
iy,iy
ae,ae
el,l
dcl,pcl
ay,ay
l,l
ah,ax
eh,eh
k,k
kcl,kcl
s,s
ih,ih
ah,aa
iy,iy
hv,hv
r,r
ow,el
ay,ay
ix,ix
kcl,kcl
iy,iy
w,w
m,m
ae,ae
bcl,dcl
z,z
y,y
n,n
ae,eh
ao,ao
r,r
p,k
p,p
l,l
ae,ae
gcl,gcl
s,s
kcl,tcl
s,s
ax,r
hv,hv
s,s
s,s
ih,ix
n,n
pcl,pcl
ey,ey
z,z
ix,ih
dcl,dcl
iy,iy
hv,hv
ch,jh
r,r
kcl,tcl
kcl,kcl
pcl,tcl
aa,aa
l,l
er,r
ix,n
dx,dx
er,er
er,axr
n,n
ow,ow
eh,eh
kcl,tcl
iy,ux
k,k
s,s
ix,ix
kcl,kcl
t,t
z,z
oy,oy
iy,iy
s,s
ay,ay
eh,ay
q,q
m,m
d,d
w,w
y,y
ix,d
m,m
tcl,tcl
ax,ax
n,n
m,m
t,t
ey,iy
aa,aa
sh,sh
ix,ax
ao,ao
l,l
axr,er
pcl,pcl
dx,dx
ix,ix
ih,er
iy,iy
eh,eh
dh,d
s,s
v,v
hh,hv
q,ix
ix,eh
l,l
ih,ih
dh,dh
iy,iy
m,m
ao,ao
z,s
tcl,kcl
axr,ax
b,b
s,s
z,z
l,l
dh,v
axr,axr
v,v
aa,aa
dcl,pcl
s,z
ah,ah
s,s
r,r
hh,hh
ey,ey
aa,aa
p,p
ih,ix
d,t
axr,r
z,z
ax-h,dh
axr,ix
ix,ix
r,r
r,ux
f,f
n,n
iy,iy
ae,ae
n,n
bcl,bcl
ax,ax
bcl,bcl
dh,n
n,en
ow,ow
ow,ow
ae,eh
ae,ae
ao,ao
axr,axr
ih,ix
ax,ax
m,m
ax,ix
jh,sh
bcl,bcl
aa,aa
ow,ah
k,k
l,l
k,k
q,q
dh,dh
s,s
s,s
kcl,kcl
q,q
m,r
ih,eh
ay,ay
l,l
z,z
k,k
ax,ax
ax-h,q
en,en
k,k
l,ax
ch,ch
ay,ay
dh,dh
jh,jh
bcl,bcl
sh,sh
r,r
ix,ix
g,g
ax,ax
k,t
z,s
s,s
t,t
ey,ey
ax,ax
y,y
ng,n
s,s
ix,ih
n,n
s,s
ih,ih
z,z
ae,ae
p,p
t,t
ih,ih
ae,ae
t,t
ae,ae
kcl,dcl
s,s
p,p
l,l
eh,eh
ae,ae
iy,iy
iy,iy
dcl,tcl
q,q
s,s
ae,ay
s,s
ah,ah
axr,axr
ih,ix
k,k
s,s
k,k
m,gcl
dcl,tcl
r,ix
v,v
sh,sh
axr,axr
pcl,pcl
dh,dh
w,w
aa,aa
ix,ax
ae,ae
f,f
ix,ix
eh,eh
hh,hh
ih,iy
ix,ix
bcl,bcl
s,s
axr,axr
s,z
s,s
gcl,gcl
d,t
eh,eh
l,l
ih,ih
dh,dh
ey,ih
dh,ax
er,er
l,l
k,k
nx,ix
gcl,dcl
bcl,gcl
q,q
eh,ih
kcl,pcl
tcl,kcl
z,z
iy,ix
d,t
aa,r
hv,hv
bcl,dcl
ao,ao
el,el
dh,d
ix,ax
k,k
axr,q
tcl,tcl
l,l
r,r
t,t
axr,axr
sh,sh
aa,aa
ux,iy
kcl,kcl
ah,ah
sh,sh
ae,ae
iy,ux
ih,ih
n,n
w,w
eh,eh
bcl,bcl
w,w
r,r
kcl,kcl
aa,aa
jh,d
m,m
k,k
z,z
f,t
sh,s
z,z
iy,ux
kcl,kcl
k,k
l,ah
nx,n
n,n
ao,ao
ih,ix
uw,ux
eh,ae
q,q
tcl,tcl
t,t
ax,ax
r,r
ix,ix
k,k
ow,ah
t,t
r,r
r,r
zh,zh
kcl,kcl
l,l
sh,sh
hv,hv
en,ng
ix,ax
z,s
hh,hh
v,ax-h
s,s
z,z
iy,iy
p,p
ao,ao
ao,ao
ch,ch
k,k
ch,ch
q,ix
ae,ae
iy,ih
q,q
s,s
v,bcl
jh,jh
ey,ey
l,w
l,l
l,l
l,l
s,s
iy,iy
n,n
tcl,ax-h
bcl,dcl
th,f
m,n
r,r
s,s
w,w
ey,ey
ao,ao
tcl,tcl
n,r
v,v
dh,l
sh,sh
axr,axr
ey,ey
q,q
iy,iy
k,k
axr,er
r,r
ae,ae
ax,ax
ix,ix
pcl,pcl
ao,ah
iy,iy
kcl,tcl
n,n
bcl,bcl
q,q
aa,aa
d,dcl
s,s
pcl,kcl
dh,dh
ix,ix
kcl,kcl
w,w
ao,aa
iy,iy
iy,iy
iy,ix
en,n
l,l
n,n
ax,ow
m,ng
m,m
ax,ax
ey,ey
kcl,kcl
kcl,kcl
el,uh
r,r
kcl,kcl
dcl,dcl
l,l
t,t
s,s
ix,ix
dh,dh
ey,ey
dh,dh
ih,y
r,r
ih,r
g,g
ae,ae
s,s
z,z
t,t
tcl,tcl
ih,ih
r,r
iy,ih
axr,axr
ay,ay
ix,ih
gcl,dcl
r,r
aw,aw
ow,ow
dh,dh
t,t
iy,ih
ax,ax
ey,ey
ix,iy
f,f
m,m
s,s
ix,ix
dh,dh
iy,iy
hv,hv
f,f
iy,iy
ae,ae
oy,oy
aa,aa
ae,ae
s,s
ow,ow
s,s
ay,ay
r,r
z,z
hv,hv
dcl,dcl
t,t
n,n
ng,ng
w,w
iy,iy
tcl,tcl
axr,axr
n,n
w,w
ae,ae
ix,ix
nx,n
z,z
w,ng
ih,ih
q,q
s,s
zh,jh
n,n
dh,t
iy,iy
hh,ax-h
gcl,gcl
kcl,tcl
tcl,pcl
ix,ix
el,ow
aa,aa
n,ng
l,m
n,n
q,ix
dcl,tcl
hv,hv
ay,eh
ao,ao
er,eh
l,l
el,el
q,q
ux,ux
dx,dx
jh,sh
ow,ow
dx,dx
kcl,kcl
dcl,dcl
ax,ax
r,r
q,q
ay,ay
ih,ih
n,n
s,s
q,q
eh,ih
dcl,dcl
ix,ix
iy,iy
er,er
r,r
r,r
ih,ix
r,r
r,r
ey,iy
jh,jh
n,n
ax,ix
s,s
q,q
ax,m
f,f
ix,iy
ux,ux
k,k
ax,ax
ax,ax
m,m
pcl,pcl
ix,ix
ux,ux
ix,ix
g,g
iy,iy
v,v
dx,dx
ch,ch
ix,ix
ah,ah
q,q
w,w
kcl,tcl
gcl,gcl
q,q
n,n
ix,ix
tcl,dcl
kcl,kcl
l,l
ay,aa
ax,ix
n,n
ix,ix
p,f
ax,ih
w,w
iy,iy
ih,ih
oy,oy
ix,ae
iy,iy
n,dcl
dh,dh
t,t
s,s
ih,ih
l,r
k,k
l,l
q,ax
l,l
ah,ah
g,k
g,ix
gcl,gcl
n,n
kcl,tcl
s,s
zh,sh
s,s
ey,iy
ix,ix
l,l
iy,iy
l,l
ix,ix
ux,iy
hv,g
ix,iy
ih,ih
q,q
z,s
bcl,bcl
w,w
ey,ey
ae,ae
ey,ey
aw,ow
ae,ae
f,f
m,n
n,n
l,l
n,n
k,k
tcl,pcl
iy,iy
m,r
ih,ih
kcl,kcl
p,p
iy,iy
l,m
dx,dx
s,s
iy,iy
t,t
ah,ah
g,g
kcl,pcl
y,y
gcl,gcl
ix,ix
iy,iy
w,ax
eh,ah
iy,iy
kcl,kcl
kcl,tcl
s,s
em,m
r,r
ih,ih
ch,t
iy,iy
l,el
k,k
l,l
tcl,pcl
eh,eh
n,n
ng,n
k,g
iy,ih
z,s
z,s
kcl,kcl
ax,ax
ow,ow
iy,iy
ih,ih
ix,ix
eh,ae
m,m
pcl,tcl
gcl,gcl
hv,hv
ix,ih
ae,ae
iy,iy
iy,iy
ih,ih
q,q
k,k
aa,aa
ih,uh
axr,kcl
f,dh
l,l
ih,ix
iy,iy
eh,eh
dcl,dcl
q,q
q,ix
iy,iy
axr,r
s,s
ih,ih
en,n
iy,iy
ix,ix
t,t
ix,ix
ao,aa
f,f
n,n
tcl,tcl
kcl,kcl
ix,ih
ch,t
dh,kcl
er,axr
el,ax
m,m
tcl,pcl
kcl,tcl
s,s
iy,iy
eh,eh
m,m
er,r
ax,ax
sh,sh
n,n
f,f
ey,ey
ae,ae
dcl,dcl
n,n
v,v
n,n
l,ih
s,s
k,k
w,w
dcl,dcl
aa,aa
q,q
ux,ux
n,m
r,r
g,g
bcl,pcl
z,z
iy,iy
dcl,dcl
n,n
ae,ae
aw,aw
eh,axr
v,dh
q,ax
ax,m
ey,ey
ay,ay
k,k
kcl,kcl
aa,aa
tcl,tcl
n,n
ax,ax
kcl,kcl
dh,dh
q,q
bcl,bcl
th,th
aa,aa
l,l
tcl,tcl
n,tcl
t,t
hv,hh
dcl,pcl
eh,eh
t,t
dx,dx
l,l
z,z
v,v
z,s
ix,ih
axr,r
s,s
ae,ah
dcl,gcl
ih,iy
sh,sh
tcl,pcl
z,z
n,n
z,z
d,t
g,g
dh,dh
tcl,tcl
s,s
kcl,pcl
ay,ay
eh,eh
jh,jh
dcl,dcl
ae,ih
q,q
ah,ah
p,pcl
axr,axr
jh,y
ax,ax
kcl,kcl
jh,jh
eh,ih
bcl,dcl
ux,ux
ao,aa
q,q
ix,ix
iy,iy
n,n
ah,ah
ih,ih
em,n
pcl,pcl
l,l
ch,ch
dx,y
n,n
aw,ae
sh,s
dcl,bcl
m,m
w,w
eh,ih
f,f
ow,ow
ix,iy
v,v
hh,hh
f,f
er,er
z,s
g,k
ah,ow
w,w
ae,ae
r,r
l,dx
en,n
uw,el
ix,ix
pcl,tcl
kcl,tcl
s,s
v,ix
dcl,dcl
r,aa
ix,ix
t,t
r,r
ng,ng
s,s
tcl,bcl
dx,dx
kcl,kcl
er,r
w,bcl
dcl,dcl
iy,iy
iy,iy
q,q
ix,ax
ae,ae
s,s
dcl,dcl
bcl,bcl
aa,aa
ae,ae
l,l
g,g
pcl,bcl
l,l
axr,axr
t,t
dh,dh
pcl,pcl
ow,ow
n,n
eh,ae
n,n
ax,ax
tcl,tcl
ih,eh
tcl,tcl
k,k
ix,ix
l,l
ix,ix
kcl,kcl
s,s
tcl,dcl
dx,dh
pcl,pcl
iy,iy
th,th
th,th
ay,ay
ao,ao
aa,aa
iy,iy
t,t
kcl,tcl
r,r
iy,iy
t,t
pcl,pcl
dcl,dcl
s,s
w,w
r,r
k,k
l,l
t,t
t,t
aa,ao
r,r
z,s
s,s
iy,iy
dh,ix
ao,ao
ey,ey
ih,ih
ux,ih
eh,eh
axr,axr
v,v
tcl,pcl
k,k
f,f
hh,hh
ao,ao
ao,aa
f,f
r,r
ae,ae
en,n
ax,l
v,bcl
n,m
s,s
f,f
l,el
axr,uh
p,p
ey,ey
tcl,pcl
bcl,bcl
n,n
oy,ao
s,s
ao,ao
l,l
axr,ix
r,r
q,q
f,f
sh,sh
tcl,tcl
v,v
k,k
ax,w
hv,hv
iy,iy
ih,ih
n,n
w,w
k,k
sh,sh
ng,ng
ao,aa
dh,l
p,b
m,m
dcl,dcl
aa,aa
dcl,gcl
ow,ah
axr,ux
ey,ey
iy,iy
ax,ax
ax,ax
l,l
ih,ih
ix,ix
axr,axr
ix,ix
tcl,pcl
aa,r
iy,ix
n,n
l,l
k,k
el,el
ix,ix
f,f
l,ax
w,w
er,er
f,f
ey,ey
l,l
l,l
ax,ow
ao,l
axr,r
ix,ix
eh,eh
m,dh
tcl,pcl
er,er
s,s
bcl,bcl
bcl,bcl
n,nx
d,d
t,t
n,n
q,q
er,er
en,m
r,r
s,s
axr,r
ey,ey
q,q
ix,ih
r,r
l,l
w,w
dh,dh
ae,ih
ey,ey
t,t
iy,ix
y,y
ix,ix
ow,ow
n,m
ey,ey
n,n
ey,ih
iy,iy
q,ix
z,z
t,t
kcl,kcl
kcl,ax-h
r,r
iy,iy
m,m
ay,ay
g,k
aa,ao
iy,iy
n,n
s,s
pcl,pcl
s,k
ih,ih
zh,jh
q,dcl
iy,iy
m,n
r,r
ey,ey
n,ix
bcl,bcl
ux,ux
m,n
dx,dx
ax,l
ax,w
f,p
ey,ey
el,el
eh,eh
ix,ix
ih,ih
n,n
f,f
ix,ix
n,n
ao,ao
q,q
n,n
f,th
axr,axr
ao,ao
s,s
iy,iy
kcl,kcl
v,v
ay,ay
s,s
ae,ae
el,l
ow,ao
n,n
ih,eh
el,n
f,f
el,ax
w,w
r,r
ah,ah
oy,ey
l,ow
jh,jh
q,n
m,m
th,t
l,l
kcl,ax-h
ux,ux
dcl,dx
iy,iy
bcl,dcl
n,m
uw,uw
d,g
bcl,bcl
k,k
ng,n
aa,aa
ay,ay
hv,hv
bcl,bcl
el,el
ng,ng
p,p
dcl,tcl
k,k
tcl,tcl
ah,ah
l,l
tcl,tcl
en,m
ay,ay
axr,axr
ae,ae
m,m
m,m
iy,iy
l,l
t,t
n,dcl
k,k
ix,ax
ae,ae
iy,iy
k,k
d,k
bcl,bcl
t,t
z,s
ae,ae
f,f
z,z
eh,ah
m,n
th,dh
ax,ax
n,en
axr,axr
axr,axr
sh,sh
ih,ih
kcl,bcl
ay,ay
r,r
jh,jh
ow,ao
n,n
dcl,dcl
ih,ih
aa,aa
tcl,tcl
ae,ae
er,er
z,s
kcl,kcl
eh,eh
ng,ng
ao,ao
s,s
l,l
ih,ih
eh,eh
axr,r
ay,ah
ax,ax
uh,eh
aa,aa
eh,eh
ax,ax
ix,ih
eh,ae
s,s
gcl,gcl
kcl,pcl
pcl,pcl
ow,ow
z,z
ey,iy
l,l
aw,aw
axr,r
eh,aa
k,k
aw,aw
iy,iy
q,q
f,f
ow,l
gcl,tcl
dcl,dcl
m,m
y,y
jh,jh
w,w
dx,dx
r,ix
s,s
ix,ix
t,t
m,m
ae,ae
er,er
dcl,n
ah,ah
s,z
z,z
ah,ah
ax-h,ix
n,n
ow,ow
axr,axr
n,n
kcl,kcl
kcl,kcl
sh,sh
l,w
uh,axr
f,f
ae,ae
ah,ax
r,r
dcl,dcl
iy,iy
dcl,bcl
ix,ix
kcl,tcl
hv,hv
bcl,dcl
ax,ix
k,k
ey,ix
ah,ah
s,s
s,s
axr,axr
n,n
s,s
y,y
oy,oy
dcl,dcl
ax,r
pcl,bcl
er,er
ix,ix
dx,dx
en,n
l,l
iy,iy
en,n
r,r
ih,ih
v,v
w,w
ax,ax
tcl,tcl
m,em
iy,iy
s,s
dcl,gcl
ix,ax
l,l
sh,sh
p,p
axr,axr
kcl,tcl
jh,jh
ao,aa
w,w
eh,eh
t,t
ey,ey
axr,axr
dcl,dcl
q,q
m,m
eh,ah
jh,jh
iy,ih
ix,ix
iy,iy
v,v
n,gcl
iy,iy
z,s
m,n
ix,ng
q,q
n,n
axr,axr
ao,ao
r,r
ix,ix
ey,ey
t,t
l,w
el,uw
jh,jh
s,s
ix,ix
axr,aa
m,m
z,z
m,m
iy,iy
ax,ax
en,n
zh,s
eh,ix
ao,ao
l,l
tcl,tcl
ux,iy
l,l
g,g
ih,ih
r,r
eh,eh
iy,iy
ao,eh
r,r
ix,ix
ae,eh
ix,ix
nx,n
ax,ax
t,t
kcl,pcl
tcl,tcl
tcl,f
axr,axr
r,r
k,k
ah,ah
uw,w
eh,ix
s,s
l,l
kcl,tcl
ah,ah
ax,ax
s,s
m,m
tcl,tcl
k,k
ay,ae
bcl,bcl
f,b
eh,ix
tcl,tcl
y,y
er,er
kcl,tcl
s,s
m,m
ix,q
eh,eh
ng,ng
sh,sh
ao,ao
kcl,kcl
f,f
dcl,gcl
s,s
kcl,kcl
eh,ix
r,ax
iy,iy
r,r
er,axr
d,dh
w,ao
ae,ae
n,m
s,s
ae,ae
k,k
ax,ax
ng,ng
ax,ax
uh,axr
tcl,gcl
ey,ey
iy,iy
m,m
ao,ao
er,er
ix,ax-h
r,r
t,t
n,n
k,k
f,f
w,w
ch,ch
ah,ah
ao,ao
q,q
eh,ih
ey,ey
r,r
ae,ae
eh,ah
r,r
ih,ax
m,m
ax,ax
ax,ax
axr,axr
bcl,bcl
ix,ih
aa,aa
r,r
p,p
aa,aa
r,r
ah,aa
ix,r
s,s
bcl,bcl
l,ax
ih,ih
r,r
iy,iy
t,t
ow,ow
ax,ax
jh,y
pcl,pcl
axr,axr
q,q
s,s
kcl,tcl
n,n
s,s
n,n
k,k
iy,iy
dh,t
k,k
ao,ao
p,p
dx,dx
dx,dx
dcl,dcl
ih,ix
r,r
hh,hh
aa,aa
tcl,kcl
jh,d
ao,ao
w,w
ix,ih
aa,aa
q,r
iy,iy
iy,iy
l,l
ih,ix
aa,aa
iy,iy
n,n
p,p
en,n
w,w
sh,s
dh,v
eh,ih
r,r
tcl,kcl
ix,ix
iy,ix
kcl,kcl
axr,er
p,p
tcl,tcl
eh,ih
ay,ay
ix,ix
gcl,gcl
t,t
dcl,dcl
z,s
ao,ao
sh,sh
w,w
ae,ae
y,y
n,n
n,n
gcl,gcl
bcl,bcl
s,s
f,f
pcl,pcl
r,r
ix,ix
n,n
oy,oy
ax,ax
pcl,tcl
sh,sh
s,s
b,g
sh,sh
l,l
ey,iy
uw,uw
ax,ah
tcl,tcl
ae,ae
t,t
n,bcl
ae,ae
s,s
z,z
ih,ih
b,b
ix,ix
ao,ao
r,r
k,k
r,r
dcl,dcl
k,k
s,s
ao,ao
p,p
tcl,kcl
iy,ix
ih,ih
ix,ax
aa,aa
nx,m
n,n
v,v
er,er
ng,ng
f,f
w,ax
q,gcl
s,s
kcl,tcl
ey,ae
er,r
t,t
kcl,pcl
ix,ng
z,z
aa,aa
n,n
sh,sh
k,k
l,l
y,y
ay,ay
dh,dh
hv,hv
s,s
ih,ih
ih,ih
ih,ih
nx,n
dx,kcl
er,axr
uh,ux
k,k
kcl,gcl
l,l
gcl,gcl
eh,eh
w,w
sh,s
ax,ax
th,z
m,m
pcl,pcl
ng,n
ow,ow
ae,ae
axr,r
ao,ao
hv,hv
ih,ih
l,l
tcl,tcl
y,ih
ix,ix
dx,d
pcl,pcl
dcl,gcl
ae,ae
w,w
hh,hh
t,jh
ux,ux
z,s
ux,ux
ao,ao
f,f
r,r
k,k
t,jh
n,ng
ae,ae
iy,iy
ix,ix
th,f
aa,aa
oy,ax
tcl,pcl
iy,iy
z,s
th,th
axr,r
l,l
iy,iy
ae,ae
ix,ih
s,s
pcl,kcl
ix,ix
r,r
dcl,dcl
el,el
r,axr
f,f
ix,ix
aa,aa
tcl,kcl
axr,r
v,bcl
gcl,gcl
tcl,pcl
ay,aa
w,w
n,n
tcl,kcl
ix,ix
ih,ih
iy,iy
ih,ix
en,en
s,s
kcl,tcl
kcl,tcl
kcl,tcl
n,n
s,s
tcl,dcl
ay,ay
iy,iy
kcl,tcl
n,n
ey,ey
ay,ay
t,t
l,q
ix,ix
n,n
ah,r
iy,iy
l,l
f,f
ao,ao
ix,ix
uh,ix
eh,eh
dx,dx
w,w
gcl,gcl
r,r
l,ow
axr,axr
ix,ix
ae,ae
gcl,gcl
pcl,kcl
s,s
ah,ah
s,s
axr,axr
aa,aa
ao,ao
ao,ao
dx,jh
s,s
n,n
ix,ix
l,l
sh,sh
tcl,bcl
en,n
w,w
aa,aa
s,s
s,s
gcl,gcl
l,l
r,r
n,n
p,tcl
z,z
q,q
oy,en
tcl,tcl
ih,ih
ey,ey
sh,sh
pcl,pcl
pcl,pcl
f,f
tcl,tcl
axr,axr
ix,ix
aa,aa
ey,ey
ae,ae
hh,hh
g,g
r,r
gcl,gcl
el,el
z,z
q,q
tcl,pcl
iy,iy
l,l
axr,r
l,l
ih,eh
oy,oy
hv,v
iy,iy
ey,ae
tcl,tcl
sh,sh
ng,m
eh,ih
n,n
t,t
kcl,kcl
k,k
g,g
s,s
k,k
s,s
hh,hh
dcl,bcl
ux,ux
ih,ix
ix,dx
kcl,kcl
f,f
s,s
r,r
s,s
eh,r
zh,s
jh,jh
dx,dx
s,s
sh,sh
axr,r
ch,s
g,g
ix,ix
dh,v
tcl,tcl
n,n
dh,dh
eh,eh
iy,iy
ix,ix
kcl,kcl
tcl,tcl
ih,ih
ah,ah
r,r
k,k
kcl,kcl
ao,ao
g,g
l,l
eh,ih
p,p
ux,ux
nx,nx
v,ix
ng,n
q,tcl
ah,aa
ae,ae
s,s
zh,jh
q,q
l,l
axr,er
g,g
ah,eh
ix,ix
ey,ey
q,q
t,t
pcl,pcl
uw,bcl
tcl,pcl
ng,ng
gcl,gcl
ae,ae
kcl,kcl
t,b
dh,dh
ae,ae
k,k
axr,axr
hh,hv
kcl,kcl
iy,iy
ix,dx
t,t
eh,ah
kcl,kcl
r,r
kcl,kcl
n,n
s,s
er,er
ix,ih
ix,ih
tcl,gcl
ay,ay
iy,iy
ih,ih
r,r
hh,hv
r,er
v,v
ah,ix
r,r
n,n
n,ng
l,l
g,g
dx,dx
ih,ih
iy,ix
er,er
ay,ay
n,m
aw,aw
s,s
ao,ao
bcl,bcl
ix,axr
kcl,kcl
ah,aw
iy,ix
y,iy
ng,ng
aa,aa
v,r
l,l
ao,ow
w,w
iy,iy
er,axr
ae,ae
n,ng
l,l
t,g
ah,ah
gcl,dcl
ao,ao
iy,iy
l,n
dcl,dcl
v,v
n,ng
t,t
axr,axr
ax-h,t
y,iy
ao,ao
ay,ay
s,s
ow,ow
m,n
tcl,pcl
r,r
s,s
s,s
em,m
r,r
uh,ih
ao,aa
aa,aa
dcl,dcl
s,s
p,hh
ax,ix
bcl,m
eh,eh
bcl,bcl
tcl,kcl
ng,ng
ux,ux
ao,w
ix,ix
l,l
n,ax
dcl,dcl
tcl,tcl
r,axr
s,s
ow,ux
ae,ae
ch,jh
tcl,tcl
ao,ao
en,en
iy,iy
g,g
n,ng
ax,ax
ix,ix
z,z
sh,sh
ey,ey
n,n
t,t
r,r
q,q
aa,aa
v,v
aa,aa
n,n
w,w
z,z
iy,iy
s,s
ux,iy
m,m
hh,hh
iy,iy
ng,ng
ae,ae
ih,ix
eh,eh
q,q
dx,k
uh,ih
q,q
ax,ix
er,er
aa,aa
q,q
dh,dh
q,q
s,sh
r,r
l,l
ix,n
ux,ux
iy,iy
k,g
r,r
dcl,dcl
s,s
gcl,dcl
tcl,tcl
m,uw
ix,ih
kcl,kcl
tcl,pcl
dh,dh
eh,ih
tcl,kcl
ih,ih
tcl,kcl
l,el
q,q
ow,ow
f,f
l,ax
ay,ay
tcl,tcl
ae,ae
s,s
eh,ih
en,en
y,y
iy,iy
iy,iy
s,s
aa,aa
nx,m
f,f
s,s
m,m
nx,nx
v,v
dcl,dcl
iy,iy
z,z
ah,ah
aa,aa
hh,hv
hv,hv
k,k
ux,ux
iy,ix
pcl,tcl
m,m
n,n
n,n
iy,y
dcl,tcl
ae,ae
s,s
ae,ey
ae,ae
kcl,kcl
r,r
r,r
kcl,kcl
ah,ah
ae,eh
kcl,tcl
el,l
tcl,tcl
dcl,dcl
jh,t
f,f
ey,ey
kcl,kcl
s,s
dcl,bcl
sh,sh
eh,ih
l,l
en,n
kcl,kcl
l,l
dcl,dcl
m,m
ey,ey
nx,nx
ng,ng
ah,ah
sh,sh
ix,ix
l,l
eh,ih
er,er
er,axr
dcl,dcl
ix,ih
l,l
sh,sh
dh,dh
axr,ax
dcl,bcl
kcl,kcl
f,f
axr,r
ix,ix
jh,jh
r,r
ow,ow
t,t
ow,ao
ae,ae
m,m
ih,ax
sh,sh
ax,ax
iy,iy
g,g
tcl,tcl
pcl,tcl
dx,dx
aw,aw
tcl,tcl
r,r
eng,en
ey,ey
uw,uw
iy,iy
k,k
ey,ey
n,n
w,w
eh,eh
pcl,pcl
eh,r
eh,eh
er,er
z,z
w,w
r,r
dcl,bcl
ey,ey
pcl,dcl
gcl,gcl
s,s
aa,ao
tcl,tcl
ux,ux
ey,ey
ao,ao
l,l
n,n
l,q
ih,ix
ix,ix
s,s
dcl,dcl
t,t
tcl,tcl
ix,ix
ae,ae
ey,ey
z,z
n,n
aa,aa
ao,q
tcl,dcl
ih,ih
k,k
tcl,tcl
hh,t
tcl,tcl
ih,ih
eh,eh
s,s
ah,ah
ix,ix
n,ng
y,y
ix,r
aa,aa
ah,ax
tcl,pcl
ae,ae
ay,ey
p,p
z,z
aa,aa
l,l
iy,iy
bcl,bcl
t,t
axr,axr
el,el
l,l
b,p
ah,ah
y,y
eh,eh
b,b
r,r
m,n
z,z
er,r
er,axr
iy,iy
dcl,dcl
ix,ih
g,k
f,f
l,l
hh,hh
n,n
dh,d
w,w
n,m
eh,ix
r,r
eh,eh
ay,ay
axr,axr
t,t
l,l
pcl,pcl
k,k
sh,sh
ix,ix
q,kcl
m,m
tcl,tcl
aw,aw
gcl,gcl
sh,sh
pcl,tcl
tcl,bcl
ih,ix
en,n
f,f
m,m
r,r
n,n
eh,eh
ix,ix
iy,iy
n,n
eh,eh
en,n
w,w
th,th
dcl,dcl
ax,ax
ax,ax
eh,ae
l,l
s,s
ix,ix
p,p
s,s
q,q
r,r
tcl,tcl
y,gcl
iy,iy
ix,ix
k,k
tcl,tcl
t,t
jh,jh
ix,ix
b,p
ae,ae
dcl,dcl
d,b
m,m
tcl,tcl
ao,ao
kcl,kcl
gcl,gcl
m,m
iy,iy
ix,ix
sh,sh
l,ax
el,ow
bcl,bcl
l,l
ao,el
iy,iy
l,l
ih,ih
iy,iy
t,d
y,y
k,k
t,t
dx,dx
aa,aa
p,p
ix,ax
bcl,bcl
dx,dx
v,v
ay,aa
ae,ae
r,ih
er,er
ah,ah
iy,iy
axr,r
q,q
m,m
iy,iy
s,s
w,r
y,n
ax,ax
pcl,dcl
er,er
l,l
ay,aa
iy,ih
k,k
ey,ey
tcl,tcl
nx,r
jh,jh
ix,ax
q,g
m,m
ix,ix
oy,oy
tcl,tcl
uh,ix
n,n
aa,aa
n,q
hh,hh
dx,dx
m,m
bcl,bcl
iy,iy
tcl,tcl
r,r
ey,ey
s,s
ix,ix
ix,ix
ao,ao
ah,ah
m,m
z,s
l,l
aw,aw
ih,ih
l,l
ah,ah
er,er
iy,iy
ih,ey
q,q
iy,iy
iy,iy
n,n
iy,iy
tcl,tcl
y,y
iy,iy
el,el
q,q
er,er
axr,ix
sh,sh
l,l
gcl,kcl
r,r
uw,ux
y,y
dcl,tcl
iy,iy
eh,ih
s,s
p,p
ix,ih
s,s
y,gcl
ax,r
z,z
ao,ao
dh,t
ix,ix
ax,ah
ih,ix
t,t
dcl,dcl
eh,axr
ow,ao
eh,eh
dh,dh
eh,ih
ae,ey
ax-h,ax-h
ix,ix
iy,iy
sh,sh
f,f
z,z
ae,ae
aa,aa
ix,eh
r,ax
bcl,pcl
m,m
q,q
jh,jh
tcl,tcl
l,l
kcl,kcl
tcl,pcl
l,l
n,n
ae,ae
sh,sh
axr,axr
l,l
f,f
dx,dcl
q,q
ah,ah
n,n
oy,oy
k,k
f,v
axr,eh
bcl,dcl
dx,dx
hv,iy
l,el
m,m
tcl,kcl
z,s
n,n
kcl,kcl
er,aa
bcl,dcl
hv,r
tcl,pcl
l,l
ih,ih
eh,ih
iy,iy
ix,ih
kcl,kcl
r,r
nx,nx
z,z
ao,ao
ux,ux
eh,eh
ih,ey
eh,ih
aa,aa
ay,ay
tcl,tcl
g,g
r,r
r,r
s,s
y,ih
kcl,tcl
ae,ae
s,s
dx,r
l,l
m,m
dcl,g
ah,ah
ax,ax
ch,jh
iy,iy
ih,eh
ih,ih
oy,oy
w,w
z,z
m,n
l,l
dx,k
ax,l
aw,ao
gcl,gcl
s,s
axr,uw
dx,dx
n,ng
ae,ae
k,k
t,t
z,z
el,el
g,k
r,r
y,y
s,s
w,w
bcl,bcl
ae,ae
w,w
tcl,tcl
iy,iy
aa,aa
r,r
gcl,dcl
th,dh
eh,ah
y,y
t,t
ih,ih
ao,ao
w,w
sh,sh
ey,ey
iy,iy
oy,oy
eh,eh
v,dcl
ae,ae
en,bcl
t,dcl
s,s
nx,nx
l,l
dh,dcl
ae,ae
iy,iy
r,r
aa,aa
ay,oy
oy,oy
l,l
ix,ix
k,k
iy,iy
k,k
hh,p
b,p
s,s
tcl,tcl
iy,iy
ay,ay
ix,ix
kcl,kcl
kcl,kcl
d,t
aa,aa
l,w
sh,sh
eh,eh
m,ng
q,ao
r,r
iy,iy
r,r
tcl,pcl
dcl,dcl
gcl,dcl
kcl,kcl
s,s
sh,sh
s,s
el,ax
jh,jh
dx,dx
n,n
ae,ae
ix,ix
nx,n
axr,r
k,k
s,s
ux,ux
l,l
f,f
ah,ah
q,q
kcl,kcl
nx,n
ay,ay
er,axr
tcl,pcl
ao,ao
m,m
eh,eh
ax,ax
n,n
ow,ah
s,s
z,z
r,r
m,n
m,n
er,er
ae,ae
eh,ah
t,t
z,s
el,el
k,k
ng,n
iy,y
m,n
eh,ix
ax,ix
hh,hh
z,z
ux,ux
l,l
eh,eh
iy,iy
ix,ix
v,ix
m,n
f,f
iy,iy
r,r
iy,iy
n,n
z,z
r,r
v,v
m,m
r,er
hh,hh
l,l
ao,ah
s,s
dcl,dcl
ao,ao
ax,ax
dcl,dcl
kcl,pcl
ah,aa
w,w
bcl,bcl
el,el
ix,iy
f,f
t,t
ey,ey
ix,ux
dcl,bcl
uh,r
iy,iy
dcl,gcl
dcl,dcl
w,w
pcl,pcl
axr,axr
dh,dh
jh,jh
l,l
oy,oy
en,n
f,f
axr,axr
sh,sh
q,q
iy,ix
l,l
q,q
r,ix
en,en
el,l
m,m
m,m
jh,jh
aa,aa
b,p
dcl,dcl
r,r
l,l
n,n
er,r
l,l
dcl,dcl
iy,iy
s,z
bcl,bcl
aa,ao
v,f
s,s
ih,ix
z,s
r,r
aw,l
eh,ah
ao,oy
dcl,n
pcl,tcl
l,l
iy,iy
axr,r
aa,aa
m,m
eh,ae
nx,n
dcl,pcl
dcl,dcl
aw,aw
k,k
iy,iy
ng,ng
g,g
p,p
dcl,tcl
ae,ae
dx,dx
iy,ih
ao,ao
sh,sh
ae,ae
kcl,kcl
s,s
d,t
s,s
t,t
tcl,dcl
en,em
ix,ix
ax,ix
k,k
ah,ah
iy,ix
n,ng
kcl,kcl
s,s
aa,r
ae,ae
ih,ix
ao,ao
l,l
f,f
axr,axr
ih,ih
bcl,dcl
iy,y
q,r
f,f
s,s
q,q
m,n
y,iy
m,bcl
iy,iy
k,g
s,s
ih,ix
th,th
iy,iy
z,s
ey,ey
kcl,kcl
q,q
t,t
f,f
s,s
dh,dh
dx,dx
z,z
kcl,kcl
tcl,tcl
ey,ey
ao,ao
t,t
z,z
ae,ae
ey,ey
iy,iy
q,q
s,s
t,t
tcl,tcl
sh,sh
y,y
y,iy
w,r
ao,ao
ey,ey
r,r
t,t
y,y
kcl,tcl
l,l
dcl,dcl
aa,ao
ae,ae
ao,ao
m,m
p,p
m,m
f,f
ih,ih
r,r
iy,iy
dcl,dcl
en,en
q,q
nx,ix
sh,sh
gcl,tcl
dcl,dcl
w,el
sh,sh
en,n
n,ng
s,s
ax,ax
s,z
ae,ae
s,s
n,n
q,q
sh,sh
ae,ae
ow,ow
s,s
ix,ix
p,p
p,p
aa,aa
s,s
n,n
ih,ih
pcl,kcl
eh,r
axr,r
iy,iy
ix,ix
ng,ng
iy,iy
ax,ax
pcl,kcl
er,er
pcl,kcl
axr,axr
sh,s
n,q
eh,ae
m,m
jh,jh
kcl,kcl
ix,ix
ay,ay
iy,iy
d,d
ih,ix
nx,n
ax,ah
ix,ix
ah,ah
en,en
uh,uh
ng,ng
l,w
iy,iy
r,r
tcl,v
ih,ih
dcl,dcl
l,l
el,el
s,z
dx,dx
aa,aa
ao,ao
pcl,pcl
tcl,pcl
kcl,pcl
ih,ix
p,p
kcl,tcl
v,n
eh,eh
z,z
iy,iy
dcl,dx
er,ih
kcl,kcl
n,n
ax-h,ix
iy,iy
ih,ix
kcl,kcl
ax,r
ao,ao
ix,ix
eh,ih
s,s
ey,ey
dcl,hh
dh,dh
z,z
y,y
n,n
p,hh
ih,ih
r,r
q,ix
el,ax
d,g
t,t
ih,ix
f,f
oy,oy
l,l
s,z
ay,ay
tcl,pcl
pcl,tcl
kcl,kcl
hv,hv
r,r
m,n
ey,ey
dh,dcl
zh,s
ey,ey
l,l
m,m
w,w
tcl,dcl
p,p
w,w
tcl,tcl
l,v
l,l
iy,iy
r,r
kcl,kcl
m,m
eh,eh
ao,aa
ax,ax
ey,iy
ae,ae
iy,iy
eh,eh
r,bcl
y,y
f,f
ih,ih
sh,s
dh,dh
er,er
dh,dh
v,v
ih,eh
bcl,gcl
p,p
m,m
f,pcl
s,s
k,t
hh,hh
l,l
ae,ae
z,s
m,m
ey,iy
ux,ix
ax,ix
iy,iy
axr,ix
ao,ao
z,z
ih,ih
w,ao
w,w
eh,ae
ao,aa
ae,ae
l,w
k,k
ae,ae
k,k
kcl,kcl
iy,iy
l,l
w,w
iy,iy
n,n
m,m
z,z
y,hv
ae,ae
axr,axr
aa,ao
q,q
ao,ao
ix,ix
bcl,kcl
w,w
t,k
n,n
ao,ao
eh,eh
p,p
v,v
th,th
v,v
tcl,tcl
v,v
iy,iy
iy,iy
l,l
s,s
dx,dh
w,w
iy,iy
dcl,dcl
jh,t
sh,sh
s,z
dcl,dcl
t,d
ih,ih
z,z
tcl,dcl
kcl,kcl
ae,ae
er,er
ix,ax
v,m
t,d
m,m
hh,hh
r,n
g,g
ix,ix
tcl,n
ix,ix
s,s
n,n
ix,ix
iy,ih
pcl,dcl
ix,ix
kcl,kcl
q,q
d,d
gcl,gcl
iy,iy
ah,ah
aa,aa
gcl,dcl
hh,g
ix,ix
iy,iy
oy,oy
axr,r
eh,eh
axr,axr
iy,iy
ay,aa
s,s
n,l
s,s
f,f
s,s
p,hh
t,t
pcl,pcl
w,w
kcl,kcl
l,l
iy,iy
ah,ah
r,r
ax,ax
m,n
ih,iy
m,m
s,s
ae,ih
er,er
ow,ow
k,k
aw,aw
gcl,gcl
t,t
ah,ah
d,d
w,w
r,r
ih,ix
ao,ao
axr,axr
z,s
r,r
ay,ay
q,q
r,r
tcl,tcl
l,l
f,f
t,s
dcl,kcl
pcl,pcl
z,jh
n,n
ax,ax
er,er
aa,aa
t,t
ao,ao
eh,ah
r,r
ah,ah
ix,ih
sh,sh
n,n
axr,axr
ax,ax
l,l
ay,ay
t,t
aa,aa
t,t
iy,iy
t,t
q,kcl
ih,ih
y,iy
aa,aa
ix,ix
jh,jh
r,r
s,s
gcl,kcl
t,t
ax,ax
s,z
axr,r
kcl,kcl
ix,axr
ah,ah
z,z
m,n
n,n
n,n
ow,ow
n,en
aw,aw
dcl,dcl
f,f
dx,ux
eh,eh
r,r
dx,dx
w,w
axr,axr
t,t
dh,dh
eh,ay
r,dx
ix,ix
tcl,kcl
p,p
tcl,tcl
l,l
ix,ih
pcl,pcl
k,k
l,l
q,q
ax,ax
q,q
el,el
dcl,dcl
hv,hv
ah,ah
pcl,pcl
tcl,dcl
gcl,kcl
ae,ae
kcl,kcl
r,r
ow,ao
f,f
t,t
kcl,kcl
y,y
s,z
l,l
dh,n
aa,ah
ah,ax
z,z
en,ng
r,r
dh,th
ey,ey
ih,ih
ch,ch
ae,aa
ih,ix
eh,r
ix,ih
ey,ih
axr,axr
s,s
kcl,kcl
ow,ow
ao,aa
nx,nx
ix,ix
oy,oy
eh,eh
ux,ix
gcl,pcl
hv,hv
ao,ah
kcl,k
k,g
bcl,dcl
g,g
k,k
m,n
kcl,pcl
r,aa
f,f
s,s
iy,ix
ow,ow
eh,eh
t,t
n,en
r,r
dh,b
kcl,kcl
ih,ow
v,f
s,z
ix,ix
gcl,dcl
ih,ih
ax,ax
ae,ae
r,r
bcl,m
n,n
eh,eh
iy,iy
q,q
t,t
s,s
dh,dh
er,r
ao,aa
s,s
r,r
l,l
n,n
s,s
axr,r
eh,ix
tcl,tcl
ch,ch
n,n
s,t
ow,el
eh,eh
iy,iy
n,ix
ih,ih
r,r
jh,jh
r,r
n,n
hh,hh
ih,ih
ih,eh
eh,eh
kcl,pcl
dcl,gcl
s,s
ng,n
axr,ix
m,m
gcl,gcl
ah,ah
ix,ax
dh,dh
z,z
k,k
dcl,bcl
iy,iy
m,n
k,k
uh,ah
t,t
ix,ix
ix,ax
n,n
m,m
z,z
y,y
ix,ix
ae,ae
l,l
kcl,kcl
ah,ih
l,ao
k,k
v,v
hv,hv
jh,t
bcl,dcl
kcl,tcl
n,q
tcl,kcl
ih,ih
ah,ah
dcl,n
ux,ih
q,ix
s,s
dh,dh
ae,ae
s,s
iy,q
n,ng
ng,ng
m,n
iy,iy
kcl,kcl
s,s
tcl,tcl
iy,iy
p,p
ng,n
r,r
iy,ih
kcl,ix
ax,r
d,d
ae,ae
iy,iy
n,n
bcl,bcl
l,l
iy,iy
n,n
m,m
t,jh
w,w
ae,ae
l,l
er,er
aa,aa
hv,hv
w,w
ao,ao
iy,iy
pcl,pcl
ix,ix
k,k
n,n
r,r
ey,ey
ah,eh
sh,sh
r,r
l,ax
ax,ax
gcl,pcl
iy,iy
l,l
hh,hh
dh,dh
dx,dx
r,r
ow,ow
w,w
q,q
ix,ix
v,ax
ix,ix
ix,q
ae,ae
tcl,gcl
ax,ax
ax,r
n,n
axr,ux
f,f
ix,ix
r,r
ih,ih
oy,oy
dcl,kcl
ax,ax
kcl,pcl
g,g
ay,ay
p,p
ix,ix
q,q
eh,eh
iy,ih
ix,ix
tcl,dcl
n,ix
ux,ux
ao,aa
dh,dh
m,n
p,b
m,bcl
ao,ao
ao,aa
dh,dh
dcl,dcl
s,f
p,p
aw,ae
dh,dh
ay,aa
pcl,tcl
gcl,dcl
v,m
uw,ix
ix,ih
ay,ay
s,s
tcl,tcl
ay,aa
k,k
ae,ae
t,t
ix,ix
dh,dh
hv,hv
tcl,kcl
z,s
dh,dh
ah,ow
r,er
f,f
dcl,dcl
r,r
kcl,kcl
ih,ax
r,r
ng,m
ae,ae
g,g
ix,ix
r,r
ix,ix
iy,iy
ae,ae
kcl,pcl
s,s
ay,ay
iy,iy
dx,q
l,l
axr,r
ae,ae
n,n
iy,iy
p,b
el,el
ow,ow
eh,eh
y,y
aw,aa
pcl,pcl
ih,iy
k,k
kcl,kcl
ey,ey
axr,er
eh,eh
iy,ix
n,n
dh,gcl
ix,iy
ih,ih
l,ao
n,n
r,r
ah,ax
s,s
axr,axr
pcl,bcl
ah,ah
tcl,kcl
ax,ax
l,l
tcl,tcl
iy,iy
ao,ao
nx,dx
kcl,pcl
iy,iy
ow,ow
sh,sh
n,n
gcl,gcl
uh,ah
d,d
r,r
ax,ax
dcl,n
g,k
ux,ux
p,b
ow,ow
ux,ux
d,t
tcl,tcl
t,t
ax,pcl
kcl,kcl
ih,ih
t,t
sh,sh
dcl,dcl
d,t
f,f
eh,r
w,w
k,k
d,d
axr,axr
ey,ey
l,l
ch,jh
m,m
axr,axr
eh,eh
w,w
aa,aa
r,r
l,l
q,q
n,n
ng,n
n,ng
v,hv
dcl,dcl
zh,ch
r,r
n,n
s,s
dx,dx
l,el
tcl,tcl
n,bcl
k,k
kcl,tcl
s,s
ih,ix
ow,ow
kcl,kcl
m,m
n,n
z,s
th,f
iy,iy
ae,ae
el,l
uw,uw
eh,eh
y,y
n,n
sh,sh
m,m
ix,ix
sh,sh
iy,iy
eh,eh
s,s
y,y
tcl,tcl
l,l
n,n
y,y
ax,n
ix,ix
kcl,kcl
ay,ay
w,l
k,t
r,r
k,g
ih,ih
pcl,kcl
ah,ah
hv,g
k,k
k,k
dx,dx
ix,iy
v,v
m,bcl
l,l
f,f
tcl,dcl
ae,ae
ow,ow
kcl,kcl
l,ax
r,axr
ix,ax
er,er
t,t
ix,ix
eh,ae
kcl,kcl
b,b
hh,hh
kcl,pcl
q,q
d,d
p,p
iy,iy
p,f
q,q
kcl,kcl
pcl,pcl
s,s
ix,ix
b,p
s,s
z,z
ix,ay
ax,ax
dh,dh
s,s
ao,ao
kcl,tcl
r,r
s,s
ae,eh
ix,ix
hv,hv
l,l
iy,iy
ix,ix
aa,aa
ey,ih
r,r
ux,ux
er,er
tcl,tcl
nx,nx
sh,sh
axr,er
t,t
q,q
er,er
ay,ay
iy,iy
ix,ax
l,hv
n,n
m,m
bcl,bcl
tcl,tcl
w,w
v,v
n,n
ao,aa
tcl,kcl
dcl,tcl
el,el
hh,hh
s,s
d,t
n,n
axr,axr
dx,dx
b,k
dx,m
ng,ng
th,f
er,er
en,n
dh,t
tcl,kcl
kcl,kcl
ah,aa
iy,r
l,l
f,f
dcl,dcl
z,s
ix,ix
ix,ix
r,r
ey,ey
tcl,dcl
axr,axr
m,m
w,w
t,t
s,s
m,n
ih,ay
l,n
er,er
q,q
q,q
eh,eh
f,pcl
z,z
ax,ax
ih,y
tcl,kcl
aa,aa
l,l
ae,ae
y,ih
dcl,gcl
l,l
ao,aa
iy,iy
ao,ao
pcl,pcl
sh,sh
m,m
w,w
eh,eh
r,r
axr,ix
z,s
tcl,pcl
dcl,tcl
iy,iy
l,l
ix,ix
ow,ow
dcl,dh
n,n
iy,iy
y,ih
s,s
s,s
ix,ix
ix,ix
iy,iy
r,r
l,l
w,w
z,s
ng,ng
dh,t
eh,er
jh,ch
hh,k
dcl,dcl
er,axr
g,g
s,s
dcl,dcl
r,r
ah,aa
ay,ay
q,l
iy,iy
m,m
gcl,bcl
ih,ih
m,m
m,m
k,k
er,axr
m,m
z,z
er,er
ih,r
gcl,pcl
th,f
r,r
ix,ix
aa,aa
gcl,gcl
ax,ix
l,tcl
aa,aa
el,l
bcl,bcl
ng,n
pcl,pcl
ae,ae
hv,hv
w,w
n,n
ix,r
s,s
z,z
ah,ah
ah,ah
kcl,pcl
axr,axr
r,r
ux,ux
jh,ch
ax-h,ax-h
k,t
tcl,tcl
dx,dx
pcl,pcl
dcl,dcl
axr,axr
axr,axr
s,s
q,q
pcl,pcl
ah,ah
z,z
n,n
dx,dx
er,er
q,q
l,l
m,m
dcl,tcl
z,z
dcl,pcl
hh,hh
l,l
m,n
axr,axr
y,y
sh,sh
eh,ah
tcl,f
y,y
ow,ow
l,l
w,w
w,w
ch,ch
s,s
iy,iy
g,g
n,n
ix,ix
ax,ix
l,l
dx,dx
ix,r
ay,ae
ix,ix
l,ax
dcl,dcl
pcl,pcl
pcl,bcl
tcl,kcl
th,d
ux,uw
ix,ix
ax,uw
g,k
dcl,n
bcl,bcl
ix,r
s,s
hv,hv
ao,r
ux,ih
kcl,kcl
ao,r
y,r
ix,ax
ux,ux
r,r
em,m
ey,ih
pcl,tcl
r,r
pcl,pcl
g,d
th,s
v,w
ch,ch
iy,ih
l,l
ih,ih
ux,ux
er,r
ix,ey
w,w
iy,iy
q,kcl
ay,ay
sh,sh
s,s
nx,nx
ix,ix
dcl,dcl
n,dcl
n,n
kcl,kcl
s,s
kcl,kcl
l,ax
ah,ix
ix,ix
ey,ih
l,gcl
kcl,pcl
dcl,dcl
r,r
l,l
r,r
s,s
kcl,pcl
ax,ax
dcl,dcl
ix,ix
oy,oy
ey,iy
ow,ow
d,t
zh,s
n,n
bcl,bcl
r,r
ax,ax
nx,n
ng,ng
kcl,tcl
v,v
kcl,kcl
s,z
w,w
p,p
l,l
t,t
er,er
v,bcl
b,b
m,bcl
l,l
hh,hh
n,n
dh,dh
w,w
l,ix
aa,aa
ey,ix
eh,eh
l,l
kcl,kcl
n,n
ae,ae
s,s
iy,iy
kcl,kcl
n,n
nx,nx
sh,sh
z,z
z,s
q,q
f,f
v,v
dcl,dcl
tcl,pcl
d,t
z,z
er,er
iy,iy
tcl,tcl
aa,aa
m,m
tcl,tcl
t,t
aw,aw
p,p
ih,ih
iy,iy
s,s
aa,ow
ih,ix
kcl,gcl
axr,r
ax,ax
tcl,kcl
ih,ax
ae,ae
ax,ax
dcl,dcl
ow,ow
y,y
ay,ay
m,m
ch,jh
dcl,pcl
dx,dx
aa,aa
dx,ix
tcl,kcl
z,z
w,w
f,dh
iy,iy
g,kcl
w,w
s,z
ng,ng
eh,ae
eh,ah
ow,uw
w,w
k,g
l,ax
ix,ix
t,t
tcl,pcl
ax,ax
uh,ah
l,l
er,er
ih,eh
ay,ay
p,p
w,w
w,uw
aa,aa
ow,ao
th,k
z,s
pcl,pcl
ah,ah
v,tcl
ih,ih
ih,ix
ax,ah
gcl,dcl
s,s
aa,aa
tcl,kcl
ix,ix
ao,ao
s,s
iy,iy
jh,d
bcl,pcl
axr,ix
tcl,kcl
ax,ax
ao,aa
bcl,bcl
ao,aa
ih,ih
dcl,dx
tcl,dcl
q,q
r,r
ix,ix
ix,ix
z,z
ao,ao
s,z
eh,eh
hh,hh
l,l
gcl,pcl
dh,hh
iy,ix
hh,k
ch,s
p,p
tcl,bcl
t,t
iy,iy
k,k
kcl,kcl
iy,iy
ow,ow
dcl,dcl
sh,sh
ae,ae
ah,l
ih,ax
k,k
l,l
s,s
v,v
s,s
axr,axr
l,l
ax,ax
n,n
ow,ow
s,s
r,r
kcl,kcl
m,m
ux,ux
el,l
dcl,dcl
m,m
m,n
eh,eh
r,r
ao,ao
l,l
axr,ix
r,r
l,l
iy,iy
q,q
m,n
eh,eh
ch,t
ix,ix
l,ax
el,ng
iy,iy
z,z
p,p
er,er
gcl,pcl
ix,uw
r,r
ix,ax
f,t
p,p
iy,iy
ih,ih
w,r
r,r
n,n
dh,dh
f,pcl
axr,axr
dx,dcl
s,s
eh,ah
m,m
ay,ay
el,el
iy,iy
ao,aa
ao,ao
l,l
iy,iy
er,er
nx,nx
eh,ih
eh,ae
l,l
jh,jh
ih,ih
ng,ng
s,s
k,kcl
y,y
p,p
eh,ax
ae,ae
gcl,kcl
dcl,dcl
ae,ae
s,t
ix,ix
v,v
n,n
axr,axr
iy,iy
ix,ix
ix,ix
f,f
kcl,kcl
er,axr
ae,ae
bcl,bcl
ih,ih
iy,iy
n,m
kcl,ax-h
gcl,dcl
v,v
iy,iy
q,q
l,l
ow,ow
sh,sh
aw,aw
r,r
w,w
tcl,tcl
s,s
ae,ae
iy,iy
tcl,tcl
dcl,gcl
gcl,gcl
l,l
ih,ih
sh,s
ah,ah
er,er
ch,ch
p,p
pcl,pcl
w,w
ey,ey
ae,ae
axr,ax
pcl,pcl
eh,eh
ix,ix
iy,iy
s,s
ux,ux
tcl,kcl
dh,dh
ix,n
p,p
n,n
w,w
z,z
kcl,kcl
m,m
ae,ae
aw,aw
r,r
el,el
t,t
s,s
g,g
ix,ix
n,n
aa,aa
iy,iy
ix,ay
tcl,pcl
ix,ih
dcl,dcl
q,q
er,er
l,l
ih,ih
kcl,kcl
aa,aa
iy,iy
s,s
iy,ix
ax,ax
dcl,tcl
ae,ae
eh,ix
kcl,kcl
aa,aa
ix,ix
kcl,kcl
ax,ax
n,n
ih,ih
pcl,pcl
ix,ix
ix,ix
p,p
oy,oy
bcl,bcl
dx,dcl
ae,ae
kcl,kcl
ey,ey
dcl,gcl
s,s
jh,jh
hv,hv
tcl,kcl
l,l
dcl,dcl
iy,ih
jh,jh
gcl,dcl
n,m
kcl,kcl
q,l
iy,iy
hv,hv
ow,aa
dcl,dcl
v,v
ey,ey
p,p
s,s
q,q
w,l
t,t
ay,ay
t,t
aa,aa
z,z
n,ix
z,z
n,hv
tcl,kcl
sh,sh
uh,ih
r,r
k,g
tcl,kcl
sh,sh
ey,ey
er,er
s,s
l,l
ix,ix
ao,ao
axr,r
iy,iy
tcl,tcl
dx,v
l,l
ih,r
sh,sh
m,m
w,w
ih,q
hv,hv
kcl,tcl
aa,ao
r,r
z,z
ih,ih
ih,ih
ux,y
y,y
m,m
dcl,dcl
g,g
ae,ae
l,l
tcl,tcl
gcl,k
l,l
n,n
v,v
sh,sh
kcl,pcl
ux,ux
s,s
n,m
r,r
l,l
iy,iy
aa,ay
l,l
iy,iy
aa,aa
aa,ao
tcl,kcl
tcl,gcl
tcl,dcl
kcl,kcl
l,l
axr,er
ah,ah
dcl,dcl
w,w
l,l
ah,ah
ow,ow
k,g
ih,ih
tcl,pcl
w,w
q,q
y,y
iy,iy
tcl,tcl
w,w
eh,eh
k,k
ay,ay
ix,ix
z,s
ix,ix
ao,ao
dcl,dcl
tcl,tcl
l,l
ix,ix
ae,ae
l,l
ow,ow
iy,iy
sh,sh
r,r
t,t
s,s
ax,ix
en,n
z,s
eh,ae
axr,axr
eh,ih
n,n
iy,ng
q,q
ah,ah
ih,ix
iy,ux
m,m
ae,ae
nx,dh
aa,aa
zh,z
f,f
ae,ae
jh,jh
bcl,bcl
gcl,gcl
tcl,tcl
dcl,n
tcl,tcl
tcl,pcl
k,g
n,dcl
ah,ae
dcl,gcl
axr,ux
eh,eh
sh,sh
z,s
iy,ih
n,dx
t,t
ah,ax
ix,ix
t,t
z,z
kcl,tcl
eh,eh
iy,iy
kcl,kcl
ih,ih
el,el
iy,ih
ih,ih
ah,eh
kcl,kcl
iy,iy
f,f
p,p
b,p
v,v
ih,ih
s,s
aa,aa
k,k
axr,axr
d,t
aa,aa
n,n
s,s
bcl,bcl
kcl,tcl
tcl,tcl
axr,axr
bcl,v
hv,hv
dh,dh
q,q
ix,ix
ax,ix
t,t
ey,ey
tcl,tcl
ax,ax
t,t
l,l
jh,jh
er,er
uh,ix
w,w
r,r
z,z
g,g
bcl,bcl
l,l
r,r
bcl,bcl
ay,ay
pcl,pcl
nx,hv
aa,ao
l,l
k,k
q,ay
ow,ow
z,s
g,g
p,hh
t,t
q,q
iy,iy
dx,dx
ey,oy
ay,ay
ae,ih
l,l
sh,sh
iy,iy
sh,sh
hv,hv
uh,axr
jh,jh
ux,uw
ae,ae
eh,ae
k,k
f,f
sh,sh
pcl,pcl
kcl,tcl
ae,ae
l,l
m,m
r,r
s,s
aa,aa
ix,ix
uh,ax
iy,iy
dcl,dcl
iy,iy
n,m
ow,ao
n,n
s,s
l,l
q,q
ae,ih
tcl,tcl
er,axr
ih,ih
t,t
ao,ao
t,t
iy,iy
eh,eh
k,k
ix,ax
w,l
kcl,kcl
ix,ix
sh,sh
d,d
f,f
ix,ix
ow,ow
aa,aa
ih,ix
bcl,bcl
z,z
ay,ay
ix,ix
ax,ax
z,z
eh,ae
q,q
z,z
ux,ix
v,v
r,r
m,n
iy,iy
l,l
iy,iy
w,w
l,ax
dcl,v
tcl,kcl
oy,oy
ae,ae
iy,ih
ey,iy
sh,sh
m,m
l,l
ix,ax
ow,ow
axr,er
n,n
ey,iy
bcl,bcl
dcl,tcl
n,n
f,v
m,n
m,m
tcl,tcl
dx,dcl
q,q
aa,ao
ae,ae
ih,y
sh,sh
ih,ih
sh,f
k,k
z,s
bcl,tcl
z,z
bcl,bcl
k,k
k,p
n,n
dcl,dcl
l,l
th,th
ey,ey
iy,iy
y,y
r,r
eh,ah
ey,iy
t,t
dcl,bcl
y,ih
ah,ao
w,w
dcl,dcl
p,p
w,r
iy,iy
ay,ay
ah,ah
aa,aa
n,n
el,el
ao,ao
s,sh
ao,ao
axr,axr
t,t
ey,r
axr,r
ch,ch
w,w
ng,y
nx,nx
iy,iy
v,v
ix,ix
m,m
iy,iy
ao,ao
ao,ao
r,r
dx,dx
d,p
f,f
ix,ix
r,r
l,l
eh,r
ao,ao
eh,eh
y,y
s,s
kcl,kcl
ix,ix
ow,ow
m,m
ih,ix
oy,oy
aa,aa
r,r
p,p
hh,hh
z,z
r,r
r,r
ix,ih
r,r
p,p
ey,ey
axr,axr
z,s
kcl,tcl
g,g
m,m
ax,ax
s,s
ix,ix
dx,v
z,z
y,iy
ih,ih
v,v
k,k
r,r
r,r
eh,ix
l,l
y,y
n,n
hv,hv
n,n
r,r
th,th
r,q
er,er
pcl,dcl
ih,eh
z,z
ae,ae
axr,axr
s,s
k,k
sh,sh
r,r
iy,iy
th,dh
axr,iy
n,n
aa,aa
ae,ae
iy,iy
ey,ey
tcl,kcl
eh,eh
ah,r
y,iy
ix,ix
eh,ae
n,n
t,t
t,d
w,w
aa,aa
k,k
gcl,dcl
n,m
ix,ix
t,k
eh,ix
iy,iy
eh,eh
p,p
l,l
l,l
kcl,tcl
dh,d
iy,iy
s,s
ix,ix
q,q
k,g
k,k
jh,jh
tcl,tcl
th,th
ix,ix
ih,ix
er,axr
ix,iy
ey,ey
kcl,kcl
ae,ae
ux,y
tcl,kcl
axr,axr
z,z
l,w
aw,aa
er,eh
iy,ix
ih,ux
eh,eh
ux,ix
kcl,kcl
dcl,tcl
axr,axr
gcl,gcl
dcl,dcl
t,t
s,s
tcl,pcl
r,r
tcl,kcl
kcl,dx
ae,ae
iy,iy
ix,ix
ix,ix
y,y
ah,ah
kcl,kcl
ae,ae
n,ng
ch,t
ux,ux
er,axr
iy,iy
kcl,kcl
ix,n
q,tcl
gcl,gcl
iy,iy
s,z
eh,ah
ih,ah
t,t
axr,axr
ix,ix
ix,ix
r,r
ih,ax
ix,ix
w,w
ix,ix
tcl,tcl
iy,ix
k,k
dh,th
n,n
ax,ax
ix,ix
uh,ao
n,n
ay,ay
ix,ux
ax,ax
n,n
er,er
z,z
l,l
l,l
ix,ix
pcl,pcl
pcl,kcl
ao,ao
ah,ao
aa,aa
el,ow
s,s
dx,dx
dx,dx
tcl,kcl
kcl,kcl
ay,aa
n,dcl
w,bcl
l,l
ae,ae
kcl,kcl
axr,ih
w,g
l,l
jh,jh
y,ix
f,f
dx,dx
dcl,pcl
ix,ix
l,l
ih,ih
aa,aa
ux,ux
ey,ey
pcl,pcl
t,g
ix,ix
pcl,tcl
dcl,dcl
iy,iy
ay,ay
eh,eh
ae,ae
ix,ix
ow,ng
f,f
m,m
aa,ao
axr,eh
n,n
ay,ay
ux,ux
k,k
kcl,kcl
ao,ah
ix,ix
ow,ow
k,k
eh,r
t,t
n,n
g,g
s,s
ix,ih
pcl,pcl
s,s
ux,ux
eh,ae
m,m
pcl,kcl
s,s
q,q
ow,ow
w,w
r,r
z,z
s,sh
ax,ah
ow,ow
q,q
r,ix
m,n
q,q
r,r
s,s
ey,ey
ae,ae
n,n
er,ah
s,s
n,n
tcl,kcl
r,ax
kcl,kcl
ax,ax
k,k
sh,sh
r,r
n,n
ah,ax
ix,ix
ix,r
s,z
l,l
v,v
ay,ay
ix,ix
r,r
n,n
iy,iy
iy,iy
ux,ux
n,v
bcl,dcl
ow,ow
ih,ih
v,v
s,s
gcl,gcl
m,m
ih,ix
s,s
k,k
ah,ah
sh,sh
z,z
hh,hh
ix,ix
ux,ux
ay,ay
t,t
r,r
aa,aa
tcl,dcl
k,k
ow,ao
dx,dx
ix,ix
ow,ow
r,r
m,m
s,s
ae,aw
l,ah
y,y
eh,ah
eh,eh
v,v
ah,ah
eh,eh
ix,ix
s,s
ae,ae
jh,jh
r,r
kcl,kcl
kcl,gcl
r,r
dcl,dcl
ih,ih
r,r
kcl,kcl
tcl,pcl
iy,iy
tcl,pcl
el,el
l,l
dh,f
l,l
kcl,kcl
n,n
tcl,tcl
tcl,kcl
ix,ix
axr,axr
l,ax
l,l
kcl,kcl
ow,ow
kcl,kcl
ae,aa
k,g
tcl,kcl
dh,t
tcl,kcl
iy,iy
nx,n
k,k
aa,aa
ix,ix
ax,ah
kcl,kcl
r,r
kcl,tcl
n,n
s,s
l,r
s,s
ix,ix
dcl,bcl
f,f
ix,ix
s,s
ih,ih
ih,ih
iy,iy
axr,ih
q,q
y,y
ax,ax
gcl,gcl
q,q
l,ao
ae,ae
pcl,pcl
iy,iy
ix,axr
p,p
r,r
iy,iy
ey,ey
tcl,tcl
ih,ih
n,n
tcl,tcl
z,z
kcl,tcl
ae,ae
eh,ix
s,s
l,l
f,f
aa,aa
kcl,kcl
l,l
dcl,pcl
n,ng
iy,ix
r,r
ey,ey
q,q
pcl,pcl
v,dcl
s,s
ng,ng
l,m
m,m
m,m
r,r
ih,ih
m,m
th,th
ey,eh
ow,ah
n,n
ey,iy
gcl,gcl
kcl,kcl
pcl,pcl
eh,ax
ih,ih
z,z
iy,iy
w,ao
ey,ey
z,z
ax,ax
f,pcl
p,hh
eh,eh
n,ix
n,m
d,t
g,v
bcl,pcl
ih,eh
dcl,dcl
pcl,pcl
ey,ey
iy,iy
iy,iy
r,dcl
iy,iy
f,f
ch,ch
s,s
iy,iy
ow,ow
p,p
ow,el
ih,ih
ih,ih
ao,ao
n,n
z,z
kcl,kcl
eh,ih
hh,hv
r,r
ax,ax
m,m
y,iy
ao,ao
p,p
eh,r
er,r
axr,ix
k,k
el,el
n,ng
t,t
n,hv
hh,kcl
iy,iy
l,l
tcl,tcl
ix,ix
dcl,gcl
t,t
tcl,tcl
ih,ih
ae,ae
ah,ah
f,f
ih,eh
gcl,gcl
t,t
s,s
t,t
ix,ix
n,n
iy,ux
t,t
f,f
eh,ae
s,s
bcl,pcl
ih,eh
n,n
r,r
dcl,dcl
v,v
tcl,kcl
ay,ay
hv,hv
w,w
aa,aa
f,f
ix,ix
d,t
p,p
dh,v
bcl,bcl
s,z
ix,ix
ix,ix
dcl,dcl
k,k
l,l
q,q
l,l
ix,ih
ow,ow
ch,jh
ae,ae
ae,ae
ng,n
t,t
tcl,tcl
ih,ih
v,v
nx,n
ae,ae
ah,ah
l,l
v,dcl
n,g
ih,ay
ao,ao
z,s
w,w
r,r
l,ax
gcl,tcl
el,l
v,v
d,d
ih,ix
r,r
ae,ae
r,r
ng,n
ae,ae
q,ao
kcl,kcl
z,s
pcl,pcl
l,ix
r,r
iy,iy
ix,ax
bcl,bcl
ix,ax
r,er
k,k
s,s
ey,ey
r,r
oy,oy
kcl,kcl
r,r
ix,ix
ix,ix
f,f
sh,sh
l,l
tcl,pcl
f,f
s,s
en,n
ax,ah
s,s
dcl,dx
f,f
ao,ao
dx,dcl
gcl,bcl
ae,ae
s,s
tcl,kcl
l,l
ih,ih
q,q
ix,ix
dcl,dcl
l,l
ax,r
dh,ix
er,er
ao,ah
ax,ax
p,p
q,q
ao,ao
iy,iy
tcl,kcl
tcl,tcl
iy,iy
ix,ix
v,v
pcl,kcl
kcl,kcl
p,p
k,k
bcl,dcl
m,m
ih,ih
ao,ao
g,g
dx,jh
q,nx
dh,n
hv,hv
iy,iy
ao,aa
n,n
pcl,pcl
v,bcl
ih,ih
f,f
ow,ow
el,el
ae,aa
s,z
ax,ax
ux,ux
hv,hv
k,k
iy,ih
w,w
kcl,kcl
t,f
hv,hv
ch,t
ix,ih
ix,ix
ae,ae
p,b
ih,ih
kcl,kcl
q,ax
bcl,dcl
w,w
z,s
aw,aw
k,k
r,r
ih,iy
ao,ao
oy,oy
dcl,tcl
kcl,kcl
n,n
ao,ao
ih,ix
ae,ae
dcl,g
th,dh
dcl,dcl
b,b
k,k
ih,ih
tcl,tcl
g,g
dcl,dx
l,l
s,s
ae,ae
s,s
ih,ih
er,er
ae,ae
z,s
kcl,kcl
aa,ao
v,v
axr,r
t,t
p,p
iy,iy
dh,dh
iy,iy
dcl,dcl
bcl,tcl
n,n
en,n
ae,ae
ih,ih
r,r
w,w
dh,b
s,s
uh,ix
r,r
f,f
r,r
n,m
k,k
n,n
iy,iy
w,w
n,n
p,p
m,n
q,q
ae,ae
s,s
ae,ae
dh,dh
w,w
w,w
ao,ao
dcl,dcl
ix,iy
ng,ng
m,m
d,t
tcl,tcl
s,s
n,n
k,k
ae,ae
ay,ay
t,t
ix,iy
w,w
ow,ow
iy,iy
bcl,bcl
ix,ix
ix,iy
v,m
sh,sh
ng,ng
ah,ah
s,s
m,m
ah,ax
pcl,tcl
ah,ax
l,l
p,p
iy,iy
z,z
hv,hv
ix,ix
r,r
ae,eh
w,w
g,t
r,r
q,q
z,z
p,p
pcl,tcl
y,y
iy,r
t,t
m,m
s,s
axr,axr
hh,k
ae,ae
aa,aa
s,s
tcl,tcl
m,m
oy,oy
ix,ix
bcl,bcl
m,m
ae,ae
ax,l
iy,iy
ay,ay
tcl,tcl
d,jh
ow,ow
s,s
tcl,tcl
eng,n
s,s
ao,aa
ae,eh
q,q
iy,iy
el,el
r,r
y,y
s,s
axr,r
ih,ix
ay,ay
bcl,bcl
iy,iy
k,k
w,w
ax,ax
ih,ey
w,w
eh,ah
t,t
l,l
kcl,tcl
ao,ao
v,v
m,m
kcl,kcl
s,s
l,l
pcl,kcl
f,f
eh,r
eh,eh
ih,ey
ih,ih
ch,ch
ch,ch
s,s
ix,ix
ix,ih
m,m
ih,ae
f,f
n,n
s,z
n,n
pcl,pcl
iy,iy
tcl,tcl
m,v
ao,ao
iy,iy
tcl,tcl
iy,iy
t,t
tcl,kcl
w,w
s,s
tcl,gcl
r,r
ux,ih
ux,ux
ae,ae
tcl,kcl
iy,iy
s,s
l,l
uh,ax
uw,ux
ao,ao
dx,dx
d,t
axr,axr
ix,ix
ah,ah
ey,ey
d,d
jh,t
ix,ix
ae,ae
ix,ix
m,m
t,t
d,t
ae,ae
s,s
hv,hv
z,z
r,er
ih,hv
n,bcl
k,k
p,p
ix,ix
m,m
eh,eh
tcl,q
s,s
tcl,pcl
s,s
eh,ih
l,r
jh,jh
iy,iy
ax,ax
dcl,dcl
ax,n
eh,ax
g,g
ey,ey
g,g
r,r
ih,ih
dh,tcl
n,m
k,k
d,d
iy,iy
ih,ix
dh,dh
l,l
dx,pcl
eh,eh
kcl,kcl
m,m
f,f
ax,ax
iy,iy
s,s
bcl,pcl
aa,aa
ay,ay
ix,ax
axr,axr
k,k
iy,ix
iy,iy
z,s
ae,ae
z,s
sh,sh
n,ix
ao,ao
z,z
aa,aa
aa,aa
eh,eh
ih,ih
q,q
hv,hv
ey,ey
ix,ix
sh,sh
aa,ao
pcl,tcl
r,r
iy,ux
dcl,dcl
r,r
iy,iy
axr,er
ao,aa
kcl,kcl
kcl,tcl
ux,ix
ey,ey
n,n
bcl,pcl
dh,dh
tcl,kcl
iy,iy
ix,ix
s,t
eh,ih
k,k
ae,ae
l,m
ah,eh
n,n
s,s
ao,ao
w,w
v,dcl
v,v
l,l
s,s
iy,ix
ux,ux
q,q
s,s
er,er
ah,ih
v,v
kcl,kcl
t,t
n,k
er,r
r,r
ah,ax
l,l
ux,ux
ax,ah
ao,ao
k,q
s,s
ix,ix
aa,aa
t,t
ay,ay
iy,iy
ao,ao
n,n
ah,ah
m,m
n,ng
ih,ax
d,t
r,r
iy,iy
l,l
dcl,dcl
dcl,tcl
el,l
v,v
ih,ix
hh,hh
m,bcl
r,ix
ow,ow
q,q
ay,ay
ax,ax
t,t
r,r
kcl,kcl
ay,aa
eh,eh
l,l
y,y
ax,ax
eh,r
bcl,bcl
b,b
iy,iy
k,dh
iy,y
n,n
tcl,tcl
r,r
iy,ih
pcl,tcl
m,m
sh,sh
l,uw
r,axr
z,z
ng,bcl
l,b
aw,aw
ae,ae
d,d
iy,iy
p,p
p,hh
t,t
ax,ax
er,er
p,f
f,f
z,z
ah,ah
ix,ix
t,t
iy,iy
n,n
er,axr
q,q
ay,ay
tcl,tcl
s,s
ng,ng
ih,ih
kcl,tcl
eh,er
n,kcl
s,s
tcl,tcl
r,r
ix,kcl
s,s
iy,iy
y,iy
dcl,dx
eh,eh
m,ng
m,m
ay,aa
k,k
kcl,kcl
ih,ix
q,ix
s,s
pcl,tcl
hv,r
m,m
dx,dx
k,k
ey,ey
q,q
m,em
eh,ih
n,n
axr,axr
t,t
ix,ix
g,k
ax,ah
iy,iy
iy,iy
ih,ih
iy,iy
th,th
q,q
w,w
axr,r
ih,ix
z,s
r,r
ax,ax
jh,t
bcl,dcl
s,s
f,f
l,w
axr,er
dh,t
ax,ax
ih,ix
kcl,kcl
er,r
l,w
iy,iy
v,f
m,m
ix,ix
er,axr
ix,ax
w,w
bcl,bcl
n,n
t,t
ix,ix
ax,ah
m,n
k,k
iy,iy
gcl,gcl
axr,r
v,v
l,l
n,n
dh,dh
eh,eh
ux,uw
n,n
ao,ao
sh,sh
aa,aa
d,t
tcl,pcl
ch,ch
d,d
t,t
ay,ay
bcl,pcl
tcl,pcl
w,w
gcl,tcl
l,l
aa,ao
p,p
n,n
eh,ix
ey,ey
ix,ix
z,z
gcl,dcl
ao,oy
n,n
jh,jh
kcl,pcl
n,n
dx,n
b,l
ix,ix
z,s
s,s
tcl,tcl
gcl,dx
n,n
n,n
ux,ux
aa,ao
eh,eh
axr,er
ix,ih
dx,dcl
s,s
gcl,kcl
l,el
ao,ao
hh,hh
g,k
m,v
eh,eh
p,p
p,p
ih,ih
ae,eh
r,r
w,w
em,ax
sh,sh
ih,ih
aa,aa
ey,ey
iy,iy
ao,ao
ix,ix
ao,ao
sh,sh
axr,er
tcl,tcl
l,l
p,p
w,w
l,l
dcl,dcl
ow,ow
l,l
iy,iy
pcl,pcl
z,z
ow,ow
kcl,pcl
er,axr
m,n
q,q
g,g
n,ng
ae,ae
l,ax
ae,ay
dx,dx
er,axr
s,s
k,k
s,s
q,q
ey,ey
pcl,tcl
pcl,pcl
ah,aa
s,s
ng,ng
y,y
l,l
ow,ow
n,n
iy,iy
sh,sh
r,ix
ix,ix
l,l
k,k
iy,iy
l,l
ix,n
r,r
aw,ow
er,er
axr,r
ao,aa
ix,ix
p,p
ey,ey
ae,ae
eh,ix
dh,dh
s,s
t,t
r,r
ix,ix
sh,ch
kcl,kcl
ay,ay
dcl,tcl
tcl,pcl
ix,ux
bcl,bcl
y,y
ae,ae
s,s
s,s
dh,th
k,k
l,l
w,r
tcl,tcl
t,t
th,tcl
s,s
dcl,bcl
el,ax
sh,sh
sh,sh
er,er
bcl,pcl
s,s
kcl,kcl
ih,ih
tcl,tcl
tcl,kcl
ix,ix
r,r
z,z
ae,ae
t,t
kcl,kcl
m,m
q,q
em,em
ih,ax
pcl,tcl
w,w
m,m
kcl,kcl
iy,ix
ch,jh
v,g
ah,ah
pcl,pcl
d,t
ih,ix
ix,ix
iy,iy
ah,ah
tcl,tcl
w,w
y,y
iy,iy
p,p
v,v
ao,ao
ix,ih
q,hh
kcl,kcl
sh,sh
w,ao
ah,ih
v,v
iy,iy
tcl,tcl
ae,ae
ae,ae
sh,s
ih,ih
r,r
w,w
iy,iy
ao,ao
aa,aa
dh,n
ih,ih
sh,sh
ao,ao
ng,g
ae,aa
eh,eh
s,s
gcl,gcl
eh,eh
p,t
kcl,kcl
iy,iy
el,el
ow,ow
kcl,kcl
k,k
ao,ao
ix,ix
v,pcl
k,k
ix,ix
er,uw
dcl,dcl
ae,ae
s,s
ao,w
axr,axr
ae,eh
d,t
kcl,pcl
ah,ah
dx,ix
l,l
jh,jh
tcl,tcl
r,r
s,s
q,q
eh,ih
gcl,gcl
dcl,dcl
ae,ae
ao,aa
iy,iy
s,z
kcl,kcl
iy,iy
d,d
ix,ix
z,z
tcl,kcl
l,l
eh,ae
w,w
kcl,kcl
bcl,bcl
ix,ix
w,w
n,n
k,k
ix,ix
r,r
kcl,kcl
iy,iy
eh,eh
ax,ax
axr,er
pcl,pcl
d,d
dcl,dcl
eh,ah
ux,iy
iy,iy
s,s
r,r
d,z
dcl,dcl
p,p
f,v
p,p
z,z
ey,ey
iy,iy
aa,l
dcl,dcl
s,s
kcl,kcl
ao,ao
r,r
ax,ax
s,s
r,r
ah,ah
sh,sh
pcl,pcl
ah,ah
iy,iy
ey,ey
tcl,gcl
ix,ix
iy,iy
er,er
ao,ao
ix,ix
t,d
s,s
ux,ux
iy,iy
oy,oy
f,f
tcl,tcl
z,z
gcl,gcl
sh,sh
axr,r
n,n
er,r
ax,ax
dcl,dcl
dx,dcl
t,t
v,w
n,nx
k,k
s,s
l,l
el,el
iy,iy
w,w
er,er
dx,dx
bcl,dcl
v,w
iy,iy
r,r
f,f
iy,iy
dcl,dcl
ow,ow
k,k
q,dh
hv,hv
dcl,dcl
dh,dh
r,r
kcl,kcl
g,k
er,er
eh,eh
er,axr
aa,ao
ih,ih
ix,ah
kcl,kcl
axr,axr
k,g
l,l
ux,ux
dcl,dcl
k,k
t,s
axr,r
m,n
iy,ix
iy,iy
eh,eh
ay,ay
r,r
bcl,bcl
q,r
ih,ih
l,ax
dcl,dcl
f,f
th,th
s,s
ng,n
ah,ah
r,ax
el,el
sh,sh
axr,er
iy,iy
ih,ih
l,l
w,w
p,p
uw,uw
r,r
w,ao
w,w
ix,ix
m,m
l,l
m,m
ao,ow
z,z
y,iy
y,y
tcl,tcl
q,q
bcl,bcl
ao,ao
axr,axr
iy,iy
ih,ih
ey,ey
l,el
ah,ah
ix,ix
el,el
hh,hh
s,s
jh,t
t,t
kcl,kcl
ax,q
v,v
sh,sh
z,s
iy,ux
dcl,dcl
eh,eh
s,s
q,ix
m,m
th,k
ch,t
w,l
ao,aa
k,tcl
ih,eh
kcl,kcl
axr,axr
sh,sh
l,l
ih,ix
ux,ux
ae,ae
t,t
aa,aa
ix,ix
m,m
g,g
axr,er
r,r
q,q
dcl,dcl
kcl,kcl
f,f
s,s
dcl,dcl
pcl,kcl
ix,iy
ao,ao
kcl,kcl
w,w
d,t
ae,ae
ix,ix
ix,ih
q,gcl
aa,aa
ax,ih
k,k
n,dcl
hh,k
s,s
ix,ix
iy,iy
ih,ih
ao,aa
eh,ae
hh,hh
ch,jh
iy,ey
dh,dh
s,s
gcl,gcl
gcl,bcl
t,jh
kcl,kcl
k,k
q,q
ao,ao
gcl,gcl
r,r
ih,ax
f,f
n,n
ih,ix
q,q
iy,iy
r,r
bcl,bcl
th,th
en,ix
f,p
m,m
dh,dh
dcl,dcl
ax,ax
ix,ix
iy,iy
f,f
r,axr
axr,er
q,q
ah,ah
gcl,pcl
r,r
s,s
l,l
m,m
n,n
kcl,kcl
w,w
ix,ix
kcl,kcl
ey,ey
q,q
eh,eh
y,y
er,r
ao,ao
pcl,pcl
t,t
ux,ux
t,k
w,w
axr,r
v,v
ix,ix
l,l
s,s
pcl,pcl
kcl,kcl
ih,ih
er,er
dcl,tcl
iy,iy
tcl,kcl
t,t
ih,ih
ix,ix
g,g
q,q
tcl,tcl
dh,kcl
l,l
w,w
er,r
t,t
s,s
ay,ay
t,t
t,t
dh,n
m,pcl
dh,v
f,f
jh,jh
l,l
l,l
w,w
r,r
l,l
r,r
ix,ih
iy,iy
l,l
iy,iy
z,z
s,s
y,y
tcl,kcl
axr,er
w,w
dx,dx
f,f
ih,ih
r,r
z,z
dx,dx
l,uw
en,n
r,r
n,n
eh,eh
dcl,dcl
dh,d
n,n
ux,ux
r,r
s,s
f,f
er,er
dh,q
ey,ey
g,g
oy,oy
pcl,pcl
s,s
dh,dh
ah,ah
r,r
ey,ey
m,m
r,r
r,r
z,z
hh,hh
s,s
kcl,tcl
s,s
l,ow
s,s
s,s
k,k
f,f
g,g
dh,v
iy,ix
bcl,bcl
l,el
ow,ow
n,ng
iy,iy
ch,sh
ae,ae
l,l
dh,f
f,f
ow,ow
tcl,tcl
n,n
pcl,pcl
f,f
iy,m
eh,eh
dh,dh
s,s
s,s
ae,ae
kcl,kcl
ix,ix
n,n
iy,iy
s,s
dcl,dcl
w,w
k,k
ax,ix
ix,ix
hh,hv
bcl,bcl
w,w
tcl,dcl
ah,ah
ae,ae
er,er
q,q
ow,ow
eh,ah
kcl,tcl
jh,k
er,axr
y,y
r,r
q,q
p,p
jh,jh
ay,ay
t,t
ao,ao
hv,hv
v,v
n,n
ah,ax
el,el
dh,th
ay,ay
m,n
n,n
q,q
ux,ux
s,s
dh,pcl
g,g
m,m
dh,v
er,er
k,k
ng,ng
ey,ey
r,r
ix,ix
hv,hv
oy,oy
t,t
m,m
l,l
iy,iy
dx,dx
l,ix
ix,ix
m,m
bcl,bcl
ix,ax
m,m
axr,er
ay,ay
kcl,kcl
iy,ih
bcl,dcl
axr,axr
w,p
ng,n
ow,ow
q,q
b,r
gcl,gcl
ix,ix
tcl,pcl
m,n
r,r
l,l
axr,r
k,k
ah,aa
ih,ih
l,l
r,r
v,v
s,s
l,ax
y,y
tcl,tcl
ng,ng
ae,ae
ih,ih
ih,ih
aa,ao
ix,ix
axr,axr
tcl,tcl
w,w
axr,er
r,r
k,k
ih,ih
eh,eh
t,t
aw,aw
ih,ih
dh,v
ao,ao
ih,ih
q,q
v,v
n,n
kcl,kcl
tcl,kcl
sh,sh
bcl,bcl
z,z
ey,iy
ix,ix
t,t
ae,ae
ux,ux
v,v
t,t
s,s
ax,ax
tcl,tcl
ax,r
ao,ao
dh,tcl
gcl,gcl
gcl,gcl
ix,ix
z,z
s,s
s,s
ix,ix
b,p
dx,dx
g,g
ix,ix
eh,ae
bcl,pcl
bcl,bcl
axr,axr
q,q
eh,eh
aw,eh
ah,ah
k,g
ao,ao
gcl,gcl
ah,ah
bcl,bcl
iy,iy
ah,ah
eh,r
t,k
iy,ix
bcl,gcl
r,r
g,g
p,p
ah,ah
w,w
pcl,pcl
ow,ux
iy,iy
er,er
z,z
m,bcl
kcl,k
ax,ax
axr,ix
n,n
ax,ax
y,y
n,n
ah,ah
ah,aa
iy,iy
ae,ae
uh,ax
y,iy
l,n
gcl,kcl
f,f
r,r
s,s
t,t
eh,eh
k,k
q,tcl
kcl,tcl
t,t
aa,aa
ix,ih
dx,dx
aw,ay
g,k
b,b
ih,ih
ix,ix
hh,hh
ay,ay
ix,ix
tcl,kcl
iy,iy
ey,ey
iy,iy
ey,ey
v,dx
ao,ao
ao,aa
n,m
g,g
ix,ix
en,ax-h
iy,ux
ae,ae
kcl,kcl
s,s
iy,iy
l,q
ix,ix
n,n
dh,dh
n,n
kcl,kcl
sh,sh
kcl,dcl
f,f
ix,ix
s,s
ow,ow
l,l
ay,ay
gcl,dcl
el,el
w,ao
ay,ay
gcl,gcl
k,k
pcl,pcl
ae,eh
dcl,dcl
axr,er
ow,ow
ay,ay
ux,ux
t,k
dcl,dcl
ix,r
tcl,kcl
dx,dx
n,n
axr,r
bcl,bcl
p,p
ix,ix
ix,ax
n,n
r,ih
dx,v
ih,ih
t,t
s,s
iy,iy
ae,ae
iy,ix
ey,ey
t,t
q,q
v,v
ax,ax
aa,aa
el,el
pcl,tcl
iy,iy
z,z
r,r
r,r
nx,n
nx,n
gcl,r
el,el
aa,aa
ey,ey
r,r
r,r
uh,ah
r,r
ng,n
tcl,tcl
aa,aa
s,s
m,n
y,y
iy,ih
iy,ix
t,t
pcl,pcl
uh,ao
pcl,kcl
aa,aa
r,r
ae,ae
ix,ix
ih,ux
kcl,kcl
ix,ih
ch,jh
ax,ax
hh,hh
d,d
hv,hv
aa,aa
iy,iy
l,l
axr,ix
ay,ay
axr,axr
v,v
iy,ix
hh,hh
eh,iy
ix,iy
ey,ey
ao,ao
ow,ow
dh,ix
tcl,tcl
jh,jh
m,n
eh,ah
n,n
dh,dcl
r,r
aa,ah
hv,hv
f,f
ix,r
eh,eh
d,d
t,t
axr,r
eh,eh
er,er
v,v
dh,dh
l,ix
kcl,kcl
jh,t
l,l
f,dh
s,s
sh,sh
axr,er
m,m
kcl,kcl
ix,ix
n,n
jh,jh
p,p
ao,el
m,m
ae,ae
l,ix
gcl,gcl
r,r
s,s
k,k
tcl,tcl
ix,ix
k,k
ux,ux
t,t
th,t
r,r
l,l
axr,ix
ey,iy
ih,ih
iy,iy
ey,iy
aa,ao
axr,ah
ih,ih
iy,ih
ix,ix
r,r
r,nx
f,f
ix,ix
p,k
iy,iy
w,r
d,d
kcl,kcl
oy,oy
aa,ao
ae,ae
l,l
ah,ah
r,r
tcl,kcl
p,p
ix,ix
ae,ae
k,k
tcl,pcl
k,k
g,g
dh,dh
kcl,tcl
er,er
eh,eh
s,s
r,r
n,kcl
s,s
ix,ix
z,z
ey,ay
l,l
r,r
l,l
l,l
q,q
ae,ae
kcl,kcl
ao,r
aa,aa
sh,sh
p,p
t,t
ey,iy
f,f
w,w
gcl,kcl
iy,iy
ey,ey
dcl,dcl
dh,dh
t,t
iy,iy
ix,ix
v,v
bcl,dcl
m,n
iy,iy
r,r
t,t
ae,ae
tcl,dcl
w,w
ix,ix
ay,aa
hv,hv
ow,ow
l,l
ow,ow
r,r
r,r
q,q
m,m
s,s
axr,axr
ih,ih
q,q
gcl,gcl
m,m
r,r
dcl,dcl
tcl,pcl
r,r
m,m
iy,iy
sh,sh
s,s
p,p
ey,ey
ix,ix
k,k
dcl,dcl
nx,nx
ay,ay
aw,aw
w,w
kcl,pcl
q,ax
y,y
g,g
t,t
q,q
m,m
p,p
kcl,kcl
gcl,gcl
ah,ao
ax,ax
l,l
r,r
g,g
ix,ix
ow,ow
pcl,pcl
ax,ax
w,w
v,v
q,q
iy,iy
n,ng
ih,ih
d,t
n,n
ae,ae
ix,ix
tcl,tcl
dh,hh
r,r
ax,ax
p,p
l,ax
uw,ih
ax,ax
ax-h,ix
f,f
s,z
s,z
ax,ax
kcl,pcl
hh,hh
ae,ae
tcl,tcl
ih,ih
tcl,p
l,l
ix,ih
er,r
f,f
z,z
ow,ah
ey,ih
pcl,pcl
er,axr
s,s
bcl,bcl
l,l
iy,ix
nx,n
m,n
kcl,kcl
hh,hh
w,w
ix,ix
k,k
ix,en
r,r
s,s
v,v
n,bcl
r,r
ix,eh
l,l
dcl,dcl
l,el
dcl,dcl
eh,eh
ix,iy
axr,axr
ah,aa
tcl,tcl
bcl,bcl
dcl,tcl
l,l
t,t
ix,ih
dcl,tcl
aw,aw
ix,ax
n,en
m,m
l,l
hh,hh
ao,ao
tcl,kcl
iy,iy
q,gcl
z,z
ax,ax
k,g
r,r
r,r
ih,r
iy,ux
q,q
th,th
l,v
ng,ng
oy,oy
ay,ay
iy,iy
er,er
sh,sh
sh,sh
bcl,bcl
ux,ux
k,k
ux,ux
oy,oy
t,t
eh,ey
iy,iy
t,d
ix,ix
ae,ah
zh,z
eh,eh
l,l
ae,ae
n,n
k,k
axr,r
s,s
n,ng
iy,iy
g,k
ih,ux
bcl,bcl
dcl,tcl
ux,ix
tcl,kcl
ao,ao
l,aa
jh,jh
sh,sh
er,r
iy,iy
q,q
bcl,bcl
axr,ix
r,r
pcl,kcl
pcl,pcl
dx,r
eh,ih
z,z
dh,dcl
oy,oy
q,q
axr,er
th,k
sh,s
q,q
s,t
ih,ih
ih,ow
t,t
aa,aa
r,r
ey,ey
s,s
r,r
z,z
q,q
tcl,kcl
r,r
w,r
z,z
pcl,pcl
t,t
kcl,tcl
l,l
dcl,dcl
q,ax
s,z
dcl,dcl
ih,ih
y,iy
eh,eh
ix,ix
m,m
ux,ux
s,s
v,v
bcl,bcl
ng,ng
ix,ix
tcl,tcl
gcl,dcl
gcl,bcl
ao,ow
dx,dx
z,z
th,th
w,w
pcl,tcl
q,q
aa,aa
n,n
p,p
pcl,pcl
ix,ux
m,m
ey,ey
eh,eh
w,uw
f,f
l,l
dx,kcl
k,k
sh,sh
dh,dh
ah,ah
dcl,n
kcl,kcl
uw,uw
ux,ux
ix,ih
eh,ax
ix,ux
y,ih
pcl,pcl
d,d
pcl,pcl
g,k
aa,aa
iy,iy
aa,aa
dx,d
m,m
r,r
k,k
s,s
ix,ix
iy,iy
gcl,gcl
l,l
r,r
tcl,kcl
aa,r
t,t
axr,ih
m,m
m,m
sh,sh
ix,ix
ih,ih
axr,r
aa,aa
n,n
y,iy
eh,eh
kcl,kcl
ah,ah
axr,er
k,k
d,k
f,f
er,er
m,m
tcl,tcl
iy,iy
l,l
ih,ih
ae,ae
iy,iy
s,s
l,ix
k,k
iy,iy
pcl,pcl
r,r
m,n
sh,sh
r,r
ih,ih
ih,ih
el,el
ay,ay
n,n
ix,ix
pcl,pcl
tcl,kcl
v,v
ax,ax
ih,ix
iy,iy
dcl,gcl
kcl,tcl
l,l
g,r
bcl,bcl
ax,ax
dx,d
l,l
ix,ax
l,ix
dx,g
m,n
z,z
l,dh
bcl,bcl
ix,ix
k,k
ih,ih
ix,ih
f,f
ey,ey
n,n
t,t
aa,ao
r,r
iy,iy
ao,ao
ax-h,ax-h
ix,ix
ix,uw
kcl,kcl
k,k
t,t
tcl,pcl
n,gcl
n,n
d,t
s,s
ix,ux
ix,ix
aa,ao
kcl,kcl
tcl,tcl
hh,hh
er,er
iy,iy
ah,ah
r,r
dcl,dcl
r,r
ih,iy
f,p
kcl,kcl
ax,ax
y,iy
s,s
l,l
bcl,bcl
ao,ao
dcl,gcl
ae,ah
m,m
ow,ow
w,w
kcl,kcl
ay,ay
iy,ey
pcl,pcl
l,l
n,n
tcl,kcl
k,k
ey,ey
ix,ix
p,k
t,t
z,z
p,p
ih,ix
f,f
l,l
f,f
th,f
ae,ae
ax,ix
ih,ih
jh,ch
dh,dh
bcl,bcl
ix,ix
b,dh
ix,iy
q,q
p,p
kcl,kcl
p,p
pcl,pcl
bcl,dcl
iy,iy
n,n
p,p
l,l
v,v
ix,ix
t,tcl
t,t
axr,axr
l,q
s,s
d,t
dcl,dcl
eh,ae
iy,iy
l,v
f,f
n,n
er,er
ae,ae
tcl,tcl
dx,dx
l,l
aa,aa
r,r
en,en
s,s
v,v
r,r
t,t
z,z
l,l
ng,ng
oy,oy
eh,ae
r,r
r,axr
iy,ey
r,r
pcl,pcl
k,k
dcl,tcl
p,p
axr,axr
sh,sh
ae,ae
ux,ux
q,q
t,t
q,q
eh,ah
ix,ix
ey,ih
kcl,kcl
ih,uw
iy,iy
dx,dx
tcl,gcl
r,r
n,n
r,r
ix,ax
pcl,pcl
iy,iy
l,l
kcl,kcl
p,p
iy,iy
l,l
t,t
ih,ih
q,q
iy,iy
t,t
k,k
axr,er
ao,ao
v,m
bcl,bcl
ix,ay
ax,ax
ae,eh
v,v
aa,aa
k,k
s,s
z,s
m,m
ax,ax
tcl,tcl
ih,ix
w,ao
hv,hv
r,iy
kcl,n
axr,er
q,q
ax,ng
ow,l
w,w
s,s
th,th
ow,ah
eh,eh
s,s
uh,ah
ay,ay
ih,ih
ay,ay
s,s
bcl,bcl
m,m
r,r
ix,ix
sh,sh
tcl,tcl
ao,ao
ih,ih
t,t
er,er
aa,aa
bcl,bcl
l,l
uw,ux
s,s
ih,n
sh,sh
tcl,kcl
ix,ix
ao,ow
iy,iy
f,f
s,s
hv,hv
bcl,bcl
ah,ih
ow,ow
w,w
m,m
dx,dx
s,s
sh,sh
kcl,kcl
ux,ih
ao,ao
ih,ih
eh,ix
ow,ow
t,b
p,f
tcl,pcl
p,p
eh,eh
s,s
ao,ao
kcl,kcl
l,r
ay,ay
l,l
ay,ay
iy,iy
s,s
iy,ux
pcl,kcl
g,g
q,q
er,er
r,r
bcl,pcl
ux,ix
iy,iy
iy,ih
axr,r
w,w
ix,ix
s,s
sh,sh
pcl,pcl
gcl,n
s,s
y,iy
pcl,tcl
ux,ng
ey,ey
l,l
q,q
m,n
y,y
v,v
dh,f
s,s
ch,t
n,n
eh,eh
w,w
dcl,dcl
ix,ih
y,y
ae,ae
r,r
ow,ow
ow,ow
eh,ah
d,d
hv,hv
t,t
dh,n
y,y
axr,axr
ix,r
r,r
m,n
r,axr
iy,iy
k,k
iy,iy
ix,ih
aa,aa
ix,ix
axr,ix
v,dcl
axr,axr
dx,dx
er,axr
pcl,dcl
ch,ch
dh,dh
ix,ix
er,ao
w,w
y,jh
ah,ah
w,q
pcl,pcl
uh,ix
ng,ng
p,p
l,ng
ow,ao
er,axr
ah,ah
ix,ix
w,w
l,l
iy,iy
bcl,bcl
eh,ih
ih,ih
y,iy
iy,iy
ax,ah
kcl,tcl
aa,aa
l,l
b,b
ey,iy
ax,ah
iy,iy
q,q
axr,axr
dcl,dcl
dcl,dcl
ih,ih
l,el
aw,aw
ay,ay
d,d
l,l
ao,ao
q,q
ao,ao
v,v
en,n
gcl,gcl
ey,ey
ow,ow
v,v
ey,ih
ax,ax
pcl,tcl
ey,ey
ae,ae
axr,r
p,p
tcl,tcl
n,ng
d,t
l,l
ay,ay
ay,ay
th,t
s,s
m,m
l,l
k,k
l,l
z,z
jh,t
ao,aa
axr,er
s,s
k,k
ng,ng
t,t
q,q
t,t
kcl,kcl
jh,jh
iy,ih
ih,ih
n,n
aa,aa
ux,ux
pcl,bcl
aa,aa
ix,ix
ah,ah
q,q
tcl,dcl
l,l
pcl,pcl
y,iy
ax,ax
ng,ng
r,r
iy,iy
v,n
ey,ey
bcl,tcl
t,t
axr,ng
bcl,kcl
ix,ix
s,s
ih,ix
ix,ix
l,l
l,l
tcl,kcl
n,n
ao,ao
y,y
ih,ih
r,r
kcl,k
m,m
ax,ax
dcl,tcl
iy,iy
tcl,tcl
m,n
hv,hv
y,g
ih,ix
gcl,gcl
q,q
kcl,kcl
l,m
el,el
aa,aa
s,s
ae,ae
iy,ix
z,z
m,m
ix,ih
ix,ix
iy,iy
ow,ow
ux,ih
k,k
hh,hh
ih,iy
b,b
ax-h,ix
ay,ay
dcl,dcl
dh,dh
s,s
ch,ch
ow,ow
ao,ao
z,s
dcl,dx
pcl,kcl
r,r
m,m
l,w
ae,ae
n,q
ao,ao
ax,ax
l,l
v,v
v,v
r,r
kcl,pcl
r,r
pcl,m
q,q
z,z
ao,ao
r,r
ax,ax
n,n
ix,ix
q,q
el,el
n,l
iy,iy
z,z
r,r
iy,iy
ax,ax
n,dcl
axr,ix
ow,ow
ix,ix
w,w
t,ch
k,k
ow,eh
ah,aa
g,g
m,m
iy,ix
pcl,pcl
ao,ao
ih,ix
s,s
ih,ih
ih,ih
pcl,pcl
axr,r
ng,ng
kcl,pcl
r,r
iy,ix
b,p
s,s
zh,sh
r,ix
ao,ao
ao,ao
ah,ah
gcl,gcl
q,q
th,th
iy,ix
ey,ey
ae,ae
ax,n
t,t
pcl,pcl
n,m
m,m
hv,hv
f,f
th,th
nx,n
tcl,dcl
s,s
er,er
eh,ix
uw,uw
iy,iy
ix,ax
ng,ng
s,s
ix,ix
eh,eh
s,s
iy,iy
gcl,gcl
z,z
q,q
dcl,dcl
k,k
eh,eh
axr,axr
ix,iy
ax,ax
v,v
s,s
k,k
f,f
el,el
tcl,tcl
ow,ow
iy,iy
ay,aa
l,l
bcl,bcl
ch,jh
m,r
tcl,tcl
ey,ey
ae,ae
ix,ix
hh,hh
hh,hh
pcl,pcl
ih,ix
eh,ax
ix,ux
ae,ae
ch,jh
y,y
ix,y
aa,aa
s,s
dh,th
eh,ih
eh,ae
hh,hh
ix,ix
l,l
n,ix
ay,ay
aa,aa
z,z
ah,ax
s,s
dcl,dcl
ay,ay
bcl,bcl
tcl,ng
t,t
r,l
dcl,dcl
s,s
t,t
l,l
s,s
ih,eh
gcl,gcl
dcl,bcl
z,s
r,r
l,ow
n,n
ao,ao
ax,ax
uw,ux
n,n
ih,ix
ax,r
iy,iy
r,y
ey,ey
ao,r
jh,jh
l,l
n,ix
dx,dx
ix,ix
ih,ix
n,n
sh,sh
s,s
kcl,kcl
s,s
w,g
r,r
kcl,kcl
dcl,tcl
en,ng
t,t
hh,hh
ae,eh
uh,uh
ow,ow
gcl,kcl
ix,ix
dcl,dcl
l,l
ay,ay
ow,l
n,n
axr,er
ih,ih
axr,ux
l,w
s,s
ae,ae
pcl,kcl
ax,l
z,z
iy,ux
ay,aa
k,k
iy,ix
n,n
g,g
q,q
ih,ih
p,p
ae,ae
iy,iy
ix,ix
ax,ix
kcl,kcl
ow,ow
er,r
t,t
kcl,kcl
s,s
q,ah
t,t
pcl,pcl
ix,ix
tcl,tcl
r,r
dcl,pcl
l,l
r,r
z,z
s,s
s,s
ih,ax
ey,ix
t,t
n,n
w,w
r,r
t,t
ax,ax
ix,ix
v,v
kcl,kcl
ay,ay
aa,aa
iy,iy
n,dcl
pcl,pcl
m,n
r,r
q,q
q,gcl
tcl,tcl
d,dh
f,f
r,r
dx,dx
l,l
f,f
pcl,bcl
oy,oy
n,n
n,n
l,l
dh,dh
p,f
ax,el
s,s
tcl,dcl
p,p
tcl,dcl
sh,f
t,t
ax,ax
ay,ay
axr,er
aa,aa
iy,iy
pcl,kcl
n,m
ux,iy
l,r
f,f
p,p
eh,ae
ih,iy
ih,ih
bcl,bcl
ih,ih
er,er
g,g
l,l
ih,ih
ix,r
w,l
axr,uw
t,tcl
eh,eh
ix,en
iy,iy
ae,ae
ow,ow
g,g
aa,aa
ow,ow
v,v
kcl,kcl
m,m
dx,dcl
ae,ix
m,m
l,l
s,s
n,ng
l,l
axr,axr
t,t
dh,dh
m,m
tcl,kcl
kcl,tcl
ae,ae
ix,ih
uh,ix
er,axr
iy,iy
z,z
tcl,tcl
ng,n
l,l
bcl,bcl
m,m
sh,sh
l,l
sh,sh
m,m
pcl,pcl
bcl,bcl
tcl,kcl
l,l
dx,r
s,s
dcl,gcl
l,l
aa,ao
q,q
d,dcl
eh,eh
sh,sh
k,k
n,n
ax,l
r,r
s,s
f,f
ix,ih
l,v
ae,ae
v,r
r,r
nx,n
dh,n
ix,ih
w,w
kcl,kcl
ax,ax
q,q
r,r
ao,aa
l,r
iy,ih
p,p
eh,ih
eh,ey
ux,ux
eh,eh
gcl,bcl
axr,axr
l,l
axr,er
l,l
ah,eh
ae,ae
iy,iy
aw,l
ey,ay
k,g
bcl,pcl
k,k
m,n
k,k
pcl,pcl
ae,ae
aa,aa
iy,iy
iy,ih
bcl,dcl
iy,iy
hh,kcl
l,l
iy,iy
n,ix
ah,ax
ih,ix
ih,ux
iy,iy
ey,ae
n,n
kcl,kcl
tcl,tcl
r,r
r,r
ah,ah
ix,iy
ax,ix
ix,ix
aa,aa
dcl,dcl
z,zh
kcl,kcl
kcl,pcl
d,t
tcl,tcl
kcl,kcl
s,z
q,dx
w,w
dx,dx
r,r
dcl,dcl
v,v
q,q
ah,aa
ax,ax
eh,eh
dcl,pcl
ae,ae
eh,ix
k,g
p,hh
w,w
axr,axr
ux,ux
ix,ix
bcl,bcl
q,q
m,m
w,w
th,dcl
l,l
ey,ey
n,n
r,r
n,n
t,kcl
z,z
n,n
kcl,kcl
l,l
ah,ah
v,v
k,k
pcl,pcl
r,r
g,k
ao,ao
ih,ix
n,n
m,m
ao,ah
s,s
ae,ae
ng,ng
jh,t
axr,axr
dx,p
kcl,kcl
s,t
tcl,pcl
ae,ae
bcl,pcl
er,er
r,axr
ae,ae
sh,sh
dcl,gcl
n,n
dx,n
ey,ey
q,q
f,f
ow,ow
n,n
ux,ux
ay,ay
r,r
ae,ae
s,s
kcl,tcl
axr,axr
s,s
dcl,dcl
dcl,tcl
r,r
s,s
kcl,kcl
n,n
pcl,kcl
s,s
l,l
s,s
dx,dx
ix,ih
hv,hh
l,l
s,s
m,m
r,r
aa,aa
ng,ng
tcl,tcl
n,n
sh,sh
v,v
dh,dcl
m,n
l,el
gcl,gcl
r,r
z,s
r,r
kcl,kcl
ng,gcl
eh,l
ax,ax
ax,ah
k,k
axr,er
k,k
tcl,tcl
uh,uh
ao,aa
tcl,dcl
ay,aa
ao,ao
gcl,gcl
l,l
ax,ix
l,l
dcl,dcl
ix,ix
dcl,dcl
t,t
tcl,kcl
y,y
m,m
ix,ix
kcl,kcl
ae,eh
iy,iy
ae,ae
ax,ax
axr,r
kcl,kcl
p,k
f,f
tcl,tcl
en,bcl
gcl,gcl
ix,ix
eh,eh
axr,r
l,l
f,f
ax,ah
aw,ae
s,s
w,w
p,p
dx,dx
aa,ao
p,b
ey,ih
ow,ow
iy,iy
dcl,dcl
n,n
n,n
dx,dh
l,l
ao,ao
aa,aa
dcl,dcl
f,f
dcl,bcl
n,n
tcl,pcl
p,q
ux,ix
r,r
dcl,dcl
m,m
ey,ih
th,th
w,w
ix,y
r,r
w,w
ch,ch
s,s
sh,sh
uh,ax
ih,ih
ix,ix
ix,ix
z,s
ah,ah
tcl,tcl
s,s
iy,iy
q,ax
r,r
p,p
r,r
r,r
ey,ey
dx,dx
ux,ux
ih,ih
hv,hv
uh,uh
ih,iy
ix,ix
n,n
n,n
w,w
ux,ux
n,n
dx,dx
n,n
y,y
l,bcl
p,p
ay,ay
dcl,dcl
s,s
ih,ih
ax,ax
s,s
ix,ix
ix,ix
sh,sh
tcl,n
uh,ax
m,m
ao,aa
pcl,pcl
iy,ih
f,f
l,w
t,t
k,g
w,w
kcl,kcl
ey,iy
dh,dh
en,en
z,z
n,n
kcl,kcl
s,s
l,ix
th,dh
kcl,kcl
ix,ix
ix,ix
iy,iy
s,s
w,w
kcl,kcl
jh,d
iy,iy
iy,iy
eh,ih
w,r
ih,ix
ch,t
z,z
tcl,tcl
ao,ao
ux,ux
iy,iy
axr,axr
ey,eh
tcl,q
er,er
aa,aa
s,s
dcl,dcl
ao,ao
n,n
r,r
r,r
ay,aa
kcl,kcl
w,w
pcl,pcl
s,s
er,r
t,t
kcl,kcl
r,r
uw,uw
n,n
m,m
ah,ah
r,r
ax,el
ix,ix
d,d
r,axr
q,q
iy,iy
z,z
ix,ix
ux,ux
ae,ae
ow,ih
r,r
l,l
b,p
l,l
r,r
y,q
ih,eh
p,p
ix,ih
l,l
ih,ow
ae,ey
tcl,kcl
dh,dh
er,er
ix,ih
iy,iy
s,s
tcl,tcl
kcl,tcl
sh,sh
kcl,pcl
er,r
iy,iy
ix,ix
l,l
l,el
r,r
q,q
er,er
aw,aw
n,bcl
dx,dcl
ix,n
ow,ow
iy,iy
ow,ow
v,v
y,n
ix,ix
eh,eh
ih,ih
q,q
ih,ih
n,n
ix,ix
s,s
tcl,tcl
l,l
g,g
dh,dh
hh,hh
iy,iy
v,dcl
n,n
v,bcl
sh,sh
k,k
r,r
l,l
iy,iy
l,ax
axr,r
l,m
er,ih
ix,ax
ah,ah
axr,er
ux,uw
r,r
sh,sh
k,k
s,s
w,w
ix,ax
ch,ch
iy,iy
ax,ix
w,w
uw,ih
l,ix
r,r
n,ng
ix,ix
kcl,tcl
iy,iy
p,p
n,n
iy,iy
t,t
f,f
gcl,gcl
ux,ux
ae,ae
t,t
ow,ow
ay,ay
ae,ah
kcl,pcl
ih,ih
n,n
k,k
ae,ae
eh,eh
l,l
r,r
ix,ix
g,g
ih,ih
n,ng
axr,er
ao,ao
s,s
n,n
f,f
er,r
d,d
t,t
axr,er
t,t
tcl,tcl
ae,aa
k,k
n,n
kcl,kcl
w,w
f,f
er,er
tcl,tcl
s,z
bcl,dcl
oy,oy
sh,sh
l,l
n,n
r,r
ay,ay
sh,s
d,t
dx,dx
n,n
ae,ae
dcl,dcl
eh,ae
ao,ao
v,bcl
f,f
d,d
axr,axr
f,f
l,l
dcl,dcl
ix,ax
r,r
eh,eh
l,l
tcl,bcl
bcl,bcl
p,p
iy,iy
ey,ey
q,q
kcl,pcl
iy,iy
f,f
axr,r
y,y
ah,ix
s,s
q,ix
eh,eh
er,er
dcl,dcl
p,p
m,m
axr,er
ao,ao
aa,aa
iy,iy
q,q
r,r
ng,ng
l,ax
g,k
s,s
eh,eh
axr,ix
s,s
tcl,pcl
eh,ae
aa,ay
q,q
m,m
p,p
ae,ae
l,l
q,q
z,z
ih,ih
axr,axr
ah,ah
ae,ae
ey,ey
n,n
r,r
k,k
ix,ix
m,m
ow,ow
gcl,gcl
iy,d
l,ax
l,l
ae,ae
er,axr
iy,iy
iy,iy
ix,ax
s,s
axr,axr
iy,iy
l,l
pcl,pcl
uw,ih
l,uw
ix,ix
z,z
s,s
n,n
k,k
ix,ix
n,n
ax,ax
k,k
dh,t
k,k
aa,aa
t,t
sh,sh
f,f
ax-h,ax-h
z,z
er,r
z,z
ow,l
sh,sh
ah,ih
el,l
bcl,dcl
tcl,tcl
kcl,kcl
r,r
sh,sh
pcl,pcl
k,k
l,l
ix,ix
ay,ay
ng,n
ng,ng
ix,iy
ao,ao
iy,iy
k,k
n,gcl
tcl,m
ng,ng
pcl,tcl
tcl,tcl
r,r
aw,aw
ae,ae
l,l
t,d
s,th
ix,ix
s,s
s,s
ih,ih
w,r
dh,dh
t,t
y,ng
n,n
ih,ih
tcl,tcl
k,k
m,n
m,m
kcl,pcl
ih,ix
oy,oy
dcl,dcl
kcl,kcl
eh,eh
n,n
r,r
q,q
axr,axr
pcl,tcl
ah,ah
r,r
l,l
ah,aa
r,r
ch,ch
aa,aa
er,er
k,k
iy,iy
g,g
eh,eh
tcl,g
s,s
ax-h,ax-h
d,d
iy,ih
tcl,kcl
dx,dx
ch,ch
gcl,gcl
ah,ah
s,s
ix,iy
l,l
ax,el
eh,eh
kcl,kcl
dh,dh
aa,aa
r,r
ch,ch
ix,ix
dcl,dcl
g,g
ix,ng
tcl,kcl
ah,ix
r,r
y,ix
ey,ey
ih,ey
m,n
dh,t
r,r
iy,iy
iy,iy
pcl,pcl
pcl,pcl
ux,ix
q,q
n,v
dx,dx
n,n
dcl,dcl
pcl,bcl
eh,ih
r,r
ah,ax
t,t
ih,ix
oy,oy
l,l
k,k
ae,ah
ae,ae
er,er
s,s
dx,dcl
eh,ix
ao,ao
p,b
ae,ae
w,l
axr,axr
iy,iy
q,ax
el,w
n,ng
s,s
tcl,tcl
sh,sh
iy,iy
ax,ix
l,l
l,l
w,b
dcl,tcl
dh,dh
dcl,ax-h
jh,jh
tcl,tcl
ow,ow
aa,ao
eh,ih
axr,ix
ix,r
s,s
d,d
ix,ix
iy,iy
l,l
jh,t
ay,ay
m,m
r,r
ay,ay
n,n
w,w
l,l
ae,ae
m,m
l,l
n,n
s,s
ax,ax
iy,iy
y,r
ey,ey
kcl,gcl
tcl,tcl
aa,ao
n,n
iy,iy
ih,ih
l,l
n,bcl
ih,ih
ao,ow
eh,eh
sh,sh
ax,ax
kcl,kcl
z,z
q,q
dcl,dcl
iy,iy
f,f
ah,ah
gcl,gcl
v,n
r,w
s,s
bcl,bcl
ay,aa
n,n
ow,ao
z,s
q,q
ax,uw
ax,r
s,s
n,ix
uw,uw
r,r
tcl,dcl
axr,er
tcl,tcl
sh,s
bcl,bcl
n,n
s,s
s,s
l,l
m,ng
th,f
axr,axr
hv,hv
r,r
k,k
uh,uh
f,th
z,s
k,k
ih,iy
iy,iy
ih,ah
z,z
kcl,kcl
w,l
sh,sh
l,l
hv,hv
aa,aa
ih,r
dcl,gcl
tcl,bcl
ix,ix
s,s
eh,ix
tcl,tcl
ix,ix
dh,t
uh,ih
r,r
ix,ix
r,r
l,l
eh,eh
v,v
l,l
q,q
w,w
aa,aa
g,g
q,q
r,r
ow,ow
ae,ae
z,z
el,ah
s,s
w,w
s,s
ix,ix
ey,ey
r,r
iy,ih
n,n
dcl,bcl
f,f
zh,jh
d,d
iy,iy
ax,ax
ay,ay
l,l
b,b
ao,ao
ix,ix
ux,ux
n,dcl
iy,iy
q,q
ux,ux
el,el
t,t
ay,ay
k,k
ch,ch
l,el
ax,ah
aa,ao
el,el
ay,ay
iy,iy
dcl,dcl
bcl,bcl
v,v
v,v
y,y
ae,eh
p,p
kcl,kcl
ae,ae
ow,l
z,z
aa,aa
th,f
ax-h,k
tcl,tcl
dcl,dcl
r,r
r,r
ih,ih
eh,ix
p,p
r,r
n,n
w,w
ay,ay
w,w
ix,iy
dcl,tcl
ix,ix
r,r
hv,r
n,n
r,r
th,dh
m,m
r,ix
er,er
t,t
ih,ih
dcl,dcl
iy,iy
tcl,pcl
kcl,tcl
z,z
ih,iy
ih,ih
p,p
s,s
v,f
pcl,pcl
n,n
r,r
eh,eh
ay,aa
kcl,kcl
eh,ih
gcl,dcl
m,m
ng,ng
w,w
p,p
ay,ay
s,s
f,p
ay,ay
ax,ih
ae,ae
kcl,kcl
pcl,tcl
k,kcl
iy,iy
n,n
ah,ow
uh,ax
m,m
pcl,m
dx,dx
eh,ih
q,dcl
axr,r
k,k
s,s
l,l
p,p
kcl,kcl
f,f
dcl,dcl
ch,t
q,q
l,l
v,v
ax,ax
dcl,dcl
sh,sh
w,r
dx,dx
n,n
t,t
pcl,tcl
s,s
n,n
ah,ah
iy,iy
z,s
ih,ix
w,l
kcl,kcl
sh,sh
ih,ih
r,r
ax,ix
ix,ix
iy,iy
t,t
z,s
w,w
tcl,tcl
r,r
l,l
ix,ix
kcl,tcl
uw,uw
n,n
k,k
iy,iy
hh,hh
l,l
ih,ih
ae,ae
ih,ih
ih,ih
f,f
w,w
ax,l
s,s
dx,dx
tcl,tcl
axr,ix
gcl,gcl
p,p
ae,ae
ow,ow
r,r
jh,jh
s,s
ae,ae
dcl,bcl
ah,ah
ay,ay
l,l
sh,sh
k,k
kcl,tcl
aa,aa
sh,sh
l,m
ix,ih
l,l
tcl,dcl
ix,ix
l,l
z,z
kcl,kcl
n,n
r,r
ch,ch
bcl,pcl
eh,eh
er,er
w,w
s,s
uh,ax
gcl,dcl
hh,hh
iy,iy
eh,ae
tcl,tcl
bcl,bcl
s,s
r,ix
dh,dh
s,s
ah,ah
aw,aw
ow,ow
kcl,kcl
axr,axr
hh,hh
n,gcl
dh,t
l,l
ae,ae
w,w
y,y
er,er
ao,aa
t,t
dh,dh
ax,ix
n,n
dcl,dcl
q,q
q,q
hh,tcl
w,w
g,k
t,t
ax,ax
r,r
ng,ng
ix,ih
r,r
el,el
p,p
nx,m
gcl,kcl
hh,p
ix,ix
k,k
tcl,kcl
r,r
p,s
iy,iy
s,s
ix,ix
v,v
ih,ih
tcl,tcl
d,d
ix,ix
ix,ix
ah,ah
iy,iy
dh,dh
ih,ih
kcl,tcl
ix,ih
s,s
n,n
s,s
jh,t
ax,ax
dh,dh
iy,iy
th,f
ch,k
ix,ix
hv,hv
v,gcl
s,s
sh,ch
ah,ix
ih,ih
ih,eh
z,z
pcl,kcl
sh,sh
r,r
ih,ix
q,q
ah,ax
ix,ih
n,n
q,tcl
jh,jh
k,g
ih,ix
k,k
tcl,tcl
dx,dx
n,dcl
f,f
gcl,gcl
gcl,gcl
kcl,kcl
iy,ix
ao,ao
ae,ae
ch,ch
kcl,kcl
l,l
m,m
m,m
l,ax
aw,ae
axr,axr
q,q
n,n
ay,ay
sh,sh
ao,aa
tcl,tcl
r,r
r,aa
tcl,tcl
w,ao
iy,iy
hh,hv
m,m
v,dcl
dcl,bcl
s,s
m,m
ih,iy
ax,ax
r,r
l,l
ix,ih
z,z
aa,aa
l,l
l,l
g,g
ao,ao
eh,ae
ix,ih
m,m
hh,f
dh,dh
ao,ao
s,s
s,s
v,v
m,ix
ix,ix
ah,ah
dcl,dcl
m,m
iy,iy
bcl,bcl
eh,eh
n,n
el,ao
w,w
t,t
pcl,pcl
axr,r
hh,g
ow,eh
dx,k
gcl,tcl
tcl,tcl
l,v
ay,ay
er,er
ah,ah
k,k
r,r
ix,ix
axr,er
z,z
tcl,tcl
w,w
p,p
ih,ih
r,r
r,r
t,t
s,s
w,w
t,t
ux,ux
kcl,kcl
oy,oy
r,r
v,v
axr,ix
eh,eh
v,f
ch,ch
eh,ih
tcl,kcl
s,s
bcl,bcl
tcl,tcl
ay,ay
uh,uh
kcl,kcl
ay,ay
v,v
r,r
tcl,tcl
ix,ih
bcl,dcl
s,s
iy,iy
ay,ay
ey,ey
tcl,tcl
uw,q
iy,iy
p,p
ah,ae
ix,ih
oy,oy
oy,oy
n,n
l,l
n,n
ix,ax
g,k
v,v
s,s
kcl,kcl
f,f
iy,iy
kcl,k
dx,dx
k,k
s,s
iy,iy
ux,ux
p,dh
f,f
z,s
ih,ix
ih,ih
s,s
ix,ix
el,el
ix,ix
kcl,kcl
r,r
hh,hv
el,uw
dcl,dcl
kcl,kcl
s,s
k,k
aa,aa
t,t
ah,ah
ax,ax
ih,ix
iy,ey
z,z
k,k
ix,ix
er,er
nx,nx
er,er
iy,ix
pcl,bcl
v,v
t,t
l,l
f,f
hh,hh
l,l
dh,t
iy,iy
n,n
iy,iy
ey,ey
kcl,pcl
s,s
hv,hv
iy,iy
t,t
z,z
ae,eh
eh,ae
n,n
eh,ih
ax,ix
f,f
k,k
tcl,tcl
ch,ch
hv,hv
gcl,gcl
uh,ax
kcl,kcl
f,f
iy,iy
r,r
kcl,gcl
t,t
f,f
y,y
m,m
ch,ch
s,s
p,p
ch,ch
ih,ix
ay,ay
sh,sh
l,l
y,y
ey,ey
kcl,kcl
ao,ao
oy,oy
z,s
t,t
y,ih
eh,ow
n,bcl
ay,ay
uw,ux
s,s
l,v
tcl,kcl
ix,r
t,t
dx,dx
dx,kcl
en,n
ax,ih
r,r
y,y
pcl,pcl
ao,ao
ix,ix
dcl,pcl
ax,ax
dcl,tcl
ay,ay
ng,kcl
tcl,tcl
tcl,tcl
k,k
w,ax
aa,aa
w,l
ax,el
uw,uw
er,r
ey,ey
er,uw
ey,ih
r,r
k,k
dcl,tcl
iy,iy
tcl,tcl
n,n
er,er
ix,ix
ay,ay
n,n
ux,ux
er,axr
iy,iy
kcl,kcl
eh,eh
k,k
ay,ay
s,s
ow,ow
r,r
iy,iy
kcl,kcl
tcl,dcl
k,k
ih,ih
n,n
ao,ao
tcl,kcl
kcl,kcl
iy,iy
ix,ix
ix,ix
f,f
ae,ae
ng,ng
r,r
k,g
pcl,pcl
iy,iy
el,el
er,er
el,ax
l,l
iy,iy
dcl,dcl
ix,r
n,n
eh,eh
ax,ax
r,r
n,n
kcl,tcl
el,el
nx,nx
ih,ih
pcl,kcl
tcl,tcl
ao,ao
iy,iy
iy,iy
iy,iy
z,z
tcl,ix
s,s
tcl,dcl
g,g
er,axr
sh,s
r,r
aa,ao
gcl,gcl
ih,ih
ow,ow
n,n
w,w
v,v
dcl,dcl
k,k
eh,eh
tcl,tcl
dh,dh
ix,ix
ax,ax
m,m
dcl,bcl
p,p
ih,ih
ey,eh
ng,n
iy,iy
ow,ow
pcl,pcl
s,s
aa,aa
r,r
ih,ih
pcl,tcl
axr,axr
z,z
axr,axr
z,s
dcl,dcl
sh,sh
ix,ix
p,p
l,l
uw,uw
l,l
jh,jh
dh,dh
r,r
q,q
iy,iy
bcl,bcl
tcl,en
p,p
ow,ao
aa,ae
ax,ax
er,axr
s,s
ay,ay
ah,ah
g,g
ax,ax
ih,ih
iy,iy
dh,dh
ae,ae
ax,ix
iy,iy
axr,r
n,n
ah,ah
aa,ao
ey,ih
uh,ax
gcl,kcl
iy,iy
eh,ax
n,n
ng,ng
ix,ih
dh,dh
aa,aa
iy,iy
t,dh
sh,sh
ao,ao
s,s
p,p
iy,iy
iy,iy
iy,iy
ih,ih
er,er
sh,sh
l,l
ix,ax
t,t
ix,ax
k,k
ix,ix
m,m
k,k
dcl,dcl
g,k
p,p
v,v
oy,oy
y,y
s,s
dx,dx
iy,iy
ae,ae
r,er
dcl,pcl
n,gcl
f,f
v,v
ay,aa
l,l
m,m
eh,eh
q,q
pcl,tcl
t,t
k,k
kcl,kcl
m,m
l,l
ih,eh
r,r
tcl,ng
ah,ah
n,ng
ix,ix
r,r
n,n
ih,ih
kcl,kcl
eh,ih
iy,iy
r,r
ix,n
l,l
bcl,bcl
ow,ow
p,hh
tcl,tcl
ah,ax
th,v
th,th
ih,ih
ix,ix
ao,ah
hv,hv
ix,ix
ay,ay
n,n
hv,hv
ey,ey
s,s
iy,iy
dx,dx
w,w
dx,dx
v,v
bcl,bcl
ih,ih
ah,eh
kcl,tcl
r,r
ih,ix
pcl,pcl
s,s
l,l
hh,hh
ao,ow
hh,hh
eh,eh
iy,iy
kcl,kcl
n,n
kcl,kcl
hv,hv
ux,ux
ch,ch
kcl,kcl
w,w
k,k
g,k
ae,ae
tcl,b
r,r
gcl,bcl
ow,ah
r,r
q,q
r,r
sh,sh
ax,ix
n,n
en,en
ae,eh
w,l
ux,ux
f,f
ix,ix
r,r
s,s
tcl,pcl
n,n
pcl,pcl
r,r
dcl,dcl
axr,axr
kcl,gcl
n,n
z,s
kcl,kcl
dcl,dcl
sh,sh
g,g
s,s
z,z
uh,el
s,s
v,v
q,q
iy,iy
t,t
gcl,gcl
sh,sh
dh,dh
l,l
ix,eh
ay,ay
s,s
n,n
kcl,kcl
dcl,dcl
p,p
pcl,pcl
b,b
l,l
ux,ux
eh,eh
k,k
ah,aa
pcl,pcl
ey,ey
ch,s
v,v
v,v
ux,ux
dcl,bcl
z,z
pcl,pcl
eh,ae
axr,r
q,tcl
s,s
z,z
ih,ih
el,l
l,l
r,r
axr,r
ax,ax
v,v
er,er
m,m
pcl,pcl
v,v
ix,ih
ux,ux
pcl,v
l,l
ah,ix
kcl,kcl
ey,ey
ah,ah
kcl,kcl
kcl,kcl
z,s
el,el
iy,iy
z,s
ch,ch
l,l
n,n
s,s
eh,ih
t,t
gcl,bcl
k,k
aa,aa
g,g
kcl,tcl
ow,ow
q,q
tcl,dcl
d,t
n,n
iy,iy
axr,r
ey,ey
r,r
oy,oy
gcl,kcl
v,v
r,r
z,z
dx,dx
dcl,dcl
r,r
ey,ey
n,n
aa,r
uw,uw
aa,aa
n,ix
n,m
ax,ix
oy,oy
ay,ay
f,f
axr,r
ao,ao
ax,ah
kcl,tcl
pcl,pcl
ey,ey
l,el
gcl,gcl
w,w
n,dcl
en,ux
iy,iy
eh,ae
sh,sh
dx,dx
dcl,bcl
n,nx
axr,axr
kcl,kcl
l,l
w,w
gcl,gcl
gcl,dcl
ih,ih
axr,r
g,g
l,l
ih,ih
ow,ah
ix,ux
v,v
w,w
ux,ux
w,uw
z,z
kcl,kcl
oy,oy
dcl,dcl
m,m
el,el
n,n
t,t
ao,ao
el,el
iy,iy
l,l
eh,eh
q,r
ao,ao
q,n
n,ix
ix,ih
r,r
dcl,dcl
r,r
ow,ow
v,v
gcl,gcl
l,l
n,n
em,m
p,p
ih,ih
ax,ax
w,ao
ux,ix
ax,ax
s,s
ao,aa
ae,ae
t,t
axr,axr
hv,hv
uh,ih
n,n
r,r
s,s
axr,axr
axr,axr
gcl,pcl
tcl,tcl
f,f
r,r
v,v
ih,ih
dcl,tcl
z,z
ow,ow
ax,ix
f,f
iy,iy
ix,ix
iy,ih
s,s
ix,ix
ah,ah
s,s
n,dcl
q,q
v,v
ae,ae
ey,ih
l,l
gcl,ix
eh,eh
k,k
q,q
pcl,pcl
ax,ah
ng,n
tcl,gcl
ae,ae
w,w
dcl,dcl
dx,dx
tcl,tcl
b,p
t,t
uh,ix
er,axr
v,v
ch,ch
iy,ih
ax,ax
p,p
axr,r
y,y
w,w
q,q
eh,eh
ix,ix
z,z
k,k
w,w
ao,ah
m,n
w,m
n,ix
ix,ix
er,er
ih,ih
r,er
ax,ah
l,l
iy,iy
n,n
l,l
hv,hv
k,k
dh,ix
kcl,kcl
l,el
r,r
axr,r
dcl,gcl
dcl,tcl
n,n
iy,iy
dcl,dcl
ih,ih
aa,aa
t,d
m,m
g,k
ay,ah
ah,ow
l,l
s,s
er,r
dcl,bcl
r,r
z,s
ow,ow
aa,aa
kcl,kcl
iy,iy
iy,iy
iy,iy
kcl,kcl
d,t
ux,ih
eh,ae
jh,ch
iy,ix
t,t
ih,ih
m,l
r,r
s,s
l,l
ux,ux
ix,ax
eh,eh
ae,ae
l,l
iy,iy
tcl,pcl
th,th
r,r
n,n
kcl,kcl
el,ax
s,s
l,l
kcl,tcl
w,w
ix,ix
sh,sh
tcl,tcl
el,ax
z,z
hv,hv
ao,ao
ix,ix
n,m
ix,ix
kcl,kcl
q,q
gcl,n
l,el
dx,dx
q,q
l,l
eh,eh
tcl,tcl
sh,sh
bcl,pcl
dcl,dcl
q,q
s,s
kcl,kcl
y,y
aa,aa
kcl,kcl
dcl,gcl
s,s
ux,ux
n,n
ix,ix
eh,eh
ay,ay
p,p
aa,r
tcl,kcl
n,n
sh,s
r,r
m,n
pcl,pcl
ah,ah
en,ah
axr,r
r,r
w,w
aa,aa
kcl,kcl
pcl,pcl
kcl,kcl
tcl,tcl
m,m
ae,ae
dcl,dcl
ah,eh
kcl,kcl
iy,ih
k,k
n,n
tcl,kcl
r,r
pcl,kcl
r,r
ao,ao
iy,iy
ay,aa
ix,ix
ow,ow
l,l
tcl,pcl
dcl,dcl
iy,iy
pcl,dcl
iy,iy
eh,eh
ay,ay
q,q
kcl,kcl
ix,ix
m,n
t,t
bcl,bcl
w,l
tcl,bcl
axr,axr
iy,iy
gcl,gcl
iy,iy
ae,ae
sh,sh
b,b
axr,er
dx,r
z,ax-h
ux,ux
th,f
q,q
ux,ux
bcl,dcl
th,dh
ey,ey
y,ih
n,n
iy,iy
dcl,pcl
v,v
s,s
k,k
dx,n
n,n
m,gcl
v,v
tcl,pcl
w,w
tcl,kcl
t,t
r,r
er,axr
ix,iy
m,m
tcl,kcl
ah,aa
ih,ih
w,w
ix,ix
t,t
oy,oy
w,w
r,axr
tcl,t
ix,ix
axr,eh
aa,aa
t,t
ao,ao
l,l
f,f
dh,dh
ao,ao
dcl,dcl
tcl,tcl
s,s
kcl,kcl
iy,iy
w,w
ix,tcl
aa,aa
ao,ao
bcl,dcl
ae,ay
ih,ih
n,n
pcl,pcl
ix,ih
th,th
y,y
hh,k
n,v
tcl,tcl
l,l
iy,iy
n,em
m,m
ey,ey
bcl,dcl
er,axr
ay,oy
s,s
ao,aa
ae,ae
axr,axr
tcl,tcl
s,s
dx,dcl
kcl,dcl
ix,ix
m,m
bcl,bcl
ix,ix
ih,ih
ao,ao
iy,iy
ux,ih
ix,ix
aa,aa
ix,ax
axr,r
iy,iy
iy,iy
ow,ow
er,er
n,n
kcl,kcl
ow,ow
l,l
ey,ey
ae,ae
dcl,dcl
b,g
eh,eh
axr,r
iy,iy
ah,ah
s,s
z,z
ch,jh
iy,iy
ao,ao
iy,iy
kcl,tcl
ix,ix
ax,ix
s,s
p,b
m,m
th,dh
l,l
iy,iy
z,z
ow,ow
jh,jh
pcl,kcl
kcl,kcl
y,y
tcl,kcl
ih,ah
n,tcl
ih,ih
oy,oy
ah,ax
d,g
s,s
eh,eh
tcl,tcl
ih,ix
p,p
z,s
kcl,tcl
ow,ow
er,er
ow,ow
axr,ax
v,v
er,er
ix,r
ih,y
l,l
w,w
n,n
v,v
r,r
ao,aa
ax-h,hh
d,k
ng,n
kcl,tcl
iy,iy
ow,aw
bcl,dcl
kcl,kcl
dcl,bcl
ao,ao
aw,ae
aa,aa
s,s
th,th
r,r
n,dcl
ao,ao
m,m
iy,iy
v,v
s,s
th,tcl
dcl,dcl
en,ix
ng,ng
d,g
kcl,kcl
l,l
v,v
d,tcl
dh,dh
w,w
k,k
ao,ow
l,ng
ao,ao
z,z
iy,ih
m,n
n,n
tcl,tcl
ah,ax
ay,ay
ow,ow
n,ng
er,axr
q,q
q,q
kcl,kcl
n,n
ey,ey
v,ix
dcl,dcl
v,v
g,g
ae,ae
t,t
n,n
iy,iy
ey,ey
ix,iy
ax-h,kcl
ix,ix
axr,axr
k,k
n,n
p,g
sh,sh
k,k
s,s
ih,ih
q,q
ix,ax
p,p
ix,ix
s,s
tcl,tcl
v,v
z,z
q,q
r,r
m,m
ix,ux
ey,ix
aa,ao
l,l
g,dh
ux,ux
pcl,pcl
ao,ao
k,k
ix,ix
eh,ae
ih,ix
aa,ao
aa,aa
ix,hv
d,d
v,v
t,k
ax,ax
iy,iy
eh,ae
gcl,gcl
ao,ao
m,n
y,iy
axr,axr
l,l
q,q
ao,ao
ao,ao
eh,ih
el,el
ux,ux
l,l
l,l
tcl,dx
v,v
ae,ae
k,k
n,n
s,s
aw,aw
s,s
r,r
ix,ix
uh,uh
v,f
ae,ae
s,s
k,k
l,l
d,dcl
iy,iy
l,l
ih,ih
tcl,bcl
er,uw
eh,eh
iy,iy
ng,m
ix,ix
m,n
iy,iy
sh,sh
f,f
k,k
ax,ax
ax,ax
n,n
th,dh
kcl,kcl
v,dx
ax,ax
l,ix
ch,t
aa,aa
s,s
eh,eh
l,q
n,n
tcl,tcl
tcl,tcl
n,n
l,l
ae,ae
tcl,pcl
pcl,kcl
nx,nx
t,t
tcl,kcl
dcl,g
ey,ey
s,s
ix,ix
oy,ao
m,n
k,k
er,er
ih,ix
er,r
l,ax
pcl,pcl
tcl,pcl
w,w
z,z
ix,ix
dx,ix
ow,ao
s,s
ix,ix
gcl,ng
ng,ng
iy,iy
ih,iy
z,z
dh,dh
tcl,dcl
dcl,dcl
d,dh
s,s
ih,ih
ih,ax
el,ow
r,r
ay,ay
eh,eh
ix,ix
axr,ix
l,l
k,k
ih,ih
r,r
z,z
l,l
iy,iy
s,s
w,r
dcl,tcl
g,g
l,l
er,aa
dcl,tcl
t,t
iy,iy
iy,iy
aa,aa
dcl,tcl
s,s
ey,ey
aa,aa
bcl,bcl
ao,ao
ax,ax
k,k
z,z
m,m
r,r
ao,aa
ay,ay
tcl,tcl
s,s
jh,jh
n,n
eh,ah
r,r
ae,aa
k,k
iy,iy
v,f
m,m
ix,ix
f,f
uw,uw
z,s
ey,ey
g,g
l,q
sh,sh
ay,ay
r,r
kcl,tcl
m,m
ax,ax
ix,ix
ae,ae
ih,ih
ux,uw
nx,nx
dcl,dcl
tcl,tcl
z,z
dx,dx
jh,jh
iy,iy
n,n
aa,aa
l,ao
ih,ih
oy,oy
axr,axr
k,k
eh,ae
iy,iy
ix,ih
ae,ae
ae,ae
d,d
gcl,gcl
ax,ah
d,t
pcl,pcl
zh,zh
er,er
s,s
bcl,bcl
f,f
n,n
ih,ih
r,r
aa,aa
t,s
q,q
iy,ix
s,s
s,s
ao,ao
ix,r
ao,ao
ih,ih
m,m
ih,hv
n,v
k,g
k,k
uh,ax
ux,ux
axr,axr
m,m
aa,aa
dh,dh
aw,aw
aa,aa
hh,hv
aw,ah
dh,dh
n,n
th,th
l,l
kcl,pcl
axr,r
ae,ae
axr,r
ao,ao
dcl,dcl
ao,ah
q,q
tcl,pcl
g,g
l,l
ax,ax
t,t
tcl,dcl
ow,ow
dh,t
n,ng
aa,aa
m,m
aa,ao
ao,ao
l,l
ax,ax
p,p
q,q
eh,eh
g,k
ax,ih
eh,ah
n,n
t,t
n,n
axr,axr
t,t
ih,eh
iy,iy
s,s
ay,ay
ao,ao
eh,er
s,s
p,b
ow,ow
l,ax
s,s
n,n
bcl,bcl
p,p
aa,aa
ao,aa
ih,ih
ax,ax
ey,ey
eh,r
ae,eh
dx,dx
q,q
gcl,pcl
ae,ae
l,l
n,ng
ah,aa
hv,hv
iy,y
iy,iy
ae,eh
pcl,tcl
ix,ix
k,k
z,s
n,n
n,n
w,r
iy,iy
t,t
m,ng
r,r
r,axr
ng,ng
eh,iy
iy,iy
ax,ah
r,r
r,r
r,r
pcl,kcl
w,w
ih,ih
n,n
iy,iy
iy,iy
ah,ah
axr,axr
kcl,tcl
tcl,gcl
gcl,dcl
hh,hv
f,f
eh,eh
ay,ay
oy,oy
dx,dx
z,z
ao,ao
tcl,kcl
s,f
nx,nx
n,n
ix,ih
ih,ih
er,axr
s,s
z,z
tcl,pcl
ix,ix
axr,axr
ae,ae
m,n
w,w
l,l
sh,sh
bcl,dcl
l,l
tcl,tcl
tcl,pcl
ix,ix
f,f
v,v
s,z
s,s
em,n
s,s
ux,ux
r,r
ix,ih
ey,ey
m,m
dcl,tcl
l,l
n,n
sh,sh
b,b
kcl,kcl
ax,bcl
v,v
n,n
kcl,kcl
l,l
ih,ih
tcl,tcl
ih,iy
ix,ih
ey,iy
el,el
ah,aa
m,m
kcl,kcl
l,l
t,t
axr,ax
z,s
hv,hv
l,l
ah,ah
ih,ih
n,n
ch,ch
dh,dh
tcl,tcl
ih,ix
hh,hh
ow,ow
dcl,kcl
oy,ay
ih,ih
ow,ow
tcl,kcl
ao,ao
ix,iy
ix,ix
th,f
ax,ix
ay,aa
s,s
kcl,kcl
r,r
n,n
ih,ih
y,y
s,z
iy,iy
q,q
kcl,kcl
r,r
ah,aa
axr,r
ix,ix
m,m
ax,ax
eh,ae
dcl,dcl
ao,ao
g,k
ih,ih
dcl,dx
z,s
aw,aw
ix,ix
ey,ey
l,ax
y,y
s,s
ao,ao
ax-h,tcl
ih,ih
ah,ah
tcl,t
q,tcl
er,er
ih,ih
r,r
ix,ix
pcl,tcl
dx,ax-h
ux,ux
dcl,dcl
ch,ch
g,g
dh,dh
tcl,kcl
ux,ux
ix,ix
iy,iy
n,n
ih,ih
nx,n
ay,ay
n,n
axr,r
n,n
q,q
pcl,tcl
ae,ae
eh,ae
nx,g
ey,ey
r,r
r,r
k,k
ax,ax
n,n
f,f
l,l
axr,r
ay,ay
ix,ix
n,n
ax,ax
s,s
en,ax-h
l,v
pcl,tcl
bcl,pcl
n,n
tcl,kcl
er,er
ao,ao
aa,aa
tcl,tcl
t,t
aa,aw
iy,iy
q,dcl
axr,axr
n,n
l,l
ao,aa
ix,ix
dx,dx
hv,hv
q,q
iy,iy
y,ix
axr,axr
ah,ae
er,er
er,er
k,k
en,ng
v,v
l,l
kcl,kcl
hh,hh
ae,ae
r,r
m,m
f,th
q,ax
ih,ih
f,f
bcl,bcl
z,z
ih,ih
sh,sh
em,n
ih,ih
s,z
dcl,dcl
w,w
n,ix
v,ax
kcl,kcl
ao,ao
ax,ah
nx,nx
tcl,tcl
ix,ix
bcl,gcl
z,z
ih,ih
dh,t
dx,dx
l,l
ix,ih
m,m
v,v
ow,ow
m,n
ix,ix
pcl,tcl
aa,ao
iy,iy
el,el
ae,ae
uw,uw
axr,eh
ix,ix
ix,ih
bcl,bcl
ah,ah
ix,ix
sh,sh
n,ng
tcl,tcl
s,s
dx,dx
bcl,bcl
ah,ah
k,k
k,k
r,r
z,z
axr,er
m,n
iy,iy
dcl,pcl
n,n
k,k
t,t
w,w
s,s
z,s
pcl,pcl
ax,ax
r,r
ih,ih
s,s
sh,sh
ah,ah
eh,eh
s,s
f,f
n,n
ey,ey
tcl,tcl
ih,ih
f,f
aa,aa
m,m
s,s
f,f
iy,ix
r,r
q,q
dcl,dcl
q,q
w,w
dh,dh
iy,iy
dx,nx
bcl,bcl
er,axr
aa,aa
kcl,kcl
r,r
ax,ix
axr,r
ng,n
eh,eh
uh,uw
iy,iy
w,w
sh,sh
el,ax
kcl,kcl
y,y
s,s
jh,zh
ae,ae
ae,ae
axr,ao
jh,t
l,v
eh,ae
ix,ax-h
l,l
pcl,pcl
dx,dx
ah,aa
ae,ae
hv,hv
ah,ah
bcl,bcl
ae,ae
sh,sh
s,s
iy,iy
aa,aa
eh,eh
t,g
s,s
v,v
ux,ux
g,k
l,ao
ix,ix
ow,ih
tcl,pcl
n,n
n,dcl
m,m
sh,sh
dcl,dcl
s,s
tcl,tcl
ix,ix
s,s
s,s
ix,ax
ah,ax
ax,ax
v,v
ay,ay
ae,ae
pcl,kcl
r,r
s,s
ao,aa
l,l
r,r
t,d
iy,iy
tcl,tcl
l,ix
sh,sh
kcl,kcl
r,r
ow,ow
tcl,tcl
ah,aa
w,w
iy,iy
ay,ay
oy,oy
hv,hv
ah,r
ae,eh
dcl,dcl
ao,ah
w,w
f,f
tcl,tcl
aa,aa
er,axr
iy,iy
er,er
ih,ih
er,r
ng,gcl
w,w
w,w
er,er
kcl,kcl
r,r
tcl,q
tcl,tcl
ch,ch
dcl,dcl
gcl,gcl
bcl,pcl
pcl,pcl
ux,ix
z,z
gcl,gcl
dh,tcl
tcl,dcl
kcl,kcl
pcl,dcl
aa,aa
ih,ih
iy,iy
eh,ae
z,z
iy,iy
ay,ay
dcl,ng
s,s
ax,ih
gcl,n
zh,zh
b,b
y,y
s,t
hv,hv
ix,ih
q,q
ix,ix
ng,ng
r,r
k,k
eh,eh
ah,ah
ix,ix
uw,ux
ix,ix
w,w
aw,aw
n,n
ix,ax
ng,ng
k,k
dh,dh
sh,sh
ix,y
l,l
t,t
eh,ih
k,k
dcl,dcl
ow,ow
m,n
s,s
ax,r
l,l
eh,eh
l,l
n,n
s,s
kcl,kcl
hh,hh
ae,ae
w,w
iy,iy
w,m
z,s
bcl,tcl
ux,ux
q,q
k,k
el,ax
r,r
tcl,tcl
tcl,dcl
ax,ax
ao,ao
ix,ix
ix,uw
f,f
kcl,kcl
eh,ae
ay,ay
f,f
ng,ng
iy,iy
l,ow
m,m
l,l
iy,iy
ae,ae
ao,aa
ux,ux
ow,ow
l,l
n,n
sh,sh
ah,ah
ih,ix
l,el
sh,sh
axr,axr
ay,ay
iy,iy
ch,ch
ah,ax
ay,ay
n,ix
ih,ih
ix,ih
iy,iy
v,v
r,r
axr,axr
gcl,gcl
ey,ey
w,w
m,m
uw,uw
ih,ih
er,er
dcl,tcl
bcl,gcl
w,w
s,s
dx,dx
k,t
uh,ix
uw,ux
dh,dh
th,th
m,n
r,r
ax,ih
l,l
axr,ih
ao,ao
hh,hh
n,n
bcl,dcl
b,t
ae,ae
dh,ix
dcl,n
s,z
y,y
eh,eh
k,k
l,l
ow,ow
r,ax
dcl,dx
r,r
r,r
pcl,pcl
w,w
m,m
n,n
n,n
iy,iy
er,er
eh,eh
w,bcl
iy,gcl
l,l
r,r
ih,ih
dh,dh
d,d
iy,iy
g,g
s,s
r,r
ix,ix
ih,ey
l,l
dcl,tcl
ih,ih
ch,jh
ax,ah
ih,ux
ih,ax
m,n
g,g
gcl,dcl
y,y
ux,ux
m,m
ey,ay
ae,ae
aa,aa
s,s
ix,ix
axr,er
t,t
tcl,tcl
m,m
iy,iy
ay,ix
dcl,dcl
pcl,kcl
axr,axr
s,s
f,f
tcl,tcl
th,z
z,t
tcl,kcl
n,n
l,l
w,w
f,pcl
ix,ih
ih,ih
eh,eh
k,g
kcl,kcl
p,p
zh,zh
ix,ix
w,w
ix,ih
tcl,tcl
ay,aa
er,er
kcl,kcl
m,m
ax,ax
n,ix
iy,iy
aa,aa
ay,ay
dh,dh
nx,n
l,l
r,r
tcl,tcl
r,r
axr,r
ch,ch
ae,ih
ey,ey
p,p
axr,axr
er,er
ow,ow
ey,ey
er,er
w,w
s,s
s,s
gcl,dcl
ah,eh
n,n
t,t
l,k
uh,ax
iy,iy
y,y
dcl,dcl
ix,ix
ih,er
m,m
m,n
v,v
pcl,pcl
ih,ix
k,k
sh,sh
l,l
ax,ix
r,r
dh,v
n,n
iy,iy
tcl,pcl
ix,ix
eh,ae
iy,ix
kcl,kcl
tcl,dcl
el,el
l,l
ao,ah
ix,ix
kcl,kcl
ow,ow
kcl,kcl
r,r
ay,ay
ao,ao
r,r
r,r
ix,ix
l,l
eh,ix
dh,b
tcl,tcl
tcl,pcl
w,w
sh,sh
l,uw
z,z
aa,ao
d,d
ah,aa
ae,ae
t,t
w,w
n,n
ae,ae
l,l
ux,ux
ix,ix
ix,ix
eh,eh
n,m
n,n
t,t
eh,ih
l,l
q,ix
dx,dx
ix,ax
r,r
iy,ih
er,r
ux,ux
k,k
ix,ax
w,ao
eh,eh
ow,er
ao,ao
v,v
v,v
dx,dx
s,s
q,q
l,l
l,l
z,z
axr,er
iy,iy
bcl,gcl
iy,iy
ey,ey
er,r
r,r
q,q
s,s
jh,jh
s,s
ae,ae
m,m
eh,ah
tcl,kcl
t,t
pcl,pcl
ae,eh
t,t
ae,ae
aa,aa
ix,ix
tcl,tcl
ao,ao
r,l
w,w
d,t
r,r
k,k
ih,ix
q,q
uw,uw
z,z
kcl,kcl
ih,y
ae,ae
ux,ux
z,s
q,q
dcl,pcl
p,p
s,s
s,s
th,th
iy,iy
l,l
tcl,tcl
iy,iy
pcl,pcl
aa,aa
z,n
ah,ah
nx,nx
ih,ix
r,r
z,z
ah,ah
ix,iy
ow,l
nx,nx
eh,ah
dcl,dcl
axr,er
iy,iy
axr,r
ix,ix
s,k
q,q
q,ax
axr,er
l,l
ax,ax
k,k
em,m
eh,r
dcl,dcl
ng,n
f,f
ey,ey
ey,ey
axr,axr
k,k
w,w
n,n
dh,dh
eh,eh
r,r
hv,hv
t,t
tcl,tcl
ih,eh
k,g
n,ng
ix,ax
axr,r
tcl,tcl
ix,ih
q,q
dcl,dcl
kcl,kcl
s,s
f,f
n,n
ng,ng
b,p
s,s
dh,n
m,m
ih,ih
z,z
t,t
n,n
l,l
kcl,kcl
ah,ax
axr,eh
ih,ih
ey,ey
k,k
er,axr
dcl,n
kcl,kcl
tcl,q
eh,eh
hv,hv
ax,ix
ao,ao
l,el
ah,ix
bcl,bcl
eh,eh
w,w
pcl,tcl
kcl,kcl
dcl,dcl
n,n
aa,aa
ih,ih
aa,aa
ix,ix
hv,hv
ey,ey
dx,dx
m,m
axr,axr
ih,ix
sh,s
ow,ow
pcl,tcl
w,w
eh,eh
k,k
iy,iy
l,l
n,n
z,s
ix,ix
r,r
kcl,kcl
ix,ix
kcl,kcl
p,p
ao,ao
n,n
eh,ae
z,z
dcl,dcl
m,r
n,n
hv,hv
dcl,dcl
pcl,tcl
dx,dx
n,n
ix,iy
aa,aa
l,l
r,r
l,l
eh,eh
r,r
ae,ae
ih,ih
ih,ih
g,g
iy,iy
ih,ih
axr,er
s,s
ay,ay
s,s
l,l
ao,aa
ch,ch
iy,iy
ch,ch
g,k
ao,ao
ax,ah
er,er
tcl,gcl
r,r
z,sh
ah,aa
ao,r
r,r
ix,ix
nx,dx
kcl,kcl
m,n
axr,ax
ae,ae
dcl,bcl
iy,y
tcl,tcl
q,q
r,r
el,ao
z,s
g,dx
hv,hv
ao,ah
g,k
m,m
ih,ih
dcl,tcl
dh,k
m,m
dx,nx
dcl,dcl
axr,axr
eh,eh
r,r
kcl,kcl
n,n
ix,ax
m,n
er,er
ey,ay
dcl,dcl
tcl,kcl
er,axr
axr,axr
l,l
ix,ih
ix,ix
kcl,tcl
ix,ix
f,f
l,l
z,z
ux,uw
dx,dx
n,n
kcl,kcl
ih,iy
ih,ih
z,z
ix,ix
s,s
r,r
iy,iy
s,s
ah,ah
axr,axr
s,s
iy,iy
tcl,dcl
k,k
er,er
bcl,bcl
l,w
ix,ix
s,s
tcl,tcl
ix,ix
v,v
r,r
g,g
ng,ng
ix,ih
ix,ix
eh,eh
aa,aa
n,n
v,v
q,q
w,w
tcl,tcl
ih,ih
m,m
m,m
ae,ae
s,s
m,n
ix,ix
k,g
ao,ao
l,l
k,k
f,f
kcl,kcl
sh,sh
z,z
iy,iy
er,er
ih,ih
ux,ux
p,p
ow,ow
dcl,dcl
y,y
dh,dh
axr,axr
dcl,dcl
m,m
k,k
v,v
t,t
ix,ix
y,y
gcl,gcl
s,s
aa,ao
n,n
ih,ae
l,l
r,r
tcl,tcl
er,axr
pcl,kcl
bcl,dcl
t,t
axr,er
w,w
aa,aa
ay,ay
eh,eh
iy,iy
r,r
s,s
z,z
ao,ao
iy,iy
dh,dh
r,r
ah,ax
r,r
l,l
n,n
r,r
kcl,kcl
n,en
iy,iy
tcl,kcl
aw,aw
gcl,gcl
r,r
ih,ih
pcl,tcl
tcl,iy
uh,ah
iy,iy
eh,ix
bcl,tcl
y,y
er,er
s,s
y,y
ay,ay
t,t
v,v
ao,ao
s,s
t,t
ao,ao
m,m
kcl,kcl
w,w
eh,ih
iy,iy
ix,iy
q,m
ey,ae
ix,ix
q,r
n,m
l,l
l,l
ix,ix
s,s
y,y
r,r
dcl,dcl
axr,axr
ih,ih
ix,ix
g,g
ey,ey
er,er
iy,iy
axr,er
l,l
ih,ih
ao,ao
ax,ah
tcl,kcl
ao,ao
el,ow
r,r
aa,aa
ey,ih
n,n
tcl,pcl
r,r
q,q
l,l
ax,w
ey,ey
iy,iy
el,l
t,t
v,v
oy,oy
y,d
s,s
v,pcl
k,k
n,n
s,s
t,t
g,g
ax,ax
ay,aa
r,r
ix,ng
ix,ey
kcl,kcl
ah,ix
k,k
ao,ao
m,m
tcl,tcl
sh,zh
ix,ix
ae,ae
iy,iy
oy,ao
tcl,gcl
l,l
r,r
z,z
m,m
q,q
el,axr
dh,dh
w,w
ix,ix
ih,ix
ah,ah
iy,iy
iy,ih
ux,ux
hv,hv
ix,ix
ih,ih
ae,ae
ix,ih
z,z
n,en
s,s
s,s
ow,el
v,v
gcl,gcl
eh,ih
dh,dh
r,r
axr,er
w,w
s,s
ey,ey
iy,iy
ow,ow
f,f
q,q
ah,ah
gcl,gcl
ao,ao
ih,ih
ih,axr
th,th
pcl,pcl
z,z
r,r
ay,ay
dcl,dcl
ix,ix
t,t
z,s
ae,ae
iy,iy
n,n
aw,aw
tcl,kcl
iy,iy
tcl,kcl
g,g
ao,ao
ax,ax
y,y
ow,ow
ay,ay
dcl,dcl
ae,ae
n,n
n,n
ix,ix
ix,ix
ah,ah
ow,ow
ow,l
n,n
w,bcl
g,g
el,bcl
k,k
ao,ao
r,r
ix,ix
k,k
n,n
m,m
g,k
ay,ay
n,n
ey,ey
ux,ux
aa,aa
ae,ae
r,r
iy,ix
nx,nx
ow,ow
eh,ih
kcl,pcl
ix,ix
ey,ih
t,t
aa,aa
k,k
v,v
ey,ey
n,en
r,r
ix,ax
ux,ux
m,m
ax,ix
l,l
r,r
eh,eh
w,l
ch,k
iy,iy
n,m
s,s
hh,t
dh,t
iy,y
tcl,dcl
gcl,gcl
ay,ay
ow,ow
ih,iy
kcl,kcl
axr,er
ix,ax
axr,axr
s,s
ix,ix
r,r
n,n
ow,ow
dcl,dcl
w,w
dcl,gcl
l,l
iy,iy
ax,ax
ix,ix
n,n
ng,ng
axr,er
tcl,tcl
ix,ix
ah,ah
l,l
pcl,pcl
dh,dh
r,r
dcl,bcl
ih,ey
ih,ih
dx,dx
ax,ax
ae,ae
f,f
iy,iy
ch,ch
dcl,dcl
iy,iy
en,en
s,s
ix,ix
tcl,dx
w,w
ao,ao
kcl,kcl
tcl,dcl
v,v
kcl,kcl
l,l
ih,ih
aw,aw
ih,ih
ix,ax-h
pcl,pcl
l,l
ah,ah
ix,ax
hh,hh
l,l
iy,iy
dcl,dcl
l,ix
iy,iy
iy,iy
z,z
ay,r
w,w
ih,ng
w,w
dcl,dcl
kcl,kcl
iy,iy
oy,oy
r,r
f,f
jh,t
ix,ix
iy,iy
q,q
t,t
iy,ix
eh,aa
nx,l
ah,ix
dcl,dcl
ae,ae
z,z
q,q
iy,iy
ih,ih
bcl,pcl
dcl,dcl
l,l
w,w
w,l
tcl,tcl
dcl,dcl
hh,hh
n,dh
ah,ow
iy,iy
kcl,f
uw,ux
ih,ix
n,n
th,hh
ao,ao
ix,ux
ao,ow
eh,ae
iy,iy
r,r
t,t
w,w
l,l
sh,ch
w,w
w,w
k,k
ow,l
iy,iy
q,ix
bcl,bcl
ao,aa
iy,iy
ix,ix
iy,iy
d,t
s,s
ae,ae
kcl,kcl
ah,ah
ix,ix
eh,ih
gcl,tcl
n,m
zh,zh
q,q
ix,ix
nx,n
iy,iy
t,t
kcl,tcl
dx,n
sh,sh
ix,n
hh,hh
iy,iy
ix,ix
ax,l
gcl,n
m,m
q,q
w,w
iy,ih
iy,iy
g,g
dh,dh
ix,ix
ix,ix
p,p
axr,axr
p,p
ae,ae
v,nx
uw,r
ay,aa
th,f
t,t
sh,sh
ix,ix
r,r
dcl,dcl
tcl,tcl
kcl,kcl
ax,ix
aa,aa
ix,ix
kcl,kcl
ay,ay
ix,ix
ae,ae
tcl,tcl
s,s
v,w
ao,ao
kcl,pcl
ey,ae
w,w
s,s
oy,oy
z,z
n,ng
ix,iy
eh,eh
bcl,bcl
s,s
r,r
axr,r
ae,ae
dcl,dcl
kcl,kcl
er,er
f,f
ae,ae
q,q
ay,ay
q,q
k,k
ey,ix
tcl,tcl
er,er
s,s
er,ix
v,v
ae,ae
z,z
r,r
hh,hh
v,v
r,r
t,jh
ix,ax
tcl,bcl
ih,eh
l,l
tcl,tcl
ih,ih
q,kcl
k,k
ae,ae
kcl,tcl
l,el
ao,ao
z,s
tcl,tcl
ux,ux
kcl,kcl
s,s
ih,ih
r,r
ay,ay
p,p
k,k
t,t
q,q
ix,ix
ey,ih
n,n
ih,ih
n,m
th,th
ix,iy
q,q
pcl,pcl
q,r
s,s
ih,ix
ix,iy
kcl,kcl
dcl,kcl
w,w
iy,iy
dcl,tcl
r,r
tcl,pcl
n,n
ih,ih
k,k
ey,ey
r,r
zh,zh
eh,ae
ix,ix
ae,ae
v,v
ix,iy
uw,ux
hv,hv
ao,ao
n,dcl
ah,ah
dcl,dcl
ae,ae
jh,jh
ae,ae
n,n
aa,aa
dcl,pcl
l,ax
s,s
pcl,pcl
l,l
pcl,pcl
ix,iy
ih,ix
uw,axr
aa,ao
n,n
n,n
ix,eh
ax,ix
axr,ix
aa,aa
iy,iy
m,n
r,r
er,axr
aa,aa
r,r
ae,ae
er,er
kcl,kcl
er,axr
ix,ix
dcl,dcl
tcl,pcl
ow,ow
kcl,kcl
dcl,dcl
ih,ih
iy,iy
z,z
kcl,tcl
sh,sh
dcl,tcl
s,s
k,k
l,l
kcl,kcl
l,l
pcl,pcl
ae,ae
r,r
iy,iy
jh,jh
sh,sh
w,q
aa,aa
ih,ix
t,t
m,m
axr,r
ix,ih
ih,ih
w,l
dcl,dcl
s,s
ih,ih
ah,ah
g,g
tcl,tcl
ao,ao
iy,iy
ae,ae
ix,ix
aa,aa
l,l
v,v
k,kcl
s,s
ih,ix
z,z
q,q
l,ax
pcl,pcl
th,f
s,s
ix,r
bcl,dcl
hv,hv
bcl,gcl
ih,ih
q,q
aa,aa
ix,ix
ix,ix
ix,ih
p,p
z,z
v,v
l,l
q,q
iy,iy
l,l
v,v
n,n
ih,ih
kcl,tcl
tcl,tcl
ih,ih
tcl,tcl
ux,ux
s,s
r,r
aa,aa
en,en
n,en
iy,eng
aa,ao
ih,ah
dcl,dcl
eh,ae
ax,ax
ae,ae
t,t
ix,ix
ax,ax
dcl,bcl
z,z
w,w
tcl,tcl
iy,iy
tcl,kcl
l,l
l,m
z,z
ay,ay
w,w
y,y
eh,ae
m,m
s,s
tcl,kcl
ao,ao
ng,ng
ay,ay
ax,ae
ih,ix
ow,ow
n,n
n,n
iy,iy
p,p
iy,iy
kcl,pcl
ae,ae
pcl,gcl
ae,ae
z,z
eh,ae
y,dx
n,ax
pcl,tcl
w,w
tcl,tcl
ih,q
k,k
z,z
l,l
bcl,dcl
ay,ay
g,g
k,k
sh,sh
tcl,dcl
dcl,dcl
dcl,dcl
ux,er
aa,aa
s,s
er,axr
s,s
ux,ux
tcl,tcl
v,v
ae,ih
dh,dh
bcl,bcl
jh,jh
tcl,gcl
w,w
l,l
ah,ah
w,w
eh,eh
ix,ix
l,ng
s,s
g,k
t,t
p,p
ow,ow
ng,ng
ow,uw
tcl,tcl
kcl,tcl
iy,iy
q,q
ih,ih
ae,ae
l,l
z,s
iy,iy
kcl,kcl
eh,ih
iy,iy
z,z
ch,ch
dh,dh
ao,ao
tcl,kcl
f,f
n,m
n,n
aa,aa
g,g
s,s
kcl,kcl
ux,axr
ao,ao
z,z
r,r
er,axr
ax,ax
jh,jh
eh,eh
v,dh
k,k
s,s
l,l
oy,oy
s,s
ix,ix
uw,uw
kcl,kcl
iy,iy
tcl,tcl
dcl,tcl
s,s
k,k
ux,ux
ih,ix
en,ix
k,k
iy,ix
t,t
ix,ix
ao,ao
p,t
axr,axr
aa,aa
s,s
pcl,pcl
q,q
axr,r
gcl,kcl
r,r
iy,iy
ow,ow
dcl,tcl
y,y
eh,ax
t,t
aa,ow
ix,ix
l,l
q,q
ao,ao
ao,aa
ae,ae
dcl,dcl
ng,ng
eh,eh
ax,ax
en,n
bcl,tcl
ey,ey
m,m
d,d
n,n
ax,ix
axr,eh
ax,ah
k,kcl
r,r
r,r
s,s
iy,iy
v,f
dcl,r
ow,ow
aa,ao
w,ao
m,v
dcl,dcl
y,y
f,f
aa,aa
p,p
er,er
z,z
ix,ix
ix,ix
d,t
s,s
ix,ix
gcl,gcl
iy,iy
s,s
pcl,pcl
kcl,kcl
hv,hv
ae,ae
ix,ix
ah,ah
r,r
r,r
ay,ay
ax,ax
m,m
dcl,dcl
m,m
n,n
dh,b
ux,ix
s,s
q,n
kcl,pcl
ix,ix
iy,iy
eh,ae
s,s
l,l
eh,eh
ay,ay
ah,eh
s,s
iy,iy
ih,ih
axr,axr
p,f
k,k
bcl,v
t,t
gcl,ng
l,l
t,th
ix,ax
l,n
sh,sh
r,r
ih,ih
ao,aa
k,k
eh,eh
sh,sh
ah,ah
n,n
s,s
eh,ae
ey,ey
eh,ae
ix,ix
gcl,pcl
ae,ae
uw,ih
d,t
n,n
hv,hv
n,n
iy,iy
aa,ao
axr,ix
dcl,dcl
ix,ix
ao,ah
en,n
q,q
ae,ae
tcl,tcl
l,l
er,axr
q,q
l,l
y,y
z,z
iy,iy
oy,oy
t,t
m,m
tcl,kcl
ae,ae
ao,ao
dh,dh
eh,ih
m,en
eh,ih
s,s
dcl,dcl
er,er
n,n
s,s
y,y
ih,ih
r,r
w,r
pcl,pcl
dcl,dcl
s,s
dh,b
dcl,dcl
f,f
gcl,gcl
ih,ih
axr,er
iy,iy
ao,ao
ao,ao
n,n
r,r
ao,ao
z,z
iy,ix
aw,aw
y,y
jh,jh
n,n
ow,ow
s,s
hv,hv
w,r
g,g
aa,aa
uh,ih
d,t
ax-h,kcl
ey,ey
y,y
m,n
sh,sh
d,t
g,g
ax,ax
r,r
v,v
t,s
eh,ah
k,k
axr,axr
ux,ux
l,l
aa,aa
kcl,kcl
q,q
n,n
ax,ah
l,ix
m,m
kcl,kcl
p,p
q,q
dh,dh
m,n
ih,ih
jh,jh
k,k
t,t
d,t
dh,ix
ih,ix
tcl,pcl
aa,r
er,er
ax,ix
tcl,tcl
dx,l
ch,ch
tcl,tcl
axr,axr
oy,oy
k,k
tcl,kcl
ih,ih
d,t
aa,aa
ix,ix
ix,axr
aa,aa
jh,jh
l,l
dh,dh
tcl,tcl
pcl,tcl
hv,hv
sh,sh
ix,ix
v,v
iy,iy
n,n
v,v
y,iy
v,v
tcl,q
dx,dx
gcl,gcl
ae,ae
ix,ix
eh,eh
hv,hv
r,r
f,f
ae,ae
gcl,dcl
hh,g
m,m
m,n
ih,ih
s,s
iy,ix
dh,dh
th,th
iy,iy
z,s
eh,ix
r,r
gcl,m
ng,ng
dh,dcl
kcl,kcl
eh,eh
eh,eh
eh,ey
tcl,tcl
m,n
tcl,kcl
f,f
y,y
jh,jh
pcl,pcl
ix,ax
sh,sh
iy,ey
ax,n
ay,ah
w,l
aa,aa
m,n
aa,ao
r,r
r,r
ix,ix
q,q
dx,dx
gcl,dcl
n,n
f,f
axr,axr
m,m
f,f
g,g
gcl,gcl
s,s
kcl,kcl
ae,ae
kcl,kcl
ux,ux
iy,iy
f,f
gcl,kcl
er,aa
t,t
k,k
s,s
dh,dh
f,f
r,r
axr,axr
t,t
sh,sh
eh,ae
ih,ix
el,ax
ae,eh
k,k
ix,ix
kcl,kcl
ax,ax
p,p
oy,oy
tcl,pcl
n,n
iy,iy
dcl,dcl
tcl,kcl
z,z
axr,er
en,m
k,k
tcl,kcl
r,r
f,f
sh,sh
ux,ux
iy,ux
ay,ay
z,z
n,n
w,w
l,l
r,r
er,er
t,ch
n,n
r,r
v,v
ay,aa
gcl,gcl
kcl,kcl
l,l
bcl,n
tcl,bcl
m,m
r,r
ix,ix
ix,ix
q,ax
s,s
ah,ah
ih,ih
k,g
pcl,pcl
ax,ax
r,r
aa,aa
n,n
ax,ax
ah,ae
iy,iy
iy,ix
l,l
f,f
s,s
ah,eh
q,q
ix,ix
l,l
ax,ix
jh,jh
l,l
uh,axr
iy,iy
l,l
uh,ax
dcl,dcl
g,g
eh,eh
ey,ey
y,y
r,r
pcl,tcl
l,l
tcl,tcl
s,s
s,s
ae,eh
tcl,pcl
axr,er
iy,iy
iy,iy
r,r
sh,sh
l,l
r,r
sh,sh
gcl,bcl
aw,aw
dh,t
pcl,pcl
ix,ix
z,z
y,y
ay,ay
iy,iy
s,s
ay,ey
ix,ax
tcl,pcl
aw,aw
r,r
iy,iy
kcl,kcl
r,r
ao,ao
hv,hv
l,l
hv,hv
uh,uh
kcl,kcl
ae,ae
r,r
tcl,tcl
ax,ax
q,q
axr,r
er,eh
t,t
k,g
m,dcl
tcl,tcl
ah,ax
tcl,pcl
pcl,pcl
ng,ng
t,t
iy,ix
aw,aw
ay,ay
dcl,dcl
iy,iy
aa,aa
iy,iy
l,l
l,l
s,s
w,l
ng,ng
d,t
ux,ux
r,r
dcl,dcl
z,z
eh,eh
s,s
ah,aa
r,r
er,er
er,axr
y,hv
dh,hh
aa,ae
sh,sh
ix,eh
sh,sh
iy,iy
ey,ey
q,q
r,r
ix,ix
en,en
d,jh
ix,iy
ow,ao
uw,r
s,s
q,q
r,r
n,n
q,q
el,el
d,t
r,r
ix,ih
t,t
w,w
el,el
z,s
ih,iy
v,v
ae,ey
ay,aa
p,b
iy,iy
ix,ix
iy,iy
q,q
t,d
gcl,gcl
iy,iy
n,n
tcl,tcl
l,l
n,n
y,ix
aa,aa
ih,ih
n,n
r,r
r,r
er,er
kcl,tcl
ey,ey
q,q
z,z
ix,ix
z,z
hv,hv
tcl,dcl
ay,ay
ax,ng
s,s
kcl,tcl
iy,ey
r,l
ix,ix
r,r
k,k
r,r
s,s
y,y
ay,ay
nx,dx
ix,ix
w,w
ey,ey
m,m
s,s
kcl,kcl
ux,ux
r,r
kcl,kcl
l,l
ay,ay
s,s
f,f
oy,ao
ih,ix
l,l
s,z
l,l
ae,eh
axr,ow
z,s
kcl,pcl
s,s
w,ux
m,n
ix,ix
gcl,tcl
iy,ux
ay,ay
ax,ix
tcl,tcl
ae,ae
eh,eh
tcl,dcl
r,r
gcl,gcl
g,g
iy,iy
er,er
g,g
ah,aa
l,ih
jh,ch
dx,dx
iy,iy
ae,eh
w,w
l,l
ao,ao
l,l
dh,dh
ao,ao
bcl,bcl
eh,ix
iy,iy
er,r
w,w
l,l
s,s
pcl,pcl
ix,ix
ah,aa
en,en
t,t
b,p
iy,iy
sh,sh
ix,ix
ao,w
d,d
kcl,kcl
ng,ng
y,y
n,n
p,b
f,f
n,en
dcl,dcl
hv,hv
n,n
l,l
l,l
pcl,pcl
dcl,tcl
ix,axr
ix,ih
s,s
ix,ix
n,n
dx,ix
ao,ao
tcl,gcl
ix,ix
kcl,tcl
z,z
dcl,v
ix,ax-h
dcl,bcl
m,m
aa,aa
ah,ah
hv,hv
eh,eh
tcl,tcl
ix,ix
m,n
n,n
iy,ey
eh,eh
ae,ae
iy,iy
q,q
l,l
l,l
tcl,tcl
aa,aa
ix,ih
ae,ae
ah,ah
tcl,tcl
dcl,dcl
k,k
iy,iy
ax-h,ax-h
ay,aw
n,n
k,k
aa,ao
z,z
n,dcl
ix,ix
tcl,tcl
t,t
ng,ng
ih,ih
axr,er
kcl,kcl
tcl,q
ay,ay
iy,iy
f,f
ao,ao
ax,ax
tcl,pcl
z,s
pcl,pcl
ch,ch
q,q
tcl,pcl
t,t
tcl,tcl
r,r
gcl,gcl
axr,r
eh,ae
aa,aa
tcl,kcl
s,s
aa,aa
n,n
iy,iy
s,s
s,s
f,f
ao,r
d,t
sh,s
aa,aa
ey,ey
hv,hv
axr,r
m,m
r,r
pcl,pcl
ah,ax
s,s
w,r
en,n
ng,gcl
iy,iy
ae,eh
oy,oy
n,n
k,k
ix,ix
hv,hv
ix,ix
l,w
k,kcl
sh,s
ow,ow
kcl,kcl
axr,axr
l,l
l,l
dx,r
dx,dx
l,l
ow,ow
ih,ih
uh,ih
ih,ih
ih,ih
t,t
z,s
axr,er
z,z
ah,aa
ey,ey
ay,ay
axr,axr
w,w
nx,nx
ao,ao
sh,sh
ah,ah
y,y
s,s
gcl,kcl
v,v
k,k
iy,iy
l,ax
er,er
ux,ux
er,ih
g,g
n,n
kcl,kcl
ao,ao
g,g
z,z
tcl,tcl
axr,axr
iy,iy
dh,t
hv,hv
n,tcl
ux,ux
l,l
k,k
iy,iy
ux,ix
ow,ow
ae,ae
ae,ae
n,n
aa,aa
m,m
s,s
eh,ih
pcl,pcl
g,g
eh,ih
iy,iy
kcl,kcl
p,b
v,v
hh,hh
q,q
iy,iy
ao,ao
n,n
v,v
kcl,kcl
ch,t
hh,hh
eh,ih
ow,ax
ae,ah
z,z
iy,iy
er,axr
aa,aa
ix,eh
f,f
ae,ih
pcl,kcl
gcl,gcl
m,m
aa,aa
ih,ix
gcl,bcl
sh,sh
iy,iy
er,r
bcl,bcl
dcl,bcl
iy,iy
tcl,tcl
ey,ey
dcl,kcl
s,s
ow,ow
en,ng
sh,sh
n,n
ng,ng
s,s
ax,ix
n,n
dh,dh
iy,iy
ao,ao
sh,sh
n,n
ax,b
eh,q
iy,iy
ao,ao
tcl,tcl
ae,ae
ax,ah
pcl,pcl
s,s
dh,th
tcl,pcl
pcl,pcl
pcl,pcl
iy,iy
q,g
el,el
m,n
eh,ix
kcl,kcl
r,r
t,t
t,t
m,n
r,r
t,jh
uh,r
eh,r
bcl,pcl
ux,ux
ax,ax
kcl,n
ih,ih
ih,ih
tcl,gcl
l,l
k,k
d,k
iy,ih
tcl,tcl
k,k
gcl,kcl
d,t
uw,uw
n,n
n,n
gcl,bcl
ow,el
iy,iy
m,m
z,z
iy,iy
r,r
sh,sh
r,r
t,t
dh,dh
ix,ix
n,n
dcl,gcl
t,t
r,r
tcl,tcl
t,k
ao,ao
v,v
ix,ix
ow,ow
s,s
m,m
ux,ux
iy,iy
ix,ih
s,s
l,l
ax,ix
ax,ax
er,er
pcl,kcl
dh,b
ey,ey
ae,ae
s,z
hh,hh
y,ix
kcl,pcl
ah,ah
ix,ix
l,l
eh,ah
t,t
oy,oy
z,s
s,s
dh,dh
uh,uh
ux,ux
s,s
r,r
n,n
iy,iy
k,g
p,p
jh,d
ih,ae
f,f
n,n
ao,aa
ao,ao
ax,ax
dh,dh
em,bcl
hv,hv
z,s
aa,aa
g,tcl
tcl,tcl
uh,ih
ix,ix
m,m
k,k
dcl,pcl
iy,iy
kcl,pcl
m,m
z,z
z,z
axr,axr
f,f
ao,ao
ao,ao
s,s
nx,n
ih,ih
r,r
v,gcl
ao,ao
sh,sh
dx,dx
ae,ae
ax,ix
ow,ow
q,q
dcl,dcl
l,l
ah,ah
l,l
l,l
ae,ay
d,d
ay,ay
iy,iy
iy,iy
ix,ix
ax-h,p
ix,ix
kcl,kcl
bcl,bcl
ey,ey
w,w
hv,hv
iy,iy
ix,ix
n,n
pcl,pcl
k,k
uh,ix
gcl,gcl
pcl,kcl
ih,ih
f,f
dx,dx
pcl,pcl
ax,ax
aa,aa
ax,ax
k,hh
pcl,kcl
kcl,kcl
sh,sh
p,p
ix,ix
ow,ow
l,l
dh,p
ae,ae
aa,aa
r,r
r,r
r,r
r,r
ih,ih
f,f
s,s
iy,iy
t,t
eh,eh
iy,iy
kcl,kcl
ng,ix
ow,l
y,y
ax,ax
k,k
f,f
tcl,tcl
w,w
eh,ah
hh,p
ix,iy
v,v
kcl,pcl
ae,ae
ix,ix
l,l
t,t
sh,sh
ae,ae
s,s
nx,dx
s,s
s,s
iy,iy
er,r
y,y
w,w
ay,ay
dh,dh
ae,ae
pcl,pcl
dcl,dcl
ey,eh
tcl,tcl
ng,ng
s,s
pcl,pcl
s,s
r,axr
pcl,pcl
ih,ih
ah,ah
kcl,kcl
el,l
tcl,tcl
iy,iy
ux,ux
w,w
aa,ay
f,f
w,w
pcl,tcl
bcl,bcl
l,l
dx,dx
ay,ay
ey,ey
y,hv
s,s
n,n
w,w
iy,ih
l,l
iy,iy
k,k
ae,ae
ux,ux
ix,iy
bcl,dcl
ix,ih
k,k
m,n
l,ax
gcl,dcl
k,k
gcl,pcl
ao,ao
w,w
kcl,kcl
g,g
hv,hv
k,k
ax,ax
ix,ax
k,k
iy,iy
axr,er
ih,ih
tcl,tcl
axr,ax
ay,ay
ix,ix
ey,iy
n,n
ay,ay
ux,ux
ah,ah
ae,aa
l,l
gcl,kcl
ih,ih
dh,dh
ay,ay
gcl,gcl
ix,ix
n,n
axr,r
d,d
eh,ah
aa,aa
oy,oy
n,m
hv,hv
ae,ae
ao,el
er,r
tcl,kcl
dcl,dcl
r,r
iy,ix
hv,hv
ix,iy
ao,aa
ah,ah
eh,eh
k,k
ow,ah
s,s
ih,eh
sh,sh
ih,ih
iy,iy
bcl,bcl
q,q
aw,aw
iy,iy
t,t
f,f
n,n
ch,ch
kcl,kcl
ih,iy
iy,iy
n,m
tcl,tcl
axr,axr
er,er
eh,ah
aw,aw
zh,sh
ow,ow
z,s
ih,axr
ay,ay
ih,ih
dcl,dcl
tcl,pcl
m,dx
q,q
eh,eh
ih,ih
m,m
aa,aa
kcl,kcl
ih,ih
kcl,tcl
ao,ao
r,r
ax,ax
ng,n
ih,ix
gcl,bcl
axr,axr
tcl,pcl
m,m
ix,iy
zh,jh
t,t
gcl,hh
iy,iy
ih,ih
s,s
kcl,kcl
l,l
axr,er
eh,eh
ih,ix
axr,axr
ng,ng
l,l
tcl,kcl
axr,axr
er,ah
w,w
tcl,tcl
s,s
n,n
kcl,kcl
uw,ux
n,nx
s,s
dcl,tcl
z,d
p,p
s,s
d,d
sh,sh
m,m
ih,ng
m,m
r,r
axr,ix
axr,er
gcl,dcl
bcl,bcl
kcl,kcl
en,n
ow,ow
kcl,kcl
dcl,gcl
q,q
jh,sh
ix,ih
ix,ih
w,w
eh,ix
nx,n
r,r
aa,aa
y,y
kcl,tcl
t,t
ax,l
ix,ih
ow,ow
ax,l
iy,y
z,s
kcl,kcl
l,l
tcl,pcl
pcl,tcl
t,t
ax,ax
q,kcl
p,p
aa,aa
m,m
v,v
iy,iy
w,w
l,l
iy,iy
dh,dh
dcl,tcl
r,ax
iy,ix
y,y
ix,ix
hh,hh
ix,ix
w,w
s,s
r,r
r,r
gcl,ng
gcl,pcl
q,q
l,l
t,t
dh,th
iy,iy
r,r
dcl,dcl
ax,ax
m,n
k,k
dx,dx
kcl,kcl
eh,ih
s,s
ih,ih
axr,r
ih,ih
s,s
oy,oy
tcl,pcl
ix,ix
ix,ih
kcl,tcl
uw,ix
aa,ao
q,q
dcl,n
q,q
r,r
ow,ow
ay,aa
ah,ax
ix,eh
bcl,bcl
v,pcl
k,k
ey,ey
dh,dh
s,s
el,w
dh,dh
s,s
ih,ih
sh,sh
p,p
v,v
ax,ix
s,s
y,y
ix,ix
gcl,gcl
v,v
ux,ux
dcl,dcl
v,v
axr,ax
iy,iy
r,r
r,r
iy,iy
r,r
iy,iy
ih,ix
pcl,pcl
t,t
d,d
axr,ax
l,l
s,s
eh,er
q,q
ux,ih
ix,ix
r,axr
ix,ax
ey,ey
tcl,kcl
pcl,pcl
n,n
k,k
l,l
kcl,kcl
ix,ix
eh,eh
aa,ao
f,f
en,n
n,m
ix,ih
ay,aa
iy,ih
ix,ix
ae,ae
kcl,kcl
ao,aa
iy,iy
ey,ey
s,s
iy,iy
t,t
m,m
ch,t
ao,ao
r,r
aa,aa
kcl,kcl
iy,iy
s,s
ax,ax
er,er
axr,er
v,v
w,w
axr,axr
tcl,bcl
k,k
ng,ng
z,z
q,ix
k,k
tcl,tcl
kcl,pcl
tcl,tcl
v,v
s,s
ah,ah
t,t
tcl,tcl
iy,iy
s,s
ey,ey
dcl,dx
iy,iy
kcl,kcl
s,s
ih,ih
m,m
n,n
l,l
z,s
kcl,kcl
ax,ix
iy,iy
dcl,dcl
ah,ow
ah,ah
bcl,dcl
pcl,pcl
k,g
s,s
l,l
ix,y
k,k
ix,ax
l,l
gcl,gcl
iy,ix
ih,ix
r,r
iy,ng
t,t
t,t
m,m
ng,ng
iy,iy
ix,ix
dx,dx
m,m
er,er
iy,ih
s,s
eh,ae
l,r
ow,ow
tcl,dcl
s,s
ah,aa
z,z
ix,l
aa,ae
eh,ah
kcl,kcl
q,q
kcl,kcl
kcl,kcl
ax,ax
l,l
iy,ix
dcl,dcl
en,en
s,s
eh,ae
q,q
w,v
l,n
s,s
p,p
ah,ah
w,w
iy,iy
ey,ey
dx,dx
ay,ay
ih,eh
y,y
r,r
ey,ey
t,t
ae,eh
ax,ax
eh,r
n,n
kcl,kcl
k,k
er,axr
v,v
aa,aa
q,q
m,m
nx,nx
bcl,bcl
ix,ax
gcl,dcl
iy,y
y,y
tcl,tcl
t,t
eh,ih
n,n
ah,ah
ix,eh
ay,aa
q,hv
f,f
axr,axr
iy,ix
kcl,kcl
ay,ay
ae,ae
dcl,bcl
f,f
zh,z
l,r
iy,iy
ih,ih
y,iy
gcl,dcl
pcl,kcl
w,r
kcl,kcl
v,v
tcl,tcl
aa,ao
dcl,dcl
ih,iy
bcl,dcl
bcl,gcl
sh,sh
q,q
ay,ay
ax,ix
m,m
s,s
kcl,kcl
ix,ix
ay,ay
axr,axr
y,y
s,s
f,f
r,dx
ix,ix
dcl,dcl
d,t
ih,ix
k,k
iy,iy
t,d
l,w
v,v
t,t
ao,ao
uh,ax
q,g
dh,dh
q,q
n,m
dcl,dcl
y,iy
n,n
d,d
f,f
th,f
kcl,tcl
r,r
iy,iy
ao,ao
q,q
ih,ih
n,n
bcl,bcl
w,ix
p,p
ng,ng
n,n
eh,eh
ih,ix
aa,aa
axr,axr
l,l
s,s
n,ng
ix,ix
eh,eh
axr,er
l,q
w,w
aa,ao
w,w
eh,eh
q,q
ix,ax
n,n
ix,ix
er,axr
ow,ow
ux,ix
d,t
m,m
n,n
t,kcl
kcl,kcl
z,z
ow,ow
tcl,kcl
th,th
n,n
f,f
iy,iy
tcl,tcl
axr,axr
l,l
w,w
eh,ae
ix,ih
ey,ey
ix,ix
s,s
ix,ix
ix,y
axr,axr
ix,ih
ax,ix
z,z
tcl,tcl
t,d
gcl,gcl
el,el
gcl,bcl
r,r
r,r
tcl,pcl
iy,iy
tcl,tcl
ae,ae
r,r
eh,eh
ix,ix
ix,ih
n,n
gcl,ng
n,n
m,m
n,n
ae,eh
ih,ix
t,t
z,z
m,n
aa,aa
kcl,kcl
w,w
tcl,tcl
m,n
d,d
iy,iy
p,p
p,p
eh,ih
gcl,dcl
ay,aa
ih,ih
ow,ax
dcl,dcl
dcl,dcl
l,l
r,r
r,r
iy,iy
tcl,v
k,k
ix,ix
eh,eh
m,m
k,k
ae,ae
m,m
q,q
s,s
n,n
ax,ix
eh,eh
r,r
z,jh
s,s
n,n
r,r
aa,aa
ih,ih
g,g
dcl,dcl
iy,iy
s,s
ah,ax
ey,ey
axr,ix
m,m
kcl,tcl
s,s
l,d
pcl,tcl
ow,l
q,q
ae,ae
iy,iy
hv,hv
bcl,pcl
l,ax
hh,hh
ay,ae
t,t
l,l
bcl,pcl
z,z
s,s
ow,ow
tcl,tcl
ix,ih
ow,el
w,w
dh,k
er,er
ax,ax
ah,ah
ux,ih
dh,d
p,p
tcl,kcl
z,z
kcl,kcl
ae,ae
tcl,q
ah,ah
s,s
pcl,tcl
g,g
eh,ae
sh,sh
ow,ow
hv,hv
dh,dh
s,s
d,dh
k,k
f,p
y,y
ax,ah
ae,ae
ax,ah
aw,aa
k,k
ih,ih
p,p
ih,ih
aa,aa
kcl,kcl
k,k
tcl,tcl
t,t
ux,ix
ae,ae
p,p
ae,ae
m,dcl
axr,axr
ao,aa
f,f
s,s
m,m
ih,ix
ix,ix
r,r
iy,iy
m,m
ix,ix
ih,ih
l,l
ih,ax
ux,ux
ao,ao
tcl,tcl
dcl,dcl
ao,ao
ih,ah
axr,aa
ao,ao
tcl,tcl
iy,ix
kcl,kcl
f,f
ow,ao
w,nx
aa,aa
dh,hh
kcl,kcl
ix,iy
n,n
m,m
er,er
l,l
ao,ow
iy,iy
ih,ih
axr,axr
axr,axr
p,p
s,s
er,axr
n,n
z,z
l,l
er,axr
hv,hv
s,s
aa,ay
bcl,bcl
kcl,kcl
w,w
s,s
iy,iy
oy,oy
ow,ow
r,r
ao,r
oy,oy
w,w
ey,ey
axr,axr
ux,ax
tcl,kcl
q,g
axr,ix
gcl,gcl
dcl,dcl
ah,ah
dx,dcl
ah,ah
m,n
r,r
z,z
ng,n
ay,ay
gcl,dcl
ix,ix
n,n
r,r
l,l
m,m
m,m
el,el
n,n
s,s
n,m
er,er
n,n
ae,ae
r,r
q,q
z,z
ow,ow
ae,aa
kcl,kcl
l,l
iy,iy
p,p
iy,iy
s,s
ix,ih
aa,aa
gcl,n
th,th
iy,iy
tcl,kcl
s,s
m,m
ao,ao
f,f
tcl,kcl
m,m
s,s
l,l
ax,ix
l,l
r,r
ow,ow
s,s
l,l
n,n
s,s
q,el
axr,r
g,g
n,n
iy,iy
ax,ax
dcl,dcl
dh,dh
k,k
s,s
ix,ix
oy,oy
ow,ow
w,uw
d,t
ux,ux
ah,ah
tcl,tcl
q,y
ae,ae
tcl,pcl
y,y
s,z
s,s
m,m
t,d
w,r
iy,iy
eh,ae
ih,ih
ah,ah
kcl,kcl
ix,ix
ih,ih
l,ax
ih,ih
sh,ch
y,y
s,s
bcl,bcl
axr,er
dcl,dh
eh,eh
eh,ih
ih,ih
d,d
f,f
n,n
d,d
ao,ao
kcl,kcl
ax,ax
kcl,kcl
f,hh
kcl,tcl
t,t
sh,sh
w,w
t,p
ae,ae
ey,iy
g,g
l,l
z,z
s,s
s,s
dx,dx
dcl,dcl
r,r
ah,aa
t,t
z,z
gcl,dcl
p,p
f,f
ch,ch
ix,ix
th,f
pcl,tcl
q,kcl
m,n
r,r
z,s
dx,dcl
k,k
n,n
y,iy
dh,dh
q,q
ow,aw
ax,ax
hv,hv
ih,ix
s,s
eh,ix
iy,iy
w,r
n,ix
eh,ih
l,l
w,w
bcl,gcl
hh,hh
r,r
bcl,bcl
ah,ah
ih,ix
tcl,kcl
en,en
z,z
k,k
t,t
ao,ao
y,y
l,w
sh,ch
ay,ay
tcl,tcl
v,v
w,w
l,ax
el,l
ng,ng
w,uw
n,dcl
r,r
s,s
iy,iy
uh,er
s,s
ah,ax
w,bcl
ux,ux
ch,ch
w,l
ow,ow
f,f
r,r
k,k
ih,ih
kcl,kcl
hv,r
pcl,tcl
w,w
kcl,kcl
er,aa
nx,dx
z,z
gcl,bcl
eh,eh
v,v
axr,r
ax,ax
iy,iy
kcl,tcl
ae,eh
z,s
er,er
r,r
ao,ao
q,q
b,b
ax,ix
kcl,tcl
z,z
ae,ae
ix,iy
dh,th
kcl,kcl
er,axr
iy,iy
n,n
ax,aa
ux,ux
n,n
ao,ao
k,k
s,s
tcl,tcl
jh,d
ix,ix
m,em
n,n
f,f
k,k
n,n
ih,ih
dx,n
sh,sh
r,r
iy,iy
ao,ao
s,s
k,k
dh,ix
ay,ay
pcl,tcl
n,n
s,s
ix,ix
z,z
tcl,tcl
ng,ng
k,k
r,nx
dcl,dcl
tcl,dcl
t,t
l,w
axr,er
ax,r
aw,aw
s,z
q,q
ao,ao
sh,sh
axr,axr
eh,ax
ao,ao
dcl,dcl
kcl,kcl
f,f
z,s
q,q
axr,ih
axr,r
r,r
f,f
iy,ix
t,t
n,dcl
ng,n
ao,ao
f,f
f,f
dh,dh
n,m
ay,ay
l,el
axr,axr
aa,ao
axr,r
aa,aa
eh,ix
ao,aa
w,w
g,g
kcl,kcl
eh,ih
s,s
r,r
dcl,dcl
q,q
ey,ey
iy,iy
r,r
bcl,m
n,en
eh,eh
th,f
ih,ih
t,t
bcl,bcl
sh,s
ax,ax
hh,hv
v,v
m,ng
ae,ae
y,y
r,r
th,th
sh,sh
r,ix
s,s
aw,aw
ey,ih
s,s
ih,ux
r,r
hv,hv
l,l
p,dx
nx,bcl
ae,ih
w,w
r,ah
s,s
ix,ix
k,k
l,l
l,el
r,r
iy,r
dcl,dcl
iy,iy
z,s
s,s
ux,ux
d,t
ah,ah
er,r
ax,ax
eh,aa
iy,iy
l,l
kcl,kcl
ao,ao
ae,ae
axr,axr
dcl,pcl
sh,sh
n,en
oy,ay
m,m
ay,ay
l,l
s,s
z,s
s,s
m,v
ih,ih
v,v
dx,nx
f,f
ux,ix
eh,ay
el,el
kcl,kcl
n,nx
f,f
axr,ux
r,r
iy,iy
t,t
r,r
bcl,tcl
ae,eh
pcl,pcl
f,f
t,t
axr,axr
k,k
ax,ax
ao,ao
n,n
ey,ey
ah,ah
ao,ao
m,n
iy,iy
aa,aa
m,m
w,w
n,n
ay,ay
s,s
l,l
er,er
l,ng
y,y
ux,ux
eh,ih
er,er
s,s
k,k
ih,ih
ow,ao
jh,ch
ih,ix
kcl,kcl
ae,ae
ao,ao
v,v
k,k
m,m
eh,ae
nx,nx
kcl,kcl
r,r
gcl,gcl
axr,axr
kcl,kcl
pcl,kcl
bcl,bcl
r,r
l,l
ow,ow
ao,ao
f,f
eh,eh
w,w
gcl,gcl
v,v
ay,ay
ey,ey
w,w
r,axr
t,d
n,m
tcl,tcl
en,nx
f,f
er,ux
s,s
f,f
iy,iy
k,k
dcl,dcl
w,ao
l,l
ux,ux
ix,ix
axr,ix
ix,ix
hv,hv
z,z
m,m
sh,sh
hh,hv
ux,ux
l,l
ae,ae
tcl,tcl
g,k
pcl,kcl
ay,ay
gcl,n
pcl,pcl
ow,ow
z,s
n,n
ix,ey
t,t
l,l
en,en
eh,ah
ix,iy
bcl,dcl
bcl,bcl
ae,ae
ax,ix
z,t
n,ng
ix,ix
r,r
k,k
aa,aa
axr,axr
ay,ay
t,t
w,ao
n,n
ix,ih
ax,ix
k,k
ix,eh
dx,d
ng,ng
k,k
axr,axr
w,w
aa,aa
sh,sh
n,n
eh,eh
r,r
k,k
dh,dh
en,ix
sh,t
pcl,pcl
bcl,bcl
gcl,gcl
l,l
iy,iy
ix,ix
em,em
tcl,kcl
iy,iy
y,hh
th,f
dcl,dcl
q,ix
k,g
iy,y
bcl,bcl
tcl,dx
w,w
kcl,tcl
ao,ao
kcl,kcl
r,r
ae,eh
iy,iy
w,w
aw,aw
ae,ae
ih,ax
n,n
s,s
m,m
ix,r
w,w
sh,sh
ih,ix
t,t
ax,ix
iy,iy
s,s
l,l
f,f
l,q
ix,ix
g,g
m,m
ix,ix
ay,ay
kcl,kcl
pcl,pcl
tcl,tcl
ay,ay
t,t
uh,uh
z,z
iy,ih
ax,ax
t,ch
iy,iy
ow,ow
er,er
m,n
z,z
dx,dx
dcl,tcl
iy,iy
pcl,pcl
z,z
eh,ah
uw,ux
el,el
n,n
n,n
iy,iy
l,l
ae,ae
ng,ng
s,s
s,s
uh,ah
l,l
aa,aa
ah,ah
dcl,kcl
s,s
ay,ay
ao,aa
gcl,gcl
ix,ix
ey,ix
f,f
tcl,pcl
uw,uw
dh,dh
sh,s
ao,ao
ey,iy
r,r
kcl,kcl
v,v
m,m
ax-h,kcl
kcl,pcl
axr,er
k,k
n,n
iy,iy
gcl,gcl
p,p
ax,ix
aa,ao
ix,ix
ax,ih
f,f
tcl,tcl
f,f
l,l
iy,iy
iy,iy
s,s
ix,ix
ax,ax
k,k
tcl,tcl
r,r
l,ng
n,n
s,s
ah,ah
ay,ay
r,r
ao,ao
r,r
t,t
ih,ix
ae,ae
r,r
ix,ix
ix,ix
pcl,pcl
f,f
gcl,tcl
dcl,tcl
p,p
ng,ng
z,z
tcl,tcl
r,r
r,r
dh,dh
iy,ix
ae,ae
ix,ix
tcl,tcl
tcl,kcl
oy,r
m,f
ey,iy
z,z
iy,iy
ae,ae
ix,ix
kcl,tcl
p,k
kcl,pcl
n,v
ow,ow
ae,ae
bcl,bcl
pcl,pcl
ix,ix
ax,ix
ao,ao
r,r
m,m
ey,ey
d,d
ix,ix
ih,eh
dcl,gcl
f,f
s,s
n,dcl
r,r
pcl,tcl
w,w
l,w
axr,axr
ax,ax
pcl,kcl
aa,ao
r,r
f,f
ao,ao
n,dcl
m,n
eh,ih
ix,ix
r,v
axr,r
iy,iy
ix,ix
s,s
m,m
tcl,pcl
ae,ae
aw,l
eh,eh
iy,iy
ux,ux
iy,iy
tcl,pcl
ih,ih
k,k
q,q
l,l
ih,ih
r,r
ay,ay
s,z
ae,ae
kcl,kcl
s,sh
ih,ah
r,r
z,z
r,r
ae,ae
ao,ao
ch,ch
l,el
f,f
kcl,kcl
s,z
tcl,pcl
ix,ix
ae,ae
r,r
g,k
dcl,dcl
th,th
z,z
tcl,tcl
dh,dh
n,n
eh,ih
ae,ae
n,n
k,k
s,s
ay,ay
r,r
t,t
z,z
kcl,kcl
ih,ih
dh,dcl
iy,iy
ix,ix
sh,sh
aa,ao
l,l
s,s
iy,ih
n,m
axr,er
tcl,tcl
ay,ay
tcl,tcl
q,q
w,w
axr,ix
ih,eh
ng,ng
tcl,tcl
v,n
ax,ax
kcl,kcl
axr,axr
ah,ah
t,t
w,w
r,r
s,s
p,p
dcl,dcl
ao,ao
uw,uw
dh,t
aa,ao
ng,ng
l,l
s,s
iy,iy
iy,iy
kcl,kcl
r,r
ux,ux
ay,ay
s,s
r,r
dcl,pcl
n,n
sh,sh
kcl,kcl
k,k
ih,iy
ae,ae
r,r
pcl,tcl
y,ux
kcl,kcl
r,r
m,m
t,t
eh,ae
k,k
v,bcl
ah,ah
kcl,kcl
dcl,dcl
iy,iy
y,y
dx,dx
bcl,bcl
n,n
w,w
iy,iy
s,s
iy,iy
w,w
tcl,tcl
sh,sh
ey,ey
w,uw
w,w
eh,eh
w,w
aw,aw
w,w
ah,ao
d,t
kcl,kcl
kcl,tcl
ey,ey
ih,ih
aa,ao
ao,ao
iy,iy
tcl,kcl
gcl,gcl
k,k
z,sh
kcl,kcl
n,ng
aa,aa
ay,ay
v,v
ey,ih
ih,ih
t,t
ix,ix
iy,iy
gcl,m
l,l
d,jh
ax,ax
tcl,s
sh,s
axr,r
s,s
v,v
r,r
aa,aa
l,l
r,r
ah,ah
th,z
axr,r
l,l
bcl,dcl
eh,eh
ux,ux
v,v
tcl,pcl
jh,jh
th,s
ih,ah
p,p
sh,sh
v,bcl
aw,ae
ay,ay
m,m
kcl,tcl
t,d
iy,iy
ax,ax
kcl,kcl
m,m
ao,ao
sh,sh
ow,ow
tcl,dcl
kcl,kcl
m,ng
tcl,dcl
p,p
ah,ah
m,m
ih,ih
z,z
d,t
m,m
m,m
dcl,tcl
w,w
oy,oy
s,s
dh,dh
iy,iy
pcl,pcl
iy,iy
s,s
ay,aa
dh,gcl
eh,ih
l,l
s,s
iy,iy
aa,aa
n,n
n,n
tcl,tcl
s,s
ch,ch
iy,iy
z,z
ae,ae
ch,ch
er,axr
ix,ix
q,q
dcl,dcl
ah,ah
r,r
ah,ow
el,r
m,n
tcl,tcl
pcl,pcl
z,z
tcl,kcl
ao,aa
y,y
kcl,pcl
y,y
ax,ix
dx,r
n,n
p,p
ng,ng
l,l
aa,aa
gcl,bcl
f,f
t,t
ix,ix
ix,ix
r,ix
l,l
ey,ey
dcl,dcl
m,m
n,n
tcl,pcl
axr,axr
k,k
iy,iy
r,r
oy,oy
ih,ih
tcl,tcl
axr,axr
ax,ax
r,r
axr,r
n,ng
r,r
l,dh
aa,aa
ih,ix
s,s
ae,ae
pcl,pcl
t,t
gcl,dcl
y,y
ow,ow
gcl,gcl
t,t
z,z
m,m
t,t
g,g
ux,ux
ay,ay
r,r
k,k
en,ix
z,z
ix,gcl
z,s
ix,ix
ix,ax
n,n
z,z
tcl,pcl
dh,z
ao,ao
bcl,dcl
aa,aa
z,z
dcl,dcl
r,axr
dh,dh
ow,ow
eh,ey
p,p
aa,aa
iy,iy
pcl,kcl
ax,l
w,w
ix,iy
m,m
s,s
r,r
aa,aa
ih,ih
m,ng
dh,n
dh,th
t,t
axr,axr
n,n
ao,ow
z,s
iy,ey
ah,ah
eh,eh
k,k
r,r
ix,ix
r,r
jh,sh
dcl,tcl
th,th
tcl,pcl
n,n
p,p
l,l
iy,iy
y,y
ae,ae
kcl,kcl
s,s
ch,ch
n,n
n,n
oy,oy
tcl,tcl
n,n
dx,dx
s,s
q,q
dcl,gcl
k,k
d,t
n,n
d,d
q,q
s,s
sh,sh
t,t
s,s
ix,ix
ae,ae
gcl,gcl
ey,ih
tcl,kcl
n,n
nx,n
l,l
eh,eh
ux,ux
aa,aa
ao,q
ih,ih
hh,dh
ow,ow
p,p
tcl,tcl
ix,ix
t,t
iy,iy
ch,ch
dh,f
aa,ao
dcl,gcl
gcl,dcl
s,s
eh,ix
z,z
t,t
kcl,kcl
r,r
aa,aa
ix,ih
k,k
l,l
ix,ih
iy,iy
hh,hh
k,k
r,r
s,s
sh,sh
iy,iy
ao,ao
p,f
tcl,pcl
dcl,dcl
pcl,pcl
t,t
z,z
dh,hh
iy,ix
aa,ae
aw,aa
k,g
y,y
z,z
jh,sh
ix,ix
l,l
ao,ao
ux,ux
ao,ao
ow,ow
iy,iy
l,l
v,v
ix,ix
n,n
z,s
ae,ae
m,m
r,r
w,w
bcl,dcl
dcl,pcl
l,l
ix,ix
r,r
s,s
eh,ih
iy,iy
r,r
iy,iy
tcl,tcl
el,l
t,t
iy,ix
s,s
gcl,kcl
l,ax
bcl,bcl
k,k
ay,aa
gcl,gcl
ow,ow
p,p
t,t
tcl,pcl
l,ax
ng,ng
aa,aa
tcl,gcl
l,w
m,n
r,r
r,r
aa,ao
tcl,dcl
bcl,m
jh,jh
ay,ay
ae,ae
kcl,kcl
z,z
l,l
en,ix
eh,ih
l,l
aa,ah
tcl,pcl
ah,ah
bcl,bcl
ao,ao
d,k
dcl,dcl
l,el
n,n
p,p
tcl,tcl
l,ax
ix,ix
ax,ax
r,r
tcl,kcl
hv,hv
axr,ix
ax,ah
ay,aa
aa,aa
dcl,dcl
er,axr
axr,axr
ow,ow
q,q
iy,ix
ae,ae
ey,ey
l,l
ax-h,ax-h
ax,ax
eh,ae
ch,ch
ay,ah
ae,aa
q,q
n,n
kcl,kcl
ae,ah
axr,er
s,s
gcl,kcl
l,l
n,m
kcl,kcl
iy,ey
bcl,bcl
ix,r
r,r
eh,ae
r,ix
ix,ih
l,ax
l,l
ah,er
ax,aa
pcl,bcl
oy,oy
dx,dx
ih,ax
ow,ow
t,t
en,en
tcl,tcl
ng,ng
ih,ih
d,dh
r,r
ih,ih
ey,ey
r,r
s,s
bcl,bcl
en,n
n,m
t,t
n,n
dx,n
kcl,kcl
k,k
nx,nx
th,th
ow,ow
ax,r
v,v
eh,ae
kcl,kcl
kcl,tcl
q,q
n,nx
ax,ix
tcl,tcl
axr,axr
n,n
er,er
n,ng
ax,ao
aa,aa
v,kcl
oy,oy
hh,k
ey,ey
n,n
kcl,kcl
eh,eh
axr,ix
kcl,kcl
axr,axr
tcl,tcl
axr,r
ow,ow
uh,ow
pcl,tcl
jh,t
r,r
tcl,pcl
ih,ix
el,el
ao,ow
m,m
tcl,dcl
ix,ax-h
gcl,kcl
l,l
uh,uh
dh,dh
k,k
ah,ah
l,l
iy,iy
ix,ix
tcl,tcl
ux,ax
r,aa
w,w
ix,ax
oy,oy
hh,hh
k,k
n,n
t,t
ey,eh
l,el
k,k
z,t
n,n
z,s
ay,ay
ae,ae
kcl,kcl
bcl,bcl
ix,ax-h
r,r
iy,iy
ow,ow
pcl,pcl
ao,ao
oy,oy
hh,hv
kcl,tcl
aa,aa
ao,aa
ix,ix
w,w
ey,ey
ix,ix
ih,ih
m,m
s,s
l,l
s,s
kcl,kcl
ay,ae
dh,dh
z,z
l,l
axr,axr
tcl,kcl
t,t
s,s
ay,ah
z,z
bcl,dcl
ah,ow
ix,ix
dcl,bcl
ay,ay
z,z
w,w
gcl,gcl
bcl,pcl
ax,ax
r,r
gcl,gcl
dcl,gcl
pcl,pcl
k,k
m,m
ay,ay
ax,ax
ix,ix
kcl,kcl
l,l
bcl,bcl
ao,ao
dh,m
dcl,dcl
tcl,pcl
ay,ay
dx,v
p,p
iy,iy
l,ix
z,s
p,p
n,n
pcl,pcl
ay,aa
ax,ax
kcl,kcl
n,n
pcl,kcl
f,f
tcl,tcl
z,z
ix,ix
er,er
r,r
q,q
dx,dx
r,r
gcl,gcl
r,r
t,t
ey,ay
s,s
m,m
dcl,bcl
jh,jh
z,z
s,s
l,l
s,s
iy,iy
pcl,kcl
d,ax-h
ax,r
iy,iy
nx,nx
f,f
g,g
pcl,pcl
ax-h,tcl
ae,ae
ix,ix
ah,ah
ax,ix
tcl,kcl
ix,ix
r,r
v,v
dcl,dcl
k,k
z,z
ih,iy
pcl,pcl
z,s
t,t
l,l
dh,n
s,s
ah,ah
th,f
dcl,pcl
axr,aa
s,s
l,ow
k,k
s,s
n,n
z,s
dcl,kcl
dcl,dcl
ax,ae
tcl,kcl
dcl,dcl
dcl,tcl
r,r
r,r
l,l
l,l
dcl,dcl
n,n
ao,q
kcl,ax-h
m,m
k,k
kcl,kcl
el,el
iy,iy
r,r
pcl,kcl
k,k
dx,dx
m,bcl
y,y
d,t
ng,ng
k,k
n,n
r,r
ah,ah
ih,eh
dcl,dcl
tcl,pcl
ae,ae
ah,ah
v,v
aa,aa
dx,dx
iy,iy
dcl,dcl
aw,ae
ih,ix
s,z
ao,ao
ax,ax
th,z
w,w
r,r
kcl,kcl
ao,ao
ao,ao
bcl,bcl
ae,r
ax,ax
n,n
eh,eh
l,l
ix,n
nx,n
th,dh
p,p
iy,iy
z,s
f,f
iy,ix
ah,ah
n,n
ow,ow
k,k
en,gcl
axr,er
ao,ao
iy,iy
aa,aa
r,r
jh,jh
t,ch
aw,ae
m,n
er,axr
sh,s
ay,aa
l,l
ao,ao
pcl,pcl
p,p
n,n
r,r
jh,jh
r,r
r,r
s,s
ae,ae
dh,ax-h
s,s
dx,dx
el,w
dh,th
pcl,pcl
ow,eh
ix,ax
pcl,kcl
s,s
ow,ow
z,z
er,axr
tcl,kcl
ey,ih
ix,ix
z,z
dcl,dcl
ix,ah
ah,ih
ix,ih
sh,sh
q,q
dcl,dcl
k,kcl
axr,r
l,l
axr,r
aa,aa
z,s
en,n
d,t
ix,ix
r,r
tcl,pcl
w,w
eh,ih
axr,r
dh,v
ae,ae
ao,ao
ao,ae
l,l
r,r
ay,ay
zh,s
dcl,dcl
er,er
f,f
iy,iy
t,t
p,p
uh,ax
ae,ae
m,m
ae,ae
m,m
r,r
er,axr
pcl,dcl
bcl,bcl
iy,iy
n,m
eh,ae
el,el
dx,dcl
iy,ix
ah,ah
gcl,gcl
k,k
l,l
pcl,tcl
kcl,kcl
ix,ix
dcl,dcl
ng,ng
r,r
s,s
ax,eh
p,p
er,er
ow,ow
iy,iy
ow,ow
n,ng
iy,iy
axr,ix
q,q
dh,t
m,m
axr,r
er,er
dx,dx
ay,ay
ux,ux
ay,ay
k,k
s,s
eh,ax
ah,ah
s,s
ay,ae
m,m
k,k
iy,iy
w,w
ix,ix
hv,n
s,s
ey,r
dcl,dcl
k,k
jh,ch
n,n
l,l
q,q
ah,ah
ux,ux
v,v
bcl,bcl
ix,ix
ay,er
er,er
k,k
ux,ux
m,m
t,t
ih,ih
axr,er
t,t
g,g
gcl,tcl
pcl,tcl
eh,eh
ix,ix
iy,iy
oy,oy
el,ao
eh,eh
r,r
dh,dh
k,k
ao,aa
dx,dx
er,r
dcl,m
z,z
iy,iy
s,s
l,ax
ah,ah
ow,ow
g,g
eh,eh
dh,dh
ah,aa
aa,aa
ng,bcl
s,s
gcl,dcl
t,t
m,n
th,th
axr,axr
k,k
eh,ih
ix,ih
ix,ix
axr,er
tcl,tcl
sh,sh
aa,aa
bcl,kcl
w,l
dx,d
s,s
er,er
z,s
dcl,dcl
ng,ix
s,s
ux,ux
aw,aw
ay,ay
y,hv
y,y
ax,ax
axr,axr
gcl,r
dh,dh
oy,oy
aa,aa
dcl,dcl
iy,ix
s,s
ae,ae
ux,ux
g,g
l,l
sh,sh
b,p
l,l
tcl,dcl
w,w
ah,aa
eh,ah
tcl,tcl
ax,ax
ao,ao
s,s
ae,eh
axr,axr
ay,ix
aa,aa
q,q
aa,aa
axr,eh
z,s
ey,ey
f,f
t,t
hh,hh
ay,ay
w,w
gcl,gcl
aa,aa
ch,s
aa,aa
el,el
tcl,pcl
ix,ix
kcl,kcl
g,k
ix,ah
n,n
n,nx
ix,ix
s,s
pcl,tcl
ix,ax
l,l
n,n
ow,ix
aa,aa
n,l
ih,ix
n,n
t,b
r,r
ax,ix
l,l
kcl,kcl
v,v
r,r
pcl,tcl
f,f
dcl,pcl
ih,ih
s,s
s,s
dcl,dh
z,z
n,n
tcl,pcl
w,gcl
sh,sh
kcl,kcl
l,uw
iy,iy
tcl,kcl
f,f
ng,n
l,l
tcl,tcl
dx,tcl
v,dcl
s,s
iy,iy
iy,iy
ix,ax
m,m
ow,l
l,ax
er,er
sh,sh
sh,sh
m,m
axr,er
ah,ax
dh,dh
z,z
m,m
p,p
ey,ey
ng,ng
iy,iy
el,el
ao,ao
dcl,kcl
m,ng
l,l
ix,ix
r,r
q,q
ae,ae
bcl,bcl
ax,ax
dh,dh
ae,ae
q,q
ih,ih
l,iy
iy,ix
s,s
q,ax
ao,ao
k,k
t,t
ix,ix
dcl,dcl
p,p
n,n
n,n
ae,ae
ae,ae
axr,ix
r,ih
r,r
ng,n
w,w
jh,jh
r,r
dcl,tcl
er,er
ix,ax
p,p
tcl,tcl
dcl,bcl
r,ix
er,axr
k,k
m,n
eh,eh
tcl,tcl
er,axr
dcl,dcl
ah,ah
l,l
ae,ae
ey,ey
k,k
f,v
l,l
tcl,tcl
eh,eh
iy,iy
dcl,dcl
r,r
eh,eh
r,r
gcl,kcl
ae,ah
bcl,dcl
ix,ih
s,s
s,s
t,t
t,t
ax,ax
k,g
er,axr
tcl,pcl
ix,ih
s,s
v,v
ix,ix
ih,ix
aa,r
tcl,tcl
k,k
s,s
n,n
kcl,kcl
kcl,pcl
n,n
n,m
iy,iy
q,q
ax,ax
ax-h,ax-h
n,n
ay,ay
ih,ix
er,er
aa,aa
pcl,kcl
w,l
s,s
l,l
axr,axr
ch,s
sh,sh
en,en
ah,eh
l,l
bcl,bcl
iy,iy
ix,ix
r,r
t,t
l,l
aw,ae
v,v
ae,ae
ix,iy
ae,ae
ih,ih
l,q
er,er
l,l
ih,ih
uw,uw
p,p
f,f
p,p
k,k
l,l
l,l
k,k
dcl,dcl
t,dh
gcl,r
ix,ix
em,m
m,ax
dx,dx
ch,ch
ae,ae
bcl,v
axr,axr
sh,sh
iy,y
p,p
iy,iy
z,z
ax,ix
y,y
ow,ow
dcl,dcl
d,d
er,axr
ix,ix
ao,aa
iy,iy
ax,ax
s,s
ng,gcl
r,aa
gcl,gcl
w,w
ah,l
gcl,gcl
n,n
iy,iy
g,k
t,t
t,t
w,w
iy,iy
dx,ix
l,l
p,p
iy,iy
bcl,bcl
l,l
pcl,pcl
ix,ix
aa,aa
r,r
p,p
iy,iy
er,er
axr,r
tcl,tcl
ow,ow
f,f
t,t
f,f
q,q
w,r
p,p
f,f
ix,ix
axr,ih
dh,dh
eh,eh
ah,ow
l,l
ah,ah
sh,sh
aa,aa
uh,ah
r,r
axr,axr
eh,ah
n,n
dcl,dcl
s,s
dx,dx
n,n
w,w
nx,dcl
er,axr
gcl,kcl
l,b
y,y
dcl,g
t,t
ao,aa
ax,ax
r,r
ow,ao
hv,jh
w,w
ng,gcl
l,l
dh,dh
iy,iy
axr,axr
ux,ux
oy,oy
kcl,pcl
s,s
l,l
sh,sh
aa,aa
ah,ax
dcl,dcl
bcl,pcl
iy,iy
n,n
ae,ae
gcl,dcl
ae,ae
hh,k
ix,ix
eh,eh
ix,ix
tcl,kcl
ng,n
q,q
eh,eh
ih,ix
g,g
axr,ih
r,r
iy,iy
bcl,pcl
q,q
bcl,dcl
ix,ix
d,t
n,n
axr,r
dcl,gcl
v,dcl
n,n
d,kcl
ae,ae
aa,aa
dcl,dcl
sh,ch
l,l
tcl,kcl
ay,ay
t,t
kcl,tcl
ah,eh
ey,iy
gcl,gcl
eh,ax
hv,hv
axr,axr
eh,eh
ix,ix
t,t
ih,ix
r,axr
p,p
l,l
axr,ix
iy,iy
r,ao
s,s
ih,ix
q,q
eh,r
aa,aa
aa,aa
dcl,dcl
eh,ix
ae,r
ix,ih
m,m
ah,ah
ah,ix
sh,sh
axr,axr
ey,iy
dh,t
v,dcl
gcl,gcl
w,w
r,r
w,w
eh,ix
tcl,pcl
dcl,dcl
ay,ey
axr,ow
f,f
n,n
hv,hv
ow,ow
kcl,tcl
ao,ao
f,f
n,n
l,l
pcl,kcl
s,s
ow,el
g,g
axr,ih
aa,ao
pcl,pcl
ix,ix
ax,ax
s,z
l,l
m,m
er,er
k,k
ux,ux
ih,ux
kcl,pcl
v,f
kcl,kcl
ey,iy
ix,ix
s,s
l,l
ay,ay
f,f
w,l
tcl,pcl
ah,ah
m,m
eh,eh
gcl,dcl
v,v
eh,eh
axr,r
iy,iy
ix,ix
ah,ah
ix,ix
ax,ix
bcl,bcl
ae,ae
pcl,kcl
t,t
s,s
n,n
z,s
dcl,dcl
kcl,kcl
oy,oy
uw,uw
ih,ih
tcl,ax-h
iy,iy
l,l
aa,aa
eh,er
l,l
q,q
s,s
kcl,kcl
m,m
dcl,d
en,en
ao,r
axr,ux
z,s
kcl,kcl
kcl,kcl
l,l
l,l
kcl,kcl
ay,ay
ix,ax
ax,ix
iy,iy
ax,ax
kcl,tcl
er,er
r,r
axr,axr
f,f
ih,ih
zh,sh
ih,ix
aa,q
l,ax
ix,ix
f,f
ix,ix
tcl,pcl
iy,iy
aa,aa
eh,ih
ae,ix
ow,ow
axr,er
w,r
pcl,pcl
m,m
eh,ah
ah,ah
v,m
ix,ix
ix,eh
gcl,gcl
hv,hv
dcl,tcl
aa,aa
dx,nx
dcl,dcl
l,ng
ix,ix
w,w
n,q
dh,k
dcl,kcl
l,l
y,y
p,ax
w,w
pcl,pcl
sh,ch
ih,ux
pcl,pcl
ay,ay
kcl,kcl
ow,ow
ao,aa
n,n
ey,ey
hv,hv
er,er
r,r
l,v
ix,ix
ay,ay
t,d
f,f
dcl,dcl
eh,ih
ao,ao
ah,ao
ay,ay
y,y
gcl,gcl
ax,ix
r,r
eh,eh
eh,eh
b,p
f,f
k,k
uw,uw
t,t
axr,axr
hh,k
kcl,kcl
w,w
p,p
ow,ow
ih,y
gcl,gcl
m,m
dx,ix
n,n
aw,aa
z,s
s,s
kcl,kcl
kcl,pcl
eh,ix
y,y
p,p
ix,ix
w,w
z,z
kcl,tcl
sh,sh
ay,ay
ih,ih
n,n
dx,z
uw,uw
ow,ow
m,m
gcl,gcl
kcl,kcl
s,s
ao,ao
th,th
ah,ah
el,ng
en,en
dx,dx
dcl,dcl
w,w
ix,ix
l,l
k,k
dx,dx
aw,aw
ax,n
y,ih
kcl,kcl
sh,sh
p,p
m,en
oy,oy
w,w
f,f
s,s
bcl,bcl
dh,ax-h
tcl,dcl
iy,ix
eh,r
hh,p
d,g
tcl,pcl
ux,ux
tcl,kcl
ax,ax
ih,ih
eh,eh
jh,d
tcl,tcl
ix,ix
ih,ih
ey,ey
uw,ux
aw,ah
bcl,bcl
ae,ae
ix,ix
ao,uw
el,ow
ix,ix
eh,ae
s,s
ix,ix
n,n
r,r
ix,ix
f,f
r,r
g,g
ix,ih
bcl,bcl
q,tcl
aa,aa
tcl,tcl
t,t
uw,uw
eh,r
ix,r
er,er
l,l
n,n
s,s
uw,ux
ae,ae
ix,ix
tcl,kcl
ae,eh
eh,ih
dh,dh
jh,ch
uh,ah
aa,aa
f,f
q,q
ah,ah
ao,ao
k,k
ao,ao
ae,ae
ae,ae
kcl,kcl
tcl,pcl
iy,iy
ay,aa
z,z
ae,ae
ih,ih
pcl,pcl
ao,ao
hv,hv
dcl,n
eh,eh
dcl,dcl
ix,ix
ay,ay
ay,ay
m,m
l,l
ah,eh
m,n
ux,ux
p,p
w,w
ao,ao
s,s
z,s
bcl,bcl
s,s
gcl,dcl
ih,eh
v,f
ix,ix
ax,ax
ow,ow
t,t
ow,ao
sh,sh
er,er
s,s
ix,ix
m,m
ih,ih
axr,r
ih,ih
iy,iy
ey,ey
k,k
hv,hv
ay,ay
ax,eh
dx,ux
pcl,pcl
m,m
r,r
f,f
ih,ix
v,ax
dcl,dcl
tcl,pcl
iy,iy
ay,ih
tcl,kcl
axr,axr
s,s
n,ng
iy,iy
n,n
oy,ey
n,tcl
iy,iy
l,l
d,d
l,l
er,er
q,q
v,v
ae,ae
ah,ah
ae,eh
l,aa
ao,ao
sh,sh
ae,ae
ay,aa
ae,ae
ih,ih
t,t
hh,hh
r,r
y,y
r,r
s,s
iy,ux
ao,ao
tcl,kcl
ao,ao
ao,ao
gcl,gcl
iy,iy
m,m
iy,ix
ey,eh
ae,ae
ax,ao
y,y
s,s
kcl,kcl
n,n
ow,ow
uw,uw
w,w
aa,aa
aa,ao
en,d
m,m
m,m
hv,hv
hv,p
bcl,bcl
ih,eh
tcl,kcl
n,n
kcl,kcl
ih,ih
ix,ix
y,y
er,er
eh,eh
iy,iy
iy,iy
bcl,kcl
dh,dh
kcl,pcl
sh,sh
g,g
dcl,dcl
iy,iy
pcl,pcl
q,q
n,n
iy,iy
dh,hh
uw,ux
en,n
ix,ah
axr,ix
z,z
pcl,pcl
ix,ix
tcl,kcl
dh,p
ae,ae
ih,ih
ix,ih
z,s
axr,r
s,s
bcl,dcl
s,s
iy,iy
dcl,dcl
dx,ix
r,v
ih,ih
ay,ax
ah,r
nx,nx
m,m
ux,ix
ng,ng
ae,ae
r,er
axr,axr
iy,iy
ey,ey
v,g
k,k
gcl,gcl
ay,ey
l,l
z,z
l,l
iy,iy
n,ng
l,l
r,r
v,v
k,k
ix,ix
tcl,dcl
s,z
p,p
l,l
er,axr
r,r
th,th
w,l
v,v
dcl,tcl
g,g
kcl,pcl
hh,hh
uw,ow
iy,iy
aa,aa
sh,hh
s,z
t,t
l,ng
l,l
l,l
bcl,bcl
y,iy
iy,iy
t,t
tcl,tcl
s,s
iy,iy
n,ax
sh,sh
ae,ey
axr,axr
ae,ae
ao,ao
bcl,pcl
ow,ow
ih,ix
m,n
hv,hv
aa,aa
r,r
m,bcl
ih,iy
m,n
iy,iy
r,r
ow,ow
l,l
ah,ah
n,ng
gcl,tcl
l,l
ah,ah
bcl,bcl
ae,ae
z,z
ow,ow
ix,ix
eh,eh
bcl,bcl
kcl,kcl
bcl,ax
n,n
r,aa
ah,ax
ay,ae
s,s
iy,y
s,s
z,s
ax,ax
ax,ax
uw,uw
ay,ay
l,ax
s,s
f,f
ow,ow
dcl,gcl
k,k
dx,dx
ix,ix
eh,ae
ax,ax
axr,ix
kcl,kcl
ix,ix
dx,dx
ax,ax
t,t
aw,aw
aw,aw
s,s
eh,ih
iy,iy
p,hh
iy,iy
iy,iy
ix,ix
r,r
z,z
el,el
ao,aa
m,m
ix,ix
axr,er
t,t
r,axr
ay,aa
ey,ix
k,k
eh,eh
m,m
iy,ix
s,s
w,l
tcl,tcl
v,v
kcl,kcl
dcl,dcl
l,l
dcl,dcl
ow,l
iy,iy
iy,iy
nx,n
dh,t
hv,hv
axr,axr
gcl,dcl
k,k
dh,dh
pcl,pcl
ey,ey
eh,eh
dcl,dcl
z,z
iy,iy
z,s
l,l
v,tcl
axr,r
w,w
ix,ix
n,n
hv,hv
y,y
tcl,kcl
kcl,pcl
dh,dx
er,er
ix,ix
ae,ae
n,n
axr,axr
l,l
k,k
axr,axr
r,r
tcl,pcl
ih,ih
ao,ao
iy,iy
axr,er
ix,ix
aa,ao
hh,kcl
ih,ih
s,s
kcl,kcl
r,r
s,s
ao,ao
kcl,kcl
y,y
r,r
z,s
m,m
r,r
tcl,kcl
q,q
r,r
s,s
uw,ux
kcl,k
ax,ax
n,n
ch,t
kcl,kcl
ey,ey
r,r
el,el
s,s
ix,n
ix,ih
iy,ix
uh,ax
ax,ax
aa,aa
dcl,dcl
q,q
er,r
v,v
z,s
ay,aa
ix,ix
ey,ey
dh,t
ih,ih
s,s
k,k
tcl,gcl
r,r
w,w
ey,ey
d,t
ay,ay
ng,ng
ow,ow
l,l
r,r
ih,ih
g,g
q,q
ey,ey
uw,ux
q,ix
iy,iy
pcl,bcl
dh,dh
ey,ey
ax,ix
v,v
hh,hh
z,z
q,q
z,s
r,r
tcl,kcl
z,z
w,w
n,n
hh,hh
d,g
nx,m
tcl,gcl
ix,ih
r,axr
uh,ax
ae,ae
n,n
ae,ae
r,ix
ae,ae
ah,ah
n,n
ng,ng
ae,ae
ux,ux
tcl,tcl
bcl,dcl
f,f
ao,ao
ow,ow
nx,nx
ah,ah
r,ax
em,en
ng,n
ix,ah
eh,eh
n,n
tcl,tcl
dx,dx
el,ow
m,m
m,m
axr,axr
dh,dh
iy,iy
eh,eh
l,ax
l,ax
m,m
q,tcl
ay,ay
bcl,bcl
w,w
n,n
ao,ao
axr,er
aa,aa
hv,hv
k,k
s,s
iy,iy
dcl,bcl
m,m
jh,jh
ih,ih
ao,ao
axr,axr
k,k
aa,aa
bcl,pcl
z,s
dcl,dcl
dh,dcl
gcl,gcl
q,kcl
dcl,dcl
iy,iy
aa,aa
ah,r
ih,ih
m,m
f,f
d,d
l,m
ix,ix
ux,ux
y,d
ix,ih
ae,ae
s,s
ix,ih
aa,aa
oy,oy
axr,er
ey,ey
n,n
ix,ix
aw,aw
w,w
iy,iy
ix,ix
f,f
y,y
aa,aa
r,r
l,aw
axr,axr
v,f
w,uw
ih,ih
eh,eh
kcl,pcl
n,n
en,en
dcl,dcl
ih,ih
iy,iy
pcl,pcl
tcl,kcl
m,n
ae,ae
d,dx
w,w
w,w
y,y
jh,jh
eh,eh
g,g
aa,ao
axr,r
ih,ix
r,r
s,s
n,n
z,s
k,k
m,m
ae,ae
d,d
ah,ah
t,t
k,k
ix,ix
ae,ae
ng,n
n,ng
dcl,dcl
n,dh
th,s
m,m
ih,ix
w,w
m,n
m,m
q,q
aa,aa
gcl,gcl
ae,ae
r,r
gcl,bcl
ch,t
ao,ao
ow,ow
ih,ih
bcl,bcl
ih,ih
ao,aa
ix,ix
s,s
gcl,gcl
r,r
n,n
r,r
er,axr
hv,hv
ih,ih
aw,aw
r,r
el,ax
hh,hh
k,g
s,s
sh,sh
r,r
m,m
n,n
t,t
kcl,pcl
k,k
s,s
iy,ih
ay,aa
s,s
l,l
m,m
ih,ih
s,s
ao,ao
tcl,tcl
l,l
g,k
r,r
iy,iy
ix,ix
s,s
iy,iy
ay,ay
dcl,tcl
ae,ae
r,r
t,t
aa,aa
tcl,tcl
f,f
l,l
y,y
ix,ix
y,y
dh,v
tcl,dcl
er,axr
q,q
uw,r
l,l
w,w
q,q
k,k
jh,jh
t,t
axr,r
er,aa
ae,ae
ey,ey
ah,ah
er,er
ng,ng
z,z
ix,ih
sh,sh
w,w
iy,iy
bcl,bcl
ey,ey
sh,sh
eh,eh
z,z
q,q
ah,ah
eh,ix
iy,iy
kcl,kcl
t,t
iy,iy
m,n
ax,ax
g,k
l,ix
f,f
n,n
t,t
f,f
dcl,tcl
axr,er
l,l
g,g
axr,axr
ix,ih
r,r
ix,ih
m,n
kcl,kcl
s,s
ah,aa
z,s
axr,ux
dcl,dcl
pcl,pcl
kcl,kcl
s,s
m,m
iy,iy
t,t
k,k
s,s
ih,ih
tcl,kcl
p,p
dcl,dcl
f,f
ax,ax
em,n
tcl,tcl
dcl,dcl
y,ih
r,r
r,r
jh,jh
ix,ax
ih,ih
gcl,dcl
r,r
w,w
dcl,dcl
ix,hv
el,l
jh,g
s,s
ae,ae
ih,ix
tcl,kcl
r,r
f,f
f,f
ay,ay
ax,ax
axr,r
l,l
y,q
axr,r
k,k
r,r
ae,ae
s,s
s,s
iy,iy
v,v
n,n
tcl,kcl
z,z
kcl,pcl
s,s
tcl,pcl
ow,ow
en,m
jh,ch
tcl,dcl
sh,sh
ey,ey
t,b
ah,ax
r,r
er,axr
t,s
m,n
ih,ih
d,g
ix,ix
oy,ao
axr,axr
z,z
sh,jh
er,er
r,r
ix,ix
hv,pcl
aa,aa
bcl,m
eh,eh
p,p
ix,ix
dcl,dx
ih,ih
s,z
n,ng
r,r
iy,iy
ao,aa
z,s
hh,hh
ix,ix
ax,ah
nx,dh
er,r
w,w
v,v
ao,ao
uw,uw
ix,ix
ix,ix
ow,ah
sh,s
s,s
ey,iy
ng,ng
dcl,dcl
ih,ux
pcl,pcl
jh,ch
iy,ax-h
m,ng
r,r
ux,ux
r,aa
sh,s
ax,ax
ix,ey
eh,eh
k,k
ax,ix
eh,eh
n,nx
iy,iy
s,s
y,y
axr,r
ae,ae
iy,ih
m,m
ax,ah
iy,ix
s,s
r,r
z,z
r,r
ao,ao
q,q
ey,iy
tcl,tcl
y,y
kcl,tcl
ey,iy
ih,ih
ix,ix
ah,ah
iy,iy
w,w
eh,eh
ax,ow
s,z
n,n
t,t
m,n
kcl,kcl
d,g
ax,ah
bcl,dcl
sh,sh
ix,ix
tcl,tcl
iy,iy
l,l
k,k
f,v
aa,aa
ix,ax-h
oy,oy
ix,ix
n,n
p,p
axr,axr
aw,aw
r,aa
kcl,tcl
ay,ix
n,n
k,k
tcl,n
s,s
pcl,bcl
l,l
ax,ng
ey,iy
r,r
n,n
er,axr
ix,ix
y,iy
s,z
gcl,gcl
r,r
ix,ix
ax,ax
ax,ax
w,w
kcl,kcl
ao,ao
k,k
g,k
kcl,pcl
sh,sh
n,n
ax,ix
eh,eh
d,t
sh,sh
iy,iy
g,k
dh,ix
r,r
k,k
s,s
w,w
eh,eh
bcl,bcl
ix,ix
n,n
p,p
axr,axr
ax,ix
q,q
t,t
aa,ah
iy,iy
ih,ix
n,n
ih,ix
ux,ux
sh,sh
gcl,gcl
l,l
gcl,kcl
ux,ux
l,l
v,tcl
er,er
ux,ux
t,t
ih,ix
y,y
ow,ow
s,s
el,el
ao,aa
iy,iy
m,m
gcl,axr
dcl,n
aa,aa
m,m
dcl,dcl
m,m
eh,ih
s,s
ow,ow
g,g
axr,r
zh,zh
kcl,tcl
sh,sh
m,m
k,k
ax,ax
kcl,kcl
iy,iy
nx,n
tcl,tcl
sh,s
n,n
l,l
k,k
l,l
ih,ih
dcl,bcl
y,ux
m,m
ux,ix
ay,ay
bcl,dcl
l,l
n,n
ao,ao
p,p
ae,ae
oy,oy
eh,eh
t,jh
t,t
m,n
eh,ih
g,k
tcl,kcl
eh,eh
kcl,kcl
ix,ix
ih,ih
l,l
p,p
dx,dh
kcl,kcl
s,s
kcl,kcl
th,th
sh,sh
l,ah
ih,ix
ix,ih
v,v
kcl,pcl
r,r
ey,ey
kcl,kcl
n,n
ow,ow
pcl,pcl
ao,ao
er,er
r,r
d,ix
t,t
er,er
ix,ix
ix,ix
axr,axr
s,s
ux,ux
aa,aa
ih,ix
ix,ix
kcl,tcl
p,p
ay,ay
ah,ah
w,w
ae,ae
er,er
axr,axr
ax,ax
aa,aa
l,ax
iy,iy
q,q
axr,axr
s,s
ey,ey
ih,ih
ix,ix
ay,ay
ix,ix
el,el
tcl,tcl
tcl,tcl
k,k
dh,dh
eh,eh
ix,ix
eh,eh
bcl,bcl
kcl,kcl
th,f
jh,ch
ix,ix
tcl,tcl
dcl,kcl
ae,eh
d,d
tcl,tcl
t,t
sh,sh
p,p
l,l
ix,ix
m,ax
ux,ux
ay,ay
tcl,pcl
ih,ih
ae,ae
s,z
kcl,kcl
r,r
ah,ah
k,k
tcl,tcl
em,w
ow,ow
f,p
z,z
ax,ax
m,m
tcl,ax
ch,ch
pcl,pcl
dcl,dcl
dh,gcl
er,er
m,m
l,l
dh,dh
nx,n
ix,ix
k,k
aa,ao
l,l
s,s
s,s
n,n
g,k
l,l
eh,eh
iy,iy
ae,ae
r,r
w,w
axr,ax
n,m
iy,iy
kcl,pcl
q,q
iy,iy
n,n
r,r
axr,er
t,t
s,s
aw,aw
ao,ao
f,f
dh,dx
q,q
bcl,bcl
ix,iy
q,q
t,t
ao,ao
k,g
r,r
ay,aa
sh,s
aa,aa
ey,ey
aa,aa
ah,aa
v,v
r,r
ey,ey
dh,b
kcl,kcl
ah,ax
iy,iy
iy,iy
v,v
l,v
n,tcl
ih,ih
sh,s
s,s
tcl,pcl
r,r
ae,ae
t,t
ow,ow
t,t
s,s
l,m
q,q
ux,ux
dcl,pcl
k,kcl
p,p
m,m
aa,aa
ix,iy
w,w
s,s
hv,hv
axr,axr
n,n
r,r
jh,ch
dx,dx
ng,ng
l,l
bcl,dcl
d,d
kcl,kcl
kcl,kcl
ax,ax
el,el
iy,ix
pcl,kcl
t,t
q,tcl
w,w
tcl,tcl
ah,ah
l,l
n,n
f,f
er,er
ao,l
kcl,pcl
r,r
n,n
ay,ay
n,n
z,z
ao,ao
m,m
ix,ax
l,r
ax,n
kcl,kcl
ix,ix
m,m
aa,aa
ax,ax
bcl,dcl
p,p
tcl,tcl
sh,sh
n,n
sh,sh
z,z
gcl,kcl
ay,ay
eh,eh
iy,iy
bcl,bcl
f,f
ey,ey
ao,ow
z,z
ix,ux
n,n
dcl,dcl
kcl,kcl
ix,axr
ax,r
n,n
ix,ix
ah,aa
dh,dh
r,r
ih,ih
nx,nx
s,s
ah,ah
oy,oy
z,z
n,n
s,z
ae,ae
ow,ow
jh,jh
n,n
b,b
ax,ax
t,t
ih,ax
bcl,kcl
s,s
iy,ih
k,k
l,l
ah,ax
iy,iy
s,s
ux,ix
bcl,dcl
l,ax
eh,eh
k,k
q,q
tcl,tcl
t,t
t,t
ow,ow
ax,el
uh,ax
sh,s
ay,ay
v,v
dh,dh
dh,dh
m,m
ow,ow
m,n
r,r
ax,ax
axr,er
v,v
iy,iy
s,s
t,t
dcl,dcl
tcl,tcl
k,k
l,r
eh,ix
ow,ow
r,r
y,y
dh,t
n,n
aa,r
ax,ax
axr,axr
ah,ao
el,el
ch,ch
ix,ix
iy,iy
hh,hh
iy,iy
r,r
d,k
s,s
iy,iy
ax,ax
l,l
gcl,kcl
eh,ah
dh,dh
ih,eh
n,n
l,l
r,r
aa,aa
r,r
kcl,pcl
z,z
f,f
n,en
ah,ah
aa,ao
ax,ix
p,p
t,t
r,r
sh,s
ae,ae
axr,r
tcl,tcl
pcl,pcl
r,r
ay,ay
dcl,dcl
kcl,kcl
ae,ae
axr,er
iy,iy
r,r
iy,ax-h
ix,ix
gcl,kcl
tcl,tcl
axr,r
ao,ao
z,z
er,er
ux,ux
t,t
eh,eh
z,z
ax,ax
tcl,tcl
ow,ow
dh,dh
tcl,dcl
ow,ow
r,r
kcl,kcl
q,q
iy,ih
ax,ax
er,er
l,ax
m,m
ah,er
uw,uw
ah,ah
dcl,dcl
axr,axr
sh,sh
w,en
p,p
ng,ng
s,z
r,r
ix,ix
t,t
m,ng
kcl,kcl
l,l
q,iy
ow,ow
jh,jh
axr,r
kcl,kcl
ih,ih
ix,ix
ae,ae
jh,jh
ax,ax
axr,r
k,k
kcl,kcl
ey,ih
iy,iy
hv,hv
ix,ix
s,s
tcl,pcl
s,s
n,n
bcl,bcl
nx,nx
dh,dh
kcl,kcl
r,r
ax,ax
oy,oy
ix,ih
iy,iy
dcl,kcl
z,s
s,s
ix,ix
oy,oy
s,s
tcl,kcl
aa,ao
ih,ih
ix,ix
eh,ih
aa,aa
ah,r
ah,eh
ae,ae
gcl,gcl
z,z
axr,axr
iy,iy
r,r
ix,ix
pcl,bcl
ao,uw
eh,eh
pcl,pcl
ae,ae
r,r
s,s
s,s
pcl,pcl
tcl,kcl
m,ng
ah,ao
oy,oy
k,k
kcl,kcl
ix,ix
ix,ix
ow,ow
s,s
m,n
ae,aa
z,z
l,l
aa,aa
ay,aa
t,t
aw,aw
s,s
q,q
ow,ow
k,k
ch,ch
ix,ix
m,m
b,b
q,q
s,s
bcl,bcl
ix,ix
p,p
ix,iy
sh,sh
eh,ih
ah,ah
dx,dx
ow,ow
m,m
axr,er
ae,ae
ix,ah
ih,ix
ah,ah
axr,axr
kcl,pcl
ix,ih
bcl,pcl
n,n
ao,ao
dcl,dcl
t,t
aa,aw
dh,dh
ae,ae
axr,axr
m,m
tcl,tcl
ix,ix
bcl,dcl
dcl,dcl
n,n
ow,ow
ux,axr
kcl,kcl
ah,ah
t,z
tcl,tcl
q,q
eh,ae
ax,ix
n,n
f,f
ah,ah
eh,r
ax,v
aw,aa
gcl,dcl
ow,ey
d,dh
el,el
aa,ah
z,z
ao,aa
s,s
ao,ow
r,aa
ae,ae
w,w
s,s
iy,iy
b,p
ey,ey
l,l
axr,ix
ae,ae
z,s
n,n
ih,ih
iy,iy
ix,ih
ih,ix
axr,axr
ax,ax
q,q
z,z
y,iy
q,q
ix,iy
f,f
sh,sh
b,b
ey,ey
ih,ih
aa,aa
s,s
kcl,kcl
z,z
r,r
sh,sh
m,m
ey,ey
ih,ih
ix,ix
axr,r
r,r
dcl,bcl
tcl,tcl
ix,ix
ix,ix
z,s
ay,ae
ix,ix
d,d
ix,ix
r,r
tcl,tcl
w,w
p,p
k,k
z,z
ay,ay
q,ix
ao,ax
pcl,kcl
tcl,tcl
ng,ng
k,k
gcl,pcl
iy,iy
axr,r
axr,r
r,r
m,m
eh,eh
dx,gcl
aa,aa
f,f
z,s
m,m
ey,ey
dcl,dcl
eh,ix
dcl,n
f,f
kcl,kcl
axr,r
q,q
kcl,tcl
m,m
n,n
s,s
ey,ey
uw,ux
r,v
l,l
l,l
l,l
dh,th
ng,n
l,l
ix,ix
kcl,kcl
s,s
kcl,kcl
pcl,pcl
k,k
bcl,bcl
l,l
m,gcl
ix,ix
l,l
th,th
w,w
axr,en
l,l
iy,ux
y,y
ae,ae
ow,ow
er,er
aa,aa
dcl,dcl
tcl,kcl
t,d
sh,sh
t,t
tcl,tcl
q,q
ax-h,z
gcl,tcl
k,k
iy,iy
ow,ow
f,f
iy,iy
m,l
m,n
tcl,tcl
ao,ao
d,d
r,r
dx,dx
p,p
m,m
p,hh
dcl,dcl
z,z
k,k
dcl,dcl
bcl,bcl
ax-h,bcl
ix,ah
ae,ae
ah,ah
aa,aa
dx,dx
iy,ih
t,t
en,en
pcl,pcl
tcl,dcl
axr,axr
y,y
eh,eh
ih,ax
p,p
ix,ix
ay,ay
n,n
iy,iy
tcl,dcl
tcl,kcl
iy,iy
k,k
w,ax
pcl,pcl
ay,ao
t,k
ix,ix
s,s
g,g
r,r
axr,r
bcl,bcl
ix,ng
r,r
uw,uw
iy,iy
s,s
tcl,dcl
tcl,tcl
axr,r
m,m
ah,ah
ey,ey
iy,iy
eh,eh
ae,ae
aa,ah
ch,t
z,s
ax,ix
iy,iy
p,p
z,z
ih,ih
m,m
l,l
l,l
oy,oy
nx,dx
sh,sh
q,r
oy,oy
m,m
ow,uw
eh,ih
ih,ih
r,r
s,s
oy,oy
p,p
f,f
z,z
ey,ey
ey,iy
eh,ih
hh,hh
sh,sh
bcl,bcl
s,s
w,w
axr,r
axr,axr
p,p
ux,ux
ix,ix
ae,ae
l,l
z,t
l,l
n,n
sh,sh
ih,iy
aa,aa
bcl,bcl
ng,n
ow,ow
g,g
oy,oy
dx,dx
ix,ix
r,r
dh,dh
m,m
l,l
w,w
ix,ix
ix,ih
kcl,kcl
bcl,bcl
ix,ux
dcl,dcl
r,r
s,z
p,p
s,s
aa,aa
ix,ix
ih,ih
dh,n
ah,aa
kcl,k
ix,ix
ix,ix
dx,dx
r,r
k,k
ix,ix
w,w
iy,ix
t,t
ay,ae
ey,eh
r,r
aa,aa
q,q
tcl,tcl
iy,iy
ax,ax
r,r
v,v
k,k
tcl,dcl
f,f
n,n
m,m
iy,iy
k,k
y,y
ix,ix
m,m
ng,ng
ay,ay
hv,hv
ih,ih
b,b
ih,ow
n,n
tcl,tcl
q,ix
gcl,kcl
ae,eh
bcl,bcl
r,r
m,v
v,v
k,k
n,n
t,t
ah,ah
ey,ey
ae,ae
r,r
ix,ih
tcl,q
ay,ay
bcl,dcl
gcl,n
ae,ae
kcl,kcl
s,s
iy,hv
iy,iy
k,k
dcl,dcl
iy,iy
kcl,tcl
kcl,kcl
ng,ng
iy,iy
ix,ix
r,r
q,q
q,q
ae,ae
ow,ao
dx,dx
iy,iy
oy,oy
ih,iy
s,s
ix,ih
ao,aa
n,dcl
ae,ae
ix,ix
ay,ay
axr,r
k,k
n,ng
s,s
hv,hv
l,l
kcl,kcl
w,uw
ix,ix
v,v
l,l
sh,sh
axr,axr
t,t
tcl,pcl
r,r
ao,ao
s,s
nx,n
en,n
tcl,pcl
t,t
dh,pcl
kcl,kcl
sh,p
eh,ey
dcl,pcl
iy,iy
kcl,gcl
eng,en
z,s
dcl,n
aa,aa
iy,iy
ey,iy
ix,ix
dcl,dcl
m,m
l,l
hh,hh
ax,l
sh,sh
axr,r
k,g
n,bcl
s,s
t,t
er,er
l,w
er,er
s,s
kcl,kcl
ng,ng
r,v
eh,eh
r,r
er,er
jh,z
q,q
k,k
s,s
t,ch
ah,ah
eh,eh
n,n
w,w
ux,ux
ey,ey
sh,s
uw,uw
kcl,kcl
k,k
ih,ih
s,s
ux,ux
aa,aa
ih,ih
ih,ix
er,er
ow,ao
ao,ao
w,w
f,f
ay,ay
gcl,gcl
kcl,gcl
ah,ah
iy,ux
er,axr
g,g
ao,aa
gcl,gcl
kcl,tcl
iy,iy
d,d
s,s
hh,hh
m,m
d,b
m,m
dcl,nx
k,k
ux,ux
ix,ix
m,m
bcl,bcl
s,s
aa,aa
eh,ah
eh,eh
er,r
w,w
m,m
iy,iy
ay,ay
ow,ah
kcl,kcl
ae,eh
er,er
sh,sh
aa,aa
ih,ih
dcl,bcl
t,t
ah,ah
s,s
eh,ae
tcl,tcl
aa,aa
dcl,dcl
ng,v
eh,eh
sh,s
l,l
eh,ae
l,l
aw,aw
ix,ix
t,s
d,t
l,l
bcl,bcl
sh,s
tcl,tcl
w,l
ao,aa
ey,ey
t,t
n,dx
gcl,gcl
ch,ch
l,l
z,z
l,l
r,r
sh,jh
ax,ah
ax,ix
n,m
ix,ax-h
n,m
m,m
k,k
g,g
y,y
ix,ix
n,ng
ax,r
dcl,tcl
kcl,tcl
bcl,bcl
ae,ae
ux,iy
m,m
el,el
ah,ah
n,n
l,w
w,w
ah,ah
hh,hv
dh,dh
v,v
gcl,n
t,t
dcl,bcl
l,r
ix,ix
m,m
el,el
dcl,dcl
ae,ae
eh,ih
sh,sh
ao,ao
ah,ah
d,t
hh,hh
ah,ae
m,m
axr,axr
k,k
l,l
r,r
ux,ux
el,el
ay,ay
l,l
eh,eh
p,f
dcl,dcl
dcl,dcl
bcl,bcl
iy,iy
z,z
d,g
dcl,dcl
axr,r
ux,ux
zh,sh
m,m
m,v
p,b
k,k
m,m
dh,dh
w,w
dx,dx
n,ng
hh,hh
ix,iy
en,n
iy,iy
dcl,tcl
d,g
pcl,kcl
l,l
er,er
n,n
ah,ah
n,n
d,d
ix,ix
t,t
th,f
w,l
nx,n
f,f
ow,ow
pcl,kcl
ae,ae
bcl,gcl
iy,iy
tcl,pcl
ax,el
y,y
l,l
s,z
hv,hv
uh,el
ax,ax
er,er
dh,hh
gcl,gcl
ao,aa
tcl,kcl
dcl,dcl
r,r
r,er
ae,ae
ix,ix
sh,sh
ay,ay
tcl,tcl
r,r
k,k
ax,ax
r,r
l,w
sh,sh
ng,n
r,r
k,g
er,er
ih,ih
ix,ax
w,w
kcl,pcl
aa,aa
tcl,tcl
n,n
l,l
s,s
iy,iy
ow,ow
ix,ix
n,n
n,nx
el,r
er,er
iy,iy
z,z
ay,ay
r,r
gcl,n
k,k
iy,iy
th,k
ae,ae
v,th
tcl,tcl
eh,r
dcl,gcl
dcl,n
aa,aa
s,sh
dh,dh
axr,axr
dx,dx
ix,n
s,s
n,n
q,en
ch,sh
n,n
dcl,dcl
w,w
hv,hv
t,t
bcl,pcl
ix,ax
ow,l
eh,eh
s,s
er,r
pcl,pcl
sh,sh
bcl,bcl
eh,eh
dx,dx
tcl,tcl
iy,iy
aa,aa
gcl,gcl
d,d
f,f
aa,aa
n,n
ih,ih
dcl,dcl
tcl,tcl
s,s
ng,n
p,p
ix,ix
kcl,kcl
ih,ih
k,g
z,z
l,aw
m,m
n,n
ao,aa
f,f
ng,n
k,k
n,nx
l,l
ng,ng
n,v
ng,ng
m,m
iy,iy
ux,ux
eh,ih
aa,aa
er,axr
s,s
tcl,tcl
ux,ux
l,l
w,w
eh,eh
ix,ih
k,g
f,s
r,r
ix,iy
z,z
r,r
ix,ix
ae,ae
aa,aa
axr,axr
aa,aa
s,s
iy,iy
s,s
z,z
p,hh
l,l
g,g
l,l
ae,ae
el,el
iy,iy
iy,iy
iy,iy
r,r
ih,ix
ix,ix
iy,iy
ae,ae
f,f
sh,ch
bcl,bcl
ih,ix
kcl,kcl
ix,ay
n,m
r,w
ax,ix
m,m
ux,ux
ax,l
iy,iy
n,n
eh,eh
ao,aa
tcl,gcl
tcl,tcl
r,r
r,r
l,ax
eh,ix
ix,ix
ng,ng
q,q
pcl,tcl
t,s
y,ix
q,q
ax,ax
ax,ax
r,axr
dcl,dcl
uh,uh
s,s
ay,ae
sh,sh
ih,ix
r,r
aa,aa
l,l
iy,iy
y,y
kcl,kcl
dh,hh
ow,ow
y,y
z,z
ey,ey
k,k
s,s
ax,ix
k,k
l,l
iy,iy
w,w
sh,sh
gcl,dcl
ax,ah
sh,sh
ix,r
dcl,dcl
w,w
l,l
ch,ch
tcl,tcl
l,l
uw,ux
r,r
ao,ao
pcl,pcl
y,y
s,s
k,k
w,w
ix,ix
ax,ax
axr,r
aa,ao
ix,r
kcl,kcl
ay,ay
hh,hh
ix,ix
s,s
gcl,ng
ux,ux
tcl,kcl
tcl,dcl
r,ae
ay,ay
ix,ih
l,l
ao,ao
l,l
dcl,pcl
n,n
aa,aa
ch,t
q,q
ow,ow
n,n
y,ix
n,ng
dcl,tcl
ih,ih
dcl,dcl
th,tcl
iy,iy
ao,ao
eh,ih
n,n
ax,ax
ow,ow
w,l
ax,n
ah,ah
axr,r
uh,ah
ux,ix
r,r
iy,iy
aa,aa
hh,hh
eh,eh
ah,ah
ih,ih
tcl,tcl
s,s
ao,ao
m,m
n,n
dcl,tcl
t,t
pcl,pcl
d,t
w,w
er,axr
p,d
ey,eh
f,f
eh,eh
ey,ey
nx,nx
s,z
l,l
f,f
eh,ix
em,m
z,z
ax,ax
tcl,tcl
l,l
ey,iy
ih,ih
ae,ae
ow,ow
bcl,bcl
kcl,kcl
q,ix
ae,ae
m,n
f,f
kcl,kcl
s,z
tcl,dcl
b,b
q,q
er,er
k,k
sh,sh
eh,ix
ix,ix
ae,ae
axr,axr
axr,ix
dh,th
axr,r
r,r
kcl,kcl
n,dcl
pcl,pcl
eh,ah
p,p
s,s
er,axr
ih,ix
bcl,bcl
em,m
k,k
iy,iy
dcl,bcl
ax,ix
t,k
ae,ae
s,s
ih,ih
n,n
ih,ih
ux,ix
ah,ix
iy,iy
t,t
kcl,pcl
pcl,pcl
v,v
q,q
tcl,tcl
zh,sh
n,n
ey,ey
eh,eh
ae,ae
f,f
th,th
ix,ix
er,er
ih,eh
iy,ih
y,y
ay,ay
v,v
ix,ih
iy,iy
y,y
n,l
gcl,kcl
tcl,tcl
uw,ux
r,r
n,n
gcl,dcl
ih,ih
v,v
n,n
kcl,tcl
f,f
sh,sh
f,f
v,v
d,t
ih,ih
tcl,q
aa,aa
pcl,tcl
dcl,bcl
r,r
l,l
s,sh
ah,ah
aa,aa
er,er
dh,dh
ey,ey
n,gcl
ix,ix
iy,iy
dcl,m
t,t
s,s
ch,ch
iy,iy
ay,ah
s,s
iy,ix
k,k
dh,dh
m,m
k,k
nx,n
n,ng
iy,iy
eh,eh
iy,iy
g,g
p,hh
ix,ih
ix,l
tcl,tcl
y,y
z,z
r,r
nx,nx
iy,ix
v,v
ao,ao
w,l
z,z
w,w
z,z
v,r
k,kcl
iy,iy
m,m
iy,iy
ax,ax
k,k
er,axr
ix,ix
n,n
eh,eh
er,er
ay,ay
ae,ae
tcl,tcl
n,dcl
ix,ix
z,z
p,hh
y,y
g,k
hv,hv
tcl,tcl
axr,ih
pcl,pcl
ix,ix
dcl,dcl
dcl,dcl
dh,dh
s,s
ix,ix
n,n
m,m
nx,n
hh,pcl
aa,aa
n,n
zh,sh
kcl,kcl
r,r
w,w
y,y
s,z
uh,uw
ax,ih
ih,ih
eh,ay
uw,uw
z,z
ah,eh
m,m
t,t
ae,ae
ah,aa
w,w
tcl,q
eh,ah
r,r
iy,iy
t,d
s,s
l,w
eh,ih
ao,ao
g,g
ay,ay
tcl,tcl
tcl,kcl
r,r
ao,ao
pcl,pcl
ih,ix
dx,dx
r,r
tcl,tcl
ow,ow
s,s
q,q
er,er
t,t
bcl,bcl
l,w
hh,hh
ih,en
r,ix
eh,eh
bcl,dcl
ah,ah
eh,eh
l,l
pcl,kcl
l,l
jh,jh
ih,ih
ay,ay
iy,iy
ae,ae
ae,ae
w,w
gcl,pcl
z,s
gcl,gcl
m,m
n,n
s,s
n,n
s,s
dx,n
ah,ah
el,el
kcl,kcl
ix,ix
n,n
v,v
ao,ao
l,l
dh,ix
iy,iy
sh,sh
f,f
ux,ux
axr,axr
dcl,dcl
g,g
en,en
ey,iy
iy,iy
iy,iy
n,n
kcl,kcl
hv,hv
q,q
ay,ay
ix,ih
dh,dh
w,w
ih,eh
r,r
ow,ow
n,n
k,k
kcl,kcl
aw,ao
gcl,dx
eh,ah
m,n
eh,eh
ow,ow
iy,iy
dx,gcl
g,g
s,s
k,k
iy,iy
ux,ix
y,y
jh,jh
w,l
kcl,gcl
dcl,dcl
ao,ao
k,k
l,l
w,ao
t,t
oy,oy
aa,aa
z,z
ah,ao
hv,hv
d,b
iy,y
ao,ao
sh,sh
ax,en
ix,ix
ax,q
k,k
ix,ix
iy,iy
er,er
ey,iy
er,er
jh,ch
iy,iy
m,n
r,ow
z,z
t,t
ae,ae
tcl,en
s,s
k,k
t,t
l,w
jh,ch
r,r
ey,ey
gcl,dcl
t,t
iy,iy
t,t
n,n
y,y
l,l
dh,dh
f,f
y,y
y,y
en,n
ax,ax
ix,ax
q,q
ay,ay
n,n
f,f
iy,iy
f,f
k,k
ih,ih
aa,ao
s,s
k,k
pcl,tcl
f,f
f,f
ey,ey
dcl,dcl
s,s
pcl,pcl
f,f
eh,eh
kcl,kcl
tcl,tcl
pcl,pcl
dx,dx
t,t
l,l
ow,ow
pcl,pcl
ae,ae
iy,iy
r,axr
kcl,kcl
pcl,tcl
z,z
s,s
gcl,gcl
er,er
ix,ix
ah,ah
tcl,tcl
ix,ix
ix,ix
tcl,tcl
ae,ae
ay,ay
ix,ix
l,el
m,n
ey,ey
ix,ih
uh,uh
ix,ix
tcl,kcl
uh,uh
s,s
kcl,kcl
ih,ax
iy,iy
n,n
z,s
k,k
l,l
iy,iy
s,s
eh,ah
p,p
aa,aa
gcl,gcl
ih,ux
iy,iy
ae,ae
r,r
sh,s
f,f
iy,iy
eh,ih
ah,ah
ix,ix
r,r
er,er
tcl,tcl
dh,b
ix,ix
iy,iy
q,q
s,s
v,v
r,r
hh,hh
s,s
s,s
ey,ey
el,el
ao,ao
p,hh
eh,axr
ow,ao
iy,iy
ao,ao
bcl,bcl
ah,ah
ix,ix
ah,ah
jh,t
n,nx
jh,jh
d,t
ae,ae
dx,dx
dcl,dcl
g,g
aa,aa
iy,iy
pcl,kcl
ch,ch
l,r
axr,er
n,nx
dcl,dcl
dcl,dcl
n,n
n,n
iy,ix
n,n
jh,jh
ae,ae
eh,ih
w,w
dh,v
axr,ih
m,m
ax,ix
v,v
kcl,pcl
t,t
tcl,tcl
ix,ix
iy,iy
ao,ao
ao,ao
ow,ow
iy,ux
l,l
dcl,dcl
ih,iy
s,s
eh,eh
v,v
ix,ix
p,b
f,f
ix,ix
s,s
m,m
q,q
ux,ix
kcl,kcl
aa,aa
n,n
hv,hv
ae,ae
ow,ao
aw,aw
s,s
er,axr
gcl,gcl
iy,iy
s,sh
m,m
f,f
ao,aa
t,g
axr,axr
ih,iy
m,n
dh,dh
tcl,tcl
tcl,kcl
l,l
w,w
m,m
s,s
ih,eh
iy,iy
l,l
ao,ao
ao,ao
k,k
q,ax
k,k
f,f
tcl,tcl
s,s
ah,ah
w,ow
v,f
g,kcl
r,r
ix,ix
ih,ih
ax,ih
z,z
el,el
er,axr
l,l
n,n
ax,ax
gcl,gcl
ux,ux
kcl,kcl
r,r
n,gcl
nx,nx
sh,sh
ix,ix
ay,ay
l,ix
er,r
kcl,kcl
ao,ao
ey,ey
y,y
eh,eh
dh,dh
uh,uh
iy,iy
t,t
tcl,kcl
ao,ao
aa,aa
sh,sh
n,n
eh,ix
ax,ax
w,uw
dcl,dcl
ix,ax
hv,hv
t,t
dcl,dcl
ao,ao
r,r
aw,aw
s,s
axr,axr
ah,ah
l,ax
k,k
n,n
m,m
f,kcl
er,axr
t,t
tcl,tcl
n,n
r,r
q,q
tcl,dcl
ao,ah
l,l
l,l
axr,r
l,l
ow,ow
w,w
z,z
el,el
l,l
ih,ax
uh,ax
ix,ix
f,f
tcl,n
gcl,gcl
ah,ah
iy,iy
ix,ix
iy,iy
kcl,pcl
k,k
axr,axr
iy,iy
iy,iy
er,er
w,l
w,ao
dh,d
ix,ih
gcl,gcl
q,q
axr,r
s,s
eh,ah
ux,ux
m,m
bcl,gcl
t,t
sh,sh
en,n
l,el
w,w
uh,ih
kcl,kcl
er,l
ae,ae
p,p
tcl,tcl
ah,eh
ih,iy
ao,ao
ae,ae
ax,ax
er,axr
iy,iy
ay,ay
m,ng
l,v
axr,axr
ah,ah
s,s
gcl,dcl
dx,dx
pcl,pcl
ix,ix
m,m
ey,ey
q,q
z,s
axr,axr
s,s
ix,ix
r,r
t,t
ae,r
eh,eh
k,k
m,m
ay,ay
m,n
dcl,tcl
tcl,tcl
dx,dx
ix,ax
nx,nx
q,q
n,g
bcl,bcl
ng,ng
ix,ix
w,w
f,f
s,s
axr,r
f,f
ay,ay
aa,aa
pcl,tcl
aa,aa
aw,aw
ih,ih
ih,ih
s,s
s,s
p,hv
tcl,tcl
q,q
pcl,pcl
ih,eh
dh,dh
t,t
s,s
t,t
t,t
s,s
ux,ux
eh,eh
p,t
aa,aa
w,w
hv,hv
iy,iy
ix,ih
k,k
pcl,pcl
bcl,tcl
ix,ih
tcl,tcl
ay,ay
ih,ih
m,m
er,axr
l,l
l,ao
kcl,kcl
sh,zh
m,m
uw,uw
iy,iy
ix,ix
n,n
m,m
m,n
l,l
n,nx
w,w
axr,axr
s,s
sh,sh
tcl,tcl
f,f
g,g
s,s
ay,ay
m,m
dx,dx
bcl,bcl
z,z
m,m
aa,ao
en,ix
s,s
ix,ix
m,m
ix,r
kcl,pcl
ix,ix
kcl,pcl
s,s
q,hh
iy,iy
er,er
ih,ih
ah,ah
g,g
n,m
iy,iy
ih,ih
s,s
p,p
tcl,pcl
pcl,pcl
z,s
ao,aa
gcl,kcl
k,k
hv,kcl
l,l
ix,ih
s,s
n,m
tcl,tcl
tcl,pcl
n,n
zh,sh
s,t
l,l
ng,ng
n,n
ax,ax
k,ax-h
ey,ey
dcl,bcl
kcl,kcl
ah,ah
eh,ix
ix,ax
pcl,tcl
n,n
hh,hh
ux,ux
s,s
s,s
axr,r
g,g
ih,ih
ix,ix
k,k
n,n
aa,aa
ih,ih
ae,ae
tcl,tcl
aa,aa
ow,ow
gcl,n
ey,ey
ey,ey
kcl,kcl
ax,ax
z,s
q,q
ix,ax
iy,iy
dcl,dcl
tcl,pcl
ix,ix
q,b
tcl,kcl
ix,iy
hv,hv
ae,ae
iy,iy
tcl,pcl
r,r
s,s
axr,axr
d,dh
ih,ih
ay,ay
dcl,dcl
l,l
n,gcl
n,n
axr,axr
aa,aa
z,z
r,r
s,s
ux,ux
ix,ix
er,er
ax,ih
ax,ax
ay,ay
axr,r
iy,ix
hv,hv
r,r
ao,aa
ah,r
pcl,pcl
v,v
ow,el
ey,ey
ax,ax
n,ng
tcl,tcl
kcl,kcl
ay,ay
n,gcl
dx,dx
g,g
sh,sh
ey,ey
g,g
iy,iy
ow,ow
r,r
m,m
z,z
ax,ah
iy,iy
ax,ax
f,p
dcl,dcl
m,m
ih,ih
s,s
q,q
ay,ay
bcl,bcl
r,r
eh,r
l,l
k,k
aa,aa
g,k
iy,iy
th,f
q,q
w,w
aa,ao
dcl,dcl
ix,ix
kcl,kcl
axr,er
s,s
l,l
axr,axr
axr,axr
eh,eh
ix,ix
tcl,pcl
s,s
w,w
r,r
n,n
kcl,kcl
pcl,pcl
l,eh
s,s
l,l
ix,ax
w,w
y,y
ae,ae
eh,eh
k,k
th,t
kcl,tcl
hv,hv
s,s
ow,ow
t,t
dh,tcl
tcl,tcl
kcl,tcl
y,y
kcl,kcl
r,r
axr,r
ix,iy
p,b
nx,n
tcl,tcl
p,p
el,ow
tcl,tcl
ah,ah
ay,ay
kcl,kcl
n,n
t,t
q,q
y,y
s,s
tcl,kcl
pcl,pcl
iy,iy
jh,t
t,t
ux,ux
r,r
m,n
eh,eh
d,kcl
kcl,kcl
kcl,kcl
w,r
iy,iy
ix,ix
r,r
iy,ix
iy,iy
ax,n
l,l
q,q
ix,ix
m,m
ax,ax
n,n
ow,ah
r,r
t,t
ah,ah
aa,aa
l,l
s,s
th,th
axr,er
r,ax
dcl,dcl
m,m
gcl,dcl
ay,aa
k,dh
ae,ae
r,r
ah,ah
ae,eh
eh,ix
t,t
s,s
s,s
r,r
sh,sh
ao,ao
t,t
ix,ax
dx,n
v,v
v,v
ix,ix
l,l
iy,iy
z,z
r,r
dh,ax-h
r,g
axr,axr
ah,ax
s,s
oy,oy
th,f
l,l
v,v
t,t
l,l
eh,ay
y,y
l,l
v,v
ix,ix
tcl,tcl
bcl,dcl
dcl,tcl
ao,ao
kcl,kcl
ix,ix
l,l
ao,aa
ix,ix
l,l
ng,n
f,f
n,n
axr,axr
tcl,tcl
r,r
ow,ao
f,f
ae,ae
ow,ow
ey,eh
dh,dh
iy,iy
dh,dh
l,l
eh,ah
oy,oy
dh,dh
p,p
er,axr
dh,dh
l,n
w,r
sh,sh
s,s
q,q
ow,ao
dcl,kcl
tcl,kcl
m,iy
dcl,dcl
aa,ao
ih,ix
ux,ux
dh,dh
ix,iy
sh,sh
ae,ae
w,w
s,s
v,v
s,s
axr,r
tcl,k
n,n
dcl,dcl
axr,axr
k,k
iy,iy
w,w
dcl,dcl
r,ix
ux,r
d,t
sh,sh
f,f
uh,ao
ng,n
t,t
s,s
kcl,kcl
sh,sh
aa,ao
ix,ix
s,s
hv,hv
n,n
pcl,pcl
r,r
ih,iy
s,s
kcl,tcl
d,b
dcl,dcl
dx,dx
k,k
axr,axr
tcl,kcl
iy,ng
z,s
m,m
hh,p
s,s
ay,ay
p,p
aa,aa
f,f
ae,ae
m,m
l,w
iy,iy
iy,iy
ow,ow
ix,ix
z,z
axr,axr
r,r
aa,aa
s,s
ix,ix
l,l
r,r
ix,ix
kcl,kcl
jh,jh
k,k
pcl,pcl
ix,ax
f,f
y,y
n,n
z,zh
ix,ix
w,w
tcl,kcl
s,s
ax,ix
ax,ax
ah,ah
s,s
ay,ay
tcl,tcl
bcl,bcl
k,k
ax,ah
iy,iy
iy,iy
ih,ix
ae,ae
v,v
s,s
dcl,tcl
q,q
ux,ux
axr,er
l,el
aw,aw
ih,ih
ey,iy
kcl,k
dx,dx
ih,ix
v,v
w,l
l,l
ao,ao
dcl,dcl
t,g
ix,ix
t,k
m,m
axr,axr
z,s
eh,ae
ih,ih
ey,eh
ey,ey
ix,ix
tcl,tcl
dcl,dcl
w,r
p,p
eh,ah
f,f
s,s
iy,ix
ey,ey
k,k
dcl,tcl
eh,eh
er,er
ao,ao
m,bcl
tcl,kcl
w,w
ao,ao
ix,ix
ae,ay
kcl,kcl
hv,hv
p,p
y,y
kcl,kcl
iy,iy
z,z
ah,ao
w,w
iy,iy
q,q
ao,ao
ix,ix
z,z
sh,sh
kcl,kcl
ae,ae
ae,ae
ae,ae
t,t
n,kcl
ix,ih
ix,ix
axr,axr
l,r
kcl,kcl
k,k
n,ng
s,s
s,s
ix,ax-h
l,l
ax,ax
r,r
m,m
ix,ix
ih,ih
iy,iy
l,l
s,s
tcl,tcl
ow,ow
eh,eh
r,r
dx,dcl
ow,ow
dx,dx
r,r
ux,ux
er,er
t,t
ax,ax
aa,ao
aa,ah
l,l
l,l
ih,ih
tcl,dcl
iy,ix
y,y
eh,ih
t,k
w,r
ax,m
axr,axr
tcl,kcl
sh,s
axr,axr
eh,eh
ax,ax
hh,hh
p,p
s,s
ey,ey
p,p
ah,ah
s,s
n,n
k,k
sh,sh
r,r
dh,dh
n,n
tcl,tcl
v,r
ih,ih
r,r
m,m
s,z
kcl,tcl
ux,ux
ah,ix
ae,ae
ux,ix
ix,ix
s,s
ao,ao
r,r
aa,aa
dh,b
ah,ah
hh,hv
m,em
kcl,tcl
ix,ix
l,l
t,t
s,s
ae,ae
k,k
l,l
l,l
w,w
v,ux
dx,dx
ey,ih
kcl,tcl
tcl,tcl
r,r
r,r
ao,ow
bcl,bcl
kcl,kcl
pcl,kcl
iy,iy
n,n
r,r
axr,axr
q,q
tcl,tcl
m,m
r,r
ax,ax
iy,iy
dcl,dcl
ih,ih
f,f
pcl,bcl
tcl,tcl
k,hh
ix,ix
tcl,pcl
pcl,dcl
kcl,kcl
r,r
iy,iy
nx,nx
r,r
el,el
iy,iy
w,w
n,n
tcl,pcl
iy,iy
w,w
r,r
m,m
aw,ow
m,n
w,w
kcl,kcl
w,w
l,l
gcl,dcl
ey,ey
ix,ix
iy,ih
hv,hv
ae,ae
axr,r
m,m
r,r
dcl,dcl
dcl,dcl
axr,ax
k,k
ix,ix
r,r
kcl,kcl
ae,eh
p,p
ax,ax
k,k
ay,ay
ih,ah
d,y
ax,ax
eh,ae
el,el
iy,iy
gcl,ix
ix,ix
r,r
ng,n
gcl,gcl
iy,iy
r,r
k,g
dx,dx
ay,ay
kcl,kcl
eh,eh
iy,iy
pcl,pcl
hh,hh
aa,ao
l,l
ae,ae
kcl,kcl
ax,ax
ux,ux
eh,eh
pcl,pcl
ax-h,ax
eh,eh
el,ow
p,p
aa,aa
gcl,kcl
ao,ao
r,l
n,n
aa,aa
th,th
t,t
kcl,kcl
axr,axr
r,ax
tcl,tcl
ux,ux
ae,ae
dcl,pcl
axr,ax
n,n
z,s
uw,ux
ix,ix
gcl,kcl
ih,ix
iy,iy
g,k
f,f
iy,iy
r,r
ux,ux
ax,ax
bcl,bcl
n,n
axr,r
t,t
t,t
q,q
ae,ae
ao,ao
y,y
n,n
p,dh
dx,l
n,n
t,d
ao,ao
q,q
s,s
n,n
d,t
ae,ae
kcl,kcl
m,m
l,l
m,n
ix,ix
sh,sh
dh,dh
el,el
axr,axr
ao,ao
ao,ao
ax,ax
iy,iy
iy,ih
ax,ix
q,q
ih,eh
k,k
r,axr
gcl,gcl
s,s
ch,ch
dcl,dcl
axr,v
f,f
pcl,pcl
m,n
en,en
m,m
iy,iy
s,s
th,th
ng,ng
er,r
ix,ax
r,r
w,w
ng,n
g,g
gcl,n
iy,ux
w,w
axr,r
r,r
axr,r
m,m
n,n
uw,ux
m,m
l,r
kcl,pcl
l,l
en,n
ax,ah
ix,ax
dcl,dcl
f,f
eh,eh
k,k
ux,ix
ao,ao
er,r
n,n
em,m
el,el
ih,ih
n,n
s,s
dcl,kcl
eh,ix
bcl,bcl
ng,ng
ah,ah
tcl,kcl
l,l
eh,eh
bcl,bcl
n,n
dx,dx
n,n
tcl,tcl
ah,ix
tcl,ix
ey,ey
w,w
eh,ah
s,s
ah,ah
l,l
y,ix
dcl,dcl
p,b
aa,aa
ah,ah
bcl,bcl
f,f
nx,n
k,k
s,s
g,g
sh,sh
iy,iy
z,z
eh,eh
tcl,tcl
t,t
l,l
r,r
l,ix
ae,ae
ih,ih
pcl,pcl
axr,er
sh,sh
ix,ax
m,m
f,f
iy,iy
ae,ae
w,l
ow,ow
th,th
ow,ao
d,g
tcl,ax-h
dcl,tcl
m,m
s,s
kcl,kcl
ae,ae
iy,iy
z,z
ix,ix
z,s
tcl,tcl
kcl,kcl
dx,ix
s,s
r,r
ow,ah
dx,kcl
ey,ey
eh,eh
ay,ay
eh,eh
ih,ix
zh,zh
iy,iy
sh,sh
s,s
k,k
sh,sh
s,s
ih,ix
ux,ux
s,s
sh,sh
r,r
d,d
y,y
s,z
iy,iy
dcl,gcl
w,m
uh,ah
iy,iy
t,d
t,kcl
tcl,tcl
k,k
iy,iy
n,ng
w,ax
pcl,tcl
ng,dcl
l,v
axr,ix
z,s
z,z
eh,eh
ix,eh
ow,ow
ax,ax
hv,hv
ax,ih
t,g
l,l
y,iy
r,r
z,z
tcl,tcl
el,l
w,w
m,bcl
el,el
tcl,dcl
er,er
ih,r
ax,el
kcl,kcl
kcl,kcl
el,ax
ae,ae
ow,el
iy,iy
r,r
dcl,gcl
ix,ix
pcl,pcl
l,l
ao,ao
ix,eh
ng,n
sh,s
t,t
q,axr
w,uw
l,el
q,q
gcl,gcl
n,dh
p,f
v,pcl
p,p
k,k
ax,nx
s,z
t,ch
p,p
ix,ix
ix,ix
sh,sh
ix,ix
aa,aa
n,n
t,t
axr,ax
s,s
s,s
ng,n
ng,ng
p,hh
kcl,k
t,t
tcl,kcl
ix,ix
l,l
aw,ae
n,ng
iy,iy
w,w
ih,ih
axr,axr
dx,dx
hh,hh
p,f
ux,ux
l,ow
f,f
ax,r
ow,ah
kcl,kcl
ae,ae
sh,sh
axr,r
n,n
w,w
iy,iy
l,l
pcl,pcl
s,s
ay,ae
uw,uw
axr,r
l,l
t,t
en,n
n,n
z,ix
dh,dh
k,k
n,n
l,l
n,n
k,n
r,r
g,kcl
hv,hv
axr,axr
axr,r
s,s
sh,sh
ao,l
r,r
s,s
axr,er
axr,r
y,y
ax,l
sh,sh
r,r
f,f
ix,eh
dh,d
ix,ih
t,t
ch,t
q,q
ow,ow
kcl,tcl
s,s
ih,iy
q,en
l,l
iy,iy
dh,v
tcl,pcl
r,r
p,p
l,l
ay,ay
s,s
s,s
ow,ow
th,z
dcl,dcl
r,r
q,q
g,g
ih,axr
k,k
tcl,tcl
aa,aa
s,s
ey,ix
ax,ix
dcl,n
bcl,gcl
tcl,kcl
eh,eh
ah,aa
axr,er
ax,ax
ix,ix
kcl,kcl
ix,iy
ay,ay
dcl,n
d,d
z,z
l,l
ae,ae
f,pcl
ax,ax
n,n
dcl,dcl
k,k
n,ng
pcl,pcl
pcl,pcl
t,k
ax,ah
eh,ih
ay,ay
n,n
k,k
ay,ay
f,f
r,r
sh,sh
ix,ux
w,w
axr,er
k,k
s,s
ow,ow
ax,ax
q,q
ix,ix
iy,iy
ah,ih
l,l
iy,iy
z,s
aa,aa
r,r
ao,q
s,s
k,k
ix,ix
iy,ih
eng,ng
axr,er
k,k
l,el
dcl,gcl
bcl,dcl
ax,l
dx,dx
z,z
iy,iy
ix,ax
ng,ng
eh,eh
s,s
hv,hv
ix,iy
ax,ax
n,l
iy,iy
s,s
n,dcl
t,t
ey,ih
ae,ax
dh,dh
ix,ix
ix,ah
s,s
er,er
kcl,tcl
w,w
l,l
ih,iy
k,k
dcl,gcl
k,k
axr,ah
dcl,dcl
sh,sh
tcl,kcl
v,v
bcl,bcl
y,y
v,v
ah,ix
s,s
m,m
eh,r
w,w
tcl,pcl
iy,iy
m,m
ih,ih
kcl,kcl
t,t
r,r
ey,eh
q,q
dh,dh
r,r
axr,axr
tcl,tcl
ix,ix
l,l
v,v
k,k
z,z
ey,iy
tcl,q
s,s
ix,ix
ay,ay
k,k
iy,iy
s,s
dh,v
dh,dh
ao,ao
w,w
tcl,tcl
s,s
ix,ux
kcl,kcl
axr,r
ix,ix
p,dh
r,r
ae,eh
ix,ix
g,g
aa,aa
el,l
ae,ae
n,n
ah,ax
ow,ow
aa,aa
q,k
ix,ix
w,w
ax,ax
ay,ay
ow,ow
jh,jh
nx,nx
dcl,dcl
iy,ih
ey,ey
tcl,kcl
t,t
z,z
p,p
aa,ah
r,r
q,n
jh,jh
k,k
l,l
t,t
nx,n
iy,iy
ix,ix
ax,ax
eh,ae
axr,axr
ae,ae
q,q
w,w
t,t
sh,sh
ax,ix
ih,ih
r,r
eh,ae
ax,ah
ey,ih
l,l
ux,ux
eh,eh
s,s
d,jh
m,m
ih,ih
ey,ey
gcl,dcl
gcl,gcl
ix,iy
ow,ow
kcl,kcl
ao,ao
iy,ih
ao,ow
k,k
z,z
kcl,kcl
p,p
er,r
ay,ay
sh,sh
dh,dh
ey,ey
dh,dh
m,m
ax,ax
n,n
ax,ax
ax,ax
n,kcl
ao,ao
ng,ng
d,t
hv,hv
t,t
kcl,kcl
l,l
f,f
axr,er
f,f
s,s
eh,ih
oy,oy
ao,ao
z,z
t,t
kcl,tcl
axr,r
d,t
tcl,tcl
iy,iy
aa,aa
ax-h,kcl
ey,ey
k,k
f,s
s,s
k,k
r,r
iy,iy
s,s
l,ax
k,k
n,n
tcl,tcl
k,k
s,s
l,l
w,l
tcl,kcl
ah,ax
m,n
w,w
el,el
gcl,gcl
ih,ih
v,v
s,s
n,n
ae,ae
eh,eh
m,m
eh,ah
p,p
dcl,dcl
s,s
f,f
l,ax
dcl,dcl
r,r
kcl,tcl
iy,iy
ey,ey
t,t
n,ix
bcl,bcl
tcl,kcl
ch,ch
ih,ax
ih,ey
el,ow
pcl,tcl
ix,ix
tcl,pcl
ix,ix
ao,ao
dh,dh
s,s
p,p
dcl,dcl
ix,ih
ax,ax
q,q
axr,r
w,w
s,s
ax,ax
d,d
iy,iy
uh,ax
w,w
dcl,tcl
dcl,dcl
ae,ae
bcl,v
eh,ae
ax,ix
ix,ix
kcl,kcl
ax,ix
ax,ax
dcl,tcl
s,s
ae,ae
m,m
s,s
ux,ix
ow,ao
iy,iy
s,s
ix,ix
n,n
l,l
v,bcl
ao,ao
eh,eh
s,s
dh,hv
dh,dh
ah,ah
z,z
g,g
ae,ae
pcl,kcl
s,s
s,s
hh,hv
ao,ao
w,ao
ix,ix
r,r
tcl,tcl
bcl,bcl
m,en
w,w
en,en
g,g
dh,dh
s,s
m,m
z,z
ih,ih
r,r
r,r
ay,ay
k,k
l,ax
hh,hh
n,n
ih,ih
pcl,pcl
ax,ax
eh,eh
aa,ao
iy,ux
tcl,pcl
l,l
r,r
ay,ay
z,s
ix,ix
ux,ux
ah,ih
m,m
l,l
r,r
q,axr
ae,ay
n,n
gcl,gcl
aa,aa
f,f
iy,iy
iy,iy
n,dcl
oy,oy
pcl,pcl
pcl,pcl
ay,ay
dcl,kcl
q,q
ax,ax
dcl,dcl
gcl,gcl
r,r
r,r
ow,axr
sh,sh
ih,ih
ih,ng
m,m
l,l
n,n
r,r
bcl,dcl
eh,ih
n,n
r,r
s,s
s,s
iy,iy
axr,ao
f,f
bcl,bcl
s,s
m,m
eh,eh
q,q
dh,d
kcl,kcl
n,nx
aa,aa
w,w
ay,ae
t,t
ax,ax
iy,r
k,k
ey,ey
y,y
kcl,kcl
y,y
y,y
hv,hv
q,q
z,z
s,s
gcl,gcl
p,k
ih,ih
eh,eh
zh,sh
pcl,pcl
ih,ih
ix,ix
p,p
eh,eh
axr,r
z,z
ae,eh
kcl,k
ng,ng
ae,ae
ow,ow
tcl,pcl
ix,ix
ao,aa
g,g
kcl,kcl
s,s
ey,ey
axr,er
s,s
p,b
v,v
sh,sh
r,r
ix,ix
uw,uw
p,p
kcl,tcl
s,s
eh,ih
eh,ih
axr,axr
dx,dx
tcl,kcl
iy,iy
iy,iy
y,y
f,f
ax,ah
s,s
en,el
s,s
eh,eh
n,dcl
d,d
ih,ih
l,l
ao,ao
oy,ao
ih,ih
z,z
s,s
ix,ix
n,n
t,t
s,s
l,l
r,r
bcl,bcl
dh,dh
uh,ax
ax,ax
ah,ae
s,s
ix,ng
f,f
z,s
p,t
s,s
ih,ih
ix,ix
sh,sh
z,z
w,w
l,l
ih,ax
oy,oy
s,s
r,r
iy,iy
ax,ax
th,pcl
ng,n
r,r
f,dh
eh,eh
kcl,kcl
r,r
dh,dh
axr,axr
r,r
t,t
oy,oy
z,z
tcl,tcl
tcl,tcl
hh,f
ah,ax
q,q
bcl,bcl
s,s
s,z
ix,iy
w,w
w,w
ax,ix
kcl,kcl
s,t
n,n
k,k
iy,ix
hv,hv
nx,nx
t,t
sh,sh
th,t
pcl,kcl
r,r
r,r
t,d
n,nx
ix,ix
ih,ih
gcl,gcl
s,s
ix,ix
er,axr
sh,sh
iy,iy
l,r
f,f
ih,ix
kcl,dcl
iy,hv
l,l
r,r
s,s
w,w
l,l
ax,ax
eh,eh
z,z
k,k
ih,ih
iy,iy
ax,ax
bcl,bcl
l,l
ih,ih
ey,ih
ah,eh
iy,iy
w,w
sh,sh
iy,ih
q,q
z,z
p,p
n,ix
n,n
th,f
gcl,dcl
ix,ih
axr,ix
gcl,gcl
t,t
kcl,kcl
uh,uh
axr,axr
aw,ao
axr,r
q,q
tcl,tcl
kcl,kcl
ix,ix
s,s
y,ih
ih,eh
f,f
w,n
f,f
t,t
ng,ng
ix,ix
ae,ae
tcl,pcl
axr,er
s,s
eh,ae
ax,ax
v,v
iy,r
er,er
kcl,kcl
s,z
ax-h,ax
ae,ae
y,y
y,iy
ae,ae
iy,iy
sh,s
q,q
m,ng
nx,n
f,f
t,t
kcl,pcl
ay,ay
s,s
pcl,pcl
dcl,dcl
z,z
s,s
w,ao
ey,eh
ay,ay
aa,aa
er,er
z,z
g,g
f,f
kcl,kcl
hv,hv
n,dcl
ow,ow
ix,ix
r,r
l,l
s,s
n,n
ax,ix
ih,ih
m,m
tcl,kcl
r,r
q,q
pcl,pcl
dcl,kcl
ix,gcl
t,t
f,f
z,z
gcl,gcl
ix,ix
s,s
eh,eh
axr,er
t,t
eh,ae
r,r
n,n
l,el
w,w
iy,iy
iy,iy
n,n
n,n
ix,ix
er,er
aa,aa
bcl,bcl
aa,aa
k,k
bcl,bcl
r,r
ao,ao
ah,ah
sh,s
kcl,kcl
k,k
z,z
n,n
ay,ay
er,er
dx,dcl
tcl,tcl
iy,iy
s,s
ih,r
ix,ix
kcl,kcl
z,s
ix,ix
ix,ng
f,p
axr,axr
g,g
ix,ix
ix,ix
ux,ux
ay,ay
dx,dx
k,k
hv,hv
w,w
er,er
ah,ix
k,k
dx,ix
ix,ix
r,r
iy,iy
g,g
bcl,bcl
kcl,tcl
w,w
n,ix
r,r
axr,axr
ax,ax
th,pcl
dh,dh
ih,ax
n,n
dcl,pcl
ax,b
ix,hv
sh,sh
tcl,kcl
iy,iy
dx,dcl
sh,sh
iy,iy
r,r
r,aa
bcl,pcl
n,ng
ih,ix
s,s
ih,ih
s,s
bcl,bcl
v,v
kcl,kcl
l,l
s,s
r,r
pcl,kcl
s,s
ay,ix
l,ax
ix,ix
s,s
k,g
hv,hv
gcl,n
ix,ix
n,n
ih,eh
tcl,pcl
l,n
ey,ey
b,pcl
ae,ae
r,r
axr,axr
p,p
ao,ao
hh,hh
tcl,dcl
r,r
oy,oy
ao,ao
tcl,tcl
r,r
ix,ix
l,l
m,m
w,w
n,ng
tcl,bcl
kcl,dcl
kcl,kcl
v,v
l,l
w,w
er,er
ow,w
y,y
k,g
t,t
kcl,kcl
s,s
k,k
n,n
tcl,gcl
kcl,kcl
axr,er
ch,t
ax,ax
aa,aa
dcl,dcl
kcl,kcl
ae,ae
kcl,kcl
w,w
gcl,kcl
en,en
iy,iy
s,s
v,v
f,f
eh,ih
k,k
axr,ax
ux,ux
pcl,pcl
f,f
r,l
ae,ae
f,f
m,m
nx,nx
tcl,q
g,g
axr,axr
ux,ux
r,r
aa,aa
tcl,kcl
y,iy
ax,ah
w,l
jh,t
t,t
w,w
ae,ae
ay,ow
f,f
ix,axr
r,r
q,q
kcl,tcl
ux,ix
ix,ax
kcl,tcl
q,ax
aw,aa
ix,ix
eh,eh
f,f
eh,eh
l,l
ix,iy
ix,ax
s,z
l,l
ao,ao
z,z
dcl,dcl
t,t
aa,ah
ax,ix
ae,ae
ix,ix
ix,ix
ae,ae
tcl,tcl
ow,ow
ah,ix
iy,iy
n,en
ix,ix
r,r
k,g
sh,s
ix,ix
ix,r
q,q
ae,ae
ae,ae
ih,ax
s,s
ih,ih
r,r
t,p
f,f
tcl,tcl
er,axr
tcl,tcl
r,q
ax,n
tcl,tcl
m,n
z,z
sh,sh
s,s
r,ah
d,t
aa,ao
dcl,dcl
ix,ih
kcl,kcl
ch,ch
q,q
m,m
s,s
ix,ix
kcl,pcl
gcl,gcl
ao,ao
tcl,pcl
ih,ih
sh,s
axr,r
aa,aa
m,m
r,ah
r,r
pcl,pcl
l,l
ix,ix
aw,aw
f,f
ih,r
n,n
l,l
eh,ae
s,s
kcl,kcl
s,s
dcl,dcl
g,g
z,z
l,l
r,r
ng,ng
s,s
tcl,kcl
ae,aw
iy,iy
ih,ih
tcl,pcl
ix,ix
t,dh
iy,iy
kcl,kcl
v,pcl
n,n
jh,ch
gcl,dcl
ao,ao
ng,ng
ch,ch
iy,iy
ax,ix
ao,ao
tcl,tcl
tcl,tcl
l,n
eh,ih
gcl,dcl
r,r
t,t
s,s
ix,ix
ix,ax
iy,iy
bcl,v
ax,ax
ix,ix
iy,iy
r,r
ih,ih
sh,sh
q,ix
iy,ix
f,f
axr,axr
ix,ix
uh,eh
dcl,dcl
ae,ae
iy,iy
kcl,kcl
ax,ax
m,m
t,t
t,t
gcl,bcl
sh,sh
ao,ao
ax,ax
f,f
t,t
hh,hh
ih,ih
aa,aa
v,v
n,dcl
ah,ax
ow,ow
gcl,gcl
iy,iy
ao,ao
eh,ah
r,r
iy,iy
f,p
ae,ae
pcl,dcl
w,w
ix,ix
dh,dh
k,k
w,w
el,el
ao,ao
kcl,kcl
z,z
er,axr
v,bcl
sh,sh
s,s
ix,ix
tcl,tcl
ay,ae
n,n
m,m
dx,dx
t,t
f,f
ih,ix
hv,hv
dcl,dcl
aa,aa
ih,ih
p,p
el,el
ae,ae
axr,axr
aa,aa
r,r
ng,n
z,z
kcl,pcl
kcl,tcl
f,f
k,k
ih,ih
ae,ae
ih,ih
axr,r
m,m
r,r
tcl,dcl
kcl,kcl
m,n
gcl,gcl
v,v
kcl,kcl
axr,er
d,t
ch,jh
w,w
z,f
iy,iy
m,m
ux,ix
el,el
r,r
k,k
eh,eh
l,l
aa,aa
r,d
aw,aw
ix,ix
n,n
tcl,tcl
ax,ix
p,b
ae,ae
th,dh
ay,ay
r,r
r,r
s,s
f,s
ax,ax
ao,ao
m,m
ay,ey
aa,ah
n,n
r,ix
ix,iy
eh,ih
sh,sh
er,r
n,n
tcl,kcl
ao,ao
s,s
ae,ae
hh,hv
k,k
ih,ix
iy,iy
m,m
d,t
pcl,pcl
ah,ah
aa,aa
m,m
m,m
m,n
kcl,kcl
ux,ux
sh,sh
t,t
aa,ao
z,z
kcl,tcl
er,er
ay,ay
aa,aa
el,el
s,s
tcl,tcl
s,z
ae,ae
t,t
kcl,kcl
k,g
w,w
eh,eh
ch,jh
ao,ao
n,n
dcl,tcl
ow,ow
tcl,tcl
eh,eh
iy,iy
q,q
ay,ay
s,s
bcl,bcl
t,t
r,r
r,r
z,z
tcl,tcl
l,l
ax,ax
ix,ix
r,r
ah,ax
eh,ih
kcl,kcl
oy,oy
n,ix
ow,ow
g,g
ih,ih
aa,aa
ow,l
v,v
tcl,pcl
dcl,dcl
ax-h,bcl
ih,ax
tcl,gcl
gcl,gcl
s,s
bcl,bcl
g,g
tcl,tcl
ax,ax
l,l
ax,ax
r,r
ix,ix
tcl,tcl
k,k
pcl,pcl
n,n
t,t
t,t
er,er
ax,ax
ch,t
axr,axr
eh,eh
tcl,dcl
t,t
ax,r
w,l
bcl,bcl
ay,ay
kcl,kcl
dh,d
n,n
f,f
ey,ey
k,k
n,n
aa,aa
ix,ix
ax-h,pcl
s,s
gcl,gcl
ae,ae
er,er
s,z
gcl,gcl
tcl,tcl
r,r
ix,ix
kcl,kcl
v,v
n,m
l,l
l,l
w,w
ax,ax
aa,aa
f,f
ax,ax
ey,ey
w,w
dcl,dcl
ae,ae
sh,sh
r,r
ux,ux
axr,aa
axr,r
s,s
n,n
nx,nx
ah,ax
s,s
r,r
kcl,gcl
p,p
w,w
w,w
th,th
ih,eh
em,m
g,g
ih,ix
eh,eh
gcl,gcl
ay,ay
ey,ey
iy,iy
ng,ng
n,n
m,gcl
jh,jh
l,w
ng,n
z,z
s,s
kcl,kcl
dh,dh
ax,ax
r,r
w,w
ng,ng
iy,iy
kcl,tcl
tcl,kcl
iy,iy
eh,ix
s,s
d,d
ix,ix
v,v
m,n
w,w
ix,ix
eh,ae
z,s
t,t
dcl,dcl
dcl,dcl
ih,ih
s,s
aa,r
iy,iy
l,l
r,r
ow,ow
l,l
ao,aa
f,f
n,n
m,m
dh,d
s,s
s,s
iy,iy
r,r
axr,r
n,m
w,w
p,p
dx,dx
q,q
f,f
t,t
dh,dh
n,n
n,n
q,q
iy,iy
ae,aw
tcl,tcl
tcl,kcl
axr,axr
q,q
sh,sh
n,n
k,k
iy,iy
sh,sh
z,z
r,r
ah,ao
l,l
s,s
v,f
w,w
iy,iy
s,s
ix,ix
er,r
f,f
ao,ao
s,s
f,f
w,w
hh,hh
s,s
r,r
er,er
eh,eh
pcl,pcl
uw,uw
dh,f
z,z
d,d
ix,ax
er,er
dx,ix
axr,er
v,v
ax,ah
v,v
gcl,gcl
f,f
tcl,tcl
l,l
s,s
g,g
gcl,dcl
dcl,dcl
m,n
kcl,kcl
axr,axr
w,w
n,m
ix,r
ay,ay
ix,ix
g,k
kcl,kcl
iy,iy
n,v
m,m
s,s
ix,ih
y,iy
y,y
l,l
m,m
aa,aa
iy,iy
q,tcl
dh,n
l,l
w,w
p,p
er,r
ay,ay
pcl,pcl
iy,ix
r,r
ih,ih
pcl,kcl
q,q
dcl,dcl
l,l
ah,ax
ix,ix
n,n
ah,ah
r,r
kcl,k
ey,iy
ae,ae
ae,ae
aa,aa
iy,iy
r,r
k,k
gcl,kcl
kcl,kcl
eh,eh
iy,iy
hv,hv
f,f
tcl,kcl
ih,ih
ah,ah
aw,aa
er,er
w,w
nx,n
ey,ey
ix,ix
w,w
axr,axr
q,q
er,er
jh,d
ao,ao
m,n
l,l
ix,ix
l,v
g,g
ng,ng
g,g
el,el
eh,ae
k,k
dx,dx
dh,dh
l,l
m,m
ao,ao
ih,ih
z,s
s,s
l,l
m,n
iy,iy
n,n
s,s
ax,ax
s,s
ix,ih
tcl,tcl
r,ax
f,kcl
iy,ix
z,z
iy,iy
n,n
n,bcl
hv,hv
q,q
dcl,dcl
jh,z
ix,ix
r,r
iy,iy
kcl,pcl
oy,oy
iy,iy
z,s
ih,eh
ey,ey
ae,ae
l,l
aw,aw
r,r
ih,ih
s,z
iy,y
axr,r
ao,ao
tcl,dcl
kcl,tcl
g,g
iy,iy
r,r
ey,ey
dx,dx
bcl,bcl
eh,ae
m,m
hh,hh
jh,jh
iy,iy
r,r
tcl,tcl
s,s
ay,ay
w,w
kcl,kcl
t,p
axr,axr
ix,iy
axr,r
ah,ah
aa,aa
n,n
eh,eh
jh,jh
eh,eh
t,t
n,n
ux,ux
ix,ix
iy,iy
t,t
q,q
kcl,kcl
aw,aw
ix,ix
ao,ao
tcl,kcl
ow,ow
tcl,dcl
gcl,gcl
ae,ae
ix,ih
iy,iy
l,l
t,t
ih,iy
ao,ao
ix,ax
iy,iy
dx,dx
n,n
iy,iy
axr,r
iy,iy
t,t
n,n
l,r
gcl,gcl
kcl,kcl
m,m
s,s
eh,eh
q,q
t,t
m,n
axr,axr
y,y
q,n
iy,iy
y,iy
t,t
ih,ih
ey,iy
sh,sh
ih,iy
ow,l
t,t
y,y
axr,r
aa,aa
ay,ay
f,f
s,s
ix,ih
aa,ao
ih,uw
aa,aa
iy,iy
q,q
ih,ih
tcl,tcl
ax,ah
tcl,tcl
ah,aa
w,bcl
dcl,gcl
ah,ah
en,en
g,k
p,p
ow,ow
ix,ih
iy,iy
q,q
ux,ux
l,l
ay,aa
ux,ux
z,z
r,r
z,z
v,dh
r,r
f,f
aa,aa
n,m
iy,iy
kcl,kcl
kcl,kcl
iy,iy
ae,eh
dcl,dcl
er,r
n,n
tcl,tcl
ah,ae
s,s
iy,ux
gcl,dcl
aw,ae
l,l
s,s
aa,aa
r,r
oy,iy
kcl,kcl
ae,ae
tcl,tcl
f,p
ay,oy
ae,ae
p,p
ix,ix
v,v
ix,ix
ao,ow
kcl,kcl
oy,oy
m,m
axr,er
th,dh
jh,jh
s,s
hh,hh
dcl,gcl
eh,ae
m,m
s,s
iy,ih
aa,aa
gcl,tcl
dh,dh
en,m
ix,ix
pcl,pcl
m,m
el,l
tcl,tcl
kcl,kcl
sh,sh
ih,ih
el,el
p,p
dh,n
n,n
m,ix
ch,ch
dx,g
ay,ay
r,r
eh,ih
q,ix
eh,r
ax,ix
kcl,kcl
ix,ix
dx,dx
tcl,tcl
dcl,dcl
r,r
kcl,kcl
er,er
ax,ah
tcl,dcl
aa,aa
tcl,kcl
r,r
ih,ih
l,l
s,s
ay,ay
n,n
iy,iy
t,t
l,l
n,n
iy,iy
aa,aa
tcl,kcl
v,v
zh,zh
eh,eh
axr,r
ay,ay
t,t
s,s
l,l
ey,ey
kcl,kcl
y,iy
t,g
m,m
ey,ey
r,r
l,l
ih,ih
ae,ae
ey,ay
ax,m
s,s
ix,ix
z,z
k,k
r,r
m,m
ae,ae
iy,iy
er,er
tcl,n
z,z
iy,iy
kcl,kcl
iy,iy
s,s
ah,ix
aa,aa
eh,eh
ae,ae
ih,ix
s,s
ix,ix
ah,aa
dx,dx
ah,ah
s,s
ix,ax
ih,ih
m,n
ix,ix
r,r
dcl,dcl
el,el
f,f
en,en
ay,aa
s,s
axr,ix
ax,ax
ix,ix
ay,ay
th,dh
n,n
gcl,gcl
eh,ae
iy,iy
ih,ih
p,k
l,ax
l,l
iy,iy
er,axr
n,m
nx,n
w,l
v,gcl
iy,iy
t,t
n,n
eh,ae
er,r
ey,ey
p,p
r,r
ax,ax
dcl,dcl
kcl,kcl
ao,ah
ix,ix
ch,jh
sh,sh
ih,ih
bcl,tcl
n,n
m,m
n,n
sh,sh
aa,ao
n,n
eh,eh
ow,el
w,w
hh,hh
hh,hh
dcl,gcl
ax,ix
l,l
axr,axr
l,l
jh,ch
m,m
jh,t
ay,aa
kcl,kcl
ay,ay
w,w
f,f
ix,ix
er,er
p,p
t,t
w,w
ih,iy
dh,dh
eh,eh
s,s
iy,iy
aa,aa
k,k
iy,iy
t,t
axr,axr
ix,ix
el,l
uh,uh
ae,ae
t,t
tcl,pcl
ih,ih
tcl,kcl
n,n
iy,ux
y,ih
sh,sh
n,n
ih,iy
ih,ix
t,t
dcl,dcl
axr,ix
ae,ae
d,k
ix,ix
iy,iy
n,n
ih,ih
l,l
k,k
ux,ux
l,ax
m,m
ih,ix
ae,ae
ux,ix
r,r
ix,ix
n,n
ix,ix
s,s
r,r
ix,ix
ih,ih
iy,iy
dcl,dcl
en,en
ax-h,ax-h
l,l
dh,nx
sh,ch
q,q
ao,ao
n,n
pcl,kcl
m,m
w,w
s,s
f,f
uh,l
jh,jh
l,w
aa,aa
s,s
f,f
r,aa
bcl,bcl
ix,ix
gcl,dcl
l,l
dcl,gcl
uh,ax
hv,p
z,s
iy,iy
r,r
tcl,tcl
ah,ay
ix,ix
ey,ey
l,l
gcl,dcl
ih,ih
n,n
ey,ey
r,r
r,r
tcl,kcl
aa,aa
f,f
kcl,kcl
axr,r
aa,aa
s,s
s,s
ey,ae
er,er
axr,axr
z,s
ay,ay
tcl,pcl
tcl,pcl
tcl,tcl
tcl,dcl
q,q
iy,iy
er,er
eh,eh
w,ao
n,n
pcl,pcl
iy,iy
s,s
ih,iy
s,s
uw,gcl
ch,jh
t,t
tcl,tcl
ao,ao
l,l
t,k
l,l
m,m
axr,axr
ae,ae
t,t
ax,ax
pcl,pcl
tcl,tcl
s,s
ae,aa
k,k
n,n
ah,aa
s,s
p,p
pcl,kcl
ay,aa
ux,ux
uh,ao
sh,sh
kcl,tcl
ey,ey
r,r
kcl,kcl
n,n
eh,eh
aw,aw
ix,ih
gcl,gcl
axr,er
sh,sh
iy,ix
t,z
z,z
ix,iy
tcl,kcl
ey,ey
d,t
n,n
r,r
el,el
oy,oy
ax-h,ax
dx,dx
r,r
k,k
dcl,dcl
aa,aa
n,n
ix,ix
w,w
ow,ow
ih,ix
gcl,en
k,k
r,r
ax,ax
r,r
l,l
z,z
n,m
ao,aa
gcl,dcl
ix,ix
p,p
ix,ih
kcl,kcl
f,f
ih,ih
dcl,pcl
m,m
ix,ix
bcl,bcl
dcl,tcl
r,r
ae,ae
tcl,tcl
s,s
y,ix
r,r
r,r
er,axr
tcl,tcl
s,s
q,q
pcl,pcl
dh,dh
gcl,dcl
th,s
pcl,tcl
ix,ax
ih,ax
ix,ih
sh,sh
t,t
ow,ow
r,r
m,m
r,r
k,k
f,hh
pcl,tcl
aa,aa
kcl,kcl
nx,m
ax,ax
eh,ih
iy,iy
z,z
w,w
ao,ao
n,nx
eh,ix
ao,aa
k,k
iy,iy
axr,er
l,v
eh,eh
eh,eh
bcl,bcl
iy,iy
l,l
aa,aa
iy,iy
q,q
en,en
ux,ux
r,r
iy,iy
tcl,tcl
tcl,dcl
ng,n
iy,iy
p,p
l,l
r,r
l,l
axr,axr
tcl,kcl
l,w
q,aa
n,nx
w,l
q,q
iy,y
p,p
bcl,bcl
ix,ix
s,s
s,s
gcl,gcl
ix,iy
tcl,pcl
iy,iy
pcl,pcl
gcl,tcl
axr,axr
jh,jh
ae,ae
r,r
s,s
w,r
ay,ay
dcl,dcl
t,t
s,s
w,w
ix,r
dcl,dcl
s,s
s,s
t,t
ae,ae
n,n
ax,ix
ix,ix
ay,ay
w,l
aa,aa
n,n
l,l
t,t
ih,ih
dcl,dcl
ae,ae
w,w
dx,ix
sh,sh
l,l
el,el
t,t
t,t
iy,iy
ch,s
d,t
ah,ax
p,p
aa,aa
l,l
iy,iy
s,s
jh,jh
y,ix
ao,ao
gcl,gcl
n,n
axr,ix
q,q
n,n
r,r
hv,hh
dcl,bcl
ax,ax
eh,eh
r,r
t,t
ao,ao
k,k
sh,sh
th,th
tcl,q
ih,ah
r,er
v,v
v,ix
y,y
m,bcl
ao,ao
ix,ix
tcl,tcl
gcl,dcl
q,q
aw,aw
eh,ae
iy,iy
uh,ih
tcl,kcl
kcl,kcl
m,n
iy,iy
ix,ih
ax,ax
pcl,pcl
s,s
ao,ao
oy,oy
tcl,kcl
dh,dh
z,z
ux,ux
ey,ih
gcl,gcl
sh,sh
ih,iy
er,er
n,n
th,th
ao,ao
ih,ih
iy,iy
s,s
iy,iy
q,q
ah,aa
en,n
hh,hv
n,n
axr,axr
r,r
eh,ae
n,n
eh,eh
sh,sh
dx,dx
f,f
ah,ax
r,r
f,f
f,f
bcl,dcl
dcl,dcl
gcl,dcl
iy,iy
bcl,bcl
s,s
n,n
t,d
r,r
pcl,pcl
sh,sh
ix,ax
ix,r
s,z
k,k
dcl,dcl
k,k
sh,sh
q,q
ix,ux
er,er
pcl,pcl
tcl,tcl
sh,sh
z,s
ah,ah
z,s
n,n
gcl,gcl
ng,n
eh,eh
ay,ay
ix,ix
ix,ix
p,p
z,z
f,f
m,m
axr,ix
sh,sh
v,v
ix,ix
eh,eh
g,g
uh,uh
dcl,dcl
l,l
ae,ih
k,dh
ux,ux
ax,ah
n,n
r,r
ax,ix
s,s
ax,ax
iy,iy
er,er
iy,ix
ix,ix
ux,ux
w,ao
gcl,dcl
ae,ae
iy,ix
s,s
m,m
d,d
v,v
tcl,tcl
n,n
w,w
k,k
tcl,kcl
ax,r
w,w
dcl,dcl
m,m
w,w
t,t
t,p
ch,ch
aw,aw
tcl,tcl
tcl,kcl
r,r
pcl,kcl
eh,ih
ey,iy
r,r
p,p
s,s
gcl,dcl
l,l
tcl,tcl
ix,ix
iy,iy
r,r
aa,aa
ow,ow
l,l
m,n
pcl,pcl
bcl,kcl
k,k
v,v
ix,ix
iy,iy
s,s
eh,eh
tcl,tcl
m,n
d,t
q,bcl
z,z
l,v
l,l
ow,ow
v,v
ih,ih
q,q
ae,eh
v,v
t,t
gcl,gcl
aa,ao
jh,jh
t,t
iy,iy
th,th
eh,ah
p,p
ay,ay
hv,hv
q,q
s,s
l,l
ah,ah
p,f
ix,uh
iy,ix
r,r
l,l
dh,dh
dcl,dcl
ng,ng
tcl,tcl
ng,n
y,y
t,t
kcl,kcl
aa,aa
l,l
m,m
s,s
eh,eh
jh,jh
ix,ix
r,ax
ix,ix
ix,ix
k,k
ix,en
t,t
axr,r
ux,uw
f,f
aw,aw
ih,ah
t,t
d,d
pcl,pcl
k,k
n,n
ax,ax
pcl,pcl
n,ng
sh,sh
pcl,kcl
k,k
hh,hh
eh,ae
l,l
tcl,kcl
n,n
n,ng
tcl,tcl
n,n
bcl,pcl
n,n
ch,ch
dcl,dcl
g,g
ix,ix
ao,aa
iy,iy
aa,aa
ix,ix
n,dcl
m,m
kcl,kcl
s,z
ay,ay
m,n
q,q
g,g
r,dx
d,g
n,n
ix,ix
uh,ax
z,s
aa,aa
ng,n
g,k
kcl,gcl
aa,ah
ix,ix
s,s
dx,n
ix,ix
iy,ix
aw,ae
ix,iy
ax,eh
ix,ix
m,m
w,w
ah,ao
ix,ix
m,m
k,k
uw,ux
ey,ey
ae,ae
m,n
l,l
ax,ax
ih,iy
ow,ow
v,v
ix,ix
q,ao
ix,ix
el,el
ih,ah
m,n
uh,ix
ow,ow
t,t
gcl,dcl
ix,ix
d,m
m,m
ay,ay
aw,aw
kcl,kcl
ao,ao
nx,ix
ih,ih
ax,ah
axr,r
er,er
v,f
ax,ax
g,g
uw,uw
eh,ah
s,s
tcl,dcl
q,q
t,t
iy,iy
ch,ch
ao,ao
kcl,kcl
z,z
ix,ix
w,w
ay,aa
r,r
y,y
l,l
dcl,dcl
r,r
kcl,kcl
n,n
s,s
jh,jh
z,z
eh,ae
t,t
s,s
ae,ae
m,m
m,m
s,s
ih,ih
s,s
er,er
sh,sh
er,er
pcl,pcl
dcl,dcl
ix,ix
s,s
ih,ix
ax,ax
gcl,gcl
m,m
l,l
k,k
hh,hh
s,s
k,k
v,v
s,s
ae,ae
hh,hh
m,m
r,r
l,l
y,y
iy,ih
t,t
k,k
iy,iy
ah,eh
sh,sh
t,t
f,f
er,axr
f,f
pcl,pcl
er,er
dx,n
sh,sh
dcl,tcl
l,l
kcl,kcl
oy,oy
ux,ux
w,w
iy,iy
r,r
t,t
aw,ow
el,l
m,n
er,er
axr,axr
iy,iy
tcl,tcl
er,er
eh,aw
n,n
p,pcl
axr,axr
w,w
ix,ix
p,p
t,t
ah,ah
pcl,kcl
pcl,bcl
en,ix
dh,iy
l,l
f,f
en,en
pcl,kcl
iy,iy
w,w
dcl,bcl
iy,iy
eh,ow
ih,iy
dcl,dcl
iy,ih
pcl,tcl
aw,aw
d,t
s,s
ey,ih
er,axr
n,n
dcl,dcl
eh,ae
th,s
ng,ng
ax,ix
r,r
m,n
dh,dh
n,n
tcl,tcl
n,n
r,r
sh,sh
eh,eh
dx,dx
iy,iy
ay,ay
sh,sh
z,z
ix,ix
ey,ix
er,eh
tcl,kcl
er,er
th,f
ey,ey
d,t
dh,dh
iy,ih
ch,ch
m,m
ao,ao
t,t
ae,ih
jh,t
ax,ax
ng,n
f,f
sh,sh
m,n
tcl,pcl
l,ax
t,t
iy,iy
aa,aa
d,t
r,r
m,n
ix,ix
ae,ae
kcl,kcl
ao,ao
tcl,tcl
w,w
pcl,pcl
r,r
eh,ah
t,t
ix,ix
ix,ix
ix,ix
ix,ix
kcl,kcl
ey,ey
kcl,kcl
k,ch
ae,ae
dcl,dcl
s,s
ey,ey
ix,ix
s,s
r,r
ay,ay
l,l
m,m
eh,eh
tcl,tcl
p,p
ow,ow
oy,oy
ae,ae
er,er
er,r
kcl,tcl
iy,iy
q,tcl
kcl,pcl
sh,sh
eh,eh
v,dcl
iy,iy
g,g
n,m
tcl,tcl
l,l
tcl,gcl
t,t
k,k
aw,ao
q,q
ax,ix
y,y
iy,iy
f,f
p,t
ow,ow
ux,er
ao,aa
s,z
pcl,pcl
n,n
oy,oy
ih,ih
z,z
f,f
dh,dh
iy,iy
bcl,bcl
s,s
eh,ah
ao,ao
ax,ax
v,v
dcl,tcl
ae,ae
ix,ix
ao,ao
f,tcl
f,f
t,t
s,s
iy,iy
ao,ao
l,l
dh,dh
kcl,kcl
bcl,v
m,m
iy,iy
er,ux
k,k
jh,jh
tcl,tcl
s,s
dcl,dcl
z,z
ax,ah
dx,d
y,y
y,iy
tcl,tcl
l,g
iy,iy
m,m
aa,aa
ih,ae
t,t
r,r
iy,iy
axr,axr
iy,iy
ix,ae
ah,ah
r,r
ae,ae
gcl,gcl
bcl,bcl
el,el
ih,ih
g,k
s,s
tcl,pcl
bcl,bcl
m,m
axr,iy
r,r
t,t
ay,ay
r,r
dcl,pcl
eh,eh
t,t
s,s
dcl,dx
kcl,kcl
ih,ih
s,sh
s,s
z,z
en,n
l,l
pcl,pcl
s,s
iy,iy
tcl,tcl
ay,ay
ay,ay
s,s
r,r
t,z
w,w
z,z
m,n
ix,ih
r,ax
pcl,pcl
s,s
iy,iy
n,n
z,z
n,n
aw,ae
ow,el
ay,ay
ix,ix
s,s
ux,ux
ih,ae
tcl,pcl
ah,aa
ux,ih
gcl,gcl
l,l
t,t
n,dcl
tcl,tcl
ih,ih
ih,ix
ax-h,ax-h
hv,hv
dh,l
ey,iy
er,er
iy,iy
ow,ow
ah,eh
ix,ix
ix,ix
tcl,tcl
dcl,kcl
g,g
l,l
em,em
axr,er
q,tcl
w,w
bcl,pcl
ih,ih
axr,ax
tcl,tcl
g,g
k,k
ae,ae
oy,oy
t,t
ae,ae
s,s
hh,hh
ae,ae
r,r
iy,iy
y,y
dh,ix
t,t
l,l
ah,ow
ae,ae
l,l
ae,ae
ao,ao
iy,iy
ao,ao
n,n
aa,aa
ih,ih
ax,ax
s,s
ao,ao
eh,eh
ay,ay
ah,ow
aa,aa
uw,uw
l,l
sh,k
iy,iy
dh,t
hv,hv
m,n
k,k
bcl,bcl
n,n
iy,y
ix,ix
r,r
ih,iy
bcl,pcl
ih,ih
ix,ix
sh,sh
axr,axr
n,n
s,s
aa,aa
aa,aa
r,r
ix,ih
dx,dcl
s,s
pcl,pcl
t,t
dcl,dcl
bcl,bcl
dx,dx
r,r
hv,hv
pcl,pcl
ng,ng
s,s
ah,ax
ao,ao
ix,ix
ux,ux
s,z
ix,ix
n,n
aa,aa
el,ax
r,r
kcl,kcl
kcl,pcl
iy,iy
s,s
m,m
axr,ux
iy,iy
q,q
q,q
jh,hh
ih,ih
t,t
ng,n
er,er
n,n
r,r
iy,iy
ix,ix
iy,iy
tcl,dcl
l,l
ix,ix
n,n
y,y
eh,ae
z,z
ow,ax
hv,hv
t,t
s,z
s,z
ae,ae
ae,ae
l,l
bcl,bcl
axr,er
iy,iy
z,z
ax,ih
axr,ow
aa,aa
gcl,dcl
m,m
ow,ow
eh,eh
ih,ix
aa,aa
hv,hv
ix,ax
dcl,dcl
z,s
t,t
dh,dh
bcl,bcl
aa,aa
aa,aa
s,s
k,k
kcl,kcl
ax,ax
aa,aa
n,m
axr,er
n,n
el,ow
tcl,kcl
pcl,kcl
tcl,pcl
v,v
iy,iy
q,q
tcl,pcl
n,n
nx,dcl
er,er
axr,r
q,q
n,ng
s,s
kcl,tcl
n,n
dcl,bcl
ix,ix
iy,ih
ah,ah
ih,ux
s,s
dcl,dcl
eh,eh
ix,ih
r,r
ih,ah
ax,n
v,r
dcl,tcl
s,s
m,en
pcl,pcl
t,t
aa,aa
ae,ae
n,n
ao,ao
ey,ey
q,q
iy,iy
n,n
v,r
tcl,kcl
n,n
w,w
f,f
l,l
en,n
ay,ay
tcl,kcl
iy,ih
iy,iy
ix,ih
ix,ix
z,z
ae,ae
z,z
w,w
sh,sh
er,er
ih,ih
ax,q
t,t
r,r
ih,ih
g,k
ae,ae
ow,ow
l,l
t,t
r,r
eh,eh
dcl,dcl
eh,eh
ae,eh
dcl,dcl
kcl,kcl
iy,iy
m,m
f,f
bcl,pcl
iy,iy
ae,eh
w,r
n,ix
v,v
axr,ix
ix,ix
z,z
kcl,kcl
eh,eh
tcl,pcl
dx,v
y,y
nx,n
eh,ah
ah,ah
er,ao
l,l
aa,aa
ih,iy
en,en
ah,ih
dcl,pcl
iy,iy
er,er
dh,dh
n,n
ae,ae
z,z
n,n
n,q
n,n
kcl,kcl
gcl,gcl
ix,ix
kcl,pcl
axr,r
ao,ao
en,en
ix,ix
ix,ix
bcl,bcl
dh,dh
m,m
ax,ax
ix,ix
k,k
l,el
dx,dx
q,gcl
el,el
r,r
dcl,dcl
pcl,kcl
w,l
dh,bcl
p,p
dcl,dcl
tcl,kcl
iy,iy
aa,aa
kcl,pcl
t,t
d,d
ow,ow
dcl,pcl
ix,ix
aa,aa
l,ix
s,s
ao,ah
l,l
ix,ix
ey,ey
kcl,kcl
kcl,kcl
th,th
s,s
bcl,pcl
n,gcl
z,s
oy,ay
g,k
n,n
kcl,tcl
sh,sh
bcl,bcl
d,d
l,ng
aa,aa
aa,ah
sh,s
f,f
ih,ih
dh,dh
ix,n
ao,uw
ix,ix
b,el
ux,ux
f,f
dcl,tcl
p,p
ao,ao
f,v
axr,axr
s,s
tcl,n
z,z
r,ax
m,m
ey,ey
ae,ae
k,k
iy,iy
r,r
q,q
n,n
q,q
r,r
iy,iy
tcl,pcl
n,n
n,l
tcl,tcl
el,el
k,k
eh,eh
ae,ae
s,s
g,g
n,n
th,pcl
bcl,dcl
dcl,dcl
ax,ax
z,z
eh,eh
hh,hh
n,n
ix,ih
t,t
ow,ow
n,n
l,l
ix,ix
gcl,kcl
iy,y
s,s
kcl,kcl
w,w
q,q
gcl,gcl
dx,dx
dcl,dcl
t,t
pcl,pcl
bcl,v
ey,ey
z,s
k,g
ax,ix
ih,ix
m,v
s,s
dcl,kcl
r,r
n,n
kcl,kcl
ih,ix
r,r
dcl,kcl
pcl,pcl
ey,ih
s,z
kcl,kcl
dh,dh
tcl,kcl
iy,iy
k,k
iy,iy
f,f
z,z
hv,hv
ey,ey
l,l
ey,ey
n,ng
s,s
d,t
dx,dx
pcl,pcl
aa,aa
sh,sh
ch,sh
er,er
ow,ow
er,axr
oy,oy
sh,sh
dcl,dcl
sh,sh
v,v
pcl,kcl
ix,ax
eh,eh
v,v
k,k
hv,hv
gcl,gcl
ng,en
ix,iy
ax,ax
ih,ix
iy,iy
l,el
ih,ih
s,s
ae,ae
y,iy
ix,ih
f,f
d,t
l,l
ow,ah
v,v
tcl,tcl
pcl,tcl
r,r
ao,ao
w,w
iy,iy
ix,ix
axr,q
p,p
iy,iy
ow,ow
ay,ay
s,z
ih,ih
ix,ix
ux,ux
t,t
k,k
ae,eh
ay,ay
tcl,tcl
z,s
m,m
v,v
m,m
er,r
s,s
s,s
w,w
dh,dh
ix,ix
t,t
l,l
iy,iy
s,s
kcl,kcl
m,m
g,g
axr,r
eh,eh
ih,ih
ix,ih
l,l
l,m
tcl,tcl
kcl,kcl
dx,dcl
k,k
ih,ih
th,z
k,k
pcl,pcl
aa,aa
ao,ao
iy,iy
axr,r
ay,ay
ow,ax
r,v
s,s
hv,hv
bcl,bcl
s,s
hv,hv
n,ng
d,k
s,s
n,n
ah,ah
iy,iy
eh,ix
w,w
f,f
axr,axr
s,s
ix,ix
w,w
ih,ih
eh,ae
m,m
r,r
l,l
w,ao
bcl,bcl
tcl,kcl
iy,iy
ow,ow
ow,ao
eh,r
iy,iy
ih,r
s,s
n,m
er,er
s,s
eh,aw
gcl,gcl
dcl,dcl
f,f
n,r
gcl,dcl
ae,ae
y,y
q,q
dx,dx
s,s
ix,ih
l,l
axr,axr
tcl,tcl
t,t
tcl,kcl
s,s
y,y
ae,ae
ao,ow
ao,ao
hh,k
l,l
ux,ux
l,ow
ng,ng
ix,ih
v,v
q,q
el,ow
ay,ay
ix,ih
sh,sh
eh,eh
kcl,kcl
jh,jh
z,s
ao,ao
ey,ey
kcl,kcl
m,n
th,th
s,s
s,s
y,iy
ix,ix
dcl,dh
bcl,dcl
r,axr
p,hh
q,en
dcl,bcl
tcl,pcl
w,w
k,k
ae,ae
s,s
m,m
n,n
ix,ix
n,n
tcl,tcl
kcl,kcl
t,d
ey,ey
r,r
er,er
r,r
tcl,tcl
axr,axr
kcl,kcl
iy,iy
s,s
k,g
tcl,n
dcl,dcl
dcl,dcl
l,ax
em,m
ao,aa
tcl,tcl
s,s
n,n
s,s
ow,ow
axr,r
ae,ih
ao,aa
l,l
ao,ao
l,l
m,m
m,m
z,z
th,th
w,w
ah,ao
ih,ih
s,s
iy,iy
l,l
gcl,gcl
hh,hv
ng,ng
r,r
ae,eh
dx,dx
w,w
l,l
ih,ih
ch,ch
aa,aa
kcl,kcl
f,f
ih,ih
dcl,tcl
v,ax
aa,aa
w,w
axr,ix
ae,ae
aa,aa
ax,l
uw,uw
s,s
el,l
ax,l
ix,ix
tcl,tcl
g,k
axr,axr
ix,ix
bcl,bcl
iy,iy
v,v
tcl,tcl
er,er
l,l
dcl,bcl
kcl,kcl
n,n
n,dcl
ng,ng
p,p
hh,hh
s,s
g,k
iy,iy
kcl,kcl
v,dh
ix,ix
ay,ay
ix,ix
n,n
ah,ax
eh,eh
l,l
ey,ey
q,ix
axr,r
s,s
dcl,dcl
kcl,pcl
ix,ix
y,iy
iy,iy
ix,ix
bcl,bcl
s,s
axr,er
p,p
ch,ch
er,er
k,k
dh,bcl
r,r
ix,ix
dcl,dcl
ch,ch
s,s
l,l
ux,ux
r,r
kcl,kcl
z,s
dx,v
k,k
th,th
sh,sh
p,p
bcl,bcl
ao,ao
n,n
kcl,kcl
kcl,kcl
ih,ix
r,ix
ix,ax
tcl,tcl
aa,aa
s,s
ow,ao
m,pcl
kcl,kcl
dh,dh
ay,ay
aa,ao
r,r
ix,ix
s,s
q,q
s,s
iy,iy
aa,r
l,l
axr,er
ao,ao
dh,dh
ow,ow
er,er
p,p
uh,ix
axr,ax
v,v
ih,ih
kcl,kcl
w,w
bcl,bcl
n,n
kcl,kcl
kcl,kcl
aa,aa
ng,ng
r,r
z,s
dh,dh
ix,ax
l,l
n,ng
pcl,pcl
ih,ih
ch,ch
m,m
kcl,kcl
tcl,kcl
z,z
ix,g
t,t
w,w
b,p
pcl,pcl
k,k
q,q
tcl,g
ah,ax
w,w
v,v
iy,iy
gcl,kcl
l,l
d,d
t,t
dh,tcl
r,r
axr,axr
ao,ah
sh,tcl
m,m
hh,hv
f,f
z,z
z,z
el,l
s,s
kcl,kcl
tcl,tcl
y,iy
hh,hh
s,z
t,t
pcl,kcl
axr,axr
ih,ix
bcl,bcl
hh,hh
eh,eh
ax,ax
iy,iy
tcl,pcl
ay,ay
ix,ix
ax,ix
ng,ng
ey,ey
tcl,n
f,f
ih,ih
r,r
s,s
hv,hv
ay,ay
nx,nx
ey,ih
ow,ah
iy,iy
y,ih
m,m
n,n
l,l
p,p
dcl,dcl
n,n
s,s
bcl,bcl
ix,ax
r,r
k,k
k,g
ax,ax
p,p
n,n
s,s
z,z
dcl,dcl
n,n
axr,r
ao,ao
ay,ay
ix,ix
dx,dcl
m,ng
s,s
l,l
n,n
axr,axr
aa,ao
ih,ix
g,g
ux,axr
jh,ch
kcl,kcl
ao,ao
dcl,tcl
ow,ow
iy,iy
dh,dh
ao,aa
q,r
s,s
n,m
n,n
l,l
tcl,tcl
hh,hh
n,n
ey,ay
ix,ax
sh,sh
axr,er
s,s
iy,iy
th,th
kcl,kcl
pcl,pcl
iy,iy
s,s
n,n
ow,ao
kcl,kcl
dh,dh
z,z
pcl,tcl
n,ng
axr,axr
z,z
tcl,pcl
aa,aa
s,s
dcl,gcl
ix,ix
f,f
ax,ax
k,k
q,tcl
aa,aa
r,r
f,f
f,f
iy,ix
hv,hv
aa,aa
tcl,pcl
ng,ng
nx,nx
q,r
tcl,tcl
l,l
iy,iy
s,s
w,w
oy,oy
v,v
tcl,n
w,w
iy,iy
ix,iy
ey,ey
w,w
ax,ah
dx,dx
ix,ix
tcl,tcl
dh,dh
tcl,tcl
t,t
tcl,gcl
n,n
tcl,tcl
l,l
ao,ao
tcl,dcl
dh,dh
ux,iy
kcl,kcl
ix,ux
m,m
l,l
n,n
kcl,kcl
n,m
n,n
r,r
dh,dh
w,ao
s,t
gcl,dcl
k,k
ae,ae
ow,ow
n,n
r,r
iy,iy
s,s
dh,n
l,l
ix,ix
iy,iy
dx,dx
ix,ix
ux,ux
m,m
eh,ih
er,r
z,z
v,v
q,q
ow,ow
ay,ay
r,r
ax-h,ix
d,d
m,m
n,ng
n,n
q,q
g,g
s,s
ey,ey
r,r
aa,ao
s,s
iy,iy
ix,ax
t,g
eh,ah
sh,sh
kcl,kcl
q,ix
tcl,tcl
ix,ix
m,ng
pcl,v
ng,ng
jh,t
aa,aa
k,k
iy,iy
ix,ix
v,dh
ih,ih
iy,iy
m,m
ih,eh
ih,ih
dx,dx
axr,axr
ih,ih
n,n
gcl,bcl
axr,er
m,m
ch,ch
jh,jh
iy,iy
aa,aa
gcl,pcl
axr,axr
z,s
dcl,dcl
r,r
ao,ao
aw,aw
z,z
f,f
el,el
ow,ow
m,m
s,s
r,r
r,r
w,w
t,t
ih,ih
aa,aa
ih,ih
axr,axr
iy,iy
zh,jh
s,s
s,s
ih,ih
ch,ch
p,p
ix,ix
l,l
p,p
w,w
ao,ow
tcl,tcl
iy,iy
gcl,gcl
axr,axr
ah,eh
ow,ow
m,m
ao,ao
n,n
bcl,bcl
ux,ix
nx,n
t,t
w,w
ah,ah
ih,ih
ay,ay
t,t
kcl,kcl
ng,ng
pcl,pcl
k,g
iy,iy
l,ax
l,l
ix,ih
t,t
kcl,tcl
aa,aa
axr,ix
y,y
ey,ih
pcl,kcl
f,f
z,z
ix,ix
p,p
hh,t
aa,aa
n,m
ow,ow
er,r
iy,ix
ix,ix
bcl,bcl
ih,ix
axr,axr
f,f
ah,ah
iy,iy
l,ax
ax,ax
ae,ae
ix,ix
r,axr
iy,iy
ux,ux
r,r
ih,ih
iy,iy
n,n
n,ng
ey,iy
el,l
n,n
nx,dx
n,n
l,l
ix,ix
ae,ae
z,z
s,s
ao,aa
dcl,n
v,v
ow,ow
ih,ih
ey,ey
l,l
r,r
r,r
ix,ix
er,r
ay,ey
ow,ow
r,r
sh,sh
iy,iy
ow,ow
axr,ix
r,r
ix,ix
n,n
ih,ih
g,g
tcl,tcl
dcl,gcl
kcl,kcl
l,l
dcl,gcl
ow,ow
jh,jh
ix,ix
dcl,dcl
eh,ah
ih,ih
ao,ao
n,m
r,r
q,tcl
aw,aw
ay,ay
z,z
ix,ih
ah,ax
ix,ix
y,ux
m,m
kcl,tcl
s,s
ax,ax-h
nx,m
b,p
ix,ix
b,p
tcl,kcl
dh,dh
hh,hh
l,l
ng,n
ao,aa
dcl,dcl
w,w
m,m
iy,iy
ae,ae
gcl,gcl
ow,ow
m,m
uh,ah
dh,dh
axr,ow
r,r
q,q
f,f
aa,ao
oy,l
eh,eh
z,s
ih,ix
ow,ow
ix,ih
v,r
ay,ay
y,y
ow,el
q,q
ux,ux
aa,aa
k,g
t,t
ey,ey
dcl,dcl
ae,ae
dh,hh
er,er
r,r
em,n
ix,ix
k,k
n,m
ey,ix
sh,sh
n,n
t,t
t,t
v,v
aa,ao
dcl,dcl
r,r
ix,ix
bcl,bcl
sh,sh
pcl,kcl
n,n
k,k
l,l
r,r
eh,ah
ux,ux
ng,ng
s,s
hv,hv
n,l
n,ng
l,el
l,l
dx,nx
ah,ah
ch,ch
s,s
ao,aa
ih,ih
ao,aa
r,r
n,n
s,s
t,t
iy,iy
s,s
kcl,kcl
t,t
dh,dh
axr,axr
ay,ae
kcl,kcl
er,er
q,q
iy,iy
ix,ix
ix,ih
tcl,kcl
iy,iy
eh,eh
k,g
ay,ay
ix,ix
t,t
g,g
ow,ow
w,w
m,m
g,k
ch,ch
ao,ao
w,w
dcl,gcl
ax,ix
l,l
b,b
n,nx
l,l
ax-h,ax-h
t,t
ey,ey
ao,aa
tcl,tcl
uw,uw
tcl,tcl
bcl,dcl
ao,ao
aa,aa
gcl,gcl
dh,dh
s,s
sh,s
z,s
ow,el
f,f
aw,aa
ix,ih
t,t
ux,ux
kcl,kcl
r,r
w,w
iy,iy
n,n
ae,ae
n,n
k,k
ix,ih
axr,axr
l,l
y,y
aa,ay
ih,ix
tcl,tcl
l,l
kcl,kcl
k,k
l,l
el,l
ix,ix
ix,ix
l,l
tcl,tcl
n,n
ch,jh
jh,jh
ih,ih
ey,ey
ax,r
hv,hv
s,s
axr,r
ix,ax
dh,dh
eh,ah
ih,ih
iy,iy
ih,ih
n,b
hv,hv
l,l
f,f
ix,ix
ow,ow
pcl,pcl
eh,eh
gcl,gcl
uh,ih
p,p
dh,dh
s,s
hv,hv
kcl,kcl
ao,aa
ae,ah
d,d
n,n
ih,ih
t,t
ng,ng
ey,ey
n,dcl
bcl,pcl
f,f
p,f
ae,ae
ix,ix
n,m
y,ux
ih,ih
sh,sh
tcl,tcl
dcl,dcl
l,l
l,l
ax,ix
ao,ao
kcl,tcl
kcl,kcl
dcl,gcl
sh,sh
iy,iy
f,f
d,d
ao,el
ah,ah
ax,ax
eh,ih
k,k
ao,aa
ng,m
t,t
n,n
n,n
ix,ux
l,l
sh,sh
r,r
r,r
ow,ow
f,f
g,k
kcl,tcl
ae,ae
f,f
k,k
iy,iy
l,l
s,s
ey,ey
ih,ih
l,l
n,ng
ih,ix
ay,ey
n,n
n,n
sh,sh
iy,hv
w,w
ix,ax
n,ng
kcl,kcl
tcl,kcl
tcl,tcl
tcl,tcl
dcl,bcl
n,n
ux,ux
iy,iy
ey,iy
ax,ax
tcl,tcl
ay,ay
l,l
ao,ao
aa,aa
ay,ay
f,f
ih,ih
k,k
ih,ix
q,ih
r,r
pcl,pcl
s,s
m,m
pcl,pcl
t,d
dcl,dcl
d,k
r,r
er,axr
axr,axr
l,l
eh,eh
nx,nx
q,q
ey,ey
tcl,pcl
n,n
v,v
ow,ow
dcl,dcl
l,l
s,s
dcl,dcl
gcl,dcl
ao,ao
w,l
ax,ax
pcl,kcl
z,s
ix,axr
l,l
pcl,tcl
l,l
sh,sh
er,er
ah,ah
k,g
n,n
er,axr
axr,er
ao,ao
z,z
dh,f
pcl,pcl
l,l
s,s
bcl,bcl
s,s
ch,ch
y,y
ih,ih
l,l
dh,dh
aa,aa
ay,aw
n,n
kcl,pcl
q,dx
s,s
l,r
ux,ux
iy,iy
ae,ae
gcl,kcl
w,w
tcl,kcl
s,s
kcl,tcl
ix,ix
ih,ih
l,ix
iy,iy
ch,ch
l,l
n,m
ih,y
ow,ow
kcl,kcl
s,s
dx,dx
m,n
pcl,kcl
m,m
sh,sh
m,n
r,r
ao,ao
n,n
ax,ax
tcl,kcl
ix,ix
ow,ow
ow,ow
ih,ih
bcl,bcl
g,g
sh,s
ih,ih
axr,axr
m,m
s,s
m,m
el,el
pcl,kcl
ae,ae
k,k
dcl,dcl
en,ng
eh,eh
hv,hv
kcl,kcl
ix,ix
s,s
l,l
ng,ng
ux,ux
r,r
iy,iy
k,k
ae,ae
s,s
q,ah
iy,iy
uh,ix
dx,dcl
dx,nx
ay,ay
er,er
ey,ux
ix,iy
ow,ow
eh,ae
n,n
y,iy
dcl,dcl
dx,v
ey,ey
axr,er
s,s
er,r
t,t
hh,hv
t,t
aa,aa
ax,ih
pcl,kcl
ax,ax
axr,ix
pcl,tcl
ix,ix
kcl,kcl
bcl,pcl
s,s
ux,ux
ix,ax-h
ao,ao
z,z
iy,iy
l,l
ih,ih
kcl,kcl
ow,ow
s,s
ow,ow
r,r
l,l
sh,sh
sh,sh
ay,ay
oy,ay
ih,ix
ao,ao
s,s
gcl,gcl
f,f
nx,nx
dcl,v
th,dh
z,z
iy,y
eh,ih
p,p
axr,r
bcl,bcl
er,er
n,n
y,y
n,ng
ih,ay
k,k
eh,ix
n,n
t,dh
r,r
tcl,tcl
l,l
z,z
bcl,bcl
axr,axr
w,w
ah,ao
el,uw
q,q
s,s
ae,ae
w,m
dcl,dcl
pcl,pcl
ax,l
axr,axr
eh,ae
ix,ix
kcl,kcl
gcl,gcl
n,ng
q,uw
ix,ix
ao,ao
s,s
kcl,kcl
en,en
k,k
aa,aa
ae,ae
s,s
axr,r
ae,ae
n,n
ow,ow
jh,jh
q,q
iy,iy
b,b
r,r
sh,sh
tcl,kcl
n,n
ax,ax
r,r
z,s
ih,ih
el,ow
k,k
aa,ah
t,t
d,t
aa,aa
l,q
w,q
ih,ax
z,z
ey,ey
iy,ix
ax-h,ax-h
ix,ix
l,l
l,l
l,l
ey,ih
w,w
n,n
r,r
n,n
ae,ae
tcl,tcl
axr,ix
kcl,kcl
iy,iy
axr,aa
w,w
r,ix
iy,iy
jh,jh
tcl,kcl
z,s
ax,aa
iy,iy
aa,aa
ng,ng
ih,ix
ah,ah
tcl,tcl
ih,iy
kcl,kcl
iy,iy
dcl,bcl
kcl,kcl
m,m
r,r
ax,q
ih,ix
gcl,gcl
ih,ih
k,k
k,k
p,p
tcl,kcl
t,k
ah,aa
ao,ao
pcl,pcl
ah,ax
en,en
s,s
ao,ao
ix,ax-h
s,s
tcl,tcl
aw,aw
iy,iy
l,w
sh,sh
v,v
ay,ay
s,s
n,n
tcl,tcl
ey,ey
q,q
k,k
s,s
y,ux
z,z
ax,ax
k,k
ng,n
l,l
m,ae
s,s
axr,axr
iy,iy
tcl,dcl
ax,ax
ax,q
ay,ay
ao,aa
aa,aa
m,bcl
ix,ix
dcl,dcl
n,n
ix,nx
iy,iy
t,t
uh,ix
r,r
n,n
ix,ix
ey,ey
r,ah
ay,aa
tcl,pcl
dcl,dcl
axr,r
pcl,pcl
ih,ih
axr,axr
tcl,th
n,tcl
er,er
gcl,gcl
ax,uw
ih,ix
hh,hv
ae,ae
ih,ih
t,t
w,w
l,r
aa,ao
ix,ix
n,dcl
n,bcl
er,er
y,y
t,t
f,f
axr,r
s,s
ow,ow
er,er
ax,ax
ax,ix
ax,ax
ax,ah
d,d
k,k
m,n
ih,ih
l,l
kcl,kcl
eh,eh
iy,iy
axr,iy
z,z
r,r
k,k
sh,jh
eh,ih
el,el
k,k
ay,aa
bcl,tcl
ih,iy
er,axr
iy,iy
aa,aa
ux,ix
kcl,kcl
r,r
hh,hh
ey,ey
t,t
sh,sh
uh,ih
iy,iy
ah,aa
k,k
ch,ch
r,r
n,n
oy,oy
nx,n
s,s
f,v
ey,iy
s,s
el,l
tcl,gcl
ey,ey
ch,sh
m,m
aa,aa
tcl,tcl
t,t
ix,ix
n,n
dcl,dcl
ah,ax
s,s
n,n
iy,iy
iy,iy
n,m
ae,ae
eh,ax
th,th
v,f
n,n
ih,ih
m,ng
r,r
l,l
g,dx
r,r
pcl,pcl
ao,aa
ng,n
ux,ux
pcl,pcl
ix,r
y,y
g,g
ao,ao
eh,eh
ah,ah
k,k
eh,ae
ih,ix
k,k
t,t
s,s
dx,dx
gcl,dcl
iy,iy
n,n
r,r
m,m
d,t
dh,dh
ao,ao
pcl,pcl
kcl,kcl
el,ow
sh,s
gcl,dcl
aw,aw
v,f
eh,eh
kcl,tcl
s,s
iy,ih
d,jh
el,ih
ih,ey
s,s
dcl,dcl
en,n
iy,iy
aa,aa
s,s
eh,eh
s,s
r,r
ux,ux
eh,ih
ae,ae
oy,oy
m,n
s,s
iy,iy
s,s
ao,ao
axr,er
k,g
ih,el
tcl,tcl
axr,aa
kcl,kcl
n,n
iy,iy
v,pcl
ch,sh
iy,iy
eh,ae
ix,ix
ae,ae
dh,dh
ix,ix
kcl,kcl
ae,ae
ow,ow
s,s
z,z
l,l
iy,iy
ih,ih
n,n
ix,ix
eh,eh
er,axr
eh,ih
tcl,dcl
g,g
ih,ih
dx,dx
y,y
eh,eh
bcl,bcl
n,n
axr,kcl
ay,ay
n,n
r,r
bcl,bcl
ax,ax
dcl,dcl
l,l
pcl,tcl
m,m
iy,ih
dh,dh
pcl,bcl
ix,ix
n,n
n,n
s,s
kcl,kcl
m,bcl
s,s
kcl,kcl
eh,eh
k,k
ax,ux
z,z
ux,y
bcl,v
er,er
eh,eh
ay,ix
ao,ao
r,r
p,p
iy,ih
s,s
ih,ix
r,r
ih,ae
s,s
kcl,kcl
sh,sh
z,z
dh,n
iy,iy
ih,ih
v,v
jh,jh
ix,r
q,q
l,l
n,n
iy,iy
tcl,tcl
y,y
m,n
aa,aa
aa,aa
hh,hh
tcl,pcl
k,k
ae,ae
r,r
ey,ux
ix,ix
y,iy
s,s
r,r
y,y
pcl,dcl
iy,iy
ih,ih
kcl,kcl
m,m
s,s
q,q
l,l
l,l
ix,ix
ux,ux
dcl,dcl
l,w
pcl,pcl
eh,ih
f,f
jh,sh
ax,ix
b,b
eh,ih
k,k
z,s
k,k
ax,ah
iy,ux
q,q
v,ix
hh,g
ey,iy
axr,axr
r,n
dh,dh
y,ix
ix,ix
tcl,dcl
n,n
r,r
hh,hh
er,er
q,ix
ae,ay
m,m
v,v
s,s
ae,ae
s,s
ae,ih
ix,ih
ix,ix
y,ix
r,ax
gcl,dcl
l,l
pcl,pcl
iy,ih
v,v
ow,ow
s,s
tcl,kcl
oy,oy
m,m
z,z
iy,ux
r,r
ae,ae
r,r
tcl,pcl
n,n
z,z
z,z
t,t
r,r
n,n
iy,iy
zh,zh
aa,ae
ix,ih
q,q
axr,axr
dx,tcl
ih,ih
k,k
ix,ix
tcl,tcl
n,n
pcl,pcl
n,n
n,n
ux,ux
k,k
dx,dx
w,w
ao,ao
eh,ae
ux,ux
iy,iy
ow,ow
s,s
ng,ng
eh,eh
el,el
n,n
g,g
k,k
ih,ih
z,z
pcl,tcl
tcl,tcl
w,w
tcl,tcl
k,k
oy,oy
ih,ih
sh,s
dh,dh
iy,iy
ix,ix
v,l
r,r
ix,ix
n,n
w,w
ux,ux
n,n
aa,ao
dcl,dcl
t,t
ix,ix
ey,ey
tcl,tcl
ux,ux
r,r
g,g
t,t
ao,ao
l,l
ih,ih
p,f
jh,ch
hh,hh
ng,ng
ix,ih
l,l
k,k
sh,sh
dcl,dcl
z,z
q,q
eh,r
r,r
dcl,dcl
eh,ae
axr,axr
sh,sh
l,l
ae,ae
ih,ih
dh,dh
bcl,bcl
tcl,tcl
tcl,tcl
y,y
ow,ow
k,k
ay,ay
ow,ow
eh,eh
jh,jh
n,dx
ae,ae
t,t
jh,jh
q,q
ah,ah
dx,l
y,y
q,ix
axr,axr
er,er
ey,ey
p,f
oy,oy
ow,ow
r,ih
dcl,dcl
pcl,pcl
dcl,dcl
q,tcl
ax,ax
s,s
bcl,tcl
ah,aa
ay,ay
m,m
iy,iy
ix,ix
k,g
th,th
tcl,tcl
nx,nx
iy,iy
iy,iy
d,d
r,b
s,s
ey,ey
tcl,tcl
g,k
w,r
dh,s
s,s
ae,ae
dx,dx
k,k
t,t
t,jh
dx,dx
jh,jh
dx,r
iy,iy
ay,ah
z,z
dx,dx
ix,ix
k,k
jh,jh
ae,ae
v,v
ao,aa
tcl,tcl
aa,aa
y,y
eh,ih
bcl,bcl
n,n
aa,aa
s,s
z,sh
v,v
ng,n
z,s
ay,ay
l,l
s,s
k,k
n,n
ix,ix
kcl,kcl
ao,ao
r,r
eh,aa
pcl,pcl
ax,ah
ey,iy
en,tcl
ao,ao
kcl,kcl
dcl,dcl
ey,ey
q,q
ah,ae
er,axr
ah,ah
z,s
kcl,t
er,axr
ao,ao
t,t
q,kcl
t,t
hh,hh
iy,iy
l,l
aw,aw
n,ng
iy,iy
ah,ih
ix,iy
m,m
r,r
ae,ae
q,q
ix,iy
bcl,dcl
ih,ih
k,k
s,s
dcl,pcl
ch,ch
tcl,tcl
ix,ix
z,z
r,v
v,hv
sh,sh
n,n
k,k
ow,ow
s,s
s,s
bcl,bcl
v,f
axr,axr
tcl,kcl
r,r
ux,ux
ey,eh
ao,ao
dcl,ix
r,r
eh,ae
ow,ow
q,v
ix,ax
k,k
dcl,kcl
zh,jh
z,z
l,l
pcl,tcl
ix,ih
ix,ix
ax,ax
ao,ao
n,n
axr,axr
tcl,dcl
ih,ih
dcl,dcl
ax,ax
r,r
m,m
gcl,dcl
er,er
nx,n
pcl,kcl
ow,ow
m,m
hh,hh
m,m
ax,ax
q,q
ix,ih
dcl,dcl
q,q
q,q
kcl,kcl
ng,ng
t,t
q,q
ay,ay
l,ow
n,n
ch,ch
pcl,pcl
dh,dh
ow,ow
f,f
ux,iy
w,w
k,k
ae,eh
k,k
ih,ih
bcl,n
m,m
oy,oy
m,m
axr,axr
eh,ah
gcl,gcl
kcl,pcl
t,d
kcl,pcl
y,y
v,v
kcl,gcl
n,n
ah,ax
ih,ix
sh,sh
ay,aa
ux,ix
tcl,tcl
dcl,gcl
v,v
gcl,dcl
ao,ao
eh,eh
ix,ix
ix,ix
ih,ih
w,uw
axr,axr
ih,ih
q,q
aw,aw
ix,ax
ao,aa
m,m
k,k
s,s
pcl,pcl
ix,ix
iy,ix
sh,sh
ng,ng
dcl,n
r,r
y,y
dcl,dcl
z,z
tcl,kcl
tcl,pcl
ae,eh
hv,hv
axr,r
q,q
z,z
w,w
ax,ix
q,q
g,g
gcl,gcl
er,er
sh,sh
dcl,tcl
ng,ng
kcl,kcl
iy,iy
s,s
n,n
ow,ax
l,l
dcl,dcl
ch,ch
ae,ae
w,w
eh,eh
w,w
ae,ae
ix,ix
ng,ng
pcl,pcl
m,m
aw,aw
ix,ih
iy,iy
q,q
s,s
ey,ey
m,m
tcl,tcl
bcl,bcl
eh,eh
kcl,kcl
ix,ix
jh,jh
ux,ih
ey,ey
p,hh
tcl,pcl
dh,dh
b,b
eh,ae
n,n
k,k
p,p
ao,ao
iy,ix
ih,ih
w,w
ay,ay
q,ax
z,s
aa,aa
ax,ax
uw,w
g,g
iy,iy
hh,p
ey,ey
y,y
ay,ay
ng,m
q,q
r,r
ey,ey
dh,dh
kcl,tcl
en,en
aa,aa
t,t
ix,ix
dx,dx
r,r
en,en
f,f
ix,ih
jh,jh
ih,ih
v,v
kcl,kcl
eh,r
ax,ah
ch,ch
ux,ux
d,t
ae,ae
jh,t
oy,oy
q,q
ao,ao
n,m
ao,ao
ax,ax
gcl,dcl
n,n
z,s
b,r
ix,ix
ow,ow
ao,uw
kcl,kcl
iy,ey
l,b
s,s
iy,iy
gcl,dcl
k,k
er,axr
iy,iy
k,k
m,em
s,s
axr,r
ix,ix
m,m
jh,jh
iy,ix
iy,uw
l,aw
eh,eh
ux,ux
ux,ux
ux,iy
iy,iy
ah,ah
ix,ix
q,q
m,m
k,k
kcl,kcl
ix,ix
iy,ix
ix,ix
ih,ih
l,l
z,s
aw,aw
s,s
eh,ih
s,s
ay,ay
y,ih
eh,ih
dcl,dcl
k,k
ix,ax
n,n
r,r
z,s
gcl,dcl
ae,ae
ix,ix
ey,ey
m,m
r,r
er,er
ae,ae
s,s
ih,q
n,n
dcl,dcl
dh,f
z,s
sh,f
r,r
pcl,pcl
ah,ah
n,n
ax,ih
l,l
ch,ch
pcl,kcl
v,dh
ey,eh
w,w
f,f
t,t
iy,ih
aa,aa
f,f
ao,ao
g,g
s,s
ux,ux
iy,iy
aa,aa
r,r
t,t
ae,ae
ih,ih
sh,sh
r,r
t,t
ax,ax
z,z
kcl,kcl
nx,dx
pcl,tcl
s,s
ay,aa
l,l
k,k
ah,aa
s,s
l,l
hh,hh
r,r
aw,ao
z,z
ih,ih
uh,ax
en,ix
axr,axr
tcl,tcl
eh,eh
aw,aw
eh,eh
s,s
ih,ih
dx,d
r,r
n,n
ix,ix
ax-h,bcl
eh,eh
ih,ax
hh,hh
y,y
ax,ax
ao,ao
dcl,dcl
f,f
q,q
ah,ah
tcl,tcl
r,r
p,p
y,ux
k,k
q,q
z,z
tcl,dcl
iy,iy
dx,dx
k,k
s,s
r,r
ix,ih
kcl,tcl
ao,ao
ih,ix
iy,ih
dh,dh
r,r
z,z
kcl,kcl
iy,iy
s,s
ow,ow
l,l
l,el
m,v
m,m
s,s
ow,ow
m,n
axr,r
ix,ix
ao,ao
ax,ah
ae,ae
uw,uw
r,r
f,f
v,v
ow,ow
ay,ay
z,z
tcl,n
n,n
ix,iy
eh,eh
m,m
gcl,tcl
er,er
iy,iy
n,n
r,r
er,er
axr,axr
r,r
r,r
ix,ey
s,s
m,ng
gcl,gcl
iy,iy
k,k
ix,ix
kcl,kcl
v,dcl
s,s
oy,oy
r,r
k,k
r,r
tcl,tcl
m,m
ay,ay
bcl,bcl
s,s
ao,ao
iy,iy
ah,ah
kcl,kcl
uw,ux
ae,ae
tcl,kcl
tcl,w
dx,dx
eh,eh
ow,ow
s,s
p,p
t,t
ix,ix
r,r
ih,ih
k,k
eh,ae
s,s
er,er
ao,aa
iy,iy
s,s
r,r
r,r
axr,er
ax,ax
dh,dh
bcl,bcl
el,el
ix,ix
jh,t
aa,ao
ae,ae
tcl,tcl
ih,ih
p,p
jh,t
r,r
n,m
tcl,tcl
q,q
kcl,kcl
bcl,bcl
n,n
m,m
r,r
n,dcl
tcl,tcl
iy,iy
ih,ah
ix,ix
p,g
dcl,dcl
ax,ix
m,m
ih,ix
r,r
n,n
z,z
uh,el
t,t
dx,dx
m,ix
bcl,bcl
iy,iy
pcl,kcl
ow,uw
g,g
t,t
tcl,tcl
r,r
gcl,gcl
iy,iy
n,ix
r,r
ax,ax
ix,ix
l,l
n,n
ow,ow
iy,iy
dcl,tcl
en,l
jh,jh
pcl,pcl
tcl,pcl
dcl,dcl
axr,r
jh,jh
m,m
ah,ah
uw,ux
ih,ih
ae,ah
s,s
dcl,tcl
n,n
p,p
q,q
th,t
l,l
aa,ah
ih,ih
r,r
ax,ax
n,n
iy,iy
ah,ah
l,l
pcl,tcl
axr,axr
n,n
dcl,dcl
ux,ux
er,er
hh,hh
s,s
f,f
l,l
bcl,pcl
en,en
l,l
sh,sh
v,v
t,t
oy,oy
ix,ih
ax,ax
ix,ix
kcl,kcl
ix,ax
ay,ay
f,f
kcl,tcl
aa,aa
ow,ow
g,g
ay,ay
ao,ao
dx,dcl
v,v
ux,ux
er,er
r,r
gcl,gcl
ah,ix
uw,ux
n,ng
l,w
ow,ow
ih,eh
hv,hv
uw,n
kcl,kcl
pcl,pcl
ow,ow
p,p
th,z
axr,er
ih,ix
d,t
ix,ix
n,n
ch,t
p,p
m,n
q,q
ih,ix
ix,ix
l,ax
ax,ix
hh,t
el,el
q,q
s,s
q,q
t,t
ih,ih
ao,ao
w,w
iy,iy
bcl,bcl
ih,ih
eh,ah
kcl,kcl
v,bcl
n,n
tcl,kcl
s,s
uw,uw
oy,oy
l,l
l,l
l,l
axr,axr
ah,ah
pcl,pcl
aa,ao
w,w
el,el
uh,ih
ey,iy
l,l
kcl,pcl
ix,ix
dcl,dcl
ax,ax
f,f
t,t
aa,aa
q,q
axr,r
ay,ay
r,r
m,m
ix,ih
ae,ae
t,t
n,n
z,z
em,m
ao,ao
m,v
kcl,kcl
ux,ih
hv,hv
gcl,gcl
iy,iy
ix,ix
iy,ix
k,k
axr,axr
n,n
ix,ix
q,tcl
ix,ix
n,n
gcl,gcl
dcl,dcl
bcl,dcl
tcl,kcl
ao,ao
aa,aa
ao,ao
k,k
w,ao
r,ih
w,r
dcl,dcl
ix,ix
iy,iy
z,z
dcl,dcl
tcl,tcl
n,m
ax,ax
kcl,kcl
t,t
g,g
y,y
s,s
dcl,dcl
t,t
ah,ow
tcl,tcl
f,th
dcl,bcl
z,z
z,z
d,d
ax,dh
ae,ae
tcl,tcl
gcl,pcl
l,l
p,p
n,n
iy,iy
dh,z
l,l
ix,ax-h
ix,ix
ow,l
s,s
n,gcl
kcl,tcl
ay,ay
eh,eh
f,f
ix,ix
ae,ae
l,l
n,n
q,q
dcl,dcl
ax,ax
tcl,tcl
dcl,dcl
s,s
n,n
tcl,tcl
z,z
ix,iy
s,s
z,z
tcl,kcl
dh,dh
aa,ao
bcl,v
l,l
ng,ng
dcl,dcl
ix,ix
dcl,tcl
s,s
bcl,pcl
s,s
l,ax
l,l
eh,ae
dx,iy
ix,iy
aa,ah
g,g
s,s
sh,sh
r,r
z,z
iy,iy
n,n
r,r
s,s
aw,aw
ao,ao
t,t
dcl,dcl
ih,ih
ix,ix
tcl,tcl
ey,iy
v,pcl
ux,ux
f,f
uw,ux
ow,ow
n,n
r,r
aa,r
ih,ix
ih,ih
axr,axr
dcl,dcl
s,s
ih,ih
er,er
m,m
dcl,gcl
axr,axr
v,bcl
hh,hh
m,m
ix,ix
ae,ae
kcl,kcl
axr,axr
aa,aa
s,s
r,r
kcl,kcl
p,p
ay,aa
dcl,dcl
axr,axr
er,er
ix,ix
ah,r
ao,ao
tcl,g
z,s
el,el
gcl,ix
tcl,kcl
k,k
ay,ay
f,f
n,n
s,s
z,z
m,m
dh,dh
pcl,pcl
ah,ah
ng,ng
dx,nx
hh,hv
k,k
dh,dh
tcl,tcl
ey,ih
q,tcl
axr,axr
t,t
ux,ih
ix,ix
p,p
em,em
aa,ao
g,g
dx,n
ay,ay
ax,ax
er,er
n,n
s,s
s,s
ih,ih
ae,ae
t,t
m,n
w,w
bcl,dcl
kcl,tcl
n,n
ix,ix
m,n
tcl,kcl
hv,hh
ao,ao
p,p
s,s
ix,ix
g,g
l,l
t,t
iy,iy
gcl,gcl
ow,ow
y,y
ae,ae
f,f
axr,er
f,f
ih,ih
w,w
dcl,kcl
ae,ae
ix,ix
iy,iy
g,g
l,l
axr,axr
uw,ux
g,g
ae,ae
ao,ao
hh,hh
l,l
n,n
iy,iy
m,m
kcl,kcl
k,k
gcl,dcl
n,m
ae,ah
dcl,dcl
ix,ax
f,p
k,k
l,l
sh,sh
pcl,tcl
d,t
kcl,pcl
tcl,tcl
ux,ux
q,q
ey,ey
ih,ih
ae,ae
n,n
axr,er
l,l
th,th
s,s
en,en
r,r
ae,ae
axr,axr
aa,aa
r,r
r,r
dh,dh
t,t
gcl,kcl
ow,ah
tcl,m
dh,dh
q,q
kcl,kcl
n,n
tcl,kcl
tcl,tcl
t,t
g,g
t,z
q,q
dcl,bcl
tcl,tcl
f,f
r,r
q,l
n,n
l,l
l,l
uw,uw
y,y
r,r
hv,hv
l,l
ax,ax
ax,ax
ao,aa
ey,iy
er,er
iy,iy
bcl,bcl
ah,ax
l,l
q,q
l,r
ay,ay
q,q
s,z
kcl,kcl
pcl,pcl
ao,ao
q,q
r,r
y,y
m,m
s,s
n,n
tcl,t
dcl,dcl
n,n
ix,ix
f,f
aa,aa
bcl,bcl
el,ax
ah,ow
ah,ix
z,z
dh,kcl
ay,ay
w,w
l,l
m,m
dcl,dcl
ay,ay
l,l
w,w
w,w
m,r
n,n
ix,ix
iy,iy
ih,ax
t,t
iy,r
n,n
t,tcl
iy,ih
w,w
z,s
ix,ix
iy,iy
axr,r
n,v
g,g
m,m
k,k
uh,ih
r,r
ah,ah
q,q
iy,iy
f,f
ax,ax
sh,sh
ay,ay
dx,dx
el,el
l,l
q,q
tcl,tcl
oy,oy
tcl,pcl
r,r
dh,t
oy,oy
dh,ax
p,b
r,r
th,t
pcl,pcl
axr,er
axr,axr
v,v
r,r
q,q
dx,ax
ih,ih
er,er
ae,ae
z,z
f,p
ae,aw
ow,ow
ae,ae
z,z
ih,ix
kcl,kcl
l,l
ey,ey
kcl,kcl
ix,ix
v,v
sh,sh
ix,ix
ey,ae
iy,iy
ih,ih
kcl,kcl
kcl,kcl
bcl,bcl
ux,ux
tcl,tcl
tcl,tcl
ow,ow
f,f
k,k
uw,uw
ih,ix
ah,ah
ao,ao
r,r
k,k
en,en
s,s
s,s
q,hh
dh,v
ow,ow
pcl,dcl
aa,aa
axr,n
z,z
aw,aw
r,r
k,k
iy,iy
ix,ix
t,t
bcl,bcl
k,k
p,p
pcl,pcl
d,d
v,v
l,l
jh,jh
eh,eh
hh,hv
m,m
k,k
ix,ix
ix,ix
gcl,dcl
eh,ih
m,m
ae,ih
pcl,pcl
ih,ih
n,n
iy,ih
s,z
er,axr
k,k
r,er
ay,ay
kcl,gcl
ix,ix
axr,ux
en,n
q,q
iy,iy
ao,ao
bcl,dcl
axr,axr
q,q
el,g
gcl,dx
er,er
y,y
el,ax
ah,ow
el,el
tcl,kcl
axr,axr
en,en
pcl,pcl
k,k
ix,ih
q,q
ax,l
ix,ix
oy,oy
pcl,pcl
n,n
tcl,dcl
ux,ux
ax,ix
w,w
r,r
r,r
ix,ix
uw,w
g,g
pcl,pcl
kcl,tcl
ix,ix
aw,ao
dcl,dcl
s,s
l,l
axr,axr
hh,hv
kcl,kcl
r,axr
w,w
bcl,dcl
w,w
eh,eh
z,z
f,f
y,iy
ih,ih
q,q
l,el
q,q
ow,ow
f,f
aa,r
ey,ey
ih,ih
s,s
tcl,pcl
y,iy
t,t
d,d
p,p
l,l
ix,iy
s,s
m,r
ao,ao
ah,ah
hv,hv
ix,ix
l,l
ih,ih
f,f
tcl,tcl
r,r
ix,ix
ow,ow
iy,iy
n,n
n,n
s,s
tcl,pcl
y,y
f,f
nx,nx
axr,r
ch,ch
q,q
dx,dx
l,l
tcl,tcl
n,n
l,l
ix,ix
axr,axr
ay,ay
ix,ix
m,m
s,s
dcl,dcl
s,s
eh,ih
kcl,kcl
ix,ix
ao,aa
v,v
oy,oy
tcl,tcl
kcl,kcl
f,th
iy,iy
bcl,bcl
tcl,dcl
m,m
q,q
dh,dh
ay,aa
ae,ae
ax,ax
ux,ih
eh,ix
p,p
iy,iy
ax,ax
l,l
l,l
r,r
l,ao
m,m
pcl,pcl
oy,oy
ah,ax
n,ng
ow,eh
iy,iy
iy,iy
r,r
er,er
em,n
s,s
ix,ax
f,f
dcl,gcl
k,k
axr,ux
ix,ix
s,s
gcl,gcl
ng,ng
eh,ih
ix,ix
z,s
ix,ix
axr,er
r,r
ah,ah
ix,ix
kcl,kcl
n,n
n,n
dx,dx
axr,axr
dcl,dcl
hh,p
dx,nx
tcl,tcl
w,w
eh,ax
ux,ux
ae,ae
s,s
tcl,dcl
ax,ax
ax,w
q,q
ih,ih
dx,dx
tcl,tcl
ae,ae
er,er
l,l
ah,ah
iy,iy
ux,uw
ix,ix
s,s
s,s
kcl,kcl
tcl,pcl
ih,ix
s,s
n,n
l,l
ae,q
m,m
z,s
ow,ow
iy,iy
iy,iy
k,k
kcl,pcl
eh,eh
q,q
r,r
th,th
axr,r
ao,l
r,r
iy,iy
k,k
dh,dh
ix,ix
iy,iy
s,s
s,s
n,ng
eh,eh
l,eh
dcl,pcl
n,n
n,ng
er,er
iy,iy
t,t
nx,l
k,k
axr,axr
tcl,tcl
ix,ix
dcl,dcl
axr,axr
ih,ax
r,r
l,el
w,w
kcl,kcl
iy,iy
pcl,pcl
sh,sh
ih,axr
s,s
r,ah
t,t
v,v
y,y
dx,dx
tcl,tcl
iy,iy
axr,aa
n,n
aa,aa
y,q
sh,jh
dcl,n
dh,dh
tcl,tcl
l,ax
y,y
jh,jh
ih,ih
ax,ix
eh,iy
n,n
l,l
ih,ah
iy,ix
kcl,kcl
pcl,dcl
iy,iy
axr,ix
r,r
l,ow
iy,iy
w,w
ix,ux
tcl,tcl
n,n
q,q
ow,ow
nx,nx
m,m
f,f
kcl,kcl
ae,ae
ix,ix
dcl,dcl
iy,iy
sh,sh
s,s
w,r
iy,iy
z,z
s,z
ix,ih
dcl,dcl
s,s
d,d
s,z
f,f
tcl,tcl
n,n
k,k
r,r
ax,ix
iy,iy
n,m
ae,ae
ix,gcl
axr,axr
tcl,tcl
l,l
w,w
axr,axr
dh,dh
z,s
n,n
m,m
ax,ah
k,k
n,m
m,m
ih,ih
hh,hh
f,f
eh,ih
hh,aa
aa,aa
ih,ih
ih,eh
iy,iy
r,r
hh,hh
tcl,pcl
eh,eh
p,p
s,s
tcl,pcl
z,z
ix,ix
iy,iy
ao,w
ih,ix
g,g
p,b
l,l
m,m
w,w
pcl,bcl
t,t
iy,iy
g,g
tcl,tcl
q,q
ah,aa
t,t
pcl,pcl
dcl,dcl
ah,ah
ao,ow
el,el
f,f
q,q
s,s
l,w
s,s
dcl,bcl
ih,ih
ae,ae
b,p
ao,ao
ih,eh
n,n
s,s
m,n
k,k
r,r
r,r
z,z
r,r
ah,ow
t,d
q,q
ae,ae
ae,ae
zh,z
uh,uh
l,l
ix,ix
z,s
s,s
p,p
s,s
ix,ix
bcl,bcl
l,l
en,ix
pcl,tcl
ao,ao
m,ng
q,q
eh,ix
q,q
ao,ao
f,f
ih,ix
aa,aa
m,m
r,r
g,g
uh,ix
iy,ix
n,n
n,n
oy,oy
s,s
ix,ix
iy,iy
bcl,en
ix,ix
l,l
en,en
q,q
tcl,kcl
m,n
ih,ih
y,y
z,s
bcl,pcl
oy,oy
er,er
s,s
tcl,tcl
n,m
kcl,pcl
iy,iy
k,k
iy,iy
f,f
f,f
iy,iy
tcl,kcl
m,m
sh,sh
hh,hv
dx,dx
dx,dx
ux,ux
s,s
ao,ao
ax,ax
uh,uh
n,n
r,r
gcl,dcl
ix,ix
ae,ae
m,em
dcl,bcl
k,k
aa,aa
iy,iy
dx,dcl
l,l
nx,nx
l,l
ah,ah
k,k
iy,ix
ah,ah
r,r
hh,hv
ih,ih
bcl,dcl
iy,iy
axr,er
t,t
eh,eh
ix,ix
el,l
er,er
s,s
axr,axr
eh,eh
ax,ax
iy,iy
n,w
n,n
axr,er
tcl,tcl
ix,ix
n,ng
bcl,bcl
ih,ih
sh,sh
s,s
ah,ax
sh,sh
tcl,kcl
ax,q
kcl,pcl
q,tcl
d,y
ow,ao
ax,m
er,er
pcl,pcl
el,ax
ey,ey
t,t
ix,ix
ey,ey
l,ao
q,q
n,n
d,tcl
f,f
r,ay
er,axr
eh,eh
bcl,bcl
f,f
ey,ae
w,w
aa,aa
p,p
r,r
f,f
er,er
oy,oy
ix,ix
m,gcl
tcl,tcl
w,l
kcl,kcl
dh,dh
kcl,tcl
v,v
ix,ix
n,n
f,f
g,k
tcl,tcl
sh,s
n,n
w,w
ow,w
w,w
aa,aa
uh,eh
eh,ix
t,d
p,p
w,w
n,n
dx,dcl
kcl,kcl
dx,dx
bcl,bcl
r,r
r,r
ih,ih
iy,r
kcl,kcl
l,r
s,s
y,ih
ix,ix
q,q
tcl,tcl
v,v
f,f
z,z
uw,ux
jh,jh
axr,axr
ah,ah
iy,iy
m,m
pcl,kcl
p,k
aa,aa
t,t
ow,ow
ae,ae
sh,sh
tcl,tcl
d,g
w,ao
sh,sh
iy,iy
iy,iy
axr,axr
dcl,kcl
tcl,pcl
oy,oy
ae,ae
w,w
ao,ao
s,f
tcl,tcl
f,f
kcl,kcl
tcl,kcl
v,q
m,m
ax,ax
ih,ix
n,n
axr,axr
iy,iy
t,t
f,f
ao,ao
r,r
l,l
ae,aa
kcl,gcl
ay,ay
l,l
kcl,kcl
kcl,kcl
g,g
er,iy
p,p
ux,ux
axr,axr
ae,ae
s,s
v,dx
p,p
ax,ax
n,m
bcl,dcl
f,f
hh,hv
t,t
iy,iy
n,n
bcl,bcl
q,q
er,er
gcl,kcl
l,l
z,z
ix,ix
eh,eh
n,n
ix,eh
z,z
uw,ow
iy,iy
tcl,tcl
ih,ih
iy,ey
dcl,kcl
r,r
w,w
iy,iy
axr,axr
n,n
l,l
k,k
t,t
hh,hh
ax,ah
s,s
dh,dh
dcl,n
ih,y
ax,ax
hh,hh
m,n
ax-h,tcl
gcl,bcl
er,er
th,s
er,axr
s,s
r,r
ix,ix
eh,eh
r,r
gcl,bcl
r,r
w,w
t,t
ix,ix
r,r
eh,eh
pcl,pcl
m,m
bcl,tcl
s,s
ao,ao
z,z
dcl,n
ix,ax
w,w
q,q
ae,ae
s,s
dcl,kcl
ay,ay
ux,er
z,t
d,d
p,p
w,bcl
l,ax
kcl,kcl
bcl,bcl
ao,ao
dx,nx
r,r
tcl,tcl
kcl,gcl
uh,uw
l,l
r,r
dcl,dcl
dcl,l
q,q
kcl,kcl
m,m
q,q
ix,ix
eh,ih
ax,tcl
eh,eh
w,l
sh,sh
q,q
ah,ao
tcl,tcl
ah,ah
s,s
v,v
tcl,dcl
iy,iy
m,m
ah,ah
gcl,gcl
ax,ax
ow,ow
ae,ae
ix,ix
r,r
pcl,pcl
dcl,bcl
y,y
g,g
axr,axr
th,pcl
axr,ux
pcl,pcl
s,z
l,l
l,l
ey,ey
s,k
s,s
gcl,kcl
gcl,gcl
dh,dcl
dh,dh
axr,axr
tcl,pcl
pcl,pcl
axr,ix
aa,aa
ih,ix
gcl,dcl
dx,n
t,t
axr,ih
ax,ax
kcl,kcl
s,s
ih,eh
ix,ih
s,s
kcl,kcl
ah,ah
s,s
v,v
axr,axr
k,g
s,s
k,g
f,f
ah,aa
iy,ux
t,t
tcl,kcl
hh,hh
n,n
q,q
f,f
aw,ae
ow,ow
jh,ch
ux,ux
iy,iy
eh,eh
r,r
en,en
ih,eh
p,p
f,f
er,er
axr,axr
z,z
axr,ix
n,n
tcl,kcl
ch,jh
z,z
l,l
f,f
kcl,kcl
l,l
t,t
k,k
ix,ix
n,n
gcl,kcl
dcl,dcl
s,s
nx,nx
ih,ix
kcl,tcl
aa,aa
aa,ae
ay,ay
w,r
w,w
v,v
ax,ix
k,k
bcl,bcl
ow,ow
ae,ae
pcl,pcl
m,m
n,n
z,z
y,iy
uw,uw
ix,ix
l,ax
g,g
axr,axr
iy,iy
dh,dh
sh,sh
ix,ey
ao,ao
ow,ow
dh,gcl
p,p
z,s
l,l
ix,ix
v,v
l,l
ih,ix
n,n
t,t
uh,ah
q,q
dh,dh
sh,sh
z,s
g,k
er,er
ao,ao
z,z
ax,ix
pcl,pcl
hv,hv
n,n
nx,m
r,y
s,s
sh,sh
k,k
l,l
ey,ey
s,s
ay,aa
gcl,bcl
f,f
n,n
dx,dx
q,q
ix,ix
q,q
iy,iy
s,s
r,r
uh,ux
z,z
tcl,tcl
l,l
th,ax-h
hv,hv
d,d
n,dcl
kcl,kcl
gcl,kcl
ix,ix
s,s
s,s
k,k
ax,ax
tcl,tcl
l,l
ix,ix
ae,ae
kcl,dx
g,k
ax,ax
axr,r
ao,ao
n,n
nx,nx
axr,axr
tcl,kcl
ih,ix
ax-h,kcl
bcl,dcl
m,n
gcl,tcl
eh,eh
ax,ix
r,r
el,el
en,n
ix,q
ae,ae
kcl,kcl
eh,eh
r,r
kcl,kcl
s,s
ah,ah
ae,ae
tcl,tcl
d,k
k,k
dcl,dcl
ih,ih
ux,ux
ix,ih
ux,ux
en,en
eh,ae
er,er
kcl,kcl
s,s
bcl,bcl
w,w
ao,aa
kcl,tcl
z,s
r,en
er,er
eh,eh
s,s
ux,r
ix,n
kcl,kcl
axr,axr
iy,iy
w,w
tcl,pcl
iy,iy
l,l
r,r
z,z
n,n
w,w
r,r
ix,ix
ah,ah
s,s
s,s
ax,ah
kcl,kcl
k,k
er,er
ax,ix
tcl,tcl
pcl,pcl
dcl,tcl
dh,dh
eh,r
t,t
tcl,tcl
kcl,kcl
tcl,tcl
s,s
ax,ax
ax,ah
el,ax
ih,ih
l,l
ih,ix
p,p
dh,p
dh,dh
d,jh
ow,ow
dh,dh
z,z
tcl,kcl
w,l
ix,ix
w,ah
tcl,pcl
ax,ax-h
ix,ih
eh,eh
t,t
ow,ow
t,d
p,p
ux,ux
s,z
w,ng
f,f
n,n
r,r
s,s
ae,ae
aa,aa
dh,dh
ih,ih
r,r
s,s
p,k
ix,ix
l,l
bcl,bcl
iy,iy
axr,axr
iy,iy
kcl,kcl
ah,ax
r,r
iy,y
ih,ih
g,g
k,g
ae,ae
iy,iy
q,q
ey,ey
pcl,tcl
m,m
v,v
ax,ax
ax,axr
axr,axr
ax,ix
oy,oy
dcl,bcl
aa,aa
ao,ao
k,g
ay,ay
ix,ax
m,m
ng,ng
n,ax
q,tcl
tcl,pcl
ix,ax
ae,ae
ix,eh
r,r
axr,axr
w,w
aa,aa
n,n
r,r
ux,ux
dcl,dcl
q,q
axr,uw
dx,dx
ix,ux
kcl,kcl
k,k
dcl,tcl
tcl,k
ay,ay
kcl,kcl
ax,ah
aa,ao
dh,dh
q,q
ix,ix
dcl,dcl
k,g
ao,ao
jh,ch
ix,ix
ih,ix
tcl,tcl
n,n
n,dx
ah,ah
m,m
iy,iy
ay,ay
ix,ix
hv,hv
p,p
r,r
ao,ao
dh,dh
ey,ih
tcl,tcl
r,r
dcl,dcl
ey,ey
kcl,kcl
dcl,gcl
w,w
eh,ix
ae,ae
s,s
r,r
q,q
s,s
eh,eh
axr,axr
ix,ix
s,s
w,w
s,s
z,s
s,s
sh,sh
t,t
n,dcl
jh,ch
ix,ix
k,k
g,g
ae,ae
q,tcl
n,n
jh,jh
eh,eh
aw,aw
ax,ax
tcl,kcl
m,m
aw,aw
aa,aa
ao,ao
aw,aa
r,r
w,m
tcl,tcl
axr,er
hv,hv
ah,ax
p,p
ey,ey
ax,ix
ey,ey
ah,ah
jh,t
z,s
w,w
pcl,tcl
eng,n
dcl,dcl
iy,ix
y,y
ao,ao
dcl,tcl
w,w
hh,hh
ix,ix
gcl,dcl
ax,ix
ah,ah
kcl,kcl
m,m
ng,ng
ey,ey
ix,ux
ix,ix
ah,ah
p,p
l,l
ih,ih
iy,iy
d,d
axr,axr
ix,ax
dcl,dcl
l,l
kcl,kcl
ow,ow
m,m
t,t
kcl,kcl
eh,ih
ae,ae
ax,ax
ae,ay
ae,ae
kcl,kcl
m,ng
l,l
z,s
axr,er
ax,ix
iy,iy
z,z
w,w
bcl,pcl
kcl,kcl
s,s
w,w
p,p
en,en
l,l
s,s
eh,ae
ow,ow
s,s
iy,iy
l,l
ih,ix
t,t
tcl,tcl
iy,iy
iy,iy
v,ix
er,er
t,t
w,w
ix,ix
pcl,kcl
kcl,kcl
axr,axr
axr,axr
ih,ih
r,r
k,k
k,k
r,r
dcl,dcl
r,r
kcl,kcl
hv,hv
l,l
z,z
ih,ih
ix,ax
z,z
s,s
bcl,bcl
kcl,kcl
kcl,kcl
sh,sh
q,q
ao,ao
iy,iy
dcl,bcl
dh,ng
bcl,bcl
tcl,tcl
tcl,pcl
eh,eh
g,g
z,z
el,el
n,n
tcl,kcl
kcl,kcl
ao,ao
z,z
iy,iy
ix,ix
w,w
jh,jh
iy,iy
ao,aa
aa,aa
t,t
v,v
r,r
kcl,gcl
s,s
kcl,tcl
ng,n
l,l
ih,ih
pcl,pcl
tcl,tcl
tcl,tcl
ae,ae
n,n
n,n
ey,ey
z,z
f,f
sh,sh
ao,ao
iy,iy
iy,iy
ux,ux
ae,ae
pcl,pcl
s,z
iy,iy
eh,eh
n,n
l,r
f,f
pcl,tcl
l,l
kcl,kcl
ih,ix
pcl,pcl
sh,sh
z,z
d,t
er,axr
k,k
l,l
iy,iy
sh,sh
p,b
uh,uh
m,m
f,f
q,q
axr,axr
s,s
uw,axr
bcl,pcl
s,s
ao,ah
dcl,dcl
dx,dx
pcl,pcl
dh,th
aa,ah
dcl,dcl
ix,ih
ix,ih
tcl,bcl
iy,iy
tcl,tcl
n,n
z,s
z,s
z,s
ow,ow
ax,ax
iy,iy
r,axr
n,n
ay,ay
t,t
l,l
ax,ix
k,k
k,k
eh,er
ax,ax
pcl,pcl
axr,r
eh,ae
iy,iy
dcl,dcl
s,s
dcl,dcl
ix,ix
ah,ah
eh,ih
aa,aa
dh,dh
f,f
z,z
ix,ix
ix,ih
kcl,kcl
n,n
k,k
ix,iy
w,w
kcl,gcl
r,ao
s,s
tcl,kcl
t,t
ix,ax
bcl,r
m,m
r,r
r,r
dx,dx
s,s
hv,hv
w,r
oy,oy
aa,aa
dh,ax-h
m,n
iy,iy
s,s
t,t
iy,iy
r,r
ih,ih
ae,ae
r,r
ih,ah
ih,eh
w,q
th,th
p,p
axr,axr
l,ax
r,iy
ao,ao
ay,ay
k,k
tcl,kcl
ih,ih
s,s
s,s
k,k
tcl,tcl
n,n
gcl,tcl
m,m
dcl,dcl
ah,ah
iy,iy
iy,iy
w,w
w,w
tcl,tcl
l,l
iy,iy
ah,ah
n,n
hh,hh
f,f
kcl,tcl
m,m
dcl,kcl
eh,ae
ix,ax
w,w
iy,iy
ax,ax
ih,ih
tcl,tcl
kcl,kcl
m,m
ae,ae
t,t
uh,ax
iy,iy
pcl,pcl
dx,dx
n,gcl
r,r
f,f
ih,ih
ih,iy
w,w
n,n
ih,ix
ow,ow
sh,sh
s,s
s,s
ix,ix
aa,aa
iy,iy
iy,iy
r,r
dx,dx
tcl,pcl
s,s
s,s
m,gcl
dx,dx
ix,eh
ao,ao
ix,ix
z,z
iy,iy
k,g
sh,sh
hv,r
bcl,pcl
ah,ix
ih,ih
r,r
r,oy
ax,ix
r,ih
z,s
ax,ax
r,r
ch,ch
t,t
z,s
ux,ux
l,l
iy,iy
sh,sh
jh,jh
r,v
tcl,kcl
ix,ix
ix,ix
ix,ix
ix,ix
n,dcl
v,v
ax,aa
dx,dx
hh,q
l,l
sh,sh
q,v
s,s
z,s
s,s
ng,nx
sh,sh
n,n
pcl,pcl
s,s
n,ix
s,s
v,v
en,en
m,m
q,q
l,l
nx,nx
ow,ow
axr,r
ah,ah
d,t
w,w
ae,ay
ay,ay
d,t
hv,hh
axr,axr
s,s
ix,ix
l,l
axr,axr
ay,ay
w,w
ix,ix
y,y
q,q
g,g
r,r
ay,ay
ih,ih
pcl,pcl
ae,ae
s,s
jh,jh
p,pcl
ix,ix
iy,ix
eh,ae
kcl,kcl
z,s
tcl,kcl
s,s
gcl,gcl
iy,ix
ix,ix
eh,eh
sh,sh
iy,iy
iy,iy
q,q
dcl,dcl
l,l
w,w
w,w
iy,ih
iy,iy
p,hv
sh,sh
ix,ax
tcl,kcl
iy,iy
t,t
ay,r
eh,eh
t,t
pcl,pcl
hh,hh
f,f
l,l
tcl,kcl
l,l
ah,ah
ix,ix
n,n
q,q
n,n
kcl,kcl
z,z
t,t
kcl,tcl
ae,ae
ax,ax
iy,iy
hh,hh
aw,aw
ae,ae
tcl,tcl
iy,iy
l,el
aa,aa
ix,ih
m,m
r,r
m,m
r,r
dcl,dcl
ah,ah
g,g
ah,aa
l,l
eh,eh
axr,axr
axr,axr
s,s
y,y
p,p
ch,jh
ix,ax
ae,ae
ae,ae
aw,aw
ax,ax
z,s
ix,ix
l,l
n,n
l,l
l,l
w,w
z,s
ae,ae
gcl,gcl
ae,ae
ux,ih
n,n
dcl,pcl
n,n
ae,ae
n,nx
dcl,dcl
en,ax
hh,hh
ng,ng
aw,ao
pcl,kcl
th,v
hv,hv
w,w
m,m
n,n
ax,ax
n,n
ax,ih
ao,ao
n,n
eh,ae
ix,ix
kcl,tcl
er,er
eh,ix
tcl,kcl
pcl,pcl
ix,ix
s,s
s,s
dh,nx
hh,hh
d,d
n,n
er,er
kcl,tcl
m,m
ae,ae
zh,sh
n,n
th,kcl
pcl,pcl
kcl,kcl
ey,ey
kcl,kcl
ix,ix
aa,ao
hv,hv
hh,hv
v,v
n,n
ih,iy
ae,eh
ch,ch
iy,iy
n,n
q,ax
n,dh
z,z
gcl,bcl
dcl,dcl
dcl,dcl
dh,dh
n,n
eh,ih
uw,ux
pcl,pcl
dx,dx
ow,l
w,w
w,w
z,s
m,m
tcl,bcl
n,n
f,p
n,n
n,n
t,t
sh,sh
iy,ih
s,s
ay,ay
m,gcl
l,l
er,er
sh,k
dh,dh
tcl,d
m,m
ch,ch
ax,ax
l,l
axr,r
hh,g
n,n
ih,ih
ux,ux
kcl,kcl
ix,hv
ih,ix
dcl,kcl
tcl,tcl
ao,ao
pcl,tcl
aw,ao
l,l
iy,iy
n,n
r,er
ih,ih
ix,ix
n,n
tcl,dx
uh,ih
ix,ih
kcl,kcl
iy,iy
n,ix
r,r
ix,ix
pcl,kcl
n,em
aa,r
q,q
aa,aa
el,el
nx,dx
gcl,gcl
gcl,tcl
iy,iy
t,t
tcl,pcl
l,l
ch,ch
ng,ng
r,r
n,n
aa,ao
ax,ax
ih,ih
d,t
t,k
sh,sh
ae,ae
m,m
k,k
f,f
pcl,pcl
ix,r
ax,ax
aw,aw
k,k
bcl,bcl
l,dh
d,k
eh,ae
uw,uh
z,z
l,l
m,m
w,w
bcl,pcl
w,w
ax,ax
s,s
sh,f
tcl,tcl
q,q
ix,ix
m,n
kcl,gcl
ix,ix
z,z
eh,eh
bcl,bcl
ix,ih
n,n
ow,eh
ao,ao
iy,iy
aa,ow
ay,ah
ix,ix
q,q
r,r
l,l
n,n
ow,ow
tcl,dcl
m,m
ax,eh
r,r
ih,iy
n,n
n,n
tcl,kcl
nx,n
uh,uh
ux,ux
zh,zh
pcl,bcl
z,z
ix,ix
ix,ix
g,g
dcl,dcl
s,s
ae,ae
ix,ax
ix,r
ey,ey
ah,ah
f,f
el,ax
f,f
tcl,dcl
ix,ax
dx,dx
l,l
s,s
ay,ay
b,b
ux,ux
s,s
s,s
er,r
p,p
n,n
ah,ah
ae,ae
k,k
ao,aa
ux,er
ay,ay
axr,er
q,q
axr,r
ao,ao
nx,nx
z,z
z,z
r,r
ng,ng
gcl,gcl
bcl,dcl
ax-h,t
ow,ow
aa,aa
eh,eh
n,m
axr,er
l,l
iy,iy
el,uw
ux,ux
ao,ao
k,k
kcl,kcl
f,f
f,f
m,m
g,k
ix,ih
iy,iy
w,w
r,r
q,q
ng,ng
p,p
oy,oy
kcl,kcl
ah,eh
ey,ey
er,axr
dcl,dcl
l,l
y,ix
s,s
ah,r
f,t
el,el
eh,eh
tcl,tcl
ng,n
ae,ae
p,f
oy,oy
ax,ih
z,z
ih,ih
pcl,tcl
iy,iy
dcl,dcl
iy,iy
r,r
l,l
s,s
n,n
ae,eh
ux,ux
f,f
ae,eh
axr,axr
n,gcl
ix,ix
dcl,tcl
l,l
p,p
eh,ah
l,l
pcl,pcl
eh,eh
kcl,kcl
kcl,kcl
ix,ix
eh,eh
z,z
aa,aa
g,g
r,er
r,r
eh,eh
sh,sh
kcl,pcl
s,sh
ih,ih
el,el
s,s
r,r
aa,ah
ay,ay
ae,ae
ey,ey
n,tcl
s,s
t,t
ih,ix
r,r
q,q
l,l
ae,ae
dcl,dcl
w,r
n,n
kcl,tcl
ix,ix
ay,ay
p,p
dh,z
ix,ix
ow,ow
ih,ih
kcl,kcl
tcl,kcl
p,p
ng,ng
q,w
iy,iy
ix,ix
iy,iy
t,t
kcl,kcl
n,n
t,t
dh,f
ae,ae
n,n
tcl,tcl
ix,ix
ux,ih
dh,dh
r,r
z,s
uw,uw
dcl,dcl
ay,ay
nx,dh
iy,iy
p,b
ao,ao
ao,ao
v,v
sh,sh
r,r
ay,ay
ix,ay
ix,ih
gcl,g
p,p
w,w
dh,dh
t,t
gcl,gcl
aa,ao
z,z
ax,ax
sh,sh
en,en
ae,ae
tcl,tcl
k,k
s,s
g,g
s,s
aw,ae
t,t
n,n
dcl,dcl
dh,dh
y,y
ae,ae
aa,aa
k,k
v,v
ih,ih
p,pcl
w,w
l,ix
hh,p
s,s
bcl,bcl
m,m
tcl,kcl
t,t
iy,iy
s,sh
tcl,pcl
ow,ow
k,k
l,l
aa,aa
axr,ix
r,r
bcl,bcl
zh,jh
ax,ax
ax,ax
t,t
axr,axr
ao,ao
iy,iy
pcl,pcl
ah,ao
tcl,pcl
n,n
dh,dh
w,l
ay,ay
s,s
ey,ey
ih,ih
w,w
r,r
ae,ae
p,p
w,w
f,f
ae,eh
n,en
ih,ih
ow,ow
r,axr
q,pcl
z,z
tcl,dcl
f,tcl
kcl,tcl
f,f
n,n
ix,ix
n,n
gcl,dcl
ih,ih
z,z
kcl,kcl
ix,ix
m,m
pcl,pcl
f,f
iy,iy
tcl,tcl
ao,ao
ay,ay
hh,t
l,l
ix,ix
aa,aa
dx,nx
ao,ao
aw,ow
iy,ih
ay,ay
v,ax
r,r
tcl,tcl
q,ax
w,w
s,s
d,t
n,n
ih,ih
tcl,tcl
kcl,kcl
ih,ih
k,k
ax,r
dh,dh
s,s
ax,ah
iy,iy
f,f
dh,dh
ix,ix
s,s
dh,nx
el,el
l,w
eh,eh
q,q
pcl,pcl
eh,eh
bcl,v
ng,ng
ae,ae
pcl,pcl
t,t
f,f
sh,sh
w,w
k,k
q,l
dcl,tcl
ey,ae
ow,ow
kcl,kcl
jh,jh
q,q
bcl,pcl
ix,ix
tcl,kcl
n,ng
pcl,pcl
t,t
dh,dh
g,k
s,s
ix,r
d,t
d,jh
pcl,pcl
ah,ah
m,m
z,z
k,k
ix,ix
ih,ih
n,n
b,b
nx,l
bcl,pcl
iy,ih
z,z
ih,ih
q,q
ah,ah
pcl,pcl
iy,iy
w,n
ae,ae
ix,ix
n,dcl
ih,ix
tcl,tcl
l,l
sh,sh
ow,el
ae,ae
aa,aa
ao,ao
dcl,v
n,n
kcl,k
kcl,kcl
tcl,tcl
m,n
s,s
ae,ae
ih,ih
n,n
ao,ao
p,p
m,m
ax,ih
iy,iy
kcl,tcl
eh,eh
dh,g
iy,iy
ay,ay
l,l
r,r
w,ng
ay,ay
aa,aa
s,s
s,s
ay,ay
jh,jh
w,w
iy,iy
pcl,pcl
l,l
ix,ix
l,l
ae,ae
sh,sh
dcl,n
kcl,tcl
m,m
m,m
v,v
ae,ae
eh,axr
r,r
ae,ae
f,f
iy,ix
ae,ae
n,n
ow,ow
q,q
ux,ux
ux,ux
sh,ch
s,s
p,p
hh,hh
l,l
oy,oy
el,el
aw,aw
s,s
ch,ch
sh,sh
ix,axr
f,f
gcl,kcl
ay,ae
ao,ao
dcl,bcl
l,l
ao,ao
y,y
ax,ax
ix,iy
k,k
w,r
ax,ax
ax,ix
kcl,kcl
tcl,pcl
iy,iy
dx,dcl
y,ix
aa,aa
ow,r
q,q
ae,ae
iy,ix
l,dx
k,k
s,s
z,z
k,k
ix,ix
ix,ax-h
gcl,gcl
n,n
tcl,kcl
tcl,tcl
s,s
ae,ae
gcl,bcl
dx,nx
l,l
pcl,tcl
ax,ax
m,m
ng,ng
eh,ah
ix,ix
jh,jh
iy,iy
s,s
iy,ix
iy,ux
g,g
axr,axr
ih,ih
s,s
nx,nx
ch,ch
r,r
tcl,kcl
ux,ux
ch,ch
ih,ix
tcl,tcl
ah,ah
v,v
sh,s
k,k
l,l
aw,aw
sh,sh
iy,iy
ao,ao
ux,ux
iy,iy
k,k
ah,ah
ix,ix
n,n
y,hh
uh,ix
ix,ng
tcl,tcl
ch,jh
r,r
sh,sh
ao,ao
gcl,gcl
hv,hv
l,l
kcl,kcl
ow,ow
dcl,tcl
w,w
ih,ih
dx,kcl
ey,ey
t,t
ih,ih
kcl,kcl
tcl,kcl
ow,ux
n,n
ah,ah
ah,ah
kcl,kcl
kcl,kcl
s,s
l,uw
iy,iy
q,q
ay,ae
jh,ch
ix,ix
n,ng
kcl,kcl
axr,axr
m,m
gcl,pcl
aw,aw
q,q
ae,ae
p,p
iy,iy
l,l
l,l
ih,ix
n,n
m,m
kcl,pcl
tcl,tcl
ao,ao
q,q
t,t
tcl,tcl
w,uw
r,r
q,q
dx,dcl
kcl,tcl
iy,iy
kcl,kcl
sh,sh
iy,iy
iy,iy
ae,ae
l,l
gcl,gcl
w,r
l,el
w,w
r,ax
s,s
q,q
ix,ix
s,s
w,w
m,n
tcl,pcl
ae,ae
axr,er
z,z
kcl,kcl
iy,iy
eh,eh
pcl,bcl
axr,er
k,k
m,bcl
eh,ix
q,q
dcl,dcl
t,t
f,f
tcl,gcl
ix,ix
v,v
ae,ae
dcl,dcl
iy,iy
v,f
l,l
q,q
ah,ah
iy,iy
axr,er
ao,ao
p,p
eh,eh
r,r
kcl,kcl
axr,er
m,m
ih,ih
p,p
z,z
ao,ao
s,s
ax,ih
r,r
axr,r
eh,ah
p,p
aw,ae
z,z
s,s
jh,jh
ix,ix
aa,aa
ih,ih
q,q
ux,ix
dcl,dcl
gcl,gcl
ae,ae
n,ix
t,t
v,b
tcl,pcl
kcl,kcl
ux,ux
n,bcl
ix,ix
n,en
l,l
axr,ux
l,aa
d,jh
q,q
pcl,pcl
axr,axr
p,b
kcl,k
s,s
ae,ae
n,n
r,r
ax,ax
kcl,kcl
ax,ih
ae,ae
ih,ih
s,s
dcl,dcl
m,n
kcl,pcl
m,m
z,z
gcl,gcl
l,l
kcl,kcl
eh,ae
ae,ae
ae,ae
ix,r
l,l
n,n
ay,ay
aa,ao
ix,r
dcl,dcl
ax,ax
ix,ix
v,v
uw,ux
s,s
th,f
kcl,kcl
ax,ax
ix,ix
iy,iy
ax,ix
pcl,kcl
ix,ix
bcl,dcl
r,r
k,g
jh,jh
bcl,bcl
tcl,pcl
n,n
n,n
s,s
tcl,q
eh,ah
n,n
kcl,kcl
gcl,r
y,y
ix,ix
gcl,tcl
r,r
kcl,tcl
w,w
eh,ih
dcl,tcl
ay,eh
pcl,tcl
jh,z
aa,aa
ax,ax
dcl,tcl
ax,ax
pcl,pcl
ao,ao
l,l
l,l
eh,eh
dcl,dcl
n,ix
l,l
dh,dh
bcl,bcl
ch,ch
ih,ix
iy,iy
n,n
aa,ao
tcl,dcl
pcl,kcl
r,r
en,n
ix,ix
m,m
dcl,dcl
ix,ix
q,q
ah,ax
ow,ow
s,s
ch,ch
oy,oy
kcl,kcl
p,p
l,el
r,r
sh,s
tcl,pcl
v,ux
dcl,dcl
iy,iy
ix,ix
axr,er
r,r
ao,ao
kcl,kcl
kcl,kcl
en,ix
ih,ix
r,v
uw,ix
iy,iy
iy,iy
s,s
tcl,tcl
ae,ae
kcl,tcl
iy,iy
m,m
k,k
tcl,pcl
s,s
l,l
ah,ih
n,gcl
ih,ix
m,m
r,r
l,l
iy,iy
iy,iy
ux,ux
ae,aw
k,k
ix,ix
s,s
ae,ae
ae,ae
oy,oy
q,q
ao,ao
axr,er
iy,ix
iy,iy
tcl,kcl
gcl,gcl
ix,ix
ah,ah
ax,ix
gcl,gcl
r,r
dcl,dcl
tcl,dcl
ih,ih
en,en
p,p
f,f
el,el
ax,eh
axr,er
pcl,kcl
y,iy
aa,aa
er,er
n,n
r,r
axr,axr
iy,iy
ow,ow
sh,sh
r,r
bcl,bcl
ih,ix
eh,ae
iy,iy
l,l
ah,ah
iy,iy
iy,iy
ay,ay
ix,ux
t,k
f,v
iy,ix
dx,kcl
dcl,tcl
bcl,dcl
p,p
y,y
pcl,pcl
sh,zh
eh,eh
ae,ae
ey,ix
ay,ay
ae,eh
pcl,tcl
p,p
ao,aa
kcl,kcl
ax,ax
el,ax
ix,ix
ao,aa
hh,hv
ix,ix
z,z
n,n
k,k
ae,ae
eh,eh
r,r
axr,ux
pcl,pcl
ae,ae
ae,ae
tcl,kcl
ah,axr
w,w
v,v
dh,dh
r,r
s,s
ae,ae
s,s
iy,iy
eh,ih
pcl,pcl
ih,ih
ix,ix
b,hh
th,kcl
ae,ae
eh,eh
axr,axr
iy,iy
eh,ih
ih,ih
uw,uw
w,w
dh,th
w,w
ih,ey
n,n
r,r
m,m
eh,ah
iy,ey
y,y
ax,ax
th,dh
dh,dh
jh,d
dcl,dcl
n,n
oy,oy
axr,q
gcl,gcl
hv,hv
r,r
r,r
th,ax-h
kcl,kcl
iy,iy
k,k
s,s
ay,ay
ao,ao
aa,aa
ah,ah
ao,ao
ae,ae
q,q
q,q
kcl,kcl
iy,iy
tcl,tcl
aa,aa
f,f
dh,dh
ae,eh
ix,ix
ih,ih
ih,ix
ux,ux
s,s
ae,ae
l,l
k,k
r,r
r,r
tcl,tcl
f,f
f,f
n,n
bcl,bcl
w,w
iy,iy
iy,iy
ao,ao
z,z
k,t
ow,ow
eh,ah
ax,ah
n,m
n,n
l,l
el,el
z,z
ey,iy
sh,sh
ux,ux
s,s
eh,ih
y,y
m,n
iy,ix
g,hh
ih,ih
r,r
ao,ao
v,v
k,k
n,n
ih,ih
iy,iy
s,s
iy,iy
oy,oy
dcl,gcl
hv,hv
ih,r
ix,ih
iy,iy
n,n
s,z
kcl,kcl
ey,ih
k,k
r,ix
w,m
dh,dh
m,en
ae,ae
pcl,pcl
r,r
f,f
ng,ng
ao,ao
t,t
ow,ow
p,p
sh,sh
ch,t
bcl,kcl
ax,l
n,n
dcl,gcl
y,iy
jh,s
ay,ay
k,k
en,ax
ih,ih
ng,n
sh,sh
ay,ay
s,z
ey,ih
s,s
t,t
iy,iy
kcl,pcl
r,hv
pcl,dcl
f,f
ao,ao
eh,ae
s,s
aa,aa
n,n
l,w
dcl,dcl
eh,eh
ey,ay
ix,ix
s,s
ix,ix
r,w
axr,ax
jh,jh
dcl,dcl
ao,ao
tcl,tcl
iy,iy
s,z
tcl,tcl
ow,ow
iy,iy
n,n
iy,iy
ey,ey
jh,jh
l,l
tcl,n
n,aa
v,v
s,s
v,v
pcl,tcl
ih,ih
w,w
pcl,p
ax,ax
ey,eh
b,b
aa,aa
l,l
d,dh
gcl,gcl
w,w
v,v
q,q
n,ix
l,l
dh,dh
l,l
tcl,dh
iy,iy
kcl,kcl
er,er
iy,ih
ix,ix
t,t
q,q
bcl,bcl
q,q
dcl,dcl
m,m
eh,eh
f,f
kcl,kcl
ng,n
bcl,bcl
iy,ix
oy,ay
ow,l
dh,t
ax,r
s,s
eh,r
s,s
g,g
z,z
m,m
f,v
aa,aa
t,d
ix,ix
ix,ix
q,b
r,r
t,t
n,n
f,f
t,t
ah,ax
l,l
m,m
aa,ah
m,n
iy,ih
q,q
p,p
tcl,bcl
bcl,bcl
ix,ix
ah,ae
tcl,dcl
n,n
r,r
r,r
aa,aa
kcl,kcl
ng,n
axr,axr
s,s
ix,iy
t,t
dx,dx
s,s
l,l
eh,eh
iy,iy
eh,ix
k,k
s,z
kcl,ix
dx,dx
iy,iy
ax,ix
ae,eh
p,p
b,p
q,q
iy,iy
z,z
r,axr
axr,er
r,r
v,f
w,w
kcl,tcl
ay,ay
ao,ao
z,z
z,s
r,r
ao,ao
y,y
gcl,dcl
kcl,kcl
pcl,pcl
sh,sh
jh,jh
axr,axr
ay,ay
sh,sh
w,w
tcl,t
ae,ae
ah,ao
aa,aa
r,r
t,t
n,ng
pcl,pcl
axr,r
ae,ae
iy,iy
pcl,bcl
er,er
er,axr
n,bcl
iy,iy
ae,eh
n,n
ix,ih
l,l
ix,ix
iy,iy
tcl,tcl
iy,iy
aa,aa
ix,iy
jh,jh
gcl,gcl
l,l
p,p
l,l
iy,iy
tcl,tcl
ao,ao
g,g
ay,ay
bcl,bcl
eh,ah
ix,ix
ax,ah
n,n
dx,dx
gcl,gcl
n,n
kcl,kcl
eh,ah
r,ao
tcl,kcl
aa,aa
t,t
ax,n
iy,iy
ax-h,ax
ih,ih
en,en
l,l
ey,iy
ng,ng
jh,t
n,n
eh,eh
v,v
tcl,pcl
ae,ae
l,l
f,f
iy,ey
iy,ix
pcl,pcl
iy,iy
ah,ax
g,g
uh,ao
w,w
axr,r
q,q
t,t
s,s
axr,axr
r,r
ey,ix
ix,ix
dx,ix
iy,iy
ae,ae
ao,ao
m,m
kcl,pcl
n,bcl
gcl,dcl
n,n
pcl,pcl
ix,ix
r,r
th,dh
z,z
tcl,tcl
aa,aa
m,m
ix,ix
er,ih
z,z
kcl,pcl
f,f
r,r
tcl,kcl
d,t
ax,ax
hh,hh
r,r
pcl,tcl
nx,nx
ae,ae
ao,ao
dcl,tcl
n,ng
eh,ih
n,n
ay,ay
eh,eh
n,dcl
sh,sh
eh,eh
n,n
kcl,kcl
iy,iy
r,r
th,th
aw,aa
s,s
iy,iy
n,ng
n,n
ae,ae
tcl,tcl
ax,ix
aa,aa
hh,p
aa,aa
n,nx
m,m
ax,ix
bcl,bcl
q,q
eh,eh
r,r
r,r
tcl,kcl
l,l
k,k
iy,iy
ch,ch
dcl,dcl
gcl,gcl
bcl,bcl
ay,ay
eh,ih
hv,hv
l,l
l,l
m,m
n,n
ow,ow
ih,ih
y,y
uh,ax
er,er
eh,ae
s,s
iy,iy
ey,ey
ih,ix
eh,ix
z,z
tcl,tcl
iy,iy
axr,r
ey,ey
sh,sh
el,el
s,s
aa,ao
s,s
eh,ae
ih,ih
kcl,kcl
eh,ah
f,b
r,r
ah,aa
axr,axr
m,m
ix,ih
s,th
v,dcl
ix,ix
kcl,kcl
n,n
l,l
t,t
m,m
iy,iy
s,s
jh,jh
ix,ih
z,z
ix,ix
ow,ow
s,s
iy,iy
ix,ix
w,w
ix,ix
ah,ao
k,t
ix,ix
ey,ix
ix,ix
iy,iy
tcl,tcl
k,k
n,n
l,l
ax,ax
k,k
sh,sh
dcl,dcl
ih,ih
z,s
iy,iy
tcl,kcl
t,d
ey,ey
tcl,pcl
ix,ih
q,q
g,g
t,t
k,g
ng,ng
n,kcl
l,ax
l,l
dcl,dcl
w,w
v,v
iy,iy
er,axr
w,v
er,er
k,k
iy,ih
tcl,kcl
hh,hh
s,z
ih,ih
ix,ix
ay,ay
z,z
eh,eh
m,m
ax,ax
k,k
ix,iy
q,q
q,q
dx,ix
kcl,kcl
z,z
iy,iy
aa,aa
l,el
em,m
tcl,tcl
s,s
ax,ax
iy,iy
el,l
ux,ux
dcl,tcl
dcl,dcl
ix,y
ix,ix
q,ao
r,r
n,n
n,n
z,z
n,n
tcl,dx
ih,ih
s,s
p,p
p,p
t,t
dcl,dcl
tcl,tcl
axr,ih
g,k
uh,uh
r,r
l,el
n,n
w,w
ow,ow
ih,ix
g,g
ey,ey
hv,hv
n,n
ih,ih
axr,ax
axr,r
iy,iy
ax,ax
axr,er
tcl,tcl
ow,ow
dcl,tcl
ay,aa
s,s
ix,ix
kcl,kcl
ah,ah
n,n
iy,iy
er,er
tcl,tcl
pcl,pcl
iy,y
ey,ey
kcl,kcl
bcl,kcl
ch,ch
ix,ix
d,y
bcl,bcl
r,r
p,p
r,r
l,l
t,t
t,t
gcl,dcl
k,k
r,r
m,m
kcl,tcl
f,hh
eh,ix
ng,ng
kcl,pcl
hh,hh
pcl,pcl
ay,ay
ao,ao
axr,axr
n,n
dcl,dcl
t,t
r,r
ih,ih
r,r
ih,ih
aa,aa
ah,ix
ax,ix
gcl,gcl
t,t
y,ix
l,l
iy,iy
r,r
l,ao
m,n
ae,ae
z,z
dh,nx
ae,ae
axr,er
n,n
n,n
ih,ih
t,t
t,t
ix,ix
n,n
w,w
m,m
n,n
ux,ux
s,s
ao,ao
ax,ix
ay,ay
t,t
s,s
ax,ax
k,k
ey,ih
k,k
ux,ux
ax,ax
q,q
pcl,tcl
gcl,dcl
v,v
n,n
s,s
t,t
gcl,dcl
kcl,kcl
ao,ao
y,iy
bcl,bcl
n,n
dcl,dcl
dh,dh
axr,axr
t,p
s,s
eh,ae
sh,sh
s,s
ao,aa
m,m
kcl,kcl
iy,ih
pcl,tcl
iy,iy
ae,ae
tcl,tcl
hh,hh
iy,ix
sh,sh
ih,ih
eh,eh
ux,ux
er,er
m,dcl
hv,hv
l,l
dx,g
ix,iy
y,y
s,s
ih,ix
dcl,tcl
ax,r
s,s
oy,oy
sh,s
q,ax
ao,ao
ay,ay
oy,oy
t,t
d,g
axr,r
eh,eh
uh,ih
s,s
ae,ah
ah,ah
l,l
oy,oy
iy,y
ix,ih
ao,aa
k,k
z,z
z,z
q,q
l,l
w,w
m,m
ae,ae
ih,ih
z,z
dcl,dcl
ix,iy
q,q
s,s
r,r
iy,ey
n,ix
f,f
hh,k
ay,ay
s,s
ix,ax
kcl,kcl
bcl,bcl
ah,ax
tcl,tcl
ae,ae
iy,iy
ah,ah
k,k
ih,ih
en,en
ae,ae
er,er
ao,el
er,er
kcl,pcl
pcl,pcl
ow,ow
w,w
w,w
ae,ae
kcl,kcl
tcl,pcl
bcl,bcl
kcl,kcl
l,ix
ow,ow
ay,ay
z,z
aa,aa
n,n
pcl,pcl
kcl,kcl
gcl,kcl
iy,iy
iy,iy
jh,ch
f,f
dx,dx
m,m
l,l
gcl,gcl
tcl,tcl
z,z
w,w
gcl,dcl
ay,ay
ix,ix
dcl,g
z,z
s,s
aa,aa
er,er
r,r
r,r
r,r
p,p
l,l
p,p
iy,iy
r,r
uh,ih
ah,eh
l,l
m,bcl
ix,ih
r,axr
r,ay
r,r
gcl,kcl
iy,iy
ah,ah
gcl,gcl
ix,dcl
ix,ix
ah,ah
kcl,kcl
q,q
ix,ix
axr,aa
n,n
ae,ae
ao,ao
aa,aa
s,s
k,k
ax,ax
ux,ux
z,z
q,q
k,k
el,v
l,l
ix,ix
l,l
r,r
ux,ux
axr,axr
th,th
q,iy
w,w
s,s
l,l
q,q
pcl,pcl
dh,d
eh,eh
s,s
s,s
kcl,kcl
r,r
ae,eh
iy,ix
ay,ay
r,r
oy,oy
l,l
d,g
n,n
l,r
eh,eh
dh,dh
ao,ao
eh,ix
ae,ae
s,s
f,f
m,n
r,r
sh,sh
ay,ay
ix,ix
bcl,dcl
kcl,kcl
k,k
r,r
jh,jh
m,m
iy,iy
iy,ix
k,k
ax,ix
hh,hh
ng,ng
ih,ih
bcl,bcl
ao,ao
ih,ih
ao,ao
axr,ux
ih,ix
sh,sh
iy,iy
hv,hv
pcl,kcl
ey,ey
dx,r
s,s
uh,ax
jh,jh
en,m
tcl,f
p,p
ix,ax
ao,ao
bcl,bcl
g,k
ow,ow
ow,ow
iy,iy
w,w
n,ng
g,g
ae,ae
axr,r
q,n
dcl,dcl
iy,ix
k,k
v,v
ix,ax
s,s
ey,ey
oy,ah
er,axr
sh,sh
ae,aa
ih,ih
iy,iy
kcl,pcl
ey,ey
ow,ow
sh,s
hv,hv
z,z
pcl,pcl
y,iy
s,z
ah,ah
tcl,tcl
eh,eh
ae,ih
r,r
ax,l
q,ao
q,q
dh,dh
t,t
n,n
ix,ix
eh,ah
th,th
n,n
axr,r
t,t
kcl,kcl
ay,ay
kcl,kcl
iy,iy
iy,ay
jh,t
eh,eh
ux,ux
k,k
ay,ay
ux,ux
s,s
l,ih
n,n
p,p
n,ng
iy,iy
iy,iy
ux,ux
ih,ih
n,n
ay,ay
kcl,kcl
ux,ux
r,r
m,bcl
tcl,kcl
eh,ih
iy,ux
t,t
tcl,pcl
g,g
ax,ax
m,m
s,s
ix,ix
ae,ae
ch,ch
iy,iy
k,k
ih,ix
ae,ae
kcl,kcl
axr,axr
hv,hv
r,er
t,t
oy,oy
ih,ix
m,m
r,r
eh,ih
eh,ix
sh,sh
t,f
ay,ay
r,r
k,t
tcl,pcl
m,m
m,bcl
r,r
iy,iy
m,m
m,m
dcl,dcl
ix,ix
ax-h,kcl
ah,ah
iy,iy
s,s
q,q
eh,eh
ix,ix
k,g
bcl,dcl
dcl,kcl
ao,ao
dh,dcl
ae,ae
dh,f
w,w
sh,sh
z,z
n,dcl
axr,axr
r,r
s,s
gcl,dcl
axr,er
l,l
l,l
y,ax-h
ix,ix
r,r
s,s
r,r
r,ix
dh,dh
ey,ey
q,ao
p,p
jh,jh
sh,sh
bcl,pcl
n,l
q,q
ae,ae
m,m
tcl,tcl
n,n
oy,oy
ih,ih
k,k
ey,ey
iy,iy
l,l
q,pcl
f,v
jh,jh
n,n
el,el
aa,aa
r,r
aw,ae
kcl,kcl
axr,axr
n,n
dh,dh
r,r
ae,eh
q,q
z,z
n,n
t,t
sh,sh
aa,ao
ax,ax
n,n
m,m
q,q
tcl,tcl
ax,ax
ix,ix
s,s
t,ch
en,ng
n,n
m,bcl
t,t
dh,dh
l,l
m,m
ey,ey
kcl,tcl
ix,ix
axr,axr
p,p
ax,ix
kcl,kcl
dh,dh
r,r
dcl,r
aa,aa
iy,ix
ae,ae
ay,ay
ix,ix
ix,ix
y,iy
k,k
ao,ao
z,s
n,n
s,z
w,w
tcl,tcl
v,v
aa,aa
k,k
axr,axr
tcl,kcl
th,f
aa,ao
iy,iy
jh,jh
q,dcl
g,g
ao,ao
uh,ux
m,m
n,n
ih,ix
l,ax
ax,ix
k,k
dcl,tcl
n,dcl
r,r
dh,dx
v,v
t,t
m,m
iy,iy
k,g
t,t
k,k
ix,ix
ay,ay
g,g
pcl,tcl
tcl,kcl
ih,ih
pcl,tcl
ao,ao
gcl,gcl
axr,r
ix,ix
q,q
aa,aa
iy,iy
aa,aa
ax,uh
ah,ix
g,k
er,er
aa,ay
f,f
ax-h,v
dcl,dcl
tcl,tcl
tcl,tcl
v,v
kcl,tcl
f,f
ae,ae
ey,ey
ih,eh
iy,ih
d,t
f,f
dcl,tcl
gcl,dcl
hv,hv
w,w
dcl,dcl
ux,ih
m,m
tcl,pcl
n,n
uh,uw
axr,er
v,v
ae,ae
kcl,kcl
gcl,bcl
iy,iy
l,l
v,v
n,n
r,r
dh,dh
eh,eh
ux,ix
m,n
z,z
l,uw
th,dh
pcl,pcl
hv,hv
n,n
ch,ch
ey,ey
g,g
aa,ao
m,m
m,m
tcl,pcl
er,axr
p,p
p,p
ey,ey
kcl,kcl
eh,eh
ax,ax
t,t
s,s
ix,ih
y,l
aa,aa
kcl,kcl
kcl,kcl
en,en
ih,r
ix,ix
kcl,kcl
aa,aa
dcl,tcl
kcl,gcl
ao,ao
ih,ih
hv,hv
s,s
dx,dx
axr,kcl
pcl,pcl
en,n
bcl,bcl
eh,ih
hv,hv
n,n
dx,dcl
aa,ao
jh,jh
v,v
f,f
l,l
n,nx
ey,ey
f,f
ux,ux
oy,er
kcl,kcl
s,s
gcl,dcl
tcl,pcl
iy,iy
ae,ae
ay,ay
ix,ih
gcl,ng
axr,axr
oy,oy
r,r
iy,iy
n,n
ae,ae
l,l
ey,ey
tcl,kcl
el,ax
n,en
kcl,kcl
axr,axr
dh,t
iy,iy
k,k
ax,ax
ah,ax
l,l
uw,uw
ae,ae
g,g
dcl,dcl
g,g
el,el
f,f
ux,ux
ah,ah
aa,aa
z,z
tcl,n
eh,ah
ay,ay
s,s
pcl,pcl
pcl,p
tcl,kcl
iy,iy
ax,ax
ae,ae
ae,ay
ih,ux
ix,ix
m,m
pcl,tcl
ix,iy
pcl,pcl
eh,eh
f,f
w,w
kcl,kcl
er,er
s,z
g,g
ae,ae
ao,ao
tcl,pcl
tcl,pcl
z,z
p,p
jh,jh
aa,ao
ao,ow
axr,r
ow,ao
gcl,gcl
k,k
f,f
s,s
n,n
z,z
ao,ao
aa,aa
aa,aa
kcl,kcl
n,dcl
kcl,kcl
ao,ao
kcl,kcl
s,s
n,n
gcl,n
eh,ix
ux,ux
eh,ix
r,r
ax,ix
tcl,tcl
ae,ae
ax-h,hh
ix,ih
ey,iy
g,g
ax,ix
eh,eh
z,s
iy,ih
kcl,kcl
s,s
aw,aa
r,r
ng,m
s,s
ah,ah
t,t
nx,nx
n,en
s,s
dcl,dcl
iy,iy
v,v
aa,aa
q,q
bcl,bcl
v,v
q,q
w,w
axr,r
uh,ux
ax,ah
s,s
z,z
s,s
eh,ix
iy,iy
y,iy
ix,ih
gcl,dcl
aa,aa
m,m
nx,nx
r,r
aa,ah
y,y
kcl,kcl
iy,iy
r,r
s,s
t,t
kcl,kcl
g,g
hv,hv
ix,ix
kcl,kcl
n,n
pcl,pcl
q,ax
v,ax-h
s,s
r,r
ah,ax
l,l
t,k
ow,ow
ix,ix
dx,dx
k,g
ux,ux
kcl,kcl
r,r
sh,sh
n,n
bcl,bcl
kcl,kcl
iy,iy
ix,ix
dcl,dcl
b,b
ax,l
uh,ow
jh,jh
jh,jh
s,s
tcl,tcl
iy,iy
iy,ix
dcl,dcl
iy,iy
ey,ey
s,s
ax,ax
r,r
en,n
r,r
n,en
w,w
ih,ih
t,t
eh,ix
q,q
dcl,pcl
v,v
ih,ih
pcl,pcl
f,f
hv,hv
kcl,kcl
w,w
ix,ix
axr,axr
q,q
l,l
ae,ae
s,s
ay,ae
b,p
k,k
r,iy
iy,uw
jh,ch
w,w
ey,ey
aa,aa
kcl,gcl
s,s
m,m
s,s
ih,ih
ao,aa
kcl,tcl
ow,ow
ix,ix
l,l
t,t
ae,ae
ix,ax-h
th,f
l,l
t,t
tcl,pcl
axr,axr
kcl,kcl
f,f
ch,ch
pcl,pcl
n,ng
w,w
v,v
dx,nx
z,z
ow,ao
aa,aa
ng,ng
t,t
g,g
t,t
kcl,gcl
ay,ah
m,m
b,k
l,l
kcl,kcl
gcl,gcl
dcl,n
ae,ae
r,r
p,p
f,f
dcl,dcl
q,r
ae,aa
p,p
ux,ix
ih,ix
tcl,kcl
jh,s
n,n
gcl,gcl
aa,aa
k,k
f,f
ow,el
ow,ow
hv,hv
y,q
p,p
n,n
aa,ae
w,w
iy,iy
hv,hv
ux,ux
oy,oy
s,s
l,l
r,r
hv,hv
ix,ix
z,s
iy,iy
pcl,pcl
l,l
q,q
iy,iy
aa,aa
g,k
n,n
ae,ae
sh,sh
oy,ay
ih,eh
l,el
en,uw
l,l
ax-h,ix
ay,ay
ao,ao
eh,eh
ix,ix
nx,nx
f,f
ae,ae
en,en
s,s
z,z
s,s
y,y
kcl,tcl
n,n
m,n
kcl,kcl
ih,iy
aa,aa
y,y
m,n
m,m
ae,ae
ax,ih
k,k
sh,sh
tcl,n
ix,dcl
p,p
axr,axr
dx,dx
s,s
gcl,ng
bcl,bcl
ng,n
z,z
eh,eh
ae,ae
p,p
z,s
z,s
ae,ae
sh,sh
n,n
hh,p
sh,sh
iy,iy
t,t
ix,ix
iy,iy
ax,ax
d,d
y,iy
kcl,kcl
aa,aa
r,r
kcl,tcl
ih,ix
p,p
kcl,pcl
iy,iy
l,l
t,t
tcl,pcl
l,w
iy,iy
tcl,kcl
n,dcl
axr,axr
pcl,pcl
ah,uh
ah,ax
ix,iy
r,r
ah,ah
s,s
hh,hh
ih,ih
dh,dh
s,s
z,z
ax,ah
q,q
tcl,pcl
aa,aa
axr,axr
ng,n
r,r
iy,iy
k,g
l,l
s,s
dh,dh
en,ix
dcl,dcl
tcl,tcl
l,m
ix,ix
ix,ax
ax-h,ix
dcl,dcl
en,en
sh,sh
ao,aa
eh,eh
l,l
ae,ae
aa,ao
z,z
l,l
ah,ah
ey,ey
w,r
q,ix
hh,p
dcl,dcl
g,k
er,axr
q,q
ae,ae
tcl,pcl
n,n
hh,hh
ae,ae
uh,ix
axr,er
ix,r
r,r
pcl,pcl
ix,ix
ix,ax
dh,dh
q,q
kcl,kcl
ix,ix
kcl,tcl
bcl,bcl
hv,hv
w,l
ey,ey
er,er
ix,ix
dcl,bcl
eh,ih
g,g
ey,iy
iy,iy
pcl,kcl
s,s
s,s
l,l
ix,ix
jh,jh
t,t
en,n
n,n
dcl,dcl
iy,iy
ax,r
er,er
ix,ix
kcl,tcl
q,q
g,g
ux,ix
ah,ah
dh,dh
q,q
tcl,tcl
l,l
iy,iy
dcl,gcl
ax,ix
dcl,dcl
r,r
iy,iy
ux,ix
ay,ay
bcl,kcl
eh,eh
k,k
kcl,k
p,p
kcl,kcl
w,w
el,el
th,th
ix,ax
th,dh
bcl,bcl
m,n
ix,ix
gcl,gcl
r,r
r,r
eh,ae
d,t
er,er
w,w
sh,sh
r,r
axr,axr
ey,ey
ix,ix
ax,r
iy,iy
n,en
ih,ih
dx,dx
d,t
axr,r
l,l
ah,ah
r,er
l,l
tcl,ix
m,m
bcl,dcl
w,w
aa,aa
ah,ix
ux,uw
ix,ih
ey,iy
y,y
ix,ix
hh,hh
tcl,tcl
s,s
eh,ix
sh,sh
hv,hv
k,k
dx,ix
n,m
ix,ix
ae,ae
hh,k
w,l
l,n
iy,iy
ae,ae
ix,ax
p,p
th,th
iy,iy
iy,iy
pcl,bcl
iy,ix
kcl,kcl
iy,iy
g,g
m,n
tcl,kcl
ae,ae
ay,ay
er,er
m,m
ae,ae
kcl,kcl
ax,ax
l,l
p,p
r,r
s,s
r,r
er,axr
t,t
pcl,tcl
axr,r
ax,ax
ix,ix
ix,ax-h
sh,sh
w,w
s,s
y,d
aa,aa
w,w
k,k
w,w
bcl,pcl
d,g
ao,ao
gcl,gcl
dcl,dcl
kcl,kcl
ay,ay
ux,ux
bcl,bcl
s,s
ix,ix
gcl,gcl
axr,axr
t,t
s,s
ae,ae
s,s
t,tcl
r,r
dx,dx
z,s
s,s
s,s
dcl,dcl
hv,hv
dcl,dcl
ih,ax
dcl,dcl
ax,ax
l,l
m,m
eh,ih
dx,dx
ng,ng
s,s
ih,ih
er,er
ow,ao
v,v
ao,aa
hv,hv
q,ax
dh,bcl
er,er
ow,ow
n,n
ao,aa
p,hh
dcl,kcl
l,l
v,v
n,n
n,n
ix,ix
bcl,bcl
n,n
ih,ih
w,w
y,y
ah,ah
s,s
m,m
kcl,pcl
y,y
m,m
ix,ix
ax,ix
kcl,pcl
ax,ix
p,p
z,z
aw,ae
iy,iy
k,g
ao,aa
z,z
dx,dx
ih,ih
hh,hh
z,s
bcl,dcl
f,f
t,d
ih,ih
s,s
ay,ay
tcl,tcl
f,f
y,ux
sh,sh
jh,jh
kcl,kcl
tcl,tcl
l,l
tcl,tcl
m,dcl
oy,oy
iy,iy
dcl,dcl
dh,p
r,r
n,n
iy,iy
iy,r
t,t
q,q
t,t
en,en
w,w
q,dh
ah,ah
ah,ah
dcl,gcl
s,s
d,d
ax-h,kcl
kcl,pcl
s,s
w,w
ah,ih
kcl,dcl
aa,aa
jh,jh
ux,ux
n,n
ih,ih
f,f
dh,dh
n,n
er,er
ax,ix
s,s
s,s
ix,n
t,p
iy,iy
ix,ih
ay,ay
w,w
s,s
kcl,kcl
ax,ax
y,y
ae,ae
r,r
axr,axr
f,f
dcl,kcl
t,t
aa,aa
eh,ae
aa,aa
pcl,pcl
tcl,kcl
r,r
ix,ix
kcl,kcl
ih,iy
iy,iy
en,r
iy,iy
p,p
k,f
axr,ix
ey,iy
l,l
ao,ao
dcl,dcl
tcl,kcl
oy,oy
dcl,dcl
n,n
k,k
gcl,gcl
dcl,kcl
w,w
s,s
aa,aa
k,p
dx,dx
r,r
y,y
m,m
tcl,kcl
ow,ah
ix,ix
iy,ey
k,k
l,l
hv,hv
ih,ih
hv,hv
q,iy
eh,ae
v,v
s,s
s,s
z,z
iy,iy
eh,eh
kcl,pcl
eh,eh
z,z
w,w
n,n
t,d
l,l
tcl,dcl
k,k
k,k
ix,ix
q,q
kcl,tcl
ix,ih
n,n
b,p
sh,sh
z,z
ix,hv
aa,ao
t,t
tcl,bcl
m,m
ow,ax
kcl,kcl
axr,ix
sh,sh
ix,ix
r,r
ix,ix
ao,aa
ih,ix
ow,ow
n,n
r,r
l,ng
ae,ae
t,t
ao,ao
q,hh
iy,iy
l,ax
m,m
m,m
s,t
z,s
g,k
p,p
iy,iy
dcl,dcl
dh,dh
iy,ix
th,f
y,y
aw,aw
s,s
z,s
dh,dh
l,l
sh,sh
dx,b
ay,ay
ay,ay
w,w
l,l
ih,ih
jh,jh
s,s
z,s
nx,nx
s,s
p,p
l,l
kcl,kcl
ax,ax
q,q
aa,aa
ix,ix
n,n
ih,l
dx,dcl
s,s
k,k
iy,ux
ux,ux
s,s
r,r
pcl,pcl
ax,ax
sh,sh
q,q
l,l
k,g
dx,dx
tcl,pcl
kcl,kcl
ux,m
gcl,pcl
f,f
ix,n
z,z
sh,sh
w,w
dx,dx
s,s
tcl,kcl
ih,ih
en,en
dcl,bcl
gcl,g
el,el
sh,sh
ow,ow
l,l
dcl,dcl
n,n
ux,ux
k,k
z,s
ix,ax
iy,ix
ah,ah
dcl,dcl
ix,ix
dh,dh
r,r
er,er
ax,ax
kcl,kcl
hh,hh
gcl,bcl
r,r
aa,ao
q,q
z,z
ey,ey
ih,ih
er,er
iy,iy
f,f
iy,ix
ix,ix
th,f
y,y
s,s
iy,iy
ay,ay
gcl,gcl
ng,ng
ao,ao
l,l
iy,iy
m,m
ah,ah
dh,dh
n,n
v,v
er,er
hh,hh
iy,iy
t,t
k,k
ux,ux
dcl,dcl
t,t
ax,ax
iy,iy
n,n
l,l
ax,ax
hh,hh
w,w
eh,ah
dx,dx
axr,ux
eh,r
ow,ow
eh,r
ch,sh
axr,er
kcl,pcl
ih,ih
axr,ax
s,z
m,m
l,l
iy,iy
z,s
z,z
eh,ae
ch,ch
l,l
b,dh
t,t
el,l
p,p
aa,aa
ao,ao
r,r
z,z
tcl,tcl
s,z
kcl,kcl
k,k
pcl,kcl
dcl,dcl
ao,ao
eh,eh
l,el
s,s
k,k
l,l
hv,hv
pcl,kcl
tcl,kcl
q,q
g,g
ao,ao
s,s
ih,ih
l,l
ax,ix
z,z
l,l
ix,eh
m,m
iy,iy
l,l
p,p
m,m
tcl,tcl
ix,ix
ux,ux
kcl,kcl
k,g
p,p
aa,aa
k,k
kcl,kcl
q,q
s,f
ay,ay
bcl,gcl
eh,eh
r,r
n,n
l,l
m,n
tcl,tcl
v,v
eh,eh
ix,ax
jh,jh
tcl,tcl
iy,ix
ih,ih
f,f
l,l
iy,l
ix,ih
ix,iy
ax-h,tcl
p,p
dcl,dcl
r,axr
ih,ih
d,d
t,d
eh,ae
ix,ih
axr,er
r,r
k,k
n,n
ao,ao
aa,aa
ow,ow
p,p
kcl,kcl
tcl,tcl
ux,ux
ey,ey
iy,iy
dcl,bcl
ih,ih
ix,ix
ix,l
oy,oy
eh,eh
s,s
n,n
eh,eh
p,k
ix,ix
m,m
gcl,gcl
dh,dh
aa,aa
ix,iy
pcl,pcl
ih,ih
gcl,gcl
m,m
f,f
axr,axr
jh,jh
k,k
iy,iy
t,t
tcl,kcl
dcl,tcl
r,r
l,l
ix,ix
gcl,gcl
q,q
k,k
eh,eh
ux,ux
n,n
k,k
v,n
gcl,gcl
ix,ih
ao,ao
iy,iy
ah,aa
kcl,kcl
bcl,bcl
ax,ax
f,f
k,k
pcl,pcl
ih,ix
m,m
kcl,kcl
tcl,kcl
iy,iy
er,er
tcl,tcl
dh,dh
ax,ax
dh,dx
ih,ix
r,r
kcl,kcl
iy,iy
ow,ow
ao,w
s,s
ix,ix
n,n
ah,ah
f,f
aa,aa
eh,eh
n,n
q,q
z,z
f,f
ey,ey
ow,ah
n,n
dh,l
s,s
ow,eh
tcl,kcl
ax,ax
ay,ae
d,d
m,m
kcl,kcl
ax,ax
aa,r
y,y
iy,iy
r,uw
aa,aa
kcl,kcl
dcl,dcl
eh,ax
jh,t
r,r
eh,ae
ih,ih
r,r
ix,ih
kcl,gcl
ae,ae
z,s
iy,iy
v,v
kcl,kcl
m,m
ae,ae
ao,ao
en,ng
gcl,gcl
gcl,gcl
m,m
t,t
nx,nx
ax,ax
ae,ae
n,n
z,z
m,bcl
bcl,gcl
ix,ax
r,ao
axr,r
er,er
oy,oy
ah,ah
iy,iy
b,b
g,g
s,s
kcl,kcl
aa,aa
z,z
s,s
ow,ow
f,f
ax,ax
en,en
r,r
q,q
kcl,pcl
ih,ih
r,r
iy,iy
iy,iy
tcl,nx
ax,ax
hh,hh
q,q
ix,ix
ey,ey
axr,axr
pcl,tcl
n,n
ax,ax
dx,dcl
aw,eh
r,r
kcl,kcl
eh,eh
tcl,tcl
n,n
k,k
f,f
bcl,bcl
r,r
m,m
ey,ey
tcl,tcl
p,p
ih,ih
v,n
pcl,pcl
y,y
z,z
ao,aa
d,d
ix,ax
kcl,kcl
ae,ae
ao,ao
eh,ay
m,m
k,g
l,l
nx,n
el,l
dcl,dcl
t,t
ix,ih
ay,ay
n,n
iy,ix
ix,ix
iy,iy
t,d
ng,ng
dh,dh
axr,ih
el,el
p,p
dcl,dcl
s,s
r,r
eh,eh
ix,ih
oy,oy
f,f
k,k
iy,ix
gcl,bcl
w,w
v,v
y,y
ao,ao
f,f
m,n
n,n
tcl,kcl
axr,er
s,s
t,t
s,z
ih,ih
ao,ao
n,n
ae,ae
ng,n
ux,ux
z,z
g,g
s,s
f,f
s,z
hh,hh
d,t
r,r
s,z
q,kcl
ih,ax
ax,ah
ao,ao
ah,aa
l,l
pcl,pcl
n,ix
r,r
iy,iy
tcl,tcl
ey,ey
ae,eh
gcl,kcl
ae,ae
dx,dx
er,axr
f,f
ey,ey
aa,ay
s,s
tcl,tcl
ae,aa
l,l
t,t
ae,ae
l,l
ih,ih
ih,ih
d,f
n,n
ih,ih
r,r
l,l
ix,ix
k,k
aa,aa
ix,ix
y,ih
m,m
iy,ih
p,p
kcl,pcl
s,s
dh,dh
ow,ow
dx,dcl
dh,dh
eh,eh
ae,ae
g,g
ix,ix
m,m
kcl,kcl
n,n
pcl,kcl
eh,eh
s,s
m,m
ax,ix
n,n
m,n
ch,ch
r,r
n,ng
w,w
m,ng
l,l
g,k
kcl,kcl
ax,ax
th,f
iy,iy
f,f
ay,ay
ih,ih
pcl,tcl
s,s
el,ax
w,w
axr,axr
tcl,kcl
r,r
m,m
ae,ae
ao,ao
m,m
ix,q
ax,ax
dh,ax-h
aa,ao
p,p
t,t
ay,aa
g,g
ah,ah
el,uw
axr,axr
z,z
tcl,tcl
ix,ix
iy,iy
kcl,kcl
ax,pcl
iy,iy
n,gcl
dcl,dcl
s,s
v,v
l,n
ax,ao
eh,ao
q,q
ix,ix
iy,iy
l,l
r,r
n,n
k,g
z,z
dcl,dcl
y,iy
er,er
ix,ix
ay,ay
iy,iy
l,ix
n,n
ae,ae
t,t
dh,dh
dh,dh
ow,ow
bcl,bcl
pcl,pcl
y,y
l,m
ey,ey
l,l
er,er
z,z
uh,uh
ix,ix
m,r
ay,ay
s,s
y,y
axr,axr
iy,iy
p,p
iy,iy
pcl,pcl
dcl,dcl
aa,aa
ix,ih
bcl,bcl
k,k
z,z
k,k
m,m
m,m
eh,eh
ix,ix
th,dcl
k,k
ix,ih
r,r
ae,ae
ix,eh
r,r
jh,jh
aa,aa
eh,ae
aa,aa
ih,ey
tcl,tcl
q,q
ix,ix
b,b
bcl,dcl
n,n
p,p
tcl,tcl
tcl,tcl
q,q
dcl,gcl
w,w
ix,ix
k,k
n,m
r,r
n,n
ah,eh
ah,ay
n,n
q,tcl
r,r
kcl,tcl
tcl,tcl
dcl,tcl
z,s
aa,aa
s,s
kcl,kcl
hh,hh
kcl,kcl
ay,ay
z,s
ix,ix
uh,ih
hh,hh
en,m
ey,ey
k,k
y,y
tcl,tcl
k,k
aa,aa
pcl,kcl
s,s
p,p
n,n
y,y
m,n
tcl,tcl
pcl,tcl
hv,hv
sh,s
gcl,bcl
t,k
axr,axr
pcl,pcl
y,ix
k,k
k,k
f,t
ix,ih
dcl,dx
g,g
dx,g
y,y
v,dcl
d,t
k,k
k,k
ae,ae
ax,ax
k,k
pcl,tcl
eh,eh
gcl,dcl
d,g
iy,iy
ey,ey
ix,iy
iy,iy
kcl,kcl
y,y
s,s
ao,ao
kcl,kcl
ix,ux
ey,ey
aa,ah
q,q
n,ng
n,n
ih,ih
s,s
dcl,dcl
ay,ay
ow,ao
ih,ih
ow,ow
ae,ae
v,v
ae,ae
ih,ix
iy,iy
k,k
aa,aa
k,k
s,s
axr,r
k,k
ax,ax
ae,aa
r,r
s,s
l,l
k,k
dh,dh
gcl,gcl
q,kcl
eh,ix
aa,aa
k,k
r,r
g,g
s,s
ix,r
z,z
w,l
m,m
tcl,kcl
tcl,t
ay,ay
ae,ae
dh,dh
f,f
dcl,tcl
iy,iy
oy,oy
ey,ey
ix,ix
ao,ao
r,r
aa,aa
ux,y
s,s
s,s
ax,r
z,z
ow,ow
f,v
el,el
ih,ih
d,t
iy,iy
v,v
ix,ix
w,w
ix,ix
y,y
oy,oy
n,m
l,ix
kcl,pcl
v,v
ux,ux
n,n
z,z
q,q
q,q
s,s
uh,ax
ah,ah
tcl,pcl
ax,ax
aa,aa
tcl,tcl
ao,ao
bcl,v
k,k
eh,ih
m,m
q,ix
ay,ay
bcl,bcl
bcl,tcl
ae,ae
ix,ih
s,s
t,t
z,s
ix,ix
dcl,dcl
el,el
ux,ux
aa,aa
ao,ao
eh,eh
el,el
bcl,bcl
th,f
dx,dx
ax-h,k
ax,ix
n,ng
k,k
th,th
ix,ix
aa,aa
w,w
jh,jh
n,n
kcl,kcl
jh,s
ow,ow
t,t
uw,ux
l,l
kcl,kcl
ih,ih
en,en
t,s
el,el
uw,ix
k,k
n,n
iy,r
ch,ch
f,f
eh,ih
z,z
q,t
ih,ix
g,k
l,l
ow,ow
k,k
tcl,tcl
r,r
bcl,dcl
l,l
tcl,tcl
ng,ng
kcl,kcl
ix,ix
tcl,tcl
p,p
l,l
v,v
n,n
k,k
aa,ao
r,aa
gcl,hv
tcl,pcl
ae,ae
bcl,bcl
w,w
iy,iy
r,r
s,s
hv,hv
ix,iy
dh,dh
kcl,kcl
pcl,pcl
iy,iy
l,l
n,n
m,bcl
p,f
ax-h,ih
ao,ao
ix,ix
m,n
ow,ix
aw,ae
kcl,kcl
bcl,bcl
ow,l
iy,iy
s,s
pcl,pcl
s,s
dcl,pcl
ay,ay
ch,t
ay,ay
l,l
gcl,dcl
aa,ao
axr,axr
ch,ch
eh,eh
s,th
p,p
ax-h,ix
k,k
z,s
ae,ae
iy,ih
kcl,tcl
q,q
ix,ix
ax,ax
s,s
l,l
s,s
ux,ux
ix,ix
m,m
iy,iy
q,m
z,z
uw,ax
n,m
ao,ao
gcl,gcl
eh,eh
pcl,pcl
eh,ah
r,r
m,v
ix,ix
aa,aa
ax,ax
th,pcl
uw,ux
l,m
p,p
r,ix
z,s
sh,sh
y,n
sh,sh
g,k
axr,r
ao,uw
w,w
ux,uw
sh,sh
s,s
v,tcl
r,r
ix,ix
ow,ow
q,q
ix,ix
s,s
th,z
axr,ix
ao,ao
s,s
m,m
ix,ix
ix,ix
k,k
axr,axr
ah,eh
z,z
r,r
r,r
ae,ae
g,g
iy,ih
axr,r
iy,iy
iy,iy
uh,uh
k,k
sh,sh
ae,ae
ow,el
aa,aa
ax,ax
dcl,dcl
ae,ae
ch,ch
l,l
n,n
w,ow
bcl,dcl
ah,ah
iy,iy
l,gcl
q,q
s,s
ix,ix
dcl,kcl
kcl,tcl
l,l
r,w
w,w
n,n
ix,ix
ae,aw
dx,dx
iy,ih
iy,iy
w,w
tcl,dcl
m,m
f,f
gcl,bcl
l,ax
m,m
ih,ih
d,d
sh,sh
ao,l
tcl,dcl
n,dcl
n,n
ae,ae
jh,jh
l,l
iy,iy
t,t
ow,ow
axr,axr
l,l
dcl,v
s,s
bcl,bcl
kcl,kcl
f,f
el,el
n,n
dcl,kcl
nx,nx
oy,oy
f,f
axr,er
dx,dx
dh,dh
s,s
f,f
n,n
ao,ao
n,n
z,s
aa,aa
z,s
s,s
dx,nx
jh,jh
dcl,dcl
axr,axr
dcl,dcl
iy,iy
f,f
aa,aa
dx,dx
ah,aa
ng,n
n,n
r,r
ax,ax
q,q
eh,ix
q,q
iy,ix
ih,ih
s,s
t,s
f,f
tcl,pcl
t,t
ux,ux
pcl,kcl
t,t
er,axr
r,r
z,z
p,p
eh,eh
iy,iy
ay,ay
axr,r
iy,iy
dx,dx
v,v
tcl,kcl
n,ux
iy,iy
ih,ih
r,r
hv,hv
pcl,kcl
er,er
n,n
axr,axr
oy,oy
ay,ay
k,k
r,r
iy,iy
k,k
v,v
v,dcl
bcl,dcl
ah,ah
l,l
s,s
n,m
l,l
th,th
tcl,tcl
ae,ae
dcl,dcl
ay,ay
ax,ix
sh,sh
hh,z
ow,ow
kcl,kcl
f,f
t,t
ae,ae
nx,nx
ao,ao
l,l
s,s
s,s
ih,ih
ay,aa
ah,ah
ix,n
s,s
t,t
en,en
ix,ix
s,s
s,s
kcl,kcl
s,ch
l,l
uw,axr
sh,sh
ih,ih
r,r
kcl,tcl
l,el
sh,sh
m,m
n,n
k,k
ow,ax
eh,eh
s,s
tcl,pcl
iy,iy
m,bcl
q,q
ao,ao
y,y
kcl,kcl
q,ix
r,r
tcl,tcl
q,q
ih,ih
iy,iy
ey,ey
v,v
dcl,tcl
aw,aw
k,k
q,q
ih,ih
ao,ao
ux,ux
ix,ix
p,p
n,n
l,l
ux,q
r,r
k,k
ng,ng
s,s
ih,eh
q,q
r,r
p,p
k,k
s,z
iy,iy
ao,ao
ae,ae
n,n
en,en
ao,ao
hv,hv
r,r
z,s
ae,ae
w,w
en,en
nx,nx
dcl,tcl
tcl,tcl
s,s
t,d
kcl,tcl
uh,ix
oy,oy
tcl,pcl
ix,iy
dx,dx
ax,ax
axr,er
tcl,gcl
s,s
f,f
kcl,kcl
n,n
ih,eh
l,l
w,w
s,s
l,l
ow,ow
iy,iy
dh,t
s,s
y,y
pcl,tcl
ae,ae
ih,ih
n,n
dcl,dcl
ih,ih
r,r
iy,iy
k,k
n,n
t,t
ax,ax
dcl,tcl
ix,ix
dh,z
bcl,bcl
axr,axr
ax,ax
dcl,dcl
dcl,dcl
r,r
r,r
m,tcl
aa,aa
w,w
r,r
l,l
f,f
s,s
s,s
t,t
l,l
y,y
n,n
ix,iy
eh,eh
pcl,tcl
ng,ng
k,k
tcl,tcl
ih,ih
z,z
y,y
axr,r
sh,sh
ix,ix
tcl,kcl
s,s
dx,nx
ax,r
hh,hh
n,n
ao,ao
ah,ah
z,z
ax,ax
m,m
ao,ao
r,r
iy,iy
ae,ih
r,r
aa,aa
k,k
ow,ow
n,n
pcl,pcl
dh,t
tcl,kcl
kcl,tcl
k,k
q,q
f,f
dh,dh
n,m
ay,ay
iy,iy
v,v
r,r
r,r
dh,dh
ah,ah
iy,ey
d,dh
ih,ix
th,th
aa,aa
dx,dx
s,s
er,er
k,k
er,er
er,er
iy,iy
z,z
k,k
en,en
r,r
dcl,dcl
ix,ax
s,s
ix,ix
s,s
q,q
kcl,kcl
ay,ay
gcl,gcl
p,t
r,r
iy,ix
ux,ih
p,p
s,s
r,v
ih,ih
t,t
k,k
z,z
n,n
p,p
dx,dx
ng,n
dcl,dcl
aa,aa
pcl,pcl
iy,iy
ow,ow
r,r
kcl,kcl
ey,ey
r,r
pcl,pcl
t,t
dcl,dcl
q,q
ah,ah
dx,kcl
tcl,tcl
s,s
ax,ax
q,q
ey,ey
ih,eh
iy,y
sh,sh
ao,ao
dx,nx
iy,iy
n,n
b,tcl
z,z
ix,iy
tcl,tcl
dx,dx
k,k
z,s
n,n
ae,eh
ux,ix
ng,m
ix,ix
n,n
kcl,tcl
uw,ax
aa,aa
r,iy
ux,ux
ah,ah
z,z
s,s
n,n
n,n
gcl,gcl
tcl,tcl
n,n
ih,ih
er,axr
m,n
ao,ao
ax,ah
k,k
r,r
gcl,dcl
r,r
ix,eh
axr,axr
aa,aa
p,ax
ey,iy
w,w
n,n
s,s
z,z
s,s
jh,ch
n,m
ix,ix
ow,ow
uh,uh
ih,ih
ao,aa
ih,ih
iy,iy
ix,eh
l,l
tcl,pcl
w,w
q,q
ae,ae
s,s
q,q
ey,ey
w,w
dcl,dcl
ow,ow
m,n
m,m
p,p
ix,ay
z,s
ax-h,ax-h
ih,ih
ay,ay
r,r
axr,axr
f,f
tcl,tcl
m,m
l,l
n,n
iy,iy
ow,ow
l,l
axr,axr
er,axr
r,r
tcl,tcl
q,q
l,l
n,n
p,p
ey,ae
w,w
y,y
ey,ey
s,s
pcl,pcl
iy,r
ih,ey
n,ng
s,s
jh,jh
sh,sh
ae,ae
w,w
kcl,tcl
ix,ix
dh,d
ih,ih
ih,ih
v,dcl
kcl,kcl
ey,ey
l,ax
dcl,tcl
ng,ng
dcl,gcl
z,s
l,ax
l,l
ax,ax
iy,iy
hh,hh
ix,ax
tcl,kcl
ey,iy
ow,ow
ao,ah
aa,aa
m,m
t,t
n,tcl
ay,ay
kcl,pcl
ae,eh
ih,ih
kcl,gcl
iy,iy
hh,hv
oy,oy
l,l
ix,iy
f,f
s,s
f,f
er,er
g,g
ix,ix
pcl,kcl
ey,ey
t,t
gcl,gcl
r,r
n,ng
t,t
iy,iy
t,t
ux,ux
axr,r
p,p
kcl,kcl
ay,aa
aa,aa
f,f
iy,iy
ae,ae
hv,eh
n,m
z,z
ah,ah
w,w
gcl,bcl
l,l
kcl,kcl
m,m
ah,ah
t,d
aa,ao
r,r
z,z
hh,hh
s,s
ih,ih
z,s
hh,hh
t,t
r,uw
r,r
ey,ey
hh,hh
ay,ay
iy,iy
eh,eh
iy,iy
s,s
kcl,kcl
eh,eh
s,s
pcl,tcl
iy,iy
s,s
z,z
tcl,kcl
dcl,dcl
m,m
f,f
n,n
dx,dx
n,n
tcl,tcl
ch,ch
w,w
pcl,pcl
iy,iy
dx,dx
oy,oy
ax,ax
iy,iy
n,n
tcl,tcl
n,dcl
p,p
l,l
dcl,tcl
ix,q
m,m
s,s
n,bcl
s,s
th,f
gcl,dcl
ay,ay
dh,q
m,m
ah,ae
ix,ix
ih,ih
s,s
q,q
m,m
ux,ux
n,n
er,r
iy,iy
ay,ay
ey,ey
s,s
dcl,ix
f,f
th,v
dcl,dcl
jh,t
t,t
d,t
s,s
t,t
s,s
s,s
w,w
ix,ix
hh,hv
n,n
ow,ah
m,ng
aa,aa
s,s
q,q
w,w
ay,ay
q,q
dh,d
ah,ae
er,er
kcl,kcl
ix,iy
el,ao
dcl,dcl
ow,ow
er,axr
aa,aa
ih,ih
ao,ao
l,ao
kcl,kcl
ih,ih
ax,ax
w,ih
w,r
w,w
ch,ch
iy,iy
v,v
p,p
ax,ix
v,v
el,w
r,r
n,n
ae,ae
aa,aa
q,q
iy,iy
v,bcl
d,t
v,bcl
s,s
ng,n
ey,iy
s,s
m,m
n,n
k,k
k,k
y,y
l,l
dcl,dcl
w,w
pcl,tcl
ow,ow
iy,iy
ix,ix
kcl,kcl
s,s
ow,ow
ax,ix
kcl,kcl
er,er
sh,s
tcl,tcl
nx,n
ao,ao
dcl,dcl
m,n
axr,axr
r,ay
iy,iy
q,q
s,s
kcl,tcl
s,s
jh,jh
eh,eh
n,n
n,n
k,k
ae,ae
s,s
aa,aa
ax,n
ae,eh
dx,dcl
ix,ix
iy,iy
iy,iy
nx,n
ah,aa
l,w
s,s
tcl,tcl
dx,dx
kcl,tcl
sh,sh
er,ix
ae,ae
dcl,pcl
ah,ah
uh,uh
gcl,dcl
tcl,tcl
z,z
l,ax
r,r
v,v
v,n
iy,iy
q,q
tcl,pcl
kcl,kcl
ah,ah
m,n
pcl,pcl
ng,n
iy,y
y,y
ng,n
z,z
s,s
ae,ae
tcl,dcl
dcl,ix
hh,hh
ow,ow
kcl,kcl
ae,ae
gcl,gcl
aa,aa
ah,ah
l,l
kcl,kcl
s,s
ax,ax
sh,sh
ao,ao
sh,sh
ih,ih
w,w
n,v
iy,iy
q,m
r,r
v,v
tcl,tcl
r,r
m,n
ax,l
pcl,kcl
kcl,tcl
t,t
iy,iy
axr,axr
ae,ae
v,m
kcl,kcl
n,n
jh,jh
l,ah
ah,ah
bcl,bcl
tcl,tcl
r,r
v,v
l,l
n,n
jh,ch
n,n
bcl,bcl
dcl,dcl
z,s
t,dh
y,y
ix,ix
k,k
s,s
q,ix
n,tcl
s,s
s,s
ey,ey
aw,l
s,s
ng,n
bcl,v
ax,ax
l,l
ax,ix
r,r
n,n
f,kcl
ey,ey
ae,ae
ay,ay
dh,dh
t,t
eh,ae
p,p
eh,eh
t,t
en,en
nx,nx
z,z
t,t
r,r
v,v
t,t
w,w
s,s
ah,ax
g,g
tcl,tcl
f,f
ow,el
r,axr
y,y
n,iy
iy,iy
l,l
s,s
k,k
l,el
tcl,tcl
pcl,pcl
hv,hv
bcl,bcl
ay,ay
eh,ix
dcl,dcl
iy,iy
r,r
ax,ih
ix,ih
eh,eh
bcl,bcl
dcl,bcl
iy,iy
s,s
er,r
r,r
m,m
q,q
ux,ux
z,z
dx,nx
t,jh
dcl,gcl
ao,ao
tcl,pcl
ax,ax
ah,ah
s,s
tcl,tcl
tcl,tcl
y,y
dh,v
ax,ax
ae,ae
tcl,tcl
ow,ow
n,n
m,bcl
ix,axr
sh,z
pcl,pcl
s,s
th,z
kcl,kcl
ae,ae
n,n
t,t
ao,ow
er,er
uw,uw
l,l
t,d
tcl,dcl
m,n
hh,hh
t,t
z,z
tcl,dcl
ow,ow
el,uw
w,w
r,r
axr,er
ih,ih
r,r
ow,ow
p,p
iy,iy
d,d
iy,iy
w,w
ow,uw
s,s
ao,aa
ix,ih
p,p
q,q
l,l
ax,ax
ax,ax
n,n
r,r
er,axr
v,n
aa,aa
er,r
ae,ae
er,er
r,v
kcl,p
dx,dx
ix,ix
er,er
m,n
dcl,dcl
p,p
ae,ae
ix,ey
w,r
ow,ow
r,r
ng,ng
ix,ax
sh,s
r,iy
ey,ey
dx,dcl
iy,ey
tcl,gcl
th,f
ix,ix
r,r
f,f
ae,ae
tcl,tcl
iy,iy
v,v
hv,hv
axr,axr
t,jh
oy,oy
ow,ow
ih,ih
kcl,kcl
n,n
tcl,dcl
tcl,tcl
r,r
ix,ix
aw,aw
aa,aa
ax,ax
ix,ix
m,m
y,y
tcl,dcl
m,m
nx,g
r,r
gcl,kcl
er,er
r,r
ey,ey
kcl,kcl
kcl,kcl
iy,iy
bcl,bcl
uh,w
z,s
nx,nx
k,kcl
eh,eh
tcl,kcl
p,p
kcl,r
gcl,gcl
axr,er
q,r
tcl,dcl
s,s
v,f
eh,ah
bcl,bcl
gcl,dcl
g,g
l,l
er,er
n,n
ax,ah
w,w
t,t
ao,ao
ix,ix
hv,hv
ix,ix
pcl,pcl
ax,ax
ah,ah
t,t
q,q
eh,eh
ao,aa
r,ix
k,k
l,l
t,t
bcl,kcl
t,t
ao,ao
l,el
iy,iy
ey,ey
sh,f
tcl,v
er,axr
hv,hv
ey,ey
ow,ow
pcl,kcl
ow,ah
oy,oy
ix,ix
ih,ix
sh,sh
k,k
en,n
ao,ao
iy,iy
l,l
s,s
y,y
aa,aa
ax,ax
r,r
ah,ax
ix,ix
ae,ae
z,z
sh,sh
er,er
jh,jh
l,l
er,axr
axr,axr
f,f
ae,ae
axr,axr
axr,axr
dcl,bcl
ch,ch
y,y
tcl,dcl
eh,ih
axr,r
aa,aa
f,f
ih,iy
l,ay
ax,ax
ix,r
uh,aa
ix,l
jh,d
l,ax
v,r
ix,ix
axr,r
m,m
t,t
dx,dcl
r,r
oy,oy
eh,ih
dcl,dcl
w,w
ih,eh
n,m
w,w
kcl,kcl
ae,ae
eh,ae
ch,k
kcl,kcl
oy,oy
ix,iy
l,l
z,s
ax,r
ix,ix
ae,ae
kcl,gcl
n,m
dh,n
l,l
kcl,kcl
axr,r
m,n
s,s
hh,hh
ix,ix
ux,ix
sh,sh
z,z
ae,ae
f,f
z,z
d,t
ix,ih
aa,aa
bcl,bcl
z,z
p,p
ah,ao
s,s
ax,ax
eh,eh
m,m
z,s
dh,dh
p,p
eh,eh
iy,iy
ey,ey
er,er
pcl,pcl
m,m
sh,sh
r,r
ax,ax
bcl,dcl
aa,aa
z,z
m,m
s,s
r,r
ow,ow
w,w
ih,ih
aa,aa
p,p
pcl,tcl
dcl,dcl
tcl,kcl
ih,ih
y,ih
eh,ae
s,s
aa,ah
ey,ey
f,hh
q,q
g,g
n,n
em,em
iy,iy
dh,dh
gcl,gcl
bcl,bcl
iy,iy
gcl,gcl
p,p
ix,ix
uw,r
q,q
s,s
v,v
eh,eh
s,s
hv,hv
ix,ix
s,z
ix,ix
gcl,g
pcl,tcl
dx,dx
k,k
eh,eh
gcl,gcl
n,n
ax,ax
ey,iy
dcl,gcl
n,n
pcl,pcl
ix,ix
ih,ix
aw,aa
l,l
pcl,kcl
ix,r
ae,ae
eh,eh
n,n
ey,ey
s,th
ay,ay
ah,ah
ao,r
y,y
n,n
tcl,pcl
n,ng
axr,axr
axr,er
s,s
ax,ax
k,k
ow,ao
ah,ah
tcl,tcl
w,w
kcl,pcl
d,t
r,ay
t,t
eh,ih
ae,ae
en,ax
iy,iy
ix,ax
k,g
q,q
tcl,tcl
d,t
r,r
z,z
ix,ih
t,t
ow,ow
iy,iy
aw,aw
ix,ix
s,s
ae,eh
l,l
tcl,kcl
r,r
f,f
q,ix
pcl,pcl
kcl,tcl
er,ao
r,r
dcl,dcl
w,w
tcl,gcl
f,f
ax,ax
ih,iy
iy,iy
ix,ih
aw,aw
kcl,kcl
ux,iy
er,er
gcl,dcl
eh,ah
tcl,tcl
el,el
iy,iy
l,l
dh,th
ih,ih
z,s
iy,iy
l,l
pcl,pcl
y,ng
l,l
ih,ix
s,s
ix,ix
uh,ih
z,s
eh,ay
ae,ae
q,q
er,axr
l,l
iy,ux
z,z
kcl,tcl
n,n
n,n
s,s
ay,ay
iy,iy
n,n
tcl,kcl
aa,aa
kcl,kcl
ix,ix
th,th
ax,ax
th,th
s,s
l,l
iy,iy
w,w
ix,ih
w,w
iy,iy
t,t
z,z
ux,ux
ae,ae
kcl,kcl
y,y
gcl,gcl
bcl,pcl
s,s
ix,ix
ix,ix
axr,er
t,t
kcl,gcl
z,z
z,z
gcl,gcl
ae,ae
ix,ix
q,q
pcl,tcl
n,n
ux,n
q,q
ax-h,pcl
axr,ix
ax,ax
ng,ng
l,l
y,y
r,r
r,r
iy,iy
r,ax
uh,ih
f,z
iy,iy
n,n
bcl,pcl
jh,jh
ux,ux
r,r
f,f
ih,ih
ch,ch
q,l
aw,aw
iy,iy
eh,ih
r,r
ax,ax
k,k
aa,aa
kcl,kcl
y,y
iy,iy
ao,ao
ix,ix
l,l
z,z
ng,ng
oy,oy
iy,iy
m,m
ch,ch
pcl,pcl
s,s
ix,ix
ow,ow
dh,v
w,w
pcl,pcl
r,axr
ao,ao
dx,ix
w,w
axr,axr
k,k
aa,aa
iy,iy
gcl,kcl
sh,sh
ow,ao
ay,ay
oy,oy
s,s
q,q
l,l
s,s
ay,aa
eh,ow
ax,ax
g,g
ow,ow
f,f
ax,ax
d,b
th,th
axr,axr
q,tcl
t,t
v,dh
r,r
s,sh
r,r
f,f
bcl,bcl
z,z
aa,aa
k,k
ih,ih
ow,ow
f,dcl
kcl,kcl
axr,axr
dh,m
gcl,pcl
gcl,gcl
iy,iy
iy,iy
v,m
zh,zh
k,k
s,s
ow,ax
s,s
l,l
aa,aa
s,s
w,w
er,er
z,s
w,w
eh,ae
m,m
aa,ao
s,s
ix,ix
f,pcl
s,s
ay,ay
kcl,kcl
aa,aa
ix,ax
t,sh
dh,tcl
ix,ix
r,r
n,ng
ih,ih
f,f
ae,ae
s,s
r,r
dh,dh
ix,ix
dcl,dcl
iy,ix
y,y
s,s
ih,ih
ah,ax
ux,ux
g,k
hh,kcl
nx,nx
r,r
tcl,kcl
uh,ih
l,l
l,l
q,ax
dh,dh
dx,kcl
aa,ao
r,r
em,m
s,s
ah,ah
sh,s
z,s
ng,ng
iy,iy
ao,aa
dcl,dcl
k,k
ix,ix
aw,ow
g,k
sh,sh
q,q
s,s
iy,iy
y,n
m,m
eh,eh
sh,sh
el,el
hh,hh
ow,ow
nx,g
hh,hh
axr,ix
hh,hh
ih,ix
l,l
ux,ux
l,l
iy,iy
oy,ao
th,th
ah,ah
ih,ae
q,q
kcl,kcl
q,n
z,s
ey,ey
eh,eh
kcl,kcl
f,f
p,p
en,en
k,k
eh,r
ix,ix
g,g
m,m
dcl,dcl
ax,ax
w,w
ax,ax
gcl,gcl
n,dcl
l,l
l,l
z,z
aa,aa
ao,ao
tcl,bcl
ax,ax
sh,sh
ch,t
axr,er
ey,ey
m,v
ix,ix
eh,eh
t,k
s,s
el,l
tcl,tcl
oy,oy
tcl,kcl
ix,ih
ax,ax
l,l
q,q
axr,axr
k,k
kcl,kcl
r,r
ix,ih
kcl,kcl
f,f
ay,ay
hh,p
ix,ix
r,r
eh,eh
r,r
kcl,kcl
f,f
pcl,pcl
n,n
pcl,pcl
p,p
tcl,dcl
ng,ng
k,k
r,r
ng,v
w,ao
s,s
n,ix
l,r
z,z
ih,ih
w,l
tcl,tcl
m,dx
tcl,tcl
v,dh
ae,ae
tcl,kcl
d,ch
th,dh
ae,ae
hv,hv
z,s
z,z
n,n
q,q
ay,ay
w,r
t,t
nx,l
er,er
eh,eh
dcl,dcl
l,l
r,r
k,k
v,v
eh,ih
iy,iy
ay,aa
eh,eh
m,m
s,s
iy,ih
y,y
tcl,tcl
er,axr
ax-h,ix
w,w
eh,ay
k,k
q,q
ix,ix
t,s
ow,ow
hv,hv
ix,ix
r,r
ey,ey
ih,ih
el,el
ao,ao
kcl,kcl
iy,iy
m,m
r,r
zh,s
ix,axr
r,r
n,n
axr,er
y,y
p,p
ax,ax
iy,iy
pcl,bcl
t,t
s,s
tcl,pcl
w,l
kcl,kcl
r,r
tcl,pcl
axr,axr
ay,ay
ow,ow
nx,n
dcl,dcl
l,l
w,w
ux,ux
ax,ix
z,z
s,s
eh,eh
m,m
ix,ix
oy,ao
kcl,kcl
s,s
bcl,bcl
l,ax
n,n
iy,ix
aa,aa
p,p
sh,sh
pcl,pcl
aa,aa
t,t
tcl,n
dx,dx
dcl,dcl
t,t
y,y
k,k
ix,ix
ix,ih
t,ch
iy,iy
m,m
ay,ay
ay,ay
hv,hv
m,m
axr,ix
ao,ao
n,n
iy,iy
aa,aa
jh,jh
r,r
axr,axr
tcl,pcl
iy,ix
kcl,kcl
pcl,pcl
s,s
gcl,gcl
gcl,n
bcl,bcl
nx,nx
q,q
r,r
r,r
n,n
tcl,kcl
ix,iy
p,p
ah,ax
ae,ae
ix,ix
y,y
kcl,tcl
s,s
gcl,dcl
ih,ih
l,l
n,n
axr,r
q,q
eh,ow
s,s
bcl,dcl
ih,ax
m,m
tcl,pcl
axr,er
s,s
g,g
t,t
k,k
d,d
axr,er
g,g
ae,eh
dx,dx
er,axr
t,t
ix,ix
bcl,dcl
s,s
aw,aw
s,s
ih,eh
jh,t
m,n
kcl,kcl
r,r
ah,ah
g,g
dcl,dcl
ow,l
ax,ax
v,f
l,l
iy,iy
dcl,dcl
iy,iy
ay,ay
tcl,tcl
ah,ah
iy,iy
l,l
n,n
ao,ao
axr,axr
dcl,dcl
ay,ay
gcl,dcl
l,l
iy,iy
dcl,dcl
ao,ao
bcl,v
pcl,pcl
ax,r
eh,eh
dcl,dcl
ix,ix
w,uw
n,n
nx,n
b,b
aa,aa
ae,ae
ah,ah
q,q
sh,s
l,l
hv,hv
s,s
t,t
eh,aa
s,s
ao,r
r,r
dcl,kcl
dcl,dcl
dx,dx
hv,hv
s,s
ih,ih
ow,ow
m,n
ix,ix
w,w
pcl,pcl
z,s
n,n
iy,iy
ih,ih
ay,ay
hv,hv
er,er
n,bcl
f,k
ae,ae
iy,ix
ae,ae
k,k
kcl,pcl
ae,eh
kcl,kcl
ch,ch
r,r
v,v
t,t
aw,ow
w,w
aa,aa
ah,ah
n,m
ao,aa
n,m
aw,l
aw,aw
tcl,tcl
m,m
r,r
r,r
l,ax
t,t
tcl,tcl
tcl,kcl
er,r
ah,eh
ih,ih
ay,ay
n,n
gcl,gcl
r,r
ae,ae
kcl,kcl
kcl,kcl
dcl,dcl
w,w
q,q
axr,axr
g,b
r,r
m,uw
g,g
ax,ix
p,b
l,w
ow,ow
axr,axr
pcl,pcl
ih,eh
ax,ax
gcl,dcl
tcl,dcl
m,en
ah,ah
s,s
sh,ch
ng,ng
m,m
l,l
m,m
ux,ux
ay,ay
th,th
hh,hh
ow,ow
ch,jh
t,t
dcl,dcl
k,k
z,z
tcl,tcl
ae,ae
l,l
n,n
l,l
ix,ih
zh,sh
ax,ax
g,g
r,r
ih,ih
tcl,tcl
el,el
ey,ey
er,axr
ey,ey
bcl,bcl
dcl,dcl
s,s
g,g
ix,ix
l,l
axr,ih
dcl,dcl
ae,ae
aa,aa
n,n
k,k
ah,ah
ix,ux
z,z
iy,iy
ao,ao
n,n
ix,ix
f,f
kcl,kcl
iy,iy
w,w
n,n
w,r
ix,ix
kcl,pcl
tcl,tcl
ae,ae
f,f
n,dcl
iy,iy
hv,kcl
s,s
ao,ao
ax,ax
dh,dh
bcl,dcl
l,l
ah,ax
l,dh
sh,f
v,p
bcl,gcl
aa,ao
s,s
r,r
ax,ix
ih,ih
iy,iy
sh,jh
ao,ao
ey,ey
kcl,m
n,n
dcl,dcl
z,z
iy,iy
f,f
kcl,pcl
hh,hv
w,w
r,r
g,g
m,m
pcl,pcl
ih,ix
k,k
l,l
eh,ae
jh,jh
ih,ix
n,en
ih,ih
n,ng
q,axr
l,l
gcl,gcl
aa,aa
q,iy
tcl,kcl
l,w
ow,ih
ix,ih
sh,sh
th,th
iy,iy
aa,aa
ax,r
t,t
l,l
bcl,bcl
jh,t
eh,ix
l,m
tcl,tcl
l,r
ix,ix
t,t
z,z
pcl,pcl
ix,ix
n,n
ux,ux
ih,ih
kcl,kcl
ae,ae
ao,aa
iy,iy
kcl,kcl
ah,ah
f,f
dh,th
r,r
tcl,bcl
r,r
ix,ih
eh,eh
ey,ey
z,z
f,f
l,l
ax,ax
n,n
n,n
eh,ix
ah,aa
q,ax
jh,jh
ix,ix
bcl,kcl
aa,ao
dcl,pcl
tcl,kcl
aa,aa
ih,ih
y,y
s,s
w,w
ow,ow
y,iy
v,dcl
tcl,tcl
sh,sh
t,t
z,z
y,y
hv,hv
kcl,kcl
axr,r
r,r
s,s
hv,hv
ih,ih
er,axr
t,t
tcl,tcl
r,r
ix,r
n,en
l,l
aa,aa
gcl,gcl
ax,ah
ix,ix
q,r
t,t
kcl,kcl
ix,axr
y,y
t,t
ay,ay
y,y
r,r
oy,oy
r,r
n,n
q,q
s,s
gcl,k
q,q
kcl,kcl
iy,iy
ae,ae
hv,hv
ay,ay
w,w
ah,ah
eh,eh
n,n
m,m
d,t
l,l
dx,dx
iy,ix
z,z
ix,ih
aa,aa
tcl,tcl
n,n
bcl,bcl
ah,ah
l,l
ix,ih
p,p
dcl,dcl
z,s
ux,ux
axr,r
ch,jh
t,t
sh,sh
ae,ae
bcl,dh
q,r
aa,aa
ih,ih
n,gcl
dcl,tcl
n,n
s,s
dcl,dcl
eh,r
l,l
ix,ix
n,n
tcl,k
q,q
kcl,kcl
f,f
r,r
s,s
dcl,dcl
ay,ay
r,r
m,ng
f,k
ux,ux
d,t
s,s
ix,ix
s,s
w,w
bcl,bcl
k,k
y,ix
ih,ih
t,k
aa,aa
kcl,kcl
ix,ix
ix,ix
w,w
l,l
r,r
m,m
n,n
r,r
b,b
k,k
eh,eh
aa,aa
r,r
en,en
er,ih
tcl,tcl
n,n
ix,ih
aa,ah
iy,iy
aa,aa
iy,iy
s,z
tcl,tcl
t,t
s,s
axr,er
r,iy
sh,sh
bcl,pcl
er,er
n,n
n,n
iy,iy
n,ng
bcl,bcl
f,f
g,g
t,t
dcl,tcl
s,s
l,l
ay,aa
f,f
uw,w
jh,jh
gcl,gcl
ix,ix
ax,ax
eh,ax
s,s
ux,ux
ix,ax
k,k
n,n
ix,ix
aa,aa
oy,oy
ix,ih
ae,ae
hv,r
f,f
ax,ix
ah,ah
p,p
ax,ax
s,s
oy,oy
p,k
k,g
d,t
hh,hh
el,el
iy,iy
ey,ey
p,p
dcl,dcl
w,w
aa,aa
tcl,kcl
pcl,tcl
pcl,tcl
sh,sh
l,l
k,k
s,s
th,f
ae,ae
iy,iy
z,s
kcl,tcl
k,k
t,t
f,v
l,l
ay,ay
pcl,bcl
q,q
s,s
dcl,dcl
z,s
dcl,dcl
v,v
l,l
ey,ey
ao,ao
s,s
y,ih
jh,ch
ah,eh
ae,ae
q,q
z,z
el,l
eh,ae
t,t
r,r
ix,ix
zh,z
s,s
eh,ix
ax,ax
hv,hv
w,w
ng,m
p,p
uw,uw
kcl,kcl
el,uw
r,r
aa,aa
ao,ao
n,n
axr,axr
dcl,dcl
d,d
eh,ih
ix,ix
z,z
tcl,pcl
y,hv
l,l
ix,ix
s,s
ow,ow
ux,ix
ax,ax
uw,uw
l,l
ax,ix
er,er
s,s
ix,ix
ax,ah
eh,eh
aa,ao
w,w
hv,hv
el,el
eh,eh
s,s
n,ng
q,ix
s,s
ax,ix
eh,ae
dcl,dcl
l,l
aa,ao
z,z
ih,ix
t,t
ix,iy
q,q
ng,n
axr,er
ay,ay
er,axr
v,v
ch,ch
k,k
er,er
bcl,dcl
z,s
hh,hh
k,k
ih,ih
n,n
ah,ax
s,s
ae,ae
axr,axr
eh,eh
ae,ae
tcl,kcl
m,n
iy,iy
t,t
ux,ux
l,el
s,s
ih,iy
d,d
ey,ey
hv,ix
m,m
z,z
th,dh
ih,ih
dcl,dcl
t,t
kcl,kcl
z,z
ae,ae
bcl,pcl
q,q
z,z
hv,hv
ix,ix
bcl,bcl
eh,eh
kcl,kcl
hv,hv
ow,ao
ng,ng
ey,ae
p,p
s,s
ae,ae
sh,sh
r,r
pcl,pcl
ax,ax
ch,t
r,r
t,t
ao,ao
er,axr
ux,ux
t,t
r,r
dcl,l
tcl,pcl
t,t
s,s
m,m
ix,en
q,q
s,z
ix,ih
ix,ix
axr,r
kcl,kcl
n,n
r,r
zh,zh
ix,ix
ah,ah
m,n
ux,ux
eh,ae
w,w
uw,uw
ae,ae
s,s
gcl,tcl
bcl,bcl
el,el
s,s
tcl,tcl
n,dcl
er,er
q,w
ah,ah
z,z
s,z
k,k
w,w
n,n
axr,iy
iy,iy
ah,ah
ng,ng
y,iy
t,t
kcl,k
m,m
n,n
r,r
ow,ow
f,f
tcl,tcl
hh,hh
k,k
l,l
y,y
eh,eh
s,s
n,n
l,ao
r,r
dx,dx
n,n
axr,r
aa,aa
ih,iy
iy,iy
ix,ix
dcl,dcl
ax,ax
t,t
dcl,dcl
s,s
t,t
iy,iy
ix,r
sh,sh
sh,sh
kcl,kcl
s,s
iy,iy
k,k
f,f
tcl,dcl
kcl,kcl
ae,ae
r,r
kcl,kcl
kcl,kcl
n,n
tcl,kcl
dh,dh
q,q
s,s
iy,ix
r,r
p,p
ix,ix
eh,ah
m,m
ih,ix
r,r
l,l
pcl,tcl
ay,ay
ow,ow
kcl,k
tcl,kcl
r,r
iy,r
dh,dx
n,n
gcl,dcl
n,n
kcl,kcl
r,r
iy,iy
ah,ah
ax,ix
ah,ah
ax,ah
dh,dh
nx,n
n,n
r,r
s,s
eh,ae
t,t
t,k
ux,ux
axr,r
axr,ax
sh,sh
axr,er
kcl,kcl
q,q
m,m
axr,er
f,f
n,n
kcl,pcl
ao,ao
ey,eh
l,l
z,z
ix,ix
ae,eh
ow,ow
t,t
v,pcl
ey,ey
aa,aa
ey,ey
q,q
bcl,bcl
y,y
ao,ao
y,y
q,q
r,r
ow,ow
eh,eh
pcl,tcl
ao,ao
k,k
ae,ae
r,r
l,l
eh,eh
ow,ow
ih,ih
dh,dh
hh,hh
dcl,dcl
aa,aa
n,n
axr,axr
p,ax-h
iy,iy
dh,dx
r,r
r,l
ng,ng
m,m
iy,iy
kcl,kcl
tcl,kcl
axr,axr
q,gcl
iy,iy
ix,r
iy,ih
s,s
ow,ow
ao,ao
r,r
p,p
n,n
eh,eh
ae,ae
ay,ay
iy,iy
r,r
s,s
ow,l
ax,eh
dcl,bcl
axr,r
hh,k
ah,ah
ao,ao
iy,iy
v,v
dx,dx
s,s
aw,aw
n,m
ah,ah
l,l
ey,iy
ae,ae
sh,sh
aw,aa
p,b
dx,dx
aa,aa
ao,ao
kcl,kcl
ng,ng
ch,t
r,r
t,t
aa,ah
oy,oy
iy,iy
l,l
k,k
gcl,pcl
m,m
l,l
k,k
ah,ae
ah,ah
s,z
ah,ae
aa,aa
z,z
t,t
k,k
dh,dh
axr,ix
aa,aa
ix,ux
b,p
ae,ae
q,q
ux,ux
hh,hh
iy,iy
l,ow
f,f
er,er
ay,ay
iy,iy
n,n
ux,ux
r,r
aa,ao
k,k
ay,aa
ax,r
g,g
p,p
w,w
th,th
ae,ae
ih,ih
f,f
f,f
l,l
s,s
q,q
tcl,tcl
f,f
ah,ah
n,ng
bcl,pcl
ix,ih
iy,iy
m,m
ey,ix
kcl,kcl
s,s
t,t
r,r
tcl,dcl
kcl,pcl
r,r
ow,ow
s,z
l,l
ao,ao
kcl,tcl
ax,ax
axr,axr
eh,ah
w,w
g,g
gcl,dcl
m,m
r,r
tcl,kcl
t,t
ix,ix
iy,ix
tcl,kcl
kcl,dcl
l,w
gcl,bcl
s,t
el,el
k,k
s,t
axr,axr
kcl,kcl
axr,kcl
kcl,kcl
kcl,kcl
s,s
b,b
ay,ay
l,l
tcl,tcl
s,s
f,f
axr,axr
ih,ih
r,r
iy,iy
s,s
n,n
n,n
s,s
th,th
z,z
q,q
m,m
r,r
z,z
bcl,bcl
k,k
ix,ix
f,f
ix,ih
r,r
r,r
ey,ix
aa,aa
ix,ix
q,ix
f,f
ah,eh
bcl,bcl
r,r
ao,aa
n,n
d,t
m,m
iy,iy
z,z
dcl,gcl
ix,ih
nx,nx
pcl,tcl
l,l
ix,ix
p,p
n,n
th,s
axr,er
n,n
pcl,pcl
pcl,tcl
k,g
s,th
sh,sh
z,s
ix,ix
g,g
y,y
s,s
hv,hv
l,l
dcl,dcl
iy,iy
tcl,ax-h
l,l
iy,ih
l,l
ah,aa
th,th
s,s
ao,aa
t,t
ix,iy
ix,ix
f,f
t,t
dh,dh
er,axr
p,p
gcl,gcl
t,t
p,p
tcl,tcl
t,t
r,r
n,en
s,s
ch,ch
k,g
z,s
ax,ax
er,eh
el,l
ow,ow
aa,aa
ix,ix
q,q
y,y
iy,iy
ah,ah
axr,axr
iy,iy
n,n
bcl,bcl
ix,ix
ao,ao
m,m
ix,ix
kcl,pcl
s,s
aa,aa
tcl,kcl
sh,sh
ae,aa
l,ax
l,l
ix,ix
ow,ow
p,p
iy,iy
dcl,pcl
ch,ch
s,s
el,l
el,uw
ix,ix
l,ao
iy,iy
kcl,kcl
p,k
pcl,pcl
y,y
ix,ix
dx,dx
iy,iy
s,t
ax,ih
gcl,gcl
aa,aa
q,q
p,p
dcl,dcl
ih,ih
dcl,dcl
er,axr
ey,ey
tcl,tcl
l,l
iy,iy
q,q
ux,uw
bcl,pcl
ix,ix
jh,jh
ax,ax
sh,sh
ow,ow
q,q
k,kcl
iy,iy
ax,ax
iy,iy
eh,ah
sh,sh
axr,axr
r,r
f,f
n,n
aw,aw
n,n
axr,axr
t,s
bcl,bcl
kcl,kcl
tcl,tcl
z,s
eh,ih
aa,aa
l,n
iy,iy
hh,p
ow,el
z,s
ae,ae
sh,sh
y,y
p,p
l,l
r,r
l,ax
gcl,pcl
iy,iy
iy,iy
k,k
r,ux
kcl,pcl
ix,ix
ae,ae
n,m
eh,ae
dcl,gcl
dcl,dcl
aa,ao
eh,eh
axr,axr
v,v
axr,er
k,k
ow,ow
kcl,kcl
ih,ih
s,s
k,k
ah,ay
eh,eh
uh,ah
aa,aa
m,m
iy,iy
ix,ix
eh,eh
ax,ix
dh,f
n,n
s,s
l,l
ow,ah
axr,ix
tcl,tcl
sh,sh
eh,ih
gcl,gcl
iy,iy
uh,ih
dx,dx
r,r
axr,er
eh,eh
m,m
s,s
nx,n
iy,iy
kcl,kcl
axr,axr
ih,ih
z,z
m,m
f,f
el,ah
kcl,kcl
uw,ao
dx,dx
axr,axr
hv,hv
z,s
n,n
dh,v
dx,g
bcl,bcl
t,t
el,el
t,t
q,q
y,y
uw,uw
gcl,dcl
ay,ay
m,m
dcl,dcl
w,w
q,q
t,t
n,dcl
q,q
r,r
n,m
k,k
m,m
uw,uw
hv,hv
s,s
q,q
ao,ao
pcl,kcl
axr,axr
r,r
ux,ux
kcl,kcl
r,r
tcl,tcl
ax,ax
s,s
l,l
r,r
ow,ow
ao,ao
axr,r
axr,er
ix,ix
gcl,kcl
f,f
eh,ae
jh,jh
iy,iy
w,w
tcl,pcl
pcl,pcl
t,s
m,bcl
tcl,kcl
g,g
aa,aa
f,f
m,v
bcl,dcl
w,w
er,er
hh,hh
n,n
k,k
ih,ih
f,f
y,y
ih,ih
n,n
ix,ix
ao,ao
t,t
ao,ao
ih,ux
dx,dx
dcl,dcl
ao,ao
w,w
ix,ix
n,ng
l,l
g,g
k,k
sh,sh
n,n
f,f
n,n
sh,sh
ix,ix
p,p
ao,ao
s,s
w,w
ay,ay
r,ax
ax,axr
ih,ih
ng,ng
p,p
kcl,kcl
n,n
l,l
p,b
hv,hv
m,m
oy,oy
r,r
uh,ah
axr,r
iy,ix
s,s
ao,ao
s,s
k,k
axr,kcl
hh,k
tcl,iy
w,w
tcl,tcl
er,er
n,n
f,f
ao,aa
l,l
q,q
ae,ix
aa,aa
v,f
m,n
uh,ax
iy,iy
iy,iy
hh,hh
iy,ix
axr,er
ix,ix
l,l
eh,eh
m,m
tcl,kcl
tcl,tcl
z,s
k,k
l,l
ax,ax
l,l
z,z
iy,iy
ah,ah
ow,ow
ix,ix
kcl,kcl
ih,ix
s,s
kcl,bcl
kcl,kcl
ix,ix
r,r
w,w
uh,ax
pcl,pcl
p,p
ae,ae
ix,ix
ax,ax
er,axr
y,ix
ay,ay
eh,eh
l,l
eh,ax
pcl,pcl
ux,ux
er,er
ow,ow
z,z
p,p
n,ng
ow,ow
eh,eh
ux,ux
aw,aw
iy,iy
dcl,dcl
t,t
iy,iy
iy,iy
tcl,kcl
iy,iy
y,y
iy,iy
r,r
n,n
tcl,kcl
th,dh
axr,hv
ey,ey
k,k
eh,ih
ow,ow
kcl,kcl
hv,zh
ae,ae
k,g
ao,ao
ae,ae
n,n
l,l
k,k
iy,r
ix,ax
r,ix
ix,ix
ih,ih
ey,ey
ao,ao
dh,dh
r,r
kcl,kcl
m,m
axr,en
z,z
k,k
f,f
q,tcl
ae,ae
f,f
k,k
q,ax
kcl,kcl
dcl,tcl
dcl,dcl
v,bcl
sh,sh
ix,ix
q,q
tcl,tcl
n,n
gcl,gcl
ih,ix
w,m
ix,ix
k,k
ax,ax
ax,ux
aa,r
dcl,gcl
n,n
ax,ax
ah,ah
ux,ux
n,n
ax-h,hh
ix,ix
gcl,bcl
ao,aa
l,l
r,aa
ay,ay
dcl,dcl
t,t
k,k
tcl,tcl
n,ng
ae,ae
ih,ix
iy,iy
ey,ey
er,r
eh,ae
s,s
pcl,pcl
ix,ix
iy,iy
ah,ah
tcl,tcl
z,z
m,m
bcl,dcl
bcl,v
ah,aa
tcl,bcl
eh,ae
y,ux
k,k
bcl,bcl
ao,ao
k,k
r,r
dcl,dcl
sh,sh
ix,ax
iy,iy
kcl,k
z,z
s,s
ix,ax
aa,aa
k,k
k,g
ey,ey
t,t
s,tcl
axr,axr
r,r
ix,ih
axr,er
er,er
ch,ch
ey,ey
ey,ey
bcl,bcl
p,p
iy,ix
ey,ey
w,w
tcl,pcl
ix,ix
ax,ih
eh,ih
ix,ix
dh,dh
ey,ey
z,z
th,th
sh,sh
s,s
m,ax
ao,ao
l,w
s,z
er,er
s,s
ix,eh
ih,ih
ah,ah
ao,ao
n,n
en,en
s,s
ch,ch
tcl,kcl
v,bcl
s,s
z,z
s,s
z,z
n,n
l,ix
q,q
em,ix
l,l
z,z
ix,ix
t,t
er,er
s,s
eh,eh
el,el
aa,ao
f,f
ih,ix
ix,ih
ax,ax
r,r
ax,uw
s,s
s,s
axr,er
ae,ae
ix,ae
ey,ay
kcl,kcl
ih,ih
dcl,dcl
ae,ae
k,k
q,tcl
r,r
n,n
l,l
y,y
ae,ae
kcl,tcl
tcl,tcl
el,el
s,z
r,r
aw,aa
ix,ix
t,t
z,z
dh,dh
r,r
t,t
kcl,tcl
ux,axr
m,m
ae,ae
iy,iy
kcl,kcl
tcl,tcl
axr,ix
tcl,tcl
m,m
ih,ih
eh,eh
pcl,tcl
f,f
r,r
er,er
w,w
eh,ih
g,g
aa,aa
f,f
gcl,dcl
axr,axr
s,s
l,l
z,z
ae,ae
tcl,kcl
th,th
ah,ah
er,r
s,s
ah,ae
tcl,kcl
axr,axr
bcl,bcl
tcl,tcl
ux,ux
iy,iy
k,bcl
gcl,tcl
v,v
el,el
ix,ix
hh,p
iy,iy
aw,ae
ax,ax
pcl,pcl
r,r
t,t
dcl,dcl
iy,iy
r,r
axr,r
k,k
n,n
ao,ao
tcl,dcl
l,l
ng,ng
ax,ax
f,f
r,r
dh,dh
l,l
m,m
tcl,tcl
hh,hh
l,l
tcl,pcl
p,p
r,r
axr,axr
axr,er
dx,dx
ow,ow
bcl,bcl
tcl,kcl
s,s
ax,ax
ix,ix
ih,r
v,v
g,g
ao,ao
t,t
er,er
tcl,tcl
l,l
ax,ax
g,g
l,r
w,w
tcl,gcl
f,f
dh,l
uh,ah
y,n
ax,ih
g,g
l,l
ih,ix
s,s
ng,ng
t,t
w,w
n,n
dcl,dcl
dh,v
ae,ae
ah,ah
uh,ah
sh,sh
ix,ix
r,r
ih,ix
l,l
aa,aa
k,k
sh,ch
uh,ix
s,s
ay,ay
n,m
l,w
ae,ae
ax,ax-h
aa,ao
ae,ae
ix,ux
s,s
z,z
eh,ey
dcl,tcl
pcl,pcl
iy,iy
l,l
z,z
l,ax
axr,r
f,f
ix,ix
pcl,pcl
ux,ux
iy,iy
q,q
t,t
hv,p
eh,ah
k,k
ae,ae
k,g
ix,ix
r,axr
dx,dx
s,s
m,m
kcl,kcl
r,r
tcl,tcl
ch,ch
pcl,kcl
ix,ix
en,ix
s,s
n,n
dh,g
ix,ix
ix,ix
dcl,bcl
g,g
f,v
r,r
axr,r
ax,l
y,iy
axr,axr
ng,r
iy,iy
ao,ao
axr,ao
ah,ah
tcl,pcl
ch,ch
bcl,m
ix,r
ih,ih
z,z
dh,d
kcl,kcl
s,z
ix,ix
dh,g
ax,ax
kcl,kcl
tcl,tcl
ae,ae
y,y
ng,ng
sh,s
ih,ih
m,m
ix,ix
eh,ix
ah,ah
ey,ey
r,r
jh,jh
ay,ae
ay,ay
pcl,pcl
kcl,kcl
nx,n
n,m
m,n
aa,aa
en,n
ax,ax
ih,eh
ux,ux
z,z
ey,q
sh,sh
ih,ih
eh,ih
aa,aa
axr,r
l,l
tcl,pcl
ow,ow
ax,ix
bcl,tcl
dcl,dcl
ay,ay
t,t
eh,ih
r,r
er,ix
sh,sh
l,l
eh,eh
f,f
s,s
th,v
tcl,pcl
sh,sh
kcl,kcl
uh,ih
dh,t
ao,aa
ay,ay
ae,ae
aa,aa
ah,eh
tcl,kcl
ae,ae
s,s
r,r
sh,sh
axr,axr
gcl,gcl
z,z
ay,ah
oy,oy
tcl,tcl
tcl,tcl
k,k
n,n
eh,ih
ay,ay
kcl,kcl
n,bcl
en,n
ux,ux
t,s
n,ux
ao,r
iy,iy
z,s
hh,hh
ey,ix
dh,t
z,s
q,q
ae,ae
nx,nx
n,n
bcl,dcl
r,r
ix,ix
p,p
iy,iy
l,l
ih,ix
bcl,bcl
r,ax
gcl,dcl
q,q
iy,iy
ow,ow
axr,ax
z,s
ix,ix
n,n
l,l
dx,dcl
ae,ae
gcl,gcl
s,s
er,er
d,d
axr,er
v,v
m,m
q,ao
m,m
ay,ay
iy,iy
r,ax
n,ix
iy,iy
w,w
n,n
iy,iy
el,l
kcl,kcl
dh,dh
p,p
sh,sh
iy,iy
iy,iy
eh,ih
r,r
t,t
l,l
iy,iy
ix,ix
n,n
g,g
ix,r
ih,ih
l,l
n,n
eh,eh
aa,aa
q,r
sh,sh
ey,ih
axr,er
eh,eh
iy,iy
r,iy
ah,eh
l,l
eh,ix
t,t
zh,zh
ux,ux
v,hv
ay,aa
l,l
v,v
iy,iy
t,t
dcl,tcl
p,p
w,w
el,el
pcl,pcl
m,m
dcl,dcl
dh,g
l,ax
v,v
iy,iy
ix,ix
axr,axr
ux,ux
axr,axr
hv,hv
ax,ax
bcl,dcl
ae,ae
ih,ix
er,er
dx,dcl
th,f
z,z
r,r
d,ax-h
p,k
er,er
iy,iy
z,z
w,w
kcl,pcl
hv,hv
ao,ao
ey,ey
jh,jh
b,pcl
gcl,r
hv,ix
n,n
r,r
m,m
s,s
ih,ih
iy,iy
aw,aw
s,s
ao,ao
g,g
f,f
ih,v
ix,ih
m,m
hv,hv
ix,ax
s,s
iy,iy
s,s
axr,axr
ae,ae
pcl,pcl
f,f
ih,iy
sh,f
kcl,kcl
tcl,tcl
ow,ow
iy,iy
q,q
tcl,tcl
ah,ah
sh,sh
z,s
r,r
ay,aa
n,en
w,w
t,t
l,uw
eh,eh
n,n
kcl,kcl
t,t
axr,axr
dcl,dcl
m,n
r,r
t,t
l,l
dcl,tcl
n,n
nx,ng
en,en
r,axr
uw,ow
s,s
l,ax
v,v
ax,ax
n,n
ay,ay
ix,ih
n,n
t,t
r,r
r,r
ow,ow
s,s
l,l
gcl,dcl
q,q
ah,ah
ey,ey
k,k
nx,ax
ix,ix
ow,ow
ux,ux
dcl,dcl
ah,ah
axr,er
ae,ae
er,er
eh,ih
kcl,kcl
gcl,dcl
kcl,tcl
ah,ah
axr,er
r,r
ao,ao
hv,hv
ch,t
r,r
axr,r
pcl,pcl
tcl,tcl
s,s
m,m
dcl,dcl
ix,ix
r,r
r,r
ae,aw
z,z
hv,hh
hh,ix
tcl,pcl
f,f
n,n
m,n
ax,ax
y,y
kcl,kcl
s,s
axr,axr
s,s
iy,iy
r,r
r,r
r,r
w,w
p,p
s,s
axr,axr
ix,ix
ix,n
ah,ih
s,s
q,q
dh,t
n,ng
hh,hh
q,q
ix,ix
q,q
axr,axr
r,r
dcl,n
n,n
axr,er
gcl,kcl
n,n
sh,sh
t,t
ae,ae
s,s
ow,ow
w,w
ix,ix
q,q
l,l
ay,aa
ax,ax
ao,aa
nx,nx
kcl,kcl
el,ax
ae,ae
l,l
w,r
ay,ay
ih,ih
dcl,dcl
w,w
z,s
k,k
axr,r
g,k
r,r
ch,ch
ix,ix
k,k
w,ow
t,t
r,r
d,t
z,s
ix,ix
g,g
q,q
l,l
ih,ix
ao,aa
dcl,dcl
k,k
ey,ey
kcl,tcl
bcl,tcl
eh,ah
l,l
axr,r
ih,ey
aa,aa
dh,n
n,n
k,k
l,l
eh,eh
r,r
ae,ae
aa,aa
ey,iy
zh,hh
th,f
pcl,kcl
axr,axr
ow,ow
iy,iy
s,s
ae,ae
r,r
w,w
tcl,tcl
dx,dcl
ix,ix
f,f
dcl,dcl
pcl,pcl
w,w
r,r
iy,ih
l,l
dcl,dx
eh,eh
l,l
m,m
ay,aa
r,r
n,n
eh,eh
kcl,kcl
dh,dh
iy,iy
g,g
ux,ix
p,p
axr,ux
ay,ay
ng,ng
r,r
aa,ao
ih,ix
l,l
n,n
l,l
n,n
m,m
kcl,kcl
m,ng
n,n
t,t
eh,ae
dcl,tcl
m,bcl
kcl,kcl
tcl,tcl
kcl,pcl
s,s
gcl,dcl
dx,dx
dh,ix
ix,ax
er,er
m,m
ix,ax
jh,jh
dcl,tcl
axr,axr
ax,ah
ow,ow
ow,ow
n,ng
l,l
k,k
ix,ix
r,axr
ey,ey
s,s
dcl,dcl
ix,ix
ux,ux
dx,dx
dcl,bcl
ay,aa
l,ah
n,n
gcl,dcl
ix,ix
jh,s
ae,ae
n,n
r,r
ax-h,ax
er,er
eh,ih
er,axr
tcl,tcl
ay,ay
iy,iy
r,r
th,s
s,s
ao,ao
ng,n
ix,ix
ao,ao
ah,ax
iy,iy
z,z
uw,uw
oy,oy
iy,iy
ng,ng
ux,iy
w,w
iy,iy
nx,nx
iy,ix
s,z
sh,sh
r,r
z,z
hv,hv
uh,ih
w,bcl
dh,dh
ih,ih
f,f
w,w
uh,r
ux,ux
ay,aa
ah,ah
hh,p
s,s
f,f
l,l
l,l
el,l
ix,eh
ng,ng
q,q
ey,ey
ow,ow
er,er
s,s
ux,ih
ix,m
eh,ix
q,q
tcl,q
s,s
l,l
s,s
ay,ay
kcl,kcl
w,w
w,w
ih,eh
d,t
zh,jh
y,ix
ix,ax
axr,axr
dcl,dcl
f,f
dcl,dcl
kcl,kcl
f,v
w,w
ey,ey
ey,ey
iy,iy
l,l
tcl,dcl
w,q
iy,iy
r,r
ae,ae
n,n
ih,uh
k,k
ax,ax
v,v
ih,ih
r,r
kcl,kcl
s,s
aa,aa
l,l
n,n
d,d
axr,axr
aa,aa
n,m
l,l
axr,axr
s,s
g,k
z,s
ix,ix
ow,ao
t,t
ah,ah
ow,ow
w,w
jh,jh
ae,ae
ih,ih
eh,eh
ey,eh
er,r
ao,ao
ae,ae
er,er
tcl,tcl
kcl,kcl
z,z
ux,axr
dcl,tcl
ng,ng
m,m
q,q
s,s
tcl,kcl
t,t
ay,aa
tcl,tcl
pcl,pcl
kcl,tcl
pcl,pcl
l,l
ey,ay
w,w
er,er
hh,hh
kcl,kcl
k,k
tcl,pcl
ix,ax
s,s
ih,ih
ay,iy
r,r
s,z
sh,sh
ax,ax
tcl,pcl
bcl,kcl
ih,ih
ae,ae
f,f
s,s
m,n
er,er
iy,iy
n,n
ow,ow
l,r
f,f
iy,iy
w,bcl
hh,hh
r,r
ix,ix
m,n
en,n
axr,axr
axr,uh
ae,ae
kcl,tcl
t,t
ay,ay
ax,ix
z,z
ih,ix
ay,ay
s,s
uh,uh
dh,dh
r,q
l,l
tcl,tcl
ey,ey
ae,ae
l,l
ae,ae
ax,ax
m,r
k,k
iy,ix
ax,r
ux,ux
iy,iy
ih,ih
l,l
bcl,dcl
n,n
v,v
ih,ih
eh,eh
jh,jh
m,uw
r,ix
s,s
en,en
z,z
t,t
q,q
ix,ix
hh,hh
axr,r
ao,ao
p,p
axr,ix
t,t
v,r
ae,ae
iy,iy
q,q
w,q
ix,ax
t,q
ao,ao
f,f
ae,ae
ih,ih
gcl,gcl
q,r
dcl,dcl
eh,eh
tcl,dcl
ix,ix
l,l
ix,eh
l,l
er,er
ae,ae
n,n
ih,ix
q,kcl
ih,ih
bcl,dcl
kcl,kcl
ay,ay
ey,ix
r,r
ix,ix
y,y
bcl,bcl
ah,eh
tcl,tcl
ng,ng
kcl,kcl
ah,ax
el,l
aa,aa
z,z
dx,dx
sh,sh
hh,hh
ih,ix
iy,iy
tcl,tcl
em,n
ng,n
dcl,dcl
z,z
dcl,dcl
d,d
nx,ix
eh,eh
t,t
ix,ih
tcl,pcl
s,z
l,l
iy,iy
tcl,tcl
pcl,pcl
kcl,pcl
axr,er
l,l
iy,iy
aa,aa
iy,iy
ah,ah
m,n
ix,ix
ih,ih
f,f
ey,ey
ax,ix
nx,dx
z,z
pcl,pcl
axr,r
eh,eh
ae,ae
bcl,bcl
ow,ow
dh,m
ow,ah
m,m
ih,ux
dx,dx
hv,hv
n,n
kcl,tcl
ey,ey
m,ng
ao,ao
dh,dh
w,w
iy,iy
eh,eh
m,m
ix,ax
tcl,tcl
d,d
l,q
eh,eh
iy,iy
s,s
axr,er
n,n
sh,sh
bcl,dcl
el,el
t,t
f,v
dcl,dcl
iy,ix
w,w
aa,aa
z,s
dh,l
l,l
ix,ix
q,q
dcl,bcl
s,s
q,q
n,n
m,n
hh,hh
en,n
gcl,gcl
ah,ah
q,q
iy,iy
dx,dx
ae,ae
axr,axr
tcl,tcl
ao,ao
l,l
k,k
ao,ao
axr,axr
iy,r
k,g
z,z
v,v
zh,jh
f,f
w,w
bcl,dcl
aw,aw
k,k
tcl,tcl
gcl,kcl
aa,aa
l,l
aa,ao
s,s
gcl,n
z,s
s,z
r,r
ax,ax
ey,ey
w,w
f,f
ax-h,tcl
l,l
d,d
hh,hv
k,k
t,t
ae,ae
s,s
k,k
s,s
eh,ih
l,l
z,z
l,l
ih,ih
oy,ix
n,n
iy,iy
z,s
r,er
er,er
ix,ux
v,v
kcl,kcl
q,tcl
ix,ix
iy,iy
p,z
t,t
ow,ow
aa,aa
r,r
n,n
q,q
hv,hv
r,r
axr,axr
r,r
r,r
tcl,ix
ae,ae
y,ix
r,r
bcl,m
axr,kcl
ao,ao
iy,iy
ay,ay
ow,ow
l,r
q,q
ah,ax
m,m
n,n
k,k
r,r
dcl,dcl
l,l
d,t
s,s
aa,ah
aa,aa
r,r
s,s
ow,ow
tcl,tcl
r,r
axr,r
v,v
aa,aa
w,w
s,s
kcl,kcl
ng,ng
w,w
l,l
bcl,bcl
t,t
ih,ih
s,s
w,w
p,g
axr,axr
pcl,pcl
kcl,tcl
q,q
ix,ix
aw,aa
n,v
ay,ay
ay,ay
n,n
t,t
w,w
ey,ay
jh,jh
tcl,tcl
ix,ix
g,k
tcl,kcl
m,m
eh,ix
ey,ey
eh,eh
ih,ih
gcl,gcl
hv,hv
p,p
ih,ih
hh,hh
dcl,ix
z,s
dcl,dcl
p,k
s,s
el,el
th,th
oy,oy
v,v
ow,ow
tcl,tcl
tcl,pcl
n,dcl
v,v
ix,ix
ih,ih
k,k
p,p
ix,ix
r,r
dcl,dcl
dx,dx
ae,ae
ux,ux
ax,ax
ow,ow
dh,dcl
ix,ix
s,s
dh,f
aa,aa
ey,ey
gcl,gcl
ax,ax
aa,ao
iy,iy
ih,ih
ay,ay
z,s
s,s
tcl,pcl
n,n
r,r
y,dcl
t,t
hv,hv
z,z
w,w
s,s
axr,ix
dh,dh
iy,iy
k,k
zh,zh
l,l
n,n
w,w
p,p
r,r
t,t
ux,ux
axr,r
axr,er
ix,eh
n,n
f,f
s,s
l,l
ih,ix
n,n
s,s
w,w
hv,y
kcl,tcl
axr,axr
z,s
iy,iy
l,l
sh,sh
r,er
axr,axr
l,ax
nx,n
ae,ae
m,m
eh,ih
ix,ih
ix,ix
y,y
l,l
aa,aa
iy,iy
eh,eh
bcl,bcl
sh,s
n,n
r,r
dcl,tcl
eh,eh
l,l
n,ng
ax,ax
tcl,kcl
ux,iy
uh,ax
aa,aa
bcl,bcl
ax,ah
w,gcl
w,w
ao,ao
l,m
dh,dh
aw,aw
ao,ao
ih,ih
v,v
y,ix
f,f
ae,ae
s,s
gcl,dcl
er,er
q,eh
iy,iy
iy,iy
t,k
uw,axr
ow,ow
eh,eh
ix,ix
eh,eh
r,r
ih,ih
l,l
l,el
k,k
aw,aw
l,l
ax,ax
l,l
n,n
r,r
er,er
f,f
y,y
aw,aw
ih,ih
z,s
aa,r
hv,hv
l,l
m,m
el,el
d,d
dh,v
tcl,tcl
jh,t
uw,uw
er,er
tcl,tcl
ao,ao
t,t
ax-h,dcl
g,g
t,t
aa,ao
ng,ng
ey,iy
ae,ae
oy,oy
l,q
ao,r
r,r
ix,iy
n,n
jh,jh
aa,ao
ix,ix
ih,ih
n,n
ay,ay
l,w
dx,dx
n,n
ih,ix
q,n
y,y
r,r
s,s
ih,ih
s,s
kcl,kcl
ih,ih
eh,ih
dcl,dcl
pcl,tcl
iy,ix
n,bcl
l,ix
r,r
dx,dx
ux,r
gcl,dcl
kcl,tcl
ih,ix
ay,ay
eh,ih
r,r
t,t
dcl,dcl
q,q
axr,axr
bcl,gcl
sh,sh
ux,ux
z,z
ix,ih
n,n
r,r
ix,ix
r,m
iy,iy
n,n
l,l
r,r
pcl,pcl
ah,ah
ih,l
w,bcl
d,g
l,l
kcl,kcl
m,n
g,g
aa,aa
axr,ao
r,r
v,v
sh,s
gcl,pcl
aa,aa
s,s
m,m
dcl,dcl
z,z
w,w
iy,iy
axr,ix
pcl,pcl
jh,jh
nx,nx
ao,aa
l,el
z,z
kcl,tcl
oy,oy
dh,bcl
eh,ah
en,n
axr,ih
v,v
f,b
gcl,gcl
ay,ay
tcl,tcl
sh,sh
ux,ux
eh,eh
iy,iy
p,p
eh,eh
t,t
sh,sh
dcl,dcl
tcl,tcl
t,t
ix,ix
y,hv
r,r
pcl,bcl
ix,ix
tcl,kcl
m,en
ae,ae
bcl,m
m,m
p,dh
y,y
r,r
z,s
pcl,pcl
q,g
s,s
l,l
iy,iy
s,s
r,r
n,n
eh,ae
axr,axr
n,n
ax,ax
jh,jh
iy,iy
er,er
f,f
s,s
tcl,tcl
jh,jh
ao,ao
nx,nx
z,s
l,ao
en,n
sh,sh
iy,iy
n,n
pcl,pcl
axr,axr
ix,ix
ux,iy
t,t
p,b
ow,l
kcl,kcl
tcl,tcl
k,k
kcl,kcl
kcl,kcl
th,th
w,w
ow,ow
iy,ay
ax,l
n,n
aa,aa
ao,ao
s,s
aa,aa
m,m
eh,eh
ix,ax
t,t
p,v
k,k
s,s
ch,ch
r,r
ah,ah
ao,ao
ih,ax
eh,ey
tcl,tcl
aa,q
q,q
ay,ay
ay,ay
ix,ix
s,s
n,n
axr,n
nx,nx
r,r
q,q
ay,ix
tcl,kcl
s,s
g,k
ah,ah
tcl,t
bcl,pcl
t,t
n,dcl
dcl,gcl
er,axr
m,m
ux,ng
dcl,dcl
y,y
axr,r
eh,eh
m,m
d,d
y,y
r,r
iy,ey
sh,sh
kcl,kcl
iy,ih
f,f
ix,ix
ay,ay
ix,ix
dh,bcl
ey,ey
ae,ae
er,axr
n,n
t,t
uh,ux
pcl,gcl
k,k
sh,sh
w,w
f,f
ix,ix
t,t
bcl,pcl
q,q
er,r
m,n
l,l
jh,jh
m,m
w,w
n,nx
tcl,kcl
axr,r
axr,axr
ax,ax
axr,axr
k,k
iy,iy
ih,ih
d,t
eh,eh
ax-h,dcl
dh,dh
w,w
ae,ae
gcl,m
s,s
uw,ux
ao,ao
gcl,dcl
ih,ih
ey,ey
iy,iy
ix,ix
k,k
k,k
ae,ae
l,l
m,m
ix,ix
oy,oy
s,s
er,ao
uh,ah
ey,eh
ix,ix
ey,ey
ix,ix
ax,ax
ix,ix
ux,ux
kcl,kcl
r,r
z,z
ax,ax
y,y
m,m
ow,uw
t,t
k,k
n,n
ih,ix
eh,ih
ay,ay
th,f
iy,iy
w,w
uh,ax
dcl,gcl
w,w
ax,ax
t,tcl
ey,ey
q,q
t,t
tcl,dcl
t,t
ix,ix
ih,ih
kcl,dcl
ax,ax
iy,iy
eh,ae
n,n
ae,ae
eh,eh
eh,eh
s,s
hv,hv
dh,dh
k,k
en,ng
ah,ah
ah,ax
tcl,el
th,dh
ix,ix
s,s
aa,ao
r,n
y,y
t,d
dcl,tcl
ih,iy
tcl,dcl
sh,sh
dcl,tcl
l,l
ao,ao
bcl,bcl
en,en
r,r
n,n
ih,ih
k,k
er,r
l,l
tcl,tcl
ax,ax
q,ix
tcl,tcl
ah,ax
iy,iy
ih,ih
sh,sh
ae,ae
uh,axr
d,d
ih,ih
ao,aa
ih,ih
t,k
ay,ay
dx,dx
tcl,kcl
ix,ix
l,l
l,aa
s,s
s,s
ax,ax
eh,eh
dcl,gcl
tcl,tcl
l,l
tcl,f
l,l
s,t
s,s
ae,ae
ae,ey
sh,sh
r,r
m,iy
ng,ng
uh,ao
axr,r
hv,hv
iy,iy
tcl,kcl
l,l
eh,eh
ah,ah
ow,ow
pcl,pcl
ae,ae
s,s
q,ix
s,s
ch,ch
n,ng
r,r
er,er
ix,ix
tcl,kcl
ey,ey
ay,ay
n,n
gcl,gcl
v,bcl
n,n
ae,ae
n,n
t,t
n,ng
y,iy
ih,ix
w,w
aw,aw
ih,ix
t,t
dh,dh
s,s
f,f
ey,iy
q,q
ix,ix
ng,ng
r,r
z,z
w,w
iy,iy
iy,iy
t,t
r,r
ax-h,t
k,k
aa,aa
ax,ih
dh,dh
k,g
l,r
oy,oy
ih,iy
s,s
aa,aa
ih,ih
w,w
l,ax
n,n
kcl,tcl
ae,ae
l,bcl
pcl,kcl
kcl,kcl
t,t
ao,ao
eh,ih
kcl,kcl
oy,oy
s,s
pcl,pcl
ae,ae
tcl,tcl
n,m
n,n
gcl,v
axr,er
s,s
iy,ux
ey,ey
ae,ae
ix,ix
iy,r
iy,iy
dcl,dcl
ae,ae
z,s
aa,aa
ix,ix
ax,ix
hh,hh
d,t
eh,ah
iy,ih
s,s
g,g
axr,axr
ix,en
en,en
r,r
ow,ao
kcl,kcl
kcl,pcl
ih,ih
ux,ux
dcl,dcl
ix,iy
aw,aw
dh,dh
ix,d
z,s
tcl,tcl
ao,ao
r,r
jh,jh
m,m
pcl,pcl
ix,ix
ao,ao
r,r
dh,dh
w,w
z,s
tcl,tcl
n,n
z,z
eh,eh
en,ix
eh,eh
er,er
er,er
eh,eh
ay,ay
hv,hv
n,ng
r,ax
el,el
el,ax
axr,axr
kcl,kcl
v,v
n,n
axr,axr
ah,ao
m,m
ix,ix
s,s
ow,ow
z,z
kcl,kcl
l,l
dcl,pcl
s,s
axr,r
p,kcl
ix,ix
r,r
r,r
ix,ix
oy,ao
ey,iy
tcl,kcl
n,ng
ao,ao
v,v
q,q
t,t
uw,ux
ng,m
r,r
dcl,kcl
ih,ix
eh,eh
n,ng
f,f
n,n
n,n
oy,ao
f,f
n,n
l,l
tcl,kcl
w,w
r,r
sh,sh
ax,ax
ih,ih
ae,ae
pcl,pcl
kcl,kcl
oy,oy
r,r
ax,l
l,l
kcl,k
t,t
ae,ae
n,n
ae,ae
r,r
f,f
ah,ae
iy,iy
aa,aa
eh,ah
bcl,bcl
r,r
n,n
n,n
z,z
s,s
f,f
l,l
ax,ax
r,r
ae,ae
eh,ae
ae,ae
p,p
r,r
bcl,pcl
z,z
ah,ah
w,w
ih,ih
sh,ch
gcl,gcl
ow,ow
m,m
g,g
m,m
iy,iy
ng,ng
ng,ng
l,r
r,r
tcl,gcl
ih,ih
s,s
axr,r
s,s
ae,ae
ih,ih
n,n
aa,aa
s,s
ow,ow
n,ng
uh,uh
ih,ih
ae,ae
ch,t
dx,ix
m,m
ih,eh
s,sh
axr,ih
el,el
iy,iy
tcl,g
ae,ae
sh,sh
aa,aa
m,r
l,ax
ao,aa
w,w
sh,sh
l,l
ix,ix
ax,r
sh,sh
q,q
bcl,bcl
l,q
v,r
kcl,kcl
gcl,dcl
n,n
axr,r
ah,ih
r,r
t,t
w,w
iy,iy
ix,ih
t,t
eh,eh
axr,axr
iy,iy
tcl,tcl
t,t
kcl,gcl
n,n
ix,ix
r,r
d,t
dcl,dcl
nx,n
er,er
tcl,tcl
y,y
s,s
pcl,pcl
s,s
axr,er
l,l
th,th
ix,ix
dcl,pcl
f,f
ax,ax
dcl,bcl
gcl,bcl
ao,ao
s,s
eh,ix
ah,ah
ix,ix
n,n
l,l
tcl,tcl
bcl,bcl
r,r
s,s
ow,ow
d,g
v,v
gcl,dcl
axr,axr
q,tcl
kcl,gcl
ix,ix
ax,ax
ix,iy
dcl,dcl
kcl,kcl
hv,hv
s,s
q,el
q,q
ih,ix
z,z
ix,r
dcl,dcl
kcl,tcl
r,r
kcl,kcl
p,p
oy,oy
kcl,tcl
n,n
p,p
tcl,tcl
y,q
sh,sh
l,l
n,m
pcl,pcl
ax,ax
y,iy
sh,t
gcl,dcl
dcl,tcl
aa,ah
r,r
ix,ix
s,s
ao,aa
ix,ix
kcl,kcl
s,s
ao,ao
v,v
iy,iy
dx,dx
dh,g
l,ix
d,g
hh,p
tcl,tcl
uw,uw
k,k
l,l
iy,iy
r,r
r,r
ay,ay
d,t
ah,ix
q,q
ax,q
axr,ax
ao,ao
ah,aa
s,s
iy,iy
hv,hv
z,z
ae,ae
ih,ih
er,er
iy,iy
m,m
f,f
iy,iy
aa,aa
n,dcl
nx,ix
iy,iy
bcl,bcl
dcl,n
ch,jh
aa,ao
pcl,kcl
sh,sh
oy,oy
y,y
k,k
kcl,kcl
v,f
l,l
iy,iy
tcl,dcl
eh,eh
k,k
ux,ix
tcl,kcl
k,k
l,n
v,dcl
ix,ix
d,t
ae,ae
ng,n
ao,aa
eh,ah
aa,aa
w,ao
ay,ay
z,s
l,w
r,r
ey,ey
w,w
ao,ao
ih,ih
l,l
dcl,tcl
s,s
axr,axr
v,v
er,er
iy,iy
s,s
q,q
ae,ae
er,r
ao,ao
d,dh
eh,eh
iy,iy
iy,ih
er,r
dcl,dcl
n,n
pcl,pcl
ix,ih
kcl,kcl
m,m
t,d
l,l
ih,ih
w,w
ae,eh
axr,er
ix,ix
f,f
th,th
n,n
ix,r
uh,ix
m,m
pcl,tcl
kcl,kcl
ih,ih
ax,l
ih,iy
dcl,dcl
ix,ax
gcl,dcl
ch,t
jh,ch
ch,ch
k,k
k,k
ah,aa
sh,sh
s,s
kcl,kcl
dh,dh
k,k
v,v
v,ax
iy,iy
r,r
ax,ax
kcl,pcl
s,s
g,g
ah,ah
iy,iy
ng,n
oy,r
el,el
axr,axr
n,n
el,el
ax,ax
eh,eh
iy,iy
ay,ay
l,l
ix,ix
n,m
w,w
gcl,pcl
s,s
n,n
pcl,pcl
ng,n
v,r
n,nx
l,l
ah,aa
k,k
ae,ae
bcl,bcl
d,d
kcl,kcl
s,sh
aa,ao
k,k
ng,ng
s,s
kcl,tcl
iy,iy
ux,ux
aw,ae
r,r
ix,iy
dcl,dcl
eh,eh
w,w
en,en
eh,ae
eh,ix
axr,er
axr,er
eh,eh
s,s
tcl,dcl
z,z
ah,eh
dcl,dcl
ay,ay
t,t
t,t
z,z
z,z
tcl,pcl
q,q
pcl,tcl
aa,aa
w,l
k,k
tcl,tcl
aa,ao
y,y
ao,ao
jh,jh
kcl,kcl
sh,sh
ey,eh
nx,nx
gcl,k
sh,sh
b,b
k,k
er,er
ng,ix
ae,eh
n,n
r,r
dcl,pcl
ix,r
k,k
pcl,tcl
l,l
ih,ix
axr,axr
iy,iy
dx,dh
tcl,dcl
ix,ix
en,m
t,t
iy,iy
dcl,dcl
t,t
s,s
t,t
b,dh
l,ax
z,z
ax,ix
z,s
z,z
pcl,pcl
m,m
k,k
s,s
iy,iy
axr,axr
pcl,pcl
tcl,tcl
axr,q
hh,hv
ix,ix
kcl,kcl
l,l
ux,ux
n,ng
t,t
axr,axr
dcl,dcl
f,f
q,q
w,w
n,n
en,m
hh,hv
ng,uw
ih,ix
z,z
w,w
s,s
q,q
axr,axr
ax,ix
z,z
kcl,kcl
kcl,kcl
n,n
l,l
s,s
r,r
t,t
dh,dh
r,r
ih,ax
kcl,tcl
kcl,tcl
kcl,kcl
ix,ih
th,f
iy,iy
er,r
m,m
m,m
s,s
ah,ah
s,s
iy,iy
n,n
dcl,dcl
r,r
dx,gcl
ih,ih
l,nx
r,r
k,k
pcl,pcl
iy,iy
nx,nx
b,p
z,z
ay,ay
w,w
pcl,kcl
w,r
iy,iy
tcl,tcl
pcl,pcl
dh,dh
m,m
l,l
zh,zh
m,m
iy,iy
v,f
gcl,gcl
dx,dx
r,r
dcl,dcl
tcl,pcl
ix,ix
m,m
r,r
axr,axr
r,r
ax,ax
bcl,bcl
l,l
q,g
k,k
uw,ax
ax,aa
dcl,bcl
ax,ix
r,r
d,d
bcl,dcl
ih,ix
dx,b
ay,ey
m,m
ax,ax
tcl,pcl
n,n
ax-h,q
er,axr
p,p
w,w
n,n
l,l
v,m
ae,ae
w,w
iy,iy
ix,r
n,n
ax,ax
ey,ey
k,g
axr,axr
axr,axr
eh,eh
y,y
kcl,kcl
g,k
l,l
iy,iy
ch,s
axr,axr
dh,dh
axr,r
ao,aa
s,s
r,r
em,m
ih,ih
w,uh
ay,ay
ay,aa
ao,ao
dcl,bcl
dcl,dcl
ey,ey
aa,aa
ix,ix
ah,ah
er,axr
el,ow
ao,ao
pcl,pcl
ah,ah
kcl,kcl
l,l
l,l
axr,axr
n,n
ey,ay
ax,n
ey,ey
tcl,gcl
el,el
l,l
z,z
tcl,tcl
aa,aa
kcl,kcl
p,p
r,r
l,l
eh,eh
k,k
s,s
z,z
k,k
er,er
z,z
ae,ae
nx,m
ae,ae
aa,aa
n,ng
dx,dx
l,l
n,n
ih,ix
iy,iy
dcl,dcl
ae,ae
hv,hv
axr,axr
s,s
jh,ch
ux,ux
ae,ae
dcl,dcl
pcl,tcl
oy,oy
kcl,gcl
ow,ow
g,m
b,b
f,f
dcl,dcl
m,m
ix,ax
z,z
ih,ix
ae,ae
sh,sh
ih,ix
z,z
r,r
er,er
n,n
z,z
m,m
ay,ay
ih,ix
m,m
n,n
w,w
kcl,b
axr,axr
w,w
t,t
s,s
s,s
m,m
axr,axr
ao,ao
ay,ay
ae,ae
r,r
tcl,tcl
s,s
ih,ix
axr,ix
ow,ow
dh,q
s,s
v,v
z,s
eh,ih
s,s
tcl,tcl
ao,ao
r,r
eh,eh
dcl,dcl
ih,ih
eh,eh
l,l
ey,ey
sh,sh
dcl,tcl
eh,ih
n,n
hv,r
dcl,dcl
eh,ah
n,n
ay,aa
gcl,gcl
l,l
n,ng
ng,n
ay,ay
ao,ao
ix,ix
ix,ix
g,g
l,l
dcl,tcl
ey,ih
r,r
ih,ih
hv,hv
r,r
eh,eh
ae,ae
kcl,kcl
bcl,bcl
ah,ax
iy,iy
s,s
ng,n
ax,ix
n,n
t,t
l,l
tcl,pcl
en,n
ey,ey
ae,ae
d,ax-h
jh,jh
l,l
r,r
v,v
ao,ao
axr,axr
dcl,dcl
ax,ax
z,z
iy,iy
dcl,dcl
pcl,kcl
s,s
n,n
ch,ch
dcl,dcl
iy,iy
ah,ae
ah,ah
s,s
p,p
iy,iy
z,s
s,s
ah,ah
ay,ay
iy,iy
r,r
n,n
kcl,kcl
sh,sh
ix,ix
ao,aa
hh,v
f,f
m,v
ey,ey
iy,iy
n,ix
ah,ah
w,w
s,s
s,s
ix,ix
s,s
ih,ih
ix,ix
m,m
y,iy
ix,ix
k,g
gcl,dcl
q,q
dcl,dcl
iy,iy
ih,ix
t,t
eh,aa
kcl,kcl
aa,ay
s,z
w,n
z,z
uh,ao
y,iy
m,m
eh,ih
ay,ay
f,f
sh,sh
t,t
r,r
n,n
g,g
r,r
k,k
tcl,kcl
dcl,dcl
ae,ae
s,s
s,s
f,f
axr,axr
axr,r
r,r
z,z
ix,iy
pcl,pcl
m,n
w,w
sh,sh
n,n
t,t
er,er
m,m
v,v
dcl,dcl
t,t
ih,ih
hh,q
n,n
ao,ao
en,en
n,n
f,f
z,z
m,n
dcl,dcl
ix,ix
gcl,kcl
aa,aa
ao,ao
eh,ah
axr,axr
nx,nx
s,s
kcl,f
kcl,pcl
ao,ao
tcl,tcl
n,m
r,r
iy,iy
f,f
ih,ih
dh,ix
m,m
sh,sh
k,k
r,r
aa,aa
ch,t
hh,tcl
ey,ey
aa,aa
ng,ng
hh,hh
k,k
ix,ix
er,er
ix,ix
aw,aw
r,axr
ax,l
r,r
dcl,dcl
z,s
ix,ax
ng,m
iy,ix
y,y
ax-h,ax-h
aa,aa
ih,ih
ae,ae
w,w
uh,ix
n,n
ix,iy
iy,iy
z,z
s,s
dx,dx
axr,axr
dcl,dcl
g,g
d,k
kcl,kcl
r,r
kcl,kcl
l,ix
l,l
gcl,kcl
kcl,kcl
ay,ay
ay,ay
ix,ax
ix,ax
dcl,dcl
z,s
m,m
v,v
ih,ih
s,s
axr,er
pcl,dcl
s,s
m,n
w,w
p,dh
iy,iy
aa,ao
er,axr
p,p
ih,ih
ay,ay
r,r
k,k
kcl,kcl
ah,ah
tcl,dcl
l,l
n,n
th,th
ng,ng
ix,ix
ey,ey
m,b
ey,ey
z,z
p,p
ae,ae
ay,ay
r,r
iy,iy
uh,w
eh,eh
q,q
ae,ae
eh,eh
gcl,gcl
ix,g
ih,ih
dcl,dcl
r,r
eh,ae
pcl,bcl
aa,ao
pcl,bcl
dcl,dcl
tcl,tcl
k,k
k,k
tcl,tcl
iy,iy
s,s
y,y
n,n
z,z
ix,ix
eh,eh
bcl,gcl
el,el
l,l
n,n
k,k
ih,ix
ah,ah
iy,iy
kcl,gcl
kcl,tcl
kcl,kcl
l,ax
axr,ux
s,s
f,f
d,d
s,s
n,l
dx,dx
axr,axr
iy,iy
s,s
g,k
r,r
ix,ix
ey,ey
dh,dh
z,z
gcl,gcl
dx,dx
r,r
kcl,kcl
g,g
n,n
p,p
s,s
ix,ix
ae,ae
z,z
uw,uw
ih,ix
w,w
pcl,pcl
f,f
ao,ao
gcl,tcl
ae,ae
tcl,q
axr,axr
ao,ao
ax,ax
dcl,tcl
l,l
y,iy
g,g
gcl,kcl
ax,ax
f,f
dh,dh
ao,ao
aa,aa
iy,iy
iy,ih
iy,iy
ih,ih
n,n
ay,ay
axr,axr
aw,ow
tcl,pcl
ix,dh
dcl,bcl
k,k
er,er
iy,ix
q,q
ix,ix
kcl,kcl
ih,ix
eh,ih
pcl,tcl
d,t
dcl,bcl
pcl,pcl
ae,ae
er,axr
bcl,bcl
dh,tcl
t,t
hh,hh
ng,ng
ae,ae
kcl,tcl
dh,v
aa,aa
th,dh
tcl,kcl
pcl,pcl
w,w
z,z
l,l
q,q
ix,ix
ah,ah
jh,ch
er,axr
z,s
dcl,dcl
tcl,dcl
s,z
n,n
kcl,kcl
s,s
aa,aa
w,w
bcl,bcl
ch,jh
t,t
ah,aa
er,er
k,g
iy,iy
y,gcl
dx,dcl
dcl,kcl
kcl,kcl
g,g
s,s
p,p
dx,dx
ao,ao
ah,aa
ey,ix
n,n
ih,eh
er,er
iy,iy
ax,ax
ix,ix
ix,ix
l,l
ae,ae
s,s
ih,ix
r,r
dx,dx
tcl,tcl
ix,ix
tcl,tcl
y,y
jh,jh
sh,sh
p,p
sh,s
ix,ix
bcl,bcl
gcl,gcl
l,l
ax,ax
p,p
l,l
m,m
aa,aa
iy,ix
ch,ch
kcl,pcl
tcl,kcl
bcl,bcl
s,s
th,f
ih,iy
ax,ax
ix,ix
zh,zh
dcl,gcl
ae,ae
ah,ax
d,t
t,t
kcl,kcl
tcl,tcl
nx,nx
eh,ae
ah,ih
ix,l
s,s
dcl,dcl
iy,iy
w,ow
ih,ih
kcl,kcl
nx,nx
tcl,pcl
ax-h,ix
pcl,pcl
y,y
r,r
ih,ix
v,v
ao,ao
oy,oy
s,s
z,z
el,el
n,m
axr,axr
r,r
uw,uw
ih,ix
ao,ao
q,q
aw,aw
m,m
el,el
sh,sh
pcl,kcl
dh,dh
l,ao
r,r
bcl,bcl
er,er
iy,iy
r,r
l,l
t,t
w,w
t,t
n,n
ay,ae
l,l
ay,ay
g,k
ix,ix
iy,iy
hv,hv
ax-h,k
ah,ah
ix,ix
p,p
ix,ix
eh,eh
q,q
oy,oy
ay,ay
ih,ih
aw,l
dcl,tcl
oy,oy
w,w
el,el
t,t
ax,ax
kcl,kcl
axr,er
dcl,tcl
k,k
sh,sh
iy,iy
ng,ng
jh,t
p,p
t,t
eh,eh
l,l
jh,jh
ay,aa
tcl,kcl
ae,ae
ix,ih
dcl,bcl
ey,ey
sh,sh
ih,ih
dh,dh
s,s
r,r
k,k
iy,l
l,ax
iy,iy
ch,t
kcl,pcl
g,k
s,z
k,k
k,k
dcl,dcl
ax,ah
s,z
eh,eh
ao,ao
k,g
v,v
hv,hv
t,t
t,dh
l,l
s,s
ih,ih
ax-h,tcl
z,s
hh,hh
n,ng
ix,ix
p,hh
ax,ax
l,l
sh,ch
hh,hh
m,m
d,d
ax,q
r,r
kcl,kcl
dx,nx
f,f
r,r
s,z
gcl,kcl
m,n
tcl,tcl
t,t
ey,ih
ax,ax
t,t
aa,aa
t,t
tcl,dcl
ow,ow
t,t
r,r
g,g
eh,ah
ax,ix
l,ix
s,s
dcl,dcl
n,ng
ix,ix
ix,ix
iy,iy
ae,eh
l,l
ao,ao
pcl,pcl
n,n
sh,sh
ng,ng
dx,ix
d,t
axr,ao
n,n
n,n
ow,ow
ao,aa
ey,ae
w,w
aa,ao
ax,ax
ih,ih
ih,ih
s,s
ax,ax
eh,hv
w,w
iy,ix
dh,dh
ux,ux
ix,ux
v,v
ax,l
aa,aa
ix,ax
dx,dx
ix,ax
s,s
kcl,kcl
ah,ax
pcl,kcl
tcl,kcl
r,r
l,l
ih,ih
eh,ah
n,n
dh,v
k,k
m,m
l,ow
z,z
r,r
ey,iy
t,t
ix,ax
n,n
axr,axr
ay,ay
r,r
aa,ah
m,m
pcl,tcl
ao,ao
r,r
r,r
q,ax
t,t
kcl,kcl
jh,jh
ay,ay
m,m
n,n
r,r
ow,ow
k,k
k,k
l,uw
iy,iy
gcl,gcl
kcl,kcl
r,r
k,k
s,f
dcl,dcl
ah,ah
w,w
el,l
ae,ae
s,s
r,r
ih,ih
aa,aa
aw,aw
v,m
er,er
ax,r
t,t
dcl,dx
kcl,pcl
m,n
axr,axr
z,z
l,el
tcl,dcl
s,z
d,d
kcl,tcl
dcl,dh
m,m
en,en
kcl,kcl
ae,ae
ix,ix
ix,ix
ch,ch
l,l
ey,ey
eh,eh
ae,ae
sh,zh
k,k
k,k
aa,aa
n,ng
r,r
iy,iy
er,er
bcl,bcl
ae,ae
q,g
ih,iy
gcl,bcl
k,k
f,f
ay,ay
ae,ae
n,n
ae,eh
dh,dh
aa,aa
ow,ow
s,s
n,ix
w,w
z,s
tcl,tcl
dcl,gcl
th,s
n,n
t,t
s,s
ay,ay
ih,ix
gcl,kcl
hh,hv
tcl,tcl
zh,sh
r,r
pcl,tcl
ah,eh
ey,ah
eh,ah
ao,aa
l,l
m,m
aa,aa
dh,dh
n,n
ix,ax
en,n
ah,ah
ay,ay
s,s
el,el
f,f
aa,ao
dh,dh
dh,dh
r,r
ah,ow
k,k
s,s
pcl,gcl
l,l
el,el
ow,ow
kcl,kcl
l,gcl
m,m
ix,ix
uw,uw
ix,ix
t,jh
t,t
dcl,dcl
ix,ng
dcl,dcl
nx,nx
ao,ao
ah,ao
r,r
axr,r
m,m
f,f
axr,tcl
t,hh
bcl,bcl
tcl,kcl
ix,ih
r,r
ih,r
w,w
dcl,dcl
pcl,pcl
aa,aa
dcl,dcl
f,f
r,r
r,r
er,er
sh,sh
tcl,tcl
ih,ih
dcl,dcl
f,f
tcl,kcl
z,z
er,er
sh,sh
ey,ay
q,ix
n,ng
m,m
k,k
p,p
dcl,dcl
ae,ae
w,w
pcl,dcl
tcl,kcl
aa,aa
n,n
gcl,gcl
eh,ix
y,y
tcl,k
ih,ih
p,p
w,r
tcl,pcl
pcl,pcl
ay,ay
ih,ih
l,el
pcl,pcl
ix,ix
d,d
aa,aa
uw,uw
ng,n
q,q
eh,eh
s,s
s,s
v,v
q,hv
iy,iy
n,n
y,y
t,t
s,s
z,z
n,n
eh,eh
n,n
iy,iy
ax,bcl
ow,ao
ah,ah
pcl,p
ae,eh
n,n
n,n
l,l
m,n
d,g
v,dh
th,dh
n,n
w,l
gcl,kcl
iy,iy
m,n
nx,nx
p,p
s,s
aw,aw
ay,ah
er,er
er,er
s,s
k,k
q,q
iy,iy
s,s
kcl,kcl
n,n
dh,dh
pcl,pcl
ao,aa
t,t
axr,ix
ax,ax
ih,ih
gcl,r
s,s
y,y
tcl,kcl
f,f
dcl,dcl
kcl,kcl
q,g
dcl,bcl
z,z
th,t
r,r
dh,n
iy,iy
iy,iy
v,v
dcl,bcl
f,v
ah,ah
iy,ng
ay,ay
zh,zh
s,s
iy,iy
ih,ih
aw,ae
l,l
q,q
r,r
f,f
ix,ae
b,b
eh,ae
pcl,pcl
iy,iy
t,t
ax,ax
f,f
ah,ah
s,s
tcl,tcl
s,s
ix,ix
z,z
dcl,gcl
ih,ix
aa,aa
ih,eh
th,th
q,q
sh,sh
ih,ih
k,k
kcl,kcl
z,s
pcl,kcl
gcl,n
iy,ix
iy,iy
p,p
er,er
l,r
y,y
iy,iy
jh,jh
ih,ih
dcl,tcl
s,s
ao,ao
l,l
s,s
pcl,kcl
ih,ih
n,n
ah,eh
ix,ix
f,f
hh,hh
eh,eh
k,k
ix,ix
w,ax
g,g
f,f
ix,eh
iy,iy
tcl,tcl
z,s
ae,ae
g,g
s,s
tcl,kcl
g,k
n,n
l,l
ih,ih
z,s
r,r
axr,axr
gcl,gcl
ux,ux
hh,p
r,r
ae,ae
t,t
z,s
bcl,n
z,z
kcl,kcl
ay,ay
w,m
n,en
iy,iy
kcl,kcl
ey,ey
l,l
n,tcl
k,k
iy,iy
dx,dx
iy,iy
ih,ih
tcl,kcl
iy,iy
ow,ow
r,r
ey,ih
ix,iy
w,w
ao,ao
m,m
er,er
ax,r
ow,ow
er,er
axr,r
m,l
ix,ix
z,z
ix,ix
eh,eh
dcl,m
k,g
ih,ih
ix,ix
ax,ax
z,s
kcl,kcl
r,r
g,g
q,q
r,r
er,axr
r,r
ng,ng
ow,el
g,b
jh,jh
ae,ae
ax,ah
k,k
kcl,kcl
nx,dx
iy,ax-h
l,l
gcl,kcl
hh,hh
eh,eh
axr,aa
n,n
z,s
kcl,kcl
l,l
k,k
nx,dx
kcl,kcl
r,r
dh,dh
kcl,kcl
z,z
p,p
ey,ey
ow,ow
z,z
aa,aa
s,s
g,g
eh,eh
pcl,pcl
l,l
ao,ao
n,n
iy,iy
iy,iy
f,f
tcl,tcl
ah,ah
ix,ix
kcl,pcl
p,p
g,g
iy,iy
en,bcl
s,s
l,l
iy,iy
dh,f
l,r
f,f
s,s
ao,ao
ix,r
ix,ix
t,p
aa,aa
dcl,dcl
n,n
s,s
th,f
l,l
pcl,pcl
bcl,v
ux,ux
iy,iy
ih,ix
ey,ae
pcl,p
aa,aa
z,s
dx,dcl
ao,ao
n,n
z,s
bcl,bcl
ae,aa
m,m
l,l
th,th
s,s
iy,ix
w,w
iy,iy
ao,ao
m,m
n,n
ae,ae
ix,ix
dh,nx
kcl,kcl
l,l
w,w
axr,axr
aa,aa
dh,n
r,r
jh,jh
aa,aa
pcl,pcl
w,w
pcl,tcl
er,er
ax,ah
ih,ey
ae,ae
kcl,kcl
ah,ah
ae,ae
ix,ih
k,k
iy,iy
er,er
v,v
ng,n
tcl,tcl
hh,hv
el,el
ah,aa
n,n
pcl,pcl
dcl,tcl
ay,ay
ix,ix
f,f
r,r
kcl,kcl
iy,iy
ey,ey
ih,ih
ow,ow
q,n
ey,iy
k,k
ix,ix
l,l
r,r
n,n
l,l
ae,ae
oy,oy
eh,eh
iy,ux
t,t
ae,ae
k,g
l,w
w,w
m,m
ay,ay
ux,ux
ng,ng
kcl,kcl
m,m
t,t
q,q
t,t
kcl,kcl
ih,ih
iy,iy
ax,ax
ao,ao
tcl,dcl
dcl,pcl
ih,ix
gcl,dcl
n,n
dcl,dcl
jh,jh
y,y
k,k
ih,ih
kcl,kcl
iy,iy
ow,ow
oy,oy
z,z
s,s
ax,ax
m,m
ux,ix
f,f
ah,ah
z,z
iy,iy
eh,ih
w,r
aa,aa
k,k
dx,dcl
z,z
w,w
sh,sh
w,w
iy,iy
eh,ah
tcl,tcl
gcl,gcl
aa,ao
ix,ix
iy,ih
s,s
iy,iy
ix,iy
d,d
dh,dh
ih,ih
b,b
ix,ix
dh,dh
ng,gcl
l,l
t,t
ae,ih
l,n
t,t
ih,ih
p,p
aa,aa
ix,ix
n,dcl
s,s
aa,aa
ih,ix
kcl,kcl
axr,axr
iy,iy
m,ng
dh,dh
ix,ix
ng,n
ux,ux
n,ng
ih,ix
ih,ih
v,v
l,l
tcl,bcl
y,y
ux,ux
k,k
tcl,tcl
axr,r
k,k
ey,iy
tcl,tcl
s,s
eh,eh
r,r
z,z
f,f
r,r
ih,ux
w,w
kcl,kcl
l,l
s,s
ey,ey
ux,ux
aw,aw
t,t
kcl,kcl
axr,ix
ao,aa
ax,ax
n,ng
ow,uw
ix,ax
aw,aw
iy,iy
t,t
dx,dx
p,p
ae,ae
dcl,dcl
ao,ao
s,s
iy,r
r,r
m,ix
w,w
f,f
pcl,pcl
r,r
tcl,kcl
l,l
r,r
ix,dx
iy,iy
ax,r
z,z
bcl,bcl
d,t
ey,ey
hv,hv
w,l
m,m
kcl,k
ah,ah
r,r
er,er
ux,ux
v,v
ae,ae
g,g
n,n
iy,iy
f,hh
ix,eh
dh,pcl
s,s
pcl,pcl
eh,r
t,t
eh,ih
g,g
iy,iy
ax,ax
ih,ih
eh,ih
ey,ae
bcl,bcl
eh,ae
ix,ng
ax,el
tcl,tcl
eh,eh
tcl,tcl
axr,er
w,r
z,s
ix,ix
axr,r
iy,iy
uh,ix
axr,axr
jh,z
dcl,dcl
m,n
n,n
tcl,tcl
dcl,dcl
r,r
uh,ix
dcl,dcl
t,t
q,q
ae,ae
kcl,v
ey,ey
q,ix
aa,aa
kcl,kcl
iy,iy
ix,ix
iy,iy
kcl,pcl
em,em
dcl,dcl
p,p
kcl,kcl
ao,ao
kcl,kcl
r,r
ux,ux
pcl,tcl
d,d
r,r
s,s
z,z
ax,ih
m,m
dx,dx
iy,iy
n,m
ay,ay
z,z
r,r
n,n
iy,ix
iy,iy
m,m
ih,ih
l,l
r,r
axr,er
ax-h,nx
ix,ix
s,s
r,r
p,p
pcl,pcl
aa,aa
tcl,tcl
t,t
eh,eh
n,n
r,r
r,r
y,y
r,r
w,w
kcl,pcl
z,z
q,q
s,s
iy,ux
ih,ih
ix,ix
ix,ah
gcl,ng
iy,iy
er,er
ae,ae
dcl,dcl
n,ng
pcl,pcl
z,z
z,z
q,q
ao,ao
kcl,kcl
sh,sh
en,en
z,z
r,r
m,m
l,l
ow,ow
m,m
r,r
ix,ix
dcl,dcl
ao,ao
iy,iy
t,t
ax,el
n,n
iy,iy
hh,hv
r,r
ax,ax
q,ax
ax,ah
ow,ow
p,p
n,n
t,ax-h
ao,ao
s,s
s,s
dh,dh
kcl,tcl
dcl,dcl
aa,ao
p,p
tcl,tcl
ih,ax
s,s
t,t
v,v
q,q
w,w
iy,iy
f,f
ow,ow
l,l
ey,ey
aa,aa
er,er
ih,ih
ix,ix
z,s
dh,th
ih,ih
oy,oy
axr,r
r,r
v,n
n,n
r,r
ax,ax
l,l
kcl,tcl
kcl,kcl
kcl,kcl
f,f
kcl,kcl
tcl,tcl
ix,ix
w,ng
pcl,pcl
n,n
iy,iy
ih,ih
ax,ih
aw,aw
ih,ih
s,s
aw,aa
t,t
l,ax
tcl,tcl
s,s
axr,axr
aa,ao
dh,dh
k,g
s,s
bcl,kcl
aa,aa
kcl,pcl
tcl,dcl
eh,eh
s,s
s,s
ix,ix
ux,ux
gcl,gcl
iy,iy
k,k
ae,ae
ix,ax
ih,ih
hh,hh
ax,uw
s,s
axr,ix
pcl,tcl
k,k
ow,ao
r,r
ix,ix
v,v
ae,ae
kcl,tcl
ih,iy
er,r
v,dcl
uw,ux
iy,iy
k,k
aa,ao
r,r
ch,ch
ax,ax
ix,ix
kcl,kcl
m,m
n,n
n,n
n,gcl
el,el
y,hv
ow,ow
ih,ih
v,dcl
ao,ao
r,r
w,bcl
ae,ae
dcl,dcl
s,z
ao,ao
s,s
n,n
g,kcl
uh,ax
aw,ae
r,r
ih,ih
ae,ae
l,l
tcl,dcl
axr,axr
jh,jh
aw,ao
bcl,bcl
ix,ix
ow,el
t,t
s,s
l,l
r,r
l,l
iy,iy
ix,ih
ix,ix
p,p
ix,ix
iy,iy
kcl,kcl
th,th
n,n
r,r
kcl,kcl
kcl,kcl
t,t
ao,ao
s,s
ix,ix
s,s
s,s
gcl,pcl
el,ow
s,s
ux,ux
ax,ax
r,r
ao,ao
eh,eh
v,v
jh,jh
z,z
ow,ow
aa,aa
ao,ao
v,v
tcl,tcl
tcl,tcl
ao,ao
pcl,pcl
ow,ow
z,z
dh,dh
iy,y
kcl,kcl
dh,dh
k,g
axr,er
kcl,kcl
f,f
s,s
axr,r
m,m
n,n
ae,ae
el,el
m,n
sh,sh
dcl,n
s,s
z,z
kcl,kcl
gcl,gcl
ax,ax
kcl,kcl
gcl,r
r,r
tcl,tcl
r,ax
y,iy
ae,ae
l,l
ih,ax
oy,oy
w,ng
kcl,kcl
k,k
en,n
m,m
aa,aa
ix,ah
l,l
em,m
f,f
iy,iy
hv,hv
iy,iy
s,s
dx,dx
kcl,kcl
kcl,pcl
kcl,kcl
pcl,pcl
kcl,kcl
th,k
gcl,gcl
iy,iy
ix,ix
t,t
w,w
ae,ae
w,q
iy,ey
dh,v
p,hh
el,el
f,f
el,q
ao,aa
t,t
sh,sh
jh,ch
ay,ah
t,t
ch,jh
n,n
k,k
g,g
kcl,dcl
axr,er
iy,iy
dx,dx
z,z
eh,eh
t,t
hh,hh
ao,aa
hh,hh
ng,n
eh,eh
ih,ih
eh,ae
ao,ao
uh,ah
aa,aa
dh,ax
er,er
ih,ih
kcl,kcl
ng,m
l,r
tcl,tcl
ey,ey
iy,iy
ix,ix
er,eh
ao,ao
kcl,kcl
ix,ux
axr,er
t,t
w,en
eh,eh
tcl,pcl
ae,ae
n,n
l,l
aw,aw
m,bcl
ax,ax
s,s
z,z
n,nx
kcl,kcl
p,p
axr,r
gcl,gcl
ay,ay
iy,iy
er,er
ix,ix
dx,dx
l,l
w,w
iy,iy
bcl,bcl
ax,ax
m,m
aa,aa
ih,ih
ae,ae
n,n
s,s
g,g
tcl,tcl
ix,ix
q,q
eh,eh
q,q
y,y
p,p
z,z
th,dh
er,er
ng,ng
dx,dx
dh,m
uw,uw
ix,ix
p,p
v,bcl
tcl,tcl
ax,ax
ax,ax
ah,ah
dx,q
t,t
iy,iy
dcl,gcl
l,dh
l,l
th,th
r,r
r,r
ey,ey
aa,aa
ix,ix
k,k
q,q
bcl,bcl
eh,ih
m,m
ih,ih
gcl,ng
sh,sh
n,ix
v,dh
z,z
k,k
uh,ax
th,th
tcl,tcl
tcl,tcl
ix,ih
kcl,kcl
ey,iy
pcl,dcl
k,k
bcl,kcl
axr,ax
ey,eh
z,z
ih,ih
pcl,pcl
axr,ow
axr,axr
ax,ax
l,l
m,m
l,l
ng,ng
r,r
dcl,dcl
tcl,tcl
ix,ix
tcl,pcl
l,l
m,m
tcl,tcl
n,n
z,z
tcl,tcl
iy,iy
eh,eh
jh,jh
dh,dh
nx,nx
kcl,pcl
kcl,kcl
ix,y
axr,axr
tcl,tcl
g,k
dcl,dcl
s,s
axr,r
ay,ay
dcl,dcl
axr,ax
r,r
v,v
r,r
ey,ey
ao,ao
ih,ih
r,r
er,er
t,g
p,k
l,l
ax,ax
eh,eh
ae,ae
sh,s
uw,uw
ix,ix
p,p
dx,dx
f,th
w,w
ao,ao
ah,ax
eh,eh
aa,aa
r,r
uh,ax
ae,ae
s,s
ih,ix
axr,er
el,aa
l,ix
q,q
q,hh
dx,n
bcl,bcl
p,p
sh,sh
r,r
ey,ih
ix,ix
ax,ax
iy,iy
uw,uw
ey,ae
n,ng
er,axr
dcl,tcl
hv,hv
w,w
eh,ae
n,n
ch,ch
l,l
gcl,dcl
m,m
n,n
ey,ix
axr,ux
kcl,kcl
s,s
w,l
l,l
kcl,kcl
y,y
dcl,dcl
t,t
th,th
z,z
kcl,kcl
g,g
ix,ix
s,s
ax,ah
q,q
tcl,kcl
r,er
ux,iy
axr,axr
k,k
s,s
l,l
l,l
pcl,kcl
v,v
ax,ax
iy,iy
l,l
r,r
el,el
m,m
p,p
aw,aw
b,m
eh,eh
s,s
s,s
dcl,dcl
v,v
m,m
n,n
r,r
bcl,pcl
s,s
z,z
ih,ix
ix,r
dx,dx
f,f
g,g
l,l
r,r
s,s
n,n
r,r
w,w
tcl,tcl
k,k
iy,iy
dx,dx
dcl,dcl
aa,aa
sh,sh
ao,ao
n,n
iy,iy
axr,axr
n,n
k,k
s,s
er,er
tcl,kcl
ae,ae
n,m
q,q
f,f
r,r
kcl,pcl
k,k
s,th
kcl,kcl
dh,dh
ow,ow
l,l
ix,ih
v,tcl
dh,dh
ao,ao
v,r
ix,ix
k,k
s,s
ih,ix
iy,ix
axr,r
ao,aa
ey,ey
dcl,gcl
axr,er
ae,ae
ix,ix
kcl,kcl
tcl,tcl
f,f
ih,ih
axr,axr
ay,ay
ng,n
tcl,pcl
ih,ix
el,el
ih,ae
th,f
r,r
dx,dx
ow,ow
ix,iy
k,k
tcl,tcl
iy,iy
aa,ah
z,z
ix,ix
l,l
aa,aa
m,n
bcl,bcl
tcl,tcl
m,m
ae,aw
z,z
s,s
er,er
ih,ih
ix,ix
jh,jh
q,q
k,k
er,axr
hv,hv
m,m
ao,ao
jh,jh
ao,ao
w,w
f,f
axr,axr
tcl,n
y,y
q,tcl
ao,ao
ax,ix
hv,hv
uw,w
iy,iy
bcl,gcl
ow,ow
eh,ix
sh,sh
iy,iy
r,r
y,y
bcl,pcl
w,w
tcl,kcl
iy,iy
v,v
hv,hv
r,r
d,t
dcl,dcl
eh,iy
ng,ng
w,ao
tcl,tcl
ah,ax
dcl,tcl
ch,t
eh,ae
dx,dcl
uw,uw
uw,ux
r,r
ix,ix
ow,ow
ng,ng
kcl,gcl
pcl,tcl
q,q
r,r
nx,n
ix,iy
ix,ix
m,n
ae,ae
ax-h,ax
gcl,gcl
tcl,tcl
bcl,bcl
iy,iy
r,r
ax,m
kcl,kcl
k,k
tcl,dcl
ax,ax
aa,aa
axr,r
bcl,bcl
ae,ae
dx,nx
tcl,pcl
ix,ix
ao,ao
tcl,kcl
kcl,kcl
ix,ix
ax,ax
iy,iy
er,er
z,z
axr,axr
ax,ax
r,axr
m,n
l,l
sh,sh
er,eh
tcl,dcl
l,l
ae,ae
q,q
ux,ux
q,q
ih,ih
iy,iy
tcl,dcl
n,ng
z,z
n,ng
axr,er
bcl,bcl
m,m
ix,ix
z,z
iy,iy
kcl,kcl
n,n
s,s
k,k
ix,ix
w,r
ng,m
er,er
k,k
k,k
t,t
dh,dh
q,q
axr,axr
eh,ae
y,hv
dh,dh
ey,iy
ow,ow
m,m
y,y
axr,axr
ih,ax
z,s
aw,l
k,k
ae,ae
iy,iy
t,t
ey,iy
w,w
l,l
kcl,kcl
ay,ay
ih,ih
k,k
kcl,kcl
sh,sh
ih,ih
eh,eh
l,l
w,w
s,s
dcl,dcl
eh,eh
eh,ah
ax,ax
k,k
s,s
kcl,pcl
iy,iy
ao,ao
q,ax
eh,r
s,s
n,ng
tcl,tcl
sh,sh
dx,dx
ch,ch
ah,ah
q,q
uw,el
ix,ix
ih,ih
tcl,q
n,n
ae,ae
q,q
n,n
l,l
r,r
g,k
ix,ix
n,n
ax,ax
bcl,bcl
zh,sh
bcl,bcl
ix,ix
kcl,kcl
ih,ih
l,l
ao,ao
ae,ae
s,s
hv,hv
kcl,kcl
uh,ax
t,t
aa,aa
ix,axr
bcl,bcl
ix,ix
ax,r
iy,iy
n,n
k,k
q,y
k,k
n,n
axr,axr
l,ah
t,k
dcl,tcl
k,k
tcl,dcl
tcl,pcl
dcl,dcl
iy,iy
n,n
bcl,bcl
n,n
eh,ah
dcl,pcl
m,dcl
gcl,gcl
ix,ix
r,r
y,y
k,k
ih,ih
l,w
q,ax
iy,iy
z,z
dcl,tcl
kcl,kcl
axr,axr
ch,t
kcl,pcl
s,s
sh,f
t,t
ix,ix
s,s
n,n
tcl,dcl
axr,axr
kcl,kcl
dh,th
eh,eh
s,s
w,r
bcl,tcl
ey,ey
r,r
y,y
ix,iy
kcl,pcl
r,r
ih,ix
l,l
q,q
g,g
pcl,pcl
hh,hv
b,d
w,w
g,k
sh,sh
tcl,tcl
dh,v
ih,ix
k,k
th,th
dcl,dx
z,z
s,s
gcl,gcl
m,m
z,z
r,r
y,y
dcl,tcl
ah,ah
g,g
ih,ih
tcl,kcl
s,sh
ax,ax
bcl,bcl
l,l
n,v
ax,ax
er,axr
s,s
ow,ih
z,s
iy,iy
hv,hv
er,er
ey,ey
r,axr
s,z
axr,axr
ah,ao
ix,ix
s,s
k,k
jh,t
m,ng
er,er
dx,dx
ax,ax
ax,ax
kcl,tcl
aa,ah
n,n
p,b
k,k
ix,ih
ih,ix
ae,ah
t,t
uh,ah
tcl,tcl
n,n
aa,aa
kcl,kcl
m,m
th,f
ih,ix
ax,l
ax,ax
iy,iy
p,p
ey,ey
z,z
en,n
m,n
ix,ih
q,q
ix,ix
bcl,bcl
tcl,pcl
iy,iy
q,q
m,v
ao,ao
d,t
dcl,tcl
s,s
el,el
z,z
g,ix
gcl,gcl
l,l
t,t
dcl,dcl
ih,ix
iy,iy
ix,ix
iy,ih
l,el
ay,ah
iy,ih
l,l
s,s
p,p
r,r
n,n
dcl,dcl
bcl,bcl
ix,ix
w,w
f,f
ao,ao
axr,er
dcl,dcl
dcl,pcl
g,g
l,l
pcl,pcl
sh,sh
ax,ax
kcl,kcl
g,k
ix,ix
ay,ay
q,q
n,r
oy,oy
g,g
r,r
hv,hv
kcl,kcl
l,l
ih,ix
f,f
r,axr
uh,uh
v,v
ay,ay
r,r
n,ix
dcl,dcl
l,dh
ah,ah
l,l
ao,ao
n,n
ey,ey
aa,aa
z,z
pcl,pcl
iy,iy
p,p
tcl,dcl
p,p
s,s
s,s
eh,eh
eh,aa
z,z
gcl,gcl
ey,iy
kcl,kcl
ix,ix
n,n
axr,er
kcl,kcl
hh,hv
gcl,gcl
n,n
t,t
axr,axr
ao,ao
s,s
m,m
l,v
dcl,dcl
r,r
v,v
d,t
tcl,tcl
kcl,kcl
kcl,kcl
ah,ah
ux,ux
el,l
f,f
dcl,dcl
r,r
axr,r
sh,sh
aw,aw
aa,ah
ih,ix
iy,iy
z,z
axr,axr
ao,ao
r,r
t,t
gcl,kcl
p,p
hv,v
f,f
t,t
l,l
ax,ax
l,l
l,l
f,f
ax,ah
v,v
l,l
s,s
tcl,tcl
aa,ao
l,l
z,s
s,s
eh,eh
t,t
s,z
ax,ix
bcl,gcl
p,p
k,k
v,f
w,w
axr,axr
axr,r
n,n
r,r
iy,iy
ax,ax
ix,eh
er,axr
n,n
kcl,tcl
kcl,kcl
z,z
tcl,tcl
tcl,pcl
f,f
eh,eh
er,ao
ay,ay
p,tcl
uh,ih
l,el
aa,aa
ae,ae
m,n
axr,r
ih,ih
ax,ax
iy,iy
l,el
dh,hh
ih,ih
kcl,kcl
w,w
bcl,bcl
uw,uw
ao,ao
ey,ey
ng,ng
ih,iy
w,w
s,s
z,z
kcl,kcl
s,s
l,l
iy,ix
dx,b
ng,ng
iy,iy
iy,ix
ah,ow
ah,ah
aa,aa
d,t
ih,ix
gcl,dcl
r,r
ow,ow
l,l
iy,iy
ey,ey
eh,eh
ow,ao
tcl,bcl
aa,aa
ax,ix
ux,iy
dx,dx
ey,ae
er,axr
n,n
ae,ae
k,k
ay,ay
gcl,pcl
tcl,tcl
tcl,kcl
ax,axr
z,z
axr,kcl
oy,ow
ng,ng
tcl,tcl
s,s
r,r
f,f
ae,ih
v,v
l,l
dcl,dcl
hv,hv
f,p
sh,s
er,axr
f,f
z,z
ix,ix
eh,ah
dh,dh
ae,aa
r,r
t,t
ax,ax
ix,ax
m,m
ih,ix
m,n
y,iy
k,k
z,z
n,n
gcl,dcl
ax,ix
axr,axr
w,w
ix,ix
w,w
z,s
axr,r
ah,ao
iy,iy
aw,aa
ix,ix
kcl,pcl
aa,aa
ao,l
ih,ih
ix,ix
g,g
q,q
l,r
pcl,pcl
kcl,dcl
ow,ow
el,el
ih,ih
n,n
iy,iy
m,m
t,t
dh,t
ih,ix
tcl,kcl
s,s
ey,ey
l,l
m,m
iy,iy
dcl,m
iy,iy
jh,jh
n,n
s,z
v,m
aa,aa
uw,ax
w,w
n,n
ih,ih
kcl,tcl
ae,ae
ix,ix
ax,l
sh,sh
bcl,pcl
er,er
tcl,dcl
hh,p
s,s
kcl,kcl
iy,iy
el,el
uh,el
uw,uw
w,w
ix,ax
tcl,tcl
bcl,bcl
s,s
tcl,kcl
ow,aa
dcl,q
g,w
n,ng
bcl,dcl
w,w
iy,iy
g,k
ux,ux
dx,dh
tcl,tcl
m,m
n,n
k,k
ao,ao
pcl,kcl
er,ux
z,z
iy,iy
t,t
ae,ae
er,er
gcl,kcl
ah,ah
ix,ix
aa,ao
er,ih
v,v
er,er
kcl,kcl
ow,ow
kcl,kcl
aa,aa
n,n
sh,sh
m,bcl
v,dcl
q,q
n,n
eh,eh
m,en
tcl,tcl
ax,ax
aa,ao
ay,ay
gcl,gcl
ng,n
dh,dh
v,v
pcl,pcl
ae,ae
l,l
er,r
m,m
ay,ay
iy,iy
bcl,bcl
l,l
ax,ax
eh,eh
pcl,tcl
axr,er
tcl,tcl
w,w
ch,ch
t,t
kcl,kcl
eh,eh
axr,axr
aa,aa
r,r
iy,iy
aa,aa
ay,ae
ix,ix
kcl,kcl
ey,iy
iy,iy
dcl,dcl
ax,ix
y,y
ae,ae
ay,aa
ux,ux
f,f
r,r
s,s
n,n
ay,ay
iy,iy
s,s
z,z
iy,iy
m,m
ao,ao
s,s
hv,hv
f,f
ow,ow
iy,iy
sh,sh
ao,ao
sh,sh
p,p
m,m
tcl,tcl
ix,ih
ux,ux
ey,iy
l,l
ao,ao
aa,ao
ix,ih
z,z
r,r
uh,ih
ah,aa
iy,ix
ih,ix
d,t
eh,eh
ix,ix
dx,dh
ey,iy
s,s
ix,ix
ax,ix
hh,hv
er,er
ey,ey
ix,ix
n,n
aa,ao
ux,ux
r,r
ix,n
k,k
ey,ix
l,l
dcl,dcl
s,s
kcl,kcl
kcl,k
ix,ix
ih,iy
r,axr
ae,eh
sh,jh
ay,ay
iy,iy
ae,ae
er,er
w,w
ih,ih
jh,jh
er,er
kcl,kcl
b,r
tcl,dcl
ux,ux
w,w
sh,sh
sh,sh
bcl,bcl
ax,ix
ix,ix
axr,ix
ax,ah
iy,iy
ih,ih
ix,ix
z,s
tcl,kcl
ae,ae
kcl,kcl
dcl,pcl
ey,ey
kcl,kcl
w,w
ih,ih
l,l
jh,v
iy,iy
eh,ix
bcl,bcl
uw,ux
ih,ih
n,n
f,th
ao,ao
ao,ao
ae,ah
k,k
axr,axr
q,q
iy,iy
k,k
uh,ih
m,m
iy,iy
ae,ae
ay,ay
ch,t
z,z
bcl,bcl
ih,ih
hh,p
s,s
n,nx
g,g
axr,axr
iy,iy
eh,eh
uh,ih
p,p
r,ix
p,p
kcl,kcl
ao,ao
ae,ae
f,f
ah,ah
eh,eh
n,m
tcl,tcl
ay,ay
ix,ix
w,w
n,n
d,t
ix,ix
ix,ix
n,n
el,el
ey,ey
ix,ix
t,t
kcl,kcl
l,l
ow,ow
v,f
iy,iy
iy,iy
ow,ao
ix,ey
kcl,kcl
z,s
ax,ax
t,k
r,r
s,s
tcl,tcl
t,t
q,q
ng,ng
ae,ae
ng,n
dh,dcl
ao,ao
w,w
kcl,kcl
ch,ch
ix,ix
l,l
k,k
r,r
ix,ng
n,n
ey,ey
kcl,kcl
l,l
m,n
gcl,ng
d,y
m,m
axr,axr
tcl,tcl
t,t
ix,ix
ux,ux
m,n
kcl,kcl
n,n
kcl,kcl
s,s
ae,ae
ih,ih
s,s
m,m
ix,ax
el,el
aa,aa
t,t
t,t
ih,ih
n,n
l,l
t,t
axr,axr
s,s
t,t
eh,ae
ao,ao
pcl,pcl
eh,ah
r,r
l,l
iy,iy
z,s
ay,ay
dcl,dcl
y,y
ix,r
l,l
ix,ix
s,s
ah,ax
nx,nx
l,l
ih,ae
w,w
ix,r
l,l
iy,iy
iy,iy
p,p
iy,iy
l,l
hh,hh
l,el
ax,ax
iy,iy
ih,ih
iy,iy
r,r
n,n
k,g
ah,ah
z,v
q,q
axr,axr
m,m
d,t
ae,eh
s,s
kcl,kcl
tcl,q
n,n
ae,aa
f,f
p,p
ao,ao
m,m
k,k
pcl,dcl
v,v
pcl,kcl
ch,ch
s,s
dcl,tcl
kcl,kcl
eh,eh
iy,iy
ax,ax
m,m
r,r
m,m
aa,aa
dx,dx
pcl,pcl
eh,ih
bcl,bcl
ao,ao
r,r
kcl,kcl
n,gcl
tcl,bcl
ae,ae
ae,ae
k,k
ey,ey
ay,ay
th,th
kcl,pcl
q,q
v,n
z,z
ux,ix
v,dcl
ix,ix
aa,aa
iy,ih
n,g
iy,iy
s,s
ux,ux
er,er
tcl,tcl
k,k
ah,ay
ih,ix
ah,ah
iy,iy
en,n
v,pcl
v,v
dcl,dcl
t,t
ao,aa
l,l
r,r
eh,eh
sh,sh
sh,f
th,f
kcl,pcl
ux,ux
l,l
ix,ix
t,t
r,r
kcl,pcl
ax,ah
nx,n
r,r
tcl,tcl
ih,ix
jh,zh
ix,ax
r,r
n,n
q,q
y,y
r,r
r,r
ah,ao
dh,n
r,r
ix,ih
kcl,kcl
s,s
el,ax
axr,axr
ix,ix
n,n
iy,iy
gcl,dcl
v,v
aa,aa
kcl,kcl
ow,el
kcl,kcl
n,n
l,l
bcl,bcl
ao,ao
n,ng
aa,aa
g,g
axr,axr
s,s
l,l
l,l
w,w
tcl,tcl
tcl,tcl
ih,r
ix,ih
l,l
q,ix
axr,er
n,n
n,n
eh,ix
ao,ao
b,p
m,m
g,k
l,l
uw,m
s,s
tcl,kcl
v,v
w,w
aa,aa
l,l
ow,ow
ey,ey
t,t
y,dcl
eh,ih
kcl,kcl
tcl,tcl
ae,ae
l,l
en,n
ow,ow
ix,ax
kcl,kcl
iy,iy
t,t
kcl,kcl
m,gcl
ax,ah
l,l
axr,er
bcl,tcl
q,q
k,k
jh,jh
l,l
l,ix
ay,aa
ao,ow
nx,ax
l,l
r,r
ih,ih
eh,ih
ih,ix
r,r
ow,ow
p,p
t,t
s,s
dh,n
k,k
ax-h,ix
z,z
z,z
r,r
z,z
p,p
uw,ux
z,s
aa,aa
n,n
w,l
ae,eh
tcl,q
r,ix
kcl,kcl
th,t
s,s
dx,dx
l,l
ix,ix
ao,ao
sh,sh
ax,ix
s,s
aa,aa
iy,iy
z,z
ae,ae
ae,ae
k,k
ax,ax
s,z
eh,ih
kcl,kcl
n,g
kcl,kcl
t,t
axr,axr
s,s
r,r
er,er
l,ax
ae,ae
r,r
nx,nx
ey,eh
iy,iy
ao,w
ay,ay
ey,ey
eh,ix
jh,jh
eh,ae
uw,uw
ay,ay
pcl,pcl
aa,aa
n,n
ix,ix
axr,r
k,tcl
er,ah
axr,iy
s,s
ao,aw
n,n
r,r
ix,ix
r,r
l,el
axr,axr
m,bcl
p,p
ix,ih
r,r
s,s
r,r
n,n
l,l
bcl,bcl
ay,ay
l,l
kcl,pcl
q,q
f,pcl
er,er
pcl,pcl
k,k
dh,d
n,n
en,m
s,s
tcl,kcl
y,y
ch,ch
th,th
k,k
ey,ey
dh,n
eh,eh
ay,ay
z,z
z,s
k,k
dcl,dcl
ae,ae
gcl,dcl
bcl,pcl
l,l
pcl,pcl
iy,iy
l,l
pcl,pcl
pcl,tcl
s,s
axr,r
q,q
l,l
hv,hv
ow,ow
ao,ao
jh,ch
dcl,dcl
iy,iy
dx,n
en,n
w,w
n,n
l,ix
n,n
ey,ey
r,r
sh,sh
ch,k
q,q
nx,nx
tcl,kcl
s,s
ow,ow
n,m
v,m
ow,ao
z,z
l,l
f,f
iy,iy
r,r
w,w
dcl,dcl
w,r
sh,sh
s,s
ae,ae
z,z
r,r
axr,er
kcl,kcl
s,s
w,l
m,m
hv,hh
gcl,dcl
l,ah
s,s
t,t
dh,dh
hh,hh
w,w
ih,ix
m,m
ay,ay
ux,ux
l,l
er,er
ay,aa
ax,ix
z,z
n,bcl
tcl,gcl
ux,ux
ao,ao
q,q
z,s
sh,sh
ow,ow
eh,ih
ix,ng
zh,zh
dcl,bcl
bcl,pcl
q,q
hv,hv
ax,ix
ux,ux
s,s
ay,aa
w,l
n,n
k,k
r,r
ay,ah
gcl,hv
q,q
ae,ae
pcl,pcl
d,dcl
ao,ao
ix,ix
sh,sh
er,er
ix,ix
pcl,pcl
z,z
oy,oy
ih,ih
ih,ix
pcl,pcl
aa,ae
n,n
axr,axr
aa,aa
n,en
zh,sh
aa,ao
er,r
bcl,pcl
d,d
m,m
axr,r
ao,ao
g,g
s,s
ae,iy
iy,iy
er,r
ih,ix
n,ng
v,r
iy,iy
s,s
ey,ey
t,t
k,k
dx,g
ow,aw
kcl,pcl
y,iy
r,r
iy,iy
ax,ax
m,m
s,s
f,f
r,r
ao,ao
dcl,dcl
ah,r
ng,ng
en,en
ax,ax
ih,nx
ey,ey
r,r
pcl,pcl
z,s
kcl,kcl
ey,ey
q,q
ih,ih
kcl,kcl
l,l
ih,iy
tcl,tcl
l,l
b,b
t,t
r,r
n,n
axr,axr
dx,n
pcl,tcl
tcl,pcl
ix,ix
iy,iy
s,s
q,q
aa,aa
ae,ae
ix,ih
w,w
en,ng
ey,ey
iy,iy
iy,iy
ey,ey
ow,l
er,er
n,n
n,n
r,r
ix,ix
jh,jh
gcl,axr
l,l
ey,ey
k,k
ae,ae
ae,ae
q,w
jh,t
hh,k
tcl,tcl
iy,iy
ux,ux
r,r
q,q
ix,ng
jh,ch
pcl,pcl
n,n
z,z
n,n
n,n
ax,ax
hh,hh
tcl,tcl
s,s
bcl,pcl
r,r
n,n
sh,sh
t,t
aa,ah
iy,iy
dcl,dcl
ix,ix
p,p
axr,r
n,ng
r,r
l,tcl
l,ih
m,m
hv,hv
ix,ix
jh,jh
w,w
l,ao
dx,dx
ao,ao
ix,ix
r,r
gcl,gcl
kcl,tcl
ay,ay
ix,ix
ae,ae
axr,axr
sh,sh
s,s
gcl,gcl
aw,aw
pcl,pcl
ch,ch
f,f
v,v
y,y
z,z
tcl,q
bcl,bcl
dh,th
bcl,bcl
ix,ix
zh,s
iy,iy
sh,sh
n,n
ay,ae
dh,n
ix,ix
n,ix
iy,iy
k,k
l,l
dx,tcl
ae,ae
kcl,kcl
k,g
p,hh
k,k
dx,g
ao,ao
l,l
l,l
dcl,dcl
el,el
hv,y
ey,ey
w,w
iy,iy
q,q
p,p
tcl,dcl
l,l
iy,ih
v,v
w,w
ix,ih
er,er
ao,ao
k,k
tcl,tcl
ax,ax
f,f
f,pcl
f,f
t,t
z,s
hh,hh
r,r
s,s
ow,ow
f,f
n,nx
l,el
iy,iy
s,s
w,w
s,s
k,k
t,t
r,r
bcl,bcl
ax,ae
er,axr
n,n
tcl,kcl
m,m
s,z
f,f
ih,ix
s,s
v,v
l,l
y,iy
ow,ow
tcl,tcl
s,s
ao,ao
ax,ix
ix,ix
ao,ow
s,s
ow,ow
z,z
t,t
ax,ax
ux,ux
m,m
ix,ix
ix,ax
f,f
z,z
kcl,kcl
dh,d
ih,ix
kcl,kcl
dx,dx
r,r
iy,n
t,ax-h
q,q
ux,ux
n,n
l,l
dcl,dcl
ix,ih
m,m
tcl,tcl
kcl,tcl
s,s
axr,ux
z,s
tcl,dcl
eh,eh
pcl,pcl
t,t
s,s
ix,ix
ay,aa
l,l
axr,axr
dcl,dcl
k,k
ih,ix
ao,aa
ix,ix
eh,ih
dh,dh
er,er
ae,ae
s,s
ay,ey
l,l
axr,r
eh,ix
r,r
ow,l
tcl,tcl
n,n
er,er
l,l
dx,dx
ah,ow
s,s
ae,ae
ao,aa
ay,ae
iy,iy
z,z
oy,oy
axr,axr
p,p
sh,ch
w,w
nx,n
r,r
aa,ao
ey,ey
pcl,kcl
ng,ng
aa,ao
gcl,dcl
ow,ow
gcl,gcl
ih,ix
r,r
kcl,kcl
n,dcl
ax,ax
v,ax
iy,ix
ay,ay
n,bcl
q,n
r,r
ax,ax
t,d
s,s
ix,ix
n,ix
hh,hh
tcl,tcl
r,r
tcl,tcl
q,ax
ix,ax
ao,ao
ow,l
n,n
ix,ix
kcl,kcl
ax,ax
s,z
ow,ow
ae,ae
ah,ah
ax,ix
q,q
q,q
l,l
er,er
ux,ux
iy,iy
l,ow
w,w
l,l
r,r
dcl,dcl
s,s
q,q
v,v
tcl,tcl
v,r
d,d
ah,ah
axr,r
ax-h,dcl
jh,jh
y,y
th,th
tcl,gcl
tcl,tcl
l,l
ao,aa
s,s
s,t
f,f
ix,ix
aw,l
w,w
aw,l
n,n
r,r
l,ax
iy,iy
iy,iy
m,m
tcl,pcl
ix,ax
l,l
dx,nx
ih,ih
n,n
dh,ax
en,en
bcl,tcl
el,el
s,s
tcl,pcl
zh,sh
l,l
ih,ih
ux,ux
ow,ow
ae,ae
hv,hv
ux,ux
n,m
l,l
r,r
d,d
z,z
bcl,bcl
v,v
k,k
ae,ae
dh,dh
f,f
kcl,kcl
uh,ax
f,f
y,y
ae,ae
ng,dcl
k,k
ah,ah
bcl,bcl
dcl,dcl
ao,ih
ah,ah
ix,ih
eh,ix
n,n
ih,ih
aa,aa
r,r
pcl,pcl
w,w
ao,aa
tcl,tcl
nx,n
r,r
r,m
w,w
z,z
kcl,kcl
l,ax
ow,ah
ih,ix
ch,jh
ow,ow
ih,ih
em,m
t,t
eh,ih
k,k
axr,axr
tcl,pcl
ix,ix
pcl,kcl
tcl,tcl
eh,eh
v,v
pcl,kcl
eh,ah
eh,ih
r,r
d,d
ao,ao
r,r
ix,ix
q,q
eh,eh
hh,hh
f,f
s,s
ao,ao
ae,ae
ix,ix
k,k
r,r
p,p
l,ow
ng,en
s,s
n,n
eh,eh
ah,l
s,s
ih,ih
dh,dh
r,r
iy,iy
ae,ae
iy,ix
dx,dx
tcl,tcl
pcl,pcl
t,t
ix,ih
l,l
ix,iy
r,r
l,l
ay,ay
r,r
iy,iy
pcl,pcl
iy,iy
hh,hh
r,ix
th,z
ix,ih
pcl,gcl
ix,ih
aa,aa
ix,ix
ih,ih
n,v
m,n
hh,hh
eh,eh
ax,l
ih,ih
iy,iy
en,n
jh,jh
ey,ey
k,k
l,l
z,z
f,f
f,f
zh,jh
v,n
ay,eh
r,r
ax,ax
q,kcl
sh,s
n,n
kcl,tcl
f,f
gcl,gcl
ah,l
er,er
t,t
tcl,tcl
eh,eh
l,l
pcl,tcl
r,r
ch,ch
tcl,tcl
q,q
m,m
n,n
dh,dh
ih,uw
pcl,kcl
ux,ux
n,n
k,k
d,d
dx,dcl
g,g
jh,jh
pcl,v
ay,ay
l,l
tcl,tcl
l,l
hv,hv
n,n
axr,axr
ix,ix
b,p
ch,ch
y,y
n,ax
ae,ae
aa,aa
ey,ey
r,r
m,m
w,w
jh,t
aa,aa
pcl,bcl
w,w
tcl,dcl
eh,eh
ay,ah
kcl,kcl
ix,ix
q,q
r,r
ao,ao
dcl,pcl
r,r
bcl,pcl
gcl,gcl
tcl,tcl
w,w
v,y
ae,ae
hh,hh
ix,ix
r,r
ae,ae
m,ng
dcl,tcl
jh,k
ow,ow
s,s
iy,iy
sh,sh
r,r
iy,iy
ng,m
p,b
ix,ix
q,q
z,z
pcl,dcl
dcl,bcl
ao,ao
gcl,dcl
m,m
ey,ih
hv,hv
kcl,pcl
q,q
w,w
uw,uw
kcl,tcl
l,l
ux,ux
s,s
ix,ah
tcl,tcl
ix,iy
iy,ix
tcl,q
v,v
m,m
ao,ao
er,er
m,m
ux,ux
iy,iy
oy,oy
ix,ih
pcl,pcl
k,g
iy,iy
l,l
z,s
z,z
dcl,kcl
axr,axr
axr,axr
en,n
tcl,dx
s,s
ih,ix
er,axr
n,n
kcl,kcl
z,z
ey,ay
er,axr
eh,ow
n,n
ax,ax
l,l
gcl,dcl
ae,aw
r,ax
y,y
ah,ax
s,s
q,q
axr,r
aa,aa
sh,sh
ih,ih
v,f
ow,ow
ay,ay
ax,ax
m,n
ow,ah
en,ng
ao,ao
n,n
r,r
l,l
kcl,kcl
pcl,f
q,q
t,d
bcl,dcl
m,m
ix,ih
eh,eh
uh,ax
s,s
tcl,tcl
ae,aw
ih,ih
ey,ay
z,s
ae,ae
y,y
ih,ih
kcl,pcl
n,n
k,k
tcl,tcl
tcl,tcl
kcl,kcl
ae,aa
uh,ix
ix,ih
ix,ix
axr,axr
dh,dh
sh,sh
ax,ix
r,r
dcl,dcl
w,w
ey,ey
ih,ih
ae,ae
f,f
t,t
ih,ih
oy,oy
s,s
ux,ux
p,p
pcl,tcl
el,el
tcl,tcl
ix,ix
sh,sh
f,f
ih,ih
ax,ax
aa,aa
ax,ax
dh,dh
v,v
s,s
pcl,pcl
ix,ix
ih,ih
r,r
ey,ey
er,er
ix,ix
ow,ao
dcl,bcl
gcl,gcl
l,ix
r,r
aw,aw
k,k
dcl,dcl
ah,ah
pcl,pcl
dcl,dcl
ao,ao
ao,ow
ch,s
iy,iy
z,z
er,er
kcl,tcl
jh,jh
r,r
axr,axr
s,s
iy,iy
n,n
k,k
y,y
z,z
kcl,pcl
r,r
axr,axr
v,f
t,d
iy,iy
bcl,bcl
z,z
l,el
l,l
gcl,bcl
tcl,tcl
s,s
ow,r
l,q
k,k
l,ax
l,l
s,s
s,s
eh,ax
ix,ix
tcl,pcl
l,iy
w,w
q,q
er,er
r,r
nx,n
uw,ux
l,ow
n,n
en,n
sh,sh
dcl,n
pcl,pcl
w,r
n,n
f,p
dh,dcl
ay,ay
ey,ey
ix,ux
n,n
f,f
n,n
b,b
ey,ey
g,g
jh,ch
f,f
t,t
eh,ix
ae,ae
y,y
bcl,pcl
ch,jh
ix,ih
axr,r
d,t
pcl,pcl
el,el
y,y
ey,iy
v,v
ng,n
ix,ix
ao,ao
s,s
r,r
ey,ey
sh,z
p,p
er,er
ih,ih
ih,ih
p,p
w,m
dx,dx
ux,ux
q,q
r,r
t,t
dcl,pcl
ow,ah
ae,ae
tcl,pcl
r,r
z,z
m,m
kcl,pcl
n,n
y,y
el,l
bcl,pcl
bcl,f
z,z
l,w
axr,r
p,p
dh,dh
eh,eh
aa,ao
v,r
tcl,dcl
k,k
r,uh
iy,iy
dh,dh
f,ax-h
iy,iy
kcl,kcl
k,g
dcl,tcl
er,er
z,z
dh,dh
eh,axr
ey,iy
q,q
ix,ix
ao,ao
tcl,kcl
gcl,dcl
t,z
iy,iy
n,n
dx,dx
ey,ix
k,k
ux,ux
w,w
pcl,pcl
ax,ax
l,l
v,v
ah,ax
m,m
g,g
dx,dx
d,t
r,r
n,n
iy,iy
ix,ix
ao,ao
ah,ah
er,er
kcl,kcl
sh,sh
s,s
ah,ae
ax,ax
ey,ey
m,ng
axr,axr
eh,ae
eh,ah
pcl,pcl
s,s
eh,eh
ix,ax
gcl,dcl
s,t
ix,eh
gcl,dcl
jh,jh
sh,sh
l,l
iy,iy
ax,ax
w,w
pcl,pcl
iy,iy
ix,ix
ax,q
ix,ah
jh,ch
f,f
iy,iy
dh,k
t,t
el,el
p,p
ey,ey
t,t
hh,hh
w,w
jh,jh
ix,ix
r,r
ix,ix
z,z
ae,ae
r,r
axr,axr
n,n
kcl,kcl
l,l
z,z
z,z
n,ng
ng,ng
nx,n
aa,aa
ao,ao
k,k
dcl,pcl
iy,iy
v,hv
ax,ax
jh,ch
iy,iy
ax,ax
k,k
axr,r
r,r
pcl,dcl
aw,aw
sh,sh
n,n
ay,ay
ix,ix
s,s
ae,ae
w,w
ih,ih
l,l
ae,ae
l,l
pcl,n
ix,ix
axr,axr
jh,jh
ay,ay
l,l
f,f
pcl,kcl
dcl,kcl
r,r
l,l
n,n
ax,ax
r,r
y,y
ae,ae
ae,ae
hv,hv
gcl,gcl
ay,aa
z,z
kcl,kcl
eh,eh
g,g
hv,hv
ix,ix
v,f
ix,q
n,n
ih,eh
n,n
ae,ae
eh,eh
s,s
l,l
t,t
d,g
ix,iy
eh,eh
tcl,tcl
s,s
er,er
axr,er
l,l
dx,dx
ux,ux
m,m
ay,ay
iy,iy
g,g
en,m
gcl,gcl
axr,axr
iy,iy
q,q
s,s
ao,axr
t,t
y,ih
ae,ae
eh,ix
iy,iy
l,l
axr,axr
tcl,dcl
eh,eh
pcl,pcl
ae,ae
ix,ix
ao,ao
k,k
l,w
eh,eh
iy,iy
r,r
ae,ae
aa,aa
dcl,tcl
dcl,dcl
q,q
ey,iy
r,r
v,v
iy,iy
v,v
f,f
ih,eh
p,p
bcl,dcl
ao,ao
eh,hv
dx,dx
l,l
tcl,tcl
dh,dh
ah,ao
bcl,bcl
eh,eh
er,er
z,z
d,t
em,m
dh,dh
w,w
m,m
s,s
l,l
ix,ix
t,t
ao,ao
iy,iy
gcl,pcl
ch,ch
eh,eh
sh,sh
aa,aa
r,r
ix,ih
pcl,pcl
bcl,dcl
ix,ax
bcl,dcl
t,d
ae,ae
dcl,t
kcl,kcl
z,z
l,l
ix,ix
t,t
oy,oy
t,t
v,v
tcl,kcl
tcl,pcl
r,r
w,w
ao,ao
ih,ix
q,q
dcl,dcl
kcl,gcl
aa,aa
eh,eh
ih,ix
aa,aa
tcl,pcl
axr,axr
pcl,pcl
aa,aa
dcl,dcl
f,f
m,n
q,q
q,q
ix,r
ae,ae
t,t
ah,ax
s,s
r,r
s,s
s,s
q,q
q,q
dcl,kcl
v,v
s,s
z,z
el,el
aa,ao
r,r
ao,aa
tcl,pcl
pcl,kcl
w,w
iy,iy
tcl,tcl
r,r
eh,ah
iy,iy
k,k
s,f
b,p
dcl,tcl
ae,ae
eh,ah
l,l
n,n
axr,r
z,z
er,er
hv,hh
q,q
ux,ix
p,p
tcl,tcl
ih,ih
oy,oy
ae,ae
gcl,dcl
iy,iy
r,r
iy,iy
ow,l
ae,ae
ae,ae
l,el
z,z
axr,axr
tcl,p
ao,ao
tcl,pcl
axr,er
bcl,bcl
ch,ch
dh,v
aa,aa
kcl,tcl
dx,r
ix,ix
w,w
aa,l
ix,r
ey,iy
y,y
kcl,kcl
pcl,tcl
ax-h,z
tcl,kcl
k,k
dcl,tcl
s,s
dh,dh
pcl,pcl
kcl,tcl
r,r
gcl,dcl
ey,ey
f,v
en,n
r,r
r,r
ih,ah
s,s
s,s
v,v
r,r
ix,ix
iy,iy
l,l
s,s
l,iy
t,t
k,k
m,m
tcl,tcl
axr,ix
eh,eh
dcl,dcl
dcl,gcl
ux,ux
k,k
en,n
l,ax
v,f
ah,ax
ih,ix
er,axr
l,uw
r,r
dx,dx
s,s
s,s
zh,sh
ih,ix
dx,k
eh,r
iy,iy
sh,sh
ax-h,ix
s,s
s,s
l,l
kcl,kcl
f,f
pcl,pcl
s,s
ih,ix
th,f
ow,ow
f,f
r,r
s,z
n,n
hv,r
n,n
hh,hh
r,r
hv,hv
ax,ah
aw,aw
hh,kcl
er,er
s,s
ao,r
eh,eh
n,ng
z,s
ah,ih
ax,ix
l,l
ae,ae
p,p
n,n
tcl,kcl
sh,sh
pcl,tcl
tcl,m
dcl,dcl
eh,eh
ow,ow
l,l
n,n
iy,iy
ay,aa
ix,ix
gcl,gcl
g,g
l,l
ay,ay
z,s
kcl,kcl
s,s
ix,ix
ay,ay
axr,axr
n,n
ix,ih
ah,ah
zh,zh
r,r
ih,ih
iy,iy
d,d
z,z
tcl,tcl
ae,ae
w,w
axr,er
ih,ih
w,w
k,k
r,r
hv,hv
m,ng
aa,aa
ax,ax
ih,ih
ao,ao
tcl,tcl
pcl,pcl
ae,ae
s,s
ay,ay
aa,ax
tcl,kcl
w,bcl
eh,eh
er,er
tcl,tcl
dcl,pcl
tcl,bcl
ch,ch
iy,iy
z,z
n,n
z,z
n,n
ow,ow
dcl,dcl
t,t
eh,ah
q,q
r,r
l,l
m,m
ih,ix
kcl,kcl
ih,ax
iy,iy
dcl,dcl
r,r
iy,iy
ix,ix
m,m
er,er
s,s
kcl,kcl
t,t
r,r
dcl,bcl
ax,ih
ih,ih
axr,r
nx,ix
dx,l
q,q
iy,iy
ae,ay
aa,aa
kcl,kcl
n,m
en,n
n,n
ch,ch
eh,eh
el,el
w,w
kcl,kcl
tcl,pcl
n,ng
sh,sh
q,q
v,bcl
hh,hv
ix,ix
ah,ow
ow,ow
p,f
l,l
iy,iy
q,dx
s,s
ax,ah
sh,sh
sh,sh
ih,ih
kcl,kcl
ae,ae
eh,eh
ix,ax
d,g
eh,r
n,n
sh,sh
n,n
gcl,dcl
m,m
ix,ix
sh,sh
z,z
aa,aa
ix,ix
ih,iy
iy,iy
v,v
w,w
ao,ao
r,r
s,s
ey,ey
hv,r
aa,aa
v,f
hh,hh
tcl,q
y,y
er,er
ix,ix
l,l
eh,eh
y,y
ix,ix
ey,ey
dh,dcl
tcl,dcl
l,l
ix,ix
v,v
k,k
q,q
ax,ax
kcl,gcl
hv,nx
s,s
ae,ae
f,f
n,n
ux,ux
axr,axr
l,l
iy,iy
el,ow
r,ao
s,s
r,r
kcl,tcl
n,n
w,w
ix,r
w,w
w,w
k,k
l,l
ih,ih
hv,hv
iy,iy
l,w
k,k
dcl,dcl
ae,ae
n,n
p,p
ow,ow
ng,ng
ae,ae
axr,axr
v,v
ay,ay
p,dh
sh,sh
kcl,kcl
iy,iy
ae,ae
k,k
s,s
kcl,pcl
zh,zh
ix,ix
eh,ix
axr,r
n,n
aw,aw
tcl,tcl
v,v
ih,ih
eh,eh
s,s
n,n
l,l
er,er
r,r
ae,ih
d,g
k,k
s,s
k,k
uh,uh
ey,ey
kcl,tcl
tcl,tcl
r,r
er,er
tcl,tcl
er,axr
ah,ah
y,y
ao,ao
ae,ae
pcl,pcl
l,l
axr,r
l,l
k,k
s,s
k,k
s,s
kcl,kcl
r,r
eh,eh
ax,ix
aa,aa
ix,ih
b,b
w,ao
s,s
s,s
kcl,gcl
gcl,tcl
w,w
tcl,tcl
dcl,pcl
ix,ih
hv,hv
ey,ey
pcl,pcl
k,g
ix,ix
p,p
dcl,dcl
iy,iy
aa,ao
eh,ae
iy,iy
ax,ix
r,r
iy,iy
k,k
ux,ux
t,t
ux,ux
s,s
n,n
k,k
t,t
v,v
ix,ix
z,s
n,ng
p,p
aa,ao
axr,axr
bcl,bcl
tcl,t
g,ix
ax,ax
r,r
pcl,pcl
ae,ae
g,k
k,k
l,l
ux,ux
ih,ih
t,d
ao,r
f,f
th,th
y,jh
axr,ix
iy,iy
ih,eh
tcl,dcl
kcl,kcl
k,k
q,q
iy,ix
l,l
s,s
l,l
er,er
y,y
p,p
kcl,kcl
ay,ay
y,y
ux,ux
ix,ix
q,q
p,p
ow,ow
dcl,dcl
m,gcl
pcl,kcl
ah,ah
dcl,dcl
m,em
ao,ao
f,f
tcl,pcl
w,w
v,v
k,k
ch,ch
n,n
t,t
g,g
ng,ng
t,t
nx,n
axr,axr
dcl,dcl
m,m
k,k
ae,ae
axr,r
n,n
sh,sh
tcl,tcl
ix,ix
t,t
iy,iy
n,n
ix,ix
w,w
dh,m
er,er
ax,ax
axr,axr
ih,ih
l,l
w,w
uh,uh
n,n
n,ng
er,er
l,l
aa,aa
kcl,pcl
ih,ih
ix,ix
dcl,dcl
aa,aa
dx,g
ay,ay
ao,ao
l,ax
ix,ix
f,f
n,nx
kcl,kcl
jh,jh
gcl,ng
n,en
iy,ix
ix,ix
w,r
t,t
ay,ay
kcl,kcl
tcl,kcl
r,r
s,s
s,s
dcl,dcl
r,r
d,p
ae,ae
iy,iy
kcl,kcl
ay,ay
r,r
iy,iy
s,z
l,l
en,en
jh,ch
ax,ax
axr,axr
iy,iy
k,k
ix,ae
t,t
y,y
w,w
hv,hv
ax,eh
z,s
ix,ix
ey,ey
z,z
sh,s
ix,ix
z,z
hv,hv
nx,nx
y,y
kcl,kcl
th,z
axr,axr
axr,r
ow,ow
l,l
iy,iy
ix,ix
ax,ix
dh,dh
dh,ax-h
sh,sh
iy,iy
f,f
ow,ax
ix,ix
tcl,tcl
m,n
s,s
k,k
kcl,kcl
tcl,pcl
ay,ay
ae,ae
n,r
kcl,kcl
aa,aa
g,k
ah,eh
s,s
ax,ax
axr,er
n,dcl
r,r
t,s
z,z
tcl,pcl
dh,th
k,k
eh,eh
n,n
ae,ae
gcl,tcl
m,m
tcl,gcl
kcl,kcl
ae,ae
ax,ax
kcl,tcl
kcl,kcl
eh,ae
s,s
s,s
q,q
w,w
m,m
ax,ah
ax,ix
eh,eh
iy,iy
ih,ix
eh,ix
l,l
ux,ux
r,r
n,n
m,m
ix,ix
f,f
ih,ix
l,l
tcl,dcl
hv,hv
oy,ao
l,l
v,n
z,z
sh,s
n,n
axr,er
ah,ah
n,n
aa,aa
ow,ow
s,z
ay,ao
eh,eh
ah,ah
r,r
hv,hv
dcl,l
ay,aa
r,r
l,l
sh,sh
dx,ix
iy,ih
ix,ix
k,k
ix,ix
ix,ix
eh,eh
pcl,tcl
r,r
z,z
z,z
el,el
pcl,kcl
s,s
ae,ae
v,v
dcl,dcl
s,s
ax,r
th,th
q,dcl
kcl,kcl
iy,iy
en,m
iy,iy
gcl,gcl
ax,axr
ay,ay
kcl,kcl
kcl,pcl
tcl,dcl
nx,nx
ow,ow
y,y
ay,ay
eh,eh
eh,ih
s,s
ax,ax
sh,s
ix,ix
ch,ch
l,l
ax,ax
tcl,tcl
ng,m
sh,sh
ae,ae
iy,iy
r,r
p,p
gcl,tcl
r,r
kcl,kcl
aa,aa
dh,dh
v,r
m,n
pcl,pcl
m,ng
tcl,kcl
ae,ae
ax,ax
tcl,tcl
m,m
m,m
r,r
m,n
z,z
ah,ah
ix,ix
w,ix
ey,iy
ae,ae
y,y
ao,ao
oy,oy
r,r
y,iy
ao,ao
en,n
ih,ae
r,r
ay,aw
w,w
m,n
dx,dx
ux,ux
el,el
s,s
dh,dh
n,n
ay,ay
tcl,kcl
f,p
m,n
kcl,pcl
dcl,dcl
w,w
n,n
ng,ng
ax,ax
ow,ow
th,dh
oy,oy
kcl,kcl
z,z
nx,nx
iy,iy
ax,ax
tcl,kcl
aa,aa
f,f
ng,ng
ah,ax
k,k
ix,ix
z,z
k,k
tcl,kcl
uh,ix
sh,sh
ix,ix
bcl,dcl
b,p
s,s
n,n
ax,ax
eh,eh
s,s
axr,axr
zh,sh
tcl,pcl
d,d
iy,iy
s,s
ux,ux
ae,ae
ix,eh
m,m
uw,ux
ow,ow
g,g
s,s
ax,ix
iy,iy
tcl,dcl
ax,ix
s,s
axr,axr
ey,iy
q,w
r,q
bcl,gcl
dx,dcl
s,s
l,ax
er,er
dx,dx
s,s
eh,ah
w,w
kcl,kcl
z,z
eh,ae
el,el
ey,ey
ih,ih
ux,r
k,k
l,l
sh,sh
ey,eh
ao,ay
axr,r
s,s
axr,axr
dh,dh
kcl,kcl
s,s
pcl,dcl
eh,eh
r,r
ow,ow
ah,ah
ay,ay
ix,ix
hh,w
s,s
s,s
m,dcl
w,w
ah,ow
ix,ix
n,n
gcl,gcl
ix,ih
r,r
pcl,pcl
ax,ax
iy,iy
iy,iy
r,r
t,t
t,hh
pcl,pcl
s,s
axr,axr
ih,ih
z,s
ix,ih
dh,d
ao,ao
ay,ay
m,m
aa,aa
kcl,pcl
axr,axr
w,bcl
iy,iy
nx,n
sh,sh
ax,ix
ae,ax
hv,hv
t,t
s,s
dh,dh
y,jh
ix,ix
r,r
s,s
kcl,pcl
ih,ix
axr,axr
pcl,pcl
q,ng
kcl,kcl
r,r
s,s
n,gcl
ih,ih
ay,ah
r,ix
iy,iy
w,w
pcl,tcl
bcl,m
n,n
kcl,kcl
ey,ey
n,n
th,th
iy,iy
k,k
p,p
kcl,kcl
ih,el
em,m
tcl,gcl
s,s
axr,axr
ng,ng
dh,dh
n,dcl
ao,aa
l,l
ah,ah
iy,iy
kcl,kcl
ch,jh
ax,ax
en,en
axr,axr
tcl,tcl
axr,r
w,ax
l,r
pcl,pcl
aa,aa
ax,ax
sh,sh
jh,jh
kcl,gcl
p,p
ao,ao
v,v
er,er
k,k
er,ux
bcl,pcl
m,dcl
axr,axr
n,n
t,t
w,r
f,f
f,f
l,l
l,ax
w,w
dcl,dcl
ax,ax
l,ng
m,m
ix,r
iy,iy
ay,ay
k,k
r,r
v,v
q,q
s,s
f,f
gcl,kcl
sh,sh
r,r
iy,iy
ux,ux
dcl,dcl
axr,axr
hv,hv
ey,ey
n,n
iy,iy
k,k
axr,axr
d,d
dh,dh
ay,ay
n,n
s,s
s,s
dh,t
ng,ng
ay,ay
dx,nx
ix,n
y,y
oy,oy
kcl,kcl
ix,r
sh,sh
v,v
hv,hv
n,n
ih,ih
g,t
q,q
m,m
kcl,pcl
z,z
iy,iy
k,k
m,m
bcl,dcl
ah,ah
ey,ey
ay,aa
kcl,kcl
sh,sh
pcl,pcl
tcl,kcl
ao,ao
dcl,gcl
ae,ae
t,t
z,s
n,n
dcl,dcl
pcl,tcl
d,t
d,t
s,s
n,n
ix,ix
ih,eh
f,f
t,k
n,n
r,r
ax,ax
r,r
r,r
gcl,pcl
y,y
ae,ae
z,s
z,z
dh,bcl
ax,ah
r,r
m,m
ih,ih
ih,ih
y,g
tcl,kcl
p,p
ix,ix
el,l
ow,ow
sh,ch
aa,aa
uw,r
pcl,pcl
ux,ux
ae,ae
ow,ow
tcl,kcl
r,r
m,m
eh,eh
v,v
v,bcl
ae,ae
dh,n
q,ax
tcl,tcl
m,m
r,r
gcl,gcl
axr,ih
dcl,dcl
f,pcl
gcl,gcl
z,z
ax,ix
bcl,bcl
f,f
q,q
tcl,tcl
ax,ax
ay,ay
ey,eh
ih,ix
w,w
kcl,kcl
y,y
bcl,bcl
ng,ng
dh,bcl
ih,ix
ix,n
kcl,gcl
ao,ao
t,t
v,g
oy,oy
tcl,kcl
dh,dh
q,q
f,p
kcl,kcl
y,y
dx,tcl
dx,dx
n,dcl
kcl,kcl
uh,uh
ih,ix
axr,axr
iy,iy
bcl,bcl
r,r
n,n
v,gcl
eh,ih
hv,hv
k,k
w,r
ow,ow
r,r
ch,ch
z,s
ih,r
m,m
v,ax
tcl,tcl
p,hh
s,s
ae,ae
th,th
tcl,kcl
ix,ix
f,t
r,r
s,s
t,t
z,z
l,ao
axr,axr
tcl,pcl
dcl,tcl
iy,iy
eh,ah
dx,nx
ax,m
sh,sh
k,k
r,r
p,p
ux,ux
n,v
tcl,kcl
ah,ax
sh,sh
t,t
iy,iy
l,ix
iy,iy
tcl,bcl
m,m
y,y
n,n
m,n
iy,iy
y,y
el,ow
n,ng
kcl,kcl
aa,aa
ax,ax
ix,ix
er,er
s,s
er,axr
s,s
q,q
s,s
axr,ih
hv,hv
s,s
ix,ix
dcl,dcl
l,l
m,n
d,d
n,kcl
q,q
ng,m
aa,aa
ax,ix
t,tcl
tcl,pcl
l,l
pcl,pcl
tcl,dx
s,s
aw,aw
ax,ax
bcl,bcl
w,w
ow,ow
s,s
ix,ix
ah,ah
d,d
dcl,tcl
kcl,kcl
ih,iy
ow,ih
ih,ih
k,k
ix,ax
q,q
tcl,q
ax,ax
kcl,kcl
ax,r
d,jh
r,r
eh,eh
r,r
ao,r
iy,iy
aa,aa
l,ax
iy,iy
k,k
iy,iy
q,q
iy,iy
ix,ix
k,k
m,m
ao,aa
iy,iy
kcl,kcl
ey,ey
bcl,bcl
ae,ae
p,f
axr,axr
r,r
s,s
axr,er
f,f
tcl,kcl
z,z
sh,sh
w,nx
ix,ix
ae,ae
kcl,kcl
ih,ay
gcl,dcl
hh,hv
dcl,dcl
ix,ix
ch,ch
r,r
ah,aa
ix,ix
zh,z
oy,oy
k,k
m,n
pcl,pcl
ah,ah
ih,ix
r,r
t,t
ao,ao
dx,dx
dx,dx
ix,ix
s,s
f,hh
ng,ng
ax,ax
kcl,kcl
aa,ao
t,t
ch,ch
iy,iy
ey,eh
p,p
m,m
s,s
r,r
s,s
w,l
r,r
axr,axr
axr,ix
tcl,pcl
s,s
t,t
er,er
s,s
axr,r
dx,dx
pcl,kcl
l,l
k,g
uh,ax
ao,ao
bcl,gcl
tcl,tcl
ih,ih
er,er
aa,aa
ae,ae
aa,ao
tcl,dcl
ey,ih
ae,ae
n,ng
ey,ih
s,s
ix,ix
ah,ah
l,w
v,dcl
hv,hv
ae,ae
aa,aa
ih,iy
r,r
ix,r
r,r
iy,iy
axr,er
p,p
n,n
s,s
sh,sh
ao,ao
r,r
dx,dx
k,k
kcl,kcl
bcl,dcl
z,v
l,l
aa,ao
ah,ah
s,s
ey,eh
jh,f
r,r
z,z
ax,ax
k,k
r,r
jh,ch
ey,ey
l,l
q,q
dx,dx
uh,ax
iy,iy
s,s
r,r
r,r
l,l
ux,ux
dx,dx
ay,ay
gcl,dcl
l,l
k,k
ng,kcl
y,y
b,kcl
ax,ax
tcl,kcl
z,z
s,s
kcl,kcl
w,w
nx,nx
s,z
g,g
ey,ey
ay,ay
ix,ix
eh,ah
iy,iy
aa,aa
tcl,tcl
v,v
r,r
n,n
r,r
ao,ao
ax,ax
y,iy
y,iy
dh,t
kcl,kcl
dh,dh
pcl,kcl
d,d
ay,ay
q,dx
ah,ah
l,l
n,n
ix,er
s,s
ae,ae
er,er
n,ng
z,z
el,ax
aa,aa
s,s
dx,dx
sh,sh
z,z
ih,ix
dh,dh
ng,ng
axr,axr
y,y
pcl,hh
pcl,kcl
ih,ix
f,f
axr,r
n,n
ix,ix
z,z
th,th
eh,eh
ix,ih
sh,sh
eh,eh
z,s
dcl,gcl
ix,iy
kcl,kcl
dcl,tcl
aa,aa
tcl,kcl
z,z
z,s
k,k
s,s
t,t
g,g
n,n
em,em
ae,ae
m,m
eh,ih
dh,n
dx,n
jh,ch
k,g
ix,ix
axr,ih
uw,ao
kcl,kcl
s,s
ih,ih
t,t
l,l
n,n
l,l
ae,ae
d,k
r,r
ih,ix
ix,ix
s,s
pcl,pcl
aa,aa
axr,axr
r,r
pcl,pcl
n,n
gcl,kcl
ix,ih
er,er
dcl,kcl
ae,ae
pcl,pcl
ix,tcl
kcl,kcl
ow,ow
uh,ah
pcl,tcl
er,axr
q,q
ao,aa
l,l
k,k
tcl,kcl
ax,ax
nx,n
n,n
k,k
n,n
tcl,dcl
v,dh
ix,ix
q,q
aa,ao
bcl,bcl
axr,ax
ix,en
ux,ux
jh,jh
ah,ah
ch,ch
w,w
tcl,tcl
en,en
p,p
ix,iy
nx,nx
gcl,gcl
l,l
sh,sh
p,p
tcl,tcl
axr,axr
ax,ax
th,k
l,l
n,n
kcl,kcl
y,y
ix,iy
eh,ah
tcl,tcl
pcl,pcl
y,y
en,bcl
k,k
n,n
aa,l
q,q
gcl,kcl
axr,r
ch,ch
n,n
aa,ao
r,r
ix,eh
ae,ae
f,f
dcl,tcl
ao,ao
y,y
k,k
q,q
m,m
tcl,kcl
dh,v
eh,ih
ao,ao
g,g
hv,hv
ux,iy
dcl,dcl
ix,ax
s,s
tcl,kcl
eh,ih
z,t
r,r
kcl,kcl
ae,ae
ih,ih
kcl,kcl
kcl,pcl
ay,ay
r,r
aa,aa
r,ax
uh,ah
t,t
sh,sh
ih,iy
uh,ix
eh,eh
w,w
ix,ix
s,s
n,n
jh,s
y,y
f,f
eh,eh
ey,ey
iy,iy
g,g
f,f
pcl,kcl
s,s
eh,ih
l,l
ay,ay
l,l
kcl,kcl
k,k
gcl,ng
ao,ao
pcl,pcl
ih,ih
q,q
ow,ax
ng,gcl
l,l
q,q
dx,dx
kcl,kcl
r,r
ix,ix
r,r
tcl,gcl
ay,ay
iy,iy
bcl,bcl
kcl,kcl
ix,ix
jh,y
y,y
iy,ih
k,k
k,k
dh,dh
ah,ah
v,v
pcl,pcl
w,ux
y,iy
axr,axr
eh,eh
ae,ae
s,s
s,s
iy,iy
m,m
ih,ax
l,ix
ay,ay
q,w
ih,ih
p,p
r,r
ix,ix
w,w
r,r
l,l
bcl,bcl
l,l
dcl,dcl
ax,ax
uw,ux
n,n
hh,hh
sh,sh
r,r
z,z
ao,ao
ix,ix
g,k
jh,d
ao,ao
er,aa
l,l
f,f
ay,aa
bcl,bcl
ng,ng
ao,ao
n,n
ey,ey
iy,ih
gcl,gcl
bcl,gcl
l,l
ix,ax
ix,ix
iy,iy
tcl,tcl
pcl,kcl
p,p
k,k
ix,ix
s,s
tcl,tcl
n,n
m,n
m,m
w,l
s,s
n,n
ah,ah
s,s
l,l
ae,ae
l,l
kcl,kcl
ih,ih
v,v
f,f
f,f
dcl,dcl
kcl,kcl
n,n
dcl,dcl
aa,aa
eh,ix
s,s
ix,ix
ih,eh
n,n
m,m
s,s
k,k
ix,ix
eh,eh
ae,ae
iy,iy
eh,eh
d,d
gcl,gcl
r,r
pcl,bcl
s,s
ah,ah
kcl,kcl
nx,n
ow,ow
v,n
z,z
ix,ng
l,l
l,l
v,v
ao,ao
ih,ih
ah,ah
zh,z
tcl,tcl
axr,ix
nx,nx
v,v
t,t
ae,ae
ix,ix
pcl,pcl
oy,oy
axr,axr
sh,sh
ix,ix
dx,dx
kcl,gcl
kcl,gcl
uh,ih
ao,ao
aa,aa
y,y
ow,ow
n,n
er,er
pcl,pcl
pcl,tcl
b,p
ix,iy
z,z
s,s
r,r
y,y
n,n
ey,ey
pcl,pcl
k,k
er,er
f,f
g,g
l,l
y,ux
l,l
aa,aa
eh,ae
tcl,tcl
ey,ey
s,s
kcl,tcl
eh,ih
n,ng
s,s
s,s
ih,eh
f,f
tcl,tcl
ah,ih
ax,l
ao,ao
m,m
ay,ay
ay,ay
n,n
ih,ih
pcl,kcl
ix,ix
f,f
ao,ao
sh,sh
w,ao
ih,ih
ix,ix
gcl,tcl
n,n
iy,iy
eh,eh
pcl,pcl
n,bcl
ae,ae
iy,iy
m,bcl
m,m
n,dcl
en,n
axr,ax
oy,ow
q,y
iy,iy
th,dh
ih,ih
n,n
m,m
dcl,dcl
aa,ah
ih,ng
w,w
r,r
n,n
iy,iy
ng,gcl
w,w
t,t
l,w
hh,hh
ih,ih
ae,ae
ih,ih
z,z
v,n
ax,ax
ao,ao
y,y
n,n
s,s
s,s
kcl,kcl
ae,ah
eh,ix
gcl,gcl
dh,dh
r,r
s,s
r,r
l,l
eh,ix
s,s
r,r
dx,dx
p,d
tcl,pcl
kcl,kcl
ix,ix
kcl,kcl
q,bcl
ae,ae
iy,ih
n,tcl
iy,iy
ix,ix
t,d
sh,sh
ey,iy
ax,ix
t,t
p,p
r,r
s,s
r,r
dcl,dcl
axr,axr
v,v
ax,ax
r,r
d,d
ae,ae
n,n
ow,ow
t,t
aa,ao
l,l
m,m
s,s
dh,dh
l,l
iy,iy
iy,iy
gcl,gcl
sh,ch
iy,iy
r,r
ao,ao
nx,ng
dcl,tcl
w,w
z,s
ax,ax
ix,ih
dcl,dcl
ao,ao
eh,eh
z,z
f,f
s,s
iy,iy
l,l
d,d
r,axr
l,l
r,r
iy,iy
s,s
s,s
ah,ah
l,ow
l,l
m,n
jh,ch
k,k
axr,r
n,n
ah,ah
ah,r
t,t
pcl,tcl
k,k
ao,ao
ao,ao
bcl,pcl
ae,ae
dcl,dcl
m,m
ao,ao
eh,ah
ih,ix
eh,eh
ix,nx
ah,ah
ax,ax
ax,ah
ao,aa
aa,aa
ay,aa
dcl,tcl
tcl,pcl
ix,ix
ih,ih
s,s
p,p
w,w
tcl,pcl
s,s
dh,l
eh,ix
iy,iy
ix,ix
ix,ix
g,g
m,m
dcl,dcl
t,t
w,w
aa,aa
q,ix
aw,ae
ih,ih
r,r
tcl,tcl
q,q
dcl,dcl
ih,ih
z,z
ix,ix
l,l
iy,iy
ae,ae
aa,aa
tcl,tcl
d,d
z,s
sh,s
nx,n
pcl,dcl
ah,ah
uh,ax
ae,ae
p,b
ix,ix
n,n
r,r
q,q
p,b
dcl,kcl
ax,ax
f,f
ah,ah
n,n
y,y
n,n
iy,iy
w,el
dh,ax
l,l
ae,ae
dcl,tcl
iy,iy
th,th
ix,ix
kcl,kcl
ay,ay
iy,iy
n,n
iy,iy
hv,hv
tcl,tcl
n,m
r,axr
n,n
gcl,kcl
w,w
ix,ix
bcl,tcl
n,m
iy,iy
dx,dx
dx,dcl
t,k
ch,jh
tcl,kcl
ae,ae
p,p
r,r
iy,iy
gcl,gcl
w,w
m,m
ax,ah
ow,ow
ow,ax
ix,ix
aa,aa
pcl,pcl
tcl,gcl
el,el
iy,iy
ey,ey
q,q
l,l
m,ng
ow,ow
q,q
aa,aa
ah,ah
t,t
k,k
r,r
iy,iy
bcl,bcl
s,s
f,f
el,q
n,n
ae,eh
dcl,dcl
q,q
s,s
jh,jh
ih,ih
iy,iy
gcl,gcl
r,r
r,r
eh,eh
v,v
p,p
r,r
sh,sh
v,v
v,v
dh,dh
ix,ax
q,q
ao,ao
s,s
n,n
dx,dcl
sh,s
g,k
r,r
dx,kcl
g,g
gcl,gcl
gcl,gcl
el,ax
l,l
iy,iy
ey,ey
hh,hv
n,n
ax,ax
ay,ay
gcl,gcl
w,w
l,uw
pcl,pcl
d,d
dcl,dcl
dcl,dcl
ow,el
ix,ih
s,s
iy,r
aw,aw
hv,y
dcl,dcl
ax,ah
eh,eh
ih,eh
ix,ix
sh,sh
z,s
ao,ao
q,q
l,l
z,z
ix,iy
iy,iy
q,q
tcl,tcl
q,q
l,el
f,f
ax,ax
m,m
dh,dh
ay,ay
pcl,pcl
p,p
y,y
bcl,bcl
n,nx
w,w
r,n
ih,ix
n,n
uh,ax
z,z
k,k
y,y
z,z
ax,ax
y,y
r,r
l,el
l,ax
q,r
ae,ae
ih,ih
q,q
ix,iy
r,r
aa,aa
v,dcl
er,r
w,w
dcl,dcl
ey,ae
sh,sh
aa,aa
th,tcl
ey,ey
kcl,kcl
k,k
pcl,pcl
ix,ax
ow,ow
ux,iy
ih,ix
k,k
tcl,gcl
ae,ae
ae,ae
n,ng
n,n
ux,ux
hh,hv
jh,s
ix,ix
ix,ix
w,w
z,z
k,k
kcl,kcl
ah,ah
t,t
kcl,kcl
s,s
ae,ae
n,n
k,k
ao,ao
n,gcl
gcl,gcl
m,m
eh,ih
aa,aa
ax,ax
ix,ix
m,m
s,s
ix,ix
w,w
f,f
n,n
n,n
l,ng
r,r
ih,ih
m,m
kcl,kcl
ih,ih
v,v
el,el
z,z
ae,ae
uh,ah
tcl,pcl
z,z
iy,iy
k,k
n,n
l,l
m,m
ae,ae
ae,eh
ux,ux
t,t
hv,hv
dh,k
ao,ow
n,n
ix,ix
p,p
g,k
m,m
ax,ax
r,r
dh,hh
ey,ih
r,r
dh,dh
s,z
ix,ix
kcl,kcl
s,s
tcl,pcl
m,n
ey,er
g,g
eh,eh
n,dx
aa,ay
dcl,dcl
k,k
ix,iy
iy,iy
dcl,dcl
ax,ix
p,p
iy,iy
axr,r
jh,y
m,m
s,s
dcl,dcl
ix,ix
pcl,pcl
kcl,kcl
ax,ax
dh,dh
w,w
ix,ix
r,r
ng,n
ae,ae
v,v
bcl,bcl
l,l
r,r
er,er
y,iy
dh,k
el,ow
tcl,tcl
eh,ax
axr,axr
kcl,kcl
r,r
n,n
bcl,gcl
dx,dx
y,y
dh,dh
s,s
ih,ih
w,w
eh,eh
w,w
iy,iy
iy,iy
ah,ah
ux,ux
axr,axr
t,t
ey,ey
l,l
uh,ah
k,k
ax,ax
ix,iy
sh,sh
gcl,gcl
k,k
kcl,tcl
nx,n
s,s
axr,r
ow,ow
ow,ow
bcl,dcl
ow,aw
bcl,dcl
l,l
y,y
q,q
kcl,tcl
ao,ao
iy,iy
kcl,kcl
s,s
eh,ih
t,t
ow,ow
v,v
ux,ux
n,n
eh,eh
kcl,kcl
z,s
bcl,v
q,q
sh,ch
pcl,tcl
ey,ey
w,w
s,s
g,k
dh,dh
r,r
en,n
hh,k
ey,ey
sh,sh
sh,sh
g,g
dh,bcl
ng,ng
k,k
q,q
sh,ch
w,w
er,er
ix,ix
ay,ay
sh,sh
z,z
ix,ih
kcl,pcl
t,t
ow,ow
n,m
q,q
iy,iy
gcl,gcl
l,l
aa,aa
ow,uw
k,kcl
ae,ae
tcl,bcl
k,k
f,f
dcl,dcl
tcl,dcl
kcl,bcl
f,f
aa,ao
gcl,gcl
n,n
s,s
eh,eh
dcl,dcl
t,t
jh,jh
g,k
th,kcl
th,s
eh,r
r,r
f,f
k,k
ih,ux
eh,eh
eh,ih
z,z
ao,ao
r,r
s,s
kcl,kcl
tcl,tcl
ah,ah
dcl,dcl
nx,nx
er,r
bcl,dcl
w,w
ih,ih
kcl,kcl
iy,iy
th,dh
kcl,kcl
r,r
m,m
ng,n
s,s
n,n
eh,eh
ae,ae
hv,hv
l,l
dcl,dcl
z,z
m,m
kcl,kcl
ux,uh
aa,aa
gcl,gcl
n,n
s,s
s,s
iy,iy
ah,ah
ih,ih
ax,l
k,k
uh,uh
hh,n
m,bcl
ao,ao
ae,ae
bcl,dcl
ng,n
zh,jh
ux,ux
uh,ux
g,k
eh,eh
iy,iy
f,f
tcl,tcl
p,p
iy,iy
ay,aa
tcl,tcl
pcl,kcl
iy,iy
axr,axr
uw,uw
dh,dh
kcl,kcl
w,w
dcl,dcl
p,b
ey,ey
axr,er
ih,ih
ix,ih
q,q
el,ow
ix,ix
ey,ey
k,k
ow,ow
iy,ey
th,th
kcl,kcl
axr,axr
iy,iy
y,y
eh,eh
z,z
ax,ax
r,r
n,ng
ao,ao
ao,ao
ao,ao
nx,nx
aa,aa
g,g
ay,ay
r,r
z,z
kcl,pcl
kcl,pcl
iy,iy
q,iy
w,bcl
eh,eh
r,r
ae,ae
tcl,dcl
ow,ow
iy,ey
ih,ih
r,r
l,ax
dh,dh
uh,ah
r,r
y,y
iy,iy
n,m
uh,ae
dh,n
m,m
w,w
ih,ix
iy,iy
m,m
m,m
iy,ih
eh,ah
sh,sh
ux,ux
z,z
aa,aa
s,s
n,m
aa,ao
ix,ix
q,q
m,m
w,w
t,d
ow,ow
ow,ow
ae,ae
tcl,pcl
eh,ih
ey,oy
ay,ay
aw,ah
kcl,pcl
iy,iy
q,q
aa,aa
el,el
iy,iy
ah,eh
n,n
er,er
m,n
iy,iy
s,s
sh,sh
ng,ng
ae,ae
ix,ix
kcl,kcl
ix,r
eh,ae
r,r
ix,ax
n,bcl
ix,ux
l,l
l,l
ix,ih
l,l
aa,aa
tcl,pcl
r,r
r,r
ax,ah
dh,dh
eh,eh
tcl,kcl
m,m
jh,jh
ae,ae
z,s
k,k
s,sh
ah,ah
jh,jh
ch,t
aa,aa
ae,ae
ix,eh
ix,r
ow,ow
kcl,kcl
n,n
k,g
t,k
eh,ae
axr,axr
ah,ah
ay,ay
pcl,m
g,k
l,l
f,v
dx,dx
n,n
l,l
f,f
ix,ix
t,k
nx,n
tcl,tcl
ay,ay
pcl,kcl
ix,ih
dx,d
iy,iy
l,l
em,en
ax-h,ax-h
tcl,tcl
ax,ax
aa,aa
ix,ix
ix,ix
ix,ah
iy,iy
r,r
ae,eh
k,k
dcl,dcl
dx,dcl
dh,dh
y,y
aa,aa
ix,ix
ae,ae
s,s
n,n
ix,ix
ey,iy
ih,ix
m,m
iy,iy
n,n
axr,er
gcl,gcl
kcl,kcl
gcl,dcl
gcl,gcl
ah,ah
ix,ey
f,f
ng,ng
axr,axr
l,l
iy,iy
dx,tcl
dx,n
ah,ao
m,m
s,s
f,f
ey,ey
ix,ix
r,r
v,v
tcl,tcl
el,el
ix,r
ix,ix
tcl,kcl
ng,ng
ix,ix
g,g
g,g
l,l
iy,iy
m,m
kcl,kcl
el,el
sh,ch
v,f
ao,ao
th,th
s,s
dcl,dcl
s,s
tcl,tcl
kcl,pcl
bcl,bcl
ae,ae
b,pcl
ux,ux
tcl,q
r,r
gcl,dcl
ae,ae
dx,dx
f,f
el,el
pcl,pcl
r,r
tcl,tcl
z,z
n,n
r,r
q,q
ae,ae
n,ng
ah,ah
ax,ix
n,n
w,v
w,w
y,y
axr,axr
v,v
r,r
ay,ay
v,v
s,s
ng,ng
ow,ow
iy,iy
ih,ih
y,y
b,tcl
axr,axr
m,m
n,n
iy,iy
tcl,tcl
r,r
m,v
q,q
r,r
kcl,tcl
g,g
ix,ix
p,p
t,t
z,z
s,s
zh,zh
ng,ix
hv,hv
ow,ow
r,r
dh,dcl
z,z
iy,iy
sh,sh
iy,iy
ah,ah
ih,ix
ix,ix
r,r
ah,ax
w,ao
ey,ey
s,s
eh,ih
k,k
eh,l
iy,iy
tcl,dcl
q,q
k,k
z,s
aa,ah
l,l
aa,aa
iy,ix
ax,n
t,t
ae,ae
s,s
t,t
ah,ah
iy,iy
k,k
ae,ae
kcl,kcl
iy,iy
axr,axr
ng,ng
iy,iy
ix,iy
sh,sh
ax,ax
gcl,gcl
ow,l
kcl,kcl
m,n
m,m
ix,ix
axr,axr
g,dx
ix,ix
er,er
axr,r
iy,ix
r,ih
l,q
l,l
f,f
ix,ix
iy,iy
z,z
ix,ax
er,er
ay,ay
m,m
ao,ao
z,z
ao,ao
r,r
ay,ay
eh,eh
m,m
t,q
ix,ix
tcl,tcl
axr,r
iy,iy
p,p
er,ux
s,s
eh,ae
ax,ix
aa,aa
m,v
eh,eh
l,l
ih,ux
q,ix
r,r
ix,ih
ux,ux
ax,ax
r,r
ao,ao
l,l
f,f
d,d
eh,ih
sh,s
t,t
iy,ih
m,n
m,m
y,y
n,n
jh,jh
eh,ah
m,n
z,s
n,n
ao,ao
w,bcl
axr,axr
q,q
dh,dh
s,s
ay,ay
ih,ih
iy,iy
dh,dh
dcl,dcl
s,s
ow,ow
iy,iy
r,r
ay,ay
iy,iy
dcl,dcl
m,m
y,y
ey,ih
nx,nx
z,z
tcl,tcl
s,s
l,q
kcl,pcl
ax,ax
tcl,tcl
k,k
dh,dh
em,en
z,z
l,l
ay,ay
n,n
dcl,dcl
s,s
dh,ix
kcl,k
tcl,pcl
aw,aw
ah,aa
w,w
iy,ux
m,m
ax,ax
n,ng
aa,aa
r,r
hh,t
ax,ix
kcl,pcl
n,ix
iy,iy
ch,ch
iy,iy
ao,ao
iy,iy
iy,ix
l,l
k,k
n,n
n,n
ix,ix
iy,iy
tcl,tcl
t,t
dx,v
n,n
v,v
gcl,gcl
tcl,dcl
eh,ae
tcl,pcl
s,s
kcl,kcl
iy,iy
ae,ay
ax,ix
jh,sh
kcl,kcl
gcl,kcl
r,r
k,k
t,t
ax,ah
kcl,kcl
v,v
ih,ih
kcl,kcl
hv,hv
ux,ux
q,q
pcl,tcl
r,r
iy,iy
ax,ax
dh,dh
ey,ey
ix,ax
m,m
uh,ax
r,r
n,n
dcl,dcl
pcl,pcl
l,ow
eh,ix
ao,ao
z,z
l,l
aa,aa
m,m
eh,eh
g,g
iy,iy
s,s
s,s
iy,iy
m,bcl
q,q
s,s
tcl,tcl
f,f
r,r
q,q
y,y
dcl,dcl
sh,sh
ao,ao
t,t
axr,axr
s,s
iy,iy
f,f
ao,ao
l,l
ae,ae
ux,ux
ng,ng
axr,r
k,k
r,r
axr,ix
r,r
ao,ao
f,f
dx,v
n,n
q,q
g,g
tcl,tcl
z,z
ix,ix
pcl,n
ow,ow
ae,ae
l,l
eh,eh
y,y
tcl,dcl
l,aa
nx,n
v,v
bcl,bcl
ey,ey
uw,uw
z,z
ih,ix
s,s
w,uw
z,z
q,q
tcl,tcl
dx,nx
ao,ao
iy,ix
m,tcl
s,s
axr,axr
s,s
kcl,kcl
n,n
m,n
aa,ao
ix,ix
r,r
w,w
ih,ih
el,ax
tcl,kcl
r,r
ah,aa
ey,iy
tcl,tcl
tcl,tcl
kcl,pcl
r,r
aa,aa
d,t
er,er
l,n
axr,ix
uw,uw
kcl,tcl
th,th
el,el
ah,ah
nx,n
n,n
v,v
n,n
eh,ih
ax,ax
en,en
er,er
n,n
y,y
s,s
aa,ao
ix,r
ix,ix
eh,eh
aa,aa
el,l
en,en
ih,eh
ng,ng
r,r
aw,ao
uh,ow
ix,ix
ae,ae
bcl,pcl
l,l
iy,iy
axr,axr
ix,ax
q,ix
ix,ix
tcl,tcl
ih,axr
gcl,pcl
r,r
jh,jh
n,n
l,r
ae,ae
tcl,tcl
aa,aa
n,m
hh,hh
f,f
ay,aa
r,r
pcl,pcl
kcl,gcl
r,v
dcl,dcl
g,g
n,n
w,l
aa,aa
n,n
ih,ih
axr,eh
ay,ay
q,q
hv,hv
ng,ng
m,m
axr,er
p,p
axr,r
hv,hv
axr,axr
ao,ao
k,k
tcl,tcl
er,r
uw,ow
hv,hv
ax,ax
n,bcl
ao,ao
r,r
sh,sh
hh,hh
ae,ae
f,f
kcl,g
m,m
iy,r
k,k
eh,ix
ah,ih
eh,ae
axr,er
uh,ah
tcl,tcl
m,m
g,k
ae,ae
aa,aa
r,r
ae,ae
kcl,pcl
ch,s
k,k
kcl,pcl
ux,ux
ux,iy
ae,ih
z,z
iy,iy
sh,sh
tcl,th
pcl,pcl
aa,aa
ix,ix
ao,ao
s,s
ay,ay
q,q
bcl,bcl
l,l
l,l
uw,w
dcl,dcl
f,f
ix,ix
t,t
n,n
em,m
r,r
s,s
l,aa
ux,ux
pcl,pcl
n,n
p,p
tcl,tcl
iy,iy
ux,ux
v,v
ae,ae
ae,ae
w,w
er,er
g,g
d,k
el,ow
tcl,dcl
ow,uw
kcl,kcl
aa,r
dcl,dcl
l,n
ao,ao
axr,eh
iy,iy
s,s
kcl,kcl
m,m
hh,iy
er,er
axr,axr
n,ng
tcl,dcl
t,d
m,m
p,p
ay,aa
tcl,tcl
l,l
tcl,tcl
iy,iy
ih,ix
aw,ae
l,l
el,ao
ey,ey
s,s
eh,eh
f,f
tcl,dcl
r,r
ae,ae
s,s
r,r
jh,jh
eh,ih
ae,ae
s,s
oy,oy
iy,ix
r,r
tcl,tcl
iy,iy
ay,ay
kcl,pcl
ix,ax
ix,ih
ux,ux
tcl,tcl
sh,sh
k,k
axr,axr
tcl,kcl
s,s
k,k
iy,iy
q,ix
kcl,kcl
g,g
ow,ow
eh,eh
tcl,tcl
hh,hh
w,q
ax,l
p,p
l,ax
axr,axr
ng,ng
er,er
m,m
ow,ow
ao,ao
ey,eh
aa,ao
aa,aa
q,q
r,r
ae,ae
ih,ih
ih,iy
pcl,pcl
dcl,dcl
ix,ax
l,l
ix,eh
dh,dh
t,t
aa,aa
g,gcl
t,t
sh,sh
n,n
f,f
th,z
ix,ix
r,r
pcl,pcl
n,n
kcl,tcl
iy,iy
r,r
q,q
ng,en
eh,eh
tcl,tcl
ih,eh
tcl,pcl
s,s
axr,r
p,p
dcl,dcl
s,s
r,r
s,s
l,l
y,y
ey,ey
m,n
r,r
dcl,dcl
q,q
hh,hh
w,w
g,g
k,k
ix,ih
s,s
dx,dx
tcl,kcl
ih,ih
ah,ix
d,d
aa,ao
ao,ao
iy,iy
sh,sh
ax,ax
dcl,dcl
ae,ae
kcl,kcl
iy,n
en,en
k,t
ux,ux
en,en
k,k
r,r
ae,ae
ax,r
ax,ix
ao,ao
ay,ay
ih,ih
er,er
dh,dh
axr,axr
ix,ix
ih,eh
n,ng
s,s
ih,ix
iy,iy
axr,r
ah,eh
t,t
s,s
g,g
ay,aa
hh,hh
t,t
q,q
iy,ix
l,ng
k,k
z,z
z,z
b,b
kcl,kcl
ah,ah
aa,aa
ow,ow
s,s
y,y
f,f
axr,ux
z,z
w,w
l,ax
dx,dx
m,m
ix,ax
dh,dh
s,s
hh,hh
ih,ih
l,w
z,s
sh,sh
r,r
ih,eh
dx,dx
bcl,bcl
q,q
s,s
dcl,bcl
k,k
eh,eh
kcl,kcl
q,tcl
eh,eh
y,y
m,g
l,ix
gcl,gcl
th,th
bcl,bcl
ch,ch
g,hh
d,d
q,q
ih,ix
r,r
y,y
tcl,tcl
tcl,tcl
l,l
l,l
w,w
r,aw
r,r
iy,iy
kcl,kcl
ae,ae
hh,hh
ax,ax
eh,eh
uh,ux
ae,ae
sh,sh
dcl,dcl
q,q
s,s
tcl,pcl
t,t
oy,oy
bcl,bcl
d,g
p,p
pcl,tcl
p,k
n,n
ey,ih
oy,oy
dcl,gcl
ix,d
y,ix
ah,ax
v,v
el,w
ix,ix
r,r
t,t
ix,ix
n,n
f,f
t,g
k,g
iy,iy
s,s
kcl,kcl
aa,ao
n,n
iy,ih
r,r
er,axr
axr,r
ix,ix
aa,aa
iy,iy
ix,ix
m,m
aa,aa
hv,hv
v,f
tcl,tcl
ao,ao
eh,eh
ao,aa
l,l
s,s
gcl,bcl
dcl,dcl
r,r
el,ow
eh,eh
er,axr
iy,iy
ix,ix
t,t
s,s
ay,ay
axr,r
dcl,bcl
n,n
kcl,tcl
ch,t
sh,sh
oy,oy
ux,ux
iy,iy
kcl,kcl
tcl,pcl
q,q
aa,ao
dh,k
s,s
z,z
y,r
dx,dx
ae,ae
kcl,kcl
ax,ax
iy,iy
iy,iy
kcl,dcl
kcl,kcl
y,y
y,y
ow,ow
dcl,tcl
m,m
hv,hv
l,l
v,dcl
k,k
ix,ix
l,el
th,th
iy,iy
kcl,kcl
dcl,tcl
kcl,kcl
aa,aa
z,s
iy,iy
l,l
ow,ow
ih,ih
m,em
ux,ux
ax-h,kcl
sh,sh
f,f
w,w
dcl,dcl
ow,ow
v,v
dx,dx
r,r
l,w
kcl,tcl
dcl,dcl
ao,ay
d,v
ng,ng
iy,iy
t,t
m,m
w,w
ux,ux
ey,ey
z,z
iy,iy
m,m
s,s
aa,ae
ih,ih
v,dcl
s,s
ih,ix
z,z
ae,ae
aa,aa
bcl,dcl
t,t
axr,axr
dh,dh
ae,ae
s,s
n,ng
ix,ix
dcl,dcl
dcl,dcl
ih,ih
iy,iy
s,s
r,r
kcl,kcl
dcl,dcl
dcl,dcl
l,el
m,n
ax,ax
l,l
ih,ax
l,l
axr,axr
n,n
r,r
ow,ow
s,s
m,m
ow,ow
r,r
w,w
axr,r
aa,aa
eh,eh
eh,ih
aa,aa
m,m
eh,eh
eh,eh
r,r
r,r
z,z
ao,ao
pcl,pcl
bcl,bcl
tcl,kcl
gcl,gcl
n,tcl
r,r
ax,ix
r,r
aa,aa
t,s
s,s
ey,ey
n,n
q,q
ax,ax
ix,ax
s,s
n,n
ao,ao
ae,ae
ah,ix
dcl,dcl
sh,sh
uh,ix
z,z
iy,l
ow,ow
gcl,tcl
l,ax
axr,r
ix,ax
ey,ey
r,r
s,s
ix,ix
ae,ae
f,f
k,k
n,n
nx,ax
hh,hh
dcl,dcl
s,s
ay,ay
r,r
ix,ax
ay,ay
bcl,dcl
dcl,dcl
er,er
tcl,pcl
z,z
uw,r
r,r
ih,ih
ao,ao
f,f
er,er
r,m
l,ix
ih,eh
el,ow
s,s
uh,er
aa,aa
z,z
er,r
sh,sh
ix,ix
n,n
ix,ix
tcl,pcl
s,s
ih,ih
z,jh
ey,ey
ih,eh
s,s
en,m
dcl,dcl
s,s
dcl,dcl
dx,tcl
dx,dx
kcl,tcl
ow,ow
q,q
z,z
k,k
ax,ix
axr,axr
iy,hv
s,s
d,dcl
k,k
kcl,kcl
m,m
m,m
ix,ih
v,v
z,s
p,b
ix,ix
dcl,dcl
ao,ao
n,n
ng,ng
eh,ah
iy,iy
ix,ix
ih,ih
t,d
m,m
y,y
iy,iy
zh,z
ey,ey
ah,ax
ix,n
s,s
ah,ah
r,ih
r,r
m,m
g,g
tcl,pcl
l,l
v,v
dh,dh
ih,ih
ao,ao
ax-h,t
l,ow
dcl,dcl
tcl,pcl
l,l
k,k
ao,ao
pcl,pcl
tcl,kcl
er,er
l,l
l,l
axr,axr
eh,eh
s,s
ix,ix
y,y
eh,eh
f,f
ix,ax
ix,ix
dh,dh
sh,s
aa,aa
iy,iy
q,q
tcl,pcl
p,p
iy,iy
r,r
er,er
ow,ow
t,t
tcl,gcl
tcl,ax-h
ao,ao
axr,r
n,n
f,f
w,l
ix,ax
ax,ax
ae,eh
ix,ix
q,q
z,z
ao,aa
q,q
r,r
s,s
y,iy
l,l
tcl,tcl
r,r
p,p
t,t
s,s
y,y
ux,ix
s,s
m,m
tcl,pcl
m,r
ae,ae
dcl,dcl
k,k
er,er
s,s
sh,sh
n,nx
l,ax
ey,ix
n,n
q,q
iy,iy
ix,ix
s,s
ax,ax
n,n
er,ow
dcl,dcl
d,t
dcl,dcl
iy,y
aa,ao
iy,iy
ao,oy
l,l
ae,ae
p,p
m,m
l,l
axr,er
ae,ae
r,r
s,s
n,ng
ah,ah
gcl,kcl
kcl,kcl
kcl,kcl
ey,ih
gcl,bcl
ao,ao
dcl,bcl
n,n
axr,er
kcl,kcl
y,iy
pcl,pcl
ih,ih
r,r
n,n
hh,hh
q,q
ux,ix
dcl,dcl
s,s
eh,ih
m,n
ix,ih
ay,aa
ah,ah
n,n
ax,ax
ao,aa
z,s
ix,ix
v,v
m,m
t,t
hv,hv
bcl,pcl
kcl,tcl
dh,ax-h
er,eh
l,l
ow,ow
t,t
er,axr
g,g
kcl,kcl
aa,aa
l,l
ih,ih
l,ao
ah,ah
ow,ow
y,ih
q,q
ih,ix
n,n
ix,ix
ix,ih
k,k
ix,ix
l,l
axr,axr
ax,ay
kcl,kcl
n,ix
f,f
bcl,pcl
l,l
v,f
bcl,n
pcl,kcl
w,w
v,v
r,r
eh,eh
pcl,pcl
ao,aa
dcl,pcl
gcl,bcl
dcl,tcl
b,f
q,q
s,s
w,w
n,m
axr,axr
iy,iy
ay,ay
axr,axr
t,t
ah,ow
ng,ix
uh,ow
hv,hh
r,r
n,n
l,l
dcl,gcl
p,k
eh,ih
ih,ih
m,m
p,p
aa,ao
l,l
n,n
bcl,pcl
axr,r
ao,ao
ch,ch
ih,ih
er,uh
dh,k
ix,eh
ix,ix
r,r
iy,iy
w,w
eh,eh
f,f
aa,aa
f,f
iy,iy
ah,ah
ax,ix
p,p
kcl,tcl
gcl,gcl
tcl,tcl
y,ix
s,s
gcl,dcl
n,tcl
ix,ix
iy,iy
axr,r
t,t
tcl,tcl
sh,sh
iy,ih
ao,ao
l,l
ae,q
aa,aa
tcl,tcl
ix,eh
ux,ux
kcl,kcl
v,v
s,s
ix,ix
k,k
d,d
ih,ih
dcl,bcl
z,s
ix,iy
k,g
ay,ay
s,s
s,s
tcl,tcl
w,w
r,r
ae,ae
f,f
v,v
z,z
b,p
iy,iy
s,s
r,r
dx,ix
n,n
n,n
r,r
l,l
ih,ix
iy,iy
ae,ae
pcl,pcl
ey,ey
w,w
l,l
ng,ng
tcl,pcl
n,n
ix,ix
p,p
v,r
axr,r
iy,iy
axr,er
s,s
th,s
s,s
jh,jh
iy,ix
s,s
z,z
t,t
z,s
ay,ix
k,k
m,m
w,w
ih,ih
ay,ay
r,r
ix,ax
f,v
tcl,pcl
k,k
sh,sh
r,r
q,q
sh,sh
tcl,tcl
ey,ey
w,w
ih,ih
ax,ax
axr,r
ix,ix
kcl,kcl
n,l
n,n
ae,ae
uh,eh
ih,ix
aa,ah
ax-h,ax
dcl,dcl
ax,r
n,n
eh,ih
ow,ow
m,m
dh,t
dh,dh
ch,t
n,n
ae,ae
ow,ow
ih,ih
kcl,kcl
v,v
ax,ax
ih,ih
aa,aa
s,s
l,l
r,r
hv,hv
dh,dh
s,z
axr,er
ae,ae
r,r
ih,ih
iy,ix
iy,iy
s,s
z,s
ae,ae
iy,iy
ix,ih
er,er
kcl,tcl
ux,ux
ao,ao
tcl,tcl
k,k
w,ah
m,r
n,m
l,l
ax,ax
axr,r
s,s
dcl,tcl
sh,sh
ow,l
dx,dx
iy,iy
w,w
ay,ah
p,p
aw,aw
l,l
pcl,kcl
kcl,kcl
w,w
ih,ih
l,g
d,kcl
k,k
ay,ay
ay,ay
iy,iy
t,t
l,l
ih,ix
eh,eh
iy,iy
iy,y
ih,ih
ix,ih
t,t
k,k
n,n
l,l
ao,ao
axr,w
k,k
k,g
ay,eh
dx,dcl
hv,hv
n,n
ae,ae
axr,er
dcl,dcl
hh,hh
ix,ix
m,m
ix,ax
s,s
iy,iy
dh,dh
k,k
l,w
er,er
sh,s
ih,ih
ow,ao
r,r
m,n
t,t
tcl,tcl
ae,ae
gcl,bcl
s,s
ey,ih
el,el
t,t
l,l
kcl,kcl
ey,ey
eh,eh
ix,ix
kcl,dcl
hv,hv
r,r
r,r
dcl,dcl
er,axr
ax,ix
ao,aa
gcl,nx
v,v
ae,ae
oy,oy
tcl,pcl
dx,dx
n,ng
sh,sh
r,r
ah,l
ao,ao
s,s
ix,ix
m,v
ae,ey
q,q
n,n
iy,iy
axr,r
dcl,dcl
k,k
iy,iy
n,n
ih,ix
l,w
dcl,dcl
l,l
ao,ao
m,m
r,r
z,z
ux,ix
ch,t
eh,eh
r,r
l,l
ow,ow
t,t
dh,k
axr,r
ix,ix
ix,ix
ng,n
dcl,pcl
ih,ih
q,q
iy,iy
w,w
ix,ix
tcl,tcl
ae,ae
dh,dh
w,w
s,s
l,iy
kcl,kcl
w,w
bcl,bcl
ih,ih
ih,ae
q,q
y,ih
r,r
z,z
r,r
kcl,tcl
ix,iy
s,s
m,m
w,w
aa,aa
el,el
f,f
eh,eh
w,l
ax,ax
n,n
f,f
s,s
axr,ux
pcl,ng
t,t
s,s
ax,ih
gcl,dcl
ix,ix
l,l
y,y
m,n
k,k
ng,ng
ah,ah
r,v
t,t
w,w
pcl,ax-h
iy,iy
f,f
kcl,kcl
tcl,tcl
k,k
ix,ix
eh,eh
s,s
f,f
ao,ao
iy,iy
g,k
q,q
hv,hv
p,p
el,el
sh,sh
r,r
ax,ax
kcl,kcl
z,z
sh,sh
r,r
z,s
aa,ao
tcl,tcl
w,w
k,k
ch,s
n,n
ih,ix
k,k
aa,ao
z,s
aa,l
aa,eh
r,r
tcl,dcl
q,ih
hh,hh
l,l
el,l
l,l
s,s
ih,ih
ae,ae
kcl,kcl
ey,ay
ow,ow
ax,ax
aa,aa
ih,ih
n,ng
ao,ao
eh,eh
r,r
ao,ao
dcl,dcl
l,l
er,ao
gcl,gcl
l,q
ix,ih
dx,n
uh,ix
ih,eh
s,s
ah,ah
l,l
w,w
tcl,pcl
f,f
ae,ae
ow,ow
dh,th
kcl,kcl
t,t
ix,ix
r,r
l,l
gcl,kcl
axr,axr
aa,aa
k,k
ae,ae
axr,axr
dcl,dcl
r,r
ah,ae
z,z
dcl,dcl
n,n
n,m
jh,y
tcl,tcl
ay,ay
ay,aa
ey,ey
q,q
dx,dx
q,ix
k,k
pcl,pcl
ix,ix
ix,ix
ix,ix
eh,aa
n,n
iy,iy
k,k
ux,uw
t,t
g,g
iy,iy
gcl,kcl
s,s
ih,ih
m,m
w,w
th,th
t,t
dh,dh
z,z
tcl,tcl
b,b
ih,ix
kcl,kcl
ih,iy
ng,ng
axr,ih
pcl,pcl
d,d
iy,iy
y,iy
p,p
eh,oy
t,t
l,l
iy,iy
n,n
k,g
k,k
l,l
ae,ae
q,ix
z,z
p,p
ix,ix
l,l
f,f
eh,eh
m,m
uw,uw
ax,ix
r,r
r,r
ow,l
w,w
iy,iy
t,t
ae,ae
er,er
tcl,gcl
tcl,tcl
ow,ow
k,k
aa,aa
m,n
ix,ih
dh,tcl
w,w
ae,ae
dh,dh
pcl,pcl
oy,oy
iy,hv
z,z
t,t
z,z
jh,jh
n,n
hh,hh
ix,ux
w,w
ay,ow
iy,iy
z,s
w,w
dcl,dcl
ng,ng
dcl,dcl
n,n
ow,ow
k,k
d,d
iy,iy
ah,ah
em,em
ux,ih
n,n
aa,ah
l,l
l,l
z,z
m,q
q,q
ah,ah
ix,ix
v,v
bcl,kcl
n,n
f,f
r,r
uh,ah
ow,ow
z,z
q,n
p,p
t,t
kcl,kcl
pcl,pcl
ao,ao
t,t
m,m
m,m
ax,ax
ux,ux
tcl,tcl
ux,ux
ae,ae
iy,ix
ae,ae
ow,ow
m,m
pcl,pcl
m,m
nx,nx
ao,ao
axr,axr
ey,ey
ng,ng
ae,ae
t,t
pcl,tcl
ae,ae
tcl,tcl
n,m
n,ix
bcl,bcl
r,r
l,ow
f,f
z,z
t,k
w,w
s,s
ch,ch
w,w
jh,jh
l,l
n,ng
p,p
ux,ux
dcl,kcl
dcl,pcl
p,p
tcl,pcl
ay,ay
z,z
ix,ih
m,m
ay,ay
l,ax
dcl,ax-h
r,r
n,n
n,n
eh,eh
l,l
tcl,kcl
iy,iy
l,l
t,t
ih,ih
ax,l
l,l
ix,ix
q,q
ix,eh
r,r
er,r
dcl,gcl
ey,ey
ay,ay
y,p
ch,sh
s,s
l,l
p,p
ah,eh
s,s
f,f
aa,aa
r,r
k,kcl
ix,ix
r,r
r,r
axr,r
g,k
l,l
bcl,bcl
ae,ae
l,ax
er,axr
z,s
aa,aa
n,n
r,r
ay,ay
d,d
ae,ae
l,l
v,v
kcl,dcl
n,n
r,r
s,s
hv,hv
ey,ey
pcl,pcl
kcl,pcl
bcl,tcl
p,k
w,w
ax,ah
er,er
k,g
dh,dh
kcl,kcl
k,k
r,r
r,r
y,y
z,s
s,s
q,q
ow,ow
r,axr
p,p
kcl,kcl
ae,ae
eh,eh
w,w
tcl,tcl
s,s
ux,ux
g,k
iy,iy
kcl,pcl
f,f
ax,ax
r,r
ix,ix
y,y
tcl,tcl
en,n
kcl,kcl
er,er
s,t
m,m
r,r
l,l
aw,aw
t,t
axr,axr
n,n
ax,ah
f,f
sh,sh
ax,l
ah,ax
l,l
sh,sh
ow,ow
kcl,tcl
dx,r
ay,ay
ay,ay
z,s
w,r
hv,hv
s,s
ao,ao
bcl,bcl
el,ax
s,s
tcl,tcl
gcl,n
q,q
iy,r
t,t
jh,jh
s,s
ey,ey
k,k
m,ng
ay,ay
m,m
r,r
r,r
f,f
ng,n
r,r
ih,ih
ae,ae
ix,ih
t,t
ix,r
l,ax
l,l
th,f
l,w
pcl,kcl
ey,ey
ax,ah
dx,kcl
ae,ae
r,r
tcl,pcl
dcl,dcl
n,n
f,f
eh,eh
ix,ix
dx,dh
iy,ix
iy,iy
ih,ih
ax,ax
ux,ix
iy,iy
eh,eh
l,el
l,l
sh,sh
ao,ao
dx,dx
l,l
tcl,tcl
iy,iy
r,r
n,n
tcl,tcl
ow,ow
dx,dx
r,r
q,q
oy,oy
p,p
n,n
q,q
l,r
l,l
q,q
ax,ax
ih,ih
er,r
s,s
l,l
r,r
iy,iy
z,s
l,l
sh,sh
z,z
iy,iy
ow,ow
r,r
ae,ae
ah,ax
d,d
en,n
ow,ow
n,n
iy,iy
dcl,dcl
ax,ix
ey,ey
ao,ao
ah,aa
kcl,kcl
tcl,dcl
aa,aa
tcl,kcl
iy,r
ax,ax
tcl,tcl
ae,ae
n,m
ae,ae
ih,ih
y,y
ih,iy
ae,ae
ax,ih
l,l
s,s
p,b
z,s
s,s
iy,ix
v,v
dcl,dcl
axr,axr
r,r
ix,ix
sh,sh
w,w
dh,ax
tcl,pcl
ix,ix
ih,ix
n,n
r,r
g,g
kcl,kcl
s,s
n,n
iy,iy
eh,eh
s,s
g,g
iy,iy
q,q
p,p
ow,ow
en,en
hh,hh
ix,ih
l,l
l,el
ih,ih
iy,iy
uh,ah
ix,ix
r,r
ih,n
s,s
axr,axr
l,l
ae,ey
ih,ix
w,l
n,n
iy,iy
gcl,gcl
ax,axr
p,p
f,th
ix,ix
n,n
ao,ao
ux,ux
p,b
pcl,kcl
n,n
ih,ih
w,w
eh,ae
s,t
ax,ax
ax,ax
ae,eh
n,ng
ih,ix
tcl,tcl
eh,eh
kcl,kcl
ix,ix
gcl,pcl
ay,ay
aa,aa
aa,aa
ih,l
k,k
ao,ao
kcl,kcl
dcl,dcl
kcl,dcl
w,w
ch,jh
z,z
pcl,pcl
tcl,tcl
ux,ux
ae,ae
ih,ih
s,s
t,t
g,g
er,axr
q,q
ih,ih
k,g
ao,aa
r,r
axr,ih
ux,ux
axr,r
iy,ix
dcl,n
pcl,pcl
z,z
k,k
kcl,kcl
l,l
dcl,dcl
r,er
tcl,pcl
ah,ah
kcl,kcl
n,n
w,w
s,s
dh,dh
z,z
t,t
en,en
dcl,dcl
ao,ao
f,f
k,k
ng,n
z,z
s,s
nx,n
ao,ao
ow,ow
ix,ix
iy,iy
bcl,bcl
f,f
ey,iy
tcl,dcl
aw,aw
n,nx
ah,ao
axr,ix
ay,aw
w,w
eh,eh
z,z
dx,g
ch,ch
axr,axr
s,s
dh,dh
w,w
er,er
ae,ae
f,f
w,w
uh,ih
k,k
ah,ah
en,n
dh,dh
ao,ao
n,ng
l,l
axr,r
k,k
m,n
s,s
hh,hh
q,q
tcl,kcl
sh,sh
ix,ix
tcl,dcl
n,n
k,k
ih,ix
ah,ah
p,p
l,l
s,s
ay,ay
l,l
ow,ow
gcl,gcl
oy,oy
tcl,tcl
axr,axr
eh,eh
ay,ay
dcl,tcl
s,s
s,s
kcl,kcl
ae,ae
k,g
v,v
l,l
ih,ix
tcl,tcl
r,m
ey,ey
aa,aa
y,y
er,er
m,m
f,f
z,z
ax,ax
m,m
f,f
ax,ax
r,r
s,s
ix,ux
ix,ix
ng,ng
n,n
s,s
dcl,bcl
b,b
kcl,tcl
bcl,bcl
ih,ix
ix,ix
ae,ae
iy,iy
tcl,tcl
tcl,tcl
iy,iy
y,k
gcl,gcl
iy,ix
z,z
ux,ux
n,n
kcl,kcl
ix,ih
iy,iy
ix,ih
kcl,tcl
axr,dx
bcl,dcl
iy,iy
q,q
b,k
pcl,pcl
z,z
s,s
n,n
dcl,tcl
ih,ih
l,l
ey,ey
z,z
d,dx
iy,iy
er,ih
kcl,dcl
ow,ow
eh,eh
r,r
s,s
ay,aa
iy,iy
n,gcl
r,r
ao,ow
aa,aa
l,ax
s,s
ih,ih
uh,uh
ah,ax
iy,iy
p,t
ao,ao
dx,dx
ux,ux
dx,jh
tcl,pcl
oy,oy
ix,ix
p,p
z,s
tcl,tcl
b,p
k,k
f,f
aa,aa
dcl,dcl
ae,ae
l,l
ey,ey
sh,sh
gcl,gcl
ow,ow
ae,ae
k,k
w,w
ih,ih
dcl,dcl
ih,ih
r,r
ih,ih
k,k
f,f
iy,iy
ah,ih
b,p
ay,aa
er,er
l,el
tcl,tcl
ax,ax
aa,ao
k,k
z,z
n,n
ix,iy
s,s
iy,iy
p,p
n,n
er,axr
hh,hh
ax,ax
tcl,kcl
jh,jh
kcl,kcl
axr,r
tcl,pcl
q,q
en,n
ih,iy
ux,ix
iy,iy
m,n
iy,iy
eh,eh
nx,n
iy,iy
er,er
t,t
aa,aa
n,en
iy,iy
n,n
dcl,dcl
m,m
q,q
ae,ih
ix,ih
tcl,tcl
ih,ih
s,s
eh,eh
y,y
dcl,dcl
tcl,tcl
n,n
aa,aa
ux,ux
dcl,dcl
ay,ay
ay,ay
ix,ix
l,l
dcl,dcl
aa,ao
iy,iy
n,n
kcl,kcl
axr,axr
uw,uw
ae,aw
sh,sh
ix,ih
v,v
tcl,tcl
eh,ae
t,t
v,v
ux,ux
iy,iy
p,t
r,axr
iy,iy
tcl,dcl
n,en
f,f
s,s
nx,dx
s,s
gcl,kcl
s,s
s,s
ah,ah
ih,ix
r,r
n,n
ih,ih
pcl,pcl
w,w
eh,eh
ey,ey
kcl,k
ah,ah
kcl,tcl
ng,ng
dcl,dcl
dx,dx
ao,ao
r,r
q,q
t,t
hh,hv
pcl,pcl
gcl,kcl
kcl,tcl
pcl,pcl
p,p
ao,ao
p,hh
q,q
kcl,kcl
ax,r
jh,jh
ih,ih
hv,hv
pcl,tcl
z,s
eh,eh
f,f
tcl,pcl
ch,ch
dcl,dcl
ao,ao
ix,ix
ae,ae
ax,r
eh,eh
ix,ax
gcl,gcl
ih,ih
iy,ix
ae,eh
ih,ih
gcl,gcl
hv,hv
n,ix
ae,ae
ay,ay
r,q
s,s
v,g
aa,ao
tcl,pcl
b,b
m,r
ao,aa
kcl,kcl
n,n
l,l
g,l
gcl,gcl
s,s
iy,iy
q,q
tcl,tcl
q,q
ah,ah
ae,ae
tcl,kcl
kcl,kcl
gcl,gcl
dcl,dcl
eh,ax
s,s
ow,ow
ow,ow
n,n
q,q
g,g
t,t
dcl,dcl
aa,aa
gcl,v
k,k
ae,ae
g,g
s,s
m,n
ix,ix
q,q
hv,iy
ao,ao
aa,aa
s,s
g,g
ay,ay
ax,ax
l,ax
ih,ix
ix,ix
g,g
q,q
s,s
eh,ih
dcl,tcl
ix,ix
dcl,dcl
m,m
r,r
t,t
ix,ux
bcl,bcl
iy,iy
jh,jh
sh,sh
s,s
ae,ah
ih,ih
f,f
t,t
n,n
eh,eh
ae,ae
z,tcl
ax,ix
l,l
tcl,tcl
ix,ax
k,k
ix,ix
axr,r
ey,ey
ih,ih
s,s
n,n
oy,oy
k,k
ih,ih
iy,iy
ey,ey
v,v
w,w
p,t
kcl,gcl
d,d
ah,ah
ih,ih
bcl,bcl
dh,dh
dcl,tcl
axr,axr
q,q
ih,ih
z,z
s,s
w,uw
aa,aa
l,l
ah,uh
l,r
th,f
n,n
t,t
ay,ey
kcl,kcl
n,m
tcl,dx
t,t
ae,ae
ax,ax
ax,ax
en,ax
s,s
dh,bcl
ow,ow
tcl,kcl
f,f
kcl,kcl
z,z
ix,ax
ix,ix
ax,nx
s,s
gcl,bcl
ey,ey
iy,iy
ax,ax
ao,ao
l,l
s,s
s,s
en,ax
ae,eh
n,n
pcl,pcl
jh,jh
s,s
n,dcl
ih,ix
dcl,dcl
kcl,kcl
bcl,m
l,l
kcl,bcl
l,l
ao,ao
l,l
ix,ix
f,f
y,y
eh,eh
v,v
n,dcl
gcl,gcl
ax,ax
ax,ax
tcl,tcl
tcl,tcl
iy,iy
ae,ae
kcl,kcl
dcl,dcl
kcl,kcl
el,el
pcl,pcl
r,r
kcl,kcl
s,s
l,l
r,r
d,d
iy,iy
ix,ix
aa,aa
iy,iy
w,w
m,bcl
iy,iy
iy,iy
eh,ae
ax,ax
l,l
iy,iy
ix,ix
tcl,tcl
v,v
w,r
ix,ih
g,g
ah,ah
tcl,v
v,v
dcl,dcl
el,el
uh,r
g,g
ih,ih
r,r
m,m
g,g
ix,ix
l,l
k,k
jh,jh
w,w
k,k
d,t
el,l
d,d
r,r
ow,ow
l,ax
l,l
iy,iy
en,en
ow,ow
ch,ch
w,w
axr,axr
iy,ng
r,r
g,g
r,r
aa,aa
ao,ao
ay,ay
f,f
iy,iy
s,s
el,l
s,s
dcl,gcl
ay,ay
ow,q
ah,ah
ix,ix
aw,aw
s,s
iy,iy
ih,ih
en,n
n,n
n,q
pcl,pcl
ae,ae
r,r
iy,iy
r,r
aa,aa
k,k
s,s
y,iy
ay,ay
ix,ix
ae,ae
z,s
y,hh
oy,oy
uh,uh
dcl,dcl
l,l
dh,dh
el,el
n,em
jh,t
dx,dcl
oy,oy
iy,iy
aa,aa
eh,ix
ah,ah
ax,ah
q,q
f,f
ay,ay
f,f
eh,eh
w,w
q,q
er,axr
ae,ae
r,er
gcl,gcl
bcl,dcl
r,r
hv,hv
hh,hh
eh,eh
iy,iy
oy,oy
axr,ix
dcl,bcl
r,r
ix,ix
ay,ay
gcl,gcl
m,m
k,k
axr,r
g,g
aa,aa
ix,ih
ux,ux
l,l
gcl,dcl
w,w
ax,ax
ih,ih
dcl,dcl
q,q
ng,n
er,r
m,m
p,p
n,n
r,r
pcl,pcl
v,r
eh,eh
hv,hv
tcl,tcl
p,p
p,p
ix,ix
t,t
ng,ng
ow,ow
bcl,bcl
ae,ay
eh,eh
kcl,tcl
sh,sh
k,k
s,s
r,r
ih,ih
ax,ax
ax,ix
iy,ux
ey,ey
z,z
bcl,bcl
iy,iy
kcl,kcl
axr,ix
s,s
t,t
ey,ey
m,m
t,t
ch,ch
dx,dx
hv,hv
er,axr
v,v
ix,ix
w,w
w,w
ow,ow
ey,ey
ay,ay
er,er
z,s
kcl,pcl
y,ix
q,q
s,s
z,z
s,s
ih,ih
en,en
ow,ao
s,s
n,ng
l,l
nx,nx
kcl,kcl
g,g
kcl,kcl
ux,ux
aa,aa
ae,ae
s,s
t,d
n,en
kcl,kcl
th,th
dcl,dcl
ow,ow
kcl,gcl
q,q
jh,jh
axr,ix
ae,ae
hh,hh
kcl,tcl
axr,r
n,n
ux,ux
dcl,tcl
f,f
s,s
s,s
r,r
l,ah
kcl,kcl
hh,hh
n,n
ch,ch
pcl,pcl
ix,ih
pcl,tcl
axr,axr
axr,axr
dcl,dcl
iy,iy
ah,ao
z,z
ax,ax
aa,ao
er,axr
l,ax
r,r
q,k
r,r
ix,ax
jh,t
gcl,ix
ix,ix
ey,hv
m,m
ih,ih
n,n
k,k
ay,aa
ax,ax
ae,ae
w,w
n,n
ao,aa
bcl,pcl
l,l
s,s
tcl,dcl
ah,ao
s,s
s,s
g,g
s,s
eh,eh
m,m
axr,axr
l,l
ux,ux
gcl,dcl
bcl,dcl
ix,axr
ng,gcl
dcl,bcl
r,r
dh,dh
t,t
r,r
en,ax
t,t
n,n
iy,iy
s,s
ix,ix
sh,sh
n,n
t,t
ih,ih
er,er
ow,ow
n,n
ax,l
s,z
sh,sh
r,r
r,r
g,k
f,f
l,ux
kcl,tcl
ih,ih
aa,aa
ay,ay
er,axr
iy,iy
m,m
r,ih
ih,ih
ix,ix
l,l
n,n
gcl,gcl
kcl,pcl
pcl,pcl
ey,ey
aa,aa
z,s
ae,ae
dcl,gcl
dh,dh
b,k
m,m
dh,t
ax,ax
ah,ax
pcl,pcl
tcl,pcl
ah,ah
ae,ae
axr,er
l,m
hh,hh
ay,ay
aa,aa
jh,t
dcl,dcl
q,q
m,m
ux,ux
gcl,bcl
ae,ae
ae,ae
gcl,pcl
l,l
z,z
ux,ux
p,p
n,n
iy,iy
ix,ix
v,v
m,m
kcl,kcl
ae,ae
ay,ay
w,w
z,s
z,z
l,l
sh,sh
eh,ae
l,l
l,l
ax,ax
k,k
aa,aa
k,k
l,l
w,w
ey,ey
dcl,dcl
n,en
iy,iy
aa,aa
v,v
iy,ey
tcl,dcl
sh,sh
m,m
kcl,tcl
ih,iy
ey,ey
q,q
ih,iy
l,l
ix,ax
aa,ao
dcl,tcl
kcl,kcl
k,k
axr,ao
hv,hv
ax,ax
eh,eh
f,f
ah,ah
t,t
r,r
eh,ih
n,n
ch,ch
ow,ow
dx,dx
n,m
s,s
ow,l
kcl,kcl
kcl,kcl
r,r
kcl,pcl
k,k
kcl,kcl
sh,sh
pcl,kcl
dh,dh
ng,ng
l,l
ax,ix
w,w
ix,ix
iy,iy
w,w
bcl,dcl
axr,axr
eh,eh
dx,dx
sh,sh
dcl,dcl
kcl,kcl
r,r
ax,axr
s,s
ax,el
aa,ao
p,p
ih,ix
pcl,pcl
tcl,pcl
tcl,q
ix,ix
s,s
ih,ix
k,k
ax,ix
s,s
ax,ax
f,f
iy,iy
sh,sh
ix,ix
m,n
g,g
n,n
s,z
ao,ao
m,m
r,r
ay,ay
t,t
eh,ae
ix,ix
iy,iy
dx,dx
iy,iy
s,s
hv,hv
dx,dx
tcl,pcl
ih,ih
zh,z
tcl,dcl
dx,dcl
axr,axr
tcl,tcl
ix,nx
th,th
r,r
l,l
m,m
m,m
ao,aa
t,t
r,r
l,bcl
s,s
er,er
s,s
dh,dh
tcl,tcl
er,er
p,p
tcl,dcl
er,er
kcl,kcl
hv,hv
iy,ix
z,z
r,r
dcl,bcl
axr,axr
r,r
l,l
tcl,kcl
ax-h,ax-h
t,t
f,s
aa,aa
sh,s
z,z
iy,iy
iy,iy
en,en
n,n
r,r
p,p
w,w
dcl,dcl
tcl,tcl
ix,iy
l,l
ah,ah
en,n
dcl,tcl
pcl,pcl
ow,ow
hh,kcl
iy,iy
gcl,dcl
ax,ah
q,q
eh,ih
t,t
iy,iy
iy,iy
m,m
f,hh
ey,ey
iy,iy
pcl,kcl
ih,ih
ah,ah
tcl,tcl
iy,iy
y,y
v,v
axr,uh
eh,eh
aa,aa
dh,dh
kcl,kcl
pcl,kcl
r,r
tcl,q
b,p
eh,ix
m,m
ao,ah
oy,ao
tcl,tcl
aw,ah
pcl,kcl
l,ix
kcl,kcl
dh,dh
axr,axr
g,g
ih,ih
hh,hh
ih,ix
t,t
kcl,kcl
ey,ey
d,k
axr,axr
ux,ux
iy,iy
tcl,pcl
eh,eh
q,q
dcl,gcl
s,s
iy,iy
ey,ey
d,d
axr,ax
kcl,kcl
s,s
s,s
iy,iy
kcl,kcl
ae,ih
sh,sh
eh,ah
f,f
iy,iy
ax-h,ix
z,z
ah,ah
bcl,pcl
y,y
k,k
dh,f
r,r
er,axr
l,l
aa,ao
dcl,n
n,n
q,q
ax,ax
iy,iy
r,r
oy,oy
ih,ih
n,n
ao,r
z,z
p,p
bcl,bcl
kcl,kcl
ae,ae
z,z
kcl,kcl
ax,ix
g,g
ah,l
g,k
ih,iy
k,k
kcl,kcl
r,r
ao,ao
kcl,kcl
iy,iy
tcl,tcl
kcl,kcl
n,n
tcl,kcl
ih,ih
kcl,kcl
dcl,dcl
k,k
z,s
z,z
m,m
bcl,bcl
tcl,w
f,f
k,g
r,r
tcl,kcl
n,n
d,r
k,k
gcl,pcl
g,k
kcl,kcl
jh,jh
n,dcl
m,m
ae,ae
l,l
r,r
m,m
s,s
dcl,gcl
s,s
m,m
ey,ey
ah,ao
r,r
n,m
ix,ix
ng,gcl
axr,ax
ay,ay
f,f
q,q
dh,dh
s,s
dh,dh
jh,r
ih,ih
tcl,tcl
eh,iy
r,axr
pcl,pcl
k,k
axr,r
ax,ax
n,n
er,axr
eh,eh
q,q
dcl,dcl
m,n
hh,hh
z,s
axr,ax
n,nx
kcl,kcl
q,q
iy,iy
ae,eh
w,w
q,q
y,y
ao,ao
r,r
z,th
q,axr
q,tcl
ow,ow
v,v
ow,ow
tcl,tcl
w,w
z,z
z,s
hv,hv
ax,ix
kcl,k
k,k
ix,ih
n,n
iy,iy
ow,ow
k,k
r,r
ix,ix
s,s
iy,iy
l,l
gcl,bcl
ix,ax
aa,ah
ax,uh
z,z
kcl,kcl
axr,axr
k,k
iy,iy
k,k
tcl,tcl
t,t
kcl,kcl
z,s
bcl,bcl
ey,ey
ix,ix
l,l
n,hv
tcl,tcl
sh,s
ux,ux
n,n
iy,ey
ao,ow
r,r
ng,ng
s,s
ih,ih
tcl,tcl
ey,ey
ix,ix
q,q
q,n
ix,ix
ix,ix
ey,ae
s,s
p,p
ah,ah
aw,aw
ao,ao
s,s
kcl,kcl
n,nx
t,t
gcl,gcl
tcl,kcl
el,el
aw,aw
kcl,kcl
er,er
l,l
axr,axr
jh,jh
iy,iy
ax,ax
p,p
gcl,gcl
ux,ux
ax,ax
m,n
t,t
z,z
ux,ux
tcl,pcl
dcl,dcl
ah,ah
th,dh
z,s
m,m
ix,ix
s,s
ay,ay
bcl,bcl
n,pcl
t,t
aa,aa
l,l
ao,ao
dh,dh
ax,ax
w,w
tcl,tcl
jh,jh
ae,ae
p,p
s,z
iy,iy
ae,ae
n,n
ay,ay
aa,aa
eh,eh
ix,ix
em,en
er,er
l,l
aa,aa
axr,axr
sh,sh
n,n
kcl,pcl
f,f
eh,eh
ih,ih
axr,axr
iy,iy
ah,ah
k,k
r,r
pcl,tcl
ae,ae
m,m
ow,ow
d,t
f,f
hv,hv
ey,ey
r,r
f,f
ih,ih
tcl,tcl
ow,ow
p,p
m,m
ao,ao
ih,ix
l,l
ay,ay
tcl,pcl
w,ih
eh,ae
bcl,pcl
t,t
m,m
er,r
m,bcl
dh,dh
aa,aa
tcl,dcl
q,q
ey,ay
w,w
aa,aa
ax,ax
hv,hv
aa,aa
ih,ih
ah,ah
q,q
ix,ix
r,r
ih,ih
uw,ih
dx,hv
s,s
ao,ao
ix,ix
g,g
n,n
p,g
r,r
eh,ah
kcl,kcl
tcl,kcl
gcl,gcl
r,r
ih,ix
aa,aa
sh,sh
l,l
t,t
k,k
n,n
ax,ih
gcl,dcl
f,kcl
dx,dx
ih,ih
ix,ih
ae,ae
s,s
n,n
ay,ay
f,pcl
m,n
s,k
ae,ae
ux,ux
n,n
bcl,gcl
f,pcl
z,z
r,r
ih,ih
tcl,tcl
ax,ax
tcl,tcl
q,ng
r,r
kcl,kcl
z,s
kcl,kcl
p,p
z,s
eh,eh
dcl,dcl
iy,iy
iy,iy
ix,ix
r,r
w,l
f,f
r,r
f,f
sh,sh
iy,iy
n,n
tcl,bcl
m,n
t,t
tcl,tcl
kcl,kcl
t,t
s,s
sh,sh
aa,aa
s,s
dx,dx
hh,hh
k,k
eh,ae
m,m
ix,ix
tcl,pcl
iy,iy
el,el
p,p
s,s
sh,s
er,er
n,n
nx,n
tcl,kcl
iy,ix
eh,eh
ah,ah
w,w
ix,ix
eh,ih
d,d
n,n
q,q
t,t
n,n
k,k
tcl,kcl
ax,ix
ix,iy
sh,sh
sh,sh
kcl,kcl
iy,iy
m,m
r,r
ey,ey
s,s
p,g
w,w
ix,ih
dh,dh
z,z
oy,oy
n,n
en,dcl
iy,iy
tcl,pcl
k,k
kcl,kcl
z,z
n,dcl
r,r
pcl,n
k,k
f,f
kcl,kcl
ih,ih
m,m
f,f
tcl,kcl
s,s
kcl,dcl
aw,aw
ao,ao
r,r
pcl,kcl
ax,r
l,r
iy,iy
v,v
k,k
eh,eh
iy,iy
iy,iy
en,en
kcl,kcl
ae,ae
l,l
hv,hv
s,z
iy,iy
aa,aa
z,s
ux,ux
k,k
ix,ix
z,s
l,l
s,s
ix,ix
r,iy
s,s
tcl,tcl
sh,sh
hv,hv
v,v
ih,ix
w,w
p,p
ux,ix
sh,sh
axr,axr
ix,ix
k,k
s,s
s,s
f,f
g,g
ix,ix
s,s
m,m
er,axr
iy,iy
r,r
er,r
er,er
ao,ao
pcl,pcl
gcl,kcl
iy,iy
ah,aa
iy,iy
k,k
k,k
ah,ah
q,m
er,er
ih,eh
iy,iy
t,t
n,n
t,t
kcl,kcl
m,m
s,s
uh,ax
ix,ix
w,w
th,t
pcl,pcl
tcl,pcl
pcl,pcl
iy,l
l,l
n,n
b,p
l,l
aa,ao
q,q
s,s
kcl,dcl
d,d
r,r
n,n
iy,iy
aa,ah
ng,ng
l,ax
ix,ux
l,l
ax,ow
ah,ah
w,w
kcl,tcl
k,k
m,m
w,w
pcl,pcl
l,l
ih,ih
hh,hh
n,n
l,l
iy,iy
tcl,tcl
bcl,v
ih,eh
eh,eh
kcl,tcl
ih,ih
dcl,dcl
s,s
d,d
ah,aa
iy,iy
r,r
s,s
kcl,tcl
bcl,bcl
m,m
kcl,gcl
jh,ch
tcl,kcl
r,r
axr,axr
z,s
iy,iy
dcl,dcl
en,n
ax,ax
f,v
th,dh
s,s
tcl,kcl
gcl,bcl
f,f
dcl,pcl
ng,n
ng,ng
p,p
k,k
y,y
m,m
pcl,kcl
n,n
aa,aa
iy,ih
ae,ae
p,p
hh,ae
dh,dh
ae,ih
nx,nx
n,n
w,w
dx,dx
axr,axr
dcl,dcl
bcl,bcl
q,q
w,w
n,n
kcl,tcl
tcl,bcl
eh,eh
ng,ng
kcl,pcl
tcl,pcl
f,f
ay,ay
jh,d
pcl,pcl
v,v
l,l
ix,ih
dh,dh
ay,aa
k,k
ax,ax
iy,iy
iy,iy
ah,ah
n,ng
aa,aa
z,z
pcl,pcl
tcl,pcl
r,r
dx,r
r,r
r,r
sh,sh
r,r
th,th
ao,ao
iy,iy
ix,ix
ux,ux
g,k
l,l
pcl,gcl
n,n
el,el
tcl,tcl
eh,eh
t,t
n,m
ey,ey
m,m
r,r
tcl,tcl
eh,ah
iy,iy
ih,ah
w,w
r,r
ao,aa
dcl,kcl
nx,nx
ix,ix
gcl,gcl
aa,aa
bcl,dcl
y,ix
ae,ae
ah,ah
r,r
axr,er
pcl,tcl
s,s
w,bcl
k,k
ix,ix
kcl,tcl
en,n
t,t
q,q
dcl,bcl
r,r
tcl,dcl
l,l
q,q
k,k
g,g
ah,aa
dcl,dcl
s,s
iy,iy
ix,ix
v,dh
dcl,pcl
ih,ih
z,z
n,n
iy,ix
q,q
kcl,kcl
dh,dx
axr,r
pcl,kcl
k,k
ch,ch
p,b
z,s
l,l
r,r
s,s
gcl,dcl
y,y
eh,ix
dh,hh
s,s
s,s
tcl,tcl
pcl,pcl
iy,iy
w,w
jh,jh
iy,iy
z,z
q,q
aw,aw
eh,ih
ix,eh
el,el
s,s
k,k
dcl,kcl
ux,iy
m,m
ng,n
t,t
iy,iy
n,n
n,n
d,t
n,n
g,hv
ng,ux
ow,ow
y,d
ae,ae
r,r
hv,hv
dh,dh
s,s
ao,ao
n,n
q,kcl
ah,ah
hh,hv
m,dh
t,t
w,w
bcl,bcl
ix,ax
dx,dx
k,k
s,s
l,l
ix,ih
l,l
aa,aa
ih,ih
v,v
t,t
w,w
r,r
ey,ey
ao,er
ae,ae
dcl,dcl
ay,oy
n,n
iy,iy
ih,ih
q,ax
kcl,kcl
s,s
el,el
iy,ux
dh,dh
dx,dx
n,n
aw,aw
l,l
el,el
k,tcl
pcl,pcl
iy,iy
pcl,pcl
n,y
g,g
gcl,dcl
jh,s
bcl,bcl
s,s
kcl,kcl
v,v
eh,eh
tcl,tcl
ih,eh
bcl,v
ix,ax
n,n
k,k
iy,iy
ix,ix
iy,iy
ax,r
eh,ih
ay,ay
oy,oy
ng,m
l,l
l,el
aw,aw
kcl,kcl
t,t
k,k
ae,ae
z,z
gcl,kcl
n,n
ix,ix
hv,hv
jh,jh
f,f
gcl,gcl
ey,ih
iy,iy
t,t
iy,ux
r,r
t,t
ix,ix
gcl,gcl
l,r
uh,ow
tcl,dcl
hh,hv
ih,eh
ax,ah
oy,oy
kcl,tcl
ae,ae
ay,ay
iy,iy
hv,hv
dcl,dcl
ux,ux
ay,aa
ow,ow
s,s
ow,ow
dcl,tcl
kcl,ax-h
bcl,bcl
en,n
s,s
aa,ao
ix,ix
aa,ao
s,s
v,v
kcl,kcl
iy,iy
en,en
t,t
g,k
el,ow
kcl,kcl
er,axr
l,l
r,r
dcl,dcl
bcl,bcl
axr,r
ng,ng
r,r
r,r
ax,ax
q,k
s,s
gcl,ux
iy,iy
iy,iy
dcl,tcl
ah,ah
k,k
bcl,bcl
tcl,tcl
ae,ae
z,s
z,z
ng,ng
eh,ix
w,w
ix,ax
kcl,kcl
l,ax
ux,ix
s,s
k,k
ih,eh
ae,ae
tcl,kcl
k,k
l,l
ix,r
k,k
axr,axr
en,n
m,m
r,r
z,z
iy,iy
ix,iy
n,l
n,n
sh,sh
r,r
ix,ix
m,m
r,m
bcl,bcl
n,ng
tcl,pcl
axr,er
iy,iy
l,ix
t,t
v,n
ae,ae
jh,jh
w,w
ix,ix
kcl,kcl
iy,iy
dcl,dcl
l,ow
w,w
ix,ix
p,p
ey,ay
th,th
er,er
tcl,tcl
en,dcl
er,axr
kcl,kcl
p,hh
eh,ae
m,m
z,z
d,tcl
kcl,kcl
l,l
s,s
uw,uw
r,r
k,k
dx,dx
tcl,tcl
gcl,gcl
ih,ih
ix,ax
ux,ux
t,t
ow,ow
n,n
axr,axr
pcl,tcl
eh,ah
r,r
th,th
ix,ix
em,ax
eh,ih
dh,g
s,s
s,s
ux,ih
f,f
m,n
l,l
k,k
f,f
v,v
r,r
w,r
t,t
kcl,gcl
gcl,gcl
m,n
ih,ix
pcl,pcl
p,k
gcl,gcl
bcl,bcl
f,f
dcl,kcl
s,s
ae,ae
z,s
hh,hv
dx,dx
gcl,gcl
r,r
r,r
s,s
ux,ux
aa,aa
kcl,kcl
iy,iy
k,g
tcl,pcl
uw,uw
er,axr
er,r
m,m
s,s
l,ux
bcl,bcl
aa,aa
z,z
ah,aa
iy,iy
n,n
m,m
dcl,dcl
g,g
ax,ax
q,q
tcl,tcl
q,q
t,t
er,axr
axr,axr
ax,ax
k,k
axr,r
dx,dcl
m,n
el,l
ux,ux
ax,ax
aa,aa
ih,ih
iy,iy
ae,ae
iy,iy
eh,ey
ax-h,t
dcl,dcl
t,t
bcl,ng
el,ow
sh,sh
k,k
r,ax
ow,ow
ax,ax
w,w
dh,v
r,r
s,z
oy,oy
y,y
s,s
q,q
w,w
ay,aa
eh,ih
bcl,dcl
l,l
eh,ae
ae,ae
axr,r
iy,iy
t,t
ih,ix
k,k
axr,axr
kcl,kcl
v,v
kcl,kcl
gcl,kcl
bcl,bcl
ix,ix
l,l
f,f
q,q
r,r
hh,hh
p,p
v,v
ix,ix
ah,ao
iy,iy
z,s
uh,ax
oy,ah
t,t
p,p
r,r
ae,ae
uw,ux
ih,ih
er,er
m,m
er,er
aa,r
ao,ao
kcl,kcl
tcl,dcl
tcl,dcl
s,s
z,z
bcl,dcl
f,f
m,ix
w,w
m,m
ix,ix
ax,ix
eh,ah
l,l
q,q
iy,iy
z,z
tcl,k
dh,tcl
l,l
el,l
ey,iy
ix,ix
en,ax
s,s
v,f
axr,axr
k,k
ao,ao
ao,ao
ng,ng
jh,jh
ae,ae
tcl,tcl
tcl,kcl
z,s
z,z
ao,ao
ix,ix
ih,ih
m,n
z,s
ih,ih
ih,ix
tcl,kcl
eh,er
hv,hv
ih,iy
ae,eh
z,s
bcl,bcl
kcl,kcl
ih,ih
r,r
iy,iy
z,z
m,m
z,z
l,ix
w,w
dh,dh
r,r
er,er
hv,hv
en,n
gcl,gcl
tcl,kcl
eh,eh
ix,ix
ix,ux
ng,ng
tcl,dcl
w,w
k,k
v,v
ih,ih
el,l
l,l
ix,eh
ay,ay
n,n
iy,iy
aa,aa
pcl,pcl
er,r
m,m
ay,ay
l,l
r,r
n,n
s,s
kcl,gcl
dcl,dcl
ao,ao
ix,ix
r,r
oy,oy
s,s
y,y
axr,ux
y,iy
l,l
t,t
aa,aa
jh,jh
dcl,dcl
q,ax
gcl,n
jh,jh
axr,axr
p,p
er,er
gcl,gcl
ow,ow
ey,iy
m,m
kcl,kcl
kcl,kcl
er,axr
s,s
pcl,pcl
s,s
t,t
w,w
r,r
ey,ey
hv,hv
dh,dh
r,r
s,s
iy,iy
aa,aa
ey,ey
l,q
ix,r
f,f
axr,axr
m,m
q,q
ow,ow
k,k
ng,n
g,g
uh,ih
er,er
v,bcl
iy,iy
ix,ih
dh,n
l,l
ao,ao
ah,ax
tcl,tcl
s,s
hv,hv
ux,ux
ow,ow
k,k
z,th
m,bcl
axr,axr
iy,iy
y,y
eh,ix
en,m
n,n
aa,aa
k,k
n,n
ix,ax
n,n
z,z
ix,ix
ow,ow
dh,v
s,s
tcl,pcl
gcl,gcl
l,l
tcl,pcl
l,l
ah,ah
l,l
el,el
dh,dh
q,q
pcl,pcl
aa,ay
nx,n
ao,ao
ah,eh
s,s
iy,iy
en,ix
ng,n
z,z
pcl,pcl
iy,iy
ao,ao
dcl,dcl
gcl,gcl
iy,iy
th,th
pcl,pcl
sh,sh
ae,ae
sh,sh
axr,axr
ux,ux
l,l
r,r
ah,ah
tcl,w
p,p
iy,hv
kcl,pcl
r,r
s,s
f,f
s,s
k,k
z,s
pcl,kcl
k,k
kcl,kcl
tcl,tcl
s,s
pcl,kcl
m,m
ix,ix
ao,ao
aa,aa
iy,iy
iy,y
iy,ix
ix,r
ax,ix
tcl,pcl
ey,ey
iy,iy
kcl,z
ao,ao
r,r
w,ao
ao,ao
ax,axr
ah,ah
r,r
ah,ae
iy,iy
r,ix
ih,ih
n,kcl
iy,iy
ao,ao
s,s
ch,s
tcl,tcl
ix,ix
ih,ih
er,er
z,z
n,n
m,m
ae,ae
f,f
aa,aa
w,w
sh,ch
r,r
dcl,gcl
m,bcl
l,l
q,q
kcl,gcl
eh,eh
ix,ih
ch,ch
n,n
eh,eh
ng,n
ng,ng
n,n
l,l
iy,iy
ix,ix
ix,ih
dcl,dcl
m,m
ey,ey
ao,ao
s,s
ey,iy
t,t
s,s
m,ng
t,t
ow,ow
axr,ow
gcl,gcl
ih,ih
ay,ey
ao,aa
r,r
eh,ih
pcl,pcl
er,axr
jh,t
aa,ao
eh,eh
gcl,kcl
iy,iy
oy,oy
axr,axr
iy,iy
l,l
l,l
tcl,tcl
dcl,dcl
jh,jh
oy,oy
dh,ax-h
n,n
m,m
axr,r
kcl,kcl
q,q
axr,axr
dcl,dcl
tcl,pcl
r,r
axr,axr
w,r
kcl,kcl
bcl,bcl
l,l
ao,ao
tcl,tcl
l,ih
ao,ao
n,m
ey,ey
iy,iy
iy,iy
ey,ey
ix,ix
aa,aa
s,s
s,s
v,bcl
ay,ay
zh,z
q,q
ao,ao
l,l
jh,jh
l,l
ax,r
eh,eh
ae,eh
ey,ey
d,d
iy,iy
ey,ey
y,y
q,q
dx,dx
er,er
ae,ih
gcl,dcl
kcl,pcl
ix,ix
t,t
tcl,tcl
ih,ih
eh,eh
dh,n
ix,iy
ao,ao
ix,ix
eh,eh
kcl,tcl
k,k
iy,iy
ih,ih
er,er
ix,ix
ch,jh
l,w
hh,hh
iy,iy
q,q
y,y
t,t
s,s
aa,ao
ae,ae
g,l
ao,ao
ix,ix
tcl,pcl
p,p
ah,ow
nx,ng
nx,nx
t,t
iy,iy
sh,sh
z,s
dcl,tcl
ae,ae
eh,eh
ix,ix
ao,er
iy,iy
iy,iy
w,w
gcl,dcl
n,n
p,p
ah,r
s,s
m,m
aa,ao
sh,sh
l,el
er,eh
n,n
ah,ao
pcl,pcl
axr,r
f,f
iy,iy
d,g
nx,nx
q,ix
tcl,kcl
ix,ix
l,l
th,s
kcl,kcl
ae,ae
ay,ay
y,ix
tcl,kcl
ih,ih
n,m
pcl,ng
ao,aw
ih,ih
ow,ao
ih,ih
ay,ay
gcl,gcl
aa,aa
tcl,tcl
ax,ax
r,r
ah,oy
ey,ey
eh,ih
r,ax
dx,dx
kcl,tcl
ng,dcl
l,ax
m,m
nx,nx
tcl,tcl
k,g
n,n
t,t
axr,axr
dx,dx
ih,ih
ay,ay
dh,dh
ix,m
uh,uh
ih,ih
s,s
tcl,tcl
n,n
el,el
s,s
dh,b
ih,ih
l,l
nx,n
p,p
kcl,kcl
d,t
ix,ix
ow,ow
aa,aa
kcl,kcl
f,f
pcl,pcl
tcl,tcl
p,p
ix,ix
aa,aa
s,s
th,f
ay,ay
n,n
q,q
w,w
q,q
ah,ah
n,n
r,r
m,m
r,axr
tcl,pcl
s,s
ey,ay
l,l
eh,ih
f,f
ae,aa
dcl,gcl
tcl,tcl
w,w
iy,iy
aa,aa
ay,ey
d,dx
nx,dcl
iy,iy
ix,ix
p,p
ax,ax
l,l
m,m
ix,ix
z,z
ay,ay
ix,ix
axr,axr
sh,sh
r,r
p,p
dcl,dcl
ng,dcl
bcl,bcl
ao,ow
iy,iy
ax,ax
tcl,tcl
s,s
ax,ax
p,k
p,t
aw,aw
ih,ih
z,s
w,w
tcl,dh
ae,ae
m,n
iy,iy
aa,ay
ae,ae
ux,uw
r,r
w,w
g,dx
s,s
ih,ix
ae,ae
iy,iy
eh,ae
s,s
sh,sh
aa,aa
bcl,dcl
z,z
tcl,kcl
ae,ae
kcl,kcl
s,s
y,y
ae,ae
ih,eh
r,r
kcl,kcl
f,f
ae,ae
q,q
sh,sh
s,s
ey,ey
pcl,pcl
ao,ao
l,ax
ah,ah
s,s
eh,eh
f,t
s,s
tcl,kcl
oy,oy
n,en
ow,ow
ae,eh
ih,ih
iy,iy
ix,ix
er,er
ih,ih
l,el
axr,ah
ng,ng
n,n
s,s
t,t
el,l
ay,ay
k,k
r,r
ch,t
f,f
ng,ng
dcl,dcl
tcl,tcl
ix,ix
s,s
ae,ae
pcl,tcl
dcl,kcl
kcl,kcl
l,l
ay,ay
m,m
g,g
ix,r
iy,iy
r,er
th,f
dh,dh
uw,uw
t,t
tcl,pcl
dcl,bcl
r,r
w,w
d,d
l,l
f,f
iy,iy
n,n
r,aa
iy,iy
pcl,pcl
ax,ix
p,p
aa,ah
k,kcl
dx,dcl
r,r
v,v
ix,ix
f,f
ix,r
er,er
aa,ah
iy,iy
r,r
dcl,dcl
ao,ao
en,ng
l,l
axr,axr
ah,ix
kcl,kcl
hv,hv
iy,iy
ih,ix
k,k
tcl,dcl
r,r
l,ao
s,s
g,g
n,n
ao,aa
q,ix
ix,ix
iy,iy
q,q
tcl,gcl
iy,iy
ix,ix
ux,ux
en,n
t,t
iy,iy
r,r
ay,ay
dcl,dx
dx,d
k,k
n,n
axr,axr
r,r
n,n
dcl,g
dcl,dcl
kcl,kcl
pcl,tcl
ey,iy
tcl,tcl
gcl,kcl
n,ng
kcl,kcl
s,z
r,r
dx,dx
l,l
ae,ae
k,k
ih,ih
dcl,z
axr,axr
s,t
ae,ae
pcl,pcl
l,ax
eh,ae
iy,iy
r,r
ih,iy
ay,ay
ix,ix
ih,iy
tcl,kcl
gcl,ng
p,p
ih,iy
aa,aa
eh,ih
ay,aa
n,gcl
jh,jh
r,r
r,r
ih,r
er,r
t,t
ae,ae
ux,ux
en,ix
m,m
m,m
ah,ah
s,s
er,axr
dcl,dcl
k,k
dcl,dcl
ih,ix
iy,iy
r,axr
iy,iy
oy,oy
f,f
zh,z
ao,ao
y,hv
s,s
l,el
ow,ow
pcl,pcl
k,k
w,w
ao,ao
kcl,kcl
z,s
ao,ao
d,d
l,ng
p,p
iy,iy
z,z
ah,aa
dcl,tcl
r,ah
ng,n
tcl,tcl
b,b
s,s
t,t
iy,ux
k,k
tcl,kcl
n,n
r,axr
dh,dh
ao,ao
f,f
iy,ix
axr,axr
n,n
t,t
q,q
k,k
q,q
eh,ix
uh,ih
dh,n
ch,jh
ix,ih
f,f
s,s
ow,ow
iy,iy
ix,ix
n,n
ae,ae
q,q
ih,eh
s,s
w,w
ah,ax
p,p
dcl,dcl
t,t
nx,nx
l,l
eh,ah
axr,er
hh,p
s,s
r,r
ax,r
dcl,dcl
ah,ah
s,s
dx,dx
r,er
ey,ey
pcl,pcl
ux,iy
ih,iy
eh,ae
ux,ux
nx,n
m,m
f,f
ax,ax
n,n
ix,ax
m,m
ah,ae
tcl,kcl
ae,ae
s,s
s,s
dx,dx
ae,ae
ah,ah
ay,aa
f,f
l,l
q,q
r,r
dx,dx
ax,ix
iy,iy
pcl,kcl
dcl,dcl
iy,iy
k,g
ix,ix
ey,ey
iy,iy
kcl,kcl
r,r
sh,sh
ix,ix
kcl,kcl
dcl,dcl
m,m
ix,ix
th,dh
v,v
eh,eh
r,r
ih,ih
pcl,pcl
er,er
gcl,kcl
dh,m
uw,l
z,z
tcl,kcl
ix,n
ae,ae
r,r
ae,ae
aa,aa
k,k
n,n
ah,ah
el,el
p,p
ae,ae
b,ax-h
tcl,tcl
k,k
eh,eh
iy,iy
gcl,gcl
q,q
ih,ih
l,aa
iy,iy
r,r
dcl,tcl
ax,ax
s,s
kcl,kcl
m,m
iy,iy
dcl,tcl
kcl,kcl
ae,aw
ix,ax
ey,ey
p,p
iy,ix
ih,ih
t,s
ix,ix
w,w
ao,aa
r,r
ax,ax
t,t
ux,ux
pcl,pcl
z,s
dh,dh
er,r
m,n
ix,ix
iy,iy
t,t
aw,ae
y,y
q,q
s,s
r,r
ey,eh
m,m
k,k
m,m
s,s
tcl,tcl
n,n
hv,hv
n,n
n,n
tcl,tcl
s,s
zh,sh
r,r
s,s
k,k
z,z
hv,ix
k,p
ix,ax
pcl,pcl
aa,aa
ax,ax
v,v
ey,ey
ih,ih
sh,sh
y,y
oy,oy
kcl,kcl
axr,ax
oy,oy
aa,aa
ix,ix
y,ng
ae,ae
q,kcl
iy,iy
ih,ih
ax,ix
eh,ae
tcl,tcl
k,k
axr,axr
ah,ah
ae,ae
q,q
ix,ix
q,q
er,ih
r,r
aa,ao
ix,ax
z,s
ix,iy
ux,ix
ux,ux
ux,ux
ah,ah
ix,ix
oy,oy
bcl,bcl
m,m
bcl,bcl
kcl,kcl
eh,ih
n,n
ah,ah
ah,ah
ax,ax
kcl,kcl
p,p
dcl,tcl
ae,ae
y,ux
aa,aa
tcl,tcl
n,ix
ah,aa
f,f
ih,y
axr,axr
ix,ix
m,m
gcl,dcl
hv,hv
ax,ix
q,ax
s,s
er,er
t,t
iy,iy
m,m
hv,hv
eh,eh
iy,iy
ux,ux
r,r
tcl,pcl
dcl,dcl
en,n
er,er
s,s
n,n
t,t
tcl,dcl
er,er
dcl,kcl
k,k
g,g
iy,iy
bcl,m
z,z
ah,aa
sh,sh
l,l
ax,ix
dcl,dcl
ix,ix
kcl,pcl
tcl,pcl
f,f
ae,ae
ao,ao
ae,ae
axr,axr
tcl,tcl
r,r
dcl,dcl
r,r
ax,n
n,n
t,t
hh,hh
dcl,dcl
dx,dx
l,l
ix,ix
th,f
bcl,bcl
aa,ay
ix,ix
p,p
v,v
v,v
dx,dcl
y,y
s,sh
kcl,kcl
ix,iy
gcl,gcl
kcl,kcl
iy,iy
r,r
tcl,kcl
n,ng
y,y
z,z
s,s
ch,ch
k,k
k,g
ix,hv
ow,ao
ay,ay
ax,l
n,n
eh,aw
ao,aa
ah,ah
tcl,tcl
sh,sh
tcl,kcl
aw,aw
aw,aw
iy,iy
dh,b
r,r
ih,ih
dcl,bcl
ch,t
dcl,dcl
eh,eh
l,l
w,w
ax,ix
pcl,pcl
q,tcl
tcl,tcl
ix,ae
kcl,kcl
bcl,bcl
d,n
f,f
ih,ih
z,s
ix,ih
ow,ow
q,q
r,r
w,w
n,en
r,r
axr,axr
aa,aa
m,m
iy,iy
axr,er
s,s
iy,iy
tcl,tcl
ih,ix
s,s
ao,ao
kcl,kcl
axr,axr
pcl,tcl
ae,ae
l,l
er,er
f,f
d,tcl
pcl,pcl
axr,r
ng,dcl
r,r
n,n
q,q
eh,eh
t,t
m,n
ay,ay
kcl,tcl
t,t
ix,ix
ix,ih
tcl,pcl
w,w
l,l
ao,aa
ay,ay
hv,hh
s,s
ae,ae
oy,oy
ah,ow
bcl,bcl
t,t
tcl,pcl
r,r
jh,jh
s,s
n,n
ix,ix
ax,ax
k,k
ix,iy
f,f
n,n
ix,ix
b,b
iy,y
aa,ao
el,ow
ah,ah
q,q
s,s
pcl,tcl
ax-h,ax
f,f
ay,aa
axr,r
eh,ih
l,l
tcl,tcl
gcl,dx
ey,ey
m,m
ao,w
axr,r
iy,ix
l,l
ey,ey
el,ow
tcl,tcl
eh,eh
y,iy
aw,aw
n,ng
kcl,kcl
eh,eh
ow,ow
eh,ix
eh,eh
kcl,kcl
l,ao
n,n
nx,nx
iy,iy
w,w
kcl,dcl
y,y
er,eh
s,s
s,s
en,n
ux,ux
ah,ah
s,s
zh,jh
iy,iy
nx,n
aw,ow
b,p
p,p
ih,ih
ih,ih
tcl,pcl
tcl,tcl
g,y
t,t
ae,ae
n,n
ix,ix
m,m
q,q
tcl,kcl
hv,hv
bcl,bcl
ng,ng
w,w
axr,er
gcl,kcl
eh,eh
ih,ih
ey,iy
pcl,kcl
pcl,pcl
ao,ao
r,r
r,r
ux,n
ow,ow
kcl,kcl
ax,ah
kcl,kcl
axr,axr
tcl,tcl
ih,ih
s,s
dh,k
pcl,tcl
l,l
en,en
dcl,dcl
iy,iy
k,k
q,q
ay,ay
ae,ae
ay,aa
s,s
n,n
ae,ae
sh,ch
ax,r
w,w
axr,axr
b,p
s,s
l,ax
iy,iy
dcl,dcl
ae,ae
s,s
aa,aa
jh,jh
kcl,tcl
dcl,dcl
gcl,n
k,k
dcl,tcl
ix,ix
l,l
kcl,kcl
dh,m
dx,dx
r,r
iy,iy
p,p
f,f
n,n
ng,ng
ah,ax
ey,ey
n,n
tcl,pcl
n,n
jh,jh
y,y
ih,ih
tcl,kcl
b,b
eh,eh
k,k
iy,iy
aa,aa
l,l
ih,ih
eh,r
iy,ix
dcl,dcl
uw,ux
w,w
s,s
ix,ix
kcl,kcl
iy,iy
r,r
l,l
ih,ih
k,k
dcl,tcl
s,s
k,k
dh,dh
kcl,kcl
bcl,bcl
kcl,kcl
uw,ux
ae,ae
y,y
ix,ih
g,g
y,y
s,s
n,n
dcl,tcl
m,m
y,iy
er,er
ow,ow
kcl,kcl
z,z
m,ng
pcl,pcl
ih,ix
ix,ix
p,p
ix,ih
ih,y
t,jh
dx,dx
hv,hv
ax,ax
uw,el
k,k
tcl,tcl
ey,eh
r,r
hh,hh
s,s
eh,ix
ax,ax
w,w
w,w
m,n
dcl,dcl
dcl,dcl
k,k
r,r
ay,ay
s,s
r,l
m,m
dh,dh
tcl,kcl
el,l
l,l
f,f
hh,hh
ix,ix
dh,dh
ix,ix
ow,ow
k,k
p,p
n,m
iy,iy
jh,jh
s,s
l,l
m,m
ix,ax
z,z
n,b
kcl,kcl
oy,oy
k,tcl
f,f
n,n
s,s
d,t
ax,ax
tcl,tcl
z,z
pcl,tcl
t,t
ix,iy
kcl,kcl
eh,eh
kcl,tcl
r,r
ao,ao
k,g
tcl,tcl
s,s
iy,iy
m,m
ix,ax
ng,ng
r,r
y,y
s,s
gcl,dcl
s,z
r,r
iy,iy
r,r
iy,iy
n,n
sh,sh
iy,iy
w,r
ae,ae
d,t
aa,aa
er,er
z,s
ih,ih
w,w
tcl,tcl
oy,oy
q,q
q,ix
q,q
ux,ux
aa,aa
ix,eh
z,s
er,er
ey,ey
ch,ch
ow,ow
ow,ow
q,t
aa,ao
dcl,dcl
l,l
z,z
dcl,dcl
s,s
d,g
ih,ih
ow,ow
dh,ix
l,l
g,k
l,uw
eh,ih
g,g
ae,ae
er,er
d,ix
eh,eh
ih,ix
r,r
w,w
ao,ao
kcl,kcl
dcl,bcl
tcl,tcl
gcl,tcl
t,t
l,l
eh,eh
eh,eh
k,k
z,jh
en,em
k,k
d,t
ao,ao
th,th
kcl,kcl
uw,uw
nx,n
ae,ae
ay,ay
t,t
l,l
f,f
q,q
m,m
ax,ix
ih,ix
r,r
n,n
pcl,bcl
pcl,kcl
pcl,pcl
n,ng
l,l
r,r
dcl,dcl
er,er
y,y
ay,ay
v,v
sh,sh
iy,iy
pcl,kcl
sh,sh
ix,ix
dh,dh
iy,ix
kcl,kcl
er,axr
n,n
th,s
y,ih
ay,ae
bcl,dcl
pcl,kcl
ao,ao
ix,ih
iy,iy
r,axr
s,s
el,el
l,l
iy,iy
f,v
y,y
q,q
ax,ax
aa,ao
ih,ih
ah,ah
f,f
ey,ey
ax,ax
ax,aa
iy,iy
k,k
hv,hv
s,s
n,kcl
bcl,kcl
m,m
r,n
ax,q
g,g
n,n
kcl,kcl
ah,aa
s,s
dcl,tcl
r,r
tcl,tcl
er,er
k,k
tcl,pcl
ux,ux
th,ax-h
pcl,tcl
axr,axr
dcl,tcl
p,p
p,p
t,t
ix,uw
ay,ay
ae,eh
dcl,dcl
r,r
ix,ix
s,s
t,t
l,l
t,t
t,t
dcl,dcl
iy,ix
l,l
dcl,dcl
kcl,kcl
er,er
iy,ix
r,r
q,q
s,s
oy,oy
pcl,pcl
kcl,tcl
r,r
ix,ix
bcl,dcl
ux,iy
eh,eh
iy,iy
ao,ao
kcl,kcl
kcl,kcl
s,s
r,r
l,l
dcl,gcl
k,k
l,uw
g,g
n,n
dcl,dcl
ch,t
kcl,kcl
s,s
dx,d
aa,ax
ey,ey
y,y
ix,ix
ih,ix
s,s
tcl,pcl
s,s
s,s
n,n
p,b
l,l
ix,ix
n,bcl
ih,ih
n,v
kcl,kcl
ix,ix
uh,ah
r,r
f,v
n,n
k,k
el,ax
ix,ix
ih,ih
ix,eh
iy,iy
n,n
n,n
er,er
ux,ux
dx,dx
en,n
k,k
eh,eh
ix,ax
ao,ao
pcl,pcl
r,r
ay,ay
sh,sh
aa,aa
s,s
en,ax
ay,ay
ix,eh
f,f
axr,axr
ix,ix
ix,r
pcl,kcl
n,n
n,n
ow,ow
t,t
s,s
aw,ao
ae,ae
el,l
er,er
gcl,gcl
ay,ay
sh,sh
v,v
dcl,dcl
ax-h,ax-h
ax,ix
f,f
hv,hv
kcl,kcl
iy,y
ae,ae
n,n
ix,ix
kcl,kcl
z,z
dcl,dcl
y,y
r,r
ih,ih
ao,ao
s,s
l,l
ae,ae
y,iy
aa,aa
r,r
k,k
n,n
iy,iy
g,g
ay,ay
er,r
bcl,bcl
l,m
bcl,f
iy,iy
s,s
ah,ah
s,s
ae,ae
kcl,kcl
s,s
k,k
gcl,g
v,v
ix,ih
ix,l
tcl,kcl
k,k
ch,sh
q,q
ng,n
pcl,pcl
ix,ax
iy,iy
k,k
er,er
jh,ch
ax,ax
dh,dh
axr,axr
dcl,dcl
iy,iy
l,ax
ax,ax
f,f
k,k
q,q
p,p
w,l
t,t
ix,ax
dcl,dcl
er,er
ao,r
l,ax
iy,iy
ax,ax
iy,iy
ax,ax
l,l
s,s
l,l
axr,r
d,hh
n,m
ih,ih
w,w
s,s
tcl,pcl
el,uh
q,q
ey,ey
q,q
kcl,kcl
kcl,kcl
eh,eh
ae,ae
axr,ux
f,f
ow,ow
dcl,dcl
ay,ay
bcl,bcl
ix,ix
s,s
bcl,pcl
tcl,tcl
aa,aa
iy,iy
ix,ix
t,k
dh,dh
f,f
y,y
f,f
r,r
m,m
th,th
ax,ax
ix,ix
s,s
ix,ix
m,m
ao,ao
jh,jh
axr,axr
ix,ix
ae,ae
ax,ix
jh,jh
uh,ax
ae,ae
q,q
n,n
ey,ey
w,w
eh,eh
dx,dx
t,d
ao,ao
iy,iy
ix,iy
tcl,tcl
tcl,kcl
n,m
iy,iy
pcl,pcl
l,ix
n,en
pcl,pcl
t,t
hv,hv
g,g
q,ix
sh,sh
ay,ay
m,m
eh,eh
ix,iy
eh,ae
iy,iy
ax,ix
l,l
er,axr
f,f
er,eh
ao,aa
n,n
r,r
g,g
ao,ao
s,s
axr,axr
bcl,bcl
tcl,pcl
z,s
k,k
y,y
z,z
kcl,kcl
iy,iy
en,n
tcl,dcl
aa,aa
pcl,tcl
eh,eh
ow,ow
tcl,dcl
s,s
kcl,kcl
r,r
m,m
ax,ax
kcl,tcl
l,ow
gcl,kcl
z,z
l,l
n,n
tcl,tcl
l,l
z,z
r,r
ey,iy
tcl,pcl
l,l
s,s
m,m
bcl,bcl
pcl,pcl
w,w
g,g
n,n
axr,axr
oy,oy
el,el
jh,sh
ux,ux
f,kcl
z,s
tcl,bcl
iy,iy
s,s
ay,ay
n,n
q,q
iy,iy
w,w
l,l
l,aa
ux,ux
gcl,gcl
eh,eh
ay,ay
ao,ao
ax,ix
s,s
z,z
ow,ah
dh,dh
ae,ae
jh,ch
l,q
q,q
s,s
n,n
s,s
dcl,dcl
r,r
ax,ax
eh,eh
hh,hh
p,p
ah,ah
er,r
ax,ax
l,l
ah,ah
p,p
s,s
axr,axr
gcl,gcl
q,ax
axr,axr
n,n
iy,eh
f,f
ey,ix
l,l
kcl,pcl
eh,eh
eh,ih
s,s
ae,ae
tcl,tcl
n,n
l,l
l,l
z,hh
iy,iy
dcl,dcl
ah,ax
el,ax
ax,ix
ae,ae
q,q
kcl,kcl
s,s
r,r
iy,ih
w,w
s,s
th,dh
q,ax
q,hh
v,v
t,t
iy,iy
t,t
oy,oy
pcl,tcl
r,r
jh,t
iy,iy
ng,ng
tcl,tcl
y,gcl
gcl,gcl
jh,jh
eh,ih
iy,ix
ix,ix
l,l
k,k
dh,dh
ao,ao
s,s
t,b
tcl,tcl
tcl,tcl
y,y
ah,ow
f,f
b,kcl
ay,ay
ux,ax
y,y
er,er
eh,eh
ax,r
iy,iy
nx,n
iy,iy
bcl,bcl
aa,aa
pcl,tcl
ix,ih
iy,iy
pcl,pcl
dcl,dcl
ax,ax
w,w
er,r
dx,dx
l,ay
s,s
bcl,dcl
eh,ix
tcl,tcl
ih,ih
v,nx
ay,ay
m,m
axr,r
q,q
t,t
ax,ax
eh,ix
q,r
iy,ix
iy,iy
ux,ux
ey,ey
eh,eh
ix,ix
r,r
ux,iy
ao,ao
ix,ix
ih,ey
m,n
ao,ao
dcl,dcl
aa,r
g,k
l,v
ih,ih
r,r
iy,iy
s,s
tcl,tcl
ax,ax
tcl,tcl
eh,ih
iy,iy
r,ih
t,t
th,th
t,p
s,s
ah,ih
q,q
eh,eh
ix,y
ux,ux
ng,ng
en,en
aw,aw
tcl,tcl
ey,ih
r,r
b,p
iy,iy
m,m
iy,iy
eh,ae
axr,r
s,s
jh,jh
v,v
s,s
r,r
ax-h,tcl
iy,iy
aw,aw
dx,dcl
bcl,bcl
k,k
ng,ng
z,s
ey,ey
ao,ao
er,ao
ux,ax
dx,dx
l,l
f,f
dx,dx
ae,ae
l,l
ah,ah
pcl,pcl
aa,aa
ey,ey
ay,ay
tcl,tcl
kcl,kcl
ey,ih
s,s
kcl,kcl
s,s
aa,aa
ao,ao
q,q
ao,ao
axr,r
ix,ix
k,k
hh,hh
m,l
r,r
kcl,dcl
ao,ao
ao,aa
dcl,bcl
t,k
ah,ah
ao,ao
k,k
k,k
gcl,gcl
ng,ng
s,s
t,t
m,m
iy,iy
k,k
ix,ih
k,kcl
m,m
uh,uh
ay,ay
ih,ih
ae,ae
ax,ix
r,r
dcl,bcl
sh,sh
ix,ix
axr,axr
kcl,pcl
kcl,tcl
ae,ae
axr,r
n,q
ax,ax
eh,ih
em,bcl
ao,ao
t,t
