true_label,predicted_label
tcl,tcl
gcl,tcl
iy,iy
ih,ih
gcl,gcl
ah,ah
en,n
kcl,kcl
ux,ux
pcl,tcl
hh,hh
iy,iy
axr,axr
k,g
m,m
en,n
pcl,tcl
bcl,bcl
z,z
k,k
kcl,tcl
l,l
bcl,bcl
l,l
p,p
ix,ix
ix,ix
iy,iy
iy,y
tcl,tcl
z,t
n,n
n,n
f,f
aa,aa
dcl,dcl
ih,ix
gcl,gcl
k,k
gcl,m
f,f
ax,l
ax,ix
r,r
ix,iy
ix,eh
ih,ux
r,r
tcl,tcl
ae,ae
n,n
ah,r
l,l
eh,eh
ax,l
ux,ux
w,w
aa,ao
ay,aa
kcl,kcl
jh,d
g,dh
f,f
m,m
w,w
el,el
s,s
ix,ix
hv,hh
gcl,dcl
w,w
ao,ao
v,v
ix,ix
aa,r
ix,ix
l,l
kcl,tcl
ey,ey
er,er
ix,ix
ow,l
eh,eh
l,l
gcl,gcl
l,l
ix,ux
y,y
s,s
eh,ae
l,l
er,axr
r,r
dcl,dcl
ix,ix
s,s
s,s
er,axr
tcl,kcl
p,p
gcl,tcl
kcl,kcl
kcl,kcl
p,p
dx,g
ax-h,tcl
l,l
f,f
s,s
iy,iy
p,p
el,l
ih,ih
ah,aa
m,m
hh,hh
aw,ow
ae,ae
t,t
kcl,kcl
axr,axr
s,s
ih,ix
eh,eh
s,s
ay,ay
er,axr
ix,ax
y,y
w,w
ay,ay
iy,iy
er,axr
t,t
ae,ae
nx,n
en,n
ae,ae
sh,sh
w,w
axr,axr
n,n
l,l
n,n
ih,ih
ix,ix
kcl,kcl
uh,ix
eh,eh
el,el
r,er
hh,hh
k,k
ih,ih
s,s
ih,hv
axr,r
eh,eh
v,f
ow,ow
dx,dh
eh,eh
q,q
kcl,kcl
ae,ae
sh,sh
iy,iy
ao,aa
p,p
iy,iy
ao,ao
r,r
jh,jh
dx,dh
uw,uw
v,v
l,l
q,tcl
f,f
em,em
q,q
v,v
k,k
ix,ix
ay,aa
n,n
r,r
eh,ix
z,z
tcl,pcl
tcl,tcl
k,k
m,m
ix,ax
l,l
l,l
ae,ae
q,q
iy,iy
k,k
w,w
dx,dx
tcl,tcl
dcl,dcl
ow,ow
iy,iy
hv,hv
uw,uw
s,s
dcl,bcl
k,k
ih,ih
dcl,tcl
ay,ay
s,s
gcl,gcl
iy,ey
th,th
l,el
m,m
r,v
l,l
ax,ax
r,r
gcl,ng
ae,ae
kcl,kcl
ow,ow
dcl,dcl
t,t
ih,ih
jh,jh
ix,ix
kcl,kcl
axr,axr
ch,t
w,w
v,r
eh,eh
n,n
s,s
uh,ow
iy,iy
l,l
aa,aa
k,k
ih,ix
s,s
ix,ey
f,f
g,g
n,n
ax,ax
d,dh
g,g
p,p
z,z
ah,ah
ix,ix
q,q
p,p
ix,ix
jh,jh
nx,n
iy,iy
eh,eh
ih,ih
k,k
tcl,tcl
eh,eh
r,r
bcl,bcl
z,s
t,t
dx,dcl
ao,ao
l,m
aw,aw
w,w
kcl,tcl
ax,ax
q,dx
kcl,pcl
ah,ah
ix,ix
k,k
z,s
s,s
g,g
aa,ao
l,l
m,m
r,r
bcl,bcl
ay,ay
zh,jh
g,t
s,s
er,er
ax,ax
s,s
sh,sh
aa,ao
v,v
oy,oy
ae,ae
ay,ay
ix,ix
er,er
n,n
v,v
ng,ng
ao,ao
ah,ah
dh,dh
nx,n
z,z
t,hh
kcl,kcl
tcl,kcl
s,s
ah,eh
r,r
aa,ao
ih,iy
s,s
dx,dx
ix,ix
iy,iy
dcl,dcl
ae,ae
tcl,tcl
eh,eh
s,s
s,s
n,m
ow,ow
ao,ao
tcl,tcl
hv,hv
r,r
iy,iy
ng,ng
dx,dx
ih,ix
bcl,gcl
iy,ix
iy,iy
ao,ao
n,m
t,t
y,y
n,n
tcl,tcl
iy,iy
k,k
dcl,tcl
ay,ay
r,r
p,p
ao,ao
ah,ah
axr,axr
ih,ih
f,f
ao,ao
s,s
p,p
er,er
n,n
pcl,pcl
w,l
n,n
axr,axr
bcl,bcl
jh,jh
dx,dx
eh,eh
b,b
aa,ao
tcl,tcl
r,r
q,q
s,s
er,axr
l,l
s,s
aw,aw
s,z
y,y
k,k
ch,ch
hv,w
n,n
n,n
aa,ao
dcl,bcl
l,m
t,d
s,s
iy,iy
r,r
dh,t
ix,ix
f,f
eh,eh
r,r
q,q
tcl,tcl
p,p
axr,axr
ix,ah
em,m
iy,y
s,s
eh,ax
s,s
r,r
dcl,dcl
aw,aw
pcl,f
ix,ix
gcl,pcl
gcl,dcl
r,v
q,q
m,m
dh,dh
ih,ix
ux,ux
s,s
k,k
dx,dx
ax-h,ix
ax-h,v
ey,ey
ay,ay
p,f
dcl,dcl
r,r
k,k
ow,ow
ux,ux
er,r
pcl,pcl
r,r
f,f
n,m
l,l
ih,eh
ah,el
tcl,tcl
n,n
m,m
ey,iy
kcl,kcl
s,s
s,z
v,v
pcl,pcl
bcl,bcl
s,s
ax,l
l,l
q,q
w,l
w,w
p,p
pcl,pcl
s,s
ix,q
iy,iy
ay,ay
ao,ao
ng,m
s,s
w,w
ey,ey
axr,axr
kcl,kcl
r,axr
s,s
sh,sh
f,f
z,z
y,y
r,r
dcl,dcl
sh,sh
uw,uw
en,n
r,axr
ay,ay
t,t
r,r
tcl,tcl
ng,ng
l,l
aa,aa
bcl,m
gcl,tcl
aa,aa
d,d
d,jh
ax,ax
s,z
ae,ae
w,w
k,k
l,l
k,k
ao,ao
tcl,tcl
tcl,tcl
ih,ih
bcl,bcl
p,p
z,z
gcl,gcl
ah,ah
aa,aa
kcl,kcl
ix,ix
aa,ao
y,y
axr,axr
n,n
s,z
sh,sh
s,s
dh,t
q,q
eh,ae
aa,aa
t,t
p,dh
z,z
y,hh
n,n
m,m
ix,ix
axr,ix
g,g
tcl,tcl
l,w
w,w
m,m
gcl,pcl
ax,ix
ae,ae
f,f
axr,axr
ah,ah
r,ix
r,r
dcl,dcl
r,r
pcl,m
ax,ax
tcl,dcl
iy,iy
y,ux
iy,iy
w,w
r,r
kcl,kcl
nx,n
pcl,pcl
dcl,dcl
dx,dx
iy,iy
ux,ih
ix,axr
ey,ey
v,v
eh,eh
ux,ux
iy,iy
k,k
ix,ix
l,n
iy,iy
ax,ax
eh,eh
dh,pcl
s,s
v,v
ah,ah
f,f
ah,aa
dh,n
iy,iy
bcl,pcl
q,q
f,f
ey,ey
y,y
ih,ih
m,m
s,z
dcl,dcl
dx,dx
ax,ax
gcl,dcl
r,r
jh,jh
n,n
w,w
ch,ch
r,l
pcl,pcl
ih,ix
y,y
aw,aw
aa,ah
z,z
ih,ix
ah,ix
l,l
ix,ix
dh,dh
ix,ix
q,q
tcl,tcl
m,m
tcl,tcl
ax,ax
gcl,gcl
l,l
ch,ch
q,q
q,q
p,p
zh,z
ih,ih
l,l
t,t
ix,ix
n,n
dcl,dcl
ah,ah
v,v
r,r
ix,iy
ix,dh
l,l
ao,uw
axr,ax
ao,ao
q,q
ao,ao
ix,ax
ix,ix
f,f
ix,ix
f,f
v,v
kcl,tcl
z,z
ih,ih
t,t
r,r
ih,ix
ax,ax
l,l
dcl,dcl
s,s
ow,el
m,m
s,s
eh,eh
iy,iy
v,v
dx,dx
ae,ae
tcl,kcl
dh,dh
kcl,kcl
ae,ae
eh,ih
kcl,tcl
ax,ax
ix,ix
d,d
ah,ah
r,r
ih,ih
bcl,tcl
ih,ih
eh,eh
dh,dh
ah,ah
axr,axr
s,s
iy,iy
dh,dh
gcl,gcl
l,l
kcl,tcl
z,s
kcl,gcl
w,w
l,w
tcl,tcl
n,n
k,k
ey,ih
ay,ay
ao,aa
eh,ix
axr,axr
p,p
ae,ae
iy,iy
z,z
s,s
l,m
tcl,pcl
sh,sh
el,el
w,w
ow,ow
ah,ah
axr,axr
ix,ix
eh,eh
s,s
w,w
ax,ax
k,k
kcl,kcl
t,t
aa,aa
iy,iy
ix,ix
gcl,gcl
el,ah
ih,ix
l,l
k,kcl
ix,ix
tcl,tcl
er,er
dh,dh
k,k
l,l
dcl,dcl
n,ng
ae,ae
k,k
ey,eng
ax,ax
q,q
ow,ow
tcl,tcl
s,s
l,l
ao,aa
n,n
t,t
aa,ao
s,s
s,s
uw,uw
dx,ux
tcl,tcl
ix,ix
hh,g
pcl,gcl
v,v
y,y
er,er
hv,hv
dcl,gcl
ih,ih
sh,sh
ow,ow
d,d
z,z
gcl,gcl
k,k
ih,ih
s,s
ey,ey
ih,ih
r,r
z,z
dx,d
s,t
w,w
z,z
p,p
ae,ae
ih,ix
tcl,tcl
nx,m
q,q
l,l
q,q
ix,q
ih,ux
ah,ax
tcl,kcl
f,f
s,s
ah,ix
iy,iy
dx,dcl
z,s
iy,iy
s,s
w,w
y,y
eh,eh
bcl,tcl
tcl,tcl
tcl,kcl
ao,ao
tcl,tcl
ay,ay
m,m
tcl,tcl
ix,ix
y,y
sh,sh
sh,sh
axr,r
r,r
ix,r
n,n
iy,y
ix,ix
t,t
r,r
kcl,kcl
l,l
l,ax
ae,ae
n,n
s,s
tcl,tcl
tcl,tcl
ey,ey
ix,ih
p,hh
aa,ao
ax,ax
g,k
ae,ae
ng,ng
tcl,tcl
y,gcl
iy,iy
r,r
ih,ih
m,m
nx,n
sh,sh
kcl,kcl
ao,ao
aw,aw
v,v
ax,ix
g,g
pcl,tcl
ix,iy
sh,sh
kcl,tcl
eh,eh
q,q
k,k
kcl,kcl
sh,sh
ux,ux
w,w
l,l
ih,ix
bcl,gcl
n,n
ow,ow
kcl,kcl
w,w
ix,ix
ay,ay
t,t
tcl,p
r,r
tcl,dh
er,axr
iy,ih
em,m
s,s
ih,ix
aa,aa
axr,axr
z,s
m,n
ch,ch
t,s
ax,ax
pcl,tcl
axr,axr
f,f
m,m
ey,iy
l,l
t,t
ax,ax
ay,ay
ah,ax
iy,iy
l,l
kcl,kcl
l,l
s,s
ux,ux
v,f
n,n
er,axr
ih,ih
m,m
w,w
ae,ae
q,q
l,l
er,r
f,f
jh,jh
eh,eh
z,z
ey,ey
iy,iy
sh,sh
dh,dh
m,m
n,n
w,w
p,p
dx,dx
bcl,dcl
k,k
eh,eh
k,k
r,r
ix,axr
m,m
kcl,kcl
s,s
axr,axr
y,m
ay,ay
q,q
ix,ix
ax,ix
ih,ix
eh,eh
t,s
pcl,pcl
k,k
ae,ae
kcl,kcl
ax,ax
axr,r
z,z
ax,ax
pcl,pcl
iy,iy
tcl,tcl
kcl,tcl
q,q
k,k
aa,aa
f,f
l,l
ae,ah
ix,ix
ch,s
t,t
v,v
r,l
l,l
t,t
n,m
ae,ae
t,t
ch,ch
eh,ae
tcl,tcl
bcl,bcl
aa,aa
v,f
v,dh
t,t
f,f
iy,iy
hv,hv
pcl,tcl
iy,iy
eh,eh
z,z
r,r
t,t
bcl,gcl
ix,ix
r,r
q,q
k,k
s,s
s,s
kcl,kcl
k,k
axr,er
ey,ey
iy,iy
dcl,dcl
gcl,dcl
g,k
ix,ix
r,r
jh,jh
ax,ax
ix,ix
axr,ix
t,t
iy,ix
ax,ax
ax,ax
ax,l
sh,sh
ow,ow
f,v
s,s
gcl,gcl
p,hh
s,s
s,z
f,f
dcl,tcl
kcl,kcl
ae,ae
n,gcl
ao,ao
l,l
n,n
tcl,dcl
p,p
kcl,tcl
m,m
iy,ey
y,y
ux,ux
pcl,tcl
bcl,dcl
dcl,pcl
ao,ao
n,n
ih,ih
m,m
ng,n
r,axr
ih,ih
tcl,tcl
t,t
z,sh
axr,axr
g,g
y,y
m,m
ey,ey
er,er
s,s
m,m
s,s
ah,ah
er,er
z,s
n,bcl
dx,dcl
kcl,kcl
ix,ih
n,n
gcl,gcl
iy,iy
ix,ix
ix,ix
ax,ax
kcl,kcl
ay,ae
ix,n
l,l
bcl,bcl
iy,iy
uw,y
ch,jh
axr,axr
el,el
dcl,tcl
pcl,tcl
w,w
ey,ey
ay,ay
ae,eh
q,q
eh,eh
ax,ax
kcl,pcl
tcl,tcl
n,n
r,ah
t,t
iy,ix
ax,n
k,k
w,w
f,f
ax,m
t,t
ao,ao
tcl,tcl
tcl,tcl
l,l
s,s
pcl,tcl
eh,eh
er,er
dh,dh
tcl,tcl
t,t
iy,iy
ax,ix
z,s
pcl,pcl
iy,ix
iy,iy
t,t
ix,ix
k,k
hv,hv
f,f
ih,ih
ix,ix
ix,l
v,v
m,m
uh,uh
m,n
z,s
bcl,gcl
q,q
aa,aa
jh,jh
t,t
s,s
dh,dh
n,n
iy,iy
th,th
s,s
k,k
ch,jh
z,z
ao,ow
p,p
r,axr
tcl,tcl
r,r
eh,eh
aa,aa
r,r
eh,eh
ae,eh
dcl,dcl
ey,ey
pcl,pcl
ey,ey
er,el
f,f
eh,eh
l,w
l,m
tcl,tcl
ux,ux
pcl,tcl
kcl,gcl
s,s
s,s
dcl,bcl
ax,ix
axr,axr
dx,dh
iy,iy
l,l
g,g
ao,aa
q,q
tcl,kcl
s,s
r,r
ux,uw
t,t
n,n
ax,ax
q,l
kcl,kcl
ix,l
ix,ix
z,z
sh,sh
pcl,tcl
ix,ix
m,m
ow,ow
t,t
l,l
s,s
sh,sh
z,z
ux,ux
y,y
dcl,dcl
p,b
axr,axr
r,r
bcl,dcl
hv,hv
z,z
ao,w
n,ng
l,l
tcl,tcl
ae,ae
ix,ix
iy,iy
ng,ng
dcl,n
ae,ae
zh,zh
dx,dx
pcl,pcl
bcl,bcl
ng,n
g,g
eh,ih
ih,ix
n,m
ah,ng
ax,dh
y,y
tcl,tcl
ax,l
ux,ux
ae,ae
l,l
q,ax
ng,ng
tcl,tcl
ax,ix
l,l
nx,n
f,f
t,d
p,hh
ah,ae
r,r
iy,ix
uw,ux
l,l
axr,axr
kcl,kcl
w,w
sh,sh
s,s
eh,ay
s,k
q,q
eh,eh
ix,ix
q,dh
ah,l
y,y
r,r
ih,ih
m,m
l,l
t,t
el,el
ey,ey
ih,ix
n,n
ae,ae
n,n
hv,hv
iy,iy
iy,iy
ow,ow
s,z
er,er
z,z
ix,ix
en,n
ow,el
kcl,gcl
ay,ay
s,z
l,l
oy,oy
t,t
er,er
ao,ao
ix,q
w,w
eh,eh
l,l
ix,iy
ux,ux
eh,eh
hv,hv
ay,ay
iy,iy
ax,em
p,p
tcl,tcl
pcl,bcl
ix,ix
axr,axr
eh,eh
q,q
r,r
r,r
l,l
q,q
m,m
ih,ix
s,s
g,g
dh,m
l,l
t,t
w,w
ae,eh
n,n
n,n
y,y
ix,l
g,g
axr,axr
jh,jh
ao,ao
axr,axr
s,s
kcl,tcl
dx,dx
ix,n
kcl,tcl
n,n
m,m
ey,iy
r,m
w,w
q,q
bcl,dcl
ix,ix
bcl,dcl
tcl,tcl
l,l
dcl,tcl
s,s
t,tcl
l,l
m,m
ux,iy
k,k
dcl,dcl
l,l
ae,eh
bcl,bcl
ay,ay
s,s
gcl,gcl
iy,iy
ao,ao
r,r
gcl,dcl
ix,iy
ao,ao
ow,ow
ey,ey
l,l
ae,ey
f,f
aa,ah
axr,axr
r,r
k,k
eh,eh
kcl,n
pcl,pcl
eh,ix
er,r
aa,aa
ix,ix
iy,iy
iy,iy
iy,iy
l,l
ux,ux
s,s
k,k
axr,axr
eh,ah
iy,iy
r,axr
ix,ix
axr,axr
axr,axr
tcl,tcl
y,y
s,s
s,sh
ix,ih
f,f
l,l
tcl,tcl
r,r
p,hh
nx,n
jh,jh
sh,sh
n,n
uh,ah
ah,ax
r,r
ao,ao
m,m
aa,aa
z,z
tcl,tcl
l,l
r,r
oy,oy
ih,ix
iy,iy
r,r
eh,eh
p,dh
tcl,tcl
ng,ng
l,l
z,z
axr,axr
eh,ah
n,n
ix,ix
t,t
ix,ix
l,l
ih,ix
ix,l
d,l
dcl,gcl
s,s
l,ah
ow,ax
aw,ae
n,n
kcl,kcl
f,f
n,n
r,r
dcl,gcl
r,r
uh,uh
oy,oy
tcl,pcl
eh,eh
ih,ih
n,n
n,n
iy,iy
dx,dx
hv,hv
ae,ae
axr,axr
er,axr
ax,ax
ao,ao
n,n
oy,oy
iy,iy
dh,n
dcl,dcl
ix,ix
iy,iy
axr,axr
ax-h,ax-h
b,p
l,l
er,axr
r,r
ah,ah
f,f
ax,ax
v,v
ow,ow
kcl,tcl
s,s
tcl,n
s,s
aa,aa
t,t
ng,gcl
er,uw
dcl,n
b,b
n,m
s,s
tcl,tcl
ow,ow
ao,ao
ah,ax
nx,n
l,l
iy,iy
ax,v
ao,l
n,n
w,w
ih,ih
n,n
s,z
v,v
w,w
dh,dh
dcl,dcl
iy,ux
iy,iy
axr,axr
ng,ng
v,v
pcl,pcl
ay,ay
kcl,kcl
ao,ao
m,m
t,t
k,k
ih,ix
bcl,bcl
r,r
ao,l
ow,ux
tcl,tcl
ax,el
q,q
n,n
dcl,bcl
p,t
ix,z
ao,ao
l,l
en,m
r,r
kcl,kcl
ux,ix
s,s
iy,iy
eh,ix
n,n
w,w
kcl,kcl
ux,ux
iy,ix
r,r
q,q
r,r
ax,ax
iy,iy
dcl,tcl
f,f
ay,ay
dh,dh
hv,hv
s,s
eh,eh
p,p
ao,ao
bcl,bcl
bcl,bcl
bcl,tcl
ay,ay
n,n
tcl,dcl
iy,iy
ix,ix
pcl,tcl
f,f
r,r
ux,ux
r,r
tcl,tcl
aa,ao
ay,ay
th,th
n,n
ax,ax
axr,axr
y,y
kcl,tcl
f,f
l,l
q,q
l,w
ax,ax
t,t
pcl,pcl
ix,ix
n,m
hh,hh
s,s
dh,t
dh,hh
ax,ix
tcl,tcl
ae,ae
bcl,bcl
ay,ay
el,el
kcl,kcl
tcl,pcl
g,g
sh,sh
ae,ae
r,r
k,k
oy,oy
eh,ix
ih,ux
g,g
ix,ix
t,t
m,m
bcl,pcl
r,r
kcl,tcl
gcl,kcl
eh,eh
aa,aa
g,g
y,y
t,t
bcl,dcl
r,r
r,r
k,k
dcl,dcl
dcl,dx
ix,ix
l,l
t,t
ay,ay
ih,ix
f,f
ax,ax
ah,ax
s,z
axr,axr
er,er
w,w
iy,ix
kcl,gcl
ix,ix
ax,ah
s,s
pcl,tcl
dh,dh
w,w
ix,ix
bcl,dcl
axr,axr
s,s
p,p
bcl,tcl
ix,eh
axr,r
ix,ix
nx,m
t,t
kcl,pcl
ux,ux
er,er
r,r
ix,ix
g,g
t,jh
axr,axr
eh,eh
ao,aa
pcl,pcl
ih,ih
ix,ix
ao,ao
ae,ae
s,s
l,m
m,m
ng,n
ch,t
s,s
el,el
tcl,kcl
aa,ao
tcl,tcl
tcl,tcl
ey,ey
er,er
ay,ay
hh,hh
tcl,tcl
ah,ah
ey,ey
w,w
ow,ow
ao,ao
bcl,bcl
ay,ay
b,b
s,s
n,n
iy,ey
n,m
eh,ah
tcl,tcl
p,p
ih,ax
z,z
t,t
s,z
ih,ix
kcl,kcl
y,iy
n,n
ih,eh
ng,n
s,z
gcl,gcl
ao,ao
dcl,kcl
kcl,kcl
eh,ih
ix,ix
ey,ey
r,aa
ix,ix
ih,ah
gcl,gcl
th,s
ae,ae
q,q
pcl,tcl
ao,aa
dh,dh
aa,ay
ix,r
ah,ah
ix,ix
v,v
bcl,bcl
ow,ow
tcl,tcl
p,p
hv,hh
t,t
iy,iy
p,p
tcl,tcl
iy,iy
kcl,kcl
ih,iy
r,axr
l,l
en,en
aa,aa
l,l
ix,ix
ey,ey
g,d
s,s
w,w
s,s
r,r
k,k
axr,axr
sh,sh
d,t
ih,ix
uh,ow
s,s
p,b
tcl,tcl
ih,iy
l,l
w,w
w,w
p,p
eh,eh
t,t
iy,iy
iy,iy
r,r
p,p
ih,ih
dh,dh
q,q
nx,m
ae,ae
k,k
t,t
ix,ix
kcl,kcl
bcl,bcl
ix,ix
ay,ay
r,r
bcl,bcl
r,r
n,n
iy,iy
iy,iy
hv,hv
m,m
ax,ix
ah,eh
l,l
kcl,kcl
m,m
uh,ix
ey,iy
t,t
p,p
dcl,tcl
eh,ae
m,m
ix,ix
q,q
f,f
tcl,tcl
iy,ix
n,n
s,s
tcl,tcl
ax,ax
w,w
dh,n
tcl,tcl
r,r
dcl,dcl
iy,iy
r,r
p,hh
ih,ix
ch,ch
m,m
w,w
l,l
dh,dh
jh,jh
n,n
r,l
ix,ix
g,g
eh,eh
k,k
ao,aa
ao,ao
s,s
ah,ah
ax,ax
l,l
l,l
tcl,tcl
kcl,kcl
v,dcl
dx,dcl
ih,ih
ux,ix
ae,eh
en,n
dcl,pcl
r,r
ae,ae
w,w
n,n
iy,iy
q,q
m,m
k,k
z,s
bcl,bcl
f,f
n,n
l,l
m,m
ih,ix
pcl,pcl
s,s
hh,hh
m,m
m,m
dcl,dcl
ae,ae
t,hh
r,r
iy,iy
n,dcl
ae,ae
ng,n
q,tcl
el,el
m,m
n,n
eh,ix
m,m
aa,aa
iy,iy
gcl,gcl
s,s
f,f
ay,ay
kcl,tcl
r,r
dcl,dcl
d,t
s,s
eh,eh
dh,dh
s,s
iy,y
sh,sh
ix,ix
ax,ax
m,m
y,y
ux,ux
kcl,kcl
r,r
tcl,pcl
ey,ey
ao,ao
en,ng
iy,iy
zh,s
l,m
v,f
iy,iy
ae,aw
g,g
iy,iy
n,n
iy,iy
bcl,pcl
s,s
en,en
hh,hh
m,m
dcl,dcl
aa,ah
bcl,bcl
w,w
eh,eh
ay,ay
v,v
r,r
ix,ix
ao,ao
ao,ao
hv,hv
bcl,bcl
ay,ay
dcl,tcl
s,s
ah,ax
l,l
n,n
n,n
ay,ay
oy,oy
n,n
jh,jh
r,r
ch,ch
ix,ix
m,m
dcl,v
ae,ae
l,l
ax,ax
k,k
w,w
v,v
uh,uh
t,d
sh,sh
ix,ux
ao,ao
s,s
tcl,pcl
tcl,tcl
ae,ae
kcl,kcl
m,m
dcl,tcl
ix,ix
kcl,tcl
p,f
l,n
axr,axr
ix,ix
eh,er
v,f
k,k
kcl,kcl
ix,ix
pcl,pcl
n,n
r,r
ey,ey
ih,ix
ux,iy
ix,r
ey,ih
iy,iy
aa,aa
n,gcl
oy,oy
n,n
pcl,pcl
pcl,pcl
k,g
bcl,bcl
ae,ae
axr,axr
s,z
ix,ix
ah,ah
aa,aa
ih,ih
g,k
iy,iy
d,d
n,n
iy,ix
ih,ix
er,er
dh,v
w,w
ax,ix
l,el
ax-h,dh
m,m
dcl,dcl
l,w
l,w
n,n
n,n
tcl,tcl
k,k
n,n
jh,t
ax,ix
w,w
r,r
ae,aw
ix,ix
q,q
oy,oy
nx,n
s,z
dx,r
ao,axr
tcl,pcl
q,q
ao,ao
jh,jh
v,v
en,n
aa,aa
ix,ax
r,r
ih,ih
pcl,dcl
ix,ix
w,w
y,y
ey,ey
tcl,tcl
r,r
el,el
ax,ax
ao,ao
dx,dx
q,q
ix,ix
ix,ix
g,k
p,p
m,m
ae,ae
l,l
jh,jh
dcl,gcl
dh,dh
axr,ix
s,s
m,m
w,w
z,v
g,k
ae,ix
ax,l
nx,n
w,w
l,l
ix,ix
iy,iy
th,dh
tcl,pcl
ix,ix
gcl,n
n,n
n,m
kcl,kcl
axr,axr
kcl,kcl
v,v
r,r
tcl,dcl
s,z
gcl,gcl
n,n
kcl,tcl
ae,ae
ix,ix
hv,hv
dcl,dcl
r,r
nx,nx
pcl,kcl
dcl,tcl
m,m
z,z
l,l
sh,sh
dh,th
l,w
kcl,kcl
ix,ix
r,r
tcl,pcl
dcl,dcl
v,gcl
n,n
l,l
ah,ah
ay,ay
k,k
l,el
hv,hv
dx,dx
ix,ix
r,r
ow,ow
z,z
hv,hv
iy,ih
kcl,kcl
axr,axr
gcl,gcl
eh,ix
hv,hv
z,z
axr,axr
m,m
ey,ey
f,f
axr,axr
v,m
g,k
ix,ix
ey,iy
er,er
n,n
ow,ow
ix,ix
n,n
tcl,tcl
s,s
r,r
l,l
er,er
ah,el
ix,ix
gcl,pcl
y,y
ey,ey
ao,w
kcl,kcl
ch,ch
m,m
s,s
tcl,pcl
ih,ax
n,ng
ax-h,ax-h
dx,dx
z,z
ax,ah
er,er
r,bcl
em,m
el,el
l,l
gcl,tcl
n,en
r,r
s,s
f,f
iy,iy
n,n
l,l
ae,ae
r,v
dx,tcl
dcl,dcl
tcl,tcl
l,l
ix,ix
ao,ao
d,t
ey,ey
ay,ay
ae,ae
iy,iy
aw,aw
axr,axr
dcl,dcl
m,m
tcl,tcl
bcl,bcl
bcl,bcl
q,hh
ow,ow
z,z
pcl,pcl
kcl,tcl
ow,uw
dcl,tcl
l,l
ix,iy
dcl,gcl
axr,axr
ix,eh
iy,iy
l,l
en,m
axr,ow
eh,eh
w,w
ih,y
kcl,kcl
sh,sh
iy,iy
m,m
q,q
n,nx
n,n
ae,ae
l,l
ix,n
r,r
r,r
y,y
iy,iy
dh,dh
k,k
f,f
l,l
z,z
g,g
s,s
kcl,tcl
z,s
ay,aw
ow,l
axr,axr
dcl,dcl
axr,r
ax,ix
s,s
p,hh
d,t
q,q
gcl,kcl
kcl,kcl
l,l
m,m
t,t
s,s
ae,ae
er,ux
tcl,gcl
q,q
ah,m
dcl,gcl
ih,ix
ay,ay
kcl,kcl
s,s
kcl,tcl
ng,ng
iy,iy
ih,eh
ix,ix
axr,er
q,q
t,t
s,s
kcl,kcl
ch,ch
ih,eh
aa,aa
iy,ih
dcl,g
f,f
k,k
s,s
kcl,kcl
ix,ix
ux,ux
ih,ix
iy,ih
k,k
tcl,tcl
m,m
n,n
r,r
k,k
z,z
v,v
s,s
ix,ix
kcl,tcl
dx,dcl
ng,ng
er,er
uh,ax
ey,ey
jh,jh
uh,ix
z,z
g,g
r,r
kcl,gcl
k,k
t,t
ih,eh
ix,n
r,r
iy,iy
n,n
s,s
ae,ae
iy,iy
r,r
sh,sh
l,w
ey,ey
k,k
t,t
dcl,kcl
sh,sh
gcl,gcl
bcl,bcl
t,t
kcl,kcl
n,n
kcl,kcl
axr,axr
n,n
bcl,bcl
s,s
pcl,pcl
aa,r
dh,dh
ch,ch
ay,ay
ih,ih
ch,ch
dcl,dcl
iy,iy
ey,r
ih,ih
ah,aa
ih,ih
tcl,tcl
v,v
bcl,gcl
dx,l
v,v
aw,ae
ih,iy
er,axr
ey,ey
ih,ix
l,l
kcl,pcl
p,hh
s,s
ix,iy
dcl,tcl
iy,y
ey,ey
t,t
m,m
q,q
w,w
r,r
ah,ah
dh,dh
n,n
t,t
n,n
v,pcl
ax,dh
eh,eh
dx,dx
n,n
ae,ae
dcl,tcl
sh,sh
ix,ix
l,l
kcl,kcl
ay,aw
z,z
hv,hv
s,s
ux,ih
ix,ix
s,s
s,s
er,er
k,g
iy,ix
kcl,kcl
t,t
ix,iy
eh,ih
hv,hv
ah,ix
t,t
s,s
y,y
r,r
tcl,tcl
ao,ao
n,m
m,m
m,m
ay,ay
sh,sh
l,l
g,g
tcl,tcl
kcl,kcl
ae,ae
n,dcl
s,s
eh,eh
bcl,bcl
ah,ah
z,z
sh,sh
w,w
ay,ay
ae,ae
q,q
pcl,pcl
z,z
s,s
v,f
r,r
ae,ae
ix,ix
kcl,kcl
ow,ix
hh,hh
axr,axr
ix,ix
dh,dh
t,t
dcl,dcl
ae,ae
d,jh
eh,eh
kcl,kcl
w,w
aa,aa
y,y
r,r
r,r
kcl,kcl
ih,ey
ax,ix
ow,ow
aw,aw
ey,ey
en,n
p,p
y,y
eh,ih
ao,ao
ax,ax
axr,axr
q,q
ix,ix
l,el
tcl,tcl
r,hv
jh,jh
ah,ao
y,iy
eh,eh
l,l
kcl,kcl
z,z
m,m
ax,ix
ux,ux
t,t
w,l
s,s
f,f
l,l
sh,sh
p,p
t,t
w,w
m,m
tcl,tcl
hh,hh
ae,ae
eh,eh
ix,ix
gcl,dcl
tcl,tcl
el,el
dcl,gcl
r,r
bcl,bcl
s,s
s,s
ah,ay
kcl,kcl
uw,uw
n,n
n,n
m,m
r,r
iy,iy
s,s
k,g
v,v
r,r
jh,jh
r,r
m,m
th,th
r,r
n,n
y,y
ix,ix
s,s
axr,axr
r,r
m,m
bcl,gcl
ae,ae
f,f
eh,r
pcl,pcl
r,r
ey,ae
m,m
q,q
aw,aw
aa,ah
kcl,kcl
ch,s
ix,ix
ax,ax
sh,sh
ao,ao
aa,aa
dx,dx
p,p
ix,n
eh,ih
v,v
ae,ae
n,n
axr,axr
dx,q
n,n
tcl,tcl
n,m
kcl,tcl
l,l
r,r
ux,ux
q,q
tcl,tcl
k,k
p,p
tcl,pcl
gcl,gcl
r,r
t,t
w,w
iy,iy
tcl,kcl
ch,ch
iy,ix
aa,ao
l,l
ae,ae
y,y
er,axr
p,p
s,s
ih,ix
t,t
w,l
ao,ao
ey,ey
ix,ix
g,g
n,n
ux,ux
th,th
ih,ih
tcl,tcl
ix,ih
t,t
axr,ax
t,d
f,pcl
iy,iy
s,s
eh,eh
n,n
k,k
ae,ae
ax,l
th,th
p,p
ow,ow
sh,sh
jh,jh
ae,ae
ay,ay
dh,s
gcl,gcl
aa,aa
l,l
ow,ow
ey,iy
ah,ah
tcl,tcl
ix,ix
th,th
iy,iy
hv,hv
aa,ao
r,r
eh,eh
pcl,pcl
z,z
hv,hv
gcl,bcl
iy,iy
ix,ix
n,n
m,m
bcl,bcl
ow,ow
iy,iy
s,s
ao,w
pcl,pcl
f,f
dh,dh
dx,l
f,f
n,n
aa,aa
iy,iy
dcl,tcl
r,r
eh,eh
v,v
z,z
ah,ah
ix,ux
ng,n
l,el
l,l
s,s
t,d
n,ng
z,z
l,l
aw,ae
r,r
iy,iy
ih,ih
ix,ix
dcl,bcl
kcl,tcl
r,r
eh,ix
q,q
gcl,gcl
ay,aa
eh,ix
eh,aw
ch,ch
ix,ix
ux,er
jh,ch
y,y
n,n
s,s
y,y
tcl,n
ah,ah
kcl,tcl
ow,ow
y,y
axr,v
sh,sh
n,n
eh,eh
r,r
k,k
tcl,tcl
kcl,pcl
axr,axr
ay,ay
ix,ix
gcl,v
ih,ih
r,r
ix,ix
dh,dh
pcl,pcl
en,en
n,m
y,y
g,g
iy,iy
t,t
ae,eh
iy,ux
ax,m
r,r
ux,ux
pcl,pcl
w,w
n,n
t,t
ix,ix
ax,ax-h
m,m
iy,iy
f,f
n,n
r,r
kcl,pcl
ey,ey
ae,eh
pcl,pcl
ix,ix
sh,sh
k,k
sh,sh
ah,eh
r,r
tcl,tcl
ix,ix
n,n
n,n
kcl,tcl
s,s
ix,ix
t,dh
z,s
dcl,dcl
er,r
dcl,dcl
dcl,dcl
d,dh
v,n
z,z
ay,ay
iy,iy
v,dcl
z,z
ae,ae
ih,eh
z,t
gcl,dcl
t,t
ey,iy
l,l
aa,ao
ao,ao
g,g
oy,oy
eh,eh
ey,ey
gcl,gcl
v,v
tcl,tcl
n,n
s,s
n,n
aa,aa
l,m
el,ax
iy,iy
iy,iy
kcl,tcl
p,p
ix,eh
z,z
m,n
eh,ix
ow,ow
w,w
ah,ao
w,w
dx,dx
v,v
ux,ux
r,r
s,s
ch,jh
dcl,dcl
ow,ow
ix,ix
r,r
w,w
t,t
s,z
r,r
uh,ix
dcl,gcl
eh,r
t,t
kcl,kcl
v,ax
ax,ax
en,n
s,s
q,q
ah,ah
s,s
r,r
pcl,pcl
dx,dx
axr,r
q,q
en,n
tcl,kcl
sh,sh
dx,dcl
l,l
dh,l
l,l
aa,ao
ux,uw
aa,ah
ux,ux
r,r
s,s
r,r
ao,ao
s,s
r,r
ow,ow
ae,ae
ey,ey
z,s
hv,hh
n,n
dcl,dcl
axr,axr
ey,ey
jh,jh
n,n
eh,eh
iy,q
r,r
ix,ix
pcl,tcl
w,w
ch,sh
dcl,gcl
hv,hv
dcl,tcl
ix,ix
kcl,ng
aa,aa
pcl,m
s,s
sh,zh
ow,l
l,l
bcl,v
jh,jh
g,g
n,gcl
ay,ay
ih,ix
iy,iy
m,m
f,f
v,v
dcl,dcl
uh,el
aa,aa
w,w
dh,dh
bcl,bcl
ey,ey
kcl,kcl
ae,ae
p,b
s,s
iy,iy
dh,dh
w,w
f,f
aa,aa
dh,dh
iy,iy
y,y
axr,axr
ae,ae
aa,aa
t,t
gcl,gcl
t,z
z,z
el,el
dcl,tcl
dh,d
ux,ux
iy,iy
tcl,tcl
ix,ax
bcl,bcl
k,k
n,n
iy,iy
ax,ax
dcl,bcl
ax,v
ae,ae
m,m
iy,ux
ae,ae
axr,axr
m,m
ao,ao
r,n
ih,ih
q,q
r,r
iy,iy
ih,iy
dcl,gcl
ih,ix
uw,uw
ey,ey
tcl,tcl
eh,ae
n,n
aa,aa
tcl,tcl
kcl,kcl
w,w
eh,eh
gcl,r
l,l
oy,oy
m,m
eh,ao
ix,ix
sh,sh
iy,iy
uh,uh
oy,oy
w,w
ax,ax
ix,ix
ay,ay
ae,ix
bcl,bcl
s,s
ix,ix
eh,ah
kcl,tcl
s,s
iy,l
q,q
q,q
l,l
kcl,tcl
eh,eh
n,n
iy,ix
l,l
k,k
ix,ix
ax,en
t,dh
r,r
gcl,dcl
ay,ay
t,t
f,f
l,l
r,r
el,el
m,n
ay,ay
aa,aa
s,s
th,v
tcl,tcl
dh,dh
ao,ao
ay,aa
bcl,tcl
iy,iy
ix,ix
ax,ix
hh,k
ow,ow
ix,r
ae,ae
k,k
kcl,dcl
s,s
n,n
r,r
iy,iy
ix,ix
ax,w
n,n
ow,ow
b,p
ah,ax
s,s
ih,ix
eh,eh
kcl,kcl
aa,aw
ix,ix
y,y
l,l
jh,t
n,n
ih,ih
bcl,dcl
k,k
er,er
iy,iy
r,r
dh,dh
m,m
pcl,pcl
gcl,dcl
ae,ae
q,q
k,k
ah,ah
ae,ae
pcl,pcl
p,p
ax,l
k,k
ax,el
s,s
ey,ih
r,r
dcl,dcl
jh,ch
axr,iy
d,g
sh,sh
t,t
ao,ao
ax,n
w,w
ix,ix
kcl,kcl
t,t
ae,ae
hv,hv
ax,ax
v,v
n,n
t,t
r,r
d,d
ax,ah
bcl,bcl
dcl,gcl
r,r
ix,ih
el,el
aa,aa
el,l
z,s
ix,r
ah,ax
q,q
n,dcl
t,t
tcl,tcl
iy,ey
iy,iy
b,p
el,el
er,axr
p,p
ah,ah
n,m
th,f
k,k
s,s
ow,ow
ao,ao
axr,axr
y,y
n,n
tcl,dcl
ow,ow
s,s
ah,aa
y,y
ey,ey
r,r
z,z
l,l
r,r
ix,ix
ih,ix
w,w
ow,ow
r,r
bcl,bcl
ix,ix
axr,axr
y,y
l,l
ix,ix
s,sh
ux,ux
axr,axr
er,er
eh,eh
er,axr
q,q
bcl,bcl
iy,ix
tcl,q
ax,ax
ax,ix
z,z
n,m
w,w
s,s
r,r
t,t
f,f
y,y
ux,ux
dh,dh
ey,ey
g,g
ah,ah
s,s
dx,dx
ch,ch
f,v
eh,eh
axr,er
tcl,tcl
dcl,tcl
n,n
r,dx
en,n
dcl,dcl
eh,eh
dh,dh
s,s
tcl,tcl
kcl,kcl
ix,en
f,f
eh,eh
k,g
dh,th
uh,w
ix,ix
dh,dh
g,g
q,q
sh,sh
kcl,kcl
ah,ao
y,y
s,s
s,s
l,l
axr,axr
ix,iy
p,p
n,gcl
ix,ax
dcl,dcl
ih,ih
q,ix
ax,ax
ah,ah
ey,ey
pcl,bcl
dcl,dcl
iy,iy
tcl,tcl
r,r
tcl,tcl
tcl,tcl
s,s
eh,eh
uh,ax
f,f
kcl,kcl
q,q
en,n
ix,ix
s,s
t,t
f,f
f,f
r,r
eh,ey
aa,l
iy,ix
tcl,kcl
ih,ih
m,n
tcl,tcl
kcl,tcl
ih,ih
g,gcl
ih,ih
ix,ix
axr,r
dcl,dcl
y,y
r,r
q,tcl
ay,ay
er,er
ix,ix
l,l
oy,ao
sh,sh
g,g
ao,ao
l,l
r,r
iy,ix
ih,ix
dcl,dcl
ih,ix
er,axr
f,v
iy,ix
kcl,pcl
ih,ih
er,r
r,r
iy,iy
s,s
tcl,dcl
l,l
k,k
ix,ax
dcl,gcl
n,m
ae,ae
ah,ah
m,b
dh,dh
s,z
ae,ae
ae,ae
eh,ih
ow,l
f,f
ix,ix
k,k
hh,hh
ax,ah
kcl,tcl
k,k
n,n
s,s
ao,ao
tcl,tcl
eh,eh
m,m
ih,ih
aa,ay
ih,eh
l,l
w,w
s,s
s,z
dx,dx
ae,eh
uw,uw
aw,aw
ix,ix
aa,ao
l,l
s,s
iy,iy
l,l
w,w
ih,eh
f,f
ix,ey
z,z
z,z
bcl,bcl
eh,eh
axr,r
er,axr
s,s
ux,ux
dcl,dcl
l,l
l,l
w,w
s,z
dcl,dh
ih,ix
dh,dcl
q,tcl
en,m
l,eh
eh,ih
eh,eh
ey,ey
ay,ay
hh,hh
s,s
ao,w
ix,ix
tcl,tcl
eh,ae
aa,aa
tcl,kcl
dx,dx
ax,axr
iy,y
iy,y
f,f
t,d
f,f
l,l
ax,ax
d,dh
er,axr
z,z
eh,eh
p,p
ae,ae
tcl,tcl
ax,ix
kcl,kcl
el,el
kcl,tcl
iy,iy
v,v
l,v
kcl,kcl
dcl,n
dx,dx
q,q
s,s
kcl,tcl
z,s
s,s
r,r
eh,eh
bcl,bcl
dx,dx
er,er
w,w
iy,ih
aa,ay
axr,axr
ih,ix
w,w
ix,ix
sh,sh
eh,axr
iy,iy
z,s
sh,sh
ix,ix
axr,axr
z,s
uw,ux
th,dh
ux,ix
l,l
dx,gcl
gcl,dcl
bcl,bcl
s,s
iy,ix
tcl,tcl
axr,ux
bcl,bcl
z,z
d,d
pcl,m
kcl,kcl
dcl,gcl
f,f
f,f
ow,ow
iy,iy
s,s
axr,axr
ao,ao
ax,ah
ux,ux
iy,iy
el,l
ax,ax
d,tcl
t,t
dx,dh
axr,axr
kcl,kcl
ih,ix
ih,ix
ae,ae
ax,l
n,n
ux,ux
w,w
axr,axr
l,l
hv,hv
r,r
g,t
iy,iy
s,s
r,r
ih,ih
pcl,pcl
p,hh
ow,el
aa,ao
ae,ae
n,m
dcl,dcl
iy,ix
p,p
bcl,bcl
gcl,dcl
f,f
axr,axr
dx,dx
aa,aa
p,p
ix,ih
kcl,tcl
p,p
iy,ey
en,n
iy,ix
ey,ey
k,k
ih,ux
axr,axr
aa,aa
r,r
l,l
s,s
hh,hh
oy,oy
f,f
m,m
ux,ux
ih,ih
ay,ae
p,p
ay,ay
ix,ix
dx,dx
ix,ux
eh,ae
kcl,kcl
ix,ix
s,z
ao,ao
z,z
t,t
l,l
ah,ah
w,m
s,s
t,t
ao,ao
pcl,pcl
s,s
q,q
g,g
ux,ux
hv,hv
v,v
tcl,tcl
w,l
dh,n
dh,l
r,r
n,n
l,l
r,r
p,p
kcl,kcl
ux,ux
iy,iy
n,n
l,l
l,l
ux,ux
s,s
iy,iy
l,l
pcl,pcl
s,z
aa,aa
m,m
v,v
t,t
ih,ix
n,n
gcl,n
iy,y
ih,ih
tcl,pcl
l,l
ng,n
m,m
n,n
ax,ax
z,z
p,p
ax,ax
ae,ae
iy,iy
er,er
iy,iy
iy,iy
ih,ix
l,l
p,p
el,el
iy,iy
gcl,tcl
iy,ix
aa,aa
ey,ey
r,r
n,m
ay,ay
ah,ah
ix,iy
ix,ix
r,r
kcl,tcl
iy,iy
s,s
b,d
ah,ah
t,t
er,r
n,m
iy,iy
pcl,pcl
ix,ix
kcl,tcl
g,g
el,el
dh,dh
q,q
ow,l
ax,l
s,s
iy,iy
iy,iy
r,r
th,th
s,s
eh,eh
ow,l
axr,r
iy,ih
iy,iy
kcl,dcl
t,dh
dcl,dcl
ih,ih
sh,sh
ix,ax
iy,ix
ax,l
sh,sh
l,l
ng,n
ay,ay
kcl,gcl
er,axr
r,r
hv,hv
s,s
ah,ax
kcl,tcl
f,v
l,l
s,s
ah,ah
ih,uh
ix,ix
ih,ix
tcl,tcl
dcl,tcl
kcl,kcl
n,n
s,s
r,axr
dx,n
w,w
v,v
aa,ao
uw,uw
v,v
hh,k
m,m
r,axr
pcl,pcl
p,p
p,p
iy,iy
ax,m
s,sh
tcl,tcl
r,r
kcl,pcl
s,s
v,v
en,m
ao,ao
n,m
y,y
gcl,gcl
s,s
ao,ao
bcl,tcl
ao,ao
l,w
z,z
dcl,dcl
jh,sh
axr,axr
s,s
tcl,tcl
z,z
s,s
ah,ah
kcl,kcl
ih,eh
pcl,gcl
ih,ih
dcl,dcl
w,m
ch,hh
k,k
q,ax-h
g,g
iy,ix
tcl,tcl
tcl,tcl
y,y
k,k
k,k
hh,hh
r,r
kcl,kcl
dh,dh
v,v
l,l
f,f
s,s
n,n
y,y
n,n
tcl,tcl
r,r
ix,ix
axr,ix
p,p
pcl,pcl
axr,axr
k,k
eh,eh
r,r
f,f
n,n
f,f
er,r
aa,ao
aa,aa
bcl,bcl
uw,ux
q,q
iy,iy
l,l
ih,ih
n,n
eh,eh
kcl,kcl
l,l
aa,aa
tcl,tcl
r,r
t,t
k,k
axr,er
l,l
iy,ux
jh,sh
z,z
g,g
ng,m
bcl,bcl
tcl,kcl
iy,iy
oy,oy
eh,eh
ux,ux
er,axr
m,m
tcl,dcl
axr,r
ae,ae
r,r
dh,dh
z,z
ah,ah
t,t
r,r
aa,aa
eh,ey
iy,ux
n,n
ae,ae
ih,ih
th,th
ow,aw
s,s
v,v
g,g
z,z
t,t
n,n
s,s
n,n
kcl,kcl
r,r
ih,iy
dh,dh
ae,ae
tcl,tcl
tcl,tcl
aa,ao
ux,ux
w,w
axr,axr
m,m
r,r
ae,ae
r,r
r,r
ah,ah
ax,l
kcl,tcl
gcl,gcl
kcl,tcl
n,m
r,ay
dcl,tcl
v,v
r,r
aa,aa
axr,er
iy,iy
bcl,bcl
iy,ix
ah,ah
tcl,tcl
n,n
er,er
s,s
l,l
dx,dx
l,l
ng,ng
ih,y
w,l
iy,ix
q,q
ao,ao
tcl,n
en,en
d,dh
ch,ch
tcl,tcl
r,axr
ix,ix
r,r
l,l
kcl,tcl
f,f
iy,iy
iy,iy
l,l
p,p
ih,eh
z,z
hv,hv
n,n
v,v
dh,tcl
l,l
kcl,tcl
sh,sh
ix,ix
dx,n
aa,aw
l,l
sh,sh
q,q
l,l
p,hh
tcl,tcl
q,q
ao,ow
ix,r
dcl,dcl
iy,iy
ae,ae
w,w
ix,ix
ih,ih
ow,ow
dcl,dcl
l,l
eh,ae
kcl,kcl
eh,eh
axr,axr
ae,ae
tcl,tcl
b,m
eh,ae
iy,ix
l,l
sh,sh
dcl,gcl
t,t
ax,n
tcl,tcl
l,l
ih,eh
q,q
iy,ey
pcl,kcl
r,r
d,t
ih,iy
y,y
ae,ae
y,y
axr,axr
n,m
ux,ux
eh,eh
m,m
ix,ix
ae,ae
sh,sh
aa,aa
r,axr
ah,ah
iy,iy
ix,ax
jh,jh
ih,ih
f,tcl
ey,iy
n,n
d,jh
l,l
m,n
nx,dh
pcl,kcl
sh,ch
r,r
l,l
f,f
ay,ay
w,w
tcl,tcl
ah,ax
ux,ix
iy,iy
w,w
dx,m
axr,axr
ix,axr
axr,ow
ch,t
iy,iy
bcl,dh
ax,ax
ah,ax
ax,w
y,y
iy,iy
w,w
z,z
kcl,kcl
ax,ax
gcl,gcl
v,v
tcl,t
s,s
dh,dh
gcl,gcl
ih,ix
dh,pcl
ih,eh
aa,aa
sh,sh
y,y
tcl,tcl
s,s
k,k
ih,ih
y,y
ix,ix
w,w
th,f
ey,eh
ux,ux
ix,ix
eh,eh
eh,eh
ah,n
ih,ix
tcl,tcl
ah,ah
ey,ey
m,ng
bcl,bcl
dh,dh
tcl,pcl
k,k
ay,ay
axr,axr
axr,axr
m,n
z,z
pcl,pcl
v,n
ix,w
aa,aa
k,k
ih,ix
t,t
n,n
axr,axr
v,f
p,v
t,t
ae,ae
ch,ch
s,s
ow,el
ao,l
iy,iy
z,z
ng,ng
kcl,pcl
g,g
l,l
iy,iy
iy,iy
s,s
r,r
ae,eh
tcl,tcl
ih,ih
s,s
sh,sh
pcl,pcl
ih,ix
m,n
axr,axr
ix,eh
y,y
y,y
ae,ae
ng,n
ae,r
bcl,gcl
em,m
k,k
ng,ng
l,l
ih,ix
kcl,kcl
ih,ih
w,w
ix,ix
aa,aa
ih,ih
w,w
n,n
iy,iy
bcl,bcl
n,m
ih,ix
iy,iy
s,s
dx,dcl
pcl,pcl
ax,ax
l,l
ih,ix
r,r
ix,ix
v,ax-h
ih,ix
ix,ux
el,ow
iy,iy
ix,ix
l,l
w,w
hh,hh
ae,ae
uh,ax
g,g
k,k
ow,ow
s,s
ax,n
ey,iy
sh,sh
ay,ay
m,m
dcl,tcl
m,m
tcl,tcl
uh,ax
iy,ix
ix,ix
t,t
ih,ih
el,el
er,er
p,p
v,gcl
g,g
p,p
tcl,tcl
sh,s
q,q
tcl,tcl
p,pcl
r,r
aa,ao
ao,ao
l,l
er,er
n,n
r,r
tcl,kcl
oy,oy
kcl,tcl
ax,axr
dx,dx
r,r
ay,ay
m,en
r,dx
jh,jh
kcl,kcl
l,l
t,t
n,m
bcl,gcl
tcl,tcl
t,t
z,z
nx,n
jh,jh
m,m
n,n
tcl,tcl
tcl,tcl
s,s
ih,ix
er,er
ae,ae
el,el
kcl,kcl
pcl,tcl
ah,ah
k,k
ix,ix
sh,sh
aa,ao
ae,ae
axr,axr
f,f
kcl,kcl
q,q
pcl,pcl
k,k
ix,m
f,f
aa,ao
n,n
q,q
ix,axr
w,w
r,w
aa,aa
aa,aa
s,s
jh,jh
f,f
kcl,kcl
ix,ix
w,w
n,n
w,m
eh,ih
r,r
dh,dh
kcl,kcl
ix,ix
d,d
m,ng
dh,dh
kcl,tcl
ix,l
t,t
n,n
l,l
ae,eh
t,dh
iy,iy
s,s
kcl,kcl
n,n
kcl,kcl
tcl,pcl
bcl,bcl
kcl,gcl
ih,ih
z,s
tcl,pcl
r,r
iy,iy
ax,ax
tcl,tcl
k,k
aa,ao
eh,eh
w,w
ix,ix
oy,oy
z,sh
ux,ux
l,l
ae,ae
ix,ix
tcl,kcl
iy,iy
aw,aw
z,s
n,n
ao,ao
r,r
jh,jh
ux,ix
m,m
iy,iy
axr,r
k,k
eh,ih
kcl,pcl
p,p
uh,el
ix,ix
zh,zh
ah,ax
v,w
tcl,tcl
t,d
en,en
axr,axr
en,m
k,k
sh,sh
ix,ix
r,r
aa,aa
ng,gcl
w,w
iy,iy
dh,dh
tcl,tcl
eh,ix
ay,ay
ix,ix
q,q
y,y
er,axr
kcl,kcl
w,w
d,d
zh,z
ey,ey
bcl,pcl
w,w
d,dh
f,p
kcl,kcl
z,z
s,s
aa,aa
tcl,kcl
axr,axr
m,m
s,z
dh,q
dcl,dcl
p,b
ae,ae
ao,ao
p,p
v,v
ao,aw
l,l
r,r
s,s
kcl,kcl
ix,ix
er,axr
z,z
t,t
nx,m
d,d
ae,ae
ah,ah
ix,ix
hh,hh
gcl,gcl
uh,axr
bcl,bcl
eh,eh
kcl,tcl
n,n
ae,ae
kcl,kcl
kcl,gcl
r,r
ey,ey
s,s
ao,ao
iy,r
ah,ao
ng,ng
z,z
p,p
t,t
ih,ax
ah,ah
z,z
p,p
s,s
v,v
tcl,tcl
dcl,bcl
iy,hv
pcl,tcl
q,q
th,f
axr,axr
r,r
bcl,bcl
ih,iy
dx,dx
ao,ao
sh,sh
ay,ah
kcl,kcl
dx,n
dcl,dcl
k,k
ow,ow
tcl,tcl
eh,eh
n,n
m,m
q,q
dcl,bcl
ih,ih
ah,l
th,dh
eh,eh
t,t
n,ng
m,m
iy,iy
ch,t
q,v
ih,ih
l,l
ah,ae
pcl,pcl
en,en
m,m
y,gcl
jh,jh
eh,ix
dcl,tcl
l,el
ae,ae
z,z
tcl,tcl
ae,ey
s,s
dh,dh
eh,eh
p,p
b,m
z,s
aa,ao
f,f
eh,eh
ix,ix
s,s
s,s
l,l
ix,ix
l,l
iy,iy
k,k
w,w
tcl,tcl
ix,ix
iy,iy
dcl,dcl
ix,ng
s,s
w,ao
dcl,tcl
s,s
l,l
ao,r
eh,eh
s,s
iy,iy
ow,ow
bcl,bcl
s,s
ae,eh
y,y
kcl,tcl
l,l
dcl,dcl
tcl,tcl
dh,dh
k,dcl
dh,t
ih,iy
ix,ix
ix,hv
n,n
ah,ah
ay,ay
dh,t
s,s
pcl,pcl
m,m
kcl,kcl
q,q
ix,ix
r,r
eh,eh
k,k
ih,ih
s,s
q,q
s,s
t,t
iy,iy
ow,ow
axr,axr
ng,ng
tcl,tcl
ch,ch
z,z
q,q
iy,iy
axr,axr
iy,iy
eh,ih
er,axr
z,z
s,s
iy,iy
ow,ow
l,n
k,k
ah,ah
aa,ao
dx,dx
aa,aa
dcl,dcl
ey,ey
s,s
ow,ow
sh,sh
axr,er
f,f
iy,iy
tcl,kcl
l,l
ax,ix
pcl,pcl
dcl,tcl
dcl,dcl
r,r
tcl,kcl
dcl,dcl
n,n
n,n
zh,zh
ax,el
ix,ix
ay,ay
aa,aa
s,s
l,l
s,z
ix,ax
ng,ix
ao,ah
iy,iy
q,q
ao,ao
ao,ao
m,m
l,aw
pcl,n
ng,n
tcl,tcl
y,y
jh,jh
k,k
f,f
n,n
t,jh
dcl,tcl
ax,v
p,g
kcl,tcl
f,f
tcl,q
oy,oy
bcl,bcl
g,g
ax,ax
w,w
dcl,dcl
f,f
iy,m
kcl,pcl
ix,ix
n,n
ix,l
axr,axr
tcl,pcl
ih,ih
m,m
em,m
l,l
p,p
n,n
ix,ix
w,w
t,t
ix,iy
axr,axr
bcl,m
ae,eh
ey,iy
ae,ae
ng,ng
dcl,ng
eh,eh
ao,w
ix,iy
ch,jh
ix,ax
ao,aw
s,s
ay,ay
s,s
l,l
f,f
bcl,bcl
d,d
hv,hv
n,n
gcl,gcl
ow,ow
n,n
l,l
s,s
l,l
ix,ax
k,k
q,q
ay,ay
kcl,tcl
l,l
ih,y
s,z
er,axr
iy,ix
ay,ay
t,t
kcl,kcl
axr,axr
dcl,dcl
ih,ix
s,s
kcl,kcl
s,s
ix,axr
iy,ix
n,n
g,kcl
tcl,tcl
ao,ao
th,th
ih,ih
tcl,tcl
k,k
ax,ax
l,el
aa,aa
th,th
axr,axr
s,s
l,l
kcl,tcl
n,n
aa,aa
ng,ng
dcl,dcl
m,m
ao,ao
pcl,tcl
iy,l
f,f
r,r
dx,dx
z,z
iy,iy
ey,ey
er,er
iy,iy
iy,d
ih,ix
hv,hv
ao,aa
ao,ao
ix,ix
ah,ah
l,l
iy,iy
d,dh
en,n
l,dh
kcl,kcl
m,m
ah,ah
en,m
tcl,tcl
en,n
dx,n
w,w
ax,ax
r,r
ax,el
ay,eh
tcl,tcl
ax,ax
v,v
ih,eh
ey,ey
d,dcl
s,s
ae,ae
d,d
gcl,gcl
dcl,tcl
s,s
ix,ix
ih,ix
tcl,tcl
pcl,pcl
er,er
dcl,gcl
eh,eh
iy,iy
y,y
ae,ae
s,s
ow,ow
jh,jh
hv,hv
l,l
ao,w
kcl,kcl
axr,r
s,s
bcl,v
r,r
w,w
ow,ow
sh,sh
s,s
ah,ah
aa,aa
ih,ih
eh,eh
iy,iy
z,z
s,s
hv,hv
ao,ao
iy,iy
iy,iy
tcl,tcl
ae,ae
ix,ix
r,r
s,s
f,f
ih,ay
aw,aw
z,z
f,f
iy,ng
gcl,gcl
n,n
gcl,tcl
ng,ng
er,axr
dh,dh
r,r
ow,ow
s,s
uw,ux
kcl,gcl
pcl,kcl
eh,eh
z,z
ay,ay
ey,ey
q,q
hh,hh
axr,axr
ax,ax
v,g
ix,r
ax,ix
y,y
jh,jh
eh,ix
f,f
aa,aa
ow,ow
s,s
ix,iy
dcl,bcl
ih,ux
w,w
t,t
iy,iy
kcl,tcl
ix,iy
iy,iy
sh,sh
aa,aa
eh,ae
dh,tcl
pcl,pcl
axr,axr
n,n
th,th
kcl,kcl
f,v
t,t
jh,jh
q,q
er,axr
t,t
ix,ix
t,t
iy,iy
l,l
l,v
uh,uh
bcl,pcl
n,n
p,z
aa,l
ax,ax
g,g
bcl,bcl
l,l
ah,aa
n,n
axr,axr
iy,iy
iy,iy
q,n
dcl,dcl
r,r
iy,iy
dh,dh
r,r
axr,axr
dcl,bcl
eh,eh
l,l
kcl,kcl
s,s
iy,iy
ax,ah
s,s
l,l
bcl,pcl
th,f
ae,ae
ow,el
z,z
ey,ey
y,y
iy,iy
kcl,kcl
iy,iy
s,s
ix,ix
kcl,tcl
ax-h,ax-h
w,l
aa,ao
ix,iy
r,r
ax,ax
t,t
s,s
z,ch
n,n
p,p
n,n
y,m
axr,axr
iy,ux
ix,ix
ao,ao
y,y
el,el
axr,axr
ih,iy
ow,ey
k,k
ix,ix
ch,ch
t,t
aw,ae
tcl,pcl
l,l
ay,ay
er,er
m,m
ae,ae
axr,ax
ix,ix
ow,ow
ae,ae
el,el
ah,ah
d,t
iy,y
ax,r
m,m
dcl,bcl
s,z
ix,ix
eh,ix
q,q
s,s
ng,n
tcl,tcl
ih,ih
r,r
ey,iy
dcl,tcl
ae,ae
w,w
d,d
z,z
f,f
hv,hv
k,k
m,m
gcl,gcl
dh,dh
z,z
ey,ey
z,z
ux,ux
n,m
n,n
ix,ix
iy,iy
m,m
ch,ch
s,s
t,t
iy,iy
l,l
ax,ax
ow,ow
l,l
ih,ey
tcl,en
dh,dh
q,q
iy,iy
z,z
ao,ao
ow,ow
s,s
pcl,kcl
ih,ix
m,m
aa,ah
tcl,kcl
ux,r
ow,el
ey,ay
m,m
kcl,kcl
dcl,dcl
ow,ow
s,s
z,s
ey,ey
axr,r
m,m
eh,ay
dcl,gcl
eh,ih
ix,ix
tcl,tcl
k,k
pcl,pcl
hv,hv
p,p
z,z
kcl,pcl
pcl,tcl
dcl,pcl
t,t
z,z
ix,ix
iy,iy
ax-h,ax-h
ax,ax
s,s
ng,ng
z,s
r,r
ao,ao
ix,r
iy,iy
ux,y
ae,aw
n,ng
k,k
ey,ey
k,g
dx,dx
iy,iy
ay,aa
el,el
ix,ix
eh,ix
s,s
pcl,tcl
pcl,pcl
el,em
kcl,kcl
v,v
ih,ih
s,s
s,s
iy,iy
f,f
ey,ey
t,t
iy,iy
q,q
k,k
eh,eh
ax,l
ng,n
ih,ix
y,y
r,r
gcl,gcl
dh,dh
ix,ix
dcl,dcl
eh,eh
ih,ih
t,t
gcl,l
ng,ng
s,s
n,ng
iy,iy
tcl,kcl
n,n
bcl,dcl
ix,axr
ae,ae
tcl,tcl
v,v
n,n
ix,ux
pcl,pcl
p,p
tcl,q
kcl,tcl
ih,eh
ah,ah
f,dh
axr,axr
pcl,pcl
pcl,tcl
ih,ih
r,r
gcl,tcl
gcl,gcl
ao,ao
axr,axr
dh,dh
jh,jh
l,l
pcl,pcl
ch,jh
iy,iy
ix,ix
dx,dx
bcl,bcl
tcl,tcl
bcl,gcl
m,m
r,r
ao,w
ah,ah
eh,eh
k,k
pcl,tcl
eh,eh
en,m
f,f
iy,iy
kcl,kcl
w,l
iy,ix
k,k
ix,ix
ay,ay
tcl,tcl
f,f
n,n
q,q
w,w
eh,eh
ae,ae
ae,ae
hh,hh
iy,iy
ah,ah
dcl,tcl
ey,q
dcl,dcl
ow,ow
kcl,tcl
nx,nx
kcl,n
aa,aa
n,n
tcl,tcl
ay,ay
dh,dh
jh,jh
ow,ow
ih,ih
ae,ae
dh,dh
n,n
n,n
ih,y
ih,ix
iy,hv
ng,ng
z,z
ih,ih
iy,y
s,s
ih,iy
axr,r
axr,axr
q,q
eh,eh
kcl,kcl
pcl,pcl
ow,ao
d,t
th,th
l,q
q,q
s,s
ao,ao
sh,sh
ix,ix
sh,sh
kcl,tcl
s,s
w,w
aa,aa
m,m
nx,n
m,m
axr,n
iy,iy
dh,th
sh,sh
m,m
er,er
th,th
dx,dx
tcl,tcl
n,m
m,m
k,k
s,s
l,l
t,d
k,k
k,g
p,p
dcl,gcl
iy,iy
ih,ih
ix,ix
dcl,dcl
t,t
k,k
iy,iy
f,f
ow,aw
m,m
ix,ix
n,n
s,s
m,m
ae,ae
n,m
ih,eh
iy,iy
n,n
bcl,bcl
ix,ix
ey,ey
n,n
tcl,tcl
s,s
n,n
iy,iy
eh,axr
w,w
ax,ax
m,m
l,l
l,ow
t,d
tcl,tcl
n,ux
z,z
dcl,dcl
ch,jh
eh,eh
er,er
r,r
tcl,tcl
ih,ih
axr,axr
axr,axr
dx,dcl
r,r
n,n
tcl,gcl
s,s
ae,ae
kcl,tcl
iy,iy
ax,axr
kcl,kcl
r,r
q,q
l,l
eh,ah
er,er
r,r
pcl,kcl
t,t
f,f
ih,ix
tcl,tcl
z,z
ae,ae
dcl,pcl
ix,y
pcl,tcl
ah,ah
r,er
l,l
m,em
s,s
axr,r
n,n
k,k
ix,ix
r,r
iy,iy
dcl,tcl
ix,gcl
s,z
ix,dcl
k,k
y,y
r,r
aa,aa
m,m
axr,axr
l,l
ow,axr
r,r
pcl,pcl
el,el
ao,ao
hh,hh
iy,iy
n,dh
ix,ix
dcl,dcl
z,z
tcl,tcl
v,gcl
gcl,pcl
ax,ix
dh,th
dcl,dcl
q,q
sh,sh
pcl,pcl
n,m
dcl,dcl
ix,ix
ux,ux
ux,y
kcl,kcl
n,n
ax,ax
eh,eh
k,k
t,t
dcl,gcl
ix,ix
f,f
ow,ow
ae,ae
w,w
eh,eh
sh,sh
gcl,gcl
ax,m
s,s
ix,ix
s,s
dx,dx
aa,aa
f,f
ix,n
k,k
sh,sh
aa,aa
ah,eh
s,s
iy,iy
m,m
r,r
ih,ih
ix,ax
n,n
tcl,dcl
ax,m
ix,iy
tcl,tcl
kcl,kcl
m,m
iy,iy
iy,iy
q,q
ih,ix
ao,ao
ay,ay
q,tcl
w,w
gcl,gcl
s,sh
ae,ae
p,p
aa,aa
m,m
aa,ah
dh,dh
axr,axr
iy,iy
ax,ax
aw,aw
kcl,kcl
k,k
ao,aa
bcl,bcl
ih,ih
ix,v
s,s
ay,ay
ux,ux
kcl,kcl
p,p
m,m
iy,iy
n,n
ay,ay
gcl,gcl
iy,iy
m,m
ao,ao
axr,axr
s,s
aa,aa
d,d
axr,axr
oy,oy
ux,ux
t,t
p,p
l,l
ng,ng
ix,ix
m,en
gcl,gcl
dh,dh
v,v
axr,axr
pcl,pcl
y,g
d,ch
kcl,tcl
ih,ax
ao,l
dcl,dcl
th,t
ix,ix
q,kcl
dh,dh
k,g
ae,ae
ih,ux
ae,ae
gcl,gcl
dh,dh
tcl,tcl
ae,eh
k,g
l,l
p,p
w,w
eh,eh
t,hh
p,hh
ah,ah
dcl,tcl
s,s
ng,ng
aa,aa
z,jh
n,n
dcl,dcl
aa,ao
ey,ey
aa,aa
ix,en
f,f
hv,hh
kcl,tcl
n,m
t,t
dcl,dcl
l,l
dh,dh
ae,ae
iy,ix
ng,ng
axr,axr
er,er
jh,jh
iy,iy
n,n
eh,eh
n,m
t,t
t,t
m,m
sh,sh
iy,y
ix,ix
iy,iy
t,t
ae,ae
ix,hv
iy,iy
tcl,gcl
sh,sh
kcl,kcl
l,l
r,r
tcl,tcl
dcl,dcl
r,r
gcl,pcl
q,q
y,y
dh,dh
y,y
ao,aa
s,s
iy,iy
w,w
uh,uh
q,q
axr,axr
r,r
v,v
tcl,tcl
ow,ow
ix,ix
aa,aa
uw,axr
dcl,dcl
axr,axr
dcl,dcl
eh,eh
iy,iy
uh,axr
w,w
bcl,bcl
iy,ih
ey,ey
p,p
ix,ix
z,z
aa,aa
g,g
dcl,dcl
z,s
ih,ix
f,f
s,sh
ix,ax
hv,hh
z,s
v,v
s,s
ax,ax
eh,ae
iy,iy
ao,ao
n,n
s,s
p,p
gcl,gcl
p,p
uw,el
iy,iy
z,z
f,f
dx,dx
el,el
kcl,tcl
dcl,dcl
l,l
th,f
ae,ae
s,s
b,p
dcl,dcl
dh,dh
eh,eh
kcl,kcl
m,m
tcl,dcl
l,l
v,v
kcl,kcl
f,f
er,er
m,m
ay,ay
l,l
aw,aw
jh,jh
kcl,kcl
dcl,dcl
tcl,tcl
l,l
l,l
ix,iy
ix,v
sh,sh
ey,ey
s,s
axr,axr
sh,sh
k,k
m,m
s,s
ay,ay
ix,ax
ax,ah
z,z
dcl,dcl
t,d
ae,eh
tcl,tcl
ae,ae
dcl,tcl
r,r
w,w
q,axr
ix,iy
aa,ay
s,s
aa,aa
dcl,dcl
er,er
ey,ey
r,r
eh,l
r,r
s,s
l,m
eh,eh
n,n
n,m
ow,ow
f,f
iy,iy
kcl,kcl
sh,sh
ix,ix
kcl,tcl
s,s
r,r
w,w
pcl,pcl
uh,ih
kcl,tcl
ih,ix
axr,axr
w,w
dx,dx
k,k
axr,ix
axr,axr
eh,eh
w,w
ix,ix
pcl,pcl
n,n
pcl,tcl
l,l
f,f
tcl,bcl
s,s
ax,ix
kcl,kcl
iy,iy
r,r
tcl,tcl
t,t
sh,sh
ah,ah
dcl,dcl
f,f
s,s
ae,ae
g,g
tcl,tcl
jh,jh
k,k
ix,ix
q,dcl
er,axr
ng,ng
ux,ux
ix,ax
dh,dh
ay,ay
ih,iy
tcl,kcl
ax,m
ux,ux
eh,ah
ax,axr
ix,ix
n,n
ah,hv
ih,ng
dh,dh
s,s
s,s
nx,q
n,m
p,p
m,m
v,gcl
ey,ey
ax,ah
iy,iy
tcl,gcl
ow,ow
s,s
y,y
m,m
z,z
q,tcl
n,n
k,k
dcl,dcl
ax,ax
el,el
n,n
ah,ah
s,z
bcl,dcl
eh,eh
g,g
l,l
r,l
ix,m
kcl,ng
r,r
m,n
eh,eh
p,p
eh,eh
ah,r
ae,ae
axr,r
bcl,pcl
iy,iy
ih,ih
r,r
m,m
g,g
r,r
ow,ow
s,s
pcl,pcl
l,l
m,n
ao,ao
w,w
l,l
dcl,bcl
dh,dh
k,k
m,m
w,w
en,v
q,q
gcl,gcl
m,m
ow,ow
eh,ix
l,l
m,n
dcl,dcl
jh,jh
m,m
uh,ow
er,er
ix,iy
ih,ix
el,m
ih,ih
iy,ih
r,r
ix,ix
dx,nx
q,q
ih,ih
axr,axr
q,q
q,tcl
q,q
gcl,tcl
ih,ix
y,y
pcl,pcl
ix,ix
t,t
aa,ah
w,w
ow,ow
dcl,tcl
p,pcl
v,v
s,s
ae,ae
axr,axr
axr,axr
tcl,tcl
ae,ae
ix,ax
l,l
v,n
ih,ih
l,l
ix,ix
l,l
f,f
l,l
dh,dh
g,p
ix,hv
ux,ux
n,n
axr,axr
l,l
aa,aa
iy,iy
ae,ae
t,t
ax,ax
zh,jh
ix,ix
ey,ix
aa,ah
aa,aa
ax,ax
ao,ao
m,m
ao,ao
ix,ix
l,l
n,n
r,r
l,w
kcl,kcl
dx,dx
el,el
ix,ix
s,s
d,t
th,dh
s,s
f,f
y,y
ah,ah
eh,eh
iy,iy
eh,ix
eh,ae
aw,aw
s,s
ah,ae
jh,jh
k,k
z,z
iy,iy
axr,axr
bcl,bcl
dx,ix
ao,aa
ih,eh
ae,eh
ix,ax
t,t
v,l
hv,hv
l,l
k,k
z,z
ax-h,pcl
dh,dh
ix,hv
dcl,tcl
tcl,gcl
d,d
axr,er
hv,hv
jh,jh
kcl,kcl
tcl,tcl
r,r
eh,eh
iy,ih
dh,dh
s,z
d,d
n,n
n,n
axr,el
aa,r
l,w
z,s
kcl,kcl
r,r
t,d
s,z
kcl,tcl
v,v
dh,dh
ix,n
er,er
s,s
ch,jh
dh,dh
t,t
er,axr
iy,iy
n,n
ae,ae
ax,q
ix,ix
s,s
l,m
ax,ax
dcl,bcl
dh,dh
ao,ao
s,s
s,s
iy,iy
z,z
k,k
ax,l
ix,ix
p,p
l,l
ih,ih
hv,hv
ey,ey
p,p
kcl,kcl
f,f
s,s
ax,ax
t,t
n,n
iy,iy
m,m
tcl,kcl
dx,dh
p,p
ax,ax
aa,r
w,w
g,g
m,m
ix,ix
ae,ae
r,r
axr,axr
y,y
m,m
ae,ae
ey,ix
k,k
aa,aa
ux,ux
axr,r
ng,ng
r,r
w,w
axr,r
tcl,tcl
oy,oy
s,s
s,s
ih,ih
n,n
d,d
r,r
ix,iy
z,s
ay,ay
sh,sh
tcl,tcl
iy,iy
w,w
pcl,gcl
k,k
n,n
f,f
er,er
ih,ih
z,z
aa,ao
v,v
n,m
ix,ix
m,m
r,r
ao,ao
n,n
iy,iy
kcl,kcl
r,r
kcl,tcl
s,s
kcl,kcl
pcl,tcl
aa,ae
ax,ax
tcl,tcl
dcl,dcl
t,t
kcl,tcl
kcl,kcl
s,s
ax,ax
d,t
ae,ae
s,s
ow,ow
k,k
q,q
t,t
ix,ix
n,n
jh,jh
s,t
ix,ix
p,hh
n,n
dh,dh
axr,axr
l,l
s,s
aa,aa
uw,el
dcl,dcl
ay,ay
eh,eh
sh,sh
el,el
w,w
kcl,kcl
nx,n
t,t
aa,aa
hh,hv
sh,sh
v,m
ih,ix
aa,aa
r,r
ao,ao
axr,axr
d,dh
iy,iy
t,t
m,m
ix,ax
dx,dx
el,el
axr,er
z,z
n,m
ix,ix
dx,v
tcl,tcl
l,l
iy,ix
w,w
l,l
n,ng
q,q
aa,ao
z,s
th,th
r,r
ng,ng
ao,ao
n,n
n,ix
axr,axr
dh,z
v,v
w,w
kcl,gcl
ao,ao
kcl,kcl
s,s
ch,ch
pcl,tcl
s,s
sh,sh
r,r
m,m
ah,ax
ix,ix
q,q
ae,ae
ih,eh
ih,ih
s,s
ax,l
w,w
dcl,dh
l,w
ix,v
dcl,gcl
ey,ey
oy,oy
er,axr
ix,m
l,l
n,n
nx,nx
tcl,tcl
iy,iy
m,m
ix,ix
jh,tcl
jh,jh
r,r
eh,eh
r,r
sh,sh
uh,ix
ae,ae
axr,axr
eh,eh
kcl,tcl
pcl,kcl
r,r
ix,ix
n,n
nx,nx
n,n
kcl,tcl
z,s
iy,iy
k,k
aw,aw
ey,ey
kcl,pcl
ao,ao
ae,ae
iy,iy
l,l
ah,ah
eh,eh
ng,n
s,s
l,l
ae,ae
ih,ih
v,f
s,s
p,f
l,w
l,l
z,z
kcl,tcl
iy,ix
g,k
r,r
ax,ax
w,w
n,n
n,n
q,tcl
m,m
n,n
tcl,tcl
eh,eh
ix,ix
ay,ao
ax,axr
aa,ao
q,q
ix,m
kcl,kcl
n,n
ey,ey
dcl,gcl
n,m
z,z
tcl,tcl
ch,jh
kcl,kcl
l,ng
ix,y
k,k
r,axr
l,l
iy,iy
aa,aa
v,v
ix,iy
m,m
nx,n
kcl,kcl
dcl,dcl
er,er
f,f
ix,ax
er,er
kcl,tcl
aw,aw
kcl,kcl
ih,hv
ow,ow
ae,ae
ix,ng
tcl,tcl
q,q
aa,aa
w,w
v,dcl
pcl,pcl
n,dcl
ix,ax
k,k
q,q
kcl,kcl
aa,aa
ae,ae
pcl,tcl
r,axr
ax,l
ah,ah
q,q
s,s
k,k
d,t
em,m
r,r
eh,eh
ae,ae
ow,ux
iy,iy
tcl,tcl
s,s
k,k
ao,ao
w,w
iy,iy
gcl,bcl
d,d
ng,ng
r,r
r,nx
hh,hh
ch,sh
ix,ax
kcl,kcl
g,g
s,s
ih,ih
ax,ax
t,t
p,p
en,en
ao,ah
ey,ey
ix,l
ax,l
ix,ih
ux,ux
ix,ix
tcl,tcl
s,s
ey,ih
l,q
bcl,bcl
l,l
r,r
pcl,kcl
s,s
ao,ao
axr,axr
eh,eh
iy,ey
uh,uh
ae,ae
dx,dx
ix,ax
n,n
ae,ae
z,z
dh,n
z,z
m,m
ih,ih
p,f
q,q
iy,ix
ae,ae
m,m
l,l
pcl,pcl
p,p
el,w
tcl,pcl
r,r
g,g
r,r
r,r
ux,ux
r,r
l,v
r,r
dcl,dcl
ix,ax
m,m
er,axr
axr,ix
aa,aa
r,r
th,z
th,s
r,r
v,v
ae,ae
ix,ix
aa,aa
ae,ay
z,z
ix,ix
f,f
w,w
v,v
t,t
eh,eh
s,s
t,d
s,s
k,k
iy,iy
iy,iy
aw,ao
ux,gcl
q,q
n,m
m,m
r,r
l,l
ae,ae
s,s
q,q
ix,ax
pcl,tcl
iy,iy
ao,ao
bcl,bcl
axr,ix
axr,er
ng,n
m,m
iy,iy
hv,hh
r,r
s,s
m,m
w,w
v,v
ax,w
f,dh
w,w
axr,axr
m,m
n,m
ah,ah
z,s
dcl,tcl
eh,eh
uw,ux
hh,hh
iy,r
ux,ux
ae,ae
l,l
ae,ae
axr,axr
ao,ao
aw,ow
r,r
ae,ae
ah,eh
axr,axr
hv,hv
er,er
n,n
pcl,kcl
f,f
axr,ix
ix,ax
q,q
axr,axr
f,f
iy,m
kcl,kcl
tcl,dcl
m,m
r,r
n,n
ah,ix
w,w
ih,ih
aa,aa
ao,ao
ow,ow
g,g
eh,ah
ax,ix
sh,sh
kcl,tcl
uh,ah
dx,dcl
k,k
uh,ix
w,w
ux,ux
n,gcl
q,q
bcl,tcl
f,f
ao,ao
dh,dh
v,f
q,q
el,el
ux,ux
l,l
l,l
aw,aw
sh,sh
pcl,pcl
z,z
z,z
pcl,pcl
l,l
iy,iy
m,m
oy,oy
pcl,pcl
ae,ae
ey,ey
axr,axr
ih,ih
iy,iy
n,n
n,ng
z,z
dx,ng
ih,ih
em,bcl
ao,aa
ih,ih
k,k
eh,eh
f,f
k,g
v,f
gcl,gcl
aa,aa
iy,y
bcl,bcl
n,n
w,w
m,m
ah,ah
bcl,bcl
q,q
q,q
ng,n
k,k
axr,er
ah,ah
n,n
n,n
y,y
n,n
ax-h,ix
eh,axr
l,l
el,uw
ax,ax
iy,iy
v,v
ey,ey
k,kcl
q,q
ih,y
ih,ih
k,g
eh,eh
kcl,pcl
z,z
tcl,tcl
uh,ax
w,w
ix,ix
ow,el
kcl,kcl
dcl,dcl
ax,ix
iy,iy
s,s
n,n
ae,ae
k,k
dcl,dcl
f,f
f,f
f,f
q,q
ao,ao
nx,n
aa,aa
iy,iy
ih,ay
l,l
zh,zh
y,y
v,v
kcl,tcl
dcl,pcl
m,m
m,m
n,ng
eh,eh
en,n
t,s
ae,ae
ao,ao
sh,sh
ux,ux
w,w
k,k
aa,aa
ax,ax
ao,ao
s,s
ix,ix
n,dx
jh,jh
dx,n
hv,hv
ux,ux
hv,hv
iy,y
y,y
s,s
ow,ow
b,dh
iy,d
gcl,gcl
ae,ae
r,r
ae,eh
s,z
p,g
r,r
t,t
ax,ix
r,r
t,t
r,r
ey,ey
el,l
s,s
ih,ih
ao,ao
dcl,tcl
l,l
b,b
ah,ah
m,m
z,z
t,t
n,n
sh,sh
ix,ix
dcl,dcl
q,q
ow,ow
hh,hh
iy,iy
n,n
ae,ae
ax,ow
r,r
w,w
ay,ay
r,r
ow,ow
s,s
ih,ih
f,dh
n,n
tcl,tcl
k,k
k,k
z,z
ax,ax
gcl,gcl
p,p
s,s
iy,iy
w,v
l,l
r,r
ix,ix
kcl,kcl
ix,ix
iy,iy
l,l
r,r
ix,ix
g,g
eh,iy
ux,ux
er,er
pcl,tcl
hh,gcl
sh,sh
gcl,pcl
ch,ch
axr,axr
ay,aa
ah,ae
t,t
s,s
bcl,gcl
er,axr
z,jh
iy,iy
dcl,dcl
b,tcl
f,f
dx,dx
iy,iy
w,w
ao,ah
ix,ix
l,l
ow,ow
axr,axr
dx,dx
y,y
oy,oy
r,r
f,f
b,g
ih,ae
r,r
ix,ix
ay,ay
axr,axr
l,l
y,y
ao,ao
s,s
tcl,tcl
n,n
jh,jh
n,n
kcl,kcl
iy,iy
s,s
k,k
n,m
ao,ao
pcl,pcl
en,bcl
sh,sh
f,t
v,v
w,w
ah,ax
f,f
er,er
aa,aa
dh,n
kcl,kcl
tcl,pcl
aa,ah
dh,dh
r,r
l,l
ih,ih
pcl,pcl
hh,hh
ih,ih
el,el
iy,ix
t,t
k,k
tcl,tcl
uh,ah
sh,sh
t,z
z,z
aa,aa
ix,ix
tcl,gcl
pcl,pcl
tcl,tcl
sh,sh
er,er
r,r
ow,l
ah,ah
ch,jh
bcl,dcl
ih,ih
k,k
k,k
er,er
y,y
dcl,dcl
kcl,kcl
pcl,tcl
r,axr
bcl,bcl
w,w
ax,l
eh,eh
k,k
er,axr
uh,ix
pcl,pcl
g,g
q,ix
gcl,dcl
iy,l
k,kcl
r,axr
tcl,n
l,l
tcl,tcl
kcl,kcl
q,q
s,z
dx,dx
aa,aa
s,s
ow,ow
ix,ix
tcl,tcl
sh,s
dh,dh
m,m
iy,iy
g,g
ax,ax
ey,ey
jh,jh
m,m
y,hv
ih,ih
sh,sh
er,er
tcl,tcl
ay,ay
ix,ix
aa,ao
ux,ux
kcl,kcl
z,z
p,p
ao,ao
axr,r
ax,ax
eh,eh
tcl,tcl
oy,oy
m,m
ao,ao
s,s
z,z
f,pcl
zh,zh
pcl,pcl
r,r
s,s
ay,ay
p,f
m,m
ao,ao
pcl,pcl
er,axr
ax,ax
p,hh
ae,eh
ih,ix
ch,t
w,w
d,d
ah,ah
ae,ih
ay,ay
ng,ng
er,er
aa,aa
ix,ix
ch,sh
sh,sh
aa,aa
tcl,tcl
z,z
ih,ix
z,z
ae,ae
dh,dh
l,l
r,r
ih,ih
bcl,bcl
ch,sh
ix,ix
ao,ao
s,s
kcl,gcl
ae,ae
w,w
iy,ix
ah,ah
s,s
l,el
ay,ay
k,g
ae,ae
ae,ae
m,m
ih,ix
tcl,pcl
ow,ax
w,w
ao,aa
nx,n
ux,ux
n,n
ng,n
ao,ao
er,er
kcl,tcl
r,r
aa,aa
t,t
ao,ah
uh,ix
r,r
ih,ih
iy,iy
s,s
n,n
ih,ix
t,s
iy,iy
r,r
iy,iy
dh,dh
m,m
dcl,dcl
t,t
tcl,hh
ih,ih
s,s
z,z
l,l
ax,ah
t,d
ey,eh
p,hh
l,l
uh,uh
ng,ng
m,m
tcl,tcl
ao,ao
s,s
ey,ey
iy,iy
s,s
n,n
eh,ix
bcl,tcl
ih,ih
eh,ix
bcl,tcl
kcl,tcl
tcl,pcl
ih,ih
p,hh
ih,ix
iy,iy
ah,ah
l,l
t,t
hh,hh
axr,axr
ih,ih
s,s
ay,ay
sh,sh
bcl,pcl
gcl,gcl
ix,ix
m,m
s,s
axr,axr
dh,dh
s,s
z,z
hv,hv
ux,ux
bcl,dcl
th,z
kcl,gcl
t,d
ix,ix
iy,iy
tcl,tcl
d,d
ah,ah
ih,l
ax,ax
ng,ng
l,w
m,m
k,k
z,s
q,q
jh,jh
aa,aa
dcl,dcl
q,q
ih,iy
v,v
ix,m
ao,ao
er,er
tcl,dcl
p,hh
bcl,n
sh,sh
dx,dx
axr,axr
s,s
jh,jh
r,r
s,s
y,y
iy,iy
g,k
ae,ae
dcl,dcl
kcl,tcl
r,r
kcl,kcl
z,z
ow,ow
l,m
tcl,tcl
hh,hh
iy,iy
eh,ix
l,l
iy,iy
p,b
aa,aa
q,q
ae,ae
n,n
l,n
ih,ix
n,n
axr,axr
ah,ah
dh,d
kcl,kcl
iy,ix
r,r
ih,ih
kcl,k
iy,iy
kcl,gcl
n,n
r,r
pcl,tcl
dx,dx
y,ng
l,l
tcl,tcl
z,z
tcl,pcl
ae,ae
s,s
ae,iy
ix,ux
z,z
t,t
dcl,dcl
r,axr
ix,ix
tcl,tcl
ix,ax
n,n
t,t
g,g
l,l
y,y
iy,iy
ae,ae
ao,ao
r,er
dcl,bcl
th,th
w,w
v,v
s,s
dcl,dcl
m,m
kcl,kcl
kcl,tcl
z,z
tcl,kcl
m,m
tcl,tcl
k,k
ix,ix
kcl,gcl
tcl,pcl
iy,iy
t,t
th,th
pcl,tcl
ix,ix
kcl,kcl
dcl,pcl
ih,ih
n,n
k,k
l,l
iy,iy
dx,dx
ay,ay
n,m
aw,aw
l,l
n,m
d,t
ax,ax
dcl,dcl
k,k
ax,ax
aw,eh
r,r
n,q
m,m
ao,axr
l,l
g,g
k,dh
n,n
z,z
m,m
ih,ix
dcl,dcl
kcl,kcl
n,en
ix,ix
r,r
pcl,bcl
gcl,gcl
ix,ih
dcl,dcl
ix,ix
n,n
tcl,tcl
k,k
ey,ey
r,r
s,s
kcl,kcl
tcl,tcl
l,l
iy,iy
uh,ih
n,n
eh,ah
gcl,gcl
ix,ih
tcl,tcl
ax-h,p
s,s
tcl,tcl
n,n
iy,iy
iy,y
axr,axr
kcl,kcl
n,n
n,m
ux,ux
r,r
ow,ow
s,z
y,y
ow,ow
ay,aa
l,el
s,s
sh,sh
n,n
ix,ix
ix,ix
ix,ix
m,m
l,l
ix,n
axr,axr
nx,n
bcl,bcl
n,n
pcl,tcl
eh,eh
ae,ae
r,r
gcl,gcl
sh,sh
n,n
ix,r
bcl,bcl
n,n
th,th
l,l
k,k
s,s
ax,l
axr,axr
y,k
dh,d
kcl,kcl
ao,ao
aa,y
ux,uw
g,g
aa,aa
r,axr
tcl,tcl
s,s
er,er
z,z
ih,ih
tcl,tcl
iy,iy
w,w
l,w
ux,ux
q,q
w,w
gcl,gcl
ix,ix
aa,ao
tcl,tcl
iy,iy
eh,ah
tcl,tcl
k,k
aa,aa
jh,ch
ow,el
w,w
ih,ih
s,s
iy,iy
tcl,kcl
ix,ix
aa,ao
bcl,bcl
ax,ax
er,er
axr,axr
dh,dh
n,n
gcl,gcl
m,m
er,axr
gcl,kcl
r,r
ae,eh
kcl,pcl
eh,ih
tcl,tcl
iy,iy
iy,iy
g,g
v,v
iy,ix
y,y
r,r
ix,ix
kcl,tcl
kcl,kcl
sh,sh
dcl,dcl
gcl,gcl
er,axr
r,r
dcl,pcl
n,n
aa,ao
n,n
dx,ix
iy,y
ix,ix
kcl,kcl
z,z
dcl,dx
ax,ax
dcl,tcl
ux,ux
iy,iy
ao,ao
w,w
pcl,pcl
ax,v
el,el
aa,aa
r,v
w,w
ao,ao
l,l
ix,ix
k,kcl
iy,r
ix,ix
ix,ix
ah,ah
er,axr
aa,aa
q,q
q,q
s,s
ih,ix
kcl,kcl
m,m
t,t
k,k
ux,ux
q,q
pcl,pcl
dh,dh
w,w
m,ng
zh,jh
ae,ae
ae,ae
z,z
s,s
kcl,kcl
eh,eh
kcl,tcl
eh,eh
ao,ao
th,th
n,n
axr,axr
ey,ey
s,s
hv,hv
k,t
iy,y
d,d
ix,ix
l,l
iy,iy
iy,iy
sh,sh
m,m
ae,ae
ax,v
s,s
tcl,tcl
eh,ix
iy,ix
f,f
pcl,pcl
n,n
pcl,tcl
l,l
y,y
ao,w
ix,ix
aa,aa
s,s
pcl,pcl
bcl,bcl
s,s
eh,ih
eh,ah
ix,ix
g,g
ow,ow
eh,eh
pcl,tcl
iy,iy
z,z
aa,aa
ix,ux
tcl,pcl
n,n
ow,ao
axr,axr
tcl,tcl
f,f
ow,ow
kcl,kcl
q,q
dcl,gcl
axr,ih
eh,ae
ao,ao
jh,jh
r,axr
s,s
r,r
ao,ao
s,z
g,g
er,er
tcl,tcl
k,k
pcl,tcl
gcl,gcl
iy,iy
axr,axr
kcl,kcl
eh,axr
n,n
ah,ah
eh,eh
l,l
aa,r
er,axr
axr,axr
f,f
tcl,pcl
sh,sh
ux,ih
dx,dx
q,q
uw,w
z,s
ay,ay
m,m
r,axr
dx,tcl
ix,ix
dcl,dcl
ix,ix
dh,dh
b,p
ax-h,q
ae,ae
dcl,gcl
g,k
ao,ao
uw,uw
s,tcl
iy,iy
ah,ah
kcl,kcl
ix,ix
ih,eh
q,q
ix,ey
d,tcl
z,z
s,t
w,w
eh,eh
axr,r
jh,jh
ao,w
hh,tcl
tcl,tcl
tcl,tcl
tcl,tcl
l,l
tcl,pcl
dh,dh
n,n
t,t
f,f
gcl,gcl
v,v
q,q
el,ao
el,el
r,r
s,s
dcl,tcl
pcl,bcl
r,r
pcl,tcl
gcl,gcl
ay,ay
ix,ax
ao,aa
s,s
d,t
kcl,kcl
n,n
f,hh
n,n
ae,eh
dx,dcl
s,s
nx,nx
ih,l
eh,eh
dcl,dcl
m,m
iy,ix
ax,ax
dcl,tcl
dh,ix
q,q
r,r
bcl,m
ao,ao
nx,nx
ae,ae
pcl,tcl
p,hh
ix,ix
s,s
dh,dh
kcl,kcl
b,p
p,p
tcl,tcl
z,z
r,r
q,dx
ow,ow
ng,n
n,n
ah,ah
ih,iy
y,ux
oy,oy
iy,iy
iy,iy
ux,ux
aa,aa
ow,ow
n,n
iy,iy
dx,dx
f,f
w,w
oy,ay
iy,iy
k,g
ih,ih
aa,aa
l,l
ax,eh
kcl,kcl
l,el
kcl,kcl
q,q
dcl,dcl
k,g
iy,iy
n,n
tcl,tcl
m,m
ux,ux
n,m
pcl,pcl
ix,ix
l,w
pcl,tcl
r,r
tcl,gcl
ng,dcl
r,r
r,w
ow,ow
l,l
jh,jh
ix,ix
n,dcl
ix,ix
ay,ay
z,z
r,r
r,r
ae,ae
kcl,tcl
k,k
dcl,l
ow,ow
tcl,kcl
ix,ix
ux,uw
n,n
w,w
ao,w
ih,eh
pcl,tcl
ao,aa
tcl,tcl
gcl,gcl
ih,ih
z,s
f,f
dcl,dcl
f,f
kcl,tcl
m,m
n,m
t,t
ix,ix
dcl,dcl
pcl,pcl
s,t
ay,ay
n,ng
ix,ux
ae,ae
dcl,tcl
ax,m
bcl,bcl
ae,ae
f,f
ih,ux
axr,axr
eh,eh
n,gcl
ih,ih
z,z
s,s
sh,sh
kcl,kcl
s,s
axr,er
dcl,dcl
k,t
ix,ix
n,m
dcl,dcl
r,r
iy,iy
v,v
ng,ng
r,r
b,b
s,s
axr,r
z,s
t,t
z,s
tcl,tcl
er,er
sh,sh
ix,ix
kcl,tcl
kcl,kcl
pcl,tcl
l,w
k,k
tcl,tcl
ih,ih
k,k
t,d
k,k
q,q
m,m
axr,ix
g,g
iy,iy
ae,ae
q,q
gcl,gcl
gcl,dcl
aa,aa
m,m
axr,axr
aw,aw
l,dh
n,m
w,uw
ay,ay
ay,ow
ix,ix
r,r
tcl,pcl
k,k
s,s
dcl,tcl
w,w
oy,oy
er,axr
ah,ah
ow,ow
axr,uh
r,axr
bcl,bcl
r,ux
hh,hh
y,y
l,q
z,z
ax,ax
tcl,tcl
iy,iy
kcl,kcl
ix,ix
uh,ix
ch,ch
k,k
ch,jh
iy,gcl
ix,ix
ih,eh
t,t
ae,eh
y,y
eh,eh
ih,iy
r,r
s,sh
r,r
kcl,pcl
n,n
aa,aa
dcl,v
n,n
dcl,dcl
t,k
ih,ix
axr,axr
ax,ax
l,l
n,n
dcl,dcl
s,s
axr,axr
ih,ih
r,r
t,sh
iy,iy
ih,ih
l,l
s,s
axr,axr
m,m
ix,ix
f,f
tcl,tcl
ow,ow
y,y
ih,ax
iy,iy
ae,ae
kcl,kcl
dh,dh
eh,ih
r,r
axr,axr
dcl,r
iy,iy
ix,ix
l,l
bcl,bcl
ey,ey
ax,ax
r,r
aa,ao
s,s
p,p
ao,ao
n,n
kcl,tcl
kcl,gcl
r,l
ae,ae
jh,jh
ix,ix
m,m
aa,ao
r,r
n,n
dh,dh
dcl,dcl
d,g
ch,s
m,m
ae,ae
y,y
axr,axr
s,s
ao,ow
iy,iy
s,s
pcl,pcl
tcl,tcl
kcl,tcl
n,n
eh,eh
t,t
q,q
iy,iy
iy,iy
hh,hh
ay,ay
ax,ix
pcl,pcl
ao,ao
ix,ix
r,r
ih,ah
l,l
ao,ao
eh,eh
iy,gcl
ih,n
ae,ae
ey,ix
t,t
kcl,kcl
iy,iy
axr,axr
ay,ay
ay,ay
t,d
ih,ix
t,t
axr,axr
n,n
y,y
sh,sh
ey,ey
tcl,gcl
q,q
p,hh
kcl,kcl
r,r
gcl,tcl
ih,ix
dx,tcl
ax,ax
axr,ix
axr,axr
k,k
g,g
ax,ax
axr,axr
r,r
n,n
hv,hv
tcl,tcl
hv,hv
r,r
kcl,pcl
ih,ih
m,m
k,hh
tcl,kcl
k,k
p,pcl
ae,ae
ix,y
ay,ay
bcl,bcl
r,r
tcl,tcl
r,r
s,s
tcl,kcl
n,n
g,g
zh,sh
y,y
q,l
ay,ae
r,r
q,q
s,s
z,z
l,l
ae,ae
s,s
ey,ey
n,n
w,w
ae,ae
dx,dcl
ng,gcl
iy,iy
q,q
k,dh
axr,axr
ih,eh
tcl,tcl
dcl,n
en,en
l,l
aa,l
ae,ae
s,s
n,gcl
ih,ix
ix,ix
ah,ah
kcl,tcl
ow,l
s,s
d,t
k,k
axr,axr
ow,ow
l,l
kcl,kcl
iy,ix
n,n
w,l
k,k
n,n
axr,ix
ax,ax
y,y
m,m
eh,eh
l,w
p,p
ix,ix
r,r
dh,dh
iy,iy
ix,ix
f,f
s,s
hv,hv
gcl,v
iy,ux
p,b
eh,eh
ow,ow
w,w
tcl,tcl
s,s
th,th
oy,oy
w,m
ix,ix
ih,ih
r,r
ix,ix
dcl,tcl
pcl,pcl
l,l
ch,ch
aa,ao
kcl,tcl
jh,jh
ix,ix
g,g
k,g
n,ix
p,hh
uh,er
ae,ae
r,r
iy,ix
v,v
uh,ix
ao,w
kcl,tcl
r,r
aa,aa
el,el
kcl,tcl
eh,eh
ae,ae
v,f
ih,ey
ow,ow
ih,ix
n,n
n,n
ix,ax
tcl,tcl
w,w
l,l
k,k
l,l
p,hh
l,ix
q,q
t,t
iy,iy
q,n
th,th
r,r
s,s
iy,iy
tcl,tcl
k,k
tcl,dcl
ay,ay
kcl,kcl
m,m
f,f
axr,axr
ae,ae
sh,sh
m,m
ow,ax
l,q
ih,ih
k,k
r,r
n,ix
r,r
q,q
s,z
dh,n
s,s
v,v
g,k
t,t
ey,ey
w,w
dcl,gcl
q,q
w,w
ey,ey
eh,eh
aa,ao
kcl,kcl
gcl,gcl
ey,ey
z,s
n,n
pcl,pcl
iy,iy
dcl,dcl
kcl,tcl
dx,y
ax,ix
ih,ix
w,w
z,z
uh,ix
iy,iy
iy,iy
sh,sh
kcl,tcl
q,q
f,f
nx,m
pcl,pcl
iy,iy
l,l
p,f
q,q
ao,ao
ow,ow
ix,ix
ix,ix
r,r
z,z
ux,ix
axr,axr
ey,ey
iy,iy
kcl,kcl
iy,iy
l,l
hv,hv
sh,sh
r,r
t,t
dcl,dcl
axr,r
m,m
sh,sh
dh,dh
ih,ih
ay,ax
tcl,tcl
z,z
z,z
ix,n
r,r
ax,ix
eh,eh
m,m
ax,ax
kcl,pcl
ng,ng
m,m
s,s
ix,ix
ey,ey
r,r
ih,ix
iy,iy
aa,aa
aa,ah
s,s
hh,hh
s,s
iy,iy
b,p
l,l
tcl,tcl
v,v
aa,ao
r,r
dh,dh
ih,ih
z,z
kcl,bcl
q,q
ax,ax
ih,ix
m,m
ix,ih
sh,sh
ay,ay
axr,axr
v,v
l,l
s,s
ax,ax
d,g
r,r
s,s
ix,iy
ao,ao
zh,z
r,r
hv,hv
r,axr
k,g
d,t
n,n
z,z
uh,uh
aa,aa
g,g
q,q
ow,el
n,n
er,axr
kcl,tcl
er,axr
ae,ae
q,q
n,n
ao,ao
s,z
z,z
ao,ao
z,z
s,s
s,s
ng,kcl
ah,ah
ux,ux
ih,nx
m,m
ix,ix
pcl,pcl
uw,l
ax,ax
sh,sh
g,k
tcl,tcl
uh,ah
ax,ax
axr,r
th,dh
pcl,pcl
tcl,gcl
r,r
hh,hh
ix,ix
ae,ae
ao,ao
l,el
s,hh
kcl,tcl
ax,m
l,l
ih,ax
v,v
q,v
iy,iy
s,s
ix,iy
s,z
tcl,tcl
ux,ux
ix,ix
d,t
l,l
t,t
b,b
dcl,dcl
ix,ix
eh,eh
r,r
ae,ae
dx,dx
g,g
kcl,tcl
l,l
el,el
hh,hh
iy,iy
ah,r
ay,ay
q,q
q,q
m,m
k,k
q,q
g,g
v,pcl
jh,k
ay,ay
r,r
ow,ow
ax,ax
el,ow
pcl,pcl
w,w
z,z
ae,ae
t,d
nx,n
uw,uw
t,t
tcl,kcl
ih,ih
p,p
q,q
n,nx
s,s
w,w
en,n
iy,iy
ao,ao
p,p
iy,iy
ix,ix
ao,ao
th,z
t,t
z,s
r,r
l,l
t,t
p,p
ng,m
ay,ay
tcl,kcl
ae,ay
aa,aa
ih,ix
axr,axr
d,t
ix,ix
dcl,dcl
r,r
iy,iy
l,l
ih,ix
bcl,dcl
y,y
axr,axr
q,en
ih,ix
aa,aa
em,m
l,l
pcl,pcl
ix,l
ah,ah
dcl,dcl
ah,ah
aa,aa
ah,ah
ix,hv
ao,q
ow,ow
v,v
kcl,tcl
kcl,pcl
l,el
ih,ih
jh,sh
bcl,bcl
aa,aa
iy,iy
s,s
ix,ix
p,p
aa,aa
s,z
ix,ix
aa,aa
ae,ae
s,s
dx,dx
g,g
ah,ah
l,l
s,s
ix,ix
ix,ix
f,f
l,l
z,s
m,m
m,m
s,s
dcl,tcl
k,k
tcl,tcl
iy,iy
t,t
ax,l
ao,ao
ae,ae
n,ix
aw,aw
eh,ah
pcl,tcl
s,t
kcl,kcl
eh,eh
er,axr
ow,ow
ix,ux
ow,ow
ix,ix
ae,ae
w,w
dcl,dcl
f,f
s,s
er,axr
l,l
s,s
ae,ae
r,r
f,f
ay,r
dx,gcl
ao,ao
dx,dx
dcl,bcl
gcl,gcl
n,n
hh,hh
ae,ae
ey,ey
sh,sh
oy,oy
l,l
ao,ao
y,ih
iy,ix
ix,q
l,n
ae,ae
s,s
n,n
en,en
axr,axr
sh,sh
axr,axr
l,l
iy,iy
sh,sh
z,z
q,q
f,f
m,em
ih,el
n,l
l,ng
l,l
ao,ao
y,y
l,l
g,g
g,g
f,hh
r,r
er,er
kcl,pcl
aa,aa
ux,ux
sh,sh
nx,n
r,l
kcl,tcl
ix,ix
w,w
tcl,pcl
l,l
ix,ix
iy,y
g,l
m,bcl
kcl,gcl
ey,ae
ey,ey
ih,iy
ix,eh
l,l
t,t
sh,sh
tcl,tcl
aa,aa
ao,ao
er,er
w,w
bcl,tcl
ao,ao
ax,ax
dh,dh
ix,ix
l,w
eh,ae
er,eh
ax,ax
ax,l
ix,ix
z,z
w,l
eh,eh
zh,zh
s,sh
r,r
q,q
k,b
ay,ay
er,er
n,n
ix,ix
ih,ih
iy,iy
ih,ix
l,l
tcl,tcl
ey,ey
f,f
y,y
n,m
kcl,tcl
ih,ih
axr,axr
tcl,tcl
n,n
eh,ih
eh,r
k,g
ix,ix
s,s
s,s
r,w
aa,ao
l,l
k,k
ng,m
l,w
ay,ay
t,t
hv,hv
r,ah
ix,y
uh,ux
iy,ix
ah,ah
m,m
dcl,dcl
l,l
hh,hh
tcl,kcl
kcl,kcl
ax-h,dcl
sh,sh
ax,ix
pcl,pcl
kcl,kcl
v,v
v,v
n,n
ae,ae
eh,ae
v,v
w,l
n,n
dcl,dcl
aa,aa
ah,ah
ng,gcl
kcl,k
tcl,tcl
ow,ow
iy,iy
n,n
iy,iy
ax,ax
ey,ay
t,d
n,m
kcl,kcl
ux,ux
r,r
ao,ao
tcl,pcl
el,el
ix,ax
kcl,tcl
t,t
tcl,pcl
g,k
k,k
axr,axr
ay,ay
oy,oy
k,k
f,f
ix,ix
f,hh
pcl,pcl
t,t
uw,uw
tcl,gcl
n,n
eh,ae
s,s
ey,ey
g,g
n,n
kcl,kcl
kcl,tcl
gcl,tcl
aw,aw
w,w
tcl,tcl
ao,ao
en,en
w,w
kcl,tcl
zh,sh
iy,iy
f,f
ax,ax
tcl,tcl
s,s
t,t
hh,hh
tcl,tcl
bcl,tcl
tcl,tcl
ih,ih
n,m
ax,ix
uh,ix
l,l
ao,w
ix,ix
ax,ax
k,g
m,m
s,s
kcl,kcl
ao,ao
ao,ao
v,v
kcl,kcl
kcl,tcl
m,m
tcl,tcl
th,f
t,t
kcl,kcl
ae,ae
k,k
tcl,tcl
d,t
t,t
r,r
ix,l
pcl,pcl
z,z
ux,ux
eh,eh
ay,ay
dx,dcl
n,n
ow,ow
bcl,dcl
eh,eh
ax,ix
t,t
ih,ix
iy,iy
f,f
axr,axr
s,s
d,d
t,t
f,f
q,q
r,w
ax,q
n,n
oy,oy
aa,l
q,q
q,q
l,l
bcl,pcl
s,s
l,l
v,v
n,n
m,m
tcl,n
s,ch
th,s
z,s
aa,aa
kcl,kcl
er,r
iy,iy
ey,ey
ay,ay
ao,aa
ay,ay
gcl,pcl
ae,ae
bcl,bcl
d,d
uh,uh
axr,axr
ay,ay
ao,w
kcl,kcl
r,r
ey,ey
pcl,tcl
l,l
ux,ux
z,z
n,m
eh,ih
ih,ax
q,dh
n,ix
dh,f
k,k
dcl,bcl
iy,iy
ax,ix
aa,aa
iy,axr
l,l
iy,iy
ah,aa
ix,m
tcl,pcl
n,m
ao,ao
dcl,tcl
ih,ih
s,s
gcl,bcl
l,l
l,l
tcl,tcl
dcl,n
axr,gcl
l,r
ix,ix
ey,iy
ae,ae
n,m
ey,ey
m,m
ix,r
nx,n
t,t
n,n
q,q
ih,ix
sh,ch
iy,ux
iy,iy
f,v
s,s
axr,er
hh,p
iy,iy
axr,q
k,k
eh,eh
sh,ch
gcl,gcl
z,z
v,v
w,w
dh,v
tcl,tcl
ix,ix
er,r
ae,ae
q,n
tcl,tcl
kcl,tcl
pcl,bcl
ow,ao
ax,ax
r,r
eh,ax
q,q
gcl,tcl
ax,v
uh,axr
ow,ow
tcl,tcl
l,el
s,s
q,q
iy,iy
ih,ix
ih,y
iy,iy
z,s
ih,ih
pcl,tcl
y,y
ix,n
ey,ey
dx,dx
tcl,tcl
iy,iy
r,axr
ao,ao
n,n
l,l
v,n
s,s
sh,sh
ao,ao
ey,ey
n,n
ix,ix
s,s
ix,ix
iy,iy
sh,sh
n,n
th,th
dcl,bcl
n,m
v,n
ch,ch
v,v
gcl,gcl
kcl,tcl
eh,eh
t,d
z,z
ih,ih
nx,dx
iy,iy
v,v
tcl,tcl
m,m
iy,ix
ih,ih
ow,ow
s,s
ng,n
hv,hv
m,m
iy,iy
s,s
l,l
r,r
dcl,dcl
dh,v
jh,jh
t,t
l,ux
kcl,kcl
l,l
w,l
axr,ux
pcl,pcl
ih,ih
v,tcl
eh,eh
l,l
dcl,dcl
ng,ng
uh,ao
kcl,gcl
d,d
em,m
tcl,bcl
ao,ao
z,z
dcl,dcl
t,t
s,sh
dh,ix
l,l
ax,el
ae,ae
ao,ao
dh,dh
aa,ao
s,z
aa,aa
m,m
dh,v
ix,ix
w,w
iy,l
ix,ix
iy,iy
aa,aa
iy,iy
l,l
ae,ah
gcl,n
z,z
tcl,tcl
eh,eh
kcl,kcl
ay,ay
ey,ey
s,s
axr,r
tcl,tcl
s,s
n,n
r,r
dcl,gcl
ae,ae
ix,ix
aw,eh
ax,n
m,m
n,ix
t,t
axr,axr
iy,iy
s,s
hv,hv
pcl,tcl
ah,el
r,r
dh,n
l,l
z,z
aa,aa
gcl,gcl
tcl,pcl
aa,ao
pcl,pcl
iy,iy
l,l
eh,eh
s,s
k,k
r,r
dh,dh
dcl,dcl
q,q
s,s
ih,ih
r,r
eh,eh
r,r
ix,ix
aa,aw
iy,iy
z,th
ix,ix
k,k
tcl,tcl
y,b
th,s
iy,ix
ih,ix
ih,ix
r,hv
tcl,pcl
iy,iy
ax,ax
ux,ux
dcl,tcl
ix,ix
s,s
s,s
pcl,tcl
v,v
hh,hh
ih,ix
iy,iy
er,ix
ah,aa
s,s
eh,eh
m,m
dh,dh
n,ng
iy,iy
axr,r
dcl,tcl
ix,ix
pcl,pcl
iy,iy
er,axr
gcl,gcl
ao,ao
iy,iy
hv,hv
r,r
k,g
dh,dh
ix,ah
m,m
kcl,gcl
s,s
w,w
ow,el
eh,ih
jh,jh
tcl,tcl
er,er
ix,ey
ae,ae
ix,ix
s,s
w,w
l,l
kcl,kcl
w,w
f,f
k,k
r,r
ae,ae
ih,ih
ih,ih
z,v
s,s
axr,axr
sh,sh
dcl,tcl
n,n
ao,ao
hv,hv
q,q
s,s
bcl,bcl
m,iy
axr,axr
ow,ow
w,w
f,f
n,n
n,n
y,y
f,f
ix,uw
th,dh
r,r
m,m
kcl,kcl
ax,el
er,axr
kcl,kcl
dcl,dcl
axr,axr
eh,eh
sh,sh
kcl,kcl
axr,axr
ax,ax
ah,ae
er,er
n,n
p,p
ao,ao
iy,iy
ao,aw
l,l
n,n
p,hh
eh,eh
aa,aa
ae,ae
ey,ey
dcl,tcl
m,m
ih,axr
pcl,bcl
ow,ow
dx,kcl
s,s
l,l
ch,ch
ih,ix
tcl,tcl
iy,iy
k,p
ao,ay
s,s
gcl,kcl
tcl,kcl
dh,n
eh,ih
aw,aw
kcl,kcl
eh,r
ax,w
t,t
ae,ae
l,l
bcl,tcl
k,g
gcl,dcl
kcl,kcl
aa,ao
jh,jh
ix,ih
k,g
gcl,gcl
p,g
tcl,n
n,m
p,p
axr,axr
r,r
n,n
ng,n
ay,ay
ux,ux
k,tcl
ay,ay
ax,ix
iy,iy
eh,l
w,w
tcl,tcl
pcl,pcl
s,s
aa,ao
ae,ae
r,r
ay,ay
z,z
ix,ax
ch,ch
pcl,pcl
r,axr
t,t
th,th
gcl,gcl
r,r
dh,dcl
v,tcl
hv,hv
ix,ix
ax,ix
ae,ae
sh,tcl
iy,iy
r,r
eh,ae
ao,ow
eh,eh
n,n
pcl,pcl
n,n
ao,ah
hh,hh
ey,ey
ix,l
w,w
ay,ay
ao,ao
v,v
m,m
y,y
dcl,m
f,v
ix,r
t,t
gcl,kcl
t,t
n,n
ix,ix
ax,ax
ae,ae
k,k
m,m
ch,jh
s,s
n,n
pcl,gcl
s,s
axr,axr
dcl,gcl
s,s
aa,ao
v,v
v,v
s,z
tcl,tcl
dcl,dcl
zh,zh
n,n
m,m
er,er
l,l
ix,ix
n,n
k,k
tcl,tcl
k,k
tcl,n
s,s
ae,ae
w,w
l,l
ao,ao
t,jh
tcl,tcl
aa,ah
m,m
l,l
s,s
eh,eh
ow,ao
r,aa
axr,axr
t,t
ix,ix
ng,m
tcl,tcl
ow,ow
tcl,v
ey,ey
aa,aw
axr,axr
axr,axr
t,t
ow,ow
n,n
bcl,bcl
ow,ow
gcl,gcl
ih,ix
iy,y
s,z
kcl,kcl
r,n
r,r
tcl,tcl
dx,dx
w,w
en,m
l,l
iy,iy
kcl,pcl
m,m
q,y
sh,sh
eh,axr
ih,ix
tcl,tcl
axr,axr
ih,eh
k,k
ax,ax
ao,ao
l,l
dcl,dcl
l,l
tcl,pcl
ay,ay
sh,sh
q,q
ao,ao
uh,ux
sh,sh
dcl,pcl
s,s
k,k
ih,y
eh,eh
k,k
ax,n
ix,ix
en,n
ih,ix
dcl,dcl
m,hh
jh,d
pcl,tcl
ah,ah
axr,axr
ah,ax
r,r
axr,axr
w,w
l,w
ih,ix
ih,ih
ae,ae
n,n
dh,dh
ax,ax
r,r
aa,aa
d,g
k,k
iy,iy
ux,ux
m,m
w,w
ah,l
ih,ix
r,r
dcl,dcl
s,s
sh,sh
tcl,tcl
kcl,kcl
iy,iy
m,m
n,m
ow,ow
l,l
ax,ix
tcl,tcl
iy,iy
n,n
n,n
pcl,pcl
pcl,pcl
eh,eh
en,en
ow,ow
s,s
ix,n
s,s
gcl,dcl
iy,iy
n,n
w,w
k,k
ix,ix
k,k
dcl,tcl
ae,ae
gcl,gcl
r,ix
ae,ae
dcl,gcl
d,t
m,ng
ix,ix
q,q
sh,sh
ah,ah
axr,axr
tcl,kcl
axr,axr
q,q
f,f
aw,aw
iy,iy
ae,ae
t,t
s,s
axr,r
ow,l
dcl,dcl
kcl,kcl
w,w
l,l
kcl,tcl
s,s
ae,ae
z,z
m,m
ix,dh
ao,w
t,t
hh,hh
hv,hv
bcl,bcl
ih,ih
z,z
l,w
l,l
tcl,pcl
y,y
s,s
ix,ix
tcl,pcl
tcl,tcl
r,r
pcl,pcl
iy,iy
ih,ih
sh,s
tcl,tcl
s,s
ey,ey
pcl,p
eh,er
bcl,bcl
ix,ix
n,n
y,y
dx,n
q,q
m,m
dh,dh
w,w
aa,aa
s,s
l,l
q,q
n,n
ey,ey
aa,ay
ae,ae
n,n
l,l
r,r
axr,axr
el,w
pcl,tcl
m,m
ao,ao
aa,aa
axr,axr
t,t
l,l
ax,ix
r,r
ix,ix
r,r
q,q
dcl,dcl
n,n
n,n
n,n
jh,d
ax,ax
dcl,n
aa,aa
axr,axr
w,w
nx,n
q,q
gcl,dcl
er,axr
bcl,bcl
f,f
r,r
dcl,dcl
kcl,kcl
ah,ah
kcl,kcl
ix,ix
iy,iy
ae,ae
tcl,tcl
tcl,kcl
m,m
l,l
iy,iy
n,n
ay,ay
q,q
ae,ae
bcl,bcl
n,m
r,r
ah,ah
l,l
m,m
p,p
uh,ow
ih,ey
r,r
pcl,pcl
k,k
ix,uw
ix,ix
y,y
n,n
s,s
ix,ix
ae,ae
kcl,kcl
ix,ix
ao,ay
sh,sh
s,s
n,n
bcl,bcl
s,s
s,s
sh,sh
tcl,tcl
hh,hh
kcl,kcl
gcl,gcl
f,pcl
gcl,gcl
m,m
r,axr
ix,ix
el,el
jh,t
n,n
q,q
gcl,dcl
hh,hv
ow,ow
ax,n
ey,ay
ae,ae
hh,hh
gcl,kcl
w,w
s,s
bcl,bcl
l,l
pcl,tcl
kcl,tcl
d,d
iy,iy
m,m
ix,ix
n,n
iy,iy
ix,hv
n,dcl
axr,axr
y,y
pcl,tcl
dh,dh
l,l
kcl,kcl
v,v
p,p
aa,ao
axr,axr
r,r
dcl,gcl
ih,eh
uh,ih
axr,axr
jh,jh
pcl,pcl
q,q
jh,jh
sh,sh
q,q
nx,n
n,n
tcl,tcl
ax,ax
n,n
r,r
ey,ey
iy,iy
ih,eh
dx,dcl
ix,l
t,t
ae,eh
ix,tcl
ih,ih
s,s
hh,hh
ay,ay
bcl,bcl
ng,ng
ax-h,kcl
f,f
er,er
sh,sh
sh,sh
eh,eh
k,k
ix,ix
ey,ey
l,el
eh,ah
er,er
ey,ey
ao,w
k,g
z,z
kcl,hh
gcl,tcl
el,el
hv,hv
pcl,tcl
kcl,tcl
q,q
ao,aa
dcl,tcl
ax,ah
s,s
ay,ay
q,dh
iy,iy
ix,ax
t,t
n,n
ix,ix
dcl,dcl
s,s
g,k
kcl,tcl
aa,aa
ay,ae
q,q
q,q
er,er
n,n
ih,er
ix,ix
ae,ae
axr,ix
r,r
ix,ix
iy,iy
ix,ix
l,l
p,p
ih,ih
z,z
f,f
iy,ix
l,l
t,t
tcl,bcl
k,g
r,r
aa,aa
ng,n
axr,r
ng,n
ao,el
m,m
w,w
pcl,tcl
iy,ix
ng,ng
iy,ix
dx,dx
ux,ux
k,k
ae,ae
n,n
ix,ix
m,m
m,m
kcl,gcl
eh,ix
g,g
aa,aa
gcl,gcl
gcl,gcl
oy,oy
th,f
r,r
hh,hh
eh,ey
ao,ao
ao,ow
l,l
aa,aa
n,ng
k,k
pcl,tcl
ow,ow
ao,w
n,n
tcl,tcl
ax,ax
bcl,dcl
l,l
eh,r
iy,ux
dcl,tcl
m,m
hv,hv
aa,ao
ix,eh
s,s
s,s
r,r
pcl,pcl
ao,ao
w,w
sh,f
sh,sh
ng,m
ix,ix
dcl,pcl
p,p
ix,ix
n,n
er,axr
kcl,pcl
ay,ay
aa,ao
f,f
n,m
ah,ix
q,q
m,m
w,w
axr,axr
w,w
p,p
z,z
tcl,kcl
pcl,tcl
f,f
uw,ng
r,l
s,s
sh,sh
ih,ix
n,n
dcl,dcl
kcl,kcl
z,z
ix,ix
dcl,dcl
pcl,pcl
pcl,pcl
ao,aa
kcl,kcl
n,n
f,f
y,y
t,k
jh,jh
ix,ix
t,jh
r,r
ix,ih
ih,ih
p,pcl
jh,jh
ix,ix
ih,ix
pcl,tcl
z,z
n,n
v,v
aa,aa
q,q
t,t
ae,ae
aa,ao
bcl,bcl
ax-h,ax-h
dcl,dcl
ay,ay
q,d
r,r
bcl,v
ng,ng
z,z
l,l
ih,ix
ix,n
l,l
dcl,gcl
k,k
axr,ux
f,f
p,p
iy,iy
ah,ah
axr,axr
q,q
aa,aa
iy,iy
iy,iy
kcl,tcl
tcl,tcl
ay,ix
ix,ix
ae,ae
ah,ao
gcl,bcl
l,l
eh,eh
iy,iy
n,m
axr,axr
s,s
axr,axr
eh,ah
l,l
ah,ow
r,r
l,l
el,el
axr,axr
ux,ux
z,s
p,p
ey,ih
ix,r
ux,ix
t,t
ae,ae
l,l
aa,aa
dx,dx
axr,axr
ey,ey
r,r
ah,ax
t,t
b,b
l,l
eh,eh
ah,ah
l,l
kcl,kcl
m,m
s,s
ih,ix
ax,ax
kcl,kcl
v,w
bcl,bcl
iy,y
z,s
l,l
s,s
g,g
n,n
ao,ao
jh,d
p,p
s,s
m,m
ax,ix
ow,ow
pcl,pcl
dh,dh
ae,ae
n,m
aa,ao
axr,axr
axr,axr
tcl,pcl
n,n
s,s
ow,ow
ax,ix
m,ng
r,r
eh,eh
bcl,bcl
t,t
ix,ix
ow,ao
ih,ix
n,n
n,n
r,m
d,jh
ix,ih
ae,ae
w,w
pcl,pcl
y,v
ih,ix
axr,ix
s,s
axr,axr
ix,axr
ay,ay
tcl,n
p,p
ux,ih
v,v
ae,ae
el,el
ih,axr
n,n
kcl,kcl
iy,iy
axr,r
w,w
n,n
k,k
s,s
w,m
ax,ix
w,w
pcl,tcl
ow,ow
r,r
ah,ae
ix,ix
ih,ih
ao,ao
t,t
y,y
hh,hh
bcl,bcl
tcl,pcl
dx,v
ix,iy
l,l
ix,ix
th,dh
gcl,gcl
n,n
r,r
ix,iy
n,n
l,l
dcl,dcl
iy,iy
er,er
y,y
n,n
ah,eh
n,n
iy,iy
ix,ix
l,l
ax,ax
w,w
t,tcl
z,z
iy,iy
dcl,tcl
n,n
q,q
q,pcl
l,l
kcl,kcl
th,dh
aa,ao
ih,ix
v,gcl
ae,eh
f,p
tcl,tcl
dx,l
iy,hv
kcl,gcl
ao,ao
pcl,pcl
f,f
r,r
k,k
s,s
r,r
ih,q
dx,dx
ah,ah
dcl,dcl
kcl,pcl
s,s
s,z
ih,eh
t,t
m,bcl
m,ng
z,z
ae,aa
nx,n
q,dx
eh,eh
n,n
s,s
gcl,gcl
dcl,gcl
l,l
k,k
aa,aa
ah,ah
iy,ux
ae,ae
m,em
ih,ix
kcl,kcl
kcl,tcl
t,t
sh,sh
sh,sh
r,r
pcl,tcl
iy,ux
n,n
tcl,tcl
gcl,dcl
gcl,gcl
sh,hh
ax-h,tcl
ah,ah
n,n
k,k
s,s
hv,hv
n,n
kcl,tcl
zh,z
ay,ay
ah,ah
ey,ey
y,y
axr,axr
sh,sh
dcl,bcl
w,w
gcl,gcl
tcl,pcl
iy,iy
iy,iy
aa,aa
hv,r
tcl,tcl
bcl,bcl
tcl,tcl
er,axr
gcl,gcl
iy,iy
ix,ix
n,n
iy,iy
n,tcl
bcl,bcl
dcl,dx
bcl,bcl
ao,w
dcl,dcl
k,k
z,z
w,w
jh,jh
tcl,tcl
w,ux
p,p
k,k
ix,ux
ix,ix
iy,iy
s,s
iy,hv
l,l
kcl,kcl
n,n
n,bcl
k,k
dcl,dcl
y,y
ay,ay
s,s
n,n
y,gcl
s,s
n,n
tcl,tcl
tcl,kcl
sh,sh
nx,n
t,t
ix,ae
k,k
th,z
axr,er
k,k
pcl,tcl
z,z
ax,r
z,s
kcl,kcl
el,ax
r,r
ow,el
ix,ix
aa,ao
t,t
ix,ix
en,n
ae,eh
m,m
g,g
d,d
pcl,tcl
s,s
jh,jh
iy,iy
ih,ih
s,s
r,axr
iy,iy
z,z
k,k
tcl,tcl
ih,ih
ax,v
q,q
ih,ix
iy,iy
pcl,tcl
ae,ae
ao,ao
n,n
n,m
bcl,bcl
kcl,kcl
v,v
ix,ix
s,s
ix,ix
m,m
ae,eh
ae,q
w,w
axr,axr
p,p
aw,aw
pcl,tcl
ao,aa
ax,ix
ow,ow
aw,aw
d,v
uh,r
l,l
m,m
s,s
pcl,pcl
ah,eh
ux,ux
ah,ah
t,t
sh,sh
iy,iy
v,v
ix,gcl
l,l
tcl,dcl
dcl,tcl
n,n
ix,ix
iy,y
gcl,bcl
el,el
axr,axr
iy,ux
t,hh
ih,ix
ix,ix
axr,axr
w,w
iy,iy
w,w
eh,ae
ae,ae
pcl,tcl
q,q
n,n
iy,iy
n,n
k,k
y,y
t,t
ax,ix
d,d
ey,iy
eh,eh
v,v
sh,sh
b,p
ix,ix
w,w
er,axr
z,s
axr,ix
ay,ay
axr,axr
dh,dh
t,d
ax,ix
l,l
f,f
q,q
s,s
th,th
oy,oy
sh,sh
iy,iy
ao,aa
el,el
r,r
axr,axr
s,s
q,q
ng,ng
r,r
gcl,gcl
sh,sh
tcl,tcl
z,z
ax,r
z,z
axr,axr
ah,ah
jh,jh
s,s
ix,ix
n,n
s,s
n,ng
ow,el
pcl,kcl
eh,eh
z,z
f,f
axr,axr
dh,dh
dx,dx
ix,ix
aa,aa
m,m
iy,iy
aa,ao
eh,eh
ih,ix
ix,en
r,r
ah,ae
tcl,tcl
d,g
uh,uh
w,w
ih,eh
ae,ae
pcl,pcl
sh,sh
kcl,pcl
jh,jh
ng,ng
m,ix
m,m
ix,q
dx,dx
kcl,kcl
n,n
f,f
t,t
eh,q
iy,iy
hv,hv
kcl,kcl
z,z
tcl,n
dcl,dcl
iy,iy
ax,ax
r,r
aa,ao
ah,ae
s,z
aw,l
ax-h,kcl
w,w
gcl,dcl
jh,jh
s,s
axr,axr
k,k
m,m
k,k
s,s
ix,en
n,n
ix,r
f,f
ix,ix
ae,eh
iy,y
eh,eh
g,k
ow,ow
y,y
iy,y
iy,iy
l,el
q,q
tcl,tcl
ax,l
tcl,pcl
t,t
s,s
jh,jh
ay,aa
w,w
v,v
w,w
kcl,kcl
ao,ao
dcl,bcl
ay,ay
w,w
ah,ah
s,s
s,s
oy,oy
er,er
kcl,kcl
ae,ae
dh,dh
w,w
t,t
ax,ax
l,l
kcl,kcl
l,l
ix,n
l,ax
kcl,kcl
r,l
bcl,bcl
n,n
ey,ey
k,k
r,r
axr,axr
dx,dx
q,q
k,k
s,s
ix,axr
kcl,kcl
r,r
s,s
l,l
v,bcl
sh,sh
s,s
s,s
s,s
gcl,bcl
p,q
axr,er
r,r
r,r
ih,ih
el,l
ao,ao
ay,ay
s,s
uh,ax
eh,l
eh,eh
dcl,gcl
axr,axr
er,axr
dcl,dcl
kcl,kcl
ih,r
tcl,tcl
kcl,tcl
s,s
en,en
m,m
r,r
s,s
ix,iy
dcl,dcl
l,l
dx,dx
n,m
ah,ax
pcl,pcl
ae,ae
k,k
f,f
v,v
ae,ae
r,r
kcl,tcl
dh,th
t,t
m,m
iy,iy
ax,ah
r,l
z,z
ih,iy
ao,ao
sh,sh
pcl,tcl
axr,axr
v,v
ae,eh
kcl,kcl
ay,ay
k,k
ay,ay
iy,iy
ch,ch
w,w
ih,ix
l,n
t,t
s,s
m,m
pcl,pcl
dcl,dcl
ow,l
ih,ih
ih,ih
iy,iy
nx,m
bcl,dcl
q,q
q,q
ae,ae
kcl,gcl
w,w
ah,ah
tcl,tcl
er,axr
kcl,kcl
ey,iy
l,el
tcl,tcl
m,n
dx,tcl
ao,ao
ae,ae
k,k
ix,ax
n,n
ih,ix
kcl,kcl
y,y
l,l
er,er
ch,jh
gcl,r
ix,ix
ix,ix
pcl,pcl
ix,en
p,t
t,t
uh,axr
ix,eh
m,m
ih,ix
k,k
r,r
eh,eh
s,s
z,z
ae,ae
ae,ae
eh,eh
s,s
s,z
ih,ih
iy,iy
iy,iy
ux,ux
r,r
l,l
sh,sh
ng,ng
k,f
q,tcl
hv,hv
tcl,tcl
ux,ux
iy,ey
ng,ng
aa,aa
pcl,pcl
l,l
ae,ae
ow,l
r,axr
ix,ng
q,q
iy,iy
sh,sh
q,q
ix,l
v,dcl
en,ah
ae,er
ux,y
m,n
n,n
q,q
pcl,pcl
k,k
pcl,tcl
p,p
n,m
ao,ao
ae,ae
v,v
el,el
iy,iy
z,z
ih,ih
m,m
ae,ae
t,d
t,t
t,t
ix,ix
ow,l
tcl,tcl
p,p
aa,aa
ux,uw
iy,iy
kcl,tcl
n,n
n,m
z,z
ix,ix
eh,ae
ow,ow
ix,ix
kcl,tcl
ix,ix
kcl,kcl
f,f
q,q
r,r
pcl,tcl
g,hh
z,z
s,s
gcl,gcl
ih,ix
ih,ih
en,en
ih,ix
tcl,kcl
aa,aa
aa,aa
s,s
uh,ux
l,l
l,l
v,v
ax,ax
ix,q
kcl,tcl
r,r
iy,ix
ae,eh
sh,sh
nx,n
iy,iy
iy,iy
uw,w
ix,ix
f,v
ix,ix
sh,sh
r,r
eh,hv
tcl,q
dx,dx
d,kcl
ch,ch
er,axr
y,y
f,f
m,m
aa,aa
sh,sh
kcl,pcl
bcl,bcl
ih,ae
g,g
ix,ix
iy,iy
l,l
aa,ah
k,k
ix,kcl
dx,dx
l,l
q,q
v,ax
ix,ix
eh,ix
k,kcl
gcl,gcl
r,r
ow,ow
ih,ih
aa,ao
axr,axr
dx,n
l,l
bcl,n
ax-h,nx
iy,iy
ix,ix
kcl,kcl
s,s
nx,nx
el,l
ch,jh
hv,hv
ax,ax
ow,ow
eh,eh
y,y
tcl,gcl
kcl,kcl
pcl,bcl
k,k
sh,sh
ih,ix
axr,er
k,k
w,w
m,n
t,t
dcl,dcl
nx,n
ay,ay
w,w
en,en
ix,ix
dcl,dcl
kcl,tcl
sh,sh
z,z
ay,ay
dcl,dcl
ay,ay
iy,ix
iy,iy
m,m
r,r
n,n
iy,ix
ae,ae
ow,ow
r,r
z,s
g,g
pcl,tcl
kcl,kcl
iy,iy
ae,ae
uh,ax
gcl,gcl
l,l
ao,r
er,axr
sh,sh
ux,ux
ah,ah
ow,ow
s,s
ux,er
r,r
ey,ey
k,k
ng,n
t,t
f,f
q,q
eh,eh
kcl,tcl
en,n
ao,aw
ao,aa
er,er
r,r
r,r
ix,ix
iy,axr
ae,ae
s,s
s,s
sh,sh
ix,ix
ix,ix
sh,sh
p,p
z,z
iy,iy
r,r
ix,ax
ih,ih
iy,iy
s,z
m,m
k,k
z,s
oy,m
m,m
z,z
ah,l
gcl,gcl
iy,hv
n,n
w,w
q,dx
eh,eh
sh,s
l,l
b,b
ah,el
tcl,tcl
ae,ae
ah,ax
pcl,bcl
dcl,tcl
sh,sh
l,l
ow,ow
eh,eh
nx,nx
dcl,gcl
aa,aa
ow,ow
s,s
w,w
pcl,pcl
ix,ih
r,r
en,en
ao,ao
ix,ix
bcl,m
ah,ah
s,s
y,y
ux,ux
g,k
ax,ah
ix,ix
ix,ix
n,ng
tcl,tcl
sh,sh
uw,l
pcl,pcl
y,y
er,r
p,b
ey,ey
ah,eh
ix,ix
k,k
ao,ao
aa,aa
ah,ah
eh,ih
eh,eh
ih,ix
ay,ay
w,w
s,s
r,r
bcl,bcl
ay,ay
ix,ih
k,k
ax,ix
tcl,tcl
ax,m
r,r
ax,v
s,s
iy,iy
m,m
n,n
s,s
n,n
q,q
z,z
axr,axr
ah,eh
l,l
dcl,tcl
q,q
k,t
iy,iy
uh,ax
tcl,tcl
r,r
m,m
w,w
ix,ix
ix,ix
w,w
bcl,dcl
g,g
s,s
ey,ey
tcl,pcl
ix,en
aw,aw
pcl,tcl
tcl,tcl
ow,ow
pcl,tcl
dh,dh
axr,axr
m,m
l,el
l,l
axr,ax
bcl,gcl
tcl,tcl
s,s
r,r
n,n
dcl,dcl
l,l
bcl,bcl
f,v
ax,r
ix,ax-h
t,t
r,dcl
n,n
dcl,dcl
l,l
t,t
r,r
w,w
ax,ax
axr,axr
uh,ax
aa,aa
kcl,kcl
axr,axr
iy,iy
m,m
ay,ao
m,m
ow,l
dcl,n
iy,y
v,f
er,er
gcl,dcl
ng,ng
tcl,pcl
ow,el
gcl,gcl
ix,ix
z,z
gcl,dcl
iy,iy
ix,ix
ix,ix
tcl,pcl
pcl,pcl
iy,iy
r,r
n,ng
ix,ix
r,r
ax,ax
aa,aa
ih,ix
aw,aw
r,r
v,v
ix,hv
m,m
iy,iy
l,l
ix,ix
r,r
ih,ey
ae,ae
v,v
t,t
gcl,gcl
q,q
aa,aa
iy,iy
ow,ow
uh,ux
ux,ux
ao,aa
sh,s
v,v
t,t
ao,axr
iy,iy
en,n
l,l
ao,ao
ow,ow
ae,ae
s,s
iy,iy
l,l
m,m
q,q
q,q
k,k
sh,sh
tcl,tcl
ix,ix
iy,iy
ay,ay
ow,ah
kcl,kcl
ix,gcl
l,l
sh,sh
iy,ix
ix,ix
ax,n
s,s
m,m
n,ng
dcl,bcl
y,y
m,m
sh,sh
l,l
dx,dx
m,m
m,n
pcl,pcl
sh,sh
sh,sh
ch,ch
axr,axr
t,t
q,q
y,y
ax,n
ng,gcl
tcl,dcl
ey,ey
r,r
s,s
hv,hv
axr,axr
ax,ix
ix,ix
axr,axr
z,z
gcl,gcl
ao,ao
r,r
ae,ae
l,l
ih,ix
t,d
aa,aa
t,t
s,s
ix,ix
er,er
n,n
dcl,gcl
iy,iy
l,l
ao,el
ao,ao
n,n
ae,ae
l,l
dcl,dcl
n,n
pcl,pcl
bcl,pcl
iy,iy
f,f
g,g
p,p
ix,ix
w,w
hv,hv
v,w
t,t
ih,ix
uh,ow
er,axr
nx,n
axr,axr
y,y
l,l
dx,dx
z,s
z,hh
f,kcl
s,s
pcl,pcl
n,n
s,s
uw,uw
ih,y
axr,axr
tcl,tcl
m,m
en,en
dcl,dcl
axr,axr
r,r
aa,aa
q,q
t,t
s,s
ix,ix
t,d
z,z
f,f
k,k
p,p
s,s
ae,ae
aa,aa
bcl,pcl
n,n
dh,dh
f,f
tcl,tcl
iy,iy
ax,ax
pcl,tcl
ng,m
w,w
n,n
kcl,kcl
q,q
dcl,gcl
dcl,tcl
r,r
w,w
ih,ih
aa,aa
l,l
z,z
n,n
axr,r
nx,n
axr,ix
iy,iy
ey,ey
aa,aa
jh,jh
m,m
s,sh
r,r
kcl,kcl
n,n
ax-h,bcl
th,t
b,b
l,l
ih,iy
r,r
r,r
dh,dh
ao,ao
ae,ae
ax,ax
g,k
f,kcl
q,l
ix,eh
ax,ih
q,q
q,q
eh,ih
m,gcl
iy,iy
bcl,kcl
ah,ax
q,q
n,n
ix,ih
ae,ae
eh,eh
ah,ah
r,r
hv,hv
ay,ay
n,n
r,r
dcl,dcl
er,r
ax,ix
ao,ao
n,n
m,m
ax,ax
eh,ae
k,k
er,r
y,y
ao,ao
z,z
ae,r
z,z
aa,aa
r,r
dcl,tcl
dcl,dcl
aa,aa
r,r
k,k
ix,ix
pcl,tcl
pcl,pcl
l,l
ix,r
gcl,dcl
v,v
p,p
l,w
el,el
pcl,kcl
m,m
z,z
ow,ow
q,q
ao,aa
r,axr
ix,ix
ay,ay
ih,eh
q,q
ah,ow
th,dh
dh,ix
pcl,pcl
ch,ch
q,q
m,m
dcl,dcl
n,n
k,kcl
ae,ae
nx,n
s,s
axr,axr
r,v
s,s
y,y
tcl,pcl
axr,eh
ix,ix
kcl,tcl
axr,axr
g,g
n,n
iy,iy
kcl,tcl
ax,ax
dx,dx
k,k
g,y
er,ae
m,m
ae,ae
tcl,tcl
q,n
m,m
ao,ao
ah,ae
p,p
bcl,bcl
v,v
dcl,n
r,r
ih,ih
w,w
l,l
r,r
ih,ih
iy,iy
iy,iy
f,f
iy,ey
eh,ae
axr,axr
m,m
pcl,pcl
m,bcl
s,s
ae,ae
l,w
ax,ax
s,z
pcl,tcl
z,z
z,z
tcl,tcl
l,l
axr,axr
dcl,tcl
n,m
iy,iy
m,n
dx,dh
l,l
k,k
t,t
l,l
t,t
l,l
s,s
eh,eh
axr,axr
q,q
r,w
n,n
kcl,tcl
l,l
aa,aa
kcl,kcl
q,q
aa,ao
ng,ng
ix,ix
el,el
z,z
s,s
ax,l
aa,aa
l,l
iy,ng
q,hv
ih,ih
m,m
hh,hh
er,er
dh,dh
dh,k
ax,ax
hv,hv
kcl,pcl
axr,ix
kcl,kcl
t,t
n,n
er,er
ix,ix
kcl,pcl
pcl,tcl
r,r
f,f
q,q
ih,axr
r,r
dcl,bcl
q,q
ih,ih
ey,ey
kcl,tcl
ao,ao
gcl,gcl
eh,eh
iy,iy
m,m
dx,l
tcl,bcl
m,m
s,s
dcl,dcl
n,m
aw,ao
k,k
ay,ay
th,th
kcl,kcl
ae,ae
ax,l
t,t
f,f
gcl,kcl
ah,ah
er,axr
ih,eh
ih,ix
ix,ix
ay,ay
kcl,kcl
ax,ax
r,r
ax-h,ax-h
aa,aa
dcl,dcl
l,l
ih,ih
ax,l
ax,ax
m,m
ah,ah
ux,ng
n,n
sh,sh
z,z
kcl,kcl
q,q
q,q
z,z
k,k
w,w
axr,axr
kcl,tcl
ae,eh
pcl,pcl
p,f
uw,uw
s,s
er,axr
hh,hh
d,d
ey,ey
s,s
m,m
n,ng
g,dx
tcl,tcl
ao,ao
m,m
ix,n
ae,ae
pcl,pcl
s,sh
k,k
d,d
dh,dh
n,n
f,f
l,w
eh,eh
f,f
v,v
z,z
n,n
tcl,tcl
t,d
t,kcl
ix,ix
dh,dh
k,k
dx,dx
kcl,tcl
p,p
ao,ao
bcl,dcl
f,kcl
d,dh
sh,sh
w,w
w,w
aa,aa
l,l
r,r
ay,ay
tcl,dcl
kcl,kcl
ax-h,iy
m,m
ao,ao
en,gcl
iy,iy
s,s
k,kcl
ow,ow
el,el
ch,ch
v,v
tcl,tcl
ao,ao
f,f
axr,axr
ah,ae
aa,aa
dx,dx
l,l
m,v
kcl,kcl
eh,ix
ih,ix
iy,ix
dx,dx
ae,ae
s,s
n,en
ix,ix
s,s
r,r
kcl,kcl
kcl,kcl
iy,iy
z,z
pcl,gcl
ae,ae
axr,r
ix,ih
gcl,gcl
ih,ix
k,k
n,n
hv,hv
r,r
ax,v
iy,iy
iy,iy
ah,ax
hh,hh
w,uw
l,l
ey,ey
dcl,dcl
kcl,pcl
ih,ih
tcl,kcl
ux,ux
ix,ix
er,er
t,t
n,n
s,s
z,s
q,q
t,t
w,w
el,el
r,r
eh,ae
ix,ax
t,t
m,m
n,m
ih,ih
z,z
n,n
ix,ix
s,s
r,v
q,q
hv,hv
r,r
iy,iy
er,er
r,r
ix,ix
dcl,n
dh,dh
ih,ih
dcl,dcl
dcl,dcl
ng,n
s,s
tcl,tcl
n,n
tcl,tcl
axr,r
dcl,gcl
n,n
r,r
ao,w
hh,hh
s,s
k,g
bcl,bcl
f,th
r,r
ao,ao
s,sh
sh,sh
iy,iy
dcl,dcl
iy,iy
eh,eh
ah,ah
iy,iy
iy,iy
l,l
f,f
el,l
y,y
l,l
er,er
g,g
axr,axr
s,s
l,l
iy,m
ao,ao
ix,ah
f,f
ih,iy
ah,ah
m,bcl
l,l
f,f
m,m
axr,axr
m,m
r,r
g,g
z,z
ix,ix
aa,ay
l,l
kcl,pcl
dcl,tcl
s,s
aw,ae
ih,ih
l,ix
iy,iy
ao,ao
m,m
eh,eh
t,t
k,k
f,f
kcl,kcl
tcl,pcl
dcl,dcl
l,l
s,s
pcl,bcl
dh,dh
dcl,tcl
eh,ih
r,r
ae,ae
g,g
d,t
dh,pcl
tcl,pcl
k,g
n,m
el,el
dcl,n
hh,hv
axr,axr
ay,ay
tcl,gcl
gcl,gcl
ix,ax
ow,ah
kcl,kcl
oy,oy
oy,oy
s,s
t,t
iy,iy
r,r
q,q
iy,iy
tcl,tcl
k,k
kcl,kcl
axr,r
pcl,pcl
uh,ix
ih,ih
en,m
iy,iy
eh,eh
iy,iy
ae,ae
ix,ix
n,n
ng,ng
dx,l
tcl,tcl
axr,ax
tcl,tcl
ih,ix
gcl,gcl
t,t
v,v
l,l
aa,ao
tcl,tcl
v,v
tcl,kcl
ey,ey
q,q
s,s
s,s
ah,ah
axr,axr
iy,iy
v,v
dcl,dcl
iy,iy
q,q
gcl,gcl
ah,ax
ix,ix
ux,ux
hh,f
q,q
n,n
ah,ah
s,s
t,t
s,s
axr,ux
ix,ix
kcl,kcl
z,z
n,n
l,l
s,s
l,l
ng,n
ih,ux
t,t
kcl,kcl
iy,iy
gcl,tcl
z,z
sh,sh
tcl,tcl
s,s
z,s
s,s
er,axr
eh,ae
k,k
tcl,tcl
aa,ay
ix,ix
s,s
l,l
bcl,bcl
ix,ix
sh,sh
n,m
bcl,n
dcl,dcl
kcl,pcl
k,k
ix,ix
ix,ix
ax,ax
ae,ae
ax,ao
ey,ey
ih,ih
ng,ng
ax-h,dcl
w,w
eh,eh
bcl,bcl
g,g
q,q
aw,aa
bcl,dcl
s,s
f,dh
f,f
iy,iy
aa,aa
n,n
kcl,pcl
el,el
ix,ih
n,ng
kcl,kcl
ih,ix
iy,iy
ih,ih
l,l
s,s
k,k
ih,ix
hh,hh
el,el
s,s
ih,ux
iy,iy
n,n
bcl,bcl
z,s
r,r
axr,r
n,n
m,m
dx,dcl
r,axr
ix,ix
hv,hv
s,s
hh,hh
q,q
ih,ix
ay,ay
s,s
k,k
r,r
eh,eh
f,f
kcl,kcl
ae,ae
dcl,bcl
ax,ax
l,l
s,z
ix,ix
q,q
t,t
t,t
dh,dh
eh,ih
z,z
f,f
ey,ix
tcl,tcl
n,n
ih,ix
bcl,dcl
eh,eh
s,s
iy,iy
aa,aa
sh,sh
ix,n
tcl,tcl
t,t
l,l
l,l
tcl,tcl
eh,r
ax,ax
gcl,gcl
r,r
er,er
z,s
hh,hh
ae,ae
l,l
z,z
p,p
ey,ey
ih,ix
iy,iy
ih,ix
hv,hv
ay,ay
l,l
tcl,pcl
tcl,tcl
axr,axr
z,z
tcl,tcl
gcl,tcl
iy,ix
n,n
r,r
n,n
l,el
iy,iy
eh,eh
ey,ey
ux,ux
l,l
en,en
uw,ix
axr,axr
s,s
ix,ix
t,t
dh,f
r,r
kcl,kcl
bcl,bcl
l,l
hh,hv
bcl,tcl
dcl,tcl
r,r
ix,ix
ow,ow
m,n
t,t
ow,ow
axr,axr
r,r
z,z
ey,ey
q,q
ae,ae
l,l
iy,iy
ae,ae
axr,axr
n,ax
s,s
ao,ao
n,v
gcl,gcl
ih,ih
eh,eh
em,m
kcl,kcl
ih,y
el,el
ae,ae
n,n
aa,aa
gcl,gcl
k,k
z,s
axr,axr
t,t
ay,ay
ix,ix
m,m
axr,axr
ah,ah
ae,ae
hh,hh
p,p
m,m
s,s
er,er
p,dh
ix,ix
hh,hh
er,er
ay,aa
ow,ow
p,p
l,l
ax,ax
kcl,kcl
g,g
bcl,bcl
n,n
ih,ih
m,m
ah,ah
ih,ix
r,r
ih,ih
ay,ay
w,w
ux,ux
axr,er
uh,ux
gcl,gcl
s,s
aw,aw
tcl,tcl
ax,l
y,y
pcl,pcl
ao,ao
l,l
iy,ih
q,tcl
dx,dx
tcl,kcl
ah,ah
kcl,pcl
el,l
eh,eh
ax,ix
r,r
em,n
aa,aa
r,r
ae,ae
n,n
k,k
r,r
kcl,kcl
ae,ae
s,f
f,f
iy,iy
ax,ix
kcl,tcl
ih,ix
s,s
q,tcl
kcl,kcl
y,y
aa,ah
axr,er
axr,axr
ah,ah
kcl,tcl
sh,sh
ah,eh
eh,ix
ae,ae
l,l
s,s
ix,axr
v,v
dcl,tcl
ix,ix
v,v
iy,iy
dx,dx
ix,axr
ay,ay
m,m
sh,sh
dcl,dcl
iy,y
ax,ix
iy,iy
bcl,bcl
pcl,tcl
dcl,dcl
aa,aa
tcl,tcl
dx,dx
ae,ae
tcl,n
m,m
iy,iy
axr,axr
er,er
r,r
bcl,bcl
r,r
ix,ih
t,d
eh,ae
sh,sh
ix,ix
z,s
ay,ay
l,l
m,m
ah,ax
m,m
z,t
s,s
tcl,tcl
hv,hv
m,m
tcl,tcl
kcl,tcl
er,axr
iy,ux
r,r
iy,iy
gcl,gcl
k,k
z,z
l,l
n,n
s,s
dcl,dcl
gcl,kcl
kcl,kcl
w,w
axr,axr
kcl,kcl
p,p
s,s
l,ix
pcl,pcl
ch,ch
ay,ay
ih,ih
v,v
dh,tcl
m,m
ow,ow
f,f
ae,ae
ix,ix
s,s
n,n
tcl,pcl
sh,t
n,n
n,n
ix,r
iy,iy
axr,axr
jh,jh
ey,ey
tcl,tcl
k,g
t,t
el,el
m,m
n,n
aa,aa
ax,l
ux,ux
q,q
k,k
axr,axr
ay,ay
ix,iy
p,p
axr,r
q,q
dh,dh
w,r
ix,ix
n,n
s,s
bcl,bcl
axr,axr
pcl,pcl
l,w
gcl,dcl
tcl,tcl
ah,ix
uh,uh
r,r
z,z
n,ng
ch,jh
r,ey
v,tcl
iy,iy
n,n
ng,ng
q,q
l,w
r,r
f,f
ay,axr
bcl,dcl
axr,r
z,z
axr,gcl
f,f
kcl,tcl
n,n
f,f
l,l
ah,el
axr,axr
r,r
s,z
ae,ae
pcl,dcl
k,k
ah,l
bcl,bcl
q,q
n,n
w,l
axr,axr
kcl,kcl
r,r
ao,ao
ao,ao
ao,ao
p,b
kcl,gcl
iy,iy
iy,l
iy,iy
nx,nx
r,r
k,k
eh,ix
ix,ix
v,f
l,ax
ow,ow
ix,ix
ey,ey
n,n
ae,ae
m,m
v,v
n,n
dx,dx
z,s
l,l
iy,iy
tcl,tcl
ax,l
ih,iy
kcl,tcl
s,s
n,dcl
k,g
kcl,tcl
dh,dh
pcl,pcl
r,r
n,n
axr,axr
p,p
ao,ah
ay,ae
p,hh
ih,ux
ih,ih
m,m
n,n
iy,iy
ao,el
gcl,gcl
l,l
m,m
dh,dh
w,w
bcl,bcl
gcl,dcl
dh,dcl
p,p
kcl,kcl
m,m
l,l
z,z
p,p
r,r
ao,aa
eh,eh
dcl,dcl
ih,ih
ax,l
r,r
ah,ah
v,v
v,v
tcl,tcl
pcl,pcl
aw,aw
ae,eh
ax,axr
s,s
ay,ay
w,w
ax,ax
n,n
w,w
ux,ux
ch,jh
ao,ao
ao,w
l,l
ey,ey
hv,hv
w,w
z,s
aa,aa
n,n
l,l
er,er
t,t
ae,ae
er,axr
v,v
ae,ae
eh,ae
pcl,pcl
k,k
jh,jh
k,k
s,s
w,w
s,s
k,k
sh,sh
ix,ix
ng,n
zh,sh
gcl,gcl
iy,iy
pcl,kcl
n,m
ax,ax
r,r
eh,eh
w,w
pcl,tcl
q,q
dx,dx
ae,ae
r,r
dh,dcl
bcl,pcl
ay,ay
iy,iy
tcl,pcl
axr,r
y,y
ih,ih
aa,aa
gcl,gcl
l,l
ey,ix
q,em
pcl,tcl
kcl,tcl
w,w
ao,ao
n,n
w,w
dh,t
kcl,kcl
tcl,tcl
eh,eh
ow,ow
v,n
ng,ng
k,k
ih,ix
t,t
iy,y
r,r
p,p
m,m
l,l
er,er
dcl,dcl
axr,axr
ih,iy
ch,ch
ix,ix
ax,w
q,q
s,s
eh,eh
n,n
p,p
ax,ax
n,dcl
d,d
gcl,gcl
dh,dh
tcl,tcl
dcl,kcl
pcl,tcl
k,k
bcl,bcl
ng,n
y,d
eh,eh
ae,ae
r,r
iy,iy
eh,eh
ix,ih
aa,aa
s,s
ao,l
t,t
kcl,kcl
ae,ae
sh,sh
aa,aa
s,s
er,er
ix,ix
ao,ao
axr,axr
ae,ae
k,k
ix,ix
ow,ow
ey,ey
iy,iy
ao,ao
n,n
pcl,pcl
ix,ix
sh,sh
dx,dx
aa,aa
oy,oy
ah,ah
ih,m
iy,iy
n,n
ae,ae
w,w
gcl,gcl
iy,iy
iy,iy
f,f
eh,eh
ao,l
s,s
ix,n
iy,iy
y,y
m,m
b,p
tcl,tcl
uh,ah
ih,iy
ae,eh
gcl,kcl
aa,aa
pcl,pcl
ax,ax
s,s
w,w
ow,ow
tcl,tcl
sh,sh
f,f
ow,ow
v,dcl
ow,l
axr,axr
iy,iy
er,er
ih,ih
ng,ng
ix,gcl
k,k
ey,ey
el,el
ao,ao
gcl,gcl
l,w
s,s
iy,iy
g,g
kcl,gcl
ao,ao
ix,ix
ix,ix
pcl,pcl
p,p
p,hh
n,n
dcl,dcl
z,z
dx,dx
iy,iy
s,s
m,m
gcl,gcl
n,ix
kcl,kcl
s,s
kcl,kcl
tcl,tcl
hh,hv
sh,sh
ih,ih
pcl,tcl
axr,q
t,t
tcl,kcl
m,m
kcl,kcl
ah,l
n,n
s,s
s,s
kcl,kcl
n,n
gcl,gcl
n,dcl
dcl,dcl
r,r
t,t
s,s
z,z
oy,oy
iy,ux
l,w
ix,ix
ix,iy
kcl,kcl
y,y
kcl,kcl
v,v
dcl,gcl
k,k
iy,iy
iy,iy
pcl,tcl
n,n
em,en
ax,ax
l,l
m,m
axr,axr
ax,ix
r,r
kcl,tcl
ao,l
ah,ih
s,s
ih,iy
v,v
iy,eh
ah,ah
ih,ix
dx,dx
l,l
n,ng
iy,q
k,k
ax,ix
w,l
sh,sh
r,r
r,r
pcl,pcl
ax,ah
iy,ux
sh,sh
t,t
r,r
ey,ey
nx,n
f,f
iy,iy
l,l
z,z
tcl,tcl
aa,aa
w,w
l,l
l,l
sh,sh
g,k
t,t
tcl,kcl
iy,iy
en,en
ix,ix
n,n
q,q
ih,ix
ao,ao
nx,l
ow,ow
n,gcl
p,p
jh,jh
ax,ix
aa,aa
q,q
iy,iy
sh,sh
s,s
dcl,dcl
n,n
ae,ae
ae,ae
ao,ao
eh,eh
n,n
s,f
ux,ux
aa,aa
ix,ix
ih,ih
dh,dh
m,m
ih,ix
r,r
r,r
s,s
q,q
sh,sh
w,w
th,dh
ax,ix
s,s
ao,ao
tcl,tcl
ao,ao
t,s
m,m
iy,y
zh,sh
w,r
ux,iy
ay,ay
s,s
aa,l
kcl,gcl
th,n
m,m
k,k
ae,ae
ax,ax
v,gcl
n,m
ix,ix
l,l
ch,t
z,s
iy,v
kcl,tcl
ay,ay
ae,ae
ax,ax
s,s
r,r
ax-h,ax
ao,l
f,f
n,n
dcl,dcl
s,s
w,w
ix,ix
bcl,pcl
s,s
tcl,tcl
pcl,tcl
p,p
s,s
axr,r
eh,eh
el,el
tcl,tcl
iy,iy
ch,ch
ih,iy
r,axr
nx,ax
ae,ae
l,l
ax,l
dcl,dcl
s,s
ax,ix
ix,iy
ae,ae
s,s
iy,iy
iy,iy
w,w
r,r
t,t
axr,axr
ao,er
l,l
axr,er
ah,ax
s,z
d,d
d,t
iy,iy
ch,ch
w,w
iy,iy
ix,ih
dcl,dcl
ey,ix
eh,eh
uh,ax
ix,ix
t,t
aa,aa
eh,eh
l,l
d,t
ih,ih
ae,ae
g,g
k,k
tcl,tcl
eh,ix
el,l
tcl,kcl
q,q
iy,iy
g,g
sh,sh
ix,eh
oy,oy
ix,eh
zh,zh
ay,ay
hh,hh
eh,eh
aw,aw
bcl,bcl
k,k
iy,iy
t,t
n,n
eh,ae
ow,ow
iy,iy
iy,iy
ey,ey
t,t
bcl,w
iy,iy
ae,ae
ux,ux
ow,ow
z,z
s,s
dcl,dcl
ix,ix
ix,ih
en,en
n,n
v,m
t,t
s,s
axr,er
l,n
l,l
sh,sh
pcl,pcl
ix,ix
hv,hv
ix,ix
s,s
ix,axr
w,w
k,k
s,s
y,y
dx,dx
nx,n
ao,ao
tcl,tcl
uh,ix
aa,ao
dcl,dcl
n,n
jh,jh
hv,hv
z,z
ax,ax
n,n
axr,axr
n,n
axr,axr
r,r
r,r
f,f
kcl,pcl
kcl,kcl
s,s
dh,dh
tcl,gcl
q,q
k,k
q,q
y,y
eh,eh
kcl,tcl
kcl,kcl
v,v
d,v
eh,ae
gcl,gcl
m,n
ow,ow
eh,eh
kcl,kcl
l,l
l,l
tcl,tcl
aa,aa
z,z
v,v
axr,ix
ey,ey
pcl,tcl
iy,iy
pcl,tcl
r,r
l,l
t,t
ao,ao
z,z
tcl,pcl
er,axr
d,d
iy,iy
ae,ae
ix,ix
k,g
d,g
axr,gcl
gcl,gcl
tcl,tcl
ax,ix
m,m
iy,iy
t,d
z,z
nx,n
ix,ix
axr,axr
t,dh
t,t
ih,ih
ey,iy
r,r
m,m
ah,ae
gcl,gcl
t,z
ey,ey
l,el
bcl,pcl
y,hv
tcl,tcl
ix,ix
el,ax
aa,aa
r,r
ae,ae
n,dcl
t,t
l,w
el,el
ih,ih
r,r
axr,axr
s,sh
ah,oy
eh,r
uh,uh
dcl,dcl
dx,dx
tcl,tcl
gcl,dcl
sh,sh
l,l
m,m
s,s
axr,axr
dh,dh
tcl,kcl
axr,axr
kcl,kcl
pcl,tcl
gcl,dcl
s,s
y,y
w,w
ah,ah
ix,n
d,d
tcl,tcl
w,w
axr,axr
n,m
ey,ix
ao,r
n,n
kcl,kcl
r,r
ih,ih
ao,ao
w,w
t,d
uw,w
y,ix
r,r
kcl,kcl
ah,ah
ih,ih
m,m
dcl,dcl
w,w
ay,ay
gcl,n
ah,ow
iy,ix
ix,ix
kcl,tcl
ax,ix
q,q
q,tcl
kcl,kcl
eh,eh
l,l
ow,ow
ix,ix
v,v
ix,ix
ix,ix
eh,eh
ih,ix
r,r
k,k
dh,ix
m,m
q,q
l,l
iy,iy
ix,ix
pcl,pcl
ih,ih
oy,oy
n,n
l,l
axr,axr
m,m
v,v
iy,iy
r,v
ah,ow
z,z
w,w
tcl,tcl
ao,ao
uw,ux
n,n
m,m
pcl,pcl
m,bcl
ey,iy
aa,aa
n,m
tcl,tcl
eh,eh
ix,ix
ow,ow
k,k
l,l
iy,iy
ih,ey
kcl,kcl
bcl,bcl
k,k
t,t
s,z
z,z
m,m
pcl,bcl
ix,ix
l,l
w,bcl
ey,ey
ih,ih
bcl,bcl
er,er
v,v
s,s
z,z
v,dcl
ih,ih
l,l
th,f
n,n
ih,iy
ah,ah
w,w
n,m
kcl,tcl
ix,ix
ix,ix
axr,r
q,q
ix,ix
ay,ay
iy,iy
v,v
sh,sh
t,t
iy,iy
n,n
tcl,tcl
dh,v
k,g
ih,ix
hh,hh
pcl,kcl
tcl,tcl
ow,ao
axr,axr
w,w
n,m
t,t
aa,aa
kcl,kcl
aa,ao
hh,hh
dx,n
kcl,tcl
z,z
sh,sh
tcl,gcl
ae,ae
n,m
ae,ae
aa,ao
m,n
tcl,gcl
axr,axr
ax,ax
dcl,tcl
ix,ix
er,axr
ow,ow
th,th
axr,r
r,r
oy,oy
tcl,tcl
tcl,pcl
l,l
ae,ae
ae,ae
ah,ah
ng,ng
m,m
v,v
kcl,kcl
ih,ux
en,ix
ay,ae
v,v
r,r
nx,dx
z,z
q,q
kcl,kcl
nx,n
iy,iy
ix,ix
m,v
pcl,tcl
s,s
w,w
eh,eh
axr,axr
tcl,tcl
d,t
kcl,tcl
kcl,tcl
er,axr
tcl,tcl
dcl,dcl
ah,q
kcl,kcl
ae,ae
m,m
n,n
iy,ix
kcl,kcl
t,s
kcl,kcl
s,s
axr,axr
k,k
k,k
pcl,tcl
hv,hv
n,l
dcl,dcl
ax,ax
axr,axr
kcl,tcl
ux,ux
l,l
dh,dh
ih,ih
iy,iy
b,b
m,m
aa,aa
gcl,gcl
l,l
s,z
ix,ix
ih,ix
l,el
gcl,bcl
bcl,bcl
zh,zh
k,k
ix,ix
ix,ix
ax,n
ih,ix
s,s
t,t
w,w
dh,dh
iy,ix
q,q
r,r
s,s
eh,eh
th,th
uh,ih
axr,hv
eh,ah
w,w
r,r
dx,v
t,t
tcl,tcl
m,m
ix,ix
ae,ae
ax,ax
ao,ao
z,z
ng,ng
dcl,gcl
n,ng
k,k
f,f
iy,ux
axr,r
pcl,tcl
r,n
dcl,dcl
n,n
er,er
ey,iy
bcl,tcl
pcl,pcl
aa,ao
ay,ay
tcl,tcl
ax,ax
er,er
eh,r
iy,iy
q,q
n,n
ix,ix
iy,iy
th,th
ow,ow
dx,dx
t,t
ah,ah
ih,ix
hv,hv
q,q
ax,l
s,s
r,r
t,t
kcl,kcl
dcl,dcl
gcl,gcl
ah,em
ae,ae
ng,ng
uw,uw
s,s
s,s
iy,iy
d,t
r,r
z,z
hh,hh
n,n
axr,axr
l,l
n,n
n,n
tcl,tcl
t,t
r,r
ih,y
ao,aa
ae,ae
f,f
ih,el
r,r
ax,r
kcl,gcl
s,s
ih,ih
dcl,tcl
s,s
kcl,tcl
ih,eh
aa,aa
ay,ay
pcl,tcl
pcl,pcl
hv,hh
ae,ae
nx,n
ao,ao
r,r
eh,ih
axr,er
p,p
s,s
el,el
s,s
k,kcl
v,v
ae,eh
y,y
q,q
ih,ey
n,n
r,r
n,m
ow,ow
v,v
d,dh
iy,iy
r,r
l,l
p,p
y,y
n,m
aw,ae
s,s
r,r
dh,dh
m,n
s,z
ax,ix
ax,ix
y,y
ay,ay
v,v
ax,ix
iy,ih
q,q
m,m
m,m
ix,ix
ix,ix
s,s
ih,ih
oy,oy
m,m
eh,eh
iy,iy
dcl,tcl
ax,r
q,q
r,r
l,l
ay,ay
dcl,dcl
v,dcl
l,el
hh,t
w,w
q,q
ix,ix
n,n
p,b
t,t
ey,ey
ax,ix
iy,iy
ix,axr
ow,l
sh,sh
s,s
ey,ey
ix,ix
f,f
uh,eh
k,k
k,k
d,dh
en,n
oy,oy
ao,ao
ow,ow
s,s
dx,n
v,v
l,l
ix,ux
t,t
ax,l
eh,ah
dcl,tcl
gcl,gcl
ax,ax
ih,ix
sh,sh
dcl,tcl
ae,ae
iy,iy
dh,dh
jh,jh
dx,b
n,n
m,m
ux,ux
v,v
y,y
iy,iy
ux,axr
ix,ix
dcl,dcl
dh,dh
dcl,dcl
k,g
ow,ow
s,s
t,t
axr,axr
er,er
em,em
dh,dh
f,f
r,r
l,dh
eh,eh
el,el
y,hv
er,er
ay,ay
er,axr
g,k
t,t
s,s
kcl,pcl
r,r
dcl,dcl
n,m
s,s
t,t
y,y
pcl,pcl
ey,ey
iy,iy
m,m
g,g
ix,ix
q,q
dh,dh
en,bcl
iy,iy
s,s
p,b
s,s
kcl,tcl
dh,dh
z,z
ux,ux
ow,ow
ao,ow
n,n
z,z
iy,iy
eh,ix
pcl,pcl
ao,aa
nx,n
ey,ey
dx,tcl
pcl,pcl
aa,aa
q,q
dcl,n
bcl,dcl
hv,v
sh,sh
r,r
n,n
dh,dh
ay,ay
axr,axr
en,n
z,z
ax,ax
z,z
ae,ae
ix,ix
eh,eh
kcl,gcl
ae,ae
iy,iy
ax,ax
t,t
z,z
p,f
bcl,bcl
ey,ey
ae,ae
s,s
l,el
t,t
ax,ow
q,q
iy,iy
t,t
dh,t
l,l
s,s
aw,aw
q,q
iy,iy
ax-h,gcl
ay,ay
t,g
ae,ae
uw,ux
f,f
eh,eh
iy,ey
s,s
aa,aa
t,t
ix,ix
w,w
s,s
q,q
t,d
k,k
er,axr
ih,ih
dcl,dcl
iy,iy
jh,jh
aa,ah
aa,ao
r,r
f,f
aa,aa
s,s
v,v
ih,ix
ix,ix
tcl,kcl
r,r
s,s
s,s
ih,ix
m,v
dx,dcl
t,t
z,z
eh,ix
er,er
q,q
zh,zh
ah,l
jh,jh
sh,sh
iy,iy
pcl,pcl
k,k
ix,ix
l,l
axr,axr
w,w
ix,ix
ah,ah
jh,jh
pcl,pcl
gcl,gcl
n,n
ix,ix
s,s
ih,ix
ah,ix
s,s
ay,ah
axr,axr
dcl,bcl
r,r
ah,ah
s,s
f,f
y,y
m,n
n,n
ow,ow
r,r
kcl,kcl
t,t
aa,aa
ay,aw
k,k
eh,ae
ih,ix
n,n
ao,ao
ng,n
uh,ih
gcl,gcl
iy,ey
axr,axr
sh,sh
n,m
r,r
n,n
l,l
ix,ix
k,k
kcl,kcl
r,r
ih,ix
ix,ux
z,z
k,k
p,p
kcl,kcl
ao,l
s,s
r,axr
ax,z
ng,ng
z,z
ah,ix
pcl,tcl
n,n
eh,ah
ah,ah
dh,dh
tcl,tcl
axr,r
axr,r
aa,aa
ah,ah
r,r
ae,ae
l,ng
r,r
l,l
m,n
em,m
y,y
k,g
aa,ao
ax,l
bcl,bcl
k,k
axr,axr
y,y
dcl,kcl
ux,ux
uh,ow
v,v
ax,l
sh,sh
ix,axr
z,z
p,f
z,z
sh,sh
bcl,pcl
hh,hh
w,w
l,l
iy,iy
ix,ix
z,z
k,k
l,l
ao,ao
t,t
ng,ng
ix,ax
ax,ix
gcl,ng
ax,ax
gcl,gcl
s,s
s,s
ae,ae
d,t
l,ix
w,w
ih,el
ow,ow
l,l
ah,eh
w,w
t,d
axr,axr
v,dcl
ay,ay
ae,ae
m,n
gcl,gcl
iy,iy
l,l
eh,eh
l,l
dx,w
ay,ay
r,r
ih,ux
ah,ah
el,el
z,z
ah,ah
ao,ao
eh,ay
r,r
ao,ao
r,axr
kcl,gcl
s,s
r,er
l,l
pcl,pcl
s,s
n,l
p,p
s,s
f,f
ng,n
n,n
t,t
axr,axr
l,l
ao,ao
l,ix
bcl,bcl
ng,n
l,l
k,k
ow,ow
g,g
n,n
m,m
bcl,tcl
eh,eh
gcl,tcl
hv,hv
t,d
iy,iy
kcl,kcl
kcl,tcl
q,q
n,n
eh,iy
r,r
q,q
q,tcl
iy,iy
aa,aa
n,n
ao,ao
s,s
axr,ix
bcl,bcl
n,ng
eh,eh
dh,dh
r,r
ae,ae
kcl,tcl
r,r
dh,dh
ah,eh
gcl,bcl
l,l
g,g
m,m
dcl,dcl
tcl,gcl
r,axr
axr,axr
ae,ae
w,w
z,z
s,s
m,m
ch,jh
q,q
ao,ao
r,r
s,z
v,dh
n,n
axr,axr
ey,ey
ix,n
eh,ax
ih,ih
eh,eh
n,n
aa,aa
r,axr
n,m
axr,axr
en,n
k,k
k,k
tcl,tcl
m,m
ih,ih
ao,ao
r,r
m,m
ng,ng
ey,ey
n,n
t,d
ax,ax
z,s
dcl,pcl
uh,ah
ah,ah
p,b
ay,ay
dx,n
t,d
p,p
tcl,n
n,n
s,s
ix,ix
ix,ix
ih,ux
ao,ao
w,w
axr,axr
ih,ix
jh,jh
hh,hh
ax,l
hv,hv
ey,ey
ae,ae
tcl,tcl
l,l
l,l
tcl,tcl
kcl,tcl
g,k
bcl,gcl
ae,ae
s,s
iy,iy
t,t
ux,z
t,t
l,l
y,y
m,m
ah,ah
tcl,n
n,n
s,s
n,ng
ax,ux
pcl,kcl
v,v
ix,ix
ax,ax
aa,l
aa,aa
ih,ah
ay,ay
w,w
aw,aw
ax,l
ix,ix
eh,ax
s,s
iy,iy
gcl,gcl
r,r
hv,hv
q,q
ix,ix
w,w
q,q
n,ix
ih,eh
d,t
r,r
z,s
axr,axr
ux,ux
ix,ix
y,y
tcl,tcl
sh,sh
bcl,bcl
t,t
t,t
ao,ao
ow,ow
r,r
gcl,gcl
eh,ih
hv,hv
kcl,v
hh,hh
r,r
ow,ow
er,er
gcl,n
ay,ay
ax,ax
kcl,kcl
ao,ao
dh,dh
eh,aw
iy,iy
t,t
m,ae
f,f
r,r
iy,ix
s,z
ae,ae
l,l
w,w
ih,ix
sh,sh
y,ix
iy,iy
axr,axr
sh,sh
kcl,kcl
kcl,kcl
er,axr
sh,sh
tcl,n
s,s
g,g
k,k
axr,axr
kcl,kcl
g,d
r,r
tcl,gcl
eh,eh
dcl,tcl
t,t
ow,ow
z,z
aa,aa
sh,sh
w,w
r,r
ey,ey
r,r
aa,ao
r,r
eh,eh
sh,sh
y,y
r,r
m,m
dx,dx
s,s
eh,ae
jh,jh
gcl,bcl
tcl,tcl
k,k
dx,dx
kcl,kcl
p,hh
ix,eh
ae,ae
iy,iy
ih,ey
eh,eh
kcl,kcl
n,n
l,l
s,t
iy,iy
bcl,bcl
s,z
ix,ux
dcl,dcl
kcl,kcl
ix,ix
q,q
kcl,kcl
r,r
g,g
iy,ix
iy,iy
l,l
s,s
dx,dx
ih,ih
t,t
hh,hh
el,q
iy,iy
ih,ix
axr,axr
g,dh
axr,ax
m,m
kcl,kcl
gcl,gcl
k,k
y,y
g,g
ux,ux
z,s
n,n
dcl,dcl
r,aa
kcl,tcl
f,f
ix,ng
iy,iy
y,y
y,y
eh,ix
r,ih
pcl,pcl
aa,aa
p,p
z,z
eh,eh
iy,iy
ax,ax
s,s
ey,ey
ao,ao
r,r
kcl,tcl
kcl,pcl
tcl,tcl
axr,axr
aa,ao
s,s
n,n
aw,aw
ih,ix
pcl,tcl
s,z
tcl,tcl
k,k
d,d
tcl,kcl
dcl,dcl
pcl,tcl
ng,m
ih,iy
th,th
ow,el
ow,ao
ah,ih
m,m
v,v
s,s
iy,ix
k,k
ax,ax
dh,bcl
l,l
eh,eh
pcl,kcl
axr,axr
s,z
l,l
aa,aa
f,v
bcl,bcl
ih,ih
dcl,gcl
ao,ao
s,s
s,s
ix,ah
axr,ax
l,l
axr,ix
en,en
w,w
el,el
tcl,tcl
n,n
ah,ow
bcl,kcl
iy,y
aw,ae
aa,aa
axr,axr
f,f
eh,eh
sh,sh
kcl,tcl
ow,ow
r,r
n,gcl
th,th
k,g
k,k
q,q
ey,ey
ax,n
w,w
dcl,dcl
oy,oy
ix,ih
ng,gcl
iy,iy
hh,hh
en,en
f,f
v,tcl
q,ix
ih,ih
pcl,tcl
r,r
iy,iy
iy,ix
f,f
ae,eh
uh,ux
n,n
k,k
z,z
q,q
w,w
m,n
s,s
gcl,dcl
ux,ix
q,q
z,z
t,t
ax,ax
r,axr
s,s
nx,n
aa,ao
k,k
w,w
iy,iy
er,er
m,m
l,l
k,k
eh,eh
w,w
jh,d
ah,ah
ix,ax
s,sh
iy,iy
r,ix
k,k
dh,n
nx,n
ax,q
n,n
ae,ae
kcl,kcl
v,v
k,k
tcl,tcl
s,s
ax,ah
r,r
t,t
ix,ix
f,hh
kcl,kcl
el,el
el,ng
ay,aa
w,w
eh,eh
tcl,tcl
ay,ay
dx,dx
ey,ay
th,dh
l,l
l,ao
ao,aa
dcl,n
q,q
w,r
n,n
aa,ao
ih,ix
m,m
n,m
kcl,kcl
l,l
l,l
k,k
r,r
dcl,tcl
ix,ix
r,r
m,m
iy,iy
r,r
iy,iy
pcl,pcl
ix,ix
l,l
dcl,dcl
ae,ae
ao,ao
ix,ix
w,w
axr,r
axr,axr
l,l
hv,y
kcl,pcl
l,l
n,n
ix,ax
dcl,dcl
ih,ix
ae,ae
ah,ax
pcl,tcl
l,l
n,en
ax,l
ao,ao
ey,ey
t,t
th,dh
uh,ih
axr,axr
ey,ey
d,d
iy,iy
eh,eh
l,l
ix,ix
er,er
ah,ah
t,t
ux,ux
s,s
s,s
eh,ae
t,t
t,t
k,g
y,y
gcl,dcl
w,w
r,r
tcl,tcl
ih,ux
s,s
er,er
ch,jh
s,s
ch,t
v,v
axr,axr
g,g
l,l
r,r
iy,iy
pcl,tcl
hv,hv
hh,hh
ah,ae
ng,ng
k,k
w,w
n,m
ix,ix
ao,l
t,t
iy,iy
s,s
eh,ae
hh,hh
ah,ax
sh,sh
iy,ix
ae,ae
n,n
r,r
f,f
ih,ix
k,k
iy,iy
axr,axr
n,n
iy,iy
kcl,kcl
v,r
w,w
zh,z
aa,ah
n,n
dcl,gcl
eh,eh
m,m
k,k
dcl,pcl
ix,dh
r,r
ey,ey
kcl,tcl
ah,ah
sh,sh
iy,iy
eh,eh
ah,ah
ih,ih
ix,ix
v,v
dcl,bcl
n,n
z,z
d,d
tcl,tcl
ae,eh
r,r
ae,ae
ix,ax
l,l
dx,dx
axr,axr
eh,eh
dcl,gcl
f,f
pcl,pcl
q,r
r,v
s,s
w,w
ao,ah
p,dh
m,m
n,n
iy,iy
l,l
ax,l
aa,aa
uh,uh
l,l
sh,sh
n,n
tcl,tcl
jh,jh
tcl,tcl
ih,ix
tcl,tcl
l,l
tcl,dcl
w,l
t,d
ae,ae
g,g
n,n
r,r
hv,hv
ix,ix
ow,ow
l,l
ay,ay
t,t
ax,ix
tcl,tcl
w,w
dx,dx
r,r
axr,axr
el,el
z,z
s,s
r,r
aw,aw
d,t
pcl,pcl
pcl,pcl
kcl,kcl
l,w
tcl,gcl
ix,ix
pcl,dcl
ih,ix
r,r
q,q
q,q
ix,ix
g,g
ix,ix
bcl,tcl
v,v
r,r
aa,aa
ax,ix
ix,ix
ih,ih
p,p
iy,iy
r,r
r,r
ae,ae
t,d
ah,l
dcl,dcl
ay,aa
w,w
r,r
eh,ah
hh,hv
iy,iy
v,v
sh,zh
ae,ae
bcl,r
s,s
ae,ae
ax,ax
ah,ah
ix,ix
ax,q
iy,iy
d,t
ih,ih
ey,ey
sh,sh
t,q
aa,ah
aa,aa
s,s
kcl,kcl
tcl,tcl
m,m
t,jh
axr,axr
aa,aa
n,n
dcl,tcl
q,q
ix,iy
tcl,tcl
q,q
l,l
kcl,pcl
dh,dh
dh,dh
ix,ix
ix,ix
hv,hv
ey,ey
s,s
ix,iy
f,f
k,k
l,l
z,z
tcl,tcl
dh,n
q,q
er,er
nx,n
iy,ey
r,r
eh,eh
y,y
ay,ay
el,el
w,w
ax,ax
ah,ah
l,w
ih,ih
d,t
l,w
ix,ix
el,r
aa,ao
s,s
w,w
gcl,gcl
d,d
ih,ih
axr,axr
g,g
hv,hv
y,y
dcl,dcl
l,ow
nx,l
m,m
ow,el
s,s
kcl,kcl
iy,iy
uh,ax
dcl,gcl
n,n
kcl,pcl
ae,ae
pcl,tcl
tcl,tcl
ih,ih
ix,ix
aa,aa
t,tcl
n,n
ae,ae
k,dh
z,z
f,v
aa,aa
r,r
ae,ae
s,s
n,n
tcl,dcl
ix,ix
g,g
n,ng
s,z
uw,ux
axr,axr
tcl,tcl
r,r
ae,ae
ix,ix
ax,ix
n,n
er,ih
hv,hv
ae,ay
y,hv
d,t
z,s
iy,iy
bcl,dcl
axr,axr
t,t
ax,ng
s,s
ix,n
pcl,kcl
hv,hv
y,y
eh,ih
kcl,tcl
z,z
er,er
z,z
dcl,tcl
l,l
ix,ax
iy,iy
th,f
kcl,kcl
em,m
v,v
sh,sh
t,t
kcl,tcl
iy,iy
d,t
ao,ao
ix,ix
iy,iy
t,t
n,ng
t,t
hh,hh
ih,ix
z,z
r,r
q,q
t,t
iy,iy
iy,iy
ux,ux
ih,ih
l,w
tcl,tcl
kcl,kcl
l,l
k,k
ae,ae
r,r
axr,er
oy,oy
m,m
l,ng
ix,ix
l,l
s,z
s,s
aa,r
kcl,kcl
jh,jh
y,y
ng,n
k,k
jh,jh
ey,ey
dh,z
ih,ih
p,p
ae,ae
eh,eh
w,w
dx,hv
gcl,dcl
z,z
l,l
s,s
w,w
p,p
z,z
eh,ih
sh,sh
nx,n
q,q
bcl,dcl
ao,ao
ae,ae
kcl,kcl
z,s
w,w
ax,m
gcl,gcl
g,g
ay,ay
gcl,gcl
t,d
aa,ax
axr,axr
t,t
ay,ay
t,t
ay,ae
ey,ey
ih,ih
iy,iy
w,w
v,v
ch,sh
f,f
n,n
kcl,tcl
en,n
l,ax
ay,aa
er,er
ix,ax
iy,iy
iy,iy
l,w
dh,dh
m,m
kcl,kcl
kcl,kcl
ih,ih
ix,ux
axr,axr
s,s
f,f
gcl,bcl
t,jh
jh,jh
t,d
s,s
l,el
ow,ow
ih,ih
r,r
eh,ix
iy,iy
y,ih
q,q
ix,ix
w,w
t,d
l,ix
r,r
ey,ey
iy,iy
er,er
aa,ao
f,f
ay,ay
ay,ay
ae,ae
r,r
n,n
ay,ah
er,er
m,n
n,n
ix,ix
q,q
oy,oy
ax-h,ix
kcl,tcl
iy,iy
ix,iy
kcl,tcl
th,th
z,sh
bcl,bcl
pcl,tcl
axr,axr
q,q
tcl,tcl
l,l
r,r
tcl,kcl
eh,ix
axr,axr
z,z
ax,l
dcl,dcl
ih,eh
z,z
iy,iy
t,t
r,r
ae,ae
iy,iy
z,s
ay,ay
iy,iy
q,tcl
tcl,tcl
ix,ux
th,th
dcl,tcl
ey,iy
s,s
ow,ow
r,r
r,r
l,ay
dcl,v
ey,ey
iy,iy
tcl,tcl
pcl,pcl
ah,ax
sh,s
kcl,dcl
ae,ae
k,k
sh,sh
z,z
pcl,tcl
k,k
f,f
oy,oy
ao,ao
ux,uw
ax-h,hh
dcl,dcl
f,f
w,w
z,z
axr,axr
r,ax
kcl,tcl
pcl,pcl
hh,hh
eh,eh
aa,aa
axr,ux
oy,oy
ix,ix
kcl,kcl
ow,ow
g,g
n,n
iy,iy
k,k
r,r
s,s
th,th
r,r
k,k
axr,axr
s,s
iy,iy
ix,iy
l,l
z,s
el,ow
iy,iy
d,d
ay,ay
ix,ix
dcl,dcl
t,t
f,f
el,l
ey,ey
uh,w
dh,dh
dcl,bcl
m,m
ih,ih
aa,ao
tcl,pcl
ax,ix
d,t
n,n
l,l
eh,ix
r,r
tcl,tcl
v,dcl
ao,ao
n,gcl
ix,ix
ch,t
ae,ae
r,r
hv,hv
iy,iy
tcl,tcl
iy,iy
t,t
n,n
r,r
ax,ax
tcl,tcl
k,k
en,ng
l,l
el,l
s,s
tcl,tcl
t,jh
k,k
l,l
s,s
z,z
iy,iy
uh,uh
dh,dh
k,kcl
axr,axr
ax,l
r,r
ch,t
sh,sh
ax,r
r,r
s,s
ih,ix
s,s
eh,eh
z,z
l,w
iy,r
dcl,dx
pcl,tcl
tcl,tcl
l,l
ey,ey
gcl,gcl
ux,ux
ix,ix
n,n
z,s
ow,ow
iy,iy
aa,aa
ax,ax
ah,ao
n,n
k,k
bcl,dcl
sh,sh
r,w
kcl,gcl
ay,ay
dh,dh
uh,uh
ao,ao
sh,sh
dh,dh
ix,ix
ah,ah
tcl,tcl
n,n
s,s
n,n
ix,ix
ih,ix
uh,ih
ay,aw
tcl,tcl
n,n
z,s
ih,ix
ix,ux
l,l
dx,dcl
d,d
ay,aa
z,z
kcl,tcl
m,m
ae,ah
r,r
aa,aa
q,q
dcl,dcl
axr,axr
kcl,kcl
hh,hh
p,dh
pcl,kcl
ax,ax
eh,eh
r,r
r,r
iy,iy
tcl,tcl
ux,y
s,s
g,g
z,z
f,f
tcl,kcl
l,l
t,t
r,r
l,l
ow,uw
p,v
k,k
jh,d
s,s
ax,v
er,er
r,r
kcl,gcl
l,l
uw,uw
l,w
ux,ux
kcl,kcl
ih,hv
r,r
axr,er
ah,ow
l,l
r,r
dcl,tcl
ix,ix
m,m
ay,ay
er,er
v,v
ih,r
r,r
ay,ae
aa,aa
t,t
tcl,tcl
dcl,dcl
ow,ow
s,s
sh,sh
r,r
iy,iy
ih,ih
ix,ix
ae,ae
dcl,dcl
p,p
kcl,kcl
kcl,tcl
ux,ux
l,l
s,s
l,l
ae,ae
ux,ux
d,v
g,g
tcl,tcl
ch,t
w,w
r,r
eh,eh
kcl,tcl
t,d
ix,ix
aa,ah
s,s
ae,ae
iy,ix
ax,ao
z,z
dx,n
dx,dx
t,t
tcl,bcl
ax,ax
r,r
ax,ix
t,t
s,z
bcl,dcl
ix,ax
s,z
en,en
z,z
iy,iy
ix,ix
ix,iy
f,f
k,k
kcl,kcl
hv,hv
tcl,n
g,g
ih,ih
s,s
ey,iy
z,s
ao,r
dcl,dcl
ay,ay
dh,dh
ao,w
er,axr
l,w
n,ng
iy,iy
m,m
dcl,bcl
f,f
r,r
tcl,tcl
n,n
ae,ae
t,d
s,s
r,r
l,l
ae,ae
aa,aa
s,s
n,n
ih,ih
t,tcl
ao,ao
sh,sh
r,w
iy,iy
k,k
axr,axr
el,el
q,q
aa,aa
dh,dh
n,n
er,er
n,n
ix,ix
s,s
dcl,gcl
y,y
tcl,tcl
l,l
n,l
w,w
iy,iy
w,w
eh,eh
dcl,dcl
eh,eh
w,w
s,s
nx,nx
l,l
iy,iy
v,v
th,tcl
y,y
q,q
q,q
ax,ax
iy,iy
r,r
ix,ix
p,p
iy,iy
sh,sh
m,m
ux,ux
ix,ix
g,g
ao,ao
t,jh
kcl,kcl
pcl,kcl
ah,ay
eh,eh
w,w
ih,ax
r,r
tcl,tcl
ah,ah
ng,ng
eh,eh
f,f
k,kcl
ix,l
pcl,tcl
eh,eh
dcl,dh
aa,ao
s,s
ay,ay
s,s
l,l
eh,ae
er,axr
t,t
ax,l
q,q
r,r
l,l
r,r
ix,ix
ay,ay
dcl,dcl
dh,dh
ay,ah
g,g
tcl,tcl
axr,er
pcl,pcl
ih,ih
l,l
ey,ey
ix,ix
er,axr
axr,axr
ae,ae
ux,ux
kcl,kcl
s,z
dcl,tcl
ix,ix
ah,ae
er,er
aa,aa
y,r
ih,ix
l,l
bcl,bcl
jh,jh
dcl,dcl
l,l
axr,axr
ih,iy
w,w
eh,eh
dx,dx
t,t
ow,ow
f,f
n,n
iy,y
gcl,gcl
iy,iy
dcl,bcl
th,th
dcl,dcl
ae,ae
s,sh
iy,iy
gcl,axr
uh,ih
k,k
eh,eh
ae,ae
kcl,bcl
eh,ah
iy,iy
t,t
s,s
r,r
w,r
bcl,m
ih,ih
t,t
y,y
p,p
ih,ix
r,r
dcl,dcl
ax,ah
l,l
er,axr
ow,ow
eh,ah
bcl,dcl
nx,n
l,l
s,s
ix,ix
ax,ah
ax,ah
tcl,tcl
ix,ax
s,s
sh,sh
ay,ay
ix,ix
ih,ih
gcl,kcl
uw,uw
ey,ey
l,m
axr,axr
w,w
ng,n
q,q
w,ng
s,s
ax,ax
ow,ow
r,r
n,n
z,z
ih,iy
iy,iy
pcl,pcl
ix,ix
hh,hh
q,q
l,l
k,k
sh,sh
gcl,gcl
n,en
sh,sh
z,s
dcl,tcl
ao,ao
s,s
r,r
n,n
eh,ae
ow,uw
ix,iy
iy,iy
f,f
r,dx
s,s
n,tcl
er,er
iy,iy
m,ng
er,axr
kcl,kcl
tcl,pcl
ae,ae
ey,ey
l,l
bcl,bcl
dcl,dcl
pcl,tcl
n,m
ih,ax
y,y
ah,eh
iy,iy
r,r
s,s
ix,ix
ix,ax
q,q
jh,jh
ao,ao
n,m
r,r
t,t
uw,ux
k,k
r,r
gcl,tcl
dcl,dcl
ow,ah
v,v
iy,iy
axr,axr
iy,iy
ah,eh
gcl,gcl
tcl,tcl
sh,sh
pcl,pcl
ay,ay
ao,ao
en,en
w,w
bcl,bcl
iy,iy
r,r
aa,aa
kcl,tcl
kcl,kcl
m,m
s,s
eh,hv
er,er
l,l
hv,hv
n,ng
pcl,pcl
ah,aa
tcl,tcl
k,k
w,w
ch,ch
r,r
tcl,kcl
kcl,kcl
kcl,tcl
er,er
s,s
m,m
kcl,kcl
axr,axr
ih,ix
l,l
uh,ix
f,pcl
axr,axr
tcl,tcl
v,m
hv,hv
ix,ix
bcl,bcl
y,y
ax,ix
r,r
kcl,kcl
k,k
iy,iy
ix,ax
ah,ah
w,w
ae,ae
pcl,pcl
er,er
ix,ix
eh,eh
r,ah
v,m
dcl,bcl
ax,ax
s,s
ey,ey
dcl,pcl
el,el
ay,ay
ey,ey
eh,eh
bcl,bcl
pcl,pcl
ih,eh
dx,n
ax,m
ae,ae
kcl,kcl
k,k
ax,ax
dcl,dcl
r,r
eh,eh
iy,iy
q,q
f,v
er,er
hh,hh
ah,ah
ix,ix
m,m
ah,ah
uh,uh
l,l
n,n
ch,t
p,p
tcl,tcl
r,axr
dh,l
l,l
aa,aa
hv,hv
y,y
z,z
r,r
t,t
q,y
iy,iy
pcl,gcl
ax-h,v
t,t
y,y
ax,l
r,b
iy,y
ae,ae
iy,iy
el,el
pcl,bcl
en,ng
s,hh
dcl,dcl
kcl,tcl
ow,m
s,s
gcl,dcl
s,s
ix,ix
ae,ae
hh,hh
ao,ao
bcl,bcl
ix,ix
l,l
oy,oy
f,v
k,k
kcl,kcl
tcl,tcl
ow,ow
r,r
p,p
k,k
q,q
ae,ae
k,g
ao,ao
gcl,gcl
sh,s
hh,hv
q,q
dcl,tcl
gcl,gcl
l,l
gcl,kcl
bcl,gcl
n,n
ih,ih
t,t
kcl,kcl
gcl,dcl
l,l
n,n
p,p
dx,dx
v,v
kcl,kcl
n,n
bcl,bcl
p,b
sh,sh
ih,ih
l,l
s,s
ih,ix
ae,ae
dh,g
k,hh
eh,ae
m,m
ih,iy
aw,aw
dcl,tcl
z,s
tcl,kcl
s,s
kcl,kcl
ix,q
m,n
eh,ix
ae,ae
ix,ix
r,r
tcl,dcl
w,w
ey,ey
axr,axr
r,r
ay,ay
ah,ay
y,y
m,m
ow,ah
kcl,tcl
s,s
iy,iy
r,r
m,m
n,n
eh,ix
t,t
tcl,tcl
dcl,dcl
eh,eh
ah,ah
ix,ix
nx,n
nx,m
p,f
dx,gcl
w,w
aa,aa
iy,iy
dh,v
ux,ux
ow,el
w,w
tcl,dcl
ix,q
n,n
q,q
r,r
n,n
ah,ah
r,r
v,v
t,t
k,k
s,z
er,er
w,w
kcl,tcl
s,s
oy,oy
r,r
q,gcl
uw,ux
axr,r
n,n
iy,iy
n,n
aa,aa
z,z
ao,ao
ay,ey
ax,q
r,r
gcl,q
iy,iy
tcl,tcl
ix,ax
f,f
jh,t
axr,hv
eh,aw
n,n
iy,iy
tcl,tcl
ay,ay
pcl,tcl
s,s
gcl,gcl
sh,sh
kcl,tcl
k,k
dh,dh
d,d
eh,ix
iy,iy
l,l
hh,hv
q,q
iy,iy
kcl,kcl
hv,hv
ng,ng
axr,axr
ah,el
ix,r
ix,l
dh,dh
f,f
kcl,pcl
s,s
ux,ux
ax-h,tcl
iy,iy
q,n
er,er
m,m
w,w
th,dh
bcl,dcl
ay,ay
kcl,kcl
s,s
t,t
ux,ux
z,z
kcl,kcl
iy,iy
kcl,tcl
dcl,n
ae,ae
s,s
iy,iy
tcl,tcl
k,g
f,f
tcl,tcl
n,n
ae,ae
q,q
oy,oy
kcl,kcl
l,aw
iy,iy
m,m
r,r
ih,ix
m,m
bcl,tcl
v,v
ih,ux
iy,iy
axr,axr
y,y
w,w
ow,l
r,r
bcl,bcl
er,axr
l,l
iy,iy
tcl,q
iy,iy
ix,n
ng,ng
t,t
iy,iy
uw,ng
dx,dx
dh,dh
ah,ax
ax,ax
ih,ix
ae,ae
t,t
k,k
m,m
z,z
w,w
bcl,bcl
ax,ix
l,l
w,w
s,s
ax,ax
v,v
s,s
l,l
r,r
f,tcl
hv,hv
ix,ix
ux,ux
dcl,dcl
s,s
ay,ay
kcl,kcl
q,el
f,f
ae,ae
w,w
tcl,pcl
ux,ux
y,y
s,s
dh,dh
n,n
aa,ao
w,w
bcl,bcl
kcl,kcl
kcl,tcl
kcl,gcl
ux,ux
w,r
en,en
tcl,tcl
dcl,gcl
r,r
w,w
pcl,tcl
ay,ay
m,m
s,s
v,bcl
axr,r
iy,iy
l,l
aa,aa
ix,ix
ae,l
n,en
el,ao
k,g
ix,ix
l,l
oy,oy
dcl,bcl
ix,ix
q,q
kcl,gcl
ax,ah
v,v
r,r
ae,aw
w,w
eh,ae
gcl,gcl
eh,eh
iy,iy
dh,dh
k,k
iy,y
z,z
z,sh
ao,ao
el,el
z,z
t,t
w,w
s,s
r,r
s,s
iy,iy
ae,ae
w,w
ey,ey
dcl,dcl
ey,ey
n,n
iy,iy
dcl,bcl
ih,ix
aa,ah
z,z
oy,oy
axr,axr
ix,ix
k,k
ow,ow
er,r
th,th
s,s
dh,dh
ae,ae
ih,y
ow,el
z,s
kcl,tcl
ux,ux
iy,iy
ng,ng
ix,ix
kcl,tcl
el,el
n,n
ng,ng
z,z
ih,ih
dx,dcl
dx,dx
m,m
r,r
em,m
p,p
uh,ah
ay,ay
l,l
ae,ae
ix,ix
eh,eh
ux,ux
dh,dh
l,l
dcl,tcl
ix,r
ax,m
n,n
t,t
k,k
ow,axr
er,er
w,w
r,m
oy,oy
ih,n
ix,eh
ax,l
l,ao
kcl,kcl
ax,axr
ey,ey
dh,v
uw,ux
dcl,dcl
kcl,kcl
m,m
ao,ao
k,k
bcl,tcl
ix,ux
f,f
eh,eh
f,v
ah,ax
m,m
n,ng
n,n
n,n
d,hh
tcl,tcl
kcl,kcl
ae,ae
l,l
en,en
tcl,tcl
z,z
kcl,tcl
er,er
iy,iy
z,z
ao,ao
ow,ow
ux,ux
ix,ix
aa,ao
l,l
iy,iy
z,z
t,t
en,l
p,hh
z,z
r,r
s,s
kcl,kcl
ix,ax
gcl,gcl
v,v
y,d
w,w
aa,l
ch,ch
ae,ae
ux,ux
s,s
w,w
aa,ao
ng,ng
bcl,dcl
r,r
sh,sh
f,f
m,m
aa,aa
t,t
iy,iy
f,f
iy,iy
bcl,bcl
ix,ix
dcl,tcl
ch,jh
ah,ix
t,t
ih,ih
kcl,kcl
iy,iy
n,n
axr,r
p,p
bcl,tcl
ey,ey
aa,aa
ax,ax
axr,axr
z,z
ao,ah
r,w
iy,iy
ay,ay
iy,iy
r,r
pcl,kcl
axr,axr
kcl,kcl
ah,ah
k,k
q,q
m,m
ao,ao
r,r
s,s
r,r
ay,ay
q,q
er,r
ix,ix
eh,ey
r,r
r,r
l,l
ih,gcl
aa,aa
aa,aa
m,m
s,s
n,n
ix,er
n,m
ix,ix
f,f
s,s
ih,ih
el,el
tcl,tcl
s,s
z,z
dcl,dcl
kcl,kcl
ih,eh
ng,en
ix,ix
v,v
ay,ay
m,bcl
ix,ix
iy,iy
z,z
ae,ae
tcl,pcl
tcl,w
m,m
r,r
ix,dx
tcl,ng
pcl,pcl
hh,t
m,m
t,t
v,v
eh,ih
r,r
ey,ey
tcl,pcl
th,th
iy,iy
s,s
k,k
s,th
tcl,tcl
ix,ix
ix,ix
iy,iy
ow,ow
ae,ae
l,l
ao,ao
ay,ay
dh,dh
ax,ix
ix,ix
ax,ax
kcl,kcl
ay,aa
kcl,tcl
n,n
ih,eh
w,l
jh,sh
iy,iy
k,k
kcl,kcl
f,f
t,t
f,f
tcl,tcl
m,m
m,m
s,z
q,q
m,m
z,z
ih,ih
ae,ae
aw,aw
ng,ng
ey,ey
axr,axr
ah,ah
dcl,dcl
l,l
r,r
iy,iy
er,axr
r,r
v,v
l,l
sh,sh
ae,ae
aa,ao
eh,eh
aw,aw
ih,eh
ey,ey
ux,ux
iy,iy
p,p
l,l
ng,ng
eh,eh
tcl,pcl
el,l
q,w
k,k
tcl,gcl
p,v
l,l
ix,ix
r,r
sh,sh
ng,v
dcl,n
w,w
iy,iy
n,n
tcl,gcl
jh,jh
ng,ng
w,w
r,r
dx,gcl
ih,ix
f,f
kcl,pcl
ix,ix
pcl,pcl
iy,iy
n,n
ao,ao
l,l
dh,dh
n,ng
z,s
q,q
dh,v
ix,ix
sh,sh
bcl,dcl
kcl,kcl
kcl,kcl
pcl,tcl
tcl,tcl
bcl,pcl
ix,ix
eh,eh
r,r
z,z
ae,ae
ow,ao
r,r
s,z
en,n
kcl,kcl
ix,ix
s,s
aa,aa
ax,m
ux,ux
ae,ae
ax-h,tcl
ux,ux
dx,dcl
ih,ix
n,n
ey,ih
s,s
dcl,dcl
l,l
iy,iy
t,t
iy,iy
y,y
ix,ux
uw,w
ey,ey
ey,ey
r,r
axr,v
r,r
l,w
t,tcl
f,th
q,q
s,s
iy,iy
dcl,gcl
ah,ah
er,r
eh,eh
dh,v
k,k
ax,ax
iy,iy
w,w
hv,hv
dcl,dcl
z,z
er,axr
ix,ix
r,r
m,m
ih,ix
sh,sh
eh,eh
tcl,kcl
iy,iy
ch,ch
ow,ow
q,q
ax,ax-h
sh,sh
ix,gcl
d,t
n,ng
ow,ow
s,s
q,q
ay,ay
t,t
w,w
f,f
sh,sh
ih,ih
k,k
ah,ah
v,v
m,m
ng,ng
er,axr
iy,iy
iy,iy
gcl,gcl
ow,ow
ah,ax
ah,ah
ae,ae
k,k
w,w
ix,iy
em,em
z,s
ax,w
ix,ix
m,n
ng,ng
aw,aw
t,t
gcl,gcl
p,p
iy,iy
uw,uw
bcl,dcl
jh,jh
l,l
em,m
s,s
ow,ow
kcl,kcl
r,r
ih,ih
ax,ax
s,z
r,r
aa,aa
aa,aa
v,pcl
m,m
axr,axr
ay,ay
kcl,kcl
aa,ao
hv,hv
eh,ix
aa,aa
w,w
ix,ix
r,l
th,dh
r,r
s,s
s,s
l,w
m,m
pcl,pcl
ah,el
ax,ah
z,s
w,w
ah,ah
ch,ch
iy,iy
iy,iy
ay,ay
el,w
s,s
z,z
m,n
k,k
f,f
eh,eh
s,s
z,s
iy,iy
ay,ay
ay,ay
z,z
l,l
r,r
m,m
tcl,hv
dcl,dcl
dcl,dcl
v,v
ey,ey
ao,ao
ax-h,t
v,v
axr,axr
k,k
t,t
r,r
ey,ey
m,m
ae,ae
r,r
ao,ao
gcl,tcl
ix,ix
q,q
dcl,tcl
ix,y
l,l
n,n
ah,ow
axr,axr
iy,iy
kcl,kcl
nx,m
ao,ao
m,m
pcl,pcl
s,hh
iy,iy
kcl,kcl
er,axr
ax,m
v,v
v,v
k,g
v,bcl
z,s
w,w
d,dh
dh,dh
t,t
r,r
ix,ix
ix,ix
ax,ax
uw,ux
ih,l
r,r
ax,ix
s,s
s,s
eh,eh
p,v
n,m
ix,ix
z,z
jh,jh
kcl,pcl
er,r
ow,ow
kcl,kcl
v,v
kcl,gcl
m,m
kcl,tcl
t,t
ao,ao
k,k
ih,ih
ah,ax
ux,ix
dcl,dcl
t,t
tcl,tcl
l,l
iy,y
axr,m
ix,ix
n,n
ix,ax
ax,ax
iy,iy
ah,eh
aa,aa
r,r
ow,ow
axr,er
ae,ae
iy,ih
en,n
ae,ae
uh,uh
ix,ix
iy,iy
ah,ao
bcl,bcl
tcl,tcl
z,z
z,z
n,n
ih,ih
ow,ow
r,r
iy,iy
ay,ay
l,l
ih,ix
r,dx
y,y
w,w
gcl,tcl
ix,ix
tcl,kcl
oy,oy
l,l
dh,hh
ow,ow
s,s
s,s
r,el
ix,ix
ih,ih
dx,dx
s,s
ux,ng
th,th
kcl,kcl
m,m
ix,ix
l,l
ae,ae
kcl,kcl
kcl,tcl
axr,r
kcl,tcl
n,n
ey,ey
iy,iy
l,l
ix,ix
s,s
f,f
axr,ix
gcl,dcl
w,w
pcl,tcl
tcl,tcl
ih,ih
r,v
z,s
r,axr
ao,ao
l,el
gcl,gcl
dx,dx
tcl,tcl
ae,ae
axr,er
w,w
s,s
ae,ae
f,f
n,n
q,kcl
ao,ao
r,r
ix,n
ix,ix
eh,eh
ix,ix
aa,hv
n,n
n,n
z,z
eh,ix
ix,ix
er,axr
l,l
ao,ao
v,v
aa,aa
t,jh
ih,eh
l,l
axr,r
iy,iy
ae,ae
m,m
ih,ih
kcl,kcl
k,k
kcl,kcl
n,ix
g,g
r,r
ix,ix
s,z
ih,ih
aa,ao
er,er
tcl,pcl
q,q
m,m
l,el
ax,ax
sh,sh
ao,ao
m,n
ch,jh
ae,ae
tcl,tcl
m,m
k,k
iy,iy
ix,iy
iy,iy
q,q
q,q
ix,ix
s,sh
r,r
ix,l
n,m
q,q
ay,ay
p,f
t,t
ix,ix
ih,ih
oy,oy
ey,ey
iy,n
s,s
ey,ey
ng,ng
er,axr
ae,ae
axr,er
m,m
dcl,dcl
iy,ix
n,n
dh,dh
y,ux
ae,ae
tcl,kcl
pcl,pcl
v,v
th,th
ow,ow
aa,l
s,s
p,p
ix,ix
eh,eh
f,f
dx,dx
iy,iy
tcl,tcl
m,m
z,s
ao,ao
kcl,kcl
hh,hh
ax,ax
ey,ey
s,s
bcl,pcl
k,k
eh,eh
r,r
k,k
ix,ax
s,z
er,axr
aa,r
ix,iy
pcl,pcl
dh,gcl
w,w
bcl,dcl
r,r
hv,hv
tcl,tcl
dcl,dcl
t,t
iy,ix
dcl,hh
tcl,tcl
dh,tcl
ih,iy
ih,iy
ix,ix
ao,ao
ae,ae
ix,ax
dcl,gcl
iy,iy
w,w
dcl,dcl
ix,ix
l,l
sh,sh
f,f
s,s
w,w
tcl,tcl
z,z
sh,sh
ix,ix
tcl,tcl
eh,ix
k,k
n,n
l,l
z,s
dcl,tcl
w,w
jh,ch
s,s
z,s
z,z
n,n
k,k
b,dcl
d,jh
f,f
gcl,dcl
en,n
eh,eh
gcl,gcl
w,w
kcl,tcl
tcl,tcl
p,p
kcl,tcl
aa,aa
dcl,dcl
s,s
ix,ix
pcl,pcl
w,w
ix,ix
p,t
n,n
el,el
sh,sh
eh,eh
kcl,kcl
f,f
oy,r
s,z
en,m
jh,jh
ih,ih
t,t
axr,axr
ix,iy
bcl,tcl
l,l
sh,sh
er,er
f,f
n,n
er,axr
uh,ux
ix,ax
ax,ax
r,r
ae,ae
ao,ao
r,r
ao,ao
ng,n
kcl,kcl
q,q
axr,axr
hv,hv
m,m
kcl,tcl
r,r
iy,iy
w,w
r,r
el,el
r,ix
kcl,tcl
v,f
jh,jh
n,n
ix,ix
tcl,gcl
pcl,tcl
ux,ux
aa,ao
s,s
sh,sh
n,gcl
gcl,gcl
l,l
aa,aa
s,z
z,th
m,m
k,k
f,f
s,s
kcl,tcl
f,f
z,z
l,l
ah,ah
axr,axr
bcl,bcl
ih,ey
hv,hv
sh,sh
ix,ux
n,n
er,er
w,w
tcl,tcl
axr,axr
dh,l
eh,eh
iy,iy
ix,ix
n,ng
v,v
w,w
k,k
dcl,gcl
k,k
iy,r
hv,n
ix,ix
ax,l
r,axr
kcl,tcl
m,n
ae,ae
sh,sh
sh,sh
ah,aa
tcl,dx
ao,ao
ae,ae
eh,w
aa,ah
nx,n
s,s
w,w
s,s
dcl,tcl
kcl,kcl
ey,eh
tcl,tcl
s,s
aw,aw
k,k
dcl,gcl
iy,iy
r,axr
q,m
iy,ux
z,z
er,er
m,m
ae,ae
r,r
v,v
ch,z
g,g
ao,ao
uw,uw
l,l
l,l
iy,y
s,s
ix,ix
ao,ao
s,s
ey,ey
kcl,pcl
t,t
en,gcl
t,t
t,t
r,r
pcl,tcl
kcl,kcl
ch,jh
axr,r
q,q
eh,eh
iy,ux
n,gcl
th,dh
eh,eh
kcl,pcl
bcl,pcl
ih,ih
z,z
kcl,kcl
iy,iy
l,l
ih,ix
w,w
d,d
axr,axr
axr,er
m,m
s,s
q,q
v,v
ah,ah
ih,ax
ax,ix
iy,iy
dx,dh
s,s
gcl,gcl
hv,hv
z,z
r,r
s,s
k,k
tcl,tcl
eh,ah
ix,ix
ih,ix
k,k
ix,axr
z,z
eh,eh
l,l
eh,ae
ae,ae
z,z
oy,oy
el,l
aw,aw
ao,ao
er,er
el,el
ae,ae
ix,iy
s,s
f,f
ao,q
ng,ng
ae,eh
m,m
uh,uh
m,m
n,m
iy,ng
sh,sh
ix,ix
eh,ah
s,s
kcl,tcl
ix,ix
ey,ey
tcl,tcl
bcl,m
w,w
r,r
ax,ax
r,r
p,p
pcl,pcl
t,t
eh,eh
ay,ay
axr,axr
z,z
l,w
r,r
ae,ae
ah,ah
l,l
ow,ow
eh,eh
dx,dx
l,l
tcl,tcl
ah,eh
ey,ey
dx,dcl
sh,sh
s,s
n,n
dx,dx
t,t
axr,axr
jh,t
pcl,tcl
ix,ix
iy,iy
p,b
aa,ao
ux,ux
hv,hv
gcl,dcl
k,k
s,s
ah,q
s,s
axr,axr
th,th
l,l
sh,sh
ae,ae
ih,ih
axr,r
s,s
ow,ow
dcl,dcl
b,dh
sh,sh
iy,iy
z,z
en,n
dcl,dcl
s,s
ix,ix
er,axr
ay,aa
n,n
ix,eh
aa,aa
dh,dh
s,s
ih,ux
ix,ix
tcl,pcl
dcl,dcl
kcl,kcl
eh,ix
z,z
t,b
v,v
ix,q
kcl,tcl
f,f
kcl,gcl
aa,ay
r,r
axr,axr
q,el
jh,jh
bcl,gcl
ax,ix
dcl,dcl
iy,iy
kcl,pcl
z,z
ax,l
bcl,bcl
m,m
el,el
n,n
m,n
eh,eh
v,v
tcl,bcl
r,r
ae,ae
iy,iy
r,r
bcl,gcl
ax,ax
el,el
s,s
iy,iy
n,n
dcl,dcl
tcl,gcl
s,s
k,g
iy,iy
ax,el
th,th
s,s
ax,ix
ae,ae
ao,ao
l,l
iy,iy
dx,dcl
v,v
axr,er
t,t
ix,iy
en,n
dx,dx
q,q
ix,ix
tcl,q
iy,iy
dcl,bcl
ow,ow
f,f
d,d
q,q
r,r
l,l
ao,ao
f,f
bcl,bcl
w,w
gcl,gcl
s,s
tcl,tcl
eh,eh
r,axr
w,w
uh,ax
ng,m
dcl,dcl
zh,sh
ey,iy
n,n
z,z
n,n
eh,ae
ix,ix
iy,iy
w,w
f,f
t,t
q,q
iy,iy
n,n
kcl,k
f,f
ih,ix
aa,aa
ah,ax
ae,ae
ey,ey
en,en
sh,sh
ux,ux
ao,ao
hv,hv
aa,aa
m,m
ax,ax
r,r
axr,r
dh,dh
ay,ay
d,d
ix,ix
dcl,m
t,t
tcl,pcl
iy,iy
ae,ae
ix,ux
oy,oy
s,s
gcl,gcl
ey,ey
k,q
d,k
s,s
eh,ix
s,s
jh,jh
l,el
dcl,dcl
s,s
hh,hh
q,q
l,l
axr,ax
s,s
dcl,dcl
ow,ow
ey,ey
kcl,tcl
jh,jh
q,q
ng,n
ih,ix
sh,sh
ix,ix
g,g
tcl,tcl
dh,n
s,s
q,q
aa,aa
kcl,kcl
w,w
k,k
el,l
uw,ux
eh,ah
kcl,kcl
s,s
iy,iy
ix,ix
q,q
kcl,tcl
ah,ow
m,m
q,q
r,r
axr,axr
ey,ih
n,n
eh,eh
k,k
l,l
dcl,tcl
ix,ih
ay,ay
ao,l
ay,ah
dcl,dcl
hh,g
l,l
eh,eh
ix,ix
r,r
ix,ix
tcl,m
el,el
m,m
ay,ay
r,r
z,z
pcl,dcl
gcl,kcl
ih,ix
s,s
ix,ix
iy,ux
n,n
ux,ux
ah,ah
th,th
l,l
tcl,tcl
n,n
r,r
q,q
eh,eh
ih,ix
eng,en
w,w
ux,axr
k,k
f,f
v,v
ih,ih
ix,ih
m,m
q,q
p,p
r,r
dcl,tcl
hh,hh
v,m
er,axr
n,n
y,y
ix,eh
q,q
ih,ih
ix,ix
l,el
ix,ix
w,w
tcl,kcl
ey,ey
g,g
tcl,gcl
m,m
ih,ih
r,r
ow,el
r,r
pcl,pcl
dcl,dcl
w,w
s,s
er,axr
kcl,tcl
r,r
n,n
ax,ix
tcl,q
n,n
w,l
ey,ey
z,z
iy,hv
l,l
dcl,dcl
m,m
ae,ah
r,r
s,s
kcl,tcl
l,l
ah,ah
ih,ix
bcl,tcl
n,m
p,hh
s,s
dcl,dcl
er,er
axr,axr
eh,eh
m,n
el,el
hh,hv
ih,ix
dcl,dcl
ih,ah
ow,ah
dh,dh
dcl,gcl
tcl,tcl
sh,sh
ix,ax
y,y
q,q
t,t
r,r
l,l
s,s
pcl,tcl
q,q
r,r
hv,hv
dh,gcl
ax,l
ax,r
k,k
tcl,pcl
iy,iy
f,f
m,m
q,q
m,m
eh,ah
z,s
axr,axr
w,w
dh,dh
axr,axr
n,n
iy,iy
ao,ao
ae,ae
p,t
g,g
ix,ix
ay,ay
aa,aa
iy,iy
w,l
k,k
s,s
eh,eh
l,l
er,er
hv,hv
iy,iy
ix,ix
w,w
eh,eh
eh,eh
bcl,bcl
dcl,gcl
f,f
n,n
ix,hv
ax,ax
nx,l
ow,ow
q,q
y,y
kcl,kcl
k,k
z,s
axr,axr
iy,iy
sh,ch
uw,uw
kcl,kcl
z,z
tcl,tcl
ux,axr
ow,ow
ux,ux
jh,jh
ao,aa
nx,nx
n,n
z,z
axr,er
sh,sh
tcl,dx
gcl,dcl
hh,hh
aa,aa
tcl,tcl
ax,ax
ey,iy
g,g
v,dcl
hh,ax-h
aa,ao
k,k
oy,oy
ax,el
iy,iy
ch,jh
iy,iy
iy,iy
ux,ux
q,q
bcl,dcl
aw,aw
ax,ah
t,t
f,f
ix,m
ih,eh
z,z
dcl,pcl
t,t
axr,aa
g,g
y,y
ix,ix
aa,aa
r,r
r,r
n,n
m,m
bcl,dcl
ey,ey
ax,r
dcl,tcl
bcl,bcl
iy,iy
s,z
r,r
n,n
s,s
l,w
n,m
iy,iy
ux,ux
ix,ix
g,g
ax,n
nx,n
pcl,kcl
l,l
ow,ow
v,v
r,ah
iy,ix
pcl,tcl
dcl,gcl
tcl,tcl
axr,axr
ux,ux
m,m
t,d
ux,ux
ix,ix
ah,ah
ih,r
axr,er
axr,eh
n,n
s,z
gcl,gcl
iy,iy
ng,n
dh,dh
f,f
axr,axr
ix,ih
eh,eh
ao,ao
ay,aa
oy,ah
ow,ow
el,el
y,d
tcl,tcl
en,m
gcl,bcl
p,p
iy,iy
ae,ae
tcl,gcl
eh,ae
ow,aa
w,w
dh,dh
d,d
dcl,tcl
hh,hh
tcl,tcl
l,l
hh,hh
ix,ix
er,ux
iy,iy
ax,ax
kcl,kcl
eh,eh
q,q
r,r
er,axr
m,m
q,ix
d,t
r,r
f,f
uw,uw
iy,iy
t,t
tcl,tcl
ow,ow
n,n
s,s
z,s
s,s
w,w
z,z
p,p
y,y
m,m
l,l
gcl,gcl
ax,ix
aw,ae
p,p
ao,ao
ae,eh
kcl,kcl
er,axr
dcl,gcl
ao,ao
k,k
dh,tcl
aa,aa
ih,ih
ch,jh
iy,iy
ax,l
l,l
ey,ey
ow,ow
ih,ih
gcl,bcl
axr,axr
ao,ao
q,q
dcl,tcl
k,k
ix,ix
th,th
kcl,kcl
ah,ah
er,axr
ux,ux
w,w
gcl,gcl
axr,axr
er,er
en,n
l,l
em,m
r,r
ix,ix
t,t
oy,oy
iy,ey
uh,ax
dh,f
iy,axr
d,d
axr,ix
kcl,pcl
ay,ay
ao,eh
axr,axr
er,er
aa,aa
ae,ae
ax,m
ah,ah
ey,ey
pcl,pcl
z,s
ae,ae
jh,ch
ax,ax
f,f
r,r
iy,iy
v,v
n,n
eh,ae
n,n
iy,iy
v,v
iy,iy
aa,aa
gcl,dcl
dh,dh
y,y
ux,ux
ao,ao
r,m
tcl,tcl
z,z
r,r
iy,ix
ix,ix
er,axr
iy,iy
z,z
ix,ix
z,z
ix,ix
kcl,kcl
ux,ux
s,z
ax,ax
dh,tcl
m,n
eh,eh
ae,aw
l,l
eh,ih
d,dx
t,t
m,m
ix,ix
w,w
ng,ng
ux,ux
sh,sh
n,n
hv,hv
l,l
tcl,kcl
iy,iy
iy,y
ah,q
tcl,tcl
dcl,gcl
ah,ae
gcl,dcl
ay,ay
d,t
r,r
ae,ae
z,z
ao,w
f,f
pcl,pcl
ng,ix
th,th
r,r
l,l
ae,ae
er,axr
iy,iy
z,z
r,r
ch,sh
s,s
w,w
s,s
tcl,tcl
l,l
r,r
r,r
l,l
kcl,kcl
ow,ow
k,k
gcl,gcl
g,g
dx,dx
dcl,tcl
l,ah
l,l
iy,iy
k,k
iy,l
f,f
m,m
m,m
n,n
bcl,bcl
g,k
axr,axr
r,r
ix,ix
dx,dx
iy,iy
sh,sh
ey,ey
ng,ng
n,n
iy,iy
dh,dh
r,r
dx,d
dcl,dcl
em,ax
t,t
uw,l
z,z
ao,r
iy,iy
s,s
ay,oy
axr,aa
ey,iy
f,f
el,el
el,el
s,s
tcl,tcl
s,s
n,n
iy,iy
tcl,tcl
pcl,kcl
d,t
q,q
k,g
t,d
s,s
z,z
g,g
dcl,dcl
ay,ay
pcl,tcl
dh,dh
axr,ix
t,t
ax,ix
el,el
dcl,dcl
bcl,bcl
m,m
s,s
tcl,gcl
dh,th
ax,ah
el,el
p,p
ay,ay
ih,ih
ay,ay
z,z
ix,ix
w,w
q,q
ow,uw
dh,dh
s,z
v,v
kcl,kcl
ow,l
m,m
tcl,tcl
ow,ow
ih,eh
l,l
s,s
q,q
k,k
ih,ih
aa,aa
r,r
z,z
ay,ay
ix,eh
aa,aa
hv,hv
n,n
n,n
ax,l
oy,oy
ng,ng
ey,ey
iy,iy
n,n
g,g
kcl,kcl
w,w
y,y
axr,r
kcl,kcl
tcl,tcl
ih,ih
r,r
er,axr
t,t
ix,ix
t,t
ae,ae
ey,ey
iy,iy
kcl,kcl
zh,jh
aa,aa
r,m
r,r
r,r
dcl,dcl
pcl,tcl
ax,ax
l,l
kcl,pcl
t,dh
sh,sh
iy,iy
p,p
er,er
dx,v
ax,ax
ey,ih
oy,l
q,q
ow,ow
n,ng
bcl,bcl
ey,iy
m,m
hv,hv
dcl,dcl
ux,ux
m,m
aa,aw
ih,ix
ow,ow
l,l
aw,aw
sh,sh
ae,ae
s,s
iy,iy
n,n
p,hh
dx,dx
tcl,kcl
aa,aa
dcl,bcl
s,s
s,s
n,m
r,r
z,z
k,k
ay,ay
ih,ey
jh,jh
ah,ah
z,tcl
n,n
n,n
ow,ow
q,ng
ax,el
p,p
dh,th
hh,hh
m,m
t,t
tcl,tcl
ae,ae
n,n
ao,aa
ix,ix
iy,iy
ix,ix
ix,axr
l,w
gcl,gcl
r,r
ax,en
l,l
r,r
th,s
kcl,kcl
q,tcl
z,s
axr,el
hh,hh
z,z
aa,aa
dcl,tcl
iy,iy
er,axr
t,t
w,w
eh,eh
sh,sh
ao,ao
sh,sh
ih,ih
k,k
ix,ix
m,m
ix,gcl
kcl,kcl
ey,iy
nx,n
ux,y
ah,ah
n,ng
k,k
eh,eh
ay,ay
dh,dh
r,r
l,l
ih,ih
dx,dx
tcl,tcl
axr,r
f,f
ch,ch
l,l
tcl,tcl
eh,l
z,z
dcl,tcl
t,t
tcl,tcl
ah,eh
g,g
dh,dh
y,d
v,dh
m,m
m,m
b,p
iy,iy
n,n
ay,ay
q,q
ow,ow
n,n
ay,ay
tcl,tcl
r,axr
aa,aa
tcl,dcl
n,n
er,axr
t,t
en,n
iy,iy
ix,ax
er,er
ix,l
jh,jh
t,t
oy,oy
iy,iy
ix,ax
ow,el
eh,eh
ay,ae
m,m
ae,ae
w,gcl
oy,oy
ih,ix
axr,axr
dcl,dcl
ae,ae
eh,eh
kcl,dcl
s,s
r,r
ax,ax
ax,ah
eh,eh
m,m
p,v
dx,dx
s,s
axr,ix
k,k
ch,ch
t,t
kcl,tcl
kcl,bcl
d,g
z,z
n,n
iy,iy
axr,eh
ng,ng
ax,ax
eh,ix
ax,ax
z,z
ay,ay
tcl,pcl
oy,ao
ah,ah
y,y
eh,eh
v,v
iy,r
ay,aa
ao,ao
s,s
dh,dh
ax,n
iy,ux
ax,ax
sh,sh
k,k
l,l
ow,ow
s,s
ae,ae
iy,y
ax,el
l,l
gcl,gcl
z,z
gcl,pcl
eh,eh
z,z
t,t
eh,ey
r,r
r,r
v,v
f,f
p,p
n,n
gcl,gcl
eh,ae
q,q
w,w
eh,eh
t,t
dcl,gcl
ae,ae
s,s
kcl,k
n,n
dh,dh
ng,ng
kcl,kcl
kcl,kcl
tcl,tcl
ey,ey
ey,ey
ix,ix
iy,iy
f,f
k,g
tcl,pcl
ae,ae
ih,ih
ix,ix
kcl,kcl
ih,ih
pcl,tcl
kcl,kcl
aw,aw
tcl,w
bcl,gcl
eh,ae
el,l
sh,sh
aa,aa
f,f
k,k
dx,dcl
aa,ao
bcl,pcl
bcl,m
oy,oy
ix,ix
iy,iy
axr,axr
ih,ix
w,w
s,s
ix,ix
ch,jh
kcl,kcl
ax,ax
tcl,tcl
ae,ae
axr,axr
eh,ae
dcl,pcl
ih,ix
ax,ah
pcl,pcl
n,n
tcl,kcl
iy,iy
r,r
w,w
k,k
tcl,tcl
ix,ux
axr,axr
ae,ae
ax,ax
aa,aa
pcl,pcl
w,w
q,hv
n,m
m,m
p,v
oy,oy
th,th
kcl,kcl
ch,ch
w,w
r,r
iy,ix
k,k
pcl,tcl
m,m
w,w
ao,w
iy,m
dx,dx
s,s
ix,ix
ao,ao
iy,iy
hh,hh
t,t
th,dh
d,t
s,s
aw,aw
sh,sh
m,m
gcl,kcl
uh,uh
y,y
er,er
n,ng
b,hh
iy,iy
dx,dx
m,m
n,n
ay,ay
bcl,bcl
axr,axr
kcl,tcl
ng,ng
ey,ey
r,r
axr,w
aa,aa
tcl,tcl
ax,ix
ah,ah
ae,ae
hh,hh
t,t
v,n
z,z
ih,ix
m,m
axr,axr
iy,iy
hv,hv
sh,sh
tcl,dcl
el,el
ow,l
q,q
s,s
f,f
ow,l
s,s
ah,aw
r,axr
pcl,pcl
r,r
ay,ay
ao,ao
f,t
ax-h,tcl
n,tcl
q,q
f,f
p,p
ey,ae
d,t
dcl,dcl
jh,jh
iy,iy
d,t
ao,ao
oy,oy
ix,ix
axr,axr
dx,dx
sh,sh
v,v
ay,ae
ng,ng
ax,ax
w,w
eh,ih
r,ng
l,l
ix,ix
iy,iy
iy,iy
hh,hv
t,t
ay,ay
dx,dx
ux,ux
dx,dx
k,dh
ng,ng
dcl,tcl
s,s
r,r
oy,oy
iy,ux
ah,ah
ax,ax
t,t
dx,dx
hv,hh
n,n
v,v
er,er
l,l
ih,ih
dcl,tcl
kcl,kcl
nx,m
dcl,dcl
ih,ix
s,s
dh,dh
ae,ae
en,tcl
l,l
nx,n
d,d
aa,aa
ux,ux
bcl,bcl
s,s
f,f
dx,dx
pcl,tcl
tcl,dcl
axr,r
kcl,tcl
z,z
t,t
ae,ae
p,p
n,v
r,r
ey,l
ah,ah
ix,n
ow,ow
ix,ix
q,q
w,w
r,r
th,s
w,w
k,k
d,d
ch,jh
ao,ao
eh,m
s,s
aa,aa
sh,sh
ae,eh
l,l
l,ax
eh,ix
iy,iy
ao,ao
m,m
ax,l
gcl,n
k,k
y,v
ax,axr
axr,axr
s,s
oy,oy
ix,iy
ix,ax
dx,dx
r,r
aa,ah
q,q
r,r
ih,ix
hv,hv
ae,ae
pcl,kcl
t,t
eh,eh
axr,axr
s,s
t,dh
ix,axr
hv,hh
hh,hv
n,n
tcl,kcl
g,g
hv,hv
eh,eh
tcl,gcl
ih,ix
kcl,kcl
axr,axr
kcl,tcl
bcl,dcl
ih,ih
tcl,tcl
l,l
iy,ih
ao,ao
axr,axr
m,n
dx,n
ae,ae
ay,ay
r,r
eh,ae
oy,ow
l,l
ey,ey
ah,ah
aa,aa
axr,er
n,gcl
ix,ix
gcl,dcl
ah,ah
y,y
aa,aa
z,z
y,m
w,w
dx,dcl
kcl,kcl
gcl,tcl
m,m
l,l
ix,ix
y,y
iy,ix
ow,ow
f,f
hv,hv
s,s
aw,aa
iy,iy
ih,ih
ix,ix
tcl,tcl
n,m
n,n
t,t
aa,aa
ix,ix
r,r
s,s
uw,w
ix,axr
p,f
ah,eh
ih,ih
f,f
k,k
axr,r
iy,iy
ah,ax
dh,dh
m,m
t,t
s,s
t,hh
tcl,tcl
el,el
iy,iy
l,l
q,q
axr,axr
n,n
ow,ow
pcl,kcl
sh,sh
p,p
ay,ay
axr,axr
y,y
dcl,dcl
n,n
sh,sh
ao,ow
k,k
v,gcl
f,f
ow,ow
ae,ae
aa,ah
k,k
sh,sh
dcl,dcl
tcl,tcl
v,v
hv,iy
g,g
tcl,pcl
er,er
tcl,tcl
q,q
tcl,tcl
hh,hh
ch,jh
tcl,tcl
tcl,tcl
z,z
ih,ih
ao,ao
dcl,dcl
l,l
l,el
p,p
hv,hv
ae,ae
ix,ix
eh,eh
l,l
tcl,kcl
ix,m
f,f
ng,n
ih,ih
l,l
tcl,tcl
iy,iy
aa,aa
ih,iy
k,k
nx,n
s,s
gcl,dcl
r,axr
ow,ow
ae,ae
iy,iy
ih,ix
n,n
l,l
sh,sh
tcl,tcl
iy,iy
l,l
gcl,tcl
ow,ow
l,l
dh,dh
n,n
axr,r
jh,jh
ix,ix
m,m
em,em
tcl,tcl
k,k
ao,ao
y,y
z,z
iy,iy
ih,eh
r,axr
q,q
s,s
ux,ux
kcl,kcl
s,s
ng,ng
n,n
v,v
p,p
ix,ix
pcl,tcl
ix,ix
f,f
r,r
r,r
tcl,pcl
z,z
p,tcl
gcl,gcl
ih,ih
zh,zh
ng,ng
n,n
z,z
ax,ax
g,g
gcl,n
k,g
jh,ch
s,s
ay,ay
sh,sh
ax,l
l,l
oy,oy
f,f
ih,ix
kcl,kcl
t,t
sh,sh
zh,sh
iy,y
r,r
t,t
r,r
tcl,v
n,n
l,r
ow,ao
ae,ae
ax,l
m,m
axr,ix
tcl,pcl
z,s
ey,ey
hh,hh
y,y
n,n
iy,ux
n,n
ix,iy
v,v
kcl,kcl
kcl,kcl
jh,jh
gcl,dcl
q,l
m,m
r,r
q,q
ix,ix
ix,axr
hv,hv
aa,aa
iy,r
tcl,dcl
iy,iy
r,r
ih,ax
aa,aa
ix,ix
ix,ix
ae,ae
eh,eh
aa,aa
ch,t
ay,ay
s,s
t,t
dh,t
s,s
th,th
ay,ay
l,el
r,r
en,en
sh,sh
hh,hh
ey,ey
n,ng
ix,ix
v,v
t,t
en,en
r,r
s,z
t,dh
aw,aw
axr,axr
ux,uw
r,r
l,l
l,l
f,f
ao,ao
ix,ix
f,f
ao,ao
p,p
er,axr
ax,hv
tcl,kcl
tcl,tcl
dcl,gcl
f,f
ey,ey
z,z
ax,ix
s,s
sh,sh
ix,iy
m,m
ay,ay
ix,ax
ng,ng
aw,aw
axr,axr
kcl,tcl
jh,jh
w,w
ae,ae
r,r
z,z
l,l
hv,hv
f,f
ix,ax
ay,ae
tcl,tcl
zh,ch
n,m
w,w
aa,aa
eh,eh
bcl,bcl
ax,dh
dcl,dcl
ah,ah
f,f
s,s
axr,axr
gcl,m
tcl,tcl
eh,eh
dcl,tcl
pcl,kcl
eh,eh
tcl,tcl
er,axr
s,s
d,t
tcl,tcl
en,m
ey,ey
g,g
n,n
oy,oy
ow,ow
r,r
dx,dx
s,s
ax,el
k,k
k,k
ih,y
y,y
k,k
f,f
ao,ao
f,f
iy,iy
p,p
v,v
hh,hh
w,w
iy,ih
dh,l
ao,aa
r,m
m,m
tcl,tcl
ae,ae
l,l
pcl,f
w,w
uh,ax
oy,oy
axr,axr
g,g
ah,ah
k,k
axr,axr
ah,ax
ix,ux
s,s
r,r
l,l
bcl,bcl
l,l
l,l
kcl,kcl
en,m
pcl,pcl
ey,ey
tcl,tcl
ax,l
ao,r
ng,n
s,s
v,v
ae,ae
l,l
gcl,dcl
dh,dh
r,r
ih,ix
z,z
tcl,tcl
pcl,pcl
axr,er
k,g
sh,sh
m,m
ey,ey
kcl,kcl
r,r
tcl,pcl
ow,ao
gcl,kcl
l,l
dh,dh
iy,iy
b,p
dcl,tcl
kcl,tcl
ay,ay
aw,aw
w,w
dcl,bcl
axr,axr
b,b
aa,aa
aa,aa
eh,eh
sh,sh
s,s
iy,iy
iy,iy
r,r
th,f
q,dh
ux,ux
tcl,tcl
ax,ax
l,l
aa,l
s,s
r,r
p,p
n,n
r,r
v,v
ao,ao
k,k
t,t
hh,hh
ay,ay
eh,eh
pcl,pcl
oy,oy
ix,ah
g,g
ao,ao
s,s
ow,ow
w,w
s,s
q,q
ao,w
w,w
ux,ux
r,r
zh,sh
kcl,kcl
m,ng
pcl,tcl
z,z
l,w
ao,ao
d,d
n,n
dcl,dcl
dcl,tcl
iy,iy
tcl,tcl
ch,ch
w,w
el,el
ng,m
r,r
uh,ix
t,d
ix,ix
ao,ao
q,q
n,gcl
tcl,tcl
l,l
s,s
f,f
n,n
q,q
kcl,kcl
ih,eh
ng,ng
t,t
ey,ey
sh,sh
iy,iy
oy,ey
r,n
z,z
m,m
z,z
v,v
ix,ix
gcl,tcl
kcl,kcl
m,m
tcl,tcl
kcl,kcl
ih,ih
m,m
dh,dh
ih,ix
ah,ax
zh,zh
iy,iy
k,k
w,w
jh,jh
m,m
dh,dh
z,z
sh,sh
l,y
iy,ey
l,m
sh,sh
t,t
s,s
w,w
ng,ng
w,w
pcl,pcl
ah,ah
n,n
ey,ey
s,sh
l,l
bcl,bcl
eh,eh
k,k
v,v
kcl,kcl
p,p
q,q
uh,ix
axr,r
s,s
ih,ih
ah,ah
er,axr
dcl,dx
ux,ux
eh,eh
tcl,tcl
ao,ao
ih,ih
tcl,kcl
pcl,bcl
s,s
ah,ah
l,l
q,ix
tcl,pcl
s,s
jh,jh
pcl,tcl
ix,ix
er,axr
r,r
ao,ao
k,k
eh,eh
d,t
w,w
z,s
w,w
tcl,tcl
ae,ae
pcl,pcl
ah,ah
v,v
l,m
ix,ax
r,r
ux,ux
f,f
m,m
z,z
m,m
ih,ih
l,l
eh,eh
dh,v
ae,ae
l,l
ih,ix
ao,l
k,k
kcl,kcl
er,axr
s,s
s,s
iy,iy
th,th
ah,ah
aa,aa
ay,ay
r,ah
m,m
l,l
r,axr
k,k
d,p
ow,ow
n,m
m,m
ux,ix
s,s
ax,ix
k,g
dh,dh
r,r
iy,iy
w,w
kcl,tcl
iy,iy
ey,ey
r,r
kcl,kcl
ih,ih
d,d
z,z
pcl,pcl
ix,ix
dh,th
m,n
ix,ix
ao,ao
pcl,tcl
w,w
ah,ah
n,n
q,q
dh,dh
l,l
ae,eh
ax,ax
y,y
ah,ah
ih,ix
er,ao
n,n
ix,ix
gcl,gcl
nx,n
k,k
ng,ng
l,l
ih,ix
s,s
g,g
n,n
s,s
er,er
ah,ah
ix,n
k,k
ih,axr
ng,ng
t,t
kcl,tcl
ax,ax
dcl,gcl
ey,ey
w,w
s,s
z,z
tcl,tcl
iy,iy
dcl,bcl
f,f
kcl,kcl
dcl,tcl
l,l
n,n
ax,ix
ix,n
ih,ix
y,y
ix,ix
ao,ao
tcl,tcl
n,ng
eh,ix
ih,ix
ih,ng
n,m
tcl,n
ae,ey
ae,ae
ey,ey
ax,r
ng,ng
n,n
l,l
n,n
y,y
m,m
dcl,dcl
t,d
tcl,gcl
ux,ux
er,axr
d,d
iy,iy
dcl,tcl
ao,ao
er,axr
ay,ay
k,hh
n,n
axr,hv
aa,l
t,sh
n,n
ih,iy
ey,ey
s,z
gcl,gcl
ow,ow
aw,ae
g,g
tcl,pcl
ow,ow
ey,ey
n,n
dx,dx
s,s
el,el
ix,d
n,n
f,f
dh,dh
hh,hh
s,s
axr,axr
sh,sh
t,t
ah,ah
dcl,dcl
w,w
r,r
ae,ey
ae,ae
er,er
ow,ow
ix,ix
w,w
dcl,dcl
p,p
k,k
pcl,tcl
m,m
s,s
t,t
n,n
sh,sh
z,z
l,l
ux,ux
dcl,dcl
iy,iy
iy,iy
dh,dh
gcl,gcl
dh,dh
bcl,bcl
s,s
dx,dx
t,dh
r,r
iy,iy
ax,ax
dcl,gcl
n,n
v,pcl
tcl,tcl
ng,m
ey,iy
n,n
v,v
en,m
p,p
d,tcl
ih,ih
m,m
sh,sh
w,w
ao,ao
eh,ah
t,hh
gcl,gcl
ao,ao
q,tcl
ax,ah
er,er
aw,ae
y,y
p,p
s,s
n,n
pcl,tcl
ae,ae
iy,iy
sh,sh
l,l
dcl,dcl
ix,ix
gcl,gcl
ix,iy
eh,ix
uh,uw
w,w
n,n
en,en
k,k
iy,iy
aa,aa
tcl,tcl
p,k
dcl,dcl
dh,n
s,s
y,y
ix,ix
axr,axr
g,g
g,g
ih,ax
s,s
r,r
n,n
kcl,dcl
sh,sh
l,l
ae,ey
tcl,tcl
t,t
ux,ux
y,y
ay,ay
ix,n
d,t
dx,dx
d,t
m,m
m,m
aa,ae
q,q
kcl,tcl
g,g
hh,hh
ax,ax
dx,dx
dcl,tcl
dcl,dcl
kcl,tcl
ng,ng
ix,ix
s,s
z,z
m,m
z,z
s,s
tcl,tcl
ay,ay
m,n
ow,ow
s,s
m,m
f,f
ae,eh
ow,l
ix,ix
s,s
tcl,tcl
ao,ao
s,s
eh,eh
ng,n
m,bcl
tcl,dcl
s,s
ay,ay
z,z
bcl,bcl
iy,iy
k,k
q,q
ax,n
f,f
aw,aw
t,t
ih,ix
iy,iy
sh,s
dh,dh
s,s
el,v
z,s
tcl,tcl
ng,ng
ax,ax
y,q
ch,ch
kcl,tcl
eh,axr
axr,axr
ay,ay
q,q
w,w
axr,axr
s,s
kcl,kcl
m,m
ax,n
tcl,tcl
s,s
en,ng
ix,ix
r,r
t,t
tcl,pcl
r,r
el,el
v,v
t,t
w,w
eh,eh
kcl,gcl
v,v
kcl,tcl
hv,hv
q,q
eh,eh
n,n
n,gcl
ix,ix
gcl,gcl
tcl,tcl
kcl,kcl
n,m
er,axr
kcl,kcl
aa,aa
v,v
s,z
p,p
tcl,tcl
er,axr
k,k
s,s
r,r
ae,ae
eh,eh
ng,ng
sh,sh
s,s
l,l
ey,iy
w,w
gcl,m
l,l
sh,sh
l,l
iy,iy
axr,axr
v,bcl
axr,axr
s,s
hh,hh
eh,eh
ih,ix
r,r
iy,y
z,z
aa,ao
f,f
g,g
ix,ix
t,t
q,n
ah,ah
er,er
dcl,dcl
iy,iy
tcl,tcl
ix,ix
l,l
kcl,kcl
z,z
hh,hh
l,l
eh,l
ay,ay
hv,hv
ih,ix
d,d
n,n
r,r
ey,ey
f,f
w,l
tcl,tcl
t,t
l,l
pcl,pcl
m,n
ix,ix
s,s
t,t
n,n
ow,ow
dcl,dcl
ey,ey
m,m
y,y
ih,r
iy,iy
eh,ah
ih,axr
el,el
pcl,tcl
ax,l
d,d
pcl,pcl
ax,ix
ah,l
ix,iy
p,p
gcl,gcl
ix,ix
iy,iy
f,f
k,tcl
f,f
aa,aa
eh,eh
eh,ix
aw,aw
p,p
ix,gcl
z,z
ix,ix
ax,ix
ix,dh
dcl,gcl
ey,iy
kcl,tcl
tcl,kcl
hh,hh
n,n
t,t
ae,ae
n,n
th,pcl
ix,ix
r,r
r,r
ux,ux
hv,hv
t,t
ux,ux
p,p
t,t
z,z
v,m
n,n
ae,ix
m,m
ax-h,m
s,s
m,m
n,n
iy,iy
b,k
dx,dx
kcl,kcl
iy,iy
axr,axr
p,p
aa,r
tcl,b
ax,ax
tcl,tcl
ae,ae
iy,ux
d,d
q,q
n,n
r,r
r,r
ay,ay
z,z
pcl,tcl
er,axr
q,q
s,s
ix,q
s,s
z,z
m,m
tcl,tcl
axr,axr
bcl,bcl
t,t
q,q
r,r
l,l
ux,ux
aa,ao
n,ng
k,k
ih,ix
sh,sh
kcl,kcl
ow,l
kcl,kcl
ax,ax
bcl,tcl
s,s
dcl,tcl
aa,ah
v,v
iy,iy
r,r
ux,ux
dcl,dcl
ae,ae
r,r
ix,eh
hv,hv
axr,r
l,w
ax,ax
eh,eh
t,t
l,l
v,n
s,z
dh,dh
l,v
b,l
s,s
g,g
pcl,pcl
t,t
k,k
ah,ah
n,n
k,k
k,g
tcl,tcl
k,k
eh,ah
ih,eh
gcl,gcl
w,w
k,k
sh,sh
ey,ay
aa,aa
ey,ey
s,s
l,l
b,p
w,w
gcl,gcl
iy,iy
w,w
bcl,tcl
ih,ih
el,el
ih,ih
iy,iy
n,m
l,l
dh,dh
s,s
y,q
aa,r
ay,ay
n,l
dcl,dcl
dcl,dcl
dx,v
eh,eh
ix,ix
th,f
tcl,tcl
v,v
axr,axr
ao,ao
dcl,tcl
pcl,pcl
pcl,pcl
r,r
z,z
ux,ux
iy,ih
eh,eh
kcl,tcl
axr,r
tcl,tcl
s,s
ao,ao
ae,ae
z,z
pcl,gcl
iy,iy
dh,v
w,w
aa,aa
ix,ix
gcl,dcl
l,l
s,z
ay,hv
s,s
pcl,pcl
k,hh
sh,jh
tcl,tcl
q,q
dcl,dcl
dcl,dcl
el,el
ey,ey
ih,ih
m,m
dcl,pcl
g,l
f,hh
n,n
ih,ix
nx,n
r,r
aa,aa
tcl,dcl
dh,ax
iy,iy
ao,ao
ax,ax
w,w
s,s
s,s
m,m
t,t
dx,nx
k,k
p,t
q,q
nx,n
dcl,dcl
m,m
iy,iy
axr,axr
ey,ey
n,tcl
dcl,tcl
ix,ix
eh,ah
r,w
dh,v
eh,ah
bcl,bcl
k,k
ix,ix
f,f
r,axr
pcl,pcl
z,z
ae,ae
ae,eh
r,r
ah,ah
ax,ah
l,w
er,r
eh,eh
ih,ih
sh,sh
ix,w
dh,dh
iy,iy
ae,ae
v,v
ng,ng
n,n
pcl,tcl
iy,ng
r,r
ah,ah
t,t
s,s
r,r
tcl,tcl
r,axr
ay,ay
m,m
r,r
ih,ih
ah,ah
oy,ao
ix,ix
hv,hv
ey,ey
bcl,bcl
er,axr
s,s
ng,ng
uh,ax
iy,iy
iy,iy
iy,iy
dcl,dcl
z,z
axr,axr
tcl,tcl
ey,ey
q,q
t,t
r,r
uw,ux
el,el
dcl,dcl
bcl,bcl
ux,ux
r,r
eh,eh
ih,ih
ae,ae
ux,ux
l,l
z,z
ix,ix
r,r
d,t
gcl,gcl
l,l
r,axr
ix,ix
dcl,dcl
tcl,tcl
t,t
sh,sh
ax,ax
ao,ao
ix,ix
y,y
z,z
t,t
ix,ix
el,el
s,s
ch,t
axr,axr
ix,v
z,z
ix,r
ah,ax
d,n
r,r
kcl,kcl
ux,ux
kcl,kcl
q,q
r,r
iy,iy
uw,gcl
eh,eh
ow,el
ax,ix
z,s
r,el
aa,aa
y,ux
g,k
ux,ih
l,l
r,r
ax,ah
en,en
ih,ih
iy,iy
r,r
w,w
ux,ux
ey,r
y,y
n,ng
aa,ao
v,dcl
s,s
gcl,gcl
m,m
er,axr
ix,ix
p,p
ao,ah
ix,ix
ow,ow
k,k
aa,aa
ey,ey
p,p
k,g
ow,el
aa,aa
ux,ux
t,t
iy,iy
iy,iy
th,pcl
ey,ey
ae,ae
q,hh
ix,ix
dh,dh
ow,ao
w,w
kcl,pcl
t,t
ey,iy
q,q
kcl,tcl
w,r
r,r
ax,ax
m,m
k,k
kcl,kcl
v,v
l,l
oy,oy
q,q
n,ng
v,v
er,er
q,q
l,l
w,w
ax,ax
tcl,pcl
ae,ae
dh,dh
r,r
s,s
l,l
kcl,tcl
iy,iy
l,l
sh,sh
hv,hv
k,k
pcl,tcl
s,s
n,n
l,l
oy,oy
t,t
d,t
ch,jh
axr,axr
eh,eh
t,t
iy,iy
s,s
ay,ay
pcl,pcl
ch,ch
ix,ix
dx,dx
f,f
ax,ax
v,v
v,w
pcl,pcl
k,k
iy,iy
b,d
ix,ix
ix,iy
r,r
n,n
hh,hh
ix,r
r,r
l,l
axr,axr
ow,l
ah,aa
m,m
l,l
n,n
aa,aa
ih,eh
q,q
ix,ix
eh,eh
n,n
s,s
hh,hh
l,l
k,g
ao,l
ux,ux
el,el
w,w
s,s
l,l
pcl,tcl
k,k
ng,n
eh,eh
ih,eh
dx,ix
w,bcl
tcl,tcl
tcl,tcl
ax,ax
dcl,m
s,s
ih,eh
tcl,tcl
s,s
r,r
p,p
r,r
s,s
sh,sh
en,n
k,k
ax,ix
n,n
p,p
ix,iy
ah,ah
sh,sh
f,dh
ax,ix
m,m
n,n
r,r
l,w
tcl,tcl
dh,dh
pcl,tcl
m,m
l,l
f,f
w,w
ih,ix
ix,y
dx,dx
bcl,dcl
l,l
m,m
s,z
n,n
ey,ey
m,m
er,er
l,l
pcl,pcl
n,n
tcl,tcl
s,s
ah,ah
ao,ao
t,t
dx,g
ae,ae
s,s
q,q
ax,l
ix,ix
pcl,tcl
ow,ow
s,s
l,l
q,tcl
r,r
r,r
nx,n
er,r
el,el
dh,n
g,g
ao,ao
iy,iy
n,m
dcl,tcl
w,w
iy,iy
aa,aa
kcl,kcl
eh,eh
t,t
t,z
t,t
n,tcl
ix,ix
kcl,kcl
l,l
m,m
l,l
hh,hh
ah,ah
d,d
dh,dh
bcl,bcl
s,s
tcl,tcl
v,v
r,r
pcl,pcl
z,z
s,s
tcl,tcl
n,n
dx,v
t,d
w,w
p,p
q,q
r,eh
l,l
pcl,pcl
s,s
oy,oy
ow,ow
k,k
ix,n
ix,ix
pcl,pcl
ax,ax
tcl,pcl
er,er
iy,ix
ax,ax
eh,eh
sh,sh
m,m
z,z
gcl,pcl
sh,sh
ix,ix
aa,ax
eh,eh
r,r
th,th
ax,q
q,q
t,dh
w,w
er,axr
pcl,pcl
ay,ay
p,p
ih,ix
iy,iy
ah,ah
ey,r
kcl,kcl
th,th
sh,sh
r,r
iy,iy
tcl,tcl
kcl,pcl
ah,ah
w,w
eh,ae
l,l
z,z
bcl,bcl
r,l
z,z
r,axr
bcl,pcl
m,m
eh,eh
ix,ix
ae,ae
k,k
aa,aa
ao,ao
ih,ih
ey,ey
kcl,tcl
w,w
dh,dh
ae,ae
dx,dx
th,tcl
r,r
ix,ix
l,l
tcl,dcl
l,l
ah,r
nx,l
f,f
ae,eh
r,r
n,n
ey,eh
z,z
iy,y
ae,ae
l,l
dh,dh
ao,ao
l,l
iy,iy
r,r
ey,ey
dcl,dcl
sh,sh
r,r
s,s
kcl,tcl
ih,ix
w,w
iy,ey
gcl,gcl
ah,ax
p,dh
f,f
s,s
r,r
iy,iy
ih,hv
ih,ix
dh,v
n,n
g,g
d,t
kcl,dx
iy,iy
s,s
kcl,pcl
ix,ax-h
ix,ix
iy,iy
l,l
ih,eh
l,l
n,n
ae,ae
uh,m
bcl,bcl
s,s
axr,axr
uh,ix
tcl,tcl
k,k
tcl,pcl
r,r
hv,hv
tcl,tcl
r,r
aa,aa
axr,axr
iy,iy
s,s
ao,aa
ux,ux
w,w
aw,aw
kcl,tcl
ix,m
iy,iy
ow,ow
ix,ax
ay,ay
er,er
iy,iy
l,l
uw,uw
ix,axr
eh,eh
ih,eh
ih,ih
el,el
ah,ix
uh,ux
iy,iy
q,q
d,t
ng,n
pcl,tcl
ae,ae
ih,ih
ix,ix
ow,ow
r,axr
tcl,pcl
ax,l
w,w
p,bcl
b,dh
n,n
n,n
pcl,pcl
t,hh
aa,aa
ao,ao
iy,ix
ng,n
ix,ix
ax,ax
aa,aa
eh,eh
iy,iy
r,r
n,n
axr,axr
er,r
kcl,kcl
dcl,tcl
z,z
dx,dx
ih,ix
s,s
th,kcl
l,l
l,l
f,f
el,el
ao,ao
ax,ax
ix,ix
kcl,tcl
m,m
ux,ux
m,m
r,r
ux,ih
v,v
ix,ix
ch,jh
kcl,tcl
iy,iy
ih,eh
t,jh
dcl,dcl
y,y
q,q
dcl,dcl
ng,ng
ix,ix
q,tcl
f,tcl
b,b
w,w
ey,ey
l,l
gcl,gcl
kcl,kcl
ix,ix
l,l
l,l
ix,ix
n,n
ix,ix
pcl,pcl
hh,hh
aa,aa
eh,eh
nx,n
m,m
ch,jh
n,n
axr,axr
q,q
s,s
ux,ux
l,l
ix,ix
dcl,gcl
k,k
dcl,tcl
aa,aa
ix,ix
aa,aa
w,w
w,w
ey,ey
v,v
ao,ao
uw,w
v,v
q,tcl
l,l
l,q
ae,ae
sh,sh
ae,ae
er,er
dh,t
aa,aa
iy,iy
pcl,pcl
r,r
eh,ix
s,s
gcl,kcl
jh,jh
r,r
ix,ix
aa,aa
ah,ix
dcl,dcl
ix,ix
n,m
ah,ah
dcl,tcl
ix,axr
m,m
l,l
s,s
pcl,bcl
l,l
s,s
s,s
sh,sh
tcl,tcl
ax,ax
iy,iy
iy,iy
iy,iy
iy,iy
gcl,dcl
sh,sh
ay,ay
nx,nx
w,m
ay,ay
dcl,dcl
en,n
axr,ix
n,n
s,s
v,v
ow,ow
oy,oy
s,s
ah,ax
ih,q
q,q
s,s
tcl,tcl
ix,ix
f,f
q,q
w,w
s,s
eh,eh
er,er
ow,l
n,n
v,dcl
uw,uw
dcl,tcl
l,l
s,s
t,t
gcl,gcl
f,f
r,r
r,r
f,f
dcl,dcl
r,r
ax,ix
dcl,dcl
uh,ax
ux,ux
s,s
v,v
ux,ux
f,dh
iy,iy
tcl,tcl
jh,sh
iy,iy
f,f
tcl,tcl
ix,ix
m,m
l,l
er,er
ix,ix
m,n
y,iy
ch,ch
ax,ax
kcl,dcl
ow,ao
aa,aa
ow,ow
y,y
v,v
dx,dx
q,q
m,m
ow,ao
ay,ay
ey,iy
z,z
f,f
n,nx
dx,dx
aa,ao
gcl,gcl
l,l
eh,eh
q,q
z,z
ix,n
s,s
iy,iy
ao,ao
sh,sh
hv,hv
r,r
n,n
w,w
tcl,q
q,q
v,v
iy,iy
ao,l
l,l
ae,ae
y,iy
ae,ae
ao,ah
k,k
n,n
l,l
uw,w
r,r
dx,ng
ow,l
tcl,tcl
y,y
iy,iy
r,r
l,l
ax,ah
t,t
nx,n
hh,hv
l,l
y,ux
ux,ux
n,n
z,z
pcl,tcl
r,r
n,ng
w,w
w,w
ix,ix
m,m
tcl,tcl
ao,ao
dcl,dcl
l,l
n,en
em,m
ah,ah
l,w
f,f
ao,ao
ao,ao
l,l
dh,dh
ix,ix
eh,eh
r,r
z,z
l,l
er,axr
s,s
l,el
kcl,kcl
t,s
n,en
m,m
ux,ux
aa,aa
axr,axr
r,r
n,n
er,er
tcl,tcl
s,s
ux,ux
z,z
kcl,gcl
dcl,dcl
s,s
kcl,dh
dcl,dcl
uh,uh
n,n
m,m
l,v
kcl,tcl
m,m
m,m
k,k
ow,ow
q,q
n,n
sh,sh
r,n
kcl,gcl
s,s
iy,iy
r,r
gcl,m
ae,eh
eh,eh
g,g
tcl,tcl
s,s
v,pcl
t,t
p,p
l,l
f,f
ih,ih
ae,aw
ow,ow
n,n
bcl,bcl
dh,l
kcl,kcl
aa,ah
aw,aw
z,z
dh,dh
n,n
en,m
ax,ax
ih,ix
eh,eh
w,w
sh,s
axr,axr
tcl,tcl
dcl,ng
p,hh
gcl,gcl
dh,dh
q,y
ow,el
aw,aw
ey,ey
r,r
tcl,tcl
axr,r
r,r
ax,ax
ix,ix
kcl,kcl
l,w
q,q
k,k
ng,n
n,n
r,r
v,tcl
m,m
ux,ux
s,s
axr,axr
t,t
ey,ey
ax-h,tcl
ix,ix
k,k
ey,ey
kcl,tcl
tcl,kcl
aa,ah
ao,ao
k,k
th,pcl
sh,sh
kcl,kcl
eh,dh
dh,hh
ux,ux
ah,eh
r,r
hv,hv
axr,er
axr,axr
n,n
th,th
n,q
ng,ng
eh,ix
s,s
f,f
er,r
iy,y
jh,jh
d,t
v,gcl
w,w
t,t
pcl,pcl
aa,ao
n,n
r,r
iy,iy
v,v
z,z
eh,ix
ey,iy
eh,eh
tcl,tcl
ae,ae
r,axr
s,s
g,g
ix,ix
aw,l
bcl,bcl
oy,oy
eh,eh
f,f
oy,oy
s,s
l,l
z,s
z,z
ix,v
er,eh
ae,ae
tcl,kcl
t,t
kcl,kcl
p,hh
ay,ay
t,t
n,n
hv,hv
f,f
iy,iy
k,k
n,n
s,s
tcl,tcl
kcl,tcl
ow,ow
ix,ix
q,q
eh,eh
iy,iy
v,v
tcl,tcl
ae,eh
dcl,en
iy,iy
er,axr
axr,r
nx,l
n,m
d,dh
tcl,tcl
nx,dh
s,s
ah,ah
ay,ay
s,sh
k,g
n,n
n,n
ah,ih
oy,oy
aa,aa
t,t
s,s
iy,ey
l,l
aa,aa
iy,iy
dx,dx
q,q
ae,ae
l,l
kcl,pcl
t,t
ih,ix
ix,ix
y,y
q,n
v,v
aa,ao
k,k
m,m
p,hh
n,n
w,w
gcl,tcl
aa,ae
ao,ao
ix,iy
ax,ax
l,l
aa,aa
p,p
f,f
tcl,tcl
t,t
ao,ao
ix,ix
eh,eh
ay,ay
f,f
l,l
ey,ey
w,w
tcl,m
w,w
s,s
k,k
p,p
uh,uh
p,p
ey,ey
z,z
bcl,v
k,k
kcl,kcl
s,z
f,f
n,n
s,s
ih,ix
r,m
l,l
hv,hv
z,z
ih,ix
z,z
th,th
s,sh
k,k
ix,ix
ng,m
z,z
y,r
l,l
iy,iy
s,s
el,el
ix,ix
er,axr
l,l
n,n
r,r
uh,ax
l,l
axr,axr
ng,n
er,axr
sh,sh
axr,axr
iy,iy
eh,ix
axr,axr
er,er
s,s
n,n
axr,axr
l,l
pcl,tcl
n,n
n,n
ae,ae
g,g
f,pcl
n,n
eh,ix
f,v
k,k
z,zh
g,w
s,s
iy,iy
w,w
sh,sh
ix,nx
axr,axr
ay,ay
n,n
m,l
tcl,pcl
ix,ix
tcl,dcl
k,k
ih,ix
ao,ao
axr,axr
iy,ix
l,l
dh,dh
n,ng
n,n
l,l
l,l
z,s
z,s
iy,iy
q,q
tcl,tcl
ih,ih
eh,ih
z,s
ch,ch
iy,iy
r,r
bcl,tcl
s,z
k,ng
sh,sh
sh,sh
bcl,bcl
d,d
ix,ix
kcl,kcl
ix,ih
s,s
ax,ax
d,d
l,l
k,k
l,l
ah,ah
axr,axr
kcl,tcl
f,f
m,m
r,ax
ae,ae
ix,ix
l,l
dh,dh
aa,aa
ae,ae
r,r
en,n
ih,l
m,n
f,v
tcl,bcl
axr,axr
iy,iy
iy,iy
hv,hv
ay,ay
hv,hv
hv,hv
n,m
ix,ax
gcl,gcl
ae,ae
eh,eh
n,n
r,r
axr,ix
iy,iy
v,v
ey,ey
ah,ah
ey,iy
l,l
w,w
y,y
ax,ax
z,s
iy,r
iy,ih
k,k
k,k
g,k
r,r
bcl,gcl
w,w
ae,ae
n,m
k,g
n,n
axr,axr
ae,aw
ax,ax
ow,ow
ix,ix
uw,ux
r,r
r,r
p,p
aa,ae
pcl,tcl
ey,ey
s,s
dcl,dcl
w,w
f,v
y,y
m,n
r,r
f,hh
aw,aw
ah,r
s,s
eh,ey
l,w
eh,eh
ao,ao
ih,ih
eh,ae
axr,axr
el,el
uh,ih
n,m
eh,ae
k,g
pcl,pcl
ux,ix
ix,ux
bcl,bcl
w,w
ng,ng
w,w
ix,ix
dcl,dx
l,l
ix,ih
ng,ng
z,z
eh,eh
tcl,tcl
ey,ey
ih,eh
g,k
eh,eh
axr,gcl
s,s
f,v
w,q
sh,sh
axr,r
kcl,kcl
s,s
w,w
nx,n
p,p
l,l
eh,eh
ih,ih
l,l
axr,er
t,t
d,t
ax,ah
iy,iy
axr,axr
er,axr
th,th
k,hh
s,z
ax,ax
n,n
v,v
ah,ah
n,n
ix,ix
l,l
q,q
ix,axr
r,r
ow,ow
ah,eh
y,iy
k,k
s,s
iy,iy
y,y
k,k
z,z
ix,ix
hh,hh
tcl,tcl
q,q
k,k
aa,aa
q,q
ux,ux
ao,w
ax,ax
eh,eh
w,w
k,k
l,l
r,r
r,r
ax,axr
ey,ey
s,s
iy,iy
l,l
ay,ay
dx,tcl
dx,dx
eh,eh
tcl,tcl
ah,ah
w,w
m,n
dcl,bcl
l,l
z,z
v,v
ng,m
v,dh
ao,ao
ay,ay
hv,hv
n,n
f,f
f,f
uw,uw
iy,iy
ow,ow
n,n
t,t
kcl,kcl
w,w
l,l
gcl,gcl
iy,iy
q,bcl
y,y
ey,ix
ix,r
r,r
n,ix
kcl,kcl
r,r
l,q
k,k
k,k
ay,ay
n,m
k,g
bcl,dcl
s,s
s,s
z,z
s,z
gcl,gcl
ax,w
l,l
z,z
r,r
tcl,tcl
iy,ix
hv,hv
ax,l
z,z
iy,iy
ih,ix
eh,ae
r,r
ay,ay
ao,ao
iy,iy
ih,eh
r,r
r,r
pcl,pcl
t,t
hv,hv
iy,iy
n,em
kcl,kcl
k,k
tcl,pcl
l,l
eh,eh
s,s
ow,ow
ay,aa
tcl,tcl
tcl,tcl
s,z
iy,iy
q,q
en,en
ih,ih
tcl,tcl
s,s
ax,ax
ao,ao
dcl,tcl
n,en
ow,ow
ae,ae
gcl,dcl
ih,y
dcl,dcl
dcl,gcl
ae,ae
l,w
ao,ao
ah,ah
sh,sh
k,g
v,v
aa,aa
q,q
iy,y
ng,n
ey,ey
f,f
gcl,gcl
iy,ix
tcl,tcl
ay,ay
bcl,gcl
z,z
iy,ux
hh,ax-h
iy,hv
dh,dh
dx,dx
er,axr
ih,ih
ix,ix
en,en
r,r
eh,eh
uw,ux
m,m
bcl,dcl
nx,nx
ao,ao
kcl,kcl
bcl,bcl
iy,iy
ow,ow
ey,ey
aa,r
ix,ix
ow,el
y,y
s,s
iy,iy
r,r
sh,sh
n,gcl
s,s
gcl,gcl
tcl,kcl
s,s
dcl,dcl
gcl,gcl
ix,ix
v,v
s,s
ay,ay
n,m
ao,ao
l,l
z,z
tcl,tcl
z,z
k,k
ix,ix
m,m
p,p
k,k
bcl,bcl
eh,eh
r,r
iy,l
kcl,kcl
y,y
k,f
m,n
s,s
s,s
ao,ao
gcl,m
er,axr
s,s
ey,ey
ix,ix
ix,ix
r,r
iy,ix
r,r
er,axr
q,q
kcl,kcl
ih,ix
r,r
ah,ah
en,em
ih,iy
ix,ix
axr,axr
aa,ah
eh,eh
m,m
n,ng
kcl,tcl
n,m
hh,hh
kcl,kcl
sh,sh
ow,ow
ae,ae
ix,ix
w,w
l,l
ch,ch
v,v
dh,v
er,er
n,n
k,k
n,n
ih,ih
dx,dx
jh,jh
er,er
k,k
r,r
ey,ey
pcl,dh
aw,aw
w,w
er,axr
dh,m
aw,aa
ao,ao
l,l
ax,ax
tcl,tcl
iy,iy
ix,ix
ae,ae
eh,eh
t,t
ao,w
q,q
hh,hh
g,g
y,y
q,q
w,w
iy,iy
iy,iy
sh,sh
ae,ae
s,s
iy,iy
jh,jh
kcl,bcl
ax,ax
t,t
ih,ix
ay,ay
t,t
aa,aa
y,y
z,z
iy,ih
q,q
iy,iy
axr,axr
ix,ix
y,y
v,v
l,ow
iy,ix
eh,ix
iy,iy
er,er
n,n
dx,dx
ey,ey
tcl,tcl
ix,r
ao,ao
f,v
eh,ih
ix,ix
ng,ng
ux,ux
v,v
k,k
tcl,kcl
n,en
ey,ey
eh,eh
n,ix
kcl,tcl
ey,ey
f,f
sh,sh
l,l
f,f
k,k
ch,sh
q,q
ng,ng
n,n
tcl,tcl
m,m
y,y
s,s
ax,ix
dcl,dcl
kcl,tcl
ix,ix
iy,iy
n,n
f,f
eh,eh
dx,v
tcl,dcl
sh,sh
ih,ih
sh,sh
kcl,kcl
aw,ae
kcl,pcl
z,z
dcl,dcl
y,y
pcl,pcl
dx,dh
hh,hh
v,v
v,v
sh,sh
n,n
s,s
gcl,n
n,n
ix,v
n,n
bcl,dcl
w,w
w,w
n,n
l,l
r,axr
eh,eh
eh,ih
l,l
ux,ux
ae,ae
ae,ae
tcl,tcl
ch,t
kcl,kcl
l,l
k,t
y,y
r,r
n,n
gcl,gcl
t,jh
iy,iy
l,l
q,q
eh,eh
dx,y
ey,ey
eh,eh
w,w
ix,ix
hh,hh
z,s
tcl,dcl
t,t
f,f
q,q
iy,l
ae,ae
k,k
w,w
r,r
eh,eh
ae,ae
s,s
n,m
iy,iy
s,s
ae,ae
m,m
ao,w
ix,ix
d,tcl
tcl,tcl
ae,ae
r,ix
hv,hv
w,w
t,t
ao,ao
axr,axr
n,n
iy,iy
y,y
r,r
kcl,kcl
sh,sh
ae,ae
tcl,tcl
kcl,n
t,d
axr,axr
kcl,tcl
gcl,gcl
r,r
tcl,tcl
f,f
kcl,pcl
iy,iy
ah,ah
er,er
z,z
ux,r
m,m
t,ch
ah,r
ih,ih
tcl,tcl
ae,ae
gcl,gcl
l,l
n,m
ix,ix
l,l
n,n
tcl,dcl
n,n
tcl,kcl
oy,oy
r,r
ae,ae
bcl,m
tcl,tcl
l,l
ah,ah
ih,ih
jh,sh
pcl,pcl
hv,hv
w,w
dcl,dcl
ao,ao
ih,ix
m,m
t,t
ow,ao
w,w
p,p
ax,ax
s,s
jh,sh
g,gcl
n,n
ix,ix
dx,dcl
ah,aa
w,w
iy,iy
y,y
axr,axr
tcl,tcl
l,l
s,s
w,w
ax,ax
l,l
ah,ah
aa,ah
hv,hv
iy,iy
dh,f
iy,iy
tcl,tcl
er,r
r,r
dx,dx
tcl,tcl
p,p
p,p
ey,ey
tcl,tcl
uw,ih
ix,ux
z,z
ao,ao
iy,iy
l,l
ay,ay
s,s
w,w
hv,hv
iy,iy
m,m
ah,ah
iy,iy
iy,iy
z,z
pcl,pcl
axr,axr
dcl,tcl
dcl,gcl
eh,eh
ix,ix
n,n
ix,n
ay,ay
jh,d
ah,ax
ao,ao
f,f
axr,axr
tcl,kcl
n,n
ix,ax
ey,ey
r,r
ae,ae
dcl,dcl
eh,eh
ae,ae
dcl,n
ax,bcl
axr,axr
kcl,kcl
dcl,gcl
dh,dh
l,l
ay,ay
tcl,tcl
ux,ux
tcl,tcl
sh,sh
ao,ao
kcl,kcl
kcl,kcl
tcl,bcl
iy,iy
er,er
s,s
dh,dh
dx,dh
iy,iy
jh,jh
ix,ax
t,tcl
q,q
k,k
s,s
ix,ng
t,t
f,th
n,n
nx,n
s,s
aa,ao
ih,ix
ix,ix
ey,ey
f,f
iy,iy
ih,ix
axr,axr
m,m
d,hh
ih,ih
hv,hv
er,er
eh,eh
l,l
m,m
f,f
jh,y
pcl,pcl
aa,ao
ih,ih
ih,ix
l,l
l,dh
th,th
ix,ix
ih,iy
er,axr
k,k
ih,ix
eh,eh
r,r
eh,r
ix,ix
ih,iy
gcl,gcl
ux,ux
y,y
s,s
eh,ae
n,ng
axr,axr
r,m
ch,t
k,k
axr,axr
ix,ix
r,r
m,m
k,k
s,s
ax-h,n
iy,iy
z,z
eh,ax
kcl,kcl
l,l
ax,ix
k,g
ey,ey
v,v
n,m
iy,ih
ao,ao
kcl,kcl
r,r
axr,axr
k,k
ao,aa
f,f
ax-h,ax-h
s,s
er,er
v,v
y,y
ih,iy
ix,ax
l,l
v,m
axr,ix
y,y
tcl,tcl
z,z
ao,oy
m,m
ow,ow
er,eh
kcl,tcl
t,d
axr,axr
dx,ux
iy,iy
th,th
l,l
ay,ay
tcl,tcl
m,m
ow,ow
axr,r
ix,ix
sh,sh
m,m
g,g
ix,ng
dx,dx
axr,axr
eh,eh
pcl,tcl
ae,eh
dh,dh
aa,r
q,ix
l,l
dcl,tcl
l,l
dx,nx
ao,ao
r,r
ax,ax
kcl,kcl
ae,eh
k,k
ax,ix
gcl,dcl
axr,axr
dx,dx
kcl,pcl
ah,ah
iy,iy
q,q
kcl,tcl
nx,n
uh,uh
iy,iy
s,s
ch,jh
p,p
r,r
m,m
ng,ng
iy,iy
ax,r
dx,dx
er,er
uw,ux
r,r
s,s
f,f
s,z
hh,hh
gcl,dcl
q,q
w,w
ow,ow
l,w
ey,ey
eh,eh
m,m
ae,ae
ow,ow
eh,ix
s,s
ih,ih
s,s
aa,aa
ay,ay
t,t
hh,hh
y,y
tcl,dcl
r,r
ax,ax
p,p
v,v
iy,iy
hh,hh
s,s
ix,ix
ix,ih
hv,hv
el,el
hh,hh
ow,el
jh,jh
gcl,dcl
bcl,bcl
ax,el
m,m
w,w
sh,sh
ih,ix
m,m
ao,ao
f,v
ix,ix
m,m
ih,ih
ix,ix
eh,r
ey,ey
r,r
m,m
ae,ae
ng,ng
ax,n
n,b
uw,r
ey,hv
uh,ix
t,t
n,n
n,n
iy,iy
kcl,tcl
ih,ih
ax,q
ax,el
n,n
gcl,gcl
axr,ix
ae,ae
ay,ay
k,k
ix,iy
aa,ao
r,r
ch,ch
ow,ow
f,f
tcl,kcl
aa,aa
w,w
eh,eh
gcl,dcl
bcl,gcl
n,m
m,m
k,k
r,r
s,s
kcl,kcl
k,g
aa,aa
kcl,kcl
aa,aa
gcl,gcl
ux,iy
kcl,kcl
axr,axr
s,s
ix,ix
dx,dx
axr,axr
ah,ax
ux,ix
y,y
hh,iy
z,z
bcl,gcl
axr,axr
er,r
axr,ix
hv,hv
eh,ix
f,f
dcl,dcl
r,r
r,r
n,n
iy,iy
ae,ae
ix,axr
g,g
bcl,gcl
tcl,tcl
f,f
ix,ix
el,el
s,s
kcl,kcl
l,l
ao,ao
q,q
kcl,pcl
r,m
m,m
ix,ix
m,m
m,m
l,l
v,v
jh,jh
m,m
l,l
kcl,tcl
ng,m
iy,iy
m,m
v,tcl
d,d
ey,ix
ey,ey
m,gcl
tcl,tcl
ay,aa
ux,ux
iy,iy
f,f
ay,ay
iy,iy
ih,ih
r,r
r,r
m,m
s,s
p,p
ix,ix
ay,ay
m,dcl
r,r
th,th
ix,ix
el,el
ix,ix
y,y
r,r
gcl,gcl
axr,axr
ao,aa
q,q
iy,iy
s,s
t,hh
iy,iy
t,t
tcl,q
aa,ao
ow,l
l,l
tcl,pcl
kcl,gcl
er,er
y,y
d,d
n,n
k,k
t,t
n,n
l,l
k,k
s,s
iy,iy
ix,ix
y,y
q,q
n,n
l,l
n,n
aa,aa
ax,ix
s,s
z,s
r,v
tcl,q
k,k
jh,v
dcl,bcl
ao,ao
ao,ao
n,n
q,q
gcl,kcl
t,t
iy,iy
f,f
uw,ux
kcl,pcl
ow,aw
ix,eh
kcl,gcl
sh,sh
tcl,pcl
ch,ch
iy,iy
ay,ay
pcl,pcl
f,f
ax,ax
tcl,tcl
tcl,pcl
w,w
aw,aw
iy,iy
ae,ae
ao,l
ay,ay
ih,ix
el,l
dcl,gcl
iy,iy
z,z
p,hh
n,el
z,z
ux,ux
ax,ix
aa,aa
ao,ao
s,s
w,w
l,l
kcl,tcl
s,s
p,p
hv,hv
eh,ae
axr,r
iy,iy
z,z
ax,ih
f,p
n,n
tcl,tcl
hv,hv
sh,sh
l,l
dx,gcl
m,m
ax,ax
iy,eh
sh,sh
bcl,m
z,z
ao,ao
ao,ao
z,z
z,z
z,z
ey,ey
p,p
er,axr
d,dh
s,s
l,l
ix,axr
s,s
ey,ey
ix,ix
aa,aa
m,n
ey,ae
f,f
s,s
ix,l
dcl,tcl
ow,ow
ix,m
k,k
f,f
w,w
tcl,n
dcl,dcl
d,d
kcl,kcl
bcl,bcl
dx,dh
iy,iy
ix,ix
s,s
k,k
er,er
ow,ow
m,m
jh,jh
eh,eh
z,s
ae,ae
ae,ae
ux,ux
iy,iy
el,el
q,tcl
ow,ow
m,m
k,k
kcl,tcl
dcl,m
l,l
ax,ix
ae,eh
tcl,pcl
q,q
axr,axr
dcl,n
ay,ay
ux,ux
iy,iy
s,s
ow,ow
y,y
pcl,kcl
tcl,dcl
v,v
ow,ow
kcl,tcl
ao,ao
bcl,bcl
s,s
r,r
v,m
ao,ao
q,q
axr,axr
s,s
ix,iy
tcl,tcl
ax,ax
r,r
f,f
ah,ah
s,s
ey,iy
l,l
l,l
ng,ng
ch,sh
oy,oy
z,s
ao,aa
m,m
iy,iy
dh,dh
y,iy
ix,iy
q,q
s,s
pcl,pcl
m,l
t,t
v,v
p,p
er,er
ao,ao
dh,dh
iy,iy
ix,ix
kcl,gcl
f,f
eh,eh
r,m
q,q
ah,ae
r,r
zh,sh
ah,l
z,z
l,l
tcl,tcl
t,t
ih,ih
aa,aa
p,p
d,t
k,k
ih,ix
t,t
v,v
aa,ah
ae,ae
d,d
ay,ay
el,el
ih,iy
k,k
g,g
ey,ey
tcl,tcl
s,s
s,s
kcl,pcl
f,f
l,l
k,k
aa,aa
ng,ng
aa,ao
s,s
ix,ix
ix,ix
ax-h,hh
tcl,tcl
gcl,tcl
d,t
q,q
eh,eh
n,m
iy,iy
ih,ix
axr,axr
tcl,tcl
ix,ix
ih,ix
f,f
ao,ao
ae,ae
ah,eh
eh,ih
pcl,pcl
s,s
ao,ao
q,dh
uw,uw
en,m
l,l
ax,ah
n,n
ix,ix
iy,y
ao,ao
q,q
ax,ah
tcl,tcl
v,v
t,t
ao,aa
dx,dx
n,n
z,s
aa,ae
nx,n
w,w
iy,y
hh,hh
s,s
ae,eh
ix,ix
t,t
ao,aa
ey,ey
l,l
ix,iy
dcl,gcl
k,k
eh,eh
s,z
ay,ay
t,g
s,s
y,y
l,l
pcl,pcl
nx,n
el,ao
l,l
f,f
l,l
s,s
t,t
ao,ao
ix,ix
ao,m
pcl,pcl
jh,sh
dcl,tcl
kcl,kcl
f,f
n,m
jh,jh
nx,dx
dcl,dcl
ih,ih
dx,dx
nx,n
s,s
s,s
r,r
bcl,tcl
n,ng
ax,m
aa,aa
ix,ix
l,l
iy,y
r,r
z,hh
ix,ix
nx,n
ih,iy
s,s
n,gcl
ae,ae
sh,sh
ix,axr
r,r
ay,ay
m,ng
k,k
dcl,gcl
n,n
w,w
axr,er
aw,aw
eh,eh
l,l
bcl,bcl
ux,ux
axr,axr
ey,ey
w,w
ix,ix
ay,ay
k,k
iy,iy
ao,ao
sh,sh
dh,v
ey,ix
y,axr
ux,ux
ae,ae
ey,ey
ae,ae
s,s
k,k
ax,ax
t,t
eh,q
k,k
ax,ax
ux,ux
ao,ao
kcl,kcl
g,g
bcl,bcl
dcl,dcl
kcl,kcl
th,th
k,g
tcl,tcl
w,w
t,t
ah,ah
z,z
n,n
sh,sh
ix,axr
iy,iy
iy,iy
q,q
l,q
l,l
tcl,ix
l,l
dcl,tcl
bcl,tcl
n,n
tcl,tcl
s,s
ae,ae
n,n
axr,axr
tcl,tcl
g,g
l,l
w,w
ix,ix
axr,axr
kcl,tcl
g,g
sh,sh
kcl,kcl
ae,ae
tcl,tcl
m,m
ng,m
ae,ae
s,s
ix,q
k,k
l,l
kcl,kcl
bcl,dcl
s,s
w,w
n,n
m,m
er,er
f,f
ix,hv
z,z
ey,ay
ax,ax
sh,sh
p,dh
iy,ux
s,s
m,ng
m,m
ay,ay
l,l
iy,iy
eh,eh
z,z
z,z
dx,d
eh,eh
n,n
q,w
l,l
iy,iy
iy,iy
ay,ae
p,n
tcl,n
p,p
t,t
ix,ix
r,r
tcl,tcl
w,w
kcl,kcl
ix,ix
iy,iy
w,v
ux,ux
ey,ey
ng,gcl
f,f
k,t
iy,iy
m,n
m,m
aa,ao
z,z
z,z
s,s
r,r
ih,ih
g,y
s,s
kcl,kcl
iy,iy
q,q
kcl,pcl
kcl,kcl
iy,iy
eh,ih
tcl,tcl
y,y
ix,ix
tcl,tcl
s,s
ae,eh
ao,ao
aw,aw
eh,eh
ng,ng
kcl,kcl
eh,eh
t,t
iy,iy
ix,axr
ih,ih
ch,jh
n,n
m,m
s,s
f,f
ix,iy
axr,axr
iy,ix
q,q
tcl,tcl
k,k
ix,ix
pcl,n
m,m
n,n
kcl,kcl
s,s
jh,jh
axr,axr
p,b
g,g
ax,l
ix,n
iy,iy
r,axr
ey,ey
n,n
k,k
ih,ih
l,w
ih,ih
iy,iy
iy,iy
q,q
y,y
ix,ix
hv,hv
ch,jh
w,l
uw,uw
ix,ix
iy,ih
m,m
ey,ey
dh,tcl
n,ng
aa,ao
ow,l
z,z
l,l
y,y
ey,ey
r,r
p,p
s,s
q,q
m,m
axr,axr
f,f
eh,eh
n,n
hh,hh
l,l
ae,ae
kcl,tcl
kcl,tcl
iy,iy
z,z
ix,ix
s,s
ix,ix
r,r
tcl,tcl
ay,ay
ih,eh
tcl,tcl
ix,ix
dh,dh
axr,axr
uh,ix
ey,ix
s,s
q,q
t,t
r,ix
pcl,tcl
r,r
em,em
ax,v
iy,iy
r,r
s,s
y,y
w,w
kcl,pcl
s,s
dx,dx
ae,ae
ao,aa
t,t
m,n
m,m
ih,eh
ax,w
p,k
kcl,tcl
ow,ow
er,axr
ih,iy
ix,ix
l,l
q,q
s,s
jh,d
ng,ng
ae,ae
ah,ow
el,el
tcl,tcl
r,axr
ch,sh
p,p
r,r
k,k
bcl,bcl
ih,el
y,y
f,f
v,v
eh,eh
s,s
pcl,pcl
bcl,bcl
ih,ih
ax,ah
l,l
t,t
er,axr
ah,ax
iy,iy
ix,ix
l,r
dcl,tcl
ax,ah
ao,ao
dh,dh
iy,ih
ix,ix
en,en
tcl,tcl
l,n
iy,ux
iy,iy
l,l
s,s
l,l
ix,ix
z,s
bcl,dcl
tcl,tcl
hh,hh
s,s
ao,ao
k,k
l,l
iy,iy
ih,ih
v,r
ix,ix
k,g
sh,sh
n,m
v,v
s,s
ow,ow
iy,iy
s,s
iy,iy
ch,sh
w,w
dcl,dcl
n,n
q,q
pcl,pcl
ix,ix
ao,ao
kcl,kcl
l,l
ix,ux
w,w
r,r
kcl,kcl
s,s
z,z
dh,v
l,l
dh,dh
d,dh
s,s
pcl,pcl
l,l
k,k
ix,ix
ey,ey
dh,b
tcl,pcl
z,z
iy,iy
f,f
ae,ae
er,r
ey,iy
axr,axr
g,g
bcl,bcl
m,m
er,er
uw,m
tcl,kcl
eh,ah
ih,y
n,n
ao,ao
n,n
gcl,dcl
aa,ae
m,n
ax,r
z,z
el,el
iy,iy
s,z
n,n
tcl,tcl
r,r
s,s
g,g
n,n
f,f
k,k
iy,iy
ae,ae
axr,axr
en,n
iy,iy
ax,uw
eh,eh
m,m
z,s
axr,axr
l,l
el,el
ix,ux
iy,ux
iy,iy
kcl,dcl
q,q
m,m
l,l
s,s
er,er
ux,iy
ih,ih
axr,axr
dcl,gcl
n,n
ae,ae
ih,ix
er,er
ix,ix
q,q
ah,ih
t,k
ix,ix
t,t
w,w
ix,ix
oy,oy
bcl,pcl
iy,iy
d,v
ch,sh
el,el
aa,ao
jh,t
w,w
iy,iy
y,iy
ax,ax
th,f
gcl,kcl
s,s
l,l
ax-h,m
g,g
z,z
k,k
g,k
eh,eh
n,n
l,l
r,r
ay,ay
aa,eh
n,hv
dcl,dcl
l,l
pcl,pcl
axr,axr
ax,ix
l,l
ng,ng
uh,el
r,r
w,w
iy,iy
l,l
ih,ix
gcl,gcl
k,k
ah,ah
ay,ay
n,l
ao,ao
t,t
z,z
q,q
ih,axr
n,n
s,f
iy,iy
s,s
l,l
ix,ix
gcl,g
eh,ah
ix,ix
r,r
q,q
w,l
nx,n
sh,sh
k,k
tcl,gcl
hv,hv
ax,ix
q,ix
ng,ng
s,s
ix,l
tcl,tcl
pcl,pcl
ax,ix
r,r
bcl,tcl
ix,ix
iy,iy
s,s
er,er
pcl,tcl
s,s
r,r
el,w
f,pcl
uh,uh
s,s
gcl,gcl
ae,ae
uh,uh
iy,iy
ao,ao
kcl,tcl
eh,eh
tcl,tcl
sh,sh
ay,ay
z,z
ih,ih
l,l
kcl,kcl
dh,dh
ah,ao
dx,dx
s,s
w,w
r,r
pcl,pcl
iy,iy
r,r
d,d
ah,ix
eh,eh
dh,dh
kcl,tcl
r,v
ix,v
hv,hv
dcl,dx
tcl,tcl
ix,ix
g,k
ah,ah
t,t
tcl,pcl
ey,ey
ow,ow
r,r
ah,ah
p,p
ao,aa
aa,aa
r,r
kcl,kcl
z,z
ix,ix
w,w
y,iy
ae,ae
dcl,dcl
aw,ae
k,kcl
th,dh
aa,aa
w,w
n,ng
jh,jh
ix,ix
ix,l
eh,eh
eh,eh
sh,sh
dx,dx
dh,dh
ix,ux
s,s
iy,iy
l,l
ae,ae
ah,ah
q,q
uh,ao
pcl,tcl
sh,s
l,l
sh,sh
ix,ix
aa,ah
s,s
l,l
ae,ae
ah,ah
ix,ix
er,axr
kcl,kcl
tcl,kcl
ay,ay
sh,sh
z,z
aa,ao
el,el
m,m
s,s
hh,hh
k,k
kcl,kcl
ix,ix
iy,ux
pcl,pcl
pcl,bcl
z,s
n,n
axr,r
d,y
iy,iy
r,r
k,g
ao,ao
s,z
dcl,gcl
dx,dx
axr,ux
kcl,gcl
l,l
s,s
r,r
ax,ix
ix,ix
gcl,n
em,m
z,s
eh,ix
eh,eh
z,jh
bcl,gcl
ae,ae
tcl,pcl
k,k
z,z
n,n
ih,ih
iy,iy
dcl,dcl
z,z
dcl,tcl
ix,ix
axr,ux
ae,eh
ae,ae
bcl,bcl
ow,eh
ae,ae
v,v
ih,ix
r,r
ao,ao
ix,ix
ax,axr
tcl,tcl
nx,dx
l,l
l,l
th,f
ah,ah
ih,ih
hh,hh
ao,ao
ch,t
ah,ah
s,s
r,q
n,n
ux,y
ix,ix
zh,zh
ih,eh
q,q
aa,ay
dh,n
n,n
pcl,dcl
aa,aa
bcl,bcl
l,l
ay,ay
k,k
jh,jh
v,bcl
n,n
ae,ae
q,q
n,ng
ix,ax
ae,ae
s,s
bcl,dcl
tcl,tcl
t,t
ax,n
axr,axr
eh,eh
er,axr
s,s
aa,aa
r,r
ng,n
kcl,kcl
kcl,kcl
s,s
ih,ix
aw,aw
axr,axr
ih,eh
r,q
n,n
ae,ae
dcl,tcl
kcl,gcl
eh,ah
bcl,bcl
s,s
sh,sh
r,r
axr,er
ao,aa
eh,eh
p,v
ax,ax
ey,ey
eh,eh
jh,jh
el,el
ao,aa
tcl,dcl
tcl,tcl
er,er
ey,iy
tcl,kcl
f,f
ah,aa
tcl,tcl
pcl,bcl
eh,ae
n,ng
iy,iy
ix,m
r,r
r,r
q,q
er,axr
ae,ae
pcl,pcl
ix,ax
hv,v
kcl,kcl
eh,ix
n,bcl
axr,er
hv,hv
ix,eh
z,z
ae,ae
z,s
ng,m
ow,ow
ih,ix
dh,n
kcl,pcl
ay,ay
oy,oy
ix,v
f,f
pcl,tcl
ax,ax
l,l
ux,ux
l,l
w,w
p,p
m,m
ay,ay
ix,ix
ae,ae
bcl,bcl
eh,ae
q,q
iy,iy
w,w
l,l
iy,iy
th,th
ch,ch
s,s
r,r
r,r
bcl,pcl
y,hv
ae,ae
eh,r
pcl,pcl
eh,ix
n,n
ix,ix
n,m
r,r
n,n
f,v
iy,iy
ay,ay
t,t
sh,sh
tcl,tcl
p,p
axr,ix
gcl,gcl
r,r
eh,eh
t,d
ih,eh
l,l
ix,ix
q,q
eh,y
er,axr
uh,ux
bcl,tcl
aa,aa
ah,ah
ch,ch
er,er
tcl,tcl
ay,ay
ah,ax
jh,jh
p,hh
kcl,tcl
ey,ey
g,g
s,s
eh,eh
tcl,tcl
ay,ay
tcl,v
tcl,dh
jh,jh
ow,ow
k,k
tcl,tcl
w,w
axr,axr
pcl,tcl
n,n
sh,sh
n,n
d,d
ey,ey
n,n
ah,ah
ey,ey
iy,iy
aa,aa
pcl,pcl
ng,ng
tcl,tcl
hh,g
eh,ih
iy,iy
ng,ng
ix,ix
ax,ax
l,l
l,l
gcl,dcl
ah,l
ah,ah
ae,ae
en,en
hv,hv
ax,ih
jh,jh
gcl,gcl
ey,ey
iy,iy
ao,ao
p,p
eh,eh
kcl,gcl
ao,ao
axr,axr
ix,ix
ax,l
iy,iy
ih,ih
r,r
ng,ng
p,p
ix,ix
kcl,kcl
iy,iy
ih,ih
p,hh
t,t
t,t
axr,ux
bcl,dcl
n,m
ix,axr
z,z
p,b
l,l
k,k
axr,axr
s,s
tcl,tcl
dx,dh
kcl,kcl
t,t
r,r
nx,n
n,n
el,el
p,p
ah,ah
ix,r
ow,ow
ix,ix
dx,dcl
aw,ao
dx,dx
s,s
kcl,kcl
dh,dh
dcl,tcl
d,k
p,p
tcl,tcl
sh,sh
l,l
el,w
ah,axr
gcl,gcl
axr,r
dcl,dcl
axr,r
z,v
ae,ae
n,n
axr,axr
ae,ae
dcl,gcl
q,q
q,q
ih,ih
tcl,tcl
ix,ix
z,s
bcl,bcl
w,w
ih,ih
dcl,dcl
ix,ix
pcl,pcl
f,f
dh,n
k,k
jh,sh
iy,iy
iy,iy
g,v
eh,eh
tcl,tcl
d,y
dcl,tcl
bcl,bcl
pcl,tcl
n,n
kcl,kcl
eh,eh
v,v
m,m
k,kcl
f,f
l,l
ih,ih
ow,ow
n,n
n,m
z,z
r,r
tcl,tcl
w,w
n,ng
s,s
uw,uw
ah,axr
ng,ng
ih,ih
r,axr
ax,l
ax,ax
ax,n
iy,iy
n,n
en,n
q,q
ix,ix
g,k
ih,iy
l,uh
iy,iy
ix,ix
ax,ah
s,s
s,z
f,hh
r,r
g,g
aw,aw
axr,axr
ix,ix
l,l
ax-h,ax-h
ax,ax
eh,eh
n,ng
kcl,kcl
k,k
ay,ay
eh,eh
dh,dh
dh,dh
m,m
z,z
iy,iy
m,m
uw,w
ix,ix
s,s
pcl,pcl
hh,hh
ix,ix
ux,ix
t,t
ix,ix
gcl,kcl
dcl,dcl
ao,ao
ix,ix
dh,th
el,el
ey,ey
ih,ix
s,s
l,l
l,l
r,r
ix,ix
ng,ng
ae,ae
r,r
t,t
dh,dh
ix,ix
jh,jh
iy,iy
ix,m
ng,ng
n,n
ax,l
kcl,kcl
k,k
m,m
r,r
k,kcl
ix,ix
iy,iy
ay,ay
f,f
l,l
r,r
ow,r
eh,r
s,s
f,f
w,w
en,n
iy,iy
tcl,tcl
gcl,dcl
kcl,tcl
t,t
ay,ay
ow,ao
k,k
n,n
l,ax
f,f
z,s
k,k
ax,ix
kcl,kcl
kcl,kcl
l,l
ax,l
ae,ae
aa,ao
sh,sh
s,s
l,l
k,k
axr,axr
hv,hv
l,iy
q,q
tcl,tcl
oy,oy
ix,ix
ih,ih
kcl,pcl
pcl,tcl
tcl,tcl
axr,axr
r,r
d,d
n,n
r,y
z,z
ax,eh
axr,axr
n,n
ao,ao
zh,s
ao,ao
ix,ix
ae,ae
ix,ix
er,er
er,axr
th,th
k,k
axr,axr
ae,ae
aw,ae
t,t
l,l
ax,ix
n,m
ax,ix
w,w
y,y
m,m
dh,dh
hv,hv
aa,axr
er,axr
er,axr
iy,iy
n,gcl
s,t
ah,ah
g,g
ix,ix
l,l
ng,m
axr,v
m,m
iy,iy
k,k
ux,r
eh,ae
y,y
n,n
z,z
l,l
ux,ux
sh,sh
er,r
l,m
eh,eh
s,s
bcl,bcl
tcl,tcl
eh,eh
ax,r
k,k
kcl,kcl
pcl,tcl
z,s
l,l
q,q
t,t
kcl,bcl
tcl,tcl
dcl,dcl
ey,ey
p,p
w,w
r,er
y,y
q,q
iy,iy
l,l
el,l
ow,ow
kcl,kcl
gcl,m
ao,ao
r,r
ix,ng
k,k
ao,ao
s,s
w,w
ix,ix
s,s
eh,eh
ix,ix
ax,ax
ow,ow
nx,l
ih,ix
axr,er
aa,aa
ae,ae
r,r
t,t
eh,eh
t,t
l,l
n,n
l,l
pcl,pcl
kcl,tcl
ow,ow
eh,eh
s,s
er,axr
iy,iy
kcl,kcl
ax,ix
kcl,kcl
nx,n
y,y
dcl,dcl
gcl,dcl
dcl,gcl
aa,aa
dcl,gcl
eh,eh
d,d
d,tcl
tcl,tcl
ae,ae
bcl,bcl
jh,jh
z,z
ax,ax
ix,ix
eh,ix
p,p
tcl,tcl
ey,ey
iy,iy
dx,n
ey,ey
l,l
ix,ix
l,l
axr,ux
f,f
er,er
iy,iy
ay,ay
aa,aa
axr,axr
gcl,gcl
ih,ix
axr,ix
pcl,tcl
tcl,tcl
s,s
ow,el
tcl,n
ux,ix
ix,iy
ix,ih
gcl,dcl
ay,ae
r,r
l,l
r,r
t,t
tcl,kcl
s,s
m,m
axr,axr
s,s
s,s
ix,ix
hh,hh
l,l
m,m
aa,ao
kcl,kcl
s,s
ae,ae
ih,ix
l,el
dh,n
axr,axr
iy,iy
kcl,tcl
ih,ix
w,w
ax,l
hh,hv
ao,ao
l,l
k,k
ae,ae
bcl,bcl
r,r
ix,z
jh,jh
p,p
f,v
v,dcl
er,r
ih,ih
s,z
r,r
dx,dx
m,n
s,s
dx,dx
ng,ng
n,n
y,y
ae,ae
k,g
ah,ah
n,n
aa,ay
y,y
n,n
ey,iy
eh,eh
tcl,tcl
axr,ax
eh,ix
l,l
t,t
eh,eh
q,q
ae,ae
iy,iy
axr,gcl
ah,ah
r,r
ih,ix
ch,ch
axr,r
s,s
eh,er
q,q
tcl,tcl
el,el
ey,iy
f,f
ey,ey
l,l
oy,ay
dh,dh
ax,ax
tcl,tcl
s,s
k,k
l,l
hv,hv
n,n
iy,iy
ix,gcl
p,p
ao,ao
hv,iy
tcl,tcl
z,z
gcl,gcl
w,w
ow,ao
s,s
ae,ae
k,k
dx,dx
k,k
ow,ow
n,n
kcl,kcl
kcl,tcl
iy,hv
kcl,kcl
l,el
tcl,tcl
q,q
n,n
r,r
ow,ow
m,n
ey,ey
v,v
kcl,kcl
axr,axr
w,axr
w,w
b,b
dx,dx
t,t
t,t
eh,ix
n,n
n,n
l,l
axr,er
d,d
aa,aa
ao,ao
ih,y
k,k
el,el
eh,ah
aa,aa
w,w
s,s
iy,iy
l,l
ix,q
ix,ng
eh,eh
t,t
t,t
ux,ux
ix,ix
kcl,k
dh,dh
dcl,dcl
z,z
axr,ix
v,v
eh,ih
ix,ix
ae,ae
k,k
n,n
sh,sh
f,f
iy,iy
w,w
th,th
hv,hv
m,m
tcl,tcl
aa,r
r,v
ah,ix
dcl,dcl
kcl,pcl
kcl,kcl
ch,ch
l,l
l,l
n,n
m,m
w,w
hv,hv
ey,ey
y,y
er,er
pcl,pcl
r,r
er,axr
r,r
ix,ix
ix,ix
q,q
s,s
axr,n
dh,dh
pcl,pcl
dx,n
ae,ae
dx,dx
tcl,dx
kcl,kcl
ao,ao
r,er
d,d
ay,ay
k,k
s,s
jh,jh
d,t
s,s
zh,sh
m,m
s,s
ax,ax
r,r
tcl,tcl
ih,ix
l,l
m,n
n,n
er,er
s,s
y,y
kcl,tcl
y,y
f,f
axr,axr
tcl,pcl
z,z
aa,aa
dcl,gcl
ix,ix
pcl,pcl
tcl,tcl
kcl,tcl
m,m
s,s
ix,ax-h
tcl,kcl
l,l
ah,ao
tcl,dx
n,n
z,z
k,g
l,el
dcl,dcl
ae,ae
sh,sh
y,y
ix,ix
ae,ae
v,v
ax,r
pcl,pcl
d,l
t,t
ah,ah
dcl,dcl
ix,ix
t,tcl
q,q
ng,ng
s,s
ix,ix
aa,aa
d,ax-h
ix,ix
l,l
eh,l
m,m
iy,iy
oy,oy
dcl,gcl
l,l
z,z
eh,eh
t,d
axr,axr
pcl,tcl
iy,iy
k,k
ix,ix
r,w
aa,ao
dcl,tcl
r,r
ih,ih
n,n
ih,ih
s,s
ix,ix
k,k
y,y
q,q
m,m
uh,ae
m,ng
k,g
bcl,bcl
s,s
r,r
m,m
dcl,dcl
v,pcl
n,n
el,el
dcl,gcl
r,r
s,s
l,l
s,s
m,m
aa,aa
el,w
ih,iy
y,y
aa,aa
t,t
ch,s
s,s
g,k
z,z
pcl,pcl
ah,ah
ey,ey
ao,ao
s,s
t,d
tcl,tcl
s,s
dx,dx
ax,q
l,l
y,y
w,w
ax,l
er,er
dcl,dcl
ix,ix
l,l
l,l
dx,dcl
kcl,kcl
dcl,dcl
bcl,bcl
z,z
hv,hv
kcl,tcl
ay,ay
z,z
n,n
m,n
gcl,n
aw,aw
q,q
ae,ae
s,s
n,n
el,ax
q,q
w,w
m,m
eh,eh
ih,ix
ch,jh
axr,axr
ux,ux
ae,ae
ng,ng
ih,ih
z,z
ix,ix
eh,eh
n,n
ih,r
aa,aa
r,r
w,w
l,l
ix,iy
ao,ao
jh,jh
aa,aa
ow,ow
gcl,bcl
d,n
ow,ow
iy,iy
iy,ih
iy,iy
ae,ae
ng,ng
ih,ih
n,n
l,l
s,s
ah,ah
axr,r
ax,ix
iy,iy
el,el
m,m
tcl,tcl
n,ng
ao,ao
ay,ay
s,s
ey,iy
ih,iy
n,m
m,m
k,k
s,s
l,l
gcl,gcl
sh,sh
n,n
l,l
nx,n
kcl,k
kcl,tcl
s,z
kcl,tcl
dcl,tcl
bcl,bcl
tcl,tcl
ih,ih
z,t
kcl,kcl
tcl,tcl
m,m
dh,dh
q,ix
uw,w
oy,oy
f,f
aa,aa
ix,ix
ax,ix
sh,sh
v,v
n,n
dh,dh
kcl,tcl
t,t
f,f
iy,iy
eh,eh
dx,dx
q,q
iy,iy
pcl,tcl
q,q
ax,gcl
ix,ix
z,z
pcl,kcl
iy,iy
z,z
axr,axr
s,s
ix,ix
y,y
eh,eh
dx,dx
l,l
dcl,dcl
k,k
axr,axr
ao,ao
bcl,v
z,z
r,axr
w,w
pcl,pcl
sh,sh
tcl,tcl
iy,l
ey,iy
iy,iy
ih,ih
p,hh
tcl,tcl
ae,ae
ih,ih
m,m
g,g
sh,sh
eh,eh
ux,ux
bcl,pcl
t,d
l,l
eh,ae
tcl,pcl
eh,l
uh,ix
p,t
ix,ix
n,n
y,y
ix,ix
bcl,m
z,z
q,q
dcl,dcl
l,l
t,t
ih,ix
z,z
dcl,dcl
bcl,bcl
ae,ae
tcl,tcl
tcl,pcl
w,w
dcl,dcl
aw,aw
ah,ah
aa,aa
ix,ix
ay,ay
sh,sh
jh,jh
q,q
pcl,tcl
t,t
b,p
s,s
m,m
ng,ng
l,l
iy,iy
l,l
aa,aa
q,q
iy,iy
z,z
y,y
k,k
q,q
q,q
ae,ae
tcl,q
gcl,gcl
iy,iy
kcl,pcl
ax-h,ax-h
w,w
ih,ix
axr,axr
t,dh
z,z
ix,ih
ao,ao
s,s
n,m
n,n
gcl,gcl
l,ux
ay,ay
eh,eh
eh,ae
l,el
ae,ae
eh,eh
pcl,kcl
iy,ix
dcl,m
n,n
eh,eh
bcl,gcl
ow,ow
k,k
ix,ix
ay,ay
ao,ao
d,k
ae,ae
r,axr
gcl,gcl
dh,dh
ax,n
iy,iy
gcl,kcl
ng,m
p,p
t,t
axr,axr
ix,ux
ix,eh
y,y
ay,ay
pcl,tcl
z,s
kcl,kcl
ch,ch
t,t
axr,axr
tcl,tcl
ih,ix
m,m
l,l
d,d
aa,aa
q,q
z,z
k,k
ay,ay
n,n
z,z
ey,ih
ao,ao
t,t
s,s
en,m
ay,ay
aa,aa
m,m
r,r
f,f
kcl,kcl
ah,ah
ax,q
bcl,dcl
p,p
y,y
kcl,tcl
aa,ay
dh,dh
r,r
l,l
y,y
ux,ux
tcl,tcl
ay,ay
en,en
dcl,dcl
axr,axr
n,n
l,l
pcl,kcl
ow,ow
s,s
ux,ux
r,r
s,s
eh,eh
em,m
ao,ao
ao,oy
ow,ow
tcl,tcl
s,z
ih,ih
z,z
l,l
ae,ae
axr,axr
m,m
iy,iy
gcl,dcl
kcl,tcl
d,dx
ax,en
ow,ow
d,d
kcl,kcl
ao,aa
hv,v
aa,aa
t,t
s,s
iy,iy
m,m
k,k
r,r
m,m
dcl,dcl
z,z
p,p
n,n
iy,iy
k,k
ao,ao
l,l
uw,uw
v,v
tcl,tcl
z,z
gcl,gcl
tcl,tcl
eh,ae
ih,ih
q,q
eh,ih
ix,ix
ih,ix
ix,ix
s,s
tcl,kcl
r,r
iy,iy
ih,n
s,s
tcl,tcl
ix,ix
ae,ae
f,f
ix,ix
dx,dx
dcl,tcl
iy,iy
d,d
hv,hv
g,k
dh,dh
ax,ix
s,s
s,s
ih,ih
m,m
ih,ih
n,n
ao,ao
er,er
ax-h,dh
s,s
r,axr
ix,ix
eh,ae
ae,eh
r,r
axr,r
m,n
b,b
kcl,tcl
eh,ix
ng,ng
kcl,kcl
er,er
w,gcl
f,f
ah,ah
n,n
hh,hh
r,m
ng,m
r,r
iy,iy
r,r
n,ng
ao,ao
z,s
ax,ax
s,t
ay,ay
r,r
m,m
ao,ao
n,n
w,w
ey,ey
ih,ih
ah,ah
p,hh
y,y
sh,t
ay,ay
p,p
r,r
ix,axr
iy,iy
iy,tcl
l,l
aa,aa
s,s
k,k
m,n
w,w
gcl,dcl
pcl,tcl
ax,ix
m,m
axr,r
ix,ix
r,r
ae,ih
iy,iy
ix,ix
ah,ah
q,q
kcl,kcl
ix,iy
ih,ih
ix,ix
en,en
s,s
r,axr
dh,dh
axr,ix
r,r
kcl,kcl
r,axr
sh,sh
ay,ay
kcl,kcl
p,p
sh,sh
tcl,tcl
t,t
aw,aw
s,s
dcl,gcl
w,w
dcl,tcl
uh,w
l,l
dx,dx
aw,ow
ax,l
g,dh
dh,dh
kcl,tcl
ah,ah
bcl,gcl
v,v
r,r
ch,ch
m,m
n,n
w,w
ay,ay
l,l
iy,iy
ux,ux
ih,y
s,s
bcl,bcl
ux,ux
ae,ae
el,l
tcl,kcl
ih,ix
th,th
kcl,tcl
r,r
gcl,tcl
eh,ah
eh,axr
bcl,bcl
gcl,gcl
l,l
k,k
th,th
ao,ao
iy,iy
t,t
t,t
ix,n
kcl,tcl
aa,aa
f,f
g,g
er,er
kcl,kcl
s,s
ax,ax
er,er
ah,ah
tcl,tcl
iy,iy
k,dh
ix,hv
g,g
ih,ix
eh,eh
tcl,tcl
dcl,tcl
s,s
gcl,dcl
aw,aw
th,th
q,q
sh,sh
iy,iy
ix,ih
ax,em
ay,ay
l,l
eh,ae
ax,ax
ax,ix
ix,ix
ao,ao
axr,axr
iy,y
l,l
l,q
sh,sh
l,l
n,n
l,w
iy,iy
y,y
ix,ix
ey,ey
iy,iy
er,er
n,gcl
bcl,bcl
r,r
eh,eh
n,m
t,t
z,z
q,q
en,en
axr,axr
ix,ix
ix,ix
tcl,dcl
ax,ix
axr,er
w,w
k,k
ax,l
k,k
tcl,pcl
p,f
ax,ah
n,n
ix,ix
ey,ey
bcl,m
ih,ix
sh,sh
ng,ng
m,m
bcl,pcl
z,z
ow,ow
w,w
hv,hv
t,t
z,z
iy,iy
q,aa
kcl,tcl
ae,ae
ix,ix
ix,ix
dx,d
tcl,tcl
dh,dx
ax,ax
m,bcl
ix,ix
q,q
r,r
l,l
g,g
tcl,dcl
ey,ey
r,r
ay,ay
iy,iy
ih,ix
er,er
iy,iy
eh,eh
z,z
el,l
y,y
z,z
pcl,pcl
l,l
y,y
tcl,n
kcl,kcl
ay,ay
dx,dx
ax,ax
z,z
q,gcl
iy,iy
aa,aa
iy,ix
oy,oy
v,v
l,el
ay,ay
ix,ix
w,w
r,r
s,s
ix,v
f,pcl
s,s
z,s
k,k
z,z
n,n
w,w
iy,iy
dcl,tcl
q,q
s,z
k,gcl
kcl,tcl
gcl,gcl
ax,ix
q,q
q,q
k,k
z,ax-h
ux,uw
ao,aa
aa,aa
w,w
en,n
tcl,bcl
ih,ih
hh,hh
n,n
tcl,kcl
pcl,kcl
ix,ux
w,w
gcl,gcl
r,r
gcl,gcl
m,m
f,f
s,s
ix,ix
r,r
l,el
aa,aa
dh,ix
r,r
ux,ux
n,ng
k,g
ae,ae
m,m
dcl,dcl
ax,ax
iy,iy
m,n
ay,ey
ax,ix
p,p
p,p
n,ng
z,s
n,n
ay,ay
ay,ay
eh,eh
ax,ax
kcl,kcl
dcl,n
ey,ey
ey,ey
axr,axr
ih,ix
n,n
l,l
ae,ae
n,m
gcl,gcl
axr,axr
q,q
hh,hv
iy,iy
n,n
s,s
ix,ix
s,s
y,y
v,v
sh,s
bcl,bcl
iy,iy
th,s
ax,ix
iy,y
dcl,n
ae,ae
eh,eh
ow,ah
iy,iy
ow,ow
ih,ih
g,g
tcl,gcl
ax,ax
n,n
l,l
ih,ih
n,n
t,t
eh,eh
k,k
l,l
ax,l
n,m
pcl,dcl
ow,ao
m,m
p,b
th,dh
r,r
m,m
ah,ah
eh,eh
l,l
axr,er
s,s
eh,r
sh,sh
l,l
dcl,dcl
axr,axr
w,m
ix,hv
eh,eh
ay,ay
ih,ih
w,w
kcl,pcl
t,d
th,th
m,m
eh,ae
gcl,gcl
s,z
s,z
dx,dx
k,k
l,l
kcl,kcl
kcl,tcl
w,w
ux,ux
dh,m
n,n
ae,eh
uh,ix
l,l
iy,iy
ey,iy
l,l
ix,ix
kcl,kcl
m,m
m,m
kcl,tcl
l,w
v,v
kcl,pcl
gcl,g
sh,sh
w,w
er,er
l,l
ih,ih
sh,sh
kcl,tcl
dcl,dcl
t,t
eh,axr
d,tcl
m,m
iy,y
d,t
k,k
s,s
axr,axr
y,y
y,y
n,n
tcl,tcl
n,n
q,q
iy,iy
tcl,tcl
q,q
tcl,tcl
n,n
iy,iy
th,th
l,l
l,l
s,s
ng,n
kcl,tcl
r,r
gcl,bcl
ax,ax
dh,dh
ih,ix
w,w
tcl,kcl
ah,r
ix,ix
eh,eh
dcl,dcl
dcl,tcl
r,r
ay,ay
ix,iy
uh,uh
kcl,kcl
r,r
ay,ay
ix,ix
q,q
eh,r
m,m
s,s
g,g
kcl,tcl
ax,ix
ae,ae
w,w
oy,oy
eh,eh
tcl,gcl
g,g
kcl,kcl
ix,ix
eh,hv
dcl,dcl
r,r
q,q
dx,dx
k,g
ix,ix
z,z
zh,zh
w,w
iy,ey
t,t
aa,aa
dcl,dx
g,g
w,w
iy,iy
l,l
g,g
ih,ux
iy,ey
f,f
ae,ae
ao,ao
uh,ah
ih,ix
ao,ao
ae,ah
dcl,gcl
r,r
tcl,dcl
r,r
aa,aa
v,v
pcl,tcl
l,l
hh,hh
kcl,kcl
ng,ng
l,l
l,l
ae,ae
ih,ih
ao,ao
s,s
sh,sh
ix,ix
iy,iy
tcl,tcl
iy,y
er,er
r,r
hv,hv
tcl,tcl
ah,n
kcl,kcl
ax,ax
pcl,tcl
gcl,gcl
iy,iy
g,g
jh,jh
iy,iy
t,t
ao,ao
en,n
d,t
t,t
iy,iy
kcl,kcl
n,n
axr,axr
eh,ae
l,ao
n,n
q,q
g,hh
g,k
iy,iy
dcl,gcl
dcl,tcl
ix,eh
ey,ey
aa,ao
z,z
axr,axr
v,v
ae,ae
iy,ix
axr,axr
l,w
l,l
dcl,dcl
el,el
ey,ey
iy,iy
b,b
ey,ey
n,n
y,y
ax,v
iy,iy
n,n
dx,dcl
ax,l
ih,ix
tcl,tcl
n,n
ay,ay
w,w
pcl,kcl
el,el
kcl,tcl
ix,ix
tcl,kcl
nx,n
ah,ah
ih,ix
uw,uw
tcl,tcl
n,n
w,w
aa,aa
z,z
g,g
n,n
ao,ao
t,t
l,l
d,dh
ay,ay
sh,sh
ah,eh
kcl,kcl
ax,ix
s,s
ix,ix
er,axr
iy,iy
gcl,gcl
dcl,dcl
aa,ah
ix,ax
axr,axr
ax,l
ch,ch
m,m
m,ng
ix,ix
gcl,gcl
dcl,dcl
t,t
q,m
ao,aa
b,b
tcl,tcl
axr,axr
kcl,kcl
hh,hv
hv,hv
jh,jh
ng,ng
tcl,tcl
ah,ax
t,t
p,p
ax,ae
m,m
pcl,tcl
l,l
dcl,dcl
m,m
q,q
ay,ay
s,s
ay,ay
k,k
l,el
ao,ao
el,w
s,s
ih,ix
ng,v
t,t
r,r
hh,p
w,w
ix,ix
kcl,kcl
aa,aa
tcl,tcl
ax,ax
sh,sh
dx,tcl
w,w
ix,iy
s,s
k,k
ih,ix
t,t
r,r
bcl,gcl
oy,ao
z,z
n,n
z,s
ih,eh
ax,ax
iy,ix
ix,ix
n,n
k,k
hv,hv
iy,iy
y,y
z,z
ix,ix
dh,dh
m,m
ax,w
v,m
tcl,tcl
ow,ow
l,l
m,m
aa,r
ix,ix
m,n
m,m
ix,ix
k,k
iy,ux
pcl,pcl
tcl,pcl
p,p
ix,ix
uh,ah
dh,tcl
m,m
t,t
iy,iy
gcl,dcl
ow,ow
m,m
r,r
n,n
n,n
bcl,dcl
f,f
ae,ae
iy,iy
axr,axr
s,s
v,v
m,m
ax,l
z,s
s,z
n,ng
y,y
ao,ao
iy,iy
axr,m
eh,eh
v,v
pcl,tcl
pcl,tcl
jh,ch
tcl,tcl
ih,iy
hh,hh
tcl,tcl
w,gcl
tcl,tcl
z,z
r,m
eh,eh
d,t
ax,el
tcl,tcl
ae,ae
ix,ax
n,n
dcl,dcl
tcl,dcl
l,l
kcl,tcl
axr,axr
ay,ay
n,m
ae,ae
bcl,bcl
dh,dh
r,r
m,m
z,z
n,tcl
s,z
kcl,pcl
ih,ix
r,r
pcl,pcl
gcl,gcl
ih,ih
aw,aw
y,y
g,k
ow,ow
z,s
m,m
ih,ix
l,l
l,l
s,s
f,f
hh,hv
z,z
eh,eh
eh,ah
m,m
kcl,kcl
ux,ux
er,er
d,d
eh,eh
ow,ow
w,w
axr,r
er,er
aw,aw
pcl,tcl
m,m
k,hh
ix,ix
k,k
ay,ay
v,dh
oy,oy
ih,ux
t,d
q,q
dcl,dcl
ae,ae
k,k
em,hh
oy,ao
ih,ix
er,er
el,l
en,w
ey,ih
dcl,bcl
tcl,kcl
s,s
m,m
th,f
uw,ix
iy,l
dx,dx
ch,ch
r,r
kcl,kcl
iy,iy
t,t
pcl,tcl
z,z
kcl,tcl
ux,er
r,r
s,s
s,s
sh,sh
ao,q
ix,ix
f,v
s,z
er,er
k,kcl
bcl,bcl
ng,ng
s,s
l,l
kcl,tcl
r,r
sh,sh
s,s
m,m
n,n
iy,iy
v,v
dcl,dcl
ey,ey
ae,ae
v,v
ay,ae
l,l
l,l
eh,eh
kcl,tcl
dh,dh
hh,hh
tcl,tcl
pcl,pcl
axr,axr
kcl,kcl
z,z
dcl,dcl
th,dh
d,d
r,r
ix,r
iy,iy
dcl,gcl
r,r
t,t
l,l
ae,ae
ix,ix
ax,m
dcl,dcl
el,el
ao,ao
eh,ix
l,l
n,en
n,n
ix,ix
gcl,gcl
hv,hv
dx,dcl
w,w
ax-h,hh
m,m
f,f
axr,axr
kcl,tcl
l,l
dcl,dcl
m,m
f,f
eh,ah
gcl,gcl
oy,oy
l,l
r,r
ix,ax
z,z
p,p
ay,ay
axr,axr
eh,eh
r,r
eh,ix
r,r
y,y
ay,ay
eh,r
w,w
l,m
z,f
pcl,pcl
hv,hv
ax,w
eh,eh
k,k
axr,axr
gcl,tcl
p,tcl
aa,ay
ih,ix
g,g
r,r
r,r
p,hh
bcl,bcl
ih,ih
pcl,pcl
er,axr
ah,aa
sh,ch
n,n
iy,ix
iy,iy
aw,ae
tcl,tcl
ax,ax
th,th
tcl,tcl
t,d
gcl,pcl
w,w
d,d
m,m
ax,ix
ix,ix
dcl,dcl
ah,eh
tcl,tcl
tcl,tcl
m,n
ax,ah
eh,ae
n,m
ao,ao
kcl,tcl
dcl,tcl
n,n
ae,ae
t,t
s,s
z,s
el,el
aa,aa
l,l
kcl,kcl
em,em
gcl,gcl
r,r
kcl,kcl
k,k
kcl,kcl
ey,ey
bcl,v
tcl,tcl
dh,dh
kcl,kcl
kcl,kcl
f,z
m,m
ey,ey
m,n
axr,er
g,m
l,w
y,y
ax,ah
dh,l
k,k
ch,z
eh,eh
gcl,dcl
b,el
iy,iy
ae,ae
n,n
tcl,tcl
nx,nx
ah,ah
ih,ix
kcl,gcl
l,l
axr,axr
el,el
f,f
jh,jh
r,r
n,q
ao,ao
l,l
dcl,dcl
s,s
q,ix
tcl,tcl
dcl,dcl
ae,ae
s,s
kcl,kcl
ax,q
axr,axr
l,l
eh,eh
l,l
ow,aw
s,s
dcl,dcl
m,m
pcl,bcl
ay,ay
ow,ow
ow,ow
ah,ah
m,em
z,z
ow,ow
er,axr
n,n
r,r
t,g
nx,m
jh,k
t,q
ix,ix
k,k
iy,iy
bcl,gcl
n,n
ay,ay
g,g
v,dh
tcl,tcl
ux,ux
ix,axr
s,s
l,l
kcl,tcl
w,w
ah,ah
m,m
l,l
iy,ix
s,s
r,r
n,m
ao,ow
k,k
sh,sh
l,l
axr,axr
iy,iy
ey,ey
ah,ah
ix,axr
ow,ow
d,n
dcl,bcl
sh,sh
tcl,tcl
ix,ix
ch,ch
ax-h,z
z,z
ow,ow
iy,ux
gcl,dcl
m,m
tcl,dcl
er,er
oy,oy
er,er
ih,eh
ux,ux
ao,ao
jh,zh
m,m
iy,iy
l,l
ey,ey
k,k
er,er
w,m
uw,ow
bcl,bcl
ao,ao
ux,ux
th,th
t,t
m,m
ae,aw
m,m
f,f
r,r
eh,ah
k,k
dh,dh
n,m
m,m
ax,ax
bcl,tcl
r,r
r,r
s,s
z,z
ih,ix
y,y
tcl,tcl
ih,el
l,l
p,p
gcl,kcl
ay,ay
ao,ao
ix,eh
n,m
iy,iy
eh,eh
iy,iy
dx,dx
bcl,tcl
hh,hh
ae,eh
ax,r
ey,eh
w,w
iy,iy
kcl,pcl
dx,v
ix,ax
ux,ux
s,s
n,m
ih,eh
z,z
ih,ih
ng,ng
sh,sh
ow,ow
el,uw
ax,ah
oy,oy
dcl,tcl
y,y
ix,ix
kcl,kcl
r,r
ae,eh
w,w
ao,ao
b,b
ae,ae
eh,eh
r,r
ix,ix
th,z
ix,ae
g,g
axr,axr
r,r
r,r
axr,axr
jh,jh
bcl,bcl
s,s
v,v
uh,el
iy,iy
iy,iy
t,t
r,r
dcl,dcl
ix,ix
sh,sh
ae,ae
aa,aa
gcl,gcl
ax,ax
iy,iy
q,q
ax,ax
q,q
ao,ao
s,z
ix,ix
axr,r
th,kcl
dcl,tcl
oy,oy
eh,eh
f,f
m,n
kcl,kcl
ax,w
r,r
g,k
n,n
hh,hh
iy,ey
q,q
k,k
q,q
ay,ay
t,t
eh,eh
ey,ey
ah,ah
n,n
tcl,tcl
tcl,dcl
kcl,tcl
sh,sh
s,s
v,v
q,q
bcl,bcl
tcl,tcl
m,n
aa,aa
ix,iy
sh,sh
l,m
r,r
s,s
n,n
ix,r
pcl,pcl
ay,ay
t,t
w,l
kcl,kcl
tcl,pcl
p,p
sh,sh
iy,iy
ix,ix
iy,iy
ey,iy
iy,iy
z,z
aa,aa
p,p
m,m
t,tcl
r,m
er,er
n,m
kcl,kcl
m,m
ix,ix
l,l
ao,ao
ix,ix
jh,y
jh,jh
ng,n
ix,ix
l,l
n,n
t,t
ix,ix
s,sh
ax-h,ax-h
n,ix
m,gcl
uh,ux
l,l
l,l
ax-h,ax-h
ix,y
ay,ay
r,r
eh,eh
p,p
iy,iy
s,s
el,el
f,f
axr,axr
iy,y
r,el
aa,aa
l,l
w,w
kcl,kcl
ow,ow
tcl,kcl
er,er
pcl,pcl
f,f
ax,ax
m,m
z,z
gcl,dcl
ae,ae
b,v
t,t
t,t
axr,axr
ey,ey
l,l
r,r
ay,ay
d,g
d,t
pcl,pcl
ix,ix
ow,ow
ao,ao
ah,ah
t,t
z,s
ih,ih
m,m
iy,iy
t,t
ux,ux
l,l
eh,ae
ae,ae
y,y
w,w
r,r
iy,y
n,n
ix,ix
r,r
ey,iy
v,w
hh,aa
ih,ih
y,y
kcl,pcl
ux,ux
kcl,kcl
y,y
ch,sh
dh,dh
t,t
v,v
tcl,tcl
ux,ix
jh,jh
dh,v
r,r
dcl,dcl
ih,ah
ey,ey
tcl,tcl
iy,iy
t,hh
aa,aw
s,s
k,k
eh,ih
bcl,dcl
kcl,kcl
ey,ey
ih,ix
axr,axr
pcl,pcl
iy,iy
g,dh
ax,r
s,s
er,axr
ah,eh
r,r
t,t
ah,ah
bcl,bcl
k,k
r,r
z,z
ix,ng
ah,r
axr,axr
iy,iy
k,k
iy,iy
z,s
m,m
axr,axr
r,r
th,th
m,n
dcl,dcl
n,n
v,v
er,eh
ey,ix
r,r
z,z
er,er
uw,w
s,s
m,n
uh,uh
y,y
t,t
axr,axr
n,n
sh,sh
iy,iy
p,p
ao,ao
t,t
bcl,pcl
m,m
s,s
dx,dx
w,w
q,r
hv,hv
ux,ux
dcl,dcl
r,r
tcl,tcl
en,en
m,m
gcl,gcl
l,l
gcl,gcl
eh,eh
axr,axr
kcl,kcl
iy,y
n,m
w,w
k,k
n,en
v,v
ey,ey
y,y
l,l
dx,n
dh,dh
pcl,kcl
ax-h,z
v,v
s,s
z,z
ux,ux
jh,jh
pcl,tcl
tcl,tcl
sh,sh
l,w
q,q
ao,aa
ax,ax
dcl,dcl
b,b
m,m
el,el
aw,ae
s,t
p,p
pcl,pcl
iy,iy
n,n
oy,oy
f,s
er,r
jh,axr
hv,hv
el,l
tcl,pcl
ow,ow
l,l
axr,axr
bcl,pcl
w,w
iy,iy
dh,dh
s,s
sh,sh
r,r
dh,dh
ih,ih
kcl,tcl
tcl,pcl
q,q
ax,dh
l,l
z,z
n,n
aw,aw
ix,ux
ix,ix
k,g
t,t
s,s
aa,r
g,g
ax,ah
y,y
axr,axr
ax,ix
iy,iy
p,p
tcl,tcl
k,k
tcl,tcl
z,z
f,f
ux,ux
m,m
k,k
aa,aa
z,z
n,n
l,l
eh,l
s,s
ng,n
iy,iy
ax,l
n,n
s,s
p,f
r,r
k,k
er,er
kcl,kcl
dcl,tcl
gcl,dcl
eh,eh
kcl,kcl
r,r
axr,axr
r,r
ix,ax
gcl,gcl
iy,ix
ih,eh
w,w
w,w
hv,hv
s,s
th,f
ow,ow
ih,ih
d,d
f,f
axr,axr
dh,th
axr,axr
w,w
oy,oy
z,z
aa,aa
ih,eh
ax,ax
gcl,bcl
ax,ax
k,hh
iy,ng
q,dh
jh,jh
ow,ao
jh,jh
ih,ih
r,ix
l,l
l,l
ao,ao
aa,ae
ih,ih
ix,ix
ix,q
dcl,v
n,m
bcl,bcl
iy,ux
ow,ah
q,q
gcl,gcl
n,n
r,r
w,w
q,q
dx,dx
s,s
r,r
w,w
z,z
n,n
l,l
iy,ix
l,l
hh,hh
aw,aw
eh,ix
r,axr
en,en
ae,ae
ey,ey
s,s
ah,eh
d,jh
tcl,tcl
w,w
aa,aa
tcl,tcl
iy,iy
ow,ow
m,m
m,dcl
ix,iy
k,g
ae,ae
z,z
oy,oy
f,f
ah,ah
m,m
q,q
ao,ao
m,m
z,z
tcl,tcl
aa,ao
pcl,pcl
ch,ch
n,m
ae,ae
tcl,tcl
t,t
eh,eh
eh,eh
p,p
ix,ix
hh,q
ax,v
ae,ae
ax,w
r,r
dh,dh
ih,ih
m,m
dh,dh
l,l
zh,sh
n,n
tcl,tcl
ix,axr
d,d
ay,ay
er,axr
y,y
ix,ix
p,p
n,m
kcl,kcl
ix,ix
th,th
tcl,dcl
iy,iy
ay,ay
ih,ih
w,w
q,q
sh,sh
dx,dx
er,axr
jh,jh
dcl,gcl
r,r
ix,ix
th,th
kcl,kcl
el,el
kcl,tcl
ow,el
ax,ax
kcl,kcl
ae,ae
dx,el
ix,dh
dcl,dcl
tcl,tcl
ix,ix
ix,ix
s,s
kcl,kcl
t,t
hh,y
er,axr
kcl,tcl
ih,uw
ix,ix
bcl,bcl
n,m
dcl,tcl
dcl,dcl
ae,ae
l,l
p,b
p,dh
f,f
n,n
iy,iy
w,w
pcl,pcl
t,t
t,t
kcl,tcl
r,r
dcl,dcl
bcl,bcl
aa,ay
q,q
y,y
iy,iy
l,l
ax,q
w,w
hv,hv
l,l
ux,ux
aw,aw
dcl,gcl
q,ng
r,r
n,q
axr,axr
ah,ax
axr,axr
n,n
p,p
iy,hv
w,r
ao,aa
dcl,dcl
eh,eh
er,axr
pcl,tcl
q,q
ae,ae
dh,dh
n,n
p,p
l,l
ih,ih
k,k
m,m
hh,hh
aa,ay
ch,ch
sh,hh
l,q
t,t
tcl,tcl
ae,ae
m,ng
ix,ix
l,l
er,er
z,z
ah,ax
ao,el
d,d
gcl,dcl
m,n
l,w
ih,ix
ey,iy
ao,aa
q,q
hv,hv
ae,ae
ax,ax
f,f
ax,ax
axr,axr
ow,ow
f,f
eh,eh
t,t
iy,iy
sh,sh
t,t
ey,iy
n,n
d,n
bcl,bcl
ah,ah
oy,oy
w,w
l,l
gcl,tcl
ae,ae
ay,ay
q,q
k,k
tcl,dcl
r,r
t,t
bcl,bcl
pcl,kcl
ah,aa
q,q
l,l
dcl,dcl
n,m
n,n
aa,aa
ix,ix
ax,ix
aa,aa
ax,gcl
iy,iy
pcl,tcl
el,el
ae,ae
ix,hv
z,z
axr,axr
n,n
s,sh
bcl,bcl
aw,aw
g,g
p,p
bcl,dcl
ix,ix
tcl,hh
iy,iy
ax-h,z
ay,ay
ix,ix
s,s
m,m
dh,dh
aa,aa
aa,aa
ey,ey
r,r
er,r
jh,jh
q,q
iy,iy
n,n
ao,ao
s,s
iy,iy
iy,iy
tcl,tcl
ae,ae
oy,oy
tcl,gcl
k,k
dcl,dcl
tcl,kcl
ah,ax
s,z
r,r
ah,ah
uw,r
kcl,tcl
m,m
f,f
q,q
ng,ng
gcl,gcl
ix,ix
ix,ix
s,s
ae,ae
iy,iy
ng,ng
r,r
l,m
kcl,tcl
kcl,kcl
iy,iy
axr,axr
ow,ow
q,n
dh,dh
kcl,tcl
gcl,gcl
er,er
m,m
hh,hh
y,y
l,l
r,r
t,t
k,k
iy,iy
hv,hv
t,t
ao,ao
iy,y
sh,sh
ax,r
ih,ux
aa,aa
dcl,v
iy,iy
er,axr
bcl,pcl
ih,ix
ix,ux
iy,iy
ih,ix
ix,ah
d,k
iy,iy
ao,ao
er,er
ay,ae
kcl,gcl
k,k
eh,eh
dcl,tcl
ix,ix
ix,ix
ae,ae
hh,hh
kcl,tcl
kcl,kcl
t,t
k,k
dcl,bcl
eh,ae
r,r
bcl,dcl
ah,ah
ax-h,bcl
kcl,kcl
sh,sh
n,n
ix,ix
ih,ng
aw,aw
f,f
k,k
iy,iy
pcl,tcl
n,n
tcl,tcl
ng,ng
axr,axr
dcl,n
er,er
eh,eh
n,n
ix,eh
t,d
r,r
p,p
iy,iy
p,b
iy,ix
iy,iy
iy,iy
iy,iy
ix,ix
z,z
ae,ae
w,m
pcl,kcl
k,k
ix,ix
l,l
ax,q
ey,ey
ey,ey
iy,iy
dh,dh
bcl,bcl
z,z
f,f
en,dcl
q,q
tcl,tcl
d,t
gcl,gcl
kcl,kcl
k,g
r,r
m,m
iy,iy
iy,iy
t,t
iy,r
r,r
tcl,tcl
iy,hv
n,n
b,v
ix,ix
r,r
ao,ah
v,dh
gcl,dcl
tcl,dcl
ix,ix
z,s
ax,ix
s,s
ao,aa
tcl,tcl
hh,hh
kcl,kcl
s,s
ah,ah
axr,axr
en,en
er,er
kcl,kcl
d,d
dx,dx
eh,eh
dcl,dcl
s,s
q,r
iy,iy
l,l
r,axr
axr,axr
t,t
pcl,pcl
en,en
r,r
n,ng
pcl,pcl
oy,oy
m,m
ih,ix
sh,sh
tcl,tcl
kcl,kcl
ix,ix
ix,ix
q,q
ay,ay
iy,iy
k,k
f,f
tcl,tcl
hv,hv
ih,ix
aa,ah
v,v
d,t
ae,ae
kcl,tcl
hv,hv
f,f
ax,ix
ao,ao
dh,dh
eh,ix
s,s
ah,eh
ae,ae
iy,iy
ae,ae
k,tcl
r,r
eh,ix
ix,ix
y,y
k,k
ix,ix
ey,ey
k,k
aa,aa
n,n
t,t
k,k
p,p
dx,dh
l,l
r,r
ih,ix
l,l
ao,ao
s,s
ih,ih
dcl,dcl
ao,ao
ao,l
k,tcl
r,r
sh,sh
ey,iy
p,v
k,k
s,s
t,t
aa,ao
tcl,tcl
oy,oy
ax,ax
l,w
ih,ih
axr,axr
ih,ix
z,z
m,m
ae,ae
aa,ah
m,m
ow,ow
kcl,kcl
dh,pcl
tcl,tcl
ix,ax
ow,l
ae,ae
s,s
v,v
ax-h,hh
w,w
ix,ix
ey,ey
uw,uw
oy,oy
s,s
th,dh
l,l
pcl,pcl
k,k
g,g
ax,ax
l,l
ix,ix
w,l
bcl,pcl
uw,ux
ih,iy
r,r
iy,iy
axr,r
m,n
axr,axr
eh,aw
aa,aa
ax,ix
bcl,bcl
ng,m
ix,ih
f,hh
k,k
s,s
uw,ux
axr,m
r,r
q,q
w,w
l,l
z,z
p,p
y,y
aa,ao
d,d
q,dh
ey,ey
q,q
ax,ix
tcl,tcl
aa,aa
ix,ix
s,s
ao,ao
n,m
v,v
iy,iy
iy,iy
ih,ix
pcl,pcl
ih,ix
f,f
s,s
ng,ng
eh,ix
r,r
ng,ng
w,w
iy,iy
l,el
ey,ey
y,y
axr,axr
sh,sh
iy,iy
ae,eh
ah,ah
v,v
ow,ow
l,ax
g,g
ah,ah
ae,ae
dh,th
dcl,tcl
kcl,pcl
tcl,tcl
kcl,tcl
jh,jh
ix,ix
dcl,tcl
dh,dh
r,l
ae,ae
m,m
ey,ey
dcl,gcl
n,n
dx,dx
r,axr
k,k
l,l
w,w
ah,aa
tcl,tcl
r,r
hh,hh
z,s
ix,ix
m,m
ih,ih
ux,ux
z,s
ay,ay
dcl,dcl
eh,eh
ix,ix
ux,ux
ao,w
r,r
uh,axr
k,g
aa,aa
b,v
iy,ix
ax,ix
iy,iy
v,v
s,s
k,hh
m,n
iy,iy
n,n
n,n
iy,iy
p,p
k,k
uw,uw
z,s
s,s
ah,ah
k,k
ih,ih
ae,ae
s,s
ix,ix
iy,iy
axr,axr
r,r
ix,ix
ux,ux
s,z
nx,nx
pcl,tcl
sh,sh
z,z
r,l
er,er
ix,ih
w,w
ih,eh
z,z
ix,m
s,s
iy,iy
s,s
ay,ay
y,y
r,r
eh,eh
ch,ch
s,s
aa,ao
ao,ao
ae,ae
n,n
k,k
z,z
kcl,tcl
s,s
m,ng
aa,aa
d,d
t,t
k,k
q,q
iy,iy
l,l
iy,iy
iy,iy
ow,ow
s,s
ax,ax
hh,hh
s,s
n,n
ix,ix
m,m
l,l
gcl,gcl
ao,w
l,el
ae,ae
ix,ng
tcl,dcl
iy,iy
k,k
l,l
ay,ay
r,r
iy,iy
eh,eh
aa,r
l,ax
sh,sh
bcl,bcl
z,z
iy,iy
m,m
z,s
n,n
ow,ow
eh,y
k,k
ay,ay
pcl,pcl
r,r
ix,iy
tcl,tcl
aa,ah
n,n
f,f
ng,ng
k,k
tcl,kcl
hv,hv
z,z
ay,ay
oy,oy
s,s
sh,sh
aa,aa
kcl,tcl
r,r
ah,ax
ux,ux
ah,ix
er,er
l,l
z,z
l,l
l,el
g,g
tcl,dcl
f,f
hh,hh
ix,ih
r,axr
ax,ah
ow,ow
s,sh
kcl,kcl
dcl,tcl
ah,eh
tcl,tcl
t,d
k,k
ix,iy
ax,ax
dh,hh
r,r
ix,ix
t,t
z,z
th,th
z,z
ax,uw
s,s
ah,eh
ix,ix
eh,ix
ax,l
n,n
ah,eh
z,z
n,ng
z,t
f,f
ah,ah
axr,axr
n,hh
kcl,tcl
ih,ix
ih,ih
ch,ch
ix,ix
pcl,bcl
t,t
iy,iy
ae,ae
tcl,tcl
en,m
l,l
dcl,dcl
th,th
ao,ao
ix,ix
z,z
aa,eh
ay,ix
axr,axr
hh,hh
ix,q
z,z
l,l
iy,iy
uh,uh
s,s
l,l
m,m
dcl,dcl
n,n
ix,em
zh,zh
ey,ey
zh,zh
dcl,dcl
m,m
kcl,tcl
kcl,kcl
ix,ix
dx,dx
tcl,tcl
dx,dx
hh,hh
n,gcl
f,f
oy,oy
ah,eh
iy,iy
hh,hh
w,w
n,n
bcl,bcl
er,axr
sh,sh
iy,iy
aa,ay
l,l
n,gcl
ax,ax
ih,ix
m,m
sh,sh
w,w
ih,ih
axr,axr
r,r
v,v
ix,ix
n,n
bcl,f
kcl,tcl
uh,ix
n,n
ix,ix
tcl,tcl
l,l
er,er
s,s
z,s
nx,n
axr,axr
n,n
w,m
pcl,pcl
v,dh
ae,ae
aa,aa
y,y
n,n
tcl,dcl
l,l
v,f
hv,tcl
t,t
dcl,n
iy,iy
jh,jh
ow,ow
n,m
dh,v
dcl,n
ax,ix
z,z
ah,ah
m,m
n,m
l,l
eh,ah
ao,ao
en,n
r,r
er,axr
aa,aa
ch,ch
ey,er
s,z
dh,dh
l,l
k,g
iy,iy
t,t
tcl,kcl
g,g
dx,n
iy,iy
el,ow
q,q
ey,ey
s,s
r,r
dcl,q
tcl,tcl
w,w
dcl,pcl
l,l
n,m
hv,hv
dh,dh
pcl,pcl
axr,axr
q,l
jh,jh
kcl,q
aa,aa
r,r
el,l
ix,ix
ah,ah
en,en
ae,ih
aw,aw
l,l
iy,iy
q,q
iy,y
s,s
iy,iy
sh,sh
eh,eh
l,l
n,n
n,n
t,t
ih,ix
er,r
tcl,tcl
r,r
m,m
p,f
w,w
axr,axr
hh,hh
ix,ix
f,f
r,r
r,axr
tcl,gcl
m,m
s,s
tcl,dcl
tcl,bcl
dh,dh
l,dh
s,s
el,l
ux,ux
tcl,kcl
eh,v
n,n
axr,axr
iy,iy
ux,ux
l,l
ow,ow
ix,ix
dh,v
k,k
ix,ix
iy,iy
n,m
dcl,tcl
tcl,tcl
v,v
y,y
tcl,tcl
w,w
z,z
ey,ey
dcl,dcl
el,el
bcl,dcl
l,m
ih,ix
kcl,tcl
axr,axr
bcl,gcl
p,p
aa,aa
bcl,pcl
ae,eh
aa,aa
ax,ax
l,l
m,m
sh,sh
l,l
f,f
ih,ix
tcl,pcl
p,p
en,n
ay,ay
t,t
pcl,pcl
n,n
f,f
r,r
z,s
gcl,gcl
ey,oy
s,s
kcl,tcl
ih,ix
l,l
s,z
bcl,n
r,r
l,l
dcl,dcl
ao,ao
ih,ih
dh,pcl
dx,dx
tcl,tcl
q,q
dcl,dcl
ey,ey
ix,ng
s,s
aa,aa
q,q
w,w
q,q
ay,ay
hh,hh
k,k
y,y
g,g
hv,hv
sh,sh
iy,iy
kcl,kcl
w,w
f,v
n,n
n,ng
ah,ah
r,r
uh,r
tcl,pcl
axr,axr
f,f
n,n
z,s
bcl,pcl
ow,ow
s,s
p,p
eh,eh
nx,n
ih,iy
eh,eh
ao,ao
th,th
p,hh
m,m
q,q
kcl,kcl
pcl,kcl
w,n
ay,ay
sh,sh
l,l
z,s
ey,ae
eh,ix
l,l
ao,ao
ng,m
dx,dx
ey,iy
m,m
pcl,pcl
r,r
dcl,dcl
w,w
ao,ao
f,f
dh,dh
sh,ch
d,t
kcl,kcl
n,n
dcl,dcl
ux,uh
ay,aa
r,r
bcl,gcl
l,l
s,z
n,n
l,l
m,m
p,p
ay,l
ix,ix
ey,ey
kcl,kcl
iy,ix
w,w
w,w
ih,ax
ae,ix
eh,eh
iy,iy
gcl,gcl
er,er
axr,axr
dh,dh
tcl,tcl
m,m
q,hh
v,v
aa,aa
pcl,pcl
z,hh
iy,y
ah,ay
t,t
y,y
l,l
kcl,tcl
l,w
sh,sh
n,n
r,r
s,s
f,th
ix,ix
f,f
k,k
r,r
s,s
k,k
t,t
ax,ax
ao,ow
m,m
nx,m
l,l
iy,ux
t,t
ix,ix
r,q
z,s
el,l
n,n
aa,aa
t,t
m,m
kcl,kcl
axr,axr
dcl,bcl
uh,uh
y,y
n,n
eh,eh
r,r
ay,ay
n,n
ih,ix
k,k
l,l
ey,ey
en,en
ae,ae
hh,hv
f,f
ih,ix
t,t
n,n
bcl,tcl
ae,ae
ae,eh
bcl,dcl
s,s
l,l
l,l
dh,dh
v,v
f,f
axr,axr
r,r
tcl,tcl
ix,r
bcl,dcl
ch,ch
r,r
aw,aw
ey,ey
n,n
m,dcl
kcl,kcl
l,l
pcl,pcl
nx,n
n,n
ax,ax
v,v
dx,v
er,er
dh,dh
ix,ix
q,q
v,v
z,z
ao,ao
s,s
p,dh
l,l
gcl,gcl
v,v
m,m
k,dh
ae,ae
iy,ux
dcl,dcl
tcl,tcl
ow,ow
ix,ix
eh,r
q,q
eh,ix
hv,hv
ow,ow
gcl,gcl
n,m
ih,ix
ix,ix
ae,ae
dh,dh
dcl,dcl
q,q
l,l
g,g
kcl,kcl
iy,y
ah,ix
n,ng
m,m
ch,ch
hv,hv
ao,ao
dcl,gcl
ae,ae
v,bcl
aa,ao
ux,ux
tcl,tcl
eh,eh
dcl,dcl
s,z
ix,ix
r,r
t,t
dcl,tcl
iy,iy
t,t
l,l
el,el
iy,iy
p,p
ix,ux
ix,ix
y,y
s,s
ao,w
axr,axr
s,s
ae,ae
t,t
t,t
ay,ay
w,w
dcl,gcl
z,z
iy,y
m,m
p,p
ax,n
el,el
hh,hh
t,t
ax,ix
iy,ix
w,w
el,ax
eh,eh
ae,ae
m,m
t,t
ao,w
dh,dh
ae,ae
ae,eh
l,l
l,l
s,s
dx,dx
iy,iy
ix,ix
g,g
n,m
s,s
kcl,dcl
ih,ix
eh,ix
ao,ao
m,n
tcl,kcl
dh,v
w,w
n,m
ax,ax
axr,w
ae,ae
dcl,dcl
tcl,tcl
z,z
jh,ch
q,el
l,l
p,b
ih,ih
iy,iy
ng,n
ux,ux
ax,r
tcl,tcl
bcl,pcl
ng,ng
s,z
s,s
er,r
th,th
r,r
dh,dh
kcl,tcl
ix,ix
ih,ih
ih,ix
g,g
ay,ay
pcl,tcl
bcl,v
z,s
eh,eh
d,d
eh,ix
hh,tcl
eh,eh
ix,ix
s,s
t,t
g,g
r,r
l,l
ey,ey
er,axr
axr,axr
z,z
iy,iy
iy,iy
w,w
s,s
ax,ix
q,dcl
bcl,pcl
aa,l
ae,ae
w,w
tcl,tcl
m,m
dcl,tcl
l,l
q,dh
gcl,gcl
kcl,tcl
dx,dx
m,m
ax,ix
ix,ix
kcl,kcl
uw,ux
l,l
jh,jh
n,n
w,w
tcl,tcl
r,r
iy,iy
m,n
s,s
hh,hh
tcl,tcl
jh,jh
iy,iy
ix,ih
ao,ao
ix,ix
tcl,tcl
ax,ax
n,n
aw,aw
uw,ux
gcl,kcl
iy,iy
ix,ix
r,axr
n,q
kcl,kcl
m,m
dx,d
iy,iy
eh,eh
k,k
axr,r
w,w
ax,ix
axr,axr
gcl,gcl
z,s
tcl,tcl
er,er
ix,ix
tcl,gcl
ow,ow
dh,dh
hh,hh
sh,sh
ix,iy
er,ih
eh,ah
w,w
ix,ix
pcl,pcl
tcl,tcl
k,k
bcl,bcl
n,m
ao,ao
tcl,tcl
el,el
r,r
s,s
r,r
s,s
q,q
sh,sh
ow,ow
b,r
r,r
dcl,dcl
dcl,n
ey,ey
ix,ix
hv,y
z,z
ao,ao
f,f
tcl,pcl
ix,ix
er,axr
tcl,tcl
z,z
k,k
ae,ae
eh,eh
z,z
q,q
ah,ah
ng,ng
dx,dx
oy,oy
ao,ao
dh,dh
k,g
er,axr
axr,r
ix,ix
ix,ix
k,k
k,k
s,s
ih,er
s,t
axr,ay
l,l
ao,ao
kcl,gcl
ae,ae
kcl,kcl
s,s
dcl,dcl
aa,l
ix,ix
q,q
l,l
hh,hh
n,ng
r,r
r,r
ih,ix
dh,dh
r,r
oy,oy
iy,iy
ix,ix
th,dh
w,w
ao,ao
dcl,tcl
ix,ih
v,v
iy,iy
hh,hh
ay,ay
s,z
ao,ao
ix,ix
r,r
ix,ix
l,l
pcl,pcl
m,m
er,er
w,w
ah,ah
s,s
y,y
g,g
l,l
ax,w
g,k
eh,ah
ix,ix
tcl,pcl
ux,ux
ix,r
w,w
l,l
ow,ow
m,n
sh,sh
ao,ao
y,y
uh,uh
k,k
s,s
d,t
gcl,tcl
y,y
f,f
w,w
q,q
oy,oy
axr,axr
r,r
bcl,bcl
tcl,dcl
m,m
q,q
ao,ao
p,hh
ae,eh
ux,ux
m,n
iy,iy
q,tcl
aw,aw
r,r
l,q
ey,ey
ix,ix
jh,jh
l,l
w,w
bcl,v
tcl,tcl
ch,ch
er,ao
aa,aa
jh,jh
tcl,gcl
er,er
el,el
ax,ax
d,d
tcl,pcl
ax,ah
kcl,kcl
tcl,gcl
oy,oy
aa,aa
s,z
dx,dx
s,s
gcl,gcl
ng,ng
ng,ng
tcl,gcl
dcl,dcl
m,m
hh,hh
z,z
ix,ix
uh,uh
ao,ah
ix,ix
ow,ow
n,n
m,m
l,w
t,t
aa,aa
z,s
l,l
ae,ae
l,l
l,l
w,w
n,n
d,d
oy,oy
oy,oy
sh,sh
r,r
r,r
n,m
axr,ix
n,n
v,v
iy,iy
ah,ae
dcl,dcl
r,r
w,w
tcl,pcl
ax,ax
iy,ix
t,k
s,s
z,hh
z,t
dcl,pcl
pcl,tcl
axr,axr
k,k
l,l
ix,ix
gcl,gcl
ax,ix
oy,oy
n,n
ae,ae
ng,ng
d,g
ix,ix
ao,ao
ey,ix
ao,ao
g,g
ix,n
iy,iy
ax,ax
z,z
dx,dx
n,n
aa,aa
th,th
ae,ae
r,r
k,k
dcl,dcl
eh,ah
eh,eh
g,kcl
iy,iy
ao,ao
m,m
ey,ey
ah,ah
y,y
hv,hv
ae,aw
q,q
ey,ay
r,w
aw,aw
tcl,tcl
l,l
s,s
axr,axr
el,el
ix,ix
er,er
iy,ix
ae,ae
ay,ay
hh,hh
s,s
l,l
l,l
dcl,tcl
q,q
ah,ah
ax,m
er,er
axr,r
ih,ix
y,y
n,n
q,q
iy,iy
eh,eh
ae,m
ih,l
ux,ux
ax,ax
tcl,pcl
iy,iy
ux,ux
ao,ow
ey,ey
ah,ah
aa,aa
ng,n
iy,iy
n,ix
r,r
axr,axr
ix,ih
sh,sh
m,m
em,m
kcl,kcl
dcl,dcl
sh,sh
s,s
iy,r
jh,ch
ux,ix
ah,ow
eh,ih
iy,iy
w,w
w,w
eh,ix
ng,n
k,kcl
hv,tcl
q,q
tcl,tcl
m,m
ay,ay
q,q
aa,ah
tcl,tcl
f,f
ao,ao
pcl,tcl
l,l
dcl,dcl
ae,ae
iy,iy
v,v
d,hh
q,q
ux,ux
l,l
f,kcl
ng,m
ow,aw
iy,iy
m,m
z,z
n,n
ux,ux
f,f
ix,l
dx,dcl
hh,hh
ae,ae
iy,iy
ix,ix
n,w
ay,ay
k,k
r,r
pcl,pcl
z,z
kcl,kcl
s,z
nx,nx
ix,ix
r,r
ix,ix
ax,ax
v,v
eh,r
w,l
pcl,pcl
n,n
jh,jh
tcl,tcl
axr,r
dh,dh
axr,r
ao,ao
k,k
iy,iy
iy,iy
dcl,n
axr,axr
ix,ix
z,z
n,n
th,th
ux,m
el,el
k,k
uh,uh
bcl,bcl
t,t
iy,iy
ih,ih
aa,ay
n,n
tcl,tcl
ae,eh
ax,ax
tcl,dcl
s,s
ih,ix
ih,eh
kcl,tcl
m,m
dx,v
r,r
dh,n
iy,iy
ix,ix
ae,ae
iy,l
sh,sh
kcl,kcl
z,s
ix,ix
pcl,pcl
n,n
r,r
s,s
aa,aw
r,r
ux,ix
ix,ix
ow,el
ay,ay
axr,axr
zh,jh
s,s
ax,ah
r,b
aa,ah
q,q
ch,tcl
f,f
dcl,dcl
kcl,pcl
n,n
m,m
tcl,tcl
tcl,tcl
kcl,tcl
uw,uw
dcl,dcl
tcl,n
ix,ix
ao,ay
ae,ae
t,t
dcl,gcl
ay,ay
eh,eh
dh,v
s,z
dcl,gcl
f,k
q,q
axr,axr
axr,r
iy,iy
tcl,tcl
l,l
q,q
tcl,tcl
r,r
ax,ax
ay,ay
th,th
eh,eh
s,s
n,n
t,t
ae,ae
dx,dx
sh,sh
k,k
ng,ng
q,q
ix,ix
t,t
el,el
sh,sh
dcl,dcl
tcl,tcl
s,s
en,n
gcl,dcl
r,r
s,sh
y,y
t,t
ao,ao
q,q
iy,iy
ix,r
ih,ix
ao,aa
el,el
ae,ae
ix,ax
axr,axr
er,axr
s,s
n,n
r,r
ix,ix
dcl,dcl
w,w
w,bcl
tcl,tcl
sh,sh
kcl,kcl
l,l
iy,iy
tcl,tcl
ao,ao
n,n
eh,ah
iy,iy
s,s
s,s
n,n
r,r
l,l
n,n
axr,axr
t,t
ay,aa
ix,ix
s,s
r,r
s,s
dcl,dcl
ax,w
el,ow
pcl,pcl
ay,ay
ih,l
z,z
ix,ix
ix,ix
dcl,tcl
w,w
iy,iy
iy,r
ow,ow
ah,ah
sh,sh
ih,ih
l,l
kcl,kcl
ax,ax
ae,ae
uw,uw
z,z
ix,ax
kcl,kcl
kcl,tcl
q,q
f,f
iy,iy
kcl,tcl
eh,eh
ae,ae
axr,axr
k,k
g,g
w,w
s,s
l,l
er,r
n,n
iy,ix
aa,aa
s,s
ae,ae
ay,ah
eh,eh
p,p
n,n
s,s
n,n
ao,ao
kcl,tcl
ix,ix
ax,ax
axr,m
r,r
tcl,tcl
er,er
ax,ix
z,z
gcl,n
ah,ah
iy,iy
r,aa
dcl,pcl
m,em
gcl,dcl
tcl,tcl
aa,aa
n,n
dcl,dcl
r,r
ah,ah
f,f
uw,w
dx,dx
z,z
ao,ao
r,r
er,er
l,l
ay,ay
l,l
jh,jh
oy,oy
ix,ix
s,s
eh,eh
eh,eh
l,l
n,n
ih,ih
bcl,tcl
n,n
ih,ih
l,l
w,w
m,m
ae,ae
ah,ah
z,z
n,n
aa,aa
m,m
z,z
k,k
axr,q
er,axr
jh,t
m,bcl
d,t
iy,y
ih,ih
en,n
tcl,tcl
aa,aa
z,z
ae,ae
ih,ix
sh,sh
ay,ay
l,el
pcl,pcl
iy,iy
nx,m
d,dh
ao,ao
ow,ow
ix,ix
pcl,pcl
s,s
s,s
bcl,l
ix,ix
dcl,dcl
pcl,pcl
kcl,tcl
t,t
w,w
dh,dh
p,p
r,r
f,f
l,l
m,m
en,m
l,l
pcl,pcl
l,l
iy,iy
eh,q
ae,ae
ix,ix
n,en
n,n
s,s
em,m
s,s
ih,ix
kcl,tcl
axr,axr
p,v
t,t
axr,axr
dh,dh
el,el
v,v
oy,oy
tcl,tcl
ey,ey
l,l
z,z
ih,ix
s,s
iy,iy
uw,ow
ae,ae
r,r
ao,ao
v,v
n,n
f,f
t,t
jh,jh
ch,jh
s,s
bcl,bcl
iy,iy
dcl,dcl
dcl,dcl
ah,ah
tcl,tcl
g,g
ax,ix
iy,iy
n,n
f,tcl
tcl,tcl
r,axr
ix,ix
l,l
tcl,tcl
aa,ah
ao,ao
hh,hh
iy,iy
g,g
n,n
q,q
p,dh
n,m
s,s
r,r
axr,r
ix,ix
dx,dx
l,l
ae,ae
dx,dx
g,g
ao,ah
kcl,kcl
tcl,tcl
kcl,tcl
k,k
d,d
ix,ix
sh,sh
ix,ix
l,l
q,q
r,r
k,k
t,t
th,dh
ao,ao
t,t
hh,hv
r,r
ae,ae
ay,aa
ay,ae
iy,iy
eh,ix
l,l
el,el
n,n
t,t
iy,ix
ix,ix
f,f
q,q
iy,iy
s,s
n,n
kcl,kcl
p,p
ix,ix
eh,eh
ae,ae
t,t
s,s
p,g
sh,sh
w,w
bcl,bcl
ax,ax
kcl,kcl
ch,ch
ao,oy
t,t
eh,eh
l,l
iy,iy
gcl,tcl
ih,ix
tcl,dcl
t,t
ih,ux
eh,eh
g,g
gcl,gcl
l,l
eh,ih
tcl,pcl
v,ax
y,y
p,hh
f,v
ow,ow
q,q
iy,iy
ix,r
ay,ay
l,l
ix,gcl
q,w
ax,ah
k,hh
n,n
iy,iy
ax,ax
th,th
ae,ae
ix,ax
dh,dh
sh,sh
ng,m
t,t
ay,ay
tcl,tcl
iy,l
dx,dx
ao,aa
aa,aa
r,r
f,f
tcl,tcl
sh,sh
k,k
er,er
t,t
ey,ey
sh,sh
t,t
tcl,tcl
ih,ix
q,q
k,kcl
ih,ih
m,m
ix,ix
tcl,dcl
aa,aa
ih,ih
t,t
iy,ux
d,t
ae,ae
ix,ux
ae,ae
aa,aa
bcl,dcl
z,z
y,y
er,axr
ao,ao
ih,ix
r,r
m,m
eh,eh
tcl,pcl
g,l
s,s
l,l
pcl,pcl
eh,eh
axr,axr
ax,ax
tcl,tcl
nx,gcl
s,s
axr,r
dx,dx
pcl,tcl
s,z
axr,axr
bcl,bcl
q,q
k,k
dh,dh
s,s
en,n
s,s
z,s
k,k
ey,ey
ix,m
l,l
ax,ax
er,axr
y,y
w,w
gcl,hh
t,t
dcl,gcl
aa,aa
f,f
en,m
eh,eh
ae,ae
ng,ng
s,s
n,m
uh,ax
n,m
ae,ae
k,k
ey,ey
k,k
kcl,tcl
iy,iy
iy,iy
s,s
ih,ix
el,el
l,l
r,q
t,d
s,s
w,w
ow,ow
ao,ao
ih,ix
ah,ah
ax,l
ng,ng
l,l
ax,n
dcl,dcl
s,s
ey,ey
aa,aa
r,r
k,hh
ah,eh
ow,ow
kcl,pcl
eh,eh
er,axr
l,l
sh,sh
ix,ix
axr,axr
kcl,kcl
dh,dh
l,l
y,iy
ch,t
ch,ch
ih,ih
n,n
ay,ay
kcl,kcl
ah,ix
ow,ow
ay,ay
ow,ow
pcl,pcl
l,l
uw,w
t,t
q,q
r,r
w,w
w,w
ay,ay
r,r
iy,iy
r,w
ix,ix
f,f
w,w
ao,ao
tcl,kcl
k,k
m,m
kcl,dcl
ih,ix
ux,ux
q,q
axr,axr
q,q
hh,hh
m,m
ay,ay
ax,ax
m,n
ax,ix
r,r
s,s
d,d
r,r
ax,ix
ux,ux
ax,ax
ao,ao
eh,eh
n,n
ax,ix
r,r
dx,dx
n,n
ey,ey
k,k
n,n
gcl,kcl
y,y
iy,iy
ow,el
y,y
dx,dx
ih,ih
dx,dx
r,v
kcl,kcl
tcl,kcl
aa,aa
ix,q
s,s
s,s
v,v
r,r
l,l
n,n
axr,m
r,ix
l,l
tcl,tcl
ih,ih
uh,ah
m,m
ao,ao
l,l
ao,el
ey,ey
w,w
z,f
aa,aa
t,dh
aa,aa
aa,aa
ao,ao
ix,ax
n,n
v,v
er,er
r,r
iy,ix
uw,uw
g,g
ih,ih
iy,iy
bcl,pcl
w,w
s,z
f,f
v,v
iy,ng
ih,ix
f,f
f,f
ch,t
dcl,bcl
l,l
n,m
s,s
f,f
ix,ix
dh,dh
ux,ih
r,r
l,l
bcl,dcl
k,k
w,w
k,k
hv,hv
ao,ao
jh,jh
r,r
dcl,dcl
dh,dh
m,m
tcl,tcl
y,y
s,s
kcl,kcl
sh,sh
hh,hh
aa,ay
ey,iy
gcl,dcl
pcl,tcl
d,t
iy,iy
kcl,kcl
z,z
l,l
er,er
k,g
dcl,tcl
p,p
v,bcl
ey,ey
kcl,kcl
w,w
q,q
ow,ow
ng,n
dx,dx
r,r
w,w
r,r
f,f
iy,iy
tcl,tcl
ah,ah
s,sh
dh,dh
dcl,dcl
ah,ah
f,v
dh,dh
er,axr
ae,ae
ch,sh
l,l
iy,iy
n,m
t,t
jh,jh
pcl,pcl
tcl,tcl
f,f
ix,ix
p,p
t,t
aw,aw
axr,axr
r,r
s,s
q,q
pcl,pcl
b,p
ch,ch
n,m
ng,ng
ah,ah
ae,ae
g,g
iy,iy
n,n
ao,ao
n,ng
m,m
ux,ux
s,s
kcl,tcl
kcl,kcl
y,y
ax,ax
dx,dx
ux,ux
l,l
t,t
iy,y
l,l
ay,ay
eh,ah
w,w
aa,aa
iy,iy
gcl,gcl
z,z
aa,aa
eh,ae
q,q
q,q
dx,dx
m,m
n,n
ng,ng
w,g
m,m
dh,f
ae,ae
dx,v
pcl,pcl
ux,ux
s,s
ow,ow
k,k
ih,ih
dx,nx
uw,uw
tcl,kcl
eh,eh
t,dh
r,r
ax,ax
ey,ey
s,s
el,l
er,er
s,s
n,kcl
aa,aa
s,s
tcl,tcl
dcl,dh
jh,t
ix,ix
axr,axr
pcl,pcl
aa,aa
kcl,kcl
q,hh
n,n
g,g
m,m
ux,ix
s,s
t,t
eh,eh
eh,ix
n,n
ix,ix
er,er
ao,w
n,n
eh,eh
v,v
er,er
r,r
k,k
em,n
aa,aa
kcl,kcl
aa,ao
w,w
z,s
ey,ey
bcl,bcl
kcl,kcl
jh,sh
dcl,gcl
hv,hv
uw,ux
z,z
r,r
r,v
l,l
ey,ey
n,m
ih,ix
d,t
t,d
v,v
s,s
hv,hv
ux,z
ix,ix
n,gcl
ae,ae
eh,eh
hh,hh
eh,ih
ix,ix
r,r
ix,ix
r,r
w,w
ae,ae
n,n
ay,ay
tcl,dcl
m,m
ae,ae
r,r
q,q
ch,ch
ae,ae
kcl,kcl
axr,axr
ow,ow
r,r
axr,axr
m,m
ay,ao
s,s
p,p
tcl,tcl
ey,ix
dx,dx
th,dh
ix,ix
tcl,tcl
ow,ow
d,t
m,m
iy,iy
n,n
ay,ay
s,s
t,t
ax,q
m,m
l,l
l,l
t,t
eh,eh
dcl,n
dcl,dcl
sh,hh
s,s
ey,ey
k,k
ng,n
t,t
eh,eh
ay,ay
ih,ih
ax,ix
k,k
z,s
s,s
er,er
k,k
t,t
tcl,tcl
s,s
ih,ih
t,d
ao,ao
w,ux
dx,dx
k,k
p,p
axr,v
w,w
r,r
sh,sh
ey,ey
m,m
iy,iy
f,gcl
iy,iy
ix,m
aa,ao
tcl,tcl
ix,ix
nx,dh
kcl,tcl
r,r
ax,ih
z,z
n,n
kcl,tcl
ah,ix
s,s
eh,eh
ow,ow
v,v
ae,ae
jh,jh
er,axr
l,r
k,k
ih,ih
ix,ix
l,gcl
hv,hv
v,v
l,l
n,n
z,z
ix,ix
eh,eh
ao,ao
w,w
jh,jh
k,k
el,el
w,w
w,w
ao,ow
dh,dh
th,dh
kcl,tcl
t,t
er,axr
pcl,tcl
iy,iy
s,s
q,q
s,s
hv,hv
iy,iy
ey,ey
f,f
dh,gcl
r,r
r,r
q,ix
hv,hv
s,z
ah,el
axr,axr
ix,ix
p,p
iy,iy
axr,r
s,s
k,k
n,n
ay,aa
t,kcl
w,w
ix,ix
eh,ah
ae,ae
ow,ow
dcl,dcl
ae,ae
ix,ix
ae,ae
ih,ix
ae,ae
uw,r
ch,ch
dh,m
bcl,bcl
f,f
sh,sh
iy,r
gcl,gcl
er,axr
dx,gcl
ay,ay
ix,ix
iy,iy
k,g
tcl,tcl
kcl,kcl
dx,dx
r,w
aa,ao
iy,ix
eh,eh
l,el
ow,ow
pcl,bcl
aa,ah
iy,iy
tcl,tcl
s,s
kcl,tcl
tcl,tcl
kcl,pcl
l,l
n,m
r,r
dcl,tcl
iy,iy
iy,iy
d,d
tcl,tcl
eh,eh
ae,ae
s,s
bcl,bcl
n,n
iy,iy
uh,ix
bcl,m
th,th
iy,iy
ae,ae
r,r
n,n
n,m
q,q
aa,aa
kcl,gcl
t,t
ih,ih
iy,iy
iy,ix
iy,iy
eh,eh
ey,ey
s,s
z,z
axr,axr
pcl,kcl
k,k
sh,sh
ih,l
r,r
s,s
tcl,tcl
gcl,gcl
ix,ix
dcl,v
ng,ng
ae,ae
f,f
ey,ae
l,l
z,s
q,q
l,l
ao,ao
ix,ix
ae,ae
ax,ax
r,r
dcl,bcl
iy,iy
ix,ix
ix,ix
kcl,kcl
gcl,gcl
en,el
dcl,dcl
s,t
eh,eh
ao,ao
bcl,bcl
ix,ix
r,r
ux,ux
p,p
ay,aa
ix,ix
nx,dx
w,w
dcl,dcl
s,sh
kcl,g
f,f
gcl,dcl
t,t
w,w
n,n
s,s
ae,ae
ux,ux
dcl,dcl
ah,ah
r,r
z,z
ao,ao
jh,jh
kcl,kcl
ih,ih
sh,sh
ae,ae
r,axr
dcl,dcl
ey,ey
l,l
ih,ih
aa,aa
ix,ix
ih,ih
kcl,kcl
n,n
iy,iy
dh,dh
v,v
f,f
el,el
f,f
r,r
z,z
ow,axr
z,z
ih,r
bcl,bcl
ae,ae
dh,th
v,v
ax,ix
l,l
iy,iy
n,n
eh,ah
n,n
kcl,kcl
hv,hv
s,s
ey,ey
nx,n
eh,eh
iy,iy
tcl,tcl
s,z
n,n
m,m
r,r
l,l
ey,ey
ux,ux
gcl,gcl
d,t
zh,jh
p,p
ax,eh
er,er
ix,ix
q,q
dcl,tcl
ih,eh
n,n
z,s
g,g
iy,q
axr,axr
tcl,tcl
z,z
ng,m
dcl,dcl
l,l
t,t
kcl,kcl
ix,ix
z,s
th,th
p,p
l,l
y,y
ey,ey
n,n
ae,ae
s,t
r,v
ao,el
ih,ix
tcl,pcl
ax,ix
sh,sh
s,s
sh,sh
m,n
en,n
ae,ae
k,k
tcl,tcl
tcl,tcl
k,k
eh,eh
axr,ix
el,el
ay,ay
z,z
bcl,bcl
q,tcl
k,k
dcl,bcl
n,n
oy,oy
z,s
l,l
aa,aa
oy,oy
ux,ux
z,z
tcl,tcl
bcl,bcl
ix,ix
v,v
ih,ix
r,r
g,g
s,s
k,ng
n,n
s,s
dcl,gcl
z,th
k,k
l,l
ix,ix
m,m
en,n
k,k
g,g
bcl,bcl
s,s
n,n
z,z
q,q
kcl,kcl
l,m
dcl,n
n,n
s,s
ix,ix
kcl,kcl
ey,ey
aa,ao
axr,axr
pcl,tcl
dcl,dcl
iy,iy
l,l
q,q
kcl,kcl
k,k
ae,ae
pcl,pcl
tcl,gcl
kcl,kcl
ih,ix
hv,hv
q,q
tcl,tcl
r,r
eh,ih
k,k
iy,ix
ae,ae
q,tcl
r,r
r,en
ah,ix
w,w
pcl,tcl
aa,aa
ow,ow
d,d
iy,iy
s,s
tcl,tcl
eh,ey
m,m
aw,aw
ow,ow
eh,ix
dcl,dcl
ux,uw
ae,ae
ix,hv
iy,iy
l,el
k,k
r,r
ux,l
hh,hh
w,w
ah,ah
ix,ix
tcl,kcl
n,n
n,n
iy,iy
n,ng
el,el
s,s
r,r
z,z
q,q
v,v
n,n
q,q
ey,ey
g,k
s,f
k,k
th,th
er,er
er,er
dh,v
f,f
ch,t
n,l
ix,ix
w,w
iy,iy
ix,ix
q,q
ih,ix
z,z
kcl,kcl
axr,axr
ux,ux
pcl,pcl
ix,ix
bcl,bcl
dcl,dcl
ih,iy
dh,dh
ax,ix
t,t
ao,ao
ng,ng
dcl,dcl
tcl,q
ax,ix
p,hh
r,r
f,f
er,er
tcl,tcl
v,v
ah,ax
m,w
tcl,tcl
eh,ix
ih,eh
s,sh
y,g
b,p
y,y
s,s
s,s
l,l
iy,iy
ae,ae
eh,eh
ao,aa
dcl,pcl
l,l
r,r
z,z
ae,ae
ey,ey
w,w
m,m
ix,ix
l,l
iy,iy
s,s
ay,ay
hv,hv
dcl,dcl
n,n
t,t
iy,iy
ey,iy
eh,eh
ih,ix
r,r
dcl,dcl
ax,ax
r,r
r,r
sh,sh
r,r
k,k
eh,ix
ow,oy
k,k
er,axr
ix,ix
gcl,gcl
s,s
l,l
q,q
axr,uw
ay,ay
ey,iy
axr,r
p,p
ax,l
q,tcl
s,s
ix,ix
v,v
uh,ah
eh,ae
eh,eh
ae,eh
ax,m
q,q
m,m
ix,ix
sh,sh
aa,aa
n,n
z,z
tcl,tcl
w,w
r,r
s,s
ae,ae
ng,n
r,axr
l,l
f,f
dcl,gcl
iy,iy
t,t
ae,ae
r,r
er,axr
eh,eh
l,l
r,r
ow,ow
m,m
en,v
ow,ow
t,t
r,r
m,m
ix,n
ax,ax
m,m
tcl,tcl
kcl,gcl
dx,dx
s,s
s,s
l,l
q,tcl
ix,ix
gcl,dcl
g,g
s,s
axr,axr
n,ng
axr,axr
kcl,kcl
f,f
ae,ae
r,r
axr,axr
eh,eh
eh,ah
n,m
r,r
sh,sh
s,s
t,dh
f,v
tcl,tcl
eh,eh
t,t
eh,axr
er,er
sh,sh
kcl,pcl
w,w
hh,hv
pcl,tcl
iy,iy
tcl,tcl
jh,jh
ax-h,tcl
w,w
bcl,bcl
dcl,tcl
ih,ix
l,l
ay,aa
m,m
r,r
ix,ix
aa,aa
sh,sh
aa,ay
t,t
ix,ix
iy,iy
ax,n
aw,aw
aa,ah
ey,ey
ix,ih
ih,ih
ux,ux
aa,aa
iy,iy
k,k
ax,l
tcl,tcl
el,l
ah,eh
ix,ix
n,n
m,m
l,l
y,y
v,v
ix,ih
n,gcl
er,er
v,v
n,en
s,s
s,sh
aa,aa
t,d
g,g
aa,aa
ey,ey
ae,ae
eh,ae
ow,ow
ae,eh
eh,ih
ax,ax
ey,ey
sh,f
n,n
ih,ih
kcl,tcl
el,l
r,r
y,y
z,z
n,n
dh,dh
r,r
jh,jh
l,l
z,z
dcl,dcl
k,k
aw,ae
ux,ux
w,w
iy,iy
jh,jh
ng,ng
k,k
ix,ix
l,l
ah,ao
ih,ih
ax,m
ix,ix
ix,ix
ix,ix
z,z
sh,sh
ix,ix
kcl,tcl
dh,dcl
dh,dh
zh,z
m,bcl
q,n
er,er
s,s
dcl,dcl
ix,m
tcl,tcl
l,l
t,t
eh,eh
r,r
f,f
q,ix
w,w
iy,iy
n,n
ax-h,n
q,q
sh,sh
dx,dcl
iy,iy
ah,ao
l,w
w,w
dh,n
ux,ux
f,f
iy,iy
l,l
tcl,tcl
s,s
ae,ae
ae,ae
ow,aw
aw,aw
kcl,kcl
sh,sh
v,v
iy,iy
q,q
k,k
ax,ax
dcl,dcl
dh,dh
hh,hh
oy,oy
n,ng
s,s
aa,aa
n,n
r,r
kcl,pcl
l,l
bcl,dcl
w,w
ah,ah
l,r
w,w
s,s
ae,ae
kcl,kcl
ax,aa
s,s
axr,r
tcl,tcl
r,r
f,f
iy,iy
y,y
ix,iy
ae,ae
kcl,kcl
tcl,tcl
aa,aa
axr,axr
f,f
tcl,v
hh,hh
iy,iy
l,l
ow,ow
dh,dh
nx,l
eh,ix
s,s
k,k
gcl,kcl
r,r
ix,iy
ux,ux
m,m
z,s
s,s
ix,ix
ae,ae
gcl,tcl
ow,ow
ih,ih
iy,iy
tcl,tcl
tcl,tcl
y,y
ah,eh
ae,ae
d,t
l,dh
ah,ah
y,y
aa,ao
r,r
ix,ih
dh,dh
r,r
axr,axr
iy,iy
n,n
f,p
k,g
p,p
tcl,tcl
kcl,kcl
s,s
eh,eh
m,m
ih,ih
kcl,tcl
er,axr
ux,ux
m,n
gcl,gcl
dcl,tcl
ax,ax
oy,oy
ix,ix
l,l
aa,aa
ey,ey
r,r
l,l
kcl,tcl
ih,ih
s,z
ao,aa
iy,iy
ae,ae
p,b
bcl,v
ae,ae
ux,ux
r,r
kcl,tcl
m,m
hh,hh
pcl,pcl
axr,r
r,r
ih,q
oy,oy
n,gcl
aa,aa
iy,iy
ay,ay
k,k
pcl,tcl
ix,ix
aa,ao
t,t
ix,iy
q,q
w,w
bcl,bcl
ix,ix
ng,ng
n,n
l,l
k,k
t,t
ao,ao
n,n
z,z
sh,sh
axr,m
iy,iy
ax,ix
s,s
z,z
dx,dcl
iy,ix
ao,ao
n,n
d,t
tcl,tcl
r,ix
s,s
hv,hh
kcl,tcl
kcl,kcl
r,r
bcl,bcl
z,z
axr,axr
tcl,tcl
ah,ah
axr,er
m,m
m,m
ix,ix
tcl,kcl
gcl,gcl
er,axr
kcl,tcl
iy,iy
zh,z
l,l
l,l
dcl,gcl
ao,ao
ih,eh
tcl,tcl
t,t
dh,dh
ix,ix
ch,t
sh,sh
l,l
axr,axr
l,l
n,tcl
pcl,tcl
f,f
l,m
dcl,dcl
tcl,t
ow,ow
k,kcl
ey,ey
z,z
ow,ow
ix,ix
ix,ix
iy,iy
ow,ow
iy,iy
ix,ix
tcl,tcl
el,el
ix,n
ix,ih
kcl,tcl
ux,ux
s,s
iy,iy
tcl,tcl
ix,iy
k,k
er,axr
d,d
ah,ae
jh,jh
eh,ix
y,y
n,n
axr,axr
m,m
n,n
l,l
ao,ao
l,l
tcl,tcl
dcl,tcl
kcl,kcl
p,p
t,s
eh,eh
s,s
k,k
el,l
tcl,tcl
n,n
axr,axr
ux,ux
m,m
iy,iy
tcl,pcl
t,t
ax-h,kcl
tcl,tcl
s,t
gcl,gcl
n,n
jh,jh
eh,eh
n,n
ix,ix
pcl,pcl
ax,l
ae,ae
v,v
en,en
ow,ow
g,k
ax,eh
q,q
m,m
p,p
eh,eh
m,m
r,r
ih,ih
kcl,kcl
er,axr
aa,ao
n,n
ae,ae
m,m
n,n
dcl,n
ay,ay
iy,iy
iy,iy
w,w
n,m
l,l
iy,iy
ae,aw
sh,sh
l,l
s,s
k,k
l,l
q,q
ey,ey
ih,ih
v,v
dcl,dcl
ax-h,ax-h
nx,n
ix,ix
jh,jh
ih,ih
f,f
r,r
hv,hv
ih,ih
aa,aa
kcl,n
er,axr
er,er
l,l
s,s
iy,iy
z,z
k,k
jh,t
l,l
l,l
s,s
s,s
f,f
kcl,tcl
tcl,kcl
y,m
r,r
aa,aa
tcl,dcl
ih,iy
r,r
dh,dh
dcl,dh
ux,ux
ae,ae
eh,eh
jh,jh
en,en
q,axr
ao,ao
ay,ay
s,s
eh,eh
ax,v
kcl,kcl
ah,ax
ix,ix
r,r
r,ah
iy,ix
q,q
tcl,tcl
ey,ih
gcl,dcl
kcl,tcl
er,axr
eh,ix
iy,iy
eh,eh
t,d
iy,iy
hh,hh
th,v
kcl,kcl
axr,axr
n,n
ah,ax
gcl,tcl
eh,eh
kcl,tcl
iy,iy
l,l
dcl,dcl
eh,eh
iy,iy
ix,ix
ch,ch
r,r
axr,axr
aa,ah
aa,aa
r,r
ng,m
g,g
f,f
k,k
n,n
ih,ih
w,w
n,n
ah,ax
k,dh
g,g
ih,ih
ae,ae
hh,hh
w,w
ay,ae
m,tcl
eh,axr
en,m
iy,iy
dh,v
tcl,dcl
hh,hh
tcl,dcl
dx,dh
t,t
eh,ix
s,s
z,s
bcl,dcl
ix,ix
z,z
ey,ey
q,q
er,axr
ay,ay
t,t
sh,sh
ix,ih
s,s
s,s
q,q
k,k
iy,iy
s,s
ih,ih
tcl,dcl
ah,ax
ih,ih
t,t
p,p
hh,hh
q,q
l,l
l,l
hv,hv
n,n
kcl,tcl
tcl,tcl
v,v
hh,hh
ow,ow
s,s
y,y
ih,ih
l,l
pcl,pcl
er,axr
ay,ay
ix,ax
f,f
n,n
iy,ix
eh,eh
b,b
iy,iy
ih,ih
z,z
f,f
t,t
ax,ax
s,s
bcl,pcl
ow,ow
bcl,gcl
w,w
n,ng
r,r
k,k
axr,axr
ow,ow
ow,ow
aa,aa
ix,ih
g,g
l,l
t,t
sh,sh
l,l
t,t
kcl,kcl
ow,ow
hv,hh
iy,iy
ah,ah
ey,ey
ih,l
r,r
ah,q
m,m
gcl,tcl
ae,ae
tcl,tcl
iy,iy
er,er
ax,ax
uw,uw
ix,ix
eh,ix
aa,aa
z,z
ae,ae
en,ix
er,er
f,f
axr,r
l,l
k,k
iy,iy
th,th
l,w
ix,q
m,m
en,n
kcl,tcl
tcl,tcl
aa,aa
aa,ao
r,r
dcl,dcl
w,w
n,bcl
uw,uw
ae,ae
sh,sh
z,z
l,l
uw,ux
q,q
dcl,kcl
y,y
axr,axr
gcl,tcl
dcl,tcl
hh,hh
gcl,gcl
r,r
l,l
ah,ih
eh,ae
kcl,tcl
iy,iy
kcl,tcl
n,n
tcl,tcl
iy,iy
t,t
dcl,dcl
r,r
s,s
r,r
ix,d
tcl,kcl
ih,ix
ay,ay
s,s
v,v
k,k
iy,iy
gcl,gcl
k,k
q,q
dcl,dcl
ah,ah
gcl,pcl
iy,r
ey,ey
iy,iy
iy,ix
s,s
z,s
gcl,n
s,s
v,w
kcl,kcl
y,y
kcl,tcl
y,y
ey,ah
eh,axr
eh,eh
ix,ix
k,k
bcl,bcl
l,l
ey,eh
kcl,tcl
ax,ax
dcl,dcl
eh,eh
iy,iy
r,n
en,en
m,m
sh,sh
n,n
n,n
s,s
w,w
s,s
iy,iy
k,k
z,z
y,y
ix,ix
f,f
ao,ao
pcl,pcl
kcl,kcl
eh,eh
l,l
ey,ey
s,s
k,k
n,n
z,p
axr,axr
ih,ih
p,p
ux,ux
jh,t
kcl,kcl
t,t
ey,ey
dx,dx
ix,ix
dh,v
d,g
iy,y
p,p
m,m
dcl,dcl
kcl,tcl
uh,uh
iy,iy
l,l
ih,ng
s,s
g,g
n,n
s,s
kcl,pcl
ix,ix
jh,jh
p,p
t,t
w,w
s,s
dcl,dcl
tcl,gcl
ey,iy
ow,ow
s,s
kcl,kcl
ax,n
ao,ah
ih,axr
iy,iy
ih,ih
axr,r
ux,ux
ix,ax-h
axr,axr
ih,ix
n,n
n,n
n,n
s,s
r,r
s,s
ey,ey
l,l
ah,ah
z,z
ax,ah
ih,el
ao,r
iy,iy
hv,hv
w,w
hh,hh
s,s
ng,ng
ow,ao
ax,dx
ey,iy
tcl,tcl
ng,n
tcl,dcl
l,l
ae,ae
s,s
kcl,kcl
ax,l
ih,ix
hv,hv
q,q
v,dcl
tcl,tcl
n,n
ux,ux
ih,ix
k,k
l,l
aa,aa
ih,ih
sh,sh
t,d
d,d
uh,ix
s,s
ih,ih
n,n
s,s
axr,axr
eh,ae
ix,y
sh,sh
r,r
ay,ay
ae,ae
ix,ax
ao,m
iy,ih
t,t
axr,axr
ih,eh
kcl,kcl
z,z
th,dh
ih,ih
g,g
r,r
ay,ay
l,l
bcl,bcl
ix,ih
s,s
axr,axr
q,q
k,k
y,y
ah,ah
iy,iy
s,s
z,z
axr,er
dcl,pcl
iy,iy
pcl,dcl
tcl,pcl
tcl,tcl
tcl,tcl
t,t
tcl,tcl
ih,ih
s,s
iy,iy
aa,aa
kcl,kcl
ix,ix
er,axr
eh,eh
er,er
s,z
ix,ux
k,k
y,y
q,q
l,l
ae,ae
aa,aa
n,bcl
ay,ey
l,l
r,r
ao,ao
l,l
eh,ae
eh,hv
iy,iy
l,l
w,w
y,d
dcl,dcl
ix,ix
ix,n
bcl,tcl
z,z
f,f
dcl,tcl
n,n
r,r
tcl,tcl
en,dcl
ix,ix
m,m
s,s
ih,ih
dcl,dcl
ax,m
ih,iy
t,t
ih,ih
el,m
n,n
axr,axr
p,p
n,ng
ey,ey
eh,axr
gcl,gcl
ux,iy
f,f
axr,axr
em,m
k,k
iy,ih
iy,iy
pcl,pcl
tcl,kcl
l,l
pcl,pcl
l,l
r,ix
tcl,tcl
ux,ux
ix,en
g,g
ng,ng
eh,eh
th,dh
t,t
ao,ao
iy,iy
n,m
ix,ix
kcl,kcl
l,l
aa,aa
m,m
kcl,tcl
dx,dh
r,r
ix,ix
dx,dx
axr,axr
th,f
axr,r
r,r
m,m
ah,ah
iy,iy
ih,ix
s,s
dcl,gcl
s,s
n,n
ay,ay
y,y
ah,ah
iy,iy
w,w
hv,hv
ux,ux
tcl,pcl
ao,aa
axr,axr
z,s
sh,sh
ao,ao
axr,axr
n,m
ax,ax
sh,sh
s,s
iy,iy
tcl,tcl
ux,ux
ix,ix
r,r
oy,oy
hh,hh
k,k
l,l
n,n
p,hh
ay,ay
ey,ey
w,w
gcl,tcl
s,s
d,t
dcl,n
f,dh
er,r
ix,ix
ng,ng
tcl,pcl
ix,r
m,m
l,l
s,s
k,k
k,k
p,p
ih,ux
z,s
n,n
r,r
w,w
k,k
s,s
hh,hh
iy,iy
w,w
ao,ao
ih,iy
dh,dh
n,n
ix,r
dh,dh
eh,eh
n,m
s,s
ay,ay
z,z
aw,ow
nx,nx
axr,r
ay,ay
dx,dx
bcl,bcl
dh,dh
ix,ax
n,n
k,hh
ax,ix
sh,sh
kcl,pcl
bcl,dcl
en,en
v,v
ix,ng
w,w
iy,iy
dx,n
ao,ao
iy,iy
el,l
ay,ay
dcl,kcl
ih,l
ao,ao
s,s
f,f
aa,aa
r,r
ix,iy
v,tcl
n,q
m,m
el,el
tcl,kcl
v,v
t,jh
gcl,gcl
z,z
ae,ae
eh,r
k,k
ae,ae
ao,ao
s,s
l,l
hv,hv
dcl,dcl
n,m
r,r
kcl,pcl
ih,ix
gcl,gcl
ih,ih
r,r
kcl,kcl
eh,eh
aa,aa
p,b
ae,eh
t,t
ao,ao
n,n
k,k
tcl,tcl
n,n
l,l
ih,ax
q,q
n,n
tcl,tcl
m,m
t,t
q,q
ix,ix
eh,eh
l,l
th,th
s,s
ix,ux
z,z
ix,ix
tcl,kcl
n,n
ix,ix
iy,iy
r,ao
n,n
ix,ix
k,k
k,k
bcl,bcl
ay,ay
r,er
m,m
ih,ih
p,hh
ax,ax
th,dh
gcl,gcl
iy,iy
ae,ae
ow,ow
f,f
ix,ix
r,r
dcl,dcl
tcl,dcl
tcl,dcl
dx,v
z,s
tcl,tcl
iy,iy
s,s
dx,dx
m,m
k,k
hv,hv
iy,ix
f,f
gcl,tcl
n,n
ao,ao
ng,gcl
eh,eh
z,z
sh,sh
s,s
ow,ow
eh,ix
pcl,tcl
r,r
ow,eh
r,r
ih,ih
ix,ix
n,ng
iy,iy
bcl,bcl
ux,ux
f,f
q,q
ch,t
ih,ix
ih,ih
kcl,tcl
ey,ey
r,axr
eh,eh
n,n
ae,eh
iy,ng
tcl,kcl
sh,sh
m,m
q,q
z,sh
q,tcl
ix,ix
eh,ih
g,k
s,s
k,k
l,l
ih,ih
sh,sh
ow,ow
p,p
eh,eh
ax-h,hh
q,l
el,el
el,el
nx,n
k,k
iy,ih
s,z
ow,ow
ow,ow
aa,aa
iy,iy
eh,eh
jh,jh
n,n
p,p
pcl,pcl
f,f
hv,hv
z,z
w,w
s,s
s,s
ax,ax
zh,s
iy,ux
kcl,kcl
nx,n
kcl,kcl
f,f
s,s
ah,ax
l,l
en,en
iy,iy
z,s
sh,sh
ax,v
y,l
ax,ax
ix,ix
n,m
r,r
dh,dh
iy,iy
l,l
k,k
ng,ng
ix,ix
g,g
eh,eh
ax,ix
ih,ih
dcl,dcl
ey,iy
pcl,tcl
hh,hh
el,el
dcl,dcl
kcl,pcl
z,z
w,w
ix,ix
n,n
q,q
dcl,dcl
eh,eh
kcl,kcl
ix,ix
s,s
oy,oy
iy,ux
n,n
s,s
iy,y
s,s
dx,gcl
k,k
ow,ow
n,n
m,m
ah,ah
hv,hv
ao,ao
tcl,tcl
tcl,tcl
iy,iy
ih,iy
s,s
t,t
eh,eh
t,t
ao,er
ao,ao
r,r
w,w
dcl,dcl
nx,n
kcl,kcl
jh,jh
s,s
dcl,pcl
s,z
q,q
ow,el
iy,iy
s,s
n,n
z,s
tcl,tcl
ae,ae
r,r
ih,ih
m,bcl
ax,ax
axr,axr
r,r
iy,iy
ix,ix
aa,ao
nx,n
kcl,tcl
gcl,dcl
f,f
aa,aa
eh,eh
ih,eh
r,r
aa,aa
er,er
m,m
n,ng
gcl,gcl
ix,ix
ae,ae
f,f
pcl,pcl
sh,sh
r,r
iy,iy
eh,eh
k,k
l,l
ih,iy
jh,jh
eh,eh
ao,ow
ih,ix
t,t
eh,ae
axr,axr
iy,iy
m,m
ix,ix
t,t
tcl,tcl
r,r
uw,uw
ao,ao
aa,aa
sh,sh
ih,ih
hv,hv
tcl,tcl
iy,iy
k,k
ax,eh
kcl,gcl
tcl,tcl
ix,ix
ix,n
pcl,tcl
ix,ix
ix,ix
z,z
n,n
er,axr
ae,ae
l,l
dcl,tcl
r,r
dx,dx
tcl,tcl
k,k
dx,dx
ey,ey
g,g
ih,ih
s,s
pcl,kcl
ay,ay
f,f
sh,sh
t,d
ax,l
r,r
ah,m
g,k
dh,dh
hh,hh
ax,ax
ey,ey
ix,ix
ay,ay
q,q
y,y
w,m
kcl,tcl
q,q
dx,dx
tcl,tcl
dx,tcl
ao,r
k,k
ow,eh
ow,ow
iy,hv
ih,ix
uh,ah
n,ng
ow,ow
pcl,pcl
s,s
tcl,tcl
gcl,tcl
ix,ix
iy,iy
m,m
oy,oy
iy,iy
n,n
hh,hh
q,q
ih,ih
dh,dh
eh,ah
s,s
ae,ae
z,z
kcl,pcl
v,v
l,l
tcl,dcl
iy,iy
dx,dx
l,l
b,p
axr,axr
tcl,pcl
m,m
t,s
ix,iy
sh,sh
q,q
tcl,tcl
ah,ah
ih,ih
er,axr
l,l
d,d
hv,hv
r,l
iy,l
t,t
aa,r
n,m
n,m
r,r
l,l
dh,dh
sh,sh
m,m
r,r
ey,ey
iy,iy
l,l
k,k
ax,ah
ax,ax
r,r
z,s
ix,ix
t,t
l,l
tcl,tcl
pcl,tcl
ow,ow
kcl,kcl
sh,sh
q,q
s,s
s,s
l,l
r,m
n,n
ah,ah
axr,axr
ao,ow
ay,ay
gcl,tcl
r,r
pcl,tcl
r,r
hv,m
kcl,kcl
bcl,dcl
ng,ng
s,s
z,z
y,y
ax,ax
dcl,gcl
ix,ix
ow,ow
m,m
dh,dh
eh,ae
l,l
ix,ix
ix,ix
r,r
eh,ax
tcl,tcl
r,r
n,ng
dcl,dcl
el,el
iy,iy
d,d
gcl,dcl
p,p
dcl,gcl
r,r
l,l
k,k
el,l
sh,sh
axr,axr
pcl,tcl
axr,axr
d,d
pcl,tcl
sh,sh
q,q
ow,ow
dcl,gcl
n,n
bcl,bcl
s,s
bcl,bcl
ay,ay
ix,axr
ae,ae
tcl,tcl
p,p
v,v
kcl,kcl
r,r
ae,ae
dcl,n
w,w
pcl,pcl
m,m
gcl,gcl
s,s
l,l
dcl,dcl
iy,iy
m,m
axr,er
sh,sh
axr,axr
s,s
z,z
iy,iy
ae,ae
p,p
ng,ng
v,v
tcl,tcl
ax,ax
kcl,kcl
k,k
l,l
kcl,kcl
n,m
w,w
q,tcl
aa,r
w,w
tcl,tcl
iy,iy
l,l
kcl,tcl
bcl,bcl
n,m
k,k
ih,ih
tcl,gcl
y,y
ah,uh
kcl,tcl
axr,axr
ae,ae
el,l
iy,iy
aa,aa
n,n
dx,tcl
ih,ih
dcl,l
r,r
axr,axr
axr,axr
v,v
tcl,tcl
l,el
gcl,gcl
tcl,tcl
pcl,pcl
w,w
s,s
n,ng
v,dh
ch,ch
iy,iy
l,l
ay,ay
ch,jh
ax,l
aw,aw
ng,ng
ow,ow
r,r
iy,iy
v,v
pcl,gcl
iy,iy
kcl,tcl
pcl,pcl
n,m
eh,ix
n,ng
w,w
ix,ix
n,n
s,s
ae,ae
dx,dx
s,s
axr,axr
pcl,pcl
bcl,pcl
ix,axr
tcl,kcl
f,f
b,hh
axr,axr
kcl,kcl
r,r
bcl,bcl
aa,aa
em,em
r,r
s,s
er,er
ih,iy
hv,hv
l,l
r,r
ay,ay
r,axr
kcl,gcl
l,l
m,gcl
k,k
axr,axr
ix,ux
iy,iy
tcl,tcl
l,l
aw,aw
tcl,pcl
iy,iy
iy,iy
th,kcl
hh,hh
gcl,gcl
ih,ix
bcl,dcl
iy,iy
dcl,tcl
axr,axr
ao,ao
n,m
ay,aa
gcl,pcl
m,m
dcl,dcl
s,s
sh,sh
w,w
ch,sh
ih,ix
hv,hv
tcl,pcl
ah,ae
t,t
ux,ux
pcl,tcl
kcl,kcl
ae,ae
k,tcl
dh,dh
t,t
ix,ng
w,l
ao,ao
f,f
oy,oy
q,q
s,z
ae,ae
ao,ao
r,r
dcl,tcl
m,m
kcl,kcl
n,m
f,f
dcl,dcl
ey,ey
ax,ax
ax,ax
v,v
t,t
eh,axr
v,v
kcl,m
r,r
eh,eh
kcl,n
l,l
ih,ix
s,s
iy,iy
ae,ae
ix,ah
er,er
dcl,n
ow,ow
r,r
z,z
dcl,dcl
v,v
v,v
tcl,tcl
iy,iy
jh,jh
iy,iy
z,z
y,y
ih,ix
l,el
axr,axr
axr,axr
n,n
tcl,tcl
dcl,dcl
bcl,bcl
ax-h,dh
iy,iy
dcl,dcl
ch,ch
tcl,tcl
er,axr
ix,ix
ih,ix
bcl,w
tcl,tcl
l,l
ih,iy
ih,ih
ao,ao
p,p
t,t
aa,ao
r,r
r,m
m,m
r,r
ah,ah
eh,ah
s,s
s,s
w,w
p,dh
pcl,tcl
tcl,tcl
dh,m
bcl,dcl
y,y
s,s
z,z
v,v
ix,axr
bcl,bcl
m,m
z,s
er,axr
z,z
tcl,tcl
ao,ao
s,s
ix,ix
r,r
r,r
gcl,ix
iy,iy
sh,sh
ao,ao
ah,ah
l,n
ih,iy
k,kcl
n,m
aa,aa
kcl,tcl
z,z
n,n
g,g
ng,ng
dx,dx
g,g
dh,t
ix,axr
p,p
kcl,kcl
sh,sh
l,l
m,m
r,axr
axr,axr
r,r
axr,axr
r,r
ng,gcl
t,t
eh,eh
ax,ix
s,s
r,r
l,l
er,er
hh,hh
ix,ng
ch,ch
iy,iy
eh,ix
f,f
t,t
p,p
ao,ao
ae,ae
f,f
ay,ay
p,p
ih,ix
kcl,tcl
eh,er
kcl,kcl
aa,ao
sh,sh
l,l
eh,eh
f,f
bcl,tcl
iy,iy
aa,ao
ih,ae
ax,ax
sh,sh
r,r
ay,ay
ix,ix
m,m
tcl,tcl
ix,ix
l,m
ey,ey
eh,ah
tcl,tcl
s,s
eh,ax
q,q
ao,ao
s,s
p,f
ow,ow
ao,ao
eh,eh
s,s
dcl,tcl
r,r
q,q
jh,jh
tcl,tcl
z,z
eh,eh
tcl,tcl
sh,sh
sh,sh
d,t
l,l
tcl,tcl
axr,r
s,sh
ow,ow
r,r
s,s
ah,ah
s,sh
l,l
ix,ix
iy,hv
ey,ey
k,k
v,v
el,el
iy,iy
s,s
dh,kcl
n,n
ux,y
iy,iy
aa,aa
ao,ao
ah,ah
m,gcl
v,v
m,m
t,t
ix,ix
bcl,bcl
axr,axr
tcl,tcl
ow,el
kcl,dcl
dcl,dcl
bcl,bcl
iy,ng
er,er
t,t
iy,iy
z,t
ow,ow
z,z
l,l
w,w
m,m
r,v
ch,jh
aa,aa
s,ch
aa,aa
eh,axr
gcl,tcl
d,d
sh,sh
tcl,dcl
n,n
dh,dh
kcl,kcl
ow,ow
ah,aa
l,l
s,s
iy,ix
er,axr
f,f
dh,tcl
ao,ao
g,k
v,v
ax,ax
n,m
y,iy
ah,ah
tcl,gcl
q,bcl
pcl,kcl
hv,y
m,m
dcl,dcl
s,s
r,r
w,w
kcl,tcl
l,l
l,w
r,r
p,d
n,l
ix,ix
kcl,pcl
uh,el
hv,hv
q,q
eh,eh
t,t
hv,hv
en,en
ow,ow
eh,eh
ah,eh
ix,ix
ax,ix
ey,ey
ch,jh
f,f
ah,ah
g,g
t,t
ay,ay
k,k
th,th
g,g
kcl,kcl
q,q
ae,ae
gcl,kcl
l,l
r,r
v,ux
dh,d
gcl,gcl
s,s
ow,ow
ih,ih
ao,r
s,s
w,w
ao,ao
ix,ih
axr,axr
aa,aa
pcl,pcl
dh,dh
dcl,tcl
ih,ih
ix,ix
w,v
ih,ih
tcl,tcl
iy,iy
ah,ah
eh,eh
iy,iy
tcl,tcl
l,l
kcl,kcl
dx,dx
n,n
r,r
q,q
ih,ih
z,z
d,d
eh,ix
p,p
aa,aa
sh,sh
tcl,tcl
bcl,gcl
y,y
tcl,tcl
n,n
hh,p
axr,r
eh,ae
n,n
m,m
n,n
ah,eh
ao,ao
t,d
ix,ix
l,l
sh,sh
dx,dx
sh,sh
n,n
ix,ix
p,tcl
aa,ao
ax,ax
n,n
ao,ao
ix,ix
t,t
r,axr
iy,r
ax,ix
iy,iy
r,r
ix,ix
iy,iy
nx,l
s,z
s,s
s,sh
ax,ax
eh,eh
m,m
w,w
ow,ow
z,s
m,m
p,p
ix,ix
ow,ow
g,l
k,k
s,z
s,s
p,p
m,m
n,n
ax,ax
bcl,bcl
ax,ax
k,k
iy,iy
eh,eh
dcl,dcl
k,k
q,q
ax,ah
ih,ih
s,s
pcl,pcl
v,v
jh,jh
s,s
r,r
n,n
tcl,bcl
v,v
iy,y
gcl,gcl
r,r
l,el
ao,ao
ax,ax
ae,iy
tcl,kcl
bcl,pcl
f,f
dh,dh
ay,ay
ay,ay
en,m
ax,ax
pcl,tcl
dcl,tcl
axr,axr
r,r
ey,iy
ae,eh
s,s
s,z
eh,ix
uh,el
ow,ao
axr,axr
p,hh
pcl,pcl
gcl,gcl
l,l
uw,uw
pcl,pcl
n,n
f,f
k,g
kcl,kcl
ao,axr
ae,ae
m,m
s,s
r,r
tcl,tcl
s,s
dh,k
ah,ah
b,b
ao,ao
pcl,pcl
pcl,pcl
ih,ix
tcl,tcl
ix,ix
kcl,kcl
ay,ah
gcl,gcl
iy,iy
en,n
kcl,kcl
tcl,gcl
axr,er
ae,ae
el,l
iy,axr
f,f
dh,v
m,m
dh,dh
g,k
r,r
ax,ix
m,m
n,n
ae,ae
ih,ih
q,q
uh,r
ao,ao
f,f
dcl,bcl
g,g
t,t
eh,ae
tcl,tcl
th,dh
n,n
n,n
ah,ah
ah,ah
ux,y
ay,ay
y,y
gcl,dcl
t,t
eh,ix
er,er
n,n
n,n
tcl,kcl
s,s
n,n
aw,aw
s,s
tcl,tcl
en,en
axr,r
ae,ey
ih,ih
g,g
er,er
aa,aa
s,s
ih,ih
t,d
m,n
f,f
ey,ix
s,f
dcl,tcl
ix,ix
ix,n
z,s
hh,hh
ih,y
s,sh
z,z
tcl,dcl
b,v
w,w
n,n
ay,ay
w,w
zh,sh
n,n
dcl,dcl
l,l
tcl,gcl
r,r
l,l
tcl,tcl
d,d
kcl,kcl
s,s
ey,ey
m,m
ix,q
ix,ux
ih,ih
n,n
w,w
v,v
pcl,tcl
iy,iy
ao,ao
kcl,kcl
bcl,pcl
ae,ae
n,n
s,s
w,w
kcl,kcl
tcl,n
ah,ah
axr,axr
ax,ax
ah,ow
r,axr
m,m
jh,jh
f,f
er,er
er,er
dcl,dcl
ae,eh
s,s
s,s
ae,eh
aa,er
ux,ux
n,m
k,k
f,v
ae,eh
ah,ax
uh,uh
kcl,kcl
bcl,tcl
f,f
pcl,tcl
hv,hv
gcl,gcl
tcl,tcl
ey,iy
n,n
t,k
iy,iy
iy,iy
m,n
ix,ng
iy,iy
tcl,tcl
ao,ao
ae,ae
en,en
s,s
s,s
iy,iy
l,l
th,th
iy,iy
kcl,tcl
ix,ih
n,n
ih,iy
s,s
ix,ix
ao,ao
q,q
hv,hh
ng,ng
uh,uh
r,axr
s,s
dcl,dcl
aa,ao
dcl,pcl
s,s
r,r
aa,aa
r,r
ae,ae
z,z
z,z
sh,sh
dh,dh
y,y
dh,f
bcl,tcl
axr,er
kcl,kcl
kcl,kcl
w,w
kcl,kcl
p,p
g,g
y,y
axr,axr
aa,aa
kcl,kcl
s,s
ix,ix
l,l
n,tcl
ae,ae
ax,ax
t,t
gcl,gcl
s,s
r,er
g,g
ae,ae
tcl,tcl
f,f
r,r
ch,t
aa,aa
axr,axr
gcl,bcl
p,p
z,s
w,w
l,l
l,l
ih,ih
tcl,en
tcl,pcl
ao,ao
n,n
v,f
dcl,dcl
n,m
p,b
bcl,dcl
l,l
ux,axr
eh,eh
w,w
b,b
k,k
r,r
eh,eh
l,l
t,tcl
r,r
ix,ax
kcl,ng
sh,sh
ah,ix
en,en
ae,ae
k,k
ix,ix
sh,sh
s,s
pcl,pcl
f,f
l,l
jh,jh
aw,ae
n,n
v,v
hh,hv
dx,v
s,s
gcl,gcl
iy,y
ae,eh
eh,eh
bcl,pcl
z,z
l,l
er,er
dh,dh
tcl,tcl
n,ng
uw,uw
kcl,kcl
q,q
nx,n
gcl,n
uh,uh
ao,ao
f,f
r,r
f,f
n,n
z,z
dh,dh
axr,axr
z,s
ch,jh
ih,ih
aa,ao
ax,ax
hv,hv
hh,hv
jh,jh
iy,iy
ih,ix
k,k
ay,ay
ix,ix
t,t
l,m
tcl,tcl
gcl,gcl
hh,hh
m,m
l,l
ux,ux
l,l
g,g
dcl,m
l,l
pcl,pcl
v,v
dh,l
m,m
p,p
hv,hv
ix,ix
tcl,tcl
ey,ey
m,n
d,tcl
axr,axr
ih,ih
ix,ix
k,k
ax,ax
aa,aa
n,n
iy,iy
ax,ax
dcl,dcl
r,r
dcl,dcl
ux,ux
eh,eh
ch,ch
n,l
sh,sh
iy,iy
iy,iy
ow,ow
gcl,gcl
axr,axr
n,n
r,r
iy,iy
axr,axr
ae,ae
l,l
s,s
n,n
n,n
n,n
axr,axr
z,z
l,l
el,l
iy,iy
ao,ao
axr,axr
r,r
iy,iy
ih,el
t,dh
n,n
iy,iy
eh,ix
ay,ay
g,k
ae,ae
aa,aa
ix,ix
w,w
ax,em
k,k
ey,ey
ah,ah
r,r
dx,dx
aa,ao
tcl,kcl
s,s
k,k
r,r
ae,ae
ey,ey
w,l
hh,y
m,m
axr,axr
dx,dx
oy,oy
ax,ax
s,s
dh,dh
dx,ix
ux,ux
t,t
y,y
w,w
ih,ey
sh,sh
l,w
uh,ix
ih,l
z,z
m,m
ix,ix
axr,axr
y,y
pcl,pcl
d,t
gcl,gcl
er,axr
tcl,pcl
jh,t
tcl,tcl
tcl,tcl
er,axr
er,er
l,v
ax,r
l,l
ao,ao
s,s
s,s
ix,ux
q,tcl
n,ng
s,s
ux,ux
t,t
hv,y
ae,ae
g,g
ae,ae
w,w
kcl,kcl
m,m
ow,ow
tcl,tcl
tcl,tcl
ax,ax
ix,ix
p,p
w,w
gcl,gcl
ih,ix
iy,iy
ao,ao
m,m
ae,ae
aa,aa
iy,ih
r,r
l,l
m,n
ae,ae
ix,ix
l,l
iy,iy
t,t
aw,ah
ah,ah
p,p
d,d
ae,ix
y,y
ix,iy
kcl,kcl
ix,ix
y,y
kcl,kcl
n,n
n,n
dh,dh
z,z
tcl,tcl
f,f
r,r
z,s
zh,z
dh,l
r,r
p,p
ng,ng
eh,ih
s,s
iy,iy
l,l
z,z
l,l
p,hh
ah,ae
iy,iy
oy,oy
y,ix
sh,sh
ax,ax
ix,ix
tcl,tcl
w,w
iy,iy
ih,ih
q,q
uw,w
er,r
r,r
y,y
iy,iy
kcl,tcl
iy,r
dh,dh
q,q
ey,ey
el,el
y,y
sh,sh
iy,ix
l,l
y,y
ah,ao
z,z
pcl,pcl
sh,sh
f,f
s,s
pcl,pcl
ng,gcl
ux,axr
pcl,tcl
eh,eh
v,v
dx,v
ix,eh
f,f
th,th
ux,iy
q,dh
ix,ix
ng,n
n,n
m,m
iy,y
dcl,gcl
axr,er
r,r
ah,ah
kcl,kcl
k,k
dcl,dcl
r,axr
ih,axr
ow,ow
t,t
l,l
ih,ih
th,f
l,l
aa,aa
p,p
l,w
ix,ix
gcl,kcl
eh,eh
ix,ix
l,m
ix,ix
iy,iy
aa,ah
ih,ix
f,f
z,z
w,w
r,r
k,g
ix,ix
tcl,tcl
uw,w
tcl,tcl
tcl,tcl
dcl,tcl
ae,ae
tcl,tcl
ih,ih
ae,ae
r,r
v,v
ay,ay
axr,er
ux,ux
g,g
f,hh
kcl,kcl
k,k
ix,ax
k,k
v,v
d,d
s,s
s,s
iy,iy
ih,ah
ix,ix
k,k
z,z
pcl,pcl
pcl,tcl
ah,ix
el,el
m,m
eh,ah
ah,ah
axr,axr
s,s
axr,axr
l,l
kcl,kcl
iy,iy
t,t
dcl,dcl
gcl,gcl
ay,ay
ax,n
t,t
n,n
ux,iy
axr,er
bcl,v
ae,ae
k,p
ao,aw
ix,l
ae,ae
ih,r
m,m
z,s
oy,oy
l,l
iy,iy
w,w
n,m
w,w
kcl,kcl
ay,ay
k,k
hh,hv
iy,iy
ix,ix
f,f
ax,ax
ao,ao
kcl,tcl
m,m
iy,iy
r,r
m,m
r,r
ay,ay
m,m
t,d
ay,ay
g,g
iy,iy
pcl,pcl
r,axr
ey,ey
kcl,tcl
dh,dh
ux,ux
ae,ae
ao,el
tcl,tcl
y,m
m,m
n,n
p,t
ae,ae
ux,ux
tcl,tcl
ch,ch
iy,ix
l,l
n,n
ix,nx
bcl,bcl
z,z
kcl,kcl
dcl,dcl
y,y
iy,iy
m,m
sh,sh
ih,iy
w,w
k,k
ae,eh
sh,sh
tcl,tcl
z,s
dx,gcl
l,l
r,axr
r,r
dx,g
tcl,tcl
ih,ix
ix,ix
n,n
eh,eh
v,v
l,l
ao,ao
ao,ao
iy,iy
aa,aa
eh,r
l,l
w,w
er,ah
aa,ao
jh,jh
f,f
z,s
sh,sh
r,r
z,z
iy,ix
ix,ix
ih,ih
uw,uw
ae,ae
ao,ao
th,z
sh,sh
ch,jh
iy,iy
ah,ah
n,m
iy,iy
n,m
t,t
k,k
y,y
ae,ih
z,z
p,p
ay,ay
ax,ih
dh,kcl
er,er
r,r
s,s
v,v
s,s
ng,ng
ah,ah
ao,ao
n,n
w,w
aa,aa
pcl,pcl
m,m
dx,nx
k,k
p,p
l,ax
tcl,tcl
ow,el
sh,sh
l,l
axr,r
r,r
r,gcl
z,s
aw,aw
s,z
w,w
n,m
r,r
dx,dx
s,s
s,z
dh,dh
tcl,kcl
r,r
axr,axr
l,l
pcl,pcl
eh,eh
r,r
r,r
hv,hv
eh,ih
er,axr
z,z
f,f
m,tcl
dh,dh
s,s
ey,iy
r,r
kcl,kcl
tcl,tcl
ae,ae
q,q
ax,ax
s,s
tcl,tcl
ng,ng
ae,ae
z,z
axr,er
k,tcl
pcl,pcl
ux,ux
l,l
ix,ax
hh,q
r,r
z,z
s,s
tcl,n
dx,dx
l,l
ix,ix
ao,ao
ix,ix
r,r
ih,ix
dx,dh
p,p
l,l
ix,ix
kcl,kcl
iy,iy
tcl,z
bcl,bcl
dcl,tcl
pcl,tcl
dcl,dcl
s,s
kcl,kcl
gcl,gcl
s,s
z,s
aa,aa
ch,t
ix,iy
el,w
ax,ax
pcl,pcl
iy,iy
eh,eh
ay,ay
ih,ix
ix,ix
dh,dh
z,z
gcl,gcl
ax-h,ax-h
dcl,dcl
ux,ux
n,n
ax,l
ch,ch
s,s
kcl,kcl
z,s
aa,ao
dh,dh
ih,ih
l,q
m,m
ow,ow
w,w
s,s
l,l
ey,ey
n,n
d,d
r,q
ih,ih
dcl,gcl
ey,ey
ah,l
l,l
m,m
tcl,tcl
eh,ix
hv,hh
g,g
ao,ao
k,k
th,th
v,m
ey,ey
ah,ax
ah,ah
ao,ao
ax,ax
v,v
r,r
kcl,kcl
iy,iy
q,q
s,z
iy,iy
bcl,bcl
jh,sh
ux,ux
ix,eh
z,z
n,n
kcl,kcl
kcl,kcl
kcl,kcl
q,q
ae,eh
ae,ae
ix,ih
iy,iy
kcl,kcl
ix,ix
w,w
q,kcl
dx,dx
t,t
aa,aa
q,q
oy,oy
kcl,kcl
ix,ey
n,n
ix,ix
w,w
iy,iy
ih,ih
iy,iy
ay,ay
ax,ix
hh,hv
ae,ae
ow,ah
ao,w
zh,jh
w,w
p,p
pcl,pcl
jh,s
axr,r
iy,iy
th,th
ay,ey
z,s
y,y
iy,iy
jh,jh
m,m
iy,iy
t,t
bcl,pcl
kcl,kcl
kcl,kcl
ae,ae
pcl,pcl
l,l
kcl,v
axr,axr
ix,hv
kcl,gcl
v,v
iy,iy
tcl,tcl
m,m
gcl,n
v,v
z,z
t,jh
oy,oy
k,k
tcl,pcl
l,w
f,f
s,s
ux,ux
f,f
hv,hv
uh,ax
ah,ah
ae,ae
d,d
axr,axr
gcl,gcl
f,f
eh,ix
ao,ao
f,f
z,z
ng,ng
k,k
n,n
aa,aa
ao,l
kcl,kcl
l,l
th,th
m,m
p,p
tcl,kcl
ow,ow
el,el
n,n
m,m
f,z
k,k
pcl,tcl
n,n
ch,jh
ay,ay
ax,q
n,n
t,t
jh,jh
aa,aa
iy,iy
z,z
kcl,gcl
l,l
m,m
er,er
ax,ix
n,dcl
ih,ey
er,er
w,w
f,f
ih,iy
r,r
t,t
gcl,gcl
eh,ix
m,n
pcl,pcl
kcl,kcl
k,k
tcl,tcl
iy,iy
s,s
n,n
kcl,kcl
l,l
kcl,kcl
hv,hv
p,p
pcl,pcl
n,n
ow,l
dcl,tcl
dh,l
r,r
s,z
ae,ae
pcl,pcl
ih,ih
s,s
n,n
dx,dx
z,z
eh,ae
m,m
kcl,tcl
r,r
n,n
iy,ix
ae,ae
ih,ix
aa,aa
s,z
ae,ae
dx,dcl
axr,axr
sh,sh
ah,ax
ih,ix
ae,ae
hh,hh
ow,aw
f,f
ow,ow
n,n
eh,eh
oy,ao
tcl,tcl
w,w
tcl,tcl
r,r
w,w
ih,ih
f,f
ux,ux
r,r
k,k
z,s
w,w
l,l
ao,ao
k,k
f,f
dcl,dcl
kcl,kcl
iy,iy
ao,ao
iy,iy
k,s
q,q
n,n
k,k
eh,eh
ih,ih
er,r
tcl,tcl
ey,iy
s,s
aa,aa
dh,dh
iy,iy
ax,ix
n,en
bcl,bcl
iy,iy
ih,ix
k,k
axr,dx
k,k
z,s
ix,ng
dh,dh
er,axr
ay,ay
dh,dh
dh,dh
dcl,dcl
n,n
ih,ih
ao,ao
l,l
w,w
v,v
ae,ae
ax,l
ax,ix
l,w
jh,jh
tcl,pcl
gcl,m
l,l
d,t
ix,ix
axr,axr
eh,eh
r,r
axr,axr
dcl,tcl
iy,iy
ao,ao
dh,b
t,t
dh,dh
l,l
dx,dx
t,t
ao,w
p,p
sh,sh
f,v
v,v
dh,m
ae,ae
eh,ix
iy,iy
dcl,dcl
d,t
eh,eh
ih,ih
oy,oy
pcl,tcl
k,k
z,z
p,p
aa,aa
s,s
axr,axr
r,r
ae,ae
t,t
ey,ey
dcl,tcl
ey,iy
er,axr
kcl,hh
l,l
axr,axr
l,l
uh,w
ih,ux
iy,iy
iy,iy
q,q
ay,ay
iy,iy
ix,ix
eh,eh
ah,ah
s,s
pcl,pcl
t,t
n,n
pcl,tcl
dh,dh
g,g
k,k
oy,oy
ih,ih
z,s
ix,ix
ey,ey
s,s
tcl,tcl
eh,eh
ae,ae
kcl,gcl
ah,ah
k,dh
ng,ng
ix,iy
q,q
aw,aw
ih,ih
ix,axr
s,s
p,hh
jh,v
l,l
l,l
k,k
kcl,dcl
z,z
eh,eh
ah,ah
p,p
q,q
iy,iy
ux,ix
aa,aa
en,m
dcl,gcl
r,r
ao,ao
tcl,tcl
tcl,pcl
r,r
gcl,pcl
ah,l
dh,m
iy,iy
eh,ix
iy,ey
ae,ae
n,n
eh,eh
ey,ey
s,s
ix,axr
ux,ux
ao,ao
ah,eh
v,w
dcl,dcl
n,m
iy,iy
dx,dx
kcl,kcl
ix,ix
n,m
iy,iy
g,g
n,n
f,f
er,axr
eh,eh
axr,r
er,axr
iy,iy
eh,eh
s,s
s,s
ux,y
dh,dh
kcl,kcl
iy,iy
axr,axr
axr,axr
iy,iy
l,l
iy,y
k,k
ih,ih
ux,er
bcl,bcl
pcl,tcl
ix,ix
pcl,pcl
iy,iy
iy,iy
axr,axr
n,m
ah,ah
tcl,dcl
iy,iy
pcl,tcl
ix,ix
t,t
eh,eh
ih,ix
ih,ih
n,n
eh,eh
kcl,kcl
r,r
s,s
t,t
tcl,tcl
ih,ix
tcl,kcl
dx,dx
axr,r
ae,ae
s,s
l,l
g,g
gcl,tcl
ao,ao
p,f
ih,ih
eh,ae
q,q
w,w
m,n
ey,ey
tcl,tcl
y,y
n,n
ih,ix
s,s
s,s
r,r
pcl,tcl
y,y
ix,ix
en,m
s,s
kcl,kcl
l,l
ix,ix
b,b
s,s
s,s
dh,dh
pcl,pcl
t,t
aa,aa
ae,eh
pcl,pcl
dx,dx
dcl,dcl
kcl,kcl
pcl,tcl
aa,aa
iy,iy
k,g
dcl,kcl
axr,er
t,t
ae,ae
f,f
uw,m
ow,ow
n,gcl
l,l
iy,q
ix,ix
aa,aa
s,s
ax,q
ix,ax-h
ax,w
kcl,pcl
ax,ax
er,er
r,r
dh,dh
t,t
ix,ix
ux,ux
iy,iy
dh,dh
tcl,tcl
n,n
ix,iy
ow,ow
ih,ix
n,n
sh,sh
iy,iy
n,n
ay,ay
l,l
ux,ux
axr,axr
p,f
dcl,dcl
tcl,tcl
aa,aa
tcl,pcl
ax,ax
ix,ix
ae,aw
aa,l
r,r
kcl,kcl
l,l
ax,l
aa,aa
iy,iy
ax,ih
l,l
iy,y
kcl,tcl
s,s
w,w
z,z
ih,l
dx,dx
ix,ix
ng,ng
s,s
iy,iy
uh,ix
p,p
f,f
bcl,m
ey,ey
tcl,kcl
y,y
tcl,tcl
iy,ix
ao,ao
p,p
eh,eh
g,k
iy,iy
z,z
kcl,kcl
w,w
bcl,bcl
s,s
r,r
tcl,tcl
uh,el
r,r
aw,aw
ix,ix
n,n
r,r
kcl,kcl
el,el
nx,nx
ae,ae
s,s
l,l
dcl,tcl
eh,eh
f,f
eh,eh
ux,ux
sh,hh
y,q
ih,ih
aa,aa
ax,l
s,z
er,axr
kcl,kcl
r,r
hh,hh
ae,ae
kcl,kcl
axr,ux
eh,ix
iy,iy
y,ux
eh,eh
ih,v
dcl,dcl
r,r
iy,iy
iy,y
ae,ae
l,ax
ae,ae
ux,ux
ax,ah
ae,eh
dh,dh
ih,ux
ix,ix
n,dcl
ih,ix
f,f
z,z
hv,hv
g,v
axr,r
eh,eh
bcl,bcl
ux,ux
ih,ix
l,l
ix,ix
v,n
ix,ix
n,n
n,m
m,m
l,gcl
v,v
tcl,kcl
p,f
nx,n
bcl,dcl
l,l
dx,dcl
k,k
ix,ix
bcl,tcl
z,th
r,r
axr,axr
ix,ix
l,l
axr,axr
ao,ow
tcl,dcl
dcl,dcl
n,n
tcl,tcl
s,z
sh,sh
ih,ey
oy,oy
jh,jh
ch,t
q,q
iy,iy
iy,iy
gcl,gcl
tcl,kcl
w,w
v,v
hv,hv
gcl,tcl
ih,ih
ih,ih
jh,jh
r,r
sh,sh
dcl,tcl
l,l
dcl,gcl
pcl,pcl
ae,ae
g,g
tcl,dx
el,el
s,s
ay,ay
iy,iy
dx,dcl
w,w
z,z
ah,ah
t,g
p,p
m,m
bcl,bcl
ix,q
r,r
jh,jh
k,k
ih,ih
kcl,kcl
ix,eh
n,n
l,l
r,r
s,s
l,l
dcl,dcl
pcl,pcl
hv,hv
s,s
ih,ix
y,y
v,v
t,t
r,r
ah,ah
ax,ix
aw,aw
gcl,gcl
ax,ax
ao,ao
bcl,bcl
kcl,kcl
ih,ix
g,g
z,z
gcl,v
ae,ae
pcl,tcl
pcl,pcl
ah,ah
ix,ix
er,axr
l,r
n,n
l,l
hv,hv
f,tcl
ay,ay
ao,w
aa,ao
gcl,gcl
aw,aw
tcl,tcl
ux,ux
n,gcl
tcl,tcl
n,n
z,z
ey,ae
tcl,dcl
s,s
r,r
dh,pcl
bcl,bcl
bcl,dcl
iy,iy
ey,ey
kcl,tcl
ao,ao
ix,ix
s,s
tcl,dh
g,g
pcl,tcl
hv,hv
r,r
pcl,tcl
dcl,dcl
jh,jh
ax,ax
pcl,pcl
ih,ix
ix,n
d,jh
pcl,pcl
hh,hh
l,l
ix,ix
aa,aa
pcl,pcl
kcl,kcl
m,m
k,k
dh,dh
ow,ow
dh,dh
axr,axr
dx,dx
axr,axr
ax,ax
eh,eh
ey,ey
k,k
r,r
n,n
ae,eh
ey,ey
iy,iy
t,t
iy,iy
dx,dx
ix,ih
n,n
dx,n
ih,r
er,er
q,q
pcl,gcl
k,k
dcl,dcl
tcl,tcl
n,n
s,s
k,k
el,el
ih,ih
ih,eh
k,k
f,f
f,f
iy,iy
n,n
pcl,kcl
s,s
n,n
m,m
kcl,tcl
er,er
t,t
dcl,dcl
r,r
s,s
pcl,pcl
ao,ao
ah,ah
m,m
ix,axr
ao,ao
r,r
dh,dh
ae,ae
n,n
ih,ix
ux,ux
ux,ux
r,r
pcl,pcl
ax,l
axr,ux
aa,aa
ao,ow
p,gcl
f,f
axr,axr
d,k
ix,g
m,m
iy,iy
eh,eh
ih,ih
dh,dh
s,s
iy,iy
el,l
k,k
aa,aw
k,k
q,q
p,hh
l,l
dcl,kcl
ae,ae
q,q
q,q
ah,ow
ae,ae
sh,sh
gcl,gcl
ey,ey
l,l
iy,iy
aa,ah
th,f
n,m
r,axr
pcl,tcl
jh,jh
r,r
ix,m
v,v
q,q
ow,l
f,f
iy,iy
uh,eh
gcl,pcl
tcl,tcl
ih,r
s,s
k,k
q,q
kcl,kcl
dcl,bcl
l,l
ax,ih
v,v
kcl,kcl
nx,n
eh,eh
ix,ix
iy,y
tcl,tcl
l,w
l,el
s,s
k,g
ix,y
ao,ao
ih,ix
dcl,dcl
k,k
ah,ah
ax,n
axr,axr
s,s
gcl,tcl
ih,el
dcl,dcl
iy,iy
dcl,dcl
k,k
ah,ih
bcl,bcl
er,axr
gcl,gcl
r,m
ao,ao
s,s
pcl,pcl
ix,ix
ix,ah
r,r
pcl,pcl
gcl,gcl
nx,nx
ow,ow
aa,ao
s,s
tcl,gcl
ix,ix
ix,iy
tcl,tcl
iy,iy
uw,w
tcl,pcl
r,r
er,er
ix,ix
s,s
s,s
th,th
iy,iy
ay,ay
n,n
l,l
ah,ax
bcl,bcl
g,g
hv,hv
r,r
q,q
n,n
pcl,pcl
gcl,gcl
l,l
ao,ao
en,en
ix,ix
nx,n
ao,aa
z,z
ae,ae
n,ng
ih,ih
bcl,bcl
ch,t
pcl,tcl
k,k
s,s
ey,ay
r,r
p,dh
ih,ix
v,v
pcl,pcl
ey,ey
ng,n
r,r
ay,ay
ey,ey
f,f
dcl,n
ao,ao
ih,ih
q,q
k,k
iy,iy
th,th
r,r
ix,ix
n,m
l,ow
s,z
v,m
ix,ix
dh,dh
hv,hv
p,p
f,f
l,l
axr,axr
r,m
ow,ow
sh,sh
s,s
eh,eh
dcl,dcl
m,m
p,hh
n,en
ix,ix
axr,ix
n,n
p,b
axr,axr
m,m
ih,ih
l,l
z,s
n,n
sh,sh
iy,iy
w,w
z,z
d,t
dh,dh
q,q
er,er
n,n
oy,oy
axr,ux
tcl,tcl
s,s
tcl,tcl
l,l
dcl,dcl
er,er
w,v
er,axr
iy,iy
aa,ay
ao,ao
s,s
ay,aa
s,s
kcl,tcl
ae,ae
w,w
z,z
ah,ah
ay,ay
tcl,th
aa,ao
ix,ix
uh,ax
t,ch
th,th
bcl,m
w,w
aa,aa
n,n
ax,ax-h
aa,ao
t,t
s,s
tcl,pcl
iy,iy
f,f
axr,axr
iy,iy
ih,eh
el,el
s,z
y,y
q,q
ix,ih
iy,iy
gcl,kcl
axr,axr
s,s
iy,iy
ih,ih
k,k
ao,ao
el,el
s,s
dh,v
s,s
r,r
ae,ae
t,t
ix,ax
n,m
tcl,tcl
ih,y
l,l
s,s
bcl,bcl
tcl,dcl
s,s
p,p
aw,aw
ow,aw
r,r
iy,ix
hv,hv
m,m
er,er
ax,ah
z,z
s,s
ax,ax
ey,iy
t,t
f,f
aa,ao
ao,ao
iy,iy
ih,ix
ao,ao
ih,ix
dx,dcl
iy,iy
ux,ux
ah,ah
ae,ae
f,f
dcl,dcl
iy,iy
axr,axr
jh,k
sh,sh
r,r
l,l
er,axr
q,q
iy,iy
l,l
ow,ow
ow,ow
ih,ih
ay,r
tcl,tcl
ax,ax
ao,w
n,n
l,l
s,s
ix,ix
ae,eh
y,y
kcl,kcl
pcl,gcl
w,w
v,v
ao,ao
ey,ey
ah,eh
er,axr
iy,iy
jh,jh
eh,eh
q,q
m,m
ix,ix
m,m
ax,ax
ix,r
eh,eh
y,y
s,s
r,r
d,d
m,m
t,t
m,m
z,z
ix,eh
ow,ah
y,y
l,l
w,w
n,m
kcl,z
l,m
l,l
dcl,dcl
eh,eh
s,s
iy,iy
n,n
ow,ow
gcl,dcl
axr,axr
ux,ux
kcl,tcl
s,s
tcl,kcl
s,s
r,r
ae,ae
p,p
m,m
w,w
gcl,dcl
el,l
ay,ay
iy,iy
kcl,gcl
iy,iy
q,q
dh,dcl
f,f
ao,ao
iy,iy
ih,ih
ih,ey
d,d
s,s
n,n
aa,l
sh,sh
n,n
ao,ao
eh,eh
l,l
axr,er
tcl,pcl
r,m
ih,ih
eh,ey
iy,iy
sh,sh
l,m
ow,el
ah,ah
ix,eh
s,s
dcl,gcl
dcl,dcl
s,s
ah,ah
iy,iy
ih,ix
ih,ix
tcl,tcl
l,l
t,t
q,q
t,t
m,m
n,n
iy,iy
iy,iy
ix,ix
r,r
iy,iy
dx,dx
k,k
n,n
dx,n
ng,gcl
tcl,pcl
axr,axr
l,l
b,p
axr,q
th,f
gcl,gcl
uh,uh
sh,sh
r,r
gcl,gcl
m,m
ix,ih
dcl,pcl
iy,iy
el,ax
pcl,pcl
hv,hh
ix,ix
th,th
iy,iy
ix,ix
axr,er
ix,ix
n,n
kcl,tcl
kcl,kcl
t,f
en,bcl
tcl,pcl
kcl,kcl
ao,ao
ao,ao
ow,ow
r,ao
k,g
tcl,tcl
z,z
y,gcl
w,w
hh,hh
s,s
f,f
ey,ih
kcl,pcl
n,n
gcl,gcl
r,r
ax,el
m,m
ch,jh
ae,ae
s,s
iy,iy
ix,ix
b,b
l,l
ow,ow
ow,ow
ng,n
n,n
eh,ix
ae,ae
ey,ey
ux,ux
ux,uw
axr,axr
ey,ey
n,m
n,n
k,g
dh,dh
ix,iy
t,t
ih,y
dx,dx
dcl,dcl
ix,l
ao,aa
v,v
ah,ah
r,r
l,l
dcl,n
ix,ix
ux,ux
n,n
tcl,tcl
r,r
l,ng
n,n
ih,ih
gcl,bcl
iy,iy
iy,iy
jh,jh
gcl,gcl
bcl,pcl
v,v
r,r
n,n
s,s
bcl,pcl
l,l
l,l
tcl,tcl
nx,n
tcl,tcl
ax,l
ix,y
uh,l
ae,ae
v,v
s,s
ao,ao
g,g
dh,dh
ao,aa
dh,dh
dh,hh
aw,aw
k,k
bcl,pcl
ax,ax
y,y
aa,aa
hh,p
pcl,pcl
th,th
k,k
er,er
q,q
kcl,pcl
dh,dh
n,n
kcl,kcl
w,w
l,l
iy,y
ih,ix
uh,ah
hv,hv
b,tcl
tcl,k
ng,gcl
y,y
pcl,pcl
er,axr
l,l
k,k
ih,ix
n,m
dh,dh
en,m
aa,ao
ow,ow
jh,jh
ix,ix
ix,ix
ao,ao
l,l
ih,ih
z,s
iy,iy
ih,ih
n,n
pcl,pcl
th,v
ih,ih
bcl,dcl
ax,l
ao,ao
n,m
kcl,kcl
n,em
ah,ax
er,axr
jh,jh
ae,ah
ix,ix
m,m
r,r
aa,aa
tcl,tcl
m,m
m,m
dcl,pcl
ax,ax
jh,jh
ix,ix
ih,y
ix,ix
l,l
kcl,kcl
g,g
axr,axr
s,s
d,v
sh,sh
bcl,pcl
g,g
axr,axr
g,g
ae,ae
kcl,kcl
ng,n
gcl,gcl
hv,hv
ae,ae
s,s
r,r
eh,eh
axr,axr
n,n
ix,ix
ao,ao
q,q
tcl,tcl
t,t
s,s
n,n
ay,r
ao,aa
gcl,gcl
y,y
tcl,tcl
sh,sh
hh,hh
kcl,kcl
ah,m
r,r
tcl,pcl
w,w
w,w
dx,dx
ih,ah
ah,ah
r,r
ow,ao
iy,iy
r,r
r,r
dcl,dcl
ih,ih
f,f
ey,ey
ay,ay
iy,iy
aa,aa
iy,iy
f,f
s,s
z,z
w,w
ay,ay
bcl,bcl
q,q
r,r
iy,iy
ng,ng
s,s
iy,iy
ax,ix
ao,ao
p,hh
ix,ix
ao,r
n,n
q,q
bcl,bcl
ah,ah
ix,ix
hh,hh
dx,gcl
kcl,kcl
ow,ow
ux,ux
m,m
l,l
z,z
l,l
q,ix
ah,eh
iy,iy
r,r
v,v
ow,ow
w,w
l,l
ih,ih
iy,iy
t,t
y,y
l,l
s,t
eh,eh
l,l
iy,iy
k,k
iy,iy
l,l
s,s
r,ah
n,n
r,r
ih,r
s,s
sh,sh
dcl,dcl
uw,uw
l,l
ih,ix
ix,ix
r,l
ux,ux
pcl,tcl
s,z
r,r
d,dh
m,m
r,r
uw,ix
ih,ih
r,r
g,k
tcl,tcl
w,w
n,n
r,r
v,v
aa,aa
tcl,tcl
tcl,tcl
z,z
q,m
dx,dx
nx,n
ix,gcl
l,l
ax,ix
kcl,pcl
axr,axr
s,s
ay,ay
ux,ux
w,w
k,k
ih,ih
aw,aw
ax,ax
l,l
l,l
dx,l
ao,ao
oy,oy
iy,iy
tcl,tcl
ae,ae
tcl,gcl
dx,dx
axr,axr
w,w
uw,axr
tcl,q
z,z
axr,axr
axr,axr
ow,el
l,l
l,l
tcl,pcl
y,y
bcl,bcl
ux,ux
gcl,gcl
sh,sh
m,m
k,k
ix,axr
t,t
tcl,tcl
ux,ux
l,l
tcl,kcl
iy,iy
n,n
ay,ay
dh,n
s,sh
ae,ae
l,l
k,k
ae,ae
iy,iy
s,s
n,ng
dcl,dh
n,n
ih,ih
n,n
w,w
nx,dx
v,dh
n,n
aa,aa
z,z
tcl,tcl
r,r
y,y
ae,ae
tcl,tcl
ax,ix
pcl,tcl
g,l
ow,ow
gcl,dcl
dh,dh
l,l
r,r
aa,aa
q,n
bcl,bcl
kcl,kcl
r,r
ix,ix
ah,ix
axr,axr
t,t
ah,ah
uh,ix
eh,eh
el,l
kcl,kcl
l,n
ix,ix
iy,iy
dcl,dcl
ay,ay
ih,ih
n,ng
s,s
bcl,bcl
m,m
iy,iy
n,n
ao,ao
q,q
ah,ah
g,g
ay,ay
m,m
t,t
jh,jh
s,s
ae,ae
ay,ao
p,t
uh,ax
aa,aa
y,y
jh,jh
kcl,kcl
p,p
eh,eh
el,el
z,z
l,l
gcl,gcl
aa,aa
r,r
uw,uw
m,m
el,el
q,q
n,n
b,k
hv,hv
m,m
ix,ix
axr,axr
k,k
jh,jh
tcl,tcl
l,l
ao,ao
ay,ao
eh,ah
s,s
ae,ae
kcl,tcl
w,w
ow,ow
ax,l
n,m
ay,ay
ay,ay
s,s
q,q
f,f
bcl,dcl
ae,ae
gcl,pcl
kcl,kcl
iy,axr
uh,ax
oy,ao
dx,d
y,y
oy,ay
z,z
er,er
z,z
ow,ow
dcl,dcl
f,f
g,g
ey,ix
q,q
ih,w
iy,iy
r,r
axr,axr
dcl,dcl
ih,ih
ax,ax
ax,ax
r,r
ux,ux
z,z
k,g
ix,ix
m,m
axr,axr
ix,ix
eh,eh
m,m
ae,ah
sh,sh
pcl,tcl
f,f
ey,ey
r,r
l,l
k,k
ay,ah
t,t
n,m
r,r
ax,n
s,s
n,v
ey,ey
r,r
eh,ae
dcl,tcl
axr,axr
ux,y
ow,aw
s,s
zh,z
ey,ey
gcl,tcl
tcl,tcl
jh,jh
pcl,pcl
ay,ay
q,q
ix,ix
f,f
ae,ae
v,v
ao,aa
p,p
dx,dx
bcl,gcl
n,n
iy,iy
y,y
ix,axr
l,l
r,r
ae,ae
ix,eh
ih,ae
n,n
ch,jh
n,n
ix,ix
t,t
k,k
bcl,bcl
iy,iy
axr,axr
el,w
aa,ay
y,y
z,z
r,r
hh,hh
q,q
t,t
tcl,tcl
l,m
p,p
r,r
el,el
f,f
s,s
ay,ey
hv,hv
l,l
tcl,tcl
ux,ux
z,z
tcl,tcl
eh,ah
t,t
w,w
aw,aw
ih,ah
bcl,bcl
eh,eh
gcl,gcl
n,n
ix,ix
m,m
th,th
ux,ux
ae,ae
dcl,gcl
ae,ae
aa,aw
s,s
ax,uh
tcl,tcl
n,n
iy,iy
n,n
y,y
r,r
k,k
ah,axr
v,v
k,ax-h
w,w
f,f
v,v
k,k
s,s
t,t
sh,sh
s,s
iy,iy
n,n
v,f
t,tcl
ow,ah
er,er
l,l
v,v
sh,sh
p,p
ah,r
s,s
uw,ux
z,z
q,ix
aa,ah
n,n
dcl,dcl
tcl,pcl
nx,n
ow,l
aa,aa
s,z
iy,iy
n,n
en,en
l,l
sh,sh
s,s
f,f
n,n
n,n
r,r
z,s
b,b
ix,ix
k,k
ix,ix
z,s
dx,dh
z,z
kcl,kcl
tcl,kcl
dh,hh
ah,ah
dcl,dcl
l,l
f,f
ux,ux
r,v
w,w
ux,ux
r,r
ix,ax
y,y
gcl,gcl
v,v
eh,ae
ih,ih
ax,w
s,s
l,l
ae,ae
uh,uh
aa,aa
iy,iy
kcl,gcl
ux,ux
g,k
n,ng
z,s
ix,ix
d,d
s,s
uh,ux
iy,iy
gcl,gcl
axr,er
ix,ax
ax,ax
n,n
uh,w
gcl,dcl
ao,ao
kcl,kcl
s,s
r,r
iy,iy
pcl,pcl
dcl,dcl
tcl,gcl
er,axr
dx,dx
t,t
ae,ae
bcl,bcl
m,l
ih,iy
y,y
tcl,tcl
t,t
l,l
ae,ae
tcl,tcl
er,axr
sh,sh
tcl,f
uw,el
ih,ix
w,w
uw,uw
pcl,pcl
ux,ux
aa,ao
n,n
ix,ix
y,y
axr,axr
kcl,pcl
n,n
dx,dx
r,r
aa,aa
t,d
ay,ah
l,l
ae,eh
tcl,kcl
ux,ux
er,aa
eh,eh
uh,ah
ih,ih
ax,ax
l,l
gcl,gcl
m,m
axr,axr
ey,ey
n,n
gcl,gcl
l,l
n,m
ux,ux
ax,ix
m,m
oy,oy
tcl,dx
tcl,tcl
w,l
ih,ih
k,k
kcl,dcl
t,k
n,n
p,p
k,k
ah,ah
t,tcl
ey,ix
z,z
ow,ow
tcl,tcl
r,r
eh,ae
eh,eh
t,t
f,f
ax,r
s,s
kcl,kcl
n,n
hv,hv
q,q
er,er
l,l
ae,ae
k,k
ix,iy
ix,ix
ix,ix
t,t
l,l
tcl,kcl
ow,ow
ax,ax
nx,nx
tcl,tcl
d,jh
ih,ih
kcl,kcl
s,s
hv,hv
ax,l
kcl,kcl
el,el
iy,iy
k,g
z,z
r,r
oy,ay
iy,r
ay,ey
n,m
l,l
ax,r
ix,ix
dcl,dcl
m,m
uw,ux
l,v
axr,axr
ax,ix
ih,uw
iy,iy
m,m
eh,eh
r,r
s,s
ao,aa
axr,r
f,f
z,s
jh,jh
p,p
dx,dcl
gcl,dcl
axr,axr
ix,ax
gcl,gcl
iy,iy
g,g
dcl,dcl
r,r
k,k
kcl,kcl
l,l
ih,iy
w,w
kcl,kcl
dh,dh
tcl,tcl
m,m
ow,ow
k,k
m,m
ih,eh
ae,ae
q,tcl
s,s
iy,iy
ix,ix
aa,aw
s,sh
ax,ax
ax-h,ix
oy,ah
p,p
r,r
w,w
dcl,dcl
n,n
r,r
kcl,kcl
ih,iy
l,l
ay,ay
el,el
p,p
r,r
pcl,tcl
ae,eh
dcl,bcl
gcl,dcl
n,v
eh,ah
dh,dh
ux,ux
m,m
w,w
ae,ae
r,r
ix,ix
er,er
ux,ux
iy,iy
q,q
q,q
ih,ix
m,m
q,w
ih,ih
n,n
y,y
ay,ay
t,t
gcl,gcl
l,l
f,f
gcl,gcl
s,s
hh,hh
ih,ih
s,s
nx,m
ay,ay
p,p
ah,eh
t,t
zh,jh
ow,ow
k,k
p,hh
hh,hh
jh,jh
dx,dcl
dh,hh
en,n
d,d
ay,ay
r,r
jh,jh
kcl,pcl
l,l
ix,ix
ix,ix
ax,ix
l,l
dcl,ax-h
r,r
uh,ix
ah,ah
tcl,tcl
ih,iy
ux,ux
pcl,tcl
n,m
q,n
ae,ae
s,s
r,r
f,f
dcl,dcl
m,m
f,f
dcl,dcl
gcl,gcl
kcl,pcl
p,p
f,f
m,m
bcl,bcl
sh,sh
ax,ah
s,s
hv,hv
ey,ey
r,r
iy,iy
iy,y
sh,sh
dx,dx
dcl,tcl
f,f
hv,hv
iy,ux
ao,ao
n,n
aw,aw
dh,dh
q,q
dx,dx
uw,uw
w,ow
ay,ay
eh,eh
w,w
kcl,ix
er,axr
tcl,tcl
oy,oy
s,s
r,r
aa,aa
iy,iy
n,n
q,tcl
ao,ao
axr,axr
m,m
s,s
m,m
kcl,kcl
ix,ix
g,g
w,w
ng,ng
ax,ax
kcl,kcl
n,m
g,g
y,y
iy,ih
n,n
q,q
ix,ng
iy,iy
r,r
kcl,t
ay,ay
tcl,pcl
q,q
iy,iy
k,k
s,s
nx,n
ah,ah
ix,ix
em,m
ax,ax
ao,ao
q,q
w,w
ux,ix
sh,sh
ih,l
ae,ae
tcl,tcl
f,f
r,r
g,g
m,m
axr,axr
z,z
ax,ix
ix,ix
r,m
s,s
kcl,kcl
f,f
g,g
l,l
k,g
dcl,dcl
v,v
ux,ux
ey,ey
oy,oy
s,s
k,k
eh,ix
r,r
axr,r
t,t
ch,sh
kcl,tcl
ix,ix
iy,iy
s,s
ih,ix
ih,ih
z,z
hv,iy
t,t
ae,ae
en,m
iy,iy
er,er
iy,ix
dcl,dcl
ix,ix
aa,aa
g,g
dcl,gcl
s,s
ah,aa
ae,ae
q,q
ay,ay
tcl,pcl
eh,ae
iy,iy
k,k
tcl,dcl
m,m
axr,axr
iy,iy
ao,aa
pcl,tcl
q,q
ax,ax
axr,axr
s,s
dx,n
f,f
s,tcl
iy,ux
ih,ih
eh,eh
ah,ah
w,w
iy,iy
w,w
m,m
t,t
tcl,tcl
aa,ao
s,s
er,er
d,d
q,q
z,z
w,w
bcl,bcl
iy,ix
eh,eh
ix,ix
dcl,gcl
l,l
s,s
k,k
ae,ae
s,z
s,s
el,el
ao,ao
ih,ix
kcl,tcl
ix,gcl
ax,ix
bcl,pcl
dh,tcl
tcl,pcl
n,nx
k,k
y,y
s,s
axr,r
m,m
q,q
n,n
r,r
bcl,dcl
ix,ix
ix,ix
p,p
dx,dx
dh,dh
tcl,tcl
s,s
en,en
kcl,tcl
bcl,bcl
kcl,kcl
eh,ix
l,v
z,z
ae,ae
t,t
pcl,kcl
oy,oy
ae,ah
l,l
en,en
dx,dx
m,m
aa,aa
dcl,dcl
ix,ix
ae,eh
aa,ay
eh,eh
ey,ey
ah,r
ah,ah
kcl,kcl
v,v
w,w
kcl,kcl
k,k
v,v
g,g
g,g
p,tcl
tcl,dcl
n,n
ay,ay
t,t
eh,ih
ih,eh
n,m
bcl,bcl
pcl,pcl
ae,ae
ux,ux
dcl,tcl
l,w
n,ng
t,t
er,er
kcl,kcl
eh,eh
g,g
el,el
eh,eh
f,f
l,el
f,f
en,en
kcl,kcl
gcl,gcl
th,th
gcl,gcl
ay,ay
ay,ay
ix,ih
d,d
ae,ae
sh,sh
r,r
y,ix
s,s
ih,ih
dcl,dcl
uh,uh
axr,axr
s,s
ax,q
s,s
f,f
ih,ih
eh,ae
ao,ao
bcl,bcl
ix,ih
bcl,pcl
zh,zh
ax,ax
t,t
k,k
t,t
iy,ey
t,t
ih,ix
dx,ix
l,l
ey,ey
pcl,pcl
iy,iy
n,ng
ux,ux
f,v
w,w
f,f
aa,aa
n,n
iy,iy
w,w
y,y
th,th
ae,ay
ih,ih
iy,iy
ix,ix
n,n
f,f
l,l
w,w
dcl,dcl
m,m
m,m
iy,ix
tcl,tcl
ih,ih
tcl,kcl
iy,iy
n,m
f,f
iy,iy
ax-h,ax-h
ix,ix
eh,ih
eh,eh
aa,ao
dcl,dcl
s,s
l,r
ah,ao
ao,ao
eh,aa
ao,aa
iy,iy
ay,ay
nx,n
ix,ix
ay,ay
sh,jh
kcl,kcl
q,q
ch,ch
z,z
m,n
n,n
s,s
dcl,dcl
ao,ao
ao,ao
pcl,pcl
aa,aa
r,r
ah,ah
dcl,bcl
ax,ax
n,ng
k,k
r,r
pcl,pcl
jh,t
l,l
s,s
tcl,tcl
tcl,q
l,l
uw,ih
ao,ao
tcl,tcl
k,k
sh,sh
v,v
ow,ow
aa,aa
w,w
el,axr
s,s
jh,jh
axr,axr
eh,eh
axr,er
n,m
p,p
ix,ix
n,n
axr,axr
v,ax
ae,ae
dh,n
iy,iy
ow,l
iy,iy
tcl,tcl
ay,ay
n,n
m,m
ay,ay
ih,ah
ix,ix
dcl,dcl
ix,ix
f,f
dx,dx
hh,hv
ao,ao
tcl,tcl
r,r
tcl,tcl
dcl,dcl
ow,el
t,t
axr,axr
r,r
ow,el
r,r
ow,l
z,z
ax,ax
s,s
v,v
l,l
m,m
en,en
kcl,kcl
tcl,tcl
s,s
ey,ey
ix,ix
l,ax
z,z
ao,ao
b,pcl
n,ng
r,r
p,p
v,v
ow,ow
dcl,dcl
ax,aa
dx,kcl
t,t
iy,iy
dx,dx
m,m
v,v
eh,eh
r,r
bcl,bcl
dcl,dcl
sh,sh
n,n
r,r
n,m
ao,l
ay,ay
v,v
s,s
eh,ae
kcl,kcl
ih,ih
ow,el
gcl,gcl
er,axr
pcl,kcl
tcl,kcl
n,n
t,t
ax,ix
ih,iy
aa,aa
s,th
n,n
w,w
dx,dx
aw,ae
iy,iy
tcl,kcl
em,em
sh,sh
l,l
axr,r
iy,iy
ax,ax
q,q
iy,iy
sh,sh
sh,sh
t,t
tcl,dcl
kcl,kcl
iy,iy
z,s
z,z
tcl,tcl
ay,ay
pcl,tcl
n,n
tcl,tcl
dcl,dcl
ux,ux
ao,ao
aa,aa
z,z
l,l
sh,sh
er,er
nx,n
s,s
axr,axr
ao,aa
f,f
ow,el
ng,ng
tcl,dx
dcl,tcl
ih,ix
eh,r
ae,ae
z,s
pcl,tcl
th,th
s,s
m,m
eh,ix
f,v
ae,ae
ay,ay
axr,er
gcl,tcl
f,f
ih,iy
sh,f
jh,d
th,th
l,l
eh,eh
dcl,dcl
r,r
n,n
s,s
axr,axr
iy,iy
eh,eh
z,z
w,w
s,s
iy,iy
l,r
k,k
hv,hv
n,n
v,v
aa,ao
axr,ux
bcl,dcl
g,g
ey,ey
t,t
m,m
gcl,tcl
n,m
kcl,kcl
en,en
ax,ax
jh,t
ae,ae
l,l
l,l
ey,ey
ih,ae
r,r
ix,ix
ih,ix
el,w
ah,ah
s,s
ix,ix
f,f
ux,ix
tcl,tcl
ux,ux
ay,ae
axr,axr
iy,iy
dcl,dcl
axr,axr
z,z
axr,axr
q,q
ow,l
s,s
iy,iy
m,m
pcl,pcl
s,s
axr,axr
tcl,tcl
r,r
n,n
t,t
aa,ao
k,k
ow,ow
ch,ch
jh,jh
el,el
axr,el
tcl,tcl
y,iy
r,r
n,dh
kcl,gcl
r,r
eh,eh
q,q
l,l
aa,ah
ax,ax
ng,ng
ix,ix
q,q
tcl,tcl
p,hh
ae,ae
en,n
r,r
f,f
w,w
gcl,gcl
iy,iy
s,z
iy,iy
th,dh
f,f
t,t
ay,ay
r,r
dcl,tcl
s,s
k,k
ih,ih
jh,jh
jh,jh
z,s
y,gcl
r,r
kcl,tcl
tcl,tcl
w,w
ax,ax
v,w
tcl,r
iy,er
tcl,pcl
q,ax
s,s
g,g
ng,n
r,r
r,q
d,d
n,m
kcl,kcl
ao,ao
q,q
s,s
iy,iy
jh,jh
n,n
r,r
f,f
ix,iy
ax,ax
iy,gcl
dcl,dcl
ax,ix
ih,iy
iy,iy
m,m
hh,hh
oy,oy
ax,ng
iy,ix
ix,ax
ix,ix
iy,iy
ae,ae
ae,ae
y,y
ch,t
s,s
ix,ix
l,l
tcl,tcl
aa,aa
n,n
ih,ih
l,l
ao,oy
er,axr
ae,eh
ae,ae
ay,ay
ay,ay
p,p
l,w
ao,ao
r,r
ao,ao
z,z
dcl,n
ay,ay
tcl,dcl
k,k
t,t
ay,ay
g,g
ae,ae
r,r
gcl,gcl
en,ng
jh,jh
r,r
ow,ow
ow,ow
ae,ae
ax,ax
dh,dh
l,l
pcl,pcl
er,er
uw,ux
r,r
kcl,kcl
ix,ix
ae,ae
ih,ih
l,l
zh,sh
th,pcl
k,k
m,n
ow,el
ix,ax
kcl,tcl
ow,ow
v,v
ix,ix
r,r
ao,ao
w,w
hh,hh
k,k
n,n
n,n
kcl,kcl
ah,ah
sh,sh
tcl,pcl
tcl,tcl
k,k
dh,dh
ax,m
ax,ah
aw,aw
kcl,kcl
k,k
t,t
r,r
dcl,dcl
bcl,dcl
ux,uw
ow,ow
k,k
ih,ix
s,s
l,l
ax,ax
ix,ix
ay,ay
ao,ao
v,v
z,s
w,w
dcl,dcl
l,l
ae,ae
s,s
ux,ux
ix,ix
s,s
w,l
ih,ix
ae,ae
er,er
s,s
r,r
ey,ey
m,m
tcl,tcl
axr,r
m,m
kcl,dcl
er,er
q,q
sh,sh
axr,ix
ey,ey
d,d
ae,ae
f,f
m,m
r,r
ih,ih
l,l
ux,ux
l,l
ix,ix
l,l
ae,ae
p,p
ux,ux
z,s
r,r
ix,eh
iy,iy
r,eh
l,l
ah,ow
z,s
pcl,tcl
p,dh
d,t
n,m
m,n
kcl,kcl
r,r
ah,ah
n,ng
dcl,dcl
ux,ux
l,l
g,g
ao,ao
q,ix
ix,ix
r,r
dcl,gcl
ow,ow
ah,q
pcl,pcl
l,l
nx,nx
w,w
l,ng
ey,ix
q,q
k,k
z,s
r,r
axr,r
tcl,q
ng,ng
m,m
s,s
ah,ao
axr,axr
er,er
kcl,kcl
m,m
iy,iy
g,g
aa,aa
ux,ux
sh,sh
pcl,pcl
kcl,kcl
ax,ax
hh,hh
iy,iy
s,s
el,l
er,axr
dcl,dcl
z,z
p,t
s,s
r,r
dcl,dcl
ih,ix
ey,ey
eh,ae
s,s
r,r
ih,r
p,hh
ae,ae
bcl,pcl
tcl,q
g,gcl
ey,eh
ix,ix
z,z
n,n
ix,ix
l,l
pcl,bcl
hv,hv
ao,aa
eh,ae
nx,n
sh,sh
y,iy
s,z
ao,ao
w,w
hv,hv
ng,ng
n,n
bcl,kcl
l,l
ae,ae
dcl,gcl
ux,ux
z,z
dcl,dcl
axr,axr
l,l
l,l
ao,ao
aa,aa
w,l
w,w
ae,ae
p,p
n,n
g,g
w,w
s,s
s,s
eh,ih
ax,ax
gcl,gcl
tcl,pcl
w,w
r,r
er,axr
ax,ix
ih,ih
aw,aw
t,t
ih,ix
uh,ah
z,z
p,p
dcl,dcl
er,axr
tcl,pcl
iy,y
g,kcl
l,l
gcl,bcl
axr,axr
w,w
b,p
p,p
k,k
m,gcl
t,t
ix,ix
v,v
s,s
iy,iy
l,l
hv,hv
tcl,pcl
ih,ix
ey,ey
sh,hh
t,t
z,z
k,k
th,dh
ih,iy
m,m
p,dh
dcl,tcl
eh,eh
eh,eh
bcl,dcl
t,t
ih,ix
ay,ay
w,w
pcl,pcl
ih,eh
tcl,gcl
k,k
d,d
iy,iy
n,n
ow,ow
m,m
iy,iy
ux,ux
sh,sh
z,s
hh,hh
ix,ix
t,jh
ix,ix
t,t
bcl,bcl
ax,ax
bcl,dcl
ih,ng
t,t
l,l
axr,axr
ow,ow
ay,ay
ae,ae
tcl,dcl
ey,ey
r,aa
eh,eh
ih,ix
ax,ax
m,m
ae,ae
ah,ah
iy,ix
iy,iy
n,n
ah,ah
ae,ae
iy,iy
tcl,tcl
dh,dh
r,r
v,v
w,w
f,f
dx,dx
ih,n
eh,ih
iy,iy
jh,jh
ih,ix
dcl,dcl
axr,axr
n,n
ae,ae
sh,sh
jh,jh
ix,ix
ah,ah
tcl,dcl
z,z
s,z
ix,n
aw,aw
tcl,tcl
pcl,pcl
aa,aa
kcl,kcl
ao,ao
ow,ih
er,er
s,z
s,s
ay,ay
r,r
r,r
kcl,kcl
v,v
r,r
nx,n
n,n
r,r
ey,ey
bcl,bcl
d,dh
axr,r
kcl,tcl
jh,jh
dcl,bcl
bcl,dcl
ih,ix
ix,axr
ix,ix
tcl,tcl
l,l
t,d
k,k
dcl,dcl
r,r
kcl,gcl
m,m
ax,ax
l,m
kcl,pcl
z,z
eh,eh
tcl,q
ih,ih
r,ao
q,q
k,tcl
k,k
w,w
tcl,tcl
tcl,tcl
n,n
ao,w
kcl,pcl
l,m
tcl,kcl
y,y
ix,m
w,w
n,n
ah,eh
ey,ey
ah,ax
hv,hv
s,z
gcl,gcl
eh,eh
dx,dx
n,n
ae,ae
hv,hv
ay,ay
tcl,tcl
ah,ah
n,n
g,g
hv,hv
q,q
p,p
iy,iy
p,p
iy,iy
kcl,tcl
y,y
dx,dx
z,z
er,r
ng,ng
ax,ix
eh,eh
iy,iy
d,d
r,r
w,w
s,s
axr,axr
ih,ih
ay,ay
er,er
s,s
dh,w
ey,ey
l,m
er,axr
l,l
dcl,dcl
s,s
aa,aa
ch,ch
r,r
w,w
v,v
dcl,tcl
p,p
k,k
k,k
t,t
ih,ix
ix,ix
r,w
s,s
dcl,gcl
er,axr
n,n
er,er
dh,dh
ae,ae
sh,sh
ey,ey
er,axr
aa,aa
dcl,gcl
ey,ey
r,v
uw,el
t,t
tcl,tcl
g,k
ih,ux
kcl,kcl
ay,ay
ux,ux
n,n
s,s
r,r
f,f
pcl,tcl
pcl,tcl
r,r
dh,dh
s,s
iy,iy
l,l
ax,ix
ix,ix
ah,ah
s,s
ix,iy
r,r
jh,jh
ux,l
ix,ix
m,m
m,n
aa,aa
gcl,gcl
ux,iy
aa,aa
iy,ng
iy,iy
k,g
g,g
kcl,kcl
kcl,kcl
s,z
ae,eh
er,er
er,er
ax,q
k,k
ix,ix
uh,axr
ao,ao
w,w
l,l
kcl,kcl
el,w
ao,aa
ae,ae
z,z
k,k
tcl,tcl
ow,ow
ih,ux
f,f
ix,ae
z,z
er,axr
iy,r
ax,l
ae,ae
q,q
er,er
s,s
ao,ow
ih,iy
ih,ix
ih,ih
er,axr
ix,iy
ao,ao
w,w
ih,ih
dcl,tcl
k,g
t,t
hh,hh
axr,axr
tcl,tcl
ae,ae
el,el
aa,aa
sh,sh
g,kcl
l,l
ix,ix
ow,ow
dx,dx
er,er
pcl,pcl
ae,ae
kcl,tcl
l,hv
iy,iy
ae,ae
n,n
sh,sh
ng,n
l,el
ah,ah
ow,ow
uh,axr
er,er
ae,ae
dx,l
dh,dh
t,t
dh,t
n,n
l,l
kcl,kcl
axr,axr
ux,ux
eh,eh
w,v
k,k
l,l
kcl,kcl
kcl,bcl
k,k
m,m
dh,dh
eh,eh
ix,gcl
s,z
tcl,kcl
dh,n
ih,ih
k,g
dcl,dcl
iy,iy
l,l
p,p
iy,iy
l,n
z,z
l,l
t,t
kcl,pcl
n,ix
ix,iy
th,dh
v,v
gcl,dcl
ah,ah
n,m
f,f
k,k
p,p
m,m
en,el
iy,iy
kcl,kcl
ay,ah
pcl,tcl
r,r
n,m
er,axr
l,ax
p,p
axr,axr
iy,iy
zh,sh
v,dh
dx,dx
axr,axr
ih,ix
ih,ix
aa,aa
s,s
w,w
tcl,pcl
sh,sh
dcl,dcl
w,w
axr,axr
r,r
tcl,gcl
d,t
jh,t
ah,ah
ae,ae
ix,ix
eh,ix
p,p
dcl,dcl
s,s
l,l
q,ng
r,r
ae,ae
ae,ae
tcl,dcl
dcl,dcl
tcl,tcl
axr,em
ax,z
bcl,dcl
tcl,tcl
tcl,tcl
ae,ae
n,m
zh,zh
q,q
r,v
w,w
q,q
iy,iy
r,r
tcl,tcl
ay,ah
axr,axr
iy,iy
tcl,dcl
bcl,m
hh,hh
l,l
iy,iy
iy,y
r,r
el,el
t,d
ae,ae
r,r
b,p
eh,er
w,w
s,s
dh,d
aa,aa
q,q
t,t
z,s
ix,ix
kcl,tcl
m,m
q,ix
iy,iy
ix,ix
ix,ix
iy,iy
ay,ah
pcl,pcl
ao,ao
er,axr
l,l
n,n
r,r
ux,ux
s,s
ix,ix
w,r
q,q
ao,r
dh,tcl
n,m
pcl,gcl
t,d
axr,axr
n,n
r,r
z,z
n,tcl
ay,ay
w,w
q,q
ix,ux
q,q
er,er
s,s
axr,axr
l,l
gcl,kcl
kcl,kcl
ae,ae
th,f
tcl,pcl
iy,iy
tcl,tcl
ax,el
d,dh
g,g
ah,ah
dcl,dcl
tcl,pcl
v,v
s,s
n,n
ix,ax
t,g
q,q
d,t
kcl,tcl
tcl,dcl
er,er
l,l
gcl,tcl
kcl,tcl
m,m
r,r
iy,iy
jh,jh
dcl,tcl
l,l
s,s
f,f
ax-h,ix
l,l
g,g
s,s
axr,axr
kcl,kcl
tcl,tcl
ah,ae
s,s
k,k
ix,ix
iy,iy
eh,er
k,k
ow,ow
er,axr
y,y
r,r
q,q
s,s
kcl,tcl
ux,ux
n,n
pcl,gcl
r,r
ae,ae
w,w
er,er
t,t
aa,aa
n,m
kcl,kcl
kcl,kcl
pcl,pcl
l,l
aw,aw
en,n
aa,q
ux,ux
z,z
zh,z
k,g
k,k
f,dh
t,t
ih,ih
n,n
t,t
w,w
ix,ix
n,n
ae,ae
k,k
aa,ah
z,z
kcl,kcl
iy,iy
q,q
ah,ax
dh,dh
p,p
r,r
ng,n
t,t
ux,r
eh,ix
tcl,tcl
bcl,bcl
iy,ix
ey,ey
eh,ah
ix,ix
gcl,gcl
s,s
tcl,tcl
r,r
kcl,gcl
ow,ow
ax,ix
s,s
er,er
gcl,gcl
ux,y
tcl,pcl
l,l
ax-h,m
ah,ah
l,l
axr,v
ux,ux
k,k
eh,eh
pcl,pcl
r,r
aa,ao
dh,m
t,t
ey,ix
m,m
q,n
g,g
r,r
iy,iy
r,l
ay,ay
ao,ao
n,n
pcl,pcl
eh,eh
gcl,gcl
l,l
ax,ax
kcl,gcl
n,n
w,w
tcl,pcl
k,k
ah,ah
iy,iy
r,r
aw,aw
y,y
s,s
tcl,tcl
tcl,tcl
ux,ux
tcl,dcl
ix,ix
ih,ix
aa,aa
gcl,gcl
q,q
er,er
dh,dh
t,t
s,s
el,el
axr,er
ay,ah
m,n
dh,dh
l,el
tcl,gcl
w,w
zh,sh
y,y
n,n
tcl,tcl
ao,ao
ao,ao
kcl,tcl
z,z
ix,eh
sh,sh
r,r
ix,ix
kcl,kcl
t,t
ae,eh
kcl,kcl
ix,ix
hv,hv
eh,l
l,l
nx,nx
tcl,kcl
ao,ao
r,r
q,q
r,r
ah,ah
ix,ix
axr,axr
ae,ae
ih,ih
t,t
ax,r
tcl,kcl
pcl,bcl
ao,ao
r,r
ih,ix
k,k
ix,ix
v,v
gcl,n
dx,dx
q,q
iy,iy
v,v
axr,axr
r,r
ey,ey
p,p
k,k
axr,axr
ix,ix
s,s
l,l
ih,ax
tcl,tcl
dcl,tcl
n,n
z,z
k,g
uh,ix
m,m
r,r
oy,oy
m,m
ih,ix
g,g
q,q
n,dcl
l,l
l,l
s,s
iy,iy
gcl,dcl
t,t
ix,n
ih,ix
dh,dh
kcl,kcl
el,el
nx,n
ux,ux
z,z
k,k
z,z
m,n
dcl,gcl
m,m
n,n
m,m
r,r
eh,ih
l,m
ix,ix
ih,ih
n,n
dcl,dcl
aa,ao
v,v
iy,iy
s,s
t,t
ix,ix
k,k
ix,ix
ay,ay
th,th
s,s
kcl,kcl
dcl,dcl
jh,t
tcl,tcl
w,w
tcl,pcl
iy,y
aa,aa
ix,ix
bcl,gcl
el,el
ay,ay
y,y
l,l
t,t
ax,l
hv,hh
q,q
n,n
pcl,pcl
iy,iy
t,t
kcl,kcl
tcl,tcl
jh,ch
eh,uw
k,k
er,r
ow,ow
ax,ix
q,el
axr,axr
dcl,gcl
ng,ng
w,w
n,n
w,w
l,q
t,t
ix,ix
dx,dx
axr,r
t,t
uw,uw
eh,eh
n,l
ah,ah
dh,bcl
el,el
hh,hh
dcl,dcl
el,l
w,w
aw,ae
eh,ix
iy,y
n,n
ih,ih
pcl,tcl
s,s
axr,ix
ix,ix
ah,ah
er,axr
ix,ix
k,k
n,m
ih,iy
w,m
gcl,bcl
er,er
sh,sh
el,el
ux,ux
ix,ix
eh,eh
l,r
iy,ix
dx,n
m,m
pcl,pcl
eh,ah
ay,aa
uw,uw
ix,ix
iy,iy
n,m
th,th
aw,aw
ax,r
tcl,pcl
aa,axr
ix,ix
n,n
v,m
ix,eh
ey,ey
z,s
n,n
er,er
iy,iy
ay,ay
w,w
tcl,kcl
ey,ey
sh,sh
z,s
ax,ax
ih,ih
m,m
tcl,tcl
f,f
ix,ix
ao,ao
l,l
em,n
f,f
k,k
n,n
kcl,kcl
y,y
ae,ae
l,dh
t,t
z,z
n,ng
axr,axr
ah,ao
m,m
pcl,pcl
el,l
ih,ix
z,z
pcl,pcl
uh,ix
s,s
dh,dh
ng,n
ao,ao
n,dcl
oy,oy
aw,aw
b,p
z,z
d,d
pcl,pcl
p,p
q,q
iy,iy
jh,jh
p,p
n,n
ao,w
pcl,pcl
ix,y
ae,ae
v,v
iy,iy
s,s
iy,iy
aa,axr
w,w
ae,ae
n,m
sh,sh
q,q
p,p
kcl,kcl
r,r
r,r
en,ix
q,q
dcl,dcl
n,m
dcl,gcl
k,k
ae,ae
g,g
v,v
ix,ix
ah,ah
ae,ae
t,k
s,s
ow,ow
ix,ix
r,r
oy,oy
ao,y
ao,r
ax,ax
ey,ey
eh,eh
axr,axr
er,er
k,k
s,s
s,s
d,dcl
s,s
w,w
ah,ah
m,m
jh,jh
iy,iy
iy,iy
ah,aa
l,l
t,t
m,m
tcl,kcl
eh,ih
el,el
tcl,tcl
bcl,dcl
ih,ih
m,n
n,m
ih,ih
m,m
ax,axr
y,y
kcl,gcl
kcl,kcl
l,l
s,s
eh,eh
ey,ey
r,r
t,t
pcl,tcl
p,p
s,s
iy,iy
ix,ix
ax,ax
ae,ae
ih,ih
q,q
er,er
ao,ao
m,m
sh,sh
uh,ix
kcl,dcl
f,f
ax,r
iy,iy
pcl,pcl
eh,eh
ix,hh
kcl,kcl
sh,sh
ix,l
dx,dx
w,w
iy,iy
k,k
q,q
dh,dh
r,r
pcl,dcl
iy,iy
f,f
ix,ix
tcl,tcl
k,k
w,w
axr,r
r,r
ch,jh
f,f
ix,ix
axr,axr
pcl,pcl
iy,iy
ah,eh
iy,iy
aa,aa
s,s
y,d
ae,ae
ih,ih
aa,aa
bcl,bcl
w,w
sh,sh
d,t
v,v
dcl,dcl
t,t
aa,aa
aa,aa
ae,ae
k,k
pcl,tcl
w,w
s,s
p,hh
p,v
q,q
l,l
eh,eh
ux,ux
sh,sh
n,n
p,p
dx,dx
m,m
r,r
f,f
m,m
r,r
ix,ix
jh,jh
dx,dx
gcl,gcl
z,z
l,l
v,v
ae,ae
y,y
v,v
ax,q
ix,r
ix,ix
g,g
ow,ow
eh,r
s,s
n,ng
ao,r
s,z
s,s
s,th
en,en
r,r
m,m
eh,eh
iy,iy
l,l
el,el
r,r
sh,sh
ix,ix
r,r
bcl,bcl
kcl,gcl
ih,eh
kcl,kcl
dh,dh
ax,ih
dh,dh
kcl,pcl
ix,ix
aw,aw
gcl,gcl
l,l
pcl,kcl
t,t
ih,ix
iy,iy
axr,axr
el,ax
s,s
iy,iy
eh,eh
ao,ao
k,k
tcl,pcl
kcl,tcl
pcl,tcl
ch,ch
s,s
ux,n
n,ng
eh,eh
q,q
axr,axr
axr,axr
n,n
l,el
ay,ay
ng,n
el,el
s,s
s,s
w,w
ch,ch
r,r
s,s
s,s
tcl,tcl
ey,ey
ih,ih
l,l
r,r
ae,ae
ao,ao
ng,ng
dcl,tcl
tcl,tcl
tcl,tcl
m,m
z,s
jh,sh
ax,ax
ow,ah
ax,ax
ay,r
aa,aa
hh,zh
ay,ay
kcl,tcl
dx,dx
l,l
q,q
axr,kcl
ey,ey
hh,hh
ow,ow
iy,y
bcl,bcl
tcl,pcl
z,z
iy,r
ch,ch
ix,ix
dh,dh
ih,ih
y,y
dcl,gcl
ix,ix
ey,ey
l,l
kcl,kcl
ix,iy
d,tcl
en,m
kcl,kcl
s,s
ah,ah
ix,ix
tcl,kcl
l,v
s,s
ix,ax
eh,eh
ae,eh
tcl,tcl
dx,l
dcl,dcl
s,z
ey,iy
ey,ey
sh,sh
dcl,dcl
m,m
pcl,tcl
aa,ah
axr,axr
iy,ix
k,k
s,s
z,s
ix,ix
ao,ao
t,t
iy,iy
k,k
ix,ix
d,n
ih,ih
l,l
tcl,dcl
bcl,bcl
dcl,dcl
g,k
k,k
iy,iy
ao,ao
ey,ey
sh,sh
z,z
ix,ix
t,t
bcl,bcl
t,t
ih,ih
w,w
tcl,tcl
ih,l
iy,iy
ih,eh
r,r
w,w
ih,ih
sh,sh
s,s
z,z
eh,eh
tcl,pcl
ey,ey
l,l
m,m
ax,l
ih,ih
m,m
gcl,gcl
eh,eh
t,t
ix,iy
en,en
iy,iy
n,n
kcl,pcl
s,s
ey,r
n,n
hv,hv
hv,hh
s,s
ao,ao
ix,ix
ix,ix
eh,ix
ae,ae
ih,ix
ey,iy
r,axr
kcl,tcl
tcl,dcl
eh,ix
ix,ix
kcl,gcl
s,s
aa,aa
pcl,tcl
gcl,pcl
tcl,gcl
er,er
ae,ae
iy,y
ix,ix
k,k
n,n
ih,ih
v,v
r,r
p,p
k,k
r,r
en,ix
w,w
t,t
s,s
t,t
er,er
n,dcl
ih,eh
ay,ay
w,w
kcl,kcl
n,m
v,v
ae,ae
p,b
dcl,tcl
dx,dh
axr,axr
el,el
iy,ih
ix,ix
eh,eh
ax,l
z,sh
kcl,kcl
l,l
s,s
r,r
kcl,kcl
pcl,pcl
eh,eh
aa,aa
dh,n
t,t
ao,aa
v,v
hh,hh
dx,dx
iy,iy
er,axr
ih,ix
l,l
p,p
q,ng
k,k
y,y
ax,n
ix,ax
iy,iy
m,m
s,s
ao,ao
l,l
p,p
dh,dh
n,w
dcl,tcl
v,v
axr,axr
g,g
dcl,dcl
axr,er
axr,axr
th,tcl
kcl,kcl
ax-h,ax-h
gcl,gcl
k,k
ey,ey
s,s
ih,ix
ix,n
ao,ao
r,r
k,k
r,r
l,w
aa,ah
r,r
er,er
ah,l
t,t
kcl,kcl
y,y
bcl,pcl
ix,ix
l,l
kcl,kcl
ae,ae
er,er
dh,dh
z,z
ix,ax
ao,ao
axr,axr
w,w
ao,ao
ux,ux
gcl,gcl
f,f
kcl,tcl
w,w
ix,ix
n,m
ix,ix
s,s
n,ng
g,g
iy,iy
n,n
bcl,n
kcl,pcl
ih,ax
s,s
aa,aa
r,r
iy,iy
n,n
ih,ih
ae,ah
ih,iy
sh,sh
s,s
w,w
ey,ey
ao,ao
ae,ae
l,l
ao,ao
dh,dh
ao,ao
r,r
el,el
axr,axr
iy,iy
sh,s
f,f
s,s
ah,ah
t,t
aw,aw
ih,ix
dcl,dcl
n,n
p,p
z,z
eh,ah
p,p
ux,ux
t,t
iy,iy
el,el
ao,ao
k,k
pcl,tcl
l,l
n,n
ux,ux
n,n
iy,iy
gcl,gcl
m,m
aw,aw
th,dh
p,p
ao,ao
s,sh
sh,ch
kcl,gcl
l,l
z,z
n,q
s,s
er,axr
kcl,tcl
z,z
p,p
iy,iy
ae,eh
m,m
iy,iy
ch,t
oy,oy
eh,eh
r,r
ao,aw
f,f
l,l
ey,ay
axr,axr
l,el
ih,ix
ax,w
m,m
ah,ix
sh,sh
eh,eh
q,q
ih,ix
n,n
r,r
ae,ae
w,w
l,l
g,ng
iy,iy
axr,axr
r,r
l,l
ah,ah
ix,ix
l,w
ao,ao
dh,th
l,l
aa,ao
tcl,pcl
ae,ae
ih,ix
ay,ay
dcl,dcl
n,ng
ax,ax
tcl,kcl
ix,w
n,n
ao,ao
ax,r
ih,ix
ih,ix
d,d
ay,ay
dh,dh
iy,iy
y,ix
ih,y
eh,ae
bcl,bcl
n,n
n,m
ae,ae
w,w
eh,ih
tcl,tcl
s,s
z,z
l,l
k,k
ae,ae
ix,ix
ae,ae
f,f
r,r
ay,ay
w,m
ih,ih
p,p
v,v
sh,sh
tcl,tcl
ay,ay
d,d
w,w
nx,n
ix,ix
gcl,gcl
tcl,pcl
ao,ao
s,s
nx,nx
iy,r
kcl,kcl
r,r
w,w
ax,ix
g,g
v,v
gcl,dcl
tcl,tcl
n,n
ae,ey
eh,ae
y,y
ay,ay
gcl,gcl
r,r
iy,iy
axr,axr
v,v
ix,ih
w,w
kcl,pcl
pcl,tcl
ix,ix
ey,ix
axr,axr
p,p
ix,ix
s,s
p,dh
hh,hh
bcl,bcl
t,t
ey,eh
k,g
r,v
l,l
iy,iy
ix,ix
g,k
l,el
iy,iy
ey,ey
iy,y
tcl,kcl
m,m
ix,l
ah,ah
uh,ix
kcl,tcl
ae,ae
w,w
tcl,tcl
tcl,tcl
em,m
z,s
f,f
q,w
tcl,tcl
l,l
t,t
l,l
pcl,pcl
r,r
tcl,kcl
ay,aa
g,g
l,l
q,q
s,s
r,r
iy,iy
ae,ae
m,m
v,v
d,t
ow,ow
n,n
ih,ux
s,th
gcl,gcl
w,w
ng,ng
er,axr
kcl,kcl
n,g
sh,sh
uh,ah
ix,ix
l,el
l,l
ih,ix
sh,z
w,w
d,d
ix,ix
ao,l
axr,r
ao,ao
hv,hv
ae,ae
m,m
ih,ih
f,f
r,r
w,w
v,v
eh,eh
r,r
bcl,gcl
l,l
w,w
s,s
ay,ay
sh,sh
ih,ih
ay,ay
z,z
pcl,pcl
l,l
ah,ah
iy,iy
n,ng
aa,aa
t,t
kcl,tcl
iy,iy
q,q
v,v
gcl,gcl
w,w
ix,ix
ay,ay
ae,ae
l,l
dh,dh
ih,ih
s,s
aa,aa
s,s
q,q
ix,ah
ix,axr
jh,ch
ax,ix
ae,eh
kcl,tcl
s,s
g,g
sh,s
l,l
axr,tcl
aw,aw
t,t
ae,ae
kcl,tcl
r,r
er,axr
ah,ah
k,k
r,r
iy,y
tcl,tcl
eh,eh
r,r
ae,ae
ix,ix
s,s
w,w
ae,ae
tcl,pcl
q,q
oy,oy
ao,ao
axr,axr
ax,ix
ao,ao
ix,ix
iy,iy
tcl,tcl
ae,ae
ix,ix
ix,ix
z,z
iy,iy
dcl,dcl
gcl,n
tcl,tcl
ao,ao
gcl,dcl
ax,uw
ow,ow
r,v
ao,ao
er,eh
ux,ux
iy,iy
z,s
k,k
ax,ax
r,r
t,t
s,s
tcl,q
iy,iy
axr,r
uw,w
ah,ah
ae,ay
nx,dh
r,r
sh,s
bcl,pcl
tcl,tcl
ix,ix
q,bcl
s,s
w,w
t,t
k,k
l,l
ax,ah
m,m
z,z
n,m
hh,hh
iy,iy
ae,ae
k,k
r,r
s,s
ey,ey
z,s
tcl,tcl
n,gcl
ax,uw
aa,aa
kcl,kcl
ey,ey
axr,r
r,r
kcl,tcl
ah,el
sh,sh
ax,ax
l,l
en,n
iy,iy
pcl,tcl
w,w
ix,ix
ah,ao
iy,iy
k,k
r,r
s,z
q,n
iy,iy
ux,ux
q,q
r,r
ix,ix
ah,ah
eh,ae
n,n
ux,ux
n,n
eh,eh
l,ax
ah,ax
ux,ix
t,v
q,q
m,m
en,ng
s,s
aa,l
iy,iy
eh,eh
ih,iy
iy,iy
l,l
y,y
l,w
ax,ix
ax,ix
aa,aa
ax,ax
ao,w
s,s
pcl,tcl
n,n
ah,ah
ax,ax
sh,sh
iy,iy
l,l
gcl,tcl
v,ax
tcl,dcl
sh,sh
s,s
q,q
n,n
s,sh
ae,ae
t,tcl
s,s
tcl,tcl
n,n
v,v
tcl,dcl
w,w
v,v
pcl,pcl
ih,ih
kcl,pcl
t,z
w,l
tcl,dcl
r,r
k,k
z,sh
bcl,dcl
f,f
tcl,tcl
r,r
t,t
k,k
ao,ao
kcl,kcl
ih,ih
dh,dh
tcl,tcl
ax,ix
ng,n
pcl,pcl
t,t
z,z
r,n
ao,ao
kcl,kcl
p,p
z,z
ey,iy
jh,sh
dcl,dcl
s,z
gcl,gcl
k,k
z,z
dx,l
ay,ay
gcl,n
f,f
tcl,tcl
q,q
kcl,tcl
v,v
y,ih
dcl,gcl
l,l
ay,ay
l,l
aw,aw
iy,iy
ix,ix
kcl,kcl
dx,n
dx,dx
axr,axr
d,t
ax,ax
sh,sh
f,f
ax,l
ix,ix
z,z
l,l
k,k
w,w
axr,ix
ae,ae
ih,ih
tcl,tcl
z,z
iy,ix
q,q
gcl,gcl
ae,ae
ih,iy
kcl,tcl
ih,ix
l,l
iy,iy
ix,ix
ae,ae
ax,m
ng,ng
m,m
dcl,tcl
kcl,kcl
kcl,kcl
dcl,gcl
iy,iy
r,r
s,s
iy,ih
ix,ix
dh,dh
ix,ix
q,q
y,y
z,z
q,q
t,t
ow,ow
ay,aa
s,s
g,g
l,l
m,m
iy,ix
dx,dx
gcl,gcl
m,n
iy,iy
ay,ay
b,d
tcl,pcl
ah,ah
ow,ow
s,z
axr,axr
dcl,dcl
hh,hv
r,r
ay,eh
iy,iy
gcl,dcl
n,m
l,l
l,l
uh,ix
ey,ey
f,f
w,w
uh,ax
m,m
eh,eh
ix,ix
aa,aa
n,n
t,t
v,m
ih,ix
ix,n
ay,ay
ae,ae
gcl,gcl
n,n
ng,ng
iy,iy
l,l
jh,jh
zh,hh
p,p
p,p
z,z
iy,iy
t,t
oy,oy
l,w
dcl,dcl
ay,ay
ix,ix
s,s
ao,ao
ah,ah
z,z
m,m
aa,aa
l,l
n,n
axr,axr
y,hv
tcl,kcl
ah,ah
y,y
n,m
eh,ix
s,s
ao,ao
kcl,tcl
aa,aa
z,z
z,z
tcl,tcl
jh,y
ah,eh
zh,sh
t,t
ux,ux
iy,iy
m,m
axr,r
axr,axr
ax,ah
s,s
l,v
aa,ao
n,n
ah,ax
ix,ix
ch,k
ix,ix
aa,aa
ow,ow
l,l
k,k
sh,sh
kcl,kcl
ah,ah
eh,eh
ux,ux
f,f
tcl,tcl
iy,iy
n,n
r,r
iy,iy
gcl,dcl
d,d
ow,ow
l,l
g,g
aa,aa
tcl,pcl
ix,ix
dcl,tcl
r,r
dh,hh
ih,ih
l,l
ch,jh
r,r
er,axr
sh,sh
d,t
d,t
er,er
tcl,tcl
iy,iy
eh,ey
ax,ix
dcl,tcl
eh,eh
k,k
n,n
aa,aa
nx,dcl
z,z
kcl,kcl
p,p
y,v
f,f
d,t
iy,iy
r,r
g,k
ey,ey
ah,ah
tcl,tcl
hh,hh
ch,ch
w,w
kcl,kcl
r,r
s,s
dcl,dcl
k,k
el,ax
s,s
y,y
dh,dh
bcl,m
z,z
tcl,tcl
r,v
ao,ow
m,m
s,s
kcl,kcl
ix,ix
eh,eh
n,n
k,t
n,n
dx,l
zh,zh
kcl,kcl
w,w
s,t
dcl,dcl
k,k
iy,iy
dh,dh
g,g
iy,iy
q,q
ah,ah
ae,ae
ay,ey
t,t
p,v
ao,q
ch,ch
s,s
jh,d
dh,n
kcl,kcl
ah,ah
iy,iy
uw,ux
q,q
r,r
n,n
dcl,dcl
f,v
m,m
ay,ay
ih,r
r,r
pcl,pcl
l,l
bcl,bcl
eng,m
ay,aw
ae,ae
k,kcl
z,z
l,l
axr,ow
f,f
er,axr
ix,ix
axr,axr
ux,uw
ix,ix
axr,hv
l,l
l,r
y,y
g,g
iy,ng
ae,ae
dcl,dcl
l,l
ax,ax
en,m
hh,hh
k,k
m,m
ae,ae
q,q
n,n
ix,ix
ih,ih
iy,iy
l,l
tcl,tcl
er,axr
ow,aw
gcl,kcl
ey,eh
tcl,kcl
hv,hv
z,z
r,r
er,ow
n,n
ng,n
q,q
oy,oy
ae,ae
gcl,dcl
v,v
z,sh
jh,jh
s,s
g,g
ux,ux
eh,eh
s,s
t,t
hv,hv
r,r
tcl,kcl
ae,ae
ix,ix
l,l
kcl,tcl
sh,sh
aa,aa
kcl,kcl
b,b
l,l
ay,ay
f,f
w,w
axr,axr
v,v
s,s
tcl,tcl
ix,ix
sh,sh
w,w
t,t
gcl,dcl
kcl,pcl
ao,aa
ae,ae
eh,ix
eh,eh
bcl,bcl
m,v
q,q
ay,ay
hv,hv
ey,ey
kcl,gcl
ow,ow
pcl,kcl
z,z
ix,ix
z,s
v,v
v,v
dcl,tcl
n,n
pcl,tcl
d,v
v,v
k,k
th,th
ix,ix
dcl,ix
gcl,y
uh,ah
p,p
l,l
ux,ux
ax,ax
iy,iy
kcl,kcl
d,t
aw,aw
s,s
uw,l
s,s
l,uh
r,m
axr,r
kcl,kcl
m,m
ah,ah
w,w
eh,eh
r,r
kcl,kcl
z,s
k,k
er,axr
l,l
sh,sh
gcl,dcl
ix,ux
r,r
r,r
s,s
bcl,m
iy,iy
gcl,bcl
ax,el
w,w
iy,iy
w,w
ng,ng
tcl,tcl
el,l
dh,dh
f,f
dcl,dcl
r,r
aa,ah
aa,aa
ey,ey
n,n
er,axr
th,th
p,v
w,w
r,ay
l,l
kcl,kcl
d,t
kcl,tcl
ay,ay
axr,axr
g,g
ih,ih
ih,r
ix,ix
kcl,tcl
q,m
dcl,dcl
tcl,k
pcl,pcl
pcl,pcl
pcl,pcl
bcl,bcl
r,r
p,k
ix,ix
ao,ao
ix,ix
ey,eh
ih,ix
k,k
tcl,tcl
bcl,bcl
s,th
er,axr
dx,tcl
k,k
r,ix
ih,ih
kcl,tcl
v,v
ih,ih
ix,ax
s,s
k,k
aa,ay
tcl,tcl
eh,eh
ih,ix
iy,iy
iy,iy
ao,ao
iy,iy
n,dcl
s,s
ih,ih
ng,dcl
dcl,gcl
tcl,tcl
f,f
aa,ao
dh,z
ih,ih
k,k
l,l
q,m
s,s
eh,eh
m,m
z,s
bcl,bcl
ax,ix
ow,ow
kcl,pcl
kcl,pcl
z,s
p,p
tcl,tcl
t,t
aa,aa
hv,hh
q,y
b,b
dcl,dcl
eh,eh
l,l
l,l
ae,ae
ae,ae
l,l
ix,ix
aa,aa
dx,dx
n,n
sh,sh
s,s
ae,ae
eh,ah
s,s
ax,ax
w,r
d,t
dx,dx
ay,ay
kcl,tcl
uh,axr
dh,dh
ae,ae
nx,nx
th,th
ae,ae
ay,ay
dcl,tcl
ix,ix
v,gcl
dh,dh
eh,eh
iy,iy
eh,eh
k,k
ix,ix
ng,m
d,d
ow,ow
k,g
er,er
sh,sh
l,ax
iy,iy
v,v
kcl,kcl
ix,ix
ae,ae
n,n
ah,ah
dh,dh
dh,dh
s,s
f,v
ae,ae
pcl,tcl
ix,ix
n,m
ih,ix
ix,ix
dh,dh
n,n
ae,ae
ix,ix
tcl,tcl
tcl,tcl
g,g
ey,ey
ae,eh
axr,axr
ix,ax
w,w
iy,iy
ao,ao
pcl,pcl
ax,ae
l,l
q,q
r,r
pcl,pcl
l,l
r,v
t,z
iy,iy
k,k
m,m
ix,ix
ix,ix
pcl,pcl
v,v
dcl,dcl
ae,ae
r,r
m,m
s,z
ih,ix
iy,iy
ey,ey
ax,ax
ax,ix
dcl,gcl
bcl,dcl
ow,l
iy,iy
ao,ao
sh,sh
ix,ix
ao,ao
dcl,dcl
pcl,bcl
bcl,v
nx,v
b,p
ng,n
ux,ux
dcl,dcl
hh,hh
dcl,pcl
hh,hh
l,l
l,w
pcl,pcl
n,n
v,v
uh,uh
m,m
l,l
l,l
g,g
s,s
n,n
ao,axr
er,axr
nx,nx
tcl,tcl
iy,iy
iy,y
ao,ao
eh,ix
jh,t
sh,sh
r,r
l,l
r,r
ih,ih
m,m
sh,sh
l,l
l,l
ih,ih
sh,sh
ah,ah
kcl,pcl
ah,ay
ax-h,q
ey,ey
m,m
ax,ax
z,z
t,t
ng,m
axr,axr
hv,hv
pcl,tcl
en,en
er,axr
ix,ix
r,l
w,w
y,y
r,r
kcl,kcl
iy,iy
dcl,dcl
ay,ay
ah,aa
r,r
t,bcl
dx,n
ao,ao
ih,v
ax,ax
w,w
ey,ay
ix,ix
axr,axr
hv,hh
aa,ao
l,w
iy,iy
en,en
dcl,dcl
ix,ix
t,t
tcl,tcl
s,s
n,n
dx,dx
ay,ay
aa,ao
ah,ao
ah,ah
sh,sh
ax,gcl
n,n
ah,ah
kcl,kcl
ae,ae
iy,iy
r,r
z,s
kcl,kcl
ux,ux
ax,m
kcl,kcl
ax,ax
r,r
t,t
iy,iy
eh,eh
ix,ix
s,s
ao,ao
pcl,tcl
ao,aa
jh,jh
t,t
l,l
ay,aa
t,t
gcl,gcl
ao,ao
y,y
dcl,tcl
t,t
ix,ix
ax,ix
eh,eh
ix,dh
iy,iy
w,w
tcl,kcl
tcl,tcl
ay,ay
iy,iy
gcl,gcl
ng,m
iy,iy
n,n
ae,ae
ix,ix
kcl,kcl
sh,sh
kcl,dcl
ae,ae
kcl,kcl
m,m
r,r
ao,ao
s,s
y,ix
s,s
k,k
ux,ux
ow,el
ih,ih
n,n
kcl,tcl
tcl,bcl
axr,axr
n,n
iy,y
t,t
kcl,tcl
kcl,tcl
sh,sh
g,gcl
er,er
r,r
sh,sh
l,l
l,l
ih,eh
ix,ix
q,q
ae,ae
eh,eh
q,q
ix,ix
iy,iy
tcl,n
ey,ey
ax,ah
ae,ae
aa,aa
dcl,dcl
m,ng
q,q
axr,axr
ix,ix
tcl,tcl
ey,ey
pcl,pcl
iy,iy
m,m
dcl,dcl
q,q
kcl,kcl
ay,ay
f,f
er,axr
aa,aa
z,s
aa,aa
dh,dh
iy,y
ae,ae
n,n
k,g
gcl,m
aa,ao
ih,ix
l,l
n,n
ix,ix
q,q
ae,ae
axr,axr
l,m
f,f
kcl,kcl
gcl,gcl
ix,ax
ae,ae
dcl,tcl
ay,ay
th,dh
aa,ao
r,r
ay,ay
q,q
iy,iy
ah,ix
k,k
s,s
ix,iy
tcl,tcl
r,r
axr,axr
tcl,tcl
bcl,bcl
iy,iy
ih,ih
ao,w
iy,ix
dcl,tcl
aa,ao
dh,dh
aw,aw
gcl,gcl
ao,ao
s,s
ae,ae
ax,ax
axr,axr
axr,m
ey,ey
ae,ae
er,er
m,m
w,w
ey,ey
n,n
l,l
axr,axr
pcl,pcl
v,v
n,n
ae,ae
bcl,bcl
r,r
aa,aa
q,q
v,v
k,k
ng,n
ih,ix
l,l
m,m
ax,ix
p,p
el,el
aw,l
dh,dh
k,k
sh,sh
r,r
m,m
g,g
tcl,tcl
t,t
n,n
ix,ix
iy,iy
aa,aa
eh,eh
t,t
f,f
n,n
p,p
f,f
tcl,tcl
ow,ow
ae,ae
ih,ae
y,ix
l,l
l,l
axr,axr
ng,ng
ae,ae
l,l
pcl,pcl
dcl,gcl
eh,eh
r,r
s,s
ix,ix
dcl,bcl
s,s
hh,hh
pcl,pcl
ch,ch
s,z
eh,ax
ux,ux
iy,iy
y,y
iy,y
s,s
l,w
t,t
iy,ix
dh,dh
v,w
w,m
iy,y
sh,sh
ey,iy
ih,ih
aa,aa
r,axr
n,n
ng,ao
f,th
z,z
iy,iy
ih,ix
eh,eh
iy,iy
kcl,tcl
t,t
iy,iy
s,s
n,n
th,th
t,t
r,r
r,q
ax,n
ah,ow
w,w
er,axr
n,m
y,n
k,k
ah,ah
ae,eh
ay,ay
axr,axr
ey,ey
bcl,bcl
kcl,tcl
ae,ae
ey,ey
z,z
m,m
y,y
ah,aa
ao,ao
f,f
iy,ux
f,f
s,s
axr,ah
f,dh
sh,ch
s,z
tcl,tcl
ey,ix
m,m
en,m
r,r
hh,hh
ih,ih
ux,ux
iy,iy
f,f
r,r
ix,ix
gcl,kcl
ay,ay
nx,n
uw,m
m,m
z,z
aa,aa
z,s
ae,ae
v,v
iy,iy
ix,ix
dcl,bcl
t,t
s,s
th,th
ih,ix
w,w
dx,dx
n,n
n,m
eh,l
ih,ix
v,v
sh,sh
sh,sh
y,y
iy,iy
aw,aw
r,r
ng,v
n,n
ix,ix
w,w
y,y
l,l
ae,ae
el,el
l,l
n,n
aa,q
t,t
s,s
pcl,pcl
eh,eh
q,q
r,r
ow,ow
tcl,tcl
z,z
v,v
ay,ay
ix,l
ow,ow
aa,ay
iy,iy
w,w
iy,iy
ao,ao
tcl,tcl
axr,axr
z,z
er,er
kcl,pcl
aa,ao
m,m
s,s
m,n
dx,v
pcl,pcl
dcl,dcl
s,s
ey,ey
jh,jh
ih,ih
ax,ax
m,m
n,ng
ux,ux
s,s
f,f
ih,ih
iy,iy
tcl,pcl
pcl,tcl
tcl,tcl
ae,ae
sh,sh
kcl,kcl
s,s
axr,axr
f,f
ow,ow
axr,axr
ng,m
ix,ix
s,s
r,l
pcl,pcl
hh,k
axr,axr
ae,eh
q,q
s,s
ae,ae
ae,ah
bcl,dcl
ae,ae
w,w
iy,iy
ux,ux
eh,er
tcl,kcl
hv,hv
ao,ao
dcl,gcl
ow,ow
ng,tcl
hh,hh
d,g
bcl,bcl
nx,n
dcl,dcl
kcl,kcl
kcl,tcl
er,er
n,n
s,s
y,y
bcl,bcl
g,k
ix,ix
m,m
n,n
kcl,kcl
axr,axr
axr,axr
t,t
dx,nx
l,l
d,t
s,s
dcl,dcl
aw,aw
y,y
dcl,dcl
r,r
f,f
ey,ix
ix,ix
hv,hv
kcl,kcl
ay,ay
s,s
dh,dh
m,m
dcl,bcl
th,th
s,s
oy,oy
ix,ix
ih,ih
z,z
n,n
y,y
aa,aa
ix,ux
kcl,kcl
iy,iy
z,z
ao,aa
eh,eh
r,r
aa,aa
el,el
ix,ix
gcl,gcl
dx,dx
z,z
m,m
ih,er
k,tcl
z,z
hv,hv
eh,eh
ao,ao
dcl,gcl
dcl,dcl
iy,iy
ao,ao
ih,l
ix,l
r,r
ux,ux
ax,ax
hh,hv
dcl,pcl
sh,sh
kcl,tcl
s,s
tcl,kcl
k,k
n,v
ng,ng
ay,ay
n,n
ow,ow
k,k
ao,ao
r,r
w,w
r,axr
eh,eh
r,r
t,t
m,n
ih,ih
s,s
g,g
r,r
kcl,kcl
l,l
ao,ao
oy,ah
axr,axr
n,n
s,s
ix,ix
er,er
s,s
iy,iy
z,s
dh,dh
n,n
q,q
ah,ah
v,r
ah,ah
r,r
ow,ow
ao,ao
bcl,bcl
er,eh
ay,ay
er,axr
ey,ey
ah,ah
w,w
gcl,gcl
f,f
n,n
dcl,m
f,f
n,n
q,q
en,en
n,n
dcl,dcl
ix,ix
ow,ow
ey,ey
n,n
q,q
ao,ao
ey,iy
dcl,dcl
hh,hh
iy,iy
w,w
dh,dh
ih,eh
l,l
t,t
pcl,pcl
dh,hh
pcl,pcl
ax,en
ax,ax
k,k
eh,ay
iy,y
ao,ao
n,n
dx,nx
iy,iy
t,t
kcl,kcl
ah,ah
zh,zh
axr,axr
m,m
r,r
t,t
eh,ix
ih,axr
dh,dh
iy,iy
jh,y
axr,r
dh,d
kcl,kcl
q,q
n,n
pcl,tcl
w,w
l,l
s,s
oy,oy
er,er
tcl,pcl
s,z
z,s
s,s
r,w
r,r
ae,ae
k,k
dcl,bcl
q,q
pcl,tcl
ih,iy
ow,ow
iy,iy
y,y
tcl,pcl
iy,iy
ix,ix
iy,iy
k,k
ax,ix
ay,ay
r,r
er,er
dh,dh
eh,eh
eh,eh
ay,ay
k,k
k,k
y,y
n,n
aa,aa
k,k
ix,iy
ey,eh
r,r
y,y
en,em
iy,ix
f,f
q,q
dcl,tcl
tcl,tcl
s,z
n,m
ax,ax
b,dh
dcl,dcl
ix,y
r,r
r,axr
pcl,tcl
kcl,pcl
dh,m
ix,m
d,d
gcl,gcl
kcl,kcl
n,m
aa,ah
r,r
y,iy
ih,ix
k,k
ih,ih
f,f
ae,ae
ao,ao
ah,ah
s,s
w,w
tcl,kcl
s,s
n,m
iy,ix
p,p
gcl,gcl
dh,g
sh,sh
er,er
iy,y
eh,eh
ix,ix
ix,ix
t,t
ih,ih
gcl,dcl
ih,hv
kcl,kcl
k,k
n,gcl
ix,ix
r,r
ey,iy
z,s
q,ix
w,w
l,l
r,r
l,el
ix,iy
l,l
t,t
iy,iy
k,g
m,l
sh,sh
dcl,gcl
uh,ux
r,r
f,f
kcl,kcl
ow,ow
th,v
m,m
eh,ey
p,p
l,l
dcl,dcl
nx,n
l,l
ay,ay
w,w
axr,axr
th,tcl
dcl,dcl
r,r
eh,r
axr,axr
s,z
eh,eh
q,q
s,z
r,r
n,n
oy,oy
dcl,gcl
f,f
q,q
q,n
ih,y
iy,iy
ae,ae
kcl,kcl
m,m
iy,iy
ih,axr
kcl,tcl
er,axr
v,pcl
z,z
v,v
s,s
g,g
ax,el
gcl,gcl
axr,ix
s,z
r,r
dcl,dcl
ix,ix
tcl,tcl
ix,ix
ay,ay
ae,ae
gcl,gcl
iy,iy
k,k
ix,ix
t,d
dcl,gcl
ay,ey
m,m
kcl,tcl
axr,axr
n,gcl
tcl,tcl
m,m
k,k
n,gcl
iy,iy
aa,ay
w,w
w,w
tcl,tcl
eh,eh
eh,eh
m,m
n,dcl
ix,v
t,t
dcl,dcl
axr,axr
f,f
ih,ih
p,hh
m,n
en,en
v,v
q,q
hv,hv
s,s
r,r
g,g
g,g
gcl,gcl
uw,uw
k,k
er,er
dx,dx
ao,l
f,f
ix,ix
ih,ux
ax,w
tcl,l
ix,ix
t,t
eh,eh
w,w
sh,sh
eh,ey
ae,ae
n,n
gcl,gcl
tcl,tcl
r,r
n,n
s,s
ao,ao
dcl,dcl
dx,gcl
r,r
r,r
aa,aa
dcl,dcl
pcl,pcl
ux,ux
pcl,pcl
iy,iy
eh,eh
tcl,tcl
ih,eh
ih,y
r,r
ax,ix
dcl,bcl
l,w
y,y
hh,hh
ux,ux
ey,ey
r,r
l,w
pcl,pcl
f,f
r,r
ux,ix
bcl,bcl
l,l
ix,ix
er,axr
l,l
ae,ae
l,l
ah,ax
k,k
r,r
n,n
pcl,pcl
ae,aw
g,g
ax,ix
ix,ix
ax,ix
w,w
m,m
t,d
iy,iy
n,n
ay,ay
ih,ix
dh,dh
r,r
ix,eh
n,n
axr,axr
z,z
ah,ah
iy,iy
iy,iy
n,n
ow,ow
l,l
ch,t
bcl,dcl
oy,oy
en,en
z,s
q,ix
r,r
ix,l
t,t
ax-h,m
dx,n
ih,ix
ah,ax
pcl,tcl
dh,dh
axr,axr
axr,axr
uw,uw
kcl,kcl
n,n
ah,ay
ix,ix
k,k
ae,ae
axr,axr
m,dcl
ix,ix
hv,hv
ow,ow
m,n
ae,ae
ih,ih
w,w
s,s
n,n
bcl,dcl
ow,el
w,w
p,p
gcl,kcl
zh,z
m,m
iy,iy
ae,ae
iy,iy
l,l
ay,ay
ey,ey
ax,ax
ih,ix
ey,ey
m,m
iy,iy
r,ow
r,r
ao,el
aa,aa
q,q
ey,ix
k,k
ih,ix
ay,ay
f,f
axr,axr
s,z
s,s
ih,ix
m,m
p,p
k,q
tcl,tcl
s,s
eh,axr
q,q
ow,ow
ax,ix
l,l
iy,iy
aw,aw
kcl,gcl
r,r
bcl,bcl
sh,sh
dcl,dcl
ae,ae
y,y
aa,ao
l,n
r,r
r,q
bcl,bcl
ix,ix
l,l
ax,ix
er,ux
n,n
p,p
n,n
l,l
z,z
m,m
s,s
ix,ix
ae,ae
ae,ae
w,w
n,n
dcl,n
r,d
dcl,dcl
ax,ax
uw,uw
m,m
eh,eh
oy,oy
eh,eh
axr,axr
aa,ao
uh,ah
oy,oy
ix,ix
eh,axr
s,s
l,el
gcl,gcl
y,y
n,gcl
dcl,dcl
p,p
dh,dh
z,s
z,s
w,m
gcl,gcl
l,l
ix,ix
ix,ax
p,p
iy,iy
ih,ih
ih,iy
w,w
iy,iy
dcl,dcl
tcl,kcl
ix,ax
hv,hv
ux,ux
dcl,gcl
kcl,tcl
ix,ix
ix,ux
axr,r
s,s
kcl,kcl
g,g
ay,ay
axr,axr
aw,aw
ix,ih
r,r
kcl,tcl
r,er
r,r
l,l
ow,el
ix,ix
eh,eh
dh,dh
s,s
l,l
t,t
n,n
ax,ax
s,s
q,n
dcl,dcl
dcl,dcl
aa,aa
aw,aw
tcl,tcl
s,s
ix,ax
k,k
axr,axr
k,k
dh,dh
kcl,kcl
eh,eh
tcl,tcl
gcl,gcl
ix,iy
ey,iy
iy,iy
ux,ux
iy,y
ix,ix
kcl,kcl
s,s
oy,oy
th,th
iy,iy
l,l
ch,t
aa,aa
s,s
eh,ah
iy,iy
y,hh
iy,iy
n,n
z,z
dcl,dcl
iy,ey
oy,oy
r,r
iy,iy
eh,eh
tcl,tcl
aa,aa
iy,ix
ix,ix
v,v
iy,iy
sh,sh
aa,aa
er,er
ey,ey
tcl,tcl
r,r
ih,iy
dx,l
iy,ux
ng,ng
ax,ax
ae,ae
bcl,bcl
sh,sh
t,t
k,k
ae,eh
ix,r
aa,aa
bcl,dcl
ax,ix
ay,ay
ix,ix
w,w
gcl,gcl
n,n
r,r
ix,ix
iy,iy
k,g
ux,ux
aa,aa
ng,n
iy,iy
p,p
g,dx
er,axr
ng,ng
iy,iy
ix,ix
pcl,pcl
kcl,pcl
kcl,kcl
l,l
ih,ix
eh,eh
ih,ih
l,w
iy,y
ow,ow
aa,aa
n,ng
aa,aa
m,m
r,r
ix,ix
aa,aa
ae,ae
iy,iy
ah,ah
ax,l
pcl,pcl
l,l
iy,ih
el,l
f,f
n,n
iy,iy
l,l
ow,el
s,s
v,f
eh,eh
q,q
l,m
d,d
hh,w
tcl,tcl
aw,ae
r,r
dcl,tcl
f,v
aa,aw
ao,ao
eh,ae
t,t
n,n
ao,ao
ix,ix
r,r
z,s
k,k
ae,ae
r,r
gcl,gcl
dx,dcl
sh,sh
l,l
s,z
ix,ix
q,q
dh,dh
eh,r
tcl,tcl
s,s
q,r
dh,dh
ix,ix
iy,iy
iy,iy
ay,ay
r,axr
ix,w
k,k
dcl,dcl
q,q
sh,sh
pcl,tcl
n,n
gcl,gcl
r,r
tcl,tcl
w,w
sh,sh
kcl,tcl
kcl,kcl
ix,ih
ux,y
ng,ng
pcl,pcl
iy,hv
v,v
q,q
l,l
hh,hv
gcl,tcl
p,p
pcl,gcl
oy,oy
ih,ix
jh,jh
eh,ix
ng,ng
r,ux
ah,ah
ih,ix
eh,er
ey,eh
kcl,tcl
ao,ao
ah,ah
m,m
y,y
aa,ae
n,n
ey,ey
kcl,kcl
eh,aw
ix,ix
ae,ae
s,s
axr,axr
l,l
ax,n
dh,dh
s,s
y,ix
eh,ih
n,n
ey,ey
w,w
p,p
ix,ix
tcl,dcl
s,z
ax,ix
f,f
tcl,t
oy,oy
ae,ae
dx,v
ch,ch
ax,ax
v,v
l,l
ey,ae
s,s
v,v
ax,l
ng,m
gcl,gcl
r,r
aa,aa
r,r
axr,axr
kcl,kcl
ix,ix
tcl,tcl
f,f
l,l
t,t
nx,n
s,s
l,l
er,axr
bcl,bcl
bcl,bcl
z,z
ao,ao
pcl,bcl
s,s
ih,ix
iy,iy
ae,er
ch,jh
r,q
en,n
ix,ax
ay,ay
bcl,pcl
ix,ix
sh,sh
ah,ah
bcl,bcl
kcl,pcl
ey,iy
ao,ao
dx,dx
n,n
er,axr
l,l
gcl,bcl
l,l
axr,axr
ah,ah
s,s
m,m
n,n
dh,dh
k,k
iy,ix
ix,ax
n,n
ix,ix
z,z
jh,jh
ux,ux
ao,ax
w,w
ih,iy
ih,ih
iy,iy
tcl,tcl
iy,iy
r,r
m,m
s,s
k,k
d,d
eh,ah
dcl,dcl
ix,ix
ix,ix
ih,ih
dh,dh
eh,eh
oy,oy
f,f
sh,sh
er,er
n,n
eh,eh
dh,dh
hh,k
ae,ih
z,s
dh,dh
ix,ix
ae,ah
ix,iy
s,s
kcl,kcl
axr,axr
bcl,bcl
k,g
m,m
kcl,kcl
kcl,pcl
q,q
w,w
v,m
z,z
gcl,gcl
l,l
aa,aa
r,r
dh,dh
tcl,tcl
n,n
l,l
ix,iy
dcl,dcl
s,s
r,v
el,uh
w,m
tcl,pcl
ux,ux
hv,hv
kcl,kcl
ah,ix
jh,ch
r,r
n,ng
s,s
ow,ow
n,n
ch,ch
kcl,kcl
l,l
hh,v
ax,ix
ix,n
k,k
ae,ae
ah,ay
bcl,m
iy,ey
w,w
t,t
r,r
kcl,kcl
kcl,tcl
ae,ae
f,f
iy,iy
el,el
n,n
t,t
dcl,gcl
k,k
ae,eh
kcl,pcl
n,n
eh,eh
bcl,tcl
axr,r
tcl,bcl
ah,ah
w,ah
q,w
iy,iy
t,t
dx,dx
en,n
eh,eh
ey,ey
l,l
r,r
axr,axr
el,l
eh,eh
p,f
iy,iy
ih,eh
ix,ae
r,r
v,v
sh,sh
dcl,tcl
iy,iy
dcl,dcl
s,s
dcl,dcl
aa,ah
ao,ao
r,r
v,v
s,s
pcl,pcl
kcl,tcl
l,l
l,l
m,m
s,s
n,n
d,dh
ix,ix
kcl,kcl
iy,iy
s,s
g,g
p,p
bcl,m
n,m
ax,ix
bcl,bcl
kcl,kcl
aa,aa
gcl,gcl
kcl,tcl
q,q
ow,l
ah,ah
ah,ah
ax,eh
q,q
l,l
ux,ux
q,q
ey,ey
axr,axr
ay,ay
sh,sh
m,m
nx,n
el,el
aa,aa
iy,ih
d,t
ay,ay
r,r
tcl,tcl
ay,ay
t,t
kcl,kcl
ae,ae
oy,oy
r,r
iy,iy
ix,ix
z,s
ih,iy
r,r
l,n
s,s
l,l
kcl,kcl
s,s
iy,iy
ae,ae
t,t
tcl,pcl
aw,aw
aa,ao
z,z
aa,aa
iy,iy
pcl,pcl
r,v
pcl,pcl
w,w
m,m
l,l
tcl,tcl
l,l
v,f
ay,ay
ae,ae
dx,dx
r,m
dcl,gcl
ey,ey
z,z
r,r
q,q
dh,dcl
eh,eh
jh,jh
ao,ao
n,n
ae,ae
tcl,tcl
tcl,tcl
ux,uw
k,k
t,t
z,zh
axr,axr
eh,ae
ae,ae
m,m
ax,ah
l,l
tcl,tcl
ao,l
ay,ay
tcl,gcl
kcl,pcl
iy,iy
s,s
q,q
aa,aa
s,s
ix,ix
kcl,kcl
l,l
k,k
l,n
er,er
s,s
iy,iy
l,l
dcl,dcl
gcl,bcl
ay,ay
n,n
z,s
er,axr
dcl,tcl
ax,en
dcl,m
pcl,dcl
q,q
k,k
ux,ux
eh,er
ax,l
aa,aw
n,n
iy,iy
kcl,pcl
ao,ao
m,m
kcl,f
r,r
ah,ix
axr,r
ix,ix
dh,dh
axr,axr
er,er
w,w
ao,ao
dx,v
iy,iy
tcl,tcl
kcl,kcl
kcl,tcl
ay,ay
ix,iy
uw,uw
eh,r
w,hv
k,k
uw,axr
f,f
l,l
m,m
q,q
q,n
ay,ay
bcl,dcl
s,s
hh,hh
n,n
axr,r
iy,y
eh,eh
iy,iy
ih,y
dcl,tcl
r,v
s,s
ux,ix
kcl,kcl
uw,uw
dcl,tcl
iy,iy
n,n
aa,ao
iy,iy
v,v
dcl,gcl
s,s
k,k
z,k
pcl,pcl
r,r
r,r
bcl,bcl
gcl,v
dcl,bcl
d,d
ix,ix
eh,ah
ey,ey
q,q
ah,ah
kcl,kcl
b,d
n,n
aa,aa
r,r
iy,iy
r,q
n,n
aa,aa
pcl,pcl
s,s
dcl,tcl
sh,f
m,m
f,f
k,k
iy,iy
n,ng
p,p
r,r
k,k
dx,n
r,r
m,m
l,l
iy,iy
s,z
iy,iy
ix,en
axr,axr
ch,jh
bcl,bcl
r,r
r,r
ix,en
uw,gcl
tcl,tcl
eh,eh
iy,iy
l,l
ao,w
s,s
tcl,tcl
k,k
r,ix
gcl,gcl
ix,ix
ae,ae
k,k
l,l
l,el
s,s
eh,eh
m,m
s,s
oy,ow
tcl,tcl
s,s
ow,l
dcl,dcl
iy,ix
z,z
uw,uw
uw,ix
kcl,tcl
s,s
ix,ix
aa,aa
bcl,kcl
ih,y
pcl,pcl
ih,y
l,l
l,l
ix,ix
ay,er
ax,ix
ah,ah
ao,ao
f,f
dh,dh
ix,ax
m,m
ix,ix
z,z
iy,iy
dcl,dcl
l,l
ix,ix
ay,ay
s,s
kcl,tcl
s,s
ow,ow
ng,n
eh,ih
t,dh
hv,hv
axr,r
eh,ih
ix,iy
r,r
f,f
ix,ix
z,z
iy,iy
ix,ax
n,n
ix,ix
bcl,pcl
dcl,m
aa,aa
dcl,dcl
ow,ah
iy,iy
r,r
oy,oy
ow,ow
m,m
n,n
pcl,v
axr,axr
tcl,kcl
l,l
th,th
ix,ix
ae,ae
pcl,pcl
ix,ix
bcl,bcl
n,n
q,q
f,f
s,th
iy,ux
ay,ay
l,l
er,er
ah,ax
ow,ow
ah,aa
eh,aw
ae,ae
ae,ae
k,k
tcl,tcl
iy,iy
ey,ey
er,er
f,f
axr,aa
z,s
ix,axr
ae,ae
ix,ng
p,p
tcl,tcl
dcl,dcl
er,er
pcl,tcl
w,q
l,l
z,s
k,k
eh,ix
gcl,dcl
nx,n
aw,l
n,m
z,z
uw,axr
ux,ux
ae,ae
ux,ux
jh,jh
p,p
ay,ay
oy,oy
s,s
iy,iy
ix,ux
y,y
en,n
p,p
r,r
ao,w
ao,w
ey,ey
s,s
ih,ih
gcl,gcl
n,n
dcl,dcl
ay,ay
iy,iy
n,n
ae,ae
er,er
kcl,gcl
ih,eh
aw,aw
s,s
r,m
l,l
pcl,tcl
tcl,kcl
oy,ao
gcl,dcl
g,g
ih,ih
ae,ae
tcl,tcl
y,y
iy,iy
t,t
ae,ae
r,r
tcl,gcl
axr,er
th,s
dcl,gcl
bcl,bcl
ch,jh
iy,iy
eh,eh
f,f
ay,ae
r,r
sh,sh
p,p
b,v
axr,r
ix,ix
kcl,kcl
l,l
l,m
q,q
ae,ae
ix,ix
tcl,kcl
p,p
iy,iy
g,g
tcl,tcl
z,s
ix,ix
kcl,kcl
iy,y
p,p
ix,ix
dh,m
f,f
bcl,bcl
r,r
l,l
ey,ey
ax,ah
l,w
ng,ng
l,m
ix,ix
ih,ih
ow,w
n,n
p,p
ax,ax
k,g
kcl,gcl
g,g
r,axr
tcl,tcl
s,sh
s,s
z,z
kcl,kcl
tcl,tcl
ow,ow
p,p
ih,ix
ix,ix
pcl,pcl
tcl,tcl
ay,ay
tcl,tcl
g,k
s,s
d,d
t,jh
l,l
tcl,tcl
ay,ay
s,s
eh,ae
w,w
aa,ao
ih,ix
s,s
ae,eh
bcl,bcl
m,m
pcl,pcl
iy,iy
dh,dh
s,s
ow,ao
ay,ay
pcl,n
s,sh
sh,sh
ih,ih
ix,ix
ax,ax
y,y
hh,hh
ow,ow
kcl,kcl
n,dh
gcl,bcl
ay,ay
pcl,pcl
iy,iy
ao,ao
aa,eh
er,axr
ih,ix
nx,nx
eh,eh
iy,iy
ih,ih
iy,iy
axr,axr
r,r
iy,ih
m,m
ix,ix
ow,el
kcl,gcl
r,r
b,tcl
kcl,kcl
ey,ey
dx,dx
m,m
n,n
ah,ax
r,r
ix,ix
ng,ng
ux,ux
ix,gcl
er,axr
eh,eh
ae,ix
eh,eh
l,l
l,l
hv,hv
iy,iy
z,z
th,th
f,f
dx,q
ix,ix
ix,ix
dcl,dcl
eh,eh
r,r
k,k
bcl,bcl
m,n
pcl,pcl
s,s
ix,dcl
iy,ix
bcl,dcl
l,w
f,f
ah,ah
s,s
ax,n
l,l
ix,ix
w,w
s,s
y,y
dh,dh
em,m
t,t
iy,iy
ix,y
ay,ay
n,n
q,n
s,s
m,m
axr,axr
r,r
f,f
pcl,pcl
er,er
bcl,gcl
axr,axr
z,z
n,n
q,q
ix,ix
t,t
ax,ix
l,v
q,q
eh,eh
iy,ix
iy,iy
ao,ao
t,t
iy,iy
uh,uh
l,l
s,s
dh,d
ay,ay
kcl,tcl
s,s
aw,aw
dcl,gcl
tcl,q
ch,jh
ah,ah
q,q
ao,ao
l,l
jh,jh
aa,aa
dcl,dcl
w,w
ao,w
q,q
ih,ih
s,z
er,er
ow,l
kcl,kcl
ae,ae
ix,q
s,s
r,r
tcl,tcl
p,p
ay,ay
iy,iy
pcl,tcl
th,tcl
iy,iy
iy,ix
iy,iy
ae,ae
s,s
n,n
r,m
el,ax
v,v
s,s
tcl,dcl
s,s
ax,m
tcl,tcl
m,m
kcl,kcl
pcl,pcl
r,r
dh,dcl
ah,ix
s,s
iy,iy
ae,ae
iy,iy
dcl,tcl
w,w
kcl,tcl
ih,ih
b,b
nx,n
ey,ey
hv,hv
r,r
r,r
eh,ih
ao,l
iy,iy
kcl,kcl
kcl,tcl
el,el
p,p
iy,iy
jh,t
aa,aa
l,l
f,f
pcl,tcl
s,s
iy,iy
iy,y
ax,eh
g,g
ax,ax
axr,axr
nx,n
k,k
m,m
f,f
ih,ix
er,axr
ng,m
gcl,gcl
ih,ix
f,f
ih,ix
q,q
pcl,pcl
er,axr
ih,ix
l,l
r,r
ax,ax
s,s
iy,iy
eh,eh
er,axr
dcl,tcl
ix,ix
p,b
dcl,dcl
q,hh
em,n
m,v
ow,ow
g,g
ng,n
z,z
n,m
ah,ah
ax,ax
hh,hv
dh,dh
ix,iy
ih,ey
pcl,tcl
y,y
f,f
ih,ix
v,v
iy,iy
f,f
ay,ay
m,m
r,r
q,q
tcl,tcl
er,axr
sh,sh
f,f
gcl,kcl
dcl,dcl
kcl,tcl
l,l
w,w
b,p
axr,er
pcl,tcl
r,r
dcl,dx
r,r
ih,ix
iy,iy
axr,ax
ux,ux
ax,ax
ey,ey
nx,n
b,tcl
tcl,tcl
ah,ah
axr,ix
ay,ae
ae,ae
tcl,kcl
jh,jh
l,l
ih,ix
d,tcl
tcl,pcl
m,m
dh,th
bcl,bcl
ae,ah
ix,ix
kcl,gcl
tcl,tcl
en,en
ah,ah
p,p
r,r
l,l
m,m
ae,ae
ux,ux
th,th
l,l
q,q
l,m
ey,ae
s,s
ao,axr
s,s
ih,iy
iy,iy
m,m
t,t
ow,aw
iy,iy
ae,ae
iy,iy
s,z
iy,iy
ux,ux
kcl,tcl
f,f
bcl,bcl
ay,aa
iy,iy
sh,sh
l,l
ix,ix
ao,aa
r,r
nx,m
pcl,pcl
er,axr
ih,ih
w,w
d,d
ay,aa
dcl,dcl
ng,n
tcl,tcl
pcl,pcl
ey,ey
aa,ah
k,k
dh,dh
ng,ng
f,f
s,s
p,b
tcl,tcl
iy,iy
iy,q
n,n
ae,ae
w,w
ix,ix
ey,ey
ih,y
s,s
s,s
z,z
ih,eh
l,w
k,k
l,l
ae,ae
ey,ey
eh,ah
s,s
hv,hv
hv,hv
iy,iy
ah,ah
p,p
r,r
n,n
s,s
pcl,tcl
n,ix
m,m
axr,axr
l,l
ey,ey
ng,n
s,s
ao,ao
k,k
ih,ih
iy,iy
s,s
s,s
l,l
gcl,gcl
iy,iy
iy,iy
s,s
k,k
ae,ae
aa,aa
n,n
s,s
n,n
th,th
ae,ae
r,r
kcl,gcl
dcl,dcl
ix,ix
tcl,tcl
ih,ih
ay,ay
hh,hh
s,s
iy,ix
tcl,tcl
ng,ng
ix,ix
w,w
m,m
tcl,gcl
ax,ax
ah,ah
iy,iy
ae,eh
n,n
ah,ao
ae,ae
er,w
aa,aa
dcl,dcl
ih,ix
ng,m
tcl,tcl
t,t
ow,ow
ix,ix
axr,axr
gcl,gcl
t,t
kcl,kcl
y,y
n,m
axr,axr
y,y
s,s
tcl,tcl
l,l
m,m
kcl,kcl
s,s
f,f
ih,ih
ax,ah
t,t
iy,iy
tcl,tcl
ae,ae
dcl,dcl
eh,eh
y,y
th,f
r,v
eh,eh
sh,sh
k,k
ix,iy
s,s
z,z
iy,y
n,n
n,n
r,r
ax,el
aa,ao
ey,ey
n,ng
ix,gcl
el,w
kcl,kcl
z,z
s,sh
s,t
ix,ix
sh,sh
ax,ax
pcl,tcl
k,k
iy,ix
gcl,kcl
n,n
eh,eh
ah,ah
r,r
n,n
dh,v
t,t
eh,eh
ao,ao
z,s
kcl,tcl
m,m
iy,iy
g,g
r,r
r,r
tcl,tcl
s,s
dcl,dcl
sh,sh
l,l
r,r
ow,ow
n,n
hh,hh
k,k
f,pcl
pcl,tcl
dh,q
n,m
m,m
ah,ay
r,r
ix,eh
f,v
m,m
ix,ix
th,dh
ix,ix
ay,ay
r,r
l,l
n,ng
aa,ao
ux,ux
axr,axr
iy,iy
l,l
w,w
ay,ay
z,z
ax-h,tcl
ix,ix
tcl,kcl
bcl,bcl
ux,ux
dx,dx
ow,ah
ay,ay
k,k
er,er
n,n
pcl,pcl
ah,ah
tcl,tcl
dcl,dcl
l,l
pcl,pcl
ow,ao
dh,dh
t,t
axr,axr
s,s
r,r
kcl,kcl
er,er
ao,ao
gcl,gcl
f,f
dcl,dcl
ae,ae
dcl,dcl
v,f
jh,ch
dcl,dcl
ih,ix
r,r
axr,axr
r,axr
sh,sh
iy,iy
ae,ae
tcl,tcl
aa,aa
l,l
uw,ux
ux,ux
m,m
r,r
ae,ae
iy,iy
z,z
gcl,kcl
kcl,kcl
v,v
jh,jh
iy,ng
eng,ng
ix,eh
ax,ax
s,s
tcl,tcl
er,axr
ix,ix
axr,ix
s,z
n,n
sh,sh
k,k
ey,ey
ae,ah
ah,ax
l,ng
v,v
er,er
kcl,kcl
iy,iy
ay,ay
w,w
f,f
iy,iy
q,hh
t,t
eh,eh
iy,iy
axr,r
bcl,pcl
dcl,dcl
t,t
n,n
l,w
ae,ae
hh,hh
tcl,dcl
n,n
ih,ih
ow,ow
dh,dh
ax,r
el,el
l,l
aa,ao
s,s
k,k
th,th
ih,ix
iy,iy
s,s
tcl,kcl
iy,ix
ix,ix
ax,ax
tcl,tcl
ux,ux
ah,ah
aa,r
er,er
eh,ah
l,l
ax,n
ae,ae
jh,jh
p,p
z,z
gcl,gcl
iy,iy
s,s
eh,eh
hh,hh
m,v
hh,hh
er,er
tcl,kcl
q,q
axr,axr
k,k
w,w
t,d
l,l
tcl,n
m,m
ow,el
k,k
ax,ah
r,r
ax,ax
sh,sh
bcl,tcl
r,r
ix,ix
y,y
q,q
n,n
dcl,dcl
d,d
axr,axr
dcl,pcl
ah,ax
v,v
s,th
l,w
n,n
q,q
ow,ow
dcl,tcl
iy,n
dx,dx
r,y
kcl,tcl
n,m
w,w
ax-h,hv
hh,hh
axr,r
gcl,gcl
tcl,gcl
pcl,tcl
hh,hh
ih,ax
dcl,dcl
kcl,kcl
q,q
ao,ao
gcl,gcl
gcl,gcl
v,v
g,g
jh,t
ix,ax
sh,sh
ax,ax
jh,jh
er,axr
r,r
ux,ux
ow,ow
ey,ey
n,n
ay,ay
r,r
er,axr
p,k
dcl,dcl
sh,sh
sh,sh
m,m
m,m
aa,aa
aa,aa
n,n
uh,el
ax,ax
ih,ay
axr,axr
g,g
ax,el
s,z
s,s
pcl,pcl
oy,oy
d,d
ux,ux
hv,hv
dcl,tcl
pcl,pcl
ng,ng
dcl,tcl
l,l
ix,y
n,n
dcl,dcl
ae,ae
iy,iy
v,v
ih,ih
aa,ao
t,t
s,s
ae,ae
pcl,pcl
gcl,pcl
r,dx
ao,ao
f,f
sh,sh
s,s
gcl,gcl
sh,sh
f,f
g,v
l,l
tcl,pcl
s,s
kcl,kcl
el,l
m,m
ix,tcl
kcl,pcl
ih,ix
eh,r
t,d
er,axr
ax,ax
iy,ix
v,v
kcl,kcl
oy,oy
aa,aa
kcl,kcl
ih,iy
kcl,tcl
ey,eh
dcl,dcl
dcl,dcl
ah,ah
l,l
w,w
nx,n
eh,ix
t,t
dcl,bcl
ax,el
ix,en
ax,ax
m,m
aa,aa
iy,iy
ae,ae
tcl,m
axr,axr
n,m
q,q
th,z
iy,ix
s,s
eh,eh
ng,ng
en,en
eh,eh
en,n
w,w
ih,ix
ch,sh
s,s
r,r
iy,iy
iy,y
s,s
v,v
ax,ax
aw,ae
tcl,tcl
sh,sh
pcl,tcl
bcl,dcl
dcl,dcl
iy,y
ao,ao
l,l
axr,v
kcl,kcl
iy,iy
g,g
k,k
th,z
w,w
n,m
z,s
ix,ix
ih,ix
w,w
ao,aw
q,q
r,er
sh,sh
z,s
l,l
k,k
n,n
uw,ux
ix,ix
tcl,tcl
er,axr
nx,n
dh,dh
k,k
t,t
axr,axr
b,b
ao,ao
z,z
l,bcl
ae,ae
l,l
er,r
r,r
ix,ix
er,axr
axr,r
s,s
ih,ah
l,l
th,th
ax,ax
s,s
p,p
ay,ay
ix,ix
n,n
sh,sh
t,t
iy,iy
k,k
ch,s
q,q
ix,y
l,ax
y,y
dcl,kcl
tcl,tcl
hv,hv
ix,ix
n,n
tcl,v
r,axr
w,w
r,r
kcl,gcl
ay,ay
eh,r
v,v
hv,hv
m,m
dcl,bcl
k,g
s,z
hv,hv
ih,ih
t,t
ih,ih
p,p
iy,l
g,dx
t,sh
ix,ux
iy,ix
aa,aa
kcl,kcl
hv,hv
ix,ih
eh,eh
s,s
ux,ux
t,t
s,s
aa,aa
ey,ey
iy,iy
v,v
er,axr
ax,ax
z,z
ih,axr
y,y
iy,iy
dh,dh
ah,ih
ih,iy
ch,ch
m,m
k,k
n,n
m,m
m,m
ax,ax
jh,jh
tcl,tcl
ow,l
eh,eh
s,s
f,f
r,r
z,z
sh,sh
f,t
tcl,gcl
r,ix
iy,ey
ih,r
s,s
ix,ix
n,n
iy,iy
ih,ih
axr,v
axr,axr
t,t
ix,ih
eh,eh
ey,ey
t,t
ae,ae
n,tcl
v,v
ih,eh
w,w
n,ng
r,r
tcl,tcl
w,w
t,t
bcl,bcl
q,n
ax,ah
tcl,tcl
n,ng
iy,iy
n,n
p,dh
v,v
iy,iy
axr,axr
n,n
v,v
m,m
dcl,dcl
q,q
hv,hv
ay,ay
t,t
s,s
t,t
ao,ao
iy,iy
ih,ix
y,y
y,y
oy,oy
ux,ix
iy,iy
tcl,tcl
uh,axr
ey,iy
z,z
sh,sh
kcl,kcl
axr,axr
n,n
dh,dh
th,th
dcl,dcl
dcl,dcl
ih,ax
oy,oy
ux,ux
k,d
t,t
k,k
ix,ix
ae,ae
s,s
q,q
gcl,gcl
axr,er
oy,oy
ah,ah
ao,ao
z,z
ao,ao
pcl,tcl
z,z
g,k
ax,ax
z,z
ih,ix
gcl,dx
axr,axr
n,m
r,axr
p,p
l,l
ow,ow
y,m
th,dh
g,k
axr,axr
m,m
hh,hh
s,s
n,n
ah,ah
z,z
ax,ah
l,l
kcl,tcl
kcl,kcl
ae,ae
ix,gcl
sh,sh
kcl,gcl
ix,ix
eh,eh
ax,w
r,r
z,z
s,s
w,w
ow,ow
y,y
q,q
r,r
bcl,bcl
s,s
z,s
ah,aa
n,n
en,n
dcl,dcl
hv,hh
z,z
ay,ae
iy,iy
kcl,kcl
dcl,dcl
n,n
ao,r
ao,ao
r,r
w,w
k,k
s,s
l,l
axr,r
f,f
axr,q
sh,sh
s,s
s,s
kcl,kcl
s,s
zh,s
n,m
ng,tcl
el,l
axr,r
dcl,dcl
z,z
eh,axr
bcl,bcl
s,s
ae,ae
n,n
ih,ih
ay,ay
iy,iy
aa,aa
ix,ix
iy,iy
en,en
y,y
gcl,kcl
iy,ix
k,tcl
sh,sh
axr,axr
ax,ax
kcl,gcl
m,m
dh,d
axr,axr
ae,ae
w,w
s,s
ah,ah
ch,ch
m,m
m,m
s,s
m,m
r,r
iy,iy
ey,ey
tcl,tcl
uh,ah
ng,m
ey,ey
s,s
s,s
ax,ax
r,r
d,d
ix,ix
dh,dh
s,s
bcl,bcl
ih,ih
ay,ay
ah,r
ax,ax
l,l
eh,aa
hv,hv
w,w
ax,ix
ao,ao
ey,ay
ay,ay
ih,ih
ao,ao
q,q
l,l
q,q
gcl,gcl
ix,axr
er,axr
p,p
ix,ix
ao,ao
eh,eh
t,t
n,n
ix,ix
r,r
ix,ng
ay,l
iy,iy
k,k
s,s
er,axr
nx,nx
pcl,pcl
el,el
m,bcl
aw,aa
iy,iy
ay,ay
el,el
eh,ae
aw,aw
r,r
p,hh
y,y
m,n
ix,ix
iy,y
axr,axr
kcl,pcl
w,ao
y,y
g,g
ix,ix
aw,aw
ch,ch
tcl,tcl
l,l
l,l
ax,ax
sh,sh
eh,eh
dx,dx
g,g
ey,ey
dcl,dcl
w,w
n,m
r,r
ow,ah
eh,ax
l,l
l,l
kcl,kcl
tcl,tcl
iy,iy
pcl,tcl
m,m
r,r
gcl,gcl
f,f
n,n
dcl,dcl
m,m
ax,ix
s,s
k,k
pcl,ng
en,n
iy,iy
l,l
ih,ih
ih,ih
z,z
r,r
pcl,pcl
kcl,tcl
dx,dx
ih,ih
m,m
aw,aw
l,l
iy,iy
iy,iy
zh,jh
p,p
w,w
p,p
axr,axr
iy,iy
w,w
iy,iy
jh,jh
ah,ah
aw,aw
n,n
ae,ae
f,f
ow,ow
dcl,dcl
kcl,pcl
hv,hv
ax,n
v,v
s,s
s,s
jh,jh
n,n
dcl,dcl
m,m
p,p
m,m
iy,iy
r,r
tcl,pcl
el,el
l,l
dcl,gcl
ux,ux
ix,ix
tcl,pcl
ix,ix
iy,iy
ix,ix
ix,ix
ae,ae
n,n
t,t
ao,ao
ix,ix
aa,ah
r,r
m,m
n,n
n,m
n,n
tcl,tcl
kcl,kcl
n,n
gcl,bcl
n,n
aa,aa
z,z
l,l
p,f
pcl,tcl
q,q
ix,ix
ax,q
n,n
bcl,gcl
r,r
ae,ae
ay,ay
th,th
dcl,gcl
l,l
t,t
aa,aa
gcl,gcl
l,l
r,r
ax,ax
er,r
z,z
s,s
d,t
ah,ah
ux,ux
ix,dh
iy,iy
n,n
k,k
ay,ay
ix,ix
iy,iy
k,k
ix,ix
ix,ax
ih,ux
m,m
w,w
p,p
ih,ih
k,k
f,f
w,w
ax,ix
n,m
aa,aa
n,n
t,t
ax,ix
bcl,gcl
z,jh
n,n
z,z
ae,ae
m,m
pcl,tcl
k,k
jh,jh
ah,ah
ey,ey
r,axr
ix,ih
s,s
dh,f
kcl,kcl
bcl,bcl
eh,ae
ey,ay
pcl,tcl
ux,ux
v,dh
dcl,tcl
ux,ux
r,r
n,dcl
ix,ix
eh,ah
f,f
m,m
pcl,pcl
axr,axr
iy,ix
z,z
r,r
l,l
f,f
p,p
tcl,tcl
gcl,gcl
ax,ax
l,l
axr,axr
ah,ah
aw,aw
l,el
g,hv
jh,jh
m,m
b,w
r,n
bcl,dcl
gcl,tcl
eh,eh
l,l
f,f
aa,aa
v,m
iy,hv
ay,ay
m,m
kcl,kcl
dh,dh
kcl,tcl
dx,dcl
ow,ow
m,m
ay,ay
m,m
dh,d
ey,ey
l,l
ng,ng
iy,iy
tcl,tcl
axr,r
ao,ao
f,f
er,axr
gcl,gcl
m,m
axr,axr
q,q
eh,eh
iy,iy
m,m
dh,t
uw,uw
n,l
iy,iy
r,axr
k,k
q,q
y,iy
ix,ix
ix,gcl
f,f
dcl,gcl
iy,iy
ix,ax-h
zh,sh
l,l
th,dh
s,s
p,p
l,w
kcl,kcl
l,l
dx,gcl
iy,iy
dcl,dcl
hh,hh
eh,ae
ix,ix
bcl,bcl
ih,ih
l,l
p,p
l,ng
ax,ax
ax-h,ix
sh,sh
l,l
n,m
ux,ux
dcl,gcl
r,r
bcl,bcl
ae,ae
axr,r
ey,ey
r,r
t,th
uw,uw
t,ch
bcl,bcl
sh,sh
tcl,dcl
p,p
g,g
dx,gcl
ae,ae
pcl,kcl
axr,axr
ix,ix
w,w
aa,ao
s,s
t,t
m,m
l,l
s,s
l,w
ix,m
w,w
z,s
s,s
ay,ay
tcl,tcl
hh,hh
n,n
r,r
ax,ix
ay,ay
bcl,gcl
dh,dh
n,n
ae,ae
z,z
ao,aa
f,f
ey,ey
f,f
tcl,tcl
m,m
r,axr
dcl,dcl
iy,iy
v,v
ih,ih
axr,axr
l,l
iy,iy
kcl,tcl
axr,axr
hv,hv
l,l
hh,hv
ao,ao
ix,ix
iy,iy
aa,aa
n,en
d,g
r,r
t,t
l,r
r,r
sh,sh
m,m
nx,n
k,g
ae,ae
tcl,tcl
kcl,kcl
ih,iy
gcl,kcl
t,t
n,m
iy,iy
l,l
m,m
eh,eh
axr,r
tcl,v
p,p
dx,dx
ix,ix
ix,r
axr,r
t,jh
sh,sh
m,m
ow,ow
l,l
tcl,pcl
t,tcl
ng,n
ix,ix
axr,axr
tcl,tcl
kcl,kcl
eh,r
jh,jh
l,l
uh,ax
r,r
ay,ay
aa,aa
ax,l
pcl,pcl
pcl,tcl
dcl,dcl
iy,iy
en,en
n,n
ao,ao
r,r
q,q
ix,ix
s,s
eh,eh
s,z
m,m
ow,ow
en,ix
s,s
p,p
iy,er
kcl,tcl
ay,ay
ix,r
ao,aa
tcl,kcl
s,s
dh,l
dh,t
eh,ah
ao,ao
s,s
k,k
eh,ix
s,s
p,t
m,m
ix,ix
aa,aa
t,jh
ay,ay
dcl,dcl
dcl,dcl
pcl,tcl
kcl,kcl
hh,hh
eh,eh
r,r
iy,iy
aa,ah
g,g
n,n
ey,ix
r,axr
t,t
tcl,tcl
iy,iy
v,v
s,s
n,n
s,s
y,y
gcl,n
aa,aa
tcl,tcl
kcl,kcl
w,w
ao,ao
ix,ix
kcl,kcl
p,p
eh,eh
v,dcl
kcl,tcl
p,p
axr,r
ix,v
m,m
ix,ix
m,m
ix,eh
kcl,pcl
g,k
sh,sh
ix,ix
ix,ix
ng,n
n,n
r,r
sh,sh
ix,ix
ey,ey
s,s
oy,oy
sh,sh
ux,ux
s,s
ah,hv
eh,eh
r,r
ix,ix
q,q
ix,ix
q,q
kcl,pcl
f,f
n,n
dcl,dcl
z,z
er,axr
l,l
r,axr
ih,ih
m,m
ey,ey
hv,n
ix,ix
oy,oy
y,y
er,er
r,r
r,r
ey,ay
en,ng
ae,ae
s,s
oy,ay
dcl,dcl
uh,uh
z,s
ey,ey
q,q
r,r
w,w
v,dcl
tcl,bcl
ix,ax
m,n
iy,iy
iy,hv
iy,iy
ae,ae
ao,ao
k,k
k,k
z,z
ey,ey
m,m
axr,axr
iy,iy
ao,aa
er,er
s,s
t,t
l,l
sh,sh
l,l
r,r
ih,ih
n,gcl
tcl,kcl
ay,ay
f,f
z,z
iy,iy
s,s
ay,ay
p,p
y,y
kcl,tcl
kcl,tcl
iy,iy
l,l
ix,ix
ao,ao
m,m
er,er
ay,ay
r,r
tcl,dx
bcl,dcl
t,dh
uw,uw
gcl,gcl
ae,ae
m,m
r,r
r,r
r,r
gcl,kcl
l,l
p,hh
m,m
hh,hh
k,k
ix,ix
ih,ax
g,g
pcl,pcl
gcl,gcl
n,n
pcl,pcl
ix,ax
ae,ae
axr,axr
ch,ch
gcl,gcl
iy,ix
th,dh
dh,v
aa,aa
p,p
z,z
ih,iy
ao,ao
aa,ao
axr,er
s,s
eh,eh
l,l
ch,jh
kcl,tcl
ih,iy
dcl,dcl
dcl,dcl
ix,r
sh,sh
tcl,tcl
ow,ow
r,r
bcl,bcl
ao,ao
s,s
iy,ux
dh,dh
z,z
f,f
tcl,bcl
ao,ao
uh,uh
ao,w
bcl,gcl
n,n
w,w
tcl,tcl
n,n
iy,iy
ao,ao
dh,v
w,w
l,l
n,n
dx,dx
ay,ay
z,z
ey,ey
eh,ae
ux,ux
z,z
kcl,gcl
eh,ae
aw,aw
q,q
ix,ng
iy,ix
ux,ux
p,b
ao,ao
t,t
l,l
er,axr
r,r
uw,ux
p,p
g,g
n,n
t,d
f,f
ae,eh
iy,iy
s,s
r,r
th,dh
l,n
n,n
hv,hv
axr,axr
ng,ng
iy,iy
ao,ao
ao,aa
ng,ng
ay,ay
f,f
t,t
kcl,kcl
ey,ey
iy,iy
p,pcl
dh,dh
ey,iy
ux,ux
tcl,tcl
q,q
ih,ih
n,n
hh,hh
s,s
iy,iy
ng,n
kcl,kcl
aa,aa
pcl,tcl
dh,dh
d,t
y,y
eh,hv
kcl,tcl
n,n
iy,ix
sh,sh
el,el
th,th
w,w
r,r
n,n
gcl,gcl
m,m
ix,ix
iy,iy
ix,ix
t,t
r,dx
eh,ix
ih,eh
kcl,tcl
ey,iy
k,k
m,n
s,s
s,s
ix,ix
iy,iy
ix,ix
v,v
l,bcl
er,er
n,n
y,y
kcl,kcl
kcl,pcl
iy,ix
oy,oy
q,q
eh,eh
iy,iy
tcl,tcl
z,z
f,f
aa,aa
f,f
ao,l
w,w
ah,ax
ae,ae
eh,eh
k,k
ix,eh
ih,iy
oy,oy
w,w
d,dh
ih,ih
ih,ih
t,t
nx,n
ax,ax
aa,aa
iy,y
q,q
y,y
aa,ay
dh,m
s,s
ux,ux
n,n
pcl,pcl
r,r
n,m
ao,ao
uh,ux
k,k
bcl,v
aa,aa
s,s
dh,dh
ix,ix
ay,ay
r,r
iy,iy
n,bcl
l,l
ae,ae
v,gcl
kcl,pcl
iy,iy
axr,axr
ow,ow
tcl,pcl
s,s
m,m
pcl,pcl
ae,ae
ux,ix
ix,ix
k,k
el,el
ae,ae
v,v
ao,ao
r,r
n,m
eh,eh
iy,iy
q,tcl
iy,iy
er,er
ah,axr
kcl,kcl
ix,r
r,r
t,t
jh,d
hh,hh
ey,ey
ax,ax
k,k
ix,tcl
aa,aa
tcl,tcl
kcl,pcl
f,hh
z,z
th,hh
z,z
ch,sh
axr,r
aa,aa
ix,ix
er,r
eh,eh
dh,dh
ey,ey
k,k
q,q
ae,ae
el,l
f,f
ux,ux
r,r
aa,aa
ax,ix
k,k
ih,hv
axr,axr
iy,iy
iy,y
n,n
l,l
l,l
l,l
ix,ix
iy,iy
k,k
ng,ng
ay,ay
er,axr
iy,iy
v,v
aa,aa
n,m
s,s
ix,iy
dx,nx
ix,ix
ih,ix
dcl,dcl
s,s
iy,iy
ix,ix
axr,axr
aa,aa
er,axr
jh,jh
kcl,gcl
sh,sh
s,s
n,n
l,w
r,r
ao,ao
dcl,tcl
ix,ix
ix,ey
ix,ix
ix,ix
iy,ey
iy,iy
ao,ao
l,l
y,dcl
k,k
er,er
kcl,kcl
iy,iy
k,k
ow,ow
l,l
aa,aa
l,l
tcl,pcl
gcl,pcl
l,l
eh,eh
n,n
f,f
dcl,pcl
kcl,gcl
w,w
m,m
g,g
jh,jh
ah,ao
tcl,tcl
uh,ix
iy,iy
ay,eh
ix,ae
s,s
iy,iy
er,er
ao,ao
kcl,kcl
n,n
iy,iy
ae,ae
w,w
sh,s
r,r
q,q
n,w
aa,ao
f,hh
l,l
ih,ix
r,r
r,r
r,r
eh,eh
n,n
dcl,dcl
ay,ay
r,r
zh,zh
k,k
n,m
ux,ux
aa,aa
n,n
th,v
er,axr
r,r
ey,iy
dcl,dcl
dcl,gcl
dcl,bcl
ey,ey
axr,axr
dcl,dcl
r,r
axr,axr
iy,y
m,m
m,m
er,axr
ae,ae
ow,ao
jh,jh
ow,ow
er,axr
dh,dh
aa,ao
axr,axr
ao,ao
t,t
oy,oy
t,t
s,s
g,g
ow,ao
ih,ix
aa,ah
r,v
f,f
aa,aa
ux,axr
ao,ao
z,z
m,m
l,l
er,er
aa,ay
n,n
s,s
er,axr
g,k
el,l
dh,dh
pcl,kcl
q,q
r,r
t,k
er,axr
l,l
ao,ao
aw,aw
v,v
kcl,kcl
aa,aa
f,f
y,y
ow,ow
dx,dx
iy,iy
ih,ix
n,n
z,z
n,n
dcl,dcl
ch,jh
l,l
eh,eh
ix,ix
s,s
ao,ao
q,q
ih,ih
ae,ae
k,k
dh,d
s,s
r,r
l,l
kcl,tcl
dcl,tcl
aa,ao
ow,ow
t,t
ix,ix
eh,eh
dcl,tcl
aw,aa
ix,ih
n,n
z,z
ey,ey
f,f
ix,ix
q,q
bcl,dcl
ax,ax
t,p
p,p
kcl,pcl
ao,ao
ao,ao
z,v
dcl,dcl
pcl,tcl
t,t
tcl,tcl
aw,aa
l,l
ae,ae
ah,ah
ih,ih
dcl,tcl
ux,ux
axr,r
m,m
ax,ax
k,k
t,hh
ao,ao
ix,ix
ah,ah
dh,dh
sh,s
v,v
ao,ao
dh,ix
tcl,pcl
iy,iy
b,kcl
jh,jh
v,v
th,th
r,r
z,s
kcl,tcl
pcl,kcl
ao,ao
sh,ch
g,g
tcl,kcl
er,axr
s,sh
m,m
k,k
iy,iy
ae,ae
en,en
tcl,tcl
n,n
pcl,pcl
gcl,gcl
p,hh
aa,aa
tcl,tcl
n,en
l,l
bcl,bcl
axr,axr
k,g
q,q
aa,aa
w,w
l,l
ax-h,tcl
bcl,v
kcl,pcl
s,s
ah,ah
k,k
ix,ix
sh,sh
t,d
ah,ah
r,gcl
t,t
ae,ae
ao,ao
eh,eh
l,l
kcl,kcl
ae,ae
bcl,tcl
uw,uw
kcl,kcl
z,z
tcl,kcl
ix,ix
q,q
ao,ao
sh,sh
eh,ix
z,z
gcl,gcl
ih,ix
dcl,gcl
iy,iy
ay,ay
kcl,tcl
k,k
ay,ay
l,l
bcl,dcl
r,axr
dcl,tcl
th,th
ix,ix
ax,ix
dh,n
kcl,kcl
kcl,kcl
f,t
l,l
ae,ae
er,axr
ih,l
kcl,kcl
ix,eh
ay,ay
ow,ow
l,l
s,s
iy,iy
ix,ix
aw,ae
eh,ah
iy,ih
kcl,tcl
ah,ah
bcl,bcl
n,m
ey,ey
kcl,kcl
ih,eh
eh,ae
q,q
iy,ux
tcl,tcl
s,s
eh,eh
n,n
ax-h,dh
z,s
q,q
l,l
ix,ix
iy,iy
w,w
z,s
hv,hv
w,w
s,s
s,s
n,n
kcl,pcl
ay,ay
sh,sh
ae,ae
r,r
axr,er
ax,n
s,s
aa,aa
s,s
n,n
r,axr
iy,iy
ao,ao
kcl,kcl
uw,ux
tcl,tcl
ae,ae
z,z
axr,axr
m,m
r,r
iy,iy
sh,sh
ay,ay
p,p
ax,ax
dcl,gcl
bcl,bcl
s,s
ao,aa
q,q
pcl,pcl
n,ng
n,n
q,q
y,y
p,f
dx,dcl
ih,ih
r,axr
t,t
aa,ao
r,r
uw,ux
ae,ae
k,k
ah,ah
s,s
ey,ey
ey,ih
ay,ay
t,t
th,f
pcl,pcl
l,l
ey,ey
l,l
ae,ae
iy,gcl
r,r
er,er
ix,v
n,n
bcl,bcl
q,q
er,axr
hv,hv
ae,aw
ow,ow
ax,r
r,r
ow,ow
q,q
s,s
hv,hv
eh,eh
s,s
f,f
dh,dh
m,m
k,k
q,q
kcl,kcl
m,n
ah,ah
n,n
p,p
s,s
ay,ay
r,r
r,r
ae,ae
ix,ix
f,f
aa,aa
s,s
iy,iy
s,s
t,d
t,s
n,n
ae,ae
ih,ih
v,v
iy,iy
gcl,tcl
ih,ih
k,g
iy,iy
ix,ix
iy,ux
kcl,tcl
ae,ae
ih,ih
axr,r
jh,jh
er,axr
w,w
ux,ux
tcl,pcl
k,k
ix,ix
t,t
r,r
q,kcl
l,l
ch,t
sh,sh
w,w
p,p
q,q
ax,ih
dcl,tcl
pcl,pcl
v,v
ih,ih
w,w
ow,ow
pcl,v
dcl,tcl
uw,ao
nx,n
kcl,kcl
t,t
z,z
q,q
dcl,n
ax,ax
k,k
t,t
kcl,tcl
iy,ix
dh,dh
ax,axr
t,t
ih,ih
t,t
kcl,tcl
n,n
sh,sh
ey,ey
axr,axr
ax,ax
hv,hv
p,p
m,m
dh,v
ih,ix
ih,eh
ax,ax
r,r
t,t
tcl,tcl
l,l
ih,ih
b,b
nx,nx
iy,iy
l,l
m,m
eh,ix
s,f
iy,iy
iy,iy
pcl,tcl
q,q
g,g
dcl,dcl
l,l
iy,ix
eh,eh
ow,r
ah,ix
eh,ah
t,dh
dcl,tcl
eh,eh
eh,ae
oy,oy
m,m
uh,ah
ix,ix
w,w
tcl,tcl
iy,iy
uw,uw
er,axr
ih,ih
q,q
ih,ih
kcl,kcl
n,m
m,m
dcl,dcl
n,n
z,s
r,r
t,t
f,f
ax,ax
ah,ah
iy,iy
nx,n
m,n
gcl,dcl
q,q
s,s
ao,ao
f,f
ux,ux
s,s
s,s
v,v
iy,iy
s,s
ax,l
ix,ey
ix,ux
hv,hh
p,hh
g,k
ch,sh
ih,ix
dx,dcl
kcl,kcl
sh,sh
axr,axr
eh,ey
hv,hv
ey,ey
ow,er
l,l
ae,eh
kcl,kcl
r,r
ao,ao
t,t
l,l
er,er
sh,sh
ix,ix
k,k
jh,jh
er,axr
ow,ow
n,n
s,s
l,w
w,w
r,r
ao,ao
tcl,tcl
el,l
ix,r
iy,iy
axr,er
s,s
iy,q
s,s
ey,ey
dcl,tcl
ey,ey
n,n
ae,ae
ax,ax
tcl,pcl
kcl,kcl
th,f
jh,t
r,r
r,r
en,gcl
iy,iy
y,y
q,q
t,t
tcl,tcl
ix,ix
ax,ax
m,m
tcl,tcl
iy,iy
ao,ao
dh,m
tcl,tcl
k,k
tcl,tcl
g,g
kcl,kcl
m,n
l,l
v,v
p,p
iy,iy
ix,ix
n,m
w,w
tcl,tcl
t,k
n,ng
ih,ih
ix,ax
s,s
w,w
ix,ix
l,l
ch,ch
dx,dcl
ay,ay
iy,iy
tcl,tcl
t,t
eh,eh
s,s
iy,iy
ix,ix
n,ng
s,s
ix,ih
th,th
n,n
iy,iy
t,t
n,n
ix,ix
sh,sh
l,l
ay,ay
dh,dh
er,r
iy,iy
ax,ax
n,n
q,q
n,ng
dcl,dcl
n,n
n,n
axr,axr
n,n
ao,ao
iy,iy
dh,dh
ux,ux
kcl,kcl
k,g
ao,ao
iy,ux
axr,axr
sh,sh
iy,iy
k,k
oy,oy
w,w
ux,ux
eh,ae
bcl,bcl
ae,ae
m,m
eh,ix
dcl,gcl
iy,iy
s,s
ix,axr
s,s
axr,axr
l,m
n,n
ih,ix
ay,ay
ax,ix
tcl,tcl
r,r
s,s
ix,ih
r,r
eh,eh
ae,ae
aa,ah
z,s
dh,n
el,l
ao,aa
eh,ae
ah,ah
s,s
aa,aa
q,q
g,g
s,s
z,s
ix,ix
m,m
s,s
l,l
kcl,kcl
tcl,tcl
kcl,kcl
f,f
ih,ih
w,w
tcl,tcl
ah,ah
ix,ux
ow,ao
z,z
ix,ih
axr,axr
er,er
hv,z
ay,ay
r,r
z,z
q,q
ih,y
hh,tcl
axr,axr
axr,axr
w,w
z,z
aa,l
tcl,tcl
ae,ae
axr,axr
iy,iy
ao,ao
m,m
tcl,pcl
ix,ix
dh,hv
w,w
l,l
p,p
ae,ae
n,n
l,l
ng,ng
ae,ae
en,n
ix,ix
sh,sh
r,r
t,t
bcl,dcl
axr,r
jh,jh
r,r
ao,ao
tcl,tcl
w,w
q,q
iy,iy
kcl,gcl
z,s
ng,ng
k,k
ow,uw
l,l
z,z
ih,ih
b,p
kcl,kcl
v,v
z,z
kcl,tcl
ng,m
ch,ch
dx,v
s,s
ah,hv
eh,eh
s,s
ix,ix
ih,eh
l,l
ay,ay
q,q
m,bcl
ix,ix
m,n
ix,ix
t,t
ao,aa
ih,q
l,l
l,l
k,k
eh,ae
ow,l
l,l
tcl,pcl
r,r
r,r
q,q
iy,iy
sh,sh
w,w
aa,ao
t,jh
ix,ih
ih,ih
gcl,gcl
ae,ae
pcl,pcl
dcl,bcl
kcl,kcl
n,gcl
t,d
s,s
ax,eh
g,g
ah,ah
r,r
aa,ao
kcl,kcl
l,l
ux,ux
aw,aw
iy,ix
er,axr
ix,ux
s,s
sh,sh
aa,ae
r,r
iy,iy
pcl,pcl
sh,sh
l,l
ix,ng
tcl,tcl
axr,axr
axr,axr
ae,ae
k,k
iy,iy
ix,r
tcl,tcl
ey,ey
hv,dx
f,f
tcl,gcl
ih,ih
nx,nx
tcl,tcl
eh,eh
q,q
ix,ix
l,l
aa,aa
q,q
dcl,bcl
ae,ae
t,tcl
d,t
jh,jh
k,k
n,n
hh,hh
s,s
l,l
m,m
iy,ix
z,z
pcl,pcl
ax,ax
dcl,dcl
hv,hv
ao,ao
pcl,pcl
ao,ao
gcl,gcl
ae,eh
f,f
tcl,tcl
ow,ow
w,w
ay,ay
kcl,tcl
bcl,bcl
n,n
ng,ng
l,l
ix,r
kcl,tcl
s,s
m,m
r,r
jh,ch
pcl,tcl
l,l
tcl,kcl
y,ih
dx,dx
q,q
ow,ow
ix,ix
m,bcl
s,f
gcl,tcl
ah,ah
tcl,dcl
ey,ay
axr,axr
dx,dx
d,d
dcl,dcl
tcl,pcl
axr,axr
k,g
kcl,kcl
aa,aa
ah,ix
s,z
s,s
tcl,tcl
v,v
y,y
l,l
er,er
r,ao
ey,ay
ix,ix
tcl,tcl
kcl,kcl
r,r
ih,iy
eh,eh
r,r
r,r
f,k
q,tcl
m,m
sh,ch
iy,ix
q,tcl
dcl,pcl
ow,ow
tcl,dx
sh,sh
r,r
eh,ix
n,n
iy,iy
dh,dh
eh,eh
ey,ey
en,q
ch,jh
tcl,dcl
ix,ix
kcl,tcl
n,n
eh,eh
m,m
sh,sh
ix,ix
l,l
r,r
eh,ih
iy,ih
ow,ow
m,m
ae,ae
s,s
oy,oy
y,y
gcl,gcl
ux,ng
iy,iy
r,r
kcl,tcl
th,th
iy,iy
ae,ae
gcl,dcl
ao,ao
gcl,gcl
ax,ix
n,n
iy,iy
n,n
kcl,kcl
d,d
z,z
ay,ay
s,s
s,s
gcl,gcl
iy,iy
ao,el
y,y
ax,ax
er,axr
k,k
dh,dh
pcl,pcl
z,z
n,n
m,m
r,r
y,ix
dx,dx
ow,aw
ae,ae
ch,ch
iy,iy
dcl,tcl
hh,hh
jh,jh
axr,axr
q,q
ao,ao
ax,m
ax,ax
sh,zh
s,s
pcl,pcl
bcl,tcl
iy,iy
s,s
v,v
z,z
kcl,kcl
w,w
iy,ix
ix,ix
ix,ix
ae,ih
jh,jh
dcl,dcl
dcl,gcl
z,s
dx,dx
y,y
kcl,kcl
s,s
r,r
iy,iy
th,t
v,v
r,r
sh,sh
f,f
m,m
n,n
t,tcl
ey,ey
iy,iy
l,n
k,g
dh,d
f,f
ix,ix
ax,ix
tcl,kcl
s,s
eh,ah
er,er
ix,ix
iy,ix
y,y
r,axr
eh,ix
w,w
n,n
q,y
dcl,gcl
ih,l
s,z
l,l
dcl,dcl
dh,th
t,t
aa,aa
d,d
kcl,kcl
aa,aa
k,k
kcl,kcl
w,w
tcl,tcl
bcl,bcl
z,s
w,p
ix,ix
pcl,pcl
ae,ae
dh,dh
ax,ax
t,s
ix,eh
t,t
q,q
v,v
ih,ih
gcl,n
ng,ng
ix,ix
ih,ih
el,el
t,t
ih,ih
hv,hv
ah,eh
m,m
gcl,gcl
uh,ih
ux,ux
z,z
ix,l
f,f
w,w
r,r
w,l
ix,ix
hh,hh
ao,ao
n,n
ay,ay
g,g
ey,ey
p,p
ae,ae
k,k
ix,ix
g,g
axr,axr
iy,iy
n,m
l,l
kcl,gcl
bcl,tcl
s,s
tcl,tcl
m,m
ix,ng
ix,ix
n,gcl
ng,n
ow,ow
ao,aa
z,z
dh,dh
k,g
gcl,gcl
n,m
s,z
w,w
iy,iy
k,k
th,dh
dcl,dcl
er,er
ix,ix
t,t
er,axr
bcl,bcl
ux,ux
er,axr
ao,ao
axr,w
n,n
ah,ah
dcl,bcl
ax,ax
d,dcl
axr,axr
k,k
w,w
q,n
r,r
t,dh
jh,jh
t,t
pcl,tcl
eh,ix
kcl,tcl
iy,y
s,s
iy,iy
pcl,pcl
d,y
ae,ae
ix,v
ax,ax
aa,aa
f,f
m,gcl
hv,hv
l,l
kcl,kcl
r,n
ih,y
f,f
z,s
l,w
aa,ao
nx,n
k,k
dh,v
kcl,kcl
d,t
ih,ih
ah,ax
ow,ow
l,el
sh,sh
ix,ix
ih,ih
t,t
r,r
l,l
r,r
ah,eh
dcl,dcl
n,n
ao,aa
ow,ow
eh,eh
k,k
iy,iy
ix,ix
s,s
dcl,gcl
s,s
ax,ax
eh,eh
ah,ah
ux,ux
eh,ae
ix,ix
ay,ay
dx,dx
ng,n
ng,ng
k,k
p,p
iy,ih
ae,ae
kcl,kcl
er,er
r,r
oy,oy
iy,iy
dcl,dcl
w,w
ih,ey
pcl,tcl
eh,eh
ih,ax
z,s
aw,aw
l,l
dcl,tcl
m,n
f,f
el,l
t,t
n,dcl
ix,ix
ih,eh
l,l
p,p
d,t
ah,ah
ix,ix
kcl,gcl
dcl,dcl
ax,ax
p,p
kcl,kcl
iy,iy
ao,ao
k,k
r,r
m,m
n,n
k,k
axr,axr
zh,zh
l,l
ey,ey
ih,eh
tcl,tcl
iy,iy
sh,sh
iy,iy
r,r
r,axr
ch,ch
aa,aa
p,f
kcl,kcl
aa,aa
ng,n
ax,ax
m,m
q,hh
th,f
w,w
s,s
kcl,kcl
q,q
ux,ux
kcl,pcl
ng,ng
ae,ae
n,n
r,r
iy,iy
eh,eh
ow,ow
sh,sh
g,g
l,l
r,r
l,l
l,w
th,th
iy,iy
n,n
l,l
eh,ae
aa,aa
iy,ix
ao,ao
r,r
er,axr
ey,ey
ix,ix
n,n
ix,ix
n,n
q,q
pcl,pcl
axr,ix
ih,ey
dcl,dcl
tcl,tcl
q,q
t,jh
ax,ax
kcl,kcl
ix,ix
r,r
ix,ix
s,s
p,p
kcl,kcl
bcl,bcl
s,s
z,z
m,m
f,f
kcl,pcl
w,w
ax,ah
l,w
g,k
dx,dx
dcl,tcl
iy,iy
y,q
l,l
ix,ax
bcl,bcl
ah,ah
w,el
dcl,tcl
q,tcl
n,n
dcl,gcl
l,l
ix,ix
ax,ax
oy,oy
w,l
jh,jh
r,m
dx,dcl
l,l
el,el
z,s
bcl,gcl
dx,dx
p,p
ow,ow
ax-h,ix
w,w
m,m
q,n
dh,dh
s,sh
l,l
t,t
l,l
ay,ay
s,s
w,w
q,q
er,er
r,ix
tcl,dcl
eh,eh
ux,ux
y,y
ah,ah
ix,ix
ix,ix
ax,ix
aa,aa
pcl,pcl
ih,ix
t,t
eh,r
en,n
f,f
ix,ng
ix,ix
dcl,n
uh,uh
ng,n
v,v
p,p
r,q
n,n
aa,aa
er,axr
oy,oy
nx,gcl
tcl,tcl
th,z
hv,hv
ix,ix
ey,ey
s,s
t,t
tcl,tcl
ix,ix
bcl,bcl
l,el
eh,eh
q,l
ih,iy
sh,zh
dcl,bcl
t,t
s,s
r,r
er,r
s,s
oy,oy
q,q
iy,iy
dcl,dcl
s,s
m,m
ay,ay
jh,sh
pcl,pcl
n,m
ow,ow
s,s
ow,ow
aa,aa
dx,dx
uw,uw
ix,ix
iy,iy
n,n
kcl,tcl
pcl,pcl
ax,ax
dcl,pcl
hv,hv
uh,ax
n,ng
tcl,tcl
y,y
ae,ae
v,v
ae,ae
ux,ux
ih,ih
r,r
r,axr
ow,ow
d,hh
iy,iy
l,l
dcl,dh
k,k
l,l
k,k
ih,iy
m,m
t,t
sh,sh
r,r
ih,ih
d,t
t,dh
pcl,tcl
ih,ix
s,z
ey,ey
t,t
pcl,pcl
q,q
ih,ix
kcl,kcl
n,n
ey,ey
y,y
axr,axr
ey,ey
ix,ng
f,f
n,ng
s,th
iy,iy
w,l
aa,ao
r,r
m,m
pcl,pcl
iy,r
aa,er
kcl,tcl
ay,ay
l,l
axr,axr
ix,ix
ow,el
f,f
z,s
k,k
oy,oy
ix,ix
t,t
q,q
r,axr
y,y
ix,ix
axr,axr
axr,er
ax,ix
er,er
aa,ay
ow,ow
hh,g
aa,ay
s,s
ow,el
ix,ih
ih,ih
eh,eh
hh,hh
s,s
ao,ao
eh,ix
ax,ix
pcl,pcl
ax,ax
er,axr
er,axr
l,l
q,q
t,t
p,p
gcl,gcl
sh,ch
z,s
w,w
tcl,tcl
tcl,tcl
kcl,kcl
p,p
t,t
k,k
kcl,gcl
oy,oy
ix,ix
ae,ah
sh,sh
v,v
sh,sh
d,t
m,m
gcl,gcl
dcl,dcl
ih,ih
dcl,dcl
dcl,tcl
t,d
ux,ux
dcl,tcl
ih,axr
tcl,pcl
er,er
r,r
n,n
s,s
w,w
t,d
r,r
axr,v
tcl,tcl
q,q
sh,sh
z,z
dcl,dcl
ih,ih
ah,ah
kcl,kcl
s,s
f,f
gcl,dcl
w,w
ix,ix
ix,ix
pcl,tcl
iy,iy
z,z
gcl,gcl
q,ix
f,f
ax,ix
w,l
ix,ix
p,f
s,s
m,m
ix,n
ae,ae
r,r
iy,y
ix,eh
s,s
iy,iy
n,n
n,n
dh,dh
kcl,kcl
eh,er
ae,ae
axr,axr
ih,ix
k,k
w,w
ax,ix
w,w
iy,iy
ax,ax
p,p
ix,ix
m,m
iy,iy
ey,hv
ux,ux
q,kcl
axr,r
ix,ax
ay,ay
ix,ix
dcl,dcl
q,q
k,k
ih,ih
kcl,kcl
nx,nx
p,p
w,w
ao,ao
tcl,tcl
n,n
m,m
s,s
s,s
iy,iy
w,l
ay,ay
aa,aa
z,z
t,t
ey,ih
m,m
s,s
iy,iy
gcl,gcl
kcl,kcl
k,d
iy,iy
aa,aa
n,m
m,m
ix,ix
kcl,tcl
s,s
ae,ae
tcl,n
kcl,kcl
ow,ow
iy,iy
ng,ng
n,n
th,f
f,f
z,s
n,gcl
n,n
m,m
n,n
kcl,kcl
en,en
iy,iy
ao,ao
eh,eh
iy,iy
l,l
l,l
l,m
t,t
p,t
ax,ax
p,p
g,g
z,z
z,s
jh,jh
m,q
l,l
er,axr
tcl,pcl
ih,ih
kcl,kcl
l,l
ay,ay
kcl,kcl
kcl,kcl
ey,ey
n,n
ix,ix
ix,ih
ow,ow
ow,ow
ih,ix
s,z
ay,ay
l,l
aa,m
b,g
kcl,tcl
ix,iy
ix,ix
g,g
p,p
ae,ae
n,n
q,q
ix,w
ae,ae
eh,eh
t,t
er,axr
dcl,dcl
q,l
n,n
g,g
ae,ae
aa,aa
w,w
tcl,kcl
ih,ih
kcl,kcl
gcl,dcl
r,r
s,s
v,v
oy,oy
r,r
f,f
ah,ah
sh,sh
tcl,tcl
tcl,tcl
ng,n
pcl,pcl
eh,eh
d,d
ux,ux
ow,ow
aw,aw
kcl,pcl
ow,ah
l,l
hh,hh
iy,iy
axr,axr
kcl,tcl
ix,ix
iy,ey
ix,ax
r,r
dcl,gcl
r,r
eh,ix
p,k
r,r
s,s
d,d
n,ng
dh,v
eh,eh
l,l
ng,n
q,q
sh,s
ax,ax
er,axr
z,z
n,n
ix,ix
g,g
eh,ae
ih,ih
ah,l
iy,iy
kcl,kcl
p,p
n,n
v,n
g,g
g,dx
w,w
g,g
tcl,tcl
hv,hv
jh,jh
ux,ux
v,v
d,t
y,y
t,t
s,s
kcl,kcl
l,l
en,en
g,g
ah,ax
kcl,gcl
r,r
q,q
dh,dh
bcl,bcl
l,l
dcl,dcl
t,t
m,m
w,w
ih,ix
sh,sh
k,k
dx,dh
ix,ix
kcl,tcl
q,q
l,l
s,s
jh,ch
n,n
ae,ae
ix,ax
p,hv
ae,ae
w,w
s,s
r,r
dcl,pcl
ix,ix
ix,ax
th,s
n,n
ng,ng
l,m
l,dh
m,m
n,n
el,el
ah,ah
eh,ae
kcl,kcl
p,p
dh,v
r,r
ah,ax
er,er
bcl,v
hv,v
l,l
ih,ih
ao,ao
iy,iy
dx,dx
kcl,kcl
iy,iy
ah,ah
ah,ah
ay,ay
d,k
ow,ow
kcl,tcl
kcl,pcl
s,s
n,n
r,r
iy,iy
dcl,tcl
bcl,pcl
z,z
gcl,tcl
p,p
kcl,kcl
d,v
ix,q
s,s
ao,ao
ix,m
tcl,tcl
tcl,tcl
ch,ch
hv,hv
tcl,gcl
jh,jh
aa,aa
n,ix
ah,ah
v,f
sh,sh
ay,ay
eh,eh
r,r
ux,ux
hh,hh
ow,ow
ax,ix
ih,ix
f,f
ao,ao
w,q
w,w
tcl,tcl
r,r
k,k
bcl,dcl
ay,ay
l,l
ow,ow
gcl,gcl
ix,ix
pcl,pcl
ow,ow
f,f
eh,ix
y,y
v,v
ih,ix
hv,hv
eh,r
l,l
k,g
q,q
ow,ow
kcl,kcl
dcl,dcl
bcl,tcl
p,p
z,z
ux,ux
q,n
k,k
kcl,kcl
ix,y
k,k
f,f
eh,ix
z,z
nx,dx
m,ax
n,n
ax,ax
ix,ix
dcl,bcl
ax,ax
k,k
ow,ow
v,v
p,v
ix,ih
dh,tcl
er,axr
nx,m
m,w
hv,hv
hh,hh
hv,hv
er,axr
dh,dh
tcl,tcl
dcl,gcl
n,ng
r,r
tcl,dcl
tcl,tcl
n,n
ah,ah
v,v
g,g
k,k
m,n
ch,ch
q,q
oy,oy
r,r
iy,iy
n,n
nx,m
s,s
z,z
tcl,tcl
eh,ey
pcl,pcl
kcl,kcl
ae,ae
p,p
iy,iy
nx,n
r,r
ih,ae
jh,jh
pcl,gcl
tcl,tcl
axr,ax
el,el
p,p
s,s
w,w
ao,w
sh,sh
p,p
pcl,pcl
kcl,tcl
sh,sh
s,z
er,axr
pcl,bcl
l,l
t,t
ng,ng
pcl,tcl
l,l
dx,dx
eh,eh
axr,er
hv,hv
ix,ix
s,s
l,l
tcl,tcl
iy,iy
dh,dh
s,s
t,t
ay,ay
f,f
y,y
z,z
f,f
iy,iy
q,q
ih,ih
ix,ix
ey,ey
g,g
tcl,tcl
axr,ax
tcl,tcl
l,l
l,l
bcl,bcl
kcl,tcl
m,n
eh,eh
l,l
dcl,dcl
th,th
dcl,dcl
f,f
z,z
tcl,tcl
r,r
ix,ix
s,s
dx,dx
ax,ax
ix,q
kcl,tcl
n,n
w,m
en,n
ax,n
iy,iy
tcl,tcl
ao,ao
r,r
q,q
p,p
ng,ng
k,k
dh,dh
tcl,tcl
tcl,tcl
kcl,gcl
ix,ix
v,v
tcl,dcl
aa,ah
eh,eh
r,r
kcl,dcl
pcl,v
dcl,dcl
gcl,gcl
tcl,tcl
ix,ix
m,m
ow,ow
sh,ch
k,k
k,k
ax,ax
ao,ao
ae,ih
ow,ow
ix,ix
s,s
kcl,tcl
r,r
ey,ey
r,r
k,k
kcl,kcl
dcl,bcl
m,m
ey,ey
ix,ix
t,t
w,w
ah,ah
y,y
l,l
n,n
er,er
pcl,pcl
nx,n
ux,ux
ae,ae
zh,zh
ix,ix
r,axr
el,l
iy,iy
bcl,dcl
ah,ah
s,s
n,n
l,l
iy,iy
k,k
aw,aw
b,p
ey,ey
ih,ih
k,k
gcl,tcl
w,v
r,r
ax,ax
ax,ax
ih,ix
k,k
f,f
ng,ng
r,r
ux,ux
hh,hh
k,k
n,n
r,r
sh,sh
gcl,kcl
k,k
t,t
g,g
q,q
ng,ng
ih,ih
ah,ah
s,t
ih,ax
hv,hv
n,n
s,s
ix,ix
oy,oy
dh,dh
kcl,kcl
z,z
aa,aa
g,g
q,q
ih,ix
m,m
s,s
n,ng
iy,iy
gcl,gcl
er,axr
ix,ix
dh,dh
bcl,dcl
kcl,kcl
r,r
m,m
pcl,v
iy,iy
g,g
t,t
ix,iy
ix,ix
pcl,tcl
q,q
q,q
ey,ih
aa,aa
ao,aa
r,r
iy,ix
hv,p
ng,ng
g,g
ix,ux
iy,iy
ix,n
n,n
l,el
t,ch
ih,eh
ix,ix
ay,ay
iy,y
n,n
q,q
z,s
aa,aa
ow,ow
t,t
ix,ih
r,r
ao,ao
l,w
dcl,gcl
dcl,tcl
ao,ao
t,t
pcl,pcl
s,s
pcl,tcl
aa,aa
l,k
ae,ae
ux,ux
gcl,gcl
ix,ix
iy,iy
v,v
q,m
ix,ix
ih,ih
k,k
l,l
ah,el
kcl,gcl
ah,ah
oy,oy
ix,ix
w,w
r,r
ow,ow
q,q
m,m
ix,ix
ix,ix
d,d
em,m
l,l
ao,ow
kcl,kcl
aa,aa
l,l
gcl,gcl
axr,axr
f,f
l,l
t,t
ey,ey
jh,sh
sh,sh
axr,er
tcl,tcl
ay,aa
w,w
ix,ix
aa,ao
oy,oy
ay,eh
bcl,tcl
ae,ae
ix,ix
pcl,tcl
dh,gcl
f,f
kcl,kcl
q,q
ix,ix
q,q
ah,ah
ix,ix
ax,ix
ao,ao
kcl,kcl
z,z
l,l
w,w
iy,iy
k,k
kcl,kcl
r,m
s,s
r,r
l,el
tcl,pcl
iy,y
kcl,tcl
gcl,gcl
ow,ow
ix,ix
s,s
r,axr
ow,ow
ey,ix
k,k
ux,ux
g,k
n,n
z,s
g,g
axr,axr
ae,aw
q,n
r,r
dh,dh
f,f
r,r
ah,ax
hh,hh
ah,ah
aa,aa
ay,ay
axr,axr
n,n
r,r
t,t
er,er
ao,ao
aw,aw
kcl,kcl
axr,axr
dcl,dcl
ix,ix
n,n
s,s
ao,l
z,z
ax,ix
l,l
m,n
ih,ih
s,s
ux,ux
z,z
kcl,kcl
iy,iy
z,z
sh,sh
jh,jh
ae,aw
axr,axr
w,w
ix,ix
ux,ux
s,z
axr,axr
dcl,gcl
ae,ay
th,th
ah,eh
dh,gcl
ao,ao
axr,eh
eh,eh
tcl,tcl
n,n
dx,dx
ey,iy
f,p
t,t
ey,ey
l,l
m,m
uh,ix
ih,eh
n,m
bcl,dcl
n,n
l,l
ix,ix
ay,ay
g,k
iy,iy
ey,ey
eh,r
tcl,tcl
k,k
ae,ae
pcl,pcl
q,q
kcl,kcl
ix,ae
f,f
eh,eh
q,q
axr,axr
s,s
d,d
ae,ae
ih,ix
ih,ih
pcl,pcl
tcl,tcl
iy,iy
tcl,tcl
gcl,bcl
dcl,n
p,hh
axr,axr
ae,aw
q,dh
kcl,kcl
ih,ih
ao,q
sh,sh
k,g
t,t
r,r
k,k
g,k
kcl,gcl
aa,ao
ao,aa
eh,eh
hv,hv
w,w
ax,ax
m,n
ao,w
ah,axr
ae,eh
y,jh
el,el
dcl,dcl
z,z
ux,ux
ow,l
sh,sh
dcl,dcl
aa,aa
ix,ix
ax,ax
t,t
iy,iy
tcl,tcl
m,m
tcl,tcl
ix,eh
gcl,gcl
p,hh
t,t
ao,ao
ay,oy
kcl,kcl
iy,y
ae,ae
ax,ix
ux,ux
v,v
l,l
ao,ao
ux,ux
ax,ax
ih,iy
r,r
ao,ao
n,n
l,v
iy,iy
axr,axr
r,r
ae,ae
th,f
g,g
l,ix
ix,ix
jh,sh
eh,eh
ae,ae
r,r
s,z
sh,sh
s,s
er,axr
ax,eh
er,r
s,s
ix,ix
ix,ix
aa,aa
eh,eh
dh,dh
q,n
ax,ax
d,d
m,m
tcl,dcl
dx,nx
w,w
hv,hv
ay,ay
aa,aa
n,n
ax,l
tcl,tcl
l,l
m,m
y,gcl
eh,q
dcl,dcl
uw,uw
ao,ao
ih,ih
w,w
gcl,dcl
l,l
r,r
b,b
tcl,tcl
bcl,dcl
ow,aw
hv,y
w,w
ae,ae
ix,ax
tcl,tcl
pcl,pcl
ih,ih
t,t
ih,ih
s,s
bcl,bcl
ax,ix
s,s
ch,t
m,m
ix,ix
bcl,dcl
ao,ao
axr,gcl
nx,n
ey,ey
n,n
ao,ao
tcl,tcl
bcl,dcl
l,l
m,m
s,s
er,er
axr,axr
v,f
el,el
n,ng
z,z
n,n
ih,ih
s,s
ux,ux
z,z
dcl,dcl
ao,ow
bcl,bcl
g,g
iy,iy
ax,ax
iy,iy
eh,ae
ae,ae
r,r
k,k
y,y
l,l
r,r
m,m
ax,ax
ux,ux
m,m
m,m
ix,ix
f,f
dx,dx
ax,ax
iy,iy
l,l
kcl,tcl
k,k
tcl,tcl
dx,dx
t,z
w,w
iy,iy
tcl,tcl
ah,l
eh,eh
tcl,dcl
s,s
f,f
kcl,tcl
ax,r
ng,l
oy,oy
n,n
ih,ix
t,t
r,r
l,l
s,s
s,s
r,r
n,n
s,z
r,r
l,l
w,w
tcl,tcl
t,t
l,l
t,t
aw,aw
ow,ow
tcl,tcl
ax,ax
ao,ao
w,w
axr,w
ae,ae
ow,ow
ey,ey
r,axr
q,q
nx,n
r,r
z,z
nx,m
q,q
aa,aa
r,r
en,en
p,p
axr,axr
n,n
s,s
kcl,tcl
en,en
y,y
m,m
ah,ah
l,l
dcl,dcl
ux,m
iy,iy
ah,ah
ao,ao
ng,ng
dx,dcl
p,dh
m,m
s,s
t,t
kcl,pcl
eh,eh
iy,ih
uw,uw
s,s
l,l
tcl,tcl
f,f
iy,y
iy,iy
r,r
v,m
kcl,tcl
eh,eh
ih,ih
axr,ux
ih,ix
k,k
k,k
tcl,pcl
ow,ow
n,dx
axr,axr
dh,k
ih,ix
v,v
sh,sh
r,r
ch,jh
ey,iy
s,sh
ix,ix
iy,ix
iy,iy
l,l
b,dh
n,n
ux,ux
dx,dx
pcl,pcl
dcl,dcl
dcl,dcl
ey,ey
oy,oy
ey,iy
er,er
ao,ao
ay,ay
n,m
ix,iy
z,z
n,ng
d,g
en,ix
g,g
axr,axr
ix,ix
kcl,kcl
ey,ey
s,s
b,b
tcl,tcl
gcl,tcl
kcl,gcl
ax,ax
axr,el
axr,axr
bcl,bcl
r,r
m,n
n,n
ay,ay
ax,ix
ay,ay
k,k
kcl,gcl
ix,ih
s,s
dx,n
n,n
kcl,tcl
r,r
l,w
ih,ih
tcl,tcl
oy,oy
iy,iy
ix,ix
dh,dh
t,t
dh,v
ay,aa
n,n
jh,jh
er,axr
v,v
ax,ix
r,r
tcl,tcl
p,hh
r,r
iy,iy
aa,aa
ae,ae
l,l
ng,ng
hh,hv
p,hh
y,y
dcl,gcl
f,s
m,m
l,l
s,s
v,v
w,w
tcl,tcl
en,en
ey,ey
ng,ng
ao,ao
ay,ay
ay,ay
w,w
l,l
ix,ix
iy,iy
ax,ix
ng,m
l,l
en,en
ix,ix
n,m
tcl,bcl
ux,uw
el,el
s,s
tcl,q
ao,ow
hv,hv
l,l
f,f
l,el
f,f
tcl,tcl
tcl,pcl
ax,ax
ax,ix
n,n
r,iy
ix,ix
tcl,tcl
ae,ae
f,f
iy,iy
dx,dx
iy,iy
ao,ao
m,m
s,s
uh,ah
l,m
m,m
tcl,tcl
s,s
m,n
aw,aw
dx,dx
t,hh
iy,iy
f,f
ow,ow
ix,axr
f,f
ix,ix
hv,hv
g,g
aa,ah
eh,eh
ay,ah
z,z
ah,ah
ih,ih
w,w
gcl,dcl
bcl,gcl
ao,ao
ix,iy
th,dh
w,w
eh,eh
iy,iy
t,t
n,ng
ih,hv
kcl,kcl
ao,ao
iy,iy
ah,l
ix,ix
r,r
tcl,tcl
eh,eh
ix,ix
m,m
q,q
s,s
l,l
ow,ow
n,n
tcl,tcl
n,n
kcl,pcl
ay,ay
w,w
dcl,bcl
ix,ix
tcl,pcl
ix,n
ah,ah
hh,hh
w,w
w,w
q,q
eh,eh
f,f
dh,dh
ey,ey
iy,iy
ix,ix
s,s
iy,y
kcl,kcl
y,y
kcl,tcl
ay,ay
m,n
s,s
dx,dh
ae,eh
l,l
q,q
m,m
tcl,tcl
hh,hh
m,m
s,s
ix,axr
m,m
dcl,gcl
ay,ay
ih,ix
ih,iy
ay,r
m,m
q,q
tcl,tcl
ix,ix
bcl,dcl
n,n
ng,ng
axr,axr
tcl,tcl
aa,aa
iy,iy
eh,eh
iy,iy
ih,ih
f,f
ao,ao
r,r
ow,ow
s,s
pcl,kcl
f,f
ay,ay
iy,iy
ih,ih
aa,ae
er,axr
t,t
g,g
w,w
ih,ax
en,en
n,n
z,z
bcl,bcl
eh,eh
m,m
er,axr
iy,ux
z,z
ix,ix
dcl,dcl
gcl,kcl
m,m
iy,iy
ow,em
r,r
n,hh
iy,r
r,r
kcl,kcl
q,q
ix,dx
iy,iy
hv,l
nx,dx
ae,ae
ay,ay
t,t
eh,ax
ao,ay
t,t
iy,iy
ow,ow
kcl,tcl
l,l
bcl,tcl
z,z
ah,w
iy,iy
ay,ay
s,s
ax,r
tcl,tcl
ae,ey
ey,ey
dh,dh
m,m
ae,ae
gcl,tcl
s,s
dh,dh
ay,ay
iy,ix
s,sh
sh,sh
l,l
iy,iy
m,m
v,v
gcl,gcl
l,l
gcl,gcl
kcl,tcl
dh,dh
v,v
s,s
ax,ax
axr,axr
dcl,dcl
tcl,dcl
m,m
d,d
l,l
axr,axr
uh,ax
y,y
l,l
tcl,tcl
ix,ix
z,z
m,m
dh,l
kcl,kcl
n,m
bcl,bcl
d,tcl
eh,ih
f,f
z,z
ae,ae
dcl,dcl
ah,ah
n,n
aa,aa
ey,ey
aa,aa
dcl,gcl
aa,ao
en,en
s,s
kcl,tcl
m,m
l,l
k,k
ax,ix
eh,ae
r,r
bcl,dcl
k,k
y,y
ih,ih
l,l
z,z
f,f
bcl,pcl
hh,hh
er,er
eh,eh
ae,ae
m,m
tcl,tcl
d,d
r,r
ay,ay
l,l
s,s
ax,ix
f,f
ix,ix
w,w
z,z
q,tcl
r,r
ix,ih
ix,axr
v,v
ih,ix
r,r
em,en
axr,er
ix,ix
ey,iy
eh,eh
tcl,tcl
t,t
tcl,tcl
ch,ch
ix,ix
v,v
d,b
m,m
ax,ax
p,dh
dcl,gcl
iy,iy
ax,ix
w,w
t,t
t,t
ch,ch
n,n
z,z
ao,ao
f,f
ae,ae
t,t
q,tcl
ch,ch
s,z
ih,ih
ao,ao
p,p
ih,ey
axr,axr
er,axr
sh,sh
ow,ow
k,g
n,n
tcl,tcl
w,w
y,y
dcl,dcl
f,f
tcl,tcl
axr,axr
nx,nx
r,r
n,n
ao,aa
tcl,tcl
ow,ow
k,k
ix,ix
aa,aa
m,m
kcl,pcl
hv,hv
l,l
z,z
ay,ay
aa,aa
s,s
q,q
ix,ix
r,r
l,l
ix,ix
iy,iy
ax-h,v
r,r
y,y
w,w
ch,s
y,y
n,n
m,m
ao,ao
ay,ay
dcl,v
iy,iy
v,v
ih,ix
ih,ey
er,er
hh,hh
er,er
s,z
dh,v
s,s
pcl,tcl
ay,ay
ay,ay
q,q
m,m
ch,s
pcl,tcl
q,q
p,hh
dx,dx
ix,ix
ng,n
v,v
ae,ae
n,n
sh,sh
ih,iy
l,l
eh,eh
ix,ix
eh,eh
tcl,tcl
ix,ix
ix,ix
f,f
q,q
ix,ix
tcl,tcl
er,er
ax,ax
dcl,n
ix,eh
ix,ix
dh,z
t,t
t,t
ao,ao
ih,ih
ah,eh
gcl,gcl
ix,y
n,dh
n,ng
sh,sh
pcl,tcl
iy,iy
q,q
aa,aa
ao,ao
ow,ow
eh,eh
kcl,tcl
y,hh
iy,iy
s,s
ix,ix
tcl,kcl
ix,ix
eh,eh
bcl,v
ae,ae
r,r
r,r
v,v
ao,ao
q,q
ow,ow
axr,axr
gcl,gcl
ih,ih
el,el
r,r
dh,dcl
v,w
ah,ah
s,s
iy,iy
l,l
aa,ao
q,q
s,s
kcl,kcl
t,t
p,p
r,r
em,m
l,l
ix,ix
aa,aa
ix,ax
s,s
aa,aa
iy,iy
uh,uh
iy,iy
k,k
l,l
n,n
z,s
s,s
d,g
ae,ae
kcl,kcl
ey,ay
v,v
tcl,dcl
q,q
n,v
z,z
kcl,kcl
t,k
p,p
dcl,dcl
g,g
gcl,kcl
m,m
iy,ix
m,m
s,s
l,l
f,f
ih,ux
n,n
w,w
ih,l
s,s
z,s
r,r
f,f
eh,eh
aa,aa
iy,iy
dh,dh
ae,ae
aa,aa
ao,aa
ux,ux
aa,aa
axr,axr
m,dcl
ao,ao
ix,ix
ix,ey
w,w
ao,aa
ix,ix
kcl,tcl
iy,iy
s,s
aa,aa
s,s
ih,ih
sh,sh
l,l
r,r
n,n
r,r
dcl,dcl
n,m
ay,ay
ix,ix
kcl,tcl
iy,iy
f,f
nx,l
ah,ah
m,m
dcl,dcl
n,n
axr,axr
ow,ow
ey,ey
n,n
ae,ae
ey,ey
s,z
er,er
dcl,dcl
el,el
ay,ay
aa,aa
oy,oy
iy,iy
n,g
ng,ng
ch,ch
ax,ix
p,p
r,r
m,m
jh,jh
ng,n
ey,iy
w,w
ae,ae
aa,ao
ih,ih
ix,y
w,w
ix,ax
r,r
ix,ix
aa,aa
gcl,dcl
aa,ao
er,er
g,g
bcl,m
er,er
k,k
f,f
kcl,gcl
iy,iy
w,w
ix,r
t,t
z,z
z,z
v,w
ix,ix
l,l
el,el
ah,aw
er,axr
d,d
kcl,tcl
m,m
iy,iy
l,el
dh,dh
ao,ao
oy,oy
nx,n
s,s
q,gcl
l,l
t,t
s,s
ih,ih
l,l
iy,iy
ah,ow
n,n
ih,y
sh,sh
axr,axr
g,g
iy,iy
ax,l
kcl,kcl
l,l
er,er
el,l
iy,iy
ey,ey
ah,ah
jh,jh
bcl,dcl
ao,l
iy,iy
n,n
m,m
kcl,kcl
ah,ah
n,n
k,g
z,z
ao,ao
y,iy
l,l
ix,ix
z,z
tcl,dcl
s,s
ao,ao
tcl,tcl
ah,ah
b,n
axr,axr
dcl,dx
ih,ix
zh,zh
s,s
ix,w
tcl,tcl
s,s
l,l
tcl,n
oy,oy
nx,n
axr,axr
gcl,gcl
t,t
w,w
ix,ix
kcl,kcl
axr,er
bcl,bcl
k,k
r,r
s,s
tcl,kcl
n,n
nx,dx
bcl,bcl
eh,eh
th,z
n,m
gcl,gcl
y,dh
r,r
f,k
ae,ae
v,v
oy,oy
n,n
l,l
kcl,kcl
axr,axr
dcl,dcl
ao,ao
aa,aa
r,r
ix,ix
iy,iy
sh,sh
s,s
ih,ih
n,ng
s,s
ax,l
y,y
f,f
axr,er
n,ng
hh,dh
dh,dh
y,y
w,w
ae,ae
kcl,kcl
ih,ih
z,jh
nx,n
ae,ae
w,w
ix,y
iy,iy
w,w
ux,ux
t,jh
ao,ao
oy,oy
s,s
aa,ao
ih,ih
ey,iy
w,w
s,s
q,v
d,d
ah,ah
s,s
dcl,n
ix,ix
ae,ae
ax,ax
eh,eh
eh,eh
l,l
r,r
axr,axr
ux,ux
bcl,bcl
s,s
n,n
axr,axr
th,v
ih,ih
q,q
r,r
iy,ih
ax,ax
n,n
gcl,gcl
s,t
en,ng
dh,t
er,er
oy,oy
gcl,kcl
ay,ae
ah,ah
ax,l
kcl,kcl
m,m
n,m
sh,sh
eh,eh
iy,ix
s,s
n,n
m,m
jh,d
z,s
ao,ao
dh,dh
z,z
er,axr
ae,eh
ae,eh
pcl,pcl
f,f
m,m
ix,ih
ih,ux
r,r
g,dh
s,s
iy,iy
l,l
er,ix
kcl,tcl
hv,hv
ao,w
q,q
n,n
m,n
n,n
ae,ae
iy,iy
aw,aw
l,l
k,k
n,n
y,y
ih,ix
k,k
axr,axr
m,m
en,en
ix,ix
pcl,tcl
kcl,kcl
kcl,tcl
q,hh
sh,sh
s,s
dcl,bcl
kcl,pcl
ow,ao
tcl,tcl
s,z
ax,ix
er,r
iy,ih
n,n
dcl,dcl
q,axr
s,s
tcl,tcl
m,m
er,r
ix,n
th,dh
iy,iy
v,v
iy,iy
dcl,gcl
ux,ux
tcl,tcl
nx,n
iy,iy
dx,v
ae,ih
sh,sh
iy,iy
ah,ah
kcl,tcl
ah,ah
r,r
l,l
ae,ae
kcl,kcl
bcl,bcl
sh,sh
jh,jh
en,en
ix,l
ay,ay
r,r
d,y
s,s
q,q
tcl,kcl
y,y
bcl,m
ih,ax
l,l
bcl,bcl
tcl,tcl
hv,hh
z,z
n,n
ao,ao
uh,ix
iy,iy
ah,ah
ae,ae
ix,ix
eh,ix
s,s
tcl,tcl
er,er
w,w
s,s
w,w
axr,axr
f,f
ae,ae
p,p
tcl,tcl
t,t
ih,ix
tcl,tcl
iy,iy
t,tcl
ih,ey
z,z
n,n
l,l
ax,ax
axr,axr
ih,eh
ae,ae
v,tcl
ix,ix
l,l
s,z
bcl,gcl
er,l
aw,aw
dx,dx
k,k
v,pcl
n,m
s,s
tcl,pcl
s,s
aa,aa
ih,ih
ix,eh
dcl,dcl
s,s
s,s
dx,dx
er,er
axr,r
w,w
ae,ae
f,f
k,k
er,er
dx,dx
ih,ih
kcl,tcl
f,tcl
d,d
axr,r
oy,oy
w,w
dh,dh
dcl,dcl
ax,l
kcl,tcl
tcl,pcl
s,s
q,q
ix,ux
ax,ix
ix,ix
t,t
k,k
er,axr
eh,ae
tcl,tcl
axr,axr
z,s
ae,ae
q,q
n,n
iy,iy
el,ax
gcl,gcl
dx,dx
kcl,pcl
tcl,tcl
ax,ax
f,f
aw,aw
v,v
s,z
l,l
dx,jh
ao,ao
s,s
kcl,kcl
kcl,kcl
s,s
ae,ae
ao,l
n,n
w,w
kcl,pcl
n,n
r,axr
ix,ix
s,s
s,s
l,l
ux,ux
tcl,tcl
nx,n
ih,ih
ix,ax
hh,hh
bcl,pcl
v,v
ux,ux
iy,ux
r,r
s,s
ih,ih
z,s
aw,aw
en,en
p,p
dh,dh
l,l
ow,ow
axr,axr
s,s
ix,ix
k,k
ix,ax-h
s,s
ix,ix
ao,ao
f,f
ah,eh
bcl,bcl
r,r
y,y
z,z
oy,oy
tcl,tcl
s,s
ix,ah
sh,sh
dh,ng
iy,iy
l,l
q,q
bcl,bcl
uh,ax
tcl,tcl
ih,ax
dh,q
k,g
s,s
l,l
s,s
ih,ix
dh,dh
s,s
ix,ix
m,m
aa,ao
s,s
q,q
hh,hh
m,m
tcl,tcl
pcl,pcl
iy,iy
n,ng
dcl,tcl
ih,ix
iy,iy
w,w
tcl,tcl
ng,n
ae,ae
m,m
dcl,dcl
n,n
v,v
kcl,tcl
jh,jh
dcl,n
r,r
kcl,tcl
k,g
v,v
ao,ao
ow,el
ax,el
hh,hh
ax,ix
ix,ix
n,n
ix,ix
g,k
hv,hv
l,l
k,k
sh,sh
jh,jh
ax,ax
l,l
s,s
pcl,tcl
m,m
aa,l
ay,ay
zh,zh
el,l
dx,v
kcl,kcl
k,k
w,w
ih,m
aa,aa
sh,sh
dcl,dcl
b,p
t,t
ay,ay
ix,ix
eh,ix
er,axr
ao,ao
k,k
iy,iy
m,m
aw,aw
k,k
w,w
gcl,gcl
f,f
q,q
l,l
ae,ih
ay,ay
z,s
l,l
tcl,tcl
s,s
kcl,kcl
ao,ao
w,w
l,l
ix,ix
ae,ae
kcl,kcl
n,ng
ey,ey
ow,ow
s,s
ax,ax
kcl,gcl
ix,ix
hh,hv
bcl,bcl
gcl,gcl
k,g
t,t
k,k
w,w
ux,ux
ux,ux
q,q
m,n
gcl,gcl
eh,eh
ow,ow
ah,aa
ih,ih
f,f
axr,axr
dcl,dcl
iy,iy
ix,ae
ae,ae
n,n
iy,iy
pcl,tcl
kcl,kcl
er,er
s,s
axr,axr
tcl,p
n,n
bcl,bcl
kcl,kcl
th,th
ux,ux
aa,aa
n,n
dh,dh
uw,m
dh,hh
ix,ix
m,m
s,s
jh,jh
ay,ay
n,n
ax,ix
s,z
aa,aa
dh,dh
g,g
bcl,dcl
hh,hh
y,iy
s,s
l,l
ao,ao
aa,aa
oy,oy
n,ng
ux,ux
q,ih
ah,ao
iy,ey
ix,ix
ih,ih
tcl,bcl
aa,aa
k,k
t,t
n,n
kcl,kcl
ch,ch
tcl,tcl
aa,aa
iy,iy
ix,ix
ux,ux
q,q
aa,ao
q,w
iy,iy
s,s
r,ax
kcl,tcl
ay,ay
l,l
dh,dh
iy,iy
t,t
l,l
s,z
q,q
oy,oy
iy,iy
s,s
ih,ih
p,p
nx,nx
er,axr
dcl,dcl
tcl,tcl
l,l
n,ng
s,s
ey,ey
aa,aa
hh,hh
axr,axr
t,t
s,s
aa,aa
hv,hv
eh,eh
n,n
tcl,tcl
t,t
r,r
s,s
z,s
v,dcl
d,t
q,q
ow,ao
ih,ih
r,r
n,n
ao,ao
iy,iy
ih,ih
bcl,gcl
ng,n
iy,iy
ao,aa
ix,n
k,k
n,gcl
sh,sh
r,r
er,er
kcl,kcl
ey,ih
th,z
z,s
dcl,kcl
jh,jh
ay,ay
ah,ah
eh,ih
dcl,bcl
ix,ix
ay,ay
ix,ix
iy,iy
dh,dh
r,r
pcl,tcl
ix,ah
q,q
iy,r
hv,hv
l,l
pcl,tcl
ix,ix
ao,l
w,w
l,m
axr,axr
n,n
q,q
ae,ae
jh,jh
ae,ae
p,hh
aa,ao
pcl,kcl
ix,gcl
kcl,kcl
w,w
axr,axr
n,n
ow,l
z,z
v,v
axr,r
tcl,pcl
n,n
f,f
ay,ay
s,s
l,ix
eh,ah
tcl,tcl
axr,m
r,r
t,t
dh,hh
eh,ae
ay,ay
ao,ao
k,k
l,l
y,hh
bcl,bcl
bcl,bcl
ey,ey
tcl,tcl
iy,iy
f,f
t,t
ao,ao
z,z
l,l
ux,ux
l,w
v,v
ix,ix
eh,eh
iy,iy
l,l
eh,ih
dcl,dcl
k,p
jh,jh
axr,axr
k,k
el,el
ix,ix
kcl,kcl
q,hh
pcl,tcl
ey,ey
eh,eh
ix,ix
pcl,pcl
gcl,tcl
w,w
ay,ay
kcl,kcl
tcl,pcl
tcl,tcl
p,p
er,axr
q,tcl
m,m
z,z
k,k
y,y
iy,iy
l,l
w,w
kcl,pcl
w,w
ao,w
sh,sh
ix,en
k,k
l,l
dh,d
t,t
th,dh
l,l
w,w
n,n
f,f
jh,jh
ix,ix
iy,iy
kcl,tcl
y,y
dh,dh
bcl,m
s,s
m,ng
ix,ng
iy,iy
l,l
n,n
ao,ao
ih,ix
dcl,dx
ao,w
dh,z
n,n
pcl,kcl
s,s
l,l
z,z
v,v
bcl,bcl
ah,aa
ix,ix
uh,ix
iy,ux
ih,ix
kcl,kcl
gcl,bcl
y,y
z,z
iy,iy
p,p
ae,ae
bcl,bcl
t,d
l,l
sh,sh
l,l
axr,tcl
n,n
dcl,dcl
dh,dh
r,r
q,q
aw,aw
w,w
eh,eh
iy,iy
v,v
kcl,kcl
sh,sh
tcl,kcl
sh,sh
ae,ae
axr,axr
t,t
iy,iy
s,s
n,n
ay,ay
n,m
ix,dh
ux,iy
dcl,dcl
l,l
gcl,tcl
eh,eh
ix,ix
k,k
ay,ay
n,n
ih,ix
ao,ao
ey,ey
ax,ax
ow,aw
ih,ih
gcl,gcl
ix,ix
z,z
ih,l
t,kcl
eh,r
ae,ae
n,n
r,r
iy,iy
z,z
dh,dh
r,r
iy,y
s,s
w,n
tcl,tcl
ay,ay
ih,ih
z,s
ix,ix
gcl,gcl
ax-h,ix
n,v
r,r
l,q
ix,ix
d,t
dx,v
er,axr
ax-h,ax
p,p
ao,ow
iy,iy
k,k
b,p
r,r
r,r
s,s
m,m
l,l
th,th
eh,eh
ey,ey
dh,dh
ao,ao
aa,axr
tcl,tcl
r,r
r,r
q,q
dx,dx
r,l
n,n
iy,iy
er,axr
ax,ah
tcl,tcl
dh,dh
g,g
jh,jh
d,d
r,r
ax,ax
k,k
iy,iy
er,axr
ng,n
kcl,tcl
ao,ao
dcl,dcl
kcl,kcl
ng,ng
n,n
ae,ae
uw,uw
ah,ow
kcl,tcl
iy,iy
en,em
ae,ae
tcl,tcl
axr,r
ax,ax
y,y
n,ng
iy,ix
tcl,tcl
y,y
y,y
s,s
s,s
iy,iy
v,v
y,y
n,n
jh,jh
s,z
z,s
r,r
ix,hv
aa,aa
s,s
ih,ih
dcl,dcl
aa,aa
n,m
tcl,tcl
d,d
oy,oy
m,m
ao,ao
ix,iy
gcl,kcl
r,r
ix,ix
ey,ey
tcl,dcl
ux,y
b,l
sh,sh
l,l
y,y
ae,ae
ix,eh
ax-h,hh
aa,ao
n,n
z,z
y,y
m,gcl
er,axr
m,m
s,s
l,l
dx,v
dcl,dcl
n,n
ih,ih
t,t
ax,ax
axr,axr
k,k
q,q
eh,ix
z,s
ah,ah
z,z
th,f
k,g
ch,t
dx,dx
v,v
s,s
er,er
ao,el
f,v
v,v
ah,ah
tcl,tcl
ow,ow
s,s
ae,eh
k,k
f,f
l,l
d,d
n,m
iy,iy
tcl,kcl
m,m
eh,eh
n,n
aw,ao
q,r
ix,ix
l,el
q,tcl
nx,n
aa,ay
tcl,tcl
eh,eh
ux,ix
m,m
s,s
k,g
s,s
tcl,tcl
s,s
s,s
ih,ih
iy,iy
aa,aa
s,s
ay,ay
m,m
eh,eh
ch,ch
s,s
s,s
l,l
th,tcl
kcl,kcl
kcl,pcl
er,er
l,l
aw,aw
ix,ix
ay,aa
n,n
ax,ix
dcl,dcl
eh,ih
zh,s
axr,axr
ch,ch
ax,ax
t,t
l,l
gcl,gcl
tcl,pcl
ix,ix
sh,sh
q,q
ih,ih
ih,ix
s,s
ao,ao
s,s
iy,y
pcl,tcl
ao,ao
s,s
ow,ow
eh,eh
l,uh
eh,eh
ix,r
m,n
axr,axr
s,s
dcl,bcl
tcl,tcl
ae,ae
k,k
k,k
l,l
m,m
d,t
w,w
ux,ux
y,y
dx,jh
sh,sh
ix,en
k,k
m,m
l,l
n,ng
r,r
d,t
eh,ah
axr,r
ae,ae
z,z
tcl,tcl
tcl,tcl
iy,iy
ix,n
gcl,gcl
dcl,dcl
dh,dh
ix,ix
r,w
m,n
ih,ix
q,q
iy,iy
tcl,tcl
ey,ey
k,k
uw,ux
eh,eh
kcl,dx
el,el
hv,hv
m,m
pcl,tcl
tcl,tcl
eh,eh
t,s
m,m
aw,ae
q,q
ix,ix
p,kcl
ix,l
l,l
axr,axr
iy,iy
ow,ax
p,p
uh,ah
em,em
tcl,tcl
s,z
iy,iy
r,r
kcl,kcl
g,g
r,r
ow,ow
m,m
uh,uh
t,t
z,z
iy,iy
q,q
ih,ix
eh,ix
q,ix
f,f
s,s
s,z
q,dh
dx,dh
s,s
hh,hh
g,g
z,z
iy,iy
dx,dx
dcl,dcl
ih,ix
l,l
ix,ix
w,w
ae,ae
w,w
ah,ah
r,r
m,m
l,l
f,v
l,l
n,n
dx,dx
ng,m
ih,ux
v,v
q,q
ih,ah
pcl,pcl
sh,sh
dh,v
ao,ao
p,p
iy,iy
axr,axr
r,r
k,k
z,z
q,q
ix,y
q,q
tcl,tcl
s,z
nx,n
r,r
r,r
sh,sh
el,el
eh,eh
z,s
dx,dx
axr,axr
z,s
ux,ux
y,y
f,f
n,n
pcl,pcl
sh,sh
nx,m
iy,iy
p,p
dcl,dcl
el,el
ux,ux
ao,ao
ey,ey
nx,n
dx,dx
k,k
kcl,kcl
pcl,tcl
iy,ux
axr,axr
gcl,axr
t,t
th,v
ax-h,ax
n,n
s,s
er,axr
eh,r
v,hv
n,n
iy,iy
d,d
ow,ow
m,m
y,y
ih,ih
kcl,kcl
el,l
iy,iy
hh,hh
g,g
q,q
eh,eh
t,t
s,s
aa,ao
m,m
iy,ix
ae,eh
pcl,pcl
er,er
ax,q
w,w
hh,hv
aa,ao
ey,ey
sh,sh
t,t
t,t
r,r
ax,r
s,s
d,y
s,s
iy,iy
z,z
ix,ix
m,m
ax,ax
m,m
s,s
s,s
axr,axr
ix,ix
l,l
ix,ih
s,s
s,s
kcl,kcl
l,l
ix,ix
ux,ux
nx,n
s,s
iy,ix
m,m
w,w
ix,iy
gcl,m
dx,dx
axr,axr
r,r
p,p
ix,q
ih,iy
n,m
n,n
k,k
pcl,tcl
k,k
eh,ih
iy,iy
k,k
ao,ao
l,l
hh,hh
axr,axr
ax,l
gcl,dcl
axr,m
ao,ao
ih,ih
ao,ao
g,g
ix,ix
iy,iy
l,l
ih,ux
m,m
nx,dx
n,n
ae,eh
ow,ow
ih,ih
n,gcl
ey,ey
hh,hh
oy,oy
q,q
ae,ae
w,l
ao,ao
l,l
l,l
ey,ey
z,z
t,t
ey,ey
eh,eh
s,s
k,g
ih,q
dcl,v
ae,ae
kcl,kcl
k,k
s,s
axr,axr
kcl,kcl
m,n
ae,ae
kcl,kcl
sh,sh
m,m
dcl,gcl
b,dh
f,f
l,l
ix,n
p,p
l,l
eh,ae
v,v
tcl,tcl
v,m
ih,ih
f,f
aa,aa
ah,ah
l,l
n,n
tcl,tcl
n,n
ih,y
v,f
aa,r
iy,iy
s,s
dh,dh
ah,l
v,v
ih,ix
ey,ey
g,g
gcl,gcl
l,l
ao,ao
ix,ix
gcl,gcl
gcl,gcl
ih,hv
kcl,tcl
ix,ix
g,g
ao,ao
v,v
q,q
l,l
r,r
m,m
sh,sh
w,l
y,y
pcl,tcl
ae,ae
ax,ah
ow,ow
r,axr
kcl,tcl
ao,ao
w,w
f,f
dx,v
k,k
ae,ae
ih,ix
r,hv
s,s
iy,iy
eh,eh
s,s
ix,en
dh,dh
ao,ao
ae,ae
z,z
z,z
s,s
ay,ay
y,y
tcl,tcl
w,w
ah,ah
er,er
n,ng
r,r
dcl,dcl
tcl,tcl
jh,jh
w,w
ih,ih
eh,eh
ix,ix
ah,ax
ey,ey
v,v
y,iy
iy,iy
q,tcl
eh,eh
bcl,n
l,l
y,y
w,w
ih,eh
l,l
axr,axr
ay,ay
t,t
k,k
n,n
z,z
r,r
ao,ao
ay,ay
ix,ix
eh,eh
ih,ix
s,s
y,iy
ey,ey
n,dx
p,p
s,s
uw,uw
el,el
eh,eh
k,k
m,m
m,m
aa,aa
iy,iy
t,t
iy,iy
n,n
n,n
z,z
r,n
dx,dx
pcl,pcl
el,el
n,ng
ey,ey
q,q
y,y
tcl,pcl
axr,y
l,w
eh,eh
s,s
ix,axr
r,r
m,n
w,w
tcl,tcl
ix,ix
n,n
s,s
l,n
el,l
dcl,ix
axr,r
q,n
r,r
q,q
ao,ao
k,k
tcl,pcl
n,m
r,r
ow,ow
nx,m
ih,ix
ae,ae
pcl,pcl
tcl,n
iy,iy
kcl,tcl
l,l
ao,ao
l,l
kcl,kcl
ah,ah
tcl,kcl
l,l
ae,ae
r,r
k,k
dcl,dcl
tcl,tcl
en,en
ah,aw
y,y
ix,ix
n,n
hh,hh
ey,iy
kcl,kcl
r,q
ax,ix
ah,ah
ix,ax
iy,iy
dx,dx
n,m
tcl,g
aa,aa
ey,oy
l,l
hv,hv
tcl,tcl
tcl,tcl
m,m
ux,m
m,m
s,s
eh,ix
ae,axr
s,s
ah,ax
dcl,tcl
iy,iy
ix,axr
dcl,tcl
q,q
aa,ay
ah,ax
ah,ah
uw,axr
er,axr
aa,ah
aa,aa
el,ng
aw,aw
ux,ux
dx,dx
ax,ax
ay,ay
ax,ix
dcl,dcl
ax,ix
ao,ao
axr,r
l,l
iy,iy
ix,ix
ah,ow
ah,eh
r,r
ax,ax
k,k
kcl,kcl
v,dh
n,n
s,s
iy,iy
hh,hh
er,aa
ao,ao
w,w
pcl,pcl
f,f
ah,eh
dcl,dcl
iy,iy
dx,dx
bcl,m
k,k
hv,hv
w,w
r,r
ih,ih
r,m
ix,ix
z,s
ix,ix
dcl,dcl
g,g
ux,ux
iy,iy
dcl,dcl
ax,ax
dcl,dcl
l,l
s,z
k,k
tcl,tcl
z,z
aa,ao
iy,iy
ix,ix
l,l
dh,v
th,tcl
iy,iy
s,s
gcl,kcl
z,z
n,n
ih,ih
ao,w
tcl,tcl
aa,aa
dh,tcl
eh,ae
tcl,tcl
ih,ih
k,k
k,k
axr,axr
ey,ey
ey,ey
el,el
v,n
bcl,bcl
axr,axr
ih,ix
s,s
iy,iy
aw,ae
ow,l
gcl,gcl
l,l
s,s
q,q
b,dh
m,m
r,r
hv,hv
iy,iy
axr,er
ay,ay
p,p
w,w
r,r
w,w
s,s
ey,ey
f,f
iy,iy
hh,hv
iy,ey
ae,ae
r,r
k,k
iy,iy
r,r
ix,q
ch,ch
n,n
ux,ux
dx,jh
k,k
tcl,tcl
tcl,dcl
ay,ay
eh,ae
nx,n
ae,ae
ae,ae
ao,ao
f,f
aw,aw
iy,ih
ih,ix
sh,sh
dh,v
r,r
kcl,kcl
ah,ix
y,y
ix,ix
ih,ix
q,q
ih,ix
kcl,tcl
ih,ix
sh,sh
kcl,kcl
n,n
iy,iy
ay,ay
k,k
jh,jh
dcl,dcl
f,f
ax,ax
oy,oy
s,s
k,k
iy,iy
l,l
ix,ix
n,m
z,z
dcl,dcl
ey,ey
tcl,tcl
iy,iy
n,n
t,t
bcl,bcl
hh,hh
t,t
f,f
v,m
ow,ow
ih,ih
w,w
axr,axr
v,dh
en,ng
dh,dh
n,n
n,m
bcl,v
uw,uw
ey,ay
r,r
w,w
t,t
ux,ux
ix,ix
ih,ih
ao,ao
ao,ao
bcl,bcl
r,axr
eh,ix
kcl,kcl
iy,ih
z,z
ae,ae
ay,ay
l,l
ih,eh
ay,ay
z,z
ch,ch
tcl,gcl
ax,nx
f,f
dcl,dcl
ix,ix
tcl,pcl
ih,eh
n,n
ow,ow
tcl,tcl
tcl,tcl
aw,aw
dh,dh
l,l
ix,y
gcl,gcl
ay,ay
uw,uw
m,m
eng,en
m,m
f,f
aa,aa
pcl,tcl
p,p
dx,dx
q,q
r,r
el,el
n,n
t,t
s,s
s,s
k,k
ix,iy
w,w
ae,ae
tcl,q
em,w
r,r
ay,ay
m,m
sh,sh
ah,ah
aa,aa
dh,v
t,t
r,y
gcl,gcl
l,l
tcl,tcl
kcl,kcl
k,k
s,s
l,l
dh,m
s,s
m,m
ix,iy
w,w
d,d
ay,ay
n,gcl
s,z
ae,ih
l,w
ix,ix
z,s
sh,sh
ix,ix
s,s
en,m
t,dh
ae,ae
l,l
n,ix
q,q
w,m
ix,y
er,axr
r,r
t,t
l,l
ix,ix
ao,uw
n,n
l,l
t,d
v,v
ix,ix
ix,ix
uw,uw
z,s
tcl,tcl
ax,n
kcl,kcl
t,t
n,n
r,r
dcl,dcl
kcl,pcl
s,s
ih,ih
k,k
q,q
l,l
z,s
en,ng
iy,iy
ax,n
kcl,pcl
ao,ao
iy,iy
hv,hv
q,en
ax,ax
r,r
ah,ah
kcl,tcl
z,z
ao,el
f,f
ae,ae
w,w
v,v
tcl,tcl
bcl,bcl
pcl,pcl
ih,ix
ah,ah
iy,iy
kcl,tcl
k,k
k,k
bcl,bcl
kcl,kcl
m,m
tcl,dcl
tcl,pcl
kcl,pcl
ix,axr
l,l
k,k
ae,ae
ih,ih
l,l
eh,eh
kcl,tcl
jh,jh
iy,iy
eh,eh
s,s
n,n
tcl,tcl
n,n
f,f
iy,iy
k,k
tcl,pcl
m,m
ay,ae
oy,oy
ih,ix
n,n
k,k
ae,ae
p,p
nx,l
ix,m
kcl,kcl
axr,axr
ae,ae
s,s
tcl,pcl
n,n
n,n
dcl,bcl
hv,hv
iy,iy
eh,eh
sh,sh
f,f
k,k
y,y
aw,ae
ae,ae
ih,ix
iy,iy
gcl,gcl
z,z
ih,l
eh,ix
r,r
f,f
ng,n
ih,eh
ng,m
el,el
r,r
s,s
m,m
dcl,tcl
ao,ao
iy,iy
ih,ux
ax,ax
gcl,gcl
pcl,pcl
iy,ix
gcl,gcl
aw,aw
aa,aa
axr,axr
ae,ae
dh,dh
iy,iy
q,q
b,dh
d,n
ax,ix
n,n
s,s
t,t
gcl,gcl
en,en
ix,ix
ix,m
ao,ao
r,r
iy,iy
dcl,dcl
y,y
eh,eh
t,t
dcl,dcl
ey,ey
eh,l
w,w
t,t
z,z
iy,iy
ax,ax
p,p
w,w
ch,sh
eh,ax
w,w
ow,ow
t,t
m,m
ix,ix
f,f
r,r
ix,ix
jh,jh
ix,r
f,f
hv,hv
gcl,gcl
ae,ae
ch,ch
s,s
ao,ao
ix,ih
g,g
r,r
s,s
t,t
th,th
ih,ih
ao,el
n,n
eh,r
s,s
ae,ae
iy,iy
gcl,gcl
ao,ao
n,dcl
f,f
p,m
dcl,dcl
iy,iy
l,l
s,s
ae,ae
r,m
r,r
r,r
bcl,pcl
ih,ix
r,r
kcl,dcl
b,dh
ix,iy
g,g
ax,l
dcl,dcl
ih,ih
n,ng
kcl,tcl
hv,hv
eh,ah
ax,ix
q,q
s,z
s,s
s,s
z,s
r,r
d,t
er,er
kcl,kcl
tcl,tcl
ux,ux
k,k
g,g
sh,ch
t,t
el,el
tcl,tcl
s,s
ay,ay
p,p
m,m
iy,iy
s,s
tcl,tcl
k,k
n,n
l,l
s,s
s,s
z,z
ih,ix
ix,ix
ay,ay
gcl,dcl
r,r
kcl,kcl
g,g
kcl,tcl
axr,axr
tcl,pcl
q,q
ey,ey
er,axr
ao,ao
ix,ix
z,z
q,q
aw,aw
ay,ay
p,p
w,w
q,q
p,p
s,s
r,axr
dcl,n
q,q
l,l
s,s
f,f
ow,l
ey,iy
n,n
aa,aa
gcl,gcl
iy,iy
n,n
ux,ux
ng,ng
s,s
n,n
w,w
ix,ix
r,r
gcl,tcl
dcl,gcl
ae,ae
ix,ix
tcl,kcl
iy,iy
aa,aa
l,w
dcl,v
ix,r
ix,ix
ih,ix
n,n
hv,hv
r,r
ux,ux
n,n
iy,iy
g,g
axr,ux
ow,ow
ay,ay
ax,ix
q,q
ux,ux
r,r
dcl,bcl
r,er
ae,ae
q,q
n,n
q,q
dx,dx
ao,el
n,n
ax,em
s,s
dh,dh
ah,ah
iy,iy
k,k
z,s
s,s
iy,ix
eh,eh
ow,ow
l,l
q,n
s,s
pcl,pcl
ax,r
dcl,dcl
ix,ix
ix,ix
tcl,pcl
ae,ae
pcl,pcl
iy,iy
s,s
bcl,gcl
q,q
aa,ao
f,f
ay,ay
aa,ao
sh,sh
r,r
m,n
axr,axr
ax,ix
tcl,tcl
s,s
eh,eh
s,s
aa,aa
r,r
ax,ax
k,k
v,v
nx,nx
pcl,pcl
s,s
ax,ix
ae,ae
n,m
tcl,tcl
ae,ae
eh,eh
r,r
q,q
ix,ix
ao,el
ao,aa
ae,ae
m,m
v,v
dx,q
nx,n
r,r
p,b
q,q
uw,ux
p,p
k,k
tcl,tcl
n,m
pcl,tcl
p,p
y,y
ih,ih
pcl,bcl
ax,ax
v,v
tcl,pcl
jh,jh
ax,ax
tcl,kcl
m,m
ix,ix
ix,ix
kcl,pcl
w,w
ax,el
k,kcl
er,er
eh,eh
r,r
m,m
sh,s
kcl,kcl
er,er
ix,ix
hh,hv
w,w
en,m
ah,ah
g,g
n,n
iy,iy
gcl,kcl
l,l
z,s
r,r
ix,ix
gcl,gcl
n,n
kcl,tcl
ey,iy
aw,aw
ix,ix
w,w
z,z
s,s
m,m
r,r
eh,eh
ae,ae
eh,eh
ae,ae
el,el
z,z
ih,ix
q,q
eh,eh
v,n
tcl,tcl
pcl,pcl
v,v
pcl,tcl
q,q
s,s
ih,eh
m,m
ng,m
q,q
iy,iy
q,q
en,n
tcl,tcl
r,r
nx,dh
kcl,kcl
kcl,kcl
k,k
ix,ih
dcl,dcl
y,y
iy,iy
k,k
aa,ay
hh,hh
m,m
dcl,dcl
eh,ih
tcl,tcl
pcl,tcl
n,ng
ae,ae
ow,ow
eh,eh
ax,l
aa,aa
ix,ix
tcl,tcl
dcl,tcl
dh,dh
t,t
bcl,dcl
n,n
ae,ae
eh,eh
t,t
ah,ah
ix,ix
ih,ih
ah,ow
iy,iy
r,r
bcl,pcl
f,f
tcl,pcl
k,g
kcl,tcl
g,g
bcl,gcl
kcl,tcl
hv,hv
ao,ao
ey,ey
eh,ix
z,z
tcl,tcl
p,f
m,m
uh,ax
v,v
v,v
aa,ah
q,q
n,m
dcl,dcl
ih,ih
ux,ux
tcl,bcl
ix,n
ae,ae
q,q
s,s
ey,ey
tcl,pcl
axr,axr
z,s
ix,ih
dcl,dcl
kcl,tcl
dh,dh
dcl,dcl
en,n
ix,m
kcl,kcl
er,er
iy,iy
n,dcl
dx,dx
n,n
ih,ix
ay,ay
ae,ae
ae,ae
ix,ax
ao,ao
ao,ao
tcl,tcl
sh,sh
r,r
r,r
n,m
iy,iy
v,v
ix,iy
axr,axr
kcl,kcl
dcl,dcl
y,y
ux,ux
ow,el
m,m
er,r
ow,ow
ow,l
l,l
l,l
sh,sh
r,ix
er,er
dcl,dcl
aa,aa
pcl,tcl
s,s
ow,ow
axr,axr
ow,ow
n,n
gcl,gcl
aa,ao
ix,ix
axr,axr
dh,dh
ao,w
oy,oy
ih,ix
dx,dx
s,s
w,l
ah,ix
n,n
dcl,dcl
ux,uw
pcl,tcl
eh,ix
m,m
hh,hh
ix,ix
n,n
sh,sh
l,l
aa,aa
ao,ao
hv,hv
ae,ae
oy,oy
kcl,kcl
ux,ux
eh,ix
dx,dx
el,el
r,r
r,r
t,t
axr,er
p,p
sh,sh
ae,eh
z,z
g,en
eh,eh
f,f
pcl,pcl
dcl,dcl
ay,ay
z,z
ay,ay
iy,iy
ax,tcl
r,r
iy,ix
iy,iy
y,y
n,n
hv,hv
tcl,tcl
ih,ix
n,n
dh,dh
nx,n
ix,ih
pcl,pcl
dcl,tcl
t,t
s,z
w,w
ao,l
dx,dx
dcl,dcl
dx,tcl
w,ah
q,q
sh,sh
kcl,kcl
f,f
hv,hv
n,n
tcl,tcl
iy,ix
k,g
ey,ay
ax,ax
y,y
ey,ey
n,m
l,el
iy,iy
ay,ay
f,f
ix,en
ey,ey
ix,ah
ae,aa
ao,ao
r,r
oy,oy
ao,l
r,r
axr,axr
y,y
kcl,tcl
ix,ay
ah,ax
y,ng
ao,ao
d,tcl
nx,n
f,s
aa,aa
axr,axr
ao,ao
r,r
sh,s
ey,ey
k,k
m,m
iy,ix
l,l
q,q
ix,ix
oy,oy
d,tcl
dcl,dcl
k,k
axr,axr
w,w
ae,ae
m,m
l,l
ao,ao
hv,ng
w,w
k,k
dx,dx
th,th
n,n
f,v
er,er
bcl,bcl
axr,axr
l,l
gcl,gcl
ey,ey
axr,axr
r,r
w,w
ix,ix
r,r
hh,hv
jh,jh
ux,ux
sh,sh
eh,eh
ix,hv
ae,ae
m,m
l,m
ix,ix
tcl,tcl
kcl,tcl
ih,ih
r,r
n,n
l,l
ih,ih
kcl,tcl
pcl,pcl
t,t
tcl,tcl
aa,ao
aa,aa
n,m
iy,iy
kcl,kcl
ae,eh
dx,dcl
v,v
m,m
ax,ax
aw,aw
g,g
tcl,dcl
ao,ao
dcl,dcl
eh,eh
kcl,kcl
dcl,dcl
aa,n
eh,eh
ix,ix
s,s
t,t
l,l
w,w
ay,ay
uh,uh
f,f
f,f
axr,axr
n,n
oy,oy
ah,ah
kcl,tcl
dcl,dcl
ih,y
aa,aa
ux,ux
kcl,kcl
jh,sh
ux,ux
ix,ix
ax,ax
pcl,tcl
k,k
ey,ey
ow,ow
ah,ah
dcl,gcl
ih,ix
tcl,tcl
iy,l
t,dh
s,s
oy,oy
ey,ey
kcl,kcl
oy,oy
ax,ax
aa,ao
dx,dx
axr,axr
z,z
f,f
ao,ao
t,t
s,s
ax,r
q,q
ax,ax
axr,axr
ow,ow
aa,ao
tcl,pcl
axr,q
z,z
ae,ae
g,hh
dcl,dx
axr,axr
er,axr
dx,dx
ah,eh
eh,ix
ix,ix
ix,q
aa,ao
eh,eh
s,s
gcl,gcl
dx,dx
l,l
f,pcl
w,w
l,l
s,s
ae,ae
ax,ax
aa,ay
ao,el
z,s
pcl,pcl
z,s
n,n
iy,iy
tcl,bcl
ax,l
r,r
ix,q
kcl,kcl
s,s
dcl,gcl
t,t
eh,eh
eh,axr
p,p
ih,ux
ow,ow
tcl,kcl
pcl,pcl
m,m
tcl,d
y,y
tcl,tcl
dx,n
s,s
ah,ah
l,l
r,r
t,jh
gcl,gcl
sh,sh
z,z
ix,ix
tcl,tcl
iy,iy
dcl,dcl
ey,ih
k,k
ix,ix
ng,ng
dh,dh
ae,ae
aa,ah
f,f
ix,y
s,s
tcl,tcl
sh,sh
oy,oy
n,n
r,r
tcl,tcl
s,s
v,hv
l,l
dh,th
er,er
r,r
hv,hv
r,r
l,l
gcl,gcl
aa,aa
bcl,dcl
r,r
n,n
axr,ix
ao,r
t,t
ix,ix
m,m
ah,ah
ih,ax
z,z
tcl,tcl
r,r
n,n
m,n
ow,el
axr,axr
n,n
eh,eh
n,n
eh,eh
tcl,tcl
r,r
el,el
q,q
ax,ax
aa,ao
kcl,kcl
ae,ae
ah,ah
l,l
dh,dh
dcl,dcl
ah,ah
iy,iy
k,k
z,z
eh,eh
er,axr
iy,iy
n,n
ch,jh
sh,sh
dx,hh
dx,dx
dcl,gcl
v,v
k,g
pcl,tcl
m,m
eh,ix
m,m
s,s
kcl,kcl
dcl,dcl
ae,ae
f,v
k,g
n,n
v,v
n,n
f,f
pcl,bcl
ah,ax
r,axr
t,dh
ah,eh
ux,ix
er,axr
n,m
ah,ix
ih,er
hh,tcl
d,t
eh,eh
r,r
uw,ux
r,r
pcl,pcl
ah,ah
d,d
v,v
r,r
ae,ae
dcl,dcl
jh,jh
r,r
ux,ux
sh,sh
ix,ng
pcl,pcl
ix,ah
dx,dx
ix,ix
t,t
tcl,pcl
y,y
ay,ay
dcl,tcl
pcl,pcl
eh,ow
sh,sh
ix,ih
ae,ae
g,g
sh,sh
ix,ix
n,n
kcl,kcl
tcl,bcl
p,p
n,m
el,el
dcl,dcl
iy,iy
uh,uh
ix,ix
v,v
r,r
n,n
ow,ow
f,f
ow,ow
iy,iy
sh,sh
r,r
dh,n
p,b
m,m
k,k
k,k
ae,ae
kcl,kcl
ax,ax
dcl,dcl
n,n
ay,ay
tcl,tcl
k,k
bcl,dcl
k,k
iy,iy
iy,iy
eh,eh
eh,eh
z,z
axr,er
q,q
pcl,pcl
ih,ih
s,k
dcl,dcl
ix,ix
hh,tcl
kcl,kcl
m,m
aw,aw
m,m
z,s
bcl,bcl
ix,ix
ae,ae
ae,ae
s,s
s,s
q,q
k,k
dcl,pcl
ch,jh
ae,ae
ay,ay
tcl,tcl
s,z
dx,dx
m,m
ix,ix
r,m
q,q
k,k
gcl,gcl
ay,ay
n,n
ao,aa
iy,iy
v,v
r,r
l,l
dh,dh
eh,eh
axr,r
ae,ae
en,en
ay,ay
oy,oy
ng,gcl
dcl,dcl
ix,ix
ey,ey
q,q
ux,ux
ng,n
g,g
hv,hv
k,p
dcl,dcl
d,jh
s,s
iy,iy
eh,ih
l,l
z,z
axr,axr
ix,axr
z,z
s,z
l,l
n,n
ah,ah
axr,n
ix,ix
v,v
iy,iy
pcl,pcl
iy,iy
bcl,tcl
aa,ao
r,r
ax,ax
d,d
bcl,v
ae,ae
tcl,tcl
ih,ih
z,z
ay,ay
kcl,kcl
ix,ix
n,m
t,t
p,p
aa,aa
q,q
w,w
iy,iy
iy,iy
ax,ix
q,n
v,n
iy,iy
k,g
dcl,n
m,m
l,l
ix,ix
ax,ax
eh,r
l,l
sh,sh
ae,ae
q,q
ix,ix
pcl,bcl
kcl,tcl
ao,ao
dcl,dcl
ux,y
ao,w
r,r
ih,y
el,l
tcl,tcl
bcl,bcl
sh,sh
z,z
tcl,pcl
er,axr
ix,ix
iy,iy
r,r
ax,ax
tcl,tcl
t,t
ae,ae
ux,ih
n,n
dcl,tcl
r,r
ax,l
b,k
s,s
s,s
w,w
dh,dh
ix,ix
ng,ng
ay,aw
ey,ey
t,t
iy,iy
m,n
aa,aa
aa,ay
iy,iy
d,t
ix,ix
ow,ow
s,s
tcl,kcl
ix,ix
m,m
kcl,kcl
n,ng
ow,ow
r,r
ao,l
kcl,kcl
s,s
ix,ix
eh,eh
pcl,pcl
eh,eh
m,m
k,k
r,r
el,l
kcl,kcl
axr,axr
aa,ao
ch,jh
m,m
dcl,tcl
k,k
pcl,tcl
ih,ih
t,t
ih,ih
iy,iy
dcl,tcl
n,n
w,w
iy,iy
tcl,tcl
dcl,tcl
dcl,bcl
d,t
k,k
hv,hv
ih,ih
axr,axr
ix,ix
q,q
ng,ng
z,z
ih,ix
q,q
ax,ax
bcl,bcl
r,r
n,n
er,er
tcl,tcl
z,z
dcl,dcl
r,r
dcl,dcl
aa,aa
s,s
pcl,pcl
hv,hv
uh,uh
m,n
kcl,kcl
oy,oy
ae,ae
th,th
z,z
kcl,kcl
hv,hv
l,l
r,r
dcl,dcl
m,m
ae,ae
y,y
ih,ih
m,m
ax,el
kcl,kcl
sh,sh
sh,sh
n,n
s,s
w,w
z,z
ay,ay
eh,ix
l,l
r,r
ey,ey
y,y
ux,er
s,s
f,f
ix,ix
kcl,kcl
ix,ux
ng,ng
k,k
er,axr
t,t
ih,iy
f,f
k,k
ih,ih
r,r
s,z
tcl,tcl
r,r
ey,iy
ix,ix
s,s
ae,ae
er,eh
y,y
aa,aa
ch,s
er,er
axr,r
p,p
q,l
iy,iy
tcl,tcl
bcl,tcl
ix,ix
iy,iy
r,r
t,t
k,k
bcl,dcl
m,m
g,g
eh,eh
th,th
r,r
tcl,kcl
uw,ux
t,t
ay,ay
r,r
w,w
uh,uh
w,w
z,s
k,k
sh,sh
iy,iy
kcl,pcl
q,gcl
s,s
l,r
pcl,bcl
iy,iy
n,m
ax,ax
ix,ix
s,s
k,k
axr,axr
n,n
ae,eh
ah,ah
ow,l
ae,eh
ax,ax
l,l
r,r
q,q
axr,axr
r,r
iy,iy
axr,axr
ay,ay
ih,ih
z,s
p,p
s,s
t,t
ay,ay
hh,hh
y,y
ow,ow
ih,ih
p,p
uw,w
z,z
ix,r
sh,sh
hh,hh
m,m
eh,eh
iy,iy
ey,ey
g,g
eh,eh
z,z
y,y
ix,m
kcl,tcl
ae,ae
ay,aa
w,w
p,p
er,axr
r,r
t,dcl
ih,eh
ao,aa
dcl,dx
l,l
s,s
k,g
z,z
y,y
s,s
v,v
ih,ih
er,er
ae,ae
r,r
ix,ix
kcl,kcl
s,s
dcl,bcl
y,y
v,v
ix,y
iy,ix
dcl,tcl
ax,ah
s,s
p,p
er,er
ah,ah
pcl,pcl
ax,l
ax,ax
iy,iy
pcl,tcl
tcl,tcl
ae,eh
ih,ix
ey,ey
tcl,tcl
l,l
r,r
pcl,tcl
s,s
pcl,tcl
kcl,pcl
ix,ix
ch,jh
ae,ae
eh,ix
tcl,bcl
t,d
f,f
t,t
eh,eh
ix,ix
z,s
q,q
kcl,kcl
s,s
tcl,tcl
z,z
p,p
s,z
ih,ih
g,g
dcl,tcl
r,r
bcl,bcl
iy,iy
ay,ay
z,s
r,r
r,r
ix,ih
n,n
s,s
en,en
s,s
z,z
s,s
q,q
oy,oy
ax,ix
m,m
ax,l
l,l
kcl,kcl
k,k
dh,dh
n,n
kcl,kcl
kcl,kcl
d,d
ae,ae
s,s
el,uw
t,t
ix,ix
ey,ey
pcl,tcl
s,s
ax,ah
w,ao
s,s
ix,ix
hh,hh
n,m
dx,tcl
q,tcl
q,iy
ix,ix
b,hh
t,t
ah,ah
jh,sh
z,z
axr,axr
eh,eh
ow,ow
g,g
oy,oy
ix,ix
er,er
kcl,kcl
dcl,v
m,m
g,g
bcl,bcl
axr,iy
iy,iy
w,w
hh,v
g,g
m,m
n,n
ay,ay
r,r
ow,ow
ax,l
w,w
er,er
r,r
gcl,gcl
t,t
iy,iy
sh,sh
t,g
r,r
z,z
l,l
aa,axr
aa,ao
r,r
n,n
kcl,tcl
t,t
dcl,dcl
l,l
tcl,pcl
bcl,pcl
jh,jh
ao,ao
ih,ix
er,er
ae,ae
r,r
ah,ah
s,sh
s,s
kcl,gcl
p,p
k,k
t,d
kcl,tcl
ax,ah
q,q
f,f
ah,ah
hh,hh
n,n
aa,ae
bcl,gcl
r,r
ow,ow
tcl,tcl
zh,zh
ax,l
ae,ae
er,er
ax,l
ay,ay
ax,ax
d,t
ey,ey
axr,axr
n,n
ao,ao
eh,ah
ao,ao
r,r
k,t
n,n
q,q
l,el
axr,r
l,l
q,q
ao,ao
ih,ih
kcl,tcl
ah,ah
ay,ay
tcl,tcl
l,l
eh,ix
ch,jh
l,l
ow,ao
gcl,bcl
y,y
q,q
ix,ix
ay,ay
r,r
t,jh
ih,ih
ah,ah
q,q
q,q
v,hv
tcl,tcl
bcl,bcl
ay,ay
w,w
w,w
z,z
iy,iy
ix,ix
n,n
s,s
w,w
ix,ux
er,er
v,v
s,s
pcl,tcl
bcl,n
gcl,tcl
iy,iy
kcl,kcl
r,r
sh,sh
r,r
ix,ix
ux,ux
dh,dh
axr,axr
k,k
w,w
iy,iy
tcl,tcl
axr,r
iy,iy
p,hh
gcl,gcl
ae,ae
ix,ix
r,r
eh,eh
ng,ng
ax,el
n,tcl
el,el
ng,ng
ih,ih
q,q
ih,ih
dcl,dcl
t,t
p,p
eh,eh
er,er
ae,ae
q,q
n,ng
iy,iy
ey,ey
uh,ax
ey,ey
pcl,pcl
ih,ix
pcl,pcl
iy,iy
g,g
k,k
w,w
eh,ae
l,l
v,v
n,n
ao,ao
ix,ix
s,f
r,r
en,m
iy,iy
k,k
tcl,tcl
eng,n
z,z
kcl,kcl
iy,iy
s,s
ih,eh
eh,eh
dh,dh
gcl,k
ih,ih
iy,ix
r,r
kcl,kcl
w,w
hh,hh
s,s
l,ix
m,n
hv,hv
ix,ix
r,r
ow,ow
p,p
ax,ax
eh,eh
p,p
dx,dx
ao,ao
ow,uw
aw,ae
z,z
ay,ay
pcl,tcl
en,en
m,m
er,er
ih,ix
d,t
aa,ah
p,p
ax,l
k,k
ix,ix
t,t
ae,ae
er,axr
w,w
ih,ix
ah,ah
dx,dx
ae,ae
iy,ix
f,f
k,k
y,y
p,p
tcl,dcl
dcl,n
t,b
iy,iy
aa,aa
ih,ih
gcl,dcl
ng,n
kcl,kcl
n,n
dcl,v
pcl,pcl
gcl,dcl
dcl,bcl
q,q
n,n
m,m
pcl,gcl
ey,ey
ao,ao
gcl,gcl
oy,ay
kcl,kcl
t,k
dcl,dcl
ao,ao
ao,aa
n,n
q,q
s,s
uh,ax
bcl,bcl
iy,iy
s,s
ix,ix
r,r
eh,ih
ey,ey
s,s
kcl,kcl
ih,eh
ix,ix
gcl,gcl
nx,n
zh,sh
f,f
dh,dh
d,m
ux,r
t,d
r,r
dh,dh
pcl,kcl
tcl,tcl
iy,iy
n,n
iy,ix
dcl,tcl
s,z
eh,ix
v,v
aa,ah
ix,iy
n,n
axr,ix
l,l
s,s
n,n
iy,iy
ix,ix
t,d
ah,ax
ix,n
s,s
oy,oy
gcl,gcl
ow,el
l,l
n,n
dcl,dcl
em,m
iy,iy
dx,dx
ux,iy
er,axr
iy,iy
l,r
r,axr
ih,ih
t,t
ih,eh
sh,sh
axr,axr
en,en
l,l
dcl,dcl
dcl,dcl
kcl,kcl
z,z
r,r
ao,ao
l,l
dh,dh
ng,m
iy,iy
hh,hh
pcl,tcl
iy,ey
g,k
iy,iy
t,t
n,n
iy,iy
ah,ah
n,tcl
eh,ae
axr,axr
q,q
k,k
ix,ax
jh,jh
iy,iy
axr,axr
n,n
iy,ix
tcl,hh
k,k
s,s
aw,aw
kcl,kcl
sh,sh
r,axr
eh,ah
ao,ao
n,dcl
tcl,pcl
m,v
bcl,tcl
ih,ih
dx,dx
er,er
er,aa
ih,ix
iy,iy
kcl,gcl
t,t
s,s
l,w
l,l
m,m
ow,ow
r,r
l,l
axr,er
dx,dcl
t,t
ay,ay
m,m
z,z
gcl,m
q,q
iy,iy
k,k
axr,axr
ey,ey
r,r
ae,ae
er,er
en,m
v,v
ae,ae
dcl,tcl
s,s
aa,aa
er,axr
ax,ax
kcl,pcl
m,m
dh,th
dcl,dx
t,t
v,v
k,k
ix,ix
ey,ey
m,m
p,g
dcl,gcl
ix,ix
s,s
pcl,pcl
r,r
hv,hv
axr,r
r,r
p,p
r,r
ah,ah
oy,w
ey,ey
ix,ix
l,l
ng,gcl
aa,aa
r,r
tcl,tcl
el,el
f,v
k,k
bcl,bcl
aa,ao
iy,iy
eh,eh
l,l
dcl,bcl
tcl,pcl
nx,n
z,z
g,g
gcl,gcl
iy,iy
ao,ao
s,s
p,hh
r,aa
n,n
m,m
aa,ah
t,t
v,v
ix,ix
eh,ay
sh,sh
n,n
dcl,tcl
l,l
en,en
ae,ae
n,k
ay,aa
ao,ao
iy,iy
dcl,tcl
ow,l
ae,ae
ay,ay
iy,iy
n,en
r,r
dx,dx
y,y
n,n
m,m
ao,ao
er,er
m,m
l,l
ow,ow
m,m
ao,ao
bcl,gcl
pcl,gcl
f,f
iy,iy
g,g
ae,ae
dcl,dcl
k,k
z,z
iy,iy
kcl,tcl
jh,hh
ux,ix
q,q
s,s
w,w
ix,ix
l,el
kcl,tcl
w,l
aa,aa
q,q
q,q
eh,eh
ix,ix
r,r
axr,axr
d,dh
r,r
ax,ax
ey,ey
ng,dcl
k,k
aa,aa
r,r
q,l
kcl,kcl
ix,ix
kcl,pcl
r,r
k,k
r,r
w,w
ae,ae
ng,ng
k,k
ux,ix
k,k
n,ng
ix,ix
ow,ow
kcl,kcl
ey,ey
dcl,gcl
f,f
z,z
sh,sh
t,t
k,k
r,r
s,s
ax,ah
dcl,tcl
l,l
dcl,dcl
z,z
n,m
aa,aa
z,z
pcl,pcl
n,n
ah,ah
pcl,tcl
n,m
m,m
eh,eh
iy,iy
ey,ey
r,r
gcl,gcl
n,n
z,s
n,n
gcl,dcl
f,f
ax,ax
ix,ix
z,s
pcl,tcl
ow,ow
ae,ae
z,z
ax,ax
m,m
ae,ae
r,r
n,n
axr,axr
pcl,tcl
axr,r
el,el
hv,hv
kcl,gcl
f,f
l,el
oy,oy
r,r
q,q
t,t
v,v
m,m
ix,ix
m,m
iy,iy
q,q
f,th
v,v
z,s
bcl,gcl
ow,ao
t,d
en,n
n,ng
er,r
axr,axr
f,f
m,dcl
b,p
z,z
s,s
ao,ao
t,t
ih,ih
er,axr
w,w
eh,eh
ih,ih
bcl,bcl
ix,ix
eh,eh
pcl,pcl
r,axr
s,s
m,m
p,p
l,n
ae,ae
pcl,tcl
l,l
bcl,bcl
ix,ix
ae,ae
gcl,tcl
l,l
k,k
w,w
dcl,dcl
dh,m
ow,l
n,n
ix,ix
iy,ix
t,t
dh,th
ch,jh
ix,eh
f,f
iy,iy
z,z
iy,iy
s,s
k,k
k,k
m,m
t,t
iy,iy
kcl,bcl
kcl,pcl
ah,ah
v,v
dx,bcl
aa,aa
tcl,kcl
jh,ch
d,tcl
l,l
ih,ix
q,q
pcl,pcl
m,m
ah,ax
r,r
n,n
dx,dx
uh,el
iy,iy
k,k
ow,ow
k,kcl
aa,aa
ao,ao
z,z
ey,iy
ih,en
l,l
ax-h,hh
th,th
kcl,kcl
kcl,tcl
eh,eh
r,r
tcl,dcl
t,t
ih,ix
s,s
q,q
w,w
dcl,dcl
m,m
n,n
v,v
ix,axr
hh,hh
m,m
dx,dx
iy,iy
iy,y
dx,dx
ix,ix
kcl,kcl
k,k
k,k
tcl,tcl
iy,y
ah,ah
y,y
ey,ey
q,q
dcl,tcl
ix,ix
ax,ix
axr,axr
ix,ix
z,z
z,z
l,l
uw,ux
gcl,gcl
l,l
l,l
ao,ao
s,s
hv,hv
dh,dh
ow,axr
m,m
ux,ux
ix,ax
w,w
ay,ay
t,t
iy,iy
ow,ah
tcl,tcl
s,s
p,p
ux,ux
hh,hh
q,q
m,m
dcl,dcl
bcl,bcl
n,n
k,g
ux,er
ih,ix
ih,eh
el,el
kcl,tcl
m,m
axr,axr
z,z
th,dh
gcl,gcl
r,r
t,t
pcl,tcl
v,v
gcl,gcl
aa,ah
ix,ix
ax,ax
q,q
iy,iy
th,th
k,kcl
l,ow
iy,iy
ax,w
n,n
s,s
v,v
bcl,bcl
t,t
ix,m
ix,ix
ix,ix
m,m
ax,ix
ih,ih
iy,iy
tcl,n
n,n
kcl,tcl
dh,dh
aa,ao
r,r
k,g
ah,ah
ix,ix
iy,ey
s,s
l,l
axr,axr
hv,hv
axr,r
ay,ay
s,s
eh,ix
ih,ix
n,n
bcl,bcl
eh,eh
dcl,tcl
v,gcl
p,p
dh,dh
kcl,kcl
ae,ae
el,el
iy,iy
hh,hh
ax,ax
aa,aa
s,s
dh,dh
kcl,kcl
s,s
aw,aw
r,r
tcl,tcl
r,r
tcl,tcl
r,r
nx,n
m,m
ay,ay
ay,ay
ah,ae
m,m
aa,aa
n,n
n,ng
ax,ax
kcl,kcl
ey,ey
q,ae
ah,ah
tcl,tcl
w,w
p,p
r,r
hh,hh
axr,axr
ae,ae
aa,aa
ux,ux
pcl,kcl
aa,aa
s,s
y,y
ih,ix
dcl,dcl
pcl,pcl
s,s
kcl,kcl
hh,hh
tcl,pcl
ay,ay
l,l
m,m
tcl,tcl
ih,ix
l,l
m,m
nx,n
l,l
r,r
p,p
en,n
k,k
w,w
y,y
ae,ae
iy,iy
dx,dcl
jh,jh
nx,bcl
ah,ah
m,n
s,s
n,gcl
ao,ao
l,l
l,l
pcl,tcl
dcl,gcl
hh,hh
ah,ao
dh,dh
aa,aa
p,f
kcl,kcl
iy,iy
f,f
ax,ng
r,r
axr,er
k,k
axr,ax
kcl,kcl
t,t
kcl,tcl
ow,el
dh,n
s,s
bcl,bcl
r,r
ao,ao
iy,ux
er,er
ao,ao
gcl,dcl
v,v
s,s
tcl,kcl
p,p
ux,ux
n,n
ah,r
ay,ay
q,q
t,t
eh,eh
nx,n
z,z
ah,ah
sh,sh
gcl,gcl
uh,ix
ux,ux
kcl,kcl
q,q
ah,ae
n,n
k,k
ix,em
ao,ao
ix,ux
kcl,tcl
n,m
gcl,dcl
d,d
oy,oy
s,s
z,z
ih,eh
q,q
ax,n
tcl,tcl
r,r
ey,ey
n,m
ng,n
ih,ix
axr,axr
r,r
ah,ae
gcl,gcl
t,t
f,f
ax,l
ix,ix
er,axr
ey,ey
d,t
r,r
iy,iy
l,l
iy,iy
tcl,tcl
p,p
axr,ix
l,l
ay,ae
f,f
ix,ix
y,y
ih,ih
hv,hv
ix,ax
bcl,dcl
z,z
w,w
ch,jh
ao,ao
ay,ay
ax,w
l,l
ao,aa
bcl,dcl
r,r
hh,hh
s,s
z,z
r,r
ix,ix
ax,ah
eh,eh
tcl,tcl
l,l
iy,iy
q,q
kcl,kcl
ix,ix
v,n
tcl,tcl
aa,ao
l,n
ix,ix
n,n
ih,ih
n,n
ih,ih
pcl,tcl
ah,l
axr,r
ix,l
y,y
n,n
l,l
eh,eh
s,s
bcl,tcl
ao,ao
ey,ey
aa,aa
aa,aa
f,f
bcl,bcl
n,dcl
eh,eh
kcl,kcl
ih,ey
g,g
eh,eh
eh,eh
ah,ah
l,l
ao,ao
s,s
n,n
ow,ow
gcl,gcl
l,l
q,q
jh,jh
ah,ax
iy,iy
ax,ix
aa,ae
z,z
r,r
pcl,tcl
er,er
w,q
l,l
q,q
ae,ae
ay,ay
n,n
ih,ih
ax,ix
dh,dh
s,s
t,t
axr,axr
y,y
r,r
ay,ay
k,k
r,r
tcl,dcl
n,n
tcl,kcl
axr,m
bcl,bcl
z,z
t,t
s,s
w,w
pcl,tcl
aa,aa
ow,ow
y,v
s,s
axr,axr
tcl,tcl
er,er
n,n
eh,ae
k,k
sh,ch
kcl,tcl
ix,ix
w,m
dx,l
t,d
f,f
axr,ix
tcl,tcl
r,r
l,l
ih,ih
nx,m
aw,aw
iy,iy
ae,ae
axr,er
n,n
hv,hv
ao,el
w,w
q,q
s,s
l,l
y,y
k,k
m,m
jh,jh
ix,ix
ah,ah
l,l
s,s
axr,r
oy,oy
ix,l
z,z
bcl,pcl
t,t
s,s
s,z
aw,aw
eh,ah
iy,iy
ah,ah
k,k
p,b
ih,iy
ow,ow
tcl,tcl
n,n
eh,ix
ey,ey
ix,ix
tcl,pcl
er,er
ix,ng
p,p
dh,dh
r,r
axr,axr
k,k
iy,y
ah,ah
n,n
ay,ey
r,r
n,n
s,s
p,p
dh,dh
s,s
r,w
ao,ao
q,q
n,n
ae,ae
ay,ow
tcl,tcl
bcl,bcl
l,l
ux,ux
ah,l
r,r
oy,oy
dh,dh
ow,ow
r,v
ey,iy
bcl,bcl
eh,eh
ao,ao
tcl,tcl
z,z
ah,ah
iy,iy
tcl,tcl
ix,ix
r,gcl
gcl,gcl
dcl,dcl
axr,axr
ix,ix
ux,ih
ah,ah
ih,ih
m,m
p,hh
y,y
tcl,tcl
tcl,kcl
n,n
n,n
w,w
s,s
hv,hv
n,l
dcl,dcl
ay,ay
aw,aw
ey,iy
l,l
w,w
ay,ay
dcl,dcl
ae,ae
ow,ow
w,m
ih,ix
ao,ao
ix,ix
n,n
m,m
m,m
s,s
q,l
z,s
l,l
kcl,kcl
ao,ao
l,l
dcl,dcl
ay,ay
kcl,tcl
sh,sh
aa,aa
ah,eh
ey,ey
ae,ae
z,z
eh,eh
ix,ix
ix,ix
f,v
tcl,tcl
n,n
n,n
b,b
ah,ah
dcl,dcl
el,el
kcl,kcl
sh,sh
tcl,tcl
iy,ix
l,l
k,g
r,axr
tcl,tcl
ix,q
z,z
sh,sh
z,z
ey,ey
iy,y
nx,n
er,er
q,q
l,m
ey,ey
q,ao
n,n
n,m
ih,ih
z,z
ey,ey
ix,r
z,z
z,z
f,f
pcl,tcl
ix,ih
z,z
kcl,tcl
r,r
ax,ax
s,s
s,s
tcl,pcl
ow,ow
nx,nx
ax,r
v,v
w,w
tcl,tcl
sh,sh
z,z
ih,ih
s,s
ax,ax
th,th
gcl,tcl
axr,axr
sh,sh
k,k
iy,iy
eh,eh
ae,ae
r,r
t,t
dcl,dcl
v,v
sh,s
ih,ih
iy,iy
pcl,pcl
tcl,tcl
sh,sh
tcl,tcl
ey,iy
aa,ah
eh,ih
v,v
iy,iy
l,l
s,s
ey,ey
tcl,tcl
t,t
dcl,dcl
uh,ah
axr,axr
eh,eh
er,axr
s,s
dh,dh
f,f
ng,ng
ay,ay
ih,ih
jh,ch
w,w
ih,iy
w,w
iy,y
d,t
l,l
iy,iy
ow,ow
ah,l
pcl,pcl
uh,r
ow,ow
dx,dx
iy,iy
w,w
ay,ay
m,m
dcl,bcl
axr,m
p,hh
pcl,kcl
s,s
z,z
aw,aw
ux,ux
iy,iy
dh,dh
r,aa
r,r
w,w
r,r
tcl,tcl
ow,ao
t,t
el,el
ey,iy
w,w
s,s
s,s
f,f
dcl,n
p,p
pcl,tcl
ix,ix
m,m
l,l
r,r
dcl,tcl
er,axr
v,dcl
m,m
tcl,tcl
iy,ix
ih,ih
tcl,tcl
tcl,tcl
dh,f
ng,ng
n,n
f,f
ao,ao
g,k
t,t
axr,axr
ao,ao
w,w
l,l
pcl,tcl
oy,oy
ng,m
ix,ix
ae,ae
ax,ax
nx,nx
axr,axr
ae,ae
aa,ah
er,axr
el,el
w,w
sh,sh
s,s
sh,sh
r,r
el,el
n,n
ae,ae
r,r
ae,ae
s,s
r,r
ay,ay
aa,aa
l,w
pcl,pcl
iy,iy
ah,ax
b,p
ah,aa
z,z
w,w
ao,ao
nx,n
p,p
ix,ix
tcl,tcl
kcl,kcl
ch,jh
ay,ay
ih,ix
el,l
hv,hh
r,r
n,n
n,n
m,em
l,l
r,r
q,tcl
pcl,tcl
ow,ow
ah,ah
q,q
axr,axr
kcl,kcl
axr,axr
kcl,tcl
tcl,tcl
eh,ix
kcl,tcl
v,dh
iy,iy
t,t
p,p
r,r
p,p
hv,r
axr,er
p,hh
tcl,tcl
ow,el
v,bcl
z,z
aw,aw
aa,ay
ow,ow
aw,aw
ax,ix
en,en
bcl,n
gcl,tcl
k,k
z,z
n,n
axr,axr
l,l
r,w
axr,axr
tcl,kcl
q,q
ow,ow
s,hh
ay,ay
t,g
l,l
s,s
gcl,gcl
tcl,kcl
l,l
pcl,tcl
iy,ix
ix,ix
pcl,pcl
er,er
axr,axr
dcl,tcl
kcl,tcl
ow,ow
r,r
ch,ch
dcl,dcl
gcl,gcl
ux,ux
w,w
ix,eh
k,hh
r,r
ax,ix
iy,iy
l,l
n,n
jh,jh
f,v
y,y
r,r
t,d
ix,ix
ih,ay
r,r
n,m
ih,ih
ae,ae
ax,ax
er,er
ae,ae
s,s
kcl,tcl
n,n
ao,w
d,d
tcl,tcl
hv,hv
eh,eh
ih,ih
s,z
ih,ix
ix,ix
uw,ux
ax-h,gcl
s,s
ae,ae
iy,iy
f,f
f,v
ix,ix
y,y
s,s
r,r
l,l
ih,ih
ix,r
axr,aa
l,l
bcl,w
kcl,kcl
k,k
t,t
ix,ix
r,ah
ix,ih
el,el
ah,ah
q,q
ah,ax
aa,aa
t,t
dcl,bcl
sh,sh
dh,dh
dcl,dcl
jh,ch
ng,ng
ay,ah
ax,ax
ix,ix
dcl,gcl
sh,sh
p,p
r,r
eh,eh
ah,ah
tcl,gcl
ih,ih
iy,iy
b,pcl
g,g
bcl,pcl
ix,ix
ey,ey
iy,iy
ux,uw
ey,ih
ix,ux
oy,oy
v,v
r,w
ae,ae
q,dcl
t,t
ay,ay
iy,iy
t,t
ow,ow
p,p
z,s
iy,iy
t,t
ix,ix
w,ao
ix,en
ch,jh
sh,zh
dcl,dcl
s,s
th,th
axr,axr
t,t
ix,ix
iy,iy
oy,oy
n,n
kcl,kcl
z,z
hv,hv
r,r
iy,iy
r,r
ih,ih
s,s
eh,er
iy,iy
g,g
en,dcl
kcl,tcl
aw,aw
ey,iy
ow,ow
ix,ix
s,s
tcl,tcl
ix,ix
r,r
ah,ah
eh,eh
q,q
m,m
l,l
ax,ax
ix,r
s,z
s,s
pcl,tcl
v,v
tcl,dh
t,t
kcl,kcl
jh,jh
jh,jh
ih,ih
f,v
aa,aa
tcl,tcl
hh,hh
pcl,pcl
r,r
s,s
ih,ih
l,w
n,n
v,v
bcl,tcl
ae,ae
dcl,dcl
z,z
ax,l
en,en
axr,v
aa,ao
ix,ix
n,n
er,er
p,hh
m,m
th,f
ix,n
m,m
b,b
iy,ux
ih,iy
ix,ix
q,q
v,v
kcl,kcl
k,k
m,m
aa,aa
axr,axr
b,b
hh,hh
ix,ix
ow,ow
axr,axr
ae,ae
sh,sh
sh,sh
hh,hh
ix,ix
y,y
dh,dh
ow,ah
v,v
aa,ay
tcl,tcl
sh,sh
ow,ow
k,k
bcl,bcl
ix,ih
aa,ao
tcl,tcl
l,l
q,axr
axr,axr
r,r
ax,ax
ix,n
iy,iy
ah,ah
d,t
k,k
kcl,kcl
dcl,dcl
q,q
kcl,tcl
f,f
tcl,tcl
zh,z
m,m
dx,gcl
r,r
s,s
en,en
ax,m
tcl,tcl
ax,ix
ay,ay
ey,ey
ae,ae
w,w
gcl,gcl
iy,iy
q,q
q,dh
y,y
iy,iy
ix,ix
dcl,dcl
r,r
dh,dh
n,n
ah,ah
ae,ae
ax,l
tcl,tcl
ey,ey
kcl,tcl
ng,ng
l,l
ax,ax
tcl,tcl
dcl,bcl
ow,ow
s,s
s,s
ae,ae
oy,aa
ao,ao
ah,ax
l,l
ow,ow
axr,axr
iy,iy
kcl,kcl
n,n
axr,r
tcl,pcl
dcl,dcl
tcl,tcl
aa,ao
kcl,tcl
oy,oy
ey,ix
w,hh
ix,ix
er,axr
r,r
n,n
s,s
t,t
w,w
w,w
aa,aa
ix,ix
s,s
s,z
z,s
ih,ih
ch,sh
kcl,kcl
w,w
w,w
n,n
ix,ax
t,t
el,el
s,s
m,m
z,z
ch,ch
l,l
kcl,kcl
ae,ae
n,n
n,ix
g,g
l,l
tcl,tcl
s,s
dh,dh
er,er
s,s
jh,sh
pcl,pcl
s,s
ey,ey
ay,ey
ao,ao
w,w
s,s
n,m
iy,ix
n,n
ah,ah
ae,ae
q,q
r,w
q,q
v,v
m,m
w,w
eh,m
l,l
en,n
iy,iy
n,n
axr,axr
aa,aa
iy,iy
eh,eh
iy,iy
sh,sh
f,f
ux,iy
ao,ao
l,l
t,t
eh,eh
ih,ix
r,r
r,r
kcl,kcl
kcl,kcl
aa,aa
s,s
p,p
ih,ah
ix,hv
q,q
r,r
ao,ao
iy,iy
r,r
oy,oy
ax,ax
nx,n
eh,eh
n,n
sh,sh
n,m
tcl,pcl
k,sh
ao,ao
kcl,kcl
r,r
ax,el
zh,sh
v,v
ix,ih
kcl,kcl
l,l
er,axr
n,n
iy,iy
l,l
f,f
n,n
ih,er
eh,eh
s,s
r,r
ax,ix
l,l
tcl,kcl
t,t
oy,oy
kcl,kcl
tcl,tcl
gcl,dcl
w,w
m,m
r,r
bcl,dcl
y,dx
ax,ax
iy,iy
er,er
hh,hh
l,l
n,m
ix,axr
ae,ae
s,s
r,v
axr,axr
ix,n
s,s
n,n
s,s
ax,ix
ix,axr
n,n
s,s
l,l
kcl,f
ux,m
iy,iy
ay,ay
ah,ah
k,k
k,k
n,n
ae,ae
axr,axr
axr,axr
t,t
w,w
ao,ao
dcl,dcl
ng,ng
ax,l
ih,ih
w,w
r,r
el,el
iy,iy
ix,ax
tcl,tcl
w,w
uw,w
ey,ey
t,t
aa,aa
axr,axr
pcl,kcl
y,y
m,m
ng,ng
f,f
aa,aa
s,z
dh,dh
v,v
er,r
n,n
iy,iy
dcl,tcl
eh,eh
ae,ae
kcl,kcl
en,ax
eh,eh
ax,ix
ae,ae
n,n
axr,axr
ng,ng
dh,dh
pcl,pcl
dh,dh
kcl,kcl
l,l
iy,y
aa,aa
ax,ax
gcl,gcl
jh,jh
kcl,kcl
p,p
ay,ay
axr,axr
pcl,pcl
n,m
ih,ey
iy,q
l,w
iy,iy
iy,iy
axr,axr
ay,ay
kcl,kcl
w,w
eh,eh
nx,n
ae,ae
ae,ae
dcl,gcl
en,en
l,l
kcl,tcl
dh,v
n,n
tcl,kcl
f,f
dcl,dcl
ax,ax
iy,iy
d,jh
iy,iy
ih,eh
er,axr
ao,ao
l,l
ao,r
r,r
s,s
kcl,kcl
s,s
ay,ay
m,bcl
t,t
eh,ah
r,r
s,s
aa,aa
ng,ng
z,s
ix,eh
r,r
t,t
ix,ax-h
m,m
er,axr
s,s
dcl,tcl
ix,ix
aa,aa
axr,axr
q,tcl
kcl,tcl
n,m
ix,ix
ow,eh
ey,ey
ow,ah
uw,uw
t,t
axr,axr
s,s
tcl,tcl
z,s
tcl,tcl
ch,d
iy,iy
axr,ix
ix,ix
eh,eh
ao,ao
aw,aw
ax-h,ax-h
ae,ae
l,l
ux,uw
w,w
axr,axr
er,axr
ax,ix
z,z
sh,sh
s,s
y,y
k,k
n,n
ux,ux
ow,ux
ih,ih
dh,v
bcl,gcl
z,z
ow,ow
s,s
s,s
r,r
s,s
p,p
iy,iy
t,t
tcl,tcl
l,l
s,s
q,n
tcl,pcl
er,er
ah,ah
l,l
l,l
z,z
m,m
m,m
ix,eh
iy,ux
uw,ux
ae,ae
s,t
r,w
ih,ix
ih,ix
er,axr
s,z
dcl,dcl
g,g
l,l
ay,ay
ae,ae
l,l
ey,ey
q,q
ay,ay
iy,iy
eh,ih
aa,aa
l,l
hh,hh
ao,ow
w,w
hh,hh
dh,gcl
kcl,kcl
kcl,kcl
l,l
dx,dx
r,r
axr,axr
ix,ix
ow,ow
ix,ix
gcl,bcl
s,s
iy,iy
axr,axr
kcl,kcl
m,m
tcl,tcl
m,m
kcl,kcl
oy,oy
ix,uh
iy,iy
n,n
d,t
ow,ow
f,f
ae,ae
s,s
dcl,dcl
ey,ey
ix,ix
p,p
th,dh
w,w
n,n
ix,eh
ix,ix
r,r
aa,aa
ix,ix
l,l
bcl,bcl
iy,iy
m,m
ix,ix
bcl,bcl
ix,iy
er,er
iy,iy
ix,ix
g,g
s,s
l,l
eh,eh
ih,ih
ih,ih
ae,ae
g,g
sh,sh
ix,ix
dcl,dcl
bcl,bcl
tcl,tcl
r,r
ae,r
tcl,tcl
dcl,dcl
k,k
ax,el
ey,ey
ih,axr
ah,ah
dx,dx
aw,aw
d,d
ix,ix
iy,y
ey,iy
p,p
dcl,tcl
gcl,gcl
w,r
n,n
aa,aa
ey,ey
kcl,kcl
ae,ae
ax,axr
jh,sh
p,p
l,l
dx,r
ah,ah
s,s
pcl,m
hv,hv
dx,dx
w,w
ax,ax
m,m
ih,ae
k,k
ix,ix
n,m
ix,gcl
aa,aa
aa,aa
ay,ay
n,tcl
ay,ay
l,l
jh,jh
ao,ow
r,r
kcl,kcl
dcl,dcl
f,f
ix,ix
p,p
n,n
s,s
tcl,tcl
bcl,bcl
aa,aa
s,ch
y,y
z,z
p,p
n,dcl
n,m
ch,ch
tcl,gcl
ae,ae
z,s
b,v
ay,ay
uh,uh
q,q
q,q
r,r
ux,iy
aa,aa
t,t
ey,ae
hv,hv
eh,eh
tcl,tcl
er,er
kcl,gcl
tcl,tcl
r,er
ae,ae
l,l
ix,ix
ao,ao
er,er
d,d
ih,ih
w,w
r,r
axr,axr
ey,ey
ax-h,tcl
ay,ay
ng,ng
k,g
ix,ix
ah,ah
l,l
m,m
dh,dh
g,k
pcl,pcl
k,k
r,axr
aa,aa
er,axr
m,m
t,t
ax,ae
ix,ix
dcl,dcl
dh,dh
s,s
n,n
z,s
r,r
sh,sh
t,t
s,s
ae,eh
ih,ix
ih,ih
pcl,pcl
f,v
pcl,pcl
ix,ih
ow,ow
ae,ae
y,y
f,f
iy,hv
iy,iy
aa,ao
pcl,kcl
s,s
s,s
t,t
w,w
w,w
sh,s
eh,eh
tcl,tcl
t,t
en,en
m,v
kcl,tcl
r,r
t,t
t,t
ae,ae
nx,nx
w,w
tcl,tcl
ae,ae
f,f
ix,ix
s,s
iy,iy
dx,d
m,m
eh,eh
hv,hv
axr,er
ae,ae
n,n
ow,w
t,t
r,v
p,p
iy,iy
m,m
s,s
s,sh
m,n
n,m
y,ix
tcl,tcl
ix,ix
ax,ix
m,m
iy,ux
tcl,kcl
dh,dh
k,g
ae,eh
er,er
ae,ae
dcl,dcl
d,d
hh,q
jh,t
l,l
dx,dx
eh,eh
pcl,pcl
f,f
hh,hv
iy,iy
en,n
r,r
l,l
ux,ux
aw,ah
ax,ax
ae,ae
ax,ix
ow,ow
b,b
kcl,pcl
k,k
l,l
tcl,tcl
ix,ey
iy,iy
ix,ix
sh,sh
ey,iy
tcl,tcl
w,w
k,g
ay,ay
ow,l
dx,n
n,n
w,w
kcl,kcl
ow,ow
dcl,dcl
er,er
l,l
y,y
ch,jh
pcl,pcl
t,t
l,l
ao,aa
s,s
dx,kcl
ix,ix
ae,ae
oy,oy
g,g
ix,gcl
iy,iy
ix,n
k,k
sh,sh
ah,ax
er,er
d,d
n,n
r,r
ix,ix
ae,ae
eh,r
jh,jh
axr,axr
r,r
aa,aa
m,m
tcl,tcl
ax,ax
ax,ax
ay,ay
n,n
q,q
t,dh
f,f
eh,ow
w,w
ch,ch
v,v
pcl,v
gcl,gcl
ax,ax
l,l
k,k
t,t
tcl,tcl
r,r
dcl,dcl
tcl,tcl
pcl,pcl
kcl,pcl
p,p
kcl,pcl
gcl,dcl
ax,r
k,k
kcl,pcl
uh,ah
ax,l
d,t
ih,ix
z,z
iy,iy
ix,ix
ow,ow
ix,ix
ao,l
p,hh
ax,ax
ah,ax
th,dh
dcl,dcl
ix,ix
ow,ow
p,p
ah,l
eh,eh
r,r
s,s
f,f
uw,ux
bcl,kcl
m,m
l,w
w,w
th,s
ow,ow
ow,ow
g,g
s,s
iy,iy
ux,ux
n,n
l,l
ay,ay
ch,t
aw,ae
iy,ix
z,z
k,k
ah,ah
ae,ae
iy,iy
q,q
dcl,dcl
kcl,dcl
oy,oy
z,s
iy,iy
ay,ay
y,y
en,n
ix,ix
ix,y
dh,dh
ih,ih
tcl,tcl
iy,iy
dcl,gcl
bcl,dcl
p,p
axr,axr
ix,ix
t,t
er,er
dcl,dcl
hh,hh
iy,ix
l,l
ix,ix
dh,kcl
l,l
q,q
r,r
n,n
s,z
t,tcl
s,s
s,s
ih,ix
er,er
l,l
m,m
eh,eh
dh,dh
d,d
eh,eh
dh,dh
l,l
ao,ao
er,er
eh,ae
hh,hh
v,v
aa,aa
ae,ae
k,k
v,v
y,y
v,v
l,l
dh,dh
dcl,dcl
d,d
sh,sh
ix,ix
ix,ix
w,w
ae,ae
z,z
iy,iy
pcl,pcl
aa,aa
axr,axr
g,g
z,z
iy,iy
bcl,pcl
s,s
ih,ix
t,t
aa,aw
k,k
kcl,kcl
r,l
ah,ah
m,m
r,r
tcl,tcl
ow,ow
dx,dx
iy,iy
z,z
ae,ae
dcl,dcl
tcl,tcl
ey,ey
z,z
ay,ay
kcl,kcl
sh,sh
p,p
p,p
tcl,kcl
ix,m
ix,ix
ng,ng
aa,ah
f,f
l,l
tcl,kcl
g,g
f,f
iy,iy
t,t
ow,ow
tcl,tcl
n,v
k,k
ax,l
dcl,bcl
tcl,dcl
l,l
iy,iy
hh,hh
v,v
tcl,kcl
pcl,kcl
s,s
bcl,pcl
r,r
m,m
w,w
m,m
n,n
ix,ix
kcl,kcl
sh,sh
uw,uw
th,f
ae,ae
bcl,bcl
nx,dh
ih,ix
ey,ey
ay,ay
iy,iy
t,t
t,t
axr,axr
m,n
l,l
iy,y
f,f
ux,ux
ux,ux
ae,ae
ah,ae
jh,sh
el,l
er,er
q,q
p,p
n,m
ah,ah
ay,ay
sh,sh
ay,ay
q,q
q,ng
r,r
eh,ih
pcl,bcl
s,s
ix,ix
ix,ix
s,s
n,n
z,z
kcl,kcl
r,r
n,n
ah,eh
dh,n
r,r
iy,iy
s,s
hv,hv
aa,aa
aw,aw
ix,l
w,l
t,t
eh,eh
tcl,tcl
q,q
dcl,tcl
el,el
pcl,pcl
ix,ix
hh,hh
l,el
w,w
tcl,tcl
r,r
iy,iy
z,z
ih,ix
ix,ix
pcl,tcl
dcl,gcl
m,m
ih,ih
tcl,tcl
q,q
sh,sh
v,pcl
bcl,bcl
n,n
z,s
r,r
ih,ix
pcl,tcl
l,l
ix,n
ow,ow
ix,ix
n,n
tcl,tcl
iy,l
kcl,tcl
q,tcl
n,n
ow,ow
uh,l
en,en
n,n
ey,ey
kcl,axr
q,q
r,r
n,n
s,s
dx,dh
z,z
ih,ih
kcl,kcl
n,n
iy,ix
r,axr
el,el
r,r
m,m
axr,axr
dcl,pcl
aa,aa
gcl,dcl
r,r
ih,ih
iy,ix
dx,dx
s,s
z,z
n,ng
dcl,tcl
gcl,dcl
ow,ow
ah,ah
ao,ao
g,g
kcl,tcl
q,gcl
kcl,kcl
oy,oy
z,z
g,g
eh,ae
ao,ao
ay,ay
r,r
v,v
q,q
ng,ng
ow,ow
axr,axr
ey,ey
ix,y
eh,eh
dcl,bcl
t,t
er,axr
f,f
tcl,tcl
y,ux
eh,ix
aw,eh
s,s
ae,ae
r,r
l,l
kcl,tcl
eh,ae
ah,aa
k,k
iy,iy
kcl,kcl
pcl,dcl
iy,iy
dcl,dcl
aa,aa
jh,t
l,l
axr,axr
bcl,n
ao,ao
l,l
er,axr
ix,ix
oy,oy
aa,aa
dcl,dcl
kcl,tcl
f,dh
y,y
y,y
t,t
f,f
k,k
n,n
ax-h,kcl
s,s
n,n
oy,oy
ix,ax
bcl,bcl
dcl,dcl
ix,ix
k,k
r,r
ao,ao
n,n
s,s
z,z
t,tcl
iy,iy
uw,ux
dcl,dcl
r,l
r,r
ey,ey
tcl,tcl
ng,n
ix,ix
uh,ix
tcl,tcl
z,z
aa,ay
r,r
er,er
z,z
tcl,tcl
uw,ux
s,s
aa,aa
m,n
tcl,tcl
em,n
l,l
dh,dh
m,m
ih,ix
iy,iy
ao,ao
r,r
pcl,pcl
iy,iy
ih,eh
d,d
r,ix
k,k
dh,m
nx,m
p,p
axr,r
g,g
oy,oy
kcl,kcl
s,s
aw,ow
ix,iy
ng,ng
d,d
t,dh
iy,iy
n,bcl
v,m
m,m
r,r
ow,ow
l,l
ey,ey
el,l
g,k
th,f
l,l
ux,ux
th,f
v,v
w,w
ux,ux
m,m
ax,ix
kcl,kcl
ow,ow
r,r
eh,ih
tcl,tcl
ey,ey
ix,ih
ix,ix
ix,iy
n,n
t,t
p,p
er,er
d,d
ax,ax
ix,ix
dcl,dcl
iy,iy
gcl,gcl
ao,ao
ax,ax
sh,sh
t,t
ay,ay
aa,aa
t,t
q,q
pcl,pcl
oy,oy
m,m
s,s
aa,ay
n,ng
n,n
tcl,tcl
aa,aa
w,w
dx,g
axr,axr
dh,gcl
ax,ax
q,q
ae,ae
m,m
ng,ng
t,t
r,ng
ih,ax
kcl,kcl
tcl,tcl
kcl,tcl
ao,ao
m,m
aa,aa
s,s
kcl,kcl
r,r
ux,r
ux,ux
er,er
aa,aa
sh,sh
q,q
t,t
s,s
z,z
bcl,bcl
ix,ix
ae,ae
ch,t
w,w
ax,ax
ix,ix
n,n
ax,ix
ow,ih
ah,eh
uh,ix
r,er
t,t
er,axr
l,l
n,n
p,p
ae,ae
k,k
ax,l
ih,ae
ix,ix
axr,axr
k,k
kcl,kcl
s,s
uw,uw
r,r
ah,ah
m,m
bcl,bcl
s,s
n,dh
aa,r
axr,axr
ih,ih
ix,w
ih,ix
aa,aa
ow,l
m,m
t,d
r,r
z,z
ng,l
g,g
ax,ah
iy,hv
z,z
tcl,tcl
ux,ux
sh,sh
r,r
tcl,pcl
z,z
ix,ix
n,m
pcl,tcl
s,s
k,g
tcl,tcl
eh,ah
k,k
m,m
r,r
axr,axr
w,w
p,b
iy,y
aa,aa
s,s
ao,ao
ey,ey
ey,ey
tcl,tcl
tcl,tcl
f,f
ey,iy
iy,iy
axr,axr
ah,ax
dh,dh
ay,ay
q,n
iy,y
kcl,kcl
r,r
eh,ae
ao,w
aa,aa
tcl,tcl
axr,axr
k,k
s,s
dcl,r
ih,ix
aa,aa
dcl,dcl
ix,ix
z,z
s,s
oy,oy
axr,r
iy,iy
d,d
s,s
pcl,pcl
dcl,tcl
z,z
uh,uh
kcl,kcl
dx,dx
eh,eh
l,l
ao,ao
l,l
m,n
r,r
f,f
ao,aa
ih,ix
tcl,n
s,s
jh,jh
l,w
axr,axr
f,f
pcl,tcl
tcl,tcl
sh,ch
tcl,dcl
iy,iy
s,s
z,z
tcl,tcl
f,f
m,m
ah,ah
er,er
y,l
k,k
axr,axr
k,k
ae,ae
k,k
s,s
tcl,kcl
sh,s
ax,ix
axr,axr
k,k
s,s
ae,ay
kcl,tcl
ae,ae
bcl,tcl
y,y
ix,iy
ae,ae
ow,ow
dcl,n
n,n
axr,er
q,q
z,s
m,m
m,m
z,z
ix,ix
ih,ix
n,n
iy,iy
eh,eh
l,l
n,n
gcl,gcl
f,f
iy,iy
r,r
ow,ow
el,el
m,n
ih,eh
kcl,en
iy,ix
sh,sh
jh,jh
z,z
ih,axr
gcl,dx
iy,ix
ae,ae
ae,ae
n,n
tcl,tcl
ch,t
dcl,tcl
ao,ao
ix,ix
ah,ah
hh,tcl
hh,hv
m,m
ix,iy
ix,ix
gcl,dcl
ih,ih
p,hh
ih,ux
dcl,gcl
eh,ay
eh,ih
l,l
ao,ao
eh,eh
t,t
ae,ae
q,q
s,s
s,s
ux,ux
n,n
n,ng
s,s
n,n
kcl,kcl
m,m
w,w
kcl,tcl
kcl,gcl
ch,ch
gcl,gcl
l,l
ng,ng
s,s
ah,ah
kcl,kcl
k,k
ix,ix
ih,ih
k,k
ix,ix
s,z
m,m
n,n
ae,ae
axr,r
m,m
ix,ix
ax,l
ay,ay
en,m
s,s
s,s
ix,ih
aa,aw
ix,ix
s,s
dx,dx
ix,ix
en,n
bcl,bcl
uw,ix
iy,iy
ah,ax
ow,ow
g,g
gcl,n
ng,m
th,f
kcl,pcl
kcl,kcl
kcl,kcl
f,f
bcl,bcl
n,n
iy,ix
dh,dh
axr,axr
z,z
t,t
w,w
ax,ix
z,z
ix,ih
pcl,tcl
ix,ix
iy,iy
iy,iy
ux,ux
dh,dh
hh,hh
s,s
m,w
ix,ix
m,m
l,l
eh,eh
k,k
ax,ix
ix,eh
aw,aw
m,m
ah,ax
ih,ih
ae,ae
ay,ay
axr,axr
r,r
ax,ax
tcl,tcl
iy,iy
aa,aa
n,n
k,k
n,n
ey,ey
r,r
l,l
q,q
axr,axr
t,t
hh,p
hh,em
bcl,f
p,p
axr,axr
aa,aa
ih,ix
tcl,kcl
l,l
ix,ix
kcl,kcl
ow,w
ix,ix
jh,jh
l,l
m,m
ix,ix
f,f
q,q
tcl,dcl
bcl,dcl
w,w
s,s
ow,ow
k,k
w,w
w,w
d,d
m,m
ah,ah
iy,iy
iy,iy
kcl,pcl
el,el
v,v
ax,ax
hv,hv
bcl,bcl
axr,axr
w,w
kcl,kcl
w,w
dx,v
m,m
r,r
r,r
aa,aa
r,r
d,d
iy,iy
ih,ih
kcl,tcl
aa,ao
oy,oy
s,s
m,m
ax,ax
dh,f
aa,ao
ax,l
q,q
z,z
ix,q
ih,ix
r,r
iy,iy
z,z
n,n
aa,r
r,axr
ay,oy
t,dh
sh,sh
bcl,bcl
dh,dh
aa,aa
m,m
aa,ao
tcl,tcl
ix,ix
t,t
eh,ih
ix,ix
ix,q
r,r
eh,eh
r,y
z,s
l,l
n,aa
ix,ix
v,hh
tcl,tcl
ix,ix
ey,ey
ay,ay
l,l
tcl,tcl
n,n
l,w
y,y
r,r
aa,aa
r,r
g,k
s,sh
er,axr
m,m
ao,ao
iy,ux
aa,aa
aa,aa
tcl,tcl
n,n
l,el
iy,iy
r,r
s,s
ax,ix
m,m
ix,ix
kcl,kcl
w,w
iy,iy
ih,ix
dx,dx
ih,ih
ay,ay
dx,dcl
ey,ey
eh,eh
gcl,dcl
jh,jh
d,d
k,k
dcl,dcl
s,z
hv,hv
v,v
aa,ah
iy,iy
m,m
gcl,tcl
iy,iy
sh,sh
f,f
dcl,bcl
p,p
eh,eh
n,n
r,r
y,y
p,p
sh,sh
q,q
f,f
k,k
el,el
th,dh
l,l
ae,eh
ey,ey
z,z
r,r
q,q
ah,ah
s,s
z,s
dx,dx
bcl,dcl
ix,ix
ay,ay
m,m
b,v
ih,ih
l,l
w,w
iy,ix
ow,ow
d,d
pcl,tcl
r,ax
ix,ix
f,f
p,p
gcl,gcl
ng,ng
dh,dh
ih,ih
aa,ao
z,z
ao,l
ay,ay
ix,ix
kcl,kcl
n,n
iy,iy
ix,iy
kcl,kcl
aa,ao
iy,iy
n,ng
ah,aa
l,l
ix,ix
ax,ax
dcl,n
n,n
g,g
ix,w
n,n
bcl,gcl
aa,ao
s,s
s,s
ih,ix
m,m
en,en
r,g
l,l
ao,ao
l,w
m,m
ch,ch
iy,iy
ey,eh
n,n
hh,hh
ae,ae
y,q
iy,ih
eh,ae
ng,ng
r,r
s,s
aa,aa
n,n
r,axr
ax,ax
s,s
sh,sh
n,n
l,l
w,w
l,l
l,l
v,v
tcl,dcl
d,t
ah,ah
pcl,pcl
dcl,dcl
ay,ay
ay,ay
n,n
bcl,v
p,hh
s,s
tcl,tcl
q,q
ao,ao
eh,eh
r,m
th,s
r,r
f,f
er,er
v,v
iy,iy
r,r
t,jh
w,w
ay,ay
s,s
tcl,tcl
s,s
l,l
s,s
bcl,bcl
s,s
l,l
ax,ah
s,s
s,s
er,axr
r,r
q,q
uh,ah
nx,n
l,l
ey,ey
tcl,kcl
aa,ah
axr,er
l,w
k,k
ax,l
dx,dx
axr,axr
l,l
ch,sh
s,s
hh,hh
m,m
pcl,tcl
iy,l
ae,ae
dh,dh
w,w
s,s
l,el
n,bcl
ix,ix
m,m
k,g
tcl,tcl
n,n
l,l
ey,ey
dcl,dcl
iy,iy
ax,em
s,s
er,er
d,d
ch,ch
ix,ix
y,y
s,s
z,z
k,k
r,dx
ax,m
n,n
tcl,tcl
r,r
z,z
tcl,kcl
y,y
uh,el
pcl,pcl
iy,iy
ay,ay
ow,ow
f,f
ax,ix
z,z
bcl,bcl
bcl,bcl
f,dh
pcl,pcl
aa,ah
bcl,bcl
ao,ao
dx,dx
iy,iy
iy,iy
dcl,dcl
aa,aa
s,s
iy,iy
axr,ax
s,s
r,r
s,s
ix,ix
m,m
n,ng
l,l
ao,ao
iy,iy
s,s
z,z
tcl,tcl
s,s
ix,dh
pcl,pcl
bcl,tcl
iy,iy
s,s
iy,iy
jh,jh
l,l
f,f
dh,dh
tcl,kcl
l,l
v,v
n,m
m,ng
n,n
q,q
kcl,kcl
axr,axr
iy,iy
l,l
n,n
l,l
w,w
uw,w
pcl,tcl
t,t
d,g
k,k
ch,ch
hh,hh
ey,iy
ae,ae
dcl,dcl
tcl,tcl
iy,iy
axr,ih
dcl,dcl
ao,r
r,r
l,w
axr,axr
p,p
kcl,kcl
r,r
iy,hv
ao,ao
aa,aa
z,z
n,em
k,k
ax-h,kcl
ao,ao
iy,iy
ow,el
q,q
ao,ao
en,ng
q,q
tcl,tcl
axr,axr
eh,eh
v,v
iy,iy
jh,z
iy,iy
kcl,kcl
bcl,dcl
r,r
n,n
ih,ix
dx,m
ao,r
w,w
w,l
k,k
s,s
pcl,tcl
ih,ih
ae,eh
ao,ao
aa,aa
ng,ng
w,w
t,d
ah,ah
r,r
kcl,kcl
pcl,pcl
l,l
iy,iy
axr,axr
f,f
f,f
s,s
eh,ay
s,s
z,z
dcl,dcl
r,r
tcl,tcl
axr,r
ix,ix
eh,eh
ix,ix
tcl,pcl
n,ng
hv,hv
eh,eh
ow,ow
ax,m
r,r
w,r
ch,sh
q,q
dcl,dcl
iy,iy
p,dh
q,q
kcl,kcl
aw,aw
pcl,tcl
ae,ae
m,m
er,er
s,z
ix,ax
ch,ch
n,m
uw,w
f,f
ow,ow
l,m
sh,sh
d,t
l,w
g,l
tcl,tcl
ix,ix
aa,ay
eh,eh
gcl,dcl
ao,ao
sh,sh
ih,ix
r,r
g,g
ix,ix
aa,ah
q,q
ae,ae
ng,y
hv,hv
ux,iy
kcl,kcl
tcl,tcl
n,v
th,th
k,k
ay,ay
p,hh
m,n
iy,iy
r,r
l,ng
ix,ix
ax,ax
eh,eh
iy,iy
l,l
b,tcl
w,w
s,s
ae,ae
ix,ix
tcl,bcl
l,l
ax,ax
f,f
kcl,kcl
s,s
sh,sh
dcl,gcl
axr,r
jh,sh
dcl,dcl
s,s
y,y
n,m
tcl,tcl
ow,ow
d,t
m,m
p,f
ih,ih
kcl,tcl
ao,ao
k,k
d,d
t,t
eh,eh
dcl,dcl
aa,aa
axr,r
n,n
l,l
m,m
z,z
y,y
en,en
ay,ay
v,v
t,t
r,m
l,l
ae,eh
k,k
tcl,tcl
w,w
s,s
en,gcl
el,l
n,ng
t,d
kcl,kcl
ux,ux
eh,ey
ng,ng
ax,ax
iy,iy
er,er
l,l
sh,sh
ae,ae
r,r
ix,ix
iy,iy
dx,dx
ay,ah
s,dh
n,n
ih,ih
dx,dx
aa,aa
er,axr
ey,ay
dcl,tcl
r,r
hh,hh
ae,ae
iy,iy
dcl,tcl
ix,ix
m,n
nx,n
kcl,kcl
bcl,dcl
f,f
m,m
uh,ix
axr,axr
r,r
k,k
p,p
k,k
tcl,tcl
m,m
kcl,kcl
t,hh
ow,ow
l,l
ao,aa
sh,sh
dcl,tcl
eh,ix
ao,aa
g,g
ih,ix
ng,ng
iy,iy
l,w
eh,eh
g,g
ah,ah
tcl,tcl
z,s
en,n
ay,ay
n,ng
gcl,tcl
gcl,gcl
q,q
dcl,dcl
r,r
uh,uh
tcl,kcl
ix,ix
y,y
tcl,tcl
v,v
s,s
aa,aa
g,g
ey,ey
kcl,pcl
pcl,tcl
ah,l
s,s
n,n
ah,ix
ix,ix
q,q
m,m
ux,ux
ux,y
ix,ih
ey,eh
sh,sh
r,r
tcl,tcl
v,f
iy,iy
k,t
l,l
n,n
kcl,kcl
l,l
ay,ay
oy,oy
s,s
ay,ay
gcl,gcl
n,n
ow,ow
ae,ae
iy,iy
ay,ay
jh,ch
iy,hv
hv,hv
q,q
iy,iy
m,m
n,n
hv,hv
ix,ix
uh,ix
iy,iy
m,m
ae,ae
er,er
iy,iy
t,t
sh,sh
pcl,pcl
n,n
t,t
tcl,tcl
z,s
ih,ih
ao,ao
ux,y
t,t
axr,axr
ix,l
dcl,tcl
gcl,n
w,w
k,k
eh,ix
ih,ix
jh,zh
jh,jh
ih,ih
sh,sh
z,s
el,el
ay,ay
n,n
aw,ow
ay,ay
dcl,dcl
s,s
kcl,kcl
ao,ao
el,el
z,z
ax,r
r,r
ix,ix
k,k
m,m
aa,aa
aw,aw
t,t
aa,ao
q,q
s,s
t,q
ax,ax
f,f
dx,dcl
k,k
y,y
axr,axr
q,q
k,k
y,ng
dx,dx
v,v
y,y
eh,eh
gcl,dcl
l,l
k,k
m,m
dcl,gcl
dh,dh
ih,r
dh,v
p,p
ao,ao
ay,ay
oy,ih
dh,dh
tcl,pcl
s,s
w,w
k,k
dcl,gcl
gcl,bcl
n,n
f,f
s,s
ae,ae
r,r
w,w
ao,ao
m,m
bcl,bcl
m,m
l,q
k,k
m,ng
w,w
l,el
kcl,kcl
f,f
s,s
ih,y
w,w
pcl,pcl
r,r
n,n
oy,oy
r,gcl
s,sh
ae,ae
q,q
kcl,kcl
k,k
l,l
k,g
eh,eh
kcl,kcl
axr,axr
tcl,tcl
tcl,gcl
l,l
ix,ix
ix,ix
dcl,dcl
jh,jh
n,n
aa,ao
dcl,dcl
er,axr
ow,ow
w,w
ng,ng
r,ao
z,s
dh,dx
ih,ix
sh,sh
dx,dx
l,l
s,s
dh,dh
axr,axr
ao,ao
y,y
ix,gcl
el,l
iy,iy
kcl,kcl
ae,ae
aa,ah
el,l
s,s
tcl,tcl
w,l
s,z
ey,ey
eh,ae
ix,ix
y,y
el,g
ae,ae
ix,ux
er,er
ix,ix
dx,dx
q,q
ae,eh
ae,ae
ix,ix
axr,axr
n,m
r,r
ow,ow
d,t
kcl,kcl
w,q
m,m
n,bcl
ux,ux
p,f
s,z
k,k
iy,iy
g,g
g,k
er,er
axr,axr
er,axr
sh,sh
t,g
z,z
kcl,kcl
k,k
l,l
r,r
b,d
er,axr
s,s
ux,ux
th,th
ch,jh
s,s
eh,eh
s,s
tcl,tcl
s,s
n,n
gcl,gcl
axr,axr
tcl,kcl
m,m
gcl,gcl
dcl,dcl
ah,ax
tcl,tcl
dcl,dcl
ix,axr
d,g
ao,ow
aw,aw
v,v
pcl,bcl
dh,v
ix,ix
iy,iy
ah,ah
ae,ae
tcl,tcl
iy,ey
bcl,bcl
iy,iy
bcl,bcl
ix,ix
aa,aa
ix,ix
ah,ah
tcl,tcl
r,r
l,l
iy,ih
f,f
ng,ng
oy,ay
er,axr
ih,ix
ax,l
iy,iy
f,f
l,l
tcl,tcl
sh,sh
ow,ow
ih,ix
sh,sh
ix,iy
aa,aa
n,n
ay,ay
ao,ao
l,l
ux,ux
ae,ae
ix,iy
r,v
aa,aa
jh,jh
l,l
ih,ux
tcl,tcl
ch,ch
n,ng
n,n
r,r
n,m
axr,eh
ng,ng
z,z
r,r
y,y
ae,ae
n,n
l,l
ix,ix
z,sh
n,n
l,l
s,s
eh,eh
g,g
oy,oy
hh,hh
d,g
tcl,tcl
sh,s
kcl,tcl
r,r
ao,ao
f,f
l,l
tcl,tcl
pcl,pcl
kcl,pcl
tcl,tcl
t,t
m,m
n,n
n,n
ax,l
f,tcl
iy,iy
ay,ay
r,r
m,m
bcl,bcl
k,k
ch,s
iy,iy
nx,dx
ch,ch
ae,eh
axr,r
w,w
hh,hh
t,hh
ey,ey
n,n
r,r
ax,ax
kcl,tcl
ow,ow
tcl,kcl
tcl,kcl
uh,ix
q,q
ux,ux
r,r
dcl,tcl
aa,aa
aa,aa
pcl,pcl
t,t
aa,w
ow,ow
ey,ey
aa,aa
m,m
y,y
s,s
l,el
ae,ae
dcl,dcl
ah,ah
t,t
ax,ah
ix,ix
ay,ay
ay,ay
g,k
n,n
z,z
z,z
aa,ao
ux,y
p,p
pcl,pcl
dcl,dcl
s,s
pcl,tcl
iy,y
d,t
ix,ix
ih,ix
kcl,kcl
oy,oy
axr,axr
dh,d
ao,w
gcl,gcl
ng,n
w,w
ax,ix
ax,ix
ey,ey
iy,iy
ch,ch
l,l
y,y
nx,n
ih,ih
pcl,tcl
f,f
m,m
er,er
ux,ux
eh,eh
er,axr
ux,ux
axr,axr
ae,ae
dcl,dcl
n,n
ae,ae
p,p
ix,ix
ey,ey
s,z
ux,ux
iy,iy
iy,y
ix,ix
p,hh
t,t
sh,sh
n,n
dh,dh
ax,ax
pcl,tcl
ih,axr
hv,hv
eh,eh
d,d
bcl,bcl
oy,iy
z,sh
l,l
dcl,tcl
n,n
l,l
ix,ix
n,ng
l,l
z,z
l,l
ax,ax
b,dh
ih,ih
z,z
g,g
t,t
ax-h,hh
en,m
ao,aa
t,t
p,p
ax,r
kcl,ax-h
s,s
tcl,tcl
eh,eh
ax,ax
q,tcl
ey,ey
dh,dh
ux,ux
v,v
oy,oy
ae,ae
p,p
pcl,tcl
l,l
ow,ow
bcl,gcl
ey,ey
ih,ih
ix,ix
s,s
ax,n
s,s
aa,aw
ao,ao
bcl,kcl
ix,ix
axr,axr
ow,uw
bcl,bcl
l,l
n,n
aa,aa
f,f
ih,ih
ax,ix
ey,ey
ow,el
eh,eh
k,k
p,dh
s,s
tcl,tcl
t,t
dx,dx
q,q
ax,ax
n,n
gcl,pcl
ix,ix
f,f
r,r
k,k
er,axr
ax,ng
ow,ow
axr,axr
en,en
ey,ay
s,z
y,y
g,g
m,m
dx,nx
z,z
eh,eh
ae,ae
s,s
q,g
sh,sh
q,m
pcl,tcl
q,hh
n,n
f,f
eh,eh
w,w
dcl,dcl
l,l
hh,hh
n,n
k,k
kcl,kcl
q,q
ay,ay
m,m
r,r
ix,ix
y,y
t,d
axr,ax
m,m
sh,sh
l,ix
r,r
y,y
k,k
aa,aa
ow,ow
n,ng
ix,ix
r,r
er,er
l,l
dh,dh
eh,eh
ao,w
f,v
n,n
hv,hv
ay,ay
r,w
w,w
q,q
el,el
dh,dh
kcl,kcl
eh,eh
ax,ax
r,r
n,n
n,n
ng,ng
n,n
hh,dh
w,w
n,n
s,s
ax,ax
w,w
iy,iy
w,w
hh,hh
el,l
m,m
kcl,kcl
eh,eh
axr,r
q,q
kcl,kcl
l,l
ix,ax
er,ay
ow,el
t,t
n,n
l,w
el,el
n,n
s,s
r,r
aa,aa
l,l
w,w
r,hv
ax,ax
ux,ux
kcl,pcl
k,k
ey,ey
t,t
ih,ix
ay,ae
tcl,tcl
t,t
ix,ix
eh,eh
v,v
n,n
z,s
n,n
bcl,bcl
r,v
pcl,tcl
ey,eh
l,w
ax,ax
z,z
l,dh
ux,ux
ao,ao
ix,ix
t,t
tcl,tcl
dcl,gcl
s,s
s,s
k,k
kcl,tcl
dcl,gcl
kcl,kcl
eh,eh
dx,dh
s,f
uw,ux
q,q
ih,ih
zh,sh
ae,ae
bcl,dcl
w,w
kcl,kcl
n,n
dx,dh
m,m
v,v
ao,ao
ax,b
ih,iy
iy,iy
pcl,tcl
w,w
el,el
ix,ix
s,s
n,ng
k,k
f,f
s,s
aa,ao
z,dh
iy,iy
eh,eh
er,er
ax,ix
dx,dx
s,s
q,r
q,q
uw,uw
ix,iy
ao,ao
ih,ix
r,r
m,n
jh,jh
m,m
n,n
tcl,tcl
ih,eh
ix,gcl
m,n
sh,sh
k,k
s,s
ax,ax
f,f
ae,ae
r,dcl
tcl,tcl
eh,eh
n,n
r,r
ah,ow
n,tcl
ey,ey
iy,iy
ux,ux
n,m
w,w
l,l
ae,ae
ah,er
ax,ax
iy,iy
s,s
axr,axr
tcl,tcl
k,k
axr,uh
f,f
eh,eh
tcl,tcl
z,z
s,s
aw,aw
ix,ix
n,n
g,g
f,f
z,z
ey,eh
ih,iy
s,s
ao,ao
aa,aa
aa,aa
er,er
ih,ix
ng,m
w,w
f,f
w,w
dcl,dcl
n,m
ah,ax
eh,ix
sh,sh
s,s
ix,ix
ih,axr
l,l
l,l
s,s
s,sh
ch,s
l,l
dcl,n
s,s
kcl,kcl
dcl,dcl
w,w
ow,ao
ix,ix
l,l
ih,ay
ae,ae
ih,eh
el,el
v,v
tcl,kcl
kcl,pcl
s,s
axr,axr
ow,ow
r,r
t,t
ix,ix
ih,ih
kcl,pcl
r,er
dh,dh
sh,sh
w,w
ao,w
ix,ix
r,r
er,er
v,v
eh,ae
ix,ih
hv,hv
em,em
ix,ix
pcl,pcl
gcl,gcl
ih,ih
p,hh
iy,iy
tcl,tcl
ix,ix
kcl,kcl
ae,ae
er,er
l,ng
ey,ey
eh,eh
w,w
ow,ow
kcl,kcl
dx,dx
p,p
ay,ay
s,s
iy,ih
bcl,bcl
k,k
hv,hv
r,r
w,w
r,r
er,er
s,s
t,t
dcl,dcl
f,f
ix,ix
eh,eh
q,q
s,s
tcl,tcl
p,p
aa,aa
iy,ng
ix,ix
sh,sh
ay,ay
f,f
s,s
axr,tcl
m,m
ix,ix
axr,axr
ah,ah
f,hh
sh,sh
hv,hv
ay,ay
s,s
dx,dh
ux,ix
uh,uh
axr,er
dcl,pcl
s,s
kcl,kcl
ix,ix
ay,ay
l,l
iy,iy
ao,ao
bcl,bcl
pcl,pcl
eh,eh
axr,axr
sh,sh
ux,uw
p,p
n,n
ih,ix
ux,ux
er,er
ix,ix
k,k
s,s
iy,iy
axr,er
kcl,kcl
iy,iy
f,kcl
ax-h,kcl
f,f
ux,ix
v,v
dx,dx
iy,iy
ng,n
axr,ao
g,g
tcl,tcl
b,v
tcl,tcl
ae,ae
ax,l
ah,ah
s,s
l,l
iy,iy
ay,ay
ih,ih
m,m
ix,ix
ih,ih
er,er
kcl,kcl
s,z
ah,ax
iy,iy
ae,ae
bcl,bcl
iy,iy
ih,ix
w,w
k,k
s,s
q,q
aa,ah
n,n
g,g
ux,ux
zh,hh
iy,iy
gcl,gcl
q,q
tcl,kcl
g,k
uw,ow
t,t
ix,n
eh,eh
ow,ow
v,v
z,z
jh,jh
z,z
q,m
s,s
dcl,dcl
eh,eh
hh,hh
ao,ao
g,g
pcl,tcl
iy,iy
y,y
dx,dx
aa,l
m,m
ih,iy
ix,ix
ae,ae
gcl,gcl
gcl,gcl
er,axr
n,n
eh,eh
ch,ch
ao,aa
k,k
ih,r
l,l
r,r
ih,ih
dh,dh
axr,axr
ae,ae
m,m
dcl,dcl
t,t
ix,ix
axr,axr
er,axr
eh,ay
eh,eh
iy,iy
r,r
n,q
t,t
dcl,tcl
m,n
ah,ah
bcl,m
aw,ae
z,z
sh,sh
ax,gcl
ah,axr
z,s
ao,ao
v,v
tcl,v
er,er
w,w
iy,iy
l,l
ih,iy
dh,dh
r,r
w,w
z,z
l,l
kcl,kcl
ae,ae
axr,ix
sh,sh
n,n
en,em
ow,ah
l,l
ao,ao
ux,ux
iy,iy
z,z
ix,ix
ah,w
ey,ae
m,m
ao,ao
ao,ow
hh,hh
v,v
y,y
ih,ih
dh,n
y,y
n,n
sh,sh
l,l
m,bcl
dcl,dcl
q,q
ah,ah
iy,iy
kcl,tcl
s,s
ix,ix
l,m
p,kcl
ay,ay
z,z
iy,iy
dh,hh
s,s
dh,dh
m,m
ao,w
axr,r
r,r
r,r
t,t
s,s
q,ax
n,n
ih,ix
y,l
ae,aa
v,v
n,n
w,w
ey,ih
tcl,tcl
t,t
v,hv
iy,iy
r,r
eh,q
ah,ah
ao,ao
k,k
dcl,dcl
ix,ix
p,p
dcl,dcl
aa,aa
s,s
n,n
ay,ay
bcl,bcl
axr,r
ae,aw
n,tcl
bcl,v
ih,r
tcl,tcl
r,r
k,k
sh,sh
kcl,kcl
p,p
ao,ao
r,r
r,r
ao,ao
r,r
axr,axr
s,s
eh,ae
w,w
l,l
ih,ih
ih,ih
dh,hh
aa,aa
iy,iy
p,hh
ow,ow
f,f
l,l
axr,axr
l,l
tcl,pcl
sh,sh
aw,aw
ah,ah
tcl,tcl
dh,dh
l,l
uw,ux
dh,v
oy,oy
dcl,dcl
ae,ah
ah,ah
ix,ix
z,z
l,l
ih,ih
ax,ih
iy,iy
dcl,dcl
gcl,tcl
l,l
dh,f
t,g
w,w
v,v
z,z
ey,ey
ih,ah
ey,ey
ax,ix
ax,ix
ix,ax
ay,ay
r,r
ay,ay
tcl,tcl
kcl,kcl
jh,jh
axr,axr
ay,ay
q,q
dcl,dcl
ng,ng
ih,ih
axr,ix
eh,eh
l,l
ax,l
dh,dh
t,t
q,dx
ae,ae
dcl,dcl
ey,ay
ow,ow
p,v
dcl,dcl
p,k
ao,ao
ow,ow
iy,iy
ih,ix
ix,ix
r,r
ae,ae
s,s
q,q
n,n
uh,axr
bcl,dcl
ay,eh
dcl,dcl
er,er
ix,ax
n,n
ae,ae
f,p
axr,er
z,s
ey,ih
nx,n
iy,iy
gcl,gcl
tcl,pcl
ao,ao
er,er
f,f
n,n
iy,iy
f,f
bcl,gcl
ih,ix
l,l
aw,aw
ih,ih
l,l
ay,ay
r,r
tcl,tcl
f,f
sh,sh
t,t
tcl,kcl
ah,ah
ih,ix
l,l
tcl,tcl
dh,dh
bcl,bcl
ae,ae
ax,q
y,y
ix,ix
gcl,gcl
ih,ix
iy,iy
pcl,pcl
ih,ix
ae,ae
ow,ow
ey,ey
ey,ae
s,s
s,s
r,r
ay,ay
ix,n
l,l
m,m
s,s
dcl,gcl
q,q
l,l
th,f
l,w
aa,aa
dcl,tcl
z,s
k,k
q,q
v,v
s,s
ih,ih
t,t
sh,sh
ix,ix
kcl,kcl
ae,ih
eh,ih
ao,ao
kcl,tcl
sh,sh
ih,axr
pcl,pcl
ng,ng
ix,ix
iy,iy
kcl,kcl
n,n
ay,ay
iy,iy
pcl,tcl
ix,q
l,l
v,v
n,gcl
dx,d
tcl,pcl
er,er
t,t
er,er
ix,y
er,axr
ih,ix
aw,aw
s,s
iy,iy
aa,ao
g,g
iy,ix
ae,ae
r,r
bcl,bcl
ay,ay
n,dcl
ey,ey
ix,ix
gcl,kcl
ax,ax
iy,iy
ow,ow
th,hh
hh,hh
s,s
eh,eh
r,r
n,n
ow,ow
dh,th
r,r
ae,ae
iy,iy
ix,iy
y,y
f,f
z,s
l,v
r,r
aa,aa
nx,n
dcl,dcl
s,s
w,w
ax,l
ix,l
er,axr
r,r
ux,ux
k,k
g,g
r,r
aa,aa
ih,r
w,w
ix,ix
ix,iy
ae,ae
r,r
ih,ih
dh,dh
ey,ey
ng,n
s,s
ay,ae
dcl,kcl
ng,ng
ih,y
axr,axr
dcl,gcl
r,r
f,f
er,er
ix,ax
z,z
n,n
n,n
iy,iy
kcl,tcl
m,n
ey,ey
t,t
p,p
eh,r
ey,ey
k,kcl
en,m
z,z
iy,y
tcl,tcl
ow,er
v,v
ax,ax
ax,r
ax,ax
k,k
q,q
el,el
ay,ah
bcl,bcl
ng,ng
ao,ao
ax,ix
ow,el
bcl,n
l,l
r,r
kcl,tcl
v,v
ah,ah
tcl,tcl
tcl,gcl
ih,ih
sh,sh
s,s
nx,n
aa,l
y,hv
pcl,pcl
hh,hv
ix,ix
f,pcl
iy,iy
z,z
eh,eh
er,axr
ix,ix
sh,sh
dcl,tcl
t,t
t,t
s,s
ux,ux
k,k
ix,ix
kcl,q
ax,ax
l,l
en,n
ae,ae
iy,iy
z,z
eh,er
w,w
iy,y
ax-h,t
er,er
ax,ax
z,z
kcl,tcl
n,n
el,l
ix,ix
hh,hh
th,th
n,m
ax,q
iy,iy
axr,axr
eh,eh
iy,iy
r,r
ow,el
s,s
dcl,hh
r,r
l,l
g,b
z,z
z,z
ow,ow
ae,ae
axr,ix
n,ng
iy,iy
kcl,kcl
q,q
nx,n
t,f
g,g
r,axr
n,n
l,l
ey,eh
ix,ux
tcl,tcl
dh,m
iy,iy
ey,ey
ix,iy
dcl,gcl
r,r
m,m
z,s
ih,ix
k,g
ux,ux
l,l
d,d
t,d
n,n
ow,ow
axr,r
ow,ah
n,n
ix,ix
r,r
ay,ay
dcl,dcl
p,p
kcl,tcl
p,p
ah,ah
hh,hh
r,r
iy,ux
ah,ah
iy,ux
gcl,gcl
pcl,kcl
kcl,kcl
y,y
ao,ao
axr,r
ao,ao
er,ix
w,ux
b,tcl
gcl,gcl
ix,ey
ix,ix
r,r
aa,aa
r,r
s,s
r,ax
eh,eh
s,s
dcl,dcl
iy,iy
r,r
axr,axr
er,r
z,z
m,m
ax,ix
ix,ix
ae,ae
n,n
t,t
ix,ih
ae,ae
q,q
ah,ah
f,f
aa,aa
r,r
s,s
gcl,gcl
l,el
dcl,tcl
kcl,kcl
aa,aa
l,l
r,r
aa,ao
ix,ix
s,s
w,w
tcl,tcl
gcl,gcl
dx,ix
m,m
iy,iy
dx,dx
s,s
s,s
z,z
w,w
w,v
y,y
n,n
pcl,pcl
iy,iy
axr,axr
axr,ix
ax-h,ix
r,aa
ih,ih
ih,ih
w,w
en,m
axr,axr
kcl,pcl
t,t
axr,axr
f,f
q,q
iy,iy
g,g
iy,iy
dx,dx
ix,eh
iy,ng
dcl,dcl
k,k
y,y
ao,ao
kcl,kcl
aa,aa
iy,iy
ax,ax
f,f
en,gcl
g,ax-h
