true_label,predicted_label
r,r
z,z
axr,ix
kcl,kcl
aa,ah
tcl,tcl
ih,ih
ow,ow
l,r
ey,ey
ae,ay
r,r
ae,ae
axr,r
t,t
iy,ix
n,n
iy,iy
ao,ao
ae,ae
ih,ih
z,z
v,v
n,n
eh,r
w,w
ix,ix
ax,ix
bcl,bcl
n,n
aa,aa
k,k
aa,ao
kcl,kcl
th,z
s,sh
l,l
p,p
ix,axr
w,w
ix,ix
ae,ae
m,m
z,s
dcl,bcl
d,tcl
uw,uw
g,k
r,r
tcl,tcl
pcl,tcl
f,f
t,ch
gcl,gcl
hv,hv
m,m
r,r
ow,ow
m,m
sh,sh
s,s
kcl,tcl
ax,ax
eh,eh
k,k
aw,aw
m,n
ix,ix
iy,iy
kcl,tcl
th,dh
ix,ix
gcl,dcl
ih,ih
ah,aa
ux,ux
dcl,dcl
k,k
b,k
dcl,dcl
ay,ay
t,t
ae,eh
gcl,axr
oy,oy
eh,eh
aa,aa
l,l
z,z
ix,ix
s,s
z,z
axr,axr
p,p
g,g
kcl,p
r,r
z,z
s,s
tcl,tcl
f,f
r,aa
axr,axr
tcl,tcl
ih,ih
f,f
aa,r
m,r
k,k
k,g
ng,ng
gcl,kcl
n,ng
v,v
eh,eh
gcl,gcl
uh,ux
n,q
ux,ux
aa,aa
ih,ih
s,s
iy,ix
ae,ae
dcl,dh
y,iy
r,r
z,z
n,m
f,f
m,n
z,s
kcl,kcl
z,z
ax,ix
d,t
ih,ix
dcl,dcl
l,l
axr,axr
ey,ey
axr,eh
k,k
s,s
iy,iy
v,v
dcl,tcl
ax-h,tcl
r,r
iy,iy
ow,ow
n,ix
ng,n
s,s
ix,ix
ae,eh
tcl,tcl
iy,iy
dh,dh
t,t
tcl,kcl
iy,ix
s,s
uh,ix
ah,ao
axr,axr
tcl,tcl
tcl,tcl
n,n
iy,iy
ix,axr
iy,ih
kcl,tcl
hh,hh
iy,iy
ux,ih
q,tcl
ix,eh
pcl,tcl
n,n
ey,ey
k,k
w,w
n,n
kcl,tcl
axr,axr
ow,ow
s,s
k,k
tcl,tcl
m,m
r,r
w,w
z,z
ix,ix
g,g
sh,sh
r,r
ae,ae
gcl,gcl
axr,axr
ah,ah
d,d
gcl,gcl
ow,ao
dx,dx
ih,ix
uw,ux
th,f
z,s
ax,ax
ix,ih
oy,oy
hv,hv
l,l
w,w
gcl,gcl
r,r
n,n
t,p
hv,hv
iy,iy
r,r
l,l
ax-h,ax
k,k
eh,ow
ih,ih
ih,ih
eh,axr
el,el
q,q
ix,n
kcl,tcl
ay,ay
r,r
hv,hv
ao,ao
s,z
b,p
m,m
n,n
bcl,bcl
l,l
ax,ix
ng,n
n,ng
iy,iy
ae,ae
ux,ux
ix,ix
iy,iy
kcl,kcl
v,m
ix,ix
n,n
ix,iy
tcl,tcl
q,q
ax,ix
k,k
k,k
ih,ih
ix,ix
ch,ch
s,s
axr,r
tcl,tcl
r,r
f,f
ah,ah
ih,ix
ng,ng
jh,jh
ey,ey
r,ax
aa,aa
iy,iy
ey,ix
t,t
ae,ae
sh,sh
ax,eh
tcl,tcl
axr,axr
ey,ey
y,y
tcl,tcl
eh,eh
n,n
s,s
ey,ey
er,eh
s,s
sh,s
ay,ay
dcl,gcl
b,b
pcl,tcl
l,l
ah,ih
l,l
ux,ux
kcl,tcl
r,r
v,hv
ix,ix
l,l
axr,axr
kcl,kcl
q,q
dx,dx
hh,hh
r,r
iy,iy
ay,ay
iy,iy
z,z
pcl,pcl
ey,ey
nx,l
ey,ey
q,q
n,en
ix,ix
q,q
k,k
aa,aa
z,s
ix,ix
t,t
ay,ay
ao,ao
f,f
ao,ao
kcl,kcl
g,g
axr,ix
k,k
pcl,tcl
n,m
gcl,kcl
m,m
q,q
dh,dh
s,s
th,f
gcl,n
r,axr
r,r
tcl,tcl
t,f
s,s
iy,iy
pcl,pcl
kcl,tcl
r,axr
ay,ay
ax,ax
iy,iy
k,k
uh,ax
dx,dx
dx,dx
dh,dh
ux,ux
f,f
ix,ax
ao,aa
kcl,kcl
n,n
hv,hv
tcl,tcl
l,l
m,m
ow,w
ay,ay
s,s
ao,ao
ah,aa
s,s
pcl,kcl
tcl,tcl
kcl,kcl
dcl,dcl
dcl,dcl
ix,ix
g,g
eh,eh
iy,iy
el,el
ae,iy
l,l
q,q
ix,ix
g,g
n,ix
q,q
ix,ix
l,l
ah,eh
m,m
iy,r
q,q
iy,iy
ey,ey
k,k
kcl,tcl
z,z
ih,ih
ow,ow
axr,ix
s,s
y,iy
s,s
er,er
ao,ao
gcl,tcl
r,r
z,sh
g,g
iy,iy
sh,sh
ix,ix
l,w
ah,eh
y,y
kcl,pcl
tcl,tcl
ng,ix
kcl,kcl
l,ax
aa,ao
er,er
aa,ah
n,n
iy,iy
ng,ng
k,k
s,s
p,p
bcl,bcl
ng,n
ao,ao
z,s
l,l
w,w
kcl,tcl
r,r
g,g
ih,ih
axr,r
ax,ax
er,axr
z,s
m,m
dh,z
f,f
ax,ax
axr,eh
el,uh
r,r
ch,ch
ah,ao
ah,eh
ao,eh
ax,ix
s,s
ix,ix
m,m
r,r
s,s
m,n
s,s
ey,ey
aw,ay
n,n
hv,hv
n,n
eh,eh
k,p
ix,eh
s,s
ix,ey
dcl,dcl
kcl,kcl
w,w
r,r
l,l
iy,iy
z,z
gcl,gcl
y,y
l,l
aa,ao
l,ao
ax,ax
ey,ey
l,l
ih,y
z,s
tcl,kcl
eh,eh
n,n
t,t
v,r
ih,ih
ix,ix
z,z
kcl,tcl
er,er
f,f
er,axr
g,k
tcl,tcl
s,s
dcl,tcl
l,l
l,l
ah,ah
r,v
ix,ih
th,dh
axr,axr
ao,ao
s,s
iy,iy
ao,ao
r,r
w,w
ao,ao
axr,axr
hv,hv
tcl,tcl
ey,ey
m,m
axr,ix
ax,r
p,p
k,k
n,n
ih,ix
oy,ao
t,t
w,r
ih,ix
q,ix
z,z
oy,oy
l,el
ae,ae
oy,oy
ay,ay
n,n
ux,ux
ax,ax
s,s
gcl,gcl
ae,ae
hh,hh
z,s
g,g
g,k
y,ix
ah,ah
l,iy
dcl,dcl
s,s
tcl,kcl
gcl,tcl
ix,ix
kcl,tcl
ah,ah
hh,hh
ah,eh
f,f
y,y
dcl,tcl
n,n
er,er
s,s
n,m
ix,r
t,t
ax,ax
t,t
n,ng
iy,iy
l,iy
l,ax
tcl,tcl
t,t
n,m
f,f
ey,ey
q,q
l,l
axr,ix
kcl,kcl
eh,eh
eh,eh
k,k
w,w
ae,ae
hv,y
ix,ix
er,axr
f,f
r,r
er,er
w,w
axr,er
sh,sh
nx,l
dh,dh
jh,jh
ay,ay
axr,axr
q,q
p,p
ah,ax
ix,dx
q,q
q,q
dcl,dcl
eh,aa
iy,iy
ay,ay
l,l
aw,ah
pcl,pcl
s,s
dcl,n
ix,ix
t,t
kcl,kcl
dh,dh
iy,r
sh,sh
iy,iy
iy,iy
ng,m
l,w
kcl,tcl
v,v
iy,iy
s,s
aa,aa
r,r
w,w
sh,sh
gcl,gcl
dcl,dcl
ao,ao
er,aa
ae,ae
k,k
ch,ch
hv,hv
hv,hv
ih,eh
s,s
m,m
dcl,dcl
iy,iy
tcl,tcl
r,r
pcl,tcl
pcl,tcl
dh,dh
s,s
ih,ix
k,k
dx,dx
iy,iy
oy,oy
iy,iy
th,th
hh,hh
y,y
q,q
ix,ix
ix,ax
m,w
z,z
kcl,kcl
ux,iy
ng,ng
ih,ih
kcl,kcl
iy,ix
pcl,tcl
w,w
r,r
tcl,tcl
aw,aw
t,jh
v,dh
ix,ix
ao,aa
ix,ix
ix,iy
hv,hv
ae,ae
v,v
ey,ey
hv,y
oy,oy
m,m
ae,ae
z,z
n,n
w,w
el,el
q,q
iy,iy
m,m
n,n
w,w
ih,iy
q,q
tcl,tcl
sh,sh
s,s
tcl,tcl
ng,n
el,el
ux,axr
ah,ah
n,tcl
ih,ih
v,v
eh,ae
dh,d
m,w
k,k
r,r
axr,axr
iy,iy
y,y
bcl,bcl
tcl,kcl
sh,sh
ix,ax
iy,iy
aa,ao
ow,ao
f,v
iy,iy
eh,eh
aa,aa
ae,eh
r,r
ow,ow
axr,axr
hh,hh
ax,ax
iy,iy
v,v
er,er
dcl,dcl
tcl,tcl
ow,ao
ix,ix
ux,iy
s,s
s,s
kcl,kcl
ih,ix
uh,uh
aa,ao
er,axr
tcl,tcl
iy,iy
ih,ux
p,p
uh,axr
tcl,kcl
eh,r
tcl,tcl
n,m
gcl,gcl
l,l
n,n
ax,v
dx,dx
l,l
ah,ah
dx,dx
aa,aa
pcl,tcl
eh,eh
tcl,tcl
l,l
ax,ax
ax,ax
ix,ix
iy,iy
s,s
kcl,kcl
pcl,bcl
z,z
l,l
kcl,kcl
ix,ix
dcl,tcl
uw,uw
ay,ay
axr,r
kcl,tcl
ae,ae
ux,ux
r,r
p,p
ay,ay
w,w
l,l
er,er
ax,ax
n,n
r,r
r,ux
n,nx
ay,ay
ae,ae
tcl,q
t,t
dh,dh
ah,ao
ix,ih
ih,ae
k,k
l,ao
v,v
ux,ux
tcl,p
th,th
s,s
aw,aw
s,s
jh,jh
s,s
dcl,n
ax,ax
l,l
axr,axr
ae,ae
ih,ih
r,ao
f,f
iy,iy
s,jh
dx,dx
kcl,tcl
kcl,ix
dh,dh
s,s
f,f
ih,ix
q,q
ay,ay
dcl,bcl
bcl,bcl
w,w
ae,aa
k,g
s,s
iy,iy
uh,ux
s,s
dh,dh
pcl,gcl
f,f
m,m
z,z
pcl,pcl
p,t
ae,ae
ay,ay
r,axr
kcl,kcl
ae,ae
ao,el
aa,aa
s,ch
iy,iy
ih,ih
hv,hv
ux,ux
dcl,dcl
z,z
p,p
ao,ao
bcl,tcl
v,v
tcl,tcl
ix,ih
l,ax
s,s
n,n
el,el
r,r
ow,ow
eh,eh
ih,ix
axr,r
ux,ux
q,q
t,t
n,n
t,t
oy,oy
aa,aa
eh,eh
m,m
r,r
tcl,q
l,l
ih,uh
l,l
r,r
ix,axr
f,v
axr,ux
s,s
f,f
g,dx
iy,y
kcl,tcl
ix,ax
w,w
z,z
sh,sh
z,z
kcl,tcl
sh,sh
axr,axr
p,p
iy,iy
hh,hh
ix,ix
k,k
ix,ax
p,p
d,t
axr,axr
aa,aa
n,n
s,s
ao,ao
w,w
v,v
ix,ix
er,er
ae,ae
iy,iy
kcl,kcl
tcl,kcl
dcl,tcl
f,v
n,n
n,n
ax,ax
th,tcl
m,n
ix,ix
m,m
tcl,tcl
aa,aa
er,axr
tcl,tcl
er,er
t,b
iy,iy
dcl,dcl
l,l
eh,eh
l,el
n,n
ih,ix
dh,dh
t,t
kcl,tcl
ux,ux
ae,ae
ux,ux
ae,ae
w,w
ih,ih
kcl,kcl
ih,ix
iy,ih
z,z
ih,ix
tcl,tcl
g,g
s,s
l,l
iy,iy
q,tcl
ae,ae
dh,d
s,s
bcl,tcl
m,m
iy,iy
p,p
s,s
eh,ae
t,t
ay,ay
b,b
r,r
ae,ae
w,w
ay,ay
z,z
ay,ay
hv,hv
r,r
s,s
ow,ow
sh,sh
el,ax
v,v
n,n
ix,ix
jh,jh
ah,ax
t,hh
q,q
m,m
pcl,tcl
w,w
s,s
ay,ay
gcl,gcl
l,l
el,ax
iy,ey
z,z
k,k
hv,hv
n,n
k,k
ch,ch
d,d
l,w
f,f
sh,sh
axr,r
aa,aa
dcl,dcl
kcl,n
axr,r
tcl,tcl
ih,ih
er,er
t,t
ao,aa
y,y
r,r
ih,ih
z,z
l,l
dh,dx
w,w
ow,ow
q,q
ah,ih
axr,axr
l,l
n,en
ix,ix
aa,ao
w,w
ix,axr
oy,oy
iy,iy
ux,ux
dh,dh
pcl,tcl
ng,ng
ow,ow
r,r
r,r
n,en
ey,ey
tcl,tcl
z,z
nx,nx
y,y
aa,aa
kcl,kcl
aa,aa
sh,sh
tcl,kcl
s,f
v,v
m,m
ay,ay
nx,n
m,m
ae,ae
kcl,kcl
ix,ix
w,w
bcl,bcl
ey,ey
m,n
pcl,tcl
t,t
n,n
sh,sh
m,n
w,w
ih,ix
ix,eh
eh,eh
r,r
ux,ux
axr,axr
f,f
g,g
ih,ih
ah,ao
th,f
l,l
dcl,dcl
ay,ay
er,r
ae,eh
v,v
k,tcl
k,k
v,v
kcl,kcl
n,n
sh,sh
ae,ae
l,w
el,ax
t,t
dcl,tcl
m,m
v,v
iy,iy
k,k
m,m
w,w
r,r
iy,iy
bcl,bcl
r,r
n,n
tcl,tcl
l,l
aw,aw
en,n
t,t
s,s
n,n
ih,ih
dcl,n
k,k
s,s
ao,ao
kcl,kcl
q,r
z,z
s,s
z,z
m,m
s,s
ao,ao
aa,r
ng,n
dcl,bcl
z,z
ah,ah
tcl,tcl
dh,n
kcl,kcl
l,ow
iy,iy
ow,ow
hh,hh
tcl,tcl
eh,ae
ux,ux
q,q
ix,iy
n,n
p,p
ax,ax
iy,iy
s,s
ah,l
d,d
n,n
dcl,tcl
n,n
sh,sh
r,eh
ow,ow
eh,ix
ix,ix
iy,iy
z,z
l,l
dcl,dcl
ao,aa
zh,zh
en,n
dh,l
l,el
uh,uh
ix,axr
s,z
uh,uh
iy,iy
aa,aa
f,f
tcl,tcl
nx,dx
ao,aa
ax,ax
jh,ch
axr,axr
kcl,kcl
ix,ih
n,n
f,p
ow,uw
ih,ix
nx,nx
ah,ah
iy,iy
dcl,dcl
ix,ih
kcl,kcl
f,f
kcl,tcl
dcl,dcl
iy,iy
ao,ao
ae,ae
s,s
dh,dh
aa,ah
dcl,n
w,w
t,t
ng,n
ae,ae
q,q
ay,ay
l,l
ae,eh
ux,ux
ah,ah
dcl,gcl
dcl,tcl
ix,ix
tcl,dx
dcl,gcl
sh,sh
ay,ay
n,v
p,p
n,n
t,dx
jh,jh
iy,iy
n,n
eh,ih
s,s
dh,dh
ay,ay
n,n
w,w
l,l
iy,iy
er,er
ah,ah
l,l
l,q
n,ix
ix,ix
tcl,kcl
f,f
bcl,dcl
m,m
ah,ix
ay,ay
eh,eh
w,m
iy,iy
axr,er
ng,dx
ao,ao
s,s
ch,sh
w,w
l,l
ux,ux
ax,ix
dcl,tcl
ax,ax
dcl,bcl
ow,eh
b,p
ih,iy
f,f
oy,oy
r,r
l,l
tcl,tcl
tcl,tcl
r,w
q,q
ao,ao
l,ax
z,z
ih,y
ey,ey
p,p
g,g
v,dx
ax,ax
y,y
iy,iy
ae,ae
l,w
v,v
ix,ih
uh,uh
ao,ao
n,dcl
r,r
k,k
p,b
bcl,dcl
n,n
m,m
ah,ae
iy,iy
s,s
ao,r
r,r
m,m
z,zh
bcl,bcl
q,ix
r,r
eh,eh
f,f
jh,sh
tcl,tcl
ah,r
pcl,tcl
iy,iy
tcl,tcl
er,r
nx,n
tcl,bcl
eh,ix
gcl,kcl
ay,ay
dcl,dcl
s,s
t,t
s,s
tcl,kcl
kcl,kcl
r,r
ix,ix
iy,ix
l,ax
tcl,tcl
iy,iy
er,er
m,m
ey,ey
k,k
ao,ao
t,t
ao,ao
ih,ih
f,f
ax,ix
kcl,tcl
r,r
sh,sh
axr,r
pcl,pcl
tcl,tcl
f,f
pcl,tcl
ax,axr
er,er
hh,hh
v,l
tcl,tcl
axr,axr
ao,ao
ae,ae
er,axr
r,r
iy,iy
eh,ih
dh,dx
aw,aa
pcl,tcl
hh,hh
bcl,bcl
s,z
ih,ih
ix,ix
ax,ax
q,q
w,w
r,axr
ae,ae
s,z
ao,aa
ih,eh
ay,ay
er,er
d,d
iy,iy
n,ng
n,ng
ow,ow
r,r
f,f
sh,sh
bcl,v
s,s
ay,ay
ix,ix
l,l
ng,ng
r,ax
ih,iy
ah,ix
ix,ix
iy,iy
m,n
aa,aa
s,f
ix,ix
z,z
y,y
ae,ey
z,z
ix,ix
tcl,tcl
q,q
r,r
d,y
sh,sh
hh,hh
r,r
t,t
uh,aa
g,k
axr,er
s,s
l,l
z,s
k,k
tcl,tcl
dh,dh
ix,ix
kcl,tcl
s,s
n,n
sh,sh
k,k
m,m
m,m
s,s
r,w
l,n
ix,ix
en,en
k,k
ax,ix
z,z
en,m
dcl,dcl
ay,ay
sh,sh
kcl,kcl
tcl,tcl
s,s
r,er
axr,axr
eh,eh
ax,ax
q,ax
ux,ux
m,m
tcl,tcl
k,k
ix,ix
ey,ix
l,l
s,s
f,f
iy,iy
g,g
dcl,tcl
jh,jh
ow,ow
jh,jh
g,g
s,z
kcl,kcl
dcl,gcl
p,p
iy,iy
q,r
k,k
f,v
er,er
p,p
l,l
kcl,kcl
eh,ix
iy,iy
s,tcl
w,l
ah,ah
aa,ay
n,m
t,t
y,y
iy,iy
n,n
n,q
tcl,tcl
v,v
k,k
eh,eh
ih,ih
ux,ux
ae,eh
ae,ae
ae,ae
n,q
r,r
f,f
hv,hv
l,l
ih,ih
t,t
r,r
bcl,dcl
n,n
gcl,gcl
m,m
ax,uh
w,l
er,axr
ae,ae
tcl,tcl
ax,ix
g,d
z,z
r,r
eh,eh
ax,ax
el,el
pcl,kcl
ah,eh
m,m
ix,ix
kcl,tcl
tcl,tcl
s,s
n,n
l,ax
z,z
w,w
n,n
ow,ow
ix,ix
m,n
ax,ax
b,p
m,m
ih,ix
l,uh
ah,ax
gcl,gcl
w,r
t,t
k,k
eh,eh
ix,ix
l,l
eh,eh
bcl,pcl
l,l
t,t
g,g
pcl,tcl
tcl,dx
d,t
m,m
hh,hh
pcl,tcl
ih,ih
ix,ix
ih,ix
z,z
z,s
n,n
eng,n
ux,ux
gcl,gcl
r,aa
nx,nx
f,f
s,s
n,n
ey,ey
sh,sh
tcl,tcl
uh,ix
ae,ae
w,w
n,n
ih,ih
ay,aa
s,z
k,k
ih,eh
f,f
uh,ax
dx,dx
dcl,tcl
l,k
l,ax
ih,ah
y,y
ax,ax
t,jh
r,r
sh,sh
z,z
axr,r
ey,ey
f,f
n,dx
iy,ix
k,k
ix,ix
r,r
gcl,tcl
dh,v
r,r
sh,sh
z,sh
bcl,tcl
ix,ix
axr,axr
m,m
l,l
eh,eh
w,w
s,s
dh,dh
pcl,kcl
n,n
ix,ix
kcl,k
ao,ao
pcl,tcl
ix,r
kcl,kcl
iy,iy
k,k
z,s
ae,ae
q,q
z,z
ih,ih
iy,iy
g,g
dcl,gcl
l,l
n,n
pcl,tcl
m,m
ax,ax
l,l
ah,ah
t,t
s,s
dcl,tcl
r,r
iy,iy
p,p
p,p
l,hv
ah,ah
ae,ae
z,s
axr,axr
dcl,n
g,g
ax,ax
y,dx
n,n
dx,dx
v,v
s,s
dcl,tcl
er,er
n,ng
q,ix
dh,v
ng,n
l,l
n,n
ix,ix
el,el
el,el
r,r
th,b
kcl,kcl
ix,ix
ax,ax
sh,sh
ao,ao
r,r
ae,ae
ng,ng
r,w
ng,n
ah,aa
ae,ae
el,ax
s,s
pcl,tcl
n,m
tcl,tcl
ao,ao
n,l
th,z
ix,ay
axr,r
s,s
kcl,tcl
uh,uh
el,l
kcl,kcl
ae,ae
r,axr
sh,sh
eh,ix
axr,r
ow,ow
jh,t
s,s
t,t
pcl,kcl
aa,ao
n,n
ih,ix
iy,iy
m,m
gcl,gcl
gcl,gcl
s,s
n,ix
z,s
sh,sh
zh,sh
ay,ay
v,v
ix,ix
r,r
kcl,kcl
r,r
eh,eh
er,er
sh,sh
l,l
eh,ih
s,s
bcl,bcl
ih,ih
iy,iy
bcl,bcl
ow,ow
tcl,tcl
ax,ix
q,q
ah,ax
ng,ng
iy,iy
ae,ae
bcl,bcl
eh,eh
gcl,tcl
n,n
kcl,tcl
ao,ao
tcl,tcl
kcl,kcl
r,r
l,l
sh,sh
ix,ix
ax,ax
r,r
d,t
axr,axr
f,f
r,r
th,dh
iy,iy
iy,iy
ix,axr
iy,ey
oy,oy
ix,ix
eh,eh
tcl,tcl
ix,ix
dh,dh
w,w
axr,axr
gcl,gcl
s,s
r,r
tcl,tcl
t,t
eh,eh
kcl,axr
r,r
ih,ix
ey,ey
aa,aa
ix,ix
ix,ix
ix,ix
hv,hv
tcl,tcl
t,t
ix,ix
ih,ih
m,n
z,z
ix,ix
ax,eh
r,r
aa,aa
k,g
dx,ax
s,s
ae,eh
k,k
ao,ao
z,sh
ao,ao
dh,t
r,r
gcl,bcl
ax,ix
ih,ih
l,r
eh,eh
dcl,tcl
k,k
uw,ux
g,dh
l,ax
hv,hv
eh,ih
hv,hv
g,g
p,hh
ix,ix
tcl,dx
aa,aa
iy,iy
ih,eh
jh,ch
p,p
kcl,tcl
hh,hh
d,t
q,ix
tcl,tcl
ah,ay
ah,ao
m,n
sh,sh
pcl,tcl
ao,ao
l,l
r,r
t,d
tcl,gcl
el,l
ay,ay
pcl,tcl
r,v
r,axr
ay,ay
y,y
axr,axr
ih,ih
dh,t
n,n
ax,ix
s,s
ao,ao
ax,ax
k,k
tcl,tcl
el,l
eh,eh
v,v
eh,eh
r,r
m,n
g,g
l,l
r,r
bcl,bcl
s,s
g,g
ax,ax
ow,axr
k,k
eh,eh
ix,ix
aw,aw
r,r
q,q
dcl,dcl
l,l
aa,eh
ix,ix
tcl,tcl
s,s
ix,iy
iy,iy
dx,dx
r,r
dcl,tcl
n,n
kcl,kcl
ih,ih
y,y
s,z
ae,ae
l,ax
pcl,tcl
m,m
t,t
axr,axr
er,er
eh,ih
sh,sh
s,s
ao,aa
n,n
v,v
w,w
r,r
t,t
m,w
b,k
ih,ih
th,th
axr,axr
f,dh
er,er
ix,ih
iy,iy
t,t
t,d
n,n
ah,ah
ih,ix
el,el
l,l
ih,ih
p,p
n,ix
p,p
iy,ix
ey,ey
kcl,tcl
ix,iy
eh,ae
dx,dx
d,d
l,l
ow,uh
r,r
ah,ah
tcl,tcl
tcl,tcl
r,r
iy,iy
s,s
n,n
ah,eh
y,y
ah,ah
iy,iy
kcl,kcl
l,l
l,l
s,s
sh,s
r,ix
s,s
iy,iy
tcl,tcl
eh,ih
iy,iy
s,s
s,s
ay,ay
gcl,k
pcl,bcl
sh,sh
ih,eh
ey,ey
dx,n
ah,ah
n,n
ow,ow
kcl,tcl
ih,ih
gcl,gcl
en,en
dcl,kcl
axr,axr
gcl,gcl
dh,dh
dcl,dcl
n,m
tcl,tcl
ey,ey
axr,ix
n,ng
g,dh
ih,eh
l,l
ey,ey
dx,dx
bcl,bcl
eh,eh
gcl,n
r,r
pcl,kcl
iy,iy
sh,sh
nx,dx
dh,v
l,l
gcl,gcl
tcl,dcl
s,s
ay,ay
tcl,tcl
aa,ay
ih,ih
n,n
ax,axr
z,z
ix,ng
s,s
ao,ao
s,s
t,t
q,q
t,g
s,s
ax,ix
r,r
q,q
n,n
n,n
ah,eh
p,p
m,m
r,r
ix,ax
hh,hh
t,t
ax,ax
kcl,kcl
ux,er
ao,ao
p,p
t,t
ey,ey
gcl,v
l,l
m,m
ay,ay
q,q
ih,ih
kcl,kcl
bcl,kcl
eh,eh
kcl,kcl
l,eh
kcl,gcl
ah,eh
aa,aa
tcl,tcl
kcl,kcl
g,g
n,n
ae,ae
ae,ey
l,l
p,p
ax,ax
f,f
s,s
n,n
axr,axr
v,v
w,w
ix,ix
axr,r
l,l
aa,aa
n,n
k,k
s,s
ix,ix
l,en
tcl,tcl
ih,eh
ng,ng
ix,ix
n,n
sh,sh
k,g
gcl,kcl
tcl,tcl
tcl,tcl
ih,ih
s,s
l,q
bcl,n
ae,er
ih,ih
s,s
ah,aa
en,ix
pcl,dcl
f,f
iy,iy
tcl,tcl
gcl,gcl
ix,ax
er,er
s,s
gcl,gcl
eh,eh
ay,ae
aw,aw
ey,ey
q,q
r,r
ow,ow
r,v
oy,oy
eh,eh
dcl,dcl
q,q
z,z
ow,ow
z,s
s,s
ey,iy
pcl,tcl
r,iy
kcl,kcl
ae,ae
ao,ao
pcl,tcl
f,f
ay,ah
n,m
kcl,kcl
v,v
r,r
g,k
ix,ih
iy,iy
iy,iy
ow,ao
v,dcl
r,w
kcl,kcl
tcl,tcl
f,f
n,n
kcl,kcl
ax,ax
ay,ay
er,axr
tcl,tcl
t,t
ow,ow
hh,hh
pcl,tcl
tcl,tcl
jh,ch
eh,eh
n,m
ih,ih
dx,dx
uw,y
w,w
hv,hv
ix,ix
n,n
t,tcl
ih,axr
r,r
s,s
f,t
t,t
ax,r
bcl,m
y,y
tcl,kcl
dx,dx
ux,ux
kcl,kcl
ih,ux
t,t
ax,ax
bcl,bcl
b,p
ix,ey
n,ng
aa,ao
kcl,kcl
ax,uh
m,m
v,v
q,q
n,n
t,t
iy,iy
ux,ux
m,m
ix,eh
ay,oy
s,s
ey,iy
dh,dh
n,n
tcl,tcl
tcl,tcl
ih,ix
oy,oy
oy,oy
ow,ow
t,t
ng,ng
iy,iy
en,en
tcl,tcl
l,l
k,k
iy,iy
s,s
r,r
eh,eh
ix,ix
hv,hv
ih,ih
r,r
p,p
ih,ih
r,r
er,er
l,l
g,g
f,v
kcl,tcl
ix,r
r,r
w,aa
r,r
t,t
ay,ey
ey,ey
q,m
y,y
hv,hh
m,m
dcl,dcl
dh,dh
eh,eh
kcl,tcl
ax,ix
ao,ao
bcl,gcl
r,r
pcl,tcl
t,t
ae,ae
iy,iy
bcl,tcl
ih,ih
ao,ao
d,d
k,g
ix,ix
ux,ux
er,er
tcl,tcl
k,k
r,r
tcl,tcl
ae,ae
pcl,bcl
kcl,tcl
ao,w
ng,n
aa,ah
hv,hv
gcl,gcl
ih,ih
tcl,tcl
tcl,tcl
r,r
r,ix
r,r
ih,ih
ao,ao
ey,ey
iy,iy
z,z
n,n
m,m
y,y
ih,ih
aa,aa
v,v
ux,ux
kcl,kcl
ax,ax
dcl,tcl
axr,er
v,v
f,f
w,w
sh,sh
iy,ix
r,r
s,s
z,z
axr,er
tcl,dx
n,n
hv,hv
ow,ow
tcl,tcl
jh,jh
eh,eh
ao,ao
r,r
l,l
p,p
kcl,tcl
f,f
ah,ah
r,r
aa,aa
ow,ao
jh,jh
s,s
axr,axr
iy,iy
ae,ae
tcl,tcl
tcl,tcl
iy,iy
m,m
s,s
ax,ax
ih,ih
k,k
q,q
tcl,tcl
dx,dx
sh,sh
f,f
tcl,bcl
ix,ix
eh,eh
l,l
eh,eh
en,n
b,b
n,n
ih,ih
ih,ix
z,z
r,r
ax,ix
dcl,tcl
pcl,tcl
y,y
ix,eh
dcl,n
l,ax
jh,jh
tcl,kcl
ch,ch
eh,eh
d,p
ao,ao
ao,ah
ih,ix
en,n
kcl,kcl
tcl,tcl
r,r
p,p
ix,ix
kcl,kcl
l,l
ao,aa
kcl,tcl
ow,l
jh,jh
g,g
l,ax
jh,sh
r,r
dh,dh
pcl,pcl
bcl,bcl
ax,axr
r,r
ow,ow
kcl,kcl
s,s
l,l
t,jh
l,l
s,s
s,s
n,n
ah,ah
er,ih
bcl,v
n,n
axr,axr
s,s
ow,ow
gcl,g
n,n
dcl,pcl
eh,eh
em,m
w,w
n,en
el,ow
ih,ih
iy,iy
s,z
ix,ih
aa,aa
f,f
ux,ux
k,k
gcl,gcl
l,l
z,s
pcl,pcl
p,p
iy,iy
ix,ix
z,z
ix,ax
ay,ay
ow,el
aa,aa
hh,hh
pcl,pcl
hv,hv
t,t
q,kcl
dcl,gcl
er,er
el,el
sh,sh
t,dh
ao,q
r,r
aa,aa
ey,ey
ey,ey
ax,uh
gcl,gcl
ih,ix
jh,jh
ow,ow
d,d
r,r
ae,ae
ae,ae
r,r
z,z
ix,ix
tcl,tcl
ow,ow
aa,ao
z,z
ix,ih
ao,ao
sh,sh
n,m
dx,dx
dh,dh
iy,iy
s,s
y,y
r,r
th,t
ng,n
ao,ao
bcl,kcl
ow,ao
eh,ax
ih,ih
iy,iy
ih,ih
er,axr
ax,ix
kcl,kcl
ay,ay
ae,ae
ix,ix
iy,iy
w,w
ux,ix
l,l
dh,dh
z,s
ow,ow
s,s
axr,axr
el,ao
z,z
iy,iy
w,w
ix,ix
en,n
m,n
f,f
iy,iy
sh,sh
k,k
ae,ae
bcl,en
b,b
dcl,dcl
iy,iy
ix,ix
k,k
eh,ae
er,axr
r,r
en,en
z,z
dcl,dh
dcl,n
w,w
ow,ow
ix,ix
ow,ow
bcl,bcl
w,w
n,n
iy,iy
w,w
m,m
r,r
n,n
eh,eh
t,t
ah,ao
s,s
q,q
y,y
d,t
n,n
ng,ix
ix,ih
ae,eh
ae,ih
ih,uh
tcl,tcl
iy,iy
t,t
gcl,bcl
aw,ae
iy,y
t,t
tcl,tcl
m,m
ae,ae
kcl,kcl
f,v
dcl,dcl
dcl,gcl
iy,iy
dh,dh
aa,aa
z,z
th,th
tcl,tcl
jh,sh
s,s
tcl,tcl
y,ix
dx,r
ih,ih
ay,ay
ix,ih
d,t
kcl,kcl
iy,ey
el,el
ix,ax
l,ax
eh,ix
ax,ix
iy,iy
ao,ao
sh,sh
ix,ix
iy,iy
n,dx
r,r
y,y
tcl,tcl
iy,iy
q,hv
dcl,gcl
pcl,kcl
s,s
ay,ay
f,f
q,q
el,el
m,ix
s,s
jh,jh
ih,ih
z,z
ix,iy
ix,ix
m,n
y,n
ix,ix
dcl,dcl
ay,ay
w,r
p,b
ux,ux
s,s
t,t
axr,axr
ix,ix
l,w
ae,iy
t,t
r,w
eh,ih
d,d
bcl,bcl
s,s
eh,eh
ih,ix
w,w
dh,dh
l,l
ey,ih
ey,ey
l,q
m,m
v,v
dx,dx
v,v
y,y
ey,ey
kcl,tcl
s,s
tcl,tcl
t,t
r,r
l,w
ae,aw
s,s
jh,jh
ae,ae
v,v
s,s
ch,ch
t,t
gcl,kcl
aa,aa
ao,ao
k,k
y,y
iy,iy
axr,axr
axr,r
ax,ax
n,n
ao,ao
el,el
s,s
k,k
l,l
n,n
dcl,dcl
axr,w
axr,axr
eh,ix
er,er
s,z
n,n
tcl,q
r,r
ix,iy
en,n
ax,ax
axr,r
ae,ae
ae,eh
ih,ih
tcl,kcl
m,m
p,p
sh,sh
ah,ah
kcl,kcl
hh,t
n,n
d,t
n,eh
eh,eh
dcl,dh
iy,iy
ao,r
r,axr
ix,ix
axr,eh
w,w
aw,aw
ng,ng
r,r
ng,ng
l,l
uh,uh
p,p
z,z
n,nx
ih,ih
tcl,tcl
er,axr
n,en
q,q
ah,ax
tcl,kcl
t,t
g,g
gcl,dcl
r,r
ax,ax
pcl,pcl
th,s
ix,ix
s,s
m,m
s,s
ax,ax
eh,eh
n,n
l,l
iy,ix
pcl,tcl
n,n
r,r
axr,axr
q,gcl
v,hv
ih,ix
axr,er
tcl,tcl
iy,iy
eh,ih
tcl,tcl
f,f
ux,ux
ix,ix
aa,aa
ih,ih
s,s
n,n
tcl,kcl
t,t
dx,dx
ae,eh
dcl,n
kcl,kcl
ae,ae
ix,ix
l,l
ax,ix
nx,nx
d,ix
th,f
ix,ax
tcl,tcl
dcl,tcl
t,t
iy,iy
ux,ih
p,p
axr,ih
oy,oy
tcl,tcl
f,f
s,s
aa,aa
ah,ah
ao,ao
k,k
p,p
ix,ux
ax,ix
gcl,gcl
w,w
f,f
dh,dh
t,t
p,p
k,k
er,axr
ay,ay
l,l
v,v
ax,eh
ae,ae
ax,ax
p,p
ah,eh
ih,iy
th,dh
n,n
tcl,tcl
ih,ih
dx,q
tcl,tcl
pcl,tcl
tcl,b
sh,sh
sh,s
ae,ae
dcl,en
iy,ix
ix,ix
l,l
n,m
ao,aa
ix,ix
ix,iy
z,z
m,m
ix,ix
l,l
er,er
r,r
l,l
oy,oy
er,er
p,p
n,hh
er,er
hh,hh
n,n
f,f
dh,dh
dcl,gcl
tcl,tcl
s,s
gcl,ix
em,w
jh,jh
ix,uw
iy,iy
tcl,tcl
m,m
tcl,tcl
ux,ux
l,el
k,k
aw,aw
w,w
iy,iy
nx,nx
n,n
s,s
axr,axr
kcl,tcl
aa,ao
s,s
iy,iy
tcl,tcl
ix,ix
axr,axr
aa,aa
q,q
ah,ah
ao,ao
axr,axr
ix,ix
t,d
dcl,dcl
kcl,kcl
r,r
l,l
s,s
w,ao
aa,aa
oy,oy
dx,dx
w,r
q,q
gcl,n
ih,eh
g,g
l,l
bcl,m
iy,iy
sh,sh
p,p
s,s
k,kcl
n,n
eh,iy
aa,ao
ow,ax
r,r
iy,iy
l,l
ow,uh
ax,ax
s,s
ae,ae
ux,ux
ih,ux
ax,ix
r,ax
hh,hh
dh,dh
ix,ax
w,w
p,p
ih,ih
r,r
p,t
ix,dx
el,el
bcl,bcl
ao,ao
iy,iy
n,n
er,eh
s,s
w,w
iy,iy
t,t
th,th
p,p
ax,eh
f,kcl
ng,ng
w,w
gcl,gcl
ax,ax
ey,ey
z,z
jh,ch
r,r
ax,ax
iy,iy
kcl,tcl
ax,ix
eh,r
ae,ae
ih,ix
dcl,tcl
q,w
ae,eh
m,n
n,n
dcl,dcl
s,s
s,s
ch,ch
hv,hv
ng,m
v,w
iy,iy
r,axr
dx,dx
pcl,pcl
ih,ix
iy,iy
ix,ix
dh,th
ao,ao
ao,ao
pcl,tcl
iy,ix
k,k
sh,sh
er,er
ix,ih
r,axr
ih,ix
s,s
v,dcl
s,t
m,m
f,f
aa,aa
k,k
y,y
sh,sh
ae,ae
s,s
w,w
f,f
er,axr
jh,jh
z,z
t,s
axr,q
sh,sh
z,z
eh,eh
ae,ae
t,t
y,y
z,z
ax,ax
axr,axr
s,s
ix,ih
n,n
er,iy
dcl,tcl
ix,ix
ax,ix
v,v
q,q
z,z
ux,ux
ax,ix
s,s
ih,ix
ix,ax
r,r
nx,l
r,r
axr,axr
z,s
ux,ux
ih,ix
l,l
ix,ix
y,y
q,q
er,ux
tcl,tcl
el,w
ow,ow
s,s
t,t
l,l
axr,axr
s,s
ae,ae
f,f
iy,iy
d,k
k,k
k,k
r,r
ix,r
ey,ey
er,axr
pcl,tcl
m,m
t,t
hv,hv
s,ch
ih,ey
s,s
axr,ix
r,r
tcl,tcl
axr,er
tcl,gcl
n,n
n,n
ng,n
sh,sh
bcl,bcl
l,l
n,n
l,l
t,t
m,m
oy,oy
ay,ay
p,p
ax,ix
kcl,kcl
kcl,gcl
dh,dh
s,s
z,z
ix,l
aa,aa
z,s
aa,ao
s,s
dcl,tcl
ch,sh
q,q
ih,ih
f,b
kcl,kcl
sh,sh
g,g
axr,axr
dcl,tcl
aa,ay
ix,ix
tcl,tcl
ow,ah
kcl,kcl
w,w
l,ih
axr,aa
d,t
ih,ih
pcl,tcl
ah,eh
bcl,en
z,z
ae,eh
t,t
w,w
ih,ih
ax,w
iy,iy
l,l
s,s
f,f
ih,ih
y,iy
iy,iy
m,m
ow,ow
tcl,tcl
iy,iy
iy,iy
w,w
kcl,tcl
ow,ow
dx,dx
axr,r
ih,ih
dx,ix
w,w
aa,ao
ow,ow
ae,ih
tcl,tcl
z,s
er,r
ao,ao
r,r
nx,ax
m,n
ao,ao
s,s
ih,ih
s,s
f,f
s,s
l,l
ao,ao
iy,iy
m,m
bcl,ng
iy,iy
ng,n
eh,eh
dh,dh
s,s
th,z
ax,ix
ix,ix
iy,iy
ao,ao
en,n
w,w
iy,iy
ng,n
l,l
pcl,kcl
w,w
z,z
ih,iy
z,jh
p,p
aa,aa
ix,ix
ae,ae
d,t
ae,ae
ao,ao
bcl,bcl
ax,ix
k,k
m,m
aa,aw
n,ax
r,r
bcl,bcl
n,n
n,n
ax,ao
kcl,dh
l,w
iy,iy
ix,ix
r,ax
n,n
ux,ux
tcl,tcl
dcl,gcl
s,s
uh,uh
q,q
ux,ih
y,y
dx,ux
m,m
y,y
tcl,tcl
v,v
ch,ch
k,k
t,t
ay,ay
kcl,kcl
n,n
kcl,tcl
ux,ux
r,r
ng,n
pcl,tcl
kcl,tcl
aw,aw
th,dh
f,f
ux,uw
tcl,kcl
n,n
t,t
ow,ow
ih,eh
ih,ix
ix,m
dcl,dcl
nx,ix
aw,ow
tcl,tcl
iy,iy
pcl,tcl
kcl,tcl
l,ax
l,l
n,dh
ax,ax
kcl,kcl
ix,ix
r,r
k,g
kcl,kcl
kcl,kcl
g,g
t,t
tcl,kcl
ih,eh
s,s
b,b
d,y
ix,ix
m,n
q,q
kcl,kcl
r,ax
sh,sh
f,f
ax,ih
l,l
n,n
ix,ax
ae,eh
ax,ix
dh,dh
ae,eh
sh,sh
l,l
s,s
kcl,kcl
w,w
r,r
k,k
w,w
dcl,tcl
n,n
t,t
ey,ey
ux,ux
tcl,tcl
n,n
ih,iy
m,n
l,l
ix,ih
aw,q
ih,ih
gcl,gcl
tcl,tcl
q,q
n,n
q,q
n,n
n,y
k,k
bcl,bcl
axr,axr
r,r
ah,eh
s,s
l,l
ah,eh
m,m
ay,ay
tcl,kcl
eh,eh
ng,n
s,s
r,r
tcl,tcl
y,y
t,t
er,eh
eh,eh
aa,aa
tcl,tcl
ow,eh
eh,ih
n,n
n,ix
m,m
tcl,tcl
iy,iy
dcl,gcl
sh,s
aw,aw
dx,dx
d,d
z,z
iy,iy
s,s
kcl,kcl
aw,aa
bcl,tcl
p,ax
ae,eh
axr,r
m,m
p,p
l,l
iy,ix
kcl,kcl
ah,eh
s,s
pcl,tcl
eh,eh
g,g
ao,ao
ow,ow
dcl,n
ix,ih
iy,iy
ow,ow
ae,ae
ae,eh
s,s
sh,sh
ix,ix
ih,eh
iy,iy
el,el
nx,nx
iy,iy
s,s
ax,q
iy,iy
ix,ix
ix,q
ae,ae
ax,ax
ae,ae
sh,sh
d,t
aa,aa
axr,axr
ao,aa
hh,hh
pcl,f
s,s
tcl,n
f,p
uh,uh
dh,dh
eh,ix
ax,ax
s,s
ix,ix
ae,ae
r,r
sh,sh
dcl,n
s,s
ix,ix
k,k
axr,axr
dcl,dcl
t,jh
ay,ay
r,r
g,k
s,s
dx,dx
l,l
ow,ow
dcl,dcl
ux,ux
n,n
el,el
k,k
s,s
eh,eh
l,l
ae,ae
r,r
ao,ao
ae,ae
s,ch
z,z
jh,sh
ax,n
g,k
ix,eh
s,s
ey,ey
iy,iy
eh,ix
r,r
m,m
q,tcl
tcl,tcl
uw,uw
ao,ao
kcl,kcl
ay,ay
kcl,tcl
t,t
ay,aa
n,n
aa,aa
uw,axr
l,l
ae,ae
kcl,tcl
ih,ih
r,r
s,s
ih,ih
s,t
w,w
ay,ay
ix,gcl
w,w
n,kcl
ch,jh
w,w
iy,iy
iy,iy
r,r
q,tcl
s,s
ih,ih
q,q
q,q
ay,ay
s,s
ix,ih
r,ao
dh,q
ix,ix
ah,ax
ay,ay
axr,r
ix,ix
ah,ix
jh,jh
q,ix
pcl,bcl
dcl,tcl
dh,tcl
ih,ix
ey,ey
s,s
iy,iy
sh,sh
sh,sh
axr,r
dcl,dcl
k,k
kcl,tcl
ae,ae
n,n
l,l
jh,jh
tcl,tcl
iy,iy
q,q
s,s
ax,ax
axr,axr
ae,ae
tcl,tcl
eh,eh
s,s
gcl,gcl
hv,hv
s,s
k,k
bcl,kcl
gcl,hh
dx,y
tcl,q
axr,axr
iy,iy
ih,ix
k,k
dcl,dcl
ix,ix
n,n
k,k
m,m
nx,dx
ae,ae
eh,eh
dh,dh
gcl,gcl
kcl,kcl
ey,ey
s,s
dx,dx
el,ow
d,t
tcl,tcl
dx,dx
w,w
tcl,tcl
ae,ae
ah,ah
s,s
s,sh
kcl,kcl
ng,n
k,t
n,nx
r,r
z,z
aa,aa
ng,ng
dcl,dcl
r,r
s,s
ix,ng
l,ax
l,l
q,q
ih,ix
pcl,kcl
ow,ow
iy,y
tcl,w
ix,ix
t,t
ow,ow
tcl,tcl
r,r
r,r
d,dx
sh,sh
m,m
aa,aa
dcl,gcl
l,r
w,l
tcl,kcl
aw,ah
r,r
l,w
q,q
r,r
kcl,kcl
axr,ix
t,tcl
s,s
f,f
s,s
w,r
iy,ix
sh,sh
r,r
tcl,tcl
k,tcl
ow,ow
ow,ow
pcl,tcl
dcl,dcl
l,l
nx,nx
en,n
iy,ey
axr,axr
z,z
p,p
bcl,tcl
aa,ao
m,m
r,r
ao,ao
g,g
gcl,gcl
k,k
m,m
v,r
s,s
jh,ch
ah,l
iy,iy
hh,hh
zh,jh
ow,ao
l,l
f,f
ih,ix
k,k
kcl,kcl
s,s
ih,ix
r,r
axr,ux
r,axr
g,g
kcl,kcl
t,t
v,q
k,g
eh,ih
ux,ux
n,n
dcl,dcl
ch,ch
iy,iy
q,q
m,n
l,r
f,f
tcl,tcl
uw,ax
v,v
p,hh
eh,eh
n,n
l,ih
ng,ng
ix,ih
n,n
aw,ay
jh,jh
m,m
s,s
l,el
f,f
axr,axr
iy,iy
s,s
ch,jh
m,m
kcl,kcl
dh,l
ih,ix
r,r
sh,sh
em,m
g,g
ix,ix
p,p
ey,ey
n,n
ay,ay
l,l
s,s
th,th
f,f
tcl,kcl
el,uh
w,w
q,q
f,f
s,s
q,q
pcl,tcl
ay,aw
v,r
tcl,tcl
dcl,dcl
aa,aa
f,f
t,b
z,z
axr,axr
r,r
ae,ae
dh,dh
er,er
ux,ux
r,r
w,w
kcl,kcl
axr,axr
z,s
q,q
dx,ix
tcl,tcl
ax,ax
gcl,dcl
ao,ao
ix,ix
eh,ih
gcl,kcl
ix,ix
iy,iy
s,s
v,v
ix,tcl
r,axr
ix,ix
ao,ao
s,z
d,d
ih,eh
eh,eh
kcl,kcl
dcl,dcl
kcl,kcl
ey,ih
v,v
aw,aw
dx,dx
axr,axr
w,w
ih,ih
hh,hh
q,q
eh,eh
g,g
ih,ix
n,dcl
ix,l
l,q
l,l
aa,ao
m,m
ah,ah
z,z
r,r
y,iy
ih,axr
iy,iy
axr,r
jh,jh
n,n
s,z
ay,ay
t,t
uh,ix
ch,s
axr,r
t,t
oy,oy
m,m
s,z
ih,eh
aa,ao
s,s
aa,aa
ih,ax
r,w
iy,iy
iy,iy
tcl,tcl
r,r
tcl,tcl
ay,oy
r,ix
tcl,tcl
z,z
n,v
axr,axr
eh,ih
ng,ng
k,k
q,q
ah,ah
ow,ow
ix,ix
r,r
l,l
dh,dh
tcl,tcl
ay,aa
y,y
iy,iy
sh,sh
uh,axr
kcl,kcl
kcl,kcl
s,s
q,q
n,nx
w,uh
ae,ae
ao,aa
r,r
s,s
er,er
gcl,gcl
ux,ux
kcl,kcl
jh,jh
ay,ay
g,g
y,y
f,f
ao,ao
er,er
kcl,kcl
tcl,tcl
ix,ix
eh,eh
axr,er
sh,sh
r,r
n,n
l,l
ax,ax
l,l
tcl,tcl
kcl,kcl
l,l
q,q
t,t
dx,dx
tcl,tcl
l,l
ax,ax
l,ix
kcl,kcl
s,s
bcl,bcl
g,g
w,w
el,l
sh,sh
axr,axr
t,t
kcl,tcl
ax,w
z,s
dh,tcl
dcl,dx
iy,iy
l,l
ay,ay
ax,ix
ay,ay
k,k
ao,aa
n,m
ix,ix
f,f
ix,ih
kcl,tcl
z,s
ay,ay
aa,r
q,q
s,s
axr,axr
er,er
uw,uw
uh,ow
p,p
iy,iy
dcl,tcl
gcl,dx
ao,ao
ih,ix
ix,ix
ey,ey
m,m
p,p
z,z
s,sh
tcl,tcl
r,r
n,n
ay,ay
k,k
kcl,kcl
ow,ow
q,q
z,z
ih,ey
axr,axr
kcl,kcl
aa,ao
q,dx
kcl,kcl
t,p
iy,iy
iy,iy
hh,hh
eh,eh
tcl,tcl
ao,ao
ah,eh
aw,aw
z,z
kcl,kcl
kcl,tcl
er,er
iy,iy
iy,iy
th,th
m,m
f,f
aa,aa
iy,y
m,m
kcl,kcl
f,v
t,t
eh,eh
q,ax
y,iy
ix,ix
l,l
ix,ix
l,ix
hh,t
k,k
w,w
hh,hh
axr,axr
ix,ix
ae,ae
ux,ih
t,t
tcl,tcl
k,k
eh,eh
iy,ey
tcl,tcl
s,s
d,d
eh,eh
kcl,tcl
ah,eh
ay,aa
eh,eh
dx,g
f,f
s,s
kcl,kcl
ih,ax
tcl,tcl
tcl,tcl
ix,ix
ix,ix
ah,ah
ix,ix
iy,iy
ih,ih
iy,ix
ae,ae
ay,aa
w,w
l,l
m,m
n,n
n,n
bcl,bcl
kcl,tcl
iy,ix
zh,jh
aa,ay
m,n
ih,ih
ao,ao
dcl,dcl
axr,axr
kcl,kcl
ih,eh
ih,ih
s,s
ix,ax
iy,ix
w,w
r,r
f,f
axr,axr
tcl,tcl
dx,dx
ao,ao
th,th
n,n
tcl,ix
pcl,tcl
f,f
sh,sh
pcl,tcl
l,l
ix,ix
ux,ux
aa,aa
ix,ix
n,ix
dh,dh
ae,ae
sh,sh
s,s
bcl,bcl
l,l
er,el
iy,iy
r,r
r,r
l,l
iy,ix
r,r
iy,ih
z,sh
ih,ih
z,z
k,k
l,l
z,z
oy,oy
m,m
z,z
ey,ey
ey,ey
s,z
iy,iy
ow,ow
v,v
s,s
t,t
tcl,tcl
ah,ax
kcl,kcl
t,t
bcl,bcl
er,er
el,ao
aa,aa
dcl,dx
m,m
ix,iy
dx,y
l,l
hv,ax
k,k
hv,hv
ix,ix
ng,n
s,s
w,uw
aa,aa
iy,iy
tcl,kcl
bcl,bcl
w,m
sh,sh
iy,iy
k,k
tcl,tcl
m,en
axr,axr
tcl,dcl
t,d
n,n
ax,ah
ao,aa
th,th
t,t
m,m
n,n
r,r
ao,l
kcl,kcl
w,w
ih,ih
dcl,dcl
q,q
aa,ao
l,dh
ix,ix
kcl,tcl
d,t
l,l
bcl,kcl
tcl,kcl
l,uw
k,p
iy,iy
iy,iy
m,m
eh,ae
tcl,kcl
gcl,bcl
er,er
ix,ix
ay,ay
w,w
ng,ng
m,tcl
dh,dh
nx,l
ax,ix
axr,axr
iy,iy
s,s
bcl,bcl
ix,ix
ao,ao
dcl,dcl
axr,ih
ae,ae
k,g
gcl,gcl
dcl,tcl
k,k
v,v
p,p
s,s
s,s
eh,eh
w,w
dh,dh
r,r
sh,sh
q,q
tcl,tcl
ax-h,k
gcl,kcl
kcl,tcl
n,n
m,w
aa,ah
y,y
iy,ix
pcl,tcl
s,s
ah,q
w,w
en,en
t,t
f,f
ey,ey
ey,ey
n,n
er,er
ix,ix
z,s
ao,ay
ah,ah
aa,aa
iy,iy
eh,q
dcl,bcl
pcl,tcl
iy,iy
s,s
r,r
m,m
eh,eh
t,t
dx,dx
tcl,tcl
l,gcl
r,r
ae,aa
iy,iy
ay,ay
eh,eh
l,ax
k,k
s,s
oy,oy
aa,aa
v,w
m,m
k,k
w,w
l,l
hh,hh
p,p
w,r
ay,ay
er,axr
w,w
eh,eh
tcl,tcl
dcl,tcl
m,m
k,k
kcl,kcl
kcl,kcl
v,v
axr,ix
q,q
l,ow
dcl,dcl
ix,ih
em,bcl
jh,jh
sh,sh
eh,eh
ae,ae
p,b
m,m
ax,ax
sh,sh
pcl,tcl
l,l
ow,ow
q,q
v,n
z,z
m,m
s,s
gcl,gcl
ih,ih
ae,eh
f,f
w,w
axr,axr
s,s
tcl,tcl
s,s
ao,ao
kcl,kcl
ae,ae
aa,aa
r,r
ix,r
n,nx
m,m
l,l
ay,ay
tcl,tcl
q,q
aa,aa
l,ix
ow,ow
el,el
m,m
k,k
s,s
dcl,gcl
ax,ix
sh,sh
axr,er
ay,ay
n,n
tcl,tcl
ih,ih
n,ix
ux,ux
ih,ih
dcl,dcl
w,w
ay,ay
ax,eh
r,r
l,l
ao,ao
ih,ih
sh,sh
el,l
ay,ay
q,q
b,p
nx,nx
th,f
ae,ae
n,n
ix,ax
axr,axr
ih,q
dcl,gcl
n,n
ih,eh
ix,eh
ax,ax
f,f
axr,r
ix,iy
s,s
k,k
kcl,p
v,n
uh,eh
ow,ow
pcl,kcl
ae,ae
ix,iy
y,y
m,m
jh,jh
sh,sh
pcl,pcl
ix,ix
ah,ix
ae,ae
pcl,pcl
r,r
t,ch
l,ax
v,w
m,n
n,b
dx,dx
ix,ax
v,hv
ao,ao
th,th
ah,ah
ay,eh
hv,y
k,k
p,d
z,z
p,p
hv,hv
er,axr
gcl,bcl
kcl,kcl
axr,ix
ao,ao
k,k
m,m
r,r
ay,ay
ix,ix
gcl,tcl
iy,iy
pcl,tcl
ae,ae
ax,ih
iy,iy
sh,sh
s,s
l,l
dcl,dcl
ix,ix
dcl,gcl
er,er
eh,eh
bcl,tcl
p,b
g,g
n,q
t,t
dcl,tcl
ix,ix
s,s
s,s
r,r
ax,ix
r,axr
ix,ix
axr,r
z,z
tcl,tcl
p,p
l,w
ih,el
s,s
dcl,gcl
ix,ix
f,f
aa,aa
n,ix
z,s
ix,ih
aa,aa
ax,ax
eh,ey
g,g
ay,ay
n,n
r,r
f,f
eh,eh
ax,ax
q,ix
jh,ch
l,ix
tcl,tcl
w,w
tcl,tcl
m,m
dx,dx
dcl,tcl
uh,ix
ng,ng
n,ux
r,r
v,dh
dcl,tcl
bcl,tcl
dh,d
aa,aa
r,r
w,w
dcl,dcl
r,r
ix,ix
k,k
uh,ow
uh,ix
eh,eh
k,k
sh,sh
p,p
ax,ix
ao,ao
sh,sh
r,r
s,s
dcl,dcl
dcl,ix
axr,r
ae,ey
ae,ae
iy,iy
eh,l
r,r
th,f
l,l
s,s
kcl,tcl
tcl,gcl
sh,sh
r,r
ix,axr
ng,n
s,s
tcl,d
s,s
k,k
ih,ih
f,f
tcl,gcl
s,s
q,ax
s,s
s,z
iy,ix
kcl,kcl
s,s
ow,ow
n,n
ao,ao
axr,er
f,f
ow,oy
t,t
ix,ix
g,g
jh,jh
r,r
tcl,tcl
s,s
ih,ix
r,r
iy,l
w,w
ix,ix
l,l
kcl,kcl
w,w
ax,w
m,m
ix,ix
ax,ax
n,n
m,m
w,w
ae,ae
ng,ng
k,k
r,r
t,t
ix,ih
iy,iy
s,s
ow,l
q,q
tcl,tcl
aa,aa
ux,ux
aa,aa
v,pcl
sh,sh
dcl,n
ix,eh
t,t
l,l
n,n
iy,ih
ux,ux
ih,iy
m,n
axr,axr
pcl,pcl
eh,eh
eh,eh
ow,ow
s,s
ix,ix
ax,ix
z,z
q,tcl
ae,ae
kcl,tcl
l,el
s,s
ih,ix
dh,dh
ix,eh
ah,ah
iy,iy
ih,ih
uw,uh
ae,ae
q,q
p,p
uw,uw
g,g
kcl,kcl
ch,ch
dcl,dcl
ix,ix
n,n
r,r
tcl,kcl
y,y
m,m
y,y
aa,aa
t,t
r,r
axr,axr
ah,ao
bcl,tcl
kcl,kcl
ey,ey
ow,el
r,r
r,ao
eh,eh
y,y
gcl,gcl
tcl,tcl
axr,axr
s,s
ah,ow
m,m
z,z
tcl,tcl
z,jh
z,z
uh,uh
r,r
s,s
r,er
r,r
kcl,kcl
dh,t
iy,iy
iy,iy
ih,ih
ix,ix
z,z
r,r
m,n
t,t
dcl,tcl
w,w
ae,ae
dh,dx
ix,ix
tcl,tcl
f,v
kcl,tcl
w,w
l,ix
ih,ih
dh,th
iy,ey
er,er
q,q
iy,iy
s,s
ix,ix
pcl,tcl
z,s
l,l
dcl,dcl
m,m
t,t
er,er
ih,ix
ao,r
sh,sh
tcl,tcl
m,m
ey,ey
ao,aa
l,eh
tcl,tcl
ix,ih
ih,ix
k,g
th,th
kcl,kcl
ay,ay
q,q
iy,iy
ah,ih
sh,s
b,dx
ih,iy
ch,t
l,l
th,th
pcl,pcl
iy,iy
m,n
axr,axr
ey,ey
ch,sh
l,r
r,r
s,s
w,w
ax,ax
en,n
iy,iy
ey,ey
ao,w
ix,ih
eh,eh
k,k
ay,ay
t,t
q,q
n,n
r,r
dcl,tcl
n,n
eh,eh
ih,ax
ao,ao
kcl,kcl
g,dh
eh,eh
tcl,bcl
ux,ux
er,er
ih,ey
ix,ix
eh,eh
ae,ae
ay,ay
n,n
ow,ah
bcl,tcl
axr,axr
ix,ix
pcl,kcl
ix,ix
s,s
ah,ah
s,s
n,m
r,r
axr,r
axr,er
ax,ax
l,l
z,s
ah,ah
l,l
iy,iy
bcl,w
bcl,tcl
k,k
n,n
axr,r
pcl,pcl
aa,aa
ae,ae
m,m
ow,ow
ng,ax
ey,ey
axr,axr
l,l
ux,ux
l,l
z,z
el,el
ao,ao
s,s
l,l
oy,oy
sh,sh
ae,ae
gcl,gcl
pcl,tcl
ih,ih
v,v
dh,dh
iy,iy
sh,sh
ix,ix
dcl,gcl
er,er
w,w
z,z
r,r
s,s
n,n
gcl,r
l,w
tcl,tcl
ix,ix
ao,w
l,l
g,k
l,n
s,s
s,s
dx,dx
gcl,tcl
tcl,tcl
n,n
dh,dh
n,n
ix,eh
axr,axr
ae,ae
gcl,gcl
axr,r
ng,n
ax,ix
l,l
r,r
ao,ao
s,s
ao,ao
dh,n
g,g
l,l
ih,ih
q,q
ay,ay
s,s
tcl,tcl
n,n
l,r
s,s
uw,uw
l,l
f,f
m,m
r,r
ey,ey
k,p
axr,iy
ax,ax
n,n
aa,aa
dh,dh
s,s
l,l
p,p
ix,y
ix,iy
dcl,dcl
ih,eh
r,axr
sh,sh
dh,dh
w,w
ah,ah
r,r
m,m
ix,ix
pcl,pcl
ae,eh
dh,dh
aa,ah
dcl,ix
n,n
ix,ix
l,l
ah,ah
w,w
pcl,tcl
kcl,kcl
aa,ay
ow,ow
d,p
r,r
d,jh
dcl,dcl
kcl,kcl
eh,l
w,w
eh,eh
eh,eh
f,f
l,l
bcl,pcl
r,r
zh,zh
n,n
ay,ay
er,er
kcl,kcl
uh,ix
w,w
ix,ix
l,w
aw,l
dx,dx
ih,ih
tcl,tcl
iy,iy
s,s
w,w
sh,sh
kcl,tcl
ih,ih
y,y
hv,hv
ey,ey
ae,ae
kcl,kcl
s,s
ay,aa
hh,hh
n,n
iy,iy
pcl,tcl
m,r
pcl,tcl
dcl,tcl
n,ax
ae,eh
dcl,dcl
k,k
bcl,kcl
s,z
p,p
eh,eh
bcl,gcl
l,l
pcl,tcl
s,s
tcl,tcl
r,r
r,r
s,s
w,w
n,n
dx,dx
tcl,kcl
s,s
ih,ih
kcl,kcl
s,s
ax,ax
ix,ax
l,l
sh,sh
ey,ey
ey,ey
axr,axr
bcl,bcl
t,t
ah,ae
ih,l
dcl,tcl
n,n
aw,ow
z,z
q,q
n,ng
aa,aa
v,bcl
ow,ow
w,w
hh,hh
eh,eh
uw,ux
q,q
ae,ae
dx,dx
s,sh
r,r
r,r
dx,dx
ah,r
dcl,dcl
z,z
n,n
sh,sh
aa,aa
ay,ay
ih,ix
z,s
tcl,tcl
dcl,gcl
iy,iy
el,ow
eh,eh
w,w
dx,dx
p,p
t,t
iy,iy
q,q
l,l
g,k
iy,iy
ih,ih
axr,r
w,w
r,ao
kcl,kcl
ay,ey
gcl,tcl
axr,axr
dh,dh
kcl,kcl
n,en
aa,aa
n,n
m,n
ch,jh
l,l
iy,iy
ih,ih
m,m
iy,y
ae,ae
ix,ix
w,w
iy,iy
q,q
ax,ax
ae,ae
dcl,gcl
ao,ao
eh,eh
p,p
q,q
ix,ix
kcl,tcl
aa,aa
gcl,gcl
l,l
ae,eh
aa,aa
n,n
v,v
ix,ix
pcl,bcl
dcl,dcl
n,n
g,g
iy,iy
t,s
ux,ix
q,q
er,er
pcl,tcl
ey,ae
s,s
eh,eh
ix,r
w,w
f,f
y,y
s,s
iy,iy
iy,iy
ix,ix
q,q
n,n
ix,ix
bcl,m
ax,ax
ax,ax
s,s
kcl,kcl
f,f
l,l
k,k
w,w
ae,ae
z,z
ix,iy
m,en
jh,jh
ih,iy
s,z
kcl,kcl
pcl,tcl
ae,ae
pcl,tcl
oy,oy
ao,ao
t,t
dcl,gcl
v,v
aa,aa
l,l
bcl,bcl
t,t
z,z
k,k
v,v
aw,aw
dcl,tcl
kcl,tcl
w,w
ao,aa
m,m
hh,t
hv,hv
aa,aa
ix,ix
oy,oy
pcl,tcl
gcl,gcl
tcl,tcl
ah,ah
iy,ix
iy,iy
n,n
eh,ix
ax,ax
r,iy
ae,ae
kcl,gcl
eh,eh
ih,ih
iy,iy
l,l
ae,ae
w,w
ow,ow
r,r
iy,iy
oy,oy
kcl,tcl
ey,ey
axr,er
ix,iy
gcl,tcl
tcl,tcl
kcl,kcl
q,q
w,w
z,z
ix,gcl
dcl,dcl
axr,ax
ix,ih
ix,ix
w,w
tcl,tcl
eh,eh
ah,ix
aa,aa
n,n
iy,iy
dcl,tcl
pcl,pcl
ao,ao
kcl,kcl
pcl,kcl
kcl,kcl
n,bcl
s,s
m,m
hv,hv
hh,hh
ax,ax
p,p
hv,hv
dcl,tcl
s,z
ow,ow
aa,aa
ix,ix
dx,bcl
ah,ah
ae,eh
l,l
axr,er
ay,ay
ng,n
m,n
y,y
el,l
ax,l
tcl,tcl
aa,aa
kcl,pcl
kcl,kcl
k,k
r,r
n,n
ng,ng
f,f
ix,eh
s,s
tcl,tcl
tcl,tcl
s,s
t,d
bcl,bcl
ay,ay
gcl,gcl
ih,ih
tcl,tcl
m,m
n,n
dh,dh
hh,hh
r,r
sh,sh
ay,ay
ao,ao
er,axr
l,el
gcl,gcl
s,s
eh,ix
l,ax
oy,oy
l,l
er,axr
tcl,tcl
f,f
l,l
iy,y
s,s
bcl,bcl
ix,ix
y,y
dcl,dcl
sh,sh
l,w
aa,aa
ow,ow
f,f
iy,iy
m,m
eh,eh
jh,ch
ux,ux
l,l
ae,ae
k,k
l,l
n,n
ih,ih
ow,ow
axr,axr
l,l
q,q
n,ng
dx,dx
dx,dh
l,l
r,r
l,l
r,r
gcl,v
n,gcl
n,n
n,n
s,s
tcl,tcl
m,m
er,axr
uw,uw
th,th
jh,jh
gcl,bcl
axr,axr
l,l
tcl,ax-h
n,en
iy,iy
aa,aa
r,r
ao,ao
ao,er
r,r
r,r
n,n
z,z
ix,ix
ay,ay
s,s
ey,ey
z,z
kcl,tcl
z,z
ax,ax
iy,iy
m,ng
r,r
ao,ao
ix,ix
m,m
n,m
iy,iy
r,r
bcl,bcl
y,y
iy,iy
iy,iy
ax,ax
pcl,tcl
ah,ah
pcl,pcl
tcl,q
eh,eh
ax-h,ih
aa,aa
ah,aa
r,hv
bcl,dcl
n,gcl
n,n
dh,dh
kcl,kcl
n,n
w,w
iy,ix
s,s
s,s
l,ax
l,l
n,tcl
ih,ix
axr,axr
s,s
t,t
q,q
ah,eh
n,n
hv,hv
q,q
b,b
l,ih
dx,dx
iy,iy
t,t
sh,sh
sh,sh
v,f
s,s
ae,ae
r,ay
r,dx
ix,ix
kcl,tcl
aw,aa
gcl,nx
tcl,kcl
n,n
er,er
l,l
ey,ey
r,r
ix,ix
t,dx
s,s
th,f
n,n
n,en
n,n
ih,eh
kcl,kcl
m,m
iy,iy
ux,ih
r,r
q,w
k,k
th,s
m,m
l,w
ao,ao
ae,ae
z,z
sh,sh
v,v
pcl,tcl
ae,ae
pcl,tcl
ih,ih
kcl,kcl
pcl,pcl
n,m
kcl,kcl
w,w
ax,ax
n,n
k,g
w,w
z,z
ix,ih
w,w
gcl,kcl
el,el
p,p
z,s
r,r
axr,ix
el,el
kcl,tcl
tcl,tcl
g,k
k,k
ey,axr
sh,sh
r,r
ao,oy
aa,aa
tcl,tcl
dx,dx
ix,ix
iy,iy
aa,aa
v,n
tcl,tcl
q,q
ey,ey
er,axr
ix,ix
s,s
ix,ix
eh,eh
m,m
ix,ix
p,p
q,q
iy,iy
g,g
k,g
z,z
w,w
p,p
v,v
ax,ax
n,n
er,er
l,l
r,r
n,n
aa,aa
s,s
er,axr
ax-h,ax
en,ax
s,z
p,p
r,r
r,r
m,m
oy,oy
ng,ng
eh,eh
ey,ey
n,n
eh,eh
ux,ux
ix,axr
tcl,tcl
l,w
l,l
n,n
tcl,tcl
dx,dx
ix,iy
tcl,tcl
ng,ng
p,p
ow,ow
ah,ah
pcl,pcl
g,g
k,g
pcl,tcl
l,l
ih,ih
n,n
m,en
ix,ix
dcl,gcl
s,s
pcl,pcl
tcl,tcl
ix,ih
ng,n
r,r
r,axr
r,r
f,f
dx,dh
iy,iy
sh,sh
s,s
ix,ix
kcl,kcl
iy,iy
n,n
w,w
ey,ey
ae,ae
t,t
sh,sh
f,f
axr,ax
ih,eh
t,ch
er,axr
ux,iy
gcl,gcl
k,k
t,t
n,n
el,el
s,s
ix,ix
w,w
axr,er
ix,iy
iy,iy
eh,eh
ih,ix
sh,sh
dh,q
g,y
ix,eh
axr,axr
ae,ae
l,l
t,k
hh,hh
ae,ay
axr,axr
g,g
eh,eh
ow,ow
ae,ah
q,tcl
ey,ey
kcl,kcl
n,n
hv,hv
tcl,tcl
z,jh
s,t
r,eh
kcl,kcl
z,z
iy,iy
iy,iy
y,y
ae,ae
n,n
s,s
ao,ao
aa,aa
dcl,gcl
dcl,tcl
s,s
gcl,gcl
l,l
t,t
ix,ax
z,s
ax-h,z
ey,ey
n,ng
t,t
tcl,tcl
ow,ao
iy,iy
r,r
bcl,bcl
el,el
dcl,n
n,n
r,r
n,n
ow,ow
l,l
t,t
er,er
eh,eh
kcl,tcl
ih,ih
dcl,dcl
dx,dx
iy,iy
l,l
s,s
w,w
ix,ix
l,l
s,s
t,t
ix,ix
eh,eh
s,s
l,r
k,k
ix,ih
ux,ux
s,s
v,v
ah,ow
kcl,gcl
ih,eh
v,v
uh,uh
aa,aa
z,z
tcl,q
ow,ow
ih,ih
q,q
iy,ix
p,p
z,z
gcl,gcl
n,ix
ey,ey
ix,iy
w,w
axr,axr
k,k
iy,iy
axr,er
dcl,dcl
l,l
p,p
w,w
ae,eh
aa,ao
n,n
kcl,kcl
w,w
b,p
ow,ow
m,m
ix,ix
k,k
l,l
iy,ey
eh,eh
aa,eh
iy,iy
kcl,kcl
r,r
bcl,v
l,l
ey,ey
ae,ae
t,tcl
dh,th
q,q
iy,iy
m,n
ao,ao
dcl,bcl
r,r
ow,ow
sh,sh
ih,ih
g,k
pcl,tcl
p,p
r,r
aw,ah
ey,ey
dx,v
l,l
eh,eh
ah,eh
iy,iy
k,k
m,ng
er,r
aa,ao
ix,z
z,z
axr,axr
kcl,kcl
aa,q
ih,ih
ax,ix
g,g
tcl,tcl
tcl,tcl
ax,ax
p,p
ax,ax
l,l
m,m
hh,hh
ih,ih
s,z
ih,ix
w,nx
r,r
t,t
ix,ix
tcl,dcl
s,s
l,l
kcl,kcl
axr,axr
p,p
kcl,tcl
ao,ao
ah,eh
y,q
k,k
tcl,tcl
ih,ix
jh,jh
iy,iy
kcl,kcl
er,axr
ix,ix
m,axr
g,g
kcl,kcl
ih,ih
z,z
eh,eh
ix,ix
eh,axr
w,w
f,f
ax,ax
tcl,dcl
ix,ix
ix,ix
l,ix
ay,ay
ih,ih
axr,axr
ax,ix
ah,ax
ay,ay
em,ix
hh,p
q,q
n,n
ow,uw
ao,ay
gcl,gcl
gcl,dcl
s,s
ay,ay
w,w
kcl,kcl
ix,ix
ao,ao
ey,ey
el,el
sh,sh
aa,aa
f,kcl
z,s
dh,dh
dcl,dcl
ao,ao
dcl,dcl
gcl,gcl
ao,ao
l,ng
ax,ix
sh,sh
nx,nx
t,t
n,n
aa,aa
ah,eh
ah,ah
aa,ao
ih,ix
r,r
bcl,bcl
ih,ih
n,n
ix,ix
tcl,g
q,gcl
er,er
l,l
p,p
pcl,kcl
kcl,tcl
aw,ow
aa,aa
tcl,tcl
kcl,tcl
q,q
hh,p
m,m
p,p
d,d
r,r
iy,iy
bcl,bcl
ae,eh
d,t
y,y
nx,nx
ae,ae
v,w
iy,iy
ix,ix
eh,axr
q,axr
ae,eh
n,n
ux,ih
ix,ix
kcl,kcl
r,r
r,r
z,s
tcl,tcl
ay,ay
aa,aa
dh,dh
kcl,tcl
ix,r
er,er
sh,zh
pcl,pcl
dh,dh
sh,sh
ix,ix
ay,ax
ay,ay
ix,ix
ih,ih
ch,ch
r,r
ah,eh
iy,ix
t,t
l,l
uh,uh
q,q
ix,ih
tcl,tcl
eh,eh
ux,ux
pcl,tcl
m,v
eh,eh
ix,ix
ax,ix
hv,hv
l,l
dh,ix
iy,iy
l,l
z,z
s,s
g,y
ix,ix
aw,aw
gcl,gcl
ix,ix
sh,sh
w,w
s,s
p,p
tcl,tcl
n,n
ah,ah
uh,uh
dcl,tcl
eh,r
s,sh
dh,dh
g,k
ih,ih
ix,eh
ax,ax
ao,ao
axr,axr
eh,eh
ow,ow
sh,jh
dh,dh
n,n
ux,ux
ay,ey
ao,ao
y,y
er,er
t,t
ah,ah
ng,n
er,er
p,jh
k,k
gcl,gcl
ix,ix
ax,ih
w,w
ih,ix
ux,ih
tcl,tcl
k,k
ah,ax
n,n
ih,ih
s,s
r,r
ae,ae
n,n
dcl,dcl
ey,ey
ae,ae
ax,ax
m,w
dcl,tcl
dh,dh
ax,ax
n,n
eh,eh
ae,ae
p,b
ow,ow
k,k
d,ax
ay,ay
ih,ih
bcl,bcl
ey,ih
tcl,kcl
kcl,kcl
ae,eh
hh,hh
kcl,kcl
r,r
s,z
ah,ae
dh,dh
axr,axr
ix,ix
aa,aa
ay,ay
axr,axr
sh,sh
nx,q
v,dx
iy,iy
z,z
eh,eh
ae,ae
iy,iy
ey,ey
eh,ih
ch,s
iy,ix
dcl,gcl
ow,ow
iy,iy
eh,eh
kcl,kcl
ix,ix
t,t
l,l
iy,iy
dcl,n
k,k
t,t
en,n
ux,ux
n,ix
axr,axr
eh,eh
dx,dx
iy,iy
ae,ae
ng,ng
ax,ix
axr,axr
p,p
ae,ae
r,r
aa,ao
w,w
f,f
l,ax
r,r
sh,sh
er,er
tcl,tcl
t,s
kcl,tcl
kcl,gcl
iy,iy
s,s
m,m
ux,ux
ix,ix
pcl,tcl
s,s
ch,ch
tcl,tcl
f,f
ah,ix
dcl,dx
aa,aa
f,f
ix,ix
ix,ix
ah,aa
ao,ao
ih,uh
s,s
dcl,tcl
ux,ux
ao,ao
m,m
ih,ih
ae,eh
ay,ay
l,l
ao,ao
axr,axr
gcl,gcl
eh,eh
ih,ih
ah,ah
l,l
aa,aa
aw,ae
er,axr
iy,iy
ao,aa
s,s
dh,v
k,k
aa,aa
f,f
ax,ax
iy,iy
kcl,kcl
tcl,tcl
tcl,en
ih,ih
tcl,kcl
p,p
th,dh
v,v
dcl,kcl
hh,hh
s,z
ow,ow
k,k
l,uw
iy,iy
em,m
ix,ix
m,n
axr,er
ey,iy
oy,oy
uw,uw
r,r
dcl,bcl
iy,iy
y,y
ah,eh
ah,ax
ix,ix
iy,iy
eh,eh
s,s
tcl,kcl
ao,ao
y,y
r,r
l,l
ux,iy
r,r
gcl,gcl
ao,ao
ae,ay
ax,ix
w,w
dcl,bcl
ah,ix
ae,ae
hv,hv
dh,tcl
m,m
pcl,tcl
m,m
bcl,bcl
iy,iy
ix,ax
q,q
l,l
ih,ih
tcl,tcl
dh,ax
pcl,tcl
el,el
el,el
l,l
l,v
ix,ix
hv,hv
ih,ng
iy,iy
r,r
ix,ix
tcl,tcl
k,k
r,y
bcl,bcl
ey,ih
r,r
m,m
axr,axr
ax,ax
ix,ix
f,f
m,m
ax,l
r,r
pcl,tcl
ix,ix
eh,ah
m,m
ae,ae
ih,ih
ow,aw
ih,ih
f,f
iy,ix
ix,axr
t,t
w,w
ow,ow
g,g
nx,nx
s,s
uw,ih
gcl,tcl
bcl,bcl
ix,ix
m,m
ux,ux
gcl,axr
dcl,gcl
y,y
ix,ix
v,v
ih,eh
ix,ix
ey,oy
w,w
r,r
w,w
kcl,kcl
ay,ay
sh,sh
m,m
n,n
r,r
p,p
oy,oy
k,k
er,er
w,w
s,s
el,el
f,v
ax,ax
k,k
t,t
n,n
pcl,tcl
y,y
iy,iy
dcl,gcl
dx,dx
l,l
eh,eh
l,l
ay,ay
er,er
aa,aa
k,k
ae,ae
f,f
iy,iy
ey,ey
w,w
l,l
bcl,tcl
r,r
k,k
l,ax
r,r
ao,ao
l,w
pcl,tcl
q,tcl
gcl,gcl
ax,ax
ix,eh
tcl,kcl
m,n
axr,r
dh,p
s,s
ih,eh
ix,ix
iy,iy
em,m
ax,ix
ng,n
tcl,tcl
sh,sh
eh,eh
ao,ao
r,r
pcl,tcl
k,k
iy,iy
f,f
aa,aa
kcl,kcl
p,p
ch,ch
ao,ao
iy,iy
r,r
s,s
r,r
r,dx
w,w
dx,dx
r,r
iy,iy
s,z
ih,iy
iy,iy
ix,ix
kcl,kcl
iy,iy
tcl,kcl
l,l
iy,ng
zh,zh
en,m
r,w
n,m
l,l
dcl,tcl
jh,jh
bcl,tcl
dcl,bcl
s,z
kcl,gcl
v,ax-h
f,p
w,w
dcl,kcl
sh,jh
k,k
t,t
aa,aa
aa,aa
r,r
ae,ae
g,g
n,m
aa,ah
ey,ey
ix,ix
v,v
l,ax
s,s
s,s
q,q
n,ng
ax,ax
oy,oy
f,f
l,ix
eh,eh
g,g
z,s
ix,ax
ae,ae
ih,iy
gcl,gcl
iy,iy
ey,ix
l,l
iy,iy
sh,zh
l,l
ow,ow
s,s
dcl,gcl
ae,ae
iy,iy
ix,ix
q,hh
oy,oy
pcl,tcl
s,s
bcl,gcl
bcl,tcl
s,s
l,ax
y,y
z,z
nx,dx
t,t
l,l
ae,ae
tcl,kcl
en,en
m,m
t,t
d,ix
aa,ao
ix,ix
ix,ix
q,q
axr,axr
n,n
ix,ix
sh,sh
t,t
z,z
ao,ao
iy,iy
ix,ix
kcl,kcl
t,t
jh,jh
tcl,kcl
sh,sh
s,s
n,ng
ey,ey
ae,eh
tcl,q
s,s
r,r
r,r
l,aa
w,l
s,s
ih,ux
er,er
jh,jh
eh,eh
n,n
v,v
eh,ax
iy,iy
jh,jh
bcl,bcl
tcl,tcl
r,r
ix,ix
aa,aa
ae,eh
k,k
f,f
k,k
ax,ax
ao,ao
ix,ix
r,r
f,p
ih,ih
ih,ih
pcl,tcl
m,n
eh,eh
tcl,tcl
m,m
ux,ix
q,q
gcl,m
ay,ay
s,s
y,y
ae,ae
n,n
pcl,pcl
iy,y
w,w
n,n
kcl,kcl
s,s
er,er
ax,uh
ix,ix
aw,ow
k,k
ix,ix
gcl,gcl
r,r
ae,ae
k,g
en,ix
l,l
l,l
f,b
g,g
sh,sh
sh,sh
dcl,tcl
el,el
ix,ix
t,t
iy,iy
n,gcl
t,t
ax,ax
iy,iy
z,s
kcl,kcl
n,ng
s,s
z,z
eh,eh
v,v
ih,ih
dcl,dcl
n,n
ae,ae
axr,axr
v,v
sh,sh
ux,ux
t,t
s,s
g,kcl
ao,ax
z,z
ah,ih
q,r
iy,iy
iy,iy
ao,ao
t,t
f,y
ow,ow
gcl,kcl
ao,aa
tcl,tcl
er,er
r,w
n,n
s,s
l,l
ao,ao
l,l
kcl,tcl
ih,r
q,q
ix,ix
gcl,gcl
er,axr
gcl,gcl
dcl,bcl
s,s
eh,eh
ow,ow
ix,axr
ax,ax
ng,ng
iy,iy
ix,ih
k,k
hh,hh
ah,ah
tcl,tcl
ix,ih
tcl,kcl
kcl,kcl
dh,dh
r,r
r,r
s,s
q,q
ix,iy
y,d
axr,axr
ey,ey
l,l
r,r
axr,axr
axr,axr
m,n
kcl,kcl
axr,axr
ix,ix
n,n
ow,ow
n,n
iy,iy
oy,oy
ax,ax
ax,ax
kcl,tcl
s,s
n,bcl
pcl,pcl
n,n
ah,eh
s,s
ax,ax
er,er
ah,aa
nx,n
w,w
q,ax
axr,axr
n,n
n,n
f,v
ae,eh
l,ax
ax,ax
oy,oy
uw,ow
ix,iy
k,k
w,w
r,axr
kcl,tcl
q,q
l,l
iy,iy
n,n
t,t
tcl,tcl
q,q
v,v
ax,ix
n,en
axr,r
l,ax
ey,ey
s,s
m,n
kcl,tcl
s,z
tcl,kcl
s,s
s,s
ih,ih
r,r
kcl,tcl
z,z
aa,aa
ux,ux
ao,ao
ah,aa
n,n
m,m
ae,eh
iy,iy
pcl,tcl
dx,dx
t,t
dcl,tcl
ix,ix
k,k
pcl,tcl
q,ix
tcl,tcl
p,p
iy,iy
ow,ow
r,r
s,s
kcl,kcl
ix,ih
iy,iy
dcl,dx
gcl,gcl
iy,iy
k,k
ih,ix
z,z
r,eh
ey,iy
ih,eh
s,th
el,l
k,k
g,g
n,n
jh,jh
ow,ow
ix,ix
ix,ix
k,k
iy,iy
gcl,gcl
eh,eh
th,th
k,k
n,n
s,s
dh,dx
dcl,gcl
s,s
tcl,kcl
z,z
ae,eh
gcl,gcl
v,v
kcl,kcl
p,p
w,w
dh,d
r,r
s,s
eh,eh
tcl,n
s,s
t,z
s,s
k,k
sh,sh
dx,dx
ng,m
ix,ix
aa,aa
s,s
n,n
tcl,tcl
tcl,tcl
dh,dh
n,n
ih,ih
w,w
f,f
ih,ix
ao,ao
w,w
k,t
axr,axr
uw,uw
r,axr
n,n
r,r
ae,ae
iy,iy
n,dcl
l,l
dh,dh
axr,axr
b,b
s,s
er,axr
k,k
s,s
ey,ey
k,k
y,y
en,en
pcl,n
ch,jh
y,y
s,s
th,th
t,d
f,f
z,z
ae,ae
l,dh
ay,ay
dcl,tcl
pcl,kcl
n,ix
ax,ix
hh,hh
p,p
ix,ix
s,s
n,m
ax,ax
ix,ix
gcl,gcl
v,tcl
sh,sh
axr,axr
dh,dh
v,v
sh,sh
dcl,dcl
w,w
iy,ix
ay,ay
m,m
l,l
ih,ih
gcl,gcl
tcl,dcl
iy,iy
r,r
iy,ih
eh,ix
ux,ux
r,aa
ax,ax
k,p
ix,ix
ay,ay
kcl,kcl
l,l
k,k
tcl,tcl
k,k
en,w
ix,r
iy,ix
ay,ay
l,l
kcl,kcl
n,v
y,ix
ow,ow
ay,ay
g,dx
n,n
ax,ix
iy,iy
s,s
ao,ao
eh,eh
ay,ay
sh,sh
ao,ao
kcl,kcl
jh,jh
f,f
iy,iy
m,n
m,n
iy,iy
l,l
ax,r
dcl,dcl
r,r
t,t
tcl,tcl
r,r
ao,uh
t,t
ix,ix
axr,ax
n,n
aw,ow
l,l
tcl,tcl
m,m
l,l
s,s
ih,iy
f,f
dcl,dcl
dcl,dcl
aa,aa
kcl,kcl
m,m
eh,ix
pcl,tcl
v,v
ih,axr
uh,ax
kcl,n
ae,eh
dh,dh
dh,dh
en,m
er,axr
ah,ah
hv,y
iy,iy
ey,ey
tcl,tcl
oy,ay
n,m
zh,zh
ey,ey
gcl,n
ay,aa
l,l
ax,ax
dcl,tcl
dcl,dcl
r,r
q,q
y,y
n,n
iy,iy
l,eh
g,k
q,q
n,n
hh,hh
k,k
kcl,kcl
ae,ae
m,m
ix,ix
pcl,dcl
ay,ao
ix,ix
t,t
ng,n
ae,ae
dcl,tcl
tcl,tcl
k,k
l,l
n,en
l,l
ih,ix
ih,eh
n,n
ay,aa
w,w
ax,r
n,n
tcl,dcl
f,f
ux,ux
n,ix
r,r
dh,v
uh,ao
p,p
th,th
eh,ih
ix,ix
p,b
uh,uh
b,p
iy,iy
s,s
th,th
eh,eh
ix,v
ah,aw
v,v
l,l
k,p
t,t
v,v
ay,ay
aa,aa
g,g
t,t
ix,ih
w,w
tcl,tcl
en,m
ix,iy
eh,eh
ao,ao
jh,jh
ih,ix
z,z
z,z
ih,ix
n,dh
ix,ix
iy,iy
bcl,bcl
ao,ao
eh,r
ow,ow
ax,ax
s,z
s,s
hh,hh
axr,r
dcl,tcl
s,z
z,s
y,y
d,t
m,m
q,q
axr,axr
axr,axr
p,p
eh,ih
l,l
l,ay
ey,iy
s,s
eh,eh
n,n
n,m
l,ao
g,g
ah,eh
aw,aw
z,z
n,n
sh,sh
q,ix
dcl,tcl
ax,ax
dcl,gcl
ay,ay
dh,dx
p,hh
ah,aa
r,r
w,w
ah,ah
ih,eh
ae,ae
n,n
ih,iy
n,ng
pcl,kcl
s,s
r,r
er,ih
sh,sh
aa,ao
ey,ey
ux,iy
eh,eh
ux,ux
aa,ao
dcl,dcl
r,r
dh,dh
aa,aa
n,n
t,t
q,q
ax,ix
ix,r
r,r
jh,jh
iy,iy
iy,iy
l,ix
tcl,dcl
ax,ax
ix,ix
aa,aa
ix,ix
t,q
q,q
l,l
iy,iy
y,y
ey,iy
ax,r
l,l
ch,jh
ix,ix
ey,r
aa,aa
k,k
y,y
ix,ih
m,n
p,s
kcl,kcl
kcl,kcl
w,w
zh,sh
ix,ix
ey,ey
pcl,pcl
l,l
kcl,kcl
m,m
pcl,pcl
axr,axr
m,m
ay,ay
n,ix
aa,r
iy,iy
eh,ih
ow,ow
bcl,bcl
ux,ux
ax,ax
ah,ah
axr,axr
axr,axr
ao,ao
iy,iy
ax,ax
kcl,kcl
ax,ix
eh,eh
pcl,tcl
tcl,kcl
m,ax
m,n
axr,ix
th,th
sh,sh
dcl,gcl
ix,ix
dcl,dcl
en,en
ax,ax
pcl,pcl
s,s
n,n
ax,ax
en,n
pcl,tcl
iy,ix
p,p
ih,ix
ey,ey
t,t
ix,ix
k,k
n,n
p,p
d,jh
s,s
ax,uh
ih,ix
v,v
aa,aa
tcl,tcl
iy,ey
ix,ax
t,z
ax,ax
n,ng
ix,ix
ay,ey
axr,axr
iy,iy
s,s
axr,axr
ah,ah
t,s
dcl,dcl
iy,iy
dx,dx
ey,ey
s,sh
jh,sh
ow,ow
eh,eh
ux,ux
ey,ey
ah,ay
ey,ey
kcl,tcl
ay,ay
ay,ao
l,l
w,l
ao,ao
t,t
ay,ay
z,z
dh,dh
kcl,kcl
ix,ix
er,er
ix,ix
iy,ey
l,ah
tcl,tcl
hh,p
hh,hh
iy,iy
kcl,kcl
w,w
ae,ae
r,r
sh,tcl
gcl,gcl
eh,eh
tcl,gcl
bcl,gcl
ah,ah
v,v
ay,ay
hv,hv
y,y
ng,ng
z,z
m,m
dx,dx
y,y
r,eh
ix,ix
w,w
k,k
k,p
q,q
th,s
l,w
dh,dh
m,m
n,m
axr,axr
aa,ao
ih,ih
n,n
l,l
ah,aa
k,k
eh,ax
ix,ix
hv,hv
g,g
z,z
tcl,tcl
s,s
nx,dx
n,n
ey,ey
s,s
q,q
tcl,kcl
tcl,tcl
s,s
er,r
jh,jh
kcl,kcl
z,s
m,m
q,q
t,t
bcl,bcl
q,q
axr,ix
axr,axr
tcl,tcl
ax-h,axr
dh,dh
f,f
dh,dh
hv,hv
s,z
ae,ae
ix,ix
hh,g
iy,iy
d,t
z,z
f,f
ix,ax
nx,dx
tcl,tcl
k,k
er,er
t,t
ix,iy
ix,ix
dh,dh
r,r
sh,sh
p,p
m,m
l,l
n,n
ah,er
ih,ix
hh,k
ax,v
pcl,tcl
r,r
l,eh
axr,axr
oy,oy
aa,aa
m,m
p,p
ch,sh
w,w
iy,iy
k,k
iy,iy
iy,iy
tcl,tcl
eh,eh
r,r
ao,ao
ih,ix
ae,eh
ae,ae
aa,aa
l,l
f,v
z,z
q,q
n,en
s,sh
bcl,bcl
k,k
ih,ih
s,s
v,v
ih,ih
iy,ix
ao,ao
q,q
ux,ix
ah,ax
m,m
ah,ah
z,s
iy,y
r,r
eh,eh
f,f
r,r
dcl,dcl
jh,jh
t,d
r,r
iy,iy
q,q
ah,ax
tcl,tcl
dx,dx
ix,ih
l,l
aa,aa
ah,eh
w,w
axr,axr
v,tcl
kcl,k
ey,ey
m,m
kcl,kcl
m,m
ih,ih
hv,r
m,m
dcl,dh
eh,eh
ay,ay
axr,axr
dcl,gcl
ih,ax
v,dcl
er,axr
f,f
f,f
dcl,gcl
ix,ih
ix,ix
axr,axr
n,m
ax,l
t,t
ax,ax
eh,r
ey,ih
n,n
pcl,tcl
r,r
iy,iy
eh,eh
axr,r
l,ix
ix,ih
m,m
n,n
p,p
d,t
ax,ax
z,z
uh,w
iy,iy
q,q
ih,ix
kcl,kcl
iy,iy
th,v
sh,sh
t,t
ax,ax
dcl,dcl
nx,nx
ix,ix
iy,iy
gcl,gcl
ey,ey
ax,ix
iy,iy
iy,ix
s,s
ow,ow
ih,eh
kcl,kcl
z,z
pcl,kcl
ao,oy
s,s
axr,axr
t,t
z,z
w,w
ih,ih
q,q
n,n
iy,iy
pcl,kcl
m,m
n,n
n,n
er,axr
eh,eh
ae,ae
ey,ey
en,n
iy,iy
axr,r
l,l
eh,ix
eh,eh
ih,ih
tcl,tcl
p,p
ay,ay
ng,m
kcl,kcl
aa,aa
ae,eh
axr,axr
r,r
n,n
z,z
eh,eh
w,w
ch,t
ix,r
ao,ao
pcl,kcl
dcl,bcl
pcl,tcl
ix,ix
el,el
f,f
ix,ax
ao,ao
t,q
pcl,pcl
l,w
aw,eh
ow,aw
d,dh
n,n
g,k
nx,n
z,s
ih,ax
l,l
iy,iy
tcl,tcl
aw,aw
ae,ae
l,l
s,s
v,v
ao,ay
ix,ix
iy,iy
eh,eh
z,s
ax,ix
pcl,tcl
er,ix
m,m
ih,ih
ah,aa
ix,ix
ax-h,ax
r,axr
dcl,bcl
er,er
iy,iy
ix,ax
ae,eh
n,m
q,q
n,ix
dx,dx
n,n
ih,ix
axr,axr
s,z
w,w
d,dh
f,f
ah,ax
ow,l
eh,eh
q,q
iy,iy
iy,r
eh,eh
ay,ae
pcl,kcl
tcl,tcl
eh,eh
l,q
v,v
ow,l
ux,er
iy,iy
ix,ax
sh,sh
ah,ax
axr,er
pcl,tcl
z,z
n,n
r,ae
el,el
k,k
w,w
l,l
k,k
tcl,tcl
ow,ow
n,n
s,z
dh,dh
aw,aw
ix,ix
ah,ah
m,m
iy,iy
el,l
ay,ay
iy,iy
oy,oy
bcl,bcl
n,n
er,er
w,w
ey,ey
gcl,dcl
dx,dx
tcl,dcl
tcl,tcl
r,r
ix,ix
g,g
q,q
ah,eh
p,p
gcl,gcl
iy,iy
hh,hh
v,v
ih,ih
axr,axr
n,n
r,r
iy,iy
ix,ix
r,r
l,w
dcl,tcl
aa,ao
n,n
pcl,pcl
iy,iy
k,k
d,t
axr,r
iy,iy
iy,iy
w,w
aa,eh
p,p
sh,sh
v,v
p,p
eh,eh
k,k
ax,ax
ix,ix
ae,ae
ae,ae
k,k
z,z
ao,aa
ey,ey
n,n
ux,ux
en,ix
kcl,tcl
s,z
iy,iy
en,en
dh,dh
er,r
k,k
w,w
sh,sh
ay,ay
sh,sh
er,axr
aa,ao
eh,ih
t,t
r,r
t,t
ih,eh
l,ix
k,k
w,w
ow,ow
bcl,bcl
ix,ix
ih,ih
l,q
ae,ae
l,l
hh,hh
s,s
r,r
l,ax
iy,iy
r,r
jh,sh
bcl,bcl
nx,nx
ey,ey
m,m
tcl,tcl
jh,jh
m,m
ih,ix
ih,ax
r,r
m,m
b,p
l,l
s,s
n,n
b,p
pcl,tcl
ix,ix
w,w
w,w
ux,ux
l,l
f,f
aa,aa
eh,eh
uw,ih
r,r
l,ix
ao,ao
kcl,kcl
eh,eh
aw,aw
ix,ix
gcl,kcl
ih,eh
axr,axr
ix,ix
s,s
hh,hh
z,z
ix,ix
t,t
ae,eh
ax,eh
er,er
dx,ax
v,v
axr,er
n,m
kcl,kcl
ix,ux
ah,ax
tcl,tcl
n,n
r,r
n,m
ae,eh
s,s
d,t
el,el
eh,eh
ix,r
w,w
d,t
kcl,kcl
z,z
t,t
iy,iy
n,m
ao,ao
ay,ay
ow,ow
uh,ix
tcl,dx
dcl,m
z,s
dx,dx
oy,oy
tcl,tcl
dcl,gcl
uw,ux
ay,ay
g,dx
bcl,tcl
s,s
dcl,dcl
s,s
s,s
ow,ow
er,er
m,m
ix,ix
ih,ih
ae,ae
dcl,gcl
ax,ax
axr,axr
f,f
ch,t
aa,aa
ae,eh
iy,iy
z,z
axr,er
ah,aa
ae,ae
ih,ih
s,s
s,s
tcl,tcl
l,l
m,m
pcl,pcl
eh,ix
s,s
s,s
jh,jh
hh,hv
r,r
eh,eh
dh,th
dx,dx
r,r
ow,ah
tcl,tcl
ow,ow
z,s
r,w
ax,ax
eh,eh
f,f
oy,oy
ix,ix
l,ax
k,k
gcl,n
w,w
iy,iy
s,s
v,v
iy,ey
r,r
r,r
tcl,tcl
bcl,tcl
p,p
ix,ix
ah,ah
l,l
ow,ow
ay,ay
ao,aa
n,n
r,r
n,tcl
s,s
ah,eh
iy,iy
tcl,tcl
r,r
dh,ix
tcl,tcl
jh,jh
ax,ix
sh,sh
l,l
eh,eh
ux,ux
z,z
ih,ih
l,ax
s,s
tcl,tcl
bcl,bcl
ix,ix
ix,ix
iy,ix
axr,axr
gcl,gcl
tcl,tcl
ix,ix
iy,iy
s,s
s,s
hh,hh
uh,ih
n,n
ao,aa
l,l
s,s
dcl,tcl
n,n
ix,ix
dcl,ix
s,s
ax,n
n,n
hh,hh
ae,ae
axr,axr
f,p
ch,ch
iy,iy
uh,uh
ah,ah
s,s
kcl,kcl
aa,aa
n,n
r,r
q,q
d,dx
tcl,q
ae,ae
ng,n
n,n
k,k
hv,g
w,w
dx,dx
dcl,dx
ix,ix
z,z
iy,iy
eh,er
gcl,gcl
ix,ix
axr,r
s,s
n,n
kcl,kcl
ch,ch
n,n
axr,axr
axr,axr
l,l
r,r
l,w
er,er
ow,ow
ih,ih
iy,iy
aa,aa
pcl,pcl
n,ng
tcl,tcl
m,m
w,w
iy,iy
ao,ao
axr,axr
axr,ix
tcl,s
em,m
eh,eh
bcl,bcl
t,t
f,f
uh,uh
y,y
aa,ao
n,n
l,l
dcl,bcl
dh,dh
n,n
l,l
pcl,tcl
ix,ix
r,r
r,r
pcl,tcl
k,k
gcl,gcl
axr,axr
z,z
m,m
ix,ix
l,l
er,er
axr,axr
k,k
oy,oy
ae,ih
ih,ih
l,l
ey,ih
y,y
l,l
l,w
v,v
ix,ix
tcl,tcl
ix,ax
dx,nx
ix,ix
er,er
eh,ae
w,w
r,r
ih,ix
r,r
th,th
dh,v
dcl,dcl
iy,ux
ix,axr
iy,iy
ax-h,kcl
iy,iy
sh,sh
ah,eh
ey,iy
bcl,tcl
s,s
n,n
w,w
s,z
ux,ux
g,g
ix,ix
sh,sh
z,z
r,r
iy,iy
s,s
ng,ng
iy,iy
l,l
pcl,tcl
tcl,tcl
iy,iy
m,m
pcl,pcl
pcl,tcl
dh,dh
g,g
eh,ae
eh,eh
tcl,tcl
ax,l
hv,hv
aa,ao
dcl,tcl
v,dh
n,n
aw,aw
gcl,kcl
ey,ey
ay,ay
ng,n
s,s
s,s
dx,dx
ey,ey
oy,oy
tcl,tcl
ih,ih
aa,aa
ay,ay
eh,eh
kcl,kcl
dcl,dcl
iy,iy
el,el
gcl,dcl
s,s
w,w
ix,ix
gcl,gcl
r,r
kcl,kcl
ih,ih
iy,iy
k,k
q,q
ey,ey
iy,iy
l,l
r,r
t,tcl
k,k
tcl,tcl
ow,ow
ah,eh
w,w
ax,ax
axr,axr
ao,ah
tcl,tcl
aa,aa
dx,g
iy,iy
t,t
pcl,tcl
l,l
tcl,tcl
v,v
pcl,tcl
ng,ng
ix,axr
dcl,dcl
iy,ux
ah,ah
s,s
iy,ix
t,t
axr,axr
m,m
tcl,tcl
ao,ao
r,r
pcl,tcl
ix,ix
iy,iy
kcl,kcl
pcl,tcl
k,k
iy,y
ae,ae
oy,ey
iy,iy
sh,ch
g,k
zh,zh
r,axr
axr,axr
l,l
oy,oy
nx,nx
d,t
ax,ix
m,m
pcl,tcl
k,k
iy,iy
ax,l
kcl,tcl
uh,uh
axr,ih
er,er
p,p
y,y
l,w
z,z
r,ix
m,m
ax,ax
l,el
r,r
iy,iy
dcl,tcl
er,r
ix,ax
eh,eh
ix,ix
el,l
ey,ey
g,g
ix,ix
s,s
dcl,tcl
ao,ao
r,r
r,r
ax,r
s,s
q,q
dx,gcl
z,s
ih,ih
tcl,ix
bcl,bcl
z,s
gcl,dx
kcl,gcl
v,v
r,r
iy,iy
ay,ay
m,m
gcl,gcl
pcl,gcl
aa,ao
ux,ix
er,axr
ih,ih
hv,ao
axr,axr
p,p
ey,ey
hv,v
r,axr
eh,ae
l,w
ow,ow
ix,iy
m,ng
aa,aa
l,l
y,y
w,l
bcl,bcl
iy,ix
ix,ih
t,t
ey,ey
dcl,tcl
aw,aw
eh,eh
l,l
k,k
oy,ao
eh,eh
t,t
l,l
ax,ax
ch,ch
z,s
tcl,tcl
iy,ix
z,s
r,r
r,r
ae,ae
iy,iy
sh,sh
tcl,kcl
dcl,dcl
ey,ey
ey,ey
ix,ix
g,dx
q,q
axr,eh
kcl,kcl
gcl,tcl
t,t
ah,ah
axr,axr
tcl,tcl
oy,ao
ae,eh
ix,ix
t,t
er,er
ux,ux
s,z
ix,ix
sh,sh
k,k
n,n
t,t
iy,iy
ey,ey
f,f
s,s
hv,iy
v,v
ow,ao
ih,ih
iy,iy
kcl,kcl
ih,ih
iy,iy
ay,ey
t,t
tcl,tcl
axr,axr
ih,ax
ay,ay
dh,f
bcl,axr
z,z
sh,sh
k,k
uh,eh
l,l
ow,ow
eh,eh
iy,iy
ax,ax
v,v
f,f
nx,dx
m,m
r,r
tcl,tcl
ey,ey
aa,aa
ng,n
kcl,tcl
tcl,tcl
eh,eh
ae,ae
s,s
l,l
el,l
g,w
r,r
ey,ey
kcl,bcl
ah,ah
ow,ao
w,w
aa,ao
oy,oy
axr,ih
r,r
g,g
v,v
kcl,kcl
pcl,tcl
n,n
iy,iy
r,ix
ix,ey
n,en
ay,ay
dx,dx
aa,aa
p,p
gcl,gcl
m,n
s,s
pcl,pcl
m,m
l,ax
r,r
ih,ih
l,l
t,t
ix,ih
ah,ax
n,n
ih,ih
kcl,kcl
s,s
r,r
ih,ih
ax,ix
ng,ng
m,m
r,r
ao,ao
r,r
ey,eh
bcl,bcl
iy,iy
ae,ae
l,l
ix,ix
s,s
w,w
ay,ay
ix,ax
q,q
ay,ay
q,q
f,f
ih,ix
l,l
ae,ae
n,n
kcl,tcl
hv,hv
ax,l
ey,ey
iy,iy
m,n
eh,eh
axr,axr
ih,ih
z,z
y,iy
aa,ay
l,el
axr,er
ey,ey
hv,hv
ao,eh
n,n
ah,ow
s,z
kcl,tcl
ch,ch
tcl,tcl
dh,dh
ix,ix
ax,ax
ey,ey
el,uh
g,g
k,k
dcl,n
k,kcl
dcl,dcl
ih,eh
th,th
s,s
s,s
el,el
kcl,tcl
r,r
ae,ae
l,l
m,m
kcl,kcl
w,r
l,l
sh,ch
y,y
ix,ix
k,g
r,r
hv,eh
dcl,tcl
uh,uh
ix,ix
dh,dh
y,iy
r,axr
k,k
w,w
t,t
ae,ae
el,ao
m,m
pcl,kcl
gcl,tcl
eh,eh
ao,ao
bcl,gcl
t,t
g,g
dcl,n
tcl,tcl
ae,ae
n,n
gcl,gcl
dh,v
ih,ih
hh,hv
ix,ix
r,r
aa,aa
ux,ix
l,l
t,t
ih,uh
ax,eh
q,dh
ax,ax
ay,ay
ix,iy
dcl,tcl
er,er
dcl,gcl
f,f
s,s
el,el
ow,l
n,n
kcl,tcl
f,f
s,s
eh,ix
s,s
aa,ao
m,m
l,l
dcl,dcl
kcl,d
axr,ao
w,w
r,r
kcl,tcl
r,r
w,uw
r,r
g,g
z,z
f,f
aa,aa
pcl,tcl
ng,m
w,w
ao,ao
ae,ae
l,l
m,m
ay,ay
d,d
ix,ix
ax,ah
aa,ao
ae,ae
ch,ch
hh,hh
ah,ah
t,t
gcl,pcl
ix,ix
s,s
ey,iy
f,f
m,m
iy,iy
er,er
ow,ow
l,l
gcl,gcl
f,f
v,v
eh,eh
ax,ax
kcl,tcl
ao,ao
tcl,tcl
ix,ix
ix,ix
l,l
d,d
z,z
nx,n
ix,ix
jh,t
t,t
n,n
l,l
s,s
tcl,n
q,q
ix,axr
bcl,gcl
ih,eh
iy,ix
er,axr
n,m
z,z
r,r
kcl,kcl
s,s
ix,ix
bcl,bcl
en,en
hh,hh
iy,iy
gcl,kcl
dcl,dh
z,s
iy,iy
ix,ix
ih,ix
y,y
pcl,tcl
ey,ey
pcl,ng
m,m
iy,iy
r,ax
r,r
tcl,tcl
ay,ay
iy,iy
dh,dh
l,w
k,k
pcl,tcl
m,m
n,n
en,en
dcl,tcl
ay,ay
w,w
gcl,gcl
kcl,k
kcl,kcl
tcl,tcl
f,f
m,m
ix,ih
q,q
ux,ix
l,w
pcl,kcl
axr,axr
l,l
ae,ae
ax,ax
v,dx
ux,ux
s,s
ix,ix
aa,aa
tcl,tcl
f,v
ax-h,tcl
ih,ih
axr,axr
ao,aa
w,q
r,r
n,m
n,n
ah,ah
dh,n
aa,aa
jh,jh
ax,ax
s,s
ix,ix
iy,iy
dx,dx
ih,ix
ey,ey
ih,ih
ah,ah
tcl,tcl
aa,ao
ey,ey
ae,ae
ng,ng
nx,dx
k,k
iy,iy
d,jh
bcl,w
dcl,gcl
axr,eh
bcl,m
t,t
ax,ax
pcl,tcl
pcl,tcl
kcl,kcl
bcl,bcl
ax,ah
t,dh
m,m
ix,ax
t,t
l,l
l,q
gcl,pcl
jh,jh
ix,eh
ix,ix
r,r
t,t
eh,eh
n,n
l,l
r,er
aa,ao
k,k
axr,axr
ux,ux
ax,l
s,s
er,axr
l,l
t,t
m,m
dh,dh
l,l
r,r
iy,iy
dh,dh
ey,ey
dcl,bcl
axr,hv
hh,hh
t,t
p,p
iy,iy
ih,ih
z,z
ay,ay
z,z
q,q
q,q
m,n
p,p
ih,r
l,q
m,m
w,w
v,v
l,l
en,ax
tcl,tcl
w,w
n,en
ix,y
hh,hh
er,r
l,l
ix,ix
ch,ch
v,v
sh,s
dx,dx
iy,iy
ix,eh
ih,ih
ah,ih
iy,iy
iy,iy
ix,ix
s,s
n,n
t,t
n,q
ax-h,dh
ao,ao
kcl,tcl
b,b
eh,eh
iy,iy
er,er
tcl,kcl
eh,eh
s,s
ow,axr
tcl,dcl
p,p
kcl,kcl
m,m
aa,ay
t,t
r,r
z,z
y,y
m,m
pcl,v
gcl,gcl
ng,ng
iy,iy
s,s
dcl,tcl
er,er
iy,iy
ay,ay
dcl,tcl
k,k
iy,iy
ix,ix
m,m
ow,ao
iy,iy
s,s
uh,uh
ix,ix
n,n
f,f
axr,axr
l,l
aa,aa
oy,oy
pcl,pcl
p,p
er,er
m,r
ay,ay
ae,ae
gcl,gcl
gcl,gcl
gcl,gcl
hv,axr
dh,dx
en,en
ix,ix
ix,eh
dx,dx
nx,dx
w,w
r,axr
w,w
r,r
f,f
ay,ey
v,v
ow,ow
z,z
gcl,kcl
s,s
dcl,dcl
ey,ey
iy,iy
iy,ix
dcl,dcl
l,l
r,axr
gcl,tcl
g,g
ae,ae
s,s
ah,eh
oy,oy
ao,ow
jh,jh
ae,ae
axr,er
gcl,tcl
sh,s
s,s
r,r
y,y
aw,aw
oy,oy
s,s
q,q
ow,ow
r,r
bcl,bcl
g,k
dcl,dcl
r,r
r,r
l,l
aa,ao
v,v
sh,sh
gcl,dcl
sh,sh
k,k
er,er
ao,w
w,w
t,t
ow,ow
t,t
em,m
dh,v
ey,ey
n,n
s,sh
dcl,dx
ao,ao
pcl,bcl
ix,ih
s,s
pcl,tcl
gcl,gcl
q,q
m,m
ae,ae
dcl,dcl
n,l
sh,ch
w,w
er,er
k,k
tcl,kcl
iy,iy
dx,dx
q,q
ng,ng
y,y
ao,ow
ey,ey
bcl,bcl
tcl,tcl
w,w
v,v
r,r
ae,ae
dcl,tcl
kcl,tcl
s,s
ix,ix
l,l
ux,ux
ae,ae
n,n
ae,ae
pcl,kcl
ay,ay
ih,ih
bcl,bcl
s,s
r,r
sh,sh
pcl,pcl
gcl,tcl
r,r
bcl,bcl
p,p
dcl,dcl
tcl,kcl
tcl,tcl
ix,ax
iy,ih
s,s
s,s
ix,eh
nx,nx
eh,eh
ey,ey
ah,ih
aa,aa
n,n
nx,nx
p,p
iy,ix
aa,aa
w,w
kcl,kcl
pcl,tcl
ix,ix
tcl,tcl
ah,ow
tcl,tcl
dcl,n
pcl,tcl
ax,ix
g,g
ih,iy
ax,ax
axr,axr
pcl,pcl
s,s
dcl,dcl
m,r
gcl,tcl
ao,ao
iy,ih
iy,ey
n,n
n,m
z,z
axr,axr
g,dh
p,p
ey,ay
er,er
ix,ix
tcl,tcl
l,l
axr,axr
iy,iy
m,n
aa,aa
ih,ix
k,k
ow,ow
eh,eh
v,v
q,q
ix,iy
pcl,kcl
ih,ih
l,l
ey,ey
q,q
r,m
f,f
ix,ix
ih,ih
l,l
ah,aa
l,l
s,s
nx,n
aa,ao
v,v
s,z
axr,r
tcl,tcl
iy,iy
r,r
ow,ow
p,p
q,q
ix,ix
r,r
ah,oy
q,tcl
dh,l
ay,ah
s,s
ao,ao
m,m
ax,ax
s,s
n,n
l,l
s,s
kcl,tcl
n,n
pcl,tcl
m,m
iy,iy
y,ix
th,th
dcl,dcl
ax,ix
ux,ux
ih,ih
ax,ax
t,t
dh,dh
dh,dh
zh,jh
th,t
pcl,tcl
hv,hv
s,sh
ux,ux
ix,ix
ao,ao
n,n
ix,ix
dcl,dcl
w,w
bcl,bcl
z,z
s,s
ah,ax
gcl,gcl
ey,iy
s,s
f,f
ix,ix
r,r
ih,ix
iy,iy
eh,ih
l,l
kcl,kcl
z,s
axr,er
axr,r
n,n
r,r
tcl,n
oy,oy
dx,dx
ix,ih
sh,sh
s,s
s,sh
r,r
p,p
f,f
ix,ih
ih,ih
sh,sh
ow,ow
n,n
k,g
t,t
k,k
n,n
n,n
iy,ix
iy,iy
gcl,gcl
ax,ix
ix,ix
l,l
el,el
tcl,tcl
hh,hh
g,g
m,m
iy,iy
iy,iy
aa,ao
t,t
ix,ix
ix,ix
iy,iy
iy,ih
n,n
sh,sh
l,l
bcl,bcl
th,s
ax,axr
dh,dh
gcl,dcl
v,bcl
s,s
z,s
kcl,dx
iy,ix
q,q
y,y
ey,iy
eh,ix
m,m
pcl,kcl
oy,l
r,iy
ax,l
n,m
bcl,bcl
p,p
ow,ow
ae,eh
hh,hv
ih,ih
aa,aa
g,b
ax,eh
kcl,kcl
axr,axr
f,f
w,w
hh,hh
tcl,tcl
dcl,dcl
m,n
r,r
m,m
eh,ey
gcl,tcl
ey,ey
gcl,n
eh,eh
n,n
tcl,tcl
pcl,tcl
hv,hv
ay,aa
dcl,tcl
kcl,tcl
ih,ey
iy,ix
ih,ih
aa,aa
s,s
aa,aa
tcl,tcl
l,el
q,q
ae,ae
p,p
s,s
sh,sh
l,ax
gcl,kcl
ih,ih
n,ng
ax,q
aa,ae
tcl,n
n,n
ax,eh
ix,ix
ay,ay
s,s
v,v
l,l
q,ax
tcl,tcl
ay,ay
s,s
dx,dx
r,axr
ux,ix
iy,iy
f,f
dx,dx
ae,ae
dh,dh
tcl,tcl
dx,ax
dh,dh
sh,sh
ih,ih
t,t
k,k
w,w
axr,axr
t,t
eh,eh
axr,axr
ow,el
ih,ih
s,z
bcl,tcl
el,el
ix,ix
ux,ux
dcl,gcl
z,z
ax,ax
k,k
ih,ih
s,s
tcl,tcl
f,f
l,l
n,n
kcl,tcl
aw,ah
axr,axr
ah,ix
z,z
k,k
jh,jh
l,l
m,m
l,l
ih,eh
ix,ix
s,s
iy,iy
axr,r
l,l
ae,ae
eh,eh
bcl,bcl
dcl,gcl
hh,hh
ng,ng
g,g
tcl,tcl
gcl,gcl
ix,ih
k,k
jh,jh
l,l
ux,ix
axr,axr
ix,ix
ah,ah
w,w
w,w
r,r
ae,eh
dcl,tcl
iy,iy
y,y
m,m
kcl,kcl
bcl,tcl
ix,ih
ih,ix
s,s
ao,aa
uw,r
iy,iy
kcl,kcl
t,t
ix,ix
ey,ey
k,k
ix,ix
tcl,n
m,m
iy,ey
ey,ey
s,s
r,r
n,n
iy,y
sh,zh
q,q
l,l
n,n
iy,iy
ch,jh
en,l
w,w
n,n
axr,ax
dx,dx
tcl,tcl
bcl,bcl
y,y
l,l
r,r
r,r
ux,ux
f,s
axr,ix
nx,nx
t,t
ng,ng
aa,aa
oy,oy
ux,ux
bcl,kcl
tcl,tcl
s,s
dh,dh
ih,r
iy,iy
ih,ih
q,ng
t,t
r,r
el,ow
n,n
ae,ae
n,ng
tcl,tcl
hh,hh
er,axr
pcl,tcl
dcl,dcl
v,v
iy,ix
t,t
iy,iy
g,g
sh,s
kcl,kcl
l,eh
ix,eh
axr,axr
v,v
w,w
ah,ah
kcl,kcl
pcl,tcl
l,l
dcl,dcl
k,k
n,n
m,m
ao,l
ey,ey
hv,n
w,w
z,z
ay,ay
dcl,dx
ix,ix
y,y
r,r
l,l
jh,jh
q,q
ax,ax
ao,ao
k,g
n,n
aa,aa
k,k
r,r
eh,eh
ix,ix
ih,ix
dx,dx
g,g
axr,axr
l,l
ux,ux
ah,ah
n,ax
ix,eh
eh,eh
ey,ey
k,k
k,k
z,z
ih,ix
ey,ey
n,n
z,z
w,w
ix,ix
ao,ao
r,r
q,l
m,m
ow,el
bcl,bcl
kcl,kcl
ix,ih
aa,aa
tcl,tcl
ae,ae
k,k
ow,ow
eh,eh
kcl,tcl
ae,ae
ih,ih
kcl,kcl
k,k
tcl,tcl
iy,iy
axr,axr
n,n
ax,ix
ix,ix
r,r
ix,ix
ux,ux
kcl,kcl
s,s
gcl,gcl
dx,dx
ng,ng
k,k
kcl,p
dh,dh
ae,eh
k,k
en,m
n,n
tcl,tcl
ix,ax
jh,d
iy,iy
ax,ax
ao,ao
dh,dh
dh,dh
l,l
r,v
pcl,bcl
eh,eh
dcl,dcl
eh,eh
ux,axr
ao,aa
l,l
v,v
w,w
ax,ix
m,m
m,n
tcl,v
t,t
s,s
sh,sh
ix,ix
ix,ih
ey,iy
n,en
ix,ix
ax,axr
ix,ix
ix,uh
d,tcl
r,axr
dcl,tcl
el,el
p,p
tcl,tcl
tcl,tcl
hv,p
hv,hv
ao,ao
ae,ae
n,n
eh,eh
s,s
ow,ow
w,w
r,ix
m,m
gcl,gcl
eh,eh
th,dh
n,m
hv,hv
kcl,tcl
q,g
ey,ey
ix,ix
s,s
ix,ix
er,r
ay,ay
ix,ax
q,ax
dx,dh
eh,eh
gcl,tcl
ao,ao
ax,ao
m,m
w,w
er,er
ey,ey
hh,hh
ao,ao
gcl,tcl
y,ih
l,w
tcl,tcl
l,l
r,r
ao,ao
q,q
gcl,gcl
ix,ix
w,w
ax,ax
n,n
sh,sh
gcl,gcl
s,s
bcl,en
ae,ae
dcl,dx
ix,ix
ax,ax
jh,sh
ax,axr
dh,dx
dx,dx
ow,el
uh,uh
s,z
g,k
n,n
p,p
r,r
tcl,tcl
kcl,tcl
ih,iy
er,axr
ih,ix
eh,ae
bcl,ix
ey,ey
s,s
ih,iy
ih,eh
axr,axr
r,r
r,r
ae,ae
ih,ih
s,s
ix,ix
ao,ao
eh,eh
iy,iy
axr,axr
tcl,tcl
ae,ae
ih,iy
pcl,tcl
hv,hv
kcl,kcl
dh,v
f,f
aa,aa
m,n
th,dh
d,en
aa,aa
axr,axr
ax,m
l,l
l,l
tcl,tcl
ix,ix
ax,ix
bcl,bcl
tcl,tcl
er,r
n,n
z,z
ix,axr
s,s
ng,ng
ae,ae
n,n
n,n
iy,iy
n,n
hv,hv
ax,ax
k,k
t,d
q,q
ow,uw
ih,ih
m,m
pcl,tcl
n,n
ae,ae
eh,eh
bcl,gcl
ey,ey
kcl,tcl
tcl,tcl
axr,axr
s,s
sh,sh
tcl,tcl
q,q
s,s
r,axr
ux,ux
z,z
ah,eh
ao,ao
k,k
aa,aa
el,el
ao,ao
l,el
r,r
m,m
gcl,gcl
dcl,tcl
iy,iy
w,w
s,s
w,l
m,gcl
s,s
l,l
bcl,pcl
axr,axr
ix,ix
n,n
dcl,dcl
aa,aa
r,r
d,t
z,z
w,w
z,z
ey,ey
k,k
tcl,tcl
q,q
tcl,tcl
ey,ey
ix,axr
tcl,tcl
ih,ix
pcl,tcl
ao,ah
q,q
n,ng
iy,iy
zh,sh
ix,ix
r,r
kcl,kcl
axr,axr
tcl,dcl
pcl,kcl
f,th
s,s
ao,ao
s,s
k,k
w,w
oy,oy
m,m
w,w
iy,iy
s,s
l,l
p,p
n,n
dx,dx
ih,axr
q,q
ay,ay
tcl,kcl
f,f
axr,axr
kcl,tcl
r,r
w,w
ix,ax
dcl,dcl
el,ow
dx,dx
pcl,kcl
s,s
kcl,tcl
n,ix
r,r
k,k
p,p
l,l
ah,ah
t,t
sh,s
ao,ao
r,r
eh,eh
ax,ax
zh,zh
axr,axr
q,q
iy,iy
iy,iy
r,r
ix,eh
tcl,tcl
iy,iy
axr,ix
kcl,kcl
iy,iy
ao,ao
ng,ng
s,s
r,ux
ih,ih
uh,ax
iy,iy
ae,ae
aa,ae
tcl,tcl
iy,iy
r,r
r,r
r,axr
v,v
eh,eh
ix,ix
pcl,kcl
l,l
eh,ax
k,k
aa,aa
axr,ix
iy,iy
iy,iy
m,m
m,m
ae,ay
m,n
g,g
m,m
er,axr
s,s
s,s
v,v
hv,hv
v,v
iy,iy
ao,ao
f,f
r,axr
z,s
s,s
r,r
aa,aa
ih,ih
ay,ay
aa,ah
z,z
r,r
z,s
q,q
z,z
bcl,bcl
sh,sh
hv,hv
f,f
gcl,n
s,s
ae,ae
el,ow
q,v
dh,dh
s,s
t,t
ay,ay
m,m
ch,ch
ae,ae
axr,axr
aa,aa
l,l
f,f
ix,ix
iy,iy
w,ao
iy,iy
kcl,kcl
r,r
r,er
q,q
axr,axr
y,y
r,r
pcl,tcl
n,n
iy,iy
ix,ix
el,el
eh,eh
jh,jh
eh,eh
k,k
r,r
q,q
n,n
aa,aa
q,ax
n,n
dcl,kcl
f,f
ax,ih
tcl,n
k,k
uh,ax
aa,aa
axr,axr
gcl,gcl
ah,ah
d,d
tcl,pcl
z,z
iy,iy
eh,eh
tcl,tcl
kcl,kcl
t,t
bcl,bcl
r,r
pcl,pcl
ay,ay
ae,ae
r,r
ax,axr
g,g
uw,uw
hh,hh
s,s
k,k
el,w
q,q
eh,eh
r,r
gcl,gcl
axr,axr
axr,axr
l,l
z,z
l,l
er,er
f,f
tcl,gcl
kcl,kcl
t,t
aw,eh
tcl,tcl
r,r
ix,ax
pcl,pcl
r,r
kcl,kcl
tcl,tcl
l,l
t,t
axr,axr
ao,ao
g,dh
pcl,tcl
aa,ao
pcl,kcl
ix,ix
m,m
m,n
iy,iy
ix,ix
em,m
kcl,tcl
l,l
s,s
eh,eh
axr,ah
iy,iy
n,n
pcl,kcl
ae,ae
dcl,gcl
s,s
n,m
y,y
ay,ay
eh,ih
d,t
sh,sh
g,g
ix,ix
ux,ix
n,n
iy,iy
ih,ih
hv,hv
kcl,kcl
r,r
bcl,bcl
gcl,gcl
n,n
z,s
m,m
iy,iy
axr,axr
t,t
tcl,gcl
dcl,dcl
ix,ix
s,s
eh,eh
w,w
ax,ax
nx,n
l,l
ow,ih
w,eh
tcl,gcl
iy,iy
ix,ix
n,n
l,ax
iy,ey
s,s
ix,ix
dx,dx
kcl,kcl
y,y
ao,ao
k,k
kcl,tcl
f,f
q,q
sh,sh
hv,hv
r,axr
ng,ng
iy,iy
v,v
pcl,pcl
ih,ih
y,iy
l,el
ix,ix
ix,ix
ih,ih
jh,sh
r,r
k,bcl
ow,ow
m,m
eh,eh
n,ix
ax,ax
dx,dx
l,l
n,n
ah,ah
ix,ix
kcl,kcl
pcl,tcl
dcl,tcl
l,l
ix,ix
ix,axr
n,n
iy,iy
pcl,bcl
er,er
iy,ey
ax,eh
w,w
kcl,gcl
iy,iy
tcl,tcl
axr,axr
z,z
r,r
ih,ih
dcl,bcl
hv,hv
s,s
v,w
dcl,dcl
ae,ae
ah,ao
dcl,dcl
tcl,tcl
aa,aa
r,ax
aa,aa
ix,iy
ix,ih
ax,r
ey,ey
iy,iy
n,nx
aw,ae
dcl,tcl
w,w
dh,dh
ax,ax
ae,ey
tcl,kcl
n,n
r,r
r,r
ah,ah
w,w
iy,ih
f,f
ix,ix
ah,ah
ay,ay
n,m
ey,ey
ax,ax
v,v
s,s
t,t
ix,ih
ao,ao
f,f
k,k
ae,ae
ae,ae
sh,sh
ax,ax
iy,iy
dh,dx
r,w
tcl,tcl
ax,ax
r,r
tcl,kcl
ey,ey
kcl,tcl
d,d
tcl,axr
n,n
k,k
aa,aa
tcl,w
dcl,dcl
l,l
m,m
pcl,tcl
r,r
ix,ix
ax,ix
iy,iy
dcl,tcl
iy,iy
er,er
ax,ax
y,y
ih,ih
tcl,tcl
s,s
w,w
n,n
dcl,bcl
axr,axr
pcl,dcl
uw,uw
aa,aa
axr,ao
r,r
iy,iy
s,s
tcl,kcl
gcl,gcl
er,er
tcl,tcl
l,l
z,s
aa,ah
r,r
t,t
f,pcl
k,k
l,l
ix,ix
ix,ax
kcl,kcl
iy,iy
f,v
ix,ix
ah,ao
ix,ix
ae,ae
tcl,q
s,s
gcl,n
ay,ay
f,f
l,ow
ih,eh
ah,ah
ah,eh
l,el
l,l
r,r
p,b
y,y
kcl,kcl
ae,ae
gcl,gcl
r,r
f,f
k,k
s,s
jh,jh
w,w
w,w
ih,eh
ax,ax
ix,ix
t,t
dh,dh
q,q
tcl,tcl
aa,aa
sh,sh
r,r
w,w
y,hh
aa,ao
eh,eh
kcl,tcl
ix,ix
ae,ae
gcl,kcl
s,s
aa,aa
er,er
tcl,q
p,p
r,r
l,l
l,l
v,dx
z,z
ix,ix
ae,ae
l,l
ey,ey
s,s
l,l
s,s
ih,eh
ow,aw
ao,aa
eh,eh
iy,ix
iy,hv
em,ax
t,t
tcl,tcl
k,kcl
ux,ux
ng,n
iy,iy
ey,ih
bcl,m
r,axr
t,t
r,r
ih,ih
ey,ey
ow,ow
ah,ah
axr,axr
l,l
l,l
aa,aa
kcl,kcl
n,n
r,r
iy,iy
s,z
kcl,tcl
tcl,kcl
p,b
zh,sh
ae,ae
n,n
er,eh
w,w
ax,ax
ae,ae
dcl,dcl
kcl,kcl
ih,ih
f,f
k,k
iy,iy
y,iy
er,er
s,s
dcl,dcl
s,z
r,r
ow,ow
dcl,dx
ih,ih
l,ao
ay,ay
z,z
l,el
n,m
t,d
iy,iy
s,s
ux,ux
s,s
ae,ae
ah,ow
th,s
axr,axr
kcl,tcl
l,l
f,f
ux,ux
r,r
pcl,kcl
dh,dh
aw,aa
ae,eh
z,z
z,z
ow,ao
ae,ae
ix,ix
r,r
w,bcl
r,r
iy,iy
gcl,gcl
sh,sh
s,s
l,ax
ax,ax
bcl,tcl
aa,aa
ix,ix
z,z
zh,z
l,uh
tcl,tcl
axr,r
ao,w
n,n
f,f
iy,iy
dx,nx
ow,oy
p,p
q,q
q,q
bcl,pcl
bcl,bcl
ix,r
ae,eh
el,w
iy,iy
kcl,kcl
dx,dx
dx,dx
ix,ix
kcl,kcl
pcl,pcl
tcl,tcl
ae,ae
eh,ah
iy,ux
tcl,tcl
ux,iy
n,n
s,s
ah,ah
ix,ix
iy,iy
l,l
kcl,kcl
g,g
y,y
tcl,pcl
r,r
iy,iy
el,l
ae,ae
k,k
ix,ih
ae,ae
r,r
w,r
ae,eh
d,t
ux,ux
ow,ow
hv,hv
axr,axr
axr,axr
ow,ow
ax,ax
ay,ay
iy,ix
aa,ae
m,m
iy,iy
ay,ah
eh,eh
iy,iy
n,n
iy,iy
tcl,tcl
iy,ih
ao,ao
n,n
z,z
sh,sh
aw,aw
k,k
aa,aa
tcl,tcl
ao,aa
ih,ih
iy,iy
ih,iy
bcl,bcl
y,ix
eh,eh
s,s
z,z
s,s
t,t
sh,jh
s,s
gcl,gcl
iy,iy
s,s
dh,dh
y,y
iy,iy
k,k
pcl,pcl
ax,q
eh,eh
dcl,dcl
l,l
ae,aa
n,n
z,s
axr,axr
n,n
ix,ix
er,er
ix,ix
dx,dx
z,z
pcl,tcl
pcl,tcl
g,g
t,t
axr,ix
ch,t
ax-h,ix
ow,ow
k,k
ux,uw
ax,ax
ih,ih
n,n
ix,ix
z,z
iy,iy
ax,r
iy,iy
ow,ao
dcl,n
s,s
l,ow
axr,er
n,n
dcl,bcl
tcl,kcl
s,s
k,k
ay,ay
g,g
dx,dx
aa,ah
l,l
dh,dh
ay,ey
s,s
gcl,gcl
y,y
er,axr
iy,iy
s,s
ix,ix
r,r
bcl,tcl
d,jh
r,r
t,t
axr,axr
t,t
axr,axr
s,s
er,r
q,q
p,p
eh,ih
hh,hh
ax,ix
eh,er
ae,eh
z,z
el,el
ae,q
n,n
pcl,tcl
z,z
l,l
ih,y
z,z
gcl,kcl
tcl,tcl
iy,iy
iy,iy
n,n
dh,gcl
kcl,kcl
ao,ao
z,z
gcl,p
dh,dh
bcl,pcl
f,f
p,hh
p,p
ix,ux
eh,eh
oy,oy
dx,dx
dh,dh
ao,ao
axr,axr
iy,y
axr,axr
eh,ay
ih,ux
axr,r
r,axr
eh,ih
gcl,gcl
iy,iy
n,n
m,m
iy,iy
n,n
ao,ao
t,jh
n,n
dcl,dcl
r,r
er,er
l,l
w,w
ay,ay
ao,ao
dcl,dcl
r,r
ih,iy
ow,ow
ih,ih
ih,ih
iy,ix
ae,ae
l,l
eh,eh
n,n
ao,ao
ey,ey
n,n
dx,dx
dcl,dcl
kcl,kcl
tcl,tcl
l,r
v,bcl
v,v
ao,ao
ix,ix
f,f
nx,ix
jh,jh
tcl,tcl
s,s
n,n
gcl,kcl
w,w
gcl,dcl
q,q
dh,l
w,w
dh,kcl
r,r
r,r
ax,ax
ae,ae
k,t
k,k
ih,ix
l,l
kcl,kcl
aa,ao
w,w
tcl,q
n,m
l,ax
ao,ao
iy,iy
ux,ux
tcl,kcl
r,r
aw,aw
z,z
z,z
m,m
aa,aa
dcl,dcl
hv,hv
iy,iy
ow,ow
kcl,tcl
bcl,bcl
en,en
tcl,tcl
p,p
s,s
ah,ow
w,w
l,l
ax,ix
ih,ux
r,r
r,ix
iy,iy
ah,ao
n,n
eh,eh
el,ow
k,k
ah,ah
axr,axr
ao,ao
ah,ao
ux,ix
f,f
s,s
dcl,dcl
eh,eh
tcl,tcl
kcl,kcl
kcl,kcl
y,y
z,z
dh,t
ix,ix
p,hv
ix,ix
ux,axr
m,m
k,k
z,zh
s,s
dcl,dx
ax,ax
ao,ao
n,n
l,r
ix,ix
axr,r
r,r
m,n
f,tcl
oy,oy
iy,ey
q,ix
bcl,tcl
ih,ix
dcl,gcl
tcl,tcl
eh,eh
bcl,bcl
p,p
aa,aa
ix,ix
kcl,kcl
l,l
n,n
r,r
ih,ih
sh,sh
iy,iy
q,ix
ix,ix
r,r
p,p
dcl,dcl
ch,jh
bcl,bcl
kcl,kcl
bcl,tcl
iy,ix
r,ao
axr,axr
m,bcl
eh,ah
dcl,tcl
ow,el
r,r
dx,dx
axr,er
iy,iy
kcl,kcl
iy,iy
tcl,tcl
ah,ax
n,n
iy,iy
t,t
n,n
ng,gcl
pcl,tcl
tcl,tcl
ax,ax
m,n
ih,ih
iy,iy
aa,aa
dh,dx
dcl,bcl
l,l
pcl,tcl
aw,aw
ey,ix
pcl,tcl
r,r
kcl,kcl
l,l
ix,ix
ix,ix
ih,iy
s,s
ix,ix
gcl,dcl
ng,m
tcl,p
v,v
l,ix
aa,aa
k,t
t,t
k,k
m,m
ux,ix
kcl,tcl
bcl,bcl
ux,ux
k,k
r,r
r,r
iy,iy
n,q
m,n
dx,dx
dcl,dcl
p,p
iy,iy
ah,ao
n,m
s,s
m,m
ng,ng
m,m
axr,axr
hv,y
t,t
n,n
aw,ay
n,n
k,k
v,v
eh,ix
tcl,tcl
dx,dx
aa,ao
el,el
eh,eh
aa,aa
l,w
f,f
s,s
ao,ao
v,v
er,er
ey,ey
ax,ah
n,n
r,eh
ix,ix
r,r
dh,th
nx,nx
dx,dx
dcl,dcl
ay,ay
iy,iy
ux,ux
l,l
r,ix
ih,ih
ao,ao
dcl,gcl
s,s
m,m
ux,ix
f,f
ay,ay
p,p
el,el
ey,ey
f,f
kcl,tcl
eh,ae
ih,ih
ix,ix
r,r
dcl,tcl
b,q
ao,ao
ow,ax
ey,ey
iy,iy
w,w
ae,ae
z,z
iy,iy
q,q
axr,axr
eh,eh
n,n
r,r
ey,ey
w,w
r,r
ah,ah
ay,ay
ih,ih
aa,aa
n,m
dh,dh
ix,ix
iy,ey
kcl,tcl
k,g
l,l
s,z
ih,ih
ow,ow
f,f
k,k
ae,eh
bcl,bcl
ix,ix
en,en
iy,iy
ih,ih
iy,iy
r,axr
kcl,tcl
y,y
axr,axr
iy,iy
s,s
g,g
k,t
s,s
ae,ae
z,z
kcl,kcl
m,m
ay,ay
ix,ix
s,s
oy,oy
ix,ix
r,r
ih,ix
m,v
ix,ix
ch,jh
k,k
ao,ao
er,r
ix,iy
ax,ax
r,r
pcl,tcl
aw,ae
s,sh
q,q
ae,ae
ux,ux
tcl,tcl
t,t
iy,iy
r,r
ux,ux
f,f
ix,ix
uw,el
r,r
iy,iy
bcl,tcl
ow,ow
eh,ih
r,r
dcl,gcl
tcl,kcl
ao,ao
aa,aa
axr,aa
ey,ey
iy,iy
w,w
z,s
eh,ih
axr,axr
oy,oy
n,n
aa,aa
t,t
w,w
sh,sh
sh,sh
z,s
q,q
ix,ix
kcl,kcl
r,r
tcl,tcl
iy,iy
kcl,tcl
k,k
s,s
v,v
r,iy
tcl,tcl
ae,ae
aa,aa
l,w
s,z
eh,ih
z,s
t,t
l,ax
bcl,n
ow,ow
iy,iy
r,r
w,w
ao,uh
m,m
f,f
w,w
dcl,kcl
q,q
tcl,tcl
ix,ix
er,er
dx,dx
axr,axr
z,z
ay,ay
ix,ax
m,m
r,r
iy,iy
ay,ay
l,l
r,r
gcl,m
axr,er
axr,axr
ah,ah
tcl,tcl
s,s
gcl,dcl
n,n
s,s
k,k
dh,dh
kcl,kcl
v,dx
kcl,kcl
ix,ix
n,n
iy,iy
iy,iy
eh,eh
z,z
s,s
r,r
iy,iy
l,iy
ah,ah
t,t
n,n
f,f
sh,sh
ay,ay
tcl,tcl
ux,iy
ao,ao
hv,hv
oy,oy
nx,n
q,q
l,l
eh,eh
bcl,pcl
ow,axr
r,w
ay,ix
m,n
dcl,en
kcl,tcl
m,dh
t,t
s,s
uw,l
ih,ix
aw,ow
p,dh
th,v
k,k
z,z
l,l
m,m
kcl,p
z,z
kcl,kcl
k,k
ah,ah
s,s
r,r
tcl,kcl
iy,iy
dx,dx
kcl,kcl
ow,w
ah,ao
k,k
ow,ow
ao,ao
f,f
eh,eh
ow,ow
s,s
ae,eh
y,y
d,t
ih,ih
l,l
ah,eh
ih,ix
w,w
w,w
bcl,bcl
l,l
r,axr
el,uw
eh,eh
dcl,tcl
iy,iy
ao,ao
kcl,kcl
ix,ix
l,l
dcl,tcl
m,m
s,t
ix,ih
s,s
l,l
aw,ah
kcl,kcl
s,s
ay,eh
l,l
ao,ao
tcl,tcl
g,g
hv,hv
ix,iy
m,m
axr,axr
ch,ch
axr,uh
en,iy
gcl,gcl
ow,ow
ao,ao
g,g
ix,eh
bcl,bcl
ae,ae
uw,ux
t,t
tcl,tcl
en,en
w,w
nx,nx
s,s
ng,gcl
k,k
kcl,kcl
ey,ey
r,r
ux,ux
kcl,tcl
axr,axr
ao,ao
q,q
g,g
s,s
dcl,dcl
q,q
ax,ix
bcl,bcl
s,s
kcl,tcl
sh,sh
ax,ax
sh,sh
iy,iy
r,r
r,r
ao,w
th,z
ey,iy
kcl,kcl
l,ao
ow,ow
y,y
axr,axr
kcl,tcl
p,p
iy,iy
aa,ao
ix,ix
iy,iy
er,er
ix,ix
l,el
w,w
axr,axr
m,m
ix,ix
m,m
ae,ae
ow,w
l,l
f,f
ay,ay
ix,ix
iy,iy
ih,ih
tcl,tcl
q,q
tcl,tcl
ae,eh
bcl,bcl
k,k
n,n
m,m
l,l
m,m
ux,ix
y,ih
ae,ae
el,el
dcl,dcl
ao,ao
f,f
kcl,kcl
gcl,dx
iy,iy
tcl,tcl
g,g
sh,sh
bcl,gcl
kcl,kcl
ih,ih
s,s
d,d
z,s
eh,ix
iy,iy
r,r
kcl,kcl
q,q
ix,ix
ae,ae
ix,ix
hv,hv
ah,aa
ix,uh
f,p
w,el
m,m
q,kcl
p,p
s,s
uh,ax
k,t
kcl,kcl
k,k
ax,ix
gcl,tcl
uw,uw
kcl,kcl
r,ao
gcl,tcl
aa,ao
m,n
l,l
tcl,tcl
r,r
ix,ix
ix,n
ey,ey
dh,dh
th,th
en,en
k,k
kcl,kcl
ch,ch
ay,ay
t,t
ae,ae
th,th
t,jh
aa,ao
ih,ix
t,t
t,t
ix,ix
ux,ux
w,w
ux,ux
bcl,tcl
sh,sh
ax,ax
aw,ae
ao,ow
ey,iy
ah,ay
z,t
iy,iy
ae,eh
ay,ey
r,r
kcl,kcl
ey,ey
n,n
s,s
aa,ay
y,y
pcl,kcl
dx,dx
er,er
l,l
axr,r
s,s
iy,ng
kcl,tcl
ay,ah
bcl,tcl
er,r
s,s
ix,ih
l,l
dcl,tcl
y,y
m,m
p,p
l,l
ah,ax
ow,ow
iy,iy
dh,dh
ax,ix
r,r
s,s
ey,ey
ax,axr
iy,y
er,er
axr,axr
r,v
el,q
dx,dx
l,l
tcl,tcl
ax,ax
pcl,tcl
dcl,dcl
v,v
axr,er
ix,ih
q,q
s,sh
bcl,m
ow,ow
l,l
iy,iy
ih,ih
tcl,gcl
l,w
iy,ix
n,n
r,r
pcl,gcl
axr,axr
l,l
ao,ao
k,g
m,bcl
s,s
n,n
ix,ix
ix,iy
ix,ih
ao,q
l,ng
uh,eh
q,q
f,f
tcl,kcl
v,v
sh,sh
ih,ih
k,k
uh,ix
bcl,dcl
n,n
iy,iy
ao,ao
eh,ix
kcl,tcl
axr,er
r,r
ow,ow
n,tcl
ey,ey
p,b
kcl,kcl
n,n
ax,ix
th,th
aa,aa
l,l
bcl,tcl
hh,hh
zh,zh
pcl,tcl
ah,ax
w,v
l,l
ah,ah
ao,ao
hh,hh
r,ix
ng,gcl
n,n
r,r
p,p
dx,dx
ax,ax
l,w
iy,iy
s,z
v,v
kcl,tcl
l,l
hv,hv
kcl,kcl
dcl,dcl
dh,th
t,t
er,er
kcl,kcl
r,r
ix,iy
tcl,tcl
q,iy
ix,ix
uw,uw
r,r
d,d
s,s
dx,r
iy,iy
ao,ao
r,r
l,ax
f,f
ix,ix
ix,ix
m,m
oy,oy
m,m
eh,eh
gcl,bcl
n,m
m,m
p,p
z,z
m,m
hv,hv
tcl,tcl
ih,ix
ng,n
dcl,dcl
tcl,tcl
ay,ay
bcl,bcl
q,q
n,n
ih,eh
ay,ay
ux,ux
en,n
p,p
iy,ix
jh,ch
sh,sh
kcl,tcl
iy,iy
dcl,dcl
ay,ay
f,f
ey,ey
l,l
ux,ux
ax,ax
iy,iy
ih,y
s,s
iy,iy
ng,m
pcl,pcl
ix,ix
q,q
eh,eh
v,v
sh,sh
ix,ix
ah,w
ow,ow
s,s
ix,ix
ix,eh
axr,er
ah,aa
eh,eh
ix,ix
ng,ng
ax,ax
t,t
iy,iy
ay,aa
aw,ae
m,m
bcl,bcl
iy,iy
tcl,kcl
kcl,kcl
sh,sh
d,t
gcl,ng
m,m
pcl,kcl
iy,y
k,k
ih,ix
ao,ao
l,ix
z,z
ah,ao
ao,ao
pcl,kcl
pcl,bcl
s,s
dcl,dcl
sh,sh
w,w
iy,iy
f,hh
tcl,tcl
eh,eh
l,l
ay,ae
k,k
ix,r
ae,ae
w,w
ix,ix
er,er
q,q
q,q
bcl,gcl
d,t
w,w
ah,ax
w,w
ax,ax
s,s
v,v
t,t
r,r
ih,ix
k,k
gcl,gcl
v,tcl
ix,ix
kcl,kcl
f,f
bcl,pcl
s,s
er,axr
w,w
s,s
iy,iy
ih,ih
el,ax
z,z
er,axr
ix,axr
q,dx
bcl,bcl
dx,dx
oy,oy
aa,axr
n,en
ih,ix
ih,ih
q,q
ih,ih
s,s
pcl,bcl
q,q
m,m
ih,ih
n,gcl
iy,iy
q,q
kcl,gcl
tcl,tcl
sh,sh
iy,iy
kcl,tcl
oy,oy
gcl,kcl
z,sh
nx,nx
aa,eh
l,ax
ao,ao
m,m
l,l
ao,ao
ax,ax
l,l
bcl,bcl
q,q
ey,ey
pcl,pcl
k,k
ah,ah
g,g
r,r
dcl,bcl
f,f
k,k
iy,iy
t,dh
bcl,tcl
t,t
sh,sh
l,w
p,p
kcl,kcl
ah,ae
axr,er
gcl,gcl
ng,ng
ax,ax
s,s
ae,ae
q,q
k,k
w,w
n,m
g,p
kcl,tcl
iy,ix
ae,ae
tcl,tcl
dx,dx
ae,ae
p,p
g,g
ux,uw
y,y
ae,ae
iy,iy
ax,ax
l,l
d,tcl
ng,ng
iy,iy
m,m
ax,ax
n,n
q,q
el,el
eh,eh
iy,iy
kcl,tcl
t,t
dcl,n
f,f
ow,ow
ae,ae
iy,iy
p,hh
d,tcl
dx,y
iy,iy
w,w
zh,z
r,axr
iy,iy
dh,p
axr,r
gcl,gcl
ao,aa
tcl,tcl
iy,iy
ey,ey
s,s
dcl,n
p,p
kcl,kcl
axr,axr
s,s
er,axr
r,r
dcl,dx
v,v
z,s
iy,ix
kcl,kcl
s,s
z,z
ax,ay
m,m
p,p
th,th
p,p
s,s
p,p
dcl,dcl
l,l
tcl,tcl
w,w
t,t
ix,ix
ay,ay
iy,iy
ah,ah
eh,ih
kcl,kcl
ux,iy
hh,hh
kcl,kcl
w,w
ih,ih
axr,r
t,t
w,w
kcl,kcl
k,k
dcl,dcl
q,q
n,m
n,n
ae,eh
n,n
ey,ey
l,w
ix,ix
ah,l
ay,ay
ih,ix
m,m
v,gcl
ah,aa
n,n
t,t
ix,ix
r,r
y,iy
ax,ih
sh,sh
ao,aa
m,n
dcl,gcl
s,sh
ih,ih
gcl,q
pcl,pcl
iy,iy
ih,ih
tcl,tcl
r,r
n,n
eh,eh
aa,aa
s,s
ix,ix
r,r
er,er
r,axr
aa,aa
r,r
kcl,kcl
t,ch
eh,eh
ih,eh
ah,ah
ae,ae
r,r
m,m
l,l
gcl,gcl
r,er
ow,ow
aa,aa
l,l
er,er
uw,uw
axr,axr
ao,uh
d,jh
axr,r
r,r
g,g
er,er
er,axr
iy,iy
g,k
eh,eh
iy,iy
ae,ae
l,l
r,r
r,r
axr,aa
l,ax
axr,r
ax,ax
ix,ix
ch,ch
iy,iy
uh,el
n,m
p,p
n,n
tcl,tcl
ix,ax
ey,ay
dx,dx
dcl,tcl
dcl,dcl
ix,ix
dcl,n
ih,ix
l,l
ax,ix
ix,ax
eh,eh
iy,iy
aa,aa
k,k
pcl,m
ax,ax
ax,ax
dx,dx
k,kcl
q,q
iy,iy
tcl,pcl
tcl,tcl
q,q
f,f
eh,eh
er,er
axr,axr
ah,ah
l,l
ch,jh
bcl,bcl
l,l
ix,ey
eh,eh
er,er
kcl,kcl
aa,ae
kcl,tcl
s,s
y,y
l,l
bcl,bcl
z,z
gcl,gcl
v,v
gcl,gcl
axr,axr
dh,dx
ow,ow
ix,ix
dcl,kcl
dx,dx
en,ix
k,k
hh,hh
n,n
ah,r
axr,axr
ih,iy
er,axr
ix,ix
n,ng
l,l
z,s
axr,axr
dh,b
ax,el
v,v
l,l
bcl,n
sh,sh
k,k
bcl,tcl
l,l
ng,ng
s,z
ah,eh
dh,dh
bcl,gcl
gcl,gcl
r,r
axr,er
ey,ey
axr,axr
t,th
s,s
th,f
n,m
tcl,tcl
f,f
n,n
ow,ow
r,axr
eh,eh
iy,iy
er,er
kcl,kcl
z,s
r,r
en,ix
axr,axr
ow,ow
l,w
er,axr
l,uh
el,el
tcl,tcl
s,s
t,t
k,jh
s,s
r,r
sh,sh
q,q
q,ix
ax,ax
aa,r
ih,axr
z,z
eh,eh
ow,ow
ey,ih
l,ax
l,el
ah,ah
kcl,kcl
ae,ae
dcl,tcl
kcl,kcl
z,sh
l,l
m,m
ih,iy
w,w
f,f
z,s
ih,ih
d,g
sh,sh
hh,hv
dx,dh
ow,ow
ae,eh
ao,l
tcl,q
oy,oy
n,n
g,k
f,f
ae,eh
ax,ax
s,s
sh,sh
dx,dx
q,q
ow,ow
g,g
ux,ax
ao,ao
b,b
n,n
n,n
ey,ey
t,t
s,s
l,l
ih,ih
ux,ix
ah,ae
gcl,gcl
iy,iy
bcl,tcl
kcl,kcl
ay,ay
ix,ix
ih,ix
q,q
ey,ey
ey,ey
hv,v
axr,axr
er,er
q,q
r,q
dx,dx
ow,ow
ih,ey
iy,iy
f,f
kcl,kcl
iy,iy
eh,eh
n,n
ch,ch
dcl,tcl
sh,sh
r,r
ch,jh
t,t
t,t
f,f
s,z
s,s
ih,eh
n,n
ix,ix
er,er
s,t
ay,ay
iy,iy
r,r
ih,ih
sh,sh
ix,ih
s,s
ao,ao
aa,aa
iy,iy
s,s
ao,ao
k,k
eh,eh
z,z
kcl,kcl
ix,ix
ng,ng
uh,ax
v,v
dcl,tcl
ix,ix
ix,ax
n,n
ao,ao
l,l
iy,ih
l,w
ih,ih
ao,ow
v,v
ix,ix
ih,ix
g,g
n,n
dcl,dcl
oy,oy
n,n
l,el
s,s
f,f
z,z
bcl,bcl
ax,uh
f,f
t,t
eh,ae
t,t
ay,ay
gcl,tcl
p,p
l,ax
m,m
ay,ay
k,k
ix,ix
ax,ax
ih,ih
hh,hh
l,l
nx,nx
kcl,kcl
sh,sh
er,axr
m,m
n,n
v,v
ao,ao
axr,axr
w,w
kcl,kcl
ay,ay
n,n
y,y
ux,ux
ix,ix
ey,ey
sh,sh
eng,ix
l,ax
s,s
bcl,n
ix,ix
kcl,kcl
s,s
ix,ix
kcl,tcl
dcl,dcl
eh,eh
ih,ih
ow,l
s,z
t,t
zh,sh
pcl,pcl
kcl,tcl
kcl,kcl
n,n
eh,eh
n,n
er,er
eh,eh
z,z
r,r
ux,ux
r,r
ae,ae
s,s
jh,jh
aa,aa
aw,aw
bcl,bcl
dcl,dcl
hv,hv
dx,g
s,s
g,g
oy,oy
ch,ch
n,nx
ix,ix
ng,ng
tcl,tcl
tcl,tcl
l,l
f,f
f,f
s,s
tcl,tcl
ow,ow
ae,eh
dcl,tcl
dx,dh
t,t
w,l
dcl,gcl
ux,ux
l,l
n,y
dh,dh
k,kcl
sh,sh
w,w
aa,aa
iy,iy
th,f
w,w
r,r
iy,iy
r,r
v,v
q,q
q,q
l,l
n,n
ao,r
er,er
ah,ah
ix,ix
r,r
y,y
k,k
r,r
kcl,kcl
t,t
eh,eh
p,p
n,n
axr,axr
ay,ay
ao,ao
f,f
ae,ae
n,m
m,m
axr,axr
eh,ix
d,dh
ae,ae
s,s
s,s
ax,ix
ae,ae
v,v
ix,ix
aa,aa
bcl,bcl
dcl,dcl
hh,hh
axr,axr
er,axr
oy,oy
jh,jh
ae,ae
l,l
tcl,tcl
d,g
d,t
z,z
p,k
l,l
ng,m
uh,ax
ay,aa
s,s
w,w
z,s
gcl,l
ao,ao
iy,ix
t,t
s,z
gcl,gcl
s,s
sh,sh
aa,r
ix,ix
bcl,bcl
kcl,kcl
v,v
bcl,bcl
eh,ih
hh,hh
ih,ux
kcl,tcl
oy,oy
w,w
gcl,kcl
ao,axr
iy,iy
dh,dh
eh,eh
ae,eh
aa,aa
er,er
dcl,dcl
k,g
n,n
iy,iy
hv,hv
g,k
l,l
er,er
w,w
p,p
el,ax
n,n
ix,ix
nx,nx
v,v
r,r
f,f
z,z
ow,ow
tcl,tcl
ay,ay
aa,aa
t,t
m,m
kcl,kcl
tcl,tcl
n,n
n,n
g,g
iy,iy
l,l
hv,hv
er,axr
pcl,kcl
k,g
tcl,tcl
ih,ih
r,r
ix,ix
n,n
p,dh
n,n
tcl,tcl
bcl,bcl
gcl,bcl
ix,axr
l,l
iy,ux
hv,hv
n,n
w,w
uh,eh
k,p
ae,ae
aa,ay
ae,ae
m,m
dh,n
s,s
ax,ax
n,n
t,t
bcl,tcl
zh,zh
ey,ey
aa,aa
hv,hv
bcl,gcl
ow,el
z,z
m,n
ey,ey
gcl,gcl
z,s
er,er
en,en
q,ax
ay,ay
bcl,bcl
sh,sh
p,p
s,s
iy,iy
l,q
ux,ux
n,n
kcl,tcl
r,r
ae,ae
r,r
sh,sh
f,f
ao,ao
l,w
ey,ey
en,m
q,q
r,r
tcl,tcl
er,axr
iy,iy
dcl,dcl
dcl,dcl
iy,iy
ix,y
iy,iy
r,r
f,f
t,t
q,q
r,axr
aw,aw
hv,hv
t,t
ch,ch
f,f
r,r
m,m
ao,ao
ao,ao
ao,ao
ae,ae
ix,q
d,d
m,n
kcl,kcl
ao,ao
f,f
ao,aa
ey,ey
jh,d
r,er
dcl,dx
gcl,r
ah,ah
s,s
tcl,p
t,t
kcl,tcl
m,pcl
tcl,tcl
axr,er
ey,ey
dh,dh
bcl,bcl
s,z
gcl,gcl
f,f
nx,r
q,q
eh,ih
l,l
tcl,kcl
r,r
dcl,dx
axr,r
m,m
ix,ix
k,g
r,r
s,s
sh,sh
ax,ax
n,n
aa,aa
eh,eh
ng,ng
ey,ey
ix,ix
uh,ix
er,er
iy,iy
iy,iy
ix,ix
el,el
ay,ay
q,g
tcl,tcl
l,l
ix,ix
l,l
v,v
eh,eh
kcl,kcl
f,v
s,s
q,q
gcl,tcl
tcl,tcl
sh,sh
axr,ux
b,b
sh,sh
n,gcl
ih,iy
ao,ao
ah,ah
axr,r
jh,sh
er,er
ey,ey
ae,eh
aa,aa
dh,dh
ax,ax
ix,ix
dcl,dcl
f,tcl
r,ix
el,ao
p,p
f,f
s,s
aa,aa
l,l
ae,ae
l,q
m,n
kcl,kcl
gcl,gcl
m,w
eh,eh
bcl,kcl
eh,eh
eh,eh
ey,ey
ix,ix
n,n
en,m
aa,ao
ao,ao
ux,ux
ih,ih
ae,eh
y,eh
pcl,tcl
l,l
ih,ih
y,y
sh,sh
ix,ix
kcl,kcl
ao,ao
gcl,gcl
l,l
er,axr
r,r
f,f
ch,jh
n,nx
ow,ow
t,t
aa,aa
l,l
sh,sh
ah,ah
tcl,tcl
kcl,gcl
dcl,dcl
dh,dh
dh,dh
r,v
s,s
iy,y
ah,ah
dh,dh
r,r
hh,hh
eh,ih
ng,n
ih,ih
axr,er
l,w
ih,ix
iy,iy
pcl,dx
gcl,dcl
z,s
hh,hh
s,s
r,r
q,q
sh,sh
w,w
er,er
axr,er
w,w
ix,iy
axr,axr
q,q
dcl,bcl
r,r
t,z
pcl,tcl
k,k
er,axr
r,axr
iy,iy
m,m
kcl,kcl
f,f
kcl,tcl
n,n
r,r
t,t
k,k
dh,dh
iy,iy
iy,iy
ah,ix
r,r
dx,dx
s,s
bcl,tcl
ay,ay
ao,ao
s,s
n,n
v,f
r,r
ay,ay
t,t
t,t
ix,ix
g,g
iy,iy
kcl,kcl
ih,ix
m,m
ow,ao
ae,eh
eh,ix
aa,aa
l,ao
kcl,kcl
hv,hv
l,l
n,n
w,w
eh,eh
n,ng
kcl,kcl
aw,ow
l,l
ih,eh
ah,eh
iy,iy
z,z
kcl,tcl
th,dh
r,r
ax,ax
ux,er
r,r
n,gcl
ae,ae
hh,hh
dh,ax
n,n
n,n
p,hh
hh,hh
ix,ix
ae,ae
dx,ix
d,dh
er,er
ow,eh
axr,axr
r,r
m,m
el,ow
iy,iy
t,t
ae,eh
dx,dx
kcl,kcl
y,y
ao,ao
n,n
dx,ix
ih,ix
l,w
z,s
ey,ey
ih,ih
ay,ay
kcl,kcl
ih,ih
l,l
s,s
eh,ix
s,s
ux,ux
dcl,tcl
l,ax
ey,ey
ow,ow
w,w
r,r
kcl,tcl
l,l
s,s
er,er
w,w
m,m
bcl,dcl
ux,ix
l,l
s,s
ix,ih
s,s
k,k
el,el
kcl,kcl
l,ax
n,m
ix,ix
ih,ih
jh,s
ao,ao
v,axr
r,r
f,f
s,s
iy,iy
aa,aa
p,p
dcl,dcl
r,r
d,t
r,r
q,q
iy,iy
eh,eh
z,z
y,y
ao,ao
k,k
n,n
ix,n
n,n
iy,iy
ow,ow
t,t
ay,ay
gcl,m
tcl,tcl
dcl,bcl
aa,aa
l,ax
r,r
w,w
hh,hh
w,w
z,s
uw,ux
w,w
eh,eh
r,r
m,m
y,y
r,axr
ax,ax
dcl,dcl
m,n
l,l
n,n
d,t
dcl,tcl
t,t
ae,ae
sh,sh
r,axr
pcl,pcl
sh,sh
bcl,dcl
ao,ao
iy,iy
s,s
axr,axr
tcl,tcl
ax,ax
ix,ix
s,s
kcl,pcl
ng,n
axr,axr
z,z
n,ux
r,r
dcl,dcl
sh,sh
d,t
jh,z
n,n
k,k
ae,ae
f,f
g,g
ey,iy
ix,eh
eh,eh
ay,ay
iy,iy
ao,ao
ao,ao
ay,ay
sh,ch
el,el
ix,ix
ae,ae
ax,ix
m,en
bcl,gcl
t,t
g,g
bcl,bcl
r,l
l,l
l,el
ae,ae
iy,iy
kcl,kcl
pcl,pcl
ih,ix
ix,ix
y,y
tcl,tcl
dcl,dcl
ey,ey
iy,y
f,f
ae,ae
ih,ix
dcl,dcl
ae,ae
r,r
ix,ix
ch,ch
ey,ey
m,m
q,q
ow,ow
s,s
ey,ey
w,w
tcl,q
hh,hh
ah,ah
v,v
n,n
ae,eh
ix,ix
ix,ix
ax,ax
l,ao
ix,eh
dh,d
sh,sh
k,k
t,t
m,m
t,t
ae,ae
bcl,bcl
dcl,gcl
w,w
ey,ey
dcl,bcl
axr,axr
hv,hv
ah,ah
r,r
tcl,t
pcl,pcl
oy,oy
l,l
ih,ix
kcl,tcl
eh,eh
n,n
s,s
hv,hv
oy,r
ih,ih
ih,ix
axr,axr
ax,ax
tcl,tcl
ae,ae
s,s
eh,ih
z,z
uw,w
f,f
k,k
sh,sh
axr,axr
ey,ey
ae,ae
kcl,kcl
n,l
l,uw
r,r
oy,w
s,sh
q,axr
v,v
w,w
ey,ey
k,k
q,q
q,q
iy,iy
ix,ix
ih,ix
aa,ao
hh,v
s,s
f,p
w,w
ix,ix
s,s
m,m
q,q
r,r
w,w
ix,ix
hh,hv
ng,n
oy,oy
ax,ax
aa,aa
bcl,tcl
axr,axr
ix,ix
ih,y
s,z
p,p
aa,aa
z,z
axr,r
bcl,bcl
k,k
ux,uw
eh,eh
z,z
axr,ao
z,z
g,g
iy,iy
ey,ey
ow,ow
ae,eh
s,s
kcl,kcl
ix,ix
eh,eh
l,l
s,s
ix,ix
uw,ux
z,s
th,s
t,t
s,s
m,m
v,v
p,p
ae,ay
n,n
q,ax
w,w
s,s
v,v
eh,eh
m,n
eh,eh
q,q
ow,ow
ow,ow
r,r
l,l
ae,ae
ao,ao
axr,axr
w,w
s,s
w,w
tcl,tcl
er,axr
ow,ow
dx,dx
s,s
dh,dh
ix,ax
tcl,tcl
r,r
nx,nx
eh,ix
bcl,bcl
y,y
r,r
r,r
dh,d
l,l
r,r
ax,ax
n,n
kcl,tcl
axr,axr
ae,eh
ih,iy
v,v
axr,eh
m,m
gcl,tcl
ih,ih
n,dx
ix,ix
eh,eh
p,p
ow,ao
ay,ay
y,y
ah,eh
hh,hh
tcl,kcl
iy,iy
w,w
p,p
ax,ax
n,n
ih,ax
q,q
dcl,dcl
iy,iy
uw,w
th,th
dcl,dcl
uh,ix
ao,w
w,w
tcl,tcl
ih,ih
ih,ih
z,z
z,z
el,l
tcl,tcl
axr,axr
n,en
r,axr
ae,ae
iy,iy
iy,ih
tcl,tcl
tcl,tcl
ow,ow
tcl,p
eh,ix
w,w
jh,jh
er,er
ix,ix
t,t
q,q
ey,eh
r,r
s,s
dcl,gcl
pcl,kcl
iy,ey
l,l
n,n
s,s
ey,ey
uw,uw
q,q
m,m
kcl,kcl
axr,axr
ng,n
p,p
p,p
z,z
eh,eh
ao,ao
p,p
ay,ay
p,p
ih,ix
dcl,dcl
m,m
g,g
ch,ch
kcl,gcl
ae,eh
r,r
pcl,kcl
ae,ae
z,z
ae,aa
dcl,dcl
ih,iy
m,m
dh,dh
iy,iy
eh,ey
q,r
r,r
l,l
iy,iy
k,k
ix,ih
d,tcl
ix,ix
ax,ix
z,s
q,q
tcl,q
ae,ae
ae,ay
r,r
sh,sh
dh,dh
s,s
er,er
y,ix
ow,ow
ch,ch
ah,ah
iy,iy
axr,r
ae,eh
l,l
z,s
w,w
ah,ah
ix,ix
p,t
n,m
m,m
w,w
dcl,pcl
v,v
z,z
tcl,tcl
w,w
pcl,tcl
ah,eh
iy,iy
ch,ch
aa,aa
w,w
iy,ey
r,r
eh,eh
iy,iy
dh,dh
w,w
kcl,kcl
aw,aw
eh,ih
s,z
ae,ae
ey,ix
m,m
oy,oy
z,z
n,ix
aa,ao
ix,ix
ae,ae
ih,ih
ih,ix
ao,aa
r,r
eh,ae
iy,iy
axr,r
ix,ix
ix,q
l,l
s,z
gcl,gcl
t,t
iy,iy
sh,sh
g,g
eh,ae
ow,eh
ax,q
k,k
f,f
t,t
q,w
n,n
ix,iy
ax,ix
ow,ow
l,q
ax,ix
ey,ey
dcl,dcl
ux,ux
sh,sh
ix,ix
k,k
w,w
f,f
ey,iy
iy,iy
ix,ix
ih,y
ay,ay
ey,ey
y,gcl
s,s
ao,ao
ah,aa
r,r
aa,aa
w,w
f,v
eh,ih
ay,ay
s,z
ao,ao
s,s
axr,er
ax,ax
q,eh
ay,ay
dcl,dcl
w,w
z,s
s,s
hv,hv
er,er
q,q
ae,ae
n,v
w,w
t,t
ae,ae
ux,ux
axr,axr
ah,ah
th,th
nx,nx
ay,ay
m,m
kcl,kcl
k,k
aa,aa
t,t
g,g
v,v
q,q
s,s
iy,ih
gcl,gcl
gcl,r
s,sh
dx,kcl
bcl,m
iy,iy
s,s
pcl,tcl
eh,er
tcl,kcl
n,n
ng,y
el,w
n,bcl
w,l
p,p
w,w
t,t
ao,ao
f,f
kcl,tcl
n,n
r,r
n,n
ix,iy
ix,ix
g,g
f,f
ao,ao
n,n
axr,axr
ay,ay
bcl,m
ay,ay
ax,ax
iy,iy
er,axr
aa,aa
sh,sh
iy,iy
ix,ix
sh,ch
v,v
tcl,ix
ae,eh
iy,iy
w,w
w,w
tcl,tcl
f,f
tcl,tcl
axr,axr
s,s
pcl,tcl
iy,iy
ux,ux
hh,hh
el,w
ow,ow
ix,ix
iy,iy
r,r
v,v
ix,iy
kcl,tcl
axr,r
ix,eh
v,v
ay,ay
hh,p
r,r
ux,iy
tcl,tcl
aa,ao
k,k
g,g
w,nx
ae,eh
n,n
f,f
dh,v
eh,eh
tcl,tcl
kcl,kcl
s,s
er,er
w,w
ix,ix
ao,ao
kcl,tcl
aa,ao
g,p
kcl,kcl
axr,er
dh,t
k,k
ax,eh
er,axr
n,q
ow,ow
ax,ax
kcl,kcl
z,z
ah,ah
r,ah
l,l
t,t
v,v
eh,ix
tcl,tcl
b,p
ix,ix
ax,l
s,s
iy,iy
er,er
z,s
s,s
s,s
v,dx
t,t
z,z
eh,eh
ao,ao
ix,ix
s,s
s,s
iy,iy
ih,ih
l,ax
g,g
eh,eh
ih,eh
ao,ao
ax,v
s,s
b,b
f,f
l,el
oy,oy
g,g
iy,iy
ow,eh
g,g
ix,ix
axr,axr
z,sh
q,q
ix,ix
ih,ih
pcl,pcl
ix,ix
en,en
ax,ix
ax-h,m
dcl,gcl
tcl,tcl
tcl,tcl
gcl,dx
dcl,tcl
ix,ix
gcl,gcl
pcl,kcl
tcl,dcl
m,m
z,s
gcl,gcl
m,m
v,v
ao,ao
kcl,kcl
dx,dx
ix,ix
ao,ao
s,s
ix,ix
y,iy
s,sh
ih,ih
v,v
s,s
ey,ih
ng,n
iy,ey
ch,sh
er,er
nx,n
ix,ix
f,f
s,s
th,th
er,er
kcl,tcl
ah,eh
n,n
ax,ih
f,hh
iy,iy
s,s
ae,ae
iy,iy
ow,ow
ah,ih
z,z
aw,aa
tcl,kcl
s,sh
ae,ae
iy,iy
ix,q
n,n
ay,ay
oy,oy
ih,eh
w,w
bcl,tcl
q,q
pcl,tcl
ao,ao
s,s
n,ng
m,m
w,w
r,r
ih,ix
dcl,n
d,t
g,g
ah,ah
dcl,gcl
b,p
iy,iy
er,er
axr,axr
q,q
q,q
ix,ix
ng,gcl
z,z
ax,ax
l,l
dcl,dcl
d,d
eh,eh
uh,axr
ax,ax
m,m
ae,ae
er,er
g,r
n,n
s,s
ae,eh
v,v
l,w
kcl,tcl
n,n
aa,aa
ix,ix
th,f
kcl,kcl
ao,ao
m,v
y,iy
ax,ax
ih,ix
l,l
n,m
ay,ay
l,l
bcl,bcl
tcl,q
r,q
z,z
dcl,gcl
k,k
z,z
ow,ow
s,s
eh,ah
ch,z
m,m
f,th
q,q
pcl,tcl
iy,iy
b,p
ix,ax
bcl,n
eh,eh
ng,ng
ae,eh
q,q
gcl,tcl
r,r
ay,ay
r,r
v,v
s,z
ax,ax
axr,axr
tcl,tcl
l,l
n,ng
s,s
m,m
ih,r
ih,iy
t,t
pcl,tcl
w,w
l,w
eh,eh
kcl,kcl
n,n
tcl,bcl
bcl,dcl
aa,aa
dcl,kcl
aa,aa
hv,l
l,el
r,r
ae,ae
s,s
er,er
ch,ch
ay,ay
ih,eh
aa,aa
p,p
eh,eh
ux,ux
bcl,bcl
ix,ix
n,n
dh,dh
aw,aw
v,v
n,n
ix,ix
ih,ih
th,th
y,y
d,t
kcl,kcl
m,m
q,l
sh,sh
d,g
s,s
k,k
ae,ae
aa,aa
ah,ax
el,el
er,er
ix,ih
jh,t
m,m
s,s
t,t
ae,ae
dh,l
ix,ix
t,z
dx,dx
dh,dh
ax-h,q
aa,ao
ux,ux
tcl,tcl
s,s
n,n
n,n
axr,axr
k,k
f,f
ay,ay
ix,eh
ax,m
er,er
dh,th
eh,eh
ix,ix
aa,ao
k,k
ux,ux
ix,ix
er,axr
k,k
ih,eh
ao,ao
k,k
kcl,kcl
tcl,kcl
n,n
ae,ae
n,n
l,l
axr,ih
ux,ux
w,w
gcl,gcl
w,w
t,t
n,n
bcl,bcl
s,s
l,l
iy,iy
aa,aa
z,z
k,k
v,v
ix,ix
s,s
r,r
oy,oy
pcl,kcl
s,s
axr,r
r,r
dcl,dcl
dh,kcl
iy,iy
iy,iy
dh,dh
kcl,tcl
dh,dh
dh,dh
ae,ae
w,w
n,n
aa,aa
ax,ax
l,l
n,n
ah,ah
ix,ix
s,s
axr,axr
tcl,dcl
f,v
ix,ix
l,l
ae,q
tcl,tcl
tcl,tcl
r,ax
aa,aa
tcl,tcl
iy,r
ix,ix
ah,eh
d,d
ah,ah
g,hh
w,w
g,ix
ae,eh
ih,ix
n,n
aa,ay
ah,ah
w,w
m,m
ay,ay
iy,iy
ix,ix
kcl,kcl
ch,ch
ch,t
iy,iy
er,er
l,l
s,s
t,t
dx,l
bcl,bcl
kcl,kcl
tcl,tcl
n,n
ax,ax
ow,el
p,p
p,p
aa,ao
ey,ey
dcl,dcl
dcl,dcl
tcl,tcl
uh,w
kcl,kcl
dh,dh
s,s
axr,axr
dcl,tcl
tcl,tcl
aa,ah
ix,ix
aa,aa
ay,ay
th,f
s,s
ih,eh
n,n
m,m
ch,sh
k,k
n,n
el,ax
ix,ix
s,s
n,n
iy,iy
m,m
axr,axr
hh,hh
bcl,r
ae,eh
axr,axr
n,n
n,n
f,f
pcl,tcl
bcl,bcl
iy,iy
ih,ih
ix,ix
s,s
z,z
q,tcl
n,n
aa,aa
en,m
n,n
iy,iy
tcl,tcl
ey,ey
iy,iy
d,t
r,axr
s,s
w,w
ey,ey
ae,eh
ix,iy
r,r
g,g
eh,eh
pcl,tcl
iy,iy
w,w
eh,eh
k,k
r,r
iy,ix
k,k
oy,oy
q,q
r,r
hh,hh
dx,dx
t,t
z,z
iy,ey
m,m
kcl,kcl
uh,eh
l,l
ae,ih
ix,iy
z,z
n,n
l,l
ix,ix
tcl,p
f,f
d,t
s,s
m,m
q,q
iy,ix
el,el
ih,ih
s,s
oy,oy
pcl,tcl
iy,iy
v,v
oy,oy
n,m
m,m
kcl,kcl
ax,l
ax,ih
ix,ix
er,r
r,r
p,p
tcl,kcl
iy,iy
tcl,tcl
b,b
iy,iy
d,t
en,ix
s,z
v,v
n,ix
d,tcl
w,w
kcl,tcl
eh,eh
w,w
m,m
z,z
kcl,kcl
axr,axr
axr,axr
iy,iy
v,v
s,s
hv,hv
ix,ix
oy,oy
iy,iy
kcl,pcl
er,axr
axr,r
en,en
r,r
eh,eh
m,m
f,f
g,k
kcl,hh
dh,t
ow,ow
sh,sh
sh,s
ow,ow
w,w
ao,ao
en,n
ae,ah
ch,ch
ey,ey
r,r
iy,iy
ae,eh
ix,iy
z,s
m,w
d,t
ch,sh
l,el
uh,uh
kcl,kcl
bcl,n
r,r
n,dcl
kcl,kcl
ix,en
bcl,bcl
el,w
gcl,dcl
r,r
ey,ey
bcl,dcl
k,k
eh,eh
ng,ng
ax-h,tcl
m,n
w,w
y,y
axr,axr
er,er
k,k
s,s
z,z
y,ix
r,r
axr,axr
dcl,gcl
l,l
z,z
kcl,kcl
ih,ix
tcl,tcl
en,en
l,l
aw,aw
q,q
tcl,tcl
kcl,tcl
kcl,tcl
ey,ix
ih,ih
iy,iy
pcl,tcl
eh,eh
ix,ix
t,t
em,m
p,p
dh,d
s,s
bcl,n
n,en
v,v
pcl,kcl
dcl,tcl
gcl,gcl
ng,ng
ng,n
r,r
aa,ao
ng,ng
kcl,kcl
w,ao
sh,sh
er,er
r,q
ey,ey
n,n
dcl,dcl
s,s
s,s
m,m
s,s
n,n
pcl,tcl
ix,axr
q,q
d,t
ng,ix
eh,eh
eh,eh
z,s
tcl,tcl
dcl,v
sh,sh
r,r
l,l
f,f
zh,zh
ax,ax
w,w
ih,ix
jh,jh
dcl,dcl
er,er
ah,ow
er,er
ey,ey
tcl,pcl
dcl,tcl
eh,eh
ax,ax
s,s
n,n
ih,ih
hv,hv
ax,aa
r,r
pcl,pcl
oy,oy
t,t
dh,hh
l,l
kcl,kcl
s,s
w,w
p,p
f,f
iy,iy
v,v
th,f
r,r
aa,r
ux,ux
kcl,kcl
ch,ch
z,z
aa,aa
kcl,tcl
ix,eh
el,el
dcl,dcl
ae,ae
tcl,tcl
iy,iy
r,r
t,t
tcl,tcl
l,l
ax,ix
iy,iy
ix,y
k,k
ix,ih
q,q
q,q
ow,aw
iy,iy
d,t
ix,eh
ix,ix
f,tcl
s,s
ix,q
aa,aa
sh,p
aa,ao
tcl,tcl
dcl,gcl
iy,iy
t,t
v,v
s,t
ih,ax
l,l
ao,ah
m,m
aa,aa
s,s
kcl,kcl
r,ix
zh,zh
ih,eh
dh,dh
aa,ao
ch,ch
f,f
q,q
w,w
ng,ng
ix,ix
eh,ih
bcl,bcl
ix,ix
tcl,tcl
y,q
ao,ao
iy,iy
eh,ih
ng,ng
tcl,tcl
pcl,tcl
axr,axr
g,k
dh,dh
ao,ao
g,kcl
kcl,tcl
iy,ix
ih,ih
eh,eh
ae,ae
ey,ey
r,r
l,l
bcl,bcl
dcl,gcl
dh,z
d,t
iy,ey
iy,iy
t,t
gcl,bcl
n,n
bcl,bcl
iy,iy
q,q
aa,aa
n,nx
bcl,dcl
ux,ux
ix,ix
eh,eh
eh,eh
q,q
n,n
n,n
eh,eh
ax-h,hh
l,ix
s,z
axr,axr
er,axr
ih,iy
l,l
aa,ao
ay,ay
ae,ey
dh,dh
l,ix
z,s
p,p
m,m
ux,ux
tcl,tcl
ae,eh
bcl,bcl
kcl,kcl
l,l
ah,eh
s,s
oy,oy
dcl,bcl
ah,ao
n,n
aa,ay
en,n
l,l
r,r
w,w
iy,iy
iy,iy
t,t
ah,ay
ix,ix
ax,ix
ax-h,q
r,r
dx,dx
k,k
ch,ch
ix,ih
en,en
f,f
m,m
r,ix
dcl,dcl
m,l
s,s
s,z
k,k
ux,ix
ay,ay
w,w
dh,dx
nx,nx
ix,ix
ow,ow
hh,hh
r,r
n,n
kcl,kcl
ux,ux
y,y
w,w
f,f
y,y
ix,ix
tcl,dx
ix,ix
l,l
eh,eh
g,g
er,r
dcl,dcl
l,w
kcl,kcl
dx,dx
ae,ae
t,s
n,n
f,f
dcl,tcl
r,r
sh,sh
ae,ae
w,l
n,n
eh,eh
ix,iy
ae,ae
p,p
ax,ix
l,l
kcl,kcl
en,en
pcl,kcl
ix,ix
ix,ix
k,k
kcl,kcl
w,w
z,z
ix,ax
k,g
v,v
r,axr
ix,y
m,m
pcl,kcl
aa,ao
bcl,pcl
z,z
y,y
er,ae
ao,ao
z,z
r,r
hv,hv
ix,ix
m,r
ux,ux
tcl,tcl
ng,n
l,q
k,k
tcl,tcl
tcl,dcl
m,m
ix,ix
f,f
iy,iy
tcl,tcl
hh,hh
ae,ae
k,k
ih,q
sh,sh
tcl,tcl
s,s
eh,eh
g,g
y,iy
tcl,kcl
p,p
oy,oy
eh,aa
bcl,dcl
y,y
ix,ix
ih,ix
aa,aa
t,t
d,g
ow,ow
ih,ix
f,f
m,n
tcl,tcl
ao,ao
s,s
ax,ix
ae,eh
kcl,kcl
m,b
z,z
q,q
y,ix
ix,ix
gcl,bcl
l,l
s,s
iy,iy
sh,sh
r,r
ey,ey
kcl,kcl
s,s
ow,ow
t,t
ih,ix
t,t
nx,r
tcl,kcl
k,k
eh,ix
ah,aa
aa,aa
ao,ao
gcl,bcl
bcl,m
k,k
dx,dx
eh,eh
l,l
bcl,bcl
ch,ch
ey,iy
dcl,m
tcl,gcl
oy,oy
aa,hv
ih,ih
ix,ih
l,l
ae,ae
w,ax
aa,aa
ao,ao
tcl,tcl
ih,ix
f,f
oy,eh
ah,ax
w,w
n,ng
dcl,tcl
dcl,dx
n,n
aa,ae
ah,ax
iy,iy
r,r
dx,dx
q,q
s,s
w,w
eh,eh
gcl,gcl
r,r
ax,q
r,r
ix,ix
dx,tcl
axr,axr
n,n
ae,ae
kcl,tcl
hh,hh
ux,ix
iy,iy
ey,ey
ao,ao
t,t
z,z
tcl,tcl
er,er
z,z
oy,oy
r,axr
gcl,kcl
axr,axr
l,w
q,q
v,ax
gcl,tcl
ah,ih
eh,eh
n,n
l,l
pcl,pcl
kcl,tcl
g,k
el,el
iy,iy
t,t
s,s
ae,ae
r,r
l,l
tcl,tcl
kcl,pcl
aa,ao
t,t
kcl,tcl
k,k
sh,sh
s,s
k,k
dx,dx
s,s
iy,iy
dh,dh
s,s
t,t
dcl,gcl
ay,ay
axr,axr
tcl,tcl
ow,ow
s,s
jh,jh
sh,sh
z,z
ng,n
w,w
el,l
ao,ao
ow,el
l,l
pcl,pcl
er,er
z,z
ax,ax
m,m
z,s
ao,ao
t,t
gcl,gcl
r,r
ao,ao
n,n
ae,ae
ae,eh
aa,ao
ax,ax
m,n
tcl,tcl
s,s
ay,ay
k,k
sh,sh
r,r
ih,ux
ow,ow
tcl,kcl
er,axr
n,n
m,m
ux,ux
t,t
t,t
q,q
gcl,gcl
l,el
v,v
z,z
ah,eh
s,s
n,n
iy,iy
ae,ae
axr,axr
ax,ix
iy,iy
ae,ae
q,q
n,n
ix,oy
s,s
q,q
aa,aa
l,l
oy,oy
ng,l
iy,iy
r,r
kcl,kcl
ay,ay
iy,iy
sh,sh
tcl,tcl
dcl,dcl
ay,ay
dcl,gcl
ih,ih
axr,axr
kcl,kcl
z,z
z,s
el,el
ix,ix
r,r
r,axr
ix,ih
th,th
er,er
n,n
n,n
y,y
s,s
s,s
n,n
ay,ay
ih,ax
n,n
z,tcl
g,g
axr,axr
y,ix
ix,eh
iy,iy
ow,ow
z,s
dcl,dcl
ih,eh
axr,axr
ix,ix
f,v
aw,aw
er,r
tcl,kcl
ay,ah
ih,ih
ao,ao
ae,ae
l,ao
dx,dx
dcl,tcl
ah,ow
ey,iy
dh,dh
kcl,gcl
l,l
m,m
n,n
eh,eh
ay,ay
kcl,kcl
s,s
s,s
s,s
aa,aa
axr,iy
n,n
dcl,dcl
ax,ax
ih,ih
ey,eh
ax,ax
bcl,kcl
dh,n
z,s
kcl,kcl
l,l
axr,r
m,iy
z,z
w,w
k,k
l,r
ch,ch
ix,ih
k,g
n,n
ao,ao
k,k
kcl,kcl
ao,ao
z,z
axr,axr
ix,ix
ux,ux
f,f
ow,ow
dcl,dcl
aa,aa
axr,axr
t,t
l,l
f,f
eh,eh
ix,ix
iy,iy
dcl,dcl
w,w
n,n
ey,ey
ux,ux
y,y
dh,dh
ix,ix
l,ix
z,z
r,r
l,l
dh,dx
m,ng
ux,ux
r,r
ae,ae
iy,iy
ih,eh
ey,ey
aw,ae
dh,n
ae,ae
l,w
y,y
ix,ix
ae,ae
kcl,kcl
w,w
r,r
tcl,q
k,k
ey,ey
tcl,tcl
uw,w
eh,eh
dcl,bcl
k,k
sh,sh
q,q
ay,aa
dcl,gcl
n,n
eh,ih
aw,eh
ix,ix
ih,eh
eh,eh
n,iy
gcl,gcl
ix,ix
z,z
axr,axr
r,axr
axr,er
iy,iy
ix,ix
tcl,dcl
ax,ax
hh,hv
eh,eh
p,p
pcl,tcl
axr,er
r,r
hv,hv
y,y
ax-h,dx
m,n
kcl,kcl
gcl,tcl
er,er
ih,ih
dh,t
r,dx
ay,ay
s,s
iy,iy
f,f
q,q
s,s
tcl,q
l,l
iy,iy
tcl,kcl
iy,ux
tcl,tcl
ao,ao
axr,axr
n,dx
ax-h,ix
er,er
s,s
ix,ih
ae,ae
iy,iy
ow,ao
eh,eh
w,w
ao,ao
dh,b
ix,ih
eh,eh
r,r
ow,ah
s,s
p,p
w,w
n,n
dcl,tcl
eh,eh
p,p
ix,ux
ng,n
eh,ih
tcl,tcl
el,q
tcl,tcl
r,axr
kcl,tcl
m,m
uh,ax
r,axr
aa,ao
pcl,pcl
hh,hh
pcl,tcl
dcl,dcl
ih,r
tcl,tcl
aa,aa
dx,dx
dx,dx
s,s
ix,ix
aa,aa
z,s
r,r
axr,axr
r,r
d,t
pcl,bcl
iy,iy
dx,dx
axr,axr
s,z
z,z
l,l
t,t
f,f
bcl,bcl
axr,axr
ow,ow
sh,sh
er,er
iy,iy
dcl,dcl
s,t
l,l
ax,ax
iy,iy
ay,ay
axr,axr
q,q
ix,ix
t,t
ix,ix
axr,axr
dx,tcl
aa,aa
k,g
ix,ix
w,w
z,s
g,m
z,z
ux,er
p,dh
ux,iy
y,iy
s,sh
r,r
ng,ng
ah,aa
q,ax
r,r
ow,ow
gcl,gcl
n,n
n,n
z,z
iy,iy
eh,eh
iy,iy
s,s
ae,ae
tcl,tcl
gcl,ng
t,t
q,q
sh,sh
r,r
w,w
iy,iy
l,iy
v,v
ae,ae
g,g
tcl,tcl
ey,ey
ey,eh
ay,ay
tcl,q
iy,iy
ix,ix
r,r
er,r
r,r
q,q
iy,iy
l,l
ng,ng
ae,ae
s,s
ae,ae
tcl,bcl
er,axr
el,w
m,m
ax,ix
ih,ih
ng,ng
uh,uh
oy,oy
w,w
q,q
ow,ow
s,s
n,n
iy,iy
pcl,tcl
r,r
dcl,gcl
l,l
ao,ao
t,t
iy,iy
m,n
s,s
d,t
k,k
s,s
er,ux
m,m
iy,iy
iy,iy
dx,dx
ix,ix
iy,ix
dcl,dcl
nx,dx
dh,tcl
dcl,tcl
iy,iy
er,axr
w,ao
th,th
hh,g
iy,iy
sh,sh
r,r
k,k
r,r
n,n
ax-h,hh
v,v
t,t
tcl,tcl
w,w
w,w
dcl,bcl
n,n
dcl,dcl
k,k
m,n
uw,ux
g,g
q,q
ae,ae
iy,iy
v,v
ae,ae
ix,ix
v,dh
el,el
ow,ow
ao,ao
ix,iy
en,tcl
iy,iy
ih,ih
s,s
n,n
gcl,gcl
f,f
pcl,pcl
th,dh
ao,aa
z,s
z,z
p,p
r,r
sh,sh
iy,iy
m,v
ae,ae
ao,ao
n,iy
ax,r
er,er
ah,eh
ch,ch
sh,sh
n,n
ax,ax
ix,ix
ae,ey
k,g
gcl,gcl
m,m
tcl,tcl
r,r
n,l
dx,dx
n,ng
hv,hv
n,n
w,w
l,l
t,t
n,n
n,n
s,s
dcl,dcl
v,v
ey,ey
ey,ix
z,z
dx,nx
er,er
eh,ix
bcl,bcl
t,t
w,w
tcl,tcl
ay,ay
ih,ih
n,n
s,s
ax,ix
q,q
bcl,bcl
eh,eh
kcl,gcl
p,p
r,axr
ao,ao
q,q
ih,iy
ae,ih
l,l
ih,ix
ix,uh
v,v
ix,ix
tcl,kcl
er,er
ix,ix
r,r
pcl,tcl
b,b
eh,ix
m,m
l,l
f,f
l,l
r,r
n,m
r,r
r,v
m,m
oy,oy
tcl,bcl
dcl,dx
ix,dx
bcl,kcl
oy,oy
dx,dx
k,k
iy,y
ow,ow
t,t
k,k
t,t
f,f
ix,ix
tcl,tcl
dcl,dcl
l,el
ng,ng
ix,ix
ng,ng
l,l
r,r
r,r
ay,ay
ih,ih
s,s
eh,iy
aa,ao
m,m
z,s
ay,ay
iy,iy
ih,ih
ax,ix
kcl,kcl
iy,ix
ix,ix
tcl,tcl
dcl,tcl
tcl,tcl
ax,ix
y,iy
jh,jh
gcl,r
ix,ix
dh,dh
ix,r
aa,aa
q,q
iy,iy
dcl,dcl
bcl,bcl
sh,sh
l,l
ih,ax
q,q
l,ax
jh,jh
t,t
ao,ao
eh,eh
r,r
r,r
k,k
kcl,tcl
kcl,kcl
axr,axr
ix,ix
iy,ih
ey,ey
ey,ey
ow,ow
ix,ix
en,en
m,n
dcl,gcl
l,l
dh,dh
l,l
tcl,tcl
eh,eh
ix,ix
ax,l
uh,el
m,m
aa,aa
p,p
bcl,bcl
sh,sh
kcl,kcl
s,s
tcl,tcl
ng,ng
eh,ix
s,s
s,z
axr,axr
p,p
n,n
s,s
w,w
ix,ix
t,dh
ax,ix
dcl,dcl
ah,ah
n,n
ax,ax
z,z
r,r
q,q
hv,hh
s,s
ih,ih
ao,aa
y,iy
ey,ey
r,q
aa,eh
ux,iy
s,s
f,f
kcl,kcl
ih,iy
tcl,tcl
m,m
ay,ay
aa,aa
ay,ay
kcl,tcl
oy,oy
m,m
ae,ae
el,el
f,f
eh,ix
s,z
pcl,tcl
ih,eh
dcl,dcl
w,w
ux,ix
ay,ay
ng,ng
s,s
ix,y
ix,ix
ae,ae
aa,aa
t,t
ix,ix
ow,ow
w,l
ao,ao
m,m
dcl,dcl
ax,ax
g,g
y,hv
ax,ix
ih,ih
ux,ux
ix,ix
ow,ow
s,s
r,axr
ix,eh
ix,ix
dcl,t
aa,aa
dcl,gcl
m,m
w,w
iy,iy
t,k
ey,ey
n,ix
r,r
ih,ix
kcl,tcl
w,w
l,l
y,y
gcl,gcl
w,w
k,g
ih,ih
dh,m
aa,aa
k,k
aa,aa
n,n
q,q
n,n
aa,aa
s,s
k,k
ix,ix
tcl,n
g,g
axr,ix
kcl,kcl
hh,hh
ay,ay
t,t
ao,ao
t,d
s,s
pcl,pcl
er,axr
ix,ih
s,s
l,el
y,y
s,s
ao,ao
y,y
gcl,tcl
k,k
tcl,tcl
axr,axr
sh,sh
ao,ao
pcl,tcl
iy,ix
eh,eh
s,s
th,f
en,en
m,m
n,y
z,s
ng,ng
f,f
kcl,tcl
uh,uh
n,m
iy,y
s,s
en,en
r,r
s,s
eh,eh
ch,jh
dh,dh
ao,ao
dx,dx
el,ax
eh,eh
m,m
s,s
t,t
s,jh
iy,iy
t,t
iy,iy
r,r
dcl,dcl
l,l
t,t
aa,aa
k,k
ah,ao
eh,r
t,d
ah,ix
ax,ax
w,w
ih,ih
tcl,tcl
n,n
p,hh
w,w
iy,iy
en,n
tcl,kcl
ix,ix
ae,ae
m,m
w,ao
ch,t
bcl,kcl
axr,axr
z,z
l,l
ah,ax
ix,ix
iy,iy
ng,n
axr,axr
s,s
s,s
eh,eh
ay,ay
uw,n
ng,ng
iy,iy
r,r
d,g
ih,ih
pcl,pcl
k,k
p,p
z,z
tcl,tcl
ax,ax
sh,sh
ih,ih
sh,sh
iy,iy
s,s
ao,ao
ao,ao
ow,el
tcl,tcl
em,en
ix,ix
w,w
iy,iy
t,t
m,m
tcl,tcl
dcl,tcl
dcl,dcl
z,z
m,n
dcl,n
uh,uh
t,t
n,n
ix,ix
s,s
hv,hv
tcl,q
r,axr
ix,ix
sh,sh
ax,ax
gcl,dcl
ah,ah
z,z
aa,ao
ix,ix
ey,ey
kcl,kcl
r,r
axr,ix
ow,ow
t,t
r,r
bcl,kcl
p,p
q,q
tcl,kcl
w,w
s,z
hv,hv
kcl,kcl
d,dx
n,n
kcl,tcl
dcl,dcl
ay,aa
ih,ih
ae,ae
y,y
th,s
oy,oy
ae,ae
s,s
dcl,dcl
bcl,bcl
ax,ax
ix,ix
t,t
dcl,gcl
iy,iy
pcl,tcl
jh,ch
p,p
r,r
ix,eh
l,l
ng,n
dcl,dcl
ax,ax
w,w
ao,ao
uw,w
ae,ae
uh,uh
ay,ay
dcl,tcl
dh,dh
aa,ah
k,k
ih,uh
v,v
s,z
ao,ao
dcl,pcl
m,m
er,er
ix,ix
er,er
k,k
iy,iy
aw,aw
g,g
iy,iy
ae,eh
ow,ow
jh,jh
n,n
k,k
s,s
l,l
ih,ix
axr,axr
ao,ao
ao,r
l,l
ay,ay
r,r
ae,ae
oy,ah
tcl,tcl
k,k
n,ix
ux,ux
bcl,bcl
dcl,dcl
q,q
n,n
iy,iy
kcl,tcl
ey,ey
ix,ix
ux,ix
l,l
ey,ey
ix,ix
ax,eh
el,el
iy,iy
r,r
eh,eh
ey,ey
m,m
r,r
r,w
sh,sh
m,m
ay,ay
ay,ay
ih,ix
eh,ih
ix,ix
k,k
axr,axr
r,axr
nx,n
ah,ix
m,m
s,s
ax,ax
l,l
m,m
ux,uw
y,y
kcl,kcl
er,er
eh,eh
dx,dx
dcl,gcl
dh,gcl
v,dh
axr,axr
m,m
er,er
ch,ch
s,s
tcl,kcl
dx,dx
l,el
r,r
jh,t
bcl,m
q,q
r,r
kcl,kcl
w,l
ow,ao
r,r
aa,aa
ah,axr
n,n
t,t
y,y
r,r
ao,w
kcl,kcl
pcl,tcl
ax,w
ix,ix
iy,iy
ae,ae
ao,ao
ah,ah
axr,axr
tcl,tcl
tcl,tcl
iy,iy
l,l
s,s
ao,r
ae,eh
ay,ay
ao,ao
l,l
dh,dh
uw,uw
sh,s
ux,ux
ix,ix
l,l
hv,hv
ih,ih
t,t
tcl,w
iy,iy
ae,ae
el,ax
k,k
p,p
tcl,kcl
pcl,tcl
ix,ix
ch,jh
sh,sh
ix,ih
jh,jh
n,n
pcl,tcl
ax,ax
jh,jh
kcl,tcl
aa,ay
q,q
m,m
ah,eh
f,f
tcl,tcl
tcl,tcl
ih,ix
iy,iy
ow,ow
th,z
bcl,bcl
n,ix
axr,ix
dcl,dcl
ix,ix
ix,ix
kcl,kcl
w,w
v,v
p,p
eh,eh
ah,ix
hh,p
ax,ah
ae,ae
v,v
hv,hv
aa,aa
aa,aa
ay,ay
s,s
r,r
l,q
n,n
l,l
iy,iy
nx,nx
tcl,tcl
ao,ao
eh,eh
k,k
v,v
kcl,kcl
kcl,kcl
ih,ix
ah,ao
ax,ax
ow,ow
t,t
ix,ix
sh,sh
pcl,tcl
l,l
v,v
s,s
ao,ay
pcl,tcl
uh,uh
ix,ix
axr,axr
b,p
z,z
tcl,tcl
m,n
oy,oy
aa,aa
l,l
n,n
axr,axr
ow,ow
ao,ao
q,q
sh,sh
sh,sh
l,w
uw,uw
iy,iy
ae,ae
tcl,tcl
ax-h,kcl
ix,ix
pcl,tcl
s,s
tcl,tcl
ao,ao
ih,ix
ih,iy
ow,ow
n,n
kcl,kcl
k,k
t,t
tcl,dh
axr,er
iy,iy
ix,ix
ih,ih
axr,axr
iy,ey
uw,uw
ay,ay
ux,ux
axr,er
ey,ey
en,en
iy,iy
k,k
el,el
n,ix
p,p
en,en
eh,eh
ey,eh
s,s
tcl,gcl
dh,dh
t,p
ih,y
ix,ix
tcl,tcl
r,r
ch,ch
gcl,gcl
l,l
m,m
r,r
ah,ow
ax,r
aa,aa
t,t
tcl,tcl
sh,sh
z,z
ix,ix
ao,ah
m,m
dx,dx
t,t
iy,iy
bcl,bcl
dh,dh
l,l
ch,ch
kcl,tcl
ao,ao
hv,y
l,l
ix,ih
kcl,kcl
t,t
ih,uh
n,n
s,s
f,f
sh,sh
s,s
tcl,tcl
ey,iy
l,uw
tcl,tcl
v,v
f,f
tcl,gcl
tcl,tcl
ah,oy
f,f
ae,ae
z,sh
ux,ih
kcl,tcl
bcl,bcl
dcl,gcl
n,n
ao,aa
ae,eh
kcl,kcl
t,t
ao,ao
iy,iy
q,q
ae,ae
aa,aa
r,r
ih,ih
s,s
n,n
ix,ux
kcl,kcl
w,l
l,l
bcl,dcl
ax,ax
gcl,dcl
f,f
kcl,kcl
ay,aa
ah,ah
s,s
bcl,bcl
z,z
q,q
ch,ch
ch,ch
ih,ih
eh,eh
l,ax
ey,hv
er,er
n,n
v,v
uh,ih
dh,dh
kcl,tcl
ey,ey
z,z
eh,ih
ih,ix
er,eh
tcl,tcl
m,m
axr,r
ix,ix
kcl,tcl
w,w
ux,ux
n,n
pcl,tcl
nx,nx
iy,iy
k,g
gcl,gcl
d,t
axr,er
l,el
p,p
ix,ix
l,l
bcl,bcl
ey,ey
ih,ix
l,l
l,ix
iy,ix
kcl,kcl
ah,eh
ix,ix
n,n
n,ix
pcl,pcl
p,dx
dcl,bcl
axr,axr
ix,ix
ux,iy
ix,ix
tcl,gcl
ao,ao
ix,ix
ix,ix
l,w
ao,ao
ey,ey
th,dh
t,d
w,w
n,n
ay,ah
ih,ix
ax,ax
s,s
s,s
s,s
f,f
ah,eh
n,n
s,s
aa,aa
aa,ao
eh,ih
q,q
eh,eh
dx,dx
n,n
n,m
ix,ix
s,z
z,z
t,t
l,l
ey,iy
ax,ax
ay,ay
ih,ih
ey,ey
ix,ix
ux,ux
dh,dh
eh,eh
m,m
tcl,tcl
er,er
iy,iy
w,w
tcl,tcl
tcl,tcl
k,k
ng,n
ah,ao
er,axr
eh,eh
ih,ih
m,m
r,ix
ax,ax
k,g
ey,ey
dh,dh
n,ix
aa,aa
ix,ix
er,er
y,y
q,ix
l,ow
dcl,dcl
m,m
f,f
iy,iy
r,r
ix,ax
kcl,kcl
ax,uh
aa,ao
pcl,tcl
s,s
k,k
m,m
ay,ey
w,r
el,el
gcl,gcl
q,q
r,er
hh,hh
iy,iy
iy,iy
n,n
m,m
iy,iy
aw,aw
r,r
q,q
ih,ix
d,t
sh,sh
axr,axr
ix,ix
ow,ah
iy,ix
l,l
er,axr
r,v
n,n
g,t
ix,ix
ix,ix
en,en
p,p
ix,ix
s,s
iy,iy
p,p
l,l
l,l
n,n
q,q
ix,ix
v,f
ih,ih
aa,aa
er,er
f,p
s,s
ae,ae
dx,dx
kcl,kcl
r,r
s,s
d,dx
m,en
dcl,dcl
z,s
r,r
t,t
ax,el
ay,ay
hh,hh
ah,ah
z,z
ae,ae
ae,eh
iy,iy
g,g
l,l
th,th
axr,axr
v,v
el,el
f,f
dcl,tcl
ix,eh
ih,ih
tcl,tcl
iy,iy
f,f
oy,oy
iy,iy
m,m
ix,ix
s,s
w,w
el,ao
ix,ix
z,z
kcl,tcl
r,r
ih,ih
l,l
ih,ih
ax,ax
aa,aa
f,f
ix,ix
ix,ix
sh,sh
q,q
iy,ix
eh,ix
tcl,tcl
el,uh
kcl,tcl
s,s
ng,ng
axr,axr
ao,ao
y,p
ao,ao
n,m
l,w
s,z
ix,eh
aa,ao
gcl,n
v,v
sh,sh
k,k
eh,eh
ax,ix
r,r
ow,ow
aa,ah
dcl,bcl
m,m
p,p
ah,eh
ix,ng
l,l
eh,eh
tcl,tcl
n,n
iy,iy
pcl,v
el,el
el,el
ah,r
z,z
t,t
kcl,tcl
r,r
tcl,tcl
l,q
gcl,gcl
m,n
r,r
ay,ah
s,s
r,r
ix,iy
s,s
dx,dx
ah,ao
el,el
dcl,dcl
r,axr
q,q
s,s
s,s
ae,ae
ow,ow
hv,hv
y,y
uh,ih
ax,ax
ix,ax
nx,v
dh,n
f,f
tcl,tcl
n,n
ix,ix
ae,ae
v,v
q,q
r,r
l,l
m,m
pcl,tcl
t,t
dcl,dcl
q,q
d,t
t,d
ay,ay
dx,ix
el,l
r,r
iy,iy
nx,n
eh,eh
dcl,gcl
m,n
ao,ao
axr,axr
n,bcl
tcl,tcl
v,v
sh,sh
aa,aa
z,z
v,v
kcl,kcl
ch,jh
f,f
dcl,dcl
ix,ih
s,s
gcl,gcl
ng,gcl
ih,iy
ih,ih
q,q
ax,axr
q,q
ix,ax
m,n
ae,eh
w,w
kcl,kcl
tcl,tcl
ah,ah
ix,ix
dcl,dcl
m,m
s,s
dh,dh
l,l
l,l
dcl,dcl
ix,ix
dx,dx
q,q
s,s
dcl,tcl
er,axr
r,r
s,s
s,s
n,n
ux,ux
r,axr
v,v
aa,aa
s,s
n,n
q,q
y,iy
ix,ix
gcl,bcl
eh,eh
ax,ix
k,k
ao,ao
y,y
q,tcl
gcl,gcl
axr,axr
m,en
ay,ay
v,v
iy,iy
aw,aw
kcl,kcl
ow,ow
y,ix
er,er
ax,ax
axr,iy
dcl,bcl
ih,ih
el,el
d,d
aa,aa
hh,q
ah,eh
pcl,tcl
m,n
ux,ux
t,t
l,ix
axr,axr
ix,ix
s,s
k,k
hv,hh
dcl,dcl
dx,dx
ih,ih
dcl,tcl
ix,ix
y,y
kcl,tcl
iy,iy
ix,ix
r,r
ix,ix
v,v
l,l
r,r
dcl,dcl
l,w
ey,iy
k,k
s,s
ah,ah
n,n
ix,ih
k,k
ax,ix
axr,axr
k,k
z,s
ix,ix
er,er
m,m
ax,ax
kcl,kcl
kcl,tcl
iy,iy
ae,eh
t,t
ux,ix
v,m
tcl,tcl
ax,ix
w,w
w,w
ng,ng
kcl,kcl
dcl,dcl
ah,ah
ix,ih
aa,ao
f,f
w,w
s,s
ch,jh
dcl,dcl
y,y
kcl,kcl
jh,jh
iy,iy
s,s
n,n
dcl,gcl
ey,ey
m,m
axr,axr
gcl,gcl
ey,ix
l,l
ax,ix
ey,ey
dcl,dcl
aa,aa
l,l
bcl,bcl
p,p
eh,ax
ax,ah
pcl,tcl
ix,ix
ay,ay
f,v
tcl,tcl
ey,ey
m,m
ih,ix
y,ux
n,n
ix,eh
jh,jh
r,r
aa,ah
q,q
d,d
m,m
ay,ay
q,q
tcl,tcl
ah,ah
ix,ix
l,l
q,q
axr,er
oy,oy
axr,axr
ih,ih
ng,ng
z,s
k,k
s,z
kcl,tcl
bcl,gcl
pcl,tcl
g,g
r,r
y,y
n,n
tcl,tcl
w,w
aa,aa
ae,ae
axr,er
ae,ae
tcl,kcl
ao,ao
w,w
ey,ey
ax,r
iy,iy
ao,ao
s,s
n,dx
ey,ey
r,r
uh,uh
er,r
n,n
k,k
pcl,kcl
ax,ix
el,l
r,r
m,m
ey,ay
l,l
dh,dh
hh,hh
tcl,kcl
ey,ey
eh,eh
kcl,pcl
m,m
kcl,kcl
axr,axr
m,bcl
ax,ax
ah,aa
er,r
ae,ae
l,l
pcl,tcl
ay,ay
ix,eh
ao,ao
s,s
ax,ax
ax,ix
eh,eh
ae,ae
aa,aa
r,r
ae,ae
ae,ae
er,aa
ax,ax
n,n
bcl,tcl
f,hh
ix,ix
s,s
axr,er
ae,eh
er,er
ix,ix
s,s
ih,ey
kcl,gcl
n,n
p,p
ae,eh
aa,aa
aa,ay
iy,iy
y,y
ax,uw
ae,ae
ih,ix
ix,ix
p,p
d,jh
ae,ae
s,s
ih,ih
l,l
kcl,kcl
ch,ch
aa,ao
ax,ax
gcl,bcl
tcl,tcl
r,er
iy,iy
q,q
ah,aa
aa,ao
m,m
aa,aa
gcl,gcl
hh,f
axr,axr
w,w
iy,iy
ux,ux
l,l
kcl,kcl
p,p
ah,ah
y,y
n,n
l,l
dx,q
b,p
ax,l
axr,axr
n,ng
sh,sh
kcl,kcl
w,w
g,q
ay,ay
iy,iy
el,el
th,th
y,iy
v,v
dh,dh
k,k
iy,iy
eh,eh
dh,dh
f,f
k,k
tcl,tcl
ux,ix
ix,ix
ix,ix
s,s
gcl,gcl
q,q
gcl,gcl
s,s
ey,ey
gcl,y
aa,ao
axr,axr
iy,iy
r,ay
r,ow
r,r
ih,ix
ix,ix
pcl,tcl
axr,ih
t,t
axr,er
iy,iy
w,w
jh,sh
axr,ax
r,r
v,v
pcl,pcl
ix,ih
ah,ax
kcl,kcl
m,m
iy,iy
ay,ay
dcl,tcl
kcl,kcl
iy,iy
hh,t
ng,n
th,tcl
iy,iy
ae,ae
kcl,kcl
gcl,gcl
axr,r
l,l
dx,dx
ae,ae
tcl,tcl
w,w
bcl,tcl
q,q
ix,ix
ah,ih
g,p
q,ix
tcl,tcl
q,q
iy,iy
iy,iy
q,q
ow,ao
ax,m
el,el
z,s
t,t
ao,ao
l,l
jh,jh
pcl,bcl
sh,sh
n,n
t,t
jh,sh
t,t
iy,iy
n,dx
ey,iy
jh,jh
pcl,tcl
ix,ax
uw,m
s,s
iy,iy
l,l
eh,eh
dcl,tcl
s,s
sh,sh
iy,iy
aa,aa
t,t
n,n
hh,p
hv,hh
axr,axr
s,s
iy,iy
dcl,bcl
t,t
ow,ow
pcl,tcl
l,l
s,s
z,z
s,s
l,l
v,ix
ax,ax
ae,ae
axr,eh
s,dh
p,p
ow,el
ah,aa
kcl,tcl
ih,ih
n,n
y,y
ax,eh
pcl,kcl
n,n
s,s
k,k
hh,p
sh,s
t,t
n,n
tcl,tcl
r,r
r,r
kcl,kcl
v,tcl
k,k
kcl,tcl
ae,ae
ih,ih
ch,t
ey,ey
w,ao
bcl,bcl
kcl,kcl
q,q
tcl,kcl
sh,sh
dcl,dcl
sh,sh
q,q
ao,ao
l,ix
r,axr
axr,axr
dcl,gcl
dh,dh
ey,iy
k,k
z,z
ow,er
n,n
gcl,gcl
gcl,gcl
eh,eh
tcl,tcl
kcl,kcl
th,f
v,v
r,r
r,r
l,l
aw,aw
m,m
ih,ih
q,q
ey,iy
r,r
iy,iy
s,s
ay,ae
bcl,tcl
er,er
n,n
r,axr
s,s
hv,hv
axr,axr
k,k
n,n
w,w
ch,ch
er,ao
ix,ax-h
k,k
iy,iy
ae,ae
kcl,tcl
ix,eh
l,l
t,t
pcl,tcl
iy,iy
pcl,kcl
dcl,dcl
ae,ae
m,n
ax-h,v
s,s
n,n
s,s
l,l
ax,ax
kcl,kcl
y,y
ao,ow
z,z
kcl,kcl
z,z
k,k
ih,ix
m,m
m,n
ix,ax
dcl,dcl
s,s
ey,ey
d,d
k,k
d,d
el,el
axr,ix
ih,ix
ax,ix
er,er
ix,iy
dcl,dcl
d,t
f,f
dcl,v
s,z
k,k
tcl,tcl
eh,eh
ah,ax
bcl,bcl
r,r
ow,ow
f,t
t,t
f,f
k,k
hv,hv
r,r
tcl,tcl
ae,r
eh,eh
aw,aw
kcl,tcl
ix,ix
aa,eh
uw,uw
ix,dh
l,l
ey,ey
ih,ix
t,t
k,k
n,n
w,w
v,v
axr,axr
m,m
l,el
hh,hv
ey,ey
n,n
g,g
f,f
t,t
l,l
ux,ux
p,p
n,en
q,q
m,m
bcl,bcl
s,s
eh,ey
gcl,tcl
axr,axr
q,q
dcl,tcl
tcl,tcl
v,m
k,k
nx,n
tcl,tcl
r,axr
aa,ay
pcl,tcl
iy,ux
en,n
iy,iy
q,q
ih,iy
k,k
ae,eh
q,q
k,k
iy,iy
s,s
tcl,tcl
iy,iy
bcl,gcl
r,r
w,w
r,axr
ih,iy
ah,eh
ux,ux
d,t
ih,ix
kcl,kcl
jh,ch
k,k
r,r
k,k
g,g
ax,ix
ix,ax
t,t
p,p
dcl,tcl
kcl,tcl
kcl,kcl
dx,dx
ix,ax
iy,iy
iy,eh
ey,ey
aa,aa
ey,ey
axr,axr
iy,iy
t,ch
s,s
ey,ey
er,er
bcl,bcl
bcl,bcl
axr,r
ch,t
ah,uh
iy,iy
ax,ax
kcl,kcl
t,t
s,s
v,dx
dx,dx
ih,ih
y,iy
w,w
s,z
sh,sh
iy,iy
ix,ix
jh,jh
n,q
axr,iy
ae,ae
r,axr
w,ax
ix,r
ax,ax
k,k
q,l
sh,sh
n,n
ae,ae
p,p
v,f
f,f
z,z
ay,ay
n,ax
k,k
q,gcl
q,ax
ae,ae
ih,ix
ng,n
dh,dh
n,n
ux,ux
gcl,gcl
y,ix
l,l
eh,eh
q,q
axr,r
t,q
r,r
g,g
r,r
p,p
t,t
tcl,tcl
jh,y
er,er
er,er
bcl,bcl
r,r
axr,ax
gcl,dcl
n,n
l,w
q,q
ao,aa
s,s
oy,oy
aa,ao
dcl,dcl
s,s
dcl,bcl
er,axr
er,er
kcl,tcl
ay,ay
m,dh
el,ax
gcl,gcl
ah,eh
tcl,tcl
s,s
s,s
r,r
ix,eh
en,m
er,axr
m,m
ix,ix
ng,ng
w,w
pcl,tcl
n,n
pcl,tcl
hh,hh
th,th
tcl,tcl
axr,r
ah,ah
ae,ae
q,q
l,l
ao,ao
n,tcl
q,q
ax,ax
r,r
er,r
f,f
ix,ix
m,n
ay,ay
ow,ow
ng,m
m,m
m,m
s,s
y,iy
y,y
iy,iy
dcl,tcl
s,s
ah,ah
uw,w
eh,eh
ao,ao
bcl,bcl
n,tcl
ix,ix
hv,hv
eh,ix
v,v
dcl,tcl
ix,ax
pcl,tcl
z,s
p,p
axr,er
ao,ao
r,r
n,n
kcl,kcl
w,r
ix,axr
k,p
k,k
ih,ih
uw,uw
ae,ae
ey,ey
k,k
nx,nx
z,z
y,y
z,z
t,t
iy,iy
tcl,tcl
t,g
aa,aa
n,n
oy,oy
ao,ao
k,k
ux,ux
tcl,tcl
w,w
er,er
q,q
tcl,kcl
r,r
n,m
l,l
iy,iy
l,r
ae,ae
m,m
r,r
ax,q
ih,ih
ix,ix
eh,eh
s,sh
ao,ah
n,n
pcl,tcl
ey,ey
m,m
ax,r
n,m
dx,ix
tcl,tcl
g,g
ix,ix
ah,l
ih,eh
kcl,tcl
iy,iy
axr,axr
ae,ae
ah,ah
tcl,tcl
aa,aa
bcl,bcl
hv,hv
tcl,kcl
d,d
pcl,tcl
ax,ix
kcl,tcl
ow,ow
m,m
bcl,v
k,k
ix,r
r,r
kcl,kcl
ae,ae
bcl,bcl
iy,iy
axr,axr
dcl,dcl
k,g
s,s
dh,dh
t,t
b,r
bcl,tcl
iy,iy
y,y
iy,iy
f,f
d,d
ao,ao
r,r
axr,axr
ae,ae
t,t
iy,iy
l,ix
dx,dx
ay,ay
r,q
ix,ix
f,f
eh,ae
ih,ih
p,p
q,q
hh,hv
tcl,tcl
gcl,tcl
l,l
ix,ix
r,r
iy,iy
ah,eh
ax-h,z
r,r
kcl,q
s,z
axr,axr
kcl,kcl
tcl,tcl
dcl,bcl
tcl,dx
r,r
d,d
kcl,tcl
kcl,tcl
eh,eh
uh,ax
ax,ax
sh,sh
k,k
pcl,pcl
dx,dx
k,t
ux,ix
dcl,dcl
uw,w
ax,q
r,r
v,v
n,n
iy,iy
ng,tcl
l,el
hv,hv
eh,eh
ax,ax
v,f
l,ax
m,m
ix,ix
tcl,tcl
ix,iy
pcl,pcl
l,ao
gcl,tcl
kcl,tcl
iy,ih
y,y
m,bcl
aa,aa
w,w
z,jh
ax,ax
gcl,axr
eh,eh
l,el
iy,iy
f,s
dh,dh
v,v
ih,ih
sh,sh
oy,oy
ix,ix
tcl,tcl
aa,aa
l,l
dh,k
axr,axr
ix,ix
ao,aa
ae,ae
w,w
l,r
r,r
iy,iy
z,z
y,y
ix,ix
z,s
dcl,dcl
ih,ix
ah,ay
w,w
iy,iy
r,r
tcl,tcl
hv,hv
axr,r
g,k
ae,eh
dh,dh
dh,dh
k,g
s,s
eh,eh
s,s
ay,ay
ih,eh
y,y
sh,sh
ix,ix
t,t
q,q
ao,ao
bcl,bcl
eh,eh
iy,iy
g,k
er,er
p,p
s,f
k,k
r,axr
gcl,dcl
iy,iy
z,z
dcl,dcl
hv,hv
ae,ae
gcl,tcl
tcl,kcl
n,n
oy,oy
ey,ey
s,s
ih,ix
s,s
p,p
iy,iy
s,s
k,k
ax,ax
ix,ix
ax,bcl
er,er
m,m
t,tcl
en,en
n,nx
er,ih
k,k
p,p
iy,iy
aa,aa
kcl,kcl
eh,eh
z,z
en,l
ae,ae
g,dh
eh,eh
ey,ey
z,s
t,t
kcl,kcl
q,q
ow,ah
en,dcl
ix,ix
p,p
f,f
v,pcl
axr,eh
s,s
n,tcl
k,k
kcl,kcl
l,ax
s,s
ay,ay
el,el
kcl,tcl
aa,aa
ix,ix
q,q
dh,dh
dh,l
q,q
ey,ey
y,y
z,z
n,m
v,v
pcl,pcl
dx,dx
s,sh
l,ao
ix,iy
iy,iy
iy,iy
tcl,tcl
tcl,tcl
k,k
ax,ax
bcl,bcl
n,n
ix,ix
hh,q
w,w
dcl,gcl
z,z
t,d
dcl,bcl
dcl,dx
ux,ix
dx,dx
jh,jh
r,r
ah,eh
tcl,tcl
dx,dx
n,n
tcl,q
ay,ay
p,p
dcl,tcl
th,th
l,l
s,s
aa,ay
er,er
gcl,gcl
sh,sh
q,q
ae,ae
aa,aa
ah,eh
ax,ax
f,tcl
th,th
r,r
iy,iy
eh,eh
g,g
ah,ah
gcl,dcl
z,z
r,r
r,r
jh,jh
v,r
gcl,gcl
r,r
tcl,tcl
tcl,tcl
ao,ao
s,s
tcl,tcl
iy,iy
aw,eh
uh,ix
ng,ng
ax,ax
v,w
l,w
eh,ix
ux,ix
iy,iy
m,m
aa,aa
dcl,dcl
iy,ix
l,ay
ix,ih
ih,ix
k,k
kcl,tcl
eh,eh
axr,er
l,l
ih,ix
ey,ey
z,z
pcl,tcl
k,k
t,t
tcl,tcl
kcl,gcl
p,p
l,w
kcl,kcl
iy,iy
z,z
l,l
iy,iy
w,w
z,z
eh,eh
l,l
tcl,tcl
ae,eh
ey,ey
s,sh
iy,iy
pcl,kcl
r,r
ng,ng
v,n
t,t
l,ax
v,v
ao,ao
ih,ix
dcl,pcl
oy,oy
q,q
n,kcl
ae,eh
r,r
k,k
eh,eh
t,t
g,g
em,bcl
g,g
ah,aa
kcl,pcl
kcl,kcl
w,w
dx,gcl
z,z
l,ax
s,z
uh,uh
ow,eh
uh,ax
r,r
iy,iy
n,n
aa,aa
r,r
ey,iy
n,n
axr,axr
ay,ay
m,m
n,r
aw,aw
ae,ae
iy,y
n,n
kcl,tcl
ao,ao
kcl,kcl
tcl,tcl
ay,ay
kcl,kcl
l,w
ix,ix
ih,ih
tcl,tcl
s,s
ux,ux
axr,er
n,m
n,ng
hh,v
hv,hh
er,er
dcl,gcl
ey,ey
eh,eh
p,p
tcl,q
ix,ix
tcl,q
tcl,tcl
ey,ix
axr,w
jh,jh
p,p
r,r
w,w
t,tcl
sh,sh
n,n
z,z
ow,ow
el,el
iy,iy
iy,iy
s,s
bcl,m
ae,ae
tcl,tcl
kcl,kcl
t,t
r,r
s,t
dh,nx
ow,ow
iy,iy
ax,ix
k,k
hh,hh
r,ax
sh,sh
sh,sh
ux,uh
l,l
q,q
f,f
m,m
ux,ux
v,v
sh,sh
t,t
l,l
eh,ae
iy,iy
z,s
l,ax
er,er
ax,ax
t,t
m,n
ax,ax
dcl,dcl
aa,aa
l,l
s,s
ih,ih
eh,ae
ah,ah
ix,ix
z,z
g,g
eh,ay
axr,axr
z,z
s,s
d,d
s,s
axr,axr
l,l
dcl,dcl
n,n
tcl,tcl
ey,ey
t,dh
en,en
ay,ay
axr,axr
iy,iy
k,k
ae,ae
kcl,kcl
n,n
k,t
iy,iy
jh,jh
ay,ay
iy,iy
ih,ix
n,n
w,w
w,w
hh,hh
t,t
k,k
gcl,tcl
ix,ix
ao,ao
kcl,tcl
ao,ao
axr,axr
r,r
ih,ih
kcl,tcl
ax,ax
gcl,tcl
t,z
r,r
q,q
y,y
iy,iy
jh,z
g,g
oy,oy
z,z
r,r
r,r
pcl,kcl
aa,aa
l,l
gcl,n
nx,nx
iy,ix
ae,eh
ow,ow
axr,er
l,l
dcl,g
ix,ix
er,er
n,n
m,m
w,w
tcl,m
kcl,kcl
eh,ih
n,n
ax,ax
y,y
axr,axr
r,axr
n,n
dx,dx
z,s
s,s
ey,ey
q,ax
r,r
dcl,n
hh,hv
iy,iy
m,m
ix,ax
bcl,dcl
v,v
dcl,tcl
oy,oy
s,s
er,er
eh,eh
ow,ow
ey,iy
l,l
f,f
z,z
tcl,tcl
iy,iy
m,n
ah,eh
kcl,tcl
dx,dx
s,s
n,ng
l,l
sh,sh
s,s
v,v
r,r
tcl,kcl
s,s
k,k
l,l
k,k
aa,ao
ah,eh
t,t
ix,ix
sh,f
en,n
gcl,tcl
uh,ow
ix,ix
ay,ay
tcl,tcl
t,t
dh,b
w,w
r,r
kcl,kcl
l,l
pcl,ax-h
tcl,tcl
uw,w
iy,iy
ao,ao
kcl,kcl
z,s
ow,ow
ix,ix
z,z
m,n
ah,ah
kcl,kcl
er,er
bcl,bcl
k,k
n,m
hh,hh
l,l
ch,ch
t,t
l,ax
kcl,kcl
eh,eh
dcl,bcl
s,z
ae,eh
ax,uh
ih,ih
ah,aa
n,n
g,g
r,r
hv,hv
dcl,gcl
iy,iy
s,s
ix,ix
m,n
dcl,dx
dx,p
ix,ax
en,en
t,t
r,r
s,s
eh,eh
s,s
ix,ix
ax,ax
ih,ih
jh,jh
kcl,kcl
gcl,gcl
ah,eh
ae,ae
sh,jh
l,dh
s,s
m,m
w,w
n,n
kcl,kcl
eh,ih
hh,p
iy,iy
bcl,bcl
ih,eh
k,k
ix,ix
v,ax
ax,ix
s,z
g,d
aa,aa
m,n
dh,t
dx,dx
ao,ao
s,s
dcl,tcl
aa,ao
eh,axr
hh,q
p,p
m,m
dcl,gcl
ix,ix
ix,ix
k,k
s,s
iy,iy
v,v
ax,r
hv,hv
kcl,kcl
y,y
iy,iy
f,f
q,q
ax,ix
r,r
iy,iy
s,s
s,s
m,v
iy,iy
dx,dx
s,s
iy,iy
z,z
w,w
r,r
ay,ay
eh,eh
s,s
z,z
dcl,tcl
r,r
ix,ix
en,n
pcl,tcl
axr,er
l,l
ix,ix
jh,jh
ng,n
nx,n
ey,ey
k,k
ae,ay
n,n
kcl,kcl
bcl,bcl
bcl,gcl
ow,ow
s,s
uw,eh
iy,iy
p,p
r,ax
aa,aa
q,q
ih,ih
q,q
eh,eh
gcl,dcl
s,s
hv,hv
z,z
s,s
er,axr
ix,ix
s,s
iy,iy
q,ix
q,q
ow,ao
sh,sh
r,r
dh,t
k,s
eh,eh
uw,ux
kcl,tcl
ng,n
hh,hh
f,f
bcl,tcl
sh,sh
l,l
ey,ey
nx,nx
n,n
ao,aa
gcl,v
ah,r
jh,ch
w,w
ix,ix
bcl,bcl
v,uh
s,s
n,n
ao,ao
uh,uh
l,l
kcl,tcl
ax,ax
tcl,tcl
r,r
n,n
n,n
ey,ey
kcl,kcl
r,ax
eh,eh
y,iy
z,z
ao,ao
dh,dh
ih,eh
k,g
eh,eh
ix,ix
ix,ix
z,z
t,t
ax,ix
z,z
iy,iy
z,z
l,l
er,axr
iy,iy
t,t
s,s
r,r
s,s
ao,ao
dcl,tcl
axr,ix
m,ng
m,m
dcl,dcl
ix,ix
kcl,kcl
ix,ix
t,d
aw,ow
ux,ux
eh,r
aw,aa
d,t
bcl,bcl
ix,ix
ih,ih
ax,ax
ix,ix
r,r
r,er
aa,aa
ix,ix
r,r
n,n
ao,ao
m,n
z,s
ix,ix
z,z
kcl,tcl
s,s
ao,ao
tcl,tcl
er,er
ah,ax
ae,ae
k,k
dcl,tcl
tcl,t
f,f
tcl,ix
s,s
th,t
pcl,pcl
ah,ah
dcl,bcl
ix,iy
dx,dx
gcl,gcl
l,ao
l,w
sh,sh
k,k
bcl,bcl
l,m
z,s
y,iy
p,p
r,r
t,t
ih,eh
uh,eh
gcl,gcl
r,r
n,n
kcl,tcl
kcl,tcl
ih,ix
ow,l
kcl,kcl
n,n
l,l
ix,ix
pcl,tcl
ih,eh
tcl,tcl
pcl,tcl
aa,ay
ng,m
ao,ao
y,y
jh,ch
dcl,bcl
axr,er
dx,dx
q,q
aa,aa
ux,ux
iy,iy
iy,iy
ix,ix
n,n
ix,ix
n,n
ax,ax
ow,ow
f,f
iy,iy
n,n
m,m
s,z
tcl,tcl
eh,eh
tcl,kcl
sh,sh
ao,ao
em,m
ix,eh
axr,axr
sh,sh
s,s
r,r
uh,ih
z,z
z,z
dcl,tcl
pcl,tcl
bcl,tcl
kcl,tcl
hv,hv
r,r
dh,z
ih,ih
l,l
axr,axr
sh,sh
l,w
ix,ix
ih,ey
ix,ih
l,ax
ih,eh
pcl,pcl
y,y
ax,q
s,s
aa,ao
m,n
dcl,dcl
eh,eh
eh,eh
gcl,gcl
n,n
iy,ih
axr,axr
n,n
ax,ax
tcl,tcl
s,s
tcl,tcl
iy,iy
n,ng
ah,ah
g,k
k,k
dcl,gcl
ix,ix
el,axr
s,s
q,q
dcl,dcl
z,jh
m,m
r,r
n,en
ax,uh
k,k
ng,ng
axr,r
n,n
m,m
p,hh
m,m
ay,ay
ix,q
ao,ao
r,r
gcl,gcl
kcl,gcl
gcl,gcl
dx,dx
ao,ao
q,q
p,p
m,m
axr,axr
iy,iy
axr,axr
axr,er
s,s
aa,ao
ix,ix
f,f
k,p
dcl,dcl
gcl,gcl
kcl,kcl
bcl,bcl
ey,ey
eh,eh
ao,oy
iy,iy
ix,iy
ah,ah
l,l
r,r
q,q
n,n
jh,jh
t,t
l,l
jh,jh
n,ix
w,w
iy,iy
dh,dh
ix,ix
f,v
l,l
ah,ah
l,l
r,r
ux,ux
tcl,tcl
ix,ix
w,w
pcl,tcl
ux,ux
p,p
f,f
n,ix
hh,hh
kcl,kcl
iy,ey
m,m
z,s
ix,ix
s,s
r,r
tcl,tcl
dh,hh
dcl,dx
gcl,ix
tcl,v
r,r
ao,ao
ix,ix
eh,eh
l,l
ax,ix
hh,hh
n,n
ih,ih
w,w
s,s
kcl,tcl
r,r
aa,aa
t,t
q,q
ae,ih
dx,kcl
q,q
ey,ey
kcl,kcl
ao,aa
sh,s
ow,ow
pcl,pcl
zh,sh
ow,ow
r,r
ux,ux
kcl,kcl
iy,iy
uw,uw
eh,eh
p,p
ax,ax
ax,ax
aa,aa
er,r
y,y
r,r
iy,ix
ey,ey
ey,ey
n,n
pcl,tcl
iy,iy
bcl,bcl
r,r
s,s
kcl,kcl
t,t
l,ax
pcl,pcl
ae,ae
t,t
s,s
gcl,gcl
dx,dx
iy,iy
pcl,pcl
en,en
axr,axr
oy,ey
ow,ux
ao,ao
g,tcl
ix,ix
n,n
bcl,bcl
p,p
ih,ix
pcl,tcl
f,f
s,s
iy,ey
z,z
d,t
l,l
dcl,dx
t,t
ix,ix
ax,ax
z,z
bcl,bcl
ey,ey
eh,eh
w,w
iy,iy
ih,ih
ix,ix
iy,ih
ah,ah
q,l
ae,ae
s,sh
r,r
k,k
eh,r
q,q
ao,ao
pcl,tcl
sh,sh
ay,ay
y,y
r,r
t,t
r,ao
dcl,dcl
ch,ch
ix,ix
aa,aa
eh,eh
iy,iy
ix,ix
q,q
ao,ao
t,t
pcl,kcl
ax,ax
r,r
ng,n
ix,ix
jh,jh
tcl,tcl
ax,ix
dh,dh
m,m
sh,sh
n,m
iy,ix
axr,ix
l,el
s,s
s,z
ay,ay
oy,ao
tcl,tcl
dx,g
ae,eh
ih,eh
ux,uh
ix,ih
r,r
ih,ih
nx,nx
ax,ix
iy,iy
ao,ao
n,n
k,k
n,n
ae,ae
ah,ah
k,k
n,n
k,k
nx,nx
ey,ey
n,n
eh,eh
n,n
s,s
r,aa
ih,ih
r,r
ax,ix
n,n
ax,ix
s,s
ao,axr
s,tcl
ix,ih
iy,iy
m,m
ae,eh
p,p
k,k
ey,ey
s,s
axr,er
q,q
z,z
ao,ao
w,v
l,l
t,t
dh,dh
ux,ih
tcl,tcl
sh,sh
iy,y
ow,ow
hv,hv
en,en
p,p
kcl,kcl
m,m
iy,iy
t,t
er,axr
z,s
ah,ix
t,t
s,s
ax-h,kcl
n,m
ay,ay
ih,ih
ow,ow
iy,iy
p,p
k,kcl
uw,w
dcl,tcl
l,l
n,n
dh,dh
ax,ix
ae,eh
tcl,tcl
iy,iy
iy,ix
ix,ix
f,f
kcl,tcl
w,ao
r,r
tcl,tcl
y,y
ah,ix
l,l
kcl,tcl
pcl,tcl
k,kcl
oy,oy
tcl,pcl
q,q
ix,ix
ax,ax
aa,aa
r,ix
ih,ih
er,er
ih,ix
dh,f
w,w
ix,ix
p,p
hh,hh
z,z
dh,dh
v,v
w,w
w,w
k,hh
ax,ax
ih,eh
f,f
p,b
r,r
iy,iy
ax,ix
l,eh
y,y
k,k
iy,ix
axr,er
axr,axr
w,v
kcl,kcl
l,el
iy,iy
axr,axr
sh,sh
kcl,kcl
ow,ow
f,t
ih,ih
el,l
n,n
t,t
pcl,gcl
dh,dh
m,m
ae,ae
dx,d
s,s
t,t
ey,ae
s,s
ix,ix
gcl,gcl
l,l
s,z
dcl,dcl
jh,jh
g,g
l,l
ow,ah
ux,ux
v,v
kcl,kcl
dx,dx
ae,ae
ah,ah
r,r
t,t
m,m
iy,iy
l,l
t,k
nx,n
ay,ae
r,r
ng,n
s,s
ih,ix
tcl,tcl
kcl,kcl
ax,ax
l,ix
ih,ix
aa,ay
z,s
ow,l
l,w
bcl,dcl
ah,eh
w,w
dx,d
p,p
q,ay
pcl,tcl
jh,jh
ae,ae
iy,iy
ix,ix
n,n
gcl,n
l,ax
zh,zh
k,k
s,s
tcl,kcl
ix,ix
ow,ow
ih,ih
l,l
z,z
ow,ow
axr,uh
k,k
dcl,tcl
em,m
r,r
kcl,kcl
ng,m
r,r
ih,ih
dh,ix
r,r
r,r
iy,eh
aa,ao
n,n
kcl,tcl
el,el
ah,ah
dx,dx
ix,ix
axr,axr
m,m
t,t
ix,ix
t,t
r,r
w,w
uh,ax
s,s
v,v
ih,ih
dcl,v
s,s
ix,ax
d,jh
s,s
eh,eh
q,q
tcl,tcl
uh,ah
p,p
m,m
ax,l
g,g
l,l
ix,ix
tcl,q
f,f
y,y
t,t
ih,ih
ow,ow
ow,ow
ih,eh
pcl,pcl
tcl,tcl
l,l
ao,ao
s,sh
w,ux
ix,ix
t,t
pcl,tcl
r,r
jh,jh
aa,ay
dcl,pcl
ao,ao
dx,dx
ao,ao
q,q
m,n
y,y
w,w
k,k
s,s
ae,ae
axr,ix
s,s
ae,ae
tcl,tcl
sh,sh
n,nx
ow,ow
dcl,dcl
r,r
l,w
r,r
l,l
q,q
iy,ey
ix,ih
ay,ey
l,l
ow,ow
m,tcl
tcl,tcl
v,v
dcl,n
ix,ix
n,n
dx,dx
r,eh
d,t
f,f
iy,iy
q,q
s,s
iy,iy
ix,ix
w,w
ng,ng
s,z
ao,ao
r,r
hh,hv
jh,jh
r,r
l,l
kcl,kcl
g,g
zh,jh
t,tcl
n,l
s,s
ay,ah
m,m
sh,sh
iy,iy
p,b
ey,r
w,w
aa,aa
ax,ix
y,ix
ax,ix
w,w
ae,ay
ay,aa
ih,ix
ix,ix
jh,ch
dh,dh
er,er
k,tcl
m,m
w,w
pcl,pcl
axr,eh
ix,axr
t,t
m,m
pcl,tcl
dx,dx
v,bcl
d,t
s,s
tcl,tcl
l,l
nx,n
tcl,tcl
dh,n
iy,y
ax,ax
v,tcl
tcl,pcl
ix,ix
y,y
v,dh
kcl,kcl
hh,hh
k,k
z,z
s,s
ax,ax
w,w
k,k
el,el
ih,ih
s,s
y,y
m,m
ae,ae
ng,ng
ux,ux
iy,ix
aa,aa
l,l
kcl,kcl
ix,ix
er,er
q,q
n,n
ng,ng
ax,ax
s,s
ch,ch
aw,aw
n,n
axr,axr
hv,dx
s,s
s,s
bcl,dcl
pcl,tcl
ix,ix
uw,w
bcl,bcl
n,n
l,l
dx,dx
m,m
n,n
en,n
l,w
l,ao
m,m
aa,aa
r,r
tcl,tcl
uh,ah
pcl,tcl
m,m
ay,ay
iy,iy
ao,aa
r,r
ah,aa
ix,ix
m,m
oy,oy
en,ax
s,s
er,axr
dcl,dcl
ix,ax
y,y
n,n
sh,sh
t,g
ao,aa
gcl,tcl
f,f
p,k
aa,aa
ch,ch
axr,r
eh,eh
ah,ah
ay,ay
ch,jh
r,axr
ix,ix
ow,l
eh,eh
kcl,kcl
k,k
y,iy
t,t
ax,ax
jh,ch
ae,ae
hh,hh
oy,oy
tcl,kcl
aw,aw
s,s
eh,eh
nx,nx
y,ih
ix,ix
ao,ao
k,t
sh,sh
r,r
r,ax
er,r
gcl,tcl
er,er
aa,aa
ax,ax
gcl,gcl
ux,ux
q,q
ix,ix
iy,iy
l,l
p,p
aa,eh
th,th
tcl,kcl
t,ax-h
ih,er
gcl,gcl
dcl,tcl
ax,l
q,q
z,z
axr,axr
kcl,kcl
r,r
iy,iy
aa,aa
r,r
iy,iy
kcl,kcl
t,t
ey,ix
aa,aa
dcl,dcl
l,l
z,s
p,p
ow,ow
t,t
k,k
aa,ao
eh,eh
dh,dh
tcl,tcl
ow,ow
en,en
ix,hv
iy,iy
ow,ao
ax,r
ih,ih
ax,ax
gcl,tcl
n,n
r,eh
tcl,tcl
r,dx
bcl,bcl
kcl,tcl
eh,eh
w,w
q,q
pcl,tcl
axr,r
z,s
s,s
ix,ix
ux,axr
l,l
ow,ow
k,g
l,l
er,er
d,d
ix,ix
er,axr
aw,ae
k,k
aa,aa
ng,ng
l,w
q,q
dh,p
l,l
ow,ow
uh,ux
er,r
uh,uh
n,n
axr,axr
bcl,bcl
ix,ix
eh,ix
pcl,pcl
l,l
dx,dx
s,s
tcl,kcl
kcl,tcl
m,m
jh,jh
ix,y
ix,ix
ah,ah
z,z
s,s
tcl,tcl
tcl,tcl
ih,ey
ae,eh
tcl,tcl
th,th
ey,ey
iy,iy
eh,ix
kcl,kcl
q,q
sh,sh
t,t
ix,ix
dx,n
ng,n
tcl,tcl
m,m
kcl,kcl
r,r
l,ax
en,ng
aa,aa
ey,ey
aa,ao
ng,n
nx,ix
eh,eh
r,r
ix,ix
iy,iy
ih,eh
gcl,kcl
kcl,kcl
l,l
ae,eh
dh,dh
gcl,r
dcl,dcl
s,s
gcl,gcl
axr,axr
n,n
ih,ax
eh,eh
en,en
axr,axr
y,ux
iy,iy
eh,eh
g,l
sh,sh
w,w
bcl,tcl
t,t
kcl,kcl
f,f
t,t
dcl,tcl
ch,sh
t,jh
k,k
uh,ax
s,s
v,v
s,s
f,f
ae,ae
eh,eh
ey,iy
r,r
ao,ao
ah,ah
aa,aa
tcl,tcl
ax,ix
n,m
w,w
axr,axr
ae,ay
ao,ao
ay,ay
aa,ay
bcl,dcl
p,p
l,l
tcl,tcl
s,f
kcl,kcl
ae,ae
ao,ao
ay,ay
s,s
ae,ay
ih,ix
ao,ao
ax,ax
v,v
tcl,kcl
er,axr
axr,axr
ey,ey
ix,ix
iy,iy
kcl,tcl
ix,ix
iy,iy
sh,sh
bcl,bcl
sh,sh
ax,ix
ae,ae
w,w
ah,eh
iy,iy
q,q
iy,ey
ow,ow
r,r
gcl,gcl
ae,ae
en,en
tcl,tcl
b,el
ae,eh
dx,dx
tcl,tcl
iy,ux
tcl,tcl
ix,ix
ix,ix
ax,ix
ih,ih
s,s
dcl,kcl
k,k
ix,ix
l,l
ix,iy
z,z
kcl,kcl
ng,ng
ao,aa
ux,iy
w,w
t,b
r,r
k,k
m,m
ey,ey
tcl,q
ao,ao
ey,ey
kcl,tcl
s,z
m,m
ix,ix
r,r
v,v
w,w
pcl,pcl
ah,ah
l,l
er,axr
sh,sh
ah,eh
dcl,dcl
n,n
k,k
s,s
r,r
ah,l
gcl,dx
axr,axr
ay,ay
s,s
kcl,tcl
g,g
el,el
v,v
dh,dh
l,r
ih,ih
tcl,tcl
t,t
ax,ah
s,sh
axr,axr
pcl,kcl
f,f
b,tcl
t,t
n,n
d,t
axr,axr
l,l
s,s
iy,iy
eh,eh
ix,ix
ix,ix
k,k
ae,ae
ix,ix
jh,jh
dcl,dcl
ah,ah
p,p
t,t
r,r
r,r
r,r
s,s
t,b
eh,eh
ao,ao
ae,eh
sh,sh
n,n
ao,aa
en,en
aw,eh
tcl,tcl
k,k
ix,eh
tcl,tcl
ix,ix
l,ao
p,p
ix,ix
q,q
ax,ix
eh,ey
ih,ih
eh,ih
ow,el
ay,ay
iy,iy
s,s
ng,ng
ow,ow
v,ix
r,r
iy,iy
axr,axr
m,n
f,f
ix,ih
t,t
tcl,pcl
b,b
ey,ey
eh,eh
dcl,v
ey,ey
iy,eh
l,l
m,m
ix,ix
dcl,dcl
q,q
ao,ao
pcl,kcl
ao,ao
g,k
n,k
ah,ah
tcl,tcl
axr,er
hh,hh
uw,uw
iy,iy
ax,eh
n,m
p,p
r,r
s,z
k,k
m,ng
en,n
s,z
jh,ch
axr,w
eh,eh
p,p
q,ix
eh,eh
ao,ao
tcl,tcl
dcl,tcl
m,gcl
t,t
r,ix
ey,ey
ux,ux
r,r
ih,ih
s,s
ax,ah
axr,r
sh,s
z,z
n,n
n,n
l,el
kcl,kcl
n,n
kcl,kcl
axr,axr
ih,ih
th,ix
dcl,gcl
q,q
dx,ax
n,n
ih,ih
pcl,pcl
dcl,dcl
ao,ao
er,er
aa,er
tcl,tcl
ix,ix
k,k
z,z
pcl,tcl
l,ax
eh,eh
k,k
ih,ix
dcl,tcl
eh,ix
ih,ih
w,w
ih,ix
r,r
ax,ax
aa,aa
z,z
ey,iy
n,n
m,m
tcl,tcl
m,r
p,p
p,p
ao,r
pcl,kcl
axr,er
w,w
t,t
s,s
pcl,tcl
s,s
axr,r
aa,aa
sh,sh
t,t
r,r
ah,ax
r,r
r,r
s,s
kcl,kcl
n,ix
pcl,pcl
ax-h,m
dcl,dcl
iy,iy
w,w
r,r
g,g
ao,ao
n,n
f,f
v,v
t,t
t,t
s,s
kcl,kcl
ao,ao
iy,iy
ae,ae
iy,iy
iy,iy
dh,dh
b,hh
q,q
q,q
r,r
t,t
ow,ow
kcl,kcl
tcl,kcl
ih,ih
kcl,k
f,f
axr,axr
kcl,kcl
ah,ah
kcl,kcl
axr,axr
p,hh
l,el
oy,oy
m,m
f,f
kcl,kcl
r,r
ch,ch
kcl,kcl
dcl,bcl
r,er
dx,dx
l,l
t,t
aa,aa
hh,hh
ih,ih
bcl,tcl
pcl,pcl
q,q
l,l
ey,ey
iy,iy
s,z
r,r
eh,eh
aw,ae
r,r
z,z
ix,ax
ao,ao
dcl,bcl
eh,ax
dh,dh
l,l
kcl,kcl
p,p
f,f
v,v
t,g
l,ax
r,r
hv,w
n,n
ng,ng
kcl,kcl
y,y
dh,m
ah,ah
r,r
ae,ae
jh,jh
g,g
l,l
r,r
iy,iy
ow,ow
g,g
ih,ih
s,s
tcl,axr
ah,aa
tcl,tcl
g,g
l,l
n,n
axr,axr
t,t
s,s
r,r
m,m
dcl,tcl
ng,ng
nx,ix
ow,el
ix,ix
k,k
l,l
l,l
l,l
sh,sh
pcl,kcl
ix,ix
q,q
ih,ix
tcl,tcl
w,w
dh,dh
t,t
p,p
eh,ah
q,q
th,t
ae,ae
ow,ow
ah,ah
en,en
ix,uw
t,t
iy,iy
ao,oy
aa,ae
p,p
n,n
iy,iy
dcl,n
ix,ix
ow,ow
v,v
dh,dx
sh,sh
m,m
r,r
sh,sh
iy,iy
m,m
l,l
kcl,kcl
f,f
tcl,tcl
axr,axr
eh,eh
ah,ah
f,f
ah,aa
f,s
q,ix
s,s
s,s
p,p
k,kcl
iy,iy
aw,aw
r,r
kcl,kcl
ow,ow
ow,ow
q,w
tcl,pcl
iy,iy
n,n
ix,ix
n,ng
dx,dx
axr,axr
eh,eh
l,l
er,r
k,k
t,t
t,t
ih,ix
kcl,kcl
th,t
ax,ax
y,iy
ax,l
ix,ix
er,er
er,er
ix,ih
ow,ow
s,s
dcl,hh
z,z
ae,ae
m,m
z,z
ix,ax
iy,ey
iy,ix
d,t
n,n
eh,ae
w,w
ih,ix
iy,iy
l,l
ix,ix
ae,eh
axr,axr
r,r
y,ix
axr,axr
kcl,kcl
ux,ux
n,n
kcl,kcl
axr,er
em,m
s,s
dcl,l
s,sh
kcl,tcl
ao,axr
dh,dh
z,z
ae,ae
n,n
ae,eh
l,ao
m,m
eh,oy
nx,n
ix,iy
s,s
tcl,kcl
uw,uw
g,g
y,iy
s,s
l,w
ix,ix
kcl,kcl
q,q
er,axr
gcl,gcl
dcl,tcl
k,k
dx,ix
ey,ey
z,z
s,s
ae,ae
ax,ah
f,f
kcl,kcl
ae,ae
r,r
l,l
en,ix
z,z
q,q
ay,ay
iy,iy
t,t
kcl,tcl
ix,iy
ae,ae
iy,iy
tcl,tcl
ax,ax
ix,ix
ow,ow
iy,iy
y,y
ae,ae
iy,iy
hh,hh
aa,aa
q,ao
gcl,gcl
m,m
m,m
tcl,kcl
ux,ux
bcl,dh
dh,dh
f,f
ih,eh
aa,aa
k,k
z,z
l,l
m,m
sh,sh
ix,ix
ix,ix
ae,ey
r,r
aa,aa
axr,axr
eh,eh
y,ih
zh,jh
eh,ae
dh,ix
ae,ae
el,w
z,s
dcl,gcl
ux,ix
eh,eh
n,n
ix,ix
l,l
ix,ix
iy,iy
axr,er
ix,y
ax,ix
y,y
er,er
v,v
t,t
ih,ih
ih,ih
ux,iy
ax,ax
f,f
n,ng
pcl,kcl
kcl,kcl
ih,ih
iy,iy
z,z
m,m
gcl,n
iy,iy
ae,ae
n,n
t,t
hv,hv
m,m
eh,ix
z,z
s,s
ow,ow
ix,ix
z,z
iy,iy
ng,ng
hh,hh
f,f
ey,ey
iy,iy
jh,ch
q,q
ax,ax
m,m
ih,ix
s,s
ih,ax
eh,eh
r,r
n,n
s,s
y,y
ix,ix
hv,hv
aa,ao
r,r
y,y
k,k
th,f
ax,ax
w,q
axr,axr
hh,hh
s,s
r,r
r,r
ix,ix
ow,ow
ih,ix
w,w
q,q
r,r
ow,ax
n,n
v,v
dx,dx
tcl,tcl
ah,ah
th,th
r,er
er,eh
ow,ow
s,s
s,s
l,el
en,en
dx,dx
d,t
g,k
kcl,kcl
z,z
ay,ay
iy,ih
ax,ix
iy,iy
ey,ey
q,y
eh,ix
ax,ax
n,n
ae,ae
dx,y
dcl,dcl
t,t
dcl,tcl
tcl,tcl
ux,r
ih,ix
m,m
s,s
ey,ey
l,n
ih,ih
s,s
ix,y
l,ah
ih,iy
bcl,pcl
axr,axr
ix,ix
iy,iy
ae,ae
el,el
s,s
r,r
dcl,tcl
kcl,kcl
ih,ix
iy,iy
kcl,tcl
w,w
t,t
ay,ay
eh,eh
ah,eh
tcl,tcl
f,f
f,f
sh,sh
pcl,pcl
aa,l
kcl,kcl
l,l
er,axr
ae,ae
eh,ix
tcl,tcl
ae,ae
k,k
l,l
w,w
en,en
ax,ax
kcl,kcl
y,dx
ah,ae
t,t
d,jh
sh,sh
ih,ih
pcl,tcl
aa,ao
ih,ix
ih,ix
ay,ay
ey,ey
n,gcl
m,n
ix,ix
oy,oy
ao,ao
dx,n
ow,ow
ih,ey
ux,ih
tcl,tcl
tcl,tcl
ix,ih
s,z
axr,axr
q,q
ae,ae
dh,dh
m,w
nx,nx
ux,ix
dcl,kcl
dh,dh
s,s
ix,ax
ix,ix
ih,uh
ae,eh
n,n
ux,ux
ah,ah
l,n
z,z
kcl,tcl
s,s
ix,ix
p,p
w,w
el,el
ch,jh
s,s
sh,sh
ix,ix
pcl,kcl
ey,iy
aa,ah
s,s
eh,ax
eh,r
ey,ey
r,r
dcl,tcl
ae,ae
n,n
aa,ao
tcl,tcl
w,v
m,m
kcl,kcl
axr,axr
f,f
s,s
k,k
b,b
t,t
r,r
dh,dh
eh,eh
tcl,kcl
iy,iy
eh,eh
k,g
tcl,tcl
ix,ix
r,r
t,t
ix,ix
l,l
s,s
ey,ey
iy,iy
iy,ey
ao,ao
aa,aa
ah,ah
ix,ix
axr,axr
dcl,tcl
kcl,kcl
kcl,tcl
r,r
iy,iy
ih,ix
sh,sh
tcl,tcl
iy,r
r,r
v,v
iy,y
kcl,kcl
r,r
sh,sh
ih,ih
l,l
dx,dx
ae,ae
pcl,v
nx,nx
s,s
p,f
w,w
r,axr
q,q
m,m
ih,ih
r,r
m,m
n,n
gcl,bcl
n,n
n,n
f,f
v,v
iy,ey
iy,iy
s,s
f,f
s,s
ae,eh
n,n
iy,iy
aa,aw
ix,ih
tcl,tcl
iy,iy
s,s
dcl,m
hv,hv
iy,iy
ax,ax
ix,ix
t,t
l,l
hv,hv
l,ao
sh,sh
l,uh
f,v
nx,n
eh,eh
g,k
pcl,pcl
tcl,bcl
ix,n
s,s
r,r
er,r
dcl,bcl
l,l
dx,dx
eh,eh
s,s
iy,iy
th,dh
l,l
eh,eh
aa,aa
m,m
ng,m
bcl,bcl
nx,nx
ix,ix
n,n
r,r
s,s
f,f
ey,ey
t,t
ey,iy
l,el
tcl,q
kcl,kcl
dh,dh
ow,ao
s,s
k,k
w,w
dcl,dcl
kcl,kcl
n,n
q,q
ow,ow
z,z
ey,ey
z,s
tcl,tcl
ng,n
l,ow
aa,aa
iy,iy
ae,ae
sh,sh
r,v
en,en
axr,axr
ax,el
ix,ix
ao,el
pcl,tcl
ix,ix
l,l
ow,ow
ao,ao
ah,ah
tcl,tcl
s,s
dx,dh
dx,dx
n,n
ix,ix
dx,dx
tcl,tcl
r,r
ih,ux
ae,ae
bcl,tcl
kcl,tcl
f,f
axr,er
sh,s
ae,eh
n,n
r,r
ao,ao
r,r
dcl,tcl
ah,eh
aa,ao
f,f
iy,y
iy,iy
gcl,gcl
pcl,tcl
s,s
n,n
ng,n
ix,ix
q,q
g,g
ax,ax
k,k
w,w
r,r
p,p
eh,ih
ay,ay
iy,iy
k,k
iy,iy
eh,eh
v,v
tcl,tcl
kcl,kcl
d,t
el,ax
t,t
q,q
q,hh
ih,ih
n,n
k,k
w,w
kcl,tcl
p,p
ao,ao
aa,aa
k,k
ih,ix
iy,iy
ay,aa
k,g
k,k
r,axr
dh,dh
iy,iy
f,th
p,v
k,k
er,er
ix,ix
g,g
l,l
ih,ax
p,p
ao,axr
dh,t
g,g
ah,ah
ao,ao
t,d
t,t
f,f
ix,iy
p,p
kcl,kcl
hv,hv
m,ix
th,th
ah,ah
dcl,tcl
t,t
tcl,kcl
dx,dx
axr,r
dcl,gcl
ih,ih
m,m
ih,ix
dcl,dcl
n,n
eh,eh
er,er
g,g
tcl,dcl
uh,ax
ix,iy
ao,aa
s,s
l,w
m,m
l,w
ay,ay
v,bcl
ay,aa
s,s
tcl,kcl
ow,ow
ae,eh
sh,sh
pcl,pcl
s,s
w,w
k,k
ao,ao
l,l
r,r
er,er
s,z
ao,ao
tcl,tcl
w,w
dx,n
ay,ay
k,k
s,s
iy,iy
ix,ax
m,m
tcl,dx
sh,sh
ih,ix
ow,ow
n,n
eh,eh
dh,dh
bcl,dcl
tcl,tcl
ax-h,ix
axr,axr
dh,ax
axr,axr
n,ix
k,k
iy,iy
z,z
ix,ix
d,dh
ng,n
n,n
r,r
pcl,q
iy,ix
n,n
dcl,bcl
s,s
n,n
bcl,bcl
iy,iy
ae,ae
eh,ix
ch,sh
z,z
p,p
tcl,tcl
ae,ae
ux,iy
dh,w
t,jh
ix,ix
kcl,kcl
kcl,kcl
ay,ay
uw,uh
dx,dx
n,n
ix,v
s,s
m,n
v,dx
dcl,tcl
jh,jh
ow,ow
k,k
kcl,gcl
aa,aa
dh,t
iy,iy
bcl,bcl
n,n
ah,ax
aa,aa
ay,ay
k,hh
sh,sh
w,w
s,s
ae,ae
dx,nx
z,z
eh,eh
ao,aa
n,m
ix,ix
q,tcl
ah,aa
n,tcl
n,ng
axr,axr
axr,axr
aa,aa
sh,sh
t,t
gcl,tcl
l,l
iy,iy
oy,oy
l,m
ae,ah
ix,ix
ae,ae
q,q
dcl,bcl
s,s
w,w
ux,ux
t,t
q,axr
k,k
y,y
gcl,gcl
q,q
kcl,kcl
ey,ey
iy,iy
s,s
r,oy
k,k
pcl,pcl
kcl,tcl
ix,iy
n,ax
nx,nx
l,r
l,l
ih,ih
t,t
p,k
z,z
kcl,kcl
ax,ix
el,el
uh,axr
tcl,tcl
ix,ix
iy,ey
s,t
k,k
dx,dx
hv,hv
aa,r
dh,dh
l,l
w,w
tcl,dcl
er,axr
r,axr
ax,l
ah,eh
ih,eh
ax,ih
aa,aa
th,th
m,m
uw,ux
z,z
bcl,bcl
p,p
axr,r
uw,uw
sh,sh
iy,iy
kcl,kcl
s,s
ay,ay
iy,iy
tcl,tcl
eh,eh
t,t
dh,m
dx,dx
dcl,dx
kcl,kcl
axr,axr
ix,ix
ao,ao
q,q
r,r
aa,aa
ix,nx
ae,eh
tcl,tcl
ih,er
f,f
hv,hv
n,r
ux,ih
l,el
z,s
th,th
s,s
r,r
k,k
el,el
l,ax
v,v
ax,ax
ah,eh
ax,axr
ux,ux
dcl,v
iy,ix
kcl,tcl
r,ax
axr,ix
n,n
q,q
l,l
l,l
ih,axr
k,k
dcl,tcl
ux,ix
ux,ux
dcl,dcl
ax,ix
jh,ch
iy,q
k,k
ey,ey
l,l
ix,ix
ao,ao
ey,ey
n,n
s,z
q,ix
l,ix
ae,ae
axr,axr
dcl,dcl
l,l
ix,iy
aa,ao
axr,ix
iy,iy
jh,jh
ih,ih
s,s
tcl,tcl
m,m
v,y
th,th
sh,sh
f,f
ih,ih
ax,ix
dcl,en
eh,eh
eh,eh
ch,s
bcl,dcl
s,s
kcl,kcl
ae,ae
axr,ix
v,v
t,t
tcl,tcl
f,f
m,ix
s,s
hh,hv
q,q
r,r
s,sh
dx,dx
s,s
aa,aa
f,f
ae,ey
p,p
bcl,bcl
ih,iy
pcl,tcl
hv,r
tcl,tcl
gcl,gcl
k,k
k,hh
ix,ix
g,g
ay,ay
dx,dx
eh,eh
ix,ix
k,k
dh,dh
r,iy
el,el
q,ao
ow,ow
aa,ao
n,n
p,p
dh,dh
kcl,kcl
dh,dh
kcl,kcl
n,n
w,w
hv,v
dcl,gcl
ey,eh
bcl,v
w,w
tcl,tcl
f,f
kcl,tcl
bcl,tcl
er,er
s,s
k,k
w,w
tcl,tcl
gcl,gcl
ix,ix
ao,w
aa,ao
tcl,tcl
n,n
q,q
ax,ax
ao,ay
v,v
iy,iy
l,l
r,r
dcl,gcl
z,z
dx,dx
n,n
th,dh
iy,iy
l,l
ax,ix
r,r
iy,iy
ax,ax
hv,hv
eh,eh
l,ax
axr,ix
dh,dh
t,t
n,n
iy,iy
ix,ix
l,l
y,y
tcl,tcl
dh,dh
s,s
k,k
ey,eh
t,t
th,th
ih,ih
l,l
ix,ix
l,l
z,z
ey,ey
kcl,tcl
ng,n
t,t
ax,ix
ux,ux
pcl,kcl
g,g
v,v
en,w
k,k
axr,r
l,q
gcl,gcl
z,v
ng,ng
hh,hh
l,l
gcl,gcl
ih,ix
ih,ih
tcl,tcl
ey,ey
ih,eh
pcl,tcl
ix,ih
kcl,kcl
f,th
ix,ix
bcl,bcl
n,n
ux,ux
t,t
er,eh
dh,dh
aa,aa
n,ix
q,q
k,k
kcl,kcl
p,p
pcl,tcl
z,z
n,m
t,t
l,l
d,g
s,s
ao,ao
iy,iy
n,n
en,en
k,k
iy,iy
uw,uw
en,en
ix,ix
s,s
s,s
s,s
n,n
ey,iy
k,k
er,er
n,n
ih,r
s,s
q,ih
n,n
ux,iy
ah,eh
ay,eh
ay,ah
q,q
q,q
v,tcl
f,f
el,el
ey,ey
k,g
dh,dh
n,nx
iy,y
aa,aa
t,t
ay,ay
tcl,tcl
l,l
iy,iy
iy,iy
ix,ix
ow,ow
ng,dx
y,y
n,m
axr,axr
ao,ao
y,y
iy,iy
er,er
s,z
ix,y
axr,tcl
l,l
ix,ix
ow,ow
r,axr
m,m
n,n
kcl,kcl
ix,ix
w,w
eh,ah
ax,ax
dcl,tcl
iy,iy
tcl,kcl
s,s
r,r
ih,ih
ay,ay
axr,axr
ux,ux
er,axr
l,l
ih,ix
ux,ux
bcl,bcl
kcl,kcl
ix,ix
ax,ax
r,r
em,m
ax,ax
dcl,dcl
dx,dx
ix,ix
s,z
t,t
dcl,dcl
r,r
tcl,tcl
kcl,kcl
ao,aa
er,er
v,v
ey,ey
hh,hh
hh,hh
el,ax
m,m
ah,ah
ay,ay
l,l
r,r
l,w
iy,iy
aa,aa
l,l
axr,eh
jh,ch
ae,ae
dcl,dcl
l,w
n,ix
ow,ow
bcl,bcl
ow,ao
r,r
iy,iy
axr,axr
t,t
t,t
kcl,kcl
kcl,kcl
pcl,tcl
iy,iy
kcl,kcl
z,s
sh,sh
ey,ey
p,p
er,er
ah,ah
iy,ix
ih,ih
n,n
ix,ih
w,w
tcl,tcl
ih,ih
nx,ix
ux,uw
n,ng
dcl,dcl
m,m
kcl,kcl
iy,iy
iy,iy
s,s
ey,ey
ng,n
ow,uw
s,s
dcl,n
n,n
w,w
dcl,tcl
t,t
l,l
iy,iy
r,ix
ng,ng
jh,jh
bcl,tcl
ae,ae
ch,ch
l,l
n,n
pcl,tcl
v,v
kcl,kcl
m,m
kcl,kcl
pcl,tcl
k,k
ih,iy
s,s
t,t
dcl,dcl
q,ao
iy,iy
ey,ey
sh,sh
t,t
gcl,gcl
ax,ax
m,m
ae,ae
ax,ax
aa,aa
hv,hv
ae,eh
dx,dx
aw,ay
n,n
f,f
ix,ix
sh,ch
hv,hv
eh,eh
ah,l
ao,aa
q,q
dh,dh
p,p
r,r
ih,ih
n,n
ix,ix
th,tcl
m,m
p,p
r,r
l,l
sh,sh
s,s
en,n
bcl,bcl
p,p
ix,ix
axr,axr
ng,ng
dcl,dcl
bcl,tcl
ax-h,ax
ix,r
iy,iy
dcl,gcl
bcl,bcl
t,t
r,r
ix,ix
m,m
ax,ax
ih,eh
axr,axr
iy,iy
kcl,kcl
ax,ax
m,m
tcl,gcl
dh,dh
axr,r
eh,eh
ih,ix
ax,ax
aa,aa
w,w
gcl,dcl
ux,ux
q,q
b,p
n,n
ix,ix
sh,sh
hv,hv
l,w
dh,dh
k,k
kcl,tcl
ux,ux
ch,ch
l,l
l,l
q,iy
k,k
l,l
er,er
ix,ax
ch,ch
aa,aa
kcl,kcl
r,r
tcl,tcl
axr,axr
g,k
ix,ix
tcl,tcl
ix,ix
aa,aw
ix,ey
iy,iy
sh,sh
d,kcl
pcl,pcl
m,n
n,n
eh,ah
ix,ix
iy,iy
n,n
axr,axr
eh,ah
l,l
dh,g
z,s
s,s
q,q
sh,sh
er,axr
ix,ix
em,m
dcl,gcl
sh,sh
kcl,tcl
aa,ay
axr,axr
s,s
n,n
n,n
kcl,kcl
t,d
l,l
t,d
bcl,bcl
ch,s
kcl,kcl
ng,n
l,l
el,el
l,w
ay,ay
dh,dh
r,r
m,n
q,q
oy,ey
ih,ih
gcl,kcl
l,l
axr,axr
m,m
f,f
kcl,kcl
gcl,tcl
dh,t
bcl,bcl
dh,dcl
k,k
pcl,tcl
r,r
dh,dh
z,z
ix,iy
ix,ix
axr,ih
r,r
ih,ux
m,m
z,z
ix,ix
s,t
r,r
pcl,kcl
n,n
tcl,tcl
ix,eh
kcl,tcl
s,s
kcl,kcl
l,l
aa,aa
k,k
ah,ah
en,en
gcl,tcl
ih,ih
dcl,dcl
sh,sh
gcl,tcl
q,q
sh,sh
iy,iy
iy,iy
l,w
z,z
axr,axr
k,k
kcl,tcl
sh,ch
n,n
r,r
p,p
ah,ix
r,q
er,er
ae,ae
q,q
tcl,kcl
aa,ao
ax,ax
k,tcl
s,s
l,l
jh,jh
gcl,gcl
ih,ih
dh,dh
eh,ih
pcl,tcl
el,el
bcl,dcl
k,k
k,g
ih,ix
ae,ae
gcl,n
el,l
iy,iy
z,z
axr,axr
dh,q
s,s
ix,eh
n,n
q,q
gcl,gcl
f,th
r,r
ae,ae
k,k
p,p
uw,axr
aa,aa
tcl,kcl
n,n
l,l
ng,n
ax,ax
kcl,tcl
ax,eh
l,l
iy,iy
y,y
r,er
n,n
n,n
sh,sh
ey,ey
l,l
hv,tcl
hv,hh
kcl,q
y,y
k,k
v,v
gcl,gcl
iy,iy
sh,sh
ax,ix
s,s
k,g
l,ao
ay,aa
aa,ay
dx,dx
ao,ao
ao,aa
s,s
ax,ax
pcl,tcl
jh,jh
w,w
dcl,dcl
axr,axr
axr,axr
p,p
ux,iy
v,r
dcl,dcl
ey,ey
s,s
l,ax
k,k
w,w
el,ow
ey,ey
w,w
q,r
eh,eh
ix,ix
y,ix
s,s
th,dh
f,f
pcl,pcl
dh,t
ih,ih
aa,aa
n,m
iy,iy
s,s
r,r
n,n
th,th
l,l
ax,ax
v,gcl
s,s
kcl,kcl
t,t
k,k
ix,ix
s,s
s,z
dh,v
eh,ah
ae,ae
axr,axr
axr,axr
k,k
ae,ae
w,w
ix,ix
l,l
tcl,kcl
hh,hh
ao,ao
l,ao
ae,ae
iy,iy
r,r
gcl,bcl
ih,ux
q,ax
n,n
p,p
iy,iy
w,w
ae,ae
ae,ae
ix,ix
l,l
r,r
r,r
hv,hv
ix,ix
l,l
kcl,kcl
w,w
axr,er
l,l
iy,ix
sh,sh
ah,ay
dcl,dcl
er,axr
jh,jh
eh,axr
ch,sh
r,r
s,s
dcl,gcl
kcl,kcl
n,n
tcl,tcl
q,q
eh,ih
d,t
ax,r
tcl,tcl
s,s
axr,axr
eh,ae
ah,ah
ae,eh
ow,ah
gcl,kcl
y,iy
ix,iy
ao,ao
kcl,kcl
l,l
n,n
t,t
el,el
l,r
dcl,tcl
l,l
f,p
el,el
oy,iy
ah,ae
iy,iy
hv,hv
ae,ae
ih,ix
ix,ix
dh,th
l,iy
l,l
l,l
r,r
th,dh
ay,ay
d,jh
sh,sh
tcl,kcl
q,q
en,gcl
t,t
pcl,tcl
bcl,gcl
ay,ay
ax,ah
ae,ae
eh,eh
ix,ix
p,p
ch,jh
ey,ey
l,l
sh,sh
iy,iy
ih,eh
tcl,kcl
y,y
aw,aw
ch,ch
w,w
dh,ax
ah,ay
ae,ae
aa,aa
dcl,gcl
l,q
l,l
ih,ix
z,z
kcl,gcl
ax,ax
s,t
w,w
l,l
ih,ih
th,dh
axr,r
ix,ix
m,m
dx,l
n,n
iy,ix
z,s
iy,iy
tcl,tcl
k,k
ae,eh
ix,ix
n,n
ey,ey
hh,hh
n,ng
er,r
ng,ng
r,r
b,b
tcl,tcl
gcl,gcl
nx,nx
ix,ix
aa,aa
sh,sh
hv,hv
ih,ix
s,s
s,s
dh,v
w,l
w,uw
z,z
ih,ih
r,r
eh,eh
dcl,dcl
l,w
sh,sh
s,s
ow,ow
dx,dx
dcl,dcl
ax,n
n,n
ih,ih
ix,ix
iy,iy
dh,p
dx,dx
pcl,tcl
r,er
t,t
th,s
iy,iy
er,er
dh,dh
ih,ix
kcl,kcl
ow,ow
s,s
ih,iy
ow,ow
kcl,kcl
hh,hh
m,n
z,s
q,q
s,s
n,n
ix,ix
ae,ae
axr,axr
s,s
ih,ih
s,s
l,l
kcl,kcl
em,m
hh,hh
n,iy
k,k
dcl,tcl
ah,ax
sh,sh
w,w
ah,ah
ae,eh
eh,eh
kcl,kcl
t,jh
s,s
ah,aa
w,w
kcl,kcl
kcl,kcl
l,l
el,ao
en,ix
y,y
kcl,tcl
y,y
ey,ey
er,er
n,n
em,en
k,k
s,s
sh,sh
dcl,tcl
iy,ih
kcl,tcl
r,r
r,r
axr,r
f,f
ax-h,ax-h
ao,aa
iy,iy
p,p
k,g
ae,ae
w,w
t,t
el,l
ix,ix
dcl,dcl
k,k
ae,ae
ax,ix
uw,w
th,th
l,w
pcl,kcl
s,s
ow,ax
er,er
k,k
jh,jh
ao,aa
ux,ux
l,l
ax,ix
dcl,gcl
ow,ow
oy,oy
n,m
gcl,gcl
z,z
eh,eh
w,ao
ix,ix
hh,hh
ix,ix
m,m
axr,axr
m,m
ao,ao
jh,jh
ao,ao
kcl,kcl
eh,eh
sh,sh
dcl,dcl
ow,ow
ow,ow
kcl,tcl
ih,ix
dcl,dh
axr,axr
ix,ix
m,m
l,l
k,k
gcl,gcl
ix,ix
pcl,gcl
q,q
ix,ix
iy,eh
eh,eh
ix,ix
uh,uh
l,l
aw,aw
p,p
z,z
ao,ao
ix,ix
l,ay
kcl,tcl
ey,iy
d,w
n,n
b,w
aa,aa
q,q
ax,ix
ix,ix
n,n
ao,ao
zh,z
n,n
r,r
hv,hv
er,er
r,r
sh,sh
w,w
dcl,dcl
m,m
y,y
m,n
t,dx
m,m
z,z
m,m
ao,ao
gcl,gcl
m,m
th,s
t,t
ae,ae
n,n
th,p
r,r
q,q
ax,ah
ix,ix
dcl,dx
ih,ix
l,ao
v,v
k,k
tcl,tcl
w,w
w,w
uh,ih
r,ix
bcl,bcl
dx,dx
tcl,tcl
n,ng
ix,ix
nx,ix
eh,eh
l,l
axr,r
l,l
kcl,kcl
ow,ow
iy,iy
y,y
dh,dh
en,en
dh,dx
ix,ih
q,q
l,l
hv,hv
l,el
ae,ae
ah,ah
el,el
axr,axr
ah,eh
oy,oy
s,sh
ix,eh
r,ax
dx,dx
d,d
kcl,kcl
m,m
r,v
pcl,tcl
tcl,kcl
n,iy
eh,ix
axr,axr
y,iy
ih,ih
bcl,bcl
k,k
l,l
iy,r
r,r
ix,ix
q,q
m,bcl
iy,iy
t,t
tcl,tcl
ih,ih
dcl,dcl
z,z
l,ao
eh,ah
ah,l
hh,f
l,l
ax,l
dx,ix
aa,ay
w,w
eh,eh
s,s
t,t
tcl,kcl
ao,ao
axr,axr
kcl,kcl
n,v
dcl,gcl
n,tcl
b,p
pcl,pcl
ih,iy
gcl,kcl
el,el
dcl,bcl
ao,ao
t,t
s,z
ey,ey
ow,ow
kcl,kcl
dh,dh
bcl,bcl
pcl,kcl
n,nx
ah,ae
hv,hv
iy,iy
f,f
hv,hv
q,q
axr,er
t,t
ix,ix
ng,n
ih,ih
n,n
s,s
eh,ix
ay,ay
ih,ih
eh,ix
ix,ix
s,sh
th,th
r,r
kcl,gcl
kcl,kcl
ow,ow
dcl,dcl
w,w
ae,ae
iy,iy
ao,ao
tcl,tcl
w,w
d,t
r,r
dcl,tcl
kcl,kcl
tcl,tcl
t,t
kcl,kcl
ao,ao
q,q
d,t
l,m
r,r
t,d
iy,iy
ih,ix
ux,w
ay,r
p,p
gcl,gcl
ix,ix
ix,ix
dcl,n
ih,iy
ae,ae
s,s
z,z
n,en
sh,sh
aa,aa
axr,axr
z,s
eh,ih
kcl,kcl
ux,ey
ch,ch
ih,ey
p,p
ah,ah
l,l
k,g
gcl,gcl
v,v
pcl,kcl
m,m
ax,ax
ey,ey
l,l
p,p
ax,ax
kcl,kcl
kcl,kcl
ey,ey
ae,eh
eh,l
f,f
ax,ax
pcl,p
ux,ux
z,z
ae,ae
m,m
bcl,tcl
dcl,dx
l,l
iy,iy
r,r
aa,ao
s,s
ax,l
iy,iy
l,l
l,ix
th,th
d,t
sh,sh
l,l
m,en
dcl,n
gcl,q
w,w
ax,ix
jh,s
ix,ix
f,v
axr,axr
ah,ah
r,r
pcl,pcl
r,r
ow,ow
z,z
ae,ae
eh,eh
tcl,tcl
ay,ay
dh,dh
n,n
b,tcl
aa,aa
jh,t
en,n
uw,uh
n,n
z,z
l,l
l,ay
l,l
r,r
s,s
bcl,bcl
f,f
r,r
q,el
sh,sh
dx,dcl
kcl,tcl
s,s
w,w
ah,ah
m,m
d,t
ix,ix
eh,ae
aa,aa
ae,ae
dx,dx
kcl,kcl
p,p
s,s
ow,eh
g,g
gcl,gcl
dcl,g
w,w
y,y
iy,iy
kcl,kcl
k,k
r,r
pcl,pcl
ae,ae
ix,ix
r,r
ix,ix
z,z
iy,iy
ih,iy
ax,v
ix,ix
r,r
ih,eh
z,z
dcl,tcl
s,s
gcl,dh
k,k
bcl,gcl
iy,iy
ih,ix
ao,w
nx,dx
oy,oy
pcl,kcl
ae,ae
iy,iy
f,f
aa,aa
n,n
ix,ix
eh,eh
ow,ow
er,r
hh,hh
n,n
ih,ix
er,er
bcl,v
axr,r
gcl,tcl
ih,ih
m,n
k,g
k,k
d,d
d,ch
el,ao
iy,iy
ay,ay
r,r
w,w
pcl,tcl
n,n
n,n
n,n
sh,sh
s,z
l,l
ay,ay
p,p
s,s
kcl,k
r,r
dcl,tcl
b,b
v,v
ix,ix
z,z
tcl,tcl
ah,eh
oy,oy
iy,iy
ix,ix
ae,eh
l,l
gcl,gcl
l,iy
kcl,tcl
iy,iy
r,axr
ih,uh
v,v
pcl,tcl
t,t
k,k
ix,ih
ux,ux
dcl,bcl
tcl,tcl
ax,ax
ae,eh
er,axr
m,m
s,s
v,v
jh,sh
ae,ae
v,dcl
t,k
z,s
ao,ih
v,v
jh,jh
ay,ay
l,l
ay,ay
n,ix
er,axr
y,iy
t,t
ow,ow
w,w
z,z
axr,r
iy,ey
ih,ih
v,v
kcl,kcl
ax,eh
l,ax
aa,aa
l,l
ih,eh
l,w
bcl,bcl
tcl,tcl
l,w
kcl,tcl
k,k
pcl,m
ey,ey
l,l
ih,ix
eh,eh
nx,n
axr,axr
s,s
iy,iy
r,r
hh,hh
dcl,gcl
q,y
ae,ae
m,m
dcl,dcl
gcl,gcl
aa,aa
n,n
ow,ow
ax,ah
tcl,pcl
aa,aa
dcl,tcl
ae,ae
aa,ao
n,n
r,r
ax,ax
ix,ix
l,l
q,q
n,n
m,m
dcl,dcl
ax,aa
tcl,kcl
v,z
ih,ix
tcl,bcl
ao,ao
dcl,kcl
aa,aa
aa,ao
v,v
dh,ix
hv,hv
tcl,gcl
dcl,dcl
iy,iy
ih,eh
r,ix
eh,eh
k,k
dcl,dcl
ao,ao
t,t
s,s
z,z
ix,ix
pcl,pcl
ix,ix
th,t
ih,ix
f,v
f,f
ng,ng
aa,aa
ah,ow
ng,m
eh,eh
f,s
kcl,tcl
gcl,n
aa,aa
er,er
n,n
d,q
r,n
l,l
ay,ay
l,ax
pcl,kcl
r,r
w,m
m,n
ix,ix
k,k
ih,ix
ix,ix
dcl,bcl
p,p
z,z
sh,sh
z,z
iy,iy
hv,axr
m,n
l,l
y,q
uw,ux
w,w
ih,ih
ah,ao
ah,ah
ax,ax
s,z
iy,y
w,w
l,l
ix,ix
iy,iy
s,s
s,s
tcl,tcl
n,n
tcl,tcl
l,l
ao,ao
sh,sh
ix,eh
ch,ch
n,n
eh,eh
w,w
m,m
s,s
pcl,pcl
tcl,tcl
tcl,pcl
en,n
p,p
m,en
ih,eh
r,r
s,s
ux,uw
sh,sh
n,nx
d,t
w,w
iy,iy
n,ix
ao,aa
y,y
ch,ch
w,w
d,t
eh,eh
ih,ih
kcl,kcl
w,w
r,r
uh,ah
ao,ow
ah,ah
s,s
v,v
f,f
ow,ao
ix,ix
kcl,kcl
l,l
r,r
ae,ae
dh,dh
ow,ow
eh,eh
s,s
ae,ae
ix,uh
s,s
ih,ix
ah,ae
n,dcl
ey,ey
ae,ae
hv,hv
sh,sh
s,z
m,m
eh,eh
z,s
t,jh
r,ax
v,v
y,y
s,s
iy,iy
w,w
sh,sh
ey,ey
r,ix
ao,ao
axr,axr
n,ux
n,n
ah,ah
kcl,kcl
jh,jh
pcl,tcl
uh,ix
eh,eh
l,l
dcl,gcl
sh,sh
aw,aa
w,w
kcl,tcl
n,n
bcl,en
dx,dx
tcl,tcl
hv,hv
aw,aw
d,t
k,k
r,ix
r,r
s,sh
hv,y
iy,iy
n,n
ah,eh
ix,ih
iy,iy
t,p
r,r
n,n
l,l
ih,eh
kcl,tcl
n,r
axr,eh
s,s
kcl,kcl
ae,ae
dcl,bcl
t,t
q,q
hh,hh
ae,ae
kcl,tcl
zh,zh
tcl,tcl
r,r
r,r
l,l
g,dh
r,r
n,n
kcl,k
ix,ix
el,el
ng,n
en,n
ax,ax
kcl,kcl
v,v
f,f
eh,eh
th,f
axr,er
ae,ae
hh,hh
z,s
ix,ix
ih,ih
dh,dh
k,k
z,s
ae,eh
n,ix
tcl,el
ix,axr
d,t
k,k
em,q
axr,ix
n,n
ax,ix
sh,sh
ux,ix
eh,ae
ae,eh
hv,hv
bcl,bcl
en,m
hh,z
ao,ao
w,l
eh,eh
ix,ix
dh,dh
eh,eh
tcl,kcl
ih,ix
el,el
s,z
m,m
pcl,pcl
s,s
ih,ih
l,ax
dh,dh
ux,ux
r,r
aa,aa
n,q
sh,sh
iy,iy
tcl,tcl
pcl,tcl
ix,ix
q,q
ng,n
ih,ix
l,l
ih,eh
r,r
tcl,tcl
q,q
eh,eh
kcl,tcl
ch,ch
q,q
t,t
ix,ix
t,t
ax,ax
eh,eh
w,w
iy,iy
ae,eh
n,n
ix,ux
ih,ix
iy,iy
ih,ih
eh,eh
iy,iy
kcl,kcl
r,r
iy,ih
n,n
w,w
ix,y
aa,aa
t,t
l,l
aa,ao
k,t
ae,ae
hv,hv
k,g
m,m
ae,eh
ow,ow
t,t
y,y
ae,ae
z,s
r,r
n,n
ih,ih
dcl,dcl
eh,eh
ix,ix
p,b
sh,sh
tcl,tcl
iy,iy
k,k
l,ay
el,el
tcl,tcl
l,ax
ay,ay
k,k
y,iy
pcl,kcl
pcl,pcl
jh,sh
s,s
iy,iy
ae,ae
ux,ux
ax,ax
dx,dx
n,n
g,k
r,r
gcl,gcl
t,t
tcl,tcl
r,r
y,y
m,r
tcl,tcl
f,f
y,y
dh,t
f,f
ae,ae
ix,ix
s,s
bcl,bcl
y,r
f,s
d,t
f,f
ah,ah
ow,el
bcl,pcl
ih,ih
q,q
oy,oy
t,d
axr,axr
r,r
ao,ao
axr,axr
z,s
ao,aa
aa,aa
er,ix
dh,v
axr,axr
m,m
axr,axr
ao,ao
n,ng
zh,jh
iy,iy
f,f
ix,ix
sh,sh
tcl,tcl
ax,ax
l,l
oy,oy
ih,eh
n,n
s,s
t,gcl
axr,axr
n,n
n,n
n,n
s,s
ae,eh
n,n
k,k
ix,ix
eh,eh
ah,ow
ix,ix
el,uh
hv,hv
ay,ay
kcl,tcl
q,q
tcl,tcl
ax-h,tcl
en,m
ix,ix
kcl,kcl
ix,ix
gcl,dx
r,r
w,w
ux,ux
iy,ix
ix,ix
w,w
iy,iy
dh,dh
ax,ax
t,t
m,m
w,m
t,b
iy,iy
ix,iy
v,v
hv,hv
ix,ix
aa,aa
ih,eh
z,zh
kcl,kcl
l,l
ah,ah
n,n
s,s
n,n
tcl,tcl
aa,aa
eh,eh
axr,axr
n,m
ey,ey
bcl,gcl
q,q
axr,axr
ay,ay
z,z
v,ax-h
n,n
pcl,tcl
y,y
f,f
p,k
y,y
ix,ix
gcl,gcl
t,t
p,p
hh,t
axr,er
z,z
r,r
eh,eh
ix,ix
l,l
th,dh
q,q
n,m
l,l
ao,ow
dcl,bcl
t,t
r,r
l,v
ax,el
ng,n
n,n
ao,ao
ay,ay
m,m
oy,oy
ey,ey
ax,ax
eh,eh
s,s
ae,ae
kcl,kcl
ah,eh
ae,ae
ix,ix
dx,dx
n,n
r,r
tcl,tcl
pcl,bcl
s,s
k,k
ch,jh
r,r
ix,ix
ax,ix
dcl,dcl
ch,jh
iy,iy
v,v
pcl,kcl
ch,ch
z,z
p,b
r,axr
axr,ih
w,w
hh,hv
ix,ih
kcl,tcl
y,y
n,n
kcl,kcl
q,q
m,ix
z,s
ux,ux
ih,ix
en,en
sh,sh
ih,ih
k,k
ih,ix
ih,ih
z,z
t,t
s,s
ix,ix
q,q
ax,axr
ax,ah
ah,ah
ae,ae
r,iy
m,m
ae,ae
ao,ao
f,f
ih,ih
n,n
s,s
g,k
d,g
l,l
tcl,tcl
s,s
s,s
kcl,tcl
q,q
ix,iy
eh,eh
jh,jh
ey,ey
z,z
z,z
ix,ix
l,uw
axr,axr
aw,ae
iy,iy
l,l
q,q
w,w
p,p
aa,aa
nx,q
m,m
d,t
z,z
iy,iy
s,s
l,l
v,v
r,r
r,r
hh,hh
sh,sh
aa,aa
ah,ax
aa,aa
k,k
k,k
t,tcl
k,k
ih,ih
w,w
em,ng
ax,ax
k,k
d,g
l,l
f,b
dx,ax
z,ix
ax,ax
r,r
iy,iy
er,axr
pcl,pcl
t,t
n,n
ih,ih
ax,ax
r,v
s,s
n,n
kcl,kcl
aa,aa
p,p
axr,er
l,w
gcl,gcl
dx,y
ch,t
z,z
pcl,tcl
axr,axr
w,v
r,r
ng,ng
n,tcl
aa,aa
ix,ix
eh,eh
l,l
dx,dx
l,l
pcl,tcl
s,s
w,w
m,bcl
ao,ao
sh,sh
s,s
hv,hv
ix,r
dcl,dcl
r,r
s,s
iy,iy
ih,ih
ix,ix
axr,ao
ah,axr
ax,ax
bcl,bcl
ae,ae
iy,iy
ao,ao
ux,ux
axr,eh
l,l
ix,ix
nx,ax
r,r
t,t
f,f
s,s
m,m
iy,iy
t,t
q,q
kcl,tcl
z,z
y,iy
r,r
dx,dx
ay,ay
n,m
ao,ao
gcl,gcl
ng,n
n,m
aa,ay
r,axr
l,l
s,z
m,m
s,s
ay,ay
ow,ow
n,n
ah,ah
m,m
n,m
ix,ax
iy,ix
kcl,kcl
ae,ae
ow,el
dh,dh
dcl,dcl
gcl,gcl
bcl,bcl
l,l
ix,ix
s,z
ae,ae
d,z
s,s
ey,ey
k,k
aa,ao
z,z
ey,ey
gcl,tcl
f,f
aa,axr
axr,axr
k,k
sh,ch
axr,axr
bcl,tcl
ae,eh
r,r
er,axr
iy,iy
iy,iy
ae,ae
iy,ih
s,z
bcl,v
pcl,pcl
r,w
m,ng
s,s
axr,axr
w,w
l,l
sh,ch
iy,iy
s,s
k,k
n,n
r,r
ix,ix
s,s
hh,hh
eh,eh
r,r
ey,ey
ao,aa
ix,ax
ix,ix
eh,eh
s,s
iy,iy
er,r
eh,ao
kcl,tcl
ae,eh
l,ax
aa,aa
ix,eh
aa,ah
m,m
ao,aa
dcl,gcl
ax,ix
iy,iy
ix,ix
z,z
sh,sh
ow,ow
t,t
kcl,tcl
ah,r
axr,axr
v,v
axr,er
m,ng
ng,ng
ux,ax
ix,ax
sh,sh
el,ow
aw,aa
nx,nx
ix,ih
k,k
r,r
en,en
y,y
en,n
ix,ax
ae,ae
iy,r
kcl,tcl
aa,aa
iy,iy
eh,eh
r,axr
ix,ix
jh,jh
ix,ix
gcl,gcl
s,s
k,k
t,k
zh,zh
pcl,tcl
bcl,bcl
l,l
iy,iy
axr,axr
w,w
ix,ix
pcl,pcl
ch,t
r,r
w,w
axr,axr
ey,ey
ng,ng
l,l
axr,r
s,s
tcl,tcl
k,k
s,s
s,s
k,k
zh,sh
hv,hv
v,v
el,uh
p,f
q,q
s,s
m,m
bcl,m
z,s
ah,ao
axr,axr
aa,aa
ix,ix
er,eh
aa,aa
f,f
ih,ey
q,g
kcl,kcl
f,f
ih,ih
gcl,gcl
ae,ey
tcl,tcl
dh,dh
th,f
dx,y
er,axr
n,n
dh,dh
iy,iy
ax,ix
l,l
ow,ah
kcl,ix
hh,hh
pcl,tcl
m,m
hh,hh
y,y
v,v
ae,ae
hv,hv
l,l
dh,q
ae,ae
ao,ao
kcl,kcl
tcl,tcl
r,r
kcl,kcl
q,ix
s,s
f,f
l,l
n,n
gcl,tcl
ao,ao
dx,dx
ax,l
ix,ix
n,nx
gcl,kcl
n,n
t,t
oy,oy
f,f
er,er
kcl,kcl
ax,ax
p,p
k,k
r,r
eh,eh
axr,er
aw,ae
ow,ow
l,l
kcl,kcl
ey,ey
l,w
ao,ao
tcl,tcl
kcl,tcl
ih,ix
l,l
r,r
gcl,gcl
ix,ix
ix,ix
ax,ax
ix,ix
hv,hv
n,ax
s,s
ix,ix
r,axr
t,t
r,r
r,r
r,r
axr,ix
ax,ax
dh,dh
n,ng
s,sh
ix,ax
ay,ay
r,r
q,q
ax,ix
n,n
t,t
r,r
en,n
sh,sh
m,m
eh,eh
jh,jh
n,n
r,r
q,q
y,iy
ay,aa
dh,dcl
l,l
r,r
k,k
m,m
oy,oy
eh,ih
q,q
kcl,kcl
kcl,kcl
ao,ao
eh,eh
r,r
kcl,tcl
dx,dx
ih,ih
ix,ix
iy,iy
aa,aa
p,p
l,l
s,s
w,w
aa,aa
ay,ay
ix,ix
ix,ix
w,w
n,n
ih,ih
ix,iy
iy,iy
l,l
l,uh
hh,p
r,r
r,r
ah,el
tcl,tcl
w,w
aa,aa
ae,ae
iy,iy
ix,ix
p,p
th,th
ax,ax
aa,aa
ih,ih
pcl,kcl
s,s
ae,ae
ae,ae
oy,oy
k,k
ih,eh
aw,aw
s,s
dcl,dcl
bcl,bcl
kcl,kcl
q,q
z,s
iy,iy
ae,ae
q,q
l,el
ae,ae
ay,ay
aa,ao
eh,eh
ah,ah
s,s
l,w
iy,iy
r,r
er,axr
p,p
n,n
ey,ey
m,n
sh,sh
kcl,kcl
gcl,gcl
er,er
tcl,q
dcl,gcl
k,k
ix,ix
ae,eh
k,k
y,y
ow,l
ey,ey
d,q
aa,ao
f,f
ih,ix
ow,l
kcl,kcl
tcl,tcl
iy,iy
iy,iy
n,m
aa,aa
ae,ae
er,r
dx,dx
iy,iy
iy,iy
pcl,pcl
r,r
y,q
ao,ao
k,k
k,k
k,g
pcl,kcl
kcl,tcl
z,z
ay,ay
axr,axr
ax,ax
ix,ax
ix,ix
aa,aa
r,r
ix,ix
n,n
p,p
t,t
dcl,tcl
v,v
iy,ix
er,axr
s,s
z,z
r,r
ae,ae
q,q
n,n
aa,ao
hh,hh
v,ax
w,ax
s,z
q,q
ow,ow
dx,n
w,v
l,ow
hv,hv
ax,ix
pcl,tcl
ax,ix
axr,axr
aa,aa
dcl,dcl
w,w
l,l
tcl,dcl
uw,uw
s,s
dh,dh
m,m
ow,ow
ix,ix
eh,eh
ao,ao
ah,ix
s,s
bcl,bcl
tcl,tcl
ix,ix
n,n
iy,y
pcl,pcl
w,w
ae,ih
k,k
w,w
z,z
ax,ax
m,bcl
ix,ix
ih,ih
q,ix
s,s
d,t
ax,l
w,w
g,g
ey,ey
l,l
kcl,tcl
ih,axr
w,w
iy,iy
n,n
tcl,kcl
r,r
eh,eh
w,r
tcl,tcl
iy,iy
m,n
hv,hv
iy,ix
ax,ix
n,n
ao,ao
s,sh
s,s
eh,eh
kcl,kcl
r,r
s,s
ae,ae
er,er
r,r
k,k
r,r
ae,eh
ao,ao
w,w
ix,ix
tcl,tcl
ih,ih
ax,ix
ae,ae
t,sh
iy,iy
tcl,kcl
iy,ix
eh,ih
r,r
n,n
axr,er
n,n
dh,dx
bcl,tcl
dcl,tcl
k,k
n,ix
dcl,gcl
q,q
kcl,kcl
l,l
k,k
v,v
jh,jh
w,w
dh,dh
ix,ix
iy,iy
r,r
k,k
bcl,bcl
m,m
v,v
t,t
l,l
l,l
ix,ix
ax,ax
r,r
eh,eh
g,g
el,w
ix,ix
n,n
g,k
ay,ay
r,r
iy,iy
aa,aa
axr,axr
l,l
l,l
oy,oy
iy,iy
n,n
ih,ax
pcl,kcl
gcl,kcl
l,l
th,th
iy,iy
l,l
n,gcl
iy,iy
z,z
th,p
ae,eh
z,sh
q,q
ix,iy
ao,aa
ix,ix
w,w
hv,hv
t,p
dh,v
l,m
ix,hv
iy,iy
axr,axr
ay,eh
l,v
s,s
y,y
eh,eh
aa,axr
r,r
tcl,tcl
bcl,gcl
v,v
q,ix
aa,aa
b,p
t,t
l,l
f,dh
m,m
ix,ix
kcl,kcl
ix,ix
n,n
s,s
t,kcl
t,t
ch,ch
ih,ae
tcl,tcl
aa,aa
l,l
n,ix
ow,ow
n,n
ix,ix
z,z
p,p
l,el
ix,ix
f,f
v,f
v,dcl
n,n
dh,kcl
tcl,tcl
bcl,v
ih,ih
ix,ix
pcl,pcl
r,r
n,n
ah,eh
g,g
ow,ow
ix,w
ax,ax
r,r
hh,hv
iy,iy
dh,ix
f,f
q,q
ax,ax
dcl,dcl
hv,hv
s,sh
r,r
s,s
dcl,dx
y,y
kcl,kcl
ey,ey
axr,axr
dcl,gcl
l,l
kcl,kcl
m,m
y,y
ax,q
ih,ih
kcl,kcl
aa,ah
z,z
n,n
th,z
bcl,bcl
iy,iy
n,n
r,r
tcl,tcl
sh,sh
tcl,f
r,ix
er,er
n,n
aa,r
dh,tcl
ih,ih
iy,iy
k,k
oy,oy
dcl,dx
r,r
iy,iy
iy,iy
ix,n
kcl,kcl
ay,ay
ay,ey
q,q
ih,ih
gcl,gcl
kcl,kcl
iy,iy
eh,eh
tcl,tcl
ae,ae
n,dcl
z,z
eh,eh
pcl,pcl
l,w
pcl,pcl
eh,eh
uw,ux
ah,ah
t,t
ax,ax
er,axr
s,s
ih,er
t,t
y,y
ow,ow
z,z
dcl,dcl
ax,r
n,n
s,s
dcl,l
aa,aa
tcl,tcl
n,n
s,s
ih,iy
l,ax
z,sh
q,q
n,m
p,b
k,k
pcl,tcl
ih,ah
ax,ax
ae,q
ae,ae
ux,ux
s,s
k,k
er,axr
ix,ix
g,k
hh,hh
f,f
ix,ix
k,k
p,p
z,z
tcl,tcl
v,f
oy,oy
s,s
gcl,en
n,nx
y,y
p,p
el,el
p,p
en,n
iy,iy
f,f
s,s
kcl,kcl
gcl,gcl
ax,z
q,tcl
m,m
tcl,tcl
ix,r
v,v
r,r
oy,oy
dcl,bcl
t,t
ix,ix
ix,n
t,t
hv,hv
ih,ih
l,l
l,l
ih,ey
p,p
k,k
nx,nx
ow,ao
kcl,kcl
m,v
en,n
kcl,tcl
m,m
s,s
n,n
hh,p
kcl,kcl
l,l
r,axr
bcl,n
ao,ao
pcl,kcl
iy,iy
ao,w
dh,dh
ix,ix
ix,ix
ao,ao
hh,hh
s,s
w,w
gcl,bcl
iy,iy
p,p
r,r
ih,ax
v,v
eh,ah
iy,iy
ah,eh
en,n
ix,ix
ey,ey
ih,ix
axr,axr
tcl,q
eh,eh
s,z
z,z
r,r
r,r
ay,ay
pcl,tcl
w,w
s,s
m,m
ix,ax
f,f
ix,en
ix,ix
s,s
ah,ax
ah,ax
pcl,kcl
ax,ax
r,r
dcl,dcl
iy,iy
iy,iy
s,s
z,z
l,l
ix,ix
ow,ow
ey,ey
ay,ay
q,q
ay,aa
s,s
l,l
hh,hh
pcl,pcl
n,ax
tcl,tcl
s,s
t,t
dh,p
dcl,tcl
n,n
ah,eh
p,p
bcl,tcl
r,r
eh,eh
l,l
iy,iy
hv,hv
tcl,kcl
zh,hh
ae,ae
k,k
ih,ih
sh,sh
th,v
ah,ah
ux,ux
tcl,tcl
q,n
g,g
w,ao
dcl,tcl
n,n
ih,iy
t,t
axr,axr
l,l
ch,ch
iy,iy
ax,ix
kcl,tcl
ow,ao
t,t
er,axr
eh,eh
v,v
kcl,tcl
ix,iy
ay,ay
tcl,tcl
dcl,dcl
y,y
jh,jh
ix,ix
kcl,kcl
hv,hv
k,k
f,f
s,s
l,ax
z,z
l,l
ux,uw
ix,ix
m,m
ey,iy
iy,iy
eh,eh
ah,ih
er,er
l,l
ax,ix
hv,hv
t,t
iy,iy
n,n
pcl,tcl
eh,eh
ow,ow
s,z
sh,sh
uh,ax
m,m
s,s
axr,r
l,l
ax,ax
n,n
v,v
iy,iy
ay,ay
ix,ax
tcl,tcl
t,t
z,z
dh,dx
dcl,tcl
s,s
ey,ey
tcl,bcl
ix,ux
f,f
tcl,kcl
uh,ix
el,ax
ah,ah
ae,ae
ix,ix
tcl,tcl
r,r
kcl,kcl
tcl,pcl
f,f
r,r
kcl,tcl
ao,ao
q,q
ow,ow
ao,ao
pcl,tcl
th,th
ix,ix
p,ax
k,kcl
kcl,tcl
iy,iy
v,ux
iy,iy
bcl,bcl
aa,aa
kcl,tcl
dh,dh
dh,dh
sh,sh
f,f
l,w
kcl,tcl
aw,aa
s,s
r,r
v,v
l,l
pcl,tcl
ey,ey
pcl,tcl
l,l
ix,ix
ih,eh
g,g
kcl,kcl
z,z
gcl,gcl
bcl,bcl
dcl,dcl
iy,iy
r,r
dcl,gcl
aa,aa
ey,eh
ih,iy
k,k
hh,hh
ey,ey
ih,ix
ih,ix
ah,ix
f,f
sh,sh
iy,iy
l,ao
kcl,kcl
dx,dx
ao,w
ix,ix
k,k
kcl,kcl
ay,ay
ao,ao
iy,ix
pcl,pcl
r,r
bcl,gcl
t,t
er,axr
n,m
tcl,tcl
n,n
n,n
k,k
n,ng
w,w
l,ix
ax,ax
s,s
dh,dh
ow,ow
dh,ix
n,nx
n,n
m,m
eh,eh
ih,ih
s,s
k,k
z,z
ix,ix
q,q
z,z
k,k
n,n
jh,g
iy,iy
z,z
iy,iy
ix,ix
ae,ae
q,q
r,r
eh,eh
aa,aa
er,er
w,w
kcl,tcl
m,m
g,k
p,p
dh,dh
y,y
ax,ax
dcl,dcl
r,r
iy,iy
tcl,tcl
z,z
ae,eh
oy,oy
r,r
q,q
ax,ix
ix,ix
w,w
m,m
ey,ih
ae,ae
z,z
r,r
iy,iy
eh,ae
r,r
k,k
eh,ah
w,w
m,m
tcl,dh
k,k
uh,ih
z,s
ax,ax
d,d
f,v
tcl,tcl
aa,ao
dh,dh
tcl,tcl
r,r
ih,ih
ax,ax
l,l
ng,ng
jh,jh
l,l
n,n
er,er
tcl,dcl
ih,ih
n,nx
ae,ae
w,w
iy,iy
dcl,tcl
w,w
ow,ow
iy,iy
dcl,dcl
r,r
ey,ey
y,ix
ix,ix
ng,ng
eh,ih
ch,sh
bcl,bcl
axr,axr
n,n
l,ix
z,z
l,l
r,r
w,w
z,z
iy,iy
dcl,dcl
l,l
k,k
m,m
uh,ih
kcl,kcl
ao,ao
tcl,tcl
hv,hv
t,t
t,t
w,w
gcl,dcl
hh,hh
bcl,bcl
l,l
bcl,bcl
ix,ih
tcl,tcl
ix,ih
pcl,m
q,q
er,axr
s,s
r,r
k,k
l,l
aa,ao
v,v
er,axr
ao,ao
eh,eh
tcl,tcl
r,r
gcl,gcl
ow,ow
ax,ax
dcl,pcl
hv,hv
r,r
er,er
axr,ix
n,n
n,ng
ax,l
iy,iy
er,er
d,d
ao,axr
v,v
ae,eh
eh,ah
hh,hh
l,ix
m,m
s,z
dcl,tcl
k,g
tcl,tcl
tcl,tcl
w,w
dcl,dcl
l,q
tcl,tcl
ax,ax
dcl,dx
tcl,tcl
d,t
iy,iy
n,n
s,s
bcl,m
t,t
ow,eh
ih,ih
el,uh
th,th
ae,ae
s,s
p,p
r,axr
kcl,tcl
t,b
ey,ey
bcl,bcl
s,s
axr,axr
ow,ao
r,r
k,k
q,q
n,n
er,er
ao,el
sh,sh
kcl,pcl
n,n
zh,jh
aa,aa
ax,ix
eh,eh
w,r
ao,ao
axr,ih
n,n
iy,iy
n,n
r,r
eh,eh
ax,ax
r,r
eh,eh
ae,ae
ay,ay
tcl,tcl
ix,ix
w,w
z,z
ey,ey
iy,iy
aa,r
l,l
axr,axr
d,t
ng,ng
q,q
ix,ix
r,r
ng,ng
iy,iy
n,v
m,m
eh,eh
p,p
r,r
p,p
l,ax
l,l
uh,eh
ih,eh
q,q
pcl,tcl
m,m
dx,g
axr,axr
ao,ao
pcl,tcl
uh,ao
z,z
r,nx
s,z
t,t
m,m
dcl,bcl
hv,hv
dh,dh
w,w
ao,ao
r,r
ix,ix
uh,eh
w,w
ix,ix
ax,ax
r,r
q,q
kcl,kcl
ax-h,p
s,s
er,er
axr,axr
pcl,tcl
iy,iy
t,t
kcl,tcl
ae,eh
dh,tcl
dcl,bcl
eh,eh
m,m
iy,iy
iy,iy
s,s
el,el
k,k
n,q
sh,sh
ax,ix
iy,iy
sh,sh
dx,dx
sh,sh
iy,iy
eh,ae
eh,ah
s,s
f,f
v,v
l,l
s,s
hh,hh
ao,ao
p,p
s,s
uh,ix
n,ng
iy,y
n,n
ux,ux
dcl,gcl
p,p
f,f
aa,aa
m,m
zh,jh
ay,ay
m,m
m,m
aa,aa
q,q
er,r
s,s
tcl,tcl
tcl,tcl
ih,ih
k,k
ax,eh
eh,ih
ch,ch
ux,ix
q,y
sh,sh
z,z
dcl,tcl
ix,ix
dx,dx
ao,ao
dh,dx
tcl,tcl
n,ix
ae,ae
y,iy
ix,ix
n,n
pcl,pcl
s,s
ix,ix
dcl,gcl
iy,iy
t,t
aa,ah
ao,ao
ix,ix
f,f
m,m
ix,ih
tcl,kcl
tcl,tcl
kcl,kcl
tcl,tcl
f,f
iy,iy
n,en
ih,ix
f,f
s,s
er,er
s,s
ey,ey
dcl,tcl
th,th
n,n
aa,ao
en,en
ah,ah
ax,ax
s,s
r,w
q,ax
jh,ch
r,r
iy,iy
k,k
tcl,tcl
s,z
ah,ax
ix,ix
iy,iy
dcl,gcl
r,r
dcl,dcl
ey,ey
w,w
k,k
r,r
r,nx
kcl,kcl
ix,ix
ae,eh
ix,ax
m,m
er,axr
k,k
l,l
er,er
eh,ih
ah,aa
ow,ow
r,r
ay,ay
er,eh
iy,iy
w,w
s,s
iy,iy
t,t
q,q
iy,iy
f,f
z,z
pcl,tcl
l,r
n,m
axr,axr
d,p
p,p
jh,t
dh,tcl
m,m
pcl,pcl
s,s
en,en
tcl,tcl
z,z
ae,ae
tcl,tcl
ux,ux
kcl,tcl
kcl,dcl
dx,dx
jh,jh
eh,ow
oy,r
n,n
s,s
aa,ao
ix,axr
ay,ay
ae,ae
r,r
gcl,kcl
f,f
r,r
r,r
s,s
ae,ae
iy,iy
s,s
r,ah
ax,ax
d,ix
w,w
ix,ix
m,m
sh,sh
ax,r
kcl,k
d,d
pcl,tcl
w,w
eh,eh
m,m
dcl,dcl
r,r
iy,iy
ax,ax
z,z
ix,ix
gcl,gcl
ay,eh
ix,ix
q,kcl
pcl,tcl
iy,iy
s,th
ae,ae
tcl,gcl
dx,dx
aa,aa
z,z
v,v
axr,axr
r,r
en,n
r,axr
ah,ah
pcl,pcl
s,s
ah,eh
y,ih
m,m
k,g
ax,ah
ng,ng
d,t
kcl,kcl
bcl,bcl
s,s
ey,ey
n,ix
ax,r
q,q
p,p
iy,iy
w,w
v,z
bcl,bcl
ao,ao
ng,gcl
ax,ix
f,f
t,t
l,w
l,l
w,w
sh,sh
aa,ao
ao,ao
l,l
em,m
y,y
dx,dx
ix,ix
iy,ih
ow,ow
g,g
ih,ih
gcl,tcl
dcl,kcl
g,k
r,r
ow,ow
s,s
dh,dh
f,f
k,k
dh,dh
aa,ao
r,eh
pcl,pcl
ng,n
s,s
ax,ax
nx,nx
t,t
q,q
m,dcl
m,m
n,n
eh,eh
jh,y
l,l
t,t
ng,n
ax,ax
k,g
n,n
ix,ix
ao,ao
gcl,gcl
t,ch
l,l
n,n
s,s
f,f
sh,sh
q,q
ix,ax
n,ix
r,v
z,z
pcl,kcl
kcl,p
d,d
sh,sh
dx,dx
l,l
ih,ix
nx,n
l,l
q,q
er,er
ow,ow
s,s
t,t
iy,iy
kcl,tcl
f,f
v,v
f,th
bcl,m
z,s
er,er
en,n
hh,hh
eh,r
iy,iy
l,m
r,r
s,s
ix,ix
pcl,pcl
tcl,tcl
p,p
ix,iy
z,z
sh,sh
dh,dh
ax,ax
tcl,tcl
ae,eh
ow,ow
eh,eh
eh,eh
ix,ix
el,el
er,er
q,q
eh,eh
ax,ax
m,m
iy,iy
ey,iy
b,b
eh,eh
ax,ix
s,s
ae,ae
ux,ih
r,r
ao,ao
tcl,tcl
ax-h,ix
l,l
ah,uh
ah,aa
p,b
m,m
ow,ao
oy,oy
ix,ix
ae,ae
dcl,bcl
kcl,kcl
l,l
p,hh
gcl,m
nx,n
m,m
k,jh
m,tcl
aa,aa
axr,axr
ux,ux
ae,ae
r,r
s,s
m,m
ay,ay
r,r
s,s
aa,aa
s,s
m,m
l,l
dh,dx
nx,dh
dcl,dcl
y,y
dx,dx
p,p
z,s
r,r
pcl,tcl
dcl,gcl
m,m
ay,ay
ax,l
aa,ae
q,q
ch,jh
ch,ch
ix,ix
ux,ux
n,m
r,r
pcl,tcl
z,z
s,t
kcl,kcl
ih,ix
dcl,gcl
dx,nx
m,en
iy,ih
ix,ax
l,ix
r,r
iy,iy
ix,iy
q,axr
p,p
tcl,tcl
ih,axr
pcl,m
ix,ih
ao,ao
y,y
v,v
ux,ux
kcl,kcl
w,w
k,k
l,l
axr,axr
bcl,bcl
aw,ae
r,r
w,l
ch,jh
ax,ax
tcl,tcl
s,s
gcl,tcl
l,l
ey,ey
ah,aa
th,f
gcl,gcl
r,r
s,s
iy,ix
nx,ix
ao,ao
iy,iy
kcl,tcl
iy,iy
n,ng
kcl,tcl
iy,ey
t,b
ah,ah
z,t
d,t
ay,ae
r,r
ah,ax
r,r
ix,dx
bcl,bcl
uh,ix
ay,ay
iy,iy
dx,dx
eh,eh
ao,ao
sh,sh
w,ax
dx,k
b,dh
axr,axr
ch,sh
iy,iy
m,m
s,s
ah,ah
axr,axr
t,t
ao,ao
ay,ay
k,k
ey,ey
t,t
ix,ix
ix,ix
iy,iy
n,n
tcl,gcl
eh,eh
ix,ey
q,q
dh,dh
ay,ay
er,axr
tcl,tcl
ix,ih
n,m
kcl,kcl
gcl,gcl
n,n
tcl,tcl
d,d
s,s
ah,eh
ix,ih
s,s
s,s
ix,eh
eh,eh
pcl,pcl
iy,iy
r,r
s,s
ae,ae
t,t
ah,ah
pcl,pcl
z,z
aa,aa
axr,axr
pcl,pcl
k,k
m,m
ux,ux
r,r
er,axr
aa,ah
ae,eh
n,n
ah,aa
r,r
ng,ng
ax,ax
r,r
v,v
n,n
ih,iy
bcl,dcl
ao,ow
tcl,tcl
ow,r
ey,eh
ax,ih
sh,sh
l,l
pcl,tcl
t,t
ae,ey
pcl,tcl
q,q
axr,axr
aw,ae
r,r
pcl,tcl
er,eh
ey,ey
iy,iy
uw,ih
ay,ay
ao,ao
r,r
s,s
ah,eh
l,l
eh,eh
r,r
n,n
m,m
z,z
en,ax
ax,ax
ae,ae
ux,uw
n,n
ae,ae
iy,ix
ah,ax
zh,jh
s,s
iy,iy
y,y
m,m
aa,ao
ax,ax
r,r
kcl,dcl
axr,axr
gcl,y
ih,ih
ih,ix
k,k
em,axr
r,r
n,n
w,r
ih,ih
jh,jh
bcl,bcl
dcl,dcl
l,ow
ih,ax
pcl,tcl
g,g
kcl,kcl
ih,ih
m,m
sh,sh
z,z
ih,iy
ix,iy
s,s
gcl,y
r,r
z,f
iy,iy
bcl,tcl
ax,ao
m,m
t,t
k,k
sh,s
s,s
r,r
n,n
eh,eh
bcl,bcl
n,n
ah,ax
ey,ey
ae,ae
en,ax
n,n
s,s
er,er
sh,sh
ix,ix
ch,ch
eh,eh
er,er
n,n
ae,ae
z,z
r,r
axr,axr
ix,dx
ih,ix
th,th
ax,el
kcl,tcl
th,dh
s,s
ax,r
f,f
er,er
l,ay
aa,ao
r,r
ow,ow
ix,eh
kcl,kcl
eh,eh
tcl,tcl
ey,ey
tcl,tcl
iy,iy
m,m
sh,sh
iy,iy
ih,ix
l,w
ix,ix
w,w
hv,hv
axr,axr
el,el
q,q
ao,ao
axr,r
ay,ay
r,r
iy,iy
ae,ae
en,n
ae,ae
d,t
z,z
kcl,kcl
tcl,tcl
r,r
en,en
bcl,gcl
ix,ix
jh,sh
n,ax
p,p
s,f
kcl,tcl
q,q
iy,iy
ux,ux
dcl,gcl
ch,jh
t,t
n,n
ah,ah
s,s
l,l
ix,ix
sh,sh
tcl,kcl
kcl,kcl
r,r
k,k
dx,dx
iy,iy
el,ax
en,en
kcl,pcl
n,n
ih,ix
z,z
t,t
iy,ih
iy,iy
ae,ae
gcl,gcl
s,z
ix,ih
ix,ix
l,iy
zh,sh
el,el
tcl,kcl
gcl,tcl
m,m
ix,ix
th,th
l,l
gcl,gcl
iy,iy
y,y
n,v
f,f
n,n
r,r
tcl,tcl
f,f
m,dx
aa,aa
el,uh
s,s
en,en
t,t
r,r
eh,eh
ae,ae
t,t
v,ax
m,m
uw,axr
y,y
ah,eh
oy,oy
n,n
z,s
s,sh
r,r
ah,ah
q,q
dcl,bcl
f,f
n,n
ih,ih
ix,ix
n,n
ix,ix
er,axr
m,n
iy,iy
m,v
s,s
ih,ix
ey,ey
m,m
axr,r
m,v
ax,ix
l,l
ay,ay
axr,axr
d,t
f,f
r,r
m,m
bcl,n
s,s
r,r
bcl,gcl
l,el
m,ax
ao,ah
sh,sh
er,er
tcl,tcl
eh,eh
ih,ih
m,m
ix,dx
ih,ih
r,r
hh,hh
en,en
ih,ih
tcl,kcl
s,s
m,m
l,v
ae,ae
f,f
m,m
hh,hv
s,z
ah,ah
hh,hh
s,s
el,el
l,l
ae,ae
gcl,tcl
ux,ih
l,l
tcl,tcl
aa,aa
tcl,tcl
t,t
ay,ae
ix,ix
ix,ix
r,r
ow,uw
q,q
ch,s
kcl,tcl
uw,uw
bcl,dcl
g,k
r,r
iy,iy
bcl,bcl
l,l
ay,ae
pcl,pcl
ey,ey
iy,ix
eh,eh
ao,aa
n,n
m,m
kcl,kcl
ao,ao
el,el
t,t
w,l
ux,ix
m,m
ey,ey
ux,ux
iy,iy
r,r
v,v
ay,ay
ax,uh
ch,jh
kcl,kcl
bcl,bcl
aa,aa
er,axr
hv,hv
jh,ch
bcl,bcl
iy,iy
iy,iy
ch,ch
hh,hh
ah,ah
tcl,tcl
m,m
m,m
n,m
r,r
ae,ae
r,r
ow,ow
s,s
ow,ow
hh,hh
r,r
pcl,tcl
ow,ow
ae,ae
m,m
kcl,tcl
k,g
s,s
k,k
r,r
kcl,kcl
iy,ix
eh,ih
z,z
n,tcl
tcl,tcl
f,dh
ih,eh
er,er
nx,n
q,q
tcl,kcl
l,ax
r,r
q,y
dx,dx
er,axr
axr,axr
n,n
r,iy
dcl,dcl
t,t
n,n
ix,ix
aa,aa
p,p
iy,iy
ix,ix
s,z
y,y
kcl,tcl
iy,iy
l,l
eh,eh
z,z
aa,ow
s,s
l,l
y,y
eh,ae
ix,ih
uw,uw
z,z
n,n
sh,sh
dcl,tcl
q,q
iy,iy
uh,ah
ix,ih
k,k
m,n
l,ax
ng,ng
dcl,dcl
iy,iy
y,y
w,w
tcl,tcl
ix,axr
ch,jh
eh,eh
z,z
iy,iy
l,l
aa,aa
w,w
dcl,tcl
aa,aa
l,l
tcl,tcl
axr,ix
m,m
kcl,kcl
pcl,pcl
ao,ao
ch,sh
q,q
n,n
ow,ax
ow,ow
tcl,gcl
l,l
tcl,tcl
zh,z
ih,ih
ax,ax
ih,eh
eh,eh
dcl,gcl
t,t
ah,eh
n,n
ay,ay
iy,iy
ih,ih
ey,ey
er,r
q,q
ix,ix
pcl,kcl
pcl,tcl
q,q
l,oy
n,n
ih,ih
ux,y
iy,iy
n,n
ay,ay
q,q
k,k
s,s
w,w
k,k
er,er
ao,ao
s,s
ix,ix
q,p
ix,ix
ax,aa
hh,hh
s,s
kcl,tcl
s,s
hv,hv
axr,axr
aa,ao
iy,iy
tcl,tcl
s,s
ae,ae
el,ao
q,q
z,z
w,g
tcl,kcl
ix,ix
w,w
k,k
m,m
el,l
n,n
ax,l
ng,l
eh,eh
m,n
ae,ae
z,z
r,r
iy,iy
d,dx
n,n
f,f
nx,dx
ix,ix
n,n
el,el
v,v
n,n
g,g
ay,ay
tcl,tcl
k,k
bcl,bcl
f,f
kcl,tcl
s,s
f,f
r,r
eh,eh
eh,eh
ae,ae
s,s
ih,eh
tcl,tcl
iy,iy
r,r
r,r
ng,n
y,y
axr,uh
m,m
l,l
ch,ch
kcl,kcl
kcl,kcl
ux,ux
kcl,tcl
dcl,tcl
n,m
v,v
n,m
k,k
aw,ao
v,v
ey,ey
aa,aa
p,dh
d,t
ax,ix
n,nx
kcl,tcl
ix,ih
ix,ax
k,k
l,l
m,m
iy,iy
ae,eh
t,t
ah,ah
r,r
iy,iy
ae,eh
dh,dh
f,f
iy,iy
s,s
n,m
iy,iy
ih,ih
ix,iy
y,y
p,p
ng,ng
ix,ix
eh,eh
l,l
r,r
r,r
n,n
p,p
ng,n
z,th
gcl,gcl
jh,jh
ih,ix
ao,ao
m,m
f,f
axr,r
z,z
ix,ix
ax,ih
hv,hv
ae,ae
ix,ix
k,k
ae,ae
iy,iy
ix,ix
pcl,tcl
w,w
n,n
z,z
ao,ao
m,n
tcl,tcl
k,g
n,n
aa,aa
hv,hv
bcl,m
n,n
l,w
z,z
m,m
d,b
l,l
eh,eh
gcl,n
ax,r
aa,ao
ch,jh
aa,ay
ae,ay
nx,l
n,n
s,s
kcl,kcl
p,p
n,uw
ao,ao
l,l
s,s
z,z
pcl,tcl
ih,ih
ey,ey
z,z
q,q
z,z
iy,iy
er,axr
eh,eh
g,g
ah,uh
oy,oy
eh,ix
ih,ih
l,w
r,r
ey,ey
dh,dh
d,jh
l,ax
ax,ax
t,s
ow,ow
iy,iy
axr,axr
eh,eh
p,p
n,n
ay,aa
n,n
tcl,kcl
tcl,tcl
ow,ow
ae,ae
l,l
v,v
r,r
hh,hv
q,q
ih,ix
q,q
z,s
y,y
ow,ow
tcl,tcl
l,q
l,l
y,iy
pcl,kcl
l,eh
ix,ix
r,r
n,m
q,q
aa,aa
ix,ix
aw,aw
r,r
ah,ah
ix,ix
t,t
ih,iy
g,g
tcl,kcl
dcl,tcl
oy,oy
n,ix
el,el
tcl,kcl
gcl,gcl
ix,ix
ih,ih
gcl,gcl
em,m
v,v
iy,iy
f,f
tcl,tcl
kcl,tcl
iy,iy
ax,w
n,n
s,s
ay,ay
ix,ix
eh,eh
ay,ay
ao,w
w,w
ih,ix
iy,iy
ix,ix
ix,ix
kcl,tcl
ix,ih
tcl,tcl
n,n
ux,ux
dx,dx
s,s
dh,dh
nx,n
ah,eh
w,w
m,m
iy,ix
aa,aa
s,s
bcl,bcl
eh,eh
iy,iy
oy,oy
ux,ux
n,n
ih,ih
r,r
r,r
pcl,bcl
r,r
n,m
th,th
ay,ay
ay,ay
iy,iy
iy,iy
pcl,pcl
ch,ch
f,f
kcl,pcl
dcl,tcl
bcl,bcl
er,er
f,f
hh,hh
eh,eh
hv,hv
axr,axr
ow,uh
dcl,kcl
kcl,kcl
v,v
pcl,tcl
ae,ae
axr,axr
bcl,bcl
hv,hv
s,s
aa,aa
q,q
dh,dh
tcl,tcl
z,z
t,t
axr,axr
iy,iy
hv,hv
uh,uh
aa,aa
eh,eh
th,th
nx,nx
k,k
sh,sh
uw,ux
ng,ng
iy,iy
p,tcl
m,m
n,n
v,tcl
tcl,kcl
r,r
dh,dh
ng,n
w,w
dcl,bcl
ao,ao
y,q
t,t
z,sh
axr,axr
axr,r
s,s
aa,aa
ix,ix
ao,ao
iy,iy
l,l
dcl,gcl
w,w
n,n
z,s
l,l
ae,ae
s,z
gcl,kcl
tcl,tcl
s,s
y,y
ao,ao
tcl,n
m,m
iy,iy
ow,ow
m,m
l,l
tcl,dcl
sh,sh
r,ax
eh,ix
s,s
aa,aa
f,f
ao,ao
l,l
ix,ix
ux,ux
d,t
iy,iy
kcl,gcl
ow,ow
s,s
er,er
m,m
eh,eh
eh,eh
m,m
f,f
ae,ae
ih,ih
en,n
gcl,tcl
z,z
kcl,kcl
kcl,kcl
bcl,bcl
ow,ow
kcl,tcl
tcl,tcl
ah,ih
z,z
tcl,kcl
ay,ay
hv,hv
el,l
bcl,bcl
ah,axr
dx,dx
aa,ao
ao,aa
kcl,kcl
l,el
q,q
l,dh
t,t
ih,ih
jh,jh
kcl,pcl
ng,n
ah,oy
iy,iy
axr,axr
ix,ix
ay,ay
ae,ae
ng,w
s,s
ax,ax
ay,ay
ah,ah
l,l
ng,m
z,s
q,kcl
oy,oy
t,t
d,d
r,r
l,l
iy,ih
s,s
ix,ix
s,s
sh,sh
t,t
ae,ae
kcl,n
hv,hv
s,s
ix,ix
s,s
r,r
bcl,r
dh,t
axr,axr
v,v
ae,ae
n,n
sh,sh
aa,aa
m,m
ng,ng
k,k
sh,sh
ix,ix
th,f
tcl,kcl
tcl,tcl
n,n
dh,dh
iy,iy
ah,ax
sh,sh
dcl,gcl
q,q
ix,ix
ah,uh
w,w
m,m
t,t
t,t
ih,ih
dx,dx
pcl,gcl
gcl,bcl
ux,ux
kcl,kcl
dcl,q
iy,iy
y,y
ih,ih
ix,ih
aa,aa
tcl,tcl
er,er
n,en
gcl,tcl
axr,axr
p,p
n,n
gcl,dcl
hh,hh
z,z
ix,ih
kcl,kcl
k,k
aw,ah
m,m
s,s
ix,ix
bcl,bcl
k,k
z,s
gcl,gcl
l,l
s,s
dx,dx
z,z
ax,ax
k,k
s,s
ix,ix
ix,ix
ow,uh
aa,ah
ae,ae
ao,ao
s,s
ih,ih
s,s
axr,axr
eh,eh
er,er
s,s
eh,eh
ae,eh
tcl,tcl
dx,n
aa,ao
ao,ao
n,nx
aa,ao
axr,axr
ih,ih
eh,eh
iy,ix
s,s
s,s
ih,ix
w,ao
uh,uh
p,p
ey,ih
tcl,tcl
sh,sh
ah,ao
ix,eh
el,el
ao,ao
ax-h,ix
ah,ah
l,el
aw,aw
r,r
ih,ih
t,t
s,z
s,s
k,g
ix,ix
el,l
dx,dx
z,v
sh,sh
n,n
iy,iy
ow,ao
zh,zh
y,ih
m,m
ay,ay
tcl,tcl
ah,eh
ah,ah
jh,jh
axr,axr
tcl,dcl
axr,axr
w,w
gcl,gcl
w,w
dcl,dcl
y,y
s,s
ih,ih
l,ax
aa,ay
n,nx
ix,ix
dcl,tcl
ux,y
dh,th
uw,r
kcl,kcl
t,t
n,n
ah,eh
ix,ix
aa,aa
aa,ay
ow,ow
t,t
z,s
kcl,kcl
eh,ey
tcl,tcl
kcl,tcl
ih,ih
ae,eh
n,nx
ix,ix
aa,ao
f,f
ax,ah
k,k
ih,ax
q,q
dcl,dcl
ay,ay
ah,aa
q,q
pcl,tcl
g,g
en,en
t,t
s,z
oy,oy
l,ax
ix,ix
k,k
ah,eh
iy,iy
k,k
n,n
w,w
q,q
sh,sh
jh,jh
eh,eh
m,m
f,f
z,z
jh,sh
ih,ih
ow,ax
p,p
ao,ao
w,w
ae,ae
iy,iy
ux,ux
ix,ix
s,jh
n,n
iy,iy
iy,iy
iy,iy
axr,axr
tcl,tcl
ey,ey
ah,axr
axr,axr
tcl,kcl
nx,nx
k,k
l,l
kcl,tcl
m,m
ay,ey
f,f
iy,iy
k,k
z,z
ih,ih
th,f
ao,ao
gcl,kcl
k,k
eh,eh
ix,ix
d,d
s,s
ux,ux
tcl,tcl
bcl,bcl
s,s
s,s
q,q
w,l
nx,n
hh,hh
l,l
ay,ay
n,dx
ix,ax
v,v
ao,r
r,r
ux,ux
w,w
ax,eh
aw,ae
q,dx
g,g
ix,ix
k,k
y,ix
ix,ix
ix,eh
ey,ey
tcl,tcl
n,n
ax,ix
g,dh
f,f
l,l
ao,ao
r,r
w,w
dh,n
dh,th
pcl,pcl
aa,aa
v,v
m,n
axr,ih
r,r
eh,eh
jh,jh
t,t
bcl,bcl
p,p
s,s
l,l
ax,ax
s,s
n,n
dh,dh
el,ao
g,g
dcl,dcl
tcl,t
iy,iy
m,m
er,er
k,k
ix,ix
eh,eh
l,l
en,ix
ax,ax
r,r
p,p
eh,eh
d,d
dh,dh
tcl,tcl
n,n
ao,ao
er,er
ao,ao
z,s
k,p
z,z
v,dh
zh,zh
n,m
ih,ih
ae,ae
tcl,tcl
ow,ah
iy,iy
f,f
eh,eh
kcl,kcl
ix,ih
n,n
hv,hv
dx,dx
ay,ay
en,n
l,ix
sh,sh
eh,eh
hv,hv
ax,ax
sh,sh
ix,hv
th,th
z,z
n,n
s,s
m,w
en,ix
w,w
ch,sh
kcl,kcl
n,n
z,z
bcl,gcl
t,p
kcl,tcl
tcl,tcl
t,t
z,z
tcl,tcl
l,l
ih,ih
ih,ix
l,l
tcl,tcl
pcl,pcl
ao,ao
ao,ao
y,y
d,d
sh,sh
axr,axr
s,s
ih,iy
l,l
iy,ih
s,s
iy,iy
ix,ay
ix,ix
pcl,pcl
gcl,gcl
ix,ix
z,z
v,w
k,k
ix,ix
w,w
jh,ch
ix,ix
iy,iy
tcl,tcl
r,r
ih,r
t,d
k,k
tcl,tcl
axr,r
r,r
s,s
gcl,gcl
z,s
ax,l
dx,n
s,s
pcl,pcl
g,dx
th,s
ey,ey
ih,ih
er,er
dcl,dcl
s,s
iy,iy
s,s
iy,ih
ae,ae
dx,dx
z,jh
ow,ow
d,t
gcl,gcl
axr,axr
z,z
n,m
t,jh
er,er
ah,eh
el,el
r,r
y,y
q,q
w,w
w,w
hh,p
ix,ix
dcl,dcl
kcl,tcl
q,q
ax,l
aa,aa
kcl,kcl
f,f
dh,dh
bcl,tcl
er,er
p,p
ey,ey
tcl,tcl
n,tcl
axr,axr
eh,ax
q,q
ax,ix
l,l
ix,ix
l,el
iy,ey
tcl,pcl
ae,ae
gcl,tcl
eh,eh
k,k
m,m
q,q
s,s
n,ix
r,r
ax,ix
em,m
n,n
ix,ix
jh,jh
pcl,pcl
axr,axr
ow,ow
ow,ah
ix,iy
nx,n
k,k
n,n
g,k
n,m
ih,ix
v,gcl
kcl,kcl
ae,eh
ix,axr
iy,iy
zh,sh
z,z
l,el
ow,ow
n,n
y,y
tcl,tcl
q,q
ih,ix
th,f
l,l
q,dx
q,q
y,y
dx,dcl
l,l
dx,dx
aa,aa
jh,jh
tcl,kcl
kcl,tcl
n,m
sh,sh
pcl,kcl
z,z
q,q
q,tcl
n,n
ah,eh
f,f
iy,iy
n,m
th,k
gcl,gcl
l,l
ow,axr
f,f
ng,n
t,t
ix,iy
sh,sh
d,dx
f,v
ae,ae
tcl,tcl
iy,ix
r,r
l,l
ae,ae
tcl,bcl
iy,iy
ng,ng
m,m
f,f
n,n
ao,ao
ih,ix
tcl,dh
jh,jh
m,m
hh,hh
aa,aa
t,jh
ae,ae
l,l
s,s
ch,jh
dx,dx
iy,iy
ix,ix
sh,sh
hh,hh
ix,ax
ow,ow
hh,hh
f,f
k,k
oy,oy
r,axr
r,r
tcl,tcl
dh,dh
ah,ah
ax,ax
er,axr
p,p
dx,dx
dcl,dcl
s,s
axr,axr
pcl,pcl
ix,ih
s,s
gcl,gcl
dh,dh
p,p
r,r
tcl,gcl
l,l
kcl,tcl
ih,ae
s,s
er,r
iy,iy
gcl,n
gcl,gcl
axr,axr
kcl,kcl
th,th
tcl,tcl
axr,axr
hv,hv
s,s
s,s
ae,ae
t,dh
ax,ax
ax,ix
uh,ax
eh,eh
iy,iy
ae,eh
dx,dx
kcl,tcl
kcl,kcl
tcl,kcl
v,v
l,l
jh,t
axr,axr
eh,eh
tcl,tcl
m,m
ah,ao
bcl,bcl
jh,jh
s,s
ao,ao
s,s
ah,ah
bcl,bcl
l,l
tcl,tcl
k,k
dcl,dcl
ao,ao
l,l
axr,r
r,r
ay,ay
hv,hh
ih,ih
y,y
gcl,tcl
hv,hv
w,w
r,r
iy,iy
z,z
ix,ix
n,n
kcl,kcl
n,n
ih,ih
iy,iy
ae,eh
kcl,kcl
w,l
ih,ih
ih,ih
n,n
n,n
er,aa
aa,aa
eh,axr
ae,ae
s,s
tcl,tcl
p,p
ax,ax
n,n
s,s
kcl,tcl
ey,ey
n,n
n,n
tcl,tcl
n,n
sh,p
tcl,tcl
sh,sh
kcl,tcl
l,l
n,n
el,ow
n,ng
kcl,tcl
t,t
kcl,kcl
ih,eh
n,dcl
l,l
bcl,dcl
ux,ix
r,r
jh,jh
l,ao
iy,iy
aa,aa
ax,ax
gcl,kcl
f,f
dcl,gcl
zh,z
q,q
ah,ah
q,q
b,b
ay,ay
bcl,bcl
sh,sh
ae,ae
k,k
f,f
m,n
aa,aa
k,q
s,s
n,v
iy,iy
q,q
z,z
g,ix
ux,ux
ng,n
f,f
gcl,dcl
hv,hv
ae,eh
eh,eh
zh,zh
bcl,bcl
iy,iy
ix,ix
p,dh
l,l
ah,ah
ow,ow
ao,ao
jh,jh
aa,aa
eh,eh
ae,ey
ax,ix
kcl,tcl
tcl,tcl
r,r
t,t
ix,iy
l,l
r,r
tcl,tcl
ay,ay
y,iy
sh,sh
n,n
dcl,n
aa,aa
aw,ah
el,el
ay,ay
n,n
p,p
z,z
ao,ao
ay,ay
n,n
s,s
n,m
t,t
r,r
eh,ah
ix,ix
q,q
p,hh
ix,ix
pcl,pcl
kcl,tcl
ao,ao
q,q
hh,hh
z,z
aa,aa
eh,eh
ae,ae
r,r
k,k
ix,ix
en,en
n,m
ux,ux
n,n
l,l
eh,eh
s,z
ao,axr
ey,ey
l,l
ix,iy
iy,iy
s,s
f,f
tcl,tcl
ae,ae
bcl,v
t,t
dh,dh
s,s
s,s
m,m
ay,ay
iy,ix
n,n
dh,dx
jh,jh
y,q
el,w
pcl,bcl
kcl,kcl
tcl,kcl
l,ix
aa,ao
s,z
l,l
ax,ax
ae,eh
ix,ix
ax,ah
uh,axr
dh,dh
s,s
d,jh
th,v
r,r
el,el
ey,ey
ay,ix
r,r
aw,aw
f,z
tcl,bcl
hh,hv
ay,ay
ae,ae
f,f
ey,ey
s,s
iy,ix
kcl,tcl
th,t
er,er
hh,hh
ah,ah
dcl,gcl
kcl,tcl
m,m
n,n
iy,iy
ae,ae
z,z
ao,ao
ax,ax
m,m
ao,ao
sh,sh
axr,axr
kcl,kcl
dcl,dcl
kcl,tcl
ax-h,ix
k,k
m,n
hh,hh
ix,ix
pcl,tcl
ux,ux
er,er
d,t
g,g
axr,axr
ey,ey
ax,ax
gcl,v
oy,oy
aa,aa
ay,ay
p,p
ix,axr
ay,ay
n,tcl
ix,l
s,s
tcl,tcl
th,th
ah,ah
k,k
ao,r
ay,ay
g,g
sh,sh
n,dcl
er,er
ax,ix
er,er
tcl,gcl
ao,ao
n,n
nx,nx
oy,oy
ae,ae
r,r
kcl,kcl
dcl,dcl
iy,iy
eh,ih
ux,ux
m,m
f,f
s,s
kcl,tcl
p,p
dcl,gcl
ih,ix
l,dx
er,r
ax,ix
aa,aa
gcl,gcl
dx,dx
y,y
s,z
w,w
ux,y
ix,iy
tcl,kcl
tcl,kcl
aa,aa
hh,hh
n,n
iy,iy
ih,eh
m,m
q,q
iy,ix
l,el
t,t
tcl,kcl
iy,iy
ix,ix
ux,ix
ih,iy
aw,aa
tcl,tcl
nx,n
s,s
ax,uh
ih,ih
ow,ao
l,r
aa,aa
r,axr
z,s
gcl,gcl
r,r
s,s
ch,ch
th,f
ix,eh
dcl,g
dh,dh
sh,sh
ih,ih
w,r
y,y
k,k
kcl,pcl
r,r
tcl,tcl
t,t
ay,ay
ix,ih
jh,jh
f,f
q,q
tcl,tcl
ux,uw
w,w
kcl,kcl
l,l
ah,eh
f,f
y,y
n,m
ow,er
iy,iy
ow,ow
gcl,tcl
ux,ix
w,w
ae,ae
t,t
tcl,kcl
ih,ih
jh,jh
tcl,kcl
s,z
y,y
ih,eh
l,l
ng,n
k,k
iy,iy
kcl,kcl
f,p
ax,ax
ix,ix
l,l
iy,iy
l,l
ih,ix
kcl,tcl
s,z
l,l
ix,ix
kcl,kcl
f,f
l,l
n,n
ay,ay
s,s
axr,r
hh,hh
w,w
eh,eh
l,w
iy,iy
pcl,tcl
dx,dcl
v,v
q,hh
g,g
ao,ao
t,t
v,l
v,v
ux,ix
ow,ow
g,g
s,ch
nx,ix
eh,ix
eh,eh
l,el
f,t
ow,ow
q,q
r,r
t,t
el,el
ch,jh
tcl,tcl
sh,sh
r,r
n,bcl
t,t
q,q
er,axr
r,r
axr,axr
ih,ix
el,ow
eh,eh
n,n
n,n
eh,eh
l,l
ey,ey
aw,aw
ih,ix
s,s
r,r
eh,eh
ao,ao
l,l
ax,ax
ix,ix
zh,sh
ix,ix
ao,ao
aa,axr
aa,ao
kcl,kcl
d,t
f,f
v,v
ix,ix
axr,er
kcl,tcl
ix,ix
iy,iy
dcl,dcl
k,k
ix,ix
ay,ey
m,m
kcl,kcl
dcl,dcl
dcl,bcl
oy,oy
ix,ix
z,z
p,p
l,ax
y,iy
iy,iy
z,z
m,m
s,s
m,l
t,t
ix,ix
ah,ah
r,r
el,el
dcl,r
n,n
tcl,tcl
gcl,gcl
ax,ax
r,r
pcl,pcl
n,n
iy,iy
dcl,gcl
tcl,tcl
iy,ih
ax,eh
ow,ow
l,w
ih,ux
oy,ao
ix,q
ix,ix
dh,m
aa,aa
ng,n
z,s
q,q
pcl,tcl
tcl,tcl
l,r
kcl,tcl
hv,hv
ao,ao
sh,sh
m,m
kcl,kcl
dh,f
ax,ah
bcl,bcl
ow,ow
bcl,bcl
s,t
ax,l
ae,eh
y,y
pcl,tcl
r,r
ch,ch
ay,ay
m,m
el,l
kcl,tcl
q,q
q,q
q,q
kcl,kcl
tcl,tcl
t,t
er,er
s,s
l,l
pcl,tcl
r,r
pcl,kcl
iy,iy
r,r
ah,ah
p,hv
pcl,tcl
w,w
k,k
iy,iy
s,s
gcl,gcl
g,g
aa,aa
r,eh
m,m
k,k
r,r
iy,iy
ey,ey
g,k
r,r
aa,aa
k,hh
tcl,tcl
ax,ax
sh,sh
k,g
q,q
uh,ux
t,t
ax,ix
l,l
jh,jh
ix,ix
r,r
ih,ih
nx,nx
y,y
v,v
ax,ax
ae,ay
eh,eh
hv,hv
t,t
s,s
m,m
w,w
m,m
v,hv
aa,aa
ax,axr
r,r
ah,ah
ix,ix
hh,hh
s,s
ah,ah
ih,iy
n,n
s,s
er,er
k,g
tcl,tcl
k,k
ao,ao
r,r
iy,iy
iy,iy
ae,ae
ih,ix
ng,ng
l,l
r,r
axr,r
ih,ey
l,w
p,p
axr,axr
axr,r
aa,aa
s,s
axr,axr
kcl,tcl
p,p
r,r
sh,sh
ix,r
ah,ow
hv,hv
dx,dx
y,y
f,f
n,n
m,w
r,r
s,s
r,ax
m,m
r,r
ah,aa
k,g
n,n
axr,ix
kcl,kcl
ix,ix
n,n
d,t
t,t
dcl,dcl
er,er
t,z
gcl,gcl
z,z
n,m
ae,ae
d,d
kcl,pcl
dh,tcl
axr,tcl
b,b
ix,ax
hh,hh
z,z
ix,eh
dcl,bcl
sh,s
f,s
aw,aa
k,k
eh,eh
g,g
ax,ax
s,s
s,ch
t,t
l,dh
r,dx
pcl,kcl
m,bcl
tcl,tcl
sh,ch
w,w
z,z
eh,eh
ay,ay
r,r
ux,iy
tcl,tcl
p,p
ow,ao
t,t
ey,eh
ey,ey
y,y
ah,eh
s,s
eh,eh
tcl,ix
axr,ax
ao,ao
tcl,t
ix,ix
kcl,kcl
tcl,tcl
t,t
ix,r
l,ax
jh,jh
s,s
f,f
aa,aa
ix,ix
ix,ix
pcl,tcl
kcl,kcl
n,n
ih,ih
kcl,m
aa,er
ih,eh
f,t
w,w
iy,iy
ah,ah
ae,ae
ae,eh
ae,eh
k,k
s,s
ah,ah
f,f
f,f
l,l
g,g
ng,ng
f,f
ch,jh
l,l
z,hh
z,z
aa,aa
s,s
r,r
dx,v
ix,ey
q,q
dh,dcl
f,f
s,s
t,t
w,w
ay,aa
ix,ih
ay,ay
k,k
z,z
kcl,tcl
k,k
tcl,tcl
hh,aa
ey,ey
aa,ao
z,z
k,k
m,m
ih,ih
tcl,pcl
g,g
n,n
er,er
ih,ix
dh,dh
ey,ey
z,z
axr,r
z,z
r,r
r,r
ix,ix
n,n
n,ng
ey,ey
s,s
ix,ix
s,s
ay,ay
ah,ax
iy,iy
dh,dh
m,n
uw,uw
iy,iy
z,z
axr,ix
t,t
eh,eh
ix,ax
n,n
n,n
f,f
hv,hh
q,q
ow,aw
n,n
hh,hv
en,en
p,p
pcl,pcl
tcl,pcl
l,l
ae,ae
l,w
s,s
hh,hh
ix,ix
ey,ey
dcl,dcl
k,k
d,t
ih,ih
l,l
r,r
er,er
t,t
l,l
f,f
z,z
ix,ix
n,n
f,f
r,r
d,g
dx,dx
w,w
eh,ix
iy,iy
n,n
ae,eh
m,m
eh,eh
m,n
ix,ix
ay,ay
s,z
iy,iy
aa,aa
r,ax
en,en
pcl,tcl
s,s
hh,hh
n,n
l,l
s,z
v,v
ng,n
ax,axr
ix,ih
ah,ah
k,k
pcl,pcl
l,ax
el,l
ao,ao
dcl,kcl
ax,ax
s,z
ih,ih
s,s
s,s
er,axr
n,n
bcl,f
ay,ay
t,t
t,d
iy,iy
em,ax
eh,eh
er,er
ix,ix
ey,ey
w,w
er,er
gcl,gcl
ow,ow
f,f
s,s
k,k
l,l
iy,iy
k,k
ix,ax
dcl,dcl
ix,ix
dcl,kcl
z,z
ix,ix
z,z
ae,ae
t,t
m,dh
t,d
p,p
s,s
t,t
eh,ix
ih,ih
iy,iy
z,z
ux,ux
sh,sh
en,n
s,s
ng,n
z,s
aa,aa
ix,ix
l,l
ux,iy
z,z
bcl,bcl
l,l
y,ih
r,r
dcl,dcl
ih,ix
q,q
axr,r
uh,ih
ax,ax
b,p
gcl,gcl
dcl,dcl
s,s
r,r
axr,er
r,w
ao,ao
r,axr
uh,ix
gcl,kcl
dcl,pcl
ay,ay
v,g
z,z
r,r
ah,ah
axr,er
l,l
r,r
aa,ao
z,z
k,k
aa,aa
ow,ow
p,tcl
r,r
ao,aa
ow,ow
g,k
pcl,kcl
s,s
g,k
d,t
axr,axr
t,t
l,l
s,s
tcl,kcl
tcl,tcl
ao,ao
f,f
ax,ax
ax,ax
m,m
pcl,tcl
dh,dh
r,b
ow,aw
ix,ix
ay,ae
ax,ax
m,n
kcl,kcl
ae,aa
g,g
f,f
t,d
sh,sh
dh,dh
tcl,tcl
n,m
p,p
w,w
ux,ix
k,k
s,s
eh,eh
ux,y
axr,ih
ax,r
q,ix
eh,eh
iy,ix
ix,ix
eh,ey
pcl,tcl
q,q
s,s
eh,eh
axr,r
iy,ih
ao,ao
z,z
m,m
iy,iy
tcl,tcl
iy,ay
iy,ix
iy,iy
el,el
v,v
bcl,v
s,s
ey,ey
w,w
ah,ah
ix,ih
p,f
k,k
k,k
ao,ow
ae,ey
v,v
kcl,kcl
ax,ax
l,l
kcl,kcl
ax-h,ax
hv,eh
n,n
bcl,bcl
ih,ih
d,b
k,s
n,n
kcl,kcl
w,w
iy,iy
dcl,tcl
ux,ux
iy,iy
ux,ux
ae,ae
bcl,bcl
iy,iy
r,r
axr,eh
ix,ix
nx,n
r,iy
aa,aa
n,n
s,s
ng,ix
ix,ix
n,n
l,l
axr,r
em,en
z,z
dcl,dx
m,m
eh,eh
kcl,k
iy,iy
ux,ix
l,w
r,r
eh,ih
jh,jh
s,s
ax-h,kcl
f,f
ix,ix
er,er
aa,eh
w,w
f,f
t,t
s,s
m,n
gcl,gcl
aw,ay
dcl,kcl
eh,eh
s,s
hh,hh
dh,dh
ao,aa
ih,ih
ao,ao
s,s
r,axr
bcl,dcl
ix,ix
gcl,n
l,w
aa,ao
iy,iy
n,n
l,l
r,r
f,f
w,w
f,f
ix,w
ix,ix
n,n
r,r
ih,ih
ah,ax
bcl,tcl
ix,ix
ux,ih
r,r
iy,iy
ix,eh
t,t
q,ix
bcl,m
ch,t
s,s
dh,dh
ae,ae
ih,iy
w,w
y,iy
kcl,tcl
k,k
l,l
iy,iy
v,v
w,w
ix,ix
eh,ih
gcl,bcl
ao,ao
kcl,kcl
ch,ch
q,q
iy,iy
d,t
n,g
aa,ay
ix,l
r,r
ow,eh
d,dh
uw,uw
n,n
iy,ix
ax,l
ay,ay
tcl,tcl
dh,dh
n,ng
th,th
dcl,ng
q,q
eh,axr
ih,ix
ay,ay
dh,dx
ao,ao
r,r
ao,ao
dh,dx
t,k
ax,l
ix,ix
kcl,kcl
t,t
ao,aa
l,l
f,hh
iy,ey
ix,ix
bcl,tcl
eh,eh
t,t
v,v
y,y
ih,ih
eh,eh
ux,ux
pcl,tcl
r,r
ux,ih
v,v
v,n
aa,ay
ah,ah
n,tcl
f,f
w,w
er,er
iy,ey
ao,ao
d,jh
sh,sh
q,q
kcl,tcl
dcl,dcl
f,f
eh,eh
pcl,tcl
ix,ih
aa,aa
f,f
l,q
l,l
sh,sh
s,s
w,w
th,th
ao,aa
aa,aa
ao,ao
dcl,dcl
ax,ix
er,er
uh,eh
iy,iy
aa,ao
m,m
dh,hh
ow,ow
axr,axr
q,q
aa,aa
z,z
en,ix
p,p
eh,eh
l,l
ih,ix
ah,ax
k,k
f,f
eh,ix
ah,ao
r,r
ix,ix
dx,dx
eh,eh
m,m
dcl,tcl
t,k
uw,ix
n,ng
s,z
bcl,bcl
hv,hv
ix,ix
dcl,dcl
ax,ax
r,r
p,p
m,m
jh,jh
s,s
iy,iy
v,z
bcl,bcl
r,r
ng,n
dcl,dcl
hv,hv
ux,ux
dcl,dcl
ix,iy
ow,l
m,m
t,hh
er,er
z,s
dcl,dcl
axr,axr
l,l
th,dh
k,k
l,w
iy,iy
ax,r
axr,axr
dh,tcl
ch,t
d,d
p,p
w,w
s,t
iy,iy
iy,iy
n,n
ae,ae
bcl,pcl
uw,uw
dx,dx
l,ix
p,p
s,s
eh,eh
ix,ix
ix,ix
k,k
bcl,bcl
bcl,bcl
ax,ax
iy,iy
ih,ih
tcl,kcl
ae,ae
n,n
dh,dh
eh,eh
axr,ux
y,y
sh,zh
r,r
f,v
tcl,tcl
f,f
ey,ey
aa,aa
d,t
r,r
uw,el
t,t
k,k
bcl,bcl
tcl,tcl
w,w
ey,ey
v,v
kcl,kcl
f,f
z,s
ay,ay
ao,ao
q,q
ah,aa
uw,ao
ae,ae
ay,eh
r,er
z,z
y,y
p,p
ih,ih
s,s
ix,ix
el,q
tcl,kcl
l,l
er,axr
dcl,dcl
er,axr
dh,ix
gcl,dcl
l,l
r,r
iy,iy
nx,l
en,en
ix,ix
p,p
ix,ix
ux,ux
ux,ux
gcl,gcl
kcl,kcl
ay,aa
m,m
t,t
aa,aa
ng,ng
r,r
w,w
ix,ix
q,ix
ao,ao
dcl,dcl
n,n
y,y
w,w
dcl,tcl
dcl,n
l,l
l,l
r,r
ow,ow
sh,sh
iy,iy
s,s
iy,iy
m,n
f,dh
w,w
eh,eh
p,p
ih,ix
n,n
l,l
ax,ax
s,z
tcl,tcl
q,q
r,r
n,n
q,q
k,jh
v,v
t,t
oy,oy
iy,axr
axr,axr
ao,ao
kcl,kcl
r,r
iy,iy
sh,sh
n,n
kcl,kcl
ng,n
ah,ax
ih,ih
y,y
ax,ax
q,q
s,s
sh,sh
aa,ah
w,w
aa,aa
l,l
tcl,tcl
ao,ao
q,q
ow,ow
f,f
eh,ax
t,jh
l,l
aa,r
tcl,tcl
zh,sh
aa,ao
k,k
p,b
l,l
kcl,kcl
ax,ix
r,r
kcl,tcl
ax-h,dx
iy,iy
ix,eh
ey,ey
hh,q
ay,ay
ix,l
q,q
l,ax
pcl,pcl
dcl,tcl
p,p
ix,ix
iy,iy
d,t
uh,ah
ng,ng
l,r
dcl,dh
l,w
tcl,tcl
dcl,dcl
ae,ae
tcl,kcl
m,n
tcl,dcl
ix,ix
eh,ay
s,s
iy,iy
ah,aa
ao,eh
gcl,gcl
q,q
p,k
r,aa
w,w
n,n
q,q
iy,iy
ax,ax
em,m
ay,ay
iy,iy
hh,hh
r,r
dx,dx
n,n
eh,eh
nx,n
n,dh
ae,ae
kcl,tcl
l,l
t,t
ix,ix
tcl,tcl
sh,sh
dcl,kcl
dx,v
ix,iy
ax,ax
ey,ix
er,er
er,er
dh,nx
n,n
q,q
k,k
k,k
ae,ae
gcl,n
d,t
m,n
dcl,tcl
sh,sh
axr,axr
r,r
ah,ao
ix,ng
s,s
gcl,gcl
v,m
kcl,kcl
axr,er
ah,ax
r,r
q,q
ux,ux
eh,eh
sh,ch
kcl,kcl
tcl,tcl
s,s
axr,axr
ih,iy
ow,ow
eh,eh
ay,ay
n,n
r,r
ae,ae
f,f
dcl,tcl
l,l
ih,ih
ix,ix
ih,ix
iy,ih
t,t
m,m
bcl,bcl
ih,eh
ay,ay
pcl,tcl
s,s
l,l
ao,ao
l,uw
eh,eh
ay,ay
dcl,bcl
axr,er
n,n
y,y
q,q
ah,eh
uh,ix
t,t
n,n
er,axr
eh,eh
iy,ix
aa,aa
hh,p
z,s
iy,iy
iy,iy
t,tcl
dh,n
n,n
eh,eh
hv,ix
r,r
s,s
tcl,tcl
ux,ux
ey,ey
kcl,hh
z,z
iy,iy
ix,ix
s,s
gcl,tcl
ix,iy
dh,dh
ch,ch
k,k
pcl,tcl
ay,ey
r,ax
kcl,kcl
k,k
ng,ng
dcl,dx
m,m
ax,ax
t,t
aa,aa
r,r
m,m
iy,iy
n,n
aa,l
m,m
tcl,tcl
eh,eh
iy,iy
ih,ih
ao,ao
hv,hv
s,s
kcl,tcl
z,z
ix,axr
w,w
oy,oy
hv,hv
ae,ae
v,v
r,r
s,sh
jh,sh
q,q
ng,ux
ux,iy
tcl,dcl
n,n
kcl,kcl
dcl,dcl
z,z
n,n
eh,ae
dh,l
s,z
pcl,tcl
th,th
ax,ax-h
iy,iy
iy,ix
ah,eh
r,r
hv,hv
p,p
zh,sh
tcl,tcl
q,kcl
ix,ix
pcl,tcl
k,g
ax,ix
s,z
eh,eh
w,w
s,s
tcl,tcl
ux,ux
iy,iy
tcl,tcl
ey,ey
r,r
axr,axr
uh,uh
ux,ux
n,n
zh,sh
gcl,gcl
r,r
iy,ey
l,l
ay,ay
z,z
g,g
ae,ae
iy,iy
q,q
pcl,kcl
ae,ae
ng,n
uh,uh
pcl,tcl
g,k
iy,iy
z,z
ih,iy
s,s
dcl,dx
ao,aa
r,r
l,l
iy,iy
k,k
ih,ix
axr,axr
ih,ih
ae,ae
r,er
ow,ow
ey,oy
g,g
dh,dh
tcl,kcl
iy,ix
eh,eh
ow,ao
r,r
ih,ih
ey,ih
ux,ux
w,w
tcl,tcl
dcl,dcl
ix,l
kcl,kcl
ow,ow
y,y
m,n
kcl,tcl
tcl,kcl
ix,ih
ow,ow
eh,eh
ih,ih
r,r
ax,ax
ow,ow
ay,ay
pcl,tcl
pcl,tcl
axr,r
dcl,tcl
ih,eh
ux,ux
s,s
bcl,bcl
r,er
aa,aa
ix,ix
ix,ix
ih,ih
ae,ae
s,s
dh,ix
jh,jh
r,r
y,y
n,m
kcl,kcl
w,w
ao,ao
l,l
s,s
iy,iy
ch,ch
iy,iy
z,z
n,n
iy,iy
s,s
iy,iy
z,z
dh,dh
axr,axr
jh,sh
th,f
w,w
z,z
tcl,kcl
w,w
n,ix
er,er
kcl,gcl
gcl,gcl
ih,ix
dcl,n
w,w
n,n
l,l
gcl,tcl
f,f
q,kcl
ay,ay
p,p
uw,uh
s,s
dcl,gcl
k,k
r,r
p,p
r,r
hv,hv
iy,iy
r,r
ih,eh
axr,q
kcl,kcl
z,z
eh,eh
l,w
ay,aa
ix,ux
z,z
n,en
ah,ow
s,s
sh,sh
kcl,kcl
ux,ix
g,g
z,z
n,n
ih,ix
ih,ih
k,g
r,r
l,l
r,r
s,z
ih,ix
l,l
k,k
q,tcl
tcl,tcl
dx,r
ix,ix
dcl,tcl
s,s
tcl,kcl
r,r
pcl,tcl
ix,ix
kcl,tcl
jh,t
ae,ae
p,p
r,r
ih,ix
d,b
el,el
r,r
kcl,k
n,n
ih,iy
aa,aa
hv,hv
ae,ae
m,n
iy,iy
th,th
ix,eh
z,s
ah,ax
n,n
p,p
ah,ah
n,n
s,s
q,q
ao,ao
dh,dh
aa,aa
kcl,tcl
r,r
v,v
t,t
tcl,tcl
s,s
ae,eh
tcl,kcl
g,g
ux,iy
z,z
iy,iy
dh,dh
ix,q
dx,dx
ey,iy
aa,aa
ao,ao
t,t
iy,iy
ih,ih
axr,aa
f,f
iy,iy
z,s
k,k
ng,ng
eh,ih
iy,iy
iy,iy
l,l
pcl,tcl
ey,ey
aa,aa
ng,ng
kcl,kcl
gcl,tcl
s,s
v,v
ix,ix
ix,ix
tcl,tcl
iy,iy
iy,iy
tcl,tcl
w,w
dcl,tcl
aw,aw
aa,aa
ae,ae
ey,iy
z,z
m,m
ix,ix
ux,ix
r,r
ow,oy
pcl,tcl
k,k
w,w
sh,sh
p,p
w,w
er,axr
m,m
ae,ae
ux,ix
ax,ax
tcl,tcl
dh,p
ae,ay
q,q
kcl,kcl
m,n
d,dh
ey,ey
iy,iy
f,f
ow,r
w,w
eh,eh
hh,hh
ih,ih
y,y
r,r
s,s
axr,axr
dcl,gcl
dx,dx
pcl,kcl
th,f
s,s
t,t
er,er
dcl,bcl
ae,eh
f,f
jh,jh
r,axr
aa,aa
n,ng
ix,ix
ax,ax
l,l
l,l
ow,ow
dx,d
aw,aw
z,z
t,t
ch,ch
dx,dx
oy,ay
b,b
ae,ae
er,axr
aa,ao
iy,iy
iy,iy
m,m
n,n
ih,ih
q,q
ih,ix
dh,f
axr,axr
dh,dh
ay,ay
oy,oy
aw,ae
iy,iy
axr,axr
kcl,kcl
l,l
ix,eh
s,s
ae,ae
ae,ey
tcl,kcl
b,b
w,w
hv,hv
er,er
dcl,dcl
dcl,n
s,th
ix,ix
l,ao
s,s
n,n
s,s
jh,jh
ix,ix
ix,iy
iy,iy
p,p
sh,hh
w,w
r,r
iy,iy
l,l
ae,ae
g,dx
ix,ix
s,s
t,t
n,n
th,th
l,l
z,s
k,k
m,n
ix,ix
dcl,dcl
b,p
sh,sh
eh,ih
aa,ao
p,p
r,r
ow,ow
kcl,kcl
aa,aa
ih,ih
jh,jh
r,r
v,v
kcl,kcl
w,w
sh,sh
q,q
ix,ix
l,n
er,axr
s,s
er,axr
nx,l
sh,s
z,z
nx,n
tcl,kcl
ao,ao
t,jh
ax,ax
iy,iy
nx,dx
bcl,bcl
ao,ao
aa,aa
tcl,tcl
ae,ae
eh,eh
ax,ix
ae,ae
tcl,tcl
ix,ix
r,r
n,m
dcl,tcl
ae,ae
m,m
ay,ay
dh,d
axr,en
m,m
n,n
n,ix
gcl,tcl
ae,eh
k,k
ow,ow
ix,ix
pcl,tcl
ax,r
th,dh
n,n
l,ix
t,t
iy,iy
axr,ix
hh,hh
iy,iy
y,iy
n,n
dx,dx
r,r
z,z
l,l
t,t
kcl,kcl
m,m
iy,iy
axr,axr
axr,ix
ao,ao
n,n
ah,ah
ih,ix
nx,dx
n,n
n,n
kcl,kcl
t,t
ih,ih
eh,axr
s,s
ux,ux
iy,iy
el,el
sh,sh
n,n
ih,ih
r,r
ax,ax
f,f
ey,ey
er,axr
y,y
w,w
ix,ix
n,n
y,iy
ae,ae
bcl,bcl
s,s
er,axr
ae,ae
l,l
f,f
el,l
ay,ay
tcl,tcl
eh,eh
r,r
r,r
el,el
ay,ay
ix,ix
k,k
r,r
s,s
dx,dx
f,v
w,ow
kcl,kcl
m,m
tcl,tcl
m,n
p,p
kcl,kcl
r,r
ay,ay
dcl,dcl
ah,er
ux,ux
ih,ih
jh,jh
r,r
hv,hv
er,axr
r,r
v,v
ax,ix
f,f
dcl,kcl
axr,axr
w,w
z,z
ah,ax
r,r
ih,ih
ng,ng
er,er
ae,ae
s,s
t,t
dcl,dcl
ae,aa
dcl,bcl
ae,ae
ix,ix
p,p
sh,sh
pcl,tcl
w,w
ch,ch
tcl,tcl
l,l
gcl,gcl
n,n
dcl,dcl
jh,t
dcl,gcl
iy,iy
ao,ao
s,s
ih,ax
eh,eh
tcl,tcl
r,r
t,t
ah,ah
er,er
s,z
ao,ao
r,axr
eh,eh
f,f
n,n
r,r
z,z
v,v
iy,iy
l,l
dx,dx
axr,axr
ay,ay
ae,eh
pcl,pcl
ng,ng
r,r
dcl,tcl
z,z
s,s
ax,eh
s,s
dcl,n
s,s
hv,hv
n,n
tcl,tcl
g,g
dx,jh
f,f
z,z
ow,ow
k,kcl
f,f
ix,ix
axr,r
iy,iy
n,tcl
axr,axr
dcl,dcl
ch,ch
iy,iy
ae,ae
tcl,tcl
dcl,dcl
bcl,bcl
er,er
pcl,pcl
eh,ih
n,nx
ih,ih
s,s
sh,sh
ng,n
dcl,n
sh,sh
k,k
f,f
aa,ao
k,k
ix,ax
k,k
sh,sh
ch,jh
q,q
ae,eh
ax,ax
iy,iy
d,t
kcl,kcl
bcl,bcl
ax,ax
ih,ih
gcl,gcl
ah,ax
r,r
iy,iy
f,f
q,q
r,r
d,dx
ix,ix
d,d
eh,ix
sh,sh
axr,axr
oy,oy
d,t
ng,n
w,w
f,f
r,r
ao,ao
s,s
ix,iy
aa,aa
n,n
n,m
uh,ix
eh,r
dx,dx
r,r
eh,ih
iy,iy
er,axr
pcl,tcl
bcl,bcl
r,r
m,m
n,n
iy,iy
z,z
gcl,gcl
t,t
th,th
eh,eh
ay,ay
ix,v
t,t
w,w
v,v
ix,ix
s,s
dcl,tcl
q,q
ay,ay
ih,ih
ay,ay
ih,ih
kcl,tcl
iy,iy
r,l
ax,ax
q,q
ix,ix
th,th
q,axr
t,p
z,z
iy,iy
el,el
eh,eh
eh,eh
iy,iy
t,t
iy,ey
n,n
kcl,tcl
s,s
el,ow
tcl,kcl
ix,ix
en,en
ow,ow
iy,iy
t,k
kcl,kcl
dh,dh
er,er
n,n
gcl,gcl
s,z
ae,ae
iy,iy
m,bcl
eh,eh
n,n
n,n
ae,ae
kcl,tcl
tcl,tcl
zh,zh
s,s
ae,axr
l,l
ax-h,ax-h
ng,ng
ax,ax
n,ix
m,m
ae,ae
r,r
hv,hv
ax,ax
ax,ax
r,r
z,s
n,n
iy,iy
eh,eh
r,r
oy,oy
hv,hv
r,r
ao,ao
iy,iy
bcl,bcl
aa,ao
n,n
m,m
dh,v
s,s
s,s
ng,n
ae,ae
tcl,tcl
z,z
ow,ow
iy,y
m,n
gcl,gcl
iy,ih
m,m
z,z
sh,s
iy,iy
m,n
l,l
ih,ih
w,w
bcl,tcl
iy,iy
l,l
t,t
q,q
n,n
p,p
iy,iy
ix,ix
kcl,tcl
r,r
er,er
eh,eh
l,l
r,r
l,l
kcl,kcl
el,ax
ay,ay
ow,ow
w,m
m,dcl
ey,ey
iy,iy
hh,hh
ao,ao
ix,ix
er,eh
tcl,tcl
sh,sh
ae,ae
iy,iy
r,r
eh,eh
iy,iy
ng,n
ey,ey
kcl,kcl
ow,ow
sh,sh
ix,ih
kcl,tcl
ax-h,tcl
ao,ao
ix,ix
jh,jh
p,p
ax,r
r,r
n,n
r,r
hv,hv
ao,ao
ix,ix
hv,hv
r,r
pcl,pcl
l,l
ix,ix
bcl,bcl
t,t
ih,ix
r,r
ih,ih
f,f
ay,ay
t,t
ix,ix
ng,ng
gcl,gcl
p,t
t,t
ih,ih
iy,ix
tcl,tcl
z,z
s,z
dh,t
eh,eh
y,y
v,ix
m,m
w,w
ow,el
ix,ix
eh,eh
t,t
ix,ix
iy,iy
hh,hh
s,s
r,r
ae,ae
uh,ih
th,dh
g,g
ch,ch
k,g
z,z
ow,el
n,nx
l,dh
dh,dh
ow,ow
axr,ux
ae,ae
z,z
r,r
z,s
ih,ih
l,ow
r,r
n,n
ae,ae
bcl,v
er,axr
l,l
s,s
aa,aa
iy,iy
dcl,dx
g,g
ix,ix
l,l
kcl,tcl
s,s
pcl,tcl
ih,ix
r,r
n,n
r,ay
eh,ae
kcl,kcl
s,s
ux,iy
r,r
ih,ih
ih,ih
m,m
ux,ux
d,t
th,z
ow,axr
ih,ix
ih,ih
s,s
kcl,tcl
pcl,tcl
kcl,tcl
ng,m
v,v
er,er
ao,ao
s,s
t,d
ax,ax
aa,ao
sh,sh
tcl,tcl
ch,t
d,t
ah,ah
w,w
m,m
ao,ao
d,t
er,axr
z,z
y,y
dh,d
w,w
r,r
b,p
m,m
v,v
l,ax
uh,ux
ey,ey
oy,oy
en,ix
r,r
ae,ae
ao,ao
ih,eh
iy,iy
ax,ax
z,z
l,l
ix,ix
sh,sh
dcl,tcl
dcl,dcl
ao,aa
ax,ax
l,l
ah,ah
ae,ae
aw,aw
iy,iy
n,n
l,l
eh,eh
axr,axr
hh,hh
tcl,tcl
ax,ax
z,z
l,l
hv,hv
eh,ey
t,t
aa,ay
axr,axr
k,k
ax,axr
q,q
er,er
eh,eh
d,t
tcl,tcl
dcl,gcl
er,er
ix,ax
s,s
ix,ix
w,l
y,y
t,t
l,l
l,l
d,d
m,m
s,s
kcl,kcl
ih,uh
p,p
kcl,tcl
ow,ow
dcl,tcl
nx,nx
w,w
dcl,tcl
dx,dx
en,en
pcl,tcl
ix,ix
k,k
ao,ao
w,w
l,l
t,t
tcl,tcl
kcl,kcl
ae,ae
m,m
n,v
hh,hv
ih,ih
ix,ix
nx,nx
jh,jh
iy,iy
eh,eh
m,m
axr,axr
dh,v
l,l
r,r
axr,axr
d,k
n,n
n,n
n,ng
w,w
pcl,kcl
iy,iy
tcl,tcl
ix,r
sh,sh
tcl,tcl
axr,axr
ux,iy
ax,uh
ao,ao
dh,dh
ux,ux
ay,ay
ae,ae
l,l
ey,iy
iy,iy
sh,sh
tcl,tcl
ix,iy
f,f
tcl,tcl
ix,ix
ae,ae
ay,ay
dcl,dcl
z,z
eh,ah
iy,iy
pcl,tcl
th,th
pcl,tcl
l,l
tcl,bcl
t,t
dcl,tcl
ih,ey
axr,r
ae,ae
axr,axr
eh,eh
w,w
aa,aa
dcl,bcl
r,r
g,g
ng,en
eh,eh
ay,ay
g,g
tcl,tcl
ux,ix
ey,ey
ay,ay
n,m
n,dx
ax,ax
ao,ao
aa,ao
ao,w
iy,iy
ax-h,t
k,k
hv,hv
tcl,kcl
m,m
er,axr
r,r
tcl,tcl
pcl,tcl
ix,ih
q,q
n,n
m,m
uw,uw
ow,ow
tcl,kcl
k,k
iy,iy
q,q
hv,hv
ey,iy
v,v
r,r
k,k
ix,ux
ao,ao
ay,ay
ax,ax
l,l
ax,v
ix,ix
ix,ix
v,th
m,m
kcl,gcl
ey,ey
ow,ow
z,z
ah,eh
s,s
sh,sh
ow,ao
ax,eh
kcl,kcl
q,q
r,r
ch,ch
r,axr
n,m
sh,sh
ey,iy
l,l
dcl,dcl
tcl,tcl
kcl,kcl
iy,iy
n,dx
y,y
ix,ix
kcl,kcl
ey,iy
ax,ix
s,s
s,s
pcl,pcl
axr,axr
m,n
ih,ey
ah,ax
z,z
s,s
iy,iy
ah,r
ih,ih
pcl,tcl
er,er
ih,ix
er,axr
en,en
k,k
ae,ey
ux,iy
ey,ey
ih,l
r,r
axr,axr
gcl,gcl
n,n
n,n
kcl,kcl
iy,ax-h
dcl,tcl
tcl,kcl
dcl,tcl
kcl,tcl
tcl,tcl
dx,dx
nx,nx
ix,ix
n,n
s,s
ae,eh
iy,iy
sh,sh
axr,eh
ux,ux
pcl,bcl
k,k
sh,sh
f,f
ey,ey
tcl,tcl
ow,ax
l,l
aa,aa
s,s
eh,ix
ae,ae
oy,oy
l,l
ix,ix
gcl,gcl
pcl,tcl
kcl,kcl
kcl,kcl
ax,ax
dh,dx
dcl,dcl
t,dh
ah,r
dh,dh
uw,ao
ax,ax
hv,hv
ax,ix
axr,r
ah,ax
pcl,tcl
eh,eh
s,s
s,s
n,v
eh,ey
kcl,kcl
ax,eh
iy,iy
ih,ih
w,w
r,ax
ax,hv
s,s
n,ng
m,m
dh,dh
v,v
z,z
eh,eh
v,v
kcl,kcl
tcl,tcl
aa,aa
aa,ao
r,r
k,k
v,v
ax,ax
k,k
v,v
k,k
axr,r
dh,dh
iy,iy
w,w
l,l
s,s
oy,oy
eh,eh
ae,ae
dx,dx
n,n
n,n
ax,ax
dh,nx
s,s
ix,ix
ix,kcl
kcl,kcl
jh,s
gcl,gcl
r,eh
iy,iy
ng,n
dx,v
t,t
hh,hh
jh,jh
ax,ix
g,dx
kcl,tcl
n,n
p,p
dh,dh
gcl,gcl
l,l
f,f
ey,ey
ux,ux
q,q
ae,ae
ih,uh
uw,uw
v,v
aa,aa
tcl,q
w,w
t,t
t,t
axr,axr
ay,ay
ay,ay
m,m
z,z
eh,eh
kcl,kcl
n,n
bcl,m
s,s
n,n
ao,ao
pcl,tcl
z,z
sh,sh
eh,eh
l,l
l,l
dx,dx
ih,eh
kcl,gcl
f,f
bcl,tcl
z,z
w,ao
m,m
k,k
q,ix
hv,hv
th,th
dcl,dcl
v,dh
eh,eh
axr,ix
q,q
ux,ux
kcl,kcl
l,l
bcl,bcl
ao,ao
hh,hv
zh,zh
ih,iy
bcl,gcl
t,t
f,f
dcl,bcl
ae,eh
k,k
k,k
n,n
p,p
z,z
tcl,g
l,l
uh,ah
ah,ah
iy,iy
ah,ah
ng,n
l,l
s,s
axr,r
ux,ux
ao,ao
r,r
s,s
s,s
q,q
eh,eh
ay,ay
eh,eh
f,f
uh,ih
r,r
dh,dh
eh,eh
aa,aa
ao,ao
axr,axr
axr,axr
ah,ah
kcl,kcl
iy,iy
tcl,tcl
er,er
pcl,tcl
k,k
n,n
ih,ih
w,w
ay,ay
g,hh
tcl,kcl
sh,sh
ix,ix
eh,eh
ih,ih
iy,iy
iy,iy
iy,iy
ao,ao
t,t
r,r
f,v
q,axr
p,p
s,s
t,t
iy,ix
r,r
ih,eh
sh,sh
dcl,dx
ay,ay
d,dh
ax,aa
s,s
l,l
ey,ey
y,y
z,s
kcl,kcl
t,t
bcl,bcl
k,k
pcl,kcl
q,ax
dx,dx
s,s
m,m
dcl,y
r,r
iy,iy
ao,ao
l,uh
r,r
ao,ao
z,z
ih,ix
ey,ey
ih,ih
ax,ax
m,m
eh,eh
ae,eh
uw,uw
iy,iy
ae,ae
er,er
ih,ix
f,f
s,s
n,n
dx,d
dcl,dcl
m,w
dcl,dcl
pcl,tcl
r,r
hv,hv
z,z
t,t
ix,ix
kcl,tcl
iy,iy
ae,ae
t,t
ix,ax
iy,iy
tcl,tcl
ix,ix
n,n
s,s
l,l
z,z
eh,eh
tcl,tcl
kcl,kcl
n,n
s,s
s,s
n,n
tcl,tcl
l,ax
nx,nx
ae,ae
k,k
ao,uh
m,m
p,p
el,el
ih,ix
ih,eh
r,ih
f,f
ao,ao
r,r
ao,aa
axr,r
pcl,pcl
bcl,gcl
ch,sh
iy,iy
r,r
kcl,tcl
ix,ix
ih,ih
el,el
sh,sh
ux,ux
ih,ih
iy,iy
iy,iy
ih,eh
q,q
th,th
m,n
ay,ay
g,g
b,p
ch,ch
n,n
pcl,tcl
w,w
eh,eh
sh,sh
l,l
s,z
ow,ao
f,f
dh,dh
m,en
r,r
aa,aa
sh,sh
w,w
jh,jh
hh,hh
n,n
b,p
ih,ix
w,w
er,er
ah,ah
ng,ng
er,axr
p,p
kcl,kcl
kcl,kcl
g,k
p,f
aw,ao
ah,ah
er,aa
tcl,kcl
s,s
l,l
l,el
q,hh
eh,ih
iy,iy
s,s
l,l
ao,ao
g,g
b,dh
ch,s
ae,ae
pcl,pcl
w,w
tcl,tcl
ay,ay
w,w
l,l
ih,ih
gcl,dcl
ix,ix
r,r
en,en
ix,iy
z,z
n,n
iy,ix
dh,dh
dcl,gcl
r,r
q,q
er,er
ay,ay
z,s
z,z
er,er
ao,ao
b,hh
ay,ay
pcl,bcl
ey,ey
n,n
pcl,tcl
f,f
ng,n
ow,ow
uh,uh
ay,ay
f,f
f,f
tcl,tcl
t,p
m,m
gcl,gcl
kcl,tcl
z,s
uw,ux
n,ng
el,l
r,ix
n,nx
m,m
dcl,dcl
nx,nx
pcl,tcl
q,iy
bcl,bcl
r,r
r,r
dcl,bcl
kcl,kcl
hh,hv
n,n
ih,ih
eh,eh
n,n
l,q
eh,eh
w,w
ix,ix
aa,ao
ae,ae
m,m
y,y
t,t
ix,ix
eh,eh
f,f
ax,axr
ao,oy
th,dh
r,r
z,z
f,p
eh,eh
ah,ax
n,n
eh,eh
l,l
ao,ao
ae,ae
ih,ix
q,tcl
ae,ae
kcl,tcl
ae,ae
f,f
th,dh
ch,ch
s,s
ix,ix
ix,ux
s,s
n,dcl
ah,ah
w,w
kcl,kcl
ao,ao
f,f
hv,hh
aa,aa
er,er
ao,ao
iy,iy
ng,n
ah,ax
ih,ih
iy,y
z,z
ix,ix
t,t
axr,axr
eh,eh
dh,v
l,el
dcl,gcl
axr,ix
n,n
ae,ae
q,q
tcl,tcl
d,dx
n,n
bcl,tcl
ih,iy
iy,iy
aa,en
tcl,tcl
ix,ix
bcl,bcl
s,z
t,t
iy,iy
aw,aw
ix,ix
n,n
aw,ae
el,uw
m,m
ow,l
s,s
er,er
tcl,kcl
y,y
ix,ix
uw,ix
p,p
eh,eh
er,axr
q,q
kcl,tcl
ao,ao
ow,ow
s,s
n,n
m,m
dh,nx
v,dh
uw,uw
ng,n
eh,eh
iy,iy
n,n
axr,axr
m,m
ix,ix
dh,dh
eh,eh
f,f
t,jh
dcl,dcl
ow,ow
iy,ey
ae,ae
l,l
k,k
jh,jh
l,l
ng,n
n,gcl
l,l
l,l
f,f
l,l
s,s
r,ix
kcl,kcl
f,p
r,r
aa,ay
p,p
p,p
l,l
eh,eh
l,l
m,m
q,q
r,r
hv,hv
dcl,n
ih,axr
ao,ao
nx,dh
ih,ih
ch,ch
ix,ix
s,s
k,k
sh,sh
l,l
ao,uh
bcl,bcl
kcl,kcl
m,n
q,q
gcl,y
t,t
aa,aa
f,f
q,q
axr,axr
uh,uh
q,q
ae,ae
aa,aa
t,t
ih,ix
q,q
w,l
uh,uh
eh,eh
n,n
l,w
ax,r
bcl,bcl
axr,axr
ah,ah
kcl,kcl
z,z
l,l
k,t
s,z
n,n
dcl,gcl
axr,axr
sh,sh
er,r
t,t
ah,ao
hv,hv
iy,iy
axr,ix
ih,ih
dcl,tcl
nx,n
n,m
k,k
ax,ax
s,s
eh,eh
l,l
t,t
er,axr
dh,dh
tcl,tcl
ih,ix
r,r
ah,ao
s,s
ih,ih
dh,l
pcl,tcl
s,s
gcl,gcl
hh,hv
dcl,dx
l,l
iy,iy
bcl,bcl
ih,ih
ey,ey
dx,dx
s,s
ow,axr
jh,jh
s,s
ax,ix
s,s
ax,ax
ey,ey
hh,hh
ao,ao
kcl,tcl
r,r
aa,aa
sh,sh
n,n
er,axr
ey,iy
th,v
ao,ao
ao,ao
t,t
s,s
t,t
s,s
ae,ae
pcl,pcl
z,z
axr,axr
iy,iy
aa,aa
ey,ey
axr,axr
z,z
r,r
p,p
gcl,bcl
er,uh
el,el
ih,iy
ah,aa
ix,ix
pcl,tcl
ih,eh
er,axr
n,n
dx,y
ow,ow
ey,iy
axr,axr
s,s
sh,sh
f,f
ng,ng
er,er
r,r
dh,dh
dx,dx
gcl,gcl
ih,ih
aa,aa
ux,ux
ey,iy
iy,iy
v,v
iy,iy
t,t
kcl,kcl
l,l
iy,iy
sh,sh
ih,eh
t,t
k,k
iy,iy
er,axr
ih,ih
n,n
l,l
p,p
w,q
ih,iy
s,s
tcl,tcl
f,f
r,ao
el,el
r,eh
iy,iy
l,el
s,s
ah,ah
t,t
kcl,kcl
dcl,gcl
s,s
sh,sh
p,hh
r,r
f,f
iy,iy
iy,iy
ix,ih
iy,iy
ix,ix
s,s
r,ao
l,l
iy,iy
s,s
ax,ax
dcl,dcl
aa,aa
g,k
ih,ih
ay,ay
iy,iy
pcl,pcl
ae,ae
kcl,kcl
aa,ao
dh,dh
s,s
dcl,dh
ix,ix
n,n
dcl,dcl
er,er
v,v
ao,ao
dx,dx
ch,jh
sh,sh
dcl,dcl
ux,ux
sh,sh
ix,ix
dh,b
aa,aa
k,k
ng,ng
ux,ux
gcl,tcl
y,y
z,z
z,z
pcl,pcl
q,q
aa,aa
sh,sh
w,w
r,r
dx,dx
tcl,kcl
ow,ow
kcl,kcl
tcl,kcl
ax,r
ax,ax
s,s
axr,axr
q,q
l,l
jh,sh
l,ao
q,q
m,n
tcl,tcl
dcl,n
axr,aa
bcl,bcl
tcl,kcl
iy,ih
axr,er
l,l
tcl,gcl
k,k
n,m
ay,ay
th,f
ih,ih
k,k
axr,er
aa,aa
m,m
ow,ow
f,k
iy,iy
z,z
ix,ih
nx,dx
tcl,tcl
s,s
q,q
iy,iy
kcl,kcl
d,t
gcl,tcl
r,r
er,er
ay,ay
er,r
gcl,gcl
aw,aw
axr,r
eh,aa
l,l
ih,ix
ix,ix
l,l
ix,ix
r,r
ax,ax
ix,ix
q,r
axr,axr
ix,ix
q,q
r,ah
sh,sh
tcl,tcl
q,q
dcl,pcl
v,v
hv,hv
ih,eh
q,q
ix,ix
tcl,q
k,k
f,f
dcl,dcl
ae,ae
eh,eh
tcl,tcl
n,m
dh,dx
kcl,kcl
ix,ix
uh,ao
n,m
m,m
sh,sh
dcl,gcl
ao,aa
t,t
m,n
n,dcl
z,z
iy,iy
er,er
ih,ih
el,w
iy,iy
ow,ow
r,r
hv,hv
kcl,kcl
ux,ix
n,n
eh,eh
w,w
gcl,gcl
en,ng
eh,eh
ay,ay
f,f
w,w
dcl,bcl
th,tcl
ey,ey
ih,ih
l,ax
kcl,tcl
dcl,dcl
z,z
ix,ix
s,s
w,m
w,w
s,s
n,n
ao,aa
r,r
ng,n
v,v
m,m
aa,aa
ow,ow
er,er
ih,ih
ix,ax
ae,eh
iy,iy
ix,ix
ay,ay
q,q
t,t
l,l
l,l
uh,uh
kcl,kcl
axr,ux
m,n
ah,ah
k,k
dcl,dcl
k,k
er,er
pcl,tcl
er,er
ey,ey
m,m
dcl,dcl
el,el
dcl,gcl
m,m
ae,eh
ao,ao
q,q
dh,dh
ao,ao
ih,ih
ah,ah
r,r
k,k
iy,iy
ih,ih
ow,ow
p,p
tcl,tcl
ax,ix
ax,r
s,s
ey,ey
s,z
ao,ay
ah,eh
dx,kcl
axr,er
ay,ay
eh,ah
jh,ch
z,z
hv,hv
f,f
hv,hv
d,dh
n,n
iy,iy
ix,ix
y,y
er,axr
f,f
ao,ao
q,q
axr,er
dh,dh
m,m
t,t
dcl,dcl
ix,ix
w,w
f,p
kcl,tcl
dx,dx
g,g
n,b
r,r
n,n
iy,iy
ix,ix
ix,ih
eh,eh
w,w
tcl,tcl
nx,ax
v,v
d,t
iy,iy
r,ix
ax,ix
aa,ay
eh,eh
axr,ix
ax,ax
dx,dx
r,r
er,axr
aa,aa
sh,sh
ax,ix
t,t
ow,ow
ih,ix
s,s
s,s
axr,axr
aa,aa
w,w
ix,ix
ao,ao
iy,iy
g,k
s,s
v,v
n,n
kcl,kcl
aa,aa
sh,sh
w,w
iy,iy
ah,aa
r,r
aa,aa
n,n
tcl,tcl
t,t
iy,iy
eh,ih
er,axr
q,q
gcl,dcl
tcl,tcl
d,d
axr,r
n,n
hv,hv
dcl,tcl
kcl,tcl
y,y
s,s
t,t
ah,eh
v,v
dcl,dcl
el,el
p,p
axr,axr
m,n
hh,d
hh,p
ix,ix
kcl,kcl
f,f
ao,ao
m,m
w,w
s,s
eh,eh
hv,hv
ae,ae
r,axr
w,w
eh,ae
k,k
bcl,dcl
ch,ch
eh,eh
ih,ix
eh,ih
r,r
s,s
axr,axr
ng,en
z,s
aa,aa
k,k
ow,ao
iy,iy
q,q
hv,hv
kcl,tcl
pcl,v
iy,iy
f,f
ix,ix
n,n
ax,ax
n,n
r,r
l,l
q,dx
l,l
kcl,tcl
n,n
gcl,gcl
w,l
dx,q
f,p
ih,ax
q,q
pcl,tcl
ah,ao
eh,eh
ae,ae
q,tcl
ih,iy
kcl,tcl
ix,ix
f,f
r,r
er,r
n,n
dcl,bcl
dh,dh
r,ax
l,l
s,s
s,s
r,r
aa,aa
bcl,bcl
m,m
iy,ix
y,y
ih,ih
iy,iy
aa,ao
ih,ih
oy,oy
s,s
gcl,dcl
kcl,kcl
q,q
uw,ux
ix,ix
b,dx
aa,ao
jh,t
ey,eh
dh,dh
t,t
ae,ae
t,k
en,bcl
axr,axr
ay,ay
b,w
zh,zh
ix,ix
gcl,gcl
axr,axr
k,k
s,s
ao,ao
s,s
ih,ih
q,iy
eh,eh
y,q
f,f
l,l
ax,v
kcl,kcl
eh,eh
ih,iy
ae,ae
y,iy
w,l
t,t
n,n
ay,ay
jh,jh
iy,iy
ux,ux
r,axr
ey,ey
t,t
th,th
l,l
dh,dh
w,w
s,s
er,axr
l,l
ae,ae
p,p
v,ix
ix,ix
r,r
uh,ix
iy,y
ae,ae
ow,ow
eh,eh
w,w
w,w
aa,aa
aa,ao
ux,ix
dx,dh
s,z
d,jh
w,w
dh,dh
f,f
n,n
w,w
ix,eh
m,m
s,s
s,s
ih,eh
n,n
ow,el
jh,jh
ao,ao
ae,aw
l,l
r,r
ah,eh
l,l
gcl,kcl
jh,jh
ih,ih
iy,iy
eh,eh
f,kcl
r,r
dh,dh
r,r
er,axr
kcl,kcl
dh,ix
jh,jh
n,n
ih,ih
z,s
uh,uh
axr,axr
eh,ae
eh,eh
iy,iy
n,ix
l,l
s,s
r,r
ix,ix
pcl,tcl
s,s
ix,ix
t,t
eh,eh
p,p
bcl,v
r,r
sh,sh
y,y
d,dh
ey,ey
ix,ih
axr,r
l,l
p,p
n,n
bcl,bcl
ix,ix
tcl,tcl
pcl,tcl
jh,jh
pcl,tcl
ae,eh
er,er
th,dh
iy,iy
v,v
gcl,dcl
iy,iy
l,w
q,q
kcl,kcl
q,q
v,v
ux,ix
pcl,tcl
l,l
t,t
q,q
y,y
axr,eh
ih,ih
ow,ow
sh,sh
ax,w
d,d
l,ax
l,ix
s,s
w,uh
er,axr
tcl,gcl
dcl,dcl
ao,ao
ix,ix
gcl,dcl
dcl,tcl
eh,eh
dcl,gcl
m,m
t,t
w,w
hh,hh
l,n
d,d
aa,aa
ey,ey
kcl,kcl
v,v
k,k
dx,dx
axr,axr
s,s
sh,sh
pcl,tcl
r,r
hv,hv
iy,ix
s,s
ao,ao
ao,ao
z,z
kcl,tcl
jh,t
ix,ix
w,w
l,l
q,q
w,w
dx,dx
ah,eh
uw,uw
pcl,kcl
ey,ey
ow,ao
tcl,b
aw,aw
kcl,kcl
ng,ng
s,s
eh,eh
ax,ax
ae,eh
eh,eh
ih,ih
eh,eh
ae,ae
tcl,tcl
q,q
ax,ax
bcl,tcl
pcl,tcl
k,k
n,bcl
ih,y
tcl,tcl
ax,ax
dx,dx
oy,oy
aa,l
t,t
r,r
s,s
r,r
bcl,bcl
axr,r
f,f
iy,iy
eh,ae
kcl,kcl
n,n
g,g
zh,sh
kcl,kcl
s,s
w,w
ao,ao
hv,hv
hv,hv
n,m
tcl,tcl
ae,ae
n,n
iy,iy
pcl,kcl
m,r
eh,eh
r,r
ih,ax
sh,sh
ow,ow
z,s
q,q
ah,ax
th,z
n,n
t,t
ix,ax
ow,ow
dh,dh
ih,ix
pcl,tcl
bcl,gcl
f,f
ae,ae
m,m
jh,jh
ix,ix
ix,ix
ax,ax
ao,aa
pcl,tcl
s,s
iy,iy
ng,ng
jh,ch
gcl,gcl
z,z
l,l
s,s
z,z
ng,g
kcl,kcl
iy,iy
s,s
ix,ix
l,l
tcl,kcl
k,k
ux,ux
ix,eh
aa,aa
iy,iy
ey,ey
l,l
pcl,tcl
iy,iy
k,k
ix,ix
w,w
eh,eh
t,d
gcl,kcl
t,hh
r,r
s,s
s,s
ih,ih
z,s
ao,ao
eh,eh
iy,iy
n,n
ao,ao
t,d
m,n
g,g
z,z
eh,ah
p,p
tcl,tcl
ax,ax
dh,dh
tcl,tcl
k,k
s,s
th,f
n,n
l,l
l,w
dx,dx
g,g
t,t
f,f
ih,r
y,y
ae,ae
p,p
gcl,bcl
kcl,kcl
ey,ih
w,ao
ax,nx
aa,aa
dcl,dx
m,n
axr,axr
s,s
bcl,dcl
iy,iy
y,y
pcl,tcl
sh,sh
axr,axr
dcl,tcl
q,q
ix,ix
aa,aa
sh,sh
n,n
tcl,tcl
tcl,v
n,n
ow,ow
kcl,kcl
s,s
ix,ix
s,s
aw,aw
er,aa
l,w
axr,ix
ix,ix
dcl,tcl
en,n
tcl,tcl
l,l
th,th
ao,ao
eh,ix
l,uh
ix,ix
s,s
v,v
ow,ow
s,s
ae,ae
iy,iy
ix,axr
er,er
axr,axr
y,y
v,v
n,n
t,t
en,en
f,z
gcl,gcl
ao,aa
s,s
eh,eh
tcl,kcl
p,p
n,ng
s,s
z,z
n,n
eh,eh
zh,ch
k,k
k,k
sh,sh
k,k
ae,ae
bcl,bcl
kcl,kcl
n,n
ow,ow
ay,ay
aw,aw
ch,ch
ux,ix
er,er
ng,ng
t,t
dh,dh
sh,sh
ay,ay
pcl,n
m,n
y,y
aa,aa
aa,aa
oy,oy
ng,n
ix,ix
ih,ix
l,l
axr,axr
tcl,tcl
l,w
aa,aa
ay,ay
n,n
w,w
ah,ah
dh,f
gcl,tcl
m,m
k,k
aa,aa
s,s
ch,jh
r,r
l,w
ah,ax
v,r
t,t
sh,sh
z,z
kcl,dh
n,m
tcl,tcl
n,n
ax,ix
iy,iy
r,axr
n,nx
dcl,dcl
iy,iy
eh,ih
w,w
ao,ay
s,s
tcl,m
ih,ih
kcl,kcl
dh,dh
ae,ae
en,en
ao,ao
dcl,m
pcl,kcl
er,er
pcl,tcl
tcl,tcl
k,k
uw,uw
w,w
ay,ay
ey,ey
ax,eh
tcl,tcl
k,k
l,l
ow,ao
ng,n
ae,ae
q,q
ah,ix
l,l
aa,ao
r,r
iy,iy
tcl,tcl
v,v
sh,sh
eh,eh
z,z
nx,dx
q,q
m,m
dcl,n
ux,iy
eh,eh
iy,iy
l,l
ao,ao
iy,iy
dcl,dcl
w,w
q,q
m,m
ae,ae
sh,sh
d,q
hh,hh
m,m
z,z
ih,ix
ix,ix
iy,ix
eh,eh
ae,ae
ih,ih
ao,ao
ux,ux
k,k
l,l
m,v
iy,iy
n,n
f,f
dcl,tcl
ax,ax
q,q
gcl,gcl
ay,ay
jh,ch
gcl,gcl
dx,dx
l,ix
kcl,kcl
eh,eh
ey,ey
l,l
tcl,tcl
oy,oy
n,n
dcl,dcl
ey,ey
ay,ay
m,ae
n,n
ax,ix
ng,n
y,y
kcl,kcl
n,n
ix,ix
m,w
r,r
ih,ix
s,s
iy,iy
n,nx
w,w
er,r
ih,ix
tcl,tcl
r,r
ix,ix
z,z
ae,ae
er,er
ax,ax
s,z
ay,ay
n,m
tcl,tcl
k,g
k,k
ax,ih
ae,ae
uh,ao
axr,r
axr,axr
f,f
tcl,tcl
ao,ao
m,m
ae,ae
iy,iy
ey,ey
ey,ey
ay,ay
w,w
r,r
kcl,kcl
iy,iy
l,l
ih,eh
ae,ae
dh,dx
s,s
p,p
ih,ix
axr,ix
ng,n
n,n
n,en
sh,sh
m,m
l,l
m,m
dcl,tcl
d,t
ax,ax
s,s
m,m
ey,eh
p,p
ix,ix
ax,ih
t,t
l,l
l,l
z,z
s,s
dcl,bcl
w,w
z,z
r,r
jh,jh
iy,iy
ax,ix
l,ax
nx,dx
er,axr
ae,ae
el,ow
s,s
ao,ao
z,z
dx,dx
hh,hh
bcl,bcl
kcl,kcl
dh,dh
ey,ey
z,z
eh,eh
g,g
s,s
dh,dh
tcl,tcl
n,n
f,f
kcl,tcl
uw,er
s,s
ix,ix
r,axr
eh,eh
uw,l
kcl,pcl
s,s
t,t
k,k
gcl,gcl
n,ng
ah,ax
iy,iy
ay,ay
el,el
s,s
q,q
ah,eh
aa,aa
ix,ix
m,n
r,axr
dcl,gcl
kcl,kcl
s,s
iy,iy
axr,axr
dcl,dcl
tcl,tcl
axr,axr
pcl,kcl
dh,dh
q,q
kcl,tcl
sh,sh
r,ix
r,er
l,l
dh,dh
w,w
l,l
kcl,tcl
kcl,kcl
tcl,kcl
s,s
aa,aa
eh,ix
dcl,dcl
f,f
ao,aa
r,r
dh,dh
eh,eh
m,m
tcl,tcl
dcl,tcl
s,s
ix,ix
s,s
n,n
m,m
bcl,bcl
n,n
n,n
ih,ih
ax,axr
er,er
ix,ix
q,q
eh,eh
iy,iy
aa,aa
n,m
s,s
m,m
z,z
dcl,tcl
w,w
ih,ih
gcl,kcl
kcl,k
n,n
s,s
ae,ae
ng,ng
t,dh
l,l
k,g
k,k
axr,r
ao,ao
ih,ih
sh,sh
dcl,dcl
p,p
ax,ax
ah,r
q,q
s,s
nx,ax
axr,er
ih,ih
n,n
iy,iy
ih,ih
pcl,pcl
ae,ae
iy,iy
s,s
eh,eh
ow,ow
z,z
ix,ix
ih,ih
ux,ix
t,t
ao,ao
ax,ax
ax-h,kcl
aa,aa
ae,ae
w,w
q,q
ey,ey
iy,ix
s,s
ih,ih
l,ao
ax,ix
hv,hv
ae,ae
eh,ah
gcl,tcl
d,d
m,m
n,n
ao,aa
aa,aa
iy,iy
v,v
n,n
t,t
w,w
aa,aa
er,er
ix,ih
k,k
s,s
ae,eh
kcl,kcl
y,y
l,l
dx,dx
ow,ux
gcl,n
iy,iy
ih,ix
ux,ih
g,g
g,g
ix,ix
m,m
r,r
ae,ae
t,p
eh,r
dcl,gcl
r,r
z,z
s,s
tcl,tcl
n,n
g,g
ah,ao
ah,ix
pcl,kcl
m,m
ae,ae
m,m
n,n
s,s
ix,iy
y,y
t,t
ay,ay
sh,sh
iy,ey
ay,ay
n,n
aa,aa
pcl,tcl
ow,el
iy,iy
er,er
w,w
l,ax
s,s
ao,aa
r,r
eh,eh
gcl,gcl
s,s
s,z
r,r
dx,tcl
en,bcl
kcl,kcl
sh,sh
oy,ay
eh,eh
tcl,tcl
ix,ix
ix,ix
en,en
t,t
kcl,tcl
n,n
ax,ax
dcl,gcl
ae,ae
axr,iy
bcl,bcl
r,r
n,m
ix,ix
dx,kcl
iy,iy
er,er
r,r
ax,ix
s,s
r,axr
n,n
r,r
dx,ix
n,n
n,n
m,m
s,s
kcl,tcl
uh,uh
m,tcl
gcl,gcl
q,q
m,m
d,g
t,d
ey,ey
s,s
sh,sh
ng,n
ih,ih
gcl,gcl
ey,ey
t,t
axr,er
n,n
gcl,gcl
er,er
s,s
kcl,kcl
ax,l
uw,ux
p,p
axr,ix
ih,ey
pcl,tcl
iy,iy
w,w
p,p
v,v
r,r
ae,ae
gcl,gcl
s,s
dcl,dcl
uw,ix
dh,kcl
ix,ix
hh,iy
ah,ix
q,tcl
bcl,w
ah,ah
ng,ng
aa,aa
p,p
q,q
m,ng
q,q
el,ax
ow,ow
ih,ih
dcl,dcl
s,ch
axr,axr
zh,jh
axr,er
ix,r
sh,sh
t,t
ix,ix
hh,hv
k,k
th,f
ao,ao
s,s
ix,ix
v,w
ng,tcl
aa,ay
kcl,tcl
kcl,kcl
dcl,tcl
axr,ix
er,er
axr,axr
iy,iy
sh,sh
tcl,tcl
n,n
r,r
ae,eh
eh,ix
ix,ix
tcl,tcl
ux,ix
l,l
tcl,tcl
kcl,tcl
iy,iy
ah,ao
n,n
f,f
l,l
iy,iy
dcl,tcl
w,w
w,w
ax,ix
aa,aa
ax,ax
tcl,tcl
m,m
tcl,tcl
t,tcl
bcl,bcl
ay,ay
ey,ey
ao,ao
s,s
iy,iy
kcl,kcl
iy,iy
ih,eh
kcl,tcl
ey,ey
ae,ae
z,z
r,r
er,r
l,ow
iy,ey
eh,eh
pcl,tcl
kcl,kcl
ao,ao
ix,ix
ix,iy
iy,iy
pcl,dh
ay,ay
ih,ix
z,z
r,r
bcl,dcl
gcl,gcl
l,l
n,n
p,p
kcl,tcl
pcl,tcl
y,y
er,er
r,r
tcl,tcl
ay,ay
ae,ae
ix,ix
hv,hv
p,p
ih,ih
kcl,kcl
q,iy
iy,iy
bcl,bcl
th,th
tcl,tcl
n,n
n,n
dcl,tcl
ao,ao
ah,ah
iy,iy
iy,iy
r,r
tcl,tcl
jh,jh
aa,ah
ix,ix
s,s
ix,ix
l,l
m,m
n,ix
dx,dx
dcl,dcl
oy,oy
k,k
sh,sh
ao,ao
dcl,dcl
ah,ix
iy,iy
bcl,bcl
r,r
t,t
kcl,kcl
n,n
bcl,m
ey,ey
l,l
ax,ax
pcl,pcl
n,n
hv,hv
iy,iy
jh,jh
ix,ih
ow,ow
axr,axr
ae,ae
s,s
l,l
eh,eh
l,l
pcl,kcl
l,l
oy,er
dh,dh
v,v
tcl,tcl
dh,n
ae,ae
iy,iy
sh,sh
k,k
f,f
sh,sh
eh,eh
l,w
ao,ao
ao,ao
n,n
ng,ix
ux,ux
sh,sh
dx,dx
gcl,gcl
b,b
aa,r
q,q
s,z
gcl,dcl
ix,ix
ao,ax
ay,ay
n,n
l,el
r,r
z,z
l,l
uw,ih
jh,jh
er,er
eh,eh
jh,jh
ae,ae
nx,nx
dx,dx
kcl,kcl
z,z
pcl,pcl
iy,iy
ey,ey
s,z
ix,ix
ux,ux
w,w
ix,en
ix,ix
iy,iy
r,r
sh,sh
w,w
z,s
g,k
eh,eh
r,r
ow,ao
n,n
ah,eh
kcl,ix
uh,ax
l,el
k,k
q,q
s,s
ix,ix
ix,ix
ax,ax
bcl,ax
ix,q
pcl,tcl
axr,axr
ih,ix
iy,iy
w,w
kcl,kcl
ay,oy
er,er
kcl,kcl
f,f
m,m
iy,iy
m,m
f,f
uh,uh
s,s
ay,ay
aa,aa
k,p
q,q
r,axr
ix,ix
s,s
tcl,tcl
n,n
nx,n
iy,iy
axr,axr
dx,dx
l,l
y,y
iy,iy
p,dh
l,l
dh,dh
z,z
bcl,bcl
r,r
sh,sh
v,f
v,v
s,s
ey,ey
ey,ey
eh,ix
ax,ix
z,z
ih,ih
s,s
ih,ix
d,t
p,p
p,p
eh,eh
pcl,tcl
r,r
dcl,dx
eh,eh
ux,y
sh,sh
z,z
s,s
s,s
b,b
kcl,kcl
ah,ah
dx,dx
en,n
bcl,bcl
iy,iy
n,n
nx,m
l,l
z,z
z,s
tcl,tcl
ax,ax
ih,ih
sh,sh
axr,eh
ch,ch
ah,eh
axr,axr
iy,iy
bcl,bcl
gcl,dcl
kcl,kcl
s,s
z,s
y,hv
dcl,q
tcl,tcl
pcl,tcl
ih,ix
aa,aa
q,y
dcl,dcl
dcl,gcl
pcl,kcl
v,v
ix,iy
pcl,pcl
ix,ix
r,r
g,g
dcl,dcl
ae,ay
g,g
pcl,tcl
ux,ux
iy,iy
er,er
w,w
n,ix
k,g
w,w
l,l
n,ix
m,m
ng,n
dcl,gcl
ix,ix
z,z
s,s
n,n
er,er
ih,ih
ih,iy
th,d
p,b
ih,ix
ae,ae
k,k
dh,hh
ay,ay
ah,ae
ux,uw
y,ix
ow,ow
ih,ih
tcl,tcl
ax,ax
r,r
aa,aa
m,m
m,m
gcl,tcl
m,m
tcl,q
t,t
bcl,bcl
ey,ey
ix,r
r,r
n,n
iy,iy
aa,aa
axr,axr
aa,aa
en,en
el,ax
gcl,gcl
dcl,bcl
f,f
l,l
ix,iy
s,s
kcl,tcl
ae,ae
r,r
ix,ix
gcl,w
ng,en
s,s
n,n
d,b
ah,eh
l,el
ao,ao
th,s
l,el
eh,ae
s,s
er,er
tcl,tcl
en,n
uh,ix
g,k
t,k
dcl,bcl
hh,hh
ay,aa
uh,uh
er,r
p,t
tcl,tcl
m,m
dh,dh
t,t
r,r
r,r
axr,r
oy,oy
pcl,kcl
y,y
s,s
iy,iy
bcl,bcl
ux,ux
tcl,tcl
dh,dh
uw,uw
n,n
ah,ae
aw,ae
sh,sh
tcl,tcl
iy,iy
ay,ay
m,dx
dcl,dcl
n,tcl
ah,ah
iy,iy
dcl,kcl
kcl,kcl
er,axr
t,t
bcl,bcl
l,l
ae,eh
ao,ao
kcl,kcl
aa,aa
l,w
ae,ae
t,t
kcl,kcl
ng,n
axr,axr
ax,uh
ix,ix
l,l
hv,hv
ah,aa
t,t
s,s
uh,ix
dh,dh
ay,ay
sh,sh
l,l
ux,ux
eh,r
ih,ix
dh,dh
iy,iy
gcl,gcl
zh,sh
ix,ix
l,b
r,r
l,l
oy,oy
n,n
pcl,tcl
iy,iy
m,m
eh,ih
ch,ch
ux,ux
n,n
s,s
ch,ch
r,r
ih,ih
ax,ix
s,s
axr,axr
s,s
ao,ao
iy,ih
l,l
iy,ih
pcl,pcl
ay,ay
ix,iy
b,b
s,s
aw,aw
r,r
n,tcl
l,l
f,f
dcl,dcl
n,n
ax,ax
r,r
ih,eh
n,n
pcl,pcl
k,k
l,l
iy,iy
dh,dh
ix,ix
ay,ae
iy,iy
eh,ae
y,y
dcl,dx
ih,iy
n,ng
tcl,kcl
z,z
n,n
n,n
r,r
n,bcl
hh,hh
iy,iy
axr,axr
iy,iy
r,r
pcl,kcl
l,w
t,t
r,r
nx,nx
r,axr
n,l
ix,ix
p,p
w,w
p,p
aw,ae
ow,ow
v,dcl
kcl,kcl
p,p
tcl,tcl
ux,ix
l,l
z,z
iy,iy
r,axr
pcl,tcl
s,s
b,p
ix,ix
l,w
s,s
s,z
n,n
dh,dh
n,n
tcl,kcl
tcl,tcl
dcl,gcl
iy,iy
aa,aa
ah,eh
er,er
ih,l
y,y
iy,iy
ix,ix
r,r
sh,sh
k,k
pcl,pcl
r,r
w,w
dcl,tcl
l,r
ux,ux
tcl,tcl
ae,ae
r,r
uw,ux
iy,iy
ih,ix
eh,ae
n,nx
ey,ey
hh,hh
axr,axr
m,m
hh,hh
sh,sh
ih,ix
s,s
ow,ow
s,s
eh,eh
s,s
s,s
gcl,axr
ah,ao
n,n
er,r
ax,ax
r,r
t,t
ow,ow
gcl,tcl
ao,ao
y,y
ah,ah
pcl,pcl
w,w
ao,ao
ih,ix
s,s
l,l
dcl,pcl
s,s
r,r
r,axr
tcl,tcl
w,w
bcl,bcl
s,sh
er,er
bcl,kcl
n,n
ih,er
z,z
ux,ux
ey,iy
s,s
uh,ih
r,r
axr,er
ay,ay
ix,ix
kcl,gcl
ah,ax
q,iy
d,t
gcl,tcl
aa,ay
tcl,tcl
gcl,gcl
ey,ih
uh,uh
ay,ay
l,l
uw,ao
n,en
s,s
k,k
r,r
tcl,tcl
ih,ih
tcl,tcl
dcl,dcl
r,ix
ao,ao
m,m
l,w
iy,iy
ey,ey
l,ax
ao,ao
axr,r
sh,sh
ih,ix
k,k
l,l
v,r
r,r
s,s
b,p
gcl,kcl
t,t
aa,aa
ix,ix
ao,ao
bcl,bcl
v,v
l,l
er,er
iy,iy
er,er
s,s
s,s
gcl,kcl
ix,ix
tcl,tcl
l,el
iy,iy
ix,ix
ae,ae
dx,dx
aa,aa
pcl,pcl
ix,iy
t,t
s,z
axr,axr
n,n
m,n
eh,eh
aa,aa
f,f
iy,iy
pcl,tcl
pcl,tcl
n,n
pcl,tcl
r,r
m,bcl
ix,ix
k,k
w,w
sh,sh
s,s
iy,iy
r,r
pcl,tcl
s,s
kcl,kcl
er,axr
ow,ow
r,r
ih,ih
ix,ix
ix,iy
f,f
l,l
s,s
s,z
ih,ix
kcl,tcl
w,w
uh,uh
bcl,tcl
w,w
en,en
aa,aa
m,m
kcl,kcl
tcl,bcl
dh,dh
s,z
bcl,bcl
axr,axr
ix,ix
ae,ae
k,k
aa,ay
ih,eh
tcl,pcl
ah,ax
ax,ax
l,ix
r,r
tcl,tcl
ix,ix
ae,ae
iy,iy
el,w
nx,dx
l,el
f,f
pcl,tcl
t,t
ax,ax
t,t
ix,ix
ih,ih
l,el
iy,iy
k,k
z,z
ae,ae
l,l
ih,ix
b,p
bcl,bcl
r,r
m,dx
iy,iy
l,l
n,n
pcl,pcl
aa,aa
tcl,q
f,f
f,f
w,q
axr,er
ao,ao
kcl,tcl
tcl,kcl
s,s
l,l
uh,ih
s,s
ax,ax
w,l
axr,axr
s,s
k,k
ae,ae
z,s
m,n
w,w
ow,ow
tcl,dx
ix,ix
f,z
ix,ih
v,f
s,s
er,axr
l,l
iy,iy
w,l
ow,ow
iy,iy
axr,axr
p,p
ux,uw
w,w
dh,b
ae,ae
n,n
ix,ix
z,z
r,r
ay,ae
ix,ix
n,n
w,w
ng,ng
r,w
ax,ax
ax,ix
y,y
hh,hh
hv,hv
kcl,kcl
ch,ch
d,d
eh,eh
ix,axr
ax,ix
l,l
ax,q
p,p
em,en
eh,ih
sh,sh
ey,ey
dx,dx
jh,jh
z,z
nx,nx
ix,ix
m,m
jh,jh
q,q
n,n
m,m
f,f
dcl,tcl
dh,t
ux,uw
y,y
k,k
sh,sh
ay,ay
p,p
tcl,tcl
m,m
l,l
aa,aa
z,z
ae,ae
v,v
s,s
aa,aa
ux,ux
ay,ay
uw,w
s,s
n,n
aa,axr
gcl,n
ix,en
l,l
iy,iy
n,n
r,r
iy,iy
q,q
l,l
t,t
k,k
ih,ih
v,v
ax,ax
ix,iy
t,t
dcl,bcl
jh,t
m,n
s,s
dcl,tcl
kcl,tcl
ey,ey
aa,aa
oy,oy
r,r
el,l
ih,ih
l,l
ax,ax
r,aa
kcl,tcl
d,t
n,n
el,ah
aa,ao
l,l
kcl,tcl
nx,nx
sh,sh
tcl,kcl
tcl,tcl
q,q
w,w
z,s
iy,iy
f,f
tcl,dcl
n,m
kcl,tcl
q,q
n,n
n,n
s,s
pcl,pcl
sh,sh
iy,iy
jh,sh
w,w
iy,iy
aa,r
ao,ao
r,r
l,l
iy,iy
dx,dx
s,s
aa,aa
eh,eh
m,n
f,f
jh,k
p,p
ey,ih
ix,ix
m,m
s,s
w,w
tcl,tcl
ix,ix
z,z
sh,sh
q,q
iy,r
ix,ix
y,y
f,f
kcl,kcl
ih,l
v,v
jh,jh
s,s
k,k
s,s
pcl,tcl
dcl,dcl
r,r
ow,el
ux,ix
ae,eh
ix,ix
aa,aa
tcl,tcl
eh,eh
tcl,tcl
z,z
dh,dh
v,n
dh,dh
ih,iy
el,el
ux,ux
n,n
t,t
iy,iy
p,p
er,ih
l,l
ow,ao
r,r
dh,dh
ay,ay
ow,ow
iy,iy
jh,axr
r,r
ix,ix
y,k
tcl,tcl
ow,ow
w,w
ae,ae
z,z
q,q
l,l
iy,ix
kcl,tcl
dh,dh
dx,ix
ix,ix
n,ng
uh,uh
w,w
iy,ix
q,q
axr,ix
ng,ix
eh,eh
gcl,gcl
r,r
uh,r
er,er
s,s
v,v
iy,iy
z,z
pcl,tcl
m,m
dcl,dcl
aw,aw
gcl,kcl
n,n
ae,ae
dcl,gcl
kcl,kcl
iy,iy
w,w
r,r
eh,ix
iy,iy
tcl,tcl
ae,ae
kcl,tcl
ih,eh
r,r
ax,ax
gcl,th
ay,ay
n,n
z,z
n,n
w,w
ix,ix
ix,ih
tcl,tcl
m,m
tcl,tcl
iy,iy
iy,iy
ix,uh
ix,ix
ix,gcl
ax,r
m,iy
iy,iy
eh,eh
en,m
axr,axr
z,z
iy,iy
r,r
ix,ix
pcl,kcl
bcl,bcl
em,m
l,l
ae,ae
k,k
l,l
ih,ih
n,n
tcl,tcl
w,w
y,y
k,k
iy,iy
z,z
n,n
ix,ix
s,s
ux,iy
axr,axr
tcl,tcl
t,t
eh,eh
v,z
ah,ah
n,en
ow,ow
s,s
axr,er
ay,ay
r,r
ao,ao
en,tcl
iy,iy
kcl,kcl
d,ix
m,m
ux,ux
g,g
ux,uw
ih,eh
ah,ah
ah,eh
r,r
l,q
gcl,gcl
l,l
z,s
dcl,gcl
aa,aa
ix,iy
dcl,tcl
z,z
axr,ix
ae,eh
ih,ih
tcl,tcl
ih,ey
dcl,gcl
m,m
sh,sh
s,s
ey,ey
k,k
uh,ix
y,y
ax,uh
axr,axr
n,m
g,g
r,r
eh,eh
eh,eh
iy,l
ix,iy
axr,r
ux,ux
r,r
gcl,n
r,r
l,l
l,l
t,t
ey,ey
r,r
n,n
eh,eh
m,n
ey,eh
er,axr
ey,ey
l,l
l,l
w,w
m,m
k,k
ay,ey
iy,ix
l,m
m,n
pcl,kcl
s,s
v,w
f,f
s,s
zh,zh
z,s
axr,r
kcl,kcl
ah,ao
l,en
dx,dx
dcl,n
uh,ax
ey,ey
kcl,tcl
q,q
dh,v
ux,ix
aa,l
axr,ax
ih,ih
m,n
b,p
r,r
s,z
n,ix
hh,hh
kcl,kcl
ay,ay
ix,ix
k,k
t,t
f,f
sh,sh
l,ao
sh,sh
ih,ih
iy,iy
ey,ey
ae,ae
ow,ow
r,r
f,f
y,y
k,k
iy,iy
ih,eh
tcl,tcl
r,r
b,b
axr,axr
n,w
d,d
ay,ay
q,w
ix,ix
t,t
m,n
oy,ao
pcl,kcl
m,m
k,k
er,er
ay,ay
w,w
ow,ow
n,kcl
axr,axr
w,w
iy,iy
ay,ay
er,er
jh,jh
kcl,kcl
dcl,dcl
ao,ao
z,z
sh,sh
pcl,pcl
w,w
nx,dcl
pcl,tcl
p,p
bcl,bcl
pcl,tcl
iy,iy
n,m
n,nx
r,r
n,n
ix,ix
kcl,kcl
q,q
ao,ao
n,en
dh,dh
q,tcl
s,s
tcl,tcl
kcl,gcl
aa,ao
ao,aa
axr,axr
ae,ae
p,p
ng,m
sh,sh
n,n
z,z
jh,jh
m,m
l,l
kcl,kcl
ao,aa
hh,hh
axr,r
kcl,tcl
ax,uh
p,p
p,p
iy,y
dcl,dcl
kcl,kcl
pcl,tcl
pcl,tcl
ih,iy
hh,hh
z,z
ix,ix
kcl,kcl
pcl,pcl
aw,ao
eh,ah
tcl,tcl
r,r
kcl,kcl
ih,eh
kcl,kcl
tcl,tcl
kcl,tcl
r,r
p,tcl
s,z
ae,ae
jh,d
pcl,pcl
f,f
p,p
ih,ix
m,m
ow,ow
ax,ix
k,k
ux,ux
ey,ey
ao,ao
ay,ay
dcl,tcl
iy,iy
dx,dx
ih,ih
ey,ey
ae,ae
l,l
ao,r
n,n
ng,n
f,t
kcl,kcl
g,g
k,k
dh,b
z,s
ih,ax
l,w
iy,iy
p,p
n,n
s,s
dcl,tcl
uw,ux
eh,ix
pcl,tcl
ix,ix
n,q
ix,ix
axr,axr
axr,ax
bcl,tcl
ae,ae
dx,p
ih,ix
f,p
ae,eh
nx,nx
dh,dh
pcl,tcl
m,m
ih,ih
iy,iy
r,r
pcl,tcl
kcl,tcl
n,n
axr,er
ao,ao
z,z
s,s
ix,ix
r,r
ao,ao
iy,iy
k,k
n,tcl
ix,ih
t,t
t,t
sh,sh
er,axr
n,n
t,t
l,l
t,t
s,s
ux,ux
iy,iy
tcl,kcl
ch,sh
axr,axr
ah,eh
tcl,dx
z,z
t,t
t,t
k,k
el,el
iy,iy
ae,ae
r,r
dh,p
iy,iy
ay,ay
s,s
t,t
tcl,kcl
m,m
r,ao
dcl,bcl
ao,uh
pcl,tcl
iy,iy
hh,hh
dcl,gcl
v,v
ao,ay
ih,ih
axr,r
eh,ih
tcl,tcl
dcl,tcl
tcl,pcl
w,w
n,n
s,z
iy,y
ae,ae
ax,ax
k,k
eh,ih
ah,ix
ae,ae
k,g
aa,aa
s,s
bcl,bcl
t,t
eh,eh
n,n
r,r
ih,ix
bcl,bcl
q,ax
s,s
nx,n
s,s
t,t
ih,ix
ah,ah
ow,l
v,tcl
w,w
p,p
dcl,dcl
ay,ay
l,ax
axr,axr
z,z
q,q
tcl,tcl
aa,ah
kcl,tcl
axr,axr
ax,ix
ay,ay
r,axr
pcl,tcl
p,p
f,f
ih,ih
aa,ao
n,en
y,iy
n,n
ao,ao
gcl,gcl
tcl,kcl
w,w
ng,ng
n,ix
m,gcl
ih,ih
aa,aa
k,k
f,f
f,f
tcl,tcl
dx,dh
p,p
dcl,dcl
f,f
v,v
ix,ix
aa,aa
iy,ix
er,er
tcl,tcl
nx,m
er,aa
v,m
z,z
ix,ix
kcl,tcl
ix,ix
l,l
s,s
ah,ah
n,n
ix,ix
dh,dh
pcl,kcl
n,n
ax,ax
ow,el
pcl,tcl
s,s
iy,iy
tcl,tcl
iy,ix
iy,iy
tcl,tcl
s,s
q,q
ix,ix
aa,ao
iy,iy
ah,ah
w,w
uw,ux
iy,iy
r,axr
r,r
axr,axr
s,s
axr,axr
t,t
k,k
iy,iy
z,z
z,z
k,k
iy,iy
ay,ay
q,ix
l,l
eh,ae
eh,ix
dh,f
sh,sh
r,ix
t,t
kcl,kcl
iy,iy
gcl,kcl
s,s
v,v
ah,ih
n,n
n,dcl
m,m
er,r
sh,sh
s,s
iy,r
s,s
sh,sh
ao,aa
n,m
ix,ix
ay,ay
tcl,tcl
ch,jh
s,s
bcl,bcl
ix,ix
sh,sh
y,iy
p,p
ay,ay
r,r
r,r
axr,er
iy,iy
w,w
dx,dx
q,q
iy,ih
s,s
ix,ix
tcl,tcl
eh,eh
dcl,tcl
sh,s
n,m
n,n
aa,aa
gcl,q
dh,n
ah,ow
k,k
l,w
ix,ix
kcl,kcl
tcl,tcl
tcl,tcl
iy,iy
r,r
f,f
gcl,dx
n,m
ix,ix
z,s
y,y
k,g
dcl,dcl
jh,sh
n,n
ey,ey
s,s
iy,iy
m,m
l,l
ae,ae
m,m
eh,ae
m,m
ey,ey
gcl,bcl
aa,aa
ih,ix
iy,iy
k,g
iy,ix
ae,ae
iy,iy
z,z
tcl,tcl
hh,hh
dcl,dcl
g,q
tcl,tcl
dcl,gcl
ao,ao
k,k
n,ng
ix,ix
w,r
ow,q
ix,ih
kcl,kcl
g,k
ay,ay
tcl,tcl
ih,iy
dcl,tcl
ih,ih
ix,ix
ih,ih
axr,axr
er,er
t,t
g,g
tcl,tcl
ow,ao
g,g
pcl,kcl
n,n
ah,ah
kcl,tcl
ae,ae
y,y
n,ng
eh,eh
kcl,tcl
ow,el
n,n
ch,ch
dcl,gcl
er,axr
t,t
iy,iy
q,q
t,t
sh,sh
pcl,tcl
q,q
dcl,bcl
tcl,kcl
bcl,bcl
ae,eh
iy,iy
iy,iy
f,f
ih,ix
axr,axr
k,k
q,q
iy,iy
aa,aa
dcl,dcl
pcl,pcl
v,dx
iy,iy
ah,ah
ux,ux
w,w
ao,ao
ax,ix
ax,ix
ao,ao
s,s
iy,iy
er,r
ao,aa
aa,aa
s,z
bcl,bcl
ix,dx
ay,ay
q,q
ey,ey
dx,dx
n,nx
ay,ae
bcl,bcl
ix,eh
eh,eh
k,p
kcl,tcl
iy,iy
aa,aa
axr,axr
gcl,gcl
dx,dx
l,l
ey,ey
t,t
jh,jh
ae,ae
gcl,bcl
n,kcl
n,n
ih,ih
tcl,dcl
ah,ao
aa,aa
iy,iy
eh,eh
ay,ay
eh,eh
iy,iy
l,l
ay,ay
ay,ay
iy,iy
r,r
dcl,gcl
kcl,tcl
kcl,gcl
ao,w
er,axr
bcl,tcl
pcl,pcl
jh,jh
sh,sh
dcl,dx
r,r
r,r
tcl,tcl
eh,ix
iy,iy
g,p
gcl,tcl
axr,er
q,q
dcl,pcl
iy,iy
z,s
sh,ch
p,p
m,m
dcl,tcl
gcl,n
ix,ih
iy,iy
tcl,kcl
gcl,kcl
dcl,dcl
tcl,tcl
t,k
iy,iy
m,m
t,t
iy,ix
ae,ae
f,f
k,z
er,axr
n,n
er,er
oy,oy
z,s
s,s
n,n
iy,iy
p,p
ao,ao
ay,ay
axr,axr
n,n
tcl,tcl
ah,ao
ao,ao
ah,ao
ix,ix
sh,sh
tcl,n
ix,r
m,m
l,w
pcl,kcl
eh,ih
kcl,kcl
ow,ow
iy,iy
t,t
iy,iy
w,w
w,w
pcl,v
n,n
ey,ih
s,s
w,w
nx,nx
s,s
m,m
pcl,tcl
ix,iy
l,l
ax,nx
z,s
tcl,n
n,ng
v,v
iy,iy
bcl,bcl
n,n
q,q
tcl,dx
ih,ix
p,p
iy,iy
f,f
er,er
n,n
d,b
q,q
w,w
gcl,gcl
ay,ay
ao,aa
n,m
iy,ix
l,l
ao,ao
axr,axr
ix,ix
tcl,tcl
ix,ix
f,tcl
m,m
bcl,tcl
ah,ix
kcl,kcl
m,m
w,w
ix,r
tcl,tcl
er,er
aa,ao
r,r
n,m
w,w
pcl,tcl
n,n
s,s
iy,iy
s,s
dcl,dcl
f,f
ao,ao
w,w
p,p
ix,ix
q,q
ay,ay
ix,ix
dcl,dcl
iy,iy
pcl,kcl
n,n
g,g
y,iy
dcl,dx
ax,uh
gcl,gcl
t,t
iy,iy
ae,ay
kcl,kcl
ay,ay
m,m
r,r
eh,ax
sh,sh
ih,ih
hv,dx
ay,ay
ax-h,d
ix,ix
ey,ey
ae,ae
f,kcl
kcl,kcl
dcl,dcl
ow,ow
ax,ix
en,en
m,m
d,p
n,ix
er,axr
n,n
ih,ix
kcl,kcl
pcl,tcl
ix,ix
ao,ao
tcl,kcl
eh,eh
d,d
w,n
l,l
ae,r
axr,eh
k,k
hv,hv
iy,iy
r,r
bcl,tcl
n,tcl
f,f
gcl,gcl
n,n
l,l
dh,dh
l,l
w,w
k,k
p,p
k,k
l,l
y,y
m,m
ay,ay
ux,ux
el,ow
eh,eh
iy,iy
l,ow
s,s
uh,ax
n,n
ix,ix
ix,ix
iy,iy
th,th
er,er
dx,dcl
s,s
dcl,tcl
ix,ix
r,r
pcl,kcl
w,ao
kcl,tcl
eh,ix
v,v
jh,jh
ih,ih
z,s
m,m
tcl,tcl
pcl,tcl
w,w
ix,ix
r,r
t,t
p,p
tcl,tcl
ay,aa
en,en
ao,ao
k,k
n,n
dx,tcl
eh,eh
iy,iy
ae,ae
ay,ay
gcl,kcl
m,m
ey,ey
kcl,kcl
axr,axr
l,l
m,m
t,t
r,r
ae,ae
w,w
ih,v
r,r
tcl,tcl
q,q
tcl,dx
y,iy
er,er
tcl,tcl
n,n
t,t
r,r
ax,ax
s,s
ao,ao
q,ax
s,s
m,m
ng,m
pcl,kcl
q,q
w,w
aa,ao
w,w
kcl,kcl
z,z
ah,ix
dx,dx
oy,oy
gcl,kcl
ah,ix
y,ih
kcl,kcl
z,z
y,y
n,n
w,w
ux,ux
f,f
iy,iy
ix,ix
q,q
ao,ao
n,n
kcl,dx
el,el
tcl,tcl
dcl,n
ah,aa
w,w
n,n
axr,axr
hh,hh
k,k
ay,ay
ix,ix
gcl,tcl
y,iy
ih,ih
iy,y
l,l
ih,eh
ih,ax
r,r
aa,ah
gcl,dcl
s,s
th,dh
ow,ow
n,n
l,l
t,t
ih,ih
tcl,tcl
q,q
ay,ey
kcl,kcl
iy,iy
ae,ae
ix,ix
r,r
kcl,kcl
ey,ih
ih,ih
ax,ax
ux,ux
r,r
ux,ux
kcl,kcl
n,n
ax,ix
aw,aw
ah,ah
m,m
k,k
tcl,tcl
ah,eh
y,y
v,v
w,w
ih,ih
s,s
iy,iy
z,z
ey,eh
ah,ao
dx,dx
q,q
er,axr
s,s
ae,eh
aw,ae
p,p
n,n
s,s
ae,ae
s,s
ix,axr
ih,ix
d,d
ow,l
ey,ey
ih,ih
ix,ix
w,w
kcl,kcl
dh,dh
gcl,gcl
ix,ix
ao,ao
m,m
l,w
ae,ae
ih,ih
kcl,tcl
t,t
sh,sh
ah,ah
r,axr
m,m
n,n
r,r
ix,ih
ix,ix
ix,iy
sh,sh
er,er
gcl,gcl
t,t
pcl,tcl
n,n
ih,ix
kcl,kcl
el,el
tcl,tcl
ay,ay
ae,ae
er,er
oy,oy
ix,ix
eh,eh
z,s
pcl,tcl
v,v
z,z
ae,ae
bcl,bcl
d,d
z,z
ix,ix
eh,eh
f,f
ix,ix
s,s
n,n
l,el
kcl,kcl
iy,iy
k,k
ux,iy
f,f
y,iy
sh,sh
s,s
n,n
bcl,bcl
n,n
q,tcl
ax,ow
l,ao
iy,iy
l,l
iy,iy
er,ix
hv,p
iy,iy
t,t
er,er
n,m
kcl,kcl
m,m
aa,ao
dh,dh
ix,ax
axr,axr
dh,dh
y,y
v,v
aa,aa
f,f
dcl,dcl
ix,ix
r,w
ay,eh
r,r
l,l
tcl,tcl
s,s
ix,ix
axr,r
l,l
iy,iy
ih,ih
s,s
n,n
dx,dx
dcl,gcl
tcl,gcl
ax,ao
bcl,n
q,q
r,r
pcl,kcl
tcl,kcl
l,ix
ae,eh
eh,eh
g,k
uh,el
iy,iy
r,r
p,p
tcl,tcl
iy,ih
ax,ax
ng,hv
n,n
l,ax
jh,jh
s,s
dcl,dcl
ey,ey
iy,iy
axr,axr
w,w
axr,iy
dx,dx
aa,aa
axr,axr
n,n
r,r
iy,iy
v,v
w,w
g,dx
dcl,bcl
l,l
ax,ax
ae,ae
v,dx
ax,ah
ix,ix
axr,axr
pcl,tcl
uh,eh
t,t
s,s
eh,ah
ix,r
er,er
r,r
iy,n
k,k
k,k
y,y
w,w
eh,eh
ey,ey
ux,ix
tcl,tcl
s,s
z,z
w,w
ux,ux
n,nx
w,w
w,w
iy,iy
n,n
ao,ao
tcl,tcl
axr,axr
aw,aw
z,z
aa,aa
ah,ah
q,axr
ae,ae
y,y
l,l
ao,ao
eh,eh
m,n
bcl,dcl
pcl,tcl
ey,ey
eh,eh
l,l
ey,ey
iy,iy
s,s
b,b
tcl,tcl
en,n
k,k
z,z
k,k
f,f
ae,aa
r,r
iy,iy
t,t
dcl,tcl
z,z
s,s
ix,ix
y,y
ix,ix
ay,aa
dcl,gcl
l,ax
ao,ax
tcl,tcl
l,l
ow,ow
n,n
ix,ix
dcl,dcl
tcl,tcl
dh,dh
dcl,dcl
s,s
ay,ay
n,n
g,g
p,p
z,z
kcl,kcl
aa,aa
gcl,gcl
d,d
l,l
er,er
ae,ae
oy,ow
oy,oy
ix,l
dcl,dcl
f,f
q,q
gcl,gcl
iy,iy
ix,ix
ix,ix
z,z
en,ix
ae,eh
s,s
w,w
s,s
d,t
z,z
dcl,gcl
ow,uw
s,s
ay,ay
f,f
ae,ae
ow,ow
tcl,tcl
z,z
m,m
g,k
kcl,tcl
axr,axr
s,s
gcl,gcl
p,p
ux,ix
d,t
gcl,gcl
k,k
iy,iy
ih,ih
gcl,gcl
s,s
dh,dh
zh,s
ax,ix
g,g
iy,iy
ix,ax
kcl,tcl
sh,sh
dcl,tcl
tcl,tcl
t,t
w,w
ux,ux
l,w
ae,ae
m,m
l,l
s,s
p,sh
s,s
ay,ay
axr,er
iy,iy
axr,axr
kcl,kcl
iy,iy
ae,ae
z,z
aw,aw
eh,eh
m,m
r,r
kcl,gcl
ih,ix
tcl,n
ih,iy
en,en
sh,sh
k,k
q,q
r,r
eng,en
hh,tcl
ay,ay
r,r
en,m
ix,ix
k,k
b,p
s,s
kcl,kcl
ih,ih
aw,ae
axr,eh
axr,axr
axr,er
d,kcl
ng,ng
r,r
s,s
m,m
ax-h,en
ah,uh
n,n
l,l
v,v
ah,ax
tcl,tcl
ix,ix
r,r
l,l
kcl,kcl
r,r
ey,ey
ax,ax
w,w
p,z
tcl,tcl
tcl,tcl
ax,ax
ih,ey
k,k
dcl,dcl
l,w
f,f
iy,iy
l,l
ix,ix
t,t
g,g
ih,ih
s,s
en,en
ow,ow
ae,ae
ch,t
n,n
axr,axr
y,iy
ih,ih
f,f
z,s
ix,uh
el,r
ae,ae
kcl,kcl
er,er
l,l
ch,s
n,n
n,m
ah,r
tcl,tcl
v,v
hh,hv
n,n
ch,ch
l,l
t,t
ae,ae
aa,aa
ix,ix
k,k
k,k
m,m
ix,ix
ae,ae
ae,eh
dh,dh
ay,ay
q,q
el,el
axr,er
z,z
ao,ao
k,tcl
ix,ix
aa,aa
dh,dh
tcl,tcl
y,y
tcl,pcl
ih,ih
s,s
hv,hv
tcl,tcl
l,l
k,g
ux,ux
ay,oy
eh,eh
t,t
iy,ih
aa,ao
er,axr
uw,ux
y,y
ax,axr
iy,iy
s,s
iy,iy
en,n
n,n
iy,iy
n,n
kcl,kcl
iy,iy
z,z
dcl,l
kcl,kcl
v,dh
n,n
q,q
q,y
dcl,dcl
s,z
eh,eh
ow,ao
kcl,kcl
ah,ax
ih,ix
ae,ae
y,iy
dcl,gcl
m,m
ix,ix
aa,ah
r,r
ih,ey
tcl,tcl
l,l
pcl,tcl
r,r
ay,aa
n,dcl
gcl,kcl
kcl,kcl
t,t
gcl,gcl
ao,ao
axr,ix
sh,sh
ax,ax
kcl,kcl
d,t
ih,ix
m,m
ix,ix
w,w
s,s
ah,ao
ey,ey
y,y
s,s
tcl,kcl
ix,ix
iy,iy
iy,iy
nx,nx
tcl,tcl
iy,iy
l,l
d,d
r,ax
m,m
aa,aa
s,z
f,f
m,m
ix,ix
z,z
bcl,tcl
iy,iy
bcl,dcl
er,axr
ae,ae
tcl,tcl
n,m
iy,iy
n,ng
dcl,dcl
tcl,pcl
aa,ay
t,dh
l,l
ux,iy
ax,ix
w,w
r,r
tcl,tcl
kcl,v
pcl,tcl
p,p
axr,ix
ae,eh
ux,axr
tcl,tcl
kcl,tcl
s,s
pcl,tcl
axr,axr
dcl,tcl
s,z
eh,eh
z,z
ax,ax
dh,v
s,s
t,d
pcl,tcl
dh,dh
ae,ae
ih,eh
er,axr
kcl,kcl
s,s
s,s
q,q
ix,ix
kcl,tcl
dcl,bcl
bcl,bcl
ix,ix
bcl,bcl
s,s
f,f
r,axr
eh,eh
s,s
ey,ey
ih,ix
kcl,kcl
ux,ux
w,w
ay,ay
er,er
gcl,gcl
ax,ax
dcl,dcl
dx,dx
t,t
l,l
iy,iy
s,t
ix,ix
p,p
bcl,gcl
eh,eh
m,m
iy,ix
z,z
jh,jh
axr,axr
dcl,n
ow,ow
kcl,tcl
ey,ey
ix,iy
er,er
ae,ae
l,l
hv,hv
ow,ow
uh,uh
ih,ix
nx,dx
q,q
t,t
ng,ng
ix,ih
w,w
ux,ux
w,w
kcl,kcl
q,q
ih,ih
zh,jh
bcl,dcl
t,t
w,w
z,z
f,p
dh,dh
ae,ih
l,w
ae,ae
l,ax
v,v
dx,dx
d,d
q,q
y,y
y,y
kcl,kcl
w,w
v,r
th,hh
tcl,kcl
q,ix
z,z
iy,iy
sh,s
ow,ow
y,y
ax,ix
ix,ix
uw,ow
aa,ah
iy,iy
eh,eh
ey,ey
ay,ay
f,f
ih,ih
bcl,bcl
jh,jh
sh,sh
kcl,kcl
s,s
axr,axr
ae,ae
iy,ux
ae,ae
ih,ih
ix,ix
ow,ow
f,f
dcl,tcl
v,v
tcl,tcl
s,s
t,t
l,l
n,n
iy,iy
ae,ae
tcl,tcl
n,n
n,n
s,s
dx,dx
aw,ao
eh,eh
n,n
k,k
n,n
ay,ay
ix,ix
ay,ay
b,b
ax-h,ix
ah,ah
dcl,gcl
w,w
v,hh
r,r
axr,axr
iy,iy
ix,ix
n,ix
t,t
m,m
iy,ix
t,t
kcl,tcl
r,r
tcl,tcl
r,r
g,g
ah,ah
ux,ux
r,r
q,q
d,v
iy,iy
ix,eh
r,r
eh,eh
p,p
iy,iy
ih,ih
pcl,kcl
axr,axr
s,s
z,z
tcl,tcl
axr,axr
hh,hh
s,s
ao,ao
eh,eh
iy,ix
l,r
w,w
dcl,dcl
ng,n
en,ax
ae,ae
ax,ix
iy,iy
ax,ih
aa,aa
d,ax
q,q
ao,w
v,v
ux,ux
w,w
eh,r
ih,ih
ae,ae
ix,l
v,v
l,l
uw,uw
iy,iy
aa,aa
ix,ih
ae,ae
l,l
sh,sh
gcl,dx
ix,ix
iy,d
g,g
ux,ux
l,ax
dcl,dx
ey,ey
bcl,bcl
gcl,gcl
eh,eh
y,y
s,s
pcl,tcl
ah,ax
z,s
tcl,v
z,z
pcl,tcl
ao,ao
m,m
r,r
iy,iy
ih,ih
eh,eh
l,w
l,uh
kcl,kcl
ih,ih
er,axr
aa,aa
ax,ix
dcl,dcl
ao,ao
ax,ax
iy,iy
z,z
er,er
ax,ah
ao,ao
ax,ax
k,k
kcl,kcl
s,s
er,er
r,axr
q,q
m,m
ix,ix
gcl,gcl
iy,ih
k,k
er,er
s,s
bcl,en
z,z
z,z
tcl,kcl
k,k
eh,ae
q,ae
iy,iy
r,r
iy,iy
ae,ae
s,sh
ch,ch
iy,iy
l,l
ao,ao
r,r
ae,ae
ix,ix
ih,ix
hh,hh
nx,n
ix,ix
s,sh
t,t
ao,ae
ey,ey
bcl,gcl
k,k
r,r
ix,ix
t,t
aa,q
ae,ae
w,w
iy,ix
z,s
hh,hh
ax,ix
bcl,gcl
k,k
f,f
s,s
t,t
pcl,pcl
dh,th
ao,ao
eh,eh
d,d
n,n
axr,axr
aa,aa
ih,ih
ae,ae
n,l
p,p
n,n
k,k
dx,dx
axr,ix
r,r
l,l
ix,ix
tcl,tcl
axr,axr
tcl,tcl
l,l
v,dh
ax,ax
n,n
n,n
el,g
ay,ay
r,r
f,f
sh,sh
iy,iy
tcl,tcl
z,z
uw,uw
ey,iy
k,k
n,n
pcl,tcl
ng,ng
ih,ix
f,f
r,axr
ux,ux
ow,ow
iy,iy
s,s
ax,ax
ae,ey
s,s
ow,oy
q,q
ae,ae
n,m
s,s
v,dcl
dcl,gcl
ix,ix
r,r
aa,axr
axr,axr
bcl,bcl
s,s
z,z
iy,iy
l,l
ey,ey
s,s
s,s
hv,hv
dcl,dcl
ng,ng
t,t
ae,ay
w,m
s,s
eh,eh
ax,ix
ax,ax
n,n
tcl,tcl
l,ax
n,n
l,l
ey,ey
gcl,gcl
kcl,tcl
q,q
k,kcl
eh,ih
s,s
m,dx
q,q
eh,ih
v,v
dcl,tcl
iy,iy
ix,ix
ao,oy
ey,ey
hv,hv
ix,ix
jh,jh
gcl,gcl
eh,hv
l,l
l,l
q,eh
m,m
iy,ih
kcl,kcl
pcl,kcl
axr,axr
ch,ch
z,s
ih,ix
ih,ix
v,v
jh,t
n,n
sh,sh
oy,oy
eh,eh
dcl,dcl
l,l
ix,ix
n,gcl
dcl,bcl
p,p
l,l
ah,ax
t,t
y,y
s,sh
ix,eh
ay,ah
ow,ow
s,s
dx,dx
kcl,tcl
l,l
gcl,kcl
iy,iy
kcl,kcl
ay,ay
sh,sh
ao,ao
uw,r
eh,eh
eh,ix
l,aw
v,dh
iy,iy
z,z
r,r
pcl,pcl
z,s
n,n
kcl,kcl
l,l
q,q
n,ix
er,er
dcl,dcl
kcl,tcl
ah,eh
kcl,tcl
t,tcl
ch,ch
r,r
dx,dx
p,p
n,n
n,n
ix,ix
iy,iy
tcl,kcl
ux,ux
aa,aa
ax,ax
l,l
axr,r
z,z
ih,ix
p,p
kcl,tcl
t,jh
axr,axr
iy,y
hv,hv
z,z
tcl,tcl
ay,ay
hh,hh
ae,ae
dh,n
l,el
n,n
ax,ix
ey,ey
tcl,tcl
l,l
k,k
s,s
eh,eh
m,m
r,r
ae,ae
p,p
ao,ao
s,s
jh,jh
k,k
ih,ix
l,l
ah,ih
nx,nx
tcl,tcl
uh,ao
pcl,pcl
t,t
l,l
pcl,tcl
v,v
dcl,tcl
axr,axr
dh,dh
z,s
iy,ey
nx,nx
v,b
s,s
s,s
n,ix
t,t
ih,ih
z,z
tcl,pcl
ey,ey
ix,eh
tcl,kcl
er,er
dcl,dcl
z,s
r,axr
m,m
aa,aa
ah,ax
ax,ix
ay,ay
ih,ih
z,z
dh,z
f,f
s,s
ng,axr
gcl,gcl
ih,eh
f,f
ae,ae
ih,ih
nx,nx
ah,ax
m,m
ey,ey
n,n
r,r
t,k
m,n
el,el
iy,iy
er,er
ae,ae
l,q
ao,ao
ae,eh
axr,axr
tcl,tcl
pcl,hh
dcl,dcl
zh,sh
k,k
f,f
kcl,kcl
s,s
dx,dx
l,l
pcl,tcl
s,s
tcl,tcl
ax,l
l,r
y,y
iy,iy
ix,ih
s,s
q,q
uw,uw
aw,aw
p,p
r,r
q,q
g,g
ah,eh
f,f
kcl,kcl
kcl,tcl
w,w
ah,ah
pcl,tcl
l,l
ih,ih
ay,ae
g,g
ih,ih
ix,ix
tcl,tcl
ih,ix
s,s
ey,ey
ax,ax
kcl,kcl
k,k
ow,ax
eh,eh
sh,sh
iy,iy
m,m
kcl,kcl
r,ux
dcl,gcl
axr,axr
m,m
dcl,dcl
ih,ih
iy,iy
f,f
eh,ah
axr,r
uw,ux
uw,ih
iy,iy
p,p
n,m
t,t
eh,eh
ay,aa
dx,dx
n,ix
ay,ay
s,s
kcl,tcl
n,n
z,z
kcl,kcl
f,f
ow,ow
v,v
n,n
t,t
kcl,kcl
aa,aa
s,s
sh,sh
r,r
tcl,tcl
bcl,tcl
ae,ae
ow,ao
el,el
ih,ix
sh,sh
ix,ix
ax,ax
s,s
r,r
tcl,pcl
n,n
ao,ao
uw,ax
kcl,kcl
ao,oy
gcl,y
pcl,pcl
s,s
ih,ih
ah,ow
eh,eh
s,s
pcl,tcl
t,t
tcl,tcl
s,sh
s,s
m,n
s,s
ih,ix
kcl,kcl
ay,ay
w,w
axr,r
v,v
s,s
n,n
tcl,dcl
n,m
k,k
ao,el
tcl,tcl
q,q
r,r
ah,ah
bcl,n
f,f
ae,ae
gcl,tcl
f,f
l,el
z,z
kcl,kcl
t,t
gcl,pcl
kcl,kcl
l,l
ah,eh
ix,ix
nx,n
ao,ao
iy,iy
ay,ay
n,n
pcl,tcl
ah,ay
n,tcl
r,r
iy,iy
er,er
sh,ch
er,er
hv,hv
iy,iy
dcl,gcl
ax,ax
ih,ix
s,s
uw,ix
dx,v
er,axr
n,n
gcl,dcl
n,nx
m,m
y,y
v,dx
kcl,kcl
ae,ae
q,q
r,r
dcl,gcl
gcl,gcl
z,s
l,l
ux,ih
iy,iy
m,m
ax,dh
s,s
er,er
s,s
r,w
eh,axr
r,r
l,w
dcl,kcl
w,w
n,m
l,el
ih,ih
ay,ay
s,s
ao,aa
y,y
ax,ao
iy,iy
kcl,kcl
t,t
er,er
s,s
iy,iy
s,s
kcl,kcl
uh,ih
er,er
m,m
ih,ih
aa,aa
iy,iy
w,r
dcl,dh
dcl,nx
dh,dh
dcl,tcl
iy,iy
pcl,tcl
ae,ae
l,l
n,n
v,n
eh,eh
er,axr
l,m
el,ow
n,hh
nx,nx
ix,ix
en,en
s,s
r,r
dh,f
bcl,bcl
ch,ch
pcl,tcl
s,s
ao,ao
s,s
gcl,gcl
m,ix
iy,iy
r,axr
ay,ay
ix,en
ih,axr
aa,aa
q,q
r,r
l,l
aa,ao
hh,hh
k,k
er,axr
pcl,tcl
l,l
q,q
s,s
ux,ux
n,y
s,s
ux,ux
gcl,gcl
dx,dx
r,r
s,s
l,el
r,r
ix,ix
ix,ax
ih,ih
iy,iy
p,p
tcl,tcl
s,s
ix,ix
z,z
bcl,tcl
dx,dx
iy,iy
d,d
el,q
g,v
p,p
f,f
kcl,kcl
tcl,tcl
t,t
ao,ao
t,t
n,n
k,k
w,w
aw,aw
ow,ow
ah,ah
ih,ix
er,axr
er,axr
ix,r
ux,ux
g,g
dcl,tcl
g,g
sh,sh
w,w
ix,iy
th,dh
g,g
r,axr
ae,ae
iy,iy
eh,ae
aa,aa
dcl,tcl
z,s
eh,eh
ix,ix
l,l
ae,ae
n,en
f,f
ow,ow
er,uh
ix,ix
r,r
l,l
iy,iy
ng,n
tcl,tcl
sh,sh
p,p
axr,axr
ix,ix
tcl,tcl
axr,r
pcl,pcl
iy,iy
hh,hh
ax,ax
gcl,kcl
k,k
bcl,dcl
k,k
ix,ix
dx,dx
axr,er
ay,ay
pcl,tcl
iy,ey
kcl,tcl
uh,axr
dh,dh
jh,jh
kcl,kcl
p,p
aa,ao
ax,ax
eh,eh
axr,axr
z,z
axr,r
dx,dx
l,l
l,l
tcl,m
dcl,dcl
dcl,dcl
n,n
k,k
ae,ae
z,z
jh,jh
th,th
iy,iy
z,z
z,z
gcl,bcl
dcl,pcl
r,r
ih,ih
dh,dx
m,m
ix,ax
s,s
ix,ix
k,k
eh,eh
ae,ae
axr,er
dcl,dcl
ey,ey
m,m
q,q
dx,dcl
s,s
s,s
ow,ow
gcl,gcl
dh,t
q,q
ih,ey
iy,r
gcl,g
ix,ux
s,s
ux,ux
l,l
ah,ah
dcl,dcl
aa,aa
ey,ey
r,r
dcl,dcl
l,l
axr,axr
g,t
ch,jh
ix,ix
s,s
dx,nx
iy,iy
z,s
ng,ng
ih,ih
v,f
aa,aa
axr,axr
m,m
r,r
k,k
q,q
w,w
ux,ux
em,m
s,s
r,r
kcl,tcl
z,z
dcl,dcl
y,y
n,n
ih,eh
ae,ey
tcl,tcl
s,s
dcl,gcl
dcl,gcl
ah,ax
ao,ao
z,z
tcl,tcl
ix,ix
r,r
r,ix
kcl,tcl
n,n
dh,w
l,l
ae,ae
s,z
n,n
n,n
ey,ih
iy,iy
oy,oy
ih,ix
s,z
ix,ix
d,jh
iy,ux
iy,iy
iy,iy
l,l
ix,ix
m,l
ih,ih
z,zh
z,z
ix,uh
ih,ux
m,m
kcl,n
kcl,tcl
eh,ax
k,k
p,p
iy,iy
bcl,gcl
r,r
hv,iy
aa,ay
iy,ey
s,s
ih,ih
r,r
m,m
ae,ae
eh,eh
dcl,dcl
iy,iy
sh,sh
n,v
ao,ao
ao,w
kcl,kcl
r,r
l,ax
p,p
q,q
p,p
iy,ix
eng,n
dcl,dx
ae,ae
w,w
d,d
th,v
k,k
tcl,tcl
pcl,tcl
s,s
ey,ey
eh,ix
ae,ae
r,r
k,k
ax,ix
ow,ow
tcl,kcl
r,r
w,w
ih,eh
y,ih
n,n
ix,ix
kcl,kcl
ix,ix
n,n
s,z
eh,ix
t,t
ey,ey
ao,ao
iy,ix
z,z
r,r
iy,iy
axr,axr
sh,sh
ay,ay
dh,dh
r,r
w,w
t,t
r,r
z,z
dx,dx
ao,r
sh,sh
r,axr
dcl,gcl
ae,ae
ih,iy
r,r
tcl,tcl
f,f
ch,ch
k,g
r,r
l,l
iy,y
v,v
axr,ax
tcl,tcl
y,y
eh,eh
dx,dx
k,g
ix,ix
ey,ey
kcl,kcl
kcl,kcl
q,q
p,p
sh,sh
dcl,tcl
r,r
eh,ix
ey,ey
r,r
s,t
aw,aw
k,k
dcl,gcl
ay,ay
l,l
th,th
ih,ih
nx,nx
aa,aa
ix,ix
eh,eh
p,dh
r,r
ix,ix
iy,iy
gcl,gcl
aa,aa
ay,ay
r,r
s,s
ae,ae
gcl,dx
sh,sh
s,s
ae,ih
iy,iy
eh,ih
kcl,kcl
k,k
s,s
ae,ae
l,l
hv,eh
s,s
w,w
ow,l
k,k
l,l
gcl,tcl
v,v
r,r
p,p
pcl,tcl
m,n
axr,axr
ix,ix
ax,ax
hv,hv
r,r
uh,w
ix,ax
hv,hv
oy,oy
iy,iy
bcl,bcl
ah,ih
v,v
m,m
d,t
dh,dh
s,z
ao,ao
axr,axr
iy,iy
t,t
eh,eh
dcl,dx
ah,ao
ae,ae
k,k
ah,ah
s,z
bcl,bcl
ao,aa
r,r
kcl,kcl
r,r
s,s
en,en
ah,ah
dcl,dcl
ay,ay
aa,aa
f,f
ax,ix
kcl,kcl
ay,ay
y,y
p,p
iy,iy
aw,aw
l,l
dcl,bcl
kcl,gcl
ux,ux
w,w
axr,ix
w,w
q,q
l,l
tcl,tcl
k,g
s,s
kcl,kcl
iy,ix
eh,eh
tcl,tcl
t,g
eh,eh
q,q
w,w
q,v
jh,jh
ih,eh
pcl,pcl
r,ix
s,s
l,el
l,l
jh,y
dh,dh
nx,nx
ay,aa
ix,ix
k,k
z,sh
ax,ix
r,r
ah,ah
s,s
k,k
ae,ah
ay,ay
ao,aa
iy,ix
y,y
y,y
iy,iy
q,q
ih,ih
kcl,kcl
dcl,dcl
r,r
iy,iy
aa,aa
n,n
r,r
axr,axr
hv,y
iy,iy
n,n
n,n
ae,ae
r,r
z,z
tcl,tcl
dx,dx
ah,ah
tcl,gcl
l,el
aa,aa
d,y
b,b
er,er
w,w
pcl,tcl
kcl,kcl
dh,dh
jh,k
r,r
y,y
iy,iy
k,k
ix,ix
g,g
ih,ix
w,w
g,g
axr,r
aw,aw
ih,ix
aa,ah
ix,ix
ao,ao
ae,ih
ix,ix
nx,n
tcl,tcl
ix,ix
q,q
ow,ow
k,k
q,q
axr,er
ah,ah
iy,iy
l,l
tcl,tcl
n,n
k,g
hh,hh
ae,ae
ae,ae
gcl,gcl
kcl,kcl
p,p
n,n
ix,uh
iy,iy
k,k
ux,ux
l,l
ih,ih
k,k
axr,axr
kcl,kcl
iy,iy
ix,ih
iy,iy
p,p
ey,ey
axr,er
n,n
ix,eh
s,s
r,r
dh,dh
aa,ae
iy,iy
bcl,m
m,m
ng,n
s,s
r,r
ae,ae
ng,n
ax,ax
y,y
z,s
l,l
gcl,gcl
iy,iy
n,ng
uh,ix
ix,ey
kcl,pcl
s,z
k,k
w,uw
ae,eh
p,p
z,z
n,n
iy,iy
n,n
m,m
ux,ux
w,r
s,s
tcl,q
f,f
ay,aa
ow,ow
ae,ae
ah,ax
ih,ix
v,dh
t,t
t,t
pcl,tcl
r,r
kcl,tcl
dx,dx
d,hh
dcl,tcl
r,r
n,n
pcl,kcl
iy,iy
m,bcl
m,nx
k,k
sh,sh
hh,hh
aw,aw
tcl,tcl
ih,iy
ax,ax
iy,iy
tcl,tcl
ae,eh
k,k
w,q
ax,y
jh,ch
dcl,w
ae,q
iy,iy
z,s
tcl,tcl
r,axr
ch,jh
l,ow
ow,ow
n,n
ae,ae
v,v
sh,sh
y,y
ix,ix
l,l
g,g
p,p
jh,d
hh,p
tcl,gcl
ih,ix
iy,iy
aa,aa
ih,ix
kcl,kcl
ae,ae
ih,ix
hv,hv
axr,axr
eh,ey
s,s
hv,hv
ao,r
ix,ix
ax,ax
ao,aa
ix,ix
s,s
t,dh
v,v
gcl,kcl
dcl,tcl
r,axr
t,t
dh,q
ey,ey
k,k
y,y
s,s
y,y
ow,ao
th,dh
ae,ae
axr,axr
s,s
ae,ae
t,t
f,f
ey,ey
dcl,tcl
t,t
ae,eh
q,hh
l,l
w,w
eh,eh
p,p
s,s
ow,ow
aa,ao
tcl,tcl
ix,ix
ey,ey
n,y
w,w
s,s
hh,hv
axr,axr
r,r
en,ix
ah,ax
ae,ae
er,axr
sh,sh
aa,aa
oy,oy
ay,ay
kcl,kcl
ao,ao
sh,sh
iy,iy
axr,axr
ax,ix
f,f
t,th
dcl,tcl
iy,iy
r,r
s,z
ey,ey
iy,iy
ao,aa
y,jh
ae,ae
r,r
ih,eh
g,g
k,k
q,ax
w,w
tcl,tcl
axr,axr
hh,hh
ao,ao
uh,uh
iy,iy
ey,ey
ow,ow
dh,l
w,w
v,ax
jh,jh
aw,aw
ay,ay
ao,aa
s,s
ix,uh
t,t
m,m
ih,ux
ah,ao
ix,ih
iy,ix
t,t
v,tcl
ay,ay
er,axr
y,y
th,s
ix,ix
ax,q
k,k
nx,nx
ao,ao
ae,ae
er,er
ao,ao
kcl,kcl
tcl,tcl
tcl,tcl
n,n
p,p
n,m
iy,ix
dcl,dx
ix,ih
tcl,tcl
z,s
dcl,dcl
l,w
kcl,tcl
m,m
l,l
iy,iy
d,t
q,q
iy,iy
l,l
sh,sh
f,v
ow,ow
s,s
iy,iy
ix,ix
r,r
ix,ix
sh,sh
n,ix
r,r
ux,ux
iy,iy
r,r
ix,ix
ax,ax
r,dx
w,w
ah,eh
m,m
axr,axr
r,r
ix,ix
kcl,tcl
r,r
m,n
pcl,tcl
eh,ih
gcl,n
er,ay
t,t
d,p
t,t
y,y
b,b
l,l
kcl,kcl
tcl,kcl
ow,ow
q,ax
m,m
r,r
m,m
f,tcl
ax,ax
ix,r
f,f
ix,ix
r,r
tcl,tcl
th,th
p,p
kcl,kcl
ae,ae
kcl,kcl
s,s
dx,dx
k,k
iy,iy
ae,ae
f,f
t,t
ih,ih
iy,ix
ey,ey
axr,axr
bcl,bcl
s,s
zh,sh
eh,eh
p,p
ax,ax
p,p
r,r
r,r
t,t
pcl,tcl
dh,dh
tcl,kcl
r,ix
eh,eh
ih,ih
eh,eh
tcl,tcl
b,m
s,s
n,n
s,s
hh,hh
g,g
axr,axr
bcl,dcl
dx,dx
kcl,tcl
iy,iy
q,q
tcl,tcl
tcl,tcl
tcl,tcl
ih,eh
s,s
l,ax
v,v
ae,ae
pcl,tcl
axr,axr
m,m
k,k
dcl,gcl
k,ax-h
r,r
r,r
d,t
gcl,gcl
bcl,bcl
p,p
ix,ix
m,m
w,w
en,n
ih,ih
ax,ax
em,n
ix,ix
kcl,kcl
tcl,tcl
l,l
iy,iy
gcl,gcl
g,g
dh,dh
iy,iy
z,z
ix,ix
ix,ix
dh,dh
l,l
s,s
pcl,tcl
n,m
ix,eh
dh,dh
y,y
axr,axr
r,r
sh,sh
jh,jh
ay,ay
en,en
th,th
aw,ah
kcl,tcl
ae,ae
p,p
s,s
axr,axr
q,q
el,el
eh,eh
q,q
s,s
dcl,gcl
kcl,tcl
w,w
n,n
s,s
v,v
s,t
s,s
r,dx
ah,aa
ae,eh
ae,ae
n,n
r,r
ey,ey
z,z
r,r
oy,oy
z,z
eh,eh
y,iy
dcl,dx
dh,dh
r,r
bcl,bcl
ow,ow
k,k
k,k
dx,hv
y,ix
w,w
ay,ay
ax,ax
tcl,tcl
r,r
t,t
kcl,kcl
n,n
s,s
y,y
ix,ix
r,r
ax,ix
jh,jh
eh,eh
ay,aa
r,r
z,z
t,t
ih,eh
y,y
iy,ix
q,q
s,s
sh,sh
n,n
ix,ax
dh,b
s,s
dx,gcl
t,t
ao,ah
s,s
ix,ix
n,en
kcl,kcl
r,r
n,gcl
z,z
ix,ih
w,w
kcl,hh
r,r
g,g
eh,ah
y,y
axr,axr
dcl,tcl
sh,sh
s,s
s,z
z,z
ah,ah
tcl,tcl
l,l
dx,dx
r,r
dx,r
tcl,tcl
l,l
d,t
ix,ax
v,v
eh,eh
z,z
r,r
s,s
dx,dx
iy,iy
ae,eh
ax,r
ae,eh
ux,ux
ix,ix
eh,eh
w,w
ix,iy
ix,ix
s,s
gcl,tcl
eh,eh
ix,ix
dh,dh
el,w
tcl,tcl
aa,aa
dcl,gcl
r,r
axr,axr
pcl,tcl
ae,eh
axr,axr
eh,eh
ey,ey
eh,ey
ay,ay
k,g
n,ix
q,q
iy,iy
bcl,bcl
dcl,tcl
tcl,tcl
s,s
axr,axr
eh,ae
s,s
q,q
tcl,tcl
y,y
z,z
dcl,gcl
iy,ey
bcl,tcl
ch,ch
sh,sh
pcl,v
hv,hv
aa,aa
pcl,tcl
k,k
l,l
n,n
hv,hv
aa,r
k,k
m,m
ng,m
ao,aa
l,l
w,w
n,ix
bcl,bcl
q,ix
kcl,tcl
ix,eh
z,z
kcl,kcl
ow,ow
m,m
k,k
s,s
eh,eh
ae,eh
pcl,tcl
y,y
r,r
s,s
ix,ix
axr,ix
en,n
l,l
t,t
tcl,tcl
l,l
n,ix
w,w
ux,r
ay,ay
en,ax-h
ao,ao
tcl,pcl
iy,r
th,th
ae,ae
iy,iy
l,l
d,t
ae,ax
z,z
t,t
k,k
s,s
n,n
dcl,gcl
ao,ao
ow,ow
s,s
p,p
ih,ih
gcl,gcl
l,l
l,l
tcl,tcl
eh,eh
ih,ih
gcl,gcl
aa,aa
ix,ix
ix,ax
eh,eh
l,l
n,ix
t,t
l,l
ah,ax
l,l
r,r
ae,ae
q,q
z,z
l,l
t,t
kcl,kcl
ae,ae
w,w
p,p
axr,axr
l,ix
ix,ix
bcl,tcl
w,w
k,k
eh,eh
r,axr
p,p
n,n
f,f
s,s
ax,ax
ay,ay
dcl,kcl
bcl,bcl
ae,ay
el,el
z,z
y,y
z,z
ao,ao
dh,dh
ah,ax
axr,axr
tcl,kcl
l,w
ow,ow
dh,dh
ay,aa
dcl,dcl
l,l
ix,ix
ix,ix
axr,er
s,s
l,l
v,v
q,q
er,er
t,t
axr,el
r,r
iy,iy
ix,ix
tcl,tcl
d,d
l,ax
w,w
uh,uh
hv,hv
n,n
ix,ix
t,t
pcl,tcl
dh,dh
iy,iy
n,en
eh,eh
s,s
q,q
ay,ay
ix,ix
dcl,dcl
ay,ey
ao,ao
w,w
dh,dh
s,s
v,m
s,s
l,ix
f,f
ey,ey
er,axr
l,l
ch,jh
eh,ae
iy,iy
ow,ao
ih,ih
pcl,pcl
tcl,tcl
el,el
k,k
ah,ax
ax,ax
er,axr
ix,ix
aa,aa
p,p
eh,eh
ah,ah
bcl,bcl
tcl,gcl
q,q
ax,ax
ax,ix
eh,r
m,w
ao,ao
dcl,dcl
ae,eh
ng,n
el,ax
n,n
uw,uw
dcl,bcl
z,z
l,l
k,k
r,r
n,n
dh,hv
ay,ey
ae,ae
ix,ix
iy,iy
gcl,ix
ix,y
y,y
ax,uh
ow,ow
dcl,dcl
jh,jh
er,axr
dh,dh
bcl,tcl
t,t
hv,hv
kcl,kcl
ah,ah
ix,ax-h
tcl,tcl
ax,ix
d,d
l,oy
ux,ux
axr,r
s,s
b,b
ae,ae
ih,ih
v,v
ax,ix
q,q
tcl,tcl
ix,ix
er,er
ah,ah
tcl,tcl
ey,iy
z,z
iy,er
aa,aa
ix,ix
z,z
s,s
ey,ey
n,n
axr,axr
ix,iy
sh,sh
y,iy
s,s
jh,jh
tcl,tcl
ix,ix
l,l
ux,ux
l,l
ih,eh
dh,dh
dx,ix
w,bcl
eh,ae
dh,v
ao,ao
t,t
ax,ax
q,hh
s,s
iy,iy
s,s
ng,ng
bcl,bcl
n,n
gcl,n
f,f
pcl,tcl
ey,ey
tcl,tcl
er,axr
iy,iy
f,f
l,ax
kcl,kcl
t,jh
q,g
iy,iy
l,l
gcl,v
ix,ix
r,r
ay,ay
r,r
l,l
kcl,kcl
tcl,tcl
l,l
er,er
ax,ix
uh,ix
kcl,tcl
ix,iy
n,n
ix,eh
ax,ax
ih,ix
dcl,dcl
iy,iy
ax-h,hh
dcl,dx
dx,nx
z,z
ih,ih
n,n
n,n
m,m
n,n
s,s
l,l
ao,ao
ao,ao
m,m
t,t
l,l
ix,ix
kcl,tcl
gcl,n
t,t
ng,ng
ix,ix
tcl,tcl
dh,dh
ae,ae
sh,sh
ey,ey
jh,jh
dh,v
eh,eh
ay,aa
ax,eh
axr,axr
uh,uh
w,w
ae,ae
ah,ah
ih,ix
hh,hh
m,m
y,y
l,l
ay,ay
ah,eh
axr,er
m,n
ae,eh
kcl,tcl
d,t
r,r
iy,iy
dcl,gcl
ao,ao
b,b
s,s
k,k
ng,n
r,r
kcl,kcl
l,l
p,p
f,f
ix,ih
m,m
m,m
uw,axr
ao,ao
dx,nx
tcl,tcl
f,f
f,f
q,q
aw,aw
kcl,kcl
ay,ay
kcl,kcl
ih,ih
ae,ae
iy,iy
ix,ax
q,q
t,t
pcl,pcl
ae,ae
r,r
k,k
z,s
gcl,gcl
n,n
eh,eh
z,z
w,w
ix,iy
iy,iy
p,p
y,y
er,er
tcl,tcl
iy,iy
r,r
s,s
p,p
iy,iy
q,q
aa,aa
kcl,tcl
sh,jh
ix,ix
bcl,tcl
s,s
ix,ix
dcl,dcl
ix,ix
bcl,bcl
z,z
iy,iy
tcl,tcl
ih,ix
s,s
w,w
ix,ix
n,n
ae,ae
kcl,kcl
ao,ao
t,t
ix,ix
hh,hh
el,ow
r,r
n,gcl
l,l
ng,ng
ao,ao
dh,dh
w,ao
r,r
sh,sh
tcl,tcl
v,v
n,m
aa,r
kcl,tcl
w,w
aa,ao
dcl,dcl
d,t
gcl,gcl
bcl,tcl
p,p
ow,ow
kcl,tcl
dx,ix
kcl,z
er,er
ng,m
l,l
ao,ao
oy,oy
t,t
n,m
l,l
r,r
uw,w
y,iy
ax,m
ao,el
gcl,gcl
b,b
s,z
t,t
ah,eh
bcl,m
ae,ae
ay,ay
ih,ih
n,n
t,t
er,axr
ah,ah
s,s
er,ux
sh,jh
aa,aa
sh,sh
oy,oy
bcl,bcl
w,w
ix,ix
l,w
iy,iy
r,r
axr,axr
pcl,pcl
er,axr
ey,ey
hh,p
nx,ix
iy,iy
dcl,gcl
n,n
gcl,gcl
tcl,pcl
dx,dx
m,m
ix,ix
iy,iy
axr,axr
k,k
el,el
ae,ae
m,m
d,t
q,n
pcl,tcl
m,m
iy,iy
m,m
m,m
y,y
ao,ow
pcl,en
ow,l
aa,aa
r,r
l,l
jh,jh
aw,ay
el,el
t,k
l,ix
ix,ih
tcl,kcl
er,er
kcl,tcl
iy,iy
l,l
ix,ix
gcl,gcl
w,w
ux,ux
axr,axr
axr,eh
nx,m
el,el
s,s
z,z
ux,ix
tcl,pcl
dx,dx
ey,ey
y,y
ix,ix
ah,uh
iy,iy
r,ax
ao,ao
hv,ix
sh,sh
aw,aw
ih,ih
ix,ix
tcl,kcl
l,w
kcl,tcl
ih,ih
m,m
ao,w
aa,aa
tcl,tcl
f,f
iy,iy
w,w
l,l
kcl,kcl
r,r
z,z
iy,iy
ow,ow
ih,ix
ix,iy
tcl,tcl
kcl,tcl
bcl,v
sh,sh
ow,l
k,k
l,w
k,k
p,p
s,s
f,sh
axr,axr
m,m
ae,eh
iy,iy
aa,ao
g,g
ih,ey
ih,ih
r,r
ax,ax
tcl,tcl
dcl,kcl
l,l
ix,ix
eh,ay
axr,eh
z,z
k,k
axr,axr
g,g
ng,ng
g,g
dcl,dcl
iy,iy
eh,eh
p,p
z,z
ay,ay
v,v
ih,ix
gcl,gcl
axr,axr
q,q
s,s
ix,ix
aa,aa
eh,eh
ah,eh
ao,ao
pcl,tcl
m,m
tcl,tcl
v,n
ow,uw
eh,eh
tcl,bcl
aw,ae
aa,aa
kcl,kcl
ux,ix
tcl,tcl
w,w
n,n
t,jh
iy,iy
dh,dh
hh,g
tcl,tcl
tcl,tcl
pcl,pcl
axr,ix
er,axr
k,k
ix,ix
n,dh
n,n
iy,iy
r,r
dcl,gcl
axr,eh
kcl,kcl
iy,iy
ow,ow
kcl,kcl
ih,ey
dx,dx
q,n
uw,ux
n,ix
ix,ix
ix,ix
k,k
ao,ao
tcl,tcl
z,z
aa,aa
f,f
tcl,tcl
s,s
ey,ey
ax,ax
n,n
q,q
tcl,gcl
w,w
f,v
ih,ih
kcl,kcl
w,w
l,l
kcl,kcl
eh,eh
ah,ah
w,q
b,dh
ow,ow
z,z
ih,ih
ix,ix
v,v
v,v
d,t
w,w
uw,ux
n,tcl
k,k
iy,iy
ix,ix
dx,dx
kcl,tcl
ih,ey
tcl,pcl
ax,ax
k,k
tcl,tcl
iy,y
k,k
r,ah
ao,w
ix,ix
pcl,gcl
ay,ay
f,hh
q,q
uw,uw
ae,ae
z,z
kcl,kcl
y,y
t,t
ax,hv
d,p
ay,ay
kcl,tcl
r,r
el,ax
tcl,tcl
tcl,ax
hv,hv
ix,ih
iy,iy
dcl,jh
eng,en
ux,ux
t,t
k,k
jh,jh
axr,eh
m,m
tcl,tcl
ey,ey
th,dh
ao,ao
pcl,pcl
kcl,kcl
sh,sh
ax,n
s,s
ey,ey
f,f
kcl,tcl
m,m
ih,ih
ey,ey
n,n
kcl,kcl
er,er
ix,ix
r,r
ao,ao
ih,ih
tcl,tcl
l,l
iy,iy
iy,iy
l,r
s,s
ux,ux
eh,ey
n,en
ax,ax
ih,eh
sh,sh
aa,aa
ch,t
tcl,tcl
t,t
l,l
ux,axr
l,l
sh,sh
n,ax
n,n
tcl,bcl
dx,dx
kcl,kcl
eh,ah
l,l
t,t
tcl,bcl
uh,uh
m,n
l,ah
ih,iy
aa,ay
ux,ux
ae,eh
iy,iy
w,w
hh,hh
l,l
n,n
axr,r
g,g
ix,eh
m,n
ih,eh
z,z
m,m
kcl,kcl
p,p
z,z
iy,iy
l,l
q,q
ix,ix
kcl,tcl
ao,ao
ae,ae
ow,ow
axr,axr
ih,ih
iy,iy
n,kcl
bcl,gcl
er,er
en,ix
ay,ay
s,s
hv,hv
ah,ah
aw,aw
ae,eh
ah,ah
hv,hv
dcl,dcl
f,f
ax,ax
s,s
er,er
w,w
ux,ih
el,uw
r,r
n,n
dcl,dcl
tcl,tcl
ah,ah
bcl,pcl
eh,eh
r,r
z,z
f,f
pcl,tcl
s,s
er,er
ih,ix
eh,ao
dx,dx
y,y
w,w
w,w
ax,ax
iy,iy
ih,iy
ih,ih
ao,ao
kcl,tcl
r,r
s,s
m,n
hh,hh
ix,ix
kcl,g
ao,aa
m,m
w,w
iy,iy
ay,ey
r,ix
w,w
tcl,kcl
pcl,tcl
n,n
l,l
n,n
bcl,kcl
tcl,kcl
ae,ae
l,l
ih,ix
l,l
ao,ao
kcl,kcl
w,w
r,aa
ih,eh
bcl,bcl
iy,iy
ow,ow
ix,ix
ae,ae
q,q
l,ax
n,ix
ih,ih
axr,er
dx,r
s,z
iy,iy
ix,ix
aa,ao
aa,aa
n,m
ey,ey
s,s
aa,aa
y,ix
axr,axr
m,m
ow,ow
axr,axr
l,l
l,l
jh,jh
ix,ix
ih,eh
tcl,tcl
ih,ax
ax,ix
p,p
gcl,gcl
tcl,tcl
m,m
ae,ae
kcl,kcl
ng,gcl
oy,oy
n,en
v,v
v,v
dcl,bcl
t,s
iy,iy
q,q
m,w
n,n
sh,sh
n,n
th,th
k,k
pcl,tcl
s,s
iy,iy
aa,eh
dh,dh
ow,ow
ix,ix
iy,iy
dcl,tcl
q,q
ay,ay
r,r
n,n
ay,ay
ax,ix
ch,ch
ae,ae
jh,jh
uw,ux
n,n
sh,sh
ix,ix
ih,ih
s,s
ae,ae
gcl,bcl
dcl,dcl
w,w
pcl,tcl
z,s
dx,nx
ao,ao
m,m
w,w
iy,iy
eh,ax
k,tcl
gcl,gcl
ix,ix
axr,axr
aa,ao
k,k
iy,iy
r,r
r,r
v,q
dh,dh
s,s
b,b
ch,ch
dcl,dcl
dx,p
s,s
y,iy
bcl,tcl
iy,iy
m,m
eh,eh
bcl,n
m,m
ih,ey
eh,eh
s,s
s,s
hv,p
ih,ix
iy,ey
kcl,kcl
n,n
r,r
ng,n
ay,ae
n,q
tcl,tcl
axr,axr
dcl,dcl
s,s
t,t
w,w
r,r
ay,ay
aa,aa
iy,iy
n,ix
l,m
kcl,tcl
ih,ih
v,v
ax-h,gcl
t,t
m,w
s,s
q,q
ax,ax
axr,er
tcl,tcl
w,w
gcl,gcl
ow,ow
f,f
ax,ax
n,m
w,w
ae,eh
ix,iy
k,k
ow,ah
v,f
kcl,kcl
gcl,tcl
r,r
z,s
ay,ay
ih,ih
iy,iy
l,l
kcl,tcl
n,n
z,z
oy,oy
w,r
ow,ao
kcl,kcl
w,w
n,ix
gcl,bcl
aa,aa
jh,jh
eh,eh
l,l
ix,ix
pcl,tcl
ng,ng
q,q
ah,eh
ah,ah
ow,ah
kcl,kcl
n,n
kcl,kcl
dx,dx
q,q
t,t
s,s
th,th
ax,ow
er,er
iy,iy
ih,eh
iy,iy
l,l
q,q
ey,ey
p,b
ix,ix
ah,ow
pcl,tcl
k,k
z,z
l,l
ih,ih
iy,iy
ih,ix
axr,axr
n,n
q,q
iy,iy
tcl,tcl
ae,ae
kcl,tcl
er,er
axr,axr
n,ng
tcl,tcl
er,er
ix,iy
k,k
m,m
ax,ax
ix,ix
n,n
z,z
er,er
k,k
z,s
iy,iy
uh,ax
axr,er
dx,ix
ao,ao
ih,ih
bcl,bcl
ae,ae
iy,iy
l,l
q,ix
hv,hv
ey,ih
s,s
ae,ae
aw,aw
r,r
n,n
r,r
bcl,bcl
n,n
axr,r
pcl,kcl
iy,iy
jh,jh
iy,iy
p,p
aa,aa
ao,ao
ix,ix
oy,oy
z,z
ix,ix
s,s
n,n
ah,ax
iy,iy
ux,ux
kcl,tcl
ow,l
ng,n
q,q
ax,ax
pcl,kcl
el,el
w,w
s,s
p,q
r,axr
q,q
k,k
iy,iy
dcl,dcl
t,t
tcl,kcl
y,iy
ae,ae
f,f
s,s
ix,ix
p,p
ih,ih
ch,ch
dh,dh
oy,oy
eh,eh
q,q
t,t
r,r
t,s
ae,ae
s,s
ao,ao
w,w
dcl,dcl
ay,ay
aa,aa
eh,eh
g,g
ih,ih
ey,ih
n,n
tcl,dx
jh,axr
tcl,tcl
ax,ao
ix,ix
ae,ae
z,z
axr,axr
l,l
hv,hv
iy,iy
jh,jh
n,n
ae,ae
axr,er
ax-h,ix
ih,ix
l,l
er,er
ao,ao
pcl,tcl
n,ix
ao,ao
dh,dh
bcl,bcl
l,w
dcl,tcl
pcl,kcl
y,y
er,er
iy,ix
ow,ow
z,z
bcl,pcl
t,t
w,w
eh,eh
ih,ih
s,s
hv,hv
bcl,kcl
k,k
t,t
dcl,dcl
l,l
s,s
aa,ao
en,en
m,m
t,t
f,f
n,ix
dcl,tcl
r,r
ih,ih
ax,ix
p,p
th,f
s,s
kcl,kcl
ey,eh
p,p
dx,jh
hv,hv
kcl,kcl
s,s
bcl,bcl
uw,uw
ax,ax
dh,b
w,q
eh,eh
axr,axr
sh,sh
kcl,kcl
tcl,tcl
r,r
axr,axr
k,k
w,w
s,s
kcl,tcl
pcl,kcl
kcl,tcl
l,l
ah,ae
tcl,tcl
pcl,tcl
eh,eh
ih,ih
w,w
kcl,kcl
k,k
z,s
eh,eh
ey,ey
ah,ax
v,v
ow,ao
aa,aa
sh,sh
iy,iy
q,q
kcl,kcl
pcl,tcl
er,axr
ih,ih
n,n
r,r
ix,ix
iy,ey
d,q
sh,sh
ix,ix
pcl,tcl
f,f
gcl,gcl
l,l
sh,sh
n,n
ih,ix
th,th
ih,ih
ao,ao
ah,ix
kcl,kcl
s,s
m,m
ix,eh
p,p
er,er
t,t
eh,eh
m,m
hh,hh
s,s
ng,ng
f,f
q,q
ih,r
ih,eh
dcl,gcl
el,l
dcl,gcl
p,p
y,y
kcl,kcl
v,v
z,z
ix,ix
r,r
f,v
ay,ay
d,jh
iy,ey
l,l
l,l
gcl,gcl
ih,ix
q,q
s,s
l,l
v,v
g,k
ax,ax
er,er
er,axr
tcl,pcl
ay,ay
iy,iy
kcl,tcl
nx,nx
tcl,kcl
t,t
s,s
ng,v
k,g
oy,oy
f,f
y,y
axr,er
jh,jh
ax,ax
en,en
bcl,bcl
th,th
z,z
n,n
ey,ey
ix,ix
r,r
l,l
ch,jh
ao,ow
ax,ax
r,eh
ix,eh
er,er
n,m
ax,ix
l,l
tcl,tcl
ow,ao
bcl,dcl
p,p
tcl,tcl
ao,ao
ax,l
s,s
m,m
w,w
ah,uh
g,w
aa,ao
ae,ae
ix,ix
tcl,n
pcl,pcl
ow,ow
ix,ix
l,ax
k,k
dcl,gcl
ix,iy
ey,ey
bcl,bcl
y,y
gcl,pcl
w,w
z,z
kcl,kcl
ao,aa
sh,sh
p,p
q,q
r,r
s,s
eh,eh
ow,ow
z,z
s,s
dcl,dcl
eh,ix
hh,hh
ix,ix
axr,axr
l,l
iy,iy
ix,ih
kcl,kcl
q,q
p,p
t,t
m,m
r,r
r,r
ey,ey
f,p
ux,ih
dcl,dcl
ay,ey
tcl,tcl
tcl,tcl
aa,aa
aa,aa
ch,ch
ax,ax
v,v
p,p
d,t
g,g
m,m
axr,uh
dx,jh
ay,ae
k,k
n,m
ih,ih
ax,ax
ax,q
t,s
ax,ax
gcl,gcl
dh,dh
ax,eh
kcl,tcl
eh,ao
gcl,n
m,w
w,w
aa,aa
ix,ix
ix,iy
z,z
ax,ax
er,er
ow,l
iy,ux
ch,jh
k,k
ey,ey
q,q
k,k
ah,eh
dcl,gcl
n,n
dcl,pcl
ch,ch
p,p
y,y
y,y
r,r
v,v
axr,axr
f,f
z,z
ax,ix
k,k
ih,ix
m,m
t,d
s,s
ao,ao
hv,hv
ay,ay
jh,jh
s,s
y,y
t,g
dcl,gcl
k,k
ow,eh
t,t
q,hv
v,v
tcl,kcl
r,ao
ae,ae
w,w
ae,ae
eh,eh
aa,aa
gcl,bcl
iy,iy
ih,ih
sh,sh
ix,ix
kcl,kcl
kcl,kcl
y,iy
oy,oy
ao,ao
y,y
ae,ae
iy,iy
ey,ey
ih,eh
s,z
ax,ax
w,w
t,t
s,s
n,n
kcl,tcl
sh,s
bcl,gcl
r,r
kcl,kcl
iy,iy
nx,nx
l,el
ao,ao
r,r
oy,oy
tcl,tcl
z,z
y,iy
s,s
r,r
pcl,pcl
ao,ao
en,en
ay,ay
gcl,gcl
kcl,kcl
axr,axr
dcl,dcl
ow,ow
ng,ng
en,ng
ae,ae
tcl,tcl
ng,n
ix,en
dcl,bcl
gcl,tcl
tcl,tcl
f,f
dcl,tcl
n,m
ow,el
n,ix
n,n
s,s
f,f
r,r
ah,oy
sh,sh
s,s
ih,iy
k,k
f,kcl
ix,ix
ix,ax
iy,iy
f,dh
er,er
tcl,tcl
k,k
ey,ey
gcl,kcl
y,y
axr,ux
ix,ix
tcl,tcl
s,s
r,ey
axr,axr
ix,ix
p,p
r,r
s,sh
n,n
kcl,kcl
l,l
ao,ao
tcl,tcl
r,r
ax,ix
aa,ao
ah,uh
k,k
s,s
s,z
eh,eh
kcl,gcl
ay,ay
er,axr
q,q
ay,ay
r,ix
ay,ay
dcl,dx
bcl,pcl
t,t
w,w
p,z
ey,iy
axr,axr
pcl,tcl
aa,eh
s,s
ay,ay
dx,dx
t,q
oy,oy
ng,n
dcl,dcl
k,k
n,n
tcl,kcl
ux,ux
z,z
s,s
aa,aa
l,ax
kcl,tcl
el,el
z,z
ih,ih
dh,t
pcl,tcl
ix,ix
s,z
q,q
d,t
iy,iy
sh,sh
ih,ix
z,z
m,m
d,d
ow,ow
m,m
s,s
s,s
m,m
q,q
ay,ay
iy,iy
t,t
l,l
r,r
ah,ax
f,th
m,m
sh,sh
dcl,dcl
iy,iy
k,k
ay,ay
ae,ae
l,l
axr,q
ae,ae
s,s
dx,dx
hh,hh
gcl,gcl
k,k
tcl,tcl
r,r
ae,ae
iy,iy
tcl,kcl
z,z
hh,hh
dx,dx
ux,ux
d,dh
r,r
f,f
ih,ih
aa,ao
jh,ch
m,n
r,r
k,k
ix,iy
axr,axr
ao,r
ax,ax
dh,dh
t,ch
nx,dx
k,p
y,y
n,tcl
f,f
l,l
pcl,tcl
m,m
ay,ay
q,q
s,s
ix,ax
ax,l
w,ax
l,l
ax,ax
eh,ih
r,r
iy,iy
ao,ao
ax,ax
ow,ow
r,r
kcl,kcl
q,q
q,tcl
t,t
l,l
k,k
jh,jh
ax,ah
iy,iy
ix,ix
ax,ax
v,v
ix,eh
ih,ih
ao,ao
r,r
f,v
axr,axr
v,v
tcl,tcl
s,s
ix,ix
r,r
ix,ix
z,z
g,g
ix,ih
l,l
y,y
tcl,n
ix,ix
z,z
s,s
l,l
g,d
ey,ey
ix,ix
n,n
q,q
er,axr
ix,ix
ax,ix
ay,ay
ao,ao
axr,axr
l,l
ih,ix
nx,nx
ay,ay
q,q
kcl,tcl
r,r
aa,ao
ey,ey
r,r
tcl,tcl
b,b
ax,ix
ix,ix
kcl,tcl
ih,ae
r,r
ah,ah
tcl,tcl
dh,gcl
z,z
w,w
ax,ah
ix,ix
ng,n
kcl,kcl
f,ax-h
er,er
p,b
ax,ax
dx,dh
iy,ix
kcl,kcl
ae,ae
t,t
ay,ay
eh,ae
ey,ey
l,l
m,m
ng,ng
ay,ay
m,n
ix,ix
w,w
axr,r
aa,ae
ch,ch
n,ng
ao,w
ow,ow
g,dx
ay,ay
ey,ey
tcl,tcl
dh,dh
pcl,pcl
ey,ey
eh,eh
g,g
gcl,gcl
iy,iy
iy,ey
dcl,dcl
dcl,dx
n,n
sh,sh
b,b
ah,ah
gcl,gcl
ng,ng
tcl,tcl
k,p
dx,dx
el,l
ih,ax
g,g
y,y
ey,ey
ae,ae
l,l
sh,sh
ax,ix
th,s
z,z
n,n
p,dx
ao,ao
s,s
t,jh
l,el
aa,aa
er,er
nx,n
ih,ih
ao,ao
ix,ix
v,v
l,l
eh,eh
uh,ah
aw,aa
kcl,kcl
hh,p
bcl,gcl
ih,ih
axr,er
r,r
k,k
iy,ix
ae,ey
tcl,tcl
ih,ih
sh,sh
n,n
gcl,dcl
ao,ao
q,q
aa,ao
f,f
iy,iy
ao,ao
m,m
r,r
ux,r
bcl,m
tcl,tcl
q,q
t,t
el,ng
ae,ih
ix,ix
f,f
ao,ao
s,s
ax,ax
k,k
r,r
hh,hh
jh,jh
r,r
aa,ao
uh,ax
er,axr
tcl,n
kcl,tcl
g,g
t,t
jh,zh
aa,ao
s,sh
w,w
r,ix
ow,ow
hh,k
t,t
hh,hh
jh,jh
ah,ow
gcl,tcl
kcl,kcl
pcl,tcl
dcl,dcl
r,r
ax,ax
ix,ix
iy,iy
w,w
l,l
q,q
n,n
d,t
n,nx
r,r
ax,ax
tcl,d
l,ax
v,n
f,f
t,t
iy,iy
uw,uw
l,l
ow,ah
f,f
r,r
l,l
w,w
kcl,kcl
s,s
n,en
m,m
m,m
ix,ix
r,r
z,z
d,d
t,t
n,n
m,m
z,z
t,t
n,n
axr,axr
g,g
r,r
r,r
k,k
p,p
tcl,tcl
s,sh
l,l
t,t
m,m
n,en
l,l
y,y
ah,eh
n,ix
s,z
ah,eh
l,ow
q,q
s,s
kcl,tcl
eh,eh
f,f
w,w
ay,ay
n,n
iy,iy
ch,sh
t,t
ao,ao
ih,ih
r,r
f,f
s,z
eh,axr
axr,r
sh,sh
z,z
ng,ng
s,f
tcl,tcl
m,m
eh,eh
ey,ey
m,m
iy,iy
axr,axr
ih,ih
ey,ey
ih,ix
ae,ae
ow,ax
ix,eh
ih,axr
ux,uw
ah,ao
dx,dx
er,axr
iy,iy
l,l
z,z
ah,ax
ux,ux
w,w
pcl,tcl
jh,jh
ix,ix
s,s
aa,aa
kcl,kcl
ih,ih
n,l
iy,iy
l,m
er,er
z,z
w,w
dcl,dcl
ng,ng
dcl,dcl
r,r
em,m
dcl,dcl
tcl,tcl
axr,er
iy,iy
n,n
kcl,tcl
zh,sh
dh,d
ao,ao
n,nx
el,el
g,g
eh,ih
p,tcl
w,w
m,m
m,m
k,k
ae,ae
iy,ux
gcl,gcl
axr,axr
f,f
sh,sh
ix,ix
r,r
r,r
ix,ix
kcl,kcl
ow,ow
k,k
ao,ao
iy,iy
eh,eh
ay,ay
ao,ao
ix,ix
aa,aa
dcl,dcl
p,p
tcl,tcl
ih,eh
ey,ey
tcl,tcl
bcl,dcl
ah,eh
iy,iy
s,th
axr,axr
iy,iy
q,q
en,en
gcl,axr
w,w
el,el
t,t
p,p
l,w
l,l
bcl,bcl
ao,aa
ih,ih
g,g
eh,ih
v,p
y,iy
t,t
n,n
m,m
kcl,dcl
hh,hh
ax,ax
f,th
ax,ix
ay,ay
el,ax
tcl,tcl
dcl,gcl
ow,eh
nx,n
y,y
l,l
dcl,tcl
aa,aa
l,l
ix,ih
s,z
r,axr
gcl,gcl
ey,ay
ao,aa
dcl,n
z,z
ow,ow
dcl,dcl
ix,ix
n,m
k,k
t,t
kcl,kcl
ix,ix
ix,ix
tcl,tcl
s,s
l,m
en,ix
ax,ix
th,th
ay,eh
ah,eh
m,n
axr,axr
s,s
ax,ah
k,g
axr,ix
aa,aa
s,s
ax,ax
r,r
k,k
eh,eh
r,ax
ey,ey
k,g
ay,ay
s,s
jh,t
k,hh
ch,sh
ix,ix
ao,ao
p,p
ay,ae
jh,jh
ae,ae
tcl,tcl
ao,ao
k,k
iy,ey
axr,axr
k,k
k,k
eh,eh
bcl,bcl
r,r
tcl,t
iy,iy
oy,oy
k,k
w,w
axr,axr
axr,axr
tcl,tcl
r,r
ah,ah
l,l
ih,ih
dh,n
r,ax
ah,ah
kcl,kcl
z,s
l,l
ih,ih
ix,ix
dcl,tcl
dh,dh
k,t
r,r
kcl,kcl
ao,ao
dcl,kcl
n,n
iy,iy
r,r
sh,sh
dcl,dcl
w,w
s,s
ih,ih
ih,ih
ix,ix
ax,n
ax,ix
ay,ay
ch,t
r,r
aa,ay
n,n
eh,eh
ax,r
z,z
y,ix
dx,dx
s,s
ae,ae
gcl,gcl
th,dh
er,r
q,q
iy,y
s,s
ix,eh
tcl,tcl
dh,dx
iy,iy
ow,w
hv,hv
q,ix
w,w
er,er
ax,r
t,t
ay,ay
ih,ng
n,n
ow,ow
k,k
ux,ux
ah,ah
w,w
ey,ay
s,s
axr,ux
t,t
dcl,dx
r,r
ih,ix
eh,ay
ay,ay
r,r
ah,eh
kcl,kcl
z,z
q,q
kcl,kcl
l,l
hh,hv
q,el
v,v
ah,ae
n,nx
s,s
s,s
iy,iy
m,m
l,l
n,n
ax,ix
iy,y
tcl,tcl
ix,ix
k,k
aa,aa
kcl,kcl
ow,ao
w,w
ux,ux
k,k
bcl,gcl
eh,eh
axr,axr
s,s
q,q
kcl,kcl
th,dh
kcl,kcl
p,p
l,oy
eh,eh
r,r
iy,iy
tcl,tcl
kcl,tcl
eh,eh
ix,axr
kcl,bcl
ax,ax
q,q
aa,aa
ow,ow
s,s
l,l
em,m
s,s
s,z
bcl,en
q,q
kcl,kcl
gcl,gcl
nx,ax
s,s
gcl,r
th,f
f,f
ax,ax
t,t
kcl,tcl
iy,iy
dcl,dx
hv,hv
z,z
axr,r
l,l
n,n
m,m
dh,p
ux,ux
ch,ch
ow,er
ay,ay
ax,ix
eh,ix
k,k
k,k
l,r
pcl,pcl
eh,eh
y,y
el,l
ao,ao
eh,eh
d,hh
ix,ix
el,axr
oy,oy
iy,iy
t,s
f,f
w,w
ey,iy
ah,ah
ih,eh
p,b
iy,iy
n,n
eh,ae
n,n
r,q
axr,er
f,f
l,l
l,l
t,t
tcl,tcl
ow,ao
f,f
axr,r
ey,ey
ax,ax
k,k
g,g
ix,eh
l,l
ax,ao
axr,ix
ix,ix
aa,aa
ax,r
iy,ix
r,r
n,n
ah,ah
pcl,tcl
ax,ax
ix,ix
ah,ah
aa,aa
l,l
z,s
f,f
dx,dx
ao,ao
ae,eh
ow,uw
kcl,kcl
v,f
aa,aa
k,k
s,s
ao,ao
ao,ao
ey,ey
ux,ux
p,p
dcl,dcl
kcl,kcl
ng,ng
iy,iy
ih,ih
pcl,tcl
er,axr
ix,ix
ey,ey
r,r
pcl,tcl
ax,ax
p,hh
g,g
n,n
ax,ax
sh,sh
f,f
ix,iy
kcl,kcl
dcl,dcl
tcl,kcl
iy,y
kcl,kcl
m,m
gcl,pcl
er,er
d,t
ah,ah
m,m
iy,iy
y,y
q,q
ix,axr
y,iy
ay,ay
iy,iy
ey,ey
s,s
ih,eh
ao,ao
ax-h,p
ao,aa
tcl,gcl
r,r
iy,iy
z,s
ix,ix
s,s
m,dh
w,w
t,t
iy,iy
l,l
tcl,tcl
n,n
ix,ix
t,t
nx,nx
d,t
q,q
axr,axr
tcl,tcl
ix,ix
ux,iy
z,z
z,z
p,p
ay,ay
y,iy
ix,ix
f,f
bcl,bcl
ay,ay
tcl,tcl
iy,iy
jh,jh
eh,ih
ow,ow
tcl,tcl
q,q
dcl,bcl
s,s
r,r
axr,axr
ux,ux
el,ow
p,p
z,z
n,nx
ax,ih
aw,ow
y,y
bcl,bcl
z,z
ao,ao
f,f
dcl,tcl
n,ix
f,f
dcl,gcl
m,m
ae,ae
kcl,tcl
dh,hh
tcl,tcl
dh,dh
er,axr
s,s
dx,dx
t,t
ow,ow
r,r
iy,iy
er,er
dx,dcl
q,q
axr,axr
er,er
z,s
q,q
ix,ix
dcl,dcl
tcl,ax
ao,ao
ow,ow
iy,iy
ae,eh
ix,ih
ix,ix
ix,ih
v,r
ix,ix
tcl,kcl
k,k
hh,p
aa,ao
k,k
ay,ay
el,el
q,q
ay,ay
ae,ae
p,p
er,axr
dcl,tcl
r,axr
s,s
k,k
w,w
r,r
ix,ix
q,q
w,w
k,k
tcl,tcl
ao,ao
q,q
kcl,kcl
n,n
r,r
q,q
dx,dx
f,dh
k,k
ao,ao
axr,axr
pcl,tcl
tcl,tcl
tcl,tcl
dh,dh
kcl,kcl
y,y
ax,ix
ix,eh
l,el
axr,axr
dcl,tcl
q,q
dh,dh
t,t
ey,ey
ao,w
m,m
p,p
s,s
z,s
uh,ax
ih,ih
er,axr
n,n
d,tcl
ax,ix
iy,iy
t,t
f,f
er,er
axr,er
ix,iy
bcl,bcl
n,n
r,r
ax,ax
z,z
uh,ix
l,l
y,y
sh,sh
q,q
k,k
q,q
ae,ae
dcl,dcl
v,v
ay,aa
s,s
tcl,tcl
d,d
r,axr
ih,ih
gcl,gcl
g,y
w,w
r,r
iy,iy
th,th
ux,ux
k,k
eh,eh
bcl,bcl
l,l
z,s
pcl,pcl
m,m
n,n
ih,ix
iy,iy
ix,ay
ih,ax
ax,ax
ng,ng
tcl,tcl
tcl,tcl
dx,dx
ae,ae
ih,ih
t,t
aa,r
l,l
iy,iy
tcl,kcl
ae,ae
aa,aa
dcl,dcl
ay,ay
axr,axr
ao,ao
dcl,n
ay,ay
k,k
r,r
ih,ix
sh,sh
z,z
dcl,tcl
ux,ux
iy,iy
dh,dh
f,f
ih,ih
k,k
dx,dx
tcl,pcl
iy,iy
ix,ix
tcl,tcl
y,y
t,t
k,kcl
eh,eh
axr,axr
kcl,gcl
gcl,dcl
l,l
s,z
ae,ah
el,l
ih,ih
er,er
hv,kcl
aw,ae
gcl,kcl
tcl,tcl
ix,ix
nx,n
dcl,dcl
iy,iy
aa,r
er,axr
q,q
t,t
th,f
ix,ey
d,d
aa,ao
n,nx
pcl,tcl
k,k
ae,ae
ix,ix
m,m
aa,eh
ix,ih
f,f
n,n
p,p
g,g
t,t
ux,ux
k,k
dh,v
n,ng
tcl,q
q,q
ey,ey
iy,y
ch,ch
kcl,kcl
iy,iy
n,n
v,v
f,f
t,t
n,n
l,l
d,d
n,n
sh,sh
s,z
ao,ao
er,axr
iy,iy
t,t
bcl,bcl
l,l
k,kcl
p,p
k,k
p,p
ix,iy
ao,w
ax,ax
kcl,kcl
iy,iy
k,k
ix,ix
sh,sh
er,axr
iy,iy
l,el
k,ch
ax,r
f,t
d,dh
z,z
t,t
ae,ae
sh,sh
tcl,tcl
m,m
k,k
eh,ah
q,q
dh,dh
ey,ey
tcl,tcl
z,s
sh,sh
f,tcl
tcl,tcl
sh,sh
q,q
l,l
ux,ix
aw,aa
n,n
ix,ax
er,r
dcl,gcl
dx,dx
dcl,pcl
t,t
ix,ix
hh,hh
p,p
v,f
m,m
tcl,tcl
bcl,bcl
w,l
ih,ih
th,f
n,n
ae,ae
bcl,gcl
dcl,dcl
n,n
ey,ey
g,k
th,dx
ih,eh
uh,ux
m,m
axr,axr
ah,ah
z,z
l,l
er,axr
p,p
l,ax
d,jh
ow,ow
ux,iy
z,z
l,l
ix,eh
w,w
th,th
gcl,kcl
tcl,tcl
ih,ih
ah,aw
iy,iy
ch,ch
kcl,kcl
kcl,tcl
t,t
iy,iy
ah,ah
q,q
ow,ow
aa,aa
ix,ix
ix,ix
hh,p
eh,axr
ix,ix
y,y
w,w
axr,r
sh,sh
z,z
k,k
en,en
m,m
tcl,tcl
ix,ih
aa,r
m,tcl
z,z
ao,ao
q,axr
tcl,tcl
k,kcl
bcl,bcl
iy,iy
ux,ux
ix,ix
d,g
iy,iy
v,v
pcl,tcl
ax,ax
hv,hv
dcl,dx
w,w
ch,t
w,w
hv,hv
ix,ix
k,g
ax,ax
dcl,dcl
oy,oy
tcl,bcl
kcl,kcl
m,m
iy,iy
dh,dh
d,d
dh,dh
axr,ux
n,n
pcl,tcl
iy,ix
ah,ah
axr,r
ix,ix
eh,eh
s,s
ae,ae
q,q
bcl,bcl
ih,ix
hv,hv
tcl,tcl
dh,dh
dcl,dcl
r,r
tcl,kcl
m,v
iy,iy
n,n
s,s
k,k
r,r
n,n
ah,ih
d,t
ih,ih
f,f
ax,ax
ng,n
z,z
kcl,kcl
s,s
jh,jh
ix,ix
dh,dh
k,g
tcl,tcl
p,p
ix,ih
l,ow
k,t
k,k
iy,iy
l,ih
tcl,tcl
l,l
kcl,tcl
z,z
bcl,bcl
m,m
aa,aa
s,s
ao,ay
p,p
l,l
ey,ey
ey,ey
g,k
ae,eh
ah,ih
ix,ix
p,p
ch,ch
axr,axr
ah,ow
t,t
iy,iy
ix,ix
ih,axr
aa,aa
el,el
l,l
z,z
ix,ih
aa,ao
nx,n
dh,v
kcl,kcl
iy,iy
zh,zh
l,w
el,ax
ae,eh
s,s
v,f
t,t
w,w
axr,er
kcl,tcl
ae,ae
pcl,kcl
k,k
ix,ix
sh,sh
ix,ix
kcl,kcl
s,s
n,n
s,tcl
axr,er
r,r
iy,iy
axr,axr
r,r
k,k
l,l
dx,dx
ey,ey
r,r
hv,hv
tcl,tcl
ao,ao
s,s
ah,ah
g,g
tcl,tcl
s,s
ax,ax
en,n
iy,iy
kcl,kcl
m,m
ae,ae
r,r
pcl,tcl
w,w
ae,ae
l,l
l,l
f,f
sh,sh
l,l
ay,ah
ao,ao
ao,ah
ax,ax
aw,aw
r,r
er,axr
ix,eh
el,ax
s,s
aw,ae
ae,ae
n,n
n,n
t,t
ih,r
ix,axr
pcl,tcl
ay,ay
ah,l
ix,ix
q,q
axr,axr
r,axr
ao,ao
tcl,tcl
ah,ah
axr,ix
q,q
ay,aa
sh,sh
el,el
ao,ao
s,s
n,n
ao,l
sh,ch
l,l
ax,l
gcl,gcl
w,w
r,r
ah,ax
m,bcl
k,k
n,n
ay,ay
t,t
axr,r
s,s
q,q
w,w
z,z
l,l
tcl,tcl
r,r
axr,er
n,n
ow,el
ay,ay
l,l
l,el
ix,ix
th,t
ix,ix
ux,ix
ix,ix
tcl,tcl
uh,uh
s,s
y,y
pcl,tcl
t,t
l,l
q,q
p,p
p,p
kcl,kcl
y,y
jh,ch
ay,ay
q,q
s,s
l,l
ao,ao
ng,n
ix,ix
q,q
ao,ao
ah,ah
s,s
tcl,tcl
m,m
p,p
ax-h,ax
aa,aa
hh,k
k,k
q,q
ix,eh
tcl,tcl
ow,ax
w,w
kcl,tcl
s,s
iy,iy
f,f
f,f
g,k
z,z
q,q
p,p
s,s
iy,ih
l,l
aa,aa
el,w
r,r
ow,ow
ix,ih
n,n
ae,ae
ay,ay
ao,ao
iy,iy
kcl,kcl
dx,tcl
k,ch
uh,ix
ix,ix
iy,iy
pcl,tcl
n,gcl
ih,ix
s,s
l,l
k,g
dcl,dcl
em,n
dh,kcl
ix,ih
ix,ih
ix,ix
iy,iy
dh,dh
tcl,tcl
iy,iy
hv,hv
aw,aa
th,th
z,z
pcl,bcl
dx,dx
q,q
m,ax
axr,ix
ae,ae
g,k
ix,ix
kcl,kcl
n,n
axr,axr
axr,ix
s,s
tcl,tcl
eh,eh
ah,ah
l,l
ih,axr
ah,ih
p,p
ao,ao
l,w
k,k
l,l
z,z
iy,iy
axr,er
m,m
f,f
hh,hh
s,s
axr,axr
ah,eh
er,er
eh,eh
jh,jh
gcl,tcl
r,axr
l,l
ao,ay
dcl,tcl
ae,eh
n,ix
aa,aa
r,r
kcl,tcl
bcl,bcl
axr,er
gcl,kcl
jh,jh
tcl,kcl
iy,iy
ey,ey
n,n
jh,ch
ao,ao
s,s
p,p
f,f
ah,ah
f,f
ih,iy
axr,axr
w,w
gcl,gcl
z,z
ix,ix
kcl,kcl
bcl,bcl
hh,hh
k,k
nx,nx
n,m
s,s
zh,zh
dcl,tcl
kcl,tcl
ae,ae
ae,ae
aa,aa
ae,ae
ux,ux
t,t
s,s
m,m
aa,aa
dcl,tcl
ae,ae
f,f
uw,uw
hh,hh
p,b
axr,r
eh,ix
dcl,tcl
uh,uh
hv,y
r,r
ix,ix
z,z
hh,t
l,l
g,g
z,z
k,k
ax,ax
s,s
tcl,tcl
kcl,tcl
uh,ih
m,m
v,v
ao,ay
n,n
dcl,gcl
ix,ix
ux,ux
d,jh
er,er
n,n
ix,ix
th,f
ih,ih
ux,ux
dcl,v
ih,ih
r,r
oy,oy
k,hh
ih,ih
axr,r
gcl,gcl
d,d
k,k
aa,aa
dcl,dcl
dcl,dcl
y,y
k,k
f,p
l,l
s,s
r,r
gcl,gcl
ax,ax
pcl,tcl
l,ax
axr,axr
ih,ix
v,v
ax,ax
m,m
dcl,dcl
dcl,dcl
z,z
s,s
g,g
n,q
n,n
tcl,tcl
ax,ax
gcl,gcl
ax,ax
ih,ih
r,eh
m,m
aa,aa
m,m
ae,ae
ax,l
ux,uw
gcl,gcl
bcl,bcl
eh,eh
r,r
q,q
kcl,kcl
w,w
eh,eh
z,z
n,n
r,r
s,z
ix,ih
aa,aa
r,axr
gcl,gcl
ih,ax
jh,jh
kcl,tcl
tcl,tcl
ah,ao
ng,ng
ow,ax
l,ax
r,r
ah,ah
n,n
r,v
ae,ae
ow,ow
r,r
ax,l
kcl,kcl
m,m
ao,ao
w,w
p,p
tcl,tcl
s,z
ey,ih
v,r
kcl,tcl
ow,ow
ay,ay
sh,sh
z,z
gcl,gcl
bcl,bcl
f,v
k,k
hv,hv
s,s
q,q
kcl,kcl
sh,sh
z,z
pcl,tcl
eh,r
axr,axr
kcl,kcl
ih,ix
er,er
y,ux
dh,dh
ix,ix
kcl,kcl
gcl,dx
sh,sh
z,z
q,q
p,p
ao,aa
ah,ah
l,l
ao,ao
axr,r
dcl,dcl
r,r
ay,ay
tcl,kcl
oy,oy
en,en
axr,axr
l,l
axr,axr
y,y
ao,ao
er,er
aa,ao
g,g
dx,dx
ux,ux
iy,iy
aw,aa
ix,ix
k,k
ao,ao
ux,ux
n,n
v,v
ix,ix
r,r
g,k
tcl,tcl
tcl,tcl
ae,ae
pcl,bcl
axr,axr
ae,eh
iy,iy
v,v
ix,ih
ao,ao
iy,iy
d,d
m,m
ao,ao
l,w
ow,ow
l,l
ey,iy
d,t
ao,oy
ih,ix
er,er
ao,ao
ax,ax
l,l
ao,ao
ix,ix
dcl,dcl
s,s
pcl,dcl
kcl,en
l,l
jh,jh
l,l
d,t
dh,dh
ix,ix
m,m
w,w
dcl,dcl
g,g
ng,n
ow,ow
ix,ix
f,v
dx,dx
pcl,kcl
v,v
dcl,dcl
ae,ae
ix,ix
dx,dx
kcl,tcl
kcl,kcl
ih,ix
q,iy
tcl,q
ix,ih
axr,axr
g,dh
ax,ix
iy,iy
eh,eh
er,er
ax,ax
n,n
kcl,tcl
ux,iy
ao,ao
ix,ih
tcl,tcl
r,r
ih,iy
k,k
dcl,kcl
m,n
n,dx
eh,eh
r,w
th,th
dcl,n
ix,ix
ay,ay
sh,sh
ow,ow
kcl,kcl
r,r
en,n
t,th
l,l
ae,eh
n,n
pcl,tcl
ae,eh
n,n
jh,ch
r,ax
aa,ao
sh,sh
ax,ax
r,r
ih,iy
bcl,bcl
axr,er
s,s
s,s
q,k
iy,ih
n,n
eh,ix
sh,sh
en,m
r,r
ix,ux
z,s
iy,iy
gcl,gcl
kcl,gcl
eh,eh
k,k
ae,eh
ch,ch
g,dx
v,r
iy,iy
uw,uw
ao,q
t,t
aa,aa
l,l
q,iy
axr,ih
f,f
ix,ix
dcl,tcl
r,v
r,r
s,s
aa,aa
eh,eh
axr,er
dcl,tcl
l,w
k,k
r,r
ae,ae
ix,iy
dcl,tcl
dh,dh
ao,ao
kcl,kcl
f,p
l,l
axr,axr
f,f
kcl,kcl
l,l
q,q
dh,dh
m,m
r,axr
ih,ih
s,s
t,s
ae,ae
z,z
eh,eh
q,q
f,f
n,n
l,l
f,f
axr,axr
hv,hv
ix,ix
ah,er
tcl,gcl
hh,hh
iy,iy
kcl,kcl
iy,iy
m,m
m,m
gcl,bcl
s,s
iy,iy
iy,iy
axr,axr
v,v
nx,dx
er,er
ix,eh
m,m
axr,axr
aa,ao
ix,ix
ix,r
en,ng
t,t
axr,axr
ih,m
n,n
iy,iy
ng,n
dcl,dcl
gcl,gcl
t,t
ih,ix
z,z
aa,aa
w,w
g,g
n,n
ey,iy
n,n
er,er
ah,ah
pcl,pcl
iy,iy
v,v
n,n
t,t
n,n
s,s
iy,iy
l,l
f,b
p,p
y,iy
z,z
ix,ix
n,n
ow,ow
ax,w
t,t
axr,axr
nx,n
dcl,dcl
ax-h,dh
dcl,dcl
uh,axr
q,q
ch,ch
s,s
s,s
er,uh
ae,eh
s,s
er,er
dcl,dcl
kcl,tcl
ey,ey
tcl,tcl
ah,ah
aa,aa
dh,dh
dcl,dcl
aa,aa
ix,ix
tcl,tcl
tcl,tcl
tcl,tcl
m,w
pcl,tcl
tcl,tcl
n,n
ix,ih
sh,sh
iy,iy
iy,iy
hv,hv
f,f
l,ax
d,dh
tcl,tcl
l,m
ix,ix
t,jh
ae,ae
iy,ey
iy,iy
ix,ix
dh,dh
l,l
ih,ix
ix,ix
r,iy
iy,iy
sh,sh
ux,ux
bcl,w
s,s
sh,ch
f,f
ih,ih
dcl,tcl
r,r
aw,aw
ao,aa
w,w
r,ix
ch,ch
r,r
tcl,kcl
tcl,tcl
y,y
dh,t
ow,ow
z,z
s,s
gcl,bcl
aw,ao
bcl,bcl
z,z
q,q
jh,jh
iy,iy
tcl,tcl
ix,axr
ao,aa
er,er
ae,ae
ax,ax
er,er
gcl,gcl
dcl,gcl
s,s
w,w
k,k
gcl,dcl
tcl,tcl
ax,ix
g,g
oy,oy
l,l
p,p
ay,ao
kcl,kcl
iy,iy
m,m
er,axr
r,r
r,r
w,w
f,f
ax,ax
eh,ey
aa,aa
dcl,dcl
dh,dh
s,s
gcl,dcl
n,ng
f,f
gcl,n
r,axr
n,n
y,y
iy,iy
dx,dx
pcl,tcl
d,d
ux,ux
ih,ix
kcl,kcl
axr,axr
ao,ao
m,m
l,l
n,n
q,q
en,en
l,l
l,el
l,l
dh,g
axr,axr
iy,iy
l,l
q,tcl
f,f
pcl,gcl
l,l
l,dh
p,p
kcl,kcl
ah,ah
iy,iy
ng,n
s,s
ih,ih
ix,ix
eh,eh
ae,ae
s,s
er,er
ux,ux
ae,ae
s,s
ux,ux
pcl,tcl
kcl,tcl
k,k
ae,ae
dcl,m
t,d
ax,ah
ux,ih
w,w
tcl,gcl
m,m
dcl,tcl
iy,iy
tcl,tcl
bcl,kcl
k,k
tcl,tcl
iy,iy
t,ch
ah,ah
dx,dx
ix,ix
p,tcl
tcl,tcl
n,n
tcl,tcl
ao,aa
z,s
m,m
kcl,kcl
l,l
m,bcl
k,k
ey,ey
iy,iy
ih,ix
t,t
q,q
m,n
eh,ax
v,v
ao,ao
ae,ae
q,q
th,dh
er,axr
r,r
ae,eh
kcl,kcl
dcl,tcl
nx,nx
gcl,gcl
hh,p
ey,ey
s,s
ix,ix
t,t
en,en
dx,dx
s,s
tcl,dh
n,n
ae,ae
nx,n
ax,ix
r,r
kcl,kcl
ay,ay
r,r
d,t
p,p
ax,ax
iy,iy
eh,eh
ix,ix
kcl,kcl
ax,ah
bcl,dcl
s,s
m,m
z,z
l,l
ax,ix
ax,ax
z,z
eh,eh
ao,ao
p,t
ao,ao
eh,axr
w,w
ih,ih
tcl,tcl
n,n
dcl,dcl
er,er
bcl,bcl
tcl,tcl
s,s
dcl,dcl
t,t
ax,ax
bcl,kcl
bcl,bcl
r,r
s,s
dcl,bcl
ih,ih
ax-h,d
ix,eh
hv,hv
iy,iy
b,p
jh,jh
v,v
n,n
k,tcl
ix,eh
t,t
el,axr
r,r
r,r
hv,ix
p,p
ix,ix
l,ng
tcl,tcl
sh,sh
y,y
kcl,kcl
w,w
ao,ao
m,m
ao,ao
gcl,gcl
l,l
v,n
ah,ah
z,z
ch,ch
nx,nx
r,r
n,ix
tcl,tcl
ax,uh
ao,ao
f,f
ih,ih
eh,ax
jh,jh
gcl,gcl
ae,ae
iy,iy
ao,ao
v,v
tcl,tcl
s,s
ix,ix
gcl,n
ax,el
n,ng
ng,n
ax,ax
s,s
t,t
ih,iy
tcl,tcl
w,w
s,s
aa,aa
dcl,dx
w,l
oy,oy
z,z
m,m
r,r
z,z
n,n
n,n
iy,iy
tcl,tcl
t,d
el,l
tcl,gcl
t,t
r,axr
tcl,kcl
q,axr
dh,th
d,t
n,n
dx,dx
n,n
n,n
er,er
n,l
q,q
q,q
hh,hh
iy,iy
p,p
q,q
ao,ao
ng,n
iy,iy
m,ng
ax,ax
y,y
m,n
tcl,tcl
ix,iy
ow,ow
iy,iy
ao,ao
ix,ix
ix,ix
el,el
l,l
dcl,tcl
er,axr
r,r
tcl,kcl
ih,ix
ao,ao
gcl,gcl
l,ax
eh,eh
ow,el
g,g
f,f
ix,ix
dh,th
s,s
ae,ae
l,l
r,r
aa,axr
aa,aa
pcl,pcl
gcl,gcl
w,w
w,l
pcl,pcl
ih,ix
s,s
ng,n
bcl,tcl
er,r
ow,ow
dx,dx
tcl,tcl
ix,ih
s,s
eh,ae
q,q
r,r
axr,r
ix,ix
ae,ae
kcl,kcl
dcl,gcl
aw,ae
m,m
ax,ax
dx,dx
z,s
ix,ix
ow,ow
tcl,tcl
f,f
ix,ix
r,r
w,ao
s,s
p,p
ah,ah
k,k
m,m
l,l
iy,iy
p,p
ae,ae
r,r
f,f
er,er
p,p
eh,eh
kcl,kcl
uw,uh
t,t
sh,sh
aa,aa
ey,ey
ae,ae
dh,dh
ix,ix
ax,ax
n,n
s,z
tcl,tcl
dx,n
tcl,tcl
eh,ih
eh,eh
ay,eh
axr,axr
r,r
q,q
f,f
t,t
ao,ao
iy,iy
ao,ao
ux,ux
ch,ch
k,k
r,r
tcl,gcl
dh,t
l,l
dh,dh
y,y
tcl,tcl
ix,ix
t,t
iy,iy
r,axr
dx,dx
pcl,pcl
ao,ao
iy,iy
ix,ix
tcl,tcl
n,n
d,p
ey,ey
s,s
ao,ao
m,m
m,m
hh,hh
ix,ix
axr,er
kcl,kcl
sh,p
er,axr
ax,ax
ae,ae
ih,ih
iy,iy
w,w
aw,ae
n,n
s,s
pcl,tcl
ae,ae
ae,ae
l,l
s,s
iy,iy
t,t
ix,ix
dx,dx
iy,iy
p,p
k,k
m,en
s,s
f,f
eh,ey
aa,ao
iy,iy
el,el
aw,aw
s,s
ix,iy
ow,ow
s,s
iy,iy
ux,axr
iy,iy
l,l
ix,ix
m,m
t,t
ng,n
q,q
tcl,tcl
l,l
p,p
n,m
y,y
z,z
s,s
kcl,kcl
s,z
ix,n
ix,ix
n,n
p,p
axr,axr
s,sh
el,uw
dcl,tcl
sh,sh
t,t
en,m
iy,ix
ey,ey
dcl,tcl
z,z
nx,nx
ah,aa
tcl,tcl
ix,ix
w,w
hh,q
f,f
kcl,tcl
k,k
ah,ah
v,v
axr,axr
kcl,kcl
er,er
dh,ix
n,n
tcl,tcl
pcl,tcl
r,r
dh,dh
dcl,dcl
ix,ih
aa,aa
tcl,kcl
ix,ix
n,n
axr,axr
ax,l
kcl,kcl
kcl,kcl
iy,iy
l,l
r,r
r,r
k,g
n,n
iy,iy
r,r
aa,aa
axr,er
d,ax-h
tcl,kcl
dcl,gcl
ix,ix
ay,ae
tcl,tcl
r,ix
pcl,tcl
ux,eh
k,k
k,k
ax,ix
n,n
ix,ix
s,s
r,r
t,t
tcl,kcl
b,dh
eh,eh
k,k
l,l
ey,ey
k,k
tcl,tcl
m,m
ae,eh
m,m
m,m
m,v
m,m
ah,l
m,m
n,n
v,dx
s,s
bcl,gcl
n,n
s,s
dcl,dcl
iy,iy
ae,ae
g,g
r,r
ae,ae
n,n
axr,tcl
iy,ey
l,l
ow,el
aa,aa
ae,ae
nx,dx
t,t
iy,iy
ih,ih
ah,ah
q,q
ao,ao
th,dh
l,l
ix,ix
ey,ey
tcl,tcl
p,hh
aa,aa
s,s
el,el
g,g
tcl,tcl
ih,eh
v,v
ax,aa
k,k
axr,r
s,s
l,l
eh,eh
dcl,dcl
dh,v
dcl,tcl
iy,iy
ih,ix
t,t
v,f
tcl,tcl
aw,ae
ch,s
k,g
uh,ix
q,q
er,er
k,k
l,w
m,n
ey,ey
f,f
ay,ay
p,p
ae,eh
el,el
r,r
p,p
f,f
kcl,kcl
ey,ey
p,p
oy,oy
aa,aa
l,l
k,k
l,l
m,n
n,m
sh,sh
k,k
t,t
ay,ey
iy,iy
ih,ix
aa,aa
pcl,pcl
pcl,tcl
eh,ih
r,r
ih,ux
n,n
q,q
r,r
ix,ix
f,f
uh,uh
pcl,tcl
axr,axr
l,l
ao,ao
ax,ax
w,w
kcl,kcl
ao,ao
hv,hh
p,p
iy,iy
ax,ax
kcl,kcl
ix,r
s,s
th,dh
ay,ay
iy,iy
tcl,tcl
q,q
v,v
ah,ah
dcl,gcl
m,m
ix,hv
z,s
iy,iy
r,r
q,q
dh,dh
ao,ax
axr,axr
s,s
n,ng
axr,ax
ix,r
s,s
dcl,dcl
s,s
q,q
v,f
ix,ix
ae,ae
ix,r
dx,n
gcl,gcl
g,g
kcl,gcl
kcl,kcl
l,bcl
kcl,tcl
f,p
dcl,dcl
ax,ah
tcl,tcl
pcl,pcl
z,z
r,axr
eh,eh
aa,aa
t,t
ao,ao
ih,eh
n,m
ah,ah
oy,oy
iy,iy
tcl,kcl
t,t
m,n
n,n
aa,ao
ix,l
w,l
s,s
s,s
ix,ix
s,s
s,s
w,w
s,s
tcl,tcl
b,b
ey,ey
l,l
y,y
eh,eh
g,g
kcl,tcl
s,s
kcl,kcl
r,r
tcl,n
ae,ae
s,s
hh,hh
n,n
aa,ao
r,r
n,n
nx,nx
ao,aa
ax,ix
q,q
ix,ix
iy,iy
bcl,v
hh,hh
z,z
r,r
f,f
p,p
r,r
ih,iy
r,r
ax,ah
ae,eh
iy,ey
ey,ey
er,r
ih,ih
ae,eh
dx,dx
k,k
pcl,gcl
iy,iy
n,n
n,n
m,m
axr,axr
l,l
sh,sh
tcl,tcl
kcl,kcl
sh,sh
v,v
t,t
s,s
s,s
hv,hv
g,g
dx,r
eh,eh
nx,r
dcl,dcl
n,n
t,t
f,f
tcl,tcl
er,er
oy,ao
ix,eh
w,w
ix,ix
ao,ao
tcl,tcl
kcl,kcl
ae,eh
r,r
t,t
eh,eh
n,en
ix,tcl
kcl,kcl
ow,uw
kcl,kcl
iy,iy
v,v
m,m
r,r
w,w
dx,n
z,z
ix,ix
ih,eh
p,p
ao,ao
ix,ix
n,n
z,s
s,s
k,k
n,n
iy,iy
dh,dx
kcl,kcl
s,s
iy,iy
aa,aa
dcl,ax
s,s
ix,ix
s,s
ax-h,tcl
ao,ao
ae,aa
eh,eh
z,s
r,r
ae,ae
eh,ae
z,s
ow,ow
oy,oy
eh,ih
tcl,tcl
f,f
bcl,bcl
eh,eh
ax,ax
n,m
dh,dh
n,n
ey,ey
iy,iy
r,dx
ih,ih
axr,r
ax,ix
ix,iy
g,g
k,t
y,y
m,m
ow,ow
r,r
l,l
nx,dh
zh,zh
eh,eh
w,w
eh,eh
g,g
s,s
eh,ih
iy,iy
ix,ix
ix,ix
ay,ay
tcl,tcl
bcl,bcl
l,l
ao,ao
ng,en
dh,dh
q,ay
ih,ih
ao,aa
l,q
r,r
ux,iy
m,n
axr,axr
s,s
z,z
f,f
n,n
jh,jh
l,l
ah,ah
er,er
ng,gcl
aa,aa
tcl,tcl
pcl,tcl
l,l
axr,ix
ih,ix
tcl,tcl
eh,eh
uh,ix
ih,ih
ix,ix
g,k
kcl,kcl
f,f
er,axr
eh,ix
ay,ay
dcl,dcl
dh,dh
tcl,tcl
v,v
z,z
ae,ae
aw,aw
q,ix
n,ix
ey,iy
tcl,tcl
axr,ay
t,t
ay,ay
ch,jh
iy,iy
sh,sh
m,m
ux,ux
m,m
t,d
eh,ih
iy,iy
v,v
ae,ae
s,s
dcl,dcl
ao,ao
n,n
pcl,kcl
iy,iy
p,p
r,r
ay,ay
iy,iy
r,r
axr,axr
hv,hv
ih,ix
hh,hh
dh,dh
oy,oy
ae,ae
tcl,tcl
dh,v
r,r
n,n
m,m
pcl,kcl
kcl,kcl
ow,ow
dcl,tcl
dcl,tcl
gcl,dcl
ah,ao
ax,ax
t,t
z,z
n,l
ng,n
ux,ix
ao,ao
iy,iy
n,n
f,f
y,y
k,k
dcl,bcl
ix,ix
en,n
em,r
ay,ay
ay,ay
n,n
bcl,bcl
axr,axr
ix,ix
uw,ux
ow,ow
pcl,gcl
uh,ix
eh,ix
s,s
r,r
l,w
axr,er
ih,l
kcl,k
ao,ao
ih,eh
ah,ih
dh,n
bcl,v
r,r
kcl,tcl
kcl,tcl
t,t
kcl,kcl
r,r
ow,ow
ix,ix
iy,iy
iy,iy
ay,ay
ix,ix
ix,ix
ae,ae
s,s
hv,hv
bcl,v
s,sh
eh,er
q,q
ih,ih
r,r
ih,ix
dcl,dcl
ih,ih
dcl,gcl
k,k
tcl,tcl
m,m
dcl,dcl
m,m
d,d
tcl,tcl
g,k
z,z
s,s
n,n
l,ix
er,er
tcl,tcl
ae,ae
el,ow
l,ix
b,p
ih,ix
ey,ey
tcl,tcl
ih,ih
ae,ae
d,t
ow,ow
f,f
k,k
dcl,tcl
sh,sh
bcl,bcl
ix,axr
k,k
uh,l
s,s
kcl,kcl
s,s
n,n
ix,ix
f,f
tcl,tcl
ay,ay
n,n
kcl,kcl
eh,eh
dcl,n
eh,eh
v,v
l,l
gcl,gcl
l,el
s,s
n,n
ax-h,hh
axr,er
eh,ih
w,w
ax,ah
p,p
ay,ay
w,w
f,f
ey,ey
s,s
axr,axr
tcl,tcl
dcl,tcl
y,ih
ah,ah
k,k
eh,eh
n,n
s,s
f,f
ay,ay
ix,ax
ay,ay
r,eh
n,n
ay,aa
ih,ey
r,r
z,z
ix,axr
w,w
bcl,m
ae,ae
q,l
ih,ix
kcl,tcl
eh,eh
m,m
f,f
l,ax
ax-h,ix
iy,iy
aa,ao
kcl,tcl
ey,ey
l,l
sh,s
axr,eh
el,el
m,en
iy,iy
k,k
m,m
ng,ng
nx,dx
r,axr
tcl,tcl
l,el
dcl,dcl
d,t
z,z
kcl,kcl
sh,sh
kcl,kcl
z,s
dcl,tcl
aa,ao
l,l
dcl,dcl
z,s
ix,ix
l,l
eh,eh
eh,ax
er,axr
bcl,v
v,ax
bcl,bcl
k,k
ih,iy
n,n
dh,tcl
pcl,tcl
tcl,kcl
sh,sh
dcl,dcl
g,g
ae,ae
m,m
dcl,gcl
ih,ih
k,g
ay,ay
m,m
iy,iy
ay,ay
r,r
ay,ay
l,l
t,t
tcl,kcl
n,n
kcl,kcl
iy,iy
m,m
ix,ix
dcl,dcl
f,f
m,m
hv,hv
ix,ix
r,r
ah,r
g,g
aa,ao
f,p
th,th
l,ix
ow,ah
ao,aa
dx,dx
er,axr
k,tcl
ey,ey
ih,ix
l,w
s,s
el,el
aw,aw
eh,eh
f,f
dcl,dx
axr,axr
er,eh
th,dh
ao,ao
ao,ao
ao,r
kcl,tcl
p,p
aa,r
p,p
dcl,dx
t,t
r,r
ao,ao
r,r
er,er
t,t
dcl,dx
eh,eh
t,d
g,g
z,z
s,s
tcl,tcl
ix,ix
k,g
hv,hv
kcl,kcl
aa,aa
jh,jh
l,l
r,r
y,y
v,v
iy,iy
th,th
t,t
m,l
d,t
iy,iy
aa,ao
p,hh
k,k
hv,hv
ay,ey
r,r
ix,ix
iy,iy
n,n
l,l
gcl,gcl
s,s
eh,eh
v,v
axr,axr
ih,ih
ix,ix
k,k
kcl,kcl
r,r
kcl,kcl
ax,ix
ae,ae
aa,ao
z,z
th,k
iy,iy
dh,dh
s,s
iy,ix
iy,iy
dcl,gcl
th,th
ah,ax
aw,ae
l,ax
m,ng
dx,dx
dcl,dcl
q,q
kcl,tcl
t,k
iy,iy
ae,eh
z,z
s,s
gcl,gcl
ey,ey
dx,r
g,k
tcl,kcl
iy,iy
r,r
k,jh
r,r
ae,eh
ae,ae
ih,iy
uw,ux
kcl,tcl
w,w
iy,iy
ax,ax
ih,ix
ih,ih
dcl,tcl
ae,eh
q,q
l,uh
ah,ax
w,w
ax,ix
z,z
b,g
aa,aa
ah,ow
nx,n
ix,ix
q,tcl
ix,ix
dx,dx
l,l
tcl,tcl
ih,eh
s,s
eh,eh
w,w
ix,ix
l,ax
t,t
kcl,kcl
n,n
ay,ay
iy,iy
n,n
dcl,tcl
ix,ix
ay,ay
m,m
sh,sh
f,f
kcl,kcl
ix,ix
hv,eh
ax,ax
n,n
iy,iy
kcl,tcl
ih,ih
aw,aw
hh,hh
w,r
l,w
jh,jh
gcl,gcl
iy,iy
ih,eh
l,l
iy,iy
ey,iy
iy,iy
jh,jh
tcl,tcl
kcl,kcl
tcl,tcl
aa,er
w,w
dh,dh
dx,dx
l,l
axr,axr
s,s
s,z
axr,r
ax,axr
kcl,tcl
y,y
ix,ix
eh,eh
ay,r
ih,ix
ih,ih
ax,ix
sh,sh
eh,eh
bcl,dcl
iy,iy
ch,jh
l,l
aa,aa
hh,hh
n,n
l,ax
tcl,tcl
ax,axr
m,m
ix,dx
ow,ow
kcl,tcl
s,s
eh,eh
s,s
r,r
aw,aw
axr,axr
iy,iy
s,s
aa,aa
aa,aa
s,s
l,eh
r,r
iy,iy
q,q
iy,iy
sh,sh
iy,iy
tcl,tcl
iy,iy
uw,uw
n,n
g,g
th,th
m,m
ow,ow
ax,ax
y,iy
hh,hh
hv,hv
ix,ix
eh,eh
kcl,kcl
ih,iy
z,z
ix,ix
r,r
tcl,kcl
m,m
uw,uw
pcl,tcl
tcl,tcl
ao,ow
dx,dx
g,g
s,s
q,q
ax,ax
ix,r
bcl,gcl
dcl,dcl
ih,ix
en,n
bcl,bcl
gcl,gcl
el,uh
ah,aa
z,z
er,er
l,l
k,k
dcl,dcl
l,l
ae,eh
ux,ux
tcl,tcl
q,q
ix,ix
t,t
k,k
ax-h,ix
v,v
axr,ih
kcl,kcl
ax,ax
ey,ey
ng,n
k,k
iy,iy
ix,iy
kcl,kcl
l,l
aa,aa
ow,ow
ow,ow
ao,ao
n,n
k,k
n,m
ey,iy
er,er
ih,ey
z,z
r,r
ix,uh
w,w
iy,iy
ao,ao
ay,ay
ax-h,z
ix,ax
kcl,kcl
axr,axr
ae,ae
n,n
kcl,tcl
ao,ao
q,q
th,v
sh,sh
ix,eh
n,ng
n,n
ix,ix
ix,ax
ay,ay
hv,hv
iy,iy
ay,ay
tcl,tcl
k,k
r,axr
q,ix
iy,iy
gcl,gcl
bcl,bcl
l,l
kcl,kcl
v,v
sh,sh
dcl,dcl
ae,ae
dh,ix
r,r
ih,ix
s,s
ae,ae
w,w
el,el
hh,hh
ix,ih
ae,eh
ay,ay
r,r
ax,ax
f,f
sh,sh
axr,axr
f,f
ix,ix
ix,ix
iy,iy
ah,ow
v,w
eh,eh
ah,ah
hv,hv
pcl,pcl
iy,iy
tcl,tcl
iy,iy
z,z
t,t
n,n
iy,iy
sh,sh
l,ow
n,ix
t,d
y,y
ix,ix
ax,ax
dcl,gcl
hh,hh
r,r
pcl,pcl
sh,sh
y,y
p,p
n,n
v,v
gcl,gcl
iy,iy
l,l
iy,y
s,s
p,p
iy,iy
iy,iy
ay,ay
t,t
tcl,tcl
ix,ix
n,n
gcl,pcl
z,z
kcl,dcl
ey,ey
ih,ih
ey,ey
s,s
ix,ix
k,k
aa,aa
nx,n
s,s
nx,n
s,s
ng,n
ih,iy
r,r
w,w
f,f
dcl,gcl
eh,r
f,dh
iy,iy
tcl,tcl
s,s
ix,ix
f,f
ae,ae
ao,ao
t,t
l,l
y,y
kcl,kcl
eh,eh
el,ax
y,y
iy,iy
pcl,tcl
bcl,tcl
axr,r
iy,iy
ch,jh
n,m
dh,hh
ih,ix
s,s
f,f
dh,nx
ey,ey
aa,ao
tcl,tcl
aa,aa
f,f
er,axr
ey,ey
ix,ix
ao,ao
ey,ey
ix,ux
k,p
ix,en
ih,ih
iy,iy
iy,iy
ix,n
dx,tcl
l,ux
ix,eh
ix,iy
s,s
ao,ao
ix,ix
axr,axr
b,b
l,l
iy,ix
s,s
l,l
iy,iy
eh,eh
r,r
ah,ao
eh,eh
r,r
l,l
iy,iy
ey,ix
ih,ih
ao,ao
n,n
r,r
m,r
kcl,dcl
m,m
ah,ow
m,m
ae,ae
r,r
r,r
ix,ix
t,t
z,z
axr,r
iy,iy
axr,axr
r,r
s,s
s,s
ey,ey
bcl,bcl
eh,ah
m,n
iy,iy
ax,ix
ay,ay
n,n
g,g
iy,iy
m,m
ch,ch
ux,ux
iy,iy
ae,ae
z,z
aa,aa
f,f
m,kcl
kcl,tcl
dcl,tcl
aa,aa
axr,axr
ih,ih
jh,ch
pcl,tcl
tcl,tcl
y,iy
iy,iy
ay,ey
uw,uh
l,l
r,r
ow,el
iy,iy
kcl,kcl
pcl,kcl
n,n
m,n
ix,ey
iy,ix
s,s
r,r
ao,ao
ah,eh
dcl,ix
s,s
v,v
axr,axr
q,q
aa,aa
axr,axr
tcl,tcl
jh,jh
ih,ih
ay,ay
dh,b
axr,er
tcl,tcl
dcl,dcl
ay,ay
axr,er
s,s
l,ax
w,w
m,en
dcl,pcl
ix,axr
w,w
ah,eh
pcl,tcl
iy,iy
iy,iy
y,y
ix,ix
k,g
ng,ux
kcl,kcl
ao,ao
q,q
s,sh
r,axr
ax,l
z,z
jh,jh
k,k
l,l
zh,jh
q,q
ix,oy
v,v
p,p
ey,eh
s,s
ux,ux
pcl,tcl
ay,ay
m,m
ae,ae
iy,iy
y,y
r,r
y,ix
ao,ao
el,el
eh,eh
hv,hv
el,el
dcl,gcl
bcl,dx
ix,ix
m,m
eh,eh
p,p
iy,iy
ng,ng
w,w
sh,sh
v,axr
q,ax
p,p
aa,aa
ow,ao
aa,ah
r,r
n,n
p,p
n,n
p,p
kcl,kcl
s,s
tcl,tcl
jh,jh
s,s
y,y
v,v
en,ix
kcl,kcl
aa,aa
n,n
tcl,tcl
ih,ih
s,s
iy,ux
jh,jh
ih,l
k,k
ah,ah
t,t
f,f
f,f
t,t
ix,ax
axr,q
bcl,bcl
p,dh
r,eh
n,n
ae,ae
eh,ix
eh,eh
r,ix
n,m
gcl,gcl
n,m
ax,ax
m,n
bcl,bcl
ch,ch
ay,eh
m,m
tcl,kcl
r,r
iy,iy
l,w
k,k
z,s
k,k
iy,iy
dh,dh
n,n
s,s
z,z
kcl,kcl
eh,eh
er,axr
ax,ax
tcl,tcl
d,t
r,r
ih,ih
kcl,tcl
iy,iy
r,r
ah,ah
b,ix
tcl,tcl
v,m
y,iy
s,s
t,t
p,p
s,s
ch,ch
t,t
ao,ao
gcl,dcl
t,t
ow,ow
ix,ix
dcl,gcl
t,t
p,p
axr,eh
th,th
r,r
oy,oy
eh,ih
s,s
s,s
dcl,tcl
ih,ae
t,t
s,s
dh,dh
f,f
ih,eh
ih,ix
tcl,q
ih,ix
dx,dx
hh,hh
r,r
eh,eh
gcl,kcl
t,t
ix,ix
eh,ae
v,v
sh,sh
q,q
ah,ax
ao,ao
dcl,gcl
eh,ih
ow,ow
r,r
ay,ay
m,ng
pcl,kcl
z,s
s,s
n,m
iy,iy
l,l
bcl,bcl
v,v
n,m
tcl,tcl
p,p
ix,eh
bcl,bcl
t,t
s,s
tcl,kcl
l,l
ih,ih
f,f
m,m
kcl,kcl
hv,hh
tcl,tcl
n,n
gcl,gcl
tcl,tcl
dx,dx
t,t
kcl,kcl
ux,ey
sh,sh
axr,r
iy,iy
dx,dx
tcl,tcl
n,ix
y,y
bcl,bcl
t,jh
l,el
r,r
dx,m
z,t
ay,ae
gcl,gcl
n,n
ax,r
m,m
l,l
ix,iy
v,pcl
aa,aa
z,z
m,ng
eh,ay
bcl,tcl
kcl,tcl
ix,ix
eh,ix
w,w
eh,eh
ey,ey
k,k
sh,sh
r,r
eh,ey
w,w
k,k
r,r
ix,ix
ux,ux
k,k
bcl,bcl
n,ax
ih,ih
ix,ix
pcl,n
w,w
k,k
oy,oy
s,s
ix,ax
el,l
sh,sh
q,q
tcl,tcl
ae,ae
ih,ix
ih,ix
iy,ih
m,m
gcl,tcl
ow,ow
ao,ao
g,g
ah,ax
iy,iy
ae,ae
ay,ay
axr,ax
tcl,tcl
ix,ix
n,n
s,z
ax,ax
n,ng
zh,sh
v,v
q,q
l,w
tcl,kcl
s,s
l,l
t,t
ix,iy
axr,axr
r,r
z,s
iy,iy
ix,iy
n,n
t,t
ix,ix
ix,ax
axr,axr
eh,eh
ix,iy
ay,ay
ch,ch
l,l
ax,ax
eh,eh
s,s
g,g
iy,iy
bcl,dh
m,m
t,t
ix,ix
r,r
p,p
f,f
ao,ao
ae,eh
ux,ux
s,s
sh,sh
iy,iy
eh,aa
ix,ix
ae,ae
m,m
dx,d
tcl,tcl
z,s
en,en
d,t
q,q
l,l
k,k
w,w
hh,hh
ix,ix
k,k
l,l
ix,ix
ix,ih
ix,ax
er,axr
tcl,kcl
l,l
ah,eh
ey,ey
m,en
axr,axr
dcl,gcl
q,q
oy,oy
l,w
ix,ix
ng,n
w,w
eh,eh
m,nx
dcl,dx
ng,ix
pcl,tcl
w,w
iy,iy
ix,ix
kcl,kcl
g,g
w,w
ix,r
q,w
ah,ax
r,r
t,ch
iy,iy
eh,eh
q,r
ng,n
w,w
ux,ux
tcl,tcl
s,s
hh,hh
tcl,tcl
iy,iy
m,m
v,v
eh,eh
sh,sh
dh,dh
aa,aa
s,s
iy,iy
bcl,tcl
tcl,tcl
kcl,kcl
s,s
ay,ay
dcl,tcl
axr,axr
r,r
m,m
l,q
n,n
tcl,gcl
axr,axr
k,k
ay,ay
s,s
ah,aa
s,z
eh,eh
ih,ae
z,z
er,axr
z,z
ix,ix
en,en
ah,l
sh,ch
hh,hh
kcl,gcl
iy,iy
tcl,kcl
dcl,tcl
ax,ix
n,n
r,r
tcl,tcl
q,q
hh,hh
kcl,tcl
m,n
iy,y
kcl,kcl
ow,ah
s,s
w,r
v,dx
jh,jh
eh,ey
ix,ix
dcl,dcl
aa,aa
ae,ae
r,r
iy,iy
kcl,kcl
dh,dh
t,ax-h
ix,ax
n,n
n,n
ae,ae
w,w
l,w
ng,ng
ow,el
z,z
r,axr
l,dx
l,l
ey,iy
kcl,kcl
gcl,gcl
ao,ao
s,s
hv,hv
l,l
v,v
m,m
q,q
th,z
ix,ix
l,l
sh,sh
q,q
ix,ix
r,axr
ux,ux
t,t
jh,ch
tcl,q
ih,ay
iy,iy
ng,ng
dcl,tcl
l,l
dcl,gcl
v,v
el,w
iy,ix
ey,eh
dx,dx
eh,eh
r,r
l,l
tcl,n
gcl,kcl
ao,ao
ax,ax
m,l
kcl,kcl
l,l
gcl,gcl
ih,eh
n,n
iy,iy
ao,ao
q,q
ey,ey
oy,oy
q,q
tcl,tcl
y,n
iy,iy
en,ix
s,s
ih,ix
ng,m
w,w
l,l
y,iy
uh,uh
ey,eh
s,s
s,z
iy,iy
f,hh
s,s
z,z
v,tcl
aa,aa
t,t
iy,iy
tcl,tcl
r,r
q,ax
nx,n
dcl,dcl
ix,ix
ux,ix
sh,sh
axr,axr
f,f
ix,ix
ih,ih
er,er
eh,eh
w,ao
hv,hv
z,z
axr,axr
m,m
oy,oy
ow,ow
dcl,tcl
ow,ow
r,r
r,r
dcl,tcl
r,r
l,l
iy,iy
ix,ix
f,p
ax,ax
pcl,pcl
iy,iy
l,l
ow,ow
g,g
r,r
kcl,kcl
r,ao
iy,iy
aa,aa
y,iy
hh,ix
tcl,tcl
n,n
n,m
er,axr
m,v
iy,iy
k,k
m,m
dcl,dcl
dcl,tcl
m,m
ng,ng
en,n
ux,ux
n,n
m,m
ih,ih
nx,dx
z,z
ay,ay
k,s
aa,aa
t,ch
r,r
kcl,kcl
q,ax
aw,aa
tcl,tcl
ih,eh
t,t
s,s
l,l
bcl,bcl
n,n
ix,ix
r,r
s,s
q,tcl
uh,ih
iy,iy
iy,iy
hh,ax-h
d,t
r,r
iy,iy
er,axr
r,r
tcl,tcl
iy,iy
dcl,gcl
k,k
tcl,tcl
ch,t
aa,eh
iy,iy
m,m
dcl,dcl
q,tcl
aa,aa
q,q
sh,sh
gcl,gcl
th,dh
ih,ih
ae,ae
sh,sh
ng,n
aw,ae
aa,ae
f,f
ao,oy
dcl,gcl
ax,ax
l,l
bcl,bcl
m,tcl
tcl,tcl
ux,ux
q,tcl
el,el
ng,n
z,z
dcl,tcl
bcl,bcl
ae,ae
d,t
eh,ix
iy,iy
eh,eh
n,n
tcl,kcl
tcl,tcl
eh,eh
ax,ax
kcl,kcl
eh,eh
tcl,kcl
v,v
ih,ih
m,m
ix,ix
dcl,tcl
q,q
t,p
ey,ih
ix,ix
iy,n
s,s
d,d
hv,hv
p,p
aa,aa
ey,iy
tcl,tcl
m,n
iy,iy
aa,aa
n,n
f,f
pcl,tcl
ae,ae
bcl,dcl
t,t
s,s
r,axr
s,s
aa,ao
t,t
ax,ax
f,f
jh,jh
q,q
eh,eh
d,t
r,r
s,s
k,k
v,v
r,r
kcl,tcl
t,t
s,s
q,q
q,q
el,ow
z,z
ix,r
n,n
iy,iy
iy,iy
kcl,tcl
dx,dx
f,f
k,g
ix,ix
uw,ux
k,k
eh,eh
iy,ih
tcl,tcl
l,l
tcl,tcl
s,s
ng,ng
er,er
z,z
iy,iy
dh,t
iy,iy
w,w
s,s
iy,iy
ae,ae
ay,ay
ng,n
z,s
q,q
kcl,kcl
er,er
dh,dh
ao,ao
eh,ae
hh,hh
ix,ix
pcl,tcl
dcl,dcl
ah,uh
iy,iy
tcl,kcl
ix,ix
t,t
y,iy
ey,ey
r,r
sh,sh
tcl,tcl
l,ix
p,p
ux,iy
kcl,kcl
v,v
t,t
sh,sh
ow,ow
ix,iy
bcl,bcl
d,d
eh,eh
v,v
v,l
r,r
dcl,bcl
iy,iy
r,r
ix,ux
aa,ao
ix,ix
k,k
k,g
ix,ix
axr,axr
tcl,tcl
ih,ix
ao,w
s,s
axr,axr
tcl,kcl
ux,ix
n,n
r,r
z,z
z,z
iy,iy
f,f
bcl,tcl
eh,eh
dcl,dcl
gcl,gcl
r,r
z,z
aa,aa
k,k
n,n
n,m
tcl,tcl
ao,r
d,d
r,r
ey,ix
ah,ao
ih,ih
uh,uh
n,n
ix,ix
v,dh
ux,ux
n,en
ao,ao
n,en
kcl,kcl
ah,r
aa,aa
n,n
ix,ix
pcl,bcl
pcl,tcl
eh,axr
z,z
axr,axr
s,s
ix,ix
iy,iy
kcl,kcl
s,s
iy,iy
tcl,tcl
dh,ix
ow,uh
iy,iy
n,n
s,s
k,k
ao,ao
tcl,hh
w,w
gcl,tcl
ae,ae
y,y
r,r
k,k
ix,ix
kcl,tcl
ow,ow
ix,ix
t,t
ix,ix
axr,axr
iy,iy
ax,ax
sh,sh
y,iy
n,n
n,n
m,m
ng,ng
f,f
ix,ax
dcl,tcl
ey,ey
r,r
ey,ey
n,ng
z,z
ax,ax
dcl,dcl
t,d
kcl,kcl
t,d
s,s
v,v
kcl,kcl
ah,uh
s,s
axr,axr
dcl,tcl
r,r
iy,iy
s,s
ih,ih
k,k
ix,axr
kcl,tcl
v,axr
n,n
n,n
ay,ay
ux,eh
kcl,tcl
ng,n
l,l
k,k
tcl,tcl
r,r
m,m
kcl,kcl
q,tcl
l,l
n,dcl
el,el
iy,iy
uh,ah
z,t
q,q
n,ng
eh,eh
r,r
eh,eh
s,s
oy,oy
l,q
kcl,kcl
er,er
iy,iy
tcl,tcl
ix,ix
axr,r
dh,dh
r,r
iy,iy
el,el
ey,ey
r,r
l,l
tcl,tcl
z,z
ih,ih
eh,eh
y,y
ae,ae
oy,oy
p,p
ix,ix
ah,ay
l,l
n,n
axr,axr
jh,jh
k,k
ax,ix
tcl,pcl
n,m
ih,iy
ix,ax
ax,ix
d,t
r,r
dcl,bcl
g,g
iy,iy
bcl,bcl
ng,ng
tcl,tcl
iy,y
iy,iy
r,r
eh,ah
s,s
n,n
ow,ow
v,v
r,r
kcl,tcl
r,r
k,t
axr,axr
tcl,kcl
aa,aa
ae,eh
aw,aw
tcl,kcl
eh,eh
q,q
er,er
ng,n
v,v
aa,aa
n,n
gcl,dcl
jh,jh
ix,ix
r,r
kcl,tcl
ix,l
z,z
kcl,kcl
aw,aw
l,el
b,p
n,n
ix,ix
l,l
w,w
l,ix
n,n
ax-h,kcl
axr,axr
axr,axr
axr,ix
ae,ae
ay,ae
s,s
tcl,tcl
pcl,tcl
n,m
kcl,tcl
g,g
iy,ey
s,s
ae,ae
r,r
k,k
kcl,tcl
t,t
z,z
v,v
ux,ux
dcl,dcl
w,w
hv,hv
eh,eh
s,s
b,p
t,t
l,l
tcl,tcl
hv,hv
sh,sh
ix,iy
ae,ae
ax-h,tcl
iy,iy
tcl,tcl
ae,ae
axr,eh
n,n
dcl,dcl
ae,ae
t,dx
ng,ng
tcl,tcl
y,y
l,l
ih,ih
ix,axr
dh,dh
ay,ay
f,f
m,m
aa,aa
axr,axr
s,s
sh,sh
ix,ax
s,s
uh,uh
t,t
ao,ao
dcl,gcl
kcl,kcl
l,l
aa,aa
dh,ix
k,k
w,w
s,t
n,n
axr,axr
er,er
ix,ix
er,er
s,s
dcl,dx
kcl,tcl
l,l
p,b
axr,axr
bcl,dcl
iy,iy
g,g
aa,ao
ao,ao
dh,t
n,n
iy,iy
en,ix
iy,iy
ax,ax
r,r
ix,ih
z,z
pcl,pcl
g,k
ah,ax
dcl,tcl
l,l
v,f
tcl,tcl
ux,ux
n,n
ih,ih
n,n
ah,ao
l,l
axr,r
kcl,kcl
ao,ao
ay,ay
p,p
m,m
p,b
eh,eh
p,p
w,w
ah,eh
ux,ux
n,n
iy,iy
jh,ch
axr,axr
en,n
aa,ah
er,r
s,z
w,w
ix,eh
pcl,tcl
q,q
kcl,tcl
ax,ax
p,p
k,k
ng,ng
l,l
pcl,pcl
r,r
s,s
ow,ow
ow,ao
f,f
ix,ix
sh,sh
s,s
hh,hh
iy,iy
l,l
aa,ao
sh,sh
k,dh
q,q
r,r
ax,l
kcl,kcl
tcl,n
l,l
oy,oy
ng,ng
dx,dx
w,ao
dcl,gcl
tcl,tcl
aw,aw
g,g
el,l
eh,eh
iy,iy
bcl,tcl
n,n
eh,eh
tcl,gcl
dx,dx
s,s
n,en
dcl,dcl
q,q
ax,axr
pcl,pcl
y,y
ah,ax
r,r
ix,ix
q,q
dcl,gcl
n,n
ow,ow
ow,ow
m,m
ae,ae
axr,axr
gcl,gcl
eh,eh
dcl,gcl
axr,axr
t,t
ix,ix
l,l
el,l
w,w
n,n
axr,er
aw,aw
ix,ix
iy,iy
kcl,kcl
kcl,kcl
pcl,pcl
er,er
tcl,tcl
t,t
ae,ae
dcl,dcl
r,r
ae,ae
iy,iy
sh,sh
ah,ah
t,t
ix,eh
t,t
eh,eh
tcl,tcl
sh,ch
el,el
s,s
k,k
ix,ix
ey,iy
ih,ih
z,z
w,w
l,r
dcl,tcl
th,dh
s,s
kcl,kcl
hv,hv
sh,sh
kcl,kcl
gcl,y
iy,iy
m,m
l,l
n,n
q,q
pcl,pcl
eh,eh
aa,aa
r,r
l,l
ix,ix
f,f
eh,eh
eh,ih
dcl,dcl
iy,iy
r,r
ix,ih
dx,dx
dh,dh
r,r
iy,ix
l,el
ey,ey
w,w
axr,axr
ey,ey
z,z
ah,ah
ae,ae
eh,ey
ix,ix
kcl,kcl
s,s
s,s
iy,ix
ay,ay
uh,uh
k,k
ah,ax
f,th
tcl,gcl
t,p
dcl,dcl
kcl,kcl
kcl,tcl
dx,dx
bcl,bcl
kcl,tcl
kcl,kcl
ah,ax
eh,ah
k,k
ih,ix
ax,ax
dcl,tcl
dcl,dcl
ao,ow
v,v
ax,ax
tcl,tcl
z,z
ah,ao
ay,ay
r,er
iy,iy
s,z
kcl,kcl
r,eh
z,z
s,s
iy,iy
ix,ax
aa,aa
ah,eh
eh,eh
axr,r
iy,iy
aa,aa
ah,ih
aw,aa
tcl,kcl
ux,iy
r,eh
ow,ow
ey,ey
m,m
s,z
ux,ux
ae,ae
dcl,dcl
q,q
iy,iy
t,t
k,k
m,m
t,t
nx,n
s,s
ix,ix
w,w
tcl,tcl
q,q
iy,iy
q,dcl
p,p
iy,iy
ax,l
s,s
ch,ch
iy,iy
s,s
ih,ih
ah,ay
y,y
iy,iy
axr,axr
ae,ae
s,s
ah,ah
dh,dh
s,s
pcl,v
n,n
ux,ux
m,m
t,t
ix,ix
ix,ix
p,p
m,m
er,eh
dh,th
ao,ao
ih,ih
r,hv
aw,ae
t,t
t,t
ux,ux
s,s
ow,l
f,f
bcl,bcl
eh,eh
ix,iy
w,w
ah,ah
jh,jh
ih,l
bcl,bcl
s,s
f,f
ax,ax
w,w
s,s
p,p
r,r
k,g
ax,ix
aa,ao
w,w
dcl,dcl
l,l
ow,ow
tcl,kcl
ax,ax
n,w
iy,iy
ae,ae
gcl,dx
ix,ix
dh,v
ax,q
pcl,gcl
w,w
l,l
nx,ix
ey,ey
tcl,tcl
f,f
t,t
ng,ng
sh,sh
w,w
k,k
m,m
l,l
p,p
w,w
ay,ay
ow,ow
ax,ax
ux,ux
ah,eh
z,s
hh,p
jh,jh
en,en
bcl,bcl
aa,aa
bcl,bcl
dcl,gcl
th,dh
n,m
ux,iy
pcl,tcl
uw,el
t,t
s,s
r,r
iy,iy
iy,iy
ax,ax
s,z
l,l
w,w
ng,n
f,sh
tcl,tcl
y,y
p,p
iy,iy
ax-h,g
sh,sh
k,g
er,er
b,p
ao,ao
ih,y
iy,ey
ix,ix
l,l
d,jh
eh,eh
ix,ih
s,s
ae,ae
oy,oy
n,n
v,v
dh,dh
t,t
y,iy
nx,nx
ix,ih
m,en
s,z
ay,ay
l,l
k,k
ix,eh
d,t
bcl,bcl
t,t
iy,iy
s,z
ix,ix
k,k
dcl,dcl
q,q
iy,y
dcl,tcl
ey,ay
el,el
w,w
t,t
dcl,gcl
iy,ix
r,er
tcl,tcl
l,l
kcl,kcl
kcl,gcl
t,t
l,w
ay,aa
r,r
q,q
n,n
eh,eh
ao,ao
aa,ao
aw,l
ix,eh
kcl,bcl
aa,ay
ih,ih
ae,ae
aa,aa
r,r
ix,ix
k,k
s,s
n,n
bcl,bcl
aa,aa
p,p
dcl,tcl
v,v
s,s
f,f
axr,axr
f,f
n,n
dcl,dh
t,t
tcl,tcl
ay,ay
l,el
jh,jh
n,n
kcl,tcl
aa,aa
t,t
z,z
l,l
ey,eh
dcl,bcl
n,n
r,r
ix,ix
ux,ux
dx,dx
s,sh
f,f
eh,eh
tcl,tcl
p,p
n,ix
s,s
eh,eh
bcl,m
kcl,kcl
ix,ix
s,s
tcl,tcl
iy,iy
v,v
pcl,kcl
iy,iy
k,k
t,kcl
w,w
iy,ix
s,s
f,hh
m,n
dh,dh
f,f
dh,dh
v,v
y,y
tcl,dh
f,f
ih,el
eh,eh
tcl,tcl
gcl,ng
sh,sh
uw,axr
iy,iy
iy,iy
r,r
k,k
f,th
kcl,kcl
r,r
p,p
n,m
ae,ae
n,m
el,el
s,s
kcl,tcl
s,z
aa,ah
m,m
ey,ey
iy,iy
r,m
sh,sh
iy,iy
l,l
pcl,pcl
kcl,kcl
f,f
eh,ix
ih,ix
ax,ax
ow,ao
iy,iy
kcl,kcl
ix,n
n,ng
l,l
ow,ow
s,s
bcl,bcl
er,axr
n,n
ow,ow
dcl,tcl
dcl,dcl
r,r
v,v
th,th
n,tcl
en,ix
ux,ux
z,z
r,r
n,ix
ay,ay
f,hh
bcl,f
ae,ae
el,ow
p,p
v,dh
r,r
el,el
n,ng
k,k
q,q
z,s
g,k
r,r
p,p
ix,ix
l,el
n,n
l,l
dcl,dcl
r,axr
s,s
w,w
ih,ix
s,s
n,n
f,f
ix,ih
n,n
n,n
pcl,tcl
jh,jh
m,m
ax,n
ax,ax
hv,hv
er,er
l,l
ax,ix
aa,ao
r,r
ih,ih
iy,iy
kcl,kcl
kcl,kcl
axr,axr
n,tcl
jh,jh
kcl,tcl
ih,eh
n,n
kcl,gcl
hh,hh
s,s
l,l
ih,ax
f,f
dcl,dcl
tcl,tcl
el,n
l,l
tcl,gcl
q,q
l,ax
iy,iy
f,f
z,sh
iy,ix
w,w
ao,ao
dcl,gcl
dh,dh
iy,ih
z,s
w,w
kcl,kcl
el,el
s,s
r,r
v,v
iy,iy
dx,dx
q,ix
r,r
t,t
pcl,pcl
l,l
pcl,tcl
pcl,tcl
d,t
dh,n
m,m
q,q
ix,ix
eh,eh
n,n
aa,aa
sh,sh
iy,iy
kcl,kcl
s,sh
kcl,tcl
iy,iy
ao,ow
dcl,dcl
aw,aw
en,en
q,q
bcl,bcl
ah,ah
f,f
dcl,gcl
axr,r
m,m
uh,axr
kcl,k
ix,ix
r,r
dh,dh
ih,ih
y,ih
dx,dx
q,q
ix,ix
y,y
eh,eh
ux,ux
ao,ao
ae,ae
kcl,tcl
z,s
l,l
w,w
s,z
l,el
er,er
sh,ch
q,tcl
p,b
pcl,tcl
dh,dh
er,axr
k,k
pcl,tcl
t,t
m,ng
q,q
ay,ay
iy,ix
r,r
axr,axr
dcl,dcl
ao,ao
tcl,tcl
ow,ow
dcl,dcl
k,dh
ae,ae
ix,iy
iy,iy
aa,ow
ih,ih
ae,ae
g,g
r,r
sh,sh
kcl,kcl
iy,ih
axr,axr
oy,oy
r,ix
s,s
s,s
ao,ao
k,k
eh,eh
iy,iy
t,t
tcl,tcl
v,v
s,s
eh,ix
s,s
k,k
z,z
aa,aa
s,s
eh,eh
aa,ao
l,l
ah,ax
sh,sh
ix,q
l,l
w,w
iy,iy
q,q
pcl,pcl
tcl,tcl
t,t
pcl,pcl
eh,eh
s,s
ae,ae
q,q
er,r
kcl,kcl
ih,ix
sh,sh
eh,eh
ng,gcl
m,m
ih,ih
l,l
l,l
l,l
g,g
k,k
axr,r
t,t
pcl,bcl
er,axr
w,w
l,l
dcl,dcl
ax,ax
ae,ae
s,s
tcl,tcl
l,l
dx,dx
y,y
p,p
t,t
aa,aa
aa,aa
ah,ah
er,er
ay,ay
ih,eh
dcl,gcl
m,m
pcl,kcl
w,w
ix,ix
ax,ix
t,t
ae,ae
y,y
dcl,dcl
tcl,tcl
uh,ih
z,z
eh,eh
pcl,pcl
n,ix
ow,ow
l,l
t,t
kcl,kcl
q,q
zh,sh
z,z
gcl,gcl
ay,ay
f,f
ao,w
dcl,dcl
dcl,dcl
s,s
axr,er
ch,ch
m,n
axr,r
ah,ah
ng,kcl
k,k
kcl,kcl
ae,ae
l,l
ix,iy
n,gcl
ix,ix
el,el
er,axr
axr,axr
dcl,dcl
sh,sh
axr,eh
ae,eh
kcl,tcl
z,z
hv,hv
iy,ix
f,f
jh,jh
l,w
ao,ao
m,m
ax,ax
uh,uh
tcl,tcl
v,v
iy,iy
eh,eh
z,z
l,ax
kcl,kcl
th,z
ow,ow
w,w
r,ih
t,t
l,l
f,f
y,y
sh,sh
ae,ae
ow,ow
ah,ah
ix,ix
t,t
n,n
n,n
l,l
t,t
axr,axr
kcl,kcl
ao,ao
ao,axr
m,m
p,p
w,w
ey,ey
aa,aa
w,w
l,l
ah,ax
s,s
k,th
tcl,tcl
n,n
n,n
kcl,pcl
t,t
bcl,bcl
q,q
ax,ax
s,s
dx,dx
ng,ng
q,r
ih,eh
ix,ix
aw,aw
l,r
n,ng
tcl,kcl
iy,iy
s,s
q,q
k,k
iy,iy
l,ax
ao,w
d,t
jh,t
th,th
l,w
y,iy
tcl,v
k,k
k,k
m,m
hh,hh
iy,iy
t,t
r,r
k,k
ih,ix
m,m
n,ng
kcl,tcl
tcl,tcl
kcl,tcl
r,r
eh,eh
ih,r
m,m
k,k
s,s
l,el
l,l
kcl,pcl
n,n
oy,ao
ng,en
w,w
dcl,gcl
oy,oy
t,t
ix,ix
iy,ix
k,k
tcl,ix
iy,iy
dx,dx
tcl,kcl
ey,ey
tcl,iy
el,w
tcl,tcl
s,s
p,p
k,g
g,k
ae,ah
g,ix
er,ih
t,tcl
s,s
ix,ix
ih,ix
ow,ow
axr,axr
ey,ey
kcl,tcl
dcl,dcl
t,d
kcl,kcl
l,ax
iy,iy
ah,ih
aa,aa
iy,iy
q,q
ix,axr
eh,ah
pcl,kcl
kcl,tcl
ix,ix
s,s
ix,ix
er,axr
nx,n
iy,iy
g,k
t,t
w,w
t,t
tcl,gcl
ow,ao
n,m
w,w
t,t
dh,tcl
ey,ey
kcl,kcl
n,n
bcl,bcl
ax,ix
z,z
axr,axr
g,g
n,n
ao,oy
pcl,tcl
kcl,kcl
r,r
n,n
p,p
ax,ax
ix,ix
aa,aa
k,k
bcl,kcl
r,r
ax,ix
l,l
ix,eh
n,n
hh,ix
axr,r
n,n
v,w
th,th
ay,ay
m,n
y,y
v,dh
uh,axr
dh,dh
ix,axr
l,l
ay,aa
ch,jh
eh,eh
dcl,bcl
g,g
eh,eh
axr,axr
aa,aa
ao,ow
dx,dcl
r,r
z,s
sh,sh
dh,f
tcl,bcl
ix,ix
ao,ao
iy,iy
d,g
el,el
eh,eh
l,ax
iy,iy
z,s
aw,aw
kcl,kcl
ow,ow
tcl,tcl
ae,ae
hv,hv
f,f
ix,ix
eh,eh
k,k
aa,ao
aa,aa
dh,dh
ax,r
ow,ah
p,p
ix,ix
ow,ow
jh,jh
s,sh
kcl,tcl
l,l
ah,ao
ah,ax
ay,ay
er,er
ay,ay
dx,dx
t,t
t,t
w,w
s,z
uw,ux
dcl,dcl
ah,ax
eh,ey
th,th
dh,dh
aa,ae
kcl,kcl
sh,sh
ih,eh
r,r
axr,axr
bcl,bcl
aa,aa
k,k
g,g
y,y
w,w
q,q
axr,er
dcl,tcl
z,z
s,s
l,l
q,q
ey,ey
r,r
kcl,kcl
s,z
v,m
aa,ao
el,el
k,k
r,r
ux,ux
ix,ix
l,ax
ay,ay
tcl,tcl
ay,aa
tcl,tcl
ng,ng
q,q
gcl,dcl
t,k
z,z
g,g
z,s
dx,dx
q,g
ay,ay
kcl,kcl
f,f
ih,ih
iy,iy
ey,ey
ax,ax
k,k
l,l
ao,ao
ix,ix
ux,ux
m,m
s,z
ao,ao
dcl,bcl
w,w
ae,ae
ix,n
ix,ix
iy,iy
ax,ix
jh,jh
aa,aa
tcl,pcl
eh,r
ay,ay
hh,hh
p,p
f,f
m,bcl
m,m
g,g
ah,ax
ay,ay
er,er
iy,iy
f,f
g,g
dx,dx
ay,ay
n,n
n,n
g,g
l,l
s,s
ae,ae
l,l
ax,r
ng,ng
tcl,tcl
ng,n
iy,iy
k,k
dh,dh
axr,axr
k,jh
dcl,tcl
ih,ih
ax,ax
g,g
ih,ix
ix,ix
iy,iy
q,q
ah,ah
ao,ao
ah,ah
dcl,tcl
pcl,tcl
r,r
zh,jh
ow,aw
w,w
uh,uh
ix,ix
ch,sh
gcl,gcl
iy,iy
tcl,tcl
s,s
n,n
tcl,tcl
m,m
dh,dh
w,w
aa,ao
tcl,tcl
s,t
eh,eh
p,p
tcl,tcl
ow,ow
dcl,gcl
k,k
m,m
k,k
p,p
w,w
ix,eh
em,m
kcl,kcl
tcl,tcl
ae,ae
w,w
ix,iy
ah,aa
l,l
m,m
s,s
ow,ow
eh,eh
n,ix
w,w
aa,ay
ix,ix
y,y
el,el
m,m
sh,sh
ix,ax
ax,ax
dh,tcl
l,l
ax-h,hv
l,w
kcl,kcl
s,s
sh,sh
oy,oy
bcl,v
t,t
aa,aa
ah,ax
ao,ao
ae,ay
iy,iy
z,z
zh,s
g,k
l,w
n,n
th,t
iy,ux
hv,hv
kcl,tcl
iy,ih
pcl,tcl
r,r
axr,axr
t,t
m,m
ax,ax
ih,ih
g,g
er,axr
ae,ae
iy,iy
w,w
s,s
iy,ey
el,el
ax,ax
iy,ix
n,n
w,w
z,z
k,k
ey,ey
gcl,gcl
hh,hh
aa,aa
ao,ao
m,m
bcl,bcl
n,gcl
d,t
hh,hh
v,v
kcl,kcl
n,n
dh,gcl
l,l
nx,ix
ih,ix
ax,ix
ae,ae
s,s
k,g
ix,ix
ah,ah
hh,hh
aa,aw
ay,ay
gcl,gcl
tcl,tcl
kcl,kcl
k,k
ix,ax
iy,iy
iy,iy
ux,ux
k,k
tcl,tcl
ey,ey
ix,iy
q,q
ix,ix
kcl,kcl
ow,ao
n,n
l,l
ay,ay
kcl,kcl
n,n
eh,eh
iy,iy
y,y
y,y
kcl,kcl
dcl,tcl
el,el
z,s
kcl,kcl
er,axr
p,p
m,m
iy,iy
ix,ax
ao,aa
m,n
q,q
ah,ah
kcl,kcl
n,n
q,q
t,t
z,z
tcl,tcl
l,l
ae,ae
f,f
w,w
gcl,tcl
ah,ax
sh,sh
dx,dx
ah,ah
ax,ax
er,er
tcl,tcl
ix,ih
ix,iy
ih,ey
ey,ey
z,z
q,q
p,p
ay,ay
ax,ix
aa,aa
bcl,bcl
m,m
t,d
ey,ix
t,t
z,z
w,w
ow,ow
ix,ix
pcl,tcl
kcl,kcl
l,l
aw,ao
t,jh
bcl,bcl
ae,ae
ix,ix
ah,eh
z,z
jh,v
gcl,kcl
ao,ao
el,el
eh,eh
ae,ae
ix,ix
k,k
aw,ae
ch,jh
eh,ih
axr,axr
uw,ux
eh,eh
dh,dh
eh,ih
dx,dx
aa,aa
s,sh
ay,ay
w,w
aa,aa
n,n
k,k
f,f
eh,eh
oy,oy
iy,iy
tcl,kcl
axr,eh
q,q
pcl,gcl
ix,ax
ih,ih
k,k
s,s
ax,ix
kcl,kcl
jh,ch
ix,iy
ix,ix
ix,ix
n,en
ng,ng
z,z
q,q
n,n
eh,eh
iy,iy
bcl,dcl
ao,ao
iy,iy
r,r
t,t
r,r
ah,ah
q,ax
v,v
dh,dh
ux,ux
dx,dx
ix,ix
ix,ix
w,w
l,l
iy,iy
dcl,n
s,s
n,n
r,r
bcl,gcl
q,ax
ey,ey
gcl,bcl
dh,dh
ih,ih
l,l
iy,ey
ao,ao
s,s
pcl,tcl
dcl,tcl
g,g
kcl,tcl
sh,sh
g,t
ey,ey
axr,axr
z,z
th,th
z,z
n,n
jh,jh
d,dh
ay,ay
m,w
w,w
r,v
v,r
dh,l
iy,iy
tcl,q
eh,eh
l,q
iy,iy
ow,ow
kcl,kcl
dcl,tcl
sh,sh
g,g
axr,axr
dcl,bcl
iy,ey
dh,ix
ix,ix
kcl,kcl
ey,ey
en,en
ay,ay
s,s
th,kcl
ao,ao
axr,axr
dh,dh
f,f
eh,ae
r,r
t,t
ax,ax
pcl,kcl
hh,hv
dx,dx
ix,ix
aa,aa
ix,ix
s,s
l,eh
tcl,tcl
oy,oy
ey,ey
axr,axr
ux,r
aa,aa
eh,eh
er,axr
v,tcl
q,q
l,l
v,v
l,l
t,t
f,f
m,m
t,t
axr,ux
l,l
sh,sh
n,n
r,r
iy,iy
uh,ow
bcl,bcl
l,l
s,z
jh,jh
w,ix
s,s
ix,ix
z,z
r,r
w,w
l,n
r,r
iy,ix
ix,ix
n,n
kcl,kcl
ow,ow
w,w
l,el
r,r
kcl,kcl
eh,eh
s,s
aw,eh
ey,iy
kcl,kcl
t,p
ax,ax
ax,ax
tcl,kcl
w,w
n,n
tcl,gcl
aa,ah
pcl,gcl
uw,w
ix,ix
r,r
n,n
kcl,kcl
kcl,tcl
ao,ao
n,n
s,s
r,r
q,q
n,n
dcl,gcl
kcl,pcl
tcl,tcl
eh,eh
ih,ih
m,n
n,n
ix,iy
s,s
s,s
tcl,kcl
g,g
iy,ix
ax,ih
bcl,n
axr,n
ih,eh
eh,eh
k,k
iy,iy
n,n
tcl,gcl
q,q
ax,r
ao,ao
s,z
z,z
dcl,tcl
er,ao
t,t
ay,aa
ix,ix
ax,ax
m,m
ux,y
n,n
ix,ix
ae,ae
z,z
pcl,pcl
hv,hv
gcl,dcl
ix,eh
ix,iy
eh,eh
f,f
ux,ux
tcl,tcl
eh,eh
tcl,tcl
iy,iy
ao,ao
tcl,kcl
ay,ay
ix,ix
ih,ix
s,s
axr,axr
ih,ih
pcl,pcl
ix,ix
bcl,bcl
n,n
dcl,tcl
m,gcl
ax,ax
iy,iy
r,r
ih,ey
en,n
ay,ay
iy,iy
sh,sh
r,r
ay,ay
m,n
pcl,tcl
ix,ix
t,t
t,t
axr,r
iy,ih
gcl,n
dx,ix
r,r
k,k
v,v
iy,iy
l,l
ay,ay
ae,ey
kcl,kcl
r,r
t,t
m,m
axr,axr
dcl,tcl
n,n
dh,dh
oy,oy
ae,ae
en,en
n,m
z,z
w,w
l,ix
jh,sh
r,r
z,s
m,n
r,r
n,n
r,r
uh,ix
aa,aa
ix,ix
ix,iy
dh,n
aa,aa
tcl,tcl
iy,iy
ax,eh
tcl,q
s,s
kcl,kcl
pcl,kcl
s,s
ix,ix
iy,iy
ay,ay
iy,iy
iy,iy
g,g
kcl,kcl
w,en
k,k
ae,ae
s,s
k,k
s,s
dcl,tcl
ow,ey
w,r
axr,ax
r,r
sh,sh
t,t
bcl,bcl
l,l
p,p
n,q
f,f
ae,ae
v,v
t,t
axr,axr
ae,ae
ah,ah
ax,ix
iy,iy
m,m
uh,w
ao,ao
p,p
d,k
aa,aa
ih,ih
s,s
n,ix
ae,ae
eh,eh
p,p
tcl,tcl
aa,aa
axr,axr
ow,uw
sh,sh
ih,ih
iy,ux
l,w
sh,sh
v,bcl
l,ax
sh,sh
kcl,tcl
ay,ay
ix,ix
iy,iy
t,d
ae,ae
w,w
ae,ae
s,s
gcl,tcl
s,s
n,n
axr,axr
k,k
aa,ao
eh,ax
ax,ix
er,axr
y,y
l,l
er,axr
dcl,dcl
gcl,kcl
ix,ix
uw,uw
ih,ix
ix,ax
eh,eh
ey,ey
er,er
kcl,tcl
z,z
ay,ay
t,t
ey,ey
tcl,tcl
ay,ay
z,z
t,t
r,r
eh,eh
k,k
aa,aa
tcl,tcl
s,s
ix,eh
r,r
er,er
axr,axr
sh,sh
k,jh
r,r
iy,iy
ih,eh
ih,ih
ix,ix
t,t
ih,ix
ow,el
ow,el
n,n
tcl,dcl
ix,ix
l,r
ux,ix
l,l
ah,ah
m,m
axr,er
l,l
ih,ih
w,w
w,w
dh,dh
bcl,tcl
ay,ay
axr,tcl
n,g
ae,eh
sh,sh
r,hv
sh,sh
k,k
ux,ux
p,p
dh,dh
ix,ix
en,en
bcl,bcl
b,b
nx,n
ey,ey
n,n
d,tcl
ao,ao
ae,ay
sh,ch
r,r
pcl,tcl
tcl,tcl
ao,ao
en,n
iy,iy
tcl,tcl
ax,ax
p,hh
r,q
gcl,tcl
z,z
eh,eh
iy,ih
s,s
ih,eh
ay,ay
pcl,kcl
ix,ix
dcl,dx
n,n
gcl,tcl
ix,ix
r,r
ao,axr
ax-h,v
aa,aa
ay,ay
m,m
iy,ix
m,m
ih,ih
ax,ix
s,z
ax,ax
w,w
pcl,tcl
tcl,n
ay,ay
axr,axr
r,w
r,r
r,r
ix,r
bcl,dcl
n,m
m,m
ih,ix
n,n
ix,ix
aa,aa
dh,dh
ih,ix
pcl,bcl
pcl,kcl
ao,ao
iy,iy
aa,aa
z,z
nx,ix
tcl,tcl
uh,ao
kcl,kcl
n,n
en,el
t,d
s,s
ax,l
ow,ow
kcl,kcl
r,r
t,t
hv,r
dcl,tcl
dcl,dcl
eh,eh
ix,ix
s,s
gcl,gcl
ao,ao
s,s
r,r
k,k
th,th
tcl,tcl
axr,axr
tcl,tcl
aa,aa
bcl,bcl
ih,ih
ih,ix
ey,ey
q,q
f,f
ao,aa
axr,q
r,axr
dcl,dcl
g,k
axr,er
s,s
dcl,ix
kcl,kcl
aa,aa
v,v
ix,eh
ix,ax
pcl,tcl
q,q
n,n
s,s
ax-h,tcl
n,v
iy,iy
ao,ao
n,n
w,w
ax,uh
ae,ae
iy,iy
l,w
dh,dh
ax,v
pcl,pcl
tcl,q
ih,ih
sh,sh
r,r
ao,ao
dcl,dcl
ah,eh
r,r
ow,l
y,y
d,t
y,y
oy,ey
s,s
dx,dx
ih,iy
tcl,en
ae,ae
w,w
el,l
r,r
s,s
n,n
l,el
m,m
dcl,dcl
dcl,gcl
ey,ey
z,s
aa,aa
ae,ae
er,er
t,t
tcl,tcl
ih,ix
ax,ix
ax,ax
r,r
n,ng
s,z
z,z
g,g
sh,sh
l,el
uw,gcl
ih,ih
ch,ch
sh,sh
ax,r
ow,ow
n,n
oy,oy
axr,axr
axr,axr
ix,ih
s,s
bcl,tcl
eh,ih
iy,iy
ix,iy
ux,ux
tcl,kcl
k,g
y,y
ih,iy
z,z
dx,ux
sh,sh
ax,ax
ax,ax
ux,iy
ix,iy
q,q
ix,ix
eh,eh
iy,iy
n,dx
eh,eh
axr,axr
tcl,tcl
axr,axr
kcl,tcl
er,er
l,l
l,ix
ey,ey
aa,aw
kcl,kcl
f,f
ae,ae
tcl,v
s,s
y,y
ix,eh
ay,ay
ih,iy
eh,eh
ix,axr
ng,m
l,l
ey,ey
dh,dh
dcl,tcl
n,m
eh,r
ax,ax
iy,iy
ih,ih
r,r
l,l
iy,iy
ey,ey
ix,ix
ah,ah
eh,ae
ae,ae
kcl,kcl
s,s
iy,iy
r,r
ix,ih
kcl,kcl
l,l
k,g
kcl,kcl
ix,ix
l,l
q,tcl
iy,iy
dcl,dcl
s,s
s,sh
ih,ih
r,r
dcl,dx
iy,iy
s,s
ax,ax
iy,iy
sh,sh
ao,ao
s,s
dcl,bcl
l,ax
tcl,tcl
ao,ao
uw,uw
l,l
k,k
m,n
r,r
en,ix
tcl,tcl
ix,ux
t,t
q,q
hv,hv
eh,eh
n,n
aa,aa
ah,q
n,tcl
ao,ao
w,w
iy,iy
sh,sh
m,n
z,z
sh,sh
w,w
n,n
z,z
pcl,pcl
p,b
s,s
ix,ix
bcl,v
y,y
n,n
jh,jh
ix,ix
eh,ih
n,m
iy,ix
q,q
tcl,tcl
ih,eh
s,s
ae,ae
ih,ih
k,k
kcl,tcl
t,t
el,ax
jh,sh
pcl,pcl
y,y
m,n
r,r
ix,ix
eh,eh
k,g
r,r
jh,jh
hv,hv
t,t
hv,hv
ix,ix
r,r
r,r
ow,ow
ay,ay
r,er
ah,ah
ao,ao
t,t
q,q
sh,sh
k,k
q,q
ih,ih
s,s
dcl,gcl
t,t
hh,ix
eh,eh
bcl,dcl
p,p
kcl,kcl
ae,eh
r,ay
b,dx
ih,ih
r,r
kcl,tcl
eh,eh
tcl,tcl
gcl,gcl
l,l
t,t
ix,iy
eh,eh
ng,n
ae,ae
dcl,bcl
l,ax
iy,iy
iy,iy
ih,ih
s,s
sh,sh
r,r
s,s
axr,axr
dx,dx
r,r
eh,eh
tcl,tcl
bcl,w
iy,iy
ao,ao
t,t
ax,ax
axr,axr
f,f
ax,ix
ow,el
ah,aa
s,s
t,t
q,q
ix,ih
ao,aa
th,th
iy,ix
iy,iy
ih,ih
gcl,n
ix,ix
f,f
ux,ux
iy,iy
k,k
n,n
th,th
tcl,kcl
ih,ih
s,s
r,r
r,r
kcl,kcl
ih,ih
m,dh
ux,ih
s,s
z,z
bcl,gcl
k,k
ae,ae
kcl,kcl
n,m
gcl,kcl
ah,ah
sh,sh
k,n
k,k
iy,ix
s,s
t,t
ix,ix
ow,ow
s,s
eh,eh
ey,ey
kcl,kcl
iy,iy
ng,ng
v,v
v,w
ae,ae
ao,aa
el,el
ay,ay
w,w
z,s
iy,iy
ay,ay
ix,ix
ax,ax
r,r
ih,ih
s,s
ao,ao
gcl,gcl
ix,ix
aa,ao
k,k
axr,er
ae,ae
ux,ux
ow,ow
ux,ux
tcl,bcl
w,w
ae,ae
v,v
tcl,tcl
tcl,tcl
tcl,tcl
r,r
n,m
l,l
nx,nx
p,p
ae,ae
ix,ix
n,tcl
ix,ix
n,n
z,z
th,th
ah,ah
el,el
pcl,tcl
eh,eh
w,w
aa,r
r,r
er,axr
l,l
er,axr
tcl,tcl
p,p
kcl,kcl
n,n
ax,ax
v,m
ao,ao
k,k
ey,ey
r,r
dx,dx
d,t
g,k
eh,eh
iy,ix
ih,iy
ix,iy
er,axr
w,ao
aa,aa
t,t
bcl,bcl
z,z
d,t
ae,ae
t,t
ng,ng
aa,aa
t,t
l,w
kcl,kcl
ix,ix
z,z
ax,ax
ih,eh
iy,iy
w,w
ao,ao
iy,iy
q,q
er,er
k,k
axr,ax
s,s
pcl,tcl
m,m
m,r
ah,ah
n,ng
kcl,kcl
tcl,tcl
nx,n
ih,uh
l,l
kcl,kcl
ow,ow
ae,ae
n,n
bcl,v
oy,oy
hv,hv
d,d
ey,ey
dcl,dcl
z,z
ax,ax
ah,ah
ax-h,ix
z,z
n,n
ix,ih
ix,ix
eh,eh
l,l
w,w
ng,ng
tcl,tcl
aa,aa
w,w
l,ax
ay,ay
z,z
ih,ih
tcl,dcl
ao,ao
tcl,tcl
l,l
l,l
ah,ah
ey,ey
uh,axr
v,v
z,s
q,q
tcl,tcl
th,th
ey,ey
eh,eh
q,q
n,n
ao,ao
eh,eh
l,l
ae,eh
tcl,tcl
p,p
eh,ih
eh,ix
eh,eh
ix,eh
dh,dh
g,g
q,q
ng,n
ch,t
ix,ix
eh,eh
ih,ih
t,t
ih,eh
uh,uh
eh,eh
axr,axr
kcl,kcl
q,q
y,q
t,t
s,s
ow,ow
ix,ix
eh,ae
l,w
ux,ux
ng,m
dx,dx
v,v
s,s
th,z
tcl,tcl
tcl,tcl
ow,ow
pcl,kcl
s,z
axr,axr
l,r
s,s
ix,ix
hh,hv
dcl,dcl
ux,axr
ae,ae
iy,iy
uw,ux
ux,ux
w,w
tcl,tcl
q,q
iy,iy
ux,ix
r,r
s,s
ow,ow
z,z
aa,ao
sh,sh
bcl,tcl
dh,dh
kcl,kcl
r,r
bcl,bcl
y,y
ch,ch
ay,ay
pcl,tcl
l,l
d,dx
t,t
iy,iy
s,s
q,q
s,s
ow,ao
ux,ix
r,r
ey,iy
ix,ix
ao,ao
dh,dh
z,s
iy,iy
m,m
z,s
iy,iy
z,z
eh,eh
q,q
aa,ao
iy,iy
iy,iy
ax,n
ih,ix
s,s
r,r
ix,r
tcl,tcl
ng,ng
ax,ax
pcl,kcl
m,en
aa,aa
eh,eh
iy,iy
l,l
ao,ao
jh,d
tcl,kcl
k,k
axr,r
ao,ao
s,s
m,m
r,r
ah,l
iy,iy
ih,ih
n,n
aa,aa
w,w
r,r
s,sh
l,w
s,s
r,r
en,ix
nx,ix
er,axr
r,r
dcl,tcl
pcl,kcl
s,s
ix,ih
ah,ah
ay,ay
w,q
ix,ix
y,y
tcl,tcl
jh,jh
ay,ae
axr,axr
kcl,kcl
ah,ae
ao,ao
r,r
l,v
ix,ix
l,q
f,f
tcl,tcl
z,z
s,s
s,s
dh,dh
kcl,tcl
m,m
ae,ey
z,z
ix,ix
ix,ix
dcl,tcl
axr,r
s,s
kcl,tcl
jh,hh
dcl,dcl
ix,ix
k,k
y,y
ih,ih
dx,dx
n,n
tcl,th
aa,aa
ix,eh
er,axr
iy,iy
q,q
aa,aa
ux,ux
kcl,tcl
iy,iy
ux,ih
ey,iy
ow,ow
kcl,kcl
n,n
bcl,dcl
w,w
ae,ih
n,n
b,p
ah,ah
ix,ix
ay,ay
t,t
kcl,gcl
d,d
iy,iy
iy,iy
iy,iy
r,r
uh,ah
gcl,gcl
dcl,dcl
hv,hv
ix,ix
ax,ix
ay,ay
w,w
ay,ay
axr,axr
r,r
jh,jh
m,n
ax,ax
l,ix
iy,iy
iy,iy
y,y
b,t
ao,aa
f,f
hh,hh
el,ah
ao,ao
q,q
l,r
n,n
ax,axr
ih,ix
ao,ao
r,r
t,dh
y,ix
ae,ae
eh,eh
ey,ih
ih,ix
th,th
n,n
ow,el
ux,ux
t,t
k,k
axr,er
tcl,tcl
ng,ng
n,q
kcl,tcl
g,g
iy,ix
r,r
iy,iy
m,m
r,r
bcl,bcl
r,r
bcl,gcl
s,s
l,l
ix,ix
iy,iy
tcl,tcl
ux,ux
aa,aa
ax,ax
iy,iy
pcl,kcl
ih,ix
r,r
pcl,pcl
nx,n
en,en
sh,sh
q,q
ix,iy
n,n
b,tcl
iy,iy
ao,ao
ih,eh
eh,eh
kcl,kcl
ng,ng
axr,axr
y,y
eh,eh
q,q
eh,eh
y,jh
m,m
q,q
ay,ay
l,w
m,m
l,w
r,r
ey,ey
ih,eh
b,b
l,ix
w,ao
iy,iy
dh,dh
kcl,tcl
y,y
dh,d
t,d
m,m
ae,ae
tcl,tcl
n,ng
y,y
jh,jh
r,r
bcl,bcl
ow,eh
er,er
n,n
w,w
ih,ix
ih,ey
iy,ix
r,r
l,l
el,l
pcl,tcl
sh,sh
n,n
ix,ix
p,p
tcl,kcl
dcl,tcl
y,y
r,r
kcl,kcl
v,v
ih,l
dcl,ix
ih,ih
dx,dx
ih,ih
axr,axr
l,l
iy,iy
z,s
s,s
f,f
t,jh
k,k
w,w
ao,aa
n,n
ow,ow
ah,ah
w,w
p,p
iy,iy
kcl,tcl
ix,r
bcl,m
kcl,kcl
ih,w
axr,er
ax,r
iy,iy
n,n
dh,th
z,s
uh,uh
z,s
eh,eh
ax,ax
p,p
ix,ix
kcl,kcl
ae,ae
l,l
ih,ih
ah,ay
t,t
aa,aa
tcl,tcl
iy,iy
r,r
q,q
r,axr
ix,iy
ix,ix
ah,eh
r,r
ae,ae
y,ix
s,s
z,z
z,z
s,z
tcl,dcl
l,l
z,z
er,axr
z,s
r,iy
iy,iy
gcl,pcl
n,n
pcl,kcl
eh,ay
kcl,kcl
z,z
ae,ae
dcl,dx
dcl,dcl
f,f
r,r
ao,ao
kcl,kcl
ae,ae
gcl,gcl
z,z
eh,eh
iy,iy
s,s
t,d
aw,ao
ao,ao
ix,ix
v,v
tcl,kcl
w,w
y,y
th,th
en,n
kcl,kcl
s,s
ao,ao
ih,ih
ey,ey
q,q
s,z
l,l
l,w
k,k
l,ng
q,gcl
v,f
q,q
iy,iy
kcl,kcl
dcl,tcl
ae,aa
kcl,kcl
z,s
w,w
ah,ax
axr,ux
ao,ao
dcl,dcl
l,l
axr,er
ae,ae
g,g
ae,ae
ax,ax
q,ix
th,tcl
dx,tcl
b,p
k,k
ae,ae
ux,axr
ix,ix
ax,ax
hv,hv
ao,ao
ix,ix
f,f
iy,iy
s,s
jh,jh
eh,eh
t,t
s,z
axr,axr
er,axr
ix,ix
er,er
th,f
t,t
tcl,pcl
ey,ey
l,w
tcl,tcl
s,s
bcl,bcl
iy,iy
s,z
ae,ae
ng,ng
z,z
l,l
n,n
v,w
q,q
dx,dx
l,l
aa,aa
ch,jh
aa,ao
sh,sh
en,en
n,m
iy,iy
dcl,dcl
ax-h,n
aw,ao
n,n
ae,ae
kcl,kcl
s,s
l,l
ih,ix
ay,ay
jh,jh
dh,dh
ax,ix
ae,ae
g,g
s,s
s,s
g,g
w,w
q,q
l,r
n,n
ih,ih
q,q
t,dh
dx,dx
m,m
s,t
ao,ao
axr,axr
kcl,kcl
t,t
k,k
pcl,pcl
t,t
z,z
k,kcl
w,w
m,m
r,r
q,ix
ix,ix
en,n
p,p
eh,eh
gcl,tcl
ix,ix
k,kcl
ix,ix
l,l
g,g
ae,ae
tcl,tcl
ih,ix
n,n
ux,iy
iy,iy
n,n
el,el
z,s
ae,ae
axr,axr
ix,r
w,w
f,f
ae,ae
q,q
ix,ix
iy,iy
iy,iy
z,z
kcl,kcl
hv,hv
l,l
ao,ao
axr,axr
iy,ey
ax,q
ao,ow
uh,uh
jh,jh
w,w
en,en
dcl,dcl
y,y
v,v
ah,ah
pcl,pcl
r,axr
l,l
z,sh
k,k
tcl,tcl
d,d
r,r
dcl,dx
z,z
ix,ix
z,s
s,s
m,m
ng,n
sh,sh
s,s
ah,ah
r,r
ix,ix
ow,ow
ow,w
f,f
ey,iy
gcl,gcl
dx,n
v,v
n,n
r,r
en,en
l,l
tcl,tcl
ix,ix
ay,ay
ey,ey
g,g
m,m
k,kcl
p,p
r,r
iy,iy
w,r
pcl,kcl
r,w
z,z
m,m
dcl,n
iy,iy
bcl,bcl
dh,dh
pcl,tcl
n,ng
dcl,dcl
l,l
ey,ey
q,q
y,y
z,t
ix,ix
k,kcl
eh,eh
pcl,tcl
axr,axr
dcl,bcl
m,m
ah,ah
iy,iy
n,w
k,hh
l,l
l,l
k,k
m,n
eh,ix
eh,eh
q,q
kcl,kcl
pcl,tcl
y,iy
eh,ix
m,m
m,n
s,s
r,r
ao,ao
w,w
w,w
iy,iy
dcl,dcl
k,k
q,q
axr,axr
s,s
n,n
ix,ix
gcl,tcl
eh,eh
g,g
t,t
ax,l
s,s
ay,ey
iy,iy
ix,ix
oy,oy
y,ih
ix,ih
ae,ae
ao,ao
d,d
iy,iy
kcl,kcl
n,n
jh,jh
nx,dx
axr,axr
l,l
ow,ow
ix,ax
gcl,gcl
dcl,tcl
m,m
s,s
axr,axr
ux,ux
t,t
en,en
ax-h,q
q,q
ih,ih
n,n
tcl,kcl
ah,eh
ao,ao
ng,n
iy,iy
w,w
axr,axr
ay,ay
y,y
l,l
ix,ix
v,v
axr,axr
f,f
ao,aa
n,tcl
s,s
dx,ix
ah,eh
k,k
s,s
iy,iy
ux,ux
kcl,kcl
s,s
kcl,tcl
t,t
s,s
iy,iy
y,n
n,n
oy,oy
n,n
l,l
l,l
k,g
k,k
ix,r
w,ao
z,z
tcl,kcl
ao,ao
iy,iy
dh,dh
ix,iy
k,k
ix,ix
axr,axr
w,w
q,ax
ng,gcl
iy,iy
l,ao
tcl,tcl
z,z
k,k
ey,ey
ax,ix
tcl,tcl
uh,ax
sh,sh
ow,ow
ix,ix
f,f
l,l
ah,ah
n,tcl
ax,ix
v,m
th,th
ih,iy
iy,iy
ao,ao
ow,uh
k,k
f,s
hh,hh
dx,ix
kcl,kcl
l,ax
s,sh
gcl,gcl
n,ng
f,f
ih,ih
n,n
r,r
ax,ix
ix,ix
dcl,tcl
ay,ay
k,k
ih,ix
ao,r
kcl,kcl
n,nx
t,t
ux,ux
ax,ax
ey,ey
s,s
er,r
iy,iy
v,kcl
pcl,pcl
ix,iy
er,axr
iy,iy
iy,iy
iy,iy
y,g
iy,iy
ae,ae
n,n
tcl,dcl
l,el
z,z
z,s
ao,ao
iy,ix
q,ix
el,el
l,l
uh,uh
f,t
ih,ix
s,s
n,n
r,axr
dx,dx
v,v
tcl,kcl
f,f
eh,eh
aa,ao
m,m
tcl,tcl
iy,ix
ae,ae
ao,ah
ix,ix
ux,ux
ey,ey
d,d
ch,ch
aa,ae
t,t
axr,er
k,k
pcl,kcl
ay,ay
dcl,gcl
iy,iy
t,t
d,t
t,t
n,n
s,s
ah,ax
iy,iy
iy,iy
ih,y
ux,ux
kcl,kcl
f,f
n,en
dh,dh
q,q
k,b
axr,axr
ix,axr
ey,ey
er,er
l,l
iy,ix
ix,ih
eh,ey
ix,eh
ey,ey
bcl,bcl
l,el
gcl,tcl
dcl,tcl
kcl,kcl
hv,hv
m,m
g,g
ih,ix
l,l
tcl,tcl
ih,ix
ae,ae
axr,axr
n,n
eh,ih
m,m
axr,axr
iy,iy
ih,ix
dcl,tcl
v,f
er,er
aa,ay
s,s
iy,iy
kcl,tcl
ax,ax
eh,eh
kcl,tcl
aw,ae
k,k
dh,dx
m,m
ix,ix
pcl,pcl
s,s
ae,ae
ey,ey
ch,ch
kcl,kcl
t,t
tcl,tcl
iy,y
ey,iy
ih,ih
iy,iy
n,n
tcl,tcl
r,r
s,s
aa,ao
pcl,pcl
aa,ao
ao,ao
dx,dx
en,ax
w,w
iy,iy
ix,ix
ih,ix
er,er
axr,axr
l,ax
aa,aa
q,q
ix,ix
iy,iy
bcl,m
v,v
ih,iy
ix,ix
k,g
n,n
ah,ah
s,s
kcl,kcl
en,ix
d,dh
kcl,kcl
s,s
ux,ux
el,el
iy,iy
kcl,kcl
r,r
z,z
ax-h,hh
m,n
ix,ix
em,m
iy,iy
k,g
ay,aa
jh,jh
el,l
y,y
ix,ix
axr,r
ix,ix
ih,eh
aw,ao
nx,n
aa,aa
gcl,kcl
r,r
ch,t
r,axr
l,dh
r,r
p,t
ih,ih
l,l
iy,iy
r,r
w,w
d,v
ux,ux
gcl,tcl
n,n
ch,ch
tcl,tcl
f,f
y,y
l,l
s,s
gcl,dcl
iy,iy
tcl,tcl
em,en
r,l
ix,ix
ey,ih
axr,ih
iy,iy
ix,ix
ch,jh
ux,r
l,l
m,n
bcl,tcl
d,t
kcl,tcl
y,y
g,k
l,l
iy,iy
ih,ih
ux,ix
ix,ix
f,f
m,m
p,b
l,l
ch,ch
r,ix
m,m
q,q
ix,ih
ix,ix
ix,ix
ix,ih
f,p
eh,eh
n,n
ih,ix
el,l
kcl,kcl
en,ix
jh,jh
dx,dx
t,t
l,l
d,z
iy,iy
ah,ao
s,s
z,z
uh,eh
eh,eh
ih,ih
kcl,tcl
dh,n
tcl,tcl
hv,hv
ey,ey
kcl,kcl
t,t
ix,ix
aa,aa
iy,iy
uw,uw
eh,eh
ae,eh
w,w
ae,eh
ow,ow
ax-h,tcl
k,k
q,q
ao,ao
pcl,tcl
g,g
m,m
k,k
t,t
ae,eh
g,k
hh,hh
n,m
v,v
k,g
gcl,gcl
bcl,bcl
v,v
dcl,tcl
axr,er
ix,ix
z,z
iy,iy
s,s
f,f
kcl,tcl
axr,axr
axr,r
ng,n
dh,dh
oy,oy
d,t
d,d
eh,eh
dcl,dcl
eh,r
ow,ow
eh,eh
ix,ix
iy,iy
k,k
z,z
m,m
ix,ih
oy,oy
dx,dx
q,q
z,z
t,q
tcl,tcl
l,w
s,z
sh,s
axr,axr
n,m
aw,aw
ix,ix
tcl,tcl
tcl,n
oy,oy
z,z
k,k
axr,r
ah,ah
ax,en
hv,hv
s,s
v,f
dh,v
ix,ix
tcl,tcl
eh,eh
n,n
iy,iy
ix,ix
ng,n
ey,ih
s,sh
ey,ey
oy,ao
ax,ax
th,th
hh,hh
zh,zh
eh,eh
n,n
ae,ae
tcl,gcl
ow,ow
dh,dh
ah,eh
ux,ux
dx,dcl
s,s
z,z
pcl,pcl
t,t
dcl,dcl
ux,ix
kcl,kcl
tcl,tcl
dh,dh
iy,iy
ax,ao
g,g
r,r
aa,aa
ay,ay
ux,er
el,el
ix,ix
iy,iy
q,ix
n,n
er,er
bcl,gcl
ux,ix
m,m
dh,dh
w,w
dcl,dcl
g,g
ix,ix
r,axr
n,n
k,k
gcl,gcl
k,k
m,m
tcl,gcl
s,s
iy,iy
tcl,tcl
ax,r
t,t
y,iy
n,m
ih,ix
s,z
iy,ix
l,l
w,w
ow,ow
d,dh
w,w
ae,ae
l,ax
d,d
aa,aa
ix,ix
tcl,tcl
dcl,dcl
ix,y
er,axr
ax,w
ay,ay
g,g
q,w
ey,ey
ow,ow
s,s
oy,ay
ah,ah
ih,ih
ao,aa
q,q
n,n
iy,iy
ae,eh
l,l
r,r
r,r
ix,ix
ax,ax
n,en
ey,eh
iy,iy
q,q
uh,eh
f,p
ix,ix
l,l
dh,dh
ix,ix
p,hh
ax,ix
d,t
er,eh
ix,ax
ow,el
tcl,tcl
ae,ae
gcl,kcl
v,ax
l,l
uw,uw
k,k
r,r
f,f
ae,ae
r,r
kcl,tcl
er,er
eh,eh
iy,iy
r,r
s,sh
uw,uh
ih,ih
ix,ix
pcl,kcl
r,r
n,n
w,w
iy,iy
ix,ix
er,axr
k,g
f,f
w,w
t,t
nx,m
ae,eh
dh,dcl
g,g
kcl,kcl
ix,ix
ao,ao
axr,er
l,l
eh,ih
ih,eh
p,p
ng,iy
z,z
ix,ix
aa,ae
l,l
iy,iy
z,s
kcl,kcl
pcl,tcl
dh,dx
s,s
pcl,tcl
jh,jh
s,s
ix,d
ow,ow
ao,ao
iy,iy
eh,ah
tcl,tcl
f,f
ao,l
ey,ey
dh,z
tcl,tcl
z,z
n,ax
l,l
k,k
z,z
l,l
n,n
th,f
l,l
kcl,kcl
ax,ax
z,z
aa,aa
ih,ix
er,axr
ax-h,t
f,f
t,t
z,z
iy,q
q,q
ae,ae
tcl,tcl
q,q
ey,ey
n,n
s,s
s,s
el,el
dx,l
kcl,kcl
ah,ax
ae,eh
r,r
q,q
w,w
axr,r
dh,dh
ix,ix
dh,dh
dcl,dx
ax,ax
kcl,kcl
n,n
m,m
m,m
ae,ae
n,n
z,s
l,l
f,f
s,s
ay,ay
ix,ix
p,p
eh,eh
ih,ih
pcl,tcl
s,s
f,f
eh,eh
r,r
dh,t
kcl,kcl
dcl,dcl
q,q
kcl,kcl
ax-h,t
ae,ae
n,n
tcl,tcl
r,r
ih,ih
d,d
iy,iy
r,r
ey,ey
uh,ix
t,t
d,jh
nx,ix
ao,ao
s,s
hv,hv
m,m
r,r
iy,iy
ow,oy
ax,ix
f,f
d,k
r,er
ix,ix
hh,k
dx,dx
tcl,kcl
eh,ix
el,el
f,f
ao,ao
t,g
ax,ax
dh,dh
q,q
nx,nx
oy,oy
d,b
pcl,pcl
axr,eh
aa,aa
ae,ae
ix,ix
ah,ah
f,f
w,w
z,z
r,r
s,s
w,w
gcl,gcl
ey,eh
aa,aa
dx,dx
w,w
ey,ey
tcl,tcl
ix,ix
ih,ih
n,n
n,dx
f,z
s,s
l,el
s,s
s,s
ix,ix
l,w
dx,dx
n,n
z,z
pcl,tcl
ih,ix
p,t
r,r
ae,ae
r,ix
q,q
ae,ae
tcl,tcl
z,z
dcl,dcl
kcl,kcl
g,k
iy,iy
w,w
iy,ih
iy,iy
oy,oy
pcl,tcl
axr,er
hv,hv
l,l
kcl,kcl
eh,eh
ao,aa
eh,eh
tcl,dx
w,w
s,s
tcl,tcl
ix,ix
eh,eh
en,n
ih,ix
l,l
ax,ix
ix,ix
m,m
n,n
iy,iy
ix,ih
oy,oy
ix,ix
t,t
iy,iy
t,t
f,f
oy,ao
m,m
r,r
ix,ix
t,t
aa,aa
gcl,y
ae,ae
s,s
q,q
z,jh
iy,iy
ao,aa
ah,eh
kcl,tcl
ix,ix
ix,ix
r,axr
ae,ae
ay,ay
er,axr
ow,ow
r,axr
l,l
jh,jh
p,p
n,n
ih,ih
tcl,tcl
s,s
y,y
ay,ay
w,w
ih,ih
ng,dcl
f,f
l,l
gcl,gcl
ix,ix
ay,ay
t,t
uh,ih
m,m
ah,ah
bcl,gcl
en,en
ax,ax
pcl,pcl
l,l
l,dx
s,s
n,n
iy,iy
ao,ao
n,l
q,q
ay,ay
m,m
p,p
r,axr
n,n
ey,iy
jh,sh
kcl,tcl
ao,ao
jh,jh
hh,hv
tcl,tcl
iy,iy
m,m
tcl,tcl
jh,jh
pcl,pcl
r,r
p,p
sh,sh
r,eh
ao,ao
ax,eh
r,r
ao,aa
w,w
ax,eh
iy,iy
kcl,kcl
l,l
pcl,pcl
aa,aa
ih,ih
l,l
kcl,kcl
w,w
y,y
s,s
jh,y
tcl,q
f,f
s,s
iy,iy
ax,ow
n,n
ay,ey
ax,ax
kcl,kcl
nx,nx
ix,ih
dcl,tcl
el,l
v,bcl
dh,v
l,l
l,iy
kcl,kcl
ey,ey
dh,dh
z,z
ay,ay
s,s
iy,iy
dcl,tcl
g,g
ah,q
tcl,tcl
axr,q
w,w
n,n
ih,ih
sh,sh
s,s
v,w
ao,ao
ao,ao
ih,ix
ay,ay
p,p
dcl,bcl
ae,ih
ng,r
ax,ix
kcl,kcl
w,l
eh,eh
ey,ey
ih,ix
r,w
pcl,kcl
iy,iy
n,n
n,ix
ng,en
tcl,tcl
dcl,pcl
ax,ax
r,ix
ay,ay
f,b
v,v
s,s
m,m
ae,ae
ao,ao
p,p
ih,eh
ae,eh
dh,ix
z,z
s,z
dh,t
axr,er
ae,aw
b,dh
kcl,tcl
hh,hh
s,s
iy,iy
l,ax
z,z
m,m
ix,ix
r,r
ih,ih
pcl,p
jh,jh
ae,ae
ax,ax
k,k
w,w
ah,ow
er,er
eh,iy
el,el
l,l
iy,iy
dcl,tcl
kcl,kcl
tcl,tcl
bcl,bcl
r,r
l,l
tcl,kcl
l,ix
ix,ix
ix,ix
z,z
kcl,kcl
uw,ux
axr,axr
l,l
y,ix
r,r
eh,eh
l,ax
m,m
ae,ae
aa,ah
dh,th
th,f
hv,hv
em,m
uw,uw
t,t
ih,r
jh,t
n,n
ao,ao
r,r
hh,dh
ih,ih
m,m
l,l
pcl,tcl
m,m
hv,hv
ao,ao
l,ax
ih,eh
ae,ae
axr,axr
n,q
sh,sh
er,er
kcl,kcl
ih,ix
l,ao
ao,aa
k,t
ey,eh
ey,ey
iy,iy
l,l
dcl,dcl
ix,ix
kcl,kcl
r,r
s,s
t,t
v,v
w,w
iy,ix
dcl,tcl
l,l
ix,ih
k,g
iy,iy
tcl,q
axr,axr
l,l
hv,hv
l,l
ao,ao
eh,eh
er,axr
p,p
r,r
z,z
ay,ay
r,r
nx,nx
tcl,tcl
tcl,tcl
ax,ix
tcl,kcl
aa,r
y,y
r,r
s,s
ae,ae
ih,ix
ae,ae
n,n
axr,axr
ax-h,iy
axr,er
v,dx
ix,ix
hh,hh
aa,aa
y,iy
s,s
ng,axr
l,l
r,r
uh,uh
ah,ax
iy,iy
n,n
aw,ow
r,r
t,t
ax,n
s,s
dcl,tcl
oy,oy
kcl,kcl
n,n
nx,r
ay,ay
m,m
ch,t
dh,dh
ux,ux
n,n
ey,ey
iy,iy
dh,l
ae,ae
ix,iy
eh,eh
dh,d
iy,iy
oy,oy
f,f
s,s
ax,l
ix,axr
w,r
iy,iy
ix,ix
ao,ao
axr,axr
ng,l
er,r
dcl,dcl
ey,ey
ux,ux
dcl,dcl
bcl,pcl
dcl,gcl
axr,axr
aa,aa
aw,eh
ux,ux
ih,ix
q,q
ix,ix
kcl,kcl
th,z
jh,jh
ng,ng
m,m
bcl,bcl
w,w
aa,aa
m,m
hv,hv
ax,ih
r,ao
ao,ao
n,n
ix,iy
iy,iy
s,s
dcl,dcl
ih,iy
ah,ah
ae,ae
y,iy
iy,iy
aa,aa
ae,ae
ah,ao
ix,ix
s,s
oy,oy
ax,ix
l,l
ao,ao
eh,eh
iy,iy
kcl,kcl
ax,ax
dcl,dcl
kcl,kcl
ow,er
axr,axr
hv,hv
w,w
v,v
ix,iy
z,z
dx,q
r,r
uh,ix
iy,iy
tcl,dx
dcl,dcl
kcl,tcl
ix,ix
l,w
axr,er
aa,ao
ax-h,dx
hv,hv
y,y
w,w
ix,ix
k,k
sh,sh
iy,iy
r,r
pcl,tcl
ix,ix
ux,ux
eh,ey
ax,ix
ih,ey
ao,ao
dcl,dcl
tcl,tcl
ey,ey
l,ao
ae,eh
v,axr
w,ao
m,m
m,m
l,l
kcl,tcl
ey,r
bcl,tcl
gcl,gcl
sh,sh
l,ax
iy,iy
iy,iy
dx,dx
jh,jh
tcl,tcl
eh,eh
sh,sh
ix,ix
ix,ix
aa,aa
kcl,kcl
ix,ix
n,n
iy,iy
y,iy
r,r
z,z
ix,ax
ae,aw
v,v
aw,ae
dcl,dcl
s,s
r,r
ow,ow
ey,ey
r,r
ih,ih
f,f
r,r
dx,dx
eh,eh
l,w
ah,eh
t,t
ow,ax
dh,dh
n,ix
ng,ng
z,z
sh,sh
ao,ao
ay,ay
ay,ay
pcl,kcl
n,n
dcl,tcl
r,r
ch,t
ux,ux
z,z
v,bcl
dcl,tcl
ay,eh
ix,ix
l,l
s,s
t,t
ix,ih
s,s
uh,ah
w,w
aw,aw
v,v
w,w
ng,n
ih,ix
v,v
ay,ay
sh,sh
v,v
ch,sh
ix,ix
f,f
n,gcl
n,m
q,q
dcl,gcl
kcl,kcl
k,g
jh,jh
ae,eh
g,g
tcl,tcl
iy,iy
tcl,tcl
l,ax
ae,ae
k,k
iy,iy
s,s
g,dx
ao,ao
s,s
iy,iy
eh,ix
kcl,kcl
dcl,tcl
axr,ix
ng,ng
axr,axr
ay,ay
r,r
r,r
tcl,gcl
r,axr
hv,hv
gcl,gcl
z,z
iy,iy
tcl,tcl
ux,ux
s,s
k,k
aa,aa
ae,ae
ae,ae
ix,ax
ax-h,dx
ix,ix
gcl,gcl
eh,ih
tcl,tcl
aa,aa
bcl,bcl
kcl,kcl
ae,ae
ao,ao
b,p
sh,sh
gcl,gcl
dcl,dcl
ey,eh
ae,eh
k,g
v,n
axr,axr
ah,ah
ao,ao
th,th
f,f
l,l
iy,iy
dx,dx
jh,jh
bcl,dcl
s,t
ix,ix
ix,ix
dcl,dcl
m,m
k,k
ae,ae
ey,ey
kcl,kcl
ax,eh
pcl,tcl
dh,dh
ux,ux
ae,ae
ix,ix
uh,ix
kcl,kcl
pcl,tcl
kcl,kcl
z,z
g,g
ih,iy
dx,dx
ih,eh
ae,ae
kcl,kcl
t,t
f,f
q,q
kcl,kcl
q,w
s,s
eh,eh
g,l
uw,w
iy,iy
ey,ey
ay,ay
kcl,kcl
w,w
r,r
ix,ix
l,l
aw,ow
iy,iy
ix,r
f,f
ah,eh
ae,eh
ng,ng
s,s
kcl,kcl
gcl,gcl
ax,ah
n,n
v,ix
en,n
axr,axr
q,q
gcl,tcl
nx,nx
n,n
r,r
ax,uh
ux,ux
sh,sh
r,r
s,s
dh,dh
iy,iy
aa,ae
l,ax
s,sh
kcl,kcl
f,f
iy,n
kcl,kcl
s,s
ao,ao
ih,ix
tcl,tcl
aa,ax
aa,ao
ao,ao
aa,aa
axr,r
dcl,dx
ow,ow
iy,iy
w,w
sh,sh
q,q
ix,ix
ix,ix
iy,ey
iy,iy
n,n
nx,nx
iy,iy
ao,ao
z,z
ey,eh
pcl,kcl
ix,iy
s,s
dh,t
oy,oy
r,r
ae,eh
q,q
iy,iy
oy,oy
gcl,gcl
ax,ax
ow,ah
eh,eh
pcl,tcl
q,q
r,r
tcl,tcl
k,k
er,axr
n,n
ix,ix
ih,ih
m,nx
s,s
t,t
n,n
kcl,kcl
oy,oy
ux,ux
z,s
z,z
axr,axr
m,m
tcl,tcl
z,jh
iy,iy
axr,axr
tcl,kcl
iy,iy
iy,iy
t,t
z,z
dcl,n
s,s
bcl,bcl
ux,ux
ow,ow
er,ih
ao,ao
iy,iy
ih,ix
n,n
f,f
ix,iy
ih,ih
ah,ah
iy,iy
s,s
n,n
z,z
axr,axr
dx,dx
n,n
iy,iy
s,s
ae,ae
er,er
l,l
ey,ey
z,z
ix,ix
aa,aa
v,v
n,q
z,z
dcl,kcl
ix,ix
m,m
er,er
n,n
kcl,kcl
y,y
ay,ay
ih,ih
s,s
w,w
ao,ao
l,l
m,m
s,s
iy,iy
p,f
r,r
ux,ix
ax,r
w,w
q,q
l,l
l,l
zh,sh
ae,ae
f,f
eh,eh
k,k
hh,hv
n,n
ih,ih
g,g
ah,eh
t,t
g,t
nx,n
oy,oy
n,n
ix,ax
l,l
l,ah
ih,eh
y,y
uh,ow
ix,ix
tcl,tcl
g,g
tcl,tcl
kcl,kcl
oy,oy
kcl,kcl
iy,iy
ih,ix
m,m
tcl,tcl
dx,dx
ix,ix
l,l
s,s
p,p
ix,ix
oy,oy
aa,aa
dh,b
s,s
aa,aa
z,s
m,n
k,k
kcl,kcl
bcl,bcl
el,el
aa,ao
kcl,kcl
n,n
dh,dh
k,k
r,r
hh,p
ix,ix
ae,ae
kcl,pcl
r,r
pcl,pcl
q,q
dh,dh
r,r
ah,ah
s,s
ao,ao
z,z
ey,ey
ix,ix
m,m
r,r
ae,ae
q,q
ux,uh
n,ix
iy,iy
ah,ax
bcl,bcl
f,f
ow,ao
v,v
bcl,tcl
aa,ow
eh,ix
ae,ae
z,z
ax,ax
m,n
iy,iy
iy,iy
axr,axr
k,k
dcl,tcl
r,r
ix,ix
aa,aa
axr,axr
p,p
ch,ch
kcl,kcl
ay,ay
ix,q
d,d
ix,ix
pcl,tcl
axr,axr
ix,iy
zh,sh
dcl,dcl
r,v
dcl,dcl
n,n
n,ng
m,n
v,v
pcl,kcl
ax,ax
ey,ey
eh,ae
k,k
eh,er
k,k
t,t
er,er
ih,iy
aa,aa
aa,aa
p,p
aa,aa
kcl,gcl
iy,iy
ao,ao
l,l
n,n
dx,dx
t,t
ih,eh
ih,ix
gcl,w
aw,aa
sh,sh
bcl,tcl
ay,ay
v,v
s,s
ih,ix
ah,ah
ey,eh
uh,uh
th,th
gcl,gcl
eh,eh
ih,ih
ix,tcl
l,l
bcl,tcl
ey,ey
m,n
l,n
s,s
f,f
q,q
pcl,tcl
ow,ao
dcl,tcl
th,th
pcl,tcl
bcl,bcl
ax,ix
k,g
q,q
k,k
ih,ih
n,n
ih,ix
w,w
ix,ix
eh,eh
y,y
ow,ow
dh,l
n,n
m,n
z,z
el,el
ux,ux
ux,ux
ow,ao
k,k
er,eh
eh,ey
g,g
aa,ao
ah,ax
aa,aa
n,n
r,r
ix,ih
iy,iy
dh,dh
iy,ix
l,l
n,n
y,iy
d,jh
axr,axr
kcl,tcl
ao,ao
s,s
l,l
w,w
aw,aw
ae,ae
r,r
pcl,tcl
k,k
ix,r
ey,ey
ih,ih
el,w
tcl,tcl
uh,ao
tcl,tcl
y,iy
r,r
aa,ao
l,l
s,s
p,p
ow,ah
dh,dh
ix,ix
aa,aa
r,r
ch,ch
iy,ix
oy,ao
eh,eh
er,er
d,k
th,f
ay,ay
m,m
oy,oy
ay,ay
s,s
ix,iy
s,s
ix,ix
g,g
s,s
r,r
q,q
t,dx
ah,ax
iy,iy
s,s
n,ix
v,ax
v,v
sh,sh
kcl,kcl
axr,axr
t,t
ux,iy
ae,ae
g,k
dcl,dcl
hv,hv
ow,ow
l,l
n,tcl
t,t
ih,iy
q,q
r,r
axr,axr
bcl,bcl
ix,ey
w,w
z,s
ae,ae
ah,eh
d,t
kcl,tcl
k,dh
z,z
kcl,kcl
iy,iy
z,z
r,r
kcl,kcl
th,t
l,l
ah,ah
m,m
s,s
l,ax
n,n
ah,ah
n,n
ix,ih
t,s
ix,ix
m,hh
iy,iy
r,r
r,r
b,b
ae,ae
g,g
pcl,gcl
axr,ih
s,s
m,m
iy,iy
ch,sh
s,s
jh,jh
w,w
ax,ix
ay,ay
gcl,gcl
ih,ih
axr,axr
ae,ae
el,el
ix,ax
ao,ao
r,r
r,r
eh,eh
pcl,tcl
tcl,pcl
iy,ix
k,k
k,k
ey,ey
ay,ae
l,r
ix,ey
ux,er
k,k
ao,r
ix,iy
ay,ay
s,s
r,axr
ay,ay
n,n
k,jh
m,m
ah,ae
iy,iy
k,k
s,s
iy,iy
r,r
w,w
ih,ih
ah,ah
g,g
v,w
n,n
ow,aa
ng,ng
l,l
kcl,kcl
v,v
tcl,tcl
g,g
z,z
d,d
gcl,tcl
r,r
t,t
w,w
ae,ae
s,s
g,g
ow,l
d,t
ng,y
t,t
s,s
ax,ax
dh,dh
iy,iy
t,t
dx,dx
dcl,dcl
z,s
pcl,tcl
ih,ix
k,k
m,bcl
ih,r
n,v
dcl,dcl
r,axr
s,s
s,s
r,r
ch,ch
y,y
bcl,pcl
s,s
ah,ax
ey,ey
ay,eh
uw,uw
v,n
r,r
s,s
ih,ih
s,s
aa,aa
z,z
g,g
kcl,kcl
dh,dh
ch,ch
ah,ax
hh,hh
k,k
z,z
w,ao
pcl,pcl
ah,eh
ux,ux
er,er
iy,iy
ih,ey
tcl,tcl
ey,ey
iy,ix
n,n
hh,hh
ux,ux
ih,ih
iy,iy
l,w
ae,ae
pcl,pcl
s,z
r,r
m,n
ix,ix
iy,iy
kcl,tcl
iy,iy
ey,ey
dcl,dcl
ih,ix
k,k
ow,ax
ax,ax
ao,ao
ih,ih
ao,l
l,l
ix,r
iy,iy
k,k
f,f
ux,ux
kcl,q
el,l
ix,ax
gcl,bcl
g,g
tcl,tcl
sh,sh
l,l
ax,ax
iy,iy
kcl,kcl
n,n
y,y
ow,ey
er,axr
dh,t
tcl,tcl
iy,iy
f,f
ix,ix
ih,ih
f,f
kcl,kcl
r,r
eh,eh
k,k
iy,iy
m,m
z,z
ix,iy
ix,ix
oy,oy
dcl,dcl
tcl,tcl
iy,iy
p,p
k,k
ao,ao
dh,v
tcl,tcl
f,f
z,z
ng,gcl
l,l
aa,aa
ey,ey
dcl,dcl
oy,oy
bcl,pcl
th,z
dcl,dcl
r,r
s,s
tcl,kcl
jh,y
ah,ah
tcl,tcl
eh,eh
ih,ih
eh,eh
eh,eh
w,w
ao,ao
bcl,bcl
gcl,bcl
ch,jh
hh,hh
tcl,q
n,m
ae,ae
kcl,tcl
ey,eh
r,r
m,m
dx,dx
bcl,bcl
z,z
w,w
kcl,kcl
n,n
ax,ix
r,r
iy,iy
ix,ix
m,m
tcl,tcl
ah,ah
l,l
ix,ix
gcl,gcl
el,el
s,s
r,r
iy,iy
bcl,bcl
dx,ix
ah,eh
eh,eh
ux,ux
v,v
jh,t
ay,ay
t,d
ow,ow
tcl,kcl
iy,iy
q,q
tcl,kcl
ih,ih
pcl,tcl
dh,dh
p,p
f,f
ih,ih
aa,aa
g,g
s,s
dcl,dcl
n,n
t,t
q,q
r,r
m,m
dh,dh
aw,aw
m,m
r,r
kcl,kcl
ax,ax
y,y
t,t
w,ux
r,r
k,k
r,r
s,z
dh,dh
ix,ix
p,p
m,m
kcl,kcl
er,er
l,l
z,s
r,r
z,z
n,n
ay,aa
ae,ae
m,m
ah,ah
q,q
ao,ao
pcl,tcl
gcl,gcl
p,p
iy,iy
th,z
w,w
tcl,kcl
ix,ix
kcl,kcl
n,n
ux,ux
z,s
gcl,gcl
ao,ao
ao,ao
tcl,tcl
r,r
ux,ih
ao,aa
ae,ae
dcl,tcl
pcl,tcl
ah,ah
n,n
tcl,tcl
kcl,kcl
t,t
bcl,bcl
ey,ey
q,tcl
ax,ax
r,r
r,r
f,dh
dh,tcl
iy,iy
s,s
ih,ih
ih,iy
iy,ey
l,l
ae,ae
ae,ae
ix,ix
ow,ow
pcl,kcl
kcl,kcl
n,tcl
er,axr
k,g
r,r
n,n
iy,iy
l,l
r,r
dcl,tcl
iy,eh
ng,n
r,r
iy,iy
bcl,bcl
sh,sh
er,axr
aw,ae
sh,sh
l,ao
q,ix
zh,sh
ax,ax
ix,ix
iy,iy
ah,ax
d,g
q,ix
ae,ae
ae,ae
ow,ow
iy,iy
m,m
k,k
k,k
n,n
aa,r
ix,ix
aa,ao
el,el
m,n
ix,ix
ow,ow
eh,ih
w,w
iy,y
pcl,tcl
d,d
jh,jh
ih,ix
ay,ay
n,n
ae,ae
z,z
ax,bcl
ay,ay
q,w
f,f
l,el
kcl,kcl
bcl,bcl
iy,iy
axr,ih
ix,ix
y,y
kcl,kcl
ih,eh
ax,ax
ae,ae
tcl,m
q,q
k,k
ix,ix
w,w
ax-h,tcl
m,m
s,s
el,el
g,g
q,ix
ao,ao
p,p
m,m
axr,r
ch,sh
f,f
ix,ax
axr,axr
ix,ix
ao,ao
dcl,dcl
y,y
dh,dh
ux,ux
r,r
f,p
f,f
r,iy
t,t
oy,oy
ix,ah
sh,sh
ah,eh
ae,ae
bcl,bcl
q,q
iy,iy
ao,aa
w,l
dcl,dx
ae,ae
iy,iy
f,f
p,p
aa,ao
iy,iy
s,z
axr,er
kcl,kcl
ow,ow
ix,ix
ow,ow
er,axr
ux,ux
p,p
ao,er
iy,iy
axr,ix
ae,ae
axr,axr
l,w
ao,ao
er,axr
ao,ao
em,n
ng,n
k,k
dcl,gcl
z,z
dcl,dcl
w,w
m,m
ix,ix
kcl,kcl
n,n
v,v
tcl,tcl
ix,ix
ix,ix
s,s
ax,ax
eh,eh
axr,axr
d,p
sh,sh
r,r
p,p
n,n
iy,iy
ix,iy
g,dx
l,ax
m,m
dh,n
dcl,bcl
m,n
dcl,n
z,s
m,m
q,q
z,z
n,n
jh,jh
ih,ih
iy,ih
eh,ix
ey,ey
ae,ae
ix,ix
g,g
q,q
kcl,kcl
m,m
en,ax
kcl,tcl
ey,ey
ix,r
y,y
eh,eh
tcl,tcl
tcl,tcl
ix,ix
iy,iy
s,s
v,f
iy,iy
s,s
f,f
iy,iy
n,n
m,m
ix,ix
m,m
l,m
s,s
kcl,tcl
hv,hh
dcl,gcl
z,z
ix,ix
kcl,kcl
y,y
eh,eh
gcl,gcl
dh,ix
hh,q
iy,iy
nx,n
ax,ax
ao,ao
eh,aa
nx,n
iy,iy
z,z
ax,ix
axr,axr
ix,ix
ay,ay
q,q
eh,eh
ao,ao
iy,iy
r,r
kcl,tcl
ix,ix
ay,ay
dcl,n
y,y
ih,ih
m,m
r,r
p,b
ux,ng
k,k
k,k
ih,ih
w,w
p,p
n,n
s,s
ow,ow
w,w
dcl,dcl
tcl,tcl
kcl,gcl
z,s
ao,ao
ax,ax
tcl,tcl
tcl,tcl
nx,dx
s,s
l,l
uh,uh
r,r
ix,ix
q,q
v,dcl
w,w
axr,axr
r,axr
t,t
iy,iy
s,s
kcl,kcl
ch,jh
ow,ow
eh,ae
v,v
q,q
gcl,tcl
y,y
ux,ux
ix,ih
s,s
ix,ix
t,t
f,f
uw,ix
dcl,dcl
iy,ih
hh,hh
dh,dh
dh,q
m,m
eh,eh
sh,sh
s,s
z,s
iy,ix
v,v
z,z
ax,ix
aa,ay
w,w
w,w
f,f
f,f
s,s
iy,iy
w,w
bcl,tcl
l,l
l,l
k,k
ae,ae
bcl,bcl
kcl,kcl
r,r
z,iy
axr,axr
pcl,pcl
nx,nx
f,f
d,d
ih,eh
r,r
ow,ow
l,l
f,f
v,v
jh,jh
m,m
ey,ey
ax,ax
ax-h,ix
iy,iy
ow,ow
aw,ae
s,s
ax,ax
r,ay
l,l
kcl,kcl
bcl,tcl
iy,iy
z,z
s,s
q,q
iy,iy
s,s
q,q
v,ax
r,r
s,s
w,w
ae,ae
q,q
k,k
tcl,tcl
eh,eh
r,r
gcl,gcl
d,t
tcl,tcl
dx,l
er,axr
l,l
ah,ah
f,f
p,p
m,m
q,q
em,m
ix,ix
ao,ao
v,dx
r,r
ow,ow
ay,ay
tcl,tcl
n,n
ax,ax
er,er
w,w
th,th
iy,iy
s,s
n,n
sh,sh
axr,axr
kcl,tcl
ix,ix
kcl,tcl
ng,ng
ix,ix
bcl,bcl
n,n
pcl,kcl
s,s
n,n
dh,dx
n,n
tcl,tcl
l,l
l,w
ay,ay
ey,ey
tcl,tcl
k,k
ey,ey
gcl,n
kcl,kcl
ix,ix
er,er
ao,ax
tcl,tcl
k,k
m,m
iy,iy
n,n
ix,ix
z,z
dcl,dcl
v,n
ih,ih
k,k
ow,ow
ux,ux
tcl,tcl
axr,axr
m,m
bcl,v
tcl,tcl
q,axr
eh,eh
z,z
l,iy
ah,ax
ax,ah
ae,eh
q,q
ax,ax
n,dh
uw,ux
l,l
s,s
kcl,kcl
l,l
ix,ix
dh,hh
ow,ow
s,s
n,n
d,d
el,l
th,dh
aa,aa
m,m
ay,ay
tcl,tcl
ey,ae
aa,aa
iy,iy
nx,n
ih,ih
iy,iy
n,ix
tcl,tcl
q,q
ix,iy
tcl,tcl
dcl,tcl
ax,ax
aa,ao
l,ax
m,n
ow,oy
l,l
r,r
v,f
l,l
ae,ae
w,w
eh,eh
d,d
tcl,tcl
l,l
q,q
ow,eh
ow,ao
z,z
ch,ch
dcl,dcl
ax-h,ix
l,l
dcl,dcl
ix,ix
ix,ix
en,en
ih,ix
ey,ix
sh,sh
f,p
ih,ix
p,p
m,m
r,r
ey,ey
q,q
hv,hv
ix,ix
pcl,tcl
n,en
er,er
axr,axr
t,t
sh,s
ah,ay
ux,ux
ao,ao
v,v
dh,dh
axr,axr
s,s
ix,axr
tcl,tcl
ih,ih
f,f
l,l
k,k
iy,iy
f,f
t,t
l,l
r,r
n,n
k,k
l,el
el,el
gcl,gcl
ih,ih
l,w
hv,hh
bcl,bcl
ey,ey
ah,ax
k,g
m,bcl
eh,eh
hv,hv
s,s
ng,ng
ao,ao
hv,hh
aa,aa
iy,iy
bcl,pcl
dh,n
er,r
s,s
tcl,kcl
f,f
tcl,dcl
jh,jh
t,t
iy,iy
l,l
d,t
ay,ay
w,w
n,ng
ih,ix
ux,iy
axr,ix
aa,aa
r,r
axr,tcl
ao,ao
k,k
hv,hv
r,r
hh,hh
ae,ae
axr,axr
l,l
ae,ae
ae,ae
axr,er
r,ay
n,n
ae,ae
p,p
y,y
t,sh
n,ix
ih,ey
z,z
ix,ix
ax,ax
s,s
eh,eh
aa,aa
iy,iy
ih,iy
hh,w
iy,iy
t,t
aa,aa
m,m
pcl,tcl
bcl,dcl
dh,dh
z,z
n,n
iy,ix
w,w
s,s
kcl,kcl
eh,ay
l,el
s,s
r,r
ae,ae
ux,y
iy,iy
iy,iy
w,w
jh,jh
bcl,pcl
r,r
g,g
q,q
kcl,tcl
kcl,tcl
l,l
k,k
eh,ae
p,p
ix,ix
kcl,p
sh,sh
en,en
bcl,tcl
iy,iy
ay,ay
gcl,gcl
bcl,bcl
p,p
kcl,kcl
oy,oy
n,n
kcl,kcl
iy,iy
sh,sh
ix,ix
jh,jh
s,s
hv,hv
w,w
el,el
ux,ux
z,z
ix,ix
f,f
r,axr
ae,ae
ah,l
g,g
ih,ix
w,w
ix,r
r,r
ae,eh
uh,uh
em,en
g,g
tcl,tcl
r,r
t,t
eh,eh
th,kcl
pcl,tcl
w,w
oy,oy
dh,nx
s,s
oy,oy
t,t
r,r
em,m
tcl,tcl
ix,ix
k,k
aa,ah
ux,ux
f,f
ao,ao
q,q
iy,iy
s,s
pcl,tcl
ae,ae
n,n
axr,axr
bcl,gcl
y,iy
gcl,pcl
ow,ow
axr,axr
axr,axr
l,l
ix,ix
gcl,gcl
r,r
dx,dx
ih,uh
aw,aw
s,s
l,l
m,m
z,z
l,b
w,l
ay,ay
ae,eh
kcl,pcl
ix,ix
k,k
dcl,kcl
q,q
r,r
kcl,tcl
axr,axr
nx,nx
aw,aa
w,w
l,l
k,k
f,v
ih,ih
ix,ix
er,er
r,r
ax,nx
y,y
g,g
ao,ow
n,n
iy,iy
jh,jh
t,jh
ax,ax
ow,ao
aa,aa
w,w
k,k
n,n
tcl,tcl
t,jh
k,k
t,t
iy,iy
v,v
kcl,kcl
dcl,dcl
ux,iy
y,y
d,t
p,p
ay,ay
y,y
dcl,tcl
iy,iy
ih,eh
dcl,gcl
ey,ey
f,f
m,m
q,ix
l,l
l,l
ah,eh
ng,ng
r,r
ih,ih
ey,ey
sh,sh
t,t
k,k
kcl,kcl
aa,aa
f,f
l,l
w,w
ax,ix
ay,ay
iy,iy
ng,ng
n,m
ix,ix
kcl,kcl
aa,ao
iy,eh
hv,m
sh,sh
s,s
s,s
ux,ux
v,v
l,el
n,v
ax,ix
k,k
iy,iy
pcl,dh
s,s
ay,ay
hv,hv
k,k
q,dx
tcl,tcl
sh,sh
en,n
ih,eh
ay,ay
ax,ax
l,l
aw,ae
p,hh
n,n
z,z
n,n
l,l
eh,eh
n,n
s,s
iy,iy
s,s
dcl,n
s,s
l,l
n,n
ao,ao
l,w
r,ax
ay,ay
iy,iy
n,n
f,f
v,v
q,q
aa,aa
aa,aa
r,r
uh,ux
tcl,tcl
dcl,dcl
p,p
l,l
iy,iy
s,s
ay,ay
l,l
k,k
ih,eh
iy,iy
ow,ao
ix,q
uw,uw
r,r
k,k
th,th
r,r
kcl,kcl
s,s
s,s
q,q
l,l
eh,ey
n,n
sh,sh
sh,sh
hv,hv
q,q
en,n
z,z
tcl,tcl
t,t
dh,v
t,tcl
m,m
ay,r
r,dx
iy,iy
tcl,tcl
en,tcl
s,s
ey,ey
g,g
tcl,dx
hv,hv
ch,sh
r,r
m,m
dcl,gcl
ux,axr
hv,hv
dx,dx
k,k
sh,sh
w,w
dh,n
k,k
ix,ih
n,n
dh,t
kcl,kcl
l,l
dcl,n
ax,l
s,s
k,k
axr,axr
ih,ih
kcl,kcl
gcl,ix
l,l
s,s
kcl,kcl
s,s
k,k
dcl,gcl
ix,iy
ix,ix
aa,aa
dx,dx
s,s
ae,ae
iy,iy
ae,ae
er,er
jh,jh
iy,iy
gcl,gcl
w,w
axr,axr
l,l
kcl,tcl
w,ao
n,kcl
iy,iy
ah,ah
ey,ey
pcl,kcl
ay,ay
r,r
eh,eh
l,ix
k,k
ih,ih
ix,ix
tcl,kcl
t,t
er,axr
y,y
g,k
r,r
er,axr
pcl,tcl
ix,ix
ao,ao
pcl,kcl
ah,ah
kcl,kcl
pcl,pcl
s,s
iy,ih
ng,ng
ao,ao
ao,ao
ih,ih
eh,eh
kcl,kcl
s,s
l,l
ae,ae
dx,nx
n,n
k,k
ix,ix
y,y
gcl,gcl
z,z
sh,sh
ax,ax
kcl,kcl
v,v
hh,hh
k,k
z,tcl
q,y
iy,iy
kcl,k
w,w
r,r
s,s
iy,iy
tcl,kcl
s,s
sh,sh
y,y
aa,aa
er,r
iy,iy
m,m
iy,iy
er,axr
ay,aa
s,s
iy,ux
q,q
er,axr
ae,ae
z,z
n,n
dcl,m
r,r
kcl,kcl
ch,ch
tcl,tcl
s,s
gcl,gcl
ay,ay
dh,v
kcl,kcl
m,m
axr,axr
ih,ix
iy,iy
gcl,gcl
y,y
l,q
n,n
t,t
ao,ao
m,m
g,g
iy,iy
ax,n
axr,axr
t,t
dh,dh
ey,ix
t,z
axr,axr
ix,ix
hh,hv
w,w
tcl,tcl
l,l
d,dh
ay,ay
m,m
n,n
er,er
z,z
ae,ae
w,w
k,k
iy,iy
ih,eh
ae,ae
s,s
n,n
iy,ih
ix,ix
ux,ux
ng,n
ax,ax
n,n
n,n
ax,l
ix,ix
iy,iy
t,t
iy,iy
ey,iy
z,s
t,hh
n,n
l,ax
axr,axr
ih,eh
ae,ae
l,l
s,s
l,l
q,q
m,m
y,y
kcl,tcl
hh,hh
dcl,bcl
tcl,tcl
iy,iy
ix,ih
er,er
z,z
dcl,dcl
pcl,gcl
ao,ao
z,s
s,s
en,n
z,s
th,s
s,s
er,er
ax-h,ax-h
er,er
th,f
l,l
tcl,tcl
s,s
ux,ux
pcl,tcl
ux,ux
ah,aa
s,s
s,s
k,k
r,r
r,axr
ix,ix
k,k
ax,ix
bcl,bcl
jh,jh
eh,eh
ix,ih
ae,ae
d,y
ax,ax
ao,ao
w,w
iy,iy
ae,ey
n,ix
v,v
eh,eh
q,q
v,m
ao,ao
ao,ao
m,m
f,f
kcl,gcl
s,s
ey,ey
ih,ix
ix,eh
iy,iy
r,r
ch,s
iy,iy
ow,ow
iy,iy
w,w
s,s
dx,dx
ao,aa
p,p
tcl,tcl
l,l
s,s
s,z
r,er
p,p
q,q
l,w
k,k
ix,ix
axr,er
z,z
axr,axr
ch,sh
v,dcl
r,r
ow,ow
iy,iy
v,v
r,r
y,y
ah,aa
ix,ux
iy,iy
ah,ax
ey,eh
bcl,tcl
f,f
t,t
l,l
ey,ey
l,l
r,r
jh,ch
g,g
q,q
r,r
eh,eh
m,n
kcl,kcl
ix,ix
gcl,gcl
z,z
sh,sh
hv,hv
dcl,gcl
aa,ao
ae,ae
tcl,tcl
g,hv
dcl,tcl
iy,iy
tcl,tcl
bcl,pcl
er,axr
hv,hv
ah,ih
ax,ix
tcl,n
ix,ix
k,kcl
axr,axr
kcl,kcl
s,s
f,f
ah,ao
t,t
q,q
oy,oy
f,kcl
t,t
y,y
ah,eh
l,l
kcl,kcl
q,q
kcl,gcl
m,m
g,k
axr,er
iy,iy
ay,ay
dcl,gcl
eh,eh
ax,ax
ay,ay
ax,ax
kcl,kcl
ix,n
f,f
n,n
axr,axr
ux,ih
ix,ix
iy,iy
ax,ax
t,t
k,k
aa,aa
tcl,tcl
ae,ae
y,ix
n,m
n,en
f,f
ix,ey
k,k
ae,ae
tcl,tcl
v,v
m,n
d,d
ao,ao
l,l
uh,ix
hh,hh
d,d
iy,iy
d,t
sh,sh
l,l
ux,y
ao,ao
z,z
kcl,kcl
s,s
v,v
r,axr
aw,aa
z,z
hv,hv
f,hh
ao,ao
axr,axr
tcl,q
ae,eh
ah,ah
s,s
ey,ey
s,z
tcl,tcl
ae,eh
ey,ey
iy,ih
ih,ih
k,k
sh,sh
jh,ch
r,r
ix,ih
s,s
l,l
ix,ix
ih,ix
kcl,kcl
s,s
ih,ux
m,m
gcl,gcl
ix,ix
iy,iy
m,n
ih,ih
ih,ih
m,tcl
er,axr
ow,ow
tcl,tcl
n,n
n,n
gcl,kcl
ah,ah
s,sh
z,s
ix,ix
er,er
k,k
tcl,tcl
ao,w
r,r
g,g
g,k
v,dx
dcl,tcl
tcl,dx
gcl,gcl
r,axr
aa,aa
tcl,tcl
s,z
v,gcl
en,en
ao,ao
kcl,tcl
pcl,ix
ix,ix
r,r
s,z
ux,ix
t,t
m,m
ae,ae
ng,ng
kcl,kcl
gcl,gcl
v,v
eh,eh
dx,dx
tcl,dcl
ax,ix
kcl,kcl
r,r
m,m
kcl,tcl
axr,axr
l,l
t,t
aw,aw
y,y
t,t
ao,ao
z,z
ih,ey
z,z
iy,iy
el,el
ae,eh
dcl,tcl
ih,ih
n,m
aa,aa
d,t
y,iy
ax,ax
kcl,tcl
iy,iy
t,t
ow,ow
aa,aa
dx,dx
s,s
p,p
tcl,tcl
s,s
tcl,kcl
q,q
ae,ae
t,t
eh,eh
eh,eh
axr,r
ix,ix
w,w
ow,ow
t,t
ix,eh
l,l
axr,axr
ax,axr
iy,iy
aa,aa
s,s
ih,ih
t,t
kcl,kcl
ux,ux
eh,ey
hv,hh
w,w
ax,ax
l,l
tcl,pcl
ey,ey
k,k
bcl,gcl
iy,iy
iy,ix
ih,ih
y,y
er,er
er,er
kcl,tcl
aa,ao
y,y
ax,ax
ax,ao
w,ao
ao,ao
axr,axr
ae,ae
r,axr
ix,ix
t,t
hv,hv
ae,aa
m,m
s,s
iy,iy
jh,jh
g,g
v,gcl
k,k
ix,axr
axr,axr
en,en
z,z
oy,oy
g,g
q,q
m,n
gcl,dcl
hv,hv
ix,ix
y,iy
r,r
jh,sh
m,m
n,n
l,l
ae,eh
ao,ao
n,n
ae,ae
iy,iy
th,th
uw,r
r,w
z,s
m,m
sh,sh
dx,dx
m,m
kcl,tcl
dh,dh
ey,ey
bcl,bcl
eh,eh
n,n
s,s
r,r
n,ng
r,r
l,l
ih,ih
n,n
ih,ih
er,axr
dh,dh
iy,iy
ix,ix
ih,iy
ao,ao
t,t
axr,axr
ay,ay
uh,ih
n,n
ow,l
ow,axr
bcl,pcl
l,l
ah,eh
kcl,kcl
eh,eh
r,r
tcl,tcl
k,k
ao,ao
ao,ow
s,s
r,r
r,r
dh,l
t,z
ow,ow
eh,eh
ix,ax
g,g
l,l
ae,ae
sh,sh
jh,jh
v,ax
t,t
q,el
ow,ix
iy,iy
ix,ix
n,n
s,z
ix,ix
en,m
l,l
pcl,pcl
n,m
axr,axr
l,l
aa,aa
er,axr
ih,ih
s,s
r,r
n,en
ng,v
kcl,kcl
er,er
eh,axr
dcl,dcl
tcl,kcl
axr,axr
f,f
axr,axr
axr,axr
tcl,tcl
hh,hh
tcl,tcl
tcl,tcl
ao,ao
v,v
dh,dh
tcl,v
n,n
axr,axr
ay,ay
s,s
w,w
axr,axr
m,n
axr,er
ao,aa
kcl,kcl
tcl,gcl
ix,ix
n,n
s,s
k,g
kcl,kcl
s,s
s,s
l,l
l,l
el,el
hv,hv
bcl,bcl
ow,ao
kcl,kcl
k,k
pcl,kcl
n,n
gcl,kcl
dh,dh
dcl,dcl
m,n
y,y
n,n
jh,t
l,l
n,n
ey,iy
m,n
dcl,dcl
gcl,gcl
ih,ix
tcl,tcl
d,t
w,w
tcl,tcl
ix,ix
ng,n
ih,ih
eh,ey
kcl,kcl
en,n
tcl,tcl
dx,dx
r,r
g,k
l,l
dcl,bcl
eh,eh
ay,ay
eh,eh
tcl,tcl
v,v
bcl,bcl
s,z
kcl,tcl
p,hh
w,w
w,w
pcl,tcl
k,k
er,axr
n,n
z,s
dcl,tcl
ae,eh
s,s
n,ax
iy,ix
v,v
axr,axr
z,z
ix,ix
l,ax
ix,ix
s,s
iy,iy
l,ao
nx,n
aa,ao
l,w
t,t
d,dx
sh,sh
ix,eh
r,r
s,s
dcl,gcl
k,k
l,l
tcl,dh
pcl,pcl
l,l
ae,ae
t,t
ah,eh
l,l
m,m
ix,q
axr,axr
eh,eh
t,t
eh,eh
ix,ih
s,s
s,s
s,s
jh,jh
sh,sh
dx,dh
ao,ao
ah,aa
tcl,tcl
ux,ux
ah,ah
tcl,tcl
ax,axr
axr,axr
iy,iy
ax,ix
ey,ey
hv,q
t,t
ey,ey
iy,iy
z,z
l,l
ux,ux
tcl,tcl
ae,ae
ng,ng
f,f
n,n
dh,dh
ix,ix
kcl,kcl
ae,ae
m,m
ih,ay
l,l
p,p
m,m
dcl,dx
nx,n
uh,ix
dx,dx
ow,ow
er,er
aa,aa
k,k
ax,eh
ch,ch
ah,eh
l,l
eh,ey
axr,axr
r,r
r,w
ix,eh
iy,iy
n,n
dcl,tcl
tcl,tcl
ay,ay
k,k
m,m
ih,ih
kcl,kcl
ix,r
s,s
pcl,tcl
v,v
axr,er
w,w
eh,ix
n,n
t,d
m,m
y,q
eh,eh
oy,oy
eh,eh
s,s
m,n
r,r
kcl,kcl
l,eh
w,w
iy,iy
dh,dh
tcl,tcl
dx,dx
q,q
kcl,kcl
ih,ih
p,p
ix,ix
kcl,kcl
sh,sh
k,k
ay,ay
aa,aa
n,ng
sh,sh
tcl,dx
el,el
gcl,gcl
tcl,dcl
iy,iy
ih,ih
w,w
s,s
z,s
k,k
pcl,tcl
n,n
axr,axr
w,w
q,q
ah,ah
hv,hv
ae,ae
sh,sh
z,s
kcl,kcl
axr,axr
dcl,ix
ix,ix
t,t
dcl,dcl
p,p
ey,ey
s,s
y,iy
ix,iy
er,er
w,l
v,v
q,q
s,s
aa,aa
ix,ix
ax,ix
sh,sh
ih,iy
sh,sh
axr,r
bcl,v
ax,eh
t,t
dx,dx
ix,ix
z,z
dcl,dcl
iy,iy
dx,dx
hv,hv
axr,axr
eh,ix
l,ao
gcl,ix
l,l
eh,eh
kcl,kcl
v,v
s,s
sh,sh
ux,ux
aa,aa
ey,ey
ix,ix
hh,hh
ax,ix
uw,uw
ux,ux
iy,iy
bcl,bcl
ix,ix
ix,en
ay,ay
w,w
r,r
iy,iy
bcl,bcl
k,k
gcl,gcl
iy,ix
kcl,kcl
s,z
aa,ao
s,sh
r,r
g,g
f,f
t,p
q,q
dcl,kcl
w,w
bcl,bcl
ax,ax
ih,ix
g,g
aa,aa
n,n
eh,eh
y,y
m,m
tcl,tcl
f,f
l,ax
aa,ao
tcl,tcl
n,n
tcl,tcl
gcl,dcl
k,k
r,r
l,el
k,k
n,n
ae,eh
ax,eh
l,l
m,m
k,k
dh,kcl
m,m
r,r
s,s
eh,ih
aa,aa
iy,iy
l,l
v,dh
er,er
ih,eh
iy,iy
ng,n
ix,ix
m,n
ah,eh
ix,iy
ax,ax
iy,ix
el,l
t,t
m,m
nx,n
eh,ix
n,gcl
l,l
ih,ih
dcl,gcl
er,axr
ix,ix
t,b
z,z
kcl,kcl
q,q
th,th
ax,ix
en,m
sh,sh
n,gcl
w,w
kcl,tcl
eh,eh
p,p
kcl,tcl
ah,ah
q,q
f,f
f,f
z,z
ch,ch
ix,ix
k,k
l,l
aa,aa
ah,ax
tcl,tcl
ix,ix
s,s
nx,m
k,k
pcl,bcl
ay,ay
iy,iy
q,q
ah,eh
s,s
dcl,dcl
p,p
bcl,v
tcl,tcl
eh,ix
axr,r
w,p
t,t
m,m
k,k
aa,aa
iy,iy
hv,r
ae,ae
y,y
s,s
r,r
sh,sh
ao,ao
kcl,gcl
eh,ax
t,d
p,b
l,w
t,t
bcl,bcl
ix,ix
n,l
pcl,tcl
en,en
s,s
w,w
dx,dx
m,m
el,el
ae,eh
g,g
ih,ih
ix,ix
m,n
ow,aw
ix,ix
r,r
ae,ae
ix,ih
k,k
ax,ix
r,w
iy,iy
v,v
iy,iy
ey,ey
t,t
ah,ah
dcl,dcl
pcl,pcl
ay,ay
r,r
tcl,tcl
ow,ow
kcl,kcl
aa,aa
s,k
q,dh
ae,ae
pcl,tcl
ix,ix
ng,n
aa,ao
ix,ih
iy,ey
kcl,kcl
kcl,kcl
z,z
axr,ix
ay,oy
ix,eh
iy,iy
ao,aa
ih,ih
w,w
r,r
iy,iy
ix,ix
ae,ae
f,f
axr,axr
iy,iy
axr,axr
ah,ah
dh,dh
iy,iy
ix,ix
kcl,tcl
z,z
ch,t
s,s
kcl,kcl
en,n
bcl,bcl
s,s
tcl,tcl
f,f
s,s
dcl,n
g,g
eh,eh
ae,eh
r,r
r,axr
y,y
q,q
dh,dh
ih,ux
iy,iy
y,y
v,v
el,l
s,t
r,r
iy,iy
q,q
w,w
n,n
eh,eh
ae,ae
k,k
d,d
bcl,gcl
ix,axr
eh,ae
ao,ao
w,ao
iy,iy
ix,ix
v,r
dcl,dcl
uh,ix
ix,ix
eh,eh
ae,ae
n,n
eh,eh
aa,aa
w,w
er,er
p,p
ey,ey
axr,r
ey,ey
r,r
m,m
ix,iy
t,tcl
eh,eh
ih,ih
t,d
ax,ix
iy,iy
ow,el
f,f
n,ax
ih,ix
w,w
r,r
ao,ao
ix,ix
t,t
g,g
r,r
ch,ch
ch,ch
kcl,kcl
bcl,bcl
oy,oy
s,s
ih,eh
ix,ix
k,k
dx,dx
y,y
z,s
tcl,tcl
ey,ey
axr,er
dcl,gcl
sh,sh
ih,ih
ey,r
l,q
uh,ih
iy,iy
ow,ow
dx,dx
ao,w
gcl,gcl
l,l
ah,eh
axr,er
ae,ae
ih,ix
iy,iy
l,l
s,s
l,l
m,m
eh,eh
en,en
w,w
n,n
l,l
ih,ih
dcl,v
ix,ih
kcl,kcl
y,y
l,l
ix,ix
ah,eh
l,ao
l,w
pcl,tcl
q,q
z,z
dcl,tcl
ax,ix
l,l
aa,aa
ae,ae
s,s
axr,axr
kcl,kcl
ih,ih
ow,el
m,en
eh,eh
k,k
ih,ih
r,r
m,m
dh,dh
z,z
l,l
y,iy
w,w
ae,ae
s,s
ay,ix
el,l
l,w
ao,ax
eh,eh
l,l
ch,ch
dx,dx
tcl,tcl
ax,ix
q,q
ah,ah
ih,ix
s,s
aw,aw
kcl,tcl
z,z
z,z
pcl,pcl
k,k
gcl,ng
sh,sh
ix,oy
n,n
ao,aa
tcl,tcl
ix,ih
ow,ow
f,tcl
th,th
jh,jh
dcl,dcl
tcl,pcl
g,g
pcl,tcl
dcl,dcl
r,r
hv,ix
ow,ow
axr,ix
gcl,ng
aa,aa
eh,eh
eh,eh
sh,sh
s,s
k,k
n,nx
q,q
iy,y
eh,eh
ax,ah
gcl,kcl
ey,eh
ih,ey
t,t
tcl,tcl
er,axr
kcl,kcl
w,l
en,ix
sh,sh
k,k
hh,kcl
s,s
m,m
axr,axr
en,en
bcl,tcl
kcl,kcl
dx,dx
l,l
w,w
ix,ix
tcl,dh
m,m
nx,nx
ix,ix
s,s
q,q
l,ow
ax,ax
eh,ih
en,n
ux,ux
eh,ay
r,r
pcl,tcl
ix,ix
ey,ey
dcl,bcl
ah,ah
d,hh
n,n
hh,hh
dh,hh
aa,aa
ao,ao
dh,dh
k,k
ih,ey
eh,eh
r,r
ae,ae
ix,ih
ix,ix
z,z
z,z
ax,ax
axr,axr
eh,ae
dcl,dcl
r,r
hv,hv
kcl,kcl
hv,hv
r,r
r,r
w,w
r,axr
v,v
tcl,kcl
s,s
ix,ix
v,v
ah,ix
w,w
pcl,tcl
pcl,pcl
ch,ch
y,ih
r,q
hv,hv
ah,ah
y,y
iy,iy
kcl,kcl
kcl,kcl
tcl,tcl
ow,el
t,t
aw,ae
kcl,kcl
s,s
iy,iy
k,k
iy,iy
t,t
m,m
kcl,tcl
eh,eh
y,y
z,jh
w,w
sh,sh
ix,ix
ih,ih
ow,ow
sh,sh
ao,aa
eh,ih
r,r
ow,ow
ax,eh
ix,ix
gcl,gcl
p,p
kcl,kcl
z,z
uw,ix
ih,iy
dh,dh
f,f
n,l
ow,ow
ih,ix
bcl,tcl
ih,ih
y,y
axr,axr
t,ch
pcl,tcl
n,n
l,l
aa,ao
ao,ow
r,r
ix,ix
bcl,tcl
ay,ix
y,ix
bcl,gcl
ix,ix
sh,sh
tcl,tcl
ix,ix
r,r
hv,kcl
iy,ix
eh,eh
iy,iy
axr,ix
v,v
tcl,tcl
ae,eh
ey,ey
s,k
ix,ix
iy,iy
ih,ih
er,er
t,d
th,s
dx,dx
t,t
s,s
iy,iy
n,m
g,g
v,v
dcl,dcl
n,n
ae,ae
iy,ix
ax,ix
w,w
hv,hv
bcl,bcl
kcl,tcl
r,eh
g,g
sh,sh
g,g
q,q
gcl,gcl
jh,t
sh,sh
iy,iy
l,l
ae,eh
sh,sh
w,w
tcl,tcl
r,axr
jh,s
iy,iy
m,ax
v,v
n,n
gcl,gcl
k,hh
m,m
k,k
v,v
ey,ey
t,t
uh,uw
kcl,kcl
r,r
d,d
ao,ao
k,k
w,w
s,s
tcl,tcl
ux,ux
iy,ih
eh,eh
iy,ey
m,m
aa,ao
s,s
ng,n
pcl,kcl
s,s
ax,ax
iy,iy
k,k
iy,iy
t,t
ux,ux
nx,n
z,z
ih,uh
n,n
z,z
dh,dh
ae,ae
tcl,tcl
g,g
dx,dx
er,er
ah,ah
p,dh
m,m
iy,ix
sh,sh
uw,uh
ae,eh
r,r
r,axr
hh,hh
b,p
hv,hv
pcl,tcl
ix,ix
tcl,tcl
er,er
q,q
f,f
n,aa
n,n
ux,ux
pcl,tcl
w,w
ix,ix
k,k
nx,n
l,l
ay,ay
v,v
oy,oy
ax,ix
l,l
aw,aw
ow,ow
tcl,tcl
q,ix
kcl,tcl
m,m
aa,aa
ax-h,kcl
dcl,dcl
axr,er
aa,r
r,r
z,z
ng,v
t,t
n,n
ix,ix
ih,ih
ix,ix
iy,iy
q,q
eh,eh
tcl,kcl
tcl,q
ih,ih
s,s
ih,ix
z,z
p,dh
m,en
er,er
ix,ix
ey,ey
ow,ow
l,w
r,r
r,iy
hv,hv
kcl,kcl
d,t
hv,hv
iy,y
dh,ix
w,w
t,t
s,sh
dcl,gcl
f,f
z,z
p,t
sh,sh
iy,iy
eh,eh
ax,ax
el,el
g,g
n,n
n,n
dh,dh
ih,ih
iy,iy
gcl,gcl
pcl,pcl
dh,dh
v,tcl
ow,ow
d,t
ey,ih
pcl,tcl
axr,eh
aa,aa
er,er
ey,ih
iy,iy
m,m
dcl,bcl
bcl,bcl
ux,iy
ae,eh
iy,iy
axr,axr
hh,hh
iy,iy
iy,iy
ix,ix
ow,axr
ay,ay
hh,hh
n,dcl
m,en
ix,ix
ah,aa
ix,ix
q,q
s,s
axr,axr
ix,ix
aa,aa
t,t
ax,ix
g,g
ih,ih
q,q
axr,axr
hh,hh
ih,eh
ih,ix
ih,ih
r,r
tcl,kcl
hh,hh
tcl,tcl
s,s
eh,eh
ax,axr
bcl,bcl
dh,dh
ae,ae
iy,ey
tcl,tcl
s,s
iy,iy
g,g
ux,ux
dcl,dcl
d,d
q,iy
s,s
w,w
aa,ao
m,m
ey,eh
ih,ix
m,m
d,tcl
w,w
s,s
z,z
ay,ay
dcl,kcl
ax,ax
k,k
ng,n
ih,ix
q,q
y,y
pcl,tcl
n,n
w,m
pcl,tcl
iy,iy
q,y
s,s
ao,ao
zh,sh
kcl,tcl
k,k
uw,uw
eh,eh
kcl,kcl
ix,ih
v,v
r,r
ae,ae
k,g
r,r
ih,eh
ih,iy
gcl,gcl
kcl,gcl
l,l
ow,l
hv,hv
ix,ix
ao,ao
z,z
pcl,tcl
ae,ae
z,s
q,q
ng,ng
k,k
n,m
dcl,tcl
iy,iy
ix,ix
ao,uw
ih,ih
tcl,tcl
dx,dx
eh,eh
kcl,t
r,r
r,r
n,en
r,r
kcl,kcl
ao,ao
aa,aa
pcl,kcl
p,p
n,n
dx,r
z,z
ah,ax
ix,iy
ix,ax
m,ix
n,n
f,f
aw,aw
z,s
ae,ae
k,k
ih,ix
p,p
ax,ax
ah,ah
bcl,tcl
iy,ix
ae,ae
s,s
f,f
ae,eh
r,r
r,r
l,w
r,r
er,er
ix,q
q,q
dcl,n
tcl,k
m,m
ah,ah
k,hh
iy,ix
th,th
dx,q
p,p
b,p
ae,ae
f,hh
eh,eh
iy,iy
gcl,gcl
iy,iy
el,el
n,m
ix,ix
k,k
ow,ow
r,r
l,n
nx,m
m,m
iy,ix
jh,jh
w,w
t,t
m,n
s,s
dcl,gcl
ch,ch
tcl,tcl
ae,ih
kcl,tcl
l,l
axr,axr
q,q
n,ix
q,q
s,s
ey,ey
n,n
ae,ae
q,q
uw,uw
sh,sh
kcl,pcl
sh,s
k,k
iy,iy
ix,ix
s,s
eh,eh
hh,hv
uh,axr
iy,iy
l,l
iy,iy
iy,iy
sh,sh
eh,eh
er,axr
sh,sh
ax,ax
t,t
s,s
dcl,tcl
m,m
v,v
dcl,kcl
er,er
ao,aa
w,w
m,m
aa,ao
axr,ix
sh,sh
m,m
ay,ay
t,t
bcl,dcl
ao,ao
z,s
n,nx
dh,dh
l,l
jh,jh
r,r
ow,ah
y,iy
m,n
ax,ix
axr,axr
uw,ux
kcl,kcl
ng,ng
ah,ah
m,m
v,v
y,y
axr,axr
t,k
w,w
s,s
s,s
ax,ax
ih,ih
axr,axr
iy,iy
gcl,bcl
ih,ih
s,s
iy,iy
s,s
uw,ux
v,v
dx,dx
ix,ix
ix,ix
aa,aa
eh,eh
s,s
eh,eh
r,r
n,n
dcl,dx
tcl,tcl
ix,ix
ih,eh
g,g
r,r
aa,aa
m,n
m,m
w,w
tcl,tcl
v,v
r,r
ae,ae
ix,ix
g,g
p,p
iy,iy
eh,eh
n,ix
ah,eh
sh,sh
ax,q
n,n
s,s
r,ao
d,jh
ay,aa
eh,eh
dcl,dcl
q,q
dh,dh
eh,ix
dx,dx
dcl,dcl
w,w
s,s
m,m
n,n
eh,eh
dcl,bcl
q,q
ah,ah
f,t
s,z
dcl,dcl
y,y
v,v
ah,ow
tcl,tcl
axr,r
s,s
tcl,tcl
q,q
ey,ay
s,s
l,l
s,s
q,en
tcl,tcl
bcl,bcl
ey,ey
t,t
kcl,kcl
dh,dh
aa,ao
w,r
aw,aw
ih,ih
ih,ih
eh,eh
kcl,kcl
ax,l
m,m
tcl,tcl
tcl,tcl
ah,ah
w,w
ih,ih
iy,iy
ux,ix
v,v
w,w
hh,hh
tcl,tcl
p,p
axr,axr
ix,ix
n,n
iy,iy
f,f
dx,kcl
ch,ch
ey,ey
eh,eh
aa,ao
ay,ay
z,z
tcl,w
t,t
nx,nx
k,g
t,t
bcl,tcl
k,k
iy,iy
l,l
er,er
uw,ih
dh,dh
aw,ah
g,g
t,t
ae,ae
el,w
ah,ao
f,f
aa,aa
th,th
r,axr
dcl,tcl
aw,aw
r,r
f,f
n,n
l,l
s,s
ix,eh
k,k
m,m
n,n
tcl,tcl
n,ng
gcl,bcl
d,t
iy,iy
q,q
oy,oy
axr,ix
jh,sh
ax,ax
ae,ae
z,z
ow,ow
s,s
sh,sh
m,m
n,n
tcl,tcl
kcl,kcl
dcl,gcl
ae,eh
m,m
y,y
n,n
sh,sh
oy,oy
ax,ax
oy,oy
v,v
s,s
ix,iy
t,t
t,t
iy,iy
ih,ix
ix,ix
ih,eh
ay,ay
n,ix
l,l
axr,axr
y,y
l,l
ix,ix
k,g
eh,eh
w,w
ix,ix
ux,ux
pcl,pcl
tcl,tcl
l,l
gcl,gcl
l,v
iy,ix
iy,iy
l,w
r,r
ay,ay
ax,ax
w,w
eh,eh
ay,ay
t,t
s,s
g,k
l,l
ih,ix
n,n
y,iy
ey,ey
z,v
aa,aa
f,f
el,el
hv,jh
s,s
r,r
hh,hh
l,l
iy,iy
eh,eh
ah,r
aw,aw
l,l
ih,ih
m,n
ax,l
ey,ey
ix,iy
l,l
r,r
tcl,kcl
kcl,kcl
f,f
ax,ix
s,z
ow,w
er,er
s,s
ih,ih
z,z
n,n
ow,ow
ae,ae
l,l
aa,ao
ae,ae
k,k
v,v
k,g
iy,iy
t,t
iy,iy
kcl,kcl
ay,ay
ih,ih
s,s
ih,ih
hv,hv
l,l
w,w
ih,iy
l,l
dcl,tcl
kcl,tcl
tcl,tcl
s,z
aa,aa
oy,oy
ae,ae
f,f
tcl,tcl
l,l
n,n
kcl,kcl
f,f
pcl,tcl
f,f
ao,ao
tcl,gcl
n,dx
er,ao
aa,ao
th,th
s,s
ax,ix
kcl,kcl
tcl,tcl
d,d
bcl,bcl
y,y
ix,ix
oy,oy
ih,eh
l,q
ih,y
s,s
n,n
kcl,kcl
m,m
s,sh
v,uh
z,z
ah,ah
aa,aa
tcl,tcl
f,f
r,r
ch,ch
r,r
k,g
q,q
ow,ow
z,z
tcl,kcl
m,gcl
dx,dx
tcl,tcl
tcl,tcl
q,n
eh,eh
n,n
n,n
ax,ax
ux,ux
ao,ao
iy,iy
w,w
er,axr
w,w
q,q
ae,ae
m,m
ix,ix
ng,ng
gcl,bcl
r,r
dh,dh
ae,eh
w,w
z,jh
s,s
uh,uh
eh,ix
eh,eh
t,dh
eh,eh
iy,iy
ay,ay
er,er
r,r
m,m
kcl,kcl
z,z
dx,dx
iy,iy
pcl,pcl
m,m
sh,sh
en,en
g,ix
ax,ix
s,s
r,r
s,s
ix,ih
n,n
dx,k
tcl,tcl
tcl,kcl
m,m
r,r
iy,iy
dcl,dcl
f,f
iy,iy
ix,ix
th,z
ih,ih
ng,ng
v,v
l,l
ix,eh
k,k
axr,axr
p,hv
jh,jh
ao,ao
d,tcl
ay,ae
axr,axr
sh,sh
iy,iy
axr,axr
tcl,tcl
r,r
ih,ih
ix,ix
w,w
tcl,tcl
m,m
s,s
y,y
n,n
r,r
sh,sh
ih,eh
pcl,pcl
w,l
k,k
t,t
z,s
tcl,tcl
ix,ix
ah,ae
r,r
er,r
l,l
n,ix
l,l
hv,hv
g,g
kcl,kcl
ae,ae
iy,iy
s,s
v,v
tcl,dh
aa,aa
axr,r
tcl,tcl
ay,ay
q,ix
w,w
axr,axr
q,ah
ax,ax
hv,r
bcl,bcl
dh,dh
pcl,pcl
axr,uw
r,iy
n,n
tcl,g
en,en
ow,ax
r,r
tcl,tcl
iy,ih
axr,axr
iy,iy
w,w
v,ax
s,s
ow,ow
m,m
kcl,kcl
ih,eh
k,k
v,v
nx,nx
ix,ix
n,nx
r,ax
ao,ao
q,q
iy,iy
n,m
dcl,bcl
iy,axr
l,l
n,m
n,n
uw,uw
iy,iy
tcl,tcl
s,z
v,v
eh,eh
n,n
l,ax
ih,ix
r,r
ae,ae
aw,ao
tcl,tcl
uw,uw
kcl,kcl
sh,sh
s,s
dh,dh
dcl,tcl
ix,ey
g,g
m,m
ix,ax
p,p
s,s
m,m
gcl,gcl
pcl,pcl
aa,aa
tcl,kcl
n,m
uw,uw
p,p
m,m
sh,sh
bcl,pcl
k,k
l,l
hv,r
p,p
ae,ae
el,el
s,s
w,w
ah,ah
s,s
ae,ae
axr,axr
r,r
m,m
ah,oy
eh,eh
ay,ay
s,s
w,w
v,v
ih,ih
ch,ch
l,dh
ax,axr
tcl,pcl
ao,ao
dcl,bcl
aw,ay
nx,n
k,g
ay,ah
bcl,dh
q,ax
r,r
b,tcl
ae,ae
axr,axr
n,n
dcl,dcl
ax,ax
ch,ch
z,z
pcl,kcl
l,iy
s,s
axr,axr
ix,ix
l,l
kcl,kcl
ax,ax
ae,ae
ao,ao
k,g
s,s
bcl,kcl
k,g
p,p
z,z
aw,aw
n,ax
ax,ax
kcl,kcl
hv,hh
kcl,tcl
q,q
ux,ux
eh,ae
n,dx
ey,ey
v,y
r,r
ax,ax
jh,ch
el,el
ah,ax
l,l
s,s
ng,n
ch,ch
dx,nx
eh,eh
ix,ix
tcl,tcl
f,f
eh,ix
iy,iy
axr,iy
tcl,tcl
iy,iy
zh,zh
sh,sh
w,w
ae,ae
jh,jh
ao,ao
l,aw
ix,ix
iy,iy
d,t
bcl,dcl
v,p
r,r
jh,jh
t,t
aa,aa
pcl,kcl
s,s
s,s
ae,ae
q,q
m,m
ao,ao
gcl,gcl
ey,ey
ao,ao
z,hh
ao,ao
ih,iy
dh,n
k,k
ix,ix
ux,ux
ey,ey
r,ix
aa,aa
p,p
p,p
k,k
s,s
v,v
kcl,kcl
m,m
s,s
t,t
n,dx
bcl,bcl
n,n
ae,eh
aa,aa
el,el
ae,eh
r,r
ay,ay
r,w
r,r
ax-h,kcl
p,p
z,s
ae,ae
er,axr
t,kcl
gcl,tcl
ae,eh
ix,ih
b,b
b,b
aa,aa
r,r
w,w
axr,axr
kcl,kcl
er,er
pcl,kcl
s,s
ix,axr
n,n
uh,uh
bcl,bcl
q,q
ae,ae
l,q
z,z
r,r
ao,ao
kcl,kcl
n,n
pcl,tcl
ae,ae
ix,ix
ih,ih
tcl,tcl
s,s
kcl,kcl
z,s
s,s
n,m
ae,ae
p,hh
s,z
r,l
p,p
ae,ae
ax,ax
iy,ix
pcl,pcl
sh,sh
axr,axr
eh,eh
t,t
t,t
tcl,q
eh,eh
ax,ax
ix,ix
ey,ih
ih,uh
gcl,gcl
m,n
d,t
kcl,kcl
ix,ix
ao,ao
axr,axr
n,n
ux,ux
n,nx
z,z
ax,ix
s,s
dh,en
pcl,tcl
hv,hv
ax,ix
tcl,tcl
d,t
dh,t
m,n
n,n
s,s
ao,aa
iy,iy
ay,ay
sh,sh
g,g
eh,eh
axr,axr
r,r
eh,ih
ix,ix
l,ax
axr,axr
n,n
dh,dh
ay,ay
tcl,kcl
kcl,tcl
ao,ae
m,m
gcl,gcl
kcl,tcl
dx,dx
dcl,tcl
ix,nx
w,w
r,axr
m,m
kcl,tcl
ng,ng
aa,ay
y,y
q,q
ix,ix
ey,ey
l,el
ae,ae
r,r
w,w
tcl,tcl
tcl,tcl
ao,ao
ow,ow
iy,ix
er,axr
ae,ae
r,r
r,r
m,ng
dcl,kcl
iy,iy
s,s
tcl,tcl
s,s
dh,dh
ux,ux
ix,ix
ao,ao
dcl,tcl
ah,ax
p,p
n,eh
ix,ix
tcl,dx
l,l
n,ix
en,n
t,d
ix,ix
tcl,tcl
m,m
f,f
ix,ax
n,n
n,n
iy,iy
eh,ix
l,l
ix,ih
f,f
k,k
r,r
ix,ix
kcl,tcl
v,v
dh,dh
p,p
tcl,tcl
aa,aa
sh,sh
ay,ay
axr,axr
ih,ih
ih,ih
v,f
ix,ix
t,t
s,s
s,s
ae,ae
ux,ux
f,f
ih,ix
m,m
r,r
g,g
ix,ax
dcl,dcl
kcl,tcl
ax,ax
m,m
dh,th
iy,iy
q,q
s,s
b,p
s,s
z,z
ih,ih
ey,ey
r,r
er,eh
kcl,kcl
k,k
ow,ow
w,w
l,l
tcl,tcl
pcl,tcl
n,n
er,er
z,z
aw,ae
ax,ah
tcl,kcl
iy,iy
ax,aa
ao,ao
gcl,gcl
aa,aa
ax,b
iy,iy
t,t
y,y
p,p
f,s
v,tcl
l,l
ey,eh
iy,iy
k,k
sh,sh
bcl,pcl
v,v
ix,ix
sh,sh
eh,eh
q,q
s,s
w,l
ih,y
ix,ix
tcl,tcl
aw,aw
bcl,bcl
t,t
kcl,kcl
axr,r
gcl,gcl
dx,dx
n,n
r,y
f,f
m,m
q,q
oy,oy
r,r
dcl,bcl
ih,ih
jh,jh
jh,jh
eh,eh
zh,s
t,t
n,ix
kcl,tcl
ix,ix
f,f
f,f
l,l
tcl,gcl
ix,ix
n,n
axr,axr
k,g
ao,ao
r,r
q,ax
ih,ix
k,g
ao,ao
tcl,kcl
tcl,tcl
s,s
s,s
pcl,pcl
v,v
dh,dh
eh,eh
uh,uh
pcl,tcl
dcl,tcl
er,er
dh,dh
l,ao
gcl,gcl
t,t
z,zh
kcl,tcl
t,t
ax,ix
eh,ae
ih,eh
ay,ay
ey,eh
iy,iy
dx,dx
tcl,tcl
l,l
ix,ix
bcl,gcl
m,m
aa,aa
ax,ax
pcl,tcl
n,m
kcl,kcl
f,f
n,n
ey,ey
ix,iy
l,ax
ax,ax
t,t
ey,ey
s,s
m,m
dcl,dcl
pcl,tcl
aa,ah
k,k
iy,iy
dcl,gcl
iy,y
gcl,gcl
s,s
n,n
axr,axr
z,z
k,k
tcl,tcl
r,r
v,v
aa,aa
ix,ix
z,z
w,w
m,ng
w,w
n,n
eh,eh
kcl,kcl
ih,ax
ao,ao
l,l
r,r
m,q
l,l
er,er
iy,iy
ix,ix
iy,ux
dx,dx
r,r
tcl,kcl
ae,ae
iy,iy
n,ng
tcl,kcl
p,p
ow,axr
ao,ao
s,s
eh,eh
d,g
w,w
ih,ih
ah,ay
dh,dh
iy,iy
n,n
k,k
tcl,tcl
dh,dh
iy,ix
kcl,kcl
iy,iy
tcl,tcl
n,n
r,r
z,s
g,y
z,z
ax,ax
eh,ih
iy,iy
ay,ay
ix,ix
hv,hv
pcl,tcl
n,n
dh,v
l,r
tcl,q
r,r
v,v
dx,dx
iy,iy
axr,axr
iy,iy
tcl,tcl
k,k
pcl,tcl
g,g
aw,aw
k,k
k,k
kcl,kcl
tcl,tcl
ae,ae
axr,axr
dh,n
k,k
ao,w
axr,axr
f,f
n,n
s,s
iy,iy
k,k
oy,oy
ey,ey
q,y
l,l
ax,el
ao,ao
ng,ix
sh,sh
axr,eh
n,n
ae,ae
p,p
l,ax
kcl,kcl
kcl,kcl
k,k
er,er
ah,ao
g,g
ax,ax
kcl,kcl
p,p
z,sh
hh,hh
tcl,kcl
m,n
l,l
n,n
dx,tcl
y,y
ax,l
uh,uh
aa,aa
l,el
l,l
aa,aa
pcl,pcl
t,t
ih,ix
ow,ow
dh,dh
s,z
iy,iy
v,v
kcl,kcl
t,t
er,r
m,m
ix,ih
iy,iy
r,r
dx,q
sh,sh
dcl,gcl
dcl,tcl
ix,ix
ay,ay
hh,hh
m,m
ae,eh
s,s
l,l
ey,ey
iy,iy
gcl,gcl
iy,ix
gcl,kcl
w,w
uh,ax
dx,dx
iy,iy
pcl,tcl
aa,aa
q,q
w,w
kcl,kcl
n,bcl
l,ow
s,t
kcl,kcl
v,v
ix,ax
kcl,kcl
z,s
bcl,tcl
ix,ix
y,gcl
ey,ey
n,n
ix,ix
n,n
s,s
ux,ux
dcl,dcl
r,r
r,er
ix,ix
axr,axr
w,w
eh,r
q,q
ix,iy
iy,iy
jh,jh
n,n
eh,ih
ix,ix
k,k
l,el
axr,axr
ng,ng
sh,sh
k,g
iy,iy
y,y
k,k
iy,ix
ih,ih
eh,ih
kcl,kcl
f,f
y,y
tcl,tcl
hh,hh
ih,ix
kcl,tcl
pcl,tcl
ax,ix
dx,dx
oy,oy
t,t
ix,ax
s,s
dcl,dcl
dx,dx
l,l
p,p
iy,iy
ix,ix
tcl,t
r,axr
l,l
tcl,tcl
p,p
t,t
pcl,bcl
ey,ey
gcl,m
ah,eh
ch,ch
l,l
dcl,dcl
sh,sh
dcl,dcl
kcl,kcl
t,t
s,s
iy,iy
n,n
el,ax
pcl,tcl
tcl,tcl
n,v
ix,ix
s,s
ah,ax
ae,ae
s,s
s,s
t,t
dx,dx
p,kcl
ix,ix
k,g
q,bcl
axr,axr
iy,iy
k,g
v,w
s,t
ao,ao
l,ax
ix,ix
k,k
ix,ix
eh,ih
aw,er
ao,aa
m,m
ao,aa
ix,ix
r,r
el,el
tcl,tcl
g,g
ae,ae
dcl,bcl
ae,ae
ix,ix
iy,iy
s,sh
hv,ax
r,r
iy,iy
v,v
ao,ao
ae,ae
z,z
s,sh
sh,sh
tcl,tcl
hh,hh
ih,ix
r,r
ao,ao
ix,ix
p,p
tcl,kcl
s,s
r,r
f,f
er,er
t,t
ax,l
l,axr
s,z
k,k
ix,iy
ao,w
ow,ow
r,r
dcl,gcl
r,dx
er,er
ng,ng
ae,ae
tcl,tcl
ey,ey
aa,ao
ow,ao
eh,eh
iy,iy
tcl,tcl
f,pcl
q,q
ih,uh
ux,ix
ax,ix
n,ix
m,bcl
iy,ix
ix,hv
ih,ix
eh,eh
n,n
aa,aa
aa,ay
w,w
ix,ix
jh,t
dcl,dcl
f,f
pcl,pcl
tcl,kcl
gcl,gcl
s,s
m,n
r,r
t,t
axr,er
m,m
tcl,tcl
ih,iy
dx,dx
v,v
dcl,dcl
en,ix
kcl,tcl
l,l
dcl,gcl
iy,iy
ux,n
ay,ay
n,n
hh,hh
k,k
t,t
z,s
r,eh
ow,ow
tcl,tcl
ix,ix
k,k
l,l
ao,l
kcl,kcl
ax,ax
m,m
ix,ix
oy,oy
axr,axr
ix,q
s,s
axr,r
eh,ih
uw,w
eh,eh
f,f
ih,iy
dcl,gcl
aa,aa
eh,eh
q,tcl
l,l
f,f
f,f
tcl,pcl
dx,dx
s,s
y,y
ax,ax
tcl,tcl
tcl,tcl
nx,nx
q,q
kcl,kcl
ae,ae
ao,aa
ao,ao
k,k
ah,ao
el,el
n,eng
q,q
ix,iy
jh,z
dcl,tcl
w,r
ax,ao
s,s
aa,ao
aa,ao
r,r
ux,ix
bcl,dcl
ih,ih
t,t
dh,dh
ix,ix
r,r
r,ax
iy,iy
ey,ey
iy,y
dx,dx
s,s
aa,aa
s,s
w,w
eh,eh
ay,aa
kcl,kcl
z,z
ih,ih
aa,aa
tcl,tcl
s,s
w,w
ih,ux
bcl,bcl
ix,ix
b,b
m,ax
uw,uw
q,q
iy,iy
tcl,kcl
nx,dx
eh,eh
iy,iy
n,n
ax,ix
k,ch
axr,axr
ow,ow
m,m
v,dcl
d,d
axr,er
f,f
ax,uh
t,t
iy,ih
s,s
oy,oy
ax,r
m,m
gcl,gcl
oy,ao
er,er
ow,ow
k,k
kcl,kcl
eh,eh
ax,ah
aw,aa
oy,oy
dcl,dcl
tcl,tcl
tcl,kcl
en,en
ah,eh
k,k
dx,dx
s,s
ax,ax
l,l
kcl,tcl
m,m
m,m
t,t
f,kcl
s,s
ae,ae
sh,sh
s,s
t,ch
hh,t
s,s
pcl,tcl
nx,nx
ix,iy
m,n
l,l
ae,ae
n,n
ih,eh
pcl,tcl
k,k
n,ix
gcl,tcl
kcl,kcl
ao,ow
z,z
el,ax
sh,sh
dh,dh
ih,ix
w,w
ix,ix
n,n
w,w
tcl,n
axr,ix
ax,ax
ix,ix
z,s
kcl,tcl
el,ao
oy,oy
axr,axr
ix,eh
p,p
ah,ah
bcl,bcl
pcl,tcl
m,m
ix,ix
ih,ih
kcl,kcl
jh,jh
y,y
w,w
uw,ux
gcl,tcl
k,k
ow,ow
z,z
q,q
tcl,kcl
m,bcl
iy,iy
l,l
r,r
dcl,r
t,t
dh,t
ix,ax
k,g
l,l
er,er
ih,ih
uw,uw
n,ix
ow,ow
en,nx
hv,hv
r,r
iy,iy
s,s
ih,eh
s,s
f,f
r,r
ax-h,ax-h
ah,aa
er,eh
t,t
ix,eh
dcl,bcl
aa,ao
ay,ay
ae,eh
ix,ix
pcl,pcl
ae,ae
r,r
er,er
ax,ix
kcl,tcl
ix,ix
ow,uh
s,s
kcl,kcl
l,l
r,r
pcl,bcl
iy,iy
kcl,kcl
l,l
iy,iy
n,n
dcl,dcl
k,k
bcl,bcl
ax,ah
s,s
iy,ix
s,s
n,dcl
ng,m
tcl,tcl
q,q
s,s
dx,dx
ay,ay
g,g
r,ix
ch,ch
w,ng
z,s
v,v
eh,ah
iy,iy
n,n
z,z
ax,uw
r,r
dcl,dcl
t,t
l,l
nx,dx
aa,aa
ay,ay
f,f
g,g
hh,hh
ix,ix
hv,w
kcl,tcl
n,n
tcl,kcl
ix,ax
m,m
kcl,kcl
ow,ow
tcl,tcl
ax,ax
z,z
ay,ae
s,s
dh,d
t,t
tcl,tcl
z,s
tcl,tcl
ow,ow
ae,ae
dcl,gcl
ih,ih
ih,ih
l,ax
sh,sh
ih,ax
ix,ix
n,n
n,n
l,n
ae,ae
iy,iy
oy,ey
w,w
ey,ih
axr,r
aa,aa
f,f
axr,axr
r,r
kcl,kcl
n,n
ix,ih
pcl,pcl
axr,axr
iy,ey
dcl,bcl
pcl,kcl
ih,ix
iy,iy
dx,dcl
l,el
eh,eh
k,k
tcl,pcl
p,p
dcl,dcl
dcl,dcl
ey,ey
t,t
z,z
dcl,n
eh,eh
iy,iy
p,b
r,r
kcl,kcl
aa,aa
pcl,tcl
eh,eh
eh,ae
ih,eh
ao,l
ax,ax
l,l
oy,ay
q,q
pcl,pcl
dcl,tcl
r,r
axr,axr
t,t
iy,iy
aa,aa
axr,r
eh,eh
tcl,th
ax,ax
ng,ng
r,r
n,n
aa,aa
pcl,tcl
ix,ix
n,n
dh,pcl
kcl,kcl
tcl,tcl
ih,ih
pcl,tcl
l,l
tcl,tcl
k,k
n,n
iy,iy
l,l
y,ih
ix,ix
q,q
th,th
hv,hv
iy,iy
v,v
p,p
ay,ay
gcl,tcl
l,l
tcl,kcl
ao,aa
s,s
er,er
ih,ih
ae,ae
t,t
ao,ao
z,z
w,w
ax,ax
kcl,kcl
ix,ix
iy,iy
dcl,dcl
t,d
ax,ix
ao,ao
n,nx
w,w
p,p
nx,nx
s,s
axr,axr
ae,eh
k,k
ix,ix
l,l
ix,ix
g,g
pcl,tcl
r,r
z,z
kcl,kcl
n,m
iy,iy
s,s
iy,iy
er,r
er,er
n,ix
dcl,kcl
r,aa
kcl,kcl
ao,ao
l,l
iy,iy
d,d
ao,ao
n,n
eh,ix
ih,ih
ow,ow
ay,aa
aa,ao
ah,ix
t,t
ao,ao
m,m
jh,jh
n,n
l,w
tcl,tcl
dh,dh
iy,iy
z,s
uw,ux
r,r
el,el
f,f
iy,iy
ao,ao
n,n
pcl,pcl
dx,dx
l,l
y,y
ey,ey
iy,iy
q,iy
ay,ay
ae,eh
v,v
r,r
g,g
axr,axr
kcl,kcl
z,z
ey,iy
dx,dx
r,r
el,w
s,s
m,ng
q,q
hh,hv
dx,p
axr,axr
z,s
ux,ih
ay,ay
tcl,tcl
axr,axr
r,r
l,n
kcl,kcl
ay,ey
aw,eh
ae,ae
w,w
d,t
n,en
s,s
er,er
n,n
ae,ae
jh,jh
l,l
ax,w
z,s
q,q
dcl,tcl
uh,ax
k,k
l,l
ey,ey
tcl,tcl
m,m
m,axr
iy,iy
ao,ao
p,p
l,n
y,y
q,q
iy,iy
q,q
ih,iy
iy,iy
m,m
ow,ow
ch,ch
m,ix
r,r
p,p
w,w
l,l
bcl,bcl
ax,ax
z,z
bcl,dcl
l,l
ah,ah
iy,iy
tcl,tcl
dcl,tcl
aw,aa
s,z
el,ow
v,bcl
r,r
m,m
ax,l
iy,iy
aa,aa
f,f
q,tcl
q,q
tcl,tcl
kcl,kcl
axr,axr
nx,n
pcl,pcl
axr,axr
t,t
t,t
k,k
hh,hh
ih,ix
axr,er
n,m
iy,iy
iy,iy
ae,ae
k,k
eh,eh
ao,ao
r,r
t,t
kcl,gcl
k,k
ah,ah
r,r
r,r
k,k
ih,eh
ae,ae
ay,ae
tcl,kcl
g,k
tcl,q
k,hh
ih,ix
z,s
s,s
tcl,tcl
ih,ih
ih,ih
ax-h,tcl
ix,r
r,r
kcl,kcl
n,ng
v,v
ao,ao
n,en
iy,iy
gcl,tcl
s,s
ao,ao
m,m
ow,uh
s,s
iy,hv
axr,axr
iy,ix
tcl,kcl
hh,p
r,axr
kcl,kcl
bcl,dcl
ix,ix
ih,ih
ah,aa
d,d
m,n
gcl,tcl
n,n
ix,ix
n,n
ao,ao
pcl,bcl
kcl,kcl
ey,ay
gcl,dcl
y,y
gcl,gcl
ix,ix
q,q
iy,iy
nx,n
r,r
ch,ch
eh,eh
dcl,tcl
t,t
ix,ih
th,th
y,y
q,q
p,p
eh,eh
iy,iy
bcl,tcl
eh,eh
g,g
l,l
p,p
n,n
p,p
hh,p
er,r
ix,ix
dh,dh
s,z
axr,axr
kcl,kcl
r,r
ay,ay
ao,ao
hh,hh
ix,iy
k,k
ae,eh
d,d
ah,ae
dh,dh
ao,ao
uw,ix
aa,ae
ix,ix
bcl,gcl
ow,aa
ix,ix
ey,ey
s,s
f,f
ix,ix
ah,eh
s,s
v,gcl
y,ix
el,q
q,q
ay,ay
s,sh
ah,ax
ay,ay
aa,ah
n,n
ax,ix
n,en
er,er
z,z
q,q
el,el
k,k
n,n
dcl,gcl
ix,ix
ax,eh
aa,ah
ix,ix
dx,dx
r,ix
q,q
l,q
s,s
ux,ux
eh,eh
jh,jh
m,l
bcl,bcl
f,f
ix,ix
sh,sh
ey,ay
dcl,bcl
jh,jh
iy,iy
m,m
r,r
ih,ih
l,l
gcl,q
ax,ax
axr,axr
ay,ay
hv,hv
pcl,tcl
n,ng
axr,r
z,z
w,w
pcl,kcl
l,l
er,axr
dcl,dcl
en,en
aa,aa
axr,axr
eh,ih
dcl,tcl
ae,ae
dx,dx
iy,iy
ux,iy
ix,ix
s,s
tcl,tcl
bcl,bcl
ix,ix
w,w
l,l
eh,eh
ax,ax
kcl,tcl
ay,aa
k,k
ah,ao
l,l
t,t
ae,ae
axr,axr
n,n
m,nx
sh,sh
k,k
iy,iy
k,k
f,f
bcl,pcl
ah,ah
s,s
q,t
v,v
axr,axr
w,w
ey,ey
n,n
r,uh
eh,ey
dh,dh
n,m
tcl,tcl
ih,ih
kcl,ix
ao,ao
s,s
g,g
iy,iy
n,n
iy,iy
s,z
aa,ao
eh,eh
q,q
ih,ih
ah,ah
axr,axr
ix,ux
en,ix
l,l
ix,ix
s,s
kcl,tcl
n,n
pcl,pcl
z,z
w,w
l,l
ao,ao
aw,aw
ax,ax
kcl,kcl
r,r
axr,axr
n,n
r,r
kcl,tcl
r,r
ax,ax
el,el
p,p
ao,w
ix,ix
iy,ix
tcl,gcl
eh,eh
iy,iy
iy,iy
el,el
k,k
uh,uh
s,s
ae,ae
er,er
ux,ux
ao,ao
q,q
ao,ao
y,iy
ch,jh
ix,ih
axr,ix
kcl,tcl
ey,ey
ae,ae
aa,aa
ix,ix
pcl,tcl
r,r
q,q
k,k
y,y
k,k
dh,dh
ng,ix
l,l
ih,ih
aa,aa
ix,ix
l,q
uw,uw
m,ng
y,y
s,s
l,l
q,q
aw,aw
eh,eh
ah,ah
ux,r
t,jh
l,w
en,en
ih,ih
r,r
ih,eh
pcl,pcl
ih,ix
z,s
ih,axr
iy,iy
bcl,bcl
l,el
y,y
ay,r
er,er
hv,hv
dcl,gcl
tcl,tcl
l,l
ae,ae
v,dh
uh,eh
k,k
k,k
r,r
l,l
aa,aa
gcl,bcl
ih,ih
ao,ao
m,m
ax,ax
ae,ae
axr,ih
l,l
n,n
n,n
p,b
q,q
ax,ax
axr,ux
ao,ao
dcl,dcl
ux,ux
iy,iy
m,m
dh,dh
s,s
iy,iy
iy,iy
n,en
kcl,tcl
s,sh
r,r
l,l
tcl,tcl
k,g
ih,ix
z,z
ih,ih
ae,eh
n,n
p,p
q,q
pcl,pcl
r,dx
ix,ix
ae,ae
l,l
kcl,kcl
gcl,gcl
z,z
r,r
axr,iy
ae,ae
q,q
t,t
ix,ix
eh,eh
s,s
ih,uw
p,p
kcl,kcl
ae,ae
ix,ix
kcl,tcl
pcl,tcl
jh,jh
l,l
t,t
aa,aa
tcl,tcl
eh,eh
axr,er
sh,sh
iy,iy
ae,ae
r,r
ng,l
ix,ix
ih,ih
q,q
r,r
z,z
tcl,tcl
l,aa
b,b
iy,iy
gcl,gcl
kcl,kcl
ao,ao
m,n
oy,oy
ix,ix
ow,l
q,q
tcl,en
w,w
q,q
n,m
s,z
dh,t
r,r
kcl,tcl
tcl,kcl
kcl,kcl
l,l
p,p
ch,jh
s,s
uh,uh
t,t
n,m
ow,ow
pcl,tcl
sh,sh
v,v
ix,ix
aa,aa
ix,ix
ax,ax
r,er
t,t
en,m
ey,ey
s,s
ux,ux
en,ux
w,b
ih,ih
g,g
ey,ey
ix,ax
ey,ey
hh,kcl
dcl,gcl
z,z
q,q
t,t
r,r
eh,ae
pcl,kcl
s,s
k,k
ix,ix
q,q
dcl,tcl
ih,ax
s,s
tcl,dx
aa,ao
m,m
iy,iy
axr,axr
n,n
w,w
ae,ae
dx,dx
er,er
axr,er
ih,ih
dh,th
l,l
s,s
ow,ow
iy,iy
tcl,tcl
ax,ax
bcl,bcl
q,q
k,k
kcl,kcl
t,t
r,r
ae,eh
el,l
r,r
ch,sh
ao,ao
ih,eh
ey,eh
l,ax
iy,iy
ih,ih
bcl,bcl
k,t
tcl,tcl
ay,ay
q,q
oy,oy
ux,ux
l,l
dcl,tcl
z,z
s,s
dcl,tcl
eh,eh
tcl,tcl
ax,ax
axr,axr
ae,ae
kcl,kcl
ng,y
s,s
ax,ax
g,g
s,s
w,w
ax,ax
kcl,kcl
dh,dh
n,hv
ix,ih
hh,hh
s,s
ow,eh
ih,ix
ix,eh
y,y
ey,ey
kcl,kcl
eh,eh
tcl,n
ae,eh
tcl,kcl
m,m
v,w
kcl,kcl
kcl,kcl
ih,ih
n,n
l,l
ih,ih
ih,ix
w,w
g,g
tcl,tcl
sh,s
iy,iy
ae,ae
er,er
t,t
f,f
axr,axr
tcl,tcl
ey,ix
ae,eh
aa,aa
f,v
ux,axr
th,th
jh,jh
s,s
ao,ao
iy,axr
kcl,tcl
y,y
z,s
kcl,kcl
s,s
axr,er
ih,ix
ay,ay
ix,ix
pcl,tcl
v,v
z,z
er,er
q,tcl
z,z
sh,sh
ax,ix
pcl,tcl
iy,iy
ah,l
er,er
s,s
aa,aa
l,l
aa,aa
w,w
tcl,tcl
pcl,tcl
r,r
v,tcl
ix,ix
r,r
ax,ax
el,el
ow,ow
dx,nx
ow,ow
aa,aa
ix,ih
dcl,bcl
axr,axr
dcl,v
r,r
ax-h,ax
ih,ih
s,s
kcl,kcl
z,z
ao,r
ao,aa
er,er
n,en
ix,eh
m,m
ah,ax
pcl,pcl
dh,b
m,m
s,s
dcl,dcl
ix,ih
nx,n
ey,ey
el,w
ux,ux
eh,ih
iy,iy
dx,dx
tcl,tcl
z,z
iy,ix
q,q
q,q
ih,ih
ow,ow
ae,ae
r,r
ax,uh
v,v
ax,ay
n,n
f,f
ix,ix
dcl,gcl
uh,ix
axr,axr
eh,eh
eh,eh
dh,dh
iy,ih
r,er
ae,ae
r,r
uw,uh
ao,ao
r,r
kcl,tcl
r,r
s,s
aw,ae
eh,eh
pcl,tcl
k,k
kcl,kcl
ae,ae
gcl,gcl
dx,dcl
gcl,gcl
ao,ao
ax,ax
l,l
ix,ix
iy,iy
aa,ao
k,k
ae,ae
q,q
dx,dx
s,s
eh,eh
z,z
g,g
tcl,tcl
ix,ix
tcl,tcl
k,k
ow,ux
k,k
ix,ix
r,r
jh,jh
s,s
ix,ix
bcl,m
axr,ix
ay,ay
ix,ix
iy,iy
iy,iy
z,t
tcl,tcl
ix,ey
pcl,kcl
tcl,tcl
ng,ng
l,l
aa,aa
dh,q
l,ix
aa,oy
ch,ch
k,k
z,z
ow,ow
m,m
eh,ih
uw,el
axr,er
m,m
aw,aw
eh,eh
ae,ae
s,s
eh,eh
pcl,tcl
axr,ix
d,tcl
ix,iy
ay,ay
n,n
ao,ao
r,r
iy,iy
ey,ey
tcl,pcl
iy,iy
iy,iy
bcl,bcl
l,l
eh,ah
n,m
hv,hv
q,ix
eh,eh
v,v
kcl,kcl
r,r
ao,ao
ey,ey
ey,ey
tcl,tcl
dcl,dcl
axr,axr
p,p
s,s
n,tcl
v,v
r,r
t,t
iy,ih
n,ng
sh,sh
n,n
f,f
s,s
ax,ax
s,s
v,v
t,t
en,n
tcl,kcl
s,s
hv,hv
eh,eh
dh,dh
pcl,pcl
n,n
iy,iy
dh,dh
eh,eh
ao,ao
ae,ae
ax,ix
r,eh
ih,ih
iy,ih
dcl,dcl
tcl,tcl
l,l
ng,n
iy,iy
s,s
sh,sh
n,n
t,t
m,m
s,s
iy,iy
iy,iy
r,m
n,m
ao,ao
ax,ax
ix,iy
ih,ih
dx,dx
m,m
axr,r
pcl,tcl
kcl,kcl
ih,ih
tcl,tcl
n,n
n,m
z,s
axr,r
t,t
k,k
ih,ih
y,y
w,w
l,ix
ih,ix
iy,ix
l,l
r,r
ae,ae
ay,ay
t,t
s,s
ey,ey
k,t
s,s
aa,ao
r,r
ow,ao
ey,ey
kcl,tcl
iy,iy
kcl,tcl
axr,axr
ah,eh
dh,n
gcl,gcl
y,y
r,r
ix,eh
ax-h,ax-h
ey,ey
ix,ih
r,axr
s,s
n,n
bcl,bcl
m,n
ih,ix
iy,iy
z,z
s,s
s,s
iy,iy
ah,aa
ay,ay
pcl,tcl
l,l
nx,dx
ow,ow
axr,ax
ao,ao
m,l
kcl,kcl
s,s
ih,ah
v,v
bcl,kcl
ix,ax
aa,ao
ax,ax
er,axr
aa,ao
dx,dx
ae,ae
n,n
l,l
f,f
iy,iy
axr,axr
ix,ix
eh,eh
q,q
eh,eh
ow,ow
n,ax
r,r
ix,ix
q,q
eh,eh
t,t
pcl,bcl
tcl,tcl
l,l
ae,ae
sh,sh
sh,sh
g,g
axr,axr
ae,ae
ow,ah
s,s
ao,ao
q,q
sh,sh
t,t
ax,ax
l,l
l,l
sh,sh
f,th
ao,ao
eh,eh
t,d
aw,aw
v,v
z,z
ch,jh
ih,ih
ix,ix
dcl,n
v,v
ow,ow
m,m
l,ix
ix,ix
em,m
gcl,tcl
s,s
s,s
kcl,kcl
ux,ix
eh,eh
l,l
ao,ao
m,m
n,n
k,k
tcl,tcl
ax,ax
m,m
m,n
k,k
tcl,tcl
kcl,tcl
s,s
q,q
ah,ah
n,n
kcl,kcl
n,n
sh,sh
l,l
r,l
ao,ao
s,s
dcl,dcl
eh,ix
ih,ih
dx,dx
sh,sh
axr,axr
eh,ih
q,q
ah,eh
ih,ih
t,ch
q,q
r,r
aa,aa
k,k
uw,ih
ax,axr
t,d
g,g
k,t
ae,ae
pcl,tcl
l,w
w,r
ix,eh
l,l
v,v
pcl,pcl
r,r
bcl,bcl
l,l
z,z
ao,ao
eh,eh
m,n
ow,ao
iy,iy
iy,iy
sh,sh
sh,s
s,s
hh,hv
iy,iy
ih,ix
v,v
iy,iy
l,w
z,z
ey,ey
ae,ae
ax,ax
ix,ix
iy,iy
oy,oy
eh,ix
ih,ih
s,s
ix,ix
t,t
w,w
dcl,gcl
r,r
z,jh
jh,jh
r,r
gcl,ax-h
en,n
s,z
ae,ae
tcl,kcl
dx,dx
ah,ah
ix,ax
q,q
l,l
t,t
v,v
ix,ix
f,f
p,p
eh,eh
tcl,n
r,r
r,r
w,w
ah,ay
ah,ih
n,n
th,th
ao,ao
hh,p
d,ix
ih,ih
kcl,kcl
dcl,tcl
tcl,tcl
zh,sh
d,jh
n,n
s,s
r,r
p,p
m,m
ih,ix
s,s
ax,ax
er,r
n,n
z,z
gcl,gcl
axr,axr
k,k
n,n
r,r
ao,ao
dh,t
l,l
gcl,kcl
n,n
ih,ix
kcl,gcl
r,r
r,r
iy,iy
l,ax
kcl,kcl
ax,ax
n,n
ih,ih
s,s
el,l
n,n
f,f
n,n
ix,ix
aa,q
oy,oy
dh,dx
ix,ix
l,l
n,n
eh,ae
s,s
z,s
q,q
f,th
hh,hh
ey,eh
th,th
ow,ao
tcl,tcl
z,z
k,k
en,n
q,q
ix,ix
s,s
f,p
eh,ax
n,n
tcl,kcl
r,axr
ey,ey
m,m
s,s
s,s
t,t
s,s
z,z
ay,ay
ix,ix
l,l
gcl,kcl
q,q
k,k
en,n
s,s
kcl,kcl
ao,ao
t,t
ix,ax
aa,aw
s,s
tcl,tcl
ey,ey
iy,ix
ey,eh
p,tcl
m,m
eh,ix
s,s
n,n
m,m
m,m
kcl,tcl
s,s
s,s
sh,sh
s,s
kcl,kcl
iy,iy
w,w
t,d
s,s
l,l
dcl,tcl
axr,axr
ey,ey
q,q
p,p
iy,iy
s,s
bcl,v
s,s
ae,aw
axr,er
r,r
axr,axr
kcl,tcl
iy,iy
s,s
v,v
iy,iy
s,s
s,s
l,l
er,er
ng,ng
nx,nx
q,q
f,f
ae,ae
ih,uh
t,d
ux,ux
ux,ix
ao,ao
pcl,tcl
kcl,kcl
nx,nx
tcl,kcl
dh,dh
er,er
ih,ih
dcl,tcl
ao,w
s,s
p,t
q,q
dx,dx
pcl,kcl
ih,eh
kcl,tcl
bcl,bcl
er,er
iy,iy
dcl,dcl
eh,eh
r,r
ae,ae
axr,q
pcl,tcl
en,en
s,s
ae,eh
gcl,kcl
s,s
ax,ax
eh,ah
ae,eh
er,er
ae,ae
th,dh
ix,ix
ih,ih
n,n
l,l
ae,eh
q,q
ae,ae
q,q
bcl,dcl
l,l
nx,l
z,z
eh,eh
aa,ay
f,f
ix,ix
l,l
pcl,tcl
tcl,tcl
m,m
ih,ix
ih,ih
dcl,dcl
eh,ih
n,n
s,s
tcl,tcl
ih,eh
ey,ey
z,z
n,n
ix,ix
kcl,kcl
n,n
s,s
ih,ih
kcl,tcl
aa,aa
ao,w
kcl,tcl
n,n
eh,eh
r,r
z,z
m,r
aa,aa
r,axr
z,z
f,f
t,t
k,k
aa,aa
ae,ah
f,f
axr,r
eh,eh
iy,iy
q,q
m,m
b,kcl
sh,sh
r,r
tcl,tcl
en,en
iy,iy
ax,ax
ao,ao
ay,ay
eh,eh
ao,ao
l,w
s,s
v,v
gcl,dcl
ay,ay
p,p
sh,sh
n,n
tcl,tcl
r,r
q,q
ax,ix
r,r
ix,ix
uh,uh
s,s
tcl,tcl
ey,ey
ix,ix
s,s
aa,aa
ao,oy
kcl,kcl
d,k
m,m
ay,ay
w,w
gcl,kcl
ih,ih
gcl,kcl
kcl,tcl
dx,dx
v,f
axr,axr
n,n
ix,ix
tcl,kcl
z,z
uw,r
ax,ix
uw,uw
d,y
er,axr
m,m
m,m
m,m
l,l
m,m
gcl,dcl
ax,ax
k,k
gcl,gcl
m,m
ax,uh
ow,ao
ay,ay
aa,aa
axr,axr
iy,iy
uh,ih
r,eh
axr,axr
hv,hv
l,l
l,l
ax-h,ax-h
ey,iy
iy,ix
n,n
kcl,tcl
q,q
w,w
k,g
bcl,dcl
m,m
ax,ax
eh,ix
q,q
iy,iy
ix,ix
jh,jh
m,m
ix,ix
ay,ay
m,m
s,s
aa,ay
f,f
z,z
w,w
ux,ux
ao,ao
f,f
s,s
z,z
eh,eh
ax,ix
ow,ow
f,p
r,r
bcl,dcl
tcl,tcl
ao,ao
l,l
q,q
ae,ae
kcl,kcl
dcl,dcl
kcl,kcl
q,q
w,w
dcl,tcl
f,f
uh,uw
kcl,kcl
ax,w
r,r
ih,ix
l,l
eh,ix
ay,ay
ux,ux
ow,ow
z,z
q,q
ix,ix
ax,ax
ay,ay
tcl,tcl
ax,ix
dcl,dcl
n,n
ao,ao
ae,ae
dx,dx
m,m
s,s
bcl,bcl
r,r
y,y
l,l
m,m
ix,ix
q,q
tcl,kcl
iy,ey
z,s
g,g
n,n
n,n
kcl,kcl
tcl,tcl
ux,ux
ax,ax
ix,ix
n,dx
sh,sh
z,s
k,k
k,kcl
g,r
n,n
l,l
ow,ow
kcl,tcl
ao,ao
w,w
dcl,tcl
ax,ix
s,s
n,ax
l,ax
m,n
ey,iy
aa,aa
eh,eh
m,m
hh,hh
r,r
ah,ah
ax,ax
l,r
r,eh
ao,ao
v,v
ah,ah
dx,dx
iy,iy
s,s
er,er
iy,iy
p,p
l,ax
aw,ao
w,w
ae,ae
axr,axr
dcl,kcl
z,z
z,z
dh,v
r,p
ix,eh
n,n
r,r
w,w
n,n
sh,sh
z,s
n,n
axr,ao
s,z
n,m
ae,ey
dcl,tcl
n,ix
axr,axr
ix,iy
iy,iy
bcl,dcl
s,z
ow,ao
q,q
ih,ih
iy,iy
r,r
ow,l
r,r
q,kcl
z,z
n,ix
t,t
q,q
ix,eh
ao,ow
ih,ey
l,m
er,oy
ae,ae
v,v
tcl,gcl
l,l
s,s
sh,sh
ix,eh
ih,ih
dcl,m
er,er
ix,ix
aa,aa
y,y
iy,iy
dcl,dcl
w,w
m,bcl
n,m
s,s
ao,ao
eh,ey
m,m
ae,eh
dx,dx
dcl,n
dcl,ix
sh,ch
ch,ch
ay,ay
ih,ih
eh,eh
r,y
tcl,kcl
ey,ey
axr,axr
hh,t
pcl,tcl
ux,ux
tcl,kcl
bcl,bcl
ax,ax
q,q
pcl,kcl
iy,iy
ix,ix
dcl,dcl
dx,dx
ix,ix
ch,ch
q,q
dx,dx
ax,ax
ax,ix
er,er
ae,ae
ax,ax
l,ao
q,q
b,b
bcl,tcl
tcl,tcl
iy,r
r,r
aa,aa
ax,ax
k,k
aa,aa
ae,ae
w,w
aa,aa
d,r
tcl,tcl
t,t
r,r
tcl,tcl
z,s
tcl,tcl
iy,r
hh,hh
l,l
iy,iy
tcl,tcl
pcl,pcl
s,s
r,r
p,hh
s,s
s,s
bcl,n
tcl,tcl
ow,ow
sh,sh
iy,iy
z,s
dcl,n
ae,ae
dx,tcl
kcl,kcl
z,z
k,g
n,n
z,s
iy,iy
ng,n
r,r
tcl,tcl
hh,hh
dh,dh
z,z
t,t
ix,ux
eh,eh
s,f
ux,eh
ow,ix
z,z
v,v
aw,ao
r,r
tcl,tcl
w,w
m,n
pcl,tcl
kcl,kcl
gcl,gcl
el,l
ae,ae
bcl,n
iy,iy
ow,ow
g,g
z,z
pcl,tcl
z,z
iy,iy
s,s
q,q
iy,y
ay,aa
ng,ng
t,t
kcl,kcl
g,g
gcl,gcl
iy,iy
tcl,kcl
kcl,hh
w,w
dh,v
ay,ay
ae,ae
nx,n
dh,dh
ay,eh
axr,axr
ey,ey
dh,dh
w,w
n,n
dx,dx
s,s
ae,eh
t,t
ay,ay
ah,ah
n,n
bcl,bcl
n,q
z,z
f,f
n,n
ay,ay
f,f
p,p
kcl,k
l,l
y,y
ih,eh
k,g
iy,iy
m,n
n,n
kcl,tcl
ao,ao
z,z
t,t
oy,oy
n,n
jh,jh
tcl,tcl
er,r
dcl,gcl
w,w
r,eh
g,g
z,z
ih,ih
f,f
iy,iy
l,l
s,s
ix,ax
l,l
tcl,tcl
eh,ix
z,z
k,k
ch,ch
aa,aa
bcl,bcl
d,t
t,t
l,l
s,s
z,z
tcl,tcl
dh,n
kcl,tcl
eh,eh
ao,ao
tcl,tcl
ix,ix
s,s
kcl,tcl
axr,ix
tcl,tcl
s,s
k,g
m,m
ix,ix
kcl,kcl
eh,ih
iy,iy
ix,iy
ih,ix
n,n
eh,eh
r,r
tcl,tcl
ix,y
ix,ix
k,k
v,v
ax,ah
dh,dh
oy,oy
w,w
dx,dx
dcl,tcl
t,t
ae,ae
n,n
p,p
l,l
p,p
ow,ow
f,th
p,p
g,k
n,n
f,f
b,p
z,th
ih,eh
r,r
r,r
l,l
ey,eh
ay,ay
ix,ix
s,z
dcl,n
dx,dx
iy,iy
kcl,k
axr,eh
ix,ix
l,l
axr,er
dcl,tcl
v,v
pcl,tcl
ay,ay
ax,ax
ix,ix
ih,ih
ah,ah
er,axr
iy,iy
ix,ay
kcl,kcl
ix,ix
er,axr
ix,l
eh,eh
ae,ae
ng,v
ih,ix
aa,aa
ah,eh
dcl,dcl
sh,sh
v,v
ix,ih
gcl,r
ux,ux
r,r
d,jh
hv,hv
m,n
pcl,kcl
z,z
ix,ix
m,v
s,s
dcl,dcl
n,l
r,r
ix,uw
tcl,tcl
s,s
ix,ih
m,gcl
r,r
eh,ih
axr,er
w,w
q,q
m,m
ax,ax
l,l
kcl,tcl
dcl,tcl
p,p
ix,ix
iy,iy
ix,ix
r,ix
en,en
m,m
dx,dx
m,n
axr,r
ng,ng
aa,aa
eh,eh
n,n
ih,ix
ow,ow
iy,ey
ae,ae
pcl,pcl
w,w
ay,ay
pcl,pcl
w,w
k,k
r,r
iy,iy
ae,ae
gcl,gcl
tcl,tcl
aa,ao
hh,hh
ow,ow
ih,ix
ow,ow
dcl,gcl
sh,sh
ax,ax
ah,ah
tcl,tcl
s,s
dcl,dcl
eh,eh
axr,axr
dcl,gcl
z,z
y,y
dh,dh
t,t
s,s
gcl,y
ah,ah
q,q
er,axr
kcl,kcl
ax,ax
eh,ae
ih,ih
iy,iy
ix,ix
axr,r
ax,ix
y,y
m,m
ae,ae
ix,ix
eh,eh
ay,ay
ih,ey
bcl,tcl
ax,ax
aa,aa
eh,eh
tcl,tcl
m,m
kcl,tcl
m,m
p,p
s,s
n,m
tcl,tcl
iy,iy
ax,ax
y,iy
k,k
ix,ih
aa,aa
dcl,tcl
bcl,tcl
kcl,kcl
bcl,dcl
bcl,gcl
z,z
zh,zh
ix,ey
ao,ao
b,p
k,q
tcl,kcl
s,s
w,w
iy,iy
n,n
dx,q
s,s
kcl,tcl
ae,ah
ae,aa
pcl,bcl
z,t
t,t
dcl,tcl
s,s
ow,l
er,er
pcl,tcl
q,q
ay,ay
hv,hv
m,m
z,z
er,axr
g,g
tcl,bcl
ch,jh
ih,ix
tcl,tcl
z,z
y,y
t,t
r,r
tcl,tcl
l,ao
iy,iy
l,w
ix,ix
ux,iy
ix,iy
ao,ao
p,p
ax,ax
sh,sh
hv,hv
f,th
k,g
ix,ix
axr,er
eh,eh
dcl,dcl
m,m
n,n
tcl,tcl
ih,ix
m,m
r,r
kcl,tcl
k,k
p,p
p,p
jh,jh
s,s
k,k
sh,sh
ae,ae
sh,sh
g,g
el,l
iy,iy
ih,ih
m,m
dh,n
eh,eh
m,m
n,n
s,s
gcl,gcl
l,el
axr,er
th,th
er,er
ay,ay
ux,ux
aa,aa
ih,ih
sh,sh
r,axr
ah,ax
q,q
aw,l
ae,ae
ax-h,ix
ey,ay
s,s
dcl,dcl
ih,ix
er,er
kcl,kcl
f,f
ix,ix
ow,el
z,z
tcl,tcl
t,t
ix,l
p,p
ay,ay
n,n
ax,ax
pcl,tcl
n,ng
dcl,tcl
tcl,bcl
iy,iy
axr,axr
ay,ay
tcl,tcl
axr,axr
ix,ix
ih,ix
d,d
t,t
iy,iy
ng,n
y,y
pcl,kcl
ae,ae
uw,ux
z,s
ow,el
q,q
ch,ch
f,f
s,s
tcl,tcl
s,s
ae,ae
ax,ix
ey,ey
pcl,p
v,v
tcl,kcl
bcl,tcl
iy,iy
axr,axr
ey,ey
ae,eh
ux,ux
m,en
kcl,kcl
eh,eh
ow,ow
s,s
aa,aa
l,el
s,s
ay,ay
dcl,dcl
m,m
kcl,kcl
q,q
r,r
z,s
k,k
dcl,dcl
