true_label,predicted_label
uw,uw
ix,en
ch,ch
dcl,tcl
r,r
kcl,kcl
n,n
w,hv
er,axr
bcl,bcl
s,s
r,r
aa,ah
ax,l
ao,ao
v,dh
k,k
ae,ae
m,n
f,f
dx,dx
s,sh
l,l
ix,ix
kcl,kcl
f,f
ah,ah
w,w
dcl,dcl
ax,ix
er,eh
tcl,kcl
s,s
r,r
ay,ay
m,m
oy,oy
ao,ao
kcl,kcl
q,q
z,sh
p,p
l,l
y,y
eh,eh
n,n
ey,ey
eh,ih
n,ix
tcl,dcl
ix,ih
kcl,kcl
pcl,gcl
l,l
z,th
tcl,tcl
axr,axr
t,t
jh,jh
z,s
n,m
z,s
ey,ey
n,ng
iy,iy
aw,ao
m,n
er,er
ch,ch
iy,ey
tcl,kcl
t,jh
p,t
dcl,n
sh,s
ax,r
ax,r
hv,hv
tcl,tcl
ax,ax
s,s
hv,hv
ah,ah
iy,iy
ey,ey
iy,iy
oy,oy
ix,ix
ix,iy
er,ux
l,ao
ey,ey
ao,aa
r,ng
l,l
n,n
ow,ow
axr,axr
q,kcl
tcl,tcl
iy,iy
tcl,tcl
ae,ae
tcl,kcl
tcl,dcl
r,r
tcl,q
kcl,kcl
f,s
aa,ao
dcl,dcl
hv,n
iy,iy
ix,iy
m,m
s,s
dx,g
ae,ae
ix,ix
tcl,pcl
ax,ax
m,n
nx,dx
l,w
dcl,dcl
t,ch
p,p
hv,hv
ax,ix
tcl,tcl
axr,axr
ow,ao
ay,ay
k,k
bcl,bcl
m,n
aa,aa
sh,sh
aw,ae
r,r
s,s
ax,ax
l,l
jh,jh
axr,eh
n,tcl
ih,ih
tcl,kcl
q,q
aw,ae
n,n
g,k
eh,ih
ix,ix
ae,ay
f,f
k,k
ih,ih
m,m
m,m
eh,eh
ae,ae
ax,hv
n,n
ix,ix
s,s
axr,axr
dcl,n
iy,iy
m,m
tcl,tcl
ah,r
aw,aa
aa,ao
dcl,dcl
ax,ix
dh,dcl
r,r
g,k
ix,ix
kcl,kcl
ay,ay
f,f
ao,ah
ix,iy
er,er
kcl,kcl
s,s
w,w
q,q
el,w
aa,aa
n,n
dcl,g
s,s
ae,aa
ih,ih
ix,ih
r,axr
ao,ao
y,iy
tcl,kcl
ah,axr
v,v
aa,ao
iy,iy
dcl,n
jh,ch
s,s
tcl,dcl
d,d
dcl,bcl
aa,aa
tcl,kcl
pcl,tcl
f,p
tcl,kcl
dh,dh
ih,ih
kcl,tcl
ih,ah
m,w
t,t
n,m
ah,ah
ix,ix
dcl,dcl
ih,ih
iy,iy
tcl,kcl
gcl,gcl
ao,ao
er,axr
iy,ey
uw,uw
g,g
ae,ay
gcl,gcl
ix,ix
gcl,gcl
s,s
pcl,kcl
f,f
dx,dx
dx,dx
ao,ao
q,q
ix,ix
ay,ay
w,w
ix,ux
s,s
bcl,bcl
l,l
ay,ay
ch,sh
n,n
eh,ih
r,ix
s,s
ay,ay
m,n
aa,aa
er,er
dcl,dcl
iy,iy
l,m
r,axr
tcl,pcl
ey,iy
z,z
tcl,tcl
r,r
ax,ix
d,d
ao,ao
ow,ng
aa,ao
axr,axr
eh,eh
p,p
ow,l
k,p
ix,axr
axr,axr
uh,uh
ae,ae
n,n
jh,jh
tcl,kcl
sh,sh
dx,nx
axr,ix
kcl,kcl
aa,aa
kcl,tcl
n,n
iy,iy
hh,hh
r,r
uh,ah
y,ix
eh,ix
ae,ae
d,jh
axr,r
dh,dh
iy,ix
n,m
s,s
ae,ae
w,w
tcl,kcl
l,w
ah,ah
iy,iy
ix,ix
r,r
dcl,gcl
s,s
pcl,kcl
d,t
l,m
ix,ix
uh,axr
ax,ix
aa,aa
f,f
n,n
ae,ae
ax,w
ay,ay
ey,ey
f,v
z,z
l,l
k,k
zh,sh
p,p
n,n
ay,ay
r,r
ih,ih
m,m
k,k
k,k
r,r
oy,oy
n,n
ow,ao
iy,iy
k,k
el,q
v,v
ih,ix
ax,ax
z,z
kcl,tcl
sh,sh
tcl,kcl
pcl,tcl
nx,n
ax,ix
el,ax
tcl,kcl
ay,ay
s,s
k,hh
v,hv
kcl,kcl
iy,iy
t,t
q,q
z,z
ao,w
th,v
ax,ax
nx,nx
f,f
k,k
axr,axr
ao,ao
eh,ax
ux,ih
ax,ax
bcl,bcl
aa,ao
aa,aa
aa,aa
q,q
ow,axr
ih,ix
th,th
ae,ae
ao,ao
z,z
r,r
ao,ao
sh,sh
k,k
aa,aa
axr,axr
ix,ix
l,l
kcl,gcl
jh,jh
m,m
dcl,kcl
r,n
gcl,gcl
tcl,kcl
aa,aa
w,v
iy,iy
eh,ih
ao,ao
l,l
ax,ix
s,s
oy,oy
ae,aa
axr,axr
r,r
ng,ng
m,n
r,r
g,g
ih,ah
l,l
ih,ih
n,n
n,n
dh,dh
aa,aa
iy,y
iy,iy
r,r
ih,ih
r,r
ix,axr
eh,eh
pcl,pcl
ah,eh
ch,sh
aa,ay
eh,eh
ng,ng
ix,ix
r,r
jh,jh
n,n
ae,ae
ow,ow
ah,ao
ey,ey
bcl,m
ey,ey
ow,l
dcl,dcl
eh,ah
n,n
q,q
f,f
q,q
s,s
aa,aa
y,y
y,y
eh,ah
kcl,pcl
m,m
dh,dh
s,s
n,n
ix,iy
s,s
dcl,kcl
ix,ix
w,w
z,s
l,l
ey,ey
er,axr
gcl,n
n,q
jh,ch
m,m
n,n
er,er
kcl,p
iy,iy
f,p
ey,iy
ey,ey
dh,ng
p,p
eh,eh
ih,ux
nx,m
kcl,kcl
tcl,tcl
ih,eh
eh,eh
eh,ih
s,s
v,v
iy,iy
oy,oy
pcl,pcl
axr,er
z,z
tcl,kcl
zh,s
r,r
er,er
sh,sh
ix,ix
r,r
ux,ux
l,q
ah,ow
ix,iy
dx,dx
m,n
l,l
ae,ae
ah,ah
tcl,kcl
t,t
d,t
th,th
dcl,dcl
gcl,en
sh,sh
q,q
ae,ae
s,sh
l,m
ao,aa
l,l
r,r
t,p
er,r
n,n
l,l
t,t
t,p
s,s
ix,ix
jh,jh
kcl,kcl
ch,s
q,q
r,r
axr,er
ix,ix
n,n
s,s
nx,n
ey,ey
ey,ey
m,m
s,sh
y,y
l,ix
p,p
pcl,pcl
k,g
aa,aa
t,t
ay,ay
iy,iy
axr,ux
er,axr
uw,uw
ix,ix
q,q
t,t
v,v
iy,iy
ow,ow
f,t
iy,ix
ae,ae
v,v
pcl,pcl
ao,uw
ih,eh
hh,hh
ao,ao
ey,iy
ay,ay
ax,ax
kcl,kcl
f,f
q,q
hh,k
dx,dx
kcl,kcl
aa,aa
l,l
hh,hh
axr,axr
m,m
bcl,gcl
axr,axr
m,m
aa,aa
ux,ux
kcl,kcl
z,s
er,er
uh,ah
ao,ah
ix,ih
tcl,tcl
tcl,kcl
dh,th
ih,g
pcl,pcl
ae,ae
ow,ow
axr,axr
ih,ix
dcl,tcl
eh,axr
z,z
ay,ay
kcl,kcl
ah,ah
w,w
l,w
iy,iy
r,r
ih,iy
bcl,bcl
ix,n
z,z
axr,axr
l,l
eh,r
ay,l
l,ax
ey,ey
pcl,tcl
tcl,tcl
sh,sh
g,g
k,k
sh,sh
g,k
pcl,pcl
ao,ao
ey,ey
ah,l
t,t
l,l
aa,aa
n,n
r,r
uh,ow
y,iy
aa,aa
l,l
s,s
q,q
r,r
l,ow
t,t
p,p
aw,aw
gcl,tcl
t,t
n,n
y,y
ix,ix
ux,ux
nx,l
tcl,tcl
l,w
r,r
ih,ax
th,dh
r,r
iy,iy
ao,ao
y,iy
w,w
r,axr
f,f
s,s
ax,ax
s,s
z,z
m,m
dcl,n
bcl,dcl
kcl,kcl
dcl,dcl
eh,ey
t,t
iy,iy
th,s
n,n
eh,eh
oy,oy
kcl,tcl
ah,uh
ng,ng
ix,ix
ix,ih
tcl,tcl
f,f
er,er
nx,q
axr,axr
kcl,kcl
l,l
ih,ih
ah,aa
aa,aa
ix,ix
s,s
eh,axr
dcl,dcl
n,n
ih,ih
ae,eh
iy,iy
g,g
l,l
ix,ix
iy,ix
tcl,tcl
g,g
pcl,kcl
p,p
ix,m
hv,hv
aa,aa
v,g
g,k
l,l
kcl,tcl
r,r
n,n
bcl,bcl
z,z
ae,ae
ay,ay
axr,axr
n,n
kcl,kcl
hh,p
ao,ao
hv,ih
m,n
s,s
w,w
ux,iy
nx,m
dx,dx
hv,q
axr,er
iy,iy
n,n
kcl,kcl
w,w
bcl,gcl
tcl,dcl
dcl,dcl
jh,ch
ay,ay
s,s
ix,ih
ux,ux
l,ow
s,s
ax,ax
w,w
f,f
ih,ix
ng,n
ix,iy
s,s
g,k
t,t
bcl,v
n,m
ao,ao
sh,sh
k,k
m,m
ih,ax
ih,ih
ao,ao
w,w
r,r
w,m
kcl,kcl
aa,aa
n,n
t,k
ux,r
ae,ae
t,t
eh,ih
k,k
z,s
uw,uw
aa,aa
tcl,tcl
eh,ih
r,y
t,t
z,v
ow,ow
ao,ao
iy,iy
ax,ax
iy,iy
p,p
y,y
w,w
ao,aa
pcl,pcl
dcl,tcl
kcl,kcl
sh,sh
sh,sh
z,tcl
dh,dh
v,dh
dh,q
s,s
ih,ix
gcl,kcl
k,k
p,k
ao,w
l,g
ix,ax
q,q
n,n
eh,eh
l,w
kcl,kcl
ae,ae
z,z
tcl,dcl
w,w
t,d
iy,iy
eh,eh
r,axr
gcl,gcl
el,el
z,s
ix,en
kcl,kcl
gcl,gcl
g,g
n,n
nx,ng
eh,eh
dcl,dcl
p,d
r,r
m,m
gcl,dcl
sh,sh
l,m
sh,sh
n,m
k,k
r,m
dcl,dcl
iy,iy
s,s
r,ah
s,s
t,t
th,s
tcl,kcl
s,s
ch,ch
bcl,bcl
aa,aa
k,k
r,r
v,v
ao,ao
ey,ey
dcl,tcl
th,dh
er,r
eh,eh
axr,axr
y,y
ay,ay
ao,w
axr,axr
ey,ey
d,g
l,w
eh,eh
pcl,n
sh,sh
m,m
l,l
kcl,kcl
sh,sh
k,kcl
axr,axr
r,r
ch,jh
ix,ix
m,m
aa,aa
kcl,kcl
q,q
jh,ch
s,s
iy,iy
l,w
ey,ey
f,f
axr,axr
n,n
ey,ey
aa,aa
ix,ux
s,s
ix,ih
ix,ix
iy,ux
ao,ao
pcl,tcl
dcl,tcl
ix,iy
s,s
s,s
m,m
er,r
iy,iy
ay,ay
m,m
kcl,kcl
tcl,tcl
l,l
nx,n
kcl,kcl
ao,q
t,t
d,k
ih,ux
l,n
ow,aa
s,s
jh,s
eh,eh
ey,ey
tcl,kcl
ey,ey
iy,iy
ih,ix
q,q
eh,ae
m,n
ix,ix
r,r
s,s
dh,tcl
n,ix
ax,ax
zh,jh
n,ix
iy,iy
kcl,kcl
q,q
ix,n
r,r
r,r
iy,iy
iy,iy
iy,ix
ih,ix
p,p
ih,axr
ay,aa
ah,ao
iy,iy
q,q
axr,axr
eh,r
hh,hh
ux,ux
tcl,tcl
iy,iy
kcl,kcl
z,jh
d,n
ae,ae
ah,l
er,axr
ow,ow
iy,iy
ae,ae
kcl,gcl
s,s
t,t
r,r
ih,ih
ih,ih
ay,ay
ax,ax
ih,ih
iy,iy
r,r
s,s
ao,ao
ng,n
aa,aa
f,f
ng,ng
v,v
dcl,dcl
aa,aa
eh,oy
r,r
s,s
ey,ey
dcl,dcl
n,n
kcl,kcl
tcl,kcl
s,s
hh,hv
d,jh
y,y
ey,ey
r,r
ix,ix
ix,ih
r,dx
axr,axr
s,s
ao,ao
ao,ao
ah,ax
s,s
m,m
ux,ux
n,n
k,kcl
l,l
iy,iy
ix,ix
l,q
s,s
axr,axr
dcl,n
kcl,kcl
tcl,tcl
ng,n
ae,ay
s,s
w,w
tcl,kcl
pcl,kcl
ix,l
m,m
pcl,pcl
g,k
kcl,kcl
d,t
b,tcl
ao,ao
axr,axr
th,f
eh,ae
iy,iy
dx,n
tcl,tcl
sh,sh
m,m
ix,ix
ae,ih
k,k
dh,dh
ux,ux
b,dx
s,s
iy,iy
n,ix
hh,kcl
kcl,kcl
l,el
s,s
kcl,kcl
aa,aa
ux,ix
ay,ay
r,r
ey,ey
en,m
v,v
ux,uw
iy,ix
dcl,tcl
z,z
tcl,tcl
ow,ow
iy,iy
n,n
t,t
em,m
ih,ih
jh,y
n,n
ux,ux
n,q
axr,axr
tcl,tcl
r,r
iy,iy
iy,iy
eh,ae
q,ix
eh,ae
q,q
ax,axr
ix,ix
aa,aa
aa,aa
s,s
uh,aa
jh,jh
axr,axr
q,q
ah,ow
ao,w
ix,ey
ux,ux
dx,dx
th,s
aa,aa
f,f
r,r
sh,sh
m,m
sh,sh
m,ng
dcl,gcl
tcl,tcl
oy,ao
k,k
n,n
ix,uw
uw,uw
m,n
l,l
eh,r
w,ao
aa,aa
ix,iy
g,kcl
f,f
ow,ow
ax,ax
n,n
ax,ax
iy,iy
iy,iy
t,t
v,w
pcl,pcl
s,s
z,s
s,s
r,r
n,n
ix,ix
n,n
ey,ey
sh,sh
tcl,kcl
d,d
kcl,kcl
z,s
z,s
s,s
z,z
dcl,dcl
t,t
axr,axr
r,w
n,n
ey,ey
l,el
tcl,tcl
ih,ih
m,n
q,q
dx,y
gcl,n
n,bcl
aa,aa
w,w
w,w
ow,ow
ax,ax
iy,iy
w,w
tcl,kcl
er,axr
dx,dx
n,n
s,s
iy,y
ih,ey
s,k
p,p
ix,ix
gcl,gcl
dcl,gcl
s,s
n,m
ae,ae
l,w
n,n
ix,ix
sh,sh
n,n
n,n
n,n
m,n
aa,ae
ay,ay
r,aa
ao,w
z,s
ih,ih
kcl,kcl
n,n
ae,ae
ae,ae
kcl,kcl
m,m
q,q
k,k
z,z
bcl,dcl
ix,ix
aa,aa
r,axr
ay,ae
eh,eh
tcl,tcl
eh,aa
ao,ao
w,w
pcl,pcl
dh,p
dh,dh
z,z
ch,t
m,l
ix,ix
ae,ae
s,s
ix,ix
s,s
dx,dx
ix,ix
r,r
k,k
w,w
w,l
w,w
em,ng
k,k
ax,n
k,k
s,s
f,f
ix,ix
eh,ix
bcl,pcl
axr,axr
d,y
ax,q
m,m
ih,iy
ax,r
ih,iy
q,q
ao,ay
ux,ux
iy,iy
gcl,gcl
iy,iy
tcl,tcl
v,tcl
k,k
y,iy
q,kcl
ow,q
n,n
iy,iy
n,n
y,iy
k,k
dcl,kcl
z,s
aa,aa
ah,ah
m,m
eh,eh
ix,ix
dcl,tcl
iy,iy
ih,ix
z,sh
gcl,m
ix,ih
ih,ih
ax,w
pcl,tcl
hh,p
dh,p
aa,aa
ao,aa
tcl,n
ay,aa
tcl,tcl
dcl,tcl
n,n
en,m
ao,ao
dx,q
er,axr
tcl,tcl
s,s
dcl,dcl
n,n
r,r
pcl,tcl
g,g
s,s
ih,ix
dh,d
r,r
iy,iy
n,n
ux,uw
n,n
iy,iy
eh,ix
ao,ao
sh,sh
z,z
dcl,tcl
r,r
bcl,tcl
aw,ow
z,s
m,m
er,oy
iy,iy
f,f
kcl,kcl
s,s
w,w
f,f
q,q
ao,ao
ch,ch
ih,eh
q,q
ix,ih
r,r
ao,ao
ay,ay
l,l
r,r
gcl,gcl
n,m
l,w
kcl,kcl
axr,axr
bcl,tcl
f,f
l,ix
ae,ae
aa,aa
l,l
s,s
d,d
hh,k
s,s
iy,iy
r,r
eh,ey
tcl,tcl
tcl,tcl
ih,ih
ng,m
ay,ay
pcl,pcl
iy,iy
dx,dx
hh,p
sh,sh
m,m
w,w
n,n
dcl,m
z,s
aa,aa
ix,ix
ae,ae
l,l
iy,iy
ax,r
ey,ey
axr,axr
ay,ay
l,l
ao,ao
ih,ix
ax,ix
uh,ix
kcl,kcl
ao,aa
q,q
tcl,kcl
n,m
l,m
t,k
eh,ae
y,ih
jh,jh
kcl,kcl
s,s
ux,ux
th,f
iy,iy
k,k
n,n
s,s
iy,iy
r,r
ao,ao
er,axr
q,q
s,s
ax,l
kcl,kcl
m,n
ix,axr
bcl,pcl
dcl,dcl
tcl,tcl
l,l
el,el
ix,ix
ah,ax
t,d
ch,ch
ix,ix
kcl,kcl
n,n
s,s
en,n
k,k
tcl,kcl
l,l
f,f
n,n
l,l
ix,ix
q,q
z,z
ih,r
l,l
r,axr
dh,v
kcl,kcl
k,k
oy,ow
ae,ae
oy,oy
n,n
jh,jh
l,l
ae,ae
ng,ng
l,l
er,axr
ao,w
v,v
ah,aa
ey,ey
q,ix
axr,axr
ax,ax
k,p
ao,w
dx,g
tcl,tcl
tcl,gcl
f,f
f,f
uh,ix
eh,ih
eh,eh
ix,ng
tcl,tcl
ay,ay
n,n
aa,ao
q,q
w,w
n,n
eh,ix
q,m
p,p
d,kcl
ae,ae
s,s
f,f
p,p
m,m
eh,ae
dx,dx
ao,ao
ah,ao
kcl,tcl
l,w
r,r
m,m
l,l
n,ng
t,d
er,er
n,n
n,n
gcl,gcl
n,n
t,t
axr,axr
dx,ax
tcl,kcl
l,ax
r,r
ih,ih
pcl,pcl
ax,ix
k,k
w,w
q,q
m,m
s,s
tcl,tcl
dx,gcl
w,w
kcl,kcl
w,w
eh,ih
aw,ao
ix,ih
ux,y
iy,iy
ix,ih
n,n
n,n
w,w
r,r
ae,ae
iy,iy
ix,ix
jh,jh
kcl,kcl
dx,n
eh,ey
nx,n
m,m
ix,ix
dcl,tcl
ih,ix
r,r
bcl,bcl
er,axr
ix,ix
s,s
uw,w
tcl,tcl
ay,ay
aw,ow
bcl,bcl
n,n
f,f
ax,ax
el,el
axr,uw
b,tcl
s,s
t,t
n,m
kcl,kcl
n,m
y,y
r,er
r,r
sh,sh
t,t
sh,sh
r,axr
dcl,dcl
n,m
w,m
kcl,kcl
ey,ey
l,w
ix,iy
pcl,pcl
dh,dh
r,r
ey,ey
ax,aa
n,n
pcl,pcl
n,n
ow,q
eh,eh
dh,p
l,ax
tcl,tcl
g,g
dcl,dcl
aa,axr
ax,ix
iy,iy
ax,q
t,k
l,m
m,n
ih,ih
tcl,tcl
ux,ix
pcl,tcl
ao,ah
ae,ae
ix,r
ix,ix
el,w
kcl,kcl
q,q
k,k
b,p
z,s
m,n
ae,ae
s,s
t,t
er,r
axr,ux
m,n
oy,oy
ih,iy
r,ix
oy,oy
bcl,dcl
iy,iy
ih,ih
ey,ey
f,f
tcl,kcl
r,r
r,r
dx,dx
oy,oy
gcl,n
n,n
bcl,bcl
iy,iy
tcl,kcl
ae,ae
k,k
k,k
ix,ix
ix,ix
iy,ix
ao,ao
dh,dcl
ix,ix
aa,aa
kcl,kcl
tcl,tcl
r,r
y,iy
kcl,kcl
m,n
n,n
axr,er
r,r
ey,ey
axr,uh
eh,eh
iy,iy
r,r
oy,oy
s,s
ey,ey
aa,ao
er,r
aa,aa
bcl,pcl
g,k
aa,aa
jh,jh
ae,ae
axr,axr
k,k
ix,ix
eh,iy
s,s
k,k
v,p
ah,ih
y,y
r,er
dx,tcl
y,y
iy,iy
ch,jh
r,r
n,l
eh,eh
tcl,tcl
ux,iy
f,th
iy,iy
kcl,kcl
ix,ix
q,q
uw,uw
ix,ih
ow,ow
ax,eh
iy,ih
ng,ng
s,s
ix,ix
ih,y
w,w
f,f
dcl,dcl
aw,aw
s,s
aa,aa
r,r
n,n
ch,ch
ax,ax
n,q
iy,iy
aa,ao
k,kcl
dx,d
gcl,gcl
w,w
p,p
dh,dh
n,ng
q,q
ow,ow
bcl,bcl
n,n
dh,n
ix,ix
g,g
ow,axr
jh,t
er,axr
ey,ey
dcl,dcl
d,jh
dh,tcl
l,l
r,q
kcl,kcl
ae,ay
gcl,gcl
gcl,kcl
r,r
ae,ae
iy,iy
w,w
ey,ey
ng,ng
iy,iy
r,w
aa,aa
ey,r
el,w
dcl,tcl
dx,q
eh,eh
iy,iy
tcl,kcl
v,ux
iy,iy
ux,ix
ix,axr
axr,axr
n,ax
aa,ao
s,s
ow,ow
ux,iy
ix,iy
s,s
ix,ix
m,m
s,s
ax,ix
l,ix
v,v
p,hh
l,l
ix,ix
r,axr
aa,aa
ih,ix
w,w
y,y
r,r
s,th
r,r
tcl,tcl
q,q
aa,aa
g,k
ey,ay
w,w
q,q
s,s
r,w
aw,ae
er,er
ix,ix
f,p
kcl,kcl
n,n
v,v
ay,ay
oy,ao
bcl,bcl
sh,sh
eh,ih
kcl,kcl
dx,dx
eh,eh
m,m
ih,iy
dcl,dcl
r,r
z,s
n,n
iy,iy
eh,eh
dcl,dcl
r,r
t,t
nx,nx
ax,ax
ix,n
uw,uw
f,hh
ah,ae
hv,hv
er,ux
dx,dx
q,q
ae,eh
pcl,pcl
dh,n
l,w
p,p
w,w
el,w
kcl,kcl
ix,ix
ay,ay
er,axr
aa,aa
iy,iy
iy,iy
n,n
s,sh
zh,s
aa,aa
n,m
kcl,kcl
ae,ah
tcl,tcl
kcl,kcl
n,n
m,n
eh,eh
iy,ix
ax,ax
r,r
r,er
l,l
er,er
axr,axr
n,m
s,s
ng,ng
tcl,tcl
er,er
dh,dh
aa,aa
r,r
t,t
kcl,kcl
th,th
f,f
axr,r
ix,ix
m,m
ey,ey
ix,iy
ah,eh
w,w
tcl,kcl
n,m
s,s
jh,sh
eh,eh
ih,ih
s,s
ax,ah
dh,q
q,q
tcl,tcl
ey,ey
axr,axr
kcl,kcl
ih,ih
pcl,tcl
iy,iy
s,s
z,z
l,q
ix,ix
z,s
eh,ih
f,f
ow,ow
ih,ih
aa,aa
tcl,tcl
er,er
uh,ux
ow,ow
gcl,gcl
dx,q
w,w
uh,ow
kcl,kcl
ae,eh
z,z
m,m
iy,iy
pcl,pcl
ae,ae
s,s
z,z
g,k
t,t
sh,sh
ae,eh
tcl,n
r,r
oy,oy
tcl,kcl
ix,ix
iy,iy
s,s
ih,eh
ux,iy
tcl,q
ih,ix
s,s
w,w
kcl,kcl
r,axr
z,s
y,y
t,t
ix,ix
axr,ux
kcl,kcl
en,ng
n,n
ae,ae
z,s
l,l
iy,iy
q,q
ax-h,kcl
eh,r
ih,ih
ey,iy
s,s
ux,ux
n,ix
n,n
dh,l
axr,axr
ch,ch
k,k
t,t
n,n
aa,aa
tcl,q
ae,ux
tcl,kcl
p,p
m,m
r,r
ux,ix
iy,iy
iy,iy
tcl,q
ux,ux
ey,ey
ih,ih
m,m
ow,ow
r,r
r,axr
l,l
f,f
ix,ix
ao,ao
r,r
ih,ih
n,n
ng,n
ih,iy
sh,sh
dcl,tcl
el,l
l,l
k,k
s,s
v,v
ah,ah
bcl,bcl
ix,eh
axr,axr
iy,iy
dh,dh
uh,ah
l,l
ix,ix
z,z
sh,sh
iy,iy
g,g
iy,ay
f,f
d,d
ow,ao
aa,aa
ix,ix
v,z
iy,r
ix,ix
el,ow
t,t
tcl,n
d,d
axr,ix
m,m
s,z
n,m
ih,ih
ao,ao
ih,ix
pcl,tcl
ih,ih
ae,ah
l,l
ch,ch
k,k
ix,ix
w,w
th,s
dh,dh
ix,q
dcl,tcl
k,g
ix,n
pcl,pcl
sh,sh
r,axr
n,n
kcl,kcl
ah,ae
hv,hv
el,l
iy,iy
th,s
eh,eh
kcl,pcl
l,dh
th,k
iy,iy
l,l
f,f
pcl,pcl
k,g
uh,ah
l,l
tcl,kcl
ix,ix
iy,iy
g,g
hv,hv
ow,ax
aa,aa
axr,er
s,s
l,l
r,r
tcl,tcl
y,iy
iy,iy
bcl,pcl
ao,ao
iy,iy
g,g
pcl,pcl
ah,ax
ix,eh
ax,ix
s,s
l,v
ow,ow
ch,ch
kcl,kcl
sh,sh
ax,ax
k,k
ey,iy
q,q
iy,iy
t,t
ng,n
pcl,pcl
t,t
l,l
p,p
m,m
iy,y
r,r
s,s
r,axr
axr,ix
f,th
ax,ah
pcl,tcl
en,n
ih,ih
m,m
d,v
s,sh
n,n
s,s
s,s
tcl,bcl
ix,ix
axr,axr
dcl,dcl
dcl,dcl
g,k
jh,sh
axr,axr
ae,q
k,k
n,dx
tcl,kcl
ey,ey
kcl,kcl
q,q
m,m
y,iy
l,ax
dx,dcl
n,n
n,l
q,q
q,q
iy,iy
m,n
k,t
k,k
el,l
iy,ix
ay,ay
sh,sh
s,sh
q,q
en,n
bcl,dcl
iy,iy
z,s
q,tcl
n,n
m,m
k,k
ux,axr
v,v
er,er
ux,ux
bcl,bcl
ix,ix
ao,ao
r,r
q,q
n,ng
aa,aa
s,s
axr,axr
pcl,kcl
iy,iy
m,m
f,t
r,r
ix,ix
ow,ow
l,ow
v,v
ax,ax
ax,ax
ix,ix
ng,n
bcl,n
s,s
iy,iy
f,f
ao,aa
ih,ix
ah,ax
dh,dh
tcl,tcl
ix,iy
s,s
dcl,dcl
iy,iy
ax,ax
iy,iy
hv,hv
ay,ah
er,axr
t,d
sh,sh
tcl,kcl
aw,aw
ae,ae
ih,ih
l,ow
iy,y
dcl,dcl
n,n
r,r
k,k
ax,ax
dh,nx
q,w
ao,ao
n,dcl
ae,ay
gcl,gcl
m,m
axr,axr
ae,ae
r,r
sh,sh
p,p
ix,ax
dx,dx
dcl,bcl
ax,ih
w,w
ih,ih
gcl,tcl
dcl,gcl
gcl,gcl
axr,iy
dh,dh
t,t
ao,ao
s,sh
tcl,tcl
er,er
axr,er
hh,p
s,s
jh,jh
uh,ix
g,k
l,ow
p,p
zh,zh
aa,r
z,z
dcl,n
k,k
k,k
s,sh
nx,nx
n,m
tcl,tcl
sh,sh
s,sh
k,k
kcl,kcl
ah,eh
eh,ix
r,ix
s,s
n,n
eh,ih
l,l
eh,ih
ax,ix
r,axr
w,w
q,q
ey,ey
r,r
axr,r
eh,eh
eh,ae
ay,ay
q,q
kcl,kcl
nx,n
el,w
ah,ay
w,w
m,m
tcl,tcl
iy,iy
pcl,kcl
kcl,pcl
axr,axr
m,m
kcl,tcl
r,ux
tcl,kcl
r,er
t,t
s,sh
iy,y
ng,n
ix,ix
iy,iy
iy,iy
z,z
k,k
s,s
r,r
kcl,kcl
s,s
p,p
dcl,dcl
m,m
k,k
s,s
z,s
ao,ao
hv,hv
aa,ao
pcl,tcl
bcl,m
ax,ax
axr,axr
m,m
ao,oy
z,s
hv,hv
q,q
eh,ey
er,ow
ey,iy
l,l
k,k
ae,eh
ix,ix
w,w
ay,ay
pcl,tcl
ao,ao
er,axr
th,th
n,n
ih,ih
aa,aa
ah,ah
pcl,pcl
l,l
bcl,bcl
f,f
z,z
bcl,bcl
r,r
f,p
ih,ix
iy,iy
s,s
m,bcl
r,r
zh,jh
v,n
r,axr
dcl,dcl
y,y
oy,oy
dx,dx
tcl,n
aa,aa
ix,ix
ah,ah
aa,ao
bcl,bcl
dcl,dcl
d,jh
t,t
er,axr
ix,ix
iy,iy
l,ax
w,w
n,bcl
em,m
pcl,kcl
tcl,tcl
dh,dh
iy,iy
v,hv
aa,ao
l,l
b,p
axr,er
n,n
l,q
m,m
aa,ao
tcl,kcl
dh,d
ix,ix
dcl,dcl
d,t
ix,ix
t,t
z,z
g,k
p,p
iy,iy
ao,ah
d,d
s,s
s,s
ay,ay
ix,ix
s,s
s,s
ae,eh
ao,aa
ey,ey
r,r
l,w
bcl,bcl
s,s
n,n
pcl,tcl
el,w
ih,ix
ih,eh
n,m
bcl,bcl
kcl,kcl
s,sh
b,p
t,t
gcl,kcl
w,w
ae,ae
ah,ah
hv,hv
iy,iy
kcl,kcl
k,kcl
ux,ux
t,t
kcl,kcl
ay,ay
r,r
axr,r
jh,t
k,k
ix,ix
ch,ch
ux,ux
k,tcl
tcl,dx
l,l
s,s
ow,ow
pcl,kcl
gcl,gcl
w,w
ae,ae
z,s
q,q
r,r
ix,n
ow,ao
w,w
g,dx
ey,ey
v,v
iy,iy
z,z
ih,iy
l,l
ow,ow
ax,ax
er,er
tcl,kcl
n,n
m,m
ah,r
s,s
ey,ey
t,t
ch,ch
s,s
d,dx
ae,ay
kcl,kcl
eh,eh
r,axr
ah,ax
l,w
sh,sh
jh,d
aw,ah
eh,ih
bcl,bcl
ae,ae
z,z
pcl,pcl
eh,ix
kcl,kcl
ng,ng
ax,m
n,m
ix,iy
th,k
eh,eh
t,t
iy,iy
m,n
ey,ey
q,q
pcl,pcl
ao,axr
y,g
s,s
ix,ix
w,q
s,s
s,s
s,s
ay,ay
ey,iy
tcl,tcl
kcl,tcl
m,m
v,dx
ix,ix
ao,ao
gcl,gcl
n,n
kcl,kcl
t,t
ih,axr
ow,q
ax,ax
kcl,kcl
ae,ae
k,k
ay,ay
t,t
hv,hv
ey,ey
t,t
pcl,pcl
sh,jh
iy,iy
r,r
ix,ix
ix,ix
r,r
axr,er
ix,iy
er,er
ae,ae
ax,ax
pcl,tcl
w,w
dcl,bcl
ih,ax
ah,aa
k,p
ao,ao
ih,ah
dcl,dcl
w,w
s,s
k,k
kcl,kcl
dx,p
s,s
q,q
pcl,pcl
k,k
el,el
s,s
n,n
iy,iy
ao,w
axr,er
ey,ey
ey,ey
ax,ax
iy,iy
p,hv
r,r
uw,uw
kcl,kcl
iy,iy
ax,ax
l,l
tcl,dcl
jh,jh
tcl,tcl
hv,hv
eh,eh
l,ay
ix,ix
dcl,dcl
ah,oy
w,w
q,q
oy,oy
k,kcl
l,ax
iy,iy
ux,ux
q,q
hh,hh
l,w
iy,iy
p,p
dx,dx
t,ch
k,k
t,t
ay,ae
gcl,gcl
ow,ow
y,y
q,q
kcl,kcl
ix,ix
t,t
axr,ix
iy,iy
kcl,kcl
k,q
ux,ux
iy,iy
ih,ih
t,t
t,t
sh,sh
dh,v
dh,v
ao,ao
bcl,bcl
eh,eh
q,q
axr,axr
bcl,bcl
ae,ae
sh,sh
ae,ae
iy,iy
v,v
t,t
ih,ih
ah,l
m,m
dcl,kcl
t,d
l,l
eh,eh
iy,iy
sh,sh
dx,dx
k,k
s,s
m,m
ay,ay
ix,iy
ux,axr
kcl,kcl
s,s
er,er
iy,iy
m,m
iy,iy
l,l
s,s
ah,ax
s,s
m,m
bcl,bcl
dh,dh
ih,ih
ih,ix
l,l
s,s
q,q
axr,r
ae,eh
eh,ah
ax,ax
s,s
ih,axr
l,l
l,l
ao,ao
s,s
l,n
v,v
kcl,kcl
w,l
f,f
ae,ae
l,l
er,axr
er,axr
g,jh
ey,iy
m,m
eh,eh
ow,ow
iy,iy
ae,ae
s,t
w,w
r,r
r,r
ax,el
pcl,kcl
f,f
gcl,tcl
t,t
th,t
ix,ix
r,r
s,t
gcl,tcl
q,q
bcl,bcl
el,el
n,n
sh,s
t,k
n,n
s,s
r,r
pcl,pcl
iy,ix
ey,ey
f,f
s,s
ix,ix
y,y
eh,ey
axr,ix
r,axr
ux,ux
s,s
ey,ey
m,m
gcl,gcl
t,t
kcl,kcl
oy,oy
l,ax
l,l
aa,ao
dcl,dcl
s,s
l,l
ao,ao
w,w
ae,ay
uh,l
ux,ux
n,n
kcl,kcl
r,r
ae,ae
s,s
l,l
t,t
t,t
ae,ae
t,t
m,m
l,l
y,y
ey,ey
en,n
n,n
s,s
ey,ey
n,n
r,r
ah,uh
l,l
ax,n
g,k
q,q
t,t
dx,dx
t,t
q,q
ix,iy
iy,iy
kcl,kcl
l,l
iy,iy
r,r
ax,ix
eh,eh
ow,ow
r,r
d,d
t,t
sh,sh
s,s
g,g
eh,ah
w,w
iy,iy
ay,ay
n,ix
r,r
ux,axr
ix,ih
n,n
v,v
hh,hv
ax-h,hv
t,d
ix,iy
w,w
uw,axr
ao,aa
pcl,pcl
l,w
ix,ix
ey,ix
w,q
s,s
pcl,kcl
z,z
n,m
w,w
iy,iy
r,aa
p,p
f,p
s,s
eh,ah
l,ax
kcl,tcl
gcl,tcl
q,q
dcl,dcl
f,f
axr,r
ax-h,t
p,p
z,s
eh,r
uw,ux
d,tcl
n,n
f,f
ey,ih
ey,iy
iy,iy
ix,ng
ao,ao
v,dh
tcl,tcl
ao,ow
kcl,kcl
ih,ih
ix,ix
tcl,kcl
n,n
kcl,kcl
q,q
kcl,tcl
ih,ih
n,n
r,r
tcl,q
l,l
ix,eh
ih,ih
ax,ax
ix,ey
ax,axr
tcl,kcl
tcl,tcl
ax,ix
ax,r
ah,ah
aw,aw
q,q
axr,axr
ix,en
ae,ay
s,s
q,axr
iy,iy
ae,ae
kcl,kcl
iy,iy
q,q
dcl,dx
ay,ay
hh,t
hh,k
kcl,kcl
ay,ay
hh,p
n,n
ix,y
el,ax
iy,iy
ah,ah
ix,ix
jh,jh
eh,eh
z,z
r,r
kcl,pcl
dh,s
ax,ax
kcl,kcl
s,ch
k,k
en,n
en,n
l,ax
eh,eh
axr,axr
kcl,kcl
v,v
ey,ix
l,l
s,sh
ix,ix
ih,eh
ay,ay
ae,ae
dcl,dcl
l,l
er,r
sh,sh
pcl,kcl
tcl,tcl
iy,iy
ah,aa
ey,ey
tcl,tcl
uh,ax
ih,ih
l,ax
w,w
ng,ng
ao,ao
ax-h,ix
w,w
s,sh
l,l
tcl,kcl
n,n
m,m
k,k
kcl,kcl
oy,iy
uh,ah
ao,ao
n,n
sh,sh
sh,sh
ix,axr
ng,ng
z,z
y,y
n,n
ix,ax
sh,sh
aa,aa
ix,ix
ae,ae
oy,oy
iy,iy
eh,eh
l,n
b,p
ow,ao
t,d
pcl,pcl
r,r
bcl,n
ay,ay
tcl,pcl
er,er
m,n
zh,sh
ih,ng
n,n
eh,ih
v,v
ix,ix
n,m
s,s
tcl,tcl
jh,jh
ng,n
n,m
k,k
eh,eh
k,k
p,p
l,l
d,t
tcl,pcl
s,s
ix,iy
ng,ng
w,w
ih,ix
l,q
tcl,tcl
ah,ah
aa,ao
eh,eh
ax,ah
axr,axr
n,m
tcl,tcl
ih,eh
z,s
v,ix
l,l
m,m
oy,oy
er,er
n,ng
tcl,kcl
b,w
ae,ae
hv,p
dh,dh
n,n
ow,ow
dcl,tcl
kcl,kcl
k,t
ix,iy
z,z
kcl,kcl
b,p
ey,ey
z,z
ah,aa
l,l
s,sh
f,f
ih,ih
aa,aa
tcl,tcl
tcl,kcl
iy,iy
ey,ey
pcl,pcl
ae,ae
kcl,kcl
s,s
hv,hv
f,f
k,k
v,ax
ao,aa
iy,y
dcl,dcl
ae,eh
ax,ax
l,l
t,t
sh,sh
iy,iy
ax,ax
dcl,tcl
r,r
r,r
ay,ay
ao,ao
uh,ih
aa,aa
tcl,kcl
l,l
hv,hv
n,n
m,m
n,ng
ay,ay
ow,ow
s,s
tcl,tcl
s,s
s,s
s,s
el,uw
ao,ao
n,ux
m,m
gcl,dcl
axr,axr
ax,ax
w,w
w,w
ao,ao
ax,ax
kcl,tcl
n,dcl
ih,ih
iy,ix
ay,ay
n,n
uh,ux
ao,ao
ao,w
p,kcl
ix,iy
ay,aa
kcl,kcl
t,t
tcl,tcl
ix,ix
z,z
ix,r
s,sh
kcl,kcl
ax,l
tcl,kcl
s,s
ow,eh
l,l
ay,ay
hv,hv
ix,iy
ae,ae
bcl,bcl
r,r
p,p
ix,axr
l,l
aa,aa
ix,ix
iy,iy
ah,ah
sh,sh
z,z
n,m
axr,axr
s,s
f,f
z,z
ih,axr
hv,hv
dh,dh
uh,el
k,k
y,y
bcl,bcl
eh,iy
s,s
gcl,dcl
ix,ix
t,t
s,s
f,dh
l,el
eh,axr
ah,ix
l,g
axr,axr
el,el
aa,aa
z,z
ng,n
f,f
kcl,kcl
y,y
l,ao
z,z
pcl,kcl
k,k
kcl,kcl
dcl,tcl
iy,iy
ih,ih
dcl,gcl
v,v
ch,ch
s,sh
q,q
ae,ey
kcl,kcl
ey,ix
n,m
axr,axr
ch,ch
ux,ux
q,q
er,er
n,n
n,ng
s,s
ux,ux
pcl,tcl
q,q
r,r
z,jh
bcl,m
z,z
kcl,kcl
z,s
kcl,kcl
n,n
jh,ch
s,s
ah,eh
kcl,kcl
jh,jh
dcl,dcl
p,p
s,s
l,ao
r,r
m,n
n,n
tcl,tcl
er,axr
eh,eh
l,ax
l,r
el,ow
ow,aa
z,s
aa,aa
hh,tcl
ih,ih
uw,w
sh,tcl
ih,ih
l,l
ch,ch
n,n
ae,ae
ih,ih
f,t
n,n
ae,ae
ax,ow
aa,aa
s,z
q,hh
s,s
k,k
aa,aa
y,ix
eh,axr
q,q
er,axr
k,kcl
axr,axr
uh,uh
ix,ae
s,s
ch,ch
aa,ao
tcl,tcl
dcl,dcl
er,r
s,s
sh,sh
k,k
aa,aa
d,y
tcl,kcl
gcl,gcl
tcl,kcl
z,z
q,q
kcl,kcl
bcl,m
n,n
t,t
l,l
tcl,tcl
iy,ey
w,w
y,y
ay,ay
l,el
ao,ao
ix,ix
ux,ix
dcl,tcl
s,s
bcl,bcl
s,s
s,s
ae,eh
p,p
l,ow
l,q
k,k
r,m
s,s
eh,ae
ao,ao
ng,gcl
k,k
ix,ux
iy,ih
dcl,dcl
bcl,v
ao,ao
r,r
z,s
ix,ix
axr,axr
dcl,dx
m,n
z,z
d,jh
ay,aa
n,n
q,q
axr,r
ey,ey
t,t
kcl,kcl
eh,ae
el,el
ix,iy
ao,ao
n,ng
ae,eh
eh,eh
l,ax
tcl,pcl
kcl,kcl
ix,axr
r,r
ow,ow
l,l
aa,ay
d,d
f,f
kcl,kcl
er,er
iy,iy
ix,eh
dcl,tcl
z,z
z,z
ih,ih
tcl,tcl
s,s
ix,r
k,k
ix,ix
l,q
t,t
k,k
ow,ow
ah,ah
ah,q
p,p
ao,aa
hh,p
kcl,kcl
ae,ae
aa,aa
dcl,dcl
l,l
iy,ix
ih,ih
gcl,gcl
sh,sh
tcl,tcl
l,w
axr,g
iy,iy
iy,iy
s,s
axr,ix
ix,ix
t,f
axr,axr
ix,ix
z,s
v,v
t,k
kcl,kcl
tcl,tcl
p,p
axr,q
iy,ix
z,z
ey,iy
tcl,tcl
ae,ae
k,k
ay,aa
kcl,pcl
ix,ix
ay,ay
tcl,kcl
gcl,kcl
n,n
l,l
t,t
g,k
iy,iy
aa,ay
dh,dh
oy,oy
z,z
eh,ow
m,m
ax,ax
ix,ix
kcl,kcl
g,g
gcl,gcl
iy,iy
s,s
r,r
kcl,kcl
dx,dx
w,w
tcl,tcl
z,z
z,z
n,l
l,ng
aw,aw
er,axr
d,t
axr,axr
kcl,kcl
axr,axr
ux,ix
s,s
k,k
gcl,gcl
dh,dh
ax,ax
f,f
b,p
el,ow
ix,ax
iy,iy
ay,ay
dh,dh
ey,ey
ay,ay
w,w
r,ax
gcl,dcl
t,t
ah,eh
ix,ax
kcl,pcl
th,p
aa,aa
w,w
w,w
oy,oy
s,s
ey,ey
dcl,dcl
ao,ao
dh,dh
bcl,pcl
s,s
s,s
dcl,gcl
b,p
ix,ix
jh,sh
m,ng
ih,ux
l,l
dx,q
kcl,kcl
ih,ih
t,t
ae,n
ux,uw
ah,ao
ey,iy
n,m
n,n
ng,ng
iy,iy
n,n
iy,iy
dcl,n
ix,ix
axr,r
nx,n
uh,ih
er,er
ax,ah
tcl,tcl
n,n
aa,aa
dcl,tcl
axr,axr
aa,ao
n,n
nx,n
n,n
ae,ae
r,r
el,el
ae,ae
ix,ix
s,s
ey,iy
ay,ay
l,l
ix,ih
pcl,tcl
ae,ay
ah,ah
tcl,tcl
ih,ih
ix,ix
kcl,kcl
iy,iy
k,k
tcl,tcl
dcl,tcl
z,z
ax,ax
ix,iy
ax,ax
k,k
q,q
dcl,pcl
p,p
tcl,tcl
m,n
aa,aa
r,axr
ow,ow
s,sh
s,s
kcl,kcl
k,k
tcl,tcl
uw,w
iy,iy
dcl,kcl
bcl,bcl
dcl,tcl
q,w
nx,n
m,m
dcl,dcl
tcl,tcl
dh,dh
iy,iy
eh,ix
k,k
kcl,kcl
bcl,bcl
aw,aw
th,p
eh,ae
m,m
f,f
kcl,tcl
ix,ix
ae,ae
n,ix
iy,iy
n,n
ao,ao
sh,sh
en,n
n,n
s,sh
dh,ix
w,w
el,ao
l,w
kcl,tcl
ey,ey
kcl,kcl
ay,ix
s,s
k,k
tcl,kcl
z,s
axr,axr
t,k
l,l
m,m
p,p
ax,ah
ix,ix
k,k
m,m
dcl,tcl
s,s
ae,ae
dh,tcl
r,r
axr,axr
r,r
ey,ae
ae,eh
oy,oy
t,t
ah,aa
ax,g
ch,ch
eh,eh
hh,hh
ix,ih
ow,ow
v,f
pcl,pcl
s,s
w,w
kcl,kcl
ao,r
ih,eh
dcl,dcl
ow,ow
q,q
s,s
bcl,dcl
bcl,gcl
t,t
y,iy
ow,ow
axr,r
iy,iy
kcl,kcl
f,f
uw,el
ih,ih
ao,ao
tcl,kcl
kcl,kcl
sh,sh
tcl,tcl
aa,ao
dh,n
bcl,bcl
ax,ix
l,w
m,n
ae,eh
r,axr
r,ay
r,r
kcl,tcl
ax,ax
hh,p
ix,ix
ih,ix
iy,ih
z,z
hv,hv
ey,ey
ix,ix
p,p
z,z
v,v
r,r
iy,iy
t,p
y,y
k,k
axr,axr
eh,ix
iy,iy
l,ax
ih,iy
dh,q
tcl,q
kcl,kcl
hh,p
r,r
n,n
iy,iy
ey,ey
r,w
kcl,kcl
ux,ux
ih,ih
r,r
eh,eh
er,er
s,s
n,n
k,k
em,m
n,n
n,dcl
t,jh
eh,ae
y,y
gcl,tcl
l,l
ao,ax
kcl,kcl
ix,ix
ae,ae
m,m
eh,eh
ey,ey
s,s
dcl,k
gcl,dcl
g,g
s,s
pcl,kcl
ix,iy
ix,n
gcl,kcl
ow,ow
k,k
dcl,dcl
k,k
q,q
k,k
iy,iy
r,r
t,jh
bcl,bcl
kcl,kcl
ah,ah
ay,aa
n,n
pcl,kcl
ae,ae
v,v
ix,ux
z,z
n,ng
k,kcl
dx,r
ah,ah
s,s
d,g
iy,iy
iy,ix
ih,ow
oy,oy
er,er
ah,ao
bcl,pcl
n,ix
t,t
kcl,kcl
zh,sh
ih,ih
n,n
l,l
s,s
r,r
l,l
dx,dx
r,r
aa,aa
iy,iy
r,er
ay,ay
kcl,kcl
dcl,dcl
m,m
dx,dx
eh,ix
s,s
f,f
dh,dx
kcl,tcl
ae,ix
k,k
kcl,kcl
t,t
p,p
q,k
d,d
sh,sh
pcl,pcl
dh,n
w,w
ix,ax
f,f
l,l
s,sh
ax,uh
tcl,tcl
n,n
tcl,tcl
ih,ih
iy,iy
n,n
dh,p
s,s
ao,ow
hh,k
tcl,p
tcl,pcl
k,k
tcl,tcl
tcl,kcl
er,axr
jh,ch
gcl,gcl
w,ix
axr,axr
dcl,dcl
z,z
r,r
r,er
iy,iy
r,r
ao,w
g,g
ix,ix
s,sh
pcl,pcl
oy,oy
gcl,gcl
n,n
l,axr
p,p
v,f
w,w
dh,dh
k,k
axr,axr
tcl,tcl
l,l
jh,sh
z,z
hh,hh
q,l
n,n
f,f
ay,aa
iy,iy
n,tcl
l,l
aa,ay
l,l
p,p
g,k
q,q
uh,ao
ix,ix
tcl,kcl
z,s
pcl,tcl
n,n
q,q
dx,kcl
ao,ay
s,s
kcl,kcl
tcl,tcl
gcl,gcl
q,q
tcl,kcl
ax,ax
ao,ao
t,ch
aa,aa
bcl,dcl
ao,ao
w,w
tcl,kcl
gcl,kcl
s,s
pcl,pcl
s,s
g,k
gcl,gcl
iy,iy
el,ow
s,s
uh,ih
ao,ay
s,s
pcl,pcl
z,s
y,y
iy,iy
r,r
ae,ey
ah,ay
ix,ix
ux,ax
s,s
w,w
r,ay
p,p
iy,iy
iy,iy
th,th
ih,ih
iy,iy
n,n
ae,ah
y,y
pcl,pcl
eh,eh
iy,iy
ch,ch
ao,ao
th,z
aa,aa
aw,ae
w,m
r,r
n,n
eh,eh
iy,iy
n,n
sh,sh
s,s
pcl,kcl
b,p
l,l
pcl,tcl
r,r
iy,y
dcl,dcl
dcl,dcl
l,n
iy,iy
eh,eh
ix,ix
z,z
ch,ch
r,r
jh,jh
iy,ix
g,g
ay,ay
f,f
uh,ow
jh,ch
axr,axr
ae,eh
r,r
g,g
g,g
kcl,kcl
ih,ih
ah,ah
p,p
ae,ae
m,m
l,w
l,l
n,gcl
ah,aa
t,p
eh,eh
l,w
aa,aa
ow,ah
hv,hv
l,l
ix,iy
iy,iy
r,r
g,k
n,ng
q,ax
ix,ix
pcl,pcl
ao,w
s,s
n,n
w,ax
zh,sh
ay,ay
ey,ix
ae,ae
r,r
tcl,m
kcl,kcl
ng,n
aw,ao
p,p
eh,eh
eh,ao
iy,iy
ae,ae
r,r
hv,hv
jh,ch
axr,axr
ix,ix
ah,ah
iy,iy
ax,ax
dcl,dcl
tcl,tcl
y,iy
tcl,q
r,r
q,q
ng,ng
iy,iy
n,n
m,ae
w,w
z,z
y,y
iy,iy
aa,aa
q,q
sh,sh
r,r
iy,iy
sh,sh
s,s
ch,ch
hh,hh
ax,l
ux,ux
s,s
z,s
dh,d
dx,dx
dcl,m
y,y
t,p
dx,dx
ae,ae
z,f
v,bcl
n,n
f,f
ay,ay
ih,iy
aa,aa
pcl,pcl
ng,n
ng,m
m,m
y,y
ay,ay
iy,y
bcl,dcl
th,v
ax,ax
kcl,kcl
t,t
axr,axr
ay,ay
tcl,kcl
l,el
ch,ch
tcl,tcl
aa,aa
axr,er
tcl,kcl
s,s
ix,ix
kcl,kcl
gcl,m
g,n
ng,ng
w,q
hv,y
ih,ix
tcl,tcl
z,z
q,q
v,v
s,s
uw,ux
aa,aa
s,sh
bcl,bcl
l,ao
hh,hv
ao,ao
axr,ux
ae,eh
s,s
dcl,ng
d,t
ay,ay
ax,ax
ao,ao
kcl,kcl
r,r
eh,ih
m,n
ay,ae
v,v
ow,ow
r,r
f,f
ax,ix
er,axr
ah,eh
ih,ih
tcl,tcl
r,r
aw,aw
ih,ix
s,s
s,s
dh,q
bcl,v
w,w
n,n
kcl,kcl
kcl,kcl
k,k
q,l
iy,iy
t,jh
g,t
z,z
z,s
z,z
aa,aa
dh,dh
tcl,tcl
m,m
r,r
tcl,kcl
m,n
aa,aa
q,q
l,l
l,l
l,q
ao,ao
y,y
y,y
er,axr
dcl,tcl
v,v
s,s
axr,r
ax,ax
gcl,bcl
r,r
m,n
tcl,tcl
kcl,tcl
kcl,kcl
s,ch
y,y
m,m
w,w
oy,ao
l,l
ih,ey
bcl,pcl
z,s
l,el
kcl,kcl
ih,ix
ix,ix
ow,ah
uw,ow
v,v
l,m
uh,ih
k,k
k,k
sh,sh
gcl,bcl
ay,ay
z,s
pcl,pcl
r,r
ey,ey
uh,uh
eh,eh
kcl,kcl
axr,axr
iy,iy
m,n
f,f
pcl,pcl
p,p
bcl,bcl
ix,ix
ix,ix
d,d
er,er
n,n
l,l
eh,ix
ix,ix
ix,ix
iy,iy
jh,k
ih,iy
l,l
dcl,tcl
s,s
nx,n
tcl,kcl
m,m
r,r
hv,hv
n,n
iy,iy
r,r
iy,iy
dcl,tcl
eh,ah
f,f
ae,eh
k,k
hh,hh
bcl,bcl
ao,ao
ix,ix
ix,ix
f,f
tcl,pcl
r,r
gcl,kcl
ix,iy
ng,ng
ih,ih
kcl,kcl
ax,ix
th,f
ow,ow
ah,ay
ix,ih
t,t
sh,sh
t,t
m,n
sh,sh
kcl,kcl
iy,r
el,el
ix,ix
ih,ih
ix,ix
hv,hh
aa,ao
s,s
kcl,kcl
sh,sh
ow,ow
axr,g
ix,ix
n,m
ix,ax
ay,aa
ae,ae
t,t
t,t
ax,ix
kcl,kcl
sh,sh
dcl,dcl
ng,ng
ng,ng
en,n
ah,ao
tcl,q
ih,ih
ax,ax
l,l
ux,ux
nx,n
aa,ah
axr,ix
gcl,m
iy,iy
ax,eh
gcl,tcl
ch,ch
ey,ey
ao,ao
y,y
ao,ao
f,f
dcl,gcl
sh,sh
z,z
ow,ow
tcl,kcl
kcl,k
ay,ay
k,k
l,iy
z,z
iy,iy
s,s
n,n
aa,aa
p,p
n,n
l,w
iy,iy
k,k
q,q
dcl,dcl
l,ax
p,p
r,r
ae,ae
bcl,bcl
tcl,kcl
s,k
iy,iy
ey,iy
dcl,dcl
kcl,kcl
n,n
n,n
ae,ay
iy,ix
r,er
r,r
ax,ix
n,q
iy,iy
f,s
v,w
ah,ah
q,q
k,jh
uw,ux
sh,sh
kcl,kcl
g,k
eh,er
m,ix
er,er
bcl,gcl
ix,ix
ih,eh
ix,ih
ix,n
n,dcl
ae,ae
n,m
m,m
z,z
iy,iy
en,ng
ae,ae
ix,ix
k,k
sh,sh
n,ng
s,s
gcl,dcl
eh,ix
hh,t
ao,ao
ix,ix
iy,iy
n,n
s,s
l,l
l,l
jh,ch
n,m
ng,ng
ay,ay
t,w
y,y
q,q
hh,k
ih,ih
eh,ih
q,q
pcl,pcl
k,k
z,z
w,w
pcl,kcl
em,m
v,v
s,s
ae,aa
s,s
k,k
s,s
ey,ey
kcl,kcl
ae,ae
ux,ux
ao,ao
v,v
n,dcl
iy,iy
iy,iy
eh,eh
ah,ah
th,dh
ix,y
r,r
n,n
ix,ih
iy,iy
dcl,tcl
s,s
ae,ae
z,z
sh,sh
kcl,kcl
iy,iy
hv,hv
eh,ah
r,r
s,s
ah,ow
k,k
iy,iy
ah,ah
sh,sh
dx,dh
kcl,kcl
iy,iy
iy,iy
ao,aa
jh,ch
p,kcl
s,s
n,n
l,l
pcl,kcl
ah,ay
n,n
s,s
ow,ow
s,s
axr,r
ay,ay
n,m
aa,aa
s,z
axr,axr
m,m
iy,iy
ah,ao
z,z
bcl,n
iy,iy
ah,q
dcl,dcl
w,w
er,axr
ix,iy
aa,r
ix,iy
tcl,tcl
l,l
t,k
z,s
sh,sh
r,r
ih,ax
tcl,m
s,s
p,p
dcl,tcl
aw,ah
kcl,kcl
ay,ay
ow,ow
m,m
s,s
f,f
ih,ih
n,n
iy,iy
ao,ao
eh,eh
v,v
ax,ax
s,s
ay,ay
s,s
sh,s
nx,dx
s,s
ch,ch
iy,iy
n,n
g,y
aw,aw
eh,ix
pcl,kcl
ey,ey
eh,ae
ow,l
aa,aa
n,n
n,n
ix,ix
ey,ey
dcl,dcl
p,p
t,t
q,q
k,kcl
dcl,tcl
ih,y
tcl,tcl
v,pcl
eh,eh
f,f
ix,ih
v,v
r,r
dcl,gcl
l,l
ih,ix
g,g
l,el
bcl,bcl
k,k
aa,aa
f,f
z,s
y,y
l,w
eh,eh
ah,ow
ao,ay
ix,ix
z,z
kcl,kcl
kcl,kcl
t,t
ao,ao
z,t
t,t
axr,ih
ae,ae
uh,ix
sh,sh
r,ix
iy,y
ao,ao
ix,ey
aa,r
n,n
ix,ey
ix,ix
ax,ax
ao,w
dh,n
ay,ay
ao,ao
axr,oy
g,m
gcl,dcl
y,y
ax,ix
n,n
s,s
f,f
s,z
ay,ay
ix,n
th,th
iy,ix
k,t
ax,ix
axr,ix
s,s
ax,ax
q,q
ah,er
tcl,kcl
n,n
m,m
ix,ix
k,k
ao,l
dcl,tcl
dcl,dcl
l,l
s,s
ax,ah
n,n
n,n
er,r
v,v
kcl,kcl
aa,ay
m,m
axr,q
er,er
ae,ae
ah,ah
tcl,tcl
n,n
en,tcl
eh,eh
ah,ah
nx,n
kcl,kcl
ux,ix
ax,ix
ae,ae
t,t
ix,ix
ix,ix
y,y
f,f
s,s
axr,axr
kcl,kcl
r,r
m,m
tcl,pcl
kcl,kcl
f,f
iy,iy
aa,ay
kcl,kcl
hv,hv
ix,ix
iy,ix
tcl,tcl
iy,iy
ix,ix
hh,hh
n,m
l,l
iy,iy
q,q
s,s
ey,ey
m,m
dcl,tcl
f,f
ah,l
kcl,kcl
ae,ae
ao,ao
kcl,kcl
iy,iy
f,f
s,sh
ix,ix
q,q
en,en
t,t
ix,ix
ay,ay
m,m
kcl,kcl
tcl,tcl
tcl,tcl
s,s
m,m
z,z
ch,ch
ao,ao
zh,zh
dcl,dcl
z,s
q,q
s,s
ae,ae
ix,iy
er,axr
jh,jh
t,t
iy,iy
ay,ay
ae,eh
axr,axr
ix,ix
n,n
f,f
aa,ao
r,r
r,r
dx,hv
ae,eh
ix,ux
l,ax
r,axr
ih,ih
b,q
m,m
q,q
ix,ax
w,w
r,r
ey,iy
eh,ay
l,l
tcl,kcl
ih,ih
q,q
ae,ae
s,s
y,y
q,q
ng,ng
ix,ix
n,n
ih,ng
ae,ae
sh,sh
ix,ix
n,n
z,z
oy,oy
aw,ow
v,w
ax,ix
ih,ux
ah,ah
dh,tcl
l,l
eh,eh
k,k
k,k
l,el
ih,q
ae,ae
q,q
tcl,tcl
t,t
ih,iy
t,t
l,n
iy,iy
k,k
s,s
dcl,dcl
ng,ng
s,s
y,y
z,s
ih,ah
ao,er
iy,ey
ah,q
iy,iy
ao,ao
k,k
ih,ux
v,v
r,r
aa,aa
iy,y
s,s
p,t
ih,ey
ax,ix
n,n
s,s
s,s
l,l
eh,eh
ay,ix
ay,ay
ix,ix
ah,ao
tcl,kcl
w,w
ng,ng
ix,ix
ih,ih
n,n
dh,dh
dh,dh
r,r
ax,ax
n,n
ey,ey
ay,ix
ix,ix
ih,ix
z,s
kcl,kcl
m,m
er,axr
m,l
pcl,kcl
v,v
sh,sh
ih,ih
tcl,tcl
m,n
dx,dx
r,r
pcl,tcl
oy,ao
l,l
m,m
ch,s
dx,n
ae,ae
s,s
k,k
s,s
ae,ae
ao,ao
k,k
iy,iy
f,kcl
v,v
iy,iy
tcl,tcl
ih,ih
ng,ng
el,el
iy,iy
ae,ae
ao,w
t,t
aa,ae
n,n
pcl,pcl
kcl,gcl
l,r
ae,ae
y,y
s,s
p,t
bcl,bcl
iy,ih
dcl,gcl
ax,ax
kcl,kcl
ey,iy
dcl,dcl
oy,oy
n,n
g,p
n,ix
l,l
t,t
kcl,gcl
kcl,kcl
k,k
ch,ch
w,w
ax,ax
tcl,kcl
s,s
tcl,tcl
l,q
dcl,tcl
tcl,tcl
dcl,dcl
kcl,tcl
ay,ay
aa,aa
w,w
iy,iy
axr,r
axr,er
q,q
tcl,kcl
ah,ah
iy,iy
ix,ix
ae,eh
f,v
ix,ix
dcl,dcl
v,v
iy,iy
en,n
t,t
eh,eh
gcl,m
k,k
r,r
gcl,bcl
v,f
kcl,tcl
ix,ix
nx,n
f,f
v,z
iy,iy
gcl,dcl
ix,q
el,ow
d,ch
kcl,gcl
z,z
ow,ow
axr,ix
k,k
gcl,kcl
ax,w
el,uh
ix,ix
ay,ay
ix,ix
m,dcl
v,ng
ng,ng
ax-h,ix
v,v
w,w
s,z
dcl,kcl
k,k
k,k
ey,iy
r,r
ow,ow
ax,ix
pcl,pcl
bcl,gcl
uh,uh
p,p
s,s
n,n
aa,ao
ux,ux
m,ng
k,g
jh,jh
q,q
t,t
d,g
kcl,tcl
s,s
v,w
ey,ey
tcl,tcl
l,l
k,k
s,s
t,t
ax,ix
p,p
ix,ix
pcl,pcl
axr,ix
g,g
s,s
g,d
ix,ix
ix,ix
ae,ae
q,q
ae,ae
dcl,n
z,s
hh,hh
m,m
t,t
p,p
axr,axr
s,s
tcl,kcl
g,g
dx,n
g,k
z,z
eh,ix
en,m
sh,sh
ix,ix
r,r
r,q
s,s
ih,ax
ux,ux
ix,eh
el,l
ih,ix
l,ah
aa,aa
m,m
ah,eh
ix,ix
l,l
s,s
d,d
dh,k
s,s
s,s
ix,ix
eh,ix
uh,ao
f,f
axr,ix
tcl,tcl
iy,y
y,y
dx,dx
l,l
iy,iy
bcl,gcl
s,s
z,sh
tcl,tcl
ax,ix
ah,ay
ix,ix
gcl,n
iy,iy
tcl,kcl
r,r
ao,ax
f,f
jh,jh
eh,eh
dcl,dcl
iy,y
l,l
hh,t
z,s
f,f
w,w
y,axr
tcl,kcl
gcl,kcl
f,f
ah,ae
tcl,kcl
n,n
kcl,kcl
q,q
m,m
pcl,v
y,y
m,m
ay,ay
axr,axr
er,er
s,s
axr,axr
l,l
ih,iy
r,r
ih,ih
dcl,dcl
w,w
l,q
ch,jh
ih,ix
s,s
v,p
tcl,tcl
pcl,tcl
ix,ix
ix,ih
gcl,dcl
ao,ao
ix,ix
s,s
dcl,dcl
aw,ow
m,n
axr,er
ey,ey
sh,sh
axr,axr
f,f
iy,iy
ax,ax
en,q
ih,ux
jh,k
s,s
m,m
tcl,kcl
ch,ch
iy,iy
ih,ey
ih,ih
f,f
ix,ix
z,t
f,f
dcl,dcl
eh,eh
k,k
z,s
iy,iy
ah,ah
z,s
ax,q
r,r
n,m
s,s
ax,ax
k,k
s,s
ix,ih
dx,dx
iy,q
r,ix
kcl,kcl
iy,iy
kcl,kcl
f,f
iy,iy
r,r
r,p
n,ng
ae,ae
kcl,kcl
ah,aa
s,s
t,t
ow,ow
ow,l
dcl,dcl
ih,ih
r,r
l,bcl
g,k
ay,ay
d,t
w,w
bcl,bcl
y,y
d,t
kcl,pcl
nx,nx
s,s
q,q
ax,ax
iy,ix
iy,iy
dh,v
b,kcl
dx,n
th,th
k,k
s,s
iy,ix
ng,ng
ax,r
p,p
ih,ih
ix,r
f,p
bcl,bcl
aa,aa
n,n
ax-h,ax-h
z,z
l,l
n,n
ih,ux
uw,ix
l,uh
dh,dh
tcl,tcl
hh,hv
q,q
q,q
ix,ix
eh,axr
ix,ax
ix,ng
bcl,bcl
tcl,tcl
m,m
ix,ix
jh,jh
tcl,tcl
ih,ih
iy,iy
aa,aa
iy,iy
ae,ae
sh,sh
kcl,kcl
k,k
s,s
ao,ao
v,nx
axr,axr
eh,m
r,r
er,er
s,s
tcl,tcl
axr,axr
ix,ax
l,l
axr,r
axr,axr
uw,uw
l,v
y,y
eh,ih
n,n
th,t
t,ch
iy,iy
el,uw
s,s
s,s
hh,hh
w,w
z,z
pcl,bcl
y,y
q,q
dcl,bcl
aa,ao
ix,ix
kcl,tcl
l,l
r,r
m,m
ah,ax
kcl,kcl
r,er
ey,ih
dh,dh
ow,ow
ax,ax
r,r
y,y
kcl,kcl
er,r
sh,sh
hh,hv
g,k
ih,ih
ix,eh
ih,ih
el,m
ih,ih
iy,iy
iy,iy
r,uh
dcl,dcl
n,n
s,s
z,z
s,s
k,k
ih,ih
ih,ih
ux,ux
q,hv
en,n
tcl,tcl
iy,iy
ax,ax
ay,ay
aa,aa
ch,t
sh,sh
tcl,kcl
ah,ao
z,z
pcl,kcl
axr,axr
t,t
s,s
ao,ao
ae,ay
en,en
kcl,kcl
dcl,dcl
ix,ih
ih,ix
bcl,bcl
kcl,kcl
th,kcl
q,q
dcl,dcl
n,n
eh,eh
oy,oy
aa,ao
ow,ao
y,iy
gcl,gcl
ao,ao
axr,axr
kcl,kcl
dx,dx
k,k
ao,ao
ux,ih
aa,aa
ih,ix
ih,ix
s,s
ay,ay
k,k
ix,axr
s,s
f,f
t,t
ix,n
iy,iy
ch,ch
tcl,tcl
gcl,dcl
d,t
s,s
er,er
m,m
axr,er
ao,ao
er,er
ix,dx
dh,p
f,f
r,axr
f,f
ay,ay
aw,ay
f,f
pcl,tcl
q,q
t,t
ix,iy
iy,ix
jh,jh
ey,iy
ch,ch
aa,aa
r,r
axr,r
ey,ih
w,w
ax,ix
r,r
ow,ow
y,y
k,k
ae,ae
ix,ix
k,k
ih,ih
iy,ey
gcl,gcl
kcl,kcl
g,p
bcl,dcl
axr,er
dx,y
v,n
l,l
aa,ao
p,p
k,jh
jh,jh
z,z
gcl,gcl
ao,ow
r,r
axr,axr
hh,p
g,k
hv,hh
tcl,kcl
t,t
bcl,pcl
m,m
ow,ao
l,n
q,q
l,l
ix,ix
s,s
pcl,kcl
tcl,tcl
k,k
ah,ax
kcl,kcl
k,kcl
ih,ih
dh,tcl
t,t
z,s
ey,ey
s,s
aw,aa
ax,ix
ix,ix
dcl,dcl
pcl,pcl
y,y
ey,iy
n,n
s,s
k,k
ng,n
iy,iy
m,m
ix,ix
r,r
ow,ow
ix,ix
tcl,tcl
k,g
eh,eh
v,kcl
n,ng
axr,axr
th,th
m,n
f,f
iy,iy
m,m
uw,uw
s,s
eh,ah
k,k
ih,iy
m,m
ch,ch
y,y
th,th
eh,ah
ae,ae
ah,ay
ux,ux
ao,ah
z,s
m,m
ah,ix
axr,axr
l,l
ah,ah
tcl,gcl
aa,aa
dh,tcl
m,n
ix,ix
q,k
y,y
z,sh
ey,ey
s,s
f,f
hv,hv
ay,ay
s,s
ao,aa
ae,ae
v,v
ow,ow
aa,aa
ah,aa
ux,ux
bcl,tcl
er,axr
w,w
ae,aa
bcl,bcl
m,m
aa,aa
tcl,tcl
ao,aa
l,l
pcl,tcl
jh,jh
ix,ix
r,r
l,l
t,t
axr,axr
dx,d
y,y
iy,iy
ix,ix
q,q
n,n
n,m
bcl,bcl
axr,r
s,s
dcl,g
ay,ay
tcl,tcl
n,n
s,s
hv,hv
k,k
n,n
tcl,tcl
ih,ih
aa,aa
aw,eh
ux,iy
ao,ao
gcl,kcl
er,er
z,s
hv,hv
ax,ah
ix,ih
ah,eh
ow,ow
pcl,pcl
ix,iy
t,jh
dcl,gcl
n,m
m,n
ey,iy
hh,hh
bcl,bcl
ix,ax
ax,z
m,m
iy,iy
iy,q
t,t
iy,iy
er,er
iy,iy
axr,q
ix,ix
tcl,n
s,sh
eh,eh
dcl,tcl
bcl,dcl
ih,ix
iy,iy
sh,sh
aa,ao
ax,ix
hv,hv
r,r
l,ax
eh,eh
hh,hh
ay,ay
jh,ch
ah,ae
dh,tcl
z,z
th,s
ix,ix
aa,aa
l,l
ax,ax
kcl,kcl
ey,ey
r,r
z,z
hh,kcl
ng,ng
n,n
iy,iy
w,w
ix,ix
iy,ix
ao,ow
aa,aa
pcl,pcl
ih,ih
l,w
ih,ey
z,z
iy,iy
ix,ix
s,s
kcl,kcl
n,m
ay,ay
ae,ae
g,g
k,g
t,s
ax,ax
b,p
dcl,dcl
ix,ix
w,w
ix,ax
er,axr
iy,iy
n,n
kcl,kcl
v,r
w,w
ng,n
d,q
q,q
er,er
t,t
tcl,tcl
er,er
ih,ih
ey,ey
tcl,tcl
k,k
s,s
f,f
ao,ao
ax,ow
axr,axr
v,v
m,m
ae,ae
ux,ih
aa,aa
y,y
iy,iy
y,y
q,q
ng,ng
sh,sh
iy,iy
ix,ix
ix,ih
sh,sh
ae,hv
t,t
ax,ax
hh,hv
dcl,dcl
tcl,kcl
ix,ix
t,p
tcl,tcl
dh,pcl
y,q
q,q
t,d
sh,sh
l,l
r,r
k,k
tcl,tcl
ow,ow
z,s
ow,ow
el,ao
th,kcl
l,l
gcl,kcl
iy,iy
m,m
z,z
n,n
axr,ax
ow,ow
ey,ay
ih,ix
p,p
iy,iy
q,q
m,m
ae,ae
ow,oy
ax,ax
hv,hv
s,s
ax,axr
f,f
ng,ng
tcl,pcl
kcl,kcl
k,kcl
r,r
r,er
kcl,kcl
ey,iy
ch,ch
ah,ax
th,s
s,s
dcl,tcl
n,n
s,s
tcl,kcl
kcl,kcl
ah,ae
tcl,kcl
th,z
n,ng
n,m
f,f
ix,ix
m,m
kcl,tcl
el,l
t,t
ae,ay
gcl,dcl
q,q
k,k
n,m
w,w
bcl,bcl
m,m
tcl,kcl
iy,iy
ix,ix
er,er
eh,ey
kcl,kcl
w,r
ax,r
l,l
p,v
kcl,kcl
ae,eh
ax,w
l,l
q,r
v,dcl
ah,ax
d,p
b,p
m,n
z,z
l,l
sh,sh
uh,ih
dh,t
pcl,pcl
dcl,dcl
eh,ah
r,r
s,s
ae,ae
t,k
gcl,dcl
n,ng
n,n
l,l
r,r
s,s
ix,ix
axr,axr
r,r
n,ng
tcl,pcl
r,w
ow,axr
n,n
ax,ah
gcl,kcl
n,n
tcl,tcl
ay,ay
n,ng
nx,n
ix,ih
ow,ah
r,r
axr,dx
dcl,q
m,m
ix,ix
ih,ih
ix,ix
ay,ay
ix,ix
tcl,q
eh,eh
r,r
s,sh
hh,hh
l,m
s,s
er,er
ux,ix
eh,er
m,bcl
m,m
q,q
sh,sh
ao,ah
v,v
kcl,kcl
d,d
tcl,tcl
dcl,gcl
l,ax
el,el
s,s
m,m
l,l
ow,ow
q,q
eh,ae
n,n
ix,ix
tcl,n
z,z
ah,ay
z,s
z,s
ey,ey
tcl,tcl
m,m
p,p
ey,ey
iy,iy
iy,iy
r,r
y,y
r,r
pcl,pcl
ix,ix
jh,jh
ix,r
ay,ay
ih,ix
kcl,pcl
m,m
n,n
dcl,bcl
q,q
eh,eh
w,w
tcl,tcl
s,s
ey,ey
d,t
ax,ah
s,s
k,t
n,n
ux,ux
ix,r
v,v
eh,eh
ae,ae
dcl,dcl
en,en
en,n
ax,ax
ae,ae
ih,eh
er,er
y,y
s,s
f,f
z,s
ih,ix
ih,ix
ix,ix
w,l
ao,ao
ae,ae
oy,oy
ih,ih
tcl,kcl
ey,ey
t,t
nx,n
ih,ix
en,n
er,er
l,ow
ix,ax
y,y
ae,ay
sh,sh
s,s
iy,iy
k,k
p,p
axr,axr
ax,ax
ae,ae
n,n
dcl,gcl
oy,oy
aa,ao
er,axr
iy,iy
k,t
w,w
dx,dx
z,ch
ae,aa
tcl,tcl
v,v
ow,ow
l,ix
kcl,tcl
q,q
k,k
ix,ix
iy,iy
ah,eh
l,l
ah,ix
n,n
iy,iy
r,aa
w,w
kcl,kcl
t,tcl
iy,iy
ow,ow
t,t
n,n
q,q
tcl,pcl
l,l
t,jh
ao,ao
aa,aa
ng,ng
axr,axr
w,w
ow,ow
l,l
ah,ao
r,axr
ay,ay
iy,iy
bcl,bcl
dx,dx
dcl,pcl
n,n
aa,ao
dx,dx
gcl,tcl
ay,ae
bcl,bcl
k,k
r,r
ax,ax
ae,ae
dcl,dcl
ax,q
ao,ao
v,v
m,m
iy,ix
ng,n
zh,z
dcl,tcl
r,r
r,m
m,n
s,s
iy,iy
ey,ey
ax,ah
kcl,kcl
l,l
ah,ah
ix,ix
m,m
l,ow
kcl,gcl
uh,ow
z,z
k,k
r,r
s,s
ow,ao
ng,m
ao,ao
ih,iy
ay,ay
oy,ay
w,w
f,f
m,m
eh,eh
n,n
l,l
k,k
k,k
kcl,pcl
dcl,dx
z,z
ix,ax
ah,ah
ih,ih
ao,ao
z,z
axr,axr
axr,axr
sh,sh
ao,ao
r,r
k,k
ae,hv
w,w
gcl,gcl
q,q
ax,l
s,s
tcl,tcl
gcl,gcl
bcl,pcl
axr,axr
ay,ay
l,w
iy,iy
s,s
ix,ix
eh,r
n,n
n,n
dcl,tcl
z,s
dcl,dcl
m,uw
aw,ae
y,ix
l,l
em,q
r,r
nx,ix
z,s
ao,ao
d,tcl
r,y
iy,iy
ax,ix
ey,ey
p,p
gcl,kcl
q,q
el,ow
er,axr
r,r
q,q
iy,y
ix,ix
dx,dx
iy,iy
g,g
ih,eh
ey,ey
n,n
kcl,kcl
dh,v
s,s
ix,ix
eh,iy
ah,ah
ao,l
ao,ay
t,t
kcl,tcl
en,ax
s,s
m,m
pcl,pcl
dcl,bcl
l,l
l,l
tcl,pcl
iy,iy
pcl,tcl
el,l
gcl,gcl
iy,iy
er,r
tcl,kcl
d,t
iy,iy
l,w
dcl,v
r,r
gcl,dcl
z,s
ix,ix
axr,axr
ih,ih
oy,oy
ix,iy
dh,dh
gcl,gcl
sh,sh
l,l
ax,ax
s,s
ow,ow
tcl,kcl
dh,v
ao,ao
axr,q
aa,aw
ix,iy
b,p
k,k
ow,ow
w,w
en,m
k,k
axr,axr
w,w
iy,iy
g,k
n,dcl
ae,ih
er,er
f,f
r,r
l,l
kcl,kcl
z,z
r,r
n,n
dh,dh
s,s
tcl,tcl
t,t
z,z
iy,iy
r,r
en,ix
l,ax
dcl,kcl
iy,iy
n,m
v,v
ix,axr
kcl,tcl
tcl,tcl
m,n
ey,ey
w,w
n,n
bcl,bcl
l,el
ae,ae
gcl,kcl
tcl,kcl
m,m
aa,axr
tcl,tcl
jh,jh
bcl,dcl
dh,q
iy,iy
ih,eh
n,n
gcl,kcl
m,m
r,r
t,t
ae,eh
k,k
ae,ae
bcl,bcl
sh,sh
r,r
ix,ae
ay,ey
ax,ix
dcl,dcl
iy,iy
g,k
kcl,kcl
l,el
n,n
iy,iy
ax,ax
m,n
ao,ao
dh,p
ix,ix
ih,iy
m,m
tcl,tcl
l,n
er,axr
r,r
p,p
pcl,pcl
q,q
z,z
iy,iy
iy,iy
ey,ey
k,k
m,n
iy,ih
b,p
p,p
ix,ax
r,r
g,p
ux,ix
kcl,kcl
w,w
k,k
ix,ix
th,ax-h
ih,ix
dcl,dcl
z,z
s,s
t,t
iy,axr
m,m
hh,hh
eh,ih
l,ao
s,s
ch,ch
r,r
z,z
m,m
s,sh
z,s
ix,ix
gcl,y
sh,sh
s,s
ih,ax
d,t
s,s
tcl,pcl
axr,ix
l,l
s,s
iy,iy
s,s
n,m
t,t
r,r
ey,ey
el,ax
f,f
tcl,kcl
ow,ow
m,m
eh,eh
sh,sh
r,r
ih,ih
axr,axr
m,m
z,z
hh,hh
f,f
ah,eh
uw,ux
s,s
ax,ax
ax,ax
ae,eh
f,p
ix,ix
q,q
ch,jh
z,z
eh,eh
p,p
w,w
gcl,gcl
ng,n
n,n
k,k
n,n
r,r
w,w
f,f
ax,ix
kcl,kcl
aa,ay
t,t
ng,n
ih,ix
s,s
z,z
s,s
pcl,kcl
aw,ah
dh,t
n,m
ux,ux
z,z
f,f
s,sh
q,q
ow,ah
tcl,dcl
t,t
ix,r
ih,ix
ix,ix
ah,eh
ae,ae
s,z
ax,ax
n,ng
dcl,dcl
gcl,gcl
n,n
ux,ux
sh,ch
s,s
z,s
ux,ux
t,k
ng,n
iy,iy
dcl,dcl
w,w
pcl,pcl
g,k
eh,eh
aa,aa
r,r
iy,iy
ow,ao
bcl,bcl
ae,ae
iy,iy
f,v
f,f
s,z
kcl,kcl
l,l
n,n
f,f
iy,iy
aa,axr
axr,axr
ey,ae
r,ao
tcl,kcl
ow,ow
kcl,kcl
n,n
k,k
iy,ey
t,t
ix,ix
ao,aa
eh,eh
kcl,kcl
l,l
ey,ey
ey,ey
q,bcl
ax,ix
tcl,k
ax,ax
ax,ax
axr,r
r,r
pcl,pcl
eh,eh
tcl,tcl
ih,iy
r,r
ix,ax
w,w
s,s
dh,dh
l,l
ih,ix
k,kcl
ao,w
tcl,kcl
ih,ih
eh,eh
ao,ao
ix,ix
tcl,tcl
sh,sh
iy,iy
tcl,tcl
uh,r
kcl,kcl
iy,iy
k,k
q,q
pcl,bcl
q,q
ix,uh
ih,ih
dh,dh
ih,iy
hv,hv
l,w
bcl,n
z,z
ey,ey
pcl,pcl
er,er
gcl,n
dcl,kcl
en,m
er,oy
s,s
iy,iy
ey,ey
ay,ay
kcl,kcl
kcl,kcl
ax,ax
dcl,tcl
v,w
t,d
ix,ix
axr,axr
ae,eh
f,f
r,r
kcl,kcl
k,p
n,n
dh,tcl
m,m
eh,ix
d,t
bcl,bcl
pcl,kcl
ey,ey
iy,iy
v,v
n,n
kcl,kcl
v,v
uw,w
ix,iy
k,k
ix,ix
l,ao
aa,aa
ae,ae
ey,ey
y,jh
aa,aa
t,t
bcl,bcl
r,r
l,l
ah,w
ah,ah
gcl,tcl
t,t
ih,ih
dh,dh
ey,ay
ih,iy
er,axr
s,s
iy,iy
r,q
k,k
iy,iy
dcl,bcl
f,f
dx,dx
dcl,dcl
s,s
n,n
l,l
ux,er
f,f
m,m
k,k
m,n
l,l
y,y
gcl,dcl
iy,ey
jh,k
l,l
k,k
ih,iy
w,w
aa,aa
s,s
w,w
ih,ih
er,er
kcl,kcl
dcl,dcl
q,q
w,l
d,t
eh,ih
eh,ix
dh,ix
ih,axr
m,m
l,l
ao,ao
kcl,tcl
ch,ch
n,n
v,v
pcl,p
ng,m
ux,ux
ow,ow
hv,hv
ux,ux
tcl,dx
bcl,bcl
ao,ao
nx,m
eh,ix
m,m
ae,eh
aa,aa
kcl,kcl
ih,ih
l,l
dh,dh
iy,iy
ae,ae
tcl,p
r,ey
iy,iy
axr,axr
er,axr
ix,ix
pcl,pcl
ae,ae
dh,ix
aa,aa
l,l
n,n
w,w
d,t
m,n
ax,ax
dcl,kcl
ix,ix
ih,ih
l,l
m,m
l,l
aw,aw
iy,iy
f,f
ae,ah
l,l
ng,ng
tcl,kcl
ax,eh
ae,ae
q,q
iy,en
dx,g
s,s
m,m
r,r
iy,iy
k,k
g,g
ax,m
iy,iy
n,n
ux,ux
iy,iy
n,n
v,v
m,n
tcl,dcl
ix,ix
ih,ey
t,t
w,w
ih,ey
jh,ch
eh,eh
iy,iy
r,r
iy,iy
th,f
kcl,kcl
ax,ix
pcl,pcl
sh,sh
g,dh
ae,ay
kcl,kcl
n,m
w,w
k,k
aa,aa
ae,ae
n,n
f,f
ix,ix
axr,axr
ih,ix
ow,ao
ix,ix
l,l
ix,ix
er,axr
ae,ae
pcl,pcl
f,f
er,er
ix,ax
pcl,tcl
hh,q
ih,axr
dcl,dcl
pcl,kcl
iy,iy
ao,aa
ey,ey
r,axr
n,n
ix,ix
eh,eh
ix,ix
pcl,kcl
ix,ix
dcl,dcl
s,s
eh,ah
y,y
axr,r
en,m
t,t
er,axr
n,n
hh,hv
ey,iy
el,ao
l,ow
ix,ih
s,s
l,l
zh,sh
d,t
ae,ae
f,f
ah,ah
gcl,tcl
n,n
ow,ow
r,r
jh,ch
bcl,bcl
m,n
axr,axr
ey,ey
ax,ax
el,ao
nx,n
bcl,bcl
w,w
ih,ix
kcl,tcl
f,f
ey,iy
q,q
gcl,kcl
eh,ey
kcl,kcl
ax,ix
er,er
el,l
ao,ao
ax,ax
f,f
gcl,gcl
ay,ay
ix,ax
bcl,bcl
p,p
dcl,dcl
m,n
f,f
q,q
dcl,dcl
jh,sh
k,k
nx,n
d,ix
ao,ao
n,n
r,r
ax-h,m
m,m
axr,r
ng,n
ux,ux
gcl,r
er,axr
ey,ey
f,f
z,z
en,n
ih,ih
ey,ey
nx,dx
eh,ih
l,ao
k,k
pcl,pcl
r,r
w,w
gcl,gcl
z,z
ih,iy
l,iy
dx,ix
y,m
iy,iy
iy,iy
ix,ix
tcl,tcl
ay,ay
axr,er
l,r
q,q
n,n
pcl,pcl
axr,l
l,l
l,ix
aa,ao
m,m
tcl,tcl
ix,ih
ow,ow
tcl,pcl
dcl,gcl
n,n
ey,ey
gcl,gcl
dx,y
r,r
d,d
iy,iy
k,k
d,jh
iy,iy
eh,eh
q,l
pcl,pcl
ax,ax
ay,ay
r,r
iy,iy
ix,ix
kcl,kcl
uh,aa
r,r
f,p
iy,iy
aw,ao
s,s
axr,axr
l,l
pcl,pcl
n,n
w,w
k,k
kcl,kcl
d,t
ao,ao
r,r
ey,ey
eh,eh
kcl,kcl
iy,iy
t,t
hh,k
d,d
s,s
ae,ah
tcl,tcl
ng,ng
s,s
r,r
er,er
k,k
eh,eh
l,l
ax,ax
s,s
ey,ey
dcl,dcl
kcl,kcl
bcl,bcl
ix,ix
r,r
s,sh
l,r
n,n
r,ax
l,ow
s,s
k,k
v,n
ay,ay
q,q
dx,dcl
uw,uw
er,axr
z,s
iy,iy
ix,ix
m,m
n,n
bcl,m
ae,eh
aa,aa
iy,iy
eh,eh
y,y
k,p
axr,axr
jh,jh
dh,dh
tcl,kcl
aa,hv
uw,m
r,m
aa,aa
ux,ux
z,s
ae,ae
eh,eh
nx,n
tcl,tcl
ih,ix
s,sh
kcl,tcl
m,m
ax,ix
tcl,kcl
iy,iy
y,y
ae,ih
er,er
axr,ax
tcl,tcl
l,w
kcl,kcl
r,r
aa,ah
gcl,gcl
n,n
ih,iy
tcl,tcl
s,s
n,n
ih,iy
ey,ey
ix,ix
z,s
iy,ix
ih,ix
w,w
iy,iy
iy,iy
l,l
w,w
iy,iy
n,n
ao,ao
ao,aa
tcl,tcl
f,f
v,v
m,m
z,z
iy,iy
iy,iy
hh,hh
ao,ao
t,t
ng,ng
dh,n
n,n
ch,jh
ow,ih
ay,ay
sh,sh
pcl,pcl
l,l
jh,jh
axr,r
dcl,kcl
en,n
pcl,tcl
en,en
g,g
ae,ae
dh,v
n,m
kcl,pcl
r,r
z,s
ae,ae
sh,sh
pcl,pcl
pcl,tcl
tcl,tcl
n,n
m,q
ix,ix
k,k
s,s
ix,ix
p,p
f,p
l,l
r,r
ow,ow
kcl,kcl
m,m
p,p
t,jh
bcl,bcl
k,k
ae,ay
ay,eh
l,l
dcl,tcl
ao,aa
n,n
aa,aa
dh,n
eh,eh
gcl,dcl
sh,k
t,t
dh,dcl
ax,ax
l,ng
ow,ow
sh,sh
l,w
l,l
r,axr
uh,ih
iy,ux
ix,ix
g,k
aa,aa
r,r
ix,ix
ow,ow
dcl,gcl
r,r
iy,iy
ch,sh
n,n
ih,ax
gcl,dcl
n,n
kcl,tcl
ey,ey
s,s
dh,dh
q,q
m,m
m,m
tcl,tcl
r,r
ao,aa
t,t
r,r
sh,sh
t,t
z,z
tcl,dcl
iy,iy
ch,ch
ax,ax
k,k
dcl,tcl
l,l
w,w
d,d
dx,dx
en,en
y,y
ix,ix
eh,ih
en,en
iy,iy
dcl,tcl
d,d
y,y
k,k
s,s
ae,ay
er,er
g,k
q,q
k,p
dcl,tcl
m,ng
k,k
tcl,kcl
dh,dh
tcl,tcl
ay,ay
ch,sh
r,r
ih,ix
ao,ao
kcl,tcl
k,k
f,f
s,s
ih,ix
tcl,kcl
v,v
d,d
k,k
dcl,tcl
t,t
r,r
dh,dh
ax,l
ch,ch
s,s
ax,ah
ch,sh
eh,eh
m,m
ow,l
ay,ay
iy,iy
n,l
w,w
ey,ey
ix,n
ax,ax
s,s
gcl,gcl
er,r
l,l
dcl,kcl
gcl,gcl
z,z
ix,ix
tcl,kcl
eh,ih
gcl,dcl
ax,ax
hh,p
aa,aa
hh,hh
pcl,kcl
ae,ae
ey,ey
ix,ix
eh,ah
dh,dh
n,n
kcl,kcl
k,k
tcl,kcl
t,t
ux,uw
p,p
ix,ix
s,s
q,ix
bcl,bcl
oy,oy
m,m
t,t
z,z
aa,aa
f,f
ih,ih
n,n
ih,ey
ao,ao
ng,n
ix,ix
g,k
m,ng
ao,ao
s,s
ix,ix
t,t
ay,ay
ix,ix
f,f
q,q
ao,ao
r,r
aa,ah
tcl,gcl
w,uw
ey,ey
ae,ae
sh,sh
gcl,dcl
axr,q
ix,ix
tcl,m
s,s
ux,ux
er,er
k,k
n,dx
r,r
ng,n
er,er
p,p
ih,ih
q,tcl
l,l
aa,ao
r,axr
n,m
r,r
bcl,pcl
iy,iy
kcl,kcl
q,q
ao,axr
ey,ey
ah,ah
g,q
nx,gcl
iy,iy
t,t
r,w
ah,ah
eh,ah
axr,r
zh,sh
n,n
th,f
n,n
n,n
kcl,gcl
s,sh
kcl,kcl
ay,aa
ih,ih
dh,n
ih,ih
ay,ay
sh,t
f,f
iy,iy
pcl,pcl
s,s
ix,ix
ow,ow
er,r
l,l
n,n
l,l
ix,ix
z,s
z,z
m,n
ao,ao
ah,aa
s,s
ah,ah
r,axr
ah,ax
iy,y
jh,jh
iy,iy
iy,iy
k,k
kcl,kcl
iy,iy
z,z
d,d
axr,axr
ix,ix
dcl,tcl
uh,uh
gcl,gcl
kcl,kcl
er,er
ih,ix
nx,n
r,r
tcl,kcl
r,ax
f,t
ih,ix
ix,iy
y,y
tcl,q
r,r
r,r
jh,ch
nx,dx
ax,l
eh,ey
ih,ix
f,f
ae,ae
kcl,kcl
dcl,dcl
kcl,kcl
uh,ix
ao,aa
t,t
ix,ix
tcl,tcl
p,f
ix,q
pcl,kcl
eh,ow
en,en
ix,ih
z,s
s,s
n,ix
iy,ux
tcl,kcl
s,s
ch,ch
g,ng
gcl,bcl
dh,dh
ih,ih
ax,ax
iy,iy
r,r
r,r
sh,sh
ae,ae
gcl,q
l,m
ow,ow
s,s
ix,ix
ow,ow
ow,ow
dcl,tcl
n,n
l,ay
ae,ae
axr,r
l,ax
kcl,kcl
kcl,kcl
m,m
b,d
n,n
aa,aa
p,p
tcl,kcl
iy,iy
r,ng
l,q
ow,ow
l,ix
ix,ix
hv,hv
r,r
f,p
tcl,tcl
iy,iy
n,m
iy,ix
kcl,kcl
sh,sh
v,v
kcl,tcl
m,n
ih,iy
y,y
dx,m
axr,axr
tcl,tcl
ao,ao
b,dh
kcl,kcl
ah,l
f,f
bcl,bcl
ae,ae
w,v
ae,ae
ix,ax
r,r
l,l
ix,eh
m,m
sh,sh
pcl,pcl
r,r
eh,ix
iy,iy
jh,jh
ey,ey
hh,hh
eh,ae
l,l
q,q
th,th
ix,ix
w,w
k,k
z,z
ih,ih
n,m
z,s
m,n
aa,aa
dh,dh
sh,sh
iy,iy
m,m
ow,ih
s,s
r,r
n,n
l,l
iy,iy
ae,ae
eh,ey
n,n
th,th
ix,ix
ey,ey
n,m
s,s
s,s
ux,iy
s,s
eh,ah
iy,ux
uh,ah
w,w
iy,iy
dh,k
n,n
gcl,gcl
w,w
iy,iy
q,q
s,s
el,ow
z,z
hh,p
w,w
ao,ao
r,r
ae,ae
ae,ae
eh,uh
t,t
pcl,pcl
r,r
ay,aa
tcl,tcl
gcl,kcl
f,p
k,k
ix,ix
jh,jh
dh,dh
dcl,bcl
dx,dx
dcl,dcl
en,en
en,en
iy,iy
ux,iy
p,p
q,p
t,t
el,l
s,s
v,v
sh,sh
l,l
axr,ax
axr,axr
ng,n
w,w
ae,ae
ey,eh
q,ix
pcl,pcl
p,p
tcl,kcl
ax,ax
l,m
ae,ey
v,v
k,k
q,q
n,n
axr,axr
jh,jh
ix,ix
n,n
ey,ey
iy,iy
kcl,k
ow,ow
ux,ux
z,s
ow,l
ix,ix
ax,ah
p,f
n,m
ux,ux
ix,ix
aa,aa
ax,ax
en,dx
aa,aa
q,q
s,s
l,l
z,s
iy,iy
n,ng
pcl,pcl
v,w
gcl,n
eh,ay
n,n
ah,ih
p,p
ax,ix
nx,nx
ih,ih
y,y
ix,ix
p,p
iy,iy
dh,n
l,l
ax,ax
ae,ae
s,s
k,k
ao,ao
g,g
iy,iy
r,ax
dcl,dcl
ay,ay
ix,ix
tcl,kcl
ix,ix
ix,ix
iy,iy
ix,ux
k,k
ax,ah
el,ao
iy,iy
iy,iy
axr,ix
axr,ix
ae,ae
z,s
dcl,gcl
axr,axr
n,n
r,aa
v,r
b,r
r,r
t,t
kcl,kcl
r,r
tcl,kcl
t,t
dh,dh
sh,sh
axr,r
l,l
en,ix
z,s
pcl,kcl
tcl,pcl
p,p
ux,iy
v,v
kcl,kcl
l,ow
aw,aw
jh,jh
ax,ax
ae,ae
m,n
q,q
ay,ay
z,z
f,f
m,m
t,k
z,z
nx,nx
kcl,kcl
ax,ix
kcl,kcl
k,k
ix,ix
n,ux
n,n
iy,iy
kcl,kcl
f,f
w,w
er,er
iy,y
ay,ay
n,n
n,n
q,l
bcl,pcl
w,w
ix,iy
ix,ix
q,tcl
uw,ux
v,v
ey,ey
ae,ae
ix,ax
sh,sh
ao,ao
ah,ah
ih,ih
ix,ix
z,jh
iy,y
z,z
ao,ao
t,t
ow,ow
s,s
n,ng
s,s
ix,n
ih,n
v,m
ix,ix
ch,ch
k,k
er,axr
axr,axr
ih,ix
ay,ay
ax,ax
d,kcl
dh,dh
aw,aw
y,y
ey,ay
ae,ay
aw,ae
kcl,kcl
r,r
w,w
ng,n
p,p
ih,ix
eh,ix
ix,ix
th,kcl
r,r
l,l
iy,iy
aa,aa
iy,ix
s,s
w,w
el,axr
ao,w
th,t
dh,ix
pcl,kcl
ih,ih
t,t
l,l
l,l
p,g
k,k
s,s
hh,k
ix,ix
q,q
tcl,kcl
d,d
q,q
n,n
axr,axr
kcl,kcl
axr,r
r,axr
ix,ix
aa,aa
ix,ix
m,n
y,y
l,l
s,s
pcl,pcl
tcl,tcl
ae,ae
r,r
gcl,pcl
bcl,bcl
sh,sh
k,k
r,r
ay,ay
ix,ix
m,m
ay,ay
k,k
eh,ae
ao,ao
er,er
iy,iy
ng,ng
ax,ix
ih,ih
ow,ow
z,sh
ax,q
n,n
axr,er
eh,ah
aa,ay
w,w
kcl,kcl
ix,ix
q,q
k,k
v,v
q,q
ay,ay
kcl,kcl
dh,dh
r,w
k,k
g,k
n,n
s,s
ax,ax
ix,ix
gcl,kcl
eh,ih
ae,ae
bcl,bcl
ae,ae
oy,oy
ux,ux
r,r
r,r
bcl,tcl
eh,eh
r,r
t,t
t,t
ao,ay
l,w
ih,eh
sh,sh
ae,eh
q,q
iy,iy
jh,ch
hv,hv
ux,ux
r,r
ax,ax
dcl,tcl
ax,r
pcl,tcl
s,s
axr,axr
axr,axr
ay,ay
r,r
ch,ch
eh,eh
axr,axr
dcl,n
ix,ux
l,ax
ao,ao
tcl,tcl
y,iy
l,l
ae,eh
kcl,kcl
l,l
gcl,gcl
er,axr
iy,iy
r,r
ao,ao
iy,iy
ao,ao
ae,ae
s,z
s,s
ow,ow
iy,iy
ow,uw
r,axr
eh,ix
hv,hv
dcl,dx
ae,aa
s,s
dcl,n
w,w
hh,hh
hh,hh
k,k
ih,ux
p,f
n,n
m,m
m,m
w,w
axr,axr
ah,ax
t,t
dx,dx
bcl,m
dh,n
bcl,dcl
ix,iy
pcl,tcl
dh,dh
pcl,tcl
kcl,kcl
g,g
s,s
eh,eh
ey,ey
ux,iy
ng,n
r,ix
z,z
ae,ae
ih,eh
m,m
ng,n
ix,iy
axr,ux
th,th
ey,ey
l,v
t,t
k,kcl
ey,iy
tcl,pcl
f,f
iy,ey
n,dcl
l,ax
iy,iy
iy,iy
gcl,gcl
oy,oy
ih,ih
m,m
ix,ix
iy,iy
k,k
oy,ey
dh,k
t,ch
iy,iy
k,k
g,k
kcl,kcl
p,p
nx,n
nx,nx
aa,aa
ay,ay
ax,ax
iy,iy
t,t
s,s
ay,ay
ay,ay
axr,axr
q,q
sh,sh
m,m
aa,ao
w,w
ey,ey
aa,aa
ax,ax
d,d
ax,q
ih,ix
kcl,g
er,er
t,t
s,s
ay,ey
l,l
v,v
s,s
er,oy
r,ix
y,y
dcl,n
ix,ih
ow,ow
m,m
s,s
s,s
ix,ix
gcl,kcl
k,k
ax,ax
kcl,kcl
tcl,w
hv,hv
aa,ao
aa,aa
ax,ax
iy,iy
ay,ay
kcl,tcl
jh,jh
s,s
y,y
axr,axr
kcl,tcl
aa,aa
dh,tcl
eh,ey
ay,ay
el,axr
ih,y
er,er
kcl,kcl
iy,iy
ih,ey
t,k
kcl,kcl
r,v
ow,ow
p,b
ux,ux
tcl,tcl
ah,ah
n,m
eh,aa
q,q
f,f
dcl,dcl
eh,aw
eh,ae
ix,ix
w,w
m,v
n,n
ux,ux
axr,axr
ay,ay
q,q
s,s
s,s
l,ax
ow,ow
r,r
l,l
eh,ey
ae,ae
w,w
m,m
ix,ix
aa,ae
axr,axr
n,n
em,m
ae,ae
ix,ix
q,q
dcl,n
s,s
hv,hv
m,uw
y,ix
bcl,w
axr,ay
r,r
r,r
v,v
n,v
d,t
kcl,kcl
ow,uh
r,r
aa,ao
dh,m
k,k
tcl,kcl
dcl,gcl
ux,ux
dcl,tcl
dcl,kcl
tcl,tcl
ae,ae
er,axr
s,t
n,n
s,s
l,q
ae,ae
r,r
ey,ey
r,ah
iy,r
d,t
s,s
d,k
ow,l
ih,iy
ch,sh
ax,ix
ah,ah
g,hh
aw,ao
axr,ix
axr,r
s,s
y,ih
ow,m
s,s
ih,iy
iy,iy
m,m
sh,f
w,w
iy,iy
q,q
pcl,kcl
ix,ix
ae,ix
z,z
sh,sh
y,y
k,k
eh,eh
n,n
r,r
sh,sh
dcl,g
ix,ix
y,iy
f,f
w,w
ih,ix
ax,ix
dcl,tcl
iy,iy
ah,ax
s,s
l,l
ae,ae
tcl,kcl
ux,ux
k,k
m,m
ix,ix
k,k
dcl,gcl
r,m
v,f
l,l
ix,ax
aw,aw
n,m
aa,ao
tcl,tcl
tcl,tcl
s,s
ax,ax
dh,dh
n,n
l,ow
bcl,bcl
m,m
p,p
p,p
aa,r
eh,eh
k,k
q,q
bcl,m
ix,ix
n,n
eh,ix
ax,ax
m,m
kcl,tcl
ax,ax
el,uh
axr,r
ih,ih
r,r
s,s
w,w
iy,iy
ix,ix
s,sh
l,l
d,t
r,aa
dh,dh
r,r
iy,iy
w,w
aa,ao
y,p
iy,iy
ay,ay
eh,eh
d,n
axr,axr
gcl,gcl
s,s
bcl,bcl
axr,axr
ao,ao
ae,ae
sh,sh
ix,ih
ah,ah
eh,eh
s,s
iy,iy
iy,iy
ao,r
ax,ix
w,w
n,n
ao,ao
s,s
n,n
g,k
ih,ih
ix,iy
ix,ix
ix,ix
iy,iy
ih,ih
l,w
ng,ng
tcl,tcl
kcl,tcl
en,n
l,l
iy,iy
l,ax
k,k
ix,ix
v,v
ae,ae
ax,v
ao,ao
ix,ix
tcl,pcl
q,q
n,m
hv,hv
ax-h,kcl
nx,nx
iy,iy
eh,r
ih,ih
gcl,gcl
ay,ay
z,z
tcl,tcl
v,p
tcl,tcl
pcl,bcl
tcl,pcl
ao,ao
m,m
q,kcl
hv,hv
gcl,k
tcl,tcl
dh,n
ux,ux
f,f
axr,q
t,d
ax,ax
ax,ax
n,n
ux,uw
tcl,kcl
jh,jh
ow,ah
y,ix
z,s
g,g
eh,ax
t,t
t,k
s,s
k,k
sh,sh
y,hv
z,z
ih,iy
s,s
ay,ay
aa,ao
iy,iy
f,f
ow,axr
gcl,kcl
k,k
l,ow
kcl,kcl
th,th
w,w
q,q
ah,eh
tcl,kcl
axr,axr
g,g
eh,eh
kcl,kcl
l,oy
t,t
r,w
hh,hh
ae,ae
er,ix
gcl,pcl
aa,ay
n,n
r,aa
ih,ih
er,r
g,dx
iy,iy
ix,ix
aa,ao
en,n
s,s
kcl,gcl
n,n
ow,ow
ix,ix
m,dx
axr,er
n,n
ow,ow
ax,ih
l,l
hh,hh
l,w
bcl,bcl
kcl,kcl
k,q
jh,ch
eh,eh
ih,ih
ih,ih
kcl,m
l,l
er,er
eh,ah
ch,t
p,p
w,w
n,n
axr,axr
m,hv
aa,ay
aa,ao
eh,ih
l,q
t,s
l,q
ey,ey
s,s
r,r
q,q
sh,sh
er,axr
f,f
v,v
aw,ay
f,f
kcl,kcl
w,w
tcl,kcl
dh,dh
l,w
l,l
iy,ey
l,ix
hv,ih
eh,axr
l,l
n,n
l,l
pcl,kcl
tcl,kcl
k,k
n,n
dh,b
gcl,gcl
ae,eh
ux,uh
dcl,dcl
ix,ix
ng,n
ae,ae
y,ng
ch,s
g,dx
f,f
ih,ix
ix,ix
ah,eh
n,m
ey,ey
r,iy
gcl,dcl
ng,ng
ao,ao
dx,dcl
bcl,bcl
ay,ay
th,th
ix,ix
iy,y
ay,ay
m,n
ey,ey
v,v
ae,ae
l,l
ix,iy
dh,dh
pcl,pcl
ix,iy
axr,r
r,m
s,s
aa,ao
r,r
t,k
aa,ao
tcl,dcl
ax,l
ch,ch
iy,iy
s,s
dcl,gcl
g,k
ay,ay
ow,ow
oy,oy
m,m
kcl,kcl
m,n
iy,iy
ay,aa
ae,q
y,iy
axr,axr
uh,ix
eh,er
r,r
k,jh
dcl,gcl
m,m
ah,aa
kcl,kcl
kcl,kcl
r,ax
nx,n
er,er
f,th
t,t
aa,q
n,n
ax,w
ao,ao
m,axr
kcl,tcl
aw,aa
t,t
v,v
ix,ix
jh,ch
kcl,kcl
v,v
dh,dh
l,l
ix,ih
iy,iy
axr,axr
hv,axr
l,w
dcl,tcl
ae,ae
v,v
ih,iy
ux,uw
ae,ae
k,k
m,r
l,l
f,f
ax,ax
ae,ae
dx,dx
tcl,kcl
k,k
ay,ay
iy,iy
dcl,dcl
d,t
uh,ow
k,k
kcl,kcl
s,s
n,n
iy,iy
bcl,bcl
ah,ah
kcl,kcl
uw,ax
kcl,kcl
tcl,kcl
dcl,dcl
ch,ch
l,ow
bcl,bcl
t,t
dx,dx
r,r
dcl,tcl
iy,ix
n,n
ih,ih
eh,ae
uw,ux
hv,hv
hh,w
tcl,kcl
oy,oy
ax,ix
dh,tcl
dcl,tcl
sh,sh
m,m
dcl,dcl
ih,ih
dcl,tcl
dcl,dcl
n,n
k,k
ih,ix
sh,sh
pcl,kcl
z,s
m,m
s,s
l,ax
ae,ey
er,r
eh,ih
z,s
iy,r
m,m
s,s
nx,n
q,q
ow,ow
pcl,pcl
s,s
s,s
sh,sh
s,f
r,r
s,s
ah,ah
ay,ay
gcl,dcl
n,n
dh,dcl
ow,ow
axr,axr
bcl,v
ae,ae
ix,ix
iy,iy
l,m
ey,ey
f,f
ix,ix
r,iy
ux,ix
ix,ix
hv,hv
r,q
dcl,dcl
ix,ih
ao,aa
tcl,pcl
n,m
b,p
er,er
n,n
dx,g
ax,ix
ao,ao
er,axr
r,axr
m,n
eh,eh
sh,sh
iy,iy
hh,hh
r,ix
ax,ax
l,ow
s,s
gcl,kcl
ix,ix
iy,iy
th,th
k,t
q,q
ow,ow
ao,w
d,t
sh,sh
n,n
ax,ax
n,n
f,t
ay,ay
eh,ey
n,n
nx,n
r,r
k,k
aa,aa
iy,iy
ix,ix
ae,ae
f,f
axr,axr
dcl,gcl
pcl,pcl
tcl,tcl
ah,ah
ey,ey
er,ih
r,r
ix,ax
l,l
ao,ao
s,s
aa,aa
k,k
ao,w
ae,ae
iy,iy
z,s
ix,ix
f,f
kcl,kcl
p,t
l,l
y,y
jh,sh
p,p
l,l
sh,sh
r,r
ih,ux
n,dh
ae,ae
z,z
pcl,pcl
ow,ow
m,m
n,n
n,n
eh,l
r,r
ao,axr
ae,ae
r,q
m,n
r,r
y,y
dx,dx
tcl,dcl
ah,ah
n,n
ao,ao
ix,ix
iy,y
s,s
eh,eh
hv,hv
tcl,tcl
ih,ih
s,s
g,g
ao,ao
iy,iy
uw,r
s,z
ah,r
tcl,tcl
er,er
ih,ih
kcl,kcl
z,s
l,l
ao,ao
aa,er
f,f
el,ax
er,er
t,t
iy,iy
gcl,gcl
uh,ax
s,s
iy,iy
aa,ax
axr,axr
kcl,tcl
iy,y
s,s
r,r
ix,ih
aa,aa
tcl,tcl
iy,iy
n,n
t,t
ax,ix
eh,ae
q,q
iy,y
iy,iy
aa,eh
iy,iy
n,n
d,d
el,ax
ax,uw
v,v
ix,ix
ix,r
z,zh
tcl,tcl
ix,iy
s,z
k,k
dcl,dcl
kcl,kcl
w,ax
dh,p
r,r
er,er
ao,aa
tcl,tcl
t,t
axr,axr
y,iy
ay,ay
dx,dx
r,r
d,k
ix,ix
el,el
k,k
k,k
l,l
ah,ax
bcl,bcl
en,n
iy,iy
ix,ix
ae,ae
n,n
q,q
pcl,tcl
er,axr
gcl,tcl
ae,ae
iy,iy
iy,iy
z,z
eh,ix
ix,ix
iy,iy
pcl,tcl
axr,iy
s,s
iy,ux
z,z
ih,ih
p,p
w,w
l,l
m,n
s,s
k,p
tcl,tcl
t,t
n,n
dh,m
eh,eh
ow,ao
ux,ux
bcl,tcl
em,m
s,s
ey,ey
ao,q
n,m
z,z
r,r
eh,eh
n,n
s,f
er,r
bcl,bcl
n,ng
oy,oy
er,er
tcl,kcl
n,n
aw,aa
ao,ow
iy,iy
f,f
p,p
iy,iy
axr,axr
ae,ae
p,p
f,f
ix,r
l,w
g,g
kcl,kcl
gcl,kcl
dcl,dcl
r,r
pcl,pcl
axr,r
v,ax
z,s
s,s
kcl,kcl
p,p
n,ix
tcl,tcl
ax,g
ix,ix
t,d
ow,ow
l,l
s,s
iy,ix
axr,axr
t,k
ix,n
v,v
dh,dh
ix,d
ow,oy
q,q
ux,y
tcl,tcl
kcl,kcl
dx,dx
p,p
ax,ix
pcl,kcl
tcl,kcl
dh,tcl
n,m
l,l
k,k
l,l
f,f
m,m
ah,ih
ix,iy
dx,dx
axr,r
w,w
m,n
f,f
f,f
sh,sh
ux,ux
r,r
ax,ax
w,w
ax,w
ng,ng
ih,ix
b,kcl
t,t
q,eh
tcl,kcl
ey,iy
axr,axr
q,n
kcl,tcl
s,s
ax,ay
kcl,kcl
q,q
s,s
t,t
z,z
w,p
kcl,kcl
k,k
pcl,pcl
dcl,dcl
ah,axr
l,w
l,w
ix,ix
uh,axr
r,r
kcl,k
ey,ey
l,l
y,y
ae,eh
axr,ix
w,w
n,n
ih,eh
n,m
b,p
l,l
kcl,kcl
eh,eh
eh,eh
ix,ix
er,er
er,er
iy,ih
q,q
n,dx
dh,tcl
iy,ih
ix,ix
bcl,dcl
l,l
ao,aa
oy,oy
ih,ih
n,n
gcl,gcl
eh,eh
axr,axr
v,v
el,w
p,p
dcl,tcl
f,f
ah,ah
el,l
dcl,dx
iy,iy
eh,axr
ow,ow
dh,v
s,sh
iy,iy
z,dh
ah,eh
aa,q
n,n
n,m
ng,ng
tcl,tcl
l,w
kcl,kcl
ao,aa
ay,q
t,k
pcl,pcl
ao,ao
eh,ix
ao,ao
axr,axr
er,uw
ae,ey
gcl,gcl
ae,ae
ix,ix
pcl,tcl
kcl,tcl
ow,ow
r,r
s,s
ae,ay
aa,ao
z,z
eh,eh
ah,eh
n,n
dcl,tcl
ae,ae
l,ax
ih,ih
z,z
ix,ix
kcl,kcl
r,er
z,s
ix,ix
iy,iy
s,s
s,s
z,z
gcl,kcl
hv,hv
s,s
w,w
m,n
g,g
ao,ao
z,z
ey,iy
tcl,tcl
hh,hh
ay,ay
n,ng
s,s
er,eh
tcl,kcl
kcl,kcl
tcl,kcl
m,gcl
ah,ow
en,n
tcl,kcl
ux,iy
l,l
l,uw
th,dh
ix,ix
dh,dcl
sh,sh
g,g
tcl,kcl
ih,ix
ey,ey
n,n
l,ah
eh,ah
tcl,kcl
r,r
n,n
pcl,pcl
iy,iy
sh,sh
m,m
ix,ih
iy,iy
ih,ux
jh,ch
k,k
ey,ey
tcl,v
l,l
y,iy
m,n
d,d
m,m
dh,t
axr,axr
hh,hh
w,w
axr,axr
ah,eh
ah,ah
hh,p
eh,r
s,s
p,p
tcl,tcl
w,r
m,m
z,s
ah,ah
l,l
n,m
p,kcl
eh,er
pcl,tcl
ae,eh
dh,dx
ih,ey
ix,ix
aa,aa
s,s
ih,iy
ih,ih
l,l
p,p
ax-h,p
pcl,kcl
axr,r
nx,dx
aw,ow
ix,ix
ae,ae
l,l
g,k
el,l
eh,ih
ey,ey
ax,m
r,r
sh,sh
kcl,kcl
ae,ae
r,r
ih,ih
ux,ux
iy,iy
dcl,bcl
ix,ix
ao,ao
p,p
uh,uw
iy,iy
eh,ae
ih,ih
bcl,m
dx,dx
w,w
aa,aa
iy,iy
ix,ix
dh,k
ax,ix
q,q
iy,iy
m,m
n,n
kcl,kcl
f,v
r,r
pcl,pcl
dh,dh
oy,ow
dh,n
pcl,pcl
ix,ix
ow,ow
f,t
w,w
axr,er
dh,z
dcl,tcl
m,m
dcl,dcl
kcl,pcl
ay,ay
er,er
dcl,dcl
n,ng
ix,ix
f,kcl
ey,iy
pcl,pcl
ch,ch
tcl,kcl
pcl,tcl
l,l
tcl,tcl
iy,iy
q,ix
n,n
r,r
f,f
q,q
ix,ix
f,f
ih,axr
s,s
aa,ao
ix,ix
l,w
ux,r
ax,ax
gcl,gcl
axr,axr
ae,ae
ae,ae
tcl,q
ix,ix
iy,iy
er,er
y,y
k,k
dh,p
kcl,pcl
axr,axr
l,l
ng,ng
dcl,dcl
y,k
tcl,tcl
ow,ao
aa,aa
v,r
eh,eh
eh,q
n,ix
er,er
eh,ih
ow,ow
axr,r
bcl,bcl
r,axr
ah,l
ih,r
ix,ix
v,ix
ix,ix
l,ao
eh,ih
l,l
f,f
ix,ix
pcl,pcl
s,s
er,er
axr,q
iy,ix
nx,n
s,s
kcl,kcl
ax,ax
l,el
r,ow
l,l
dh,th
f,f
eh,ey
axr,ix
l,l
gcl,gcl
w,w
ch,s
dcl,gcl
ow,er
eh,eh
n,n
aa,ae
ix,ix
q,q
n,n
ih,ih
hv,hv
axr,axr
bcl,bcl
l,l
iy,iy
ax,ix
n,n
ae,ay
aa,aa
eh,axr
d,t
s,s
er,iy
k,k
ow,ao
s,s
ax,axr
v,v
l,ax
n,n
q,q
l,l
r,r
dh,dx
s,z
kcl,pcl
ax,ix
d,g
er,er
ih,ih
tcl,kcl
ih,axr
ix,ix
iy,iy
ah,ah
ey,eh
ih,ih
kcl,kcl
gcl,kcl
s,s
aa,aa
axr,axr
w,w
s,s
pcl,pcl
ae,ae
l,l
ng,ng
n,n
m,m
iy,ey
ix,ix
z,z
p,hh
hv,hv
ae,ae
ax,uw
dcl,dcl
s,s
eh,ih
t,p
iy,y
iy,iy
bcl,bcl
dcl,kcl
kcl,kcl
dcl,dcl
z,z
kcl,kcl
l,l
l,l
p,p
l,w
n,n
dh,dh
bcl,bcl
axr,aa
ih,iy
n,n
l,l
tcl,kcl
iy,iy
l,w
eh,ih
hv,hv
axr,axr
s,s
k,k
dcl,dcl
axr,axr
iy,ih
r,r
pcl,pcl
ao,aa
z,z
n,n
n,n
iy,iy
tcl,tcl
ow,ao
m,n
k,k
tcl,tcl
sh,sh
oy,oy
kcl,kcl
p,t
s,sh
l,iy
ix,l
r,r
ix,ix
p,p
t,t
eh,ih
en,n
l,l
dh,v
ae,ae
r,r
n,ng
s,s
tcl,tcl
ae,ae
ix,ih
er,er
kcl,tcl
bcl,bcl
ix,ix
p,k
ux,ux
m,n
iy,iy
dcl,m
s,s
gcl,gcl
ux,iy
axr,er
l,q
tcl,tcl
ix,uw
axr,eh
y,y
t,t
bcl,m
ax,ax
er,er
z,z
ae,aa
kcl,tcl
axr,r
iy,iy
iy,iy
ix,ix
iy,iy
ao,ao
ih,eh
k,k
sh,sh
dcl,dcl
r,r
tcl,bcl
v,v
tcl,pcl
v,g
ax,ix
f,f
r,axr
ix,iy
q,q
n,n
dcl,dcl
l,m
hh,hh
eh,eh
ah,ah
ay,ay
ax,ax
s,s
n,n
f,f
pcl,pcl
ih,ih
r,q
ch,ch
ax,ix
ix,ax
dcl,dcl
iy,iy
n,n
z,z
w,w
ix,ix
z,z
eh,eh
l,l
zh,zh
r,r
ax,m
kcl,kcl
iy,iy
eh,eh
ax,ix
ng,ng
ix,z
iy,iy
tcl,kcl
kcl,kcl
v,m
l,w
ax,ax
l,l
iy,iy
r,axr
s,s
m,m
ch,ch
pcl,pcl
ao,aa
r,r
aa,aa
l,l
ih,ah
v,r
y,y
t,t
t,s
sh,f
m,bcl
f,f
ch,ch
pcl,kcl
p,p
m,ng
dh,d
dx,l
iy,iy
ao,ao
k,k
ix,ix
r,r
f,p
ih,ix
iy,iy
eh,eh
ix,ax
z,s
n,n
er,er
iy,iy
s,z
r,r
n,n
m,n
ix,en
ax,ax
z,s
kcl,kcl
axr,axr
er,axr
tcl,tcl
tcl,tcl
kcl,kcl
sh,s
f,f
n,n
k,k
ae,ae
ix,ih
ix,ix
kcl,kcl
er,axr
nx,nx
m,m
n,n
dcl,tcl
eh,ah
el,ow
ix,ix
tcl,tcl
ey,iy
t,t
r,r
ix,ey
tcl,pcl
s,s
t,t
l,w
n,m
eh,eh
ix,ix
eh,eh
s,s
aa,aa
eh,ae
pcl,pcl
ih,ix
s,s
ux,ux
dh,p
z,z
ae,eh
kcl,kcl
ax,ix
tcl,tcl
dcl,bcl
ix,iy
kcl,tcl
tcl,jh
kcl,gcl
l,l
n,n
ae,eh
dcl,g
kcl,kcl
ax,ix
axr,ix
kcl,kcl
ey,ey
hh,p
s,s
ng,ng
d,jh
f,f
k,k
dcl,dcl
n,n
ey,ae
ch,ch
t,jh
y,er
s,s
n,n
jh,jh
ax,ax
sh,ch
dcl,gcl
sh,sh
iy,iy
iy,iy
dx,g
l,l
l,l
iy,iy
ay,ay
q,q
k,k
r,r
hh,hh
eh,axr
r,ix
dx,dx
w,w
q,q
m,m
axr,ix
n,n
hh,hv
ix,ix
ay,ay
axr,axr
dcl,dx
f,f
ay,ay
ow,ao
m,m
ae,ae
gcl,kcl
ih,ih
er,er
k,k
iy,iy
p,k
q,q
n,en
iy,iy
hv,hv
k,k
q,q
t,t
n,n
ix,ix
iy,iy
kcl,kcl
gcl,n
pcl,kcl
z,s
kcl,kcl
tcl,pcl
tcl,tcl
ch,ch
ae,ae
ao,ao
r,r
th,th
l,l
s,s
hv,hv
er,er
t,k
ux,ux
l,l
tcl,ng
ix,ix
ae,ae
aa,ao
ey,ey
bcl,tcl
iy,iy
ux,ih
er,eh
aa,aa
axr,axr
ao,ow
axr,iy
iy,iy
l,l
k,k
sh,sh
kcl,kcl
eh,ix
ax-h,tcl
iy,iy
g,g
ih,ux
k,k
eh,ih
ao,ao
f,f
r,r
dcl,dcl
kcl,kcl
ey,ey
kcl,kcl
bcl,pcl
q,q
dx,g
ix,ix
iy,iy
l,ax
z,z
b,p
f,t
ax-h,g
t,t
en,n
t,t
dcl,gcl
w,w
tcl,tcl
n,n
s,t
q,q
ax,ix
pcl,kcl
kcl,kcl
ix,n
k,k
l,l
ih,ih
s,s
jh,jh
s,s
l,l
iy,iy
oy,oy
p,p
t,jh
r,r
m,tcl
f,f
aa,l
s,s
k,k
y,y
s,s
f,f
k,k
ih,ih
ae,eh
iy,iy
iy,iy
n,n
axr,ix
r,r
f,f
iy,ey
dx,dx
hh,dcl
ae,eh
ax,ax
r,r
ey,ey
tcl,kcl
ih,ix
ax,ax
q,tcl
tcl,kcl
er,er
z,s
iy,iy
t,t
iy,iy
t,t
ax,ix
q,ax
s,s
z,z
p,d
s,s
s,s
s,s
dx,dcl
eh,ih
ax,ix
ao,aa
dcl,n
ao,ao
r,r
p,p
r,r
ah,l
ae,ae
y,y
g,ix
sh,ch
ao,ao
ih,ix
z,z
tcl,tcl
pcl,pcl
ae,ae
dcl,gcl
iy,iy
s,s
er,er
ae,aa
n,n
tcl,pcl
kcl,dx
hv,g
ow,ow
tcl,tcl
eh,y
s,s
tcl,tcl
th,th
l,l
s,s
th,f
k,k
l,el
eh,ae
aa,eh
z,s
dcl,y
n,m
eh,iy
s,s
t,t
l,ax
l,l
v,dcl
jh,jh
dh,q
ix,ix
s,s
dcl,dcl
axr,ix
pcl,pcl
ax,ix
pcl,pcl
l,l
l,l
ae,ae
bcl,kcl
ax,ix
tcl,tcl
iy,iy
s,s
kcl,pcl
m,m
p,p
t,t
m,q
q,ax
pcl,tcl
iy,iy
dx,dx
ao,axr
dcl,dcl
aw,aa
s,s
n,ng
t,t
iy,ey
oy,oy
gcl,gcl
tcl,tcl
ao,ao
pcl,bcl
s,s
ah,aa
p,p
n,n
pcl,pcl
k,k
z,s
r,axr
ax,ax
f,f
ng,gcl
s,s
r,r
ih,iy
ey,ey
ix,ix
th,kcl
n,n
ux,ux
axr,er
bcl,pcl
d,t
sh,sh
aa,aa
sh,sh
uh,ao
jh,jh
iy,iy
v,dx
w,ng
v,r
p,p
sh,sh
r,r
dcl,dcl
ih,ih
tcl,tcl
axr,er
b,p
ao,ao
s,s
s,s
n,ng
nx,m
oy,ow
s,s
ae,ae
k,s
m,w
dx,dx
ch,ch
r,r
n,p
ae,ae
t,t
aa,aa
ae,ae
ix,ix
r,r
s,s
ae,ay
eh,er
r,r
v,v
ay,hv
eh,eh
r,r
p,p
tcl,tcl
ch,ch
hh,p
r,r
ae,ae
iy,iy
ux,ux
s,s
s,s
ax,ax
axr,ih
dh,dh
n,n
ey,ey
m,m
s,s
ah,ow
n,m
ao,aa
jh,jh
kcl,kcl
ow,hv
aa,aa
ah,ix
aw,aw
aa,r
y,y
r,r
ux,ux
aw,ow
iy,iy
s,s
z,z
iy,iy
kcl,kcl
w,w
ch,jh
ax,ax
ow,w
n,n
tcl,kcl
m,n
ae,ae
w,w
dcl,kcl
ih,axr
v,v
z,z
r,r
gcl,dcl
tcl,tcl
r,r
iy,iy
ae,ae
s,s
dh,p
q,ax
t,d
ah,ow
f,f
bcl,pcl
ax,ix
p,p
w,w
w,p
r,r
eh,ix
iy,ux
ax,ix
eh,ih
iy,y
q,q
n,n
kcl,kcl
ix,ix
hv,q
iy,iy
uh,ax
n,m
kcl,kcl
aw,aw
w,w
tcl,kcl
t,d
q,q
iy,iy
k,k
ax,ux
n,n
dcl,bcl
ax-h,kcl
ax-h,t
p,k
r,ax
k,k
z,s
kcl,kcl
l,l
gcl,tcl
n,n
aa,aa
ax,ih
iy,iy
k,k
v,m
s,s
ux,ux
ow,ow
ix,r
ch,ch
pcl,kcl
dcl,gcl
el,el
v,v
ax,ix
eh,ey
n,n
r,r
w,w
ae,ae
ao,ao
eh,eh
iy,iy
n,n
aa,aa
ih,ix
sh,sh
n,n
nx,dx
f,f
sh,sh
q,q
z,z
ae,ae
iy,iy
tcl,tcl
ax,ix
axr,axr
ae,eh
ax,m
r,r
iy,iy
iy,iy
ax,ix
s,s
en,n
k,k
er,axr
dcl,tcl
n,m
pcl,pcl
iy,iy
k,k
v,v
m,m
em,m
w,w
tcl,kcl
z,z
ow,ow
q,tcl
r,r
pcl,kcl
dcl,tcl
ix,ix
l,l
gcl,tcl
aa,aa
ng,ng
f,f
f,f
ao,aa
z,z
w,w
axr,ay
v,w
kcl,kcl
n,n
kcl,kcl
ix,ix
axr,er
ax,ax
iy,iy
f,f
n,n
iy,iy
oy,oy
s,s
k,k
bcl,dcl
ax,ix
ix,ng
l,n
ih,iy
f,f
g,g
iy,iy
s,s
dcl,dcl
iy,iy
tcl,tcl
tcl,kcl
tcl,dh
ng,ng
f,f
l,l
d,t
z,s
dcl,dcl
el,ow
eh,ih
axr,ax
f,v
eh,ay
th,th
ao,w
z,z
z,z
axr,axr
z,z
ix,ix
iy,iy
dh,dh
pcl,pcl
z,z
zh,jh
dcl,tcl
l,l
ih,ih
eh,ix
ix,ix
v,v
ah,r
tcl,dcl
ih,ih
t,t
ay,ay
tcl,tcl
tcl,dx
l,l
n,n
dcl,w
sh,sh
uh,ax
m,n
ih,ix
m,m
ih,r
l,l
k,k
kcl,kcl
n,n
aa,ay
s,s
z,z
ao,ao
dcl,dcl
ae,ae
l,l
tcl,z
ix,ix
tcl,tcl
w,w
r,r
iy,iy
m,m
axr,axr
ao,aa
ax-h,dcl
ax-h,z
kcl,kcl
axr,q
ix,ix
gcl,bcl
w,w
iy,iy
q,q
l,oy
iy,ey
dh,d
ix,n
s,s
er,er
axr,er
s,s
k,k
ax,q
s,s
s,s
ix,ix
p,p
dx,dx
w,w
aa,aa
l,ng
axr,er
jh,jh
kcl,kcl
gcl,pcl
ix,ix
nx,n
t,t
p,p
n,q
r,r
ux,iy
kcl,kcl
tcl,tcl
ax,ax
r,r
dx,d
hh,y
n,n
dcl,dcl
dcl,dcl
ae,ae
q,q
y,y
ix,q
ix,ix
g,k
l,w
ax,ax
s,s
d,d
bcl,bcl
er,axr
f,f
f,f
ah,r
dcl,dcl
s,s
ow,ow
axr,r
n,n
sh,sh
r,ix
q,ix
tcl,tcl
ix,ix
en,n
er,er
v,f
ae,eh
s,s
l,l
r,er
s,s
n,n
ix,ux
l,l
p,p
nx,nx
l,ax
k,k
n,dcl
ey,ey
n,n
dx,dx
s,s
ay,ay
bcl,kcl
z,s
axr,axr
ux,ux
t,t
kcl,tcl
r,axr
iy,iy
gcl,gcl
ae,ae
aa,aa
ih,ix
s,z
ao,aa
z,sh
w,w
kcl,kcl
ux,ix
g,g
q,q
l,ay
ix,ix
kcl,kcl
sh,sh
d,k
eh,ix
ay,ay
iy,iy
tcl,tcl
kcl,gcl
ih,eh
dx,dx
l,w
ix,ix
hv,hv
dcl,dcl
ah,l
ng,ng
gcl,ng
n,n
iy,iy
tcl,kcl
r,r
axr,axr
z,z
s,s
ix,ax
dcl,pcl
ow,ow
ng,ng
ah,ih
er,eh
n,n
l,l
tcl,tcl
ey,ey
ux,ux
ix,ix
f,p
z,s
n,n
s,s
f,f
dcl,dcl
ux,ux
dx,dcl
m,m
s,s
w,w
ah,ah
tcl,tcl
s,s
gcl,kcl
sh,sh
y,y
er,er
ow,ow
dcl,n
iy,iy
ow,ow
d,t
iy,iy
aa,ay
ng,n
ux,ux
k,kcl
ax,ix
t,t
r,r
w,m
iy,iy
z,s
aw,eh
s,s
er,er
n,m
ng,n
k,k
axr,axr
v,v
jh,t
kcl,kcl
t,t
aa,aa
p,p
w,w
eh,eh
r,er
r,r
g,g
l,ax
ow,ow
tcl,tcl
ax,ax
iy,iy
w,w
tcl,kcl
dh,t
w,bcl
ix,ax
axr,axr
s,s
tcl,tcl
y,y
dcl,dcl
w,w
r,r
er,er
r,r
axr,axr
ix,ix
axr,axr
iy,ux
ax,ih
gcl,kcl
dh,dh
ae,ae
t,t
t,t
kcl,kcl
iy,iy
dx,dx
dx,ix
d,d
ah,ah
n,en
dcl,tcl
tcl,tcl
hv,p
ix,ix
ih,ix
l,l
r,axr
pcl,pcl
n,n
dcl,dcl
en,en
ix,iy
k,k
eh,eh
nx,n
ae,ae
iy,iy
iy,iy
m,ng
t,d
gcl,tcl
eh,ix
eh,eh
oy,oy
eh,ix
oy,oy
s,s
m,m
l,v
eh,ih
pcl,pcl
ix,ix
z,s
zh,sh
q,q
s,s
pcl,pcl
tcl,kcl
dh,d
ix,ih
r,eh
r,r
ix,ix
em,m
iy,iy
y,ix
n,gcl
iy,ey
tcl,tcl
en,en
ix,ax
f,s
n,n
t,t
ey,ih
axr,axr
el,ow
w,w
k,k
tcl,tcl
r,axr
dcl,dcl
iy,ey
ax,ix
eh,ih
jh,d
n,n
l,l
ih,ih
ah,ah
pcl,gcl
l,w
s,s
m,m
er,er
uw,uw
bcl,pcl
gcl,gcl
ix,iy
l,l
ng,n
w,q
k,k
k,kcl
q,q
w,w
ih,ax
m,n
iy,ey
r,r
m,m
er,aa
ow,ao
z,s
ch,s
p,p
gcl,n
k,k
ix,n
ix,q
ux,iy
tcl,tcl
ae,ae
kcl,kcl
ih,q
r,r
uw,uw
th,th
nx,n
ix,ix
s,s
ax,ix
q,q
ae,eh
r,r
l,l
r,r
ux,ux
n,n
v,v
m,n
ix,q
l,l
k,k
ax,ix
ow,ih
ch,jh
ix,iy
s,s
m,q
s,s
dx,t
dh,dh
iy,iy
ay,ay
z,s
s,s
er,axr
ax,ix
eh,eh
gcl,gcl
n,n
y,ix
ax,ax
pcl,tcl
iy,iy
ah,eh
axr,ax
ae,ae
iy,iy
axr,ax
t,t
pcl,tcl
dcl,dcl
l,l
ae,ae
eh,eh
n,n
r,axr
r,r
ao,axr
tcl,tcl
ow,ow
axr,axr
gcl,gcl
ih,er
t,k
aa,ao
ae,ae
ax,ax
g,g
l,w
tcl,ix
r,r
ae,ae
k,k
tcl,tcl
l,l
axr,axr
oy,oy
r,axr
uw,uw
ey,ih
ax,ix
ae,eh
aw,ae
ix,ix
ay,ey
tcl,pcl
k,k
ax,ax
ax,ax
n,n
l,l
pcl,bcl
s,s
s,s
s,s
ih,ih
ix,ah
kcl,kcl
pcl,kcl
dcl,tcl
iy,ey
axr,axr
th,n
jh,d
kcl,kcl
oy,oy
r,r
d,t
n,n
s,s
ih,eh
ih,eh
ng,m
dcl,tcl
dcl,kcl
s,s
eh,ix
ix,n
eh,ae
eh,ix
kcl,tcl
l,l
ng,n
l,l
sh,sh
ah,ah
s,s
ay,ay
ih,ix
q,k
ae,eh
d,hv
iy,iy
iy,iy
iy,iy
eh,ix
q,q
t,t
n,n
jh,jh
axr,axr
iy,iy
z,s
ah,ax
ng,n
dcl,dcl
p,p
axr,er
w,l
ah,l
kcl,kcl
gcl,kcl
s,s
iy,iy
ey,ey
s,s
er,axr
tcl,pcl
ux,r
jh,zh
ix,ix
iy,iy
v,f
s,s
tcl,kcl
ay,ay
w,w
ix,ih
n,n
sh,ch
ih,ih
sh,sh
ae,ae
v,f
ch,ch
hh,p
s,s
z,z
l,l
eh,ah
tcl,pcl
f,f
pcl,tcl
tcl,kcl
aa,aa
g,k
ae,ae
s,f
s,s
ey,ey
en,z
ih,iy
iy,iy
iy,iy
l,l
pcl,gcl
kcl,kcl
pcl,pcl
ae,ae
f,f
ow,ow
aa,aa
gcl,gcl
th,dh
iy,iy
n,n
s,s
n,n
dx,ix
l,l
ih,ix
ix,axr
axr,axr
v,v
ow,ah
n,n
dx,dx
d,t
n,n
eh,ih
ix,ix
ih,iy
uh,ax
ey,ey
q,q
z,s
gcl,dcl
pcl,pcl
k,k
iy,iy
dcl,n
er,er
ih,iy
n,q
ae,ae
n,n
eh,ah
t,t
axr,r
axr,axr
y,iy
axr,ix
n,n
dh,v
sh,sh
l,l
uh,ax
kcl,kcl
ay,ey
l,l
g,k
d,d
aa,ao
dh,dcl
t,t
aa,aa
q,q
aa,ay
m,m
l,w
tcl,pcl
r,r
l,l
gcl,dcl
t,t
tcl,q
uw,axr
ux,ih
dh,dh
iy,iy
q,q
dh,dh
tcl,tcl
axr,axr
bcl,bcl
r,r
t,t
ux,ux
t,t
kcl,kcl
q,tcl
l,l
ih,ix
ux,ix
ax,q
iy,iy
n,n
ix,n
r,r
m,m
y,y
ux,ux
iy,ux
r,r
m,n
bcl,bcl
n,n
dcl,bcl
hv,m
l,ix
w,w
ih,ey
kcl,kcl
dh,dh
dx,dx
k,k
pcl,kcl
tcl,tcl
iy,iy
dcl,tcl
sh,sh
ae,ae
sh,sh
eh,eh
dh,p
v,bcl
g,g
ay,ay
ow,ax
axr,axr
ih,ih
r,r
tcl,kcl
p,d
dcl,dcl
ey,ey
gcl,tcl
ix,ux
f,sh
pcl,tcl
axr,eh
ih,y
z,s
l,l
eh,er
z,s
er,axr
g,k
s,sh
q,l
w,w
l,l
ix,ux
axr,axr
er,er
aa,aa
er,er
iy,iy
m,m
hh,hh
l,l
ow,ah
aa,axr
y,y
p,p
q,q
ah,uh
l,l
ao,ao
s,s
ao,ao
tcl,kcl
ey,ey
oy,oy
ey,iy
n,tcl
ae,ae
n,n
kcl,kcl
ao,oy
n,m
t,t
pcl,pcl
s,s
d,t
r,dx
r,r
r,r
ih,ih
w,w
dcl,tcl
aa,aa
ux,ux
ow,ow
l,uw
tcl,tcl
n,m
iy,iy
iy,iy
pcl,pcl
ey,ey
ow,ow
q,q
kcl,kcl
w,w
s,s
ah,q
s,s
kcl,tcl
ah,aa
p,p
g,k
m,m
w,w
s,s
z,s
l,l
kcl,kcl
iy,iy
l,l
en,m
tcl,kcl
l,ix
ao,ao
ix,ix
k,kcl
d,d
r,r
f,f
w,w
ux,ix
ae,ae
ix,ix
ix,ix
m,m
n,dcl
pcl,tcl
ix,ix
l,l
ih,ux
n,n
ng,n
n,n
s,s
r,v
ng,ng
k,k
w,w
m,n
oy,oy
l,l
f,f
l,l
ow,ow
t,t
ux,ix
p,p
th,th
eh,r
kcl,kcl
m,m
dcl,bcl
r,r
iy,ix
y,y
er,er
ih,ix
l,l
ao,ao
iy,iy
ih,ah
m,m
r,r
ix,ix
axr,axr
dx,dx
iy,iy
ah,aa
s,s
el,el
aw,ae
iy,ey
ow,ow
ix,ix
w,w
jh,jh
s,s
l,l
tcl,tcl
zh,jh
n,n
l,w
v,v
ih,n
kcl,kcl
s,s
ah,ah
ih,eh
pcl,kcl
kcl,kcl
n,n
p,p
ch,sh
z,z
s,s
iy,iy
f,f
ih,ix
kcl,kcl
l,l
s,s
hh,hh
ix,ix
eh,ah
tcl,pcl
ae,ae
dx,t
ix,ix
ix,ix
pcl,kcl
iy,iy
tcl,tcl
er,er
eh,ah
sh,sh
l,l
k,kcl
z,z
t,k
z,z
b,w
ch,ch
ax,w
aa,aa
n,n
er,ow
t,t
n,n
eh,eh
dh,v
l,l
gcl,g
iy,iy
w,w
l,l
n,n
ix,ix
uw,ux
k,k
tcl,tcl
t,t
l,l
iy,iy
eh,eh
axr,ix
w,w
eh,ih
tcl,tcl
ih,ih
ah,ah
nx,n
l,l
y,y
z,s
s,s
w,w
bcl,bcl
tcl,pcl
k,k
kcl,kcl
z,z
tcl,tcl
n,m
en,n
oy,oy
ux,ix
q,q
ux,ix
ih,ih
q,q
eh,r
r,axr
aw,ow
ix,iy
ih,ix
sh,sh
l,l
y,y
tcl,kcl
ih,ix
m,n
ix,ih
dx,gcl
bcl,bcl
v,v
r,r
p,p
n,n
v,v
ix,iy
sh,sh
ah,ay
ih,axr
s,sh
n,m
s,s
aa,ay
n,ng
pcl,kcl
dx,gcl
iy,iy
axr,axr
aw,aa
f,f
pcl,dcl
l,l
kcl,kcl
v,v
tcl,kcl
ax,m
s,s
iy,iy
sh,sh
ax,ix
k,k
l,l
hv,hv
uh,ix
en,n
ao,ao
uh,q
sh,sh
uw,ow
er,er
ax-h,tcl
l,l
pcl,kcl
s,s
s,s
s,s
ae,eh
ao,ao
v,bcl
pcl,tcl
ux,iy
ix,ix
sh,sh
ay,ay
ix,ix
g,k
dcl,dcl
axr,axr
g,k
eh,ax
dcl,dcl
l,q
aa,aa
m,n
er,r
er,er
tcl,tcl
hv,ih
r,r
t,t
n,m
w,w
q,q
q,q
aa,aa
kcl,kcl
hh,p
bcl,tcl
n,n
r,w
q,q
tcl,tcl
w,n
ax,ax
iy,iy
ix,en
ax,ih
dcl,tcl
oy,oy
f,th
oy,ao
n,n
p,p
ao,ao
kcl,kcl
s,s
s,ch
dcl,dcl
n,q
dx,d
w,w
tcl,tcl
s,s
jh,jh
dcl,dcl
q,q
ix,ix
s,s
l,l
s,s
ow,oy
t,t
er,er
ay,ay
iy,iy
ow,ow
n,n
bcl,bcl
r,w
ax-h,q
jh,d
eh,ae
ix,ax
ey,ey
tcl,kcl
ey,ey
dcl,ix
ih,ix
s,f
ih,ih
bcl,tcl
axr,axr
z,s
p,p
dx,nx
y,iy
ao,ao
aa,aa
aa,ao
axr,r
m,m
m,m
th,th
kcl,kcl
v,v
axr,ix
iy,iy
ay,ay
jh,jh
en,en
ae,ae
dcl,dx
l,ax
r,axr
z,z
oy,oy
n,m
t,t
ux,uw
p,p
ae,ae
l,ax
aa,aa
iy,iy
k,t
sh,sh
sh,sh
ae,ae
z,s
axr,er
ix,ix
axr,axr
ax-h,ih
s,s
hv,y
aa,ao
hv,hv
sh,sh
ix,ix
pcl,pcl
ax-h,ax
ae,ae
axr,axr
l,l
iy,iy
f,f
p,p
r,r
s,s
n,n
aa,aw
n,n
l,l
dh,m
aa,aa
l,l
ae,ae
dh,kcl
nx,dx
ao,q
pcl,tcl
uh,ax
q,q
t,t
n,n
dx,dx
bcl,bcl
z,s
ow,el
f,f
t,d
axr,r
k,k
axr,axr
hh,hh
g,g
ch,ch
eh,eh
axr,axr
l,l
aa,aa
n,n
s,s
k,k
bcl,bcl
ix,ix
ix,ix
z,z
q,q
ax,ix
eh,ih
f,f
dh,dh
ix,ix
n,n
l,l
axr,axr
ae,ae
ay,ay
bcl,tcl
ax,ix
eh,ih
iy,ux
dh,ax
m,m
iy,iy
axr,axr
iy,iy
aa,aa
l,l
hh,hh
ax,axr
k,k
y,y
axr,axr
axr,er
bcl,bcl
r,r
s,s
axr,axr
t,t
q,q
w,w
m,m
k,d
r,r
ih,ih
f,sh
aa,aa
w,ix
r,r
aw,ae
ih,ih
dh,l
eh,ae
tcl,tcl
ih,ax
z,z
v,w
ae,ae
kcl,kcl
g,g
kcl,kcl
gcl,n
m,m
aa,ao
aw,aa
f,t
aa,aa
iy,iy
m,m
dcl,tcl
v,v
iy,iy
ux,iy
ae,eh
v,m
ah,ah
iy,iy
q,axr
z,z
pcl,kcl
r,axr
q,q
ax,ax
t,t
iy,iy
ah,l
w,w
bcl,bcl
s,s
z,s
ix,ix
en,n
r,ay
eh,eh
g,q
ih,ih
ah,ah
ax,ax
k,k
ix,ix
tcl,tcl
m,n
hv,hv
iy,iy
ux,ux
iy,iy
r,r
ow,ao
r,r
w,w
iy,iy
bcl,bcl
p,d
r,w
ah,ae
eh,r
pcl,pcl
ux,axr
k,k
kcl,kcl
s,s
ow,ow
en,axr
tcl,pcl
m,m
v,v
aw,aw
tcl,tcl
ey,ey
l,ng
r,r
ix,ix
k,k
hh,hv
p,p
v,g
r,axr
eh,ah
p,p
l,w
ah,ax
er,axr
ah,q
er,er
ng,ng
tcl,tcl
ix,ih
s,s
y,q
ih,iy
tcl,tcl
r,axr
z,s
r,r
tcl,tcl
ao,ao
s,s
z,s
l,q
tcl,tcl
ay,ay
n,n
t,t
v,v
l,ix
gcl,gcl
kcl,kcl
er,er
s,s
ix,ix
ay,ix
kcl,kcl
d,jh
gcl,gcl
s,t
ix,ix
y,y
s,s
ux,ux
dh,v
eh,eh
m,m
dh,dh
r,r
ae,ae
dx,dx
l,ax
dcl,dcl
ix,ix
dh,v
ax,ax
en,n
el,axr
p,p
iy,iy
s,s
r,r
ay,ey
iy,iy
tcl,pcl
kcl,kcl
y,y
m,m
iy,iy
g,g
y,y
n,n
z,z
y,y
l,l
z,z
ng,ng
k,k
d,t
sh,sh
iy,iy
aa,aa
ix,ng
dh,t
s,s
ih,ix
ay,ay
ae,ae
iy,iy
s,s
pcl,tcl
sh,sh
ey,ey
r,r
dx,dx
z,s
iy,ix
ao,ay
s,s
s,s
iy,iy
t,t
d,q
sh,sh
ay,ay
iy,y
ix,ix
ux,ux
iy,iy
iy,iy
tcl,tcl
gcl,dcl
ax,ax
y,y
kcl,kcl
ah,ah
w,w
r,r
zh,zh
iy,iy
aa,aa
w,w
r,r
v,v
z,z
k,k
tcl,kcl
ax,l
dx,dx
ay,ay
pcl,pcl
k,k
ae,ih
sh,sh
s,s
s,s
iy,iy
f,f
tcl,kcl
ih,ix
ah,ay
ix,ix
ae,ae
ao,ao
ay,ay
ao,ao
dcl,dcl
g,k
iy,iy
kcl,pcl
f,f
ah,ah
l,l
ax,uh
w,w
q,q
r,r
sh,sh
ao,ao
ae,ae
ow,ao
eh,eh
s,s
aa,aa
tcl,tcl
w,w
pcl,kcl
l,ax
l,w
n,n
r,r
iy,iy
ao,ao
d,p
q,q
r,r
ih,ih
m,m
ah,ax
nx,nx
tcl,tcl
ux,ux
sh,f
kcl,tcl
t,t
p,p
f,f
axr,axr
s,s
n,n
dh,d
tcl,tcl
s,s
dcl,dcl
q,q
tcl,kcl
s,s
ih,ih
axr,axr
z,z
kcl,kcl
aa,ay
ih,ih
er,er
q,q
ow,ow
w,w
l,ix
l,l
ih,iy
axr,er
ax,ax
ih,ix
p,p
eh,eh
dx,d
iy,iy
ix,ix
kcl,kcl
q,y
t,t
k,k
ae,ae
ao,w
t,jh
iy,iy
aa,aa
s,s
r,r
pcl,pcl
dh,d
aa,aa
ey,ey
w,w
m,m
hv,hv
kcl,kcl
k,k
p,p
f,pcl
er,r
eh,ih
uh,ax
el,l
t,t
r,y
ey,ay
k,k
axr,er
ix,ix
t,t
ix,ix
z,z
eh,eh
ax,ix
t,t
k,k
s,s
m,tcl
z,s
jh,jh
s,s
aa,ow
em,bcl
ae,ay
r,r
s,s
bcl,bcl
q,k
s,s
kcl,kcl
ix,ix
er,er
ao,w
eh,ix
ah,ah
ay,ay
ah,ah
q,q
ix,ix
m,m
s,s
n,n
n,n
dx,p
hv,hh
m,m
kcl,kcl
t,d
s,s
w,w
g,g
ey,ay
l,w
r,r
n,n
ae,ae
ey,r
ix,ix
hv,w
v,v
kcl,kcl
ay,ay
y,y
s,s
r,r
ao,ao
n,n
z,s
tcl,tcl
ax,ah
q,q
tcl,dcl
bcl,bcl
dcl,dcl
s,z
n,en
ix,n
r,r
ax,q
n,n
dcl,dcl
iy,iy
y,y
er,er
ax,eh
ae,ae
dx,dx
tcl,kcl
m,m
tcl,kcl
l,ow
r,r
s,z
w,w
w,w
ix,ix
k,k
ah,ah
m,dx
ix,ix
tcl,kcl
pcl,bcl
ix,ix
pcl,pcl
k,k
iy,iy
r,r
r,r
dcl,dcl
iy,iy
r,er
l,el
eh,eh
l,l
z,z
l,ay
ix,ix
ng,ng
r,ax
w,w
z,z
q,q
l,l
m,m
ao,ao
kcl,kcl
k,p
dcl,dcl
r,r
l,l
bcl,dcl
dh,n
ih,ey
er,er
v,f
p,k
r,r
dcl,n
iy,iy
hv,y
ix,ix
tcl,kcl
g,g
eh,eh
tcl,tcl
tcl,gcl
m,n
ih,ix
p,p
m,m
ow,ao
ae,aa
n,n
r,r
el,l
hv,hv
ix,ix
t,t
tcl,dx
th,th
ao,ao
hv,hv
kcl,tcl
ay,ay
ix,ix
dx,dx
eh,ih
ow,el
m,m
z,z
sh,sh
dh,dh
eh,ih
ih,ih
l,n
l,ax
ae,ey
r,r
dh,v
f,f
iy,iy
r,r
n,n
iy,iy
iy,r
k,k
ax,n
kcl,tcl
ah,ax
hv,y
k,k
dx,ix
r,r
axr,r
hh,hv
s,s
iy,iy
ix,ix
bcl,bcl
ux,ux
tcl,kcl
axr,q
n,ng
m,m
l,l
bcl,bcl
ih,iy
y,ix
y,y
tcl,tcl
ay,ay
l,l
ow,l
oy,oy
el,l
ix,ix
r,r
d,k
ix,ix
dcl,tcl
tcl,pcl
dx,dx
gcl,tcl
s,s
bcl,bcl
ix,ix
n,ng
sh,sh
r,ix
p,p
m,l
r,r
n,n
bcl,bcl
ae,ay
ax,ax
f,f
r,r
ih,ix
n,n
l,l
r,r
jh,jh
ih,ih
hh,q
ix,ix
tcl,tcl
bcl,bcl
p,p
er,er
ay,ay
ax,ix
bcl,bcl
w,ao
aa,l
axr,r
v,l
tcl,tcl
ux,ux
ey,ey
eh,l
axr,er
k,k
uh,ow
jh,jh
ow,ow
ix,w
ax,m
axr,axr
p,p
iy,iy
ay,aa
iy,iy
aa,aa
ao,aa
f,f
ax-h,p
ix,axr
iy,q
oy,oy
er,ay
th,th
ey,iy
aa,aa
r,r
ih,ih
f,f
n,n
iy,ix
aa,ay
l,ao
ih,uh
p,p
hv,hv
m,m
tcl,kcl
n,m
ax,ix
hv,hv
n,n
ix,ix
axr,axr
ng,m
dcl,dcl
bcl,m
eh,ae
el,l
dcl,tcl
dcl,dcl
k,k
axr,axr
iy,iy
en,ng
iy,iy
s,s
hv,hv
v,v
dx,dx
axr,m
eh,eh
g,g
ow,q
t,t
axr,axr
l,l
z,z
ix,ix
s,s
ah,ah
l,l
ae,ae
kcl,tcl
ax,ax
dcl,bcl
jh,sh
dcl,tcl
pcl,pcl
t,ch
bcl,m
y,y
eh,ey
p,p
n,m
ax,ih
iy,iy
iy,iy
ae,ae
r,r
aa,ao
dcl,dcl
em,en
ey,ey
n,n
ey,ey
iy,iy
dcl,bcl
ih,ih
iy,iy
ix,ix
gcl,gcl
aa,aa
g,g
l,el
r,r
ax,ax
bcl,bcl
ay,ay
pcl,pcl
ix,ix
z,z
ae,ae
r,axr
v,p
q,q
f,f
tcl,tcl
dh,dh
ix,n
ix,axr
n,ix
y,y
tcl,kcl
ao,ao
ax,q
dh,r
nx,n
r,r
ux,ux
t,t
eh,ih
n,n
k,k
s,s
kcl,kcl
n,n
ih,ih
ay,ay
eh,er
ax,l
ax,r
r,ix
m,m
ow,ow
ax,ax
kcl,kcl
ah,ax
k,k
r,uh
ae,ay
n,gcl
iy,iy
iy,iy
nx,n
g,k
p,p
kcl,kcl
tcl,tcl
p,p
gcl,gcl
ix,ix
tcl,kcl
p,p
ay,ay
iy,ix
pcl,pcl
ix,ix
ey,ey
axr,axr
v,v
m,m
ey,ey
axr,er
bcl,m
r,l
axr,r
eh,ih
ay,ay
l,l
kcl,kcl
ax,el
nx,n
tcl,tcl
v,v
ih,ih
dx,dx
iy,iy
eh,l
ih,ih
ih,iy
y,iy
ah,ah
w,q
ey,ae
k,k
s,s
dh,dh
eh,ao
ae,ae
s,s
q,r
axr,axr
ix,ux
ih,iy
ay,ay
s,s
m,m
ax,ax
t,jh
kcl,kcl
ux,iy
ah,ix
l,m
kcl,kcl
axr,axr
t,t
r,r
ay,ay
m,n
ey,ey
ao,ao
axr,axr
ix,ih
q,q
s,s
m,bcl
er,er
k,k
aa,ah
r,axr
tcl,tcl
ix,ix
ax,ax
ay,ay
dx,dx
ng,ng
w,w
n,n
kcl,kcl
k,k
k,k
ix,ix
aa,aa
m,m
ih,ix
r,r
v,v
tcl,pcl
l,l
el,ao
r,r
gcl,gcl
kcl,kcl
f,f
ax,ax
p,p
v,ix
ih,ix
ey,ey
ix,ix
ng,n
ae,ae
s,s
t,t
ao,ao
v,v
m,m
tcl,tcl
q,q
iy,iy
v,axr
oy,oy
ae,ae
sh,sh
th,z
nx,n
w,w
r,r
l,l
n,n
er,er
iy,iy
ae,ix
m,m
q,q
iy,y
pcl,kcl
sh,sh
s,s
kcl,kcl
g,g
dcl,dcl
k,k
dcl,kcl
iy,iy
eh,ih
kcl,kcl
r,r
iy,iy
tcl,tcl
ix,axr
r,r
ix,w
y,y
iy,iy
l,el
r,r
k,k
iy,iy
dh,q
ah,ah
t,ch
s,s
ih,ix
ax,ax
ix,q
w,w
z,s
f,f
hh,hh
th,q
ng,m
n,m
ih,ey
bcl,bcl
jh,ch
k,k
t,t
p,k
r,ax
n,n
t,t
tcl,tcl
er,er
eng,en
kcl,pcl
kcl,kcl
axr,axr
q,q
kcl,kcl
el,ow
tcl,kcl
eh,eh
ng,n
aa,axr
k,k
ih,ih
uw,iy
l,l
axr,axr
kcl,kcl
iy,iy
t,t
ix,q
ae,ae
ix,ng
s,s
kcl,kcl
eh,eh
ix,ix
ow,q
ey,ey
ey,ey
k,g
ih,ih
w,w
ow,ow
z,z
ay,ay
r,axr
r,r
ow,ow
ix,ix
pcl,pcl
p,p
kcl,kcl
r,r
dx,jh
z,z
dcl,tcl
r,ix
v,tcl
axr,axr
z,ch
p,p
v,v
r,r
aw,aa
y,iy
s,s
aa,aa
er,axr
r,r
axr,axr
ix,ix
l,w
ay,ay
n,n
ix,ix
axr,axr
q,axr
s,s
ix,ix
n,n
q,q
r,axr
kcl,dcl
y,y
f,th
iy,iy
pcl,pcl
f,f
l,l
tcl,tcl
r,v
ix,ix
iy,iy
r,r
ax,m
t,t
sh,sh
gcl,ix
l,l
m,n
ow,l
uh,ix
kcl,kcl
sh,sh
w,w
q,q
k,k
tcl,tcl
q,q
t,t
kcl,kcl
ey,ey
ey,ih
kcl,p
d,k
g,n
tcl,tcl
l,l
eh,ae
r,q
sh,sh
kcl,kcl
n,n
dx,dx
ch,ch
s,s
eh,eh
g,k
m,m
q,q
q,ax
dh,b
ey,ey
d,v
axr,axr
s,s
kcl,kcl
ih,ih
s,s
ix,uh
ae,er
n,ng
n,ng
ax,g
k,k
iy,iy
ix,iy
z,z
bcl,m
l,l
ix,iy
q,q
n,ng
z,s
ow,ow
ih,ih
iy,iy
ix,ix
aa,ix
iy,iy
ix,ih
el,l
axr,axr
ao,ao
z,tcl
ih,ih
axr,axr
q,q
dcl,tcl
s,s
ih,iy
v,v
d,t
y,y
jh,sh
ix,ux
q,q
er,axr
ax,ix
gcl,dcl
ae,ae
iy,iy
ix,ix
m,m
n,n
r,l
y,iy
l,l
n,m
l,l
n,n
gcl,gcl
axr,axr
iy,ey
nx,g
ao,ao
ey,ey
w,w
q,k
ey,ey
tcl,kcl
l,l
ix,ix
kcl,kcl
tcl,kcl
ix,ix
ax-h,y
l,ax
iy,y
ch,ch
tcl,tcl
ow,ow
s,s
y,y
ax,ih
er,axr
dcl,dcl
hv,hv
en,n
n,n
eh,eh
l,l
sh,z
ih,iy
y,y
ao,ao
ao,ao
ih,ih
z,z
r,r
kcl,kcl
er,er
m,m
dcl,dcl
dcl,dcl
ow,ow
q,q
y,y
s,s
k,k
dh,n
ix,ix
q,q
s,ch
pcl,pcl
dx,dx
ay,ay
ix,ix
ow,ow
iy,iy
axr,axr
iy,iy
w,w
hh,hh
sh,sh
dcl,v
m,m
sh,sh
n,n
ih,y
ah,ah
ae,ae
s,s
t,t
ih,ih
k,k
tcl,kcl
oy,er
iy,iy
jh,k
ao,ao
dcl,dcl
ix,ix
iy,iy
ay,aa
m,m
dh,th
t,t
ao,ao
m,n
axr,axr
bcl,dcl
kcl,kcl
hh,hh
d,d
iy,iy
dcl,tcl
z,z
pcl,tcl
gcl,kcl
l,l
y,y
oy,oy
aa,aa
s,s
d,t
s,sh
ix,ix
axr,axr
t,t
ix,ix
el,el
ix,ix
m,n
n,n
p,hh
t,k
ng,m
y,y
l,l
ih,ih
ah,ah
s,s
ey,ey
z,ix
ah,ax
q,q
bcl,bcl
p,kcl
kcl,gcl
l,l
w,w
dh,kcl
bcl,kcl
s,s
aa,aa
ix,ax
ix,ix
pcl,pcl
s,s
p,p
t,t
ax,ax
tcl,tcl
s,s
p,p
s,s
ay,aa
l,ix
f,f
ah,ae
ih,ix
y,y
ix,ix
z,s
ax,uh
ch,ch
r,r
ih,ih
ey,r
iy,ey
axr,axr
w,w
t,t
tcl,tcl
ax,ax
r,r
kcl,kcl
z,s
axr,axr
kcl,kcl
l,l
f,f
ao,ao
ae,ae
t,t
iy,iy
n,m
tcl,gcl
eh,eh
bcl,bcl
t,t
ih,ix
g,g
l,l
ah,l
m,n
n,n
r,axr
l,l
ix,ix
el,ax
axr,axr
m,m
jh,jh
eh,eh
n,n
ih,ih
dx,dx
ao,aa
s,s
ay,ay
kcl,kcl
r,r
axr,r
eh,r
iy,iy
iy,q
s,s
tcl,tcl
d,t
dcl,tcl
kcl,kcl
ae,iy
k,k
tcl,m
t,t
l,l
ae,ae
iy,iy
y,d
n,n
kcl,kcl
n,n
uh,ix
sh,sh
kcl,bcl
nx,n
ao,aa
d,t
dx,dx
r,r
t,t
ng,ng
p,p
uh,ow
er,er
eh,ih
n,n
iy,iy
ux,iy
w,w
ng,n
ix,iy
iy,iy
ix,ix
y,hv
aa,aa
z,sh
ae,ae
ix,ix
ih,ix
hv,v
er,axr
l,l
aw,aa
dh,dh
dx,dx
iy,iy
kcl,kcl
gcl,gcl
kcl,kcl
ay,ay
ah,ah
k,k
ix,ix
ax-h,t
bcl,pcl
k,k
ey,ih
jh,ch
gcl,gcl
ay,ay
s,s
s,s
ey,ey
y,y
tcl,pcl
t,t
ax,ax
ix,ix
hv,hv
s,s
nx,n
s,s
g,g
tcl,tcl
dx,dx
ae,ae
ah,aw
k,k
el,l
n,n
aa,aa
dh,dh
ih,ih
s,s
l,n
dcl,n
l,oy
ih,ih
dcl,dcl
tcl,tcl
kcl,pcl
ah,ax
p,p
pcl,tcl
ey,iy
axr,axr
kcl,kcl
q,ix
ao,ow
ey,ey
ao,w
aa,aa
ey,ey
d,d
n,n
ax,ix
y,y
dcl,dcl
kcl,q
m,n
iy,iy
l,l
q,q
g,g
w,w
l,l
q,q
ux,ix
r,r
tcl,tcl
r,r
y,y
bcl,bcl
ix,ix
eh,eh
iy,ix
y,y
ix,n
ih,ix
ix,ix
t,ch
s,s
ix,ix
tcl,tcl
ow,q
pcl,pcl
ng,ux
ao,ao
tcl,q
ah,ay
ix,ix
iy,iy
n,n
f,f
w,w
dcl,tcl
r,axr
sh,sh
v,v
s,s
kcl,tcl
b,b
r,axr
l,w
t,t
axr,ux
hh,hh
s,s
ow,uw
er,axr
pcl,tcl
iy,iy
kcl,tcl
ih,ax
w,w
er,axr
ax,ix
t,t
tcl,kcl
iy,iy
tcl,tcl
m,m
ey,ey
aw,ae
dcl,dcl
bcl,bcl
ih,ih
gcl,tcl
r,r
ow,ow
l,l
ay,ay
ay,ay
ax,ix
d,t
ow,ao
s,s
kcl,kcl
ih,iy
m,n
ix,ix
ng,m
y,iy
l,l
iy,iy
oy,oy
ao,l
l,l
w,w
y,y
ay,ay
tcl,pcl
ah,eh
ax,ix
g,k
v,v
eh,ih
ix,uw
q,tcl
ih,ih
s,s
el,el
eh,eh
m,n
iy,iy
ay,aa
k,k
ax,ix
aa,ay
z,s
t,kcl
ih,axr
iy,iy
ow,ah
ah,ae
r,r
l,l
ey,ey
t,t
ax,ax
er,er
v,f
k,k
s,sh
n,n
ax-h,k
tcl,tcl
dcl,tcl
tcl,kcl
l,ix
s,s
iy,iy
k,k
p,p
aa,aa
kcl,kcl
kcl,kcl
pcl,bcl
tcl,tcl
aa,aa
t,t
aa,aa
l,w
ih,ey
ih,ih
m,n
oy,oy
dx,dx
n,q
aa,aa
kcl,tcl
er,r
z,z
ae,ae
k,k
dcl,bcl
axr,er
ux,er
en,en
eh,eh
ax,ax
ux,iy
ax,l
ao,aa
d,dx
p,p
ao,aa
s,s
iy,iy
aa,aa
hv,hv
ao,ao
bcl,dcl
dcl,dcl
hv,n
ae,ae
v,dx
ae,ae
ey,ey
m,m
m,m
l,ix
ih,ax
bcl,pcl
axr,axr
ix,r
s,s
el,el
hv,hv
ey,ey
iy,iy
k,k
er,er
f,f
ao,aa
ih,ix
ix,dx
t,t
t,p
r,r
f,f
dcl,dcl
l,w
r,r
iy,iy
axr,axr
k,k
v,v
iy,iy
dcl,tcl
dcl,dcl
axr,ux
t,t
k,k
s,s
ae,ae
en,en
iy,iy
tcl,tcl
ae,eh
q,q
sh,sh
k,k
w,w
kcl,kcl
axr,axr
gcl,kcl
uw,er
ix,ix
ih,ih
dcl,dcl
d,t
r,ax
iy,ix
k,k
n,n
s,s
iy,iy
r,ax
m,m
r,r
dcl,dcl
kcl,tcl
iy,iy
v,v
n,n
ix,q
ih,ih
ix,axr
kcl,kcl
p,p
kcl,kcl
er,er
g,k
ay,ay
z,z
ih,ih
n,n
ay,ay
ih,ix
iy,iy
s,sh
ix,q
m,m
z,z
l,w
dcl,dcl
b,tcl
iy,iy
g,k
iy,iy
iy,iy
s,sh
ng,n
ux,ux
iy,iy
kcl,kcl
axr,axr
axr,axr
ih,ux
ae,ae
axr,axr
gcl,gcl
dcl,dcl
aa,aa
kcl,kcl
t,t
uh,ih
gcl,tcl
tcl,kcl
ah,ah
bcl,bcl
v,dh
pcl,pcl
m,n
ay,ay
ih,ih
aa,ao
ih,ix
l,q
v,r
r,r
ey,ey
s,s
w,q
uw,axr
ah,ah
ux,iy
ih,ih
q,axr
jh,jh
p,p
iy,iy
ix,ix
axr,axr
s,sh
r,r
th,z
r,r
sh,sh
iy,y
sh,sh
q,q
ow,l
dh,v
oy,ay
v,v
v,v
q,q
v,m
dx,dx
pcl,kcl
r,axr
v,v
aa,aa
ow,ow
s,s
y,y
gcl,y
n,n
ih,ix
z,s
w,w
dcl,gcl
ih,ih
t,t
ey,ey
dx,ix
s,s
t,t
w,w
oy,oy
ao,r
ix,ix
hh,hh
ih,ix
dcl,tcl
hv,y
l,l
ix,ix
ix,ix
q,q
pcl,tcl
dcl,dcl
m,n
z,jh
dcl,kcl
tcl,tcl
iy,iy
er,er
k,k
s,s
q,q
oy,oy
kcl,kcl
bcl,bcl
ux,ix
iy,iy
w,w
iy,iy
dh,dh
k,k
ix,ix
ih,ih
oy,ao
w,w
ay,ay
m,m
s,z
pcl,pcl
s,s
axr,axr
dcl,tcl
s,s
l,ix
s,s
b,p
dh,n
k,k
r,r
l,l
s,s
iy,iy
ax,ax
p,p
ix,ih
ax,ah
sh,sh
uh,ih
ix,ix
bcl,bcl
dcl,dcl
ay,aa
t,t
tcl,kcl
er,er
tcl,kcl
hv,axr
dcl,dcl
dh,dh
pcl,tcl
th,th
ax,ay
ix,ix
t,t
hv,v
ix,ix
ao,ao
iy,iy
kcl,kcl
s,s
g,n
sh,sh
l,l
r,r
er,axr
ay,ay
jh,ch
s,s
iy,iy
k,k
l,q
gcl,gcl
tcl,tcl
k,k
n,n
ae,ae
w,w
ix,ix
l,q
dx,dh
gcl,bcl
th,th
ix,r
kcl,kcl
gcl,dcl
ay,ay
w,w
t,t
t,t
ax,ix
r,r
ix,ix
ow,ow
jh,jh
ae,ae
iy,iy
tcl,tcl
dcl,n
m,m
ix,ih
uh,ux
l,ix
z,th
l,l
uh,ix
ah,ix
n,n
uh,uh
z,z
pcl,tcl
pcl,tcl
iy,iy
aa,ao
sh,sh
r,r
m,m
f,f
eh,eh
n,n
el,l
ix,ix
kcl,pcl
l,ow
w,w
ix,dx
ux,ih
z,z
ch,ch
ax,ax
dcl,dcl
r,aa
eh,eh
y,y
m,uw
ao,ao
ih,iy
ax,ah
iy,iy
ix,ax
eh,ae
axr,q
dx,dx
tcl,tcl
pcl,pcl
l,w
ix,iy
ah,aa
el,el
iy,iy
dh,dh
ay,ay
p,p
r,r
jh,jh
axr,axr
n,n
ng,ng
q,q
ow,iy
er,axr
aw,aw
ix,ix
ae,ae
eh,eh
uw,w
ae,ae
v,ix
ix,ix
ao,ao
ix,ix
n,n
y,ix
tcl,tcl
n,m
ae,ae
f,f
ay,aa
ux,ih
w,ax
ix,iy
k,k
s,s
ay,ay
n,n
y,y
z,z
tcl,kcl
sh,sh
ow,aa
m,m
el,el
k,k
ao,aa
aa,ay
l,l
p,p
t,t
ng,ng
aa,aa
aa,eh
s,s
y,y
axr,r
v,g
kcl,tcl
f,f
y,y
eh,ih
jh,sh
dh,dh
jh,jh
axr,axr
ay,ay
eh,ah
q,q
l,el
iy,iy
d,p
q,q
ih,ih
gcl,gcl
bcl,bcl
t,t
z,s
ix,eh
nx,n
ay,ay
tcl,pcl
iy,iy
s,s
dcl,dcl
nx,n
m,m
ow,ao
ah,ax
l,ix
l,ax
ah,ow
s,s
s,s
q,ix
r,r
w,w
ow,ow
dcl,dcl
kcl,kcl
ch,ch
p,p
n,m
kcl,kcl
q,q
eh,eh
v,m
n,n
pcl,tcl
axr,axr
dh,dh
t,t
dcl,bcl
ix,ix
q,q
axr,er
t,t
r,w
aa,aa
axr,axr
z,z
s,s
ay,ay
ix,ux
uw,uw
bcl,m
ax,m
iy,iy
k,k
z,z
sh,sh
hv,ix
r,r
ix,ih
ax,l
uh,ix
y,q
f,f
nx,n
ow,ow
q,q
l,l
ah,ao
ix,n
r,r
ih,iy
s,s
n,ix
kcl,kcl
uh,axr
ix,ix
aa,aa
kcl,kcl
d,dcl
ao,ao
th,p
m,m
ux,ux
q,q
ax,ax
w,w
f,f
w,w
w,w
l,l
g,jh
n,m
r,r
g,k
n,n
q,q
oy,oy
ix,ix
n,n
dh,d
ih,ix
z,s
ih,axr
er,er
ae,ae
z,v
iy,iy
ax,ax
ey,iy
aa,aa
kcl,kcl
v,w
ax,ix
bcl,bcl
er,axr
dh,n
eh,eh
pcl,pcl
ih,ih
q,q
zh,jh
n,m
iy,iy
z,z
m,m
ax,ix
sh,sh
r,r
n,ng
sh,sh
th,th
r,r
m,m
gcl,dcl
r,r
ey,ey
ax,l
sh,s
eh,ey
n,m
ey,ey
ix,ax
ao,ao
k,k
ao,ao
n,n
l,ow
aa,aa
ih,iy
er,er
ae,ae
s,s
axr,axr
l,m
ax,ax
hh,hh
ah,ah
dh,d
n,n
ix,ix
iy,iy
s,s
tcl,kcl
ow,ow
dh,n
q,ix
r,r
ax,ax
q,q
ix,iy
l,l
z,s
axr,axr
q,q
dh,dh
dcl,bcl
z,z
pcl,kcl
dx,n
m,m
s,s
aa,aa
dx,dx
iy,iy
r,ax
l,ao
f,f
ix,dx
pcl,pcl
sh,sh
r,axr
aa,aa
d,t
er,ix
r,w
ah,aa
l,nx
ao,ao
ay,ay
ae,ae
ix,y
dx,dx
s,s
sh,sh
p,p
pcl,pcl
nx,nx
aa,aa
m,m
b,p
l,n
ng,m
aa,ah
ax,ix
kcl,kcl
ix,iy
ao,ao
ix,iy
ah,l
s,s
r,r
w,w
n,n
sh,sh
aa,aa
ix,ih
s,s
bcl,kcl
ey,ey
dh,q
y,y
ix,iy
ih,ih
ae,ae
gcl,kcl
ix,ix
kcl,kcl
z,z
ax,l
aa,ay
ax,ix
ow,eh
er,er
s,s
m,n
ix,n
ah,ah
g,g
jh,jh
kcl,kcl
bcl,pcl
dx,dcl
gcl,tcl
t,t
ae,ae
gcl,kcl
ix,ix
w,w
n,n
jh,jh
dh,t
g,k
r,ih
er,er
iy,n
zh,jh
ow,ey
m,m
eh,ey
dcl,dcl
er,er
iy,iy
jh,ch
aa,aa
s,s
bcl,bcl
t,t
ax,ix
w,w
r,axr
ih,ih
dcl,tcl
y,y
sh,sh
s,s
ay,ay
ao,aa
s,s
iy,iy
ih,iy
r,r
pcl,pcl
q,q
n,iy
z,z
dx,dx
p,f
tcl,kcl
tcl,tcl
ix,ix
r,r
uw,ux
n,n
eh,axr
l,l
g,k
f,f
n,n
sh,sh
q,q
n,n
iy,iy
l,l
ow,ow
s,s
n,n
r,axr
tcl,kcl
r,r
p,p
ao,ao
gcl,tcl
ae,ey
ux,ux
ao,ao
ng,n
ix,ix
l,l
aa,aa
hv,hv
eh,eh
r,r
iy,iy
aa,ao
ix,ix
kcl,kcl
n,n
b,p
ae,ae
ix,r
dx,dx
axr,axr
ux,ux
bcl,tcl
dx,dx
ax,ax
z,z
dcl,tcl
ah,ah
ae,eh
l,w
r,r
w,w
g,k
l,l
ih,ix
gcl,gcl
n,ng
eh,ay
gcl,gcl
gcl,dcl
m,ng
k,k
ax,ux
iy,iy
tcl,tcl
k,k
pcl,pcl
iy,iy
iy,iy
dcl,gcl
iy,iy
s,s
ix,ix
ch,t
ay,ay
aa,ao
ix,ix
dh,p
m,m
ix,iy
iy,iy
m,m
s,s
n,n
v,v
w,w
y,y
b,q
jh,jh
l,l
n,dcl
ay,ay
eh,ah
z,s
el,el
m,m
ay,ay
ey,ey
k,k
iy,ux
ax,n
eh,ah
ix,ih
iy,iy
gcl,dcl
ix,ix
ax,ax
eh,axr
n,n
ih,ix
ah,ah
ix,ix
r,r
eh,ey
er,axr
pcl,kcl
ix,ax
gcl,gcl
tcl,kcl
axr,r
axr,axr
f,f
ey,ey
aa,ay
jh,jh
kcl,kcl
s,s
w,w
tcl,tcl
s,s
kcl,kcl
ao,ao
ng,ng
eh,eh
dx,kcl
z,z
sh,sh
m,m
t,t
aa,aa
z,z
ay,ay
dx,dx
v,bcl
hh,p
m,m
ao,ah
axr,ix
aa,aa
l,l
iy,iy
p,p
ih,ih
r,r
tcl,tcl
ih,ey
s,s
w,w
ey,ux
iy,iy
l,l
kcl,kcl
pcl,p
hh,hh
ah,ah
ix,q
ah,aa
pcl,tcl
ix,ix
l,m
dh,t
ch,t
ix,ix
eh,ay
ix,ix
m,n
kcl,kcl
dcl,dcl
t,t
s,s
k,k
uh,uh
dcl,gcl
iy,iy
z,z
kcl,kcl
l,l
ch,ch
kcl,kcl
tcl,kcl
ao,ao
r,r
t,t
ae,ae
eh,eh
aa,q
dcl,ix
ax-h,p
s,z
dh,dh
iy,iy
r,r
m,n
ae,ae
bcl,bcl
ay,ay
ax,ix
ix,q
f,f
l,l
ix,ix
gcl,gcl
hv,hv
ix,ix
ix,ix
iy,iy
kcl,tcl
tcl,tcl
ix,ix
axr,m
ow,ow
n,n
en,en
ax,ax
r,r
ay,ay
ae,ae
bcl,bcl
dcl,bcl
ax,ax
bcl,bcl
r,r
aa,l
eh,ih
dh,nx
ax,ax
ae,ae
n,n
er,axr
kcl,kcl
axr,axr
ih,ih
dcl,tcl
r,r
jh,jh
ah,aa
f,tcl
dcl,bcl
s,sh
t,t
d,p
iy,iy
t,p
ao,ao
n,n
iy,iy
n,n
s,s
iy,iy
w,w
z,s
ux,ux
ay,ay
en,en
ng,ng
n,n
ow,ow
n,n
p,p
tcl,kcl
l,l
r,r
ao,ao
ix,ix
aa,ah
y,y
ih,iy
kcl,kcl
s,s
ux,ux
axr,axr
pcl,kcl
eh,ix
kcl,pcl
t,t
tcl,kcl
n,n
er,er
l,l
ux,iy
ix,ix
kcl,kcl
ng,m
q,q
v,v
tcl,tcl
en,ow
th,f
n,ng
iy,iy
w,w
s,s
m,m
z,zh
ih,ih
gcl,dcl
hv,hv
ux,ux
ih,ih
ux,iy
dx,r
n,n
r,dx
y,y
sh,sh
pcl,pcl
k,k
p,p
f,f
dx,dx
w,w
aa,aa
tcl,kcl
n,n
ah,eh
s,s
ae,eh
axr,r
s,s
ey,ey
r,r
iy,iy
t,t
l,ix
ow,ow
l,l
ng,ng
aw,aa
sh,sh
eh,eh
ao,ao
kcl,k
axr,axr
tcl,tcl
tcl,tcl
s,sh
f,kcl
k,k
m,n
ow,ow
dh,tcl
m,m
w,w
s,s
s,z
t,k
kcl,kcl
s,s
q,q
iy,iy
ih,iy
l,l
z,z
ih,ix
ao,aa
r,axr
dx,dcl
m,m
y,y
d,tcl
n,n
q,q
ih,ih
ao,w
iy,iy
ao,ay
eh,eh
ix,ix
t,t
f,f
er,axr
w,w
hv,hv
ey,ey
jh,ch
t,t
r,r
ix,iy
iy,y
kcl,kcl
ix,ix
ah,ah
p,p
ix,axr
er,axr
r,r
w,w
n,n
dcl,tcl
w,w
nx,n
z,z
k,k
bcl,m
dx,n
k,k
ao,ao
ax,ih
eh,eh
ay,aa
gcl,tcl
r,r
kcl,kcl
hh,hh
k,jh
m,m
eh,iy
s,s
ay,ay
s,s
s,s
tcl,kcl
n,n
aw,ae
l,ax
gcl,gcl
ix,ix
k,k
ix,ix
ow,oy
k,k
tcl,tcl
s,sh
g,k
z,z
n,n
m,m
ix,ix
eh,ix
ih,ix
n,n
eh,eh
t,t
ix,ix
iy,iy
m,m
ix,ix
el,el
f,f
s,s
axr,axr
ey,ey
q,q
n,m
aa,aa
r,er
r,r
iy,iy
gcl,kcl
hh,p
iy,iy
dcl,dcl
ax,m
z,z
q,q
w,w
n,n
f,th
aa,aa
q,q
ix,ih
z,z
dx,q
n,n
w,w
ah,eh
w,w
kcl,kcl
ah,aa
s,s
q,q
zh,sh
ow,ow
er,ih
ao,l
n,n
p,p
w,w
l,l
w,w
ux,ux
ae,ae
er,er
iy,iy
v,v
oy,oy
r,r
w,m
pcl,pcl
iy,iy
pcl,pcl
tcl,kcl
bcl,kcl
z,z
p,q
pcl,dcl
s,s
uh,uw
hv,y
ux,er
bcl,bcl
g,q
iy,ih
ux,iy
axr,r
g,k
uw,uw
r,r
sh,sh
dcl,dcl
q,q
ax,ax
l,l
s,s
aa,aa
ix,q
s,s
iy,iy
l,l
q,q
ch,ch
em,m
r,r
pcl,tcl
er,oy
r,r
kcl,kcl
hv,l
kcl,kcl
ey,ey
n,n
ix,ix
g,g
tcl,jh
l,l
gcl,bcl
n,ng
ah,eh
y,y
f,f
r,r
m,m
axr,er
iy,y
ix,ix
m,m
m,m
t,t
n,n
dx,w
ih,ih
er,axr
g,g
ih,ey
dcl,dcl
iy,iy
en,en
iy,iy
m,m
m,m
l,l
f,f
ih,ix
l,l
eh,ih
ng,ng
ih,ih
n,m
hv,hv
w,w
q,q
eh,ae
ux,ux
t,ch
ih,ix
dcl,dcl
eh,eh
ae,ae
th,th
th,f
n,n
ae,ae
t,t
aa,aa
s,s
kcl,kcl
jh,jh
en,n
s,jh
t,k
ae,ae
ix,ix
sh,sh
f,f
er,axr
t,t
ix,r
tcl,gcl
ey,ey
s,s
sh,sh
eh,r
ix,iy
kcl,kcl
bcl,bcl
kcl,k
ae,ih
dcl,tcl
dcl,dcl
y,y
n,n
s,s
ix,ix
t,t
v,n
el,el
el,l
z,z
l,ax
gcl,bcl
r,r
tcl,tcl
gcl,n
iy,iy
aa,axr
l,l
l,l
tcl,t
ix,ix
q,q
iy,iy
ax,ix
s,s
dx,r
kcl,pcl
l,l
ah,ah
kcl,tcl
ix,ih
bcl,bcl
n,m
iy,iy
ey,ey
en,ix
k,k
kcl,kcl
ae,ae
bcl,bcl
ah,ah
m,m
ih,ey
ax,w
iy,iy
uw,y
q,q
n,n
ao,ao
dcl,tcl
eh,ah
ae,ae
ey,ey
l,l
gcl,gcl
m,m
z,s
sh,sh
ae,ae
t,t
l,l
tcl,tcl
uw,ux
dcl,tcl
ih,ih
aa,aa
uw,w
y,iy
eh,eh
eh,eh
z,s
iy,iy
q,q
n,nx
g,g
dcl,kcl
iy,iy
ax,ix
dh,th
ix,q
t,tcl
er,ey
s,s
ix,ix
eh,ae
ng,ng
v,v
g,g
tcl,kcl
ax,ix
er,er
ey,ey
r,r
n,ng
ix,q
n,n
f,f
ix,n
z,z
tcl,pcl
ow,l
tcl,tcl
iy,iy
ix,ix
v,v
z,z
ey,ey
tcl,bcl
s,s
gcl,kcl
s,s
kcl,kcl
r,r
ng,n
d,jh
ix,ow
dh,k
l,l
oy,oy
iy,ey
ao,aa
f,f
f,f
b,k
iy,iy
aa,ay
hh,hv
ae,eh
ax,ax
f,f
dcl,kcl
ax,ax
dx,dx
sh,sh
r,r
l,l
en,m
l,ix
ih,ih
ow,ow
dcl,bcl
dh,dh
kcl,kcl
ao,ao
l,l
kcl,kcl
s,s
eh,eh
m,m
f,f
ae,ae
th,th
s,s
tcl,tcl
er,er
pcl,pcl
t,t
eh,ih
l,ax
aa,aa
kcl,kcl
v,p
n,n
bcl,m
er,er
dcl,dcl
bcl,tcl
ix,ix
iy,iy
dcl,dcl
s,s
iy,ix
ix,ix
th,f
dcl,dcl
p,p
f,f
tcl,kcl
ih,ih
r,axr
aa,aa
en,n
kcl,kcl
tcl,kcl
axr,n
s,s
iy,iy
hh,kcl
dcl,dcl
r,ax
s,s
kcl,kcl
ah,m
kcl,kcl
r,r
ah,axr
f,f
ow,axr
r,r
gcl,kcl
tcl,tcl
ux,iy
er,er
ay,ay
s,s
kcl,kcl
s,s
n,n
l,el
ow,ow
eh,ix
sh,s
ae,eh
ah,ax
w,w
r,r
kcl,kcl
er,er
k,k
iy,ix
eh,ix
iy,ix
r,r
ix,ix
dcl,dcl
iy,iy
dh,m
k,k
dcl,kcl
ih,ih
kcl,kcl
ow,ax
k,k
l,l
ay,ay
m,m
n,ng
ey,iy
er,axr
tcl,kcl
dh,t
n,n
q,q
f,f
ux,ux
aa,aa
n,n
dcl,dcl
axr,axr
tcl,tcl
ao,ao
gcl,gcl
n,n
k,k
eh,eh
gcl,gcl
ux,ux
ih,ax
iy,ux
gcl,bcl
l,ax
v,v
v,v
k,k
s,s
ao,ah
hv,q
pcl,tcl
th,th
gcl,kcl
l,uw
oy,oy
sh,sh
s,s
r,r
kcl,kcl
pcl,tcl
s,jh
dcl,dcl
ax,ax
ix,ih
l,w
n,n
ao,aa
ow,aa
ey,ey
sh,sh
aa,aa
r,r
kcl,pcl
tcl,tcl
dcl,kcl
hh,s
r,r
eh,ih
uh,axr
w,w
ay,ay
er,axr
aa,ao
ng,gcl
z,s
n,dcl
q,q
l,l
kcl,kcl
ao,aa
t,t
eh,eh
l,l
iy,iy
ih,ow
w,w
tcl,kcl
v,v
aa,aa
ay,aa
th,p
r,r
l,el
tcl,pcl
n,n
ix,ix
ng,m
n,ng
v,v
tcl,kcl
ow,ow
n,n
ix,ix
ey,ey
axr,er
z,dh
ix,ey
ah,ah
t,t
s,s
bcl,gcl
kcl,kcl
dcl,dcl
s,z
m,m
tcl,tcl
f,f
ch,t
uh,ow
r,ix
s,s
iy,iy
s,s
axr,axr
k,k
l,r
aa,aa
tcl,pcl
l,w
ih,ih
ix,iy
ay,ay
ay,ay
ey,ey
w,w
l,l
n,ng
gcl,kcl
m,m
pcl,pcl
ey,ey
s,s
r,r
ae,ae
b,p
ay,aa
ae,ae
g,d
ih,ih
dh,dh
ih,ix
aa,aa
kcl,kcl
ao,l
r,r
z,z
ih,ih
ix,ih
k,k
v,dx
axr,axr
nx,n
ix,ix
er,er
oy,oy
n,n
ix,y
ih,axr
kcl,kcl
r,r
gcl,kcl
iy,iy
r,r
dcl,dcl
s,s
l,ow
m,n
r,er
tcl,kcl
ao,ay
jh,jh
ah,ah
y,y
r,er
sh,sh
w,w
m,m
kcl,kcl
r,r
n,g
er,axr
ay,aa
l,l
s,s
ih,ix
iy,iy
p,p
dcl,kcl
tcl,tcl
ay,ay
tcl,kcl
g,k
aa,ao
pcl,kcl
z,z
v,w
t,t
dcl,tcl
ih,iy
aa,aa
n,n
ay,ay
t,p
ix,n
q,q
ae,ae
s,sh
ah,ah
axr,er
ix,iy
f,f
ih,ix
ix,ix
l,l
ux,ux
ix,ix
ah,ix
ux,ix
s,s
kcl,kcl
tcl,kcl
dcl,p
w,w
ax,ax
ix,ih
z,z
kcl,kcl
l,q
z,s
n,n
pcl,pcl
dcl,dcl
r,q
k,k
ow,ow
s,s
bcl,bcl
s,s
ih,ih
pcl,pcl
ix,ix
ix,ix
p,p
ux,ux
ih,ih
m,m
aa,aa
aw,ae
iy,iy
bcl,pcl
dcl,tcl
m,n
ax,q
m,m
ey,ey
ow,ow
r,axr
ih,ih
aw,aa
ih,eh
n,m
r,r
m,ix
q,q
n,n
eh,eh
s,s
z,z
ae,ae
r,er
n,m
ae,ay
sh,sh
uh,uh
er,axr
ax,l
ax,eh
ah,ah
v,v
q,q
pcl,kcl
v,v
d,t
ix,ix
l,l
iy,iy
hv,hv
sh,sh
ah,ah
eh,ih
k,k
z,z
m,m
l,ix
n,ng
l,n
s,s
m,n
oy,oy
g,g
z,ch
pcl,pcl
tcl,kcl
ix,ix
n,m
t,t
ux,ux
dcl,dcl
ey,ey
eh,ih
ix,ux
er,er
hv,hv
q,q
ih,ih
axr,axr
r,r
s,s
dx,dx
iy,iy
ae,ey
ao,w
dx,dx
r,r
p,hh
ay,aa
iy,iy
aa,aa
iy,iy
ng,n
dx,dx
dh,q
ix,ih
sh,sh
hh,hv
ey,ey
aa,aa
ux,axr
l,l
d,d
dcl,tcl
ao,ao
aa,ao
r,r
er,axr
tcl,tcl
z,jh
m,en
oy,oy
s,sh
el,l
ix,q
ih,eh
p,p
axr,er
dcl,tcl
kcl,kcl
m,m
s,s
s,s
eh,ix
n,m
iy,iy
w,w
iy,iy
w,w
s,s
ae,ae
g,dx
axr,axr
eh,axr
axr,er
r,ax
ae,ae
f,p
dx,dx
ix,ix
ix,ix
ih,ix
s,s
axr,ix
s,s
sh,sh
iy,iy
n,m
pcl,pcl
k,k
w,w
r,r
ao,ao
f,f
ah,ah
f,f
tcl,pcl
s,s
z,z
ix,ih
sh,sh
l,l
dh,p
axr,r
m,m
dcl,dcl
tcl,kcl
en,n
r,r
aa,aa
s,s
ae,ae
ao,ao
m,m
ax,ax
en,en
s,s
ah,ah
ow,ow
kcl,kcl
t,t
dcl,kcl
pcl,pcl
ow,ow
z,s
l,l
s,z
r,r
dx,n
k,k
l,ax
l,ax
l,l
aa,aa
n,n
ng,ng
ao,aa
k,k
kcl,kcl
ah,ay
ae,ae
axr,axr
s,s
r,r
r,r
sh,s
q,q
aw,ow
ax,ah
hv,hv
axr,axr
s,s
uh,ax
er,r
bcl,tcl
s,s
n,n
q,q
dcl,dcl
eh,eh
dh,k
ix,ix
ih,ae
er,axr
t,t
iy,iy
ix,ix
kcl,kcl
aa,aa
s,s
tcl,kcl
ax,ax
ay,ay
dcl,dcl
el,q
dcl,tcl
axr,axr
ow,ow
r,r
sh,sh
er,aa
q,ix
r,ay
axr,r
ix,ix
ae,ae
g,g
ah,ah
r,r
iy,iy
iy,iy
ow,l
ux,iy
kcl,kcl
q,q
kcl,kcl
w,w
pcl,tcl
ae,ay
sh,sh
kcl,gcl
p,p
nx,ix
ae,ix
gcl,tcl
ax,ix
ae,ey
ix,ix
ah,ao
n,n
n,n
pcl,kcl
ay,ay
axr,axr
m,en
ay,ay
iy,iy
ah,ah
n,n
iy,iy
tcl,kcl
s,s
k,k
tcl,kcl
ux,ux
g,q
tcl,tcl
eh,eh
ih,ix
n,n
kcl,kcl
m,m
ay,ay
en,m
ix,ix
s,s
ix,ix
l,l
q,q
iy,ix
l,l
ow,ao
m,m
uh,ow
r,axr
w,w
ix,ux
n,n
s,s
ix,ix
iy,r
ey,ey
ey,ey
k,k
y,y
dx,gcl
k,k
n,n
pcl,pcl
kcl,kcl
kcl,kcl
ix,ix
pcl,kcl
ax,ax
ih,ix
kcl,kcl
tcl,tcl
iy,y
axr,axr
w,w
z,z
ay,ay
ae,ae
kcl,tcl
aa,ao
g,k
ax,ax
ax,ix
gcl,tcl
eh,eh
z,z
q,q
eh,axr
eh,aa
s,sh
pcl,tcl
gcl,axr
iy,iy
ah,aa
r,axr
dx,dx
kcl,tcl
m,m
z,z
l,l
oy,oy
iy,iy
er,er
n,n
l,l
m,m
ah,ah
ae,ae
y,ix
dh,dcl
nx,n
s,s
r,r
l,l
ih,ih
bcl,bcl
k,k
ax,ax
eh,eh
ux,ux
eh,eh
s,s
ix,ix
ow,ow
ix,ix
k,k
ow,ao
ax,n
w,w
ix,ix
pcl,pcl
d,t
pcl,kcl
ix,ix
ae,ae
ay,ay
eh,eh
s,s
r,axr
tcl,tcl
ao,ao
ih,ix
pcl,kcl
en,m
pcl,tcl
m,m
dcl,kcl
ix,ix
ih,iy
er,r
s,s
pcl,pcl
iy,iy
v,v
ay,ay
ix,ix
s,s
v,v
aa,ao
pcl,pcl
k,k
pcl,kcl
m,m
ng,ng
aa,ao
el,l
p,p
ay,ay
ao,ow
dcl,dcl
hv,axr
kcl,tcl
t,t
ax,ax
ao,ao
ix,ix
ey,ey
ae,ae
t,t
er,axr
y,y
ah,ah
ix,r
kcl,g
n,n
w,w
ax,ix
ih,ix
s,s
f,f
ix,ih
tcl,tcl
ey,iy
pcl,tcl
ey,ey
p,p
r,ix
m,m
f,f
dh,dh
iy,iy
dh,dh
ow,ow
l,l
r,axr
p,k
ih,ih
tcl,tcl
pcl,kcl
ah,ow
n,n
p,p
ix,iy
s,s
eh,ih
eh,ao
ey,ey
iy,iy
ah,ah
m,m
n,n
iy,iy
em,n
z,s
kcl,kcl
d,d
s,s
kcl,kcl
dx,dx
iy,iy
t,t
tcl,tcl
iy,iy
ae,eh
z,z
y,iy
m,n
tcl,gcl
eh,ix
r,r
y,y
w,w
er,axr
bcl,tcl
kcl,kcl
z,z
ao,aa
kcl,kcl
axr,er
t,t
y,y
z,s
iy,r
l,ix
m,m
tcl,tcl
n,m
ow,ax
tcl,kcl
nx,nx
ao,aa
hh,k
pcl,pcl
m,m
y,ix
iy,iy
n,ix
dcl,gcl
ao,aa
kcl,tcl
ax,ax
oy,oy
m,m
axr,axr
kcl,kcl
n,n
s,s
k,k
l,l
l,ng
axr,axr
th,v
r,r
l,l
k,k
ih,ix
m,m
aa,ao
iy,iy
g,k
sh,sh
p,p
r,axr
w,w
s,s
ih,ux
s,s
ih,ih
ah,ah
bcl,tcl
f,p
n,n
uh,r
oy,oy
tcl,dcl
ey,iy
uh,ow
l,l
m,m
kcl,kcl
hh,k
sh,sh
ah,ax
eh,eh
eh,ih
g,k
axr,axr
f,f
s,s
m,n
aa,aa
kcl,k
ih,ix
iy,iy
sh,sh
w,w
sh,sh
eh,ix
dx,ax
k,k
q,q
k,k
kcl,kcl
ax,ax
z,s
iy,iy
ao,aa
ao,ao
ax,r
r,r
ae,ae
dcl,n
dh,p
l,l
l,l
ey,ey
n,m
dcl,dcl
kcl,kcl
eh,eh
r,r
q,q
bcl,pcl
r,axr
eh,eh
eh,er
s,s
sh,sh
f,f
ux,ux
w,n
gcl,n
kcl,kcl
ix,n
oy,oy
ax,l
dx,dx
ih,ix
pcl,pcl
ix,iy
m,g
w,w
w,w
eh,ih
gcl,kcl
q,q
dcl,tcl
sh,sh
dx,ix
l,l
n,n
iy,iy
ao,ao
z,z
v,r
ah,ay
ax,ix
kcl,tcl
th,th
ih,ih
n,m
ix,ix
s,z
kcl,tcl
aa,aa
axr,axr
iy,iy
s,s
axr,axr
kcl,pcl
ae,ae
f,f
ae,ae
t,t
n,n
ix,ix
ay,ao
r,ax
ao,ao
ng,ng
axr,ix
kcl,kcl
s,s
w,q
eh,er
kcl,kcl
l,l
oy,oy
y,y
pcl,kcl
nx,n
z,s
iy,iy
g,k
s,s
ux,ux
f,f
ay,ay
ay,ay
gcl,kcl
ow,ow
pcl,pcl
tcl,kcl
ih,ix
axr,axr
w,w
l,l
eh,ix
s,s
tcl,tcl
aw,ay
g,k
ow,ow
ae,ae
tcl,tcl
l,l
ih,ix
axr,axr
dcl,dcl
ae,eh
k,k
b,g
r,aa
r,r
ao,aa
n,n
ow,ao
p,p
y,y
k,k
bcl,bcl
sh,sh
l,l
kcl,kcl
ah,q
axr,er
er,er
q,q
hv,hv
ao,ao
ix,ix
tcl,n
v,v
axr,ix
dx,n
tcl,tcl
q,q
w,w
z,z
k,k
ae,ey
r,r
r,r
ao,ao
w,w
er,ao
g,kcl
dcl,dcl
iy,y
sh,sh
tcl,t
l,l
q,q
eh,ih
s,s
ow,aa
dh,dh
k,k
iy,ey
iy,iy
k,k
kcl,kcl
pcl,kcl
kcl,kcl
iy,iy
r,r
l,q
iy,iy
dcl,dcl
s,s
ax-h,tcl
ae,ae
w,w
hv,hv
r,r
n,n
ow,ow
f,f
l,l
iy,iy
s,s
ax-h,t
p,sh
gcl,gcl
hv,hv
dcl,n
aa,aa
z,z
sh,sh
m,m
ow,ow
ey,ey
z,z
ay,ay
m,n
eh,ae
ae,ae
eh,ih
ih,ih
ah,ax
ih,iy
r,r
r,r
r,r
ng,bcl
m,m
ah,ah
l,l
ih,ih
ao,ao
z,s
ae,ae
ae,ae
ix,ix
n,n
kcl,kcl
ae,ae
f,f
eh,ay
tcl,dcl
n,n
f,f
ih,ih
r,r
v,v
iy,ow
ix,ix
dx,q
ng,ng
aa,ao
kcl,kcl
ao,ao
l,ax
axr,axr
ih,ih
iy,iy
y,q
ix,ix
axr,axr
th,f
ax,ah
ih,iy
ih,ix
v,v
z,z
aa,ay
p,p
kcl,kcl
pcl,kcl
ey,ey
en,uw
k,k
r,r
s,s
dcl,bcl
iy,iy
g,k
kcl,kcl
r,r
m,bcl
g,k
er,er
n,m
q,q
hv,hv
tcl,tcl
ix,axr
ao,aa
tcl,tcl
ix,y
tcl,tcl
aa,aa
iy,y
sh,sh
r,axr
ix,ix
ae,ae
ae,ae
t,t
dh,d
tcl,g
iy,l
ch,ch
dx,dx
ng,n
ay,aa
kcl,kcl
s,s
q,q
pcl,gcl
d,t
p,p
l,l
m,n
ae,ix
n,n
iy,iy
bcl,pcl
sh,sh
eh,eh
w,w
ao,ao
eh,eh
n,n
iy,iy
axr,axr
n,m
iy,iy
ih,iy
axr,axr
ix,ix
w,w
r,r
bcl,m
r,r
t,t
eh,eh
w,w
kcl,tcl
r,r
ng,ix
dh,ix
r,r
l,l
n,n
ah,oy
aa,ix
w,w
kcl,kcl
ix,q
q,q
n,n
n,n
r,r
r,r
ix,ix
axr,er
s,s
dcl,dcl
d,d
ao,ao
kcl,tcl
ux,axr
kcl,kcl
iy,ix
t,dh
s,s
gcl,kcl
iy,ey
l,uw
ax,ax
en,n
gcl,p
dcl,dcl
ow,ow
ey,oy
n,ng
n,gcl
n,n
ix,n
s,s
ow,er
ey,ey
m,m
r,r
ux,ix
g,g
ah,ah
ah,ax
tcl,tcl
dx,dcl
q,q
ix,r
l,m
dh,t
l,m
bcl,bcl
tcl,pcl
k,k
w,w
uw,m
t,ch
axr,er
ix,ix
l,l
d,d
eh,eh
m,m
t,t
ux,ux
w,w
ih,ix
tcl,pcl
l,ao
n,n
r,r
iy,iy
axr,er
ih,iy
sh,sh
eh,eh
s,s
bcl,bcl
iy,iy
ih,ix
sh,sh
ih,ih
dh,b
ow,ah
ih,ih
m,n
dcl,pcl
iy,y
ey,ey
sh,sh
tcl,tcl
ch,t
w,w
n,n
tcl,tcl
ih,iy
ow,ow
w,w
bcl,tcl
t,t
l,l
iy,iy
eh,ao
w,w
iy,iy
dh,dcl
ow,ow
m,m
bcl,bcl
bcl,bcl
eh,eh
k,k
aa,aa
n,n
kcl,tcl
ay,ay
kcl,kcl
ax,ax
k,k
ih,ih
k,k
ah,ah
ih,ih
m,n
r,r
r,ix
ix,ix
w,w
v,v
q,q
s,ch
iy,iy
q,en
m,m
ah,ah
y,y
p,p
ux,ux
ix,en
axr,axr
iy,ey
r,r
ae,ae
bcl,bcl
gcl,tcl
eh,eh
s,s
iy,iy
s,s
r,r
n,n
ah,ah
ix,iy
t,t
ix,ix
em,m
tcl,kcl
s,s
tcl,kcl
gcl,gcl
ae,aw
n,m
eh,ey
uh,ax
l,l
ax,l
w,n
ax-h,q
s,z
zh,sh
q,q
l,l
ch,ch
er,axr
w,w
aa,ao
pcl,kcl
p,p
g,k
n,n
r,r
n,n
m,m
aa,aa
ix,ay
r,iy
f,f
ae,ae
ah,ax
bcl,bcl
iy,iy
ah,ah
y,ih
tcl,tcl
kcl,kcl
iy,iy
s,sh
pcl,pcl
y,y
t,t
w,w
iy,ey
q,q
dcl,tcl
m,n
m,m
kcl,kcl
ih,ih
s,s
m,m
er,r
f,f
iy,iy
dcl,dcl
ae,eh
ow,ng
jh,jh
v,f
k,k
gcl,dcl
f,f
axr,er
ih,ih
dcl,dcl
w,w
t,t
ix,ix
w,w
r,r
dcl,dcl
ae,ae
l,ow
l,bcl
axr,axr
n,n
aa,aa
r,r
ao,aa
n,n
ah,l
tcl,kcl
eh,r
ih,ih
uw,ow
kcl,tcl
dcl,dcl
iy,iy
ah,ae
k,k
ae,ae
v,y
s,s
r,r
gcl,gcl
uw,w
m,ng
axr,er
ih,ih
l,w
l,ax
n,m
ih,ih
el,el
ay,ay
ay,ay
n,n
aa,aa
r,r
ao,ah
s,s
tcl,tcl
t,d
ey,ay
dcl,kcl
g,k
ax,dx
k,k
p,p
r,r
k,k
z,z
r,n
ih,ih
gcl,g
axr,axr
r,r
r,r
n,n
z,z
m,n
ax,r
m,ng
ax,ay
l,w
aa,er
n,ax
el,l
tcl,pcl
s,s
q,q
s,s
ax,ax
w,w
ae,ae
hh,t
t,t
ih,ih
f,f
kcl,kcl
k,kcl
aa,ae
ae,ay
ng,m
l,l
z,z
tcl,bcl
eh,ae
iy,iy
k,k
f,f
tcl,tcl
v,v
dcl,dcl
w,w
ux,ix
kcl,pcl
w,w
s,s
ah,ix
kcl,kcl
eh,eh
iy,iy
l,l
ao,ao
ix,ix
aa,ah
f,f
axr,axr
r,r
tcl,tcl
k,k
q,q
t,t
jh,jh
z,z
tcl,kcl
ao,ao
pcl,pcl
iy,iy
k,kcl
r,r
hh,hh
ng,gcl
t,k
ay,ay
ch,ch
bcl,bcl
p,p
z,s
z,z
iy,iy
ae,ay
ay,ay
l,l
w,r
th,p
ae,ae
aa,r
ow,ow
r,r
ae,ae
iy,iy
z,s
k,k
q,q
ix,ix
iy,iy
m,m
ax,ax
t,t
r,r
dcl,kcl
q,q
n,m
q,q
s,s
ix,ix
gcl,gcl
n,n
iy,iy
s,s
iy,iy
l,l
q,q
iy,iy
n,n
ax,ao
eh,ix
r,r
ah,eh
n,n
dcl,gcl
k,k
t,t
n,n
l,l
n,n
z,z
w,w
ao,ao
axr,axr
aa,aa
kcl,kcl
dh,f
ax,ax
gcl,dcl
er,er
eh,axr
eh,eh
t,kcl
ix,ih
tcl,tcl
ix,iy
r,r
bcl,pcl
eh,eh
aa,aa
dh,dh
iy,iy
tcl,tcl
w,w
en,em
r,r
tcl,tcl
ao,ao
n,n
ao,w
kcl,tcl
aa,aa
f,f
dh,m
f,f
y,q
k,k
iy,iy
kcl,kcl
ih,ix
q,q
iy,iy
aa,oy
m,n
q,q
t,t
eh,eh
ah,ix
q,q
ix,ix
ah,ax
v,f
t,t
ax,ah
axr,er
ah,ah
ix,ix
ng,n
ae,ae
r,r
r,axr
kcl,kcl
gcl,gcl
eh,eh
kcl,kcl
d,t
pcl,pcl
ix,ix
tcl,tcl
ax,ix
r,axr
s,s
p,p
ix,ix
ae,ae
y,iy
pcl,kcl
k,k
r,axr
ix,ix
f,f
iy,iy
ix,ix
tcl,tcl
n,n
l,n
r,r
l,l
eh,eh
ae,ae
iy,iy
eh,eh
y,iy
dh,v
dcl,dcl
eh,ah
kcl,kcl
v,bcl
kcl,kcl
iy,iy
ch,ch
pcl,pcl
r,r
q,q
l,w
dx,kcl
hh,k
ay,ay
aa,ao
hv,hv
v,v
tcl,tcl
kcl,kcl
z,z
iy,iy
n,dx
ao,ow
ao,ao
z,s
p,p
sh,sh
ax,ax
hv,y
er,axr
iy,iy
hv,hh
r,r
aw,ae
t,t
z,z
q,q
v,tcl
er,er
kcl,kcl
z,z
ae,ae
dx,dx
ux,ux
iy,iy
kcl,kcl
tcl,gcl
m,m
n,n
ax,uw
r,r
n,n
ah,ah
iy,ix
y,y
q,q
k,k
ae,ae
ah,ah
w,w
k,k
ao,ao
q,q
kcl,tcl
ax,m
kcl,kcl
l,ix
y,y
iy,iy
t,t
kcl,kcl
q,kcl
ih,iy
bcl,pcl
ix,ix
eh,ae
w,w
n,m
kcl,kcl
ax,ix
eh,eh
axr,axr
y,y
t,t
aa,ao
jh,ch
r,r
ao,ao
bcl,kcl
eh,ah
er,er
iy,iy
dx,dx
tcl,q
r,q
dx,dx
hv,hv
ix,ix
l,l
z,z
ax,axr
t,t
y,y
tcl,tcl
v,tcl
dh,dh
ch,ch
th,s
iy,iy
eh,ah
g,k
r,r
pcl,v
pcl,q
m,m
pcl,pcl
n,n
q,q
r,r
n,q
kcl,kcl
ix,ix
ix,ix
s,s
l,l
ae,ae
y,y
tcl,tcl
ow,ow
el,el
z,s
ax,ix
p,hh
s,s
s,s
ax,ax
dcl,dcl
z,z
ih,ih
kcl,kcl
k,k
ae,ae
k,k
er,er
ay,ay
tcl,kcl
dcl,tcl
dcl,dcl
v,v
ao,ao
ow,ao
jh,jh
ih,ih
q,q
w,n
oy,oy
sh,s
r,r
ax,n
y,y
sh,sh
t,t
t,p
m,n
ah,ah
em,m
m,m
r,r
m,n
n,n
n,n
dcl,gcl
aa,aa
dcl,dcl
ow,ow
l,l
tcl,dcl
k,k
er,ao
m,n
ao,l
n,n
en,m
dcl,tcl
iy,iy
axr,axr
kcl,kcl
hh,hv
er,er
l,l
r,m
ax,ix
ix,ih
ow,ow
r,r
kcl,kcl
th,th
ae,ay
er,er
s,s
ae,ae
tcl,tcl
z,s
ah,ah
r,r
er,r
ix,ix
ah,ay
k,tcl
kcl,kcl
q,q
w,w
dx,dx
m,m
iy,iy
s,s
v,v
r,r
ih,r
dcl,dcl
sh,sh
ow,ow
y,y
m,m
ih,ih
z,z
ix,dx
z,z
ax,ah
axr,axr
ih,axr
aw,ah
dx,dx
b,tcl
gcl,gcl
ow,ow
l,l
ix,dx
ah,eh
aa,eh
tcl,tcl
q,ng
ow,ow
dx,ix
eh,l
p,p
aa,aa
ah,eh
sh,sh
l,l
oy,oy
ix,ix
ih,ey
t,t
er,er
ux,iy
r,r
tcl,dcl
ih,ih
s,s
s,s
r,r
iy,iy
w,w
k,p
iy,iy
ax,ax
axr,axr
ix,ix
q,q
ah,ax
ah,ah
v,y
dcl,dcl
t,k
s,s
r,r
ax,ax
iy,iy
iy,iy
kcl,kcl
s,s
ow,ow
r,r
w,w
kcl,kcl
t,t
en,em
d,t
dcl,tcl
axr,er
dh,t
n,n
axr,axr
t,t
oy,oy
f,f
tcl,kcl
ae,ae
s,s
r,r
s,s
el,ow
ix,ix
r,r
ae,ae
l,n
l,w
kcl,kcl
ih,ih
v,v
hv,hv
n,n
dcl,tcl
eh,eh
n,n
n,hh
k,k
eh,eh
ow,ow
l,ow
n,dx
n,m
ih,ix
ae,ae
eh,ix
dcl,dcl
dcl,dcl
ix,ix
n,ng
eh,ae
jh,k
ix,iy
ix,ih
aa,ao
ae,ae
iy,ix
dx,dcl
jh,t
n,m
tcl,tcl
iy,iy
m,m
dcl,gcl
ix,ix
axr,r
aa,aa
s,s
dx,t
gcl,n
m,m
ix,ix
w,w
m,m
ah,ah
dcl,dcl
iy,iy
z,z
gcl,bcl
el,l
ao,ao
hh,hv
m,m
iy,iy
ix,q
r,r
ih,ix
w,w
kcl,kcl
ao,ao
iy,iy
dh,dh
axr,axr
dcl,tcl
dcl,dcl
m,n
tcl,tcl
aw,ay
d,t
r,r
l,l
iy,iy
v,v
s,s
aa,aa
eh,ix
z,s
s,s
er,axr
ey,ey
ix,ix
s,s
l,dh
t,t
ih,axr
g,d
z,s
axr,axr
bcl,bcl
pcl,kcl
n,n
ay,ay
axr,kcl
m,m
iy,iy
s,s
eh,ae
kcl,kcl
q,q
w,w
ax,q
ah,ah
ng,ng
en,m
tcl,kcl
iy,iy
kcl,kcl
aa,aa
n,n
y,y
zh,sh
z,s
nx,nx
ax,ix
uw,w
aa,aa
ux,ux
m,m
ey,ey
ux,ux
el,l
ao,ao
p,p
ix,ix
el,el
ix,ix
gcl,gcl
r,r
ng,m
p,t
n,n
t,k
ih,ow
oy,oy
f,f
tcl,tcl
f,f
kcl,kcl
ey,ux
ey,ey
ah,ah
eh,eh
ao,ao
tcl,kcl
s,s
m,m
aa,aa
w,w
w,w
ah,aa
ix,iy
r,axr
aa,ah
iy,iy
ey,ix
iy,iy
ih,ix
s,s
oy,oy
t,t
w,m
eh,ae
iy,iy
n,n
tcl,kcl
kcl,kcl
f,f
kcl,k
ch,ch
hv,hv
tcl,n
r,r
l,l
ix,ih
tcl,pcl
ax,ax
z,z
s,s
axr,axr
s,ch
ih,q
tcl,tcl
iy,iy
ae,ae
w,w
er,er
t,p
dcl,dcl
tcl,kcl
kcl,dcl
q,q
n,m
l,l
tcl,kcl
q,q
eh,eh
dx,d
ae,ae
m,m
ix,iy
iy,iy
iy,iy
eh,ix
eh,ey
axr,ix
r,r
oy,oy
p,p
iy,iy
n,n
sh,sh
n,n
n,n
l,l
tcl,tcl
k,k
ay,ay
ae,eh
kcl,kcl
ay,ay
g,g
ay,ay
dcl,dcl
aa,r
q,q
ng,m
l,l
bcl,bcl
kcl,kcl
ix,ix
aa,n
ae,aa
l,l
dcl,tcl
tcl,dcl
s,s
iy,iy
sh,sh
iy,iy
hv,hv
m,m
m,m
q,q
kcl,kcl
ih,axr
n,n
aa,aa
q,q
z,z
axr,ux
s,s
ey,ey
ey,ey
ng,ng
l,l
ax-h,dh
n,n
dcl,dcl
ih,ix
eh,eh
s,s
l,l
ix,r
dcl,dcl
iy,ey
eh,eh
n,m
ao,ao
z,sh
hv,hv
aa,aa
z,sh
iy,iy
gcl,gcl
n,m
ao,r
z,z
iy,ng
sh,sh
n,n
v,v
ax,ix
s,s
ix,ix
r,axr
eh,eh
n,m
iy,iy
ae,ae
pcl,pcl
gcl,gcl
ix,ih
ux,r
n,ng
l,w
iy,iy
iy,ey
ow,l
s,s
r,m
ih,iy
kcl,kcl
dh,dh
n,pcl
ow,w
iy,q
p,p
eh,eh
aa,aa
z,z
k,t
dcl,tcl
ao,ao
n,m
t,t
tcl,dcl
ix,ix
z,z
kcl,kcl
l,ax
pcl,pcl
axr,er
kcl,kcl
s,s
iy,l
tcl,kcl
s,s
eh,ix
el,l
eh,ah
aa,aa
z,z
t,t
eh,eh
pcl,tcl
ih,ih
ow,ow
t,t
s,s
t,t
q,q
ix,ix
z,sh
dcl,dcl
kcl,kcl
r,eh
g,k
n,n
tcl,tcl
hh,p
r,r
q,q
r,r
ih,ih
kcl,kcl
dcl,tcl
l,l
dh,dx
eh,eh
w,r
ae,ae
q,q
q,q
em,m
ay,ay
r,r
ax,ax
kcl,kcl
l,l
ix,ix
ao,ao
ih,iy
tcl,tcl
r,axr
ax,ix
axr,axr
gcl,kcl
f,f
dcl,kcl
t,p
dh,dh
axr,ih
s,s
ay,ay
m,n
q,q
l,l
tcl,t
kcl,kcl
ay,eh
ao,ao
z,jh
ay,ay
t,t
w,w
tcl,q
uh,ah
th,th
d,t
dcl,kcl
w,w
ao,aa
w,r
kcl,tcl
n,n
ih,ih
sh,ch
eh,ey
kcl,kcl
ax,ao
tcl,kcl
ng,ng
ax,ix
dcl,gcl
ih,ih
d,d
y,y
m,m
l,ax
z,tcl
sh,sh
kcl,kcl
aa,aa
s,s
ix,ix
th,f
f,f
iy,iy
q,q
ih,ey
t,t
v,v
ax,ix
ix,ix
t,t
th,tcl
w,w
y,y
ih,ix
eh,eh
ae,ae
k,k
ow,ow
iy,ix
ax,ax
r,v
bcl,bcl
aw,aa
ng,ng
ao,ao
kcl,kcl
ix,ix
t,t
ih,ih
ay,ay
n,ax
ax,l
ey,ey
ax,ax
sh,sh
ah,eh
q,ax
p,p
ih,ih
f,f
f,th
g,p
n,n
ix,ix
iy,iy
ao,w
k,k
ae,aw
bcl,dcl
r,axr
hv,hv
ay,ay
dh,m
s,s
gcl,gcl
n,n
kcl,kcl
ah,ay
bcl,bcl
t,g
r,axr
ix,ix
l,el
aa,aa
q,q
ix,ng
ao,ao
el,uw
ae,ae
w,w
tcl,dcl
ay,ay
kcl,kcl
eh,ih
ah,ah
r,y
s,s
ah,aa
eh,eh
s,z
y,n
iy,iy
ow,ow
f,f
oy,oy
eh,ix
bcl,tcl
f,tcl
m,m
iy,iy
ao,ao
gcl,bcl
sh,sh
bcl,bcl
r,r
s,s
pcl,pcl
l,w
v,z
l,l
s,s
hv,hv
ax,ix
s,sh
ih,ih
n,n
ow,ow
dx,dx
k,k
m,m
k,kcl
ao,ao
ey,ey
ao,ao
z,s
gcl,kcl
tcl,dcl
ix,ux
s,s
n,k
r,r
r,r
m,m
kcl,tcl
er,er
l,ix
z,s
ay,ay
r,r
z,z
el,ax
oy,oy
l,l
n,n
n,n
y,iy
f,f
ow,el
ao,w
uh,ih
gcl,gcl
r,axr
ah,ah
p,p
kcl,kcl
oy,ey
iy,iy
dx,dx
tcl,tcl
s,sh
d,t
axr,eh
dcl,tcl
y,iy
bcl,bcl
th,th
eh,eh
g,k
t,jh
sh,sh
ix,ix
k,k
dcl,dcl
ay,ay
ix,ih
jh,jh
ah,ao
l,l
sh,sh
ih,ow
t,t
ey,ey
r,r
s,s
ix,ix
r,r
dcl,dcl
ix,ix
v,dcl
s,s
tcl,jh
w,m
z,s
l,l
k,t
z,z
k,k
ix,ax
kcl,kcl
n,n
gcl,kcl
gcl,gcl
ix,ix
kcl,kcl
tcl,ix
q,q
uh,ax
t,t
tcl,q
s,s
n,n
r,r
kcl,kcl
m,n
iy,iy
ao,oy
r,er
s,s
dx,dx
axr,axr
f,f
ao,aa
iy,iy
hh,hh
r,iy
gcl,kcl
ix,ix
ix,ax
ix,ix
q,q
l,w
eh,ae
nx,n
iy,iy
dcl,dcl
axr,axr
iy,iy
r,ah
ih,ih
ae,ey
dcl,n
dh,n
l,r
n,n
en,n
f,f
d,t
s,s
ih,ax
z,s
dh,dh
sh,sh
k,k
ix,ix
w,w
m,m
axr,axr
q,q
n,ax
n,n
ng,n
l,l
kcl,kcl
l,ow
s,s
ae,ae
el,ax
y,hv
ch,ch
ax,ax
tcl,tcl
ey,ih
f,f
t,t
k,k
ng,ng
ix,ix
dcl,tcl
s,s
ih,ix
r,r
hh,hv
z,s
dx,g
tcl,tcl
k,k
f,f
ux,ux
iy,ix
kcl,kcl
th,s
k,k
ix,ix
er,r
n,n
eh,eh
ix,ix
k,k
s,s
l,w
w,w
z,z
ix,ix
z,z
ow,ao
nx,n
s,sh
ae,eh
oy,oy
q,q
dcl,pcl
aa,aa
l,l
gcl,kcl
kcl,pcl
uw,ux
s,s
d,d
l,w
p,p
pcl,kcl
ow,ow
r,r
uw,ow
gcl,y
ao,ao
pcl,pcl
ay,ay
l,l
q,q
er,er
er,er
dcl,kcl
f,f
y,iy
n,m
hv,ix
ae,ay
v,v
n,m
ih,ix
r,axr
n,m
gcl,kcl
m,en
ao,ao
r,r
s,s
ix,ix
w,w
z,ax-h
ux,ix
pcl,pcl
z,s
dcl,gcl
axr,axr
ih,ih
er,axr
eh,ow
f,f
l,l
ey,iy
eh,ix
eh,ah
l,ix
pcl,tcl
v,v
axr,r
iy,iy
l,ao
er,er
ay,er
r,v
aa,aa
ow,ow
dh,s
aw,ae
r,r
n,n
iy,iy
iy,iy
y,y
s,s
kcl,kcl
iy,ux
r,r
eh,eh
dcl,dcl
ey,ey
p,p
ax,uh
iy,iy
k,k
v,v
ax,r
ow,ow
l,l
k,k
n,n
axr,er
ay,aa
ae,ae
kcl,kcl
kcl,kcl
ux,ux
ao,ao
aa,aa
dh,th
ix,ix
t,t
axr,axr
iy,iy
ao,ao
z,z
w,w
ax,bcl
n,ng
w,w
en,n
ih,ix
ng,ng
ae,ae
ih,ix
aa,aa
ih,er
eh,ih
t,jh
r,r
s,s
iy,iy
ih,axr
m,m
d,t
pcl,kcl
kcl,kcl
aa,aa
q,q
jh,jh
n,n
aw,ae
y,y
ux,ux
s,s
ux,iy
tcl,tcl
m,m
r,r
iy,iy
ix,ix
ih,ih
ix,ix
iy,iy
ix,ix
n,n
ah,ah
uh,eh
s,s
hv,ix
ey,ey
n,n
v,v
k,k
ih,ih
z,s
ih,ix
hh,y
s,s
ae,ae
k,kcl
l,l
gcl,kcl
aw,ow
tcl,tcl
axr,axr
sh,sh
t,t
g,g
kcl,kcl
kcl,kcl
s,s
v,v
v,v
aa,ay
er,er
s,s
ey,ey
eh,ih
eh,eh
z,s
r,r
ih,ih
kcl,kcl
ey,ih
n,n
l,w
ax,ax
dcl,dcl
q,q
aa,ao
ao,ao
iy,iy
ah,ae
r,axr
jh,jh
ay,ay
k,k
s,s
y,y
uh,ax
k,k
sh,sh
axr,axr
ay,ay
tcl,tcl
el,el
pcl,dcl
ax,dcl
f,f
n,n
ah,ah
s,s
ux,ux
ah,uh
r,r
el,ao
l,l
w,w
m,n
z,s
dh,dh
ae,q
ix,ix
s,z
f,f
dcl,dcl
s,s
l,l
ix,ix
oy,oy
ax,q
kcl,kcl
ix,iy
pcl,tcl
ah,ah
er,axr
z,s
eh,ae
k,k
ah,ow
gcl,bcl
z,s
ae,ae
p,p
tcl,tcl
r,axr
th,f
q,axr
ey,ey
ow,ax
q,n
ix,ax
pcl,kcl
dcl,dcl
q,q
axr,axr
t,t
r,r
iy,iy
kcl,kcl
m,m
r,r
y,y
eh,eh
v,f
ey,ey
dcl,kcl
r,r
t,jh
n,n
l,l
iy,y
axr,er
iy,iy
l,v
s,t
m,m
p,p
z,s
z,s
dcl,tcl
k,k
gcl,n
l,l
s,s
r,q
q,q
r,r
eh,eh
s,s
ow,ow
ay,ah
dx,dx
er,er
ay,ay
iy,iy
uw,axr
b,b
dcl,dcl
kcl,kcl
ao,ao
pcl,pcl
y,y
iy,iy
n,m
aa,aa
aw,ow
ow,ow
eh,ay
r,r
v,v
r,r
ih,iy
dx,dx
pcl,tcl
n,n
n,m
sh,sh
sh,sh
kcl,kcl
t,d
el,ax
sh,s
s,s
uh,ih
kcl,tcl
m,m
dcl,dcl
ux,m
sh,sh
ux,ux
iy,iy
ax,ax
l,l
ax,ax
ax,l
sh,sh
iy,iy
w,w
ax,ax
ax,ix
tcl,tcl
n,n
kcl,kcl
s,s
ih,ih
ih,ix
ay,ay
n,n
y,y
axr,axr
r,r
w,w
tcl,tcl
q,q
v,v
dcl,dcl
m,m
ix,ux
iy,iy
axr,axr
ax,ah
hv,hv
q,q
z,z
t,t
dh,t
t,k
d,jh
dcl,pcl
s,s
ah,ow
q,q
s,tcl
l,l
iy,iy
hv,iy
er,iy
ih,ih
oy,oy
s,s
tcl,tcl
ix,ix
z,t
m,m
ih,ix
ix,q
r,r
v,f
p,p
w,w
uh,ax
aa,aa
aw,ae
eh,ax
l,l
zh,jh
l,r
ah,ih
s,s
z,z
gcl,tcl
k,k
ix,y
tcl,tcl
kcl,kcl
tcl,tcl
s,s
ch,jh
kcl,kcl
g,k
l,l
ih,ux
gcl,gcl
pcl,pcl
pcl,pcl
f,pcl
s,z
ae,ae
iy,iy
s,s
iy,iy
q,q
ay,ay
p,p
y,y
er,er
bcl,bcl
s,s
pcl,tcl
iy,iy
ow,ow
k,t
ah,q
l,l
s,s
sh,sh
k,k
dh,dh
n,n
pcl,pcl
ay,ae
ae,ae
m,m
gcl,gcl
ae,ae
f,f
n,n
dh,th
m,m
k,kcl
y,y
axr,er
s,s
kcl,kcl
m,m
ux,ix
gcl,dcl
er,axr
iy,iy
d,p
hh,k
d,dcl
l,l
sh,sh
pcl,pcl
ey,ey
n,n
gcl,gcl
ae,ae
n,ng
y,ih
q,tcl
aw,ay
eh,ey
s,s
r,aa
ix,ax
kcl,kcl
dcl,tcl
p,p
aw,aa
axr,axr
kcl,kcl
s,s
iy,iy
g,g
dcl,dcl
s,s
l,l
pcl,f
s,s
el,l
eh,er
uh,w
ow,ow
kcl,kcl
n,n
n,n
iy,iy
iy,iy
eh,ih
ey,ey
ow,ow
tcl,kcl
ix,iy
t,t
iy,iy
em,m
ax,n
t,t
w,w
kcl,kcl
iy,iy
ng,ng
r,axr
t,k
ow,ow
ey,iy
axr,g
dcl,dcl
q,q
aa,ae
ax,ax
axr,axr
n,ix
dcl,dcl
ay,ay
p,p
eh,ix
r,r
p,p
axr,r
axr,axr
l,q
z,z
pcl,kcl
kcl,kcl
bcl,tcl
iy,ix
ih,ih
ae,ae
ao,ao
ae,ae
aa,aa
ae,ey
er,iy
pcl,pcl
dcl,dx
p,p
m,w
iy,iy
r,r
n,n
sh,sh
m,m
m,m
s,s
z,z
z,s
ih,ih
ax,ax
r,er
eh,ix
t,t
n,q
ix,iy
bcl,kcl
p,p
m,n
ix,ix
dcl,n
pcl,tcl
dcl,dcl
ux,ux
ae,ae
iy,iy
l,l
p,p
ae,ae
ax-h,axr
n,n
ax,r
ux,ux
tcl,tcl
l,l
l,l
s,s
w,m
r,dx
ow,ow
kcl,kcl
ix,axr
ao,ao
w,w
n,n
p,p
w,w
ah,ah
ah,ih
r,r
y,y
dx,dx
ih,ih
g,d
aa,aa
bcl,bcl
eh,eh
v,v
ax,w
ao,ao
kcl,kcl
f,p
t,t
aa,ay
iy,iy
ih,ih
dx,nx
v,r
z,s
oy,oy
th,tcl
ao,ao
el,el
ow,ow
en,ng
ix,ix
ay,ay
ow,ow
r,axr
kcl,kcl
s,s
ax,q
th,f
n,n
ay,ay
ax,ix
kcl,kcl
aa,aa
gcl,bcl
ih,ih
q,q
r,r
s,s
tcl,tcl
l,ax
n,n
r,r
r,r
f,f
dh,th
kcl,kcl
ix,ix
ae,ay
n,n
ax,ax
er,ux
ow,ow
el,el
m,n
iy,iy
aa,aa
kcl,kcl
iy,iy
axr,eh
el,ax
ix,ix
ay,ay
ih,ix
y,y
w,w
v,m
r,r
g,g
s,s
s,s
ey,ih
m,m
aa,ao
sh,sh
dx,q
tcl,pcl
hh,hh
k,k
d,d
bcl,bcl
f,f
sh,sh
aa,aa
th,f
l,l
tcl,kcl
k,k
hv,y
ix,ix
uw,ow
th,tcl
ix,ix
dcl,dcl
r,r
m,m
ix,ix
kcl,kcl
r,r
n,n
g,k
n,n
uw,ux
d,g
ay,ay
kcl,kcl
aa,ao
th,s
ax,ax
kcl,kcl
iy,axr
l,l
ow,ow
ix,iy
z,s
ah,ah
t,d
l,l
q,q
y,y
ey,iy
iy,iy
ih,ih
ix,ix
dx,ix
tcl,tcl
m,m
ay,ix
ow,er
m,v
ay,ay
ih,ih
p,p
ao,aa
v,v
tcl,kcl
tcl,tcl
iy,iy
bcl,kcl
ux,ix
q,q
axr,ix
s,s
ae,ay
w,w
l,l
z,sh
n,n
r,r
iy,n
ih,ix
m,m
iy,iy
r,axr
n,n
ix,ix
oy,oy
gcl,gcl
ae,ae
iy,iy
t,k
ow,ow
ae,ae
n,ng
ix,ix
ix,ix
bcl,bcl
n,n
er,axr
ix,ix
l,el
eh,eh
dx,dx
ix,ix
k,k
z,s
ch,k
nx,n
th,p
axr,q
dh,dh
r,r
tcl,tcl
iy,iy
iy,iy
q,q
n,n
tcl,tcl
ow,ao
r,r
t,t
p,p
ix,axr
pcl,pcl
er,axr
ae,ae
sh,sh
gcl,gcl
n,n
ih,ix
p,p
aa,aa
el,l
ux,ux
ah,ah
iy,iy
r,r
ix,ix
z,z
ix,ix
ao,ao
r,r
k,g
ix,ix
tcl,kcl
iy,ey
tcl,tcl
iy,iy
q,l
aa,ay
iy,iy
ih,ih
bcl,gcl
eh,eh
l,ao
ey,iy
l,l
el,ow
dcl,dcl
ow,l
ae,ae
er,axr
r,r
ae,aa
kcl,kcl
bcl,n
ix,ix
iy,iy
ah,ah
y,y
en,ix
sh,sh
aa,aa
z,s
l,ah
jh,ch
oy,oy
pcl,kcl
s,s
bcl,bcl
v,v
tcl,kcl
q,q
ae,r
dcl,dcl
l,l
n,m
l,l
aa,aa
sh,sh
n,v
m,n
ix,ix
iy,iy
r,r
pcl,pcl
en,n
pcl,pcl
iy,iy
aa,aa
k,k
n,n
ih,r
ch,t
ax,m
hv,hv
dx,dx
ix,ix
ix,ax
d,t
dcl,gcl
ih,iy
w,w
gcl,gcl
iy,iy
y,iy
er,axr
f,f
n,n
ao,ao
r,m
tcl,kcl
pcl,kcl
r,r
ao,ao
ah,l
r,r
k,p
z,z
iy,iy
n,v
w,w
n,n
s,s
l,ih
s,s
iy,iy
ay,ay
m,m
eh,r
dcl,n
l,q
iy,iy
th,dx
ow,ow
s,s
r,r
ih,ih
p,p
s,s
ih,ih
q,q
ih,iy
eh,ih
r,r
s,s
kcl,q
iy,iy
axr,axr
aa,aa
jh,jh
bcl,bcl
t,t
ih,eh
iy,iy
hh,hh
v,kcl
dcl,pcl
m,m
dx,l
ix,ix
k,k
s,s
ix,iy
w,w
q,q
ng,n
ix,iy
tcl,kcl
iy,iy
l,l
z,z
ae,ae
iy,iy
ey,ey
ao,ao
ix,eh
z,jh
l,ax
n,n
q,q
axr,axr
axr,dx
f,f
eh,ae
q,q
iy,iy
k,k
oy,oy
ix,ix
axr,ix
n,n
n,m
m,m
l,r
dh,dh
z,z
tcl,tcl
n,n
q,q
ey,ih
ay,ay
ix,iy
r,ax
oy,oy
l,l
y,y
ow,ow
tcl,kcl
s,s
ao,ao
y,k
ow,ax
m,m
l,l
tcl,q
s,s
f,f
s,s
axr,er
ey,ey
s,s
ao,ao
bcl,tcl
bcl,v
aa,aa
ah,ah
ih,ih
z,z
ax,r
ih,ix
kcl,kcl
ay,ay
r,r
iy,ey
n,n
dcl,dcl
ah,ah
ow,ow
ay,ay
axr,axr
axr,r
t,t
t,jh
ow,ow
n,n
ey,ey
n,n
dcl,dcl
gcl,q
hh,hv
ey,ey
axr,axr
nx,n
pcl,pcl
el,l
tcl,kcl
ao,ao
ix,ix
ix,ix
ix,ih
ae,ae
gcl,dcl
th,s
ix,ix
tcl,kcl
z,z
p,p
dx,dx
ey,ey
ih,ih
tcl,pcl
ah,ow
dh,l
aa,aa
kcl,kcl
ao,ao
k,k
q,q
ae,ae
k,k
n,n
k,k
s,s
r,axr
g,k
t,t
s,s
ey,ay
n,m
ae,ae
iy,iy
dcl,dcl
aa,ao
eh,ix
tcl,q
p,p
tcl,kcl
s,f
bcl,bcl
iy,iy
dcl,kcl
ao,ao
dh,dh
ae,ay
ae,ae
ix,ix
iy,iy
aa,aa
tcl,tcl
ae,ae
kcl,kcl
ng,n
m,bcl
ax,l
z,z
r,r
eh,ae
s,s
w,w
el,el
y,y
ih,eh
sh,sh
k,g
oy,oy
ax,ax
ah,r
r,r
ay,ay
y,iy
ix,ix
tcl,pcl
s,s
m,n
dcl,dcl
ax-h,kcl
n,m
dcl,tcl
l,l
ae,ae
ao,ao
ax,tcl
n,n
q,q
tcl,tcl
tcl,tcl
z,s
eh,eh
bcl,pcl
p,sh
ao,ao
ih,iy
sh,sh
ao,ao
w,w
hv,hv
axr,r
k,k
l,m
er,axr
dcl,tcl
dcl,dcl
pcl,kcl
tcl,pcl
gcl,gcl
hh,hv
q,q
ah,aa
iy,iy
aa,ao
hh,t
d,t
er,axr
m,m
hv,hv
axr,axr
ao,ao
q,q
dh,th
t,jh
w,m
sh,s
w,w
iy,iy
axr,ax
iy,ih
ih,ix
axr,q
ax,ix
ng,ng
ix,ax
z,s
q,q
f,f
ow,ow
iy,iy
hh,p
dh,th
p,t
ng,n
ih,ax
ch,ch
y,y
ey,ey
n,n
kcl,tcl
l,v
sh,sh
t,t
ch,ch
nx,dx
dcl,gcl
ih,ih
ch,ch
iy,iy
iy,iy
ix,iy
ao,w
tcl,tcl
k,tcl
t,t
eh,ix
n,m
tcl,tcl
iy,ey
ah,ah
p,p
s,s
eh,eh
kcl,kcl
hh,p
r,r
k,k
tcl,tcl
n,n
jh,jh
l,l
iy,iy
ax,n
kcl,tcl
kcl,kcl
g,p
s,s
gcl,gcl
q,q
dcl,tcl
n,n
pcl,pcl
k,k
y,y
dcl,tcl
ow,ow
t,t
ay,ao
l,w
aa,aa
q,q
hv,hv
uh,w
iy,iy
z,s
s,s
d,t
t,t
iy,iy
ah,eh
q,q
m,n
l,ax
l,ow
jh,d
m,m
kcl,kcl
ay,ey
ae,ae
tcl,w
k,k
hh,hv
tcl,kcl
dh,dh
ay,aa
ng,n
w,w
l,l
gcl,bcl
n,m
ax,ax
aa,aa
s,sh
n,ix
tcl,kcl
l,l
iy,iy
ey,ey
ih,ih
l,l
axr,axr
b,kcl
aa,aa
s,s
ae,ae
ix,ix
t,t
dh,dcl
ao,aa
kcl,kcl
ix,n
ae,ae
ix,ix
y,y
iy,iy
ao,ao
ih,iy
ao,ao
n,n
q,q
l,l
f,tcl
w,w
s,t
ow,ow
z,jh
iy,iy
dx,n
ih,ih
dh,t
w,w
w,w
iy,iy
eh,ey
ao,aa
axr,r
n,n
k,k
z,s
axr,axr
ay,ay
k,kcl
th,th
iy,iy
q,q
y,y
er,axr
w,w
tcl,tcl
r,r
kcl,kcl
r,r
s,s
n,hv
dx,dx
sh,sh
tcl,kcl
ay,ay
iy,iy
aa,aa
ux,ih
ng,m
dx,kcl
pcl,kcl
ax,ax
sh,sh
iy,ix
aa,ao
ih,ih
ow,ow
ao,aa
r,r
ae,ae
iy,iy
ay,aa
n,q
gcl,kcl
ae,ae
tcl,kcl
hh,hv
t,p
ay,ay
bcl,bcl
ix,ix
ng,gcl
tcl,tcl
r,r
ae,ae
eh,ey
aa,r
t,t
s,s
eh,ih
gcl,kcl
t,t
ow,ax
tcl,kcl
dcl,dcl
n,n
d,t
n,ax
dcl,tcl
ix,ix
ax,ax
z,sh
tcl,kcl
s,s
bcl,bcl
eh,eh
kcl,kcl
m,m
ao,ao
m,m
kcl,kcl
l,l
ax,l
el,ow
p,p
r,r
kcl,kcl
k,hh
s,s
kcl,kcl
ay,ae
tcl,kcl
dx,dx
dcl,m
n,q
ae,ae
n,n
r,m
dcl,tcl
en,en
l,l
t,t
dx,r
tcl,kcl
tcl,kcl
ax,ax
m,m
iy,iy
z,z
ow,ow
ae,ae
n,ng
ih,ah
r,r
iy,iy
v,v
tcl,tcl
ix,ix
dcl,dcl
el,w
axr,axr
g,g
kcl,kcl
r,r
pcl,pcl
dh,dh
f,tcl
ax,ax
kcl,tcl
ix,axr
aa,q
eh,eh
iy,iy
m,m
axr,axr
hh,kcl
k,k
y,y
k,k
l,m
tcl,kcl
dx,tcl
iy,iy
m,m
ix,ix
w,w
iy,iy
kcl,kcl
ch,ch
r,r
ao,w
pcl,bcl
l,l
ix,ix
l,aa
eh,ix
l,l
ao,ao
l,l
axr,axr
ix,y
m,m
el,l
l,l
s,s
ah,ax
ng,n
s,s
aw,ao
jh,jh
er,axr
ih,ix
w,w
r,r
s,s
eh,er
ax,ah
pcl,tcl
ih,ih
ey,ey
ax,ix
tcl,tcl
k,k
ae,ae
r,r
n,ix
n,n
ae,ay
z,z
f,f
iy,iy
bcl,kcl
g,g
z,z
uw,ih
pcl,tcl
ix,ix
l,l
ux,iy
ae,eh
r,r
r,r
dcl,dcl
p,p
dh,n
ay,aa
k,k
er,er
tcl,tcl
ay,ay
sh,sh
axr,axr
axr,ax
iy,iy
z,z
ao,ao
m,m
kcl,kcl
ao,ao
dcl,n
jh,jh
tcl,kcl
l,l
l,l
dcl,kcl
oy,oy
ow,ow
ow,ow
tcl,kcl
s,s
th,th
kcl,kcl
jh,jh
v,v
n,n
k,k
pcl,kcl
s,s
er,er
ao,w
ax,ix
tcl,tcl
iy,iy
l,l
s,s
hv,eh
l,ax
f,f
m,m
v,v
dcl,tcl
k,k
dx,ix
axr,axr
dh,t
aa,aa
ih,ix
f,f
dh,p
tcl,pcl
s,s
eh,eh
m,m
er,axr
n,n
w,w
v,bcl
y,y
axr,axr
q,q
dh,dh
en,n
g,g
g,k
r,r
r,r
iy,ix
kcl,kcl
jh,t
ix,uh
q,q
sh,sh
f,f
w,w
ih,ey
kcl,kcl
l,q
z,z
dx,dcl
ix,ix
dcl,dcl
m,m
eh,ax
ow,ow
n,n
l,iy
f,f
s,z
iy,iy
n,n
en,n
m,n
er,w
s,s
iy,iy
axr,axr
ae,ae
pcl,pcl
ng,n
y,y
aa,aa
l,w
bcl,bcl
tcl,tcl
dh,dh
m,m
d,ix
ae,ae
eh,er
w,w
s,s
r,r
ix,n
aa,aa
nx,w
dcl,dcl
ix,ax
eh,ay
th,dh
ix,ax
ih,iy
pcl,kcl
ao,ao
kcl,kcl
iy,iy
l,l
q,w
axr,er
aa,aa
iy,iy
er,er
jh,ch
ch,s
ae,axr
iy,iy
r,r
dcl,dcl
eh,eh
ux,ix
gcl,gcl
hv,hv
w,w
ng,m
ch,sh
ae,ae
gcl,kcl
gcl,gcl
m,m
p,p
ae,ae
w,w
dh,dh
r,r
iy,iy
dx,dx
n,n
ih,ix
f,f
gcl,gcl
kcl,kcl
q,dcl
dcl,dcl
k,k
ih,ey
n,m
k,k
tcl,en
ch,sh
m,m
iy,iy
ux,ux
n,n
d,t
m,n
ix,ax
ux,ux
s,s
m,m
bcl,dcl
t,k
iy,iy
z,s
ah,ow
sh,sh
z,s
ay,ay
pcl,tcl
eh,eh
ey,ey
r,r
tcl,tcl
dh,dh
f,f
m,n
k,d
uh,ah
kcl,kcl
kcl,kcl
ah,eh
axr,er
r,r
n,n
k,k
iy,iy
ix,ix
l,l
n,n
v,v
ay,ay
dcl,tcl
r,axr
n,n
ax,ax
ey,ey
ax,ax
dh,l
pcl,pcl
s,s
iy,iy
n,n
iy,iy
ae,ae
uw,uw
dcl,dcl
sh,sh
axr,axr
f,f
s,s
p,p
r,ao
iy,iy
er,axr
ux,ux
r,r
k,k
hh,dx
ey,ix
w,w
axr,axr
w,w
ow,ow
ix,ix
aa,ao
ax,ih
v,z
ix,iy
y,iy
ih,eh
aa,ow
hv,hv
w,w
f,f
ih,ih
m,m
n,n
kcl,kcl
m,m
ng,m
eh,r
axr,ix
ax,ix
kcl,kcl
l,l
axr,r
r,dx
eh,ih
m,m
tcl,dcl
iy,iy
q,q
aa,aa
el,q
bcl,bcl
iy,iy
t,t
dcl,dcl
r,r
z,s
r,axr
ao,ao
p,p
iy,iy
z,z
y,iy
kcl,kcl
r,r
ux,ux
l,el
uw,ux
k,k
eh,eh
kcl,tcl
bcl,bcl
ah,ah
er,er
t,t
r,r
eh,eh
v,s
r,r
m,m
m,m
n,n
n,g
axr,axr
ih,ih
eh,ih
pcl,tcl
k,k
aa,ay
ax-h,ax-h
tcl,dcl
kcl,kcl
ah,ow
s,s
s,s
tcl,tcl
m,m
m,m
ix,ix
iy,ih
aw,ao
r,er
er,er
axr,axr
n,n
tcl,tcl
s,s
m,m
k,k
axr,axr
axr,axr
kcl,kcl
t,t
r,w
m,m
ow,ow
bcl,bcl
ax,axr
eh,eh
uh,ix
r,axr
z,s
kcl,kcl
ax,axr
l,v
t,t
r,r
ih,ay
r,r
l,w
r,r
r,axr
bcl,bcl
ow,ow
ix,ix
ao,ao
d,k
er,er
dx,dx
sh,sh
r,r
tcl,pcl
bcl,bcl
ix,ix
z,z
ao,ao
f,f
tcl,tcl
t,t
s,s
ux,iy
l,n
y,m
iy,iy
dcl,dcl
bcl,bcl
tcl,tcl
w,w
s,s
ix,ix
kcl,kcl
hh,t
dh,s
tcl,kcl
hh,hh
ix,ix
r,r
ih,ih
w,b
z,s
r,axr
hv,hv
ih,eh
m,tcl
dh,bcl
s,s
ax,ax
nx,nx
f,f
hv,hv
w,w
oy,oy
ey,ey
w,w
q,q
r,axr
z,z
v,v
f,p
ix,ix
eh,ih
ih,ih
ih,iy
axr,axr
s,s
tcl,dx
v,v
iy,iy
s,s
hv,hv
ng,ng
iy,iy
ih,ih
dx,dx
kcl,kcl
q,q
dcl,dcl
ax,l
kcl,kcl
ay,ay
aw,oy
v,v
axr,axr
ix,ix
ow,ow
tcl,tcl
v,m
ae,eh
ae,ae
ix,ih
m,m
bcl,tcl
pcl,pcl
s,s
ey,iy
ao,ao
ix,ix
k,k
hh,q
uh,ih
m,n
r,r
k,k
r,r
ix,iy
iy,iy
tcl,tcl
k,k
sh,sh
ao,ao
dh,m
kcl,kcl
ih,ey
hv,hv
uh,ix
hv,hv
sh,sh
kcl,kcl
ix,ax
axr,axr
n,n
ax,ax
aa,aa
eh,ih
s,s
q,q
l,l
ux,ux
n,n
axr,er
tcl,tcl
l,l
dcl,dcl
f,f
sh,sh
q,q
w,w
iy,iy
n,g
ao,ao
jh,jh
ay,aa
r,r
dcl,tcl
d,kcl
ix,iy
ax,ah
pcl,pcl
f,f
dcl,dcl
ix,ix
dh,q
er,axr
aa,aa
n,n
p,p
pcl,bcl
er,axr
ao,ao
k,k
ah,ao
pcl,tcl
axr,axr
iy,iy
ix,ix
l,ax
uw,ux
z,s
ix,ix
axr,axr
oy,oy
eh,eh
ix,ix
n,m
aa,aa
dcl,dcl
l,l
r,r
n,n
dx,dx
ax,ax
gcl,gcl
l,l
q,q
gcl,kcl
bcl,bcl
ao,ao
p,p
ax,ix
l,l
t,d
y,y
z,z
n,m
w,w
ax,ix
f,f
ow,eh
t,t
ih,ix
s,s
l,m
r,r
f,f
kcl,kcl
ax,ix
ao,ah
k,k
aa,ay
axr,eh
k,t
ux,ih
l,l
tcl,tcl
dcl,bcl
sh,sh
ow,l
ax,l
ng,m
q,q
er,r
k,k
ux,iy
s,s
f,f
dh,t
uh,eh
ey,ey
ng,n
kcl,kcl
t,t
iy,iy
el,ow
v,v
kcl,kcl
ix,ix
ax,q
ae,ae
z,z
ch,ch
w,w
ah,l
r,r
p,p
aa,aa
dcl,dcl
ey,ey
k,kcl
kcl,kcl
s,s
ay,ay
kcl,kcl
s,s
m,m
tcl,pcl
ih,iy
q,q
s,s
m,m
n,n
kcl,kcl
n,ix
n,n
r,r
s,s
iy,iy
t,t
ao,ao
w,l
ae,ae
q,q
n,n
s,s
s,s
ae,eh
l,axr
ux,ih
bcl,kcl
r,axr
kcl,gcl
y,y
l,l
ah,ix
s,s
tcl,tcl
kcl,kcl
ao,ao
ae,eh
ax,ax
w,w
kcl,kcl
ah,ah
y,k
tcl,tcl
er,er
s,s
n,m
aa,aa
w,w
ae,ah
d,t
iy,ix
d,d
aa,aa
ow,ow
t,k
ix,ix
s,s
r,r
ix,iy
eh,ey
iy,iy
y,y
tcl,kcl
ay,ay
ae,eh
tcl,tcl
iy,iy
q,q
k,k
ow,l
ih,ey
ey,ey
w,w
m,m
pcl,tcl
kcl,kcl
iy,iy
z,z
n,ng
ax,ax
bcl,bcl
m,m
m,m
en,n
s,s
g,k
ae,ae
kcl,kcl
l,l
l,l
m,n
t,t
ix,ix
s,s
iy,ix
tcl,kcl
k,k
w,w
s,s
tcl,tcl
ih,ax
ix,n
ow,ow
d,ch
s,s
ay,aa
v,v
dh,p
ix,ix
v,dx
d,jh
eh,eh
ae,ae
k,k
g,k
ix,ix
n,n
kcl,kcl
hh,hh
iy,iy
f,f
eh,eh
dcl,dcl
f,f
ao,ao
ix,ix
tcl,kcl
ng,n
ix,ix
w,w
ao,q
n,n
eh,r
tcl,kcl
ae,ae
t,t
p,p
l,l
ih,iy
ng,ng
kcl,kcl
ix,ix
ix,ix
kcl,kcl
aa,ao
hv,hv
ix,ix
tcl,pcl
axr,axr
s,s
hh,q
eh,eh
ix,axr
ix,ix
jh,d
tcl,tcl
tcl,kcl
s,s
ih,iy
kcl,kcl
pcl,tcl
ax,ix
axr,axr
oy,oy
kcl,kcl
ow,ow
t,t
ih,ay
tcl,n
m,m
axr,axr
q,ng
m,n
n,ix
p,p
w,w
q,n
l,l
eh,r
en,n
kcl,kcl
uw,uw
k,k
ix,iy
k,k
ng,n
s,s
ah,er
n,n
f,f
n,n
gcl,gcl
pcl,tcl
ah,ah
r,ix
t,p
ey,ey
f,f
k,k
dcl,bcl
ih,ah
v,dcl
z,sh
oy,oy
l,l
w,w
ux,iy
n,ng
q,q
k,k
er,er
t,p
l,l
s,s
tcl,tcl
ih,axr
kcl,kcl
iy,iy
ix,ix
r,r
t,t
gcl,ng
ix,iy
k,k
l,l
kcl,kcl
s,s
ax,ah
ax-h,ix
kcl,kcl
bcl,bcl
l,w
pcl,kcl
dcl,m
m,m
dcl,dcl
ao,aa
s,s
dcl,dcl
g,g
kcl,kcl
m,n
m,m
z,s
ah,ih
kcl,kcl
ih,iy
ah,ah
dx,n
ix,ix
ah,ow
tcl,dx
ix,ix
ix,iy
l,l
ax,l
w,w
ng,ng
q,n
r,r
eh,ae
jh,jh
iy,iy
m,w
sh,sh
ow,ow
ih,ih
s,s
aa,ah
axr,axr
ax,ax
aw,aw
m,m
kcl,tcl
eh,ey
r,r
eh,eh
f,f
t,t
r,r
r,w
jh,jh
w,w
ax,ix
z,z
dcl,kcl
m,m
aw,ow
sh,sh
ih,ih
p,p
y,y
zh,sh
sh,k
eh,ix
l,l
bcl,pcl
ng,ng
z,sh
iy,iy
aa,ao
dcl,dcl
ih,ix
d,d
th,s
ow,ow
n,n
dcl,dcl
ow,ow
n,n
z,s
w,w
f,f
eh,ih
iy,iy
m,m
em,m
tcl,kcl
z,s
z,s
ao,w
y,y
ih,y
k,k
m,bcl
axr,r
ah,aa
jh,t
ix,ix
sh,f
z,s
q,q
t,t
aa,ay
n,n
n,n
ao,ao
ih,ix
s,s
ix,ix
aw,ao
k,k
dcl,dcl
iy,iy
s,s
kcl,kcl
iy,ix
t,t
ix,q
tcl,tcl
z,s
d,tcl
kcl,kcl
t,t
l,w
eh,ae
uh,ix
s,s
kcl,kcl
dcl,dcl
ux,ux
gcl,gcl
sh,sh
g,q
gcl,gcl
n,n
ix,ix
n,n
n,n
tcl,tcl
ah,ax
r,r
ow,ow
aa,aa
th,kcl
tcl,tcl
ae,ae
ih,ih
k,k
ah,ah
n,n
ih,ih
kcl,kcl
w,bcl
l,l
l,w
w,w
axr,axr
s,s
r,r
iy,iy
tcl,n
v,v
tcl,tcl
ix,ix
l,el
kcl,kcl
ih,q
iy,iy
p,t
iy,iy
z,z
ax,ax
iy,iy
d,d
t,t
y,iy
iy,iy
el,ax
eh,ae
iy,iy
iy,iy
z,t
q,ix
axr,er
kcl,gcl
dcl,tcl
dx,dx
ix,ix
l,ix
m,n
z,z
aa,aa
dcl,dcl
r,r
hh,hh
ix,en
el,el
kcl,tcl
hv,hv
ih,q
axr,ix
m,m
ao,ao
kcl,kcl
n,ix
aw,aw
eh,r
ix,ih
dh,n
tcl,tcl
eh,ih
w,l
axr,iy
kcl,kcl
iy,ey
m,m
g,g
ix,ix
w,w
ix,ix
ux,axr
l,w
bcl,pcl
uh,uh
t,p
bcl,bcl
hh,aa
z,s
th,f
tcl,tcl
ax,ax
hh,p
ao,ao
w,w
m,n
n,n
n,n
ax,ax
ix,ix
tcl,pcl
tcl,tcl
eh,eh
d,tcl
v,kcl
z,z
ih,ih
k,k
ix,ix
kcl,kcl
ay,ay
g,k
m,hv
er,er
uw,uw
kcl,kcl
r,r
z,s
ih,ih
iy,iy
z,z
z,z
s,f
w,w
ow,ow
w,w
l,l
tcl,tcl
uw,m
ux,ux
f,f
s,s
k,k
r,r
t,d
ow,ow
z,s
r,r
ah,ah
kcl,kcl
ax,m
kcl,kcl
sh,sh
n,n
t,t
aa,aa
ix,ix
tcl,tcl
f,f
eh,ax
q,q
axr,axr
t,t
n,m
t,t
r,r
n,n
w,w
aa,aa
ax-h,kcl
q,axr
ey,ey
nx,n
ah,aa
n,n
ux,ux
l,l
ix,ix
hh,hh
r,axr
er,axr
p,p
t,t
ax,ax
v,v
ih,ix
dcl,dcl
y,y
oy,oy
ah,ah
ix,ix
s,s
er,axr
r,r
ix,ix
uw,ow
eh,ah
iy,iy
ih,ax
tcl,tcl
gcl,kcl
eh,ae
ao,ao
pcl,pcl
k,g
axr,r
n,n
f,f
oy,oy
iy,iy
s,s
n,n
kcl,kcl
y,ih
n,dcl
m,m
ih,ih
tcl,gcl
n,n
ux,r
s,s
eh,ae
tcl,tcl
ay,ay
eh,eh
ow,uw
f,f
gcl,kcl
t,t
n,n
ao,ao
iy,iy
w,w
d,p
tcl,n
z,z
pcl,pcl
sh,sh
dh,n
w,w
ih,ih
dcl,dcl
k,k
ih,er
dcl,dcl
sh,sh
kcl,kcl
zh,zh
pcl,pcl
y,y
w,w
s,s
n,n
ey,ey
f,f
r,r
n,n
n,m
m,m
ae,ae
y,y
ax,ax
er,axr
l,ix
ah,ah
uh,ih
n,n
dh,dh
ae,ae
uw,ax
b,dx
dcl,tcl
ix,iy
dcl,dcl
th,tcl
ow,ow
ax,ix
axr,axr
w,m
s,s
kcl,tcl
ix,hv
dcl,n
ih,iy
ih,iy
aa,aa
ih,ih
n,n
n,n
l,l
ih,iy
d,d
eh,ix
z,z
ih,ih
eh,eh
kcl,kcl
dcl,dcl
z,z
gcl,tcl
aa,aa
t,d
n,gcl
r,ix
ae,ae
eh,iy
en,ng
ae,ae
dh,dh
tcl,kcl
n,n
dcl,tcl
l,l
tcl,tcl
g,k
s,z
n,m
dcl,dcl
ih,ay
l,l
y,y
ih,ix
m,m
s,s
ih,ix
ux,iy
axr,axr
ix,ix
pcl,pcl
ay,ay
n,m
dh,dh
dh,dh
dx,dx
m,n
s,z
ix,ix
eh,r
eh,eh
n,n
dcl,dcl
m,m
ix,iy
q,q
ix,ix
iy,iy
n,aa
ao,ao
aa,ay
uw,ux
s,s
ix,ix
er,er
ix,ix
ux,ux
l,ax
ey,ey
ix,ix
ae,ae
ao,ao
n,n
ao,ao
iy,ey
kcl,kcl
tcl,tcl
tcl,kcl
t,t
r,r
ix,ax
k,k
jh,jh
ah,q
ih,ih
hv,hv
el,l
ax,ix
uh,l
l,ix
s,s
n,n
ih,ih
p,p
ey,ey
tcl,kcl
t,t
ax,q
oy,oy
axr,axr
t,t
dx,kcl
s,s
r,r
pcl,tcl
k,t
r,r
dh,m
l,l
t,jh
ih,y
tcl,tcl
y,y
k,sh
t,t
k,k
s,s
w,w
aa,ay
eh,eh
ch,ch
eh,eh
r,r
s,s
axr,axr
sh,sh
k,k
s,s
ow,oy
l,l
r,r
sh,sh
iy,iy
l,w
eh,ix
n,n
uh,uh
ux,ux
l,ix
d,kcl
dh,n
s,s
dcl,dcl
r,ax
tcl,kcl
ih,iy
iy,iy
ae,ae
ae,eh
iy,iy
tcl,tcl
z,z
r,r
bcl,bcl
l,ux
ae,eh
kcl,kcl
dh,v
uh,ih
w,w
l,l
l,l
v,dcl
tcl,jh
ao,w
dx,tcl
kcl,kcl
hh,hh
w,w
q,en
kcl,kcl
dh,s
ix,ay
s,s
m,m
ey,ey
kcl,kcl
ao,aa
t,k
eh,ix
aa,er
ax,ax
bcl,m
z,z
oy,oy
kcl,kcl
dcl,pcl
iy,iy
n,m
ae,ey
f,f
l,l
ao,q
kcl,tcl
aa,ao
aa,aa
l,l
z,z
sh,sh
dcl,dcl
gcl,kcl
axr,axr
ey,ey
ae,ae
p,hh
ix,dx
bcl,bcl
kcl,kcl
n,n
p,p
dcl,tcl
ah,ah
ih,ih
ux,er
m,n
er,er
iy,iy
l,l
n,en
ix,ix
axr,axr
ix,ix
tcl,kcl
s,s
r,r
oy,oy
ix,ix
ae,ey
k,k
hh,hh
ix,ix
axr,ux
pcl,tcl
t,t
ax,ix
ix,ix
d,tcl
dx,dx
ao,ao
pcl,tcl
t,d
l,l
r,q
eh,eh
k,k
iy,iy
ae,ae
l,l
ih,ih
ay,ey
ah,ah
dcl,dcl
n,n
jh,jh
ch,ch
s,sh
l,l
r,r
l,l
ay,ay
ih,ix
tcl,tcl
z,z
ey,ey
ao,ao
r,r
t,t
q,q
ao,ao
ow,ao
aa,aa
r,r
z,sh
ng,ng
t,d
n,n
er,er
ih,ih
sh,sh
th,dh
ax,ix
bcl,bcl
w,w
s,s
m,tcl
eh,eh
dcl,tcl
tcl,tcl
r,r
gcl,tcl
dcl,dcl
ao,ow
tcl,tcl
tcl,tcl
ch,ch
l,ao
hv,hv
er,axr
kcl,kcl
iy,iy
ae,ae
uh,uh
ax,ax
ix,ix
ih,ih
ey,ey
ih,iy
p,p
q,q
iy,iy
pcl,dcl
kcl,kcl
w,w
ax,ax
r,axr
ix,ih
s,s
t,t
q,q
f,f
dh,dh
r,axr
pcl,tcl
ao,ao
axr,axr
m,ng
r,r
dcl,dcl
hv,hv
w,r
eh,ey
s,s
axr,axr
hv,hv
s,s
tcl,pcl
hh,hh
ow,ow
axr,r
uw,axr
z,z
iy,iy
k,k
pcl,tcl
tcl,tcl
dh,f
w,w
gcl,kcl
s,s
ao,ao
dcl,gcl
v,v
r,r
r,uh
n,n
k,k
iy,iy
t,t
el,w
kcl,kcl
ih,ih
ay,ay
eh,ih
sh,s
ae,ae
kcl,kcl
pcl,kcl
ae,ae
uw,ow
tcl,kcl
q,q
kcl,kcl
y,q
ax,ax
s,s
l,ow
ix,axr
iy,iy
tcl,n
axr,axr
g,k
aa,aa
ux,iy
z,z
gcl,q
er,er
axr,w
hv,p
tcl,tcl
tcl,kcl
sh,sh
ao,ao
ix,ih
ng,n
ax,n
eh,ih
w,w
axr,er
bcl,dcl
l,ow
er,er
dcl,n
l,l
dh,dh
q,q
n,nx
r,r
l,l
n,n
q,q
ow,ow
ih,ah
g,y
aa,aa
hh,hh
k,k
p,p
ey,iy
s,s
s,s
ix,eh
l,l
l,l
l,l
bcl,dcl
iy,iy
ao,ao
ux,er
q,q
m,m
g,k
w,q
l,l
q,q
ix,ix
bcl,tcl
m,n
jh,jh
eh,ey
w,w
jh,jh
t,s
m,ng
kcl,kcl
ix,ix
s,s
r,r
r,r
er,er
ae,ae
bcl,gcl
eh,ah
aa,aa
er,er
kcl,kcl
dcl,kcl
iy,iy
f,f
ax,ix
kcl,tcl
v,v
ae,ae
ao,ao
f,f
m,m
tcl,tcl
ix,ix
en,tcl
k,g
k,k
ax,ax
z,z
k,k
n,ng
iy,iy
w,w
tcl,tcl
k,k
dcl,dcl
tcl,tcl
ae,ae
s,s
l,l
n,n
ix,ih
ae,ae
n,n
el,ow
f,dh
aa,ao
q,q
t,k
ax,ax
ax,ax
pcl,pcl
q,q
dcl,dcl
aw,eh
p,p
r,ix
aa,aa
ao,ao
m,n
pcl,f
sh,sh
gcl,gcl
ah,ah
ao,aa
q,q
p,p
n,n
r,r
y,y
ax,ax
bcl,n
gcl,ng
aw,aw
dcl,dcl
ax-h,tcl
jh,jh
ay,ay
n,n
l,l
dcl,tcl
s,s
ih,ih
s,s
sh,sh
ao,aa
r,r
tcl,tcl
w,w
ao,ao
ch,ch
er,axr
th,s
ih,iy
sh,sh
l,l
axr,r
ix,ax
s,s
v,v
aw,aw
dcl,dcl
k,kcl
r,r
tcl,dcl
en,m
ch,s
kcl,kcl
n,n
ao,ao
s,s
uw,uw
iy,iy
t,d
iy,iy
pcl,kcl
ix,ix
n,n
ng,m
l,m
ih,ix
b,b
r,r
ey,ey
iy,en
tcl,tcl
ax,l
v,v
sh,sh
gcl,bcl
ow,ow
ix,ix
ix,ix
axr,axr
g,k
w,ax
b,q
kcl,kcl
kcl,kcl
ey,ey
tcl,tcl
en,en
iy,ix
ih,ay
ch,jh
eh,ix
l,l
ao,ao
ae,hv
kcl,gcl
ix,ix
n,n
eh,ey
m,m
eh,eh
aa,aa
f,f
s,s
hv,hv
m,m
w,bcl
aa,aa
ax,ax
l,l
ux,ux
ay,ay
uh,ix
aa,aa
n,n
axr,axr
ih,ih
ey,ey
kcl,kcl
f,f
ao,ao
ux,y
ae,ae
ix,ix
ae,ae
dcl,pcl
ao,uw
hv,hv
tcl,dcl
v,kcl
g,g
k,k
dcl,pcl
dx,ix
t,t
w,w
f,f
dcl,gcl
kcl,kcl
w,w
p,q
n,n
l,l
b,k
iy,iy
ih,ix
ax,ix
uh,axr
iy,ix
z,s
aw,aw
ix,ix
ax,ax
tcl,tcl
k,k
ix,ix
ah,eh
r,w
ae,ey
kcl,kcl
tcl,kcl
w,m
ax-h,t
s,s
k,k
iy,iy
el,el
ae,ay
n,n
tcl,tcl
ey,iy
r,axr
tcl,tcl
ix,iy
y,y
ih,eh
l,l
n,n
n,n
iy,iy
ay,ay
aw,aw
uh,uh
ih,ih
f,f
w,w
z,z
m,m
n,n
s,s
p,p
iy,ix
r,r
dx,ix
w,w
t,t
gcl,gcl
m,m
s,s
iy,iy
q,q
l,l
ay,ey
axr,r
ix,ix
m,m
t,t
tcl,tcl
m,m
z,s
f,f
n,n
d,t
n,n
l,l
r,r
l,l
ey,ey
bcl,n
d,dx
r,axr
g,g
ix,ix
tcl,tcl
r,r
ey,ey
ay,ay
jh,jh
kcl,kcl
kcl,kcl
ng,en
ao,ao
s,s
hh,k
l,l
m,m
q,q
aa,aa
eh,eh
p,p
eh,r
s,s
axr,r
v,f
s,s
w,w
aa,q
m,m
g,y
tcl,tcl
gcl,gcl
r,r
oy,ow
kcl,kcl
p,p
ix,ix
q,q
n,n
q,q
r,r
n,m
f,f
t,jh
ih,ih
ey,ey
ao,ao
ih,ix
q,q
ae,ih
ay,ay
ae,eh
en,en
s,s
t,jh
s,s
q,y
r,dx
ax,ax
tcl,tcl
aa,aa
t,t
kcl,kcl
v,v
y,ix
axr,er
hh,hh
bcl,pcl
pcl,kcl
pcl,pcl
d,t
ix,ix
m,n
s,s
dcl,dcl
t,k
axr,kcl
k,k
bcl,pcl
k,k
y,y
ay,ay
ix,ix
n,n
iy,iy
r,r
dcl,dcl
pcl,kcl
iy,iy
r,r
ux,ux
r,ix
q,q
s,s
ay,ay
tcl,kcl
v,v
eh,eh
ao,aa
tcl,tcl
s,s
r,r
kcl,kcl
er,ow
l,w
z,z
ey,ey
iy,iy
iy,iy
l,l
q,q
n,tcl
gcl,gcl
ax,ah
m,m
kcl,kcl
ae,ae
m,m
tcl,tcl
dcl,tcl
ah,aa
f,f
dcl,tcl
s,sh
er,oy
bcl,bcl
v,n
z,s
ay,ay
r,r
n,n
ae,aw
kcl,tcl
z,z
l,w
l,l
z,z
pcl,kcl
d,k
ax,r
ix,ih
n,m
v,v
iy,iy
dcl,dcl
ow,ow
t,t
l,uh
v,v
z,z
axr,axr
kcl,kcl
hh,k
er,er
eh,ix
ey,eh
ey,ey
ae,ae
kcl,kcl
s,s
ao,ao
kcl,kcl
aa,aa
eh,ih
v,v
v,v
q,q
ax,ih
w,w
iy,ix
tcl,kcl
gcl,n
axr,r
iy,iy
n,n
ix,iy
l,l
v,v
p,p
d,t
ix,ix
v,v
ng,ng
ao,ao
dx,d
tcl,tcl
l,l
n,tcl
b,p
jh,f
ao,ow
gcl,gcl
kcl,kcl
z,z
l,r
pcl,pcl
eh,eh
n,m
ch,ch
jh,jh
r,r
ay,ae
tcl,tcl
iy,iy
iy,iy
z,z
f,f
nx,ix
k,k
w,w
iy,iy
dcl,dcl
aa,aa
r,r
ix,iy
jh,jh
tcl,kcl
d,jh
f,f
ae,ae
k,jh
ax,ax
v,m
r,ih
ao,w
p,p
f,f
l,l
tcl,m
iy,iy
tcl,tcl
ix,ix
kcl,kcl
ao,ay
f,v
tcl,kcl
s,s
ay,ay
z,z
tcl,tcl
ax,ix
th,th
m,m
tcl,tcl
kcl,kcl
gcl,kcl
p,p
p,k
er,aa
tcl,kcl
k,k
dcl,dcl
hv,hv
aa,aa
ax,ix
jh,t
iy,iy
n,n
iy,iy
r,r
ae,eh
ax,ax
f,f
iy,iy
k,k
ih,ih
n,m
m,m
dcl,pcl
d,t
f,f
dh,f
ix,ix
axr,axr
eh,ih
ix,ix
ax,ax
r,r
r,r
l,l
eh,aa
ix,ix
axr,er
ey,ey
eh,ih
w,w
r,r
tcl,tcl
bcl,pcl
l,q
n,m
q,q
ow,w
p,t
eh,eh
eh,ih
ng,n
kcl,kcl
m,n
w,w
ng,en
ix,ix
f,f
dx,dx
axr,axr
ax,ax
s,s
iy,ih
dcl,kcl
k,k
s,s
iy,iy
q,q
l,n
v,v
gcl,gcl
p,p
z,z
er,axr
n,n
ay,ay
v,v
dcl,dcl
hh,hh
kcl,kcl
r,r
ax,ix
kcl,kcl
r,r
s,s
t,t
ae,ae
l,l
iy,iy
y,y
m,n
aa,aa
el,q
q,ah
q,q
z,s
ix,ix
ih,ih
t,t
gcl,kcl
eh,ix
sh,sh
tcl,pcl
dcl,dcl
r,r
q,ix
p,p
s,s
tcl,tcl
aa,ae
uw,uw
ax,ax
kcl,kcl
ah,ax
t,ng
bcl,bcl
y,y
ix,iy
iy,iy
ax,ix
k,k
f,f
t,q
v,v
t,t
b,p
ix,ix
v,v
n,ng
uw,w
gcl,gcl
er,axr
ay,ay
el,ow
ah,ah
s,s
iy,iy
eh,ay
ng,ng
v,v
s,s
tcl,tcl
s,s
ae,aa
t,t
r,r
ax,ax
n,n
aa,aa
p,p
ix,ih
p,p
ix,ix
sh,sh
ae,ae
m,bcl
dcl,m
eh,ey
v,v
pcl,kcl
kcl,kcl
ey,ey
s,s
gcl,gcl
dh,n
pcl,pcl
s,s
ao,ao
pcl,kcl
dx,dx
z,s
sh,sh
dcl,dcl
s,s
iy,iy
dcl,dcl
dcl,dcl
ux,ux
t,t
ax,ax
n,ng
ix,q
axr,er
p,p
sh,sh
iy,iy
t,t
nx,dx
q,kcl
q,q
iy,iy
ix,ix
n,n
ax,ax
l,l
ih,ih
ao,q
s,s
axr,ix
n,n
l,ax
s,s
sh,sh
el,uh
k,k
ih,ih
d,t
s,t
dcl,tcl
aa,aa
dh,p
ax,ax
ao,ax
m,m
eh,ix
r,r
l,l
ae,eh
g,p
gcl,gcl
w,w
r,r
ow,er
tcl,tcl
tcl,tcl
ae,ae
er,aa
pcl,pcl
v,m
t,t
n,n
ih,ix
iy,r
eh,eh
m,m
s,s
dh,p
ix,ix
z,z
sh,sh
ay,ay
s,s
axr,ax
m,n
q,q
ix,uh
n,n
ax,l
tcl,pcl
n,n
nx,n
w,w
dx,gcl
iy,iy
tcl,m
ng,ng
k,k
ix,ix
ih,ih
t,t
ix,ix
m,bcl
axr,r
d,p
sh,sh
iy,ix
ao,w
ih,ix
r,r
dcl,dcl
sh,sh
tcl,kcl
z,z
er,er
aw,oy
z,s
er,er
t,t
s,s
f,f
m,m
eh,ix
ey,iy
sh,sh
bcl,bcl
t,t
v,f
p,p
y,y
z,z
r,r
z,s
axr,axr
ix,ix
iy,iy
axr,axr
ah,uh
p,p
eh,eh
ih,ix
iy,iy
dcl,tcl
eh,eh
ih,ih
er,eh
s,s
l,l
r,r
ih,ax
dcl,dcl
ih,ih
tcl,tcl
ae,eh
axr,axr
w,w
ih,ih
ay,ay
pcl,tcl
d,dx
l,l
ae,ae
jh,ch
ax,q
hv,q
sh,sh
ix,ix
ih,iy
dx,y
ix,ow
w,w
ao,ay
tcl,dcl
m,m
iy,iy
t,t
ih,ix
axr,axr
tcl,tcl
kcl,kcl
ey,ey
l,l
l,l
ax-h,bcl
iy,iy
q,q
l,w
ah,eh
ax,r
ao,ao
f,f
ix,ix
t,t
tcl,tcl
tcl,tcl
th,kcl
z,s
m,m
eh,ix
hh,hh
ay,ay
en,n
ax,ix
kcl,kcl
dx,dx
ao,ao
m,m
p,p
s,s
n,n
ao,ow
p,p
r,r
ah,eh
ae,ae
er,axr
ix,ix
ih,ih
t,t
ow,ow
r,r
tcl,tcl
r,axr
ay,ay
ah,aa
ux,ux
r,r
er,er
w,w
l,l
m,m
z,z
n,m
iy,iy
t,t
gcl,n
m,n
tcl,kcl
k,k
l,l
z,s
t,t
ih,iy
n,n
pcl,tcl
n,w
z,z
oy,oy
p,k
sh,sh
aa,aa
iy,iy
n,n
ih,r
r,r
hh,hh
w,w
ix,ax
tcl,kcl
ao,ao
w,w
z,z
tcl,kcl
ix,ax
ix,ix
ae,ae
er,axr
dcl,n
r,r
s,s
z,z
ae,ae
dx,n
f,f
iy,iy
eh,eh
v,v
s,s
ux,ix
kcl,tcl
axr,axr
w,w
s,s
pcl,pcl
l,l
eh,eh
tcl,kcl
z,z
ao,ao
ae,ae
ay,ay
ix,ix
iy,iy
r,r
ax,ix
ng,n
uw,ix
v,f
kcl,kcl
dcl,dcl
r,r
ae,eh
n,n
tcl,tcl
ix,ix
hv,hv
r,r
ay,ay
dcl,gcl
kcl,tcl
n,n
z,z
er,er
q,q
v,v
iy,iy
w,w
ae,ae
iy,iy
ux,ux
tcl,tcl
er,axr
r,r
ao,ao
dcl,dcl
ow,axr
ix,r
k,k
m,m
ow,ao
eh,ay
tcl,n
ix,ix
hh,q
el,m
ah,ah
r,r
ao,aa
n,ng
tcl,q
ah,ah
eh,eh
n,m
q,k
nx,m
ux,ux
kcl,kcl
sh,sh
s,s
ow,ow
k,k
l,l
uh,ix
w,w
ay,ah
ao,ao
hv,hv
ux,ux
ah,ah
z,z
p,p
m,n
eh,eh
ey,ix
gcl,gcl
ae,ih
z,z
f,th
eh,ah
iy,ix
ix,ix
ay,ay
sh,sh
r,r
r,r
ax,el
ng,n
tcl,tcl
ng,gcl
ix,l
er,r
dcl,dcl
iy,y
ey,ey
z,s
k,k
ih,eh
z,sh
ao,ao
s,s
ay,ay
iy,iy
l,ix
dcl,tcl
k,k
pcl,dcl
iy,iy
dh,z
jh,k
w,w
w,q
ix,ix
kcl,kcl
ow,eh
t,tcl
m,m
l,ax
ae,ae
s,s
n,n
tcl,kcl
f,sh
iy,iy
el,q
l,l
ah,aa
p,hh
ax,ax
r,r
ix,ix
en,n
axr,axr
iy,iy
gcl,ng
ax,ix
g,k
ix,ih
dx,dx
k,k
y,y
dcl,dcl
s,s
s,s
ix,eh
tcl,tcl
s,s
z,z
axr,axr
kcl,kcl
hh,hh
q,q
iy,iy
q,q
ay,ah
f,f
r,r
r,r
ih,ih
ow,ow
kcl,tcl
ch,ch
ao,ao
z,z
jh,jh
kcl,kcl
iy,iy
p,k
l,l
t,t
tcl,kcl
ix,ix
dh,dh
aa,aa
m,m
zh,z
ay,ay
tcl,tcl
iy,iy
bcl,bcl
t,t
iy,iy
w,w
tcl,tcl
q,q
axr,axr
dcl,kcl
aa,aa
kcl,kcl
k,k
y,y
ih,ih
n,m
r,r
n,n
iy,iy
sh,sh
eh,ae
tcl,kcl
ay,ay
eh,eh
w,w
ih,ih
dcl,bcl
ix,ix
s,s
el,ow
f,f
w,w
z,s
ah,ah
ix,ix
ih,ix
ih,hv
ey,ey
er,er
g,k
m,n
d,d
iy,iy
eh,ih
dh,tcl
ah,ix
w,w
ih,ix
iy,iy
kcl,kcl
ae,q
s,sh
pcl,pcl
t,t
pcl,pcl
sh,sh
k,k
iy,iy
r,axr
r,r
k,jh
k,k
jh,jh
t,t
en,n
nx,n
y,y
z,s
tcl,kcl
ow,ow
ix,ix
ae,ae
aa,ao
el,ow
ay,ay
f,f
ae,ae
ax,ax
ih,ix
ao,ao
kcl,kcl
iy,ix
ix,ix
n,n
n,ux
l,l
bcl,tcl
kcl,kcl
eh,eh
q,axr
q,q
uh,ah
pcl,pcl
axr,axr
er,er
s,s
kcl,kcl
dx,jh
pcl,pcl
er,er
g,k
ax,ax
r,r
n,n
g,p
w,w
axr,m
iy,iy
k,k
ay,ay
dx,g
k,k
ah,ah
t,t
jh,sh
r,r
eh,eh
q,g
sh,sh
z,z
kcl,kcl
k,k
pcl,pcl
er,axr
b,p
bcl,m
l,l
hh,hv
f,f
ow,q
iy,iy
w,w
r,r
pcl,pcl
er,er
ax,ah
ix,ix
f,f
ow,ow
kcl,kcl
axr,ix
ax,ax
eh,ae
ah,ax
el,w
ih,ax
iy,iy
ao,ao
m,m
tcl,kcl
uw,ux
z,dx
r,ax
n,ix
ey,ey
axr,axr
eh,ih
t,t
dcl,kcl
ah,ax
ix,dh
ih,ih
l,l
tcl,tcl
dh,t
d,tcl
ae,eh
d,jh
y,y
s,s
l,l
iy,iy
n,n
ax,n
ix,q
ih,ih
axr,axr
bcl,bcl
n,m
tcl,kcl
sh,sh
ix,ih
kcl,kcl
ay,aa
ux,iy
ow,ow
ow,ow
v,v
m,n
ae,ay
q,q
ix,ix
l,l
ih,ux
l,l
uh,w
aw,ae
ao,ao
ey,iy
dcl,dcl
t,jh
dh,dh
ae,ae
y,y
ae,eh
w,w
l,l
w,w
tcl,gcl
kcl,kcl
el,l
s,s
ix,ix
dh,dh
dx,dx
ih,ax
l,l
p,p
eh,ey
bcl,m
tcl,kcl
ix,ix
hh,hh
w,w
ax,ix
s,s
f,sh
pcl,tcl
n,n
em,m
s,z
oy,oy
s,s
dh,dh
ao,ao
ih,ih
dcl,dcl
q,q
kcl,kcl
r,r
eh,ix
t,t
ih,ih
eh,eh
ah,ax
s,s
ah,eh
s,s
gcl,gcl
ux,ux
bcl,bcl
ao,iy
s,s
iy,iy
ih,ih
n,m
w,w
iy,iy
z,s
tcl,kcl
axr,iy
g,g
ix,ix
tcl,tcl
dh,dh
ch,ch
tcl,tcl
m,m
hv,hv
ao,ao
sh,sh
p,p
ix,ix
iy,iy
ay,ay
p,p
f,f
kcl,kcl
l,iy
q,q
iy,iy
tcl,kcl
k,k
k,k
t,k
s,z
n,n
zh,s
w,w
m,m
p,d
l,r
dcl,dcl
s,s
ix,ix
kcl,kcl
ey,ey
dcl,tcl
eh,ih
dh,l
sh,sh
g,g
dcl,tcl
v,kcl
iy,ih
aa,ao
ih,ix
oy,oy
tcl,tcl
q,q
r,r
s,s
ey,ey
l,l
oy,ow
tcl,tcl
ae,ae
r,r
n,gcl
w,w
l,l
kcl,kcl
ae,ae
ow,ow
gcl,kcl
kcl,kcl
tcl,tcl
s,s
m,n
iy,iy
s,z
ay,ay
dx,dx
ax,eh
s,s
k,k
eh,ix
ix,ix
ao,ao
iy,iy
ae,ae
s,s
ix,ix
oy,oy
ix,en
ix,ih
aw,aa
p,p
r,axr
t,jh
hv,hv
s,s
ow,ow
kcl,kcl
ao,ao
bcl,v
dh,b
t,t
ao,w
q,q
tcl,tcl
q,q
bcl,bcl
ih,ih
kcl,kcl
m,m
w,w
s,s
t,t
l,iy
ae,ae
z,s
dx,g
sh,sh
t,t
ux,y
dcl,m
jh,ch
r,r
ae,ae
k,k
jh,t
l,l
ao,ao
aw,ay
m,m
g,g
ao,ao
r,r
iy,iy
k,k
ay,ay
k,k
l,l
en,nx
n,n
ix,ax
z,z
s,s
er,er
s,s
z,s
s,s
z,z
ih,ix
r,r
iy,iy
ax,ax
dh,p
ax,ax
n,m
eh,ey
m,n
s,s
kcl,kcl
ix,ix
ix,ix
d,d
v,w
ao,ao
dx,n
ey,ey
f,f
r,r
ae,ae
l,l
n,n
n,n
iy,iy
th,th
ih,iy
ix,ih
ow,ow
l,w
zh,sh
w,l
er,er
eh,eh
q,n
ow,ow
gcl,axr
ao,ao
kcl,kcl
k,k
m,n
hh,hh
r,axr
s,s
y,y
k,g
pcl,tcl
l,l
r,r
gcl,kcl
v,v
ah,ih
bcl,bcl
t,t
axr,axr
dcl,dcl
tcl,kcl
dh,dh
en,n
k,k
k,k
ey,ey
iy,iy
ax,b
eh,ix
d,t
pcl,pcl
ah,eh
axr,axr
ix,ix
nx,n
iy,ih
w,w
k,k
r,r
b,p
g,g
ix,ix
z,z
tcl,kcl
iy,iy
pcl,tcl
w,w
l,l
p,p
ax,ix
ax,g
ey,ey
dh,n
q,q
f,f
q,q
p,p
d,d
en,m
ae,eh
dh,dh
ax,ix
z,z
r,axr
kcl,kcl
ih,ix
q,q
w,r
dh,p
pcl,pcl
pcl,kcl
r,r
en,en
iy,iy
eh,eh
ey,iy
pcl,pcl
ae,ae
aa,aa
n,n
tcl,q
f,f
r,r
eh,eh
ao,ao
ih,w
ey,ey
gcl,pcl
ao,ao
axr,ih
th,th
k,k
ih,hv
s,s
kcl,kcl
axr,axr
r,r
ow,ow
iy,iy
l,l
pcl,kcl
ae,eh
ix,ix
eh,ih
uw,uw
iy,iy
z,z
ih,ey
s,s
tcl,tcl
r,r
l,l
l,n
y,ix
axr,er
jh,jh
w,w
d,p
p,p
y,y
ay,ay
axr,aa
dcl,kcl
f,f
dx,dx
gcl,gcl
m,m
axr,axr
tcl,kcl
iy,iy
ix,ix
ix,ix
aa,aa
kcl,kcl
s,s
jh,jh
jh,ch
kcl,pcl
ix,l
iy,y
v,kcl
tcl,tcl
t,t
k,k
p,t
iy,ey
dh,m
dh,dh
ae,ae
n,ng
s,s
eh,ix
hv,ix
f,f
eh,eh
g,ix
kcl,kcl
ix,ix
ow,ow
dcl,dcl
iy,iy
ix,ix
t,t
ix,ix
eh,ah
th,th
oy,oy
s,sh
d,kcl
gcl,gcl
s,s
m,m
n,m
eh,ix
s,s
l,l
dcl,dcl
s,sh
r,er
t,t
kcl,tcl
q,q
sh,sh
ow,w
ow,ao
g,k
axr,axr
s,s
ao,ao
k,k
ux,ux
p,p
t,t
ae,ay
dcl,n
l,l
pcl,pcl
s,s
ux,ux
d,d
z,v
ux,q
r,r
ux,iy
hv,hv
v,v
iy,iy
ix,iy
s,tcl
dx,dx
ao,ao
eh,eh
dx,dx
eh,ax
pcl,pcl
iy,iy
dh,dh
v,r
axr,axr
p,p
ix,ih
eh,ix
axr,er
ow,ow
kcl,pcl
ax,ax
sh,sh
er,er
ih,iy
ix,q
ae,ae
n,n
s,s
n,n
t,t
r,r
tcl,pcl
tcl,tcl
tcl,tcl
gcl,gcl
k,k
ix,ix
ae,ae
kcl,kcl
dh,dh
axr,axr
m,m
ix,ix
q,n
n,n
iy,iy
m,nx
pcl,pcl
ay,ay
l,w
ah,ah
bcl,tcl
aa,ao
nx,n
tcl,tcl
s,s
dh,dh
pcl,pcl
iy,iy
iy,iy
n,n
g,d
ey,iy
s,s
r,r
gcl,ix
s,s
th,th
q,q
ux,ux
ax,ix
s,s
ax,ih
ch,ch
k,q
ah,ao
eh,ix
t,t
aa,aa
ae,ae
sh,ch
sh,sh
l,ix
ae,ae
ax,ix
v,v
l,l
s,s
kcl,kcl
jh,ch
iy,iy
ax-h,p
r,r
f,f
gcl,dcl
m,n
s,sh
s,s
s,s
w,ix
eh,ah
aa,aa
s,s
w,w
l,l
y,y
ux,iy
iy,iy
m,m
nx,n
dh,pcl
n,n
w,w
ae,ae
s,s
kcl,kcl
z,s
iy,iy
r,r
ix,ix
y,ih
k,k
bcl,bcl
n,n
l,l
s,s
ih,r
p,p
er,er
n,ix
g,g
r,r
ah,r
ix,iy
v,v
ix,ix
l,l
w,q
eh,ih
t,t
iy,iy
ow,ah
iy,iy
ae,eh
w,w
dcl,tcl
ux,ix
tcl,tcl
ux,axr
axr,ix
dcl,dcl
l,l
kcl,kcl
ix,ix
n,n
f,f
n,n
z,z
s,th
m,m
kcl,kcl
ax,ix
w,m
dh,v
tcl,tcl
ih,ih
n,dcl
dx,dx
ax,q
w,w
axr,axr
ux,ux
bcl,f
l,l
r,er
ax,d
v,tcl
en,n
n,n
ax,l
f,f
ae,eh
tcl,tcl
ng,ng
v,v
g,dh
g,k
kcl,kcl
z,s
dcl,tcl
g,k
s,s
ao,aa
l,l
k,d
axr,axr
m,m
v,v
n,n
r,l
b,q
z,s
t,p
k,g
pcl,pcl
ix,ix
aa,aa
axr,axr
iy,iy
z,z
t,t
tcl,tcl
g,k
dcl,tcl
ah,ah
iy,iy
kcl,kcl
d,tcl
kcl,kcl
r,r
axr,er
r,r
ax,q
ay,ay
iy,iy
f,f
m,m
g,k
s,s
q,q
m,m
axr,axr
s,s
bcl,gcl
ax,l
l,ix
axr,axr
ih,ih
p,p
aa,ao
s,s
en,n
k,k
ay,ay
ey,iy
l,el
ao,ao
ix,ix
z,z
ah,ay
m,tcl
p,p
gcl,n
ae,ae
w,w
axr,axr
p,p
er,er
ix,ix
ix,iy
iy,iy
kcl,kcl
dcl,dcl
w,q
s,s
s,s
bcl,dcl
tcl,tcl
ae,axr
v,v
ax,ax
axr,iy
ah,ah
l,ix
m,m
ao,ao
z,s
dx,tcl
l,l
kcl,kcl
kcl,kcl
v,v
tcl,tcl
gcl,tcl
k,k
axr,er
s,sh
ix,iy
th,f
z,sh
l,ix
ay,ay
z,sh
ey,ey
n,n
tcl,tcl
ay,ay
axr,r
y,iy
ih,ih
ix,ix
l,uw
ih,ix
g,k
ih,ix
axr,axr
v,v
ae,eh
gcl,gcl
s,s
r,r
z,tcl
ih,eh
t,k
axr,axr
dh,v
z,z
n,n
aw,ay
tcl,kcl
ay,ay
axr,axr
ao,ow
dx,dx
z,z
dcl,dcl
z,z
aa,q
ae,ae
n,n
w,w
g,k
q,q
ng,n
ow,ow
r,r
kcl,kcl
n,n
ow,ow
r,r
r,r
m,m
q,q
ah,ah
hv,hv
pcl,gcl
dcl,dcl
dcl,tcl
pcl,tcl
r,r
ae,ae
aa,aa
k,k
ao,ao
ix,ix
ix,ix
aw,aw
iy,iy
ah,ah
bcl,bcl
kcl,tcl
k,k
s,s
y,y
ae,eh
dx,dx
q,q
f,f
tcl,dcl
er,er
ax,n
q,q
aa,r
dcl,dcl
w,w
k,k
w,w
ah,ah
er,axr
ae,eh
gcl,tcl
l,w
q,q
l,l
kcl,kcl
tcl,tcl
iy,iy
tcl,tcl
er,er
iy,iy
l,l
kcl,kcl
g,g
q,y
sh,sh
eh,ix
pcl,kcl
iy,iy
uh,ow
dh,dh
w,ao
eh,eh
tcl,dx
l,l
pcl,kcl
ix,q
ix,ix
s,ch
n,n
l,l
ix,ax
axr,axr
n,n
axr,axr
s,s
ax,ix
iy,iy
tcl,tcl
q,q
r,er
k,k
m,n
ey,iy
en,n
f,f
ao,ao
gcl,gcl
el,axr
pcl,kcl
ux,iy
hv,hv
eh,eh
m,m
iy,iy
w,w
ng,ng
iy,y
ih,eh
aa,aa
er,axr
p,p
kcl,kcl
dh,t
eh,iy
z,s
s,s
iy,iy
dcl,dcl
tcl,kcl
r,r
dh,dh
kcl,kcl
sh,sh
dcl,tcl
axr,axr
iy,iy
f,f
gcl,kcl
eh,eh
l,l
dcl,m
k,k
s,s
oy,oy
z,th
iy,iy
ax,ix
y,iy
ix,ix
p,p
iy,iy
z,z
m,m
ow,ow
r,r
kcl,kcl
ih,ih
ae,ae
pcl,pcl
n,n
iy,iy
l,l
ao,ao
w,w
l,ax
ah,ah
el,l
ux,ux
s,s
dh,dh
ae,eh
eh,ix
eh,eh
ay,ay
ax,ax
aa,ao
ix,ix
f,f
sh,sh
kcl,tcl
k,k
eh,eh
v,v
axr,ix
t,t
s,s
ey,ey
eh,ix
kcl,kcl
ix,ix
z,s
dh,dh
sh,sh
bcl,m
z,z
pcl,kcl
iy,iy
ao,ow
gcl,gcl
kcl,kcl
ao,ao
kcl,kcl
ih,axr
s,s
ih,ix
r,er
uw,uw
ih,ae
m,n
tcl,tcl
ay,ix
pcl,kcl
tcl,tcl
s,s
m,m
l,g
dx,ix
y,iy
z,z
tcl,tcl
z,z
r,axr
p,p
ax,ax
nx,dx
s,s
k,k
d,t
aa,ao
tcl,kcl
z,s
w,w
s,s
dx,dx
g,k
r,r
bcl,bcl
dx,dx
ae,ix
ae,ae
hh,hh
ih,ix
pcl,tcl
gcl,bcl
ae,ae
tcl,tcl
g,k
iy,iy
l,w
l,q
ao,ao
r,r
r,r
ix,r
tcl,kcl
axr,r
ih,iy
sh,sh
ix,ix
f,f
ix,gcl
r,r
dx,dx
ae,ae
r,r
t,t
aa,aa
r,r
tcl,pcl
k,k
n,n
dx,d
z,z
v,ax
r,r
eh,eh
r,ix
th,tcl
ey,ey
tcl,kcl
m,m
ey,ey
hh,p
ih,ih
ch,sh
l,ix
tcl,tcl
q,q
p,p
f,f
p,p
n,m
w,w
p,p
t,jh
eh,ih
ax,l
ix,ih
gcl,kcl
axr,r
dcl,dcl
th,kcl
ih,ih
ow,ao
f,f
dcl,dcl
m,m
aa,aa
ix,m
kcl,kcl
ow,ow
aa,aa
aa,aa
eh,ih
r,er
w,w
ay,aw
pcl,pcl
ax,ix
n,n
sh,sh
kcl,kcl
l,l
l,l
d,t
nx,nx
em,m
gcl,r
ey,ey
t,t
n,n
l,l
ax,ax
sh,ch
s,s
ix,ix
iy,iy
r,axr
th,dh
n,n
l,l
ae,ae
ow,ow
kcl,kcl
s,s
l,l
en,n
ng,ng
ax-h,ix
l,l
t,s
z,z
k,k
ah,eh
ae,ae
bcl,dcl
w,w
ch,ch
ix,ix
ih,ix
kcl,tcl
axr,axr
gcl,kcl
eh,ih
m,m
ay,ay
sh,sh
z,z
s,s
ux,ix
ih,ih
ih,ih
m,m
tcl,tcl
m,n
w,w
n,n
n,n
aw,aa
em,m
bcl,bcl
ix,ix
dx,y
z,z
ux,iy
iy,iy
tcl,tcl
bcl,bcl
tcl,tcl
t,t
y,y
f,f
ix,ix
jh,ch
ch,sh
t,t
ao,ao
axr,axr
r,r
ih,ih
ay,ay
n,n
ao,aa
ao,ay
ix,ix
l,l
kcl,kcl
n,n
l,ay
m,m
f,q
ih,iy
ih,iy
d,d
w,w
z,s
q,q
v,tcl
aa,aa
m,m
ix,ix
y,y
r,r
ax,ax
tcl,dx
ow,ow
ao,ao
l,ow
z,z
q,q
n,n
eh,ay
w,q
l,l
l,l
er,ux
t,t
t,t
ch,s
aa,aa
tcl,kcl
kcl,tcl
ih,ih
n,n
er,er
hv,iy
f,p
axr,axr
ix,ax
ih,ix
ah,ih
m,l
tcl,m
ae,ay
tcl,kcl
m,m
s,s
s,s
ay,ay
kcl,kcl
iy,iy
bcl,m
ah,ax
t,k
r,r
aa,aa
kcl,kcl
p,p
r,r
w,l
eh,ix
zh,ch
ih,ix
axr,axr
n,n
axr,r
ah,ah
m,m
ih,ih
er,er
axr,axr
ay,ay
tcl,kcl
k,k
q,w
kcl,pcl
iy,iy
dcl,dcl
ix,iy
ow,ow
axr,v
er,iy
n,n
axr,ey
l,l
axr,axr
dcl,dcl
ao,ow
ix,ix
er,r
ih,ih
kcl,kcl
s,s
v,w
k,k
s,s
s,s
s,s
r,r
kcl,kcl
jh,t
ah,ah
l,w
dcl,dcl
ay,ay
jh,sh
r,r
tcl,d
dx,dx
s,s
n,n
gcl,kcl
ao,ao
s,s
ay,ay
ae,ae
n,n
eh,ow
dcl,dcl
d,t
k,kcl
pcl,tcl
l,q
dh,ix
gcl,n
r,r
axr,r
ix,gcl
w,w
iy,iy
n,m
dcl,bcl
tcl,kcl
sh,sh
q,q
ix,ix
s,s
n,n
z,f
ix,ix
ey,ey
ae,aa
el,ax
ux,ix
f,f
l,l
g,k
ay,aa
tcl,tcl
dcl,dcl
th,th
dh,n
ix,ix
aa,ah
uw,uw
p,p
l,ax
r,r
iy,iy
ay,ay
r,r
iy,y
eh,eh
iy,iy
r,r
s,s
dx,dx
n,ax
t,t
d,k
bcl,dcl
kcl,kcl
tcl,tcl
ng,m
sh,sh
sh,sh
t,t
iy,iy
tcl,kcl
dcl,dcl
dh,m
en,n
pcl,pcl
ix,ih
t,t
m,n
n,n
ix,n
n,n
l,l
gcl,gcl
r,r
aa,ay
w,w
w,w
r,r
ix,axr
f,f
ax,ix
s,s
sh,t
l,m
dcl,tcl
n,n
iy,iy
ix,ey
iy,iy
en,ax
pcl,pcl
sh,sh
jh,sh
s,s
m,n
l,q
dcl,dcl
ax,ah
ix,iy
k,k
gcl,dcl
tcl,kcl
axr,r
ax,axr
m,dcl
tcl,tcl
uh,uh
hv,hv
ih,n
dx,dx
iy,iy
t,t
m,m
s,s
g,g
ch,sh
g,g
eh,eh
n,n
r,m
r,ix
iy,ey
eh,ah
s,s
iy,iy
oy,oy
r,r
ax,n
ax,axr
tcl,tcl
ah,ah
ux,ux
eh,oy
dx,dx
ng,n
g,g
ix,ix
l,l
axr,axr
aa,ao
pcl,pcl
y,iy
s,s
kcl,kcl
y,y
aa,aa
t,d
tcl,kcl
w,w
ah,ao
n,n
q,q
kcl,tcl
tcl,kcl
ix,ix
iy,iy
hv,hv
n,n
sh,sh
k,t
p,p
el,uw
aa,aa
m,m
s,s
m,m
axr,axr
f,f
ng,ng
n,dcl
l,ao
aw,ow
tcl,tcl
s,s
l,m
p,p
f,f
eh,ix
dcl,n
ay,aa
q,q
m,n
uh,ix
t,t
v,f
n,n
ix,ix
er,axr
er,ih
iy,iy
sh,s
s,s
ey,ey
er,er
hh,hh
bcl,dcl
kcl,kcl
ih,ih
aa,aa
ey,ey
nx,nx
t,k
t,t
iy,iy
r,r
pcl,tcl
gcl,gcl
ow,ah
w,w
tcl,tcl
hh,p
dx,jh
kcl,kcl
n,n
dh,dh
ao,w
ow,aa
gcl,gcl
k,k
w,uw
t,t
l,l
n,n
l,w
r,r
eh,eh
ao,ao
t,t
iy,iy
r,r
ix,ix
s,s
ay,ay
eh,eh
l,q
kcl,kcl
ng,ng
ae,ae
iy,iy
ah,ah
ax,ax
kcl,gcl
s,s
tcl,tcl
dcl,l
s,s
ao,ao
r,axr
nx,q
ix,ax
sh,sh
hv,hv
n,m
l,q
q,q
tcl,kcl
v,ax
ey,ey
ih,ih
n,n
l,ow
iy,iy
kcl,kcl
iy,ux
uw,ow
tcl,tcl
q,ix
f,f
ux,ux
eh,eh
ey,ey
dcl,dcl
z,s
dx,dx
ax,ix
n,n
ax,ah
ao,ao
r,axr
r,ao
y,y
axr,r
w,w
aa,ao
pcl,tcl
ux,ux
dx,dx
dx,dx
ix,ix
s,s
n,n
pcl,pcl
ix,ix
ao,aa
ih,ix
iy,ix
iy,iy
ao,ao
gcl,gcl
s,s
d,d
s,s
eh,eh
iy,iy
kcl,kcl
pcl,pcl
er,axr
ix,d
gcl,kcl
ux,ux
kcl,kcl
uw,er
kcl,kcl
g,g
w,w
s,k
q,q
gcl,kcl
sh,sh
kcl,kcl
l,w
gcl,tcl
en,n
n,l
y,iy
l,w
ow,ow
y,y
er,er
ay,ay
ih,ih
dh,dh
eh,ow
n,n
ao,ao
t,t
f,f
q,q
ix,ix
hv,hv
g,k
sh,sh
w,m
r,r
m,m
b,tcl
ae,ae
ey,ih
axr,iy
gcl,gcl
oy,oy
kcl,kcl
hh,hh
d,dh
s,s
s,s
p,p
aa,aa
pcl,kcl
ey,ey
n,n
kcl,kcl
iy,y
w,l
l,l
aa,aa
s,s
ux,ux
ow,ow
kcl,tcl
aa,aa
eh,axr
v,v
t,t
n,n
er,er
kcl,kcl
ih,iy
dh,p
n,n
r,r
s,s
hv,hv
r,r
m,m
dx,dx
n,m
v,v
ey,ey
tcl,dcl
ih,ax
iy,iy
ux,ux
s,s
ix,ih
ix,ix
m,m
ay,ay
sh,sh
eh,ix
n,n
s,s
zh,jh
p,p
ow,ow
uh,ix
th,th
dh,dx
el,uw
ah,aa
eh,ih
m,r
eh,ih
ix,ix
s,s
s,s
tcl,tcl
sh,sh
r,v
t,p
ux,ux
kcl,kcl
v,v
s,s
s,s
tcl,tcl
n,n
z,s
q,q
pcl,tcl
ae,eh
ae,ae
ix,ix
axr,r
tcl,kcl
k,k
ow,ow
t,t
r,r
q,y
r,r
tcl,gcl
ah,ah
ay,ay
s,s
bcl,kcl
sh,sh
q,q
eh,ix
ay,ay
f,f
ix,z
z,z
iy,iy
bcl,kcl
ae,ae
g,g
y,jh
ax,ax
q,q
q,k
dcl,dcl
w,r
q,q
f,f
y,p
ao,ao
axr,er
th,th
ix,ix
s,s
n,n
ey,iy
aa,aa
ao,ao
ux,ux
p,t
axr,er
ih,axr
eh,eh
ey,ey
z,s
er,r
g,g
iy,iy
k,k
s,s
th,f
r,er
bcl,bcl
bcl,pcl
n,en
tcl,m
kcl,tcl
dcl,pcl
n,n
axr,er
eh,eh
ah,ix
ae,ay
ix,ix
pcl,pcl
r,r
g,k
k,k
dcl,bcl
iy,iy
ng,ng
tcl,kcl
hh,k
ix,ix
aa,aa
kcl,kcl
r,r
pcl,kcl
n,g
t,t
kcl,kcl
kcl,kcl
er,er
y,ix
k,k
s,t
aa,aa
ih,n
pcl,pcl
axr,ix
l,l
zh,zh
ix,ih
s,s
l,w
z,z
l,ax
l,w
eh,ix
ix,ix
n,n
th,f
tcl,w
ih,iy
ih,ih
eh,ix
iy,iy
t,t
eh,ih
dcl,dcl
tcl,tcl
ao,aa
ix,ix
r,r
m,m
y,iy
ow,ow
w,q
t,t
dh,n
n,n
w,w
ix,ix
ih,eh
r,r
iy,iy
gcl,gcl
ng,m
kcl,kcl
s,s
f,f
ix,ix
l,l
sh,sh
w,m
tcl,tcl
n,n
l,l
y,y
iy,iy
n,n
ih,ih
r,r
tcl,tcl
aa,aa
tcl,tcl
ax,ix
dx,dx
m,m
r,r
z,z
s,s
l,l
tcl,tcl
ah,ax
bcl,bcl
r,r
ix,n
pcl,kcl
y,y
kcl,kcl
iy,iy
t,tcl
k,k
hh,p
ix,n
dh,tcl
s,s
r,r
aa,aa
th,s
s,s
w,w
aa,ah
axr,axr
ay,ay
ae,ae
l,l
kcl,kcl
eh,ow
ae,ae
k,k
v,m
f,f
kcl,kcl
sh,s
w,w
m,m
tcl,q
q,r
ih,iy
k,g
n,n
m,n
bcl,tcl
dcl,dcl
z,z
axr,axr
l,n
ax,ix
ay,ay
pcl,pcl
sh,sh
k,t
r,er
eh,ix
oy,ao
t,t
zh,jh
s,s
l,l
ix,ix
m,m
r,r
gcl,gcl
kcl,kcl
axr,er
s,s
axr,axr
ao,r
s,s
p,p
q,tcl
er,r
n,en
n,n
n,n
tcl,tcl
n,n
g,k
l,iy
s,s
kcl,kcl
ih,ih
ih,eh
n,n
iy,iy
ix,ix
p,p
ay,ay
tcl,tcl
dx,y
er,axr
iy,iy
l,n
bcl,m
ae,eh
tcl,tcl
er,axr
ao,ao
ch,jh
l,l
iy,iy
sh,sh
ix,ix
m,m
ih,r
tcl,tcl
q,q
v,th
axr,ux
s,s
l,ax
uh,uh
en,n
jh,ch
q,q
dh,kcl
iy,iy
aw,ao
r,r
p,p
dx,dh
dh,t
l,l
n,n
r,axr
r,aa
th,f
r,r
ih,ih
q,q
ih,ih
iy,iy
tcl,tcl
f,f
ix,ix
iy,iy
er,er
n,m
er,er
n,n
ao,aa
ae,ae
iy,iy
eh,eh
ey,ey
r,r
tcl,kcl
pcl,pcl
iy,y
dh,dh
ax,ax
eh,ay
l,l
pcl,pcl
sh,sh
z,z
s,s
y,iy
w,m
ux,axr
s,s
iy,iy
bcl,r
n,ng
ay,ay
ix,ix
iy,iy
tcl,tcl
axr,q
tcl,kcl
dcl,pcl
ih,ax
q,q
t,t
l,w
tcl,tcl
eh,hv
z,s
s,s
n,n
t,k
ix,ix
tcl,tcl
dcl,dcl
ow,ao
k,k
tcl,g
n,m
em,m
s,s
ay,ay
s,sh
l,l
ax,ax
n,n
tcl,pcl
s,z
l,l
ah,ah
r,r
aw,ay
q,q
ah,ax
kcl,kcl
y,gcl
w,w
ah,ax
ae,ae
hv,hv
tcl,kcl
oy,oy
n,dcl
l,l
w,r
z,z
z,z
iy,ux
tcl,tcl
iy,iy
ax,ax
tcl,pcl
dcl,dcl
axr,axr
er,er
s,s
q,q
ah,ah
dcl,dcl
n,ng
eh,eh
iy,iy
ih,ix
k,p
pcl,kcl
y,y
d,d
ix,ax
m,m
l,q
iy,ix
l,l
ix,ix
ih,iy
z,z
aa,ay
l,l
el,ax
w,m
pcl,kcl
r,axr
r,axr
ix,ix
axr,axr
bcl,dcl
ay,ay
r,r
l,el
iy,iy
ah,ao
dx,dx
ax,ix
m,ng
l,l
iy,iy
q,q
n,w
ch,ch
th,p
kcl,kcl
iy,iy
z,z
g,g
ih,ax
ao,ao
tcl,kcl
ix,ix
f,f
l,ah
ah,ah
m,m
th,dh
dx,dx
iy,iy
ax,n
m,m
n,n
sh,sh
ao,r
l,l
w,l
l,w
pcl,tcl
w,q
ih,ix
dh,ix
k,k
kcl,kcl
r,r
v,f
f,f
v,v
hv,hv
n,n
z,z
n,m
iy,iy
nx,nx
iy,iy
s,t
n,n
dx,dcl
m,m
z,z
m,m
ey,ey
iy,iy
f,p
g,g
p,p
aw,ay
ow,aa
jh,jh
l,w
s,sh
eh,ih
t,t
er,axr
en,en
ow,q
s,s
m,m
bcl,bcl
r,r
s,t
sh,sh
aw,ae
w,w
eh,ah
r,axr
r,r
z,z
f,f
k,k
p,p
s,s
ay,ay
l,l
dcl,tcl
r,r
aa,ay
ae,ae
s,s
f,f
f,p
ey,ey
ih,ih
iy,y
tcl,tcl
sh,s
tcl,tcl
d,d
s,s
ih,ih
ax,ix
n,n
m,m
ix,ix
aw,aw
l,l
ih,ix
gcl,gcl
r,r
iy,ey
iy,iy
uh,uw
aa,ah
l,w
m,n
ih,ey
sh,sh
iy,iy
k,k
gcl,gcl
ix,iy
ay,ay
r,r
pcl,kcl
r,r
jh,jh
el,uw
ix,ih
ix,iy
ng,m
er,er
r,r
ax,ax
kcl,kcl
aa,ao
pcl,kcl
t,t
gcl,dcl
iy,iy
l,l
s,z
ih,ix
z,s
dh,dh
ix,q
tcl,tcl
f,f
dcl,dcl
gcl,n
dcl,dcl
ao,ao
axr,axr
s,s
w,w
tcl,tcl
aa,aa
ay,ay
ah,ax
aa,aa
ey,ey
t,t
n,n
n,n
ae,ae
ae,ay
s,s
dx,ix
axr,axr
dh,s
ae,ae
dx,dcl
dx,d
ax,ix
eh,q
sh,s
m,n
ey,ey
iy,iy
m,m
l,l
r,r
n,n
iy,iy
ux,ux
gcl,tcl
ih,iy
ow,ow
ey,ey
ix,ix
tcl,tcl
p,p
s,s
ae,ae
t,t
n,n
v,f
l,l
s,s
t,t
v,bcl
w,w
eh,eh
t,t
n,n
dcl,dcl
ih,ix
hv,hv
ch,jh
l,l
ay,ay
m,ix
m,m
tcl,kcl
r,axr
sh,sh
dcl,tcl
ao,ao
aa,aa
ae,ey
ix,r
uh,ax
ch,sh
t,p
ao,ao
tcl,tcl
f,sh
gcl,gcl
aa,ao
k,k
iy,iy
s,s
n,m
ix,ix
t,t
ax,ao
s,s
ae,ae
ao,ao
kcl,t
s,s
uw,uw
kcl,kcl
hh,hh
r,r
bcl,dcl
f,f
r,r
ae,aa
ae,ih
s,s
tcl,tcl
dh,v
n,n
ix,iy
iy,iy
r,r
dx,dx
k,k
ih,ax
ix,iy
ix,ih
n,n
ng,n
n,n
ey,ey
n,n
n,n
iy,iy
q,q
ix,ix
eh,ey
ih,eh
ix,iy
q,q
ae,eh
ow,axr
k,k
r,r
iy,iy
m,p
tcl,kcl
r,r
tcl,pcl
kcl,gcl
ao,ao
kcl,tcl
n,n
r,r
ax,v
z,z
r,r
ix,ih
l,w
d,d
q,q
ax,ax
dcl,dcl
ax,ax
iy,ey
ey,ey
s,s
f,f
ow,ow
ay,ay
ae,ae
ix,ix
aa,aa
r,r
ih,ey
axr,r
w,w
ng,ng
kcl,kcl
tcl,kcl
jh,ch
en,m
w,w
t,t
n,n
q,q
kcl,kcl
eh,ih
dh,dh
iy,iy
aa,ao
aw,aw
iy,iy
ix,ix
eh,axr
kcl,kcl
ix,ix
ah,ix
iy,iy
dcl,dcl
ah,aa
ao,ao
ae,ae
ae,ae
v,p
sh,sh
pcl,kcl
ow,ow
r,r
z,z
m,m
axr,axr
ch,ch
z,z
ix,ix
ng,ng
iy,iy
iy,iy
v,v
ao,ao
iy,iy
iy,iy
l,l
dcl,dcl
iy,iy
ih,ae
iy,ix
ux,ux
axr,er
w,w
ow,ow
ix,ax
ao,ao
l,l
ae,ae
ix,ih
p,p
iy,iy
bcl,bcl
l,l
dcl,dcl
el,el
m,m
axr,r
axr,ix
z,s
tcl,tcl
kcl,kcl
v,n
ah,eh
l,w
axr,ix
ix,ax
er,er
ao,aa
hv,hv
l,ng
ax,ix
iy,iy
ix,en
n,n
r,r
sh,ch
ix,ix
s,s
ae,eh
hh,k
gcl,tcl
l,l
l,el
n,n
hh,k
ax,ax
tcl,tcl
th,th
ix,ix
ix,ix
z,z
q,q
ay,ay
axr,axr
dcl,tcl
ih,iy
s,s
l,l
n,n
s,s
q,bcl
s,s
y,y
ay,ay
f,f
bcl,dcl
m,m
ow,ow
kcl,kcl
ay,ay
kcl,kcl
z,z
s,s
iy,iy
axr,axr
kcl,kcl
p,p
en,n
iy,iy
w,w
n,n
iy,iy
ae,ae
dcl,tcl
ao,aa
hh,hh
iy,iy
iy,iy
r,r
w,w
ih,ix
iy,iy
ih,ix
ix,ix
iy,y
n,n
g,g
aa,aa
hv,hv
ih,ih
ix,axr
ix,ix
m,m
dh,kcl
er,r
k,k
z,s
ey,ey
th,th
iy,iy
tcl,tcl
n,m
dh,dh
ix,ax
q,q
dh,ax
q,r
ao,ao
tcl,tcl
kcl,kcl
f,f
v,v
axr,axr
s,s
eh,ow
ix,ix
dcl,dcl
s,s
m,m
q,m
tcl,tcl
axr,axr
pcl,kcl
d,d
n,dcl
ax,ax
sh,sh
dx,kcl
ih,ih
r,iy
ix,ix
t,t
n,ng
r,er
jh,jh
dcl,bcl
ae,ae
n,n
s,s
w,w
r,r
q,tcl
ey,ih
ax,ax
d,k
iy,iy
nx,dx
hv,hv
ow,ow
jh,ch
iy,iy
ae,ey
l,l
ae,eh
axr,r
er,er
kcl,kcl
kcl,kcl
s,s
s,s
ix,n
axr,r
uh,ax
w,w
v,v
w,w
gcl,n
m,n
jh,jh
s,s
q,q
ah,ah
tcl,pcl
l,l
tcl,tcl
ix,ix
dh,n
q,w
ax,ax
ao,ao
m,m
ae,eh
iy,iy
r,r
eh,axr
dcl,kcl
n,n
w,w
s,s
eh,eh
er,r
ih,ih
k,k
z,sh
t,d
kcl,q
dcl,tcl
ax,ix
y,y
kcl,kcl
ax,r
er,axr
hv,hv
ao,ao
sh,sh
dcl,tcl
axr,r
el,ao
dh,p
hh,hh
k,k
m,m
iy,iy
axr,axr
r,r
m,m
n,n
f,f
er,er
ih,ey
ix,ix
y,y
iy,ey
gcl,gcl
dh,v
tcl,n
z,z
dcl,gcl
s,s
tcl,n
en,m
aw,ow
tcl,kcl
dcl,dcl
eh,axr
tcl,tcl
q,ux
s,s
s,s
ow,ux
tcl,tcl
s,s
l,l
ux,ux
s,s
ay,ay
t,k
r,axr
z,z
ay,ay
dcl,tcl
q,q
tcl,tcl
gcl,gcl
w,l
dcl,dcl
m,m
ux,ux
t,t
iy,iy
ae,aa
ow,ow
ao,aa
n,n
sh,sh
iy,iy
ao,aa
q,q
n,n
ix,l
s,s
d,t
dcl,bcl
bcl,bcl
axr,axr
aa,ah
ow,ow
iy,iy
r,r
iy,iy
z,s
ah,ih
ix,ix
ix,hv
l,l
k,d
p,p
kcl,kcl
ae,ae
s,t
z,s
axr,axr
r,r
ax,ix
jh,jh
s,s
nx,n
gcl,kcl
ey,ey
s,s
y,iy
ih,r
dcl,pcl
iy,iy
oy,oy
gcl,tcl
ay,ay
ih,ih
iy,iy
iy,ey
dx,m
ah,ah
sh,sh
aa,aa
t,t
th,f
oy,aa
n,n
tcl,kcl
ao,ao
q,q
l,ax
ih,ih
aa,aa
kcl,kcl
f,f
tcl,kcl
eh,eh
dx,g
r,r
r,v
t,k
sh,sh
z,s
ax,ax
ax,q
r,r
ah,ix
kcl,k
tcl,kcl
ix,ix
er,axr
dcl,dcl
s,s
sh,sh
dh,dh
v,l
ay,ay
iy,iy
kcl,kcl
sh,sh
w,bcl
r,r
n,n
iy,iy
axr,axr
ax,ax
t,t
hv,hv
dcl,bcl
s,s
n,n
pcl,pcl
ay,ay
ao,aa
q,q
iy,iy
uw,uw
z,z
q,q
eh,ay
q,q
l,ax
p,p
ih,ix
tcl,q
gcl,tcl
iy,iy
iy,iy
l,ay
sh,sh
ey,ey
dcl,dcl
bcl,bcl
ao,ao
k,k
p,k
z,z
ih,eh
dx,dx
kcl,kcl
ao,ao
s,s
d,d
n,ng
ix,ix
r,r
dcl,dcl
ch,ch
n,n
dcl,dcl
r,ax
ah,ah
ix,ix
t,d
z,z
r,r
ix,ix
er,er
f,pcl
n,n
ix,ix
l,l
n,nx
dcl,bcl
l,l
l,l
bcl,bcl
ix,ix
oy,oy
l,l
eh,ih
l,w
iy,iy
s,s
p,p
dcl,dcl
s,s
kcl,kcl
s,s
axr,r
ey,ey
tcl,q
dx,dx
ao,aa
tcl,tcl
ux,ix
v,v
dcl,l
q,q
r,r
r,r
s,s
g,k
f,f
hv,hv
ix,ix
gcl,gcl
y,y
uw,er
ax,ix
ao,aa
hh,hh
iy,iy
er,r
ao,aa
l,w
ao,ao
ix,ix
r,ix
l,iy
aa,ah
ae,q
w,w
ix,ix
axr,er
n,n
q,k
ax,ax
ow,ow
ix,iy
s,sh
l,l
q,q
m,m
sh,sh
dcl,gcl
ax,ix
n,ng
r,r
ix,ix
aa,aa
r,n
w,w
r,r
uh,uh
ao,ow
n,m
aw,aa
dx,ix
dcl,dcl
s,t
ch,jh
ix,ix
er,er
ey,ix
iy,ix
tcl,kcl
ih,ix
ah,ax
f,f
ix,ix
r,r
tcl,tcl
tcl,tcl
z,jh
q,q
iy,iy
s,s
iy,iy
n,n
hh,hh
eh,eh
kcl,kcl
l,l
tcl,tcl
l,l
n,n
er,er
y,y
iy,iy
ix,n
k,k
axr,eh
ao,ao
d,d
eh,eh
pcl,kcl
eh,eh
w,w
ah,ah
dh,gcl
aa,ao
r,r
ih,ix
n,n
l,w
ey,ey
s,s
kcl,kcl
ae,aa
jh,ch
iy,iy
aw,aa
k,k
s,s
q,r
n,n
ah,eh
tcl,gcl
r,r
g,g
r,axr
k,k
ow,ow
dcl,tcl
t,k
er,er
s,s
s,s
y,iy
th,t
k,k
n,dx
ey,ey
w,w
kcl,kcl
pcl,kcl
n,n
r,r
r,w
p,k
bcl,bcl
aw,aw
dcl,tcl
p,p
ix,r
ih,ih
hh,t
k,k
s,s
hv,hv
kcl,kcl
m,m
eh,ae
tcl,kcl
ih,en
r,r
ay,ay
kcl,kcl
tcl,jh
dcl,tcl
iy,iy
dx,t
ow,ow
l,l
t,t
l,l
t,k
iy,iy
n,n
iy,r
s,s
l,ax
m,m
eh,ih
ih,iy
eh,ey
ih,ih
y,y
r,r
l,l
er,er
uw,uw
ay,ay
l,l
ae,eh
q,q
hh,hh
pcl,kcl
iy,iy
dcl,tcl
kcl,kcl
v,v
iy,iy
k,k
q,q
v,v
tcl,tcl
n,n
gcl,kcl
l,l
t,t
ah,ay
l,l
l,ax
n,n
ix,iy
l,l
uw,ux
ih,ih
k,k
ay,ay
n,l
p,p
kcl,kcl
r,r
axr,axr
iy,iy
r,r
s,s
n,n
ih,ih
ao,ao
n,n
s,s
ow,ow
axr,axr
kcl,tcl
iy,iy
ng,ng
dcl,dcl
bcl,bcl
r,r
iy,iy
f,f
kcl,kcl
ch,ch
ax,ax
f,f
ey,ey
ux,ix
ae,eh
dx,n
ow,ow
dcl,dcl
t,t
q,ix
p,p
aa,aa
ao,ao
ow,ow
tcl,tcl
s,s
ih,ih
w,w
t,t
z,s
z,z
ng,ng
n,n
ax,axr
p,p
s,s
s,s
f,f
oy,oy
q,q
eh,eh
axr,axr
kcl,kcl
ow,ow
l,el
eh,ih
m,m
s,s
kcl,kcl
ay,ay
ey,ey
ao,ao
dcl,kcl
eh,eh
r,axr
axr,r
n,ix
tcl,kcl
m,m
ix,ix
ix,ix
iy,iy
kcl,kcl
l,l
dcl,tcl
ey,ey
gcl,ng
w,w
ah,ax
ow,ow
r,r
axr,axr
l,uh
aa,aa
dh,ix
n,n
iy,iy
dcl,dcl
jh,jh
l,l
ey,ey
dh,t
ay,ay
aa,ax
ao,ao
ih,ix
y,iy
ax,ax
l,l
ah,ow
kcl,kcl
n,n
iy,iy
axr,axr
bcl,bcl
k,k
t,tcl
v,bcl
ae,aa
ux,ux
kcl,kcl
k,k
ix,n
s,s
aa,aa
ah,ah
dx,y
ix,ix
ah,ah
sh,sh
l,l
ix,ix
ix,q
er,axr
ay,ay
n,m
ax,ix
v,v
n,n
s,s
ix,ix
ey,ey
f,p
ao,ao
eh,ay
axr,axr
t,t
n,n
dcl,n
ih,ax
w,w
kcl,kcl
kcl,tcl
r,ix
ng,ng
r,r
ch,jh
ae,ae
f,dh
ah,ow
ey,ey
kcl,kcl
w,w
hv,axr
iy,ix
bcl,v
iy,iy
v,f
z,z
r,axr
aa,ah
dcl,dcl
tcl,kcl
r,r
ay,ay
l,m
ix,ix
ey,iy
z,z
ah,ow
n,n
m,m
bcl,bcl
ae,ae
jh,jh
iy,iy
y,iy
dcl,dcl
t,t
er,axr
m,m
g,k
tcl,tcl
tcl,tcl
axr,ao
l,l
z,z
el,ao
tcl,tcl
s,s
kcl,kcl
oy,oy
k,k
kcl,gcl
gcl,kcl
s,s
t,t
ah,ah
d,k
axr,er
z,s
oy,oy
m,m
aw,aw
ix,ih
l,r
kcl,kcl
t,t
kcl,kcl
r,axr
d,t
ae,ae
axr,axr
en,n
z,s
eh,hv
m,dcl
ih,ih
eh,r
s,s
iy,iy
axr,er
kcl,kcl
axr,r
ax,r
d,n
d,d
ix,ix
p,p
m,m
n,n
tcl,kcl
aw,ay
ng,ng
axr,r
ux,ix
tcl,tcl
k,k
ch,ch
kcl,kcl
iy,iy
ih,ix
ey,ey
t,t
l,q
eh,eh
l,w
q,q
tcl,kcl
tcl,kcl
r,r
eh,ih
n,q
axr,axr
axr,axr
r,r
r,r
y,y
q,q
el,el
k,k
ix,ih
el,q
er,ux
r,r
y,y
r,r
ix,n
m,m
ux,iy
ae,ae
ay,ae
t,t
n,n
bcl,tcl
q,q
s,s
l,l
ao,ao
m,n
l,l
ix,r
aa,aa
z,s
s,s
t,t
aa,aa
ae,ae
ix,ix
ix,ix
f,f
uh,w
iy,iy
n,n
ay,ay
l,n
r,r
ix,iy
iy,iy
iy,iy
s,s
g,k
eh,ae
t,t
ow,ow
r,axr
pcl,kcl
jh,axr
tcl,kcl
ux,ih
q,tcl
sh,sh
f,f
ae,r
eh,ae
ih,ih
l,l
ix,ix
y,y
w,w
ax-h,hh
ae,ae
r,r
y,y
k,k
k,k
ae,ay
q,q
z,z
jh,s
k,k
bcl,tcl
pcl,pcl
n,n
el,ow
iy,iy
y,y
ix,ih
hv,hv
dcl,tcl
n,n
tcl,tcl
n,n
q,q
kcl,p
dh,p
q,q
pcl,tcl
n,n
k,k
k,k
kcl,kcl
iy,iy
ow,ao
f,t
l,l
ah,aa
f,f
m,m
n,n
ix,ix
ae,ay
ao,ao
p,hh
dx,g
dcl,bcl
kcl,kcl
em,n
n,n
dcl,dcl
axr,eh
gcl,n
ax,l
ow,ow
s,s
ow,ow
hv,iy
eh,eh
th,s
m,m
g,k
m,m
aa,aa
aa,aa
iy,iy
y,y
ix,ix
ow,ax
n,n
n,n
s,s
r,r
ae,ae
k,g
tcl,tcl
axr,axr
sh,sh
t,q
p,v
m,m
ux,ux
q,q
kcl,kcl
f,f
m,n
r,axr
m,n
ix,ix
d,t
w,w
hh,pcl
ax,ax
eh,ix
iy,iy
ae,ae
th,t
n,n
aa,aa
eh,ah
ux,ux
axr,axr
kcl,kcl
n,n
ix,ix
ey,iy
aa,ao
ey,ey
ey,ey
axr,axr
zh,sh
l,ax
l,l
l,l
pcl,tcl
l,l
m,m
tcl,tcl
ay,ay
m,n
dcl,dcl
er,axr
z,z
eh,ih
ah,ax
ax,n
n,n
ix,ih
tcl,tcl
ao,ao
ng,n
ih,iy
k,th
f,f
n,n
gcl,n
r,r
f,dh
tcl,tcl
iy,iy
ix,ix
w,m
z,f
n,n
kcl,kcl
er,axr
aa,aa
iy,iy
ih,iy
n,n
q,n
kcl,kcl
z,z
tcl,pcl
dcl,dcl
gcl,gcl
r,r
ix,ix
z,z
er,axr
ae,ey
hv,hh
ah,ah
axr,axr
ey,ey
ae,ae
q,tcl
iy,iy
aa,aa
dcl,dcl
nx,nx
ix,ix
s,s
iy,iy
r,r
ih,ix
eh,eh
k,kcl
dcl,dcl
dx,dx
ax,dh
m,m
ih,ih
n,n
tcl,dcl
hh,hh
l,l
s,s
ix,ax
pcl,pcl
axr,r
s,s
dx,dx
tcl,kcl
bcl,bcl
tcl,tcl
gcl,kcl
ay,ay
dh,p
kcl,kcl
er,er
t,t
ao,ao
ix,ix
v,v
ah,ix
l,l
ae,ae
pcl,pcl
tcl,pcl
n,n
q,dx
ix,ix
eh,ey
l,l
v,v
aa,l
bcl,kcl
iy,iy
s,s
kcl,tcl
s,s
ae,ae
iy,iy
ah,q
ng,ng
ih,ih
z,s
p,p
ao,ao
n,n
bcl,bcl
kcl,gcl
kcl,kcl
z,z
ao,ao
ix,eh
eh,ey
l,l
eh,ih
ix,ih
ng,gcl
dcl,kcl
el,el
eh,ey
ao,aa
l,ao
sh,sh
hv,y
v,v
eh,eh
jh,jh
ix,ix
n,n
f,f
s,s
z,s
er,er
uw,ux
ix,ix
m,m
dcl,dcl
iy,iy
iy,iy
v,v
jh,jh
iy,iy
f,p
p,p
dh,dh
sh,sh
r,r
s,s
iy,iy
ax,ax
pcl,pcl
ay,aa
ix,iy
iy,iy
iy,iy
r,r
r,r
tcl,tcl
ae,ae
ih,ix
ow,ae
hh,hh
ux,ih
dh,dcl
ay,ay
r,r
f,p
s,s
n,n
oy,oy
gcl,dcl
ih,iy
nx,n
ix,ih
n,n
ih,ih
y,iy
p,p
ax,ax
gcl,tcl
n,n
tcl,tcl
s,s
kcl,kcl
ih,ih
axr,axr
k,k
ih,ih
dcl,dcl
s,sh
n,n
tcl,tcl
r,r
ao,aa
n,ng
ix,ix
p,p
jh,jh
s,s
dcl,dcl
ay,ay
axr,axr
gcl,dcl
n,n
dcl,g
ao,oy
axr,aa
w,w
jh,jh
eh,ey
eh,eh
dcl,dcl
ae,ae
dh,t
s,s
gcl,gcl
dcl,dcl
t,t
ao,ao
ix,ix
ix,ux
f,f
r,axr
v,m
m,n
ey,ey
v,v
f,f
eh,eh
axr,axr
dcl,dcl
ih,r
kcl,kcl
p,p
dh,dh
ah,aa
n,ng
z,s
z,z
hh,hh
ae,eh
ix,ix
tcl,kcl
ae,ey
ix,ix
ix,ix
ax,ax
ey,ey
tcl,kcl
q,q
eh,r
ax,l
iy,iy
r,r
n,n
ng,ng
ao,ao
l,w
gcl,gcl
ae,ae
f,f
hh,p
r,r
ao,ao
s,s
g,k
dcl,dcl
jh,jh
ay,ay
sh,sh
n,n
s,s
q,q
ux,ux
tcl,pcl
l,l
r,r
r,r
axr,axr
q,q
eh,ix
s,s
ow,ow
ae,ae
ih,ih
ix,ix
axr,axr
s,s
ow,ow
ae,ae
p,k
pcl,tcl
aa,ao
l,ax
ao,ao
k,k
kcl,kcl
ay,ay
ih,ix
t,t
w,w
ih,r
s,s
tcl,tcl
axr,axr
q,q
r,axr
jh,jh
s,s
ah,ay
n,n
v,n
z,z
ow,q
eh,eh
y,y
ux,ux
g,k
k,k
ah,ah
s,s
ae,ae
r,r
n,n
m,m
er,er
q,q
w,w
v,m
ix,ix
t,t
kcl,kcl
iy,iy
axr,er
m,m
dcl,tcl
ay,ay
r,r
r,r
m,m
l,l
s,s
ih,ix
tcl,kcl
t,k
tcl,kcl
bcl,tcl
iy,iy
oy,oy
dcl,gcl
iy,iy
iy,iy
dcl,dcl
ay,ay
k,k
eh,axr
ay,ay
q,q
z,s
dcl,tcl
jh,t
z,s
m,m
v,v
ix,ix
gcl,n
er,er
r,r
k,k
r,axr
n,ng
ix,ix
ay,aa
q,tcl
ey,iy
iy,iy
nx,n
dcl,dcl
ay,aa
l,w
ae,ih
ix,ix
f,f
ih,ng
ay,ay
s,s
z,z
ix,ix
r,r
f,q
k,k
tcl,kcl
n,n
er,eh
ax,ax
iy,n
l,l
iy,iy
f,f
ng,n
kcl,kcl
r,axr
m,n
v,dx
eh,r
ax,ax
q,q
g,k
kcl,kcl
bcl,n
q,q
ix,ax
l,l
pcl,pcl
t,t
tcl,tcl
kcl,kcl
bcl,gcl
er,er
eh,eh
ng,n
ix,r
iy,iy
iy,iy
ax-h,q
f,v
r,r
oy,oy
ix,axr
iy,iy
m,m
ax,ax
ao,aa
l,ax
ae,ah
iy,iy
iy,iy
ax,ax
z,z
r,r
s,s
ih,ix
iy,iy
eh,ih
r,axr
ux,ux
r,r
dx,dx
ay,ay
n,n
w,w
eh,ey
m,n
iy,iy
r,r
pcl,pcl
q,dx
m,n
dh,bcl
l,w
ae,ae
t,t
ay,ay
l,l
m,m
s,s
s,s
ix,ix
iy,iy
s,s
l,l
dh,p
r,axr
d,t
r,r
z,z
f,f
axr,axr
w,w
t,k
z,z
t,t
kcl,kcl
axr,axr
ao,ao
ey,ih
ah,eh
s,sh
jh,sh
pcl,pcl
s,s
ae,ae
q,ix
n,n
gcl,gcl
iy,uw
ix,ix
m,m
eh,ix
ix,ix
k,g
ix,y
l,l
hv,hv
ng,n
dh,v
ax,eh
axr,axr
l,l
er,er
n,ix
aa,aa
t,t
oy,oy
ih,ey
dcl,tcl
v,g
axr,er
z,z
ix,ix
m,m
ih,ih
q,q
m,m
ih,ey
t,t
tcl,pcl
el,el
s,s
uh,ux
ax,ax
er,axr
z,z
l,l
ae,ih
ix,ix
hv,nx
v,v
r,er
eh,eh
r,r
z,z
t,t
iy,axr
ow,ix
ax,ix
ax,ax
dx,dx
ay,ay
l,l
iy,iy
pcl,pcl
ow,ow
z,s
ng,n
bcl,bcl
iy,y
ax,q
ih,ix
iy,iy
n,dcl
iy,iy
k,kcl
eh,eh
iy,iy
w,w
w,w
w,w
ix,n
m,m
p,p
s,s
q,ix
m,m
iy,ix
zh,sh
ah,ah
s,ch
tcl,tcl
dx,dx
aa,ah
iy,iy
z,s
g,k
w,ao
th,f
g,g
iy,axr
m,m
iy,axr
dh,p
k,k
gcl,kcl
ax,z
ax,q
iy,iy
l,ix
l,w
axr,ih
iy,iy
dcl,tcl
w,w
n,n
ix,ix
k,k
ih,n
ah,axr
n,n
ix,ax
l,l
ix,ih
l,l
ng,ng
s,s
ay,ay
p,k
ix,ix
ae,ae
tcl,kcl
t,t
m,m
m,m
aa,aa
ix,axr
ix,ix
z,z
iy,iy
l,el
iy,ey
k,k
kcl,gcl
ae,ay
s,sh
ux,hv
ix,ix
bcl,m
en,n
kcl,kcl
m,m
v,v
iy,ix
y,y
t,k
v,p
iy,iy
iy,iy
pcl,gcl
tcl,tcl
ax,axr
ah,ah
ix,ix
aa,aa
t,t
uw,ix
gcl,n
l,l
dcl,n
er,er
s,s
l,l
b,w
ax,ax
iy,iy
m,m
ih,axr
m,m
r,r
ng,ng
ix,ih
ae,ae
q,k
kcl,kcl
k,g
kcl,tcl
s,t
z,z
eh,ih
kcl,kcl
ey,ey
ax,ax
ix,ix
aa,aa
aa,ao
dcl,tcl
n,n
v,v
gcl,dcl
ix,ix
bcl,bcl
ah,eh
dcl,gcl
n,n
ay,ay
ae,ae
tcl,gcl
ay,ay
hv,hv
q,q
n,dcl
k,k
dh,dx
ng,m
ax,ix
r,r
ih,ey
sh,sh
ow,ow
l,r
b,b
iy,iy
f,f
ix,axr
l,l
iy,iy
hh,p
pcl,pcl
ix,iy
z,z
dx,dx
iy,iy
kcl,kcl
k,k
dh,m
ey,ey
m,m
q,q
ix,iy
ix,l
pcl,pcl
uw,ux
iy,ih
z,s
nx,n
t,tcl
ow,w
g,p
l,ix
ih,ih
dh,n
k,k
ow,ow
tcl,tcl
tcl,tcl
dcl,tcl
g,k
ao,ao
r,r
bcl,bcl
pcl,pcl
ax,ix
ix,ih
iy,iy
kcl,tcl
ng,ng
k,hh
er,er
dcl,dcl
sh,sh
tcl,pcl
d,hh
er,axr
r,r
ah,ow
l,l
g,g
w,w
dcl,dcl
el,ow
ao,ao
sh,sh
kcl,kcl
t,t
gcl,tcl
eh,ix
uw,uw
ah,aa
q,q
kcl,kcl
dh,b
s,s
d,t
s,s
k,k
ow,ow
ao,ah
ix,iy
kcl,kcl
ix,ih
ix,ix
n,n
z,z
ix,ix
l,l
l,l
tcl,tcl
eh,eh
pcl,tcl
n,dcl
ih,iy
dcl,dcl
l,l
k,k
ix,ix
dcl,dcl
aa,hv
w,w
n,ix
eh,eh
pcl,pcl
ow,ow
axr,ao
kcl,kcl
ih,ih
iy,ih
el,l
pcl,kcl
ih,ey
gcl,gcl
jh,jh
iy,y
er,aa
p,t
n,m
tcl,tcl
ey,ih
r,r
p,p
er,ao
iy,y
dh,p
dx,n
t,jh
er,axr
pcl,kcl
iy,iy
nx,n
sh,sh
k,k
s,s
s,s
r,r
ix,ax
m,m
z,z
dcl,dcl
ay,eh
dcl,pcl
ae,ae
z,z
r,axr
ow,ao
ao,ao
ax,n
w,w
ux,ux
t,t
m,m
q,q
jh,jh
ax,ax
ix,ix
k,k
s,s
m,m
n,m
iy,iy
l,l
ix,ix
m,m
r,r
dh,dh
q,q
ao,ao
aa,ao
r,r
ix,ih
kcl,kcl
ih,ih
z,z
axr,ax
s,t
aa,aa
n,n
tcl,kcl
ix,ix
g,g
n,n
kcl,kcl
ax,q
z,s
s,z
g,k
ih,ix
tcl,kcl
y,q
kcl,tcl
q,q
q,q
dcl,dcl
ih,y
bcl,bcl
v,v
dh,dh
t,ch
dh,dx
r,r
aa,aa
ax-h,p
q,q
n,n
aa,aa
q,q
g,g
ih,ih
r,r
ay,ay
n,n
ay,ay
s,s
s,th
dcl,dcl
ih,n
tcl,tcl
pcl,tcl
t,t
ng,n
ix,r
ey,iy
ao,ao
dh,p
ih,ih
axr,r
n,n
ux,ux
ix,ay
ax,q
l,l
ae,ae
n,n
r,r
gcl,gcl
ah,ah
r,r
r,axr
gcl,dcl
pcl,kcl
t,t
ix,ix
r,r
jh,jh
k,k
pcl,pcl
er,er
ng,ng
ih,ih
dcl,dcl
iy,iy
k,k
m,n
ix,axr
n,n
v,v
ah,n
ey,ey
ax,ix
ay,aa
pcl,kcl
ow,el
ix,iy
ax,ax
aa,aa
eh,eh
n,n
n,ng
s,s
v,kcl
ax,ax
p,p
n,bcl
iy,iy
ih,eh
d,n
aw,eh
kcl,kcl
eh,eh
ix,ix
s,s
m,m
f,f
ay,ay
dcl,tcl
w,w
ow,ow
sh,sh
v,pcl
r,r
f,f
kcl,kcl
ax,ix
tcl,tcl
ax,w
s,s
ih,ih
ay,ay
y,gcl
eh,eh
ow,ix
n,m
eh,ix
dcl,iy
l,ix
s,z
pcl,kcl
aa,ah
eh,ix
aa,eh
en,ix
ix,ix
uh,ix
ao,ao
s,s
gcl,pcl
iy,iy
ao,ao
v,v
dcl,dcl
eh,ix
s,s
kcl,kcl
eh,eh
tcl,pcl
s,s
pcl,pcl
q,q
ix,ih
ao,ao
w,w
tcl,tcl
pcl,bcl
s,s
dcl,dcl
ch,ch
bcl,bcl
ix,ow
m,n
ey,ih
dcl,gcl
ae,ae
aa,aa
tcl,tcl
dcl,dcl
q,q
s,s
k,k
ao,ao
v,v
q,q
l,l
tcl,kcl
m,m
m,m
kcl,kcl
ux,ux
ey,ey
er,eh
ax,ax
d,t
s,s
tcl,kcl
ih,ah
q,q
ow,ow
zh,zh
l,l
ih,iy
ao,aa
p,k
k,k
tcl,kcl
dx,dx
f,p
w,w
z,s
dx,dx
dx,y
ay,ay
f,f
ah,ah
kcl,kcl
n,n
z,s
kcl,kcl
s,z
w,w
l,l
ae,ae
w,w
ax,ix
b,k
w,w
p,p
ah,ah
tcl,tcl
d,t
tcl,jh
ix,ix
w,w
s,s
oy,oy
axr,axr
jh,t
q,q
n,n
kcl,kcl
r,r
v,w
er,r
r,r
z,s
aa,aa
w,l
w,w
tcl,tcl
aa,aa
ax,ix
dx,dx
s,s
axr,axr
eh,eh
dcl,tcl
er,ix
r,r
eh,eh
kcl,pcl
p,p
ux,ux
ix,ih
ae,ae
ay,ay
ow,ow
ax,ix
l,l
hh,k
en,en
w,w
l,ax
f,f
axr,er
m,n
l,l
w,r
tcl,gcl
r,r
iy,iy
tcl,tcl
r,r
l,w
ah,axr
q,q
ao,ao
z,z
s,s
v,bcl
m,m
s,s
bcl,bcl
kcl,kcl
l,l
th,th
k,k
th,t
l,ow
t,t
dh,n
eh,ae
ix,ix
d,dx
s,s
g,g
l,l
ae,ey
l,l
tcl,pcl
g,g
ow,ix
sh,ch
sh,sh
r,r
w,w
s,s
ch,ch
ow,ow
ay,ay
ix,ix
f,f
ae,ae
ix,ix
q,q
s,s
s,s
gcl,dcl
ax,ax
ix,ax
eh,eh
ae,ey
l,m
v,v
s,t
th,th
ix,iy
n,ng
tcl,tcl
g,k
l,q
s,s
ih,ih
f,f
ix,iy
hv,hv
kcl,pcl
s,s
q,q
ux,ix
ix,ix
sh,sh
n,n
ix,ix
r,r
iy,iy
ae,ae
ao,ow
tcl,tcl
ix,iy
dcl,g
n,n
ix,ng
t,d
er,axr
ix,ix
s,s
dcl,bcl
hv,hv
tcl,kcl
ax,ah
ae,eh
oy,oy
ih,ih
ae,ae
pcl,tcl
l,q
iy,iy
eh,ae
s,s
ih,ih
sh,sh
iy,iy
d,d
ix,ix
kcl,kcl
axr,axr
s,s
ay,aa
k,g
axr,axr
q,q
iy,iy
s,s
n,m
ao,aa
ae,ae
ix,ix
axr,axr
ay,ay
ix,ix
ih,ow
tcl,tcl
uh,ax
l,el
pcl,pcl
q,q
k,k
ux,iy
r,r
iy,iy
l,l
ih,ax
bcl,bcl
aa,ao
t,t
kcl,kcl
z,z
pcl,tcl
dh,d
pcl,tcl
ix,ay
m,n
r,r
er,er
ae,ae
l,l
dcl,tcl
ax,ax
ix,axr
n,n
ih,ih
gcl,gcl
l,l
tcl,kcl
ih,ih
sh,sh
kcl,tcl
g,p
l,l
ax,ix
z,s
n,q
iy,iy
k,k
ih,ih
er,axr
ix,ix
p,p
axr,axr
w,w
ax,ax
ax,axr
ey,ix
s,s
eh,ow
ix,q
ao,ao
iy,iy
l,ax
ao,w
ay,aa
axr,kcl
bcl,bcl
r,r
p,p
kcl,kcl
r,r
axr,er
aa,aa
q,q
ix,dx
ay,ay
ix,ih
ae,aa
l,l
r,r
q,q
dx,dcl
m,m
ah,eh
m,m
ix,ix
iy,iy
ae,ae
er,er
ax,l
ae,ae
ae,ae
eh,ih
f,th
s,s
aa,aa
g,g
r,r
eh,eh
l,l
p,p
axr,r
dcl,tcl
ah,ax
tcl,pcl
q,q
l,l
eh,eh
l,w
ey,ey
n,n
iy,iy
ey,iy
aa,aa
l,l
q,iy
t,t
ey,ey
gcl,gcl
er,ix
k,k
ih,ih
s,s
k,k
r,r
tcl,pcl
s,s
dh,d
ux,iy
t,t
axr,ix
r,r
s,s
v,v
jh,jh
en,n
ch,ch
ih,ix
kcl,kcl
m,m
s,s
ax,ah
iy,iy
gcl,iy
l,q
axr,n
ix,r
ng,n
l,w
l,l
bcl,tcl
q,q
n,n
n,n
kcl,kcl
s,s
m,m
axr,r
s,s
s,s
m,m
m,m
hv,hv
gcl,n
r,r
eh,hv
aa,aa
ax,q
t,t
w,m
dx,jh
k,k
kcl,tcl
axr,axr
kcl,kcl
y,y
q,q
ao,ao
s,z
kcl,kcl
iy,iy
ah,ah
uh,axr
iy,iy
jh,jh
r,r
n,ax
ih,ux
ux,ux
n,n
l,iy
kcl,kcl
eh,ih
l,ax
l,w
kcl,kcl
t,t
eh,eh
k,hh
ch,ch
iy,iy
tcl,kcl
er,axr
ah,ax
ae,ae
s,s
tcl,kcl
l,l
iy,iy
ay,ay
n,m
w,w
dh,d
l,ow
r,r
r,r
s,s
en,ix
r,v
z,sh
n,m
dx,r
dh,dh
eh,eh
s,s
pcl,tcl
v,dcl
n,n
ae,aa
iy,iy
dcl,dcl
kcl,kcl
er,er
k,k
th,th
q,q
el,q
n,n
n,n
ix,ix
l,l
dh,ix
q,q
r,p
l,ax
aw,aa
l,l
q,q
bcl,tcl
k,k
ah,eh
t,t
s,s
ey,ey
v,f
ah,r
r,r
r,m
ix,ix
v,v
ix,ix
r,r
eh,ix
ae,eh
iy,iy
iy,iy
w,w
ax-h,ax-h
axr,axr
l,w
sh,sh
ae,ae
r,gcl
ae,ae
n,n
ae,eh
s,s
hv,hv
ey,ey
tcl,kcl
f,f
dx,dx
n,dcl
l,l
b,bcl
iy,iy
ah,ah
iy,iy
jh,t
p,p
s,s
f,pcl
axr,r
v,f
ao,oy
ax,ax
iy,iy
iy,y
s,s
pcl,tcl
s,s
uh,ix
ax,ax
axr,axr
k,k
l,r
iy,iy
aa,ao
gcl,pcl
n,dcl
t,t
gcl,gcl
ao,aa
iy,iy
n,n
ih,ih
ix,ix
s,s
w,w
r,r
kcl,kcl
tcl,kcl
p,p
dh,ix
l,l
ih,ih
kcl,kcl
eh,eh
kcl,kcl
s,s
kcl,kcl
dcl,dcl
ah,ax
sh,sh
k,k
t,k
ix,iy
ch,ch
ix,ix
s,s
s,s
v,nx
axr,axr
t,k
ih,uh
t,t
m,iy
ix,ix
ow,er
g,n
m,ix
ax,r
eh,er
y,y
ix,ix
s,s
eh,r
eh,eh
ih,q
q,q
n,n
pcl,pcl
axr,q
dcl,dcl
l,l
tcl,kcl
eh,ih
w,w
q,r
ae,ae
ey,ay
ay,ay
s,s
k,k
n,n
t,t
l,ix
hv,hv
ay,ay
ix,ix
r,r
s,s
tcl,tcl
f,f
kcl,kcl
kcl,kcl
ae,ae
g,k
k,k
v,dh
er,r
kcl,kcl
l,q
n,n
ix,ix
pcl,pcl
kcl,kcl
hv,hh
kcl,kcl
axr,er
s,s
w,w
s,s
jh,jh
axr,axr
p,p
k,kcl
tcl,kcl
v,v
n,n
iy,iy
s,s
r,axr
oy,ow
s,s
l,l
k,g
el,l
iy,iy
eh,eh
t,t
ax,ax
pcl,pcl
er,er
dcl,gcl
ih,ih
iy,iy
dx,dx
uw,ao
k,k
ae,ay
dx,dx
ax,ax
ao,ao
s,s
gcl,gcl
w,w
nx,n
d,dh
v,th
ih,ih
iy,iy
ay,ay
ay,ay
z,s
w,w
ey,ay
kcl,tcl
sh,sh
th,th
ey,ey
n,m
ix,ix
pcl,pcl
k,k
m,m
s,s
er,axr
eh,ih
dh,dx
ix,ix
axr,axr
r,r
z,s
dcl,dcl
q,ix
w,w
ao,ao
dh,dh
r,l
uh,ax
z,s
p,p
eh,ay
hh,hh
iy,iy
er,er
ah,w
ih,ix
aa,ao
v,v
g,g
ix,iy
l,ax
ey,ih
kcl,kcl
ix,ix
tcl,q
eh,ih
iy,iy
m,m
d,d
ey,iy
s,s
ow,ah
ae,eh
tcl,tcl
pcl,pcl
l,l
s,s
z,z
v,dcl
ae,ae
el,el
ao,ao
k,k
iy,iy
ih,ih
eh,eh
z,z
ux,ix
ix,ih
ix,r
l,l
s,s
tcl,tcl
ay,ay
gcl,gcl
d,d
axr,ix
ae,aa
n,n
dh,th
t,t
ax,l
pcl,pcl
n,m
uw,ux
jh,ch
tcl,kcl
s,sh
jh,jh
q,q
gcl,kcl
s,s
dx,dx
ao,ao
axr,axr
m,m
ae,ae
aa,ay
ix,ax
n,uw
axr,axr
r,r
axr,er
s,s
iy,iy
q,q
r,er
sh,sh
ay,oy
iy,iy
ux,ux
pcl,pcl
r,r
ix,ix
ay,ay
kcl,kcl
sh,sh
sh,sh
t,t
r,ax
r,r
s,s
m,ng
ao,ao
z,s
ax,ix
l,q
th,t
aa,aa
s,s
kcl,kcl
axr,axr
v,v
tcl,tcl
s,s
ao,aa
k,k
f,f
ao,ao
iy,ux
kcl,tcl
r,r
n,m
ah,eh
m,m
q,q
ax,ax
ax,ax
iy,iy
gcl,gcl
ih,eh
ae,ae
n,dcl
ay,ay
l,l
ih,ay
n,n
s,s
s,s
k,k
f,f
eh,eh
kcl,kcl
kcl,kcl
jh,sh
ix,ih
dh,dh
tcl,dcl
uh,ih
bcl,bcl
f,k
ae,ae
ao,aa
kcl,tcl
m,m
l,ax
p,p
m,n
l,n
er,axr
ey,ey
hh,hh
s,s
tcl,kcl
t,t
nx,dx
iy,iy
ae,ih
nx,l
aa,ao
t,t
p,f
q,kcl
kcl,pcl
er,er
hv,hv
q,w
s,s
ao,ao
ae,ae
er,er
r,r
iy,iy
ae,ae
z,z
z,s
nx,n
eh,eh
p,p
ay,ay
n,n
z,z
iy,iy
l,l
ix,ax
pcl,kcl
eh,eh
jh,ch
s,s
s,s
m,gcl
ch,sh
tcl,tcl
ey,ey
n,n
y,y
t,t
dh,th
iy,iy
nx,nx
er,er
ey,ey
p,p
m,n
f,f
sh,sh
bcl,bcl
ih,ih
ix,ix
iy,iy
iy,iy
kcl,kcl
ao,ao
ih,axr
y,iy
l,l
ix,ix
ix,ix
kcl,kcl
aa,aa
ey,ey
t,t
eh,eh
z,sh
tcl,pcl
m,m
tcl,tcl
r,r
s,s
p,p
ih,ae
eh,eh
tcl,dcl
n,ng
el,q
aa,aa
kcl,kcl
r,r
dcl,dcl
s,s
kcl,kcl
eh,ae
b,b
ix,ix
q,q
ae,ae
r,r
tcl,kcl
ih,ih
kcl,kcl
dcl,dcl
t,jh
ix,ix
r,r
tcl,jh
aa,ao
ah,eh
ih,ih
tcl,tcl
ih,ih
n,ng
g,k
er,axr
ux,ux
kcl,kcl
f,p
l,l
ao,ao
n,n
z,s
th,th
n,n
pcl,kcl
iy,iy
kcl,kcl
z,z
ih,eh
k,k
aa,aa
ax-h,ix
iy,iy
ax,ax
tcl,kcl
k,k
ch,ch
ao,ay
ey,ey
v,v
k,k
uh,ih
axr,axr
jh,jh
s,s
ix,ix
ah,ah
r,axr
s,s
ay,ae
s,s
uw,ih
ix,iy
pcl,kcl
n,n
l,l
ng,ng
t,t
n,n
q,q
tcl,kcl
gcl,kcl
hh,hh
ih,eh
ih,ix
s,sh
eh,eh
gcl,kcl
iy,iy
z,s
ix,ix
r,axr
ng,m
ae,ae
m,m
y,y
n,n
ix,ix
ix,ix
er,er
t,t
ow,ao
z,z
axr,r
ix,ix
l,ax
ng,n
l,l
hv,hv
ix,ax
r,r
bcl,pcl
l,l
bcl,pcl
kcl,kcl
hv,hv
r,r
l,l
w,w
ih,iy
ax,ix
bcl,bcl
q,q
jh,jh
kcl,kcl
w,w
kcl,kcl
r,r
sh,sh
s,s
iy,iy
aw,aw
ix,ix
iy,iy
z,z
gcl,gcl
ao,ao
ow,ow
ow,ow
ng,ng
ay,ay
d,d
iy,iy
n,n
iy,iy
y,iy
k,k
ux,ux
t,t
m,m
w,w
kcl,kcl
aa,aa
p,p
dh,kcl
aa,aa
axr,r
en,ax
r,r
iy,iy
dx,dx
iy,iy
r,r
kcl,tcl
hh,hh
l,l
p,hh
t,t
n,n
ow,ah
pcl,pcl
dx,dx
y,ux
uw,ux
ix,ix
oy,oy
t,k
ih,ih
eh,axr
eh,er
ix,ix
ey,ey
n,n
r,r
en,m
sh,sh
axr,axr
pcl,tcl
eh,eh
ah,ah
ix,ih
ix,ux
m,m
q,q
m,bcl
dh,dh
l,w
dx,dx
ay,ay
iy,iy
ih,ih
s,s
ix,ix
gcl,gcl
iy,iy
dcl,n
ey,ey
hv,hv
eh,eh
iy,iy
ow,ow
n,n
axr,q
kcl,kcl
q,ih
iy,iy
r,r
axr,axr
s,s
axr,axr
hh,p
gcl,gcl
p,d
z,z
er,er
axr,axr
en,ng
dcl,n
axr,ux
axr,axr
p,p
en,en
tcl,tcl
ix,ix
y,y
g,g
t,t
pcl,dcl
ao,ao
s,s
dcl,axr
z,z
eh,ih
w,w
aa,aa
er,er
l,l
s,s
tcl,tcl
ax,ah
ix,ih
b,p
er,axr
l,l
kcl,kcl
r,aa
s,s
k,k
hh,hh
bcl,bcl
ih,ux
k,k
q,q
ix,ax
tcl,tcl
dcl,dcl
aa,ao
kcl,kcl
t,t
er,axr
ih,ih
r,r
axr,ax
pcl,pcl
w,w
z,z
ae,ay
s,s
ao,ao
w,w
t,d
ah,ah
aa,ao
y,y
iy,iy
s,sh
ix,ix
d,t
n,ix
ow,ow
p,p
iy,iy
ey,ey
en,ix
tcl,tcl
bcl,kcl
ix,ih
ix,ix
ix,ux
r,v
ow,ow
axr,axr
k,k
t,t
n,n
ae,ae
ih,ih
f,f
uh,eh
ux,ix
gcl,ng
l,l
t,t
ix,ix
dh,dh
iy,iy
eh,eh
m,n
iy,iy
m,m
ay,ay
s,s
r,r
ao,ao
s,s
ow,ow
aa,aa
hh,hv
ao,ay
sh,sh
t,t
ay,ay
f,f
w,bcl
gcl,w
s,s
f,p
ih,ih
n,n
iy,iy
ux,ux
ix,ix
n,n
iy,iy
ih,r
ix,ix
tcl,kcl
ix,ix
ae,ae
ax,ax
t,t
kcl,kcl
kcl,kcl
l,nx
ay,ay
s,s
q,m
l,l
axr,r
aa,aa
tcl,tcl
l,l
eh,ix
pcl,kcl
iy,iy
z,s
ey,ey
s,s
f,f
eh,eh
ao,aa
n,n
ix,ng
ix,ax
axr,er
ao,ao
ah,ah
ih,ey
n,n
tcl,tcl
axr,ih
ey,iy
gcl,gcl
l,l
em,m
axr,axr
dcl,tcl
w,w
m,n
iy,ey
ah,aw
dcl,dcl
ah,ah
ow,er
m,m
n,m
g,g
gcl,dcl
ao,ao
l,l
iy,iy
ix,ix
eh,eh
pcl,kcl
z,s
kcl,kcl
ix,ix
iy,iy
f,f
sh,sh
dh,v
n,m
ix,ah
aa,r
iy,iy
bcl,bcl
kcl,kcl
v,gcl
dcl,tcl
hh,hh
t,t
eh,ih
hh,hh
iy,iy
l,l
gcl,ng
ah,ah
l,ax
dx,p
ih,ow
ix,ix
axr,er
pcl,pcl
m,m
n,n
axr,ix
kcl,kcl
pcl,pcl
n,ng
r,r
tcl,kcl
ow,ao
dh,v
r,r
ae,ae
l,l
ix,ix
ih,ix
n,n
ah,ah
n,n
iy,iy
l,q
k,k
tcl,pcl
tcl,tcl
s,s
s,s
t,d
p,p
z,s
ix,ey
f,f
l,w
r,r
k,k
ix,ix
w,w
dcl,dcl
w,w
sh,sh
r,r
g,g
iy,iy
s,s
er,r
en,en
tcl,k
kcl,kcl
ix,ih
ah,ax
pcl,tcl
ix,ix
q,q
n,n
gcl,tcl
dcl,n
w,w
w,w
tcl,tcl
hh,k
eh,ey
er,axr
ix,ix
l,l
t,t
l,l
tcl,tcl
y,y
ix,ix
el,el
kcl,kcl
pcl,kcl
r,r
f,f
ae,ay
q,q
m,m
n,n
nx,dx
ah,ah
ay,ay
sh,sh
r,r
l,l
hv,hv
dx,dx
f,f
th,dh
dcl,tcl
pcl,tcl
hv,l
axr,axr
l,l
k,p
oy,oy
dh,dx
tcl,tcl
axr,r
l,l
pcl,pcl
aa,r
ax,ax
tcl,kcl
f,tcl
dcl,tcl
ah,ax
axr,axr
ow,ow
bcl,bcl
p,p
ix,axr
gcl,gcl
s,s
s,s
en,m
axr,axr
nx,n
s,s
r,iy
ax,ix
z,z
dx,dx
ix,ix
ah,ax
s,s
k,k
eh,er
aa,aa
iy,iy
er,axr
kcl,kcl
iy,iy
ix,ux
k,k
ax,ix
z,z
er,er
dx,m
m,m
axr,r
iy,iy
w,w
r,axr
iy,iy
l,dh
tcl,kcl
w,w
eh,ax
ux,ux
th,th
er,er
v,n
m,m
s,s
s,s
ng,ng
ux,ux
ae,eh
z,z
z,z
ay,ae
ay,ay
ey,ey
w,w
ix,l
eh,ih
w,l
s,s
iy,iy
axr,axr
s,z
q,q
t,t
ey,iy
n,n
z,s
f,f
n,n
dh,m
gcl,gcl
s,s
t,k
axr,ix
el,el
l,l
s,s
pcl,pcl
r,r
t,t
uw,ux
q,q
ax,ix
iy,iy
y,y
s,s
w,w
axr,er
w,w
l,ow
ih,ux
iy,iy
ah,ax
eh,ih
ix,iy
n,n
q,q
tcl,q
axr,axr
ng,iy
iy,iy
ay,ay
ng,ng
f,p
s,s
eh,ih
ih,iy
ay,ay
ix,q
w,w
dh,p
r,r
w,w
s,s
eh,eh
pcl,kcl
q,q
jh,jh
r,r
dx,q
en,m
ah,ow
w,w
aw,aw
m,m
pcl,pcl
bcl,v
s,s
ah,ah
ah,ao
v,v
ih,ih
q,q
er,axr
gcl,gcl
r,r
iy,iy
dcl,dcl
ah,ae
gcl,dcl
er,er
ix,n
s,sh
m,m
ay,ey
k,k
ng,n
n,n
n,n
s,s
axr,ux
oy,oy
iy,iy
k,k
s,s
dh,f
ih,ix
r,r
hv,hv
r,r
l,l
z,z
ax,ax
ih,ux
k,kcl
n,n
ey,ih
kcl,kcl
bcl,bcl
hv,hv
eh,ae
bcl,bcl
t,t
q,q
n,n
s,s
l,w
gcl,gcl
l,l
q,k
sh,sh
m,m
axr,axr
ey,ey
er,er
l,l
iy,iy
v,dx
iy,iy
d,d
ae,ae
m,m
axr,axr
axr,axr
tcl,tcl
ae,ay
tcl,bcl
q,q
f,f
kcl,kcl
r,r
ax,w
ix,ix
r,axr
dcl,dcl
axr,axr
y,iy
ax,ax
r,v
r,r
ow,ow
gcl,tcl
axr,axr
k,k
w,w
ng,ng
kcl,kcl
hh,tcl
ih,ix
y,y
iy,ix
ux,ux
t,t
ao,ao
sh,sh
ey,ey
kcl,tcl
r,axr
aa,ao
l,l
l,l
ih,ih
d,t
w,w
sh,sh
ux,ix
ih,ix
jh,jh
ey,iy
gcl,gcl
iy,iy
dcl,dcl
s,s
d,t
ih,ih
eh,ae
ow,ow
ux,ux
z,z
ix,ix
l,l
ae,ae
b,p
z,z
ax,ax
ux,ux
v,dcl
axr,axr
aa,aa
s,s
ix,ix
pcl,pcl
ix,ix
ae,ae
ah,ax
ey,ey
iy,iy
kcl,kcl
pcl,tcl
ao,r
w,w
ux,ix
aa,ao
ae,ae
g,g
ih,ey
ey,ey
n,n
q,q
r,r
gcl,gcl
r,axr
ih,y
axr,r
ih,ih
ow,ow
ay,ay
gcl,gcl
ng,n
s,s
kcl,kcl
k,k
n,m
r,r
tcl,tcl
ae,ae
w,w
p,p
ax,ax
dh,k
dcl,kcl
p,p
dx,dx
axr,er
eh,r
axr,axr
v,v
ix,ix
ao,w
t,t
ay,ay
ey,ey
ao,ao
tcl,tcl
iy,iy
m,m
n,n
el,el
bcl,bcl
ix,ix
n,bcl
g,q
k,k
z,z
ah,uh
iy,iy
ux,ux
l,l
tcl,tcl
k,k
ey,ey
s,s
bcl,bcl
gcl,gcl
gcl,n
sh,sh
kcl,kcl
n,n
w,w
eh,ae
ux,axr
n,n
w,w
iy,iy
aa,r
r,r
n,ng
kcl,kcl
dx,dx
ae,ae
k,kcl
iy,n
ae,ah
ae,ae
r,r
ao,w
l,ax
l,q
bcl,bcl
l,l
eh,eh
w,w
n,m
g,k
bcl,bcl
r,axr
l,ax
ae,ae
tcl,kcl
f,f
er,er
iy,ix
kcl,kcl
q,q
eh,eh
eh,eh
tcl,tcl
l,m
axr,axr
tcl,dcl
ay,ay
ey,iy
ao,ao
kcl,tcl
sh,sh
r,r
ao,ao
bcl,gcl
q,q
hv,hv
axr,ix
hv,hv
kcl,kcl
w,w
ix,ix
r,r
tcl,tcl
ae,ae
dcl,dcl
ax,m
r,m
ae,ae
b,k
f,f
n,n
aa,aa
ax,axr
iy,ey
s,s
r,q
ao,ow
ax,ax
ih,ih
z,s
ay,ay
ae,ae
aa,aa
r,r
sh,sh
uh,ah
ao,ao
kcl,kcl
tcl,tcl
iy,iy
ux,ix
ax,ix
s,s
iy,iy
t,t
ao,l
s,s
dcl,bcl
tcl,dcl
s,s
r,axr
er,er
th,f
aw,ao
en,en
y,ix
nx,n
sh,sh
l,l
axr,axr
k,k
n,n
pcl,pcl
ey,ey
sh,sh
ux,iy
n,n
hv,hv
kcl,kcl
m,n
pcl,pcl
oy,oy
ix,ix
m,m
ix,ih
ax,ao
r,r
t,t
kcl,kcl
hh,p
n,n
m,m
ux,ux
gcl,tcl
dcl,dcl
r,r
ix,r
ih,ng
l,ix
ih,y
iy,y
iy,ng
ix,y
kcl,kcl
kcl,kcl
ix,ix
ix,y
s,s
dcl,dcl
axr,axr
tcl,kcl
k,jh
ao,r
aa,aa
eh,q
th,tcl
er,er
ah,ax
l,r
gcl,gcl
iy,iy
q,q
g,d
y,y
hh,hv
ih,eh
iy,iy
t,t
l,uw
f,f
l,m
n,n
iy,iy
k,k
r,r
gcl,kcl
hv,hv
g,q
ih,ih
z,z
s,s
dcl,dcl
dx,dx
t,t
v,pcl
v,pcl
axr,ix
iy,iy
s,s
er,ao
ao,ow
w,l
axr,axr
r,r
tcl,kcl
ah,ah
s,s
n,m
hv,hv
ix,ix
n,n
n,n
ao,q
s,s
ng,ng
ix,iy
iy,iy
jh,jh
dcl,dcl
ax,uh
ax,ix
v,tcl
v,v
w,w
ey,ey
l,l
n,n
tcl,pcl
ix,iy
l,uw
hv,hv
pcl,tcl
t,d
y,y
t,kcl
ax,ow
kcl,kcl
iy,iy
ah,aa
bcl,bcl
tcl,kcl
y,y
g,g
v,ix
ix,ih
ih,ih
kcl,kcl
dh,th
pcl,pcl
s,s
p,k
ih,ih
gcl,gcl
k,k
kcl,kcl
n,n
axr,axr
bcl,pcl
iy,iy
iy,iy
kcl,kcl
r,axr
hv,eh
th,k
dh,th
q,tcl
dh,v
iy,iy
kcl,kcl
k,k
nx,m
kcl,kcl
ux,ux
eh,oy
iy,iy
gcl,tcl
t,t
ux,ux
r,r
ix,ix
em,n
ay,ay
l,uw
z,z
sh,sh
v,dcl
kcl,kcl
nx,n
ay,aa
bcl,kcl
ix,ix
iy,iy
th,dh
iy,y
y,ih
f,p
aa,ay
k,k
ae,eh
y,y
ih,ih
dcl,tcl
k,k
v,v
t,d
ax,q
axr,axr
gcl,gcl
pcl,pcl
g,g
t,t
iy,ix
ih,ih
m,m
k,k
ix,ix
s,s
k,k
r,r
hh,hh
w,w
ae,ae
l,l
ao,uh
iy,iy
iy,iy
f,f
kcl,kcl
sh,sh
ae,ae
ax,ix
k,k
dh,t
s,s
n,n
iy,iy
eh,r
jh,jh
en,en
t,t
ax,ax
ah,ax
t,t
kcl,kcl
q,ix
aa,aa
s,t
dcl,tcl
ah,ao
aa,aa
ae,ae
dcl,gcl
m,m
n,m
pcl,pcl
r,r
pcl,n
ih,iy
d,k
tcl,tcl
ix,ix
ao,ao
dcl,dcl
d,g
k,k
bcl,bcl
q,q
tcl,dcl
m,m
ay,ay
tcl,pcl
kcl,kcl
s,s
g,k
ng,gcl
ix,ix
ey,ey
sh,sh
el,l
ax,ax
gcl,gcl
dh,th
ao,ao
ih,ih
dx,q
q,ix
ae,ae
p,p
ow,ow
ix,ix
ah,ao
en,n
iy,iy
ow,ow
dcl,n
ix,ix
r,axr
tcl,kcl
m,m
k,k
sh,sh
ix,ix
axr,axr
d,ix
eh,eh
ey,ay
tcl,tcl
th,s
ao,ao
m,n
tcl,tcl
axr,er
ax,ax
nx,n
w,w
axr,axr
ix,ix
n,n
axr,axr
dcl,gcl
w,w
ae,ae
tcl,tcl
ax,r
k,k
l,l
ng,n
ng,n
z,z
iy,ix
ae,ey
m,m
dcl,tcl
aa,aa
th,f
ay,ay
s,s
ay,ay
z,z
ix,r
axr,m
ih,ix
iy,iy
ix,ix
bcl,pcl
dcl,dcl
ng,ng
k,k
q,q
axr,r
ih,axr
g,k
s,sh
oy,oy
l,ng
ih,eh
ux,uw
f,f
z,s
dcl,gcl
m,n
ih,iy
el,el
kcl,kcl
v,p
ey,iy
s,s
f,s
v,f
ix,ix
q,q
er,er
aa,aa
d,t
axr,q
r,r
l,ax
kcl,kcl
ih,ih
y,iy
ey,iy
n,n
ao,aa
ao,ao
m,m
ch,t
m,m
tcl,tcl
l,l
ax-h,tcl
w,w
er,axr
ix,ax
t,t
pcl,kcl
v,v
r,r
ey,ay
r,r
iy,iy
ux,ux
nx,nx
t,t
q,q
f,f
iy,iy
gcl,gcl
dh,dh
q,q
axr,r
s,s
s,s
l,l
pcl,pcl
tcl,kcl
bcl,m
iy,iy
ay,ay
p,p
ix,ix
aa,l
ix,uh
s,s
m,m
tcl,tcl
ey,ey
y,y
s,s
ay,ay
ay,ay
tcl,pcl
k,k
axr,axr
m,m
dx,ix
axr,axr
l,l
ae,eh
eh,ey
ih,ih
iy,ey
m,m
g,p
l,w
ih,ih
z,s
w,w
iy,ey
s,sh
z,s
ah,ao
ah,ay
ix,ix
en,n
r,r
bcl,bcl
s,f
v,v
ae,ae
aw,oy
er,iy
kcl,kcl
jh,jh
q,q
iy,iy
l,ax
k,k
ix,ix
ey,ey
k,k
dcl,dcl
n,m
q,q
axr,r
s,s
ao,ao
eh,oy
bcl,tcl
s,s
s,s
kcl,kcl
dcl,n
z,z
s,s
oy,oy
pcl,kcl
v,v
ax,aa
l,l
ix,ix
el,ow
w,r
s,s
pcl,tcl
q,q
r,r
f,f
nx,n
n,n
s,s
k,k
w,w
gcl,gcl
q,q
kcl,kcl
d,d
ix,ix
l,l
ow,ow
dx,gcl
dcl,kcl
axr,axr
kcl,tcl
ix,ix
r,axr
iy,iy
v,f
ix,ix
aa,aa
bcl,r
en,ng
y,y
q,q
axr,axr
ax,ax
hh,k
s,s
ah,r
ih,ih
ih,ih
kcl,tcl
l,r
t,t
d,kcl
ay,ay
ix,ix
ix,ix
pcl,kcl
r,dx
el,ax
ux,ux
tcl,tcl
dcl,dcl
pcl,kcl
w,w
er,er
z,tcl
pcl,bcl
ao,uh
er,r
er,er
k,k
w,w
jh,jh
f,f
f,p
eh,eh
bcl,n
jh,ch
t,t
s,s
iy,iy
iy,r
aw,ae
w,w
m,kcl
t,t
dh,dh
z,z
ey,ay
sh,sh
w,r
k,k
eh,ix
k,k
ae,ae
r,r
z,z
n,n
er,er
ey,ey
ay,ay
th,f
ix,ix
ax,r
s,s
eh,ih
iy,iy
ix,ix
n,n
ih,ix
n,n
hv,r
y,q
axr,axr
m,m
q,q
m,n
eh,er
iy,y
z,z
ng,ng
tcl,q
ao,ao
p,p
n,n
ix,ih
s,s
k,k
axr,r
p,p
jh,jh
r,v
hv,hv
tcl,tcl
oy,ow
s,s
dcl,n
s,s
oy,ow
pcl,pcl
r,r
s,s
axr,axr
ae,ae
z,s
aa,aa
s,s
el,ax
tcl,kcl
ix,ix
r,r
v,v
iy,iy
y,q
aa,aa
ao,er
ax,ix
hv,hv
bcl,bcl
ix,ix
p,k
dx,dx
dcl,dcl
tcl,tcl
dx,bcl
er,er
ch,ch
y,y
ae,ae
er,er
ih,ix
iy,iy
s,z
v,f
l,l
sh,sh
el,q
gcl,gcl
w,w
gcl,tcl
kcl,kcl
w,w
ux,ih
s,z
r,r
iy,iy
s,s
kcl,kcl
r,r
iy,iy
ao,ao
aw,er
oy,oy
ix,ix
ae,ay
l,l
ey,ey
l,l
ao,r
bcl,dcl
m,ix
k,k
l,l
ax-h,ix
iy,ix
ih,ix
gcl,gcl
l,l
s,s
p,k
s,s
gcl,kcl
gcl,gcl
s,s
sh,sh
s,s
ow,axr
n,n
ao,w
r,r
dh,v
f,f
ng,n
p,p
l,aa
k,k
z,sh
bcl,m
s,s
dx,dx
f,s
hh,q
ow,ow
pcl,pcl
pcl,pcl
l,ng
n,n
ax,ax
dh,dh
s,s
ao,l
n,n
pcl,pcl
iy,iy
uw,uw
t,t
ae,ae
ix,ix
t,t
f,f
sh,sh
ax,axr
gcl,dcl
el,el
axr,axr
v,v
iy,iy
m,n
ae,ae
z,s
m,m
er,axr
q,ix
iy,iy
el,el
ae,ae
dh,dcl
iy,iy
l,l
dh,q
er,axr
s,s
n,ng
aa,ao
kcl,kcl
d,t
z,z
tcl,tcl
ao,q
l,w
r,r
n,m
r,r
k,g
r,r
r,axr
y,iy
dx,dcl
q,q
dx,dx
r,er
m,n
ih,iy
sh,sh
f,f
nx,r
z,z
em,m
ih,ih
ix,ix
ao,aa
f,f
dx,dx
ix,ix
ng,n
iy,iy
bcl,bcl
hv,y
tcl,kcl
ah,ah
tcl,kcl
gcl,ng
s,s
s,s
aa,aa
s,s
ao,ao
aa,ao
bcl,bcl
tcl,tcl
dcl,dcl
n,n
m,m
iy,iy
axr,axr
aa,aa
ax,ax
n,n
tcl,tcl
dh,t
n,n
s,s
axr,axr
l,l
ix,ix
s,sh
s,s
z,z
p,p
m,m
t,t
iy,iy
m,n
er,er
ix,ix
d,t
ah,ah
iy,iy
l,l
gcl,gcl
t,t
kcl,kcl
pcl,pcl
aa,aa
pcl,pcl
ih,ih
ax,ax
ae,ae
tcl,kcl
p,p
iy,ih
kcl,tcl
tcl,tcl
z,z
dcl,tcl
axr,er
r,axr
n,n
n,n
l,l
pcl,pcl
q,q
ix,ix
l,l
ch,ch
dh,v
iy,iy
ey,ey
ey,q
n,n
iy,iy
ix,ix
aa,ao
jh,jh
l,l
kcl,kcl
kcl,kcl
z,jh
tcl,kcl
r,axr
n,n
r,r
f,f
ix,ix
f,f
ay,ay
p,p
eh,ey
dh,dh
gcl,ix
er,axr
l,w
ao,ao
ah,r
oy,oy
n,m
eh,eh
n,n
n,m
ih,iy
sh,sh
ah,eh
pcl,tcl
w,w
ax,n
l,l
d,k
kcl,kcl
ch,t
r,r
r,m
sh,s
kcl,kcl
kcl,tcl
s,z
ow,ow
p,kcl
gcl,bcl
ix,ix
ih,ih
sh,sh
n,n
iy,iy
q,q
aa,l
iy,iy
ao,ao
r,r
kcl,kcl
axr,axr
hv,p
m,m
aa,r
s,s
z,s
eh,ay
d,d
ax,ax
s,s
n,n
z,z
jh,jh
ah,ow
eh,r
tcl,k
aa,ah
f,f
r,r
kcl,kcl
jh,t
w,w
eh,eh
iy,iy
s,s
m,m
sh,sh
ch,ch
iy,iy
s,s
aa,ao
t,t
q,kcl
r,r
q,q
ax-h,tcl
eh,eh
k,k
iy,iy
tcl,q
q,q
en,m
axr,axr
oy,r
kcl,kcl
s,z
ao,ow
zh,sh
ax,ah
f,f
ah,ah
tcl,tcl
kcl,kcl
ow,ao
ae,aa
tcl,tcl
kcl,kcl
ih,ih
ix,iy
l,l
er,axr
bcl,bcl
ih,iy
ao,aa
l,l
s,s
kcl,gcl
ay,ay
sh,sh
k,g
l,l
k,k
t,t
w,w
r,r
ih,ax
l,m
k,k
kcl,kcl
ix,ih
n,n
ng,iy
tcl,kcl
ih,ih
ih,ih
ix,ix
iy,iy
dcl,dcl
l,l
n,n
m,n
sh,sh
ix,ix
dcl,tcl
hv,ix
kcl,kcl
ae,ae
aa,aa
pcl,tcl
el,ow
tcl,tcl
ae,ae
ax,l
t,t
tcl,kcl
kcl,kcl
w,w
ng,m
tcl,tcl
y,ux
dcl,dcl
w,m
m,w
s,ch
ax,ax
t,t
l,l
l,ow
hh,hh
ih,ax
iy,iy
ax,aa
en,n
gcl,kcl
n,n
hv,hv
s,s
m,m
l,l
t,t
gcl,n
m,m
r,r
k,k
ih,ix
eh,aa
kcl,bcl
bcl,m
axr,r
p,p
dh,dh
ix,ix
sh,sh
dcl,tcl
t,t
f,s
uw,ix
ey,ey
q,q
s,s
tcl,dcl
iy,iy
sh,sh
n,n
m,n
m,m
er,axr
er,r
ix,ix
iy,iy
ow,ow
l,l
sh,sh
z,sh
tcl,tcl
z,z
b,p
w,w
aw,aw
eh,ax
r,r
gcl,kcl
m,m
iy,axr
r,r
k,k
v,ax-h
ay,ay
l,l
ao,ao
dcl,dcl
ey,eh
ux,ux
ah,ae
g,jh
aw,aw
iy,iy
aa,ao
iy,iy
eh,eh
tcl,tcl
dcl,dcl
hh,t
bcl,m
ax,ax
iy,iy
ix,ix
bcl,pcl
iy,iy
v,v
dcl,tcl
s,z
aa,ay
l,l
uw,uw
s,s
dx,dx
t,t
kcl,kcl
bcl,bcl
dh,dh
tcl,tcl
bcl,bcl
el,el
p,k
iy,iy
ao,aa
ae,ae
iy,iy
q,q
iy,iy
z,z
er,er
kcl,kcl
pcl,bcl
k,k
ah,ah
th,th
d,q
sh,sh
kcl,kcl
s,s
ao,oy
v,v
ah,aa
ah,ah
s,s
tcl,tcl
ao,ao
dh,v
iy,iy
el,ax
l,l
ih,ix
dx,d
w,w
s,s
ae,eh
kcl,kcl
nx,n
y,y
s,s
ay,ay
s,s
r,r
iy,ih
ae,ae
pcl,pcl
aa,aa
ah,ay
r,r
gcl,kcl
dcl,dcl
kcl,tcl
z,z
f,f
n,m
n,n
kcl,kcl
ae,eh
kcl,kcl
ae,ae
l,l
kcl,q
n,n
w,w
n,n
ux,ux
n,m
iy,iy
d,jh
ix,ix
pcl,kcl
axr,axr
pcl,pcl
ax,ax
ch,ch
kcl,kcl
ih,eh
s,s
q,q
t,t
z,s
l,l
k,k
v,v
ow,l
aa,aa
ax,m
r,ow
n,m
ix,ix
hv,hv
z,t
dcl,tcl
eh,eh
dcl,tcl
m,m
dx,dx
s,s
kcl,kcl
sh,sh
n,n
ae,ae
ax,ax
l,l
ow,axr
pcl,pcl
dh,ix
f,f
t,t
em,m
l,l
axr,axr
ae,ae
l,l
ah,ao
ax,r
kcl,pcl
iy,iy
axr,ih
iy,iy
dh,th
kcl,kcl
er,er
r,axr
b,p
t,t
s,s
f,bcl
ih,iy
tcl,q
dcl,tcl
ih,ix
hv,m
t,t
gcl,gcl
pcl,pcl
aw,aw
z,z
iy,iy
n,n
ax,n
ax,ax
m,m
l,l
kcl,kcl
s,s
ix,n
iy,iy
iy,iy
eh,axr
ow,ow
iy,iy
r,r
p,dh
ey,ih
ao,ao
ix,ix
axr,axr
ix,ih
r,r
ax,ix
r,r
ae,ae
tcl,tcl
ax,ax
m,m
tcl,tcl
dcl,bcl
n,n
ey,ey
l,ax
q,q
n,n
ih,ix
r,r
axr,axr
dx,tcl
ih,ih
l,l
ae,ae
t,t
er,er
r,r
ae,ae
p,p
w,w
ix,ix
iy,iy
p,p
sh,sh
w,w
axr,axr
l,l
n,n
ix,ix
k,k
ix,ix
w,w
z,z
kcl,kcl
ix,ix
ix,ix
l,q
s,s
n,n
s,s
ix,ix
uh,ah
kcl,kcl
s,t
z,jh
l,l
s,s
kcl,kcl
l,ax
sh,sh
iy,iy
v,bcl
q,q
ih,er
t,kcl
ux,iy
s,s
ih,ih
s,s
dh,dh
ao,aa
g,g
s,s
en,n
m,m
ah,ow
l,l
s,s
m,m
ow,ow
w,w
r,r
l,l
pcl,kcl
l,q
ux,iy
l,q
t,t
bcl,bcl
ix,ix
t,t
ey,ay
ix,ix
ih,ih
r,r
ae,ae
iy,iy
n,ng
s,s
uw,ux
n,m
hv,hv
l,ao
sh,sh
ih,ih
s,s
w,w
s,s
ax,ax
gcl,kcl
s,s
bcl,kcl
pcl,tcl
sh,sh
ch,ch
l,l
hv,hv
d,t
ah,ah
hv,hh
ao,ao
q,q
y,iy
axr,axr
aa,aa
nx,n
ih,ih
dh,dh
z,s
p,p
ix,ix
sh,s
aa,aa
ah,aa
dx,dx
q,q
ih,iy
sh,sh
y,iy
n,ng
l,l
m,m
r,r
ix,ix
uw,r
ow,ow
ix,ix
dh,n
kcl,kcl
y,y
t,t
ix,ix
ae,ae
s,s
y,iy
ae,ae
ix,ix
gcl,gcl
iy,iy
ih,ax
oy,oy
ix,ix
er,r
ix,n
v,m
bcl,bcl
ih,eh
n,n
ih,iy
ix,ix
tcl,kcl
z,z
q,q
w,l
t,t
l,ax
dcl,dcl
dx,dx
w,w
tcl,kcl
iy,iy
en,n
gcl,gcl
z,z
y,y
eh,eh
eh,eh
ch,t
y,iy
f,f
axr,axr
k,k
s,z
w,oy
aa,aa
er,axr
t,t
ax,ax
m,m
k,k
hv,hv
kcl,kcl
aa,aa
ah,q
f,f
ay,ay
f,f
r,r
l,l
er,ah
iy,iy
ow,ow
aa,aa
kcl,kcl
g,k
gcl,r
dcl,bcl
axr,axr
l,l
dh,k
eh,eh
n,n
ax,ix
p,p
ao,axr
m,m
ao,oy
y,q
r,r
n,ix
ow,ow
p,p
ch,ch
gcl,dcl
iy,iy
iy,iy
l,r
iy,iy
ey,ey
tcl,pcl
iy,iy
er,er
tcl,tcl
g,k
iy,iy
pcl,pcl
ao,r
w,w
w,q
eh,ah
t,t
ax,ax
f,f
r,r
q,q
ow,ow
ah,ah
ey,ey
m,m
el,l
ix,ix
ah,ah
q,q
n,n
jh,jh
s,s
ix,ix
hv,hv
ih,iy
m,m
ow,uw
el,el
z,s
r,r
ih,ih
ao,ao
tcl,kcl
ih,ih
th,k
pcl,f
d,d
eh,eh
s,s
tcl,kcl
n,n
p,p
ax,ax
pcl,pcl
p,hh
ow,ow
n,n
dcl,dcl
eh,ih
z,z
ix,ih
ix,ix
iy,iy
m,m
gcl,gcl
b,p
s,s
l,l
aa,aa
eh,aa
ix,ix
ix,iy
iy,iy
bcl,bcl
kcl,kcl
ix,ix
tcl,tcl
s,s
ae,ae
kcl,tcl
r,eh
axr,ih
tcl,tcl
l,l
ae,ah
r,r
aa,aa
iy,iy
ae,ae
tcl,tcl
ux,ux
er,er
kcl,kcl
q,q
ux,ax
f,f
ax,ax
ih,ix
tcl,tcl
ax,axr
r,r
r,r
r,r
ix,ix
tcl,tcl
r,r
n,n
ae,ay
aa,r
s,s
s,s
r,r
r,r
dcl,dcl
q,ix
ih,iy
ow,ow
sh,s
ax,ax
q,q
dx,dcl
m,m
iy,iy
nx,n
l,w
ao,ao
iy,iy
ay,ay
gcl,gcl
ae,ae
ah,eh
er,er
ix,ix
ey,ey
en,n
dcl,n
ih,iy
iy,iy
s,s
ix,ix
ao,ao
ix,ix
gcl,gcl
ey,ey
bcl,v
w,w
l,aa
dh,t
ah,ah
hh,p
dcl,dcl
m,m
el,el
kcl,tcl
s,s
s,s
pcl,kcl
kcl,tcl
tcl,tcl
pcl,kcl
w,w
m,m
iy,iy
ih,ih
kcl,kcl
pcl,kcl
dx,dx
n,n
p,p
r,r
z,z
dcl,bcl
w,w
t,k
n,m
m,m
ng,ng
ix,iy
oy,oy
w,w
n,n
ix,ix
dcl,dcl
sh,sh
en,ax
ah,ax
w,w
jh,sh
ng,m
dh,dh
n,n
k,kcl
ax,ax
dcl,tcl
eh,ae
bcl,kcl
th,s
q,k
ix,ah
tcl,tcl
l,l
r,r
kcl,kcl
ix,ih
ax,nx
gcl,gcl
l,m
ng,n
kcl,kcl
aa,axr
th,t
dh,p
ao,ao
ae,ae
jh,sh
z,z
ae,aa
kcl,kcl
er,er
tcl,tcl
p,p
ah,ix
s,s
tcl,pcl
k,g
l,l
ao,ao
hh,t
n,n
l,l
n,n
l,m
er,er
q,q
dh,n
k,kcl
tcl,kcl
dcl,tcl
ow,ow
ae,ae
eh,ax
n,m
axr,axr
s,s
dh,q
aa,ao
bcl,tcl
th,th
v,v
r,r
s,s
z,z
n,ng
kcl,kcl
d,d
n,n
w,w
el,l
th,th
gcl,gcl
dx,dx
f,f
gcl,dcl
ao,w
iy,iy
eh,eh
ay,ay
uw,ix
r,q
bcl,v
k,k
ao,ao
iy,iy
l,l
dh,dx
d,d
k,k
ix,ix
dh,dh
m,m
l,ow
ix,ix
tcl,tcl
m,m
axr,r
ix,ix
dcl,tcl
ng,n
l,l
l,ax
ah,ae
r,r
aa,ao
ix,ng
jh,z
ey,ey
kcl,kcl
v,f
t,jh
iy,iy
kcl,kcl
m,m
dx,dx
d,t
r,axr
eh,eh
ih,iy
kcl,kcl
ih,ih
er,er
kcl,kcl
r,eh
v,v
uh,eh
en,en
iy,iy
dh,dh
aw,ae
iy,iy
n,dx
aa,ay
kcl,kcl
ao,ao
r,r
ix,ix
ih,ih
ux,dh
v,v
f,f
ah,eh
ax-h,tcl
iy,iy
t,t
w,l
uh,ah
ae,ae
r,r
ax,ah
l,l
q,q
m,m
ae,ae
ng,ng
ao,ow
n,n
r,r
r,axr
ah,ah
sh,sh
s,s
p,p
nx,dcl
r,axr
ih,r
p,p
q,ix
dh,dh
ih,ix
bcl,bcl
m,m
eh,ix
ay,ay
ow,ao
tcl,pcl
iy,iy
dcl,dcl
ax,l
v,v
s,s
oy,ow
ng,n
ng,ng
s,s
p,p
ix,ax
tcl,tcl
kcl,n
iy,iy
n,n
eh,ih
dcl,dcl
q,q
ih,ih
ih,ih
n,n
t,t
ng,ng
l,w
s,s
ng,ng
ao,ao
bcl,n
ix,ix
r,r
kcl,kcl
ao,r
v,v
hv,hv
axr,ix
r,r
r,r
ng,ng
p,p
w,w
y,iy
dcl,tcl
s,s
r,iy
f,f
m,m
s,s
eh,eh
ih,ih
iy,iy
uh,ix
aa,aa
q,q
z,z
n,ix
w,w
tcl,tcl
t,tcl
k,k
ih,ix
ey,iy
kcl,kcl
ih,ih
ow,ow
aa,ae
ix,ix
ey,iy
er,er
aa,aa
tcl,tcl
kcl,kcl
m,n
ao,w
t,t
q,k
q,q
ae,ae
t,t
r,r
ao,ao
ae,ae
l,l
er,r
kcl,kcl
t,t
q,q
axr,ix
r,r
w,w
bcl,bcl
t,t
iy,iy
ae,ae
dcl,tcl
ch,t
s,z
ih,eh
tcl,tcl
s,s
kcl,kcl
t,t
n,n
g,k
iy,iy
ey,ey
r,r
axr,axr
ah,ah
k,k
s,s
axr,axr
iy,iy
ow,ao
eh,eh
w,w
uh,uh
ng,ng
bcl,n
ow,ow
ix,ix
dcl,tcl
gcl,m
s,s
eh,eh
iy,iy
z,z
l,m
ix,iy
z,z
r,r
ao,ao
g,k
k,k
ix,iy
t,t
ux,ux
n,n
tcl,tcl
ah,ah
ah,ah
iy,iy
ao,ao
aa,aa
ih,iy
l,l
q,q
pcl,kcl
axr,axr
ah,ow
kcl,tcl
ah,ix
l,l
ih,ih
l,l
m,m
dcl,m
ih,iy
y,y
kcl,kcl
k,k
ao,ao
ux,uw
s,s
er,er
dx,d
er,er
hh,p
ah,ah
hv,hh
eh,ih
r,r
ch,s
z,s
jh,k
uh,uh
bcl,bcl
ix,ix
l,l
l,ax
f,f
t,t
ix,n
n,n
en,en
s,s
ey,ey
kcl,pcl
ih,ih
n,ux
th,th
ux,uw
ih,ih
ax-h,k
z,jh
p,p
g,g
v,v
v,v
l,l
l,ao
g,g
z,s
p,p
tcl,tcl
k,k
iy,ux
ey,ey
eh,ah
tcl,tcl
ax,ax
n,n
f,f
ae,ae
eh,ih
m,m
k,k
ah,ah
iy,iy
ow,ow
y,y
gcl,kcl
ix,ix
n,n
l,l
kcl,kcl
l,q
n,n
oy,oy
s,s
ih,ix
g,k
d,dh
dcl,n
m,m
s,z
kcl,kcl
f,f
ax,hv
s,s
ao,l
r,r
l,m
tcl,s
q,q
eh,eh
aw,ae
kcl,kcl
l,l
r,r
ih,ix
bcl,bcl
l,l
l,n
tcl,kcl
axr,axr
ix,iy
v,v
k,k
jh,ch
pcl,kcl
aa,ae
f,f
ow,ow
g,g
ao,ao
l,l
eh,l
ih,ih
gcl,gcl
v,v
ae,ae
iy,ih
f,f
ux,er
kcl,tcl
bcl,bcl
m,m
s,s
th,th
ax,hv
iy,iy
dcl,dcl
n,n
t,t
ow,ow
k,g
iy,iy
ix,ix
kcl,kcl
ao,ao
n,n
n,n
t,t
dcl,dcl
s,z
w,r
el,el
kcl,kcl
n,n
bcl,dcl
q,q
s,s
pcl,pcl
aa,aa
l,l
ch,t
ax,ix
q,q
l,l
m,m
er,er
eh,ax
d,t
eh,ix
pcl,pcl
ih,eh
t,t
dx,ix
dcl,dcl
m,n
uh,q
pcl,tcl
ux,iy
ix,ix
bcl,tcl
ch,ch
iy,iy
aa,aa
er,er
ux,ux
er,ih
kcl,kcl
aa,ay
v,f
ix,ix
l,l
k,k
ax,ax
k,k
m,m
ae,ey
w,w
ao,ao
axr,q
kcl,kcl
n,n
bcl,bcl
ay,ay
s,s
ay,ay
gcl,gcl
tcl,kcl
oy,oy
dcl,bcl
iy,iy
iy,iy
ih,eh
ow,ow
n,n
dh,m
s,s
ng,m
ah,ah
ay,ay
l,iy
y,y
s,s
ay,ay
n,n
ax,ax
uh,ix
kcl,tcl
dcl,n
p,p
r,axr
tcl,tcl
ow,ow
ah,ah
eh,ih
ix,ix
dh,p
iy,iy
ix,ix
kcl,kcl
k,k
l,p
p,p
dcl,dcl
z,z
m,n
n,n
axr,axr
ih,ih
kcl,kcl
m,m
ah,ah
ey,ey
ao,aa
ey,ey
iy,iy
n,n
l,l
sh,sh
ow,ow
eh,ih
n,n
ao,ao
w,w
ch,ch
t,t
sh,sh
ax,ix
s,s
ix,ix
m,m
d,k
s,s
f,f
tcl,tcl
r,r
pcl,pcl
hv,hv
q,q
ey,ey
kcl,kcl
l,ow
gcl,kcl
r,r
er,er
uh,ax
s,s
q,q
l,l
axr,r
dx,kcl
bcl,bcl
n,m
tcl,tcl
n,n
kcl,tcl
iy,iy
ix,ix
eh,eh
q,q
uh,ih
p,p
jh,jh
kcl,kcl
ix,ix
bcl,bcl
v,v
tcl,tcl
kcl,kcl
w,w
el,ow
ey,ey
k,k
pcl,kcl
iy,iy
ae,ae
dh,dh
ae,ih
jh,jh
s,s
s,s
aa,aa
dcl,dcl
er,er
ow,ow
s,s
dcl,pcl
ah,ah
jh,ch
kcl,kcl
y,g
ix,ix
aa,ao
ix,ix
n,n
ih,ix
l,l
ao,r
tcl,tcl
ng,ng
m,m
ay,ao
eh,ix
dcl,dcl
ae,ay
dcl,dcl
ao,ao
r,r
z,z
ih,iy
ao,ao
axr,axr
ow,ih
aw,ao
kcl,kcl
q,q
axr,axr
aa,aa
ah,ah
l,l
n,n
dh,tcl
s,s
l,q
ix,eh
ih,ix
tcl,pcl
v,q
aa,aa
iy,iy
iy,iy
iy,iy
s,z
v,pcl
pcl,pcl
pcl,m
n,n
iy,iy
er,axr
iy,iy
p,p
n,l
m,n
dh,l
n,n
th,f
iy,iy
ae,ae
m,q
w,w
ih,ih
m,n
r,axr
ux,iy
n,n
tcl,gcl
ix,iy
zh,zh
ow,axr
iy,iy
ax,ix
ax,ix
r,ao
g,k
iy,ih
tcl,tcl
v,v
ix,ix
hh,hh
q,q
s,s
ay,aa
hh,hh
zh,sh
m,m
s,s
n,n
ah,eh
b,b
ow,ow
n,n
ao,ao
w,w
iy,ix
gcl,kcl
w,w
ah,ix
ao,ao
ax,ax
zh,sh
el,l
uw,ax
ux,ux
ow,ae
kcl,kcl
dcl,n
en,n
ow,el
axr,axr
v,f
s,s
k,k
z,z
z,z
axr,ih
axr,axr
ax,l
ih,ih
q,q
w,r
dh,f
sh,sh
dcl,tcl
dcl,dcl
ax,l
ae,ae
k,k
s,s
ay,ay
s,s
p,p
kcl,kcl
dh,g
iy,iy
w,w
s,s
ae,ae
n,n
l,n
dcl,bcl
r,r
dh,dh
gcl,gcl
axr,axr
s,sh
tcl,pcl
ix,ix
ih,ix
r,r
n,n
pcl,tcl
v,v
s,s
n,n
n,n
s,s
bcl,bcl
tcl,tcl
t,t
nx,n
gcl,gcl
ey,ey
tcl,tcl
ih,ih
q,q
axr,er
ey,ey
s,s
kcl,kcl
ix,ix
ay,ay
th,t
m,n
m,m
pcl,tcl
pcl,kcl
bcl,tcl
sh,sh
ay,ay
ax-h,dh
l,l
ah,oy
w,w
th,dh
ow,ow
w,uw
tcl,tcl
m,n
w,w
k,k
q,q
y,y
r,r
ix,ix
r,r
ae,ae
t,t
iy,iy
ih,ix
axr,axr
ix,ix
ih,ix
ax,ix
ix,r
t,p
kcl,kcl
d,t
ng,n
r,axr
l,ax
m,m
m,n
eh,ix
t,t
ae,eh
q,q
tcl,kcl
n,l
dh,th
tcl,tcl
w,w
z,z
w,w
t,t
n,n
r,axr
dcl,dcl
ax,ax
dx,dx
gcl,kcl
t,t
t,t
ix,ix
iy,iy
ih,iy
ix,ih
ey,ih
ae,ae
d,tcl
g,k
ng,ng
r,r
w,w
k,k
v,dcl
ix,ix
ih,iy
tcl,kcl
aa,aa
l,l
axr,r
tcl,pcl
k,k
k,k
r,r
ay,ay
axr,axr
s,s
el,m
r,r
n,n
ow,ow
ix,ix
w,w
l,l
dcl,dcl
t,d
l,w
aa,aa
s,s
bcl,bcl
ix,ix
iy,iy
tcl,dcl
ux,ux
s,s
ax,ax
eh,aa
n,n
ih,ih
tcl,tcl
ao,ah
l,l
dcl,tcl
ix,ih
y,y
pcl,pcl
ah,ah
w,l
t,t
pcl,pcl
t,t
ih,ax
axr,axr
ao,aa
l,w
axr,er
w,w
ax,ax
ah,aa
pcl,tcl
hv,hv
iy,iy
dcl,tcl
ux,uw
n,n
kcl,pcl
q,q
gcl,gcl
n,m
l,l
zh,jh
ay,aa
iy,iy
n,n
r,ax
ix,ix
f,f
d,d
oy,oy
ux,ux
kcl,kcl
ix,ix
axr,ng
gcl,tcl
er,axr
ay,ay
eh,ih
ey,ey
ae,ae
kcl,d
gcl,gcl
ix,ix
s,s
ow,ao
r,r
iy,iy
l,n
dcl,dcl
f,f
aw,aa
p,p
ix,ix
ux,ux
w,w
m,m
iy,ux
kcl,kcl
l,w
l,l
z,z
ae,ae
iy,iy
m,m
el,el
k,k
tcl,tcl
k,k
r,axr
p,p
dh,th
f,p
aa,er
q,q
l,l
t,t
y,y
ix,ix
ax,axr
tcl,tcl
q,q
bcl,bcl
ow,ow
kcl,kcl
ih,uh
pcl,tcl
z,z
ux,iy
tcl,tcl
ow,ow
er,er
ax,w
v,ix
ix,ix
ae,ae
th,f
tcl,s
ah,ao
axr,axr
ah,eh
sh,sh
eh,eh
y,y
k,p
l,w
eh,ix
l,l
bcl,bcl
kcl,kcl
ix,ix
ah,ah
s,z
ah,ah
kcl,kcl
kcl,kcl
ey,ey
ix,ix
sh,sh
ah,ax
y,y
axr,axr
pcl,pcl
s,s
z,z
eh,ix
l,l
th,th
gcl,kcl
r,r
sh,sh
ax,ix
er,r
ix,ix
sh,sh
ax,r
d,d
ux,ux
ix,ix
axr,axr
s,s
ey,ey
l,l
pcl,tcl
bcl,bcl
dcl,dcl
k,k
pcl,pcl
iy,iy
f,f
ax,ax
ix,ix
ax,ix
y,y
hv,k
v,q
aa,ae
dx,p
ih,ix
m,n
th,th
ih,ax
l,l
dcl,gcl
ih,ix
k,k
l,l
en,n
g,k
ey,ey
l,l
iy,iy
pcl,pcl
w,w
ey,ey
dh,p
p,p
l,ax
iy,iy
f,f
iy,iy
w,w
ae,ae
dh,d
hv,hv
ix,ix
m,m
n,n
ax,ix
l,l
ax,ax
q,q
en,n
dx,nx
sh,sh
th,kcl
eh,ey
ih,eh
r,r
ax,ax
ix,ix
tcl,kcl
n,n
hh,k
iy,iy
r,axr
tcl,tcl
iy,iy
ax,ax
kcl,kcl
k,k
axr,uw
s,s
m,ng
tcl,tcl
ix,ix
ih,iy
iy,iy
kcl,kcl
aw,ah
tcl,kcl
r,r
m,m
th,f
m,m
ix,ix
s,s
t,t
iy,iy
iy,iy
p,p
t,kcl
n,ng
q,kcl
kcl,kcl
w,q
kcl,kcl
k,k
m,m
z,z
tcl,tcl
k,k
l,l
v,m
eh,hv
ix,ix
k,k
kcl,kcl
axr,ix
tcl,kcl
r,r
ao,ao
s,sh
iy,iy
nx,dx
ah,ao
er,er
ah,eh
n,m
m,m
ow,ow
aa,aa
r,r
ey,ey
s,s
eh,eh
ah,axr
l,uw
ao,ao
ao,axr
tcl,tcl
s,s
ae,ay
n,m
eh,eh
axr,axr
l,l
s,s
k,k
oy,oy
ao,w
sh,sh
t,t
n,n
tcl,kcl
y,iy
dx,g
er,r
tcl,tcl
ae,ay
iy,iy
ix,ix
ih,ih
v,m
t,t
en,n
ao,ao
gcl,tcl
n,n
ao,ao
axr,axr
ay,ay
tcl,tcl
aa,ah
l,l
s,sh
th,th
ow,ow
ay,ah
el,el
t,q
tcl,kcl
dcl,tcl
w,ix
ax,ix
ix,hv
ao,ao
k,k
ae,ae
y,iy
ix,ix
tcl,kcl
ow,ow
axr,axr
l,w
k,kcl
iy,iy
ih,iy
ix,ih
ae,ae
ax,ix
ix,ix
dcl,dcl
pcl,kcl
aa,aa
bcl,bcl
ah,ax
tcl,tcl
dcl,dcl
w,w
k,k
dh,d
n,n
axr,axr
eh,ih
iy,iy
ao,aa
ix,axr
axr,axr
s,s
f,kcl
r,q
dcl,dcl
dcl,tcl
hh,p
ae,ae
s,s
dcl,dcl
ix,ix
kcl,kcl
p,p
w,ao
m,dcl
l,ow
aa,aa
th,th
l,l
n,n
w,w
en,ng
r,r
jh,ch
l,l
ae,ae
v,v
bcl,bcl
pcl,pcl
s,s
kcl,kcl
k,k
ow,ao
ax,axr
dcl,n
tcl,kcl
iy,iy
k,kcl
ix,ix
k,k
r,r
axr,axr
ax,ax
p,p
ix,ax
s,s
ih,ih
eh,ae
dcl,gcl
s,s
ey,ey
ax,ix
n,n
ix,ix
iy,iy
l,l
t,d
r,r
dh,ix
n,n
ey,ey
z,s
k,k
n,iy
tcl,pcl
dh,z
ay,ah
q,ix
f,f
d,p
f,pcl
ux,ux
tcl,tcl
k,k
m,m
ae,ey
uh,ow
s,s
z,z
n,n
m,m
iy,iy
dh,v
ey,ey
ay,ay
l,l
m,ng
m,m
ix,ax
tcl,tcl
s,s
ih,ix
m,m
s,s
iy,y
tcl,kcl
y,y
l,l
dcl,gcl
hv,hv
f,f
pcl,pcl
dh,b
f,f
ax,ax
w,w
s,s
s,s
l,ao
ux,iy
tcl,tcl
n,m
kcl,kcl
tcl,n
ax,ax
q,q
ih,ix
aa,aa
aa,aa
tcl,kcl
n,m
t,t
ey,ey
n,ng
q,q
s,z
bcl,pcl
r,axr
t,ch
eh,ae
ix,ix
p,p
iy,iy
ae,ae
s,s
v,v
sh,sh
ix,iy
q,q
oy,oy
r,r
r,ax
s,s
n,n
ux,uw
d,kcl
n,n
ax,ax
ng,n
ix,ix
s,s
w,w
q,tcl
ix,ix
r,r
bcl,tcl
aw,ae
z,z
tcl,tcl
ao,ao
dcl,dcl
n,n
m,n
r,er
p,p
r,ax
ae,eh
v,pcl
f,f
ah,ah
ih,iy
ax,ax
r,r
kcl,kcl
l,w
s,z
pcl,pcl
pcl,bcl
tcl,tcl
q,q
pcl,pcl
ao,ao
s,s
r,r
r,aa
r,er
dx,dcl
w,w
q,q
ix,ix
ae,ae
eh,r
jh,s
ae,ah
t,t
dh,bcl
t,t
r,v
tcl,tcl
s,s
iy,iy
pcl,pcl
kcl,kcl
ix,ix
dcl,bcl
ae,ih
ix,iy
s,s
eh,eh
k,k
ae,ae
tcl,kcl
m,m
sh,sh
eh,ix
eh,ix
ax,n
ih,y
jh,zh
ix,ix
ix,iy
ao,ay
t,q
ax,ix
ah,ix
ae,ae
axr,dx
aa,aa
l,w
tcl,tcl
ih,ih
ih,ix
ih,ux
aa,aa
k,k
k,k
f,pcl
ih,ih
dcl,dcl
eh,eh
t,t
axr,axr
er,er
r,r
z,s
q,q
ae,ae
dx,dx
tcl,tcl
ih,ih
ax,ax
aw,l
iy,iy
ao,ao
pcl,tcl
ix,ix
eh,ey
v,dcl
w,w
l,l
ae,ae
oy,oy
ix,ix
dcl,n
n,ix
iy,iy
ix,ih
n,n
f,f
t,t
ch,ch
l,l
k,k
ih,axr
dcl,gcl
l,l
f,f
m,n
kcl,t
eh,eh
er,er
ih,uw
m,n
t,t
s,s
ih,ih
v,bcl
v,bcl
hh,p
s,s
tcl,tcl
axr,r
ay,ay
iy,iy
ux,axr
k,k
eh,ow
l,w
t,t
w,w
s,s
axr,axr
tcl,tcl
pcl,tcl
v,tcl
ah,ay
d,k
r,axr
ng,ng
gcl,kcl
d,p
ih,ih
ow,ow
ih,ix
r,r
el,el
l,l
t,t
axr,axr
dcl,dcl
ae,ae
ah,ih
pcl,pcl
y,y
ng,n
gcl,kcl
r,axr
ey,ey
dx,dx
t,k
r,r
q,q
t,t
th,tcl
dcl,gcl
v,v
n,n
dcl,bcl
z,s
w,w
ih,ix
t,t
ey,ay
aw,aw
aa,aa
iy,iy
s,s
ae,ae
ey,ey
eh,eh
m,m
k,k
ix,ax
l,l
sh,sh
ah,ah
w,w
jh,k
l,dh
q,q
w,w
iy,iy
eh,eh
axr,axr
ih,ih
p,p
ao,ao
k,t
k,k
nx,nx
ay,ey
k,k
eh,er
y,y
eh,ih
pcl,pcl
eh,ow
n,n
y,jh
tcl,kcl
l,ax
axr,r
r,r
hv,hv
ow,oy
ih,ix
s,s
aa,aa
ix,ix
w,w
er,er
dcl,kcl
tcl,tcl
er,axr
v,p
r,r
z,z
ao,aa
l,w
ae,ae
axr,er
t,t
r,r
er,er
n,n
w,w
ae,ae
aw,aw
m,m
d,d
eh,eh
ix,axr
s,s
tcl,em
n,m
p,p
iy,y
ah,ao
ax,axr
dcl,dcl
aa,ao
f,p
s,z
p,k
dcl,dcl
bcl,bcl
p,p
iy,iy
iy,n
tcl,dcl
ao,ao
ow,ow
l,l
iy,iy
ow,ow
axr,axr
z,z
n,n
tcl,tcl
axr,axr
r,r
q,dh
ih,ix
ah,aa
s,s
kcl,kcl
aa,aa
ix,axr
t,t
w,w
axr,axr
w,w
z,z
l,eh
oy,oy
d,k
dh,p
ix,ax
s,s
m,m
q,q
p,kcl
iy,iy
sh,sh
z,z
er,axr
dx,dx
pcl,pcl
en,n
kcl,kcl
th,f
y,y
oy,oy
iy,iy
kcl,kcl
l,l
m,m
n,m
dh,dh
ax,ax
ay,ay
aa,aa
ow,ow
kcl,kcl
ah,ah
w,w
k,k
kcl,kcl
dh,z
iy,iy
uw,ux
ao,ao
iy,iy
y,iy
ih,iy
m,n
ix,ix
ax,ix
m,m
ao,aa
kcl,kcl
aa,ah
ih,ix
er,er
r,r
sh,sh
g,q
z,s
sh,sh
ey,ey
ux,ix
tcl,tcl
ae,ae
ax,ax
dx,dx
r,axr
ih,ih
ao,ao
sh,sh
dcl,gcl
ix,ix
g,k
ix,ix
q,tcl
m,m
axr,axr
r,r
eh,ae
aa,aa
l,l
ih,ix
bcl,bcl
iy,iy
ax,m
ae,ae
ah,ah
ah,ah
s,s
eh,eh
iy,iy
sh,sh
w,w
ae,ae
pcl,kcl
hv,hv
tcl,tcl
ng,n
hh,k
iy,iy
el,ax
l,ax
s,s
tcl,kcl
er,er
p,th
iy,iy
m,bcl
g,w
k,k
k,k
ae,r
m,m
dh,tcl
kcl,kcl
dcl,gcl
n,ng
pcl,kcl
ng,n
ix,dcl
eng,n
dx,dx
q,q
q,q
ix,ix
gcl,bcl
ow,ow
n,n
nx,n
m,m
ih,iy
eh,eh
pcl,kcl
ix,r
ae,ae
f,f
s,sh
s,s
ay,ay
dh,dcl
m,gcl
n,n
nx,n
kcl,kcl
q,n
gcl,gcl
z,z
s,z
k,k
ch,ch
z,z
axr,er
aa,aa
aw,ae
s,s
hv,hv
r,r
ix,ix
er,er
ih,ih
tcl,kcl
p,p
t,t
q,q
s,s
hh,hh
l,dx
ay,ay
r,r
en,m
s,s
s,s
tcl,kcl
iy,ux
w,w
s,s
f,f
r,r
bcl,gcl
n,n
axr,er
dcl,bcl
k,s
dh,th
s,s
r,r
ix,ix
t,t
s,s
sh,sh
bcl,bcl
bcl,bcl
iy,iy
ae,eh
hv,hv
ux,ux
ix,iy
z,s
dcl,gcl
r,r
s,s
kcl,kcl
l,axr
k,k
v,v
er,er
aw,q
f,f
ao,ao
sh,sh
kcl,k
ow,ow
ah,ah
gcl,ng
tcl,tcl
s,s
tcl,pcl
t,t
er,er
ix,ix
z,z
r,w
q,q
ih,iy
ow,ow
ng,ng
ih,ih
tcl,tcl
r,r
f,f
zh,sh
kcl,kcl
f,f
f,f
ix,iy
iy,ix
m,m
er,er
eh,ey
pcl,pcl
gcl,gcl
z,z
sh,s
ax,ax
er,er
dh,n
n,ng
bcl,bcl
oy,oy
kcl,kcl
ix,z
ux,ux
dx,n
iy,ix
z,s
d,d
n,n
ax,ax
q,uw
y,y
s,s
t,t
ae,aa
dcl,gcl
er,er
iy,iy
ix,ix
axr,ix
dcl,dcl
n,n
pcl,pcl
r,l
ah,eh
tcl,tcl
g,k
axr,axr
l,l
axr,ix
ao,ao
ix,ix
l,l
oy,oy
ao,aa
w,w
ng,n
ch,ch
ow,ow
g,g
kcl,tcl
s,s
r,r
dcl,dcl
en,ix
v,tcl
hv,eh
ey,ey
kcl,tcl
ch,ch
axr,axr
hv,hv
gcl,gcl
sh,sh
ih,ix
gcl,bcl
ay,ay
iy,iy
ih,ih
hh,hh
r,er
r,axr
z,z
ix,axr
nx,dx
el,ao
n,dcl
aa,aa
t,d
hh,hh
s,s
n,n
w,w
dcl,dcl
y,y
ix,ix
kcl,kcl
axr,axr
w,w
uw,ux
kcl,tcl
dcl,dcl
dx,dcl
d,k
ix,axr
ih,ux
ay,ay
y,ix
m,bcl
g,g
dx,dx
ng,m
z,z
d,t
q,q
y,y
er,er
dx,dx
ix,ix
t,t
ae,ae
v,dx
axr,axr
r,r
ih,ih
kcl,tcl
z,s
z,z
ao,ao
kcl,kcl
ix,ix
pcl,pcl
ng,ng
pcl,tcl
ax,ix
w,w
k,k
aa,aa
s,s
axr,axr
z,ch
ay,ay
iy,iy
ae,ae
axr,axr
b,d
ix,ih
ah,el
sh,sh
ix,iy
r,r
dx,dx
dh,n
l,ax
k,k
iy,iy
k,hh
tcl,kcl
dx,axr
axr,axr
t,t
iy,iy
t,s
s,s
n,n
ix,ix
z,s
aa,ao
ax,ax
er,er
tcl,kcl
r,r
sh,sh
r,r
ey,ey
ay,ay
l,w
z,z
ow,ow
bcl,v
l,axr
t,t
p,p
ax,ax
ae,ih
l,w
tcl,kcl
d,p
f,f
ae,ae
kcl,kcl
ax,ix
k,k
hv,y
ix,ix
ix,ix
ey,ey
t,t
ux,ux
ax,ah
q,q
f,p
iy,iy
dcl,dcl
aw,ae
en,dh
tcl,tcl
r,r
ng,n
q,q
z,s
eh,ae
en,n
ih,ix
ix,ix
ay,ay
ix,iy
dcl,dcl
m,en
k,k
v,f
s,jh
iy,iy
q,q
ey,ey
ix,ix
z,z
iy,iy
bcl,m
k,k
tcl,tcl
hv,k
g,k
s,sh
g,g
ey,ey
w,w
tcl,kcl
ix,iy
ch,k
axr,axr
d,g
pcl,kcl
ah,ah
m,m
n,n
jh,jh
eh,eh
ix,ey
dx,dx
ow,ow
iy,iy
k,kcl
oy,aa
dh,dh
b,p
ix,ix
iy,iy
dh,z
ax,l
q,q
q,kcl
iy,ey
ng,gcl
n,n
n,ix
sh,sh
y,iy
er,axr
n,n
axr,axr
m,m
f,f
f,f
m,m
ih,ih
s,sh
ih,ix
ay,ay
w,w
ux,iy
dh,dh
k,k
f,f
n,n
ay,ay
ih,ih
m,ng
n,n
s,s
hh,hh
ae,ey
r,r
ng,n
t,t
l,l
k,k
ay,ay
n,n
gcl,kcl
n,n
axr,ix
jh,jh
s,s
m,q
r,r
tcl,tcl
pcl,tcl
s,s
axr,aa
dcl,tcl
tcl,tcl
er,axr
w,w
iy,iy
ah,eh
eh,eh
z,z
ah,ah
ae,ae
t,t
k,k
aa,ah
ao,w
ih,iy
r,q
v,m
w,q
l,l
t,t
f,f
b,p
ey,iy
m,m
k,k
s,s
n,n
g,g
v,dh
m,m
tcl,tcl
m,m
ix,ix
en,m
n,n
iy,iy
w,w
hv,hv
s,s
ix,ih
ux,iy
hv,hv
k,k
eh,ae
ix,ih
bcl,ng
eh,ae
r,r
ix,ix
kcl,kcl
m,n
k,k
aa,aa
pcl,pcl
l,r
axr,axr
eh,ah
aa,ao
m,m
axr,axr
bcl,kcl
pcl,pcl
s,s
n,n
dcl,dcl
tcl,tcl
s,s
l,l
ay,ay
jh,jh
ix,ix
z,s
ix,ay
t,p
g,g
ih,ih
r,r
ae,ae
l,v
k,k
bcl,pcl
ah,ax
tcl,tcl
r,axr
l,l
aw,aw
tcl,tcl
axr,ix
ow,ow
m,m
v,v
q,q
pcl,kcl
z,z
ey,ey
t,k
z,z
m,m
ux,ux
dcl,tcl
eh,eh
p,g
k,k
eh,ah
v,v
ah,ax
p,p
ix,q
m,m
sh,sh
iy,y
l,l
iy,ih
aa,ae
b,p
dx,dx
n,n
q,q
ey,ey
gcl,r
t,t
kcl,kcl
ae,ae
kcl,kcl
dx,gcl
r,r
g,g
kcl,tcl
t,jh
l,w
pcl,pcl
pcl,f
el,l
dx,dx
ae,ay
w,ao
q,q
n,n
nx,r
kcl,kcl
m,m
ih,ih
sh,sh
w,w
ae,ae
z,t
w,w
ay,ay
ax,ax
aa,aa
q,pcl
ux,ix
ux,ih
ae,ae
el,el
ae,eh
eh,eh
hv,hv
g,k
eh,eh
r,axr
s,s
l,el
ux,ux
sh,sh
ih,axr
ae,ae
f,f
ay,aa
dcl,gcl
eh,ae
v,v
s,s
iy,iy
s,s
s,s
eh,eh
dcl,gcl
n,n
iy,iy
m,m
q,q
aw,aw
iy,iy
tcl,tcl
ax,ax
n,n
dh,f
g,g
ay,ay
k,k
el,ax
t,t
gcl,m
n,n
w,uw
iy,iy
ae,eh
pcl,pcl
tcl,tcl
ih,ih
w,w
ux,ux
s,s
m,m
f,f
dh,l
r,ay
f,f
ux,ux
dx,dx
ay,ay
s,s
dcl,kcl
t,t
l,l
q,q
n,n
w,w
ix,iy
dx,dx
s,s
kcl,kcl
ux,ux
iy,iy
ae,eh
sh,sh
axr,axr
tcl,tcl
kcl,pcl
w,ao
ix,ix
s,s
sh,sh
r,q
s,s
kcl,pcl
l,l
f,f
n,n
l,l
k,k
dcl,bcl
iy,iy
ao,ao
iy,iy
dh,q
eh,eh
ax,l
k,k
dh,v
tcl,kcl
gcl,gcl
n,m
tcl,kcl
l,l
uh,uh
m,m
hh,hh
dcl,tcl
oy,ao
iy,iy
kcl,kcl
q,q
ao,ao
hv,hv
r,m
er,er
ih,ih
axr,axr
sh,ch
dx,dx
q,dh
f,p
th,f
ax,ax
iy,iy
uw,ux
l,l
ow,ao
v,dcl
ay,ay
en,n
iy,iy
v,v
n,n
ix,ix
m,m
ao,aa
v,th
m,n
g,k
iy,iy
ix,ix
d,q
ey,ey
l,l
ao,w
m,m
k,k
r,r
l,el
n,m
v,n
ah,ah
w,w
g,k
er,er
ux,ux
z,s
s,z
kcl,kcl
g,k
ae,eh
ow,ow
uh,ix
l,l
th,th
ah,ah
dh,dh
z,s
k,hh
r,axr
t,p
ow,ow
r,r
q,q
n,n
ay,ay
dh,d
r,r
m,m
l,w
b,p
ow,ow
gcl,gcl
k,k
z,t
ey,ey
t,t
iy,iy
k,k
hv,axr
axr,axr
tcl,kcl
t,t
l,ow
s,s
r,ay
hv,hv
r,r
dcl,dcl
ih,ix
axr,er
q,q
eh,eh
kcl,kcl
sh,sh
l,l
l,nx
m,m
pcl,kcl
q,p
z,f
g,g
aa,ao
n,n
n,n
r,r
s,s
hv,hv
q,q
ax,ah
d,t
s,s
uh,ix
k,k
iy,iy
ax,g
aa,aa
iy,ix
iy,iy
r,r
ix,ix
tcl,tcl
er,er
hv,hv
iy,ey
ix,iy
iy,iy
ix,iy
ae,ae
ih,iy
dx,dx
hh,hv
bcl,bcl
ix,uw
ix,ix
pcl,pcl
y,y
b,t
tcl,tcl
ae,ey
iy,iy
iy,iy
ah,ax
uh,ih
tcl,tcl
sh,sh
gcl,gcl
k,hv
ix,ih
dh,dh
m,q
oy,oy
ao,aa
f,f
iy,q
r,r
tcl,tcl
r,r
kcl,kcl
pcl,tcl
ih,ih
aw,ay
axr,ax
s,s
m,m
ay,ay
s,s
kcl,k
iy,iy
ix,ix
b,p
t,dx
iy,iy
kcl,t
eh,ow
eh,eh
z,z
t,t
n,n
z,z
oy,oy
kcl,kcl
s,s
m,n
sh,sh
n,ng
axr,uw
q,q
iy,iy
d,q
ow,ih
iy,ix
pcl,tcl
t,t
axr,ix
iy,iy
t,d
ih,iy
dcl,dcl
sh,sh
ae,ae
l,l
tcl,tcl
bcl,dcl
kcl,kcl
tcl,tcl
tcl,tcl
iy,iy
iy,iy
ix,iy
dcl,dcl
ow,ow
aa,ay
ae,eh
kcl,kcl
dh,dh
q,q
n,m
v,v
eh,axr
bcl,bcl
gcl,gcl
iy,iy
ih,ix
y,k
r,r
r,r
f,f
v,p
p,p
aa,aa
f,v
d,k
el,l
tcl,tcl
uw,ao
ae,ey
ey,ey
w,w
oy,oy
aa,aa
ay,aa
dh,l
tcl,kcl
bcl,bcl
ao,ao
dh,p
m,n
w,w
ih,ih
w,w
l,l
ey,ay
oy,oy
iy,iy
t,t
n,y
iy,iy
q,q
p,p
ux,iy
ix,ix
tcl,tcl
m,m
s,s
ow,oy
w,l
t,ch
pcl,bcl
ix,ix
l,l
l,l
ng,ng
dcl,dcl
gcl,dcl
ix,ix
kcl,kcl
ax,ah
gcl,q
hh,k
f,f
t,t
ah,ah
q,q
axr,axr
tcl,kcl
tcl,dx
kcl,kcl
y,n
axr,axr
ow,ow
ax,ax
dx,y
y,n
s,s
ah,ao
pcl,pcl
ah,ah
m,m
s,s
n,n
aa,aa
er,er
k,k
k,k
dh,dh
ae,ae
k,k
f,f
m,m
sh,ch
hv,hv
iy,iy
tcl,tcl
g,g
m,m
en,n
iy,iy
l,l
s,s
ix,ix
r,r
dcl,dcl
gcl,dcl
eh,eh
t,t
nx,nx
r,r
kcl,kcl
ey,ey
ae,ae
ih,uh
dh,n
aa,aa
y,y
kcl,kcl
ow,ow
ax-h,hh
ix,n
iy,iy
k,k
z,z
kcl,kcl
ax,ax
ix,ux
s,s
k,k
pcl,pcl
ix,ix
r,r
ae,eh
oy,oy
dcl,dcl
k,k
tcl,tcl
axr,r
n,n
iy,iy
w,w
r,ix
dcl,dcl
s,s
jh,jh
dh,p
iy,iy
iy,iy
dcl,n
p,p
t,t
dh,dh
ux,ux
aw,aw
l,l
er,er
z,z
kcl,kcl
l,q
tcl,b
ow,ao
ae,ae
bcl,bcl
aa,aa
ch,ch
l,w
ao,er
ih,ih
axr,ix
aa,aa
t,t
ix,ix
ey,ey
s,s
r,r
eh,ix
ih,ih
l,l
ix,axr
ih,iy
iy,iy
dcl,dcl
tcl,tcl
nx,n
tcl,tcl
n,n
ix,ix
ax,ax
iy,iy
en,n
r,r
kcl,kcl
n,n
ax,ax
sh,sh
s,s
ax,ax
m,m
dcl,tcl
s,s
m,m
ix,ix
r,w
q,q
el,el
aa,aa
l,ix
s,s
z,z
d,t
eh,er
m,n
iy,ix
w,w
ae,ae
w,w
l,l
s,s
dcl,tcl
s,s
l,l
kcl,kcl
iy,iy
ih,ix
l,q
sh,sh
kcl,kcl
axr,er
axr,axr
ae,aa
eh,ey
iy,iy
dh,n
ix,n
ao,ao
ay,aa
f,f
aw,aw
tcl,tcl
aa,aa
t,t
dcl,dcl
t,k
aw,aa
r,r
p,hh
p,p
ae,aa
s,s
bcl,n
dcl,dcl
dh,f
n,n
sh,sh
er,er
n,n
dx,dx
gcl,tcl
dh,dh
ey,iy
iy,iy
q,q
uh,ah
ae,ae
ix,ix
hh,q
eh,ah
w,w
aa,aa
t,t
g,k
ax,ax
hh,k
nx,n
s,s
ae,ae
p,p
ih,w
iy,iy
ah,ax
gcl,gcl
dh,d
sh,sh
q,q
s,s
ix,ix
er,axr
s,s
dx,dx
aa,ao
ae,ay
iy,iy
ix,ix
pcl,pcl
tcl,tcl
p,p
dcl,tcl
ux,en
ae,ae
t,t
k,k
iy,y
hv,q
ih,ih
aa,aa
axr,axr
f,f
l,ax
ix,ax
t,k
t,s
ax,ax
dcl,dcl
v,v
ae,ae
kcl,kcl
jh,sh
l,l
ix,iy
ey,iy
ux,iy
r,r
q,q
l,w
iy,iy
m,n
n,n
d,dh
d,d
bcl,gcl
k,k
k,t
t,t
dcl,dcl
ih,ix
tcl,tcl
ah,l
ah,ao
ng,ng
n,n
w,w
dcl,bcl
s,s
r,r
g,k
ao,ao
aa,aa
l,l
ow,ao
n,gcl
ux,ux
ix,ix
w,w
w,w
ch,ch
th,s
p,p
s,s
gcl,gcl
n,n
hv,hv
ax,ax
l,l
n,n
pcl,tcl
g,kcl
hh,hv
s,s
n,n
ah,eh
ih,ih
dh,th
iy,iy
ay,aa
l,l
n,n
w,w
axr,r
z,z
ay,ay
w,w
r,r
t,t
r,r
tcl,kcl
aa,aa
hh,hh
dx,dx
eh,ah
s,s
s,s
z,z
kcl,kcl
aa,aa
ey,ey
z,s
ay,ay
w,w
ae,ae
l,ax
ng,n
n,n
t,d
ae,ae
en,ax
kcl,kcl
n,n
pcl,kcl
ix,ix
bcl,gcl
q,q
ix,eh
ao,aa
ih,ih
ax,ix
ih,ow
r,r
ax,m
eh,eh
r,r
axr,er
s,s
t,t
n,n
ch,jh
w,w
ae,ae
tcl,tcl
s,s
ix,ax
kcl,kcl
w,w
r,r
ah,aa
r,er
ay,ay
ae,ae
s,s
oy,oy
ih,ix
dx,dx
ax,ix
dh,dh
ux,ey
bcl,n
g,g
dcl,dcl
ix,y
t,t
ao,w
dh,p
ey,ey
kcl,tcl
ix,ix
n,n
dcl,dcl
s,s
b,k
m,ng
ix,ix
dh,dh
ix,ix
s,s
tcl,tcl
z,s
s,s
l,l
r,axr
l,l
tcl,tcl
s,s
hh,hh
r,r
s,s
v,v
iy,iy
ao,q
sh,s
r,r
dh,tcl
ao,aa
iy,iy
p,kcl
k,k
r,r
ay,ay
w,w
g,g
th,s
q,q
ao,ao
ah,ao
l,l
axr,axr
dx,n
eh,eh
ih,ix
ix,ix
t,dcl
kcl,kcl
y,iy
r,r
ae,eh
r,r
axr,axr
ae,ae
tcl,tcl
nx,nx
ih,ih
ix,ix
kcl,kcl
s,s
m,n
ey,ey
k,k
t,t
n,ix
ae,ae
s,sh
ae,ae
k,kcl
l,ix
bcl,bcl
ay,ay
v,v
p,p
dcl,dcl
m,m
s,s
kcl,kcl
ix,z
q,q
en,m
f,f
tcl,tcl
z,z
g,g
dh,n
eh,ix
ix,ix
v,v
dcl,tcl
aa,ao
nx,n
ch,ch
ux,ux
g,k
ch,ch
dcl,dcl
v,v
r,r
iy,ix
n,n
l,el
ey,eh
w,w
m,m
t,t
bcl,kcl
s,s
k,k
n,n
m,m
kcl,kcl
l,l
ix,ix
m,m
iy,iy
dcl,gcl
s,s
iy,iy
d,t
q,q
z,sh
ix,ix
ux,ix
eh,ax
s,s
axr,axr
nx,ix
tcl,kcl
tcl,gcl
bcl,bcl
t,t
r,r
axr,axr
dcl,dx
ix,ix
ao,ao
ih,ih
g,k
axr,ey
uh,ix
g,k
ch,t
ao,ao
dx,dx
eh,eh
ay,aa
s,s
oy,oy
em,m
q,axr
aa,aa
ey,ey
el,ow
jh,ch
sh,t
ih,eh
ow,ow
r,r
ey,iy
z,s
l,l
el,uw
ih,axr
ah,aa
kcl,kcl
sh,s
n,n
f,f
t,t
ao,ao
w,w
ix,ix
k,k
ey,ey
l,l
w,w
aa,r
z,z
nx,n
jh,ch
r,r
ax,ax
s,s
axr,r
m,n
eh,eh
l,l
ax,ax
ay,ay
ow,ow
ix,r
iy,iy
ow,ow
ah,r
q,q
ih,ix
ih,ey
r,r
q,q
ih,ih
g,k
v,v
sh,sh
t,t
q,q
s,s
ux,ih
q,q
ae,ae
ay,ay
ix,ix
s,sh
eh,ix
hv,hv
y,y
k,k
eh,ah
z,s
f,t
ae,aa
hv,hv
pcl,dcl
ey,ey
w,w
aa,aa
s,s
m,dx
ix,ix
s,s
sh,sh
l,l
y,y
ih,ix
y,y
r,r
ix,ix
axr,axr
er,axr
ax-h,t
t,t
ih,hv
bcl,m
m,m
g,k
t,t
z,z
ix,ax
q,kcl
el,l
ih,ax
ah,aa
l,ow
t,t
tcl,tcl
uh,ax
gcl,tcl
l,w
n,g
ih,ix
ix,ix
dcl,bcl
iy,iy
er,er
ae,ae
l,l
ix,eh
pcl,pcl
uh,axr
k,k
gcl,kcl
iy,q
t,k
ix,ih
dh,m
ae,eh
aa,aa
f,kcl
s,z
n,n
s,s
r,axr
v,v
r,r
q,k
tcl,tcl
ae,aa
iy,iy
iy,iy
ih,ih
w,w
t,t
ao,ao
kcl,kcl
y,y
tcl,tcl
ux,iy
q,kcl
pcl,pcl
n,n
ix,r
axr,ux
l,w
s,s
s,s
ix,iy
s,s
er,r
ih,axr
axr,axr
nx,n
kcl,kcl
ix,d
th,k
t,t
pcl,bcl
m,n
d,t
s,s
q,q
ih,ux
ih,ix
dcl,dcl
s,sh
ng,m
r,r
dh,q
q,q
ey,ey
t,d
dcl,dcl
ax,l
r,r
t,t
eh,ix
eh,ix
r,axr
r,r
dcl,dcl
s,s
r,r
iy,ix
ih,ix
q,k
w,w
axr,axr
ux,ux
l,q
l,w
k,k
m,n
jh,ch
f,f
w,w
ae,ae
axr,ix
s,s
ih,ix
tcl,tcl
q,q
l,l
kcl,kcl
ax,ax
f,f
tcl,kcl
ax,axr
v,v
kcl,pcl
ix,ix
iy,iy
v,z
l,el
s,s
axr,axr
ae,ay
kcl,kcl
ay,ay
bcl,dcl
ah,ax
ow,ow
sh,s
q,q
ix,ix
z,z
r,r
s,s
ux,ux
n,n
m,m
ow,ah
gcl,tcl
ae,ay
ay,ay
l,l
q,q
dh,th
iy,ix
uh,ax
ix,ix
kcl,k
n,n
r,axr
ay,ay
er,er
n,m
v,ix
jh,jh
ix,ax
r,r
kcl,tcl
n,n
iy,iy
hh,hh
k,k
ae,ae
ax,ix
sh,sh
er,axr
ix,ih
t,t
ax,ix
t,t
ax,ax
dcl,dcl
tcl,tcl
pcl,tcl
r,dx
ih,ih
oy,oy
ux,ix
r,r
d,t
k,k
s,s
ah,ah
ae,ah
ao,ao
p,k
tcl,tcl
axr,axr
tcl,kcl
kcl,kcl
r,r
eh,eh
s,sh
ae,ae
sh,sh
bcl,bcl
axr,r
ey,ey
ao,ao
tcl,dcl
tcl,tcl
f,f
ix,n
k,k
axr,axr
th,f
bcl,bcl
z,sh
ax,ax
aw,aa
l,w
jh,jh
jh,jh
eh,eh
z,z
m,n
q,q
ng,y
oy,oy
iy,iy
p,p
r,r
dx,dx
f,kcl
ih,ey
m,m
ay,ay
kcl,kcl
uw,uw
m,n
tcl,kcl
s,s
axr,er
ey,eh
r,r
en,m
dcl,dcl
z,s
ix,ix
dcl,tcl
ih,ih
eh,ih
ix,ey
r,aa
tcl,dcl
ix,ix
v,f
tcl,kcl
bcl,bcl
en,m
ix,ix
pcl,kcl
ih,ix
oy,oy
ng,kcl
tcl,tcl
s,s
oy,oy
ux,uw
dx,ix
er,axr
dcl,dcl
l,iy
dh,s
ae,ae
s,s
g,k
bcl,kcl
ng,n
ix,ax
ix,ih
ae,ey
n,n
ao,ao
ax,ax
ng,n
el,l
q,q
er,er
bcl,bcl
l,q
ao,aa
ae,ae
f,f
tcl,tcl
ng,n
v,v
ao,ao
ay,aa
ih,ix
ow,ow
tcl,tcl
kcl,kcl
th,th
aw,eh
f,f
ax,w
ih,ih
ix,ix
ix,ix
s,s
s,s
ng,ng
dcl,dcl
ah,ah
p,p
ae,ae
pcl,pcl
t,t
ah,ah
pcl,pcl
iy,iy
r,r
dh,p
bcl,bcl
t,t
kcl,kcl
tcl,tcl
ay,ay
l,ix
z,z
z,z
eh,ih
aa,ay
el,uw
v,dcl
ux,ux
n,n
t,t
w,w
r,r
ah,eh
z,z
y,ih
n,n
uh,ix
hv,hv
n,n
n,n
ah,aa
ix,ix
q,q
eh,eh
s,s
eh,ih
ax-h,tcl
er,er
n,n
r,r
m,m
er,axr
eh,eh
dh,g
dcl,dcl
d,d
ih,ih
uw,ux
g,g
aa,ao
kcl,tcl
tcl,dcl
l,w
ax,ix
axr,r
f,f
l,ay
nx,n
axr,axr
ix,ix
ch,ch
hv,hv
ix,ix
k,k
l,w
aa,aa
aa,r
en,n
dx,ix
ow,ow
iy,iy
el,ow
tcl,kcl
ae,ae
ax,ix
pcl,pcl
f,f
r,aa
uh,ax
z,s
ao,ao
m,m
r,r
ux,ux
ix,n
ay,ay
z,s
z,ch
eng,n
en,m
p,p
dcl,tcl
r,axr
r,axr
ix,q
r,r
eh,ah
ay,ay
t,t
sh,sh
pcl,tcl
kcl,kcl
s,s
z,n
ax,r
eh,ih
dcl,dcl
eh,ih
ux,ey
n,n
eh,ix
ix,ix
iy,iy
sh,sh
f,f
w,q
l,l
tcl,tcl
p,p
ao,ao
axr,axr
l,l
axr,er
k,p
l,ow
ix,ix
w,w
dx,d
n,n
ix,ix
t,k
n,n
l,ah
l,l
axr,axr
n,v
pcl,pcl
ae,ae
d,z
y,iy
axr,r
z,z
l,l
z,z
z,z
r,r
w,w
aa,ao
bcl,bcl
p,p
eh,axr
s,s
ih,ix
ux,ix
g,n
gcl,ng
hh,hh
dx,dx
q,q
r,axr
ix,ih
ao,aa
el,ow
eh,ah
ix,ix
aa,aa
t,t
n,n
axr,r
tcl,kcl
aa,aa
r,v
iy,iy
ae,ae
iy,ix
ow,ow
k,k
en,n
m,m
eh,ah
eh,eh
ux,iy
iy,iy
ay,ay
ih,eh
ow,ow
w,w
el,ow
p,p
ix,ix
w,w
ix,ix
v,g
ae,ae
kcl,kcl
kcl,kcl
m,m
ow,ow
k,k
q,q
dcl,dcl
l,iy
m,m
q,q
ax,tcl
ng,n
r,r
iy,iy
z,tcl
ih,ih
z,z
er,axr
ay,ay
z,s
ax,ax
ix,ix
f,f
ix,q
k,k
ey,ih
s,s
kcl,kcl
axr,er
jh,jh
hh,k
ey,ey
uh,ah
ae,eh
q,q
pcl,bcl
p,p
r,axr
eh,ix
l,ay
f,f
axr,r
jh,jh
g,kcl
eh,ih
ix,ix
dcl,gcl
ix,ix
ae,ae
m,m
m,m
ey,iy
tcl,tcl
t,t
tcl,tcl
axr,axr
ux,ux
k,g
ax,ax
gcl,gcl
eh,eh
dcl,tcl
ng,n
nx,n
ix,ix
s,s
tcl,kcl
axr,axr
tcl,tcl
eh,ih
ay,ay
dh,m
ax,ah
dx,dx
tcl,tcl
ng,n
dcl,tcl
ch,ch
gcl,ng
l,l
l,l
l,q
d,q
pcl,pcl
th,th
iy,iy
bcl,pcl
ay,ay
r,r
w,y
ix,m
n,n
q,q
z,z
k,k
dx,g
ix,n
z,z
r,r
eh,ix
sh,sh
kcl,kcl
tcl,kcl
ih,ix
iy,iy
m,m
t,t
ix,ix
ay,ay
eh,eh
z,sh
iy,iy
ix,ix
l,ax
iy,iy
er,er
eh,ey
gcl,gcl
kcl,kcl
kcl,kcl
pcl,kcl
ay,ay
l,n
n,m
q,hh
s,s
axr,r
er,axr
hh,hh
ih,ih
k,kcl
ae,ih
dcl,dcl
k,p
pcl,pcl
axr,axr
ae,ae
kcl,kcl
ae,ae
ih,ih
ih,ix
dh,n
th,f
iy,iy
axr,axr
ao,ao
tcl,pcl
dcl,n
ae,ae
ah,ao
aa,aa
z,z
ix,ix
gcl,gcl
eh,eh
l,gcl
ae,ae
t,t
ih,ae
l,l
pcl,kcl
l,l
sh,sh
m,n
el,el
q,q
ao,ao
kcl,kcl
v,v
s,s
th,th
ae,ae
ah,ah
tcl,tcl
n,ng
aa,ay
eh,eh
m,n
eh,ay
tcl,tcl
ae,ae
er,r
gcl,gcl
z,z
q,q
dcl,dcl
y,y
dh,dx
hh,k
r,r
r,axr
iy,iy
m,n
iy,r
ix,ix
iy,iy
w,w
l,l
y,y
bcl,bcl
s,s
jh,ch
y,iy
hv,hv
aa,ay
kcl,kcl
ix,ix
ih,iy
sh,ch
w,r
t,t
ey,iy
n,n
ow,ow
dcl,dcl
s,s
el,w
p,p
n,ng
axr,r
s,s
iy,iy
ow,axr
v,v
pcl,kcl
ix,ix
aa,ao
dcl,n
n,n
ae,aa
k,k
ae,ae
dcl,dcl
axr,axr
hh,t
ax-h,q
t,t
f,f
m,m
ao,r
dh,dh
ix,ih
ih,ix
l,l
kcl,kcl
g,g
tcl,kcl
n,n
gcl,dcl
m,m
aa,aa
ey,ey
q,q
z,z
sh,sh
dx,dx
ix,ax
v,pcl
ix,ix
ae,ae
axr,ix
ix,ix
dh,dh
kcl,kcl
tcl,kcl
iy,ix
ah,q
w,w
dx,tcl
pcl,pcl
dcl,dcl
r,r
eh,ah
aa,ao
f,f
iy,iy
tcl,tcl
kcl,kcl
n,m
l,l
tcl,tcl
r,r
er,ow
ax,uh
p,p
z,s
n,n
ae,ae
tcl,tcl
eh,eh
ao,ao
dx,dx
iy,iy
l,l
n,dcl
ix,ix
ih,ih
eh,ix
ih,ih
iy,iy
ae,ae
v,ix
dcl,dcl
iy,iy
r,r
ao,ao
n,n
l,l
bcl,tcl
sh,ch
axr,ao
ae,ae
eh,ay
s,s
aa,ao
bcl,bcl
pcl,tcl
v,bcl
pcl,kcl
p,p
y,iy
ix,ix
w,w
n,n
ae,aw
l,l
oy,oy
axr,w
ix,ix
aa,aa
axr,ix
ih,ix
iy,iy
sh,ch
ay,ay
el,ax
eh,ih
m,w
dx,tcl
axr,axr
ix,ix
n,n
ao,ao
y,ix
ao,axr
ix,iy
jh,jh
ih,ih
k,k
er,er
r,r
dcl,dcl
s,s
r,axr
iy,iy
ay,aa
f,f
k,tcl
f,f
n,dx
ae,ae
ao,ao
ey,ey
n,n
z,z
dcl,n
gcl,axr
zh,sh
pcl,bcl
s,s
eh,axr
l,l
r,r
q,q
q,q
p,p
dh,dh
ao,ao
l,ax
g,g
m,m
aa,ay
ix,ix
l,m
ih,iy
ah,ah
q,kcl
er,er
sh,sh
iy,iy
pcl,pcl
dh,dh
v,v
k,k
z,z
pcl,pcl
g,k
ix,iy
kcl,kcl
t,t
s,s
ax,ax
iy,gcl
f,f
kcl,kcl
w,w
axr,axr
r,r
ix,ix
m,m
d,dx
sh,sh
r,r
ih,iy
k,k
eh,ah
m,n
ax,ax
kcl,tcl
axr,axr
ax,ax
z,z
aa,ay
iy,iy
iy,iy
n,n
l,l
aa,ay
kcl,kcl
ow,oy
w,w
w,w
ix,axr
q,q
m,n
n,n
aa,aa
ay,ay
ix,ax
ix,ix
f,f
bcl,tcl
kcl,kcl
aa,aa
ih,ih
p,p
l,l
m,m
n,n
eh,aa
k,k
aa,aa
l,l
ix,ix
axr,axr
ae,ae
z,z
t,t
kcl,kcl
p,p
oy,aa
dh,dh
s,s
nx,n
z,t
ae,ae
dcl,dcl
pcl,tcl
th,f
ax,ix
l,w
n,n
ao,ao
g,k
n,m
axr,axr
ih,iy
w,w
eh,eh
d,d
kcl,kcl
ey,ey
ix,ix
el,ax
ao,w
er,er
er,er
iy,iy
ah,ah
s,s
pcl,tcl
s,s
r,r
ih,iy
ix,ix
ix,ix
iy,iy
n,ix
gcl,tcl
w,w
pcl,pcl
ux,ux
r,q
axr,axr
hh,p
hh,hv
ng,ng
w,bcl
ax,ix
s,s
er,r
q,q
q,q
w,w
dx,dx
kcl,kcl
ae,ae
p,p
t,t
m,m
l,l
ah,uh
ix,ix
r,r
iy,iy
ax,ax
sh,s
n,n
m,m
m,m
s,jh
n,n
nx,n
tcl,kcl
ay,ay
q,q
k,t
k,k
ae,ae
kcl,kcl
n,n
kcl,kcl
f,f
ao,ao
hv,q
bcl,pcl
l,l
sh,sh
r,r
ey,iy
dcl,tcl
kcl,kcl
hv,w
ih,ix
ax,ax
ih,axr
ih,ah
ey,iy
f,f
s,s
m,m
tcl,tcl
ah,ix
s,s
uw,w
ix,ix
ax,r
ix,ih
ix,ix
pcl,tcl
iy,iy
m,m
ao,ao
ix,ix
ix,n
s,sh
p,p
l,l
eh,ae
z,z
em,n
ix,uh
q,q
eh,eh
tcl,tcl
ux,ux
ix,iy
z,s
ch,jh
ow,ow
l,l
r,r
tcl,tcl
uw,uw
en,n
hv,hv
ay,ay
ah,eh
n,n
ao,ao
n,n
ao,ao
l,r
z,z
aa,ao
iy,iy
dcl,dcl
uw,uh
kcl,kcl
ao,aa
iy,ix
ix,ih
ih,eh
f,f
s,s
l,l
ae,ae
uw,w
uw,w
ah,r
uh,eh
iy,iy
kcl,tcl
iy,iy
gcl,dcl
axr,axr
aa,aa
bcl,bcl
q,q
l,l
s,s
n,n
jh,sh
p,p
s,s
m,n
w,w
v,f
ih,ix
axr,r
r,q
ch,ch
r,w
m,m
en,n
dcl,bcl
en,en
tcl,pcl
ay,ay
th,th
eh,ix
ng,ng
f,f
t,d
pcl,bcl
dh,dh
w,w
el,el
k,k
er,er
f,f
l,l
r,r
iy,iy
k,k
pcl,pcl
iy,iy
aa,ao
t,d
ix,ix
aa,aa
dx,dcl
sh,sh
ow,aw
iy,iy
ao,ao
ih,uh
hv,n
ix,ix
v,v
iy,iy
t,t
t,t
ay,ay
tcl,tcl
z,z
y,y
axr,axr
uh,ax
n,n
sh,s
z,s
tcl,tcl
ae,ae
k,k
tcl,q
ix,ix
s,s
kcl,kcl
ae,ix
f,f
ay,ae
r,r
ao,aa
ch,sh
d,d
ae,eh
dx,dx
eh,aa
t,t
y,r
n,n
dcl,v
pcl,pcl
w,r
ax-h,z
k,k
aa,aa
eh,ih
gcl,k
r,r
ah,ax
s,s
sh,sh
q,q
t,t
kcl,kcl
y,y
sh,sh
jh,jh
b,kcl
r,r
ih,ih
aa,aa
kcl,kcl
ay,ay
ao,ao
k,k
s,s
ao,ao
ax,ix
ay,ay
aw,aa
n,n
iy,iy
r,r
ae,ae
n,n
p,p
q,q
w,w
tcl,tcl
ow,ah
m,m
p,p
ae,ae
g,k
l,w
ih,ix
m,m
er,er
tcl,jh
iy,iy
eh,ix
ey,ey
z,s
ix,ix
n,n
ix,q
axr,er
g,d
l,l
l,v
ao,ao
ix,ix
s,s
ix,iy
gcl,bcl
ix,ix
th,th
dcl,dcl
tcl,kcl
s,s
aa,aa
ow,ow
iy,iy
ao,ao
w,w
m,m
kcl,kcl
l,l
r,r
g,k
iy,ih
s,s
y,y
n,n
axr,ah
sh,sh
ay,ay
l,el
axr,axr
y,y
y,axr
n,n
iy,iy
w,w
er,er
ax,axr
axr,axr
er,er
kcl,kcl
kcl,kcl
dx,r
ax,ah
ch,ch
tcl,tcl
tcl,tcl
aa,w
el,l
ay,ay
ih,ix
dh,dh
axr,axr
kcl,kcl
ix,ix
ao,ao
aa,aa
r,r
n,iy
pcl,pcl
l,r
s,s
ix,ix
w,w
ae,ae
q,axr
dh,ix
ux,ux
aa,ow
r,r
q,q
ey,ey
ux,ix
hh,hh
ah,ax
s,s
ow,l
ah,ay
w,w
ax,n
s,s
aa,aa
iy,iy
n,n
g,k
l,q
kcl,kcl
p,p
iy,iy
s,s
q,q
ow,ow
f,f
s,s
n,n
en,m
s,s
aa,aa
ix,n
m,m
r,r
r,axr
r,axr
f,f
n,n
ax,ax
ey,ey
ah,eh
ay,ay
r,g
ih,ih
l,l
ey,ae
y,y
ax,dx
r,r
k,k
gcl,kcl
ay,ay
iy,iy
kcl,kcl
t,ch
aa,eh
k,k
f,f
r,r
k,k
ax,ix
tcl,tcl
s,s
bcl,dcl
z,z
axr,axr
bcl,bcl
dh,v
uh,l
m,n
m,m
iy,iy
w,v
ix,ih
aa,aa
ix,ih
ow,ow
tcl,tcl
bcl,bcl
r,r
s,s
ix,ix
ay,ay
w,w
ih,ix
ih,ih
tcl,tcl
ix,ix
p,p
iy,iy
ix,ix
el,el
tcl,pcl
ae,eh
uh,ix
f,f
z,s
ix,ix
tcl,dcl
ix,ix
z,s
n,n
dcl,dcl
ax,ix
ih,ix
n,n
tcl,pcl
er,er
ix,ix
l,l
eh,eh
r,ay
n,n
dh,b
pcl,tcl
uw,axr
p,p
ih,ih
dx,dx
r,axr
dx,dx
th,th
ey,ey
d,d
ix,ix
tcl,tcl
ey,ey
f,f
ae,ae
eh,ih
dh,dh
ux,ix
b,dx
iy,iy
n,n
tcl,tcl
n,n
aa,aa
t,t
dcl,kcl
kcl,kcl
f,f
ah,ah
ix,axr
s,s
ow,ow
jh,t
ch,ch
ax,q
q,kcl
ow,l
s,jh
r,ix
iy,iy
zh,jh
ey,ey
l,l
s,sh
ae,ay
ae,eh
bcl,pcl
iy,iy
ah,ax
f,p
dcl,bcl
s,s
bcl,bcl
el,w
iy,iy
el,el
ih,eh
axr,r
uh,ao
q,q
s,s
iy,er
ax,m
dcl,dcl
iy,n
bcl,m
iy,ey
l,l
dx,nx
ao,ao
v,v
t,ix
axr,axr
ax,ax
el,ao
f,f
ax-h,q
t,t
s,s
w,w
axr,axr
v,v
aa,aa
kcl,kcl
bcl,bcl
ix,ix
ow,uw
m,n
aa,aa
t,d
iy,iy
ng,n
t,t
q,q
v,v
ng,ng
iy,iy
bcl,bcl
l,q
r,r
n,n
ix,ix
ao,ao
kcl,tcl
ix,ix
n,n
ng,ng
d,d
ix,ix
ax,ix
ah,ay
l,l
v,v
pcl,kcl
eh,eh
k,k
eh,eh
tcl,tcl
s,s
r,r
sh,sh
n,en
s,s
ow,ow
ax,ix
tcl,tcl
ch,t
l,l
q,q
t,t
l,w
sh,sh
z,z
ay,ay
ix,ix
p,p
l,l
eh,eh
n,n
m,m
r,r
l,l
bcl,bcl
dx,dx
hv,ix
m,m
ae,ey
ay,ay
sh,sh
ey,ey
n,ix
f,th
r,r
t,t
r,r
eh,eh
kcl,tcl
ax,ow
s,s
en,n
k,k
en,m
n,m
ow,aa
sh,sh
f,f
t,t
p,kcl
ey,ey
eh,ix
k,kcl
dh,dh
kcl,kcl
iy,iy
m,m
ih,ux
kcl,kcl
ih,ih
hh,tcl
iy,iy
r,r
ih,ih
tcl,tcl
s,s
t,t
iy,iy
hv,hh
l,l
s,s
y,y
ae,ae
kcl,kcl
q,q
kcl,kcl
kcl,kcl
dcl,dcl
kcl,kcl
ey,ey
ix,ih
ix,ix
kcl,kcl
axr,axr
dx,dx
l,l
ae,ae
ix,ix
kcl,kcl
er,er
pcl,tcl
n,n
w,w
sh,sh
k,kcl
bcl,m
tcl,kcl
ao,aa
ah,ah
r,r
ah,aa
jh,sh
gcl,gcl
p,p
ix,n
ah,ah
ix,ix
r,r
ng,n
n,n
ih,ih
ao,ao
eh,r
ax,ax
bcl,bcl
d,t
w,m
aa,aa
t,tcl
d,t
ix,ax
z,z
aa,aa
q,q
y,iy
g,kcl
g,d
p,t
ix,ih
pcl,kcl
iy,iy
s,s
ae,ae
b,g
q,q
kcl,kcl
ow,ow
tcl,tcl
ae,ae
r,r
s,s
ix,ix
ch,t
ix,ix
iy,iy
oy,oy
iy,iy
r,r
kcl,kcl
ah,ah
ey,ey
k,k
tcl,g
m,n
dh,z
f,f
n,n
f,f
jh,jh
k,k
kcl,tcl
zh,sh
q,q
axr,axr
l,l
s,s
ae,ay
tcl,kcl
eh,eh
k,k
sh,sh
dh,t
dh,d
dh,dh
m,m
ao,aa
b,p
r,r
r,r
r,r
n,n
aa,aa
iy,iy
sh,sh
y,q
hh,hh
m,m
f,f
ch,sh
tcl,kcl
uh,uh
iy,ux
s,s
tcl,tcl
ay,ay
ix,ih
kcl,kcl
ih,ax
kcl,kcl
k,k
s,z
eh,eh
m,gcl
ix,ix
ux,ux
tcl,tcl
bcl,bcl
ay,ay
l,w
n,tcl
y,y
l,uw
s,s
w,w
ix,ix
ix,ix
t,t
y,y
dcl,tcl
q,q
k,k
p,dh
r,r
ch,s
bcl,bcl
ow,ow
eh,axr
ih,ey
l,r
ae,ae
gcl,gcl
y,iy
bcl,tcl
dcl,dcl
t,k
ao,aa
k,k
ay,ay
l,ax
nx,ix
iy,iy
s,s
ux,ux
r,r
iy,iy
gcl,gcl
s,s
s,s
l,ao
m,m
m,m
pcl,pcl
r,r
l,w
k,hh
r,r
ao,ao
ux,iy
ax,axr
r,r
pcl,tcl
dh,dh
ay,ay
r,r
t,t
g,kcl
dcl,dcl
kcl,kcl
l,iy
ae,ae
aa,aa
t,d
k,k
r,r
axr,axr
ey,ey
y,y
f,f
ax,ax
ux,ux
s,s
v,v
ih,ih
oy,oy
r,r
kcl,kcl
ux,axr
m,n
y,r
m,m
ax,ax
w,w
gcl,ng
iy,iy
tcl,pcl
ix,n
ux,ux
n,q
ih,ih
w,w
tcl,tcl
f,f
k,k
s,s
w,w
ah,ah
ix,ix
er,er
f,f
ao,ao
dcl,dcl
th,v
ng,ng
dcl,dcl
bcl,bcl
ae,ae
ax,w
dh,f
ax,w
l,ow
k,k
tcl,kcl
ix,ix
tcl,tcl
tcl,tcl
ao,ao
t,k
r,r
q,q
sh,p
l,ao
s,s
m,m
l,l
ax,ax
n,n
tcl,w
m,m
n,n
gcl,kcl
ah,ah
q,q
y,t
z,z
pcl,tcl
ih,ey
nx,n
ih,eh
l,l
dh,v
dh,m
kcl,kcl
ae,ae
k,k
sh,s
r,r
ih,ih
l,l
aa,axr
el,el
nx,n
d,d
aa,aa
ao,ao
iy,iy
dcl,tcl
ih,ix
ao,ow
ae,eh
uw,iy
ux,ix
r,r
n,n
bcl,m
l,ax
aa,aa
ih,iy
n,n
r,axr
m,m
pcl,tcl
pcl,kcl
ax,ax
ax,ix
l,w
kcl,kcl
dh,hv
ao,ao
r,r
iy,iy
aa,r
ay,ae
q,q
f,p
ix,uh
gcl,bcl
oy,ao
s,s
p,p
ix,ix
k,k
q,q
r,r
v,f
r,r
ix,ix
em,n
gcl,gcl
ow,ow
ao,ao
ae,ae
r,r
ix,ix
l,l
hh,hv
n,n
r,r
kcl,tcl
ey,iy
r,r
ay,ay
ih,ih
sh,sh
t,t
gcl,gcl
ah,ax
eh,ey
tcl,tcl
f,f
ax,ix
ix,ix
iy,ix
ey,ey
f,v
s,s
ae,ae
z,z
dcl,dcl
en,q
g,g
m,n
dcl,gcl
tcl,pcl
dx,n
m,m
tcl,q
w,w
aw,aa
ey,ey
ay,ay
p,p
ay,oy
ix,ix
f,f
k,k
ix,n
dcl,dcl
aa,ae
m,m
eh,iy
iy,iy
l,l
el,ng
z,z
ax,aa
ah,ax
aa,aa
hh,p
ix,ix
r,r
q,q
ix,ix
q,tcl
axr,r
ih,y
b,d
tcl,tcl
gcl,dcl
y,y
ah,uh
ux,ux
s,s
r,r
r,er
ng,gcl
el,el
dcl,dx
hh,q
ih,ih
sh,sh
sh,sh
s,s
kcl,kcl
q,q
iy,iy
bcl,bcl
l,l
r,r
ih,ih
w,w
er,axr
uh,axr
ix,ix
ix,ix
ae,ae
gcl,gcl
sh,sh
kcl,kcl
el,ao
bcl,pcl
tcl,kcl
gcl,gcl
s,s
pcl,bcl
f,f
v,hv
tcl,kcl
s,s
aa,aa
y,y
er,axr
sh,sh
er,er
t,t
axr,r
ix,ix
hv,axr
ix,ix
v,v
er,er
v,v
bcl,bcl
axr,r
jh,jh
l,l
f,f
n,n
em,w
k,k
kcl,kcl
n,axr
k,k
iy,iy
ih,iy
dx,dcl
t,k
bcl,gcl
l,w
w,w
k,k
tcl,kcl
r,r
r,r
ux,dx
r,r
s,s
r,r
dcl,dcl
r,r
dx,dx
dx,n
s,s
w,w
s,sh
n,n
k,k
k,k
q,w
r,r
d,p
dcl,g
w,w
iy,iy
n,ng
r,r
t,t
dx,gcl
n,n
t,d
ay,ay
n,n
t,t
iy,iy
ix,ix
ix,ix
dh,dh
w,w
pcl,tcl
ix,ih
w,w
iy,iy
ae,ae
pcl,kcl
r,r
tcl,tcl
q,q
y,y
l,l
z,jh
dx,dx
k,k
l,l
aa,aa
ix,ih
m,n
n,n
ay,ay
dh,v
l,l
iy,iy
gcl,gcl
d,g
l,w
w,w
ey,ey
y,y
ow,ow
ey,ey
bcl,pcl
er,axr
ux,ux
kcl,tcl
ng,gcl
el,ax
z,s
bcl,bcl
bcl,bcl
sh,sh
tcl,tcl
ux,r
jh,t
s,s
pcl,pcl
sh,sh
ao,axr
iy,iy
v,r
s,s
ih,iy
kcl,kcl
axr,axr
tcl,tcl
ah,ah
n,dcl
aa,aa
ix,ix
aa,ay
f,f
kcl,kcl
s,s
iy,iy
p,p
ax,ix
n,n
aa,aa
ax,ax
kcl,tcl
l,w
bcl,bcl
tcl,kcl
ey,ey
s,s
r,r
bcl,bcl
k,k
q,n
q,q
w,w
r,m
w,w
s,s
sh,sh
r,r
m,m
ay,ah
ey,ix
f,f
bcl,dcl
tcl,kcl
ih,ax
hh,p
r,r
eh,eh
iy,r
n,n
s,s
er,ih
w,w
kcl,kcl
f,p
ay,ay
tcl,kcl
ax,q
l,w
ah,ah
s,s
ao,ao
ix,ix
ax,ax
ah,ah
b,k
er,axr
ae,ae
sh,sh
t,t
r,r
eh,ih
n,n
aa,ao
dh,t
z,s
ey,ey
n,n
w,l
ih,ih
f,f
iy,iy
t,t
kcl,kcl
m,n
eh,eh
l,l
tcl,kcl
dcl,dcl
t,t
oy,oy
q,q
ih,ih
ix,ih
n,ng
el,el
ax,ax
ao,er
n,n
aa,aa
bcl,kcl
z,s
r,r
f,f
n,n
kcl,kcl
iy,iy
aa,aa
tcl,kcl
s,s
pcl,tcl
l,w
ae,ih
f,p
v,v
w,w
axr,axr
tcl,pcl
n,n
ao,oy
q,q
s,s
ix,ih
n,n
gcl,gcl
dcl,bcl
s,s
ix,iy
dcl,n
s,s
bcl,bcl
r,r
dcl,dcl
l,l
k,k
ax,ix
tcl,tcl
dx,dx
d,k
aa,aa
eh,eh
r,r
ih,ax
aw,oy
t,t
iy,iy
s,s
q,q
ae,ae
k,k
kcl,kcl
tcl,pcl
ax,ax
jh,jh
el,q
ng,ng
ng,ng
eh,eh
aa,ao
iy,iy
y,iy
dcl,dcl
v,p
axr,r
t,t
kcl,kcl
m,n
t,t
sh,sh
z,z
s,s
iy,iy
tcl,kcl
m,m
ih,iy
p,p
s,s
er,axr
s,s
dcl,n
ah,ay
s,s
sh,s
f,f
bcl,pcl
ch,jh
kcl,kcl
ih,ih
ae,ey
k,p
pcl,kcl
en,ng
ch,jh
g,g
ih,ih
ae,ae
gcl,kcl
s,s
f,f
ix,eh
n,n
ah,eh
w,w
ae,ey
gcl,kcl
ih,ih
ix,ax
sh,sh
sh,sh
ey,ey
ax,el
uh,ax
ow,el
r,r
n,m
ih,ih
ow,ay
ix,ix
r,ah
dh,n
ay,ay
ix,iy
k,k
aw,ae
dcl,tcl
tcl,tcl
dcl,kcl
gcl,dcl
iy,iy
tcl,tcl
ih,ih
m,n
m,m
g,p
ix,ax
eh,ih
ow,ah
dx,dcl
t,t
ow,ow
l,ax
pcl,bcl
k,k
f,f
el,ao
ih,ih
ax,ax
iy,iy
iy,iy
tcl,tcl
iy,iy
hv,hv
ay,ay
d,t
tcl,tcl
axr,er
r,r
ae,ae
dcl,kcl
r,r
b,p
k,k
iy,iy
l,ow
z,s
ao,aa
hh,hh
n,n
z,s
n,n
tcl,tcl
hh,tcl
dx,dcl
ah,ih
uw,uw
bcl,bcl
n,n
m,m
aa,ao
ix,ix
er,er
m,m
kcl,kcl
ax,ix
eh,eh
iy,iy
q,q
v,v
ay,ow
z,s
ah,ah
ay,ae
er,axr
q,q
eh,eh
r,r
sh,sh
ix,ix
ih,ih
ah,ah
dcl,dcl
ow,ao
ng,ng
tcl,tcl
m,n
tcl,tcl
dcl,tcl
ow,ow
el,aa
n,n
dh,dx
tcl,kcl
n,en
v,bcl
tcl,tcl
s,s
y,y
ow,ow
k,k
dcl,dcl
s,s
ey,oy
s,sh
l,ax
gcl,gcl
kcl,tcl
aa,aa
th,th
iy,iy
n,n
dcl,y
el,el
l,w
tcl,tcl
z,s
q,q
ix,ix
l,ao
s,s
n,m
hh,q
t,t
ix,ix
w,w
z,z
r,r
iy,iy
bcl,pcl
dh,kcl
uh,ix
iy,iy
ax,ix
y,y
w,w
iy,ey
q,q
ah,ay
iy,iy
ae,ae
eh,eh
ix,ih
dh,v
ah,ay
n,n
er,er
ey,ey
l,l
ey,ey
n,n
k,hv
k,kcl
th,dh
k,k
g,k
ix,ix
iy,iy
y,y
jh,jh
ae,ey
er,axr
ey,ey
kcl,kcl
tcl,dcl
iy,iy
tcl,tcl
s,s
iy,iy
pcl,pcl
n,n
r,r
hv,hv
ax,l
axr,axr
ow,ao
ax,ih
ih,ix
ay,ay
l,l
k,k
ah,eh
r,r
r,axr
eh,ah
ae,ae
r,r
dcl,dcl
l,p
m,m
ae,ih
nx,n
ux,ux
ae,ae
w,m
pcl,kcl
ow,ow
g,g
r,eh
dcl,dcl
r,r
ao,ao
iy,iy
n,n
gcl,dcl
ix,ix
dcl,tcl
hv,hv
w,w
ix,n
ix,n
ao,ao
ih,y
l,ow
w,w
dcl,dcl
er,axr
s,s
r,axr
ih,ih
tcl,tcl
ao,ao
bcl,bcl
m,m
ah,aa
dh,ix
eh,ih
gcl,tcl
ix,ix
axr,ix
kcl,p
bcl,pcl
k,k
kcl,kcl
hh,hh
ix,ix
f,f
t,t
eh,ae
y,y
axr,er
t,t
iy,iy
oy,oy
ax,ix
g,g
l,ax
ey,ey
n,n
p,p
pcl,pcl
sh,sh
ao,ao
s,s
ae,ae
r,aa
aa,ay
tcl,kcl
ng,m
ux,axr
f,f
ix,ih
kcl,kcl
ih,n
ah,aa
pcl,kcl
iy,ih
aa,aa
n,n
eh,eh
ih,uh
eh,ix
s,s
n,ix
ih,eh
ih,ih
ax,axr
s,s
ih,ih
ax,ax
ax,ax
ay,ay
n,en
l,l
t,t
g,g
r,ix
er,er
aa,ao
axr,axr
dcl,n
nx,nx
s,s
aa,aa
pcl,pcl
iy,iy
tcl,tcl
l,l
iy,ey
ux,uw
ax,ax
iy,iy
s,s
ae,ey
iy,iy
er,axr
ih,iy
r,r
kcl,kcl
q,q
ih,iy
axr,er
n,n
t,t
ah,ah
l,l
ux,ux
s,z
iy,iy
iy,iy
nx,n
t,f
ih,ih
z,z
gcl,gcl
z,s
ey,ey
ix,ix
axr,axr
iy,iy
t,d
s,s
q,q
f,f
ix,ix
tcl,tcl
ix,ix
hh,hh
k,k
dcl,dcl
kcl,kcl
m,m
m,m
w,w
s,s
z,s
n,n
t,t
q,m
r,r
ix,ix
z,z
t,t
hh,hh
ih,iy
t,ax-h
tcl,kcl
t,kcl
aa,ao
iy,iy
p,k
q,tcl
ao,w
hh,k
ih,ih
kcl,tcl
er,er
ae,ae
axr,ix
t,t
k,k
k,k
m,m
r,r
ax,l
er,axr
ay,aa
s,s
zh,s
ow,ow
tcl,tcl
m,m
ae,ae
jh,ch
iy,iy
axr,w
bcl,dcl
y,y
kcl,kcl
iy,ih
r,r
ao,ao
q,q
tcl,kcl
gcl,gcl
aa,aa
t,t
sh,sh
t,p
ih,ih
w,w
tcl,tcl
ay,ay
l,l
ey,ey
z,z
tcl,tcl
k,k
ay,aa
y,y
ih,ih
l,ax
f,f
y,y
ow,ow
p,p
s,s
axr,axr
ix,ix
ao,aa
er,axr
tcl,kcl
th,th
ix,ix
dcl,tcl
s,s
iy,iy
ax,ax
l,l
tcl,tcl
s,s
ix,iy
n,dx
ih,ix
ih,ih
m,m
iy,iy
t,t
tcl,kcl
sh,sh
dcl,dcl
s,s
pcl,tcl
y,y
el,ow
ix,ix
r,r
q,q
pcl,pcl
ey,uh
ax,ax
n,n
s,s
p,p
pcl,pcl
z,z
ng,ng
ix,ix
iy,iy
kcl,kcl
aa,aa
z,z
sh,sh
s,sh
ih,ih
y,y
w,w
eh,eh
el,axr
r,axr
ow,ow
kcl,pcl
ux,ux
aa,aa
ix,ix
uw,ux
r,r
ao,ao
er,axr
ux,ux
aa,ay
n,n
tcl,tcl
gcl,gcl
gcl,gcl
zh,jh
bcl,tcl
iy,ix
pcl,en
eng,n
n,n
dh,q
ux,ux
kcl,kcl
axr,axr
ao,ao
n,ng
ow,uw
axr,r
ih,ix
ae,ae
dcl,kcl
sh,sh
z,z
m,q
ow,ow
ao,aa
axr,axr
w,ax
k,k
aa,ao
ao,ao
l,l
ae,aa
t,t
m,m
ix,ix
l,el
tcl,tcl
l,m
ch,t
bcl,bcl
tcl,kcl
ah,eh
ng,axr
l,ax
q,q
ng,n
ih,ix
ih,ix
iy,ey
sh,sh
z,dcl
gcl,kcl
ax,ax
ao,ao
iy,iy
iy,iy
iy,iy
en,n
dcl,kcl
m,m
n,ng
w,w
z,s
z,z
ax,uh
ax,ao
iy,iy
pcl,bcl
ao,q
ix,iy
l,ix
ae,ae
m,m
ey,ey
axr,axr
iy,iy
ax,ax
y,y
l,l
ix,ix
pcl,kcl
ah,ow
tcl,kcl
ix,ix
l,l
aa,ay
bcl,bcl
pcl,kcl
iy,iy
dcl,dcl
l,aw
aa,aa
dx,dx
dx,dx
iy,iy
ao,ao
ax-h,ix
l,ow
ow,ow
s,s
bcl,pcl
ow,ah
axr,axr
axr,axr
tcl,kcl
l,l
gcl,bcl
s,s
ax,ix
n,n
gcl,gcl
l,l
f,f
s,s
s,z
er,er
axr,r
s,s
dx,n
ix,ix
n,n
ow,ow
ax-h,kcl
v,m
ah,ay
gcl,gcl
iy,iy
dcl,dcl
iy,iy
ey,ey
ix,ix
ix,ix
ah,ax
ao,ao
y,y
sh,sh
ih,ih
ix,dh
y,y
l,ax
v,m
r,r
axr,r
pcl,pcl
m,m
t,t
s,s
s,t
ih,ix
y,y
s,s
d,t
dcl,kcl
er,er
ch,jh
pcl,kcl
ey,iy
s,s
bcl,gcl
gcl,gcl
er,ux
dcl,dx
gcl,tcl
jh,ch
v,l
p,p
q,q
ae,ae
g,g
kcl,kcl
r,r
ae,ae
ah,eh
r,ix
ih,iy
eh,ix
dh,dh
hh,hv
p,p
ih,ih
ae,ae
ah,axr
z,s
kcl,kcl
l,l
t,t
ih,ih
dcl,dcl
bcl,r
ax-h,kcl
m,n
bcl,bcl
kcl,kcl
m,m
dh,z
ih,axr
s,s
dcl,dcl
iy,iy
s,s
pcl,tcl
pcl,pcl
tcl,dcl
iy,y
axr,axr
iy,iy
ey,ey
ix,ix
dh,dh
ix,ix
tcl,kcl
dh,dh
jh,jh
ix,ix
k,k
n,n
ih,ih
ax,ax
dh,n
zh,jh
l,l
axr,er
pcl,kcl
tcl,kcl
m,m
s,s
dcl,bcl
d,t
r,r
s,s
iy,iy
p,p
b,p
iy,ix
ix,ix
ah,eh
z,s
jh,ch
er,er
iy,iy
ix,eh
hh,hh
ae,ih
dh,dh
pcl,bcl
ay,ay
bcl,bcl
tcl,tcl
ix,ix
n,n
g,d
l,l
bcl,bcl
ey,ey
ih,iy
sh,sh
y,y
eh,ih
p,p
t,d
ao,ao
er,er
k,k
el,el
ih,ih
gcl,gcl
s,s
iy,iy
ux,ux
f,f
ix,ix
v,v
ih,axr
q,q
aa,aa
ax,l
l,l
ux,ux
n,n
ae,ae
s,s
gcl,tcl
w,w
s,t
r,r
er,er
sh,sh
dcl,dcl
ah,ah
pcl,kcl
ow,ow
axr,ix
axr,w
y,ix
r,v
k,k
ix,ix
dcl,dcl
ow,w
d,d
bcl,n
t,t
iy,ix
s,s
ao,r
k,k
iy,iy
ix,r
n,n
k,k
m,m
q,q
pcl,pcl
axr,er
n,n
n,n
ax,ax
el,ow
s,s
uh,ih
dcl,m
kcl,kcl
hh,hh
ng,ng
pcl,kcl
gcl,dcl
ix,ix
ix,ix
s,s
ae,ae
dcl,gcl
hh,p
q,ax
v,m
bcl,bcl
ix,ix
aa,ay
ey,ih
r,r
bcl,bcl
jh,ch
s,s
n,n
l,l
ae,ae
r,r
t,t
sh,sh
r,r
el,l
tcl,tcl
kcl,tcl
n,n
m,m
s,z
z,z
axr,r
axr,axr
ay,ay
kcl,kcl
kcl,tcl
m,m
ih,ix
r,r
ow,ng
er,axr
m,kcl
s,s
ih,ix
k,k
l,l
r,r
kcl,kcl
iy,iy
ax,n
n,n
r,iy
ow,l
ch,ch
s,s
r,ix
axr,axr
r,r
dcl,tcl
s,s
r,v
el,el
pcl,pcl
r,v
s,s
iy,iy
ih,iy
pcl,pcl
m,ng
eh,eh
ow,ow
p,p
ay,ay
n,n
t,p
l,w
v,v
iy,ix
tcl,kcl
ix,iy
pcl,pcl
ah,ah
q,ax
axr,er
g,dx
aa,uh
dx,dx
iy,iy
hv,hv
pcl,pcl
iy,iy
z,z
t,t
ax,ix
z,s
aa,aa
axr,axr
ng,ng
ey,ey
dx,y
tcl,tcl
ae,ae
hh,hh
p,p
ix,n
n,m
eh,eh
t,q
m,m
kcl,kcl
v,v
er,er
kcl,kcl
el,el
f,kcl
iy,ix
l,n
m,q
z,s
nx,nx
aa,aa
kcl,tcl
dcl,dcl
l,l
ih,ix
w,w
ah,ao
tcl,kcl
l,l
ix,eh
iy,iy
s,s
ah,ah
dcl,dcl
q,ix
z,z
w,w
k,k
dcl,tcl
ay,ay
ix,ix
kcl,kcl
w,w
ah,uh
eh,ih
ey,ey
bcl,m
q,q
ae,ae
l,iy
ow,aa
ch,sh
m,m
ae,ae
uw,axr
ay,ay
l,l
k,k
r,r
em,m
ae,ae
n,n
iy,ix
ng,n
g,k
gcl,dcl
ao,ao
l,l
axr,axr
en,m
ih,ih
ey,ey
z,s
z,z
z,z
p,p
ay,ay
f,f
aa,aa
n,n
axr,axr
p,p
tcl,kcl
r,r
dcl,tcl
ax,ix
axr,w
tcl,tcl
ow,ow
dcl,bcl
eh,ix
ng,ng
ow,ow
t,t
s,s
n,n
iy,iy
ih,ih
sh,sh
k,k
gcl,gcl
ae,ae
ao,ow
tcl,tcl
tcl,tcl
ax,n
ng,ng
ng,ng
iy,iy
iy,iy
tcl,kcl
k,k
z,s
axr,er
l,l
ae,ae
y,y
axr,axr
q,q
ey,ey
m,m
s,s
ih,ux
sh,sh
p,d
kcl,tcl
s,s
s,hh
ay,ay
l,w
ix,ix
ao,ao
eh,ae
n,ng
iy,iy
axr,axr
r,r
dh,v
ax-h,q
n,q
ow,ow
ow,ow
hv,hv
ix,ix
l,l
uw,uw
eh,ay
kcl,kcl
ay,ay
w,m
s,s
s,s
ax,ax
ux,iy
ah,aa
l,w
ah,aa
l,l
ax,w
eh,ih
l,l
sh,sh
iy,iy
tcl,tcl
s,s
ix,ix
ay,ay
axr,axr
n,n
w,w
n,n
q,q
ao,ao
d,t
axr,tcl
aa,aa
aa,aa
tcl,kcl
z,z
ih,iy
eh,eh
ey,iy
ch,t
gcl,kcl
n,n
gcl,v
ix,ix
w,w
ux,ux
z,s
th,th
ax,ax
n,ix
s,s
d,d
ao,ao
n,n
ix,ix
r,r
tcl,kcl
sh,sh
iy,iy
ux,ix
ow,ow
er,axr
kcl,kcl
dh,l
r,r
r,r
eh,eh
ah,ax
ix,ix
eh,eh
m,m
p,p
uw,uw
w,w
t,t
l,l
n,n
v,m
w,w
uh,ix
kcl,kcl
eh,eh
s,s
aa,ao
p,p
ch,t
n,ng
iy,iy
axr,ix
dcl,dcl
pcl,bcl
k,k
ao,ao
tcl,kcl
m,r
el,ow
ax,ah
ix,ix
r,r
t,t
s,s
p,p
g,g
uh,uh
l,l
ix,ix
n,n
ax,ix
ih,ih
v,v
ax,ax
ae,ae
dcl,tcl
k,k
z,s
axr,axr
ix,ih
nx,dx
uh,uh
tcl,tcl
n,m
ao,ao
s,s
z,s
l,dh
gcl,tcl
q,q
ao,w
r,r
p,n
ih,ix
dcl,dcl
er,er
ix,ix
v,ax
k,k
t,t
l,l
ah,ax
z,z
l,ao
eh,ih
dcl,dcl
l,l
ix,ix
k,k
ao,ao
l,ix
iy,iy
s,s
tcl,kcl
ah,ah
l,l
l,l
ax-h,q
bcl,bcl
r,r
ao,ao
n,n
z,s
eh,er
bcl,bcl
l,l
z,z
gcl,gcl
d,g
m,m
dcl,gcl
k,d
p,p
er,axr
ah,ix
ih,iy
iy,iy
eh,eh
dx,dx
s,s
kcl,kcl
v,v
ay,aa
l,l
kcl,kcl
iy,iy
gcl,pcl
r,r
ix,ix
dcl,dcl
n,n
l,ax
eh,eh
kcl,tcl
kcl,tcl
ix,iy
v,v
ax,ao
bcl,bcl
r,r
l,w
w,w
m,m
s,s
s,s
t,k
ax,ix
tcl,tcl
th,th
ow,aa
pcl,kcl
ix,iy
axr,n
dh,l
ux,ux
ch,ch
dcl,dcl
tcl,tcl
n,m
aa,aa
ix,eh
ih,ae
bcl,bcl
eh,eh
ih,iy
r,r
n,n
ey,eh
r,r
ah,eh
axr,axr
g,kcl
ey,ay
axr,er
y,y
s,s
bcl,kcl
s,s
ao,ao
r,r
ax,l
ah,ah
m,ng
w,w
ae,eh
m,m
r,r
aa,aa
dx,dx
iy,iy
t,k
ax,ax
ae,ae
ae,ae
w,bcl
ix,ix
ae,ae
hh,hh
ix,y
pcl,kcl
tcl,tcl
l,l
tcl,tcl
ih,ix
tcl,axr
t,kcl
axr,axr
l,l
r,r
ih,ih
gcl,bcl
t,t
ow,ow
t,d
r,r
k,k
n,n
er,er
er,axr
ax-h,ix
r,w
t,t
t,t
dcl,dcl
ah,ah
ux,ux
kcl,k
n,n
dx,dx
s,s
nx,n
axr,axr
dcl,dcl
ix,ih
l,uw
dcl,v
ah,ah
dx,dcl
tcl,kcl
q,q
ng,n
t,t
eh,ix
r,nx
ao,ao
dh,d
t,k
ah,ao
t,t
ao,ao
aa,aa
q,n
f,f
r,r
m,tcl
ae,ae
gcl,dcl
eh,eh
s,s
iy,iy
k,k
dh,d
eh,eh
er,axr
ao,ao
ow,ow
kcl,kcl
gcl,gcl
ae,ae
w,w
ih,iy
n,n
w,w
hv,hv
ih,iy
ey,ey
kcl,kcl
n,n
ah,ao
n,n
iy,iy
s,s
aa,aa
l,w
p,p
iy,iy
r,r
ix,iy
iy,iy
gcl,dx
eh,eh
gcl,kcl
dcl,bcl
ao,ao
s,s
z,z
f,f
tcl,tcl
aa,aa
t,t
ix,ax
q,q
s,sh
q,q
r,r
ay,ay
m,m
n,n
ah,ix
hv,hv
ax,ix
m,m
eh,ae
k,g
axr,axr
t,t
axr,r
r,r
kcl,kcl
z,z
s,s
r,r
r,r
aw,ow
iy,iy
r,r
dx,ix
ey,ey
dx,dx
l,l
q,axr
s,s
ah,ax
aa,aa
tcl,kcl
axr,r
tcl,pcl
kcl,kcl
p,p
m,m
dx,dx
l,ax
ah,ah
g,k
ix,ax
jh,jh
sh,sh
m,m
ey,ey
n,n
eh,ah
k,k
aa,axr
ay,ay
iy,iy
ah,eh
pcl,kcl
axr,er
bcl,dcl
el,ow
kcl,kcl
iy,iy
ay,ay
aw,aw
iy,iy
l,w
r,r
ih,ix
g,k
l,w
z,z
ih,ih
ix,ix
en,ix
ix,ih
r,r
ix,ix
s,s
tcl,kcl
n,n
ae,q
uw,uw
uw,uw
ix,ih
aa,ao
tcl,tcl
s,s
t,t
ix,ih
n,n
ix,er
n,m
r,r
ao,ao
w,w
er,er
p,p
dh,m
iy,iy
ah,aa
z,z
ow,ow
n,n
sh,sh
l,l
v,pcl
t,t
ih,ih
r,r
uh,el
hh,hh
w,w
s,z
ae,eh
eh,eh
w,w
n,n
hv,hv
s,s
ey,ey
tcl,tcl
n,n
sh,sh
q,q
s,s
dcl,bcl
t,tcl
s,s
ay,ay
eh,eh
er,er
el,w
m,m
iy,iy
ih,ih
ah,q
ix,ix
p,p
ix,ix
n,n
z,z
iy,iy
ix,ix
ix,axr
iy,iy
v,dh
r,r
ey,hv
oy,oy
ay,ay
t,t
eh,eh
ay,ay
k,k
f,p
ax,ix
aw,aw
k,k
w,w
ix,ih
ae,ae
p,t
tcl,dx
s,t
l,l
ax,ix
s,s
g,g
ax,ax
f,f
k,jh
k,p
n,ng
ao,ao
dcl,dcl
ow,ow
n,n
ey,ih
bcl,gcl
aa,aa
dcl,dcl
l,l
ey,ey
ay,ay
dx,dx
p,t
ng,ng
m,m
eh,axr
ng,ng
dh,v
ah,ix
kcl,kcl
s,s
n,m
gcl,dcl
d,t
v,v
bcl,bcl
eh,ay
b,p
oy,aa
ix,r
pcl,tcl
ix,ix
r,axr
l,l
ix,ix
sh,sh
gcl,kcl
tcl,tcl
s,s
t,t
hh,k
iy,iy
l,q
ey,ey
tcl,kcl
ix,ix
ay,ay
ix,ax
f,f
kcl,kcl
k,k
tcl,tcl
w,w
iy,iy
r,r
eh,ah
ae,ae
r,w
f,f
s,s
tcl,q
ng,ng
r,r
n,ng
ux,ux
w,q
axr,axr
axr,axr
ow,ow
en,d
ae,ey
t,jh
pcl,kcl
t,t
s,s
d,g
m,m
ae,ae
kcl,kcl
kcl,kcl
ih,ih
q,q
sh,sh
s,s
w,w
iy,r
uw,w
r,r
el,ao
sh,sh
w,w
l,r
bcl,dcl
l,w
m,m
s,s
kcl,kcl
ix,ix
bcl,gcl
ax,ax
ax,ah
tcl,kcl
d,k
dcl,dcl
eh,ih
w,w
ih,ix
aa,aa
v,v
m,m
w,m
kcl,kcl
ih,ih
l,l
axr,axr
dx,dx
hh,hh
f,f
l,l
tcl,tcl
pcl,pcl
k,k
g,p
t,t
ng,n
ey,ih
dcl,gcl
iy,iy
tcl,tcl
aa,aa
f,f
s,s
ao,ow
s,s
hh,hh
ux,ux
dcl,bcl
iy,iy
w,w
iy,iy
ah,eh
ih,ih
eh,eh
eh,ey
bcl,dcl
s,s
f,f
ey,ey
n,n
ix,ix
axr,axr
sh,sh
ix,ix
k,k
dh,dh
axr,axr
iy,iy
dh,dh
nx,n
r,r
r,r
ae,ae
gcl,gcl
hv,hh
tcl,q
f,f
ay,ay
ih,iy
en,n
er,er
axr,axr
z,z
eh,ow
iy,iy
sh,sh
kcl,kcl
ae,ae
el,el
jh,jh
iy,iy
q,q
ay,ay
ix,ix
kcl,kcl
s,s
el,q
eh,aa
tcl,dcl
eh,ix
ix,ix
iy,iy
ae,ey
p,p
z,z
w,ao
iy,iy
r,r
ah,ah
ux,ix
sh,sh
er,r
ae,ae
dcl,kcl
kcl,kcl
f,f
ey,ey
ch,sh
l,l
r,r
iy,iy
l,l
eh,eh
eh,ay
bcl,kcl
l,l
ax,ax
w,w
ae,ay
ix,ey
tcl,tcl
ix,ix
v,m
ih,ih
l,l
k,k
hh,hh
n,n
t,t
ey,ey
dcl,dcl
k,k
ix,q
ow,ow
en,v
k,k
iy,iy
ix,ix
r,r
ao,aa
ix,ix
dcl,bcl
v,v
f,f
ix,ax
ih,iy
gcl,kcl
l,ax
iy,iy
gcl,bcl
ux,ih
axr,r
m,m
t,ch
f,f
tcl,f
v,m
ow,l
ay,ay
gcl,n
axr,axr
ux,ux
m,n
dh,m
pcl,pcl
r,r
kcl,kcl
ey,ey
pcl,kcl
v,g
eh,ix
f,f
l,l
s,s
z,z
s,s
r,r
ay,ay
uh,ao
ix,ix
tcl,pcl
ix,ax
t,t
f,f
em,n
f,f
ix,ix
s,s
l,n
z,z
r,r
w,w
kcl,kcl
ux,ux
g,g
ix,ix
w,w
ux,uw
n,n
ih,ix
ow,ao
k,kcl
n,n
m,n
y,iy
ae,eh
r,ix
ao,ao
ux,ux
hh,hh
er,er
hh,hh
g,dx
ax,ax
ae,ae
kcl,kcl
ao,ao
r,r
r,r
pcl,bcl
ix,ix
kcl,kcl
iy,ey
pcl,pcl
l,l
z,z
el,ah
pcl,tcl
dh,tcl
ay,ay
p,p
g,g
ax,z
dh,v
ao,ao
iy,ih
dcl,dcl
l,ow
ow,ow
m,n
tcl,q
k,k
s,s
ix,ix
s,s
aa,aa
l,uw
k,g
ih,ih
r,r
kcl,kcl
z,s
s,s
y,y
s,s
aa,aa
p,p
ih,ix
gcl,dcl
kcl,tcl
v,pcl
dx,r
ao,ao
sh,sh
pcl,m
s,s
uh,ih
q,ax
iy,iy
tcl,v
gcl,gcl
ch,ch
iy,ix
ah,eh
tcl,tcl
t,t
axr,r
p,p
z,z
ch,ch
l,l
l,l
k,k
aa,aa
y,ux
q,q
dcl,dcl
t,t
f,f
iy,n
ix,ih
l,l
n,n
eh,ey
l,l
w,w
ow,ow
k,k
s,s
n,n
ay,ay
pcl,t
eh,ix
aa,r
ix,ix
ao,aa
dh,dh
er,er
ax,ax
r,r
n,ng
w,ng
l,l
tcl,pcl
z,s
ey,ey
iy,iy
w,n
ao,aa
tcl,dcl
eh,eh
ah,ow
r,axr
ax,axr
aa,aa
v,n
tcl,tcl
n,dx
uh,ix
s,s
ix,n
aa,aa
ax,w
aa,aa
l,l
er,er
t,t
bcl,bcl
z,s
q,q
aa,ay
n,n
nx,n
ih,ih
dx,ix
v,r
ow,uw
q,q
l,ax
ao,ao
ng,n
k,k
q,q
l,ao
ow,ow
ae,ae
dcl,tcl
q,q
p,p
aa,ao
ax,ax
ae,ae
s,s
n,n
bcl,bcl
ux,ux
l,l
kcl,kcl
hv,hv
uh,uh
ay,ay
q,q
ih,ih
dx,dx
sh,sh
dcl,dcl
q,q
ae,ae
iy,iy
ae,ae
ah,ah
ae,ae
iy,iy
s,s
r,r
ah,aa
v,tcl
ix,iy
m,m
l,l
kcl,p
aa,ao
k,k
n,m
r,r
r,r
gcl,kcl
iy,iy
eh,eh
k,k
ih,ix
r,r
th,th
ix,ix
nx,n
n,n
n,n
n,n
ih,iy
dcl,dcl
pcl,tcl
er,er
tcl,tcl
kcl,kcl
ow,oy
s,s
q,q
ih,ix
n,m
pcl,tcl
t,t
m,m
t,d
d,d
pcl,tcl
tcl,pcl
tcl,tcl
ih,ux
m,m
eh,eh
k,k
v,m
eh,eh
ix,ix
n,ix
eh,iy
iy,iy
v,tcl
ch,ch
q,q
iy,iy
t,t
ae,ae
ix,ix
k,k
el,q
r,r
r,r
bcl,kcl
k,k
ax,ax
p,hv
q,q
bcl,bcl
ay,ay
q,q
b,q
ey,ey
l,l
bcl,ng
gcl,gcl
dx,dx
ih,iy
k,k
hh,hh
en,ix
ah,ay
z,z
hh,hv
ax,ax
gcl,r
th,th
k,p
ix,ix
ae,ae
v,v
iy,ey
bcl,bcl
aa,ah
w,y
hh,k
jh,t
k,k
t,t
p,p
ih,ih
ax,ix
ih,ix
n,n
m,m
ix,ix
n,n
iy,iy
t,t
ax,ax
s,s
k,k
n,ix
er,eh
z,z
k,k
kcl,kcl
l,q
ae,ay
tcl,kcl
g,g
s,s
ow,r
g,k
l,l
z,s
ih,ix
ey,ey
kcl,kcl
l,l
w,w
q,q
f,f
ih,ey
n,en
aa,ao
ih,ih
bcl,tcl
l,l
r,r
kcl,kcl
jh,jh
w,w
n,n
s,s
ix,ix
m,m
hh,hv
ng,ng
th,th
axr,axr
sh,sh
ow,ao
ae,ae
q,q
eh,ae
ae,ae
ih,ih
ix,ix
ow,ow
kcl,kcl
l,dh
tcl,tcl
ow,ow
ix,ix
axr,ix
l,l
tcl,t
ey,ey
r,r
ay,ay
s,s
ao,ao
f,p
bcl,bcl
l,l
ay,ay
f,f
kcl,gcl
f,f
bcl,bcl
l,ow
ix,ix
aa,aa
ae,ae
s,s
iy,iy
aw,aw
f,f
ux,ux
t,k
ey,ey
eh,ih
n,m
ae,eh
iy,iy
ax,ax
ix,iy
k,k
ao,ao
aw,aa
bcl,tcl
ix,iy
jh,jh
iy,iy
iy,iy
l,l
ey,ey
pcl,pcl
tcl,tcl
y,y
eh,eh
r,r
ix,iy
iy,iy
l,l
k,k
s,z
hh,k
ax,q
f,tcl
ae,ay
s,s
iy,iy
r,r
ao,ao
w,w
z,s
dx,dx
tcl,q
el,l
n,n
ih,ih
ix,ix
dcl,bcl
iy,iy
ix,n
w,w
kcl,kcl
s,s
iy,iy
ey,ey
bcl,tcl
ax,ax
y,y
m,ng
w,w
y,iy
dcl,gcl
iy,iy
ay,ay
n,n
iy,iy
m,n
dcl,dcl
dcl,dcl
aw,q
ix,ix
ux,ux
ax,ix
ix,q
gcl,y
ix,jh
l,l
tcl,tcl
ae,ay
s,s
gcl,n
ao,aa
iy,iy
k,k
w,w
t,t
t,t
dx,dx
ux,iy
n,n
el,l
s,s
k,k
pcl,kcl
ow,ow
v,f
k,k
pcl,pcl
hv,hv
aa,ao
sh,sh
z,z
iy,iy
ax,dx
el,uw
pcl,pcl
ng,ng
dcl,dcl
kcl,kcl
iy,ix
iy,iy
s,s
kcl,kcl
dh,n
ux,iy
sh,sh
ux,ix
ix,ax
l,l
z,z
z,s
oy,oy
aw,ae
q,q
p,hh
eh,eh
r,r
s,s
p,k
s,z
k,k
pcl,pcl
en,n
axr,axr
l,ax
ux,ux
kcl,kcl
t,k
iy,iy
n,q
n,n
iy,y
w,w
iy,iy
ao,ao
s,s
uh,uh
tcl,kcl
m,iy
ng,ng
dcl,gcl
uh,w
ih,iy
dcl,dcl
dx,dx
kcl,kcl
er,er
ng,n
ax,ix
dcl,dcl
eh,ix
dx,dx
k,k
nx,w
l,l
r,r
r,r
iy,iy
r,r
ax,uh
hv,hv
dcl,tcl
sh,sh
ax,en
n,n
eh,r
bcl,bcl
z,s
s,s
ao,axr
ax,ix
f,p
w,w
ax,ax
nx,n
bcl,bcl
f,f
r,r
el,ax
eh,r
n,n
sh,sh
aa,aa
pcl,pcl
ix,dx
tcl,n
l,ao
ih,ih
kcl,gcl
t,jh
ax,ax
ix,ix
m,ng
sh,sh
r,r
dcl,dcl
ey,ey
ix,ax
dcl,dcl
ae,aa
r,r
ax,ix
ix,ax
iy,iy
n,n
dh,v
w,w
r,r
n,n
tcl,kcl
ow,ow
zh,zh
q,q
dh,dh
tcl,tcl
r,r
l,l
gcl,gcl
axr,axr
tcl,pcl
er,axr
dcl,dcl
gcl,pcl
ay,ay
p,hh
dh,dx
iy,ih
hh,hh
l,l
aa,ah
sh,sh
er,er
ae,ae
m,m
gcl,bcl
ey,ey
tcl,pcl
p,k
ix,iy
ao,ao
f,f
v,z
k,k
iy,iy
ng,uw
tcl,tcl
axr,axr
t,t
s,s
ux,r
tcl,tcl
sh,sh
ih,ux
q,q
w,w
er,axr
z,s
iy,iy
q,q
axr,aa
ih,ey
ay,aa
ix,ix
kcl,kcl
m,m
t,tcl
ow,ow
l,m
el,el
s,s
ix,ix
s,s
dcl,dcl
eh,axr
m,n
dcl,kcl
iy,iy
er,er
tcl,pcl
ay,ay
dcl,n
axr,er
s,s
aa,aa
ih,hv
dcl,dcl
dcl,bcl
ch,jh
iy,iy
tcl,kcl
sh,sh
l,l
ih,ih
iy,ix
iy,iy
f,f
ax,l
axr,axr
g,k
tcl,pcl
f,f
z,z
ix,ix
aa,aa
t,t
ay,ay
kcl,kcl
ch,ch
th,th
g,g
ay,ay
y,y
w,w
s,s
ix,ix
tcl,tcl
z,s
ih,ix
tcl,kcl
iy,iy
gcl,gcl
iy,ey
z,s
iy,iy
er,ih
ay,ay
n,n
iy,iy
ax,ax
ih,ih
l,l
ih,uh
l,l
el,l
ae,ae
ix,ix
kcl,kcl
z,s
ow,ow
t,p
axr,axr
m,ng
l,l
tcl,kcl
ae,ae
sh,f
q,q
hv,y
pcl,kcl
er,r
eh,eh
kcl,kcl
sh,sh
r,r
dcl,dcl
iy,iy
sh,sh
pcl,tcl
z,sh
t,t
tcl,tcl
b,p
aw,aw
dcl,dcl
g,g
l,l
sh,sh
y,iy
ng,ng
ae,ay
hv,p
s,s
kcl,kcl
f,f
ih,iy
l,ix
ix,ix
g,g
m,n
z,s
tcl,tcl
d,p
ax,ix
aa,ae
axr,axr
tcl,tcl
iy,iy
k,g
ah,ah
l,w
ah,ax
r,r
ih,ix
pcl,kcl
dh,kcl
ax,nx
ae,ae
jh,jh
ih,ih
sh,sh
ow,ow
zh,zh
z,z
dcl,tcl
ae,eh
iy,hv
iy,iy
ao,ao
n,n
ao,ao
ix,q
p,t
ux,ux
sh,sh
q,q
t,tcl
ix,ix
ux,uw
ix,ix
tcl,tcl
ao,ow
tcl,tcl
r,v
k,k
ay,ay
kcl,kcl
q,p
aa,aa
sh,sh
ax,ix
ax,ix
w,w
pcl,kcl
r,r
eh,eh
en,en
s,s
tcl,tcl
ey,iy
iy,iy
s,s
t,t
r,axr
dcl,dcl
r,axr
er,axr
ix,ix
r,w
kcl,kcl
dcl,m
iy,iy
dcl,gcl
q,q
ae,ae
n,ng
ix,axr
ax,ax
dcl,tcl
ih,iy
uw,uw
axr,axr
f,hh
n,m
r,r
ae,ae
aa,ao
iy,iy
r,r
m,m
tcl,kcl
y,iy
s,s
th,s
dcl,dcl
s,s
jh,jh
tcl,tcl
axr,axr
r,r
ih,ix
w,w
ix,ux
ix,ix
kcl,kcl
dx,ix
q,q
dcl,dcl
axr,ix
f,f
ih,ix
ae,ae
ax,ax
eh,eh
hv,y
r,ih
ax,ax
th,q
ay,ay
pcl,pcl
sh,sh
axr,axr
g,t
ao,ao
ao,aa
t,k
k,k
axr,axr
aw,ay
t,t
bcl,bcl
ae,ae
sh,sh
n,n
s,s
q,tcl
w,w
w,w
aa,aa
er,er
tcl,tcl
l,w
p,p
y,y
ay,ay
iy,iy
axr,er
ix,ax
aw,aw
q,q
ae,eh
iy,iy
m,m
jh,ch
l,l
ah,axr
ng,ng
m,m
t,t
ng,ng
s,s
ay,ay
d,tcl
ey,ey
ae,ey
ix,ix
s,s
r,r
dh,dh
ch,ch
f,f
ey,ey
t,t
ux,ux
z,s
ih,ix
aa,aa
b,tcl
r,r
ay,ay
r,p
s,s
iy,iy
k,k
m,m
s,z
tcl,dcl
q,q
ay,iy
ix,ix
m,n
r,r
dcl,tcl
ax-h,ix
g,g
ax,ax
er,er
iy,iy
q,q
ix,ix
ay,ay
er,ao
ax,ix
ah,ax
kcl,kcl
ng,gcl
f,f
axr,ae
sh,sh
r,r
ah,ah
n,ix
ih,hv
axr,axr
sh,sh
d,t
t,t
ix,ix
kcl,tcl
tcl,tcl
l,q
ax,ax
t,t
hv,hv
f,f
er,eh
ae,eh
bcl,bcl
el,el
ey,ey
iy,iy
ow,er
eh,ey
oy,oy
dcl,dcl
uw,uw
axr,axr
w,w
iy,iy
p,p
kcl,kcl
w,w
s,s
m,n
g,g
axr,axr
ey,ey
ih,eh
iy,iy
ax,ix
jh,jh
er,axr
oy,oy
ix,ix
l,l
r,r
oy,oy
m,m
r,ax
ax,ix
m,m
n,n
ax,ah
kcl,kcl
s,s
ux,ux
s,s
t,d
ih,ih
ae,ey
ix,r
z,s
s,s
s,s
s,s
kcl,kcl
ix,ix
l,l
l,l
kcl,kcl
ay,ay
dcl,dcl
hv,hv
axr,axr
b,p
q,q
k,k
hv,q
ih,ih
n,ax
aa,aa
y,y
t,jh
jh,jh
n,n
ih,ih
eh,ix
z,sh
eh,ih
ae,ae
m,n
p,p
r,dx
kcl,kcl
ix,ux
dcl,gcl
y,y
kcl,kcl
dh,n
m,m
ng,m
iy,iy
t,t
jh,jh
iy,iy
axr,axr
ux,ux
oy,ay
tcl,tcl
aa,aa
n,ng
dh,dh
ih,ih
f,f
aa,aa
aa,aa
ix,ix
p,p
w,w
n,n
ah,ow
ay,ay
pcl,pcl
ix,ix
z,s
axr,er
ih,ih
g,g
dh,dh
s,s
tcl,pcl
f,f
l,l
k,k
r,r
m,uw
f,f
ch,s
k,k
p,p
iy,r
n,n
r,r
m,n
ih,ey
ey,ey
sh,sh
s,s
iy,iy
iy,iy
v,bcl
ih,iy
w,w
ay,ay
l,l
q,q
dx,dx
pcl,kcl
tcl,pcl
ae,ae
q,q
q,q
ix,r
s,s
n,ng
ow,eh
r,r
q,q
v,m
w,w
gcl,ng
t,t
m,n
t,t
ix,ix
th,f
iy,iy
el,l
f,f
jh,ch
ix,r
s,sh
dcl,dx
eh,axr
kcl,kcl
dcl,n
v,iy
z,s
n,n
w,ao
ih,ix
sh,sh
ax,ax
s,s
gcl,dcl
n,en
axr,axr
ae,ae
ah,ah
r,r
ix,ix
r,r
k,k
aa,ao
q,q
tcl,tcl
sh,s
eh,eh
aa,r
y,iy
n,n
bcl,gcl
hh,k
ah,eh
tcl,tcl
l,l
z,z
ae,ih
tcl,tcl
eh,eh
r,r
th,f
ih,ih
ih,ih
r,axr
r,r
n,n
q,axr
p,p
axr,er
k,k
z,z
dcl,tcl
f,f
hh,hh
kcl,tcl
ao,ao
s,s
el,ng
n,n
iy,ux
bcl,bcl
z,z
ao,ao
n,m
ay,ay
m,n
dcl,tcl
hv,hv
r,r
m,n
q,q
ah,r
gcl,ng
q,q
tcl,kcl
ix,ix
ah,ax
f,f
l,r
s,s
uw,uw
ih,ix
iy,iy
ax,ax
ih,ix
k,k
gcl,gcl
axr,hv
kcl,kcl
kcl,pcl
eh,ey
ax,ax
g,g
ay,ay
axr,axr
v,v
kcl,pcl
ae,ae
k,k
tcl,kcl
aw,ae
pcl,tcl
ah,aa
r,r
pcl,pcl
kcl,kcl
r,r
iy,iy
dx,dx
t,t
sh,sh
r,r
r,er
ix,ix
n,m
ix,ix
r,r
v,v
ih,ix
tcl,kcl
bcl,bcl
er,axr
y,y
tcl,tcl
ix,ix
iy,iy
gcl,gcl
aw,aa
axr,axr
q,ix
ix,iy
iy,iy
s,s
ix,r
ax,r
hh,k
s,s
g,k
r,r
ix,iy
k,k
aa,ae
p,t
sh,sh
iy,iy
hv,hv
aa,ow
kcl,tcl
s,s
w,w
k,k
t,t
s,s
ae,ay
n,n
ih,ix
ax,ax
pcl,kcl
bcl,bcl
ix,gcl
gcl,dcl
ae,ae
axr,er
ao,ao
p,k
er,er
t,d
s,s
ey,ay
ae,ae
sh,sh
ae,eh
kcl,tcl
l,w
iy,iy
z,s
jh,jh
ix,ix
dh,n
ae,ae
gcl,tcl
z,z
aa,ao
axr,axr
iy,iy
w,w
s,s
axr,r
iy,iy
s,sh
aa,ao
ae,ae
m,m
ih,ix
ax-h,p
dh,dh
t,t
iy,iy
g,kcl
z,s
s,s
en,n
axr,axr
nx,m
l,l
ux,ux
t,s
ix,ix
dcl,dcl
l,l
ux,ux
pcl,tcl
ey,ey
axr,r
ix,ix
z,z
ih,iy
ow,ow
iy,iy
dcl,gcl
sh,sh
ow,ow
sh,sh
dh,dh
dh,z
nx,ix
q,q
t,k
ax,q
t,t
pcl,pcl
hv,kcl
ao,r
hv,hv
eh,er
ix,ix
iy,iy
ux,ux
ae,ae
kcl,kcl
l,l
z,z
q,q
ix,ix
ux,iy
ow,ow
iy,iy
g,k
k,k
p,p
hh,pcl
s,s
r,er
iy,iy
ah,eh
n,n
ow,ow
q,q
s,s
z,s
gcl,dcl
aa,aa
n,n
w,w
ax,ax
tcl,pcl
f,f
dcl,dcl
dh,dh
l,l
ix,iy
v,v
s,s
sh,ch
f,f
dh,z
ao,ow
ao,ao
s,s
p,p
ow,el
ix,ix
n,n
ih,ix
aa,aa
ax,ax
kcl,kcl
er,axr
aa,er
ao,ao
ae,ay
tcl,tcl
v,ix
jh,ch
axr,er
ae,ae
tcl,tcl
y,iy
tcl,tcl
tcl,kcl
l,l
k,k
f,f
k,k
iy,iy
l,l
r,ix
s,s
q,ax
ih,y
jh,jh
dh,bcl
dcl,tcl
z,z
tcl,tcl
ay,ay
nx,n
k,k
kcl,kcl
m,n
z,s
z,s
el,el
aa,aa
m,m
w,w
l,l
oy,oy
ao,ao
t,t
iy,iy
sh,sh
r,r
k,k
s,z
w,w
s,s
sh,sh
gcl,g
r,axr
s,s
tcl,gcl
z,z
dh,ax
ae,eh
s,s
dh,q
n,n
d,d
w,w
aa,aa
jh,jh
y,y
n,n
n,m
dcl,dcl
n,n
eh,eh
ae,ae
t,t
t,d
r,r
g,g
ae,ae
r,er
n,n
dh,q
pcl,kcl
ch,ch
ng,ng
ae,ae
iy,iy
y,y
kcl,kcl
uw,uw
ah,ix
k,k
n,n
eh,eh
aa,ao
nx,n
q,ix
ux,ux
aa,ao
m,m
er,axr
r,r
t,k
ao,ao
bcl,tcl
f,f
el,ao
hv,hv
k,g
bcl,tcl
ng,ng
en,n
jh,jh
t,ch
ih,ix
w,w
aa,ao
gcl,gcl
s,s
s,s
n,n
s,s
aa,aa
ch,ch
ae,eh
iy,iy
r,axr
ah,ah
hv,hv
ah,ah
pcl,tcl
m,m
kcl,kcl
s,s
ux,iy
b,q
kcl,kcl
ay,ay
iy,iy
hh,hh
ix,ax
ao,aa
ey,iy
q,q
iy,iy
ax,l
iy,iy
dcl,dcl
b,kcl
er,axr
w,w
axr,ix
l,l
ao,ao
r,r
z,s
uw,ux
s,ch
p,p
ae,ae
r,r
gcl,gcl
f,th
axr,axr
r,r
s,s
ix,ix
ay,ay
n,n
l,ax
n,m
kcl,kcl
n,n
dcl,tcl
ae,ae
r,r
k,k
eh,ae
ow,ow
iy,iy
p,p
hh,hh
ay,ay
uh,ix
ax,ax
s,s
ix,ix
ao,ao
el,ao
pcl,pcl
th,f
tcl,kcl
r,r
kcl,kcl
pcl,pcl
n,n
oy,oy
tcl,tcl
q,q
eh,ah
m,n
d,jh
ix,ix
d,t
eh,ah
hh,z
k,k
ix,r
ax,ax
z,s
dcl,dcl
kcl,kcl
n,n
el,ow
k,k
dcl,kcl
q,q
y,y
axr,r
dcl,bcl
ae,ae
ax,ax
ix,ax
f,f
ay,ay
tcl,kcl
n,n
tcl,kcl
z,z
jh,jh
r,r
r,r
axr,aa
ix,ix
m,m
l,l
t,t
l,l
f,k
ae,ae
f,f
r,axr
ay,ay
bcl,pcl
ah,ah
ax,ix
bcl,gcl
ae,ae
axr,axr
ng,n
ah,ax
kcl,kcl
axr,axr
sh,sh
b,p
g,k
iy,iy
gcl,tcl
t,t
tcl,tcl
pcl,kcl
bcl,bcl
s,s
r,r
ax,ax
n,ix
ah,ow
ix,ix
kcl,kcl
ix,ix
z,s
q,q
r,r
ix,ix
dh,q
ih,iy
l,w
m,m
dcl,dcl
dh,n
ix,ih
ih,iy
pcl,kcl
ix,ih
ao,ao
s,s
iy,iy
v,m
n,dcl
n,n
y,y
l,l
l,l
ax,ax
ow,ih
p,p
r,v
sh,s
ao,ow
oy,ay
q,q
ao,ao
uh,ah
z,s
dcl,dcl
v,v
kcl,kcl
dcl,kcl
axr,axr
dh,dh
z,z
n,n
q,q
ih,ih
k,k
k,k
ay,ay
axr,r
y,n
th,f
ey,iy
ih,ih
jh,ch
l,l
axr,axr
gcl,dcl
jh,jh
n,ng
s,s
n,n
l,uw
ay,ay
ey,ey
sh,sh
sh,sh
p,p
bcl,tcl
r,r
dh,dh
f,f
eh,eh
n,n
ix,ix
iy,iy
hh,hh
tcl,tcl
w,w
ih,ih
eh,eh
ih,ix
tcl,kcl
ah,ay
ae,ae
s,s
gcl,n
el,w
ix,ix
ax,ix
iy,iy
kcl,k
tcl,kcl
l,l
k,k
f,pcl
s,s
bcl,m
ax,ax
l,w
f,f
l,l
ih,iy
ao,ao
iy,iy
axr,axr
l,l
er,er
dcl,tcl
z,z
ih,ih
y,y
ix,ay
eh,eh
s,s
ax,ax
tcl,kcl
ix,ix
dh,tcl
f,f
m,m
z,z
iy,iy
el,q
k,k
ow,ow
kcl,tcl
n,n
ih,ix
l,l
ae,eh
kcl,pcl
ix,ix
k,k
er,er
v,m
dh,n
axr,axr
tcl,tcl
v,v
ix,ix
n,ix
iy,iy
tcl,tcl
l,ix
k,k
ax,ax
ih,iy
ih,ix
l,l
ae,ae
m,m
z,z
ux,ux
ix,ix
r,r
iy,iy
r,r
bcl,tcl
ch,ch
tcl,tcl
bcl,tcl
iy,iy
el,ow
hh,hv
iy,iy
p,p
ix,ix
r,ao
f,p
kcl,kcl
ax,ix
r,r
v,f
eh,ih
ae,ae
hh,hh
w,v
ng,ng
en,ix
aa,ao
ax,ax
iy,iy
nx,ix
r,r
kcl,kcl
n,n
l,l
iy,iy
t,t
eh,ix
q,q
ih,ih
aa,aa
eh,ih
q,ax
l,ih
s,s
iy,iy
l,l
s,s
ix,ix
ih,ix
uh,ih
axr,axr
s,s
ax,n
z,tcl
k,t
dcl,kcl
r,r
gcl,gcl
kcl,kcl
v,v
w,w
f,f
s,s
t,t
hh,hv
kcl,kcl
k,k
aa,ah
s,s
f,f
ix,ix
ay,aa
r,r
dh,f
dx,bcl
dx,dx
t,t
p,k
eh,eh
eh,ah
hh,hh
hv,hv
oy,oy
k,k
s,s
dcl,dcl
dcl,dcl
iy,ix
dx,dx
aa,ao
v,v
z,z
f,f
s,s
tcl,tcl
ay,ay
pcl,kcl
ay,ay
bcl,pcl
ix,ix
ih,ix
ah,ah
gcl,gcl
ih,ix
tcl,tcl
dcl,kcl
iy,iy
ux,ux
ow,axr
r,r
dh,tcl
eh,eh
ch,ch
s,s
iy,iy
gcl,gcl
ae,ay
f,f
r,r
hh,q
r,r
en,n
dcl,dx
ih,ix
f,f
r,r
gcl,gcl
v,ix
ih,ih
m,n
ix,ix
s,s
ax,ix
tcl,tcl
r,r
t,d
k,k
ao,ao
tcl,kcl
ax,ax
dcl,dcl
nx,ix
r,r
ix,ix
p,p
eh,ae
ah,ow
ux,y
ux,ux
tcl,q
ix,eh
l,m
r,axr
kcl,kcl
kcl,kcl
r,r
ae,ay
t,t
ow,uw
r,r
ae,ah
iy,iy
l,w
iy,y
ao,ow
z,z
er,r
kcl,kcl
r,r
s,s
dcl,tcl
pcl,kcl
q,q
kcl,kcl
t,t
ao,ao
ow,ow
p,p
r,axr
p,p
z,z
ih,ih
ix,ix
em,n
gcl,gcl
y,q
kcl,kcl
n,n
ix,ix
ey,ey
w,w
ix,axr
f,f
ae,ae
eh,eh
er,ao
ow,ow
ix,ix
m,v
r,axr
ax,ax
dh,n
ay,ay
ux,q
k,k
hh,hh
th,th
ey,ey
tcl,kcl
z,z
bcl,gcl
ah,ao
s,s
n,n
iy,iy
ng,ng
en,n
el,el
s,s
dcl,tcl
p,p
dcl,dh
t,t
ix,r
iy,iy
l,w
ch,ch
q,q
iy,iy
gcl,tcl
tcl,ix
t,t
w,ng
m,m
dcl,dcl
s,s
er,er
t,t
r,r
tcl,kcl
r,er
n,tcl
ix,ix
ih,ix
t,t
eh,eh
z,z
eh,eh
ey,ey
sh,sh
ih,ix
dcl,dcl
f,f
axr,ix
ay,ay
hh,hh
ih,ix
s,s
dcl,dcl
er,axr
w,w
pcl,bcl
kcl,kcl
m,m
q,k
oy,oy
ix,ix
tcl,dcl
iy,iy
ey,ey
kcl,kcl
f,f
f,f
sh,sh
ae,ae
eh,ix
iy,iy
ah,ah
v,v
z,z
ow,ow
l,ax
kcl,kcl
t,t
ey,ey
p,p
ae,ae
ng,en
d,k
l,p
v,v
g,k
axr,ix
ch,ch
ow,ow
eh,axr
kcl,kcl
dx,q
dx,q
dh,dh
eh,ae
eh,iy
ao,ao
y,y
dx,m
ux,ux
eh,ah
dcl,bcl
q,q
ae,ae
ux,ix
ax,ix
t,t
w,w
ae,ae
l,l
ih,uh
n,n
kcl,kcl
v,dcl
m,m
jh,jh
n,n
iy,ey
t,t
ax,n
s,s
m,m
v,v
tcl,tcl
n,m
n,n
p,p
ey,iy
kcl,pcl
eh,ah
ah,ah
s,s
ih,ix
aa,aa
th,dh
ix,ix
n,n
ey,ey
ix,ix
s,s
er,axr
t,p
axr,ix
s,s
ix,ix
iy,ux
kcl,kcl
ao,ao
ay,ay
f,f
ih,ih
t,t
eh,ih
w,w
eh,er
ow,ow
l,ax
tcl,tcl
ey,axr
el,l
ax,ax
y,iy
dcl,dcl
ey,ey
l,w
eh,ix
tcl,kcl
s,s
ao,ao
n,n
ao,ao
aa,aa
ax,ax
ow,ow
ay,ay
f,f
ng,ng
ix,ix
tcl,tcl
th,k
iy,ux
ey,ey
ae,ae
w,w
iy,iy
ax,ax
ao,aa
y,y
ix,ix
ae,eh
th,th
m,m
y,y
r,w
ao,ao
y,y
w,w
bcl,bcl
r,r
y,y
uw,el
f,f
nx,ix
axr,r
f,f
n,n
pcl,pcl
ix,ax
dcl,pcl
iy,iy
p,dh
q,q
iy,iy
m,n
l,l
z,s
v,dcl
ao,ao
ix,ix
ah,ax
ax-h,kcl
ae,eh
ey,ey
ao,ao
s,s
z,s
axr,axr
er,er
b,dx
q,en
n,n
n,n
iy,iy
iy,iy
eh,eh
eh,ey
oy,oy
eh,eh
ey,ey
axr,axr
iy,iy
er,er
ix,ix
ix,ix
dx,dx
ix,ix
n,n
r,q
gcl,kcl
s,s
ae,eh
uh,ih
k,k
ix,ix
iy,iy
ix,ix
kcl,kcl
gcl,gcl
r,r
r,axr
r,r
ax,ix
ae,ih
n,n
f,f
v,tcl
kcl,kcl
kcl,kcl
ae,ae
ih,ng
q,q
l,l
eh,ix
f,f
ay,aa
n,n
iy,iy
iy,iy
ae,ey
m,m
bcl,bcl
ao,ao
tcl,kcl
ax,ax
q,q
y,y
ih,ey
l,l
r,axr
t,t
ah,aa
r,q
iy,iy
kcl,kcl
w,w
w,q
n,n
r,r
iy,iy
pcl,kcl
ey,oy
tcl,kcl
er,er
s,s
f,f
p,p
k,k
k,k
ih,ih
l,l
er,axr
z,z
ix,ix
ah,ah
w,uw
q,q
ao,ao
er,er
gcl,bcl
kcl,kcl
kcl,kcl
r,r
tcl,kcl
tcl,n
p,p
dh,dh
iy,iy
n,m
l,l
s,s
gcl,bcl
ix,n
tcl,q
z,s
ix,ix
kcl,kcl
kcl,kcl
l,l
f,f
l,w
r,r
ix,r
ay,ay
ax,w
jh,ch
er,axr
t,t
ax,ax
w,w
dcl,dcl
p,k
iy,iy
k,k
m,m
ae,ae
ix,ux
n,n
kcl,pcl
ow,ow
ax-h,kcl
ih,ey
ao,ao
n,ng
f,f
q,q
ow,ao
aa,aa
ow,ao
sh,sh
ix,ix
ah,ah
ux,ux
w,w
ax,ax
axr,axr
r,r
oy,oy
w,ao
ay,ay
ax,ax
bcl,pcl
eh,ah
ix,ix
n,m
ix,ix
dx,dx
r,oy
t,t
iy,iy
s,s
ey,ey
ay,ay
ix,ix
ix,ix
q,q
ux,ux
w,w
dx,dx
w,w
l,l
jh,jh
y,y
ix,ix
k,k
ao,ao
iy,iy
r,r
tcl,q
er,er
r,aa
y,y
tcl,tcl
s,s
m,m
q,q
dcl,dcl
w,ao
ao,w
p,p
tcl,tcl
s,s
ah,ay
kcl,kcl
ae,ix
er,r
tcl,dcl
th,dh
s,s
sh,sh
ae,ae
gcl,bcl
l,l
gcl,gcl
ay,ay
f,f
pcl,tcl
d,t
w,w
ch,ch
ix,ix
ix,iy
iy,ix
eh,eh
q,q
z,z
dcl,dcl
th,f
n,n
s,s
dx,dx
z,s
ih,ix
eh,eh
iy,iy
ng,ng
iy,y
p,p
m,bcl
ao,ao
n,n
p,p
ax,l
er,er
ix,ix
ae,ae
dh,v
m,m
dcl,tcl
ey,iy
kcl,kcl
aa,oy
ow,ao
l,ax
m,m
z,ix
l,ow
r,r
s,s
n,n
dcl,gcl
r,r
n,n
kcl,kcl
ax,ix
kcl,kcl
ax,ix
b,kcl
axr,axr
k,k
q,q
axr,axr
aw,ah
tcl,tcl
n,ng
kcl,tcl
axr,eh
hh,hh
w,w
eh,ae
z,z
k,kcl
s,s
k,k
eh,ey
eh,ax
aa,aa
s,s
s,s
s,s
dx,dx
ix,dx
ix,axr
ng,ng
dx,dx
n,n
r,axr
ao,ao
ey,ey
dx,q
kcl,kcl
tcl,tcl
ay,ay
iy,iy
ix,ix
nx,n
ax,ax
v,q
iy,iy
f,f
kcl,kcl
v,v
gcl,gcl
q,q
ih,ih
ix,ix
uh,uh
kcl,kcl
s,s
sh,sh
tcl,tcl
ah,ah
ao,er
v,v
aa,aa
uh,uw
z,s
en,en
r,r
bcl,tcl
t,k
t,t
aa,ae
z,s
ay,ay
sh,sh
dh,l
dcl,dcl
axr,axr
tcl,kcl
tcl,tcl
ae,ay
ax,ax
eh,ay
ix,ix
ah,r
z,z
kcl,tcl
kcl,hh
dh,p
q,g
tcl,kcl
dh,t
ih,iy
el,ow
ay,ay
r,r
ix,ix
ae,ae
bcl,bcl
w,w
w,w
aw,ae
iy,iy
z,z
tcl,tcl
tcl,kcl
pcl,kcl
t,t
ax,w
er,er
f,f
r,r
tcl,dcl
uw,uw
jh,ch
dh,tcl
dcl,dcl
iy,iy
t,t
ih,ix
oy,oy
dx,dx
er,axr
v,v
ih,ih
t,t
n,n
ae,er
t,t
ux,ux
r,r
v,tcl
ow,l
ow,aa
aa,aa
eh,ah
z,z
kcl,kcl
gcl,gcl
ch,ch
ax,ah
ao,ao
ih,iy
ae,ae
ey,ey
t,t
g,k
p,p
f,f
k,k
tcl,tcl
oy,oy
f,f
pcl,pcl
dh,v
r,r
k,k
k,k
k,k
ay,ey
l,ay
hv,hv
axr,ih
tcl,tcl
s,th
bcl,axr
ih,ix
k,k
dx,dx
sh,sh
tcl,kcl
t,t
eh,eh
ah,r
ae,ae
aa,ao
s,s
sh,sh
eh,ih
iy,iy
r,r
w,w
dx,dx
ow,w
ax,oy
ng,ng
w,w
n,n
ax,ax
l,w
n,v
bcl,gcl
ix,ih
dcl,dcl
dh,v
kcl,tcl
n,n
ae,ae
kcl,kcl
er,axr
el,el
r,r
ow,ow
f,f
q,q
ix,ih
er,ay
y,y
z,z
l,l
ae,ae
r,r
ey,ey
ao,ao
f,f
ih,ih
ch,ch
iy,iy
kcl,kcl
t,t
f,f
p,p
tcl,tcl
pcl,pcl
dcl,dcl
t,t
n,hv
dcl,g
k,k
eh,r
aa,ay
bcl,tcl
s,s
eh,ax
ih,ih
m,w
r,axr
ix,ix
l,w
r,q
ay,ay
k,p
n,n
tcl,tcl
q,q
iy,iy
l,ow
ao,aa
s,s
aa,aa
s,sh
iy,iy
iy,iy
n,n
ng,axr
p,p
w,w
hv,p
v,v
ae,ae
s,s
ux,iy
kcl,tcl
iy,iy
q,q
ey,ey
pcl,pcl
ah,eh
ay,ix
ih,ix
p,p
tcl,q
k,k
gcl,gcl
hh,p
oy,oy
iy,ih
m,p
t,t
dh,dx
er,er
s,s
ix,ix
ax,ax
bcl,gcl
ow,ow
ax,ax
iy,iy
iy,iy
bcl,bcl
k,k
ax,uh
kcl,kcl
w,w
tcl,gcl
r,r
sh,sh
er,er
kcl,kcl
k,k
kcl,kcl
ao,ao
sh,sh
kcl,kcl
n,m
s,s
r,m
oy,oy
ey,ey
s,s
n,n
iy,ih
kcl,kcl
s,s
l,dx
z,jh
w,w
pcl,pcl
ae,ae
ey,ay
v,dh
z,z
n,tcl
g,g
ow,ow
l,l
zh,sh
ih,ih
z,s
n,n
r,r
el,q
ae,ae
r,r
t,t
t,k
r,r
iy,iy
er,er
l,el
p,p
k,k
k,k
f,f
ix,ix
w,w
ix,ix
f,f
t,t
l,l
er,axr
r,r
n,m
aa,aa
dcl,gcl
axr,er
dcl,dcl
pcl,pcl
ae,ae
sh,sh
ay,ay
dcl,dcl
pcl,pcl
tcl,pcl
f,f
ae,ae
pcl,kcl
m,m
kcl,tcl
dcl,bcl
q,t
aw,aa
bcl,bcl
q,q
ix,ix
g,k
m,n
sh,sh
l,m
t,f
m,m
g,d
eh,ih
r,r
ae,ae
m,m
ae,ae
en,n
kcl,kcl
iy,iy
s,s
z,z
s,s
ax,ix
aa,aa
ao,axr
k,k
t,t
k,k
r,dx
s,s
dcl,gcl
ng,n
l,l
aa,aa
dcl,dcl
ah,ah
pcl,tcl
uw,ux
sh,sh
th,f
sh,s
iy,iy
iy,iy
n,n
nx,n
s,s
n,m
k,k
tcl,tcl
ch,ch
el,q
kcl,kcl
ix,r
tcl,gcl
n,m
el,el
sh,sh
iy,iy
ax,ax
l,l
q,q
ay,ay
t,t
aa,aa
l,l
ah,ah
ax,ix
dcl,n
eh,ix
kcl,kcl
bcl,bcl
er,er
ix,ix
eh,ae
tcl,tcl
aa,aa
bcl,tcl
z,z
ih,eh
el,w
n,gcl
ix,ix
n,m
iy,iy
n,n
q,q
r,r
pcl,kcl
bcl,pcl
n,n
m,m
k,k
axr,w
r,r
ix,iy
iy,iy
bcl,bcl
f,f
m,m
dh,l
er,axr
iy,iy
t,k
kcl,tcl
er,axr
m,n
r,er
axr,r
ao,ao
w,w
m,n
sh,sh
dcl,tcl
ao,ao
n,n
ax,m
ih,ae
s,s
m,m
n,n
q,m
pcl,pcl
t,t
ix,ax
ih,n
axr,ix
ey,ey
l,w
k,t
k,k
k,k
tcl,tcl
uw,uw
axr,axr
v,r
p,p
kcl,kcl
tcl,tcl
tcl,tcl
eh,eh
ih,axr
f,f
s,s
sh,sh
dcl,dcl
m,n
sh,sh
hv,hv
dh,t
ax,ah
ay,ay
iy,iy
r,r
hv,hv
iy,iy
d,t
w,w
n,n
eh,ix
ao,ao
k,k
ae,ae
gcl,gcl
dcl,tcl
ay,ay
kcl,kcl
hh,k
t,t
s,s
m,m
s,s
iy,iy
q,q
aa,aa
s,z
sh,sh
aa,r
l,w
ao,oy
y,y
ae,ae
kcl,kcl
eh,ih
w,r
g,k
pcl,kcl
gcl,dcl
k,k
m,n
k,k
dcl,dcl
ux,ux
g,y
ih,ey
l,l
ae,ae
z,z
eh,ix
n,n
sh,s
er,aa
axr,axr
bcl,dcl
g,k
q,q
k,g
ix,d
kcl,kcl
r,r
n,dcl
k,k
ah,ah
y,y
gcl,gcl
th,k
ey,ey
ax,ix
nx,dx
r,r
ng,ng
dcl,bcl
n,n
ae,ae
f,f
w,w
ix,ix
s,s
ng,ng
eh,eh
kcl,kcl
t,s
n,n
ae,ae
iy,ey
l,l
s,s
v,dcl
dx,d
n,n
s,s
kcl,kcl
gcl,kcl
ay,ay
l,l
m,m
ay,ay
ow,ow
ix,ix
kcl,kcl
tcl,tcl
iy,ey
ay,ay
z,z
m,m
ao,ao
ix,iy
r,er
er,er
v,v
bcl,kcl
s,z
ax,m
v,ix
ix,ix
ch,ch
l,l
pcl,tcl
tcl,tcl
v,n
ux,uw
aa,aa
th,th
dcl,kcl
m,m
p,p
ix,ix
dx,dx
q,q
dcl,kcl
t,t
f,f
n,ng
pcl,kcl
t,t
s,s
r,r
ah,aa
kcl,kcl
ao,aa
t,t
ix,ax
axr,axr
dcl,dcl
iy,iy
p,p
r,r
w,w
l,l
er,axr
iy,iy
ih,ih
aa,aa
r,r
ah,l
tcl,kcl
k,k
eh,ih
p,p
tcl,tcl
kcl,kcl
s,s
dcl,n
z,z
ow,aa
ih,ix
nx,n
tcl,tcl
ao,ow
iy,iy
k,k
sh,sh
r,r
ch,jh
s,s
ao,aa
pcl,kcl
ah,ah
jh,jh
sh,sh
pcl,pcl
m,n
iy,iy
ih,ix
axr,er
ux,ux
aa,aa
n,n
iy,axr
bcl,dx
ih,ix
bcl,bcl
ow,ow
l,l
axr,axr
r,r
b,g
er,er
ey,ey
m,m
r,r
ae,ae
dx,q
axr,q
aa,ao
gcl,gcl
iy,iy
ix,ix
s,s
s,z
r,axr
ch,ch
aa,ay
z,z
g,k
ao,ao
th,f
ux,iy
ix,axr
s,s
k,k
ix,w
hv,y
uh,uw
iy,ih
t,ch
k,k
axr,axr
uw,uw
eh,eh
ix,ix
n,m
sh,sh
dcl,dcl
aa,r
aa,ay
th,p
n,n
jh,ch
sh,sh
n,m
v,p
aa,aa
eh,eh
bcl,bcl
p,p
l,w
n,m
ih,ux
ih,ux
ux,ix
ih,ih
gcl,gcl
bcl,bcl
iy,iy
l,l
eh,eh
ix,ix
p,p
ux,ux
iy,iy
w,w
ay,ay
g,g
ao,aa
m,m
d,d
l,dx
r,r
ax,q
l,l
n,n
er,er
jh,ch
l,l
ah,ix
s,s
aa,aa
kcl,kcl
dcl,tcl
kcl,s
k,k
n,n
ay,ay
ix,ix
ix,ix
r,r
m,m
s,s
q,q
eh,ih
ow,axr
ih,uh
ow,ow
dh,t
r,r
axr,axr
w,w
eh,ay
gcl,bcl
iy,iy
m,ng
s,s
w,w
aa,aa
ih,ih
l,l
iy,iy
z,z
hv,ix
aw,aa
ay,ay
kcl,kcl
ux,ow
w,w
n,n
ao,aa
iy,iy
n,n
ah,ao
s,s
g,d
sh,sh
er,er
kcl,kcl
f,pcl
ah,ao
aa,aa
ch,t
dcl,dcl
sh,sh
m,n
w,w
eh,eh
z,z
kcl,kcl
ih,ah
ix,ix
axr,axr
l,l
ix,ix
r,q
aw,aa
aa,aa
sh,sh
ix,ix
f,f
n,kcl
ey,ey
m,m
s,s
tcl,tcl
ey,ey
ih,ax
hh,k
ah,ow
ix,ix
ih,eh
m,m
r,r
n,n
n,n
kcl,kcl
ax,n
s,s
w,w
q,q
ey,ey
k,g
y,y
n,m
w,w
kcl,kcl
l,l
ax,ax
t,t
l,l
l,l
ao,aa
sh,sh
y,y
ix,ix
ae,ae
er,axr
ao,ao
z,s
bcl,kcl
q,tcl
n,m
iy,y
ah,eh
ih,ix
kcl,kcl
kcl,kcl
r,r
r,axr
em,ng
v,v
r,r
eh,l
r,r
bcl,bcl
l,l
s,s
w,w
sh,sh
ih,ix
m,m
kcl,kcl
ae,ae
ey,ih
ax,ax
b,p
tcl,kcl
n,n
r,axr
ix,ix
m,m
p,p
s,s
ix,ix
ih,ix
oy,q
dx,n
ae,ey
ey,ay
ao,ao
aw,aa
f,f
kcl,kcl
m,kcl
axr,axr
ix,ix
hv,p
n,n
hv,hv
pcl,pcl
jh,jh
tcl,tcl
l,l
ao,ao
ao,ao
jh,jh
q,q
en,ix
ah,axr
er,eh
r,r
zh,zh
ay,ay
tcl,tcl
ah,ah
l,l
dcl,bcl
ow,ow
tcl,tcl
ah,ah
n,n
r,axr
ix,ix
tcl,tcl
tcl,kcl
ow,ao
eh,ih
ae,ae
ax,ax
r,ix
v,v
z,s
t,t
pcl,kcl
iy,ix
tcl,kcl
r,er
iy,y
dx,dx
s,s
y,y
eh,ix
kcl,kcl
ix,ix
z,z
f,pcl
el,q
dcl,tcl
ao,ao
r,w
kcl,kcl
n,n
ey,ay
ih,axr
sh,sh
dcl,n
w,v
iy,iy
z,s
dcl,dcl
w,w
d,t
k,k
t,t
kcl,kcl
iy,iy
dh,l
iy,iy
w,w
ae,ay
r,er
tcl,kcl
sh,sh
ix,ix
n,ix
aa,aa
q,n
w,w
r,r
tcl,tcl
z,z
ay,ay
iy,iy
axr,ow
dcl,tcl
ax,ax
aa,ay
eh,eh
z,z
s,s
p,b
bcl,pcl
oy,oy
iy,ey
bcl,bcl
iy,iy
v,v
n,n
z,sh
l,l
el,ax
jh,jh
r,r
dx,dx
eh,eh
dcl,gcl
g,w
ix,ih
r,r
aw,ae
l,q
ay,ay
l,l
l,uw
k,k
d,t
pcl,kcl
z,z
axr,ax
ax,v
pcl,kcl
n,ng
z,z
bcl,pcl
er,r
n,n
z,z
m,m
r,r
iy,iy
aa,aa
y,iy
ix,ih
iy,iy
r,r
ao,ao
th,th
ix,ix
eh,ax
iy,iy
axr,axr
iy,iy
y,y
t,t
k,t
pcl,kcl
ix,ix
w,r
eh,eh
v,v
v,v
ix,ih
kcl,kcl
ix,ix
ix,ih
b,p
ow,ow
jh,ch
nx,dx
t,t
ix,ix
k,k
iy,iy
f,k
dcl,tcl
er,axr
n,n
w,w
l,n
ah,ay
iy,iy
ux,ih
ng,ng
s,s
t,t
aa,aa
kcl,kcl
iy,iy
el,ax
q,q
l,q
ax,ax
aa,ao
tcl,pcl
y,y
ix,ix
kcl,kcl
n,n
ax,ah
sh,sh
v,v
bcl,bcl
ax,ax
aa,aa
ix,ix
dcl,dcl
dcl,tcl
uw,ix
p,p
uw,l
aa,aa
eh,eh
t,t
t,z
hv,hv
iy,iy
t,t
s,z
s,s
iy,iy
ih,l
ih,ix
b,g
ow,aa
v,v
tcl,kcl
iy,ix
tcl,kcl
l,l
tcl,tcl
n,n
n,en
uw,uw
iy,iy
aw,aa
tcl,jh
dcl,dcl
l,ax
iy,iy
w,w
uw,ax
ix,ix
t,t
pcl,kcl
el,l
ix,ix
q,q
k,k
kcl,kcl
s,s
dcl,bcl
ah,l
t,t
f,f
ax,ah
tcl,kcl
jh,jh
eh,eh
ah,ah
ay,ay
axr,ao
p,p
m,m
w,w
tcl,tcl
ay,ay
r,r
l,l
bcl,pcl
iy,iy
ax,ix
k,k
kcl,kcl
m,m
n,n
g,g
s,f
kcl,kcl
tcl,kcl
aa,aa
ix,ix
dcl,tcl
r,r
z,z
ao,ao
r,p
ix,ix
el,l
ix,ih
ng,n
iy,iy
ih,ih
nx,n
ih,ih
m,m
jh,k
t,t
r,r
n,n
t,t
kcl,gcl
hh,t
dh,dh
s,s
dcl,dcl
ux,ux
l,l
l,q
y,y
ay,aa
hv,v
ix,ix
dcl,dcl
n,m
iy,iy
p,k
tcl,m
ao,ao
ey,ey
n,m
n,n
ay,ay
r,r
aa,aa
ix,ix
ix,ih
m,m
f,f
ng,ng
dcl,dcl
n,n
w,r
ix,ix
m,n
axr,r
ax,m
y,y
s,s
m,m
pcl,pcl
axr,axr
s,s
s,s
tcl,tcl
s,s
ay,ey
z,t
r,r
l,l
l,l
dh,dh
dcl,gcl
iy,iy
nx,n
r,r
er,er
oy,oy
q,q
k,k
w,w
iy,ey
ay,ay
ao,ao
nx,v
r,r
dcl,dcl
l,ix
s,s
pcl,pcl
tcl,tcl
dcl,dcl
ix,ix
l,r
l,l
r,ih
pcl,pcl
ao,ao
pcl,kcl
dh,p
k,k
r,r
tcl,tcl
n,n
aa,aa
s,s
w,w
v,v
q,g
l,w
n,m
r,axr
q,q
dh,dh
jh,ch
m,m
bcl,bcl
aa,aa
n,n
s,s
y,jh
l,l
pcl,kcl
ih,ih
aa,aa
k,k
iy,iy
s,s
s,s
kcl,kcl
w,w
gcl,gcl
ih,iy
kcl,kcl
axr,axr
tcl,tcl
dx,dx
ax,l
ix,ix
d,ch
dx,dx
r,r
ix,ix
ae,ae
y,dcl
p,p
iy,iy
tcl,dcl
tcl,pcl
axr,axr
l,l
ay,ay
iy,iy
f,p
ng,gcl
sh,sh
uw,uw
d,d
dcl,dcl
iy,iy
jh,t
m,en
ae,ae
ay,ae
y,y
l,l
f,f
y,iy
ao,ao
bcl,dcl
ow,ow
dcl,dcl
n,n
ax,l
n,n
aa,aa
r,r
f,f
ao,ax
ao,aa
ey,ey
ae,ae
n,n
ix,ix
uw,uw
aa,aa
s,s
ay,ay
l,l
z,s
ix,n
ao,oy
k,k
s,s
z,z
aa,aa
aw,aw
v,v
kcl,kcl
jh,ch
l,l
t,t
ax,ax
ah,ih
axr,ih
l,w
ax,ax
axr,er
k,k
ix,q
er,axr
aa,ax
pcl,kcl
n,m
bcl,bcl
y,y
r,axr
l,l
en,m
r,r
iy,iy
z,z
ah,ah
ah,ah
ax,ax
tcl,tcl
k,k
m,m
w,r
r,r
s,s
dx,dx
tcl,pcl
iy,ix
f,f
l,l
dh,kcl
ao,oy
ay,ay
q,q
p,p
kcl,kcl
ng,m
iy,iy
y,iy
hh,p
er,axr
ow,axr
ih,eh
aa,aa
n,n
q,ix
ix,ih
ao,aa
dh,l
r,axr
kcl,kcl
sh,sh
s,s
ah,l
s,s
s,s
ay,aa
ih,iy
y,y
ng,ng
eh,ih
q,nx
ey,ey
q,q
ix,ix
q,m
eh,ah
kcl,kcl
iy,iy
l,ix
ao,ao
r,ax
ow,ow
g,g
ix,iy
iy,iy
s,s
ae,ae
oy,oy
ae,ae
ae,ae
dh,dh
l,l
s,s
ax-h,tcl
p,k
ao,ao
z,s
er,axr
dx,dx
hh,hh
dh,th
s,z
t,ch
jh,jh
dcl,dcl
eh,ae
sh,sh
ix,ix
kcl,kcl
axr,r
aa,aa
axr,axr
en,q
l,l
m,m
p,p
nx,n
axr,axr
dcl,tcl
t,t
tcl,kcl
ix,ix
s,s
ax,ax
kcl,kcl
r,r
t,t
ax-h,kcl
f,f
r,r
f,f
ay,ay
p,p
l,w
ax,ix
r,r
ow,ow
pcl,pcl
axr,r
n,n
aa,aa
dcl,tcl
er,r
r,ix
s,s
aa,aa
ch,ch
kcl,gcl
r,axr
kcl,kcl
tcl,kcl
ey,ey
aa,aa
z,tcl
tcl,tcl
d,d
f,f
ih,ih
s,s
ah,ax
ih,ih
s,s
pcl,pcl
ax,ax
jh,ch
r,r
l,l
tcl,kcl
ih,ih
r,r
s,s
dh,f
ix,ix
r,axr
z,z
iy,ey
axr,axr
hh,p
p,p
g,k
l,ih
ae,ae
ae,ae
m,m
dcl,m
s,s
m,m
ey,ey
z,z
aa,aa
ae,ae
w,ao
s,ch
l,l
l,ix
r,r
ao,ao
s,s
dx,n
axr,er
zh,hh
aw,ao
r,r
iy,iy
tcl,kcl
v,v
q,q
tcl,tcl
tcl,tcl
k,k
iy,iy
s,s
ax,ax
m,m
aa,er
iy,iy
ax,l
p,p
m,m
r,er
eh,ah
dcl,dcl
ux,ux
ah,eh
ih,ix
dx,nx
kcl,kcl
s,s
gcl,tcl
ae,ay
pcl,pcl
r,r
dx,n
iy,iy
ah,ah
p,p
l,l
kcl,gcl
s,s
q,q
axr,axr
s,s
ae,ah
r,r
k,p
l,l
dcl,n
eh,eh
dcl,bcl
iy,iy
f,dh
n,m
s,s
bcl,bcl
ae,ae
ih,ix
p,p
kcl,kcl
iy,iy
z,jh
m,ng
k,k
r,r
ix,ix
ux,ih
tcl,pcl
m,axr
axr,axr
z,s
ae,ae
eh,l
q,iy
n,n
ih,ih
b,b
ay,ae
ey,ix
k,k
kcl,kcl
gcl,gcl
uw,ux
hh,hh
eh,ah
s,s
t,t
ux,ux
tcl,tcl
w,w
z,s
s,s
ax,q
k,k
dh,p
m,m
jh,jh
f,f
oy,ey
kcl,kcl
m,m
ix,ix
n,n
l,l
en,n
t,t
ow,ao
uw,ux
ix,ih
l,l
pcl,pcl
dcl,tcl
ax,n
eh,ih
v,v
q,q
dh,n
iy,iy
l,ax
iy,iy
r,r
kcl,kcl
s,s
m,n
oy,oy
tcl,tcl
eh,ih
ax,ix
dx,g
ih,ax
ih,eh
ay,ay
ix,ix
l,ax
ey,ih
ix,ix
r,r
ih,uh
aw,aw
th,f
ae,ae
jh,ch
n,m
ix,ix
k,k
t,tcl
dh,dx
aa,aa
sh,sh
r,r
iy,iy
n,n
ay,ay
iy,iy
ao,ow
r,r
hh,hh
dh,kcl
w,w
s,s
k,k
ah,ah
r,r
w,w
tcl,kcl
dcl,dcl
n,n
f,p
eh,ax
r,r
tcl,tcl
k,k
jh,t
y,iy
p,p
eh,r
r,axr
ay,ah
pcl,kcl
iy,iy
aa,ay
z,z
t,jh
l,l
m,n
uh,ax
jh,ch
sh,sh
w,w
aa,aa
n,n
bcl,dcl
aw,ay
dcl,dcl
tcl,pcl
r,r
iy,iy
b,p
ix,ix
r,r
iy,iy
l,ay
pcl,kcl
s,s
l,l
r,r
q,q
er,axr
iy,iy
pcl,pcl
n,n
ih,ih
n,n
ae,ae
m,m
aa,aa
l,uw
kcl,tcl
s,s
r,r
axr,axr
dx,dx
w,w
k,k
bcl,bcl
axr,ix
z,s
ae,eh
w,w
l,w
hv,hv
s,s
ow,ow
n,kcl
tcl,dcl
ah,ao
ow,ow
dcl,dcl
y,y
s,s
hh,p
l,l
kcl,kcl
iy,iy
z,s
iy,iy
ae,ae
ix,n
gcl,n
axr,er
iy,iy
t,t
bcl,tcl
ih,ih
l,aa
n,dcl
gcl,gcl
tcl,tcl
s,s
dh,pcl
y,y
sh,sh
eh,eh
r,axr
w,w
z,z
iy,ih
iy,iy
ow,eh
iy,iy
ow,ow
aa,ao
f,f
ih,y
dcl,kcl
kcl,tcl
uh,l
s,s
k,k
w,q
eh,er
ix,ix
axr,ih
ix,axr
l,l
ix,ix
l,l
ax,n
l,l
tcl,kcl
s,s
ix,ix
w,w
el,l
r,r
y,y
l,l
sh,sh
w,w
aa,aa
eh,ax
ux,ih
iy,iy
s,s
n,n
q,q
g,g
r,r
k,k
th,f
dh,gcl
t,t
pcl,pcl
ix,ix
dcl,dcl
m,m
iy,iy
f,f
eh,eh
eh,eh
aa,ao
l,w
hv,y
aa,r
l,ax
s,s
oy,oy
eh,eh
m,m
n,m
axr,axr
ey,ey
f,f
ih,ih
ae,ay
ay,ix
g,g
ix,ix
l,l
ao,l
dcl,dcl
r,r
er,axr
r,ax
t,z
eh,axr
q,m
y,y
s,s
k,k
z,z
aa,aa
jh,jh
z,z
k,k
ax,ax
r,w
r,axr
kcl,tcl
q,q
r,q
sh,sh
eh,ih
sh,sh
ix,r
r,r
sh,s
oy,oy
r,r
s,z
eh,eh
kcl,kcl
ae,eh
k,q
dcl,dcl
kcl,kcl
r,r
m,m
n,n
m,m
g,g
er,er
iy,iy
ih,ax
ae,aa
er,er
hh,hh
z,z
l,l
n,n
l,l
ix,ix
n,n
m,ix
sh,sh
tcl,tcl
axr,axr
l,l
k,k
sh,sh
ow,ao
aa,aa
r,axr
ih,ih
ax,ax
k,k
r,axr
ey,ey
f,p
ao,ao
t,p
axr,axr
dcl,tcl
tcl,tcl
l,ix
s,s
dcl,dcl
z,z
ux,ux
tcl,tcl
g,k
s,s
r,r
dcl,dcl
z,s
l,l
n,n
axr,er
z,v
ao,ao
el,uw
s,s
ao,ao
tcl,tcl
q,q
dx,ix
s,s
n,n
ix,ix
z,s
ix,ix
dcl,dcl
iy,ix
r,ow
er,er
s,s
dcl,tcl
dh,tcl
ih,ih
axr,r
q,q
ah,ah
ix,ix
ax,ix
ax,ax
r,r
n,ng
ey,iy
d,t
sh,sh
r,w
g,g
k,k
s,s
n,m
k,k
sh,sh
iy,ih
gcl,gcl
s,s
ix,ix
m,m
ax,ax
ah,ay
ae,ae
n,n
hv,y
bcl,pcl
ih,ix
bcl,w
gcl,n
l,q
ih,ih
m,m
ah,ow
iy,iy
iy,q
z,t
iy,iy
jh,t
k,k
eh,eh
iy,iy
dcl,gcl
dh,q
ix,ix
r,r
sh,sh
ow,ao
s,s
s,ch
ao,ao
s,s
l,ax
ix,ix
pcl,pcl
ey,ey
axr,axr
ey,ey
v,v
er,er
iy,ix
dcl,dcl
n,ng
aa,ao
iy,iy
ae,eh
tcl,kcl
r,w
s,s
m,n
ax,ax
dh,dh
ao,w
th,v
m,m
ae,ae
z,z
sh,sh
p,p
k,k
ah,ah
axr,axr
s,s
g,g
p,p
eh,eh
n,q
ao,ao
r,r
ih,ih
ix,ix
r,r
sh,sh
ih,ih
z,z
s,s
n,n
dh,dh
axr,er
r,r
kcl,kcl
iy,iy
g,k
eh,ih
m,m
n,n
tcl,kcl
er,er
n,n
ao,r
n,n
tcl,p
z,z
axr,r
el,w
eh,ix
m,m
l,m
ao,q
s,s
ao,aa
ng,ng
q,q
w,w
ae,aa
n,n
ix,ix
ih,ih
dx,g
dcl,dcl
pcl,bcl
ix,ix
ix,ax
aa,aa
dcl,tcl
k,k
p,p
tcl,tcl
ix,ix
w,w
iy,iy
ae,ae
z,s
el,l
y,y
f,f
dcl,tcl
ey,ey
z,s
s,s
bcl,bcl
tcl,pcl
eh,eh
ao,dx
iy,iy
el,el
v,dcl
eh,ey
r,r
dx,dx
p,p
iy,iy
dh,dh
dcl,dh
ey,ey
k,k
ih,ih
ey,ey
ah,ow
ih,iy
t,t
kcl,tcl
ao,ow
ix,ix
k,k
th,s
axr,axr
aa,aa
q,q
q,q
ah,ao
kcl,kcl
s,s
dh,q
tcl,kcl
q,iy
g,g
r,r
ao,r
tcl,tcl
iy,iy
l,l
tcl,tcl
ix,ux
w,w
ao,ao
q,q
ih,uh
iy,iy
ae,ae
bcl,bcl
z,z
iy,iy
s,s
ah,ah
bcl,bcl
ih,ix
ay,ay
bcl,gcl
ix,ix
n,n
m,m
eh,ay
k,k
s,z
w,w
sh,sh
ay,ay
g,k
n,ix
aa,aa
r,r
pcl,pcl
f,f
ao,ao
z,z
ey,ey
v,v
f,v
ux,iy
eh,ae
dh,p
axr,m
n,n
v,l
iy,iy
aa,ao
eh,eh
ix,ix
n,n
aa,aa
ay,ey
kcl,kcl
n,n
b,b
eh,eh
q,n
ao,ao
aa,aa
kcl,kcl
ih,ey
bcl,bcl
uh,ih
ay,ay
ih,iy
aa,aa
l,l
l,l
z,s
dh,dx
f,f
axr,q
l,uw
ch,t
w,w
t,t
ch,ch
z,z
f,p
iy,y
ix,ix
th,z
ih,ax
n,m
axr,r
ix,ax
ng,ng
f,f
tcl,tcl
sh,sh
axr,axr
n,n
w,w
n,m
axr,axr
ux,ux
ix,ix
l,l
jh,ch
ux,ux
aa,ah
dh,n
ae,ae
pcl,pcl
ix,ix
ao,ao
l,l
s,s
z,s
ah,ah
n,n
ix,l
f,f
ix,ix
aa,aa
ow,ow
s,s
ih,iy
eh,eh
oy,ay
ao,ao
ih,ih
sh,sh
ao,ao
z,s
s,s
q,q
p,p
q,q
w,w
q,q
k,k
g,g
dh,dh
p,p
p,t
dx,dx
d,hh
ih,eh
ix,ix
sh,sh
ih,ih
bcl,bcl
ng,n
hh,hh
gcl,gcl
s,s
m,m
ix,ix
er,er
dh,l
ax,ax
axr,axr
r,r
iy,iy
t,t
gcl,gcl
w,w
tcl,k
iy,iy
bcl,gcl
pcl,pcl
iy,iy
dcl,tcl
jh,t
ih,ih
el,el
aa,aa
iy,iy
l,l
k,k
r,r
dh,p
g,k
ow,eh
p,p
v,v
el,ah
dcl,dcl
t,k
t,t
ix,ix
iy,iy
ow,ow
iy,iy
v,m
ix,n
ey,ih
q,r
bcl,bcl
bcl,kcl
kcl,kcl
n,n
kcl,kcl
ah,ix
l,l
kcl,kcl
gcl,gcl
f,f
ix,iy
y,y
ix,ix
aa,aa
jh,jh
iy,iy
iy,iy
p,p
gcl,dcl
v,th
r,r
hv,hv
hh,hh
k,k
er,r
s,s
kcl,kcl
r,axr
q,w
m,m
dh,q
eh,r
axr,axr
ae,ae
el,w
kcl,kcl
ax,ax
w,ao
kcl,kcl
z,z
z,s
m,ng
dcl,dcl
ay,ay
kcl,kcl
axr,axr
n,bcl
s,s
tcl,dcl
ae,ae
t,t
nx,nx
k,k
pcl,kcl
dh,dh
ae,ay
p,p
k,k
dcl,dcl
n,n
l,l
t,t
tcl,pcl
ux,ux
nx,n
bcl,pcl
dcl,dcl
s,s
f,f
sh,sh
t,kcl
s,s
ih,ih
m,en
oy,oy
ix,ix
kcl,kcl
ah,ow
v,v
q,tcl
n,n
ow,ow
m,m
dcl,tcl
s,s
axr,r
f,f
f,f
k,k
n,n
dcl,l
p,p
er,axr
iy,iy
iy,iy
ay,ay
w,w
t,t
ix,ix
kcl,tcl
q,q
l,l
r,r
ix,ih
bcl,bcl
ah,ao
z,jh
y,ih
ax,ax
aa,ao
iy,iy
p,p
ey,ey
axr,axr
ng,m
r,r
z,zh
ix,ix
ax,ax
r,r
p,p
axr,axr
er,er
iy,iy
t,t
s,s
m,m
ah,ae
ao,ay
iy,iy
ao,ao
er,er
ow,ow
y,iy
g,k
g,g
ux,y
dcl,pcl
ih,ix
sh,sh
l,l
ux,ux
n,n
l,el
iy,iy
sh,sh
s,sh
k,k
ix,ix
ix,ix
p,p
l,n
aa,aa
ah,ah
ah,ah
d,s
jh,jh
w,w
zh,ch
ih,ih
n,ng
hh,p
s,s
p,p
d,p
s,s
ao,ao
dx,k
g,k
axr,r
r,r
ae,ae
aa,ao
n,l
s,sh
k,k
ae,ae
t,t
t,ch
ay,ay
ao,ao
eh,iy
m,m
eh,l
l,l
axr,ix
l,l
s,s
q,q
aa,r
ix,q
s,s
k,k
ax-h,ix
dh,dcl
dcl,dcl
g,k
dh,th
ih,ih
r,r
m,m
r,r
n,n
tcl,dcl
ih,ix
l,l
v,v
q,q
ey,ey
y,y
bcl,bcl
y,y
eh,ix
l,w
axr,uh
iy,iy
pcl,pcl
m,m
ix,ix
z,z
ax,l
q,eh
aa,aa
n,n
ay,ay
axr,axr
z,s
ix,ix
y,q
w,w
ix,ix
g,k
ux,ih
iy,iy
d,t
ow,ow
axr,axr
tcl,tcl
dcl,tcl
ah,ix
t,t
eh,eh
ow,ow
iy,iy
n,kcl
t,t
n,n
ey,ey
s,s
n,m
m,n
w,w
ao,w
aa,ay
l,l
l,l
axr,axr
ao,ix
hv,hv
d,k
n,n
eh,eh
v,v
oy,oy
w,uw
t,t
r,r
iy,iy
tcl,tcl
ax,ix
eh,ae
n,bcl
l,l
ix,iy
ux,y
ng,ng
axr,axr
eh,eh
uh,uw
dx,dx
z,s
aa,aa
n,m
ix,ix
l,ao
ax,ix
iy,ih
iy,iy
er,r
dcl,tcl
k,k
ae,ae
ih,iy
ae,ae
ax,uw
sh,s
tcl,pcl
s,s
ih,eh
q,ax
er,er
k,k
ch,ch
ih,ih
p,kcl
ix,ix
ax,ix
dcl,n
ax-h,ix
uw,uw
w,w
hv,hv
w,w
gcl,dcl
dh,m
n,ng
dcl,dcl
ix,ix
w,w
ax,ix
aw,ae
v,v
ax,ix
w,r
aw,ae
bcl,kcl
f,f
axr,r
n,n
ng,ng
axr,ih
eh,ih
ch,t
f,f
axr,er
w,w
ix,ix
axr,axr
ao,aa
ae,eh
ix,ix
s,s
aa,aa
v,v
dh,dh
tcl,q
ow,ow
tcl,kcl
p,p
n,n
q,q
eh,ae
r,r
gcl,q
kcl,kcl
el,el
m,m
ae,ae
th,th
iy,iy
f,f
iy,ih
p,k
r,er
g,k
el,el
ay,aa
z,z
r,r
ux,ux
iy,iy
sh,sh
jh,jh
ix,ix
l,l
s,s
kcl,kcl
tcl,kcl
f,f
ey,ey
er,er
tcl,tcl
m,n
er,er
nx,n
ae,ae
tcl,pcl
l,l
aa,eh
ow,el
m,n
f,f
er,er
k,k
ae,ay
aw,aw
ay,ay
kcl,kcl
tcl,kcl
ix,ix
m,m
tcl,tcl
ih,ih
ow,ow
iy,iy
l,l
n,n
f,f
tcl,tcl
aa,aa
axr,axr
ax,ax
tcl,tcl
ix,ix
pcl,pcl
ae,ae
ax,ax
s,s
s,s
f,f
z,z
ix,ix
bcl,bcl
l,dh
dh,dh
hh,hv
ix,ix
q,q
ax,ix
t,t
ow,ao
ao,ao
eh,eh
t,t
z,s
v,v
p,p
tcl,pcl
w,ao
ay,ae
kcl,kcl
y,y
kcl,kcl
ch,ch
tcl,kcl
f,f
ax,l
dcl,dcl
iy,iy
ix,ix
t,t
hh,hh
r,r
iy,iy
n,n
ae,ae
ix,ix
iy,iy
kcl,kcl
ih,ih
gcl,gcl
aa,aa
sh,sh
ux,ux
r,r
bcl,bcl
ix,ix
en,n
ng,ng
dcl,tcl
ao,ao
axr,axr
tcl,tcl
gcl,kcl
el,l
ae,ae
kcl,kcl
k,k
iy,iy
bcl,bcl
z,s
s,s
axr,axr
ae,ae
iy,iy
aa,ao
n,n
ax,ax
tcl,tcl
t,t
ih,ih
p,dh
iy,iy
eh,er
f,f
dx,g
ih,ih
tcl,kcl
ah,eh
dh,q
ae,ae
m,m
v,y
w,w
ix,ix
l,l
ng,n
z,tcl
w,w
tcl,kcl
dcl,kcl
sh,sh
s,s
n,n
ix,ix
axr,r
ng,ng
y,y
iy,iy
ey,iy
bcl,bcl
f,f
dcl,dcl
ae,ae
t,t
ux,iy
aa,ao
z,z
iy,iy
n,n
eh,eh
s,s
r,r
s,s
eh,eh
ix,ax
f,f
z,s
jh,jh
nx,n
s,s
axr,axr
ax,w
ey,ey
axr,axr
dh,p
em,m
axr,axr
ih,ix
n,n
dx,dx
dx,r
m,m
ow,l
l,r
p,p
l,q
tcl,tcl
ah,ix
zh,z
ow,ax
ix,ix
p,p
hh,q
th,f
iy,iy
w,q
pcl,pcl
ah,ay
r,r
dcl,dcl
tcl,kcl
uh,ax
ow,ao
z,z
ae,ey
iy,q
z,z
w,w
ah,oy
oy,oy
ay,ay
t,t
r,r
ng,bcl
ux,ux
w,w
th,s
n,n
ux,ux
w,w
l,l
hv,hv
kcl,kcl
eh,eh
l,l
ah,ay
axr,r
aa,aa
ix,ix
ax,q
m,m
s,s
d,t
ah,ah
l,l
dcl,dcl
ax,r
ax,axr
l,l
iy,iy
m,m
l,ay
axr,er
r,r
ah,l
pcl,pcl
kcl,kcl
g,k
ow,ow
m,m
r,r
q,l
jh,d
l,l
p,p
aa,ay
m,n
t,t
ae,ae
ix,ix
ow,ow
ix,ix
r,r
iy,iy
t,s
dx,y
tcl,m
ae,ae
hv,hh
t,k
ay,ay
y,y
ae,aa
pcl,tcl
kcl,kcl
s,sh
w,w
sh,sh
axr,axr
s,s
iy,iy
iy,ux
k,k
kcl,kcl
tcl,k
dx,dx
kcl,kcl
gcl,dcl
kcl,kcl
n,n
q,q
iy,ix
sh,sh
w,w
z,s
r,r
ix,r
tcl,kcl
ih,iy
ey,ay
ch,jh
ao,ao
l,l
ey,ey
dh,dh
sh,sh
s,s
aa,aa
s,s
p,p
nx,n
ao,ao
w,w
ax,ix
ih,ih
m,m
q,q
t,t
g,p
pcl,pcl
n,n
z,z
tcl,kcl
q,q
ah,r
iy,ix
m,m
axr,axr
l,l
ao,ay
bcl,bcl
ah,ax
ay,ay
dcl,bcl
kcl,kcl
ae,ey
tcl,kcl
ux,ux
m,m
sh,sh
kcl,pcl
dx,g
d,y
eh,eh
t,jh
kcl,kcl
l,l
w,w
dcl,dcl
iy,iy
r,r
eh,ix
aa,r
oy,oy
p,p
f,f
aa,aa
ao,ao
l,l
pcl,pcl
ix,ih
l,l
dh,p
ah,ao
ax,ax
m,m
f,f
eh,eh
ih,ih
aa,r
w,v
sh,sh
tcl,tcl
v,v
tcl,q
t,t
s,s
r,r
dcl,pcl
ix,ix
l,l
iy,iy
z,z
s,s
ix,ih
iy,ix
ux,iy
k,k
ay,ay
eh,eh
r,r
ih,ih
th,t
f,f
pcl,tcl
dh,p
er,aa
ow,ow
l,l
ux,ux
k,k
ae,ae
f,f
k,k
ih,ix
kcl,kcl
p,p
eh,ih
l,l
f,f
ao,r
ao,ao
m,n
iy,iy
z,z
axr,axr
ey,ey
aa,aa
ih,iy
r,axr
axr,axr
n,n
bcl,kcl
ao,aa
ay,ay
ao,ao
s,s
iy,iy
f,f
s,s
ao,aa
ax,ax
r,r
iy,r
sh,sh
tcl,tcl
r,r
pcl,pcl
r,r
l,w
ih,ih
th,t
ix,ix
ay,oy
m,m
ah,ah
s,sh
g,k
t,t
kcl,gcl
axr,axr
hh,hh
axr,axr
ao,ow
m,m
ey,ey
m,n
dcl,kcl
ux,ux
l,l
t,t
ay,ay
s,s
v,v
kcl,kcl
r,r
th,th
ax,q
tcl,kcl
iy,ey
f,s
er,er
iy,iy
l,l
eh,eh
n,n
k,k
f,f
g,k
n,m
l,l
m,m
ih,ih
s,s
p,p
t,t
ng,ng
tcl,tcl
axr,r
ao,ao
g,g
axr,er
aw,ae
r,r
ix,axr
t,d
dcl,dcl
t,t
ih,ih
hv,hv
sh,sh
m,m
dx,dcl
r,r
g,k
iy,iy
f,f
ae,ae
l,q
r,axr
dcl,dcl
ey,ey
r,r
t,t
ix,ix
n,n
dx,dx
w,w
s,s
m,m
pcl,pcl
ix,ix
axr,er
d,d
pcl,kcl
sh,sh
dcl,dcl
w,w
ao,ao
ay,ay
ax,ax
ix,ix
ih,iy
jh,s
hh,p
dcl,dcl
n,g
ng,m
ah,ah
n,n
tcl,kcl
tcl,n
axr,axr
p,p
r,r
eh,uh
gcl,kcl
gcl,gcl
w,w
ch,jh
axr,axr
r,axr
ih,r
ax,ax
ow,ow
ix,ix
uh,ax
s,s
gcl,gcl
k,dh
kcl,kcl
r,r
bcl,bcl
ae,eh
sh,sh
t,t
dh,ix
k,kcl
el,uw
aw,ow
ah,ah
iy,iy
l,ax
ao,ao
hv,hv
iy,iy
r,r
m,dcl
iy,iy
pcl,pcl
ey,ey
iy,iy
p,p
ix,ix
ae,eh
ih,ih
ae,ay
el,l
k,k
ih,ix
r,axr
ix,ix
ux,iy
ao,ao
axr,ix
ao,ao
eh,eh
z,z
iy,iy
k,kcl
iy,ix
gcl,bcl
ae,eh
g,g
k,t
n,n
ao,ao
uh,ah
oy,oy
ax,l
ao,ao
s,s
ih,iy
ae,ae
r,r
k,k
s,s
er,er
ao,ao
ow,ow
iy,iy
ix,ix
z,s
k,k
ay,ay
t,t
iy,ih
ih,ix
ao,ao
r,er
f,p
kcl,kcl
m,m
ax,ah
tcl,tcl
gcl,gcl
sh,sh
l,l
jh,jh
ux,ux
sh,sh
z,z
tcl,kcl
s,s
ao,ao
axr,axr
ey,ey
th,f
axr,axr
aa,aa
aa,aa
f,s
p,p
aa,ay
pcl,tcl
f,f
axr,r
z,z
ae,ae
dh,dh
ow,ow
gcl,gcl
n,n
n,n
tcl,dcl
t,t
r,r
ix,ix
r,l
t,dh
q,ix
kcl,k
l,ao
k,k
f,f
iy,iy
r,r
ix,ix
ay,ay
t,t
ao,ao
kcl,q
m,m
d,dx
v,dh
r,r
n,n
l,l
ey,ey
ay,ey
hv,hv
r,r
tcl,tcl
ow,l
ao,ao
sh,sh
r,ah
l,ix
eh,eh
ae,ae
n,n
el,l
kcl,kcl
l,l
tcl,tcl
n,ng
q,q
eh,er
r,r
nx,n
m,m
iy,iy
l,l
tcl,tcl
ey,ey
ix,ix
kcl,kcl
ch,t
l,l
ow,ah
r,r
ix,ix
tcl,tcl
q,q
er,er
ah,ah
m,m
z,z
iy,iy
w,w
k,k
aw,ow
kcl,kcl
m,m
w,uw
g,g
z,z
aa,aa
dh,t
aa,ay
ay,ix
k,k
v,r
ae,ae
p,p
axr,ih
iy,iy
er,axr
k,k
k,jh
l,el
s,s
ah,ah
ay,ay
ix,ix
kcl,kcl
iy,ih
ah,ah
l,l
k,k
s,s
z,z
eh,eh
n,n
l,l
k,k
s,s
er,er
q,q
eh,ah
l,l
tcl,tcl
dcl,pcl
p,p
ah,ix
m,n
ng,ng
ih,ix
g,k
ih,ih
y,y
m,m
z,s
f,f
n,n
s,s
r,r
iy,iy
dcl,dcl
iy,iy
tcl,kcl
pcl,kcl
tcl,pcl
n,n
ix,ix
z,z
aw,aw
w,w
axr,ix
tcl,tcl
oy,oy
g,kcl
ih,ey
dh,dx
iy,iy
d,tcl
aa,aa
ix,iy
th,th
n,ng
r,v
eh,eh
r,v
y,y
gcl,gcl
dcl,dcl
ih,ih
tcl,tcl
iy,iy
ix,axr
em,m
s,s
hh,k
r,r
gcl,gcl
dh,p
z,z
ey,ay
q,q
iy,iy
r,axr
ao,ao
ax,w
iy,iy
axr,axr
en,n
k,k
ah,er
z,z
ix,ng
g,k
dcl,dcl
ae,ae
ix,ix
r,r
s,s
q,q
v,v
pcl,kcl
sh,sh
k,k
ax,ix
k,k
dcl,n
eh,eh
dcl,tcl
w,w
tcl,kcl
ih,ih
d,k
n,n
v,ix
w,m
f,f
sh,sh
ix,q
sh,sh
aa,ao
dcl,kcl
ix,l
ih,l
l,ax
k,k
dcl,gcl
d,p
pcl,kcl
m,m
ux,ux
ih,ix
z,z
nx,l
z,s
aa,aa
m,m
dcl,dcl
n,ng
r,r
gcl,bcl
q,q
ao,ao
n,n
v,tcl
m,m
ix,ix
ao,ao
pcl,kcl
z,z
ae,ae
y,y
er,er
ih,eh
kcl,kcl
eh,eh
ae,ae
r,r
gcl,gcl
kcl,kcl
sh,sh
ix,ih
dcl,dcl
sh,ch
s,s
ah,ah
l,l
gcl,w
bcl,bcl
axr,axr
eh,eh
q,kcl
ae,ae
kcl,kcl
ah,ah
m,m
hh,t
ae,ey
eh,axr
s,s
hv,hv
ao,w
g,k
ay,ay
ih,ih
m,m
bcl,bcl
ng,ng
g,g
tcl,kcl
tcl,tcl
tcl,tcl
ix,ix
eh,eh
t,t
l,l
iy,iy
ix,ey
ih,ih
tcl,f
z,s
er,er
l,l
w,l
ow,ow
m,m
n,n
ao,ao
ix,ix
ix,eh
ao,oy
ch,ch
l,l
s,s
ay,ay
tcl,tcl
ey,ey
ih,axr
nx,n
g,k
iy,iy
m,ng
m,en
kcl,tcl
ix,ix
ey,iy
ix,q
axr,er
ix,ix
sh,sh
kcl,kcl
m,m
n,m
ix,iy
aa,aa
f,p
n,m
ah,ah
k,k
q,q
m,n
ax,uh
eh,eh
ix,iy
ih,ih
s,s
g,g
er,er
l,l
s,s
dcl,tcl
g,m
dx,dx
tcl,tcl
ix,ix
hv,hv
l,l
m,m
r,r
tcl,tcl
m,n
ay,ey
ah,ax
s,s
p,p
t,d
t,t
eh,ih
s,s
ix,ix
v,p
eh,eh
dcl,dcl
ax,ah
k,k
ix,ah
eh,eh
n,m
eh,eh
iy,iy
r,r
r,axr
t,t
bcl,dcl
ix,ix
pcl,pcl
z,z
y,y
kcl,kcl
er,er
n,n
ix,ix
tcl,tcl
ah,ax
aa,aa
l,ow
ix,ih
uh,axr
bcl,pcl
kcl,kcl
iy,iy
n,n
r,er
y,y
aa,aa
ah,r
z,z
ix,r
axr,axr
t,ch
ux,ux
iy,y
th,v
ix,ix
iy,iy
eh,ay
ix,ix
ng,m
sh,ch
ix,ix
ih,ih
n,v
r,eh
l,ow
dx,dx
ao,ao
d,d
th,dh
k,k
er,axr
iy,iy
sh,sh
ah,ah
s,s
eh,r
t,t
p,hh
n,n
iy,hv
ah,aa
uh,ao
ow,ao
en,n
w,w
q,q
ah,ah
t,t
l,l
n,n
k,jh
ao,aa
ae,ae
s,s
th,v
n,n
ah,aa
ah,ax
ix,en
w,w
ix,ix
er,er
hv,w
ao,ao
iy,iy
l,w
pcl,pcl
ae,eh
ah,l
ax,ix
aa,l
ao,ao
w,w
el,ax
k,k
w,w
s,s
iy,iy
ih,ih
f,f
er,er
eh,eh
iy,ih
aa,r
tcl,kcl
ax,ax
aa,r
axr,axr
l,l
aa,ah
d,tcl
n,n
p,f
axr,axr
ix,ix
z,z
s,s
p,tcl
en,n
axr,axr
tcl,kcl
p,p
eh,ah
ao,w
ux,ux
z,s
n,n
z,z
ih,ih
v,v
eh,ix
dcl,bcl
el,el
w,w
dcl,dcl
ih,ow
hv,jh
sh,s
k,k
dcl,dcl
l,l
k,k
r,r
ix,ih
th,th
ix,ix
uh,ix
aa,aa
ih,ix
tcl,tcl
l,l
ah,ix
ch,t
iy,iy
f,kcl
er,er
ih,ih
s,t
bcl,dcl
dx,dx
t,ch
l,w
ux,ux
ax,ax
y,ng
w,w
pcl,tcl
g,k
ix,ix
uw,uw
ae,ae
kcl,kcl
ix,ix
oy,oy
ax,ax
p,hh
ih,ih
eh,eh
r,axr
v,v
er,axr
ch,t
axr,axr
iy,iy
w,w
n,n
eh,ix
s,s
er,er
f,f
w,v
t,t
m,m
s,s
aa,ah
l,r
kcl,kcl
z,sh
dcl,dcl
aa,aa
ix,ix
k,k
iy,iy
sh,sh
ow,ao
bcl,bcl
y,m
ix,ix
p,p
m,ng
f,f
ih,ih
w,w
w,w
pcl,kcl
t,t
hv,hv
ih,ix
f,f
z,z
ix,q
iy,iy
ax-h,z
ch,ch
f,f
f,t
z,z
tcl,kcl
z,s
el,q
ih,ey
ax,ax
f,kcl
n,ng
w,r
ow,ow
ax,l
ix,ix
r,ao
l,l
ih,ix
ao,ao
ih,ih
t,t
z,z
jh,ch
ih,ih
m,m
ah,ay
kcl,kcl
iy,iy
dcl,bcl
ux,ih
v,dh
iy,iy
kcl,kcl
er,oy
m,m
z,z
axr,ix
n,en
ah,ae
kcl,tcl
er,axr
ah,ah
ae,ae
aa,aa
w,w
tcl,tcl
eh,ix
l,ah
ae,ae
ix,ix
ih,ah
bcl,bcl
k,k
iy,ih
sh,sh
w,w
ay,ay
er,er
axr,r
ey,ey
w,w
l,l
n,n
ae,ae
z,s
ow,w
ix,ix
oy,oy
axr,er
ae,eh
tcl,kcl
ow,ow
t,t
pcl,pcl
ow,ow
tcl,tcl
t,k
ix,q
tcl,tcl
r,r
s,s
r,axr
ae,ae
kcl,kcl
k,k
g,d
eh,eh
k,k
s,s
ae,ae
ey,ey
ih,ih
l,q
er,er
w,w
t,t
ng,n
ay,ay
v,v
ae,eh
ix,iy
tcl,kcl
el,l
ow,eh
eh,ih
pcl,kcl
l,ix
s,s
eh,ih
m,m
d,p
kcl,kcl
r,q
g,k
d,d
dh,v
t,ch
r,axr
gcl,dcl
k,k
eh,ix
s,s
er,er
ix,ix
iy,iy
d,dcl
s,s
ix,ih
sh,sh
dcl,dcl
ae,ae
tcl,tcl
n,m
v,ax
ix,ix
ao,ao
y,y
ah,aa
l,l
g,p
iy,iy
r,ao
t,t
en,n
axr,dx
s,s
ux,iy
s,s
r,axr
iy,iy
kcl,kcl
ax,ix
n,n
q,q
ix,ux
l,m
tcl,pcl
eh,eh
eh,ix
kcl,kcl
n,m
ih,iy
n,n
n,ng
ix,ih
z,z
eh,ae
p,kcl
l,w
q,q
ow,ow
z,s
axr,w
f,f
r,r
q,iy
ae,ae
dcl,kcl
v,dx
k,kcl
er,er
kcl,tcl
ey,ay
k,k
ix,ix
kcl,kcl
ax,ix
n,m
ix,ix
ao,ao
tcl,kcl
ae,ae
el,l
eh,ax
dh,dh
gcl,kcl
ix,ix
gcl,gcl
ih,ih
p,p
iy,iy
el,ow
kcl,kcl
gcl,dcl
eh,eh
t,t
s,s
dcl,n
g,g
ix,ix
s,s
axr,axr
tcl,dcl
ix,ix
iy,y
bcl,bcl
ih,ix
q,kcl
t,k
iy,ih
k,k
w,w
l,l
ax,ax
ah,ah
gcl,gcl
pcl,kcl
sh,sh
k,k
en,m
ix,ix
s,z
k,p
pcl,tcl
kcl,k
eh,ih
ay,ay
z,z
l,ao
ey,ey
t,t
z,z
dcl,tcl
z,s
w,w
ah,ix
v,q
axr,axr
tcl,kcl
kcl,kcl
ow,ow
kcl,kcl
iy,iy
dcl,bcl
dx,dx
d,t
s,s
ix,ix
z,hh
ix,ix
l,l
dh,hv
k,k
iy,iy
bcl,n
l,aa
v,v
l,l
kcl,kcl
n,n
iy,iy
g,g
en,n
m,m
y,iy
n,en
l,w
axr,er
kcl,kcl
iy,y
r,r
ix,iy
k,k
t,t
hv,hv
axr,r
er,er
r,axr
k,g
pcl,pcl
d,d
p,p
ay,ey
uw,uw
m,m
ay,ay
kcl,kcl
ih,iy
ih,ix
q,k
ch,ch
v,v
hh,p
dcl,dcl
p,p
kcl,kcl
z,z
eh,eh
n,m
ih,ih
ax,ix
bcl,tcl
l,l
y,y
dx,dcl
ih,ih
iy,iy
ah,ao
n,n
w,w
ih,ih
ao,ow
r,r
ay,ay
q,q
iy,iy
ah,eh
l,l
ng,ng
ow,ow
n,ix
kcl,gcl
aa,ao
m,m
ae,ae
v,w
iy,iy
ax,ax
m,m
iy,y
pcl,pcl
tcl,q
r,r
g,k
aa,aa
ao,ao
axr,axr
eh,axr
t,q
s,s
ah,ao
z,s
p,p
n,n
f,f
s,s
ch,ch
bcl,bcl
m,m
ao,ao
kcl,kcl
ay,ay
n,m
k,kcl
m,m
n,n
dcl,dx
iy,iy
ax,ax
ax,ix
t,t
ao,aa
p,hh
ih,ax
sh,sh
er,er
tcl,tcl
dh,b
ao,ao
eh,l
ax,ax
iy,iy
iy,ey
ey,iy
r,r
ix,ix
tcl,kcl
ix,ih
t,t
gcl,kcl
pcl,pcl
z,z
dh,p
w,w
axr,axr
ah,ah
iy,iy
ao,aa
n,n
hv,hv
aa,ay
oy,oy
ow,uh
dcl,tcl
iy,iy
kcl,kcl
m,m
ix,ix
ey,ey
r,r
aw,aw
tcl,kcl
l,uw
eh,ay
ih,ix
ay,ay
ae,ae
ix,ix
l,l
f,f
gcl,kcl
ae,eh
er,er
ix,ix
w,w
p,p
ih,axr
iy,iy
r,r
s,s
dcl,dcl
n,n
th,f
n,n
v,v
ih,y
sh,sh
axr,axr
ng,n
v,v
r,r
axr,r
ux,iy
p,p
iy,iy
aa,ao
ae,ae
kcl,kcl
tcl,tcl
k,k
ax,nx
w,w
pcl,kcl
ih,iy
dcl,dx
z,s
ix,ix
ix,ix
l,l
ax,ix
ch,ch
s,s
er,er
r,ao
n,n
sh,s
ay,ay
gcl,dcl
axr,axr
l,uw
ay,ay
s,s
n,n
nx,q
ae,ae
s,s
r,axr
d,dx
iy,iy
t,d
ix,r
q,axr
dx,n
q,q
ao,aa
tcl,tcl
s,s
ix,ix
ng,ix
s,s
pcl,pcl
ey,iy
dh,v
kcl,kcl
kcl,kcl
l,ax
aw,aa
iy,q
t,t
jh,jh
v,v
pcl,pcl
tcl,kcl
aa,aa
oy,oy
tcl,tcl
iy,iy
m,m
ih,iy
kcl,kcl
l,l
s,t
r,r
p,p
n,n
dcl,dcl
dh,n
pcl,tcl
eh,eh
jh,jh
ey,ey
kcl,kcl
dh,dh
aa,aa
t,t
hv,hv
q,q
ix,ix
dcl,dcl
ae,ay
ih,ih
iy,iy
tcl,tcl
gcl,gcl
q,q
n,m
ae,ae
dcl,dcl
ih,ix
ih,iy
g,g
ix,ix
nx,n
en,n
sh,sh
s,s
s,z
n,n
s,s
axr,er
s,s
ae,ae
r,r
r,r
kcl,kcl
ey,ay
kcl,kcl
s,s
n,n
hh,tcl
ih,iy
s,s
z,z
tcl,tcl
q,q
r,r
el,el
gcl,dcl
aa,ao
er,er
l,q
m,n
w,w
ax,dh
n,m
m,dx
t,d
z,z
tcl,tcl
l,l
iy,iy
el,ow
dcl,dx
t,t
kcl,kcl
n,n
ae,q
axr,r
t,t
ix,ix
n,n
ae,ae
ix,ix
er,er
ey,ey
axr,axr
dcl,dcl
bcl,bcl
ow,ow
eh,ah
ow,l
p,p
bcl,bcl
r,r
eh,eh
hh,hh
pcl,pcl
iy,iy
ao,ao
p,p
w,w
p,p
er,er
n,n
z,z
tcl,kcl
r,r
tcl,kcl
ao,ao
r,axr
r,r
jh,d
ux,ux
sh,sh
sh,sh
ae,eh
eh,ix
pcl,kcl
ix,axr
dh,dh
z,s
pcl,kcl
dx,n
ow,ow
tcl,tcl
dx,m
y,y
ao,aa
jh,jh
n,n
l,w
s,sh
aa,aa
ow,l
ix,ix
n,n
v,w
jh,jh
hv,hv
r,iy
ax,ix
p,p
t,q
axr,axr
k,k
aa,ao
t,t
t,t
dx,g
ae,ae
ey,ey
v,d
ix,ix
l,l
aa,ay
n,m
ay,ay
ax,ix
dcl,tcl
l,w
ih,iy
ix,ax
ix,ix
kcl,kcl
d,t
w,w
jh,jh
bcl,pcl
oy,oy
iy,iy
s,s
k,k
dh,dh
iy,iy
ao,oy
s,s
pcl,tcl
s,s
ah,ax
axr,axr
m,m
t,t
l,l
ux,iy
er,er
s,s
oy,oy
tcl,tcl
ix,ix
ao,ao
ah,ah
bcl,pcl
ax,ah
ih,ix
ux,ux
g,k
dcl,tcl
bcl,bcl
aa,aa
s,s
sh,sh
ix,ix
ax,ax
ix,ix
ae,ae
s,s
k,g
ax,ax
ix,ix
ay,ey
r,r
m,m
g,d
r,axr
kcl,kcl
n,n
z,z
l,l
dh,dh
ao,aa
s,s
dx,dcl
tcl,tcl
ae,ae
ah,ah
n,q
tcl,pcl
s,s
ax,ax
ax,ax
kcl,kcl
bcl,bcl
tcl,pcl
dcl,dcl
iy,iy
f,f
l,l
v,bcl
l,w
ix,ix
dcl,dcl
k,k
s,s
ao,ao
eh,ay
oy,oy
ae,ae
n,n
er,er
eh,q
en,en
iy,iy
n,n
ix,ix
tcl,tcl
ao,ao
ah,q
axr,ix
dh,g
axr,er
ah,ah
kcl,kcl
hh,k
p,p
gcl,kcl
m,m
ah,eh
axr,axr
dh,dh
s,s
f,f
iy,ix
s,sh
ax,ax
r,r
ae,ae
ix,ix
g,g
nx,n
jh,zh
n,n
l,l
s,s
d,d
ix,ix
q,q
t,t
p,p
tcl,kcl
z,z
t,t
ah,ax
tcl,kcl
hv,hv
l,w
kcl,kcl
ax-h,k
ax,ih
d,tcl
l,el
t,t
ix,iy
l,l
ih,ix
ao,aa
dcl,dcl
w,w
t,ch
iy,iy
uw,uw
ah,eh
z,z
ih,ih
l,l
ax,ax
ao,ao
y,iy
er,er
ao,ao
ih,ix
s,s
n,n
aa,aa
iy,iy
el,ao
q,q
v,pcl
ay,aa
iy,iy
ix,ih
dcl,dcl
n,n
ix,ix
ow,l
ix,ix
nx,nx
w,w
ax,ix
ix,ix
gcl,dcl
ux,n
z,s
p,k
l,l
axr,axr
ay,ay
ix,ix
m,m
ao,ao
r,r
z,z
bcl,m
kcl,kcl
f,f
tcl,pcl
ih,ih
kcl,kcl
ih,ix
l,l
pcl,pcl
dcl,tcl
y,ix
uh,ax
tcl,tcl
ih,ih
bcl,pcl
kcl,kcl
n,tcl
aw,aa
bcl,bcl
m,ng
z,s
k,k
dx,dx
n,n
ow,ow
ae,ae
jh,k
iy,iy
iy,iy
ow,ow
ih,ix
ix,ix
q,q
m,m
s,s
ch,ch
s,s
kcl,kcl
el,el
kcl,kcl
ah,eh
f,sh
ae,ae
el,ax
ax-h,p
ih,ix
axr,axr
m,m
jh,jh
s,s
n,n
hh,hh
iy,iy
hv,hv
m,m
ae,eh
nx,n
k,k
t,sh
kcl,kcl
y,y
l,l
k,k
oy,oy
z,z
q,q
kcl,kcl
ey,ey
ng,n
ae,ae
el,l
z,z
dcl,dcl
d,t
f,f
sh,sh
iy,iy
axr,axr
dh,dh
dcl,kcl
iy,iy
ah,axr
aa,aa
ah,q
ih,ih
ay,ay
iy,iy
ao,r
aw,aw
l,l
bcl,kcl
tcl,tcl
z,s
hv,hv
v,pcl
bcl,bcl
n,m
dx,dx
ix,ix
m,ng
k,k
sh,sh
ih,ix
ae,ay
k,k
iy,iy
q,q
jh,jh
hv,hh
tcl,tcl
n,ng
iy,iy
ey,ey
ey,ey
gcl,dcl
ah,ux
ae,ae
eh,ih
n,n
n,m
eh,eh
r,ay
dx,dx
dcl,dx
ix,iy
pcl,pcl
kcl,q
s,s
iy,iy
eh,eh
ey,ey
s,s
r,r
ae,ae
r,r
ax,ax
f,sh
k,k
axr,r
aa,aa
n,n
r,r
hv,y
n,n
r,r
eh,eh
ao,ao
m,m
tcl,n
l,l
ax,ax
l,l
l,ix
ix,ix
pcl,pcl
k,k
ch,sh
uw,uw
ix,ix
w,w
dx,dcl
q,q
z,s
l,ao
kcl,kcl
iy,iy
bcl,dcl
s,s
iy,iy
kcl,kcl
z,z
eh,eh
r,ao
iy,iy
ay,ay
axr,ix
q,q
ix,ix
t,s
l,l
ih,ey
eh,eh
ng,ng
hh,hv
ng,n
th,s
n,n
axr,ix
z,z
ix,axr
axr,axr
ih,ih
ih,ax
iy,iy
kcl,kcl
l,l
dh,dh
s,z
bcl,pcl
q,q
eh,hv
m,m
dx,q
ix,ix
uh,ao
ng,ng
pcl,tcl
tcl,tcl
ix,eh
ao,ao
iy,iy
pcl,pcl
k,k
l,q
r,iy
ao,ao
iy,iy
tcl,tcl
ow,eh
dx,d
bcl,pcl
el,el
ao,ao
l,l
dcl,tcl
l,l
n,ng
kcl,kcl
gcl,tcl
eh,ah
l,l
ay,ay
r,r
g,g
ay,ay
ix,iy
ih,ih
tcl,m
ae,ae
ae,ae
d,k
aa,aa
k,k
ao,ao
gcl,kcl
t,ch
dcl,pcl
n,n
bcl,bcl
iy,iy
ix,eh
ao,aa
t,t
ix,n
r,r
tcl,bcl
ah,ah
r,r
y,iy
tcl,pcl
s,s
r,ao
m,w
eh,eh
dcl,bcl
w,w
g,k
dcl,dcl
ey,iy
k,k
z,z
t,t
jh,jh
k,k
f,f
s,s
dcl,dcl
gcl,gcl
kcl,kcl
ao,ao
ix,ix
s,s
iy,iy
ae,ae
ih,iy
en,n
s,s
l,l
ix,eh
ix,ix
r,r
t,jh
iy,iy
ay,ay
axr,r
m,m
tcl,tcl
th,t
uh,ow
t,t
tcl,tcl
r,r
sh,sh
eh,eh
q,q
y,d
z,z
r,r
em,m
ix,ix
w,w
z,z
tcl,kcl
l,aa
ow,q
p,p
ix,ix
ux,ux
l,l
ix,ih
r,r
ae,ae
ux,ng
eh,eh
kcl,kcl
ax,n
t,t
iy,iy
w,w
iy,iy
r,r
bcl,bcl
m,m
m,m
n,ng
v,hv
k,k
m,m
n,en
sh,sh
l,l
ix,ix
n,n
ih,ix
ax,ix
tcl,kcl
t,t
pcl,p
tcl,pcl
pcl,kcl
m,m
iy,iy
s,s
kcl,kcl
s,s
n,n
s,s
l,l
s,s
iy,iy
ix,ih
dcl,q
bcl,dcl
pcl,tcl
k,k
q,q
pcl,pcl
el,ax
ix,ix
axr,er
p,p
ae,eh
sh,sh
f,f
t,t
iy,iy
ih,ix
w,w
iy,ix
ah,ay
ae,ae
f,f
ay,ay
kcl,kcl
r,r
ix,iy
ux,y
er,er
bcl,bcl
ow,ow
l,q
l,w
ih,ih
pcl,kcl
en,n
axr,axr
n,n
m,m
w,w
s,s
y,y
s,s
n,dcl
ey,ey
s,sh
ae,ae
q,q
er,er
ih,ix
ix,ix
tcl,kcl
ey,ey
aa,aa
ah,ay
t,t
pcl,kcl
l,el
dx,dx
gcl,gcl
r,r
kcl,kcl
n,n
f,f
m,m
n,m
l,r
w,w
ax,ax
pcl,pcl
iy,iy
r,r
r,r
g,k
eh,eh
ix,ix
ao,r
d,dx
el,q
iy,iy
eh,eh
tcl,kcl
dcl,n
ay,ay
iy,iy
ix,ix
t,t
ae,ae
v,w
el,ax
ao,ao
v,v
z,z
n,n
ih,ih
k,k
ah,eh
zh,jh
oy,oy
k,k
v,v
ix,ix
aa,l
iy,iy
ow,ow
ux,ux
ix,ix
ih,ay
s,s
s,s
ix,q
tcl,pcl
iy,iy
bcl,pcl
oy,ax
r,aa
r,r
axr,axr
w,ao
n,n
l,l
aa,oy
tcl,tcl
ao,w
ng,n
n,ng
dcl,m
dx,n
sh,sh
tcl,tcl
m,m
r,r
ay,ay
hh,hh
s,s
ey,ey
s,s
kcl,kcl
eh,eh
tcl,kcl
ae,ae
k,k
ih,ix
ae,ae
w,w
ix,ix
l,l
k,k
ix,eh
aa,aa
ae,ae
ae,ae
p,p
y,y
l,ix
ux,iy
bcl,bcl
kcl,kcl
axr,axr
w,w
ih,iy
uw,m
gcl,dcl
m,n
n,n
ih,ow
t,d
ix,ix
ao,ax
f,f
g,k
aa,aa
ix,q
w,w
p,p
tcl,tcl
l,w
bcl,bcl
axr,er
r,r
r,r
ah,ah
w,w
k,k
n,n
eh,axr
s,s
ay,ay
bcl,bcl
ih,ix
b,p
l,l
aa,q
axr,axr
ax,ix
aw,aw
ix,ax
kcl,pcl
axr,axr
s,s
tcl,tcl
k,k
iy,iy
l,ix
s,s
ow,ow
ch,sh
z,s
v,tcl
s,s
n,n
ix,ih
w,w
dcl,kcl
ey,ey
dx,dx
n,en
b,p
kcl,kcl
r,r
gcl,gcl
r,axr
axr,q
ng,ng
ix,ih
dx,dx
gcl,gcl
s,s
q,q
f,f
y,iy
kcl,kcl
f,f
r,ix
dh,f
hv,p
sh,sh
n,n
z,sh
dcl,dcl
sh,sh
s,s
ae,ay
tcl,kcl
dx,nx
tcl,kcl
jh,t
dcl,dcl
d,t
en,ix
n,n
jh,jh
z,z
pcl,tcl
ax,ax
ix,ix
s,s
s,sh
kcl,kcl
n,n
ng,ng
ng,ng
s,s
ow,el
ih,ix
tcl,kcl
gcl,kcl
iy,iy
ih,iy
ay,ay
ey,oy
gcl,n
kcl,kcl
sh,sh
r,ax
ao,ao
t,t
tcl,kcl
r,r
p,k
gcl,kcl
k,k
kcl,kcl
ae,ae
ay,ay
v,v
ah,eh
dcl,kcl
em,m
iy,iy
ow,ow
ih,ih
r,r
ih,ey
ax,ah
axr,axr
m,n
y,iy
n,n
z,z
ae,ae
l,l
r,r
jh,jh
s,s
kcl,kcl
uh,ih
n,ng
q,q
ix,ix
w,w
gcl,bcl
l,l
axr,axr
t,t
tcl,tcl
nx,n
th,dh
l,l
s,s
hv,hv
n,ng
b,pcl
pcl,pcl
iy,iy
q,q
tcl,pcl
ih,ix
iy,ix
iy,iy
q,q
l,l
tcl,kcl
axr,axr
y,y
ix,iy
ah,aa
k,k
ay,ay
p,p
k,k
axr,axr
iy,iy
ae,eh
ae,ae
tcl,pcl
w,ao
r,ao
g,g
dcl,n
k,k
n,n
tcl,kcl
gcl,kcl
z,s
r,axr
l,l
l,l
w,w
el,l
s,s
z,z
bcl,gcl
m,m
s,s
m,m
r,r
f,f
iy,iy
r,r
ux,ux
y,y
k,k
m,m
axr,axr
d,k
er,axr
ax,ax
k,k
r,r
l,l
hv,iy
l,l
ax,ax
kcl,kcl
ih,ix
q,q
s,s
th,z
ux,ux
k,k
ae,eh
m,m
v,ix
t,t
gcl,dcl
axr,axr
ix,ix
ih,ux
axr,r
ix,iy
ix,ix
dx,dx
z,zh
l,l
kcl,kcl
r,axr
ux,ux
dcl,dcl
pcl,pcl
pcl,pcl
ih,ih
z,z
ch,ch
z,z
ao,ao
ix,ng
axr,axr
k,k
ix,ix
ix,ix
m,m
dcl,dcl
p,p
kcl,kcl
eh,eh
ih,ey
iy,ih
m,m
dh,th
s,s
ix,iy
s,s
k,k
iy,iy
d,b
iy,iy
eh,eh
g,g
er,er
tcl,tcl
ao,ao
tcl,tcl
n,n
s,s
dh,dh
q,q
w,w
t,t
ey,ey
gcl,kcl
n,n
ix,ix
k,k
th,th
tcl,kcl
bcl,m
m,m
iy,iy
l,l
ey,ey
ae,ae
hv,hv
oy,oy
r,r
q,q
s,s
ix,iy
en,n
ix,iy
t,d
w,w
iy,iy
s,s
ax,w
b,p
ix,ix
jh,ch
s,s
ah,ah
ih,ix
ey,iy
s,s
ae,ay
axr,axr
uh,ux
v,v
z,jh
ix,ey
ax,ax
n,n
dcl,dcl
ay,ay
m,m
z,z
ay,ay
ih,ih
ux,ix
ih,eh
f,f
dcl,dcl
y,y
l,l
l,ow
b,p
dh,q
kcl,kcl
ao,ao
eh,ey
n,n
r,aa
n,ng
tcl,kcl
n,n
ih,ih
k,k
kcl,kcl
ch,t
em,m
hv,v
s,s
r,ix
m,ng
ix,ih
m,m
l,l
z,z
tcl,pcl
z,z
z,s
ix,ix
r,r
axr,er
oy,oy
pcl,pcl
ix,ix
eh,eh
ow,ow
n,gcl
aa,aa
kcl,kcl
s,s
l,l
iy,iy
n,m
ax,ax
ey,ey
bcl,bcl
t,t
v,v
v,v
s,s
t,d
m,m
ey,iy
iy,iy
r,r
kcl,kcl
ay,ay
ax,ax
q,q
l,l
r,axr
ow,l
r,r
ay,ay
ay,ay
kcl,kcl
iy,iy
ix,axr
th,th
nx,m
ix,ey
ih,ix
ow,ow
y,iy
g,k
l,l
n,q
s,s
ae,ae
n,n
eh,ae
ae,ae
iy,iy
q,q
s,s
r,r
er,er
ih,ix
tcl,kcl
er,er
kcl,kcl
aa,aa
f,f
nx,n
q,dh
m,n
pcl,kcl
iy,iy
sh,sh
dh,dh
r,r
ey,ey
k,p
r,r
r,r
ae,iy
dh,g
n,n
ao,ao
ix,ix
eh,axr
ix,ix
w,w
ow,ow
pcl,kcl
iy,iy
n,n
aa,ay
y,q
ix,n
m,n
f,f
f,f
dcl,dcl
eh,ae
nx,n
ay,ay
k,k
r,r
k,k
iy,iy
ch,t
aa,aa
ax,ix
m,m
r,r
iy,iy
n,n
v,v
tcl,gcl
f,f
w,w
m,m
th,dh
ih,axr
ae,ae
hv,hv
ch,ch
kcl,kcl
w,w
dx,dx
p,p
q,q
n,m
ah,ah
kcl,kcl
ax,ax
axr,ix
dh,t
dcl,tcl
g,k
ae,ae
w,r
t,t
z,z
iy,iy
dh,v
gcl,gcl
p,p
kcl,pcl
axr,axr
w,ao
m,m
sh,s
ix,iy
iy,iy
l,m
s,s
eh,eh
v,tcl
ae,ae
iy,iy
aa,ao
ux,iy
ih,ih
ix,ix
kcl,kcl
w,w
ae,ae
sh,sh
iy,iy
ae,ay
tcl,tcl
tcl,tcl
kcl,kcl
ah,eh
r,r
eh,ey
z,z
q,q
f,f
ix,ix
iy,iy
k,k
ao,ao
r,r
kcl,kcl
ix,ih
ih,ax
l,l
ow,ow
dx,dx
axr,axr
ow,ow
kcl,kcl
s,sh
n,n
tcl,kcl
iy,iy
iy,iy
ix,ix
nx,n
kcl,kcl
uw,uw
dx,ix
er,axr
eh,eh
z,s
ix,ix
tcl,kcl
q,q
l,l
m,m
uw,ux
iy,iy
q,q
ax,ix
s,s
l,w
r,r
t,t
z,s
z,z
s,s
eh,ih
el,el
axr,axr
s,s
n,n
uh,el
ao,ao
w,w
z,z
aa,ao
p,p
l,l
eh,eh
ih,ix
axr,ux
z,z
gcl,kcl
l,l
iy,iy
aa,aa
f,f
k,p
s,s
ae,ae
ix,ux
ix,ix
d,d
dh,p
k,k
hh,p
kcl,kcl
f,f
s,s
n,n
v,v
oy,oy
kcl,tcl
ae,ae
p,p
l,m
kcl,pcl
q,q
pcl,pcl
z,z
iy,iy
dx,dx
pcl,tcl
aa,aa
sh,sh
pcl,pcl
ix,ix
m,m
t,k
s,s
aa,ao
r,r
r,ix
ax,el
k,k
n,n
r,q
ay,ay
m,m
tcl,tcl
r,axr
q,q
tcl,tcl
gcl,gcl
ae,ae
f,f
k,k
tcl,tcl
iy,n
r,r
ey,iy
m,n
ey,ey
n,n
s,s
iy,iy
dcl,kcl
ih,ih
v,r
kcl,kcl
z,s
dh,dh
pcl,kcl
dcl,dx
r,r
ih,ih
bcl,m
ax,r
ih,ih
er,axr
ih,iy
dh,k
iy,iy
n,n
ih,ey
z,z
ae,ae
s,s
d,t
kcl,kcl
oy,oy
n,nx
y,y
ax,axr
iy,iy
l,l
w,w
ay,ay
d,dx
k,kcl
tcl,tcl
dh,q
q,q
t,t
bcl,bcl
n,n
axr,axr
ow,ow
ah,ah
iy,iy
s,sh
l,l
aa,aa
eh,ae
n,n
axr,axr
ix,ix
w,w
ix,ix
tcl,pcl
ay,ay
sh,sh
t,t
w,r
k,t
uw,ux
r,r
s,s
z,z
axr,axr
ix,ix
ey,iy
iy,iy
r,axr
s,s
ix,q
m,m
tcl,gcl
eh,ey
dh,f
ey,ae
w,w
ch,ch
s,s
zh,sh
m,n
tcl,kcl
kcl,kcl
tcl,tcl
ae,ae
oy,oy
ae,ae
pcl,tcl
ey,iy
n,ng
gcl,dcl
er,axr
ix,ix
s,s
ix,ix
s,s
k,k
ix,axr
l,l
ao,ao
l,q
iy,iy
l,ow
ae,ae
y,y
dcl,dcl
p,p
ih,eh
ng,ng
tcl,tcl
dh,dh
er,er
t,t
r,r
eh,eh
ih,ey
m,m
dx,ix
ix,iy
q,q
iy,ey
dcl,kcl
axr,axr
s,s
tcl,pcl
ix,y
dcl,dcl
tcl,tcl
w,w
er,er
ay,ay
bcl,pcl
ih,iy
iy,iy
ng,ng
er,er
ix,axr
m,m
ih,ey
dh,dh
ae,ae
jh,ch
ah,ax
g,k
ix,ix
ix,ix
t,t
r,r
r,axr
tcl,kcl
z,z
tcl,kcl
kcl,tcl
l,l
ae,ae
ow,ao
el,l
ax,ax
ae,ay
iy,iy
n,n
ix,ix
ux,ux
axr,er
ax,q
ax,axr
n,nx
ux,iy
r,r
ah,aa
r,r
f,f
p,p
t,t
kcl,tcl
ax,ah
eh,ih
t,t
kcl,kcl
l,l
f,p
ix,ix
p,p
ux,ux
dcl,dcl
ih,ax
en,n
kcl,tcl
t,t
n,n
ix,ix
m,m
kcl,kcl
ax,r
tcl,tcl
iy,iy
ao,ao
ax,ax
kcl,pcl
r,r
en,n
tcl,dcl
jh,t
q,q
pcl,tcl
m,n
n,n
p,f
eh,ah
w,w
l,l
l,l
r,w
q,q
jh,z
pcl,kcl
er,axr
w,ax
jh,jh
aa,aa
ao,aa
eh,ix
oy,oy
hh,hv
s,s
s,z
n,n
pcl,pcl
gcl,kcl
z,z
y,y
s,s
dh,v
ow,ao
iy,iy
m,m
l,l
aa,aa
er,axr
bcl,bcl
aa,aa
sh,sh
ih,ix
ao,ao
tcl,tcl
sh,sh
ix,ix
ao,ao
f,f
dh,n
ix,ix
l,q
ix,ix
ao,ao
l,l
dx,dx
sh,sh
kcl,kcl
dcl,bcl
l,l
s,s
l,l
l,l
kcl,kcl
n,m
eh,eh
ow,ow
f,f
m,m
kcl,kcl
w,w
ah,ah
hv,hv
ow,ow
ix,ix
dh,d
kcl,tcl
jh,jh
s,z
dcl,tcl
z,z
sh,sh
sh,sh
g,g
bcl,bcl
jh,jh
ix,ix
ao,w
v,v
l,iy
ao,ao
r,axr
v,v
z,z
ux,ux
eh,eh
ix,ix
eh,ey
z,s
er,er
r,axr
ae,ae
el,el
tcl,pcl
kcl,kcl
iy,iy
ih,ix
ax-h,t
s,s
s,s
aa,aa
ix,ix
ey,ey
l,l
dx,q
ax,ix
iy,iy
iy,ix
jh,t
tcl,pcl
ih,ix
ix,ix
ix,ax
m,m
f,f
q,tcl
hh,hh
g,k
q,q
dx,dx
ih,ih
r,er
ng,m
m,n
pcl,pcl
q,q
ix,ix
f,f
iy,iy
pcl,pcl
aa,aa
y,y
ix,ix
tcl,tcl
m,m
aw,aw
y,y
ay,ay
pcl,kcl
k,k
ux,ux
ey,ey
hv,hv
ix,ix
pcl,pcl
ae,ae
ah,ih
r,r
ah,ah
uw,l
ux,y
ix,ix
s,sh
ix,ix
kcl,kcl
sh,sh
n,n
k,k
s,s
ux,ux
dcl,dcl
tcl,pcl
ao,ao
ix,ix
ih,ih
tcl,tcl
em,m
w,w
ax,ax
tcl,kcl
ah,axr
ao,ow
f,kcl
ix,ix
s,s
f,f
pcl,tcl
ux,ux
ix,ax
s,s
l,l
en,ix
ux,ih
dh,dh
tcl,tcl
ix,iy
r,er
dx,dx
l,l
v,v
v,v
aa,ay
q,q
ah,ah
ae,ae
gcl,gcl
ux,ix
ih,ux
k,kcl
w,w
ix,ix
kcl,kcl
gcl,axr
eh,ih
n,n
n,n
eh,eh
l,l
bcl,gcl
iy,iy
s,s
ae,hv
dcl,tcl
hh,hh
z,z
r,axr
el,ax
hh,q
gcl,kcl
ey,ey
v,th
r,axr
w,w
v,v
p,p
p,kcl
w,uh
p,p
w,w
n,n
bcl,bcl
ix,ix
w,w
ao,ao
s,s
w,w
s,s
ix,ix
s,s
ao,ao
v,hh
t,t
y,y
hv,hv
er,er
s,s
p,p
l,l
iy,iy
dcl,dcl
iy,iy
n,n
ix,ix
ix,ix
p,p
dx,n
ix,ix
aw,ae
ix,ix
tcl,tcl
pcl,tcl
dcl,kcl
dcl,dcl
z,s
aa,aa
l,l
ix,ih
sh,sh
ax,ao
r,r
tcl,tcl
axr,er
z,s
ux,ux
iy,iy
iy,iy
s,s
ax,ax
b,p
tcl,kcl
t,t
m,m
q,ow
n,tcl
ih,ix
iy,iy
ng,m
s,s
ux,ux
aa,aa
kcl,kcl
l,ih
ih,ih
iy,iy
kcl,kcl
ey,ey
aa,ao
s,s
n,n
n,n
aa,aa
r,axr
s,s
ae,ae
ng,ng
m,m
ae,ae
w,w
ih,ih
ix,ix
dh,kcl
tcl,q
s,s
k,k
ih,ey
k,k
l,l
p,p
l,w
pcl,tcl
iy,iy
ax,dx
kcl,kcl
dx,dx
q,q
pcl,pcl
aa,aa
v,ax
axr,axr
aa,aa
r,r
er,er
en,m
ix,ix
s,s
d,t
l,l
n,q
p,p
dx,m
ix,q
f,f
s,s
y,y
l,w
r,r
iy,iy
pcl,gcl
r,r
w,w
oy,oy
k,k
ae,axr
aw,oy
r,axr
uh,ao
ah,eh
ix,iy
r,r
dx,dx
ow,ow
iy,iy
eh,eh
pcl,pcl
ix,ix
r,axr
n,n
y,iy
ey,ey
iy,ix
ae,ae
s,s
m,m
bcl,bcl
th,th
aa,aa
s,s
f,f
tcl,kcl
iy,iy
kcl,pcl
n,m
ix,ix
ih,ih
ch,sh
iy,iy
ix,ix
l,m
m,m
axr,axr
ax,ax
ow,er
r,r
n,ix
ay,ay
s,sh
eh,eh
gcl,gcl
k,k
iy,iy
axr,axr
ix,ix
kcl,kcl
l,ax
k,k
f,f
dh,n
kcl,kcl
ix,ix
iy,iy
ih,ix
k,k
iy,iy
eh,ih
th,dh
oy,oy
jh,jh
kcl,kcl
ae,ae
iy,iy
ih,ih
ux,iy
ae,ey
ih,iy
m,q
kcl,kcl
r,r
axr,axr
q,q
ix,ix
ih,ih
t,d
eh,eh
tcl,kcl
hh,hh
iy,iy
ae,ey
tcl,kcl
sh,sh
ey,ay
t,t
aa,aa
dx,dx
t,t
aa,aa
ao,ao
kcl,kcl
hh,k
r,r
eh,eh
aw,aa
m,m
ow,ah
y,y
aa,ay
q,ix
oy,oy
iy,iy
dh,dh
eh,ow
tcl,p
ax,ax
kcl,tcl
z,sh
s,s
s,s
b,p
iy,iy
s,sh
en,n
k,k
aa,aa
oy,oy
s,s
pcl,pcl
l,ax
q,q
ax,ax
s,s
f,f
eh,l
m,m
k,k
ax,uw
t,k
v,v
f,f
n,m
hh,hh
s,s
ah,eh
ux,ux
iy,iy
q,q
hh,q
n,n
s,s
k,k
ae,ae
s,s
l,ax
l,l
g,g
f,f
ax,ax
t,t
ae,aa
iy,y
eh,ih
zh,jh
bcl,bcl
q,q
aw,ow
y,y
n,m
ao,aa
aa,aa
aa,aa
axr,axr
tcl,kcl
v,v
pcl,kcl
w,w
n,n
p,p
s,s
s,s
l,l
ae,ae
iy,ix
er,axr
s,s
y,y
l,ix
s,z
y,y
p,p
ix,ix
q,q
er,aa
z,dcl
z,s
tcl,tcl
v,dx
hh,p
aa,aa
kcl,kcl
ih,ix
axr,axr
ey,ey
ux,ux
ow,ow
dcl,dcl
v,v
sh,sh
er,axr
dcl,dcl
axr,axr
t,t
eh,ix
r,r
ix,n
pcl,tcl
ix,ix
nx,n
gcl,kcl
axr,axr
s,s
s,s
z,z
d,d
s,s
s,s
ix,ix
z,z
iy,iy
pcl,pcl
ix,ix
ey,iy
jh,jh
ix,ix
r,r
bcl,bcl
eh,ih
d,t
ix,ix
jh,t
l,l
s,s
tcl,kcl
s,z
iy,y
kcl,tcl
iy,iy
dcl,tcl
nx,r
l,ix
ey,ey
aw,aa
r,v
el,l
n,n
iy,iy
ix,ix
z,s
ix,ih
t,t
uh,ax
ao,ao
ay,ay
r,r
r,r
n,n
er,axr
pcl,kcl
ix,ix
sh,sh
r,r
n,tcl
k,k
p,p
iy,iy
iy,iy
ix,ax
y,y
ux,ux
uh,ax
r,r
n,m
er,er
ay,ay
w,q
iy,iy
ow,ow
aa,aa
t,t
l,l
sh,sh
r,r
q,ix
dcl,tcl
n,n
el,el
iy,iy
bcl,tcl
s,s
k,k
ux,ux
ax,ah
ih,ix
iy,iy
ow,ow
m,n
gcl,v
k,k
eh,eh
r,axr
dx,y
dcl,dcl
el,el
kcl,kcl
l,l
k,k
ix,ax
r,er
s,s
n,n
z,z
ey,ey
f,f
ae,eh
p,p
iy,n
dx,dx
ow,ah
pcl,m
ux,iy
tcl,tcl
tcl,tcl
s,s
s,s
n,ng
ao,ao
t,t
ah,ao
n,m
er,er
s,s
en,n
p,p
kcl,kcl
l,w
tcl,jh
th,th
ae,ey
z,z
iy,y
aa,ao
q,q
pcl,tcl
pcl,pcl
t,t
l,ax
l,l
r,r
sh,ch
tcl,pcl
v,r
ow,aa
ix,ix
n,dcl
ae,ae
ix,n
eh,eh
dcl,pcl
dx,dcl
f,f
iy,axr
ix,ix
iy,y
r,r
dcl,gcl
n,m
v,v
tcl,dx
iy,ix
pcl,pcl
dcl,dcl
r,r
pcl,pcl
iy,iy
iy,iy
n,n
ng,ng
q,q
s,s
hh,t
m,m
ih,r
p,p
jh,jh
ae,ae
eh,eh
s,s
f,f
er,er
ao,ao
l,ax
ih,ux
ix,n
m,m
ao,ao
ae,ah
kcl,kcl
ao,ay
s,s
k,k
k,g
r,r
hh,hh
z,s
aw,aa
f,f
hh,hh
uw,ax
gcl,gcl
iy,iy
dx,ix
l,l
iy,iy
dh,ax
n,n
s,s
ix,ax
uw,uw
tcl,kcl
eh,eh
ay,ay
tcl,pcl
r,r
aw,aa
q,q
s,s
er,ao
ch,sh
y,y
axr,axr
axr,er
ao,ax
k,k
tcl,k
dcl,kcl
d,q
iy,iy
ih,ah
k,k
ih,iy
oy,oy
d,t
k,k
tcl,dcl
p,p
m,m
zh,sh
dx,dcl
bcl,v
t,t
iy,iy
ah,ow
ux,ux
q,q
b,d
eh,ix
hh,hv
eh,ix
eh,eh
r,w
k,k
ey,iy
ux,ux
w,w
ow,ow
f,f
tcl,n
ix,ix
s,s
q,q
t,t
jh,jh
uw,ux
p,p
dx,g
hh,hh
z,z
ih,ix
v,m
ax,ix
jh,jh
ao,ow
dcl,ax-h
n,n
ah,ix
sh,sh
axr,ow
kcl,kcl
iy,iy
ay,ay
sh,sh
ax,ax
ae,ih
s,s
t,t
tcl,kcl
hh,hh
ix,ix
ih,ey
bcl,gcl
bcl,kcl
dh,dh
l,l
ch,t
s,s
l,ax
n,n
ih,axr
w,w
gcl,gcl
n,ng
s,s
z,s
s,s
ae,ae
r,r
m,m
b,hh
ey,ey
ae,ey
ix,ix
k,k
dcl,n
ey,ey
r,er
en,n
ao,ao
iy,iy
tcl,kcl
pcl,kcl
iy,iy
w,w
er,aa
ae,ae
er,eh
ah,ow
jh,jh
w,w
ax,ih
kcl,kcl
kcl,kcl
q,q
n,n
f,v
ao,ao
pcl,pcl
s,s
t,s
y,y
tcl,tcl
iy,iy
n,n
en,ng
pcl,pcl
ih,ih
ih,ih
axr,r
dh,n
uh,ih
ao,ao
iy,iy
er,er
dh,th
r,r
oy,oy
aa,ah
zh,sh
m,m
q,q
dcl,bcl
t,t
ix,axr
m,m
n,n
iy,ux
eh,er
ix,ix
dcl,dcl
tcl,tcl
z,z
eh,ih
ih,ih
kcl,kcl
q,q
tcl,tcl
ax,ix
tcl,kcl
sh,sh
v,v
ay,aa
ey,ey
gcl,gcl
ay,ay
en,en
ow,ow
ch,jh
ix,ix
r,r
n,n
r,r
ae,ay
ay,ay
ax,ix
r,r
q,q
r,r
bcl,bcl
l,l
ix,ix
s,s
gcl,axr
ax,ax
n,gcl
iy,ey
tcl,y
axr,axr
t,t
m,v
er,er
ix,ix
ih,eh
l,l
l,l
m,m
ax,ix
ux,uw
axr,axr
w,w
g,g
t,jh
n,n
ay,ah
tcl,tcl
ux,ux
sh,sh
ah,ix
ng,n
ix,ay
ah,aa
axr,axr
ux,ux
r,r
oy,oy
l,l
ao,aa
l,iy
ow,ow
r,r
pcl,pcl
eh,ix
gcl,ng
k,k
y,y
oy,oy
s,s
m,m
l,l
v,m
axr,eh
w,w
iy,iy
ix,ix
n,n
ae,ae
dcl,tcl
p,p
s,s
aa,aa
axr,axr
g,d
iy,iy
ih,ix
q,q
s,s
z,z
ae,ae
d,k
s,s
kcl,tcl
t,t
ng,ng
w,w
z,s
ay,ay
n,m
ay,ay
tcl,kcl
kcl,pcl
sh,ch
ih,iy
iy,iy
hh,p
n,n
m,m
ae,ae
ay,oy
uh,ix
ey,ey
el,el
n,n
k,k
iy,iy
f,f
y,iy
er,er
kcl,kcl
tcl,tcl
t,k
ix,ix
n,n
d,k
iy,iy
iy,iy
ae,ae
r,r
ay,ae
tcl,pcl
ae,ae
dh,dh
ao,ao
ao,aa
w,w
n,n
th,pcl
er,er
th,f
kcl,kcl
z,s
pcl,pcl
ng,m
dcl,dcl
s,s
ux,ux
n,ng
ey,ey
iy,iy
s,s
ch,sh
n,n
r,r
axr,axr
ng,ng
ix,ix
ng,ng
ow,ow
sh,sh
ao,aa
ix,ix
dh,dh
y,y
ay,aa
n,n
z,s
f,f
ix,ix
dx,q
ix,ix
m,m
m,m
kcl,kcl
tcl,kcl
ao,w
s,s
ix,ey
s,s
l,l
n,ng
k,k
w,w
n,n
ix,eh
kcl,kcl
sh,sh
t,t
y,axr
s,s
s,t
f,f
ay,ay
ow,w
m,m
dcl,dcl
ay,ao
kcl,kcl
ax,ax
hh,hv
iy,iy
f,f
g,k
ix,ix
s,s
kcl,kcl
uh,ih
k,k
axr,er
r,r
iy,iy
ux,ix
iy,ey
dcl,gcl
ey,ey
t,k
k,k
n,ng
m,m
r,ix
ow,l
r,axr
er,axr
hv,y
n,n
iy,iy
b,p
eh,eh
ix,iy
er,axr
l,l
l,ow
dcl,kcl
kcl,kcl
uh,ux
eh,ix
kcl,kcl
d,t
kcl,kcl
r,r
r,r
ng,n
ay,ae
ey,ey
n,n
r,r
z,z
pcl,pcl
r,r
iy,iy
z,z
m,m
s,s
kcl,kcl
g,k
f,f
kcl,kcl
y,y
r,r
w,w
aa,aa
ah,ao
r,r
q,q
r,r
ao,aa
ay,ay
s,s
eh,eh
l,l
n,n
w,w
kcl,kcl
kcl,kcl
ah,ix
l,l
r,r
k,k
ey,ey
aa,aa
ae,ay
tcl,tcl
m,m
kcl,kcl
m,m
tcl,tcl
ay,ay
ix,ix
uh,uh
ix,ix
ix,axr
ix,ix
w,w
kcl,kcl
kcl,k
y,iy
hh,hh
ix,ix
k,k
dcl,dcl
tcl,kcl
ay,ay
r,r
ae,eh
ow,ow
kcl,kcl
ah,ix
l,l
l,w
tcl,tcl
ay,ay
iy,iy
dcl,dcl
ix,eh
p,p
ao,ao
tcl,tcl
z,s
g,g
gcl,bcl
n,n
hh,k
tcl,v
eh,eh
l,l
y,y
ao,ao
p,p
l,l
v,v
dcl,bcl
ae,ae
axr,r
ae,ae
ux,ux
dh,dx
v,v
n,n
iy,iy
eh,eh
ah,aa
tcl,tcl
r,r
ae,ey
ih,ix
s,s
kcl,kcl
pcl,kcl
ax,q
ah,ay
m,m
f,f
s,s
th,s
axr,axr
g,g
tcl,pcl
tcl,dcl
ao,ao
n,n
f,f
axr,ux
ae,ae
iy,iy
s,s
z,z
q,n
aa,ao
l,ao
s,s
aa,aa
el,ow
pcl,kcl
ow,uh
dcl,dcl
n,n
ey,ey
ae,ay
ax,b
dx,ix
kcl,kcl
p,p
oy,oy
k,k
ey,ey
ao,ao
f,th
ae,ae
ah,ax
aa,aa
dx,ix
z,z
n,ng
ow,aa
ux,ih
ow,ow
uw,ux
r,r
r,er
p,p
iy,iy
iy,iy
ey,ey
ae,ae
p,p
tcl,tcl
ey,ey
k,k
w,w
uw,er
tcl,gcl
ax,ix
k,k
s,s
n,n
m,m
axr,axr
w,w
q,q
sh,sh
er,r
ax,ix
ao,ao
dh,tcl
gcl,gcl
r,ix
pcl,pcl
er,er
tcl,kcl
eh,ih
w,w
l,ix
r,r
dcl,dcl
r,r
ae,ae
ah,eh
ah,eh
l,l
k,k
dcl,bcl
er,er
kcl,kcl
r,r
l,l
r,r
hv,hv
ao,aa
iy,iy
n,n
n,n
ey,iy
s,s
n,n
ey,ih
f,f
hh,p
n,n
pcl,tcl
ux,ux
nx,dx
hv,ao
t,t
hh,hh
ao,ay
l,l
l,l
kcl,kcl
ow,oy
t,t
er,er
r,r
s,s
iy,iy
ao,w
ix,ix
sh,sh
gcl,kcl
iy,iy
eh,ae
q,tcl
iy,iy
z,s
aw,hv
d,d
el,el
ax,n
y,y
bcl,bcl
uw,bcl
ih,ih
dcl,dcl
ax,ax
n,ng
bcl,bcl
m,m
r,r
ah,ah
tcl,tcl
el,el
sh,sh
y,y
er,axr
oy,ay
ow,ao
kcl,kcl
ih,axr
dcl,tcl
n,n
ay,ay
ix,ix
dh,pcl
ix,ix
ax,l
r,l
l,ah
bcl,bcl
ih,ix
iy,ux
zh,sh
s,s
s,s
iy,iy
r,r
n,n
ih,ih
oy,oy
uh,uh
gcl,kcl
pcl,pcl
g,k
tcl,tcl
pcl,pcl
ey,ih
p,p
ih,ih
ux,ux
ux,ux
s,s
ay,ay
th,t
s,s
f,f
ix,ix
n,n
s,s
k,t
t,t
tcl,pcl
eh,eh
ih,ux
iy,iy
bcl,bcl
s,s
el,ax
y,y
q,ow
z,jh
ao,w
p,p
pcl,q
ae,ae
ah,ah
r,axr
n,tcl
ix,gcl
kcl,kcl
l,l
el,el
s,s
sh,zh
q,l
r,r
ah,ow
r,r
m,m
w,q
z,z
tcl,p
z,z
ey,ey
m,m
ux,iy
l,l
ix,ix
p,k
g,g
ix,ix
l,l
ix,ix
k,g
m,m
ow,ow
gcl,kcl
ah,ih
axr,ih
iy,iy
l,m
aa,ae
dh,p
k,k
tcl,tcl
pcl,tcl
er,er
dx,dx
en,n
iy,iy
tcl,dcl
n,n
r,r
l,w
axr,axr
ah,ow
r,r
nx,n
l,ay
kcl,kcl
ey,ey
dcl,dcl
z,z
pcl,pcl
ow,ow
dcl,dcl
n,n
bcl,bcl
aa,aa
z,s
ae,ae
v,v
ao,oy
ax,ix
dcl,dcl
n,n
ow,ow
ax,ax
v,n
p,b
m,m
axr,axr
axr,axr
w,w
s,s
t,k
kcl,kcl
f,f
f,f
m,m
d,d
gcl,m
nx,nx
q,tcl
ah,ax
gcl,kcl
ng,ng
l,ax
ix,iy
axr,axr
ix,l
z,s
k,k
ah,ah
n,n
ao,aa
sh,sh
ax,ax
ow,el
g,g
k,k
kcl,kcl
ae,ae
aa,ah
t,t
s,s
ae,ae
ae,hv
eh,ih
en,n
kcl,kcl
dh,d
tcl,kcl
w,w
ah,ax
kcl,kcl
ix,ix
v,v
n,ng
n,bcl
ih,ix
s,s
l,l
r,r
w,w
er,er
kcl,kcl
hv,hv
ae,ae
ax,ax
aw,aw
n,ng
l,ih
l,w
iy,iy
dh,b
t,ch
el,l
ix,d
q,q
ow,ah
f,f
ng,ng
oy,oy
s,s
n,n
l,l
ow,ah
f,f
ix,ix
dx,dx
z,s
z,z
ih,ix
dh,dh
ux,y
ix,ix
iy,iy
v,n
aa,aa
v,v
ae,ae
iy,n
ix,ix
p,p
r,r
m,m
r,r
q,q
s,s
ih,ix
kcl,kcl
ey,ey
g,k
ix,ix
gcl,gcl
tcl,s
ao,ao
zh,sh
r,axr
p,f
oy,ao
t,t
v,dx
r,axr
iy,ux
k,k
eh,eh
kcl,kcl
ix,r
dcl,dcl
ix,ix
ey,ey
n,n
axr,axr
y,y
f,f
t,t
dcl,dcl
ae,ae
w,w
y,ix
k,k
ah,ah
uh,ax
v,n
el,ax
r,r
tcl,tcl
el,ax
z,z
s,s
f,f
ae,ay
gcl,gcl
uh,ix
iy,iy
axr,axr
ih,ih
ao,ao
d,k
q,iy
v,v
z,z
aa,aa
ah,axr
l,ax
ix,ix
ix,ix
en,ng
s,s
l,l
iy,iy
p,p
ix,n
p,hv
ay,ay
kcl,kcl
dcl,dcl
dh,t
axr,ix
sh,sh
ae,eh
ix,ix
iy,iy
pcl,kcl
hv,hv
g,axr
axr,axr
r,ix
eh,l
q,q
ax,aa
tcl,kcl
dcl,kcl
s,s
ng,ng
l,uw
v,v
n,l
sh,sh
ax,ix
tcl,tcl
tcl,pcl
b,tcl
r,r
ix,ix
s,s
q,y
ae,hv
ix,ax
ay,ay
ix,ix
dcl,dcl
kcl,gcl
kcl,tcl
q,q
dx,r
s,sh
ch,ch
oy,oy
n,n
hv,ix
ax,ix
g,g
iy,iy
pcl,pcl
dcl,dcl
l,l
kcl,kcl
dcl,gcl
p,hh
ax,ix
ih,ix
f,f
ix,axr
w,r
pcl,kcl
l,l
ey,ey
axr,er
iy,iy
k,k
em,m
ao,ao
y,y
oy,oy
ix,ix
eh,eh
ae,ae
ay,ay
l,r
m,m
ix,ix
t,t
t,t
eh,eh
ow,ow
aa,aa
tcl,tcl
k,k
ih,iy
iy,iy
bcl,bcl
l,l
z,sh
bcl,bcl
w,w
iy,iy
dx,dx
iy,iy
ae,ae
y,y
ao,aa
ae,ae
ey,ey
t,jh
eh,r
ow,ow
dx,r
tcl,tcl
ux,ux
hh,hh
k,k
ao,ao
ah,ah
aa,ah
ey,ey
t,s
dcl,bcl
n,m
l,l
hv,hv
q,q
n,n
ae,ae
ix,ix
v,v
gcl,gcl
ae,ae
ux,ux
eh,ih
sh,ch
ix,ix
k,k
axr,axr
uw,uw
aa,aa
dx,dx
tcl,kcl
ih,eh
ay,ay
s,s
s,s
eh,ih
gcl,gcl
ah,ao
q,dh
iy,iy
q,q
tcl,kcl
iy,iy
aa,ow
el,l
ih,ix
en,n
el,ao
r,r
k,k
ae,ae
n,m
k,k
r,r
v,v
v,p
eh,eh
axr,er
v,v
dh,p
tcl,tcl
m,n
bcl,bcl
ey,ey
dcl,tcl
r,r
l,l
l,l
f,f
el,el
bcl,gcl
ow,ow
s,s
k,k
ix,ix
dcl,gcl
t,t
s,s
kcl,kcl
ah,ae
aa,aa
n,n
ix,ih
tcl,tcl
ax,ax
sh,sh
dcl,bcl
pcl,pcl
z,s
axr,axr
axr,axr
l,ax
kcl,kcl
tcl,tcl
t,k
aa,aa
s,s
eh,ih
z,z
dcl,ng
ih,ih
axr,axr
iy,iy
pcl,tcl
k,k
er,er
ix,q
l,l
ow,axr
dh,dh
n,m
s,s
dh,dh
n,n
y,y
n,n
sh,sh
en,m
iy,iy
gcl,gcl
jh,t
er,axr
ix,ix
oy,oy
ix,ix
iy,iy
nx,dx
k,k
ay,ay
r,axr
th,dh
axr,ix
ux,ux
k,k
t,jh
q,q
kcl,kcl
g,k
v,m
n,n
ux,ux
iy,iy
ey,iy
ch,ch
bcl,kcl
ao,aa
iy,iy
ux,iy
n,n
l,l
jh,jh
ae,ae
el,el
ay,ay
axr,axr
ae,ae
gcl,tcl
ix,ix
tcl,tcl
v,v
m,m
eh,ae
q,q
ay,ay
ae,ae
q,q
aa,aa
gcl,y
axr,q
kcl,kcl
q,q
pcl,tcl
dcl,gcl
n,m
ih,ix
t,t
ix,tcl
f,f
tcl,tcl
f,f
aa,ay
r,r
pcl,tcl
l,l
ix,ix
aa,aa
s,s
kcl,kcl
tcl,tcl
ey,ey
q,q
g,k
t,t
r,r
t,t
ow,ow
w,w
r,ix
z,z
l,l
t,t
r,r
kcl,kcl
kcl,tcl
q,q
ix,ih
dh,z
r,r
f,f
ae,ae
iy,iy
tcl,kcl
ae,ae
iy,iy
ih,ix
ih,ih
m,n
bcl,bcl
ih,ih
oy,oy
pcl,tcl
ix,ix
s,s
ih,ih
uw,ux
ey,iy
en,n
m,n
q,q
kcl,kcl
n,n
ix,ix
ix,ih
dh,dx
n,n
l,l
kcl,kcl
n,n
t,t
ix,ix
ey,ey
aa,aa
w,w
oy,oy
ih,ix
w,w
tcl,tcl
iy,iy
n,ix
s,s
gcl,dcl
kcl,kcl
f,f
l,l
aw,aw
ey,ey
sh,sh
k,k
ey,ey
s,s
ow,ah
k,k
f,f
axr,er
r,aa
el,ao
ix,ix
iy,iy
pcl,kcl
iy,iy
q,q
kcl,kcl
kcl,kcl
kcl,kcl
ix,ix
ix,ix
ae,ae
nx,n
z,z
d,p
ih,ix
kcl,tcl
ih,ix
ow,ux
ao,ao
s,s
t,t
l,l
hv,hv
n,m
r,r
ae,ae
v,dh
dh,n
iy,iy
ae,ey
sh,ch
ae,ae
aa,ah
f,f
axr,axr
s,s
z,z
w,w
tcl,kcl
eh,ae
uw,uw
k,k
f,hh
gcl,gcl
s,s
dx,dx
k,k
l,l
ae,ae
ix,ix
v,v
w,w
er,axr
ix,eh
ae,ae
iy,iy
er,er
w,w
w,w
iy,iy
ix,m
ix,ix
ah,aa
th,th
dh,dh
f,f
ay,ay
ao,w
d,d
kcl,kcl
r,r
ey,ey
uh,ix
tcl,tcl
z,z
z,s
ae,ae
y,iy
ix,ix
er,axr
dcl,dcl
n,n
kcl,kcl
dx,dx
l,l
s,s
ah,r
w,w
m,m
ao,ao
gcl,ng
n,n
ow,w
ay,ah
aa,aa
ix,ix
kcl,k
iy,iy
r,axr
q,q
sh,sh
r,r
m,m
q,q
r,w
ae,ae
ih,ih
ix,ax
eh,eh
ih,ax
m,m
er,er
ax,ix
ay,ay
ae,ae
kcl,kcl
t,t
l,w
sh,sh
z,s
g,g
n,n
sh,sh
s,s
dcl,dcl
ih,ih
l,l
iy,iy
ax,ix
axr,axr
aa,aa
uh,uh
dcl,tcl
m,m
w,w
s,s
eh,eh
ah,ax
axr,ih
q,q
l,l
gcl,bcl
w,w
ih,ih
t,k
hh,hv
ae,ae
tcl,m
m,m
m,m
s,s
dx,gcl
iy,iy
ay,ay
s,s
ae,ae
ax,hv
ay,ay
kcl,kcl
ih,ix
axr,axr
k,k
v,v
n,ng
ch,ch
q,q
s,s
sh,sh
m,m
ch,ch
l,l
iy,iy
ix,iy
ih,iy
iy,iy
ix,ix
s,s
hv,y
aa,aa
y,y
ae,ae
en,iy
z,z
ax,ix
kcl,kcl
g,g
k,k
ix,ix
oy,oy
axr,axr
iy,iy
dcl,dcl
dx,dx
ae,ae
z,z
dcl,kcl
ix,ix
r,r
t,t
tcl,tcl
axr,axr
m,m
ix,ix
dcl,kcl
ix,tcl
ux,ix
pcl,pcl
n,n
ae,ae
er,axr
ae,ey
l,l
ax,ax
tcl,tcl
n,m
jh,ch
t,t
eh,eh
ax,ax
zh,jh
g,g
eh,ux
aa,aa
jh,jh
k,k
dcl,bcl
gcl,gcl
ao,ao
kcl,kcl
iy,ix
axr,ao
ah,ow
r,r
el,ow
th,th
ao,aa
sh,sh
s,s
s,sh
s,s
l,l
l,l
y,iy
w,w
ax,w
ih,ix
t,k
t,t
ux,ux
ao,ao
w,w
hh,k
l,ax
dx,dx
iy,iy
aa,aa
d,p
p,p
dx,dx
s,s
jh,jh
el,el
r,r
f,f
dh,n
s,s
q,q
en,ng
n,n
ow,ow
ux,ih
aw,aa
tcl,pcl
ey,ey
p,g
en,n
axr,er
eh,eh
pcl,pcl
l,l
en,n
pcl,kcl
s,s
dx,dx
z,z
aa,aa
q,q
n,n
eh,ih
tcl,kcl
n,m
f,f
w,l
t,k
q,q
t,t
el,w
d,dx
eh,eh
r,m
tcl,gcl
z,z
bcl,dcl
ao,ao
p,hh
g,k
er,er
ix,ix
ux,ix
r,axr
n,n
t,k
l,w
iy,iy
axr,axr
ae,ae
ux,ux
dh,p
d,dh
k,k
z,z
y,y
tcl,tcl
pcl,pcl
w,w
p,p
r,r
g,p
y,y
ah,axr
th,th
kcl,kcl
aw,ae
th,s
s,s
ax-h,q
m,m
tcl,tcl
ix,ax
ao,aa
t,t
axr,axr
tcl,tcl
ch,ch
aa,aa
er,r
ux,ux
d,t
q,q
iy,iy
q,kcl
tcl,tcl
iy,iy
bcl,bcl
ao,ao
ix,ix
kcl,kcl
sh,sh
s,sh
aa,ay
ih,eh
kcl,kcl
ow,ow
bcl,tcl
s,s
n,n
z,s
ae,ae
dcl,kcl
w,w
ix,r
t,t
dcl,dcl
dcl,bcl
f,f
ix,ix
tcl,tcl
hv,hv
s,s
q,q
eh,ae
tcl,tcl
q,q
sh,sh
ix,ix
n,n
en,n
dcl,tcl
s,s
q,q
ix,ix
gcl,tcl
dcl,dcl
q,q
v,v
tcl,kcl
ey,ey
kcl,tcl
nx,m
aw,ao
t,t
n,n
dx,n
g,p
iy,iy
pcl,kcl
iy,iy
hv,hv
sh,sh
ah,ih
ao,aa
dh,dh
l,uh
q,q
ix,ix
axr,axr
s,s
el,uh
axr,er
n,n
ao,ao
d,d
eh,ey
pcl,pcl
ih,ux
z,z
kcl,kcl
k,kcl
z,z
ih,ih
n,dx
th,f
bcl,n
pcl,pcl
ay,aa
eh,ae
gcl,pcl
ix,ix
w,w
l,aa
ix,ix
aa,ah
s,s
eh,eh
tcl,kcl
m,m
sh,sh
tcl,q
pcl,kcl
l,l
th,z
w,l
dx,dx
ch,ch
k,kcl
ih,ix
v,v
iy,iy
ae,ae
s,s
ay,ay
dcl,dcl
s,s
eh,eh
m,m
sh,sh
v,dcl
z,s
t,jh
t,t
aa,aa
m,pcl
tcl,d
aa,aa
ih,ih
pcl,pcl
r,r
iy,iy
r,axr
pcl,pcl
dh,ix
s,s
eh,ae
n,n
iy,dcl
k,k
ix,ix
gcl,k
oy,oy
l,ax
th,z
ah,ah
iy,y
kcl,kcl
er,ao
pcl,pcl
ih,ih
ix,ix
axr,axr
ay,ay
r,axr
v,v
axr,ix
ng,ng
axr,axr
l,l
d,d
axr,axr
k,kcl
el,el
l,l
y,y
ix,ng
axr,axr
uw,ux
axr,axr
w,w
dx,kcl
s,s
q,q
nx,nx
s,s
er,axr
l,m
axr,er
dh,n
eh,eh
dcl,dcl
bcl,bcl
n,n
p,p
ix,ix
th,v
ix,ix
ow,w
r,r
zh,sh
r,r
aa,aa
s,s
aa,ao
l,l
q,q
d,d
ey,ey
s,s
dcl,dx
ih,ey
s,s
k,k
k,kcl
s,s
s,s
aa,ah
dh,dh
ae,ae
ah,ay
y,iy
iy,iy
p,p
ax,ax
gcl,dcl
eh,ih
ay,ow
kcl,kcl
n,n
oy,oy
iy,iy
ux,ux
sh,sh
ax,ax
axr,m
dcl,dh
sh,sh
z,s
l,r
eh,eh
m,m
ao,ao
aa,aa
eh,ax
aa,aa
ey,ey
s,s
eh,eh
em,m
ax,ix
ix,ix
ah,ah
tcl,kcl
ae,ae
eh,ah
s,s
ux,iy
dx,kcl
n,n
w,w
aa,ah
eh,ae
en,n
tcl,kcl
eh,ix
iy,ix
l,l
ix,r
ah,ah
l,l
hh,hh
kcl,tcl
ax,ix
gcl,gcl
l,l
ix,axr
ay,ay
eh,eh
ih,ix
r,r
ow,ao
dcl,bcl
ih,ix
kcl,p
kcl,kcl
g,k
ey,ey
iy,iy
ax,ax
aa,ao
iy,iy
r,axr
jh,ch
r,r
r,r
t,k
uh,ih
ng,n
k,k
ae,eh
eh,ah
dcl,kcl
tcl,tcl
ah,ah
er,er
iy,iy
gcl,gcl
ih,ih
d,t
iy,ix
iy,axr
s,s
t,t
el,el
ae,ey
z,z
ix,ix
axr,er
el,w
nx,n
ay,aa
ow,ow
p,t
t,d
eh,eh
iy,iy
axr,er
ey,iy
p,p
hv,p
d,t
ao,aa
en,m
bcl,bcl
gcl,kcl
ah,ao
b,b
s,s
k,k
pcl,pcl
gcl,kcl
l,ax
zh,z
kcl,kcl
v,l
s,s
n,n
eh,ah
f,f
y,iy
m,ix
v,f
tcl,kcl
ax,ao
s,t
dcl,n
eh,ao
iy,iy
pcl,tcl
ih,iy
n,n
ih,ih
q,k
uw,iy
dh,th
k,k
l,l
r,axr
ow,ow
q,q
iy,ey
ey,eh
eh,eh
pcl,tcl
pcl,pcl
ae,ae
p,d
hh,hv
ih,iy
ae,ay
w,w
l,l
uh,ax
n,n
n,bcl
g,k
kcl,kcl
r,r
ae,ae
n,n
z,z
ae,ay
kcl,kcl
ih,ih
iy,ey
s,s
eh,eh
s,s
s,s
m,m
t,d
eh,eh
dcl,tcl
axr,axr
eh,eh
sh,sh
n,n
kcl,kcl
axr,axr
z,sh
q,axr
n,dx
k,q
aa,ao
ng,ng
iy,iy
ix,ix
sh,sh
v,dh
oy,oy
ae,ae
z,s
ih,ih
m,m
k,hh
er,axr
n,n
dx,dx
dcl,n
uh,uh
r,r
dx,dx
l,l
s,s
pcl,bcl
nx,n
t,d
n,m
ao,ao
iy,iy
kcl,dcl
f,sh
iy,ux
iy,oy
ay,ay
ix,eh
n,m
r,r
y,iy
t,t
ix,ix
th,f
bcl,pcl
aa,ah
aa,aa
kcl,kcl
kcl,kcl
axr,uh
k,k
nx,n
d,hh
g,g
t,d
z,z
n,m
ow,ow
iy,iy
zh,sh
hh,k
ih,ih
er,er
r,r
k,k
ey,ey
bcl,bcl
s,s
eh,ih
y,iy
n,n
ix,ih
p,p
l,l
dh,dh
r,r
iy,iy
ae,ae
z,s
iy,ey
t,ch
eh,ah
r,r
q,q
tcl,n
kcl,k
q,q
en,l
pcl,pcl
dcl,tcl
ey,ey
n,n
ah,ao
w,w
w,w
n,n
q,q
s,s
ng,ng
ay,ay
kcl,dcl
y,ih
ao,ao
aa,hv
s,s
gcl,dcl
axr,r
axr,axr
z,z
n,n
l,l
iy,iy
n,n
ao,ao
n,n
l,l
r,r
r,r
dcl,tcl
s,s
iy,iy
s,s
ih,ih
w,w
eh,ay
ey,ey
y,iy
jh,sh
w,w
dcl,pcl
s,s
tcl,tcl
dcl,dcl
v,v
gcl,gcl
axr,axr
ih,ih
k,kcl
s,s
ao,ao
eh,eh
dcl,kcl
gcl,kcl
s,s
bcl,bcl
eh,axr
hv,hv
ix,iy
ah,ix
r,r
ax,ix
l,l
ao,ao
w,w
tcl,tcl
axr,axr
ow,ow
l,l
kcl,kcl
eh,q
l,ay
s,s
s,s
w,uw
kcl,kcl
ih,iy
ao,q
el,el
eh,ay
dcl,dcl
ih,iy
s,s
sh,sh
er,axr
w,w
dh,l
ae,ay
dx,dx
aa,ao
dcl,bcl
kcl,kcl
l,ix
k,k
ey,ey
ih,ih
l,l
dcl,dcl
iy,iy
g,k
ih,ih
z,s
r,r
ix,ih
ng,ng
k,k
s,s
s,s
n,n
m,m
bcl,bcl
ih,iy
eh,eh
r,r
r,r
p,p
n,n
aw,q
d,t
z,z
p,p
ay,ay
ih,eh
eh,eh
r,axr
gcl,gcl
f,f
l,l
r,r
g,g
d,jh
n,n
kcl,kcl
uh,uh
tcl,kcl
gcl,n
axr,axr
th,t
dcl,bcl
s,s
ao,ao
ae,eh
pcl,bcl
y,y
bcl,tcl
ao,ao
n,n
z,jh
l,w
axr,ix
eh,eh
tcl,pcl
n,n
ah,eh
ix,iy
dcl,tcl
jh,jh
s,s
ih,iy
s,s
w,w
w,w
ax,ix
dx,dcl
kcl,tcl
dcl,dcl
s,s
iy,ey
dcl,dcl
ax-h,ix
iy,iy
ow,ow
n,n
l,v
ae,ae
aa,aa
oy,ey
k,k
eh,ix
er,axr
kcl,tcl
ow,ow
r,r
iy,iy
s,s
iy,y
ix,ix
iy,iy
ix,ix
r,r
dcl,tcl
p,hh
eh,ih
axr,axr
tcl,kcl
ax,ix
m,n
kcl,kcl
n,n
pcl,kcl
pcl,pcl
s,s
m,m
s,s
aa,aa
aa,ay
r,axr
m,n
eh,eh
iy,iy
ow,ow
tcl,pcl
jh,jh
ah,ao
el,el
t,ch
dcl,dcl
ax,ix
ay,ay
sh,sh
axr,axr
z,z
w,w
s,s
t,d
ix,axr
hv,hv
ih,ix
iy,gcl
z,jh
ix,q
q,q
y,y
v,dcl
en,iy
en,en
ow,ow
ix,ix
uw,uw
r,r
k,k
ix,r
ax,ax
s,s
l,w
eh,ix
gcl,dcl
k,k
ae,ih
axr,ix
q,q
gcl,ng
q,q
bcl,bcl
n,n
s,s
tcl,tcl
ey,ey
bcl,tcl
l,l
f,f
t,t
sh,sh
ax,ax
dcl,n
tcl,tcl
s,s
m,n
n,tcl
eh,eh
er,er
n,n
gcl,kcl
ih,ix
p,p
aa,er
axr,axr
q,pcl
n,m
r,r
tcl,tcl
ae,ae
jh,jh
iy,iy
ao,w
hv,hv
r,r
tcl,kcl
s,s
ae,ae
ih,ih
aa,ao
ux,ux
ih,ix
ow,ow
ih,ax
n,en
gcl,tcl
r,er
ah,eh
r,r
dcl,dcl
f,f
s,sh
eh,ey
n,n
axr,axr
s,s
n,n
y,y
q,q
ix,axr
s,s
f,t
tcl,tcl
ix,ix
eh,r
eh,ah
w,w
ih,iy
n,n
k,k
iy,iy
ih,iy
dcl,dcl
n,n
s,s
dcl,tcl
m,p
sh,sh
l,el
m,n
dx,n
s,s
ih,ix
n,n
s,s
er,ux
ae,ae
hv,hv
s,s
th,f
r,r
m,v
ax,ax
dh,v
ow,ow
gcl,kcl
eh,r
ao,ao
n,n
t,k
p,p
iy,iy
s,s
ch,ch
q,q
tcl,tcl
bcl,pcl
n,m
er,r
tcl,dcl
f,f
tcl,kcl
tcl,kcl
z,z
ih,ih
n,n
th,t
n,n
ay,ay
dcl,kcl
sh,f
tcl,tcl
ah,ax
eh,ix
ih,ix
r,r
ow,ow
k,k
tcl,tcl
dcl,dcl
gcl,gcl
dx,g
ux,iy
ix,iy
eh,eh
t,s
pcl,pcl
kcl,kcl
r,r
r,r
iy,iy
y,ih
z,z
r,r
en,n
s,s
s,s
n,n
g,k
l,l
bcl,kcl
l,ax
th,tcl
iy,iy
ae,ae
ih,ih
hh,iy
p,p
ay,ay
dcl,dcl
jh,sh
m,q
ih,ih
ix,ix
dcl,dcl
p,p
m,n
ix,ih
ix,ih
aw,ah
eh,iy
bcl,bcl
bcl,dcl
ih,ix
l,l
eh,ey
s,s
eh,eh
l,n
el,l
ey,ey
q,q
eh,ix
p,p
iy,iy
iy,iy
ow,ow
ih,ih
y,q
kcl,kcl
kcl,kcl
ih,ax
ix,ix
t,t
ix,ix
iy,iy
m,m
g,k
iy,iy
iy,iy
p,p
n,dx
ow,ao
ow,uw
n,n
uh,uh
ix,ix
uw,uw
ix,eh
axr,axr
y,y
tcl,kcl
eh,eh
ao,oy
k,k
iy,iy
k,k
hh,t
dcl,tcl
kcl,kcl
w,w
iy,iy
n,n
tcl,tcl
gcl,gcl
aa,aa
bcl,bcl
ao,w
r,r
s,s
pcl,kcl
ae,ih
s,ch
axr,ix
ay,ay
aa,ay
dcl,tcl
ah,eh
pcl,tcl
ix,iy
ae,ae
ux,iy
ch,ch
k,k
iy,iy
n,n
v,v
tcl,kcl
hh,k
t,t
th,th
iy,iy
ax,ax
ao,ao
dh,dx
en,n
s,s
tcl,tcl
ae,ae
axr,er
pcl,pcl
ih,iy
aa,aa
z,z
axr,axr
pcl,kcl
en,n
jh,jh
iy,iy
d,k
ng,ng
dcl,dcl
ih,ih
gcl,gcl
t,k
n,n
ix,ax
dcl,tcl
tcl,kcl
l,l
k,g
ih,eh
ih,iy
tcl,tcl
ih,ih
kcl,kcl
k,k
en,n
z,z
ah,ax
dcl,dcl
q,q
l,q
z,s
ae,ey
aa,ao
ux,ix
z,z
sh,sh
er,er
tcl,tcl
z,s
r,r
z,z
dcl,tcl
bcl,bcl
kcl,kcl
n,n
w,w
aa,ao
ng,m
t,t
m,n
dx,tcl
dh,q
ux,ux
ay,ay
m,m
ay,aa
ax,ix
ax,ax
axr,axr
f,tcl
k,k
v,tcl
nx,m
ix,ix
ao,ax
th,th
s,s
v,tcl
s,s
n,n
m,m
ah,ay
m,n
dcl,dcl
kcl,kcl
nx,n
ix,ix
m,m
m,n
ow,uw
l,l
dcl,n
ey,ey
s,s
aw,ae
s,s
t,t
r,axr
dcl,tcl
iy,iy
t,p
n,n
aa,r
ae,ae
sh,sh
kcl,kcl
iy,iy
f,f
r,r
ay,ay
oy,oy
ix,ae
er,er
kcl,kcl
w,w
kcl,kcl
hh,kcl
aa,ao
ch,ch
ow,ix
l,w
axr,axr
ae,ae
dcl,dcl
l,ax
m,m
ah,ae
dcl,tcl
sh,sh
aa,ao
p,p
l,uh
axr,axr
dcl,dcl
s,s
ao,ao
pcl,kcl
m,n
w,w
eh,eh
iy,iy
m,m
s,s
r,r
eh,ih
w,ax
l,l
pcl,tcl
ey,ey
dh,dh
ih,iy
t,t
b,kcl
aw,aa
eh,eh
uh,uh
sh,sh
er,ux
aw,aa
l,l
q,q
g,k
ix,ix
q,dx
r,r
hh,p
k,k
ao,aa
z,z
gcl,kcl
l,l
dh,dh
w,w
r,r
er,axr
n,n
er,axr
bcl,dcl
k,k
ow,eh
zh,z
bcl,bcl
t,t
tcl,tcl
sh,sh
iy,iy
er,er
ux,ix
ax,ix
dh,p
ux,ix
m,m
l,ix
ix,m
iy,iy
l,l
dh,t
m,n
ow,ow
sh,sh
kcl,kcl
n,n
bcl,kcl
t,t
q,y
hv,hv
gcl,dcl
ix,ix
aa,ay
eh,r
eh,ow
p,q
tcl,kcl
el,ao
n,n
iy,iy
iy,y
ng,ng
ih,ah
r,axr
bcl,pcl
ax,ax
aa,ao
dh,t
n,n
k,k
y,y
ey,ey
ey,ey
ix,ih
ae,ay
tcl,tcl
sh,sh
t,t
eh,eh
ay,aa
aw,ae
ey,ey
tcl,kcl
hv,hv
z,z
l,r
m,m
r,r
t,t
bcl,bcl
uh,uh
ng,n
ay,ay
n,n
f,pcl
ae,ae
jh,jh
r,r
kcl,kcl
ng,gcl
iy,iy
nx,n
p,p
bcl,gcl
eh,eh
tcl,tcl
iy,y
l,l
t,t
iy,iy
kcl,kcl
y,y
r,r
ow,ow
tcl,kcl
kcl,kcl
ax,uh
r,m
ng,n
er,er
pcl,kcl
hv,hv
iy,iy
r,r
tcl,tcl
q,q
q,q
ae,ae
s,sh
ih,ix
n,n
s,s
s,s
k,k
zh,zh
kcl,axr
ow,ow
gcl,tcl
gcl,kcl
z,z
aa,ao
iy,ih
gcl,ng
iy,iy
kcl,kcl
m,m
r,ix
dcl,bcl
s,s
n,m
oy,oy
w,w
s,s
iy,iy
dcl,dcl
hv,hv
eh,eh
aa,aa
iy,ng
r,r
pcl,tcl
eh,eh
bcl,bcl
iy,iy
n,n
z,z
m,m
w,w
dcl,kcl
ch,ch
n,n
dh,dh
ix,ix
r,m
aa,aa
l,l
axr,axr
ux,ux
tcl,tcl
hh,hv
hh,hh
ix,ix
ix,q
ax,ix
ae,eh
dcl,dcl
s,s
l,l
z,s
iy,iy
iy,ey
ux,ih
hh,hh
uh,ix
iy,iy
kcl,tcl
b,dh
aa,ay
w,w
ih,ih
iy,iy
q,q
w,w
ae,ey
pcl,pcl
s,s
dh,m
pcl,tcl
ao,ow
r,r
ix,ax
dx,jh
ix,iy
axr,r
dh,k
gcl,gcl
ng,ng
ae,l
aa,aa
n,n
axr,ah
r,r
tcl,pcl
dcl,dcl
dcl,tcl
ao,ao
v,v
ch,sh
aa,aa
z,z
hv,hv
n,tcl
axr,axr
nx,n
r,r
l,l
m,m
pcl,pcl
ow,ow
y,iy
dh,dh
ah,hv
bcl,tcl
ih,iy
ux,ix
s,s
tcl,s
ih,ih
iy,iy
n,n
sh,sh
m,tcl
n,n
bcl,bcl
ix,ix
aa,aa
dx,g
ao,ao
l,l
dcl,tcl
dh,ix
ay,ay
sh,sh
ih,iy
ih,ih
ih,ih
dx,dx
ax,ax
iy,iy
ao,ao
aw,ow
s,sh
t,t
f,f
kcl,tcl
kcl,kcl
er,er
k,k
k,t
iy,iy
ng,ng
iy,ix
ey,ay
l,ax
p,f
ey,ey
kcl,tcl
s,s
l,l
ix,ix
gcl,gcl
pcl,bcl
pcl,tcl
r,ay
v,v
tcl,kcl
n,tcl
r,r
r,r
s,s
hh,d
axr,r
ix,ax
uh,axr
v,v
q,q
ah,ah
dx,n
ux,ux
q,q
jh,jh
kcl,kcl
r,r
t,t
iy,ey
ay,ay
bcl,kcl
m,m
ey,ey
z,z
r,r
ae,ae
n,n
ix,iy
w,w
nx,dx
bcl,bcl
dx,d
tcl,tcl
z,s
k,k
v,v
y,hv
dh,dh
f,f
n,m
n,m
tcl,tcl
l,l
iy,ix
axr,axr
axr,axr
dcl,g
ao,uw
tcl,tcl
ay,ey
r,r
ao,ao
dcl,tcl
n,n
l,l
l,q
p,p
w,w
aw,aw
kcl,kcl
k,k
tcl,tcl
kcl,kcl
w,w
s,s
ow,axr
ix,ix
d,t
ow,ow
tcl,tcl
dh,l
er,er
f,f
s,s
kcl,kcl
z,z
l,ax
ih,ih
axr,axr
kcl,kcl
n,ng
aa,aa
l,l
ey,ey
iy,iy
ix,ix
l,l
s,s
axr,axr
ae,ae
ix,ix
axr,r
iy,iy
tcl,tcl
l,ax
s,t
p,p
ix,ih
z,z
l,w
q,q
er,er
r,r
ow,w
bcl,bcl
axr,axr
ax,ax
sh,s
ax,ix
s,s
eh,ih
ih,iy
ow,ow
ey,ey
q,q
l,w
ax,ax
dcl,tcl
eh,ih
iy,iy
el,l
gcl,gcl
dcl,gcl
tcl,gcl
f,v
n,n
ax,ax
ux,y
r,r
iy,iy
l,l
s,s
w,w
ae,ae
v,dcl
ix,ix
axr,axr
l,uw
r,r
pcl,kcl
ix,ix
w,w
kcl,kcl
n,n
gcl,kcl
el,uw
kcl,kcl
iy,r
ao,ao
ix,dx
ah,ah
iy,iy
dh,l
q,q
dcl,dx
kcl,kcl
bcl,bcl
jh,jh
s,s
ux,ux
n,n
ix,m
ih,ax
s,z
l,l
r,r
ix,ix
gcl,pcl
v,v
ch,k
f,f
ng,m
aa,aa
ah,ae
eh,eh
l,q
iy,ey
tcl,dcl
ow,ow
m,n
m,m
m,m
jh,axr
d,jh
ey,iy
r,r
ow,ow
ow,ao
ix,ix
q,q
k,k
iy,iy
ah,ah
ax,ix
ih,ih
tcl,tcl
iy,iy
ih,ih
r,r
en,en
k,g
l,l
v,v
m,ng
er,er
q,hv
z,sh
iy,iy
tcl,dcl
q,q
tcl,tcl
ao,ao
el,el
dcl,dcl
ao,ao
ix,ix
ix,axr
dcl,dcl
ay,ay
kcl,kcl
ow,w
k,k
aa,ah
s,s
m,m
iy,ix
ng,n
aw,ae
ay,ay
m,n
ih,ih
r,er
y,kcl
ih,ih
k,k
hh,hh
kcl,kcl
n,m
ix,q
er,oy
iy,iy
p,p
iy,iy
zh,sh
l,ax
bcl,bcl
ey,ey
n,ix
ow,ow
q,tcl
ax,ax
axr,r
ux,axr
jh,jh
kcl,kcl
l,el
ae,ae
axr,axr
t,t
dcl,dcl
r,r
p,p
k,k
n,n
n,n
l,l
r,r
ah,ax
th,z
eh,eh
w,w
s,s
ng,n
ix,ix
t,t
ax,q
l,l
eh,er
ae,ae
w,w
sh,sh
k,k
s,s
dcl,dcl
gcl,gcl
ae,ae
iy,iy
sh,sh
v,ax
t,t
bcl,bcl
dcl,dcl
l,m
y,y
axr,axr
en,en
aa,aa
ae,ih
s,s
dcl,dcl
l,ax
aa,aa
kcl,kcl
s,s
ux,iy
l,l
ix,ix
uw,uw
dh,n
ae,ae
axr,axr
ch,ch
n,n
tcl,kcl
q,axr
s,s
hv,hv
aa,er
s,s
n,n
dh,hh
ih,ix
bcl,tcl
dcl,kcl
iy,iy
gcl,dx
ae,ey
ao,ao
axr,r
tcl,tcl
r,r
oy,oy
dh,n
uh,ax
q,kcl
jh,ch
ix,ix
tcl,gcl
g,k
eh,q
hv,hv
nx,n
kcl,kcl
ay,ay
axr,axr
ae,ae
r,r
ih,ix
r,r
r,r
s,s
ix,iy
g,g
tcl,tcl
iy,iy
ay,ay
bcl,tcl
ax,ax
ay,aa
l,l
k,k
uh,uh
ay,ay
bcl,pcl
ih,ih
iy,iy
k,k
tcl,tcl
ih,ix
ih,ix
pcl,pcl
ae,ae
p,p
r,n
kcl,kcl
axr,axr
z,z
l,q
ih,ix
ae,ae
f,f
ix,y
ao,ao
ax,ax
k,k
q,q
iy,iy
axr,axr
r,axr
m,n
bcl,dcl
m,m
r,g
tcl,tcl
r,ao
ih,iy
ix,ix
ay,ay
dcl,dcl
hh,hh
bcl,bcl
ah,ah
l,l
er,axr
s,sh
v,v
m,m
sh,sh
uh,ih
w,w
iy,iy
er,er
w,w
r,r
dcl,dcl
b,p
q,dx
dcl,bcl
tcl,kcl
r,r
q,q
kcl,kcl
er,axr
ae,ae
ih,ih
tcl,kcl
axr,axr
ix,ix
ih,hv
p,p
eh,eh
ix,ix
y,y
r,axr
ax-h,t
n,v
sh,sh
n,n
y,y
r,r
sh,sh
y,y
ih,ey
uw,w
k,k
r,axr
sh,sh
jh,sh
n,n
aa,ow
ih,ah
k,k
axr,axr
kcl,kcl
g,g
z,s
r,r
l,ax
dcl,tcl
ao,ao
aa,ao
g,k
iy,iy
f,f
q,q
n,n
n,kcl
s,s
th,kcl
p,p
ow,ow
q,q
v,q
t,t
k,k
s,s
tcl,pcl
t,t
m,n
f,f
ix,ix
y,y
bcl,pcl
y,y
ix,ix
iy,iy
z,z
bcl,dcl
sh,sh
w,w
ao,ao
q,q
w,w
pcl,kcl
s,s
l,l
gcl,gcl
r,r
k,k
iy,iy
gcl,gcl
t,kcl
k,k
f,f
gcl,kcl
tcl,pcl
k,k
eh,eh
m,n
ax,ix
ih,ih
s,s
axr,iy
v,v
ax,l
pcl,kcl
q,q
ae,ae
w,w
ay,aa
ih,axr
t,k
ah,ah
w,w
ix,ix
l,l
r,r
er,er
t,p
eh,eh
l,l
kcl,kcl
ix,ih
eh,ix
kcl,kcl
q,q
m,n
ix,ix
el,el
tcl,tcl
ae,ae
ix,iy
m,m
t,t
t,t
q,q
axr,ix
y,y
y,y
f,f
s,s
pcl,pcl
aa,ah
ih,ih
eh,ix
r,r
k,k
kcl,kcl
r,r
hv,hv
n,n
kcl,kcl
ao,ao
s,s
r,r
p,p
iy,iy
p,kcl
v,w
ch,ch
q,q
ng,ng
dh,dh
ix,ax
dcl,dcl
ix,ax
f,f
ah,ah
iy,y
s,s
pcl,tcl
s,s
v,v
m,m
ix,ix
hv,hh
m,m
r,r
g,g
l,l
ih,eh
ao,ao
gcl,ng
sh,sh
ae,ae
bcl,bcl
r,r
y,y
s,s
aa,aa
el,ow
r,r
ux,ux
ih,ih
ih,l
hv,dx
aa,ah
w,w
w,q
iy,iy
w,w
ah,ah
dcl,tcl
kcl,kcl
s,z
uw,uw
ix,ix
n,n
g,k
ng,ng
ix,ix
ae,eh
ch,ch
bcl,dx
dcl,dcl
l,en
en,en
ax,ax
f,f
v,v
dx,ix
ey,ey
ah,ao
ix,ih
r,w
v,dx
tcl,kcl
ux,ux
ax,ax
axr,r
ch,sh
ae,ae
k,k
q,q
uh,ix
gcl,bcl
ix,ix
sh,sh
q,q
n,dcl
sh,sh
w,w
iy,iy
ix,eh
gcl,gcl
w,l
dcl,dcl
kcl,kcl
gcl,kcl
eh,eh
ix,ix
k,k
sh,sh
gcl,gcl
ih,ix
gcl,gcl
s,s
dx,dx
hv,hv
s,z
l,l
zh,s
r,axr
dcl,dcl
z,z
dh,k
ih,eh
p,p
gcl,bcl
l,ax
y,y
l,l
dh,dh
r,r
tcl,tcl
s,s
ih,ih
sh,sh
pcl,pcl
l,el
kcl,tcl
aa,aa
ao,ao
ao,ao
axr,axr
l,l
z,sh
n,n
s,s
k,k
p,p
iy,iy
iy,iy
dcl,dcl
b,p
nx,n
ux,ux
iy,iy
s,s
iy,iy
f,p
l,l
p,p
ax,ix
el,q
v,tcl
aa,aa
m,m
r,r
ey,ey
tcl,kcl
ax,ax
n,q
ix,ih
gcl,kcl
ah,eh
iy,iy
pcl,pcl
ix,ix
iy,iy
iy,iy
l,ax
aw,ae
t,t
pcl,pcl
ah,ah
m,tcl
eh,eh
tcl,tcl
eh,oy
eh,ih
aa,ay
n,n
l,l
r,r
ih,ih
hv,hv
n,n
ih,ih
w,w
t,k
f,f
dcl,tcl
ae,ae
ix,iy
iy,iy
ix,ix
nx,n
aw,ay
p,p
r,axr
tcl,tcl
tcl,q
eh,eh
axr,r
ih,ix
iy,iy
k,q
ax,ax
hv,hv
ix,ix
iy,iy
gcl,n
dx,l
l,w
s,s
n,n
el,v
ey,ey
ux,ux
iy,iy
ax,ah
oy,oy
ae,ae
l,n
iy,iy
z,t
m,m
ey,ey
dcl,dcl
r,r
z,s
ix,ix
kcl,kcl
d,d
ix,ix
r,r
f,f
y,y
z,s
v,n
l,l
ow,l
nx,n
iy,iy
ow,el
t,ch
w,l
iy,iy
w,w
s,s
ax,ax
kcl,kcl
ix,ix
r,r
ay,ay
ix,ix
ih,ix
t,jh
pcl,kcl
k,k
ih,ix
ax,q
ix,ix
aa,ao
ao,aa
t,t
kcl,kcl
gcl,gcl
ih,ih
q,ao
iy,iy
pcl,pcl
dx,dx
w,w
w,w
s,s
z,z
m,n
v,v
ux,ux
aa,ao
iy,y
hh,hh
ax,ax
bcl,kcl
l,l
q,q
l,l
axr,er
s,z
s,s
t,k
l,l
w,w
pcl,tcl
n,n
n,n
kcl,kcl
l,m
ax,ax
ow,ow
ix,ix
k,k
ax,n
r,r
kcl,kcl
tcl,tcl
kcl,tcl
nx,n
el,el
iy,iy
dcl,dcl
iy,iy
n,n
ow,ow
ih,ih
ih,ix
y,iy
ux,ux
l,ow
ae,ae
bcl,bcl
k,hh
s,s
bcl,bcl
r,r
axr,r
eh,ae
l,l
ey,ey
ix,ix
k,k
aw,ow
pcl,pcl
l,l
nx,l
r,r
zh,zh
eh,ix
hh,hh
ih,ih
ah,ih
r,r
ih,ix
kcl,kcl
f,f
v,v
z,sh
s,ch
iy,ng
ih,iy
ix,eh
pcl,pcl
s,s
aa,ao
ao,aa
l,m
uh,ix
axr,tcl
er,r
l,w
ey,ey
y,y
dcl,dcl
ix,ix
ao,ow
n,n
dcl,en
r,r
jh,jh
r,r
ao,ao
r,r
hv,hv
ow,ao
r,r
dx,dx
t,t
ow,ow
p,p
r,r
ix,ix
ih,ih
kcl,kcl
ah,ax
n,m
m,ng
ih,ix
ey,iy
m,n
er,er
tcl,tcl
ng,n
ix,ix
n,m
dcl,dcl
l,ax
f,f
ax-h,dx
nx,dx
ix,ix
l,l
f,sh
z,z
v,v
en,en
pcl,tcl
ae,ae
g,g
z,s
p,p
ae,ae
ax,eh
eh,eh
ey,ey
ix,d
eh,r
w,w
z,z
ax,ax
w,w
r,r
m,n
l,r
k,k
z,z
k,k
sh,sh
ux,ux
w,w
gcl,gcl
kcl,kcl
f,f
f,f
ix,ix
g,p
ih,ey
ao,ao
ao,ah
iy,iy
ix,iy
iy,iy
ix,ix
ey,ey
s,s
m,dh
hv,hv
iy,iy
ix,ix
sh,sh
ix,ix
ao,ao
eh,eh
iy,iy
t,k
r,r
r,er
p,p
s,s
ao,ao
hv,hv
dx,dcl
z,z
s,s
ix,ix
l,l
ax,ix
r,r
kcl,kcl
l,l
ao,ao
ey,ey
tcl,kcl
ih,eh
ih,ih
q,q
n,l
en,ah
er,er
axr,axr
ao,aa
ix,ix
tcl,kcl
p,p
sh,sh
aa,ao
n,n
gcl,kcl
iy,iy
s,s
q,q
ay,ay
iy,iy
ay,ay
iy,iy
pcl,pcl
l,l
r,r
ay,ay
r,r
ae,ae
iy,iy
ix,ix
ih,y
ih,iy
el,l
dcl,dx
tcl,tcl
sh,sh
k,k
th,th
kcl,kcl
ix,ix
n,n
axr,ay
iy,iy
n,m
aa,aa
ey,ih
ay,ay
kcl,kcl
n,n
t,t
l,q
r,r
gcl,ng
ix,ix
iy,iy
dx,dx
pcl,pcl
y,y
tcl,tcl
w,w
l,l
dcl,dcl
s,s
bcl,bcl
pcl,tcl
iy,iy
ax,ix
w,w
ey,iy
m,m
tcl,tcl
r,r
iy,iy
iy,iy
hv,hv
iy,iy
z,s
ax,l
dcl,dh
aa,ah
ih,eh
nx,dh
n,en
ix,ix
n,n
bcl,bcl
dcl,dcl
r,r
ix,iy
dcl,gcl
ih,iy
pcl,kcl
ae,ae
ix,ih
f,z
iy,iy
s,s
dx,dx
l,q
pcl,kcl
aa,aa
eh,ix
aa,ao
ax,ax
ae,ae
axr,r
ng,n
nx,n
r,v
y,y
ax,ax
w,w
g,k
ow,ow
gcl,tcl
ih,ih
s,s
ax,q
ao,w
ow,ow
ey,ux
f,f
er,er
tcl,tcl
g,dx
l,l
dcl,gcl
gcl,gcl
ih,ix
ch,ch
r,r
s,s
z,s
jh,jh
n,n
k,k
gcl,gcl
t,t
er,er
tcl,kcl
tcl,tcl
iy,ix
uh,ix
m,m
pcl,kcl
l,l
hh,hh
kcl,bcl
r,ay
hv,hv
w,w
dx,dx
ah,aa
n,n
axr,axr
ay,aa
kcl,kcl
jh,jh
pcl,tcl
tcl,tcl
s,s
iy,iy
tcl,kcl
n,n
ao,er
y,iy
tcl,tcl
ao,q
ax,ax
n,ax
l,l
ah,ae
ix,ix
ux,ux
ao,aa
ah,ah
pcl,pcl
v,v
ng,ng
s,s
er,er
p,p
n,n
dcl,kcl
iy,d
pcl,kcl
eh,ih
ix,iy
t,t
ay,ay
oy,ao
ix,ix
aw,ow
pcl,pcl
ae,ae
f,f
ao,ao
axr,axr
s,s
el,el
z,z
l,l
s,t
q,q
k,k
w,w
s,s
s,s
f,f
k,k
aa,aa
ey,ey
q,m
r,r
n,l
th,s
ae,ae
pcl,pcl
en,n
iy,iy
ax,q
gcl,kcl
er,er
bcl,bcl
ax,ix
eh,ih
iy,iy
s,s
ix,ix
w,w
t,t
dh,f
l,l
eh,ix
w,w
iy,iy
k,k
ey,ey
m,n
k,k
pcl,pcl
axr,ix
ih,ix
ix,iy
dcl,dcl
t,s
r,er
el,ao
iy,iy
s,s
r,r
z,s
ao,ao
en,n
l,l
ax,ix
iy,iy
uw,axr
eh,ix
eh,ah
p,p
eh,eh
gcl,gcl
tcl,kcl
ux,ux
r,jh
ix,ih
t,t
el,l
m,m
aw,aa
kcl,kcl
r,r
ae,aw
w,w
q,q
ix,dx
k,k
ae,ay
n,n
kcl,pcl
nx,n
n,n
n,m
v,v
el,ao
kcl,kcl
hh,p
uw,uw
t,t
s,t
dh,dh
dx,dx
bcl,bcl
m,m
dcl,kcl
y,iy
n,n
eh,ih
ih,ix
y,y
r,axr
n,n
ay,ay
ch,ch
m,m
l,w
z,z
aw,aa
l,l
kcl,kcl
ae,ae
t,t
kcl,kcl
l,l
w,w
dh,dh
s,s
l,ax
aa,aa
ih,ih
iy,iy
dh,q
z,s
ih,ih
ix,eh
ae,eh
dx,dx
t,t
ae,ae
ay,ay
p,p
l,l
ay,ay
f,f
s,z
eh,eh
r,r
el,l
tcl,tcl
er,r
v,n
ax,ix
ow,uh
ax,ax
ae,ae
ay,ay
ah,ax
dx,dcl
p,ax
l,w
iy,iy
iy,ix
t,t
ih,iy
n,n
tcl,tcl
ih,ix
sh,sh
ah,r
aa,ao
ix,ix
tcl,kcl
n,n
t,d
sh,sh
q,ix
r,r
uh,aa
n,n
iy,iy
eh,eh
iy,iy
pcl,pcl
v,v
k,k
ae,ay
dx,dx
l,l
k,k
m,m
m,m
z,z
ax,ax
ng,ng
ow,ow
kcl,kcl
n,n
w,w
t,t
n,n
ix,z
tcl,tcl
dx,dx
dx,q
ao,ao
r,r
y,y
ay,ae
f,f
ax,ax
ix,ix
v,v
iy,iy
s,s
ix,ix
tcl,tcl
l,ow
tcl,kcl
s,s
dcl,dcl
z,s
t,t
f,f
q,q
l,l
t,jh
hv,hv
axr,axr
ih,iy
ow,ow
ax,ax
s,s
w,w
l,l
ix,ix
z,s
tcl,q
d,k
p,p
m,en
w,q
ae,ae
tcl,pcl
z,z
tcl,kcl
n,n
l,m
ay,ay
gcl,gcl
iy,ix
r,axr
f,f
dcl,v
eh,eh
z,z
ay,ay
tcl,kcl
ao,ao
er,iy
r,ay
t,jh
dcl,tcl
tcl,tcl
th,f
k,k
kcl,tcl
tcl,tcl
s,s
eh,ey
n,ix
l,l
iy,iy
d,d
eh,eh
l,ax
n,n
ix,axr
g,k
aa,aa
dcl,gcl
ae,ae
m,m
dcl,dcl
tcl,kcl
dx,g
iy,iy
w,w
t,t
ao,w
dcl,dcl
ix,q
r,m
z,z
oy,oy
ax,ax
ch,ch
n,n
axr,axr
f,f
w,w
aa,aa
aw,aa
ng,ng
pcl,pcl
r,r
r,r
kcl,kcl
dh,dh
pcl,tcl
ah,ix
eh,ax
ix,ix
zh,sh
n,n
t,k
ux,ux
kcl,kcl
r,r
s,s
m,m
gcl,n
ng,n
r,r
iy,y
hv,hv
s,s
ae,eh
w,w
tcl,tcl
q,q
axr,axr
k,k
s,ch
ux,ih
hv,hv
kcl,kcl
tcl,tcl
n,ng
n,m
m,n
eh,er
ae,ae
q,q
eh,ih
th,tcl
f,f
p,tcl
ax,ax
m,m
d,t
ah,eh
iy,ey
ix,ih
n,n
eh,ih
ch,jh
sh,sh
ih,ax
n,ng
aa,aa
eh,ix
aw,ow
iy,iy
ae,ae
ix,ix
ix,ix
s,s
dh,dh
hh,hh
iy,iy
bcl,bcl
ih,r
ao,ao
p,p
eh,ih
ax,ax
p,p
n,n
tcl,bcl
ow,ow
ih,ih
s,s
ao,uw
w,w
tcl,tcl
ay,ay
f,f
ax,ah
y,y
t,t
pcl,bcl
dcl,tcl
d,k
n,n
ax,ix
kcl,kcl
r,r
ix,ix
iy,iy
dcl,kcl
d,g
w,w
ax,ng
s,s
z,z
l,ih
n,n
s,z
n,n
l,ah
g,g
iy,iy
sh,s
n,n
p,p
s,s
eh,eh
k,k
ow,aw
aa,aa
t,k
z,z
l,n
tcl,kcl
kcl,kcl
w,w
tcl,kcl
r,r
kcl,kcl
sh,sh
r,r
s,s
er,axr
d,k
ao,ao
z,z
n,n
ih,ix
l,q
dh,dh
dx,v
ih,ih
aa,aa
r,r
tcl,n
ow,el
kcl,kcl
ih,iy
q,q
ix,z
y,y
dh,dh
m,m
ux,ux
ih,iy
z,sh
q,q
l,l
dcl,gcl
tcl,dx
q,q
n,n
k,k
q,q
iy,iy
ix,ix
ao,ao
gcl,kcl
axr,axr
s,s
l,ax
m,n
l,l
v,v
ae,ae
s,s
aa,r
dcl,bcl
ay,ay
jh,jh
ae,ih
n,n
s,s
eh,ih
aa,aa
er,er
ae,ae
v,pcl
z,s
eh,eh
ih,iy
bcl,pcl
s,s
ix,ix
ao,ao
gcl,kcl
s,s
iy,iy
ix,iy
s,s
n,m
w,w
kcl,kcl
axr,iy
eh,eh
n,n
ow,ow
v,v
en,ix
hh,hh
l,axr
dcl,dcl
axr,er
z,sh
r,r
dcl,n
tcl,tcl
g,g
axr,axr
ux,ux
ay,ay
ih,ih
eh,ih
dcl,kcl
r,r
ix,ix
ix,ix
er,er
z,z
en,n
s,s
ae,ae
aa,aa
iy,iy
kcl,tcl
en,n
s,s
ao,ao
er,er
p,p
m,n
q,q
t,t
ix,ix
l,l
s,s
r,r
ih,ay
k,q
ix,ix
z,z
er,axr
uh,ax
t,t
iy,iy
k,k
kcl,kcl
d,t
ax,l
z,z
eh,eh
sh,sh
axr,axr
gcl,dcl
aa,aa
aa,ay
f,f
ah,ow
bcl,bcl
q,q
eh,eh
ax,ax
n,n
jh,t
aa,aa
m,m
ao,ay
l,l
t,k
l,w
z,s
er,axr
ix,ix
r,r
sh,sh
g,v
m,n
w,w
n,m
ah,ao
kcl,kcl
r,r
dh,p
t,k
ey,ih
tcl,dcl
k,k
ae,ae
b,p
z,z
n,n
f,f
dx,n
v,v
tcl,kcl
l,l
s,s
ae,ae
ih,r
gcl,dcl
ae,ae
ng,n
ow,el
z,s
ix,ix
kcl,k
s,s
ae,ae
iy,iy
g,k
ae,ae
ix,ix
ay,ay
z,z
ix,ix
gcl,gcl
ih,ih
l,l
ih,ih
n,n
v,v
tcl,tcl
ax,w
ix,ix
aa,ay
q,bcl
aa,aa
s,s
iy,iy
hv,hv
r,r
d,d
ix,ix
g,y
ix,ix
iy,iy
l,w
ow,ow
tcl,kcl
r,r
nx,m
iy,ey
aa,aa
dh,q
ih,ix
ax,ax
l,ih
kcl,kcl
eh,ih
m,m
l,l
ah,ow
z,z
ax,uw
bcl,n
n,n
l,l
dh,dh
eh,ix
m,n
en,n
ax,l
tcl,tcl
nx,nx
gcl,pcl
ih,ix
er,axr
l,l
dh,gcl
ng,ng
ey,eh
ao,aa
ao,ah
r,r
kcl,kcl
l,l
dx,dx
m,m
ow,ow
q,q
l,l
ey,iy
v,v
er,ih
m,m
q,tcl
sh,sh
ay,ay
d,k
ao,ao
n,m
uw,uw
bcl,bcl
ih,ih
d,d
n,n
kcl,kcl
hh,hh
tcl,tcl
iy,iy
el,w
s,s
axr,axr
eh,ix
eh,eh
m,m
aa,aa
ch,sh
er,er
q,q
s,s
r,r
jh,jh
s,s
ih,ih
k,kcl
p,p
n,ax
iy,iy
ih,ih
ey,ih
aa,aa
tcl,tcl
ix,ix
ix,iy
iy,iy
s,s
ax,ah
tcl,tcl
n,n
gcl,dcl
ey,ey
ao,ao
ix,iy
ay,ay
ih,ih
dx,ix
w,w
r,y
iy,iy
ow,ow
ay,aa
iy,iy
jh,jh
s,s
l,l
er,r
w,w
tcl,tcl
ow,ow
v,k
pcl,tcl
bcl,kcl
iy,iy
r,r
tcl,tcl
n,n
m,m
kcl,kcl
iy,iy
ix,ix
r,r
dcl,n
k,k
q,q
er,er
iy,iy
dcl,gcl
iy,ih
ih,iy
m,m
m,m
iy,iy
dh,kcl
pcl,tcl
gcl,gcl
z,z
s,s
ao,aa
axr,r
iy,iy
oy,oy
l,l
tcl,kcl
d,p
y,iy
ao,ao
ux,ux
ax,ax
w,w
nx,n
th,th
ay,ay
tcl,tcl
ae,eh
axr,er
kcl,tcl
ax,ax
s,s
ih,iy
gcl,dcl
y,y
ih,ix
ax-h,k
ix,ix
nx,n
eh,ix
r,r
t,t
l,el
tcl,tcl
f,f
iy,iy
q,q
s,s
ey,ey
ih,ux
q,q
ix,r
ux,ux
kcl,kcl
dcl,dcl
l,l
g,kcl
ao,ao
iy,q
ax,ax
ao,ao
k,k
kcl,kcl
r,r
axr,axr
kcl,kcl
q,q
bcl,w
ix,ix
axr,axr
axr,axr
ch,t
r,r
tcl,tcl
bcl,pcl
gcl,gcl
uh,ah
q,q
g,g
ix,iy
ix,ix
dh,dx
ux,ux
kcl,kcl
eh,eh
ax,ix
m,n
ow,ow
ux,ux
r,r
ix,ix
k,k
ae,ae
axr,axr
s,s
er,r
z,s
en,w
v,v
aa,ao
w,w
ae,ih
z,s
f,f
pcl,tcl
ow,ow
v,p
ah,ax
w,w
s,s
ih,ih
bcl,bcl
n,n
kcl,kcl
kcl,kcl
tcl,kcl
t,t
s,s
ae,eh
z,s
m,m
iy,y
r,r
sh,sh
k,k
kcl,kcl
s,s
ae,ae
sh,sh
bcl,bcl
tcl,pcl
gcl,gcl
ah,ay
s,s
s,s
t,t
tcl,tcl
t,t
n,n
r,r
w,r
kcl,kcl
ax,ix
el,axr
axr,axr
m,m
ae,ae
w,w
kcl,pcl
z,z
sh,sh
tcl,kcl
k,k
iy,iy
tcl,tcl
ae,ae
tcl,tcl
l,l
dx,dx
f,f
n,n
k,k
kcl,kcl
s,s
tcl,tcl
aa,ao
dh,dh
eh,ih
k,k
bcl,bcl
ow,ow
tcl,dcl
iy,iy
r,r
d,t
gcl,m
eh,ey
bcl,pcl
tcl,kcl
q,q
s,s
bcl,dcl
ih,ux
w,w
ih,ey
axr,r
tcl,bcl
tcl,dcl
pcl,tcl
eh,ey
s,s
hv,hv
m,m
ay,ay
aa,aa
n,n
ax,ix
r,r
kcl,kcl
kcl,kcl
r,r
l,l
oy,oy
p,p
ax,ax
aa,aa
ao,ay
sh,sh
n,n
ae,ae
sh,sh
n,n
dcl,bcl
er,axr
ae,ae
l,hv
s,s
ow,ah
axr,axr
l,l
ow,ow
tcl,dcl
ix,gcl
l,l
kcl,kcl
ao,ao
ng,ng
ix,ix
d,t
dcl,n
dcl,dcl
n,n
q,bcl
er,ih
z,z
ao,r
g,g
iy,iy
ix,ah
ey,ih
ay,ah
ih,ix
m,m
n,n
w,w
aa,aa
th,t
f,f
dx,q
tcl,kcl
iy,iy
z,s
ey,ey
tcl,tcl
ah,uh
n,n
eh,eh
ih,ih
k,g
ix,ix
axr,axr
ix,ix
pcl,kcl
eh,r
q,q
ow,ey
axr,axr
ao,ao
axr,r
ng,ng
tcl,tcl
ow,ow
el,ow
n,n
f,f
d,g
g,k
ax,ix
w,w
m,m
dcl,n
uh,uw
ae,ey
m,m
eh,ih
pcl,pcl
m,m
sh,sh
r,r
aa,ao
ax,ax
axr,ix
gcl,gcl
dx,p
ey,ey
t,t
q,q
eh,ih
pcl,pcl
r,r
n,n
s,s
n,n
m,m
n,dcl
v,v
ae,ae
z,z
bcl,bcl
r,r
l,w
r,eh
ix,ix
y,y
ix,ix
k,k
t,s
ay,ay
tcl,d
l,w
w,l
n,n
w,w
ey,iy
pcl,tcl
ih,ih
ih,q
eh,ah
l,w
m,m
ao,ao
sh,sh
ao,ao
ng,m
k,k
ax,ix
s,s
w,w
pcl,pcl
ux,ux
s,s
ax,ax
ah,eh
s,s
t,t
l,ax
iy,ix
eh,eh
q,q
n,m
hh,hh
axr,r
dcl,kcl
tcl,gcl
ay,ay
s,sh
w,w
axr,r
axr,axr
r,r
f,f
eh,eh
q,ix
tcl,tcl
s,s
ix,ix
tcl,n
r,r
ao,aa
z,sh
n,dcl
l,l
kcl,kcl
n,n
iy,iy
ux,ux
hh,hh
iy,iy
dcl,dcl
kcl,kcl
nx,n
aa,aa
eh,ix
sh,sh
n,gcl
ae,ay
k,t
r,q
y,y
s,s
w,w
ix,ix
p,k
r,r
ae,ae
y,y
s,s
ix,iy
ih,ux
ao,aa
iy,iy
iy,iy
d,t
dcl,bcl
er,er
eh,eh
y,y
v,tcl
ey,iy
jh,s
eh,ow
iy,iy
w,w
w,ao
aa,aa
sh,sh
tcl,kcl
ow,ow
en,n
er,er
l,l
ow,ow
pcl,tcl
kcl,kcl
kcl,kcl
l,ao
d,d
aa,aa
ow,aa
ix,ix
aa,ay
l,l
ax,ix
l,l
r,r
v,v
m,m
tcl,tcl
ch,ch
s,s
z,z
tcl,tcl
ax,ax
l,ix
n,n
dcl,dcl
ao,ao
z,s
tcl,tcl
s,s
iy,iy
dh,v
aw,aw
m,m
ao,l
n,q
dcl,n
ax,ax
q,q
axr,axr
w,w
ah,ow
ax,r
ux,ux
ae,ae
s,s
ux,ux
f,f
m,m
ax,ah
tcl,tcl
k,k
ix,ix
ih,uw
tcl,q
aa,aa
ix,ix
r,r
bcl,bcl
ae,ae
ay,ay
dcl,dcl
ix,ix
l,ay
ao,q
iy,iy
ch,ch
l,l
l,l
l,w
ow,ow
f,f
eh,eh
n,n
q,q
w,w
s,s
uh,axr
w,w
dh,dh
dcl,tcl
tcl,tcl
l,l
ey,ey
t,t
bcl,bcl
w,w
axr,axr
nx,n
l,l
iy,iy
axr,r
iy,iy
dh,t
iy,iy
sh,sh
m,m
iy,iy
n,n
ax,r
iy,ix
ow,ao
iy,iy
ow,ow
ix,ix
r,r
ix,ix
sh,sh
jh,jh
eh,ih
ix,ix
k,k
eh,eh
ax,uw
r,r
ix,ix
iy,iy
ix,ix
ay,ay
n,m
ae,ay
er,r
kcl,kcl
k,k
m,ux
sh,sh
y,y
ix,ix
pcl,kcl
kcl,g
ah,ao
ix,ix
ae,ay
t,d
pcl,m
t,kcl
ao,ao
eh,eh
iy,iy
iy,iy
ix,axr
n,n
tcl,tcl
t,t
sh,sh
iy,iy
ax,axr
iy,iy
m,m
aw,ae
iy,iy
r,r
tcl,kcl
l,l
m,q
k,k
p,d
s,s
g,g
iy,iy
n,n
l,l
ih,ih
w,r
axr,axr
l,l
s,s
ay,ay
ch,t
r,r
kcl,tcl
jh,jh
ae,ih
dcl,kcl
pcl,pcl
ah,ah
l,w
eh,eh
n,m
q,q
f,f
q,q
dh,dh
ao,aa
kcl,kcl
gcl,gcl
v,v
ae,ae
ae,ae
ah,aa
ae,ae
t,t
tcl,tcl
iy,iy
ah,m
ax,n
k,k
dh,dcl
ih,ix
iy,iy
f,f
z,s
ix,n
ao,aa
p,p
z,z
z,z
k,k
ah,ao
ae,ae
ao,ao
ao,ao
ey,ey
iy,iy
ao,aa
n,n
ix,ix
g,k
iy,iy
er,er
l,l
tcl,tcl
kcl,kcl
n,ng
nx,dx
s,s
w,w
w,w
eh,ih
eh,ih
aa,ao
s,s
iy,iy
aa,aa
sh,sh
er,axr
r,v
m,m
f,f
v,ix
r,r
kcl,kcl
ix,ax
uw,uw
t,t
w,w
hv,q
s,s
k,k
aa,ao
tcl,tcl
ix,r
ng,m
er,axr
gcl,gcl
ay,ay
tcl,tcl
pcl,kcl
n,n
kcl,kcl
k,k
aa,ah
ow,ow
dcl,dcl
axr,r
aa,v
dcl,bcl
iy,iy
eh,er
eh,eh
p,p
n,ix
p,jh
tcl,tcl
ay,ay
ix,ix
pcl,tcl
ix,r
iy,iy
f,f
n,n
ae,ey
s,ch
t,jh
n,n
q,q
uh,ih
t,jh
ax,ow
tcl,q
tcl,tcl
n,n
sh,sh
pcl,tcl
ow,ux
ao,ao
dx,dx
dcl,dcl
dh,pcl
tcl,tcl
r,r
iy,iy
ax,ix
er,ih
n,m
s,s
ix,ax
l,l
dh,q
kcl,kcl
n,m
ae,ae
ih,ih
ay,ay
tcl,tcl
iy,iy
hh,hh
el,w
kcl,kcl
bcl,bcl
n,n
l,l
s,s
ix,iy
k,k
v,v
k,k
axr,er
el,el
ah,ah
ax,l
jh,jh
axr,axr
l,l
b,dh
l,ax
t,d
iy,iy
iy,iy
l,l
ux,ix
axr,axr
ix,ax
n,n
aa,aa
f,f
s,s
kcl,tcl
iy,iy
r,r
l,l
n,n
l,r
ao,ao
pcl,tcl
ey,ey
tcl,tcl
sh,sh
iy,iy
ix,ix
iy,iy
iy,iy
eh,eh
tcl,pcl
sh,sh
r,r
kcl,kcl
tcl,n
sh,sh
tcl,k
axr,ix
iy,axr
ao,ao
ax-h,dcl
er,er
aw,ow
tcl,kcl
s,s
dh,d
s,s
ix,eh
q,q
r,q
t,t
iy,iy
hh,hv
ey,ey
p,p
k,kcl
oy,oy
ae,ae
l,l
en,en
r,r
pcl,tcl
y,y
aa,aa
ao,ow
ay,ay
iy,iy
ix,ix
ay,ay
kcl,kcl
p,k
w,q
n,bcl
iy,iy
sh,sh
ix,ix
em,m
ix,ix
ah,ih
eh,hv
iy,iy
er,axr
iy,axr
n,n
l,l
axr,axr
s,s
m,m
ax,ix
ax,m
l,l
s,s
dcl,tcl
ax,ax
w,w
n,m
r,r
pcl,pcl
q,q
m,n
s,s
ih,eh
w,w
m,ng
k,k
f,pcl
n,n
n,n
ux,uw
ey,ey
hh,hh
y,y
n,n
tcl,tcl
l,ao
ow,ow
ax,ix
eh,r
iy,iy
tcl,tcl
kcl,kcl
jh,jh
aa,aa
kcl,gcl
r,axr
nx,m
n,n
kcl,kcl
f,f
ax,ax
f,p
bcl,m
s,s
k,k
ih,ih
ux,ux
th,f
eh,er
bcl,bcl
l,l
f,f
ih,iy
p,p
ih,ix
r,r
l,l
iy,ix
dcl,dcl
iy,iy
z,s
ax,n
axr,ih
sh,sh
ey,ix
ix,iy
ix,ih
m,m
ih,ix
z,z
er,er
l,l
eh,ae
ay,ey
l,w
f,p
ix,iy
bcl,bcl
iy,iy
r,r
ax,ix
ax,ax
g,k
m,m
ax,ix
iy,iy
r,y
jh,jh
tcl,tcl
el,ah
r,r
ih,ih
r,r
ix,ax
t,t
nx,m
iy,iy
k,k
axr,r
v,v
w,w
n,n
iy,iy
f,f
pcl,pcl
dcl,tcl
ax,ix
tcl,kcl
tcl,tcl
iy,iy
q,q
w,w
ah,ah
kcl,kcl
dh,t
p,p
ix,ix
ax,ix
t,t
ay,ah
k,g
y,iy
bcl,bcl
dh,dh
r,r
dh,s
ae,ae
ux,ix
tcl,kcl
n,ix
pcl,kcl
kcl,q
ah,ao
r,r
ax,ix
r,r
z,s
k,k
w,w
er,er
ay,ay
eh,ah
q,q
s,s
gcl,gcl
pcl,kcl
ow,ow
dh,p
pcl,kcl
ah,ah
ih,ih
m,n
s,s
s,s
ih,ax
sh,sh
s,s
dcl,dcl
ao,ao
ix,r
t,t
g,k
n,n
ix,ix
ey,ey
ey,ay
ay,ay
ux,q
w,w
iy,iy
z,s
ow,ow
q,q
pcl,kcl
r,r
zh,z
pcl,pcl
eh,eh
ix,ix
s,s
ao,aa
ah,l
n,n
tcl,kcl
ih,ih
ow,ow
iy,iy
n,n
dh,th
m,m
kcl,kcl
ax,ah
n,n
ow,ow
r,r
ah,ah
s,s
ae,eh
tcl,kcl
w,w
dh,q
ux,ux
ix,ih
iy,iy
m,m
ix,ix
pcl,pcl
sh,sh
iy,ix
ax,ax
p,p
ix,axr
aa,ay
z,z
s,s
pcl,pcl
bcl,bcl
ao,l
uw,uw
ih,ih
m,n
ax,ix
iy,iy
eh,ey
s,s
r,r
el,q
ih,ih
hh,hv
s,s
m,bcl
ae,ae
dcl,dh
q,q
er,axr
ao,ao
l,l
ay,ay
t,t
l,l
gcl,gcl
n,n
ng,n
q,q
s,t
s,s
dh,q
f,f
z,z
ah,r
ix,ng
w,l
hv,k
kcl,kcl
q,q
l,l
eh,eh
r,axr
axr,r
ax,ix
pcl,pcl
ux,y
q,q
eh,ih
m,n
l,l
em,n
ah,ah
ix,ix
z,z
ux,ux
ao,ay
p,k
ae,ae
iy,y
axr,er
w,w
l,l
gcl,gcl
s,s
n,en
ng,n
aa,ao
ix,ix
q,q
iy,iy
aw,aa
r,r
r,w
q,tcl
ix,ey
ax,ax
s,s
gcl,q
dcl,bcl
pcl,tcl
axr,axr
tcl,tcl
ey,ey
m,m
iy,iy
r,r
nx,n
z,z
r,r
ix,ix
sh,sh
q,q
ax-h,d
ux,ux
eh,eh
q,q
kcl,kcl
dcl,pcl
r,r
ey,ey
axr,er
ae,ae
w,w
ey,y
m,m
ax,ax
g,dx
pcl,tcl
n,n
sh,sh
l,w
dh,dh
ow,ow
s,s
p,p
jh,jh
ae,hv
p,p
k,k
aw,aw
axr,axr
ix,ix
ax,ih
r,r
r,r
kcl,kcl
aa,eh
l,q
kcl,kcl
v,v
v,ix
f,f
sh,sh
t,t
dx,dx
v,n
n,n
hh,p
f,f
r,r
m,m
ix,ix
r,r
z,z
er,er
r,r
gcl,bcl
eh,eh
ng,ng
s,sh
axr,er
ax,m
s,s
bcl,m
ix,ix
g,dx
w,w
em,q
axr,r
r,axr
iy,iy
t,t
ae,ae
tcl,kcl
aw,aw
aa,aa
ao,ao
eh,ng
dx,dx
ey,ey
eh,eh
ow,l
eh,eh
m,m
iy,ih
d,t
n,n
l,l
dcl,dcl
pcl,tcl
iy,iy
s,s
ey,ey
r,r
ih,ih
pcl,kcl
v,l
iy,ih
ae,ae
s,s
en,n
er,r
p,tcl
w,w
l,l
s,s
s,s
ih,ih
ax,ax
ux,ux
l,aa
n,n
hv,hv
ax,w
k,k
n,n
ux,ux
eh,ah
axr,r
aa,aa
ey,ey
dh,v
iy,n
el,q
m,m
n,n
aa,aa
l,l
ow,ow
dcl,gcl
nx,dx
hv,hv
w,w
eh,eh
t,t
ix,dh
ay,aa
ae,ae
pcl,pcl
bcl,n
l,l
pcl,pcl
l,l
kcl,kcl
n,n
dcl,dcl
ih,ih
ih,ix
ax,ix
ae,ae
f,f
axr,axr
ih,ih
dcl,dcl
k,k
ix,ix
y,ix
tcl,tcl
aa,ao
t,p
k,k
ax-h,g
iy,iy
k,k
s,s
q,q
d,q
uw,ux
s,s
kcl,kcl
n,n
gcl,bcl
ng,n
iy,iy
bcl,bcl
ux,ux
aa,ay
f,f
z,z
axr,ow
ay,ay
iy,iy
n,ix
eh,ix
n,n
z,z
n,n
sh,sh
eh,ih
ix,n
er,er
ax,ix
ix,ix
kcl,kcl
k,k
ao,ao
r,w
ix,ix
ax,l
q,q
k,k
bcl,m
s,s
ow,q
ih,ih
z,ax-h
k,k
s,s
ae,q
dcl,dcl
ix,ix
m,m
r,r
iy,iy
ix,ix
kcl,kcl
r,r
q,q
axr,axr
q,q
axr,axr
ix,ix
pcl,kcl
l,w
z,s
uw,uw
ax,r
ae,ae
ix,axr
ao,ao
er,er
ax,ix
s,s
m,ux
iy,iy
l,l
ae,eh
eh,ae
f,f
ax,ax
ix,ix
iy,iy
tcl,tcl
s,s
r,r
r,r
ao,ao
k,k
ih,ih
dcl,dcl
z,s
ix,ix
hv,hv
ix,ix
v,dh
eh,ax
r,r
pcl,pcl
m,m
q,q
ah,l
axr,ih
k,k
m,n
dcl,dcl
z,s
m,m
r,axr
g,k
ng,n
s,sh
aa,ao
iy,ix
ix,axr
ey,iy
z,z
r,r
eh,ae
v,v
kcl,kcl
z,z
sh,sh
ax,q
ae,ey
d,kcl
q,q
ax-h,m
en,en
er,ih
ih,ih
s,s
r,r
er,er
jh,jh
ix,ix
ey,ey
l,l
ng,ng
tcl,tcl
oy,oy
s,s
dcl,dcl
tcl,kcl
w,l
n,dx
y,y
w,w
ah,ah
s,s
kcl,kcl
r,q
bcl,bcl
s,s
ux,iy
r,r
s,s
s,s
iy,iy
jh,t
iy,iy
z,s
dh,tcl
kcl,kcl
l,l
bcl,tcl
w,w
ix,ix
ix,ix
n,m
axr,w
eh,ix
k,g
kcl,kcl
axr,axr
sh,ch
kcl,kcl
ix,ix
dh,pcl
eh,iy
gcl,gcl
ey,ey
eh,eh
z,s
n,m
n,n
w,w
ao,ao
iy,iy
y,y
hv,hv
ih,ih
bcl,bcl
ae,ae
dx,dcl
r,axr
hh,p
z,z
r,ax
n,m
r,ay
iy,ix
bcl,tcl
tcl,tcl
ey,ey
eh,eh
eh,axr
iy,iy
eh,axr
l,w
ix,ix
n,n
ng,n
n,n
ng,n
r,r
s,s
kcl,kcl
z,s
l,l
kcl,kcl
iy,iy
ow,eh
t,p
l,l
r,r
p,dx
n,n
el,ow
s,s
el,l
z,z
hv,hv
ey,ey
tcl,tcl
dx,dx
ch,ch
er,er
m,m
aa,aa
dh,t
k,k
dcl,dcl
iy,iy
tcl,kcl
n,n
y,iy
l,l
m,m
ey,ix
el,el
kcl,kcl
aa,ay
ih,ax
v,hv
ao,ao
eh,iy
ix,ix
s,s
n,n
ix,ix
zh,sh
axr,er
pcl,pcl
t,t
ah,ow
ay,ay
d,d
l,ax
dh,ax
y,iy
dcl,pcl
ix,ix
iy,iy
v,v
kcl,kcl
ix,ih
pcl,kcl
p,k
ax,ah
w,w
ao,ao
k,k
iy,iy
ih,ih
ax,ao
ey,ey
ix,ux
f,f
f,f
kcl,kcl
ay,ay
l,m
q,q
r,r
sh,sh
ah,ah
tcl,tcl
ey,ey
ax,ax
z,z
l,l
l,l
ao,ao
ix,ix
er,axr
ih,ix
ng,ng
ng,n
ax,ax
sh,sh
iy,iy
jh,jh
r,r
n,n
oy,oy
dx,g
ax-h,dh
k,k
r,y
iy,iy
ax,ax
d,p
m,m
s,s
r,er
hv,hv
tcl,bcl
t,t
ah,ah
axr,q
r,r
ax,m
kcl,tcl
ey,ey
m,m
ih,iy
dcl,jh
r,axr
iy,iy
l,m
er,er
ix,ix
q,q
v,n
ix,ix
m,n
l,l
f,f
tcl,tcl
oy,oy
aa,aa
dh,d
er,er
kcl,kcl
kcl,pcl
ao,ao
ih,ux
kcl,kcl
r,r
tcl,kcl
m,n
ix,dcl
l,l
m,m
k,k
pcl,pcl
l,l
ey,ey
sh,sh
z,z
ay,ay
axr,axr
ao,ao
sh,sh
aw,ae
kcl,kcl
m,q
r,r
kcl,kcl
tcl,tcl
eh,eh
ix,ix
z,z
t,d
axr,r
sh,sh
dcl,dcl
kcl,kcl
l,l
k,k
en,ix
iy,iy
t,d
ay,ay
ey,ey
dh,p
eh,eh
s,s
s,s
er,er
t,t
en,en
ih,eh
m,m
aa,aa
axr,r
en,n
r,r
bcl,bcl
ae,eh
ao,uw
v,m
ae,eh
nx,n
aw,aa
ch,ch
tcl,tcl
ix,ix
ah,ah
dh,tcl
y,dcl
m,m
aa,aa
iy,iy
ey,iy
r,r
axr,r
ae,ae
ih,ih
axr,axr
ix,ax
z,z
ao,ao
gcl,gcl
kcl,kcl
ao,ay
r,r
r,r
ih,q
s,s
ay,ey
ix,ix
ao,aa
ih,iy
pcl,kcl
ae,ey
el,w
axr,er
dcl,dcl
dcl,dcl
n,n
n,n
ay,ay
ae,ay
tcl,tcl
uw,axr
tcl,dcl
bcl,bcl
ah,ax
er,er
l,l
m,m
ih,iy
pcl,pcl
iy,iy
ix,ix
eh,ah
ux,ux
n,ng
ow,ow
axr,axr
aa,aa
nx,n
ih,ix
r,r
iy,ey
ih,ih
m,m
axr,er
axr,axr
iy,y
kcl,kcl
pcl,pcl
ey,ey
l,l
f,f
y,iy
z,jh
z,z
er,er
iy,iy
ah,axr
ah,ah
s,s
l,l
m,n
tcl,tcl
k,k
axr,axr
ix,ax
kcl,kcl
ng,n
iy,iy
l,l
t,d
n,n
dh,dh
z,z
kcl,kcl
ux,ux
v,v
z,z
k,k
ae,ae
n,n
ng,ng
eh,eh
hv,hv
ix,ix
ih,ih
aa,ay
l,l
ih,ix
ah,aa
iy,iy
uw,uw
p,p
ay,ay
gcl,kcl
q,iy
t,t
axr,axr
l,l
el,el
ey,ey
r,ix
ey,ih
dcl,en
ux,ux
ux,ux
k,k
n,m
aa,r
eh,eh
iy,iy
k,p
z,s
w,w
s,s
iy,iy
ao,ao
el,w
ah,ay
l,iy
dx,dx
l,l
m,m
s,s
f,f
ay,ay
tcl,tcl
r,r
aw,aw
r,r
d,b
iy,iy
ow,ow
tcl,kcl
ax,l
dh,dh
eh,eh
w,w
s,s
iy,er
ax,ax
dh,kcl
iy,iy
ao,ao
axr,ix
v,v
t,k
q,q
k,k
ng,ng
s,sh
dx,dx
ih,ih
axr,r
dcl,dcl
pcl,tcl
ay,aa
l,l
aa,ah
n,n
eh,eh
tcl,dcl
p,p
er,er
iy,ix
th,f
dh,k
r,r
dcl,tcl
r,r
q,q
v,v
sh,sh
ay,ay
kcl,kcl
y,y
f,f
r,r
n,n
s,s
aa,aa
l,n
tcl,pcl
gcl,dcl
dcl,tcl
k,k
iy,iy
l,ax
tcl,dcl
kcl,kcl
tcl,tcl
ae,ae
hv,w
gcl,tcl
ao,ao
eh,ey
w,w
m,n
ah,ay
tcl,tcl
y,y
el,uw
ix,ix
l,l
z,s
f,p
n,n
l,l
iy,q
s,s
ae,ae
iy,iy
er,er
nx,ix
gcl,n
eh,r
tcl,tcl
ih,eh
iy,ih
kcl,kcl
aa,aa
ao,ao
kcl,kcl
ae,aa
pcl,kcl
axr,axr
ix,ix
s,s
dh,dh
w,w
nx,n
ih,y
kcl,kcl
axr,axr
axr,er
w,ao
iy,iy
n,n
tcl,gcl
dcl,tcl
ay,ay
gcl,gcl
dcl,kcl
ao,ao
z,z
ax,ax
ih,iy
p,p
tcl,tcl
l,l
ix,ix
t,t
p,p
dh,p
l,l
dh,dh
ax,q
t,tcl
g,k
pcl,pcl
ah,ao
n,n
p,p
ae,ae
ax,ax
r,r
y,y
f,f
ng,n
n,m
k,k
ax,ax
ay,ay
t,t
aw,aw
z,z
dx,dx
ch,ch
bcl,pcl
ix,ih
t,t
ao,oy
ih,ih
eh,ih
bcl,bcl
ix,ih
kcl,kcl
m,m
ae,ae
tcl,n
gcl,gcl
ae,aa
axr,axr
sh,sh
gcl,bcl
sh,sh
hh,hv
ix,ix
z,s
eh,ix
aa,aa
s,s
m,m
sh,sh
aa,aa
l,l
tcl,tcl
tcl,tcl
s,s
d,d
ih,ih
k,g
iy,iy
kcl,tcl
eng,m
ih,ih
m,m
ix,n
ey,ey
kcl,kcl
s,s
ax,ax
ix,iy
m,n
t,tcl
ao,er
ax,n
iy,iy
y,y
er,axr
jh,jh
tcl,tcl
ux,axr
hv,hv
iy,iy
eh,eh
s,s
r,ae
er,axr
s,s
z,z
ax,ax
pcl,bcl
ae,ey
ix,ix
z,z
tcl,tcl
bcl,m
r,r
kcl,kcl
t,t
l,ay
axr,axr
p,p
dcl,tcl
l,l
bcl,dcl
tcl,tcl
n,n
aa,aa
ow,uw
kcl,kcl
aa,aa
r,r
r,r
r,ay
k,k
l,ao
t,t
p,p
k,k
n,n
ah,ao
axr,r
n,m
aa,aa
kcl,kcl
w,w
dh,p
kcl,kcl
kcl,kcl
l,ax
er,er
tcl,tcl
r,r
ih,ix
ih,ux
r,ay
ix,ix
axr,axr
n,n
ux,ux
gcl,pcl
eh,eh
r,r
r,r
ay,ay
ah,ah
ey,ey
dh,v
iy,iy
p,p
t,t
iy,iy
iy,iy
kcl,kcl
ih,eh
ix,ix
p,p
v,dcl
m,m
eh,eh
axr,axr
r,r
n,n
ay,ay
iy,y
w,w
tcl,kcl
g,k
ix,ih
tcl,kcl
el,el
r,r
tcl,tcl
ix,ix
t,p
q,k
w,w
n,n
dx,dx
s,s
ng,ng
dh,k
iy,iy
kcl,k
n,n
r,axr
ow,ow
dx,n
f,f
g,k
r,r
n,n
kcl,kcl
m,m
ae,ae
hh,t
n,n
f,f
dx,dcl
ng,ng
d,k
dcl,dcl
z,s
w,w
dcl,jh
dcl,n
ix,ix
ix,ix
ay,ay
ah,aa
ao,ao
dh,l
tcl,kcl
n,n
axr,er
s,s
er,er
t,ax-h
jh,t
eh,ih
en,n
z,z
t,t
l,l
n,n
r,r
tcl,kcl
g,g
ey,ey
tcl,tcl
n,n
ix,ih
hv,hv
eh,ih
er,er
ey,axr
ih,ih
aa,ae
bcl,pcl
n,m
l,w
eh,axr
l,l
s,s
s,s
ch,ch
tcl,tcl
iy,iy
n,n
dh,v
uh,ih
y,iy
iy,iy
n,n
r,y
t,t
ae,ay
kcl,kcl
ey,ey
ah,ax
iy,iy
ix,ux
k,k
k,k
ix,ix
v,v
hh,k
aa,aa
l,l
k,k
ae,ae
axr,axr
aw,ae
jh,jh
ax,ax
ix,ix
pcl,pcl
q,n
ix,ix
r,er
iy,iy
ix,axr
r,r
ix,iy
n,n
ix,ix
ow,ow
p,p
tcl,tcl
s,s
z,z
w,w
hh,hh
l,l
hv,hv
hh,t
jh,jh
s,s
n,n
r,r
iy,iy
t,t
w,w
dx,n
ix,ix
z,s
ix,ix
bcl,bcl
l,n
ae,ae
iy,iy
ng,m
ng,n
iy,iy
ux,iy
uh,ah
d,t
ow,ao
q,aa
p,p
s,s
d,d
tcl,tcl
w,w
dcl,dcl
s,s
el,ow
pcl,kcl
n,n
s,s
er,axr
m,m
d,d
l,l
