true_label,predicted_label
ey,ey
tcl,kcl
aa,aa
ay,ay
aw,ae
tcl,kcl
w,m
k,hh
t,jh
dx,dx
k,p
ah,ah
z,s
dcl,dcl
pcl,pcl
ix,ix
ix,r
ix,ix
g,g
ae,ae
ax,nx
ax,ax
ix,iy
g,g
l,el
n,n
s,s
ao,w
s,s
sh,sh
n,n
iy,ix
dx,dx
y,y
m,n
w,w
ng,ng
el,l
kcl,tcl
zh,ch
ey,ey
iy,er
en,ng
tcl,tcl
y,iy
s,s
axr,ax
d,d
ix,ix
eh,ih
n,bcl
eh,eh
ix,ix
iy,iy
n,n
ax,ix
ey,ey
ae,ae
bcl,v
ae,ae
kcl,kcl
n,bcl
iy,iy
nx,n
axr,axr
el,ao
ix,q
q,ix
r,r
n,n
kcl,tcl
ay,ae
ay,ae
w,ao
k,k
r,r
pcl,pcl
ao,ao
ae,ih
gcl,bcl
ix,iy
aw,ae
w,w
ow,ih
bcl,bcl
ah,ix
hv,iy
ix,ix
ix,iy
t,p
ix,ix
m,m
eh,eh
d,t
ao,ax
dcl,dcl
gcl,ix
tcl,dcl
pcl,tcl
r,r
ix,ix
iy,iy
iy,q
m,m
tcl,tcl
hh,p
pcl,tcl
ey,ey
ey,ey
n,n
m,m
s,s
el,ow
aa,r
uh,ux
pcl,pcl
ay,ay
m,m
axr,ix
ae,ae
tcl,tcl
ix,ix
s,s
kcl,kcl
tcl,pcl
ae,ae
m,n
s,s
eh,ey
eh,ao
aa,r
eh,eh
ax,l
tcl,tcl
sh,sh
tcl,tcl
m,m
iy,iy
ao,oy
l,ax
n,bcl
s,s
m,n
tcl,tcl
tcl,pcl
y,iy
eh,eh
iy,iy
s,s
oy,ao
v,v
ow,eh
axr,ay
tcl,tcl
aa,aa
kcl,kcl
ix,ix
ix,ix
t,t
gcl,dcl
ae,ae
sh,sh
dcl,dcl
m,n
bcl,pcl
eh,er
iy,iy
iy,iy
pcl,pcl
gcl,pcl
dcl,dcl
axr,axr
gcl,tcl
f,f
z,t
ey,ey
dh,v
r,r
bcl,bcl
pcl,pcl
d,d
f,sh
sh,sh
tcl,tcl
s,s
iy,iy
hh,dh
r,r
sh,sh
ax,ah
k,hh
y,iy
s,s
aw,ih
ng,n
tcl,tcl
ae,ay
n,n
dcl,dcl
p,hh
iy,iy
ix,ix
ix,ix
tcl,tcl
l,l
s,s
pcl,pcl
bcl,bcl
n,n
ae,ae
w,w
y,axr
ix,ax
gcl,bcl
dcl,dcl
ih,ix
n,n
kcl,kcl
iy,iy
t,t
er,w
z,s
kcl,kcl
aa,ow
ix,ih
w,w
iy,ih
ay,ey
ux,ux
ae,ae
dcl,bcl
s,s
el,el
n,m
uh,ix
kcl,kcl
z,z
kcl,tcl
f,f
tcl,tcl
f,f
ix,ix
kcl,kcl
n,dcl
ih,eh
dcl,dcl
k,k
tcl,tcl
r,r
l,ao
g,g
sh,sh
ih,ix
n,n
aw,aa
ax,w
ao,l
ae,ae
ax,n
tcl,tcl
z,z
tcl,kcl
ey,ey
r,axr
m,n
er,r
nx,n
bcl,dcl
ae,ae
k,k
ey,ey
tcl,tcl
bcl,bcl
n,n
aa,ao
iy,ix
ay,ae
sh,sh
k,k
hh,p
sh,sh
s,s
r,r
q,ih
dcl,pcl
s,s
dx,dcl
ey,ey
s,s
gcl,pcl
m,m
ih,axr
ih,eh
s,s
axr,ax
g,p
ae,eh
ix,ix
r,r
bcl,tcl
ix,ix
l,ow
ay,ae
l,w
axr,r
iy,iy
ay,ay
q,q
k,k
l,l
kcl,kcl
y,iy
eh,ih
t,t
ax,ih
ax,w
y,iy
m,m
sh,sh
aa,aa
ey,iy
uw,uw
n,n
q,dcl
l,l
y,en
oy,oy
ix,ix
kcl,kcl
l,ax
l,l
m,m
z,z
ix,ow
r,r
ah,aa
iy,iy
ay,ix
dcl,dcl
w,w
ih,ey
ih,ih
w,w
w,w
ao,ao
dcl,dcl
ey,ey
axr,eh
k,q
dcl,tcl
ix,ix
ih,ih
hh,hv
kcl,kcl
n,n
tcl,kcl
s,s
ax,ax
ih,iy
pcl,tcl
r,r
r,r
pcl,pcl
k,k
d,kcl
r,r
dx,dx
iy,iy
ix,ix
ix,ix
bcl,bcl
iy,iy
aa,ao
k,k
iy,iy
w,w
iy,ix
tcl,gcl
k,k
k,k
w,w
tcl,tcl
k,k
l,ao
ey,eh
ae,ae
ao,ao
ax,l
q,q
ao,ao
l,l
gcl,pcl
bcl,pcl
r,r
r,r
th,f
dcl,tcl
uh,ix
eh,ey
gcl,dcl
ao,ao
ah,aa
dh,v
tcl,tcl
s,s
n,n
dh,dh
aa,aa
ux,iy
tcl,tcl
ow,ao
r,w
ae,ae
ay,ay
z,s
ix,ix
y,y
ix,ix
tcl,dcl
gcl,n
s,s
ix,ix
l,w
ix,ix
w,w
k,k
s,s
ax,ax
ao,ao
ey,ix
iy,iy
bcl,bcl
axr,axr
uh,ah
n,n
s,s
dx,n
ix,ax
sh,sh
g,g
eh,ix
n,n
ah,ae
ao,ao
ax,ax
s,s
y,iy
axr,iy
er,axr
th,f
pcl,pcl
t,t
r,ah
s,s
ix,iy
er,axr
kcl,tcl
iy,iy
d,dx
l,l
ao,ao
uw,er
w,w
axr,ix
s,s
bcl,dcl
s,s
axr,ao
w,w
r,r
s,f
s,s
l,ao
w,w
z,z
er,axr
ah,eh
r,r
ae,ae
r,ih
y,y
tcl,v
w,w
ix,ix
sh,sh
ax,uh
axr,axr
s,s
iy,iy
tcl,z
m,m
gcl,kcl
ax,ix
q,q
axr,axr
k,tcl
gcl,gcl
w,w
p,p
tcl,pcl
l,l
kcl,pcl
ae,ae
kcl,pcl
eh,r
ax,l
w,w
k,t
ih,eh
tcl,tcl
w,v
dh,p
iy,iy
z,z
s,s
l,l
q,ix
t,sh
ch,ch
axr,ix
s,s
ix,ix
y,iy
n,n
ay,ay
jh,jh
ix,ih
ux,iy
r,r
s,s
ax,l
dx,dx
aa,aa
k,p
gcl,n
iy,ih
k,k
l,m
ix,z
k,kcl
g,k
ae,ae
dcl,tcl
ix,ah
eh,ih
ix,ix
z,z
ax,ax
tcl,tcl
ih,ax
n,n
l,l
ax,ax
z,ch
ah,ax
n,n
ih,ih
m,n
kcl,kcl
r,r
oy,ow
s,s
w,w
n,n
y,iy
axr,axr
ax,ax
el,el
ey,ey
ih,uw
pcl,pcl
jh,jh
bcl,y
t,t
r,r
d,t
ix,ix
pcl,pcl
ao,aa
n,n
axr,axr
s,s
uw,uw
ay,eh
k,t
n,n
ey,ey
aa,aa
g,g
ih,ih
axr,ix
ax,ix
el,ow
ax,ix
v,ix
n,dcl
m,n
pcl,tcl
q,axr
ax,n
kcl,kcl
t,t
r,ao
z,s
v,dh
ux,ux
r,r
ow,ax
dh,dh
nx,n
gcl,dcl
dh,n
dcl,dcl
bcl,bcl
sh,sh
ux,ux
eh,ih
t,t
d,d
dcl,d
ay,ax
ae,ae
w,w
ae,ae
ay,ay
l,w
w,w
tcl,tcl
s,s
r,r
r,r
y,ih
tcl,tcl
q,q
iy,iy
dcl,dcl
z,s
ih,ae
r,r
ae,ae
th,p
dh,dcl
f,f
r,eh
ih,ey
r,r
ix,ix
dx,dx
t,t
k,t
p,d
kcl,tcl
axr,axr
ix,ax
q,q
eh,eh
p,p
ax,ax
ao,ah
g,g
ax,ax
sh,sh
axr,r
ey,ey
q,p
l,l
v,y
t,t
ih,ih
jh,jh
s,s
uw,ux
r,r
er,axr
g,p
n,n
g,g
t,t
ey,ey
iy,ih
l,l
z,z
s,s
iy,iy
f,s
pcl,tcl
dcl,dcl
l,l
axr,ih
q,k
y,y
t,tcl
jh,jh
d,t
s,z
ih,ix
ch,ch
iy,iy
ax,l
ix,ix
ax,l
tcl,dcl
ao,ao
z,z
gcl,dcl
ow,ow
ix,ix
s,s
axr,r
n,n
tcl,pcl
ah,ih
ix,iy
ae,ae
ih,ih
aw,ow
ih,ux
t,t
k,k
s,sh
l,ix
ix,iy
dcl,pcl
el,l
ix,ix
dcl,pcl
n,n
l,ax
g,k
kcl,kcl
tcl,pcl
ax,ax
ah,ao
z,z
ey,ih
eh,eh
dx,dx
kcl,kcl
bcl,bcl
dh,dcl
tcl,tcl
m,n
th,th
k,k
ix,ih
ax,ax
pcl,pcl
dx,dx
ao,r
g,k
q,q
sh,s
pcl,pcl
q,q
uh,ix
eh,eh
hh,dh
gcl,n
iy,iy
iy,iy
ih,ix
ix,ix
pcl,pcl
f,f
kcl,tcl
gcl,n
tcl,tcl
t,t
n,dcl
er,er
l,l
ao,l
m,v
ow,ao
iy,iy
ch,ch
ux,ux
dh,dh
iy,iy
r,ax
iy,iy
ix,eh
iy,iy
w,w
t,t
l,w
k,k
er,r
w,ax
aa,ay
z,z
z,z
dcl,gcl
ux,ux
ay,ae
l,l
s,s
er,er
eh,eh
ao,l
tcl,tcl
en,m
oy,ay
dcl,n
aa,aa
n,n
sh,sh
ch,ch
r,r
g,k
p,p
el,ax
ix,ix
ux,axr
v,dx
q,r
pcl,pcl
l,l
oy,oy
ah,ao
q,q
l,l
w,q
g,g
dh,n
d,kcl
axr,ix
n,ix
eh,ih
ix,ix
bcl,dcl
tcl,kcl
k,k
tcl,tcl
ax,ax
dcl,dcl
ow,ow
z,z
ow,el
r,r
iy,iy
ao,ao
s,z
t,d
w,w
iy,iy
ao,ao
n,n
iy,iy
ax,axr
eh,er
ay,ay
dx,dcl
axr,iy
dcl,dcl
l,l
q,q
ao,ao
pcl,kcl
iy,iy
eh,ae
ao,aa
ao,aa
el,ow
iy,iy
r,r
f,f
tcl,tcl
ah,aa
t,t
jh,jh
ix,ix
s,s
iy,iy
iy,iy
k,k
pcl,pcl
tcl,pcl
tcl,pcl
l,w
gcl,dcl
l,w
axr,axr
kcl,kcl
l,ax
w,w
iy,iy
er,er
dh,dx
tcl,pcl
iy,iy
ax,ax
z,s
iy,iy
kcl,kcl
n,n
s,s
dcl,dcl
ao,ao
z,z
t,t
ix,ix
dcl,dcl
iy,iy
f,pcl
ch,sh
ey,ey
ax,axr
m,m
axr,axr
n,dcl
ix,ix
kcl,kcl
m,n
l,ax
v,v
f,f
n,n
s,s
y,y
z,s
eh,eh
ux,ux
dcl,dcl
eh,ey
gcl,bcl
l,r
ay,aa
pcl,pcl
ux,iy
tcl,kcl
ix,ix
uw,ix
s,z
ao,w
k,tcl
n,n
l,ow
eh,aa
kcl,kcl
f,f
l,m
dh,v
ow,ow
r,ax
l,l
dx,g
k,k
kcl,kcl
dh,dh
n,ng
m,m
sh,sh
r,r
r,r
n,n
ax,l
ao,aa
z,s
ax,q
v,v
r,r
l,l
tcl,tcl
ix,ix
iy,iy
ix,n
axr,r
n,n
m,dcl
s,s
pcl,tcl
ae,ae
ix,ix
t,t
iy,iy
kcl,kcl
s,s
kcl,pcl
tcl,pcl
s,s
kcl,tcl
aa,ao
axr,axr
ow,l
gcl,gcl
z,z
w,w
s,s
ix,ix
q,q
y,y
pcl,pcl
z,z
iy,iy
s,s
l,ax
ay,ae
ah,ax
tcl,tcl
ax,ax
er,er
k,k
ix,ix
r,r
kcl,kcl
s,s
ix,iy
ae,eh
z,s
gcl,bcl
axr,axr
w,w
ae,ae
nx,n
s,s
ah,ae
tcl,tcl
dx,dx
er,ih
kcl,kcl
ah,eh
ao,r
dcl,dcl
ey,iy
t,t
iy,ih
bcl,tcl
tcl,tcl
oy,oy
er,ux
n,n
n,n
dcl,dcl
g,k
w,w
p,p
s,s
er,er
axr,axr
l,ix
sh,sh
s,s
axr,axr
tcl,pcl
dcl,tcl
m,m
y,iy
axr,r
kcl,kcl
ix,ix
b,p
iy,ix
r,r
pcl,kcl
axr,r
aa,oy
y,ix
r,ay
tcl,pcl
pcl,tcl
ow,ow
ch,sh
r,axr
s,z
q,ix
axr,eh
z,z
eh,ih
el,el
dx,dx
r,eh
ah,ax
z,s
n,n
kcl,kcl
ih,ix
m,dx
t,t
ae,ae
nx,dx
ix,r
r,r
r,r
axr,axr
y,y
axr,g
ay,ay
l,l
ih,ix
ih,ae
ow,ow
s,s
q,l
iy,iy
dx,dx
dcl,dcl
t,t
ey,ay
t,t
ix,q
ng,ng
s,s
ih,ih
s,s
s,s
s,s
r,r
t,t
n,n
ao,ow
sh,sh
ae,eh
eh,ix
pcl,dcl
m,m
kcl,kcl
n,l
t,t
sh,sh
k,t
dcl,dcl
axr,axr
z,z
ix,ix
ay,ae
ix,ix
er,axr
nx,n
tcl,tcl
z,s
t,t
ah,eh
dcl,dcl
gcl,dcl
n,ax
hv,hv
s,s
ey,ey
z,z
axr,r
s,s
k,k
m,m
ao,ow
ih,ih
s,s
r,q
tcl,jh
v,r
gcl,n
t,th
dh,ix
k,k
er,r
n,n
eh,ae
pcl,pcl
tcl,bcl
f,f
bcl,bcl
r,r
er,iy
ih,ih
l,el
sh,s
t,t
ae,ae
tcl,m
s,s
sh,sh
ux,ix
l,l
axr,axr
tcl,dcl
g,g
p,p
y,jh
ih,eh
iy,iy
ix,ix
r,r
k,jh
t,jh
z,z
l,ah
tcl,tcl
ih,r
el,ao
dcl,dcl
ng,ng
tcl,tcl
t,k
ae,ae
f,tcl
dcl,pcl
ah,ax
l,l
sh,sh
s,z
z,z
eh,eh
ax-h,d
kcl,pcl
jh,jh
iy,iy
pcl,pcl
p,p
ae,ae
ao,aa
axr,gcl
ih,eh
q,q
v,k
ix,ax
oy,oy
ah,eh
q,ix
q,q
gcl,gcl
ix,ix
p,t
tcl,tcl
ih,ih
n,m
ae,ae
n,n
g,dh
l,l
iy,iy
eh,eh
s,s
t,t
r,r
l,l
dh,bcl
dh,n
ax,l
dcl,dcl
iy,iy
d,jh
s,s
k,k
n,n
t,t
pcl,tcl
axr,r
ax,ix
s,s
g,g
ix,ix
aa,aa
dh,n
w,r
ih,ih
d,t
d,tcl
eh,ih
w,w
ay,ay
z,sh
dh,p
ax,q
ix,ix
kcl,tcl
k,hh
iy,iy
pcl,pcl
gcl,dcl
l,l
ih,iy
er,axr
eh,ae
axr,axr
l,l
ix,ih
dx,kcl
iy,ux
iy,ey
er,axr
aa,ae
eh,ih
r,r
k,k
v,v
er,axr
ah,ax
ah,ae
n,dcl
ae,n
aa,aa
iy,iy
f,f
w,w
n,n
l,el
dx,dx
l,ao
n,n
ix,iy
ih,iy
z,s
y,iy
v,v
ix,ix
l,r
s,sh
eh,ix
ch,sh
ax,ax
k,k
ey,ey
iy,eh
th,t
m,m
n,bcl
q,ix
en,n
jh,jh
m,n
axr,er
dcl,dcl
ng,n
g,g
kcl,tcl
ix,ix
p,p
eh,eh
ey,eh
r,r
ae,ae
ix,ix
f,f
sh,s
m,m
ih,iy
el,el
eh,l
f,f
p,t
m,n
f,f
p,p
axr,r
s,s
axr,ih
f,f
tcl,tcl
ix,n
dcl,dcl
ih,ih
l,l
en,n
s,sh
q,q
w,w
tcl,dcl
t,d
ix,ih
z,z
n,n
s,s
tcl,p
nx,n
v,v
kcl,pcl
ae,ae
s,s
r,r
z,z
q,q
k,k
n,n
m,m
f,t
l,l
sh,sh
kcl,tcl
ax,dh
l,l
t,t
q,q
pcl,pcl
er,r
gcl,n
q,ix
kcl,kcl
r,r
r,r
tcl,tcl
n,n
r,r
f,f
t,t
s,s
eh,ae
dh,l
iy,iy
tcl,tcl
ow,ah
r,r
m,n
pcl,pcl
eh,eh
p,k
jh,jh
r,r
hh,hh
bcl,dcl
bcl,bcl
y,y
s,s
ix,ix
axr,ao
kcl,kcl
g,k
pcl,kcl
t,t
w,bcl
dcl,dcl
kcl,pcl
ax,ax
ax,q
s,s
ix,iy
tcl,tcl
l,w
v,f
ao,ao
nx,dx
ax,ax
n,dcl
v,v
er,eh
ng,ng
ng,iy
l,ax
l,l
hh,hh
ax,q
ae,ae
iy,iy
r,r
ae,ae
t,t
q,q
s,s
em,ax
ae,ae
ax-h,gcl
ix,ax
kcl,tcl
sh,sh
ix,ix
ix,ix
r,r
axr,r
r,v
ng,ng
m,n
aa,aa
f,f
ax,r
ih,ih
w,w
k,k
r,r
pcl,pcl
s,s
n,n
jh,s
m,n
l,uw
w,w
f,f
dcl,bcl
eh,axr
eh,eh
bcl,bcl
uh,ix
n,n
gcl,n
k,t
y,y
q,hh
l,l
ix,ih
ix,ix
k,t
hh,hh
y,y
l,n
kcl,kcl
q,q
l,l
ay,ay
aa,aa
kcl,tcl
iy,ix
tcl,tcl
gcl,gcl
ix,iy
r,r
p,p
pcl,pcl
s,s
m,n
kcl,gcl
eh,eh
f,f
eh,er
n,m
r,r
n,n
bcl,bcl
er,iy
ax,ax
r,r
r,r
kcl,tcl
m,dcl
dcl,z
r,ax
axr,axr
ix,ux
s,sh
axr,r
ey,ey
ax,ax
eh,ae
tcl,tcl
kcl,kcl
ih,ix
iy,iy
gcl,bcl
dx,l
iy,iy
p,t
dh,ix
ux,iy
oy,oy
hv,hh
ix,ix
q,q
m,n
s,s
s,s
gcl,dcl
kcl,kcl
l,l
hv,hv
ix,ix
ae,ae
ao,el
ix,ax
ax,r
ow,ao
f,f
ix,ix
pcl,pcl
p,p
aw,ao
axr,r
oy,oy
ax,l
ih,ih
ih,uh
v,dh
k,t
jh,jh
uh,l
r,m
iy,iy
w,w
ah,eh
ix,ix
ay,ae
aa,aa
w,w
n,n
p,p
w,bcl
t,t
t,t
ux,ux
ix,q
ng,ng
n,n
t,p
sh,sh
eh,ow
ax,l
pcl,pcl
tcl,tcl
v,p
n,n
ix,ix
iy,iy
z,z
ao,ao
eh,eh
iy,iy
n,n
dcl,dcl
ih,ih
z,z
s,s
t,t
ow,aa
q,dx
y,hv
dcl,dcl
w,w
l,eh
sh,sh
ih,ih
oy,ay
kcl,kcl
d,t
hh,p
iy,iy
n,n
er,er
l,w
zh,sh
m,bcl
ow,ey
l,m
iy,ix
ih,ih
ix,iy
n,n
iy,q
s,s
s,s
ah,ae
eh,ih
eh,r
tcl,pcl
tcl,tcl
ix,r
ae,ae
ae,ae
ey,ae
w,w
iy,iy
ix,ax
kcl,kcl
tcl,tcl
eh,aa
ax,ih
ah,eh
ax,l
m,n
kcl,kcl
ih,iy
r,r
sh,sh
g,d
bcl,bcl
l,el
s,z
dh,dh
kcl,tcl
m,m
iy,q
en,n
q,q
pcl,pcl
er,er
tcl,tcl
f,f
th,th
q,q
ng,ng
w,dcl
aw,ae
ah,aa
l,l
n,n
iy,ey
el,l
z,z
eh,ix
tcl,dcl
n,n
ax,ix
kcl,tcl
oy,oy
ux,iy
ao,aa
iy,ix
axr,axr
f,f
iy,ih
oy,oy
m,m
ay,ey
y,ng
q,q
d,t
iy,iy
m,n
iy,axr
ix,ix
ix,ey
g,g
er,ax
dcl,bcl
ix,ax
ow,q
l,l
sh,sh
iy,iy
l,ax
p,p
axr,axr
w,v
uh,ax
ao,ao
er,er
ix,ih
tcl,tcl
dx,nx
n,n
iy,iy
n,n
k,kcl
z,s
bcl,pcl
pcl,pcl
axr,axr
ae,ae
z,s
kcl,kcl
aa,aa
ix,ix
n,n
er,er
k,k
s,s
ao,ao
ae,ae
axr,r
dx,dcl
m,n
gcl,gcl
eh,r
r,w
ow,ih
p,p
l,l
ao,ao
z,s
pcl,pcl
ix,ix
er,axr
r,r
jh,sh
sh,sh
l,l
el,el
ih,ih
n,n
oy,ey
t,gcl
gcl,pcl
ng,ng
kcl,kcl
kcl,kcl
n,n
v,v
f,f
ux,ux
r,r
g,g
ay,ae
dh,dh
dh,bcl
tcl,tcl
r,r
iy,iy
ax,ix
iy,iy
bcl,bcl
ao,ao
r,r
l,ax
ow,w
ae,ae
q,q
f,f
ch,s
v,f
bcl,pcl
s,s
pcl,tcl
ux,r
eh,iy
t,dh
ao,ao
ux,ux
ax,ix
g,p
w,w
er,eh
ix,iy
tcl,tcl
el,l
l,l
iy,iy
v,v
aa,aa
ux,iy
aa,r
f,f
m,m
pcl,kcl
kcl,tcl
s,s
el,el
eh,ae
ih,ih
r,r
ux,ix
ay,ay
dcl,dcl
ao,w
el,el
k,g
ae,ae
hh,k
eh,axr
gcl,dcl
n,n
er,axr
l,l
dx,dx
ay,ay
th,f
er,aa
q,q
dh,b
ih,iy
ae,ae
ao,aa
eh,ae
r,ix
eh,eh
n,n
tcl,tcl
em,em
tcl,q
q,ix
dx,tcl
dcl,dh
iy,iy
el,el
r,r
s,s
f,f
r,r
t,t
w,w
p,p
er,axr
ax,ix
r,axr
m,bcl
ih,ix
uh,uh
tcl,dcl
iy,ix
ae,ih
ih,ih
aa,ao
tcl,bcl
hv,ix
q,q
l,l
ay,ay
l,l
axr,gcl
ah,aa
axr,ix
k,g
gcl,bcl
f,f
iy,iy
z,z
n,n
r,r
ao,ay
ao,ao
m,n
n,n
pcl,pcl
r,r
s,s
kcl,tcl
ey,ey
v,v
s,s
er,eh
iy,iy
jh,jh
t,sh
axr,axr
tcl,tcl
ih,ix
l,l
dh,dh
t,t
sh,sh
ix,eh
w,w
ng,n
ao,w
iy,iy
ow,ow
ux,dh
eh,eh
oy,ey
iy,ih
s,s
g,k
t,dcl
w,w
g,g
r,r
n,m
eh,ix
l,l
tcl,kcl
z,s
aa,ow
s,s
er,er
aa,r
ah,r
g,p
y,y
s,s
el,ao
gcl,gcl
dh,dh
n,n
ix,ix
m,n
kcl,p
axr,er
kcl,tcl
v,v
dh,dh
ae,iy
p,q
n,n
ix,ix
eh,eh
n,n
ah,ix
ax,ax
ah,ah
z,z
ah,ow
dx,p
kcl,pcl
r,r
axr,ao
iy,iy
ux,iy
ix,ix
v,v
dcl,bcl
dcl,bcl
s,z
ix,ix
ow,ah
tcl,tcl
nx,n
y,y
l,w
r,r
pcl,kcl
iy,iy
tcl,dcl
z,z
ao,aa
z,s
aw,aa
ix,ix
iy,iy
er,er
ih,ix
hv,axr
axr,axr
m,n
eh,ix
ah,aa
er,er
n,n
tcl,tcl
eh,ao
ao,ax
n,n
l,l
dx,dx
tcl,pcl
ao,w
p,t
ao,ao
d,d
iy,iy
gcl,gcl
ey,ey
ux,ux
ay,ix
r,eh
l,l
ng,n
ix,ix
tcl,tcl
q,q
gcl,tcl
r,r
er,ix
s,sh
z,z
r,l
m,l
aa,ao
l,l
hh,hh
ng,n
er,er
ax,ax
m,m
kcl,tcl
ao,ao
y,g
aa,aa
m,m
n,dcl
ax,z
en,ix
kcl,kcl
ix,ix
v,bcl
ix,ix
ih,ey
er,ux
n,n
ix,ix
iy,iy
l,l
kcl,kcl
f,z
n,n
dcl,gcl
ax,ix
r,r
ah,ah
n,n
iy,iy
nx,m
ae,ae
eh,ih
n,n
t,hh
er,er
ix,ih
el,el
ah,ax
ae,ae
iy,iy
oy,oy
ix,ix
q,q
v,v
t,t
ix,ix
t,s
ux,ux
r,r
k,g
ih,ih
z,z
q,q
d,d
iy,iy
r,r
ux,ih
ao,ao
v,v
ah,eh
ax,ix
n,n
p,hh
n,n
ey,ey
ix,ix
er,eh
v,n
ao,w
v,r
s,s
v,ax
dh,b
dcl,dcl
m,n
z,z
n,n
t,d
jh,z
iy,iy
w,l
ay,ay
kcl,tcl
z,z
aa,aa
hv,hv
axr,r
gcl,dcl
kcl,kcl
s,s
w,w
g,g
iy,n
pcl,kcl
r,r
kcl,pcl
ay,ay
dcl,dcl
q,q
k,k
er,ix
s,t
k,hh
ih,ax
g,g
ah,l
w,w
tcl,tcl
s,z
n,n
ah,ah
sh,sh
aa,aa
ao,ao
w,w
l,ax
iy,iy
tcl,tcl
r,r
iy,iy
r,r
eh,ix
ix,ix
kcl,tcl
s,s
ey,iy
ix,ix
s,s
t,d
bcl,bcl
ix,ix
iy,y
t,t
dx,dx
gcl,tcl
n,ax
l,l
ao,ao
l,w
dcl,tcl
b,p
ng,n
ao,ao
l,l
eh,eh
ey,ey
axr,ax
ix,ix
tcl,pcl
ae,ae
p,dh
axr,axr
p,k
kcl,tcl
tcl,tcl
l,w
t,z
aa,aa
dh,th
tcl,tcl
eh,ih
iy,ih
ix,ix
s,s
q,q
z,s
t,t
aa,aa
s,s
uh,axr
l,el
er,axr
kcl,kcl
n,n
tcl,ix
ih,ix
r,r
r,r
iy,iy
q,q
s,s
ow,ow
k,t
z,z
t,sh
iy,iy
iy,ux
r,er
g,g
y,iy
aw,ao
l,w
k,g
ax,ax
jh,jh
w,w
dcl,n
r,r
jh,t
ao,ao
l,w
bcl,bcl
iy,iy
pcl,pcl
ix,ix
d,p
r,r
y,iy
q,q
ix,ix
iy,iy
iy,iy
er,er
tcl,dx
ey,iy
k,k
m,m
t,t
k,k
r,r
v,z
z,z
ae,ae
l,ah
er,er
tcl,pcl
l,eh
ow,l
tcl,th
ih,ey
hh,hv
r,iy
r,r
s,s
kcl,kcl
tcl,p
n,n
q,q
uh,ow
n,n
z,s
ey,ih
ay,ay
ng,ix
th,s
ax,ax
r,r
tcl,tcl
z,z
ih,iy
m,m
f,f
z,z
ae,ae
l,l
kcl,pcl
ix,ix
axr,ix
pcl,pcl
ax-h,dcl
ao,aa
ax,v
dx,d
ch,sh
p,k
dcl,tcl
v,v
aa,ao
ax,ix
ax,r
f,f
k,k
ix,dx
iy,iy
ax,ax
ix,ix
z,s
ay,ay
tcl,tcl
ao,aa
tcl,tcl
ah,ah
s,s
s,z
s,z
m,m
tcl,dcl
ih,ix
iy,iy
s,s
ae,eh
ae,ae
sh,f
ay,ae
gcl,kcl
ow,ow
ay,aa
eh,ax
f,f
ow,ix
w,w
s,z
dcl,dcl
s,s
ae,ae
ey,iy
dcl,pcl
iy,iy
z,z
ay,ey
t,t
ay,ay
ix,ix
n,n
iy,iy
dx,dx
n,n
iy,iy
l,q
r,r
f,f
v,r
r,r
bcl,bcl
n,n
q,tcl
tcl,pcl
ix,ax
ax,ax
pcl,pcl
eh,eh
dx,g
q,q
r,axr
s,s
pcl,pcl
ey,ey
en,n
tcl,tcl
eh,ey
aa,ah
iy,iy
n,n
ix,ix
s,sh
w,w
k,k
ao,ax
iy,iy
y,iy
n,dcl
jh,jh
ax,ix
aa,l
l,w
ix,ix
s,th
axr,ih
kcl,kcl
ih,ay
l,ax
q,tcl
iy,iy
ax,l
pcl,pcl
ax,ax
tcl,tcl
ih,iy
r,r
hh,t
k,k
z,z
ey,ae
g,g
r,r
aa,eh
t,p
dcl,dcl
kcl,pcl
ae,ae
eh,q
y,y
tcl,tcl
ow,aa
p,p
ey,eh
ix,ix
ae,ae
m,n
m,n
dcl,dcl
q,q
tcl,tcl
ow,ow
pcl,pcl
iy,iy
iy,ux
s,s
p,p
ay,ay
r,ax
g,g
ix,ix
ax,n
oy,oy
l,l
ax,dh
kcl,tcl
w,w
nx,n
k,k
sh,s
q,q
ax,ah
ih,ih
y,iy
s,z
axr,ih
z,z
ix,eh
ix,ix
iy,y
eh,ih
f,t
n,n
n,n
s,s
r,r
ae,eh
sh,sh
ah,r
ey,ey
ih,eh
t,d
d,t
r,axr
pcl,tcl
kcl,n
axr,kcl
m,m
eh,eh
n,n
ih,r
l,l
dh,b
b,tcl
bcl,bcl
iy,iy
kcl,kcl
k,k
aw,aa
w,w
s,s
s,s
q,q
eh,eh
k,t
k,k
dcl,dcl
aa,aa
n,n
ux,ux
m,n
er,axr
jh,jh
dx,dx
en,n
oy,aa
kcl,tcl
ae,ae
eh,eh
ow,ow
axr,er
ix,ix
axr,axr
w,w
tcl,tcl
axr,ow
eh,ae
s,s
eh,ih
r,r
dcl,tcl
axr,axr
tcl,tcl
dcl,tcl
aa,aa
s,s
ao,ao
ih,ix
ow,el
aa,ao
ix,ix
p,p
ah,ae
m,n
ix,iy
hv,hv
kcl,kcl
iy,iy
ao,ao
ix,ix
w,w
dcl,dcl
ax,ix
dx,dx
hv,m
oy,ow
aa,aa
ix,eh
nx,nx
ow,ax
m,bcl
tcl,tcl
en,ix
l,q
ae,ae
ih,iy
ey,ey
q,q
z,z
er,axr
ih,ix
z,z
q,q
q,dh
q,q
ae,eh
t,kcl
iy,iy
axr,r
g,t
l,l
iy,iy
q,ix
kcl,tcl
eh,eh
s,s
ae,ae
kcl,ax
ih,ih
ih,ae
r,r
r,r
q,q
iy,iy
ay,ay
d,t
f,f
m,m
dcl,bcl
ax,ax
ax,ax
ih,ih
oy,ay
eh,ih
pcl,tcl
dh,l
bcl,v
d,d
dh,dh
kcl,tcl
r,r
ao,er
l,w
w,w
n,n
ih,ax
ah,ah
pcl,pcl
gcl,gcl
r,r
ix,y
w,w
n,n
n,n
tcl,tcl
pcl,pcl
n,dcl
bcl,bcl
ux,ix
ix,ih
tcl,kcl
m,n
tcl,dcl
t,k
n,n
ix,dh
tcl,tcl
pcl,pcl
y,ix
tcl,kcl
kcl,tcl
iy,iy
s,s
y,iy
axr,r
q,ix
ay,ay
axr,axr
eh,ih
ih,ih
ng,n
iy,ix
er,er
dh,l
s,s
ey,ey
aa,ao
tcl,pcl
aa,r
iy,iy
z,z
th,f
aa,ao
w,w
g,v
pcl,pcl
iy,ix
s,s
iy,iy
ix,ax
ax,ax
s,s
q,tcl
ix,axr
tcl,tcl
ah,ow
axr,axr
sh,sh
ae,ae
y,r
d,d
er,r
ey,ey
w,w
ix,eh
v,f
ix,ix
iy,ux
q,q
s,s
dcl,dcl
tcl,kcl
ay,ay
ih,ey
r,axr
ao,aa
axr,ix
dcl,tcl
ih,iy
s,s
eh,eh
iy,iy
n,n
ax,ax
n,n
gcl,gcl
ow,ow
ow,ax
eh,ih
ng,ng
dx,gcl
l,l
bcl,m
oy,ao
t,t
dh,n
s,s
p,p
dh,dh
z,s
ao,ao
tcl,tcl
r,r
n,n
er,axr
z,z
kcl,tcl
q,q
iy,iy
kcl,tcl
ax,ax
n,n
n,n
aa,ao
q,q
tcl,tcl
tcl,tcl
g,g
dx,dx
aa,aa
t,s
p,k
p,hh
q,q
d,t
ng,n
ix,ih
t,t
axr,axr
ao,ao
z,s
v,v
tcl,kcl
dh,dh
dh,dh
sh,sh
kcl,kcl
hh,hh
f,f
iy,iy
el,ao
p,p
ih,iy
ow,ao
ix,ix
t,t
s,z
ae,eh
y,iy
n,bcl
tcl,dcl
eh,eh
ix,ix
tcl,tcl
l,dx
tcl,kcl
l,w
m,m
gcl,pcl
er,aa
eh,eh
k,z
tcl,tcl
sh,s
axr,v
hv,l
n,n
r,r
ae,ae
ux,ix
n,n
ey,ey
r,r
aa,r
s,s
kcl,tcl
bcl,v
r,r
ey,ey
ux,ih
f,f
l,q
r,r
ix,ix
ay,ay
ey,ey
l,ix
ah,aa
ch,sh
kcl,kcl
n,n
s,s
p,q
k,k
n,n
hh,p
s,s
ih,iy
l,l
tcl,v
ay,ay
dcl,tcl
ay,ay
l,w
aa,r
eh,ih
dcl,dcl
axr,er
ih,ix
ae,ae
d,tcl
ao,aa
t,p
l,ao
q,y
ay,ay
hh,hh
s,s
m,n
pcl,pcl
t,t
q,ax
dh,dh
dx,dx
hh,hh
ix,ix
ae,ae
ow,ow
l,ux
ix,ix
ow,el
kcl,tcl
ax,ix
er,ih
ix,ix
axr,r
t,t
aa,aa
kcl,kcl
iy,iy
n,n
l,ix
s,s
p,dh
r,r
iy,iy
ix,ix
pcl,tcl
gcl,bcl
ao,ao
bcl,pcl
tcl,dcl
iy,iy
ax,ix
ao,r
q,q
v,v
f,f
sh,sh
ay,ah
iy,iy
ih,ah
ey,eh
dx,dx
q,q
ng,gcl
tcl,tcl
aa,aa
s,s
tcl,tcl
t,t
s,s
ix,ix
eh,ix
s,s
er,er
t,z
ix,ix
z,s
kcl,kcl
q,q
l,w
l,l
ux,ux
k,tcl
m,m
s,z
hh,hh
z,z
sh,sh
n,n
r,r
dcl,dcl
r,r
s,sh
s,s
axr,axr
q,dx
tcl,tcl
tcl,tcl
n,n
gcl,tcl
r,r
l,w
dcl,dcl
f,t
tcl,tcl
s,s
w,w
ao,ao
ah,ey
t,t
dh,dh
en,el
q,tcl
ay,ay
ix,ix
eh,ah
g,p
ih,ix
kcl,tcl
kcl,tcl
m,m
tcl,tcl
n,n
axr,r
n,n
dh,t
ix,ix
l,ix
bcl,bcl
iy,ix
sh,sh
hh,k
s,s
eh,ix
kcl,dh
ao,w
ix,iy
s,s
r,r
ih,iy
w,w
kcl,kcl
bcl,bcl
l,n
iy,iy
pcl,gcl
r,r
ih,ih
jh,jh
y,y
eh,ih
gcl,bcl
sh,sh
dcl,dcl
ax,ah
ng,ix
ng,n
zh,jh
z,z
n,dx
ey,ih
axr,ih
er,eh
ih,ix
axr,axr
ih,ux
ax,ih
l,ay
iy,iy
iy,ix
iy,iy
n,m
jh,jh
ao,aa
ah,ax
s,z
v,v
dcl,bcl
bcl,bcl
pcl,pcl
ix,ix
l,l
ax-h,tcl
ae,ae
f,t
er,r
iy,iy
ao,ao
l,l
m,m
ix,q
ow,ow
l,el
ih,ih
m,m
s,s
aa,aa
gcl,dcl
iy,iy
dh,f
hv,n
r,l
ix,ix
y,y
s,s
uh,ux
ix,ax
dcl,dcl
aa,aa
l,l
ow,ow
iy,iy
ay,ae
v,w
ch,jh
s,s
jh,t
n,n
ah,ae
z,s
hh,hh
y,n
ey,ey
ah,aa
k,k
f,f
kcl,tcl
ay,ay
aa,aa
el,el
ey,ey
eh,ae
hv,hv
w,w
n,n
eng,n
y,iy
l,l
iy,iy
pcl,pcl
n,n
er,axr
th,f
dcl,bcl
n,n
k,k
aa,aa
ae,ow
iy,ih
tcl,pcl
bcl,bcl
m,m
t,t
t,ch
ih,iy
tcl,pcl
t,t
t,t
ah,ax
l,w
sh,sh
s,s
m,n
ah,ah
eh,r
iy,iy
ay,ay
ey,iy
g,g
g,g
d,t
aw,ae
axr,r
iy,iy
l,n
th,p
axr,axr
ih,ih
z,s
ao,aa
l,oy
r,r
k,t
dh,f
ih,iy
l,el
kcl,kcl
jh,sh
gcl,dcl
iy,ix
ae,ae
tcl,dh
axr,w
aa,ae
ux,axr
m,n
tcl,tcl
aa,aa
iy,iy
ao,ao
er,er
l,l
ix,ix
s,s
jh,jh
iy,iy
k,k
gcl,dcl
ix,ix
dh,dh
sh,sh
s,s
dh,dh
m,n
q,q
hv,hh
s,s
l,l
tcl,tcl
eh,ah
iy,iy
kcl,kcl
dcl,dcl
t,t
z,z
nx,dcl
l,l
aa,aa
r,r
s,s
sh,sh
r,axr
w,w
kcl,t
r,aa
uh,ix
bcl,bcl
ae,ae
ix,ix
dh,ax
ng,n
er,axr
hv,q
ae,ae
dcl,dcl
s,s
er,er
m,m
w,w
ao,ao
kcl,tcl
q,q
kcl,kcl
eh,ah
ay,ay
iy,iy
dcl,bcl
n,m
tcl,tcl
ax,ax
ah,ae
ey,ey
w,w
iy,iy
axr,axr
l,dx
bcl,bcl
gcl,dcl
iy,iy
kcl,kcl
ey,ey
q,q
kcl,g
n,dcl
el,el
s,s
gcl,dcl
pcl,tcl
kcl,kcl
ax,w
tcl,tcl
p,p
f,f
th,s
ax,l
ix,ix
ay,ae
ax,ax
eh,eh
axr,r
iy,iy
r,r
th,th
bcl,bcl
hh,p
ao,ao
n,n
gcl,dcl
ih,ih
er,er
ax,l
iy,iy
ow,ao
q,p
ux,iy
ih,ix
k,k
m,ax
dcl,tcl
axr,axr
m,n
n,ix
ao,ao
p,p
ih,iy
p,p
kcl,pcl
eh,ae
dcl,dcl
ux,ix
iy,iy
jh,sh
q,q
gcl,tcl
er,r
s,s
ae,ae
ax,ix
kcl,pcl
w,w
ay,ay
hh,hh
ax,ax
ow,ow
ix,ix
z,z
ax,ix
p,p
uw,ix
er,er
ng,n
r,ix
bcl,bcl
axr,ix
t,z
r,r
iy,ey
r,r
g,g
w,w
eh,ix
axr,ix
w,n
n,ix
iy,iy
eh,ae
ax,ix
r,r
ux,iy
iy,iy
ix,iy
eh,eh
t,t
sh,sh
axr,axr
f,f
t,t
n,n
n,n
ix,ix
ix,r
n,n
s,s
l,l
sh,sh
m,n
ae,ae
m,m
dx,dx
ae,ae
s,s
y,iy
ah,ay
iy,iy
axr,ix
n,n
n,m
g,g
r,r
s,s
ah,ow
eh,eh
tcl,bcl
ao,w
ah,ae
hh,p
t,z
ay,ah
m,m
b,p
dcl,dcl
axr,axr
w,w
el,ao
ih,iy
kcl,pcl
n,n
r,eh
iy,ng
w,ah
eh,eh
ax,l
ae,ae
l,ax
m,m
aw,aa
el,el
pcl,pcl
jh,jh
n,n
t,t
tcl,kcl
iy,iy
r,aa
m,n
r,axr
k,k
tcl,tcl
ah,eh
axr,r
l,l
ix,ix
w,w
w,ng
eh,ax
t,t
ix,ix
ax,ax
pcl,tcl
ix,q
ux,ux
w,w
ih,ih
l,l
aa,ae
t,p
ng,gcl
l,ah
aa,aa
tcl,tcl
ix,ix
el,w
l,dh
aa,aa
ix,ix
n,n
r,r
uh,ax
eh,ih
ix,ix
l,l
z,s
en,n
iy,iy
ah,aa
sh,sh
hv,hv
tcl,ix
ow,ow
ih,ih
kcl,tcl
ix,l
y,iy
n,n
tcl,pcl
k,k
er,er
pcl,tcl
ih,ix
gcl,ix
ay,ay
l,w
ix,iy
ow,ao
uw,ow
k,d
ae,ae
l,ax
eh,ey
s,s
axr,r
q,q
m,n
w,w
r,ao
r,r
dx,dx
tcl,tcl
en,ih
gcl,dcl
z,v
ux,iy
ch,s
f,f
ix,ux
s,s
m,m
p,p
v,th
q,q
tcl,tcl
axr,axr
ao,aa
f,f
ey,ey
z,s
t,t
s,s
ih,ih
s,s
aa,aa
tcl,tcl
z,s
uh,ix
s,s
pcl,tcl
sh,s
r,r
k,k
pcl,tcl
tcl,tcl
ih,ix
m,en
q,q
uw,uw
n,n
w,w
iy,y
iy,iy
l,ao
er,er
y,iy
k,p
dcl,dcl
iy,iy
ih,ih
p,p
iy,iy
tcl,tcl
ix,iy
ng,dcl
ao,l
oy,ao
nx,n
ae,ae
s,s
r,r
l,w
kcl,kcl
iy,iy
w,w
z,s
ay,ay
r,axr
er,ow
ux,ux
t,t
l,l
pcl,pcl
hv,ix
n,n
zh,sh
axr,axr
pcl,pcl
gcl,dcl
kcl,kcl
r,r
ae,ae
ix,ix
s,s
w,w
jh,jh
axr,axr
n,n
kcl,kcl
l,l
eh,ih
oy,oy
ax,ax
tcl,dcl
pcl,pcl
axr,v
ix,d
dx,dcl
n,l
er,axr
ax,ah
k,s
dcl,dcl
r,r
t,d
ux,iy
aa,ao
m,n
ae,ae
aa,ao
t,f
sh,sh
eh,eh
el,el
ao,ao
n,n
jh,sh
ih,ix
q,q
sh,sh
ih,ih
kcl,pcl
t,t
th,f
ih,iy
eh,eh
z,s
ux,ux
d,t
z,z
eh,ix
axr,axr
ih,ax
ix,ix
kcl,kcl
eh,ih
ax,q
n,n
p,p
s,s
s,s
v,v
ow,eh
aa,eh
ix,r
bcl,tcl
ay,q
iy,iy
ae,ae
axr,r
v,v
oy,ao
l,l
tcl,kcl
ax,ix
p,p
n,n
ih,ix
ae,ih
p,p
l,w
tcl,tcl
ao,aa
uh,ix
ix,ix
g,dx
ae,ih
gcl,pcl
m,n
ax,ix
aa,ao
g,dcl
axr,r
hh,p
ax,ax
ah,ax
r,eh
eh,ae
f,t
aw,ae
axr,axr
t,t
dcl,dcl
tcl,tcl
n,n
kcl,tcl
n,dx
iy,iy
w,n
tcl,tcl
p,p
tcl,dcl
axr,axr
y,y
dcl,tcl
ow,ow
y,y
ow,ow
z,z
ae,ae
ow,ow
ix,ix
ax,ax
r,r
hv,hh
dcl,dcl
w,w
ah,ao
ao,l
ix,axr
axr,r
q,ix
n,n
th,t
bcl,bcl
iy,ix
s,s
ao,ao
ah,ow
ay,ah
ix,ix
l,l
k,k
er,r
w,v
ix,ih
l,l
dx,dx
ax,ax
s,s
aa,aa
ao,ao
l,m
t,t
kcl,kcl
iy,iy
ax,ax
y,q
ey,ih
ow,ow
ax,ah
p,p
v,y
l,w
pcl,dcl
n,n
ow,ow
m,n
tcl,q
pcl,tcl
hh,d
ao,ao
kcl,kcl
ey,iy
ih,ih
iy,iy
q,q
dx,r
m,m
k,k
gcl,tcl
p,p
eh,ey
ae,ae
ey,ey
ix,ix
ax,ax
s,s
m,tcl
ey,ey
z,s
uw,uw
dx,dx
n,n
s,s
t,t
kcl,pcl
ay,ay
ae,ae
ah,l
dx,dx
tcl,tcl
z,sh
iy,ix
eh,eh
iy,ux
bcl,bcl
v,ix
m,m
r,r
dcl,dcl
kcl,tcl
axr,axr
ey,ey
ay,ay
ux,ux
hv,y
l,l
v,w
ux,ux
r,r
r,r
n,n
tcl,tcl
d,t
aa,aa
sh,f
ao,ao
ah,eh
g,k
axr,ih
l,l
kcl,kcl
k,k
ax,ax
ih,ih
kcl,kcl
l,l
oy,oy
dcl,dcl
pcl,pcl
iy,iy
axr,eh
iy,ih
aa,aa
iy,iy
dh,tcl
ay,ao
ux,ux
gcl,gcl
t,t
k,kcl
dh,d
n,ix
ix,ix
s,s
ix,ix
w,w
aa,ae
tcl,tcl
g,d
hv,l
ao,l
iy,iy
r,r
aa,aa
ix,ix
er,r
ih,ae
r,r
kcl,tcl
l,w
eh,ih
m,ng
ix,ix
ax,ax
iy,ey
dcl,dcl
ih,ih
m,m
v,l
m,m
axr,axr
m,n
th,dh
eh,eh
er,axr
f,f
ix,ix
kcl,kcl
n,ix
n,n
l,l
dx,dx
pcl,pcl
eh,ih
k,k
sh,sh
f,f
n,n
ae,ae
ix,q
s,s
dh,q
t,t
l,bcl
ix,ix
n,n
f,f
y,gcl
tcl,pcl
l,l
iy,iy
kcl,tcl
ix,iy
d,d
kcl,pcl
eh,ih
t,t
r,r
axr,r
bcl,bcl
p,q
axr,axr
r,r
dcl,dcl
l,l
ao,ao
n,en
hv,iy
b,p
ow,ow
dcl,dcl
ih,ah
ao,ao
w,w
iy,iy
r,r
s,s
sh,sh
ix,ix
r,r
ih,ih
ey,eh
ao,ao
p,p
k,k
ae,ae
n,ix
gcl,gcl
eh,ey
n,n
ix,ix
k,k
l,l
t,t
n,n
f,f
ow,l
iy,iy
ax,ix
eh,eh
ay,ay
oy,ow
n,dcl
iy,ix
ix,ix
eh,ix
n,n
dh,ix
r,axr
n,n
dh,dh
iy,iy
axr,r
ix,r
aw,ao
v,v
ix,n
ix,ux
ow,ow
z,z
t,t
uw,l
dx,dx
f,s
eh,eh
dcl,dcl
n,n
ch,jh
hv,hv
ow,el
w,bcl
w,w
p,p
hh,k
ux,ih
ih,iy
ix,ix
s,sh
ow,ow
eh,eh
ey,ey
ax,ax
ah,ah
z,s
v,v
ih,eh
y,iy
ch,t
iy,ix
dcl,dcl
v,bcl
n,ix
aa,aa
l,w
g,g
l,dh
k,k
ih,ey
z,z
f,f
d,f
r,r
iy,iy
k,k
iy,iy
w,w
tcl,n
dcl,dcl
kcl,tcl
ey,ih
k,k
ax-h,t
r,r
eh,ae
tcl,tcl
ih,ix
l,n
t,t
g,v
aw,eh
ix,ix
r,aa
s,z
eh,ih
f,f
tcl,kcl
s,s
dx,dx
z,z
n,m
dh,ix
ih,ih
tcl,kcl
tcl,tcl
jh,jh
eh,ow
w,w
ux,ix
ae,ae
l,l
gcl,gcl
ao,ao
hh,k
m,ng
p,p
iy,iy
r,r
r,r
l,ix
ah,ih
n,n
ih,ih
n,n
ix,ix
tcl,dcl
n,n
ax,ax
ah,ay
r,v
ae,er
r,r
er,er
ae,ae
kcl,kcl
sh,sh
q,q
ey,ey
bcl,bcl
aa,ae
n,n
ix,ix
ey,ey
axr,axr
ih,ow
w,w
t,jh
tcl,tcl
ow,ow
ih,ih
iy,iy
r,r
iy,iy
ah,eh
n,n
kcl,kcl
axr,axr
ux,ux
gcl,dcl
z,s
axr,axr
aa,ao
m,n
sh,sh
hv,hv
n,n
n,n
s,s
w,w
el,l
ey,ey
ix,ix
z,z
r,ax
aa,ow
pcl,tcl
w,el
l,ow
ix,ax
l,l
tcl,tcl
el,el
t,t
iy,iy
dcl,bcl
n,n
axr,ow
s,f
q,q
v,v
kcl,tcl
r,r
ax,ax
iy,ix
iy,iy
ao,aa
iy,iy
ah,ax
ix,ix
hh,ax
er,ux
n,ix
n,n
dcl,tcl
kcl,kcl
ix,ih
k,k
k,q
m,m
dh,dh
z,z
k,k
gcl,gcl
n,l
ix,ix
t,d
sh,s
ih,hv
r,l
ix,ix
l,l
n,n
ix,n
dcl,tcl
aa,ao
m,n
dcl,dcl
ao,r
s,s
iy,iy
aa,ao
w,w
s,z
ae,eh
tcl,pcl
ux,ux
ay,ay
ey,ey
ix,ix
l,el
ax-h,ix
ao,r
m,m
kcl,kcl
tcl,bcl
bcl,dcl
ax,ax
r,r
ax,eh
tcl,kcl
n,bcl
y,ix
g,b
r,r
m,m
v,bcl
tcl,tcl
l,n
ix,ix
f,p
k,k
gcl,gcl
l,l
ah,ih
kcl,kcl
ux,ux
m,n
m,n
r,r
hv,hv
el,el
w,w
ow,ow
n,dx
r,r
tcl,tcl
tcl,tcl
axr,r
tcl,tcl
nx,n
hv,hv
ae,ae
dcl,pcl
axr,axr
ey,ey
gcl,bcl
sh,sh
iy,iy
ae,ae
s,s
z,jh
s,s
eh,ah
aa,eh
s,s
t,t
bcl,dcl
l,l
ae,eh
ih,ih
z,z
n,n
l,l
l,l
eh,aa
iy,iy
ay,ay
ae,ae
kcl,tcl
s,s
q,k
ah,ah
tcl,tcl
v,f
l,ax
ax,ax
s,s
oy,oy
ih,iy
n,n
n,tcl
kcl,tcl
ix,ix
dh,dh
aa,aa
sh,sh
ng,n
kcl,kcl
eh,l
kcl,kcl
p,p
q,q
er,axr
eh,eh
iy,iy
dh,pcl
ix,ix
k,t
n,n
r,r
dcl,dcl
ax,ix
dh,n
l,l
ix,ix
s,s
n,ix
t,k
iy,iy
dcl,dcl
f,th
er,ay
axr,axr
tcl,pcl
eh,ae
ih,iy
m,n
eh,ey
sh,sh
axr,axr
n,n
eh,ae
uh,uh
bcl,n
m,m
y,ux
s,s
tcl,tcl
ah,ah
er,r
ix,iy
ix,ix
m,n
ow,ow
t,t
ah,ax
dh,z
ay,ay
r,r
t,t
r,r
r,axr
tcl,tcl
dh,dh
m,m
s,s
ay,iy
iy,iy
l,l
r,r
ow,ah
er,er
gcl,kcl
kcl,kcl
y,y
v,dx
gcl,bcl
aw,ow
ih,ih
kcl,tcl
ao,ao
s,s
s,s
ix,ax
aa,aa
ay,ay
ow,ow
r,ix
g,q
s,z
pcl,pcl
p,p
aa,eh
ix,ix
ay,ae
s,s
aa,aa
s,s
s,s
iy,ng
ix,ix
n,dx
ah,axr
k,sh
r,ix
dh,dh
uw,iy
l,q
d,d
k,t
ah,ax
ux,ix
eh,ih
s,s
ux,ix
eh,ey
r,ow
y,y
tcl,tcl
iy,iy
ix,ix
l,l
ch,sh
g,g
tcl,pcl
er,er
d,d
axr,ao
axr,ax
w,w
ih,ih
ix,ix
g,g
f,f
ax,ax
tcl,tcl
ey,ey
f,f
ao,ow
z,z
sh,sh
eh,eh
dx,n
f,th
ch,sh
ih,ay
en,n
ih,iy
kcl,tcl
ih,ih
ix,dh
r,eh
ng,n
iy,iy
aw,aa
l,l
tcl,tcl
dcl,kcl
r,er
ix,ix
uw,ix
sh,sh
ix,ix
er,r
l,l
iy,iy
tcl,tcl
m,n
oy,oy
iy,iy
kcl,tcl
n,n
n,n
ih,ih
ih,iy
gcl,dcl
m,m
aa,aa
jh,jh
l,l
dcl,tcl
t,t
ao,ao
r,r
sh,f
y,dx
iy,iy
ow,w
th,f
axr,ix
axr,r
q,q
k,k
r,r
l,ax
iy,ey
m,ix
z,s
ch,s
f,f
q,ix
y,ix
axr,r
s,s
kcl,kcl
kcl,kcl
f,f
th,p
s,z
s,s
f,f
kcl,kcl
f,f
s,s
l,l
y,y
ih,ih
th,f
ay,ay
l,l
tcl,kcl
axr,ix
q,tcl
dcl,tcl
kcl,kcl
ax,l
tcl,tcl
ey,iy
kcl,kcl
q,q
dh,t
ih,iy
n,n
ah,ah
t,t
eh,ih
w,w
n,m
el,el
el,el
tcl,tcl
tcl,dcl
m,q
ah,ih
iy,iy
iy,iy
ao,w
tcl,tcl
ey,iy
bcl,gcl
ao,w
ao,ao
ax,ax
uw,ux
uw,er
aa,ao
s,z
kcl,tcl
ae,ae
s,s
p,t
ng,ng
tcl,dcl
ax,ax
ah,eh
r,r
iy,ix
n,n
t,t
ih,iy
m,n
t,t
w,w
w,l
z,z
r,r
iy,iy
k,k
s,z
ih,ey
s,s
ix,ax
ow,ow
iy,ix
dcl,v
el,n
l,l
k,t
kcl,gcl
ax,ix
tcl,tcl
ey,eh
r,axr
ae,eh
tcl,tcl
ae,ae
ax,ax
iy,iy
r,axr
n,n
aa,aa
aa,ao
k,k
ax,axr
ih,ix
t,t
q,ix
ih,ih
gcl,dcl
ix,ix
aa,ah
q,ix
y,iy
dh,v
hv,hh
tcl,tcl
ux,ix
aa,aa
tcl,tcl
tcl,tcl
ay,ay
s,s
m,n
bcl,dcl
t,t
s,s
nx,ix
ay,ay
tcl,kcl
er,er
en,ux
ay,ay
kcl,kcl
ux,ux
pcl,pcl
l,l
ih,ix
kcl,tcl
n,n
ax,ax
n,dx
sh,s
z,z
r,ix
ao,ao
ux,ux
tcl,tcl
n,n
ey,ih
s,s
hh,hh
d,p
ix,ix
l,l
aa,ah
dx,dx
s,s
kcl,tcl
ix,iy
y,ix
q,q
ow,aa
dh,t
ix,ih
sh,sh
m,m
m,m
bcl,v
bcl,bcl
s,s
iy,iy
s,s
ix,ih
r,r
pcl,pcl
aa,aa
m,m
t,sh
dcl,tcl
s,s
l,w
ih,ih
s,t
kcl,kcl
ix,ix
l,l
kcl,tcl
f,f
ey,ey
n,n
ah,r
ix,ix
ay,ey
ae,eh
ux,ux
l,ax
d,d
z,z
ay,ay
axr,r
n,n
aa,aa
n,n
l,l
p,p
bcl,bcl
k,k
gcl,n
ay,aa
iy,iy
dcl,bcl
aa,q
m,ng
ax,v
iy,iy
l,l
k,k
iy,iy
pcl,tcl
sh,sh
f,f
l,ax
tcl,tcl
r,r
l,ao
d,t
iy,iy
r,axr
l,el
el,el
l,l
ah,ax
n,n
iy,iy
el,ao
dcl,dcl
ah,ax
ax,dh
ao,ao
ow,ow
er,er
r,nx
n,ix
axr,r
tcl,tcl
ix,ix
t,t
bcl,bcl
ah,ao
w,w
s,s
pcl,pcl
iy,iy
dx,tcl
ow,ah
ao,oy
ae,ae
th,th
bcl,bcl
ix,ix
ux,iy
ao,ae
kcl,kcl
s,s
bcl,pcl
q,q
ah,ah
kcl,kcl
ae,ae
s,sh
n,m
n,bcl
en,ax
r,r
l,l
z,s
bcl,bcl
dh,ax
ch,jh
ih,ih
kcl,kcl
m,n
s,sh
t,d
pcl,pcl
ix,z
kcl,tcl
gcl,gcl
l,m
z,s
ux,ih
jh,jh
z,z
l,l
k,t
l,l
dcl,dcl
ah,ae
sh,sh
ng,n
dx,ix
jh,jh
iy,iy
eh,ae
ow,ow
bcl,pcl
n,n
s,sh
iy,iy
pcl,kcl
kcl,kcl
ow,ow
ey,ey
ix,ix
kcl,tcl
m,n
dcl,tcl
bcl,bcl
v,ix
t,t
sh,sh
ix,ix
kcl,kcl
ux,ix
aa,aa
aa,aa
ih,ix
ih,iy
m,l
q,q
nx,nx
n,l
l,l
z,z
oy,iy
r,r
aa,ae
s,s
ih,iy
d,t
n,n
v,z
k,k
r,r
eh,ih
th,s
dcl,dx
l,l
hv,hv
ix,ih
ax,ih
k,k
n,ix
k,k
t,t
aa,ae
sh,sh
bcl,bcl
n,n
ae,ae
aa,ao
w,w
q,q
hv,iy
z,z
n,n
t,t
ey,ey
s,s
ow,ao
z,z
tcl,q
dh,dh
ih,ih
ax,r
eh,eh
q,q
ix,v
ix,iy
ae,ae
q,q
eh,r
iy,iy
ih,ih
n,n
axr,r
iy,iy
aa,aa
tcl,tcl
k,d
g,p
ng,n
aa,aa
ey,ey
ao,w
sh,s
ow,ow
q,q
sh,sh
iy,ix
ix,ix
dh,dh
el,ax
d,d
axr,ux
ay,ae
y,y
r,r
bcl,bcl
ih,iy
jh,jh
n,n
w,w
iy,ih
ey,ey
tcl,pcl
tcl,pcl
er,er
z,z
dh,q
f,f
p,p
tcl,tcl
ae,ae
q,q
gcl,gcl
kcl,kcl
w,w
s,s
ey,ey
ih,axr
n,n
ae,ae
r,r
n,tcl
aa,ao
t,jh
dcl,dcl
ix,iy
s,s
ix,ix
iy,iy
eh,ae
ix,ix
r,er
n,ax
r,r
iy,iy
f,f
kcl,kcl
ng,ng
n,n
n,n
r,n
k,t
ix,dx
bcl,kcl
pcl,kcl
ix,ux
iy,iy
ix,ix
l,uw
ax,ax
m,m
s,s
r,r
q,m
hh,hh
p,tcl
ix,eh
iy,ey
sh,sh
b,dh
w,b
r,r
s,s
aa,ao
r,r
l,ow
r,r
n,gcl
s,s
t,t
hv,em
d,t
n,nx
ao,w
sh,sh
iy,iy
dh,tcl
eh,ah
axr,er
s,s
s,s
kcl,kcl
dcl,tcl
tcl,tcl
uw,ax
eh,ix
s,s
dh,p
tcl,tcl
ow,ow
eh,r
ix,ix
l,ax
gcl,dcl
p,p
s,s
dcl,dcl
iy,ih
k,p
kcl,kcl
r,r
l,l
ow,ow
tcl,tcl
tcl,q
s,s
m,n
k,tcl
el,ow
zh,jh
ih,iy
ix,ix
iy,ih
r,r
dcl,dcl
ix,ix
dcl,tcl
ae,aa
gcl,gcl
kcl,tcl
uw,ax
axr,er
s,z
p,t
ax,ix
l,l
ax,ax
axr,r
ey,ey
ax,ix
n,n
ih,ix
aa,aa
w,w
ch,t
kcl,kcl
ao,ao
w,w
ax,r
ix,ax
v,dcl
iy,iy
pcl,pcl
iy,iy
iy,iy
r,r
ix,ix
iy,ix
ao,ow
s,s
iy,iy
dcl,gcl
ux,iy
q,ix
bcl,bcl
ey,iy
t,t
ae,eh
m,m
kcl,tcl
axr,er
ih,iy
k,k
iy,iy
q,q
r,r
ix,ix
n,n
r,r
kcl,kcl
p,k
ow,ow
eh,eh
ax,ih
l,l
uw,uw
ix,ax
iy,iy
dh,dcl
ae,ae
m,n
m,n
l,l
iy,iy
p,p
er,axr
er,r
aa,aa
iy,iy
aa,ay
ih,ih
w,w
y,iy
hh,hh
tcl,pcl
m,n
ao,ao
dx,dx
q,q
ux,ux
dh,p
jh,jh
bcl,bcl
dcl,dcl
n,n
eh,aa
ix,ix
z,s
ix,ix
ix,ih
l,w
ix,eh
bcl,pcl
r,r
ay,ey
r,axr
r,r
v,f
ix,l
m,m
m,m
n,q
t,p
aa,ao
dh,dh
k,k
f,f
q,hv
l,l
ae,ae
eh,eh
ay,ay
ay,ey
ax,ax
f,v
l,uw
n,n
z,s
iy,ix
z,z
t,p
s,s
iy,iy
t,t
uh,ah
hh,hh
r,r
ae,eh
dcl,dcl
ax,aa
ah,ax
kcl,kcl
q,q
oy,oy
oy,ao
aa,er
z,s
dh,dh
l,l
tcl,tcl
m,m
sh,sh
iy,iy
axr,ao
ay,ay
er,ao
s,sh
s,s
iy,iy
tcl,tcl
p,p
kcl,kcl
jh,sh
r,axr
l,l
m,m
s,t
p,p
k,t
k,jh
n,n
iy,iy
gcl,tcl
dcl,n
ux,ih
uh,ix
uw,el
v,bcl
t,t
dcl,v
pcl,pcl
hh,hh
eh,ae
p,f
l,l
tcl,bcl
ey,ey
uh,ih
r,r
k,k
ix,iy
er,r
ax,ix
f,f
m,n
k,f
dcl,dcl
z,s
iy,iy
oy,oy
en,n
hh,k
ah,eh
kcl,kcl
ax,ax
r,r
p,t
ey,ih
k,k
dh,dh
r,dx
eh,eh
ay,ae
eh,ae
r,r
dcl,bcl
iy,iy
jh,jh
ax,ah
ay,aa
iy,iy
eh,eh
ah,q
f,t
axr,axr
v,m
dcl,dcl
ow,ow
r,r
ix,z
ix,ih
r,v
ix,ix
ch,t
kcl,tcl
axr,axr
ih,ix
sh,sh
ix,axr
g,g
ey,ey
iy,iy
eh,ax
ix,ix
r,r
t,p
eh,ae
axr,axr
kcl,kcl
iy,iy
q,ix
aa,ao
ax-h,dx
en,n
axr,iy
ux,axr
ih,ih
nx,n
aa,ao
v,v
ih,ix
s,s
ih,ih
n,ix
kcl,kcl
q,q
f,f
d,hh
f,t
r,r
z,z
aa,aa
iy,iy
s,s
axr,axr
ey,ey
m,dcl
eh,ey
k,z
tcl,gcl
w,w
q,q
s,s
ih,ih
z,s
iy,iy
ch,sh
ay,ay
kcl,kcl
ix,ix
tcl,tcl
ih,ih
axr,eh
dh,v
dh,dh
ng,n
r,r
ah,ow
eh,ah
pcl,bcl
w,w
er,axr
tcl,pcl
ae,ae
s,s
t,t
r,r
dcl,tcl
dcl,tcl
dcl,n
kcl,pcl
iy,iy
aa,r
nx,dx
w,w
iy,axr
ey,ey
kcl,kcl
sh,sh
z,s
ow,ow
ao,ah
r,r
tcl,tcl
ng,ng
ay,ay
tcl,pcl
ix,ix
d,g
m,m
ow,ow
l,q
r,r
q,q
ah,ae
n,n
bcl,n
uw,ow
y,y
s,s
ih,ey
aa,ao
k,p
eh,ey
ux,ux
r,r
l,l
gcl,gcl
w,w
l,ax
m,m
kcl,tcl
y,iy
ih,ih
r,eh
ax,l
dcl,dcl
t,t
n,n
r,r
n,n
kcl,tcl
kcl,kcl
axr,ux
f,f
r,r
ah,ow
n,n
s,s
l,r
ix,ix
iy,iy
kcl,tcl
ix,ix
l,l
ah,ax
er,axr
s,z
sh,sh
n,n
t,t
n,n
n,n
ix,ax
l,l
eh,r
pcl,tcl
axr,r
z,z
ao,ao
ax,l
s,s
pcl,pcl
tcl,tcl
ng,n
ah,ae
tcl,tcl
dcl,bcl
l,uw
ix,ix
zh,jh
s,s
l,l
ey,ih
s,s
ax,ax
ix,ih
gcl,bcl
pcl,pcl
d,dh
l,l
w,w
w,w
kcl,kcl
f,s
axr,r
r,r
s,s
tcl,gcl
tcl,pcl
t,sh
tcl,d
axr,r
l,l
m,n
k,kcl
dh,dh
r,r
r,r
iy,iy
y,y
bcl,bcl
iy,iy
k,p
eh,ih
m,m
ao,ao
axr,axr
tcl,kcl
m,bcl
aa,ah
eh,w
sh,sh
ey,iy
ix,eh
ih,ih
r,r
dh,n
kcl,tcl
dh,z
n,en
s,s
n,n
ux,ux
ey,ey
b,pcl
g,dx
l,el
en,ix
gcl,tcl
s,s
axr,ih
p,p
ax,ax
ih,ix
ax,n
d,t
k,k
sh,sh
ux,ux
ix,ax
m,m
hh,p
iy,iy
jh,jh
ow,ow
hv,hv
z,s
t,t
eh,ix
ay,ae
iy,iy
z,s
ey,ey
n,n
t,z
gcl,gcl
ix,ix
s,s
r,r
en,n
k,k
ah,ey
er,r
z,z
oy,oy
p,t
n,ix
iy,iy
s,s
ix,ax
ax,q
sh,sh
l,l
pcl,p
kcl,kcl
dx,dx
eh,ah
ix,ih
iy,iy
ux,ix
ix,ix
tcl,pcl
th,f
k,d
el,el
eh,r
bcl,tcl
ix,ix
k,k
iy,iy
r,l
ae,ae
ax,ix
ey,ey
axr,ax
ao,aa
iy,iy
t,z
r,r
axr,axr
ix,ix
m,m
ao,ao
bcl,tcl
l,l
r,r
n,n
dcl,tcl
r,r
kcl,kcl
ih,iy
y,iy
iy,iy
p,p
p,k
n,dh
dcl,dcl
v,f
r,r
z,z
r,axr
kcl,kcl
pcl,tcl
bcl,bcl
r,r
bcl,bcl
m,n
s,s
kcl,kcl
eh,eh
s,s
er,er
ae,ae
ax-h,dcl
tcl,tcl
dcl,kcl
uw,ix
n,q
q,l
er,ux
dcl,ix
eh,eh
q,q
ey,ey
ae,ey
t,t
ao,ah
iy,iy
uw,axr
ae,ae
z,s
r,r
q,q
pcl,tcl
m,n
eh,ae
l,w
s,s
s,s
s,s
s,s
ch,ch
ih,axr
r,r
s,s
kcl,kcl
iy,iy
t,t
n,n
ix,r
dcl,dcl
d,d
ow,aa
z,jh
ih,ih
ux,ux
axr,axr
n,m
n,q
ix,ix
z,jh
r,r
iy,iy
sh,sh
tcl,kcl
pcl,pcl
axr,r
dcl,dcl
k,t
ih,iy
dcl,dcl
iy,ix
z,s
t,t
w,w
kcl,kcl
t,p
ix,ix
ax,ax
q,ix
el,l
f,f
ix,ax
sh,sh
z,s
q,ih
oy,oy
er,axr
r,ah
w,w
axr,axr
axr,r
axr,axr
m,ux
iy,iy
l,l
f,s
kcl,kcl
k,t
er,r
en,l
kcl,tcl
ey,ey
q,q
iy,ux
iy,iy
axr,aa
ae,ae
r,r
n,m
w,w
r,axr
gcl,gcl
ax,ax
ux,ix
w,w
k,t
w,w
r,r
pcl,pcl
ao,aa
ao,oy
q,q
dh,b
ah,r
t,t
s,s
ax-h,t
ax,ix
l,ax
eh,r
bcl,kcl
r,axr
eh,eh
en,n
k,k
nx,nx
dh,dh
n,n
el,w
k,k
ax-h,n
eh,eh
f,f
dh,pcl
ah,ah
jh,t
z,z
ux,iy
k,g
r,r
tcl,kcl
n,n
k,tcl
z,z
dh,d
axr,r
ao,oy
m,n
k,k
t,k
k,k
n,n
k,k
aa,ae
eh,ey
pcl,pcl
iy,iy
ax,ax
ux,iy
l,w
w,axr
pcl,tcl
y,y
en,n
tcl,pcl
aa,r
jh,jh
zh,jh
ng,n
aa,aa
n,n
axr,axr
t,z
ih,ix
ae,eh
r,r
t,f
jh,jh
er,axr
n,m
q,kcl
l,ao
iy,iy
ah,ah
dcl,dcl
k,hh
tcl,tcl
n,ix
l,l
n,n
kcl,kcl
k,t
tcl,kcl
t,t
n,dcl
dx,l
dcl,dcl
w,r
tcl,n
n,n
iy,iy
iy,iy
ay,ae
k,k
aa,aa
ae,ae
eh,eh
dcl,tcl
ay,ay
bcl,bcl
s,s
r,axr
dcl,tcl
pcl,pcl
nx,dx
f,f
ae,ae
aa,eh
axr,axr
m,n
l,l
q,q
k,k
dh,th
dcl,tcl
dcl,dcl
ax,ah
ah,ah
pcl,tcl
sh,sh
iy,iy
ux,ux
iy,iy
ay,aa
ih,iy
dh,dh
eh,ae
ax,ax
er,axr
en,n
gcl,gcl
iy,iy
eh,ey
r,r
oy,ey
l,q
k,t
t,t
iy,iy
k,k
ay,ay
er,axr
jh,sh
pcl,pcl
n,bcl
s,s
g,t
iy,iy
eh,r
ix,ix
sh,sh
ih,ix
ix,ix
ow,l
n,n
eh,eh
pcl,pcl
uw,axr
el,w
iy,iy
ih,ix
y,y
iy,iy
ae,ae
w,w
bcl,bcl
r,r
eh,ae
v,v
bcl,bcl
oy,aa
s,s
q,kcl
ay,ae
eh,aw
er,er
f,f
m,m
kcl,tcl
ae,eh
ah,eh
ax,ix
ih,iy
q,q
dcl,bcl
er,er
ng,n
k,k
r,r
b,b
dcl,dcl
ah,ah
n,bcl
s,s
k,t
m,n
m,hh
sh,s
ix,ix
uw,ux
tcl,tcl
iy,iy
z,s
kcl,pcl
aa,aa
l,w
aa,aw
r,aa
ix,ih
eh,ay
eh,ow
s,s
ih,ih
m,m
l,l
tcl,pcl
w,l
r,r
bcl,kcl
ix,ix
n,n
m,n
ao,r
kcl,kcl
ay,ae
iy,iy
ux,ux
hv,hv
l,l
er,r
ih,ih
dcl,dcl
ng,n
q,q
iy,iy
l,r
pcl,pcl
m,m
ao,ao
t,t
t,t
ih,ux
w,w
s,s
r,w
iy,iy
n,n
r,r
p,hh
ey,ey
t,jh
ae,ae
ao,ao
s,s
z,z
iy,ux
ae,ae
ix,ix
l,l
ih,ix
ae,ae
dcl,bcl
ao,ao
dx,dx
ix,l
dh,f
ih,ix
m,m
kcl,kcl
ax,ax
d,jh
k,dx
ix,ix
ix,ix
s,s
ax,ax
n,n
hv,ax
ux,ix
aa,aa
uw,uw
w,w
z,jh
ae,ae
ow,ow
l,l
m,n
m,n
iy,ix
ao,ao
dcl,ix
r,r
en,n
kcl,gcl
bcl,tcl
ix,ix
w,w
ay,aa
er,axr
tcl,kcl
g,t
dcl,pcl
ih,ih
ih,iy
n,n
ax,ax
axr,axr
l,l
k,p
d,t
g,k
ax,ax
aa,ay
ng,n
y,y
oy,oy
ih,ih
bcl,bcl
sh,sh
ae,ey
n,n
eh,eh
y,y
ix,ax
zh,jh
dx,t
ix,iy
ix,ix
l,ax
tcl,kcl
ae,ae
gcl,bcl
k,k
ux,ux
eh,axr
axr,dx
eh,ih
t,t
w,ao
aa,ay
ae,ae
dcl,dcl
gcl,tcl
iy,iy
l,l
ng,n
t,t
v,f
nx,bcl
t,p
iy,iy
y,iy
el,el
k,k
tcl,tcl
m,n
ng,n
axr,axr
l,l
dcl,n
aa,aa
ay,ay
t,t
ux,iy
bcl,bcl
ix,ix
z,z
ah,eh
ay,l
s,s
hh,y
ng,n
ow,el
w,ao
g,p
s,s
n,dh
er,ey
hv,hv
ey,ey
f,f
ey,ey
ay,ay
k,tcl
g,g
ax,ax
v,f
ix,ix
dcl,tcl
gcl,kcl
l,l
s,s
m,p
m,m
ay,ay
y,ix
hh,hv
iy,ix
t,t
axr,axr
tcl,tcl
r,r
v,f
bcl,dcl
tcl,pcl
w,n
w,w
n,n
dh,dh
l,ax
q,q
iy,iy
ey,iy
eh,r
q,q
n,n
bcl,bcl
z,z
gcl,pcl
el,axr
n,n
eh,eh
hh,t
eh,ix
ao,ao
s,s
l,m
tcl,bcl
er,ay
r,r
er,axr
er,axr
ow,ao
pcl,pcl
n,dcl
g,p
k,p
iy,iy
ix,ax
pcl,tcl
ae,aa
f,p
ix,iy
r,r
ix,ix
l,l
ix,ax
pcl,tcl
z,z
jh,jh
z,z
aa,aa
ux,ix
m,n
ax,ax
ix,ix
r,r
n,dcl
z,z
ey,eh
ao,ao
aa,aa
tcl,tcl
axr,r
aw,aa
r,ah
axr,r
jh,jh
ix,m
eh,ix
n,n
g,g
w,q
w,w
hh,k
sh,sh
tcl,pcl
ix,n
sh,sh
k,t
n,dx
ax,n
m,m
b,p
dcl,tcl
l,l
pcl,pcl
tcl,tcl
k,p
ix,ih
q,q
z,z
ae,ae
gcl,dcl
l,l
t,jh
sh,sh
dcl,bcl
gcl,kcl
m,m
r,r
iy,iy
er,er
ey,ey
aw,aa
bcl,dh
t,t
r,axr
tcl,tcl
m,m
tcl,kcl
l,ah
ae,ey
ae,ae
s,s
w,w
tcl,tcl
pcl,pcl
g,p
ix,ix
r,r
hh,p
ix,ix
z,z
n,n
axr,r
r,axr
eh,ah
ao,ao
y,y
m,n
ih,ih
m,m
dcl,dcl
r,r
tcl,tcl
q,q
ih,ey
g,k
ix,ix
kcl,kcl
el,el
er,er
z,z
t,t
l,w
q,q
axr,ix
tcl,tcl
ah,ah
f,f
ax,ax
ix,ix
w,w
er,axr
s,s
r,r
r,r
axr,ix
sh,sh
axr,er
z,s
ao,ah
ih,ix
oy,ah
axr,r
l,l
bcl,bcl
ow,ow
aa,aa
ay,ay
l,l
ao,ay
l,el
axr,axr
eh,eh
kcl,pcl
p,k
jh,k
pcl,kcl
axr,axr
axr,axr
tcl,dcl
pcl,pcl
p,t
aa,aa
iy,ux
dx,dcl
el,ow
k,t
bcl,pcl
ao,w
n,n
eh,axr
m,n
aa,ay
hv,r
s,s
l,l
m,n
ax,ix
pcl,bcl
z,z
ah,l
z,sh
ix,ix
ow,ow
ng,n
eh,eh
tcl,pcl
m,n
tcl,tcl
er,er
p,p
ey,ae
ih,ix
n,n
s,s
ng,n
bcl,tcl
bcl,bcl
iy,ix
nx,n
eh,eh
gcl,n
ch,t
bcl,bcl
ih,ix
w,w
p,p
tcl,tcl
z,z
g,p
ix,ix
z,s
m,n
t,t
hv,iy
k,k
ix,ih
oy,oy
kcl,k
ah,eh
ih,ow
m,m
tcl,kcl
sh,sh
ow,ow
tcl,tcl
dcl,dcl
r,r
s,s
z,z
ax,ax
pcl,pcl
z,z
ih,ix
eh,hv
kcl,k
z,s
z,z
dh,dh
y,y
ix,ix
ix,ix
kcl,kcl
kcl,kcl
t,s
l,l
axr,ix
ey,iy
en,n
eh,ix
ix,ih
pcl,pcl
l,p
dh,tcl
s,s
w,v
dcl,dcl
ey,ey
r,r
r,r
l,l
s,s
tcl,bcl
s,s
l,l
iy,ix
kcl,tcl
eh,eh
s,s
ae,ae
iy,iy
m,n
ah,ah
ih,ih
s,s
ay,ay
z,z
q,q
k,k
kcl,kcl
ux,ux
k,k
kcl,pcl
axr,r
ix,ix
ae,ae
ah,ah
q,dcl
ih,iy
ey,ih
dcl,dcl
t,t
th,s
ow,eh
r,r
v,ix
f,f
gcl,dcl
dh,d
dh,ax
kcl,pcl
dcl,dcl
l,l
kcl,pcl
s,s
ax-h,t
w,w
eh,eh
n,n
ih,ax
l,dx
v,m
ax,dx
ah,ah
l,el
ao,ao
ch,ch
dh,p
er,eh
tcl,tcl
ay,r
ix,ih
m,n
iy,iy
l,l
ix,ix
n,n
ch,ch
w,w
kcl,tcl
eh,eh
oy,ay
l,l
r,r
tcl,bcl
ao,ow
eh,eh
w,w
s,s
ih,iy
ix,eh
ih,ix
eh,eh
ux,ux
ow,ow
kcl,kcl
ih,ih
iy,iy
ix,ix
er,r
pcl,tcl
ng,ng
aa,ao
ah,ax
ax,ah
iy,ux
k,k
tcl,pcl
iy,ix
s,s
ix,ix
kcl,k
l,el
eh,eh
r,ay
s,s
dh,dh
axr,axr
w,w
ae,ae
ae,ae
f,f
iy,ix
kcl,kcl
n,n
er,r
hv,hv
q,q
tcl,tcl
nx,n
v,v
ix,ix
ux,r
s,s
er,er
ix,ix
ih,ix
iy,ix
ah,ah
bcl,bcl
r,r
w,w
n,n
ux,ux
k,k
iy,iy
pcl,dcl
w,w
pcl,pcl
r,r
s,sh
p,p
sh,sh
jh,sh
ah,eh
axr,er
oy,oy
ay,ay
s,s
jh,jh
iy,iy
hh,p
ax,ax
tcl,tcl
ih,ih
ax,ix
iy,iy
bcl,bcl
ow,ax
jh,jh
n,n
v,v
t,t
ao,ao
kcl,tcl
ax,ix
l,l
em,n
r,r
dh,dh
kcl,kcl
ax,ax
eh,ih
v,v
tcl,tcl
iy,iy
kcl,kcl
ao,aa
tcl,pcl
ix,ix
ch,sh
m,n
er,aa
iy,iy
nx,n
ay,ay
p,p
er,r
ix,iy
m,n
s,s
z,z
l,w
axr,r
gcl,n
m,m
aa,ao
ae,ae
k,p
nx,n
ao,aa
jh,sh
gcl,dcl
ix,ix
t,t
ih,ih
n,n
n,n
iy,iy
oy,oy
ah,eh
l,w
ix,iy
k,t
s,s
v,ix
eh,eh
oy,oy
iy,hv
n,n
ay,ae
kcl,kcl
gcl,kcl
s,s
ow,ow
hh,hh
t,t
s,s
eh,eh
ng,tcl
l,ix
ao,r
ow,ao
ix,ix
jh,jh
f,f
r,r
r,ix
iy,ux
r,r
ix,ix
axr,er
y,ix
aa,ao
w,q
r,r
n,n
iy,ix
iy,iy
ih,iy
ix,ix
r,r
iy,iy
z,z
ae,ae
ux,ix
q,q
gcl,dcl
kcl,tcl
z,s
ao,w
s,s
y,y
w,w
ix,ix
axr,ax
d,kcl
iy,ih
kcl,kcl
ch,s
n,n
iy,iy
m,bcl
el,ah
w,m
ao,w
ax,r
g,k
ay,ay
r,r
r,r
el,el
bcl,bcl
pcl,pcl
r,r
er,er
ae,ae
iy,y
l,ix
nx,dx
aa,ae
m,n
iy,ey
b,p
w,w
l,r
r,r
ix,ix
jh,ch
aa,ao
ey,ey
s,s
tcl,tcl
z,z
f,f
ow,l
kcl,tcl
tcl,tcl
en,q
ax,ax
aw,aw
iy,iy
pcl,pcl
ix,ix
m,n
tcl,tcl
ih,ih
ao,ao
t,t
q,q
ix,ix
gcl,dcl
pcl,pcl
kcl,kcl
n,m
pcl,tcl
k,g
ix,ix
tcl,pcl
l,dx
iy,ey
ux,ux
kcl,kcl
z,s
ix,ix
k,t
gcl,gcl
pcl,pcl
er,er
ah,ay
y,ux
th,s
f,f
f,f
r,r
ay,ay
gcl,dcl
n,n
ow,ow
s,s
kcl,tcl
k,k
d,t
t,q
dcl,dcl
gcl,ix
ix,ix
dcl,bcl
er,ih
l,l
eh,ih
tcl,kcl
s,s
dh,z
dx,dx
tcl,tcl
oy,aa
axr,axr
axr,ix
iy,iy
s,s
f,f
kcl,tcl
jh,jh
eh,eh
ae,ae
g,k
jh,jh
nx,dx
ng,n
ng,n
w,w
v,v
l,l
ay,oy
ch,t
hv,hv
r,ux
hv,hv
n,n
m,m
kcl,kcl
ih,iy
axr,axr
tcl,tcl
ix,ix
iy,iy
dcl,tcl
tcl,tcl
pcl,tcl
w,w
r,r
axr,axr
dh,pcl
z,s
en,n
gcl,kcl
gcl,kcl
ao,aa
ae,ae
dcl,v
r,r
v,v
ix,ix
l,el
jh,jh
r,r
s,s
ah,ax
en,n
s,s
n,n
ng,n
ao,w
k,k
iy,iy
q,q
w,n
eh,aa
ay,ay
tcl,pcl
s,s
kcl,pcl
iy,iy
k,t
ah,ah
iy,iy
s,s
n,n
ih,ih
n,n
l,w
dh,dx
l,w
em,m
bcl,bcl
q,gcl
ow,ow
ae,ae
ah,ax
l,w
q,q
b,p
dcl,dcl
dcl,dcl
th,t
ix,ix
ax,ax
w,uw
t,t
t,t
m,m
iy,iy
t,f
l,v
ay,ay
s,s
w,w
tcl,kcl
r,r
f,f
l,l
ix,ix
q,q
ae,ae
f,f
eh,eh
k,hh
ao,ao
d,d
sh,sh
ih,ih
l,ax
s,s
dcl,bcl
q,q
ch,ch
k,k
n,m
hv,hv
ae,eh
n,n
eh,ey
eh,ae
ax,ix
jh,jh
th,t
n,n
z,z
s,s
tcl,tcl
q,q
ux,ux
nx,dx
ax,ix
ih,ih
kcl,tcl
axr,axr
z,s
ax,v
tcl,tcl
s,s
kcl,kcl
l,dh
d,tcl
p,kcl
ix,ih
g,dx
ae,el
gcl,kcl
er,ae
iy,iy
iy,iy
k,k
ux,ux
ow,ow
eh,ih
dcl,dcl
pcl,pcl
iy,iy
s,s
k,k
g,g
y,y
iy,ux
n,n
axr,axr
ih,axr
ix,axr
v,v
p,p
bcl,v
ah,ow
aa,r
aw,ae
f,f
iy,iy
s,s
eh,ae
ix,ix
k,p
pcl,kcl
ao,ao
ih,iy
ih,iy
v,v
m,n
ow,uw
sh,sh
ao,r
dh,v
r,r
r,axr
k,k
n,n
f,f
ay,ay
iy,iy
dcl,tcl
kcl,kcl
r,r
l,l
t,jh
v,d
l,l
em,bcl
ey,ey
l,ow
ng,ng
s,s
p,t
iy,iy
sh,sh
s,s
m,n
ix,ih
ey,iy
pcl,pcl
ix,ix
ah,ah
z,z
ih,ix
hh,hh
oy,ao
em,gcl
s,s
m,tcl
kcl,pcl
tcl,tcl
kcl,tcl
n,dcl
m,g
d,q
q,q
g,g
aa,ow
ah,ax
kcl,kcl
dcl,dcl
dh,l
kcl,pcl
r,r
p,p
bcl,pcl
hh,hh
w,w
t,t
v,s
axr,ax
gcl,tcl
kcl,pcl
ow,ow
kcl,kcl
ao,ao
dx,dx
ix,ix
ih,ix
en,n
ay,ae
y,iy
ix,ix
pcl,pcl
er,r
ae,ae
eh,eh
axr,ix
ao,ao
p,p
ae,ae
axr,axr
r,r
r,r
tcl,tcl
d,k
axr,r
axr,axr
m,m
ax,ax
ay,ay
ah,aa
ay,ay
y,iy
ng,ix
hh,t
ix,ey
m,n
er,r
r,r
w,w
axr,axr
bcl,pcl
iy,iy
ah,ao
tcl,pcl
eh,eh
ih,ih
v,v
tcl,dcl
ao,ao
l,ao
iy,iy
ah,ah
en,en
z,z
s,s
m,m
ix,ix
gcl,tcl
uw,uw
er,ow
l,w
ae,ae
dcl,dcl
ay,ey
kcl,tcl
kcl,kcl
ae,ey
ux,ux
dh,dh
ay,ae
f,t
tcl,q
l,ax
jh,jh
ix,ix
eh,ng
v,tcl
l,n
ae,ae
ix,ax
s,s
iy,ix
iy,iy
ch,jh
iy,iy
s,s
pcl,pcl
t,t
ax,ix
d,k
pcl,kcl
ux,ux
kcl,tcl
iy,iy
iy,iy
k,k
tcl,tcl
l,uw
w,w
ix,ix
ao,ao
ae,ey
r,r
r,r
uw,w
ao,ao
n,n
zh,z
ae,ix
t,sh
kcl,tcl
ax,ix
ix,iy
n,n
r,r
gcl,bcl
kcl,pcl
w,l
ix,ix
r,r
tcl,dcl
ah,ow
s,s
t,t
kcl,kcl
tcl,dcl
ax,ix
dcl,dcl
er,eh
k,k
ey,ey
k,p
iy,iy
l,l
ux,ey
ih,iy
s,s
ch,sh
el,l
v,n
m,m
q,q
iy,iy
ow,ix
z,s
er,er
y,iy
ow,ow
ey,ey
ax,ih
tcl,tcl
ix,ax
ix,ix
dh,q
hv,hv
p,p
aa,aa
el,uh
s,s
ix,ix
s,sh
g,g
er,er
sh,sh
p,p
ix,ix
z,z
n,n
p,k
eh,ix
iy,iy
ey,ey
aw,ow
k,t
gcl,gcl
p,k
ax,ax
ao,ow
ah,aa
ow,el
gcl,gcl
tcl,tcl
tcl,tcl
s,sh
ay,ae
ax,ix
f,f
s,t
ih,ix
z,s
b,dh
uw,ix
ah,ah
t,t
ah,eh
r,r
pcl,pcl
z,z
w,w
iy,iy
ix,ix
uw,ux
aa,aa
ax,ix
el,l
t,t
s,s
n,n
s,s
l,l
ih,iy
m,m
s,s
w,w
ch,ch
ow,ow
ae,ae
ao,aa
t,tcl
sh,sh
y,y
iy,iy
s,s
t,t
ux,r
k,p
iy,iy
ax,ih
t,z
iy,iy
tcl,pcl
nx,n
oy,ao
l,q
axr,ah
k,p
ae,ae
ae,ae
iy,iy
eh,eh
p,dh
r,r
l,ao
r,r
ey,ey
axr,axr
r,r
ih,ih
ng,en
ix,ix
m,m
uh,ih
q,ng
aa,aa
gcl,dcl
f,s
t,t
tcl,pcl
l,l
r,r
r,r
z,s
dx,dx
m,l
hv,y
eh,ae
pcl,pcl
p,p
ax,ao
p,k
ux,ux
n,n
s,sh
ux,ix
axr,eh
bcl,bcl
r,r
er,axr
ae,eh
k,k
v,dcl
ih,ih
m,r
kcl,kcl
g,p
ih,iy
ao,ah
ux,er
sh,f
ah,ah
g,y
v,dh
tcl,dcl
dcl,dcl
n,n
k,d
dx,dx
eh,ey
gcl,tcl
ng,m
s,s
eh,ao
iy,iy
l,l
iy,iy
q,q
k,k
dh,t
ax,ax
l,w
jh,jh
n,r
l,l
m,m
hv,hv
jh,jh
ae,ae
kcl,kcl
ix,iy
axr,ix
iy,ix
pcl,pcl
hh,dh
ay,ay
el,l
n,n
sh,sh
ih,ae
ng,n
q,q
r,r
kcl,kcl
aa,ay
d,tcl
ax-h,ix
r,eh
ow,l
r,r
axr,r
tcl,kcl
kcl,tcl
ow,ow
t,t
ah,ow
ae,ey
l,v
n,n
dx,dx
y,iy
ix,ix
s,s
q,q
r,r
ix,ix
p,p
hh,p
ih,ix
iy,iy
ix,ax
ng,n
z,jh
d,p
ah,ao
ix,n
l,l
v,v
t,t
ih,ih
iy,ix
w,w
eh,ix
w,w
uh,ix
ae,ae
ey,ih
l,l
m,n
ix,ih
l,ix
hv,hv
ix,ah
axr,r
d,jh
dh,dh
tcl,n
oy,ay
r,w
g,d
l,w
w,w
l,ix
kcl,tcl
t,t
ix,ih
r,r
w,n
ae,ae
l,l
pcl,pcl
ux,ux
ix,ix
r,r
ax,ix
tcl,tcl
r,aa
ah,ow
s,s
q,q
ix,ih
ae,eh
aa,ae
hh,p
s,z
k,k
m,m
dx,p
s,s
z,s
t,k
r,r
t,t
kcl,pcl
tcl,d
ae,ae
ey,ey
ae,ae
ax,ax
dh,p
m,m
er,er
r,r
ix,ux
ao,ao
tcl,tcl
tcl,kcl
ih,ih
tcl,pcl
dh,dh
t,t
eh,ax
th,v
l,ow
p,p
ux,iy
dx,dx
s,s
l,l
n,dcl
s,s
n,n
t,jh
f,f
ao,ao
ng,n
el,l
kcl,tcl
n,n
q,ax
l,l
z,z
kcl,kcl
aa,ae
ow,ow
ah,ah
l,aa
n,n
d,t
n,n
pcl,bcl
q,q
ae,ae
l,v
n,n
ay,aa
f,v
r,er
iy,iy
ch,sh
t,t
l,ax
ah,ow
s,s
l,l
aw,aw
p,d
tcl,pcl
ae,ae
ay,ay
eh,r
s,s
l,l
tcl,pcl
ao,ao
ux,ix
n,n
iy,iy
ax,ax
k,k
kcl,kcl
l,l
s,s
r,r
iy,ow
s,s
s,s
ae,ae
g,dx
pcl,pcl
kcl,dcl
pcl,tcl
eh,eh
ih,ix
axr,er
ix,ix
q,q
dcl,pcl
iy,iy
n,n
ay,ae
iy,iy
w,w
k,kcl
r,v
q,q
ix,ih
hv,hv
er,er
s,s
v,dh
ix,ix
axr,axr
hv,hv
k,k
el,w
eh,eh
axr,ix
ax,ax
ix,eh
ae,eh
jh,jh
tcl,q
iy,iy
ix,ix
s,s
iy,ix
z,s
dh,dh
ao,ao
ax,q
ao,ao
ae,ae
v,bcl
r,iy
n,n
s,s
ix,iy
er,axr
ix,ax
gcl,dcl
kcl,kcl
l,l
ix,ix
tcl,gcl
z,z
axr,ix
bcl,bcl
eh,eh
dcl,dcl
n,n
iy,iy
ao,ow
kcl,kcl
tcl,pcl
q,q
tcl,tcl
t,t
k,kcl
gcl,y
v,v
ng,n
dh,dcl
ey,ey
q,q
l,ix
ih,ih
eh,ih
ix,ix
s,s
r,axr
iy,iy
l,ix
axr,axr
jh,kcl
k,k
v,n
ae,ae
ah,ae
ih,ix
uw,axr
n,dcl
bcl,pcl
kcl,pcl
r,w
aw,ae
n,n
ux,ux
n,n
p,g
nx,r
m,n
ch,ch
gcl,dcl
f,f
ix,ix
aw,l
tcl,tcl
q,q
ih,eh
ow,ow
l,l
w,w
ow,ih
dx,dx
n,n
tcl,q
ix,ix
dx,dx
iy,iy
tcl,tcl
ow,ow
gcl,kcl
m,m
aa,aa
en,n
aa,ao
z,z
q,ix
pcl,pcl
ih,iy
ao,el
k,t
k,kcl
tcl,kcl
ae,eh
w,w
n,n
t,t
k,k
tcl,tcl
r,r
k,k
n,n
oy,ay
el,l
nx,ix
k,k
z,s
d,t
iy,iy
m,m
w,w
uh,ow
ao,ao
dx,dx
ax,l
r,r
ow,aa
kcl,kcl
ih,ix
b,tcl
iy,y
s,s
pcl,pcl
ae,ae
t,t
kcl,kcl
ix,ix
z,s
ux,ih
ae,l
kcl,tcl
ih,axr
s,s
ax,w
axr,r
n,ix
v,z
n,m
tcl,tcl
p,f
kcl,kcl
ae,ae
z,z
z,s
q,w
ix,ix
l,l
r,r
f,f
ao,ow
dcl,tcl
n,n
eh,ao
n,n
ch,sh
aa,aa
s,s
ih,ih
k,k
ih,ix
r,axr
s,s
ae,ae
y,y
s,s
t,f
pcl,pcl
er,er
er,r
ix,iy
ix,ix
tcl,tcl
ae,ae
p,z
ax,ax
dh,p
r,r
ix,ih
ay,ay
ah,ih
kcl,tcl
aa,ao
iy,iy
z,s
tcl,dcl
ih,ix
bcl,tcl
t,d
ix,ix
kcl,kcl
hv,hv
q,q
ix,ix
r,er
bcl,bcl
z,z
l,q
eh,ih
ch,sh
q,q
k,k
k,k
axr,axr
l,ax
eh,ix
m,n
w,v
l,ix
w,w
ae,ae
f,f
z,s
dcl,dcl
ix,iy
kcl,kcl
k,p
axr,er
n,n
f,f
ao,ao
w,w
ae,ae
jh,jh
l,l
q,q
v,v
ax,uw
q,q
dcl,dcl
s,s
r,r
kcl,tcl
ix,ix
s,s
ix,r
sh,s
m,n
dx,dx
ao,ow
dcl,dcl
r,r
pcl,tcl
kcl,q
ix,ix
ng,n
s,s
v,v
r,r
ow,eh
l,l
ix,iy
eh,eh
k,k
ih,ix
y,y
y,y
ow,ah
f,f
ao,ao
axr,axr
ax,ix
bcl,bcl
ix,ix
y,iy
f,f
kcl,kcl
ay,aa
g,d
q,q
ah,eh
ix,ix
el,el
m,m
ix,ih
ao,aa
dx,dx
z,z
ey,iy
zh,jh
l,l
bcl,bcl
r,r
eh,eh
ao,ao
kcl,kcl
ux,iy
sh,sh
l,l
z,s
dcl,dcl
bcl,bcl
l,l
ix,ih
w,w
k,k
ng,n
y,ix
z,z
m,m
l,l
pcl,pcl
sh,sh
ix,ix
aa,aa
er,er
iy,iy
eh,ae
th,dx
q,q
k,t
tcl,pcl
n,n
dx,dcl
q,q
sh,sh
z,sh
w,l
ay,ix
ae,ae
r,r
kcl,kcl
ix,ix
pcl,pcl
dh,dh
v,v
s,s
axr,axr
ih,ax
uh,ix
dcl,dcl
iy,iy
sh,sh
q,q
ux,ux
m,n
gcl,dcl
dx,dx
iy,iy
f,f
n,n
iy,iy
r,r
ae,ae
k,k
w,l
t,t
eh,eh
k,k
k,k
l,l
z,s
ae,ae
m,m
pcl,pcl
ao,ay
q,w
s,s
k,t
ao,ow
kcl,tcl
pcl,tcl
ix,ix
er,axr
s,s
eh,er
s,s
s,s
f,v
r,r
n,n
axr,axr
axr,n
eh,eh
sh,sh
ix,dx
r,r
eh,eh
axr,axr
m,m
eh,eh
iy,iy
ih,ah
ah,ay
n,n
aa,aa
tcl,pcl
sh,sh
iy,ix
gcl,r
ow,iy
dx,dcl
l,el
ch,jh
ah,ah
ix,ix
p,p
ux,ux
eh,r
s,s
ix,eh
t,t
dcl,m
z,s
ao,ao
er,er
ae,ae
y,y
hv,iy
n,n
r,ax
aa,aa
ix,ix
ax,ax
d,g
ae,ae
ey,ey
uh,ax
v,v
ay,ay
ax,ax
kcl,kcl
l,ax
w,w
dcl,dcl
ah,ah
w,w
b,p
s,s
n,n
ax,nx
iy,iy
t,t
q,ix
eh,ih
aa,aa
ih,ih
iy,iy
ow,ow
dh,dh
aw,aw
s,s
nx,n
pcl,pcl
f,f
ix,ix
ow,ae
m,m
l,q
t,t
r,r
s,s
tcl,dcl
sh,sh
n,n
g,k
tcl,pcl
q,dx
n,n
el,el
hh,dh
el,l
d,tcl
iy,iy
axr,r
g,p
l,l
tcl,tcl
eh,eh
iy,iy
k,k
ey,ih
w,w
z,z
ey,ey
s,s
r,r
r,r
iy,ix
ah,ah
axr,axr
r,ix
z,s
s,s
n,n
s,s
m,n
s,s
ay,ae
ow,l
m,n
l,l
sh,sh
p,p
p,p
eh,ih
iy,iy
ao,ao
ih,eh
ae,ae
ae,ae
oy,oy
jh,jh
y,dx
ah,axr
ay,eh
ah,q
dcl,dcl
dcl,dcl
n,n
ih,ax
dcl,pcl
r,axr
p,p
iy,ey
aa,aa
ao,ow
r,r
t,sh
tcl,kcl
tcl,pcl
eh,ux
hv,y
ng,ng
s,s
s,s
uh,ax
r,r
dcl,kcl
bcl,bcl
n,n
f,f
r,r
er,eh
n,n
f,f
r,r
r,r
ay,ay
er,eh
axr,axr
ay,ay
dh,t
ao,w
z,s
m,m
q,q
dh,dh
f,f
s,s
m,m
iy,iy
kcl,kcl
k,k
s,s
bcl,bcl
kcl,tcl
ix,ix
ix,iy
tcl,tcl
t,p
ax,ax
l,r
kcl,tcl
r,r
tcl,tcl
w,bcl
t,t
l,l
ay,aa
s,s
kcl,kcl
z,z
t,d
ih,ix
aa,ah
tcl,tcl
r,r
k,k
v,w
ax,ax
ix,ix
dx,dcl
eh,eh
kcl,kcl
t,t
w,w
ih,ih
z,z
r,r
k,k
dx,dcl
eh,ah
l,ix
bcl,bcl
n,n
l,l
t,t
m,m
bcl,pcl
ao,ao
ae,ae
ix,ix
r,r
s,s
s,s
f,f
aa,ao
dcl,dcl
ao,ao
n,n
ih,ix
t,jh
hh,p
aa,ay
w,w
aa,aa
k,t
tcl,dcl
ae,ih
z,z
nx,n
w,ax
ix,ix
iy,ix
w,w
ux,iy
k,k
ae,ae
ng,ng
ey,iy
ax,aa
z,z
ao,aa
sh,sh
ix,ix
iy,ux
dh,t
n,n
axr,ow
q,ix
tcl,tcl
ow,eh
kcl,dcl
axr,r
ay,ay
dcl,t
q,q
ay,ay
n,n
k,t
dx,m
q,q
ix,ix
tcl,tcl
s,z
q,q
ey,ey
k,k
l,ax
ix,ix
k,s
dh,t
ih,l
ax,ax
s,s
s,s
kcl,kcl
axr,r
w,w
s,s
pcl,bcl
ey,iy
ng,n
p,p
ao,ow
ae,ae
n,n
n,n
l,dh
w,w
z,z
iy,iy
tcl,pcl
ih,ih
z,z
ix,ix
iy,iy
z,z
y,y
bcl,bcl
ah,ah
t,t
gcl,dcl
s,s
ow,ih
p,p
l,l
y,iy
k,k
w,w
k,hh
tcl,tcl
ax,ix
k,k
ao,r
l,l
q,q
iy,iy
r,r
z,z
ih,iy
y,iy
m,m
m,m
en,en
ih,ey
f,f
tcl,kcl
iy,iy
tcl,tcl
z,s
t,t
nx,n
ix,t
ey,ey
s,s
ih,ix
pcl,pcl
ae,ae
tcl,dcl
eh,eh
m,n
ax,ix
hh,hh
r,axr
l,l
uh,ux
aa,aa
pcl,pcl
ae,ey
ao,ao
ux,ix
ih,ix
kcl,tcl
ix,ix
er,er
iy,iy
t,t
k,k
dcl,tcl
tcl,kcl
w,v
k,kcl
l,ng
eh,ih
m,n
n,n
ae,ae
aa,aa
r,r
ax-h,dh
uw,w
v,v
sh,sh
iy,ix
ax,ix
y,iy
w,w
uw,ux
ow,w
tcl,tcl
ax,g
g,dx
r,r
ah,ah
w,w
r,r
ay,ay
q,q
tcl,tcl
iy,n
iy,iy
kcl,pcl
ey,ey
s,s
pcl,gcl
y,iy
eh,ey
v,v
ih,ix
f,f
ae,ae
iy,iy
ay,ae
ah,ah
tcl,tcl
ax,eh
ix,ix
s,s
bcl,bcl
kcl,kcl
uh,ax
dh,t
n,kcl
pcl,pcl
k,t
r,r
dh,hh
kcl,pcl
ax,q
r,r
ih,ix
en,m
f,f
m,l
dcl,dcl
dcl,tcl
ao,ao
iy,ix
v,v
n,n
n,n
ao,ao
r,w
dx,k
ih,ix
l,l
z,s
ih,axr
ix,ix
oy,aa
ae,eh
ax,ax
ae,ae
kcl,kcl
kcl,kcl
dcl,dcl
tcl,kcl
ch,jh
ix,r
iy,ix
kcl,pcl
ax,l
r,r
ix,ix
ih,ih
iy,iy
aw,aa
dcl,tcl
s,sh
dcl,dcl
ae,ae
ow,axr
ih,ix
tcl,tcl
ix,ix
z,s
n,gcl
ay,ay
t,tcl
sh,sh
f,f
pcl,tcl
eh,ey
s,s
aa,ao
l,w
s,s
r,er
m,m
l,l
ey,ey
iy,iy
q,tcl
n,n
hh,hh
aa,ay
ih,ih
sh,sh
v,w
ux,ux
ow,ow
w,w
axr,axr
pcl,pcl
tcl,tcl
ow,ow
r,axr
ae,ae
ax,ix
ow,ow
w,w
jh,t
axr,axr
ax,ax
ix,eh
ao,aa
s,s
ih,ey
sh,sh
ax,q
ax,ax
y,y
n,n
sh,sh
ay,ay
n,n
r,r
s,z
m,m
ow,ow
ix,ey
n,ng
s,s
y,y
iy,iy
t,s
kcl,kcl
ao,ao
k,t
ey,ey
iy,iy
r,axr
ay,ae
ay,ay
n,n
ah,ah
l,l
q,q
iy,iy
nx,n
ux,ix
r,r
ah,aa
g,k
ng,n
k,k
l,l
t,t
ih,ih
s,s
ao,ao
ih,ih
z,z
s,s
l,el
r,r
ax,axr
pcl,pcl
th,th
q,q
oy,aa
kcl,pcl
dx,r
k,k
s,s
ao,aa
s,s
ix,eh
m,n
w,w
z,z
p,hh
v,v
y,ix
ow,ow
dx,v
jh,y
z,z
f,f
ao,ow
ah,l
er,er
m,r
kcl,kcl
m,n
axr,axr
kcl,kcl
y,y
kcl,tcl
kcl,tcl
s,s
tcl,tcl
ch,sh
ih,iy
q,q
t,t
ih,ih
uh,ow
ow,ow
n,n
k,p
m,n
ah,ow
bcl,bcl
aa,aa
zh,s
kcl,kcl
ax,n
dcl,dcl
aa,aa
q,q
s,s
en,en
ih,ow
eh,ih
sh,sh
k,k
r,r
ey,iy
ix,ix
f,p
oy,eh
ax,ax
tcl,tcl
t,t
r,r
q,hh
f,f
s,s
tcl,pcl
pcl,pcl
kcl,pcl
n,n
er,axr
tcl,q
sh,sh
s,s
s,s
l,ax
ae,ae
m,n
p,p
dh,s
p,k
ay,aa
ix,ix
ax,l
r,n
q,tcl
z,z
sh,sh
dx,ix
n,m
tcl,tcl
ax,ax
q,q
t,t
ae,ae
dcl,tcl
ix,ix
r,r
m,m
ix,ix
gcl,ng
tcl,kcl
tcl,tcl
ih,ix
kcl,tcl
ae,aa
ax,v
dcl,tcl
z,z
bcl,bcl
f,f
kcl,kcl
ah,ah
eh,ao
ih,ih
ah,ow
ch,t
kcl,kcl
ow,ow
n,n
l,ih
t,t
ax,ax
ae,ae
ix,ix
r,r
m,m
dx,ix
s,s
l,l
ix,ix
er,er
d,t
ah,ow
dh,n
ix,ix
k,k
s,s
y,q
tcl,kcl
eh,eh
axr,axr
dh,v
kcl,pcl
tcl,tcl
tcl,tcl
ih,eh
z,jh
ax,ax
w,l
n,n
ow,ow
eh,ix
ih,ae
ax,eh
dcl,dcl
w,l
ax,ax
ae,ey
n,ng
r,r
f,f
ao,ow
g,q
dh,t
axr,r
sh,sh
uw,uw
kcl,kcl
bcl,dcl
r,r
ax,ix
f,v
hv,ix
ao,ao
ux,iy
p,t
n,n
en,en
z,s
t,t
z,z
jh,sh
ae,ae
r,r
sh,sh
n,n
s,s
ax,ax
ix,ix
z,s
n,n
hv,hv
ax,ax
z,jh
aa,r
n,tcl
er,er
s,s
tcl,tcl
iy,iy
f,f
r,ix
d,k
aa,aa
ix,ix
kcl,kcl
m,m
er,ow
hh,k
t,t
m,m
w,w
r,y
dcl,dcl
eh,eh
ix,ix
iy,ix
ax,ix
tcl,tcl
z,z
ix,ix
f,f
iy,ux
ng,ng
k,t
r,r
ey,ey
n,n
iy,iy
bcl,bcl
axr,r
tcl,g
dcl,dcl
n,n
ux,ux
aa,aa
aw,ae
eh,eh
ix,ix
gcl,dcl
dcl,dx
l,l
n,n
g,k
ix,ix
ae,ae
eh,ih
er,er
l,l
th,f
r,r
kcl,kcl
el,el
ch,ch
w,w
r,r
m,n
tcl,tcl
ah,r
iy,ix
f,f
axr,r
s,z
r,r
iy,iy
ay,ay
ae,ih
iy,iy
hh,hh
iy,iy
q,hh
ix,r
ao,l
v,v
hh,hv
l,l
m,n
iy,iy
tcl,tcl
pcl,pcl
tcl,tcl
f,f
hh,hh
r,r
m,m
m,n
iy,iy
ix,ix
r,ax
ix,ax
m,n
kcl,kcl
dcl,gcl
ix,ix
er,axr
v,ax
ng,dcl
dx,dx
ix,ix
ae,aa
eh,r
r,r
jh,ch
ih,q
er,r
ow,ow
n,n
ae,ih
l,l
eh,ey
f,f
n,n
tcl,tcl
kcl,kcl
d,dh
n,n
er,r
dcl,tcl
tcl,kcl
s,t
l,w
tcl,tcl
dx,dx
tcl,tcl
s,s
p,f
n,n
ah,ay
f,p
ay,ay
axr,ix
ax,ax
th,s
ah,ow
hv,eh
n,n
iy,iy
n,n
dcl,dcl
p,t
ah,l
ay,ae
r,ae
ih,ih
hv,dh
sh,s
ux,iy
t,t
ix,ix
bcl,bcl
ix,ix
ao,aa
m,gcl
r,r
f,v
m,m
ow,ax
n,n
uh,l
kcl,kcl
axr,axr
ix,iy
t,k
aa,aa
ix,ix
ng,n
q,q
uh,uh
eh,eh
n,n
s,s
n,n
ux,iy
ae,ae
ao,aa
ey,ey
dcl,bcl
en,en
k,k
ax,ax
q,q
w,w
dcl,dcl
aw,ae
ao,r
ax,ix
ax,ax
l,l
er,r
l,l
ax-h,ix
nx,dx
w,w
ax,ax
z,sh
r,er
bcl,bcl
iy,iy
uh,ao
ih,ih
er,er
ih,ix
ah,ax
iy,y
p,p
g,g
v,l
pcl,pcl
tcl,dcl
aa,er
ax,ax
w,w
l,l
z,sh
th,th
ae,ae
n,n
s,s
ow,ow
ix,ix
s,s
ih,ux
en,iy
ih,ih
ix,ix
iy,ih
ao,ao
ay,ae
ey,ey
r,r
ay,ay
r,r
pcl,pcl
z,f
m,n
dcl,dcl
ey,ey
dcl,dcl
ix,ix
g,g
ix,ix
f,f
ey,iy
q,q
ih,ih
w,w
tcl,tcl
s,s
l,iy
r,r
ax,ix
ng,n
ix,ix
tcl,tcl
t,t
l,ax
s,s
r,axr
sh,sh
w,w
jh,jh
er,ih
m,v
ah,aa
n,n
p,p
l,l
n,n
v,v
kcl,kcl
z,z
n,n
ah,ae
iy,ix
ah,eh
ao,ao
l,q
n,n
iy,iy
w,w
k,t
f,f
ix,ix
l,w
iy,ey
s,s
iy,iy
eh,ae
pcl,pcl
ax,ax
p,t
r,r
r,r
el,l
iy,n
r,r
r,r
r,v
aa,aa
ix,ix
t,t
dh,p
f,f
q,nx
ay,ay
ix,ix
l,l
l,l
ao,aa
tcl,pcl
y,q
ah,ax
s,s
tcl,tcl
y,ix
z,z
ax,n
ih,ih
z,s
p,p
ux,ux
ae,ae
w,w
dx,hh
l,l
m,n
r,r
r,r
eh,ih
v,bcl
ng,n
m,m
kcl,pcl
eh,eh
s,s
hh,hh
n,n
ix,ux
iy,ux
ae,eh
iy,iy
tcl,dcl
v,v
ux,ow
pcl,pcl
kcl,kcl
n,n
bcl,bcl
y,y
el,ao
r,iy
tcl,kcl
s,s
b,v
bcl,bcl
aa,ay
sh,s
aw,ae
sh,sh
t,t
bcl,dcl
axr,r
ux,ux
g,t
tcl,kcl
iy,ih
z,s
eh,eh
ix,ix
r,r
r,r
iy,iy
dx,dx
t,t
d,d
tcl,tcl
w,w
aa,aa
dcl,dcl
iy,iy
r,ey
tcl,tcl
eh,eh
t,t
s,s
ow,ow
ae,ae
ix,ix
ey,ey
dcl,dcl
uh,uw
oy,ao
uh,ow
ah,ae
dh,l
k,k
n,n
bcl,pcl
el,el
ix,ix
s,sh
dx,dx
q,axr
dh,tcl
s,s
z,z
dcl,dcl
l,l
l,l
ae,eh
n,n
ih,ix
l,ih
n,n
k,k
t,tcl
q,q
ux,ux
iy,iy
ih,ih
ae,eh
f,s
ih,iy
ow,l
dcl,tcl
ng,n
ay,ay
dh,b
p,p
ix,ix
dcl,tcl
z,z
ah,ah
ao,ao
v,v
z,jh
sh,sh
kcl,tcl
dcl,tcl
th,dh
ae,ae
er,er
er,r
dx,dx
sh,sh
ix,ix
ae,ae
y,y
ix,ix
ax,l
ow,ah
ux,iy
n,n
ix,ix
iy,iy
n,n
bcl,bcl
r,r
pcl,pcl
ae,ae
l,l
v,v
ih,ey
eh,eh
ix,ix
g,w
tcl,tcl
ay,ay
l,ng
er,er
ay,ay
kcl,tcl
iy,iy
g,g
s,s
tcl,tcl
dh,q
iy,iy
kcl,kcl
el,w
q,q
iy,iy
f,th
pcl,pcl
s,s
aa,ao
r,r
n,n
q,l
iy,iy
w,w
k,k
dx,dx
ix,ix
ix,ix
b,p
gcl,kcl
r,r
n,n
l,ix
f,f
n,n
ih,ix
iy,iy
tcl,tcl
s,s
eh,ey
n,n
dh,v
dh,dh
p,q
ix,ix
ix,ix
hh,q
s,s
dcl,dcl
n,n
eh,eh
l,l
dx,dx
n,n
ch,ch
sh,sh
dcl,tcl
kcl,pcl
ow,ow
w,w
iy,ix
s,s
ax,ax
tcl,kcl
dx,d
kcl,kcl
pcl,pcl
axr,axr
aa,ao
aw,aw
ix,ix
w,dx
dx,dx
dcl,n
r,ix
ao,r
p,t
jh,jh
iy,iy
l,l
axr,ux
ix,ix
tcl,tcl
ao,ow
r,ao
p,p
ix,ix
s,s
n,n
aa,aa
ng,n
r,n
t,d
iy,iy
n,n
q,q
gcl,dcl
ax,ax
iy,iy
pcl,pcl
ux,iy
ax-h,tcl
iy,iy
el,l
n,n
er,ux
ey,ey
eh,eh
ix,ix
s,s
dh,n
ng,n
s,s
kcl,kcl
ey,ih
n,n
s,s
ax,eh
ix,ix
kcl,kcl
k,k
m,m
ix,ix
kcl,kcl
pcl,pcl
k,k
t,t
axr,axr
q,ax
ih,ih
kcl,gcl
r,r
dcl,dcl
ix,ih
v,n
q,q
ih,ey
iy,iy
ih,ix
ix,q
bcl,bcl
p,t
kcl,tcl
s,s
s,jh
kcl,tcl
t,t
m,n
z,s
dh,dcl
ax,ax
gcl,gcl
iy,iy
pcl,pcl
ay,ay
er,axr
n,n
q,q
n,n
z,s
el,r
m,n
ix,ix
dx,dcl
ah,eh
ix,ix
er,axr
w,w
r,l
el,ax
m,n
k,tcl
ae,ih
ay,ay
gcl,dcl
iy,iy
p,p
m,ax
y,y
z,s
aa,aa
er,iy
sh,sh
tcl,tcl
l,l
iy,iy
n,ix
ux,iy
th,f
z,z
s,s
uw,el
tcl,kcl
ao,ao
ih,ey
th,f
bcl,bcl
n,n
m,n
ah,eh
eh,ix
dcl,n
y,iy
n,gcl
l,q
kcl,pcl
axr,ux
ix,ix
q,q
t,t
l,l
v,v
kcl,pcl
q,q
tcl,tcl
v,f
z,z
p,p
kcl,kcl
axr,r
ah,m
dcl,kcl
gcl,gcl
el,ax
en,q
f,f
axr,axr
bcl,bcl
ae,ae
n,n
v,n
dcl,dcl
k,k
eh,ix
bcl,bcl
kcl,kcl
iy,ix
r,r
tcl,tcl
pcl,pcl
ix,ix
kcl,tcl
ao,ow
ah,ah
ax,ix
aa,ao
ow,ao
ao,ao
ih,ae
kcl,kcl
hh,hh
pcl,pcl
ow,ow
ae,ae
ix,ix
p,p
tcl,tcl
m,m
s,s
tcl,pcl
dh,z
w,w
m,n
tcl,pcl
t,t
eh,eh
m,ux
ey,ix
r,r
jh,jh
z,z
zh,jh
ix,ix
k,k
n,n
g,dx
w,w
ih,ax
iy,iy
tcl,pcl
ax,ax
iy,iy
eh,ae
ux,ux
ix,ix
dcl,p
r,r
bcl,bcl
el,el
tcl,gcl
eh,ix
ix,ih
q,q
z,s
kcl,kcl
ah,l
ah,ah
g,k
s,s
n,n
axr,axr
s,s
iy,iy
p,p
ah,ih
ux,ux
jh,ch
s,sh
bcl,bcl
ow,ao
dx,dx
ax,ax
kcl,kcl
pcl,pcl
ax,ax
ih,ih
gcl,gcl
d,jh
s,s
d,jh
dh,dh
r,r
p,t
iy,iy
l,w
jh,jh
zh,sh
w,q
m,m
z,s
w,w
r,r
ih,ax
s,s
aa,aa
pcl,pcl
r,r
eh,ih
iy,iy
ax,ix
axr,axr
dcl,tcl
f,f
k,k
s,s
gcl,dcl
ix,n
iy,ih
n,n
ux,ix
nx,ax
m,nx
t,t
ae,ae
tcl,pcl
iy,iy
ah,r
iy,ih
l,l
g,g
l,el
d,t
r,r
iy,q
gcl,gcl
q,q
jh,jh
dcl,tcl
ay,ay
l,l
ux,iy
ao,aa
iy,iy
iy,iy
tcl,dcl
ao,aa
z,s
jh,ch
ey,ey
ey,ey
w,w
s,z
kcl,kcl
k,k
nx,n
n,n
l,l
r,r
w,w
z,s
jh,jh
en,ix
ao,aa
y,ix
dcl,dcl
tcl,bcl
ax,ix
ae,ae
l,l
ih,ih
eh,r
p,p
m,bcl
w,q
tcl,tcl
k,k
dh,l
ax,ix
dcl,pcl
tcl,kcl
aa,ah
bcl,bcl
y,iy
y,dx
ix,ix
s,sh
tcl,tcl
ow,l
dcl,tcl
r,r
ch,sh
v,v
ow,ah
ah,r
ow,ax
kcl,kcl
ae,ae
ey,ey
p,t
z,s
kcl,kcl
ix,ix
axr,axr
l,l
ao,ao
th,f
kcl,kcl
ow,ah
kcl,pcl
ih,ix
uw,uw
l,w
dx,dx
eh,ey
ah,ax
m,m
n,n
z,z
ux,ux
n,n
tcl,bcl
s,s
q,ix
k,k
ay,ay
iy,ix
ix,ix
dcl,bcl
ow,el
ay,ay
v,v
tcl,tcl
ao,ao
s,s
dcl,tcl
s,s
m,m
tcl,tcl
l,bcl
f,f
ah,ow
ah,ax
ux,iy
s,s
s,s
q,q
ax,ax
s,s
ix,ix
ax,ix
v,v
m,bcl
f,f
ao,ao
oy,oy
s,s
iy,ix
axr,ih
bcl,bcl
t,t
ae,ae
r,r
ix,r
s,s
ey,ey
s,s
sh,sh
ix,ix
l,ah
iy,iy
z,s
ax,ax
k,p
iy,iy
iy,iy
ng,n
t,t
s,s
eh,ey
sh,s
kcl,tcl
r,axr
r,dx
ix,ix
q,q
tcl,tcl
r,r
tcl,tcl
ax,eh
n,dcl
w,w
iy,iy
er,r
el,q
axr,dx
l,ix
pcl,pcl
hh,p
ae,ae
uh,l
k,t
bcl,bcl
el,w
ix,v
gcl,gcl
iy,iy
iy,iy
er,r
ah,ae
hh,hh
k,k
z,s
f,f
dcl,dcl
ey,ey
uh,w
k,k
ow,l
ow,eh
eh,eh
ae,ae
axr,r
r,r
er,ae
v,v
s,s
hh,q
dcl,dcl
ax,ax
ix,ix
l,l
y,y
sh,sh
w,w
ux,ux
ah,ao
tcl,pcl
s,s
oy,oy
ah,ae
r,r
t,f
dh,n
ix,ix
ah,ah
z,z
ix,ix
ix,ax
gcl,pcl
aa,ah
z,z
pcl,pcl
ay,q
ax,ix
ix,l
t,t
ix,ix
tcl,tcl
aw,aa
ng,n
ix,ix
k,k
dcl,tcl
dcl,dcl
t,jh
ux,ux
eh,ih
r,r
sh,sh
dcl,dcl
r,axr
axr,ih
f,f
k,k
s,z
ix,ix
ix,ih
f,f
iy,iy
s,s
w,w
n,gcl
n,dx
ao,eh
el,w
k,sh
ah,ix
k,p
eh,eh
dx,dcl
ng,n
axr,axr
axr,ix
gcl,tcl
uh,eh
l,ax
f,f
ao,ao
dh,tcl
ih,ih
ah,ow
pcl,pcl
ix,ix
q,q
hv,hh
s,s
kcl,pcl
ah,ow
aa,ao
f,f
l,ax
bcl,kcl
ch,ch
bcl,bcl
axr,r
s,s
q,q
ix,ix
aa,aa
v,v
el,q
q,n
k,t
t,dh
w,w
pcl,pcl
ae,eh
ow,ih
r,r
p,g
pcl,pcl
iy,iy
r,r
eh,ih
w,w
l,l
pcl,pcl
k,t
l,m
kcl,pcl
ih,ix
ae,ae
kcl,kcl
s,s
s,s
dcl,tcl
s,s
y,ix
t,tcl
m,m
iy,iy
ih,ux
oy,oy
ch,sh
er,axr
s,s
uh,el
ax,ax
eh,ae
m,axr
dcl,dcl
f,p
w,w
aa,ao
dh,dh
ih,ih
v,v
tcl,tcl
eh,ae
ay,ae
ix,ix
l,w
dh,th
kcl,kcl
nx,dx
aw,ow
eh,ix
pcl,tcl
t,t
ao,l
l,q
ah,eh
ey,ey
ax,ax
l,ix
pcl,tcl
w,w
s,s
t,dh
m,dx
hv,r
ae,ae
l,w
w,w
w,bcl
uh,ao
dcl,tcl
tcl,tcl
f,tcl
tcl,tcl
dh,dh
zh,ch
z,z
iy,iy
dx,dx
ey,ey
r,v
ux,ux
iy,ih
ao,ao
sh,sh
ow,ow
ix,r
k,k
axr,axr
ow,ao
kcl,kcl
er,er
bcl,bcl
v,v
gcl,dcl
dcl,dcl
kcl,kcl
q,q
tcl,kcl
dh,d
ao,aa
axr,axr
hh,hh
f,f
r,r
w,w
s,s
tcl,tcl
p,f
jh,t
dh,tcl
eh,ih
jh,jh
tcl,bcl
iy,iy
eh,eh
l,w
aw,ae
ix,ix
ix,ih
ow,ow
w,w
ix,ix
n,n
z,z
l,l
eh,eh
ih,ix
l,l
iy,ey
iy,iy
s,sh
s,s
ih,ih
ae,ae
n,n
kcl,kcl
axr,axr
w,w
ax,ix
tcl,pcl
dcl,dx
z,z
iy,ih
ix,ix
ih,ih
ah,aa
eh,ix
pcl,m
iy,iy
z,z
s,s
kcl,kcl
ix,ix
eh,ih
n,n
eh,ih
ih,ih
r,r
uw,uw
ih,ow
l,ah
ae,ae
ow,l
z,dh
k,k
m,axr
z,z
eh,ey
aa,r
kcl,f
ix,ix
eh,aa
ng,n
s,s
tcl,tcl
uh,ah
n,n
jh,z
l,l
ae,ae
dcl,dcl
g,k
dcl,dcl
nx,n
ow,ow
t,f
z,s
ng,n
ih,ix
iy,iy
r,r
ix,ax
s,s
t,t
f,f
eh,ae
iy,iy
bcl,bcl
r,r
s,s
ax,l
eh,axr
dcl,dcl
s,s
k,k
tcl,kcl
f,tcl
aa,ay
g,p
s,s
bcl,bcl
eh,ae
dcl,dcl
g,d
ao,ao
dx,dx
tcl,tcl
ix,ix
z,s
s,s
jh,jh
s,th
dcl,tcl
k,t
dcl,bcl
z,sh
ae,ae
r,r
ix,n
r,r
ix,ih
f,f
n,n
dh,dh
s,s
ay,ay
axr,axr
ix,ix
aa,r
hv,hv
q,q
q,q
r,ix
p,b
r,v
r,r
hh,hh
er,er
jh,s
ix,ix
ao,ao
eh,ae
l,aa
l,q
ux,ih
n,n
dcl,dcl
r,r
z,z
iy,ey
ih,ix
ux,ux
iy,iy
ae,ae
t,t
er,axr
ih,eh
y,y
g,kcl
bcl,bcl
axr,axr
ow,axr
k,g
l,ax
ae,eh
m,n
z,z
ix,ix
ay,ay
ih,eh
n,n
ng,n
n,n
ix,dx
ix,ix
pcl,pcl
l,w
dcl,dcl
hh,p
kcl,kcl
t,s
ow,ih
ix,ix
s,s
r,ax
iy,iy
ix,ix
en,tcl
r,r
ih,ix
s,s
ay,ay
eh,axr
k,k
m,m
g,k
tcl,pcl
ih,ih
tcl,tcl
w,w
n,n
iy,iy
f,f
kcl,kcl
ih,ix
aa,aa
s,s
iy,iy
ao,ao
ey,ey
tcl,tcl
pcl,kcl
ey,ey
tcl,tcl
k,k
ao,ao
uw,ux
s,s
ng,n
aa,ao
pcl,tcl
aa,r
m,q
z,s
ix,ix
ax,ax
ae,ae
uw,ih
pcl,pcl
eh,eh
ah,ah
kcl,tcl
w,dx
r,w
w,w
er,axr
ax,ax
k,t
ux,ix
dh,tcl
er,eh
l,l
q,q
r,eh
r,ix
ah,eh
iy,ih
q,q
l,l
t,t
sh,sh
axr,er
kcl,pcl
ah,ah
ih,iy
ow,ae
q,q
jh,jh
iy,iy
aa,aa
ey,ih
eh,ix
l,l
ax,ix
th,th
s,s
s,s
ay,ay
n,n
eh,ae
s,s
s,s
s,s
z,s
ix,ix
n,n
kcl,kcl
ae,ae
dcl,pcl
sh,sh
ix,ix
iy,iy
ix,ix
n,v
aa,ay
iy,ux
m,n
w,w
aa,aa
dx,dcl
ay,ay
ae,ae
q,d
s,s
jh,jh
kcl,tcl
pcl,pcl
k,k
aa,ah
k,d
en,m
w,w
ow,ow
z,z
ae,ae
n,n
kcl,tcl
ix,ae
gcl,gcl
gcl,tcl
f,f
r,v
w,w
ah,ah
n,n
ow,ow
l,ih
nx,n
ih,ih
q,q
iy,iy
n,n
l,r
v,v
tcl,tcl
s,s
ih,iy
w,w
eh,eh
bcl,bcl
dx,dx
sh,sh
r,r
dx,dx
s,z
y,iy
t,t
m,n
th,v
tcl,tcl
m,n
q,q
ih,ax
r,r
k,k
iy,iy
w,w
w,w
k,k
ey,ey
t,t
hv,y
ix,ix
iy,iy
d,d
sh,jh
t,t
axr,r
iy,ux
iy,r
m,m
r,r
s,s
kcl,tcl
dcl,pcl
er,er
g,k
v,v
dh,dcl
eh,hv
t,sh
aa,eh
sh,sh
ax,ix
axr,r
er,ow
ix,ix
sh,sh
v,v
v,dx
hv,ix
r,r
er,axr
bcl,pcl
ix,iy
ix,ix
iy,iy
nx,ax
oy,oy
n,n
q,q
sh,sh
g,t
y,n
dcl,f
k,k
ow,ow
aw,aa
ax,ix
ah,aa
l,n
t,t
dcl,dcl
jh,sh
r,r
ao,ao
ah,ah
aa,ah
ux,axr
ao,ao
m,n
l,l
m,m
s,s
tcl,z
iy,iy
gcl,gcl
w,r
t,t
ih,ix
er,er
ay,ay
ih,ih
m,n
ix,dx
ih,iy
tcl,pcl
nx,n
sh,sh
eh,ae
z,z
m,m
kcl,kcl
k,k
eh,eh
r,r
tcl,gcl
t,t
k,k
n,n
n,n
ix,ix
dcl,kcl
n,n
ix,ix
eh,eh
hh,p
ax,ax
zh,s
ih,ey
z,z
hv,hv
z,sh
m,m
axr,r
oy,oy
w,w
dh,dh
dh,n
n,n
tcl,tcl
r,r
ix,r
ah,ix
f,f
gcl,gcl
gcl,axr
eh,uh
pcl,pcl
s,s
kcl,pcl
iy,iy
m,n
axr,gcl
l,l
pcl,pcl
ao,aa
ix,ix
er,er
ae,aa
ng,ng
bcl,n
bcl,bcl
n,n
p,f
iy,iy
ao,r
ih,ix
q,q
ey,ih
ix,ix
bcl,bcl
t,k
ey,ih
q,q
m,m
r,n
s,s
aa,aa
q,q
tcl,pcl
f,f
r,axr
er,r
z,sh
k,k
eh,ix
k,t
ow,ow
eh,ae
aa,ah
oy,ow
r,r
kcl,dcl
n,n
er,er
iy,iy
eh,eh
ix,ix
m,m
ih,ih
l,l
eh,eh
ae,ae
y,iy
er,r
r,axr
k,t
q,q
tcl,tcl
axr,axr
eh,r
ao,ao
ax,hh
z,s
ey,ey
ow,uw
gcl,pcl
ix,ix
axr,r
tcl,z
v,dx
pcl,tcl
tcl,n
r,r
ih,ih
ih,ih
ae,ae
ix,ix
iy,iy
ih,ih
axr,r
q,q
k,t
d,t
ao,ao
iy,iy
f,f
ux,ux
aw,ae
ah,ax
kcl,hh
sh,sh
r,r
ix,ix
r,r
q,q
ae,ae
er,ih
l,q
axr,axr
ax,ax
s,s
n,n
dcl,dcl
v,v
aw,ae
m,m
ao,q
aa,ae
aa,ao
s,s
w,w
ae,ae
z,z
s,s
ah,ae
tcl,tcl
m,m
axr,axr
ih,ae
uh,ah
ix,ix
tcl,tcl
ey,iy
ay,aa
ay,ay
v,v
r,r
tcl,pcl
axr,r
ih,ix
k,t
ax,ax
ow,eh
ah,ax
iy,iy
g,d
dcl,tcl
ow,ah
m,n
hv,hv
aw,aa
f,f
l,l
ix,ih
ix,ix
ax,ax
f,f
aa,ae
ih,eh
ih,iy
r,r
v,p
ng,ix
ae,ae
s,s
n,n
w,w
ae,eh
ng,q
l,l
s,s
er,er
n,dx
ih,ix
z,s
ow,ow
hv,hv
tcl,tcl
tcl,tcl
r,r
ey,ey
m,m
hh,f
ih,ix
aa,ao
dx,dx
ae,ae
z,s
q,ao
l,l
dcl,dcl
l,l
r,r
axr,axr
z,z
l,w
l,l
ao,ao
ah,ah
t,t
th,f
v,v
ax,ax
ix,ix
dcl,dcl
v,v
ow,ao
bcl,bcl
r,l
ix,ix
ao,ao
sh,sh
hh,hh
ae,ae
ow,ow
ay,ay
bcl,bcl
kcl,kcl
bcl,bcl
ux,iy
r,ix
gcl,pcl
kcl,gcl
p,p
tcl,tcl
ax,ix
ix,ix
t,t
ix,ih
ah,ae
pcl,kcl
ux,ix
aa,ao
ih,ih
q,l
tcl,tcl
ix,ix
d,q
dh,dh
eh,ih
kcl,kcl
ao,ah
s,s
t,t
eh,ae
l,l
ih,ey
sh,sh
axr,eh
iy,iy
sh,s
w,w
ix,z
ao,ao
dh,v
iy,iy
q,dcl
er,axr
th,f
ey,axr
z,z
dh,p
m,n
l,l
ey,eh
y,y
pcl,pcl
er,er
kcl,tcl
b,dx
tcl,tcl
z,z
ix,ix
iy,iy
n,n
s,s
r,r
y,ix
r,r
r,axr
ng,n
eh,l
m,n
ay,ae
r,r
en,n
hh,hh
ux,ux
dh,n
aa,aa
s,s
ih,ux
bcl,pcl
p,p
hv,ix
dh,d
n,n
q,q
iy,iy
tcl,tcl
ih,ih
er,er
er,r
eh,eh
gcl,bcl
iy,iy
ih,ih
gcl,gcl
w,w
tcl,kcl
iy,iy
ay,ey
aa,aa
aa,ao
er,ih
pcl,pcl
l,l
l,q
p,p
f,f
ih,ih
dx,dx
ay,ay
eh,ae
d,t
axr,ux
el,el
y,iy
kcl,kcl
jh,jh
q,q
r,r
v,v
ey,ey
n,n
ao,ao
y,ix
aa,aa
d,t
n,bcl
tcl,pcl
ae,ae
tcl,pcl
ch,sh
l,l
n,n
dh,dh
dx,dx
v,v
eh,eh
tcl,tcl
axr,axr
dcl,tcl
ih,ux
p,p
dcl,pcl
axr,eh
ax,ix
q,q
aa,aa
uw,w
ae,ae
aa,aa
s,s
n,n
er,axr
w,w
hv,hv
ix,ix
l,l
y,iy
n,n
n,n
l,ix
axr,axr
bcl,bcl
sh,sh
ix,ix
ix,iy
axr,r
sh,sh
kcl,tcl
s,s
kcl,kcl
dcl,dcl
n,dcl
pcl,pcl
ao,ao
ix,ix
sh,sh
l,ax
n,n
f,f
r,r
d,t
m,m
er,axr
dcl,dcl
axr,ix
kcl,tcl
iy,ix
r,r
oy,ow
ay,ay
ax,n
q,q
ey,ih
th,f
dcl,tcl
w,w
v,w
n,n
dh,t
l,m
aa,ah
gcl,kcl
tcl,tcl
t,t
tcl,tcl
f,f
iy,ux
dcl,pcl
eh,ux
sh,sh
w,w
ae,eh
iy,iy
ay,ay
hv,iy
q,q
eh,eh
z,z
sh,sh
l,l
ix,ih
hh,hh
er,er
ax,ax
r,aa
ix,iy
n,n
m,l
n,dcl
ih,ih
ao,ae
w,w
q,k
n,n
ey,ey
ih,ix
r,ix
ao,oy
tcl,tcl
ix,ix
tcl,pcl
s,s
z,s
sh,sh
axr,q
eh,eh
s,s
iy,ix
hv,hh
dh,t
k,k
axr,axr
z,z
g,p
s,s
r,r
nx,r
s,s
s,s
kcl,tcl
r,r
ix,ix
ey,iy
f,v
l,ao
ay,ay
dcl,bcl
dcl,dcl
el,el
k,d
w,w
l,q
s,z
er,er
dcl,tcl
v,ix
w,w
w,w
s,s
ax,ax
ah,ah
s,s
d,t
iy,ey
m,n
r,r
er,axr
kcl,pcl
eh,eh
s,s
n,n
tcl,tcl
w,uw
hv,hv
aw,aa
dh,t
ih,iy
ih,ih
ae,ae
dcl,tcl
axr,axr
jh,jh
ix,ix
m,n
bcl,kcl
z,z
ix,n
dcl,pcl
ey,ey
p,p
er,er
ax,ax
y,y
z,z
eh,eh
oy,iy
ao,w
dcl,dcl
s,s
axr,axr
ih,iy
ao,ao
r,r
ih,ix
n,n
ix,ix
hv,v
dcl,dcl
m,m
ih,ix
ae,ae
ax,ix
v,v
ih,ux
g,dx
ax,ax
pcl,pcl
y,ix
ax,ix
ax,aa
w,w
ng,n
iy,iy
axr,er
gcl,dh
v,r
ax,l
w,w
l,el
q,l
y,iy
q,axr
z,s
f,p
r,r
dx,tcl
ay,ay
hh,tcl
r,r
z,s
r,r
ix,ux
p,p
w,w
f,th
f,f
s,s
m,m
ix,eh
k,k
r,r
w,w
n,m
er,er
eh,l
tcl,tcl
l,ix
en,n
iy,iy
ih,q
ih,ix
dcl,dcl
aa,ix
axr,ae
th,kcl
iy,iy
m,m
n,n
gcl,ix
aa,ao
ih,ix
ae,ae
t,k
dh,v
kcl,pcl
q,q
r,r
tcl,kcl
dcl,bcl
iy,iy
kcl,dcl
s,z
pcl,dcl
n,ix
dcl,n
tcl,pcl
tcl,tcl
oy,ay
ix,ix
s,s
s,s
y,iy
l,l
ax,ax
sh,sh
k,g
axr,r
ch,sh
l,w
p,p
ih,r
bcl,pcl
l,l
dx,dh
r,r
iy,ix
ah,ah
oy,oy
er,er
axr,er
kcl,kcl
y,iy
kcl,dh
y,iy
kcl,kcl
en,n
ih,ix
d,d
sh,sh
ay,ay
kcl,kcl
ix,ix
ae,ae
axr,r
r,axr
ix,ix
ih,ih
ah,ah
l,l
pcl,pcl
dcl,bcl
ux,ix
r,w
pcl,tcl
s,s
en,ix
p,p
t,t
tcl,tcl
k,p
dcl,dcl
ix,ix
iy,iy
ow,ow
tcl,pcl
kcl,kcl
tcl,tcl
b,p
eh,er
d,p
dcl,dcl
f,th
ay,ay
g,g
r,r
el,el
iy,iy
ae,ae
r,axr
ae,ae
w,w
r,r
p,pcl
k,t
r,r
k,k
th,t
s,s
ax,ax
aa,aa
pcl,pcl
ah,ah
er,axr
dx,ix
kcl,tcl
eh,ix
w,w
tcl,tcl
tcl,tcl
ix,r
q,q
en,n
z,sh
sh,sh
dh,dh
aa,aa
ih,ey
v,v
f,f
v,v
th,f
axr,r
q,q
tcl,kcl
ax,ax
aa,ow
l,w
ax,aa
tcl,kcl
ax,ax
s,sh
ih,ix
t,dh
ae,ae
l,w
ah,ix
eh,eh
ix,ix
y,iy
q,q
er,iy
z,s
er,ux
hv,hv
q,q
w,w
l,n
tcl,bcl
iy,iy
dh,pcl
tcl,dcl
v,tcl
ix,ix
q,q
axr,g
kcl,pcl
g,q
dcl,tcl
tcl,dcl
p,p
eh,r
r,r
tcl,tcl
v,v
ae,ae
k,k
sh,sh
ux,ux
r,r
el,l
f,f
iy,iy
w,w
sh,sh
w,w
l,ng
r,r
ah,eh
eh,eh
s,s
ey,ey
ao,aa
s,s
er,r
ae,ae
en,n
n,n
k,g
n,n
tcl,pcl
aw,aw
er,ao
er,r
dh,ax
ah,ae
m,w
eh,eh
ay,ae
ah,ah
s,s
s,s
gcl,gcl
v,v
m,n
pcl,tcl
iy,iy
y,iy
ae,eh
s,sh
m,m
aa,ae
g,k
ey,ey
q,q
axr,eh
dx,n
t,t
s,s
pcl,pcl
pcl,dcl
tcl,tcl
tcl,kcl
r,r
eh,eh
kcl,tcl
bcl,pcl
iy,iy
l,l
f,f
p,b
ax,q
dcl,dcl
ix,ix
m,m
iy,iy
gcl,gcl
kcl,tcl
s,s
gcl,dcl
ao,ao
ow,ow
aw,ao
iy,iy
jh,jh
kcl,tcl
bcl,bcl
w,r
eh,ix
ae,ae
pcl,kcl
m,nx
ao,ao
ow,ow
q,axr
pcl,pcl
w,w
n,n
ey,ey
th,pcl
ow,ow
s,s
eh,eh
r,r
q,ax
iy,iy
ae,ae
ih,iy
gcl,tcl
ax,bcl
f,f
ey,ey
ux,uw
tcl,tcl
er,aa
n,n
ay,ay
q,q
s,s
t,sh
f,f
iy,iy
ey,iy
ae,ae
iy,iy
axr,r
dcl,n
n,n
uw,bcl
r,r
d,k
ix,ix
t,t
t,t
ao,ao
ah,eh
aa,r
dx,dx
ih,ih
er,er
ah,ao
sh,sh
aa,aa
ih,ix
s,s
s,s
ey,ey
nx,n
aa,ao
r,r
ow,eh
s,s
ih,eh
ih,ih
hh,t
ae,ae
w,w
er,iy
ux,gcl
w,w
aa,aa
kcl,pcl
m,m
ay,ay
axr,r
ix,ix
axr,ih
kcl,kcl
ao,ao
s,s
s,s
dx,ix
axr,axr
iy,iy
q,q
dcl,dcl
k,k
pcl,pcl
w,w
w,v
z,s
dh,n
q,y
s,s
tcl,tcl
m,n
ax,ix
ux,ih
n,n
dh,dh
dcl,dcl
ey,ey
k,p
w,w
r,r
dcl,d
z,s
iy,iy
hh,hh
ao,w
axr,axr
p,k
th,th
ax,ix
bcl,bcl
z,z
l,l
ux,ux
er,er
ix,ix
kcl,kcl
ae,ae
en,ix
n,n
eh,eh
m,m
th,s
iy,iy
ao,aa
iy,iy
kcl,dcl
ae,ae
nx,nx
eh,q
d,t
ax,ax
l,ix
t,t
d,d
r,r
q,q
dcl,dcl
iy,iy
iy,iy
dh,dx
t,t
q,q
n,n
ey,ey
ae,ae
w,w
s,z
ao,aa
y,y
ah,aa
kcl,tcl
pcl,pcl
aa,ax
ix,ix
ax,w
pcl,pcl
er,r
n,n
aa,aa
dcl,dcl
r,ao
tcl,tcl
dh,tcl
th,t
s,s
bcl,ng
l,l
oy,oy
z,z
axr,r
l,l
f,f
z,z
axr,axr
dcl,dcl
ao,w
ay,ae
aw,ae
iy,iy
jh,jh
pcl,pcl
iy,iy
n,n
z,z
axr,axr
tcl,pcl
ax,ix
t,d
kcl,kcl
dcl,tcl
ey,ey
m,n
s,s
ae,ae
q,q
s,s
eh,eh
ix,n
ih,ix
kcl,pcl
ux,ux
ih,ih
er,axr
f,f
ah,l
axr,ix
r,r
ux,ux
dh,p
kcl,kcl
d,d
w,w
dx,dx
s,s
axr,ix
w,w
dx,dx
p,f
f,f
z,s
ax,l
ao,axr
ah,eh
ix,ix
s,s
p,tcl
ey,ey
k,k
ae,ae
axr,ix
t,t
eh,ix
iy,iy
n,dx
s,s
ao,ao
eh,ih
jh,jh
p,p
axr,axr
aa,er
ix,ax
p,k
ao,ao
n,dcl
dh,q
gcl,gcl
ao,ay
ih,ix
tcl,kcl
ow,aa
sh,sh
m,m
ao,ao
iy,iy
ax,ax
iy,ey
t,t
el,ow
ax,ix
ux,ix
bcl,bcl
m,n
l,ax
dcl,tcl
dh,d
s,s
t,k
ae,ae
w,w
ax,ax
b,t
t,p
eh,ih
th,s
s,s
f,f
pcl,tcl
dx,ix
ax,ax
t,t
eh,ae
q,q
n,n
z,z
k,k
ow,uh
ix,ax
sh,sh
oy,oy
d,d
ay,ay
t,t
ae,ix
p,p
ah,q
l,ax
n,n
z,z
n,n
q,q
ix,ix
m,m
r,r
ng,gcl
dcl,dcl
t,tcl
dcl,dx
dx,dh
dcl,bcl
n,n
aa,aa
r,r
eh,ix
pcl,kcl
aa,ax
ah,ao
iy,iy
en,n
ng,n
ih,ih
iy,iy
n,n
tcl,pcl
ow,ow
ax,ix
iy,iy
iy,iy
eh,aa
l,w
ay,aw
ih,ix
y,iy
iy,iy
tcl,tcl
l,q
iy,iy
ih,ih
tcl,kcl
gcl,dcl
aa,aa
dh,n
kcl,dcl
iy,ix
ih,ax
f,f
l,l
ih,ix
s,s
tcl,tcl
k,t
ay,ay
eh,eh
t,t
ix,ix
ih,ih
n,nx
hv,hh
k,k
tcl,tcl
gcl,gcl
hv,y
pcl,tcl
pcl,pcl
ow,ow
pcl,pcl
z,s
uh,ih
t,sh
iy,iy
ao,ao
ah,l
z,z
hv,hh
m,n
ah,ah
ng,n
l,ix
n,n
n,ix
kcl,kcl
ih,ey
r,r
ao,ao
eh,ix
kcl,kcl
n,n
sh,sh
r,r
w,l
er,axr
q,kcl
eh,ey
ix,ix
r,r
dcl,tcl
ix,ix
ey,ey
l,l
ao,ao
k,p
axr,axr
iy,iy
ih,iy
nx,n
ix,ix
hh,hh
uw,ow
ix,ix
y,ux
ae,ae
k,tcl
m,m
s,sh
axr,r
ix,q
dh,dh
l,iy
ae,ae
iy,iy
bcl,bcl
axr,axr
l,l
ay,ay
g,d
l,l
dcl,tcl
g,t
eh,ih
ix,ih
l,ax
f,p
nx,n
ay,aa
m,n
ey,eh
ix,ux
dx,dx
zh,sh
l,l
l,l
pcl,tcl
iy,iy
dcl,dcl
kcl,tcl
hv,hv
sh,sh
tcl,tcl
l,bcl
n,dx
n,n
kcl,kcl
iy,iy
s,s
ey,ih
ih,ih
er,axr
ow,ao
r,r
uw,iy
er,r
jh,jh
uh,ix
s,s
aw,ao
ih,ix
en,n
ey,iy
l,ax
iy,iy
ux,ux
n,n
iy,iy
ix,ih
l,l
m,m
ao,ao
aa,ae
dcl,tcl
r,r
aa,aa
nx,dx
tcl,tcl
k,s
n,dcl
m,m
kcl,tcl
eh,ix
tcl,dx
dh,dh
y,iy
s,s
ih,ey
v,dh
ih,iy
z,z
q,q
ay,ay
tcl,z
er,axr
tcl,tcl
l,l
iy,iy
ix,ih
l,w
m,m
kcl,kcl
z,z
ey,ey
iy,iy
ae,ae
ih,ih
z,s
ax,l
p,p
ix,ix
ow,ow
w,w
k,k
t,t
v,v
l,l
ih,ux
kcl,pcl
t,s
axr,axr
hh,hh
oy,aa
ey,ey
aa,aa
w,w
f,f
dcl,tcl
axr,r
l,ao
w,w
ey,ey
bcl,bcl
axr,r
m,r
ih,ih
nx,n
nx,ix
ao,q
pcl,pcl
p,k
ix,iy
z,s
z,s
ay,ae
tcl,tcl
ey,l
iy,iy
ow,el
el,l
ey,ey
s,s
eh,ih
sh,sh
dcl,dcl
bcl,bcl
n,n
s,s
ae,ae
g,tcl
t,t
ih,iy
er,axr
jh,sh
ax,ax
l,ih
ng,ng
t,t
ix,ix
z,z
iy,ix
bcl,dcl
r,r
oy,ow
ix,ix
ix,ix
dh,v
l,l
t,t
er,r
hh,hh
dx,dx
l,q
er,axr
aa,r
ey,ey
iy,ux
m,n
ey,ih
l,l
jh,t
ao,ao
ao,ao
ax,uw
ae,ae
ng,ng
p,p
d,d
s,s
ae,ax
eh,ih
pcl,pcl
l,w
ae,ih
ah,eh
k,k
iy,iy
m,n
v,bcl
t,p
p,v
p,p
s,s
ux,ux
dcl,dcl
gcl,dcl
r,r
z,tcl
n,n
ow,ow
gcl,dcl
n,n
nx,n
dh,l
iy,iy
eh,ah
m,m
dx,dcl
kcl,kcl
l,l
tcl,pcl
q,q
ay,ay
kcl,pcl
jh,t
iy,iy
t,t
ng,n
t,sh
r,axr
iy,iy
m,m
l,l
ix,ix
r,r
f,f
dcl,bcl
iy,iy
ay,ay
oy,oy
pcl,tcl
p,p
dcl,dcl
l,l
l,ax
pcl,pcl
m,n
y,y
n,n
iy,ix
n,n
t,t
ih,ih
ay,aa
sh,k
s,s
z,z
ix,ix
ow,ow
s,s
ix,ix
eh,ih
el,el
ey,ey
ax,ax
s,s
kcl,kcl
d,p
eh,aa
l,m
en,m
w,l
ae,ae
pcl,pcl
gcl,pcl
sh,sh
kcl,tcl
s,s
ow,ow
iy,ey
tcl,tcl
dx,dx
ax-h,ix
z,z
bcl,dcl
eh,ax
l,ax
gcl,gcl
hh,hh
er,ih
ih,ih
ch,t
ey,ey
dh,dh
pcl,dcl
iy,iy
z,z
axr,iy
iy,ih
ix,ih
dx,nx
v,z
z,z
z,s
t,p
m,m
ix,ix
l,ix
axr,gcl
n,n
dcl,bcl
en,ix
bcl,bcl
w,l
kcl,bcl
s,s
ax,ax
ih,ih
er,axr
ix,ix
ao,w
n,n
f,f
k,k
ux,iy
axr,axr
ix,ix
ux,ix
pcl,bcl
ix,ix
d,tcl
v,v
d,t
ix,n
iy,iy
eh,ah
eh,eh
ng,n
s,s
ah,eh
axr,ix
v,bcl
ax,q
l,w
ih,ux
aa,er
ix,ix
z,z
bcl,pcl
ix,ix
kcl,kcl
kcl,kcl
l,uw
gcl,gcl
t,tcl
dh,dh
f,f
g,k
n,n
aa,ax
l,el
iy,iy
er,r
l,l
iy,n
k,p
l,l
ow,ow
n,m
gcl,dcl
m,m
iy,iy
l,l
d,t
eh,ow
tcl,tcl
b,p
en,ix
ux,ux
kcl,tcl
iy,iy
q,q
aa,aa
eh,eh
kcl,kcl
r,r
l,ao
tcl,tcl
tcl,tcl
ow,ao
el,l
iy,iy
ow,er
w,w
dcl,dcl
r,r
er,er
n,n
n,n
tcl,tcl
dcl,n
n,ix
iy,iy
iy,ix
eh,ix
kcl,kcl
aw,aw
iy,iy
iy,iy
ae,ae
iy,iy
el,l
dh,q
v,v
m,n
t,t
s,s
tcl,jh
aa,aa
iy,ix
ow,ow
ae,ae
m,m
n,n
l,w
ey,ey
t,t
er,axr
q,q
l,l
v,v
uw,ix
s,s
pcl,pcl
t,t
iy,r
tcl,tcl
l,l
ih,ux
r,r
axr,er
ng,n
f,f
ih,ix
hh,k
ix,ix
er,er
n,ix
m,m
s,s
pcl,tcl
hv,q
jh,z
ih,ix
th,dh
ae,aa
ix,ix
aa,ae
p,p
dh,l
z,z
r,r
ay,ey
z,z
k,f
q,gcl
y,y
z,jh
eh,eh
eh,ih
f,th
jh,sh
s,s
ow,ah
ix,ix
iy,ey
r,r
aa,ae
jh,ch
oy,ay
er,eh
axr,axr
w,w
s,s
aa,aa
ax,tcl
ae,eh
q,q
tcl,n
ix,ix
ih,ih
ux,ux
v,v
k,p
tcl,tcl
uh,eh
n,n
axr,r
r,r
gcl,axr
ih,ix
kcl,kcl
eh,ae
s,s
ih,iy
iy,iy
ax,ax
q,q
ax,ix
bcl,ix
n,n
r,r
dx,dx
m,m
q,ix
r,r
ay,ay
tcl,tcl
b,d
r,r
iy,iy
k,t
v,n
g,k
ix,tcl
pcl,kcl
ow,ih
k,t
y,y
k,t
iy,iy
n,n
ix,iy
ix,ix
pcl,pcl
ix,ix
t,t
ih,ah
dh,dh
dcl,dcl
sh,sh
r,r
axr,axr
ae,ae
iy,iy
iy,ey
uw,w
aa,aa
tcl,pcl
s,s
ax,ih
er,axr
axr,axr
k,k
iy,iy
ih,ih
ix,ix
l,l
r,r
m,r
ey,ey
m,m
l,ix
iy,iy
sh,s
z,s
ey,ey
ae,ae
hh,z
n,n
tcl,tcl
ix,ix
s,s
ah,ix
iy,iy
s,s
eh,ih
ch,s
k,k
tcl,tcl
b,w
kcl,kcl
s,s
jh,jh
nx,n
k,q
z,s
kcl,pcl
q,q
l,l
ix,ix
ao,oy
pcl,dcl
s,s
g,bcl
k,k
p,jh
f,kcl
ix,ix
ey,ey
f,f
oy,oy
l,l
m,m
axr,ix
l,ay
r,r
v,pcl
tcl,dcl
eh,eh
iy,ix
ay,ay
f,f
s,s
r,r
ih,ix
ow,eh
w,w
ay,ae
d,t
ow,ow
dh,dh
jh,jh
r,r
s,s
ae,ae
ih,ix
k,k
ix,ix
r,er
p,p
p,p
kcl,kcl
s,s
axr,axr
uw,ux
dcl,tcl
r,r
nx,g
k,k
kcl,kcl
r,r
eh,eh
tcl,pcl
aa,aa
tcl,tcl
m,m
ey,ey
r,ix
v,v
pcl,dcl
p,p
iy,ix
p,p
ow,ow
ax,axr
ix,ix
t,t
gcl,tcl
dcl,dcl
iy,ux
l,l
er,er
ix,ix
y,y
eh,ax
uw,ax
ix,ix
ux,ux
dcl,dcl
r,r
t,tcl
ow,ow
nx,ix
t,t
n,n
ih,iy
kcl,kcl
dx,dx
ng,n
dh,v
eh,eh
ao,ao
aa,aa
ae,eh
ax,ix
tcl,tcl
k,tcl
n,n
sh,sh
r,r
ae,ae
tcl,tcl
q,ix
r,r
l,dh
dcl,dcl
ix,ix
iy,ih
s,s
m,n
ao,ao
sh,sh
ix,iy
ih,ih
dh,dh
n,n
sh,sh
p,f
iy,iy
ux,ux
m,m
d,k
iy,iy
tcl,tcl
t,ch
f,dh
n,ax
n,l
k,k
dcl,n
ix,m
pcl,pcl
r,axr
aw,ao
s,s
s,s
hh,hv
iy,iy
pcl,bcl
b,dx
iy,iy
ae,ae
ax,ax
ix,ng
iy,iy
r,r
axr,axr
q,n
ay,ey
k,q
p,t
ax,ax
bcl,pcl
m,bcl
pcl,kcl
eh,ae
ey,ey
axr,axr
kcl,kcl
tcl,dcl
w,w
ih,iy
g,g
k,k
v,dh
ch,t
ix,ix
ow,eh
eh,eh
gcl,gcl
ae,ae
aa,r
ix,q
f,f
l,l
n,n
l,ix
ao,ao
p,p
kcl,kcl
ix,ix
sh,sh
kcl,tcl
l,el
dh,v
k,k
sh,sh
ux,ih
n,n
r,r
v,v
s,s
ix,axr
ih,ix
f,f
iy,iy
k,ch
m,n
iy,iy
ao,ao
tcl,dcl
dcl,dcl
s,s
pcl,pcl
ix,ix
m,m
er,er
iy,iy
hh,kcl
pcl,pcl
kcl,pcl
p,b
n,n
v,v
z,z
tcl,tcl
ix,ix
w,w
dh,dcl
ix,ix
sh,sh
bcl,bcl
k,k
dcl,gcl
ey,ey
gcl,tcl
y,iy
en,n
y,y
p,p
p,p
p,f
ix,ix
z,z
l,l
ow,ow
kcl,pcl
kcl,tcl
ao,w
ae,ae
tcl,kcl
v,n
tcl,tcl
ey,ey
eh,r
ux,ux
ao,ao
axr,axr
axr,r
ow,r
ax,ih
s,s
r,r
pcl,pcl
tcl,tcl
l,ix
jh,t
n,n
th,dh
ax,ux
iy,ih
ng,m
ae,ae
ix,ix
sh,z
dcl,dcl
ay,ay
v,ix
z,s
ix,ix
kcl,kcl
aa,ah
ay,ay
p,k
q,ix
iy,iy
k,k
n,n
s,s
gcl,gcl
tcl,bcl
w,w
ix,ax
m,n
ux,ix
l,l
m,ix
v,v
ay,ay
gcl,dcl
ch,sh
ay,ay
w,w
ax,ix
ow,ax
s,s
dcl,pcl
z,z
ix,ix
s,s
eh,eh
iy,iy
aa,eh
dcl,bcl
l,q
hv,m
ih,ih
tcl,tcl
ih,ih
pcl,pcl
t,t
eh,ix
tcl,tcl
f,hh
l,l
el,q
ix,eh
ix,ix
ae,ae
tcl,tcl
l,ax
l,uw
iy,iy
v,v
iy,iy
dh,dcl
ix,ix
aa,ah
m,n
n,n
ix,ix
kcl,kcl
ao,ao
jh,jh
ow,ah
hh,hh
iy,r
kcl,pcl
s,s
iy,iy
w,w
t,t
ix,ae
d,q
eh,eh
ix,ix
iy,ix
ah,eh
ow,ow
ix,ix
ix,ix
z,z
ih,ih
m,m
n,n
eh,ih
k,k
ih,ah
ix,eh
ao,ao
aa,axr
kcl,kcl
axr,axr
w,w
ow,ow
dcl,dcl
pcl,tcl
ch,ch
axr,ix
l,l
y,ix
n,n
n,n
ao,ao
nx,n
kcl,kcl
t,k
r,r
ix,eh
l,ix
el,el
pcl,dcl
ey,ih
l,bcl
z,z
r,r
axr,r
k,s
s,s
q,q
aa,aa
n,n
ix,axr
r,r
dh,dh
ax,ix
tcl,tcl
pcl,kcl
s,s
ae,eh
f,f
gcl,gcl
l,w
r,r
f,f
dh,f
pcl,bcl
tcl,kcl
aa,ao
r,r
el,ow
ih,iy
tcl,tcl
v,v
n,n
jh,jh
sh,sh
tcl,tcl
ah,r
s,sh
ae,ae
ax,ax
k,k
f,f
uh,w
gcl,tcl
ao,ao
pcl,kcl
th,th
n,n
ix,ix
ay,ah
r,r
gcl,kcl
q,q
bcl,bcl
r,ax
kcl,tcl
t,hh
ix,ix
iy,ey
pcl,v
t,t
ae,ae
d,t
ix,ix
iy,iy
ax,ao
iy,iy
w,w
r,r
ey,ey
kcl,tcl
sh,sh
s,t
ae,ae
dcl,dcl
iy,iy
t,t
iy,iy
en,m
g,k
bcl,bcl
ih,ix
gcl,dcl
n,n
v,v
ix,ih
n,n
ao,ao
d,p
w,w
bcl,tcl
ae,ae
ix,ix
ix,ix
oy,ow
l,l
m,n
tcl,kcl
axr,w
kcl,tcl
kcl,kcl
s,s
eh,ix
iy,iy
s,s
ao,ao
v,v
ow,ao
th,t
q,ax
dcl,tcl
l,ax
iy,iy
er,axr
uh,ow
eh,ix
ao,l
s,s
ae,ae
s,s
ix,ax
el,el
ih,ax
ix,ax
hv,dcl
hh,t
n,n
ix,ix
m,n
ix,q
gcl,dcl
ae,ae
dh,dh
z,s
aa,aa
iy,iy
t,t
hh,p
v,v
er,er
er,axr
ey,hv
nx,dx
l,iy
tcl,f
l,aa
ah,ao
eh,ix
dcl,bcl
tcl,pcl
k,s
n,n
ix,ux
kcl,kcl
w,w
t,t
en,n
dh,dh
aa,aa
bcl,bcl
ae,ae
l,ax
er,r
q,tcl
iy,iy
ah,ih
n,nx
ay,ay
iy,iy
r,r
ay,ay
tcl,tcl
r,dx
ae,ae
f,f
ih,ix
k,p
gcl,dcl
k,k
sh,sh
iy,ih
ao,ow
hv,hv
th,f
tcl,tcl
w,dh
ux,ux
ix,ix
l,l
ih,ih
dh,f
ih,ix
ix,ix
er,r
kcl,pcl
eh,aa
q,q
ey,ey
hh,p
n,n
ix,dx
en,n
bcl,bcl
ay,aw
gcl,v
eh,eh
kcl,kcl
kcl,kcl
kcl,kcl
k,k
r,r
ey,ey
ng,ng
l,ax
m,m
ax,l
tcl,tcl
aa,axr
m,m
er,er
ux,ux
ay,aa
ay,ay
dcl,dcl
l,ix
p,p
t,t
t,t
hv,iy
jh,jh
iy,iy
n,bcl
tcl,tcl
ax,n
ow,ow
ay,ay
n,dcl
w,w
axr,r
v,v
zh,sh
ix,ix
tcl,tcl
dcl,dcl
aa,aa
ae,ae
iy,iy
iy,iy
iy,iy
ax,l
aa,ao
sh,sh
dcl,tcl
z,s
ih,ix
tcl,dcl
dcl,tcl
ae,ae
ix,ix
d,t
z,z
ih,iy
ay,ey
l,ix
tcl,tcl
gcl,gcl
l,l
iy,ix
hv,y
ow,ow
n,n
tcl,tcl
kcl,kcl
ah,ah
s,s
sh,sh
aa,aa
ao,ao
s,s
kcl,tcl
q,q
tcl,tcl
dh,dcl
iy,iy
ax,ax
ow,ow
hh,hv
ix,ix
l,l
s,s
ay,eh
s,s
s,s
dcl,tcl
gcl,gcl
sh,s
n,n
iy,iy
l,l
r,dx
pcl,pcl
v,v
l,l
ix,r
w,w
ix,ix
ux,ix
ah,aa
eh,ih
pcl,pcl
ix,ix
kcl,kcl
s,s
ey,ey
k,k
ix,q
aa,ao
k,k
pcl,pcl
tcl,tcl
ih,ix
sh,sh
ix,ix
ay,ae
ae,ae
sh,sh
pcl,pcl
k,t
f,f
bcl,n
kcl,tcl
ay,ay
ax,ax
zh,z
r,ih
aw,ao
ae,ae
r,r
ax,l
q,ix
tcl,n
l,w
er,aa
eh,eh
ay,ay
pcl,tcl
iy,iy
iy,iy
k,k
ay,ay
bcl,bcl
eh,ah
n,n
s,sh
ae,ae
r,r
iy,iy
tcl,tcl
z,z
ow,ao
iy,iy
ae,ae
z,jh
s,sh
v,w
er,r
dh,dcl
dh,dh
ae,ae
s,s
ey,ey
l,el
kcl,kcl
dh,dh
s,s
f,f
t,t
m,m
r,r
bcl,bcl
ix,ih
ng,ng
n,n
r,r
er,er
z,z
eh,eh
sh,s
s,s
dcl,pcl
kcl,tcl
dx,dx
p,q
ao,ao
ix,n
n,n
bcl,bcl
iy,ix
tcl,pcl
q,q
n,n
n,n
z,z
jh,jh
aa,ao
ay,ay
s,s
s,s
axr,axr
ah,ax
kcl,pcl
k,k
iy,ix
k,k
q,q
iy,iy
q,q
en,ax
axr,r
z,s
k,k
ih,ih
kcl,pcl
t,t
p,p
ae,ae
tcl,tcl
iy,iy
r,r
l,l
ay,ae
aa,ow
kcl,tcl
y,y
iy,iy
aa,eh
ax,ax
axr,axr
ow,ow
ih,ih
s,s
l,el
q,q
dcl,n
aa,aa
pcl,tcl
v,v
ih,ix
n,ix
s,s
r,ax
axr,r
ax,ax
m,n
ax,ax
ih,ix
ax,ax
n,n
l,l
ih,iy
n,ax
dh,z
ix,dh
uw,ux
dh,p
ow,l
z,z
n,n
ao,oy
n,n
z,s
aa,aa
aw,aw
s,s
ux,ih
kcl,kcl
ao,ao
tcl,kcl
ow,ao
dx,dx
w,w
el,el
ae,ae
y,iy
dx,dx
dcl,tcl
bcl,bcl
ae,ae
oy,ao
kcl,kcl
dcl,dcl
l,l
ae,ae
k,k
ah,ae
ix,ix
axr,axr
bcl,bcl
th,f
kcl,tcl
ay,aa
q,q
th,th
g,g
s,s
w,l
s,s
n,n
n,n
k,k
kcl,kcl
m,n
ow,ow
ng,n
iy,iy
w,w
m,n
dcl,bcl
ae,ae
ae,ay
dh,n
ah,ax
iy,iy
kcl,kcl
r,r
dx,dx
aa,r
l,l
zh,jh
ih,ix
aa,ao
hv,iy
t,t
ax,ix
ix,ix
r,axr
l,l
th,f
ey,ey
kcl,pcl
ae,ae
n,n
w,w
iy,eh
n,n
dh,ix
ix,dh
s,s
l,q
gcl,gcl
k,k
er,er
ow,ow
z,z
en,n
aw,ae
s,s
dh,dh
r,r
w,w
eh,ae
ax,ax
sh,sh
s,s
bcl,kcl
sh,sh
r,r
t,tcl
z,z
ix,ix
r,r
bcl,pcl
ax-h,t
z,z
tcl,z
dh,f
ao,ao
dx,dh
aa,ay
l,l
dcl,dcl
th,f
ao,ao
g,g
ih,ih
f,f
r,r
ah,eh
l,ao
aa,aa
dx,dx
ae,ae
ih,ah
jh,t
y,iy
ao,ow
ix,ix
f,th
eh,eh
dcl,tcl
p,k
ix,ix
k,k
ey,iy
f,p
ix,ih
iy,iy
s,s
ih,ih
k,t
t,t
r,r
kcl,kcl
uw,uw
r,r
m,n
gcl,dcl
s,s
w,dx
w,ix
q,q
axr,ix
iy,iy
sh,sh
m,m
f,f
er,er
ae,ae
iy,ix
t,t
pcl,pcl
y,y
ah,ae
tcl,bcl
z,s
w,w
kcl,pcl
ao,ao
q,r
k,kcl
sh,s
k,k
tcl,bcl
tcl,dcl
r,r
f,f
ow,ow
v,v
m,n
q,q
w,w
f,f
th,s
dcl,dcl
sh,sh
ae,eh
kcl,kcl
k,k
ah,eh
f,k
n,n
s,s
hv,v
ow,ow
ax,l
ey,ih
ow,w
n,n
eh,eh
s,s
z,z
p,p
dcl,bcl
f,f
ix,ix
eh,eh
ih,iy
ax,q
hh,hh
g,g
ix,ah
jh,jh
eh,ae
oy,oy
r,ah
l,ix
s,s
axr,axr
tcl,tcl
k,g
axr,axr
ao,ao
s,s
k,k
v,w
oy,oy
l,l
ih,ih
iy,iy
eh,ix
ix,ax
k,t
z,s
oy,oy
ae,ae
pcl,kcl
eh,ih
dcl,dcl
z,z
ao,ao
r,r
axr,q
f,f
z,s
ih,ae
w,l
ix,ix
ih,ix
jh,sh
k,t
jh,jh
ay,ae
iy,ey
f,f
iy,ih
r,r
s,s
eh,ae
r,y
ax,l
bcl,pcl
p,p
ax,ax
ux,ix
iy,iy
l,l
iy,iy
pcl,tcl
s,s
s,s
n,m
w,w
ay,ay
l,l
axr,r
tcl,tcl
r,r
m,m
t,jh
q,q
eh,eh
g,g
ih,iy
iy,iy
ey,eh
w,w
w,w
ae,ae
s,s
ix,ix
sh,sh
ng,ng
n,n
tcl,tcl
t,t
kcl,tcl
iy,y
er,axr
eh,ey
tcl,tcl
l,l
w,w
l,el
ah,ah
l,q
p,p
dcl,tcl
y,iy
aa,eh
k,t
w,ao
ae,ae
z,s
v,dcl
dcl,tcl
f,f
ch,sh
sh,sh
l,ng
kcl,pcl
axr,axr
s,s
ih,eh
q,q
hh,p
n,n
ae,ae
tcl,tcl
kcl,tcl
t,t
iy,ix
l,r
y,iy
kcl,dh
ux,ux
ng,n
z,z
dcl,dcl
en,ux
axr,r
bcl,pcl
eh,ih
r,r
dcl,n
m,n
iy,iy
f,f
iy,iy
n,n
m,m
hv,ix
ih,ih
bcl,bcl
k,k
dh,n
iy,iy
iy,ey
s,s
v,v
ow,aa
y,q
w,bcl
g,g
l,l
l,l
ah,eh
iy,iy
n,n
dcl,dcl
el,el
ix,iy
s,s
p,p
ae,ae
pcl,pcl
kcl,gcl
dcl,gcl
ow,ow
ow,ow
ng,n
v,v
s,s
bcl,bcl
th,f
m,n
d,t
ay,aa
k,t
kcl,pcl
kcl,kcl
ay,ay
ao,ao
p,t
en,n
tcl,tcl
ax,q
ay,ae
hv,hv
kcl,kcl
iy,iy
r,ay
gcl,gcl
kcl,kcl
w,w
ae,eh
w,w
m,n
er,r
ax,ax
bcl,m
ae,ae
k,g
ey,ey
w,w
ix,ix
kcl,kcl
ae,ae
axr,ix
ax,ax
w,w
k,t
en,n
tcl,tcl
en,en
ae,ae
kcl,tcl
ix,ix
iy,iy
ax,ax
ah,eh
kcl,tcl
ix,ix
oy,oy
aa,aa
l,l
s,s
aa,ow
ow,ao
gcl,tcl
iy,iy
ay,ay
r,bcl
pcl,tcl
ng,n
r,r
ix,ix
v,v
p,p
dcl,dcl
f,f
z,z
r,r
q,q
k,k
ey,ey
pcl,pcl
s,s
kcl,pcl
m,m
dcl,dcl
tcl,tcl
gcl,gcl
kcl,pcl
r,r
n,n
ae,eh
p,t
tcl,tcl
w,w
eh,ae
iy,iy
l,dx
f,f
z,s
ih,ax
pcl,tcl
ix,ix
z,s
ch,sh
s,s
f,f
p,p
eh,ey
sh,sh
ay,ay
l,l
jh,jh
kcl,tcl
dcl,dcl
tcl,tcl
n,n
n,n
t,t
k,k
z,z
s,s
k,k
nx,n
ah,ow
n,n
axr,axr
l,l
ao,ao
axr,er
tcl,tcl
s,s
z,z
d,d
axr,axr
iy,iy
gcl,gcl
f,f
m,n
n,n
n,n
ih,ih
ao,ao
r,el
g,g
ay,aa
en,en
r,r
dcl,pcl
ae,ae
iy,iy
iy,iy
s,s
p,p
axr,q
ax,ix
y,y
m,m
tcl,pcl
dcl,tcl
z,s
ng,ng
eh,r
dx,dx
bcl,bcl
hv,hv
dcl,dcl
v,v
l,l
l,l
ix,ix
kcl,tcl
tcl,tcl
n,n
n,n
v,f
ih,ix
eh,eh
ae,eh
axr,ix
ah,ae
iy,iy
er,ix
er,ih
r,r
v,v
ow,l
iy,iy
uh,axr
er,axr
sh,ch
axr,ae
iy,iy
dx,q
sh,sh
r,r
ae,ae
y,y
oy,ow
th,th
iy,iy
l,ah
ey,iy
eh,eh
t,t
axr,axr
ao,ao
eh,eh
p,k
r,ao
axr,axr
iy,ih
s,s
z,z
ix,ix
ae,ae
t,z
l,l
t,t
f,s
ch,ch
ix,ix
iy,iy
pcl,pcl
n,n
r,ay
l,l
s,s
r,r
sh,f
ae,ae
tcl,tcl
axr,axr
ux,ix
z,s
ix,ix
tcl,tcl
v,v
l,l
kcl,kcl
axr,axr
s,s
ey,iy
k,k
q,q
n,n
k,k
ih,ix
eh,ix
ao,el
eh,ix
ae,ae
kcl,pcl
s,s
n,n
r,r
ae,ae
r,r
l,ax
n,n
ae,ae
aa,aa
nx,nx
y,iy
ix,dh
iy,iy
n,en
ax,ax
ay,ae
w,w
w,w
pcl,pcl
kcl,kcl
r,r
n,n
dh,dh
iy,iy
dh,p
n,y
l,l
iy,iy
r,r
p,p
ax,ax
r,r
ux,ix
eh,eh
ah,aa
ix,ix
p,p
ae,ae
m,m
n,dcl
ih,iy
ix,ix
w,w
tcl,tcl
ux,ux
ix,ax
ax,ax
f,sh
axr,axr
axr,axr
ay,ay
ix,ix
k,k
l,l
s,s
d,t
n,n
hh,tcl
m,m
l,el
oy,aa
ch,ch
iy,iy
ey,ey
bcl,tcl
ih,iy
l,n
aa,aa
s,s
ix,eh
bcl,tcl
ey,ey
gcl,bcl
tcl,kcl
q,q
dcl,dcl
ae,ae
aa,l
ay,ay
z,z
ae,ae
r,r
bcl,bcl
q,ix
axr,ix
r,q
gcl,gcl
kcl,pcl
sh,s
ax,ax
hv,hh
ih,eh
kcl,k
ix,iy
ay,ay
ae,ae
aa,ao
axr,ix
iy,iy
ae,ae
ow,ow
t,jh
iy,iy
ix,ix
s,s
ey,ey
tcl,tcl
iy,iy
ey,iy
kcl,kcl
ch,t
r,r
iy,iy
d,d
r,r
ix,ix
w,w
s,s
ix,ix
m,v
ao,r
iy,r
z,s
pcl,pcl
s,s
q,q
eh,r
dx,dcl
r,r
f,f
sh,sh
iy,iy
ih,ih
l,ix
axr,r
k,tcl
ih,ih
s,s
iy,iy
ng,tcl
w,w
f,f
s,s
gcl,kcl
k,k
ae,eh
eh,eh
en,ng
s,s
ay,ay
gcl,n
k,t
iy,iy
ux,ux
n,m
eh,eh
ih,ey
bcl,pcl
ao,aa
ae,ae
n,n
m,m
oy,oy
q,q
r,r
eh,r
w,w
ow,el
ao,ao
ay,ae
n,gcl
ao,ao
m,n
l,l
er,ow
iy,iy
f,f
r,r
m,m
ih,ih
dh,dh
iy,ix
oy,oy
q,ax
tcl,tcl
oy,oy
v,ux
n,n
kcl,kcl
q,q
er,er
dcl,dx
r,r
hh,hv
k,t
t,t
oy,oy
ah,ax
ix,ix
l,l
aw,aw
s,s
pcl,bcl
dcl,bcl
aa,aa
iy,iy
ax,n
kcl,kcl
iy,ix
y,y
dcl,dcl
jh,jh
iy,iy
t,t
l,n
l,l
ay,ae
ao,ao
l,l
sh,sh
l,l
y,n
ih,axr
n,n
iy,iy
ix,ix
tcl,tcl
tcl,tcl
ay,ay
axr,ix
th,v
ax,ax
k,k
pcl,pcl
m,m
ax,ix
ae,ey
er,oy
z,z
gcl,bcl
ix,n
bcl,pcl
nx,dx
pcl,pcl
dcl,dcl
f,f
f,t
ae,ae
n,m
pcl,pcl
l,l
ey,iy
aa,ao
tcl,pcl
axr,er
ix,ix
ah,ah
ae,ae
k,k
eh,ix
ey,ix
s,s
t,t
axr,axr
t,p
bcl,bcl
f,f
s,s
ix,ix
dx,dx
k,k
iy,iy
tcl,tcl
n,n
dx,r
nx,l
q,pcl
n,n
z,z
tcl,kcl
en,n
ix,ix
dcl,tcl
ah,ao
l,l
ao,ao
r,r
q,q
tcl,tcl
gcl,dcl
ao,ay
l,l
l,ix
oy,ow
t,p
ao,ao
r,r
ax,ax
n,n
ux,ix
ah,ow
ix,ux
s,s
q,q
l,l
l,q
iy,iy
m,l
kcl,pcl
bcl,pcl
dx,tcl
dcl,dcl
ih,ix
bcl,bcl
n,n
tcl,dcl
t,b
bcl,bcl
kcl,tcl
hv,q
ch,sh
z,z
m,m
k,p
iy,iy
kcl,kcl
ao,ax
n,n
dx,dx
dcl,tcl
kcl,kcl
aa,r
tcl,pcl
m,n
ey,ey
y,iy
ax,dh
en,n
aa,aa
ax,ix
n,n
er,er
r,r
z,s
v,v
dh,p
ah,ah
iy,iy
er,r
p,p
s,s
uw,ux
er,er
ae,ae
er,r
iy,iy
t,t
el,el
nx,dx
ng,n
iy,ux
k,k
aa,aa
er,iy
y,ix
el,l
ng,ng
dcl,dcl
iy,iy
iy,iy
m,m
l,l
dcl,dcl
ao,ao
iy,iy
z,z
dh,dh
s,s
ix,ix
er,ux
ax,ax
ao,ao
tcl,tcl
s,s
w,w
er,r
dh,dh
nx,nx
t,t
th,tcl
aa,ow
w,w
k,k
ao,ao
tcl,tcl
l,l
ih,r
aa,ah
dx,ix
w,w
eh,ix
d,p
ax,ix
r,r
aa,ah
bcl,dcl
dcl,dcl
t,t
ax-h,dh
ih,ah
el,l
iy,iy
p,tcl
r,ng
q,kcl
iy,ux
l,l
axr,er
eh,eh
dcl,dcl
s,s
n,n
r,r
ae,ae
ih,iy
kcl,tcl
m,dcl
iy,iy
s,s
pcl,pcl
kcl,kcl
dx,n
l,el
ih,ux
gcl,p
er,er
ax,ax
eh,eh
pcl,pcl
hv,hv
q,q
r,r
ay,ey
ae,ae
axr,r
iy,iy
pcl,pcl
ah,ax
r,r
ng,ng
sh,sh
tcl,tcl
y,iy
ay,ae
axr,ix
ao,ax
n,n
d,t
kcl,kcl
gcl,gcl
ix,ix
pcl,pcl
s,s
z,s
r,r
ix,ax
n,n
dh,dh
d,t
sh,sh
tcl,tcl
ix,ix
ae,q
ae,ae
zh,z
jh,ch
n,n
r,r
ae,ae
d,d
tcl,tcl
aw,ae
r,r
kcl,kcl
sh,sh
z,s
dh,dh
n,ix
s,s
eh,ih
s,s
ao,r
pcl,pcl
eh,eh
ay,ah
hv,hv
s,z
m,m
r,ax
q,q
aa,ao
z,s
d,dh
n,n
k,k
dh,n
w,w
l,l
ix,ix
y,ix
dcl,dcl
dcl,bcl
ay,ay
z,s
ey,q
axr,ix
oy,ow
em,bcl
oy,oy
axr,er
t,t
v,p
ey,ih
dx,g
ux,iy
w,w
s,s
pcl,pcl
p,p
dx,dcl
dcl,dcl
z,s
axr,axr
ix,ix
ih,iy
r,eh
w,r
en,en
r,r
z,s
ix,ix
d,d
ah,eh
zh,sh
n,ah
ey,ey
ow,ao
ah,eh
ax,ix
g,t
r,r
r,r
s,s
ey,ey
iy,iy
iy,iy
sh,sh
dh,v
bcl,bcl
n,tcl
ux,ux
s,s
ey,ey
eh,ix
aa,ow
hh,hh
bcl,tcl
sh,sh
s,s
tcl,tcl
p,t
q,q
ih,ih
iy,iy
ax,ix
l,v
k,k
ah,eh
axr,axr
iy,iy
ih,ih
gcl,tcl
el,l
pcl,pcl
tcl,dx
f,f
k,g
ix,ih
aa,aa
sh,sh
axr,axr
d,t
nx,n
aa,aa
r,axr
n,n
g,g
ao,ao
ax,ax
d,d
gcl,gcl
f,f
ng,n
d,jh
ix,ax
iy,iy
zh,z
s,s
ix,ix
tcl,kcl
f,t
ay,ay
k,k
dcl,kcl
eh,eh
s,s
g,d
z,z
iy,iy
axr,r
w,w
ix,ix
p,hh
aa,ae
ih,iy
z,z
ay,ae
ae,ae
w,w
ae,ix
ae,ae
ay,ae
ax,ax
eh,eh
kcl,pcl
sh,sh
n,n
bcl,v
ao,w
l,l
z,s
y,y
kcl,kcl
z,z
iy,iy
tcl,tcl
ah,eh
sh,f
w,w
ah,ax
k,p
axr,axr
tcl,tcl
bcl,bcl
ax-h,ix
sh,s
t,t
aa,ao
tcl,pcl
l,l
q,q
w,w
ow,ow
dh,dcl
pcl,pcl
ay,ae
ao,ao
ix,z
m,n
dcl,gcl
s,s
n,bcl
ao,ao
p,k
dx,g
r,r
s,s
m,m
ey,ey
s,s
eh,eh
ah,axr
z,dh
m,m
l,l
dcl,n
n,m
l,ax
ax,ix
s,s
eh,l
n,ax
kcl,tcl
aa,aa
jh,jh
aa,eh
ax,l
aw,ae
p,p
bcl,bcl
aa,aa
ix,ix
m,dcl
dcl,dcl
f,f
ax,ix
kcl,pcl
gcl,tcl
k,k
kcl,tcl
ax,ax
tcl,tcl
sh,sh
bcl,pcl
dh,dh
k,k
kcl,kcl
n,dx
l,l
sh,sh
sh,sh
p,p
iy,iy
ae,ae
bcl,pcl
l,l
ax,ah
dcl,d
r,r
l,w
r,r
axr,axr
ax,ix
dcl,dcl
ix,ix
ah,ax
t,t
nx,dx
t,d
dh,dh
m,n
dcl,dx
l,l
k,t
t,t
z,z
w,w
tcl,tcl
ix,ix
gcl,dcl
r,r
n,dh
y,dx
en,n
dh,p
r,r
dh,q
ix,ax
w,w
iy,iy
k,k
ix,ix
ix,ix
jh,z
iy,iy
ih,ix
ix,ix
el,l
gcl,bcl
ih,ix
aa,aa
aa,aa
k,kcl
ih,ih
q,ix
ow,l
ao,ow
s,s
eh,ae
axr,ix
s,s
ix,ih
ay,aa
ux,ux
z,s
eh,axr
axr,r
kcl,kcl
dcl,dcl
aw,ah
p,k
r,ao
eh,axr
p,p
eh,ih
axr,ix
sh,sh
w,w
eh,r
t,ch
iy,iy
sh,sh
hh,k
dh,v
iy,iy
r,r
ax,r
iy,axr
jh,ix
pcl,pcl
jh,z
ih,ix
w,ax
n,n
s,s
iy,iy
p,tcl
k,p
kcl,kcl
bcl,bcl
ng,n
dh,m
el,ow
ih,iy
t,q
aa,ay
z,z
axr,ix
iy,iy
ix,ix
r,r
eh,ah
iy,r
dh,dcl
ax,ax
ah,ah
ix,iy
gcl,dcl
p,hh
w,ax
r,r
aa,ao
s,s
k,t
v,n
t,t
dx,dx
nx,nx
jh,jh
aa,aa
gcl,dcl
aa,ao
ow,ah
n,ix
ix,ix
bcl,bcl
ix,ix
n,n
ix,ix
axr,ih
tcl,tcl
m,n
jh,sh
t,t
ae,ae
axr,axr
ao,l
ay,aa
kcl,kcl
pcl,pcl
l,w
p,p
t,t
r,r
eh,eh
l,dh
s,sh
r,r
dx,ix
axr,er
aa,ao
m,m
pcl,tcl
r,r
bcl,bcl
tcl,pcl
n,m
w,n
er,r
q,q
iy,iy
sh,sh
d,t
aa,aa
ix,q
el,l
kcl,tcl
z,z
r,r
ix,ix
s,s
ay,ay
ao,ao
tcl,tcl
ux,ih
aa,ao
t,t
t,d
iy,iy
l,ay
eh,eh
s,s
iy,iy
ao,ow
ae,eh
ax,ix
ch,t
ax,ix
r,r
pcl,dcl
r,r
k,k
ey,ey
d,d
ix,ix
ix,ax
m,m
ix,ix
r,r
ao,aa
z,sh
er,axr
ow,ao
l,l
eh,eh
kcl,tcl
t,p
q,ax
aa,ay
w,w
t,d
ah,eh
f,f
iy,iy
ae,ae
nx,n
dh,dh
kcl,kcl
n,n
w,m
ux,ux
iy,y
y,y
k,k
ix,ix
ix,ix
iy,iy
n,m
w,w
m,m
pcl,tcl
iy,iy
dh,d
n,l
ay,ay
th,th
pcl,q
ao,ao
sh,s
ax,ow
q,q
tcl,tcl
n,n
f,f
z,z
r,eh
w,w
ae,ae
ix,ix
s,s
t,t
n,n
r,ix
s,s
s,s
tcl,pcl
bcl,bcl
ix,d
ih,ih
r,r
n,n
w,w
gcl,dcl
ix,l
ao,ao
sh,s
aa,ah
kcl,kcl
kcl,kcl
ao,ao
iy,iy
l,ix
ng,n
dx,dx
s,s
ax,ax
f,f
kcl,kcl
ah,ah
r,r
z,z
ay,ae
ix,ix
k,k
w,q
uw,ux
kcl,tcl
dh,dh
r,r
ax-h,tcl
iy,iy
d,jh
tcl,pcl
n,n
aa,aa
m,n
z,s
iy,iy
ax,ax
y,y
axr,er
p,p
ih,eh
n,n
hv,ix
l,r
ix,n
hv,hv
n,n
axr,ao
g,q
ay,ae
iy,iy
ux,ix
hh,tcl
ix,ix
gcl,dcl
pcl,pcl
aa,aa
s,s
er,aa
ah,ix
ix,ix
k,k
f,f
ey,ey
sh,sh
ux,y
axr,axr
zh,sh
ax,l
hv,n
s,s
ux,axr
iy,iy
s,s
dh,n
th,th
ix,ix
eh,ey
ng,n
ih,ih
ix,q
n,n
t,t
z,f
ix,ix
ix,ix
ih,axr
axr,axr
eh,ix
dx,dx
ay,ey
ay,ey
ix,ix
s,s
s,s
iy,ih
t,p
ih,eh
q,q
kcl,tcl
ih,ix
sh,sh
r,r
ng,n
q,q
iy,iy
f,s
aa,aa
n,n
ao,l
pcl,pcl
ch,sh
s,z
pcl,dcl
ae,aa
ae,ae
tcl,pcl
aa,aa
ao,r
kcl,pcl
l,ax
n,l
ix,ix
z,z
dcl,dcl
f,f
iy,ih
iy,iy
r,r
t,s
kcl,pcl
k,kcl
kcl,kcl
kcl,kcl
l,w
z,z
ix,ix
q,q
eh,ih
ey,ey
pcl,pcl
iy,iy
dcl,dcl
f,f
dcl,gcl
aa,aa
ey,ey
r,r
kcl,pcl
pcl,pcl
s,s
iy,iy
f,pcl
uh,ao
p,p
dx,d
ix,ix
ow,ae
ix,ix
th,f
z,s
dh,th
iy,iy
z,z
ah,ah
gcl,gcl
ix,dcl
iy,iy
aw,ae
hv,hv
d,v
bcl,bcl
iy,iy
ch,ch
ix,ix
t,t
ax,ax
kcl,kcl
aa,aa
r,r
f,f
m,n
n,n
r,r
m,r
f,f
l,l
iy,iy
iy,iy
f,f
dcl,dcl
r,ix
f,f
ah,ow
pcl,pcl
en,m
iy,iy
l,w
ao,ao
kcl,kcl
ih,ih
uh,ih
z,z
axr,axr
ax,ix
t,t
ix,ix
k,k
w,w
em,m
z,z
tcl,tcl
n,n
q,ix
dx,ix
ax,ix
eh,ih
tcl,tcl
l,ix
y,y
g,v
p,p
uh,ix
r,r
ax,n
p,dh
z,jh
iy,iy
ax,l
ao,ao
tcl,z
p,p
ao,ao
d,p
ao,ow
tcl,tcl
s,s
w,w
sh,sh
ch,ch
ae,ae
tcl,dcl
ux,ix
hv,hv
dcl,dcl
kcl,kcl
s,s
tcl,pcl
ux,ux
hh,tcl
ng,n
ow,ix
s,s
en,n
axr,ix
ah,ah
l,q
dcl,dcl
bcl,bcl
axr,axr
er,er
k,k
axr,axr
gcl,gcl
ix,ix
ih,ih
iy,iy
tcl,pcl
k,t
l,l
t,t
dcl,dcl
tcl,kcl
z,s
q,q
ax,ah
pcl,pcl
eh,r
r,r
iy,iy
s,s
ax,ix
eh,eh
iy,iy
r,axr
w,w
ow,ao
iy,iy
aw,q
tcl,kcl
ah,eh
l,l
aa,aa
l,l
n,n
m,n
axr,axr
k,k
iy,ix
dh,th
p,k
kcl,tcl
sh,sh
n,n
er,eh
l,w
ao,ao
aa,aw
er,r
s,s
th,pcl
eh,ae
hh,hh
ax,ax
ao,ao
g,d
d,t
eh,ih
sh,sh
ax,n
uh,ah
ux,ih
ih,ih
axr,axr
f,s
w,l
th,sh
uw,ix
z,z
y,iy
gcl,bcl
f,f
ax,ax
ax,ax
ih,ix
kcl,tcl
dh,d
axr,axr
r,axr
ix,ix
n,n
ah,l
dcl,dcl
eh,aa
gcl,pcl
p,s
kcl,tcl
ix,iy
axr,r
r,r
l,l
ow,ao
r,r
l,l
eh,eh
s,s
w,w
ih,ix
iy,ix
pcl,bcl
w,w
eh,ey
s,s
l,ax
tcl,kcl
iy,ey
v,dcl
s,s
er,axr
dcl,tcl
l,l
ix,ux
axr,r
eh,r
t,t
sh,sh
ey,oy
oy,oy
dcl,dcl
t,t
dcl,n
z,z
q,q
kcl,kcl
l,l
r,r
ix,ix
s,s
ae,ih
r,r
gcl,ng
ax,w
iy,eh
tcl,tcl
dh,dh
dcl,dcl
w,w
er,axr
s,s
kcl,pcl
tcl,t
s,s
l,ax
l,l
ax,ix
k,k
r,r
ix,ix
bcl,m
sh,sh
uh,ix
f,dh
b,d
ah,ah
t,t
ih,iy
r,r
ax,ix
ix,ix
r,r
dcl,bcl
bcl,dcl
k,p
ih,iy
s,s
ao,ow
z,s
ix,iy
ao,ax
bcl,gcl
l,l
ax,w
ng,n
n,n
ax,ax
s,s
l,l
tcl,tcl
iy,ux
n,n
dcl,dcl
kcl,kcl
dh,v
aa,ae
gcl,ix
ix,dx
d,t
t,d
v,v
iy,iy
ng,n
m,n
t,t
ax,ix
r,r
iy,iy
r,r
ao,aa
dcl,dcl
s,t
tcl,q
ih,ih
dcl,tcl
sh,sh
axr,axr
n,n
ay,ay
eh,ih
n,n
aa,aa
s,s
tcl,tcl
iy,iy
q,q
iy,ux
k,k
r,v
kcl,tcl
ao,aa
d,t
ix,eh
tcl,pcl
ix,m
kcl,kcl
ow,ow
f,f
aa,ah
ih,ix
t,t
ix,ix
kcl,tcl
ix,ix
ih,eh
aw,aw
s,s
q,tcl
q,q
ao,q
ux,ix
ih,ih
r,r
hh,p
n,ix
r,r
m,n
p,p
dcl,dcl
l,l
jh,jh
q,q
ae,ae
ix,ix
z,z
s,s
aa,r
q,q
l,l
ih,ix
l,w
f,kcl
eh,eh
ae,ae
hh,hh
ax,ax
oy,oy
ix,ix
ax,r
kcl,tcl
er,axr
tcl,tcl
iy,ih
n,ix
iy,ey
dcl,tcl
r,r
hh,hh
aa,aa
z,z
dh,f
r,r
kcl,tcl
kcl,pcl
ax,ah
iy,ix
ux,ux
ix,ix
v,v
gcl,gcl
l,l
hv,hv
f,f
pcl,pcl
iy,iy
ae,aa
ao,ao
axr,axr
z,z
n,en
iy,iy
nx,n
dcl,dcl
aa,ao
l,ao
ax,ax
m,m
iy,iy
tcl,tcl
pcl,pcl
tcl,tcl
ah,eh
dx,dx
kcl,q
dh,dcl
s,s
m,m
eh,ae
n,n
ae,ae
t,t
ix,iy
tcl,pcl
iy,iy
kcl,kcl
n,n
ux,n
axr,r
er,ae
g,dh
r,axr
aa,aa
ix,ix
dcl,tcl
gcl,ix
ix,ih
iy,ix
dx,ax
ax,ix
er,axr
d,d
kcl,kcl
iy,ey
y,y
f,s
n,ng
r,ix
ax,ax
kcl,kcl
r,er
iy,iy
n,n
z,z
n,n
iy,iy
l,ax
m,m
kcl,pcl
dcl,tcl
bcl,bcl
w,w
eh,eh
kcl,kcl
eh,ae
gcl,dcl
d,dx
eh,eh
q,q
r,r
dh,v
hv,k
tcl,tcl
en,n
axr,axr
n,n
n,gcl
n,n
dh,dh
ah,ax
axr,aa
dcl,tcl
ae,ae
ey,oy
iy,iy
q,q
g,bcl
v,v
iy,iy
ao,ao
th,f
dh,v
m,bcl
r,ax
kcl,tcl
r,r
ah,ah
ao,l
iy,iy
w,w
q,q
l,n
ix,ix
ao,ao
ix,ix
iy,ix
l,bcl
g,g
q,q
p,p
th,f
ey,ix
er,er
ix,ix
k,t
n,n
ay,ay
q,q
r,axr
q,r
ah,aa
ih,ix
pcl,pcl
n,bcl
ax,ax
ao,ao
w,m
ih,iy
ih,iy
hv,iy
z,z
p,p
ao,ao
kcl,kcl
ay,ay
m,m
dx,dx
tcl,tcl
ae,eh
en,dcl
ey,ey
eh,ih
v,dcl
axr,r
s,s
dcl,dcl
k,k
n,n
ao,ao
hv,hv
kcl,pcl
p,t
kcl,k
s,s
gcl,tcl
bcl,dcl
q,q
l,l
l,l
gcl,bcl
t,t
q,q
w,w
z,s
q,q
q,q
l,l
axr,axr
r,r
axr,r
s,s
axr,r
l,l
hv,ax
iy,iy
f,f
ih,ix
tcl,tcl
r,r
ae,eh
sh,ch
n,n
ix,ix
hv,hh
tcl,tcl
ix,ix
tcl,pcl
kcl,pcl
er,ih
k,k
gcl,dcl
k,k
q,q
ax,ah
ih,ih
ix,ix
t,t
aa,ow
sh,sh
g,d
iy,iy
f,f
t,jh
hh,hv
ow,ah
ey,ey
l,l
ow,ao
aa,r
kcl,pcl
dcl,dcl
w,w
y,iy
ax,ix
aw,ao
ay,ay
kcl,kcl
r,r
kcl,tcl
r,r
sh,sh
aa,aa
q,q
dcl,dcl
ih,ih
ey,iy
q,q
tcl,kcl
s,s
kcl,kcl
er,axr
iy,iy
tcl,tcl
y,y
n,n
axr,axr
ix,ix
axr,r
ih,iy
v,v
tcl,tcl
z,s
axr,axr
axr,r
ae,ae
dcl,dx
ao,aa
ae,ae
y,ix
l,w
w,l
k,k
kcl,kcl
aa,ah
dcl,bcl
ae,ae
iy,ix
ae,ae
tcl,tcl
iy,iy
b,p
gcl,bcl
l,w
n,n
d,t
sh,sh
f,f
tcl,gcl
kcl,pcl
l,w
dcl,n
s,s
kcl,pcl
y,iy
oy,oy
l,l
iy,iy
s,s
gcl,n
en,n
jh,ch
f,f
ch,s
er,r
s,s
z,z
ix,q
w,w
ae,ae
r,r
pcl,pcl
ix,ix
bcl,pcl
l,ix
dh,dh
z,s
l,l
ux,uh
er,r
axr,axr
v,v
q,q
ux,ix
ay,ey
hv,hv
ix,ih
ae,hv
kcl,kcl
en,n
ix,dh
n,n
ih,eh
iy,iy
s,s
ih,ih
s,s
dcl,dcl
ux,ux
d,t
dh,dh
ih,ih
n,dcl
k,k
v,w
eh,eh
w,w
bcl,v
kcl,tcl
ae,ae
kcl,kcl
z,z
kcl,tcl
t,p
ao,q
ow,ah
hh,p
n,n
s,s
oy,oy
ix,ix
ih,ix
d,tcl
v,v
s,z
eh,ix
kcl,k
ux,ih
s,sh
d,tcl
kcl,tcl
w,w
tcl,tcl
aa,l
l,l
iy,iy
bcl,bcl
nx,n
r,r
aw,aa
ay,ae
ux,dcl
kcl,pcl
k,k
m,m
bcl,tcl
m,m
ow,ao
p,hh
n,n
aa,ao
ah,ix
q,ix
n,n
ix,ix
s,s
r,r
z,z
s,s
ae,ay
k,t
ix,dx
q,q
s,s
ay,ay
m,n
ae,ae
aa,ao
sh,sh
ih,ix
ay,ix
ih,ix
iy,ux
ix,ix
ix,ix
dcl,n
el,bcl
ih,ih
y,iy
iy,ux
ae,ae
ah,el
ch,ch
m,m
z,s
pcl,tcl
bcl,pcl
sh,s
eh,ae
dcl,dcl
nx,dx
y,iy
dx,dx
w,w
ix,ix
hv,ix
tcl,pcl
tcl,tcl
iy,iy
v,v
el,ax
pcl,pcl
ax,ax
p,tcl
r,r
r,r
ow,ow
iy,iy
f,f
w,w
ay,ay
n,dx
m,n
t,d
g,p
kcl,tcl
s,s
s,s
q,q
t,d
s,s
w,w
z,z
iy,iy
z,t
pcl,tcl
p,p
y,n
er,ux
n,n
ix,ix
dx,p
t,t
ix,ix
axr,axr
f,f
r,r
pcl,tcl
t,t
dx,ix
iy,ix
r,r
t,t
dcl,dcl
p,p
uh,ix
w,q
ao,ao
ix,ix
kcl,pcl
r,r
jh,jh
pcl,pcl
aa,aa
ax,ax
l,ix
r,ix
tcl,kcl
l,w
r,dx
v,ax
n,n
r,r
l,aa
q,q
ay,ay
n,n
r,r
f,f
aa,eh
tcl,pcl
q,q
aa,oy
t,t
aw,ae
dh,v
iy,iy
l,l
aa,l
iy,iy
ow,ow
eh,ih
n,ix
l,n
q,q
axr,axr
n,n
ax,ax
s,s
eh,ix
aa,ay
k,t
hh,hh
gcl,bcl
tcl,pcl
q,q
r,r
kcl,kcl
l,l
n,n
ix,iy
ih,ux
r,r
y,iy
pcl,pcl
uh,l
tcl,dcl
r,r
z,s
s,s
ax,ix
v,dx
t,t
ah,eh
r,axr
ix,ix
k,k
gcl,kcl
f,t
q,ax
d,t
nx,n
ao,ow
tcl,tcl
hv,ix
r,r
tcl,tcl
kcl,kcl
k,k
ih,ix
ae,ae
s,s
ay,ae
kcl,kcl
tcl,tcl
tcl,pcl
ax,ax
ey,ey
r,r
s,s
s,s
iy,iy
q,q
tcl,tcl
z,z
ix,ix
w,w
m,m
s,z
sh,sh
s,s
n,n
hv,hv
l,m
ao,ao
f,f
v,v
hh,k
ix,ix
ah,ae
ih,ix
tcl,kcl
aa,l
iy,iy
kcl,kcl
k,g
iy,ix
axr,axr
ih,ih
en,ix
hh,z
sh,sh
n,m
w,w
el,ax
aw,aw
m,n
s,s
ix,iy
ih,ux
s,s
gcl,g
uh,ih
n,n
el,el
ae,ih
dcl,dcl
bcl,bcl
r,dx
f,f
ey,ay
ih,ow
eh,ih
n,n
ih,ih
ay,ae
dcl,dcl
n,n
n,ix
dx,dx
hh,p
ow,l
dx,dx
aa,ao
m,n
y,n
aw,ae
iy,ix
nx,n
l,l
el,l
ax,dx
dh,dcl
v,v
m,m
dx,tcl
tcl,tcl
jh,jh
kcl,kcl
k,k
kcl,kcl
uh,ah
kcl,kcl
f,s
jh,jh
l,l
bcl,tcl
ae,ae
ao,ao
s,s
eh,eh
w,l
k,k
l,l
axr,er
axr,ix
ix,iy
ng,ix
iy,iy
pcl,tcl
ae,ix
ix,ix
s,s
iy,iy
dx,p
s,z
ix,iy
eh,ae
eh,eh
iy,iy
pcl,pcl
t,t
iy,iy
s,s
bcl,gcl
y,y
ix,dx
ae,ae
iy,iy
t,t
ax,ao
sh,sh
ng,ng
iy,ix
ae,ae
eh,eh
ih,ix
eh,ey
ix,ix
p,p
r,r
hv,k
ih,ih
th,z
ay,ay
th,s
w,w
ae,ae
kcl,kcl
w,w
ah,ax
n,n
er,er
uw,ix
zh,jh
r,r
l,el
n,n
d,t
dx,dx
el,el
tcl,bcl
l,ux
ax,ao
ih,ow
sh,sh
aa,ao
eh,axr
ow,ow
dh,dh
m,m
m,bcl
dcl,bcl
m,n
ih,ix
er,axr
ix,ix
gcl,dcl
ey,iy
uw,ux
t,q
pcl,pcl
s,s
eh,ow
q,q
ux,ux
l,l
g,k
ix,ix
ix,ix
ix,ix
w,w
n,n
er,r
axr,r
hv,hv
ax,ax
gcl,tcl
s,s
z,z
ih,ng
sh,s
f,f
g,p
iy,iy
k,t
dh,dh
l,l
t,t
r,r
iy,iy
s,s
iy,iy
n,dx
ow,ow
ih,iy
y,iy
ih,ix
r,axr
t,t
m,en
w,w
ih,ey
hh,hh
k,k
ao,l
iy,iy
ay,ey
s,s
n,n
uw,ow
ih,ih
s,s
m,n
z,z
iy,iy
dh,v
ix,ix
ux,ux
l,ax
v,v
en,ax
kcl,kcl
ah,l
z,z
m,n
ih,ih
ao,ao
iy,iy
kcl,tcl
f,f
n,n
z,s
n,n
pcl,pcl
dh,dh
ao,w
n,n
dh,f
ey,ih
s,s
ch,sh
s,s
ow,l
p,p
ao,ao
l,ax
iy,iy
gcl,dcl
kcl,tcl
s,s
aa,aa
eh,ey
s,s
eh,ax
ah,eh
iy,iy
w,w
jh,jh
iy,iy
ix,ix
eh,ih
ay,ay
hv,dx
eh,ae
nx,dx
w,w
n,bcl
z,z
p,t
nx,n
l,w
ix,ix
ow,ow
dh,dx
kcl,pcl
ax,ax
er,er
w,w
t,jh
s,s
q,q
axr,axr
ux,iy
hv,p
ow,ow
sh,sh
dh,dh
ax,ax
jh,jh
ao,ao
el,ao
ao,ao
ao,ow
s,s
k,k
k,k
ih,iy
g,k
dcl,bcl
s,s
r,r
ax,ih
ch,k
r,r
tcl,tcl
w,w
kcl,kcl
s,s
tcl,q
tcl,kcl
w,w
t,t
l,w
tcl,pcl
tcl,kcl
d,d
t,t
tcl,dcl
t,ch
iy,ix
iy,iy
ae,ae
ix,ix
ix,ix
t,sh
en,tcl
iy,iy
hv,iy
r,r
ae,ae
en,n
gcl,dcl
er,er
q,ix
axr,r
y,iy
tcl,tcl
ix,l
ih,ih
k,k
s,s
sh,sh
l,l
kcl,tcl
dh,dcl
ch,t
kcl,kcl
y,y
aa,eh
zh,sh
ih,ih
ao,el
r,r
ey,ey
q,q
v,pcl
n,n
bcl,bcl
q,q
l,l
hh,dx
l,l
ow,ow
sh,sh
v,v
ay,ay
ey,ih
tcl,tcl
ey,ey
k,k
iy,iy
k,k
f,f
tcl,tcl
p,dh
aa,ao
ng,ng
kcl,kcl
axr,ix
s,s
sh,sh
n,n
w,w
ah,ao
s,s
k,k
m,m
iy,iy
axr,r
w,w
l,ax
ah,eh
l,l
kcl,tcl
z,s
dcl,pcl
q,q
ae,q
iy,ix
ih,ax
hv,hv
ix,dh
hv,hv
ix,ix
hh,hh
w,w
ix,ix
gcl,dcl
aa,aa
l,w
ao,l
f,f
r,r
ix,ax
r,r
ao,ao
v,p
f,f
ch,jh
w,w
f,f
s,s
kcl,kcl
ax,ix
kcl,kcl
t,t
uw,uw
s,s
s,s
r,r
b,tcl
axr,eh
z,z
aa,aa
n,ux
kcl,kcl
n,n
z,z
iy,iy
eh,eh
hv,hh
ey,ey
s,s
sh,sh
s,sh
n,n
pcl,pcl
d,t
ow,l
ih,eh
m,n
dx,ix
l,l
ao,ao
ow,ow
s,s
ow,ao
kcl,kcl
jh,jh
aa,ao
l,l
th,s
ih,ix
n,dcl
iy,iy
ih,ey
dh,v
l,ix
sh,sh
t,p
w,w
ae,ay
iy,ux
n,n
w,w
tcl,kcl
zh,s
l,l
bcl,bcl
aa,aa
f,f
ax,ix
ch,jh
ch,sh
q,q
z,z
s,s
w,l
iy,iy
ay,ay
gcl,dcl
ih,iy
ah,ah
eh,oy
b,k
k,k
kcl,kcl
ix,ix
iy,iy
y,iy
axr,axr
tcl,tcl
iy,iy
r,r
gcl,tcl
hv,p
k,k
y,iy
dh,p
eh,r
kcl,tcl
axr,axr
gcl,ix
k,k
ih,ih
kcl,kcl
iy,iy
el,el
n,n
axr,axr
ix,ey
ao,aa
ax,l
ay,ay
eh,eh
ah,ae
r,r
ae,ae
r,er
r,r
er,er
m,m
p,p
l,w
iy,iy
dcl,bcl
ix,ix
tcl,kcl
kcl,dcl
ao,ax
r,r
q,q
w,w
s,s
s,s
eh,ah
r,r
tcl,pcl
axr,v
tcl,n
v,n
ix,ix
ae,ae
ih,ix
s,s
r,r
f,f
dx,dx
f,f
q,q
er,axr
ih,ow
s,s
ih,ih
iy,ix
ih,ih
gcl,m
m,n
w,w
s,z
n,n
iy,iy
axr,r
dx,dx
r,axr
ah,ae
eh,ah
s,s
m,n
ih,q
k,k
eh,eh
dh,dh
q,q
dcl,kcl
dh,dh
l,l
v,v
hh,t
t,p
f,f
t,jh
m,bcl
ng,ng
ix,ix
tcl,pcl
g,t
k,k
l,l
q,q
iy,iy
ah,ah
n,n
ix,ix
p,t
w,w
ix,ih
kcl,kcl
l,l
ow,el
ux,ux
g,k
n,m
kcl,tcl
l,q
ux,ix
l,l
r,m
pcl,pcl
iy,iy
k,tcl
tcl,tcl
t,t
ih,eh
oy,oy
aa,ow
z,z
l,l
n,n
g,p
m,n
ae,ae
s,f
hv,hv
w,w
r,r
el,ow
axr,r
eh,eh
y,y
tcl,q
m,m
axr,axr
pcl,tcl
ao,ao
aa,aa
bcl,bcl
k,t
ux,ux
m,n
r,r
k,k
dcl,tcl
kcl,kcl
m,m
g,p
aa,aa
dx,bcl
w,w
iy,iy
p,p
f,f
aa,er
oy,oy
dx,dx
v,v
ao,ao
ow,ow
l,l
sh,s
t,t
bcl,pcl
f,f
eng,en
l,ao
iy,iy
m,m
tcl,pcl
uh,ix
f,f
ah,ow
nx,n
l,w
pcl,dcl
q,q
kcl,kcl
pcl,pcl
v,dh
t,t
er,ao
tcl,tcl
bcl,dcl
v,dh
k,k
tcl,tcl
dcl,kcl
iy,iy
aa,aa
v,n
l,l
eh,eh
l,ax
ax,dh
aa,aa
ae,ae
ux,ux
tcl,tcl
ng,n
n,n
dcl,dcl
k,t
hv,y
sh,sh
ix,ix
q,ix
ah,ao
er,el
kcl,kcl
ax,l
er,er
s,s
v,v
r,r
q,q
q,q
ow,l
k,t
l,l
ix,ix
ih,ix
m,n
ch,ch
dcl,tcl
pcl,pcl
iy,ey
q,q
ch,ch
ey,iy
sh,sh
ae,ae
t,t
r,r
kcl,tcl
iy,ux
n,n
f,f
jh,jh
t,t
eh,eh
hh,hv
el,l
n,l
tcl,dx
kcl,pcl
k,k
w,w
ih,ix
ow,ow
gcl,dcl
z,t
w,w
l,w
gcl,kcl
r,r
g,g
tcl,n
n,n
tcl,tcl
hv,hh
iy,iy
sh,sh
q,dcl
ae,ae
n,n
iy,y
ux,ih
kcl,pcl
n,n
ow,ow
el,el
ix,ix
n,n
q,q
k,k
s,s
l,l
n,m
s,s
ae,ae
dcl,tcl
w,w
s,s
s,s
axr,er
bcl,bcl
ix,ix
tcl,dcl
b,p
dcl,bcl
ae,ae
f,f
r,q
r,r
ax,ax
iy,iy
dh,dcl
oy,oy
ix,ix
nx,dx
sh,sh
pcl,pcl
th,t
w,w
gcl,q
r,r
n,n
s,s
k,kcl
tcl,tcl
ao,ao
bcl,bcl
ih,ix
q,kcl
iy,iy
er,er
l,ax
tcl,kcl
kcl,tcl
n,n
ey,ey
l,l
q,tcl
pcl,pcl
gcl,dcl
l,l
tcl,kcl
s,s
pcl,pcl
ow,ax
n,n
dx,n
el,el
tcl,tcl
oy,ay
g,g
k,k
axr,er
pcl,pcl
ae,ae
r,r
ey,ey
bcl,bcl
dcl,v
ae,ae
ih,ih
iy,q
kcl,gcl
n,n
k,g
dh,n
sh,sh
s,s
ng,n
aw,ah
ae,ae
r,q
r,r
ih,iy
iy,iy
k,k
r,r
ix,n
n,n
ae,ae
aa,aa
el,el
l,l
m,uw
w,w
n,ix
ae,ae
th,z
iy,iy
m,m
eh,eh
r,r
kcl,kcl
s,s
s,s
dh,n
k,k
r,r
s,s
eh,ih
z,s
axr,axr
ay,ay
tcl,tcl
ah,ix
sh,sh
r,r
k,k
s,s
f,f
aa,aa
dcl,tcl
f,v
ae,ay
k,dh
r,r
eh,r
eh,ih
d,t
z,z
t,k
ae,ae
ao,oy
ix,ix
q,dh
ah,eh
ch,ch
ax,bcl
k,t
tcl,tcl
n,n
iy,iy
ih,iy
t,t
ae,ae
uh,ih
eh,ey
ay,ay
ix,ih
w,w
ow,ow
ix,iy
iy,iy
z,z
l,ao
n,n
tcl,tcl
ey,ey
sh,z
dcl,tcl
l,l
tcl,tcl
r,r
ux,iy
r,r
k,k
aa,ao
ow,ow
gcl,kcl
s,s
dh,f
ux,ix
tcl,tcl
s,s
z,t
iy,iy
y,y
ao,ao
w,w
iy,iy
n,n
ow,ow
el,ow
aw,ay
t,t
tcl,tcl
l,l
n,ix
en,n
axr,er
s,s
s,s
k,kcl
f,p
f,f
r,r
kcl,tcl
ow,ih
iy,iy
ih,l
dh,th
kcl,kcl
nx,n
q,k
ae,ix
m,m
l,l
t,t
pcl,bcl
l,l
hh,hv
q,q
l,l
ax,ix
dcl,dcl
dcl,dcl
pcl,kcl
w,v
ah,ah
ow,ow
ix,ix
r,r
ey,ix
w,w
hh,tcl
tcl,dcl
uw,ux
v,v
th,tcl
t,t
ao,r
hh,t
w,w
iy,iy
t,t
s,s
ax,ax
n,n
eh,eh
dcl,pcl
kcl,dcl
r,r
d,k
gcl,bcl
r,r
t,t
sh,sh
er,r
em,v
n,n
s,s
axr,axr
pcl,tcl
s,s
g,p
tcl,tcl
q,p
v,v
kcl,kcl
k,k
kcl,tcl
axr,axr
ih,ax
r,r
jh,ch
eh,ae
aa,aa
k,k
y,iy
l,ix
t,t
b,p
ux,ux
v,v
t,t
k,k
aa,aa
r,r
r,r
ih,ih
dcl,dcl
iy,ix
ao,ao
ax,eh
eh,r
eh,ae
ix,iy
r,r
k,g
iy,ih
er,er
ae,ae
er,axr
l,l
k,kcl
s,s
ih,iy
el,ao
ao,r
dcl,dcl
f,f
n,n
gcl,pcl
p,p
aa,aa
er,er
ax,ix
ng,n
uh,ux
w,w
v,v
hv,hv
s,s
kcl,tcl
v,v
z,f
k,t
er,ih
ow,ow
axr,r
k,k
p,p
er,er
eh,ix
bcl,dcl
axr,r
b,q
iy,ix
s,s
th,th
iy,iy
ao,w
z,z
ah,r
dx,p
axr,axr
l,ax
axr,eh
ah,ah
f,f
hh,ix
ah,ah
l,ax
b,dh
bcl,tcl
ax,ix
kcl,t
ey,iy
eh,ae
ih,ix
er,iy
pcl,pcl
ix,ix
n,n
s,s
iy,iy
ch,t
iy,ux
kcl,pcl
ah,ao
y,iy
eh,eh
kcl,kcl
gcl,dcl
l,l
iy,ix
r,r
ao,ao
th,f
kcl,kcl
r,r
pcl,pcl
s,s
m,m
q,w
dcl,kcl
iy,iy
ao,ao
s,s
ix,ax
er,iy
n,n
r,r
tcl,kcl
s,s
ih,ax
ey,ey
ey,ey
iy,ey
iy,iy
pcl,tcl
q,q
r,r
s,s
q,ix
uw,ux
iy,iy
r,r
aw,aa
k,t
ix,ix
er,axr
s,z
eh,ix
ow,ow
kcl,kcl
m,n
l,l
aa,ah
gcl,gcl
ae,ae
hh,t
p,p
k,t
ae,ay
ay,ae
ih,ih
n,n
s,s
l,w
bcl,kcl
ay,ay
ix,ix
n,n
s,s
w,w
eh,ax
tcl,tcl
v,dh
ix,r
axr,axr
tcl,tcl
l,l
aa,r
el,el
n,n
dx,dh
ux,dh
m,m
axr,r
dh,f
hh,p
q,q
ix,ix
n,n
dcl,tcl
uh,el
er,er
dh,tcl
iy,iy
hh,hh
s,s
g,ix
n,bcl
ay,ay
eh,eh
m,n
t,t
iy,ix
s,s
tcl,tcl
er,ux
tcl,tcl
r,r
r,axr
er,uw
n,n
dcl,dcl
r,axr
tcl,p
ix,ux
l,l
tcl,tcl
eh,ih
iy,iy
gcl,tcl
en,n
s,s
y,y
ix,ix
ow,ow
th,q
dh,tcl
ih,ix
k,k
iy,iy
er,er
n,n
tcl,tcl
eh,eh
ey,ey
k,t
t,d
t,t
ax,ax
eh,r
er,er
m,n
r,r
ey,ey
ow,ao
g,v
v,pcl
z,s
sh,sh
ax,ix
ao,ao
q,q
z,z
n,n
iy,iy
l,l
n,n
dcl,gcl
n,n
dh,dh
bcl,pcl
dcl,gcl
dcl,tcl
l,l
f,f
er,er
iy,iy
axr,r
ix,m
t,z
d,d
nx,n
ow,ow
s,s
f,tcl
t,t
ae,ng
dx,dcl
v,f
ax,l
aa,ao
ax,ix
s,s
iy,ey
axr,axr
eh,eh
f,f
s,s
b,p
dx,dx
z,z
ix,ix
ey,iy
b,dh
v,y
m,m
r,r
s,s
r,ux
s,s
z,s
l,l
kcl,kcl
ey,ey
iy,iy
ix,ix
tcl,tcl
kcl,kcl
r,r
el,el
ae,eh
aa,aa
gcl,gcl
iy,iy
en,m
axr,axr
k,k
l,l
s,s
ix,ix
ch,ch
dx,tcl
ih,ey
k,k
n,m
iy,iy
ix,ix
aa,aa
ax,r
n,n
k,k
s,s
eh,ah
axr,ix
iy,iy
z,s
sh,sh
el,w
tcl,pcl
ih,iy
k,k
s,s
n,n
tcl,tcl
ae,ae
em,m
p,f
iy,ux
nx,dx
y,ix
f,f
iy,ey
w,w
f,f
f,f
m,m
ay,ah
hv,hv
dcl,bcl
aa,aa
dcl,dcl
k,g
z,z
l,ao
bcl,bcl
ao,ao
ay,n
ao,ao
t,t
ix,ix
m,n
gcl,tcl
g,g
tcl,pcl
n,n
z,s
eh,ae
ix,ix
iy,iy
dcl,tcl
bcl,bcl
sh,ch
hv,ix
ix,iy
f,f
m,l
r,r
ih,ix
r,r
dh,t
bcl,bcl
th,t
aa,aa
tcl,dcl
aa,aa
s,s
tcl,tcl
k,k
eh,eh
uw,ux
kcl,kcl
p,p
bcl,pcl
m,n
s,s
iy,iy
eh,eh
m,m
ax,ax
q,ow
ao,aa
aa,r
sh,sh
ih,iy
n,n
y,iy
ix,ix
er,axr
f,f
p,p
er,ih
n,n
b,q
r,r
y,iy
ae,ae
v,v
r,r
m,m
kcl,tcl
ix,d
dcl,tcl
tcl,tcl
ih,eh
k,p
q,q
t,jh
ay,ay
ao,ay
n,n
axr,er
tcl,tcl
v,v
hv,hv
w,w
n,dx
ao,ao
ix,ix
ax,ix
r,r
l,l
z,s
k,k
sh,sh
ix,ix
tcl,kcl
ae,ae
gcl,pcl
n,n
g,p
tcl,dcl
aw,aa
ae,eh
iy,iy
axr,er
eh,eh
nx,n
gcl,dcl
ih,iy
tcl,tcl
l,v
s,s
eh,ih
oy,oy
ae,ay
l,w
w,w
dcl,dcl
eh,eh
ae,ae
n,n
ch,ch
ix,ix
l,l
tcl,gcl
aa,aa
z,z
ae,ae
m,m
kcl,pcl
ix,r
l,ax
ix,ix
th,th
sh,s
ay,ay
dcl,dcl
p,p
f,f
n,n
iy,iy
s,s
aa,ae
er,er
l,w
kcl,kcl
en,m
ow,el
r,ax
ao,ao
l,q
eng,m
ax,aa
n,n
w,w
ix,ix
sh,sh
eh,er
pcl,pcl
eh,r
z,f
w,w
eh,r
sh,sh
ih,ih
ix,ih
p,p
bcl,pcl
r,r
bcl,tcl
p,t
m,n
er,r
iy,iy
ey,ey
gcl,dcl
dh,tcl
n,n
iy,iy
n,n
z,s
pcl,kcl
t,t
w,w
tcl,tcl
n,dcl
kcl,kcl
y,n
y,y
kcl,pcl
r,r
tcl,tcl
k,k
ow,ow
kcl,p
uw,ux
ao,ao
y,iy
n,n
ax,ax
r,r
s,s
eh,ae
m,n
l,l
ih,iy
axr,axr
s,s
ax,ax
s,s
aa,aa
ax,ix
g,p
ix,ix
iy,iy
kcl,kcl
t,t
ix,ix
l,l
ax,ax
z,z
ng,el
th,f
ae,ae
ow,ow
gcl,pcl
ih,y
m,m
hv,hv
tcl,kcl
tcl,tcl
ux,ih
n,ix
ao,ao
ng,v
iy,iy
kcl,kcl
tcl,dcl
iy,iy
bcl,pcl
gcl,tcl
r,r
kcl,dcl
ih,ih
f,f
jh,d
ix,ix
ay,ay
kcl,pcl
ix,ix
iy,iy
ae,ae
pcl,pcl
ey,ey
hv,hv
axr,q
tcl,pcl
r,r
ay,ae
ey,ey
n,n
ux,er
dcl,dx
tcl,tcl
ih,uh
l,l
hh,hh
p,p
aa,aa
dx,dx
k,p
l,ow
ng,ng
tcl,kcl
k,k
k,p
zh,sh
sh,sh
tcl,pcl
ix,ix
r,axr
t,dh
w,w
ah,eh
dx,n
t,k
w,w
ih,iy
sh,sh
t,t
w,w
s,s
s,t
iy,iy
n,n
tcl,tcl
r,r
tcl,tcl
kcl,kcl
p,k
tcl,tcl
ax,r
ix,iy
q,q
ey,iy
z,z
axr,r
ow,ow
ix,ix
r,r
k,t
iy,iy
pcl,p
uw,ux
iy,iy
ow,ow
y,y
w,w
w,w
m,m
aa,ao
v,v
ay,ay
ux,iy
er,er
dcl,dcl
ey,ae
m,ix
s,s
ix,eh
axr,ix
dcl,bcl
b,p
ix,ix
gcl,gcl
n,ix
ng,n
nx,n
ow,ow
m,n
k,k
z,z
f,f
eh,eh
iy,iy
ix,ih
v,tcl
iy,ih
k,t
kcl,tcl
r,r
ae,ae
er,axr
ih,iy
ao,ao
dh,v
ow,aa
sh,sh
dx,dx
n,n
aa,eh
y,y
ix,ix
s,s
tcl,pcl
gcl,tcl
m,n
l,w
r,r
axr,axr
iy,iy
iy,iy
ih,ih
s,z
ae,ae
gcl,v
dcl,dcl
uh,ix
r,r
pcl,pcl
k,k
p,k
iy,iy
z,sh
iy,ix
ix,ix
f,f
ao,ao
bcl,bcl
eh,eh
iy,ix
k,k
w,m
oy,oy
ih,ih
v,dcl
n,m
gcl,tcl
ax,ix
kcl,tcl
m,bcl
dcl,dcl
r,r
hh,hh
dh,d
q,q
ih,ix
ih,ih
ay,ay
ao,r
tcl,tcl
z,z
ih,ix
oy,oy
r,r
aa,aa
l,ao
ih,ih
n,n
er,er
iy,ih
er,axr
pcl,pcl
el,el
r,r
ah,q
m,m
sh,sh
oy,ay
ax,ax
z,z
ix,iy
v,tcl
w,w
n,n
l,ax
s,s
iy,ix
gcl,bcl
em,v
ah,ax
s,s
l,ax
l,l
iy,ey
z,s
ih,ax
m,m
s,s
ae,ae
sh,s
p,p
d,t
ch,jh
ah,eh
ix,n
g,p
aa,ao
uw,uw
eh,eh
tcl,pcl
ao,ao
ch,ch
el,ao
q,q
oy,oy
l,l
bcl,ax
ah,w
ih,ix
pcl,pcl
ix,ix
s,s
tcl,tcl
m,ax
ax,ih
pcl,tcl
bcl,bcl
ix,ix
l,w
q,q
em,n
bcl,bcl
r,axr
ay,aa
m,en
r,r
m,m
y,iy
ax,ax
dx,d
kcl,kcl
l,w
k,k
n,n
ax,ax
s,z
aa,aa
z,z
ax,ax
dh,dh
n,n
iy,iy
ax,ax
r,ax
ae,ih
ah,ah
iy,iy
ix,iy
ux,ux
kcl,tcl
eh,r
ux,ix
dcl,dcl
l,l
t,t
q,q
tcl,kcl
er,axr
axr,axr
l,w
ix,ix
ae,ae
eh,ae
r,r
iy,iy
r,r
s,s
l,l
w,l
ao,ao
q,q
eh,eh
z,s
z,z
z,z
ah,ao
ix,ax
th,t
eh,ae
dh,dh
l,m
n,m
ae,ae
ix,ix
er,axr
ax,ix
v,dx
t,t
s,s
ih,ix
f,f
ao,ao
q,p
l,l
hv,hv
q,q
aa,aa
w,w
ey,ey
g,p
n,n
axr,axr
l,q
sh,sh
ow,ax
m,m
l,l
tcl,tcl
ax,ax
dh,dh
v,v
v,v
kcl,kcl
iy,ih
n,n
d,d
ih,ah
r,r
v,f
dcl,gcl
ch,jh
eh,ey
dcl,dcl
dcl,n
ow,ah
ao,ow
k,t
tcl,pcl
ay,ay
iy,iy
n,n
ow,ow
r,r
b,pcl
s,s
dh,dh
dcl,dcl
ay,aa
g,p
eh,ah
ax,eh
l,ax
hh,hh
uw,ux
ix,ix
ix,iy
bcl,dcl
tcl,kcl
iy,iy
bcl,bcl
f,f
r,r
l,l
l,ix
q,q
r,l
gcl,dcl
ih,l
kcl,tcl
ao,ao
ax,ax
dh,l
r,axr
r,r
ao,ao
r,r
ow,ao
l,w
tcl,tcl
f,f
ax,ax
t,sh
bcl,dcl
ah,ao
iy,iy
z,z
axr,axr
n,n
pcl,pcl
r,r
ae,eh
kcl,tcl
ih,ih
dcl,dcl
p,p
ch,sh
w,w
iy,y
dh,v
m,n
ih,ih
ix,iy
ux,ux
ow,ow
tcl,pcl
f,z
t,t
dx,jh
ih,iy
pcl,pcl
s,sh
z,tcl
eh,ix
dcl,dcl
dcl,dcl
y,iy
tcl,kcl
v,v
th,s
ao,l
z,z
ax,q
n,g
r,oy
s,s
kcl,dcl
ey,iy
hv,iy
ih,ih
w,w
dcl,dcl
aw,ow
l,q
l,ax
ux,ix
ao,aa
ao,ow
eh,ae
kcl,pcl
ix,ix
ix,ih
iy,y
r,ey
en,n
sh,sh
f,f
ih,r
ix,ix
eh,ih
dcl,dcl
ih,iy
er,axr
t,sh
z,s
z,z
l,l
ao,ah
s,s
v,dx
ow,ow
dh,z
ih,iy
t,t
ux,ux
iy,iy
ah,eh
ae,ae
n,n
aa,ao
iy,iy
dx,p
ax,ix
tcl,tcl
q,q
z,s
ix,ix
ax,ix
tcl,dcl
kcl,dcl
l,w
iy,iy
d,b
ay,ey
aa,aa
sh,sh
bcl,n
v,v
w,w
k,k
oy,oy
ey,ey
ix,n
l,l
sh,sh
ix,ix
eh,ah
r,r
r,r
v,v
s,s
sh,sh
ay,ae
ah,q
eh,eh
s,s
l,l
ow,ao
kcl,tcl
f,f
r,gcl
v,f
iy,r
axr,r
th,th
q,iy
q,q
ix,iy
pcl,pcl
ey,ey
kcl,pcl
kcl,pcl
n,n
ey,ey
r,r
aa,ao
jh,jh
ey,ey
r,axr
ax,ax
t,t
kcl,kcl
l,l
ix,iy
d,q
ao,ao
pcl,pcl
sh,sh
kcl,kcl
aw,oy
n,n
q,q
dcl,gcl
ax,ax
ah,ax
tcl,tcl
z,z
tcl,pcl
dcl,kcl
r,r
kcl,pcl
q,kcl
l,w
ng,m
kcl,kcl
ao,ao
f,f
ix,ix
iy,iy
ix,ix
g,g
aa,ay
m,m
d,d
v,v
aa,ao
w,w
r,r
kcl,kcl
n,n
tcl,tcl
tcl,pcl
jh,sh
axr,r
n,dcl
pcl,pcl
uh,ow
iy,iy
axr,r
axr,r
dx,dx
z,z
gcl,bcl
dcl,bcl
ey,eh
gcl,gcl
v,f
ah,ah
m,n
tcl,kcl
ow,ow
iy,iy
ey,ey
dx,t
ah,eh
dcl,dx
ae,ae
ax,ix
r,r
ih,ih
s,z
q,q
dcl,dcl
s,sh
z,z
kcl,pcl
aa,ao
ax,ax
dcl,dcl
q,dh
el,el
axr,axr
ao,r
n,n
q,kcl
l,l
aa,ah
axr,ao
ix,ix
dh,p
iy,iy
d,d
k,k
er,er
ao,oy
aa,ao
n,n
eh,ix
tcl,tcl
n,ix
b,p
k,sh
aw,aa
n,m
axr,er
dcl,dcl
kcl,tcl
ah,oy
iy,iy
ao,ao
dx,dx
t,k
tcl,tcl
tcl,dcl
ax,n
v,v
n,n
iy,iy
iy,iy
iy,iy
b,p
m,n
tcl,tcl
s,s
dcl,kcl
dh,ix
eh,l
p,p
ae,ae
axr,ux
r,axr
aa,ao
s,s
gcl,dcl
uh,el
zh,jh
tcl,kcl
ax,ax
f,f
ix,ix
dcl,bcl
ih,ix
s,s
t,t
iy,iy
th,dh
ch,ch
ux,ux
w,w
v,f
ix,ix
ix,ix
eh,eh
ow,ow
tcl,pcl
n,ix
f,f
ow,ao
n,n
eh,ax
sh,sh
t,t
sh,s
s,s
ey,iy
r,r
dh,dh
ow,ow
k,k
bcl,bcl
s,z
eh,ix
nx,n
dx,dx
r,r
ey,ix
ix,ih
t,t
ae,ae
s,z
hh,hh
ow,ow
n,n
s,s
dcl,dcl
bcl,n
ix,ix
iy,iy
w,w
m,m
iy,iy
p,p
eh,ah
ix,dh
r,r
m,n
kcl,kcl
ay,ay
ix,ax
ih,ix
t,t
g,k
t,t
l,ah
iy,iy
ae,ey
n,dx
kcl,kcl
ao,ow
f,f
tcl,tcl
n,n
ux,ux
el,w
ao,ao
ay,ey
s,jh
dcl,bcl
ax,ax
s,s
eh,eh
dcl,n
gcl,dcl
pcl,tcl
n,m
dcl,dcl
ux,ux
z,z
el,w
t,jh
q,hv
ux,ux
tcl,kcl
ix,ix
n,n
iy,iy
kcl,tcl
n,n
iy,iy
pcl,pcl
ao,aa
axr,r
aa,ae
iy,iy
k,tcl
kcl,kcl
m,m
q,q
aw,ae
v,v
s,s
r,r
ah,ow
z,z
dcl,dcl
uh,ao
ae,ae
p,p
t,t
k,k
aa,aa
ix,ix
ix,ix
w,w
eh,eh
m,m
l,l
axr,axr
m,m
ux,ix
ax,ow
dx,dx
n,n
er,r
bcl,bcl
axr,axr
iy,iy
l,w
f,f
bcl,dcl
r,r
tcl,pcl
iy,iy
iy,iy
n,n
th,tcl
iy,iy
eh,eh
t,t
el,el
iy,iy
dcl,dcl
v,v
iy,iy
l,r
hv,eh
aa,aa
eh,ae
w,w
en,m
ih,ux
eh,ih
k,k
ow,el
nx,n
el,ow
ae,aa
ae,ae
ih,ax
y,ih
dh,v
l,l
ay,ae
gcl,gcl
k,k
r,axr
ao,ao
s,s
m,m
tcl,tcl
z,z
g,dx
s,s
t,t
z,z
m,n
l,l
w,w
r,axr
aa,aa
ih,iy
s,s
m,n
n,ix
k,k
iy,ey
ix,ix
eh,ey
z,z
dcl,tcl
ih,ih
f,f
l,n
k,k
n,dcl
eh,eh
dcl,dx
ax,ix
iy,iy
ch,s
k,k
r,r
tcl,tcl
r,iy
ih,ah
s,s
ax,ih
oy,oy
w,w
ix,ax
r,r
r,r
kcl,kcl
dcl,dcl
s,s
s,s
dcl,dcl
dcl,dcl
q,q
eh,ey
dh,bcl
g,tcl
g,g
ao,w
hv,hv
ix,ax
v,ax
v,v
ax,r
ey,ey
s,s
pcl,pcl
hh,p
pcl,kcl
bcl,bcl
ao,ao
kcl,kcl
bcl,bcl
sh,sh
s,s
ax,v
aa,aa
iy,iy
y,iy
tcl,kcl
r,r
ae,ae
ow,ow
s,s
r,r
tcl,tcl
dcl,dcl
s,s
axr,ax
ow,l
t,t
v,v
m,n
v,v
ae,ae
ix,ix
ae,aa
ih,ih
eh,eh
r,r
y,y
p,t
k,k
iy,iy
g,k
w,w
f,f
t,t
s,s
r,r
ae,ae
n,n
t,t
ax-h,z
gcl,n
ao,aa
ax,ax
pcl,pcl
ao,ao
s,s
l,l
t,t
v,pcl
g,k
n,n
gcl,dcl
ax,ax
ix,ix
er,axr
ix,ix
ix,ax
r,r
tcl,tcl
s,z
dcl,dcl
s,s
s,sh
ch,ch
f,f
ae,ae
s,s
k,hh
l,l
r,r
ix,ix
q,q
ix,iy
dx,ix
f,f
ow,ow
pcl,pcl
ix,ix
iy,iy
hv,hh
aa,aa
ix,ix
aa,ae
m,m
aw,ao
uw,iy
kcl,gcl
m,y
ix,ix
kcl,tcl
iy,iy
gcl,dx
kcl,kcl
w,w
iy,ix
iy,iy
t,t
kcl,gcl
t,t
eh,eh
ix,ix
ch,s
dcl,dcl
ix,dx
f,f
s,s
eh,ey
r,r
dx,p
pcl,pcl
m,n
ow,l
z,z
iy,iy
sh,sh
ax,ix
r,r
axr,r
z,z
n,n
ah,ux
uw,ow
s,s
ix,ix
l,l
d,d
r,r
sh,sh
l,l
ow,ih
ax,ix
q,r
tcl,tcl
d,v
kcl,kcl
m,n
ow,uw
r,ix
q,q
iy,iy
q,ax
z,z
s,s
m,m
ix,axr
s,s
ih,ih
p,k
k,k
ch,ch
k,k
eh,eh
eh,ih
l,l
iy,eh
s,s
axr,ix
k,tcl
ay,ay
eh,ae
l,l
bcl,bcl
ax,ah
iy,ey
ow,ow
ih,ih
axr,ix
dh,f
axr,ih
k,k
s,s
dcl,kcl
tcl,kcl
hh,z
ay,ay
ih,ix
ix,iy
eh,ow
ow,aa
aa,ae
hh,hv
ix,q
pcl,kcl
z,s
nx,n
n,n
aa,aa
w,w
n,n
sh,sh
n,n
ix,ix
gcl,dcl
ey,iy
v,v
iy,ix
aa,aa
kcl,tcl
er,er
gcl,dcl
bcl,dcl
axr,ux
ng,ng
ix,iy
s,s
gcl,dcl
iy,iy
m,n
m,w
g,p
ax,ix
l,l
sh,sh
p,t
k,k
d,tcl
ih,ih
k,t
t,k
ix,ix
iy,iy
iy,iy
ix,ix
ay,ae
ah,ah
er,er
ax,l
hh,hh
p,dh
eh,r
g,d
axr,r
ae,ae
t,t
kcl,kcl
en,n
ix,eh
z,s
n,n
r,r
q,ix
g,k
ow,ow
eh,eh
iy,iy
iy,ix
v,ix
k,k
tcl,tcl
g,g
m,bcl
ey,ey
ay,ay
ao,ao
l,l
ix,ix
dx,dx
y,iy
ng,n
eh,ae
iy,iy
er,er
s,s
s,s
k,p
n,n
hh,q
nx,n
n,n
sh,sh
m,n
r,r
aa,aa
m,m
s,s
iy,iy
ax,ax
k,k
uh,ow
axr,axr
d,tcl
iy,ix
ix,ih
ix,ix
axr,r
s,s
n,n
iy,iy
ih,ey
f,f
k,t
ih,ix
tcl,tcl
hh,hh
dcl,bcl
eh,eh
iy,ey
kcl,kcl
ax,ax
ae,ae
ao,ow
hh,hh
ax,ax
ax,ix
s,s
iy,iy
s,s
eh,eh
uh,uw
n,n
w,w
oy,oy
p,dh
q,q
r,r
t,d
ax-h,t
eh,eh
iy,iy
ih,iy
ah,ae
z,s
q,q
jh,jh
z,s
l,ax
q,q
t,t
ix,ax
s,s
l,w
n,n
r,r
ax,ax
iy,iy
ih,ih
l,l
r,iy
m,m
dh,l
axr,ix
m,n
f,f
er,er
z,z
s,s
s,s
n,n
k,p
eh,eh
k,tcl
y,y
bcl,bcl
q,ix
w,w
t,t
hv,hh
s,s
jh,jh
dcl,dcl
y,iy
s,s
bcl,pcl
ch,t
aa,aa
s,s
ax,ao
dh,dh
nx,nx
ax,q
l,ax
ae,ae
iy,iy
pcl,pcl
dx,iy
l,l
bcl,bcl
m,n
s,s
s,s
kcl,kcl
r,r
k,p
w,w
ey,ey
el,ow
t,t
aw,ae
el,l
ix,ix
r,r
ix,ih
kcl,tcl
ix,ix
z,z
iy,l
tcl,tcl
z,z
ah,ix
bcl,bcl
k,k
en,ix
tcl,tcl
tcl,tcl
iy,ih
kcl,tcl
ix,n
ey,ey
k,k
ae,ae
er,er
ix,ix
aa,ao
oy,ow
m,n
w,w
s,z
n,n
r,axr
axr,ux
iy,iy
pcl,pcl
dcl,dcl
bcl,pcl
ao,ao
pcl,pcl
y,ng
axr,axr
en,n
ax,ax
aa,aa
ae,ae
ae,ae
hv,n
y,iy
r,r
dx,dx
v,pcl
iy,ih
axr,r
pcl,tcl
ix,ix
dh,th
d,t
aa,r
ae,ae
l,l
iy,n
sh,sh
ey,ey
q,q
n,n
tcl,tcl
m,n
dh,p
n,n
z,s
k,k
l,l
ih,ix
pcl,tcl
iy,iy
bcl,bcl
r,r
iy,iy
el,el
ax,eh
l,ux
ey,ix
n,n
r,r
p,t
d,t
s,s
z,s
s,s
ih,axr
m,m
dcl,pcl
dcl,pcl
w,w
aw,aa
r,r
eh,ae
ao,ao
ae,ae
dcl,dcl
ae,ih
t,t
iy,iy
m,m
dx,tcl
w,w
p,p
kcl,kcl
aa,ao
n,n
eh,eh
t,k
ay,ah
ax-h,dh
dx,dx
g,p
kcl,kcl
pcl,pcl
kcl,kcl
k,t
ix,ax
jh,jh
ih,ey
s,s
dcl,dcl
k,q
ey,ih
gcl,gcl
ix,ix
m,m
sh,sh
k,t
l,l
t,t
f,f
t,p
n,n
ix,ih
eh,ix
ax,ix
er,ay
m,kcl
n,n
ae,ae
m,m
tcl,tcl
ay,ay
iy,iy
axr,er
tcl,t
jh,sh
s,sh
ey,ey
s,s
ix,en
tcl,tcl
k,t
p,k
ih,ix
iy,iy
ao,aa
ao,ao
ow,ax
en,en
el,l
ae,ae
q,q
aw,ah
iy,iy
sh,sh
ay,aa
t,t
ih,ih
s,z
n,n
ae,ae
ih,ih
ae,ay
eh,ih
l,m
ow,ao
q,q
m,n
ah,ah
l,l
g,g
ao,ao
ix,r
ih,ih
dx,dx
k,k
n,n
iy,iy
q,hv
dx,l
sh,sh
tcl,tcl
b,p
ix,ix
pcl,pcl
l,l
th,f
ix,bcl
ao,aa
kcl,tcl
el,ow
z,z
aw,ow
r,r
ih,ih
y,iy
s,s
eh,er
ix,ix
ix,ix
bcl,pcl
kcl,kcl
th,th
bcl,bcl
r,r
axr,axr
er,er
ih,iy
ih,ih
m,m
ao,ao
ng,n
t,t
aa,r
ng,ow
ae,eh
dcl,dcl
n,m
w,w
gcl,gcl
m,m
t,t
sh,sh
dh,t
iy,iy
ah,ah
ey,ey
t,t
p,dh
v,dcl
k,k
s,s
t,t
tcl,kcl
iy,ux
th,s
n,n
zh,jh
p,p
ux,ux
dh,v
nx,dx
z,z
l,bcl
k,k
eh,ah
aa,ay
g,g
iy,ih
w,w
eh,ih
ix,z
pcl,pcl
q,q
ow,ow
ay,ae
ng,n
l,ix
ey,ih
ae,ae
s,s
ix,n
t,d
tcl,pcl
kcl,pcl
nx,ix
m,n
n,n
ih,ix
n,n
sh,sh
er,er
t,k
v,v
ix,ix
eh,ae
tcl,kcl
ax,ix
ae,ae
z,s
axr,ao
dcl,pcl
ae,ae
ao,aa
n,n
sh,sh
el,w
v,v
v,v
iy,iy
n,n
m,m
z,s
r,r
s,s
aa,aa
iy,iy
iy,iy
y,d
n,n
s,s
s,z
l,w
ay,ae
iy,ix
ax-h,ix
k,g
dh,tcl
q,q
w,w
tcl,bcl
w,n
nx,n
v,axr
q,q
k,t
r,axr
n,n
bcl,bcl
s,s
ah,ah
n,gcl
tcl,tcl
ax,ax
m,n
eh,eh
ix,ix
bcl,bcl
ow,ow
ah,ah
s,s
s,s
m,m
q,q
n,m
p,p
s,s
r,dx
k,k
l,l
kcl,pcl
m,n
aw,ah
m,m
r,r
aw,ae
w,w
y,iy
sh,sh
iy,iy
ix,iy
l,w
d,tcl
iy,iy
iy,iy
ey,ey
m,m
tcl,kcl
n,ix
hh,hh
w,w
dh,t
oy,oy
n,n
kcl,tcl
s,s
ay,ae
tcl,pcl
oy,ay
m,n
f,p
el,ow
n,n
uh,ih
k,k
aw,ae
dcl,dcl
kcl,tcl
dx,d
z,z
axr,ux
sh,sh
t,tcl
ch,sh
r,er
ey,ey
ix,ix
ix,ix
kcl,kcl
ao,aa
bcl,bcl
p,p
dcl,pcl
ix,ix
ih,ih
zh,s
tcl,tcl
k,p
ae,eh
ah,eh
iy,iy
iy,ey
ng,n
th,tcl
dh,dh
ix,ix
p,p
ix,ix
ah,ow
t,sh
hh,p
ax,ax
uh,l
iy,iy
s,z
f,f
iy,iy
kcl,tcl
s,s
ey,ey
m,m
v,v
ao,l
y,iy
dx,ix
ih,iy
f,f
ah,ix
n,n
r,r
aa,aa
f,f
f,f
ix,eh
n,n
ux,ix
p,p
ax,ax
ao,ao
ah,ae
r,r
l,w
iy,iy
w,w
n,m
r,r
f,t
r,l
pcl,pcl
ih,axr
ay,ay
er,r
t,t
ix,ix
l,l
ow,uh
p,p
ux,er
ae,ae
tcl,tcl
tcl,pcl
p,hh
gcl,kcl
l,ax
ux,ih
tcl,dh
r,r
t,d
ah,ah
bcl,m
ae,ae
dcl,tcl
dx,dx
ih,ae
tcl,kcl
pcl,pcl
l,ix
aa,aa
th,f
t,t
n,n
ng,n
dcl,tcl
n,ng
ey,ey
sh,t
t,t
m,m
en,n
gcl,gcl
n,iy
kcl,kcl
ng,en
iy,y
pcl,pcl
iy,iy
r,r
axr,axr
n,n
ae,ae
ng,n
v,p
r,er
ng,ng
dx,dx
dcl,gcl
ao,ao
kcl,kcl
ih,eh
ih,eh
ae,ae
gcl,bcl
ah,eh
l,ix
kcl,kcl
hv,y
r,r
k,p
ix,ix
iy,ix
ey,ey
kcl,kcl
d,t
aa,aa
b,p
l,l
w,w
ix,y
hv,hv
ey,ey
m,m
ae,r
aa,ae
s,s
tcl,pcl
sh,sh
ix,ix
t,t
ih,ix
ix,ix
hh,hh
kcl,kcl
s,s
dx,dcl
z,z
ux,iy
kcl,tcl
r,r
d,t
l,ax
ah,aa
axr,axr
iy,iy
tcl,tcl
ng,n
s,s
w,r
p,p
ey,iy
ay,ay
ao,ow
tcl,pcl
ux,ih
l,w
iy,iy
s,s
ih,ah
dx,dx
er,axr
n,n
m,bcl
kcl,kcl
ih,ih
y,ix
s,s
iy,ix
z,z
sh,sh
ng,n
pcl,pcl
w,w
pcl,kcl
ae,ae
kcl,kcl
ix,ix
gcl,dcl
bcl,bcl
ey,ix
dcl,bcl
el,el
kcl,kcl
aw,ae
gcl,gcl
l,el
l,ax
sh,sh
bcl,dcl
ow,el
m,n
ay,aa
ax,ax
ao,ao
ah,ao
l,ao
ah,ay
eh,ae
ix,ix
m,m
iy,iy
l,l
iy,iy
z,z
ae,ae
k,k
aa,ao
jh,jh
l,l
ih,iy
ih,ix
hv,dx
tcl,tcl
w,w
l,q
n,ax
th,f
z,z
ax,ax
l,dh
f,f
eh,ey
gcl,dcl
kcl,kcl
s,s
l,l
ey,ey
aa,aa
s,s
ix,ix
gcl,dcl
iy,iy
l,ah
ix,ix
hv,hv
g,dh
n,n
bcl,bcl
ao,ao
w,w
ix,ix
p,p
l,l
m,n
ax-h,q
q,q
pcl,pcl
dcl,tcl
k,t
n,tcl
ae,r
k,k
ey,ey
n,n
gcl,dcl
dh,t
s,s
dh,dh
ix,ix
n,dcl
s,sh
s,s
kcl,gcl
w,w
g,g
tcl,tcl
p,p
m,bcl
iy,iy
l,l
ix,ix
ey,er
el,ow
hv,hv
bcl,dcl
ih,ih
ao,aa
tcl,tcl
dcl,dcl
t,t
tcl,kcl
eh,ah
pcl,tcl
kcl,kcl
s,s
tcl,pcl
k,k
ay,ay
ey,ey
n,n
m,m
s,t
ah,ah
aa,ow
ih,ix
dcl,tcl
tcl,pcl
l,l
ix,ix
gcl,gcl
iy,ux
t,t
pcl,v
eh,eh
ih,uh
hv,hv
axr,v
n,n
n,m
s,s
dcl,th
l,l
dcl,bcl
ix,ix
s,s
tcl,tcl
ih,ax
iy,ix
ix,ih
r,r
er,axr
r,r
r,r
pcl,pcl
l,l
ih,ih
iy,iy
pcl,kcl
s,s
w,w
w,w
l,ax
n,n
ix,ix
t,jh
ow,eh
l,w
uw,m
ey,ey
n,n
ay,ay
q,q
n,m
t,k
q,g
z,s
ih,ix
z,z
iy,iy
dx,p
ah,ow
s,s
w,w
m,n
s,s
aw,ao
sh,sh
s,sh
eh,ae
y,iy
ix,ih
ah,ah
f,f
eh,iy
s,s
kcl,kcl
z,z
ao,ao
k,k
aw,ao
z,s
q,ix
bcl,pcl
er,ao
l,l
ay,ay
tcl,tcl
iy,ix
q,q
ay,eh
hv,iy
n,n
t,t
m,m
s,z
b,dx
gcl,n
ah,ah
iy,iy
n,v
jh,jh
ow,aa
ay,ae
l,ax
kcl,kcl
n,n
bcl,bcl
ix,ax
el,l
ae,ae
r,r
n,gcl
y,y
f,f
r,r
w,w
s,s
kcl,tcl
eh,eh
tcl,tcl
oy,ay
v,bcl
k,k
q,q
iy,iy
r,r
r,r
l,ix
m,m
m,n
l,q
axr,axr
th,f
ix,ix
ay,ey
ay,ao
pcl,pcl
n,n
hv,l
iy,iy
dx,dx
aa,ah
pcl,tcl
d,t
f,t
n,n
s,sh
dh,p
z,z
hv,hh
z,s
z,z
r,r
eh,eh
t,f
eh,ey
nx,n
pcl,tcl
aa,axr
ih,axr
m,m
ix,ih
l,l
l,l
z,z
l,dh
dh,q
s,s
ix,ux
kcl,tcl
iy,iy
p,p
r,r
axr,axr
iy,r
aa,aa
r,ix
f,f
m,m
p,k
iy,iy
ao,ao
pcl,pcl
v,v
hv,ix
tcl,tcl
ix,ix
aw,ah
r,ix
y,ih
eh,l
k,k
ix,ux
th,t
g,k
dcl,dcl
p,p
ae,ae
ih,ih
uh,ix
s,s
l,ow
gcl,gcl
uh,ey
s,s
k,kcl
aa,r
ay,ay
er,er
n,n
y,iy
el,q
ow,ae
eh,ix
sh,t
ih,ix
oy,oy
aa,ah
kcl,tcl
gcl,tcl
kcl,kcl
th,f
s,s
f,f
r,r
k,k
y,y
eh,uh
ay,eh
l,ax
ih,iy
m,n
t,t
ax,ix
kcl,tcl
axr,q
ao,r
m,n
kcl,tcl
y,ix
s,z
m,m
f,f
m,dcl
s,s
y,iy
tcl,kcl
ih,iy
dx,p
ix,ix
r,r
tcl,dcl
iy,ix
k,k
iy,iy
w,w
el,el
iy,iy
ng,m
ax,ax
s,s
v,v
d,b
kcl,kcl
s,s
ix,ix
axr,ix
s,s
s,s
m,m
ey,ey
r,r
iy,iy
iy,iy
ay,ay
eh,eh
ah,aa
l,w
iy,iy
ih,ax
pcl,pcl
ah,ax
f,f
s,t
k,k
dx,ix
dx,dx
ng,ng
tcl,tcl
z,s
ae,eh
ih,ix
l,l
k,t
kcl,tcl
tcl,pcl
aa,aa
f,f
ux,ux
m,m
r,r
ow,ow
ah,r
n,n
s,s
ah,eh
s,s
iy,iy
s,s
r,r
gcl,bcl
sh,sh
tcl,tcl
z,z
iy,iy
q,q
q,m
t,kcl
aa,aa
ey,ey
z,f
dcl,dcl
ih,ux
dcl,tcl
tcl,tcl
s,s
s,s
aa,ae
er,r
w,w
g,g
dx,dx
axr,axr
r,eh
v,hh
m,v
l,l
ux,ux
pcl,pcl
eh,ah
z,z
d,d
r,r
bcl,v
t,z
z,s
el,el
aa,ah
f,f
l,l
n,n
f,f
axr,axr
r,r
pcl,pcl
iy,iy
w,w
tcl,tcl
dx,d
ow,eh
ax,ax
s,s
m,n
ah,ax
kcl,pcl
ax,ax
ae,ae
dcl,dcl
kcl,tcl
kcl,tcl
g,g
ow,axr
hv,ix
n,n
ix,ix
hv,hv
kcl,kcl
tcl,tcl
r,oy
aa,r
axr,axr
tcl,tcl
ey,ey
en,t
ih,ix
y,y
iy,iy
kcl,kcl
s,z
m,m
axr,axr
eh,ix
k,t
s,sh
v,f
v,pcl
ow,ow
r,r
f,f
tcl,pcl
dcl,bcl
l,l
ix,ix
kcl,kcl
er,axr
aa,ah
ng,n
axr,ix
iy,iy
ae,ey
r,ix
m,m
t,k
iy,iy
eh,ae
uw,m
ih,iy
r,ih
ih,ih
uh,ix
m,n
ih,ix
dx,dx
ch,jh
el,el
bcl,bcl
w,w
f,f
iy,iy
q,q
tcl,tcl
ih,ih
r,r
eh,ah
dcl,bcl
w,w
ch,sh
ux,ix
aa,ao
l,w
hv,l
t,t
uh,ax
w,w
uh,ix
q,k
ix,ix
dcl,dcl
pcl,tcl
s,s
w,w
n,n
s,s
l,ao
s,s
tcl,dx
dcl,tcl
m,m
l,l
dcl,dcl
iy,iy
w,w
ih,ih
iy,iy
v,r
dh,z
g,g
l,l
kcl,kcl
ah,ah
ao,ao
oy,oy
d,jh
pcl,pcl
m,dcl
t,sh
d,dh
ae,ae
axr,r
ih,ix
y,y
en,n
axr,axr
pcl,pcl
ow,ao
w,w
pcl,pcl
y,ix
dcl,dcl
kcl,tcl
ix,ix
hh,t
m,m
s,s
el,w
ix,ix
q,q
aa,aa
r,r
r,eh
kcl,kcl
kcl,tcl
s,s
el,el
eh,eh
en,m
zh,jh
ix,ix
kcl,tcl
r,r
ao,w
g,k
ow,ow
axr,ix
t,t
w,w
oy,oy
ey,iy
l,l
eh,eh
ah,ah
eh,ae
ae,eh
axr,axr
ae,eh
z,s
l,ax
k,kcl
ix,ix
ey,ey
s,s
eh,ih
th,dh
ae,ih
ih,ix
ih,ix
axr,axr
t,t
gcl,tcl
tcl,tcl
r,axr
l,w
p,p
ow,ow
ae,ae
nx,m
l,l
kcl,pcl
iy,ih
s,s
iy,iy
n,n
t,s
er,er
iy,iy
s,s
bcl,bcl
iy,iy
eh,eh
aa,ae
n,n
nx,dx
ix,ix
tcl,tcl
n,n
f,f
ao,ao
eh,r
axr,r
p,p
dh,t
dcl,n
ay,ah
er,er
q,n
dh,th
z,z
g,g
hv,hv
ax,ix
ah,ow
ax,el
ax-h,ix
oy,ay
ux,ix
iy,iy
z,z
ih,iy
r,r
r,r
ix,ix
tcl,kcl
ix,ix
ix,ax
ux,iy
iy,y
n,n
ux,ux
n,n
dcl,dcl
ae,ae
n,n
ih,ax
ix,n
t,tcl
aa,ao
ix,ix
l,l
ix,ix
dcl,bcl
w,w
q,q
iy,iy
t,p
ah,ah
r,ao
p,p
axr,axr
iy,iy
l,l
ay,ah
m,b
eh,ax
ay,aa
iy,iy
t,p
kcl,pcl
ax,bcl
sh,sh
ax,ih
w,p
ao,ao
ae,eh
y,iy
ae,ae
r,r
tcl,tcl
dh,dh
ax,ax
y,d
ix,ax
ih,ix
ey,ay
t,ch
w,w
ix,ix
pcl,pcl
el,el
z,z
axr,ao
f,t
er,er
ix,ix
t,t
m,m
w,w
uh,axr
iy,iy
s,s
ch,s
kcl,pcl
iy,iy
ix,ix
aw,aa
kcl,kcl
ah,l
g,p
k,k
bcl,tcl
eh,ae
axr,ux
iy,ix
s,s
tcl,tcl
t,t
r,r
z,s
ae,ae
ah,ah
ao,ao
s,s
sh,s
ax,p
ix,ix
n,n
f,f
s,s
t,t
tcl,dcl
ay,q
bcl,bcl
axr,er
eh,ih
l,l
iy,iy
n,n
v,n
ao,ao
dcl,dcl
l,l
nx,gcl
aa,r
ch,sh
t,t
ow,ao
dcl,dcl
bcl,bcl
ix,ih
dx,tcl
ao,ao
ey,ey
m,l
dcl,dcl
ih,ih
ax,ih
l,uw
d,t
axr,ih
f,f
y,iy
r,r
sh,sh
z,z
ux,ih
tcl,kcl
k,z
jh,t
dx,l
ax-h,p
dcl,dcl
r,r
ix,ix
iy,iy
n,n
ix,ix
iy,iy
ax-h,ax
ax,ix
v,ix
t,t
ih,y
aa,ae
k,p
ih,ih
t,t
eh,eh
axr,q
ao,w
oy,oy
t,t
iy,iy
sh,sh
dcl,dcl
d,t
ah,aa
ax,ix
v,n
sh,sh
ih,iy
axr,ix
ao,ao
q,q
jh,sh
sh,s
r,r
eh,ae
ix,ix
s,s
s,s
oy,oy
k,k
y,y
k,k
ix,dh
ae,ae
ae,ae
ay,ay
f,f
z,z
aa,aa
dh,dh
dx,dx
tcl,tcl
ix,ih
ow,er
r,axr
s,z
axr,r
r,r
er,er
kcl,pcl
tcl,tcl
ix,y
iy,iy
n,n
ix,ix
dh,dh
s,s
axr,r
n,n
ey,ey
v,v
f,sh
iy,iy
ow,ae
ix,ih
s,sh
ah,ah
r,r
r,r
er,ux
uw,iy
r,q
y,y
ay,ae
l,ax
s,z
axr,r
k,t
axr,axr
kcl,kcl
r,r
dcl,dcl
t,t
dcl,dcl
ae,ae
bcl,dcl
ao,ao
z,s
er,ow
dx,dx
ix,ix
ih,eh
dh,dh
tcl,tcl
y,iy
m,m
z,z
pcl,pcl
ih,ih
tcl,pcl
r,r
uh,ix
r,r
ch,t
bcl,bcl
tcl,tcl
aa,aa
aa,r
tcl,pcl
ih,ix
ih,iy
r,r
s,s
iy,iy
kcl,tcl
tcl,d
l,l
f,f
dcl,tcl
ae,ae
ey,ay
dcl,dcl
s,s
dcl,tcl
kcl,kcl
ae,ae
kcl,tcl
p,p
ih,uh
el,l
axr,axr
g,g
s,s
r,r
s,s
m,m
l,ix
q,q
ih,ix
dh,dh
w,w
axr,r
oy,oy
iy,eh
eh,eh
dcl,tcl
kcl,kcl
ih,iy
gcl,bcl
s,z
r,r
k,g
sh,sh
iy,iy
ix,ix
m,m
pcl,pcl
l,l
gcl,pcl
l,el
uh,r
tcl,tcl
eh,eh
tcl,pcl
z,s
s,s
dcl,dcl
bcl,bcl
l,w
m,m
ix,ix
ow,ih
ux,ux
ix,ix
kcl,kcl
ix,ix
z,z
l,l
n,n
n,n
ix,ix
ow,ow
f,f
pcl,pcl
ix,ix
t,p
s,s
t,dh
ax,ax
bcl,pcl
n,ix
n,n
ae,ae
s,s
t,t
g,bcl
eh,ah
ih,iy
n,n
r,r
oy,ay
ix,ix
ae,ae
s,s
g,d
ix,iy
eh,eh
eh,eh
d,t
jh,jh
s,z
oy,oy
z,z
iy,iy
aa,ao
ih,ix
l,l
iy,iy
ay,ay
s,s
aa,ao
ih,ix
hv,hv
l,l
ax,axr
w,w
k,k
kcl,pcl
dcl,tcl
r,r
ix,q
q,q
dcl,tcl
ey,eh
r,w
pcl,pcl
kcl,pcl
iy,iy
iy,ix
m,m
m,m
ix,ix
iy,iy
y,ih
p,f
el,el
dh,dh
p,hh
n,n
dcl,dx
aa,aa
n,dx
bcl,bcl
kcl,tcl
s,s
g,g
ay,aa
ao,ow
s,s
er,er
ah,ah
s,s
ae,ae
ix,ix
eh,axr
tcl,tcl
axr,axr
ah,ix
iy,gcl
axr,axr
iy,iy
ih,ix
gcl,bcl
eh,r
r,r
f,f
gcl,ix
iy,iy
ah,ae
z,z
m,n
ix,axr
aa,ow
axr,r
w,w
v,v
dcl,dcl
r,w
ix,ix
dh,dh
v,v
axr,axr
dx,dcl
ay,ay
er,r
aa,aa
uw,ux
ih,eh
r,n
th,f
iy,iy
y,iy
ix,ix
kcl,kcl
y,y
ix,iy
ih,ix
kcl,kcl
ey,ey
eh,ay
s,s
r,ix
t,t
r,r
gcl,bcl
q,q
s,z
ux,ux
axr,ux
p,p
m,n
sh,sh
m,m
n,hv
pcl,pcl
gcl,kcl
eh,ah
tcl,tcl
ow,el
n,n
l,l
r,q
dcl,bcl
k,k
d,k
l,l
el,q
dcl,dcl
el,el
axr,axr
w,w
uh,axr
iy,iy
n,n
en,n
ng,n
z,s
z,z
axr,q
ix,ih
tcl,tcl
l,w
kcl,kcl
iy,iy
z,s
ih,iy
sh,jh
iy,iy
kcl,kcl
aw,aa
ae,eh
ae,ae
jh,jh
ae,ae
q,ix
iy,iy
ah,ah
m,n
ax,ax
tcl,tcl
ng,n
sh,sh
r,r
ax,ax
ix,ix
g,p
ax-h,hh
er,er
kcl,kcl
aa,aa
iy,iy
dcl,bcl
ih,ix
t,jh
axr,axr
q,q
uh,ax
sh,sh
t,t
ae,ae
sh,sh
iy,iy
k,k
tcl,tcl
aw,ow
pcl,pcl
ao,w
er,axr
er,axr
ay,aa
en,n
kcl,kcl
axr,axr
k,k
kcl,pcl
s,s
kcl,kcl
ax-h,ix
l,l
eh,ah
r,r
ix,ix
ih,ix
ah,ax
s,s
tcl,tcl
s,s
ih,ih
ch,ch
n,n
ao,aa
tcl,pcl
iy,ey
l,ax
ao,ao
zh,jh
ah,eh
n,n
bcl,pcl
bcl,pcl
q,ax
q,q
en,m
aa,ah
f,f
ao,ow
ix,ax
k,t
n,n
er,r
l,ow
dx,dx
ih,ix
ay,ay
kcl,pcl
n,n
ay,ay
z,z
t,t
n,n
l,ix
sh,sh
s,s
ix,ix
dx,dcl
ih,ih
ih,ih
tcl,kcl
g,g
iy,ix
k,k
ay,ay
z,z
t,t
l,ax
aa,aa
dcl,dcl
er,er
ow,ow
z,z
eh,ah
ae,ae
k,k
tcl,dcl
z,z
n,n
ix,ix
y,iy
tcl,d
iy,iy
dx,dx
ay,ay
v,tcl
ah,q
d,p
ix,iy
el,l
n,n
w,q
tcl,tcl
t,t
iy,ix
tcl,tcl
ae,aa
bcl,bcl
r,r
nx,n
ay,ay
ix,ux
z,z
iy,iy
iy,iy
q,ix
z,z
jh,k
ix,r
m,m
y,y
gcl,tcl
ux,ix
tcl,tcl
ax,ax
n,m
v,ax
eh,r
ix,axr
eh,ix
kcl,kcl
k,t
oy,ao
l,l
ae,ae
dcl,tcl
ux,ux
tcl,tcl
kcl,kcl
n,n
tcl,tcl
t,t
tcl,pcl
pcl,kcl
ay,oy
w,w
s,s
r,ax
p,p
dh,n
ah,ah
tcl,tcl
v,f
kcl,kcl
iy,ix
el,el
kcl,kcl
f,f
iy,ix
sh,sh
uh,ix
ix,ix
iy,iy
r,axr
er,eh
s,s
r,r
t,t
v,v
t,d
ey,iy
l,l
r,r
m,m
eh,eh
ix,ix
n,n
ah,ah
d,t
iy,iy
ax,ix
ax,ix
r,r
n,n
ae,ae
dcl,tcl
tcl,pcl
s,s
iy,iy
ih,r
el,w
l,q
ao,ao
pcl,tcl
r,r
l,ih
s,s
ow,ao
f,f
ax,ax
kcl,pcl
t,t
z,z
jh,f
r,r
n,n
f,f
iy,ix
uw,el
p,p
l,l
gcl,dcl
ax,w
ih,r
l,l
eh,eh
t,t
l,ax
hv,hv
ux,iy
l,ao
s,s
ux,ux
tcl,tcl
ey,ey
oy,q
ix,ix
ix,iy
hv,hv
ae,ae
pcl,tcl
iy,iy
n,n
r,r
ax,ix
ih,iy
s,s
r,r
kcl,kcl
r,r
n,n
v,v
r,ix
ix,ix
l,ao
v,v
m,n
ih,iy
ax,ax
l,l
ix,ih
aa,aa
s,s
m,m
ng,n
tcl,pcl
iy,y
ey,ey
l,w
n,n
t,t
r,er
l,l
p,kcl
ax,ax
ao,aa
s,s
ix,ix
tcl,q
n,n
gcl,gcl
k,k
r,r
z,z
sh,sh
tcl,tcl
t,t
t,tcl
iy,iy
z,t
ix,ix
m,tcl
zh,sh
eh,ix
kcl,k
v,v
ao,ah
w,l
l,ax
d,q
kcl,k
t,t
ae,ae
l,w
r,axr
ih,ax
m,m
p,p
el,l
z,s
ix,q
iy,iy
s,s
kcl,dx
l,w
iy,iy
ih,ih
tcl,dcl
s,s
ax,l
dh,t
r,r
oy,oy
m,n
gcl,dcl
ow,ow
k,t
er,axr
ix,eh
axr,axr
kcl,pcl
pcl,tcl
z,z
ow,ow
ah,eh
k,k
iy,iy
t,t
ey,ey
iy,iy
bcl,n
q,q
en,n
tcl,pcl
ix,axr
k,k
r,r
dcl,dcl
f,f
bcl,dcl
ey,ey
iy,iy
k,k
t,jh
q,q
ah,aa
g,g
iy,ix
w,w
w,w
l,ax
s,s
s,sh
w,w
tcl,tcl
ah,ao
ix,ix
m,n
tcl,tcl
aa,ae
n,n
n,n
ae,ae
ow,l
k,t
z,s
m,n
l,ax
s,s
s,s
eh,ih
ix,iy
l,l
hh,t
p,t
dh,dh
z,z
p,t
n,n
l,r
ix,ix
ae,ae
dcl,dcl
dx,dx
k,k
q,q
p,p
er,aa
ng,n
axr,ao
kcl,kcl
ix,ih
oy,oy
m,m
t,t
ng,n
ix,ix
eh,ax
dcl,dcl
ao,ow
ix,ix
axr,axr
w,ux
ih,ix
d,t
pcl,kcl
ix,iy
tcl,pcl
tcl,tcl
iy,iy
t,t
iy,iy
er,axr
w,w
dx,dx
tcl,tcl
tcl,tcl
ix,ih
kcl,kcl
m,m
sh,sh
iy,y
tcl,tcl
f,f
ix,ix
n,n
f,f
ae,aa
kcl,kcl
ay,aa
ey,ey
tcl,n
d,t
er,ih
ey,ey
q,q
axr,axr
t,t
n,n
axr,axr
r,r
ix,ux
ix,gcl
ux,eh
axr,r
r,r
ey,ey
s,s
l,l
iy,y
ow,ow
ih,ih
ax,ax
dh,n
eh,ih
axr,ix
ux,ix
jh,jh
kcl,kcl
el,ax
q,iy
ih,eh
s,s
l,l
ix,ix
ow,ow
t,p
kcl,tcl
s,s
ax,ao
t,t
ax,ix
sh,sh
w,q
dcl,dcl
s,s
ax,ax
ah,ae
f,f
ux,iy
ih,ey
ax,l
gcl,bcl
s,s
ah,eh
l,l
iy,iy
iy,ih
k,p
axr,iy
er,r
jh,jh
kcl,tcl
dcl,dcl
s,s
aa,ao
ih,iy
r,r
g,k
aa,ao
eh,eh
ow,ow
s,s
ae,eh
iy,iy
w,w
k,k
dx,dx
ix,ax
hh,p
z,s
ix,ix
ux,iy
z,z
dcl,dcl
ax,ax
ix,q
r,r
q,q
tcl,tcl
aa,aa
y,iy
n,axr
kcl,g
n,n
y,y
f,f
ow,ow
pcl,bcl
el,el
r,r
s,s
ih,iy
s,s
k,jh
r,r
m,ux
dcl,dcl
pcl,pcl
m,m
eh,ih
ae,ae
s,s
f,f
er,r
q,q
r,r
m,dx
gcl,dcl
ay,ay
kcl,kcl
kcl,tcl
ao,aa
eh,ix
ix,ix
em,ux
uh,ax
z,z
n,n
eh,eh
r,r
r,r
ix,ih
ix,ix
s,f
n,n
aa,ae
kcl,kcl
m,m
v,v
aa,aa
y,y
dcl,dcl
sh,sh
ix,ix
kcl,tcl
ae,ae
f,f
dcl,tcl
ae,ae
n,q
iy,iy
iy,iy
gcl,tcl
ay,aa
dcl,bcl
k,kcl
jh,ch
n,n
dh,p
aa,aa
m,m
kcl,kcl
k,k
iy,iy
tcl,tcl
ih,eh
n,m
n,n
r,r
iy,iy
n,l
iy,iy
iy,iy
ax-h,q
kcl,tcl
s,s
b,bcl
ih,l
ng,ng
ih,ih
ix,ix
ae,ae
v,v
tcl,pcl
w,w
ih,q
ah,ax
r,r
uh,ax
ao,r
dcl,tcl
uw,ux
n,n
iy,ih
tcl,dx
d,t
er,axr
iy,iy
oy,ow
s,s
ng,n
z,s
aa,ao
s,s
z,sh
ax,ax
r,r
nx,n
ay,ae
axr,ix
q,q
k,kcl
er,axr
ae,ih
m,m
uh,eh
ix,ix
s,s
ah,ow
sh,sh
ix,ix
ax,l
aa,aa
ae,ae
tcl,tcl
ae,ae
t,t
m,n
v,ix
ay,ay
er,r
ae,ae
w,w
q,ix
kcl,kcl
ih,iy
ih,ix
iy,iy
ae,ey
ax,r
ng,n
k,t
s,s
jh,t
axr,r
aa,el
kcl,tcl
ih,eh
sh,sh
tcl,tcl
ix,ix
z,z
s,s
b,jh
g,g
bcl,tcl
ae,ae
ix,ix
tcl,kcl
ae,ae
th,s
ax,ax
r,ix
gcl,n
f,f
pcl,tcl
el,el
n,n
iy,ae
w,w
l,w
ix,ix
kcl,gcl
r,ix
jh,jh
k,k
tcl,tcl
tcl,pcl
iy,ix
hh,k
ax,n
ix,iy
n,n
p,b
r,r
ix,ix
gcl,gcl
ah,ae
ih,ix
f,f
iy,iy
dh,ix
k,k
pcl,pcl
er,er
s,s
t,t
n,n
f,f
l,l
iy,iy
f,f
n,n
y,y
w,bcl
eh,ae
hv,hh
v,tcl
ix,ih
tcl,tcl
ae,ae
dh,p
ae,ae
eh,eh
kcl,tcl
bcl,bcl
iy,r
iy,iy
gcl,gcl
t,k
sh,sh
ey,ey
ix,ax
axr,axr
ih,eh
ao,ao
ey,ih
q,q
ix,ih
t,f
ax,w
ux,ux
r,iy
d,tcl
sh,sh
dcl,dcl
n,n
p,p
ah,ah
ix,ix
sh,sh
kcl,tcl
n,n
z,s
iy,iy
l,l
s,s
v,v
n,n
l,v
ao,ao
tcl,tcl
iy,ix
uw,el
s,s
r,r
kcl,kcl
ng,ng
n,n
ao,ao
tcl,pcl
z,z
l,aa
aa,ao
ow,ow
kcl,tcl
l,l
dh,n
eh,ow
n,n
m,m
ix,ix
ix,ax
s,s
pcl,f
ax,eh
n,n
eh,ix
th,f
ey,ey
n,ng
eh,eh
ey,iy
l,l
d,p
r,r
en,en
ix,ix
eh,axr
dcl,tcl
ix,ix
gcl,dx
eh,eh
pcl,pcl
th,z
ih,iy
er,axr
q,q
g,g
en,n
aa,aa
bcl,pcl
m,m
m,n
y,iy
m,m
k,t
l,ao
dcl,dcl
uh,ix
l,n
aa,ow
axr,axr
p,p
ae,ae
hh,hv
t,t
kcl,tcl
r,r
kcl,kcl
ih,iy
tcl,tcl
ae,ae
ux,ix
iy,iy
ix,ix
r,r
dh,dh
iy,iy
aa,aa
eh,eh
v,tcl
gcl,bcl
hh,hh
gcl,pcl
tcl,pcl
kcl,kcl
ix,ng
pcl,tcl
iy,ux
pcl,tcl
z,z
f,f
tcl,tcl
ix,ix
iy,iy
iy,iy
z,z
tcl,tcl
n,n
q,q
axr,axr
ay,ah
ao,ow
ow,l
n,dcl
dcl,kcl
dcl,dcl
aw,ae
axr,r
ao,ao
w,w
kcl,pcl
dcl,bcl
ah,eh
ix,eh
q,q
th,s
t,t
aa,ah
ax,ax
y,ix
ix,ax
m,m
ix,ix
ay,ae
nx,dx
iy,ux
m,m
el,l
ix,ix
s,s
k,dx
ao,ao
t,t
z,z
b,dx
ey,ey
pcl,pcl
axr,r
jh,jh
tcl,pcl
dx,dx
ax,q
ux,ux
dcl,dcl
gcl,kcl
ey,iy
m,n
oy,ow
n,n
k,p
l,l
ih,ih
dcl,pcl
m,m
l,w
aa,aa
q,q
el,l
ey,ey
w,w
s,s
ih,ix
k,t
ih,ih
r,r
n,n
ae,ae
ey,ey
l,ao
iy,ey
ix,ix
ih,ix
n,n
ah,l
axr,ux
r,r
jh,jh
n,m
m,m
m,bcl
l,ix
ay,ah
ux,ux
ax,ix
eh,r
pcl,kcl
q,q
l,l
dh,t
w,m
w,w
dh,b
s,s
gcl,n
k,k
p,p
ae,ae
er,axr
ow,eh
hh,p
ey,ey
en,n
k,k
ay,ay
aa,aa
pcl,bcl
ao,aa
n,n
ix,ix
iy,iy
pcl,bcl
ax,l
p,p
l,l
ax,ax
ah,r
ah,eh
p,p
n,ix
ix,ix
dcl,bcl
gcl,gcl
l,l
ng,n
w,b
s,s
nx,dh
z,z
ae,ae
s,s
ux,axr
z,t
m,m
l,m
kcl,kcl
dcl,v
n,n
ax,ax
z,z
er,axr
n,n
nx,n
m,n
s,jh
t,t
ax,ax
y,y
r,r
ux,ux
y,iy
er,r
dcl,dcl
eh,eh
dh,dh
s,s
jh,jh
bcl,tcl
z,z
q,n
kcl,kcl
n,n
hv,hh
kcl,pcl
eh,eh
eh,l
z,z
en,gcl
n,n
r,r
sh,s
dx,dx
iy,iy
ix,ix
kcl,kcl
n,n
m,m
iy,iy
m,m
q,q
dh,v
ae,ae
nx,n
ix,ix
hv,p
ey,ey
kcl,pcl
n,n
ae,ae
s,s
p,p
bcl,pcl
y,ix
aa,aa
r,r
t,jh
iy,iy
ey,ey
n,n
kcl,tcl
ix,ix
ao,q
ih,ih
iy,iy
d,dh
s,s
k,g
l,l
ah,ax
kcl,tcl
s,z
pcl,tcl
ix,ix
ao,ao
kcl,kcl
ax,ix
ix,ix
pcl,pcl
t,d
ng,n
iy,iy
ay,ae
l,w
r,v
r,r
iy,iy
ix,ih
ae,ae
ix,ix
dcl,dcl
en,n
w,w
ao,ao
q,q
kcl,tcl
w,w
iy,iy
iy,iy
ow,ao
eh,eh
iy,iy
s,s
v,dcl
k,d
eh,eh
ah,eh
ae,ae
ix,ix
iy,y
ux,ux
l,l
oy,aa
dx,dx
ix,w
p,p
dx,dx
axr,axr
ch,sh
kcl,kcl
n,n
axr,er
axr,r
q,ix
gcl,pcl
q,q
er,r
sh,sh
dx,d
l,l
ao,ao
ay,ay
bcl,tcl
tcl,pcl
n,n
s,s
hh,p
ch,sh
gcl,gcl
q,q
tcl,dh
r,r
ah,eh
er,eh
s,s
t,t
kcl,tcl
eh,ae
uh,l
ah,ah
er,r
y,jh
z,z
s,s
l,l
ih,ih
ao,ao
ow,ao
k,kcl
ih,ix
dcl,pcl
aw,ae
n,n
m,m
aa,aa
ng,n
iy,iy
ix,ix
l,ao
r,r
bcl,tcl
ix,ix
tcl,tcl
hv,v
hh,hh
ux,ux
oy,aa
axr,iy
tcl,dcl
kcl,pcl
en,n
bcl,bcl
sh,zh
t,t
ax,ax
jh,sh
z,z
k,p
dx,dx
gcl,n
ah,ix
ah,ae
eh,eh
w,w
l,ah
axr,axr
l,ao
iy,ih
tcl,pcl
ow,ae
s,s
ix,axr
ae,ae
s,s
t,tcl
f,f
d,d
m,w
ux,y
kcl,tcl
tcl,pcl
ah,ow
ax,ax
ao,ao
iy,iy
tcl,kcl
tcl,tcl
nx,n
d,t
s,s
th,k
ih,iy
ih,ah
iy,tcl
k,k
ao,ao
kcl,pcl
ax,r
ux,ux
ix,axr
ng,n
er,er
iy,iy
ih,ih
dcl,tcl
l,l
tcl,tcl
s,s
l,l
kcl,kcl
y,dx
m,m
m,dh
er,er
dcl,tcl
n,n
k,g
dh,f
en,n
ix,dh
dcl,dcl
gcl,dcl
t,t
l,w
ih,ey
en,en
z,s
uh,ix
g,dx
v,dh
iy,iy
k,z
ix,ix
hv,aa
n,n
y,iy
q,q
m,m
w,w
ax,ax
s,s
r,r
pcl,pcl
ix,ix
ow,eh
kcl,kcl
iy,iy
s,z
t,t
dh,n
l,l
ix,ix
n,n
axr,r
kcl,tcl
axr,axr
axr,axr
bcl,bcl
uh,ix
aa,ah
d,p
r,r
tcl,n
ax,w
iy,iy
p,p
iy,axr
l,l
r,r
axr,axr
pcl,pcl
pcl,pcl
hv,hv
m,n
dx,dx
kcl,kcl
ax,ix
z,z
m,n
eh,ix
ae,ae
v,n
tcl,dcl
w,l
ey,ey
aa,aa
k,k
bcl,v
gcl,tcl
v,v
kcl,kcl
kcl,kcl
m,ix
pcl,kcl
n,n
l,v
ae,ae
n,m
ax,ax
dh,ix
z,z
n,n
r,r
tcl,kcl
k,k
z,z
bcl,bcl
ow,r
y,y
dh,p
ux,ux
axr,ey
m,n
bcl,tcl
ae,ae
v,v
aa,ao
th,s
ih,ix
ih,ih
ay,ae
ax,ax
q,q
s,s
w,ow
ao,w
aa,aa
uh,ey
aa,ao
nx,n
ae,ae
uw,l
ux,ux
ix,ix
gcl,dcl
dh,dh
ae,ae
ay,ay
ix,ix
ix,ix
axr,axr
n,n
kcl,tcl
oy,oy
dh,dh
ix,ix
sh,sh
iy,iy
sh,sh
w,w
m,n
sh,sh
hv,ix
iy,ey
k,k
gcl,dcl
l,l
er,axr
n,n
axr,axr
n,n
ax,ax
ax,ax
ix,ih
er,r
aa,aa
eh,ix
tcl,tcl
ix,ix
ix,r
ix,ix
m,n
iy,iy
ay,ay
n,n
ix,eh
s,s
ax,ix
ix,en
s,s
f,f
l,l
hh,hh
hh,k
kcl,tcl
g,g
r,r
er,eh
tcl,pcl
ao,ao
v,v
ow,ow
pcl,pcl
s,s
y,y
f,f
kcl,tcl
r,r
axr,iy
b,dx
ah,ax
ih,eh
z,s
ae,ae
tcl,tcl
ae,hv
hh,p
z,s
p,t
hv,hh
eh,ao
ey,ey
r,r
ax,ix
ux,iy
n,n
ix,ix
axr,ax
iy,ey
hh,dh
f,f
aa,ow
ih,ix
w,ao
q,q
pcl,pcl
jh,sh
n,m
iy,iy
kcl,kcl
f,f
el,el
ih,ix
ah,ah
axr,axr
uh,eh
ix,ix
ae,ae
ow,ao
p,p
iy,ey
v,tcl
ow,ow
n,n
l,r
ae,eh
m,m
iy,iy
ay,ey
iy,iy
t,t
g,t
gcl,dx
axr,axr
ao,r
sh,sh
g,p
v,v
ax,ax
r,ix
s,s
dcl,dcl
t,t
iy,ey
iy,iy
oy,oy
ae,ay
s,s
ih,iy
aa,ah
n,n
f,f
pcl,pcl
f,f
n,n
eh,ae
f,f
gcl,dcl
r,r
kcl,kcl
s,s
s,s
s,s
bcl,tcl
dcl,dcl
l,l
eh,ow
n,n
ow,ow
n,n
q,q
n,n
ix,ih
iy,iy
ng,ix
l,l
dcl,dcl
k,k
k,k
ih,ih
q,q
hv,hv
el,el
r,r
axr,er
s,t
r,r
ax,ax
s,s
ah,eh
q,axr
n,n
tcl,tcl
iy,ix
er,axr
ax,ax
oy,oy
n,n
gcl,dcl
ae,ae
t,z
ax,ax
bcl,w
t,t
dcl,bcl
ng,n
tcl,tcl
ih,eh
s,s
d,d
dcl,dcl
s,s
ix,ix
sh,sh
hv,ix
kcl,kcl
t,t
ix,ix
m,m
s,s
axr,ix
ah,iy
gcl,dcl
ih,ux
p,t
n,n
r,r
g,k
dh,l
l,l
jh,d
ch,ch
ao,q
m,m
r,axr
er,axr
q,b
iy,iy
t,t
d,t
tcl,tcl
dx,dcl
ux,ey
q,ax
ix,ix
dh,p
ay,ay
tcl,tcl
iy,ih
s,s
z,z
l,ax
dh,n
ix,ih
w,w
iy,iy
k,k
z,z
ao,ao
l,l
m,m
ax,ax
ah,ax
iy,iy
iy,iy
t,q
ax,ax
t,d
iy,iy
g,k
sh,sh
s,s
axr,l
ae,ae
iy,iy
dh,tcl
ih,iy
tcl,tcl
ao,r
m,n
ix,ix
r,r
eh,ah
ae,ae
g,dh
tcl,tcl
z,s
k,k
m,m
dh,n
ao,ao
nx,dx
m,m
t,t
s,s
s,s
pcl,pcl
iy,ih
ao,ao
s,s
axr,q
dx,dx
ae,eh
k,k
ey,ey
p,p
m,n
oy,ey
kcl,tcl
eh,r
w,w
ih,ih
n,n
ay,aa
w,w
uh,r
pcl,tcl
ey,iy
n,n
n,n
n,n
ih,ih
m,m
ax,ax
ih,ih
jh,jh
n,ix
iy,iy
iy,iy
uw,ix
ah,ih
dcl,dcl
ux,iy
ax,ax
ix,ix
ax,ax
p,p
kcl,kcl
ix,iy
kcl,kcl
ax,ix
s,s
tcl,tcl
tcl,dcl
y,iy
aa,ao
ix,ix
r,ao
r,r
ih,ih
tcl,kcl
ix,ih
ix,ix
m,m
t,t
er,er
ih,ax
aa,aa
z,z
q,tcl
s,z
g,p
iy,iy
th,f
ao,ao
w,w
n,n
sh,sh
kcl,tcl
hh,hh
sh,sh
t,t
ax,ax
sh,sh
s,s
m,m
ae,eh
n,n
ao,aa
ih,ih
l,el
er,r
dh,iy
dcl,dcl
ix,ax
n,n
ao,ow
dcl,gcl
ae,ae
s,s
aw,ae
ao,ao
r,r
sh,sh
axr,axr
ch,s
ey,ey
nx,q
ao,ao
axr,er
ix,ix
tcl,tcl
ix,ax
d,t
ch,ch
q,q
ow,ow
ng,ng
l,l
ao,ao
er,ux
tcl,tcl
iy,iy
kcl,tcl
m,m
ih,iy
w,l
ax,ax
ay,ae
k,k
el,ax
er,eh
k,k
ax,ix
dcl,dcl
iy,eh
tcl,pcl
w,w
bcl,pcl
n,ax
ih,ey
kcl,kcl
ix,ix
p,p
ix,ix
er,aa
n,n
ae,ae
ix,eh
em,m
s,s
q,q
w,w
s,s
s,sh
axr,r
l,ao
aa,aa
q,q
n,n
ih,ih
l,l
f,t
w,w
s,s
tcl,bcl
ae,ae
ih,ey
n,m
n,n
ae,ae
tcl,jh
ax,ax
t,p
kcl,kcl
v,m
ao,ao
s,s
iy,ey
ax,axr
ax,axr
w,l
ow,ow
tcl,q
ey,ey
n,n
ch,sh
eh,axr
ae,aa
ay,ay
s,z
r,r
ey,ey
ih,ix
s,s
ao,ae
n,n
gcl,pcl
aa,eh
d,t
er,r
ux,ux
r,r
z,z
ux,ux
s,s
n,m
tcl,kcl
ng,n
m,m
ao,ao
bcl,tcl
l,w
z,s
ay,ae
axr,er
ix,ih
kcl,tcl
f,f
ao,l
ah,ax
tcl,dcl
ao,ao
ih,iy
er,r
ey,ey
r,r
ow,eh
bcl,bcl
kcl,tcl
aa,aa
s,s
ax,ax
hh,hh
ix,ix
m,m
ah,ax
ae,ae
ae,ae
dx,dcl
ng,n
k,p
f,p
s,s
pcl,pcl
z,z
eh,ix
tcl,tcl
aa,aa
l,l
ih,ix
ih,ix
r,r
ax,ax
r,r
n,n
ih,ux
er,er
kcl,pcl
m,m
hv,hv
w,w
ih,ey
eh,ah
iy,iy
aa,ao
ow,ow
t,k
pcl,pcl
z,th
eh,ae
ih,ih
n,n
l,w
d,t
er,ae
dcl,bcl
iy,iy
iy,iy
n,n
axr,ax
w,w
ix,ix
ax,el
ax,l
kcl,kcl
r,r
z,s
q,q
ih,ih
q,q
ah,ah
iy,iy
kcl,kcl
iy,iy
axr,ax
f,f
d,t
dcl,tcl
m,dx
uw,m
iy,iy
f,f
r,r
r,r
ix,ix
v,v
iy,iy
aa,ae
d,dx
w,ao
g,dh
ch,sh
sh,sh
z,z
t,t
s,z
aw,aa
r,axr
eh,eh
jh,s
aa,aa
tcl,tcl
ih,ix
kcl,pcl
tcl,tcl
s,s
ih,ix
ux,iy
uw,ux
en,n
dcl,tcl
dcl,dcl
f,f
tcl,tcl
ao,ao
f,f
l,ow
ae,eh
pcl,pcl
w,w
ae,ae
r,r
ax,l
eh,ah
iy,iy
el,l
en,en
jh,ch
g,tcl
ix,ix
bcl,v
n,n
p,p
m,p
aw,aw
m,l
gcl,tcl
ih,ih
bcl,pcl
iy,iy
r,r
axr,r
er,er
axr,r
pcl,f
n,n
ng,n
pcl,tcl
w,w
aa,ah
r,r
ae,ae
ng,n
iy,ey
ay,ao
d,t
iy,iy
m,dx
k,k
tcl,kcl
jh,t
l,l
l,m
ih,iy
s,s
iy,iy
n,n
z,z
z,z
ah,ah
n,dh
k,t
ax,ax
z,s
s,s
s,t
y,iy
v,bcl
ey,ey
l,l
kcl,kcl
g,g
v,p
iy,ux
ax,ax
dcl,dcl
bcl,bcl
k,k
tcl,tcl
t,t
r,r
ih,ih
gcl,gcl
r,r
eh,eh
kcl,pcl
ax,ow
n,n
uw,uw
z,z
t,t
axr,axr
g,k
m,m
ih,iy
w,w
dcl,bcl
z,s
bcl,bcl
s,s
ih,ix
n,n
l,w
ae,ay
n,n
ix,ix
ng,n
iy,iy
eh,ae
d,jh
g,k
gcl,gcl
ae,ey
ix,ix
pcl,pcl
sh,s
ao,ao
n,n
ih,iy
iy,iy
f,f
n,n
el,ow
t,t
iy,iy
pcl,pcl
iy,iy
m,n
ix,ih
dcl,n
q,q
s,s
k,g
ow,axr
ix,ix
t,t
tcl,pcl
kcl,tcl
eh,eh
ey,iy
eh,eh
iy,iy
dcl,dcl
th,th
r,r
z,z
m,n
t,t
l,w
r,r
v,v
kcl,tcl
bcl,bcl
dx,r
ah,ah
ax,ax
k,sh
dcl,dcl
tcl,tcl
l,l
bcl,bcl
er,ey
dcl,dcl
sh,sh
ih,ux
ix,iy
w,w
tcl,pcl
ax,ah
dx,y
ix,ix
m,m
k,k
tcl,tcl
dh,z
ax,ax
m,m
nx,n
tcl,tcl
l,l
eh,eh
kcl,pcl
ao,ao
dx,dx
el,el
k,k
iy,iy
ih,ih
iy,iy
oy,ao
er,r
ax,ax
k,p
ch,sh
l,l
aa,aa
bcl,r
ix,ux
f,f
m,m
ng,n
ix,ix
sh,sh
ae,ae
kcl,pcl
s,s
iy,iy
p,p
ae,ae
n,dx
eh,ae
dcl,tcl
kcl,kcl
ae,ae
t,t
nx,n
p,t
ao,aa
iy,iy
ux,ux
kcl,kcl
l,r
ah,ah
sh,sh
kcl,tcl
l,w
sh,sh
m,m
kcl,tcl
t,t
z,s
s,s
n,q
r,r
kcl,tcl
s,s
th,f
aa,aa
v,v
ux,iy
ae,ae
t,t
iy,iy
ih,eh
dx,dx
ih,ih
k,k
y,ix
ch,sh
dcl,dcl
ax,ax
t,t
r,r
n,dcl
eh,eh
q,q
aa,ix
ux,iy
eh,ae
w,w
gcl,dcl
ay,ay
m,n
aa,ao
ux,iy
tcl,jh
l,dx
w,w
eh,ih
gcl,bcl
el,el
kcl,tcl
gcl,gcl
ao,aa
dcl,dcl
el,l
kcl,kcl
iy,iy
el,el
n,n
eh,ey
ey,ey
r,r
ux,ux
ng,n
l,bcl
iy,iy
t,t
f,f
kcl,kcl
kcl,tcl
iy,ix
ih,ix
axr,aa
ah,ah
axr,r
m,m
s,s
w,w
ix,iy
m,n
eh,ae
z,f
r,axr
pcl,bcl
axr,iy
er,er
axr,axr
m,m
tcl,tcl
t,t
ng,n
pcl,pcl
ay,ay
k,k
z,s
l,w
v,v
ih,l
n,n
iy,ih
n,n
en,v
dh,t
ih,ih
eh,ix
ix,ih
aa,aa
aa,aa
ax,ix
bcl,bcl
kcl,kcl
l,l
v,bcl
ax,ax
tcl,kcl
axr,axr
ax,ah
g,dx
l,l
m,m
tcl,tcl
sh,sh
ix,ix
hv,hh
ix,ih
kcl,pcl
kcl,kcl
p,f
l,q
ix,ax
hv,hv
ao,ao
k,t
s,sh
l,l
ix,ix
er,axr
dcl,dcl
ih,ih
r,r
aa,r
uh,ax
ih,ih
r,r
hh,q
ey,ey
tcl,pcl
p,dh
f,f
axr,r
ng,n
axr,er
tcl,tcl
r,r
dh,th
l,l
k,k
ix,ix
w,w
ih,ix
tcl,pcl
l,el
q,q
axr,ix
tcl,pcl
s,s
sh,sh
g,g
iy,y
s,s
tcl,dcl
w,w
ix,ix
n,v
k,k
ey,ey
f,f
n,bcl
aa,aa
v,dcl
gcl,gcl
ih,ih
iy,iy
t,t
iy,iy
ax,ix
ay,aa
dx,dx
eh,ih
ax,ix
dcl,dcl
k,k
pcl,tcl
ix,ix
kcl,kcl
eh,axr
iy,iy
oy,oy
ao,ao
m,m
aa,aa
r,r
aa,aa
kcl,tcl
iy,iy
bcl,tcl
s,s
q,dh
z,z
tcl,tcl
ax,eh
ih,ih
q,q
ix,iy
s,s
ih,ih
ey,eh
m,n
iy,iy
s,s
g,g
tcl,tcl
g,g
kcl,tcl
k,k
p,p
iy,iy
iy,iy
r,r
eh,ih
k,k
l,l
z,s
aa,aa
dcl,dcl
kcl,kcl
tcl,q
l,l
axr,ix
n,n
ae,ae
m,m
tcl,tcl
iy,ix
ih,ih
eh,ix
s,s
aa,ah
w,w
ih,eh
aa,aa
iy,iy
iy,iy
kcl,kcl
v,dh
eh,ah
sh,sh
axr,axr
m,m
bcl,bcl
n,ix
y,iy
m,n
oy,oy
ix,ix
th,t
z,z
dh,s
m,m
w,w
k,k
ih,ix
kcl,kcl
eh,eh
z,z
ay,ay
b,t
el,ow
k,k
eh,ae
t,t
aa,aa
v,v
s,z
n,n
bcl,bcl
ax,ax
ix,ax
eh,eh
iy,iy
aa,aa
dcl,dcl
s,s
k,k
s,s
kcl,kcl
l,ao
k,k
axr,q
ae,ae
f,f
s,s
w,q
s,s
z,sh
y,dx
r,axr
l,ow
th,pcl
tcl,tcl
l,l
ah,ah
iy,y
n,dcl
iy,ux
ey,iy
n,n
pcl,bcl
y,iy
t,t
gcl,dcl
dx,dx
iy,iy
ih,ih
iy,iy
m,bcl
hh,tcl
p,dh
iy,iy
gcl,dcl
z,s
r,r
gcl,dcl
hv,hv
w,l
g,k
en,ix
tcl,kcl
ux,ux
k,k
eh,ix
hv,hv
ix,ix
iy,iy
l,ax
uw,w
r,r
n,n
z,sh
m,n
t,t
ix,ix
z,s
ah,ah
ih,ih
p,p
ch,ch
ix,q
jh,jh
r,r
l,w
iy,iy
f,v
tcl,kcl
sh,sh
t,t
iy,iy
tcl,tcl
f,s
aw,aa
w,ao
eh,eh
r,er
ow,el
iy,iy
f,th
hv,hv
axr,ix
s,z
sh,s
r,r
aa,ay
v,v
w,w
ih,ih
aw,aa
aa,ao
ih,ey
eh,ae
w,w
el,ow
l,el
ng,bcl
r,v
s,s
ah,ax
ix,ix
tcl,y
r,r
ay,ae
uh,uh
el,w
axr,r
r,r
ow,ah
sh,sh
l,l
er,r
ax,l
s,s
aa,eh
kcl,kcl
ay,ow
s,s
n,n
s,s
s,s
l,el
m,m
s,s
ch,t
ow,ix
k,t
ah,ix
kcl,tcl
n,n
ey,ey
iy,ng
bcl,bcl
r,r
ih,r
kcl,tcl
k,t
bcl,bcl
kcl,f
bcl,bcl
iy,iy
l,n
dcl,gcl
t,t
n,n
ey,ix
kcl,pcl
aa,aa
iy,iy
v,v
gcl,gcl
n,n
n,ng
l,l
ng,n
ix,ix
dcl,gcl
v,v
t,z
z,z
sh,sh
ax,ix
ax,ix
r,r
sh,sh
tcl,tcl
eh,eh
hv,hh
ix,ix
dh,dh
r,r
z,z
ay,aa
aw,ax
ae,aa
dcl,n
jh,jh
axr,ix
v,v
en,en
q,q
w,w
r,r
ng,bcl
ey,ay
l,l
ih,ix
ao,ao
ax,ax
l,l
eh,eh
k,t
tcl,tcl
r,l
ux,ux
ax,ax
gcl,tcl
ae,ae
l,l
kcl,tcl
ax,ix
ae,ae
bcl,bcl
w,w
f,th
kcl,tcl
ey,ey
ux,ux
el,l
l,l
pcl,pcl
pcl,tcl
ix,iy
en,n
v,dh
l,l
ix,iy
gcl,kcl
ae,ae
v,bcl
ey,ih
l,w
ch,ch
er,axr
ah,ax
ao,ao
aa,ao
th,z
ix,ah
ux,ux
ax-h,ix
l,l
r,r
iy,iy
z,z
l,l
ax,n
ah,eh
w,w
iy,iy
iy,iy
tcl,tcl
iy,y
ey,ay
k,k
tcl,v
ae,ae
ay,aa
er,er
dcl,dcl
axr,ix
d,t
w,w
axr,r
iy,iy
n,n
q,q
aa,ao
ae,aa
l,l
v,v
iy,iy
tcl,tcl
r,r
n,m
n,n
iy,iy
gcl,gcl
n,n
p,p
hh,hh
hh,hh
s,s
oy,ay
ux,ux
m,m
tcl,tcl
z,s
dh,dh
ah,ah
ow,ow
s,s
bcl,tcl
dx,dx
iy,ey
ao,ow
s,s
dx,dx
dcl,tcl
ix,ix
bcl,pcl
pcl,pcl
bcl,pcl
s,sh
ix,ix
ng,ng
ey,iy
l,l
ix,ix
w,w
g,p
ux,ux
tcl,tcl
f,f
iy,iy
q,q
jh,t
z,s
ay,eh
m,n
f,f
oy,ay
gcl,n
r,r
sh,sh
iy,iy
ix,ix
ix,ix
gcl,dcl
tcl,pcl
gcl,bcl
dcl,tcl
eh,eh
l,r
eh,eh
ax,ax
m,n
iy,ix
n,n
t,k
n,n
ux,ux
f,f
n,n
l,ax
q,q
q,q
ng,n
ey,ey
ih,ix
ae,ae
ih,ih
ae,ae
ey,ey
ix,ae
kcl,tcl
th,tcl
s,s
bcl,bcl
axr,ax
n,n
r,r
aa,aa
g,g
m,dh
bcl,pcl
tcl,kcl
w,w
sh,sh
axr,axr
ao,w
ax,dh
kcl,tcl
iy,iy
n,n
gcl,dcl
axr,axr
r,r
ax,ih
ao,ao
eh,eh
y,y
tcl,ix
iy,iy
s,s
ux,ux
n,n
tcl,bcl
q,iy
ih,ih
bcl,bcl
ow,ow
n,n
ix,ix
sh,s
ey,ey
kcl,kcl
ay,ay
f,f
er,r
m,dcl
t,t
s,s
oy,oy
l,w
ae,ae
dcl,bcl
w,w
ng,n
dx,dcl
ih,ix
q,q
ax,r
ih,ix
p,p
ch,jh
t,d
p,t
en,tcl
tcl,tcl
n,n
kcl,tcl
w,r
ah,ah
ah,eh
q,q
r,r
s,s
th,t
axr,axr
ay,ae
l,w
iy,iy
aw,ay
iy,iy
ih,ih
t,t
ax,ow
q,q
ux,ux
dcl,tcl
s,s
z,z
kcl,p
ix,ix
k,k
zh,sh
ih,eh
z,z
w,w
ih,ih
g,k
ao,ao
s,s
k,k
z,s
n,n
ao,ao
s,s
ix,ix
en,n
g,dx
l,ay
r,r
n,n
r,r
ow,ih
iy,iy
l,w
er,er
hh,hh
m,m
q,q
ix,ix
pcl,pcl
n,n
ix,ix
n,n
n,ux
l,el
pcl,pcl
tcl,dcl
tcl,tcl
dx,ix
y,y
f,f
tcl,tcl
m,m
ow,ow
er,axr
iy,iy
w,w
r,r
r,ax
aa,aa
iy,ix
ow,ow
ix,ih
l,l
ey,ey
dcl,dcl
n,n
ey,ey
m,m
v,tcl
iy,iy
q,ix
aw,ay
ih,ih
s,s
s,s
ih,ey
ow,ow
uw,w
ih,ih
k,k
ih,ix
tcl,tcl
z,z
tcl,bcl
n,n
iy,iy
r,r
ix,z
m,n
gcl,gcl
ah,ax
iy,gcl
ow,aa
g,k
dcl,dcl
z,z
eh,ae
tcl,kcl
er,er
iy,y
n,n
kcl,kcl
s,s
axr,axr
ae,ae
tcl,pcl
t,t
ah,ah
z,z
axr,axr
q,q
s,s
aa,aa
bcl,bcl
gcl,tcl
n,n
sh,s
g,g
g,d
ae,ae
ix,ih
m,m
aa,aa
v,v
s,s
th,f
aa,ao
dh,bcl
p,p
iy,iy
aa,ao
ey,ey
ix,eh
ah,ah
aa,ao
n,n
iy,iy
l,l
b,tcl
r,w
bcl,bcl
l,l
bcl,pcl
tcl,tcl
ao,aa
s,z
el,el
s,s
l,ng
tcl,kcl
ey,ey
jh,jh
s,s
l,bcl
sh,sh
z,s
s,s
ae,ae
n,n
k,k
m,m
aa,ah
m,n
f,f
r,r
uh,ix
sh,sh
q,q
iy,iy
ix,ix
axr,r
nx,n
ao,aa
l,l
ih,ey
y,y
dcl,dcl
r,r
er,axr
w,w
iy,iy
kcl,tcl
dcl,dcl
dcl,dcl
tcl,pcl
iy,iy
ow,ow
axr,ix
pcl,kcl
hh,hh
gcl,dcl
l,l
ao,ao
ax,eh
aa,aa
iy,iy
n,ng
aa,ah
ax,r
sh,sh
aa,ao
ey,ey
y,iy
ix,n
aw,ao
ax,ax
tcl,pcl
nx,nx
n,tcl
ax,r
ey,ey
tcl,dcl
z,s
dcl,dcl
ay,ae
s,s
r,r
axr,axr
pcl,pcl
tcl,tcl
ux,iy
tcl,dcl
m,m
gcl,tcl
nx,n
ao,r
w,w
iy,iy
tcl,tcl
pcl,pcl
tcl,tcl
pcl,pcl
ih,iy
r,ax
iy,iy
ay,ay
kcl,kcl
r,r
aw,ae
y,y
ey,ey
ay,ah
p,k
dcl,tcl
nx,n
g,g
eh,eh
l,el
w,w
l,l
r,r
ux,ux
ax,ix
z,z
l,n
w,w
ix,ix
ix,ih
iy,iy
jh,jh
l,l
dx,n
r,q
ux,ux
kcl,kcl
ax,ax
el,q
t,t
iy,iy
ux,ux
iy,iy
axr,g
m,m
er,ae
dh,v
ae,ae
m,m
dcl,pcl
kcl,kcl
dh,v
sh,sh
dcl,dcl
r,ix
n,n
sh,sh
k,k
ae,ae
ae,ae
ow,ow
bcl,bcl
ae,ae
ix,ax
p,p
aa,ae
k,k
tcl,tcl
dh,ix
kcl,pcl
ix,ix
ix,ix
dcl,tcl
ah,eh
r,r
q,q
dx,dx
iy,ix
g,d
en,en
ae,eh
n,n
z,s
iy,iy
jh,t
hv,hv
k,g
l,ax
ix,r
s,s
ix,ih
p,p
bcl,bcl
q,q
hh,f
w,w
aa,aa
ix,ix
ih,ah
eh,iy
gcl,bcl
oy,ow
f,f
aa,aa
l,w
s,s
tcl,tcl
s,s
ae,ae
iy,iy
ax,ix
s,s
sh,sh
ux,iy
z,z
s,z
l,l
eh,eh
ux,iy
n,n
s,s
n,n
ng,m
axr,r
r,r
ix,ix
l,l
g,p
m,r
ae,ae
v,bcl
ih,iy
pcl,pcl
axr,axr
k,k
g,g
g,t
dcl,dcl
uh,w
ay,ay
ux,axr
s,s
dcl,tcl
ax,ax
eh,ih
tcl,tcl
kcl,kcl
axr,axr
v,v
tcl,tcl
tcl,dcl
en,ix
z,z
n,ax
pcl,pcl
axr,axr
iy,iy
ey,ey
tcl,tcl
eh,eh
ao,ao
r,r
q,q
dx,gcl
er,axr
r,r
axr,ix
kcl,kcl
r,r
r,r
q,q
ax-h,kcl
kcl,tcl
q,q
s,s
ae,ae
w,w
ix,iy
w,w
g,g
v,v
eh,ix
s,s
iy,iy
ow,ih
iy,iy
eh,eh
ae,ae
axr,er
ix,ix
iy,iy
kcl,pcl
iy,iy
ey,ih
ae,ae
iy,iy
ow,eh
z,s
ih,ix
z,z
t,p
aa,l
eh,ix
ux,iy
r,r
kcl,pcl
hv,hv
axr,r
tcl,tcl
k,k
g,t
l,r
ix,iy
t,t
dh,t
gcl,kcl
aa,ao
pcl,pcl
tcl,kcl
el,el
iy,iy
q,q
r,r
eh,ih
v,pcl
dcl,dh
jh,sh
ix,ix
aa,aa
ax,ax
ng,n
kcl,kcl
nx,n
er,axr
ix,ix
pcl,tcl
n,n
dx,dx
gcl,tcl
tcl,pcl
r,ax
ux,ux
ih,ix
kcl,hh
dh,dh
w,ao
y,l
ix,ix
ix,ix
n,n
b,p
w,w
r,r
n,m
q,q
ey,iy
t,t
dx,dx
dcl,kcl
ax,ix
aa,eh
en,n
t,jh
n,n
ax,ax
dcl,dcl
ih,ax
kcl,kcl
w,w
r,r
s,s
w,ao
ae,ae
p,k
ae,ay
z,z
ax,ix
l,l
ao,ao
y,ix
ix,ix
d,d
w,q
kcl,tcl
ah,ah
ax,r
ax,v
s,s
ah,ow
ix,ix
r,r
n,n
aa,aa
k,k
n,n
v,v
d,dh
iy,iy
ih,ix
dcl,dcl
n,bcl
m,m
aw,ae
ix,ix
k,k
eh,ey
ih,ih
aa,ah
iy,iy
pcl,bcl
w,w
dcl,tcl
n,n
kcl,tcl
dh,dh
ng,m
ow,ow
ix,ix
l,el
p,p
k,k
sh,sh
ay,ay
t,t
kcl,kcl
ae,eh
f,f
r,q
dcl,dcl
ao,ao
ae,ae
th,f
r,r
d,d
ay,ae
eh,eh
r,r
ix,q
kcl,pcl
axr,axr
ah,aa
l,ao
dcl,dcl
gcl,tcl
ae,ae
t,t
ix,ix
ix,ix
v,v
dx,dcl
k,k
v,z
l,l
r,r
gcl,gcl
w,w
v,v
f,f
r,r
tcl,tcl
tcl,pcl
ux,iy
kcl,kcl
gcl,p
er,er
r,ax
m,m
ae,ae
iy,iy
r,r
ix,ix
r,r
ux,ux
uh,ix
ey,ey
dx,r
w,w
p,p
w,w
ow,ow
y,q
n,bcl
m,m
eh,axr
ih,ih
d,jh
iy,iy
pcl,pcl
s,s
s,s
n,ix
ae,ey
r,r
p,p
n,n
ah,ow
sh,s
ay,ay
t,t
iy,iy
ao,ow
k,k
ng,m
ae,eh
tcl,dh
l,l
w,w
s,z
jh,t
z,z
ix,z
axr,ow
ih,ih
l,iy
r,r
ow,ow
nx,n
ix,ix
ix,ix
tcl,tcl
ow,ow
iy,iy
k,tcl
bcl,dcl
q,ix
ix,r
r,ax
th,k
ih,ax
iy,iy
tcl,tcl
l,w
s,z
s,s
t,t
ix,ix
s,s
t,t
ae,ae
ey,ey
ch,ch
dcl,dcl
w,w
k,k
axr,axr
n,bcl
iy,iy
iy,iy
l,l
eh,ih
ax,ax
n,n
gcl,gcl
m,n
f,f
iy,iy
ix,iy
pcl,tcl
l,l
tcl,kcl
t,t
r,dx
z,z
ae,ey
tcl,tcl
ow,ow
jh,t
pcl,v
k,k
ax,ax
eh,aa
l,ix
w,w
ux,ux
l,l
ix,ix
ux,ih
ix,z
hh,hh
kcl,kcl
dh,f
eh,ix
s,s
s,s
ih,ix
v,v
q,q
v,v
iy,ih
q,n
dcl,dcl
ax-h,hh
ax,l
q,q
pcl,tcl
r,r
pcl,pcl
aa,ao
eh,ix
kcl,pcl
ao,w
ae,ae
q,q
ih,ih
t,k
ah,ax
dcl,dcl
hh,hh
d,t
kcl,kcl
en,n
l,l
t,t
tcl,tcl
bcl,pcl
r,ix
ng,n
ix,ix
kcl,kcl
y,dx
ix,ih
ax,w
iy,iy
dcl,dcl
y,y
k,k
ix,ix
ae,ae
ow,ao
s,s
jh,sh
gcl,dcl
iy,iy
z,s
y,y
k,p
m,m
er,axr
l,q
pcl,kcl
r,r
tcl,kcl
zh,sh
ah,ow
sh,sh
ax,w
w,w
ih,ix
ix,iy
nx,n
sh,sh
s,s
er,ux
tcl,tcl
ix,ix
hh,t
ah,l
ix,ix
ix,ix
t,t
bcl,bcl
gcl,gcl
ao,l
ux,ux
iy,iy
dx,dx
ow,ao
eh,ix
sh,sh
axr,axr
k,k
ch,s
iy,iy
iy,iy
axr,axr
v,dx
t,t
r,axr
tcl,pcl
el,ao
s,s
iy,ix
tcl,tcl
l,ow
dcl,dcl
f,f
ih,ih
aa,aa
r,r
iy,ix
ax,ax
ah,eh
ux,ux
ae,ae
ch,jh
ah,eh
dx,d
q,q
iy,iy
s,s
l,dx
ih,ey
f,f
k,k
kcl,tcl
r,r
v,v
r,r
l,l
ae,ae
m,m
ix,ey
hh,hh
gcl,dcl
ih,ih
iy,ng
n,n
ax,el
kcl,tcl
t,t
s,sh
ae,ae
v,v
ey,ey
ao,ao
zh,sh
pcl,tcl
z,z
s,s
ng,n
iy,iy
l,l
ae,ae
ae,eh
k,tcl
kcl,pcl
ow,l
ao,el
hv,ix
ax,eh
r,r
iy,iy
tcl,pcl
s,s
d,tcl
r,axr
z,z
l,q
iy,iy
ix,ix
dcl,dcl
aa,aa
ux,ux
w,w
ax,l
y,y
ih,r
hv,ix
z,z
iy,iy
kcl,kcl
m,n
ey,ey
hv,hv
kcl,kcl
kcl,kcl
ix,ix
ow,ao
ao,ao
s,s
bcl,bcl
l,l
d,t
dcl,dcl
kcl,tcl
ey,ey
pcl,pcl
ao,ao
y,iy
iy,ix
m,n
q,q
dcl,tcl
k,k
kcl,kcl
s,z
ih,iy
ah,ae
dcl,dcl
ix,ow
iy,iy
ix,ix
t,t
iy,ey
ah,ah
ae,ae
z,s
s,s
l,el
ux,ux
l,w
ih,ix
dcl,bcl
ae,ae
l,l
uw,uw
f,f
ux,ih
th,f
ax,ax
t,t
iy,iy
tcl,dcl
kcl,bcl
n,dcl
eh,eh
ix,ix
k,t
m,r
dh,p
q,q
n,n
r,r
ix,iy
dx,ax
pcl,bcl
z,z
l,l
w,w
dx,dx
iy,iy
er,er
z,s
hh,hh
ey,ey
ix,ix
ay,aa
g,p
t,p
t,t
ey,iy
gcl,dcl
q,q
ih,ix
em,ng
r,r
jh,t
axr,er
n,m
n,n
kcl,kcl
dh,q
axr,r
ih,ax
f,f
ch,jh
ux,ux
axr,axr
m,m
ch,sh
ax,ix
ih,ix
q,q
z,s
r,r
ih,ih
ih,ey
tcl,tcl
bcl,bcl
t,t
dcl,dcl
ix,ix
ng,ng
m,m
tcl,v
q,ix
ih,ix
ao,ao
eh,ix
d,k
s,s
w,w
ix,ix
ih,ih
k,k
jh,t
r,r
l,q
z,s
f,f
el,el
ow,ow
dcl,n
ao,ah
iy,iy
q,q
dcl,dcl
tcl,d
g,g
m,m
z,z
ae,eh
sh,sh
dcl,bcl
l,ax
pcl,pcl
er,er
s,s
iy,iy
n,n
ah,l
g,t
s,s
k,g
s,s
ah,ah
t,t
ix,ix
n,n
ah,ao
tcl,pcl
er,axr
tcl,tcl
ay,ay
gcl,bcl
n,n
g,tcl
s,z
iy,iy
pcl,pcl
kcl,pcl
n,n
iy,iy
ih,ax
dcl,pcl
s,s
iy,iy
l,l
q,q
l,q
pcl,tcl
tcl,tcl
ae,ae
jh,ch
pcl,bcl
ae,ae
uw,uw
aa,aa
ae,eh
er,er
ax,ix
s,s
tcl,pcl
ao,ao
r,v
ih,ih
iy,ux
w,w
pcl,pcl
dcl,dcl
ix,ix
ih,r
s,s
er,r
ux,ix
s,s
ey,ey
ux,ux
eh,ah
sh,sh
ae,ae
ay,ay
axr,axr
iy,iy
v,v
pcl,tcl
r,er
p,p
ay,ay
kcl,tcl
ih,ix
s,s
iy,iy
r,w
r,r
r,r
n,dcl
ay,aa
z,z
sh,sh
w,w
tcl,tcl
gcl,bcl
iy,iy
r,r
r,axr
r,r
kcl,kcl
l,q
sh,zh
l,w
ix,ix
z,s
ey,ey
tcl,tcl
iy,iy
ix,q
f,f
n,n
iy,iy
ux,ux
ng,n
ey,ey
d,d
f,th
ao,ao
n,n
z,z
dx,n
en,n
t,t
iy,iy
l,l
dcl,dcl
ey,iy
bcl,pcl
s,s
t,t
sh,sh
aa,ah
z,z
s,s
bcl,bcl
ix,ih
ao,ao
ay,ah
ah,ah
ix,ix
dcl,dcl
s,z
ah,ah
m,axr
dcl,dcl
ax,ah
ih,iy
q,q
er,er
g,k
ix,axr
ae,ae
w,ah
ey,ey
ix,ix
w,w
l,ao
dcl,pcl
uh,l
iy,iy
dh,dh
t,t
iy,iy
s,s
r,r
q,q
ix,iy
n,n
w,w
g,k
eh,ih
s,s
ax,ix
uh,ow
aw,ah
z,z
dh,dh
el,el
s,s
f,f
tcl,tcl
tcl,tcl
w,w
sh,sh
r,ay
ey,iy
ix,ax
dcl,dcl
s,s
aa,ao
gcl,ng
l,ax
sh,sh
ay,ay
ix,ix
ix,ux
kcl,kcl
r,r
aa,aa
m,iy
eh,ah
ey,ey
ix,ax
dcl,dcl
tcl,tcl
pcl,tcl
ao,aa
ey,ih
pcl,pcl
iy,iy
ax,bcl
aa,ao
s,s
k,t
dx,bcl
m,m
ix,ux
ow,ao
bcl,bcl
l,l
s,s
aa,ay
ax,r
iy,iy
k,k
ix,ix
axr,axr
ay,ay
ih,iy
iy,iy
axr,r
r,r
aa,ao
ix,iy
ix,dx
kcl,gcl
t,t
kcl,tcl
ah,ah
hv,hv
w,w
n,n
ao,ao
l,ix
ih,iy
f,f
ih,ih
n,n
ix,ix
s,th
r,r
r,axr
axr,axr
iy,iy
s,s
ng,n
el,ow
dcl,n
kcl,kcl
ih,eh
axr,er
ax,ax
q,q
tcl,pcl
w,w
zh,z
tcl,w
r,axr
ae,ae
dx,ix
r,r
y,y
ix,ix
eh,ey
aw,ao
pcl,pcl
k,p
f,s
ae,ae
ih,ih
ey,ey
r,r
ey,ey
er,axr
sh,sh
tcl,tcl
uw,axr
w,w
ay,ay
ih,ih
ax-h,z
ix,dh
er,er
z,s
r,r
th,t
ix,ix
kcl,kcl
bcl,bcl
v,v
pcl,f
ih,ux
ih,ix
k,t
hv,hv
tcl,pcl
dcl,tcl
l,l
th,dh
r,r
iy,iy
ix,ix
n,v
tcl,pcl
n,n
ix,ng
r,r
tcl,tcl
kcl,pcl
ax,ix
ao,w
ax,ax
q,q
gcl,dcl
d,kcl
ax,uh
t,t
dh,p
ow,ow
t,t
nx,n
tcl,pcl
r,r
gcl,dcl
q,q
ih,ih
f,f
s,s
r,r
kcl,pcl
q,bcl
iy,iy
th,th
n,n
oy,ow
dh,dh
t,d
kcl,kcl
bcl,bcl
en,q
eh,eh
ae,aa
ae,ih
ih,ih
iy,iy
d,p
r,iy
ih,ix
ng,r
tcl,kcl
q,q
f,s
kcl,kcl
ix,ix
y,y
eh,ix
dcl,dcl
y,y
sh,sh
z,z
dh,dh
ah,ix
er,er
ix,ix
er,r
r,ao
ch,sh
ae,ae
aa,ae
iy,iy
ay,ay
en,en
aa,aa
ix,r
l,m
r,r
ax,ix
aw,q
ah,ah
q,p
q,q
r,r
n,n
f,f
ao,ao
r,r
l,ah
s,s
z,z
b,dx
s,s
l,l
ow,el
t,t
ay,ay
r,axr
d,b
sh,sh
ey,ey
tcl,v
q,q
er,r
jh,jh
kcl,tcl
kcl,tcl
aa,aa
aa,aa
eh,ix
ax,ax
eh,eh
r,dx
ih,hv
dh,d
s,s
ae,ae
ix,ih
gcl,bcl
ax-h,t
m,n
ng,q
ae,ae
nx,n
ah,ah
r,r
p,p
l,ax
kcl,tcl
gcl,n
s,s
t,t
jh,sh
tcl,kcl
k,k
r,ix
k,k
ay,ay
ux,ux
f,f
ao,ao
r,r
ay,ay
hh,hh
jh,jh
nx,n
pcl,pcl
g,d
ae,ae
aa,ay
r,v
l,l
ix,ix
ao,ao
s,s
iy,iy
s,s
ey,ey
w,w
n,n
uw,uw
th,pcl
tcl,gcl
aw,aa
dcl,dcl
n,n
y,l
f,kcl
r,r
ix,ix
er,axr
t,t
aa,ao
dx,dcl
tcl,pcl
ao,aa
v,v
y,y
pcl,pcl
r,r
tcl,dx
ey,iy
r,r
eh,eh
ux,iy
g,g
tcl,dcl
dcl,pcl
dcl,bcl
ch,ch
t,t
p,p
kcl,kcl
w,w
n,m
iy,y
ix,ix
p,t
oy,oy
r,r
ix,q
t,sh
s,s
pcl,tcl
z,s
dcl,dcl
n,n
p,d
w,w
l,r
nx,n
ey,ey
r,r
r,r
ix,ix
ih,ih
l,l
l,ax
jh,r
t,jh
sh,sh
ih,ix
eh,eh
ch,jh
jh,jh
p,ix
ae,ae
ih,ix
en,n
l,l
ao,ao
y,y
ae,ae
w,w
r,r
ih,ih
p,k
gcl,dx
dcl,dx
ng,n
ax,q
eh,eh
kcl,kcl
ih,iy
l,el
n,n
ih,ux
dx,dcl
uh,ih
m,n
iy,iy
n,n
l,l
ay,ae
f,f
iy,iy
ao,ao
l,ao
ix,ix
axr,r
s,s
l,el
ao,ao
ao,ao
w,ao
bcl,bcl
ow,eh
ey,ey
ao,w
r,r
f,f
kcl,pcl
tcl,tcl
ae,ih
zh,ch
hh,hh
aa,aa
iy,iy
z,s
ng,bcl
z,z
ax,eh
l,l
ae,q
ng,n
ah,ao
iy,iy
y,iy
w,w
ow,ow
k,k
sh,ch
ey,ey
gcl,tcl
ch,sh
k,k
jh,sh
p,p
t,d
kcl,tcl
ax,ax
ax,ax
ae,ae
ax,ax
s,s
l,l
ix,ix
ae,ae
m,m
sh,sh
ih,ih
r,r
eh,ae
f,f
ao,ao
m,n
s,s
s,z
aa,ao
ax,ix
kcl,kcl
l,ah
dcl,dcl
ay,ay
kcl,tcl
nx,dx
q,kcl
pcl,pcl
y,y
tcl,tcl
w,w
aa,ao
er,er
s,f
s,s
s,s
t,t
iy,ux
aa,aa
ae,eh
m,n
ah,eh
m,bcl
z,z
ax,r
q,p
ah,ah
m,m
nx,dx
aa,aa
ix,ix
ow,ow
l,l
f,f
tcl,tcl
th,f
dcl,tcl
eh,eh
iy,iy
m,n
ah,ix
axr,r
uh,ix
el,q
w,w
aa,ao
ih,ih
axr,axr
ay,aa
aa,r
ih,ix
hv,hh
ey,ey
kcl,tcl
k,k
kcl,tcl
ch,ch
er,axr
bcl,pcl
n,n
dcl,tcl
r,r
ae,ae
q,q
r,axr
iy,iy
em,m
dcl,dcl
r,r
w,w
eh,ey
er,er
n,n
ih,iy
iy,r
axr,axr
dcl,bcl
d,t
axr,er
th,th
l,r
d,t
q,ng
iy,iy
l,l
dcl,tcl
kcl,kcl
m,bcl
gcl,dcl
uw,ow
r,r
ix,ix
m,m
ax,r
s,s
t,jh
l,r
ix,ix
tcl,p
f,f
ow,ow
y,y
w,r
k,k
dh,dh
k,k
gcl,gcl
tcl,tcl
k,k
ix,ix
r,r
ae,ae
ey,ey
pcl,pcl
z,z
ey,ey
ix,ix
q,q
ah,aa
ae,ae
iy,iy
dcl,dcl
er,ao
axr,r
sh,sh
n,m
kcl,kcl
p,k
v,v
tcl,tcl
ao,w
k,t
ow,ow
iy,iy
s,s
ao,ao
dcl,dcl
en,n
ix,iy
f,f
n,n
m,n
sh,sh
kcl,kcl
ih,ih
axr,r
kcl,ix
tcl,tcl
q,q
s,s
kcl,pcl
ax,ax
f,f
iy,iy
m,ng
t,t
y,iy
n,n
m,n
t,t
l,ax
s,s
m,m
axr,axr
s,s
ah,ay
kcl,pcl
tcl,tcl
dcl,bcl
ix,ix
s,s
uw,ow
iy,iy
kcl,kcl
ix,q
n,n
v,v
oy,eh
ah,l
iy,iy
w,w
t,t
dx,dx
ah,ax
f,t
iy,ih
s,s
l,l
p,sh
kcl,kcl
t,t
pcl,pcl
q,q
ax,n
er,eh
er,axr
aa,ao
ow,ow
n,n
eh,ih
aa,r
n,n
tcl,pcl
s,s
r,r
dh,dh
n,n
aa,aa
ix,ix
ix,ix
t,d
ih,ux
v,pcl
aa,ah
dx,dx
g,dx
ae,eh
th,s
l,w
ao,ao
ey,ey
ao,l
l,ax
ao,ao
ih,iy
ay,ae
ix,ix
axr,r
pcl,pcl
eh,ih
q,q
sh,sh
pcl,tcl
s,th
iy,iy
s,s
ux,ix
kcl,tcl
el,ax
ah,eh
aa,aa
aw,ae
ao,ao
r,r
l,w
ih,iy
tcl,n
n,bcl
r,r
ux,iy
bcl,pcl
p,p
q,q
z,sh
d,g
q,q
eh,ey
bcl,bcl
s,s
hh,hh
bcl,tcl
r,r
ix,ix
sh,sh
r,r
s,s
ay,ay
iy,iy
axr,axr
s,s
s,s
r,ao
w,ax
sh,sh
hh,hv
tcl,tcl
ay,ay
hh,p
g,y
f,f
axr,er
s,s
uw,ux
iy,iy
el,el
ih,ow
eh,ix
s,s
t,s
ay,ae
ae,ae
z,z
ae,ae
l,l
n,m
y,iy
er,axr
nx,n
n,n
l,l
l,l
f,f
m,n
ux,ix
el,w
iy,iy
ix,dx
n,n
ih,ih
z,jh
iy,y
ix,ix
s,s
t,t
ey,ih
ix,iy
w,w
ay,aa
hh,p
dx,ix
dcl,pcl
m,m
l,l
z,s
ae,ae
tcl,pcl
dcl,tcl
l,l
oy,aa
l,w
q,q
n,n
k,t
ay,ay
er,er
k,k
w,w
ix,gcl
ih,ih
f,f
aw,ao
kcl,kcl
p,p
ay,ah
r,r
er,ey
b,p
gcl,tcl
ow,ow
ix,ix
ch,s
tcl,bcl
er,er
m,m
ix,ey
n,n
n,n
y,iy
w,w
f,f
n,n
s,s
r,r
ix,iy
iy,ix
tcl,tcl
dx,dx
pcl,bcl
eh,ae
dcl,dcl
ax,ax
dx,dx
s,s
ax,ax
s,s
n,n
bcl,pcl
q,t
dcl,dcl
q,q
f,f
dcl,dcl
kcl,kcl
iy,iy
ay,ae
ae,ae
r,r
s,s
ow,eh
ax,ax
r,r
m,dcl
dh,dh
kcl,kcl
iy,iy
iy,iy
hv,hv
ay,ay
k,d
ay,ah
l,l
n,n
iy,iy
m,m
axr,r
dh,n
pcl,pcl
ax,ix
ao,ao
ey,ey
iy,iy
l,n
r,w
iy,iy
y,q
pcl,pcl
n,n
m,m
kcl,kcl
ao,ao
p,p
pcl,kcl
ng,n
r,r
dcl,dcl
ay,ay
ih,iy
kcl,pcl
q,q
ae,eh
z,z
ih,eh
tcl,tcl
t,t
ao,ao
iy,iy
dcl,dcl
iy,iy
ae,ae
s,s
ae,ae
ix,ix
z,z
s,s
n,dx
s,z
s,s
r,r
ih,ih
s,s
axr,axr
m,n
iy,iy
s,s
w,w
s,s
eh,ih
n,n
n,dcl
b,p
m,m
ow,ao
jh,jh
er,ih
tcl,kcl
k,k
b,p
w,w
s,s
d,s
tcl,tcl
axr,ih
g,g
er,axr
ih,eh
dcl,dcl
ux,iy
s,s
s,z
s,sh
m,n
ay,ae
dcl,dcl
iy,iy
ae,ae
iy,ix
ng,ix
aa,ao
ax,ix
tcl,tcl
ay,ay
eh,eh
z,t
q,ix
g,k
t,ch
iy,iy
eh,q
uw,uw
eh,eh
ih,ih
oy,oy
l,r
gcl,pcl
ix,q
ih,r
er,ih
n,n
l,l
z,z
ix,ix
z,z
q,q
n,n
z,s
axr,r
dcl,dcl
l,l
iy,iy
ay,ay
ih,ix
tcl,pcl
gcl,gcl
l,l
r,r
ah,ax
iy,iy
ao,ao
er,ow
m,n
uh,ax
tcl,tcl
m,n
p,p
r,r
q,q
dcl,z
pcl,pcl
w,w
v,v
dh,th
ah,eh
ey,ey
s,s
ao,ao
k,k
kcl,pcl
s,s
f,t
ix,ix
g,k
pcl,pcl
tcl,tcl
eh,ix
m,m
y,ih
ih,ih
dx,dx
n,n
iy,iy
t,t
r,r
t,t
dh,p
ao,r
v,v
hh,k
kcl,kcl
iy,iy
n,m
oy,oy
q,q
ae,ae
ay,aa
r,r
iy,iy
ih,ih
m,m
er,er
n,n
ix,ix
aw,ay
iy,y
l,l
er,r
ey,ey
z,z
tcl,pcl
iy,iy
s,s
z,z
ih,ih
ae,ae
ao,ao
eh,eh
iy,iy
th,f
z,s
s,ch
eh,eh
m,m
axr,r
l,l
q,tcl
r,r
ae,ae
ux,ix
m,m
el,el
tcl,tcl
aa,ao
ux,ix
q,dcl
axr,r
ih,ih
th,th
ae,ae
w,w
ae,ae
ix,ix
iy,iy
ix,ix
r,r
ix,ix
ih,iy
ch,ch
t,t
er,eh
aa,aa
iy,y
ax,ix
jh,t
kcl,tcl
s,s
s,s
ix,ix
dcl,bcl
ao,el
l,m
ix,ix
q,dx
ao,ao
z,s
ih,iy
ao,ow
r,r
aa,ao
axr,ih
ng,m
dx,dh
ix,ax
k,t
ae,ae
ao,ao
n,n
tcl,tcl
kcl,kcl
ix,ih
ey,ey
eh,r
dcl,dcl
ae,ae
r,r
r,r
n,n
sh,sh
l,l
ax,uw
ax,ah
n,ix
s,s
ng,n
iy,iy
ux,ix
q,hv
axr,axr
hv,hh
dcl,dcl
ih,iy
kcl,kcl
q,q
tcl,tcl
dh,z
ix,ix
eh,r
er,er
f,f
n,n
n,n
tcl,pcl
z,z
f,f
axr,axr
ey,ey
ae,ae
aa,ao
eh,eh
kcl,dcl
v,dh
dh,dh
ao,w
ah,ah
ey,iy
axr,r
jh,t
s,s
axr,axr
ae,ae
p,p
tcl,dcl
uh,ih
m,m
tcl,pcl
ng,n
z,z
m,w
y,y
ih,l
iy,iy
el,el
ae,ey
w,w
p,t
ix,iy
sh,s
ao,ao
ix,ix
gcl,gcl
ey,ih
l,l
w,r
f,f
tcl,tcl
ah,ah
f,v
w,l
ow,l
s,sh
ae,ae
ey,ey
n,n
t,t
ix,ih
s,s
n,m
l,l
n,dx
axr,axr
z,s
ix,ix
ah,ah
l,l
dcl,dcl
w,w
tcl,pcl
tcl,tcl
p,f
w,w
r,r
s,s
aa,ae
ux,ux
m,n
oy,ao
s,s
y,y
ae,ae
ix,ix
ux,ux
ay,ay
pcl,tcl
ey,ey
sh,sh
l,l
ow,ow
l,l
ah,ax
l,l
ae,ae
eh,ix
sh,s
dcl,bcl
axr,aa
l,l
ix,ix
sh,sh
z,th
l,l
gcl,dcl
g,p
v,v
l,w
ix,ix
n,n
v,v
pcl,tcl
r,r
w,w
er,er
g,g
l,l
s,s
ao,aa
s,f
q,q
m,m
pcl,pcl
eh,ah
iy,ih
aa,aa
kcl,gcl
ih,ih
ae,ae
iy,iy
iy,iy
g,g
axr,axr
s,s
gcl,r
el,ao
axr,er
tcl,p
ih,ux
ao,ao
iy,iy
sh,sh
ix,ix
axr,axr
axr,r
v,v
t,t
f,f
ax,ax
g,g
iy,iy
el,uw
k,d
eh,eh
ix,ux
ih,eh
ih,ih
eh,r
dh,dh
q,ix
k,d
ix,eh
y,iy
w,w
iy,q
eh,eh
sh,s
ow,l
r,iy
tcl,kcl
ay,ay
tcl,tcl
s,s
dcl,tcl
r,er
ng,n
er,er
r,w
ax,ix
q,q
ao,aa
iy,iy
n,n
s,s
sh,s
r,r
l,l
er,ih
dx,dcl
y,y
hv,hv
axr,r
s,s
tcl,dcl
th,t
ax,ax
kcl,k
s,s
ix,ix
ah,ae
q,el
sh,sh
iy,iy
s,s
s,t
l,l
dcl,bcl
ae,ae
ih,ux
axr,axr
ih,ih
sh,sh
q,q
k,k
z,t
r,axr
axr,r
er,er
m,m
t,t
dcl,kcl
n,n
eh,eh
d,t
ch,sh
l,l
iy,iy
y,y
l,ax
s,s
m,n
ix,ix
l,w
axr,ix
axr,er
kcl,kcl
ng,ng
s,s
dcl,dcl
eh,ix
iy,ux
r,r
kcl,kcl
n,n
gcl,dcl
ih,ix
kcl,tcl
iy,iy
r,dx
pcl,pcl
iy,ux
ng,n
axr,axr
k,t
ix,iy
ay,aa
iy,ix
iy,iy
ix,ix
w,l
dh,dh
ih,ey
iy,iy
gcl,bcl
axr,axr
p,p
v,ix
dcl,dcl
z,s
ih,ih
iy,y
b,d
ae,ae
n,n
v,v
ah,ao
ae,ae
m,m
f,dh
ux,ih
s,s
bcl,bcl
ix,ix
pcl,pcl
l,ow
s,s
n,n
l,ax
n,n
sh,sh
t,jh
tcl,tcl
f,s
iy,ey
ux,iy
ix,gcl
f,f
l,l
ux,ax
ih,ix
dcl,kcl
kcl,kcl
ng,gcl
r,w
n,n
ux,ux
ow,ow
ix,ix
jh,ch
w,q
ey,ay
p,k
dx,ix
q,q
kcl,tcl
th,z
z,ix
dcl,dcl
ae,ae
g,k
r,r
n,ix
ah,eh
s,s
tcl,kcl
ix,ih
p,k
k,k
axr,ix
ix,q
en,n
iy,iy
r,r
aa,aa
ao,w
n,n
kcl,q
ow,ao
axr,axr
tcl,pcl
ch,ch
m,n
ay,oy
k,p
ax,ax
tcl,p
ux,ux
ux,ix
tcl,tcl
g,g
eh,ih
iy,iy
r,r
p,p
gcl,gcl
ah,ow
tcl,dcl
kcl,kcl
r,r
l,l
kcl,pcl
jh,jh
ix,ix
y,y
f,f
ey,ey
kcl,kcl
kcl,tcl
r,r
eh,eh
ux,iy
iy,iy
p,jh
ix,ix
n,n
ix,ix
ey,ih
ux,ux
n,n
g,tcl
tcl,tcl
axr,n
ix,ix
s,s
k,k
ao,ao
pcl,pcl
w,w
r,r
ah,ax
er,axr
aa,aa
ch,k
ae,ae
tcl,tcl
s,t
sh,sh
ae,ae
n,n
q,q
ix,ix
iy,iy
kcl,kcl
ix,ix
ux,iy
ix,r
f,f
p,d
er,er
aa,aa
s,s
kcl,tcl
axr,axr
uh,ax
ax,l
n,n
ey,ey
ey,ey
ax-h,kcl
dcl,gcl
p,dx
l,ax
er,hv
w,w
z,z
ih,ux
ix,tcl
eh,eh
axr,axr
hv,hh
n,n
q,q
r,r
eh,eh
s,s
aa,ao
ih,iy
s,s
z,s
n,ng
ey,ey
t,p
hv,hh
sh,sh
axr,r
ah,ah
pcl,pcl
ow,ow
ae,ae
k,k
l,l
z,z
ey,ey
v,ax
ao,ow
r,r
s,s
z,z
pcl,pcl
axr,axr
dcl,gcl
ix,ix
iy,iy
q,jh
gcl,bcl
r,r
iy,iy
ih,ih
iy,iy
p,p
hh,dh
ih,ix
pcl,pcl
kcl,pcl
dx,dx
pcl,pcl
hv,hv
f,f
eh,ae
s,s
m,m
p,t
ax,ax
ih,eh
ih,ax
y,y
m,n
el,ao
tcl,pcl
gcl,dcl
ey,ih
axr,ih
ch,ch
ix,ix
s,s
m,m
ux,ux
eh,ae
bcl,bcl
t,p
hh,hh
nx,nx
m,m
y,iy
ih,ih
tcl,tcl
tcl,tcl
y,ix
iy,iy
axr,r
s,s
f,s
ay,ay
n,n
ae,ae
ae,ae
sh,sh
ay,ay
axr,axr
t,q
el,ax
m,m
ih,ix
dcl,tcl
w,w
y,y
ix,ix
l,l
iy,iy
axr,axr
iy,iy
l,l
bcl,f
axr,ix
aa,aa
ih,ix
ao,w
kcl,kcl
pcl,pcl
y,y
iy,iy
m,n
ux,ux
ch,ch
s,s
pcl,pcl
ix,ix
nx,n
r,r
bcl,bcl
ae,ae
m,m
kcl,pcl
oy,oy
k,k
s,s
ih,ux
g,g
axr,r
m,n
m,n
nx,l
ih,ih
dcl,dcl
aa,ao
jh,jh
ng,n
iy,iy
ah,l
r,eh
kcl,kcl
ay,ey
ih,ih
kcl,pcl
n,n
l,l
tcl,pcl
tcl,bcl
ih,iy
kcl,kcl
ao,ao
gcl,gcl
ih,ae
w,w
y,y
aa,aa
v,v
ow,ao
ax,ix
hh,p
eh,ey
ay,ay
w,el
gcl,gcl
s,s
s,s
r,r
bcl,bcl
iy,iy
m,m
ih,ey
t,kcl
dx,dx
r,ix
gcl,gcl
q,ix
p,p
ih,ih
m,bcl
bcl,bcl
ih,ux
dx,dx
eh,ix
ah,ih
ux,ix
ax,ax
f,f
ix,ix
dx,dx
t,t
t,t
aa,ay
s,s
tcl,dx
axr,r
kcl,kcl
dh,dx
ay,ay
ae,ae
q,ix
z,z
m,n
r,v
kcl,g
ao,ao
s,s
y,y
f,f
iy,iy
ey,ey
eh,eh
t,t
tcl,q
r,r
dcl,dcl
kcl,kcl
iy,iy
sh,sh
l,ax
w,w
ae,ae
r,r
s,s
l,l
axr,axr
f,f
t,t
s,s
uh,l
er,er
r,r
ix,ix
r,r
w,w
ao,ao
n,n
iy,iy
dh,dh
d,g
l,ax
f,f
ax,ix
ae,ae
dcl,kcl
iy,y
r,axr
kcl,pcl
ih,ix
ih,r
axr,r
iy,iy
k,k
q,q
s,s
r,dx
ao,ao
th,dh
l,l
sh,sh
s,z
k,k
n,n
ix,ax
ao,ay
ae,eh
kcl,kcl
ih,ey
jh,jh
eh,eh
w,w
kcl,tcl
kcl,kcl
eh,eh
d,jh
t,ch
r,eh
eh,r
l,w
tcl,tcl
dcl,gcl
m,m
aa,ao
t,t
ix,ix
q,pcl
aw,ae
ey,ih
ow,ow
iy,ix
r,q
ay,ay
r,r
w,w
z,z
ay,ae
ao,ao
ih,iy
q,q
r,r
pcl,pcl
ax,ix
tcl,gcl
l,l
pcl,tcl
dx,dx
l,l
dh,z
eh,ah
tcl,tcl
p,p
eng,n
k,hh
aa,aa
ih,ih
bcl,bcl
iy,iy
iy,ux
ax,ih
gcl,gcl
w,w
jh,jh
q,q
bcl,bcl
z,z
ix,ix
t,t
axr,axr
tcl,tcl
aa,ah
n,n
l,v
iy,iy
p,k
iy,ix
n,n
ow,ow
ow,ao
s,s
n,n
r,r
ao,ao
ih,eh
l,l
gcl,kcl
t,t
ix,axr
n,n
er,er
iy,ix
kcl,kcl
pcl,pcl
tcl,tcl
m,n
ux,ux
w,w
r,eh
k,hh
n,dcl
eh,hv
axr,r
tcl,tcl
y,iy
ae,ae
n,n
bcl,pcl
gcl,tcl
w,w
uh,ow
tcl,kcl
n,n
n,n
iy,iy
dcl,dcl
ae,ae
m,n
t,t
sh,sh
th,pcl
iy,iy
axr,ih
ih,ih
dcl,ix
ay,ae
eh,ey
ix,axr
hh,hh
s,s
ao,ao
bcl,bcl
ih,ih
iy,iy
kcl,kcl
dh,th
r,axr
p,p
r,r
t,jh
ix,ix
ix,ix
dcl,dcl
l,l
t,d
aw,ae
axr,r
q,q
l,el
ah,ah
tcl,tcl
pcl,pcl
ao,w
ow,ow
ih,ix
r,r
ey,r
t,t
t,k
r,ax
dcl,tcl
t,t
el,el
y,y
g,p
ah,ah
ae,ae
n,n
ih,iy
iy,ey
p,hh
aa,ah
en,ix
b,tcl
y,iy
dh,dh
tcl,tcl
en,ix
iy,iy
w,w
n,n
v,v
ow,r
f,f
ah,eh
ay,aa
eh,ae
z,z
n,n
ih,ix
ah,ax
ix,r
l,l
iy,iy
ax,l
l,l
m,m
r,r
tcl,dcl
p,p
v,tcl
tcl,pcl
hh,p
s,s
pcl,pcl
ow,ow
dcl,tcl
ih,ix
k,k
m,m
ae,ah
ax,ix
r,r
f,f
ey,iy
m,n
n,n
ao,ao
pcl,tcl
s,s
s,s
r,r
t,t
pcl,kcl
s,s
r,r
s,z
tcl,gcl
m,n
axr,q
ih,ix
ey,eh
w,w
r,r
s,s
s,s
ax,dx
n,n
er,axr
l,l
ax,ah
ih,ih
s,s
ow,er
n,n
s,s
v,v
ax,ax
axr,axr
n,n
el,el
r,r
axr,y
w,w
t,t
ih,iy
ay,ay
r,ux
n,dh
eh,ah
w,w
ih,eh
r,r
ao,aa
f,tcl
dcl,dcl
w,w
ng,m
ow,ow
r,r
aa,ae
r,axr
ux,ux
s,s
iy,ux
bcl,tcl
tcl,tcl
s,s
ih,ix
dcl,dx
ax,ix
dcl,pcl
w,w
dx,p
r,r
ih,eh
ih,iy
m,n
q,q
sh,sh
dx,tcl
tcl,tcl
eh,eh
ae,ae
n,m
ah,ah
sh,sh
r,axr
ih,ux
el,l
iy,iy
f,f
kcl,tcl
pcl,pcl
er,axr
f,f
er,ih
dcl,dcl
ch,ch
pcl,pcl
r,r
q,q
iy,iy
sh,s
n,n
l,ax
ao,aa
dh,n
l,l
p,k
l,l
t,t
iy,iy
pcl,tcl
ae,ae
tcl,t
ih,ix
kcl,kcl
tcl,tcl
axr,axr
l,l
d,d
ay,ay
r,oy
f,f
n,m
k,k
dcl,tcl
m,n
ih,ih
l,ax
s,s
sh,sh
dcl,dcl
s,s
dx,r
ey,ey
l,l
d,t
axr,r
w,w
axr,ix
n,n
iy,iy
axr,axr
kcl,tcl
v,ix
n,n
ih,ih
tcl,dcl
ax,ax
ix,ix
ae,ih
l,l
sh,sh
er,iy
ae,eh
s,s
ae,ae
kcl,tcl
n,n
n,n
ix,iy
n,n
z,s
sh,sh
ix,ix
bcl,dcl
r,r
q,q
iy,ey
hh,hh
aa,aa
n,n
p,p
ux,iy
jh,ch
dx,t
iy,iy
ow,el
dx,dx
tcl,pcl
iy,iy
ah,aa
f,f
y,ix
sh,sh
ow,r
s,s
ix,ix
kcl,bcl
l,l
dcl,dcl
ax,dcl
ey,ey
ix,ih
ix,ix
th,tcl
ix,ix
d,ch
s,s
s,sh
hh,p
kcl,tcl
l,l
bcl,bcl
r,r
ax,r
eh,aa
ih,ax
ey,ey
w,n
aa,ae
r,r
eh,ae
axr,axr
w,w
w,w
l,r
b,p
axr,r
z,s
l,n
iy,iy
kcl,tcl
s,s
pcl,pcl
s,s
w,ax
kcl,kcl
dx,dx
f,f
p,p
k,p
th,f
n,n
iy,iy
axr,er
l,l
ay,ae
dh,dh
q,hh
pcl,pcl
dh,dh
uw,ow
q,q
t,t
dcl,dcl
eh,eh
f,t
f,f
iy,iy
aa,aa
tcl,kcl
w,l
l,w
dcl,tcl
k,k
dh,dh
ih,ih
ix,r
s,s
eh,ih
ae,ae
tcl,tcl
iy,iy
d,b
eh,ae
bcl,dcl
th,f
p,p
ax,r
l,l
v,pcl
ix,ux
d,t
s,z
kcl,kcl
t,dx
n,dcl
ay,ay
ix,ix
y,iy
s,s
p,t
m,bcl
l,iy
el,w
pcl,pcl
q,ax
y,iy
ey,iy
tcl,tcl
k,k
tcl,tcl
dh,dh
ih,ih
bcl,ng
k,k
iy,iy
dcl,dh
ix,ix
pcl,kcl
iy,iy
axr,ix
g,k
n,l
kcl,kcl
kcl,kcl
k,k
l,l
ih,iy
v,bcl
tcl,tcl
kcl,tcl
p,p
t,t
tcl,n
dh,dh
ux,y
v,v
ix,iy
q,q
pcl,kcl
iy,iy
pcl,pcl
ih,ix
q,q
y,y
m,n
f,f
n,n
w,w
l,l
w,l
ay,ay
ah,ae
n,n
en,n
ax,ix
l,l
dcl,pcl
z,s
ao,w
hh,t
axr,axr
ao,aa
q,ix
m,bcl
ah,ix
tcl,tcl
z,z
dh,t
ao,w
t,s
m,m
m,m
r,r
axr,axr
aa,aa
ax,ax
ao,aa
s,s
r,r
axr,r
l,n
eh,ix
ey,ey
ih,ih
r,r
ih,eh
bcl,pcl
jh,d
f,f
ix,ix
eh,eh
k,k
ax,r
p,p
n,n
pcl,tcl
er,ux
r,r
v,bcl
ae,ae
l,l
hh,p
sh,s
bcl,bcl
r,axr
f,f
z,z
l,l
ih,ih
z,s
w,w
axr,axr
r,r
v,v
axr,r
n,n
er,eh
m,m
y,iy
n,n
ey,ey
n,m
eh,ix
oy,oy
ao,el
t,t
d,ix
z,z
ah,ix
ax,ix
w,w
tcl,tcl
bcl,bcl
eh,ow
ay,ah
l,l
ey,ey
ng,dcl
n,n
ix,iy
gcl,q
ih,ow
d,d
aa,ah
ow,ow
v,v
p,p
iy,iy
ih,ih
iy,iy
uw,axr
er,r
s,s
ey,ey
ao,ao
tcl,th
kcl,dh
ey,ey
gcl,tcl
t,p
eh,eh
y,iy
ay,ae
oy,ao
pcl,pcl
p,t
s,s
aa,r
t,t
n,ix
n,n
sh,sh
ay,ae
k,t
r,r
ae,ae
s,s
g,g
iy,iy
eh,ae
k,k
iy,ix
kcl,bcl
r,r
ix,ix
sh,sh
dcl,dcl
tcl,kcl
n,n
ax,uh
ae,eh
v,v
ih,iy
tcl,q
en,n
n,m
iy,iy
s,s
ae,ae
ae,ae
ix,ix
ix,ih
ae,ae
gcl,gcl
dcl,bcl
ih,ey
eh,ah
ae,ae
ao,ao
n,n
hh,hh
iy,iy
dh,t
b,p
d,p
iy,iy
eh,ih
dx,ix
ax,eh
uh,uw
l,l
ah,ah
m,m
s,jh
tcl,tcl
ay,ae
l,el
iy,iy
q,q
r,r
ae,ae
q,q
s,s
q,q
tcl,pcl
k,k
r,r
ix,ih
ae,ae
iy,ix
y,iy
sh,sh
tcl,kcl
hh,hv
n,n
ix,ih
dh,d
uw,ux
s,f
f,f
t,jh
er,r
en,n
l,l
m,m
ix,ix
er,ix
iy,iy
q,q
iy,ix
ax,q
eh,eh
ao,ao
ih,ih
uh,ax
dcl,dcl
dcl,n
tcl,tcl
t,jh
pcl,dcl
r,r
pcl,pcl
eh,eh
er,axr
dx,ix
n,n
tcl,tcl
zh,jh
s,s
ah,ah
ih,ix
l,l
r,r
eh,r
dcl,bcl
bcl,bcl
m,m
r,r
n,n
tcl,pcl
hh,hh
n,n
dx,dx
dcl,dcl
ih,ih
ih,r
aa,ow
pcl,pcl
jh,sh
ux,ih
ae,ae
ow,ao
en,n
s,s
r,er
ey,ey
ix,ix
t,t
eh,ix
aa,aa
eh,ih
k,k
aa,l
kcl,pcl
ih,ax
kcl,kcl
ix,ix
l,l
l,w
g,g
v,v
n,n
ih,ey
t,t
l,l
s,s
m,n
sh,sh
l,w
ih,ix
bcl,bcl
z,s
l,ax
k,k
aa,aa
ux,uw
g,k
p,k
iy,iy
ix,ix
ey,ey
z,z
pcl,pcl
n,n
ow,ow
ax,ax
ch,ch
s,s
k,k
ch,ch
ah,ow
kcl,tcl
ae,ae
ix,ix
ih,ih
kcl,tcl
ao,ao
uw,ix
ng,kcl
z,z
ih,ih
ay,aa
p,p
uh,ih
bcl,tcl
ah,ow
ax,ax
k,k
r,r
ix,ix
k,p
ix,iy
ix,ix
ax,ax
pcl,kcl
axr,axr
n,n
v,dh
q,ax
s,s
ax,ix
p,k
iy,iy
th,s
v,p
aa,aa
n,n
dh,p
ix,ix
ey,ey
iy,ey
n,n
pcl,pcl
hv,hv
iy,iy
hv,hv
bcl,bcl
sh,sh
hh,hv
w,w
ih,ix
ih,ix
aa,ah
dcl,dcl
iy,iy
iy,ix
dcl,pcl
f,f
dh,q
f,f
l,l
s,s
iy,iy
d,f
s,s
er,er
iy,iy
el,ax
v,r
f,f
ix,ix
er,r
uh,ow
nx,n
dh,bcl
ih,ih
q,tcl
sh,z
ix,iy
q,q
ih,iy
dx,dx
ow,ah
g,k
pcl,pcl
tcl,pcl
ix,ix
n,n
sh,sh
ow,uw
iy,ix
r,r
l,l
axr,axr
t,t
tcl,pcl
ay,ay
m,w
ow,ow
tcl,tcl
gcl,dcl
p,p
er,er
dcl,dx
aa,ao
aa,aa
dh,dx
iy,iy
ay,q
aa,ao
gcl,tcl
w,w
ae,ae
k,k
ae,ae
ey,ey
w,w
tcl,pcl
ow,ow
dcl,dcl
em,m
ae,ae
z,z
iy,iy
ax,l
l,l
ih,eh
ah,ih
r,r
f,f
dx,g
pcl,pcl
q,ax
hv,hv
aa,aa
kcl,kcl
dx,dx
ah,ae
ng,n
ix,ix
ix,ix
q,q
axr,axr
ey,ey
r,r
k,p
s,z
s,s
ae,ae
eh,eh
iy,ux
ix,ix
ah,ah
m,m
l,w
s,s
bcl,bcl
ah,aa
r,r
f,f
l,ax
r,r
ah,ax
f,f
bcl,bcl
k,k
axr,axr
ao,w
f,f
f,f
tcl,tcl
s,s
kcl,tcl
n,n
eh,ih
ih,ix
ae,ae
dcl,dcl
eh,ay
ch,sh
ih,ih
f,f
eh,eh
bcl,bcl
k,k
jh,jh
ay,ae
ow,aw
iy,iy
ay,aa
ax,w
ae,ae
m,uw
l,l
ey,ey
b,p
s,s
eh,ae
v,v
ae,ay
ao,ao
s,s
dcl,kcl
kcl,kcl
n,n
iy,iy
kcl,kcl
ih,iy
ax,ax
dh,k
bcl,bcl
iy,iy
l,l
hv,hv
tcl,tcl
z,s
s,s
axr,g
ih,er
pcl,pcl
z,z
uh,ih
aa,aa
z,s
dh,p
z,z
ih,ix
ey,ey
v,n
z,z
q,q
iy,iy
l,dh
jh,t
tcl,tcl
axr,axr
r,r
gcl,gcl
gcl,kcl
n,n
ah,ah
em,n
ae,ae
axr,axr
t,t
k,k
r,r
ae,ae
n,n
gcl,dcl
w,w
ae,ae
sh,sh
r,axr
l,l
axr,axr
dcl,tcl
ux,iy
ix,iy
m,n
aa,eh
m,n
ix,ix
gcl,dcl
ix,ix
r,r
ix,n
dh,dh
ey,ey
y,y
w,w
gcl,kcl
z,s
f,f
aa,ae
ay,eh
ax,ix
k,t
tcl,pcl
ng,n
r,r
b,tcl
ay,ae
v,th
s,s
y,y
iy,iy
q,r
ih,ix
ih,l
ae,ae
p,p
ix,ix
dcl,tcl
f,f
z,z
t,z
ah,l
tcl,tcl
ao,ao
ax,ax
q,q
m,n
t,p
r,r
ah,ax
dcl,tcl
q,q
dcl,dcl
nx,n
m,n
s,s
ow,ow
l,l
kcl,kcl
ih,ix
ey,ey
aa,ao
y,y
r,r
v,t
ih,iy
ch,ch
ih,ih
s,s
jh,ch
pcl,pcl
l,l
ey,iy
l,l
gcl,kcl
l,l
ey,ix
s,s
hh,hh
r,r
s,s
hh,p
w,w
d,d
ax,ax
w,w
m,m
y,y
n,n
f,f
tcl,tcl
y,d
n,n
tcl,q
k,g
ey,ey
tcl,tcl
d,d
ih,iy
iy,iy
ix,iy
kcl,kcl
gcl,tcl
axr,r
dcl,dcl
oy,oy
iy,iy
ix,ih
axr,axr
ih,eh
n,n
tcl,tcl
ux,ux
ix,ix
aa,aa
r,r
s,s
kcl,kcl
ae,ae
ay,ae
iy,iy
eh,eh
iy,iy
k,k
jh,sh
aa,eh
axr,ix
t,dh
ix,ix
tcl,tcl
m,m
jh,jh
l,w
kcl,kcl
dcl,bcl
kcl,kcl
m,n
dh,dh
ow,uw
n,n
k,k
f,f
iy,iy
eh,ae
ae,ae
ow,ao
r,r
z,z
iy,iy
ax,ax
ow,w
ax,ax
s,s
s,s
ao,ao
aw,q
ax,ow
z,z
sh,sh
r,r
ey,ey
v,ix
t,t
ae,ae
aa,aa
zh,z
l,l
ah,ax
n,n
g,k
q,tcl
ae,ae
dh,dx
l,l
t,tcl
ao,ao
l,dh
n,dh
g,p
bcl,pcl
er,r
ix,ix
pcl,pcl
q,q
r,r
s,s
w,w
dx,p
l,w
dh,dh
ih,ih
g,dh
v,ax
dcl,dcl
ay,aa
ix,iy
ae,eh
r,r
ay,ay
s,z
axr,axr
kcl,dcl
s,s
dcl,dx
m,m
axr,ix
ix,q
ae,ae
gcl,dcl
dx,dx
gcl,tcl
iy,y
ay,ae
dcl,tcl
n,n
ay,aa
dcl,dcl
t,f
axr,r
ah,ix
tcl,pcl
kcl,kcl
er,er
ao,ao
ix,axr
el,el
z,s
q,q
ix,ix
n,n
kcl,tcl
n,n
kcl,tcl
ae,ae
dx,dcl
iy,iy
t,d
tcl,tcl
z,z
s,s
ae,ae
s,s
l,ix
eh,ey
ix,ix
kcl,tcl
sh,k
ng,ng
m,m
k,k
hv,hh
iy,iy
en,m
dcl,dcl
eh,eh
ix,ix
ix,ix
aw,ah
l,l
tcl,kcl
pcl,pcl
ay,ay
dx,ix
ey,ey
dcl,n
ow,ao
iy,iy
dcl,tcl
dx,ix
t,t
l,l
t,k
iy,iy
s,s
kcl,kcl
bcl,bcl
dcl,kcl
gcl,dcl
gcl,kcl
hh,hh
m,dx
r,r
kcl,kcl
eh,ow
ux,ix
ux,iy
r,r
y,ix
r,r
ao,aa
tcl,pcl
t,z
uw,uw
axr,axr
uw,uw
ax,ah
kcl,kcl
k,t
er,axr
f,f
l,l
eh,ae
dcl,d
r,nx
em,n
w,r
l,l
kcl,pcl
iy,iy
axr,axr
dh,ax
sh,sh
ux,r
eh,ae
w,w
v,v
kcl,kcl
dcl,dcl
r,r
ch,sh
q,q
ax,ax
l,el
sh,jh
dh,l
s,s
oy,ao
ay,ey
ao,el
r,r
ah,ix
r,r
ow,uw
s,s
z,s
el,el
bcl,pcl
pcl,pcl
kcl,gcl
ao,ao
t,t
iy,iy
w,w
r,ax
q,q
q,q
r,r
n,n
iy,ux
ix,ix
sh,sh
tcl,tcl
ix,ix
ax,ax
uh,ix
n,q
ae,eh
dcl,bcl
n,dcl
pcl,bcl
aw,ae
l,l
uh,uh
d,d
sh,s
v,f
ao,w
sh,hh
kcl,kcl
w,w
tcl,pcl
s,s
l,l
n,n
axr,axr
ey,ey
dx,d
ax,ix
dx,dx
aa,ae
ax,ix
ax,ax
aa,aa
w,w
r,y
iy,iy
nx,dx
l,l
dcl,dcl
ux,ix
z,z
tcl,kcl
ix,ng
y,iy
uw,ux
s,s
k,t
ix,ix
ow,ao
dh,bcl
ng,iy
m,n
m,m
dcl,dcl
axr,r
iy,ux
axr,r
q,q
ow,ow
ux,ux
v,p
ax-h,t
n,hh
pcl,pcl
ao,ao
l,el
ux,y
en,n
ix,ix
n,n
s,s
axr,r
ng,n
s,s
z,z
m,n
nx,n
ax,ix
dx,dcl
aa,ah
ih,ih
dx,dx
ix,ix
l,l
iy,iy
ix,iy
ax,ax
q,tcl
f,f
jh,t
ih,ix
s,s
dx,dx
ax,ao
ey,ay
kcl,kcl
ax,ah
l,l
dh,dh
er,er
ah,ao
pcl,pcl
l,l
n,n
ow,ah
ah,eh
p,f
dh,dh
ux,ix
ng,ng
tcl,tcl
n,n
s,s
tcl,gcl
ux,ux
hh,k
m,nx
pcl,pcl
z,z
v,f
dh,dh
l,l
ey,ey
m,n
m,m
n,n
ih,eh
ih,eh
aa,aa
tcl,tcl
ax,l
axr,r
iy,iy
kcl,kcl
dx,dcl
g,k
ix,ax
r,iy
m,n
iy,ey
tcl,pcl
axr,axr
ix,ix
kcl,kcl
w,w
gcl,gcl
aw,aa
dh,dh
f,f
jh,ch
ix,ix
eh,q
t,t
tcl,pcl
ae,ae
ix,ix
p,p
z,z
kcl,pcl
v,v
ix,ix
d,t
pcl,tcl
ae,ae
ah,eh
ax,ix
t,t
ow,uw
k,hh
gcl,gcl
tcl,tcl
n,n
s,sh
n,n
dcl,dcl
gcl,gcl
tcl,tcl
t,t
ih,ih
iy,iy
l,n
er,axr
k,t
s,z
ix,n
r,r
l,l
ae,ae
uw,ux
w,w
w,w
axr,ix
m,n
iy,iy
m,n
p,p
ux,ih
iy,ix
w,bcl
oy,ao
dcl,dcl
eh,ih
pcl,pcl
ay,ae
s,s
m,dcl
er,er
ae,ae
eh,eh
ah,ix
iy,ey
kcl,kcl
s,s
s,s
ng,n
pcl,pcl
ae,ae
ah,ao
iy,ix
gcl,gcl
ix,ix
aa,ao
g,k
ix,ix
v,v
iy,iy
l,ay
dcl,pcl
r,r
ng,ng
dcl,dcl
pcl,pcl
n,n
kcl,pcl
l,w
s,s
iy,iy
iy,iy
ix,ix
ao,ao
tcl,pcl
r,axr
w,w
kcl,tcl
ih,ix
ae,ae
q,tcl
r,r
ah,ah
eh,aa
n,n
y,y
ix,ih
ao,w
ih,ux
iy,ih
ow,ow
ax,ax
dcl,dcl
oy,oy
r,r
l,l
iy,iy
r,r
l,ih
f,f
w,w
z,z
axr,axr
gcl,gcl
n,ix
q,ix
eh,ix
ng,ng
iy,iy
m,m
f,f
v,kcl
iy,iy
bcl,dh
r,r
ih,iy
f,f
iy,iy
p,p
t,t
ae,ae
kcl,tcl
aw,aw
aa,aa
iy,iy
ae,ae
k,t
n,n
s,sh
l,l
iy,ih
ax-h,t
kcl,tcl
l,ax
nx,n
ax-h,d
ah,r
axr,axr
z,z
r,r
r,r
f,f
ey,iy
iy,iy
s,s
axr,axr
r,r
ix,ix
ah,ax
s,s
y,y
w,w
m,m
hh,k
hh,p
ix,ix
l,l
axr,aa
ay,ah
p,k
t,t
sh,sh
z,s
hv,aa
kcl,kcl
jh,t
n,n
z,z
q,q
ix,ix
ix,ix
er,er
eh,ix
l,l
iy,iy
n,n
n,n
s,s
ih,eh
v,d
tcl,tcl
r,iy
tcl,tcl
tcl,tcl
ao,ao
sh,s
axr,axr
dh,z
s,z
r,y
t,t
t,t
r,r
pcl,pcl
s,s
ow,ow
ax,ih
p,p
nx,ix
p,k
ix,ix
ay,ae
w,w
oy,ey
n,n
ng,ng
iy,iy
f,th
p,p
y,ix
r,axr
z,jh
tcl,tcl
ae,ey
dx,ix
er,ao
el,el
dh,b
ih,ix
pcl,tcl
ix,ix
ae,ix
axr,axr
s,sh
ch,ch
ix,ix
iy,ih
ih,iy
er,er
ix,ix
s,s
z,hh
ix,ix
iy,iy
axr,axr
iy,iy
sh,sh
tcl,dcl
aw,ow
ix,ix
kcl,kcl
m,n
l,l
t,t
ax,ax
ae,ae
s,s
ix,ix
tcl,tcl
sh,sh
iy,iy
iy,iy
dx,dh
m,n
ah,ae
tcl,tcl
pcl,pcl
tcl,dcl
s,s
aw,eh
eh,eh
kcl,kcl
z,z
s,s
ao,w
ix,ix
tcl,dcl
tcl,pcl
ae,ae
n,n
eh,ah
t,t
gcl,bcl
s,s
ao,ah
f,pcl
r,r
s,s
ix,ix
q,q
uh,ax
s,s
g,k
dh,t
y,ih
sh,sh
axr,axr
ih,ih
ao,ae
ih,ix
r,r
sh,sh
ow,ix
dh,dh
l,l
w,w
ux,ix
m,n
n,n
uh,aa
n,n
z,sh
uw,w
dh,p
ae,ae
iy,iy
q,q
k,hh
g,dx
n,n
ao,w
tcl,tcl
n,n
dcl,bcl
ah,eh
v,v
ah,l
eng,n
dh,p
er,er
ao,aa
pcl,kcl
n,n
z,s
tcl,tcl
b,p
iy,iy
eh,ae
z,z
ah,ax
er,er
iy,iy
f,f
p,p
f,f
s,sh
ix,ix
ao,ao
jh,f
er,er
ay,ay
jh,jh
ix,ix
iy,iy
ih,ey
l,l
ah,ae
t,t
tcl,kcl
ax,ax
kcl,kcl
m,m
kcl,kcl
y,iy
ix,q
l,ax
r,r
kcl,kcl
dcl,bcl
w,w
r,r
bcl,bcl
k,q
er,aa
l,ay
ey,ey
tcl,dcl
n,n
axr,r
q,q
iy,iy
s,s
k,t
s,s
tcl,tcl
ch,ch
hh,hh
ey,ey
ow,w
l,l
r,r
ih,ih
m,n
dx,ax
axr,uh
dcl,dcl
n,n
g,q
ax,ax
k,k
hh,p
ae,ae
ao,ow
eh,ih
s,s
bcl,bcl
l,l
ux,ux
n,n
m,n
iy,iy
z,z
kcl,pcl
uh,ix
z,z
ch,ch
f,p
kcl,pcl
tcl,tcl
dx,tcl
ae,ae
t,t
ae,ae
k,k
er,er
bcl,tcl
t,k
pcl,tcl
ux,iy
kcl,kcl
oy,oy
tcl,pcl
ay,ay
kcl,pcl
ay,ay
ay,ay
ih,ix
eh,eh
ax,ih
iy,iy
v,v
pcl,tcl
n,n
th,th
ao,aa
k,k
en,n
f,f
sh,z
ax,ix
ax,ax
ih,ih
pcl,tcl
aa,eh
w,l
bcl,bcl
ih,ix
s,s
r,r
ux,ux
dcl,dcl
iy,iy
s,s
eh,eh
l,l
q,q
r,r
pcl,pcl
dcl,dcl
jh,sh
ao,ao
ix,r
ao,w
q,hh
sh,s
q,q
hv,hv
w,w
ax,ax
ae,ae
r,r
ow,ow
gcl,tcl
ae,ae
l,l
aa,aa
ix,z
m,n
ix,iy
l,l
oy,ey
kcl,pcl
kcl,kcl
s,s
m,m
ah,ix
w,w
ah,ay
k,k
r,r
kcl,kcl
p,p
n,n
ih,iy
iy,ix
dx,kcl
kcl,kcl
ah,ah
ax,ih
z,s
pcl,pcl
tcl,tcl
ah,ah
l,w
gcl,gcl
aa,aa
s,s
kcl,tcl
axr,ih
ih,ih
jh,jh
ae,aa
ah,ae
ah,ow
r,r
r,r
gcl,dcl
dh,p
d,t
ey,ey
w,w
iy,ih
ao,w
eh,eh
p,p
t,t
dh,t
r,r
ey,ey
t,t
oy,oy
ix,ix
ax,dh
d,t
tcl,kcl
v,w
iy,iy
tcl,dh
pcl,pcl
n,n
ux,ux
z,z
m,n
s,s
t,t
z,z
l,l
hh,hh
pcl,pcl
ah,l
gcl,kcl
q,l
dh,dh
ih,ow
ao,ao
tcl,tcl
uh,ax
ow,eh
th,f
kcl,pcl
ih,ix
axr,axr
r,r
v,f
l,w
t,t
tcl,n
z,s
iy,ix
eh,ih
s,s
s,s
ix,ix
n,ix
ix,ix
k,kcl
y,y
kcl,tcl
kcl,pcl
s,s
n,n
ao,ow
ay,ay
z,z
kcl,pcl
sh,s
k,p
iy,y
aw,ah
ae,ae
ix,ix
er,ux
s,s
k,k
pcl,pcl
kcl,kcl
aw,ae
r,r
eh,eh
bcl,bcl
oy,ay
ix,v
l,l
kcl,kcl
w,w
n,n
er,er
n,n
jh,jh
q,q
iy,iy
n,n
ow,ow
s,s
t,k
s,s
l,l
aa,aa
m,m
y,y
gcl,bcl
z,z
s,s
y,y
ae,ae
axr,axr
bcl,pcl
tcl,pcl
l,l
ah,q
axr,r
l,ax
w,w
tcl,tcl
oy,ow
ax,ix
n,n
er,er
t,t
q,q
f,f
ow,ow
iy,ih
ih,ih
n,ix
iy,ux
ix,ix
f,f
ix,iy
tcl,tcl
ay,ay
bcl,bcl
iy,iy
iy,ix
eh,eh
l,w
dcl,kcl
ix,ix
uh,ix
g,p
g,n
w,ao
r,ix
ah,ah
kcl,kcl
k,kcl
n,n
m,m
eh,ey
iy,ey
n,n
dcl,pcl
kcl,kcl
ay,ae
axr,r
ow,ow
hv,hv
axr,axr
ae,ae
ax,ax
gcl,gcl
q,q
axr,r
ih,ix
bcl,bcl
ax,ax
ae,ey
p,p
bcl,bcl
sh,sh
ih,ey
w,w
l,n
dx,p
aa,aa
er,ux
aa,ae
ix,ix
ih,eh
en,n
r,l
tcl,tcl
r,axr
dcl,dcl
ae,ae
axr,ih
ih,r
l,v
r,r
n,n
p,p
iy,iy
ay,ae
ih,ih
l,w
gcl,dcl
axr,ih
s,sh
w,w
ow,ow
m,bcl
ux,iy
dcl,dcl
l,l
aa,eh
l,l
tcl,pcl
iy,iy
er,er
l,w
ow,ow
s,s
bcl,bcl
v,v
ix,ix
dcl,dcl
aa,ao
ix,ix
f,f
q,q
w,w
s,z
sh,sh
r,r
el,ax
l,l
s,s
ow,ao
ao,axr
t,sh
ay,ae
iy,iy
axr,axr
ax,ax
ix,ix
aa,ao
k,k
t,tcl
s,s
n,m
oy,ow
eh,ae
ix,ix
r,r
gcl,g
q,q
aa,aa
iy,iy
ae,ih
ao,ao
l,ax
er,er
ae,ae
hh,p
sh,sh
tcl,tcl
l,l
q,q
tcl,kcl
ah,ax
l,r
t,t
k,g
s,s
nx,l
sh,sh
n,n
ax,ix
l,ao
n,dx
t,k
aa,ah
s,s
ae,ae
ey,ey
th,f
aa,ae
s,s
y,iy
th,s
f,f
ao,r
ae,ae
kcl,tcl
d,dcl
ey,iy
s,s
uw,ux
ey,ey
ix,ix
f,f
m,n
z,s
aa,ae
ih,iy
ao,ao
ih,ix
ay,ay
ao,ao
r,r
s,s
ix,iy
l,l
tcl,tcl
ih,ix
ix,ix
n,n
axr,iy
m,m
sh,sh
t,ch
r,y
m,m
n,n
f,v
ih,ih
aa,aa
sh,sh
z,s
r,r
iy,iy
kcl,kcl
iy,iy
aa,ah
y,iy
en,m
hv,l
bcl,bcl
w,ao
kcl,tcl
ih,ix
aa,ah
tcl,tcl
sh,sh
s,s
n,dcl
iy,iy
ax,ix
l,q
ax-h,tcl
tcl,tcl
aa,aa
dh,dh
m,m
r,r
m,m
tcl,kcl
sh,sh
r,r
s,s
er,axr
tcl,tcl
w,w
eh,ae
l,l
aa,aa
ix,iy
dh,dh
sh,sh
aa,aa
z,z
l,w
s,sh
eh,ae
z,z
axr,axr
axr,axr
th,f
n,n
tcl,tcl
ih,ix
n,n
k,t
axr,axr
g,g
r,r
n,n
ih,ih
iy,q
ax,ix
ey,ih
ae,ae
q,q
gcl,dcl
pcl,tcl
s,s
l,l
kcl,kcl
t,p
eh,eh
r,r
n,n
ax,ax
tcl,pcl
v,pcl
dcl,dcl
n,n
sh,sh
w,l
ey,ih
ae,ah
ae,ae
s,s
s,s
tcl,tcl
th,f
ay,ae
ow,aa
n,bcl
ih,ih
eh,ae
y,iy
ao,w
bcl,v
ix,ix
ow,aw
ow,el
ae,ae
v,v
s,sh
ao,ao
s,s
q,l
iy,iy
z,sh
ow,ow
t,d
r,r
ao,ao
s,z
ah,ah
dh,v
n,n
ix,iy
tcl,dcl
n,n
ng,n
r,r
sh,sh
w,q
ih,iy
dx,v
ae,ae
bcl,bcl
er,ih
z,z
ey,ey
dh,p
l,ao
ae,ae
f,f
ix,ix
ey,ix
dcl,dcl
ix,ix
pcl,pcl
v,dx
kcl,pcl
k,k
f,f
ae,ae
pcl,pcl
n,n
er,axr
t,t
l,l
s,sh
ux,v
l,ax
eh,ae
axr,axr
f,f
t,p
r,r
n,dcl
w,w
v,v
iy,iy
ae,ae
p,kcl
n,n
iy,iy
ao,ao
tcl,tcl
iy,ix
aa,ao
l,l
dh,dh
q,q
ih,ih
gcl,dcl
el,l
s,s
ng,n
ax,ax
tcl,tcl
tcl,tcl
m,m
axr,ix
iy,iy
sh,sh
ix,ix
n,n
l,ow
oy,oy
l,w
tcl,tcl
ix,ih
iy,iy
s,sh
ax,ix
l,l
dcl,tcl
kcl,kcl
r,ax
dcl,pcl
th,tcl
er,er
tcl,tcl
z,s
sh,jh
eh,ih
iy,iy
y,k
m,m
t,t
ah,ah
ax,eh
kcl,tcl
v,v
iy,iy
oy,oy
p,t
l,l
ae,ae
p,p
eh,eh
tcl,tcl
ih,ix
ih,iy
n,n
tcl,tcl
v,v
ax,w
ix,ix
ih,ih
ng,n
z,z
ax,ix
k,k
ae,aa
s,s
n,n
n,nx
k,k
ix,q
ao,ao
ix,n
axr,ix
ey,ey
eh,ix
n,m
iy,iy
q,q
ix,ix
dh,dcl
aa,aa
kcl,kcl
r,aa
n,n
kcl,kcl
ix,ix
dx,dx
ae,ae
n,m
s,s
k,k
er,er
axr,axr
dcl,pcl
iy,iy
gcl,bcl
axr,kcl
ux,ux
dh,s
r,r
em,q
ux,ix
ux,ux
n,n
tcl,kcl
ae,ix
r,r
w,w
w,w
ix,ix
ix,z
l,l
sh,sh
ih,eh
q,q
tcl,tcl
m,n
gcl,kcl
uh,axr
z,z
iy,iy
ih,ih
k,k
t,t
ux,ux
kcl,pcl
w,w
ey,ey
ix,ix
sh,sh
ix,ix
q,tcl
gcl,tcl
dx,dx
ux,iy
l,l
q,q
er,r
ah,ao
ay,ix
n,n
ah,ae
tcl,tcl
n,n
r,q
r,r
ix,ix
ih,iy
ow,ao
ah,ax
pcl,tcl
m,n
z,z
ae,ey
s,z
v,f
l,l
q,k
w,w
dh,dh
f,f
n,n
ax-h,tcl
n,n
n,n
ae,ae
axr,axr
l,l
l,l
ah,r
iy,iy
l,l
k,t
iy,iy
z,z
q,q
kcl,tcl
r,r
t,sh
m,m
f,f
s,z
q,pcl
dx,dx
l,l
tcl,tcl
n,ax
ix,ix
eh,ah
m,m
ix,ix
tcl,tcl
ae,ae
v,ix
iy,iy
k,t
s,s
ch,ch
r,axr
dcl,pcl
ux,ux
r,r
kcl,tcl
ix,ix
r,axr
gcl,bcl
tcl,tcl
m,m
ay,ay
ey,ey
tcl,tcl
z,s
ow,l
ix,ix
ey,iy
q,q
sh,sh
z,z
dcl,dcl
hv,y
jh,jh
oy,oy
t,t
ae,ae
ao,ao
n,n
gcl,q
tcl,pcl
ix,iy
sh,s
zh,jh
eh,ae
iy,iy
m,m
kcl,tcl
r,r
bcl,pcl
axr,ix
s,s
ix,iy
r,r
ix,ux
k,k
th,t
y,y
eh,ix
iy,iy
ah,ah
ix,ix
tcl,pcl
ey,ih
eh,eh
v,v
aa,aa
s,s
q,q
ix,ix
iy,iy
r,r
w,w
ao,ao
kcl,kcl
s,s
dx,dx
ix,ix
ow,ao
r,r
dh,dh
ch,s
ow,ah
dcl,bcl
axr,er
ix,iy
ae,ih
ih,iy
tcl,tcl
ix,ix
pcl,pcl
jh,jh
kcl,kcl
l,l
hh,hh
w,ao
iy,iy
bcl,bcl
g,p
kcl,tcl
m,n
r,r
m,m
ax,w
sh,sh
axr,ix
ax,ix
v,dh
dh,f
f,f
tcl,tcl
s,s
iy,iy
tcl,kcl
gcl,dcl
pcl,pcl
y,y
n,ng
kcl,kcl
ih,ix
v,f
l,w
tcl,tcl
nx,ix
dcl,gcl
ix,axr
s,s
tcl,tcl
axr,axr
q,q
th,f
ae,ae
sh,s
n,en
k,t
tcl,tcl
ao,ao
l,l
iy,ix
ng,gcl
w,l
n,n
q,tcl
ae,ae
ax,ax
m,m
ae,ae
ay,ay
ih,ix
ix,en
s,s
l,l
eh,eh
ao,ao
dcl,tcl
ae,ae
ay,ay
ao,ao
y,iy
l,w
p,p
ix,ix
ih,iy
z,z
r,r
ey,ey
z,z
aa,ao
s,s
g,g
kcl,pcl
t,t
hh,hh
l,l
l,l
ih,ix
n,m
k,kcl
s,s
eh,ah
ih,ax
s,s
ow,ow
iy,iy
s,s
r,r
tcl,tcl
jh,sh
z,z
dcl,dcl
axr,r
y,iy
m,n
pcl,pcl
pcl,pcl
w,w
ix,ix
axr,axr
el,w
q,ix
r,r
kcl,kcl
uw,ix
ng,n
n,n
kcl,kcl
p,w
ay,ay
en,en
tcl,jh
n,n
ih,ax
q,q
ay,ay
dcl,dcl
tcl,tcl
t,t
dcl,dcl
r,r
bcl,bcl
v,v
iy,iy
bcl,bcl
gcl,gcl
ih,iy
ae,ih
r,w
oy,ao
w,m
ax,ax
ix,ix
k,t
axr,r
dcl,dcl
dh,y
s,s
er,er
tcl,v
ae,eh
iy,iy
iy,iy
s,s
axr,iy
kcl,dh
m,n
w,w
m,m
iy,iy
axr,axr
ax,ax
hh,hh
v,v
ao,ao
s,s
tcl,kcl
w,w
ih,ih
ax-h,n
jh,jh
th,dh
m,n
er,aa
ih,ih
m,m
ax,ix
ix,ix
r,r
ix,n
q,q
k,k
ay,ay
sh,sh
w,w
iy,iy
aa,ao
pcl,tcl
d,t
sh,s
jh,jh
iy,iy
z,z
dx,dx
aw,aa
axr,r
sh,sh
axr,axr
p,k
s,s
r,r
axr,iy
kcl,dcl
iy,ux
tcl,dcl
ix,ix
ax,ax
s,s
eh,eh
iy,ix
n,n
n,n
ix,ix
ay,ay
k,t
pcl,pcl
axr,axr
z,t
r,eh
er,axr
sh,sh
axr,ix
s,s
l,el
iy,ix
ax,ix
gcl,dcl
r,r
s,z
ae,eh
s,s
p,p
z,dcl
ae,ae
p,t
hv,q
ah,l
r,er
axr,ix
kcl,d
r,r
dh,p
eh,eh
axr,axr
ae,ae
l,ay
t,t
ix,ix
tcl,bcl
p,hh
ah,ao
aa,aa
ih,ix
ae,ae
n,n
iy,iy
tcl,tcl
s,z
jh,jh
pcl,pcl
m,m
s,s
dcl,dcl
dcl,dcl
dh,v
kcl,gcl
q,ix
dh,p
ax,ix
bcl,bcl
eh,eh
s,s
dcl,dcl
hh,g
eh,eh
v,n
dx,q
r,r
r,aa
ix,ix
pcl,pcl
m,ix
dx,dx
r,r
uh,ix
y,ix
k,k
hh,hh
ux,ux
dh,dh
ay,ay
l,ah
sh,sh
ax,ix
ix,ix
bcl,bcl
sh,sh
sh,sh
gcl,dcl
ih,eh
f,f
bcl,pcl
ay,ay
iy,ay
ae,ae
ix,ix
t,t
ax,ax
ih,ey
l,l
nx,n
ae,ae
r,r
axr,ix
ae,ae
s,s
tcl,tcl
ih,ih
t,p
ey,iy
w,bcl
m,n
kcl,kcl
tcl,pcl
ah,ah
iy,ey
z,s
ey,ey
r,r
iy,ih
eh,ae
z,z
z,jh
l,l
aw,ow
n,m
ay,aw
s,sh
ih,ix
pcl,pcl
pcl,pcl
w,w
eh,ix
axr,r
ng,n
v,v
m,m
ae,ae
s,s
ih,ih
f,f
s,s
s,s
eh,ih
ih,iy
ah,ix
n,n
aa,ah
ay,ix
ih,ih
pcl,pcl
iy,iy
q,q
g,t
ng,n
dcl,dcl
bcl,dcl
t,t
z,s
axr,axr
s,s
r,r
z,s
iy,iy
ah,eh
s,s
axr,r
s,s
m,m
f,f
g,t
ih,ih
ow,ow
ah,ah
k,p
en,n
ch,sh
r,r
p,p
tcl,tcl
ch,ch
iy,iy
er,er
ey,ey
gcl,dcl
l,w
bcl,bcl
m,m
tcl,tcl
oy,oy
iy,ey
k,f
uw,ow
q,hh
ay,ay
aa,eh
r,w
ae,ae
tcl,tcl
ae,ae
l,l
ih,ih
w,w
l,ix
bcl,bcl
iy,iy
ax,ix
n,n
ax,ah
k,k
t,t
p,p
k,k
iy,iy
zh,sh
ix,ix
kcl,kcl
p,p
kcl,tcl
ix,ix
w,w
eh,ae
dcl,dcl
t,jh
t,tcl
ih,ax
l,ao
ae,ae
dcl,dcl
z,sh
th,kcl
r,r
ux,ix
t,t
l,ix
n,n
z,z
w,w
ih,r
ix,ix
kcl,tcl
w,r
ax,ax
v,z
ix,ix
tcl,tcl
tcl,kcl
pcl,bcl
aa,aa
t,f
pcl,kcl
r,r
iy,y
z,z
gcl,tcl
eh,eh
bcl,bcl
em,n
tcl,tcl
bcl,bcl
m,m
eh,eh
iy,iy
er,aa
ix,ix
ah,aa
bcl,bcl
tcl,tcl
ey,ae
dcl,g
n,n
ih,ix
b,dx
q,q
s,s
kcl,tcl
ow,ow
p,dh
iy,iy
v,pcl
ae,ae
dh,dh
dx,dx
w,w
iy,iy
en,n
r,r
f,f
d,dx
ae,ae
f,f
k,k
k,k
iy,iy
er,ux
gcl,dcl
ax,ao
er,r
ih,ix
ae,ae
axr,eh
kcl,kcl
aa,aa
m,n
ey,iy
l,l
gcl,gcl
q,q
z,z
ih,l
sh,sh
pcl,pcl
axr,axr
tcl,pcl
ih,iy
iy,iy
n,n
y,y
aa,ae
tcl,tcl
hh,v
f,th
n,n
l,r
l,l
dx,dx
s,s
sh,sh
g,k
ih,ih
uw,uw
l,w
k,k
r,r
tcl,tcl
ax,ix
ch,jh
aa,ao
bcl,bcl
iy,iy
d,t
r,r
y,y
dh,dh
kcl,tcl
n,n
ih,ih
ay,eh
s,s
iy,ey
dcl,bcl
el,l
l,l
z,z
r,r
th,s
l,l
ay,ae
ow,ow
ao,ao
ah,ax
ng,n
eh,ey
dcl,dcl
bcl,pcl
iy,dcl
s,sh
n,n
l,l
nx,nx
ix,iy
tcl,tcl
ix,axr
w,w
dx,dx
l,w
l,l
l,l
ao,w
q,kcl
n,n
tcl,tcl
l,dh
z,s
pcl,pcl
tcl,pcl
s,s
n,n
pcl,pcl
s,s
f,f
jh,jh
ix,ix
t,t
ih,ih
er,axr
d,t
tcl,tcl
tcl,tcl
ah,eh
tcl,tcl
ow,l
ix,ih
ah,ow
l,l
uh,ix
hv,y
pcl,pcl
r,r
s,s
l,ax
pcl,pcl
axr,er
er,er
kcl,tcl
w,w
ax,ax
ix,q
axr,er
sh,sh
ow,eh
aa,eh
ay,ay
hv,hv
ae,eh
en,n
pcl,pcl
iy,hv
ey,ey
kcl,dcl
ae,ih
dh,dh
q,q
m,en
sh,sh
r,r
s,s
dx,dcl
uw,ih
n,n
r,r
y,iy
q,q
axr,ux
ao,ao
ih,ax
f,f
v,f
iy,iy
ae,ae
l,ax
s,s
dx,m
r,r
y,iy
k,k
kcl,kcl
l,l
iy,iy
iy,iy
ae,eh
dcl,dcl
ih,ih
iy,iy
tcl,tcl
eh,eh
gcl,pcl
iy,iy
ax,ax
eh,eh
ae,ey
n,n
tcl,kcl
l,l
axr,l
iy,iy
r,r
l,l
ao,ao
ux,ux
er,axr
r,r
p,k
iy,iy
kcl,kcl
ix,ih
ix,ix
w,uw
ix,ix
ay,aa
m,m
iy,iy
ay,ay
n,ng
ih,iy
ix,ih
l,l
er,er
k,k
s,s
sh,s
axr,eh
iy,iy
gcl,n
th,th
n,ng
dcl,pcl
w,p
ay,ay
kcl,tcl
q,q
t,jh
ix,ix
gcl,dcl
hv,hv
ix,ix
aa,aa
ax,n
nx,n
p,p
ix,ix
ay,ay
iy,iy
ao,ao
l,l
tcl,tcl
ih,iy
oy,ow
ao,aa
ao,w
kcl,pcl
kcl,kcl
ix,ix
ih,ih
n,n
w,w
axr,er
r,r
nx,dx
m,ix
aa,aa
ng,n
l,el
axr,iy
r,r
dcl,dcl
pcl,tcl
q,dh
z,z
dcl,dcl
iy,iy
k,sh
tcl,kcl
k,k
aa,ah
ae,ay
ax,ax
en,m
iy,iy
gcl,tcl
ae,ae
er,er
gcl,dcl
pcl,pcl
z,s
ng,ng
ix,ax
t,t
t,t
ix,ix
ix,ix
z,s
jh,jh
n,bcl
s,s
ao,ow
r,r
z,z
s,s
dcl,dcl
aw,aa
ow,ow
dh,t
ah,ax
m,n
ih,r
g,p
z,s
k,s
eh,ih
q,ix
ae,ae
k,k
ae,ae
er,r
s,s
q,ix
ux,ow
ae,eh
dcl,dcl
oy,ao
s,s
iy,iy
q,q
ah,eh
ey,ey
ix,ix
t,jh
ow,ow
k,t
f,f
ao,ao
sh,sh
dx,p
aa,aa
tcl,tcl
hv,hv
r,r
k,k
pcl,pcl
el,el
f,f
iy,ix
n,n
k,k
n,n
ay,aa
ao,ao
axr,dcl
ux,iy
q,q
gcl,tcl
er,axr
m,n
ax,ax
jh,sh
ux,ux
ah,ow
v,v
f,f
n,n
q,q
r,axr
eh,eh
ax,ax
q,q
s,s
n,ng
ao,ow
m,m
n,n
g,p
b,p
w,w
n,n
ow,el
ay,ah
ng,n
pcl,pcl
eh,eh
ae,ae
ax,ax
ah,ao
ix,ix
w,w
n,n
iy,ey
m,n
dx,dx
dh,dh
uh,ih
n,n
en,n
s,s
dh,dh
ow,ow
uh,r
tcl,kcl
iy,iy
uw,uw
ix,r
f,f
ey,ey
t,t
tcl,tcl
iy,iy
n,n
z,s
ae,ae
ay,ay
ih,ix
gcl,gcl
gcl,dcl
n,n
s,s
d,dh
ux,ow
t,t
n,n
axr,axr
hv,w
v,f
ay,aa
p,p
tcl,tcl
gcl,dcl
y,y
ax,ax
ix,ix
r,r
q,q
ng,n
iy,iy
ix,ix
ng,n
ow,ow
t,k
ix,ix
axr,axr
n,n
m,m
z,z
kcl,kcl
tcl,pcl
dcl,bcl
t,t
g,g
ao,ao
ay,aw
pcl,pcl
aw,ae
w,bcl
l,w
ae,ae
s,s
ax,ix
ae,eh
q,q
ao,ng
r,r
ae,ih
m,n
iy,iy
iy,iy
ix,ax
y,y
ow,ao
k,k
gcl,dcl
m,n
w,w
l,ao
iy,iy
n,n
ao,ao
n,n
s,s
p,t
m,n
th,dh
ih,iy
p,k
s,s
k,k
m,ng
tcl,tcl
m,ng
l,l
s,s
uw,w
uh,ax
t,t
k,k
tcl,tcl
w,w
l,l
axr,r
s,s
ih,eh
eh,eh
iy,ux
tcl,dcl
ng,m
k,k
l,m
t,t
n,n
eh,ih
iy,iy
r,r
n,n
tcl,tcl
l,q
ao,ao
z,z
pcl,tcl
r,r
ow,ih
z,z
sh,s
tcl,tcl
aa,aa
er,er
f,f
m,n
ix,iy
eh,eh
p,bcl
iy,ix
ah,l
s,s
z,z
r,r
ao,ow
dh,dx
r,r
f,f
ax,ix
s,s
dcl,bcl
tcl,pcl
n,n
s,s
aa,aa
ix,ix
kcl,kcl
kcl,kcl
w,w
ax,ax
q,q
ix,ix
iy,iy
t,t
bcl,pcl
jh,jh
aw,aa
iy,iy
tcl,tcl
r,r
iy,iy
ux,ux
s,s
eh,eh
axr,axr
uw,ix
nx,dx
ix,iy
ae,ae
er,r
l,ix
eh,ah
gcl,m
ah,l
bcl,bcl
iy,iy
q,q
iy,iy
eh,ae
s,s
ay,ay
z,s
n,n
tcl,pcl
uh,ax
en,n
l,l
k,k
dcl,tcl
axr,axr
z,z
s,s
dcl,kcl
ae,ae
ix,ix
s,s
t,t
ey,ey
axr,axr
hh,dh
pcl,tcl
r,r
iy,iy
z,z
axr,ix
m,m
m,n
dcl,dcl
s,s
w,w
iy,iy
w,w
axr,axr
ae,ae
w,w
ix,ix
f,kcl
y,y
ux,ux
ih,ix
pcl,pcl
ae,ae
iy,iy
f,f
er,er
p,p
t,t
ix,iy
ux,ux
s,s
iy,iy
n,n
f,f
p,s
aw,ae
d,dx
iy,iy
en,ix
n,en
ae,ix
ax,v
ae,eh
f,f
ix,ix
s,s
tcl,tcl
kcl,dcl
n,n
ae,ae
axr,ao
ux,iy
l,ix
s,s
l,l
ao,ao
ix,ix
ix,ix
iy,iy
iy,iy
d,d
pcl,kcl
v,pcl
t,t
p,p
l,l
sh,sh
ix,iy
ey,ey
r,dx
ax,ax
r,r
ow,ow
kcl,kcl
k,k
ax,ax
oy,oy
tcl,tcl
dcl,dcl
ax,ax
ih,ey
t,t
l,l
kcl,kcl
ix,ix
s,s
ah,ax
jh,jh
ax,ax
eh,eh
nx,l
l,ao
ae,ae
dx,p
l,el
eh,eh
ae,ae
hh,hh
ey,ey
n,n
oy,oy
en,ax
en,n
ow,ow
aa,ao
w,n
q,q
n,n
n,n
n,ix
r,r
axr,axr
ng,n
r,r
ch,sh
hv,hv
k,p
ao,aa
jh,ch
k,p
pcl,pcl
s,s
ae,ae
ae,ae
q,q
er,er
ix,ix
iy,iy
kcl,tcl
ae,ae
ae,ae
p,k
v,v
ay,aa
l,q
kcl,kcl
l,aa
bcl,gcl
s,s
ae,ae
s,s
ay,ay
ix,ix
v,v
z,s
iy,iy
axr,axr
l,l
eh,l
f,f
dh,dcl
em,n
s,sh
ae,ae
dcl,dcl
l,l
n,n
ay,ae
s,s
dcl,n
ah,ax
pcl,pcl
ay,ay
r,ix
ix,ix
k,kcl
m,m
l,ax
pcl,tcl
iy,iy
ow,ow
ix,ix
l,w
p,hh
ax,ax
dcl,dcl
nx,n
m,n
t,t
sh,sh
ng,n
ah,eh
r,r
ng,n
l,ix
k,k
w,w
ch,sh
r,r
ix,ax
aa,aa
n,n
s,s
r,ax
aa,aa
iy,iy
eh,ae
dcl,dcl
ix,iy
dcl,dcl
ow,ow
k,k
l,iy
n,dcl
m,m
ay,ay
jh,ch
k,p
k,k
l,uw
ix,iy
v,ax
sh,sh
ix,ix
er,axr
nx,ix
nx,n
hv,p
aa,aa
ay,ae
k,d
ay,ay
axr,er
b,gcl
ih,iy
r,r
dh,n
dh,f
nx,n
axr,ix
tcl,tcl
ah,ah
w,bcl
y,y
iy,iy
ih,ih
hv,hv
ah,ah
d,kcl
en,en
pcl,bcl
ix,ix
tcl,tcl
l,l
uw,n
sh,sh
kcl,tcl
en,n
hv,hv
z,s
l,q
ux,ih
oy,oy
r,r
ay,ay
z,z
tcl,tcl
f,f
tcl,pcl
w,ux
z,s
kcl,kcl
r,r
r,r
kcl,q
ix,ix
y,y
ix,iy
k,k
ix,ih
ih,ey
k,k
ix,ix
m,m
n,n
ax,ax
pcl,pcl
ax,ax
ix,iy
hh,p
s,s
tcl,kcl
jh,t
ae,ae
tcl,tcl
ax,ix
q,q
n,n
ow,ao
p,p
zh,sh
ax,ix
s,s
ao,el
nx,dx
m,bcl
ae,ae
ax,n
hv,eh
r,r
uw,w
ch,t
ix,dx
n,n
ao,ao
th,dh
q,n
z,z
z,z
pcl,pcl
w,w
ix,iy
sh,sh
ae,ae
iy,iy
dx,dcl
z,z
ix,ix
s,s
f,f
aa,aa
iy,iy
axr,r
dcl,dcl
kcl,pcl
hv,y
ix,ux
ow,el
axr,axr
ix,ix
l,ix
g,g
n,n
dh,tcl
kcl,kcl
ae,ae
axr,axr
d,t
ih,ih
r,n
dh,v
ah,ax
aa,ay
dh,t
w,w
r,r
m,ux
iy,iy
hh,ix
kcl,kcl
k,p
s,s
ch,s
f,f
eh,eh
ae,ae
tcl,n
s,sh
m,n
q,q
w,l
axr,r
kcl,bcl
ix,ix
iy,iy
bcl,bcl
ah,eh
n,n
ey,ey
ih,ax
ix,ix
dcl,dcl
ae,ay
t,t
pcl,pcl
l,w
sh,sh
ow,ow
en,n
hv,hv
r,r
dcl,dcl
y,y
d,t
ah,l
f,f
ay,ay
v,v
l,w
jh,jh
aa,aa
ih,ix
dcl,dcl
kcl,kcl
n,n
aa,aa
dh,th
t,k
ax,ax
s,s
iy,iy
n,dcl
t,z
iy,iy
dx,dx
n,n
t,kcl
ey,iy
ax,ax
q,q
dcl,tcl
iy,iy
s,s
m,bcl
v,tcl
aa,ae
l,l
y,y
ay,ay
iy,ix
s,s
ix,ih
ih,ix
ae,eh
aa,aa
dcl,dcl
eh,eh
ng,n
z,s
ix,ih
ao,ao
tcl,dcl
r,v
d,d
ix,ih
ay,ay
sh,sh
iy,iy
ix,dx
dcl,dcl
ix,ix
ao,ao
dh,d
ax,ax
l,ix
s,s
kcl,kcl
s,s
w,w
ih,ix
eh,r
iy,iy
eh,eh
pcl,pcl
ow,ix
d,d
s,t
ih,ix
ix,ix
ay,aa
dcl,dcl
t,t
s,s
s,s
n,n
hh,hh
aa,ay
aa,aa
w,w
tcl,tcl
el,el
iy,iy
g,dx
ux,ux
bcl,bcl
k,p
ix,ix
l,l
eh,eh
t,t
ax-h,ax
w,w
ae,ae
dcl,dcl
l,l
ao,ao
dcl,kcl
kcl,kcl
axr,er
b,dx
eh,en
dcl,bcl
ix,ix
n,n
iy,iy
iy,iy
k,tcl
dcl,tcl
ah,ah
l,l
axr,axr
dcl,tcl
sh,sh
v,pcl
ax,ax
eh,ih
uw,ux
ih,uh
aa,r
ih,ih
iy,iy
ux,ux
t,k
uh,el
iy,y
eh,eh
kcl,tcl
dcl,dcl
gcl,dcl
q,q
aw,ae
q,k
ay,ae
l,l
iy,iy
iy,ih
ae,ae
ih,iy
s,s
w,w
dcl,tcl
aa,aa
iy,iy
r,r
ix,ow
tcl,tcl
ah,ae
ix,ix
y,y
ih,ih
q,kcl
iy,iy
sh,sh
eh,ih
w,w
ey,ey
ix,ix
er,r
bcl,bcl
eh,eh
ax-h,hh
tcl,pcl
z,sh
ux,ih
m,m
z,z
dh,n
l,l
er,er
ix,ix
t,k
ix,axr
ix,ih
m,m
k,k
er,er
k,k
v,dh
n,n
eh,ix
pcl,kcl
oy,ow
k,k
ah,ay
ey,ih
q,q
ix,m
ah,eh
dcl,tcl
kcl,kcl
tcl,tcl
z,jh
axr,axr
iy,ux
ix,ix
k,hh
l,l
k,k
f,f
er,er
axr,er
l,l
v,v
iy,iy
z,z
n,n
s,s
sh,t
k,k
aa,aa
ih,iy
jh,jh
ay,ay
l,l
en,m
tcl,tcl
ng,n
l,l
ow,ow
ah,ow
s,s
m,n
ao,aa
tcl,tcl
ae,eh
ay,ey
l,n
ae,ae
iy,iy
z,z
kcl,tcl
eh,eh
dh,dx
ax,ax
t,t
n,n
q,n
hh,hh
d,n
el,el
iy,ix
z,t
dcl,tcl
axr,axr
eh,ah
iy,ix
tcl,tcl
n,v
f,f
s,s
ay,aa
n,n
r,axr
n,n
gcl,tcl
n,n
ih,iy
sh,sh
ao,ao
s,s
z,jh
v,v
r,r
er,r
axr,ix
l,eh
k,tcl
ao,ao
ch,jh
ix,ix
ae,eh
axr,axr
ix,ix
ey,ih
p,p
dcl,dcl
g,d
s,s
pcl,pcl
hv,hv
iy,ey
q,q
g,k
s,s
r,dx
ix,eh
eh,axr
q,q
s,s
y,y
hh,p
ch,sh
ah,ah
n,ix
n,n
ae,q
p,p
iy,iy
p,p
l,ix
aa,ao
bcl,bcl
l,l
kcl,kcl
dcl,dcl
bcl,pcl
kcl,pcl
k,t
tcl,tcl
r,r
iy,ux
el,ow
n,ix
s,s
t,t
dcl,dcl
tcl,tcl
r,r
ax-h,t
s,s
y,y
z,s
s,s
ch,sh
w,w
sh,s
eh,eh
w,ax
eh,r
gcl,gcl
ey,ey
zh,jh
s,s
r,r
axr,r
n,n
pcl,pcl
axr,axr
s,z
ix,ix
t,t
kcl,kcl
n,n
p,p
f,f
r,axr
eh,ix
tcl,pcl
ix,ix
dx,bcl
aa,aa
m,v
z,s
m,n
ae,ae
ax,uh
kcl,kcl
axr,r
kcl,pcl
ow,eh
kcl,kcl
q,q
iy,iy
kcl,kcl
l,el
z,s
ax,ax
f,f
ih,ix
t,ix
dx,g
ah,eh
ax,eh
ix,ix
w,w
ey,eh
tcl,dcl
ix,ix
s,s
ix,ix
ix,ix
dh,tcl
ao,ao
eh,ih
iy,iy
bcl,bcl
ah,ah
ax,ax
uw,axr
l,ax
ah,ix
r,r
ax,ao
z,z
kcl,kcl
k,t
q,q
eh,ix
dh,v
s,s
dx,dx
ax,ix
f,f
iy,iy
iy,iy
eh,eh
p,p
n,n
hh,k
v,v
s,s
dh,dh
tcl,tcl
ae,ae
r,r
tcl,tcl
n,g
ao,ao
axr,r
eh,eh
ih,iy
tcl,bcl
er,aa
axr,axr
dcl,bcl
jh,jh
ao,ao
er,ao
iy,iy
sh,z
ix,ih
dcl,pcl
n,n
kcl,kcl
hv,hv
ih,ix
l,ix
eh,ow
pcl,tcl
ow,ow
p,p
iy,iy
ax,ix
dcl,dcl
f,f
z,z
bcl,bcl
w,w
jh,ch
z,s
d,d
m,m
d,t
iy,ey
dx,dx
v,v
ix,ix
ix,ix
tcl,tcl
k,t
ae,ae
t,t
ae,ae
r,r
axr,q
eh,eh
kcl,kcl
axr,axr
s,s
ao,ao
kcl,pcl
eh,eh
kcl,tcl
gcl,bcl
dh,th
ix,ix
v,z
r,r
eh,r
l,ax
ey,ey
iy,iy
aa,ah
s,s
l,w
dcl,dcl
k,k
g,tcl
iy,iy
s,z
ay,ao
l,ax
kcl,p
k,k
dx,dx
m,m
ey,ey
d,dx
ix,ix
ow,ah
l,ax
aa,aa
ae,ae
w,w
aa,ae
s,s
s,s
v,n
tcl,tcl
ax,r
n,n
g,g
hv,hv
ah,ah
ax,ax
kcl,kcl
ey,ey
w,w
aa,ao
sh,sh
ae,ae
g,k
pcl,pcl
dcl,dcl
ih,eh
iy,iy
ax,ix
r,dx
s,s
s,s
aa,ao
n,ng
r,r
n,n
aa,aa
dx,dx
ae,ey
m,bcl
iy,iy
aw,aw
ch,t
k,k
ay,ay
ah,ix
g,k
ey,ey
ix,ix
uw,ux
s,s
eh,ah
ey,ey
s,s
q,q
aa,ah
eh,ih
ax,ax
r,eh
ix,ix
ae,ae
gcl,pcl
ao,ao
ax,ax
ao,ao
n,n
ix,ix
ix,ix
tcl,pcl
ux,ux
iy,y
l,l
r,r
nx,dx
s,s
n,n
v,ax
ix,ix
eh,ae
iy,iy
v,v
ao,aa
sh,sh
m,m
ih,ih
m,bcl
dcl,dcl
aa,aa
n,n
g,g
tcl,tcl
s,s
s,s
y,y
w,w
iy,iy
ch,t
ow,aw
z,z
dh,tcl
iy,iy
n,ax
s,s
m,bcl
ae,ae
dh,dh
kcl,kcl
l,q
l,l
f,t
ux,ux
dx,d
sh,t
z,z
kcl,tcl
kcl,bcl
l,w
v,v
axr,axr
dh,v
r,r
aa,ao
n,n
iy,iy
ih,ih
hh,z
iy,ey
v,z
t,t
ih,ih
s,s
eh,eh
iy,iy
l,w
dcl,n
p,g
ay,ay
y,iy
tcl,tcl
el,el
ax,ax
axr,axr
er,axr
f,z
aw,ae
ao,r
pcl,pcl
kcl,pcl
ax,ix
el,el
q,q
oy,ao
ay,ay
iy,iy
s,sh
iy,iy
th,t
dcl,dcl
dcl,dcl
ih,ix
r,r
n,n
w,w
iy,iy
kcl,kcl
ah,l
q,q
eh,eh
er,er
s,z
ix,ax
k,k
ae,ae
k,k
ey,ey
ah,ah
sh,sh
ix,ix
iy,iy
ux,ux
ng,ng
v,v
z,s
ih,ux
ao,ao
iy,iy
ix,iy
ah,ae
t,t
g,k
er,axr
er,axr
tcl,kcl
ix,ux
s,s
dcl,dcl
en,n
dx,r
s,z
eh,eh
v,v
w,w
iy,iy
ax,ax
k,k
l,ax
ao,ao
ix,ix
y,ix
ix,iy
sh,sh
iy,iy
iy,iy
kcl,kcl
ix,ix
dh,dh
t,dh
d,g
gcl,gcl
s,s
ax,ax
n,n
r,r
th,f
ax,r
z,z
t,t
tcl,tcl
tcl,n
tcl,kcl
ih,ih
pcl,tcl
en,m
tcl,bcl
z,z
ix,ix
w,w
eh,ih
t,t
n,n
r,r
ay,oy
q,q
sh,sh
p,p
n,m
d,dh
dcl,n
pcl,pcl
ax-h,t
n,n
ey,ey
n,n
iy,ih
ax,q
kcl,kcl
el,v
iy,ng
l,r
s,s
l,l
r,r
ae,eh
z,sh
ae,ae
q,q
k,k
ae,ae
ow,ow
l,iy
n,n
ih,iy
y,dx
t,t
ux,ih
ix,ix
jh,jh
ae,ey
w,w
bcl,bcl
z,z
ng,ng
w,w
t,t
m,m
kcl,kcl
eh,er
er,axr
ih,axr
z,s
t,d
nx,n
kcl,kcl
aa,ao
t,t
m,m
z,z
iy,iy
t,t
ax,ix
w,w
ih,ux
ax,ix
iy,iy
g,k
l,el
ix,ix
ih,ih
kcl,kcl
iy,iy
s,s
kcl,pcl
ah,ih
ah,ao
ow,ao
sh,sh
kcl,tcl
s,s
aa,ao
axr,axr
l,l
ih,ih
s,s
iy,iy
bcl,bcl
s,sh
tcl,dx
f,f
dh,dh
iy,ix
ay,ay
q,q
ay,ay
l,l
tcl,tcl
l,ix
dh,p
tcl,tcl
l,iy
v,dh
bcl,bcl
z,sh
aa,r
n,n
ax,ax
ch,jh
iy,iy
hh,k
pcl,pcl
s,t
iy,iy
gcl,ix
n,n
n,n
kcl,kcl
s,s
y,ix
ih,ih
dcl,dcl
n,n
aa,ah
dx,dx
z,z
r,r
tcl,kcl
pcl,dcl
v,dcl
z,z
iy,y
aa,ao
n,n
ih,ih
kcl,kcl
v,ix
l,l
k,t
q,q
ao,w
sh,sh
ux,iy
k,t
p,p
eh,ey
tcl,dcl
n,dcl
p,hh
dcl,tcl
iy,iy
dcl,pcl
w,w
z,s
sh,sh
dcl,tcl
er,eh
ow,ao
n,n
er,er
n,n
k,k
r,ao
ih,ih
pcl,pcl
q,kcl
n,n
d,d
r,r
l,r
tcl,tcl
ae,eh
f,f
axr,r
t,t
sh,sh
ax,ax
iy,iy
ay,ae
ix,ix
k,k
hv,hv
l,n
ow,ow
eh,eh
s,s
n,n
ix,ix
aw,aw
hh,f
ih,ih
dh,dx
z,z
s,s
tcl,tcl
ax,l
iy,iy
q,n
ao,ao
ix,ih
l,l
s,z
er,er
iy,ix
s,s
ix,ix
y,y
s,s
aa,aa
kcl,kcl
k,k
l,q
tcl,tcl
ax,ax
uw,ax
k,k
l,l
bcl,pcl
ih,ih
ao,w
tcl,tcl
dx,dx
bcl,bcl
en,n
pcl,pcl
z,s
w,w
sh,sh
s,s
ix,ix
d,t
y,iy
s,s
aw,ae
gcl,dcl
tcl,kcl
kcl,pcl
jh,t
sh,sh
t,t
w,w
t,f
n,ng
m,r
iy,iy
n,ix
gcl,dcl
s,s
v,v
ey,ey
eh,eh
k,k
r,ao
ix,ix
gcl,gcl
ax,ah
z,s
r,axr
n,n
aa,ay
tcl,jh
n,n
ah,aw
ao,r
oy,iy
iy,ih
n,n
dh,dh
dx,dx
w,w
s,s
tcl,tcl
ih,eh
n,n
dcl,dcl
dcl,tcl
p,p
iy,iy
p,p
hh,dh
n,n
iy,ey
kcl,kcl
z,z
eh,ix
ae,ae
el,el
r,axr
l,l
ih,ah
r,dx
aa,eh
r,r
w,ax
ao,aa
s,z
n,n
l,l
s,s
tcl,tcl
q,q
ey,ey
ix,ix
iy,iy
r,r
w,w
l,l
axr,axr
y,y
p,p
aa,ao
en,en
t,t
s,s
ao,ay
n,n
ax,l
m,n
gcl,pcl
m,n
dx,n
ix,ix
axr,axr
sh,sh
ch,sh
r,r
r,r
s,s
aa,r
tcl,tcl
tcl,tcl
jh,jh
iy,ey
k,k
l,ao
s,s
v,f
ah,ah
ix,ix
ae,ae
ay,ah
iy,ix
l,ax
kcl,kcl
ey,axr
d,t
oy,oy
iy,ux
d,t
tcl,dcl
kcl,pcl
l,l
tcl,tcl
k,k
dcl,kcl
zh,jh
eh,ix
ng,n
q,ix
eh,ae
nx,r
w,ao
p,dh
s,s
ae,ae
ay,ay
ix,n
iy,iy
gcl,kcl
ey,ey
m,m
w,w
ih,ix
t,t
ch,sh
ix,ix
f,f
ix,ix
dh,dh
sh,s
s,s
ih,ix
s,s
ey,ey
ah,ax
v,ax
n,n
l,l
axr,ix
l,l
z,s
iy,iy
ux,ux
ax,ix
axr,r
r,r
eh,eh
z,s
sh,sh
aw,ow
k,k
kcl,kcl
en,n
eh,ax
r,w
axr,axr
l,w
n,n
ao,ao
k,k
hh,p
ao,l
ih,iy
tcl,pcl
w,w
dx,ix
iy,iy
q,l
dx,p
ix,iy
dh,dh
y,iy
w,w
ay,ey
s,s
dh,bcl
s,s
z,z
dx,dx
aw,aw
dh,dh
ey,ey
s,s
kcl,tcl
ao,m
pcl,pcl
v,v
ix,ix
tcl,tcl
eh,ih
l,l
ix,ey
ih,ey
hh,f
p,dh
gcl,dcl
f,f
ix,ix
iy,iy
ix,y
er,aa
aa,aa
gcl,dcl
ix,ax
p,p
ay,ay
ix,ih
iy,iy
dh,tcl
ih,ih
axr,eh
r,r
r,r
kcl,kcl
uw,uw
ow,ao
ax,ah
axr,axr
f,f
n,n
pcl,th
aa,aa
tcl,tcl
eh,ix
axr,r
t,p
uh,ih
r,r
s,s
w,w
t,t
ay,ae
tcl,pcl
g,v
hh,hh
ay,ay
gcl,bcl
m,n
ow,ow
pcl,pcl
ow,ow
axr,ux
d,t
ay,ae
l,ax
ae,ae
w,w
r,r
l,l
l,l
ix,ix
pcl,pcl
zh,sh
w,w
ix,ix
tcl,n
ao,ow
dh,t
gcl,p
m,n
ah,r
ah,ax
er,er
pcl,tcl
p,k
zh,sh
n,n
l,r
ao,ao
l,l
axr,r
s,s
el,el
ch,jh
aa,eh
t,t
gcl,gcl
y,y
kcl,kcl
axr,ix
l,ax
ey,ey
kcl,pcl
ey,ey
d,q
r,r
aa,aa
ix,ix
eh,eh
s,s
r,r
k,t
ey,ey
ae,ae
nx,n
iy,iy
ax,ax
ix,ix
iy,iy
t,t
y,iy
bcl,bcl
ix,ix
f,f
pcl,pcl
gcl,gcl
ax,ax
oy,ao
ow,ax
gcl,th
tcl,pcl
iy,ey
pcl,kcl
bcl,bcl
t,t
ow,ow
y,ix
m,m
sh,s
r,r
bcl,bcl
ah,oy
tcl,tcl
eh,ih
z,z
s,s
ae,eh
ae,ey
pcl,pcl
ae,ae
gcl,tcl
m,n
t,t
kcl,kcl
ux,ix
l,ax
dcl,gcl
ih,ix
ax,ax
ix,ix
eh,aa
iy,iy
n,n
kcl,z
eh,r
aa,ah
p,t
tcl,z
m,m
pcl,pcl
ix,ix
ah,ae
ow,aa
dh,tcl
n,n
ao,ao
y,y
dcl,pcl
n,n
ih,ih
kcl,kcl
sh,f
ix,ix
r,ao
dh,th
z,z
en,n
uw,ux
k,t
ng,dcl
iy,iy
ux,iy
ih,ih
uh,ow
ih,iy
l,l
ae,ae
ih,uh
ix,ix
n,n
ae,ih
tcl,pcl
pcl,tcl
s,s
pcl,pcl
ch,sh
tcl,tcl
ng,n
w,w
t,s
ae,ae
th,s
tcl,tcl
ix,ix
er,axr
ah,ax
d,d
f,f
t,t
n,n
p,p
tcl,tcl
ah,ah
gcl,gcl
ih,iy
n,dcl
kcl,kcl
kcl,kcl
n,n
eh,eh
n,n
l,l
m,m
s,s
ey,ey
bcl,bcl
z,z
ae,ae
n,n
iy,iy
iy,iy
p,kcl
s,s
r,axr
ng,m
ix,ix
r,r
aa,aa
kcl,pcl
r,axr
axr,axr
jh,t
l,aa
z,s
l,l
r,r
m,m
y,ih
el,el
ix,ih
ix,ix
ax,ax
ax,ax
iy,iy
iy,n
dcl,kcl
bcl,bcl
ay,ao
ao,ao
axr,axr
el,el
z,z
iy,iy
iy,iy
jh,jh
l,w
ae,ae
tcl,tcl
gcl,dcl
ay,ay
ix,iy
hv,hh
ih,ix
ow,ow
gcl,gcl
ah,ae
dcl,dcl
k,t
ey,iy
axr,ix
tcl,dcl
dcl,dcl
tcl,tcl
axr,axr
l,w
ix,hv
ix,ix
t,t
g,g
aa,ay
ae,ae
axr,axr
n,n
hv,m
ng,n
r,ax
n,gcl
dcl,dcl
r,r
m,n
tcl,gcl
ow,ao
iy,iy
y,y
s,s
oy,oy
l,l
q,q
n,n
ix,ix
kcl,kcl
t,sh
s,s
aa,ax
r,ax
s,sh
kcl,kcl
axr,eh
hh,k
ih,ih
ay,aa
t,p
sh,sh
sh,sh
ih,iy
iy,iy
r,r
ix,ix
s,s
aa,aa
ih,ah
ix,ix
sh,sh
dcl,bcl
axr,ao
w,w
n,n
iy,ix
ih,ae
t,t
l,l
pcl,pcl
dcl,dcl
kcl,tcl
ix,ix
gcl,bcl
dh,p
ih,ih
v,v
l,l
ix,ix
l,l
p,f
f,pcl
aw,ax
kcl,tcl
dcl,bcl
ao,ay
er,axr
eh,ey
l,ah
z,s
sh,sh
l,el
dh,dh
iy,iy
ih,ih
pcl,pcl
ae,ae
ah,ow
r,ix
p,p
m,m
s,f
dh,v
ey,ey
ao,ao
iy,iy
kcl,tcl
m,n
sh,s
er,axr
sh,sh
k,tcl
l,l
q,q
axr,r
r,r
ax,ax
iy,ix
ih,iy
s,s
tcl,tcl
p,p
m,bcl
ih,ix
ey,ey
dh,f
m,bcl
ux,ux
tcl,z
g,k
eh,ae
k,k
ix,ae
g,dx
k,k
q,q
k,t
t,t
dcl,tcl
ux,ux
axr,r
q,bcl
ax,ax
ah,ao
hv,hv
gcl,kcl
aa,q
ix,ix
jh,ch
r,r
s,s
z,s
axr,axr
uh,ix
kcl,pcl
axr,axr
eh,ix
kcl,tcl
bcl,bcl
n,n
ow,ax
q,dx
iy,iy
v,f
n,n
n,n
ix,ix
s,s
ay,ay
t,t
gcl,n
pcl,pcl
kcl,tcl
q,q
l,l
w,w
d,t
kcl,kcl
en,n
dcl,dcl
hh,p
ix,ax
jh,z
kcl,bcl
ah,ao
ao,ao
q,q
k,k
kcl,tcl
p,p
iy,ey
ow,ih
n,m
eh,ax
aa,aa
v,v
kcl,kcl
r,r
kcl,kcl
pcl,kcl
s,s
zh,sh
jh,jh
eh,ax
k,k
ix,ix
er,er
iy,ix
m,m
jh,jh
ao,ow
f,f
y,y
iy,iy
g,p
dcl,dcl
bcl,bcl
r,r
m,m
l,l
kcl,dcl
eh,r
p,p
k,t
ix,ix
l,q
kcl,pcl
iy,iy
ih,ix
axr,ux
ah,ah
ih,ih
k,tcl
axr,axr
jh,sh
q,q
f,f
dcl,bcl
dcl,dcl
k,p
tcl,tcl
tcl,tcl
axr,axr
dcl,tcl
ix,ix
dcl,dcl
m,m
l,q
tcl,tcl
l,l
kcl,kcl
dcl,n
ux,ux
er,r
ax,ax
ah,ah
n,n
g,p
s,s
n,n
dx,dx
eh,eh
s,s
z,jh
g,k
ix,ix
ix,ay
t,d
el,el
r,r
ey,iy
ae,ae
l,l
w,q
ay,eh
n,n
r,r
eh,ey
l,l
r,v
ix,ix
r,r
s,s
iy,ix
ix,ix
aa,ao
ix,ix
axr,axr
axr,axr
k,k
p,p
th,dh
z,z
hv,ae
tcl,tcl
dcl,tcl
m,m
d,d
k,k
bcl,bcl
t,t
ao,ao
dcl,tcl
t,t
pcl,bcl
s,s
n,nx
dcl,dcl
eh,eh
s,s
iy,iy
ch,jh
iy,iy
eh,eh
iy,iy
ay,ay
ao,aa
ey,ix
iy,iy
k,k
dcl,dcl
r,r
l,l
iy,ix
iy,iy
w,w
kcl,tcl
iy,iy
pcl,pcl
z,z
l,l
aa,axr
v,v
eh,ae
l,l
aa,ao
ih,ix
ey,ey
ux,ux
r,r
d,tcl
en,n
ix,ix
pcl,pcl
q,q
z,s
ae,ae
ix,ix
ch,jh
iy,iy
ae,ae
y,y
ow,ow
iy,iy
r,r
hv,hv
er,er
m,n
eh,eh
s,s
n,ng
en,n
p,p
ay,ay
l,l
w,w
n,ax
ih,ah
f,f
dh,dh
ih,ih
iy,iy
dcl,dcl
gcl,tcl
z,z
r,r
iy,iy
ix,ix
v,tcl
m,n
q,q
aa,ao
ih,ih
r,axr
dcl,dcl
v,w
iy,iy
s,s
n,m
z,z
s,s
kcl,tcl
ix,ix
tcl,tcl
kcl,k
ao,r
pcl,pcl
eh,eh
z,s
kcl,pcl
r,r
ah,eh
dcl,dcl
tcl,tcl
eh,ae
s,z
s,s
ix,eh
dh,d
iy,iy
n,n
l,l
m,n
ae,ae
s,s
sh,s
iy,iy
oy,ow
tcl,tcl
z,s
aw,ah
s,s
ih,eh
dh,q
eh,ix
n,m
ng,ng
l,ix
ae,ae
v,dcl
sh,sh
d,t
w,ao
n,n
axr,r
g,tcl
l,w
n,n
ih,ih
k,t
dcl,dcl
z,z
r,v
ah,ah
ao,ao
n,n
ey,ey
hv,d
n,n
kcl,kcl
kcl,tcl
ax,dh
r,axr
s,sh
iy,ey
ih,axr
ix,ix
t,t
aa,aa
r,iy
ng,m
w,w
m,m
tcl,tcl
eh,r
k,k
dx,y
em,n
sh,ch
dx,ix
axr,axr
m,m
s,s
iy,y
s,s
tcl,tcl
ao,w
s,s
axr,ax
aw,ae
hv,hh
ih,ih
y,iy
ux,iy
axr,er
ae,ae
z,z
s,s
ax,ax
dh,t
ix,ix
axr,axr
axr,ix
l,l
l,l
w,dx
pcl,kcl
ah,ow
ch,ch
s,s
ih,ih
p,t
ch,ch
dcl,bcl
t,t
m,m
hv,dh
ay,aa
ae,ae
dcl,gcl
kcl,tcl
ix,ix
dx,dx
r,r
k,k
l,l
m,m
k,k
dh,g
l,el
ih,ax
z,z
kcl,pcl
aa,aa
dcl,dcl
pcl,pcl
l,ax
axr,axr
q,q
r,r
y,dx
s,s
l,l
ux,iy
w,l
ey,ey
z,s
kcl,tcl
uw,ix
tcl,pcl
tcl,tcl
aa,ao
n,n
l,l
ch,ch
dcl,dcl
s,s
ao,ao
axr,axr
r,r
m,m
ah,r
ix,ix
pcl,pcl
zh,jh
iy,iy
ae,ae
l,l
s,s
axr,q
er,axr
iy,iy
d,p
r,ao
s,s
iy,iy
ow,ao
ey,ih
dcl,dcl
ix,ix
eh,ae
gcl,dcl
q,q
tcl,dcl
s,s
d,ix
p,p
s,s
jh,jh
n,n
kcl,kcl
kcl,pcl
eh,eh
ih,ih
axr,ux
l,ax
axr,r
kcl,kcl
iy,ey
dh,t
oy,er
m,m
iy,iy
tcl,kcl
ix,ix
ae,ae
pcl,pcl
iy,iy
tcl,kcl
n,n
ix,ix
r,r
ow,el
sh,sh
iy,ix
jh,jh
ao,ao
w,uw
iy,ih
ix,ey
t,t
ix,ax
p,p
y,iy
iy,ih
tcl,pcl
ae,ae
ae,ae
ax,ax
d,t
ay,ay
ax,ix
ow,eh
n,n
l,l
k,k
ao,q
ih,ix
eh,eh
s,t
kcl,kcl
g,d
dh,p
l,ax
tcl,tcl
t,k
n,m
k,t
ix,ix
axr,axr
ix,ax
g,g
t,t
m,n
er,er
l,l
l,ax
s,s
ih,ey
k,k
ax-h,d
k,k
g,g
z,z
tcl,tcl
tcl,tcl
tcl,tcl
uh,ax
ix,ix
l,ix
f,f
r,w
tcl,dcl
dcl,dcl
r,er
d,sh
tcl,pcl
aa,r
tcl,kcl
ow,axr
ng,ng
w,dh
em,ng
axr,ix
kcl,kcl
s,s
iy,ux
ey,ey
n,n
ae,ae
s,s
ow,w
hh,hh
axr,ih
ow,eh
r,r
l,l
ux,ix
z,s
er,er
aa,ae
uh,axr
ux,ix
ao,ow
ix,ax
iy,iy
z,z
m,m
ao,ao
ax,ax
ah,ae
gcl,dcl
ix,ix
n,hh
l,w
en,en
er,er
r,r
el,el
iy,iy
ih,ih
tcl,tcl
ix,ix
dcl,dcl
sh,s
s,s
eh,eh
m,n
kcl,kcl
el,ax
kcl,tcl
l,l
hh,hv
w,w
aa,aa
s,s
ix,ix
dh,dh
z,z
gcl,n
iy,ey
f,f
tcl,dcl
y,y
l,aa
kcl,kcl
en,dcl
m,m
s,s
z,z
axr,axr
w,w
q,tcl
ae,ae
s,s
ix,ax
l,ix
kcl,pcl
sh,sh
l,l
w,w
iy,iy
r,r
l,l
l,l
ih,ih
n,ax
ey,iy
ao,ao
r,r
ao,ao
ax,ix
iy,iy
w,w
ix,ix
er,q
ao,w
n,n
m,m
ix,ix
dh,dh
r,r
ae,ae
kcl,kcl
ay,ae
r,r
y,y
ow,ow
sh,sh
ix,ix
f,f
b,p
v,dh
ix,ix
tcl,tcl
er,ih
uh,eh
n,dcl
s,s
dcl,dcl
f,f
y,y
aa,ao
t,jh
en,en
ix,ix
iy,iy
ih,ey
kcl,kcl
ae,ix
l,l
q,q
n,m
n,n
m,n
th,tcl
r,iy
ay,ae
s,s
ae,ae
p,f
dcl,gcl
l,l
t,t
k,k
hh,hv
g,k
ae,ih
dx,ix
iy,iy
ay,ay
y,iy
er,er
z,s
m,r
iy,iy
er,er
dh,tcl
eh,eh
ih,ax
z,s
jh,sh
ax,l
r,r
axr,r
dx,r
w,w
aw,ae
kcl,kcl
n,n
pcl,pcl
v,v
f,f
n,n
r,r
tcl,kcl
m,dx
r,r
n,n
l,l
ah,ax
ey,oy
l,ax
axr,axr
nx,n
ao,ao
dcl,tcl
m,m
ih,ih
ao,l
ey,q
kcl,kcl
l,q
iy,iy
q,q
tcl,tcl
gcl,bcl
r,r
ax-h,tcl
kcl,kcl
eh,eh
m,m
t,t
ow,ow
ao,w
f,f
ix,ix
er,r
s,s
t,t
d,p
kcl,tcl
ow,ih
ey,ey
w,ax
w,w
sh,sh
ng,n
kcl,kcl
q,p
tcl,tcl
t,t
n,n
ay,aa
er,er
ih,ey
kcl,kcl
r,w
ix,ix
aa,aa
tcl,tcl
l,w
ih,ih
jh,jh
ao,ao
eh,ow
r,r
kcl,kcl
s,s
tcl,pcl
n,ix
aa,ow
el,el
v,v
el,ax
ao,ao
ey,eh
ae,ae
z,z
p,p
bcl,bcl
f,f
p,f
g,k
g,p
ah,eh
t,d
kcl,gcl
pcl,pcl
ao,ao
q,q
er,r
z,s
iy,iy
ax,ax
el,el
ao,ao
n,dcl
n,n
l,ax
m,ix
s,s
iy,ey
ax,ax
ao,ao
aa,ao
ae,ih
er,axr
m,m
ah,ow
ao,ao
ix,l
q,q
ix,ix
axr,axr
sh,sh
axr,r
ax,ix
ao,ao
p,p
s,s
q,q
ao,l
s,s
k,k
bcl,tcl
pcl,pcl
hh,t
sh,sh
dcl,dcl
s,s
ax,l
s,s
w,m
r,r
ae,ae
n,n
v,v
er,r
eh,ey
n,n
ih,iy
kcl,kcl
eh,eh
ow,ow
p,p
ae,ae
axr,ao
s,s
g,tcl
y,iy
f,f
n,l
r,ao
eh,eh
bcl,bcl
eh,ah
s,s
n,n
ao,el
iy,iy
ao,l
ax,ax
ux,ux
l,w
dcl,dcl
dh,w
ix,ax
z,z
aa,r
dx,ix
ao,ae
d,dh
el,l
l,l
z,z
s,s
tcl,tcl
ae,ae
sh,sh
iy,iy
n,n
eh,iy
t,t
l,w
n,n
eh,eh
f,f
axr,axr
q,q
aa,ae
ae,ae
n,n
tcl,pcl
ay,eh
ih,iy
ix,ix
kcl,tcl
axr,r
s,s
ah,ae
v,f
r,r
er,er
l,ow
t,t
n,n
z,s
tcl,tcl
l,n
ow,ix
k,t
er,r
iy,iy
l,ax
t,p
dcl,bcl
oy,oy
n,n
q,q
s,z
z,s
p,p
aa,aa
ng,n
r,r
r,r
ax,ax
r,r
s,s
dcl,dcl
n,n
eh,ah
ey,ey
ih,ix
er,axr
iy,ix
kcl,kcl
ow,ah
ao,ao
n,dx
t,t
ae,ae
ix,ix
n,q
t,t
ao,ao
iy,iy
ch,t
k,k
ux,y
y,q
k,k
p,p
dx,dx
t,t
pcl,tcl
g,k
v,f
ax,ix
z,s
aa,aa
axr,er
ih,ih
t,tcl
n,n
ah,ah
gcl,gcl
aa,aa
n,n
kcl,kcl
ih,ix
l,el
hh,hh
k,k
p,p
q,q
ao,ao
tcl,kcl
l,l
kcl,kcl
s,s
t,k
q,ix
eh,ae
ix,iy
ay,ay
eh,axr
r,r
w,w
ow,ow
ix,uh
ng,n
gcl,tcl
ay,ay
ae,ae
aa,aa
ix,ix
ow,ey
ah,ax
eh,ih
s,s
kcl,tcl
w,w
s,s
ih,ey
gcl,n
p,dh
k,k
sh,sh
p,p
t,f
aa,r
aa,aa
ae,aa
n,ux
ix,iy
ow,ao
eh,ow
n,n
sh,sh
v,v
f,f
kcl,kcl
m,m
f,f
t,t
d,t
ao,ao
n,tcl
axr,r
dcl,dcl
bcl,m
ey,ey
ix,ix
ng,en
f,f
z,s
ih,ih
l,ow
t,t
oy,oy
dx,dx
tcl,pcl
dcl,tcl
y,iy
ax,ah
v,v
q,q
r,r
v,f
w,w
ch,sh
ux,ix
l,l
dcl,tcl
ax,ng
t,t
hv,hv
k,q
iy,ih
l,l
q,q
k,t
sh,sh
w,w
kcl,tcl
y,iy
ah,aa
y,iy
k,t
w,w
m,m
ah,ah
t,hh
d,t
tcl,pcl
p,p
z,z
ix,ix
l,l
k,jh
er,er
ah,ix
p,p
l,l
l,ax
l,n
kcl,kcl
sh,sh
y,ix
eh,eh
v,f
sh,sh
iy,iy
n,n
ix,ix
p,p
tcl,tcl
w,w
f,f
ow,er
t,t
n,n
dcl,gcl
k,k
aa,w
ae,eh
m,pcl
n,n
dh,t
ae,ae
q,q
ey,ey
m,ux
k,k
n,n
l,l
k,t
pcl,pcl
dcl,tcl
ix,ix
ih,ih
bcl,dcl
ix,ix
s,s
ao,ao
kcl,kcl
q,r
s,s
t,t
ay,ay
l,l
ay,aa
n,n
jh,t
n,n
dh,n
r,r
t,d
ao,aa
w,w
g,dx
t,d
f,f
z,z
ao,ao
eh,eh
r,r
n,l
kcl,kcl
kcl,kcl
ix,ix
gcl,tcl
k,d
ih,ih
n,tcl
z,z
kcl,pcl
ae,ae
ax,ax
m,n
el,el
ey,ey
gcl,gcl
aa,eh
r,r
ix,ix
s,s
r,v
tcl,tcl
tcl,tcl
v,v
eh,r
gcl,axr
iy,iy
ae,ae
hh,p
bcl,bcl
t,t
er,er
ix,ix
kcl,tcl
r,r
s,s
ih,ix
n,n
ih,ax
iy,iy
n,n
ax,ax
er,r
v,n
ay,ae
oy,eh
ix,ix
ao,ao
v,v
ix,ix
ix,n
s,s
ch,jh
pcl,pcl
p,kcl
k,k
dcl,tcl
l,l
n,n
k,t
m,n
dcl,gcl
w,w
ah,eh
k,k
ix,ix
n,n
y,y
ax,ao
k,k
dcl,tcl
iy,iy
ey,ey
z,z
ux,iy
s,s
ax,ix
ng,dcl
er,er
ow,ow
m,ng
r,r
hv,hh
kcl,kcl
s,s
f,f
ay,ay
t,t
k,k
sh,sh
r,r
ix,ey
pcl,kcl
hv,hh
s,s
t,d
l,l
tcl,tcl
l,n
axr,ax
ch,sh
s,s
s,s
ao,ao
eh,eh
l,w
aa,aa
ow,ow
ah,eh
g,d
w,w
er,er
ae,ae
l,l
n,l
k,k
n,n
tcl,tcl
th,th
l,w
er,r
hv,ix
n,n
ih,ih
ix,ih
er,er
dx,dx
ey,ey
ix,q
pcl,dcl
iy,iy
t,k
m,m
s,z
v,v
ax,ix
kcl,kcl
ix,ix
ux,ux
v,v
ey,iy
bcl,bcl
r,r
l,l
r,r
dcl,ix
ix,ix
s,jh
kcl,tcl
eh,ah
ae,ae
r,w
ay,ay
en,n
tcl,tcl
ow,ow
kcl,z
tcl,tcl
ay,ay
s,sh
dx,dx
dh,dh
g,g
f,f
dcl,tcl
l,ax
el,w
ao,ao
en,n
m,m
ch,s
ax,ax
ix,ix
s,s
sh,sh
k,hv
tcl,dcl
kcl,pcl
r,r
dcl,pcl
l,l
iy,iy
ix,ix
ix,n
ih,ih
aa,ao
ey,ey
dcl,tcl
k,k
t,q
ae,ae
n,ng
f,f
iy,iy
w,w
kcl,pcl
ah,eh
ae,ae
g,k
dcl,dcl
l,l
w,l
tcl,tcl
r,r
eh,ix
ax,ix
n,l
nx,nx
kcl,kcl
dx,dx
q,q
r,r
f,f
n,m
tcl,tcl
axr,axr
m,m
ax,ix
ah,ao
axr,r
m,m
ax,ax
s,s
t,t
aa,aa
m,bcl
dcl,dcl
pcl,pcl
v,dh
t,t
iy,iy
dx,dx
y,y
r,r
n,n
kcl,kcl
ih,ix
dcl,dcl
nx,n
n,n
ow,ow
m,n
q,q
iy,iy
gcl,kcl
s,s
ae,ae
dx,n
th,th
kcl,kcl
y,iy
aa,ae
n,n
t,t
dh,b
iy,iy
ux,ih
m,n
kcl,tcl
q,q
w,w
q,ix
k,k
ix,ix
ae,q
uh,eh
q,q
ax,r
hv,n
nx,ax
kcl,dcl
ax,r
n,n
n,n
pcl,pcl
ih,ih
ao,ow
eh,eh
dcl,tcl
jh,t
r,r
ae,ae
y,y
ix,ix
z,s
ao,w
iy,iy
pcl,kcl
gcl,gcl
q,p
m,m
t,t
m,axr
m,w
ng,n
pcl,pcl
ix,ix
dcl,n
pcl,f
z,z
eh,eh
p,hh
y,iy
eh,eh
r,r
dcl,n
ch,ch
l,l
ao,ao
t,t
ey,iy
n,n
iy,iy
ae,eh
oy,oy
m,m
en,n
ix,ix
r,r
hv,hv
ey,ey
aa,aa
ih,ey
kcl,pcl
y,t
er,iy
dh,l
k,k
eh,ah
el,ao
dcl,tcl
q,q
dcl,dcl
l,w
ix,ix
dh,dh
gcl,gcl
m,m
q,q
ae,ae
ix,ax
ix,ix
p,p
n,n
q,q
iy,iy
v,l
dcl,dcl
n,n
z,jh
tcl,kcl
nx,n
pcl,tcl
n,n
iy,ih
l,ng
l,l
l,w
iy,iy
q,ix
iy,iy
dx,dx
aa,aa
ey,iy
ae,ey
s,s
ax-h,tcl
s,s
dcl,bcl
y,y
z,s
l,iy
kcl,tcl
t,t
eh,ae
ux,ux
ae,ae
m,n
eh,ah
aa,aa
w,w
t,t
k,k
n,n
iy,iy
t,t
ux,ux
r,r
r,r
pcl,pcl
eh,r
el,el
f,f
aa,ae
ix,ay
sh,sh
m,n
m,m
ax,ax
aa,ah
s,s
aa,aa
bcl,n
ih,ux
y,ux
kcl,kcl
ix,axr
v,p
aa,aa
ax,ix
pcl,tcl
ae,ey
eh,eh
bcl,bcl
pcl,pcl
eh,eh
t,t
p,p
l,el
g,k
l,l
ae,ae
ao,ao
q,q
axr,axr
z,z
s,s
v,v
dcl,dcl
v,dh
ah,eh
ow,l
r,ax
ao,uw
w,w
axr,ix
ih,iy
s,s
kcl,kcl
s,s
s,s
ng,n
n,n
kcl,kcl
eh,eh
q,tcl
g,k
aw,ae
k,p
z,z
s,z
iy,iy
ey,iy
ux,ix
dcl,dcl
m,n
ax,ax
tcl,dx
ih,ih
ax,ix
g,dh
ax,r
iy,iy
ax,ax
f,f
gcl,ix
bcl,bcl
s,s
ix,axr
ey,ux
k,t
ae,ae
axr,ah
dcl,dcl
m,m
aa,aa
l,l
m,m
axr,axr
hh,hh
r,r
m,m
iy,iy
ax,w
pcl,pcl
f,f
ix,ix
ey,ey
l,l
aa,ao
iy,iy
r,ix
m,m
ax,ax
z,s
l,l
pcl,pcl
aw,aa
z,z
iy,iy
f,f
ix,ix
axr,axr
l,w
t,q
ow,er
uh,ih
k,k
aa,r
dh,dx
r,aa
tcl,tcl
zh,f
g,k
el,ao
iy,iy
d,d
sh,sh
iy,iy
s,s
y,y
r,r
l,q
t,t
kcl,kcl
dcl,dcl
ix,ix
tcl,dcl
r,r
p,t
ng,n
t,z
ch,sh
n,n
r,r
n,dcl
dx,tcl
ix,ix
l,l
iy,ih
l,l
n,n
kcl,kcl
m,n
l,w
sh,sh
em,n
axr,axr
w,w
kcl,kcl
l,dh
k,k
s,s
s,s
l,w
eh,ow
eh,eh
kcl,kcl
ow,ow
dcl,dcl
ay,ay
tcl,kcl
k,tcl
tcl,tcl
ax,ax
p,t
f,f
ao,ao
ay,ay
dx,gcl
ae,ae
y,iy
l,l
axr,axr
ae,ae
m,n
hh,hh
tcl,kcl
d,t
pcl,tcl
ay,ay
d,t
sh,sh
k,k
ax,ah
k,k
ah,aa
hv,hv
kcl,kcl
ix,ix
gcl,bcl
ao,ah
d,dh
ey,ih
ix,ax
ah,ae
nx,n
l,l
iy,iy
sh,s
r,r
k,t
iy,ix
ow,l
ix,n
r,r
z,s
s,s
tcl,dh
bcl,tcl
aa,aa
ih,ix
jh,sh
n,n
s,s
s,s
q,kcl
iy,iy
ao,aa
y,iy
y,en
ah,ax
q,q
s,s
ao,r
dcl,ax
k,t
w,w
s,s
iy,iy
hv,v
er,axr
l,w
n,n
kcl,kcl
w,w
k,k
ax-h,p
ax,w
tcl,pcl
q,q
ey,ey
ow,ao
r,r
axr,axr
ih,ix
s,sh
gcl,kcl
iy,iy
ng,ng
s,s
axr,axr
tcl,kcl
l,w
ng,bcl
kcl,kcl
dcl,tcl
n,n
kcl,bcl
s,s
q,kcl
l,l
q,q
kcl,kcl
aa,ae
v,dh
ao,ao
iy,iy
em,q
s,s
kcl,pcl
n,n
r,r
dcl,dcl
ao,ay
b,p
l,l
iy,ux
iy,iy
iy,ih
n,n
kcl,kcl
eh,ih
ey,ey
m,m
ix,iy
kcl,tcl
ix,ix
s,s
p,dh
kcl,tcl
n,n
ae,ae
r,axr
d,dx
ix,iy
ah,ah
t,d
axr,axr
ux,ux
ao,ao
uw,ow
m,n
y,iy
dx,p
w,w
ay,ae
en,n
z,z
bcl,pcl
l,l
axr,axr
jh,jh
ix,iy
r,ax
iy,iy
kcl,kcl
aa,ae
ah,ao
v,bcl
n,n
ay,aa
eh,ix
n,bcl
w,w
ae,ae
tcl,tcl
ih,ih
tcl,tcl
uw,uw
nx,ix
tcl,pcl
l,l
n,dcl
er,axr
s,t
z,z
eh,eh
ih,ih
iy,ix
b,bcl
r,r
p,k
gcl,dcl
ix,ix
iy,ix
ax,ix
n,n
ix,iy
iy,ix
dcl,dcl
z,z
r,w
iy,iy
m,n
g,g
z,tcl
w,w
r,r
l,l
l,l
z,s
ux,ux
m,m
s,s
kcl,tcl
ah,ah
oy,ow
l,l
s,s
f,f
r,axr
ix,ix
s,s
z,z
q,k
ax,ix
z,s
tcl,tcl
ae,ae
kcl,tcl
ao,w
axr,axr
m,dx
r,r
z,z
ax,ax
axr,ix
tcl,tcl
iy,iy
dx,dx
s,z
z,s
q,q
eh,ey
l,l
ax,ax
en,en
ao,ao
ae,ae
er,ih
r,dx
m,dcl
w,w
ax,ax
axr,axr
ae,ae
kcl,pcl
k,k
l,l
hh,hh
dx,tcl
ih,ix
er,axr
y,iy
jh,sh
tcl,pcl
axr,axr
k,k
k,k
eh,ih
r,r
hh,hh
ix,iy
ow,ow
p,p
sh,sh
gcl,kcl
f,f
nx,dx
s,s
m,m
er,axr
ao,hv
tcl,kcl
pcl,pcl
ax,q
g,dh
tcl,pcl
iy,iy
ax,ix
ih,iy
s,s
ae,ae
p,dh
m,m
tcl,tcl
l,q
t,sh
v,v
t,t
tcl,kcl
l,l
m,iy
ah,ix
w,w
tcl,tcl
jh,z
z,s
l,w
gcl,gcl
z,z
bcl,dcl
ix,ix
eh,ih
ax,ix
w,w
oy,oy
ay,ay
r,r
ey,ey
n,n
tcl,kcl
tcl,tcl
ix,ix
r,iy
dx,dx
t,t
iy,iy
ng,ng
ax,ax
dh,dcl
ao,q
n,n
ow,ow
iy,iy
z,s
p,p
g,g
ih,ix
dcl,n
ix,ix
er,eh
aa,ao
kcl,tcl
l,l
s,s
aa,ao
dh,tcl
ao,ao
ux,ux
l,l
bcl,pcl
w,w
z,z
eh,r
v,v
kcl,kcl
m,n
w,w
ih,ix
pcl,kcl
s,sh
v,bcl
z,z
k,d
n,w
ay,ay
eh,ae
l,l
ix,iy
l,w
kcl,en
w,r
uh,ax
ah,ah
t,t
k,k
hv,ix
t,kcl
y,y
ix,ax
er,ae
l,l
dh,n
iy,iy
s,s
iy,iy
g,r
p,p
iy,iy
iy,ix
iy,iy
ux,ih
em,n
ng,n
axr,r
z,s
l,l
t,p
r,r
em,m
d,t
bcl,pcl
p,p
l,l
n,n
kcl,tcl
f,s
iy,ix
ey,ey
iy,iy
eh,ih
kcl,tcl
n,dh
ae,ay
t,t
m,n
g,k
ax,ix
l,ax
ey,ay
ey,ae
tcl,tcl
er,er
iy,ix
s,s
p,k
k,p
m,n
ix,ix
iy,iy
ax,w
kcl,kcl
m,m
aa,aa
q,q
ao,w
r,r
q,q
el,ax
z,s
gcl,gcl
n,m
r,r
f,f
n,m
r,r
ah,ah
f,f
eh,r
ay,aa
d,t
l,l
axr,axr
r,r
ih,ih
ng,n
r,r
axr,axr
ix,q
r,r
dcl,v
r,ix
s,s
dh,t
ow,ao
y,y
z,s
iy,iy
pcl,kcl
ao,ow
tcl,tcl
ih,ih
eh,ah
n,n
ih,ih
kcl,tcl
dh,dh
t,t
tcl,kcl
z,z
dh,d
s,s
ax,ax
jh,ch
hv,hv
n,n
tcl,tcl
dcl,dcl
m,n
jh,t
r,r
kcl,kcl
ow,el
l,l
t,p
s,s
r,ux
sh,sh
ih,ax
er,ix
ih,iy
ih,iy
s,s
q,q
y,iy
t,t
m,ax
r,r
bcl,bcl
axr,ux
t,t
r,r
q,q
s,s
r,ae
iy,iy
l,l
aa,ao
nx,n
en,ax
ix,dx
r,r
p,p
s,s
r,r
eh,eh
t,t
ey,ey
bcl,dcl
ih,iy
f,f
r,r
ow,ow
r,r
ix,ix
ix,eh
kcl,kcl
s,s
l,l
ix,r
axr,r
r,eh
ay,ay
ay,ae
t,s
n,dcl
ao,aa
m,m
l,n
s,s
axr,v
ix,ix
l,uw
f,f
l,ix
ax,ix
m,m
l,l
kcl,kcl
m,m
r,r
s,s
ix,n
ae,ae
w,w
m,n
ah,ax
f,f
hv,hv
f,f
s,s
n,pcl
eh,ao
l,ix
t,t
ix,ix
pcl,pcl
r,r
ix,ix
tcl,kcl
s,s
bcl,bcl
ch,sh
iy,iy
n,n
ae,ae
s,s
tcl,tcl
ax,z
l,l
ah,aa
k,k
aw,q
l,l
iy,iy
s,s
ah,ah
jh,ch
ix,ix
n,n
ao,aa
kcl,tcl
r,r
r,q
axr,axr
ow,ah
uh,ix
dh,dx
ae,ae
iy,iy
l,l
iy,iy
iy,ey
n,n
ix,iy
f,f
pcl,pcl
s,s
ix,ix
ah,uh
aw,ae
ix,ix
kcl,kcl
n,n
d,z
aa,ao
aa,aa
ax,ix
hv,hv
jh,jh
iy,iy
ux,er
l,w
dh,p
aa,ae
n,n
z,z
t,t
ix,ix
q,q
z,s
r,r
m,ix
dcl,dcl
el,el
ay,aa
t,t
iy,iy
ih,ih
ao,l
axr,l
er,ih
tcl,q
iy,iy
jh,jh
q,ix
t,t
d,t
tcl,tcl
ch,ch
y,r
axr,axr
g,k
tcl,tcl
l,l
ih,ih
ay,ay
ix,ix
w,w
ix,q
q,p
ah,aa
iy,iy
eh,ae
eh,eh
r,r
m,ng
dx,r
s,s
tcl,tcl
r,r
s,s
k,kcl
d,t
ih,ih
tcl,dcl
k,p
k,p
tcl,tcl
ao,aa
ao,ao
ng,n
er,er
ey,iy
ao,r
ux,ux
f,f
k,k
t,k
w,w
ux,ih
pcl,pcl
t,t
bcl,dcl
pcl,kcl
q,k
z,s
l,l
dh,q
t,t
s,s
s,s
eh,ae
l,w
w,l
ih,eh
ix,ix
aa,aa
ay,ah
m,n
aa,aa
m,n
ax,ah
ae,ae
p,p
l,l
gcl,dcl
f,f
dcl,tcl
ix,ix
v,f
kcl,pcl
ix,ih
n,n
r,r
ay,ay
ay,ay
ih,ih
y,y
sh,s
ix,ix
tcl,tcl
w,w
k,k
uh,ax
s,s
ey,iy
l,w
l,l
ey,ae
tcl,tcl
y,iy
axr,axr
s,s
iy,ix
l,w
m,m
ay,ay
z,sh
r,r
dh,dx
k,p
ax,ax
dcl,dcl
m,n
ay,ay
ix,ix
ih,ih
s,jh
dh,dh
ow,ow
ey,ey
iy,iy
t,t
sh,s
ow,ow
k,k
nx,n
er,ih
d,dcl
tcl,tcl
iy,iy
aa,ae
ih,ih
ae,ae
aa,aa
kcl,kcl
n,n
oy,ao
gcl,bcl
el,ax
ey,ey
el,ax
ao,ao
tcl,dcl
n,n
ix,eh
z,z
ey,ey
q,q
m,m
r,r
l,l
r,r
p,k
kcl,kcl
p,dh
zh,sh
p,p
z,z
dcl,dcl
r,r
tcl,tcl
jh,jh
tcl,q
ae,ae
v,v
hv,hv
dcl,tcl
r,w
tcl,tcl
kcl,tcl
y,y
aa,aa
kcl,kcl
ao,ow
sh,sh
pcl,gcl
iy,iy
w,l
ux,ux
y,y
ao,ao
kcl,pcl
g,k
l,l
t,kcl
g,p
ch,s
p,f
dh,dh
ng,n
aa,aa
aa,l
k,k
dx,ax
l,l
dh,dh
l,l
jh,jh
dcl,dcl
s,s
w,w
hv,f
ay,ah
ae,ae
y,iy
tcl,tcl
sh,sh
aa,ao
ix,ix
r,ix
ay,ay
ax-h,tcl
s,s
r,v
dcl,dcl
l,q
m,ix
w,w
ux,ux
ih,ih
r,q
q,q
ey,ey
aa,aa
f,f
ow,ow
p,p
iy,tcl
r,r
y,ux
q,q
n,bcl
f,f
ix,ix
tcl,tcl
bcl,pcl
r,r
ix,ix
k,f
s,s
gcl,dcl
t,t
dh,ax-h
ih,ih
v,f
ix,iy
dcl,n
t,t
r,r
w,w
k,k
ah,eh
t,t
dx,r
f,f
axr,r
r,ae
f,pcl
n,q
dcl,bcl
ih,r
tcl,tcl
n,ng
s,s
l,uw
dcl,tcl
axr,r
ey,ey
ey,ey
w,w
ux,ux
dx,ix
l,dx
tcl,tcl
ay,ay
ih,ix
r,r
hv,ax
aw,aw
eh,eh
eh,eh
s,s
iy,iy
ow,eh
ix,ix
l,ix
iy,iy
m,n
r,v
t,t
r,w
kcl,tcl
dcl,kcl
pcl,tcl
t,t
tcl,tcl
er,ow
r,ix
m,n
m,n
hh,p
sh,s
s,s
m,n
iy,iy
tcl,tcl
r,r
s,s
ix,q
aa,ae
z,s
n,n
p,p
ae,ae
n,ux
iy,iy
s,s
ux,ux
f,f
pcl,tcl
dh,dh
k,k
iy,iy
tcl,tcl
ux,ux
s,z
n,n
m,n
ae,ae
aa,aa
ay,ae
kcl,kcl
ay,ae
tcl,pcl
t,t
oy,ao
dx,n
en,n
g,g
n,m
w,w
eh,ow
ch,sh
hh,k
ng,m
dcl,ix
ix,r
s,s
n,n
f,f
ih,ey
em,m
iy,iy
aa,aa
ao,aa
n,n
ng,ux
ux,iy
iy,iy
n,en
ae,ey
ey,ey
axr,axr
p,p
p,p
iy,iy
iy,iy
ix,ix
kcl,pcl
tcl,tcl
tcl,gcl
n,n
q,ix
gcl,gcl
m,n
r,r
tcl,pcl
ix,ix
ix,ix
dx,hv
pcl,tcl
k,p
p,t
tcl,tcl
dcl,tcl
ih,ih
dh,t
ae,ae
s,s
dcl,dcl
l,ih
m,m
ae,eh
s,s
n,n
k,t
hh,k
eh,eh
gcl,gcl
m,n
bcl,bcl
uh,ih
w,w
l,iy
en,z
axr,r
n,ng
iy,iy
ih,eh
dcl,dcl
dx,dx
m,m
iy,ix
y,ix
ix,ix
ao,w
f,f
ow,ow
tcl,tcl
n,n
n,n
gcl,bcl
q,n
n,m
l,l
s,t
hh,hh
ng,n
t,t
r,r
axr,r
k,t
ih,ih
sh,sh
ix,ix
hv,l
uh,l
ow,iy
dh,dh
ay,ae
n,n
ix,ey
n,gcl
s,s
sh,s
iy,iy
axr,ax
s,s
iy,iy
kcl,kcl
l,l
kcl,tcl
l,l
eh,ae
dcl,tcl
tcl,tcl
ix,ix
aa,r
uw,ax
gcl,gcl
ay,ay
ix,ix
n,iy
ix,axr
q,ix
k,p
s,s
ix,ix
kcl,kcl
pcl,kcl
tcl,tcl
n,gcl
s,s
p,dh
w,w
iy,iy
n,n
dcl,dcl
kcl,kcl
ey,ey
p,p
pcl,pcl
n,n
tcl,kcl
ae,ae
q,q
m,n
kcl,tcl
ax,ow
ae,ae
ng,uw
ao,el
ax,ix
kcl,kcl
s,sh
tcl,kcl
n,n
tcl,tcl
v,v
axr,axr
dx,dh
axr,axr
ix,ix
t,tcl
pcl,pcl
ix,ix
ax,ax
s,s
ae,ae
eh,eh
q,q
hh,hh
g,g
eh,eh
r,r
ae,ae
n,n
dcl,dcl
dx,dx
l,q
kcl,kcl
n,n
n,n
ae,ae
bcl,bcl
axr,axr
ix,ix
ae,ae
s,sh
y,y
q,y
r,r
axr,ax
iy,iy
g,g
aa,ao
eh,ix
l,w
axr,axr
t,sh
r,r
g,t
iy,iy
iy,iy
kcl,kcl
ao,ao
ix,ix
ao,ao
r,iy
kcl,kcl
ix,ih
ix,ix
dx,dcl
m,n
tcl,tcl
r,r
p,p
ah,ow
k,k
q,q
kcl,tcl
s,s
tcl,tcl
iy,iy
kcl,tcl
pcl,pcl
t,t
iy,iy
hv,ix
ih,ix
s,s
l,l
ey,ey
ix,ix
v,v
v,bcl
s,s
ix,ix
aa,eh
axr,axr
q,q
ey,ey
ao,ao
z,z
ih,ng
n,n
pcl,pcl
aa,hv
ao,ao
ih,ix
ey,ey
iy,iy
dx,dx
f,f
ao,ao
z,s
en,en
tcl,ix
ix,ix
q,q
axr,axr
ay,aa
eh,eh
hh,p
hv,ix
t,t
m,m
f,f
uw,ux
sh,sh
pcl,tcl
f,dh
t,t
iy,ix
g,p
ey,ih
s,s
ae,ae
aa,ao
s,s
kcl,pcl
g,k
z,z
q,q
y,iy
ow,ow
ih,ih
k,tcl
g,g
ae,ey
tcl,kcl
er,axr
kcl,kcl
eh,ey
bcl,bcl
s,s
ix,ih
z,z
k,t
l,l
n,gcl
kcl,kcl
kcl,tcl
th,s
k,k
n,bcl
s,s
p,f
sh,sh
n,n
ae,ae
l,l
tcl,pcl
v,v
dh,dh
f,f
sh,sh
eh,eh
ih,ix
uw,ih
gcl,gcl
t,t
l,w
ch,sh
eh,eh
pcl,pcl
m,n
iy,iy
eh,eh
hv,pcl
en,n
ow,aw
ih,iy
aa,ao
ae,ae
t,t
dcl,bcl
dh,n
nx,dx
ae,ae
n,dcl
ix,ix
ax,ax
r,ax
kcl,kcl
eh,r
l,l
kcl,kcl
el,ow
kcl,tcl
hv,hv
r,r
ao,ao
t,t
kcl,tcl
ao,ao
kcl,tcl
pcl,pcl
dh,p
oy,oy
v,dcl
eh,ae
iy,iy
axr,axr
jh,t
ix,ux
ah,ax
iy,ix
ae,ae
iy,iy
kcl,pcl
m,bcl
eh,ih
axr,axr
kcl,kcl
sh,sh
v,v
dcl,tcl
ae,ae
hv,ix
nx,n
m,m
ix,ix
uh,ix
th,th
r,r
n,n
k,k
iy,ix
ey,ey
g,k
tcl,pcl
ix,ix
w,w
s,s
k,q
aa,r
y,y
dh,s
pcl,tcl
ay,ay
pcl,pcl
r,r
n,n
ax,l
ux,ux
iy,iy
ao,ao
z,s
bcl,pcl
kcl,pcl
ae,ae
sh,sh
ch,ch
ax,r
kcl,pcl
dcl,dcl
k,k
w,w
gcl,dcl
iy,iy
kcl,kcl
f,f
w,w
q,kcl
f,f
er,er
l,w
y,ix
ih,ih
kcl,kcl
bcl,bcl
z,s
q,kcl
ih,ix
iy,iy
ix,r
ix,ix
eh,eh
r,r
m,n
gcl,dcl
ay,ae
bcl,dcl
ay,ay
f,f
dh,pcl
ow,ih
v,v
ix,ax
ey,ey
n,n
l,ao
f,f
ah,ah
axr,gcl
z,z
s,s
m,m
eh,iy
r,r
ng,ax
eh,ae
axr,ix
ah,ah
ux,ux
ax,ax
k,t
pcl,pcl
ix,eh
r,r
ix,iy
kcl,tcl
sh,sh
tcl,tcl
ch,sh
er,er
axr,iy
ae,ih
n,n
kcl,kcl
iy,y
en,v
n,ix
ey,ey
ih,iy
l,n
iy,iy
ix,ah
l,l
sh,sh
aa,eh
aw,ao
ih,iy
q,q
r,r
q,q
ax,ax
bcl,pcl
aa,aa
ow,ow
r,r
y,y
tcl,pcl
q,q
ix,ix
kcl,tcl
y,y
ao,ao
axr,ix
kcl,kcl
l,w
tcl,tcl
ih,eh
iy,iy
kcl,tcl
s,s
eh,eh
iy,iy
gcl,gcl
t,t
m,m
ih,ix
ao,ao
ax,ax
d,t
q,q
aa,aa
dcl,pcl
dcl,pcl
iy,iy
l,l
ix,ax
ih,ix
r,r
s,s
ux,ux
aa,aa
n,n
y,y
iy,ey
f,f
axr,axr
bcl,bcl
axr,bcl
bcl,bcl
sh,sh
r,r
l,w
eh,ae
el,l
hv,q
s,z
z,s
n,ax
el,el
t,t
r,axr
ix,iy
g,g
aa,aa
r,ux
y,iy
hh,p
k,k
v,f
ao,aa
ux,ix
axr,axr
tcl,tcl
v,pcl
k,k
ao,ao
ax,ix
dcl,dcl
ao,ao
w,w
ow,w
m,bcl
q,q
ix,ix
iy,ux
axr,axr
ih,ih
pcl,pcl
dcl,dcl
k,k
n,n
n,n
ax,uw
t,d
dcl,bcl
k,k
q,q
ay,ay
aa,aa
axr,r
s,s
ow,ao
iy,iy
er,eh
s,s
l,l
ay,ay
k,tcl
z,z
z,z
m,n
aa,ah
dcl,dcl
z,s
s,s
m,n
ax,ah
s,s
t,t
kcl,tcl
q,q
tcl,bcl
dh,tcl
aa,aa
q,ix
er,er
z,z
n,n
d,dh
l,l
l,ix
ux,ux
ow,aa
w,w
eh,eh
axr,axr
kcl,pcl
ow,ow
n,n
tcl,tcl
hh,p
ae,ae
ay,eh
sh,sh
f,f
bcl,bcl
ey,ey
ix,ih
ae,ae
q,dx
m,bcl
s,s
dcl,bcl
r,r
dcl,dcl
ix,ix
z,s
ae,ae
ng,n
s,s
s,s
ix,r
aa,aa
g,g
n,n
iy,iy
p,dh
v,w
kcl,tcl
m,n
tcl,dx
ay,ae
s,s
f,f
z,z
ux,ux
aa,aa
s,s
iy,ux
l,ax
ix,ix
iy,iy
k,k
s,s
dh,dh
w,w
ao,ow
ix,ix
iy,iy
t,t
z,z
r,r
l,l
r,ix
v,v
ae,ae
ey,ey
t,t
tcl,tcl
ih,eh
iy,iy
l,iy
iy,iy
n,n
dcl,dcl
ix,ix
ih,ih
l,l
ae,aa
ah,ao
l,l
ae,ae
g,k
eh,eh
ix,ix
iy,iy
dh,t
ay,ay
l,el
n,m
aa,aa
n,n
tcl,tcl
z,s
sh,sh
r,r
n,n
q,ae
n,n
axr,ax
ao,ao
gcl,dh
s,s
g,g
n,en
kcl,pcl
ow,ow
t,t
el,el
ux,ix
kcl,tcl
m,m
ao,ow
dcl,dcl
k,k
m,m
r,r
l,iy
el,q
z,z
ae,ae
q,q
t,t
pcl,pcl
sh,sh
l,l
f,f
ix,iy
dh,ix
ah,ah
k,k
ix,ix
l,ix
tcl,tcl
s,sh
iy,ix
ey,ay
l,ix
th,th
ix,ix
aa,aa
r,r
ae,ae
ih,ix
t,t
l,l
y,y
tcl,bcl
iy,iy
ao,ao
l,v
p,d
ae,eh
kcl,tcl
ow,ow
tcl,tcl
ay,ay
ax,ax
sh,sh
ey,eh
z,v
ih,eh
y,iy
ax,ax
n,n
tcl,tcl
aw,aw
iy,iy
y,y
sh,sh
ax,l
ay,ay
r,r
pcl,pcl
er,axr
f,f
k,k
g,k
r,r
m,n
ax,ax
dx,p
ae,ae
z,z
l,iy
ah,aa
eh,ae
ix,ux
axr,axr
dh,dcl
iy,iy
ah,ao
l,ix
tcl,pcl
dcl,dcl
ey,ey
ao,l
q,q
er,eh
q,q
bcl,tcl
aw,aa
ix,ix
ae,ih
iy,ix
ao,q
ih,ih
m,v
z,z
pcl,dcl
k,k
q,q
hh,hh
ix,ix
ey,ey
aa,aa
s,s
iy,iy
ch,ch
ey,iy
q,q
dcl,gcl
ix,ix
n,m
w,w
y,n
ix,ih
dcl,dcl
kcl,kcl
eh,ah
y,y
iy,iy
n,n
ih,ux
iy,y
tcl,kcl
q,tcl
ix,ix
axr,r
ax,ax
n,n
ae,ae
d,t
eh,eh
ay,ay
tcl,tcl
v,v
axr,axr
sh,sh
n,gcl
n,n
ax,el
r,r
uh,eh
bcl,bcl
ix,ih
dx,v
l,l
s,s
r,r
iy,iy
kcl,kcl
dh,dh
gcl,dcl
s,s
n,m
iy,iy
tcl,tcl
n,n
dcl,tcl
ux,iy
ih,ix
g,k
gcl,bcl
ax,ax
ow,ow
n,n
q,aa
aa,ae
y,iy
ng,n
ey,ey
m,m
dx,dx
dcl,dcl
z,z
k,k
en,ow
n,dx
m,n
axr,ix
ih,r
iy,iy
uh,uh
s,s
ah,ae
ao,ao
ih,l
d,d
iy,iy
ay,ix
y,y
n,n
iy,ix
m,n
bcl,bcl
f,f
tcl,tcl
ix,ix
aa,ao
ix,ix
ow,ax
f,f
s,s
t,t
aa,ax
iy,ix
ix,l
axr,axr
n,n
kcl,pcl
tcl,tcl
kcl,kcl
el,ao
iy,ih
iy,iy
ax,ax
oy,ao
ix,ih
kcl,kcl
ae,ae
dx,b
tcl,tcl
iy,iy
n,n
s,s
ih,ih
r,r
aw,aa
ah,eh
dcl,dcl
kcl,pcl
kcl,kcl
p,k
aa,aa
ey,ey
dx,dx
eh,ix
ey,ey
ng,ng
k,k
axr,r
kcl,kcl
y,y
pcl,pcl
dx,dx
l,ax
el,w
s,s
q,q
ao,ay
n,n
s,s
dx,dx
ey,ey
z,s
r,r
ix,ix
kcl,kcl
r,r
axr,axr
el,ow
aa,aa
dh,pcl
ix,ix
ix,eh
ax,ax
y,y
z,s
eh,ey
ey,ey
dcl,dcl
tcl,tcl
iy,iy
aa,aa
s,z
pcl,pcl
s,s
ix,ix
bcl,bcl
tcl,z
ax,q
ow,ow
ae,ih
kcl,kcl
kcl,kcl
ae,ae
ow,ow
tcl,tcl
tcl,tcl
ix,ix
iy,iy
gcl,dcl
axr,axr
kcl,tcl
n,m
er,er
kcl,kcl
bcl,bcl
ow,ow
ah,ao
q,q
l,el
r,r
m,m
ih,iy
ix,z
m,w
m,ng
tcl,kcl
ay,ae
eh,ae
n,n
ux,ih
aa,ae
kcl,th
ih,iy
kcl,tcl
ey,ey
dh,dh
w,w
q,q
w,w
aa,ao
eh,eh
ix,ix
t,t
s,s
ah,ax
iy,iy
gcl,gcl
kcl,pcl
r,r
r,r
w,r
n,n
n,n
n,n
eh,ih
ao,aa
r,r
dx,dx
ey,ey
er,er
iy,ix
l,w
sh,sh
axr,q
ih,iy
ix,ix
ih,ix
m,n
v,v
iy,iy
r,r
dh,dh
ih,iy
tcl,tcl
ah,q
axr,axr
eh,ow
k,k
ah,r
l,l
iy,v
n,n
dcl,dcl
ix,ix
ao,r
ux,ux
iy,axr
s,s
w,w
pcl,pcl
l,l
l,ix
axr,axr
v,v
ey,ey
pcl,pcl
t,t
hh,iy
aa,aa
y,iy
m,m
axr,n
aa,ae
n,n
b,p
aw,ow
s,t
ng,ng
oy,ay
dcl,gcl
bcl,bcl
jh,d
z,z
y,y
y,iy
l,l
g,p
ax,ah
kcl,kcl
tcl,tcl
n,dx
m,ax
t,t
kcl,kcl
f,f
ae,ae
ay,ae
s,s
aa,aa
n,n
kcl,kcl
z,z
aw,ao
ax,ix
ey,ey
en,n
s,s
axr,r
k,k
q,q
ih,ih
eh,ah
dh,v
dcl,dcl
m,w
r,r
bcl,bcl
kcl,kcl
ax,ax
ng,n
eh,ae
k,k
hh,hh
iy,ey
w,w
l,el
w,w
er,er
pcl,pcl
dh,t
iy,iy
t,t
ey,iy
dh,dh
k,k
ix,ih
f,f
ow,ow
k,p
eh,ih
k,t
ay,aa
dcl,tcl
ng,ng
eh,r
dx,n
hh,t
bcl,bcl
n,n
th,th
axr,axr
w,w
bcl,bcl
ay,ey
ow,ow
y,iy
el,el
t,d
aa,aa
w,w
l,l
sh,sh
ax,ax
t,t
axr,r
f,f
g,t
t,t
y,y
ae,ae
l,ax
n,ax
ao,ao
s,s
f,f
ch,s
gcl,gcl
r,r
tcl,tcl
ih,ey
uh,ih
ae,ae
pcl,tcl
ax,ax
iy,iy
er,axr
d,t
iy,ix
z,s
er,r
t,d
sh,sh
ay,ao
eh,ae
t,t
axr,axr
s,s
w,w
iy,iy
ix,ax
eh,ih
tcl,tcl
ah,ah
l,l
eh,eh
n,n
l,l
eh,ih
n,dcl
r,r
l,l
sh,sh
er,r
n,n
f,f
axr,ih
g,g
tcl,bcl
p,p
ay,oy
eh,ae
uw,ow
ax,ix
ux,ih
z,z
eh,eh
th,f
tcl,tcl
dh,dcl
dcl,dcl
v,ax
m,n
r,l
b,l
ah,ah
iy,iy
z,z
q,q
ih,ih
aa,aa
ih,ax
g,g
aa,aa
w,w
k,k
jh,t
m,n
pcl,pcl
m,m
m,m
axr,r
tcl,pcl
r,r
y,iy
ih,ih
aa,eh
en,ix
iy,iy
iy,iy
n,ix
z,z
l,q
hv,l
gcl,ng
z,z
ix,ix
aa,ao
tcl,dcl
ah,ae
s,s
ey,ey
f,s
jh,ch
s,s
t,sh
iy,iy
oy,ow
tcl,pcl
kcl,kcl
z,z
n,ux
iy,iy
z,s
ix,n
tcl,pcl
s,s
hh,hh
iy,axr
p,p
hh,hh
nx,n
d,t
axr,r
y,y
w,w
ix,dcl
f,f
iy,iy
f,t
s,s
w,w
el,el
er,er
axr,axr
hh,k
sh,sh
z,s
kcl,kcl
ae,ae
axr,r
axr,q
el,el
tcl,tcl
w,w
l,l
ih,ih
n,n
dcl,bcl
y,y
l,l
uw,ux
axr,r
m,m
sh,sh
q,q
y,dx
ng,n
ax,ax
f,f
ih,iy
nx,n
z,z
ng,n
tcl,tcl
n,n
sh,f
axr,axr
el,w
jh,jh
eh,eh
gcl,tcl
sh,sh
tcl,tcl
v,dh
ax,ax
s,s
ax-h,t
n,n
n,n
s,s
tcl,tcl
ax,ax
z,s
t,t
n,n
r,r
gcl,gcl
l,l
k,p
t,f
f,f
ax,ix
r,r
dh,dh
w,r
ay,ay
ng,n
iy,iy
k,k
n,m
ay,ay
s,t
iy,iy
g,d
en,n
kcl,pcl
ih,ix
pcl,kcl
er,er
ao,aa
dcl,dcl
r,r
axr,axr
iy,ux
p,p
m,n
ng,n
r,r
aa,aa
kcl,tcl
en,n
eh,l
ay,ae
s,s
ch,sh
kcl,kcl
z,s
ae,ae
iy,iy
s,s
dcl,dcl
tcl,tcl
dcl,n
k,tcl
s,s
kcl,kcl
d,t
jh,ch
n,n
k,k
s,sh
g,g
n,n
aa,ax
r,r
w,w
aa,aa
s,s
ix,ax
f,f
s,s
v,l
ix,iy
axr,axr
f,f
jh,sh
ah,ow
kcl,pcl
t,t
ax,ix
th,th
ix,ix
d,p
z,z
l,dx
r,ah
dh,bcl
ah,ih
z,z
q,ix
n,m
tcl,tcl
n,n
axr,axr
dh,n
k,k
pcl,pcl
q,q
ao,w
n,n
s,sh
d,n
ih,iy
ih,eh
bcl,pcl
ix,ix
q,l
tcl,tcl
l,l
r,r
sh,sh
iy,ih
ix,ix
sh,sh
ow,ow
ih,ix
en,n
tcl,kcl
w,w
l,l
er,er
n,ix
s,s
ey,ey
f,f
ix,ix
eh,eh
iy,ux
k,k
tcl,d
k,k
s,s
ix,ix
k,gcl
th,f
ix,ix
ao,w
ix,ax
v,r
z,jh
pcl,t
kcl,kcl
n,n
q,q
sh,sh
iy,iy
ix,eh
s,z
ae,ae
s,s
tcl,dcl
eh,eh
ng,ng
axr,r
eh,eh
l,ax
w,w
ch,ch
l,l
eh,ih
ix,ih
ax,ax
tcl,kcl
s,s
l,l
ow,ih
s,s
r,r
dcl,n
s,s
iy,iy
ch,sh
ih,ey
dcl,pcl
ch,sh
ey,ay
p,p
ao,w
ix,ix
eh,ae
er,axr
t,t
ix,ix
g,g
r,r
ng,n
f,f
k,k
v,f
oy,ao
ay,ay
z,z
ay,ay
d,t
s,s
hv,hv
w,w
dcl,bcl
el,ng
n,n
ax,n
axr,r
ax,ih
gcl,gcl
el,el
v,bcl
r,r
pcl,kcl
ow,l
ow,ow
t,t
jh,jh
dcl,dcl
tcl,gcl
l,ix
tcl,tcl
ch,sh
n,n
gcl,tcl
tcl,tcl
w,w
t,t
f,dh
r,r
t,t
s,s
ix,q
ow,ow
ng,n
ix,ix
y,y
iy,iy
er,eh
ix,l
th,t
s,s
s,s
r,ix
y,ix
iy,iy
ch,ch
axr,axr
tcl,tcl
f,f
ux,ix
ix,ix
ix,ix
axr,axr
eh,eh
ow,ow
ih,l
hh,hh
iy,iy
n,n
r,r
gcl,bcl
iy,ix
z,z
nx,nx
eh,ih
oy,ow
l,l
l,l
g,g
ux,ux
m,v
pcl,pcl
iy,iy
l,l
l,l
pcl,pcl
ix,iy
t,t
axr,r
gcl,kcl
aa,aa
q,q
iy,y
ix,iy
l,ah
pcl,pcl
ae,ae
ix,ix
er,ao
ow,ow
gcl,n
ix,v
q,q
n,n
z,s
ao,ao
ix,iy
w,w
ax,ax
gcl,gcl
f,f
aw,aa
pcl,kcl
ih,iy
ao,ao
kcl,kcl
eh,ae
pcl,pcl
r,axr
ah,ah
eh,eh
ih,ih
v,dcl
dcl,pcl
w,w
ch,t
r,r
ae,ih
m,n
m,m
dcl,dcl
aw,ae
ao,r
v,v
ae,ae
sh,sh
l,oy
s,s
er,er
dx,dx
tcl,tcl
dcl,gcl
oy,oy
s,s
s,z
s,s
bcl,bcl
q,q
ng,m
q,q
iy,iy
ix,ix
uh,ow
s,s
w,ix
ih,ix
dh,dh
p,p
z,s
w,w
er,ey
kcl,kcl
f,f
ey,iy
th,s
q,q
ih,ix
bcl,bcl
pcl,tcl
gcl,dcl
uh,ax
bcl,bcl
n,n
ae,ae
axr,iy
ow,ih
pcl,bcl
l,l
dcl,dcl
kcl,gcl
dx,dcl
t,kcl
s,s
ih,iy
bcl,bcl
v,v
r,r
tcl,kcl
iy,iy
gcl,dcl
bcl,tcl
bcl,bcl
tcl,tcl
r,r
pcl,pcl
f,f
ah,ah
ux,ix
ux,ux
k,k
hh,t
ix,ix
gcl,gcl
ih,ix
k,k
iy,iy
pcl,tcl
er,axr
jh,jh
l,l
en,n
gcl,gcl
th,dh
l,l
p,f
ix,ix
eh,eh
ey,ey
r,eh
ey,ey
aa,ah
kcl,pcl
z,z
er,axr
ix,ih
s,s
ix,ix
el,el
q,q
axr,r
ah,ow
iy,iy
dcl,kcl
k,k
z,z
t,d
r,r
kcl,tcl
axr,ix
kcl,kcl
m,m
kcl,kcl
kcl,dcl
ae,ae
n,n
q,q
k,t
ah,q
ay,ay
iy,ey
ux,ih
sh,sh
tcl,dcl
s,s
eh,eh
hh,k
tcl,z
f,f
kcl,kcl
sh,sh
r,r
eh,eh
n,n
s,s
m,m
th,th
l,l
t,t
ix,iy
r,r
l,dh
axr,axr
w,w
s,s
w,w
p,p
ow,l
k,k
r,r
r,r
ix,ix
dh,p
r,ix
f,f
er,ux
eh,ah
n,ix
r,r
pcl,pcl
iy,iy
ih,eh
er,er
v,v
p,p
k,k
m,n
w,w
ah,eh
oy,ao
r,r
t,t
eh,eh
dcl,n
v,dx
aa,aa
iy,y
r,r
y,y
k,t
dcl,tcl
iy,ix
ix,ix
v,dx
ae,ae
iy,iy
ae,ae
tcl,tcl
g,g
s,s
tcl,tcl
bcl,bcl
dh,dh
axr,ax
z,ch
z,s
dcl,tcl
sh,sh
v,bcl
r,r
nx,nx
pcl,pcl
t,t
gcl,tcl
y,y
pcl,pcl
ao,r
t,t
v,v
axr,r
ch,sh
t,t
ix,ix
dcl,dcl
z,z
w,w
eh,aa
ae,ih
dcl,dcl
dcl,tcl
r,eh
iy,iy
w,q
ux,iy
ow,ah
s,tcl
tcl,tcl
sh,sh
tcl,tcl
iy,iy
d,d
s,s
t,t
ey,ey
ay,ey
ih,ey
kcl,kcl
jh,jh
ax,ix
n,n
y,y
ux,ix
dcl,tcl
m,m
dcl,ax
s,s
l,w
ah,eh
ih,ey
kcl,kcl
ax,tcl
iy,iy
sh,sh
tcl,tcl
v,bcl
eh,ae
axr,ux
ih,eh
nx,nx
s,s
w,ao
s,f
dh,t
q,q
s,s
dcl,dcl
ao,ao
bcl,bcl
ih,r
tcl,dcl
ix,q
k,k
r,r
eh,q
f,p
en,tcl
p,p
v,v
ow,eh
ao,ao
ux,ux
s,s
ch,ch
iy,iy
n,ng
hv,hh
axr,axr
s,z
ix,ix
kcl,kcl
f,f
ih,ix
m,n
g,dx
ay,ae
tcl,tcl
kcl,kcl
dcl,dcl
l,q
ah,ih
t,t
er,ih
iy,iy
dx,dx
s,s
k,t
aa,aa
r,r
hh,hh
iy,iy
ix,ix
ow,ey
l,dx
axr,axr
g,g
l,l
eh,eh
uw,ux
n,n
r,r
ae,ae
tcl,tcl
g,g
w,w
em,dcl
p,t
tcl,tcl
iy,iy
sh,sh
ih,iy
ch,ch
ax,ix
n,n
ix,y
hv,hv
ay,aa
eh,eh
m,n
aa,aa
eh,ih
l,ix
dh,d
hh,k
n,ix
n,en
gcl,bcl
iy,iy
q,q
z,dh
n,v
s,s
s,s
ih,ix
r,r
iy,ix
ey,ey
ao,ao
ay,ae
axr,ix
r,r
n,n
y,iy
l,ax
sh,sh
ih,ih
s,s
m,bcl
gcl,tcl
sh,s
iy,iy
v,d
n,n
s,k
tcl,tcl
ih,ix
er,er
pcl,pcl
n,n
k,t
ae,ae
n,n
p,p
ax,l
z,s
s,s
s,s
dx,dcl
s,s
iy,ey
ix,ix
dh,v
g,t
l,l
m,v
bcl,bcl
ey,ey
tcl,k
ix,ix
kcl,kcl
ax,ax
nx,n
m,bcl
m,m
ix,gcl
q,q
tcl,tcl
k,k
t,t
eh,eh
ow,ow
iy,iy
eh,ae
ix,r
kcl,kcl
l,uw
ae,ae
ow,w
pcl,pcl
q,q
f,f
kcl,kcl
el,q
dx,dx
ax,ax
s,s
l,ix
ae,eh
ix,ix
m,m
s,s
nx,r
jh,jh
bcl,bcl
ax,n
ix,ix
z,s
ax,n
dh,l
s,s
ih,iy
ix,iy
iy,iy
ah,uh
f,f
k,t
m,m
ay,ae
n,n
jh,t
s,sh
ix,ix
ux,y
axr,axr
b,q
t,t
f,f
el,ax
ix,ix
q,q
axr,axr
t,t
kcl,pcl
l,l
aa,ae
m,n
ao,ao
l,l
s,z
ay,ay
y,y
tcl,pcl
ih,ih
zh,jh
dx,dx
t,t
ay,ay
ah,ax
dcl,bcl
r,r
bcl,bcl
s,s
q,q
ax,q
dh,p
r,r
pcl,pcl
jh,jh
r,r
ax,ax
m,ix
uw,w
r,r
l,ax
f,s
ay,ae
gcl,gcl
ay,ae
l,l
dcl,dcl
ax,ax
ao,ao
kcl,kcl
axr,axr
tcl,tcl
gcl,pcl
dx,dx
n,n
ah,ae
s,s
dcl,bcl
s,s
kcl,pcl
w,w
el,el
dh,v
n,n
gcl,tcl
m,n
m,m
m,m
gcl,dcl
iy,iy
ay,ah
s,s
l,l
iy,iy
r,r
aa,ow
ux,ux
tcl,tcl
ih,ux
gcl,tcl
iy,iy
w,m
t,sh
y,y
z,t
d,t
n,n
tcl,tcl
ax,ax
pcl,pcl
m,r
n,n
ix,ix
k,k
kcl,kcl
ix,ix
z,z
gcl,bcl
y,t
w,w
dh,tcl
ih,ix
l,l
s,s
k,t
g,g
f,f
ah,aa
axr,r
iy,ix
gcl,tcl
ey,ey
kcl,kcl
ix,y
t,t
kcl,kcl
y,ix
ax,ax
eh,eh
r,eh
dh,dh
ng,n
iy,iy
tcl,kcl
ix,iy
kcl,kcl
k,k
s,s
iy,iy
ey,ey
p,k
v,v
w,w
ih,ih
ix,ix
ih,ix
dcl,dx
oy,ow
iy,iy
t,d
ih,iy
axr,ax
iy,iy
eh,ae
th,kcl
s,s
ae,ae
l,l
gcl,pcl
l,l
w,w
ux,ux
s,s
pcl,pcl
ax,dh
dcl,dcl
tcl,dcl
dh,n
l,w
er,er
tcl,tcl
uh,ax
kcl,kcl
kcl,kcl
iy,ey
ax,n
f,f
tcl,tcl
dcl,bcl
bcl,bcl
ix,ax
axr,axr
kcl,kcl
m,n
f,f
ao,ao
dcl,pcl
ao,ao
kcl,kcl
s,s
kcl,kcl
f,f
uh,q
l,ix
tcl,pcl
l,l
ae,ae
tcl,bcl
m,n
eh,eh
dh,dx
ae,ae
ao,aa
n,dx
n,ix
kcl,p
th,f
n,m
el,v
er,er
t,t
iy,iy
ih,ux
el,ax
v,v
dh,d
k,k
bcl,bcl
s,sh
p,p
ix,iy
bcl,bcl
s,s
b,tcl
ih,ey
sh,sh
ay,ae
f,f
bcl,pcl
t,t
w,w
ae,aa
tcl,tcl
q,q
aa,ao
r,m
pcl,pcl
ih,ih
sh,ch
ah,ao
r,r
s,s
w,w
tcl,tcl
ix,ix
k,k
sh,sh
aa,ow
t,f
tcl,tcl
dh,dh
eh,eh
aa,aa
eh,eh
kcl,kcl
tcl,kcl
ix,ix
ix,ix
m,en
ao,ao
t,t
eh,eh
m,m
q,q
m,m
dh,q
f,f
n,n
q,q
m,m
pcl,tcl
iy,iy
t,t
dcl,dcl
s,s
kcl,tcl
aa,aa
ao,l
er,er
dcl,dcl
dcl,dcl
ux,ux
ih,iy
dcl,dcl
s,s
ae,ae
ix,ix
g,g
s,s
aa,aa
k,dh
dcl,tcl
m,m
kcl,kcl
nx,dx
r,q
k,k
f,f
r,r
q,q
tcl,q
s,s
uw,ux
ow,ow
tcl,tcl
k,k
iy,iy
bcl,bcl
z,s
iy,iy
l,l
ae,ae
ah,eh
dcl,dcl
z,s
ix,ux
z,z
l,l
tcl,kcl
kcl,tcl
ay,ae
bcl,bcl
iy,iy
dx,dx
ux,ux
s,s
zh,ix
n,n
k,q
ix,ix
iy,iy
r,r
iy,iy
r,axr
dh,dh
aa,aa
z,z
pcl,tcl
dcl,tcl
tcl,pcl
l,l
tcl,en
w,w
tcl,kcl
ax,ax
pcl,tcl
w,w
tcl,tcl
ay,ay
d,t
ae,ae
k,k
iy,iy
eh,iy
kcl,tcl
ix,ix
ix,ix
q,q
ng,n
dcl,dcl
axr,axr
ix,ix
ow,ao
k,k
aw,ow
s,s
kcl,kcl
tcl,kcl
m,m
kcl,pcl
f,f
iy,iy
tcl,v
ix,ix
r,ih
k,k
sh,sh
ae,ae
dh,t
tcl,ix
t,t
q,q
r,r
tcl,dh
iy,ey
th,th
l,l
iy,iy
ey,ey
sh,sh
axr,axr
oy,oy
l,l
ao,ao
ih,ix
oy,ow
y,y
k,k
q,q
ae,ae
r,r
ih,ix
dcl,d
axr,er
r,r
tcl,tcl
aw,ow
ux,axr
s,f
nx,l
f,th
l,ax
ix,ix
f,f
ow,ow
ax-h,p
n,n
q,q
sh,z
uw,uw
l,el
w,w
ah,eh
r,r
ae,ae
dcl,tcl
l,l
m,m
s,s
n,n
p,f
r,r
axr,r
z,z
eh,ow
dh,f
ax-h,z
l,w
l,l
n,m
k,k
iy,iy
hv,w
dx,dx
n,n
er,er
r,axr
gcl,bcl
eh,ix
ch,sh
ih,ih
iy,iy
r,r
t,t
ay,ae
ih,iy
iy,ux
el,ow
er,er
axr,axr
kcl,pcl
sh,sh
n,n
l,hv
s,s
m,hh
r,r
dx,y
q,q
v,v
kcl,kcl
q,kcl
s,s
m,m
s,s
ux,iy
y,y
er,axr
bcl,bcl
pcl,pcl
b,d
bcl,bcl
kcl,kcl
pcl,pcl
v,v
ix,ix
q,q
ah,aa
p,p
axr,axr
dcl,dcl
ay,q
n,n
kcl,kcl
ey,ey
ng,n
iy,ux
ow,ow
f,f
oy,oy
m,n
aa,ao
l,ow
p,p
ix,ux
eh,ih
ax,ix
axr,axr
m,m
s,s
m,m
kcl,kcl
kcl,gcl
m,n
axr,axr
dcl,dcl
dcl,dcl
axr,r
z,s
l,l
n,ix
dx,dx
ax,n
pcl,pcl
iy,ey
y,y
l,l
l,ax
q,q
s,s
r,r
l,l
gcl,gcl
th,kcl
tcl,tcl
n,v
ix,en
d,jh
el,ah
ao,ao
jh,sh
ey,eh
ih,ix
dh,p
dcl,dcl
r,r
th,th
g,p
dcl,pcl
r,r
ey,ey
ax,ow
z,z
dcl,dcl
ay,ay
ix,z
y,iy
tcl,tcl
ae,ae
ih,ih
ih,ix
ow,er
ih,eh
ax,ax
bcl,tcl
ao,ah
n,n
en,v
ay,ay
z,z
z,z
ay,ay
ng,l
ng,gcl
s,s
r,r
s,z
l,w
bcl,bcl
ae,eh
ux,ix
ax,ah
sh,sh
y,iy
ix,ax
jh,jh
tcl,kcl
axr,er
w,w
kcl,kcl
r,r
ix,ix
dcl,dcl
t,d
er,er
ih,ix
s,s
f,f
ax,ax
ao,ao
l,w
z,z
v,r
dx,dx
t,t
dcl,dcl
pcl,q
g,d
tcl,tcl
n,ng
r,axr
l,ix
ae,ae
q,ix
er,er
ih,iy
ay,ay
k,k
ae,ae
q,q
ix,dx
iy,ix
ax,ax
pcl,dcl
k,k
r,aa
l,l
ae,ae
f,f
aa,aa
l,l
aa,aa
ng,n
ow,ow
l,l
g,g
aa,ao
ng,n
y,y
w,l
tcl,tcl
oy,ao
ix,ix
ae,ae
ax-h,t
t,t
sh,sh
ax,ix
aw,ae
r,r
l,w
ae,ae
aw,ow
kcl,tcl
axr,r
l,l
dcl,dcl
s,s
kcl,kcl
kcl,kcl
m,n
r,eh
ow,ah
iy,ix
r,r
n,n
kcl,tcl
r,r
p,t
aa,aa
m,m
ih,ih
l,l
s,s
n,n
p,k
ax,ax
m,m
ae,ae
sh,sh
dcl,dcl
k,k
axr,r
m,n
ow,ow
pcl,gcl
r,r
k,p
w,r
w,w
dcl,dcl
r,r
ax,el
v,v
eh,ix
l,l
en,ng
tcl,tcl
axr,r
eh,ix
l,l
k,p
ix,ax
ix,ix
ae,ae
d,d
ch,sh
w,w
dx,q
aw,aa
dcl,ix
ch,s
ow,ow
iy,ey
ow,ao
dh,dh
tcl,tcl
hv,hv
tcl,tcl
ix,ix
ix,l
kcl,kcl
er,axr
ix,ix
l,l
k,k
ax,ix
w,bcl
s,s
aa,ao
iy,iy
uw,ux
kcl,kcl
t,t
ix,iy
iy,iy
aa,ae
t,t
r,axr
n,m
ih,ix
ae,ae
z,z
sh,sh
ao,ao
n,dx
n,m
ao,ah
m,n
ax,ix
l,l
ae,ae
r,q
s,s
m,n
axr,axr
th,f
r,r
t,t
l,l
pcl,pcl
z,s
iy,iy
ix,ix
eh,eh
ao,ao
ao,l
s,s
ix,ix
ae,ah
r,r
ah,ow
q,ax
hv,hv
g,g
dx,ix
ey,ey
kcl,tcl
pcl,pcl
oy,aa
m,m
dx,dx
ch,sh
kcl,kcl
n,n
ow,l
w,w
sh,sh
v,t
k,t
ih,ix
z,z
kcl,tcl
ah,ix
eh,eh
s,s
ao,ao
tcl,kcl
v,dcl
aw,ao
k,k
ix,ix
kcl,kcl
ao,ao
axr,axr
gcl,gcl
ay,ay
tcl,kcl
t,t
hh,t
ix,ih
ae,ae
eh,ih
bcl,bcl
ix,ix
l,q
m,m
jh,jh
ey,ey
ao,ao
w,w
iy,ix
ae,ae
ix,ax
ey,ih
ao,ao
bcl,bcl
s,s
ix,ix
ao,aa
z,s
m,n
r,r
r,v
zh,z
ix,iy
tcl,tcl
s,s
dcl,dcl
r,r
p,hh
g,g
n,ix
k,k
ax,l
er,er
ao,ao
r,r
z,s
s,s
w,w
ow,ow
ux,ix
kcl,kcl
sh,s
iy,ix
ay,ah
er,ae
ix,eh
ih,ix
eh,ih
b,b
ih,w
uw,ux
r,r
r,r
ix,ix
k,k
iy,iy
q,hh
tcl,pcl
el,el
q,q
l,l
l,l
ao,aa
k,k
ow,ow
kcl,kcl
n,n
d,d
v,v
tcl,tcl
er,ih
gcl,dcl
eh,ae
q,q
ix,ix
gcl,dcl
ix,eh
s,sh
t,t
m,m
s,s
er,axr
iy,iy
n,n
eh,eh
z,z
ng,n
ao,aa
w,w
pcl,pcl
dcl,gcl
el,el
ey,r
r,r
k,k
iy,iy
r,r
m,ix
ax,ax
ah,ix
q,q
dh,d
d,p
ix,ix
k,t
r,dx
s,s
n,n
r,r
p,p
hh,aa
t,t
dcl,dcl
s,s
iy,iy
p,p
s,s
ay,iy
g,g
z,z
ah,oy
sh,sh
s,s
w,w
v,f
dcl,dcl
ey,ey
ix,ix
dcl,tcl
iy,iy
y,iy
iy,iy
ix,iy
el,el
p,p
z,z
l,iy
ay,ay
kcl,pcl
ay,aw
l,l
m,n
s,t
ao,ao
ux,ux
dcl,dcl
iy,iy
kcl,tcl
ao,ao
sh,sh
ih,ih
n,n
t,t
th,f
eh,eh
r,r
pcl,pcl
ay,ay
r,axr
l,l
gcl,dcl
k,d
ow,ow
dcl,dcl
hh,f
ae,ae
p,p
tcl,dcl
s,s
ix,ix
sh,sh
l,el
ao,ao
m,n
iy,iy
bcl,bcl
l,l
ix,ix
er,aa
jh,ch
gcl,gcl
dx,dx
er,er
iy,q
th,t
r,r
z,z
iy,iy
ay,aa
ow,ow
ah,ah
iy,iy
ix,eh
ow,ow
iy,iy
ae,ey
ix,ih
iy,ey
ay,ay
jh,jh
ah,aa
ih,r
ay,ey
ch,ch
dh,dh
dh,f
dh,dh
dx,ix
ih,ih
eh,ae
r,r
k,k
q,n
n,n
er,axr
ax,ix
l,ix
ih,iy
y,hv
iy,r
ey,ih
f,f
iy,iy
ix,ix
kcl,kcl
kcl,kcl
l,q
pcl,pcl
ix,ih
n,gcl
sh,sh
r,r
v,v
k,d
t,t
tcl,kcl
ax,ix
ix,ix
m,n
dcl,gcl
dh,f
sh,sh
gcl,tcl
nx,dx
q,q
n,n
v,l
ix,ix
z,jh
eh,ao
w,w
k,t
ix,ih
el,w
dx,dx
hv,hv
ix,ix
ao,aa
eh,eh
kcl,kcl
s,s
b,f
m,p
s,s
er,ux
tcl,pcl
ix,ix
z,z
w,w
ey,ey
er,ih
t,k
n,n
n,n
eh,ae
tcl,tcl
ah,ix
s,s
g,p
aa,aa
n,n
ah,l
ix,ix
l,ix
v,v
iy,iy
k,t
eh,w
bcl,bcl
r,q
gcl,gcl
er,axr
aa,aa
th,p
kcl,tcl
iy,ey
dcl,dcl
v,ix
y,y
g,g
s,s
ix,ix
kcl,kcl
bcl,bcl
ao,ao
ux,ux
dcl,tcl
th,th
ow,ow
g,t
ih,ix
y,y
eh,eh
ax,ix
aa,aa
ax,ax
jh,jh
ng,n
bcl,bcl
ux,ix
hv,y
l,m
f,f
tcl,m
w,ax
kcl,gcl
m,n
q,q
el,l
z,z
ao,ao
ow,el
tcl,dcl
m,m
dh,ax
sh,sh
bcl,bcl
t,t
ax,ax
pcl,tcl
pcl,v
aa,q
n,tcl
z,s
pcl,pcl
q,p
tcl,pcl
kcl,kcl
n,n
ix,iy
l,w
dx,dx
tcl,kcl
ax,ax
tcl,tcl
n,n
ae,ae
n,n
m,m
ey,ey
l,ax
ax,l
t,t
ix,ix
hv,y
tcl,tcl
r,r
w,w
th,f
axr,axr
pcl,pcl
iy,iy
ux,ax
kcl,tcl
eh,eh
axr,axr
n,n
dx,dx
iy,iy
ix,eh
t,t
ix,ix
ih,ix
ey,ey
bcl,pcl
s,s
q,q
ix,ix
tcl,th
uh,ah
sh,sh
p,k
ng,n
iy,iy
sh,sh
ae,ey
z,s
m,n
axr,ax
axr,ih
w,w
l,dh
s,s
ah,ae
q,q
er,ux
w,ao
dx,ix
ow,ax
m,en
aa,ao
ax-h,t
ae,ae
y,y
r,r
t,sh
ay,ae
ah,ay
kcl,tcl
iy,iy
y,y
ow,ow
ix,ax
dcl,dcl
ah,ah
g,k
t,ch
oy,oy
ae,ae
oy,oy
aa,aa
z,s
kcl,kcl
pcl,pcl
tcl,tcl
iy,iy
n,n
l,l
iy,iy
n,n
pcl,pcl
w,w
ae,ae
iy,iy
dcl,dcl
th,f
l,ix
pcl,kcl
s,s
ix,ix
dcl,bcl
dcl,dcl
z,s
n,n
ax,v
ay,ae
ih,r
t,t
dh,dh
dh,f
kcl,kcl
s,s
ay,aa
ih,ih
ix,ix
f,f
t,t
z,dh
kcl,tcl
ow,el
r,ix
m,m
t,t
kcl,pcl
ih,ih
dx,dcl
ao,ao
b,p
z,z
ao,ao
bcl,bcl
eh,eh
iy,iy
ix,ix
l,l
v,dcl
p,p
ae,ae
ax,ih
ih,ih
ao,ao
w,w
q,d
f,f
k,k
iy,ix
n,n
d,kcl
sh,sh
r,r
f,f
dcl,dcl
eh,axr
en,ix
tcl,pcl
r,r
ix,ix
w,w
iy,iy
ix,ix
er,er
s,s
pcl,pcl
th,s
n,q
ng,n
tcl,tcl
r,r
sh,s
r,axr
t,t
s,s
ih,ih
dcl,dcl
bcl,bcl
l,l
s,s
ix,ix
q,q
axr,r
r,r
r,w
aw,ae
kcl,kcl
ao,oy
m,ix
kcl,tcl
axr,r
th,th
ah,ah
ae,ae
tcl,tcl
q,q
dcl,bcl
w,w
m,m
ch,sh
kcl,tcl
ax-h,dcl
ao,ao
r,r
z,s
ih,ux
s,s
ux,ix
ah,eh
kcl,kcl
iy,iy
ax,ax
iy,iy
ey,ay
y,y
tcl,tcl
w,w
ux,ux
el,l
l,l
q,ix
eh,ey
iy,iy
aa,aa
ae,ae
ix,ix
ih,ax
pcl,tcl
n,n
z,z
el,l
ix,ix
ih,ih
ix,iy
er,er
ix,ix
tcl,tcl
k,k
ey,ey
ch,sh
eh,eh
gcl,dcl
er,er
z,z
l,l
pcl,pcl
aw,ae
gcl,dcl
v,pcl
jh,jh
s,s
l,w
ch,sh
ae,ey
w,l
ao,ao
r,r
s,s
r,r
s,s
axr,ay
hh,k
s,s
s,s
ax,ix
g,k
s,s
ix,ix
f,f
r,r
m,m
ih,ix
ix,ix
aa,aa
m,m
ih,ix
dcl,dcl
iy,ix
ih,iy
n,n
tcl,tcl
m,n
t,t
ux,iy
k,g
kcl,kcl
er,er
z,z
z,s
eh,ax
iy,iy
ix,ix
eh,eh
q,l
ah,ax
m,n
kcl,tcl
ih,iy
dcl,dcl
b,v
el,ow
ix,ax
m,n
m,uw
sh,sh
f,f
l,l
t,p
pcl,pcl
q,q
ix,eh
f,f
kcl,kcl
ix,iy
ih,iy
dh,ax
ng,ng
n,n
ix,ix
s,s
k,k
ng,iy
d,k
y,y
tcl,pcl
t,s
ax,q
axr,ix
aw,ao
l,l
kcl,tcl
t,t
w,l
ix,ix
s,s
eh,ih
ux,iy
r,r
f,f
dcl,dcl
k,k
axr,axr
iy,iy
tcl,tcl
s,s
kcl,pcl
ih,ih
kcl,kcl
r,r
er,er
ix,ix
tcl,dcl
ey,ay
tcl,v
ih,ix
q,q
l,q
ae,eh
iy,iy
s,s
iy,iy
n,n
gcl,tcl
tcl,tcl
s,s
b,p
en,n
iy,iy
l,l
z,s
gcl,hh
eh,eh
dh,dh
ey,ih
ae,q
pcl,kcl
tcl,kcl
ng,n
l,l
gcl,gcl
l,w
dx,ix
kcl,kcl
r,l
q,q
s,sh
n,ix
hv,hv
ax,ix
ey,ey
eh,r
w,l
ih,ix
aa,ah
ih,iy
ay,ay
ow,eh
aa,ao
s,s
m,n
q,q
s,s
ux,ux
ix,ix
pcl,kcl
s,s
iy,iy
g,g
r,r
dcl,tcl
q,q
m,m
axr,axr
dx,dx
tcl,tcl
k,hh
n,ux
uh,ix
ux,iy
w,w
k,k
z,z
q,q
iy,iy
ix,ix
z,z
s,s
ng,n
hv,ix
t,t
dcl,dcl
ah,ih
p,t
aa,ae
ah,ah
ix,ix
tcl,dcl
g,d
tcl,kcl
t,z
kcl,pcl
tcl,tcl
r,er
kcl,tcl
t,t
r,r
v,dh
iy,iy
q,r
kcl,kcl
t,t
uh,ax
g,g
gcl,kcl
sh,s
pcl,tcl
el,w
aa,aa
ax,ax
r,axr
axr,eh
ae,ae
k,k
ax,ix
ae,ae
pcl,tcl
y,iy
iy,ix
s,s
nx,n
sh,sh
d,k
r,r
axr,axr
jh,jh
th,f
s,s
k,tcl
aw,aa
gcl,dcl
s,s
aa,ae
r,r
iy,ey
d,dx
s,s
r,r
k,k
r,r
eh,eh
eh,l
eh,ix
k,d
ix,iy
kcl,pcl
eh,eh
m,v
t,t
aa,ao
n,n
n,ix
k,k
s,s
s,s
f,f
r,r
aw,ae
t,t
n,m
ih,ih
dcl,bcl
p,p
ae,eh
ae,ae
eh,ih
s,s
l,l
ow,ow
aa,l
r,axr
tcl,tcl
ah,ax
l,l
jh,t
ae,ae
p,d
ae,eh
ih,ih
axr,axr
pcl,gcl
ax,ix
dh,dh
ao,ao
w,w
kcl,pcl
q,q
r,aa
dcl,dcl
ey,ih
bcl,pcl
dcl,gcl
ey,ey
n,ix
ux,ux
ih,ux
ae,ae
q,ix
ow,ow
iy,ey
k,t
ix,ix
dx,nx
ix,ix
ey,ey
ix,ix
iy,ix
s,s
m,n
r,r
n,n
tcl,bcl
ah,ih
r,r
ih,ih
r,q
kcl,tcl
tcl,kcl
aa,eh
ao,ao
r,r
r,eh
s,s
eh,er
ix,ix
aa,ao
ch,jh
f,f
dx,dx
ax,q
axr,axr
dx,dx
n,n
ae,eh
axr,r
ey,ey
n,n
dcl,bcl
en,n
tcl,jh
pcl,pcl
s,s
iy,ix
m,m
tcl,tcl
sh,sh
er,axr
ax,l
ix,ix
q,ix
bcl,pcl
ix,ix
hv,iy
r,dh
ng,ng
dcl,dcl
ax,ax
r,r
ix,ih
dcl,tcl
ax,ix
axr,er
s,s
ay,ix
s,s
r,r
kcl,tcl
l,ah
k,k
n,kcl
kcl,pcl
t,s
ow,aa
b,p
pcl,tcl
r,r
ow,ow
n,n
gcl,gcl
jh,jh
r,r
hv,hv
n,n
w,w
dx,dx
ux,ix
l,l
ix,ih
s,z
zh,zh
axr,ng
dh,tcl
tcl,tcl
ae,ae
iy,iy
n,n
kcl,pcl
dcl,tcl
ih,ax
k,p
t,t
ch,ch
er,er
ey,iy
s,sh
t,d
l,v
w,w
aa,aa
l,l
th,t
r,r
eh,ey
ng,y
ey,ay
tcl,iy
r,r
pcl,v
dcl,dcl
q,q
w,w
ix,ix
l,l
s,s
f,f
f,f
aa,ao
z,s
ow,ao
l,l
m,n
tcl,tcl
ey,ay
r,r
ow,el
uh,ax
eh,ae
l,l
m,dx
tcl,kcl
er,er
eh,ix
r,r
y,y
y,iy
ah,ax
m,m
ah,ah
ih,ix
ax,ax
eh,ey
iy,iy
ay,ah
l,ao
l,q
eh,ih
ch,sh
tcl,dcl
t,t
eh,ix
ux,ix
ix,ih
n,n
aa,aa
n,n
dh,n
axr,ix
dcl,tcl
ix,ix
ey,iy
ay,ay
axr,r
ix,ix
s,s
s,s
th,th
ay,ae
t,t
ih,ix
g,g
s,s
dh,p
hv,hh
ih,ey
aa,aa
ah,ix
r,ix
kcl,kcl
jh,jh
ao,ao
kcl,pcl
r,eh
v,v
iy,iy
dcl,n
dh,v
er,er
q,q
iy,ih
m,m
f,f
gcl,tcl
n,n
k,t
ng,n
tcl,pcl
dh,d
m,n
ax-h,tcl
ao,aa
k,jh
t,t
r,r
ch,jh
eh,iy
ix,ix
q,w
m,n
z,s
w,w
s,s
s,s
s,s
ay,ix
dcl,dcl
k,k
axr,axr
ax,l
aa,aa
iy,ih
n,n
nx,n
s,s
ix,ih
dcl,bcl
s,s
ae,ae
dx,dx
bcl,pcl
tcl,tcl
kcl,pcl
ey,ey
z,z
l,l
m,m
tcl,bcl
k,k
l,bcl
gcl,kcl
ey,ey
l,w
z,z
s,s
n,n
kcl,kcl
axr,axr
p,p
ay,ay
ch,jh
iy,iy
q,q
dcl,dcl
tcl,tcl
sh,sh
ao,ao
ae,ae
ow,ow
aw,ow
tcl,tcl
r,axr
dcl,bcl
ow,eh
ae,ae
t,d
n,n
iy,iy
ix,ix
n,n
m,m
s,s
n,n
n,n
uh,ax
nx,n
pcl,pcl
el,el
z,s
ih,ih
uw,uw
q,q
n,ix
p,p
s,s
ey,ih
r,axr
ax,ax
er,er
r,w
ix,ix
ey,iy
ix,ix
d,t
s,s
ey,ey
er,ih
pcl,pcl
iy,iy
n,n
en,n
aw,aa
iy,iy
l,w
ae,ae
kcl,tcl
ae,ae
dcl,dcl
uw,ow
r,q
iy,iy
iy,iy
q,q
ae,ae
ah,ah
ay,ay
s,sh
s,s
ey,ay
eh,eh
ix,ih
k,k
pcl,bcl
ix,ix
t,t
kcl,tcl
gcl,gcl
ix,ix
ay,ey
iy,iy
n,n
ao,ao
z,z
kcl,tcl
dcl,dcl
l,ao
ih,ix
iy,iy
ux,iy
ih,ih
y,q
z,s
ix,ax
iy,iy
hv,hv
ix,ix
z,sh
ax,l
z,z
r,r
ix,ix
r,ax
axr,axr
ae,ae
t,k
iy,iy
n,ix
pcl,tcl
ey,ey
axr,axr
er,er
ah,ih
sh,sh
ix,ix
eh,ax
s,s
ix,ix
s,s
n,n
gcl,dcl
aa,aa
ix,ix
r,r
dcl,dcl
s,sh
w,r
l,ng
kcl,kcl
w,w
tcl,pcl
r,ax
iy,iy
dcl,dcl
l,aa
axr,axr
dh,dx
er,r
pcl,tcl
z,s
l,l
n,bcl
z,z
ix,ux
r,m
ax,ax
uh,ax
axr,axr
w,w
m,m
ao,aa
ah,ow
t,t
dcl,tcl
ix,ix
eh,r
n,n
f,f
dh,t
d,k
s,z
bcl,bcl
kcl,tcl
el,el
iy,axr
k,pcl
z,z
r,r
f,f
ay,ay
tcl,tcl
aa,aa
ey,ey
ay,ao
ix,ix
eh,ey
dh,q
ax,l
s,s
ih,ux
k,tcl
l,l
z,z
ih,eh
n,n
m,m
s,s
kcl,kcl
g,p
ah,l
r,r
r,r
axr,r
sh,sh
l,l
ih,ix
ng,n
g,dx
f,f
ao,ow
s,s
bcl,bcl
ax,ax
tcl,tcl
p,p
z,z
r,axr
r,r
q,q
dh,p
axr,axr
ey,ey
dcl,dcl
ix,ix
z,sh
tcl,tcl
axr,r
q,q
ey,ey
ix,ix
ih,ix
k,k
bcl,bcl
aa,aa
dcl,tcl
bcl,bcl
n,kcl
ix,ix
p,f
ix,ix
s,s
n,n
aa,aa
iy,iy
ux,ix
gcl,dcl
n,n
iy,iy
f,f
ih,ih
m,m
s,s
ix,ix
iy,ux
er,er
eh,eh
er,er
dh,dh
t,hh
s,s
ix,ix
n,ng
d,d
aa,ae
n,n
dx,n
kcl,kcl
y,iy
l,ax
m,m
b,t
tcl,dh
bcl,pcl
iy,ih
dx,ax
ax,n
l,l
iy,iy
ch,ch
ay,ow
axr,kcl
dcl,tcl
t,t
v,v
g,k
m,n
ax,ah
l,l
v,dcl
zh,sh
l,l
l,l
kcl,kcl
iy,iy
k,t
m,n
tcl,kcl
ao,ao
en,en
ix,r
s,s
r,r
m,m
f,f
eh,r
dcl,kcl
q,q
k,k
k,k
iy,ux
n,n
eh,eh
ix,ix
k,k
dx,ix
l,l
g,p
s,s
s,s
iy,iy
q,ix
ae,ae
ah,ah
tcl,pcl
er,er
s,s
gcl,tcl
ao,ao
th,k
ax-h,k
th,th
ix,ix
axr,axr
uh,ow
r,r
q,aa
er,er
s,s
r,r
r,r
m,m
sh,sh
dcl,dcl
ay,ae
w,l
aw,ah
eh,eh
sh,sh
m,m
n,n
aa,ae
gcl,gcl
y,y
hv,iy
n,n
axr,ux
l,w
ao,aa
hv,hv
y,y
uh,ih
tcl,tcl
z,z
s,s
k,k
v,v
ah,ow
kcl,tcl
jh,dx
l,q
s,s
l,q
w,w
ix,r
p,tcl
axr,r
kcl,tcl
ey,ey
iy,iy
ey,iy
s,s
eh,ih
ao,w
ax,l
n,n
r,r
ey,iy
ux,ux
axr,axr
ay,oy
pcl,kcl
ay,ay
iy,iy
aw,ae
dcl,tcl
ey,ey
ae,ae
gcl,n
ah,ah
sh,sh
ay,ay
gcl,dcl
kcl,tcl
p,k
t,t
kcl,f
l,n
n,n
n,n
m,m
pcl,pcl
dcl,tcl
dh,t
ow,ow
tcl,tcl
sh,sh
axr,r
ih,eh
m,v
hv,l
dx,n
el,l
w,w
tcl,pcl
t,t
q,q
dx,dx
d,p
f,f
y,y
n,n
eh,ae
tcl,tcl
ae,ih
jh,ch
r,r
ae,ao
z,s
t,t
t,t
f,f
dcl,dcl
w,n
f,f
kcl,kcl
th,th
m,n
kcl,kcl
y,ix
q,ao
s,s
ae,eh
uh,ix
ae,ae
m,n
ix,ix
s,s
th,th
ao,l
bcl,tcl
v,v
pcl,pcl
ix,ix
l,l
eh,eh
eh,ae
r,r
r,axr
ow,er
eh,ae
axr,iy
ih,ih
kcl,kcl
eh,eh
tcl,tcl
r,aa
ao,ah
tcl,q
ow,ow
ix,eh
n,n
iy,ux
n,n
ao,aa
w,l
s,s
ih,ih
s,s
eh,ay
n,n
axr,r
k,k
ah,eh
er,er
ey,ix
n,n
en,n
kcl,tcl
l,l
f,f
ih,ax
n,n
ix,ix
iy,iy
t,p
aa,ao
pcl,pcl
pcl,tcl
q,q
d,k
sh,sh
axr,axr
el,ax
kcl,tcl
y,q
aa,aa
axr,ix
ix,ix
f,f
er,axr
v,v
z,s
ae,ae
ow,ow
n,n
s,z
l,l
ao,w
axr,ux
f,f
nx,n
ax,ix
ix,ax
q,q
d,t
dcl,dcl
aa,ah
ux,ux
dh,dcl
z,z
z,s
n,n
m,n
t,jh
bcl,bcl
ax,eh
eh,eh
ey,ey
l,n
kcl,pcl
ax,w
f,f
tcl,kcl
g,g
gcl,gcl
ey,iy
tcl,tcl
iy,iy
sh,sh
eh,ae
p,f
dx,ix
g,k
gcl,dcl
dcl,tcl
dcl,dcl
ih,ux
iy,iy
aw,aw
ix,ih
z,s
aa,ao
f,f
r,r
z,z
er,er
dh,dcl
ah,eh
r,r
s,s
bcl,dcl
r,r
ao,w
r,r
ah,ah
r,r
d,dx
uw,ux
en,n
t,t
bcl,bcl
q,q
aa,aa
dcl,z
aw,aa
w,w
ng,m
z,z
ih,eh
l,l
l,q
th,s
eh,eh
z,sh
hv,q
ih,iy
ax,l
q,axr
n,n
ix,ix
ax,ix
ae,ix
ay,ae
k,k
m,n
ah,ah
ih,eh
d,p
r,r
eh,ae
nx,n
pcl,tcl
kcl,tcl
g,g
ux,ux
iy,r
eh,eh
ix,ix
k,k
w,w
b,p
n,n
aa,ao
iy,iy
ao,ao
eh,ix
pcl,pcl
bcl,bcl
ae,ae
iy,ix
z,z
w,w
ix,ix
y,ix
ao,ow
iy,iy
k,d
kcl,tcl
ae,ae
ah,ow
s,z
ih,ix
n,n
ay,ay
ix,ix
ih,ix
q,q
dcl,dcl
ix,ix
uw,ux
aa,aa
iy,iy
l,l
ih,ix
t,t
r,r
axr,axr
kcl,kcl
ax,n
dcl,kcl
ax,ax
n,n
iy,iy
kcl,kcl
iy,iy
axr,r
dcl,dcl
k,k
g,k
hh,q
ae,ae
ih,iy
eh,ae
ix,ix
ao,ao
n,n
s,s
er,ux
axr,r
dcl,tcl
axr,ix
z,z
dh,dh
iy,iy
ow,ow
iy,iy
dcl,dcl
tcl,tcl
ix,ix
q,dx
tcl,tcl
ix,ix
iy,ih
gcl,bcl
dcl,dcl
l,n
axr,axr
ax,uw
r,r
sh,sh
axr,ix
l,ax
ix,ix
kcl,kcl
y,y
s,s
tcl,jh
pcl,pcl
dh,dx
w,bcl
axr,r
tcl,tcl
s,z
k,k
kcl,kcl
aa,ao
k,k
t,t
dh,ix
axr,axr
r,r
ax,ah
hh,p
ah,ah
ng,n
k,b
tcl,kcl
axr,ix
r,r
r,axr
r,r
axr,w
z,z
r,r
tcl,pcl
tcl,kcl
ix,dx
ah,ah
q,q
n,n
uh,ax
ae,ae
k,t
r,r
tcl,tcl
s,s
axr,axr
iy,iy
ow,aa
n,n
hh,hh
ih,ix
kcl,kcl
l,l
r,r
l,ix
v,v
tcl,kcl
r,r
ao,ao
s,s
ix,ix
kcl,kcl
ix,ix
tcl,tcl
ay,ay
iy,iy
ix,ix
ix,ix
tcl,tcl
v,n
ay,ow
f,f
eh,ae
axr,er
eh,eh
v,ix
ih,ix
gcl,dcl
dcl,n
er,axr
ay,ay
y,y
m,m
v,v
m,m
s,s
v,v
ix,ix
axr,axr
sh,sh
iy,ix
aa,aa
oy,oy
en,l
k,k
r,y
n,bcl
dx,nx
ax,ax
sh,s
iy,ey
ao,uw
ah,eh
kcl,kcl
iy,r
v,v
q,q
er,r
axr,r
f,f
ih,iy
gcl,dx
y,iy
r,r
uw,uw
r,r
ah,ax
er,axr
z,z
r,r
hh,hh
ax,ax
er,r
aa,aa
l,l
v,v
iy,iy
k,k
z,z
axr,q
er,axr
ay,aa
iy,iy
g,g
d,v
n,v
bcl,bcl
nx,n
l,l
tcl,pcl
z,z
eh,eh
r,r
tcl,pcl
oy,oy
ax,v
aa,ao
ux,ux
ax,ax
r,r
w,w
f,f
dx,dx
q,dx
n,n
ih,ih
sh,sh
uw,axr
dcl,bcl
tcl,tcl
pcl,pcl
s,s
ix,ix
eh,ae
sh,sh
iy,iy
n,dx
aa,aa
s,s
eh,r
k,k
m,n
th,dh
axr,ux
gcl,tcl
kcl,tcl
ix,ix
el,ow
gcl,tcl
r,q
t,t
ux,ux
n,n
r,axr
s,s
ax,ax
ix,ix
l,ao
uw,ow
l,uw
er,er
n,m
n,n
m,m
eh,ih
ah,ih
ao,ay
t,t
r,r
y,iy
jh,jh
b,k
s,s
iy,iy
er,r
ah,aa
kcl,tcl
k,k
ix,ix
m,m
ay,ae
dcl,tcl
dcl,bcl
pcl,pcl
ix,ix
f,f
axr,eh
kcl,tcl
oy,oy
ax,ix
tcl,tcl
r,r
el,q
ah,ah
ix,iy
ae,aw
dcl,dcl
aa,ao
hh,tcl
n,dcl
d,t
f,f
axr,er
k,t
iy,iy
sh,s
aa,aa
t,k
k,t
s,sh
s,s
s,s
r,r
dx,dx
ix,ix
f,f
ux,q
ay,ae
n,n
aa,aa
l,l
f,f
ao,aw
eh,ix
s,s
s,s
ay,ao
ey,ey
n,n
l,l
w,w
axr,axr
r,r
ax,ax
dcl,tcl
w,w
z,z
eh,eh
iy,iy
gcl,pcl
t,t
z,s
pcl,pcl
ix,ix
s,s
iy,iy
f,f
s,s
p,d
dcl,dcl
n,n
gcl,bcl
ao,ao
dx,dx
ae,ae
er,er
kcl,kcl
l,l
dcl,dcl
w,w
s,s
n,n
k,k
k,k
r,r
ax,ax
l,l
v,v
eh,ix
ng,n
axr,r
ae,ae
dx,dx
z,z
w,w
axr,er
f,f
t,t
ix,ax
m,m
n,n
ae,ae
tcl,pcl
zh,jh
gcl,dcl
z,z
w,w
ix,ix
ae,ae
ix,ix
ay,ay
m,m
q,q
ae,ae
n,n
n,n
dh,t
r,r
iy,iy
v,v
ix,uh
dcl,tcl
ah,ah
n,n
r,r
ix,ix
iy,iy
ix,iy
aa,aa
k,tcl
r,r
f,f
f,f
ax,ix
aa,aa
zh,s
s,s
dcl,dcl
ow,l
r,r
eh,ih
k,k
iy,iy
s,z
f,f
ao,ao
n,n
ae,eh
n,n
r,r
sh,jh
p,p
ux,ih
jh,t
f,f
p,k
ix,ix
f,f
m,v
iy,iy
w,w
sh,sh
bcl,dcl
t,t
v,v
dh,p
y,iy
d,kcl
kcl,kcl
s,sh
ae,ae
eh,ae
s,s
pcl,tcl
ay,ay
ow,ao
w,w
l,l
q,q
m,bcl
nx,n
r,dx
iy,iy
nx,n
ch,sh
dh,dh
kcl,kcl
ih,ih
pcl,pcl
tcl,pcl
l,l
iy,iy
hh,hh
n,ix
er,er
r,r
ow,ow
m,n
axr,r
em,m
axr,er
dcl,dcl
ih,ix
ih,iy
gcl,gcl
z,z
el,w
s,z
ih,iy
n,en
p,p
ix,iy
n,n
iy,iy
iy,iy
r,r
q,axr
p,p
ix,ih
ih,ih
kcl,kcl
n,n
v,dcl
bcl,bcl
q,axr
r,iy
aa,ae
m,m
s,s
w,uw
f,f
gcl,dcl
uh,ey
eh,ih
sh,sh
m,m
ax,ix
ng,n
ae,ae
n,n
kcl,tcl
ah,er
r,r
er,er
r,v
s,ch
ax,ax
t,t
eh,ah
dcl,dcl
dh,dx
ix,ix
aw,axr
ix,ix
l,w
nx,n
f,f
s,s
ih,ih
p,p
iy,iy
ao,ao
m,en
ah,el
pcl,tcl
ix,ix
ix,ix
s,s
tcl,kcl
s,s
d,dcl
pcl,pcl
m,m
sh,s
iy,iy
ax,ax
z,z
kcl,kcl
ay,ae
n,n
iy,ux
th,f
aa,ae
m,n
s,s
ux,ux
n,n
ix,ix
ae,ae
n,n
n,n
ao,aa
ux,iy
kcl,kcl
iy,iy
y,hh
tcl,tcl
k,kcl
dx,nx
aa,r
tcl,tcl
kcl,kcl
ae,ae
p,p
hh,ix
axr,r
ix,ix
z,z
ae,ay
ih,iy
ih,ix
f,pcl
ih,ih
b,tcl
n,n
z,z
r,r
en,n
el,ow
pcl,pcl
s,z
m,n
dcl,bcl
ah,ae
iy,ux
r,r
ix,ix
m,bcl
ey,ey
s,s
ax-h,ix
k,k
g,g
pcl,pcl
ax,q
ah,eh
axr,axr
hh,hh
q,kcl
aa,r
ax,ix
kcl,kcl
n,n
iy,iy
tcl,dcl
z,s
iy,iy
t,d
m,m
g,p
ix,ix
v,v
ng,l
f,f
t,t
ng,ng
ah,eh
ih,iy
s,s
dx,n
n,n
z,z
l,l
uw,uw
sh,sh
en,en
t,t
k,t
p,p
z,z
dh,p
kcl,tcl
k,p
kcl,kcl
w,w
ey,ey
ix,ux
t,k
dcl,tcl
k,k
eh,eh
kcl,tcl
m,n
aa,ae
ah,ah
s,s
ay,ay
pcl,kcl
t,t
ey,iy
kcl,tcl
w,w
el,el
ux,ux
ax,ix
uh,ix
m,n
dcl,dcl
ao,ao
hh,p
pcl,tcl
l,ax
ao,ao
ah,ah
y,y
ix,ix
l,l
kcl,pcl
r,r
l,ow
bcl,tcl
n,n
ix,ix
hh,z
m,bcl
tcl,t
ow,ao
n,n
t,t
pcl,pcl
uh,ux
axr,aa
r,r
l,l
iy,iy
ix,ix
dh,dh
f,f
s,s
l,l
ae,ae
q,q
ae,ae
tcl,kcl
ix,ix
ix,ix
el,ax
w,w
ix,ix
s,sh
ao,ao
s,s
ax,ax
iy,iy
dcl,dcl
tcl,dcl
w,w
th,d
ix,ax
tcl,tcl
k,k
ih,ix
s,s
l,ax
s,s
axr,axr
bcl,bcl
iy,iy
ix,ix
t,t
ih,ey
iy,iy
ae,ae
iy,ey
q,q
f,f
s,s
eh,ix
m,v
pcl,dcl
ah,eh
en,en
ix,ih
kcl,kcl
bcl,bcl
p,k
y,iy
iy,iy
tcl,tcl
ax,dx
k,k
ay,ay
sh,sh
l,l
ih,ey
l,ax
k,k
ae,ae
kcl,pcl
nx,n
p,p
bcl,bcl
z,z
w,w
q,n
n,ix
iy,ux
s,s
iy,ey
sh,sh
eh,aa
s,s
l,aa
ch,jh
aa,r
n,dcl
iy,iy
ow,eh
ix,q
s,s
s,s
t,d
ix,ix
ax,ix
pcl,dh
tcl,kcl
ae,ae
l,ax
ax,ax
axr,axr
axr,r
sh,sh
l,ax
l,q
er,er
aa,q
iy,r
t,t
eh,ae
ae,ae
kcl,kcl
pcl,bcl
tcl,pcl
n,ng
ng,el
m,n
m,n
m,m
dcl,n
n,ix
p,p
f,t
ih,ix
n,tcl
z,z
r,r
dcl,dcl
l,l
bcl,dcl
dcl,gcl
ow,axr
ax,ix
er,axr
n,n
th,f
q,q
f,f
ix,ih
p,t
dcl,bcl
bcl,bcl
dh,t
jh,z
ix,ix
ng,n
gcl,bcl
ax-h,tcl
tcl,tcl
ae,eh
t,d
l,l
axr,axr
q,k
gcl,kcl
kcl,kcl
aa,ay
er,axr
k,p
ax,ax
s,s
ax,ax
oy,oy
ih,ih
t,t
axr,axr
sh,sh
axr,ax
uh,ix
r,r
em,ng
ux,r
ah,ih
r,ax
ax,ix
kcl,tcl
n,n
f,f
s,z
ix,ix
ow,uw
ax,ax
eh,eh
ah,ae
ao,ao
ey,iy
l,l
f,pcl
hh,iy
sh,sh
bcl,bcl
r,r
ix,ix
ao,ao
n,ng
n,n
aw,aa
tcl,tcl
n,n
ah,r
r,r
bcl,bcl
q,q
n,n
f,f
s,s
ih,iy
ih,iy
z,z
m,m
tcl,tcl
aa,aa
ix,ix
iy,iy
l,el
ax,ix
iy,ix
ey,ix
tcl,tcl
kcl,kcl
aa,ow
z,z
ah,ih
uh,uh
ux,iy
ey,ae
hh,hh
t,t
t,z
z,s
ax,ix
ih,ix
pcl,pcl
ow,eh
f,s
tcl,tcl
er,er
iy,ih
m,n
ng,n
l,iy
ix,ix
sh,sh
eh,ae
m,m
p,f
ae,ae
bcl,bcl
s,sh
k,t
ow,ow
ix,ix
aa,r
n,n
nx,dx
s,s
pcl,tcl
q,en
ay,ah
z,s
l,ix
tcl,tcl
ax,el
w,w
ih,ih
ax,ax
ax,n
ax-h,kcl
m,m
el,el
r,r
r,r
ae,ae
oy,oy
m,m
n,n
uh,ix
aa,ow
ix,ix
l,ax
bcl,pcl
ih,iy
kcl,pcl
l,v
ae,ae
ah,eh
hv,hv
n,n
dcl,tcl
gcl,dcl
ix,ix
l,ix
ih,ix
ae,ae
kcl,kcl
axr,er
z,s
ah,ah
kcl,gcl
iy,iy
dh,th
d,dh
tcl,tcl
dx,dx
ih,ih
ch,s
q,tcl
kcl,kcl
gcl,gcl
aa,ao
ow,ow
ax,ax
gcl,pcl
aa,aa
w,w
w,w
r,r
p,k
axr,r
m,n
f,f
s,s
ay,ay
bcl,gcl
s,s
t,t
ow,ow
eh,ey
r,r
q,q
s,s
l,ao
w,w
ng,n
tcl,dcl
th,th
eh,eh
iy,iy
ax,ax
gcl,gcl
r,w
d,t
b,tcl
l,ax
ux,ux
tcl,tcl
ae,ae
pcl,tcl
dcl,gcl
t,d
kcl,kcl
q,q
iy,iy
ih,ih
n,y
w,w
p,p
ix,ix
t,t
ax,ix
aw,ae
ah,ae
gcl,gcl
r,v
pcl,pcl
dcl,dx
oy,oy
ae,ae
s,s
q,q
r,r
dh,dh
nx,n
s,s
l,l
zh,sh
iy,iy
q,q
bcl,bcl
n,n
ih,ix
ay,ay
ay,ay
en,n
ay,ae
z,z
l,l
aa,aa
w,w
bcl,dx
aw,eh
ow,ow
l,l
ng,m
dh,dcl
ey,ey
ih,ae
m,m
ah,ah
kcl,kcl
ix,ae
ix,ix
uh,ih
ux,iy
n,n
t,t
n,n
l,l
s,s
z,z
aa,aa
ix,ix
r,r
q,q
r,r
ux,ux
w,w
m,m
t,t
p,t
r,ax
iy,iy
ow,ax
ow,w
ih,ey
l,p
er,er
ao,ao
kcl,pcl
th,f
l,n
s,s
n,n
gcl,pcl
n,n
ey,ey
ay,ae
f,f
ay,ay
s,s
l,l
dcl,dcl
q,q
hh,hh
s,s
r,r
ow,ax
ix,ix
ix,ix
z,z
ix,iy
s,s
jh,jh
axr,axr
pcl,kcl
ch,sh
ux,ux
r,r
iy,iy
aa,ae
m,n
aw,ah
n,n
k,t
ax,ix
kcl,kcl
ix,ih
kcl,kcl
aa,aa
axr,axr
f,f
jh,z
w,w
tcl,tcl
ih,ix
aa,aa
th,f
dcl,bcl
s,s
dcl,dcl
q,q
l,q
nx,r
ae,ih
kcl,kcl
v,v
ae,eh
ih,iy
eh,ix
sh,sh
kcl,kcl
n,n
nx,n
iy,ix
ng,n
ix,ix
r,ao
eh,ih
iy,ih
ih,ih
iy,iy
ey,ey
dcl,tcl
tcl,dh
w,w
ah,eh
k,k
hh,hh
w,w
r,r
ey,eh
r,r
er,r
uh,ix
z,jh
ax-h,z
r,r
ax,ix
ix,iy
uh,ix
tcl,pcl
n,m
dh,dh
ih,ix
tcl,tcl
tcl,pcl
ix,iy
axr,en
ey,ey
y,iy
ih,iy
w,w
s,s
ah,r
ih,ix
d,t
el,ow
jh,jh
ao,ao
sh,sh
k,k
k,k
s,s
bcl,v
n,ix
iy,iy
l,ax
r,r
r,r
ay,aa
t,t
ao,ao
d,d
bcl,gcl
dh,n
ow,ow
t,t
l,l
ix,ih
dcl,bcl
p,p
k,k
v,v
s,s
l,l
dh,v
aa,ao
ah,ax
s,s
ay,aa
ix,ix
t,t
iy,iy
w,w
ao,r
ao,ao
iy,ix
dcl,dcl
ey,ey
ay,aa
r,r
eh,ix
ng,n
l,l
r,r
aa,ax
ih,ix
s,s
ch,ch
kcl,kcl
ow,ow
sh,sh
s,s
ao,ao
ae,ae
dcl,pcl
ay,ae
ih,r
n,n
axr,axr
w,w
ih,ix
ch,s
q,q
dh,dh
n,bcl
hv,ix
kcl,kcl
hv,hv
dx,dx
k,t
t,t
q,q
kcl,tcl
q,pcl
aw,ax
tcl,tcl
ey,ey
iy,iy
ay,ay
k,p
n,n
tcl,pcl
p,k
m,n
ix,ax
aa,aa
ay,ay
s,s
q,k
iy,iy
ae,ae
m,m
tcl,tcl
aa,q
ix,iy
kcl,kcl
l,iy
dcl,dh
ow,ux
ae,ae
ih,ih
sh,sh
axr,axr
k,k
hh,q
w,w
iy,iy
ey,ey
ux,ix
y,iy
ix,ix
axr,axr
pcl,pcl
m,m
dh,dh
iy,iy
ix,ix
kcl,tcl
n,n
ax,r
w,w
iy,iy
m,m
ae,er
ch,t
g,g
q,tcl
w,w
er,er
ix,ux
r,r
s,s
ih,iy
l,l
k,k
ay,ix
jh,sh
ix,ix
ao,ao
aa,aa
ae,eh
eh,ae
t,t
t,f
aw,aa
ix,iy
v,v
dcl,dcl
axr,r
ey,iy
ae,ae
hv,hh
tcl,tcl
gcl,gcl
pcl,pcl
iy,iy
ix,ix
ae,ae
gcl,kcl
ay,ae
v,v
iy,iy
axr,ih
ix,ix
gcl,pcl
l,l
dcl,tcl
aa,aa
bcl,n
s,f
k,k
d,d
axr,axr
ah,ae
ae,aa
kcl,kcl
ae,eh
aw,ow
r,r
k,t
tcl,dx
axr,axr
dcl,bcl
axr,ux
s,s
ax,ix
ix,ix
tcl,tcl
sh,sh
z,t
dx,dx
w,w
iy,iy
n,n
s,s
y,y
gcl,gcl
aa,ao
iy,iy
dcl,n
s,s
dcl,tcl
l,l
pcl,pcl
ao,w
ih,ey
t,k
w,w
w,w
ix,ix
ao,ao
gcl,tcl
tcl,tcl
q,q
ih,ih
ay,ay
ao,ao
kcl,tcl
n,n
jh,jh
el,ax
k,p
iy,iy
n,n
pcl,tcl
dcl,dcl
ao,ao
uw,uw
ae,ae
th,t
ix,ix
s,s
n,n
bcl,bcl
r,r
tcl,tcl
s,s
r,r
r,ix
tcl,tcl
ao,ao
kcl,kcl
r,r
ae,ey
ux,ih
z,s
r,r
s,sh
n,n
axr,ix
ey,ae
m,nx
k,p
s,s
w,w
ao,ah
ae,eh
ix,ix
ae,ae
l,l
k,t
er,eh
s,s
n,m
dx,dh
iy,iy
tcl,tcl
iy,iy
w,w
q,dx
y,iy
en,n
iy,iy
er,ow
m,ix
l,l
s,s
ix,n
ey,ay
pcl,tcl
ch,sh
y,q
y,y
ey,ey
eh,eh
ax,n
uw,ao
l,l
r,r
f,pcl
gcl,pcl
f,f
ih,ix
ax,ax
n,dcl
s,s
q,q
dh,n
r,r
kcl,tcl
ay,ay
ix,ix
er,r
ix,q
hv,hh
ix,ih
ah,ax
aa,ah
f,p
dcl,dcl
ix,iy
s,s
k,k
z,z
pcl,pcl
t,t
n,n
v,v
hh,k
l,l
z,z
pcl,pcl
t,t
p,f
eh,eh
er,axr
ih,ix
ae,ae
y,iy
q,q
ao,ao
tcl,tcl
y,y
q,k
r,w
ix,ix
ae,ae
ae,eh
axr,m
kcl,p
dx,dx
ax,l
iy,ix
ix,ow
aa,ao
t,p
p,p
ay,ow
axr,ax
dh,v
ax-h,tcl
s,s
q,q
axr,axr
s,s
aa,aa
ay,ae
kcl,kcl
axr,axr
iy,iy
ch,s
gcl,gcl
th,f
sh,sh
n,n
v,g
k,k
kcl,tcl
t,t
ih,ih
g,g
r,r
f,f
ch,jh
s,s
dcl,y
l,l
t,t
n,n
k,t
ao,aa
s,s
dcl,dcl
g,k
eh,ix
l,l
q,ix
tcl,ix
tcl,tcl
q,q
eh,ix
y,y
iy,iy
r,r
n,n
r,r
ow,axr
jh,ch
pcl,bcl
axr,axr
iy,iy
ah,aa
dcl,dcl
ih,ih
iy,iy
ow,eh
ih,ay
aa,aa
gcl,bcl
w,w
ae,ae
q,q
ae,eh
z,s
s,s
s,s
aw,aw
er,er
aa,aa
g,g
n,n
dx,dx
ah,eh
th,t
dcl,p
ao,ao
d,t
y,ix
v,gcl
bcl,kcl
ey,ey
dcl,q
aa,aa
ae,ey
l,w
n,bcl
tcl,kcl
l,r
dx,dx
ay,aa
y,iy
eh,ey
eh,eh
w,w
q,q
tcl,q
ow,ow
l,l
ow,ow
iy,iy
g,g
iy,iy
kcl,tcl
v,v
ih,ow
y,iy
er,r
gcl,gcl
f,f
er,r
s,th
ih,ih
d,p
n,dx
s,s
ix,ix
pcl,pcl
bcl,dcl
dcl,bcl
s,s
s,s
l,ix
ih,iy
v,dh
ih,ih
b,p
s,s
ao,ow
r,dx
n,m
f,f
w,uh
dh,t
z,s
s,s
k,k
eh,ix
aw,aa
s,s
ux,iy
ey,ey
ux,ux
l,l
q,q
ax,ax
z,z
ix,iy
f,f
f,f
n,n
r,r
m,m
m,m
ao,ao
p,p
dcl,tcl
l,w
uh,ae
r,er
s,t
t,z
kcl,kcl
iy,ey
l,el
l,l
dh,p
r,r
dcl,dcl
b,dx
dx,r
ix,iy
ix,ix
m,n
bcl,bcl
n,n
g,k
f,f
dh,dh
z,z
n,n
tcl,pcl
kcl,kcl
ih,ix
gcl,pcl
ae,ae
axr,axr
ix,ix
kcl,tcl
y,iy
ax,ax
eh,ih
ah,ae
ih,ih
uh,ax
sh,sh
m,n
z,z
g,k
ae,ae
en,n
iy,iy
g,d
axr,r
axr,axr
s,s
n,l
w,w
eh,ih
n,n
n,n
ih,ix
dcl,gcl
t,t
k,k
tcl,tcl
ux,ux
tcl,tcl
f,f
hv,y
ow,ow
w,w
ay,ah
ih,ix
s,s
ae,ae
ah,ao
y,y
w,l
m,m
g,k
kcl,kcl
hv,hv
kcl,kcl
tcl,pcl
r,r
s,s
ng,n
f,f
ey,iy
ix,ix
q,q
p,hh
n,n
pcl,pcl
axr,axr
ow,w
dh,dh
ay,ey
ae,ae
kcl,pcl
ix,ix
tcl,tcl
z,z
ih,ix
ih,ax
r,r
ah,eh
s,sh
l,uh
n,dx
q,q
ix,ix
l,dh
tcl,pcl
n,n
v,bcl
uw,w
gcl,kcl
aa,ay
kcl,tcl
v,f
q,q
axr,ix
kcl,kcl
z,s
q,tcl
ix,ix
t,t
r,r
aa,r
iy,iy
w,w
el,ow
q,q
pcl,pcl
axr,er
dcl,pcl
iy,iy
y,y
ao,ao
tcl,kcl
m,m
ix,ix
d,d
ay,ae
oy,ao
uh,uh
ih,iy
w,w
ng,n
dh,pcl
w,w
tcl,tcl
hh,dh
ae,ae
ay,ay
axr,axr
tcl,pcl
tcl,tcl
axr,ix
q,q
uw,w
dx,dx
aa,r
aa,aa
ih,ih
th,v
em,n
axr,axr
q,q
iy,iy
ae,ae
ey,ey
l,l
ae,ae
m,m
s,z
ng,n
pcl,kcl
n,n
hv,hh
ax,l
hv,ix
aa,ae
sh,s
f,f
dcl,dcl
aa,ao
eh,r
ix,ix
f,f
dh,p
sh,sh
ah,ax
k,kcl
ax,ix
r,r
n,nx
r,axr
iy,iy
ao,aa
l,l
f,f
ao,ow
ao,ao
d,d
k,t
gcl,gcl
n,n
ax,ix
iy,iy
ix,ae
jh,jh
ng,n
kcl,kcl
tcl,kcl
r,r
aa,ae
r,r
el,q
r,r
iy,ix
ux,ux
q,q
r,r
iy,iy
ae,ae
z,z
p,p
dh,n
p,t
ih,ix
oy,ao
bcl,n
dh,dcl
iy,iy
s,s
ix,iy
ih,ix
axr,ix
eh,r
en,n
r,r
ix,dh
r,w
sh,sh
iy,iy
p,p
axr,r
ao,q
kcl,kcl
aa,ao
t,t
v,v
ay,aa
q,q
d,t
ux,ux
ey,eh
sh,sh
ay,ay
tcl,kcl
f,f
ao,ao
ah,ah
eh,eh
kcl,kcl
tcl,tcl
q,q
ey,ey
z,z
iy,iy
iy,iy
ao,r
oy,oy
kcl,pcl
dcl,dcl
eh,ih
ix,ix
ay,eh
eh,eh
aa,aa
ix,r
m,n
l,l
v,f
iy,iy
kcl,kcl
dcl,dcl
ah,aa
ay,ay
tcl,tcl
ix,iy
ow,ow
kcl,kcl
iy,ux
eh,ae
ih,ih
sh,sh
r,r
dcl,dcl
m,m
dx,dcl
bcl,bcl
tcl,dcl
ch,t
t,t
dx,dx
ah,r
ae,ae
g,g
t,d
bcl,bcl
th,dh
eh,ah
er,axr
iy,y
dh,l
axr,axr
r,r
s,s
axr,axr
v,dh
l,ix
m,ng
w,q
aw,ay
z,z
q,q
v,bcl
s,s
sh,t
q,q
ah,ax
el,l
ae,ae
s,s
g,p
z,z
dh,dh
hh,p
pcl,pcl
w,w
kcl,kcl
pcl,kcl
k,k
ax,ax
ix,ix
iy,iy
m,q
s,s
ae,ae
f,f
kcl,pcl
iy,iy
l,w
t,t
ao,ao
tcl,pcl
p,t
n,dcl
n,n
iy,iy
s,s
tcl,dcl
aa,aa
hh,p
k,k
n,n
uh,ah
ih,ih
k,t
p,p
hv,ix
axr,r
w,w
eh,eh
l,el
dcl,bcl
dcl,dcl
f,dh
axr,ix
m,m
iy,iy
n,n
en,m
kcl,kcl
v,v
ay,ay
n,n
uh,ow
oy,oy
iy,ey
ix,iy
iy,iy
er,r
ix,ix
ih,ih
kcl,kcl
ao,ao
q,q
ay,ay
iy,iy
axr,r
kcl,tcl
q,q
dx,n
v,v
w,w
l,l
eh,q
eh,ih
th,f
s,s
l,l
v,dx
z,s
gcl,dcl
z,z
sh,sh
ix,eh
em,ax
l,l
w,el
ao,ao
k,k
axr,iy
m,n
kcl,p
w,w
l,l
r,r
ao,ae
dcl,tcl
kcl,kcl
eh,l
y,iy
ih,ih
pcl,tcl
ix,eh
ih,ey
tcl,kcl
m,m
dcl,kcl
n,n
m,ux
w,w
dcl,dcl
r,r
ow,eh
tcl,tcl
s,s
s,s
ah,r
axr,axr
s,s
ix,ix
zh,jh
bcl,bcl
f,th
ao,ao
q,iy
t,t
dcl,dcl
ey,ae
s,s
n,bcl
ae,ae
ix,ix
tcl,tcl
dcl,tcl
z,z
s,s
tcl,tcl
n,n
iy,iy
n,n
z,s
tcl,tcl
ix,ux
ey,r
k,t
jh,t
tcl,tcl
dcl,dcl
kcl,kcl
n,n
k,tcl
eh,axr
pcl,tcl
l,w
ao,el
ay,aa
eh,ao
r,axr
ih,ix
l,l
ay,ay
ow,l
r,r
f,f
kcl,kcl
tcl,tcl
p,p
z,jh
s,s
bcl,pcl
s,s
n,n
ah,aa
y,iy
ao,ao
er,er
dh,dcl
s,s
axr,ix
s,s
ih,ix
ux,ux
ux,ux
r,axr
dh,dh
ao,ow
r,r
aa,aa
v,pcl
aa,aa
dx,r
iy,iy
y,ix
s,z
jh,jh
kcl,kcl
n,n
m,m
w,l
ae,eh
m,n
iy,iy
s,s
v,v
s,s
ih,iy
axr,eh
s,s
ay,ay
ay,ay
ey,ey
t,t
ix,r
gcl,dcl
w,w
ih,ix
v,d
w,ng
eh,eh
ch,sh
n,n
ix,ax
ao,ow
m,n
dcl,dcl
iy,ey
ih,ih
ae,ae
ih,ax
kcl,tcl
ah,ah
z,z
bcl,bcl
ax,ix
ix,ix
r,r
aa,aa
el,uw
r,r
ih,ih
k,t
uw,uw
dh,t
k,k
n,n
ux,ux
f,f
ay,aw
eh,oy
el,ng
p,p
eh,ah
l,q
ae,ae
w,w
kcl,kcl
oy,ow
k,k
ah,eh
m,m
axr,er
s,s
q,k
bcl,tcl
l,l
r,ix
s,z
ao,ao
s,t
s,s
ix,ix
ax,w
dh,bcl
r,r
aw,aw
ae,ae
ah,l
eh,eh
dcl,dcl
ax-h,v
t,t
dh,dh
q,p
ax,v
pcl,pcl
ao,ao
tcl,kcl
s,s
axr,ix
eh,eh
ix,ix
l,l
w,w
sh,s
er,er
f,sh
ix,ix
ae,ae
bcl,bcl
n,n
l,l
ng,n
ae,ae
eh,ih
l,ax
k,sh
jh,jh
p,dh
p,t
p,hh
ih,ih
axr,axr
ix,ix
q,q
z,z
ae,ae
d,y
ux,ux
l,q
ax,ax
ih,ix
ey,ix
tcl,tcl
ax-h,en
l,el
sh,sh
dcl,jh
el,l
ix,ix
ah,ix
aa,aa
w,ao
gcl,pcl
s,s
ux,ih
ux,uw
ay,ay
r,ax
g,k
p,t
ao,ay
b,dh
l,el
eh,ao
r,w
s,s
ao,ao
z,t
ax-h,ix
tcl,kcl
ih,ng
r,r
m,m
tcl,tcl
g,p
ae,ae
r,w
w,w
ae,ae
m,m
r,r
kcl,tcl
r,eh
er,r
v,dh
gcl,tcl
bcl,bcl
hv,hv
t,t
aa,aw
tcl,tcl
ao,aa
dh,dh
s,s
v,v
ao,aa
uh,ux
iy,iy
k,sh
t,t
tcl,kcl
m,n
ix,ix
ey,ih
y,iy
s,s
f,f
n,n
s,s
n,l
aw,aa
el,l
pcl,pcl
oy,oy
axr,axr
el,q
z,z
zh,jh
iy,iy
w,w
ih,ix
ng,n
g,ix
axr,r
w,w
tcl,pcl
ix,ix
iy,iy
p,dh
ih,ih
m,m
ae,eh
s,z
eh,l
kcl,tcl
tcl,tcl
n,n
dx,dx
m,ax
n,n
l,ax
ih,iy
y,q
ae,ae
axr,axr
t,d
l,w
dcl,dcl
ux,ux
eh,ae
z,sh
dx,dx
v,v
ao,ao
ix,ah
v,v
z,s
m,ng
kcl,tcl
sh,sh
z,z
w,w
sh,sh
v,d
v,ix
kcl,kcl
ae,ae
th,s
v,w
axr,axr
r,r
dcl,bcl
k,k
m,m
t,t
dh,v
ng,ng
aa,aa
ih,ey
bcl,bcl
n,n
ax,ax
s,s
q,q
aw,ao
dh,dh
p,p
tcl,tcl
kcl,pcl
s,s
bcl,pcl
ih,ix
ix,ey
p,p
t,s
s,s
kcl,pcl
ae,ae
ae,ae
r,r
v,ix
s,s
aa,ah
iy,iy
axr,axr
tcl,tcl
s,s
n,n
oy,ax
dx,dcl
eh,eh
y,iy
n,n
ey,ih
r,ix
f,f
dcl,bcl
ay,ix
gcl,kcl
ae,ae
iy,iy
s,s
ux,ux
m,m
s,s
r,r
ae,ae
m,n
l,l
ow,ow
ey,ey
ow,ow
pcl,pcl
ix,iy
z,s
dcl,dcl
l,w
kcl,tcl
axr,axr
ix,ix
p,t
l,v
eh,eh
axr,axr
jh,jh
gcl,bcl
ih,ah
iy,iy
n,n
v,v
l,l
z,s
s,s
ih,ae
ih,ih
f,f
ix,ix
z,z
p,p
kcl,tcl
ix,ix
ch,t
ah,aa
s,z
m,m
dh,v
f,f
en,n
ah,l
tcl,k
s,f
iy,iy
ae,eh
y,y
n,n
axr,axr
p,p
ae,eh
s,s
en,m
ix,ix
ao,ao
ih,ih
r,r
p,f
n,m
l,l
dcl,dcl
m,n
ao,ao
sh,s
ay,ae
ey,ey
ih,ah
l,el
r,r
hh,p
ah,ah
ao,ao
q,q
ih,ih
ix,ix
bcl,bcl
eh,ix
l,l
kcl,kcl
r,r
ix,ix
dh,dh
ey,iy
ih,ey
bcl,pcl
ax,ix
ay,ay
ow,ah
ah,ao
l,l
jh,jh
k,d
sh,sh
aa,ae
ih,ix
n,m
ah,oy
ah,ao
w,w
oy,ay
iy,ey
iy,iy
s,s
v,dh
r,r
axr,r
m,n
ix,ix
l,l
dx,ix
dcl,dcl
ix,ix
r,r
l,l
s,s
w,w
r,r
kcl,kcl
n,n
l,l
w,uh
k,k
w,w
m,m
r,r
ah,ah
f,f
s,s
bcl,bcl
iy,iy
l,ah
dcl,dcl
pcl,tcl
q,q
ng,n
dh,ax
axr,axr
n,n
ih,ih
eh,eh
jh,t
ix,ix
ix,r
tcl,kcl
r,r
ao,ao
n,en
r,r
iy,iy
k,kcl
bcl,pcl
ao,ao
ix,ix
axr,axr
n,n
kcl,tcl
dx,p
ey,eh
ao,aa
r,r
ao,ao
l,l
n,n
kcl,kcl
aa,aa
t,k
n,n
ao,w
ah,ah
ao,aa
m,tcl
iy,ix
r,r
m,m
r,axr
r,r
n,n
tcl,tcl
l,el
ux,iy
ah,axr
f,t
tcl,kcl
n,n
y,iy
q,q
gcl,dcl
dh,dh
ux,y
q,ix
ix,ix
p,p
ey,iy
jh,jh
p,p
l,l
k,p
g,k
iy,iy
n,n
f,f
ix,iy
m,m
k,t
ow,el
w,w
kcl,kcl
kcl,tcl
ix,ix
n,n
s,s
er,ih
r,r
m,en
r,r
dcl,dcl
l,l
en,n
k,k
ey,ey
ay,ay
axr,r
kcl,tcl
k,t
s,s
eh,eh
kcl,tcl
pcl,pcl
p,t
q,bcl
ux,iy
ow,el
t,t
tcl,tcl
ow,ao
s,s
sh,sh
t,t
n,bcl
pcl,kcl
uw,w
bcl,bcl
r,r
ay,aa
sh,sh
ng,n
k,g
s,s
gcl,y
z,z
gcl,gcl
ow,ow
v,r
ae,ae
q,q
k,t
ae,ae
ey,ey
bcl,bcl
l,r
dh,ix
ay,ay
k,d
m,n
z,s
ax,ix
s,s
kcl,kcl
iy,ix
aw,ae
tcl,dcl
kcl,kcl
iy,iy
s,z
r,r
t,t
g,g
en,n
iy,n
r,r
p,t
kcl,tcl
ae,ae
n,n
axr,axr
aa,eh
kcl,kcl
l,l
f,th
r,r
dcl,dcl
k,d
ay,ay
jh,sh
z,z
k,t
ae,eh
ng,m
dcl,dcl
kcl,kcl
n,n
ah,ae
aa,ow
ih,iy
axr,er
eh,ix
k,k
t,t
kcl,tcl
aa,ah
w,w
er,aa
ey,eh
z,z
r,r
s,s
sh,sh
ey,ey
er,er
eh,eh
kcl,pcl
l,l
ih,ih
t,p
t,jh
s,s
ix,ix
tcl,tcl
hv,iy
ih,ix
ih,ih
v,tcl
dh,p
dx,ix
l,l
r,r
dcl,bcl
ay,aa
r,r
z,z
ix,ix
sh,sh
axr,r
l,w
s,s
m,n
t,t
t,p
n,n
ey,ey
aa,aa
aa,ao
th,th
n,n
k,t
aa,ah
ix,ix
axr,axr
l,q
hv,axr
s,s
l,l
ix,ix
r,r
aa,ao
ux,ux
ix,d
l,q
tcl,tcl
w,w
tcl,pcl
r,r
m,m
dx,kcl
ix,ix
ay,ay
bcl,n
iy,iy
sh,sh
ah,eh
ao,ay
ux,ux
ng,ng
k,k
ao,ow
aa,aa
m,n
r,axr
ih,iy
l,n
l,r
axr,r
r,r
bcl,bcl
kcl,kcl
ow,ow
t,d
tcl,tcl
p,p
ix,ix
m,m
ax,ix
s,s
iy,iy
r,w
m,n
aa,aa
tcl,kcl
pcl,kcl
ao,ao
gcl,gcl
s,s
s,s
p,p
r,r
ix,ix
ae,ae
tcl,tcl
r,r
sh,ch
y,iy
er,axr
p,p
aa,ao
ay,ay
w,v
eh,eh
r,r
ay,ay
oy,oy
iy,iy
q,l
n,n
l,l
s,s
ae,ih
ax,r
l,l
r,r
ix,ix
bcl,bcl
ax,ah
aa,r
ng,ng
v,bcl
axr,axr
m,bcl
n,n
l,l
r,r
ng,n
s,s
ax,w
n,n
em,en
ae,ae
s,s
s,s
pcl,pcl
kcl,pcl
dcl,dcl
ao,ao
iy,iy
er,axr
l,l
w,w
bcl,bcl
el,el
hh,q
ux,ux
p,tcl
dh,t
hh,hh
n,n
n,n
iy,iy
ix,ix
tcl,pcl
ae,ae
iy,iy
eh,eh
q,q
w,q
ix,ix
p,p
m,m
s,s
ih,ih
kcl,kcl
r,y
er,eh
gcl,gcl
ey,ey
ax,ix
ng,n
uw,w
d,d
ae,ae
m,m
ix,ix
pcl,kcl
n,dcl
dcl,dcl
ey,q
t,t
er,er
r,r
ae,ae
em,bcl
m,n
f,f
r,r
ng,n
ix,ix
uh,ow
n,m
n,n
w,w
aa,ow
iy,iy
ax,ax
w,w
iy,iy
ay,ae
eh,ih
aa,ao
s,s
r,r
n,n
tcl,kcl
aw,ae
dx,dx
eh,ix
sh,sh
tcl,dcl
z,z
th,f
r,ux
ax,ax
eh,ih
aa,ow
s,sh
iy,iy
t,p
n,n
ay,ae
ix,ix
sh,sh
aa,aa
dcl,tcl
el,el
ae,ae
iy,iy
ay,ay
ix,ix
gcl,gcl
ix,ix
z,z
ih,ey
hv,hv
iy,iy
n,n
n,n
aw,ae
n,m
r,er
sh,sh
s,s
m,m
gcl,dcl
ax,ax
t,t
ix,ix
jh,t
th,f
ix,ix
kcl,tcl
en,n
ae,ae
gcl,bcl
axr,axr
aa,aw
s,s
s,sh
n,ix
ih,ah
n,n
z,z
kcl,pcl
kcl,kcl
d,z
s,s
el,l
ao,aa
ih,iy
g,k
g,g
el,el
ih,ix
axr,r
aa,aa
dx,dcl
s,s
ih,ih
ae,ae
ow,ow
ch,sh
z,z
s,z
ix,ey
l,l
kcl,kcl
k,k
l,q
w,w
iy,iy
th,dh
s,s
ah,aa
ch,ch
r,r
ow,ao
ay,ae
ix,ih
l,q
s,s
s,t
ay,ay
t,t
ae,ae
z,z
axr,ao
iy,iy
dh,dx
dx,dx
w,l
q,q
r,r
ix,dx
axr,axr
ih,ax
ih,iy
ao,ao
ax,ax
tcl,tcl
dcl,dcl
ey,ey
r,ah
ix,ix
el,el
ix,ix
bcl,bcl
bcl,bcl
er,axr
q,ah
l,r
ax,ax
w,w
t,t
th,f
r,r
er,ao
y,y
r,r
t,t
bcl,bcl
axr,axr
r,r
ao,axr
dcl,pcl
ax,ax
l,ax
q,q
ae,ae
f,f
dh,dh
t,k
v,v
p,k
r,r
t,t
er,er
ih,ih
n,n
l,ax
ah,ax
bcl,ax
q,q
r,r
ah,ix
tcl,tcl
p,p
dcl,dcl
kcl,kcl
ae,ae
dcl,gcl
axr,ih
ix,ix
dcl,dcl
f,dh
r,r
dx,tcl
iy,ih
s,s
s,s
l,l
z,z
jh,t
ah,ey
ix,ih
w,w
ih,ah
t,f
w,w
hv,ix
ao,ao
dcl,dcl
r,r
dh,gcl
ix,ix
l,l
ng,n
n,n
dcl,dcl
ih,r
ow,ow
r,r
ax,ax
r,r
kcl,pcl
tcl,tcl
ao,aa
l,w
ah,ax
ae,ae
s,s
aw,ae
ix,ix
er,er
sh,sh
ux,ux
gcl,dcl
dcl,n
n,n
ay,ay
v,dx
ow,ow
l,l
r,r
ay,ah
s,s
kcl,pcl
axr,axr
ih,y
ey,ey
w,m
eh,eh
k,k
ux,ix
k,t
l,l
t,k
l,l
ax,ax
ih,ix
hh,p
ix,ix
ix,ix
b,p
ih,ix
iy,iy
sh,sh
kcl,tcl
iy,ih
k,t
axr,ix
n,n
kcl,kcl
er,er
k,k
dh,dh
iy,iy
n,n
w,w
ae,ae
eh,ih
iy,iy
sh,sh
kcl,kcl
ih,ey
t,t
dcl,bcl
m,n
ix,ix
k,k
l,q
oy,oy
r,r
hv,n
gcl,q
r,r
ax,ax
w,ao
f,f
axr,axr
r,r
m,m
dcl,tcl
dh,ix
aa,ao
s,s
ix,ux
n,n
pcl,bcl
ae,ae
q,q
ux,ux
eh,ux
t,k
g,p
ey,ih
m,ix
jh,g
dx,ix
s,s
z,z
l,q
er,axr
f,f
ih,ix
aa,aa
ao,ao
ix,ih
ey,ey
ng,ng
ix,ix
q,q
s,s
er,er
r,r
m,n
l,w
iy,ix
s,s
iy,ix
tcl,tcl
aa,aa
l,m
p,t
ao,ao
l,q
n,n
v,v
bcl,bcl
ix,ix
zh,sh
q,ix
pcl,pcl
ao,ow
uw,uw
dcl,tcl
d,b
n,n
l,l
t,t
ix,ix
ah,aa
ax,ax
k,k
ix,ix
kcl,kcl
eh,eh
v,dcl
dcl,dcl
s,s
pcl,gcl
z,s
m,m
s,s
dh,ax
s,s
s,z
dcl,dx
n,m
bcl,dcl
l,l
ax-h,z
ix,ix
iy,iy
ix,ix
iy,iy
ix,ih
axr,axr
n,n
ih,ih
ix,ix
m,n
s,s
k,k
ae,ae
tcl,dcl
ah,ae
ix,ix
hv,y
dcl,dcl
y,q
t,t
n,bcl
el,l
f,f
ux,ux
ay,ay
dcl,dcl
w,w
ix,eh
ih,ix
ax,l
ix,gcl
gcl,bcl
dh,p
dcl,bcl
tcl,pcl
z,z
l,l
ih,ah
ix,ey
ih,l
ax,w
l,el
r,r
tcl,tcl
q,q
bcl,bcl
ix,ix
kcl,pcl
g,g
g,g
en,n
n,dcl
k,k
ix,ix
ae,ae
q,q
r,r
w,l
n,n
t,d
s,s
ax,ax
y,y
ay,ae
dx,ax
tcl,kcl
ae,ah
s,s
ay,ae
pcl,tcl
uh,ax
w,w
er,er
s,s
oy,r
r,r
sh,sh
uh,ow
axr,ae
iy,iy
t,t
ix,ix
t,t
l,l
l,w
t,t
l,l
ix,iy
r,ah
gcl,gcl
ae,ax
w,q
w,w
eh,r
k,t
m,m
eh,eh
ng,ng
axr,r
ix,ix
eh,eh
ae,ae
k,k
ix,ix
n,m
kcl,kcl
t,k
g,dx
v,v
ux,ux
tcl,pcl
y,iy
f,t
m,n
r,w
m,n
ay,ae
gcl,kcl
ah,ix
axr,ux
axr,axr
ay,aa
gcl,dcl
ow,ow
axr,r
ix,ix
k,k
s,s
z,s
l,l
ae,ae
v,bcl
dcl,dcl
el,el
l,l
eh,eh
pcl,kcl
nx,ix
s,s
m,m
kcl,kcl
hv,hh
ix,ix
iy,iy
l,l
ae,ae
f,f
l,l
tcl,tcl
dh,ix
f,f
ah,ae
k,p
kcl,tcl
w,w
ey,ay
hv,hv
ao,ay
ix,l
ao,ow
n,n
iy,iy
ao,ah
ix,ix
t,tcl
k,k
gcl,n
ux,ux
w,w
kcl,kcl
kcl,pcl
kcl,kcl
sh,sh
m,n
ax,v
q,q
dcl,dcl
bcl,dcl
p,p
ah,ae
dh,d
ey,ey
n,n
ae,ae
jh,ch
z,z
l,l
ow,l
iy,iy
n,n
ih,iy
r,axr
ih,iy
f,f
s,s
d,g
t,t
ih,ey
bcl,bcl
ay,aa
axr,er
s,s
aa,axr
ix,ix
w,w
r,r
jh,jh
k,k
l,l
ix,iy
ae,ae
l,l
aa,l
hh,p
zh,z
bcl,tcl
n,n
dcl,v
y,iy
l,l
ih,ih
s,s
kcl,pcl
p,p
g,k
ix,ix
l,l
t,t
q,q
bcl,bcl
ix,ih
l,ax
tcl,dcl
n,n
axr,axr
n,n
ae,ae
kcl,pcl
ax,ax
pcl,v
n,m
aa,ao
tcl,tcl
ae,aa
ey,ey
n,n
aa,aa
ax,ax
s,s
m,n
m,m
q,q
nx,ix
ih,ih
r,r
er,er
ax,ax
dh,v
y,jh
dcl,dcl
k,g
ae,ae
m,m
aa,ah
dcl,dcl
z,z
eh,iy
ng,n
kcl,q
k,k
k,k
axr,eh
dh,th
dcl,bcl
ey,r
aa,ae
tcl,pcl
iy,iy
dh,bcl
iy,iy
dcl,dcl
tcl,tcl
r,r
k,k
kcl,gcl
ih,ih
iy,eh
jh,t
r,ow
r,l
l,w
d,q
n,v
uw,ow
ix,ix
n,n
er,er
z,s
v,v
nx,dx
r,r
axr,axr
kcl,tcl
tcl,kcl
q,q
n,n
axr,axr
dcl,dcl
t,f
ah,ah
axr,axr
ah,ix
q,ix
dx,dcl
ae,ae
ae,ae
iy,ey
tcl,dh
ao,aa
ix,ix
dh,t
dx,y
r,r
w,w
ix,ih
ix,ix
l,uw
r,r
aw,aa
y,y
r,w
er,r
m,m
r,r
ch,t
l,el
k,k
r,r
ix,dx
dcl,dcl
g,g
r,r
aa,aa
tcl,tcl
el,ao
n,n
l,el
dcl,dcl
g,dx
b,dh
axr,r
ch,sh
iy,iy
p,p
kcl,kcl
ix,ix
ih,ih
k,p
r,r
tcl,bcl
ae,ae
s,s
ix,ix
w,w
ix,ix
dcl,dcl
l,l
ah,r
s,s
bcl,n
gcl,gcl
z,z
dh,dh
ax,ax
ix,ix
axr,axr
r,axr
d,d
r,r
gcl,gcl
w,w
z,z
g,k
ao,ao
p,p
tcl,pcl
ix,z
ae,ae
m,n
r,r
s,s
kcl,tcl
oy,ow
dcl,tcl
hh,hh
kcl,tcl
r,r
ix,ix
dcl,ax
n,n
ix,ix
er,er
s,s
d,d
l,w
r,axr
ao,ao
w,w
f,f
p,k
dcl,dcl
ix,ix
dcl,pcl
iy,iy
tcl,tcl
f,f
tcl,kcl
n,n
m,bcl
m,ix
ax-h,p
pcl,pcl
dh,dh
dcl,dx
s,s
m,n
dcl,tcl
tcl,pcl
pcl,pcl
m,m
er,eh
r,r
l,ax
ix,ih
ao,w
ax,eh
ix,ix
f,f
ix,ix
g,d
l,ax
ix,ix
l,l
uw,uw
ix,ix
v,v
ih,ih
n,n
ih,iy
axr,er
p,k
q,q
kcl,kcl
axr,axr
ae,iy
jh,jh
ix,ix
y,ix
ax,el
bcl,bcl
s,s
ng,n
k,t
ow,ao
ix,ix
ix,ix
y,y
bcl,bcl
w,w
dcl,dcl
f,sh
z,z
ao,ao
l,l
ih,ih
axr,axr
ch,sh
ax,ax
z,z
ax,ax
bcl,bcl
ow,ow
gcl,gcl
m,nx
f,f
ih,ih
r,r
iy,iy
v,v
z,sh
m,m
r,r
s,s
ax,ix
ix,ix
eh,eh
r,eh
m,n
dcl,dx
ix,ix
k,k
tcl,tcl
g,dx
ay,ay
el,el
p,k
kcl,tcl
ux,ux
jh,jh
th,f
dcl,dcl
y,iy
w,w
iy,ux
ae,eh
iy,iy
s,s
q,iy
s,s
aw,ah
s,s
eh,r
dcl,dcl
er,er
k,t
ah,ae
aa,r
axr,r
ay,ey
eh,eh
s,s
d,p
iy,iy
l,l
r,ix
pcl,bcl
ow,ao
ix,ix
dcl,dcl
dx,p
s,s
ax,ax
ix,ix
sh,sh
s,s
f,f
nx,dx
q,q
tcl,kcl
ux,ey
axr,axr
m,n
p,p
dx,r
hv,ix
bcl,bcl
ey,ey
r,r
ih,ow
ae,ae
s,s
iy,iy
z,s
ix,eh
q,q
s,z
hv,k
ix,ix
bcl,pcl
p,d
en,v
nx,n
bcl,bcl
ay,ay
d,jh
iy,iy
r,r
ae,eh
bcl,dcl
r,r
k,t
sh,sh
ey,ey
sh,sh
uw,uw
dcl,tcl
ah,l
z,z
f,f
n,n
tcl,pcl
ih,iy
k,k
ah,ae
k,p
s,s
z,z
iy,iy
ih,ow
p,d
dcl,pcl
k,k
iy,iy
uw,axr
ao,ao
iy,iy
s,s
bcl,bcl
s,z
d,t
s,s
kcl,tcl
r,axr
hh,p
w,w
l,q
ax,ax
q,q
axr,ux
g,k
iy,iy
eh,ih
uh,ih
ow,ow
z,z
bcl,bcl
q,q
v,dh
ih,ix
ix,eh
bcl,pcl
ao,ao
tcl,pcl
sh,sh
l,l
ae,ae
bcl,tcl
tcl,pcl
bcl,bcl
ix,ix
ay,aa
sh,sh
ng,tcl
aw,aa
ao,ae
s,s
l,w
kcl,pcl
ix,ix
ae,ae
r,q
dcl,dcl
n,n
ae,ae
dx,dx
dx,dx
ix,ix
z,z
k,k
iy,iy
tcl,tcl
d,t
iy,ey
n,n
s,z
ix,ax
ae,ae
r,r
er,r
eh,eh
el,el
ae,ae
ix,ix
nx,ix
en,iy
eh,ih
f,f
eh,eh
s,s
sh,f
r,ax
pcl,tcl
eh,ix
ix,dh
n,dx
v,v
hv,p
r,r
bcl,bcl
ix,eh
s,s
ao,ao
dx,gcl
el,l
z,s
iy,ix
ih,ih
ix,ix
ng,ng
hv,iy
s,s
p,t
s,s
hh,hv
ay,ay
r,r
hh,hh
ey,ae
s,s
q,q
ih,ih
l,w
q,q
kcl,kcl
ao,ao
z,z
kcl,tcl
er,eh
f,hh
jh,jh
ae,ae
n,ix
p,p
iy,iy
ux,ux
s,s
kcl,gcl
iy,iy
ao,ao
l,l
sh,sh
jh,z
r,r
dh,n
pcl,kcl
t,t
ix,ix
axr,axr
s,s
ow,ow
r,r
s,s
tcl,pcl
ch,t
n,m
er,axr
ih,eh
eh,er
aa,ao
iy,iy
ih,ih
l,l
z,z
ih,ih
dx,dx
eh,ao
aa,r
hv,hv
ax,ax
r,r
ao,ao
s,s
y,d
g,k
ux,ux
n,n
ix,eh
k,t
q,q
eh,eh
p,t
ix,ix
t,t
pcl,pcl
m,n
l,l
ix,ix
g,d
ah,ax
pcl,pcl
l,ax
axr,ix
ah,ay
z,s
eh,eh
eh,ix
ix,ix
g,g
n,q
iy,iy
ch,t
l,l
q,q
ow,ow
ae,ae
p,t
ax,ax
ih,ix
ix,ix
ey,ih
hv,hv
dcl,dcl
dh,v
ae,ae
sh,sh
n,n
n,n
g,k
ih,ih
dh,n
m,n
hh,hh
tcl,kcl
ao,ao
ax,ax
oy,oy
axr,axr
tcl,n
ng,ux
iy,iy
pcl,pcl
ix,iy
ay,ay
dh,z
gcl,dcl
k,p
y,ng
ux,ix
r,ix
ix,ix
er,er
g,k
l,l
iy,ix
z,z
aa,aa
axr,ih
k,t
aa,aa
f,f
m,n
n,n
ng,ng
l,l
iy,iy
dcl,bcl
r,r
eh,eh
l,r
r,r
z,s
ix,ix
s,s
q,q
l,w
k,k
iy,iy
n,dcl
oy,oy
eh,eh
f,f
p,dh
ao,ao
ow,q
er,er
tcl,bcl
ax,ix
dcl,dcl
w,w
s,s
l,el
ux,ux
p,f
gcl,gcl
k,k
r,r
iy,iy
n,n
tcl,gcl
iy,iy
tcl,tcl
sh,sh
s,s
n,n
v,dcl
ux,iy
k,k
s,s
ix,n
ae,ae
r,axr
er,er
v,f
s,s
sh,sh
tcl,tcl
ix,ix
ch,ch
kcl,kcl
kcl,tcl
aa,aa
t,t
iy,iy
oy,aa
z,z
ah,axr
ux,ix
dcl,kcl
ah,ae
ih,iy
iy,iy
t,p
el,el
sh,sh
ae,ae
kcl,pcl
n,n
kcl,kcl
s,sh
t,t
dx,dx
m,n
ih,ux
d,ix
m,m
pcl,pcl
p,hh
d,d
v,v
ay,ay
l,l
el,el
p,t
gcl,gcl
l,l
f,f
ix,ix
w,w
l,ao
t,p
kcl,tcl
ae,ae
n,q
dcl,dcl
q,q
dh,dh
m,m
kcl,kcl
er,eh
z,s
k,k
kcl,pcl
v,q
k,k
ix,ix
axr,ux
r,r
dh,v
ax-h,q
kcl,pcl
n,w
r,axr
ux,ix
oy,ao
axr,axr
d,t
n,n
tcl,tcl
eh,eh
sh,sh
ae,ae
s,s
r,r
k,k
y,ix
n,ix
kcl,kcl
hv,hh
pcl,pcl
k,k
ay,ao
iy,ix
uh,ix
v,v
s,s
aa,ao
bcl,bcl
k,k
v,v
w,w
l,l
k,k
ow,ih
ix,q
ay,ae
er,r
hh,p
k,t
ey,ey
l,l
dcl,bcl
axr,r
ay,ae
dcl,dcl
ix,ix
dx,dh
n,n
kcl,kcl
z,z
k,k
dcl,pcl
pcl,bcl
s,s
kcl,kcl
th,z
ae,ae
ey,ey
ae,ae
ao,w
er,r
iy,iy
kcl,kcl
ah,ix
ah,ah
s,s
ah,ax
axr,ae
r,axr
ih,iy
ix,ix
tcl,kcl
iy,ih
eh,eh
n,n
dcl,dcl
aa,aa
dh,m
l,l
t,t
ae,ae
k,p
n,v
t,dcl
iy,iy
m,n
n,n
aa,ow
ao,ao
r,r
tcl,dcl
l,ix
t,t
kcl,tcl
l,w
tcl,tcl
pcl,pcl
z,z
ow,ao
ao,ao
kcl,kcl
t,t
iy,iy
axr,axr
ax,ix
ix,ix
l,ax
z,s
w,w
ao,ao
ix,ix
s,s
z,z
l,l
axr,r
er,er
ao,ao
hv,k
n,n
t,t
iy,iy
pcl,tcl
f,f
eh,ix
dh,n
r,eh
jh,sh
aa,aa
eh,eh
ow,ow
r,r
pcl,kcl
z,z
l,l
q,q
w,l
kcl,tcl
ih,ix
ax,ax
ao,ow
r,bcl
axr,axr
ax,ix
axr,ix
ix,iy
iy,y
ow,ow
dcl,dcl
iy,iy
ih,iy
pcl,pcl
gcl,bcl
q,q
iy,ix
b,b
kcl,tcl
kcl,kcl
kcl,gcl
r,r
s,s
axr,axr
axr,axr
hv,y
ux,iy
ow,ow
r,r
s,s
q,en
eh,ae
ch,s
axr,ih
ix,ix
kcl,kcl
ae,ey
ix,ix
w,r
ch,sh
ax,l
r,r
r,ah
kcl,pcl
q,q
hv,hv
r,r
tcl,tcl
ax,ax
r,r
th,f
l,l
ae,ae
sh,sh
gcl,gcl
aa,ix
ey,ey
f,f
ih,ix
nx,n
n,dx
kcl,tcl
k,k
ix,ix
f,f
l,ax
dcl,dcl
v,v
n,n
k,k
ix,iy
gcl,dcl
iy,iy
tcl,kcl
gcl,bcl
kcl,kcl
s,s
ao,ow
aa,ow
en,n
gcl,dcl
ux,ow
l,l
kcl,dcl
dx,p
ih,ih
s,s
m,m
v,v
q,q
kcl,tcl
r,r
ey,ey
tcl,tcl
ix,ix
s,s
ao,aa
axr,r
ah,ao
s,s
kcl,tcl
bcl,bcl
l,w
gcl,pcl
r,r
ax,ax
ax-h,dcl
ix,ix
ih,ih
q,q
jh,t
k,p
q,q
g,d
ao,ao
oy,ao
ow,oy
aa,ao
tcl,z
ay,ay
iy,iy
ae,ae
iy,iy
ix,ix
s,s
dx,dh
ao,ao
s,s
dh,dh
w,w
jh,sh
g,p
ih,iy
tcl,tcl
r,r
v,v
v,dh
m,n
ay,ae
ax,v
kcl,kcl
r,axr
s,s
dh,p
ax,ax
ae,ae
k,p
eh,ah
l,l
kcl,kcl
y,iy
n,n
pcl,tcl
ix,iy
uh,el
ao,ao
eh,eh
ax,ix
y,iy
iy,iy
tcl,tcl
kcl,kcl
ix,ux
q,q
eh,ax
s,z
q,w
w,w
ah,r
q,q
r,r
eh,ey
ey,ey
iy,iy
iy,iy
ae,ae
ax,r
n,n
tcl,pcl
axr,axr
ay,ay
tcl,dh
n,n
ey,ey
v,v
ux,iy
t,t
b,dh
ix,iy
ih,ih
aa,ow
axr,axr
l,l
iy,axr
ih,ih
n,n
g,t
oy,oy
aa,aa
axr,ux
ow,ow
ae,ae
s,s
ao,ao
v,tcl
ng,n
kcl,kcl
z,s
q,q
kcl,kcl
axr,axr
g,g
f,f
s,z
ih,ih
r,r
aa,r
n,n
ow,ow
m,m
r,r
l,w
r,jh
tcl,pcl
ah,ah
r,r
oy,ay
dh,dcl
s,s
ah,l
sh,sh
z,z
ao,ao
aw,aw
iy,ix
ch,ch
eh,ow
kcl,kcl
eh,ax
k,k
k,t
en,n
s,s
ix,r
w,w
v,v
aa,aa
r,axr
t,f
f,f
dx,dx
s,s
s,s
ix,ix
n,n
dcl,dcl
ix,ix
ix,ax
kcl,kcl
z,s
ih,ix
axr,r
n,n
ix,ix
l,l
r,ae
ix,ix
r,r
b,dx
l,el
ax,ix
ey,ey
l,ax
ay,ay
v,bcl
ao,ow
v,n
s,s
tcl,tcl
ax,w
s,s
ao,w
pcl,pcl
n,n
ao,aa
ix,ix
iy,iy
er,axr
sh,sh
y,y
gcl,gcl
v,v
k,k
ow,ow
dcl,tcl
axr,axr
pcl,pcl
ix,ix
ax,ix
dx,dx
kcl,kcl
f,s
tcl,kcl
ix,ix
th,pcl
eh,eh
q,q
axr,axr
l,w
ay,ae
ao,ow
tcl,kcl
s,s
dh,dh
aa,ae
r,r
m,m
hv,hv
aa,aw
t,t
ay,ae
n,m
ix,ix
nx,dx
ix,ix
q,q
eh,aa
k,kcl
ux,ux
q,w
m,m
ih,ix
tcl,tcl
sh,s
f,f
hv,hv
hv,ae
s,s
axr,axr
iy,iy
ah,ah
pcl,pcl
tcl,t
aa,eh
ow,ao
ax,ix
iy,iy
kcl,kcl
ix,ih
ae,ae
q,q
s,s
q,y
tcl,pcl
ix,ax
p,k
n,n
eh,ih
kcl,kcl
kcl,kcl
aa,aa
th,s
iy,iy
z,z
hv,y
ah,ah
ae,ae
ae,ae
dx,dx
p,p
s,s
tcl,tcl
n,n
kcl,kcl
dh,f
ix,axr
s,sh
t,t
q,q
s,s
ix,ix
uh,ix
l,l
s,s
ay,ae
gcl,dcl
ux,ux
f,s
p,hh
ix,ix
hv,ix
z,z
l,l
hv,iy
l,l
ae,ae
iy,iy
pcl,pcl
dcl,r
m,ae
dx,jh
f,f
iy,iy
ax,ax
hv,hh
ix,ix
s,s
dh,dh
g,dh
m,m
s,s
ah,ah
s,s
ao,r
dh,l
ih,ax
r,r
dcl,dcl
jh,jh
tcl,tcl
er,ih
ay,ay
ax,q
g,dh
ax,ix
ow,ow
ae,ae
ow,ao
tcl,pcl
nx,n
k,t
ix,ix
f,f
ay,aa
dcl,dcl
r,r
ux,ih
en,n
ae,ae
r,axr
eh,ix
iy,iy
ng,ng
b,p
q,q
eh,eh
r,r
s,s
axr,r
ao,ao
tcl,gcl
k,k
pcl,kcl
aa,ao
dcl,dcl
dcl,dcl
r,r
pcl,pcl
m,m
t,t
iy,ix
g,g
eh,ae
ux,iy
z,z
sh,sh
t,t
t,t
eh,r
p,p
axr,er
iy,ey
pcl,pcl
ax,r
sh,f
s,s
m,m
ao,ao
ix,ix
q,q
z,z
k,g
tcl,tcl
tcl,kcl
l,l
dcl,bcl
ux,iy
k,p
nx,n
ey,ey
ay,ay
q,q
r,r
k,t
aa,aa
r,r
y,y
p,p
s,s
aw,q
v,dx
aa,ay
kcl,kcl
iy,iy
hv,hv
l,l
pcl,pcl
s,s
aa,ao
pcl,pcl
aa,ao
f,f
eh,eh
iy,ih
ae,q
er,ae
th,s
tcl,kcl
m,n
s,s
tcl,kcl
tcl,dcl
ow,ow
sh,sh
v,v
ey,ey
pcl,tcl
s,s
dcl,gcl
axr,ih
dx,dcl
kcl,tcl
r,r
bcl,bcl
ix,ix
s,s
ng,n
eh,eh
er,r
iy,iy
r,r
iy,iy
t,t
ix,ih
s,s
hh,t
eh,eh
kcl,kcl
m,bcl
ah,ae
p,t
en,n
eh,ah
dcl,tcl
th,f
r,r
kcl,tcl
bcl,bcl
v,dcl
m,m
v,v
iy,iy
uh,el
n,n
tcl,dcl
f,f
t,t
r,r
t,t
l,iy
dcl,tcl
ix,ix
s,s
aa,r
dcl,dcl
w,l
axr,ah
w,r
dh,dh
kcl,kcl
ix,ix
l,l
q,q
t,t
r,r
dcl,pcl
dcl,dcl
ay,ay
aa,aa
tcl,tcl
hv,hv
dx,n
tcl,tcl
ey,ey
eh,ix
ah,ix
nx,q
er,er
z,z
iy,iy
r,r
ay,aa
iy,iy
iy,iy
ow,ow
s,s
aa,q
ih,ax
q,ix
kcl,kcl
ao,q
m,n
dx,ix
eh,eh
k,k
tcl,tcl
hv,hv
eh,ih
ow,ow
q,n
d,dx
l,l
r,r
l,m
m,n
p,hh
sh,v
iy,iy
iy,iy
tcl,tcl
ix,ix
f,f
k,k
ao,w
er,er
ah,ow
sh,sh
el,el
r,r
ix,r
g,g
v,v
n,l
ih,ih
l,l
dcl,dcl
r,dx
er,r
w,w
ae,ae
m,m
r,r
pcl,tcl
th,th
dcl,dcl
sh,sh
ao,w
ao,ao
y,y
s,s
ah,ix
f,f
t,t
k,k
l,w
ih,ix
g,k
eh,ih
aa,ae
sh,sh
ow,ow
s,s
dh,dh
p,t
sh,sh
p,p
t,t
r,ix
s,s
r,r
m,n
aa,ao
w,w
er,axr
dcl,dcl
ae,ae
aa,ao
w,w
n,n
pcl,bcl
oy,ey
gcl,bcl
gcl,dcl
z,s
pcl,bcl
y,y
f,f
l,l
r,r
iy,iy
ae,ae
iy,iy
r,r
dcl,tcl
axr,ih
tcl,tcl
iy,iy
g,q
m,m
eh,ae
en,n
n,m
n,n
aa,aa
t,t
iy,iy
ax,ax
n,n
ih,ih
n,n
ey,ey
iy,iy
ng,ng
iy,iy
dh,p
tcl,tcl
iy,iy
n,n
ch,sh
axr,r
v,v
axr,er
iy,iy
axr,axr
ih,ih
r,r
z,z
ao,ao
ax,l
m,m
kcl,kcl
ix,ix
t,t
y,ix
bcl,dcl
k,k
kcl,kcl
axr,aa
ix,ix
ey,ey
m,m
q,q
q,q
er,ux
q,q
ae,eh
ay,aa
m,m
pcl,pcl
v,v
bcl,n
iy,ux
iy,iy
g,k
ux,ux
er,er
iy,iy
n,n
tcl,pcl
t,t
er,eh
dcl,tcl
dh,dcl
hv,ih
dcl,bcl
l,l
ah,ah
l,m
l,l
ng,n
p,s
s,s
q,ax
ae,ae
eh,axr
r,r
v,g
aa,ao
ax,ax
gcl,gcl
s,s
s,s
ah,ow
axr,er
l,l
q,q
nx,n
ih,ih
ao,ao
n,n
m,m
m,n
aa,aa
iy,ey
ix,q
n,n
s,s
ix,ix
q,q
kcl,tcl
n,n
s,s
ih,iy
p,p
iy,iy
dh,p
s,s
iy,ix
l,n
k,p
t,k
ux,ux
m,m
r,r
bcl,bcl
q,q
en,d
s,s
ah,ah
zh,sh
r,v
sh,s
q,q
z,t
q,q
p,t
m,m
iy,iy
r,r
dh,f
iy,ix
ix,ix
ey,ey
ux,iy
ih,ix
k,k
s,s
ix,q
tcl,tcl
r,ix
ao,ao
th,s
pcl,pcl
r,r
gcl,dcl
ix,r
k,k
s,s
ax,ax
ih,iy
ow,ow
w,w
ix,ix
k,p
bcl,bcl
er,er
ax,ax
iy,iy
jh,jh
m,m
ix,ix
tcl,tcl
dcl,dcl
ix,n
m,m
en,n
y,q
axr,r
ao,ao
dcl,dcl
dx,ix
n,n
dcl,n
er,axr
n,n
t,s
s,z
ao,ow
f,f
p,f
l,l
ih,r
z,s
ay,ay
q,ix
ax,ax
f,f
iy,d
iy,iy
r,r
ix,ix
l,ay
p,p
kcl,tcl
kcl,pcl
ng,n
q,q
g,k
q,q
tcl,tcl
r,r
dcl,tcl
eh,eh
m,m
eh,ey
axr,r
iy,iy
bcl,pcl
w,w
r,v
v,v
v,ix
ih,ix
f,f
s,s
l,q
dh,tcl
ix,ix
ix,iy
q,q
bcl,pcl
eh,axr
n,n
f,f
eh,ih
w,w
ng,n
t,p
dcl,dcl
m,m
n,m
r,r
l,l
ux,ux
gcl,gcl
axr,r
z,z
bcl,bcl
p,p
aa,aa
g,k
ow,el
t,hh
ix,ix
aw,ae
n,n
ey,ix
er,r
w,w
iy,ix
y,q
l,l
axr,axr
jh,jh
kcl,tcl
n,en
n,dx
ey,ey
aa,ah
sh,sh
aa,aa
k,t
eh,ax
ao,ah
m,m
axr,r
aa,r
ix,ix
n,n
th,f
ng,ng
k,k
s,s
n,p
jh,jh
iy,iy
l,l
n,n
ae,er
kcl,kcl
nx,n
q,d
r,eh
dcl,dcl
tcl,tcl
ix,ix
v,n
ae,ae
kcl,pcl
s,s
ay,ae
tcl,gcl
n,n
ah,eh
d,d
ux,ux
eh,eh
s,s
r,axr
uw,ux
pcl,pcl
iy,iy
iy,y
s,s
s,s
eh,eh
n,gcl
ah,ow
ow,ow
iy,iy
hv,dx
ay,ae
ey,ey
s,s
ih,iy
q,q
el,el
ay,ay
ih,ih
n,n
s,z
s,s
ux,ux
f,f
ae,eh
eh,ae
s,s
eh,r
ow,eh
axr,r
kcl,pcl
er,er
el,r
bcl,pcl
gcl,dcl
hv,hv
n,n
pcl,pcl
ix,q
pcl,pcl
s,s
ae,ae
s,s
r,r
z,z
pcl,pcl
s,sh
m,m
q,q
l,l
iy,iy
n,n
gcl,kcl
z,z
kcl,kcl
ey,ey
tcl,tcl
er,axr
dcl,gcl
s,s
q,q
dh,p
hh,hh
iy,r
ey,ih
n,n
pcl,pcl
l,ax
ix,ix
eh,eh
s,s
ae,ae
ih,ix
ae,ae
l,l
m,m
ih,ih
er,er
dcl,tcl
n,n
ax,ax
ah,ah
gcl,n
tcl,tcl
l,l
l,l
hv,ix
d,t
w,w
z,t
s,s
pcl,pcl
iy,ey
ax,ix
th,s
n,n
gcl,dcl
dh,dh
er,axr
gcl,gcl
r,iy
dh,dh
ix,ix
bcl,tcl
kcl,kcl
l,l
ix,iy
tcl,tcl
g,g
ah,eh
m,m
hv,hv
ey,ey
f,f
hv,k
s,s
dcl,n
s,s
kcl,tcl
r,r
f,f
ux,iy
t,d
q,q
ux,ix
ax,ax
er,er
ax,ax
m,n
t,t
l,l
s,s
dcl,dcl
l,l
iy,iy
dcl,tcl
hh,hh
r,r
ao,ao
z,s
iy,iy
axr,r
ix,ix
ih,ih
s,z
ih,ih
en,q
iy,ix
el,ow
ow,ow
g,p
z,s
ao,w
k,k
d,dh
ae,ae
ux,ih
t,t
n,n
aa,aa
ih,ix
ix,en
q,q
er,r
g,p
r,r
ix,z
t,t
q,q
el,el
iy,iy
dh,dh
ao,ao
ae,ae
f,f
er,er
ix,ax
z,z
iy,iy
m,m
k,k
r,r
v,v
ah,r
s,s
ax,ax
ix,ix
ow,w
aa,ae
l,l
ix,iy
sh,s
q,q
iy,ih
eh,ix
axr,er
w,w
kcl,tcl
ae,axr
l,l
m,n
ah,uh
ay,ay
ao,ao
l,ax
k,k
p,f
s,s
bcl,bcl
ah,ax
s,s
v,f
dx,dcl
en,n
r,r
ax,ax
ax,ax
dh,th
w,w
r,r
g,k
m,dx
en,dcl
tcl,tcl
p,t
ao,ao
ix,ix
z,z
ao,ao
aa,r
z,s
eh,eh
n,n
hh,t
dh,dh
m,m
er,axr
pcl,tcl
iy,iy
el,ax
ax,ax
ao,ao
l,ix
eh,eh
dx,dx
ow,ow
el,ao
l,l
n,n
ch,ch
k,t
k,k
sh,sh
m,m
m,n
gcl,tcl
n,n
tcl,dcl
er,er
iy,iy
ih,ey
hv,ax
p,p
r,r
s,s
ey,ey
er,r
q,y
m,dx
ih,ix
t,t
ae,ae
eh,eh
er,r
el,ow
r,r
t,sh
iy,iy
ih,iy
axr,eh
d,jh
tcl,dcl
gcl,pcl
ix,ix
w,w
l,l
eh,eh
dx,q
r,r
p,p
ix,ix
f,f
q,q
s,s
l,l
k,k
n,n
sh,sh
ng,ng
g,p
p,p
dcl,dcl
iy,y
z,s
aa,ao
n,n
z,z
tcl,tcl
y,y
p,tcl
ax,r
z,z
w,w
r,r
z,z
s,s
m,n
v,v
eh,eh
g,dx
iy,iy
ih,ih
ow,ow
ao,ao
ih,ih
th,f
aa,aa
t,th
kcl,kcl
v,f
l,ax
gcl,dcl
z,sh
ow,ow
ow,ah
m,m
r,r
eh,ih
axr,axr
ay,ae
l,el
l,l
jh,ch
z,s
er,er
dx,dx
ae,eh
l,ax
ay,ay
q,ix
ao,ow
n,n
dcl,dcl
el,el
dcl,dx
ay,ay
m,m
s,s
ix,eh
tcl,tcl
n,n
n,n
iy,iy
p,p
tcl,tcl
hh,t
z,s
kcl,kcl
n,n
hh,hh
pcl,pcl
z,sh
tcl,tcl
hh,hh
dcl,tcl
l,l
z,z
ah,ae
m,n
z,z
ae,eh
aa,aa
pcl,kcl
n,n
ax,ax
iy,iy
tcl,tcl
q,q
ae,ae
v,dh
iy,iy
ae,ae
l,el
ow,ow
tcl,tcl
t,t
k,p
q,ax
z,z
k,p
eh,ih
er,r
ih,eh
uh,axr
t,t
t,k
ah,ah
ax,ax
dcl,dcl
w,w
ix,ix
ow,ow
z,sh
m,m
iy,iy
ax,ax
ae,ae
el,w
aa,r
y,iy
l,el
m,bcl
r,axr
n,n
ao,w
v,n
l,ax
sh,sh
uh,ih
s,s
q,q
kcl,kcl
p,k
s,s
kcl,kcl
aa,aa
r,r
eh,ih
s,s
s,s
m,m
m,ix
s,s
tcl,pcl
ix,ix
n,ix
eh,ih
s,s
z,z
t,t
k,t
r,r
z,n
r,r
r,r
k,k
l,m
hv,y
r,r
l,l
th,dh
eh,ih
ih,ih
n,n
g,k
ow,ow
dcl,q
ah,ah
k,k
m,n
ao,ao
s,s
ih,ih
iy,ix
er,eh
l,l
kcl,kcl
ix,dx
w,ax
m,q
m,m
nx,n
bcl,bcl
ix,eh
ix,ih
ch,jh
bcl,v
l,iy
eh,ix
hv,hh
ay,aa
pcl,pcl
aa,ao
z,s
bcl,pcl
k,k
r,r
aw,aa
ux,iy
m,m
ae,ae
kcl,kcl
v,bcl
tcl,pcl
uw,ow
ih,ih
ix,iy
t,t
dx,q
l,l
kcl,kcl
s,s
p,p
l,l
kcl,kcl
en,n
ey,iy
ao,ao
l,l
ax,ax
axr,axr
dh,dh
aa,ah
l,iy
d,d
ao,ah
bcl,pcl
s,s
iy,ey
ux,ux
v,v
pcl,pcl
axr,axr
ix,ix
oy,oy
ux,ux
ae,eh
en,q
dx,dx
r,r
q,ax
ah,ae
axr,ix
y,y
ay,ow
n,n
w,w
ix,ix
ey,ix
pcl,pcl
ih,iy
n,n
pcl,pcl
n,n
ax,l
n,n
ao,aa
ih,ix
l,ix
sh,sh
r,r
gcl,y
ow,el
eh,eh
ey,ih
n,n
ix,ix
q,q
ax,l
g,k
iy,iy
s,s
k,p
ah,eh
s,sh
l,l
r,r
kcl,kcl
d,t
iy,iy
ae,ae
n,n
iy,iy
y,y
tcl,tcl
s,s
r,r
f,f
ow,ao
f,f
iy,iy
iy,iy
ah,ax
ix,ih
m,bcl
dh,ix
tcl,tcl
t,t
eh,ae
t,t
q,ax
l,l
kcl,kcl
kcl,tcl
ae,ae
z,z
axr,ix
l,ix
tcl,tcl
iy,ux
ao,ao
eh,eh
ah,ao
eh,aa
s,s
z,z
bcl,pcl
n,hh
f,f
r,r
iy,iy
q,q
k,k
w,w
s,s
ih,ih
s,s
k,k
dcl,tcl
ae,ae
n,n
gcl,dcl
kcl,kcl
en,n
m,n
f,f
n,n
sh,s
k,jh
iy,iy
n,n
ix,ix
ay,ay
ix,ix
hv,hh
ow,ow
n,m
dcl,dcl
ao,ao
tcl,tcl
iy,iy
ae,ae
d,t
aa,ae
p,p
ih,iy
d,bcl
ix,ix
p,t
ow,ow
jh,jh
iy,iy
ow,eh
el,w
k,t
axr,axr
ow,ow
ao,uw
v,bcl
ix,ix
kcl,kcl
z,z
ix,ix
ih,ax
bcl,dcl
m,n
tcl,tcl
n,ix
pcl,pcl
k,d
tcl,tcl
f,f
ah,l
q,q
eh,ih
t,s
s,s
t,t
k,k
k,d
ow,ow
n,n
dcl,tcl
uh,ix
p,t
gcl,d
tcl,tcl
z,z
b,p
dx,g
l,l
ux,axr
dcl,n
ae,eh
ax,ix
ax,ax
iy,iy
ix,ix
er,r
q,q
iy,iy
l,ow
ow,ow
dx,dx
ix,ix
w,w
y,iy
bcl,bcl
tcl,z
s,s
ae,ay
n,n
d,t
m,m
kcl,pcl
ax,ix
ao,ao
aa,aa
s,s
th,f
kcl,kcl
d,t
r,w
axr,ax
r,ax
ae,ae
l,l
q,q
hv,hh
ix,ax
dcl,gcl
axr,er
aa,aa
ay,ay
ey,eh
l,l
s,s
ih,ix
ix,iy
iy,uh
aa,aa
n,l
axr,axr
nx,n
axr,ih
l,w
ax,ix
n,n
kcl,tcl
kcl,pcl
s,s
oy,ow
dh,dh
kcl,kcl
dx,dcl
dcl,dcl
pcl,pcl
axr,gcl
dcl,bcl
ao,w
ih,ih
q,q
p,z
tcl,pcl
ix,w
axr,r
tcl,dx
q,q
m,dx
gcl,pcl
dx,tcl
w,w
dcl,dcl
ao,ay
th,th
k,p
pcl,pcl
k,k
ao,aa
q,q
n,n
ey,ey
w,w
r,er
r,r
ao,aa
pcl,pcl
ux,ih
k,k
kcl,tcl
n,n
l,ax
ng,n
ih,eh
gcl,bcl
iy,iy
en,ux
v,v
el,l
f,f
v,l
ao,w
w,iy
ih,ix
t,t
ih,ih
n,n
bcl,pcl
iy,ux
ih,iy
ae,eh
iy,iy
r,axr
bcl,bcl
bcl,pcl
pcl,pcl
ao,l
n,ix
th,t
sh,sh
pcl,pcl
kcl,tcl
s,s
d,t
eh,ah
ax,ax
ao,ao
iy,iy
er,axr
ae,ae
oy,ey
ix,ix
s,sh
kcl,tcl
jh,jh
d,b
dcl,dcl
ae,eh
t,t
ix,ih
kcl,kcl
tcl,pcl
m,ix
iy,iy
l,el
pcl,pcl
ih,iy
n,n
ix,iy
ix,ax
tcl,tcl
iy,iy
q,q
r,r
ng,n
b,w
r,r
aa,aa
pcl,pcl
w,w
dh,dh
ng,n
bcl,bcl
l,bcl
axr,axr
bcl,pcl
y,ix
l,l
n,n
ih,ux
p,p
m,m
l,l
ix,ix
g,k
s,s
v,dx
z,s
ah,r
ux,ux
bcl,dcl
dh,t
t,t
z,z
ax,eh
ax,ah
s,s
kcl,tcl
n,n
s,s
s,sh
axr,axr
iy,iy
iy,iy
ay,ae
iy,iy
hh,p
s,s
ow,ow
q,ax
ao,ao
q,q
n,n
bcl,dcl
n,ux
ey,ey
r,r
ux,ux
hh,p
k,p
gcl,tcl
g,g
ih,ix
k,kcl
z,z
aa,aa
ix,ix
tcl,dx
s,s
hv,hv
t,t
ay,ay
dcl,pcl
ax,ax
axr,axr
uh,ih
iy,iy
hh,k
eh,eh
axr,r
z,t
n,n
ax,l
aa,aa
kcl,pcl
n,n
gcl,dcl
s,z
bcl,bcl
ix,ix
k,k
jh,jh
bcl,pcl
ow,ow
ay,aw
ix,ix
n,ix
er,axr
axr,r
k,tcl
bcl,bcl
kcl,kcl
r,r
s,s
dcl,dcl
iy,iy
ow,el
ay,ay
t,t
axr,axr
bcl,bcl
bcl,bcl
hh,hh
pcl,tcl
r,r
axr,axr
l,l
sh,sh
eh,ae
ax,n
s,s
kcl,tcl
bcl,bcl
w,ax
ng,n
y,y
f,f
tcl,tcl
eh,eh
s,s
f,f
t,t
w,w
tcl,pcl
s,s
tcl,tcl
n,ix
ax,en
m,m
axr,r
z,s
n,n
pcl,pcl
n,n
sh,sh
ao,ao
w,w
ih,ih
er,aw
ax,l
r,r
iy,iy
ix,ix
n,n
ax,ah
ch,sh
s,s
kcl,tcl
ae,ae
aa,ao
q,q
n,n
gcl,dcl
ux,ux
ix,iy
ow,ow
n,n
ch,ch
ao,ao
ih,ix
iy,iy
k,hh
dh,v
ax,r
n,gcl
dh,n
n,n
ow,q
axr,axr
ah,ae
en,m
aa,aa
axr,r
dh,z
pcl,tcl
ae,ay
axr,r
ix,ix
ae,ae
tcl,tcl
d,q
z,s
ih,ae
tcl,tcl
sh,sh
l,l
g,k
l,l
ih,ih
ao,ao
ih,ih
er,ix
iy,iy
dh,dh
kcl,kcl
ax,ix
s,z
f,f
q,q
dcl,dcl
pcl,pcl
iy,iy
ah,q
s,s
gcl,gcl
hh,k
iy,iy
ix,ix
l,ao
kcl,kcl
jh,z
q,ax
gcl,gcl
axr,r
kcl,kcl
ow,ow
r,r
ch,ch
k,t
ay,eh
iy,iy
gcl,kcl
ax,n
ix,ix
k,k
q,q
n,dx
l,l
ix,ix
n,n
q,q
iy,iy
m,m
ux,ux
r,r
pcl,pcl
pcl,tcl
aa,aa
eh,ux
ey,ey
ng,bcl
ng,n
ix,ix
jh,t
ow,ow
ah,ao
ih,ix
tcl,dcl
v,t
q,q
ae,eh
q,ax
ax,ax
s,s
ae,iy
ay,aa
tcl,n
z,z
s,z
ux,ih
tcl,dcl
ix,iy
eh,ix
ow,m
t,dx
t,t
ih,ux
z,z
hv,hv
ix,ix
s,s
kcl,tcl
bcl,pcl
tcl,tcl
n,n
k,k
bcl,bcl
m,n
v,v
ae,ae
m,m
ix,ix
iy,iy
iy,ux
ix,ix
m,n
z,z
eh,ao
iy,ih
axr,axr
ow,ow
l,l
r,ao
d,d
r,eh
w,w
t,f
r,eh
q,r
ax,ax
g,g
v,p
m,m
eh,ah
ix,ix
t,t
ay,ay
p,p
el,l
pcl,pcl
r,dx
ao,ow
ih,ih
axr,axr
g,g
ax,ax
z,z
aa,ao
ix,ix
t,tcl
q,m
dx,dcl
aa,aa
gcl,w
ao,w
ao,aa
ow,ow
gcl,gcl
l,w
bcl,pcl
ae,ae
ix,ix
r,r
k,f
n,n
ih,ix
tcl,tcl
jh,jh
ax,dx
l,ax
n,n
t,t
ax,ax
ih,ih
s,s
m,m
ng,n
w,w
kcl,tcl
ix,ix
m,n
kcl,kcl
l,ah
kcl,kcl
ih,ux
ow,l
iy,iy
er,axr
t,t
tcl,tcl
el,ow
eh,eh
k,k
ix,ix
hh,k
th,f
nx,l
dcl,tcl
tcl,kcl
aw,ae
r,r
l,l
n,v
ix,ix
bcl,bcl
eh,ix
ih,ih
s,s
r,r
ay,ah
f,kcl
ix,ix
t,d
w,w
t,t
m,ix
axr,ao
dh,dh
jh,jh
ao,aa
kcl,tcl
n,n
aw,ae
ix,ix
kcl,kcl
tcl,bcl
w,q
dcl,dcl
q,q
r,r
ix,iy
aa,eh
ih,ix
hv,hh
ix,ix
r,r
n,n
s,s
ao,aa
ow,ow
ay,ay
dcl,dcl
iy,ux
el,ax
gcl,kcl
d,kcl
ih,ih
t,t
ih,ey
dx,dcl
ix,n
ax,ix
t,p
sh,sh
tcl,tcl
n,n
q,q
q,ix
ao,ao
k,t
eh,eh
ae,ae
n,n
eh,ih
ih,ax
ow,l
k,k
ey,ih
kcl,kcl
ae,aa
bcl,bcl
kcl,kcl
gcl,dcl
f,f
el,el
iy,ux
iy,ix
ax,ax
n,n
sh,sh
s,s
v,pcl
n,n
iy,iy
f,sh
bcl,bcl
er,r
bcl,bcl
q,q
y,y
m,n
ae,ae
dcl,kcl
q,g
r,r
p,p
v,g
r,r
ax,ix
w,w
axr,ix
ao,r
kcl,tcl
dh,dh
dcl,dcl
w,w
ah,ax
r,axr
zh,z
m,bcl
iy,ix
ih,ih
iy,iy
t,t
axr,r
r,r
el,el
iy,ix
iy,iy
aa,aa
tcl,tcl
v,f
el,el
aa,ao
pcl,pcl
q,ax
l,w
ih,ey
w,q
b,d
ih,ih
r,r
ch,jh
k,p
gcl,dcl
ey,iy
ix,t
t,t
f,f
aw,aw
n,dh
th,f
n,m
s,s
z,z
s,s
l,w
gcl,tcl
ey,iy
ih,ih
q,ax
ng,n
aa,r
f,f
aa,r
iy,ey
aa,eh
jh,jh
iy,q
tcl,tcl
k,t
hh,k
p,p
r,r
z,z
axr,ax
ay,ay
w,w
p,p
z,z
s,s
t,t
z,s
r,r
tcl,pcl
gcl,dcl
g,p
k,k
kcl,kcl
tcl,tcl
kcl,kcl
w,w
r,r
y,y
axr,ih
ix,iy
aa,aa
aa,ao
q,q
l,l
ey,ey
m,dh
m,n
en,n
z,z
y,iy
hh,hh
ey,ey
ay,ae
f,f
ow,ow
z,z
ih,ix
sh,s
n,n
n,y
bcl,w
dh,p
q,ix
f,f
eh,eh
eh,r
p,p
kcl,pcl
n,n
s,s
n,n
ah,ax
t,p
uh,ih
l,l
q,q
n,bcl
ch,ch
z,s
ao,ax
ay,ay
hv,p
eh,ae
ix,ix
en,n
iy,iy
s,s
eh,eh
oy,ay
s,z
pcl,pcl
jh,ch
w,v
q,q
ax,ah
d,p
jh,d
l,l
axr,axr
r,r
t,f
n,n
ih,ow
n,n
th,t
y,y
tcl,dcl
s,s
er,er
iy,iy
ix,ix
r,r
l,l
z,z
n,dx
q,l
tcl,kcl
s,z
iy,iy
ah,eh
n,n
r,r
ih,iy
jh,ch
z,z
ih,ih
k,t
aa,ao
aa,eh
k,p
tcl,tcl
ih,ih
ao,ao
q,q
r,er
ae,ae
z,s
iy,ih
kcl,kcl
tcl,tcl
l,l
s,s
aw,aa
kcl,tcl
ax,v
n,n
p,p
s,s
axr,eh
k,jh
kcl,kcl
kcl,kcl
l,l
t,f
v,v
r,r
f,s
w,ax
gcl,dcl
n,n
ax,ax
y,ux
m,n
uw,ih
z,z
eh,eh
ih,axr
s,s
el,ow
ih,ih
pcl,pcl
s,s
ix,ih
r,r
l,l
kcl,pcl
axr,axr
y,y
ix,r
ow,ow
ax,ix
k,k
aa,aa
l,ng
q,q
q,q
dcl,tcl
dcl,tcl
ix,ix
ix,ix
ow,ao
dh,dh
k,d
s,sh
kcl,kcl
ae,ae
axr,axr
dh,dh
bcl,bcl
l,l
m,n
gcl,pcl
tcl,tcl
k,t
r,r
k,p
ae,ae
m,bcl
ax,ax
aw,aw
ch,ch
ux,ux
iy,iy
aa,ao
em,n
f,t
l,n
ah,ax
z,z
y,dcl
aa,aa
iy,ih
oy,oy
n,m
l,l
r,r
l,dh
ih,ih
r,r
dh,t
w,w
dcl,dcl
sh,sh
ng,m
ae,ae
q,w
ae,ae
p,p
m,m
iy,iy
l,l
kcl,pcl
ae,eh
aa,ah
dcl,dcl
sh,sh
t,t
hv,hv
ey,iy
ix,ix
axr,axr
w,w
tcl,p
s,s
iy,iy
y,iy
k,k
dcl,kcl
m,n
r,r
tcl,tcl
el,w
kcl,kcl
w,w
bcl,bcl
t,t
l,l
tcl,pcl
tcl,tcl
l,ax
w,v
ih,ey
l,l
er,er
y,iy
t,t
hh,hh
iy,iy
f,f
s,s
y,ix
el,ax
k,k
ey,ey
axr,axr
ah,ah
ae,ae
ix,ix
ay,ay
axr,r
kcl,kcl
ax,ax
t,t
t,kcl
f,f
r,r
ih,ix
l,l
eh,ax
ae,ae
l,w
eh,eh
y,y
y,y
r,axr
l,ax
l,w
r,r
ix,ix
p,k
g,g
axr,r
kcl,kcl
s,s
ah,ax
iy,ix
m,n
ae,ae
q,q
b,d
ax,ax
ix,n
q,q
hv,l
axr,gcl
ae,ey
ng,n
dh,dh
kcl,kcl
kcl,tcl
axr,r
ax,ix
iy,iy
t,p
r,r
f,f
ix,ix
kcl,pcl
p,p
r,r
bcl,bcl
dcl,dcl
p,t
y,iy
r,r
ae,ae
ow,ow
ah,eh
sh,sh
v,bcl
n,n
r,r
kcl,kcl
iy,iy
dcl,dcl
s,s
q,q
z,z
sh,sh
r,r
z,z
nx,n
ae,ow
er,r
tcl,pcl
dh,dh
r,r
q,q
ch,t
kcl,kcl
ix,ix
m,m
r,r
dh,dx
bcl,bcl
ey,ih
ix,iy
dh,dh
m,n
gcl,bcl
kcl,tcl
n,n
aw,aa
q,q
ax,ax
tcl,tcl
ix,ix
aa,aa
ix,ix
er,er
m,n
dh,n
pcl,bcl
y,y
ih,ix
v,v
r,r
hh,p
bcl,bcl
sh,sh
ay,ae
s,s
ay,ay
kcl,kcl
t,t
axr,axr
r,r
kcl,kcl
ao,ao
oy,oy
iy,iy
en,en
l,ax
z,s
s,s
n,n
dx,dx
n,n
ah,ah
z,z
ng,n
iy,iy
dx,dx
bcl,bcl
er,iy
er,er
bcl,v
eh,ah
dh,t
t,t
g,k
bcl,bcl
p,p
r,r
eh,ow
n,n
q,r
gcl,pcl
ix,ih
axr,ix
w,l
n,n
s,s
tcl,tcl
dcl,dcl
ix,iy
r,w
z,z
l,l
n,l
ix,ix
q,iy
w,w
m,m
m,m
w,w
v,v
m,n
w,w
ax,n
dh,dh
aa,ix
v,n
ih,ix
ao,l
axr,r
tcl,pcl
s,s
axr,r
t,tcl
g,p
ae,ae
kcl,kcl
hh,hh
ey,ey
ix,ix
ih,ux
l,l
er,er
k,k
f,f
l,l
t,sh
g,th
n,n
l,l
n,m
z,z
sh,sh
l,q
tcl,tcl
ix,ix
iy,iy
hv,hh
ix,ih
ae,ae
s,s
ao,ow
pcl,pcl
r,r
iy,iy
f,z
ux,ux
l,l
iy,iy
iy,iy
p,f
k,k
iy,iy
k,k
n,n
s,s
tcl,tcl
iy,n
th,z
l,w
hh,hh
ax,r
m,n
em,n
gcl,pcl
kcl,kcl
ih,iy
ix,q
t,ch
ix,ix
y,y
k,k
ao,w
ix,ix
tcl,tcl
er,eh
s,s
ng,n
tcl,pcl
ix,ix
ix,ih
k,k
ax,ix
ix,q
ow,ah
iy,ix
ao,ao
ix,ix
n,ix
ae,ae
ae,ae
ao,ao
n,n
ae,ae
dcl,dcl
ih,iy
q,q
jh,t
tcl,pcl
t,t
k,d
dx,dx
ow,ow
ix,r
q,ix
hh,p
ao,ah
f,f
ae,ae
f,f
ae,ah
hh,hh
dcl,dcl
ax,ax
l,l
tcl,t
r,r
eh,eh
bcl,bcl
ao,w
ih,n
er,r
el,el
y,iy
m,n
er,er
ae,ae
w,w
s,s
tcl,gcl
ng,n
m,n
gcl,dcl
aa,ae
ae,ae
tcl,dcl
w,w
r,r
eh,eh
ay,ay
ih,iy
bcl,pcl
el,ow
s,s
iy,iy
n,n
pcl,pcl
tcl,tcl
dcl,tcl
w,w
d,t
v,dcl
iy,iy
f,f
l,l
r,r
z,z
ay,aa
ey,ey
v,v
m,m
sh,sh
ay,eh
kcl,tcl
ix,ix
en,ix
s,s
bcl,bcl
nx,nx
ux,ux
k,p
n,n
t,t
eh,ih
er,ux
kcl,kcl
ao,ao
ay,ay
n,n
kcl,kcl
ix,ix
k,k
ax,ax
ao,eh
ix,iy
n,n
eh,ae
l,l
r,dx
pcl,pcl
l,l
ow,ow
iy,ey
dcl,bcl
dh,dh
t,t
k,tcl
m,bcl
ih,ix
l,ax
ay,aa
m,m
dx,dx
ih,ow
ey,ey
eh,ey
ao,ao
l,dx
dcl,tcl
axr,axr
axr,ix
tcl,pcl
m,m
el,el
s,s
ah,ow
dh,bcl
ix,ix
g,k
m,n
kcl,pcl
z,s
s,s
iy,iy
n,hh
z,z
ey,ey
l,l
er,eh
w,w
v,v
th,th
er,axr
tcl,tcl
f,f
dcl,pcl
ix,ix
aw,eh
pcl,pcl
r,r
p,p
s,s
s,z
ao,axr
ih,ih
t,t
gcl,tcl
gcl,n
ay,ay
kcl,tcl
oy,oy
ow,eh
iy,iy
jh,jh
eh,ih
n,ix
ix,iy
ux,iy
l,q
gcl,dcl
er,eh
ae,ae
n,n
eh,r
m,m
ao,ao
iy,iy
kcl,pcl
s,s
nx,n
n,q
aa,aa
sh,sh
w,w
ix,ix
iy,ix
n,n
r,ix
ih,ih
k,t
y,dx
r,r
ey,ey
dcl,gcl
ch,sh
m,r
er,er
ey,ih
tcl,tcl
r,ix
eh,ix
ax,ax
q,q
sh,sh
y,y
ih,ih
s,s
ih,ah
eh,ey
ih,ey
dcl,dcl
k,p
w,w
kcl,tcl
m,n
n,m
ae,ey
ix,ix
kcl,dcl
aa,ao
z,z
eh,ae
v,dcl
n,n
s,s
s,s
k,p
s,s
l,l
dcl,dcl
ao,ao
k,k
kcl,tcl
tcl,tcl
v,v
iy,iy
t,t
w,ao
bcl,pcl
z,z
ax,ax
iy,ux
m,dh
t,p
oy,ow
ay,ay
n,n
ax,q
eh,ey
y,ix
r,r
ix,ix
z,z
aa,eh
n,bcl
t,t
s,s
k,k
l,ax
l,q
f,f
dh,n
m,m
ow,oy
eh,ih
n,n
ix,dx
axr,axr
f,f
nx,n
s,s
r,r
ix,axr
ao,ao
el,l
iy,iy
f,t
axr,r
g,d
iy,iy
m,ix
th,f
dcl,dcl
ey,ey
y,ix
m,n
dcl,dcl
m,n
ix,ix
ix,iy
k,k
pcl,pcl
q,q
oy,oy
ih,ih
iy,iy
dh,v
ih,r
uh,ih
gcl,kcl
ih,ix
ng,ix
ay,aa
ao,ao
ax,aa
ng,n
dx,d
z,z
ax,r
ey,ih
dx,dcl
d,t
r,l
f,f
z,s
v,v
l,ax
l,w
k,k
el,ax
f,s
uh,ih
s,s
ix,ix
q,q
ah,ah
f,f
k,k
s,s
hv,hh
iy,ih
l,l
dcl,dcl
s,s
l,l
axr,r
kcl,kcl
l,l
z,z
gcl,dcl
m,n
t,t
eh,eh
ey,iy
l,l
p,p
n,n
ay,ae
k,k
t,t
r,r
pcl,pcl
ay,aa
aa,ah
ao,ao
jh,sh
d,dx
ao,ao
s,s
n,dh
m,n
s,sh
dcl,dcl
tcl,kcl
ey,ey
dx,dx
sh,sh
iy,iy
tcl,q
l,w
ow,ow
k,p
tcl,tcl
q,q
ah,ah
s,s
ae,ae
dx,dx
r,r
kcl,kcl
r,r
pcl,bcl
gcl,gcl
t,t
y,y
ah,ah
y,iy
ae,ae
ih,ix
dcl,kcl
aa,ao
dcl,tcl
iy,iy
w,bcl
tcl,pcl
oy,oy
ix,ix
bcl,bcl
s,s
eh,r
z,z
kcl,gcl
sh,sh
kcl,kcl
axr,axr
g,gcl
f,f
w,w
ix,ix
g,g
n,n
ay,ay
ix,ax
y,y
dh,t
iy,iy
r,r
iy,iy
t,t
tcl,hh
v,v
ow,ao
g,g
dcl,bcl
f,f
n,n
f,f
q,q
aa,aa
ow,ow
t,t
z,z
ax,ax
eh,ix
s,s
ax,l
dcl,dcl
eh,ah
ng,w
m,m
v,f
iy,iy
ih,ih
aa,aa
d,t
iy,iy
dcl,dcl
eh,eh
er,ux
pcl,pcl
iy,iy
eh,eh
axr,axr
ix,ix
dcl,tcl
r,r
kcl,tcl
iy,iy
tcl,tcl
f,f
iy,iy
p,p
iy,ix
ao,ao
f,p
ey,ay
m,n
ax,ix
bcl,tcl
v,v
ih,ah
ux,ux
r,axr
s,s
dh,n
jh,jh
ae,ae
w,w
ey,ey
iy,iy
ih,ix
r,aa
ae,ae
ix,ih
k,k
n,n
l,ao
ih,ix
hv,gcl
dcl,bcl
l,l
z,z
ae,ae
sh,sh
aw,ow
kcl,gcl
ao,l
ix,ix
bcl,bcl
bcl,pcl
ao,ao
tcl,bcl
tcl,tcl
dcl,tcl
ix,ix
ix,ix
t,p
ae,ae
ah,er
m,v
p,p
oy,oy
dx,dx
jh,sh
er,r
n,n
q,q
ng,bcl
w,w
k,k
el,ow
tcl,kcl
ow,ax
l,l
g,p
ih,ix
q,q
k,k
ax,ax
s,z
ae,ae
iy,iy
ix,dh
k,k
ux,ux
ah,er
th,t
n,n
r,r
ah,ah
p,p
ao,aa
ix,ix
kcl,pcl
gcl,gcl
r,r
r,axr
dh,f
ix,ix
eh,ow
d,dh
r,r
eh,eh
axr,ax
n,n
t,t
ih,eh
tcl,pcl
eh,eh
n,ix
iy,ih
ax,axr
k,d
ae,ae
k,k
n,n
iy,iy
r,aa
iy,iy
d,t
ih,iy
ao,ao
ih,ih
ah,eh
l,w
s,z
axr,gcl
gcl,tcl
t,dh
ix,ix
axr,r
ch,ch
z,s
r,r
k,t
r,r
gcl,kcl
dcl,gcl
pcl,pcl
tcl,tcl
n,dx
f,f
r,r
dx,g
tcl,tcl
p,t
axr,ix
l,ax
aw,ae
p,q
ae,ae
k,k
ah,ae
s,ch
kcl,tcl
ih,eh
f,f
ix,z
kcl,kcl
dcl,dcl
l,q
ix,ix
dcl,dx
s,z
dcl,tcl
kcl,kcl
ay,ay
m,n
s,s
z,s
ao,ao
f,f
ae,eh
pcl,kcl
axr,axr
ix,n
l,w
pcl,pcl
m,n
ix,ix
q,q
n,n
pcl,pcl
t,t
dcl,pcl
aa,ae
tcl,dcl
v,v
r,r
r,r
l,l
q,q
s,s
s,s
l,q
q,p
kcl,kcl
t,t
y,ix
m,m
r,axr
tcl,dcl
ix,iy
m,m
bcl,tcl
tcl,tcl
r,r
kcl,kcl
m,n
l,w
s,s
v,v
ao,el
er,r
s,z
uh,uh
p,p
ao,ao
tcl,kcl
l,l
el,el
iy,iy
n,n
ih,ih
ax,ax
q,q
l,w
r,r
sh,sh
ih,ix
ey,ey
n,n
q,l
ah,eh
dx,dcl
ao,ao
jh,s
s,s
iy,iy
dh,dh
er,er
n,n
ix,ix
l,q
dcl,dcl
ax,l
ah,ah
ax,el
ih,ih
n,n
iy,iy
sh,sh
eh,n
n,m
sh,s
ey,ey
ae,ae
g,g
l,l
ix,ix
d,dh
n,gcl
f,f
uw,ow
sh,s
ow,ow
kcl,kcl
z,s
eh,ey
dh,ix
ix,ix
w,w
ay,ae
kcl,kcl
k,d
b,b
ae,ae
el,l
ng,n
bcl,tcl
tcl,tcl
iy,ih
l,l
p,dh
z,s
ih,ih
kcl,kcl
p,p
eh,eh
s,s
el,ax
dx,tcl
uw,ux
aa,ah
kcl,pcl
r,r
t,jh
m,m
aw,aw
l,l
ix,ix
f,f
dh,dh
kcl,tcl
ax,ax
dh,p
ey,ey
f,f
dx,dx
aa,er
q,q
hh,hh
t,t
iy,iy
dcl,bcl
m,ix
oy,ah
oy,ao
n,n
dh,dh
r,er
q,q
n,n
w,w
kcl,kcl
axr,ih
ax-h,bcl
eh,ae
ey,iy
iy,iy
ix,iy
eh,ow
kcl,kcl
ax,ax
ix,ih
iy,iy
m,m
n,n
z,z
r,r
pcl,pcl
ay,ae
pcl,pcl
ix,ix
ix,ix
s,s
dcl,dcl
tcl,tcl
q,q
t,t
kcl,tcl
axr,ix
z,z
l,ix
ch,ch
r,r
tcl,kcl
r,r
pcl,tcl
ix,ih
f,f
axr,ax
ay,ow
eh,eh
l,l
k,k
ux,ux
w,w
kcl,kcl
n,n
pcl,pcl
s,s
kcl,pcl
q,q
er,er
ow,ow
kcl,kcl
iy,ey
tcl,tcl
ng,n
th,kcl
dcl,dh
l,l
dh,m
w,w
ix,ix
tcl,kcl
z,z
m,m
s,s
kcl,kcl
f,f
s,z
sh,sh
gcl,bcl
ao,ao
g,g
l,ax
s,s
pcl,pcl
ae,ae
l,l
eh,ey
g,g
r,axr
hv,hv
r,r
hh,w
axr,er
iy,ey
l,l
iy,iy
bcl,bcl
s,s
eh,ih
iy,iy
n,q
g,k
f,f
iy,iy
s,s
gcl,dcl
axr,axr
d,ix
eh,ae
th,th
ay,ay
s,s
k,k
tcl,dx
s,s
aa,aa
kcl,gcl
sh,sh
ay,aa
l,el
ao,ay
iy,iy
ux,ux
uh,ax
n,q
iy,ey
w,w
iy,iy
iy,iy
ix,ix
f,f
k,k
bcl,pcl
dcl,dcl
s,s
ux,ux
er,axr
f,f
sh,sh
er,axr
t,t
ix,ax
n,dcl
tcl,pcl
nx,dx
ux,ih
ey,ey
gcl,gcl
r,r
r,r
dh,dh
aa,aa
w,dh
ix,iy
sh,sh
ow,l
w,w
dx,ax
r,q
v,r
r,r
q,q
dh,m
ix,ix
y,ix
k,k
eh,eh
ah,ah
ao,ao
m,m
kcl,tcl
ax,ix
dh,z
w,w
ih,ix
dx,dx
kcl,tcl
jh,jh
dh,n
t,f
tcl,t
r,r
k,k
k,k
ih,ih
kcl,tcl
sh,sh
n,q
m,m
aa,r
r,r
n,n
m,iy
g,k
m,m
eh,eh
ix,ix
l,l
d,t
k,k
ah,ax
t,t
n,n
tcl,pcl
m,dcl
dcl,tcl
iy,ix
k,k
f,f
s,s
f,f
dcl,gcl
ow,ow
l,uh
ix,ix
r,r
sh,sh
dcl,pcl
ah,eh
r,axr
k,g
pcl,pcl
dcl,dcl
bcl,dcl
ih,ih
n,tcl
iy,ix
n,n
uh,ih
z,z
ax,ix
ix,ng
pcl,tcl
ah,ao
dcl,dcl
s,s
ax,uw
gcl,dcl
iy,iy
kcl,tcl
kcl,tcl
hv,eh
m,n
sh,sh
z,s
tcl,tcl
ey,eh
tcl,q
aa,ah
sh,s
ux,ux
ix,ix
l,ow
z,z
r,r
z,s
aa,ae
l,l
r,r
dcl,dcl
oy,ah
w,el
y,y
ix,ix
ah,ix
w,w
tcl,pcl
iy,iy
s,s
eh,ae
r,r
n,n
ax,ax
uw,uw
dh,dh
ey,iy
ix,ix
en,nx
ix,ix
w,dx
k,t
pcl,pcl
kcl,pcl
p,t
ah,l
hh,p
iy,iy
n,ih
s,s
dh,dh
v,f
ae,ae
eh,ih
hh,t
m,n
eh,eh
tcl,tcl
iy,iy
l,el
ae,ae
oy,ao
gcl,gcl
iy,iy
ay,ay
aa,ae
f,f
axr,ih
z,z
aa,ao
k,hh
em,axr
hv,hv
dcl,dcl
m,ix
r,r
ah,ah
iy,iy
pcl,pcl
iy,iy
iy,iy
dcl,dcl
ow,ow
ix,ix
l,l
r,r
aa,aa
sh,sh
gcl,dcl
kcl,kcl
f,f
ix,ix
aa,aa
aw,aa
n,n
dcl,dcl
w,w
s,s
ah,ah
n,n
tcl,dcl
eh,ae
n,n
ch,ch
l,q
ix,ix
jh,ch
p,p
ah,aa
iy,iy
ih,iy
n,m
hv,hv
ah,ax
s,s
r,r
m,m
el,el
pcl,pcl
tcl,bcl
pcl,tcl
s,s
ix,ix
tcl,dcl
hv,hv
eh,ey
ay,ay
ix,ix
ay,ay
uw,el
ay,ay
s,s
ay,ay
iy,iy
axr,eh
r,r
dx,dx
q,q
s,s
ah,l
ih,eh
ix,ix
ay,ay
q,w
bcl,bcl
n,n
r,r
ih,iy
ih,ih
dh,dh
eh,eh
t,s
r,y
r,r
g,y
ah,ae
p,p
ae,ae
dcl,dcl
v,v
aa,aa
iy,iy
m,m
ux,iy
m,m
g,k
z,z
r,r
eh,eh
tcl,dcl
jh,t
g,k
eh,ae
kcl,tcl
dx,dx
f,f
m,n
w,w
l,l
m,tcl
f,f
ix,iy
k,t
q,q
ix,ih
tcl,tcl
r,l
axr,axr
hv,hv
l,l
l,l
r,ng
dcl,dcl
hv,y
k,dx
ng,gcl
ax-h,t
t,t
n,n
ix,eh
iy,ix
pcl,pcl
k,p
ao,w
ah,eh
n,dx
q,iy
t,t
oy,ow
tcl,tcl
ao,aa
s,s
eh,ah
n,n
axr,axr
s,s
r,r
ah,ax
aa,ah
el,el
aa,ix
dcl,dcl
z,z
ch,ch
kcl,kcl
pcl,pcl
z,z
iy,iy
ow,ow
v,v
kcl,kcl
ax,ax
t,z
ix,ix
r,eh
ao,ao
n,n
w,w
ao,ao
oy,ow
n,m
hv,hv
ao,ao
l,l
ux,ix
l,l
dh,dh
eh,eh
v,v
jh,z
s,s
p,p
bcl,pcl
iy,iy
k,k
dcl,dcl
kcl,kcl
ax,r
hv,p
s,s
m,n
ix,ix
ay,ey
k,hh
kcl,kcl
er,r
ow,el
axr,er
ae,ae
kcl,pcl
ix,l
tcl,tcl
iy,ix
f,f
n,n
z,z
m,m
nx,ix
f,f
sh,sh
r,r
y,y
eh,eh
ix,iy
l,w
ah,eh
ih,q
dcl,dcl
l,n
er,ix
sh,sh
dcl,dcl
ux,ux
ix,ix
ay,aa
s,s
ao,aa
ao,ow
l,l
r,eh
axr,ix
nx,l
uw,ow
eh,ae
gcl,dcl
n,m
z,z
v,v
ey,ih
g,g
tcl,kcl
bcl,bcl
eh,ih
er,uw
iy,iy
m,n
iy,iy
aa,aa
iy,iy
ae,ae
f,sh
m,n
v,v
pcl,pcl
iy,iy
w,w
n,n
er,axr
r,q
w,w
axr,axr
bcl,bcl
ae,eh
q,q
ae,ae
s,z
v,dh
ow,ao
tcl,tcl
s,s
z,z
nx,ax
jh,t
ix,iy
z,s
ih,ix
q,q
sh,sh
pcl,tcl
r,r
n,ix
er,ih
ch,ch
s,s
t,t
ux,ix
pcl,pcl
n,l
ao,ah
k,k
w,w
sh,sh
q,ix
n,n
ih,ih
er,er
axr,axr
axr,ih
aa,aa
kcl,tcl
ix,ix
m,n
p,p
ng,n
iy,iy
k,k
jh,sh
m,m
z,sh
zh,sh
jh,t
ah,ae
s,s
hv,hv
ah,ah
z,z
ay,ae
nx,ax
kcl,kcl
eh,ae
v,p
ix,ix
gcl,bcl
r,q
jh,t
ix,ix
r,ax
tcl,tcl
l,l
r,r
axr,axr
ix,ix
s,s
dcl,kcl
tcl,kcl
ow,el
kcl,kcl
s,s
f,f
g,q
p,q
ix,ix
uw,r
n,n
l,l
kcl,pcl
ix,ix
hv,ix
er,er
ch,sh
l,l
hh,k
pcl,pcl
ax,ax
ax,ax
r,r
aa,r
ax,q
dx,ix
ix,ix
iy,iy
ah,eh
n,ix
t,sh
iy,ix
kcl,kcl
m,m
s,s
w,w
q,q
ih,ix
w,w
r,ix
r,r
f,f
dcl,v
tcl,kcl
t,t
r,w
s,s
ow,ow
f,f
dh,dh
ah,ah
s,s
tcl,tcl
s,z
k,k
ng,n
ix,ix
ax,ax
aa,ah
eh,eh
iy,iy
s,s
dx,dx
dcl,dcl
pcl,pcl
kcl,tcl
ih,ix
l,ow
ah,ah
v,dcl
r,axr
ih,ih
l,ax
aa,aa
tcl,kcl
z,z
m,n
sh,sh
n,n
eh,ih
w,w
n,m
ah,ih
m,m
tcl,pcl
kcl,tcl
s,s
k,p
ah,l
iy,iy
dcl,tcl
m,n
tcl,gcl
kcl,tcl
p,k
ih,ix
ix,gcl
ih,ey
r,r
n,n
ow,ao
ix,ix
l,l
ix,ix
s,s
iy,iy
hv,iy
eh,eh
tcl,tcl
kcl,tcl
m,n
pcl,tcl
l,l
t,t
ow,ow
hv,hv
ae,ae
w,r
ow,ow
y,ix
ax-h,n
hh,hh
dx,dx
r,r
ih,eh
ux,ux
k,k
t,t
l,n
w,w
s,s
bcl,bcl
dh,dh
hv,y
iy,iy
tcl,pcl
iy,iy
s,s
l,l
z,z
dcl,bcl
ae,ae
tcl,pcl
ix,ix
bcl,bcl
ey,ey
eh,ey
bcl,tcl
iy,iy
w,w
l,l
iy,ix
k,p
axr,axr
r,r
ao,axr
axr,r
hh,p
eh,eh
w,n
hh,hh
s,s
iy,iy
ix,ix
q,w
axr,ix
r,ih
gcl,dcl
l,l
l,w
axr,axr
z,jh
ae,eh
t,t
ao,ow
r,r
q,q
r,r
ax,ax
ae,ae
er,eh
r,w
g,k
r,ax
ao,r
l,l
p,p
l,ax
f,f
n,n
dcl,tcl
ah,aa
bcl,bcl
ix,iy
q,r
eh,ix
s,s
z,z
ix,ux
iy,iy
kcl,kcl
tcl,tcl
f,f
ey,ey
ax,ax
ey,ey
dx,dx
sh,sh
l,l
s,s
ix,ix
q,dx
s,s
iy,iy
sh,sh
l,w
n,dcl
n,n
ux,ix
dcl,dcl
n,m
iy,iy
f,f
en,n
iy,ey
iy,iy
k,jh
ow,ao
tcl,tcl
ix,iy
ao,ao
ah,ax
q,ix
m,n
ae,ih
ix,ih
axr,axr
ah,eh
ow,l
ix,ix
ix,ix
dx,ix
l,l
pcl,pcl
iy,iy
iy,iy
axr,r
r,r
ux,ix
aa,ao
aa,ah
iy,iy
w,r
l,q
ah,ae
q,q
m,m
dcl,pcl
r,axr
aa,ah
m,m
ey,ey
dx,dx
k,k
kcl,tcl
s,s
p,p
s,s
iy,iy
k,p
z,dh
axr,axr
m,n
ae,ih
l,l
ux,ux
p,p
s,s
f,f
kcl,tcl
ih,eh
hv,hv
el,l
iy,iy
gcl,dcl
jh,jh
k,k
tcl,pcl
oy,ao
tcl,dcl
l,l
k,k
k,k
kcl,kcl
ae,ae
v,bcl
l,l
ix,ix
r,r
l,l
kcl,dcl
ax,ix
ih,ix
ae,eh
aa,ax
ey,ey
tcl,p
w,w
ix,ix
kcl,k
p,p
tcl,tcl
sh,s
s,s
ae,ae
iy,ix
ax,ax
l,l
sh,sh
m,m
ao,ao
ix,ix
s,s
axr,axr
r,r
k,k
ow,l
eh,ae
ix,ix
pcl,pcl
ao,ax
ix,r
nx,dx
t,t
ey,ey
v,v
n,n
f,f
dcl,dcl
ao,aa
iy,iy
s,s
ih,ih
l,l
bcl,bcl
ax,tcl
ix,ix
ax,ix
aa,aa
bcl,bcl
y,y
ix,eh
aa,ow
k,k
m,m
axr,axr
dcl,tcl
eh,eh
ix,ix
m,m
t,t
z,s
ih,ih
tcl,bcl
f,f
ow,ow
n,n
p,p
iy,ih
m,n
y,y
bcl,bcl
tcl,tcl
b,tcl
dcl,dcl
l,uw
m,n
iy,iy
l,l
ay,ay
oy,ao
ux,ux
m,m
ae,ae
y,jh
n,n
r,r
aa,ao
kcl,pcl
s,s
eh,ae
dcl,dcl
gcl,gcl
aa,aa
s,s
tcl,tcl
dcl,dcl
v,dh
aa,ay
v,v
en,n
er,r
ao,ao
dcl,bcl
s,s
s,s
s,s
gcl,tcl
n,n
f,f
n,n
l,l
ix,axr
s,s
l,l
n,n
aw,ao
ix,y
sh,sh
gcl,gcl
g,g
ow,ow
q,q
g,p
er,axr
r,r
hh,hv
ux,ux
ax,l
f,f
kcl,q
eh,eh
ax,ax
w,w
aa,ay
s,s
dcl,dcl
p,k
ah,ax
ih,iy
k,p
tcl,tcl
gcl,pcl
r,r
tcl,tcl
en,ax
l,l
ao,ao
iy,ux
iy,iy
b,dh
ch,t
v,pcl
dcl,dcl
pcl,pcl
ao,ao
gcl,tcl
ih,ax
ah,ax
l,l
ix,ix
q,q
axr,ih
dcl,tcl
m,dx
z,z
ao,ao
dh,l
tcl,tcl
kcl,pcl
bcl,n
tcl,tcl
z,s
kcl,kcl
bcl,bcl
dh,dh
s,s
ay,ay
t,t
ow,el
iy,ix
v,v
er,er
dh,dh
v,v
m,m
th,f
tcl,tcl
er,axr
ax,l
aa,aa
oy,oy
sh,sh
ch,sh
eh,eh
n,n
z,z
iy,iy
ix,ix
l,l
zh,jh
ah,eh
hv,hv
iy,iy
gcl,bcl
n,dcl
tcl,tcl
kcl,kcl
y,iy
p,p
m,n
l,n
l,q
th,kcl
ih,ih
ax,ax
dcl,dcl
m,n
ix,ix
dh,dh
ey,ey
gcl,gcl
v,dcl
dcl,dcl
ae,ae
w,w
m,n
y,y
ax,ax
ay,ae
pcl,kcl
k,k
n,n
ao,ao
ay,ih
tcl,pcl
ey,ey
kcl,bcl
ey,ey
axr,r
eh,ow
gcl,l
iy,iy
m,n
tcl,tcl
s,s
tcl,dcl
ix,ix
z,z
iy,iy
axr,r
ay,ay
tcl,tcl
ow,ow
dx,dx
ix,ey
ch,ch
t,hh
ae,ae
k,k
ix,ix
tcl,tcl
ix,ix
ix,ix
eh,ix
ay,ay
l,l
tcl,pcl
oy,ow
dcl,dcl
k,tcl
ix,ix
ix,ix
p,p
ae,ae
dh,n
axr,axr
ey,ux
sh,sh
dcl,dcl
pcl,pcl
ah,ow
m,m
dcl,pcl
s,s
eh,ix
l,ax
bcl,pcl
el,l
l,ah
p,t
tcl,kcl
er,axr
kcl,kcl
ay,ix
ay,aa
n,n
d,t
pcl,pcl
k,k
ix,n
ix,ih
jh,t
ix,ix
eh,eh
hh,hh
ix,iy
p,p
z,z
axr,r
f,f
ix,ix
eh,eh
q,q
ay,ix
pcl,kcl
ih,ih
r,w
kcl,kcl
k,sh
z,z
f,f
en,ix
axr,axr
n,n
iy,ih
ix,ix
hh,hh
m,n
ih,iy
k,tcl
ey,iy
ao,ao
ay,ay
tcl,tcl
r,r
hv,hh
sh,sh
bcl,bcl
n,n
dcl,dcl
p,p
uh,ax
ao,aa
axr,ix
w,w
ix,ih
q,q
aa,aa
n,n
p,p
axr,q
tcl,pcl
ow,ow
m,m
n,n
ey,eh
gcl,kcl
ay,aa
ae,aa
ae,ae
ng,gcl
ay,ay
tcl,tcl
pcl,pcl
ae,ae
ao,ao
ax,ax
ah,ah
l,w
eh,eh
m,n
iy,ix
ao,ow
ao,ao
k,k
dcl,dcl
f,s
sh,s
jh,jh
t,s
er,er
bcl,bcl
ow,ao
sh,sh
z,z
iy,iy
iy,iy
v,r
s,s
ix,eh
ix,ih
y,q
iy,iy
k,k
p,p
l,bcl
l,iy
kcl,k
n,n
m,n
n,dcl
ah,axr
dcl,dcl
ux,ux
n,n
r,r
k,k
dcl,bcl
dcl,tcl
iy,iy
ix,ix
n,n
w,w
iy,iy
gcl,kcl
tcl,pcl
iy,iy
n,n
m,m
s,s
ix,ix
s,s
eh,ae
s,s
n,n
r,r
el,l
ih,ey
q,q
ao,ao
pcl,bcl
t,t
axr,ix
b,p
dx,dx
l,l
nx,n
oy,ao
ey,ey
kcl,kcl
eh,eh
z,z
n,ix
k,hh
ah,ix
ae,hv
dcl,tcl
ih,ix
ey,ey
eh,ix
ix,ix
iy,ih
y,dh
w,w
ow,ao
iy,iy
th,th
d,d
dcl,dcl
ih,ix
k,k
n,m
t,t
dcl,tcl
n,v
n,ix
ax,ax
p,f
l,n
kcl,tcl
tcl,tcl
r,r
er,ux
ae,ay
dh,dh
ix,ix
ao,w
dh,dh
l,l
m,m
iy,ih
ay,ay
p,p
ih,ih
n,n
l,l
ih,l
v,v
ix,iy
uh,ix
y,y
iy,iy
ae,ae
axr,r
kcl,kcl
f,f
r,r
dcl,dcl
l,l
ix,ix
n,n
tcl,bcl
p,p
uw,axr
t,t
ix,ix
l,l
w,w
ay,ae
n,en
ix,ix
l,l
ix,dh
ix,ix
kcl,kcl
iy,ix
v,v
dh,dx
eh,r
w,w
v,z
ay,ay
l,l
ey,iy
l,el
iy,iy
l,ix
q,q
d,t
kcl,pcl
ae,ae
uh,el
iy,ix
kcl,kcl
iy,iy
ao,ow
n,ix
iy,iy
k,t
m,m
l,v
s,s
hv,hv
ao,ao
ax,ax
gcl,bcl
ix,ix
z,s
ae,ae
t,t
kcl,kcl
f,f
iy,iy
kcl,tcl
ix,iy
m,m
ih,ih
aa,aa
sh,s
iy,iy
dh,n
s,s
ng,m
iy,iy
gcl,dcl
n,n
ih,ix
kcl,kcl
l,n
l,l
s,s
w,w
ao,r
ax,l
sh,sh
ah,ah
f,tcl
iy,iy
aa,eh
bcl,pcl
er,r
s,s
ah,ao
bcl,bcl
v,f
ax,ix
ih,ih
kcl,kcl
l,w
sh,z
iy,ux
z,z
w,w
ih,eh
ao,ao
axr,axr
r,r
gcl,pcl
q,q
p,dh
f,f
r,r
dcl,dcl
ch,jh
sh,sh
l,w
sh,s
ax,ix
ae,ae
iy,iy
jh,jh
t,p
pcl,tcl
aw,aw
er,ae
ey,ey
l,ax
n,n
ch,ch
jh,jh
jh,jh
k,p
kcl,kcl
iy,iy
y,y
el,aa
er,er
eh,ae
r,w
ux,ux
gcl,dcl
hh,t
t,k
ey,ey
s,s
l,ax
ix,ix
r,r
ay,ix
k,d
ax,ax
ix,ix
y,y
axr,ih
w,w
er,r
q,q
ae,ey
f,f
s,s
kcl,tcl
q,q
hv,y
l,l
kcl,kcl
f,f
dx,ix
ih,ih
l,ao
p,p
w,w
s,s
ao,ao
r,r
ix,ux
b,p
ux,ix
ix,ix
gcl,gcl
tcl,tcl
aa,ao
s,s
q,kcl
el,l
n,en
y,iy
ax,ax
v,v
r,r
z,z
ih,ix
kcl,kcl
l,l
bcl,dcl
dh,dh
g,p
dx,dx
pcl,pcl
m,n
dcl,dcl
l,l
ih,ih
ih,ih
dx,dx
l,l
dcl,dcl
iy,ih
dx,t
ix,ix
l,ax
ao,ao
dcl,dcl
kcl,kcl
ng,n
axr,axr
p,tcl
z,s
eh,ih
s,s
r,r
r,r
axr,ix
w,m
ax,ix
ow,ow
q,q
kcl,pcl
ae,ae
ix,iy
ae,ae
ay,ay
f,f
ay,ay
n,n
iy,ix
ix,r
ix,ix
n,n
l,r
ey,ih
kcl,tcl
hv,hv
er,r
tcl,tcl
dx,g
z,z
hh,ix
l,ax
y,y
pcl,pcl
kcl,pcl
ix,ix
s,s
tcl,tcl
eh,ih
aa,aa
s,s
l,q
d,d
z,z
eh,ey
s,s
s,s
n,dcl
ae,ae
ao,el
y,y
dh,ix
ae,ae
er,axr
tcl,tcl
iy,iy
ae,ae
dx,g
ix,ix
axr,q
iy,iy
r,r
tcl,gcl
d,d
l,l
f,dh
ao,ao
iy,iy
hv,iy
ao,ax
ey,ey
tcl,tcl
l,l
ih,ih
y,ih
g,g
nx,n
y,y
p,p
ix,n
ix,ix
ax,q
dcl,tcl
f,f
ix,ax
l,l
v,v
dx,dcl
ae,ae
sh,sh
dh,v
q,pcl
iy,iy
f,f
tcl,pcl
bcl,bcl
ix,q
t,t
ax,ix
jh,jh
bcl,tcl
er,er
ao,l
s,s
ih,ix
ey,ey
m,m
ix,ix
n,n
y,y
iy,iy
n,n
dx,n
kcl,tcl
iy,ix
el,ax
r,r
w,q
aa,ah
axr,r
bcl,dcl
iy,iy
kcl,tcl
dcl,n
l,w
f,f
t,t
nx,dx
ey,iy
ih,iy
ih,iy
tcl,tcl
oy,ao
kcl,kcl
oy,ao
bcl,pcl
v,ix
n,n
m,m
eh,ae
pcl,pcl
ao,q
w,w
n,n
l,l
l,l
ih,ix
ay,ae
sh,sh
k,p
l,ax
eh,ah
ao,ao
ih,ix
dh,v
s,s
er,r
w,w
f,t
iy,iy
w,w
m,w
m,m
bcl,bcl
q,q
s,s
s,s
er,er
tcl,kcl
g,k
f,th
ah,eh
s,s
ih,ih
iy,iy
s,sh
w,w
aa,aa
uw,r
aa,aa
f,f
t,d
g,k
bcl,bcl
m,n
eh,ih
k,k
z,z
q,ix
n,n
n,n
n,n
d,t
gcl,dcl
w,w
uw,er
z,z
tcl,kcl
p,p
er,er
d,d
s,z
q,q
m,m
ao,ao
axr,axr
ae,aa
ng,axr
axr,axr
ix,ix
kcl,kcl
l,l
kcl,k
k,kcl
aa,hv
uh,el
g,k
k,k
q,q
ih,eh
ao,el
n,n
n,ix
ae,ah
k,t
axr,ix
w,w
ih,ix
ax-h,ix
kcl,kcl
aa,ow
v,v
iy,ix
ay,ay
aa,ay
er,axr
em,n
s,z
r,axr
k,k
ix,ix
iy,iy
l,l
iy,iy
w,el
p,p
ao,ow
iy,iy
ae,eh
ae,ae
ux,ux
ng,n
iy,iy
ah,eh
z,s
tcl,tcl
l,w
l,l
ax,l
m,dx
t,t
s,s
tcl,bcl
s,s
kcl,tcl
kcl,pcl
r,axr
q,w
iy,ux
ae,ay
l,l
ax,ax
ay,ae
ih,ih
m,bcl
iy,iy
tcl,tcl
ix,ax
s,s
ng,n
r,r
l,l
ix,ix
r,r
s,s
ih,iy
ih,ah
w,w
m,n
ah,ax
l,l
f,f
y,n
ae,ae
s,s
tcl,pcl
r,ix
ax,ix
dx,dx
ih,ih
d,d
l,l
ix,ix
l,l
k,p
n,n
ih,ih
dcl,pcl
v,v
eh,r
hv,hv
t,t
ng,n
r,r
ax,l
ih,ax
ix,ix
hv,iy
ix,ix
axr,r
ao,w
dcl,dcl
ix,ix
l,n
q,q
ix,ix
dcl,dcl
w,w
r,r
bcl,bcl
f,tcl
pcl,pcl
ng,n
n,n
kcl,kcl
kcl,kcl
k,k
r,r
ix,ix
l,l
iy,iy
nx,n
dcl,tcl
en,en
sh,sh
aa,ao
gcl,n
aw,eh
eh,eh
s,s
kcl,kcl
w,v
gcl,kcl
r,r
ih,ix
g,k
f,f
z,z
n,n
eh,eh
p,t
t,t
l,ix
ux,ux
q,q
q,ax
ah,ah
ch,t
sh,sh
w,w
n,n
bcl,tcl
ix,iy
tcl,pcl
ch,sh
l,q
r,l
n,n
q,q
ow,ow
axr,axr
d,p
ih,ix
eh,ix
iy,iy
r,eh
ax,ax
y,iy
f,dh
gcl,tcl
kcl,pcl
nx,n
ay,ay
s,s
iy,iy
r,iy
nx,dx
eh,eh
iy,iy
er,axr
iy,iy
s,s
k,k
z,s
ay,ay
b,r
s,s
ay,ow
ih,ih
dx,dx
eh,eh
s,s
s,s
l,v
dcl,bcl
ix,m
aw,ah
r,r
r,r
s,s
ix,ix
q,tcl
ey,ey
p,p
t,t
axr,er
tcl,dcl
ng,n
ao,ao
ay,ay
sh,sh
ih,ix
tcl,pcl
l,v
axr,axr
dx,ix
r,w
nx,n
ao,ow
s,s
eh,ih
axr,ih
pcl,pcl
ix,ih
kcl,kcl
d,k
kcl,kcl
ay,ey
iy,iy
ay,ay
ix,ix
axr,axr
ix,ix
iy,iy
s,s
uw,el
iy,iy
ey,ey
dh,p
z,z
ow,ow
sh,sh
ah,ae
dx,tcl
l,q
ah,ae
kcl,kcl
y,y
ih,ih
jh,sh
r,r
ix,t
n,n
ix,ix
s,s
k,k
ix,ax
q,q
uh,ax
sh,s
ix,ix
dx,r
q,ix
ix,n
ih,ih
ih,ih
p,f
t,t
iy,iy
iy,iy
m,n
axr,er
ih,iy
ih,ix
dcl,dcl
ix,ix
l,ng
kcl,pcl
g,p
eh,l
r,q
ix,ix
t,t
ah,uh
kcl,kcl
ow,ao
tcl,tcl
t,t
z,z
er,axr
ih,ix
hv,hv
f,f
s,s
pcl,tcl
w,w
s,s
iy,iy
s,s
el,q
ih,iy
em,v
el,l
axr,axr
iy,iy
n,en
iy,iy
ao,ao
ah,ah
ow,ow
s,s
pcl,pcl
n,n
hh,pcl
kcl,kcl
r,r
m,n
ax,ix
ax,ix
eh,ih
tcl,q
p,k
p,hh
aa,aa
kcl,kcl
tcl,tcl
ow,ao
ih,iy
th,f
hh,p
eh,ih
eh,ix
ix,ix
kcl,tcl
ix,ix
axr,r
sh,sh
w,w
bcl,pcl
iy,iy
n,m
jh,z
uh,ih
eh,ae
l,ax
n,n
pcl,pcl
n,n
ih,ih
ix,ix
s,s
ng,m
s,s
kcl,kcl
t,t
p,p
ih,ix
p,t
ao,aa
z,z
ao,ao
ao,q
ng,n
ih,q
ah,ix
n,n
m,n
r,axr
n,axr
l,ax
jh,z
ay,ay
ix,ix
ay,ay
kcl,gcl
r,r
aa,ao
eh,ix
k,k
q,ax
s,s
tcl,tcl
aa,r
w,w
ix,ah
ay,ay
axr,ih
axr,axr
dh,th
q,q
dcl,tcl
r,q
z,z
d,d
m,bcl
ax,ah
dx,ix
r,r
ao,ao
pcl,pcl
s,s
ae,ae
gcl,gcl
r,eh
n,n
t,ch
dh,dh
s,s
n,n
z,s
pcl,pcl
iy,ix
er,axr
ih,ux
z,z
v,v
dh,dh
dx,dx
n,ix
tcl,kcl
tcl,tcl
ng,n
aw,aw
iy,ey
tcl,pcl
k,d
s,s
p,t
dh,p
n,n
ih,iy
gcl,n
q,q
kcl,kcl
d,dx
iy,iy
tcl,tcl
ae,ae
ax,ax
dh,n
t,t
axr,axr
z,s
dcl,tcl
ae,eh
dcl,gcl
l,l
m,m
ay,ay
ix,ix
eh,ae
s,s
ih,ey
ux,ux
ng,n
eh,q
uh,ix
gcl,gcl
ix,ix
k,k
q,ax
axr,axr
n,n
ix,ix
s,s
axr,axr
tcl,tcl
l,n
kcl,tcl
ax,eh
y,ix
k,t
axr,axr
eh,eh
r,r
dx,dx
t,sh
sh,sh
f,f
z,s
ix,ux
ao,ao
n,n
ux,ux
n,m
iy,iy
ax,ax
axr,axr
kcl,tcl
l,l
ax,ah
ae,iy
aa,aa
ae,ay
gcl,bcl
q,q
t,s
iy,ih
k,k
axr,axr
bcl,bcl
z,z
r,r
dh,l
ow,ey
q,k
p,hh
ix,r
n,q
p,p
kcl,kcl
p,p
tcl,pcl
eh,ey
r,r
m,m
tcl,tcl
aa,aa
ah,ah
f,f
f,f
dh,z
kcl,pcl
z,z
tcl,tcl
sh,s
gcl,tcl
n,n
ux,ux
v,f
ih,iy
r,r
bcl,tcl
kcl,q
r,r
ah,ae
kcl,pcl
n,nx
q,q
iy,iy
el,ao
gcl,tcl
s,s
p,p
q,q
k,p
ae,ae
uh,ix
th,dh
ux,iy
z,sh
ih,eh
s,s
aa,aa
k,p
r,r
ix,ix
p,p
kcl,tcl
n,n
s,s
iy,ix
ao,w
dx,dx
dh,p
n,dx
f,f
eh,eh
ey,ih
m,bcl
v,n
v,v
dcl,dcl
q,bcl
m,m
eh,ih
w,w
v,dh
l,l
ae,eh
v,v
ih,ix
kcl,kcl
ax-h,tcl
sh,sh
tcl,tcl
ae,ae
ao,w
ix,ih
n,n
ih,ix
l,l
tcl,tcl
eh,eh
ih,ih
f,f
l,l
z,s
s,s
z,z
aa,aa
w,w
s,s
bcl,bcl
m,m
z,s
ah,axr
pcl,kcl
pcl,tcl
sh,ch
g,p
ih,ih
n,n
iy,iy
ih,ih
kcl,tcl
z,s
q,q
r,ix
kcl,kcl
ix,ix
axr,axr
iy,iy
f,f
z,z
n,m
s,s
z,z
ey,ey
gcl,dcl
ng,m
ix,ix
l,uw
q,q
s,t
el,n
s,s
s,s
er,eh
ah,ah
aw,ae
eh,ey
th,th
tcl,dh
dcl,dcl
aa,ao
s,s
n,n
eh,eh
bcl,bcl
ey,ey
axr,axr
tcl,tcl
b,tcl
w,ao
kcl,pcl
q,q
ax,dx
t,t
m,n
eh,ae
tcl,tcl
r,r
r,y
w,q
ch,sh
p,p
z,z
uh,ux
r,v
iy,er
ih,ey
d,d
kcl,kcl
dx,dcl
k,k
ih,ix
ax,ix
er,er
ae,ae
eh,ix
q,q
eh,ah
n,q
ae,ae
ah,aa
tcl,kcl
z,s
w,r
dcl,tcl
n,ix
s,sh
iy,iy
kcl,pcl
ae,ae
v,tcl
ay,ae
l,m
ao,ao
w,y
iy,iy
ix,ix
ix,ix
kcl,tcl
s,s
iy,iy
ch,sh
n,n
n,n
d,dh
iy,iy
eh,eh
pcl,pcl
d,t
n,n
iy,iy
ux,ux
s,s
tcl,pcl
uh,ow
eh,ae
t,t
kcl,tcl
ay,ay
aa,aa
ay,ix
m,m
w,w
ey,iy
ix,dx
f,f
dcl,dcl
axr,ih
m,m
f,pcl
ix,ix
ah,ih
s,s
dcl,dcl
en,tcl
ih,ix
r,r
ao,ah
sh,sh
s,s
ix,uh
er,er
v,v
s,s
ae,ae
q,d
v,v
zh,jh
ae,ae
q,q
k,k
ih,iy
ao,ao
w,w
kcl,dcl
ao,w
dcl,dcl
w,v
iy,iy
hv,p
ow,ow
n,n
y,iy
ix,ix
n,n
aa,r
eh,ih
ao,ow
aa,aa
ix,iy
z,s
s,s
dx,n
ay,ay
l,l
l,l
t,tcl
jh,sh
eh,r
z,z
y,y
bcl,bcl
ey,ey
nx,n
n,dx
hh,k
ow,q
oy,ow
ix,ax
ah,aa
ow,ow
axr,r
r,r
dcl,dcl
th,v
ix,ih
s,s
aa,aa
ey,ey
s,s
f,kcl
f,pcl
m,r
s,s
d,tcl
t,t
tcl,pcl
n,n
kcl,pcl
l,l
ao,w
en,n
n,n
en,en
aa,aa
ax,ix
w,w
sh,sh
q,q
ih,ix
dcl,dcl
n,n
m,dx
ae,iy
eh,ae
uw,r
l,w
pcl,pcl
z,s
s,s
z,z
m,m
ah,l
ay,ay
n,dcl
ix,iy
hv,hv
s,s
q,q
s,s
m,n
ae,ae
ux,ux
q,q
ix,ix
kcl,kcl
w,w
ih,ix
ah,eh
kcl,kcl
y,y
ah,ih
l,ah
ao,w
nx,n
sh,sh
l,m
jh,s
eh,ih
r,ih
m,m
kcl,kcl
ah,ah
ax,ix
ax,ax
aa,aa
gcl,gcl
d,t
k,k
f,pcl
w,w
ix,ax
k,k
s,s
ix,ux
l,r
ix,l
kcl,kcl
iy,iy
ow,w
r,bcl
pcl,tcl
eh,eh
l,l
ah,ay
m,n
s,s
ae,ae
n,gcl
ix,ix
k,k
n,dcl
m,n
d,dh
ih,ih
ow,ow
n,n
t,t
ih,ih
iy,iy
l,v
f,t
ax-h,hh
ao,r
el,l
s,s
ih,ae
ow,ow
ao,w
ow,ow
kcl,dh
s,s
ae,ae
q,q
iy,iy
l,w
sh,s
ax,ax
l,l
dx,ix
q,q
dh,dh
n,bcl
iy,iy
axr,r
iy,ix
iy,iy
hh,hh
ix,iy
ae,ae
kcl,pcl
ix,ix
ax,ix
n,n
kcl,kcl
er,er
dcl,tcl
ix,v
l,l
ao,ao
l,w
ax,ix
ow,ae
ax,eh
ah,aa
f,f
l,l
ax,ix
ax,ax
uw,ux
z,s
n,q
ih,iy
b,t
ih,ix
gcl,dcl
ix,ix
v,v
w,w
zh,s
q,q
m,m
n,n
axr,er
iy,iy
ix,ih
ao,ow
aa,ao
tcl,tcl
er,axr
iy,iy
n,n
z,z
r,r
ix,ih
eh,l
r,r
p,p
iy,iy
tcl,pcl
ch,t
n,n
w,r
er,er
dcl,dcl
iy,iy
ey,eh
t,d
r,axr
w,n
w,q
ay,ae
z,s
t,t
p,p
ae,ae
ax,ix
l,ix
kcl,tcl
ay,aa
f,f
t,t
kcl,kcl
w,w
eh,ax
m,m
tcl,kcl
ix,ix
bcl,bcl
er,axr
l,w
s,s
hv,hv
r,r
q,q
f,f
axr,er
er,r
ae,ae
ah,ax
ax-h,t
axr,axr
ix,ih
ao,ah
d,g
dx,dx
ih,iy
s,s
ih,ih
s,s
n,bcl
ih,ix
n,n
v,v
s,s
uh,iy
aa,aa
eh,eh
oy,oy
eh,ix
m,m
ah,ao
ax,ix
ax,ax
n,n
n,ix
oy,ay
kcl,kcl
iy,iy
n,n
l,q
axr,axr
ng,ng
ao,ao
k,t
f,f
ay,oy
tcl,dcl
y,iy
gcl,gcl
p,t
w,w
pcl,pcl
tcl,tcl
t,t
aa,aa
bcl,w
ow,ow
q,q
ih,ey
dcl,dcl
oy,ao
tcl,tcl
sh,sh
eh,ao
bcl,bcl
s,s
ih,ix
ey,iy
ao,ao
ih,ix
y,iy
ux,iy
s,s
d,t
t,t
ae,ae
r,r
hv,hv
l,l
aa,ah
eh,ae
iy,iy
ix,ih
n,n
ao,ao
n,n
ih,ux
n,n
eh,ix
bcl,pcl
ix,ix
z,s
axr,axr
ay,ey
ix,ix
s,s
tcl,tcl
m,m
aa,ao
q,ix
tcl,z
axr,ix
w,w
tcl,pcl
dh,p
dx,dx
z,z
ix,q
m,n
n,n
ow,ow
d,y
tcl,tcl
ah,ah
m,m
m,m
ix,ix
dh,dh
w,w
m,m
l,n
iy,iy
l,ax
dcl,dcl
tcl,pcl
ey,ey
v,v
ix,ax
ow,ao
ch,t
ix,ix
ih,ih
tcl,tcl
s,s
w,w
m,v
s,s
ae,ix
f,f
ix,ix
m,m
ax,ax
ow,ey
axr,axr
ah,ah
t,p
tcl,pcl
g,dx
n,m
ao,ao
er,er
eh,er
eh,ih
m,n
m,dh
uh,ix
ey,ey
ow,aa
l,w
kcl,kcl
t,k
l,ix
pcl,pcl
kcl,tcl
kcl,tcl
t,p
m,m
ix,ux
ao,aa
dx,dcl
kcl,q
w,w
y,y
iy,iy
r,ix
r,aa
dcl,tcl
ax,l
dcl,dcl
s,s
p,p
axr,axr
hh,hh
pcl,pcl
k,t
s,s
v,w
r,r
eh,eh
w,w
ae,ae
tcl,kcl
ix,ix
r,ax
iy,iy
dh,b
q,tcl
gcl,dcl
ng,n
kcl,tcl
s,s
iy,iy
ng,ng
s,s
dcl,dcl
ix,ix
r,ix
z,s
m,m
n,n
ix,ix
iy,ix
axr,r
k,t
ao,ao
kcl,kcl
ih,eh
m,m
z,s
bcl,bcl
k,k
z,z
iy,iy
r,r
l,w
k,kcl
ae,ae
m,dx
bcl,dcl
ae,ae
ix,ix
sh,sh
n,n
s,s
n,n
kcl,kcl
el,ao
r,ao
m,m
uh,ao
axr,ix
l,r
ax,ah
w,w
n,n
eh,eh
ae,ae
w,w
m,n
bcl,bcl
ux,ux
l,ih
ao,ae
ng,n
dcl,dcl
ow,ow
r,ao
m,n
r,r
kcl,tcl
v,dcl
iy,ey
m,m
tcl,tcl
ao,ao
t,t
r,r
ax,ax
l,l
dcl,dcl
v,v
ay,ae
el,q
p,p
dcl,dcl
kcl,tcl
w,w
aa,r
iy,iy
tcl,tcl
iy,ay
jh,t
iy,ix
q,ax
ix,ix
ae,ae
ux,ux
sh,sh
l,r
r,ix
ao,ao
m,m
l,l
ax,ix
m,ix
kcl,pcl
l,l
l,ax
ae,ae
r,r
v,v
axr,axr
q,q
ey,ey
k,t
tcl,tcl
z,s
l,l
ah,aa
q,q
r,dx
kcl,pcl
ay,ay
gcl,tcl
iy,iy
eh,ae
pcl,pcl
n,m
tcl,tcl
s,s
ix,ix
aa,aa
w,w
q,q
dx,dx
f,f
ah,eh
v,v
jh,s
dcl,dcl
ch,sh
ax,ix
ah,ix
oy,oy
ch,sh
r,r
ah,ow
aa,ao
n,n
n,n
r,r
p,k
tcl,pcl
z,z
ng,n
z,z
ix,ix
ah,eh
sh,s
dh,f
l,w
ey,ey
axr,er
n,n
l,l
ix,r
ao,aa
s,s
hv,v
r,r
s,s
gcl,gcl
ay,ay
s,s
jh,t
ix,ix
ax,ix
tcl,pcl
ih,iy
ix,ix
pcl,bcl
t,t
aa,ao
z,z
dcl,kcl
aa,ao
f,f
ay,aa
t,t
ih,eh
eh,ey
gcl,ix
w,w
k,k
n,n
dcl,v
l,l
ix,ix
dx,n
s,s
s,s
iy,iy
iy,iy
tcl,bcl
ey,ey
ih,ih
sh,sh
k,k
s,s
y,ix
ao,w
ch,sh
aw,ae
dcl,dcl
aa,aa
axr,axr
ae,ae
s,s
bcl,gcl
ax,q
r,r
dx,dx
eh,r
t,jh
y,ix
iy,iy
ix,ix
dcl,pcl
kcl,tcl
iy,iy
sh,sh
ah,ah
q,dx
t,t
ow,ax
tcl,kcl
bcl,bcl
eh,ae
p,t
ix,ix
ax,l
ih,iy
p,p
uh,ix
iy,ey
pcl,pcl
hh,p
l,l
n,n
ax,ax
oy,oy
er,axr
ah,eh
t,t
k,t
ix,ix
ao,ao
l,l
n,n
ow,eh
t,z
ix,ix
z,s
r,axr
s,s
er,axr
ax,ix
aa,aa
s,s
sh,sh
tcl,pcl
ah,eh
v,tcl
w,w
axr,ix
n,n
k,t
iy,iy
n,n
aa,aa
ih,iy
t,t
ix,ix
n,n
m,n
s,s
ah,eh
l,r
ax-h,ih
ih,ih
axr,axr
t,t
s,z
p,p
w,w
bcl,tcl
kcl,tcl
pcl,pcl
pcl,pcl
sh,sh
er,r
eh,ae
aa,er
axr,axr
s,s
n,n
ae,eh
ax,r
s,z
m,n
em,w
kcl,kcl
w,w
q,q
ih,ih
ae,ae
s,s
n,n
z,z
z,z
kcl,kcl
iy,iy
ay,ay
t,t
y,ih
axr,axr
n,n
dcl,dcl
l,l
ih,ng
l,l
ao,ao
kcl,kcl
iy,iy
ix,ix
n,n
ay,ay
axr,r
uh,ih
w,w
dh,n
sh,sh
ao,ao
hv,ix
ix,ix
dcl,n
ao,r
w,w
w,w
ah,ax
n,dcl
ae,ae
ow,ow
jh,sh
dcl,dcl
ae,ay
tcl,dx
f,f
axr,axr
ae,ae
s,s
s,s
r,r
g,g
r,r
iy,iy
hv,ix
y,y
ey,ey
iy,iy
ax,l
tcl,bcl
ix,ih
w,w
pcl,pcl
f,f
ow,ow
s,s
t,d
dcl,tcl
p,p
ih,ih
t,p
s,s
r,axr
ay,ay
en,m
f,f
ix,ih
ay,ae
iy,iy
w,w
r,r
aa,aa
ax,ix
s,s
r,l
bcl,kcl
l,uw
r,r
q,ax
ih,iy
aa,aa
iy,iy
ux,ix
n,n
d,dx
n,n
eh,ix
eh,ae
tcl,gcl
ah,uh
y,iy
w,w
tcl,tcl
ix,ix
kcl,kcl
ix,ix
tcl,tcl
bcl,bcl
d,n
n,dcl
iy,ix
t,t
k,p
ih,ey
ao,ow
ng,n
l,l
t,t
iy,iy
g,g
s,s
hh,hh
l,dh
ay,ay
z,k
s,s
w,w
ah,ax
dcl,pcl
kcl,kcl
aa,ae
s,s
s,s
ah,ah
p,p
r,ix
w,w
kcl,kcl
sh,sh
hh,t
r,r
ah,ah
ow,ix
s,s
n,r
z,z
jh,z
l,ax
k,k
gcl,p
n,n
tcl,tcl
tcl,pcl
er,r
r,r
ix,ix
z,z
oy,oy
kcl,kcl
s,s
ng,n
dcl,dcl
ix,iy
iy,iy
tcl,tcl
l,ix
nx,dx
dh,dcl
ix,n
ih,ey
ay,ay
ao,ah
ey,ay
ao,q
ix,ix
tcl,tcl
axr,axr
q,q
ng,n
aw,aa
aa,ah
tcl,tcl
ae,ae
ux,iy
s,sh
r,iy
s,s
axr,axr
t,t
aa,ao
n,n
y,n
dx,dx
s,z
ao,ao
g,g
kcl,tcl
s,s
ux,ix
ey,ix
g,tcl
axr,ih
r,r
uw,ux
l,l
l,ax
m,m
l,l
ix,ix
ey,ix
ao,r
ux,dx
uh,l
l,ax
tcl,dcl
ih,ih
ao,r
p,p
hv,ix
ae,ae
r,r
ao,ao
k,k
r,r
ix,axr
ih,n
n,dcl
ae,ae
iy,iy
tcl,tcl
f,f
ow,ao
eh,ey
n,ng
ao,ao
ax,ax
n,m
pcl,tcl
s,s
sh,sh
kcl,tcl
kcl,kcl
q,tcl
f,f
r,r
gcl,gcl
oy,eh
w,w
ih,ih
dx,dx
ae,ae
pcl,pcl
dx,dx
kcl,kcl
axr,axr
ax,n
kcl,kcl
n,n
iy,iy
n,n
axr,axr
f,f
pcl,pcl
ix,ix
ix,ix
aw,aa
aa,aa
l,l
m,dh
l,l
ax,ix
tcl,tcl
l,n
ow,ao
axr,axr
k,k
ao,ao
er,er
tcl,tcl
d,t
ih,ix
r,r
er,eh
gcl,gcl
ao,aa
r,y
l,l
kcl,kcl
l,l
f,f
dh,q
f,p
d,kcl
n,m
z,z
hv,hv
ow,ao
ix,ix
ix,ix
k,q
ae,ae
tcl,dcl
eh,eh
iy,ey
n,dx
v,dcl
bcl,v
kcl,tcl
ih,ix
m,n
ih,y
n,n
ix,ix
s,s
iy,iy
ae,ey
n,dcl
k,kcl
tcl,n
en,dh
l,w
n,n
ax,ix
gcl,dcl
m,m
dcl,tcl
iy,iy
k,g
tcl,tcl
tcl,tcl
l,n
iy,ey
ax,ax
aa,aa
pcl,pcl
f,f
y,y
r,r
w,w
s,t
t,t
s,s
t,t
tcl,t
p,hh
jh,t
tcl,tcl
r,r
aa,aa
iy,iy
bcl,tcl
kcl,tcl
iy,iy
l,l
hv,y
tcl,dcl
eh,ae
aa,aa
ah,ix
t,p
er,aa
w,w
aa,aa
y,dx
tcl,p
s,s
th,f
n,n
ux,ux
aw,aa
ix,ix
z,z
ao,aa
tcl,tcl
ao,ao
ay,aa
iy,iy
t,t
ax,ax
er,r
n,n
k,g
z,z
m,n
em,m
ao,ao
t,p
tcl,tcl
s,sh
bcl,bcl
jh,t
tcl,pcl
m,pcl
bcl,bcl
ae,ae
l,l
n,n
kcl,kcl
k,k
iy,iy
ih,ix
iy,iy
ao,w
kcl,tcl
d,p
g,k
l,q
sh,sh
gcl,gcl
dx,dx
s,s
ax,ax
r,r
axr,r
k,p
ay,ix
t,t
dcl,dcl
ix,ix
dh,dx
eh,ey
ao,ao
t,t
iy,ih
r,r
ih,ih
r,w
jh,sh
l,l
ey,ih
l,l
ao,w
hh,p
ow,ae
kcl,kcl
axr,r
n,n
q,q
gcl,gcl
f,f
v,v
l,l
ay,ay
t,z
t,t
w,w
dh,dh
ey,ey
ax,l
bcl,bcl
tcl,tcl
s,s
aa,aa
f,f
hh,p
tcl,ix
n,n
ax,ax
n,n
th,k
n,n
f,f
l,l
tcl,tcl
w,w
s,s
y,y
ix,ix
n,n
n,dx
f,f
s,z
ey,ey
iy,iy
er,axr
r,r
t,t
k,k
iy,iy
n,n
eh,eh
s,s
ih,ih
iy,iy
m,m
s,sh
z,z
ax,v
iy,iy
ix,ix
ae,ae
dcl,m
kcl,kcl
v,v
s,s
iy,iy
hh,t
tcl,pcl
m,n
kcl,kcl
bcl,bcl
d,t
axr,q
ax,ix
ix,ix
dcl,tcl
ae,ix
m,m
z,z
ih,ix
ow,ao
r,r
eh,ae
m,n
r,iy
iy,ix
dcl,gcl
aa,ao
ix,ix
t,jh
aa,aa
dcl,dcl
ax,ax
k,p
iy,iy
ix,ih
eh,eh
w,w
n,n
n,n
k,k
z,z
ih,ey
f,f
kcl,kcl
t,t
ao,ao
iy,ey
r,r
pcl,pcl
axr,er
iy,jh
ix,ix
s,s
s,s
pcl,pcl
axr,r
s,jh
r,w
k,k
eh,ix
ih,ih
tcl,tcl
en,m
w,w
k,k
s,s
eh,axr
l,l
tcl,kcl
pcl,tcl
dcl,tcl
p,p
er,r
dcl,ix
m,n
ih,ah
ao,ao
v,v
iy,iy
er,axr
ax,l
iy,iy
er,ux
ax,w
l,ao
n,n
ey,ey
dx,dx
ix,ix
s,s
p,p
iy,iy
iy,iy
z,s
r,r
s,s
axr,axr
aa,aa
n,n
eh,ae
s,s
l,l
l,l
r,r
el,el
q,q
ao,l
ih,iy
ah,ae
s,sh
eh,ao
aa,aa
q,q
ix,eh
tcl,tcl
q,q
gcl,gcl
hh,hh
pcl,pcl
ix,dx
ng,n
t,t
kcl,tcl
axr,r
ay,aa
q,l
dh,tcl
iy,iy
ay,ae
axr,ix
kcl,kcl
ae,ae
kcl,kcl
uw,ux
gcl,gcl
iy,iy
gcl,gcl
r,ao
axr,q
gcl,dcl
ng,n
dcl,dcl
sh,sh
t,t
ix,ix
ow,el
dcl,dcl
y,y
aa,ay
iy,iy
ax,ax
s,s
s,s
w,w
v,v
ae,ae
iy,ix
iy,iy
r,r
kcl,kcl
hh,tcl
r,r
iy,q
t,t
ix,ih
gcl,dcl
ao,aa
f,f
ix,ix
ix,ix
b,tcl
q,q
ax,ix
r,axr
aa,aa
dx,dx
ix,ih
th,th
aa,ae
g,k
f,f
ih,ax
ow,ih
s,s
axr,r
kcl,kcl
hv,hh
f,f
tcl,tcl
ix,ix
tcl,tcl
ax,ax
ix,ng
ae,ae
p,q
ix,ix
f,f
iy,ey
q,ix
v,v
g,dx
pcl,pcl
r,ax
w,w
ix,ey
pcl,pcl
tcl,kcl
bcl,bcl
dh,dh
r,r
s,sh
pcl,pcl
ax,ix
er,axr
ax-h,v
s,s
s,s
s,s
iy,iy
k,k
sh,s
ix,ix
tcl,tcl
axr,eh
gcl,dcl
em,m
iy,iy
iy,iy
l,w
ow,ow
s,s
v,ix
k,t
n,n
oy,oy
n,n
n,n
ay,ae
z,s
q,k
er,axr
t,t
t,t
uh,ih
q,q
ah,ih
el,el
l,w
ux,uw
uh,ux
n,n
pcl,tcl
f,f
tcl,tcl
ey,ey
iy,uw
axr,r
ao,ao
tcl,tcl
g,g
tcl,pcl
ix,ix
l,l
k,q
n,n
ow,ow
z,z
ae,ae
f,f
n,n
g,g
ao,ix
ay,eh
kcl,pcl
axr,r
ay,ay
hv,y
ao,ao
bcl,bcl
ix,ix
eh,ae
z,s
w,w
bcl,pcl
eh,ih
ah,ix
gcl,gcl
gcl,kcl
tcl,pcl
n,n
tcl,pcl
ix,ix
ux,iy
q,q
r,r
ng,n
z,z
ey,ey
dcl,pcl
z,z
n,n
ix,ix
iy,iy
z,sh
q,q
kcl,kcl
m,ng
ah,ah
axr,axr
p,p
p,k
s,s
f,p
kcl,tcl
p,p
ng,m
z,z
ao,ao
r,ih
n,n
ow,ow
m,n
s,s
l,l
ah,ae
z,z
n,n
dcl,tcl
y,iy
k,k
tcl,tcl
uw,ao
ao,ao
l,l
sh,sh
ae,aa
s,sh
ux,ux
dx,dcl
l,l
ay,ay
t,t
dcl,tcl
m,m
kcl,kcl
f,f
ae,ae
eh,iy
th,f
r,r
ae,ae
pcl,pcl
s,s
n,m
er,er
iy,iy
bcl,pcl
n,n
jh,jh
iy,iy
pcl,pcl
eh,ih
n,n
l,ax
ix,ix
z,z
dh,p
dx,r
w,l
er,er
gcl,bcl
er,er
n,bcl
jh,jh
t,t
w,w
iy,ih
dh,dx
dx,dx
w,w
ix,ux
er,er
s,s
s,s
dcl,gcl
s,s
ow,ow
p,p
dcl,dcl
gcl,tcl
iy,iy
ih,ih
bcl,kcl
w,w
z,z
axr,axr
pcl,pcl
axr,axr
eh,ix
eh,eh
ae,ae
g,k
w,q
q,ax
w,w
s,s
eh,ih
tcl,pcl
gcl,n
ix,ix
ey,ey
axr,axr
ae,ae
ih,y
ix,ix
s,ch
tcl,q
pcl,pcl
tcl,kcl
dcl,tcl
z,s
m,n
ix,ax
ih,ih
tcl,tcl
ax,ax
eh,ey
m,v
g,g
ax,ix
r,r
ae,ae
dcl,dcl
axr,axr
v,z
oy,oy
l,l
ey,ih
k,k
p,p
ih,ix
el,el
dx,dx
ae,ae
el,ax
l,q
y,y
en,n
ae,ae
tcl,tcl
s,s
dcl,dcl
k,k
ey,ey
ng,n
ng,n
gcl,n
m,gcl
iy,ey
iy,iy
s,s
l,ax
ux,iy
l,el
iy,iy
ao,ao
dh,pcl
w,w
y,ih
m,m
b,p
em,m
dcl,dcl
kcl,pcl
g,d
r,l
w,w
ix,ih
v,v
ix,ix
ae,ae
ay,ae
iy,y
k,t
ah,l
dx,dx
n,ax
l,l
ix,iy
er,axr
l,l
n,n
l,ix
er,r
ow,ow
er,axr
g,g
v,m
z,sh
pcl,pcl
kcl,kcl
ux,ux
ah,ae
p,t
tcl,pcl
k,k
s,s
bcl,bcl
eh,eh
g,g
tcl,tcl
ao,aa
aa,r
dcl,dcl
ae,ih
z,s
bcl,bcl
l,ix
dcl,dcl
oy,oy
v,v
l,l
s,s
ey,ey
n,n
bcl,bcl
hv,l
iy,ux
f,f
w,w
f,f
ix,ix
ah,ao
dh,dh
gcl,dcl
iy,iy
kcl,tcl
t,d
ey,ey
tcl,tcl
ow,ux
ix,ix
n,n
ae,ey
dh,f
iy,iy
tcl,tcl
m,n
jh,jh
l,ao
n,n
ix,ix
n,n
w,w
n,n
z,s
ix,ix
r,r
pcl,tcl
pcl,pcl
kcl,pcl
z,z
er,axr
r,r
ow,ao
l,l
l,el
ih,ix
d,t
r,r
d,t
er,er
r,r
kcl,tcl
ae,ae
l,l
ih,ih
v,pcl
ah,ah
r,r
t,ch
gcl,bcl
er,axr
ao,r
ay,ay
kcl,tcl
sh,sh
d,t
n,n
ae,ae
ih,r
l,l
eh,ix
iy,hv
ch,sh
n,ix
ax,ix
uw,uw
jh,t
ih,ix
hh,hh
oy,ay
uh,uh
ey,ix
l,w
bcl,tcl
n,m
dx,dx
ao,ao
ux,ux
aa,ah
l,l
kcl,kcl
l,l
iy,iy
s,s
r,ay
ih,eh
gcl,gcl
n,n
nx,n
uw,uw
ao,ao
ng,ng
ux,ix
q,q
dcl,gcl
gcl,pcl
ix,eh
uw,axr
t,t
s,s
en,m
dcl,dcl
iy,iy
n,n
z,s
nx,nx
s,s
eh,ae
p,p
eh,ix
k,k
kcl,pcl
axr,axr
ah,aa
k,t
ao,ao
tcl,tcl
s,s
ao,ao
k,d
ax,axr
dcl,tcl
dcl,dcl
ey,ey
en,n
aa,aa
ay,ae
f,f
dh,ix
iy,ix
n,n
bcl,tcl
iy,iy
ih,ax
axr,iy
ae,ae
d,d
ao,ao
ah,ix
t,b
iy,iy
r,r
ae,ae
kcl,tcl
iy,iy
axr,axr
ix,ix
eh,eh
n,n
n,n
ix,q
r,r
kcl,kcl
pcl,pcl
ow,ao
n,n
ah,ow
p,p
bcl,dcl
ae,ae
el,q
ih,ih
dh,z
ng,q
ey,ey
r,r
k,g
n,n
q,ix
iy,iy
n,ix
sh,s
z,z
d,tcl
kcl,dx
ih,eh
z,z
z,z
eh,ih
n,n
pcl,pcl
ae,ae
jh,sh
pcl,kcl
z,z
l,q
w,w
sh,sh
t,p
r,ix
sh,sh
w,w
kcl,tcl
k,k
r,r
ux,ux
ng,n
ux,ux
ax,ix
pcl,pcl
v,v
z,z
pcl,pcl
s,s
dx,dx
z,z
ey,iy
ah,ax
ix,ix
ow,l
eh,eh
r,r
dcl,dcl
ix,iy
dcl,dcl
t,t
ih,ih
aa,ow
oy,oy
kcl,kcl
v,dcl
oy,oy
m,m
tcl,tcl
r,r
axr,ix
aa,aa
q,q
ow,ae
ow,ow
l,l
tcl,p
m,n
r,r
ao,aa
iy,ey
ix,ix
ax,ux
dcl,tcl
eh,ae
dx,ix
k,kcl
dcl,dcl
ow,ow
n,n
r,ng
t,t
tcl,tcl
ih,ah
ih,iy
ow,ux
q,q
hh,k
r,r
en,n
ax,ix
t,t
w,w
dx,dx
pcl,pcl
hv,hv
tcl,pcl
ix,ix
pcl,kcl
dcl,dcl
ih,iy
q,w
ix,ih
f,f
ih,ih
v,ux
ih,ih
ax,ax
k,t
axr,axr
kcl,kcl
t,t
b,tcl
k,t
k,k
aa,ao
v,dh
r,r
m,m
iy,ey
m,m
aa,ah
ih,ux
f,f
ey,ay
ux,ih
gcl,pcl
q,q
p,p
dx,v
kcl,kcl
sh,sh
eh,ix
ay,aa
n,n
ux,ix
eh,eh
axr,r
p,p
l,l
iy,iy
ax,dx
n,n
ow,l
aa,aa
ae,ae
ix,ix
ey,ey
r,r
r,r
l,q
eh,eh
dcl,tcl
iy,iy
ow,ow
er,axr
q,q
dcl,dcl
dx,dx
dh,v
zh,z
axr,r
t,t
aa,r
z,z
ay,ay
aw,ao
l,l
dh,n
ey,ey
s,s
dcl,tcl
p,p
tcl,pcl
r,r
kcl,kcl
ix,ix
ah,er
y,y
n,n
n,ix
z,z
p,p
z,z
gcl,kcl
bcl,bcl
r,r
kcl,pcl
l,l
p,p
k,p
ey,ey
r,r
ow,l
bcl,bcl
n,n
axr,axr
dx,dx
k,k
g,k
ux,ux
w,w
nx,dx
tcl,n
nx,bcl
q,q
ax-h,kcl
hh,p
w,w
f,f
dcl,tcl
ow,ow
pcl,pcl
oy,oy
sh,sh
w,w
l,l
w,w
n,n
f,f
dh,tcl
ax,eh
bcl,bcl
sh,f
r,r
ax,ax
ey,ey
dcl,dcl
ae,ey
uh,ah
ae,ae
dcl,dh
f,f
ey,eh
eh,eh
n,n
iy,ix
l,ax
k,hh
r,axr
f,f
f,f
w,w
ax,l
k,k
ao,aa
aw,aa
ey,ey
r,r
pcl,pcl
ux,ux
tcl,tcl
ux,iy
ao,ao
s,s
kcl,tcl
ix,ix
iy,iy
l,ix
ax,ax
kcl,tcl
ao,ao
m,bcl
s,s
ax,ax
tcl,ix
l,w
k,k
eh,ae
m,m
q,q
dcl,kcl
ey,ey
r,r
z,s
ae,ae
iy,ey
dcl,dcl
tcl,pcl
ow,ah
ih,ux
iy,ih
m,m
r,r
l,l
v,v
kcl,tcl
s,s
ey,ey
t,t
sh,sh
ay,ah
dcl,dcl
m,l
iy,iy
s,s
p,p
l,l
tcl,tcl
ae,ae
q,q
ih,ih
n,n
ix,ix
nx,dx
dcl,dcl
ax,ax
ix,iy
ow,ow
tcl,axr
ih,iy
k,k
t,t
ah,ah
iy,iy
ix,ix
r,q
ah,ax
kcl,kcl
dx,tcl
tcl,m
ax,ax
dcl,dcl
ix,ix
axr,eh
hv,ae
tcl,tcl
t,t
ix,ix
dcl,dcl
y,iy
aa,ao
w,w
w,dx
bcl,bcl
dcl,dcl
pcl,pcl
kcl,pcl
s,s
tcl,tcl
ix,ix
z,s
dx,dx
s,s
kcl,tcl
t,t
l,l
r,r
g,p
ax,ax
dcl,tcl
ih,ih
en,ix
z,sh
p,p
l,l
el,w
dx,n
th,f
ih,ih
g,p
d,d
k,k
ix,ix
kcl,kcl
s,z
ah,ah
ax,ax
axr,eh
dh,p
pcl,v
ow,ow
ao,ao
sh,sh
ix,ix
eh,ae
r,r
q,q
axr,er
n,ng
ae,eh
ih,ae
tcl,tcl
kcl,tcl
ix,ix
sh,s
tcl,tcl
tcl,tcl
w,w
axr,dx
r,r
kcl,tcl
ih,q
ae,ae
n,v
p,p
l,l
n,n
ae,ae
n,bcl
t,t
bcl,bcl
ow,el
th,kcl
jh,jh
eh,ih
k,k
f,f
w,w
ay,ay
ae,ae
ae,ae
dcl,pcl
tcl,tcl
ih,ey
ae,ae
ao,ow
er,axr
oy,ow
ch,sh
s,z
bcl,bcl
ay,ay
s,s
ng,ix
ix,ix
tcl,kcl
iy,iy
y,y
ax,ix
kcl,pcl
s,s
axr,ih
q,iy
p,p
ae,ae
aw,ao
dx,dcl
tcl,n
ix,iy
ih,ix
t,t
tcl,pcl
w,w
ao,ow
m,v
ix,ix
s,s
en,ax
er,r
v,v
ae,ih
r,r
ax,ax
s,s
b,p
ix,eh
gcl,dcl
s,s
ix,iy
kcl,kcl
s,s
p,f
th,s
z,s
w,w
aa,r
ey,eh
uh,l
l,l
l,l
nx,n
s,s
aw,ae
s,s
gcl,gcl
gcl,gcl
ax,ax
aa,aa
pcl,tcl
ux,ix
eh,eh
t,t
w,ux
ix,ix
t,k
l,l
sh,sh
k,k
z,s
dh,v
axr,axr
bcl,dcl
r,axr
sh,sh
ax,ax
p,p
th,v
th,t
ao,ao
m,m
aa,ae
ax,ax
ih,iy
dx,n
pcl,tcl
hv,hh
kcl,kcl
ix,ah
d,t
iy,iy
gcl,dcl
ae,eh
iy,ix
th,dh
ax,ax
kcl,kcl
ah,l
hh,hh
ae,eh
dcl,dcl
r,r
eh,ah
el,l
r,r
tcl,tcl
ay,ay
w,w
tcl,tcl
ae,ae
dh,dh
q,q
iy,iy
ih,ux
iy,iy
iy,iy
ow,ax
l,l
n,n
ih,ix
gcl,w
q,q
axr,ix
pcl,pcl
z,s
dcl,dcl
el,el
bcl,bcl
n,n
k,t
em,m
ix,ix
hh,hv
en,n
iy,ix
z,s
pcl,tcl
s,s
eh,ae
r,axr
t,t
m,m
ix,ey
r,r
uh,ix
gcl,n
aa,aa
s,s
kcl,kcl
ow,ao
y,y
ah,eh
er,r
ax,l
sh,sh
l,l
eh,eh
r,r
tcl,tcl
kcl,tcl
sh,sh
pcl,pcl
s,s
iy,iy
el,el
iy,iy
axr,axr
hh,p
m,m
z,z
v,v
kcl,tcl
ax,axr
tcl,dcl
m,n
iy,iy
gcl,gcl
g,g
d,t
axr,axr
sh,sh
eh,ow
tcl,tcl
ae,ae
tcl,n
t,t
s,s
ih,ix
n,n
hh,t
iy,iy
l,el
kcl,tcl
s,s
b,dh
ae,ae
s,s
pcl,kcl
ao,ow
er,r
z,t
axr,r
iy,iy
g,g
l,l
p,p
s,ch
m,m
r,ng
axr,axr
t,t
r,r
bcl,bcl
axr,ih
t,t
nx,n
ay,ae
dx,ix
l,l
ey,ih
eh,eh
gcl,n
iy,iy
dcl,pcl
pcl,tcl
ih,ix
q,ix
k,k
v,dh
eh,eh
iy,iy
eh,eh
em,r
eh,eh
y,iy
r,r
r,r
aa,ao
ix,ih
s,s
m,n
ae,ae
n,n
pcl,tcl
iy,iy
tcl,tcl
ix,en
kcl,kcl
bcl,dcl
l,l
axr,r
w,n
ae,ae
p,p
gcl,tcl
ah,ah
ey,iy
aa,aa
ux,ix
w,w
z,s
pcl,kcl
eh,ih
er,er
ae,ae
y,y
ey,ix
uh,ux
kcl,kcl
n,n
aa,r
n,n
ao,aa
ow,w
ow,ow
ix,ix
gcl,pcl
ao,q
ao,w
n,n
dcl,dcl
bcl,bcl
ux,uw
t,d
s,z
f,f
p,p
s,s
q,q
r,ix
k,k
l,uw
iy,iy
w,w
axr,axr
iy,ih
ow,ao
s,s
r,w
ih,ih
ao,aa
n,n
tcl,tcl
t,s
s,s
iy,ih
ux,iy
z,z
kcl,kcl
axr,ih
l,l
sh,sh
ix,ix
gcl,bcl
axr,ix
w,w
ae,ih
eh,ix
q,q
b,b
m,dh
dcl,tcl
iy,iy
n,n
iy,iy
m,m
n,n
s,s
axr,er
m,n
eh,ih
ix,ix
nx,dx
n,ix
ey,ey
r,ix
ih,ih
n,n
ax,ix
t,dh
z,z
sh,sh
ih,r
k,k
hv,ix
n,n
ix,ix
ix,ix
tcl,dcl
ng,n
ae,ae
k,d
sh,sh
ah,ae
b,b
ey,ey
ae,ae
aa,ao
y,iy
l,w
s,s
l,w
l,w
dx,ax
q,q
bcl,dcl
r,r
ey,ih
aa,ao
y,iy
ih,ix
gcl,tcl
ax,l
uh,ix
q,q
w,w
iy,ix
r,r
k,k
tcl,tcl
s,s
eh,ah
l,l
m,m
iy,iy
z,s
tcl,pcl
t,tcl
jh,jh
m,m
sh,sh
tcl,tcl
r,r
bcl,dcl
z,z
hv,hv
kcl,tcl
s,s
l,l
ix,iy
g,k
eh,eh
th,z
axr,r
ux,r
ih,ow
dcl,dcl
axr,r
ah,ih
s,s
ih,uh
ih,ih
ux,ih
aa,oy
ay,ae
n,n
dcl,dcl
t,hv
s,s
dcl,tcl
ih,ix
zh,z
tcl,dcl
pcl,pcl
ay,ay
s,s
ah,ah
s,s
ng,n
q,k
aa,aa
ih,ix
tcl,pcl
ao,aa
t,t
iy,iy
ng,ix
k,p
th,tcl
iy,iy
hh,t
s,s
ae,ae
r,r
r,r
k,k
hv,y
pcl,pcl
tcl,tcl
ow,ow
en,ix
m,n
ao,ay
ae,ey
k,kcl
ix,eh
eh,eh
ix,ng
r,r
l,l
t,t
s,s
aa,ah
th,f
v,v
l,l
aa,aa
s,s
dcl,gcl
hh,hh
tcl,tcl
r,iy
n,n
ix,ix
n,r
ix,ix
axr,er
hh,k
aw,aa
y,gcl
k,g
y,iy
s,s
l,l
ix,ix
r,r
r,r
pcl,pcl
tcl,pcl
r,r
ih,ih
ux,ux
m,m
ow,ao
m,m
s,s
axr,r
iy,ey
pcl,pcl
k,k
q,q
p,p
tcl,kcl
aa,aa
s,s
axr,ux
bcl,bcl
dh,l
ow,ow
iy,v
bcl,bcl
pcl,pcl
iy,iy
eh,ih
aw,ae
bcl,pcl
pcl,pcl
z,z
g,g
s,s
z,z
tcl,tcl
ih,iy
kcl,pcl
ix,ix
hv,hv
ah,l
el,el
m,kcl
l,w
axr,r
p,p
er,ih
n,n
ao,ao
ey,ey
q,dx
z,sh
dh,dh
axr,axr
tcl,tcl
kcl,kcl
eh,ih
ae,eh
q,q
kcl,kcl
p,p
l,l
ix,n
kcl,kcl
z,s
eh,ah
ao,ao
tcl,tcl
k,k
n,n
hh,k
gcl,gcl
gcl,bcl
f,f
dh,dh
l,l
aa,aa
r,axr
r,r
dx,dx
m,n
ax,r
ix,ix
r,r
ix,q
ih,ix
r,r
iy,iy
ih,ix
q,q
l,ax
uw,iy
kcl,tcl
kcl,tcl
n,n
p,hh
ae,ae
kcl,tcl
aa,r
ix,ix
kcl,kcl
bcl,bcl
aa,r
iy,ih
v,ax
ih,axr
m,m
n,m
b,p
q,q
iy,iy
sh,sh
kcl,kcl
ey,ey
z,z
m,m
z,z
ao,ao
dh,k
f,f
dcl,dcl
y,y
ng,ix
s,s
tcl,tcl
r,r
el,el
ay,ay
dx,t
ay,ay
l,ax
n,n
gcl,bcl
w,l
dcl,tcl
eh,eh
jh,jh
eh,r
ay,eh
s,s
n,n
dcl,dcl
z,z
iy,iy
eh,ih
k,k
kcl,kcl
pcl,tcl
en,dx
kcl,kcl
nx,dx
r,m
l,ax
l,w
eh,ix
ey,ey
eh,eh
n,ix
ng,gcl
ih,eh
sh,sh
n,ix
tcl,tcl
t,k
tcl,dcl
ng,n
s,s
n,m
ey,ey
tcl,tcl
k,f
aa,eh
d,dcl
tcl,tcl
dcl,dcl
ih,ih
pcl,pcl
sh,sh
iy,ux
bcl,bcl
sh,sh
ix,ix
r,r
sh,sh
ix,iy
dx,dcl
th,q
l,l
ih,ey
r,r
iy,iy
dcl,bcl
aa,ow
ix,q
s,s
kcl,tcl
w,w
r,r
dh,p
ow,ow
tcl,tcl
aa,aa
d,t
n,n
k,p
s,s
hh,p
ey,ey
n,n
aa,q
s,s
v,v
s,s
pcl,tcl
ow,ow
hv,hh
axr,ih
th,f
tcl,pcl
th,th
iy,iy
r,r
iy,iy
m,m
q,q
ux,ux
uw,v
bcl,tcl
r,r
q,q
r,ix
hh,hh
ix,ix
gcl,dcl
p,t
r,r
oy,oy
q,q
th,f
axr,axr
kcl,tcl
ow,uw
ux,iy
s,s
l,l
k,t
w,w
aa,aa
y,y
ae,ae
eh,eh
s,s
uh,eh
q,hh
dx,dx
r,r
kcl,tcl
m,m
ah,ah
eh,eh
q,y
iy,iy
dcl,dcl
z,s
eh,ih
bcl,bcl
w,q
ay,ey
n,n
f,f
pcl,pcl
r,r
tcl,dcl
v,v
ax,ix
bcl,bcl
r,r
l,l
dcl,dcl
gcl,tcl
s,sh
eh,eh
hv,iy
ch,sh
iy,iy
oy,oy
ix,ix
ux,ix
el,l
ix,ih
aa,ao
dcl,tcl
gcl,dcl
ax-h,d
ix,ix
ix,ix
axr,r
r,r
jh,ch
ix,ix
l,l
kcl,kcl
ey,ey
ae,ae
ae,ae
ao,w
bcl,dcl
kcl,kcl
ah,ah
y,ix
tcl,kcl
ix,ix
ix,ix
ay,ae
k,t
pcl,tcl
ih,iy
ae,ae
s,s
w,w
y,iy
m,n
m,n
g,g
uh,l
th,v
l,ax
pcl,tcl
s,s
q,tcl
s,s
bcl,bcl
p,p
r,r
ay,ay
r,r
ae,ae
hh,p
tcl,q
iy,ix
t,t
iy,ey
bcl,dcl
sh,sh
q,axr
sh,sh
r,axr
s,s
tcl,tcl
hv,w
ae,ae
iy,iy
w,v
r,r
eh,r
p,t
n,w
n,n
n,ix
y,ix
n,dcl
k,kcl
ng,n
ix,ix
ah,ah
p,p
kcl,kcl
axr,axr
axr,r
ae,ae
ix,l
iy,iy
n,n
sh,sh
y,iy
axr,ih
sh,sh
ao,r
bcl,bcl
ao,r
t,t
iy,iy
ih,ih
bcl,bcl
ax,ix
k,t
l,l
aa,aa
n,n
ih,ih
l,l
ix,ux
aa,aa
eh,eh
eh,ix
aa,aa
uh,ax
dcl,bcl
iy,iy
q,q
w,ao
f,f
k,t
kcl,tcl
hh,hh
ch,t
s,s
dcl,bcl
d,t
ey,ey
ow,l
t,t
t,t
axr,bcl
bcl,bcl
ay,ay
w,w
z,s
sh,sh
n,n
aa,ax
iy,ix
l,l
s,s
n,n
er,er
w,w
ix,ix
k,k
l,l
p,t
m,bcl
ax,r
s,s
ix,dcl
iy,iy
w,w
tcl,tcl
ix,iy
iy,iy
ih,ax
ey,ih
ah,ah
k,k
hv,hv
f,s
n,n
l,l
sh,sh
kcl,tcl
n,n
s,f
el,el
iy,iy
bcl,n
ux,ux
n,n
gcl,tcl
tcl,pcl
t,t
r,ax
tcl,tcl
m,bcl
ae,ix
en,ix
f,f
uh,ax
axr,axr
jh,t
ax,ax
ah,eh
ax,ix
iy,iy
ax,ix
sh,sh
r,r
sh,s
ay,ay
t,s
w,w
gcl,gcl
l,n
iy,iy
l,l
y,y
f,f
en,n
s,s
ng,n
ah,aa
gcl,kcl
ay,ay
r,r
t,t
gcl,bcl
iy,iy
axr,eh
aw,aa
ey,iy
pcl,kcl
ax,ax
jh,jh
ix,ix
kcl,kcl
ow,ow
dh,dh
z,z
d,t
ax,ax
tcl,pcl
tcl,tcl
s,s
ng,n
ix,ix
dh,ix
iy,iy
ax,ix
iy,iy
w,w
ng,n
z,z
ih,ix
s,s
ix,ix
ay,ay
tcl,tcl
iy,iy
k,d
pcl,pcl
r,r
iy,ux
r,r
q,q
iy,y
ux,ux
f,f
r,r
q,q
s,z
r,ih
dcl,g
s,s
n,ax
jh,jh
s,s
s,s
l,l
dcl,bcl
ax,ix
gcl,dx
ix,z
jh,jh
pcl,kcl
ow,ow
n,v
ao,w
ix,ix
l,el
ao,ao
dcl,dcl
l,l
d,d
t,t
kcl,kcl
z,z
el,ax
ix,ih
iy,iy
hh,hh
r,r
r,r
ao,ao
r,r
t,t
m,m
m,m
el,el
gcl,dcl
t,t
dx,dx
l,el
ay,ay
z,z
eh,ih
t,t
ix,ix
ax,ix
q,ix
iy,ey
ae,ae
ih,ix
r,r
tcl,tcl
tcl,bcl
ae,ae
v,v
ow,ow
aa,ay
r,axr
ax,ax
aa,r
gcl,gcl
er,er
tcl,tcl
ae,ae
ey,ey
ix,ix
k,k
t,t
ey,ey
zh,jh
r,ao
ey,ih
ix,ax
iy,ux
aa,aa
ix,ix
ux,ux
g,k
axr,r
t,s
ix,ix
l,l
iy,iy
ix,ux
jh,jh
jh,jh
bcl,pcl
r,aa
ah,ah
axr,axr
ay,aa
dx,tcl
n,n
er,er
w,w
kcl,kcl
ix,ix
iy,ey
v,v
ae,ae
d,tcl
ih,ix
n,n
aa,aa
n,n
r,r
gcl,bcl
aa,aa
ao,ao
g,g
r,r
ay,ay
pcl,tcl
n,n
k,k
dx,dx
k,t
n,tcl
hv,ix
ao,ao
m,m
aa,ae
ih,ih
ow,eh
ah,ix
n,v
aa,aa
g,kcl
iy,iy
ay,ay
k,k
t,t
hv,hh
s,s
l,ax
s,s
ao,ao
ix,ix
zh,sh
ix,ix
hv,hv
ix,ix
th,th
jh,jh
uh,ih
aa,aa
jh,jh
s,s
z,s
ix,ix
l,ax
ae,ih
r,r
w,w
ih,ih
ey,iy
ax,v
kcl,kcl
eh,iy
ax,l
t,t
s,s
n,n
aa,ow
r,r
dx,q
ao,ao
z,z
pcl,pcl
m,m
ix,ih
g,k
z,z
sh,f
uh,ih
t,jh
hh,tcl
ay,ay
kcl,tcl
f,f
axr,axr
ix,ix
v,v
ae,ae
bcl,tcl
axr,ix
r,r
ix,ih
kcl,kcl
uh,ih
kcl,bcl
f,f
k,k
s,s
z,s
k,t
gcl,bcl
ao,ow
kcl,tcl
ch,ch
v,dh
ey,iy
s,s
dx,v
uw,uw
z,s
ng,n
d,t
ey,ey
k,k
v,v
iy,ix
dcl,tcl
aa,aa
eh,eh
r,r
k,k
ah,ix
s,s
ih,ey
ow,eh
tcl,pcl
r,r
s,s
ih,ih
kcl,gcl
kcl,kcl
axr,axr
ix,ix
ix,ix
ow,ao
eh,ix
r,r
hh,p
ow,ih
ix,ix
tcl,tcl
p,t
q,q
aa,ao
jh,jh
pcl,pcl
th,th
k,p
axr,axr
tcl,n
axr,eh
ux,hv
t,t
sh,sh
ae,ae
eh,ax
eh,er
gcl,d
ax,el
ax,ix
m,m
dcl,d
eh,ae
m,ix
dx,dx
w,w
eh,eh
ng,n
eh,ax
z,s
n,n
ih,eh
gcl,gcl
s,s
ux,ux
l,ax
ih,ih
axr,ux
l,l
n,n
tcl,tcl
s,s
pcl,pcl
pcl,kcl
ey,ey
ng,n
ix,ih
iy,ix
l,aa
hh,t
q,q
kcl,kcl
iy,ih
z,s
iy,iy
tcl,tcl
tcl,tcl
s,s
ax,ax
iy,iy
bcl,dcl
ix,ah
f,f
n,n
hh,t
aa,r
ow,q
y,iy
n,ix
ih,ih
ih,iy
m,m
s,s
z,z
eh,eh
ih,ix
t,f
ae,ae
sh,sh
ow,l
p,p
ax,ah
tcl,tcl
kcl,kcl
gcl,bcl
hh,hh
ao,ao
sh,sh
p,p
gcl,dcl
r,r
r,m
s,s
n,n
r,r
axr,eh
ah,eh
gcl,pcl
v,v
ih,ey
ih,ix
kcl,pcl
iy,iy
ux,ix
v,v
ih,ih
ih,ih
t,t
m,n
f,f
ow,aa
dcl,dcl
axr,axr
ih,ih
l,l
q,q
ix,ax
ax,ax
s,z
l,uw
gcl,dcl
m,n
ix,dcl
bcl,bcl
n,n
dh,t
y,y
gcl,bcl
iy,iy
r,er
ax,l
s,s
ng,ng
ey,ih
ah,ow
w,w
p,t
en,ix
ah,ae
q,q
y,y
y,gcl
eh,ae
ae,ae
ae,ae
axr,ix
ih,ih
ae,q
q,q
ch,t
q,q
dcl,dcl
ih,ih
l,l
m,m
ae,ae
axr,axr
v,v
dcl,dcl
n,n
ey,iy
iy,iy
n,n
s,s
ih,ax
n,n
k,g
ah,aa
axr,bcl
ix,ix
axr,axr
w,w
ih,iy
ix,ix
iy,iy
p,p
dcl,n
l,q
t,t
hv,iy
aa,ix
w,w
s,s
hv,y
pcl,bcl
axr,axr
r,r
ih,ih
uw,ux
kcl,tcl
ae,ae
t,t
z,z
kcl,pcl
ow,aa
tcl,tcl
v,v
ae,ae
p,p
n,n
ay,ay
n,n
th,sh
m,n
tcl,tcl
l,l
dcl,dx
ow,ow
tcl,tcl
iy,iy
pcl,kcl
g,k
r,r
dcl,dcl
er,r
ao,ao
iy,iy
ae,ae
n,n
m,v
l,l
ow,ix
eh,eh
eh,eh
g,p
k,k
bcl,n
q,q
r,r
r,r
n,n
ao,ao
dh,th
ix,ix
ae,ay
eh,eh
l,dx
y,y
ix,ix
t,t
er,axr
kcl,tcl
t,t
pcl,pcl
aa,r
r,r
r,r
g,g
q,q
ao,aa
m,m
ax,l
ah,ah
ax,ih
l,w
v,v
ix,ix
er,r
q,q
gcl,kcl
s,z
hh,f
l,l
iy,iy
th,tcl
l,l
y,y
ey,iy
dh,t
dcl,dcl
axr,r
kcl,t
th,f
ih,ih
bcl,bcl
dx,dx
uw,ux
gcl,dx
el,q
ih,ih
pcl,pcl
iy,ey
gcl,dcl
dcl,dcl
dh,dh
dx,dx
gcl,gcl
eh,er
l,l
ao,ao
pcl,bcl
aw,aa
t,t
ah,er
b,q
dx,dx
l,l
iy,iy
dh,n
l,ax
iy,iy
tcl,tcl
ix,eh
kcl,kcl
gcl,gcl
z,s
tcl,tcl
p,p
th,p
ix,ax
q,tcl
s,s
g,dx
kcl,kcl
sh,sh
s,s
n,m
w,w
v,r
dcl,tcl
pcl,kcl
n,n
kcl,tcl
kcl,kcl
ch,s
k,k
ao,aa
hv,hv
pcl,pcl
g,k
sh,sh
hh,p
l,l
ao,w
ae,ae
r,r
dcl,dcl
dcl,dcl
ax,l
iy,iy
q,q
n,n
ah,er
w,w
ax,axr
ix,iy
ax,ax
hv,hh
ix,ix
l,w
l,l
ax,l
ix,iy
d,t
ih,ih
tcl,tcl
ix,ax
er,axr
dh,tcl
ao,ao
ae,ae
kcl,tcl
ix,ix
uh,r
iy,iy
r,r
er,er
f,f
hv,k
er,ih
ae,ae
iy,iy
d,t
gcl,kcl
dh,dh
q,b
ae,ae
n,n
ax,ax
uh,ae
f,f
ay,ay
eh,ey
eh,ih
tcl,tcl
eh,ae
p,p
aw,aa
jh,z
dh,dh
iy,iy
m,m
ih,ax
ey,ey
s,s
ae,ae
p,p
tcl,tcl
ey,ey
eh,eh
iy,iy
s,s
ix,ix
l,l
l,l
tcl,tcl
l,l
tcl,tcl
ey,ey
dcl,tcl
uh,r
m,m
y,y
en,n
kcl,kcl
ix,ix
r,r
gcl,v
tcl,kcl
ah,ah
q,q
r,r
s,s
y,y
aa,r
ey,ix
zh,z
ae,ae
