true_label,predicted_label
q,q
bcl,bcl
gcl,bcl
p,p
dcl,g
eh,eh
d,t
ch,sh
r,r
ow,ae
ch,s
r,w
ao,ao
eh,ey
s,s
ux,ux
kcl,th
ae,ae
r,r
sh,sh
t,t
ih,ey
iy,iy
z,z
g,g
ax,l
m,m
v,v
k,k
ix,ix
ax,q
s,s
m,m
eh,ix
ix,ay
d,k
l,l
v,v
t,d
iy,iy
w,w
ix,ae
ay,ay
ux,ih
sh,sh
ax,q
iy,iy
ao,ao
t,jh
ih,ax
iy,iy
ow,ow
ix,iy
ih,iy
jh,jh
nx,n
f,f
tcl,tcl
ao,aa
t,t
ax,l
z,s
w,w
dcl,gcl
iy,iy
aa,ao
iy,iy
t,t
s,s
iy,iy
z,s
ih,ix
ey,ey
dcl,dcl
ah,aa
f,f
n,n
oy,oy
m,m
ao,ao
axr,r
ow,ow
pcl,tcl
aa,aa
f,f
tcl,kcl
ix,eh
tcl,gcl
ae,ay
ae,ae
ey,ae
ux,uw
ax,ax
bcl,tcl
n,l
ay,ay
ao,aa
g,g
ix,ix
iy,ix
ae,ey
ay,ay
z,s
tcl,dcl
tcl,tcl
ey,ey
ax,ax
ax-h,kcl
l,r
iy,ix
p,dh
l,r
r,r
k,k
r,r
tcl,tcl
gcl,tcl
m,l
n,n
aa,r
w,r
l,ao
er,er
ay,ey
m,m
r,r
axr,er
dh,dh
r,r
ow,er
dx,dx
l,l
axr,axr
l,ao
dcl,tcl
ux,ix
n,n
ix,ix
s,s
bcl,m
l,l
k,k
hv,hv
kcl,kcl
oy,oy
n,n
n,n
pcl,tcl
z,z
k,s
er,er
p,g
dcl,dcl
n,n
ix,ix
r,r
t,t
tcl,kcl
n,m
g,g
k,k
iy,iy
r,r
n,n
t,t
sh,t
w,w
pcl,dcl
l,l
v,v
dcl,tcl
k,g
s,s
jh,k
p,f
r,er
tcl,gcl
ey,ey
n,n
s,s
ih,ix
k,k
k,k
bcl,bcl
jh,jh
pcl,tcl
dx,dx
w,w
z,z
ay,ae
aa,r
kcl,kcl
tcl,kcl
hh,hh
k,k
m,l
r,r
ng,n
ih,ih
ng,ng
ae,ae
s,s
kcl,dh
ih,ah
s,s
r,r
ey,ey
w,w
iy,iy
ey,ey
iy,iy
aa,r
ih,iy
ax,ih
tcl,tcl
ng,n
bcl,tcl
w,l
sh,s
q,q
axr,er
tcl,gcl
iy,iy
z,z
ih,ey
axr,axr
kcl,tcl
tcl,ix
dx,g
aa,ao
bcl,bcl
en,n
dh,g
eh,ah
axr,er
s,s
ow,eh
hh,tcl
dx,r
kcl,tcl
axr,r
s,s
dh,dh
ih,ey
w,ao
m,m
tcl,gcl
n,n
iy,ix
t,k
ix,ux
n,n
v,bcl
ix,ix
ao,w
th,th
ax,eh
ix,ix
axr,axr
ix,ix
sh,sh
ih,ux
m,dh
dcl,dcl
l,l
er,r
p,k
sh,sh
ix,iy
ih,eh
eh,ae
ix,ix
n,n
s,s
dcl,dcl
ay,ay
s,s
oy,oy
th,f
g,g
ow,ow
th,v
ey,ey
ae,ae
ah,ah
ih,ix
s,s
nx,n
ix,ix
m,w
y,q
aa,aa
ih,ix
aa,r
ix,ix
tcl,tcl
hv,hv
tcl,dx
ax,ax
f,kcl
n,ix
t,dh
m,n
ih,iy
v,dcl
p,f
z,tcl
th,k
ix,eh
ax,ax
tcl,tcl
pcl,pcl
aw,aw
pcl,tcl
k,k
ng,dcl
n,ae
aa,ao
ng,n
dx,dcl
ix,ix
v,v
gcl,dcl
tcl,kcl
s,s
p,f
pcl,t
ae,ae
d,t
kcl,kcl
ey,ih
aa,r
ey,ey
n,n
w,m
th,s
ix,ix
s,s
k,k
ng,n
ih,iy
tcl,tcl
ix,n
w,w
s,s
kcl,kcl
m,n
w,w
kcl,kcl
tcl,n
tcl,kcl
iy,iy
en,n
z,s
kcl,tcl
l,l
iy,iy
kcl,kcl
z,s
ow,ow
n,n
hv,hv
r,ae
tcl,tcl
r,r
ix,ix
tcl,kcl
ax,nx
axr,v
ae,ey
l,l
dx,dx
n,n
iy,ey
iy,iy
q,q
ao,ao
ae,ae
ae,ae
ax,ax
s,s
s,s
kcl,kcl
t,t
pcl,tcl
oy,oy
er,r
ix,ix
n,n
dcl,tcl
oy,ay
r,r
k,g
l,l
ix,iy
dcl,ix
s,s
aa,aa
aa,aa
ux,ux
ih,ix
ax,ix
pcl,tcl
dx,dx
axr,axr
jh,t
dh,dh
r,r
er,axr
aa,ay
ae,ae
iy,ix
z,z
ao,ao
n,n
eh,eh
bcl,bcl
dcl,gcl
ey,ey
dcl,dcl
hv,n
ax,r
eh,eh
r,axr
er,er
ae,ae
ae,ae
n,n
ae,ae
t,t
ah,eh
ux,ux
v,v
aa,ae
iy,iy
ax,eh
s,s
kcl,tcl
q,q
axr,ow
d,z
q,k
aa,aa
f,f
ax,ax
l,l
l,l
sh,sh
ix,ix
m,m
kcl,tcl
gcl,gcl
ih,ih
ao,ao
eh,eh
eh,ey
m,n
ax,ax
ao,ao
iy,ey
ay,ay
ae,ae
el,el
ae,ae
ix,ix
kcl,kcl
z,z
ay,ay
n,n
l,l
n,dcl
aa,ay
jh,ch
dx,dx
n,n
pcl,tcl
k,k
ow,ao
dx,dx
l,l
ow,ix
iy,iy
t,t
n,n
axr,axr
ix,iy
l,l
l,q
t,t
s,s
tcl,z
r,r
tcl,tcl
iy,ey
m,n
f,z
t,t
f,f
ah,ah
t,k
t,k
axr,axr
ah,ux
uw,ux
bcl,tcl
ih,axr
eh,ae
l,w
eh,ae
z,z
s,s
axr,ae
ao,ao
t,t
z,k
q,l
t,v
dcl,gcl
t,t
iy,iy
en,n
p,k
ah,l
ih,ix
axr,er
r,r
hh,t
eh,ey
r,r
v,z
aw,ae
axr,r
ey,ih
d,jh
dh,dh
ux,ux
eh,er
tcl,tcl
sh,sh
k,k
axr,r
n,n
s,s
s,s
l,l
ay,ay
ah,eh
dh,dh
er,axr
n,n
r,r
l,l
v,ax
l,l
l,q
w,m
pcl,kcl
n,n
m,n
r,r
s,s
el,l
el,l
k,t
axr,axr
eh,ix
er,er
t,k
s,s
ih,ix
ix,ix
z,z
pcl,gcl
ux,ux
k,k
axr,axr
pcl,tcl
dcl,dcl
ay,ay
sh,k
dh,z
ix,ix
n,n
ix,dx
ae,ae
ix,ix
ah,l
n,n
dx,r
aa,aa
ow,ih
q,q
s,s
n,n
k,k
ao,aa
ae,ay
axr,r
eh,ih
hv,y
axr,axr
tcl,tcl
r,r
er,er
dcl,dcl
ah,l
kcl,kcl
r,r
ch,s
kcl,kcl
iy,iy
kcl,tcl
eh,eh
ao,ao
kcl,ax
ow,ow
eh,er
s,s
ao,ao
y,y
v,tcl
m,n
ow,ow
ah,ah
ao,aa
tcl,tcl
p,k
axr,r
dcl,tcl
ae,ae
y,en
tcl,tcl
axr,iy
dh,z
pcl,tcl
r,r
g,dx
k,k
w,w
ix,ix
aa,aa
pcl,pcl
tcl,dcl
f,f
q,y
hv,k
hv,eh
bcl,dcl
ax,ix
axr,axr
tcl,dh
w,r
kcl,kcl
hv,dh
l,l
pcl,tcl
r,r
p,p
aa,ae
ae,ae
l,m
ih,ih
y,y
kcl,kcl
r,r
n,m
hv,q
b,dh
aa,ah
tcl,tcl
dx,dx
s,s
ch,s
iy,iy
ch,t
n,n
ao,ao
t,t
r,r
s,s
f,f
ow,axr
ix,ix
iy,iy
m,m
l,l
z,s
ey,r
l,l
ay,ay
dcl,dcl
k,hv
g,kcl
r,aa
iy,iy
ix,n
ng,n
l,l
l,ao
ix,axr
kcl,tcl
pcl,tcl
s,s
f,f
kcl,kcl
m,m
ae,eh
ih,ix
dcl,dcl
dcl,m
n,n
r,axr
dcl,dx
iy,iy
ow,ow
ih,axr
dcl,tcl
ae,ae
tcl,tcl
tcl,tcl
iy,iy
w,w
eh,ae
dcl,v
pcl,tcl
iy,iy
ao,ao
tcl,tcl
iy,iy
eh,ae
ux,ux
ah,ay
s,s
q,q
ow,eh
ix,ih
r,r
nx,nx
q,q
ix,hv
iy,ey
bcl,pcl
kcl,tcl
f,f
ay,ay
q,n
l,l
ih,iy
v,n
ao,l
p,k
z,z
ax,ax
ay,aa
ux,ix
ay,aa
ae,eh
ao,ow
ih,ax
k,k
ax,r
r,r
ix,z
t,dh
gcl,dh
jh,s
axr,r
r,r
ah,ae
tcl,tcl
ao,l
el,el
kcl,kcl
iy,iy
dcl,dcl
kcl,kcl
iy,iy
ao,ao
ah,ey
kcl,kcl
z,z
m,m
q,ix
ae,ey
m,n
tcl,tcl
q,q
axr,er
ay,eh
dcl,dcl
g,g
ix,ah
g,g
w,w
iy,ix
gcl,dcl
g,k
p,k
ix,axr
dh,v
n,n
ay,aa
s,s
kcl,dcl
er,r
s,s
tcl,tcl
pcl,tcl
ih,eh
eh,eh
ih,l
iy,ey
ae,ae
k,k
ao,aa
ay,ay
ix,el
k,k
ix,dx
k,k
dh,n
ix,ux
axr,axr
ae,ae
s,s
n,n
k,tcl
uh,ah
aa,ah
ax,ax
sh,sh
q,r
l,l
ix,ix
l,l
iy,iy
w,w
f,f
ng,n
ux,ux
eh,ey
pcl,tcl
kcl,tcl
ah,ao
kcl,tcl
t,sh
y,q
kcl,tcl
r,r
t,z
er,r
ih,ux
n,n
tcl,tcl
ow,uw
z,z
t,t
iy,ux
ey,ey
ow,eh
k,k
k,k
ix,ix
w,w
ao,ao
ih,ih
tcl,tcl
gcl,gcl
ix,ix
hv,l
q,q
er,r
gcl,dcl
v,z
s,s
l,l
tcl,tcl
ih,iy
ih,ix
ux,ix
l,l
p,tcl
m,n
f,f
w,w
y,ux
eh,er
tcl,tcl
ah,aa
k,r
p,th
ao,aa
n,m
ao,ao
bcl,bcl
ay,ay
ix,eh
n,n
l,l
q,l
z,z
k,k
eh,ae
ih,ih
s,s
tcl,tcl
pcl,tcl
sh,sh
l,l
iy,iy
k,kcl
nx,n
iy,ix
t,k
ey,ey
tcl,tcl
iy,ey
l,l
tcl,tcl
n,n
r,r
ay,ay
v,v
k,k
ey,ix
sh,sh
uw,ao
v,v
k,k
q,q
l,l
er,er
dcl,dcl
hv,v
l,l
kcl,tcl
iy,ey
ow,ow
tcl,tcl
f,f
y,iy
ih,iy
jh,s
ae,ey
axr,er
g,g
y,y
p,f
k,t
s,s
eh,ae
w,w
dcl,dcl
eh,eh
s,s
w,l
n,n
n,ix
axr,ix
s,s
pcl,tcl
r,r
p,k
ih,ih
iy,ey
s,s
ih,ah
s,s
jh,jh
s,s
ow,ow
g,g
l,l
z,s
eh,eh
iy,iy
n,n
m,m
n,n
ah,eh
m,n
ow,l
ow,ah
axr,n
ey,ey
z,s
eh,ae
er,er
s,s
r,ay
ae,ae
ix,iy
jh,jh
s,s
f,f
r,r
iy,iy
oy,er
bcl,bcl
l,r
ax,ix
v,v
l,n
ae,ae
ax,ix
r,r
r,r
dx,dx
dx,dcl
r,r
dcl,dcl
iy,iy
r,r
ow,ao
ax,l
ae,ey
ao,aa
y,y
ey,ey
ix,n
g,g
m,n
ax,ix
ix,ix
bcl,tcl
th,tcl
tcl,dcl
aa,aa
tcl,tcl
n,n
jh,d
tcl,kcl
l,l
axr,r
f,f
kcl,tcl
l,ao
eh,ae
gcl,dcl
ih,ax
n,m
ix,ax
ax,axr
er,er
pcl,tcl
n,n
ch,s
ih,ix
m,n
t,kcl
dcl,dcl
ah,ah
z,s
y,iy
z,z
l,l
tcl,t
hh,hh
q,q
ax,ax
ix,ix
ix,v
l,l
ay,aa
ih,iy
y,y
g,dh
k,k
eh,ae
er,er
dcl,dcl
er,axr
f,f
kcl,kcl
z,s
ix,ih
ow,ow
k,kcl
dh,dh
ah,ah
ix,ix
ih,iy
k,k
ix,ix
n,n
ix,n
m,iy
iy,iy
axr,r
n,n
l,q
ax,v
er,er
axr,ay
eh,ae
zh,z
s,s
bcl,bcl
ao,aa
tcl,g
m,n
n,dx
ix,ix
t,k
ey,ey
r,r
kcl,kcl
ix,ix
ao,ao
d,t
bcl,tcl
ao,ow
iy,iy
r,r
ux,ux
ax,g
k,k
oy,oy
iy,iy
y,k
m,m
ax,axr
eh,ey
pcl,kcl
sh,sh
n,n
iy,iy
axr,axr
dh,l
v,v
dcl,dcl
tcl,tcl
w,ao
ix,iy
iy,ux
r,r
dx,r
sh,sh
z,z
k,t
q,q
eh,eh
f,f
ay,ae
aa,aa
l,l
dcl,dx
t,dh
ix,ah
k,k
ch,s
z,z
dcl,dcl
ah,aa
dh,k
dx,r
aa,aa
eh,eh
m,m
kcl,tcl
s,sh
ah,l
t,t
iy,iy
dx,dx
r,r
m,q
ey,ix
sh,sh
axr,axr
aa,ao
m,m
hv,l
ah,aa
er,axr
tcl,tcl
s,s
dh,dh
ux,ey
m,m
nx,n
pcl,tcl
ix,iy
s,s
v,dh
r,r
ae,ae
er,er
m,n
gcl,tcl
ix,ix
dh,dh
k,k
ay,er
iy,iy
s,s
pcl,tcl
axr,ux
l,w
dx,dcl
aw,aa
ay,ay
p,q
ih,ix
v,ix
r,r
dcl,dcl
ae,ae
ah,ix
s,s
th,s
ix,ix
v,dcl
axr,v
w,n
th,z
ah,aa
bcl,bcl
tcl,tcl
n,n
ng,n
z,s
dcl,dcl
f,f
kcl,kcl
axr,axr
w,w
r,m
ih,ey
ao,w
aa,aa
ey,eh
dcl,bcl
s,s
aa,aa
r,r
r,r
ix,ix
s,s
ow,l
ax,ow
s,s
n,n
n,n
ih,ey
ix,ix
t,t
ih,iy
m,n
ch,t
f,f
tcl,tcl
ow,ow
p,p
d,t
n,n
d,tcl
k,k
ao,aa
k,k
ay,ay
q,q
gcl,tcl
ay,ay
ix,ih
axr,er
n,n
uh,aa
iy,iy
r,axr
l,l
ow,ow
ae,ae
ae,ae
ih,ih
l,l
tcl,dcl
ih,ix
pcl,pcl
hh,t
w,w
aa,ao
iy,iy
dh,y
bcl,n
iy,iy
z,s
l,ao
ih,ih
kcl,kcl
ah,q
ao,ao
m,n
t,f
iy,iy
ix,dh
ih,n
s,s
ae,ae
ix,ix
w,v
ow,ow
dcl,n
bcl,tcl
iy,ih
d,dh
tcl,dcl
ao,ao
er,axr
ey,er
pcl,dcl
s,s
l,ih
l,l
tcl,tcl
s,s
pcl,pcl
kcl,tcl
g,g
pcl,tcl
tcl,kcl
v,v
ey,ey
w,w
k,k
jh,jh
sh,sh
ao,l
kcl,tcl
ih,ey
iy,n
ix,ix
ax,ax
l,l
sh,sh
pcl,tcl
z,z
k,k
v,v
s,s
eh,ay
ax,n
n,l
axr,r
r,r
n,n
iy,iy
jh,d
ao,ao
ey,ey
s,z
n,n
ix,ix
ow,eh
s,s
k,k
t,t
dh,k
k,k
l,r
r,r
er,er
l,l
ax,l
z,s
pcl,tcl
ey,ae
ih,ux
tcl,tcl
bcl,m
q,q
tcl,kcl
dx,dx
z,s
ay,ao
m,y
tcl,tcl
n,n
ao,aa
kcl,kcl
w,l
bcl,bcl
z,z
bcl,bcl
ey,ey
ao,ao
r,er
w,w
ix,ih
k,k
ae,ay
kcl,tcl
p,k
iy,n
iy,iy
hh,f
ae,ae
w,l
bcl,tcl
aa,aa
n,n
r,r
q,q
t,t
ix,ax
iy,ix
y,y
bcl,tcl
q,q
er,er
iy,ih
ix,ix
bcl,dcl
iy,ih
sh,s
r,r
y,ix
kcl,tcl
ae,ae
k,k
iy,iy
s,s
ah,ae
pcl,dcl
t,t
t,t
sh,s
kcl,kcl
aa,aa
ih,ix
ih,ix
ih,ey
m,n
kcl,kcl
iy,iy
gcl,dcl
q,k
n,n
iy,iy
m,m
s,s
m,n
hh,hh
iy,iy
y,y
tcl,dcl
el,l
dcl,tcl
pcl,tcl
ow,ah
n,n
oy,ay
p,hh
ng,m
ah,ah
kcl,tcl
l,l
s,s
kcl,tcl
dcl,dcl
ao,ay
dcl,dcl
tcl,dcl
bcl,bcl
q,q
ih,l
tcl,tcl
s,s
iy,ay
nx,n
jh,jh
k,k
ao,ao
ix,ax
dcl,dcl
iy,v
s,s
eh,ae
ae,eh
ih,ih
r,r
z,z
tcl,tcl
ih,ih
zh,zh
axr,axr
iy,iy
ey,ay
ax,ax
g,k
ux,ux
ix,ix
tcl,tcl
m,m
ng,gcl
ix,ix
z,z
r,r
v,dh
n,n
g,g
t,t
ax,ax
tcl,tcl
ax,ix
ix,ix
gcl,kcl
m,m
m,gcl
ax,ax
ix,r
l,l
dcl,tcl
dh,t
r,r
en,n
axr,axr
p,t
g,g
iy,iy
axr,er
gcl,gcl
r,r
axr,er
ow,ow
iy,iy
ih,eh
ey,ey
el,ao
ey,ey
sh,sh
dx,dx
ix,ix
t,k
tcl,dh
z,z
ae,ae
l,l
r,er
w,ao
pcl,pcl
s,s
ix,z
ux,ux
ax,dh
iy,iy
v,v
el,el
dh,dh
l,l
r,r
iy,iy
w,w
aa,aa
ih,iy
p,p
dx,g
iy,ix
ih,ix
ah,ix
m,n
q,q
ih,ix
axr,ow
axr,axr
v,ix
gcl,gcl
s,s
l,l
k,k
l,ix
ix,ix
q,k
q,q
l,l
ah,eh
y,iy
iy,ey
pcl,kcl
hv,hv
ix,ix
dh,ix
tcl,dcl
t,t
ix,ix
iy,iy
m,n
k,k
l,l
k,k
bcl,bcl
z,z
n,n
dx,ix
pcl,tcl
iy,iy
ae,ae
eh,eh
ix,ih
n,n
el,l
eh,ae
l,l
axr,ix
ae,aa
gcl,kcl
kcl,tcl
y,iy
g,g
tcl,tcl
f,f
uw,iy
dcl,dcl
ow,eh
kcl,dcl
aa,ay
k,k
q,l
iy,ih
kcl,kcl
ch,jh
iy,y
gcl,gcl
s,s
ey,ey
n,q
tcl,tcl
dh,dh
ch,sh
k,k
l,l
q,q
z,s
ax,ow
bcl,tcl
q,w
w,ao
tcl,tcl
dx,dx
n,l
zh,sh
ah,ow
ax,ix
n,n
bcl,tcl
f,k
k,k
ax,ax
r,er
dcl,dcl
kcl,tcl
ao,ao
k,k
ax,axr
gcl,tcl
pcl,tcl
r,r
r,r
iy,l
y,ix
s,s
q,tcl
ix,l
ae,ae
dh,v
pcl,tcl
iy,ix
ae,ae
z,z
er,er
t,t
pcl,tcl
kcl,tcl
kcl,tcl
p,th
uh,ix
ax,q
pcl,tcl
aa,aa
q,ax
ih,axr
ax,ax
axr,axr
ay,oy
ax,ax
tcl,tcl
axr,r
axr,axr
f,f
ae,eh
m,n
y,ix
eh,eh
iy,iy
aa,ah
ao,r
v,v
aa,ay
v,v
ix,ix
ae,ay
l,n
dh,dh
l,l
l,l
iy,iy
r,r
w,el
s,s
k,k
ix,ix
n,n
m,m
axr,axr
r,axr
pcl,kcl
s,s
tcl,tcl
ao,ao
m,n
eh,ay
q,q
nx,l
s,s
iy,iy
eh,ae
kcl,tcl
r,r
en,en
aa,eh
r,ay
ey,q
l,l
ay,ay
z,z
sh,sh
ao,aa
dcl,dcl
l,l
sh,sh
ay,ae
ow,oy
ey,ey
m,ux
v,v
dh,f
n,dcl
th,t
k,k
ix,ix
y,y
n,n
g,dh
tcl,kcl
dcl,dcl
t,t
g,k
w,ao
ux,iy
k,k
s,s
ay,ay
l,l
jh,k
z,s
aa,er
iy,iy
tcl,tcl
s,s
g,g
ax,r
ae,ae
tcl,tcl
ao,aa
ix,ah
tcl,gcl
r,r
aa,aa
s,s
ao,aa
ih,ih
dh,l
el,l
ix,iy
tcl,tcl
l,l
kcl,kcl
y,y
ng,m
el,el
ao,ao
ix,ix
n,n
l,l
n,n
m,m
dcl,dcl
m,m
w,q
y,iy
m,n
ae,ae
hv,hv
l,ax
dh,t
r,axr
dx,dx
ix,ix
uh,oy
dh,th
ix,ix
k,k
s,s
ae,ey
y,y
s,s
ae,ae
r,r
ix,en
b,tcl
ay,ay
kcl,kcl
ae,ae
m,n
n,m
ax,l
eh,eh
v,v
ax,ix
l,n
hh,k
eh,eh
em,n
f,f
kcl,tcl
m,n
p,t
m,n
b,dh
t,t
n,n
ix,ix
p,p
g,g
eh,eh
s,s
hv,hv
p,dh
eh,ix
s,s
q,q
ix,ix
iy,iy
iy,iy
ix,n
s,t
dcl,dcl
l,l
hh,f
ih,ow
iy,iy
ae,ae
k,p
w,el
ux,iy
s,s
r,r
n,n
iy,iy
axr,axr
ah,l
ix,ix
ae,ae
jh,z
dh,l
er,l
g,dcl
t,t
dcl,tcl
t,t
q,ax
aw,ae
ix,ix
s,s
m,n
hv,n
q,m
bcl,pcl
sh,sh
z,z
r,axr
sh,s
ih,iy
s,s
ax-h,tcl
iy,iy
m,n
dh,dcl
n,n
ix,iy
dcl,tcl
dcl,dcl
ih,ih
r,ao
r,r
bcl,bcl
dcl,dcl
ih,ix
w,w
g,k
tcl,tcl
ix,ix
dcl,tcl
ax,ow
r,r
r,axr
ix,ix
y,y
pcl,tcl
ae,ae
ah,ae
eh,eh
ih,ix
ch,s
axr,axr
bcl,tcl
ey,ey
dcl,dcl
gcl,dcl
f,s
kcl,kcl
ch,t
ey,ey
f,f
ih,eh
uh,ix
ax,ax
n,gcl
s,s
ow,ow
er,er
ix,ux
iy,ey
iy,ix
kcl,tcl
ih,iy
aa,er
ih,ey
axr,r
ix,ix
s,s
m,r
tcl,tcl
dh,t
s,s
b,tcl
ay,ae
k,k
axr,axr
eng,m
r,ae
t,t
n,n
ih,iy
ey,ey
ix,y
ao,aa
ux,ih
tcl,tcl
ao,aa
y,y
s,s
iy,iy
er,iy
l,r
l,l
hh,hh
eh,ah
tcl,kcl
m,m
ux,ix
ax,ax
ow,er
ey,ey
iy,iy
ao,aa
ix,ix
l,l
ae,ae
k,g
el,el
p,k
m,n
t,k
r,r
bcl,tcl
uh,l
aa,r
ae,ae
ng,n
axr,r
tcl,tcl
axr,r
hh,p
ay,ay
ix,ix
s,s
ow,ao
r,r
k,k
f,th
eh,l
kcl,kcl
l,l
ey,ey
dh,k
l,l
axr,axr
s,s
r,r
ix,ix
r,r
l,iy
ae,ae
axr,er
ix,ux
dx,q
l,l
kcl,kcl
iy,iy
s,s
ng,n
ix,ix
ey,eh
m,n
n,dcl
ix,ng
tcl,kcl
n,n
en,n
pcl,tcl
ih,er
ae,eh
g,g
ch,s
pcl,tcl
em,m
ey,ih
kcl,kcl
s,s
t,z
n,n
ah,er
f,th
en,n
s,s
r,r
el,el
er,er
dh,dh
w,w
ix,ix
t,t
ay,ay
ey,ih
ax,ax
ow,ow
axr,axr
pcl,tcl
d,g
tcl,tcl
l,l
k,k
kcl,kcl
el,el
ey,ey
eh,ae
z,s
kcl,kcl
iy,iy
ix,z
ix,ix
ix,ix
iy,iy
m,r
s,s
k,k
sh,s
iy,iy
f,f
l,l
jh,z
l,l
sh,sh
r,r
y,n
aa,aa
d,k
kcl,tcl
ux,ix
t,k
r,r
kcl,kcl
ao,aa
ey,ey
ay,aa
iy,iy
er,er
s,s
n,n
s,s
gcl,kcl
l,l
uw,axr
pcl,tcl
iy,ix
ax,ux
p,f
iy,iy
ao,aa
ux,y
pcl,tcl
tcl,dcl
kcl,tcl
l,q
er,er
l,l
aa,ae
ah,eh
s,s
q,q
dh,k
t,t
ux,ux
ay,ay
iy,iy
n,n
ix,n
iy,y
sh,s
dx,n
l,w
aa,ae
w,ao
eh,eh
q,n
sh,sh
n,n
th,th
w,w
ae,ae
ah,ah
s,s
t,t
r,r
hh,tcl
ow,ow
tcl,tcl
kcl,tcl
ix,ix
ux,ux
eh,ih
pcl,kcl
pcl,tcl
ow,ow
k,k
s,s
n,n
ax,ax
ix,ix
ow,ow
n,n
t,k
ao,ao
ey,er
ao,aa
ux,ux
gcl,dcl
oy,ao
m,m
ix,ih
sh,s
s,s
ax,ix
iy,y
ix,ix
n,n
ah,ah
m,m
kcl,tcl
z,z
ah,ix
r,r
f,k
t,t
m,n
t,t
r,axr
r,er
q,q
dh,n
l,ao
zh,s
ae,eh
r,r
iy,iy
d,d
ix,ix
ix,ix
s,s
ix,ix
ux,ih
tcl,tcl
m,m
r,r
tcl,dcl
iy,ux
pcl,tcl
axr,er
ae,ae
tcl,z
bcl,bcl
z,z
tcl,tcl
l,l
r,ao
aa,aa
r,r
ae,ae
kcl,kcl
r,r
ix,axr
q,q
ah,ao
t,t
b,dh
m,m
ix,ix
kcl,tcl
bcl,bcl
l,l
t,t
ao,aa
z,s
tcl,kcl
l,l
w,ao
pcl,tcl
en,n
hv,hv
iy,iy
q,q
ng,n
n,n
ux,iy
p,k
v,tcl
bcl,dcl
gcl,gcl
dcl,dcl
ix,eh
dh,z
ax-h,dh
kcl,tcl
ae,ay
k,k
m,n
bcl,dcl
t,t
l,l
pcl,v
l,ix
ae,ay
ix,ix
iy,ux
r,r
r,r
iy,iy
kcl,kcl
ah,ah
dh,dh
ix,ix
ae,ae
m,m
l,l
kcl,p
l,ao
r,r
ih,ux
r,ax
ax,l
iy,iy
s,s
z,s
t,k
pcl,tcl
z,s
f,f
iy,iy
l,ax
ix,ix
p,k
aa,ay
iy,iy
ix,ix
s,s
bcl,tcl
er,axr
dh,ax
ih,eh
r,r
axr,r
dcl,dcl
z,z
ae,ae
ax,ix
m,n
tcl,s
nx,n
f,f
s,s
r,r
ix,axr
z,z
tcl,tcl
d,dx
w,w
iy,iy
ix,ix
t,sh
n,n
tcl,tcl
ao,ao
th,f
n,n
n,n
dh,dx
tcl,tcl
dx,dx
iy,iy
iy,ey
ae,ey
y,y
m,n
n,n
bcl,dcl
sh,s
z,s
k,t
r,r
ax,r
ux,iy
en,dx
kcl,kcl
v,f
n,n
iy,axr
ey,ae
eh,eh
z,s
kcl,kcl
aw,aa
tcl,tcl
tcl,tcl
ix,ix
ng,n
ah,ah
ey,ey
ix,ix
ih,ix
s,s
pcl,tcl
ix,ih
dh,dx
m,m
r,er
gcl,kcl
ax,eh
r,ix
ao,ao
ix,ix
r,m
axr,axr
ae,ae
kcl,kcl
aa,aa
ae,ae
m,n
r,r
ae,eh
dx,g
dh,dx
tcl,tcl
q,iy
r,r
en,n
iy,iy
iy,iy
w,w
q,ix
g,g
r,r
z,z
kcl,kcl
iy,ey
sh,s
f,f
uh,l
l,l
m,m
ih,ix
kcl,tcl
jh,ch
pcl,tcl
eh,eh
eh,r
n,ux
n,bcl
r,w
ih,iy
tcl,n
kcl,gcl
v,v
ao,ao
tcl,k
p,t
ch,sh
f,v
s,s
tcl,tcl
ix,ix
axr,er
uw,l
el,el
iy,ih
dh,f
hv,hv
b,k
ah,ay
z,s
pcl,kcl
kcl,tcl
kcl,kcl
l,l
z,s
hv,w
ow,aa
ix,ix
iy,iy
pcl,gcl
ao,aa
g,g
s,s
er,ux
ao,aa
ih,ey
ey,ey
r,axr
iy,iy
ch,s
er,axr
s,s
iy,iy
dcl,dcl
iy,iy
iy,iy
n,n
r,r
eh,eh
ih,ux
iy,ey
y,g
iy,ix
ix,r
p,dx
iy,axr
m,n
v,v
f,f
ah,ah
r,r
s,s
tcl,q
ih,ix
eh,r
ix,ix
ay,ae
s,s
ih,ix
l,l
ay,ay
v,dx
sh,sh
dx,dx
f,f
w,w
axr,axr
ix,ix
dh,dcl
s,s
ix,ix
bcl,dcl
dcl,dcl
ow,aa
k,k
ae,aa
bcl,tcl
p,g
kcl,tcl
p,k
eh,eh
r,r
s,s
n,dcl
aa,aa
s,s
k,k
ix,axr
w,w
r,aa
s,s
z,z
tcl,tcl
ng,axr
ay,ay
ae,eh
k,k
n,n
g,g
dh,v
r,r
kcl,kcl
k,kcl
ey,ey
s,t
g,k
tcl,tcl
t,s
eh,r
ax,ix
l,l
pcl,pcl
pcl,tcl
t,k
ih,ux
tcl,tcl
aa,axr
t,dh
tcl,tcl
gcl,gcl
k,k
er,axr
eh,ix
f,t
r,r
ao,l
ax,l
ey,ey
ae,ae
sh,s
ey,ay
er,er
jh,jh
aa,ah
uw,ix
n,n
ix,r
n,n
q,q
iy,iy
ix,ix
ah,n
tcl,tcl
p,k
eh,er
ix,ix
ih,r
k,k
ao,ao
iy,ey
k,k
axr,axr
ax-h,n
tcl,tcl
z,s
ae,ay
dx,g
gcl,n
axr,ix
ao,ao
nx,n
gcl,dcl
m,n
pcl,tcl
ay,ay
p,p
r,r
l,ao
gcl,axr
ey,ey
gcl,kcl
n,n
dh,n
w,r
ao,l
v,v
tcl,dcl
jh,k
ix,ix
ax,aa
kcl,tcl
gcl,gcl
ey,ey
f,f
dx,dx
ao,ao
s,s
hh,q
eh,eh
s,s
n,n
uw,ow
z,z
ao,ao
k,k
ae,eh
kcl,kcl
v,v
ix,ae
g,dx
ch,jh
dh,n
s,s
m,n
tcl,kcl
t,t
l,el
r,r
dcl,dcl
kcl,kcl
ix,ix
kcl,q
ae,ae
iy,iy
k,k
ay,ay
pcl,dcl
ay,ay
r,r
hv,k
s,s
bcl,bcl
ay,aa
ax,ax
s,s
kcl,tcl
iy,iy
n,n
ih,ih
v,v
ix,ix
l,l
ah,aa
r,v
aa,ae
w,l
jh,jh
ix,ix
dh,v
kcl,kcl
n,n
l,l
l,dh
l,l
ao,ao
k,k
ng,n
k,k
m,n
f,k
n,n
kcl,kcl
n,n
ax,ih
m,l
k,t
ax,ax
ix,ix
v,v
el,l
g,g
jh,jh
ax,ax
t,k
ng,n
t,kcl
ax,ax
el,l
bcl,bcl
ow,ow
ey,ey
sh,sh
ae,ey
ix,iy
ae,axr
k,k
ix,ix
v,v
axr,er
t,t
er,er
n,n
dh,n
r,r
axr,er
r,er
n,n
gcl,dcl
w,v
n,n
z,z
ih,ih
dcl,tcl
s,s
t,k
uh,axr
axr,ix
pcl,tcl
ix,ix
r,r
pcl,pcl
w,w
w,w
ax,ix
ix,ix
er,er
aa,ao
s,s
ax,ax
oy,ay
d,t
iy,ix
r,r
s,s
axr,q
aa,r
g,g
l,aa
p,k
ix,n
r,r
aa,aa
k,g
pcl,tcl
r,axr
z,s
bcl,n
f,f
bcl,n
m,n
l,l
ay,ay
m,m
m,m
s,s
f,f
r,r
ae,eh
axr,axr
tcl,kcl
m,n
tcl,dcl
l,l
ix,ix
tcl,tcl
ix,ix
l,l
uw,ux
dcl,dcl
p,k
ih,ix
jh,t
z,z
ih,ix
ix,iy
iy,iy
pcl,tcl
m,m
ix,ix
r,r
ix,ix
ix,ix
er,er
axr,axr
ay,ay
z,s
er,er
ao,q
g,g
hh,k
l,l
l,l
p,k
t,t
v,n
w,uw
k,k
r,axr
sh,sh
ih,ey
ix,ux
dh,dh
tcl,dx
ow,ow
ey,ey
aa,aa
pcl,tcl
s,s
ah,ah
s,z
m,n
w,w
axr,er
q,q
dcl,dcl
q,q
ix,ix
k,k
er,axr
axr,iy
ix,eh
nx,dx
jh,jh
pcl,pcl
iy,iy
t,t
eh,r
ih,ih
g,k
n,n
ax,ao
ix,ix
s,s
dcl,tcl
bcl,dh
m,m
z,z
eh,axr
p,d
r,r
kcl,kcl
gcl,dcl
n,n
ae,ae
p,k
ay,ay
axr,axr
pcl,tcl
f,f
iy,iy
r,r
s,s
kcl,tcl
ey,ey
n,m
ih,iy
l,ay
l,l
l,l
ay,ay
f,s
r,r
ao,aa
v,l
ih,ey
sh,sh
dcl,tcl
nx,n
aa,aa
tcl,tcl
l,l
oy,ay
ch,t
kcl,kcl
l,l
l,ao
bcl,tcl
jh,sh
l,l
nx,n
sh,sh
axr,eh
l,l
ay,ay
s,s
sh,s
eh,ae
ix,ix
t,k
r,q
r,r
m,n
ih,iy
dx,ix
l,l
s,s
t,k
bcl,bcl
m,n
iy,iy
k,k
z,z
kcl,kcl
l,l
r,r
axr,r
z,z
dx,tcl
dcl,dcl
ix,ix
hv,y
r,r
pcl,pcl
aa,aa
g,k
n,n
ah,ae
hv,ix
z,z
axr,axr
tcl,tcl
r,r
pcl,gcl
r,r
jh,k
ax,ax
iy,iy
ux,ey
iy,iy
ix,ix
tcl,tcl
dcl,dcl
jh,jh
ae,ae
eh,ae
ix,ix
m,n
q,q
dcl,dcl
iy,iy
n,m
r,r
r,r
ix,ax
iy,iy
ah,eh
kcl,kcl
gcl,kcl
t,s
dh,dh
f,f
tcl,tcl
ao,oy
s,s
dcl,n
n,m
s,s
s,s
q,q
ah,r
n,n
ax,ix
en,n
ix,ix
r,r
n,n
q,l
kcl,kcl
iy,iy
l,w
r,er
ow,ow
kcl,kcl
m,m
ao,ao
ah,eh
dx,l
t,t
en,n
t,f
gcl,dcl
b,tcl
m,m
s,s
aa,aa
ah,ix
ow,ow
kcl,kcl
k,k
ix,ix
pcl,tcl
ao,aa
ey,ae
g,g
dcl,tcl
ux,ux
iy,iy
dh,dcl
y,dcl
eh,ah
pcl,tcl
s,s
kcl,kcl
nx,nx
gcl,dcl
p,k
d,k
ao,ao
s,s
ae,ae
el,el
ax,ax
jh,k
dcl,dcl
ix,ih
s,s
ax,ah
ah,aa
n,n
ix,ix
ay,aa
iy,iy
r,w
kcl,tcl
iy,ix
iy,iy
tcl,dcl
th,tcl
gcl,dcl
sh,sh
s,s
aa,aa
iy,ix
dcl,dcl
tcl,tcl
aa,oy
dcl,tcl
d,z
ae,ae
y,iy
y,iy
hh,k
y,y
z,s
l,l
jh,ch
tcl,tcl
oy,ay
ay,ay
m,m
bcl,dcl
l,l
r,ah
f,s
tcl,tcl
v,v
ao,ao
l,l
iy,ey
bcl,dcl
v,f
v,dx
ax,eh
ow,ao
ih,ix
hv,hv
l,q
ah,eh
aa,aa
p,q
uh,ih
q,q
tcl,tcl
n,q
n,n
tcl,tcl
s,s
kcl,kcl
n,n
m,m
z,z
m,n
ix,ih
y,ih
q,q
ax,l
ey,ey
bcl,m
w,l
axr,er
ax,ax
ix,ix
l,r
n,n
dh,dh
z,z
tcl,kcl
sh,sh
f,f
n,n
pcl,tcl
iy,ix
z,dh
ao,ng
v,v
iy,iy
kcl,kcl
hv,ix
aa,r
eh,ih
iy,ey
ih,iy
eh,eh
tcl,tcl
f,s
ix,ix
kcl,tcl
eh,er
p,k
iy,iy
r,r
axr,r
ao,ao
eh,eh
bcl,tcl
q,q
z,z
uw,ux
n,tcl
dcl,dcl
s,s
dh,s
hh,p
dx,dx
th,th
kcl,gcl
t,t
bcl,dcl
ae,ae
ah,ah
eh,ae
m,n
ih,ih
eh,eh
l,l
kcl,tcl
er,er
ah,eh
axr,er
pcl,tcl
ix,ix
uw,ow
eh,eh
pcl,tcl
ay,aa
ae,ae
ao,ao
w,w
gcl,dcl
pcl,dcl
l,el
kcl,tcl
iy,iy
f,f
w,l
k,k
tcl,tcl
s,s
axr,axr
tcl,tcl
kcl,tcl
n,n
d,g
w,w
v,v
y,y
ix,q
hv,hv
ih,ae
iy,ix
kcl,tcl
ih,eh
tcl,k
l,ow
k,g
t,k
tcl,tcl
l,l
ih,eh
g,g
m,n
axr,axr
z,z
k,k
ae,ae
ey,ey
ix,ix
s,s
kcl,kcl
ih,ix
r,ix
hv,y
p,l
ae,ae
ix,ix
tcl,tcl
hh,ix
kcl,kcl
n,n
q,q
dh,m
m,m
l,aa
ix,ux
ae,ae
axr,axr
eh,ih
el,ao
s,s
t,t
sh,s
n,n
s,s
m,n
t,t
tcl,tcl
t,t
f,f
hv,iy
k,jh
ax,ix
iy,ux
p,k
q,q
r,r
eh,eh
kcl,dx
ey,iy
v,g
iy,iy
n,ix
th,f
aw,aa
r,r
bcl,dcl
t,t
t,t
kcl,kcl
nx,n
f,s
uh,ow
iy,iy
er,er
r,r
zh,s
m,m
th,t
dcl,n
iy,iy
ix,ix
m,m
iy,iy
ax,ax
ax,ax
m,r
z,z
eh,oy
aa,ae
ux,ux
ux,axr
dx,tcl
ao,ao
aa,er
z,s
ae,ae
s,s
q,q
iy,iy
axr,axr
k,k
s,s
ow,l
nx,ix
ix,ix
s,s
l,l
ae,ae
s,s
uh,l
ao,ao
s,z
ah,ah
n,n
ix,ix
n,n
z,s
n,n
axr,axr
er,axr
uh,eh
ao,aa
ix,ux
ey,ey
dh,dh
ih,iy
g,tcl
ix,ix
f,f
axr,r
dcl,tcl
s,s
v,ax
g,g
r,ix
tcl,tcl
ow,ao
tcl,tcl
er,axr
ix,ix
ax,ix
f,f
ae,ay
ae,ae
ix,dh
dcl,ix
aw,ae
l,l
k,k
er,er
l,l
iy,iy
w,w
tcl,kcl
ix,ix
axr,er
ey,iy
y,iy
sh,sh
iy,iy
q,en
ao,l
dcl,dcl
pcl,tcl
n,n
q,q
r,r
ae,ae
ix,ux
dh,tcl
ey,ey
ay,ay
tcl,dh
iy,iy
r,r
v,v
ae,en
sh,sh
k,t
axr,axr
iy,iy
ih,ih
ix,ix
pcl,tcl
ah,eh
eh,eh
l,l
ix,q
ih,iy
n,n
dh,n
aa,ah
dcl,dcl
w,w
w,l
v,v
ux,ux
ay,ae
ix,ey
k,g
m,m
n,n
ix,axr
ix,ix
ae,ey
ax,ix
pcl,tcl
dh,v
ow,el
ih,ih
n,n
gcl,bcl
ao,ao
dcl,n
jh,jh
ix,d
q,q
m,m
iy,iy
r,v
s,z
iy,iy
ah,ax
l,el
n,n
nx,n
m,m
ch,t
n,q
ae,aa
dx,tcl
tcl,tcl
s,s
ix,n
axr,axr
iy,iy
kcl,tcl
dx,tcl
m,n
n,n
ix,ix
n,n
th,dh
ow,ao
ey,iy
m,n
pcl,tcl
n,n
r,r
tcl,dcl
pcl,pcl
b,dx
axr,r
dh,n
iy,y
s,s
w,l
jh,jh
ux,ey
tcl,kcl
d,dh
k,k
t,t
kcl,tcl
kcl,bcl
oy,aa
ih,ih
kcl,kcl
bcl,bcl
ux,ux
ay,aa
ah,aa
eh,ae
z,s
m,m
bcl,bcl
ix,ix
th,th
iy,iy
axr,axr
iy,ux
dcl,dcl
ih,ux
ih,ix
el,ax
n,n
r,r
ey,iy
gcl,gcl
hv,hv
z,n
dcl,dcl
iy,iy
k,k
gcl,gcl
eh,ih
axr,er
l,l
aw,ae
p,dh
z,z
ux,iy
ix,ih
m,m
aa,aa
eh,ih
iy,iy
ux,ux
q,n
ux,ux
iy,iy
tcl,tcl
r,r
axr,r
s,s
l,l
kcl,tcl
ix,iy
s,s
s,s
th,s
w,w
ow,ow
aa,eh
p,k
hh,eh
aa,aa
k,tcl
bcl,bcl
axr,r
s,s
ix,ih
v,v
v,bcl
gcl,kcl
n,l
hh,hv
iy,iy
ah,ah
k,k
kcl,kcl
en,n
g,g
q,q
iy,iy
s,z
iy,ix
ow,ow
el,ah
w,el
z,z
d,tcl
q,q
l,l
w,w
n,dcl
z,s
n,n
eh,eh
kcl,kcl
dh,l
s,s
tcl,tcl
er,er
ao,ao
ao,aa
dcl,dcl
th,f
z,z
iy,iy
ay,ay
y,iy
eh,ix
ng,n
kcl,kcl
tcl,kcl
n,dx
k,k
r,r
ix,ix
tcl,dcl
s,s
q,q
g,k
tcl,tcl
v,v
kcl,tcl
aa,aa
k,g
ax,l
k,t
tcl,tcl
z,s
s,s
kcl,kcl
el,ao
z,z
ey,ey
ah,aa
n,dcl
r,r
ng,n
ux,ux
w,l
ax,l
kcl,tcl
ey,ey
jh,t
tcl,tcl
p,k
pcl,tcl
eh,r
s,s
v,v
n,n
z,s
gcl,kcl
er,aa
ix,ix
r,r
jh,d
t,t
l,l
ix,ix
m,g
ix,ix
n,n
ax,ix
eh,ih
m,m
s,s
eh,ay
ay,aa
ae,eh
ax,ax
ux,ux
t,k
iy,ih
iy,ng
ay,ay
ih,ix
s,s
tcl,gcl
p,k
hh,tcl
ae,ae
t,k
l,l
t,k
ae,ey
sh,sh
ey,ey
bcl,dcl
bcl,tcl
ix,ix
f,tcl
r,r
l,m
ih,ix
ah,ix
ih,ix
ng,m
ae,ae
g,k
ey,ey
ow,ow
bcl,dcl
s,s
ao,ao
l,l
ow,ow
n,n
el,el
y,y
q,q
sh,s
dcl,dcl
n,n
l,l
tcl,tcl
ng,m
w,w
axr,er
ih,ax
sh,sh
eh,eh
l,l
iy,ow
zh,sh
iy,iy
ao,ah
m,l
iy,ih
t,z
ax,ix
er,er
s,z
er,er
ae,ae
p,k
eh,ih
k,kcl
dh,q
ax,m
ay,ay
m,n
tcl,kcl
w,w
m,v
ao,l
ae,ae
ay,ay
aa,ae
r,r
l,l
q,ax
kcl,kcl
ax,l
hh,p
r,r
axr,r
n,n
t,t
g,g
dcl,dcl
ih,axr
l,el
ih,ih
zh,z
y,iy
aa,er
w,w
ae,ae
ao,ao
axr,axr
ay,ao
sh,sh
z,s
jh,sh
l,l
p,k
q,g
f,f
p,k
q,ix
bcl,dcl
l,ix
t,tcl
kcl,tcl
n,n
t,t
hv,hv
w,w
l,l
r,r
r,w
ix,ix
ae,ae
iy,iy
tcl,tcl
z,z
dh,n
ix,n
aa,aw
y,y
dcl,dcl
iy,iy
th,th
ae,ay
r,r
aa,r
tcl,tcl
pcl,tcl
k,k
axr,n
aa,ao
ao,q
l,n
ao,ao
aa,ao
v,f
eh,eh
y,y
th,th
gcl,n
n,n
ax,ix
r,r
r,er
k,k
eh,r
iy,r
ay,ay
q,q
p,k
r,er
en,tcl
ih,ih
nx,l
k,k
t,s
ix,ix
tcl,bcl
q,q
hh,t
axr,iy
n,l
y,iy
s,s
m,m
ix,iy
d,dx
kcl,tcl
z,s
dcl,dcl
ey,ey
dcl,tcl
ix,ix
ax,ax
k,k
t,t
hv,hv
ng,n
n,n
s,s
nx,n
pcl,kcl
n,n
v,f
nx,n
er,ux
k,k
ay,aa
sh,sh
eh,eh
bcl,dcl
dcl,dcl
k,k
q,k
eh,ey
uw,l
jh,sh
axr,r
axr,ux
sh,s
v,v
ix,ix
y,iy
ix,ix
q,q
s,s
r,r
th,tcl
ix,ix
l,ax
z,k
ux,ux
s,s
n,n
ae,ae
y,iy
ux,ux
n,n
ey,ey
pcl,tcl
hv,k
ih,iy
m,m
eh,aa
pcl,kcl
w,r
p,k
r,r
axr,axr
k,k
iy,iy
dx,ix
er,ey
ey,ay
s,s
s,s
iy,iy
ix,ux
t,t
ax,ax
ng,n
eh,r
y,iy
ow,axr
k,k
ey,ey
l,l
dh,dh
ae,eh
ax,l
p,dh
ow,ao
aa,ao
kcl,z
z,t
ix,ih
p,k
ow,l
er,ay
d,t
ih,y
dcl,dcl
iy,ey
ae,ae
n,n
er,er
z,s
d,t
l,l
s,s
sh,sh
g,r
g,g
f,f
y,ix
ix,ix
kcl,kcl
f,f
ay,ay
sh,sh
ix,q
ah,l
iy,iy
ih,ih
k,k
m,m
p,k
dcl,tcl
k,k
s,s
tcl,tcl
ah,eh
tcl,tcl
ux,ux
w,l
uh,ey
l,l
s,s
axr,axr
w,l
k,k
k,k
ix,ix
axr,ix
axr,axr
z,s
t,k
gcl,gcl
m,m
ix,ix
axr,axr
pcl,tcl
p,k
axr,er
th,tcl
w,w
iy,iy
s,s
pcl,gcl
kcl,tcl
ix,n
s,s
m,m
el,l
v,v
s,s
tcl,tcl
eh,ow
iy,iy
ax,l
s,s
dh,v
tcl,tcl
f,v
ao,ao
kcl,tcl
f,k
t,k
w,w
n,n
l,l
s,s
ae,eh
kcl,tcl
axr,er
iy,iy
z,z
y,y
ay,ay
m,m
gcl,kcl
eh,eh
aw,aa
kcl,kcl
pcl,tcl
pcl,gcl
ax,el
ah,ah
sh,sh
q,q
s,s
gcl,axr
iy,ih
ae,ae
uw,ux
dcl,dcl
dcl,n
z,s
q,q
tcl,tcl
ix,ix
f,t
r,r
y,iy
pcl,tcl
tcl,tcl
ay,ay
r,axr
p,k
ih,ix
kcl,tcl
s,s
ax,r
iy,ux
t,t
z,k
v,v
iy,ix
r,r
s,s
aw,aa
uh,ix
w,w
v,z
axr,axr
kcl,kcl
eh,eh
ae,ey
s,s
ix,ax
ix,ix
t,t
jh,jh
w,w
l,l
t,t
ae,ae
d,g
n,n
dh,dh
m,n
g,g
bcl,n
tcl,tcl
kcl,kcl
w,w
gcl,bcl
ix,eh
t,t
n,n
ae,aa
s,s
ao,ao
s,s
aa,ae
m,n
w,l
ax,n
er,er
pcl,pcl
ae,aa
z,s
l,l
eh,ay
f,f
dh,dh
z,s
axr,er
l,l
n,q
ih,ow
s,s
m,m
r,r
gcl,dcl
ow,ao
s,sh
r,r
ih,r
k,k
iy,ux
ae,ae
ix,ix
ih,ae
r,n
g,k
k,kcl
ih,eh
v,k
gcl,dcl
ix,ix
aw,aa
ax,ix
tcl,tcl
f,f
ix,q
q,l
ih,iy
ao,r
t,k
w,w
p,k
m,m
jh,z
eh,eh
n,n
aa,aa
kcl,tcl
ao,aa
ih,ix
l,l
z,s
jh,k
q,k
iy,iy
v,f
ae,ae
ax,l
t,k
ax,ih
ux,ux
r,r
ey,ey
iy,iy
s,s
dcl,gcl
t,k
dx,g
axr,ix
y,iy
uw,ix
bcl,y
hh,k
dx,n
r,r
axr,r
ae,ae
tcl,kcl
tcl,tcl
s,s
zh,iy
eh,ae
z,s
ao,ao
kcl,kcl
ey,ey
tcl,kcl
bcl,n
d,k
gcl,kcl
kcl,kcl
eh,eh
q,q
m,m
tcl,ix
er,axr
iy,iy
aa,ay
ao,ao
eh,ey
n,n
ae,ae
ix,iy
ey,ey
kcl,kcl
q,aa
r,r
ix,eh
ix,ux
iy,iy
dcl,dcl
iy,ey
ux,ux
tcl,en
nx,n
l,l
ix,ix
aa,aa
r,axr
iy,iy
ay,ay
z,s
ae,ae
gcl,gcl
n,gcl
t,t
ax,ax
ey,ey
ux,ix
d,d
ao,ao
em,bcl
l,l
eh,ae
ax,l
iy,iy
kcl,tcl
l,l
ax,eh
r,r
iy,iy
kcl,kcl
ix,ih
er,er
ae,ae
bcl,bcl
axr,er
jh,sh
ix,iy
dcl,dcl
ix,ih
iy,iy
ow,l
kcl,tcl
l,l
ix,ix
d,dx
t,t
tcl,tcl
dcl,tcl
dh,dh
r,r
k,k
iy,iy
r,r
en,n
k,k
ih,axr
ih,iy
ih,ih
s,s
w,v
ey,ix
iy,iy
v,dh
s,s
l,l
m,ux
kcl,kcl
ah,ae
d,t
el,l
t,k
ih,ow
er,er
tcl,kcl
s,s
uw,el
y,iy
iy,iy
n,n
z,s
bcl,bcl
ax,ix
dh,dh
q,r
l,l
ix,r
bcl,m
bcl,n
ux,ux
p,g
iy,iy
q,q
ih,ey
ay,ay
ix,ix
sh,sh
ae,ae
ix,ax
ae,ae
n,n
ix,ix
r,r
r,r
ix,ih
n,dcl
ah,ah
ae,ay
oy,ow
z,s
dh,dh
bcl,dcl
tcl,tcl
dh,dh
ix,dx
gcl,dcl
tcl,dcl
ay,ay
er,er
ay,ih
kcl,kcl
l,l
k,k
ax,ax
z,z
tcl,dcl
ey,ay
hv,k
ix,ix
el,l
pcl,tcl
tcl,tcl
dcl,bcl
z,z
l,l
bcl,dcl
t,dh
eh,eh
m,n
sh,sh
r,m
ux,ix
iy,ih
l,l
s,s
axr,ey
l,l
z,z
n,n
bcl,n
gcl,dcl
iy,iy
n,n
m,m
ao,ao
ao,ao
l,ax
k,k
g,k
n,ix
s,s
m,m
iy,ix
k,q
axr,r
ax,ax
ix,iy
dx,dh
th,th
ao,aa
gcl,tcl
th,s
r,r
t,s
ae,ae
q,q
ix,axr
dcl,gcl
eh,eh
ih,n
jh,s
nx,n
aa,ao
ix,ax
g,q
tcl,tcl
tcl,tcl
ae,ae
dx,ix
z,s
bcl,dcl
ao,w
l,l
ix,q
kcl,kcl
hv,q
ix,ix
ux,ux
s,s
dcl,dcl
k,k
q,q
tcl,tcl
tcl,tcl
l,q
iy,iy
tcl,tcl
s,s
pcl,kcl
dx,dx
l,l
th,th
iy,iy
p,k
gcl,dx
ah,ax
r,r
aa,aa
iy,iy
gcl,gcl
iy,iy
s,s
ey,ey
en,ix
tcl,kcl
iy,iy
ix,ix
ao,l
sh,ch
kcl,kcl
z,s
g,k
iy,iy
kcl,kcl
ux,ux
ae,ae
eh,ae
z,jh
kcl,tcl
ah,ao
ay,ay
r,r
r,r
z,z
iy,iy
tcl,tcl
ah,ae
r,r
bcl,tcl
v,n
dh,v
aa,aa
l,l
dcl,dcl
ow,ow
k,k
q,q
q,q
pcl,tcl
ay,ae
l,l
ax,l
q,q
eh,eh
axr,er
r,r
ih,ix
s,s
ey,axr
dcl,tcl
ey,r
n,n
ix,ix
l,l
n,ix
bcl,m
kcl,kcl
pcl,tcl
axr,axr
eh,eh
t,t
dcl,dcl
ah,ay
gcl,dcl
dh,dh
gcl,tcl
tcl,k
r,r
iy,ey
t,k
w,l
aa,r
tcl,tcl
aw,ey
iy,iy
n,n
ux,ux
ix,ix
iy,iy
kcl,kcl
z,z
t,dh
ay,ay
ao,ao
n,n
kcl,kcl
q,k
m,n
tcl,tcl
pcl,kcl
hh,q
ix,ix
eh,ey
tcl,tcl
ix,ix
ah,l
r,r
ax,ax
m,n
ao,w
r,r
tcl,tcl
kcl,tcl
tcl,tcl
kcl,kcl
dx,dx
t,k
m,l
s,s
s,s
ix,ix
iy,iy
ey,ey
l,l
g,dx
n,n
ux,ux
l,l
n,n
pcl,tcl
r,r
ng,n
er,axr
m,l
s,s
k,k
l,l
l,l
dx,dx
tcl,tcl
k,k
ih,ey
m,q
k,k
ax,ix
ao,ao
aa,l
tcl,tcl
ix,r
jh,jh
z,s
kcl,kcl
jh,jh
s,s
n,g
ix,iy
er,axr
dcl,dcl
kcl,kcl
ih,iy
ae,ih
ah,ao
y,iy
axr,ix
ng,n
ax,l
r,r
tcl,gcl
w,w
n,ix
ix,iy
n,n
iy,y
gcl,dcl
s,s
kcl,kcl
tcl,tcl
m,n
v,n
dcl,tcl
ey,ey
l,el
ix,ih
iy,iy
ix,iy
iy,iy
kcl,kcl
l,l
r,r
aa,ah
n,m
kcl,kcl
iy,iy
n,n
ng,n
axr,er
dh,dh
iy,ix
t,t
s,s
l,l
q,q
ae,ae
ow,ow
f,f
iy,iy
ey,ix
ey,ey
z,s
ix,ix
dx,ix
r,r
pcl,p
ng,n
ng,n
axr,r
ch,ch
q,q
oy,ow
ih,ey
ih,ix
w,l
eh,ih
k,k
kcl,dcl
aa,r
s,s
p,k
iy,iy
k,kcl
f,f
w,w
bcl,tcl
th,th
ay,ay
gcl,kcl
f,p
z,s
ao,aa
ih,eh
aa,aa
l,ao
ix,ix
axr,axr
y,iy
dcl,dcl
w,r
ih,eh
r,r
axr,n
ih,ih
tcl,tcl
uh,l
ix,ix
axr,r
s,s
q,q
eh,eh
ay,ay
q,q
s,s
s,z
t,k
ow,l
s,s
ix,r
dcl,n
gcl,dcl
r,eh
ae,ae
ix,l
ay,ah
kcl,kcl
ax,v
r,ah
v,v
ng,m
s,s
ax,ax
ix,dh
l,l
dcl,tcl
axr,ih
ae,ae
v,v
n,n
uw,ax
s,s
kcl,kcl
eh,ey
ey,ih
m,n
ch,s
eh,ae
ch,s
iy,iy
f,f
tcl,tcl
ng,n
l,l
l,ax
tcl,tcl
ae,ae
ih,ix
ax,ax
aa,aa
dx,dx
tcl,tcl
ix,ix
gcl,dcl
tcl,tcl
ux,ux
q,q
s,s
m,v
w,l
ix,ax
en,l
ey,ey
tcl,tcl
n,n
sh,s
w,w
gcl,dcl
kcl,pcl
eh,ae
p,t
eh,r
l,l
n,l
q,q
y,iy
ux,q
w,w
l,l
n,l
ah,aa
ax,ax
ay,ey
dcl,dcl
pcl,pcl
p,dh
z,z
dcl,dx
iy,iy
l,iy
gcl,g
kcl,tcl
hh,t
er,er
l,l
eh,aa
tcl,tcl
r,er
ix,ix
gcl,dcl
sh,k
k,k
ah,ow
y,q
y,y
tcl,tcl
n,m
b,q
iy,iy
l,l
d,t
iy,iy
g,k
ae,ae
pcl,tcl
ix,ix
q,g
ae,aa
z,z
ix,ix
r,ix
v,tcl
kcl,kcl
ix,ix
aw,ao
iy,iy
hh,f
dcl,dcl
r,r
dcl,dcl
k,k
pcl,tcl
f,f
kcl,g
z,s
tcl,tcl
m,n
w,w
pcl,kcl
el,l
m,n
ix,ix
ay,oy
k,k
l,l
hh,k
ow,eh
aw,aa
ng,n
uh,iy
nx,n
er,er
f,f
axr,ix
pcl,pcl
ix,ix
sh,sh
ix,dx
axr,axr
w,v
r,r
iy,ey
k,q
aa,ah
q,q
ae,ae
s,s
ao,ao
iy,iy
ow,ey
d,dh
ey,ux
m,n
eh,ey
r,r
ih,ae
r,r
ix,n
pcl,kcl
q,q
n,n
sh,sh
iy,iy
r,r
dh,t
ix,ix
iy,iy
l,l
s,s
kcl,kcl
t,t
sh,sh
ae,ae
ax,ax
ey,ey
eh,ae
el,el
m,dx
eh,eh
ax,axr
ax,ax
ih,ix
k,k
ih,eh
th,d
ih,ey
axr,er
ah,aa
aw,ay
m,n
l,r
iy,ix
iy,iy
uh,ih
q,dcl
gcl,gcl
ax,bcl
dh,dcl
l,n
k,k
ux,ix
ih,iy
bcl,kcl
ax,ix
ow,ey
n,n
sh,t
kcl,kcl
z,z
en,l
ao,ao
y,iy
kcl,tcl
w,w
ih,ih
ae,ae
l,l
t,t
n,n
f,f
n,n
iy,ix
s,s
dcl,dcl
dh,tcl
ay,ay
n,n
gcl,gcl
r,r
tcl,tcl
tcl,tcl
ah,eh
ux,ux
n,ix
ih,ih
r,r
k,k
q,q
ix,ix
ix,ng
gcl,n
hh,hv
ah,ah
ux,ux
s,s
ix,ih
pcl,pcl
dcl,tcl
s,s
b,dh
aa,ao
ih,ih
axr,r
r,r
ng,n
pcl,tcl
t,k
pcl,kcl
axr,axr
tcl,tcl
s,s
r,dx
r,r
r,r
l,l
r,r
l,l
l,n
r,ah
r,r
r,r
ao,ao
w,l
pcl,gcl
m,n
dh,k
l,l
aa,ay
iy,iy
axr,ux
gcl,kcl
dcl,dcl
q,q
m,n
ey,ey
ix,ix
l,l
s,s
ow,aa
s,s
y,iy
iy,iy
ih,ih
axr,axr
ih,ix
aa,ae
uh,l
ih,iy
pcl,tcl
ey,ey
r,iy
jh,sh
sh,sh
oy,aa
aa,aa
tcl,tcl
kcl,tcl
th,z
l,w
s,s
ae,q
ax,r
pcl,tcl
s,s
dh,dh
ay,q
l,l
ao,ao
n,n
iy,ih
dh,dh
ch,ch
s,sh
oy,oy
l,ax
iy,iy
dcl,tcl
q,q
kcl,tcl
v,v
l,l
uh,ow
r,w
w,w
s,s
p,g
l,l
hv,m
v,l
dcl,dcl
dx,dh
s,s
l,l
m,m
ix,ix
ih,ix
z,s
ih,eh
ix,ix
hh,hv
aa,ao
k,k
ih,ih
r,r
eh,l
tcl,tcl
m,n
r,r
aa,ay
w,n
ae,ae
tcl,tcl
ae,ae
s,s
w,w
p,t
sh,s
iy,iy
w,q
ax,ax
ih,ux
eh,ae
t,k
r,axr
ih,ih
ao,w
t,s
er,axr
kcl,gcl
ih,eh
er,ey
s,s
ey,ey
r,axr
w,l
q,ix
axr,axr
dcl,dcl
r,r
tcl,tcl
n,dcl
w,w
gcl,dcl
uh,ah
l,l
g,g
kcl,kcl
iy,iy
axr,r
iy,iy
t,z
w,n
w,w
uw,m
kcl,tcl
eh,eh
bcl,dcl
v,v
n,dx
eh,ae
f,f
kcl,tcl
ao,ao
z,s
pcl,tcl
iy,iy
q,q
n,n
p,k
tcl,tcl
n,m
ux,ux
sh,z
aa,ah
uh,ey
n,n
kcl,tcl
r,r
ix,ix
n,dcl
f,f
r,r
ix,n
v,dcl
z,s
nx,n
s,s
ih,iy
gcl,kcl
kcl,kcl
p,dh
ao,w
n,g
iy,iy
sh,sh
ay,ah
r,axr
ix,ah
ah,ax
axr,r
k,k
r,r
er,er
axr,axr
ih,ih
r,r
ix,ix
eh,ae
z,z
ch,jh
dcl,tcl
n,n
ix,ix
ih,ow
aa,aa
ix,ix
m,n
n,n
tcl,tcl
n,n
kcl,kcl
kcl,kcl
s,s
k,k
p,dh
r,ax
ix,iy
tcl,tcl
s,s
axr,r
ih,iy
uh,el
r,r
hv,q
ix,ix
ae,ae
ay,ay
axr,er
t,t
n,ux
ax,aa
f,f
ao,ao
p,k
n,ix
iy,y
ow,ao
n,n
sh,s
d,q
l,l
m,n
ey,ey
hh,hh
iy,iy
ah,ah
ah,axr
aa,aa
aa,er
l,l
ch,ch
r,r
v,dcl
iy,dx
ih,ix
s,s
b,dh
n,tcl
ax,q
m,m
s,s
dh,th
tcl,pcl
tcl,dx
p,p
l,l
axr,axr
iy,ux
dcl,dcl
y,dh
l,r
eh,ih
gcl,dcl
s,s
ix,iy
n,n
ix,n
l,ax
ay,ay
er,er
tcl,tcl
ix,ix
z,s
t,t
s,s
ih,axr
n,en
axr,eh
er,r
ih,ih
r,r
el,ow
r,r
kcl,tcl
w,w
iy,iy
r,r
y,y
n,n
m,n
z,z
ay,aa
l,l
v,v
s,s
m,m
ix,ix
z,z
p,tcl
ng,n
l,l
m,m
g,k
ix,ix
dh,v
el,el
kcl,tcl
axr,er
gcl,gcl
kcl,kcl
gcl,kcl
aa,ao
f,f
ax,ix
iy,iy
p,k
w,w
ax,el
r,r
eh,ao
ay,ae
z,z
m,m
ax,q
ix,ix
th,f
ao,ao
z,z
aa,aa
s,s
q,q
v,v
kcl,tcl
aa,aa
ix,ix
s,s
dcl,gcl
bcl,dcl
iy,iy
tcl,tcl
ix,ix
ah,ow
pcl,tcl
ux,iy
w,ao
m,n
dcl,n
ey,ih
r,ao
ax,q
z,z
q,q
hv,hv
ih,ah
en,n
ay,aa
kcl,tcl
q,q
s,s
l,q
n,n
ah,ah
eh,ae
th,t
l,l
z,s
w,l
ix,ux
w,w
dcl,dcl
ix,ax
t,k
iy,ih
l,l
er,er
tcl,tcl
tcl,tcl
ey,ay
iy,iy
dcl,tcl
tcl,tcl
k,k
eh,ae
ae,aa
n,m
ax,q
kcl,kcl
d,k
dcl,dcl
l,ix
l,l
ay,ay
ax,ah
dcl,dcl
ih,ey
ux,axr
q,g
pcl,tcl
k,k
sh,sh
ix,ix
iy,ix
dcl,tcl
dcl,z
s,s
ih,iy
kcl,kcl
oy,ow
z,s
ch,ch
eh,ih
ux,ix
g,g
kcl,kcl
tcl,n
z,sh
ey,iy
r,r
iy,ix
n,n
axr,r
ix,ix
n,n
oy,er
q,q
ix,ix
s,s
aa,er
iy,iy
y,iy
m,m
t,t
oy,oy
ih,ix
dh,dh
aa,ae
m,l
ix,ix
iy,l
w,l
gcl,dcl
ix,ix
l,l
axr,r
t,t
t,s
g,k
en,dcl
iy,ix
n,n
l,l
iy,iy
ng,n
m,m
v,dcl
r,r
bcl,dcl
aa,aa
ey,ey
kcl,kcl
ix,ix
pcl,tcl
s,s
s,s
n,n
s,s
hv,p
q,q
n,n
sh,sh
t,t
r,r
iy,ey
ux,ux
ae,ae
y,iy
iy,ix
r,r
bcl,bcl
ay,ay
z,s
r,r
q,q
f,f
v,l
v,v
dh,m
z,s
n,n
s,s
sh,sh
ao,ao
n,n
er,er
gcl,bcl
eh,eh
aa,ah
ih,eh
er,ae
ix,ix
v,v
el,ao
ae,ae
ix,dx
t,k
tcl,dcl
eh,ey
ix,ix
s,s
ah,l
uh,axr
ix,ix
l,l
ix,ix
n,n
k,q
dcl,dcl
hh,hv
l,q
p,f
ah,eh
n,n
ix,iy
ae,ey
y,y
r,r
axr,axr
ah,ih
ng,ng
aa,r
th,th
r,r
kcl,tcl
w,l
iy,ix
y,y
m,m
f,f
ch,jh
ae,ae
eh,eh
p,hh
z,s
l,m
q,q
ih,ix
l,l
hv,ix
y,dx
iy,iy
ng,q
ao,ao
kcl,kcl
y,iy
ih,ix
ax,ax
pcl,tcl
n,n
nx,nx
f,f
kcl,tcl
s,s
gcl,n
ay,ay
ae,ay
dh,dh
tcl,tcl
ae,ae
m,n
ow,eh
iy,iy
ax,ao
m,n
nx,dh
m,m
pcl,kcl
k,k
s,s
t,t
ix,q
l,l
ih,iy
dh,q
n,m
sh,s
s,s
ih,r
g,g
ix,dh
kcl,kcl
g,k
t,k
s,s
ae,ae
th,th
eh,ey
kcl,kcl
y,ux
ao,ow
p,k
s,s
l,l
m,n
ix,eh
ih,ih
ix,dh
hh,hh
tcl,tcl
kcl,kcl
kcl,tcl
ih,ih
n,ng
aa,aa
aw,ao
eh,ae
p,d
bcl,gcl
ix,ax
l,l
bcl,pcl
n,dcl
ix,ix
kcl,kcl
pcl,tcl
ix,ix
t,k
ax,l
ih,ix
ix,ix
tcl,tcl
n,dcl
iy,iy
ow,ow
ix,eh
p,tcl
dh,tcl
r,r
ao,q
dx,dcl
q,q
r,n
ay,ae
q,tcl
oy,oy
dx,n
ix,ix
eh,ah
ah,ah
l,ix
l,l
ey,ey
ix,dh
l,l
k,k
r,r
q,q
iy,iy
dx,n
tcl,tcl
axr,axr
ao,ao
tcl,tcl
ey,ey
kcl,k
sh,sh
ae,eh
ow,ih
p,hh
er,axr
ah,ay
ey,ey
tcl,tcl
axr,axr
dh,dh
ae,ae
ix,ix
v,v
s,s
axr,axr
dh,z
y,ix
ah,ow
ih,ix
oy,oy
ih,iy
gcl,dcl
dh,k
er,er
kcl,kcl
m,n
gcl,dcl
eh,ah
p,p
ae,ae
k,k
eh,ah
nx,dx
iy,iy
m,m
gcl,dcl
q,q
ey,eh
er,ae
tcl,kcl
sh,sh
axr,r
g,g
er,er
ae,ae
ax,ax
ih,ey
ow,ah
sh,sh
jh,s
tcl,gcl
ao,ao
gcl,gcl
r,r
k,k
n,n
r,r
ux,ux
iy,iy
aa,ae
ao,aa
ey,ey
oy,ow
t,t
n,n
kcl,tcl
sh,sh
sh,s
m,dcl
axr,axr
w,l
gcl,dcl
kcl,kcl
q,q
y,iy
m,m
ax,l
ix,ow
jh,s
ix,q
ax,l
ey,iy
tcl,tcl
tcl,dcl
k,k
axr,axr
iy,ix
d,tcl
m,m
ng,n
pcl,tcl
iy,iy
dcl,n
kcl,tcl
uh,ow
w,w
gcl,kcl
ow,l
l,n
kcl,tcl
gcl,gcl
kcl,tcl
dcl,n
kcl,tcl
ax-h,gcl
l,ax
ah,ae
iy,iy
t,t
tcl,tcl
ih,ix
tcl,tcl
iy,iy
k,k
ae,eh
axr,ih
eh,r
ay,ay
l,l
axr,ix
ey,ey
n,n
y,y
ax,ax
ih,ux
ix,ix
eh,eh
n,n
eh,eh
r,r
w,w
v,dh
iy,iy
pcl,pcl
tcl,kcl
f,s
kcl,tcl
w,w
ix,dx
tcl,tcl
kcl,tcl
iy,iy
ix,ix
dcl,tcl
ih,eh
kcl,tcl
hh,hh
m,m
ix,r
r,axr
l,el
q,q
s,s
v,v
ae,ae
p,k
ah,aa
axr,axr
pcl,tcl
ah,aw
z,s
r,r
pcl,tcl
iy,y
f,k
ae,ey
ux,iy
kcl,kcl
jh,jh
m,n
ix,ix
axr,ih
ax,ix
ow,ow
iy,iy
ix,l
ix,eh
z,z
gcl,bcl
l,el
ae,ae
el,ow
ao,ao
ax,l
n,ix
ae,eh
ix,ix
r,axr
r,r
dx,tcl
aw,ae
er,axr
eh,ix
nx,n
tcl,tcl
ix,ix
ax,l
dcl,dcl
ae,ae
r,r
ix,ix
dh,l
ow,ih
ao,ao
gcl,tcl
g,k
pcl,dcl
kcl,k
th,tcl
iy,iy
tcl,tcl
bcl,n
aa,ae
s,s
dcl,dcl
axr,er
iy,iy
ix,ix
ay,ay
ey,ey
f,f
zh,sh
iy,iy
axr,r
z,k
sh,sh
iy,iy
ae,ae
ch,k
axr,ey
tcl,tcl
kcl,tcl
bcl,bcl
l,l
tcl,tcl
k,k
ux,eh
r,r
m,n
s,s
ah,aa
dcl,dcl
ao,ax
t,t
w,l
kcl,kcl
q,q
ae,ae
t,t
l,l
y,ix
ay,aa
dh,dh
aa,ay
tcl,tcl
axr,axr
eh,ae
p,k
l,l
pcl,bcl
t,s
axr,er
ix,ix
iy,iy
r,r
sh,sh
q,ix
dcl,dcl
dcl,n
q,q
ih,eh
s,s
r,l
dcl,n
f,z
r,r
aa,aa
aa,ao
k,k
aa,er
aa,aa
w,w
ao,aa
n,n
hh,hh
jh,ch
dcl,tcl
l,r
p,k
n,n
kcl,tcl
kcl,kcl
w,ax
r,r
dcl,dcl
dcl,tcl
sh,s
gcl,kcl
ix,ax
f,k
axr,ih
sh,sh
iy,ih
s,s
ey,ey
pcl,tcl
dcl,dcl
th,k
v,f
aa,eh
ax,ay
kcl,kcl
r,ix
aa,aa
ah,ah
axr,axr
l,l
p,dh
l,l
aa,ae
t,d
q,q
ae,ae
ax,ax
v,dh
z,s
kcl,tcl
ih,ow
nx,n
ih,ix
ix,iy
n,n
d,k
l,ix
m,n
r,r
l,l
g,g
l,l
z,z
dcl,dcl
ih,ix
s,s
z,z
s,s
uh,ao
ux,ux
s,s
ax,ix
s,s
tcl,kcl
gcl,gcl
s,s
hv,ix
t,k
dcl,dcl
w,v
bcl,dx
w,w
kcl,tcl
ae,ae
oy,ao
t,f
ix,ix
q,q
ay,ay
t,s
t,k
kcl,kcl
iy,iy
w,w
k,t
l,ao
r,r
ih,ih
l,l
ay,aa
d,q
aa,aa
t,t
sh,sh
er,axr
bcl,tcl
p,k
aw,aa
ae,ae
n,n
pcl,tcl
m,m
ey,ih
el,q
n,n
n,n
ix,q
m,n
f,dh
m,m
dcl,kcl
th,dh
p,dx
bcl,bcl
eh,iy
ux,ux
n,n
t,f
s,s
tcl,tcl
s,s
kcl,dcl
ix,ix
sh,s
kcl,kcl
ah,eh
ah,q
t,k
tcl,tcl
aa,ao
s,t
dcl,tcl
dx,dx
oy,ow
w,l
ay,ay
z,z
z,s
pcl,tcl
ng,ng
f,z
r,r
ey,ey
ix,ix
t,k
z,s
iy,ix
aa,oy
iy,y
n,n
ix,ix
kcl,kcl
s,sh
ih,ae
iy,iy
ng,dcl
ax,ax
bcl,dcl
k,g
k,k
axr,axr
w,w
aa,aa
ih,ix
er,er
tcl,tcl
aa,ao
ao,ao
ih,r
dcl,dcl
ae,ae
ch,t
eh,r
v,l
p,k
s,s
tcl,dcl
t,s
s,s
ae,ae
ix,ix
tcl,tcl
sh,sh
ao,ao
ae,ae
m,m
ey,ey
p,g
en,n
aa,axr
ey,ey
r,el
t,t
f,f
r,r
er,axr
kcl,tcl
ae,eh
iy,iy
ng,n
eh,eh
r,l
en,m
f,th
n,n
ae,aa
kcl,hh
aa,aa
z,z
sh,sh
tcl,tcl
f,s
axr,ix
ih,iy
iy,iy
t,t
ay,ay
ix,ix
ix,iy
ih,eh
ae,ae
axr,ix
dcl,dcl
t,t
ay,ay
ix,ix
f,f
t,t
sh,sh
tcl,tcl
n,n
s,s
z,s
z,s
r,ay
v,f
m,n
s,s
er,er
dx,dh
ax,ax
iy,ux
ae,ay
ao,ao
en,n
dh,tcl
t,z
ih,ix
iy,iy
s,s
ao,ao
l,r
ix,iy
v,v
s,s
z,s
tcl,tcl
ay,ay
t,t
dh,v
ng,n
aa,ay
ix,ix
q,ax
er,er
n,m
ix,ih
ix,axr
ay,ay
bcl,bcl
uh,ux
z,s
ih,ax
aw,ao
s,s
ah,eh
pcl,tcl
el,el
kcl,kcl
th,dh
tcl,dh
dx,dx
aa,eh
dcl,tcl
r,r
tcl,tcl
ae,ay
ux,iy
dcl,tcl
aa,ao
g,dx
k,kcl
n,n
dcl,dcl
ao,ao
z,s
ix,ix
f,f
ih,ix
ix,ih
ao,ao
gcl,y
ao,axr
r,r
eh,ah
z,z
k,k
iy,iy
dx,dx
eh,axr
s,s
l,l
l,l
t,k
t,t
ih,iy
aa,aa
ow,eh
d,q
n,n
n,n
bcl,dcl
bcl,bcl
gcl,tcl
dcl,dcl
n,n
el,l
ah,ow
w,l
r,r
ao,ao
tcl,tcl
ay,ay
eh,ae
s,s
n,n
ix,ix
ao,ao
d,dh
z,z
r,m
tcl,tcl
em,n
l,l
s,s
er,axr
dcl,dcl
eh,eh
ux,ux
er,er
ae,ay
r,q
v,m
tcl,tcl
iy,iy
hh,k
f,f
ao,l
f,f
k,g
gcl,dcl
er,er
bcl,tcl
z,s
m,m
iy,ey
ix,ih
ey,ey
g,k
ay,ay
axr,axr
z,z
iy,iy
iy,ey
er,axr
r,axr
w,w
er,axr
kcl,kcl
tcl,tcl
ax,l
tcl,tcl
ih,ih
uw,ux
ao,ao
tcl,n
r,r
q,q
ay,ay
ih,ix
pcl,dcl
pcl,kcl
gcl,kcl
ay,ow
uw,ux
ae,ay
ae,ae
sh,s
gcl,bcl
kcl,kcl
f,f
pcl,tcl
kcl,kcl
eh,eh
tcl,tcl
aa,aa
iy,iy
axr,r
sh,sh
n,n
dh,n
s,s
dx,dx
m,n
em,v
dcl,dcl
b,f
q,k
dcl,dcl
iy,iy
v,v
r,l
ay,ay
v,tcl
en,l
aa,aa
s,s
l,l
ix,ix
tcl,v
bcl,bcl
kcl,kcl
iy,iy
kcl,tcl
ix,ix
n,n
eh,er
dx,dx
tcl,tcl
aa,aa
n,n
ae,ae
ah,ao
q,q
aw,ae
axr,r
y,iy
jh,s
n,n
q,ix
s,s
ix,iy
l,l
dcl,dcl
eh,iy
y,y
dcl,gcl
s,s
ao,ao
q,axr
q,q
gcl,n
eh,eh
gcl,gcl
axr,ih
ix,ix
ch,ch
l,m
ih,ux
n,n
ix,ux
r,r
ao,ay
l,l
v,n
ih,ih
er,er
ix,ix
ix,iy
ng,n
gcl,tcl
kcl,kcl
tcl,tcl
tcl,kcl
n,n
n,n
iy,iy
ix,ix
eh,ix
er,er
r,r
g,g
ix,iy
el,el
f,f
jh,jh
z,s
n,n
p,dh
ae,ae
pcl,tcl
k,k
s,s
ih,ix
q,ix
p,k
ay,ay
z,s
iy,iy
tcl,dcl
kcl,tcl
ey,ih
nx,n
uw,iy
ow,ah
m,n
iy,iy
ax,l
s,s
f,f
ah,ow
z,z
oy,oy
er,er
ey,ey
ih,iy
ih,ix
iy,iy
l,l
dcl,n
ih,ey
n,n
l,l
ax,ix
th,s
iy,iy
r,r
ow,aa
ae,ae
f,f
k,k
bcl,bcl
r,r
eh,ae
n,ix
w,m
l,l
ay,ay
p,k
ix,ix
axr,r
aa,aa
ax,ix
r,r
en,n
n,n
w,w
q,q
l,l
eh,ae
ix,axr
ix,ix
tcl,kcl
pcl,tcl
ih,ix
ux,ih
dx,dx
er,er
pcl,v
m,m
ao,ao
ih,axr
r,r
q,q
kcl,kcl
s,s
iy,iy
s,th
kcl,tcl
tcl,tcl
aa,aa
ih,iy
uw,ih
v,v
ao,aa
ay,ay
ay,ay
r,l
axr,er
ng,n
n,n
dcl,dcl
t,z
ch,sh
dx,r
pcl,tcl
dcl,tcl
dh,q
q,q
iy,iy
ey,ey
ey,ey
hv,hv
pcl,tcl
kcl,tcl
aa,ao
ay,ay
l,l
pcl,tcl
eh,er
n,m
ix,ix
ax,ah
s,s
axr,v
s,s
dcl,dcl
n,n
hv,hv
r,r
hv,hv
axr,r
sh,sh
iy,iy
dcl,dcl
dcl,dcl
sh,s
w,w
ix,ix
n,n
dx,dx
uh,ix
l,l
q,q
b,dh
gcl,dcl
eh,ah
tcl,tcl
p,dh
ax,ax
pcl,tcl
q,q
ae,ae
t,t
ix,n
uh,ax
s,s
tcl,tcl
t,t
eh,ae
kcl,tcl
m,m
l,ao
jh,k
f,f
d,t
ix,eh
ax,l
n,n
ax,ow
uh,ix
ix,ix
y,y
ax,ix
ix,iy
ao,ow
l,l
iy,iy
l,l
tcl,tcl
ae,ae
iy,iy
pcl,tcl
l,l
hh,hh
ih,ih
z,z
dcl,dcl
el,v
gcl,dcl
r,axr
s,s
k,k
q,q
ix,uh
iy,ey
s,s
ae,ae
hv,l
er,er
f,f
ih,ih
r,g
ix,n
n,n
t,t
ix,ih
jh,ch
f,f
gcl,tcl
dcl,dcl
er,r
ix,ay
t,k
ih,ey
ix,ix
r,r
ah,eh
uh,el
uw,w
kcl,kcl
tcl,tcl
k,k
r,r
l,l
f,f
m,n
s,s
l,dh
ah,ae
eh,axr
r,r
ax,ax
r,r
m,n
tcl,pcl
r,ax
ih,ah
dcl,dcl
ey,ey
ay,ay
ax,ix
ix,ix
n,n
ax,ax
bcl,dcl
eh,eh
pcl,tcl
tcl,tcl
pcl,tcl
p,f
ah,ow
ih,ih
ae,eh
m,ux
s,s
ih,ey
k,k
pcl,pcl
s,s
ah,ae
l,l
ay,aa
w,w
y,r
ih,ih
w,w
axr,r
ch,ch
ih,ix
aa,ay
ix,eh
dcl,dcl
dcl,g
z,k
n,l
y,n
w,w
kcl,k
ae,ae
dh,t
eh,r
hh,k
kcl,tcl
er,er
ow,ao
ay,n
n,dcl
er,er
sh,sh
ax,l
w,w
w,w
kcl,t
ah,ao
r,r
aa,aa
ax,n
eh,ih
s,s
dh,dh
s,s
s,s
ay,ay
oy,oy
l,l
tcl,dcl
n,n
ae,ae
y,n
ix,ix
n,n
ax,ax
z,s
ax,ax
q,ao
ix,ix
q,l
pcl,v
m,m
d,dh
p,k
r,r
r,r
bcl,v
r,r
tcl,tcl
dcl,tcl
iy,ix
ux,ux
nx,g
pcl,kcl
m,m
n,q
nx,n
ix,iy
axr,er
tcl,kcl
ix,ix
hv,hv
t,g
kcl,dcl
pcl,tcl
ih,iy
ow,ow
z,z
sh,sh
y,iy
iy,ey
r,r
ix,iy
m,n
n,n
axr,er
v,bcl
iy,r
ax,ah
el,ow
w,w
ey,ey
ih,r
n,n
ey,ey
ah,ax
y,iy
ah,er
er,er
axr,axr
dcl,tcl
gcl,dcl
aa,aa
hh,k
y,y
w,w
n,n
iy,iy
tcl,tcl
ae,eh
axr,axr
ax,ax
r,r
ix,eh
axr,er
s,s
g,g
n,n
ow,ao
nx,n
pcl,tcl
n,m
v,dh
s,s
l,l
eh,ey
ch,sh
tcl,tcl
el,el
iy,ey
t,s
z,z
ah,ao
ux,ux
aa,aa
sh,sh
axr,axr
aw,ae
aa,ao
f,f
gcl,kcl
k,k
eh,ey
s,s
s,s
iy,ey
z,s
m,m
ae,ae
kcl,tcl
ix,l
bcl,n
aa,ao
z,z
r,r
ax,ax
gcl,gcl
t,k
kcl,tcl
tcl,tcl
dh,q
axr,axr
r,r
d,z
eh,eh
s,s
l,dh
r,r
iy,iy
el,ao
n,n
ih,ix
aa,aa
k,k
ay,ay
ao,ay
w,w
n,ax
q,q
ng,n
iy,iy
z,s
sh,sh
f,f
m,m
f,f
f,f
k,f
v,v
m,bcl
aa,ah
y,iy
ae,ae
kcl,tcl
l,l
eh,eh
ng,n
m,m
kcl,q
ih,ey
w,w
ng,ao
ey,ey
ax,l
pcl,tcl
axr,ux
n,n
k,k
ao,ao
pcl,tcl
ae,ih
n,n
ax,v
s,s
v,v
tcl,tcl
ah,ah
n,n
iy,iy
s,s
ax,ix
ay,ay
b,dh
y,y
n,n
ix,ih
d,k
nx,n
k,k
n,n
eh,ae
ae,eh
w,w
aa,aa
eh,eh
r,er
sh,sh
hv,iy
y,y
iy,iy
axr,r
l,l
ih,eh
k,k
s,s
l,l
t,k
hh,k
z,s
iy,iy
eh,eh
k,k
ng,n
iy,ih
aa,aa
f,f
q,l
ix,ix
kcl,kcl
uw,iy
kcl,tcl
sh,sh
ix,n
v,v
ey,ey
ow,ow
ix,ix
hv,v
oy,oy
iy,iy
tcl,tcl
k,g
dcl,dcl
iy,ux
iy,iy
eh,ae
m,n
eh,ey
t,t
uh,er
s,s
kcl,kcl
w,w
kcl,tcl
n,n
pcl,tcl
th,th
ax,ix
dcl,z
axr,r
s,s
s,s
w,w
el,el
tcl,tcl
ey,ae
w,w
ay,ey
l,l
d,d
tcl,gcl
axr,r
pcl,kcl
k,k
q,ix
w,l
kcl,kcl
ih,iy
n,n
bcl,n
ow,ow
aa,aa
n,en
ix,ix
kcl,kcl
ix,ix
tcl,tcl
tcl,tcl
n,n
en,n
s,s
t,k
er,er
kcl,tcl
er,ux
p,k
oy,oy
dcl,tcl
aa,aa
r,r
n,n
ih,ow
k,k
axr,axr
p,k
uw,r
eh,ae
r,g
gcl,gcl
s,s
dcl,tcl
pcl,pcl
axr,axr
ah,ow
eh,eh
ax,ax
s,s
iy,ey
kcl,tcl
l,l
s,s
eng,n
ix,ix
aa,ay
l,l
iy,iy
ih,ih
dcl,dcl
dcl,dcl
s,s
z,z
dcl,dh
ih,eh
k,k
ng,n
ax,ax
l,ax
ao,ao
ow,ay
dh,dh
ix,l
ux,iy
aa,aa
y,q
kcl,kcl
d,g
tcl,tcl
m,n
ux,ux
b,k
ih,r
l,l
tcl,tcl
w,ao
ix,r
s,s
l,v
n,v
ax,ax
eh,eh
w,w
l,l
w,w
axr,ix
w,l
ih,ih
iy,iy
er,r
ix,ux
ao,ao
p,k
pcl,tcl
kcl,kcl
hh,hh
tcl,kcl
tcl,tcl
ow,ae
iy,iy
nx,ax
ae,ae
l,l
dcl,n
l,ix
pcl,dcl
ix,ix
iy,iy
l,ux
tcl,tcl
w,w
kcl,kcl
bcl,tcl
y,ix
aa,ae
bcl,bcl
kcl,tcl
p,k
axr,r
ix,n
m,n
n,n
er,er
r,q
g,k
bcl,bcl
l,l
y,iy
s,s
ae,ae
ow,ow
ih,ey
ix,ix
l,l
iy,iy
dcl,dcl
s,s
ax,ax
n,n
ix,ix
p,k
l,l
y,iy
bcl,bcl
pcl,pcl
kcl,pcl
ao,ao
s,s
axr,ax
k,k
l,ax
pcl,dcl
eh,ih
r,er
l,l
l,l
n,n
dh,dh
ih,ix
ae,ae
s,s
ix,iy
s,s
q,q
dcl,n
ix,ix
r,r
ey,ay
m,m
hv,r
tcl,tcl
ax,r
z,s
kcl,kcl
s,s
en,n
m,n
uw,ow
ao,ix
sh,sh
hh,hh
bcl,bcl
iy,iy
kcl,kcl
v,v
ax,ix
kcl,tcl
ix,ix
hh,hh
r,r
dx,dx
tcl,tcl
m,m
dcl,dcl
l,l
jh,t
tcl,tcl
hh,tcl
aa,ay
r,r
r,r
dcl,tcl
ax,l
iy,ux
ih,ix
v,v
bcl,kcl
k,g
r,r
r,r
nx,g
m,tcl
n,n
ae,ae
q,l
ix,axr
n,n
ao,ao
dh,dh
n,n
dcl,dcl
z,s
w,w
ao,ao
ng,n
iy,iy
tcl,gcl
iy,iy
ey,ey
r,ey
pcl,kcl
eh,r
el,ow
s,k
tcl,tcl
iy,iy
ax,ih
kcl,tcl
ao,ao
w,l
tcl,tcl
w,v
t,k
m,n
r,r
eh,ae
dcl,dcl
r,r
aa,ow
hh,p
m,m
jh,jh
iy,iy
ao,r
iy,iy
axr,axr
axr,axr
s,s
ih,ey
p,hh
n,n
ae,ae
ix,ix
pcl,tcl
ax,m
ih,ix
ax,ax
bcl,tcl
tcl,kcl
kcl,kcl
z,z
ax,ax
k,k
ao,ao
d,t
ih,ih
ix,iy
hv,hv
aa,aa
hv,eh
ah,ah
ey,ey
ae,ae
aa,aa
dh,k
m,m
s,s
pcl,pcl
dcl,dcl
zh,jh
n,n
ay,ay
ng,n
dcl,dcl
ux,ey
tcl,tcl
s,s
ey,ey
hh,t
eh,eh
l,l
n,n
v,v
ng,n
y,y
iy,ix
s,s
dcl,dcl
q,q
axr,axr
tcl,tcl
el,ao
ix,ih
r,r
l,n
iy,iy
d,dh
uh,uw
iy,iy
ae,ae
dh,dh
ix,ix
iy,iy
ih,ux
m,m
pcl,dcl
eh,eh
ix,ix
m,m
n,n
y,ux
p,k
k,jh
ay,ay
w,w
n,v
eh,ix
eh,axr
n,n
w,w
uw,uw
f,dh
r,r
l,l
ix,iy
sh,sh
iy,iy
ix,ux
tcl,tcl
iy,iy
sh,s
s,s
ax,ax
q,q
bcl,bcl
ix,ih
ih,ih
v,v
s,s
kcl,kcl
f,th
tcl,tcl
aa,ae
iy,iy
w,w
v,f
aa,aa
k,k
ih,ix
q,q
ow,aa
ay,ao
n,n
ae,ae
k,k
g,k
tcl,tcl
s,s
r,iy
r,r
ax,q
eh,ay
ax,gcl
sh,sh
m,n
n,n
pcl,tcl
ae,ay
n,m
m,m
iy,iy
ix,ix
n,n
q,q
ih,ey
n,n
r,r
ow,ow
ao,l
ix,ix
ix,ix
s,s
r,r
f,tcl
n,n
iy,iy
r,ax
ae,ae
ax,ix
dcl,dcl
f,f
ao,ao
ix,ix
ix,ix
n,n
dcl,gcl
hv,ix
ao,ao
l,l
ix,ix
l,l
n,n
dcl,dcl
iy,iy
r,r
pcl,tcl
w,w
axr,axr
y,y
sh,s
kcl,kcl
n,dcl
ix,ix
tcl,kcl
ix,ix
ow,ow
ah,eh
pcl,tcl
ih,iy
y,dx
eh,ae
jh,z
q,y
eh,q
l,l
ow,er
ix,axr
m,v
n,ng
dcl,dcl
w,w
sh,s
s,s
gcl,dcl
k,k
axr,aa
v,z
l,q
tcl,tcl
tcl,tcl
iy,iy
ux,ux
s,s
hv,hv
iy,ix
hh,f
aw,ay
m,n
r,r
n,n
ix,ih
eh,eh
m,r
th,th
iy,iy
axr,ih
aa,aa
s,s
iy,n
pcl,kcl
dcl,dcl
ae,ay
iy,iy
p,p
r,axr
n,ix
z,s
tcl,dcl
ay,ae
ix,iy
ax,ah
dh,tcl
s,s
dcl,dcl
nx,n
eh,eh
eh,ih
sh,s
kcl,kcl
l,l
n,n
k,k
p,p
t,k
iy,iy
l,l
bcl,bcl
l,l
axr,axr
ae,ae
s,s
bcl,tcl
v,dh
s,s
q,q
tcl,kcl
ux,ih
p,t
dcl,dcl
ey,iy
g,k
er,r
t,t
r,r
en,hv
n,n
er,er
dcl,dcl
iy,r
dh,t
ix,ax
k,kcl
er,r
iy,iy
axr,er
kcl,kcl
l,l
el,l
hv,hv
iy,iy
ux,ih
ch,sh
m,g
ao,ao
v,dcl
f,f
ah,ay
dcl,dcl
iy,iy
iy,iy
ix,ax
sh,s
ao,el
eh,ix
ix,ix
iy,iy
l,el
y,y
kcl,tcl
ih,ih
eh,eh
ix,ix
ux,axr
n,n
kcl,dcl
uw,ow
ix,ix
hh,hh
z,s
ux,ux
t,k
kcl,tcl
aa,ay
tcl,tcl
ix,ix
s,s
s,s
ix,q
s,s
ae,ae
axr,er
w,l
gcl,r
dh,tcl
axr,axr
ih,ih
ux,iy
m,m
dx,dx
tcl,tcl
l,l
l,l
dcl,k
aa,aa
v,v
l,el
ux,iy
ix,ix
eh,ih
m,n
iy,iy
eh,ey
nx,ix
ix,r
ah,er
aw,ae
n,n
m,dcl
tcl,tcl
sh,sh
iy,iy
gcl,kcl
hv,m
ay,ay
iy,iy
s,s
ay,aa
ah,ey
dcl,dcl
l,l
sh,sh
er,r
r,ix
er,axr
hh,hh
ih,r
ay,aa
ae,ae
q,q
r,r
hv,hh
dcl,dcl
y,y
p,k
w,l
ah,ow
tcl,tcl
pcl,kcl
ih,r
s,s
m,m
ix,ih
n,n
ow,uw
nx,n
ax-h,k
k,k
jh,sh
s,s
t,s
kcl,kcl
z,z
l,n
ng,n
r,r
ao,ay
er,er
ix,ix
bcl,dcl
m,m
q,tcl
k,k
kcl,kcl
hv,hv
l,l
s,s
kcl,tcl
z,z
iy,iy
ix,ix
iy,iy
s,s
ao,ao
q,v
iy,iy
v,v
r,r
k,k
sh,s
dcl,tcl
s,s
z,th
v,v
ay,ey
ix,ix
ax,ax
r,r
ih,ih
tcl,tcl
r,r
ix,ax
pcl,kcl
ix,ix
iy,iy
eh,eh
k,k
th,th
ah,ax
k,k
ey,iy
er,oy
ae,axr
ax,eh
dh,tcl
r,r
ay,aa
iy,iy
ix,ix
ao,ao
dcl,dcl
ae,ae
f,v
ao,ow
tcl,n
ix,ix
g,k
m,m
w,w
axr,aa
l,l
s,s
dcl,kcl
tcl,tcl
w,ao
en,m
dcl,tcl
r,r
eh,eh
iy,iy
ay,ae
en,dcl
ng,ng
m,n
axr,axr
ix,ax
ow,ih
ao,ao
kcl,tcl
tcl,tcl
eh,ux
n,n
ux,iy
ow,l
uh,ux
tcl,kcl
gcl,gcl
dh,m
s,s
axr,axr
p,k
dh,dh
iy,ix
r,l
iy,iy
tcl,tcl
s,s
dh,dh
eh,hv
ix,eh
k,g
ae,ay
aa,aa
p,f
l,l
gcl,tcl
gcl,kcl
ix,ix
ae,ae
w,ao
y,y
pcl,bcl
z,z
eh,aa
jh,k
t,k
n,ix
ey,ey
iy,axr
r,r
tcl,dcl
l,ax
m,m
bcl,dcl
ix,ix
ow,eh
n,n
ax,ax
dcl,dcl
ow,ae
z,s
s,s
pcl,tcl
ax,l
z,z
ey,ae
ax,l
ix,ix
dcl,dcl
y,iy
iy,ih
q,m
ih,ey
ao,ao
r,r
ow,ow
axr,axr
aa,ao
ih,ih
n,n
d,k
ux,n
w,w
gcl,dcl
gcl,gcl
th,f
eh,ae
dx,n
pcl,pcl
p,k
aa,aa
ix,r
g,k
t,k
ix,ih
ux,ix
ae,ae
bcl,bcl
r,r
iy,iy
w,w
k,k
dcl,n
gcl,dcl
ix,ix
r,axr
eh,eh
n,n
s,s
ow,ow
f,v
er,er
n,n
ih,ey
s,s
n,m
ih,ih
aw,aa
dcl,hh
ae,ae
bcl,n
f,f
eh,en
f,f
dcl,dcl
dh,t
ow,ao
n,k
ay,aa
l,n
l,l
ch,sh
l,m
axr,ao
ay,r
m,n
axr,eh
s,s
v,dh
b,t
m,n
f,f
gcl,n
t,t
aa,aa
ng,n
l,l
uh,ix
tcl,tcl
tcl,tcl
p,dh
ay,n
l,r
iy,iy
s,s
r,r
iy,iy
l,l
gcl,dcl
iy,iy
iy,iy
ay,ay
ao,ao
y,y
r,r
ae,ae
ey,ey
ch,jh
l,l
s,z
iy,ih
q,kcl
ae,ae
ix,ix
dh,dh
aa,ay
eh,eh
ae,ae
iy,ix
w,w
eh,ae
s,s
eh,eh
ah,l
ih,iy
pcl,kcl
l,l
ax,n
d,k
ix,y
s,s
eh,ae
l,l
kcl,tcl
tcl,d
hv,n
p,k
dh,s
kcl,tcl
r,axr
ix,er
r,r
axr,axr
nx,dh
q,q
s,s
l,l
m,n
eh,ih
axr,axr
w,l
ih,ey
ey,ey
axr,axr
d,t
l,ax
ay,ay
r,r
k,g
ao,ao
s,s
t,t
bcl,bcl
iy,iy
kcl,kcl
m,n
p,tcl
dx,dx
en,l
n,ix
ix,ix
iy,y
ay,ay
d,t
gcl,dcl
r,r
em,n
eh,eh
ey,ey
ax,ix
m,n
t,t
ae,ae
ae,ey
ah,ah
iy,iy
iy,iy
tcl,tcl
kcl,tcl
eh,r
v,f
l,l
t,k
m,m
aa,ae
kcl,tcl
tcl,tcl
em,dx
l,l
ah,eh
ow,ow
gcl,kcl
axr,axr
gcl,tcl
f,f
ix,ax
z,z
dx,dx
k,k
axr,m
ch,jh
y,ix
s,s
ao,ao
aa,aa
f,f
ey,ey
r,r
oy,oy
tcl,kcl
l,l
q,q
z,z
en,en
dcl,dcl
l,r
l,w
el,el
ao,ao
ax,ah
dx,dx
s,s
tcl,tcl
s,s
jh,sh
n,n
pcl,pcl
ey,ih
s,s
kcl,kcl
bcl,pcl
k,k
aa,ah
tcl,iy
ae,ae
ix,n
w,w
ae,ay
sh,sh
axr,er
ao,ao
ax,n
s,s
iy,r
ix,ix
jh,jh
q,iy
kcl,dcl
ih,ix
w,w
dh,k
kcl,kcl
sh,s
w,w
q,tcl
ix,eh
v,s
uh,r
w,l
l,l
q,q
r,r
r,er
ah,ow
dcl,tcl
n,n
n,n
uh,ix
ah,ae
ae,ae
r,r
dcl,tcl
ax,w
kcl,kcl
iy,iy
m,n
r,q
s,s
axr,r
ix,ix
tcl,tcl
k,q
sh,s
ax,l
ae,ae
s,s
ih,ix
m,n
ix,ix
sh,sh
ch,ch
zh,zh
p,tcl
axr,axr
l,l
m,n
ix,q
q,q
kcl,tcl
r,r
er,aa
r,aa
er,axr
axr,axr
d,k
q,eh
p,t
l,n
ay,ae
ix,ix
d,t
ih,iy
z,s
s,s
f,s
r,axr
kcl,kcl
t,k
r,aa
t,ch
ae,ae
ax,l
k,t
aa,ay
ae,ae
gcl,ix
ae,ae
l,l
aa,aa
en,n
k,k
p,k
ih,ih
n,n
jh,t
jh,ch
sh,sh
er,er
kcl,tcl
aa,aa
hv,l
ow,ow
r,r
v,v
aa,l
k,k
bcl,bcl
tcl,z
n,n
kcl,kcl
ih,ae
gcl,gcl
ow,ao
tcl,tcl
z,z
kcl,kcl
g,g
pcl,tcl
kcl,tcl
m,n
q,l
iy,iy
ch,jh
tcl,kcl
iy,iy
ay,ao
ay,ae
ae,ae
pcl,kcl
ae,ae
er,axr
ix,ix
m,ax
l,l
n,n
ey,ih
ux,ux
ax,ax
ax,ax
z,s
ng,y
ah,ey
r,r
tcl,tcl
n,n
dcl,dcl
w,w
eh,ae
gcl,tcl
gcl,dcl
el,ao
m,n
jh,jh
ow,ao
ay,ae
axr,r
q,q
l,ax
s,s
aa,ah
g,g
t,s
iy,ix
dcl,dcl
ux,iy
d,t
axr,er
l,l
l,ow
l,l
t,g
ey,ey
dx,dh
ih,ey
hv,hv
ax,l
ao,ay
gcl,gcl
ih,ey
r,r
ay,aa
oy,oy
iy,iy
eh,ih
s,s
iy,r
ae,eh
d,tcl
dh,dh
n,n
kcl,kcl
l,l
ao,aa
ix,r
v,tcl
n,n
gcl,gcl
eh,r
r,er
ix,ix
n,n
l,r
n,nx
z,s
eh,ey
l,l
k,k
ng,m
hh,hh
ax,ix
ey,ih
s,s
ih,ih
ix,ix
k,tcl
iy,y
dx,dx
ih,ix
er,r
ah,ah
axr,axr
m,r
z,z
k,k
ix,ux
g,g
tcl,tcl
r,r
kcl,kcl
ao,r
sh,sh
n,n
l,l
ao,ow
l,r
r,aa
k,dh
dcl,tcl
ux,ux
r,q
ao,ao
t,t
ax,ax
ix,ay
l,m
hh,k
ix,ix
k,k
w,ao
m,ix
er,er
ng,n
g,g
ix,ix
ng,n
ch,ch
n,n
iy,iy
ae,ey
dh,dh
bcl,tcl
ix,ix
n,m
n,ix
s,s
dcl,dcl
kcl,tcl
dh,dh
dcl,dcl
y,iy
hh,ix
l,l
ay,ay
v,v
iy,iy
kcl,tcl
s,s
m,m
s,s
eh,ae
dx,dcl
ow,ih
n,q
aa,aa
z,s
m,n
el,l
t,t
s,s
ay,ah
q,k
ax,ax
tcl,tcl
v,v
ix,ix
q,q
ix,iy
r,iy
pcl,tcl
tcl,tcl
n,m
gcl,tcl
s,s
er,er
er,er
pcl,kcl
aw,aa
l,ay
er,aa
oy,oy
ax,m
er,er
ax,l
w,l
gcl,dcl
ih,eh
ix,ix
t,tcl
ah,q
n,n
k,k
ax,ax
z,z
l,ow
bcl,bcl
s,s
ao,aa
uh,l
dcl,dcl
s,k
v,v
z,s
l,l
l,l
ae,eh
w,l
aa,aa
ow,ey
ch,s
tcl,z
r,ax
iy,iy
ay,aa
en,n
n,g
ih,n
ih,eh
ax,l
ae,aa
k,g
ih,eh
tcl,tcl
y,iy
ix,ix
r,ao
ay,ay
r,r
l,l
r,r
pcl,tcl
aa,aa
p,k
sh,sh
q,q
iy,iy
axr,r
pcl,tcl
s,s
bcl,gcl
dh,dx
ix,ix
dcl,dcl
r,r
w,w
q,y
ao,ao
r,r
pcl,tcl
ax,l
er,er
kcl,kcl
iy,iy
dcl,n
iy,r
iy,ey
l,l
m,m
r,ao
p,g
tcl,tcl
iy,iy
l,l
l,w
dcl,tcl
ix,n
l,l
l,l
er,ux
ng,n
tcl,bcl
er,er
ih,ih
aa,r
w,l
n,n
n,g
eh,eh
n,dh
ao,l
t,k
s,s
ah,ah
iy,iy
r,r
pcl,tcl
ao,ao
eh,ih
p,k
dcl,tcl
ao,ao
ae,aa
ae,ae
ih,ix
ix,dx
dh,q
f,f
dh,tcl
ux,ux
l,l
f,f
l,ix
ih,eh
iy,iy
dcl,dcl
iy,ey
p,k
ih,ix
ux,uw
ax,aa
kcl,kcl
r,r
eh,ey
t,k
ey,ey
ih,ix
w,r
w,w
iy,iy
iy,iy
n,n
w,w
dcl,dcl
iy,iy
w,l
z,z
aa,ay
ae,ae
hh,hh
dx,k
ae,ay
bcl,bcl
axr,ux
ah,ah
tcl,tcl
s,s
ix,ix
er,ao
axr,r
s,s
pcl,tcl
dx,n
dh,dh
nx,n
s,s
axr,er
hh,k
ch,sh
l,l
y,ix
ix,ix
eh,aa
eh,ay
r,r
w,q
pcl,q
s,s
k,k
r,r
axr,ao
v,ax
ey,eh
kcl,tcl
ix,eh
hv,hv
sh,sh
r,dx
n,n
ax,ix
l,l
ix,ix
tcl,tcl
m,m
axr,r
eh,ae
ey,ey
er,r
iy,iy
ae,ae
t,s
axr,r
r,m
bcl,bcl
l,q
gcl,dcl
ax,ao
t,t
f,s
iy,ux
kcl,kcl
iy,y
s,sh
iy,iy
aa,ow
en,n
bcl,bcl
ix,ix
ih,eh
iy,iy
ix,ux
n,l
r,r
th,th
ix,ix
aw,eh
ix,ix
axr,r
s,s
kcl,kcl
ey,ix
ix,ay
ay,ay
v,th
z,z
ih,ax
aa,ao
m,n
kcl,kcl
ey,ey
ow,ow
r,r
ey,ey
ax,l
v,v
axr,axr
m,m
aa,ae
w,l
r,r
k,k
iy,iy
dh,dh
sh,s
t,s
sh,jh
ao,ao
n,dx
r,r
g,dh
aa,aa
sh,sh
dcl,tcl
ch,t
iy,n
s,s
ow,ao
sh,sh
uh,er
ix,ix
l,l
pcl,kcl
ix,ix
z,s
kcl,tcl
ah,ay
hv,hv
er,er
r,r
pcl,tcl
tcl,tcl
ng,ix
w,l
l,l
f,tcl
hh,hh
iy,ey
t,sh
d,t
w,ao
r,r
q,q
ix,axr
kcl,tcl
ow,ow
g,g
sh,s
r,axr
gcl,gcl
dcl,gcl
ey,ey
tcl,dx
dcl,tcl
ae,ay
aa,aa
axr,r
ch,ch
eh,ae
dcl,dcl
tcl,tcl
pcl,tcl
w,w
ah,eh
dcl,dcl
t,t
eh,eh
ao,aa
pcl,dcl
f,f
l,l
dx,tcl
dcl,bcl
ix,ih
gcl,gcl
ae,ae
ng,n
ow,axr
s,s
z,z
n,m
n,dcl
iy,ey
aa,aa
iy,ih
axr,r
ix,ix
sh,sh
ae,ae
n,n
ax,ao
s,s
eh,er
m,m
tcl,tcl
ix,dx
s,s
aa,aa
r,r
r,r
kcl,kcl
ih,ax
p,hv
ah,ay
eh,ix
zh,jh
z,s
iy,ix
uh,l
ax,g
ix,ih
w,l
ux,ux
ao,ao
ih,ih
ey,ey
dcl,bcl
iy,axr
s,s
ix,ey
v,r
ae,ae
ao,ay
t,sh
ax,ah
z,s
ix,ax
tcl,dcl
f,f
t,t
dh,tcl
s,s
s,s
ae,ae
tcl,tcl
ih,ey
kcl,kcl
k,k
axr,axr
l,ax
kcl,tcl
t,t
aa,aa
gcl,ix
g,g
r,r
eh,ix
iy,y
ih,iy
n,n
ao,ao
nx,dx
r,r
z,s
iy,ng
dcl,dcl
dcl,kcl
ah,axr
m,n
dcl,tcl
v,z
k,k
iy,iy
ix,ix
tcl,tcl
ix,iy
ih,ey
ix,ix
n,v
iy,iy
bcl,dcl
ey,ey
kcl,kcl
s,s
iy,iy
v,v
tcl,n
ng,ng
ah,ah
dcl,v
ah,ih
ux,ux
w,w
l,l
ae,er
sh,sh
k,t
s,s
r,n
ao,ao
f,s
ih,ix
k,k
r,r
el,l
l,l
n,m
dcl,dcl
q,q
k,k
ix,ix
iy,ix
er,er
ao,ao
ih,r
l,l
ae,ae
z,s
ae,ae
pcl,pcl
el,el
q,q
ao,aa
pcl,tcl
ax,l
kcl,tcl
kcl,kcl
v,v
ey,ey
t,t
iy,iy
axr,ix
s,s
eh,r
el,ax
r,r
d,g
n,n
r,l
ao,ao
gcl,q
m,n
l,ax
kcl,kcl
sh,sh
er,er
kcl,tcl
ax,ax
z,z
r,r
l,ix
jh,jh
tcl,g
r,eh
ay,ay
bcl,axr
k,k
axr,axr
tcl,pcl
jh,t
ix,ih
g,g
ow,ax
tcl,tcl
ih,ix
d,g
r,r
ay,ay
r,r
m,n
hv,iy
el,l
ah,aa
ow,l
ax,ah
s,s
s,s
eh,eh
v,dh
ao,ao
ay,l
ay,ay
w,w
ey,ey
r,axr
ey,ey
ao,aa
ux,ix
eh,ih
tcl,tcl
en,ux
ao,ao
p,k
ix,ix
s,s
r,r
er,er
tcl,tcl
ao,l
ix,ix
r,r
w,l
dx,n
f,sh
gcl,kcl
iy,iy
n,n
z,dh
pcl,pcl
ow,ow
gcl,tcl
r,r
r,r
t,t
iy,r
bcl,tcl
r,r
d,g
dcl,gcl
q,l
d,t
ah,ah
d,dh
t,tcl
ix,ix
ae,aa
er,er
n,n
aa,aa
ix,ix
axr,r
r,r
uh,l
kcl,kcl
ix,ix
ch,s
q,q
ow,ay
t,jh
s,s
w,w
ix,ix
ey,ey
axr,axr
eh,ah
nx,dx
n,q
ih,ih
tcl,tcl
r,r
f,f
v,v
dh,dh
r,r
hh,k
ix,ix
n,ix
dcl,dcl
r,r
ey,eh
ay,ay
l,l
dh,v
ae,ae
ao,w
z,z
en,ix
s,s
hh,hh
m,m
hv,iy
l,el
t,t
g,g
d,t
v,v
ow,aa
m,m
bcl,bcl
aa,r
hh,k
ng,n
ah,ah
ao,r
w,ao
m,n
ix,v
ih,ih
dcl,tcl
ey,ey
tcl,tcl
r,r
r,r
dcl,dcl
f,f
ay,ae
f,f
r,r
ix,ix
l,l
ng,q
kcl,dcl
aw,ae
dx,dcl
pcl,tcl
aa,aa
kcl,tcl
ao,ah
ix,ix
eh,eh
eh,ax
iy,ih
uw,er
n,n
t,t
q,ih
ah,eh
ix,ix
ix,ix
ax,l
sh,sh
ao,l
iy,ih
aa,aa
iy,iy
s,s
iy,ih
ix,ix
q,q
bcl,tcl
ih,ax
f,f
z,s
pcl,kcl
ax,ax
k,k
ae,ae
ao,ao
hv,n
pcl,tcl
iy,ux
p,k
ay,ae
ey,ey
pcl,tcl
bcl,dh
w,q
tcl,tcl
dcl,dcl
r,r
ax,ah
l,l
l,el
ax,ix
dcl,dcl
ih,iy
z,f
gcl,tcl
f,f
z,z
v,pcl
tcl,tcl
iy,iy
dh,q
eh,eh
kcl,tcl
ix,ux
ix,ix
aa,aa
er,axr
axr,r
iy,ux
t,k
p,k
s,s
ax,ix
tcl,tcl
ae,ae
iy,ix
er,er
iy,en
tcl,tcl
ih,ih
iy,iy
sh,sh
ax,ax
k,k
tcl,v
w,ax
z,s
el,l
t,s
g,g
ih,iy
w,w
axr,r
gcl,dcl
l,l
k,k
ao,aa
dcl,dcl
iy,ix
n,n
ix,eh
r,r
dcl,dcl
ow,er
w,l
pcl,tcl
ao,ow
ix,ix
ey,ey
ao,r
ax,l
r,r
r,r
kcl,kcl
er,axr
n,n
kcl,kcl
ae,ae
n,n
iy,iy
dh,dh
n,n
k,k
ax,ax
aa,aa
t,t
gcl,dcl
tcl,tcl
w,w
dcl,dcl
s,s
r,r
gcl,dcl
ax,uw
axr,axr
s,s
iy,axr
hv,hv
s,s
ao,l
m,m
eh,aa
g,k
d,t
ay,ay
w,ao
d,t
iy,iy
zh,sh
s,s
el,el
r,r
ow,eh
ix,n
y,y
aa,ay
z,z
s,s
n,dcl
ax,ix
w,w
w,w
t,t
l,ao
en,en
sh,sh
s,s
ao,aa
iy,ey
er,r
tcl,tcl
r,r
ch,s
r,r
eh,ix
z,z
iy,ux
ao,ah
z,z
gcl,gcl
m,n
f,f
n,n
pcl,tcl
kcl,kcl
w,r
l,l
b,g
r,r
aa,aa
r,r
ay,ay
dcl,dcl
s,s
l,l
pcl,kcl
iy,ix
dcl,n
ix,ix
m,n
ix,ix
pcl,tcl
axr,axr
ao,ao
p,k
eh,eh
q,q
r,l
z,z
m,n
axr,er
ao,ao
pcl,tcl
gcl,dcl
tcl,tcl
gcl,dcl
s,sh
ix,axr
kcl,tcl
sh,s
kcl,kcl
m,n
s,s
en,n
r,r
z,z
er,er
er,er
ix,ux
kcl,kcl
ao,ao
m,n
ah,eh
s,sh
ih,ey
w,w
ao,l
ae,ae
m,n
f,f
tcl,tcl
iy,ey
w,l
dx,dx
ix,ix
iy,iy
sh,sh
er,er
ow,er
iy,ux
f,f
tcl,tcl
l,l
l,l
ae,ay
w,w
jh,jh
s,s
gcl,dcl
aa,aa
iy,y
ix,dx
z,z
ao,ao
n,n
p,g
ao,ao
l,m
p,k
ix,ax
ae,ae
l,ix
ch,ch
ow,ow
gcl,dcl
ay,ay
aa,aa
w,w
q,q
tcl,kcl
d,tcl
v,v
ih,ix
m,m
y,iy
dcl,dcl
aa,aa
s,s
v,v
iy,iy
tcl,tcl
dcl,tcl
s,s
iy,iy
s,s
ax,l
y,iy
w,w
ux,n
t,t
eh,eh
ax,l
n,n
ow,ow
m,m
r,r
ix,ix
r,r
ey,ey
iy,iy
tcl,tcl
eh,ix
bcl,bcl
iy,iy
m,m
n,n
iy,iy
ey,ey
t,t
ae,ay
s,s
w,l
pcl,tcl
iy,iy
gcl,gcl
l,l
ao,ao
ix,ax
t,k
q,q
iy,iy
l,l
t,t
ix,ix
l,l
dcl,dcl
th,f
ix,ix
r,r
iy,iy
s,s
er,er
m,n
jh,t
ix,iy
dcl,dcl
n,n
kcl,kcl
m,m
n,l
el,r
ey,ey
r,r
ay,ay
l,l
r,ao
er,er
ih,r
w,w
w,l
s,s
ae,ae
eh,ae
s,s
q,tcl
eh,er
s,s
eh,eh
bcl,n
aa,ah
sh,sh
f,f
ix,ix
ax,ix
ih,ey
axr,ux
ah,ao
t,k
axr,er
ah,aa
n,axr
n,gcl
r,iy
eh,ix
ax,ah
ax,l
ih,ux
ey,ey
w,ao
q,q
oy,ao
m,n
en,n
ax,el
ah,ix
th,v
er,er
l,l
s,s
ey,ey
m,m
gcl,tcl
g,k
sh,sh
ih,ih
w,l
iy,ix
y,y
w,el
ah,ae
k,k
bcl,bcl
tcl,tcl
s,s
l,w
iy,q
ae,ey
ao,ao
hh,k
axr,axr
ih,ix
v,v
s,s
ao,ao
bcl,dcl
f,f
t,t
n,n
tcl,tcl
r,axr
eh,aa
z,z
aa,ay
ae,er
ey,ey
ix,r
ih,ix
iy,ey
r,v
n,n
kcl,kcl
n,n
v,dh
f,f
aa,ay
iy,iy
l,l
iy,iy
ah,l
eh,ax
q,q
iy,iy
ao,ah
eh,ey
ow,ih
ae,ae
y,ey
v,n
k,k
tcl,tcl
t,dx
axr,axr
m,m
w,w
b,d
s,s
ng,n
f,f
q,q
iy,iy
ux,ix
r,r
s,s
iy,iy
eh,eh
v,v
ih,axr
axr,axr
t,z
r,r
s,s
dcl,gcl
ih,l
axr,r
axr,ix
iy,ey
ax,l
iy,iy
s,s
s,s
m,n
ih,ih
r,r
sh,s
n,n
tcl,tcl
s,sh
m,m
er,r
ux,axr
ux,iy
ax,r
f,f
p,tcl
s,s
t,k
t,t
axr,axr
kcl,tcl
eh,eh
eh,eh
ao,l
k,p
r,r
axr,r
gcl,kcl
tcl,tcl
bcl,dcl
ix,ux
th,s
gcl,gcl
er,er
iy,axr
ay,ay
q,q
kcl,tcl
iy,iy
gcl,tcl
ix,ax
ay,ay
m,n
eh,ah
r,eh
ng,n
t,s
iy,ay
uw,l
dx,l
ax,ax
kcl,tcl
n,gcl
f,f
hv,y
r,ih
m,m
gcl,tcl
s,s
m,m
uw,ux
uw,l
n,n
kcl,kcl
y,y
ae,eh
ax,l
eh,ih
tcl,tcl
r,eh
ix,ix
z,z
kcl,kcl
ih,ih
n,l
ao,oy
ih,ey
y,y
ux,axr
eh,eh
eh,ah
iy,ix
z,z
hv,hv
r,r
kcl,tcl
kcl,kcl
tcl,kcl
r,r
m,n
n,q
bcl,dcl
axr,ix
k,k
sh,sh
l,l
tcl,tcl
t,jh
dh,dh
f,f
f,v
iy,axr
n,ix
iy,iy
t,t
ax,r
nx,n
z,s
ax,l
gcl,tcl
z,s
n,n
q,q
d,k
aa,aa
r,r
iy,iy
s,s
iy,iy
ix,ix
n,ix
sh,sh
z,dh
t,k
iy,iy
r,r
ih,ix
ix,ey
t,k
s,s
ae,ae
ah,ae
ah,l
ix,l
l,l
tcl,tcl
m,m
ih,ih
dh,dh
y,ix
iy,ey
ih,ih
dx,dx
tcl,tcl
f,f
w,w
ao,ao
q,q
ae,ay
axr,axr
ih,ih
iy,iy
axr,axr
k,kcl
er,er
ao,w
ah,ae
ng,ng
tcl,tcl
ey,ey
iy,iy
t,k
m,dh
k,k
tcl,tcl
s,s
ey,eh
dcl,dcl
f,dh
s,s
el,el
uh,ow
ow,ux
n,n
dcl,tcl
sh,sh
kcl,tcl
hh,tcl
el,el
ix,iy
tcl,tcl
n,n
pcl,tcl
ey,ey
r,dx
w,l
tcl,gcl
d,k
hh,hh
v,v
aa,l
ae,ae
er,aa
k,k
tcl,tcl
s,s
ix,ih
y,iy
iy,ux
uw,ux
iy,ux
tcl,tcl
uw,ux
ix,ix
m,m
l,l
w,w
gcl,gcl
dh,th
ix,ix
ih,ux
l,l
l,l
v,n
f,f
ow,ow
dcl,dcl
n,n
ay,er
z,z
pcl,tcl
l,l
aa,ao
eh,eh
r,r
tcl,tcl
pcl,tcl
v,v
dh,q
n,n
r,ae
l,l
kcl,kcl
axr,r
axr,axr
l,l
p,q
ax,ax
l,l
s,s
k,k
t,dh
ax,axr
r,r
tcl,tcl
tcl,q
ow,oy
ax,l
ey,iy
dx,dx
t,t
ax,eh
n,n
ih,ix
tcl,tcl
tcl,g
dcl,dcl
aw,aa
s,s
oy,ay
s,s
l,l
z,jh
ix,iy
iy,iy
eh,ae
p,t
iy,iy
ae,ae
ae,ae
t,k
uh,axr
ah,ae
hv,k
eh,ih
pcl,pcl
y,iy
q,w
t,t
s,t
ng,n
ih,ey
r,r
bcl,dcl
iy,iy
ah,aa
aa,ae
r,ay
ix,ix
n,n
ih,ix
ae,ae
dh,g
q,ix
z,s
w,w
nx,n
ih,uh
ay,ay
z,z
l,ao
er,aa
hv,m
l,l
axr,eh
q,q
aa,aa
n,n
ix,n
z,z
iy,iy
ix,ix
ch,sh
dcl,dcl
er,er
iy,iy
l,m
kcl,kcl
w,l
iy,q
tcl,tcl
ng,n
iy,iy
ey,ey
aa,aa
s,s
k,k
l,l
l,l
k,k
f,f
ux,ux
ih,ix
l,l
ix,ix
d,t
ux,ux
iy,ix
q,k
k,k
dcl,dcl
ah,ay
iy,ey
v,v
r,ao
n,n
kcl,kcl
tcl,k
d,t
nx,n
hv,hv
r,r
s,s
ix,iy
w,w
l,l
dx,ix
r,er
k,g
ix,y
l,ax
q,ix
q,kcl
ih,ux
n,n
sh,sh
ix,iy
m,m
kcl,tcl
uw,er
z,s
r,r
q,q
m,m
iy,iy
ax-h,k
f,s
l,l
l,r
s,s
r,r
l,ix
ao,ao
hh,ix
dh,n
s,s
v,f
aa,aa
ay,l
r,axr
w,w
k,t
n,n
ih,ey
f,f
s,s
t,z
iy,iy
ix,ih
t,t
er,er
q,dh
ih,ih
ae,ae
d,dh
axr,axr
z,s
ax,l
n,n
tcl,tcl
en,v
q,q
ae,eh
t,t
ix,ix
ih,ae
k,k
pcl,tcl
r,r
ao,ao
iy,iy
m,n
kcl,kcl
kcl,tcl
ax,ae
ow,ao
dh,t
n,ng
jh,ch
ix,ix
iy,ix
q,kcl
w,w
g,g
pcl,dcl
kcl,tcl
ey,ey
q,q
n,dcl
t,k
axr,axr
n,n
r,r
ax,k
sh,sh
z,s
kcl,tcl
kcl,tcl
l,l
q,q
s,s
r,v
gcl,gcl
t,k
n,n
n,n
iy,iy
q,q
ow,ae
s,s
ix,ix
tcl,tcl
ix,ey
hv,hv
ae,ae
tcl,tcl
ix,eh
hh,dh
pcl,dcl
t,k
g,g
aa,ao
tcl,tcl
m,m
aa,aa
r,r
dx,dx
th,s
m,v
m,m
tcl,n
z,s
ey,ey
ix,dh
dx,g
pcl,tcl
ix,l
n,n
jh,jh
el,l
r,ax
ng,n
kcl,tcl
hh,hv
ih,axr
iy,iy
iy,iy
m,m
w,l
s,s
ae,ae
f,s
t,tcl
eh,eh
d,k
ay,ay
ih,y
tcl,dcl
s,s
ax,l
uh,eh
tcl,tcl
ah,ay
pcl,tcl
th,s
ao,l
kcl,tcl
kcl,kcl
s,s
s,s
ey,ey
tcl,kcl
ey,ey
s,s
f,f
tcl,tcl
t,t
dcl,dcl
t,t
iy,ih
axr,r
ix,iy
q,q
w,w
q,q
bcl,dcl
k,k
m,n
l,l
p,hh
iy,iy
jh,s
t,t
kcl,kcl
jh,k
m,m
dcl,dcl
d,dh
n,n
r,r
ix,ax
axr,ix
y,y
ey,ey
z,z
n,l
ao,ay
v,dh
dcl,dcl
ay,oy
iy,iy
tcl,tcl
ae,ae
l,l
iy,iy
ah,ah
t,jh
r,r
dcl,bcl
uw,uw
b,g
hv,k
ax,l
ih,ix
ow,ae
kcl,kcl
m,v
dh,dh
q,q
ix,ix
dcl,dcl
hv,r
ix,ix
k,t
v,v
y,ix
er,er
kcl,tcl
dcl,dcl
l,ax
ix,ix
ih,ih
ix,iy
iy,iy
r,r
iy,iy
f,f
axr,v
ae,ae
eh,ae
n,l
pcl,tcl
q,ix
dcl,n
oy,ow
r,g
q,q
el,l
m,n
ay,ae
z,z
ow,ao
iy,iy
n,ax
iy,ux
s,s
ux,ux
axr,er
r,r
el,q
ix,ay
hv,q
ix,r
p,k
ax,ax
ng,n
ix,ix
ux,ux
er,er
ah,ae
p,dh
ng,n
t,t
s,s
dcl,dcl
jh,k
iy,iy
ah,ow
axr,axr
ay,ay
ae,ae
l,v
ae,ae
ow,ow
l,l
ow,ow
dh,dh
iy,iy
el,ax
ae,eh
n,dx
l,l
q,tcl
kcl,kcl
tcl,tcl
r,r
nx,n
n,ax
aw,aa
eh,eh
ng,n
z,s
v,n
s,s
sh,s
aa,aa
ix,ix
gcl,n
pcl,kcl
aw,ae
k,k
iy,iy
bcl,bcl
iy,ix
f,f
k,kcl
ih,oy
r,r
y,jh
iy,iy
ow,ao
m,l
er,er
axr,axr
k,k
z,s
p,k
w,w
r,r
s,s
w,w
aw,ae
pcl,tcl
ix,ix
s,s
kcl,tcl
f,f
aa,ae
tcl,dcl
n,n
p,hh
er,ih
q,q
r,r
s,s
v,v
n,n
ae,ae
ey,ey
ae,ae
q,q
s,s
tcl,q
r,r
r,r
ux,ux
l,l
y,iy
ix,ah
f,f
m,m
pcl,tcl
pcl,kcl
dcl,dcl
er,er
aw,aw
l,l
ao,ao
w,w
s,s
p,dh
r,axr
er,axr
n,n
th,th
kcl,tcl
ih,iy
ao,l
s,z
kcl,kcl
ax,z
axr,er
eh,ao
iy,iy
n,tcl
ae,ah
kcl,kcl
eh,r
n,n
s,s
n,n
ah,eh
r,axr
r,r
ux,iy
dcl,tcl
r,r
s,s
ao,r
kcl,kcl
ix,eh
l,l
r,r
gcl,tcl
pcl,kcl
sh,sh
d,z
ux,ux
ux,ix
ux,iy
ao,ao
iy,ey
q,q
pcl,pcl
s,s
s,s
kcl,kcl
ix,ih
er,axr
l,l
aa,aa
kcl,kcl
ah,ow
ix,iy
ax,dh
ix,ix
m,m
r,r
dx,r
s,s
f,s
s,s
k,z
eh,er
s,s
tcl,tcl
en,n
tcl,tcl
aa,ao
pcl,pcl
w,l
k,k
f,k
q,k
n,n
tcl,dh
q,q
ax,l
k,k
dcl,n
ae,ae
k,k
ih,iy
kcl,tcl
l,ax
dcl,dcl
kcl,kcl
y,iy
sh,sh
bcl,dcl
r,r
en,n
y,ix
ow,ow
tcl,z
dcl,tcl
ix,ix
dcl,tcl
axr,r
aw,ao
sh,sh
pcl,tcl
q,k
kcl,tcl
s,s
y,iy
ao,l
ow,ao
r,r
dcl,gcl
pcl,kcl
uw,ux
pcl,tcl
eh,eh
n,n
kcl,tcl
r,r
p,k
bcl,v
ih,iy
oy,oy
jh,ch
l,l
l,l
ih,ih
ah,ah
jh,ch
ih,er
z,s
ae,ae
sh,s
iy,iy
ih,ix
k,k
bcl,m
m,m
l,ix
ah,aa
jh,jh
ao,ao
r,r
ix,ix
kcl,kcl
dh,v
ae,ae
ih,ix
ix,ix
bcl,dcl
ih,iy
s,s
dcl,dcl
ao,ao
ax,v
z,z
iy,ix
er,er
eh,ow
y,iy
r,r
ao,ao
l,l
iy,ux
ix,ix
ae,ah
iy,iy
v,th
iy,iy
l,l
z,s
l,l
eh,r
p,k
t,t
axr,er
s,s
k,k
aa,aa
r,r
ah,ao
iy,ey
p,k
iy,iy
s,sh
tcl,tcl
aa,l
ao,ao
t,t
jh,s
hv,iy
r,r
tcl,tcl
f,p
f,k
n,n
ah,ae
n,n
ao,ao
r,r
tcl,tcl
p,p
w,w
eh,eh
gcl,tcl
tcl,dcl
y,iy
ch,s
f,f
iy,iy
q,l
eh,eh
kcl,kcl
sh,k
n,n
t,k
ix,ix
r,r
aa,er
l,l
el,el
ah,ow
r,r
aa,r
ih,ih
n,n
k,k
ih,ih
tcl,tcl
r,r
p,k
n,n
eh,r
p,k
y,y
ih,ih
aa,aa
l,l
y,y
t,k
ix,ix
iy,iy
w,w
m,m
l,ao
ae,ae
uh,ax
ih,ix
ih,q
kcl,kcl
tcl,hh
jh,jh
eh,eh
z,s
axr,axr
em,ax
dcl,dcl
n,n
q,q
jh,jh
ih,ih
ah,eh
ix,ix
dcl,tcl
n,n
sh,sh
n,n
oy,ao
g,g
sh,sh
f,s
w,w
tcl,pcl
l,l
s,z
kcl,tcl
n,n
ey,ey
f,f
tcl,tcl
l,ao
ih,ey
iy,iy
ix,ix
t,t
ah,ix
kcl,k
k,k
ao,r
r,r
axr,er
dh,dx
eh,r
ao,ao
tcl,dx
bcl,dcl
f,f
l,ix
ix,ix
r,r
dcl,dcl
ah,aa
n,n
hv,hh
l,l
m,m
ao,ao
ao,ao
kcl,dcl
pcl,tcl
r,aa
l,aa
g,dh
ax,l
kcl,kcl
n,m
y,y
jh,s
z,s
s,s
ow,ay
axr,r
s,s
w,w
ix,l
tcl,tcl
tcl,tcl
aa,ao
pcl,pcl
tcl,kcl
ae,ae
y,iy
bcl,dcl
aw,aa
l,l
ng,m
r,r
ay,ao
w,el
ao,ao
iy,iy
iy,ey
aa,aa
th,th
dx,m
kcl,tcl
kcl,kcl
k,k
pcl,kcl
s,z
tcl,tcl
sh,z
axr,axr
tcl,tcl
sh,s
bcl,bcl
ae,ae
ow,ow
ix,q
ae,ae
z,s
kcl,tcl
d,t
z,z
l,l
l,l
ih,l
hh,hh
v,v
r,r
gcl,gcl
kcl,kcl
jh,k
f,f
r,r
v,v
w,w
ah,ah
axr,axr
eh,aa
p,f
w,l
ix,iy
ux,iy
n,n
l,l
er,er
n,n
n,n
tcl,tcl
w,r
ih,ax
ay,ae
n,n
bcl,dcl
ih,ah
iy,iy
q,q
gcl,th
tcl,tcl
g,g
p,dh
tcl,q
ix,ix
v,v
k,k
l,l
b,dh
s,s
ao,r
em,n
f,f
d,k
dh,t
f,f
dcl,dcl
iy,ih
q,k
w,w
s,s
ey,ey
ix,v
jh,jh
th,th
r,r
ay,ay
tcl,kcl
ih,ey
ih,ey
iy,iy
r,r
nx,n
ux,ux
nx,l
ix,ix
jh,jh
dcl,tcl
ix,ix
r,ix
iy,n
aw,aa
kcl,tcl
y,ux
t,t
ix,ih
k,g
w,w
axr,er
kcl,kcl
q,q
ax,l
l,l
n,n
l,l
z,z
n,n
dh,k
z,s
ow,aa
uw,m
ah,aa
t,f
r,r
ih,ey
dcl,dcl
dcl,dcl
g,kcl
axr,axr
n,n
iy,iy
ay,ay
f,kcl
r,r
aa,aa
dcl,kcl
dx,dx
l,l
r,r
ow,ey
ax,el
s,s
n,n
l,q
el,el
axr,ax
pcl,tcl
l,l
gcl,dcl
z,s
ix,y
l,l
s,s
n,n
ix,ih
l,r
pcl,pcl
iy,iy
r,axr
ch,t
m,m
s,s
dcl,dcl
ey,ey
axr,axr
l,l
ix,ay
ae,ae
iy,iy
ax,r
hv,hv
ae,ae
ix,eh
q,k
kcl,tcl
ay,aa
s,s
aa,aa
ch,ch
n,n
r,r
aa,aa
m,m
ax,ax
l,l
er,er
kcl,kcl
ix,ix
w,w
jh,s
ax,tcl
n,n
iy,iy
w,w
k,k
ix,ix
r,r
s,sh
w,w
ng,n
ix,ix
l,l
l,l
z,s
n,dcl
axr,axr
m,n
p,k
w,w
q,q
er,er
ih,ih
dh,dh
gcl,gcl
r,m
er,er
ow,ow
gcl,kcl
r,ao
kcl,tcl
ow,ow
l,ix
ix,ax
z,z
ix,ix
ah,ae
iy,iy
k,k
n,n
sh,sh
tcl,tcl
f,f
tcl,q
tcl,tcl
eh,ih
ay,ae
s,s
n,n
l,ao
m,n
tcl,dcl
r,r
m,m
s,s
iy,ix
iy,iy
l,m
ah,l
y,n
dx,ix
s,s
ax,ax
l,ao
t,z
er,er
pcl,tcl
axr,dx
ih,ey
ux,ux
iy,l
f,t
l,l
ih,eh
ah,ah
eh,eh
iy,z
tcl,tcl
tcl,tcl
l,l
m,n
v,v
ah,ao
sh,sh
r,axr
axr,axr
eh,ah
q,g
t,t
r,r
t,t
ix,ix
ix,ix
l,r
n,n
gcl,dcl
l,el
ix,dcl
tcl,tcl
th,f
z,s
s,s
aa,aa
ax,ax
k,dh
gcl,tcl
ax,ax
iy,iy
ix,ux
ey,ay
q,q
g,g
f,f
iy,ey
tcl,tcl
nx,l
r,r
tcl,bcl
ix,q
ih,ih
ix,axr
r,r
jh,jh
ix,ow
t,t
ix,ix
iy,ux
t,k
m,n
eh,ae
n,n
ow,er
ax,ix
iy,ix
ow,eh
iy,iy
ow,ow
eh,ah
s,s
z,s
s,s
th,tcl
ao,aa
t,t
eh,eh
sh,sh
dh,dx
s,s
tcl,gcl
m,m
ow,l
r,r
m,n
nx,n
ix,ix
axr,r
ih,ey
ae,ae
k,k
dx,r
f,f
ah,ah
l,l
axr,ix
y,iy
ix,ix
n,n
kcl,tcl
uh,ah
iy,iy
m,n
z,z
eh,ow
kcl,kcl
ix,d
kcl,kcl
n,n
f,f
w,ix
eh,eh
kcl,kcl
jh,t
kcl,tcl
ix,r
w,w
w,w
aa,aa
pcl,tcl
m,m
l,l
ax,ix
s,s
l,l
k,f
q,q
r,ah
iy,iy
iy,iy
r,r
kcl,kcl
kcl,kcl
kcl,kcl
g,k
w,l
ae,eh
ax,ax
w,w
axr,axr
kcl,kcl
ay,ae
ah,ix
ao,l
s,s
sh,sh
iy,iy
l,l
dcl,dcl
l,n
r,axr
jh,jh
dh,v
kcl,kcl
r,r
l,l
ax,em
aa,aa
sh,s
kcl,tcl
ax,l
ux,ux
ae,ae
sh,sh
r,r
kcl,kcl
y,y
hv,iy
tcl,tcl
g,g
t,t
q,ix
kcl,tcl
d,g
iy,iy
p,k
v,v
ae,ae
f,f
iy,iy
ow,ao
axr,axr
kcl,kcl
kcl,tcl
z,s
ao,aa
tcl,n
r,r
t,t
p,k
p,k
ao,ao
s,s
gcl,dcl
sh,sh
t,k
ay,ay
l,l
eh,eh
l,eh
iy,iy
s,s
q,q
s,s
t,t
k,k
w,w
sh,sh
uh,ah
l,ax
ix,ix
ao,aa
z,s
n,n
ih,eh
m,m
v,dcl
dx,k
kcl,kcl
gcl,kcl
tcl,tcl
ah,ay
tcl,tcl
aa,ao
l,l
dcl,dcl
g,g
n,gcl
kcl,kcl
iy,ux
ux,ux
z,t
v,v
ax,ah
q,l
n,m
l,l
s,s
dh,ix
w,w
k,k
z,z
dx,dh
z,z
ah,ah
dcl,dcl
ih,ih
ae,ae
ax,v
r,r
dcl,dcl
ih,iy
iy,iy
aa,ao
ao,ao
hv,hv
er,er
tcl,tcl
ix,ix
z,z
ow,ow
hv,n
l,l
iy,iy
hh,k
ao,ao
iy,iy
iy,ey
ae,ae
p,dh
eh,ae
dcl,dcl
l,r
l,l
axr,axr
dh,dh
kcl,tcl
n,n
t,t
q,q
tcl,dcl
ax,ax
s,s
s,s
kcl,kcl
m,n
aa,aa
ch,t
ay,ay
ix,ih
eh,ey
pcl,kcl
l,l
dcl,dcl
n,n
n,m
r,er
ix,ix
r,r
iy,iy
kcl,tcl
t,t
axr,axr
hv,ix
ih,ih
eh,ax
axr,r
v,dx
r,r
s,s
r,r
aa,aa
n,n
hv,hh
sh,sh
ih,ix
s,z
n,n
bcl,bcl
l,ax
aa,ay
ng,n
aa,ay
er,r
el,l
r,r
r,r
ix,ix
y,y
jh,s
tcl,kcl
r,r
aa,ay
ao,r
ng,n
kcl,kcl
n,n
s,s
s,s
iy,iy
axr,ix
iy,iy
d,n
s,s
er,er
ix,ix
l,l
ao,ao
s,s
ay,ay
d,z
axr,axr
dx,dx
s,s
iy,ux
r,r
s,s
w,w
ih,iy
q,q
z,s
w,w
iy,iy
w,w
f,f
eh,ey
dcl,dx
ix,ih
l,l
q,q
tcl,tcl
sh,sh
ay,ay
kcl,tcl
l,r
ao,ao
tcl,tcl
el,el
g,k
k,k
n,dcl
q,q
b,tcl
tcl,tcl
eh,ae
ax,ix
r,r
g,g
jh,jh
k,k
ae,ae
s,s
tcl,tcl
iy,iy
ix,axr
ng,n
ih,eh
er,er
dcl,dcl
y,q
aa,aa
kcl,tcl
er,er
axr,axr
oy,ao
iy,ey
f,f
jh,jh
s,s
bcl,bcl
n,n
dcl,dcl
m,m
ax,l
axr,axr
s,s
ih,ux
iy,iy
iy,l
eh,eh
tcl,n
ao,ao
ae,ae
nx,n
pcl,bcl
ng,n
bcl,n
iy,ux
n,n
ix,ix
s,s
s,s
axr,r
gcl,n
ao,r
eh,r
ae,ae
m,m
el,l
w,ao
s,s
n,n
aa,aa
ow,ow
iy,ey
eh,ey
ux,y
v,r
eh,axr
r,oy
eh,eh
s,s
en,n
ay,ay
y,r
s,s
dx,dx
kcl,kcl
ax,ax
ao,ao
dcl,tcl
kcl,tcl
t,f
dcl,tcl
n,axr
s,s
iy,iy
iy,ux
dcl,dcl
z,s
ix,ih
aw,ay
r,er
dh,n
ax,ax
ix,ix
axr,axr
pcl,tcl
n,n
ux,ux
gcl,m
t,t
ao,ao
eh,ao
tcl,tcl
s,s
l,ax
ax,q
t,t
w,l
q,g
r,r
ae,ae
r,l
ae,ix
ae,ae
l,l
pcl,pcl
r,r
l,l
ix,eh
q,q
q,q
ng,n
ey,ay
m,n
n,dx
aa,aa
z,z
n,n
iy,iy
axr,er
iy,iy
s,s
ix,ix
ah,ax
eh,ae
tcl,dcl
s,s
l,l
eh,ao
kcl,tcl
tcl,tcl
ay,ay
g,g
w,uw
ow,ow
m,n
q,q
ax,ax
z,z
s,s
ax,ah
ah,ae
ux,iy
z,z
iy,ey
ay,ay
ix,v
q,q
dh,t
z,s
w,ao
m,m
ih,er
iy,ey
ux,er
en,n
n,n
ih,ax
aa,ay
bcl,bcl
iy,ix
ih,ux
ih,ix
ah,eh
k,k
f,sh
ao,aa
hh,k
iy,iy
iy,iy
tcl,tcl
ux,iy
er,ao
ch,t
s,s
n,n
aa,aa
t,t
ay,ay
ix,iy
s,s
dx,dx
r,er
pcl,dcl
s,s
w,l
ay,ay
f,s
ch,sh
ix,ix
n,ux
l,ow
aa,aa
z,s
iy,iy
r,r
s,s
tcl,tcl
kcl,tcl
q,q
ey,ae
eh,ey
tcl,tcl
n,n
r,r
kcl,kcl
q,kcl
ax,aa
bcl,bcl
axr,r
ix,ix
ay,ae
dcl,dcl
ih,ey
ah,l
g,g
ax,ix
ih,eh
kcl,kcl
dx,dcl
kcl,kcl
g,g
s,s
t,t
th,f
hv,r
s,s
axr,er
ix,ix
eh,q
ax,v
d,k
ih,ih
r,r
s,s
ux,iy
axr,er
ah,ax
r,r
iy,iy
ix,n
ih,ey
l,l
v,v
aa,r
v,n
iy,iy
r,r
y,ih
n,m
ux,ux
d,k
g,w
pcl,pcl
ix,ix
s,s
ao,ao
pcl,bcl
pcl,tcl
t,jh
tcl,tcl
m,m
ng,n
axr,er
ix,ux
s,s
d,z
tcl,tcl
ix,ix
aa,r
s,s
aa,aa
m,m
dcl,r
dcl,tcl
pcl,dcl
iy,iy
z,z
k,k
f,f
eh,eh
uw,ow
gcl,dcl
hh,q
oy,ao
ay,ay
r,r
dcl,q
uw,ux
iy,iy
tcl,q
ow,ow
ao,ao
bcl,dcl
m,r
q,q
r,aa
iy,iy
ng,n
g,dx
f,dh
r,r
ix,ix
axr,r
n,n
bcl,bcl
y,y
bcl,bcl
ow,aa
eh,ae
tcl,tcl
ix,iy
w,w
s,z
w,w
gcl,gcl
ey,iy
q,q
r,r
iy,iy
er,er
ux,dx
eh,axr
w,l
kcl,q
ae,ae
bcl,bcl
z,z
v,dcl
m,m
eh,ix
oy,ay
bcl,bcl
r,r
dcl,dcl
n,g
iy,iy
w,r
n,n
kcl,kcl
eh,ay
n,m
d,g
z,z
r,r
bcl,dcl
ux,ey
iy,ih
y,y
l,ao
ix,ix
p,k
ow,ao
ao,ao
n,n
ae,ae
s,s
ay,ay
ao,aa
m,n
k,k
n,n
er,axr
p,g
dx,g
eh,ey
tcl,tcl
t,z
n,n
eh,eh
ey,ey
ux,ux
w,w
w,l
ao,ao
l,l
k,k
n,n
ae,ae
s,s
hh,k
ih,ix
b,k
kcl,tcl
ay,ae
w,l
t,t
ow,r
q,q
l,dx
iy,y
dh,ix
dcl,dcl
aa,aa
r,r
t,k
ih,ae
m,n
pcl,n
ax,ay
kcl,kcl
q,k
ax,ah
ay,ay
hh,g
ih,eh
l,ao
dx,dx
ao,ao
s,s
r,axr
axr,axr
f,f
k,k
ao,aa
ix,ay
w,w
k,k
r,r
r,r
s,s
y,y
iy,ix
hh,f
sh,k
r,r
ix,n
w,r
ao,ao
ey,ey
k,k
hh,k
sh,sh
p,hh
dcl,dcl
s,s
f,f
n,n
f,f
s,s
dcl,dcl
z,s
ih,ih
ih,ix
z,t
g,k
w,w
dh,n
k,k
eh,eh
eh,ae
k,g
dcl,dcl
ih,ix
ow,ow
z,z
ae,ay
jh,jh
w,w
n,n
l,l
ae,ae
ow,ow
hv,ae
kcl,kcl
axr,r
eh,ah
w,l
v,v
g,g
l,l
s,s
v,ix
r,ae
p,k
r,axr
n,n
k,k
t,k
eh,ao
z,sh
pcl,tcl
kcl,kcl
sh,s
l,l
pcl,tcl
ih,ih
iy,iy
k,k
kcl,tcl
ey,ey
s,s
axr,axr
tcl,tcl
q,q
s,s
ay,ay
ao,ay
w,l
p,k
l,l
kcl,tcl
dx,dx
er,r
l,l
ih,ux
ih,ih
er,er
r,r
ah,aa
n,n
q,g
n,n
l,uw
q,q
tcl,tcl
gcl,tcl
f,t
s,s
uw,uw
ae,ey
aw,ay
dcl,dcl
ix,dh
ng,gcl
w,l
r,r
iy,n
tcl,n
ix,ix
ae,ae
ix,ix
m,bcl
ux,ux
er,r
hv,n
jh,jh
f,th
gcl,dcl
s,s
ax,l
z,s
r,r
ao,ao
iy,iy
ch,s
bcl,dcl
kcl,tcl
tcl,tcl
w,l
l,dx
ay,ay
s,s
n,n
dh,dh
tcl,tcl
ao,ao
l,l
k,k
ow,ao
iy,iy
ix,ix
s,s
r,r
r,r
eh,ah
p,tcl
hv,hv
ao,ao
r,r
gcl,dcl
iy,ey
n,m
r,r
s,s
z,s
k,q
r,r
n,ix
dx,n
m,m
aa,er
ao,ao
tcl,dcl
ax,v
ix,ix
aw,l
ow,ow
dcl,tcl
eh,ey
ow,ih
t,t
l,l
iy,iy
ey,ay
en,n
r,r
ao,ao
m,l
aa,aa
m,n
ow,eh
pcl,tcl
w,l
q,q
pcl,tcl
ey,ey
ix,iy
l,l
z,s
ae,ae
eh,r
aa,ay
eh,q
r,r
l,ax
l,ax
z,z
l,l
r,r
kcl,kcl
s,s
ow,ow
ax,ax
k,k
nx,dx
z,z
ix,axr
pcl,tcl
eh,ae
zh,s
t,k
tcl,tcl
r,r
iy,ix
ix,ix
k,k
dcl,dcl
q,ix
er,er
ax,ix
z,s
eh,ae
ax,n
s,s
r,r
ey,ey
ih,ay
s,s
tcl,gcl
axr,er
s,s
f,f
r,r
z,z
k,k
y,y
sh,sh
p,k
dx,dx
t,t
q,k
ah,eh
ix,ih
k,k
ah,ah
s,s
z,z
ih,ih
k,k
kcl,kcl
v,l
w,ng
tcl,tcl
ih,ey
f,f
m,ux
hh,k
ay,ay
l,r
kcl,tcl
n,n
dx,tcl
axr,axr
th,f
dx,q
ix,ix
t,t
ix,ix
ow,ao
aa,er
ix,ix
l,l
pcl,kcl
ax-h,ix
aa,aa
ae,ae
ih,ih
sh,sh
tcl,tcl
iy,r
en,n
l,l
oy,ay
k,k
axr,axr
th,z
pcl,tcl
s,s
axr,axr
f,f
er,er
m,gcl
er,er
ih,eh
pcl,tcl
kcl,k
kcl,dcl
l,l
z,s
l,l
s,s
ay,ay
g,g
z,z
iy,iy
pcl,pcl
th,s
l,l
z,z
tcl,tcl
m,m
n,n
ih,iy
ax,ix
dcl,tcl
ax-h,ix
l,l
ax,ah
sh,s
ow,ey
t,t
w,w
uh,ix
tcl,tcl
iy,er
s,s
t,t
iy,iy
tcl,tcl
gcl,l
iy,iy
bcl,bcl
b,g
bcl,dcl
r,r
eh,eh
m,m
q,q
nx,nx
z,z
s,s
p,k
ng,n
l,ao
n,n
ix,ix
v,f
t,d
gcl,gcl
n,n
m,tcl
dcl,dcl
ix,ah
z,s
r,r
aw,oy
ay,ae
ow,ow
l,ih
ae,ae
y,y
ix,ix
q,kcl
l,l
dx,t
ch,ch
ay,ay
tcl,tcl
er,axr
l,el
ao,aa
eh,eh
ih,eh
ao,ah
tcl,tcl
k,k
dcl,dcl
eh,ih
ih,ix
r,r
r,r
er,er
axr,axr
iy,ix
ow,ow
k,k
ux,iy
eh,ih
ix,ix
t,t
iy,iy
tcl,tcl
axr,er
ae,ae
v,v
aa,aa
er,axr
iy,iy
hh,dh
l,l
ih,ih
ao,el
aa,aa
dcl,dcl
t,k
dh,n
t,t
w,w
ix,y
ih,ey
iy,iy
eh,eh
kcl,kcl
eh,r
s,s
s,s
iy,ey
q,q
eh,ih
s,s
ih,axr
s,s
v,v
ae,ay
iy,ix
dcl,pcl
k,k
m,n
l,l
aw,aa
ux,ih
ih,ey
ux,er
iy,iy
s,s
s,s
ay,ay
n,axr
n,n
ax,ah
tcl,tcl
oy,ay
oy,l
k,k
eh,axr
l,dh
ae,ae
s,s
eh,ih
ao,ay
ix,ih
aa,ao
tcl,tcl
ng,n
z,z
l,ax
ng,n
s,s
gcl,dcl
d,k
er,axr
ix,ix
ux,ix
iy,iy
l,l
n,n
en,n
ow,ow
ix,ix
aa,aa
ix,ix
g,k
t,k
ae,ae
k,k
r,r
dcl,dcl
m,m
t,tcl
w,w
w,w
axr,q
z,s
sh,sh
ix,ax
th,v
g,g
w,w
iy,iy
eh,ah
ah,ax
ay,aa
ux,ux
dh,dh
nx,n
f,f
w,w
l,l
s,s
q,q
ao,el
f,f
n,n
r,axr
f,th
dh,dh
n,n
l,l
r,r
ae,er
aa,er
tcl,tcl
s,s
tcl,kcl
m,m
bcl,v
m,n
p,k
ix,ix
ao,aa
gcl,tcl
k,k
iy,axr
ng,m
dh,k
ao,aa
aa,ae
kcl,tcl
s,s
eh,ix
uw,ux
s,s
axr,r
ix,dh
axr,axr
m,dh
ae,ae
kcl,gcl
ah,aa
v,v
ix,ix
dcl,dcl
r,r
n,n
ix,ix
ay,ae
n,n
dcl,dcl
t,g
s,k
uw,axr
n,n
n,n
tcl,tcl
ow,ah
aa,aa
v,v
t,t
nx,n
s,s
w,l
m,m
l,l
tcl,tcl
q,q
r,er
ae,ae
t,t
m,m
dh,dh
er,er
dcl,dcl
ao,ao
ay,ix
p,t
s,s
bcl,bcl
k,k
pcl,tcl
ow,iy
q,ax
er,er
ix,r
tcl,tcl
p,p
t,k
dx,dx
s,s
dx,tcl
r,r
er,er
gcl,kcl
l,l
t,k
hv,hh
el,l
ey,ey
ix,ix
n,l
p,t
aa,ao
p,dh
er,r
n,n
s,s
ix,ix
tcl,dcl
eh,ae
y,iy
gcl,dx
eh,ih
ao,aa
er,er
f,k
kcl,tcl
oy,oy
v,dcl
r,r
ih,ey
p,k
ix,ix
axr,r
f,f
dcl,dh
ow,ao
ay,aa
ao,ao
ix,ix
s,s
m,m
ae,ae
ch,ch
m,l
n,n
n,n
axr,ix
t,t
ah,ah
ch,ch
aw,ae
m,m
ng,n
sh,t
ay,ay
dh,g
s,s
axr,eh
m,n
eh,r
er,axr
w,w
kcl,kcl
ow,ao
n,n
kcl,kcl
n,n
dcl,dcl
hv,hv
s,s
n,dcl
ax,ax
ax,ix
sh,s
th,dcl
l,l
er,er
aa,aa
ay,ay
n,hv
ix,ae
tcl,tcl
r,r
ix,ix
kcl,kcl
ih,iy
gcl,tcl
aw,aa
r,axr
dcl,dcl
f,f
kcl,tcl
s,s
pcl,tcl
p,k
n,n
ih,ix
aa,l
iy,ey
ow,ao
hh,hh
s,s
f,f
aa,aa
ah,ah
r,r
k,kcl
ah,aa
ah,ix
y,ix
ix,ix
iy,iy
r,r
ix,axr
q,q
iy,ix
aa,ao
ih,ax
iy,iy
ng,n
axr,ih
tcl,tcl
m,dh
iy,iy
ae,eh
tcl,tcl
ix,ix
ax,ax
dcl,dcl
k,k
f,f
tcl,tcl
ux,uw
pcl,dcl
sh,s
jh,s
n,n
r,n
iy,iy
f,f
s,s
jh,jh
ax,dh
n,ix
n,n
t,k
ah,ay
n,m
ay,ay
eh,ay
y,ih
gcl,kcl
ax,n
eh,ae
hv,em
r,r
s,s
ux,ix
ux,ux
ow,eh
ax,ax
q,q
n,n
tcl,tcl
ao,ah
ix,ix
k,k
axr,er
dh,n
r,v
axr,er
ae,ae
m,m
s,s
ao,ao
iy,iy
pcl,tcl
eh,ih
n,g
y,ix
ch,sh
iy,iy
ng,n
ih,ih
r,r
z,z
iy,iy
s,s
gcl,g
g,g
ay,ay
dcl,dcl
q,tcl
dcl,tcl
l,l
ae,ae
v,z
ao,r
dx,dx
ix,r
m,n
ah,eh
ow,aa
er,ae
tcl,tcl
ah,aa
er,oy
dx,n
n,n
l,q
l,l
bcl,dcl
n,n
dcl,l
z,z
kcl,kcl
ae,ey
ey,ey
f,f
l,ix
ih,ux
er,axr
er,eh
ow,ow
l,ix
ay,ay
ux,axr
f,f
ix,z
g,g
n,n
q,q
er,er
dh,z
w,w
m,m
ax,tcl
uw,w
gcl,tcl
q,dx
n,m
aw,ah
ih,l
ux,er
l,l
ay,ay
ao,r
l,l
tcl,tcl
el,el
sh,s
w,w
r,r
ae,ae
q,q
ao,ao
eh,ih
m,m
l,l
v,v
aa,aa
iy,axr
ix,ax
iy,iy
iy,ey
l,l
d,t
sh,sh
sh,s
ix,ix
eh,aa
er,ae
l,l
r,axr
oy,ao
dcl,dcl
iy,ux
ax,ih
l,l
dh,v
n,m
s,s
iy,ix
n,n
hh,hh
z,s
sh,sh
el,ao
m,m
pcl,tcl
ux,ux
f,s
tcl,tcl
iy,y
th,th
iy,ey
m,m
bcl,dcl
z,s
k,k
hh,hv
r,r
r,l
r,r
eh,ey
aa,ay
ay,aa
ix,eh
gcl,dcl
p,hh
m,n
axr,ih
ix,n
sh,sh
hh,hh
t,t
tcl,kcl
p,k
f,f
pcl,tcl
sh,sh
q,q
iy,iy
eh,ae
n,ix
pcl,tcl
k,k
iy,iy
ng,n
r,r
ay,aa
ow,ow
l,l
ch,sh
ax,ix
gcl,tcl
f,f
dcl,dcl
bcl,dcl
dcl,tcl
dx,n
y,iy
b,dh
el,l
ix,ix
kcl,kcl
s,s
m,m
ch,sh
d,t
ix,dx
n,n
z,z
iy,ey
m,ax
f,f
hh,hh
v,r
ix,ix
tcl,tcl
nx,n
ix,axr
t,t
ix,ax
dh,dh
r,ax
l,l
p,th
r,r
ey,ey
r,r
ow,ow
pcl,tcl
hh,hh
gcl,dcl
aa,er
iy,ey
axr,axr
n,n
ae,ae
s,s
oy,ao
kcl,kcl
m,m
hv,y
axr,axr
pcl,tcl
w,l
er,axr
ow,ih
iy,iy
kcl,tcl
iy,iy
en,ix
axr,g
tcl,dcl
ae,ae
p,hv
kcl,tcl
er,er
tcl,dcl
iy,iy
eh,eh
tcl,kcl
nx,n
jh,jh
n,n
ah,ow
ix,ix
aa,axr
k,k
tcl,kcl
iy,iy
kcl,kcl
zh,z
n,n
n,n
m,n
r,r
ih,ix
ix,en
ah,ax
k,g
bcl,bcl
ix,ix
ay,ay
ax,n
n,n
m,n
m,m
p,p
z,s
ih,ix
s,s
m,m
tcl,tcl
n,n
s,s
er,er
s,s
g,g
ix,ix
v,dx
ao,l
ix,ix
gcl,dcl
ae,eh
dcl,n
s,t
oy,aw
g,k
nx,n
bcl,dcl
m,n
ng,n
w,r
aa,er
l,l
pcl,pcl
l,l
ax,ah
dcl,n
sh,s
ae,ae
p,k
hv,dx
jh,jh
aa,ao
ih,eh
aw,oy
v,dh
dh,dh
dx,n
m,ix
l,l
sh,sh
ux,ux
m,n
z,s
axr,axr
axr,r
r,r
ax,ax
l,ax
kcl,k
r,ao
aa,eh
iy,ey
iy,ux
aw,ae
tcl,tcl
ux,iy
m,m
gcl,tcl
ux,iy
dx,n
t,t
k,k
zh,t
kcl,tcl
n,n
ah,ao
ih,l
m,m
ah,ah
v,dh
s,s
dcl,dcl
l,l
ng,n
ao,ao
n,n
n,n
t,t
bcl,tcl
kcl,kcl
d,t
axr,r
kcl,kcl
dcl,dh
dcl,tcl
q,q
iy,iy
axr,ey
n,r
n,n
ae,ae
dcl,dcl
ux,axr
iy,iy
r,r
y,y
eh,ah
er,axr
r,r
kcl,tcl
ae,ae
m,n
l,l
v,r
r,r
kcl,kcl
v,v
ao,ao
aw,ae
ix,ix
ix,ix
axr,axr
ae,ae
ix,ix
ow,ow
dx,dx
w,w
ix,ay
k,k
l,l
ao,aa
tcl,tcl
ch,ch
m,l
l,w
el,l
s,s
n,n
tcl,kcl
k,k
iy,ix
dcl,tcl
bcl,dcl
q,q
ao,ay
y,y
t,t
ae,ae
q,q
n,n
k,k
en,en
er,er
r,r
t,jh
q,q
ao,ow
gcl,tcl
l,l
bcl,bcl
iy,ey
axr,axr
s,s
ay,ay
iy,iy
r,r
s,s
l,l
y,ih
d,g
s,s
sh,sh
k,k
n,q
ae,q
iy,iy
oy,oy
kcl,kcl
m,n
t,t
er,axr
ay,ay
axr,axr
ax-h,k
dx,dx
s,s
ae,ae
n,n
ax,ix
pcl,tcl
m,m
ih,ey
ix,ix
t,v
v,n
v,f
iy,iy
bcl,bcl
s,s
t,tcl
iy,iy
ah,ae
r,r
ao,ao
pcl,kcl
t,t
n,dcl
r,r
ah,ay
dh,dh
ax,el
aa,ay
ih,ih
s,s
k,dx
k,k
iy,ih
n,n
kcl,gcl
ix,iy
m,n
r,r
k,q
ix,r
t,g
tcl,tcl
sh,s
th,th
ow,ow
t,t
iy,iy
iy,iy
r,r
f,f
ix,ix
dcl,tcl
s,s
r,eh
t,k
sh,sh
k,k
s,s
eh,ix
uh,ah
r,r
ow,ao
z,z
r,r
en,en
m,m
k,k
ix,r
ey,iy
ix,ix
z,z
s,s
l,ax
n,n
f,s
k,k
axr,ix
kcl,th
m,m
eh,ay
l,ao
eh,l
n,m
kcl,tcl
r,axr
jh,jh
ax,ix
ix,iy
bcl,dcl
ay,ah
eh,ey
aa,aa
ow,ao
n,n
axr,axr
s,s
l,l
ah,ah
r,aa
dcl,dcl
r,r
k,k
v,l
er,r
ao,aa
ih,er
r,r
d,g
ux,ux
w,ao
ae,ae
ux,eh
ae,ae
ix,ix
bcl,bcl
r,r
ix,q
dh,dcl
kcl,kcl
w,v
m,r
iy,iy
g,g
sh,k
m,n
k,p
ix,dh
dcl,dcl
sh,sh
g,d
r,r
pcl,tcl
tcl,tcl
ay,ay
n,n
tcl,tcl
sh,sh
bcl,bcl
kcl,tcl
l,l
p,dh
f,f
s,s
m,v
iy,ux
pcl,tcl
bcl,dcl
ux,ux
d,dx
iy,iy
ih,ih
bcl,bcl
t,k
th,th
l,l
sh,sh
hh,hh
k,kcl
gcl,tcl
ax,ax
tcl,tcl
y,y
n,n
eh,eh
v,v
ay,ae
gcl,gcl
dh,dh
ao,l
v,v
ao,ow
uh,l
s,s
ae,ae
iy,iy
eh,ae
ao,ao
tcl,tcl
iy,iy
s,s
ix,ix
tcl,tcl
y,iy
l,l
iy,iy
axr,g
dcl,kcl
r,r
aa,ao
s,s
ae,ae
ae,ae
sh,sh
l,iy
s,s
ae,ae
ih,ih
ih,ix
kcl,kcl
em,m
d,q
ux,ux
l,l
s,s
eh,eh
iy,iy
tcl,tcl
l,l
iy,ey
eh,eh
el,l
er,er
r,r
r,r
aa,ao
tcl,kcl
w,w
aa,er
er,er
n,n
aa,aa
s,s
kcl,kcl
n,dcl
ao,l
y,iy
iy,iy
ax,ix
th,s
p,p
m,m
kcl,tcl
gcl,n
g,g
ay,ae
r,axr
axr,ux
eh,ix
s,s
ax,ux
ih,ix
dcl,dcl
tcl,tcl
m,n
ow,q
q,q
kcl,tcl
ah,aa
v,dcl
d,t
gcl,tcl
axr,axr
p,s
ow,ae
gcl,gcl
z,k
er,er
dx,dx
s,s
ix,iy
s,s
nx,dx
l,l
ih,eh
n,n
ey,r
kcl,gcl
q,k
k,k
eh,ah
iy,iy
f,f
eh,eh
ix,ix
er,axr
tcl,dcl
s,s
k,q
dh,dh
tcl,tcl
r,r
w,l
t,t
ix,ih
ih,ix
ah,ah
iy,ey
f,f
s,s
f,f
dx,dh
l,l
ix,ix
w,w
s,s
dcl,n
t,k
kcl,gcl
bcl,pcl
ae,ae
iy,iy
p,k
n,dx
aa,r
ax,ix
axr,axr
ah,eh
m,m
er,er
s,s
l,l
eh,ix
eh,ih
ax,ae
k,sh
w,l
l,l
ix,en
dcl,n
er,aa
m,m
ow,oy
dx,dx
n,ix
y,q
tcl,kcl
ey,ey
dx,kcl
p,kcl
d,kcl
z,z
tcl,tcl
jh,jh
g,k
ax,ax
ih,ix
dh,ix
p,g
s,s
z,s
s,s
ix,ix
eh,eh
q,k
f,f
ae,ae
r,r
ow,ow
p,k
uw,el
r,r
ow,aa
ey,ih
uh,l
ax,ix
l,uw
ix,ix
ao,ay
ng,n
ay,er
q,q
pcl,tcl
ih,ih
th,th
ch,ch
l,ix
ih,ix
m,n
ix,ix
l,l
bcl,bcl
ih,ey
tcl,tcl
eh,eh
ih,ey
p,t
kcl,kcl
iy,ih
n,n
em,n
eh,eh
y,y
iy,iy
iy,iy
k,k
g,k
eh,ae
ae,ae
tcl,v
dx,d
z,tcl
g,k
ey,ey
kcl,kcl
ih,iy
s,s
ix,ih
eh,ix
r,r
ey,ey
en,n
g,g
r,r
ae,ae
tcl,kcl
ae,eh
aa,er
eh,ih
w,ao
axr,axr
aw,aa
nx,n
s,s
y,y
ey,ae
ax,eh
z,z
tcl,tcl
th,f
hv,hv
tcl,tcl
m,em
ih,ih
p,f
l,l
n,n
kcl,tcl
dcl,v
n,n
k,k
iy,iy
ax-h,tcl
oy,oy
ix,eh
r,r
bcl,dcl
ay,ay
ao,ao
ux,ey
dx,dx
z,z
ow,ow
z,s
v,k
axr,r
ch,s
p,k
w,w
dh,tcl
ch,sh
ih,iy
t,t
iy,iy
ey,iy
t,t
ae,ae
m,m
th,th
iy,iy
eh,eh
r,r
ae,ae
tcl,tcl
n,n
ay,ay
oy,oy
l,l
ah,ah
z,z
ix,ix
ix,iy
ao,ao
oy,oy
tcl,kcl
ix,ax
hh,k
tcl,dcl
r,r
l,l
s,s
k,k
q,k
ao,ao
iy,hv
hv,hv
l,l
ix,ix
t,t
l,l
s,s
dcl,n
w,w
tcl,tcl
p,g
ix,q
n,tcl
s,s
z,s
tcl,tcl
ax,q
t,t
n,n
ae,ae
ae,ae
iy,iy
ax,l
ax,ix
uh,ax
z,s
t,t
f,t
m,bcl
ae,eh
s,s
ux,ow
l,q
k,k
n,n
p,q
ix,ix
th,th
ih,ih
r,r
zh,s
ow,ow
er,ih
iy,iy
iy,iy
aa,aa
kcl,tcl
r,r
q,tcl
ay,ay
r,r
ay,ay
t,k
er,aa
jh,jh
k,k
axr,axr
s,s
f,f
v,v
er,er
ix,dh
kcl,kcl
ey,ey
ix,ey
k,k
uw,ux
er,er
r,r
ih,ix
s,z
q,q
ah,ax
aa,aa
ah,aa
ix,ix
dx,iy
pcl,tcl
n,n
ix,ix
dx,g
dcl,dh
kcl,tcl
hh,k
iy,iy
d,dh
s,sh
ah,ow
s,sh
dcl,dcl
ix,ix
hh,k
ah,oy
ix,ix
f,v
n,n
sh,sh
m,m
iy,iy
s,z
m,m
er,r
aa,ay
s,z
n,n
en,m
en,n
ae,ae
ah,ix
z,s
iy,ix
s,s
r,r
iy,ey
kcl,tcl
gcl,dcl
eh,eh
dx,dx
s,s
axr,r
el,el
l,l
ay,er
q,q
axr,er
bcl,gcl
iy,ix
iy,iy
l,l
aa,aa
ch,ch
eh,ux
r,r
r,r
l,l
bcl,tcl
en,n
dh,dh
axr,er
l,l
l,l
w,w
n,n
n,n
ow,ao
aa,r
dcl,dcl
ih,ix
ae,ae
ah,ah
l,ow
axr,axr
n,n
pcl,kcl
ae,ae
dcl,dcl
ey,ey
kcl,tcl
dcl,n
k,k
dh,dh
k,g
m,m
ng,n
l,l
tcl,kcl
gcl,kcl
iy,iy
kcl,kcl
g,g
ey,ih
z,s
m,n
s,s
ay,ae
ah,ax
kcl,tcl
b,v
n,n
ah,ao
pcl,tcl
r,r
ux,ux
m,m
ux,iy
ih,ix
axr,axr
bcl,dcl
m,n
gcl,dcl
r,ao
ix,n
z,z
ax,q
er,er
sh,s
ae,ae
f,f
p,f
v,f
g,k
ao,ao
n,n
kcl,kcl
r,r
n,n
gcl,bcl
sh,sh
d,g
l,l
ao,ao
l,l
aa,ae
z,s
s,s
eh,eh
ae,ae
t,t
axr,axr
bcl,tcl
axr,axr
z,s
f,th
n,dcl
s,s
p,k
n,n
dx,dh
hv,hv
dh,ix
s,sh
f,f
p,f
ax,r
s,s
ix,ix
ix,ix
axr,axr
bcl,m
hv,iy
v,v
aa,aa
dx,dx
tcl,tcl
s,s
s,s
l,l
bcl,bcl
s,sh
s,s
sh,sh
s,s
z,z
pcl,tcl
n,n
jh,jh
ow,ow
f,f
m,m
kcl,kcl
ih,ey
l,l
kcl,tcl
eh,ae
q,q
ay,ay
ih,ih
dh,v
aa,ah
y,ix
ix,ix
ix,r
m,n
ao,ao
p,t
ux,ih
r,ao
t,k
dcl,dcl
z,s
th,t
bcl,bcl
ix,d
m,r
ae,ae
t,t
r,r
w,w
v,v
ah,ah
s,s
q,l
k,k
ow,eh
ix,ix
l,l
bcl,dcl
eh,ae
axr,r
hv,hv
ao,ao
axr,r
axr,r
dcl,n
z,z
ix,ix
v,v
ah,r
er,er
ae,ae
uw,ow
ax,r
er,oy
s,s
ao,ao
s,sh
dh,tcl
ax,l
s,z
ao,aa
iy,iy
ow,ow
dx,dcl
ay,ay
er,er
iy,iy
q,q
ax,ax
k,k
t,t
ix,ix
eh,r
ao,aa
k,k
jh,jh
bcl,tcl
dcl,tcl
l,l
w,l
n,n
iy,iy
w,w
aa,aa
z,z
y,hv
dcl,tcl
ix,r
l,l
aa,aa
ax,ix
ae,ey
hv,y
s,s
gcl,dcl
t,tcl
ah,ax
dcl,tcl
oy,ao
kcl,kcl
ax,l
iy,ux
kcl,tcl
v,n
kcl,tcl
g,g
ow,ow
m,m
n,n
dx,dcl
iy,ey
uw,l
s,s
r,r
iy,axr
uw,uw
eh,ae
m,m
ih,r
m,n
ix,ix
s,s
r,r
ax,r
m,n
ng,n
l,l
iy,iy
sh,sh
kcl,kcl
er,er
ng,n
l,l
t,t
en,n
aa,l
dcl,gcl
r,r
ix,n
ax,r
t,f
ih,eh
k,k
hh,hh
dx,dx
oy,oy
ih,ih
ey,ey
kcl,dcl
iy,iy
t,t
ih,ih
ax-h,t
n,q
jh,s
axr,er
iy,iy
s,s
s,s
iy,ux
k,k
q,q
q,q
ae,ae
ah,l
y,iy
v,n
em,en
tcl,tcl
en,n
hv,hv
tcl,tcl
pcl,tcl
l,l
w,w
s,s
em,n
s,s
tcl,q
s,s
y,y
ih,eh
ey,ix
aa,eh
tcl,kcl
ay,ay
iy,iy
eh,ay
ax,ax
kcl,tcl
n,n
nx,m
ax,ix
ix,ix
l,m
iy,iy
sh,s
q,q
iy,iy
ao,ao
z,s
w,w
iy,iy
ao,ao
iy,ih
l,iy
ux,ux
ih,ey
r,r
ix,ih
ow,ow
kcl,tcl
ae,ae
y,q
oy,ae
oy,ay
ih,ih
ix,ix
dcl,dcl
ae,ae
kcl,kcl
ng,n
v,v
g,g
s,s
axr,axr
t,t
eh,aa
aa,aa
ih,ix
ae,ae
dx,dx
ae,ae
dcl,dcl
iy,ey
ng,n
k,g
jh,s
m,n
t,t
ix,n
axr,axr
ix,ix
uh,ih
iy,iy
bcl,dcl
kcl,tcl
ae,ae
hv,hv
l,l
ix,ix
aa,aa
kcl,kcl
dh,d
r,r
s,s
sh,f
sh,sh
m,n
gcl,n
el,ao
ix,ix
ix,ix
er,axr
ay,ao
s,s
dcl,dcl
f,f
ix,z
r,r
ix,ix
n,n
dcl,kcl
ao,ao
ix,ah
ix,n
ix,ix
ih,ix
r,v
sh,sh
uh,ih
m,m
sh,sh
iy,iy
m,m
dcl,tcl
f,f
ow,eh
dcl,dcl
t,t
w,w
ax,ax
iy,ix
ae,ae
iy,y
t,k
m,m
t,t
ih,n
ix,ix
ah,eh
ih,ix
ow,el
q,q
g,p
pcl,tcl
ix,r
iy,iy
k,g
k,k
t,t
t,t
ux,ux
r,r
hh,p
r,er
z,s
ih,ih
ao,ay
tcl,dcl
ah,l
ah,r
n,n
p,kcl
er,r
tcl,tcl
er,er
m,n
s,s
s,s
l,l
t,kcl
m,n
ae,ae
ae,ae
dh,q
gcl,dh
r,r
n,ix
pcl,tcl
axr,axr
dx,dx
tcl,tcl
ey,ey
iy,iy
iy,iy
ix,ng
ax,ix
s,z
q,q
ay,ay
sh,s
s,s
ux,ux
p,p
d,k
s,s
iy,ix
tcl,dcl
ae,ae
ng,n
gcl,dcl
t,t
ay,ay
r,r
eh,ae
axr,r
axr,er
hv,k
t,t
ae,ae
dcl,dcl
s,s
tcl,tcl
axr,r
pcl,tcl
dcl,dcl
eh,er
dh,dcl
n,n
ae,ae
d,g
ix,ix
r,r
ay,ay
tcl,kcl
s,s
iy,iy
iy,iy
aa,ay
pcl,dcl
z,z
n,n
ae,ae
ay,ah
r,r
l,l
ux,ux
n,n
eh,ih
iy,iy
ao,w
ng,n
ae,eh
l,ix
ow,ae
ay,ay
ix,ix
k,k
z,s
g,q
n,n
d,g
ay,ae
t,dh
eh,eh
dcl,dcl
eh,ih
w,l
sh,s
aa,aa
w,ao
t,k
ix,ix
f,f
ix,ih
ey,ey
m,n
ih,ax
dh,n
p,kcl
ih,ih
ih,ih
eh,eh
ih,ih
aw,aw
tcl,tcl
ow,ih
ao,aa
t,t
hh,k
el,l
pcl,tcl
dcl,dcl
s,s
d,t
iy,iy
sh,sh
l,l
ix,ix
k,k
kcl,tcl
w,w
ix,ix
ow,eh
ah,ax
er,er
ax,l
kcl,kcl
iy,iy
iy,ix
bcl,bcl
gcl,tcl
l,l
ix,ix
l,l
q,q
ix,ix
ih,iy
k,k
ix,ix
iy,iy
g,k
ah,ax
m,l
d,y
eh,ae
y,q
k,g
eh,ih
p,g
w,w
ax,ax
en,en
iy,iy
tcl,tcl
z,z
g,v
t,k
z,z
dh,t
r,eh
el,w
bcl,v
dx,ix
l,ao
s,s
er,er
ch,sh
dh,dx
p,k
m,m
ae,ix
t,k
l,l
n,n
el,l
ix,ix
q,q
d,k
eh,ae
ix,ix
n,n
aa,aa
n,n
f,s
ax,ix
n,dcl
p,f
sh,sh
ay,ay
q,q
ix,ix
dx,dx
iy,iy
l,w
pcl,tcl
dx,dx
oy,oy
l,l
kcl,tcl
ax,l
ey,ay
v,v
ix,r
y,y
ih,iy
tcl,tcl
ux,ux
m,n
ax,axr
iy,iy
n,dcl
n,n
tcl,dcl
n,n
r,r
s,s
ih,axr
kcl,kcl
aa,aa
k,k
l,l
v,m
iy,iy
tcl,tcl
w,ng
ey,ey
en,ax
ix,ix
dcl,kcl
ix,ix
t,t
r,r
tcl,tcl
ey,ey
ow,ow
kcl,tcl
jh,ch
t,t
dcl,dcl
bcl,dcl
s,s
hv,hv
dh,dh
iy,iy
aa,aa
ae,ae
tcl,tcl
hh,q
ey,ay
l,aa
ow,ow
p,k
n,ax
tcl,tcl
t,kcl
tcl,dcl
l,dh
ix,iy
bcl,tcl
ix,ix
gcl,dcl
s,s
axr,axr
ae,ae
bcl,ax
er,er
kcl,g
z,z
t,k
iy,iy
tcl,tcl
r,r
ix,ow
uw,l
dx,dx
tcl,tcl
ah,ix
tcl,q
ih,ih
ix,ix
ay,ay
l,l
r,r
iy,iy
z,s
t,k
ax,r
n,m
dcl,dcl
ih,l
ao,ao
s,z
dcl,dcl
axr,r
ax,l
g,k
en,n
sh,s
l,l
ey,eh
f,f
ux,iy
gcl,gcl
f,f
d,kcl
t,k
ao,ao
oy,ow
ae,eh
pcl,tcl
s,s
tcl,tcl
n,n
dh,th
ix,q
ey,ey
r,r
k,k
n,n
l,ax
bcl,tcl
tcl,tcl
n,n
dcl,dcl
p,tcl
s,s
aa,ah
s,s
ey,ey
ah,l
iy,ey
gcl,dcl
f,f
tcl,kcl
axr,r
tcl,q
l,l
ax,ix
sh,sh
eh,er
tcl,tcl
el,q
y,iy
y,k
zh,t
ao,ao
m,dcl
l,l
z,z
y,iy
dx,dx
n,m
z,jh
p,g
dcl,dcl
ix,ix
er,ae
ao,ao
ah,ah
n,n
l,n
hh,tcl
r,r
ih,ih
iy,iy
iy,axr
tcl,dx
axr,axr
axr,er
n,l
r,r
s,s
ao,ao
ux,ux
jh,sh
ax,l
l,uw
tcl,q
ih,iy
ah,l
dx,r
n,n
l,l
f,f
ey,ey
ey,ey
ae,ih
z,z
ix,ix
ah,aa
ay,ay
kcl,pcl
ey,ey
k,k
z,z
ux,iy
l,l
bcl,dcl
r,r
ao,aa
k,k
s,s
l,l
m,m
gcl,tcl
m,m
bcl,bcl
dh,dh
m,n
q,y
n,n
pcl,tcl
dcl,dcl
ng,n
ae,ih
m,m
z,s
aw,ao
ah,eh
dh,n
ix,ix
n,n
l,l
iy,iy
ah,ae
n,l
ih,ey
tcl,z
w,w
gcl,gcl
p,t
dcl,tcl
ae,ey
tcl,dcl
er,er
f,f
f,f
dx,r
eh,ae
p,k
eh,ah
en,n
er,g
ao,ao
dcl,gcl
iy,iy
n,n
eh,ae
ah,ao
ux,ux
iy,iy
dcl,g
l,m
m,m
ix,ix
ae,aa
z,s
ih,axr
ux,ux
s,s
axr,ao
ay,ay
axr,r
dcl,tcl
dcl,dcl
y,y
q,hh
f,f
pcl,tcl
axr,r
tcl,tcl
iy,iy
er,er
axr,axr
en,l
f,f
l,l
gcl,bcl
axr,g
q,q
p,dx
iy,iy
m,m
p,dh
s,s
dx,n
aa,aa
z,z
ah,ae
w,w
ao,w
bcl,tcl
ix,ux
r,er
w,ao
en,ix
r,axr
r,r
ae,ae
hv,y
hv,hh
t,f
t,k
gcl,dcl
jh,s
l,l
s,s
axr,r
kcl,tcl
ow,ow
kcl,tcl
t,d
iy,ux
aa,aa
aa,ay
ux,ix
kcl,tcl
m,m
l,n
v,v
s,s
s,s
ax,l
ix,iy
n,n
th,s
aa,ah
ux,ux
t,t
t,s
y,y
dx,dx
d,jh
k,k
aa,aa
eh,ey
m,m
l,l
g,g
dx,nx
r,r
ih,eh
ax,ix
ow,ow
s,s
tcl,tcl
ax,ix
ax,ao
r,r
dh,th
tcl,tcl
hv,iy
iy,iy
ch,ch
eh,r
sh,sh
n,n
uh,l
dcl,dcl
w,w
m,n
el,ao
kcl,k
z,s
eh,eh
t,k
jh,t
hv,k
t,s
ih,ih
el,l
kcl,tcl
n,n
ah,ae
t,t
hv,k
nx,l
t,t
eh,ix
n,n
ae,ae
s,s
iy,iy
ao,ao
ae,ae
ow,ow
ix,ix
hv,ix
ow,l
v,v
axr,ix
r,r
eh,ae
n,n
nx,dx
p,k
gcl,kcl
ux,ih
s,s
s,s
iy,iy
k,k
f,f
s,s
dcl,tcl
iy,ix
ah,ah
w,l
f,f
k,k
ax-h,dh
oy,ay
el,ow
ao,aa
q,dh
tcl,kcl
n,m
s,s
f,f
f,f
n,n
eh,eh
eh,ah
hh,hh
tcl,tcl
l,l
tcl,tcl
m,m
el,l
er,er
ix,ix
s,s
iy,iy
ey,ey
v,r
axr,axr
ey,ey
er,er
ao,er
ih,ih
aa,er
axr,axr
axr,r
eh,eh
ax,ax
ae,ae
axr,r
ih,ix
ih,iy
ix,ux
k,k
dx,dx
kcl,kcl
kcl,tcl
gcl,gcl
m,n
ix,ix
en,n
l,ax
n,n
dcl,dcl
s,s
ih,ay
g,g
p,k
hv,hv
dcl,dcl
z,s
p,k
pcl,pcl
l,ix
th,s
n,n
kcl,tcl
ch,sh
sh,sh
tcl,kcl
ah,ah
ae,ae
dcl,dcl
q,r
l,l
s,s
ao,ow
dcl,dcl
f,f
ch,sh
el,el
s,s
ix,ix
y,y
er,er
n,n
kcl,dcl
n,n
ao,ao
k,k
axr,er
eh,eh
iy,iy
k,k
ah,l
oy,oy
s,s
ao,ah
pcl,pcl
q,q
ay,ay
n,n
s,s
oy,ao
z,s
ih,ix
ae,ae
dcl,tcl
s,s
ow,aa
tcl,tcl
l,l
ah,ah
r,axr
s,s
kcl,tcl
iy,iy
s,s
tcl,tcl
en,n
dcl,kcl
n,n
ng,q
ix,ix
ae,ae
ix,ix
ix,ix
bcl,bcl
r,r
w,w
g,dh
aw,ay
w,w
l,l
ux,uw
aw,aa
ix,ix
s,s
k,k
dh,dcl
axr,r
r,axr
s,s
iy,iy
y,q
s,s
jh,jh
tcl,tcl
uw,ux
dcl,dcl
axr,er
q,q
ix,ix
v,v
iy,ix
ih,ih
sh,s
dcl,dcl
r,r
tcl,g
s,s
s,s
gcl,tcl
t,k
eh,ae
ix,ix
s,z
l,l
axr,r
w,w
r,r
t,ch
gcl,dx
pcl,kcl
n,n
d,k
w,w
ao,ao
y,iy
ae,ae
l,ix
tcl,tcl
dh,dh
aa,ah
m,n
kcl,tcl
l,l
aa,aa
ae,ae
ux,ux
ow,en
ax,eh
oy,oy
s,z
bcl,dcl
er,er
ax,q
t,k
s,s
en,n
er,er
m,l
n,m
l,l
sh,s
y,iy
kcl,kcl
ux,ux
dcl,tcl
axr,r
ae,ae
tcl,dh
l,dx
s,s
dcl,dcl
d,k
ax,ix
m,m
f,f
k,k
ey,ey
r,v
kcl,kcl
n,n
ao,ae
w,l
er,er
bcl,tcl
aa,eh
dcl,tcl
sh,s
l,ax
ah,eh
ch,sh
ey,ey
p,k
l,l
kcl,kcl
axr,axr
s,s
ax,l
aa,aa
kcl,kcl
f,f
s,s
aa,aa
r,axr
t,t
v,n
ih,l
ow,ow
t,t
aa,ae
eh,r
g,g
w,l
r,r
n,n
y,y
m,n
n,n
s,s
ow,ow
ax,ix
p,k
dcl,dcl
w,l
f,f
ih,ix
kcl,tcl
ih,ih
uh,ow
sh,sh
er,axr
dcl,tcl
s,s
dcl,gcl
ao,axr
bcl,bcl
z,z
aa,aa
iy,iy
ay,ay
ng,ix
w,w
s,s
m,m
n,n
dcl,tcl
k,k
r,m
s,s
ay,ay
tcl,z
tcl,tcl
kcl,kcl
oy,ay
axr,er
sh,sh
kcl,kcl
iy,iy
s,s
g,k
dcl,n
ey,ey
m,m
r,axr
ah,ah
jh,jh
bcl,bcl
ax,ah
z,s
y,iy
kcl,tcl
ae,ae
dx,k
ix,n
r,r
ay,ay
d,t
nx,n
w,ao
axr,ax
s,s
p,k
s,s
ay,ay
m,n
y,y
r,r
n,n
ix,ix
ix,ax
q,q
er,ae
eh,ae
ow,ae
aa,r
kcl,kcl
ey,ih
ax,ix
th,f
ah,aa
ix,ix
n,n
l,l
w,w
ih,eh
ih,eh
y,y
aa,aa
th,kcl
aa,ao
ow,er
m,m
sh,sh
l,l
l,w
k,k
ih,ix
v,tcl
l,l
z,z
ix,ix
el,ao
aa,aa
ih,l
w,w
aa,aa
ix,n
r,er
n,n
k,k
dh,dh
ix,ax
eh,ah
s,s
ux,ux
v,v
n,n
r,r
l,l
iy,iy
ix,ae
ey,ey
y,iy
tcl,kcl
jh,jh
n,n
gcl,tcl
r,m
en,en
ah,l
dcl,tcl
em,g
ey,ay
aa,ao
l,l
ae,ae
uh,l
v,v
gcl,dcl
ah,ay
aw,ow
hh,k
ix,ix
m,m
dcl,r
z,z
w,w
r,r
ix,ix
hv,ih
ey,ey
dh,v
ax,ix
dcl,tcl
s,s
dh,dh
eh,oy
f,k
n,n
ih,ih
iy,iy
m,n
ow,l
ix,ix
tcl,tcl
s,s
ix,ix
r,ao
z,z
dh,dcl
bcl,gcl
ix,ix
dx,dh
el,n
kcl,tcl
ow,l
kcl,kcl
iy,iy
r,eh
l,ax
kcl,tcl
ax,ng
ih,ix
tcl,tcl
w,w
t,dh
sh,sh
ih,eh
sh,sh
z,z
ah,ix
t,dh
n,n
th,f
pcl,tcl
t,d
tcl,tcl
kcl,tcl
z,s
er,er
s,s
ih,ih
ay,aa
sh,sh
er,er
d,t
l,l
aa,l
t,k
p,k
iy,iy
q,l
s,s
m,m
kcl,tcl
r,r
ix,iy
iy,iy
ey,ae
ih,axr
q,q
d,d
ax,l
gcl,dcl
k,k
kcl,tcl
ng,n
w,n
s,s
er,er
m,m
t,tcl
s,s
s,s
er,er
k,k
axr,axr
ix,ix
ao,el
p,k
dh,t
g,g
kcl,kcl
ae,ae
ix,r
ix,dh
ax,ix
iy,iy
k,k
z,s
bcl,gcl
f,tcl
sh,sh
aa,aw
f,f
s,s
m,m
w,w
r,r
k,k
uh,ax
bcl,dcl
iy,ux
ow,ao
ay,ay
ih,iy
l,ux
aa,er
s,s
n,n
dh,f
p,v
ix,ix
ax,l
l,l
eh,ae
bcl,tcl
w,l
uh,ih
q,q
ax,ax
ix,iy
s,s
g,k
l,l
pcl,pcl
axr,el
r,r
ix,eh
hh,g
ae,ae
l,l
k,k
z,z
hv,hh
s,s
k,k
tcl,dcl
s,s
l,el
iy,ix
z,z
tcl,tcl
ey,ix
hv,v
r,r
ay,ae
er,axr
s,s
n,n
n,n
ux,ux
sh,s
ah,aa
ax,ax
l,m
tcl,tcl
ax,axr
iy,iy
g,k
m,m
s,s
p,k
dcl,tcl
l,l
ay,ay
tcl,dx
ix,ix
t,k
ax,ax
n,p
s,s
pcl,pcl
m,bcl
l,l
ix,ix
g,g
iy,iy
ax,ax
q,q
ix,axr
ax,ix
y,iy
z,sh
tcl,tcl
q,q
iy,ey
ae,ae
iy,iy
ow,ah
z,s
axr,r
axr,axr
ix,r
aa,er
er,er
iy,ey
s,s
t,s
pcl,tcl
axr,axr
iy,iy
s,s
k,k
hh,hh
ey,ey
aa,aa
k,k
iy,iy
l,l
z,s
oy,ay
f,f
ax,ax
kcl,tcl
pcl,kcl
ay,ay
ax,ax
ix,ix
ax,ah
m,m
ih,ih
t,t
eh,eh
t,k
p,z
m,m
oy,aa
n,n
dcl,dcl
kcl,gcl
s,s
dh,dx
k,k
th,k
ae,ae
pcl,kcl
hh,k
tcl,dcl
r,r
r,r
uh,ux
n,n
m,m
pcl,tcl
eh,aa
ih,ix
ay,ae
eh,ih
aa,aw
q,q
z,s
f,k
ih,ux
m,n
b,g
pcl,gcl
s,s
n,n
k,k
l,l
ey,ay
ow,el
m,n
ao,ao
s,s
r,axr
r,l
r,r
r,r
ey,ey
f,t
ix,ix
eh,r
ux,ih
ow,ow
bcl,tcl
ux,ux
ix,ix
l,l
ax,l
aa,aa
ao,ao
m,m
kcl,kcl
ng,n
q,l
ix,ix
t,s
en,n
sh,sh
z,s
kcl,kcl
r,r
kcl,tcl
en,n
bcl,m
iy,iy
s,s
dcl,dcl
l,r
eh,ae
q,q
r,r
kcl,gcl
ih,ih
z,s
tcl,tcl
w,l
iy,ey
ah,ay
tcl,tcl
q,q
dcl,tcl
er,er
uh,ax
axr,axr
dcl,kcl
s,t
hh,hh
ao,q
p,q
dcl,dcl
ae,ey
ao,ao
w,l
bcl,bcl
ix,ix
aa,aa
n,n
tcl,dcl
m,m
kcl,kcl
n,n
t,k
ax,ix
ax,l
tcl,dcl
ih,ih
s,s
ey,ey
k,k
iy,ey
ix,ix
s,s
w,l
ch,t
r,l
axr,er
jh,sh
ow,ow
ey,ae
t,t
w,w
z,s
ax,ax
ix,iy
tcl,tcl
er,er
aa,ae
ao,ao
ix,ix
k,k
ix,ih
m,n
z,s
v,v
aa,ao
er,er
sh,sh
tcl,tcl
n,n
aa,aa
v,v
ax,n
tcl,tcl
aa,ao
r,r
pcl,tcl
iy,ix
axr,axr
el,ow
r,r
iy,iy
kcl,tcl
s,s
kcl,tcl
aa,ah
q,q
em,n
dh,k
bcl,dcl
sh,s
m,m
f,f
s,s
dcl,dcl
q,hv
ix,r
dx,n
pcl,pcl
k,k
q,g
l,l
sh,s
bcl,tcl
s,s
ih,iy
ao,ao
f,s
v,tcl
r,r
ih,eh
uh,ow
r,r
s,s
gcl,tcl
jh,sh
dcl,dcl
m,v
eh,ux
axr,r
r,r
sh,sh
n,ix
t,k
er,axr
axr,axr
y,y
dcl,dcl
ih,ih
axr,r
sh,jh
dx,dx
d,t
ix,r
tcl,tcl
s,s
kcl,tcl
dcl,dcl
q,tcl
dx,dx
ah,ow
m,m
dcl,dcl
hh,k
ae,ae
dcl,dcl
g,g
hh,k
r,r
ah,ah
ix,ix
iy,ux
aa,ay
en,en
dx,kcl
tcl,dcl
ae,ae
eh,ih
r,r
ah,ae
axr,r
l,l
ao,l
hh,hv
iy,iy
ax,l
l,l
s,s
y,iy
ix,ix
t,t
p,dh
n,n
ae,ae
n,n
ey,ey
iy,iy
tcl,tcl
gcl,gcl
n,n
tcl,gcl
ix,ix
s,s
ix,ix
ax,ax
ao,ow
ae,ae
dx,g
l,l
s,s
iy,ix
k,g
axr,axr
dx,dx
m,m
s,s
ix,ix
l,v
iy,iy
el,l
w,w
r,r
q,q
w,w
dh,dh
pcl,dcl
ao,ao
iy,ux
axr,axr
ay,ay
m,m
ix,ax
ow,ow
eh,ey
ix,ix
r,r
v,t
n,dcl
t,t
ax,q
r,r
ax,ah
iy,iy
kcl,kcl
ix,r
ix,iy
er,ow
gcl,dcl
r,r
gcl,n
dx,dcl
ay,ay
v,dh
ux,ix
iy,iy
kcl,tcl
iy,iy
s,z
ih,iy
ah,ah
iy,iy
r,eh
n,n
dcl,tcl
m,m
pcl,pcl
eh,ix
s,s
tcl,kcl
iy,ix
ey,ey
ix,uh
ax,ah
ay,ay
w,n
dcl,dcl
k,k
l,l
s,s
pcl,dcl
uh,axr
ix,ix
ae,ae
z,s
hv,hv
eh,ey
bcl,pcl
pcl,tcl
el,el
m,m
r,r
ae,ow
z,s
aa,aa
kcl,tcl
ow,ow
n,n
ae,ae
n,n
tcl,tcl
s,s
l,el
iy,iy
r,r
aa,aa
r,r
m,n
ah,ix
ah,ay
n,n
el,el
t,ch
ow,ow
iy,iy
axr,axr
ax,ax
ix,eh
p,k
tcl,q
l,l
ix,iy
n,n
dcl,tcl
k,k
n,n
r,r
ao,ao
ih,ax
n,n
oy,oy
l,l
iy,ix
dcl,dcl
n,n
r,r
iy,iy
iy,iy
m,n
ng,n
ae,hv
s,s
z,sh
n,n
k,g
n,n
iy,ng
axr,r
s,s
tcl,tcl
sh,sh
r,r
f,f
kcl,tcl
ax,ax
ix,ey
r,r
v,n
tcl,tcl
bcl,dcl
ao,ao
k,tcl
pcl,tcl
d,t
s,s
ah,l
ix,iy
iy,iy
l,l
ux,ux
sh,s
d,tcl
r,er
tcl,en
g,k
ix,q
ao,ao
s,s
r,r
r,axr
ix,z
ih,ih
ah,ah
t,t
ah,ow
dh,dh
ih,ey
pcl,tcl
n,n
er,er
bcl,kcl
eh,ix
ix,ih
oy,oy
g,k
s,s
dcl,dcl
kcl,k
tcl,tcl
bcl,bcl
l,l
t,t
iy,iy
z,s
ae,ae
hv,k
k,k
ih,eh
tcl,tcl
n,n
dh,dh
ax,l
p,k
er,r
k,k
r,ix
r,r
s,s
dcl,dcl
r,r
ao,ao
iy,ey
ih,ey
l,l
ax,ix
eh,eh
el,ao
ey,iy
ao,ay
y,y
d,d
b,dcl
ih,axr
m,ix
k,k
l,el
r,r
hh,k
axr,er
tcl,kcl
v,v
r,aa
k,k
f,f
ay,ay
tcl,bcl
q,q
eh,ae
ah,ao
s,s
ix,ix
z,s
l,l
ih,iy
ix,ix
axr,r
ax,ax
p,k
gcl,dcl
eh,eh
ax,ax
b,dh
kcl,tcl
dh,dh
tcl,kcl
ax,axr
ix,ix
n,n
ow,ah
oy,oy
ih,eh
gcl,tcl
t,t
tcl,tcl
s,s
k,g
iy,iy
ix,r
n,n
gcl,dcl
l,l
v,dh
k,g
pcl,tcl
tcl,dcl
ah,ah
ay,ay
gcl,tcl
aa,ao
hh,g
er,er
ax,axr
dx,r
dcl,tcl
aa,ah
el,l
f,k
r,r
axr,axr
dcl,tcl
q,k
r,axr
ih,ih
ao,ow
sh,sh
v,dh
ng,n
ae,ae
ey,ix
iy,ux
axr,axr
dcl,dcl
ay,ah
ch,sh
ih,iy
ow,ow
n,n
aw,aa
tcl,kcl
n,n
eh,ae
v,dh
ih,ix
iy,iy
aa,aa
t,t
s,s
bcl,dcl
ao,ao
eh,ah
ih,ix
m,m
ow,eh
z,s
ax,l
ay,ay
ae,ae
n,n
k,k
l,l
n,g
aa,ay
l,l
d,tcl
ix,ix
dh,k
z,s
ix,ux
m,m
nx,n
n,n
ax,ix
kcl,kcl
er,ey
iy,ix
ao,w
ah,aa
ux,ix
q,kcl
v,k
gcl,gcl
ax,ih
ow,ow
aa,ay
ix,ix
l,l
hv,hh
gcl,tcl
v,v
l,w
n,n
th,th
k,k
ih,iy
iy,iy
kcl,kcl
w,ao
ix,ix
m,m
ae,ae
n,n
axr,r
ax,ax
oy,ay
f,tcl
en,m
ax,l
aa,aa
ae,ae
er,r
s,s
hv,hv
r,ix
th,f
oy,ay
aa,aa
ax,ax
axr,axr
ah,eh
er,er
n,n
y,n
k,k
l,l
r,r
dh,v
jh,z
ng,n
m,m
y,iy
y,y
r,dx
kcl,tcl
r,axr
m,m
ih,ey
f,f
jh,ch
ow,ow
dcl,dcl
axr,er
s,s
k,k
tcl,q
s,z
l,l
dcl,dcl
aa,aa
z,z
er,er
l,ix
t,t
s,s
ey,eh
pcl,tcl
t,t
ay,ay
hv,hv
k,k
ay,ay
iy,iy
b,dh
eh,ae
ah,ay
kcl,pcl
ae,ae
s,s
gcl,gcl
dcl,tcl
ow,ow
uh,ix
s,s
eh,r
kcl,tcl
ow,oy
iy,ey
r,r
axr,r
l,l
s,z
ao,ao
z,z
bcl,tcl
n,n
p,tcl
bcl,dcl
ih,eh
hh,m
axr,ux
ae,ae
ih,iy
k,k
sh,sh
b,t
iy,iy
aa,aa
r,r
v,v
gcl,gcl
k,t
ch,t
ix,ix
er,er
axr,r
n,dcl
y,g
t,t
ix,ix
dx,r
iy,ey
l,l
eh,eh
z,s
en,n
axr,axr
aa,aa
tcl,tcl
ix,l
g,g
kcl,kcl
n,m
ix,ix
ax,n
axr,axr
ix,ix
n,n
tcl,k
aa,ay
r,er
sh,sh
t,th
ax,ix
ae,ae
eh,er
n,n
em,n
kcl,tcl
ng,n
ih,r
jh,jh
z,s
l,l
ix,ix
m,m
l,l
k,k
tcl,k
n,n
ih,ix
s,s
t,s
k,k
dh,g
uh,uw
v,f
ix,ih
s,s
k,k
jh,s
n,n
n,n
z,z
ao,aa
f,s
n,n
er,eh
s,s
s,s
uh,ih
ix,t
ux,er
r,r
n,n
aa,ao
iy,iy
t,k
iy,iy
z,s
ih,ah
hv,hv
nx,n
w,w
er,ao
ao,oy
ih,ih
aa,aa
ih,axr
ix,ux
ih,ey
l,l
n,n
kcl,tcl
eh,eh
ao,l
axr,w
q,q
k,g
kcl,kcl
w,w
axr,axr
s,s
s,s
m,m
ay,ae
ax,ax
dcl,kcl
tcl,tcl
kcl,tcl
zh,ch
kcl,kcl
ix,n
s,s
ax,eh
ow,ay
tcl,tcl
iy,ix
axr,ix
s,s
ix,ix
y,y
r,er
jh,sh
r,er
hh,hh
pcl,tcl
ix,ix
ih,ah
ch,ch
ao,ao
ay,ay
gcl,axr
l,l
ae,ae
ih,ux
aa,aa
ix,r
t,t
q,q
f,f
s,s
k,k
hv,hv
iy,iy
ix,t
m,m
m,n
t,dh
aw,aw
l,l
ix,ih
axr,r
iy,iy
v,v
iy,iy
n,n
dcl,tcl
ih,ix
oy,aa
l,aa
kcl,kcl
n,n
n,m
w,w
hv,ih
kcl,tcl
ey,ey
z,s
ih,iy
dx,nx
m,m
dcl,dcl
n,n
m,m
hh,k
ax,ax
ax,r
r,r
iy,iy
s,s
bcl,gcl
ax,ax
ih,ey
tcl,dcl
er,er
ao,ao
bcl,bcl
ih,ix
k,k
l,l
z,z
v,v
oy,q
s,s
m,dcl
dh,th
hv,ix
ih,y
gcl,dcl
d,d
s,s
ao,ao
s,s
ih,eh
kcl,kcl
r,r
w,w
ax,l
s,s
ow,ow
sh,sh
p,hh
uh,ih
kcl,kcl
t,d
ix,dx
iy,ix
ng,n
ih,ax
l,l
gcl,g
l,ax
ih,ih
dcl,tcl
s,s
ux,iy
kcl,kcl
hv,hv
el,el
ix,ih
ae,ae
z,z
iy,q
m,n
sh,sh
m,m
ey,ey
p,tcl
z,s
ux,ux
n,n
aa,ao
ix,ix
n,n
el,el
n,n
n,n
r,ay
ix,ix
tcl,tcl
eh,ih
l,ay
iy,r
iy,iy
s,s
q,q
ay,ay
tcl,tcl
eh,ah
w,w
pcl,tcl
m,n
sh,sh
axr,r
n,n
y,t
dcl,dcl
axr,er
kcl,kcl
s,s
ax,ow
ax,ax
dx,n
tcl,tcl
z,z
ux,iy
s,s
n,en
ah,ah
kcl,kcl
iy,iy
w,w
m,m
k,k
l,q
bcl,bcl
n,n
bcl,dcl
kcl,tcl
th,f
ow,ah
ax,ax
g,k
z,s
dx,n
s,s
q,q
pcl,tcl
ax,l
ae,eh
kcl,tcl
r,r
t,s
g,dh
ow,ow
r,r
ae,ae
hv,hv
iy,iy
ix,ih
v,w
sh,sh
ow,ih
t,k
aa,ao
pcl,kcl
hv,ix
ax,ix
ax,l
oy,ay
ae,ay
g,v
bcl,m
n,n
w,w
tcl,tcl
k,k
uw,l
iy,iy
aa,aa
ix,ix
ih,eh
n,n
n,dx
pcl,kcl
aw,ay
ix,q
y,iy
w,m
ih,eh
w,w
ay,ay
iy,iy
n,n
ax-h,n
bcl,v
gcl,gcl
kcl,tcl
d,d
g,k
ay,ae
gcl,kcl
ah,eh
dh,tcl
pcl,tcl
iy,iy
s,s
ih,n
ix,ux
f,f
er,ah
uw,ao
l,w
ao,ao
r,r
aa,ay
ix,ax
tcl,kcl
t,t
r,r
r,r
y,ix
ih,ey
ow,ow
ng,n
ao,ao
r,r
s,s
ay,ay
s,s
m,n
ay,aa
pcl,tcl
ah,ah
ae,ay
tcl,q
z,z
p,k
w,l
g,dh
s,s
tcl,tcl
ux,ux
ao,ao
iy,iy
z,s
uw,ix
l,l
hv,hv
k,k
q,q
m,dh
kcl,tcl
ih,ih
ix,ix
s,s
k,t
q,q
w,w
d,t
aw,aw
p,t
ay,ay
aa,aa
aa,l
dx,dx
ow,ow
iy,iy
ow,ao
tcl,tcl
l,q
ih,eh
iy,iy
hv,hv
w,w
ix,ix
w,w
z,s
ix,iy
n,v
th,th
ix,ih
n,n
ow,ow
p,dh
dcl,dx
m,n
ae,eh
w,w
tcl,tcl
axr,aa
t,t
pcl,kcl
w,w
r,r
n,q
ae,ih
ch,ch
w,ao
uh,l
w,l
iy,iy
r,q
hv,y
axr,er
n,n
ah,eh
ey,ey
jh,g
ng,m
pcl,tcl
ng,n
m,m
p,f
eh,ey
ix,ix
w,w
ix,ix
axr,axr
s,s
z,z
dcl,dcl
ah,eh
ay,ay
ao,aa
w,m
eh,ix
ix,ix
ax,l
l,el
ay,aa
eh,eh
ih,ix
aa,ay
l,l
ao,ao
aa,aa
kcl,kcl
tcl,tcl
ix,z
s,s
ih,er
ix,ix
f,f
n,n
ao,ao
ao,ao
ae,ae
k,k
iy,iy
aa,aa
er,r
z,z
l,ix
er,er
aa,aa
aa,l
q,ix
ao,axr
dh,v
ng,ng
ix,ix
ax,dcl
n,n
t,s
eh,ow
f,f
ih,l
s,s
gcl,dcl
ih,ih
er,er
y,eh
r,r
tcl,kcl
ih,r
s,s
ah,aa
s,s
iy,iy
t,t
l,aa
s,s
ow,aa
r,r
ah,ow
en,en
ih,ix
ax,ix
n,y
z,z
tcl,tcl
z,z
s,s
ah,ae
k,k
ix,en
ix,ix
eh,ae
ix,ux
ay,aa
er,er
w,r
ey,ey
f,f
aa,aa
r,axr
eh,ih
iy,hv
axr,axr
s,s
kcl,dcl
ey,ey
dcl,dcl
t,t
s,s
l,l
dcl,dcl
ax-h,t
iy,iy
hv,iy
ey,ey
ay,ae
p,p
r,r
hv,hv
kcl,tcl
kcl,tcl
s,s
l,l
aa,aa
ix,ix
n,m
w,w
r,ao
s,s
ay,ay
r,r
s,s
f,f
dx,n
m,n
ix,ey
s,s
el,q
iy,iy
ix,ax
ow,ao
iy,iy
m,m
el,ao
ae,ae
ng,m
t,t
s,s
ih,eh
ix,ix
q,q
ae,ae
ay,ay
ix,ix
dcl,gcl
ae,ae
ae,ae
z,s
q,q
p,k
pcl,pcl
f,f
pcl,kcl
ay,ae
pcl,tcl
t,jh
uw,r
axr,er
dcl,g
pcl,kcl
n,n
k,k
ch,sh
dcl,tcl
ix,ah
gcl,dcl
ix,ix
q,ax
oy,ow
s,s
eh,eh
m,n
kcl,tcl
tcl,tcl
aa,aa
r,r
kcl,tcl
m,m
z,s
s,s
z,z
s,s
ae,eh
eh,ay
r,l
s,s
iy,r
dcl,tcl
ix,ix
pcl,pcl
tcl,tcl
tcl,dcl
iy,iy
iy,iy
n,m
tcl,kcl
n,n
t,k
bcl,bcl
ae,ae
ix,dx
ng,n
bcl,tcl
q,q
ih,ah
k,k
gcl,k
v,tcl
ih,ix
ax,ix
pcl,tcl
n,n
l,l
iy,y
s,s
iy,iy
r,q
q,l
r,er
ow,ow
aa,aa
l,l
axr,axr
ix,g
m,m
n,ix
kcl,kcl
th,f
ae,ae
iy,iy
bcl,m
tcl,tcl
r,ax
ux,ux
n,n
aw,ae
z,z
n,n
dcl,tcl
sh,f
t,t
iy,ux
ay,ay
iy,ix
ix,l
z,s
g,g
s,s
ey,ey
r,r
ow,ow
p,k
eh,ey
tcl,tcl
eh,l
er,ae
dcl,dcl
iy,iy
iy,iy
ae,ae
ng,en
ax,ax
sh,s
ng,n
nx,m
q,q
f,f
sh,sh
dx,dx
y,iy
dh,dh
eh,eh
axr,r
dx,dx
ow,ow
z,s
w,w
ih,ih
n,m
em,m
m,m
l,l
el,ax
k,k
kcl,tcl
s,s
ih,ih
dh,l
k,k
ah,ow
k,k
ux,ux
y,y
uh,ix
ah,ah
ah,ay
n,n
r,r
ey,r
t,t
ay,ae
f,f
el,l
n,m
bcl,dcl
r,r
q,q
ix,ix
s,s
iy,iy
iy,iy
n,n
ey,ey
q,q
tcl,kcl
iy,iy
k,k
n,n
iy,q
g,dcl
n,n
ax,l
ao,aa
iy,iy
tcl,tcl
ih,ix
tcl,tcl
t,ch
k,k
s,s
s,s
er,er
kcl,kcl
tcl,tcl
gcl,gcl
f,v
w,w
axr,r
eh,eh
ow,ax
pcl,tcl
tcl,tcl
w,w
s,s
dcl,iy
gcl,tcl
ey,ey
ix,ix
tcl,tcl
tcl,tcl
y,y
kcl,tcl
p,k
nx,n
k,k
dcl,n
ax,ax
v,v
er,r
ax,l
r,er
tcl,tcl
s,s
iy,iy
z,s
z,s
r,r
kcl,kcl
jh,ch
z,sh
dh,dh
q,q
y,y
w,w
s,s
iy,er
n,kcl
s,s
iy,ey
l,l
sh,sh
v,l
ae,ey
ih,ix
p,p
ix,ix
uh,el
eh,ah
ah,ah
p,t
ix,ih
pcl,n
ix,ix
kcl,kcl
kcl,kcl
p,dh
f,f
s,s
y,y
v,l
ay,ae
t,k
dcl,dcl
er,er
ix,ix
ng,n
f,f
s,s
l,l
ix,iy
b,dx
m,bcl
ow,ow
iy,iy
er,er
kcl,kcl
d,t
n,n
tcl,kcl
pcl,tcl
iy,iy
ih,ix
ah,l
iy,iy
s,s
ae,ae
f,f
ux,ix
m,m
ae,ae
ih,ix
s,s
kcl,kcl
dh,dh
d,ch
el,el
tcl,tcl
ow,l
dcl,dcl
sh,sh
d,d
l,l
r,r
iy,iy
m,n
tcl,tcl
dx,dx
m,m
iy,ey
m,m
d,dh
axr,iy
axr,g
tcl,tcl
ix,ix
v,v
ax,ax
r,r
tcl,tcl
kcl,tcl
eh,eh
eh,eh
ih,ih
s,s
d,dcl
kcl,v
s,s
dcl,dcl
aw,ae
ih,ux
k,k
aa,aa
eh,ih
n,n
ae,ae
ay,ey
s,s
f,f
t,z
s,s
r,r
w,l
iy,iy
s,s
ih,eh
ay,ay
ix,ux
ey,ey
l,l
f,f
ah,ix
pcl,dcl
s,s
tcl,dcl
tcl,tcl
axr,axr
t,t
dcl,dcl
ix,ix
tcl,z
r,r
tcl,tcl
oy,ay
ih,iy
s,s
s,s
n,n
q,q
z,s
tcl,tcl
iy,iy
tcl,kcl
ux,ix
w,gcl
tcl,tcl
iy,iy
el,el
th,s
f,f
r,aa
l,l
y,iy
r,r
m,m
q,l
kcl,kcl
tcl,tcl
ih,l
axr,r
p,k
r,w
en,m
iy,iy
r,r
n,n
n,dcl
ay,ay
n,m
b,dcl
s,s
ix,ix
dx,dx
ih,ix
axr,axr
r,r
f,f
n,n
en,n
r,er
ng,n
ix,ey
m,m
ix,ih
f,s
n,n
aa,aa
q,g
s,s
s,s
ey,ey
l,l
r,l
dcl,tcl
ix,ey
dh,v
r,r
dcl,bcl
l,l
r,r
axr,r
ix,ih
k,k
r,r
m,m
ix,axr
t,k
eh,eh
n,n
n,n
axr,axr
axr,er
dcl,tcl
r,dx
l,ax
d,k
jh,jh
ax,ix
m,m
iy,iy
eh,ih
f,f
ow,ow
aw,ow
ch,jh
iy,ih
l,l
eh,eh
ae,ae
q,ix
r,ax
ax,ah
iy,iy
ax-h,kcl
uh,er
s,s
l,l
ng,n
ay,ay
el,el
hv,q
pcl,tcl
r,ix
y,iy
q,q
dh,tcl
ih,iy
ch,sh
n,n
l,l
r,ix
b,k
ix,ix
v,f
f,f
l,eh
sh,sh
sh,sh
sh,sh
hh,k
r,r
ae,ae
ow,ow
r,r
axr,axr
axr,r
q,q
ix,n
ax,n
s,th
k,k
er,axr
ih,eh
m,m
r,er
ih,l
f,f
bcl,dcl
r,ix
kcl,kcl
m,n
ix,ix
q,ah
r,ao
q,q
r,er
k,k
aa,ae
eh,eh
bcl,dcl
r,r
k,kcl
eh,eh
ey,ey
pcl,tcl
z,s
ow,er
s,s
gcl,gcl
ih,iy
s,s
dcl,tcl
ix,ix
dh,n
s,s
k,tcl
s,s
ow,ow
ih,ih
r,axr
aa,ao
jh,y
ae,ah
sh,sh
g,g
pcl,kcl
s,s
ih,eh
ih,ih
ux,ux
m,m
l,l
ix,n
aa,r
q,q
ix,dx
iy,iy
y,n
jh,sh
ay,ay
q,q
r,r
kcl,kcl
r,r
eh,ey
eh,eh
jh,t
ih,ix
ae,er
t,t
iy,ux
dh,f
s,s
ih,ih
sh,sh
w,l
f,f
kcl,kcl
eh,er
iy,iy
k,g
n,bcl
dx,g
ih,iy
k,sh
ax,eh
ix,ix
sh,sh
er,er
gcl,tcl
iy,iy
iy,ix
sh,k
f,f
ow,ow
m,dcl
ay,ay
eh,eh
m,m
q,q
ih,iy
iy,ux
iy,iy
w,w
k,k
axr,axr
m,m
r,r
l,ow
el,ax
w,v
sh,sh
gcl,kcl
ae,ih
ih,ih
f,f
dh,dh
aa,ao
z,s
ay,ay
ay,ay
ax,l
ux,iy
l,l
dx,dx
ix,n
ix,ix
kcl,dcl
ay,ay
l,l
ix,ih
aa,ae
dcl,dcl
ae,eh
hv,hv
tcl,kcl
z,s
gcl,dcl
sh,sh
sh,sh
f,s
ay,ae
ay,ay
s,s
ao,aa
ay,aa
z,s
ax,ix
axr,axr
y,y
ow,ao
t,t
sh,sh
w,l
kcl,kcl
t,t
axr,r
pcl,tcl
q,g
ch,ch
l,l
ix,ix
ng,n
dcl,dcl
v,g
dcl,tcl
ih,iy
kcl,kcl
l,l
er,er
ao,ah
m,m
ow,ow
ix,ix
ay,ay
s,s
w,w
p,f
t,t
en,l
ae,ae
ix,ax
kcl,kcl
k,k
m,r
ey,ey
ih,ix
k,s
ae,ae
eh,l
ax,ah
hh,hh
th,q
dh,th
f,s
iy,iy
ix,ix
n,n
el,l
w,w
w,w
w,w
iy,iy
r,r
ey,iy
ow,l
pcl,tcl
tcl,kcl
s,s
s,s
tcl,tcl
iy,iy
axr,v
v,f
f,tcl
gcl,hh
ng,n
ay,aa
dcl,y
ao,ao
s,s
f,f
g,k
r,aa
ao,ao
k,g
aw,aa
eh,hv
er,er
s,s
r,axr
m,n
tcl,tcl
r,r
ao,ao
ah,ah
en,tcl
l,w
aa,ae
r,r
s,s
iy,y
g,tcl
n,n
gcl,dcl
jh,jh
k,g
l,l
kcl,kcl
th,th
ix,ih
ae,ae
pcl,tcl
p,k
axr,l
zh,jh
r,r
pcl,kcl
s,z
th,f
l,l
ix,ix
y,y
tcl,tcl
y,y
tcl,tcl
aa,aa
dx,dx
axr,axr
t,jh
eh,ix
ix,q
dcl,gcl
t,t
ih,ix
l,ow
ey,ey
ix,ix
tcl,tcl
axr,axr
tcl,tcl
n,r
z,z
pcl,tcl
tcl,tcl
dx,dx
eh,eh
sh,sh
ix,ix
dcl,tcl
gcl,dcl
er,ey
ah,ih
tcl,kcl
l,l
ae,ae
dx,dx
m,n
sh,sh
tcl,k
n,n
m,m
l,ax
ao,l
aa,r
m,m
m,n
n,m
t,t
n,n
w,w
s,s
ix,ix
nx,nx
m,n
kcl,kcl
en,n
l,l
dx,ix
bcl,pcl
s,s
ao,ao
ao,ao
ay,ay
ih,aa
l,l
dcl,dcl
kcl,kcl
er,iy
ow,ao
r,r
s,s
z,s
iy,iy
ix,ix
r,r
ix,ix
p,k
axr,axr
ix,ih
ih,ix
l,iy
q,q
t,tcl
kcl,v
f,s
z,s
s,s
aw,aw
q,q
d,s
l,q
w,l
ix,q
tcl,tcl
q,l
t,k
dh,l
dcl,gcl
ix,iy
z,s
ah,eh
ax,ix
f,tcl
ax,ay
l,r
p,t
iy,iy
pcl,pcl
ax,ax
r,r
p,p
aw,aw
z,z
n,n
m,m
r,r
tcl,pcl
n,n
eh,er
pcl,tcl
nx,n
q,tcl
r,r
sh,sh
ng,n
l,l
r,ix
g,l
ao,ao
q,q
f,f
aa,ay
ix,iy
hv,hv
bcl,dcl
dcl,tcl
q,iy
dcl,dcl
dh,g
r,r
ay,ay
m,m
tcl,kcl
axr,axr
en,n
ux,iy
v,v
n,n
gcl,n
dx,dcl
er,r
ax,l
z,z
n,n
l,ao
n,n
th,z
s,s
s,s
ao,ow
n,n
t,t
t,k
ah,ax
th,th
er,er
ax,ax
r,ao
t,tcl
v,dh
ae,ae
jh,sh
hv,hv
ih,eh
iy,iy
q,q
ix,iy
eh,eh
t,t
aa,aa
w,v
er,er
ao,aa
m,m
ax,l
ax,ax
ae,ae
n,n
p,tcl
n,n
er,er
s,s
t,t
er,r
f,f
l,el
s,s
r,eh
ix,ix
er,er
ax,ax
gcl,n
d,d
axr,axr
tcl,tcl
l,r
kcl,kcl
ax,ax
eh,ae
iy,ix
ae,ae
el,l
r,r
ah,l
tcl,tcl
n,n
z,z
iy,iy
hh,k
n,ix
g,g
ix,ih
k,k
iy,iy
ae,aw
ax,ax
f,f
w,l
p,dh
bcl,tcl
ih,ih
ae,ay
z,z
y,iy
dcl,dcl
t,t
ey,ey
m,n
l,l
kcl,kcl
t,t
er,axr
kcl,kcl
p,th
aa,aa
hv,tcl
n,n
l,l
el,l
iy,iy
ey,ey
aa,aa
ey,ey
er,ey
eh,ey
tcl,tcl
z,z
kcl,kcl
ax,l
eh,eh
hh,k
gcl,gcl
kcl,tcl
z,z
ih,iy
r,axr
ih,iy
n,n
n,n
ax,ax
ih,ih
sh,s
ey,ey
pcl,tcl
ae,aa
q,r
w,w
ux,ix
ay,ae
q,q
pcl,tcl
en,n
tcl,tcl
ix,ix
k,k
ax-h,tcl
gcl,n
r,r
pcl,kcl
ix,dh
ow,ax
ix,ix
f,f
z,sh
er,er
ao,ao
q,ix
iy,iy
ix,ix
ah,ix
n,m
eh,er
eh,ae
ix,ix
pcl,tcl
kcl,kcl
kcl,kcl
bcl,bcl
q,q
er,er
ax,ix
ah,l
tcl,kcl
r,r
kcl,tcl
ux,ux
el,l
kcl,tcl
b,d
ih,ow
ix,ux
t,dx
l,l
tcl,tcl
iy,iy
p,k
dcl,dh
f,f
n,n
kcl,tcl
eh,eh
g,q
v,v
jh,ch
g,q
z,s
oy,l
ix,ix
gcl,kcl
bcl,dcl
ax,v
eh,ey
ix,ix
aa,ao
ix,iy
q,q
ae,ae
iy,ey
ao,ao
aw,aa
er,er
iy,iy
dh,d
ih,eh
ah,ae
eh,eh
l,l
tcl,tcl
ih,iy
en,n
er,axr
t,t
iy,axr
l,ih
ae,ae
ae,ae
k,g
r,dx
bcl,dcl
tcl,tcl
y,y
g,g
uh,ax
ch,sh
ae,ae
n,n
l,l
iy,iy
ow,ow
ux,ux
l,l
ax,r
ax,n
dh,tcl
iy,iy
q,hh
l,m
m,m
bcl,bcl
ix,ix
m,m
b,g
t,f
n,n
l,l
s,s
n,n
axr,axr
kcl,tcl
ao,ao
k,k
ih,ih
t,t
ix,ix
r,r
l,ao
dh,tcl
axr,r
ow,ow
z,s
ih,ih
bcl,tcl
dcl,dcl
jh,s
s,s
th,f
aa,aa
axr,axr
ey,ey
er,er
eh,ae
pcl,pcl
s,s
dh,t
m,ax
ix,ix
ae,ae
y,iy
r,r
ae,ae
axr,er
ux,ux
f,f
ae,ae
q,eh
bcl,dcl
s,s
iy,iy
t,t
ux,ux
r,r
r,r
w,w
v,v
iy,iy
iy,iy
ax,ax
ih,ey
ae,ey
ix,ix
ih,ah
l,l
f,k
pcl,tcl
ao,l
p,k
tcl,tcl
dcl,dcl
w,l
zh,z
ix,ix
ix,ux
q,q
sh,sh
gcl,kcl
bcl,bcl
dcl,dcl
ix,ix
ng,n
kcl,tcl
kcl,kcl
tcl,tcl
tcl,dcl
ao,ao
ih,n
tcl,n
s,s
ao,l
el,l
t,t
ey,ix
iy,iy
l,q
gcl,dcl
en,n
bcl,dcl
l,w
f,f
y,iy
bcl,bcl
tcl,tcl
s,s
r,r
dh,dh
er,axr
ae,ae
ih,ih
iy,iy
ih,ih
g,g
s,s
q,q
t,k
m,n
ch,sh
el,l
ax,ix
eh,ih
ao,er
l,ao
axr,er
k,q
axr,axr
ey,ey
nx,n
m,n
aa,ow
g,g
q,q
jh,jh
l,l
ow,l
th,s
pcl,dcl
r,r
tcl,tcl
kcl,kcl
r,er
n,n
tcl,tcl
r,r
dcl,dcl
iy,ix
n,n
iy,iy
eh,eh
p,g
n,n
l,el
ix,ix
n,n
k,k
ih,iy
ax,ix
ao,l
kcl,kcl
ao,oy
er,ey
hh,hh
aa,q
ix,q
kcl,tcl
ix,ix
axr,r
r,ao
hv,l
ay,ay
ae,ae
axr,ih
ae,ae
el,el
dh,v
l,l
z,z
s,s
sh,sh
v,v
ah,ix
l,uw
ix,ix
l,l
ao,q
w,ao
ix,ix
ae,eh
l,uw
s,s
ux,ux
ay,ay
aa,aa
r,r
ax,ah
iy,ix
ax,ah
pcl,kcl
w,l
tcl,tcl
r,r
gcl,tcl
dx,dx
iy,iy
y,y
y,dx
kcl,kcl
q,q
sh,sh
ao,ao
dh,n
n,n
g,k
s,s
v,v
s,z
tcl,tcl
t,k
ow,ow
f,f
ix,ix
iy,iy
ix,ix
sh,s
iy,iy
ih,iy
l,ix
q,k
axr,iy
kcl,kcl
ay,ay
dcl,tcl
n,n
dcl,dcl
dx,ix
m,n
hh,hh
dx,g
ao,ao
m,m
r,r
eh,ey
ix,ih
ax,ax
k,g
tcl,tcl
k,k
axr,axr
g,g
r,r
n,n
m,n
ay,ay
q,q
f,f
ix,ix
ih,ih
tcl,tcl
tcl,tcl
axr,axr
ux,ux
n,n
l,ax
ow,aw
dcl,n
ax,ax
iy,iy
n,m
iy,r
ae,ae
tcl,tcl
z,z
aa,aa
gcl,gcl
eh,ix
dcl,dcl
gcl,kcl
n,n
zh,sh
gcl,dcl
kcl,tcl
tcl,tcl
eh,eh
iy,iy
ae,ae
er,axr
tcl,tcl
n,n
n,n
t,z
ao,ao
dx,dx
sh,s
pcl,kcl
ao,ao
n,n
hh,k
tcl,dcl
k,k
ah,ae
hv,hv
ae,ae
eh,r
l,l
iy,y
p,g
sh,sh
sh,s
w,w
k,k
dcl,bcl
l,l
r,r
b,tcl
k,k
g,k
ao,l
ow,ao
ao,ao
ow,aa
r,r
ih,q
iy,iy
y,ix
el,ao
z,s
p,k
ao,ow
axr,axr
n,n
ae,ae
ay,ay
s,s
pcl,kcl
eh,ey
gcl,dcl
l,l
f,f
s,s
ch,s
tcl,gcl
t,k
ey,ey
gcl,gcl
bcl,tcl
ix,ix
ah,ah
ih,eh
ih,ix
tcl,tcl
ix,ix
k,g
k,t
z,s
hv,iy
ae,ae
q,q
er,er
sh,sh
ao,ah
kcl,tcl
k,tcl
bcl,dcl
d,t
s,s
z,z
ih,ih
dcl,g
tcl,kcl
eh,eh
tcl,dcl
s,s
r,r
s,sh
z,s
ix,ix
k,k
ix,ax
axr,ih
s,s
w,w
kcl,kcl
hh,t
ah,ah
gcl,dcl
n,n
gcl,kcl
ow,ay
ae,ae
ow,ao
axr,axr
aw,ae
ih,ih
tcl,dcl
z,n
ae,ae
ax,ax
ix,l
q,r
iy,iy
ax,q
ih,ix
ah,ah
ih,ih
y,iy
ae,ae
g,g
s,s
aa,ao
ax,l
eh,eh
ih,ih
tcl,tcl
f,f
kcl,tcl
aa,oy
v,v
v,dcl
ah,aa
ey,ih
s,s
w,w
ay,ay
gcl,dcl
ax,l
ix,ix
ih,ae
s,s
ix,q
w,l
sh,sh
s,s
n,n
l,l
uh,eh
l,l
sh,sh
s,s
gcl,dx
axr,v
y,y
sh,s
ow,ao
eh,aa
z,z
r,r
s,s
eh,ih
r,r
w,w
pcl,tcl
b,dh
axr,er
kcl,tcl
aa,ae
k,k
k,g
ux,ux
m,n
ao,ay
ih,ix
kcl,tcl
ax,n
hv,l
ae,ae
v,k
l,l
aa,aa
s,s
sh,s
k,k
ae,ay
n,n
aa,aa
ux,iy
z,s
eh,eh
ih,ix
axr,axr
tcl,tcl
el,l
eh,ix
l,l
ao,q
aa,ao
aa,er
w,w
dcl,dcl
iy,ux
ix,ix
dcl,v
ae,ae
dx,k
ix,n
aa,aa
r,r
ux,ax
n,n
y,y
ey,ey
aa,aa
l,ix
r,axr
dh,dh
ae,ae
kcl,tcl
hv,v
iy,r
ae,ae
ah,ow
l,el
ih,ix
kcl,tcl
s,s
bcl,kcl
q,l
l,ow
iy,iy
ix,ow
eh,eh
pcl,kcl
y,y
iy,ux
w,w
w,w
m,m
dh,dh
r,r
iy,ix
ih,iy
ux,axr
r,r
ow,eh
aa,aa
eh,r
ay,ay
gcl,gcl
s,s
kcl,kcl
bcl,dcl
dcl,tcl
n,n
ae,ah
ey,ey
l,ao
q,q
axr,axr
ah,ae
eh,l
ih,eh
f,f
ix,ix
gcl,v
sh,sh
p,k
ay,ay
s,s
r,r
er,er
gcl,dcl
ae,ae
p,k
s,s
jh,sh
bcl,bcl
l,l
pcl,tcl
t,t
dh,tcl
dcl,m
ah,l
oy,oy
s,s
ax-h,dh
n,n
n,n
r,l
dx,r
dh,dh
eh,r
s,s
dx,dcl
r,r
ax,ix
hh,hh
t,s
ux,ux
z,sh
ao,aa
p,k
ih,ih
s,s
r,r
kcl,kcl
ux,ix
k,k
r,r
ey,ey
q,q
n,n
s,s
er,er
s,s
tcl,tcl
f,f
sh,sh
r,r
iy,iy
ax,v
ax,q
er,axr
tcl,n
ih,l
bcl,bcl
axr,er
sh,s
r,v
ux,ux
ae,ae
kcl,tcl
jh,jh
tcl,dcl
ux,ix
bcl,n
ix,ix
hh,hh
dcl,dcl
jh,dcl
ae,ae
n,n
l,l
n,n
tcl,tcl
kcl,kcl
r,l
f,f
ae,ae
eh,ah
sh,zh
pcl,tcl
ih,eh
axr,ux
ay,ay
n,n
s,s
dcl,dcl
dh,dx
aa,aa
ae,er
eh,ae
ax,ix
z,z
n,l
p,k
ey,iy
sh,sh
r,axr
axr,ux
p,k
m,l
t,z
er,axr
axr,ih
d,t
s,s
tcl,tcl
r,r
t,t
r,axr
kcl,kcl
z,s
t,s
g,k
dx,dx
gcl,gcl
dcl,tcl
ih,axr
q,k
dh,dh
r,r
s,s
r,r
ax,l
hv,hh
s,s
sh,sh
aa,aa
ae,ae
ix,en
aa,aa
dx,dx
m,n
eh,ao
dcl,dcl
z,z
v,pcl
th,t
uw,oy
sh,s
l,ao
v,l
iy,axr
g,g
th,f
axr,r
s,z
s,s
iy,iy
r,r
l,el
n,n
ix,ix
dcl,n
r,axr
tcl,tcl
s,s
en,y
ih,ix
n,n
s,s
p,f
dx,l
axr,axr
ix,iy
n,n
z,s
m,n
g,g
aa,aa
ux,ux
r,r
eh,eh
pcl,v
k,k
oy,ay
z,z
v,gcl
tcl,kcl
v,dh
f,f
l,l
axr,axr
dh,tcl
axr,axr
er,axr
kcl,tcl
ao,oy
tcl,dx
ae,ae
ax,ax
pcl,tcl
kcl,kcl
gcl,dcl
eh,ey
ux,ux
ao,ao
r,r
y,iy
er,ey
kcl,gcl
ao,ao
dcl,tcl
dx,dx
kcl,tcl
gcl,kcl
gcl,bcl
ix,ix
axr,axr
ix,iy
f,f
tcl,tcl
axr,r
ay,ey
s,s
t,k
ow,ow
n,n
g,g
gcl,gcl
z,s
q,kcl
ih,eh
ao,l
ix,ix
dx,dx
k,k
y,ih
n,n
l,l
dcl,dcl
g,k
en,m
pcl,dcl
kcl,kcl
y,iy
ix,ix
axr,er
ng,v
t,t
gcl,tcl
uh,uh
bcl,kcl
bcl,n
ix,ix
axr,axr
ix,ix
z,s
dh,dh
l,l
k,k
l,dh
hh,k
p,f
iy,ey
s,s
gcl,dcl
sh,sh
ix,n
v,dh
n,n
r,l
ay,ay
jh,jh
ay,ix
d,t
ow,ow
iy,iy
ax,ax
w,w
d,jh
sh,sh
ae,eh
ix,q
s,s
ey,ay
w,w
ax,l
n,n
l,l
r,eh
l,l
dcl,dcl
g,g
q,kcl
ey,iy
kcl,kcl
s,s
iy,iy
tcl,q
ay,ah
s,s
q,l
ah,ah
t,t
axr,er
axr,axr
w,w
s,s
nx,n
dh,dh
ix,ix
t,tcl
v,tcl
iy,iy
aa,aa
ax,ix
ax,ax
r,axr
hh,z
l,l
ix,iy
l,l
g,q
s,s
kcl,kcl
ix,q
z,z
aa,ao
z,z
ux,ux
s,s
m,m
l,q
tcl,tcl
q,ax
tcl,tcl
ae,ae
sh,sh
d,z
ix,ix
l,l
ix,n
axr,er
dh,th
m,m
tcl,tcl
ae,ae
l,l
oy,ao
iy,ey
ix,ix
iy,iy
k,k
q,q
ao,ao
t,t
ch,s
ah,eh
ix,r
aa,aa
z,s
dh,dh
ih,iy
eh,ae
t,k
m,m
m,n
d,d
kcl,kcl
er,ih
axr,axr
ey,ey
n,n
jh,jh
ey,ey
bcl,bcl
m,bcl
ae,ae
n,n
p,dh
aa,ao
ix,ix
s,s
v,v
ih,iy
dcl,dcl
axr,r
tcl,tcl
axr,l
hh,t
dcl,dcl
tcl,tcl
l,l
z,z
m,n
ow,ow
pcl,tcl
pcl,pcl
s,s
tcl,tcl
s,s
iy,n
kcl,kcl
axr,axr
n,n
gcl,gcl
gcl,dcl
l,l
th,th
iy,iy
k,k
k,k
eh,ae
r,r
m,m
eh,ow
axr,axr
l,l
p,p
p,k
w,w
n,m
g,g
v,r
hh,v
ah,ao
axr,axr
uh,eh
ix,eh
f,f
jh,t
ix,iy
ay,ae
ix,ix
ix,ix
m,n
n,n
l,ix
kcl,kcl
uh,eh
t,t
oy,aa
ih,ih
s,s
z,s
dh,dh
ix,ix
l,l
w,v
r,r
axr,r
axr,axr
f,f
ih,ix
pcl,tcl
ae,aa
m,m
er,er
s,s
f,f
v,tcl
eh,aa
s,s
aw,aa
th,dh
q,q
ey,oy
r,r
g,g
l,l
ax,ax
dh,dh
tcl,kcl
ix,ix
m,m
s,s
s,s
pcl,tcl
z,s
iy,y
w,w
s,s
s,s
dcl,dcl
ng,n
n,n
dh,d
axr,axr
ax-h,iy
pcl,tcl
g,k
ae,ae
tcl,tcl
kcl,z
dcl,g
kcl,tcl
z,z
ae,ey
sh,s
p,k
ae,ae
pcl,tcl
t,t
ey,ey
m,m
ng,n
ix,iy
en,ae
r,r
t,t
l,l
r,r
m,n
er,er
oy,ay
er,r
s,s
l,ax
iy,n
n,r
l,l
bcl,dcl
kcl,tcl
q,q
axr,axr
q,tcl
r,r
tcl,v
ih,ey
d,tcl
ux,ih
n,l
ay,aa
kcl,tcl
er,er
er,er
ay,ay
y,iy
gcl,n
n,n
zh,jh
r,axr
ng,n
l,l
ix,n
uh,axr
z,z
l,l
ae,ae
iy,iy
kcl,tcl
ih,ih
eh,ae
aa,ao
axr,axr
dcl,dcl
iy,axr
iy,iy
v,v
dcl,tcl
ae,ih
iy,iy
z,s
ih,iy
ae,ae
k,k
dx,v
eh,r
l,q
ae,eh
s,s
iy,ix
ow,ow
iy,iy
ae,ae
z,z
aa,eh
tcl,tcl
aa,aa
axr,axr
l,ix
r,r
em,n
bcl,kcl
ix,iy
n,n
s,s
aa,ao
g,k
q,q
r,r
s,s
ih,ix
k,k
f,f
ow,ow
g,g
eh,eh
z,s
tcl,tcl
l,l
dx,dx
kcl,tcl
s,s
tcl,kcl
iy,iy
kcl,kcl
p,g
ax,w
q,q
axr,er
r,r
sh,sh
tcl,tcl
ih,ix
w,w
nx,dx
k,k
dh,ix
ih,r
l,ix
tcl,tcl
eh,ih
s,s
ah,ah
ix,ix
ux,axr
axr,er
axr,ih
r,r
el,ah
n,n
w,w
ix,ix
ax,ix
ae,ae
ah,l
q,g
p,k
ao,ao
ao,w
kcl,tcl
aa,aa
ax,ax
m,m
y,iy
n,n
z,s
k,k
dh,n
s,s
p,k
m,m
axr,axr
ux,ae
l,l
ao,oy
ow,ow
ix,ix
ao,ao
aw,oy
w,v
dcl,dcl
el,el
ah,aa
th,dh
iy,ix
gcl,ix
m,m
ao,ao
ix,ih
pcl,pcl
l,l
tcl,tcl
ng,n
ux,ux
v,m
l,w
r,ay
w,w
k,k
jh,z
aa,aa
pcl,tcl
uh,er
iy,ey
eh,eh
axr,axr
tcl,tcl
iy,ey
er,axr
iy,iy
tcl,kcl
uw,ix
s,s
ih,eh
jh,k
l,l
w,w
ih,eh
ix,ix
ix,eh
ix,ix
v,r
aa,aa
ay,ay
axr,axr
bcl,bcl
l,l
n,n
en,m
w,ao
ih,ih
sh,sh
t,k
n,n
n,n
l,aa
q,q
gcl,dcl
ih,ih
nx,dh
k,k
t,t
s,s
ao,ow
tcl,tcl
t,k
ow,ow
kcl,tcl
ih,axr
ih,iy
kcl,tcl
r,l
iy,iy
r,r
w,l
dcl,gcl
iy,iy
f,v
kcl,tcl
l,l
ux,ix
kcl,tcl
ch,ch
f,f
s,s
aw,aw
n,n
nx,r
eh,ey
ae,ae
dcl,dcl
m,m
er,er
n,l
dh,dh
s,s
pcl,tcl
m,n
p,k
k,g
oy,ow
bcl,bcl
iy,ix
kcl,tcl
uh,ow
ix,q
r,r
dx,n
l,q
gcl,dcl
n,dcl
iy,iy
m,n
ae,ae
tcl,tcl
s,s
ix,ey
n,n
s,s
iy,ih
pcl,bcl
n,tcl
gcl,dcl
kcl,kcl
ih,ey
q,q
s,s
ah,eh
iy,iy
n,n
r,r
k,k
w,w
hv,axr
er,er
n,l
aa,ae
w,l
nx,m
hh,hh
l,l
oy,oy
ih,ix
y,ix
kcl,tcl
q,q
s,s
tcl,tcl
eh,ih
bcl,bcl
ao,ao
dh,ix
y,iy
n,n
s,s
dcl,dcl
ix,ix
ay,ae
axr,r
ae,ae
l,l
k,k
ix,r
q,q
z,s
z,z
jh,t
y,dx
t,f
z,z
ax,v
ix,ix
r,r
bcl,bcl
ay,ay
eh,r
ow,l
d,k
s,s
iy,ix
ay,ay
tcl,tcl
ix,l
eh,l
ae,ay
r,r
kcl,tcl
d,d
th,tcl
er,er
eh,eh
eh,eh
q,q
iy,n
v,bcl
axr,r
iy,iy
axr,q
aa,eh
eh,ae
kcl,kcl
kcl,tcl
n,n
l,q
kcl,tcl
m,n
l,l
tcl,kcl
ow,ow
kcl,tcl
ow,ow
aa,ay
pcl,kcl
iy,iy
r,r
kcl,tcl
ae,ae
dh,p
pcl,v
sh,sh
tcl,kcl
zh,sh
f,f
uw,axr
ae,ae
ix,ih
kcl,tcl
bcl,dcl
sh,sh
ih,ih
dcl,dcl
iy,iy
gcl,dcl
dcl,gcl
r,r
tcl,tcl
dx,dx
s,s
s,s
s,s
m,nx
z,s
r,r
er,axr
axr,el
q,q
r,r
r,r
p,k
tcl,tcl
ix,ix
w,w
aa,ao
ix,ix
axr,axr
el,el
er,er
ax,ax
n,n
dh,dh
ax,l
iy,iy
t,t
f,f
sh,sh
ih,ix
pcl,tcl
nx,n
er,er
kcl,kcl
l,l
er,er
ix,eh
iy,ey
ao,ao
k,k
ah,ey
ix,ix
f,sh
aa,ao
tcl,tcl
dcl,dcl
tcl,tcl
ah,ah
s,s
sh,s
r,r
dx,y
sh,sh
p,k
ao,ah
k,k
iy,iy
s,s
r,r
w,w
th,th
ux,ey
aw,aw
z,z
f,f
gcl,gcl
s,s
ix,q
ey,ey
ey,ey
iy,ih
eh,ay
ao,l
ax,el
v,g
q,tcl
l,dx
r,r
ao,aa
g,g
tcl,kcl
n,m
s,s
n,n
sh,s
gcl,dcl
s,s
ae,ae
q,q
hv,hv
sh,s
t,t
oy,oy
m,r
s,s
ng,n
n,ix
s,s
f,f
ix,ix
pcl,kcl
iy,axr
g,g
er,r
eh,ae
ao,r
dcl,kcl
ux,ux
ax,ix
q,q
r,ax
ix,iy
k,kcl
k,k
v,n
m,n
ih,eh
k,k
axr,axr
eh,ae
s,s
ah,q
nx,nx
gcl,gcl
ae,ae
ih,ix
ax,l
tcl,tcl
f,f
w,r
axr,r
ah,l
gcl,gcl
tcl,tcl
y,dx
ao,ao
axr,axr
ax,ix
kcl,tcl
bcl,dcl
t,t
z,z
dx,nx
l,ow
t,t
tcl,kcl
ae,ae
axr,iy
axr,ix
r,r
z,s
dcl,dcl
z,z
dcl,tcl
iy,ey
n,n
iy,iy
eh,ae
ow,ow
tcl,dcl
s,s
ix,ix
iy,ux
d,t
l,l
ey,ey
tcl,dx
ax,ax
w,w
iy,ih
iy,iy
tcl,kcl
eh,ae
tcl,tcl
aa,aa
w,w
dcl,gcl
g,k
w,ao
ch,k
ae,ay
ao,ay
l,l
sh,sh
dcl,n
n,dx
n,n
nx,n
kcl,tcl
aa,l
ax-h,d
ng,ix
ih,ih
ix,ey
dh,dh
er,r
z,s
s,s
iy,iy
ih,ix
n,m
ix,iy
tcl,tcl
kcl,tcl
kcl,pcl
iy,iy
eh,eh
pcl,tcl
r,axr
ih,r
r,r
ah,eh
ng,n
t,t
ng,n
g,k
axr,r
ow,ah
dh,dcl
l,l
hh,k
gcl,bcl
eh,eh
sh,s
dcl,gcl
bcl,n
s,s
aa,aw
v,ix
s,s
n,n
q,dx
ih,iy
tcl,kcl
gcl,kcl
dx,dx
s,s
kcl,kcl
dcl,tcl
iy,iy
l,aa
t,sh
el,l
m,bcl
dx,dh
ix,ix
aa,aa
ah,l
tcl,tcl
oy,ay
tcl,tcl
en,n
ax,l
kcl,kcl
kcl,tcl
bcl,bcl
z,z
kcl,kcl
s,s
s,s
ih,er
eh,eh
tcl,tcl
l,l
axr,r
l,l
l,l
s,s
d,g
s,s
ey,ey
axr,axr
ae,ae
s,s
jh,k
aa,aa
s,s
z,s
hv,hv
d,t
th,s
s,ch
ux,ux
aa,ay
ao,aa
n,ix
b,tcl
axr,ao
ux,er
ey,ey
ae,ae
jh,jh
iy,iy
q,q
ng,m
ix,ih
kcl,kcl
n,n
y,iy
axr,r
z,s
kcl,kcl
dx,ix
ow,eh
r,r
t,t
l,l
iy,iy
g,g
tcl,kcl
l,iy
axr,axr
q,q
t,dh
z,z
er,er
axr,ih
iy,dx
v,t
s,s
sh,f
bcl,dcl
ey,ix
s,s
s,z
t,t
iy,iy
kcl,tcl
iy,iy
ix,q
z,s
ix,ax
ix,axr
s,f
ix,ey
ix,ix
k,k
sh,sh
dcl,gcl
ao,ao
oy,aa
ao,l
ih,ix
l,l
l,l
p,k
dh,dx
ih,er
el,l
k,k
w,w
q,q
t,t
dh,dcl
v,ix
r,r
d,g
ng,n
tcl,tcl
hh,hh
en,l
en,n
m,dh
q,q
tcl,tcl
ow,ow
iy,iy
sh,sh
s,s
ix,ix
el,l
dcl,dcl
n,n
tcl,kcl
ax,ax
th,k
iy,iy
pcl,tcl
r,r
eh,ae
em,m
dh,dh
ix,ix
eh,axr
q,q
sh,sh
ay,ay
iy,iy
ae,ae
t,q
ae,ey
kcl,kcl
iy,iy
el,l
axr,ao
kcl,tcl
gcl,tcl
w,l
w,l
s,s
n,n
er,er
hh,dh
ay,ay
axr,iy
l,l
s,s
ch,t
dcl,kcl
ah,ah
tcl,dcl
t,t
s,s
dh,dh
ix,ih
kcl,kcl
ix,ix
r,r
tcl,kcl
s,s
axr,axr
l,l
sh,s
r,r
gcl,tcl
f,s
tcl,tcl
ng,n
axr,q
ow,ao
s,s
tcl,tcl
kcl,kcl
k,k
ay,ay
uh,aa
ix,iy
n,n
iy,iy
gcl,gcl
l,l
bcl,bcl
kcl,kcl
er,axr
ih,r
s,s
w,w
iy,iy
eh,ae
v,m
m,n
k,kcl
tcl,tcl
sh,sh
pcl,tcl
aa,aa
en,ax
ch,sh
ix,hv
axr,r
ow,ao
s,s
ax-h,kcl
tcl,dcl
th,s
p,k
kcl,kcl
q,q
tcl,tcl
n,n
sh,s
ah,ah
aa,ao
q,q
ix,ix
en,n
axr,r
ay,ae
p,g
ay,ay
ax,ix
v,v
t,t
aa,ae
ax,eh
eh,ae
k,k
tcl,gcl
t,t
t,k
k,k
ix,ix
tcl,tcl
tcl,kcl
aa,ao
k,k
l,l
r,r
ow,ah
m,n
dcl,dcl
y,ix
eh,r
aa,ay
gcl,tcl
aa,ae
bcl,dcl
dh,l
ix,ax
bcl,n
p,dh
r,r
axr,er
tcl,tcl
ax,ax
ao,ao
q,q
th,z
r,r
iy,iy
er,iy
l,l
l,l
m,n
kcl,kcl
w,w
bcl,bcl
jh,jh
t,t
ng,n
uh,ih
dcl,dcl
eh,r
l,l
b,tcl
bcl,bcl
l,l
ax,ax
s,s
tcl,tcl
s,s
n,n
m,n
pcl,tcl
s,s
l,l
v,v
er,ao
axr,axr
hv,iy
l,l
tcl,v
z,z
pcl,kcl
r,r
t,t
q,q
f,f
l,l
dh,n
w,q
eh,eh
er,er
ao,ao
ae,eh
w,w
t,t
l,l
dcl,n
ih,ih
kcl,kcl
tcl,kcl
iy,eh
dh,dh
l,ao
ih,eh
z,t
tcl,tcl
nx,n
hv,hh
dx,bcl
bcl,bcl
r,r
hv,hv
iy,axr
r,r
ay,ay
eh,er
dcl,dcl
f,th
tcl,dcl
ux,iy
n,m
l,ax
kcl,tcl
bcl,dcl
pcl,tcl
n,n
aa,ao
n,ix
z,s
k,k
dcl,tcl
l,l
z,s
ah,ax
axr,aa
eh,ae
l,l
l,l
w,r
ih,ay
g,g
dx,k
ae,ae
eh,ix
dcl,dcl
l,l
f,f
zh,s
k,g
ix,ix
oy,ow
iy,ih
ax,ow
ow,ao
ix,iy
ah,ae
y,hv
t,g
l,l
s,s
dx,dcl
m,n
ax,r
ow,ow
y,iy
kcl,kcl
axr,r
ix,iy
n,n
uh,r
kcl,k
s,s
n,n
m,n
s,s
ay,ay
ux,uw
ax,uw
ow,el
r,r
dcl,tcl
m,n
ao,ao
iy,iy
gcl,tcl
r,r
l,ow
eh,aa
k,g
y,iy
k,k
sh,sh
r,r
tcl,dcl
k,k
en,en
n,n
iy,iy
k,k
ih,ow
v,n
n,dx
n,m
pcl,tcl
dx,n
nx,nx
pcl,tcl
t,k
s,s
n,dcl
s,s
iy,ey
p,k
ih,ix
kcl,tcl
q,q
ix,ix
l,l
s,s
ah,ah
tcl,tcl
l,l
w,w
p,f
ey,ey
l,l
ax,ax
ae,ae
sh,jh
r,r
tcl,tcl
q,r
m,l
sh,sh
s,s
oy,oy
ix,n
aa,aa
ae,ay
uw,ux
s,s
ih,ih
eh,ae
n,n
n,n
ng,n
z,sh
ao,ao
n,n
s,s
tcl,kcl
iy,q
n,n
ah,ow
dh,dh
axr,ih
q,tcl
ng,n
ix,ix
iy,iy
ae,ae
l,ix
n,n
gcl,dcl
ey,ey
aa,aa
ae,ae
k,jh
ux,n
f,f
eh,eh
gcl,tcl
iy,ey
s,s
hh,k
l,ix
dcl,tcl
t,k
q,q
w,ao
er,r
gcl,v
s,s
t,ch
ux,ey
y,r
l,l
ae,ae
aa,ay
sh,s
bcl,bcl
r,r
tcl,n
w,ao
t,k
w,w
s,s
v,v
ix,ix
iy,iy
r,r
tcl,tcl
f,f
p,tcl
ix,ix
ao,ow
jh,jh
kcl,tcl
ae,eh
tcl,dcl
ow,ow
r,r
aa,aa
n,n
l,l
s,s
iy,ix
ah,aa
s,s
gcl,dcl
iy,iy
n,n
l,m
ao,aa
n,n
dh,dh
ao,ao
iy,iy
dcl,dcl
iy,iy
aa,ao
m,n
ux,ux
r,r
dcl,dcl
ix,n
s,s
m,n
ah,aa
k,k
ax,ix
n,n
l,l
ae,eh
g,g
ey,ey
iy,iy
z,s
bcl,dcl
tcl,tcl
sh,s
pcl,tcl
r,er
iy,iy
iy,iy
ey,ey
nx,n
ih,r
d,t
k,k
eh,ow
dcl,dcl
tcl,tcl
ey,ey
ix,ix
aa,aa
v,l
r,r
ax-h,k
eh,ah
s,s
k,k
ax,n
ah,ay
l,uw
w,w
dh,th
dcl,dcl
l,l
kcl,kcl
r,r
tcl,tcl
s,s
axr,axr
hh,hh
sh,sh
aa,aa
iy,iy
ow,eh
ah,ah
r,r
ao,aa
ow,l
w,n
tcl,tcl
ey,eh
gcl,n
el,q
ux,ix
er,axr
r,r
m,v
ch,s
r,r
ow,oy
f,f
s,s
eh,eh
n,n
th,f
ae,ay
k,g
s,s
l,l
n,n
ix,axr
ah,ix
ae,ae
ix,ux
dx,dx
ao,ao
ae,ae
jh,k
y,y
w,w
b,tcl
t,k
ix,ix
z,s
iy,iy
kcl,kcl
gcl,gcl
ix,ay
ow,eh
q,q
q,q
f,f
ih,ix
ix,ax
v,dh
ay,ay
kcl,tcl
ah,aa
iy,iy
q,q
ah,ah
r,ao
dcl,tcl
tcl,kcl
jh,sh
ow,eh
m,n
n,n
tcl,tcl
dh,s
y,iy
ao,w
en,n
ah,eh
iy,ow
l,l
en,n
s,s
s,s
ae,ae
hv,aa
ih,ix
g,k
r,r
w,l
pcl,tcl
sh,sh
r,r
ah,ow
gcl,dcl
iy,ix
kcl,kcl
tcl,tcl
aw,aa
eh,eh
iy,iy
ey,ey
ao,r
k,g
ix,eh
ax,ix
n,n
q,tcl
axr,r
l,l
iy,iy
q,q
n,n
n,n
ey,eh
eh,aa
ax,l
y,ix
n,n
er,eh
t,t
ow,er
v,v
el,ao
ix,ih
ae,ae
ih,ih
s,z
dh,dh
t,z
ix,ix
aa,r
pcl,kcl
f,tcl
ey,ey
ng,n
aa,aa
z,z
bcl,dcl
s,s
t,t
dcl,tcl
ey,ey
jh,s
n,m
l,l
bcl,kcl
l,l
ng,n
iy,iy
f,t
ae,ae
ow,l
q,q
w,w
dx,dx
r,r
f,f
ay,ay
iy,iy
axr,r
jh,jh
dcl,dcl
m,m
eh,ih
dcl,dcl
gcl,n
ae,ae
l,l
z,s
ah,er
z,s
ae,ae
ax,axr
r,l
w,l
aa,r
dx,dh
w,l
ey,ey
k,k
ao,ao
r,er
l,ah
nx,n
sh,s
kcl,kcl
ih,ih
w,w
f,f
v,ix
ow,el
s,s
eh,aa
dcl,tcl
ng,bcl
ax-h,q
q,k
dcl,tcl
ax,ah
iy,ux
ix,ix
aa,ay
ae,ae
s,s
ey,ey
ix,ix
er,er
n,n
p,dh
pcl,ix
s,s
eh,ey
m,m
tcl,tcl
ch,ch
tcl,tcl
q,ax
s,s
ay,ay
r,r
w,l
ix,ix
ay,ay
k,k
ix,n
l,iy
eh,ay
kcl,tcl
q,q
tcl,tcl
pcl,tcl
ih,ax
ay,ae
er,aa
ix,ix
zh,z
ih,iy
r,r
ix,ix
r,r
dh,dh
ng,n
g,g
dh,dh
n,n
gcl,v
l,l
ae,eh
ux,ux
l,l
tcl,kcl
z,s
w,w
jh,ch
s,s
iy,ix
bcl,bcl
ih,ae
ih,ih
iy,iy
ng,n
ae,ae
ay,ay
aa,aw
dx,dh
ix,ih
ao,ao
dcl,dcl
eh,eh
w,l
y,y
ah,l
kcl,tcl
ax,ix
tcl,tcl
kcl,kcl
s,s
ae,ae
ix,ix
dh,dh
iy,iy
s,s
ix,ix
tcl,tcl
pcl,tcl
ah,ax
l,l
er,ux
n,n
ix,ix
n,m
r,dx
s,s
k,g
m,m
l,el
hv,hv
kcl,kcl
ah,eh
ey,oy
w,w
f,f
dcl,dcl
dh,dh
l,l
n,n
ey,ey
y,iy
w,q
pcl,dcl
dx,tcl
r,r
m,m
dcl,tcl
d,g
axr,axr
r,r
aw,ae
k,k
ux,v
p,k
kcl,tcl
q,q
s,s
s,s
m,n
axr,er
v,gcl
ux,ux
bcl,pcl
n,n
n,dcl
ix,ih
gcl,kcl
ah,ae
uh,el
ey,ey
r,r
s,s
v,v
aa,aa
t,k
ih,ix
iy,iy
r,r
p,k
ix,ux
ow,l
ae,ae
el,ow
tcl,tcl
th,th
q,q
tcl,tcl
tcl,k
dcl,dcl
dcl,dcl
gcl,l
p,k
ao,ao
sh,t
n,n
en,n
kcl,tcl
ao,axr
eh,ow
ae,ae
kcl,kcl
r,r
ae,ae
tcl,tcl
l,l
sh,s
kcl,tcl
k,k
ix,dx
ch,ch
z,z
t,t
m,n
l,iy
z,z
q,q
uh,ix
bcl,dcl
k,k
ux,ux
g,g
l,r
tcl,tcl
ah,eh
ix,ux
th,f
ix,ix
tcl,tcl
l,l
z,s
axr,axr
n,n
ao,aa
bcl,bcl
bcl,bcl
axr,axr
eh,ix
ay,ay
nx,n
tcl,tcl
axr,r
ay,aw
kcl,tcl
ow,ow
dcl,dcl
aa,ao
er,axr
kcl,tcl
sh,sh
t,s
tcl,tcl
bcl,dcl
dcl,dcl
v,dcl
n,n
n,n
aa,aa
axr,ih
sh,f
ax,l
ng,n
uh,ey
ng,n
hh,p
gcl,dcl
iy,iy
oy,oy
l,l
uh,ix
g,g
kcl,tcl
ax,w
r,r
ao,aa
v,v
ae,ae
s,s
n,dh
ah,aa
ow,uw
dx,r
y,y
tcl,tcl
iy,iy
ih,iy
s,s
l,l
f,s
ey,ay
eh,ih
ix,v
r,r
z,s
s,s
iy,ey
dcl,dcl
dcl,tcl
ax,ax
gcl,gcl
l,ax
aa,aa
l,l
jh,k
s,f
tcl,tcl
l,l
s,s
w,w
tcl,kcl
ao,ay
z,z
g,g
tcl,tcl
v,v
kcl,kcl
el,ow
k,k
iy,eh
t,s
nx,dx
n,n
l,l
n,n
er,er
n,n
ih,ix
s,s
g,g
ae,ae
eh,eh
ix,ix
l,l
er,er
ah,ah
jh,t
ix,ix
kcl,kcl
t,t
sh,s
l,l
p,f
g,g
ax,n
t,t
iy,ux
s,s
z,s
k,k
m,m
kcl,kcl
ey,ae
axr,axr
dx,q
ix,ix
q,q
ih,ih
uh,ix
pcl,tcl
f,s
dcl,dcl
dcl,tcl
y,iy
dh,dh
ax,l
m,dh
iy,iy
bcl,bcl
ih,ae
p,dh
aa,ay
w,l
v,v
hh,p
ix,ix
dcl,dcl
s,s
m,m
th,t
dx,tcl
ix,iy
tcl,kcl
q,q
l,l
el,l
er,er
r,r
k,k
ao,ao
bcl,v
m,m
aa,aa
w,l
ih,axr
aa,aa
ix,ix
r,er
ay,ix
b,q
m,l
z,s
kcl,tcl
aa,aa
ih,ix
w,ao
hv,hv
ao,ao
dcl,tcl
ay,ay
r,l
dx,dx
aw,ae
iy,iy
n,n
dcl,tcl
ow,ow
r,r
er,axr
th,t
iy,iy
v,v
ng,n
kcl,tcl
p,k
ax,ix
dcl,dcl
l,el
s,s
s,s
r,r
q,q
m,nx
dcl,tcl
s,s
ix,eh
z,z
tcl,kcl
ey,ih
eh,ae
ih,ih
r,r
ao,ay
g,g
w,l
iy,ix
eh,eh
iy,iy
gcl,gcl
tcl,tcl
k,k
s,s
z,z
ah,ow
l,l
s,s
tcl,tcl
er,er
n,n
z,z
iy,ey
d,k
ch,ch
ae,ae
r,r
s,s
s,s
iy,ey
pcl,tcl
pcl,tcl
gcl,gcl
ah,er
dh,t
s,s
q,ix
s,s
kcl,tcl
z,s
tcl,tcl
ix,ix
ih,ih
sh,s
ix,ey
r,r
f,f
n,n
ix,ix
jh,jh
kcl,tcl
ae,ae
en,iy
s,s
kcl,tcl
f,f
kcl,kcl
ix,ix
r,r
tcl,tcl
ae,ae
ix,ix
tcl,tcl
axr,axr
ax,ax
uw,er
ch,ch
axr,axr
q,q
ey,ey
r,r
eh,r
q,tcl
eh,eh
l,ix
dcl,tcl
r,r
eh,eh
t,t
m,m
m,n
eh,aa
axr,q
n,n
s,s
r,r
r,r
ux,ux
d,dh
iy,iy
ow,l
bcl,bcl
tcl,tcl
z,s
kcl,kcl
sh,sh
pcl,tcl
s,s
gcl,v
iy,iy
aa,ao
ng,n
ae,ae
iy,ey
axr,axr
n,gcl
n,n
s,s
q,q
n,n
n,n
l,l
sh,s
ih,ih
n,n
q,q
eh,eh
r,l
sh,sh
axr,r
hh,dh
k,k
l,el
aa,axr
oy,er
kcl,tcl
l,l
p,f
m,dh
y,y
t,dh
ix,ix
ax,ax
pcl,tcl
z,z
kcl,kcl
l,q
gcl,dcl
eh,ix
eh,ih
oy,ow
z,z
ao,aa
ey,ey
sh,sh
ix,ix
dcl,dcl
l,l
f,s
m,l
bcl,bcl
ae,ae
er,r
ae,ae
s,s
dx,dcl
ey,axr
iy,n
ix,ix
pcl,tcl
em,n
aa,r
kcl,kcl
nx,n
eh,r
z,s
ix,ux
g,k
ng,m
ae,ae
ao,ao
ih,r
iy,iy
w,w
q,q
sh,sh
ch,k
jh,jh
n,n
d,k
s,s
n,m
aa,ay
n,n
dh,k
l,l
f,f
m,m
ae,eh
n,n
tcl,tcl
ae,ae
ix,n
n,n
ax,ax
m,l
iy,iy
ah,aa
tcl,tcl
gcl,dcl
n,n
aa,ao
ix,iy
t,t
r,r
ax,ix
axr,ih
uw,ux
t,t
ix,eh
t,k
w,l
z,z
ah,eh
er,axr
iy,iy
n,n
axr,ey
dh,t
m,n
axr,er
aa,aa
p,k
bcl,pcl
ae,ae
dx,q
ow,ao
hh,hh
kcl,kcl
k,hh
n,n
oy,ao
eh,ix
p,k
k,k
r,r
r,r
pcl,pcl
ey,ey
gcl,dcl
oy,oy
f,f
l,el
gcl,gcl
pcl,pcl
eh,ix
aa,aa
r,r
ao,ao
hv,ih
l,l
aa,ao
n,n
ay,ay
n,m
uh,ix
bcl,bcl
l,l
m,m
axr,r
ax,q
aa,ae
s,s
ix,ix
r,er
l,l
ix,n
ay,ay
ih,eh
ax,ah
axr,ux
dcl,dcl
ah,eh
ax,ax
aw,aw
ah,ah
ae,ix
ix,ix
iy,iy
iy,iy
s,s
q,l
tcl,tcl
tcl,tcl
n,n
t,k
ax,n
kcl,tcl
dh,dh
ao,ao
sh,sh
q,y
ix,ix
s,s
m,n
n,n
r,axr
dcl,dcl
s,s
en,n
ih,ih
ae,ae
s,s
aa,aa
t,d
d,jh
v,n
y,y
ih,ey
kcl,tcl
ix,axr
ao,aa
iy,ux
aa,aa
z,z
er,aa
iy,ix
er,er
s,s
iy,iy
l,l
iy,iy
z,s
y,iy
f,f
t,t
m,m
ay,ay
uh,ow
bcl,dcl
p,k
ae,ae
k,k
ae,ae
s,s
jh,sh
eh,eh
q,q
w,w
s,s
eh,eh
jh,jh
ix,q
hv,hh
z,s
tcl,kcl
ae,eh
aw,ae
iy,ih
ae,ih
eh,eh
g,y
l,l
w,v
m,m
ax,ix
tcl,tcl
sh,sh
z,z
dcl,tcl
ao,ao
pcl,kcl
iy,ix
ih,ix
er,er
tcl,kcl
y,n
z,z
bcl,dcl
q,ix
s,z
ao,ao
en,q
ix,ix
k,q
s,s
iy,iy
aa,aa
ix,ix
t,t
m,n
eh,ae
gcl,tcl
ow,ow
k,hh
sh,sh
ih,iy
dcl,ay
ix,ix
er,r
k,sh
m,m
ng,n
l,l
kcl,tcl
dcl,tcl
kcl,tcl
ey,ih
ow,ow
s,s
pcl,tcl
uh,ix
r,r
axr,r
z,s
dcl,kcl
iy,iy
aw,eh
f,kcl
dh,dh
kcl,tcl
tcl,dx
ih,l
iy,ux
gcl,dcl
iy,iy
ih,ix
v,ax
s,s
pcl,bcl
sh,sh
d,g
f,t
er,er
ax,ax
l,l
r,v
eh,er
n,n
ix,ix
r,er
oy,ay
k,k
g,k
er,er
f,tcl
w,l
f,f
p,g
k,t
m,n
l,l
ix,ix
dcl,v
axr,r
dh,n
p,k
bcl,n
er,ih
ae,ae
nx,ix
em,m
n,n
r,r
w,w
k,k
ae,ae
d,k
tcl,tcl
k,t
sh,sh
r,er
axr,aa
iy,q
iy,iy
ch,k
dx,dx
dh,dh
dcl,tcl
kcl,kcl
eh,ae
t,t
hv,hv
k,k
n,ix
pcl,f
dx,dx
n,n
eh,eh
ih,ax
p,k
dh,dh
el,l
pcl,tcl
m,n
kcl,kcl
iy,iy
n,n
eh,eh
g,k
y,ih
m,m
tcl,th
iy,ey
l,l
en,n
jh,t
k,k
f,v
ux,axr
f,t
bcl,bcl
n,n
kcl,tcl
w,r
uw,l
bcl,dcl
g,g
kcl,tcl
q,q
dh,th
t,k
s,s
w,l
ey,ey
s,s
ey,ix
m,n
p,dh
ae,ae
p,k
f,f
ix,ih
ch,ch
l,l
th,s
iy,iy
axr,r
ay,ae
l,l
bcl,bcl
n,n
ax,l
f,dh
gcl,dcl
dcl,dcl
dcl,bcl
hv,hv
axr,axr
ih,ix
ix,ix
t,t
tcl,tcl
hv,q
p,p
ay,ay
ih,iy
dcl,dcl
f,f
kcl,dcl
r,er
k,k
el,ao
nx,n
ix,ix
q,q
z,s
s,z
iy,iy
s,s
w,m
d,d
w,w
ey,r
ao,l
dcl,tcl
pcl,tcl
tcl,tcl
eh,ix
bcl,tcl
aa,aa
uw,ux
gcl,bcl
ow,ae
en,m
kcl,tcl
ix,ix
oy,oy
ix,ix
t,t
dcl,dcl
hv,hv
f,f
ow,ih
gcl,dcl
l,l
ae,ae
tcl,tcl
s,s
n,n
ix,ix
uw,uw
ay,ay
ix,ix
gcl,gcl
axr,axr
l,l
eh,ow
ix,ix
y,ix
th,dh
n,n
dh,dh
pcl,kcl
l,ax
ax,ix
r,er
hh,hh
tcl,tcl
gcl,n
f,f
y,iy
l,l
dh,dh
r,r
p,k
t,q
m,m
s,s
eh,ih
ax,eh
m,ix
w,l
tcl,tcl
ux,ux
ow,ow
dh,dh
kcl,tcl
l,l
l,l
ay,ay
ix,ix
f,s
ey,ey
ix,ix
p,hh
ix,ix
er,axr
y,r
tcl,tcl
ow,ao
z,z
m,m
ay,ay
m,bcl
gcl,gcl
k,k
dcl,tcl
ax,l
kcl,kcl
eh,ey
el,ao
s,s
d,dh
ix,ix
w,w
n,n
s,s
ih,eh
r,r
ae,ae
tcl,tcl
ux,ux
g,g
w,w
g,ix
l,q
n,n
s,s
kcl,kcl
ow,ow
s,s
m,n
n,n
iy,ih
ay,ay
ix,r
t,k
t,t
hv,iy
ix,axr
axr,r
ah,ax
sh,s
dcl,dcl
k,k
ao,ao
ix,ix
ix,ix
w,m
n,n
n,n
z,z
z,s
t,z
ah,l
p,dh
kcl,kcl
tcl,tcl
bcl,dcl
k,t
dcl,bcl
bcl,gcl
pcl,kcl
r,r
ax,ix
kcl,kcl
ae,ay
l,ah
en,m
tcl,tcl
iy,iy
s,s
iy,iy
z,z
dh,k
ux,ux
w,q
ao,aa
z,s
y,y
ah,eh
z,z
f,t
t,t
ey,ey
ow,ow
z,s
sh,sh
iy,ih
v,kcl
hv,hv
k,g
ax,ix
sh,s
tcl,kcl
ah,ax
dx,dx
ax,ax
k,k
v,th
dcl,v
sh,f
ch,k
dh,dh
dh,k
z,z
ix,ix
th,dh
tcl,dcl
f,s
sh,z
tcl,tcl
n,gcl
t,t
aa,ao
ih,ey
axr,axr
ih,eh
oy,ao
eh,eh
ih,iy
iy,ix
z,z
ay,ay
dh,tcl
s,th
oy,oy
dcl,dcl
eh,eh
t,t
iy,iy
ux,ux
dh,l
sh,s
er,er
w,w
z,z
ao,ao
v,ix
s,s
s,s
aa,aa
w,m
ix,ix
r,r
axr,ix
el,l
m,m
ey,ey
er,axr
v,dh
ao,aa
aa,ae
ng,n
iy,iy
ix,ix
pcl,tcl
ix,ix
t,dcl
gcl,dcl
k,k
s,s
n,dcl
eh,ix
l,l
tcl,tcl
er,r
dcl,dcl
pcl,tcl
l,ow
oy,ao
k,k
n,n
s,s
kcl,tcl
ae,ae
th,s
ah,l
aw,aw
ix,ay
tcl,tcl
ng,n
r,aa
dh,q
zh,zh
n,n
aa,er
axr,r
f,f
sh,s
t,k
ao,aa
ao,ah
ao,ao
k,k
iy,ux
k,k
kcl,kcl
w,l
ae,ae
dcl,dcl
ih,ix
w,w
kcl,kcl
p,dh
sh,sh
eh,l
r,r
en,z
f,f
ae,ey
d,q
ux,axr
q,q
ux,z
th,th
sh,sh
eh,eh
ih,ix
n,ix
tcl,tcl
sh,sh
ux,iy
axr,axr
pcl,tcl
iy,y
ow,ow
z,s
k,k
dcl,tcl
iy,ix
k,k
pcl,tcl
ix,l
ah,ao
ih,eh
ih,ey
s,s
m,v
gcl,gcl
t,q
uw,ix
n,n
z,z
ix,ix
gcl,dcl
kcl,tcl
k,k
ax,l
s,s
ix,ix
w,ao
t,t
t,t
jh,t
q,q
m,m
aw,ay
dh,dh
m,q
iy,iy
pcl,kcl
l,q
s,s
s,s
s,s
eh,iy
ao,ao
ch,s
l,ix
ix,ix
t,t
s,s
iy,iy
ax,ix
ay,ay
ae,eh
k,k
bcl,dcl
kcl,kcl
kcl,kcl
ih,iy
aa,aa
l,l
ux,ix
kcl,dh
tcl,tcl
kcl,kcl
kcl,kcl
l,l
iy,iy
iy,iy
en,n
iy,iy
iy,iy
eh,eh
p,k
sh,sh
th,t
ah,ao
z,s
ch,t
ix,ix
q,l
er,r
er,er
s,s
l,ao
ih,ih
r,r
kcl,gcl
z,z
pcl,tcl
s,s
axr,axr
ae,eh
ax,eh
r,ix
k,k
ow,ow
sh,s
er,er
iy,iy
dh,th
ao,ao
hh,hh
ey,ey
r,r
pcl,tcl
n,n
dcl,tcl
axr,n
ix,ix
q,q
v,w
ux,ux
r,l
iy,iy
bcl,pcl
p,k
bcl,dcl
d,dx
kcl,tcl
ix,ix
iy,y
iy,r
w,ao
r,r
s,s
ih,ih
kcl,tcl
k,k
kcl,kcl
n,gcl
t,t
z,z
bcl,bcl
eh,eh
tcl,tcl
ey,ey
n,n
s,s
kcl,kcl
dh,n
ax,ax
kcl,tcl
axr,aa
tcl,gcl
ey,ey
l,l
ix,iy
axr,er
ng,dcl
v,dcl
ae,ae
n,n
ax,ax
tcl,kcl
eh,eh
ix,ix
p,tcl
s,s
aa,eh
ix,ax
eh,eh
ix,ix
r,ix
n,n
bcl,dcl
l,l
ae,ae
ix,ix
er,axr
axr,ix
tcl,tcl
ix,dx
ux,ix
l,ix
iy,iy
oy,oy
p,kcl
bcl,bcl
d,k
ux,er
uh,ax
iy,ux
ix,ix
y,y
ao,oy
eh,ix
ix,ix
pcl,tcl
uw,ux
m,dh
s,s
t,jh
f,f
z,sh
ux,ux
tcl,f
t,z
k,kcl
f,f
iy,iy
s,s
en,n
p,p
s,s
z,s
t,tcl
p,g
dcl,tcl
n,n
tcl,k
dx,dx
z,z
ae,ae
er,er
m,m
dh,dh
ix,ix
ih,ih
ng,n
n,n
ae,ae
gcl,gcl
s,s
ix,dx
ix,ix
hh,hv
ey,ey
ih,ix
tcl,dcl
q,q
ao,ao
er,r
hv,q
s,s
iy,iy
er,r
ux,ux
iy,y
hv,l
v,dcl
iy,ux
w,w
iy,y
s,s
ay,ay
eh,ix
ax,ao
uh,ix
z,z
aa,aa
n,n
z,s
p,k
q,q
p,k
v,ix
y,iy
n,n
q,q
t,f
ax,ax
q,q
tcl,gcl
s,s
n,n
ow,ow
el,el
w,v
ae,ae
ix,ix
ey,ey
z,s
q,q
ah,eh
v,r
iy,iy
w,w
l,r
q,q
f,f
dcl,tcl
q,q
ae,ae
w,ao
r,r
dh,l
iy,iy
ao,ay
eh,iy
ih,ix
ay,ae
axr,er
ix,ix
ey,ay
d,g
k,k
hv,n
l,l
k,k
dcl,dcl
sh,s
r,r
ih,ih
n,n
m,m
ng,m
sh,sh
tcl,kcl
m,r
jh,jh
q,q
ay,ay
tcl,n
th,tcl
n,n
en,m
l,l
ow,l
tcl,kcl
f,z
ux,ix
ih,ux
r,r
f,f
er,axr
ix,ix
w,ax
axr,er
ix,eh
ng,n
l,l
ow,ih
aa,aa
k,t
iy,iy
w,l
l,ax
p,k
kcl,kcl
ax,ax
s,s
aa,aa
kcl,kcl
r,r
tcl,kcl
m,n
tcl,tcl
ae,ae
hv,hv
n,n
y,y
k,k
oy,oy
m,m
kcl,tcl
kcl,kcl
ah,ah
eh,eh
dcl,gcl
t,t
nx,n
w,l
oy,oy
kcl,kcl
pcl,pcl
f,f
q,q
p,hh
t,k
ix,iy
ae,ay
s,s
s,s
s,s
aa,ao
tcl,tcl
m,ux
tcl,tcl
n,n
k,k
ix,ix
dh,dh
ae,ih
w,w
n,dcl
eh,er
ae,ey
ow,ow
axr,r
m,m
z,z
f,f
s,z
er,er
m,m
dx,r
ax,q
tcl,tcl
s,s
jh,jh
sh,sh
s,s
k,k
bcl,bcl
n,n
ax,ah
l,uw
ao,r
w,w
w,l
dcl,dcl
bcl,n
eh,ay
ix,ix
tcl,kcl
el,l
ix,iy
ah,ah
kcl,kcl
kcl,tcl
aa,ao
dcl,tcl
er,er
tcl,kcl
w,w
n,n
bcl,tcl
kcl,kcl
ih,ah
t,t
l,l
pcl,tcl
iy,ix
r,r
s,s
kcl,kcl
ix,ih
z,s
iy,iy
sh,sh
ae,ae
jh,k
y,iy
r,r
ao,ao
g,k
eh,er
uh,ah
s,s
ix,ix
ae,ae
q,q
ax,l
m,n
axr,ih
n,n
n,n
ae,ae
nx,n
s,s
w,w
ih,ix
pcl,tcl
k,k
dcl,tcl
q,r
kcl,kcl
ah,l
n,n
iy,iy
s,s
r,r
s,s
gcl,dcl
s,s
t,t
ih,ey
ax,l
iy,iy
ow,ao
bcl,v
kcl,kcl
jh,t
l,ix
ix,ix
m,m
aa,ao
sh,s
dx,n
kcl,kcl
ix,ix
n,n
m,m
iy,ey
dcl,tcl
jh,sh
iy,iy
hv,ix
r,r
iy,iy
ix,ih
l,l
p,hv
ax,ax
eh,axr
iy,iy
el,l
ey,ay
n,n
k,k
ae,eh
q,q
aw,ow
ae,l
ng,n
s,s
tcl,q
tcl,dx
y,y
t,t
ao,ao
ax,v
f,f
s,s
axr,axr
aa,aa
hv,ix
l,l
y,iy
kcl,tcl
q,q
ax,ah
w,w
ch,ch
v,v
sh,sh
el,n
r,ao
m,dh
q,q
w,w
ay,ay
t,t
n,n
aa,aa
ix,ix
iy,ey
y,iy
ix,ix
pcl,tcl
jh,k
axr,axr
aa,axr
pcl,tcl
iy,iy
er,er
ax,ix
ih,ih
dx,g
eh,eh
ch,ch
r,r
iy,ng
eh,aa
m,n
r,r
r,r
l,l
n,n
m,n
sh,sh
r,r
ae,ae
ax,ax
tcl,dcl
ow,ao
q,k
ah,ah
tcl,tcl
s,s
l,l
t,d
th,f
gcl,n
s,s
kcl,kcl
axr,q
ih,ix
r,r
n,n
l,l
k,k
ix,ix
tcl,dcl
kcl,tcl
dh,tcl
iy,ix
r,r
ay,ae
el,l
m,m
ix,ix
en,n
kcl,tcl
n,n
r,r
q,g
tcl,dcl
pcl,dcl
s,s
ao,ae
ch,sh
ae,ae
sh,sh
dh,v
dh,n
el,l
d,tcl
uw,ax
s,s
n,n
w,q
ix,ix
dh,dh
er,er
el,el
tcl,tcl
r,r
axr,er
aa,ix
ix,ih
ix,ae
sh,sh
f,th
r,n
f,f
zh,jh
ae,ay
ah,ah
s,sh
dcl,dcl
l,l
r,r
n,n
l,l
nx,n
tcl,gcl
dcl,dcl
nx,n
axr,er
kcl,kcl
q,q
tcl,tcl
eh,eh
g,g
y,ux
tcl,tcl
ch,ch
l,l
ax,l
s,s
t,g
m,dcl
s,s
en,n
r,r
ax,ao
ix,r
ng,n
ih,l
dh,k
eh,eh
l,l
ow,ow
s,s
ux,iy
r,r
ix,iy
ao,ao
eh,ae
z,s
iy,eh
dcl,dcl
l,l
n,v
th,v
z,s
aa,aa
q,ix
ih,ih
iy,er
eh,l
uw,r
iy,ix
ao,ao
aa,aa
tcl,tcl
k,k
kcl,kcl
m,m
eh,eh
ax-h,q
ae,ay
n,n
ax,w
aa,aa
ax,ix
q,y
hv,v
n,m
tcl,tcl
ow,ow
z,z
ae,ae
g,g
ng,q
ix,en
t,t
axr,er
ax,ix
m,m
ah,eh
w,eh
k,k
ao,l
tcl,z
gcl,dcl
hv,hv
s,z
n,n
pcl,tcl
r,er
q,tcl
ax,ax
p,k
iy,y
aa,ay
t,k
t,k
sh,sh
ix,ix
y,y
v,n
ix,ix
r,r
ix,ix
l,ix
m,m
ae,ae
m,m
ah,l
r,iy
r,r
ay,ay
l,l
ay,ay
t,t
l,l
ix,ux
ow,er
s,s
tcl,tcl
th,th
s,s
er,r
iy,iy
m,n
iy,iy
iy,y
r,r
s,s
ey,ey
ao,aw
ix,r
kcl,tcl
n,n
ih,ih
n,n
n,q
l,l
kcl,tcl
eh,eh
n,n
tcl,tcl
ax-h,z
dcl,dcl
ao,w
ix,ix
er,er
ih,ih
er,r
eh,aa
k,k
ix,ix
g,g
ow,ow
aa,oy
z,sh
oy,ao
gcl,dcl
s,s
s,s
ix,ix
ae,aa
iy,iy
l,el
z,z
w,w
kcl,kcl
iy,ey
ao,ao
ix,ih
ow,ao
ng,n
m,n
th,tcl
y,ix
l,l
n,n
f,th
jh,jh
kcl,tcl
l,l
l,l
r,r
ix,ix
s,s
p,p
n,n
kcl,tcl
l,n
ix,iy
ey,ey
ih,ey
pcl,tcl
s,s
axr,axr
n,n
aa,r
sh,s
iy,ey
ow,ow
el,ow
tcl,tcl
k,k
r,r
ay,ae
tcl,tcl
dh,v
gcl,tcl
v,dh
z,s
ih,ih
m,n
gcl,dcl
tcl,tcl
ix,ih
axr,er
ow,aa
tcl,gcl
iy,iy
tcl,tcl
y,dx
ix,ix
dcl,dcl
aa,r
ae,ay
ng,n
k,k
m,n
tcl,kcl
aa,ay
axr,axr
eh,eh
n,n
s,s
ih,ih
ix,ih
ih,ih
w,l
ix,ih
iy,iy
pcl,tcl
ow,ao
ey,ay
bcl,bcl
ae,ae
r,r
z,s
pcl,pcl
q,q
ch,ch
ey,ey
ah,ax
s,s
k,k
t,t
kcl,g
q,k
pcl,v
ih,ey
ao,ao
r,r
r,axr
g,g
r,r
ao,aa
ao,ao
s,s
pcl,tcl
r,q
oy,ay
n,w
aa,aa
l,l
t,t
nx,n
sh,s
ah,eh
iy,iy
m,m
nx,ix
g,k
ix,ix
m,m
v,v
n,n
sh,sh
iy,iy
gcl,tcl
f,f
s,s
l,l
l,l
n,n
s,s
l,ow
pcl,pcl
pcl,tcl
kcl,kcl
ow,aa
z,s
aa,aa
tcl,tcl
ey,ey
k,k
sh,sh
s,s
tcl,dcl
r,r
ah,ay
ux,ux
ih,ix
m,bcl
g,k
gcl,gcl
ao,ow
dh,dh
r,r
t,t
jh,jh
ix,ix
kcl,tcl
kcl,kcl
w,l
ix,ix
uh,ao
f,f
ao,ao
w,l
eh,ix
ae,ae
g,g
ih,ih
t,t
ih,ix
ix,ix
ih,ix
v,f
iy,iy
ae,ae
uh,l
t,ch
q,axr
ix,q
ey,ey
n,y
dcl,dcl
eh,eh
w,w
dh,dh
dcl,r
sh,sh
m,m
iy,iy
n,ix
ix,iy
s,s
axr,r
er,ae
f,f
ih,ih
s,s
ax,n
dcl,gcl
axr,r
kcl,tcl
ay,ay
ow,ae
k,k
ey,ey
r,axr
ux,iy
eh,eh
r,r
r,r
pcl,dcl
er,ux
aa,ay
ih,ih
ah,ah
s,s
ao,aa
n,n
er,ih
dh,dcl
er,er
ey,ey
n,n
ax,ix
v,v
bcl,kcl
ay,ae
hh,p
n,dh
n,n
er,r
tcl,kcl
n,n
l,q
ix,ix
uh,ix
jh,jh
gcl,gcl
pcl,tcl
en,n
eh,ix
kcl,tcl
ix,ix
ax,ix
z,s
z,z
n,m
aa,ah
ao,ao
er,er
sh,sh
aa,ae
q,hv
p,k
ax,ix
r,ix
ih,ae
hv,y
dh,tcl
n,n
hv,ix
ix,n
dh,q
iy,iy
eh,ae
dcl,dcl
z,s
ah,axr
tcl,kcl
t,t
k,k
tcl,kcl
ow,ow
eh,ix
tcl,dcl
th,f
gcl,axr
dcl,dcl
ae,ae
w,w
iy,iy
kcl,tcl
sh,s
tcl,tcl
pcl,tcl
s,s
ah,ah
uh,eh
dx,dx
ax,ax
l,v
hh,p
s,s
k,k
dcl,tcl
ae,ae
hv,hv
d,ix
jh,ch
tcl,tcl
ay,ay
t,t
axr,r
eh,eh
ao,aa
aa,aa
ae,ae
ih,ih
s,s
ih,iy
dx,g
q,q
r,aa
el,l
z,s
ow,oy
n,n
eh,ix
ah,ow
ih,ux
ux,ux
l,w
z,s
dh,dh
tcl,tcl
s,s
r,axr
dcl,tcl
s,s
ix,ix
ch,sh
ey,ey
aa,aa
z,z
aa,ao
z,s
m,m
l,r
ix,ix
ah,ah
ah,er
iy,iy
hh,p
axr,r
dx,jh
ao,ao
er,r
l,r
th,t
n,n
iy,ey
eh,ix
dx,dcl
en,ix
dcl,dcl
n,n
ae,ae
ah,ay
ah,eh
s,s
iy,iy
ix,z
ah,ah
pcl,tcl
jh,sh
m,n
pcl,tcl
ix,ey
ae,ae
w,w
axr,axr
m,n
l,l
ah,ae
axr,r
n,n
l,l
ao,l
n,n
ux,iy
bcl,bcl
z,s
kcl,tcl
n,n
dh,dcl
hv,ix
eh,ae
p,p
pcl,tcl
m,n
w,w
gcl,dcl
w,w
axr,axr
g,k
ay,ae
bcl,bcl
l,l
dh,dh
r,r
ih,ix
n,n
aa,aw
iy,iy
ih,ix
ix,l
eh,aa
el,ao
ih,ey
gcl,dcl
q,q
pcl,tcl
ix,eh
r,r
s,s
s,s
v,axr
f,k
hh,k
hh,tcl
q,q
n,n
ux,ux
iy,iy
axr,r
s,s
aa,ao
nx,n
gcl,dcl
iy,ae
s,s
aw,ae
ax,ax
kcl,kcl
y,y
el,ao
eh,ae
ey,ey
w,ao
n,n
r,v
k,k
k,k
t,t
eh,eh
dcl,bcl
iy,iy
ux,y
l,l
ix,l
tcl,tcl
s,s
kcl,kcl
l,r
ah,er
iy,ux
iy,q
n,n
r,r
ay,ay
ng,n
ix,ix
bcl,tcl
p,k
m,m
ih,iy
kcl,kcl
m,n
n,ix
s,s
z,s
q,iy
ih,ih
iy,q
r,ay
ix,eh
t,t
q,g
tcl,tcl
axr,g
pcl,tcl
aw,ae
l,l
tcl,tcl
kcl,tcl
ah,ah
w,w
ow,ow
kcl,kcl
v,v
ix,q
dh,d
w,w
q,q
pcl,tcl
ih,ix
pcl,tcl
iy,iy
ix,ix
eh,ey
sh,s
ax,l
kcl,kcl
r,r
r,r
r,r
r,r
w,l
r,axr
l,ax
z,z
eh,eh
pcl,pcl
d,k
q,axr
s,s
ih,ey
s,s
ao,ao
t,t
q,aa
dh,n
ay,ay
aw,aw
eh,ow
ao,ao
nx,n
el,l
tcl,jh
n,n
kcl,kcl
dcl,tcl
r,r
uh,ix
l,l
ey,ey
m,m
oy,ay
t,t
m,l
nx,gcl
ao,aa
l,l
ch,s
ix,eh
f,f
bcl,tcl
iy,l
ix,ix
t,t
k,k
ao,ao
dcl,dx
el,q
s,s
r,r
th,s
ey,ix
ix,ix
kcl,kcl
pcl,tcl
er,er
s,s
p,k
aa,ae
kcl,tcl
dx,ix
ao,ao
ux,ux
ey,ey
z,z
n,m
ix,ix
axr,ih
aw,aw
ow,l
aw,aa
en,n
f,f
ay,ay
iy,iy
uh,ow
tcl,tcl
k,k
ix,eh
gcl,dcl
t,t
r,r
er,er
s,s
tcl,tcl
ae,ae
ix,ix
eh,eh
iy,iy
z,z
n,n
ae,ae
f,f
t,t
f,s
jh,jh
eh,ih
n,n
ih,ix
ey,ey
axr,axr
ey,ey
ey,ay
hv,ax
z,z
ow,ow
ix,ix
axr,ix
ao,ao
k,tcl
v,dh
ey,ey
ae,ae
axr,er
aa,aa
n,n
ih,ix
dcl,tcl
ax,ix
ih,r
l,l
n,n
z,s
w,w
t,t
iy,iy
kcl,tcl
s,s
r,r
ix,ix
m,m
gcl,dx
n,n
ix,ix
ae,ae
tcl,tcl
pcl,tcl
ah,ah
ae,eh
iy,iy
pcl,tcl
iy,iy
ae,aa
eh,eh
s,s
ax,ix
iy,iy
ow,l
r,r
kcl,kcl
n,n
r,r
dcl,tcl
z,z
n,n
q,q
dcl,dcl
s,s
kcl,kcl
hh,t
oy,oy
t,t
m,r
r,r
w,w
q,q
kcl,tcl
kcl,k
r,r
ix,ix
hv,hv
aa,aa
ux,ey
v,v
dcl,dcl
q,ae
pcl,dcl
z,s
sh,s
k,k
kcl,pcl
ao,axr
dcl,dcl
ah,ow
w,n
kcl,tcl
z,s
ay,aa
s,s
iy,ux
tcl,z
m,m
k,k
r,r
ey,ey
dx,dx
q,q
er,er
ow,eh
iy,iy
l,el
axr,axr
p,t
t,t
er,r
aa,aa
gcl,gcl
iy,iy
iy,iy
ey,ey
kcl,gcl
v,n
ux,ux
ix,ix
iy,ux
dx,ix
r,er
iy,ey
dx,dcl
eh,axr
l,l
n,n
eh,ey
q,k
q,q
z,z
sh,s
m,m
tcl,kcl
n,n
l,ow
ix,axr
kcl,gcl
ch,ch
s,s
r,r
sh,sh
q,q
ax,ix
ix,ix
oy,ow
n,n
ay,eh
dx,y
m,m
ix,iy
s,s
ch,s
dh,dh
eh,ih
axr,l
n,n
iy,iy
s,s
dcl,tcl
s,s
ah,ay
jh,jh
f,f
ih,ix
ux,ux
aa,aa
ow,eh
ix,ix
ih,ix
nx,n
nx,r
t,t
s,s
v,v
iy,iy
tcl,n
z,s
s,s
dcl,dcl
ix,iy
kcl,kcl
ax,ah
r,r
axr,ae
axr,axr
ax,r
t,k
aa,aa
k,k
tcl,tcl
q,q
zh,jh
ux,ux
hv,y
ih,ih
k,k
ey,ey
ax,ax
k,k
n,n
m,m
tcl,tcl
ae,ae
d,t
ih,r
aa,ao
ix,n
aa,aa
ix,r
r,r
ix,ix
kcl,g
w,w
iy,ey
ix,ix
kcl,gcl
w,l
dx,v
ao,ao
ay,ay
pcl,tcl
ao,ao
ah,ao
ay,ah
s,s
ng,n
r,aa
dcl,dcl
w,w
ow,ix
ng,ng
dh,dh
dh,k
tcl,tcl
s,s
ah,aa
ih,ix
axr,er
tcl,kcl
ih,ix
iy,ih
eh,er
ix,r
dcl,tcl
s,s
kcl,kcl
m,m
r,r
dcl,bcl
l,l
z,s
p,p
dcl,dcl
z,s
r,r
d,n
tcl,tcl
n,n
ao,aa
z,s
dx,v
n,n
w,l
ow,r
n,n
r,r
iy,iy
w,w
iy,iy
gcl,gcl
k,jh
n,n
k,k
ao,ao
f,tcl
kcl,kcl
dcl,tcl
eh,eh
l,ax
eh,ix
eh,ae
ae,ae
tcl,tcl
g,k
m,r
w,l
iy,iy
d,dx
f,f
aa,aa
f,th
th,th
l,l
tcl,tcl
tcl,tcl
iy,ey
eh,r
p,s
ix,y
ix,ay
dcl,dcl
ey,ey
w,g
aa,ao
eh,ix
z,z
ax,ax
r,r
ao,ao
iy,ey
n,n
dcl,dcl
q,q
w,w
z,z
tcl,tcl
aa,aa
y,y
dh,dh
ax,ix
ay,ay
pcl,tcl
ae,ae
r,axr
gcl,dcl
dcl,n
tcl,tcl
q,hv
l,ah
k,k
z,z
kcl,kcl
dcl,tcl
m,r
r,r
z,z
w,w
dcl,tcl
ax,r
dcl,tcl
k,k
t,s
k,k
ix,ix
l,l
ix,ix
ix,ix
p,p
axr,axr
f,f
k,k
ix,iy
ix,ix
ux,ux
axr,er
ih,ih
t,k
ax-h,q
sh,sh
r,r
t,t
v,ax
r,r
en,ix
ah,r
r,r
ux,ux
ih,ey
q,tcl
ux,ix
n,n
iy,iy
gcl,n
aa,ay
tcl,dcl
eh,eh
l,l
n,n
pcl,tcl
g,g
l,l
pcl,tcl
nx,ix
f,k
iy,iy
aa,ao
q,q
ax,l
ax,ix
ax,ix
kcl,kcl
iy,ix
n,dx
tcl,tcl
tcl,tcl
t,s
bcl,tcl
bcl,kcl
r,l
z,s
z,z
eh,ah
ch,ch
gcl,kcl
k,k
r,axr
iy,iy
uh,ix
ix,ax
aa,aa
r,r
axr,er
iy,iy
t,t
sh,sh
z,z
dcl,dcl
z,s
r,axr
hv,eh
t,t
z,s
kcl,tcl
kcl,tcl
pcl,dcl
ow,ow
kcl,kcl
em,m
ux,er
sh,s
ix,ix
z,s
iy,iy
ih,iy
f,f
zh,s
s,s
d,t
ao,l
p,k
z,s
ae,ey
dx,g
ix,ix
s,s
eh,ih
k,p
oy,ao
bcl,bcl
eh,ih
g,g
r,r
uh,ah
kcl,tcl
k,k
t,dh
n,n
hh,f
ae,er
s,z
ae,ae
sh,t
v,v
uh,l
ix,iy
hh,k
iy,iy
ax,l
hh,k
eh,ix
k,k
n,n
iy,ix
aa,ae
er,er
q,q
l,l
hh,tcl
t,s
eh,ay
uh,uw
n,n
ih,ix
el,ow
ax,ow
iy,iy
ih,axr
l,l
ae,axr
ah,l
ix,ix
eh,ey
sh,s
bcl,kcl
ix,iy
axr,axr
z,s
n,n
z,s
k,tcl
ix,ix
l,l
f,kcl
ax,ax
nx,n
s,s
s,s
n,m
dx,r
l,l
kcl,tcl
v,f
d,d
er,er
tcl,tcl
dcl,dcl
m,m
ih,ey
tcl,tcl
ix,ix
f,sh
dh,v
uw,axr
r,r
kcl,kcl
t,k
ax,v
tcl,tcl
axr,axr
ax,ax
aa,ay
w,ao
ix,ix
eh,r
r,r
r,r
v,v
v,k
jh,sh
eh,r
v,v
tcl,tcl
uh,l
axr,axr
pcl,pcl
dcl,gcl
eh,ay
d,k
ao,er
sh,sh
ay,ay
zh,z
l,ay
ey,iy
l,w
l,l
l,l
gcl,dcl
n,dh
el,q
m,v
eh,ah
t,t
ax,ix
ae,ae
t,t
w,w
tcl,tcl
s,s
n,n
v,tcl
ow,el
pcl,tcl
y,dx
hh,t
iy,iy
n,n
ow,eh
ow,ao
ih,iy
m,n
tcl,tcl
f,th
r,er
ax,ix
ih,ey
dh,tcl
en,en
ih,ix
r,r
v,v
r,axr
s,s
w,v
er,axr
t,t
kcl,kcl
ih,ih
dx,dh
ao,ay
uw,uw
ix,ux
g,k
b,q
ah,ae
ix,ao
gcl,dcl
ih,ix
ix,ix
s,s
uw,m
dcl,dcl
uw,m
aw,aw
g,k
aa,ao
tcl,q
ix,ix
ux,ux
n,n
iy,iy
r,r
m,r
ux,ux
iy,ix
pcl,tcl
eh,aa
dcl,tcl
eh,eh
f,dh
f,f
r,r
l,n
n,n
k,k
s,s
eh,ey
r,r
dcl,tcl
s,s
t,jh
dcl,dcl
s,s
aa,aa
q,q
uh,ao
tcl,tcl
eh,ix
iy,y
hh,t
ae,ae
f,f
sh,sh
ax,l
w,l
g,g
y,y
jh,s
hv,hv
t,dh
ey,ey
eh,ih
tcl,g
bcl,dcl
z,s
axr,er
ay,ae
axr,ao
k,k
tcl,kcl
hv,l
l,m
t,q
w,w
z,n
ix,ix
aa,ae
tcl,dx
n,iy
ay,ey
iy,n
ae,ae
s,z
m,n
er,r
gcl,gcl
l,l
m,n
n,n
axr,axr
s,s
l,ax
r,r
s,s
l,l
ih,r
p,k
ao,ay
uh,ah
dh,dh
er,axr
th,th
m,n
z,s
l,l
aa,ae
bcl,bcl
dcl,tcl
ao,w
ng,n
pcl,tcl
f,f
l,l
uh,el
uh,ih
eh,ae
aw,oy
s,s
kcl,tcl
sh,sh
uw,ux
sh,sh
bcl,dcl
g,g
ow,aw
aa,aa
hh,ix
ih,eh
d,g
n,n
d,tcl
ih,eh
eh,ix
w,w
l,l
iy,iy
n,n
p,k
oy,oy
tcl,kcl
ix,axr
axr,r
dx,dx
s,z
eh,axr
dcl,n
ix,ix
ow,ow
s,s
f,f
axr,axr
er,er
s,s
ix,n
tcl,tcl
k,k
n,n
ae,ae
m,n
n,n
dcl,dcl
t,k
z,z
ao,ao
ah,ao
r,r
axr,axr
n,n
iy,iy
k,k
ae,ae
l,l
eh,ix
k,k
iy,iy
ao,ao
n,n
t,t
n,n
r,r
ay,ay
y,y
pcl,dcl
iy,iy
ah,aa
z,s
s,s
ng,n
w,n
l,l
eh,eh
t,z
ao,ao
dh,tcl
m,dcl
q,ix
t,s
n,n
k,k
s,s
g,k
v,w
v,v
iy,ey
ah,ax
ih,ux
uw,ux
jh,ch
w,axr
ih,ih
k,k
r,r
m,m
n,n
aa,ah
aa,aa
axr,r
r,r
tcl,tcl
s,s
z,dh
ax,l
dh,n
r,r
jh,jh
ae,ay
tcl,tcl
ix,ix
ih,ih
s,s
ey,iy
v,v
ix,ix
k,k
s,s
sh,s
er,er
tcl,gcl
pcl,tcl
v,dx
axr,ih
s,s
ix,axr
ix,ih
eh,eh
pcl,tcl
hh,hh
f,f
aa,aa
r,r
q,q
r,r
r,r
pcl,kcl
kcl,tcl
p,t
w,l
z,z
kcl,kcl
k,k
ae,ae
eh,ae
en,m
axr,r
ch,sh
dcl,dcl
aa,aa
dcl,dcl
kcl,kcl
ay,aa
axr,ix
ah,r
dcl,tcl
m,n
er,er
ix,ix
s,s
tcl,tcl
d,t
hh,hh
tcl,tcl
ix,ix
y,y
oy,oy
ix,ix
dh,dh
axr,r
ae,ae
r,r
r,r
pcl,pcl
hv,hv
ao,ao
ao,aa
axr,ao
pcl,tcl
k,dx
kcl,tcl
ae,ay
sh,sh
s,s
aa,ao
ux,ux
l,ax
eh,ix
dcl,dcl
aa,aa
aa,aa
m,r
t,t
ix,ix
bcl,dcl
ax,ax
hh,t
n,m
ih,eh
sh,sh
ah,ix
eh,ae
p,tcl
eh,ao
s,s
dcl,dcl
ax,ax
tcl,tcl
r,r
hh,k
pcl,tcl
ay,ay
m,n
ax,n
kcl,tcl
gcl,tcl
iy,iy
eh,er
iy,ey
n,n
b,dx
ih,ix
tcl,kcl
n,bcl
w,l
axr,r
ae,ae
ax,l
ow,axr
w,w
sh,s
iy,iy
eh,n
v,v
t,k
ow,ow
t,kcl
ae,ae
l,l
tcl,kcl
z,z
p,g
k,k
d,t
s,s
kcl,tcl
ao,ao
s,s
iy,iy
s,s
ax,ih
iy,iy
ow,ow
er,r
iy,ow
p,g
sh,sh
gcl,n
uw,ow
k,k
k,k
z,s
eh,eh
r,r
iy,iy
l,l
gcl,tcl
s,s
f,f
dx,dcl
zh,s
n,nx
ow,ow
ix,ix
z,z
aa,ao
ao,ao
ux,r
z,z
b,q
y,ix
tcl,k
ao,ao
bcl,bcl
m,m
q,q
ih,ih
ae,ae
s,s
gcl,tcl
er,er
iy,iy
sh,sh
t,t
gcl,gcl
iy,iy
ix,ix
s,z
r,r
ax-h,en
q,r
iy,iy
ae,ae
ix,ix
r,r
r,r
k,k
t,t
r,ix
ae,ae
ix,iy
oy,oy
r,axr
axr,r
dcl,dcl
iy,iy
n,n
f,f
ix,ix
tcl,tcl
ae,ae
ih,ih
f,f
aa,aa
ix,ix
ix,ix
ow,ae
ay,ay
ao,ao
s,s
ix,r
ao,ao
eh,eh
bcl,dcl
er,axr
f,k
sh,sh
m,n
n,n
ae,ae
eh,axr
ix,iy
ih,ey
dh,dh
ah,ae
s,s
k,k
bcl,tcl
ih,ix
t,t
f,th
m,m
ae,ae
ah,ow
r,er
ae,ae
ax,ix
kcl,tcl
ow,ae
kcl,tcl
t,jh
ax,ax
s,s
dcl,dcl
ae,ae
ch,sh
aa,oy
dx,dx
bcl,dcl
dcl,dcl
axr,r
bcl,ix
ao,ao
z,z
iy,iy
ax,ax
ey,ey
aa,ao
s,s
ax,ax
ih,ih
ae,ae
v,v
ow,ow
en,ix
dh,t
ax,ax
l,l
l,n
m,n
jh,jh
sh,sh
jh,g
k,g
s,s
ah,aa
sh,sh
tcl,kcl
eh,ah
ng,n
ah,ow
r,dx
q,q
ch,t
en,n
r,r
kcl,kcl
dcl,dx
r,r
ah,ah
k,k
dh,t
ux,ux
ix,en
tcl,v
tcl,tcl
ih,ix
aa,aa
ah,r
v,v
iy,ix
bcl,dcl
uh,eh
dx,r
kcl,tcl
er,er
ow,ow
axr,axr
m,n
z,s
ah,ae
axr,er
iy,iy
s,s
s,s
kcl,kcl
ix,y
l,ao
axr,eh
ih,axr
ax,ix
nx,n
z,z
r,r
hv,hv
axr,r
sh,sh
ow,er
w,w
iy,ix
bcl,bcl
ah,ah
ey,ey
iy,iy
ey,ey
w,w
w,w
t,t
n,n
er,er
eh,eh
ix,dh
f,s
ey,ey
z,z
iy,iy
n,n
zh,jh
uw,l
ix,ih
er,er
jh,jh
q,q
ah,ix
q,q
f,z
q,q
ih,ey
s,s
iy,iy
dcl,dcl
l,l
axr,er
ay,aa
er,er
iy,ix
iy,ix
r,r
kcl,kcl
l,l
ae,ae
ix,iy
iy,y
kcl,kcl
ih,ih
ix,ix
ix,ix
l,l
r,r
ae,eh
kcl,kcl
n,n
s,s
sh,s
eh,eh
eh,l
t,t
axr,axr
s,s
ih,ey
jh,jh
hv,n
eh,aa
zh,z
w,w
dcl,dcl
tcl,tcl
t,d
s,s
ix,ey
s,s
k,k
s,s
s,s
ax,ax
ix,ix
t,t
ih,ow
r,axr
f,f
aw,aw
ao,ao
aa,aa
gcl,ix
n,ix
k,k
r,r
kcl,kcl
pcl,tcl
tcl,tcl
ch,s
dx,dx
ix,ix
ix,ix
aa,aa
eh,axr
axr,r
m,m
z,z
tcl,tcl
ih,ey
m,m
s,s
ae,ae
aa,ae
g,g
axr,axr
ux,ih
ao,ay
eh,ix
bcl,bcl
kcl,kcl
y,y
el,l
s,s
w,l
iy,iy
ix,axr
uh,ix
z,z
n,n
s,s
m,n
tcl,tcl
t,t
k,k
er,er
l,l
ax,ix
bcl,gcl
q,q
axr,ux
m,m
dcl,ix
w,w
ih,ih
kcl,kcl
ax,q
ix,ix
ae,ae
p,f
ax,ah
q,q
k,kcl
n,n
dcl,dcl
f,s
v,v
n,gcl
ae,ae
axr,r
z,s
t,t
ah,ow
aw,ao
ey,eh
dx,n
uh,ae
s,s
ix,iy
s,s
tcl,tcl
n,n
ae,ae
dcl,z
pcl,tcl
m,n
gcl,dcl
kcl,kcl
q,q
eh,ae
r,r
aa,ae
oy,oy
q,ix
iy,iy
b,r
ao,ao
ix,ix
ey,ey
er,axr
ux,iy
ow,ao
ix,ix
iy,iy
ey,ix
iy,iy
ow,ao
ay,ay
r,r
m,n
g,g
ix,ih
ow,l
g,g
t,k
ix,ix
ax,ax
k,f
n,n
r,r
l,l
ah,ah
k,k
s,s
r,er
ax,axr
iy,iy
g,g
kcl,kcl
kcl,tcl
k,t
ix,ix
ao,w
ao,aa
n,n
aa,ah
m,m
kcl,tcl
ix,ih
iy,iy
ix,ix
dx,dx
s,s
iy,iy
s,s
dcl,dcl
k,g
y,y
ae,ae
w,l
z,s
ax,r
aa,ae
dcl,gcl
r,er
l,l
s,s
kcl,kcl
s,s
ae,ey
ux,y
tcl,tcl
ix,r
er,er
dh,k
zh,z
iy,iy
q,k
s,s
r,r
ah,ax
s,s
ay,ay
n,dcl
n,m
gcl,tcl
eh,eh
ax,uh
k,g
l,l
ay,ay
f,f
dcl,dcl
ax,ax
r,r
m,n
f,f
r,r
axr,axr
oy,aa
iy,iy
w,l
ng,n
ax,l
ao,ao
r,r
iy,iy
zh,sh
oy,oy
kcl,tcl
dx,dx
n,n
pcl,tcl
dcl,gcl
s,s
l,r
n,n
z,s
eh,ay
z,z
ah,ae
iy,iy
l,ix
aa,ae
gcl,gcl
oy,ao
z,s
kcl,kcl
w,w
ih,ey
ae,ay
dh,dh
ih,ih
ah,ah
n,dx
ow,ow
bcl,dcl
t,t
hh,t
tcl,tcl
ax,l
pcl,tcl
q,q
aa,r
n,n
iy,r
s,s
bcl,pcl
ax,ax
er,er
k,k
axr,axr
dcl,dcl
iy,iy
kcl,kcl
r,r
r,axr
r,r
dcl,tcl
ay,ae
l,l
aa,ao
s,s
eh,ix
dcl,dcl
k,k
t,jh
l,l
r,r
iy,iy
z,z
dh,dh
s,s
ih,ey
oy,ay
s,s
w,l
ih,q
q,q
kcl,kcl
f,k
s,s
k,k
ax,l
l,l
iy,iy
ae,ae
f,f
aw,ae
w,ao
z,s
t,t
r,ao
ix,ix
iy,iy
v,n
iy,y
iy,iy
ax,eh
aa,ao
ix,axr
ax,q
ae,ae
r,axr
axr,ix
eh,ae
ae,ae
n,m
p,k
dcl,v
ih,k
ae,eh
f,f
k,k
s,s
dcl,tcl
eh,eh
iy,ey
kcl,kcl
gcl,bcl
l,n
l,ax
tcl,n
ix,ix
ah,oy
aa,aa
ax-h,z
ih,ix
r,ix
s,s
kcl,tcl
gcl,m
kcl,tcl
n,gcl
eh,ae
iy,iy
axr,er
kcl,dcl
eh,l
iy,y
tcl,kcl
ix,ey
l,l
r,r
m,m
dcl,tcl
dcl,v
k,k
gcl,dcl
axr,r
z,s
l,l
ao,ow
axr,ao
axr,r
s,t
eh,axr
ng,n
iy,iy
ix,ix
z,z
iy,iy
d,k
p,k
ix,iy
r,r
ux,ux
r,r
ao,aa
ix,ix
axr,axr
z,z
ax,ax
z,s
iy,axr
ix,iy
s,s
m,ng
l,l
l,l
k,k
er,er
ih,iy
l,l
f,s
iy,ey
q,q
iy,ix
dx,dx
p,k
er,eh
tcl,tcl
n,n
s,s
iy,iy
ng,n
l,ax
s,s
s,s
iy,iy
l,l
kcl,kcl
z,z
ey,ey
kcl,dcl
ux,iy
l,l
r,r
k,t
ah,ah
f,f
r,ix
dh,n
ax,r
hh,k
d,k
eh,ix
z,s
iy,ux
tcl,tcl
uw,er
iy,iy
r,r
em,n
aa,aa
ay,ay
eh,ix
z,z
z,z
bcl,dcl
ay,ay
aa,aa
ay,ay
z,z
jh,jh
hv,ix
z,z
k,v
er,ux
aa,ay
ih,ih
ix,ix
jh,z
t,k
f,f
ow,ih
ih,ih
dh,tcl
dcl,n
ux,ux
m,n
ao,aa
sh,s
m,n
dh,dcl
aa,ao
f,f
k,k
dcl,dcl
ax,l
dcl,dcl
z,s
ah,ix
ix,ix
dx,dcl
eh,eh
iy,iy
nx,n
t,k
ae,eh
axr,dx
f,f
n,n
q,l
y,iy
ax,n
l,l
hv,iy
pcl,tcl
ao,aa
n,n
s,s
ae,ae
hh,hv
pcl,tcl
r,r
sh,s
w,w
z,z
y,y
eh,eh
q,g
t,t
k,k
eh,ix
g,k
iy,iy
z,jh
ng,n
l,axr
m,m
k,k
dcl,dcl
axr,er
jh,jh
pcl,v
f,f
gcl,dcl
bcl,pcl
ey,ay
ix,ix
m,m
sh,s
pcl,pcl
m,m
eh,ae
ix,ae
l,l
w,l
t,t
dx,y
y,y
n,n
w,q
eh,eh
ey,ey
n,n
ay,ay
s,s
w,l
ih,iy
q,kcl
ih,n
ch,sh
eh,ae
gcl,gcl
sh,sh
s,s
er,r
dx,dx
ey,ey
r,r
zh,sh
v,v
aw,aa
ow,l
ae,ae
ih,ix
y,y
ow,ae
ow,ow
tcl,kcl
kcl,tcl
ow,ow
s,s
y,y
axr,ux
tcl,kcl
k,k
ah,ah
ih,ih
ae,ae
eh,ix
tcl,tcl
tcl,tcl
ix,ix
oy,oy
ow,eh
w,w
axr,er
iy,iy
jh,jh
ow,aa
axr,axr
th,f
l,l
l,ah
eh,ae
tcl,tcl
k,t
er,er
y,n
m,m
r,r
s,s
kcl,tcl
eh,ey
tcl,dcl
tcl,kcl
g,g
s,s
gcl,dcl
ay,ix
bcl,bcl
t,tcl
s,s
er,axr
oy,ay
ah,ah
dcl,n
iy,iy
eh,eh
dcl,gcl
v,v
r,r
ix,ix
kcl,kcl
s,s
kcl,kcl
ch,sh
iy,iy
aa,ay
pcl,n
n,n
l,l
m,n
iy,ow
d,dh
aa,ao
ay,ix
gcl,tcl
uh,ih
d,k
g,g
ng,n
n,n
n,n
eh,ae
pcl,tcl
dcl,dcl
ix,ix
m,m
m,r
pcl,tcl
ey,ey
ih,ih
axr,ix
jh,jh
ix,ix
jh,jh
d,q
sh,sh
hh,w
ng,n
iy,iy
en,n
ax,eh
w,l
tcl,tcl
k,k
z,z
ih,iy
ae,ey
q,q
q,q
z,z
l,l
hv,hh
z,s
ix,dh
ih,ey
kcl,tcl
ao,ao
iy,iy
ix,ix
q,q
f,f
ow,ow
ay,ae
el,el
s,s
m,n
q,q
dcl,dcl
n,n
aa,aa
kcl,kcl
z,s
iy,iy
ix,ix
m,m
w,w
r,axr
l,l
dh,dh
m,n
n,n
z,z
w,l
g,dx
m,n
w,l
pcl,pcl
iy,ix
tcl,tcl
n,n
eh,eh
kcl,kcl
ng,n
ix,ix
ix,ey
l,l
g,k
er,er
v,f
dh,k
tcl,tcl
gcl,dcl
el,l
aa,r
dcl,dcl
ix,ix
ih,ih
s,s
ah,er
g,g
m,n
axr,axr
s,s
ow,oy
d,k
kcl,gcl
dcl,tcl
ix,ix
zh,jh
ae,ae
ax,ax
ng,n
y,iy
r,r
aa,ae
er,er
eh,ae
m,dcl
r,r
ix,ix
dcl,dcl
k,k
eh,r
ix,ix
aa,ao
ih,iy
v,n
f,f
l,l
ey,ey
k,k
ix,ix
er,r
el,el
s,s
tcl,tcl
eh,ae
ey,ey
m,m
p,k
eh,eh
er,axr
pcl,tcl
s,jh
k,k
ao,ao
n,ix
ih,ix
ix,en
m,m
t,t
n,n
sh,s
kcl,kcl
kcl,tcl
ih,iy
ao,ao
w,ao
l,l
bcl,tcl
ey,ey
tcl,gcl
ao,ao
s,s
aa,ao
ng,r
s,s
z,s
n,n
iy,iy
ay,ay
ay,ay
ae,ae
kcl,tcl
t,t
kcl,kcl
dx,dx
iy,iy
tcl,kcl
ih,ix
aa,ay
q,q
s,s
s,s
ix,n
ix,ix
z,s
ih,eh
n,n
aa,eh
kcl,tcl
ix,ix
f,f
z,z
tcl,tcl
l,ao
ix,ih
ae,ow
ay,ay
w,l
s,s
t,k
ih,ey
y,iy
hh,hh
q,k
n,n
kcl,kcl
oy,oy
s,s
en,en
n,n
tcl,tcl
ax,ow
s,s
el,l
sh,sh
ix,n
iy,axr
w,w
ux,ux
dcl,dcl
l,l
iy,iy
iy,ix
gcl,bcl
tcl,tcl
eh,oy
s,s
iy,iy
s,s
ey,ey
z,s
ax,ax
ix,eh
ae,ae
sh,sh
th,th
tcl,tcl
y,ix
ih,iy
n,dcl
pcl,tcl
y,y
r,r
hv,v
p,p
hv,hv
v,f
dh,n
p,k
dcl,dcl
f,f
ae,ae
k,k
r,axr
pcl,tcl
s,s
ix,ix
aa,ao
el,w
q,q
kcl,kcl
iy,n
pcl,dh
ax,ax
ah,ay
pcl,tcl
aw,ae
l,l
axr,ax
v,iy
v,v
n,n
ax,n
pcl,tcl
sh,sh
eh,eh
y,iy
tcl,tcl
f,f
n,n
ae,ay
tcl,kcl
ih,aw
ae,ae
w,ao
axr,axr
er,er
y,iy
jh,jh
n,m
dh,t
iy,iy
y,y
ih,ih
ay,ay
gcl,n
v,v
f,sh
t,t
r,axr
ix,ix
er,er
ao,aa
w,w
ow,aw
r,r
kcl,tcl
iy,iy
l,l
sh,sh
s,s
dcl,tcl
iy,iy
ae,ae
iy,ey
n,n
eh,aa
pcl,tcl
l,oy
l,l
r,r
oy,oy
ux,iy
bcl,v
m,m
d,k
ao,aa
n,dcl
ao,ao
tcl,tcl
k,k
ix,ix
m,dcl
ow,eh
iy,iy
ow,ow
jh,d
ix,ih
n,n
er,r
p,k
z,z
f,f
dh,tcl
ae,ae
ch,jh
k,k
ih,ix
th,dh
ix,ix
n,n
kcl,tcl
dh,l
kcl,tcl
ow,ow
t,t
p,p
d,t
s,s
w,r
w,w
dh,dh
m,m
k,k
ix,ix
ax,ah
r,r
l,l
ix,ix
sh,sh
ih,ix
g,g
iy,y
s,s
sh,sh
t,t
z,z
iy,iy
hh,t
b,tcl
em,n
ao,w
f,k
ix,ix
n,n
ux,ix
q,q
r,r
ah,ay
k,k
r,er
jh,k
tcl,tcl
dcl,dcl
iy,iy
ux,ux
m,m
ae,ae
ix,ix
q,ix
k,k
ix,ix
m,em
s,s
q,q
kcl,tcl
iy,iy
ow,l
q,q
ay,ay
oy,aa
dh,dh
em,q
kcl,kcl
ng,n
gcl,bcl
s,s
ix,q
f,f
ah,eh
s,s
m,m
p,k
l,l
f,f
s,s
r,er
gcl,kcl
n,n
s,s
p,k
w,w
axr,r
z,z
t,s
kcl,kcl
z,z
er,er
m,m
q,k
l,l
iy,ih
kcl,tcl
p,k
axr,axr
ax,l
axr,axr
ix,iy
ix,iy
q,q
kcl,kcl
eh,ah
tcl,kcl
t,t
ix,r
z,z
pcl,tcl
ih,ux
n,n
bcl,pcl
ih,ix
jh,z
tcl,tcl
er,er
ae,eh
y,y
ah,el
t,t
s,z
ih,ix
aa,r
v,v
ey,ix
bcl,dcl
ao,ao
tcl,z
r,r
er,er
ux,ux
tcl,tcl
jh,jh
ae,ae
dh,th
ey,ay
bcl,tcl
ax,q
l,l
ao,ao
dx,dx
n,m
n,bcl
dx,dx
w,r
ix,iy
ix,ih
aa,aa
ix,ix
aw,aa
s,s
k,k
ah,aa
ay,aw
iy,ux
nx,g
iy,ux
ix,iy
s,s
z,s
r,r
kcl,tcl
oy,ow
l,ao
l,l
tcl,dcl
tcl,kcl
ax,ax
n,n
ah,ax
w,l
dx,dx
ax,l
l,l
el,el
ao,ao
k,g
y,iy
iy,iy
hv,n
hv,hh
dcl,dcl
sh,s
ux,l
ae,ih
r,r
n,m
n,n
m,n
r,r
aa,aa
dcl,tcl
ay,aa
n,n
q,q
q,q
r,r
iy,r
d,d
er,axr
axr,r
k,k
tcl,kcl
ih,ih
ih,iy
ae,ae
axr,ax
ih,ih
q,aa
aa,aa
ix,en
q,q
kcl,tcl
n,hv
q,q
dh,dh
er,er
gcl,gcl
uh,ax
gcl,dx
tcl,tcl
r,axr
q,q
q,q
z,z
dx,l
iy,iy
axr,er
bcl,dcl
axr,r
s,s
iy,ix
ax,l
dx,kcl
ix,ix
t,dh
k,g
ae,ae
bcl,kcl
kcl,tcl
ix,ix
oy,ay
iy,iy
ao,ao
iy,q
er,r
ix,ix
b,tcl
f,f
n,n
nx,n
eh,ae
v,v
iy,iy
y,y
en,ax
gcl,dcl
kcl,kcl
z,z
ix,q
z,z
iy,ey
ux,iy
r,axr
dcl,k
eh,aa
tcl,tcl
ao,q
tcl,tcl
z,z
kcl,tcl
ax,ax
dh,n
kcl,tcl
t,q
ax,ax
n,n
dh,t
ah,ae
ao,ao
sh,sh
ao,ao
ih,ih
g,k
ow,l
nx,n
axr,er
r,r
r,r
f,f
n,n
dcl,dcl
kcl,kcl
er,er
dcl,dcl
l,l
k,g
ax,ax
tcl,kcl
dh,dh
l,l
ae,ae
ow,ah
el,l
q,q
bcl,bcl
r,r
jh,t
dcl,kcl
en,n
pcl,kcl
ax,en
th,t
axr,axr
eh,ae
n,n
t,sh
kcl,kcl
k,k
n,n
uw,ow
y,y
bcl,tcl
ih,ey
k,k
ih,ax
r,r
t,t
hh,tcl
t,sh
ax,l
ow,l
dcl,dcl
ax,ax
z,z
z,z
en,n
ao,ao
p,p
n,n
s,s
s,s
tcl,tcl
f,f
f,t
ix,n
ay,ay
q,q
p,p
z,s
ow,ow
bcl,tcl
ey,ey
f,f
hv,k
pcl,pcl
ix,n
ay,ay
tcl,tcl
w,w
axr,ix
tcl,tcl
axr,axr
pcl,pcl
aa,aa
d,t
dcl,dcl
ow,ow
iy,y
q,q
axr,axr
ah,aa
ay,ay
sh,jh
gcl,tcl
w,l
ao,ao
k,k
ey,ey
f,f
ix,ix
sh,sh
m,n
m,dh
iy,iy
t,hh
ih,q
ax,l
ax,ax
q,q
aa,aa
ae,aa
th,th
ax,ah
w,l
n,n
m,n
ax,ax
p,k
eh,eh
tcl,gcl
l,ax
pcl,tcl
m,r
ih,ow
r,r
ih,ih
sh,sh
iy,ux
m,n
pcl,tcl
ow,ow
p,k
n,ax
t,k
ow,ao
ey,ey
ix,ax
q,q
ax,l
ao,r
b,k
tcl,tcl
gcl,tcl
gcl,dcl
hh,k
uh,ey
p,tcl
axr,r
g,k
iy,iy
ax,l
aa,aa
k,k
w,w
th,s
iy,iy
t,t
er,er
l,l
hh,k
bcl,gcl
dh,ix
k,k
q,n
m,m
ix,ix
dh,dh
oy,oy
s,s
k,k
s,s
ax,ax
s,s
bcl,pcl
ix,ih
q,q
ix,ix
p,v
pcl,tcl
dcl,dcl
iy,ux
eh,ih
v,v
ax,l
p,z
ah,ae
eh,eh
eh,ae
ae,ey
ah,ah
ch,sh
n,n
iy,iy
dcl,tcl
ix,ix
z,z
axr,er
s,s
hv,hv
zh,jh
s,s
dcl,dcl
t,t
m,m
p,t
s,s
ih,er
bcl,dcl
m,m
axr,axr
gcl,bcl
eh,ih
f,f
z,z
k,k
dcl,dcl
axr,axr
v,dh
dcl,dcl
iy,iy
ax-h,kcl
gcl,n
iy,ih
ux,uw
w,w
z,s
l,l
dx,dcl
eh,eh
ow,ow
ih,ix
m,r
ih,ih
f,v
iy,n
ao,ao
n,axr
ih,ih
ux,ux
z,s
ay,ay
n,n
iy,iy
n,n
kcl,tcl
axr,r
iy,iy
er,axr
ix,ix
ax,r
gcl,axr
r,r
iy,ey
ae,ae
ax,ix
v,kcl
axr,r
ix,r
aa,aa
ay,ah
l,l
ax,r
gcl,g
pcl,tcl
q,k
kcl,kcl
eh,eh
dh,dh
er,er
m,n
ow,l
z,s
n,n
s,s
dh,v
ih,r
iy,iy
m,m
k,jh
ix,ix
pcl,tcl
r,l
ix,ax
uh,el
g,g
n,m
eh,eh
p,hv
ao,ao
iy,iy
r,r
bcl,m
kcl,tcl
axr,axr
ey,ey
n,n
ae,ae
r,r
ih,ae
n,n
gcl,gcl
n,n
aa,ao
r,r
kcl,tcl
pcl,pcl
p,d
axr,aa
s,s
ih,ix
sh,sh
sh,sh
l,l
sh,sh
n,ix
l,l
ao,ao
ax,ax
ux,ey
m,m
r,r
uw,ux
ey,ey
aa,ay
k,t
iy,iy
v,y
nx,nx
l,l
k,k
iy,iy
ae,ay
k,k
sh,sh
ae,eh
r,r
ah,ow
s,s
iy,ih
eh,ow
ix,ix
ay,ay
aa,ay
dx,dx
ah,ih
tcl,tcl
r,axr
eh,eh
p,k
s,s
uh,ux
ix,ix
s,s
dh,dh
ae,ae
aw,aa
ix,ax
l,l
s,s
ix,ix
ah,aa
t,t
ow,ow
r,r
aa,ao
tcl,tcl
ih,q
r,r
ih,ix
nx,q
t,k
tcl,tcl
tcl,tcl
ix,ey
bcl,dcl
nx,n
r,r
kcl,kcl
y,y
l,l
g,k
n,n
ih,l
eh,ae
ix,ix
pcl,tcl
pcl,tcl
s,s
ih,ih
r,r
w,l
v,r
iy,y
s,s
ch,sh
n,iy
r,r
n,n
gcl,dcl
ih,iy
ix,dx
tcl,tcl
kcl,kcl
ix,ix
q,ax
l,l
t,t
aa,aa
nx,n
l,l
g,g
z,z
ao,l
l,l
t,k
w,w
tcl,tcl
ey,ey
ey,m
m,n
f,f
er,ae
iy,iy
jh,jh
dcl,dh
r,r
l,l
ch,s
ih,ih
r,r
q,q
ax,ax
gcl,dcl
f,f
gcl,dcl
kcl,tcl
r,r
m,n
r,r
s,s
r,r
w,l
iy,ux
f,f
d,t
ae,ae
ow,ow
el,el
gcl,n
k,s
ae,ey
ax,ax
t,k
s,s
dx,dx
axr,r
r,r
ax,l
l,n
ae,ae
ix,eh
iy,ix
axr,axr
iy,iy
r,r
ix,eh
ih,ey
f,f
ao,aa
iy,ux
ao,aa
kcl,tcl
gcl,gcl
kcl,kcl
sh,s
ae,ae
ax,ix
f,f
dcl,dcl
ih,eh
ix,ax
q,q
r,r
ao,ao
el,l
m,dx
tcl,tcl
el,l
q,tcl
gcl,n
ux,ix
ow,axr
s,s
ih,ih
iy,axr
el,l
n,n
uh,ih
ao,ao
n,m
r,er
ax-h,tcl
b,p
l,eh
ax,ax
er,r
ax,ix
aa,aa
aa,aa
uh,r
s,s
ao,ao
dcl,z
ix,ix
y,iy
bcl,dcl
ow,el
pcl,kcl
l,ah
l,l
d,t
s,s
iy,n
q,q
iy,iy
y,iy
ae,ae
kcl,pcl
ay,aa
s,s
aa,ao
pcl,tcl
k,k
bcl,bcl
r,r
ix,ix
y,iy
z,s
pcl,tcl
iy,iy
s,s
ix,ay
ax,l
iy,iy
t,s
ow,eh
kcl,kcl
m,n
eh,ah
r,r
ux,iy
z,z
ax,ax
tcl,tcl
m,n
axr,ih
axr,axr
iy,ey
iy,iy
s,z
bcl,bcl
ae,aa
kcl,kcl
axr,r
t,sh
ow,ao
sh,sh
l,l
y,y
eh,ow
q,q
ax,ay
k,k
p,k
ow,ao
ay,ay
w,w
w,w
k,g
ih,iy
kcl,tcl
m,n
k,k
ix,ix
kcl,kcl
p,hh
y,iy
ax,r
k,k
k,k
iy,iy
er,er
tcl,tcl
tcl,dx
ix,iy
t,t
f,f
q,q
ih,ih
ih,ih
k,k
dx,dx
ih,ow
axr,axr
ch,sh
r,r
iy,ih
ah,ow
n,n
ay,ay
l,l
ae,ae
jh,s
l,n
b,l
sh,s
ih,ux
ix,eh
f,f
iy,iy
tcl,tcl
eh,ae
n,n
ao,ao
iy,iy
s,s
iy,iy
r,er
kcl,kcl
kcl,kcl
z,z
l,ix
ah,ah
p,p
dh,dh
y,ix
gcl,dcl
r,axr
pcl,tcl
eh,axr
r,r
axr,er
f,f
z,z
ix,ix
z,s
iy,iy
dh,k
oy,oy
r,aa
jh,sh
z,s
q,k
s,s
ow,oy
w,w
ae,aa
bcl,tcl
ux,y
n,n
axr,ix
ah,ah
tcl,tcl
eh,ah
z,s
n,ix
r,r
iy,iy
zh,z
ao,ao
hh,q
dh,v
n,q
pcl,tcl
ix,ix
kcl,kcl
bcl,dcl
l,l
hv,hv
iy,iy
w,w
r,r
axr,er
er,axr
tcl,kcl
hv,hv
s,s
tcl,tcl
eh,ey
l,l
iy,iy
s,s
tcl,tcl
aa,ay
p,k
ao,ah
v,n
n,n
l,l
l,l
eh,ah
d,d
ih,ey
er,ey
th,v
m,w
w,l
bcl,bcl
nx,n
z,z
ao,ao
ax,ix
bcl,bcl
iy,iy
w,l
axr,ix
r,r
ao,w
s,s
l,l
m,n
th,th
ix,ix
m,m
l,el
r,axr
s,s
t,t
kcl,kcl
eh,ae
l,l
m,m
iy,iy
l,l
tcl,tcl
ix,r
axr,axr
n,n
ow,eh
s,s
ih,ux
ih,r
eh,er
l,l
iy,ux
dh,v
ah,er
tcl,tcl
ah,ah
s,s
r,axr
w,w
m,n
pcl,tcl
ix,ix
k,k
ao,ao
w,w
ae,ae
ix,axr
s,s
er,axr
ix,ix
n,tcl
s,s
y,y
tcl,dcl
r,r
axr,ix
tcl,tcl
zh,s
iy,iy
axr,r
gcl,gcl
eh,eh
ax,ih
tcl,kcl
q,tcl
s,s
s,s
r,aa
n,n
m,m
k,k
dh,dh
b,k
dx,tcl
ao,ao
m,m
k,k
ay,ay
l,l
s,t
l,l
s,s
r,axr
iy,iy
b,v
r,er
ch,t
ax,l
l,l
q,q
d,k
gcl,tcl
y,y
dcl,tcl
axr,er
el,ax
ow,aa
z,s
tcl,tcl
s,s
y,y
l,n
r,q
dx,dcl
k,k
iy,iy
ah,ah
ae,ae
ah,r
ah,aa
tcl,tcl
iy,iy
ay,ae
dcl,dcl
tcl,tcl
iy,iy
ix,n
ay,ay
s,s
ae,ae
axr,r
ae,ae
eh,ih
q,q
iy,iy
s,s
eh,ey
ae,ae
ih,ih
n,n
sh,sh
s,s
ih,ih
k,g
eh,eh
iy,iy
ax,ix
dcl,tcl
t,t
ah,ey
aa,aa
ae,ae
ow,l
ax,ax
dh,dh
p,k
z,s
m,n
ng,m
t,t
ux,ix
v,dh
aa,aa
ao,ao
r,r
ao,ao
aa,ay
s,s
axr,r
pcl,dcl
w,w
axr,axr
ax-h,t
ao,aw
z,s
ih,ae
n,y
g,g
sh,s
ao,ao
n,m
eh,ih
n,n
pcl,tcl
dcl,dcl
ix,ix
ao,ao
iy,iy
s,s
ow,ow
gcl,gcl
axr,axr
w,n
kcl,kcl
n,n
aa,aa
n,n
en,n
iy,iy
aa,r
s,s
p,k
l,l
sh,s
ix,ix
l,l
l,l
ay,ay
k,k
uh,ix
tcl,tcl
s,s
ix,k
hv,iy
n,n
jh,jh
w,w
y,y
s,f
kcl,kcl
pcl,n
ah,ax
ao,ao
ix,ix
r,r
iy,iy
t,t
er,er
pcl,kcl
ey,iy
eh,r
iy,iy
ae,ae
ih,ih
axr,axr
l,l
ao,w
v,v
eh,axr
y,y
axr,r
hv,l
ix,ih
tcl,tcl
eh,eh
m,m
s,s
v,ax
s,s
r,r
q,q
kcl,tcl
z,s
dh,n
g,g
p,t
ix,ix
s,s
ix,ix
ix,ix
dcl,dcl
hh,f
ix,ix
s,s
v,v
kcl,kcl
dcl,dcl
w,w
ay,ay
k,k
dcl,dcl
z,tcl
tcl,tcl
dcl,dx
l,l
ih,iy
ax,ix
ey,ey
r,r
nx,n
eh,ih
b,p
s,s
w,l
ae,ae
ng,m
dx,dx
r,r
aa,r
l,l
r,ih
f,f
tcl,tcl
iy,iy
er,ae
ng,ax
s,s
dh,z
ax,ax
n,n
ix,ix
eh,ey
ax-h,k
ix,ix
m,m
ax,ax
l,l
ae,ae
p,k
aa,ae
eh,eh
aa,aa
dh,dh
d,d
ao,r
ih,ow
l,q
dx,dx
kcl,kcl
hh,k
ax,hv
v,n
eh,ix
kcl,kcl
aa,aa
iy,iy
ax,w
dh,dh
nx,r
ix,ay
z,s
q,l
iy,iy
kcl,tcl
dh,l
tcl,tcl
z,z
kcl,g
l,q
tcl,kcl
q,q
r,r
g,k
jh,ch
t,tcl
tcl,tcl
ah,eh
ao,ao
r,r
jh,jh
v,dcl
uh,ux
dx,dx
ch,t
bcl,bcl
pcl,tcl
m,n
p,t
k,k
kcl,tcl
en,n
s,s
ix,ih
s,s
s,s
eh,eh
ah,ah
kcl,kcl
n,n
iy,iy
g,dh
dcl,dcl
r,r
n,n
ix,l
z,s
aa,aa
dcl,dcl
v,pcl
v,v
ow,eh
ao,ao
ng,n
eh,eh
dcl,tcl
ix,ix
l,l
m,m
bcl,dcl
n,n
ih,iy
l,l
er,ih
hh,k
kcl,dx
s,s
ih,eh
tcl,tcl
k,tcl
l,m
iy,iy
dx,dx
tcl,k
em,n
k,kcl
d,k
z,dh
ax,ix
k,k
oy,oy
tcl,kcl
ax,ax
eh,eh
m,y
s,s
w,l
gcl,gcl
z,s
kcl,tcl
w,w
ix,ey
iy,iy
ow,ao
ao,ao
w,w
s,s
v,dcl
ax,q
v,v
pcl,tcl
ae,aa
iy,iy
ux,iy
s,s
kcl,kcl
uh,ih
zh,s
l,n
ey,ey
r,r
f,f
oy,aa
r,r
sh,sh
ax,ax
n,n
n,n
iy,iy
n,n
kcl,kcl
k,k
ae,ae
bcl,tcl
tcl,tcl
kcl,tcl
r,r
ow,ow
y,y
ae,ae
tcl,tcl
hv,hv
pcl,tcl
gcl,dcl
b,dx
hv,n
n,nx
eh,eh
ao,ao
ih,ih
d,tcl
t,f
kcl,kcl
sh,sh
s,s
ah,ah
p,k
s,s
n,n
n,n
dh,dh
k,k
dh,hh
ey,ey
m,n
iy,iy
ax,ax
ao,ao
pcl,tcl
m,dx
sh,s
l,l
r,r
k,g
ih,eh
n,ng
q,l
iy,iy
dcl,dcl
ix,ix
ao,ao
ey,r
ix,ix
kcl,dcl
m,n
ix,ix
k,g
dcl,dcl
q,g
ix,ix
l,l
jh,g
ix,ix
s,s
r,r
n,n
iy,iy
r,r
z,s
jh,ch
ih,eh
n,n
ix,gcl
ay,ay
pcl,dcl
ux,ix
iy,iy
s,s
uw,n
eh,ax
eh,ae
iy,ey
bcl,dcl
kcl,kcl
s,s
ix,ix
n,dcl
l,l
z,s
n,n
aa,aa
l,l
ow,l
dcl,dcl
r,axr
ey,ey
r,r
ao,ah
r,r
z,s
m,v
p,p
iy,ux
r,r
dh,dh
d,k
f,f
s,sh
ax,dx
n,n
dh,dh
pcl,pcl
w,l
p,p
tcl,tcl
k,k
r,ix
z,s
ay,v
aa,aa
en,n
q,q
ch,jh
ae,ay
g,g
q,axr
q,q
z,z
ix,ix
s,s
ih,iy
axr,axr
y,iy
l,l
n,n
kcl,k
tcl,tcl
ey,eh
iy,r
eh,aa
gcl,tcl
ux,axr
t,t
n,n
dcl,tcl
tcl,tcl
ix,ix
ih,axr
r,r
bcl,bcl
q,q
el,l
ix,ix
z,s
r,r
sh,sh
el,w
tcl,tcl
tcl,tcl
er,axr
t,t
ow,ao
k,k
iy,iy
axr,er
ix,ax
r,r
dh,dh
dh,dh
n,n
ae,ae
dcl,ax
t,t
ux,ix
ix,ix
g,g
q,tcl
iy,iy
aa,aa
z,s
f,f
s,s
hv,k
k,k
eh,axr
l,l
l,l
ih,ix
f,f
uh,ih
n,n
pcl,tcl
iy,ey
t,d
r,axr
pcl,tcl
tcl,tcl
s,s
iy,ey
ae,eh
ay,ay
m,m
ax,l
dh,dcl
r,r
k,k
pcl,pcl
f,f
l,l
kcl,tcl
ao,ao
tcl,dx
f,dh
v,v
pcl,tcl
hh,f
k,k
r,eh
z,s
iy,iy
tcl,tcl
q,q
axr,axr
kcl,tcl
t,k
eh,ih
ih,iy
sh,sh
n,n
z,z
th,k
w,w
hh,hh
iy,iy
ah,ow
eh,ih
v,v
ae,ae
t,t
s,s
iy,iy
f,f
dcl,dcl
n,n
iy,iy
ih,eh
kcl,kcl
el,el
tcl,dcl
g,g
n,n
axr,axr
ux,ux
kcl,kcl
dx,k
z,z
f,f
iy,ux
aw,aa
ey,ey
tcl,dh
s,s
bcl,dcl
m,n
hv,hv
m,n
ix,ay
z,s
m,m
uw,ow
eh,ae
iy,iy
ix,ix
k,k
iy,n
r,r
dcl,dcl
axr,axr
hh,dh
t,k
r,iy
p,k
ae,ay
ay,ay
hv,ix
ah,r
ay,ay
w,w
pcl,kcl
w,w
tcl,tcl
w,w
v,v
s,s
m,nx
hh,k
aa,ow
iy,iy
r,r
ux,ey
jh,sh
aa,ay
w,l
s,s
p,k
ah,eh
ah,ax
tcl,tcl
el,el
m,n
n,n
dcl,dcl
aw,aw
er,er
z,s
pcl,dcl
iy,ix
y,n
y,y
q,q
d,t
tcl,tcl
ch,k
n,n
g,k
r,r
k,k
t,k
q,axr
n,ix
er,er
tcl,tcl
m,m
ey,ey
aa,aa
m,n
y,iy
z,s
pcl,tcl
dcl,dcl
ch,s
ih,ax
p,k
eh,ow
r,r
m,m
ax,ix
f,f
l,l
ih,ax
k,kcl
axr,er
ey,ey
iy,r
ih,iy
ey,ey
iy,ix
jh,jh
k,k
gcl,dcl
n,n
ih,ih
pcl,tcl
ux,eh
ah,r
eh,ah
f,f
el,ax
er,er
f,f
iy,ih
nx,l
z,z
ix,ux
ao,ao
ih,ix
n,n
axr,er
kcl,tcl
bcl,bcl
r,r
ax,ax
q,q
ix,ix
ix,n
eh,eh
l,l
ix,ix
kcl,dcl
axr,axr
p,k
pcl,q
ae,ae
q,k
q,q
dcl,tcl
ax,ax
dcl,dcl
ao,ao
ix,ix
ih,iy
ix,ix
eh,ae
iy,iy
ix,axr
tcl,q
ey,ay
dcl,tcl
gcl,bcl
n,n
ax,l
kcl,tcl
uh,r
eh,ae
dcl,gcl
ih,ux
dx,dx
m,m
m,m
kcl,tcl
aw,ae
t,t
l,l
iy,iy
ax,eh
er,er
ax,ax
n,ix
p,p
ae,ae
m,m
th,f
g,d
d,d
ah,ah
pcl,tcl
t,k
hh,hh
iy,iy
bcl,tcl
l,n
n,ix
s,s
p,p
w,w
n,n
s,s
tcl,tcl
pcl,pcl
ah,aa
m,n
r,r
k,k
t,t
uh,eh
axr,r
r,r
dh,dh
tcl,tcl
gcl,dcl
ix,n
en,m
aa,ao
tcl,gcl
ey,ey
l,l
gcl,dx
dcl,tcl
ix,ix
ao,ao
m,m
ey,ey
iy,iy
dcl,dx
r,r
v,r
ix,ih
w,l
f,f
ix,ix
axr,er
n,m
ae,eh
k,k
ih,ih
p,k
ix,dh
l,l
iy,ey
k,tcl
tcl,tcl
t,jh
l,el
axr,axr
ae,ae
m,m
iy,iy
w,w
ae,aa
v,dh
f,s
ix,ix
axr,ix
pcl,v
ow,ow
ay,ae
t,k
m,n
s,s
tcl,tcl
t,t
p,tcl
ae,ih
iy,axr
ih,eh
ey,ix
ch,ch
ix,ix
ux,ey
t,k
n,m
kcl,kcl
t,t
r,r
l,l
ix,ix
r,r
r,r
ao,ao
ng,n
dcl,tcl
axr,l
ow,l
ix,ix
dh,v
eh,er
dh,n
p,k
hh,p
tcl,tcl
axr,er
ow,ow
n,m
r,r
ow,ow
iy,ix
bcl,bcl
l,l
g,k
kcl,kcl
iy,ih
tcl,tcl
w,w
pcl,tcl
dcl,tcl
eh,ix
tcl,tcl
r,r
eh,ae
ih,ey
bcl,tcl
s,s
y,iy
z,s
dh,ix
ux,ux
ay,ay
r,r
r,r
gcl,r
bcl,m
aa,l
ax,ah
s,s
r,r
v,ix
ax,l
er,er
iy,ux
dcl,gcl
l,ao
axr,r
bcl,bcl
z,s
y,y
g,d
ah,eh
iy,iy
s,s
z,s
kcl,tcl
iy,ey
tcl,tcl
t,t
q,ix
l,l
iy,iy
sh,sh
f,k
n,ix
el,ow
l,l
iy,iy
dcl,tcl
hv,hv
f,f
v,v
ih,ix
m,m
m,n
w,r
kcl,kcl
z,s
ao,r
ih,ix
pcl,bcl
w,ao
r,r
iy,iy
th,tcl
sh,s
bcl,tcl
ay,aa
dcl,tcl
kcl,tcl
dcl,dcl
n,n
eh,ey
s,s
ay,ae
iy,iy
nx,ix
tcl,tcl
uw,el
ae,ae
dcl,dcl
dcl,tcl
ix,ix
aa,ao
p,dh
n,n
f,s
ax,ax
bcl,bcl
pcl,tcl
iy,iy
ix,ix
ao,ao
ey,eh
p,dh
ey,ey
l,n
ax,l
dcl,dcl
z,s
v,f
axr,r
d,k
tcl,tcl
ae,ae
kcl,dcl
ow,ow
r,r
iy,iy
tcl,dcl
iy,iy
n,n
bcl,n
pcl,bcl
w,w
dcl,dcl
k,k
gcl,gcl
eh,eh
ax,ax
ax,ix
iy,iy
axr,axr
g,t
n,dcl
iy,iy
t,s
ao,ao
ey,ih
m,n
l,l
oy,oy
dcl,n
ax,ix
t,k
l,l
dh,dh
ix,eh
s,s
iy,iy
iy,y
zh,sh
ey,ey
iy,iy
ix,r
s,s
ey,ey
ux,er
ow,ay
th,th
sh,sh
y,y
ae,eh
ux,uw
y,q
dh,l
bcl,pcl
sh,sh
l,dh
n,n
t,t
y,y
dx,n
ae,ae
ah,ow
l,l
iy,ix
k,g
l,l
th,tcl
ng,n
ix,g
uw,el
nx,n
tcl,tcl
axr,er
ow,ey
ih,ix
bcl,v
eh,eh
ay,ay
z,z
eh,r
k,k
p,k
r,axr
l,l
kcl,kcl
ah,l
axr,r
q,q
eh,er
ih,ih
iy,ux
ay,ay
ae,ae
w,uh
s,s
iy,iy
nx,n
s,s
sh,s
ax,r
ah,ah
kcl,kcl
sh,t
t,s
dh,hh
s,s
ih,ih
n,n
ax,ax
axr,axr
k,k
nx,n
y,ix
aa,aa
el,ow
ah,ao
ae,ae
ay,ay
sh,s
sh,sh
eh,eh
q,q
ao,oy
bcl,tcl
s,s
aw,er
l,l
ae,ae
aa,ao
l,ao
f,th
jh,jh
ih,iy
iy,ux
axr,axr
n,n
dcl,dcl
l,l
ax-h,g
z,z
z,s
ix,ix
tcl,kcl
s,s
pcl,tcl
m,n
ix,ix
axr,r
ax,ax
dcl,tcl
ao,aa
iy,iy
tcl,tcl
l,l
aa,ae
ax,ax
ao,ao
dh,dh
s,s
sh,sh
ow,l
z,z
n,v
eh,r
dcl,tcl
hh,f
ay,ay
s,s
r,r
ix,ix
eh,eh
iy,iy
iy,iy
en,n
z,z
n,n
y,y
el,el
tcl,dcl
uw,ao
ay,eh
ih,ey
th,s
z,s
f,f
n,n
ux,ix
n,n
f,t
kcl,kcl
ae,ae
tcl,kcl
g,g
sh,s
iy,y
kcl,kcl
s,s
n,n
th,s
ao,ao
kcl,kcl
w,w
ah,ae
n,n
ih,iy
dx,n
s,s
sh,sh
pcl,tcl
ao,l
kcl,kcl
m,m
iy,iy
ih,ih
z,z
axr,axr
tcl,tcl
s,s
ae,ae
l,l
ay,ay
ih,ih
ih,l
pcl,tcl
aa,ao
ax,ax
ao,w
t,t
ax,ax
ix,ix
er,axr
z,s
q,r
kcl,kcl
axr,axr
ah,aa
tcl,tcl
hv,l
uw,ux
k,k
ae,ae
w,w
dx,ix
ah,aa
f,kcl
iy,iy
w,l
l,l
kcl,tcl
ch,sh
s,s
th,th
hh,q
w,r
pcl,tcl
ae,ae
m,n
ih,iy
ah,axr
dcl,tcl
l,l
ix,ix
q,q
ae,ae
n,n
eh,eh
tcl,tcl
s,s
ih,ix
q,q
tcl,tcl
w,w
eh,ey
q,l
n,n
k,k
z,z
ng,m
dcl,dh
t,t
axr,axr
ao,aa
dh,dh
ax-h,g
axr,r
axr,eh
dx,l
aw,ay
tcl,kcl
n,n
ix,ix
v,v
w,w
b,g
eh,iy
ng,n
w,l
iy,iy
r,r
th,f
ao,aa
s,s
axr,axr
r,r
iy,iy
aa,ay
m,m
iy,iy
ae,ae
kcl,tcl
l,w
y,y
tcl,kcl
ay,ay
ax,ax
iy,iy
s,s
dh,n
hv,n
w,w
n,dx
ah,ao
oy,eh
aw,ae
k,k
r,r
w,w
l,ay
eh,eh
eh,ix
eh,aa
f,f
n,n
l,ax
uh,ax
ix,ih
gcl,dcl
ix,ix
t,t
ix,ix
ao,ao
w,w
tcl,tcl
t,d
ux,iy
ih,er
er,axr
m,n
n,n
r,r
l,w
ay,ay
ao,aa
ih,iy
r,r
t,t
ih,eh
ah,ae
ix,ix
ay,ay
s,s
s,s
n,m
eh,eh
s,z
n,n
bcl,n
v,dh
ix,dh
ih,ey
ae,ae
ow,ae
s,s
y,ix
kcl,kcl
l,l
y,iy
q,l
dcl,dcl
iy,ih
s,s
ah,eh
ow,ow
ay,ay
z,z
kcl,tcl
tcl,tcl
tcl,tcl
l,l
eh,eh
iy,r
eh,eh
dh,dh
bcl,pcl
r,ao
ix,ih
f,f
iy,iy
n,ux
iy,iy
kcl,kcl
tcl,tcl
jh,jh
ao,ao
dh,dh
ax,ax
tcl,tcl
kcl,kcl
ah,ah
q,q
g,g
gcl,v
r,r
l,l
ey,ey
tcl,tcl
iy,iy
w,r
s,s
sh,sh
hh,dh
en,n
kcl,kcl
n,n
t,k
s,s
n,ix
dcl,tcl
ih,ih
kcl,kcl
s,s
tcl,tcl
iy,ey
eh,er
tcl,tcl
ae,ae
q,iy
ax,q
ix,ix
w,q
iy,iy
iy,ux
eh,eh
s,s
k,k
iy,iy
ih,ih
aa,ey
w,w
n,n
iy,iy
l,l
iy,iy
pcl,kcl
z,z
t,v
iy,ey
r,r
tcl,kcl
tcl,tcl
ay,ay
ih,ax
t,k
dh,m
z,s
gcl,dcl
ae,ah
dcl,dcl
kcl,tcl
l,l
axr,r
iy,iy
l,l
dcl,dcl
z,z
ao,ao
n,n
ow,ow
ah,ah
n,n
er,er
v,ix
l,l
axr,axr
eh,ax
s,s
q,q
sh,sh
n,n
z,s
ih,iy
ae,ae
ax,ah
aw,aa
kcl,tcl
bcl,bcl
aa,er
m,n
n,q
pcl,tcl
el,el
sh,s
ix,ix
ih,ix
ix,ix
w,l
aa,r
iy,iy
s,s
tcl,tcl
ih,ey
axr,ix
er,ih
eh,eh
ix,eh
dcl,y
pcl,tcl
bcl,bcl
ix,ih
pcl,tcl
ix,ix
ae,ae
s,s
l,q
s,s
f,f
dh,dh
dx,dx
t,d
m,l
z,jh
dcl,tcl
n,n
tcl,tcl
ax,ix
l,l
iy,ix
ix,ix
axr,ao
s,s
tcl,tcl
kcl,kcl
ao,ao
ax,ax
aa,aa
n,n
iy,iy
ao,aa
iy,ix
l,ix
n,n
ix,ix
ey,ey
ix,ih
q,q
ae,ae
dcl,dcl
hv,y
d,g
tcl,kcl
m,m
r,er
axr,r
k,k
l,l
tcl,tcl
ih,ih
aw,ao
g,v
iy,ey
kcl,tcl
ow,r
tcl,dcl
ix,ix
sh,sh
q,q
s,f
er,axr
dcl,dcl
s,s
s,s
pcl,tcl
uh,ih
bcl,bcl
k,g
l,l
v,v
t,t
kcl,kcl
ix,ix
r,r
ow,l
ax,ax
z,z
b,tcl
ah,ix
ey,ay
ix,tcl
nx,nx
ih,ih
el,ao
n,n
jh,ch
l,ax
tcl,bcl
g,g
n,ax
n,n
f,f
iy,iy
ix,l
iy,iy
tcl,tcl
dh,m
m,m
l,l
l,ay
iy,iy
w,w
ix,ax
ae,ae
ey,eh
z,s
ay,ay
g,g
iy,ix
t,k
p,k
bcl,bcl
l,el
ix,axr
g,k
pcl,kcl
ih,iy
n,n
oy,aa
r,r
dcl,dcl
tcl,tcl
uh,l
ix,ix
ey,ih
k,s
r,r
m,m
q,q
bcl,dcl
dcl,dcl
axr,axr
s,z
r,r
s,s
n,n
v,dh
r,r
oy,aa
sh,s
l,l
ax,ax
tcl,tcl
dx,g
g,g
tcl,tcl
m,n
axr,axr
ey,ey
ey,ih
f,f
s,s
r,r
tcl,tcl
ao,ao
p,p
t,g
uh,ih
iy,ux
ng,n
f,f
k,tcl
iy,iy
s,s
ow,ow
y,y
v,m
er,eh
t,t
ih,iy
w,l
ax,ah
ax,ax
k,k
iy,iy
ow,aa
m,n
eh,ih
aw,ay
ao,ao
er,axr
ix,ix
l,l
ah,ae
ay,aa
ao,ao
r,ix
s,s
p,k
m,n
er,er
k,k
r,eh
n,n
er,er
dx,dx
w,l
l,l
dcl,dcl
iy,iy
t,t
m,m
oy,ey
ey,ey
ax,r
ix,ih
ng,n
t,jh
eh,eh
en,n
kcl,dx
ey,ey
ey,ey
gcl,tcl
n,m
k,tcl
dcl,dcl
k,k
pcl,tcl
axr,axr
r,axr
pcl,pcl
n,n
axr,eh
bcl,dcl
pcl,tcl
iy,ey
tcl,tcl
n,g
r,r
er,er
b,dx
dx,dx
ih,ih
iy,iy
sh,sh
w,ao
g,g
ih,ih
g,g
p,g
ay,ay
tcl,tcl
ae,ae
pcl,tcl
ix,ix
nx,ix
kcl,kcl
iy,iy
p,t
y,y
er,er
axr,axr
t,t
kcl,tcl
n,n
n,ix
ax,ax
dh,tcl
kcl,kcl
ih,ix
dcl,tcl
s,s
hv,eh
l,l
z,z
bcl,dcl
w,r
s,s
kcl,tcl
t,t
aa,aa
l,l
hh,k
ae,ae
s,s
axr,r
ao,aa
q,q
dx,l
y,iy
ao,ao
ao,ao
ao,q
q,q
g,p
l,l
ix,ey
ae,ae
z,z
y,iy
s,s
tcl,k
tcl,kcl
v,v
en,dcl
dh,dh
tcl,tcl
dcl,dcl
ih,ih
z,s
dcl,dcl
nx,v
r,r
q,q
en,ux
ix,ix
eh,eh
sh,sh
dx,ax
ay,aa
hh,hh
w,m
t,s
s,s
t,t
ix,r
m,m
ih,ih
hh,g
ey,axr
aa,r
bcl,dcl
s,s
l,l
eh,ae
axr,axr
ix,ix
t,k
f,f
tcl,tcl
iy,iy
aa,aa
iy,iy
dh,g
s,s
iy,iy
gcl,tcl
axr,axr
r,r
w,l
dcl,n
dx,dx
tcl,tcl
y,y
ix,r
uh,ix
n,tcl
t,sh
pcl,kcl
ix,er
ah,eh
jh,k
el,el
ix,ix
gcl,tcl
ao,ao
ah,ao
gcl,gcl
dh,n
axr,axr
dcl,dcl
k,kcl
y,iy
t,t
ng,n
ih,ih
dx,g
f,f
iy,ih
axr,axr
ih,iy
ix,ix
w,w
iy,ey
dh,dh
l,l
r,r
ih,ix
ow,l
s,s
ax,ax
hv,hv
r,r
r,r
ao,ao
s,s
kcl,kcl
ix,ix
kcl,tcl
iy,iy
r,r
m,n
f,f
d,t
s,s
ih,ih
n,m
r,r
aa,aa
z,s
t,k
l,l
ow,ow
f,f
ih,ih
g,g
tcl,kcl
t,t
ng,l
k,k
r,r
ey,ey
el,ao
jh,k
ix,r
l,l
kcl,kcl
m,v
ah,ah
k,k
m,n
tcl,n
ah,ah
ih,ix
ax,ix
eh,eh
tcl,tcl
iy,ih
k,k
m,n
ao,ay
tcl,gcl
tcl,tcl
bcl,bcl
axr,ih
nx,n
p,t
g,v
kcl,kcl
p,k
ix,n
y,n
tcl,tcl
d,l
y,ih
l,l
l,l
ix,iy
kcl,tcl
r,r
ao,ao
ay,ay
ix,ix
d,dh
y,iy
jh,g
aa,l
ix,ih
l,l
iy,iy
dcl,tcl
ae,ae
er,er
l,l
k,k
w,w
p,k
z,s
r,r
ay,ay
ax,axr
ih,ah
en,n
pcl,kcl
oy,oy
er,er
iy,iy
ao,ao
tcl,dcl
ix,eh
dx,dx
iy,ix
iy,iy
eh,eh
ey,eh
d,k
s,s
m,m
axr,axr
ix,eh
nx,dx
g,dx
ey,ey
v,v
kcl,tcl
z,s
t,t
ix,iy
kcl,kcl
n,n
n,n
w,w
ih,iy
l,l
sh,s
pcl,pcl
w,l
m,n
z,z
ih,ih
ae,ey
l,l
aw,aa
m,n
n,n
er,r
m,gcl
ey,ey
iy,iy
dcl,dcl
t,t
ix,ix
ey,ae
axr,r
ax,l
dh,l
l,l
axr,r
s,s
bcl,bcl
ey,ix
y,iy
q,q
tcl,z
v,l
ix,q
w,w
n,n
l,ix
sh,sh
iy,iy
bcl,bcl
ay,ae
f,k
z,s
ae,ae
ix,ix
iy,iy
n,n
en,ix
iy,iy
t,s
v,v
ih,ix
aa,ao
ix,ix
s,s
ax,l
s,s
k,k
ix,iy
r,r
t,t
f,f
ay,ae
t,t
y,y
l,aa
g,g
ax,ax
ae,ay
p,k
ax,ix
kcl,kcl
t,g
w,r
aw,ae
ix,ix
d,k
ey,ay
z,s
z,sh
f,f
dcl,dcl
p,t
t,t
ih,eh
jh,k
p,f
ng,n
gcl,gcl
ah,aa
axr,axr
l,l
oy,ay
dx,dx
l,l
s,s
ax-h,k
k,k
axr,v
ih,iy
tcl,jh
iy,iy
dx,n
n,n
axr,er
ng,n
p,t
ae,ae
ay,ay
iy,r
er,ao
m,n
f,f
ix,ix
t,g
tcl,k
n,ix
ay,aa
v,v
g,t
r,er
r,r
m,m
gcl,dcl
ae,ae
kcl,kcl
v,v
m,m
ix,ix
s,s
z,th
ae,eh
ih,eh
eh,m
tcl,tcl
ey,ey
s,s
l,l
l,l
l,l
s,s
en,n
w,dx
t,t
t,t
n,m
tcl,dcl
q,q
z,s
tcl,v
l,l
el,ow
er,er
n,n
l,l
s,s
l,ao
m,m
f,t
uw,l
r,r
q,q
uh,aa
v,v
ay,ay
iy,ih
ah,ax
ey,ae
f,f
er,er
s,s
ix,n
iy,iy
s,s
pcl,kcl
axr,ix
s,s
s,s
ix,ix
q,dh
kcl,tcl
dx,v
s,s
ao,aa
ao,axr
q,q
ax,l
s,s
z,z
gcl,tcl
ae,ae
bcl,tcl
axr,er
sh,sh
n,ix
w,l
ay,aa
ax,n
ih,ih
ay,ay
pcl,tcl
ng,n
axr,r
p,k
s,s
m,m
oy,oy
el,ow
l,n
q,ix
nx,n
aw,ay
ow,ow
ao,ao
aa,aa
tcl,tcl
ah,ah
s,s
kcl,kcl
k,g
l,l
pcl,bcl
sh,sh
ah,ao
ah,ih
iy,iy
axr,ix
eh,ae
n,m
s,s
axr,axr
hh,hh
w,w
ax,ax
r,r
ey,ey
aa,aa
ow,ow
en,n
uw,ux
q,ao
axr,r
aw,aw
hv,iy
r,r
t,t
s,s
sh,sh
n,n
kcl,kcl
g,k
n,n
f,s
n,tcl
d,z
ae,ay
dx,dx
f,f
oy,aa
tcl,tcl
bcl,dcl
dx,tcl
z,z
iy,iy
ah,aa
tcl,tcl
dcl,dcl
ao,aa
iy,iy
ux,ux
iy,iy
ih,ih
ix,r
ch,ch
ao,ao
d,k
l,l
th,k
eh,eh
ae,eh
iy,eh
ih,iy
tcl,tcl
q,q
eh,eh
iy,iy
ix,eh
kcl,kcl
y,ih
v,v
jh,t
y,k
v,v
dcl,dcl
uh,ih
ah,l
m,m
ng,n
r,axr
f,f
f,f
w,w
bcl,dcl
z,s
ey,ey
iy,iy
ih,ih
y,y
eh,eh
n,n
s,s
el,ao
iy,iy
ix,n
ah,ax
t,t
t,k
ih,ae
s,s
ax,ax
n,ix
r,r
z,s
eh,ah
t,t
k,k
ae,ae
tcl,tcl
f,f
eh,ay
iy,iy
ih,ix
ax,n
el,l
axr,er
kcl,kcl
axr,ix
p,k
dcl,dcl
tcl,dcl
iy,iy
bcl,n
s,s
ux,ey
g,k
bcl,bcl
l,w
s,s
ae,ae
v,v
iy,ix
gcl,gcl
ao,l
n,n
k,k
iy,ey
r,axr
el,el
oy,ey
ix,ix
s,s
pcl,pcl
dcl,dcl
ao,ao
n,n
l,ax
ey,ey
aa,axr
p,k
q,q
axr,er
n,ix
p,hh
kcl,kcl
axr,er
ah,r
kcl,kcl
hh,dh
sh,sh
ah,aa
oy,aa
l,uw
m,n
dx,tcl
m,m
sh,sh
l,l
pcl,kcl
ay,ay
t,t
ix,ix
pcl,tcl
iy,iy
ih,ih
n,n
ax,r
ah,ah
ax,n
aa,ao
el,ax
t,t
uh,iy
m,m
g,g
p,k
ix,ae
r,r
w,w
r,r
dcl,dcl
dcl,dh
iy,ae
uw,ix
q,q
ax,ix
n,n
l,ax
iy,ey
ax,q
q,q
k,k
w,l
d,k
eh,er
n,n
ih,iy
ih,ih
l,l
kcl,tcl
eh,eh
uh,axr
ux,ix
dh,l
ax,ih
ih,ih
ow,ao
ao,aa
ao,ao
ix,iy
p,k
ow,er
pcl,v
n,n
th,dh
ow,ow
ix,n
g,k
th,v
w,dx
ix,n
r,r
kcl,kcl
hv,q
s,z
gcl,n
m,r
l,ao
v,v
kcl,tcl
aa,oy
ix,ix
sh,sh
t,t
ae,ae
ao,ao
ae,ae
ay,ey
el,l
n,n
ay,ay
y,iy
t,t
r,r
uh,l
iy,iy
q,axr
gcl,dcl
ax,ah
y,y
ux,iy
dcl,bcl
s,s
t,jh
r,r
ay,ay
ih,iy
ix,ix
ae,ae
dcl,gcl
tcl,tcl
uw,uw
p,k
n,n
l,r
s,s
ax,axr
ah,ah
n,n
ih,ih
ow,ow
s,s
kcl,kcl
er,er
l,l
l,l
dh,dh
s,s
n,dh
dh,dh
er,axr
ux,ow
y,y
ay,ae
el,el
q,q
aw,ow
kcl,kcl
m,m
iy,ux
aa,aa
y,ix
l,ah
ey,iy
z,s
t,k
ao,ao
el,l
ih,ae
aw,aa
t,t
l,l
ih,ix
q,q
w,l
r,r
n,n
ax,ax
w,w
s,s
k,k
iy,iy
k,k
n,n
er,er
ey,ay
dcl,tcl
pcl,kcl
ix,ay
l,ow
oy,ay
m,n
l,l
ih,ae
gcl,tcl
ih,ey
kcl,kcl
n,n
hv,l
ix,ix
aa,aa
kcl,q
sh,sh
ow,ow
ow,ao
n,n
aa,aa
uh,ux
t,g
iy,iy
s,s
dcl,tcl
kcl,kcl
ux,ux
p,g
ax,ix
pcl,tcl
r,r
ch,k
ay,ay
axr,axr
bcl,dcl
n,n
kcl,tcl
uh,ix
axr,axr
s,s
dcl,tcl
ng,ng
r,r
th,th
ah,ow
ey,ix
iy,iy
ix,iy
f,f
g,g
ax,ix
f,f
ow,ow
n,m
ah,l
iy,ey
er,er
ax-h,ix
dcl,dh
th,z
ey,ih
n,n
l,w
kcl,ix
z,s
m,q
p,k
g,g
ux,ux
l,l
l,ah
p,k
q,hv
iy,y
bcl,bcl
n,n
r,r
n,n
ey,ey
ux,ow
s,s
ao,aa
k,k
z,z
r,r
iy,iy
dcl,dcl
eh,eh
ow,ow
aa,ay
ey,ey
pcl,kcl
q,q
dcl,dcl
f,f
axr,axr
er,ay
axr,r
k,k
kcl,kcl
pcl,tcl
ng,n
axr,axr
iy,iy
ow,l
ey,ih
kcl,tcl
iy,iy
ah,ah
k,k
p,p
ae,ay
ix,ix
gcl,dcl
s,s
ih,ey
pcl,dcl
z,z
aa,aa
s,s
gcl,n
iy,iy
l,l
pcl,kcl
ih,r
ih,ih
ix,ux
iy,iy
er,er
er,axr
l,l
aa,ao
f,v
m,gcl
kcl,tcl
kcl,tcl
n,n
ah,ah
ey,ux
d,dh
eh,ae
en,n
gcl,tcl
k,k
ao,aa
tcl,dcl
r,r
axr,ix
ng,n
ao,aa
k,k
n,n
q,q
ao,aa
ix,q
s,s
v,v
z,z
sh,s
s,s
sh,sh
ay,er
el,el
l,l
v,v
q,q
m,n
bcl,bcl
t,d
s,s
v,z
n,n
gcl,gcl
tcl,kcl
k,k
aw,ae
kcl,tcl
eh,eh
axr,axr
ix,ix
p,k
ix,ix
ay,ay
el,l
tcl,tcl
r,r
ay,ey
v,v
dx,dx
ey,ih
tcl,tcl
r,r
nx,q
th,tcl
ow,ao
pcl,tcl
ao,r
t,t
en,bcl
gcl,gcl
aw,aa
el,l
s,s
pcl,kcl
ax,ax
z,s
ix,eh
tcl,tcl
q,q
tcl,kcl
q,w
ih,ih
th,tcl
n,n
z,s
r,r
m,n
ay,ae
w,l
el,ah
th,t
er,er
axr,r
ae,ay
iy,iy
t,t
eh,eh
z,z
l,l
ax,ax
n,n
l,ih
g,g
iy,ix
ng,l
m,m
z,z
ay,ay
ay,ay
dh,dh
aa,r
bcl,tcl
ae,ae
ey,ey
m,n
iy,iy
n,n
tcl,tcl
oy,oy
ix,ix
ow,ow
p,f
ah,ae
g,g
n,n
el,ao
ey,ey
ae,ae
n,n
ow,ow
n,n
kcl,g
v,v
oy,ay
ix,ae
sh,s
tcl,kcl
w,l
g,k
l,el
w,w
hv,n
ax,ix
ix,ix
pcl,tcl
ih,iy
oy,ao
eh,ih
n,n
ux,ux
iy,iy
l,l
s,s
ax,ix
f,f
ow,ow
dcl,tcl
ae,ae
tcl,kcl
ch,ch
l,l
dh,dh
p,g
ix,ix
r,r
aa,aa
s,s
eh,ae
b,dh
r,r
ih,q
s,s
el,ao
r,r
l,l
ax,ow
ao,ao
n,n
z,s
eh,eh
kcl,tcl
ae,ae
kcl,kcl
er,er
l,ah
ih,iy
ow,ih
d,k
n,ix
nx,dx
ih,ih
r,ix
iy,iy
t,z
ow,ow
tcl,w
ey,ey
dx,g
q,ix
ae,ae
aa,r
w,w
q,q
axr,r
p,k
ux,ux
g,g
dh,n
ux,axr
ax,l
bcl,dcl
q,axr
hv,iy
r,r
r,r
q,q
iy,iy
ux,uw
kcl,kcl
eh,eh
m,m
ax,ix
l,l
l,l
d,t
ey,ey
jh,k
axr,v
p,k
v,z
iy,iy
ix,ix
ao,ao
m,m
f,f
ih,ow
ix,ix
v,v
bcl,bcl
ae,ae
b,dx
bcl,v
er,er
dx,dx
l,l
l,v
l,ao
ow,ow
dh,k
ey,ey
z,z
r,r
ng,n
m,n
s,s
eh,eh
iy,iy
f,f
tcl,tcl
k,k
er,er
ae,ae
t,k
m,m
eh,eh
f,s
ah,eh
w,l
ih,iy
n,m
w,w
dh,dh
s,s
k,k
r,r
n,n
iy,iy
ae,ae
oy,aa
ix,iy
ix,ix
n,n
ax,ax
dx,dx
axr,ax
f,s
dcl,tcl
aa,ao
uh,ix
tcl,tcl
k,k
l,l
ae,ae
jh,jh
q,q
s,s
gcl,gcl
axr,axr
ey,ey
iy,iy
ix,ux
iy,ey
m,n
k,k
iy,iy
k,k
iy,iy
dh,tcl
w,w
z,z
l,l
ey,ih
kcl,kcl
s,s
f,f
ae,ae
n,n
w,w
ng,n
t,t
dcl,tcl
iy,y
t,k
ch,s
iy,iy
m,m
ix,dx
hh,dh
f,f
d,k
k,k
g,k
iy,ih
n,n
dh,t
q,q
iy,iy
ah,eh
dh,dh
iy,iy
ey,ey
dh,dh
dcl,tcl
iy,ih
eh,ah
dcl,dcl
t,k
axr,axr
l,ix
s,s
r,l
aa,aa
dcl,n
ix,ix
l,l
f,f
axr,er
n,n
n,n
ah,ay
ey,ey
nx,dx
axr,ix
jh,jh
m,n
s,s
z,z
f,f
ae,ae
t,k
z,z
dh,dh
iy,iy
axr,ix
r,r
er,er
z,s
kcl,tcl
gcl,dcl
aw,ae
uw,ux
ix,ix
l,l
ix,ix
eh,ix
s,s
iy,ix
b,tcl
dx,dx
iy,ix
l,m
n,n
iy,iy
m,m
n,dcl
axr,r
z,z
ix,ix
aa,aa
dcl,tcl
s,s
v,k
ay,ow
axr,axr
dcl,dcl
r,axr
n,n
ae,ay
bcl,v
er,r
k,g
eh,oy
ow,aa
ix,ix
q,kcl
axr,axr
d,k
dh,dh
s,s
iy,iy
n,n
ix,l
s,s
kcl,kcl
tcl,tcl
dcl,dcl
sh,sh
ao,ao
l,l
el,ow
ix,ih
s,s
eh,eh
y,iy
ux,ux
dh,dh
l,l
ch,jh
s,s
dcl,dcl
v,l
z,s
ih,iy
ae,ih
er,axr
v,l
ix,r
w,w
dcl,dcl
th,s
ow,ow
r,r
ix,ix
r,r
w,r
kcl,kcl
m,n
el,ao
s,s
aa,aa
aa,aa
aa,r
ix,ih
tcl,kcl
nx,n
y,y
k,f
aw,eh
zh,s
sh,sh
jh,s
g,gcl
sh,sh
sh,sh
th,s
ax,ix
q,q
aa,aa
z,z
ix,ix
ih,ih
l,l
pcl,pcl
dcl,dcl
f,f
w,w
l,l
iy,iy
ao,aa
tcl,tcl
ao,ao
l,l
n,n
em,n
eh,ix
q,dx
s,s
z,z
ix,ih
ay,ae
y,q
iy,iy
ih,iy
p,hh
ix,ix
tcl,tcl
ao,ao
ih,ey
dcl,tcl
oy,oy
q,ax
dh,t
l,l
ih,ix
w,w
dx,dx
ao,ao
dcl,dcl
n,n
dh,dx
l,q
ih,ih
ax,ix
f,f
s,s
eh,iy
ao,aa
ey,hv
kcl,tcl
iy,iy
y,dx
p,k
ix,ix
f,f
uh,w
w,v
k,sh
z,s
q,l
ix,ix
ax,ax
s,s
sh,s
m,m
bcl,bcl
k,k
r,r
w,w
p,g
f,f
ax-h,z
ix,ix
s,s
r,g
ay,ay
ae,ae
ix,ix
uw,uw
ih,ix
ax,ay
dh,dh
ey,ey
w,w
l,dh
uw,uw
ax,ix
ao,ao
ao,ay
gcl,kcl
ey,ey
ng,n
g,g
ix,ix
kcl,kcl
q,q
iy,iy
w,ao
q,q
m,m
dh,th
k,k
gcl,gcl
s,s
eh,ey
dx,ix
eh,ay
hh,f
k,k
uh,ah
l,l
r,r
z,s
s,s
eh,ey
z,z
p,k
ix,ih
bcl,dh
v,bcl
gcl,gcl
l,l
eh,eh
ax-h,t
ey,ae
f,f
iy,y
w,l
iy,iy
w,w
dcl,dcl
ix,ix
z,z
v,d
axr,r
en,n
er,er
ih,ix
pcl,tcl
bcl,m
r,r
n,n
ow,ao
er,er
t,t
b,dh
v,v
dcl,tcl
ax,l
ix,ay
n,n
kcl,tcl
kcl,kcl
uh,ih
k,k
ae,ae
p,k
eh,r
ae,ae
q,q
iy,r
ux,n
iy,iy
hv,hv
sh,sh
l,n
eh,ih
p,k
m,n
q,q
w,v
dh,dx
q,tcl
ux,ux
ah,q
ax,ax
ae,ae
iy,iy
n,n
ix,ix
sh,sh
ax,ah
s,s
ao,aa
ow,eh
oy,oy
ih,ow
f,s
ix,eh
ih,n
iy,iy
aa,er
oy,oy
w,w
t,k
g,q
oy,oy
ax,l
s,s
r,r
dcl,tcl
m,n
r,axr
k,k
t,k
f,f
f,f
r,axr
aa,aw
ao,ao
ax,r
r,r
s,s
w,l
ix,ix
dx,dx
ih,ih
ah,ix
m,m
dx,dx
dcl,dh
q,r
z,z
ae,ae
gcl,dcl
g,g
er,er
eh,ah
ax,ax
k,k
ey,ih
t,t
ix,ix
k,k
jh,k
s,s
l,ix
f,f
bcl,tcl
sh,sh
v,ax
iy,iy
w,w
aw,aa
kcl,kcl
l,ao
kcl,kcl
pcl,tcl
iy,iy
ah,ah
ow,ow
f,k
r,axr
ih,g
axr,axr
aa,aa
tcl,kcl
ae,ae
iy,ix
axr,axr
sh,sh
iy,y
ax,ah
v,dcl
oy,ay
r,r
kcl,kcl
d,dh
s,s
ih,ix
dx,dx
ah,ow
p,dh
ih,ey
tcl,tcl
v,v
ow,eh
ax,g
nx,n
pcl,dcl
ix,iy
z,s
iy,iy
f,f
m,r
tcl,dcl
sh,s
ng,ng
q,l
tcl,dh
ae,ae
ix,dx
tcl,tcl
ix,ux
ix,ix
ch,ch
p,k
n,iy
pcl,tcl
z,z
eh,eh
ao,ow
ix,ih
n,n
eh,ae
ow,ah
t,k
m,ux
l,l
ae,ay
g,g
ae,ae
t,t
ix,ix
eh,ae
ux,ix
axr,ah
t,t
er,axr
r,r
bcl,dcl
l,l
v,v
dcl,tcl
f,f
er,eh
n,n
iy,iy
ao,aa
dcl,dcl
ay,ay
sh,sh
ng,n
bcl,bcl
ax,ax
p,k
hh,hh
ay,aa
n,n
t,dh
eh,ae
r,el
z,s
t,t
eh,r
bcl,dcl
k,k
en,m
iy,ey
s,s
ao,er
iy,iy
q,q
ax,ax
q,q
s,s
z,z
dcl,g
ux,iy
dcl,dcl
ch,ch
l,l
ng,ng
n,n
f,f
dcl,tcl
ax-h,z
axr,axr
tcl,tcl
z,z
eh,ae
iy,iy
ix,ix
ao,ao
z,z
dcl,dcl
ay,ay
iy,iy
ix,ix
w,l
v,v
kcl,kcl
v,dcl
iy,iy
ih,ix
kcl,kcl
l,l
hv,ix
w,l
ix,ix
m,r
kcl,g
gcl,dcl
t,t
l,ay
iy,iy
eh,ix
g,g
s,s
tcl,tcl
iy,iy
tcl,tcl
r,r
en,n
l,l
v,m
eh,ih
s,s
axr,r
n,n
pcl,tcl
l,l
w,l
y,iy
r,r
dx,dcl
dcl,tcl
w,w
l,ax
dcl,dcl
m,n
el,el
n,n
tcl,z
uw,er
k,k
ow,ah
ix,ix
dcl,tcl
eh,ix
m,m
ah,r
ao,oy
ix,ix
kcl,kcl
p,p
r,r
ay,ay
eh,ey
er,ux
dcl,tcl
gcl,tcl
ih,ih
bcl,dcl
l,l
n,n
er,r
tcl,tcl
ih,ow
q,q
iy,iy
l,l
d,jh
iy,iy
dcl,tcl
kcl,kcl
z,z
eh,ah
ey,ey
ix,ix
v,l
tcl,kcl
tcl,tcl
m,n
m,n
s,s
th,th
r,l
pcl,tcl
n,n
ay,ae
ix,ix
axr,er
w,w
g,k
ae,ae
sh,sh
dx,dx
iy,ix
q,q
s,z
ay,ay
k,k
iy,iy
ao,ao
s,s
pcl,tcl
t,t
r,l
q,q
dh,l
bcl,l
ax,v
q,q
dcl,tcl
l,l
k,tcl
v,dcl
pcl,tcl
ng,n
dx,dx
t,dh
ow,ow
dcl,dcl
l,l
aa,aa
b,n
tcl,dcl
r,r
kcl,kcl
l,l
ix,q
q,q
ih,ey
hh,hh
z,s
ch,jh
ix,ix
s,s
ix,gcl
l,l
ow,ow
nx,n
r,m
iy,iy
l,l
aa,aa
l,l
hh,k
k,k
v,q
ay,oy
d,t
ih,ix
ix,ix
ao,aa
ae,ae
r,ay
iy,ey
ih,iy
hh,k
iy,iy
r,r
iy,iy
ix,ix
ao,ow
kcl,tcl
dcl,tcl
z,s
ae,ey
y,iy
tcl,kcl
k,k
ch,t
dcl,tcl
ay,ay
ix,ix
w,w
tcl,tcl
dh,dh
eh,eh
gcl,dcl
kcl,kcl
w,w
axr,ix
ae,ae
hv,iy
dh,l
w,w
tcl,tcl
pcl,kcl
ah,aa
dx,q
t,t
ng,n
r,r
t,t
t,k
ih,ix
aa,ay
iy,iy
f,k
pcl,v
er,ix
ae,aa
ae,ae
r,r
v,v
ah,ah
p,k
ux,n
ix,dh
kcl,kcl
ae,ae
er,er
eh,ey
s,s
ux,iy
ao,axr
s,s
ey,ey
iy,iy
kcl,tcl
aa,aa
ae,ae
kcl,tcl
eh,ix
p,k
ax,n
ax,l
f,f
ih,r
r,r
dcl,tcl
aa,aa
ay,ay
ih,er
iy,iy
tcl,tcl
s,s
ao,ow
ix,ix
jh,sh
hh,k
q,q
m,n
dcl,tcl
ih,ix
v,f
k,k
n,n
r,r
f,s
eh,eh
ax,ix
s,z
p,f
f,k
k,k
aa,ae
f,f
ay,ay
ey,ey
n,n
r,r
tcl,tcl
s,s
ix,ix
iy,y
m,m
dx,nx
iy,iy
dcl,tcl
ao,ao
bcl,bcl
iy,y
er,ow
ay,aa
iy,iy
iy,iy
kcl,kcl
axr,r
dx,dcl
dx,dcl
r,r
bcl,bcl
ah,ax
ix,dh
er,r
hh,k
eh,ey
er,r
t,t
n,dcl
ng,n
f,f
f,tcl
tcl,tcl
y,r
ux,ux
n,n
tcl,kcl
d,k
dcl,v
kcl,kcl
q,q
ux,ux
tcl,kcl
jh,sh
eh,eh
ao,ay
hh,q
k,k
ow,ao
axr,axr
v,dx
m,m
eh,eh
l,l
m,n
iy,iy
tcl,tcl
iy,iy
kcl,tcl
r,r
er,r
sh,sh
s,s
f,f
aa,l
ih,ih
pcl,tcl
kcl,dh
kcl,tcl
iy,iy
ih,ix
l,l
kcl,tcl
pcl,kcl
r,eh
iy,ux
ae,ae
tcl,tcl
tcl,tcl
eh,eh
n,n
dcl,dcl
l,ah
ux,iy
dcl,bcl
m,n
oy,aa
ix,ih
y,y
iy,iy
axr,ey
aw,aw
r,r
m,n
ao,ae
v,v
ch,s
d,g
r,r
s,s
aa,ao
ow,ao
r,y
r,r
ow,aa
kcl,kcl
tcl,dcl
n,n
ao,l
m,l
r,ae
m,dh
ih,ih
dx,r
ax,l
aa,r
l,l
eh,ow
n,n
s,s
ey,ay
z,z
m,n
t,k
l,l
t,jh
m,m
ao,ao
s,s
ae,ae
ao,ao
dcl,dcl
ch,t
s,s
ux,ux
k,k
w,w
gcl,dcl
ix,ix
ae,ae
r,r
kcl,tcl
m,m
p,hh
k,k
aa,aa
k,k
tcl,tcl
q,q
iy,ix
ix,ix
dh,dh
g,g
ix,ix
tcl,k
p,k
iy,iy
tcl,tcl
tcl,tcl
gcl,gcl
m,m
th,th
r,r
aa,ae
w,l
hh,f
r,r
iy,iy
ay,ay
dcl,dcl
m,m
d,tcl
er,ay
n,n
er,er
eh,ae
r,r
kcl,dcl
ix,ix
ix,ix
kcl,tcl
z,z
iy,iy
y,y
ih,iy
ay,ae
ix,ix
ux,ih
iy,ix
s,s
ch,jh
r,r
ae,ae
r,ix
t,sh
dh,dh
s,s
tcl,tcl
ao,ay
q,kcl
ax,ax
tcl,tcl
tcl,tcl
ax,dh
n,n
n,n
ah,ae
ix,ix
uw,ow
q,q
tcl,tcl
jh,jh
s,s
ay,ay
p,k
iy,iy
ey,ey
gcl,gcl
dcl,dcl
m,m
ix,l
aw,ao
tcl,kcl
y,ey
ah,ah
aa,axr
en,n
s,s
eh,r
dx,dx
jh,jh
r,l
ih,iy
tcl,n
g,k
pcl,kcl
axr,r
tcl,tcl
s,s
r,l
n,kcl
el,l
s,s
s,s
kcl,kcl
ax,ax
oy,ay
bcl,tcl
r,er
q,q
dcl,dcl
ux,ix
t,s
hh,hh
gcl,n
ux,ux
r,r
sh,sh
ix,ix
ih,eh
p,dh
iy,iy
iy,ey
l,l
w,w
ix,axr
tcl,tcl
dh,tcl
k,k
uh,er
n,n
v,dcl
l,l
dcl,dcl
ae,ae
hv,l
ix,ix
n,m
dh,dh
q,q
axr,ao
r,axr
r,r
aa,aa
gcl,dcl
pcl,kcl
tcl,kcl
z,s
ng,n
ih,axr
ix,er
z,z
z,s
dh,tcl
aa,aa
f,f
sh,sh
ux,ux
nx,dh
ux,ux
gcl,dcl
ah,ah
eh,eh
f,f
ao,ow
f,f
l,l
tcl,tcl
q,l
tcl,tcl
kcl,kcl
r,r
ih,ow
pcl,tcl
dx,k
ae,er
s,s
s,dh
k,k
w,v
m,m
n,n
ae,l
f,f
z,s
iy,iy
r,r
tcl,tcl
t,t
ih,ix
f,f
tcl,tcl
aa,ix
ey,ey
w,w
jh,k
m,n
gcl,dcl
y,y
ix,ix
r,r
er,er
axr,r
y,iy
iy,ix
n,n
axr,axr
ah,ix
aa,aa
s,s
s,s
s,s
y,y
bcl,tcl
s,s
kcl,tcl
ix,ix
p,f
n,n
dh,l
n,n
bcl,bcl
ae,ae
sh,s
el,l
ih,er
ux,ux
dcl,dcl
w,l
eh,r
jh,sh
axr,eh
s,s
iy,ux
dcl,dcl
iy,iy
el,l
kcl,kcl
kcl,kcl
ih,ih
tcl,n
kcl,tcl
tcl,q
ix,er
iy,ey
aa,aa
tcl,tcl
m,v
dcl,tcl
dcl,tcl
hh,k
ax,r
axr,er
iy,iy
k,k
kcl,tcl
b,k
v,tcl
ey,ey
r,v
iy,ix
ax,ix
uw,ux
n,n
f,k
sh,s
aa,ay
kcl,kcl
ih,ax
r,r
kcl,kcl
tcl,tcl
nx,n
ax-h,g
ey,ey
gcl,dcl
l,ax
ax,ix
q,q
z,s
tcl,tcl
ey,ey
n,n
ux,iy
ih,iy
r,r
r,ux
w,ao
axr,r
q,ow
aw,ay
m,v
r,r
iy,ix
n,n
iy,iy
s,s
m,n
ae,ae
ix,t
ih,ae
tcl,dcl
tcl,tcl
aa,r
g,g
axr,axr
l,el
ae,ae
iy,iy
r,r
k,k
ah,ow
k,k
n,n
gcl,kcl
d,g
ow,l
l,l
s,s
w,l
g,k
v,w
r,er
dh,dh
ix,eh
dh,v
n,n
t,t
w,w
ix,ax
q,q
iy,y
ey,iy
eh,eh
tcl,tcl
pcl,tcl
r,r
kcl,g
t,k
k,z
n,n
l,l
ix,r
b,dh
ah,eh
n,g
hh,q
aa,r
v,v
axr,ih
k,kcl
eh,ih
s,s
ae,ae
sh,s
gcl,n
t,t
l,n
p,k
dh,p
ey,ey
r,r
z,s
pcl,kcl
tcl,k
r,r
tcl,tcl
zh,z
w,w
ae,ae
ax,ax
axr,y
gcl,tcl
bcl,m
n,n
z,z
m,m
ng,n
d,g
m,n
t,k
r,r
sh,sh
r,r
l,l
ih,ih
kcl,tcl
iy,iy
er,er
b,g
n,n
uh,ao
k,k
gcl,bcl
aa,ay
ao,ao
ch,s
ao,ao
n,n
n,n
m,n
w,l
k,k
nx,nx
l,l
s,s
ae,ae
f,tcl
aa,r
ao,ay
aw,ae
pcl,tcl
s,s
ey,ey
er,er
w,r
ao,ao
ih,ih
nx,n
r,r
s,s
t,k
dx,dx
n,n
r,r
eh,eh
w,l
z,s
kcl,kcl
dx,dx
dcl,dcl
ix,ix
ao,eh
v,tcl
pcl,pcl
n,n
ix,l
eh,ix
n,n
ah,eh
ih,iy
m,n
l,l
l,l
ow,eh
pcl,tcl
s,s
l,l
hh,k
ao,aa
ix,ix
g,g
ix,ix
sh,s
n,n
q,ix
t,k
l,l
g,k
eh,ae
r,r
uh,ae
q,dx
r,r
k,t
f,f
ix,ah
ax,l
ae,eh
jh,t
f,f
ax-h,ix
dh,dh
t,t
s,s
z,s
f,f
t,k
axr,axr
ow,el
axr,r
eh,eh
m,n
ih,ih
w,w
kcl,kcl
r,r
ih,ix
ix,ix
gcl,n
bcl,bcl
f,f
s,s
t,t
ay,n
q,n
eh,ae
g,k
dcl,tcl
n,m
ih,ix
kcl,tcl
ix,ey
iy,ih
ux,iy
sh,sh
eh,ih
kcl,dcl
pcl,tcl
z,z
iy,iy
iy,iy
ah,r
dcl,dcl
p,k
m,n
r,r
w,w
ax,ix
oy,aa
ix,eh
ih,iy
dx,k
k,k
g,g
sh,sh
ah,ah
q,q
ih,ih
gcl,gcl
q,q
ao,ao
t,t
k,k
ax,l
ae,ae
dh,th
s,s
t,k
sh,sh
r,axr
r,aa
k,k
q,q
dcl,dcl
er,er
n,n
el,el
ng,n
ae,ae
p,k
s,s
eh,eh
ao,l
aa,aa
ow,eh
l,l
m,dx
ao,ao
ah,ax
q,q
s,s
p,hh
t,tcl
z,z
eh,ih
n,n
dcl,dcl
ix,r
ax,ix
iy,iy
p,g
ao,ao
y,y
ay,ae
iy,iy
f,s
q,q
t,k
ix,ix
s,s
p,dh
kcl,kcl
w,w
aa,ao
ax,r
p,k
aa,aa
er,axr
r,r
ih,iy
k,k
aa,ao
th,f
th,f
jh,jh
ix,ix
n,n
kcl,kcl
k,jh
m,m
er,er
nx,r
axr,axr
p,p
tcl,tcl
sh,sh
ax,eh
aa,aa
m,n
w,w
iy,iy
iy,iy
t,t
p,p
ao,ah
er,axr
l,el
th,f
iy,iy
s,s
ah,ao
ix,ix
ax,ix
ih,iy
ey,ey
ix,ix
m,r
eh,ix
s,s
k,k
axr,aa
ax-h,n
y,iy
eh,ae
ix,iy
k,tcl
dcl,tcl
n,n
r,r
eh,ix
l,l
sh,sh
ix,dx
p,k
gcl,n
ix,ix
ax,l
ah,ow
gcl,tcl
ey,ey
tcl,tcl
ix,ix
ix,ix
r,r
kcl,tcl
ih,ux
y,y
w,r
jh,jh
ow,ao
ao,ao
l,el
ao,aa
ah,ix
el,el
ih,ih
ch,ch
tcl,tcl
t,z
dh,dcl
kcl,kcl
l,l
iy,iy
l,l
r,r
ih,ih
ah,eh
r,ey
f,f
kcl,tcl
dx,r
m,n
ax,q
hh,hh
bcl,tcl
aa,aa
f,kcl
axr,ao
f,q
ah,ay
l,l
ix,ix
tcl,tcl
gcl,tcl
axr,er
iy,iy
r,r
n,n
ax-h,dh
w,l
k,k
l,l
ax,l
iy,iy
ao,oy
ih,ae
hv,hv
pcl,tcl
t,ix
k,k
l,l
ae,ae
ae,ae
n,n
axr,axr
k,k
jh,jh
ix,ux
ng,ix
ow,aw
r,r
ao,ao
ix,ah
gcl,dcl
th,th
dx,dx
ix,ih
ae,eh
aa,ah
eh,eh
ih,ey
ng,n
aa,er
r,r
ax,ix
d,hh
l,ax
ih,ey
iy,ey
ux,iy
s,s
bcl,tcl
ix,ix
p,k
l,l
ax,ax
r,r
k,tcl
q,q
l,l
m,m
r,r
oy,ao
ix,ix
ih,ux
hv,ax
s,s
ow,ow
m,m
l,aa
ey,iy
z,s
axr,r
ey,ey
iy,iy
p,k
dcl,tcl
y,iy
iy,iy
ih,ey
tcl,tcl
eh,ix
kcl,tcl
p,k
kcl,kcl
gcl,tcl
r,r
ix,axr
k,k
tcl,bcl
kcl,tcl
ux,ix
ao,ao
ae,ae
ix,r
q,q
th,th
dh,dh
r,er
n,n
er,r
ix,ix
bcl,bcl
k,k
ux,ix
dx,g
tcl,tcl
ch,jh
k,k
ix,eh
d,dh
ax,ix
n,n
pcl,tcl
en,n
s,s
n,n
s,s
iy,l
pcl,kcl
ay,ae
ay,ay
ix,ix
ax,ax
ow,aa
ay,ay
ae,aa
hh,p
w,w
dcl,kcl
aa,aa
ae,ae
jh,g
s,s
hv,hv
tcl,tcl
tcl,tcl
axr,axr
ux,iy
iy,iy
ae,ae
z,s
jh,jh
ih,ih
s,s
q,ow
aa,aa
eh,ey
oy,ay
zh,zh
iy,ux
w,r
s,s
iy,iy
hv,hv
v,dh
ah,ah
ih,iy
r,r
k,k
s,s
s,s
ix,ix
z,z
dcl,dcl
ay,ae
ay,ae
ih,ux
m,m
tcl,tcl
n,n
hv,axr
ih,ih
k,s
ah,ow
m,bcl
w,w
ng,n
l,ix
l,iy
p,p
z,s
axr,ux
kcl,tcl
pcl,pcl
p,p
l,l
ih,ey
kcl,tcl
bcl,dcl
r,ae
ix,axr
v,v
er,er
ih,ih
ae,ae
iy,iy
ao,ao
iy,iy
iy,iy
ay,ay
iy,iy
ae,ae
iy,iy
s,s
s,s
v,dcl
ix,ax
ix,eh
axr,axr
er,er
ih,ah
gcl,n
ax-h,z
pcl,tcl
oy,ay
er,axr
n,n
dcl,tcl
v,v
jh,jh
ey,ey
axr,g
er,ay
ax,ax
ax,eh
ix,ix
pcl,tcl
sh,sh
ow,ow
k,k
ih,ix
f,f
aw,oy
ay,ay
n,ax
dh,dh
q,q
r,r
t,t
s,s
sh,sh
t,t
ng,n
kcl,kcl
aw,ae
oy,aa
axr,ao
ng,n
dx,dx
dh,l
n,n
jh,z
ux,ux
k,k
dh,tcl
ao,ow
q,q
l,l
iy,iy
iy,ix
g,dh
ix,ix
r,er
ix,iy
dcl,z
f,f
gcl,v
bcl,dcl
d,t
s,s
dcl,tcl
iy,iy
ix,dx
r,r
ao,ao
ah,ah
f,f
s,s
z,z
dcl,dcl
r,er
k,k
iy,iy
sh,sh
pcl,tcl
m,m
l,l
p,p
iy,iy
dcl,dcl
z,s
ng,n
r,r
ae,ay
s,s
dcl,dcl
tcl,tcl
r,ix
sh,sh
t,t
w,w
ah,ah
v,l
nx,n
ae,ae
ah,ah
w,w
ow,l
aa,aa
g,dh
s,s
ih,ih
l,ax
ow,ao
bcl,v
ix,eh
l,l
y,ih
s,s
aa,aa
g,dx
kcl,kcl
n,l
dcl,n
l,l
ax,eh
eh,ix
ax,ax
sh,s
r,r
r,r
dh,n
ah,aa
iy,iy
ao,ao
l,l
dcl,gcl
ey,ey
l,ix
q,q
l,l
tcl,tcl
m,n
p,g
d,kcl
w,l
ix,iy
ey,ey
aa,aa
eh,eh
ow,ao
q,q
s,s
iy,axr
r,r
ix,ix
l,l
ae,ae
z,s
n,n
ih,ey
ux,r
ih,ih
ih,ey
iy,iy
nx,ix
kcl,kcl
kcl,kcl
z,z
r,r
w,uw
axr,ow
l,l
k,k
ao,ao
aa,ao
dcl,dcl
uw,ow
kcl,th
ix,ix
kcl,tcl
aw,ow
kcl,kcl
aw,ae
hv,hv
z,s
t,k
ng,n
eh,ay
ih,ix
l,ix
ix,eh
g,dx
y,ix
aa,ao
k,k
oy,ow
s,s
ax,ix
jh,ch
hv,hh
tcl,dh
ey,ey
q,tcl
l,l
tcl,tcl
iy,ix
z,s
ih,ih
ao,aa
r,r
n,n
kcl,kcl
ax,l
ey,q
r,r
ao,ow
ix,ix
t,t
r,r
ow,ow
ix,ix
ae,ae
k,k
kcl,kcl
n,n
ih,iy
tcl,tcl
n,n
iy,iy
ih,ih
s,s
gcl,dcl
bcl,tcl
ix,ix
ae,ae
m,m
aw,eh
kcl,kcl
kcl,kcl
q,q
d,ix
q,q
y,iy
r,r
r,r
iy,ih
n,n
ax,ix
t,k
ix,ix
d,d
ih,iy
ey,ey
sh,sh
iy,iy
l,l
dcl,dcl
r,r
n,n
ix,ix
gcl,r
s,s
w,w
f,tcl
w,w
n,n
ow,ow
n,n
s,s
t,k
sh,s
ae,ae
ch,s
bcl,bcl
r,er
k,g
jh,ch
y,k
th,s
z,z
uh,ix
ux,ux
ay,ay
v,r
ih,er
f,k
tcl,q
dh,dh
s,s
d,t
eh,ey
z,z
eh,aw
iy,ih
n,q
ay,ae
iy,iy
ih,q
tcl,dcl
iy,iy
l,l
d,kcl
tcl,tcl
ah,eh
nx,n
dcl,dcl
s,s
m,m
l,l
eh,eh
d,t
q,q
ao,ao
l,dx
f,k
m,v
kcl,kcl
ae,eh
n,n
iy,iy
ao,l
ao,ao
th,th
k,k
ay,ay
r,r
uw,el
pcl,tcl
sh,sh
ah,aa
l,l
eh,ah
l,n
ae,ae
y,n
iy,iy
l,l
l,l
iy,iy
g,k
ih,ix
jh,jh
ah,q
dcl,dcl
dcl,n
dcl,dcl
bcl,dcl
ux,ux
l,l
tcl,tcl
g,k
q,q
t,t
aa,aa
g,k
z,s
ah,ax
l,l
ae,ae
s,s
gcl,dcl
aa,aa
f,k
er,er
uh,ax
ux,r
s,s
gcl,bcl
r,r
ah,ae
m,m
iy,iy
aa,aa
nx,n
s,s
ey,ih
ix,ix
kcl,kcl
n,n
eh,r
s,s
ay,ay
r,r
ae,ae
z,z
sh,sh
aw,aw
dcl,n
g,k
ao,r
ey,ey
dcl,dcl
f,f
ix,eh
ae,ay
er,er
hh,hh
hh,k
l,l
ix,ix
ax,ix
l,q
hh,dh
n,n
d,k
r,r
eh,eh
er,axr
ow,ae
sh,s
t,k
uw,v
iy,ix
kcl,kcl
tcl,tcl
er,er
ah,r
r,el
ah,ah
ah,ah
ow,ow
eh,ae
ux,ix
er,ih
dx,dx
ix,ix
ih,r
n,n
l,l
aw,ae
n,n
dcl,v
r,r
z,z
dh,ix
dh,tcl
w,w
l,ax
dcl,dcl
y,dx
k,k
k,s
r,r
w,l
v,n
eh,ix
dcl,dcl
m,m
ih,ih
n,m
uw,ux
dcl,v
s,s
iy,iy
s,s
n,n
m,m
dcl,dcl
axr,axr
pcl,tcl
ah,l
ix,ix
el,w
ix,ix
w,w
oy,ay
iy,iy
m,m
tcl,tcl
tcl,gcl
s,s
f,f
t,t
eh,ae
ih,iy
ao,aa
axr,ae
s,s
y,iy
dx,k
er,er
p,k
el,ao
ax,ix
ao,ao
ey,ey
l,r
iy,iy
p,k
m,n
ow,ah
th,dh
dx,dh
t,t
q,l
axr,r
m,m
p,t
q,tcl
s,s
g,g
bcl,bcl
aa,r
aa,ao
tcl,tcl
y,iy
g,k
axr,er
r,r
n,m
ah,aa
gcl,k
sh,sh
tcl,k
tcl,kcl
uh,axr
t,z
s,s
s,s
ae,ae
ix,iy
dh,dh
n,n
ao,ao
dh,n
l,l
n,n
iy,ey
iy,iy
aa,ae
dcl,dcl
dcl,dcl
ch,jh
ih,ih
kcl,kcl
uw,ux
s,s
f,f
tcl,tcl
kcl,tcl
z,z
dcl,tcl
v,tcl
tcl,tcl
ey,ey
ih,ix
pcl,tcl
ax,ix
ix,q
axr,er
k,k
r,r
v,v
kcl,kcl
iy,iy
sh,sh
l,l
sh,sh
w,l
ix,ix
ih,iy
kcl,tcl
n,n
ix,ix
ix,iy
q,kcl
hh,k
t,k
tcl,dx
iy,iy
iy,iy
m,n
q,q
eh,ix
em,m
axr,er
m,tcl
jh,t
y,iy
l,ix
v,z
m,l
s,s
tcl,tcl
z,z
l,l
eh,ah
z,z
q,n
dx,y
oy,ao
kcl,tcl
ay,ay
dx,dx
r,r
tcl,tcl
tcl,tcl
kcl,kcl
r,er
ix,ix
ih,ih
s,s
s,s
r,r
ae,ey
dcl,dcl
z,s
tcl,dh
l,l
m,m
iy,ux
dcl,dcl
s,s
s,s
kcl,kcl
en,n
n,n
f,f
kcl,kcl
s,s
y,y
l,el
r,r
k,k
gcl,dcl
ae,ae
kcl,tcl
s,z
n,n
el,l
hh,hh
axr,m
ih,ey
en,q
hv,hv
ae,ae
b,dx
ax,ax
ih,er
ix,ix
dcl,tcl
l,l
l,n
k,k
ey,ey
eh,eh
q,q
f,f
v,v
d,tcl
m,m
m,m
hh,hh
r,r
ey,ey
ae,ae
y,r
eh,ae
ix,eh
axr,axr
er,r
hv,p
gcl,dcl
r,r
s,s
q,tcl
w,w
l,aa
r,m
ae,ae
f,f
ix,ix
iy,iy
dcl,dcl
z,z
dcl,dcl
l,ix
ow,ow
ih,ih
n,n
ch,s
r,ao
y,iy
aa,aa
axr,axr
kcl,tcl
hv,dcl
m,m
ao,ao
q,q
ao,aa
sh,sh
ey,ey
ao,ae
l,l
ix,q
ae,ae
l,w
aa,aa
v,v
l,l
q,q
v,f
hv,hv
ix,r
m,n
ix,r
z,z
ax,ih
ey,ey
s,s
s,s
ah,ow
ao,aa
ix,ix
el,l
ey,ey
ae,ae
q,q
ey,ey
dx,dx
kcl,kcl
axr,axr
t,t
aa,aa
iy,iy
axr,er
bcl,dcl
hv,ix
eh,eh
kcl,tcl
kcl,tcl
r,r
ow,ey
sh,sh
iy,iy
ae,ae
d,k
t,g
bcl,dcl
axr,er
ay,oy
n,n
r,ix
z,z
kcl,kcl
ae,ey
dcl,tcl
ae,ae
l,l
ay,ae
dcl,tcl
aa,r
tcl,gcl
ih,ih
s,s
axr,er
p,k
ah,ix
gcl,n
m,m
iy,iy
dcl,dcl
bcl,bcl
m,m
t,k
n,n
r,r
ae,ae
iy,ix
ih,ih
m,m
r,r
s,s
z,z
q,ix
k,k
ih,ix
tcl,tcl
z,z
q,q
ih,ey
r,r
ey,ey
p,dh
bcl,dcl
eh,eh
s,s
el,el
k,k
el,l
d,t
v,g
n,n
z,z
eh,axr
g,g
t,t
m,n
tcl,gcl
dh,dh
ch,f
tcl,kcl
m,m
kcl,kcl
s,s
aa,oy
ao,ao
er,er
hh,p
y,iy
iy,iy
dcl,dcl
k,t
ix,ix
r,er
m,ix
n,q
pcl,tcl
dcl,dcl
z,z
n,n
f,s
zh,sh
iy,iy
ao,ow
ae,ae
q,q
ax,r
m,m
iy,iy
dx,dx
ix,ix
th,f
dh,tcl
ey,ey
ix,ix
ax,l
r,axr
l,uw
axr,axr
n,n
ae,ae
v,dh
eh,ix
s,s
er,r
ix,ix
t,t
q,ix
p,tcl
dx,dx
ae,ae
q,q
tcl,kcl
uw,ey
ow,ow
v,n
ao,ao
eh,er
pcl,tcl
w,w
uh,m
v,v
r,r
r,r
s,s
w,l
ao,r
n,n
ux,ux
ih,ih
iy,iy
hv,hv
tcl,tcl
m,m
ix,ix
iy,ix
l,l
ay,ay
dcl,kcl
nx,dx
ae,ih
d,z
v,v
ux,iy
kcl,kcl
pcl,tcl
tcl,tcl
ix,ix
w,w
dx,m
tcl,tcl
ix,ax
bcl,dcl
s,s
n,n
pcl,tcl
ah,ax
tcl,tcl
kcl,kcl
r,r
ey,ey
ux,er
ao,ao
dh,tcl
m,v
l,m
n,n
iy,ey
l,l
aa,aa
m,r
ih,ih
z,z
q,q
ae,ae
ow,ae
w,w
dcl,dcl
y,ix
pcl,tcl
n,n
uh,ax
iy,iy
iy,iy
z,z
dcl,n
r,r
dx,dh
dcl,tcl
ih,iy
ae,ae
l,l
sh,sh
l,l
ux,ih
dcl,hh
iy,iy
w,l
bcl,bcl
ix,ix
axr,axr
w,l
ih,iy
gcl,dcl
n,n
k,k
dcl,tcl
n,dcl
f,f
ux,ux
t,g
gcl,kcl
l,l
ey,ay
v,v
sh,sh
p,g
ax,ax
ao,oy
sh,sh
ax,ax
er,er
l,l
f,f
s,s
p,t
aa,aa
m,m
w,ao
ix,eh
s,s
iy,ux
ah,aa
ch,ch
n,n
n,n
g,g
r,r
ao,aa
ey,ey
eh,aa
d,n
ih,ey
ae,ae
m,n
z,z
g,g
iy,iy
w,l
t,t
ey,ey
l,l
l,ax
ao,ao
ix,ax
aa,aa
w,l
iy,ix
aa,ae
ix,axr
nx,dx
ax,ix
ah,ow
n,m
m,m
er,ae
ih,n
q,q
n,m
l,q
tcl,dcl
dx,dx
tcl,tcl
q,q
n,n
l,l
pcl,pcl
s,s
q,kcl
dx,dh
ih,ih
iy,iy
s,s
dh,g
n,n
ao,ao
ae,ae
z,z
ux,ux
ah,ih
er,er
en,n
r,r
iy,iy
k,k
z,z
iy,iy
kcl,kcl
s,s
q,q
ch,sh
dcl,dcl
hh,q
iy,ux
ih,ih
ae,ey
r,r
d,dh
q,dh
ey,ey
axr,ix
n,tcl
r,r
t,t
w,w
axr,ix
iy,axr
m,m
eh,ey
axr,axr
eh,eh
ng,n
w,ao
q,k
dh,v
y,y
kcl,kcl
ix,r
ah,eh
w,w
dh,tcl
en,n
bcl,v
s,s
ix,eh
ae,ae
m,m
p,k
kcl,kcl
kcl,kcl
pcl,tcl
er,axr
tcl,tcl
s,s
ow,ao
n,n
s,s
dcl,dcl
f,f
tcl,tcl
n,n
ah,ax
sh,s
dh,dcl
bcl,n
iy,y
ih,iy
ey,ey
n,n
ah,ah
v,q
ae,ae
gcl,dcl
s,s
sh,sh
aw,ae
dx,r
ax,ax
s,s
iy,iy
m,m
f,f
uh,ih
ay,ay
n,n
q,m
v,v
kcl,tcl
bcl,bcl
r,r
n,n
ix,ix
ax-h,t
s,s
ih,ih
eh,eh
z,z
tcl,tcl
ae,ae
tcl,bcl
ax,ax
axr,ae
iy,ey
eh,ah
tcl,tcl
ih,ah
y,iy
ih,iy
sh,sh
ae,ae
hv,y
n,n
tcl,tcl
ih,ux
q,q
l,l
tcl,t
ih,axr
g,k
v,ix
ae,ae
er,er
sh,s
r,r
iy,ux
v,v
ao,axr
ix,n
n,n
q,dcl
k,k
ay,ay
en,m
ix,ix
ax,ax
l,l
bcl,tcl
ax,ix
aw,aa
ay,ay
d,d
iy,ix
q,q
ax-h,k
ax,l
eh,eh
s,s
sh,sh
eh,eh
v,ix
aa,l
oy,oy
r,r
r,axr
p,g
ch,ch
k,t
f,f
n,n
hv,hv
ax,m
s,s
w,l
g,dh
s,s
eh,ae
ah,ah
uh,ax
iy,y
aa,er
r,axr
ix,ih
ae,ae
aa,ao
ix,ix
n,n
ix,ix
tcl,tcl
axr,m
iy,ux
aa,ao
ax,ax
n,n
q,q
kcl,kcl
aa,ao
ih,ih
p,k
ae,ae
kcl,kcl
tcl,tcl
ae,ae
dcl,dcl
dh,dh
dcl,tcl
ah,ah
n,n
ax,l
n,n
aa,oy
oy,ay
t,t
pcl,tcl
ow,ow
l,q
n,n
k,k
t,t
tcl,tcl
ae,ae
l,l
tcl,tcl
ay,ae
eh,ae
t,dh
ih,r
k,t
ix,ax
tcl,tcl
w,ao
n,n
axr,er
dcl,dcl
tcl,kcl
uw,ux
r,r
r,r
k,k
y,iy
l,el
q,q
dcl,tcl
ah,ae
l,l
t,t
s,s
m,l
r,r
kcl,dcl
dh,dh
y,iy
ao,aa
y,iy
f,f
w,w
pcl,kcl
eh,ih
dh,v
q,q
ey,iy
ng,n
r,r
axr,axr
z,s
axr,axr
ix,eh
y,y
ao,aa
t,k
ae,ae
z,s
v,tcl
hh,k
dh,t
dh,z
ay,ay
k,k
axr,ih
tcl,tcl
s,s
ix,ix
ih,l
r,axr
y,r
s,s
m,n
ae,ae
w,dcl
ih,ih
ae,ae
er,ux
s,s
iy,iy
dcl,dcl
ax-h,t
ih,eh
kcl,kcl
iy,iy
ae,ae
ey,ey
jh,t
hh,k
ae,ay
k,k
m,m
ax,l
bcl,bcl
l,l
dcl,n
ch,s
axr,ix
w,w
er,axr
dcl,tcl
iy,iy
kcl,tcl
ix,nx
f,s
r,eh
ix,ey
ih,l
m,n
q,ih
uw,v
s,s
ow,ao
iy,iy
ax,ax
bcl,dcl
q,q
kcl,kcl
s,s
eh,eh
k,q
ng,n
ae,ae
v,dh
dcl,tcl
dx,ix
ay,ay
axr,axr
s,s
l,l
iy,ey
ch,jh
gcl,gcl
ix,ix
kcl,tcl
ux,iy
ax,ix
dcl,dcl
t,t
aa,ao
ao,aa
k,k
aa,ao
ih,iy
pcl,pcl
ix,ix
s,s
b,dh
eh,axr
ae,eh
p,q
y,y
k,t
gcl,dcl
w,w
iy,iy
ay,ay
ae,ae
k,t
ix,ax
p,k
aa,aa
t,k
v,dh
t,t
ah,aa
g,k
pcl,tcl
ao,ao
l,l
dcl,tcl
ng,m
s,s
k,k
k,k
sh,sh
ax,r
gcl,dcl
tcl,tcl
uh,ah
g,k
t,t
pcl,tcl
uh,ax
axr,er
aa,r
t,k
p,p
bcl,dcl
f,v
m,m
s,s
el,l
w,w
w,l
pcl,f
l,l
ix,ix
t,sh
n,n
s,s
k,k
el,el
q,q
w,ao
dx,dh
n,n
pcl,tcl
axr,axr
k,k
jh,r
ow,ah
s,s
k,k
iy,ng
q,kcl
m,m
z,z
q,q
k,k
kcl,kcl
eh,ih
m,m
ix,n
ux,ey
ah,l
g,g
eh,eh
ae,ae
iy,iy
r,r
tcl,tcl
aa,aa
ae,ae
r,r
g,g
axr,r
ux,ux
s,s
t,s
kcl,tcl
er,er
q,q
dcl,dcl
k,k
r,l
ix,ix
ix,ix
n,n
ix,ax
ch,sh
ix,ix
z,z
kcl,kcl
ih,ix
ax,ax
ix,iy
ng,iy
r,ix
kcl,tcl
g,g
ix,eh
dh,t
oy,ao
ux,iy
iy,iy
ae,ae
iy,ey
ae,ae
kcl,kcl
tcl,tcl
k,k
jh,ch
ay,ay
k,k
n,n
ax,ix
ix,d
axr,ey
nx,n
ux,ux
w,w
aa,eh
ae,ae
q,q
ix,ih
kcl,kcl
n,n
tcl,jh
axr,axr
w,dx
iy,ey
ow,ow
dh,v
ah,ow
r,r
y,iy
s,s
ah,ah
n,n
q,q
g,g
jh,t
eh,ix
n,n
axr,r
v,v
ix,ix
r,r
ix,eh
axr,r
gcl,tcl
sh,k
p,k
ey,ey
l,l
f,f
iy,ey
y,iy
z,jh
ao,ao
v,v
w,w
ao,ao
ao,w
f,f
k,k
ix,ix
gcl,k
m,m
oy,oy
dh,q
ix,ax
dh,ix
d,t
ih,eh
s,s
q,q
f,f
dx,v
er,eh
dcl,tcl
hh,hv
dh,g
ax,q
ey,ey
bcl,m
ax-h,tcl
eh,axr
k,k
sh,sh
tcl,kcl
dx,k
ih,eh
ah,ax
tcl,tcl
ax,ax
ae,ae
s,s
bcl,bcl
tcl,k
kcl,gcl
r,r
r,r
ay,ay
m,n
ax,ax
k,s
iy,iy
z,z
tcl,tcl
uw,ux
ao,ao
bcl,bcl
m,m
s,s
axr,r
iy,iy
r,axr
oy,ey
axr,axr
ix,ix
dcl,dcl
iy,iy
kcl,tcl
ae,ae
l,l
l,l
kcl,g
iy,iy
axr,r
kcl,kcl
m,m
ae,ae
r,eh
pcl,tcl
iy,iy
n,n
eh,eh
th,dh
kcl,kcl
tcl,dcl
ux,iy
p,g
z,s
w,l
ih,iy
w,l
uw,uw
r,r
jh,t
er,r
ay,ay
m,n
l,l
er,er
ax,er
r,r
l,l
z,s
l,l
ux,ix
n,n
tcl,tcl
ix,n
z,s
dh,l
ux,ux
t,t
ix,iy
ix,ix
ow,ax
aa,aa
gcl,kcl
d,t
p,k
dcl,dcl
ng,n
bcl,bcl
k,k
gcl,kcl
l,l
kcl,tcl
k,k
k,kcl
z,s
p,t
tcl,ix
ix,ix
s,s
w,w
dx,ix
t,t
s,s
ix,ix
kcl,tcl
ux,ux
n,ix
t,k
ao,aa
jh,jh
ih,iy
el,el
ay,ay
l,l
n,n
r,r
t,z
ah,ih
ix,iy
l,l
ay,ay
q,q
iy,ey
dcl,n
g,g
n,n
ng,n
ih,ih
ix,ey
iy,ix
eh,ah
l,ow
ih,ix
iy,iy
ax,ix
s,s
l,l
bcl,dcl
ih,iy
hh,hh
m,dcl
kcl,tcl
r,r
w,l
dcl,dcl
ae,ae
r,r
iy,iy
eh,ax
er,axr
kcl,kcl
sh,sh
p,d
ux,ux
ax,ah
t,t
k,k
q,q
ah,ah
axr,axr
ax-h,v
ix,ih
r,r
dcl,dcl
w,w
ix,ix
eh,eh
l,l
ix,ix
kcl,kcl
ae,ae
ey,ih
er,axr
sh,sh
ow,ae
el,ow
k,k
ng,l
ae,ae
eh,ae
pcl,tcl
kcl,kcl
ah,l
iy,iy
dcl,tcl
n,n
ng,n
kcl,kcl
dh,t
hv,hv
th,z
k,k
iy,g
tcl,dcl
w,w
ix,eh
ay,ay
m,l
eh,eh
n,n
uw,ax
iy,q
ao,ao
ux,ih
l,q
f,f
p,p
w,w
iy,iy
sh,sh
ix,ix
en,m
ix,ix
k,k
pcl,pcl
l,l
ix,l
ae,ae
k,k
ae,ae
er,r
dcl,tcl
ix,ix
ux,ix
bcl,dcl
ae,ae
ae,ae
ix,ix
p,k
ix,dx
m,n
k,z
sh,f
k,f
ao,ao
dx,dx
ix,ix
k,k
dcl,dcl
bcl,bcl
f,z
w,l
z,z
n,n
r,r
ae,er
q,q
m,m
ih,ix
w,w
iy,iy
k,k
q,q
ix,ix
s,z
iy,iy
ix,axr
ih,ih
t,k
g,dh
r,r
t,ch
ih,ix
ey,iy
kcl,kcl
axr,axr
m,n
z,z
tcl,tcl
ao,ao
n,m
ax,eh
ae,ae
ng,m
ix,ix
eh,aa
ux,ux
d,p
ix,ux
dcl,tcl
tcl,tcl
pcl,gcl
ax,ih
ix,ix
tcl,tcl
m,n
z,z
r,r
jh,jh
s,s
ao,r
z,z
r,r
r,v
r,r
eh,ae
ax,n
ix,ih
s,s
t,t
ax,m
ng,m
iy,iy
t,t
m,m
ax,l
n,n
ix,ix
r,g
kcl,kcl
ae,ae
t,t
v,v
tcl,tcl
ow,uw
l,l
t,t
m,m
r,r
iy,iy
ay,ay
gcl,dh
ao,ao
v,dcl
l,l
q,g
s,s
ae,ae
s,s
en,n
tcl,tcl
v,dh
ix,ix
s,s
l,l
ix,iy
axr,axr
ow,oy
f,k
ix,ih
eh,eh
oy,ao
aa,ao
iy,iy
l,l
ey,ih
l,l
hv,hv
s,s
aa,r
gcl,tcl
gcl,tcl
ng,n
aa,aa
kcl,tcl
nx,l
eh,ih
sh,s
dx,l
ae,ae
w,w
en,dh
s,s
er,er
dx,dx
kcl,dcl
p,p
q,q
ao,ao
ey,ey
ax,r
ih,ix
z,s
ix,ix
axr,ix
n,n
hh,k
p,k
l,l
q,q
r,axr
ux,ux
pcl,pcl
iy,iy
n,n
s,s
k,k
el,ow
ih,iy
ow,aa
aa,ay
eh,eh
ih,iy
pcl,kcl
ix,ih
ay,ay
w,w
n,n
v,v
ih,ux
w,l
ch,t
sh,sh
iy,iy
m,m
ow,ey
k,k
ah,aa
m,m
aa,aa
eh,ih
n,n
ey,ey
n,n
b,g
ix,ix
ix,ix
ax,ax
n,n
v,v
tcl,tcl
t,s
t,t
ae,ae
pcl,tcl
n,n
jh,jh
zh,z
s,s
n,m
v,f
m,n
ah,oy
aa,ao
ow,ax
l,l
ix,ix
tcl,tcl
k,k
ix,ix
ih,ih
d,s
dcl,dcl
ao,aa
ow,ah
m,n
ih,iy
gcl,kcl
dcl,k
r,r
axr,r
w,l
l,l
ao,w
n,gcl
ux,iy
r,r
q,q
ay,ay
ae,ae
ax,dh
ey,iy
hh,k
ch,sh
iy,iy
z,z
ae,ey
n,n
kcl,kcl
aa,aa
l,q
aa,aa
kcl,kcl
pcl,tcl
er,l
ah,ay
z,s
ng,n
s,s
pcl,tcl
gcl,dcl
gcl,tcl
dcl,dcl
tcl,tcl
ay,aa
s,s
s,s
t,jh
r,r
ah,eh
s,s
ay,oy
er,axr
ah,ix
ae,ae
f,f
v,v
n,ix
ao,ao
eh,eh
eh,ae
sh,s
l,l
n,n
l,l
ay,ay
y,y
axr,axr
w,w
w,r
l,l
r,r
s,s
ix,ix
d,dh
ay,ae
z,z
n,n
ey,eh
ao,w
iy,iy
f,s
d,k
aa,aa
kcl,kcl
eh,ae
dcl,bcl
r,r
sh,sh
er,axr
w,ax
q,l
s,s
t,k
s,s
n,n
ay,ay
pcl,tcl
nx,n
ae,ae
z,s
s,s
iy,iy
l,l
ch,sh
m,m
ow,ah
er,ey
f,f
ey,ey
r,r
s,s
f,f
m,m
kcl,tcl
l,l
axr,l
ix,ix
pcl,tcl
gcl,axr
kcl,tcl
ah,ae
th,th
dx,dh
w,w
ow,el
k,k
er,er
eh,ih
k,tcl
aa,aa
tcl,tcl
ix,ix
el,ao
n,n
dcl,dcl
r,r
s,s
en,q
p,k
r,r
tcl,k
ng,q
n,n
m,m
axr,axr
n,ng
s,s
z,s
ey,ih
iy,iy
ey,ey
tcl,kcl
ix,iy
k,k
q,q
p,p
l,l
ih,ih
axr,ix
iy,iy
m,m
ao,ao
ix,ix
eh,ix
w,l
axr,er
p,f
jh,jh
ao,ao
ix,ix
ch,ch
m,l
eh,ey
pcl,dcl
ix,ix
kcl,tcl
iy,iy
ix,ix
er,axr
ux,ux
er,er
gcl,v
ow,ow
w,ao
iy,iy
aw,ae
gcl,dcl
ih,eh
tcl,kcl
iy,ey
ao,aa
k,t
iy,iy
iy,iy
q,kcl
pcl,tcl
l,l
ih,ih
tcl,tcl
sh,k
nx,n
ih,ih
l,l
ih,ih
ix,ix
eh,axr
s,s
r,aa
l,l
el,ao
ao,ao
s,s
b,tcl
dcl,kcl
tcl,tcl
ix,ix
ay,aw
ng,tcl
ux,ux
pcl,tcl
ih,ix
eh,aa
ux,ux
dcl,dcl
m,m
eh,eh
ay,ae
kcl,kcl
l,l
r,r
v,v
dh,t
ch,ch
ih,ih
ao,aa
ih,iy
l,l
w,w
eh,eh
w,w
axr,ae
r,r
k,k
l,l
l,l
n,n
ih,eh
v,dh
q,q
l,el
l,r
w,l
aa,ah
l,l
ng,axr
p,k
ax,ix
s,s
z,s
r,r
r,r
r,r
tcl,n
ix,ix
ao,l
w,w
tcl,bcl
tcl,tcl
tcl,tcl
ax,l
dcl,dcl
w,w
jh,jh
gcl,dcl
r,r
eh,l
ux,ih
ae,ay
iy,ey
ae,ay
zh,jh
s,s
z,z
ix,iy
pcl,tcl
s,s
m,m
ae,ae
ax,r
l,l
ah,ah
ix,ix
ix,ix
tcl,tcl
er,er
aa,ay
er,axr
iy,ih
axr,ix
jh,k
el,aa
ao,aa
b,p
m,n
ow,ow
r,axr
q,q
sh,s
el,l
ux,ux
ow,ow
q,q
t,k
r,r
ix,ih
jh,jh
tcl,g
tcl,tcl
n,dcl
s,s
kcl,kcl
gcl,n
kcl,tcl
pcl,pcl
l,l
ax,ix
n,n
k,k
f,dh
ae,ae
t,k
s,s
dx,ix
iy,iy
s,s
sh,s
s,s
th,s
iy,iy
ix,r
iy,iy
g,g
eh,ay
axr,ux
dcl,tcl
z,s
n,n
s,s
l,ax
ih,ah
t,k
ix,ix
ih,ux
ih,ih
f,f
ae,ae
n,n
kcl,tcl
hv,y
gcl,gcl
ay,ay
l,axr
jh,t
eh,l
aw,ay
s,s
oy,aa
pcl,tcl
r,r
dx,dx
ah,ah
tcl,tcl
ah,eh
y,y
l,ao
dcl,tcl
ih,ae
axr,axr
aw,aa
q,q
s,s
n,n
sh,sh
k,k
t,k
kcl,kcl
dcl,dcl
iy,iy
dcl,dcl
ix,ih
r,r
v,kcl
er,eh
l,l
axr,er
gcl,gcl
f,f
ao,el
oy,oy
l,l
s,s
ix,l
pcl,tcl
er,r
ix,ix
n,n
pcl,tcl
ih,ih
kcl,tcl
n,n
n,n
tcl,tcl
w,w
ao,ao
m,n
ao,ao
z,s
ax,ax
ao,ao
ah,ow
l,l
s,s
dcl,v
bcl,bcl
ix,ix
r,r
y,iy
r,r
sh,sh
ay,ay
pcl,tcl
er,er
w,r
n,n
dh,v
aa,aa
ux,ix
k,k
jh,jh
th,f
f,k
r,r
r,r
kcl,tcl
v,v
pcl,dcl
q,q
eh,ih
ay,ae
nx,n
t,k
er,axr
tcl,tcl
y,y
k,q
q,q
r,r
ow,eh
ey,ey
t,q
ax-h,tcl
s,s
q,k
y,y
t,k
v,dcl
kcl,tcl
eh,eh
iy,iy
uw,uw
ih,ix
ix,ix
tcl,tcl
dcl,dcl
k,k
m,ux
dcl,dcl
s,s
g,g
ao,r
oy,oy
ux,iy
dx,ix
t,k
ix,eh
nx,n
gcl,bcl
ux,iy
uw,ao
p,k
aw,ae
ix,ix
z,z
uh,ah
ae,ae
kcl,kcl
dcl,dcl
iy,ix
iy,ih
er,axr
dh,z
kcl,kcl
ae,ae
ow,ow
aa,aa
l,l
v,n
pcl,tcl
t,k
f,f
ax,ax
r,r
n,gcl
s,s
ih,ih
axr,r
ay,ay
gcl,dcl
ix,ix
q,k
s,s
axr,r
k,k
t,k
kcl,tcl
r,r
th,s
sh,sh
ix,ih
tcl,tcl
th,k
sh,sh
ih,eh
ng,dcl
l,l
r,r
eh,ae
s,s
axr,eh
ax,l
aa,aa
n,n
q,l
tcl,tcl
l,l
z,z
z,s
r,er
tcl,bcl
iy,iy
r,r
r,r
nx,nx
v,v
ch,t
y,iy
m,n
m,n
m,n
iy,iy
aa,aa
pcl,tcl
n,m
dcl,dcl
ax,ax
ch,k
ao,ao
ae,ae
gcl,r
n,n
f,tcl
pcl,tcl
axr,axr
tcl,kcl
q,q
b,dh
ao,ao
axr,er
l,l
k,k
axr,ix
sh,s
ey,ey
m,n
aa,aa
iy,iy
kcl,tcl
ux,ux
f,f
ch,k
z,s
w,w
r,r
n,n
gcl,n
l,l
ix,r
s,s
z,s
ao,ao
k,k
dcl,dh
ax,ix
k,k
ow,aa
eh,eh
z,s
tcl,n
t,t
kcl,kcl
ih,ix
y,ey
gcl,dcl
s,s
ae,ae
s,s
ae,ae
ae,ae
ix,ix
iy,iy
k,k
q,q
n,gcl
ah,eh
pcl,pcl
kcl,kcl
n,n
f,f
r,r
ao,ah
kcl,tcl
tcl,tcl
m,n
l,ao
gcl,gcl
pcl,kcl
w,w
aa,aa
ax,ax
ix,ix
q,q
s,s
dx,ix
r,r
kcl,dx
l,l
s,s
iy,ey
ae,ae
g,g
t,t
aw,ae
q,q
s,s
ae,ae
ow,ao
ow,ow
ae,ae
eh,eh
sh,s
ah,ax
q,dx
ix,ix
ay,ay
el,ng
n,n
ah,ah
oy,oy
p,g
gcl,gcl
ah,ah
s,s
ay,ay
s,s
t,jh
s,s
ax,ax
l,l
r,r
ng,n
f,t
ix,ix
d,t
q,q
g,g
w,w
l,l
l,v
g,g
ow,ow
dh,dh
ng,n
sh,f
en,ix
eh,eh
axr,r
iy,ih
v,n
m,n
dx,nx
w,w
ix,iy
iy,ey
q,q
t,t
f,v
ix,ix
p,k
ay,ae
ay,ay
n,v
k,k
iy,iy
q,q
l,l
n,n
er,axr
dcl,tcl
l,l
f,f
s,s
tcl,tcl
bcl,v
b,k
uw,iy
n,n
el,l
d,tcl
dcl,dcl
l,l
pcl,tcl
ax,v
eh,ay
ao,w
hv,hv
ao,ao
l,l
er,er
q,l
ix,n
n,n
r,l
iy,iy
dh,k
ay,ay
w,l
d,k
n,m
dx,dx
gcl,n
k,k
n,kcl
z,z
s,s
k,k
ax,l
ah,ah
iy,ux
k,t
er,er
eh,ih
kcl,gcl
en,ix
w,l
l,l
ey,ey
ih,ix
iy,iy
ax,dx
s,s
tcl,tcl
ih,ih
ao,l
aw,ae
iy,iy
ah,l
hv,hv
er,r
ow,ih
k,k
ao,ao
l,q
n,n
pcl,tcl
g,g
n,n
tcl,tcl
q,q
ux,ix
l,l
k,k
ey,ey
l,el
q,q
ix,n
q,q
ao,ao
ey,iy
kcl,tcl
nx,dx
ux,r
iy,iy
r,r
ow,l
tcl,kcl
k,k
ae,ae
iy,iy
w,v
hv,hh
hh,k
ah,ah
n,m
ih,ix
ah,aa
l,w
q,q
t,t
ih,ih
l,l
z,z
tcl,tcl
gcl,tcl
tcl,tcl
r,r
q,q
el,l
w,w
ae,ae
hh,t
tcl,tcl
th,s
ix,ix
q,q
ih,ih
ey,ey
aa,r
z,s
t,k
pcl,tcl
t,t
m,m
ix,ix
iy,ix
n,n
ix,iy
iy,iy
ix,ae
n,n
r,r
l,l
uh,ax
l,l
dcl,dcl
eh,r
n,n
pcl,tcl
s,s
ow,ow
en,en
ow,ow
iy,y
ax,ix
z,z
ao,w
z,s
d,dx
dcl,dcl
m,l
t,k
eh,eh
q,q
iy,iy
w,l
ae,ae
axr,r
hh,hh
hh,hv
bcl,pcl
hv,hv
w,w
z,z
pcl,tcl
dh,dh
d,k
aa,ao
n,n
eh,r
dh,dh
ix,eh
ih,ih
uh,r
hh,k
kcl,tcl
d,t
ix,ax
aa,aa
tcl,dcl
n,n
axr,axr
l,l
g,g
s,s
z,z
tcl,tcl
w,w
n,n
k,k
t,t
l,l
ix,r
ax,r
axr,axr
ao,r
dcl,tcl
ix,ix
dx,g
th,dh
hv,hv
ix,ax
ih,ih
zh,s
ow,l
l,l
ax,ix
dcl,tcl
f,th
r,r
axr,l
uh,ey
dcl,gcl
l,l
r,r
q,q
iy,iy
axr,axr
r,r
aa,aa
tcl,tcl
ae,ae
tcl,tcl
sh,sh
z,z
ow,ow
n,n
r,r
q,k
w,w
ix,l
r,r
tcl,tcl
eh,ow
hv,hv
m,m
s,s
t,g
s,s
tcl,kcl
ao,ao
ey,ey
kcl,tcl
nx,dcl
kcl,dcl
er,er
hv,ih
dcl,dcl
n,m
aw,ae
g,g
el,ao
iy,iy
k,k
r,r
ao,ow
ao,ae
f,f
el,l
n,n
eh,eh
er,er
q,q
ih,r
r,r
s,s
ux,ey
ih,ux
bcl,bcl
r,r
iy,iy
ih,ax
ax,ow
ix,ix
ih,ax
er,r
ih,ih
ao,aa
iy,ey
eh,r
k,k
ah,ay
r,r
tcl,dx
n,n
v,ix
bcl,bcl
ax,ax
ix,q
iy,ey
pcl,tcl
n,n
ae,ae
r,r
dcl,dcl
ix,ix
t,jh
l,l
ey,ey
ae,ae
ey,ey
sh,s
er,ux
gcl,dcl
n,n
th,tcl
s,s
ay,ay
pcl,tcl
gcl,dcl
ih,ix
iy,ix
s,s
f,f
q,q
n,n
ey,ay
ao,aa
g,g
ey,ey
r,r
k,k
t,k
ax-h,ix
axr,r
f,f
ax,l
ux,ux
ae,ae
tcl,dcl
g,g
z,s
m,n
dcl,tcl
ae,ae
nx,n
dcl,tcl
axr,axr
s,s
eh,l
kcl,k
k,k
l,n
tcl,tcl
ow,ow
pcl,tcl
ih,axr
dcl,dcl
k,k
iy,iy
tcl,tcl
kcl,tcl
dcl,tcl
ih,ix
ux,ux
r,r
aa,aa
iy,iy
l,l
th,f
ae,ae
bcl,kcl
p,dh
ih,ix
k,k
w,w
iy,iy
bcl,tcl
ax,uw
l,l
l,l
r,eh
r,r
iy,iy
m,n
aa,r
n,n
ah,eh
w,w
m,m
t,t
ah,ah
eh,ey
ae,ay
s,z
hv,n
w,n
ao,er
bcl,dcl
y,iy
ux,ux
s,s
aa,aa
aa,aw
z,s
iy,iy
s,s
er,er
s,s
ah,l
r,r
s,s
pcl,tcl
ih,er
m,m
ix,ax
n,m
ow,l
iy,iy
ix,ix
t,d
ix,ix
bcl,kcl
eh,hv
er,ae
er,er
pcl,tcl
z,s
er,ux
er,r
s,s
eh,ux
ix,ix
dcl,dcl
ay,ay
axr,axr
ey,ey
s,s
w,w
ae,ae
ng,el
r,r
v,v
axr,axr
ih,ih
ao,axr
ah,ao
kcl,kcl
t,t
g,g
k,t
s,s
iy,iy
l,l
ey,ey
l,l
dcl,dcl
t,t
s,s
n,n
kcl,kcl
g,kcl
ih,l
ix,ix
pcl,pcl
iy,iy
aw,aa
er,eh
s,s
r,r
eh,eh
l,l
ix,ix
r,r
tcl,dx
r,ix
axr,axr
l,l
k,k
z,z
axr,r
ao,ao
f,f
ix,ix
ux,ux
r,r
k,k
r,r
dh,dh
t,s
s,s
k,k
pcl,kcl
iy,iy
p,k
t,k
tcl,tcl
dcl,dcl
w,w
kcl,tcl
ux,ih
dx,dcl
n,n
m,m
ax,ax
ay,ay
uw,er
ih,iy
w,l
ax,ax
s,s
n,ix
eng,n
ch,sh
ah,r
axr,axr
ih,ih
ao,ao
m,n
kcl,kcl
th,z
tcl,tcl
tcl,q
w,m
n,n
ix,ih
pcl,tcl
z,z
ax,ax
aa,aa
k,k
r,r
n,n
eh,ow
er,r
q,q
aw,ae
n,dcl
s,s
k,g
dx,ix
aa,l
m,m
n,n
dx,dx
l,l
ae,ae
jh,s
r,l
hh,k
ax,bcl
eh,ih
z,s
n,ax
ao,aa
pcl,tcl
ey,ih
pcl,tcl
d,t
ao,ao
n,ix
ow,axr
m,n
aa,aa
ix,ix
pcl,tcl
k,k
ah,ah
tcl,tcl
tcl,dx
p,k
s,s
ix,ix
n,m
s,s
n,n
q,q
kcl,kcl
t,t
ey,iy
axr,axr
ey,ey
ay,ay
kcl,tcl
kcl,kcl
l,l
ey,ey
ih,iy
ix,r
ix,ix
ih,ih
uw,ao
n,n
sh,sh
z,z
dcl,dcl
aa,aa
ih,ix
er,er
ow,ay
b,p
pcl,kcl
m,en
hh,hh
p,k
ax,ix
y,y
l,l
em,m
tcl,tcl
n,n
el,el
axr,axr
l,l
ix,ix
ih,ih
ow,ow
ax,ix
m,n
tcl,tcl
k,k
l,l
g,g
bcl,dcl
f,f
l,l
kcl,kcl
el,el
m,n
t,s
r,r
kcl,kcl
l,l
v,k
ah,ae
ix,ix
ae,ae
dcl,dcl
ay,ay
dh,th
f,f
oy,oy
iy,iy
l,ax
ch,s
s,z
dcl,tcl
ih,ih
w,w
ih,ih
axr,r
ah,aa
dcl,dx
el,q
y,y
ao,ao
ey,ey
w,ao
nx,n
ng,m
q,ix
l,l
k,s
kcl,kcl
sh,sh
m,n
p,k
en,ix
m,n
s,s
ae,ae
n,dx
t,t
r,r
aa,ae
ey,ey
pcl,kcl
l,n
v,ix
k,k
v,tcl
w,l
eh,iy
dcl,tcl
aa,aa
iy,iy
ow,ow
t,g
iy,iy
axr,axr
z,z
r,r
k,k
ey,iy
dcl,dcl
r,axr
s,s
dx,dx
ey,ey
iy,iy
s,s
ix,iy
ng,n
m,dh
l,ao
z,z
n,n
m,m
ih,ey
kcl,kcl
t,k
ix,eh
ey,ey
aw,ae
ng,n
z,jh
ey,ey
s,s
s,s
s,s
dx,tcl
m,tcl
iy,ih
ix,ix
eh,er
gcl,tcl
f,f
er,er
f,f
axr,axr
eh,eh
n,n
ax,ow
ow,el
iy,iy
t,t
ux,ix
k,k
en,ux
ih,ux
kcl,kcl
s,s
bcl,pcl
f,f
axr,ix
ao,aa
dh,z
iy,iy
ey,ey
kcl,kcl
d,t
z,z
sh,sh
tcl,tcl
l,w
ux,iy
m,m
tcl,tcl
ae,ey
dcl,gcl
iy,axr
aw,l
ih,ih
k,k
tcl,z
gcl,gcl
aa,ow
z,z
q,ax
k,k
ng,v
er,aa
s,s
ix,ix
dh,z
ax,l
r,r
aa,aa
er,er
l,l
tcl,tcl
ax,r
kcl,tcl
gcl,gcl
t,k
aa,aa
ay,ay
dx,dx
k,k
r,r
ix,ax
gcl,kcl
l,l
uh,ow
dcl,dcl
v,v
iy,ih
iy,iy
g,g
ix,ix
s,s
zh,sh
l,q
w,w
f,f
dcl,tcl
dh,dh
ae,ae
axr,n
r,axr
ey,ey
kcl,kcl
dh,dh
l,l
f,f
k,k
r,r
r,r
s,s
kcl,tcl
bcl,n
pcl,tcl
axr,r
g,tcl
n,n
ix,ix
sh,s
n,n
ah,r
en,en
kcl,kcl
ao,ao
aa,ae
d,k
ax,l
ae,ae
q,q
tcl,tcl
p,dh
ay,ay
axr,ae
tcl,tcl
ow,ao
ax,ix
axr,er
bcl,w
w,l
eh,ae
axr,r
gcl,gcl
kcl,kcl
ix,l
k,k
dx,dx
dcl,tcl
s,s
s,s
iy,r
r,r
r,ih
n,n
ay,ay
tcl,tcl
r,r
axr,r
kcl,tcl
p,k
n,n
eh,eh
ay,ay
r,bcl
ay,r
n,n
tcl,tcl
y,iy
z,s
z,s
r,v
z,s
z,z
ae,ae
l,l
en,n
l,l
p,k
axr,axr
kcl,tcl
gcl,dcl
k,k
kcl,tcl
p,dh
hh,hh
hh,hv
eh,axr
aa,ay
dcl,n
ix,ix
ix,ix
r,r
hv,iy
l,l
gcl,gcl
ey,ih
el,ow
ay,ay
ih,iy
ih,eh
s,s
q,q
tcl,kcl
r,r
tcl,tcl
aw,ae
r,r
ih,ix
m,v
dh,t
sh,sh
kcl,kcl
kcl,tcl
r,r
ix,ix
t,t
er,er
dcl,dcl
v,n
m,m
t,k
k,k
pcl,tcl
r,r
ix,ix
r,r
kcl,kcl
n,n
er,axr
gcl,kcl
kcl,kcl
ih,ix
z,z
bcl,dcl
ah,eh
q,ix
k,k
dh,dh
v,v
pcl,tcl
iy,ay
l,l
m,m
ah,eh
l,n
eh,ae
n,n
s,s
ng,n
ow,er
k,kcl
ih,ih
n,m
n,n
t,tcl
t,t
p,t
k,k
k,tcl
f,f
t,t
iy,iy
r,r
f,f
s,s
r,n
ix,ix
ah,aa
iy,ix
ix,ix
ix,ix
kcl,tcl
axr,r
q,q
iy,ix
ae,ae
dcl,dcl
ao,r
ax,ax
ey,iy
kcl,kcl
gcl,gcl
sh,sh
zh,z
z,s
s,s
t,k
k,k
w,l
y,y
ix,ow
ae,ae
pcl,dcl
iy,r
r,r
th,t
kcl,kcl
dcl,tcl
ih,iy
k,g
s,s
w,w
ae,ae
ix,q
ow,l
v,v
n,n
dh,dh
ix,ih
y,ih
t,t
ay,ay
tcl,dcl
n,n
d,n
d,d
f,z
ih,ey
sh,s
eh,er
m,n
s,s
tcl,kcl
d,k
eh,ih
ae,er
aa,aa
tcl,tcl
n,n
kcl,tcl
t,t
f,f
bcl,dcl
r,r
w,l
ix,ix
aa,aa
dh,dcl
ae,ae
ae,eh
m,m
l,l
jh,sh
uw,axr
k,k
ux,ux
n,n
q,l
ih,r
ow,ow
aa,aa
g,g
r,r
n,n
iy,iy
aa,aa
kcl,tcl
s,s
d,dh
z,z
ix,g
s,s
s,s
kcl,kcl
f,f
r,l
ux,ux
f,f
ao,ao
l,l
n,n
t,k
ch,ch
kcl,tcl
oy,oy
ix,ih
n,n
er,er
s,s
ae,ae
eh,ix
aw,oy
l,l
ah,eh
w,w
q,q
axr,r
tcl,dcl
l,l
t,k
d,k
er,er
ih,ix
r,l
l,l
tcl,tcl
aw,aw
n,dh
m,m
ao,ao
hv,q
ow,ah
axr,axr
ih,iy
hv,hv
oy,ao
d,t
ey,ey
ah,ae
ey,iy
l,l
hh,hh
r,r
eh,ax
tcl,tcl
m,tcl
z,z
ae,ae
n,n
tcl,tcl
n,n
tcl,tcl
s,s
ix,ix
ax,axr
w,w
y,y
bcl,bcl
t,dh
s,s
pcl,pcl
axr,axr
eh,eh
w,w
ix,axr
iy,ux
ix,q
ae,ae
aa,aa
jh,ch
z,s
dx,dcl
tcl,tcl
ix,ix
r,ae
ao,l
eh,eh
z,z
er,er
ax,ax
dh,n
q,q
r,r
m,n
dx,n
w,w
q,q
ae,ae
k,k
l,l
ae,ae
n,m
sh,sh
r,r
s,s
uw,l
en,n
eh,eh
s,s
s,s
s,s
iy,iy
el,w
n,n
kcl,tcl
eh,eh
r,r
tcl,dcl
axr,r
l,l
tcl,dcl
s,s
tcl,tcl
l,l
y,y
uw,ow
ao,aa
ax,ax
ih,iy
er,er
ao,aa
uw,r
q,q
ah,ah
iy,iy
m,n
ae,ae
r,r
k,k
iy,iy
ax,ao
th,s
m,m
axr,axr
ih,ae
p,f
kcl,kcl
jh,jh
n,n
ih,ih
axr,axr
dh,dh
ow,ao
ow,ow
l,l
ih,ey
r,r
er,er
pcl,v
kcl,kcl
z,z
pcl,pcl
l,l
er,aa
ax,ax
tcl,tcl
ah,ah
gcl,dcl
s,s
er,er
sh,s
pcl,kcl
f,f
w,w
kcl,kcl
z,s
z,z
t,t
m,n
ix,ix
r,r
dcl,tcl
ah,ax
bcl,bcl
bcl,tcl
l,v
aa,ay
y,iy
dh,dh
kcl,kcl
tcl,tcl
y,y
l,dx
f,f
sh,sh
ao,ao
s,s
aw,ao
s,s
ux,ix
ey,ey
ae,eh
ah,ah
r,er
eh,l
ix,ix
ux,iy
n,ix
l,r
ao,ao
l,ix
s,s
ow,ao
q,q
eh,ey
dcl,dcl
y,dx
y,iy
n,m
w,l
uw,ow
l,ow
pcl,kcl
eh,ix
l,l
ih,ih
q,q
sh,s
s,s
ow,el
iy,iy
s,s
aa,aa
t,t
aa,aa
ow,l
r,r
ux,ux
z,s
ih,axr
ix,ix
dcl,dcl
jh,jh
m,m
el,el
el,w
tcl,dcl
en,n
tcl,tcl
ax-h,tcl
p,tcl
ow,el
m,m
axr,axr
l,l
tcl,tcl
axr,r
s,s
ix,iy
s,s
ih,ux
pcl,tcl
ah,oy
ix,iy
aa,eh
aa,aa
k,tcl
l,l
n,n
ih,eh
ow,ow
ax,ah
n,n
k,tcl
s,s
axr,ix
bcl,dcl
ih,ih
ax,ax
ax,ax
m,axr
ix,ix
g,g
l,l
tcl,tcl
dcl,dcl
iy,ih
n,n
aa,ay
ux,ux
iy,ih
z,z
dh,dcl
t,t
ix,ix
pcl,tcl
n,n
ux,ey
ay,ay
pcl,kcl
m,m
er,ao
tcl,tcl
ih,ey
ix,ix
z,s
ix,ux
aa,eh
r,r
k,k
er,er
ah,ah
ix,l
ih,ix
n,n
hh,k
bcl,dcl
ay,ay
aa,er
sh,s
ng,n
ao,ao
q,q
n,n
ax,l
ao,ao
q,q
r,r
ix,n
ix,ix
iy,iy
dx,l
nx,m
hv,ix
k,k
hh,k
m,m
ay,ay
ae,ae
n,n
l,l
q,n
n,dh
ih,axr
ay,ay
m,m
ch,ch
w,l
oy,ow
ao,ao
ae,ae
y,n
en,m
kcl,kcl
s,s
ix,ay
z,s
iy,iy
ah,ao
dcl,dcl
eh,ae
eh,ae
uw,ey
ey,ey
r,axr
iy,iy
gcl,tcl
ah,ah
w,l
m,m
kcl,tcl
ax,ix
n,n
ix,l
nx,n
iy,iy
tcl,kcl
er,r
l,dx
ao,l
ao,aa
d,k
ow,ae
ae,ae
s,s
er,er
ao,ao
sh,sh
n,n
iy,iy
t,t
n,n
l,l
t,t
w,w
kcl,kcl
s,f
l,l
tcl,dcl
dcl,dcl
ay,ay
dx,dx
ow,ow
ax,ix
w,l
s,s
q,q
w,l
ih,ih
tcl,tcl
axr,ih
axr,er
w,w
sh,sh
m,m
l,uw
jh,jh
ix,ix
tcl,tcl
t,t
l,ih
pcl,v
aw,aa
s,s
ch,sh
axr,axr
iy,iy
v,dcl
n,m
dh,dh
ey,iy
bcl,kcl
d,d
s,s
d,jh
l,l
n,n
er,er
hv,v
v,n
v,v
q,k
s,s
q,q
eh,ae
iy,iy
ix,iy
n,n
w,w
bcl,tcl
ey,ey
ng,m
f,s
ay,ay
tcl,tcl
n,n
g,tcl
m,n
p,tcl
g,dh
uh,ix
ih,iy
g,k
n,n
p,v
ay,ay
ow,ow
n,n
dh,dh
hh,hh
kcl,kcl
s,z
q,ax
k,k
tcl,n
ux,iy
t,sh
q,r
n,n
w,w
l,l
ax,ax
er,ux
dx,dx
dh,dh
ng,n
er,er
v,v
l,r
kcl,tcl
iy,iy
pcl,pcl
er,iy
kcl,g
ao,l
v,v
kcl,kcl
dx,v
w,w
q,q
ey,ey
s,s
kcl,tcl
t,k
gcl,n
eh,eh
l,l
ix,r
s,s
l,l
pcl,dcl
ih,n
iy,iy
iy,ix
m,dx
q,q
r,r
en,q
k,k
aa,aa
ao,ao
ix,ix
ao,ao
v,f
n,n
jh,jh
ih,eh
k,k
tcl,pcl
pcl,tcl
aw,ae
v,d
ow,oy
ih,ax
iy,ih
uw,ow
r,r
tcl,tcl
el,l
ax,ix
s,s
k,k
aa,aa
ix,eh
dx,tcl
ux,dx
ih,iy
p,tcl
ix,q
l,l
iy,iy
gcl,n
n,n
ae,ae
el,aa
q,q
ix,ix
ay,eh
ax,l
axr,ao
dh,dh
ao,oy
ao,r
ae,ae
q,q
uw,ax
iy,iy
p,t
t,k
ix,ix
ae,ey
l,l
aa,aa
ey,ey
tcl,kcl
er,axr
n,n
ah,ae
r,er
v,g
ey,ih
ow,aa
m,n
l,l
w,w
s,z
y,y
t,t
ow,ow
ey,ey
ay,ay
r,r
f,f
dcl,dcl
ax,q
axr,ih
n,n
r,r
r,r
ao,l
z,s
ae,er
ix,ax
y,y
z,sh
eh,ih
ah,ah
f,v
q,k
t,t
tcl,kcl
ae,ae
w,w
d,dh
ih,ih
k,k
ah,ah
eh,ax
y,y
eh,ow
kcl,kcl
eh,eh
ae,ay
ax,ah
n,n
m,m
s,s
dcl,dcl
z,z
ae,ey
axr,r
l,w
l,l
kcl,kcl
iy,iy
ao,ay
ay,ay
en,n
w,l
dx,ix
tcl,tcl
s,s
m,m
k,k
s,s
q,iy
n,n
el,el
v,gcl
l,l
er,er
ih,ux
iy,ey
ae,ae
s,s
aa,aa
l,l
s,s
ow,er
ay,ay
ay,oy
s,s
iy,ey
d,t
dx,n
ax,ix
pcl,n
p,k
iy,iy
r,r
iy,iy
r,r
iy,axr
ax,ah
s,s
g,k
m,n
r,ao
en,n
y,y
ih,ux
s,s
z,z
r,r
dcl,dcl
ix,ix
k,tcl
uh,el
oy,ay
n,m
iy,ay
ng,gcl
bcl,pcl
f,f
ix,ix
aw,ae
v,f
ng,m
ix,eh
kcl,kcl
axr,l
m,n
ay,ay
ix,ih
tcl,dcl
eh,ix
ae,eh
aa,ae
iy,ix
d,t
bcl,n
s,s
pcl,tcl
n,n
aa,aa
ix,ix
l,l
l,l
t,t
jh,jh
dcl,dcl
z,z
kcl,tcl
ih,er
w,r
eh,ih
ix,ix
el,ao
gcl,gcl
ix,ix
oy,oy
l,l
dx,k
l,l
n,n
bcl,bcl
ax,eh
w,w
ao,aa
ey,ey
r,axr
ih,ix
v,dcl
ah,ix
q,q
r,r
ix,ix
iy,iy
iy,iy
r,r
p,k
q,k
sh,sh
aa,aa
ux,r
tcl,dcl
r,r
d,t
t,t
m,n
dx,dcl
iy,ey
axr,axr
t,t
r,r
kcl,kcl
gcl,q
ix,ax
ih,iy
k,k
m,m
ix,ix
l,l
sh,sh
ux,ix
ch,ch
dcl,bcl
axr,axr
r,r
ay,ay
m,n
ah,ih
gcl,r
ow,el
aa,aa
v,f
iy,iy
v,dh
kcl,tcl
iy,y
tcl,tcl
dcl,dcl
r,r
l,r
t,k
ix,dh
tcl,tcl
bcl,f
ix,ix
aw,aa
q,axr
r,r
ay,ay
r,er
n,n
l,ix
p,k
er,axr
v,v
r,l
uh,ix
k,k
th,s
kcl,kcl
n,dh
z,s
ey,ih
ey,ey
d,k
n,n
s,s
n,n
ay,ay
tcl,tcl
ae,ae
w,l
kcl,kcl
q,q
d,t
ng,n
l,r
y,q
l,r
m,m
iy,ih
ae,ae
el,el
f,s
l,l
w,w
k,k
iy,iy
kcl,tcl
t,d
ae,ae
f,s
r,r
ih,ix
ix,ix
gcl,gcl
dcl,dcl
pcl,dcl
ax,l
th,dh
ih,ih
ih,ih
kcl,kcl
s,s
ax,q
gcl,gcl
t,t
bcl,dcl
ih,ix
ey,ey
t,t
l,l
r,r
l,ax
k,k
t,s
tcl,tcl
z,s
iy,iy
s,s
ng,n
tcl,tcl
s,s
axr,r
kcl,tcl
y,iy
s,s
s,s
ae,ae
ix,ux
ae,eh
en,n
dcl,dcl
ao,ao
en,r
iy,iy
tcl,tcl
k,k
ae,ae
s,s
t,k
ix,ix
ah,ae
l,ao
ix,ix
r,er
f,f
uh,eh
tcl,kcl
s,s
iy,iy
t,t
iy,ey
iy,iy
y,ux
f,f
ih,ix
ux,ux
ah,ah
axr,axr
dcl,gcl
dh,dh
dcl,dcl
s,s
m,n
m,m
v,v
q,q
ux,ey
n,n
n,m
n,n
n,n
ih,ix
ix,ix
r,g
n,n
pcl,tcl
ah,eh
ix,l
ih,ey
t,k
kcl,kcl
q,q
t,z
ah,ah
kcl,tcl
w,l
th,f
ix,ix
axr,axr
g,tcl
axr,axr
ao,w
iy,iy
f,f
s,s
ax,ax
l,l
r,r
ax,ax
r,r
hh,k
t,t
ux,ux
p,k
tcl,pcl
eh,ay
s,s
iy,r
dcl,tcl
th,p
iy,iy
v,v
ae,ey
ix,ix
axr,er
oy,oy
ow,uw
ix,ix
aa,ah
tcl,tcl
r,er
b,tcl
t,t
aa,aa
r,r
ix,ix
r,r
ix,ix
ae,ae
ow,l
ix,ix
g,g
sh,sh
n,n
ao,r
q,dh
r,r
axr,r
bcl,bcl
axr,er
ow,ow
v,k
dcl,tcl
g,g
hv,hh
l,l
aw,aa
iy,ix
r,axr
s,s
f,s
iy,ux
aa,aa
s,s
r,r
ao,aa
axr,r
s,s
w,w
s,s
pcl,pcl
ih,ix
iy,iy
oy,oy
ix,ih
r,r
dh,n
s,s
pcl,kcl
f,f
ow,l
t,t
tcl,tcl
hh,k
ow,ay
ih,ih
kcl,kcl
w,w
ix,ix
g,tcl
el,el
kcl,tcl
dh,dh
n,n
ix,ix
s,s
l,l
ix,q
axr,er
dcl,dx
tcl,tcl
th,f
tcl,tcl
tcl,bcl
ng,ng
s,s
ao,aa
th,th
z,s
ax-h,q
r,er
ix,ix
pcl,kcl
axr,r
ix,ix
eh,aa
tcl,tcl
tcl,tcl
z,z
ax,ix
iy,y
iy,ux
ih,eh
ow,ih
ax,ah
ch,s
q,tcl
k,k
m,m
er,axr
dcl,dcl
dh,g
ng,n
ih,iy
ix,ix
r,aa
aa,ah
ah,eh
axr,v
ng,ng
nx,dx
s,s
ix,ih
ix,eh
ih,ey
n,n
ay,ay
jh,jh
dh,dh
ix,iy
r,r
m,m
r,r
nx,n
iy,iy
n,n
q,q
y,y
uw,ux
hv,hh
ow,el
ih,iy
iy,ih
iy,iy
s,s
kcl,kcl
ah,ao
s,s
ey,ey
uh,ah
aa,ow
axr,r
aa,ao
w,w
n,n
bcl,v
el,ax
q,q
n,n
bcl,bcl
ux,uw
ae,ey
ao,ao
iy,iy
eh,ey
jh,z
kcl,kcl
axr,axr
l,ao
w,w
tcl,tcl
ae,ae
axr,axr
s,s
n,n
ix,q
ih,ux
l,q
ix,ix
eh,ae
sh,sh
q,r
nx,l
eh,ix
g,g
v,v
r,r
kcl,kcl
ae,ae
k,k
tcl,tcl
ix,ix
bcl,gcl
ax,ax
tcl,tcl
eh,er
th,dh
pcl,tcl
l,ay
s,s
ah,eh
y,y
l,q
ix,ix
ux,ix
ah,aa
ix,ix
g,g
iy,ey
ih,ih
z,s
k,k
er,er
w,w
kcl,tcl
t,t
ih,iy
dcl,kcl
ih,ey
aa,aa
nx,n
pcl,tcl
eh,eh
ng,n
kcl,tcl
s,s
iy,ih
kcl,tcl
b,f
nx,ix
tcl,tcl
aa,aa
hh,k
ax,ix
t,t
kcl,gcl
l,l
v,dh
z,z
m,n
jh,jh
d,t
s,s
aw,aa
r,r
dx,n
f,s
axr,axr
iy,iy
r,r
l,l
ix,ix
ao,aa
ix,l
eh,ae
dcl,gcl
th,dh
eh,ix
gcl,dcl
tcl,tcl
aw,aa
iy,ix
aw,q
g,g
ey,ay
ux,ih
s,s
s,s
l,ax
ao,ao
k,k
r,r
tcl,dcl
ix,ix
ng,n
f,f
s,s
m,n
n,n
iy,iy
p,p
s,s
q,dx
s,s
ux,iy
n,gcl
ix,axr
eh,ae
iy,iy
ow,ao
ao,ao
dcl,dcl
axr,er
ih,ih
w,w
kcl,tcl
q,g
iy,iy
y,y
ow,oy
sh,sh
iy,iy
aa,aa
ao,ao
v,v
ix,ux
tcl,tcl
ih,ey
s,s
r,r
el,el
axr,axr
ow,aa
ae,ay
ae,ae
s,s
ay,ay
y,hv
ih,ih
l,aa
ix,m
n,n
ix,z
s,s
d,d
ix,ix
ux,ae
tcl,tcl
n,n
kcl,kcl
tcl,kcl
ay,ay
n,q
m,n
d,k
l,ah
s,z
t,t
iy,ix
p,dh
iy,iy
gcl,bcl
f,f
z,s
m,n
w,q
axr,axr
ey,axr
iy,iy
w,w
bcl,bcl
ih,ey
ix,eh
ao,ao
ux,ux
jh,jh
m,n
s,s
eh,eh
kcl,kcl
kcl,tcl
ix,ax
ix,iy
r,r
iy,iy
s,sh
n,n
iy,iy
pcl,tcl
aa,aa
axr,r
q,q
gcl,gcl
z,z
dh,s
ax,l
r,r
w,w
p,k
ix,ix
z,s
iy,iy
oy,aa
l,l
kcl,kcl
ax,ix
iy,iy
dh,dh
iy,n
dcl,dcl
m,n
ih,ih
l,l
ao,ao
iy,iy
iy,iy
s,s
k,k
s,s
v,n
bcl,dcl
kcl,tcl
ix,ow
l,q
iy,iy
iy,iy
v,r
kcl,tcl
ae,ae
ay,ay
er,axr
k,k
tcl,tcl
r,r
ae,ae
th,z
s,s
kcl,kcl
axr,axr
kcl,kcl
kcl,tcl
ix,ix
tcl,tcl
l,l
el,l
f,f
ix,ix
pcl,tcl
ao,ow
ow,q
k,k
dx,ix
n,n
k,g
f,f
iy,eh
r,r
r,r
t,t
iy,ey
iy,iy
ix,q
iy,iy
ix,ax
z,z
s,s
l,w
n,n
n,n
ae,ae
q,q
ay,ay
aa,ao
ax,ix
ah,l
t,tcl
q,q
v,v
f,f
n,n
ng,ix
en,ax
ng,n
n,n
pcl,f
ae,ae
tcl,tcl
dx,n
z,s
s,s
iy,iy
n,n
uh,ux
ih,ng
tcl,tcl
ah,ix
kcl,tcl
n,v
w,v
ix,l
ih,ix
d,kcl
iy,ih
iy,ay
g,g
iy,ih
dcl,dcl
y,y
n,n
ax,l
dh,dh
f,f
ih,iy
r,r
r,r
n,n
g,k
m,m
f,f
tcl,dcl
z,s
q,q
r,r
ih,ix
q,gcl
ah,eh
axr,aa
ey,ey
n,n
hv,hv
ah,ah
q,ix
n,m
l,l
m,v
q,k
ay,ay
s,s
q,q
l,l
ng,n
ax,ax
bcl,dcl
iy,ey
eh,ae
dcl,dcl
ay,ey
r,axr
ah,eh
dx,n
ix,ix
aa,aa
ix,eh
hv,hv
iy,iy
ix,eh
er,er
s,s
aa,aa
q,q
hv,ix
gcl,gcl
hh,t
ao,oy
t,jh
t,k
s,s
pcl,pcl
q,q
ax,ix
iy,ey
iy,iy
iy,iy
aa,aa
ng,n
s,z
y,y
nx,n
r,r
g,kcl
ih,ix
aa,ay
r,r
l,l
y,hv
kcl,kcl
iy,iy
z,z
f,f
g,k
dcl,tcl
dcl,bcl
dh,tcl
q,n
l,l
pcl,tcl
s,s
ux,ux
d,jh
z,z
tcl,y
ao,l
d,t
r,r
ix,ix
tcl,dcl
v,dx
ih,iy
tcl,tcl
t,t
eh,eh
dx,r
ix,ay
m,n
q,q
y,iy
dh,tcl
l,ix
ae,ae
s,s
s,s
k,k
ah,ax
iy,iy
y,y
eh,eh
nx,n
z,z
bcl,bcl
ax,ax
y,iy
eh,l
dh,dh
r,r
f,f
ay,aa
ao,ow
ax,q
k,k
dx,k
kcl,kcl
ey,ey
z,s
ao,ao
ix,l
ch,sh
pcl,tcl
el,el
axr,er
s,s
iy,iy
l,l
iy,r
r,r
jh,k
t,d
kcl,tcl
y,y
f,f
tcl,kcl
dh,dh
eh,eh
s,s
ey,ey
en,n
r,r
ix,ix
aa,ae
iy,ih
dcl,kcl
uw,uw
tcl,q
ix,ix
p,tcl
hh,k
pcl,tcl
oy,ay
sh,sh
s,s
ix,n
axr,r
f,f
w,l
v,dcl
bcl,bcl
v,f
m,m
ax,ax
en,en
ax,r
iy,iy
gcl,gcl
eh,eh
l,el
jh,z
sh,sh
k,k
kcl,kcl
z,s
l,l
iy,iy
iy,y
en,ix
y,iy
l,iy
z,z
r,axr
r,r
kcl,kcl
ae,ae
dh,f
hv,y
iy,iy
y,y
z,s
s,s
r,r
iy,iy
s,s
th,z
bcl,f
zh,t
dh,dh
kcl,kcl
k,k
ao,aa
ow,ao
gcl,n
er,er
r,r
tcl,tcl
iy,iy
n,n
aa,ao
iy,ix
aa,aa
gcl,pcl
aa,ah
tcl,tcl
bcl,tcl
ae,eh
t,k
s,s
ih,ey
n,q
aw,ae
d,q
iy,ix
kcl,dcl
r,r
ix,ix
ow,ey
k,k
g,g
l,n
w,w
n,n
l,l
kcl,tcl
ae,ay
bcl,dcl
hh,hh
tcl,dcl
ey,ey
k,k
dcl,dcl
m,m
q,q
f,f
bcl,tcl
ix,ix
ao,aa
k,k
v,m
ao,ao
m,m
sh,sh
aa,aa
v,v
dh,dh
iy,hv
s,s
l,l
k,k
iy,r
ey,ay
s,s
g,g
dx,r
q,q
ih,r
k,g
ih,ax
ix,r
tcl,kcl
v,bcl
s,s
iy,iy
ay,ay
k,k
jh,dx
dx,dx
ax,ax
p,k
g,k
aw,er
ux,iy
s,s
m,n
f,f
aa,aa
ix,ix
ch,k
ix,ix
bcl,tcl
ix,ix
w,l
iy,iy
f,s
f,k
ao,ao
aw,ae
g,k
iy,iy
ay,ay
l,q
r,ix
iy,iy
jh,t
oy,oy
r,r
tcl,jh
r,r
uw,ix
axr,axr
ux,ux
ao,ay
m,n
z,s
k,k
dh,dh
ux,ux
ix,axr
q,g
ax,l
w,w
tcl,dcl
n,n
r,r
m,m
ao,ao
q,q
l,l
z,z
dcl,dcl
f,f
m,m
ey,ey
y,iy
kcl,kcl
r,r
ay,ay
eh,ix
el,ao
er,ey
r,ix
s,s
f,f
pcl,tcl
m,m
n,n
q,k
ix,ix
k,k
gcl,g
ih,ux
n,n
er,er
r,r
q,q
r,r
dcl,tcl
r,r
iy,er
s,s
ix,ix
hv,v
ix,ae
s,s
ix,ix
n,dx
tcl,tcl
ao,ao
l,l
bcl,dcl
w,w
z,z
s,t
s,s
eh,eh
v,kcl
axr,axr
ax,q
iy,ix
s,s
iy,iy
ix,y
l,l
ay,ay
tcl,dcl
axr,r
eh,er
y,y
l,l
pcl,pcl
n,n
r,r
m,m
dh,dx
aw,ey
n,n
sh,s
ix,ey
gcl,dcl
k,k
g,g
ih,iy
ih,ix
f,f
z,z
dh,z
w,ao
r,w
pcl,tcl
bcl,bcl
ix,ix
ix,ix
m,n
ow,ow
iy,iy
sh,sh
kcl,tcl
n,n
dcl,tcl
ae,eh
kcl,tcl
w,w
iy,iy
ax,ax
ix,ax
iy,ix
t,t
gcl,tcl
ow,ao
kcl,kcl
iy,ix
iy,ux
dcl,tcl
tcl,tcl
iy,iy
ix,ix
w,w
aa,er
ae,ae
k,k
aa,aa
r,r
y,ih
r,l
l,ao
r,axr
bcl,bcl
l,l
s,s
er,eh
ix,ix
kcl,kcl
iy,y
w,w
s,s
d,g
axr,axr
dx,dh
l,l
gcl,gcl
n,m
m,m
iy,iy
ih,ix
q,k
z,z
ax,g
ax,l
kcl,tcl
w,w
pcl,tcl
ao,aa
ah,ao
k,k
r,r
ch,sh
ix,iy
l,l
aa,aa
axr,r
pcl,tcl
ae,ae
r,r
iy,ey
s,s
n,n
m,m
dh,q
r,r
s,s
r,eh
v,v
iy,iy
ix,v
ao,w
tcl,tcl
pcl,tcl
hh,k
k,k
ix,iy
m,n
l,n
ux,ih
tcl,dcl
r,r
eh,r
ih,axr
ey,r
uw,ow
bcl,tcl
v,f
f,f
kcl,pcl
dcl,dcl
tcl,tcl
kcl,kcl
n,n
k,k
ao,ao
s,s
tcl,n
ao,ao
tcl,tcl
iy,iy
s,s
k,k
ax,v
w,w
y,ix
s,s
ih,ey
eh,l
n,n
t,t
ix,ix
axr,er
q,q
er,axr
dcl,n
ey,iy
r,axr
axr,axr
ax-h,t
ix,iy
tcl,tcl
s,s
dcl,dcl
eh,eh
kcl,k
r,r
axr,r
eh,ae
k,k
z,z
iy,iy
ae,ae
ae,ay
dcl,tcl
k,k
gcl,kcl
tcl,tcl
dx,dx
r,r
s,s
axr,axr
k,k
ix,n
ix,ey
n,n
r,r
ix,iy
s,s
k,kcl
y,ih
ix,ix
aa,ao
r,r
w,m
ao,r
ay,ay
ix,ix
k,k
ih,ix
ao,l
dx,dcl
hh,hv
l,l
r,r
q,q
er,er
dx,q
v,dx
ih,iy
ah,ow
ae,ae
aa,ay
g,k
y,y
r,axr
y,iy
f,f
ah,ah
bcl,bcl
ix,l
ay,aa
z,z
dcl,dx
eh,eh
iy,iy
q,q
ch,t
jh,jh
dcl,n
pcl,dcl
v,v
n,bcl
s,s
ow,ow
kcl,tcl
s,s
q,q
er,r
z,z
bcl,tcl
axr,axr
aa,aa
ao,aa
n,n
f,f
s,s
eh,eh
q,q
w,ao
r,r
ix,ix
ix,ih
iy,iy
w,w
hh,hh
hv,ix
d,tcl
ah,ah
iy,iy
r,r
ix,dh
pcl,kcl
bcl,tcl
dh,l
iy,iy
ch,ch
ih,iy
dcl,tcl
k,k
q,q
ah,ow
r,ao
bcl,bcl
iy,iy
ay,aa
el,el
r,r
iy,iy
kcl,kcl
iy,iy
dx,hh
sh,sh
jh,s
sh,s
ay,aa
kcl,kcl
bcl,dcl
iy,iy
l,l
sh,sh
kcl,tcl
p,k
bcl,dh
iy,y
k,k
w,w
ih,ih
r,r
dcl,tcl
w,w
sh,s
n,m
n,q
tcl,dcl
ix,n
q,q
er,er
l,ay
p,k
ax,ax
kcl,k
w,dx
ow,ow
gcl,tcl
axr,axr
dcl,tcl
dcl,dcl
ix,ix
d,t
aa,r
ih,ix
sh,sh
tcl,tcl
n,n
ax,ax
v,dcl
w,w
ax,l
g,k
n,n
kcl,kcl
sh,sh
n,n
m,m
iy,iy
z,s
ow,aa
r,r
ax,ax
eh,eh
dcl,bcl
ix,r
k,t
hv,ix
iy,iy
m,n
ix,ih
ih,axr
b,k
l,l
l,l
q,q
em,m
d,g
kcl,kcl
v,v
k,k
er,eh
f,f
r,dx
n,n
tcl,tcl
m,n
r,er
ch,sh
axr,eh
kcl,kcl
n,n
iy,iy
n,n
ae,ae
pcl,tcl
kcl,kcl
y,iy
axr,axr
ey,ey
n,l
v,tcl
m,v
eh,ey
l,l
eh,ix
ah,aa
kcl,kcl
z,z
r,r
axr,r
s,s
ao,ao
ao,ao
k,t
r,r
pcl,tcl
l,l
t,k
sh,k
axr,ao
v,v
aa,aa
ih,l
r,axr
f,f
sh,k
ax,n
aa,aa
ey,ey
l,aa
iy,iy
iy,iy
hv,r
dcl,dcl
sh,s
ow,ao
ix,ix
axr,ix
uw,uw
hv,hv
oy,ah
ix,ix
q,tcl
ao,l
th,th
g,g
ih,axr
l,l
ey,ey
m,dh
l,l
ax,n
hh,hh
iy,ix
t,k
tcl,tcl
en,n
pcl,dcl
s,s
ae,ae
ix,ix
q,l
ax,ix
ao,l
ix,r
m,bcl
ix,eh
t,t
r,r
l,l
iy,ix
dcl,dcl
sh,sh
l,q
en,gcl
gcl,dcl
ao,ao
t,t
q,q
m,m
dcl,dcl
ae,ay
w,r
sh,sh
kcl,tcl
l,l
ay,ay
eh,eh
dx,g
ao,ao
t,k
q,q
axr,r
s,s
w,l
ae,ae
ih,ih
l,l
gcl,kcl
ix,r
oy,ow
v,r
f,th
p,k
bcl,tcl
dx,dcl
ax,l
ih,ix
q,q
s,s
sh,sh
iy,iy
kcl,tcl
t,t
dx,dx
ih,r
p,k
eh,ae
ix,ix
gcl,n
ey,ey
ih,ih
l,ao
tcl,bcl
m,n
s,s
m,n
s,s
m,n
ax,ix
r,r
ao,ao
ah,ix
axr,er
dcl,dcl
r,r
r,r
ix,r
iy,ey
kcl,kcl
z,s
w,l
bcl,tcl
gcl,dcl
pcl,tcl
axr,axr
kcl,kcl
l,ao
tcl,v
tcl,tcl
q,q
l,q
ch,ch
t,k
ng,n
ux,ux
hh,hv
l,l
s,s
ix,ey
hh,hv
ax,ax
s,s
l,l
er,er
axr,axr
k,k
w,l
r,q
dx,dx
ae,ae
m,n
kcl,kcl
r,r
l,l
ih,ey
dcl,tcl
r,r
eh,eh
ix,ix
er,er
v,dh
ay,ey
en,n
s,s
tcl,tcl
el,ow
ah,aa
v,v
ax-h,dcl
er,r
ae,ae
k,k
aa,ay
uw,ux
kcl,tcl
z,z
d,t
y,n
ay,ay
pcl,kcl
ow,ao
s,s
ix,iy
er,axr
iy,ey
oy,ow
ix,ix
ix,ix
ix,ax
iy,ey
r,q
n,n
iy,ey
f,f
kcl,dx
ax,ix
m,m
m,m
iy,ey
ao,ao
dh,dx
kcl,tcl
hv,iy
n,n
s,s
pcl,kcl
ao,ao
w,w
t,k
r,r
n,n
gcl,n
t,dh
sh,sh
ae,ae
aa,aa
ix,ix
axr,axr
ey,ey
el,ao
ae,ae
ae,ae
aa,aa
iy,iy
s,s
ae,ae
t,ch
ih,ix
m,uw
s,z
nx,dx
ih,ix
l,l
s,s
tcl,tcl
r,r
eh,eh
k,t
ah,l
dh,dcl
l,l
t,t
w,w
ih,ih
r,r
iy,iy
p,hh
ih,ix
ah,ah
ah,ah
f,f
er,r
ix,ix
ix,q
m,m
el,el
ax,q
aa,aa
r,axr
ch,sh
ix,ix
iy,ix
gcl,gcl
ah,aa
n,n
ix,ix
ay,ae
pcl,gcl
kcl,kcl
pcl,pcl
ow,ow
s,s
s,s
f,q
dcl,dcl
z,z
r,ao
l,l
l,el
r,r
ih,ih
ey,ey
iy,iy
ix,ux
aa,aa
s,s
ax,ix
iy,ih
tcl,tcl
er,er
q,q
pcl,tcl
ay,ay
aa,aa
aa,ay
n,n
t,d
hv,y
iy,iy
w,w
r,r
s,s
ax,l
ow,oy
iy,iy
kcl,tcl
n,tcl
ng,n
n,n
r,r
iy,n
uw,l
t,k
ax,ix
sh,sh
b,tcl
v,tcl
pcl,tcl
q,dh
hv,ih
bcl,bcl
l,l
ae,ey
ax,l
kcl,gcl
m,m
tcl,tcl
t,t
y,y
ae,eh
eh,ix
ih,ux
kcl,tcl
ah,ih
ax,l
r,r
hh,hh
n,n
s,sh
k,g
dh,n
l,l
s,s
iy,axr
z,z
m,axr
k,k
hh,dh
iy,iy
d,t
tcl,tcl
r,r
t,t
axr,g
ax,ah
ay,ae
ih,ix
th,z
v,dh
ix,ix
ah,eh
ah,r
eh,eh
k,k
l,l
t,k
l,l
gcl,gcl
ow,ey
y,y
ax,ix
ay,oy
w,l
uw,ux
ah,ax
w,bcl
s,s
iy,ix
th,f
ae,ae
m,m
n,n
ih,ih
z,z
hv,hv
z,z
m,v
jh,jh
t,t
d,t
tcl,tcl
er,r
kcl,kcl
n,n
n,n
dh,dh
dx,dx
gcl,dcl
ax,n
pcl,tcl
r,q
n,n
t,t
n,n
ix,ix
er,er
uh,ix
iy,iy
k,k
ae,ae
nx,dx
eh,aa
ay,aa
dcl,gcl
dh,f
l,ao
tcl,kcl
t,t
ah,ah
z,z
n,n
ay,ay
iy,iy
g,dx
z,z
eh,eh
iy,iy
r,r
er,axr
ey,ay
hh,hh
ng,n
aa,aa
ih,axr
z,z
eh,eh
oy,ao
hh,hh
q,q
iy,iy
ay,ay
f,f
ix,iy
ih,ux
y,iy
ih,ih
dh,k
er,aa
ih,iy
q,q
uh,ax
kcl,tcl
iy,ih
tcl,tcl
pcl,kcl
s,s
oy,ay
t,t
ax-h,tcl
n,n
r,ix
r,r
aa,ae
dcl,tcl
ah,ao
f,f
s,s
l,l
tcl,tcl
dh,dh
axr,ao
gcl,dcl
w,w
w,w
hv,l
s,s
q,q
nx,n
dcl,tcl
r,axr
kcl,kcl
ax,l
en,n
ix,ix
ae,aa
q,k
v,v
kcl,k
ey,ey
s,s
r,l
ng,iy
aw,oy
sh,sh
ay,ay
r,r
t,t
ey,ay
ay,ay
bcl,bcl
ah,ah
g,g
tcl,tcl
ao,ao
el,l
eh,ey
en,l
ih,iy
b,tcl
el,l
jh,jh
bcl,dcl
r,l
r,r
tcl,tcl
bcl,dcl
hh,hh
nx,dx
t,k
eh,eh
dcl,kcl
w,l
r,r
axr,q
iy,iy
iy,iy
q,q
n,n
ih,ih
iy,ih
n,n
hv,hv
t,t
tcl,tcl
ax,v
l,l
ae,ae
hv,hv
ix,axr
ah,l
s,s
aa,ao
r,er
t,t
iy,ix
m,dh
dcl,dcl
ng,n
r,r
dcl,dcl
m,n
r,ao
bcl,w
l,l
s,s
tcl,tcl
z,s
iy,iy
pcl,tcl
hv,hv
aa,ay
aa,aa
r,axr
tcl,tcl
m,m
gcl,gcl
dcl,dh
dcl,dcl
l,l
ih,ix
dx,dx
ih,eh
l,l
pcl,tcl
aw,ae
ix,l
ih,ae
ih,iy
ch,ch
ae,ae
r,r
gcl,n
k,g
ux,ux
hh,hh
ow,ao
iy,iy
n,n
sh,sh
eh,ae
ae,ae
iy,ey
ae,ae
t,k
ax,ax
w,ao
l,l
ao,aa
iy,iy
l,l
er,er
s,s
ax,q
uw,ow
w,l
m,m
ey,ay
ae,eh
k,k
ix,q
n,dcl
kcl,tcl
f,s
m,n
em,q
er,r
ix,eh
l,l
z,z
ix,ix
eh,eh
tcl,tcl
r,r
tcl,kcl
ih,ey
n,n
tcl,tcl
m,n
ey,q
l,dx
ay,ay
z,s
tcl,m
dcl,dcl
ah,r
kcl,tcl
v,v
ao,ao
tcl,q
uw,ow
ae,ay
ih,eh
r,r
l,l
ax,ah
r,r
ih,ux
pcl,gcl
kcl,tcl
ix,ix
dcl,tcl
t,z
n,n
dcl,dcl
l,l
axr,er
r,r
ix,ix
ng,dcl
n,n
t,t
s,s
bcl,bcl
n,n
dcl,k
ux,ux
m,m
ao,aa
f,s
ih,eh
tcl,kcl
f,f
ix,gcl
f,f
t,t
p,k
n,n
m,m
l,ih
z,s
ix,ix
ow,ao
kcl,tcl
s,s
kcl,tcl
axr,axr
t,k
aa,er
iy,iy
eh,ey
iy,iy
hv,n
r,r
axr,r
ix,iy
r,r
s,s
gcl,n
ax-h,kcl
ah,ax
z,s
y,iy
iy,iy
ae,ae
er,er
k,k
r,r
f,dh
n,n
s,s
r,r
r,r
p,f
tcl,tcl
n,n
ey,ey
iy,ih
ax,n
kcl,tcl
z,s
dh,n
n,n
kcl,kcl
pcl,kcl
pcl,tcl
kcl,tcl
g,g
ae,eh
er,ih
dcl,dcl
k,g
kcl,kcl
axr,axr
z,z
tcl,tcl
ah,ae
r,r
ae,ae
kcl,kcl
l,l
kcl,kcl
r,r
m,dcl
ah,l
s,s
l,l
eh,eh
m,dh
m,dcl
hh,k
pcl,kcl
iy,iy
n,l
pcl,pcl
ey,ey
l,l
pcl,tcl
ao,er
t,k
z,s
axr,r
oy,er
v,v
k,k
s,s
tcl,kcl
n,n
ax,l
y,y
ix,ix
z,s
k,k
tcl,kcl
uw,er
ay,ay
z,tcl
ax,dh
v,v
ih,iy
iy,iy
r,r
l,ao
f,f
ih,ix
l,l
l,l
ao,ao
d,hh
ih,axr
n,n
r,r
eh,eh
aa,aa
r,r
ae,ae
ch,t
r,r
ng,n
ih,ux
ih,eh
n,n
r,er
ae,ae
n,dcl
kcl,kcl
s,s
en,q
ix,iy
ix,ix
jh,sh
ix,ix
kcl,tcl
t,t
ix,n
k,k
eh,eh
s,s
ux,oy
ix,n
ae,ah
s,s
dh,dh
f,f
z,t
th,dh
iy,iy
ay,ae
ix,r
tcl,tcl
q,q
ch,ch
ay,ay
t,t
ay,ay
r,r
tcl,tcl
dcl,dcl
f,f
ao,ao
ah,ah
l,l
aa,aa
aa,aa
r,r
k,k
ih,ey
s,s
sh,sh
m,n
kcl,kcl
s,s
aw,eh
ix,ix
n,n
kcl,tcl
ey,iy
r,r
ih,ih
er,er
ix,r
pcl,pcl
t,dh
t,tcl
q,q
ix,n
ae,ah
ih,axr
axr,axr
z,s
iy,iy
ax,ax
er,axr
ay,ay
g,k
dh,dh
ih,ih
w,bcl
ix,ix
bcl,v
eh,v
kcl,kcl
ao,ao
nx,n
hv,hv
k,k
f,f
v,v
aa,aa
aa,aa
ax,ax
l,l
ao,r
ix,iy
tcl,dcl
l,el
q,ix
en,n
ix,iy
sh,sh
s,s
y,y
en,n
ix,ix
k,s
uh,iy
v,v
ey,ey
s,s
k,k
m,n
dcl,n
el,ow
ay,ay
ih,ah
ah,ah
ix,ix
kcl,tcl
dcl,dcl
b,dx
n,n
ax,eh
k,kcl
aa,aa
q,q
ih,ih
ey,ih
ix,dx
q,q
ey,ey
ao,ao
ih,ix
n,n
sh,sh
ay,ay
iy,iy
w,l
n,n
ax,ix
r,r
tcl,tcl
axr,r
v,v
tcl,tcl
r,ix
l,l
ih,ow
dh,dh
dcl,dcl
er,er
tcl,tcl
axr,axr
hh,k
eh,ae
ah,q
k,k
th,t
ay,ay
aa,ao
eh,eh
nx,n
ux,axr
n,n
l,l
bcl,bcl
iy,iy
f,s
s,s
ay,ae
q,ax
hh,k
l,l
ih,er
n,n
ao,ao
t,ch
m,n
ae,ae
iy,iy
ah,ah
r,r
dcl,dcl
ae,ae
n,n
er,er
ax,ax
aa,eh
aa,aa
eh,eh
ih,ix
axr,er
ch,k
sh,s
ow,ow
eh,ae
iy,ix
b,tcl
r,r
m,m
z,s
aa,ay
f,f
v,v
bcl,v
s,s
ix,ix
m,v
r,aa
t,t
iy,iy
er,aa
ao,ay
bcl,bcl
ih,ih
r,er
iy,iy
r,r
ih,eh
ae,ae
r,r
ix,ix
ey,ey
en,n
n,n
t,t
n,n
s,s
r,r
s,s
t,d
d,dh
ix,ix
ng,n
eh,eh
ae,ah
iy,y
er,er
dh,s
t,t
z,s
tcl,tcl
q,q
n,n
ax,l
kcl,kcl
ow,axr
z,z
kcl,tcl
iy,iy
hv,hv
w,l
r,r
kcl,dh
ih,ix
nx,r
ow,ao
el,el
y,ix
bcl,dcl
t,t
y,y
t,t
tcl,tcl
er,ey
w,w
ae,ae
em,ux
k,k
kcl,tcl
p,k
ax-h,t
ax,l
w,w
dh,n
p,g
m,ix
ih,iy
iy,iy
axr,ah
n,dh
n,n
l,l
pcl,kcl
z,s
q,ix
n,ah
iy,ey
n,n
l,ay
ix,ix
z,s
v,n
f,s
dcl,dcl
d,k
v,dh
n,n
r,r
iy,ay
kcl,kcl
tcl,tcl
y,iy
tcl,dcl
ix,ix
dcl,dcl
v,v
kcl,kcl
ao,ao
axr,r
iy,iy
w,w
eh,er
ah,ah
ix,ix
q,tcl
s,s
hv,hv
ng,l
el,l
ae,ae
gcl,gcl
ih,ix
f,f
bcl,n
r,r
q,q
dx,tcl
ay,ay
sh,sh
ch,s
sh,sh
ix,r
v,v
axr,er
ao,ao
pcl,tcl
ay,aa
l,l
s,s
ah,aa
l,l
sh,sh
ux,axr
ao,ao
sh,sh
y,y
f,f
ix,ix
eh,ae
er,axr
w,w
th,s
jh,t
ey,ey
tcl,tcl
ay,ae
m,m
bcl,bcl
ax,ax
n,n
ey,ey
g,g
axr,ao
ah,ow
ax,ix
ix,ix
ao,ao
en,en
w,l
n,n
m,kcl
n,n
ng,ix
n,dcl
p,k
ae,ey
r,r
ay,aa
z,z
w,ao
z,s
l,l
s,s
ix,ix
t,t
l,l
s,s
ix,iy
s,s
l,l
ey,ey
w,w
ih,ih
m,n
n,n
bcl,v
k,f
ng,m
ah,ax
aa,aa
eh,ae
axr,axr
ix,ix
y,n
q,q
aa,aa
t,t
dx,dx
ay,ay
em,n
ah,ax
r,r
z,s
l,q
ao,w
ix,ix
kcl,tcl
ih,ih
r,r
hv,hv
ix,ix
dcl,tcl
iy,iy
kcl,kcl
ux,axr
b,dx
f,f
ah,ah
aa,ao
ih,ih
ax,ix
l,l
aa,ao
tcl,dcl
aa,ao
ae,ae
nx,l
ae,ae
eh,ah
iy,iy
ax,ax
r,r
ay,ay
iy,iy
dh,dh
ix,eh
er,er
dx,dcl
l,l
z,s
eh,eh
v,n
t,t
eh,l
eh,er
ax-h,tcl
ey,ey
y,y
oy,oy
ah,ae
t,t
eh,eh
hh,k
dh,dh
ax,ix
sh,sh
ao,ao
k,k
s,s
eh,r
er,ae
eh,ax
p,k
pcl,tcl
iy,iy
r,r
ih,ax
n,n
s,s
ax-h,dh
hv,hv
kcl,tcl
pcl,tcl
n,n
ay,ay
k,k
n,m
dh,dh
l,l
n,n
ow,aa
tcl,tcl
ae,eh
n,l
iy,iy
gcl,kcl
f,f
ah,ah
d,t
t,t
ao,ao
sh,sh
s,s
s,s
bcl,dcl
eh,eh
aa,aa
aa,ey
s,s
w,w
l,ax
dh,dh
axr,er
gcl,dcl
ix,ix
oy,oy
k,k
l,q
aa,aa
ux,ih
l,l
ix,ax
dcl,dcl
v,v
s,s
sh,sh
k,k
dx,dcl
ih,ih
s,s
iy,ix
iy,ey
ix,ih
eh,ih
l,l
ao,aw
ax,ix
ng,ng
bcl,tcl
r,r
ih,ix
sh,sh
r,r
s,s
s,s
tcl,s
s,s
w,w
tcl,tcl
t,t
ae,ae
ih,iy
er,axr
l,l
tcl,tcl
t,k
nx,n
ey,ey
pcl,pcl
ah,l
kcl,tcl
ae,ay
dh,th
ax,ix
s,s
dcl,tcl
n,n
ao,aa
ng,l
ae,ae
el,ow
eh,eh
ih,ix
f,f
eh,ey
r,r
ae,eh
k,k
n,n
ng,n
tcl,kcl
axr,axr
uh,ix
ey,ey
z,s
f,f
iy,ey
ae,ae
s,s
w,l
m,n
bcl,bcl
ih,ih
ih,ih
dcl,tcl
bcl,tcl
m,dcl
r,r
r,r
r,r
aa,ae
ao,ao
t,t
ax,ix
pcl,tcl
er,er
w,w
bcl,dcl
eh,ix
ae,ae
t,t
w,w
q,q
t,jh
ow,ao
ae,ae
iy,ix
w,w
ix,ih
kcl,kcl
ch,t
iy,iy
y,y
eh,eh
iy,iy
n,n
p,p
r,axr
dcl,dcl
aa,ah
gcl,dcl
bcl,bcl
ao,el
bcl,dcl
v,n
ih,ih
s,s
ey,ey
r,l
ix,ix
bcl,bcl
aa,aa
ng,n
n,n
ix,ix
ey,ey
bcl,bcl
ay,ay
dcl,dcl
ae,ay
aa,aa
s,s
n,n
dcl,dcl
s,s
m,n
n,m
p,k
n,n
r,r
eh,aa
dcl,dcl
pcl,tcl
l,ax
dh,dh
s,s
n,n
hh,k
eh,eh
l,l
l,l
iy,iy
ix,ix
iy,iy
ah,ah
ih,iy
tcl,tcl
l,l
tcl,g
er,er
aw,ae
uw,ux
m,m
er,ae
q,hv
ae,ae
dh,n
ae,ay
dcl,tcl
z,z
y,y
n,n
ae,ae
iy,iy
aa,ao
kcl,tcl
dx,ix
d,jh
ih,iy
ix,ix
s,s
iy,n
s,s
ax,l
uw,ih
bcl,dcl
dcl,dcl
dcl,kcl
pcl,tcl
y,iy
n,ix
tcl,tcl
ow,ow
s,s
w,w
l,l
ay,ay
dcl,dcl
f,f
axr,er
sh,sh
m,m
aw,aw
m,n
v,v
ah,ae
iy,iy
q,r
l,el
tcl,tcl
z,z
dh,dh
ax,ix
s,s
eh,eh
iy,iy
ey,eh
n,n
t,t
ay,ay
f,f
g,k
ae,ae
dh,dh
y,y
ix,iy
ay,ay
y,ux
ay,ay
iy,ux
g,g
aa,axr
ao,ae
t,t
ah,ae
t,t
ng,n
z,z
dh,v
eh,iy
s,s
l,ax
er,er
z,z
k,k
t,t
t,k
ow,ow
ax,r
ey,ey
ae,ae
ix,q
iy,y
n,n
ih,ey
sh,s
s,s
z,z
sh,sh
f,f
r,l
ix,ix
kcl,dcl
f,f
eh,r
r,r
iy,iy
eh,ix
jh,jh
n,n
ix,ix
gcl,gcl
dcl,dcl
r,axr
m,m
el,el
n,m
n,n
s,s
w,w
d,tcl
n,n
ax,ix
dcl,dcl
aw,aa
r,n
n,n
p,p
ow,ow
ax,ay
w,l
sh,sh
w,w
l,l
en,en
r,r
ae,eh
v,n
z,s
ae,ih
z,s
gcl,gcl
dh,n
eh,eh
gcl,gcl
g,k
kcl,tcl
r,r
ix,ih
dh,dh
kcl,tcl
ae,ey
p,z
g,g
ay,ay
nx,g
dcl,kcl
t,k
gcl,gcl
axr,axr
k,dh
t,s
s,s
hv,iy
axr,r
w,l
gcl,tcl
s,s
ah,ae
ao,ao
tcl,ix
iy,ux
ae,aa
s,s
p,p
f,f
s,s
n,n
hh,k
s,s
z,s
dh,z
uw,m
ae,ae
f,f
l,l
m,n
n,n
bcl,m
ux,iy
ix,ix
ix,ix
ch,ch
ae,eh
kcl,kcl
ix,n
q,aa
m,n
aa,aa
s,z
sh,s
m,m
ax,ax
ow,ey
ow,aw
n,n
ng,n
eh,eh
v,n
ae,ae
d,k
ey,ey
sh,sh
jh,z
ah,l
kcl,kcl
ao,r
ng,n
sh,sh
dx,tcl
dcl,tcl
s,s
ae,eh
ah,ae
ih,l
ix,ix
v,dh
s,s
f,f
axr,axr
ax,ix
kcl,kcl
tcl,tcl
ix,eh
p,k
k,kcl
ay,ay
s,s
n,n
l,l
w,r
l,l
sh,sh
gcl,dcl
aa,aa
ix,dh
aw,ae
ey,ey
aa,aa
z,z
f,z
s,s
d,k
kcl,tcl
f,f
l,l
t,s
eh,r
k,k
eh,eh
aa,ao
axr,ix
ux,ux
s,s
q,ix
y,y
v,v
z,z
hh,t
s,s
s,s
ux,iy
n,n
aw,aa
axr,axr
k,tcl
ae,ae
s,s
kcl,tcl
l,el
dx,dx
ey,ih
gcl,dcl
dcl,n
r,axr
n,dcl
d,k
m,n
ao,ao
tcl,pcl
z,s
p,hh
tcl,dcl
t,t
ow,ao
ae,ae
pcl,pcl
q,q
uw,uw
ix,dcl
ey,ey
s,s
dh,tcl
ae,ae
axr,r
axr,axr
s,s
dh,m
el,l
m,m
iy,ey
n,m
pcl,tcl
ax,dh
ax,l
l,ix
f,f
eh,ow
dcl,dcl
ih,ix
r,r
ix,ix
p,k
tcl,dcl
ey,r
axr,r
m,m
ey,ey
ao,ao
n,n
m,m
kcl,dcl
bcl,dcl
ix,iy
jh,jh
er,er
l,ao
ix,l
y,n
ax-h,q
uh,ow
r,r
s,s
zh,jh
iy,iy
kcl,tcl
w,w
m,m
l,ax
dh,s
l,l
n,n
v,bcl
n,tcl
s,s
s,sh
iy,ey
b,k
l,ax
eh,eh
w,n
p,f
ae,ae
tcl,tcl
r,r
s,s
t,t
p,f
ix,ix
axr,r
m,n
l,l
d,t
oy,oy
iy,axr
l,l
iy,iy
iy,iy
f,f
tcl,tcl
s,s
sh,s
iy,iy
ay,ix
ao,aa
ix,ix
z,s
ix,ix
s,s
er,axr
ay,r
n,ng
jh,jh
sh,s
z,z
n,n
l,l
ng,n
m,m
t,t
aa,ae
th,th
s,s
aa,aa
tcl,tcl
v,iy
kcl,kcl
tcl,tcl
s,s
ix,ey
iy,y
t,t
ah,ow
uw,ux
t,jh
kcl,kcl
uh,ux
ax,r
l,l
aa,ah
axr,axr
m,n
bcl,kcl
er,ao
dcl,dcl
k,t
iy,iy
el,l
ux,iy
gcl,dcl
z,s
r,axr
b,k
dx,n
r,r
axr,r
t,t
axr,ih
er,er
ax,ix
g,g
iy,ix
ao,ao
aa,aa
iy,ey
t,k
v,w
axr,axr
ax,ax
aa,aa
el,ao
z,s
s,s
dcl,dcl
ih,ix
nx,n
q,q
s,s
ix,ix
t,t
ix,eh
n,n
ux,ux
s,s
q,q
gcl,tcl
g,k
ng,n
ix,ax
ay,ae
g,g
s,s
sh,s
ay,ay
n,n
m,n
ih,ix
ng,n
ux,ux
ah,ow
k,k
eh,n
eh,eh
ao,ao
sh,sh
l,l
eh,ey
kcl,tcl
r,axr
ao,w
n,n
zh,sh
axr,axr
p,k
d,d
t,t
iy,iy
k,k
gcl,gcl
ax,ax
q,q
kcl,kcl
tcl,z
k,k
ch,sh
z,s
oy,aa
ey,ey
pcl,dcl
k,k
p,k
ao,ao
t,k
t,k
m,l
iy,iy
t,dh
sh,s
q,q
n,n
pcl,kcl
bcl,bcl
ix,ix
m,n
aa,ao
r,r
l,n
n,m
dh,dh
ah,l
iy,iy
oy,oy
iy,iy
n,m
iy,iy
ae,eh
dcl,dcl
k,k
ix,ax
k,k
ih,iy
iy,ih
p,k
ih,ih
ix,ih
k,k
t,k
n,n
pcl,pcl
er,er
l,l
dcl,dcl
l,l
dcl,dcl
kcl,tcl
r,r
g,k
iy,y
ih,r
k,k
iy,ih
l,w
ow,ow
s,s
el,ow
f,f
f,f
r,r
ae,ae
dcl,bcl
ih,ux
pcl,kcl
iy,iy
ay,ay
pcl,tcl
iy,iy
z,z
ax,ax
iy,iy
p,k
f,th
ah,aw
w,w
ax,ax
p,k
tcl,kcl
m,m
l,iy
f,sh
m,n
ey,ey
v,v
t,t
l,l
kcl,kcl
kcl,kcl
s,s
ix,ix
l,ao
dh,dh
r,r
iy,iy
w,w
bcl,bcl
g,tcl
s,z
s,s
n,m
z,z
ih,ey
z,s
iy,iy
ux,ih
ch,t
r,r
er,el
f,dh
eh,r
kcl,kcl
ng,n
s,s
ae,ay
axr,r
ax,l
dcl,dcl
n,n
r,r
ih,hv
ix,ax
f,f
z,z
eh,ih
ix,ix
kcl,tcl
ay,ay
axr,axr
ix,ih
k,k
ah,ao
g,k
r,er
iy,iy
ay,ay
dh,dx
iy,iy
uh,ix
ey,ey
dcl,dcl
ih,ey
sh,s
s,s
uh,ih
axr,r
ow,ow
f,f
n,n
f,f
t,t
r,axr
eh,eh
l,m
tcl,tcl
axr,aa
ih,eh
sh,sh
axr,r
er,axr
n,n
kcl,kcl
ix,ix
q,w
ix,ux
ae,ae
tcl,tcl
dcl,dcl
dcl,dcl
kcl,kcl
bcl,gcl
ah,ah
z,z
el,l
ae,eh
ix,ix
ah,r
s,s
q,q
q,r
ey,eh
gcl,kcl
iy,ux
ix,ey
bcl,tcl
iy,d
ih,iy
pcl,dcl
ih,ax
ey,ey
iy,iy
el,el
l,l
w,l
n,n
sh,sh
n,n
ey,ey
ae,ae
q,n
s,s
ae,eh
iy,iy
r,r
pcl,tcl
n,n
l,l
kcl,tcl
tcl,tcl
nx,dcl
k,k
ih,ih
axr,ey
d,t
r,r
ax,l
dcl,dcl
k,k
r,iy
s,s
ix,z
aa,aa
axr,r
ey,iy
dx,ix
s,s
aa,aa
bcl,bcl
m,m
t,k
pcl,tcl
ix,ix
t,t
dcl,dcl
iy,ey
r,r
w,l
ih,ux
tcl,tcl
ix,ix
l,m
ao,l
s,s
ng,n
p,k
ih,iy
ix,iy
m,dx
y,ix
l,l
ix,iy
sh,sh
ih,iy
ao,r
r,ow
kcl,kcl
kcl,kcl
s,s
hh,hh
ix,ix
g,g
iy,iy
s,s
ae,ae
ng,n
iy,ux
ah,ax
tcl,tcl
hh,k
r,r
w,uw
ao,l
pcl,th
axr,axr
dh,ax
l,l
tcl,k
nx,r
n,n
f,f
n,n
f,f
eh,ae
bcl,dcl
ih,ih
z,s
m,m
tcl,tcl
d,dx
l,l
kcl,kcl
aa,aa
w,l
ih,ix
r,r
oy,oy
hv,ix
ah,l
iy,iy
t,jh
ae,ae
z,z
tcl,tcl
tcl,tcl
ih,eh
bcl,bcl
s,s
s,s
kcl,tcl
aa,ao
kcl,kcl
q,q
t,t
aa,aa
ay,ay
axr,eh
el,l
eh,aa
eng,en
iy,ey
q,q
n,n
r,r
iy,iy
n,n
l,q
pcl,tcl
bcl,bcl
r,r
ix,ix
w,ux
ix,ax
ao,ao
aa,aa
l,l
l,l
jh,jh
eh,ey
r,r
tcl,tcl
tcl,tcl
t,t
y,y
w,w
f,dh
dcl,dcl
er,ao
aa,ao
r,dx
r,r
z,z
iy,iy
ao,r
oy,ay
eh,ih
er,er
er,er
iy,iy
oy,oy
aa,ao
ae,ae
ih,ix
s,s
ix,r
ae,ae
el,ao
n,n
gcl,gcl
l,l
ae,ae
l,l
n,n
ih,ax
iy,iy
hh,hh
s,s
kcl,tcl
tcl,tcl
tcl,tcl
ax,q
ay,ay
n,dh
sh,s
w,l
q,q
f,s
kcl,kcl
hh,k
m,n
ao,ao
ih,iy
n,n
y,ix
tcl,tcl
ax,l
k,k
l,r
ae,ae
z,z
r,r
ae,ae
n,ng
z,s
ix,ax
ey,ey
dcl,dcl
pcl,tcl
kcl,kcl
q,q
z,z
k,k
ix,ix
en,en
iy,iy
oy,oy
ax,ix
p,p
aa,ae
l,l
ix,ix
en,n
q,en
w,w
sh,sh
ae,aa
eh,ae
bcl,dcl
kcl,kcl
kcl,kcl
m,m
r,bcl
y,dx
tcl,tcl
sh,sh
ix,iy
v,r
w,w
d,g
eh,eh
ow,ao
ey,ey
l,l
aa,ao
hh,k
m,n
ax,ix
tcl,n
n,n
n,n
axr,r
ix,q
el,q
ay,aa
y,y
kcl,kcl
iy,iy
ey,ey
ah,ah
l,ao
z,z
axr,axr
q,q
pcl,tcl
ao,ao
sh,sh
ay,ay
n,n
kcl,kcl
n,m
r,r
l,l
aa,ah
f,f
gcl,gcl
dx,d
f,s
jh,jh
hh,g
eh,aa
ao,aa
ax,ax
s,z
ah,eh
ng,ng
dh,dh
ah,ow
sh,s
f,f
r,r
dcl,dcl
r,r
kcl,kcl
t,t
dx,ix
uh,l
w,w
eh,eh
v,v
s,s
iy,iy
t,t
ow,l
kcl,pcl
k,k
ih,ow
ix,ix
dcl,ix
r,r
eh,ow
ix,ix
uh,ix
eh,eh
y,iy
ae,ay
nx,m
k,k
v,v
ng,n
oy,ay
l,q
ay,ay
iy,hv
z,z
l,l
axr,ix
hv,n
dcl,dcl
ey,ey
oy,ay
t,t
l,ay
pcl,kcl
r,r
bcl,dcl
s,s
iy,ey
hv,l
tcl,tcl
k,k
ch,sh
ao,ao
tcl,tcl
ay,ay
kcl,tcl
tcl,tcl
kcl,kcl
aa,ow
pcl,n
ey,ey
kcl,kcl
ao,aa
uh,ix
eh,ix
dcl,dcl
kcl,kcl
ax,l
w,l
m,n
kcl,dcl
s,s
sh,z
tcl,k
axr,axr
n,n
t,jh
w,ao
bcl,n
gcl,r
v,v
s,s
iy,iy
d,k
th,th
kcl,kcl
q,q
tcl,tcl
axr,ax
ix,ix
pcl,tcl
ao,ao
f,f
kcl,tcl
z,s
w,l
ao,l
gcl,gcl
p,s
y,iy
l,aa
hv,hv
ey,ix
ae,ae
iy,iy
t,t
iy,ix
n,n
iy,iy
r,r
ix,ix
ow,aa
m,m
ih,ix
kcl,kcl
p,k
gcl,n
tcl,tcl
tcl,tcl
ix,l
w,q
ch,sh
axr,ey
ix,ix
dh,dh
iy,iy
p,k
eh,r
hh,hv
iy,iy
r,r
iy,iy
iy,iy
dx,ix
iy,r
l,l
aa,ao
ah,ax
ay,ay
ay,ae
iy,iy
pcl,tcl
k,tcl
s,s
s,s
dh,tcl
dcl,dcl
ae,ae
ae,ae
tcl,kcl
s,s
k,k
ey,ae
z,s
ih,eh
aa,aa
dh,l
dx,dx
dh,ix
ih,ih
hv,y
n,n
ih,ix
s,s
s,s
tcl,jh
pcl,kcl
iy,iy
n,m
l,l
gcl,dcl
k,g
r,r
dh,dh
n,m
f,k
n,n
kcl,tcl
ix,ix
f,f
f,f
p,k
ey,ae
s,z
th,tcl
eh,eh
s,s
ix,ix
s,s
w,ao
ih,ix
k,t
dcl,dcl
m,dx
y,y
m,r
l,l
k,k
eh,ey
dx,g
ao,w
pcl,tcl
iy,iy
n,n
gcl,tcl
w,n
ix,ix
w,w
kcl,kcl
n,l
pcl,pcl
ux,ux
ao,ow
z,dh
eh,ae
k,k
kcl,kcl
y,iy
axr,axr
ae,ae
ao,aw
iy,iy
l,el
iy,iy
t,t
r,r
ix,ih
l,l
axr,axr
l,l
t,s
ah,ah
gcl,kcl
iy,ix
en,m
ao,ao
hv,m
ix,ih
t,k
y,iy
m,m
dx,g
kcl,kcl
z,s
t,t
dcl,dcl
r,r
ih,ay
iy,ix
w,w
v,r
iy,iy
y,y
ax,ax
bcl,tcl
l,l
ux,ux
g,tcl
f,s
ax,ax
n,n
q,kcl
s,s
dcl,dcl
bcl,dcl
hh,k
w,w
tcl,tcl
m,n
ih,ih
k,s
r,r
r,r
tcl,tcl
ow,el
ux,ux
iy,iy
gcl,kcl
ao,ow
ng,ng
jh,k
dx,dx
ax,r
r,r
f,f
w,w
iy,iy
iy,ih
ey,ey
s,s
aa,aa
jh,jh
r,r
l,l
m,m
gcl,gcl
v,v
eh,r
ay,ay
r,r
m,l
r,r
pcl,tcl
dh,n
axr,r
n,ix
pcl,tcl
pcl,tcl
y,gcl
l,l
ix,ih
q,ax
l,l
q,q
ay,ay
ch,s
s,s
pcl,tcl
ae,ae
aa,ay
ae,ae
ax,ax
aa,aa
w,w
er,iy
r,er
eh,eh
n,n
axr,axr
axr,axr
t,t
r,r
t,t
en,ax
dh,tcl
kcl,kcl
ng,dcl
tcl,pcl
ao,ao
dcl,dcl
d,z
eh,ae
q,q
s,s
z,z
tcl,tcl
axr,r
s,s
iy,y
s,s
p,k
tcl,tcl
dcl,tcl
ix,ih
l,l
p,p
ix,ix
ih,ix
ax,ah
s,s
gcl,gcl
axr,er
v,l
d,t
sh,s
ax,l
ah,ae
axr,ih
g,k
dcl,dcl
r,ix
ow,ow
ix,iy
l,l
l,l
w,l
aa,ae
sh,sh
ix,ix
kcl,kcl
ix,ix
iy,ey
p,k
f,f
dcl,dcl
s,s
w,w
kcl,kcl
v,s
ih,r
hv,hv
eh,ay
oy,oy
pcl,pcl
k,k
sh,sh
l,l
em,n
ix,ix
k,k
ao,el
f,z
dcl,kcl
m,m
s,s
iy,iy
iy,ix
ow,eh
dcl,bcl
dh,ix
dcl,th
w,ao
ix,m
kcl,kcl
nx,ax
ey,ey
ae,ae
n,n
ah,r
ey,ey
q,q
n,n
n,n
aw,aw
eh,er
eh,axr
q,r
ey,ey
iy,ix
sh,s
l,l
dh,v
r,r
ix,ix
ix,ax
ix,ix
p,v
dcl,tcl
ih,ix
ch,k
r,r
ix,ix
er,er
dx,k
dcl,bcl
ey,ae
ix,ix
ch,s
ih,eh
l,l
ux,ux
iy,iy
bcl,tcl
tcl,tcl
z,s
eh,er
ix,ey
axr,er
s,s
dcl,tcl
z,z
iy,iy
ow,ao
g,k
s,s
r,r
n,n
sh,z
axr,er
r,r
kcl,tcl
l,r
ay,ay
r,r
pcl,em
ah,ah
l,l
q,q
r,r
q,k
ay,aa
kcl,tcl
t,t
iy,y
er,ih
k,k
n,ix
ae,ae
aa,aa
iy,ix
kcl,tcl
tcl,tcl
kcl,k
s,s
l,l
gcl,dcl
gcl,gcl
dx,dx
axr,axr
q,q
m,m
sh,sh
er,ux
n,dh
ix,eh
pcl,kcl
ih,ey
ih,er
kcl,kcl
ch,sh
w,l
k,k
l,l
tcl,tcl
ih,r
eh,r
ix,iy
aa,r
ae,ey
tcl,tcl
en,n
ih,ix
r,r
ix,ix
oy,ao
gcl,dcl
tcl,tcl
sh,sh
t,k
axr,axr
kcl,kcl
s,sh
pcl,pcl
z,z
sh,sh
dh,k
ih,ih
ux,ux
s,s
y,ix
kcl,kcl
pcl,tcl
aa,aa
ae,ae
hv,hv
kcl,tcl
ow,ow
s,s
m,n
eh,ey
ix,ih
tcl,tcl
q,q
ix,ix
kcl,kcl
nx,ix
t,t
r,axr
w,l
ch,sh
ix,eh
g,q
l,l
gcl,kcl
q,q
tcl,s
m,axr
s,s
iy,iy
kcl,tcl
ae,ae
eh,ao
l,l
s,s
y,y
ah,l
z,z
s,s
iy,iy
axr,r
k,k
oy,oy
gcl,gcl
axr,axr
k,k
ng,ng
tcl,tcl
m,m
ix,ix
n,n
ae,ae
aa,ao
l,l
ow,ao
f,tcl
v,ax
m,n
axr,axr
m,m
l,ax
kcl,kcl
ey,eh
r,r
tcl,tcl
ix,ax
n,n
em,dcl
nx,n
iy,iy
ih,ih
s,s
s,s
ae,ae
kcl,k
l,l
ah,ae
dx,g
l,l
sh,sh
bcl,bcl
r,r
el,ao
z,s
f,f
tcl,q
ax,l
sh,sh
ax,ax
ey,ey
iy,iy
w,w
ey,eh
l,ax
w,w
eh,eh
kcl,tcl
g,g
ix,ey
kcl,kcl
iy,ih
ch,jh
d,t
r,r
ay,ay
f,f
pcl,tcl
ix,ix
iy,ux
tcl,dx
ix,iy
s,s
gcl,dcl
dx,k
n,n
l,ax
kcl,tcl
ix,ih
eh,ey
kcl,kcl
m,n
ih,ey
iy,iy
dx,ix
eh,eh
q,q
ax,ao
t,k
t,k
ao,ao
pcl,tcl
r,r
axr,er
dcl,tcl
s,s
sh,s
ao,ao
bcl,dcl
ah,eh
ng,n
z,z
ch,sh
el,l
r,r
eh,ix
z,s
pcl,tcl
hh,k
v,v
n,n
gcl,n
pcl,dcl
s,s
l,ax
dh,k
dcl,dcl
ix,ix
ng,n
ae,eh
gcl,dcl
ih,iy
l,l
iy,iy
ix,ix
ay,ah
ix,ih
k,k
t,k
s,s
f,f
w,ao
r,r
r,r
ih,ih
kcl,kcl
iy,ey
r,r
axr,r
ch,t
l,l
ae,ah
ao,r
t,k
jh,k
ax-h,dx
k,k
ix,ix
pcl,tcl
n,n
aa,ao
w,w
s,s
tcl,tcl
ey,iy
z,z
er,r
l,l
w,r
aa,aa
r,r
t,t
f,f
g,k
eh,r
er,r
ix,ix
y,iy
s,s
sh,s
s,s
k,k
ah,ow
dcl,tcl
er,axr
ae,ae
w,w
ay,ay
tcl,tcl
v,dcl
l,ix
z,s
tcl,z
eh,aa
r,q
eh,eh
axr,er
ah,ah
ay,ay
w,w
ae,ae
hv,hv
eh,eh
k,k
q,k
tcl,tcl
n,m
r,r
z,z
f,v
n,n
t,k
gcl,bcl
gcl,n
dx,kcl
l,l
dh,ix
iy,ey
eh,eh
ax,ax
ix,ix
kcl,kcl
s,s
ax,el
s,s
g,k
n,n
n,n
hh,k
sh,sh
l,l
gcl,gcl
tcl,tcl
f,f
l,l
ax,ax
s,s
z,s
s,s
q,r
r,r
ey,ay
t,k
r,er
k,k
v,v
dh,dx
iy,iy
ax,ax
tcl,tcl
dx,dx
iy,iy
kcl,kcl
ix,ih
eh,ih
t,t
tcl,g
dh,n
axr,er
en,n
tcl,tcl
n,n
axr,axr
ng,n
axr,axr
sh,ch
q,r
l,l
l,l
bcl,tcl
q,q
n,ux
zh,jh
ey,ey
iy,iy
axr,er
l,ax
s,s
ih,iy
d,k
dx,l
aa,aa
dx,g
ix,q
t,jh
aa,ao
r,r
t,hh
pcl,tcl
r,ay
kcl,tcl
aa,aa
l,l
ao,ao
r,r
n,n
dh,k
eh,eh
uw,ux
bcl,dcl
dx,dx
n,n
ix,axr
s,s
y,iy
f,t
dh,tcl
iy,ix
er,axr
ah,aa
y,dx
t,k
gcl,tcl
l,l
dcl,n
hh,t
dh,l
el,ao
ix,ix
q,y
ux,ix
ih,ih
ao,ao
kcl,gcl
tcl,tcl
tcl,tcl
ih,ix
dcl,dcl
ae,ae
n,n
l,l
iy,iy
z,z
t,t
t,z
q,q
w,w
n,n
dh,v
s,s
m,m
iy,hv
axr,axr
k,k
tcl,tcl
v,v
eh,eh
z,z
r,r
l,aa
eh,eh
iy,iy
eh,ae
k,k
n,n
w,n
q,gcl
iy,iy
uh,ao
ax,ax
ao,ow
ay,eh
r,ey
ah,ow
er,er
oy,ow
l,m
n,n
axr,aa
jh,t
ey,ey
bcl,bcl
l,l
ix,ih
axr,axr
ih,ux
tcl,tcl
v,v
eh,aa
iy,ix
l,l
q,q
ow,ow
ix,ix
k,k
m,m
s,z
iy,ey
m,dcl
m,n
ae,ay
ax,ax
ay,ay
ax,ax
sh,sh
axr,ah
l,l
ey,ey
ay,ae
iy,axr
q,ix
tcl,tcl
ih,ix
ao,ao
l,l
l,l
eh,ix
dcl,dcl
ix,iy
s,s
ae,ae
q,q
iy,iy
v,v
l,l
em,m
r,r
pcl,bcl
aa,ay
iy,iy
hv,hv
k,k
l,l
eh,ih
ax,ax
dcl,tcl
f,f
tcl,kcl
g,k
ey,ey
ux,ix
pcl,tcl
axr,ix
ah,l
kcl,tcl
v,q
tcl,tcl
aa,aa
er,eh
r,r
ay,oy
k,k
tcl,tcl
sh,sh
ae,ae
k,k
p,k
m,m
ux,ux
v,v
tcl,tcl
ax,aa
iy,iy
dcl,dcl
pcl,pcl
bcl,bcl
gcl,n
k,k
k,k
l,l
ix,ix
w,w
r,r
k,k
p,z
k,k
r,r
n,n
ih,ih
kcl,kcl
m,m
ah,ax
iy,iy
z,z
tcl,z
l,dx
ah,ah
r,er
v,n
m,m
iy,iy
l,l
s,z
gcl,kcl
ix,ix
l,l
n,n
m,n
m,ux
r,r
g,g
er,er
n,m
er,er
v,l
z,z
l,l
ow,ah
iy,iy
er,er
n,iy
ih,ux
ao,l
q,q
ae,ae
en,n
m,n
s,s
jh,t
kcl,tcl
ao,eh
ow,ow
z,z
er,ow
ey,iy
w,el
kcl,kcl
dx,y
ix,ix
r,r
q,l
m,m
f,f
aa,r
l,l
v,v
axr,er
pcl,tcl
r,axr
eh,eh
ax,eh
tcl,tcl
kcl,kcl
axr,eh
z,s
s,s
w,l
dh,dcl
kcl,tcl
iy,iy
q,q
iy,iy
ih,ix
axr,axr
ey,ae
dh,t
ih,ix
t,t
axr,er
ng,n
jh,sh
p,p
y,y
d,t
uh,m
iy,iy
ae,ae
sh,sh
pcl,dcl
l,l
n,n
v,v
ix,ux
s,s
ax,ax
kcl,tcl
hv,hh
w,w
ux,iy
pcl,tcl
n,n
gcl,n
t,t
ah,ax
p,g
r,r
ih,eh
eh,ix
dcl,n
ix,ey
axr,er
s,s
ih,ey
s,s
p,dh
dh,f
g,t
w,w
d,g
r,r
bcl,bcl
s,s
kcl,tcl
n,n
q,q
eh,ey
t,t
s,s
pcl,tcl
r,r
ix,ix
y,iy
kcl,kcl
axr,axr
sh,ch
l,l
ow,eh
s,s
l,l
p,k
kcl,kcl
ae,ae
z,z
n,n
dcl,dcl
s,s
q,q
z,z
k,k
el,l
q,y
el,el
ey,ey
eh,eh
t,k
hh,k
l,ao
eh,ae
v,ix
uw,uw
s,s
ix,ix
aa,aa
ch,ch
aa,aa
l,ay
bcl,pcl
dh,dh
m,m
f,z
pcl,tcl
w,l
ae,ae
aa,axr
ax,ix
dcl,dcl
w,l
ix,n
el,q
s,s
ay,ay
l,l
f,k
ey,ey
m,y
w,w
tcl,kcl
ey,ay
eh,ae
ay,ay
pcl,pcl
s,z
ix,ix
w,w
en,n
s,s
p,p
kcl,kcl
ix,ix
r,r
n,n
ix,eh
tcl,kcl
tcl,tcl
n,n
s,s
n,n
gcl,dcl
t,jh
ih,ix
dcl,dcl
hh,k
ao,ao
g,g
th,sh
sh,s
ah,aa
ng,n
axr,axr
kcl,kcl
iy,iy
tcl,tcl
ix,axr
m,n
kcl,kcl
zh,jh
v,v
z,sh
z,z
axr,ax
dcl,dcl
s,s
r,r
aa,ay
ix,hv
dcl,n
ay,ay
kcl,kcl
v,n
r,r
w,v
ow,ow
ix,ih
l,w
ah,ow
dh,dx
bcl,bcl
gcl,gcl
r,r
n,v
ay,ae
gcl,kcl
ax,l
th,k
n,n
pcl,pcl
tcl,tcl
ch,s
eh,eh
w,w
n,l
kcl,kcl
s,s
ch,sh
ix,ix
w,v
g,g
g,k
tcl,tcl
l,iy
ey,ey
kcl,k
q,q
aw,ah
n,n
ah,ah
l,l
oy,oy
f,v
v,n
ix,n
n,n
ih,eh
n,n
dcl,dcl
r,axr
q,q
aw,ae
ao,ao
ix,ih
ix,ix
r,eh
b,g
ng,n
ih,ih
ax,ow
ng,n
sh,sh
ay,ay
n,n
tcl,tcl
ah,aa
p,k
m,n
iy,iy
r,ah
ay,ay
k,z
s,s
kcl,tcl
aa,aa
kcl,tcl
s,s
z,s
f,f
v,v
tcl,tcl
q,ix
ow,ao
s,s
axr,axr
ay,ay
r,r
ao,aa
z,z
m,ux
ah,oy
ao,w
l,l
k,k
axr,axr
pcl,tcl
er,axr
ay,ay
tcl,tcl
sh,sh
ey,ey
iy,iy
ih,iy
hh,k
ao,ao
ix,q
m,n
ch,sh
aw,aw
z,z
k,k
s,s
ih,ey
s,s
l,q
q,q
ao,ao
dcl,dcl
er,ey
r,r
ih,ix
sh,sh
y,iy
sh,sh
iy,iy
tcl,tcl
ae,ae
k,k
ix,gcl
kcl,tcl
ah,ah
s,s
ih,ih
t,s
eh,eh
n,n
n,n
eh,ae
l,m
gcl,gcl
dh,dh
ix,n
uh,l
z,s
ax,axr
l,l
ae,ay
r,r
ax-h,dcl
k,k
s,s
ah,ah
z,s
ix,ix
ae,ey
gcl,dcl
ih,ix
ao,ow
k,k
ay,ay
kcl,tcl
ix,ix
ih,ix
m,m
y,y
tcl,dcl
ix,n
jh,k
s,s
er,er
m,m
m,n
kcl,tcl
s,s
dcl,dcl
eh,eh
iy,iy
kcl,kcl
ah,ah
dx,r
ih,ix
ae,ae
pcl,kcl
r,r
s,s
n,dcl
z,z
ow,ih
pcl,tcl
m,m
ah,aa
ey,ay
aw,ao
ae,n
dx,n
l,l
ux,ux
w,w
ae,ae
s,s
hh,dh
r,r
iy,ux
ay,ay
tcl,kcl
ih,ey
m,m
z,z
pcl,tcl
ax,r
r,r
y,y
el,ax
pcl,tcl
v,axr
p,k
tcl,tcl
m,n
dx,q
dh,dh
en,en
iy,iy
uw,m
axr,r
aw,ae
t,t
dcl,n
eh,eh
g,g
ae,ae
ey,ey
iy,r
ix,ix
bcl,dcl
tcl,q
w,l
v,v
ux,v
m,m
ih,ih
iy,ey
l,ow
dcl,tcl
n,n
dx,k
pcl,tcl
n,n
ch,sh
w,l
s,s
n,n
iy,iy
n,n
t,k
m,m
s,s
ih,ix
m,n
z,s
iy,y
dh,dcl
n,n
dcl,tcl
ax-h,dcl
tcl,kcl
n,n
iy,iy
pcl,pcl
ao,ao
f,f
sh,sh
iy,iy
w,l
t,t
z,z
dcl,dcl
f,f
kcl,tcl
ow,oy
tcl,tcl
n,n
n,n
l,l
aa,aa
pcl,tcl
ux,iy
aa,aa
er,r
gcl,dcl
r,r
l,k
ih,eh
ix,iy
gcl,tcl
sh,sh
ax,w
gcl,dcl
jh,z
s,s
s,s
m,n
n,n
iy,ey
l,ax
kcl,kcl
r,l
sh,sh
tcl,tcl
b,p
iy,iy
hh,hh
axr,r
ay,aa
g,g
aa,l
p,f
n,n
kcl,kcl
ay,aa
kcl,kcl
l,r
k,g
ux,ax
m,n
r,r
el,ao
ih,r
v,v
s,s
hv,iy
w,ao
t,k
w,l
s,s
sh,s
ey,r
n,n
ix,ih
iy,iy
iy,iy
kcl,kcl
kcl,tcl
m,m
aa,aa
ax,ix
en,ix
dh,dh
iy,iy
s,z
m,m
r,r
ix,dx
k,k
ix,ix
tcl,kcl
sh,sh
n,n
dcl,dcl
kcl,kcl
gcl,dcl
w,w
t,dh
ay,ay
s,s
g,g
t,tcl
v,l
f,f
ae,ae
ng,n
tcl,tcl
ix,axr
iy,iy
dcl,dcl
aa,aa
z,s
t,t
ae,ae
ih,ix
s,s
r,r
dcl,dcl
m,m
ay,ay
w,w
g,k
tcl,d
z,z
z,z
iy,iy
tcl,tcl
aa,aa
n,n
ao,ay
t,s
ux,ih
eh,ae
dx,dx
iy,iy
axr,ao
l,l
m,m
r,r
ow,ao
eh,eh
ih,ae
q,q
ao,ao
gcl,dcl
eh,q
ux,iy
tcl,tcl
ah,ah
n,v
ay,ay
tcl,tcl
ay,ay
iy,ey
aa,eh
s,s
l,l
ey,ey
ah,ae
n,n
ix,ax
y,y
k,k
w,w
eh,r
w,w
k,k
hv,hv
eh,ae
w,ay
n,n
n,n
ow,ao
l,l
n,n
f,t
s,s
kcl,kcl
k,k
tcl,tcl
dcl,dx
ey,ay
aa,ow
axr,axr
bcl,tcl
jh,k
hv,hv
p,axr
iy,iy
r,r
dcl,dcl
ay,iy
v,v
gcl,tcl
ax,l
aa,aa
w,w
ao,ax
l,l
tcl,tcl
er,er
er,r
m,n
tcl,tcl
ao,aa
er,axr
ay,ay
ah,ow
ix,ix
t,t
ng,n
ax,w
f,f
t,dh
r,axr
el,l
s,s
y,y
k,kcl
gcl,kcl
iy,iy
t,t
m,m
kcl,kcl
tcl,tcl
kcl,kcl
dh,f
dcl,dcl
ch,s
kcl,t
bcl,dcl
s,s
q,l
k,k
s,s
dx,dx
l,l
ao,ao
t,g
ah,ay
iy,iy
ae,ah
t,tcl
ih,ih
r,r
ux,iy
r,r
bcl,v
ao,ao
tcl,tcl
ch,jh
ih,ix
ah,ae
aa,r
n,n
ae,ae
ae,ae
k,k
bcl,n
n,n
r,r
s,sh
tcl,kcl
er,ao
ax,ax
ao,ao
dh,q
sh,sh
l,l
y,iy
f,f
ih,ih
ae,ey
ay,ay
kcl,kcl
pcl,tcl
iy,iy
ae,ae
w,l
ix,q
q,dh
hv,hv
ah,ah
v,f
k,g
y,iy
q,y
t,t
aa,aa
ax,l
s,s
f,f
tcl,tcl
l,l
ey,ey
r,r
aa,aa
ae,ae
p,k
aa,ao
w,r
t,dx
n,n
w,w
q,q
kcl,kcl
hv,hv
pcl,tcl
w,w
w,l
tcl,tcl
ix,ix
hv,hv
d,t
iy,r
s,s
ao,ao
kcl,tcl
ow,er
jh,jh
ix,n
z,z
t,z
m,n
aa,ay
axr,axr
dcl,dcl
y,q
s,s
w,ax
hh,hh
t,t
w,w
ax,ax
r,axr
q,q
ah,ah
nx,l
iy,ey
r,y
iy,iy
m,n
ey,ey
ih,ih
v,dh
k,k
ih,ih
ng,n
iy,iy
n,ix
ih,ih
zh,y
tcl,gcl
r,r
b,p
ng,n
dcl,dcl
dcl,dcl
s,s
tcl,tcl
t,s
er,ix
ey,ey
l,l
bcl,tcl
s,s
eh,eh
s,s
axr,r
y,iy
iy,iy
iy,iy
kcl,tcl
s,s
dh,dh
v,r
ey,eh
tcl,tcl
dcl,bcl
q,q
r,r
f,f
ow,l
r,r
n,n
d,tcl
uh,ow
eh,ae
f,s
ng,n
dcl,dcl
z,z
tcl,tcl
dcl,dcl
s,s
em,n
kcl,kcl
axr,axr
dcl,dcl
ch,s
hh,z
el,el
n,m
dx,dx
tcl,tcl
g,g
v,g
p,k
aa,ae
eh,eh
eh,eh
ae,ey
n,n
ih,iy
r,ao
t,t
gcl,tcl
k,k
f,s
dcl,r
er,r
eh,eh
t,t
gcl,gcl
s,s
m,m
r,r
iy,ix
er,er
er,axr
kcl,kcl
y,q
q,q
ao,el
s,s
m,m
q,q
er,er
ix,iy
ey,ey
bcl,dcl
n,n
axr,axr
l,l
s,s
n,tcl
ao,aa
q,q
m,n
axr,iy
l,el
ch,t
ao,w
ae,ae
l,l
aa,r
ae,ay
aa,ao
ey,ey
t,t
pcl,tcl
tcl,tcl
y,iy
ey,ey
l,l
n,n
kcl,kcl
m,n
dcl,n
w,w
eh,eh
ax,ax
z,s
w,w
r,q
ix,ix
ax,ax
ix,ix
er,er
z,z
q,q
k,k
tcl,dcl
r,ix
nx,n
ay,ay
ix,ix
kcl,kcl
iy,iy
iy,ix
nx,n
ih,ih
n,dcl
l,ay
ih,ih
ix,q
n,en
ae,aa
m,bcl
axr,er
kcl,tcl
dh,dx
ao,ao
dcl,dcl
ix,ix
z,z
t,t
ih,ih
tcl,tcl
ih,axr
w,l
er,axr
r,q
z,s
kcl,kcl
n,l
q,q
ae,ae
iy,er
tcl,kcl
ix,ux
ix,ix
tcl,tcl
aa,aa
pcl,tcl
iy,iy
kcl,tcl
aa,eh
tcl,z
n,n
m,n
bcl,v
kcl,tcl
q,q
ix,ix
bcl,dcl
y,y
eh,aa
s,s
d,t
n,n
s,s
ae,ae
iy,iy
ax,ax
v,v
w,w
r,r
z,z
n,n
n,n
k,hh
er,er
hv,hv
jh,jh
r,r
ah,aa
iy,iy
l,ao
ah,ah
ow,ow
n,n
eh,eh
s,s
ix,q
bcl,kcl
iy,iy
iy,iy
er,r
kcl,tcl
z,z
kcl,tcl
w,q
r,r
ix,dh
el,ow
r,l
pcl,tcl
gcl,tcl
iy,ix
gcl,dcl
kcl,tcl
n,dcl
n,m
m,n
v,v
dx,dcl
iy,iy
dcl,gcl
f,f
y,y
sh,sh
n,n
iy,iy
ax,eh
l,l
l,l
sh,sh
n,n
ao,l
w,w
tcl,kcl
er,er
t,k
iy,iy
iy,y
w,w
ay,ay
ng,n
axr,axr
eh,aa
r,r
r,r
n,dx
er,r
ax,ah
k,k
ax,aa
ah,ay
ao,ow
gcl,kcl
iy,iy
aa,ao
axr,axr
m,m
ah,eh
tcl,kcl
ae,ae
kcl,kcl
ay,ae
m,m
k,k
ix,iy
ow,ao
d,tcl
dcl,dcl
n,m
tcl,tcl
n,n
iy,iy
s,s
ow,ow
iy,iy
l,l
kcl,tcl
s,s
ih,iy
axr,r
ae,ae
ae,ay
axr,ao
sh,sh
ay,ae
p,k
ih,ey
dcl,tcl
ae,ae
ih,iy
z,z
g,kcl
w,w
dh,d
ix,ix
dh,ix
sh,s
ix,iy
m,m
g,g
ax,ix
m,ix
iy,iy
iy,iy
sh,sh
ow,aa
ix,ix
ao,aa
ah,aa
s,z
pcl,tcl
axr,r
l,ax
l,l
ax,ix
s,s
q,n
iy,iy
iy,ey
iy,ux
s,s
tcl,kcl
s,s
axr,axr
aa,aa
ng,n
dh,ix
iy,iy
r,r
ix,ix
ay,ao
ow,ow
ah,ay
hh,th
ay,ay
s,s
g,g
m,n
dcl,gcl
q,q
eh,eh
s,s
ay,ay
v,dh
iy,ix
ax-h,ix
ae,ae
hv,ix
r,r
ih,aa
f,s
ax,ax
r,r
eh,r
tcl,tcl
ax,l
aw,ae
axr,axr
dcl,tcl
iy,ix
r,r
r,r
s,s
eh,eh
r,r
tcl,kcl
dcl,tcl
l,l
ix,ix
s,s
f,f
r,r
axr,r
kcl,dcl
ix,ix
gcl,tcl
n,n
ix,ux
gcl,kcl
gcl,dcl
t,k
t,t
l,l
g,k
ix,q
tcl,tcl
w,w
iy,iy
ow,ow
ix,tcl
ih,ix
q,l
gcl,v
tcl,gcl
ih,ey
z,s
s,s
dh,tcl
ow,ow
s,s
aa,aa
ix,ih
ax,ax
th,f
ix,ih
t,k
ah,l
ix,iy
pcl,tcl
ae,ae
k,k
axr,axr
dh,dh
l,l
bcl,n
w,r
iy,iy
dh,dh
dcl,dcl
bcl,bcl
axr,axr
iy,ey
hv,v
r,r
y,iy
aa,ao
ih,q
bcl,kcl
w,ao
iy,ix
p,dh
l,ow
k,k
ax,l
iy,ix
eh,ow
t,t
pcl,tcl
ey,ey
s,s
k,k
f,f
ix,ix
tcl,dcl
tcl,tcl
ao,ao
s,z
kcl,kcl
z,s
t,k
ah,ae
ix,ix
ey,ey
ax,ix
m,n
m,n
t,t
k,k
l,l
gcl,n
ih,ih
dh,n
ao,aa
n,n
z,s
k,k
ix,ix
z,z
eh,eh
ix,ux
sh,sh
ix,ix
q,k
n,n
axr,r
l,l
dcl,dcl
dh,k
kcl,kcl
n,n
k,kcl
eh,ae
m,dcl
v,v
l,l
k,dx
iy,ey
ao,ao
iy,ix
q,q
n,n
eh,ae
ih,ix
kcl,tcl
ix,ey
iy,iy
axr,axr
axr,er
th,f
aa,aa
ih,ux
ux,ux
m,m
kcl,tcl
iy,iy
gcl,bcl
v,q
t,t
axr,r
n,n
pcl,dcl
sh,s
w,ao
iy,iy
aa,ay
y,iy
ax,ow
iy,n
m,n
n,n
w,w
iy,y
jh,jh
dcl,dcl
ah,ax
n,n
r,eh
pcl,pcl
ax,ix
ng,m
bcl,gcl
gcl,tcl
w,w
w,w
s,s
nx,n
tcl,tcl
f,f
p,k
t,d
ng,n
th,th
q,ix
k,k
k,k
t,k
w,w
z,s
q,q
r,r
bcl,g
k,k
ax,ax
axr,er
bcl,bcl
z,z
ay,ae
iy,iy
m,v
l,l
t,t
n,n
q,q
iy,r
ih,iy
n,l
m,m
f,f
p,k
dcl,tcl
r,r
pcl,pcl
hv,q
iy,iy
l,l
dh,t
n,n
s,s
s,s
dcl,bcl
jh,jh
ax,ax
er,er
jh,dx
ao,ao
ix,ih
kcl,tcl
s,s
q,q
dh,dh
jh,jh
ix,ix
kcl,pcl
ih,ux
ao,aa
aa,aa
gcl,gcl
oy,oy
k,k
dh,k
kcl,tcl
ey,ey
ay,ae
k,k
p,s
tcl,tcl
ng,q
jh,t
eh,ix
er,er
n,dcl
ao,aa
ae,ae
ih,ix
p,kcl
hv,ix
t,t
n,n
ao,oy
tcl,kcl
jh,t
r,r
ix,ix
oy,oy
sh,sh
iy,ux
l,l
k,k
l,l
ix,ix
y,y
aa,aa
ax,ix
pcl,pcl
r,r
ix,iy
ax,ax
hv,iy
m,n
dx,dx
tcl,dh
s,s
iy,iy
l,l
ae,ae
n,n
ux,ih
l,l
kcl,kcl
dcl,dcl
v,ix
gcl,tcl
n,n
er,ih
axr,er
kcl,kcl
s,s
kcl,tcl
er,er
axr,axr
n,dcl
kcl,tcl
ow,ow
ax,ax
l,l
r,r
l,l
m,dx
hv,hv
l,el
ix,dx
k,kcl
n,n
iy,iy
iy,iy
z,s
bcl,bcl
s,s
bcl,dcl
n,n
ay,ah
ih,iy
ay,ay
tcl,q
q,q
ay,aa
t,z
tcl,tcl
ih,iy
y,y
er,axr
gcl,w
s,s
axr,axr
y,y
m,m
ih,ih
n,v
r,r
ax,ax
s,s
bcl,bcl
eh,eh
aa,aa
b,p
q,q
s,s
l,n
en,n
iy,ey
ax,ix
eh,ae
iy,iy
axr,axr
r,r
l,m
t,s
w,w
ax,ix
l,l
z,z
aa,ay
axr,axr
g,k
aa,eh
s,s
ax,ix
iy,iy
iy,iy
iy,iy
ao,ao
dcl,n
ih,ah
n,n
ay,ay
s,s
ih,ux
th,th
s,z
aw,ao
axr,r
hv,y
ey,ix
eh,eh
dcl,tcl
y,y
kcl,tcl
hv,aa
n,tcl
ng,gcl
dcl,tcl
ey,ey
tcl,dcl
axr,r
ay,aa
b,d
ae,ae
ih,ix
ax,ah
ix,ix
pcl,kcl
axr,er
iy,iy
q,q
s,s
m,ax
r,er
iy,ix
n,n
p,hh
s,s
ow,ao
y,iy
ih,eh
r,r
ay,ay
ix,r
ow,ow
iy,iy
r,r
ix,ix
p,t
axr,axr
w,l
ih,ix
eh,eh
ng,n
ow,ao
iy,ix
q,q
l,l
en,n
eh,eh
gcl,dcl
d,dx
ow,ah
s,s
dcl,dcl
ix,ix
r,axr
ae,ae
el,l
pcl,tcl
r,dx
tcl,z
aa,aa
r,r
pcl,tcl
bcl,dcl
iy,gcl
ax,ao
ih,iy
n,n
ax,ax
eh,r
ix,ix
ch,ch
ao,ao
dx,dh
dcl,tcl
hv,hv
sh,s
tcl,tcl
r,r
tcl,n
ae,ae
ih,axr
r,r
ix,ix
s,s
eh,eh
q,q
ih,ow
s,s
l,l
ow,el
eh,ae
ow,ax
ay,ay
n,n
iy,ix
el,el
eh,ey
q,q
ix,dx
ah,eh
eh,ix
z,z
ux,iy
axr,n
eh,ow
ao,oy
sh,sh
b,tcl
dh,k
iy,iy
iy,iy
eh,ih
iy,ey
iy,ow
aa,ao
ay,ay
iy,iy
sh,s
sh,s
axr,axr
ax,l
ao,ao
uw,r
w,l
ix,ix
ih,ih
t,s
axr,iy
q,q
axr,r
axr,eh
tcl,tcl
l,l
ch,ch
dcl,l
ey,ey
ix,iy
n,n
th,th
dx,dcl
z,z
iy,iy
m,n
ax,ax
m,m
ae,ae
n,t
hh,hv
aa,aw
dx,dx
k,k
d,d
axr,ax
p,p
s,s
s,s
s,s
ix,ix
g,k
el,l
ah,ih
k,k
ae,ay
jh,jh
w,l
pcl,tcl
ux,ux
n,m
n,n
ix,ax
aa,aa
iy,ih
t,t
k,k
gcl,dcl
n,n
kcl,tcl
ix,r
iy,iy
bcl,tcl
s,s
p,k
ay,ay
w,l
r,r
gcl,gcl
kcl,tcl
dcl,dcl
ae,ae
n,n
l,l
ae,ay
l,l
r,r
hh,z
iy,ey
axr,ah
aa,aa
s,s
iy,iy
eh,ix
en,m
z,z
th,tcl
r,r
z,k
pcl,tcl
axr,axr
l,m
z,s
r,er
pcl,tcl
bcl,bcl
r,r
ux,iy
axr,r
kcl,kcl
t,k
n,n
ae,ae
dcl,dh
ao,r
tcl,tcl
y,ix
ao,ao
tcl,kcl
ih,eh
ng,n
s,s
s,s
l,l
l,l
l,l
q,q
ey,ey
ay,ay
sh,sh
ey,ey
aw,ah
s,z
dh,g
z,z
ix,eh
eh,eh
ae,ae
el,el
axr,axr
l,l
iy,ix
ow,ah
y,y
z,s
t,t
m,m
ah,ah
pcl,kcl
m,n
r,r
dcl,tcl
n,n
f,tcl
ah,eh
k,g
iy,iy
ih,ux
r,r
ix,ux
aa,aa
m,m
ix,ix
z,z
el,el
w,w
d,dh
s,s
kcl,tcl
jh,jh
l,l
n,n
p,k
ey,ey
r,r
kcl,tcl
ng,n
dcl,dcl
eh,ae
k,k
q,q
r,r
ix,ix
ax,ax
ow,ow
r,r
gcl,tcl
ah,er
tcl,tcl
kcl,kcl
q,q
q,q
b,q
l,l
axr,r
iy,ix
kcl,tcl
ax,ix
hh,tcl
ay,ay
s,s
m,m
m,n
ay,ay
ux,v
hh,k
q,q
dh,dx
t,t
aa,l
ax,ix
ow,ow
s,s
l,l
tcl,kcl
v,f
ix,ix
t,t
dh,dh
ax-h,ix
pcl,tcl
d,dh
dx,dx
bcl,bcl
g,k
pcl,pcl
ae,ae
y,y
ey,ey
tcl,tcl
ah,ay
dcl,dcl
z,s
dcl,dcl
tcl,tcl
k,k
dx,tcl
z,z
iy,ux
ao,q
uw,uw
kcl,g
ih,ih
r,er
w,l
aa,ay
z,s
bcl,dcl
ow,ao
ix,ix
q,kcl
ow,ae
ay,ay
z,z
er,er
ux,ix
ay,ay
aw,ah
w,r
kcl,kcl
sh,sh
aa,aa
sh,s
ey,ey
d,dh
l,l
ng,m
axr,axr
dx,g
r,r
ax,ax
m,n
ae,aa
k,k
w,w
ah,ey
ey,ey
t,t
ch,ch
iy,y
iy,iy
n,n
ey,ey
iy,iy
eh,eh
y,iy
f,f
kcl,tcl
ch,s
r,r
pcl,tcl
ey,ey
l,l
er,er
s,s
s,s
ih,iy
aa,aa
tcl,gcl
ax,l
ey,ey
ae,ae
ux,ux
tcl,tcl
ix,ix
dcl,n
kcl,kcl
dh,dh
q,n
pcl,kcl
ih,ae
ax,ix
p,k
ey,ey
aa,aa
kcl,tcl
y,iy
iy,iy
w,w
s,s
w,l
gcl,pcl
sh,sh
ao,ao
ix,ix
aa,r
ay,ay
ix,n
kcl,kcl
l,l
jh,d
ao,ao
n,n
ey,ey
ah,ax
l,ix
ao,ao
k,k
iy,iy
aa,ao
z,s
gcl,gcl
pcl,pcl
dcl,dcl
p,k
q,q
m,n
b,tcl
sh,sh
axr,ix
ao,ao
y,y
m,m
ae,ay
hv,hv
sh,sh
bcl,tcl
ao,ao
ow,oy
t,s
n,n
kcl,kcl
axr,r
n,n
s,s
ey,ey
eh,r
ax,ix
ow,ow
eh,ey
eh,eh
p,k
iy,iy
s,s
er,er
v,ix
l,l
aw,ax
dh,th
t,s
ey,iy
ih,ih
ae,ae
dx,ix
tcl,kcl
z,z
k,k
r,r
v,dcl
axr,ax
pcl,tcl
z,s
dcl,dcl
dx,v
s,s
q,n
n,m
r,v
ih,ih
n,n
aa,aa
ao,ao
tcl,tcl
k,k
axr,v
uw,ey
ao,ae
ix,iy
s,s
ao,ao
dh,th
axr,axr
tcl,kcl
jh,jh
iy,ey
dcl,n
g,g
ih,ih
ow,ow
r,r
n,n
v,v
f,dh
dx,g
ch,sh
m,n
m,m
ix,ix
k,k
nx,ax
kcl,kcl
iy,ey
iy,ey
tcl,tcl
n,n
kcl,tcl
eh,eh
v,ix
m,n
ix,ax
iy,iy
gcl,k
bcl,v
aa,ae
ng,n
ae,ay
el,v
tcl,tcl
dh,dcl
ae,ae
n,q
kcl,kcl
ix,ix
t,t
m,n
kcl,tcl
p,dh
pcl,tcl
s,s
eh,eh
r,r
kcl,tcl
q,q
n,n
z,s
eh,eh
ax,ah
m,ix
w,w
l,l
ow,ow
y,y
q,r
pcl,tcl
k,k
y,iy
sh,s
f,f
z,s
kcl,kcl
ix,ix
q,q
d,d
ax,ix
ay,oy
k,k
sh,s
bcl,dcl
th,th
dcl,tcl
dcl,dh
f,f
dcl,n
gcl,dcl
ax,ax
iy,ey
q,q
r,r
kcl,tcl
axr,axr
axr,er
p,k
eh,ae
eh,ae
pcl,tcl
ix,r
ix,ix
zh,t
sh,sh
s,s
ae,ae
n,n
el,el
n,n
ao,ao
ah,ix
v,v
ng,uw
oy,oy
iy,iy
q,q
kcl,kcl
ih,ey
ix,ey
p,p
ix,y
axr,axr
axr,axr
r,l
r,er
f,f
m,n
ae,eh
ih,iy
iy,iy
ih,ix
b,dh
s,s
l,ah
kcl,tcl
ey,ey
r,axr
d,k
iy,ih
t,t
s,s
iy,iy
w,m
bcl,tcl
en,n
en,n
axr,axr
tcl,tcl
s,s
t,g
l,q
uw,l
axr,axr
t,t
uh,ah
aa,aa
kcl,tcl
ix,ix
l,r
ih,eh
ae,ae
sh,sh
f,f
ax,ix
ax,l
tcl,tcl
ow,ow
iy,iy
w,w
dh,ix
er,er
f,z
kcl,dcl
hv,hv
l,l
th,z
z,z
ae,aa
tcl,tcl
ih,ix
ae,ae
eh,ah
ix,ah
t,k
iy,ih
l,l
uh,ax
iy,iy
l,l
ae,ae
kcl,kcl
q,q
sh,sh
aa,aa
s,s
z,z
axr,ux
ah,r
ae,ae
m,m
axr,eh
ch,jh
iy,iy
ng,n
axr,axr
z,s
ah,ah
ix,ih
m,m
l,l
ay,aa
m,n
m,n
n,n
w,l
kcl,dh
ax,l
l,l
gcl,tcl
ow,ow
l,ay
n,n
aa,aa
gcl,kcl
q,kcl
ih,ey
m,l
ch,s
kcl,tcl
t,z
iy,ey
ux,ix
iy,iy
ae,ae
z,s
tcl,dcl
ow,ow
tcl,z
dcl,dcl
t,t
w,l
ix,ix
uw,r
z,z
w,w
eh,ay
axr,ae
eh,r
gcl,dcl
iy,ix
ey,ey
d,k
ng,n
n,n
aa,er
tcl,tcl
l,q
f,f
s,s
l,l
s,s
r,r
tcl,kcl
tcl,tcl
gcl,dcl
sh,s
ae,ae
n,n
n,n
t,n
ah,aa
s,s
n,n
kcl,kcl
iy,iy
w,w
er,r
m,m
dx,dx
oy,ao
n,q
bcl,bcl
er,er
ay,ay
m,n
sh,s
ae,eh
ow,el
tcl,tcl
eh,ae
nx,n
t,sh
ah,r
ay,ey
ax,ax
ux,y
r,r
f,f
n,l
t,sh
axr,er
s,sh
t,s
w,l
aa,aa
n,n
y,ux
axr,l
gcl,dx
en,dx
s,s
f,th
z,z
el,el
w,eh
s,s
bcl,tcl
n,n
iy,axr
y,y
p,t
axr,ey
nx,nx
m,gcl
w,l
w,w
kcl,kcl
f,f
ix,ix
ix,axr
eh,r
ix,ix
axr,aa
ah,ae
ax,ah
aw,aa
ao,ao
n,ix
ay,iy
aa,aa
l,l
p,t
r,dx
v,v
ih,ix
ax,ax
ae,ae
tcl,tcl
z,s
hv,y
iy,eh
r,r
bcl,dcl
g,g
aa,aa
ih,ih
s,s
kcl,kcl
tcl,tcl
ae,ae
r,r
l,l
z,z
ux,ix
kcl,kcl
g,k
bcl,bcl
ih,ix
axr,er
axr,r
kcl,kcl
aa,ah
el,eh
kcl,tcl
n,n
l,l
dx,tcl
s,s
ah,ah
sh,s
ae,ae
r,r
kcl,kcl
iy,ux
r,r
uh,ow
aa,ah
ix,ix
n,n
t,t
r,er
z,tcl
l,l
pcl,kcl
n,m
ae,ey
iy,y
s,s
n,n
r,r
tcl,tcl
kcl,gcl
n,tcl
ao,ao
ng,n
m,en
m,n
dcl,kcl
ey,ey
ax-h,k
w,w
w,l
axr,r
er,axr
l,aa
eh,r
tcl,tcl
hh,k
eh,n
iy,ux
ay,ay
z,s
r,er
m,n
ax,l
dcl,tcl
n,ix
ix,ix
kcl,tcl
l,l
s,s
dcl,tcl
ey,ey
tcl,tcl
q,q
aw,aa
g,dx
r,r
ih,ih
ix,ix
axr,ix
p,k
n,n
iy,iy
aa,ay
pcl,tcl
n,q
n,n
ng,l
zh,jh
f,s
ey,ae
ux,ux
en,n
m,ix
axr,ih
kcl,kcl
v,v
axr,er
g,k
ey,iy
ae,ae
ay,ey
kcl,tcl
dx,y
ux,axr
l,l
ch,s
dcl,dcl
iy,iy
g,g
bcl,pcl
w,w
n,n
s,s
z,k
el,el
ow,ah
eh,eh
y,y
v,r
ae,ae
n,n
l,ix
ih,ey
eh,eh
q,q
ey,ey
ix,iy
axr,axr
ih,ih
l,aa
ch,ch
el,ao
iy,iy
tcl,tcl
z,z
tcl,tcl
gcl,kcl
ah,aa
iy,iy
ax,r
p,g
iy,iy
n,n
ao,ao
ey,ey
ix,ih
ae,eh
aa,ay
r,r
t,t
jh,s
ah,eh
ng,n
iy,iy
g,g
aw,aa
dcl,tcl
ae,ae
ey,ey
ix,ix
kcl,tcl
ao,ao
ow,l
r,r
ae,ae
r,r
ng,n
bcl,kcl
t,t
z,z
dcl,dcl
q,q
z,z
tcl,n
d,t
n,q
dx,g
s,s
eh,ae
kcl,kcl
k,k
iy,iy
w,l
iy,ih
p,p
z,s
ax,ix
eh,eh
r,r
s,s
tcl,tcl
z,z
ax,ix
el,el
r,r
ow,ow
th,f
t,t
q,q
dcl,kcl
m,n
s,s
l,l
f,f
kcl,tcl
jh,jh
tcl,tcl
l,l
ih,ih
ax,l
ah,r
s,s
tcl,tcl
ay,ay
ow,ay
tcl,tcl
z,z
ao,ao
ax,eh
f,f
ih,ih
hh,hv
ey,ix
k,k
l,l
m,n
ix,ix
aa,aa
z,s
iy,iy
s,s
s,s
tcl,kcl
eh,eh
r,r
ah,axr
pcl,tcl
n,n
ao,aw
ch,ch
uh,eh
l,w
ix,axr
p,k
ey,ey
eh,ey
ih,ix
ao,l
jh,jh
t,k
l,l
q,q
ix,ix
axr,ux
l,l
hv,y
tcl,tcl
sh,s
ao,aa
dcl,dcl
dcl,dcl
hv,hv
uh,ix
r,r
kcl,tcl
v,ix
iy,iy
s,s
v,v
z,z
eh,ah
axr,r
ix,ix
ix,dh
tcl,kcl
ih,ey
n,n
iy,iy
v,g
iy,ey
ax,ah
gcl,n
kcl,tcl
s,s
m,n
iy,iy
r,axr
iy,ix
ix,ix
k,k
tcl,tcl
iy,iy
gcl,dcl
iy,iy
ae,ae
t,k
z,s
eh,eh
l,l
iy,iy
ae,ae
q,q
k,k
eh,er
hv,dx
eh,eh
w,w
ow,ow
k,k
ax,l
r,r
ax,ix
s,s
iy,ey
ey,ey
ux,ix
hh,k
k,k
kcl,tcl
ih,eh
dh,dh
ah,eh
m,m
q,q
aw,aw
n,n
s,s
eh,eh
l,l
q,q
q,q
er,er
iy,ix
s,s
z,z
m,dh
n,n
sh,sh
l,ao
r,r
s,s
eh,ae
iy,iy
pcl,kcl
eh,eh
w,w
kcl,tcl
ix,ix
t,t
ow,l
aa,ow
kcl,kcl
eh,eh
z,ch
w,w
n,ix
iy,ux
uw,ix
y,iy
ax,ix
eh,oy
n,ix
t,t
nx,n
l,l
q,q
iy,y
iy,iy
pcl,tcl
q,q
el,l
t,d
er,axr
dh,ix
q,tcl
ix,ix
ae,ae
ix,ix
l,l
ah,ae
iy,iy
n,ix
dx,dx
iy,ey
r,r
q,q
r,eh
ey,ey
ay,ay
iy,ix
tcl,tcl
ao,ao
eh,ae
ow,ao
d,kcl
kcl,tcl
m,m
ih,ix
ix,ey
ax,ax
d,dh
ix,axr
r,r
tcl,tcl
q,q
q,q
n,q
w,w
k,th
hh,f
uh,axr
eh,ix
jh,t
nx,n
f,f
tcl,tcl
gcl,n
pcl,tcl
r,r
sh,s
r,r
ax,l
r,r
s,t
kcl,kcl
er,l
f,f
t,t
n,n
t,t
dcl,dx
ix,q
ih,ah
f,v
ah,ah
ix,ix
ih,ix
w,n
ow,er
w,l
ae,ae
k,k
dcl,kcl
k,k
r,r
ng,n
bcl,tcl
tcl,dcl
tcl,n
k,k
ix,ix
sh,sh
ix,q
l,el
ey,eh
l,l
ih,axr
dcl,bcl
w,w
axr,er
axr,axr
gcl,kcl
s,s
eh,eh
t,k
n,dcl
n,n
q,q
z,z
q,q
dx,ix
tcl,tcl
ax-h,tcl
dx,dx
l,ix
dx,tcl
ah,ax
ow,ow
eh,ix
q,n
r,r
ao,ow
z,s
ae,eh
l,l
ay,oy
d,t
z,z
iy,ix
dcl,dcl
kcl,tcl
ih,ix
q,n
tcl,tcl
l,l
dcl,tcl
n,n
n,n
hv,iy
el,ax
dh,dh
l,l
aa,ay
ih,iy
ux,ux
s,s
z,z
ix,eh
s,s
nx,dx
jh,jh
ux,ux
t,t
pcl,tcl
q,q
axr,ux
r,r
hv,k
ng,n
f,f
n,n
tcl,q
n,n
r,r
er,er
ix,ix
y,y
w,w
q,q
f,kcl
n,n
tcl,tcl
oy,ay
jh,t
axr,er
aa,aa
l,l
axr,axr
w,w
iy,ey
ix,gcl
l,l
t,t
n,n
v,g
w,r
ix,eh
r,r
gcl,dcl
w,w
aw,aa
uh,q
bcl,dcl
p,k
ay,ay
s,s
g,k
iy,axr
y,iy
s,s
ux,iy
axr,gcl
ix,ih
t,t
iy,iy
ow,ow
dx,tcl
s,s
ix,ax
aw,ay
q,q
n,n
nx,n
p,dh
eh,ae
iy,iy
q,q
tcl,tcl
ae,ae
q,ax
ao,ao
r,r
s,s
tcl,kcl
ih,iy
l,l
en,dx
l,l
l,l
n,m
r,r
er,er
uh,ix
r,aa
tcl,tcl
axr,axr
kcl,kcl
dx,g
m,m
ih,ih
r,r
hv,l
dx,dx
ao,ao
aw,aa
l,l
l,l
hh,k
tcl,kcl
dcl,dcl
jh,z
t,jh
ix,iy
kcl,kcl
y,iy
ah,aa
tcl,kcl
axr,r
z,z
ay,aa
r,r
s,s
n,n
pcl,tcl
axr,g
r,r
z,s
eh,ow
kcl,kcl
ix,ih
axr,er
dcl,dcl
kcl,tcl
ae,ae
ih,ah
w,w
ao,aa
iy,iy
w,w
dx,k
tcl,tcl
r,r
tcl,z
ix,ix
ih,ih
s,s
m,m
n,n
s,s
dcl,pcl
gcl,tcl
s,s
r,r
dcl,dcl
m,m
s,s
tcl,tcl
f,f
k,k
w,ao
ow,ao
s,s
ah,ae
tcl,tcl
kcl,kcl
f,s
kcl,tcl
ay,ay
s,s
kcl,tcl
dh,m
kcl,pcl
ao,ao
v,w
k,k
d,t
ix,l
zh,ch
l,n
ix,ix
w,w
ae,ay
ih,ix
z,s
n,n
y,r
v,v
axr,axr
p,k
ax,ah
ah,eh
dh,v
z,z
axr,axr
dcl,dcl
ae,ae
r,r
p,p
dcl,dcl
axr,ix
er,er
dcl,dcl
pcl,tcl
ix,dx
el,l
axr,r
m,m
eh,aa
z,z
ae,ae
q,r
tcl,tcl
ae,ae
ax,n
tcl,tcl
m,m
tcl,tcl
v,n
s,s
bcl,tcl
ix,ih
l,l
ix,axr
tcl,tcl
sh,sh
sh,sh
ix,ix
w,w
eh,r
dcl,gcl
axr,iy
k,k
sh,sh
r,r
ow,eh
ah,ah
pcl,tcl
ow,ao
tcl,dcl
ax,ax
ax,q
gcl,dcl
t,t
n,m
eh,ao
dh,dh
dcl,dx
dh,dh
s,s
ay,ay
tcl,tcl
w,bcl
ih,ux
z,s
l,l
ow,ah
tcl,tcl
iy,iy
v,dcl
f,s
dx,dx
axr,er
d,tcl
iy,iy
ay,ay
iy,iy
tcl,tcl
ih,ih
eh,aa
dcl,dcl
ix,ix
t,k
dcl,dcl
m,m
ae,ae
s,s
k,k
kcl,tcl
m,dcl
d,g
ah,aa
l,l
n,n
ay,aa
ix,iy
ix,axr
iy,ey
r,eh
q,q
f,f
s,s
k,k
dcl,tcl
axr,er
kcl,tcl
l,ay
ix,ax
y,y
l,l
ih,ih
ix,n
ae,ae
kcl,tcl
v,v
w,w
r,r
er,ey
iy,iy
eh,ay
jh,sh
k,k
iy,ey
en,ux
g,g
ow,ow
f,k
er,er
kcl,kcl
sh,sh
ow,ow
ch,sh
axr,l
er,r
k,k
bcl,dcl
ix,ix
iy,iy
tcl,kcl
z,s
z,z
f,p
p,k
t,k
ix,r
y,dx
n,n
iy,er
tcl,kcl
f,f
sh,sh
ux,ux
tcl,kcl
k,g
w,l
n,n
er,ux
r,r
y,iy
dcl,dcl
ax,ix
m,ux
r,ih
ax,l
n,dcl
f,f
s,s
t,s
jh,ch
f,f
aa,aa
jh,jh
em,m
k,k
ey,ey
s,s
ey,iy
ay,ae
pcl,pcl
iy,iy
q,l
ey,ey
ax,ix
kcl,tcl
w,l
ae,ae
ao,w
m,m
kcl,tcl
q,q
dcl,dcl
ix,iy
ax,aa
dcl,dcl
kcl,kcl
s,s
r,l
iy,eh
t,k
ix,ix
m,m
q,q
s,s
ng,n
ix,ix
ih,ix
ix,ih
ao,l
s,s
v,m
dcl,dcl
s,s
n,n
iy,iy
ih,ux
dh,dcl
ao,ao
tcl,tcl
ux,ux
t,t
tcl,tcl
y,n
kcl,kcl
dx,g
r,r
ao,ao
ae,ae
ae,aa
gcl,n
ix,ix
p,k
th,tcl
tcl,tcl
w,l
dcl,dcl
kcl,k
tcl,tcl
iy,iy
kcl,tcl
r,r
ix,ux
er,ux
k,kcl
l,ah
n,n
gcl,dcl
gcl,tcl
n,n
ux,ix
hh,k
q,ix
ao,ay
oy,oy
m,m
ax,n
er,eh
ae,ae
w,l
ax,ax
bcl,dcl
w,l
ah,ah
dh,z
kcl,tcl
dx,dx
z,s
tcl,tcl
gcl,n
iy,iy
ow,eh
n,n
m,dcl
er,er
p,k
iy,iy
aa,ao
iy,iy
ih,iy
aa,ay
z,s
l,l
m,m
ix,r
dcl,tcl
f,f
kcl,tcl
ax,l
g,k
ao,ao
aa,ao
kcl,tcl
ax,ix
k,k
r,axr
s,s
uh,ix
eh,eh
n,n
oy,ay
l,l
tcl,kcl
s,s
tcl,tcl
dx,dx
r,v
iy,ey
t,t
iy,iy
l,l
ax,ix
ao,aa
er,ow
er,er
n,n
tcl,tcl
dh,z
m,dcl
ux,iy
eh,ae
ng,n
l,l
f,tcl
ih,ix
sh,sh
iy,ux
ah,l
l,n
t,k
eh,ae
n,dh
r,r
w,w
gcl,n
sh,s
gcl,dcl
y,y
r,eh
ih,iy
pcl,tcl
b,dh
oy,ay
axr,axr
m,n
iy,iy
tcl,tcl
s,s
en,n
sh,sh
q,q
q,q
ae,ae
el,el
ux,ux
l,l
axr,r
dcl,dcl
aa,aa
axr,axr
r,er
kcl,tcl
iy,iy
ae,ae
pcl,tcl
bcl,tcl
hv,iy
l,l
iy,ey
iy,ix
ix,ix
er,el
l,l
gcl,dcl
sh,s
kcl,kcl
ix,l
q,q
kcl,tcl
q,q
iy,iy
kcl,kcl
tcl,tcl
ah,ix
bcl,bcl
sh,sh
kcl,tcl
sh,sh
ax,ix
ah,ow
oy,oy
t,t
ix,iy
en,n
r,r
axr,r
axr,er
tcl,tcl
er,r
kcl,tcl
f,f
axr,ao
sh,sh
s,s
l,l
k,f
w,w
el,l
th,dh
p,t
w,w
aa,aa
g,k
bcl,bcl
l,l
p,k
f,f
n,n
r,r
ih,ix
gcl,ix
tcl,tcl
zh,jh
l,l
sh,s
s,s
v,l
tcl,tcl
t,k
axr,axr
ao,ao
k,k
dx,dx
s,s
l,l
ay,ay
f,s
g,g
ah,ix
kcl,kcl
m,m
iy,iy
n,n
dcl,dcl
dcl,tcl
oy,ay
kcl,tcl
ax,q
ng,n
l,l
ey,ey
iy,iy
iy,iy
y,iy
m,l
bcl,bcl
m,n
w,n
axr,axr
t,t
n,n
d,t
ao,r
ix,ix
uw,ux
eh,ae
l,dh
ae,ae
n,n
eh,ih
s,s
tcl,tcl
ah,eh
tcl,kcl
sh,sh
l,l
el,l
ow,ow
ax,ix
er,r
iy,iy
t,kcl
ey,ey
iy,iy
ao,ao
gcl,dx
ix,n
ax,l
aa,ao
ay,ay
ae,ae
ux,ow
aa,ao
r,r
bcl,bcl
r,r
iy,iy
k,k
s,s
v,v
ng,n
ao,ao
l,ix
r,axr
tcl,dx
g,g
s,s
p,k
ah,ah
kcl,kcl
ey,ey
s,s
t,t
ux,iy
r,r
q,l
er,axr
axr,r
r,r
s,s
n,n
w,q
ax,l
ae,ae
iy,iy
ix,ix
dcl,dcl
n,n
w,l
ix,ix
dh,z
r,axr
l,l
l,l
s,s
er,er
ix,l
pcl,dcl
ix,ix
v,v
f,f
p,z
dx,dh
jh,k
ix,ix
s,s
ax,ay
z,z
r,r
y,iy
bcl,tcl
ix,m
f,s
t,k
w,r
r,r
s,s
t,p
ax,dh
s,s
ih,ix
n,n
ah,ae
q,n
ih,ae
g,g
s,s
sh,sh
ah,ao
r,r
ow,ow
ix,ix
z,sh
ix,r
ah,ah
q,ao
ix,ix
k,k
ey,ey
axr,r
s,s
l,l
iy,iy
tcl,tcl
uh,ix
sh,sh
k,k
w,w
ah,ah
iy,iy
ae,ae
ae,ae
ng,n
iy,iy
iy,iy
dh,n
kcl,kcl
eh,ih
bcl,bcl
y,iy
eh,eh
q,q
ih,ow
ae,eh
axr,r
sh,sh
er,axr
s,s
ah,ax
l,l
ae,ae
f,dh
bcl,bcl
m,gcl
ey,ey
tcl,tcl
dh,dh
aa,aa
gcl,dcl
l,ax
t,t
pcl,tcl
uw,ux
ih,ux
s,s
n,n
ix,axr
kcl,kcl
tcl,tcl
m,n
dh,th
q,k
n,n
kcl,tcl
dcl,dcl
y,q
ae,ey
aa,aa
ay,ae
k,k
z,z
r,r
ow,el
n,n
r,m
ay,ae
v,v
kcl,ix
kcl,kcl
ey,ey
iy,ux
ax,l
eh,eh
kcl,dcl
tcl,tcl
er,er
ix,ix
s,s
s,s
l,n
ow,er
aa,aa
z,s
l,l
f,f
jh,jh
t,k
er,r
ax,ix
er,ey
kcl,kcl
pcl,tcl
ix,ix
w,w
r,r
p,p
eh,ae
ao,aa
m,n
eh,ih
n,m
ih,ix
tcl,tcl
w,l
f,f
kcl,kcl
z,z
r,r
s,s
ey,ey
kcl,tcl
ih,eh
r,r
l,l
sh,sh
iy,ih
m,m
aa,aa
ux,ey
ow,oy
dx,q
m,n
m,n
ay,ay
r,r
nx,n
m,n
l,l
f,f
iy,ix
eh,ih
l,l
kcl,kcl
n,axr
t,jh
en,n
tcl,bcl
ow,ao
tcl,kcl
f,f
n,n
t,t
ay,ey
ix,ih
ow,ow
hv,iy
t,t
dcl,dcl
ey,ey
dcl,dcl
tcl,tcl
m,m
s,s
ih,ix
n,n
ow,ay
kcl,kcl
kcl,kcl
t,d
gcl,n
iy,ix
t,f
l,l
y,iy
aa,ae
ah,ae
r,r
s,s
ao,ao
ao,aa
eh,ao
pcl,tcl
sh,sh
ih,ih
l,ao
ch,jh
iy,ix
t,k
aa,aa
ix,en
ay,aa
r,er
k,k
w,m
ao,aa
dcl,dcl
l,n
tcl,dcl
ae,ae
iy,iy
tcl,tcl
p,k
iy,iy
iy,ih
dcl,tcl
f,f
ih,eh
v,v
ay,ay
m,m
aw,ae
ix,ix
w,w
s,s
s,s
kcl,kcl
z,s
l,ah
iy,ux
ix,ey
w,v
iy,iy
ah,ao
d,tcl
pcl,tcl
r,axr
dcl,dcl
m,m
l,l
pcl,tcl
f,f
eh,r
sh,sh
ay,aw
tcl,tcl
s,s
ay,ay
kcl,hh
r,r
eh,ow
k,k
ax,ax
p,p
hh,k
gcl,dcl
r,r
w,w
f,k
pcl,kcl
ix,ix
oy,oy
iy,iy
f,f
k,k
ae,ae
tcl,tcl
l,ao
r,r
ux,iy
hh,k
ih,ih
en,tcl
s,s
ih,ix
ae,ae
ae,ae
s,s
ao,ao
w,l
ow,ow
ux,ux
l,n
p,f
eh,eh
w,l
axr,axr
axr,r
er,aa
ay,aw
iy,ih
ih,ih
ah,ow
f,f
ey,ey
kcl,kcl
f,f
dcl,dcl
z,z
k,k
hh,hv
eh,eh
b,q
eh,eh
n,n
t,tcl
aa,aa
iy,iy
ax,ax
q,ix
dh,hv
ch,jh
r,r
z,z
s,s
eh,eh
l,l
f,f
p,k
n,n
ey,ih
dcl,dcl
dcl,dcl
eh,ow
nx,n
b,k
ax,r
er,r
z,z
ux,ux
s,s
tcl,tcl
v,g
ax,ix
hh,p
aa,aa
r,r
ix,ix
l,l
ix,ix
ah,ah
ae,ae
s,s
r,r
ae,ae
k,k
iy,iy
ao,ao
s,s
z,s
f,f
k,k
w,ao
ax,ax
dh,dh
ah,eh
q,q
ix,ix
n,n
k,k
s,s
dh,v
n,n
iy,ey
iy,iy
l,ey
ch,t
ix,r
bcl,bcl
r,r
y,y
v,v
bcl,tcl
dcl,dcl
g,g
ng,tcl
k,k
k,k
tcl,tcl
kcl,kcl
s,s
uh,ax
hv,hv
dh,dh
s,s
q,kcl
ix,ix
n,n
pcl,tcl
iy,iy
aa,aa
q,l
s,s
kcl,tcl
ix,ix
r,l
dcl,dcl
tcl,dcl
ih,iy
oy,oy
z,s
iy,ih
m,m
s,s
uh,ax
dcl,tcl
kcl,tcl
k,k
kcl,kcl
n,n
ae,ay
ae,ae
f,f
b,k
t,t
w,l
m,y
ih,ih
n,n
l,ow
v,v
oy,oy
ix,ih
iy,ey
r,r
ih,ih
ix,ix
pcl,tcl
axr,r
kcl,kcl
axr,r
ix,ix
gcl,kcl
sh,s
ow,el
s,s
d,k
t,t
dh,t
ng,n
en,n
z,s
th,f
s,s
ng,n
tcl,n
nx,n
w,w
ch,s
ax,l
en,ah
ix,ix
ix,ix
s,s
v,dcl
l,q
tcl,tcl
aw,ay
sh,sh
m,m
hv,iy
ae,ae
eh,ih
kcl,kcl
kcl,kcl
eh,ae
tcl,tcl
gcl,gcl
ix,ix
iy,q
eh,eh
dcl,dcl
q,q
dh,k
r,r
ay,ay
l,l
aa,l
m,m
ae,ae
ix,y
k,tcl
s,s
n,n
ix,ix
s,s
d,d
s,s
v,v
iy,iy
w,l
z,z
nx,n
kcl,gcl
tcl,tcl
dx,dx
th,dh
dx,dx
pcl,m
ax,ax
k,k
ih,ey
tcl,tcl
tcl,tcl
z,z
iy,ey
l,ix
bcl,bcl
axr,r
ix,ix
en,l
ix,iy
q,ax
eh,eh
axr,axr
tcl,tcl
eh,eh
t,t
kcl,kcl
m,n
v,f
m,n
ay,ay
s,s
ux,n
tcl,kcl
d,ch
eh,ae
ng,n
w,l
ng,n
n,ix
dcl,dcl
ax,ax
s,s
kcl,tcl
r,r
r,r
r,r
ih,ax
l,l
z,s
ah,ao
aa,ay
d,d
hh,hh
eh,eh
p,t
m,n
t,k
gcl,tcl
f,f
er,r
l,aa
ax,n
ax,ah
iy,iy
kcl,kcl
th,f
tcl,tcl
ux,ux
ch,s
ow,ow
tcl,tcl
ao,aa
hh,k
tcl,kcl
nx,nx
m,n
tcl,tcl
r,r
er,axr
f,f
k,k
q,axr
ae,ae
eh,ow
r,r
m,n
r,r
ae,ae
eh,ey
ih,ih
g,g
ax,l
dcl,dcl
r,r
axr,er
ao,l
l,l
ey,ey
ey,ey
v,v
ix,iy
kcl,kcl
ae,q
eh,eh
ah,ah
y,y
sh,sh
ax,v
ix,ih
tcl,tcl
kcl,tcl
s,s
m,m
kcl,tcl
m,m
dx,l
n,n
l,l
ix,t
tcl,z
axr,w
dcl,dcl
ae,ae
ix,iy
y,dx
ih,ih
dcl,dcl
jh,k
ao,w
m,l
s,s
m,m
dcl,dcl
ey,ey
ih,ah
s,s
dx,dh
kcl,kcl
ay,ay
ow,ao
v,l
t,t
sh,k
s,s
ux,iy
s,s
gcl,kcl
s,s
l,ao
ah,aa
iy,ix
m,axr
ey,ey
pcl,pcl
ae,ae
ae,ae
v,dx
hh,k
k,k
w,q
ih,ow
uw,ah
r,r
ng,n
w,w
dcl,tcl
ix,ix
f,z
f,f
z,v
iy,q
d,t
ay,ay
ih,eh
l,l
ax,ow
eh,er
dx,dcl
iy,iy
n,m
f,f
ey,ey
dh,d
ix,ix
r,r
dh,dh
th,t
l,l
iy,iy
iy,iy
ix,ih
ix,iy
ux,ux
r,r
aa,ay
n,n
ih,ih
ow,ow
ix,ix
p,k
ih,ae
l,l
s,s
s,z
ix,ax
ae,ae
d,k
n,gcl
en,iy
n,q
eh,eh
ix,ix
ay,ay
dh,g
dcl,dcl
ch,s
y,q
l,l
iy,iy
z,k
l,l
k,k
v,l
ih,ix
w,q
s,s
b,dx
aa,q
pcl,kcl
kcl,dx
w,w
iy,ux
kcl,tcl
ih,ix
iy,ey
l,l
ix,eh
ao,ay
ih,iy
s,s
ao,ao
dh,t
iy,iy
g,g
l,l
v,v
pcl,tcl
tcl,tcl
iy,iy
r,axr
b,dh
gcl,dcl
ey,ae
axr,axr
q,q
ix,ix
v,dh
ao,ao
axr,er
r,r
ih,ih
s,s
em,n
dx,dcl
ey,iy
ah,l
gcl,g
m,dcl
dcl,dx
s,s
ih,eh
er,ae
dcl,ix
bcl,dcl
pcl,tcl
ih,er
m,m
q,q
r,r
ey,ey
kcl,kcl
hh,k
ih,iy
l,l
g,k
kcl,tcl
s,s
ih,ix
t,t
tcl,dcl
ix,ix
aw,aw
hh,g
ix,ay
iy,ix
r,r
s,s
ih,iy
ux,ux
l,ow
ao,ao
l,v
f,s
ay,ay
m,n
axr,er
ih,ih
dcl,dcl
s,s
l,l
dcl,dcl
tcl,tcl
dcl,tcl
dcl,n
tcl,tcl
m,dh
m,m
g,y
ao,ao
s,s
r,r
ih,ix
s,s
tcl,tcl
f,f
ih,ih
sh,sh
ih,ih
ae,ey
s,s
tcl,tcl
ay,ay
ey,ey
ix,ey
ix,ay
k,k
dh,dh
axr,r
aa,ao
ey,ey
d,k
k,k
ay,ey
iy,ix
m,m
kcl,tcl
ux,iy
z,z
ay,ay
eh,ey
ch,s
ix,ih
kcl,kcl
p,dh
q,q
r,ng
jh,d
uh,ix
t,t
n,n
r,r
kcl,dh
bcl,bcl
z,z
axr,aa
ao,ao
iy,iy
oy,oy
t,q
ao,aa
dcl,dcl
el,ow
dx,dx
kcl,kcl
s,s
n,n
aa,aa
s,s
jh,k
ae,ae
tcl,tcl
ae,eh
tcl,tcl
y,ix
ah,eh
z,s
th,kcl
l,l
dcl,dcl
ow,ao
n,n
l,ux
tcl,tcl
iy,iy
f,f
axr,ih
oy,oy
iy,iy
dcl,dcl
b,tcl
kcl,tcl
dcl,dcl
bcl,pcl
p,k
axr,axr
nx,l
aa,aa
kcl,dcl
n,n
s,s
uh,ow
q,gcl
l,l
t,k
ax,ax
ax,ix
l,l
uw,uw
ey,ey
kcl,kcl
p,kcl
w,ao
q,q
v,v
oy,oy
pcl,tcl
el,ow
ng,n
kcl,dcl
tcl,tcl
ih,ix
f,f
r,r
ao,w
ux,ux
eh,eh
tcl,tcl
l,ax
el,el
s,s
ao,w
jh,jh
m,n
ax,ax
l,ix
iy,ng
ih,ix
ae,ae
ax,q
ax,ax
sh,sh
k,k
kcl,tcl
kcl,kcl
ah,aa
aa,aa
el,ao
r,r
dx,dx
n,n
n,n
aa,aa
dx,dx
iy,iy
kcl,kcl
ay,ah
ah,aa
ay,ay
ah,ah
dcl,dcl
n,n
g,k
t,d
kcl,tcl
l,l
er,er
gcl,gcl
axr,r
dcl,kcl
eh,ix
ix,r
l,l
z,jh
ah,axr
kcl,tcl
el,el
tcl,tcl
iy,ey
v,l
hh,k
ah,ax
dx,g
ax,eh
aa,l
p,p
eh,eh
ay,ay
ix,ix
dx,r
l,ix
iy,ih
tcl,tcl
l,l
l,l
ix,ix
dh,dh
z,z
ix,ix
ae,ae
aa,aa
t,k
ao,w
ao,r
ng,n
ae,ae
q,q
ix,n
dcl,dcl
aa,l
ix,ey
z,z
ux,ux
tcl,tcl
sh,sh
ih,ix
kcl,tcl
v,v
t,t
iy,iy
kcl,kcl
ae,eh
r,eh
s,s
tcl,tcl
aa,aa
r,r
gcl,gcl
r,r
v,l
r,r
iy,iy
ae,ae
axr,r
nx,n
dcl,n
k,z
axr,ix
ey,ih
ix,ix
dcl,tcl
ng,ng
n,n
tcl,tcl
sh,sh
kcl,kcl
s,s
tcl,dcl
d,g
s,s
ae,ae
n,v
l,ix
k,k
ux,ix
iy,ey
gcl,gcl
em,v
r,r
ix,eh
f,t
dcl,tcl
f,tcl
g,t
r,r
q,q
axr,r
d,d
r,r
ae,ae
s,s
l,l
r,aa
q,q
l,q
kcl,tcl
w,w
uh,ax
q,ix
bcl,bcl
iy,iy
s,s
ae,ae
q,l
ax,ax
l,l
ax,ah
kcl,kcl
axr,axr
pcl,tcl
r,r
ix,ix
k,k
n,n
ao,w
sh,sh
r,axr
ow,ow
n,n
w,uw
aa,aa
r,r
iy,iy
k,k
axr,r
ax-h,dh
ay,ay
p,k
ih,ih
t,s
ih,iy
dx,dx
r,r
ix,ix
f,s
ng,m
t,s
ax,r
ae,er
dcl,dcl
iy,ix
iy,iy
tcl,dcl
ae,ae
pcl,tcl
axr,axr
p,k
ih,ix
ix,ix
ix,l
r,er
s,s
ae,ae
ey,ey
uh,ah
ih,eh
l,l
tcl,z
ae,ae
ey,iy
ux,ux
ay,aa
ey,eh
hh,k
l,q
ow,ow
aw,ae
n,n
hh,t
n,m
ih,ix
ng,n
l,l
ax,l
axr,axr
y,y
f,f
y,y
el,l
l,l
tcl,tcl
s,s
k,k
er,er
er,r
uh,axr
ih,ix
kcl,kcl
l,l
iy,iy
ao,ax
r,r
w,w
tcl,kcl
r,r
s,s
pcl,v
iy,iy
ao,ow
l,l
v,v
l,l
kcl,kcl
l,w
z,s
ih,ix
z,s
l,l
p,k
w,w
kcl,kcl
tcl,tcl
w,w
s,s
l,ow
tcl,tcl
r,r
sh,k
ih,ih
dh,dh
w,w
m,m
iy,ux
r,r
ix,ix
ay,ae
ux,ey
g,tcl
en,ix
bcl,tcl
r,r
ao,q
r,ao
ao,ao
n,n
hv,hv
tcl,kcl
v,k
q,q
r,r
m,n
s,s
jh,tcl
dx,dx
ih,ow
ah,ow
p,k
v,v
iy,iy
ih,ih
t,t
ih,eh
y,y
kcl,tcl
n,n
t,t
ah,ah
axr,kcl
r,r
iy,iy
l,l
aa,ao
l,l
ih,eh
l,ao
ao,ao
aa,eh
w,w
uw,ix
dx,dx
v,ix
iy,iy
l,l
ah,ah
ao,ao
ax,ax
ih,r
ax,ax
ow,oy
r,r
dh,n
kcl,kcl
ow,l
iy,iy
dx,dcl
en,m
k,k
t,g
dh,t
ao,ao
aa,aa
eh,ey
iy,iy
r,aa
dcl,tcl
g,g
ao,ao
ix,ix
ax,ah
hh,k
tcl,kcl
q,q
l,ax
ae,eh
s,s
k,k
t,t
bcl,dcl
iy,iy
p,k
tcl,tcl
m,m
gcl,tcl
v,ix
l,ix
q,g
tcl,tcl
dcl,tcl
ay,ay
ix,ix
ux,iy
w,w
eh,eh
ng,n
en,en
n,n
eh,ix
kcl,tcl
ix,ix
ix,eh
ao,ow
ix,ix
sh,sh
l,ao
iy,iy
r,axr
hv,y
axr,r
ax,eh
ix,ix
uw,ow
iy,iy
dx,g
eh,aw
dcl,dcl
s,s
g,g
eh,ix
ih,ih
l,l
f,f
dcl,n
sh,sh
q,q
k,k
s,s
ey,ey
axr,er
ax,l
ax,ax
ae,ae
ao,ao
ax,el
iy,iy
eh,eh
aw,aa
ao,l
g,g
nx,r
l,ax
ix,axr
sh,sh
q,ix
dcl,dcl
iy,ix
iy,iy
el,el
tcl,tcl
kcl,tcl
iy,iy
w,w
ae,ae
th,z
ay,ow
ey,ey
s,s
bcl,dcl
dh,dh
axr,dx
uh,axr
iy,ix
m,m
r,r
z,s
tcl,tcl
axr,r
iy,iy
kcl,kcl
kcl,ix
ux,iy
ae,ae
gcl,gcl
l,l
r,aa
t,t
s,s
p,g
ix,n
ow,ah
dh,z
ey,eh
k,k
ow,ae
axr,er
kcl,tcl
pcl,tcl
ax,ix
l,l
ey,ey
axr,axr
z,jh
er,er
iy,iy
axr,axr
tcl,tcl
hh,hv
p,k
m,m
ux,ux
ax,ix
ix,q
ao,ao
dcl,dcl
aw,aw
ix,ix
k,k
ux,ix
ey,n
m,n
n,n
d,k
ae,aa
r,axr
aa,aa
bcl,v
n,n
iy,ix
aa,aa
aa,aa
ow,ah
aa,ae
m,m
q,q
f,f
ae,ae
eh,eh
w,l
axr,axr
n,n
th,th
dcl,tcl
n,n
ih,ax
ey,ey
m,n
tcl,tcl
w,ao
w,w
ih,ix
f,f
dh,k
w,ao
ix,ix
jh,jh
q,ih
f,f
ax,ix
r,r
r,r
tcl,kcl
ix,r
k,t
r,r
iy,iy
ae,ae
iy,iy
r,r
n,n
ih,ey
r,r
dx,dx
l,l
kcl,kcl
k,k
s,s
ae,ae
pcl,tcl
n,m
eh,aa
l,l
ix,n
n,n
s,s
n,dx
p,f
aa,ao
dcl,dcl
b,g
s,s
t,g
q,l
k,k
dh,dcl
axr,r
p,p
iy,iy
ao,l
ix,eh
iy,iy
pcl,pcl
ix,ix
pcl,pcl
dcl,dcl
axr,ix
dh,dh
ax,ax
v,v
dx,g
n,n
hh,tcl
iy,ey
ao,ao
iy,iy
k,k
ix,ix
s,s
iy,ey
kcl,z
z,z
ao,ay
hv,ix
v,v
ih,ix
ay,aw
w,l
aw,aa
ix,ih
ow,ow
dx,dcl
l,l
g,r
ao,ao
dcl,g
q,q
m,m
axr,r
r,r
kcl,kcl
k,g
ux,ih
iy,iy
pcl,hh
ih,ey
bcl,tcl
m,l
jh,ch
bcl,dcl
z,z
hh,g
ae,ae
kcl,tcl
aa,aa
sh,sh
ix,dx
n,tcl
dcl,kcl
ae,ae
ih,ix
th,s
ih,ux
ey,ey
ao,ao
n,iy
ix,r
t,kcl
l,ix
ng,n
eh,eh
w,n
ix,ix
hv,k
s,s
iy,ih
jh,jh
ey,ey
iy,iy
gcl,bcl
l,q
ey,ey
n,n
k,k
ix,ix
k,k
q,q
s,s
ix,ux
eh,eh
s,s
tcl,tcl
s,s
ix,r
s,s
g,k
ax,en
iy,iy
ow,ae
ix,n
ux,ux
ae,ae
q,k
kcl,z
l,l
tcl,tcl
s,s
n,m
k,k
l,l
ae,ae
s,s
k,k
ey,iy
pcl,tcl
iy,er
z,z
s,s
eh,ax
iy,ix
tcl,tcl
s,s
ae,ae
ax,n
ux,ix
l,l
k,k
k,k
ih,eh
ay,ay
ao,ao
eh,ih
q,ix
w,l
l,l
sh,sh
iy,iy
en,n
ch,t
r,r
iy,iy
er,ae
dcl,dcl
axr,axr
z,s
ix,ix
axr,axr
bcl,tcl
q,q
eh,ae
pcl,pcl
eh,ey
ng,n
bcl,dcl
l,ao
ey,ey
s,s
q,kcl
kcl,kcl
ey,ey
dcl,dx
t,k
ix,q
t,k
iy,iy
aa,aa
kcl,kcl
tcl,tcl
q,q
ae,ae
d,t
ax,eh
r,r
v,r
ax,ix
r,v
ux,ux
ao,ao
eh,ey
d,d
dh,dh
dcl,dcl
iy,iy
axr,axr
k,k
bcl,dcl
w,w
gcl,n
k,g
w,l
bcl,bcl
iy,ey
axr,axr
iy,iy
nx,nx
eh,ix
iy,iy
hh,hv
m,n
r,axr
bcl,bcl
m,m
jh,z
axr,er
eh,ih
gcl,kcl
t,t
w,l
s,s
w,w
d,t
s,s
n,n
m,m
g,k
s,s
d,k
r,r
th,z
k,k
tcl,tcl
l,ix
s,s
iy,iy
w,w
iy,iy
k,k
y,iy
eh,eh
iy,r
ey,ey
q,q
t,k
s,s
eh,eh
ax,l
gcl,tcl
er,er
n,n
axr,axr
w,l
ah,eh
ng,n
eh,ix
ix,ix
ux,ux
kcl,kcl
w,l
bcl,v
ah,eh
n,n
er,er
kcl,tcl
r,axr
ih,ix
th,th
ay,ae
r,r
r,r
n,n
t,ch
tcl,tcl
ey,ay
jh,k
p,dh
dcl,dcl
ao,ow
kcl,tcl
tcl,tcl
n,n
ow,ow
l,r
dh,dh
pcl,tcl
dh,th
q,eh
y,iy
ax,axr
dx,ix
q,q
ay,ay
gcl,dcl
n,n
tcl,tcl
tcl,tcl
r,r
q,r
iy,y
q,q
ae,ae
aa,aa
s,s
t,t
s,s
tcl,tcl
y,y
f,s
hh,q
l,r
ix,g
k,k
n,n
kcl,kcl
bcl,tcl
ey,ey
m,n
ao,ao
gcl,tcl
ow,ow
l,l
g,r
dh,dh
q,aa
q,q
ix,ix
l,q
ng,l
r,r
tcl,tcl
n,n
hv,hv
pcl,tcl
l,ow
bcl,m
ix,iy
p,k
ow,ow
eh,ae
dcl,dcl
ix,ix
l,l
tcl,tcl
ay,ae
ao,ao
z,z
tcl,tcl
th,dh
hh,hv
sh,sh
s,s
iy,r
aa,aa
pcl,tcl
dcl,dcl
ah,l
r,r
l,l
kcl,tcl
kcl,kcl
ix,ix
ae,ae
pcl,pcl
q,q
kcl,kcl
er,er
l,l
ix,iy
q,q
bcl,n
iy,iy
dx,dx
ax,ix
dh,dh
l,q
ih,eh
z,s
gcl,dcl
tcl,gcl
aa,eh
tcl,dcl
v,kcl
m,m
n,m
l,l
gcl,y
eh,eh
t,t
ix,ix
ih,ix
tcl,tcl
kcl,tcl
dcl,tcl
ih,l
l,ah
l,l
l,l
p,k
dx,dx
ax,ax
q,q
pcl,pcl
iy,iy
ae,ae
q,k
g,g
ix,ix
ah,aa
dcl,dcl
s,s
l,l
sh,s
kcl,kcl
aa,ao
axr,r
ih,eh
s,s
gcl,dcl
m,n
el,r
ao,ao
ax,l
oy,oy
ow,ao
ao,aa
axr,axr
z,z
r,r
w,l
ux,iy
th,t
q,q
z,s
axr,er
dx,r
q,q
s,s
d,k
ix,ix
ih,l
l,ix
r,r
iy,iy
t,s
eh,ah
iy,iy
ow,ow
l,l
n,n
ey,ey
eh,eh
pcl,pcl
iy,iy
l,l
w,w
z,z
eh,er
ao,w
ih,r
ix,iy
s,s
iy,iy
sh,s
q,ix
ih,ih
ix,ix
dx,dx
ow,l
ih,ix
kcl,tcl
ix,dcl
kcl,tcl
ah,ax
tcl,dcl
m,tcl
dh,k
ae,aa
n,n
pcl,dcl
dx,dh
ix,ix
iy,iy
f,f
ao,ao
eh,ae
aa,aa
tcl,tcl
q,r
ey,ey
ah,ah
tcl,tcl
l,r
m,m
ay,ay
tcl,tcl
y,y
dcl,tcl
d,tcl
eh,r
ih,l
q,q
tcl,ix
ao,ax
p,k
kcl,tcl
ow,l
t,t
t,t
axr,axr
axr,r
axr,er
s,s
tcl,kcl
tcl,tcl
r,r
g,k
eh,l
ah,ax
iy,iy
s,s
kcl,tcl
kcl,tcl
s,s
hv,k
ux,ux
ih,eh
l,ao
iy,ux
ae,ae
ih,ih
z,z
iy,iy
ae,ae
nx,g
iy,ey
q,q
ay,ay
n,n
ah,ae
ey,ey
n,y
z,s
n,n
ix,eh
ix,ax
s,s
w,l
oy,oy
iy,ey
bcl,dcl
s,s
pcl,tcl
sh,sh
f,f
dcl,dcl
k,k
t,dh
ah,eh
bcl,bcl
kcl,kcl
sh,sh
tcl,tcl
kcl,kcl
ix,ix
ix,r
q,q
z,z
aa,aa
ax,ix
ae,aa
ay,ae
tcl,tcl
q,q
l,el
r,r
ay,aa
ih,axr
iy,iy
sh,sh
iy,iy
sh,s
ae,ae
gcl,gcl
t,t
kcl,kcl
pcl,tcl
dh,v
s,s
m,dx
ah,l
sh,s
k,k
dh,l
k,k
axr,axr
ae,eh
t,z
em,ao
sh,sh
t,t
t,t
sh,sh
n,n
n,n
ch,jh
n,m
sh,sh
t,s
p,p
ae,ae
uh,ih
r,r
ao,ao
ng,n
kcl,tcl
w,w
er,r
iy,ix
ix,ix
dcl,n
r,r
kcl,tcl
l,l
s,s
dcl,dcl
n,n
l,w
v,bcl
ax,ax
ix,ix
l,l
s,s
ow,ow
kcl,kcl
ae,ae
t,sh
l,dh
eh,ae
m,n
n,n
w,l
eh,r
k,k
sh,s
p,k
r,r
pcl,dcl
uh,l
tcl,kcl
z,z
ae,ae
g,tcl
ey,ey
n,n
r,r
axr,r
pcl,tcl
ch,sh
iy,ih
z,s
s,s
iy,iy
ay,aa
dcl,dcl
p,k
ix,iy
s,s
jh,k
sh,s
t,k
tcl,tcl
dcl,kcl
q,q
dcl,tcl
dh,dh
t,k
z,z
ax,l
hv,hh
hv,l
ch,ch
ae,ae
q,q
th,tcl
f,k
iy,iy
v,tcl
l,l
ae,ae
ax-h,ix
p,dh
ey,ae
sh,s
s,s
n,n
ux,ix
ih,ux
bcl,tcl
n,n
axr,axr
n,n
bcl,bcl
l,l
r,ah
s,s
gcl,tcl
ao,ao
l,l
dh,dh
ng,n
pcl,tcl
k,k
s,s
v,v
p,t
kcl,kcl
l,l
l,l
ay,ay
y,y
eh,ix
ae,ae
ah,q
n,n
k,k
iy,iy
ay,ae
kcl,kcl
ao,ao
m,n
iy,iy
ow,axr
tcl,kcl
r,r
dcl,dcl
ax,ix
ih,eh
oy,ao
m,m
iy,iy
tcl,tcl
v,v
oy,oy
l,ay
s,s
z,z
z,sh
t,t
p,k
ix,ix
aa,q
r,r
k,k
ih,ay
ih,ow
y,iy
ae,ae
r,r
sh,sh
n,tcl
ax,eh
th,s
q,q
n,m
sh,s
ax,ax
ih,ih
iy,ix
ux,ux
jh,jh
iy,iy
ax-h,s
s,s
aa,eh
pcl,pcl
ow,ow
aw,ae
ih,eh
d,t
n,ix
oy,ay
tcl,kcl
axr,axr
n,n
y,y
ix,ix
ae,eh
n,n
iy,r
en,n
aa,aa
ix,ix
s,s
axr,r
ux,y
ix,ih
ix,ix
z,s
n,n
tcl,kcl
l,l
eh,ae
gcl,ng
ux,ax
ow,ay
iy,iy
sh,sh
n,n
ao,r
dcl,dcl
kcl,kcl
l,l
s,s
dh,dx
ae,ay
r,w
dcl,dcl
dcl,gcl
t,t
n,dx
s,s
tcl,tcl
ih,ih
n,n
tcl,n
ae,ae
axr,r
z,z
m,n
uh,l
z,s
aw,aw
m,m
ow,ow
s,s
v,s
q,q
r,g
ao,w
ih,iy
ix,ax
eh,ey
ao,aa
w,ao
iy,iy
ae,ae
bcl,dcl
kcl,kcl
ow,ae
el,l
p,hh
tcl,tcl
ay,ix
n,n
y,y
r,r
ay,ay
ih,ix
aa,ae
ux,iy
ey,iy
iy,iy
pcl,tcl
ux,ix
n,n
ae,ae
tcl,tcl
n,n
r,r
q,l
ix,ix
ao,l
l,l
f,f
axr,r
n,dcl
s,s
pcl,tcl
p,k
ax,ix
n,n
ah,ax
ax,l
k,k
el,l
ax-h,dh
dh,dh
ix,eh
ay,ae
eh,ae
eh,eh
ax-h,t
iy,iy
axr,r
l,l
w,w
l,l
ow,l
aa,ae
ix,ix
ix,ix
ix,ix
t,t
t,s
z,z
iy,ih
ax,ax
n,n
ih,ix
s,s
ix,dh
tcl,tcl
dcl,gcl
kcl,kcl
s,s
z,z
ax,ax
er,er
v,l
aw,ae
aw,ae
ao,ao
dcl,dcl
l,l
s,s
s,sh
ax,l
z,s
v,ix
bcl,dcl
dcl,dcl
jh,k
ng,n
ax,ix
s,s
dh,dcl
iy,ih
gcl,m
s,s
k,k
ae,ae
l,dcl
iy,iy
ey,ey
r,r
s,s
r,r
s,s
z,s
s,s
dh,n
n,n
t,t
ey,ey
iy,iy
r,r
ix,ix
aw,aa
l,l
l,w
ax,ax
n,ix
kcl,gcl
q,q
s,s
dx,g
kcl,tcl
z,s
zh,sh
m,n
ae,ae
hh,hh
dcl,dcl
iy,axr
b,tcl
ux,ih
er,ey
ah,ah
ae,ae
iy,iy
s,s
bcl,pcl
ix,ix
axr,r
axr,dx
t,s
n,n
kcl,kcl
dcl,tcl
k,k
s,s
ao,ao
r,r
d,kcl
r,r
el,el
aa,eh
k,k
n,gcl
pcl,tcl
sh,sh
kcl,z
v,l
ay,ay
n,n
iy,iy
ix,ix
gcl,dcl
z,s
dx,n
l,l
kcl,tcl
gcl,tcl
axr,r
kcl,kcl
f,s
n,dcl
w,w
iy,ey
iy,iy
l,l
dcl,dcl
ah,ae
g,k
axr,axr
k,tcl
kcl,kcl
eh,eh
m,m
ix,ix
ax,ah
iy,iy
r,ao
v,l
dx,dcl
hv,hv
v,r
ao,ao
ae,ae
kcl,gcl
dcl,dcl
ey,ih
m,m
s,s
r,r
kcl,tcl
ax-h,k
ow,er
ay,ay
ah,ow
k,k
kcl,kcl
kcl,kcl
ao,ao
dh,dh
sh,sh
ng,m
t,k
pcl,tcl
s,s
r,r
w,l
p,g
dcl,bcl
tcl,tcl
s,s
k,k
eh,ae
s,s
p,dh
m,m
er,er
l,l
pcl,pcl
k,k
ow,l
uw,uw
eh,eh
ao,er
z,s
s,s
r,r
w,w
n,dh
pcl,tcl
l,l
m,m
r,r
ih,ih
kcl,kcl
dcl,tcl
hv,hv
f,f
axr,axr
ax,ah
gcl,gcl
eh,iy
n,n
r,r
v,v
ax,r
dcl,dcl
p,k
tcl,tcl
dx,dx
dh,t
dcl,dcl
tcl,dcl
w,q
s,s
r,r
ih,ih
ux,dh
m,tcl
hh,hh
ah,axr
r,ax
pcl,tcl
kcl,kcl
p,k
t,k
ix,ux
hv,ix
iy,iy
ax,l
dx,n
ix,ix
iy,iy
axr,ix
z,s
aa,ao
k,k
aa,ao
v,n
dcl,dcl
v,m
l,l
tcl,tcl
oy,ay
l,l
dh,dh
ay,aa
tcl,tcl
eng,n
dcl,n
p,k
s,s
ah,ax
n,n
ix,ix
n,n
m,m
sh,sh
w,w
tcl,tcl
t,t
ix,ix
ix,ix
l,l
m,n
r,axr
pcl,kcl
k,jh
r,dx
l,ao
sh,s
n,n
s,s
k,k
k,jh
l,l
ey,ae
dh,tcl
s,s
sh,s
y,y
oy,oy
y,iy
r,er
ix,ax
ao,ao
iy,iy
ux,iy
ix,ih
n,hh
s,s
ah,ah
m,m
ax,ix
dh,dh
dcl,tcl
ao,aa
l,l
er,axr
t,t
sh,sh
zh,z
r,m
ih,ow
ax,ux
oy,ay
bcl,dcl
kcl,tcl
dcl,tcl
l,ax
z,z
f,tcl
nx,n
f,dh
m,m
dcl,kcl
kcl,tcl
jh,z
ao,ao
n,n
dh,dh
tcl,tcl
ey,ey
w,l
ao,w
gcl,n
kcl,kcl
ih,ix
ix,ix
ae,ae
pcl,kcl
aa,aa
k,k
m,n
l,ah
ao,r
z,s
s,s
ay,ay
ae,ae
ih,r
g,g
r,r
z,s
n,n
iy,iy
l,ix
ae,ae
axr,r
aa,ow
pcl,tcl
ax,ow
ao,ao
ay,ay
eh,ih
ix,ix
f,f
ao,ao
ey,ey
g,g
sh,s
r,r
kcl,kcl
eh,ao
l,l
n,n
ih,ih
n,n
s,s
kcl,kcl
axr,ih
t,k
k,g
r,r
ax,ax
ng,n
k,k
ae,ae
en,m
kcl,tcl
w,w
n,n
kcl,tcl
iy,iy
ax,ax
m,r
axr,q
ow,ao
ih,ih
s,s
iy,iy
t,f
sh,ch
s,s
ix,ix
k,k
iy,iy
pcl,dcl
l,l
t,th
tcl,dcl
ih,ix
ix,ix
p,k
dcl,dcl
n,ix
ix,ih
m,n
l,eh
g,k
ah,ae
iy,iy
l,l
hv,q
r,r
ix,ix
z,s
l,l
s,s
r,r
q,iy
s,s
ix,q
axr,r
iy,ix
k,k
kcl,tcl
k,k
ux,ih
w,w
dx,n
sh,sh
ih,iy
n,n
ah,ow
kcl,kcl
g,k
dcl,dcl
l,l
s,s
dh,dh
k,k
kcl,tcl
kcl,kcl
ix,ix
ix,ix
n,n
dcl,n
iy,iy
l,l
tcl,tcl
ae,ae
t,k
ah,ow
n,n
t,s
ax,ah
jh,jh
tcl,dcl
l,l
iy,iy
jh,ch
iy,iy
ih,ix
iy,iy
ae,ae
ng,l
axr,ao
m,m
r,r
ix,ax
ih,eh
ay,ay
pcl,dcl
oy,ow
n,n
m,m
z,s
l,ix
ix,axr
tcl,tcl
kcl,tcl
ih,eh
el,el
tcl,kcl
l,l
dcl,dcl
gcl,gcl
f,f
k,k
iy,axr
ow,el
kcl,tcl
ih,ih
sh,s
n,m
ix,ix
pcl,tcl
n,n
bcl,kcl
w,l
k,k
v,dh
aa,aa
iy,iy
axr,r
ao,ao
axr,axr
q,q
oy,er
ae,ey
s,s
ix,ix
n,ix
iy,iy
ih,eh
n,n
tcl,tcl
d,d
n,m
dcl,dcl
ow,ow
aa,ao
w,w
f,pcl
n,en
kcl,kcl
dx,dcl
eh,ih
v,v
axr,er
r,l
tcl,tcl
s,s
ay,ay
m,m
uh,eh
r,r
w,l
oy,ay
ax,z
v,v
z,s
f,z
eh,ey
ah,ah
s,s
n,dcl
hv,hv
eh,ae
ay,ay
ih,l
q,q
ix,r
aa,aa
iy,iy
en,m
jh,jh
n,m
ax,ax
m,n
w,w
kcl,tcl
g,g
bcl,bcl
iy,iy
s,jh
w,w
kcl,kcl
ay,ay
iy,iy
ix,ix
dcl,tcl
tcl,kcl
dcl,dcl
n,v
v,v
ah,eh
n,n
ah,ix
gcl,tcl
jh,sh
en,ix
kcl,tcl
hh,t
ch,s
y,y
ix,ix
r,r
tcl,tcl
ix,ix
axr,q
t,dh
gcl,bcl
tcl,tcl
ix,en
dcl,tcl
gcl,dcl
ix,l
hh,t
aw,aw
m,m
dh,dh
v,dx
kcl,kcl
k,g
ay,ay
kcl,kcl
w,w
bcl,pcl
w,r
ey,ey
dcl,dcl
n,n
ih,ix
n,gcl
tcl,tcl
ax,el
kcl,tcl
k,k
oy,oy
aa,ao
bcl,bcl
kcl,tcl
w,w
sh,sh
l,w
iy,iy
s,s
axr,er
z,z
n,n
ih,ey
ae,ay
q,q
ih,ix
kcl,kcl
t,z
s,s
iy,iy
n,n
y,y
g,g
kcl,tcl
q,ix
s,s
ax,ax
eh,eh
ix,ix
ow,l
ay,ay
hv,hv
ih,ow
ae,ae
ix,iy
r,r
p,tcl
axr,ih
axr,ix
ao,l
tcl,tcl
ah,ae
ah,l
k,k
l,l
aa,ae
w,w
l,l
sh,sh
aa,r
k,t
eh,eh
el,l
z,z
iy,iy
d,tcl
s,s
tcl,kcl
n,dcl
ow,ux
ax-h,v
bcl,r
p,k
k,k
ih,ih
ux,ix
dcl,tcl
n,n
eh,ix
sh,s
eh,ae
z,z
t,t
l,l
r,r
gcl,gcl
l,l
q,q
dcl,kcl
ao,aa
dcl,dcl
ix,ix
iy,iy
ih,ix
iy,eh
n,m
ih,eh
z,s
d,t
ix,ih
q,q
aa,aa
aa,ae
ih,ih
iy,q
ao,ao
y,ix
pcl,tcl
aa,aa
eh,eh
tcl,tcl
bcl,gcl
m,m
tcl,n
ih,q
k,k
ix,ix
w,w
dcl,dcl
dcl,dcl
g,k
ix,ux
ow,ow
er,r
pcl,kcl
iy,iy
ix,ix
f,f
ch,ch
ah,l
kcl,tcl
ax,l
s,s
p,dx
ih,axr
r,r
pcl,tcl
th,th
ow,ow
ax-h,aa
z,s
t,z
l,l
ah,ah
kcl,tcl
hv,hv
iy,iy
ax,ix
ao,ao
l,l
ae,ae
d,g
iy,ix
en,n
l,l
iy,iy
k,k
pcl,pcl
er,axr
ae,ae
ix,eh
axr,er
ih,ux
l,l
ax,l
w,w
sh,sh
ow,ao
l,m
m,m
n,n
r,eh
n,n
gcl,dcl
ah,axr
ux,iy
p,k
w,w
kcl,kcl
q,q
m,n
dcl,dcl
aa,aa
aa,ao
ix,ux
er,er
kcl,kcl
s,s
tcl,tcl
ix,r
r,r
y,iy
gcl,dx
ao,ao
ow,ao
iy,iy
k,k
q,n
iy,iy
iy,ix
k,k
t,t
z,z
axr,r
ow,ow
n,n
q,q
k,k
oy,oy
tcl,dcl
w,l
r,axr
tcl,tcl
t,k
y,y
dcl,dcl
k,k
n,n
ay,ay
t,d
r,r
ao,ao
t,t
iy,ih
m,n
s,s
ih,ih
ix,ix
ae,ae
k,k
er,axr
ey,ey
l,l
iy,iy
jh,s
iy,iy
aa,ao
r,r
ao,ao
r,axr
ae,ae
ix,ix
uh,ax
m,m
ix,iy
t,t
v,v
s,s
n,m
q,q
n,n
n,n
ay,ay
ax,ix
ih,iy
hh,p
tcl,tcl
m,m
ae,ae
ae,eh
r,axr
kcl,tcl
gcl,dcl
ow,ah
ah,eh
ix,ix
pcl,tcl
tcl,pcl
t,t
s,s
ao,ao
z,z
s,s
ix,iy
dcl,dcl
k,k
tcl,tcl
k,k
tcl,tcl
s,s
hv,k
zh,s
sh,sh
ix,ix
m,n
ay,ae
f,th
eh,r
pcl,pcl
q,q
ay,aa
m,n
ix,q
k,k
ax,ah
r,r
ih,r
dcl,dcl
aa,eh
ay,ae
w,l
ch,ch
r,g
er,er
l,l
tcl,tcl
eh,eh
hh,z
k,k
iy,ey
d,t
n,n
jh,jh
ih,ae
r,r
w,l
ay,ay
aa,l
kcl,tcl
ih,r
ix,r
oy,oy
ix,ix
aa,ao
kcl,kcl
g,k
n,n
tcl,tcl
n,n
ix,iy
f,f
iy,ix
hh,p
gcl,dcl
th,th
l,l
iy,iy
ah,ao
iy,ey
l,l
ah,ao
ix,ix
m,m
ix,ix
er,axr
r,r
l,l
r,r
uw,bcl
f,s
w,w
sh,s
r,r
ih,ix
ae,ae
y,iy
ay,q
ey,ey
ey,ey
pcl,kcl
eh,ih
axr,axr
kcl,dx
ao,aa
ih,y
ng,r
y,iy
ow,ao
ix,n
dcl,dcl
f,f
dh,k
er,ey
er,aa
dcl,dcl
axr,r
k,g
pcl,tcl
z,s
l,l
q,q
ae,ah
ix,ah
ay,ay
uw,w
l,l
ih,ae
tcl,tcl
ow,l
f,f
er,er
iy,iy
n,m
q,q
iy,iy
axr,axr
sh,sh
ax,ax
k,k
p,k
w,w
hv,k
ax,ax
ix,iy
ah,ah
v,v
ow,ah
ay,ay
bcl,pcl
f,f
t,z
dh,n
ae,ae
ng,ng
ix,ax
iy,iy
q,q
m,r
hv,hv
ow,ow
tcl,tcl
kcl,dcl
s,s
n,m
ay,ay
m,n
d,g
dx,g
n,tcl
w,r
l,l
ih,ix
m,gcl
gcl,r
d,k
m,axr
ah,aa
q,q
z,s
eh,ih
n,n
l,m
el,l
ng,n
tcl,tcl
v,n
pcl,tcl
ax,ix
ow,ow
er,axr
s,s
y,ix
ih,axr
ix,ix
n,n
k,k
ow,aa
z,s
axr,ix
iy,ih
r,r
iy,iy
q,q
ah,eh
z,s
v,y
axr,er
eh,eh
tcl,tcl
sh,sh
z,s
ng,n
aa,ae
axr,axr
bcl,dcl
dh,dh
aa,ay
dh,t
v,v
l,l
kcl,kcl
ix,ax
v,v
l,l
ix,ix
gcl,kcl
dcl,dcl
iy,iy
er,er
en,n
w,ax
bcl,bcl
ow,ow
l,l
l,l
w,ax
tcl,tcl
r,r
bcl,pcl
gcl,gcl
l,l
t,t
n,ae
ix,ax
kcl,tcl
l,el
ow,ae
ae,ae
eh,eh
oy,oy
ow,er
ux,ux
s,s
kcl,k
ix,ix
dh,dh
ae,ae
aa,aa
er,ae
n,n
ay,eh
eh,ae
ay,aw
ax,l
pcl,dcl
r,r
dh,tcl
aw,aa
ux,ux
ix,ix
tcl,tcl
ax,l
iy,ix
m,n
s,s
el,axr
l,l
kcl,gcl
sh,s
eh,eh
n,n
kcl,kcl
z,s
ay,aa
ao,ao
en,m
r,r
ih,ih
kcl,kcl
ey,ey
ih,ih
bcl,kcl
y,iy
s,s
l,r
ey,ey
k,k
iy,ux
n,n
ix,ix
eh,eh
kcl,tcl
r,r
ax,l
tcl,t
iy,ux
ey,ux
uw,ow
dx,ax
m,n
dx,r
s,z
r,r
r,r
aa,eh
ae,ae
s,s
t,t
tcl,tcl
ix,ix
ow,ow
t,t
aw,aa
dx,dx
ix,ix
p,k
ax,ix
s,s
ax,l
v,k
axr,axr
n,n
t,t
t,t
kcl,kcl
p,k
n,n
y,iy
ax-h,dcl
pcl,tcl
jh,ch
pcl,tcl
k,k
iy,iy
q,q
s,s
s,s
n,n
p,p
p,k
t,d
y,y
ae,eh
y,ix
kcl,tcl
y,y
dh,dh
hv,q
hv,y
ay,aa
s,s
z,z
f,f
ih,axr
k,k
y,y
iy,ey
s,s
tcl,tcl
tcl,dcl
r,r
kcl,kcl
s,sh
pcl,pcl
kcl,kcl
v,v
ux,ux
p,f
iy,ey
ih,ix
dx,g
el,q
r,r
sh,s
s,s
z,t
iy,iy
ax,ix
tcl,tcl
eh,eh
ay,ay
tcl,kcl
l,n
dcl,dcl
tcl,kcl
hh,tcl
hh,k
w,l
ao,ao
n,n
ao,aa
tcl,z
hh,t
axr,er
ae,ae
z,s
aa,aa
uh,ix
t,k
aw,aw
pcl,tcl
v,v
w,w
en,n
r,r
l,l
dh,dh
m,m
ih,iy
ng,n
sh,sh
zh,z
s,s
ix,ux
s,s
jh,jh
ih,ey
hv,hv
ao,ao
ax,ax
m,m
s,s
y,iy
q,q
w,w
pcl,dh
ix,iy
p,p
z,jh
r,r
t,jh
ae,aa
z,s
el,l
gcl,tcl
r,r
k,k
kcl,tcl
ow,ao
ih,ih
s,s
q,q
s,s
dcl,dx
ey,ey
ix,ix
eh,ah
ih,ih
ah,eh
iy,iy
dx,n
tcl,tcl
w,l
n,dcl
z,s
l,iy
en,n
l,l
ux,ux
z,tcl
z,z
dcl,dcl
ax,ix
q,ix
iy,iy
ax,l
pcl,tcl
kcl,kcl
r,r
w,w
ih,ey
q,r
ax,ax
bcl,dcl
ux,q
kcl,kcl
l,l
en,m
axr,axr
t,z
dx,dx
r,r
z,z
ax,n
eh,ae
en,n
m,m
f,th
sh,f
gcl,gcl
iy,ey
n,v
ay,ay
iy,iy
m,r
iy,r
z,z
tcl,q
s,s
gcl,dcl
iy,iy
tcl,kcl
w,w
iy,iy
axr,er
aa,ao
f,f
n,n
v,dcl
pcl,kcl
ao,ao
tcl,dcl
iy,eh
iy,ey
r,r
q,l
t,t
bcl,gcl
iy,iy
iy,iy
n,n
k,k
ih,ih
l,q
axr,axr
ay,ay
s,s
f,f
dcl,dcl
ae,ae
nx,v
dcl,dcl
kcl,kcl
t,tcl
n,ax
en,n
jh,jh
iy,iy
kcl,tcl
aw,aw
q,q
dh,k
n,n
p,k
nx,n
n,ax
iy,iy
sh,s
ih,ey
uh,ux
n,n
p,tcl
ax,ix
er,er
pcl,tcl
pcl,pcl
r,g
ey,ey
pcl,tcl
iy,ix
pcl,tcl
dcl,gcl
w,l
ux,iy
dx,dx
z,z
r,r
eh,eh
r,r
iy,iy
ix,ix
z,s
ey,ey
sh,sh
z,z
w,l
k,k
uh,ix
q,q
m,n
s,s
ux,ux
ix,ix
f,th
dh,t
tcl,tcl
gcl,gcl
kcl,kcl
en,n
er,er
r,r
iy,iy
ey,ey
q,q
axr,er
q,q
aa,l
dh,l
p,k
s,s
ah,ah
bcl,bcl
iy,iy
v,l
ix,ix
ax,m
iy,ey
axr,axr
ay,aa
dh,dh
ix,n
ao,l
dh,dh
z,z
axr,er
t,t
ae,ae
sh,s
t,t
s,s
s,s
gcl,dcl
t,f
ax,ax
tcl,tcl
iy,iy
ix,ix
dx,dx
tcl,tcl
s,s
iy,iy
p,hh
z,s
ih,ix
ae,ae
ix,axr
s,s
w,l
eh,ih
gcl,tcl
m,m
ax,l
n,n
ix,ix
ey,ey
tcl,tcl
t,th
l,l
iy,iy
sh,s
th,f
axr,ix
l,l
w,w
ix,ix
l,l
tcl,dcl
iy,iy
g,g
ey,ey
ux,ux
bcl,bcl
ix,ix
m,n
tcl,kcl
y,ix
iy,y
t,tcl
axr,ih
r,er
ah,eh
ih,l
m,n
ih,ix
iy,ux
ow,ow
dcl,dcl
eh,ow
ax,ix
aa,ao
axr,axr
ah,ah
th,tcl
f,f
ae,q
gcl,dcl
k,k
ow,aw
er,er
ah,ah
axr,r
m,m
r,r
ih,ix
y,y
iy,iy
m,tcl
ey,ey
ix,ix
ae,ae
r,r
sh,s
f,th
bcl,dcl
w,l
ay,aa
ao,ao
tcl,v
tcl,tcl
gcl,tcl
ix,ae
dcl,dcl
ng,ix
iy,iy
n,n
r,er
eh,eh
dh,k
l,l
ah,eh
dcl,dcl
iy,iy
r,r
ix,r
hv,k
aa,aa
axr,axr
ax,l
ae,aa
hv,hv
dcl,gcl
y,iy
tcl,tcl
bcl,kcl
s,z
aa,l
ng,axr
n,n
hh,k
ix,ix
dcl,dcl
y,y
m,n
z,z
ix,ix
t,t
pcl,tcl
ix,ix
dx,dx
ix,ix
nx,nx
k,t
kcl,tcl
ix,ix
eh,ix
l,l
p,t
r,r
ae,ae
f,s
g,k
l,l
kcl,tcl
bcl,bcl
r,v
m,m
q,dh
n,n
dh,dh
m,ix
ix,ix
n,n
ix,iy
l,ay
y,iy
s,s
r,r
iy,iy
hh,k
l,l
l,l
dh,k
n,n
l,l
iy,iy
ix,ix
f,f
ux,ux
ao,ao
t,t
iy,iy
axr,axr
dx,dx
ao,aa
r,er
iy,iy
ax,ax
iy,iy
m,m
ah,ay
n,n
iy,iy
tcl,tcl
n,n
tcl,tcl
z,z
n,n
s,s
k,k
ng,ix
m,n
r,r
ix,ix
s,s
l,l
d,dh
dx,dcl
v,v
ah,ah
eh,eh
tcl,tcl
tcl,tcl
n,dcl
k,k
hh,hh
l,l
iy,ih
eh,ay
eh,ay
en,tcl
ao,ao
m,m
ah,aa
k,k
ih,ix
s,s
s,s
eh,l
k,f
aa,ao
jh,k
v,l
axr,axr
r,r
ao,aa
ix,ow
ax,nx
ix,ix
pcl,kcl
ao,l
s,s
n,n
kcl,tcl
ae,ae
s,s
kcl,tcl
gcl,gcl
ng,n
l,l
ih,ae
w,l
ax,ax
en,n
t,t
uh,l
gcl,kcl
dh,l
hh,k
m,n
n,n
axr,axr
kcl,kcl
n,v
sh,sh
ae,ae
th,t
ow,ao
aw,ae
l,l
ah,aa
tcl,tcl
pcl,tcl
r,r
ay,eh
ih,axr
dx,n
kcl,kcl
ax,ax
tcl,tcl
nx,v
dx,ax
y,iy
el,q
s,s
f,f
jh,t
y,er
kcl,dcl
dcl,dcl
q,q
n,n
ih,ix
y,ix
k,t
iy,iy
ey,ey
axr,axr
t,k
r,r
el,el
axr,er
iy,hv
dh,v
ow,ao
ae,er
dcl,dcl
z,z
tcl,dcl
kcl,kcl
er,er
r,ow
ih,iy
kcl,kcl
y,y
dcl,dcl
eh,ih
q,dh
q,q
ih,iy
er,axr
z,z
z,s
n,n
n,n
r,r
bcl,dcl
m,dcl
tcl,kcl
k,k
ix,ix
ae,ae
q,q
eh,ae
l,l
gcl,dcl
z,z
w,w
en,n
s,s
f,th
y,ix
sh,sh
p,k
ow,ao
dcl,dcl
ux,n
q,q
dx,g
iy,ey
sh,sh
r,r
sh,sh
q,q
bcl,bcl
el,el
m,n
kcl,kcl
k,k
ix,ix
iy,iy
dcl,dcl
ix,r
r,r
z,s
f,f
eh,ix
kcl,kcl
k,k
jh,k
m,n
w,w
tcl,gcl
axr,axr
er,er
ix,ix
l,v
n,ix
s,s
aa,aa
th,z
tcl,tcl
q,q
iy,ux
iy,iy
kcl,tcl
ah,ah
r,r
dcl,tcl
n,n
q,q
dcl,tcl
ow,ow
tcl,tcl
hh,k
k,k
ey,ey
er,er
ih,ih
l,l
k,k
sh,s
eh,eh
pcl,tcl
ax,q
m,n
n,n
f,f
el,ao
s,s
ih,ih
ax,ix
ih,ow
k,g
ay,aa
jh,t
n,l
tcl,tcl
tcl,tcl
eh,ix
t,k
w,w
tcl,tcl
l,w
q,q
n,n
pcl,pcl
gcl,gcl
pcl,tcl
bcl,bcl
n,n
gcl,gcl
g,g
ix,ix
kcl,kcl
ih,eh
ay,ae
l,aa
aa,ao
z,z
y,y
ng,n
dcl,gcl
ae,ae
f,f
n,tcl
z,s
m,l
z,s
iy,iy
k,k
iy,iy
r,axr
n,n
s,s
kcl,kcl
dcl,tcl
l,l
s,s
m,m
dh,n
t,t
y,q
ix,ix
sh,s
k,g
l,l
iy,iy
ow,ow
r,r
ae,ae
p,k
z,z
ay,ay
n,tcl
l,l
tcl,gcl
ix,ax
ao,oy
kcl,tcl
n,n
kcl,tcl
l,m
k,k
p,k
ay,aa
l,l
ix,ix
k,k
n,n
sh,s
dcl,dcl
ey,ey
ix,ix
ix,ix
eh,eh
ay,ae
n,n
bcl,tcl
r,r
l,l
en,m
ay,ay
l,ax
bcl,bcl
g,g
pcl,tcl
kcl,tcl
r,axr
t,t
n,n
dx,dcl
l,m
eh,ah
iy,ux
p,k
dcl,dcl
s,s
ix,r
kcl,tcl
y,iy
ae,ae
el,l
m,m
dh,m
dcl,dcl
dcl,dcl
er,r
n,n
pcl,tcl
dcl,k
ae,ae
dx,l
tcl,tcl
er,ay
r,r
t,t
m,n
ah,eh
th,th
sh,s
iy,iy
k,k
eh,eh
iy,iy
k,k
ix,r
ix,ix
r,r
t,t
ix,ix
v,v
ow,eh
iy,iy
ih,ey
ay,ay
s,s
ix,eh
kcl,tcl
ae,ae
dx,dcl
r,r
r,ah
l,l
gcl,gcl
s,s
jh,t
r,r
bcl,m
y,y
kcl,kcl
kcl,kcl
ix,ix
m,m
tcl,tcl
ao,w
tcl,gcl
ix,ix
iy,ix
eh,eh
k,kcl
kcl,tcl
s,s
aa,er
iy,iy
eh,ay
ix,ix
m,n
r,r
m,m
uh,ah
kcl,kcl
ix,ih
m,dh
r,r
ix,ix
kcl,dcl
n,n
aa,r
kcl,kcl
b,tcl
q,q
ah,ow
v,v
kcl,kcl
ae,ae
kcl,kcl
pcl,dcl
iy,ix
aa,ae
axr,er
w,n
ih,ih
sh,s
ey,iy
z,s
l,l
m,n
iy,iy
ux,ux
ch,ch
ao,ao
z,s
l,l
el,ow
r,r
n,n
m,m
jh,jh
n,dx
ae,ae
er,er
p,t
z,s
g,k
axr,axr
axr,axr
ah,eh
ix,axr
n,n
axr,er
sh,sh
dcl,dcl
el,el
ux,ix
jh,jh
ao,ay
er,er
ae,ae
ao,ao
ay,ay
ix,ix
ih,axr
z,z
l,l
z,s
y,y
dh,dcl
s,s
dcl,ix
kcl,tcl
axr,ux
ix,ix
ao,ow
ow,ow
r,axr
l,l
sh,sh
l,l
l,ax
ih,ih
m,m
en,m
s,s
iy,iy
s,s
aa,ao
dcl,dcl
iy,iy
bcl,bcl
gcl,tcl
n,n
kcl,kcl
ih,ey
axr,r
aa,aa
ax,l
s,s
q,axr
ao,aa
kcl,tcl
ax,axr
s,s
ix,ix
oy,oy
s,s
th,th
l,l
dx,dx
dh,g
tcl,tcl
y,y
z,s
kcl,kcl
ch,s
kcl,tcl
tcl,tcl
s,s
ao,ao
r,r
tcl,kcl
ax,l
t,t
kcl,kcl
kcl,tcl
k,k
s,s
ix,ey
r,aa
s,s
v,f
tcl,kcl
iy,iy
gcl,tcl
l,l
eh,aa
kcl,kcl
bcl,dcl
ix,eh
ux,r
iy,iy
uw,uw
z,z
ih,ih
r,r
l,l
n,n
ae,ae
eh,eh
ae,ae
l,l
aw,ay
tcl,tcl
ix,q
ix,ix
t,t
k,k
aa,q
f,k
p,k
p,k
dh,dh
gcl,dcl
m,n
p,kcl
tcl,tcl
dh,k
z,k
kcl,tcl
m,n
gcl,dcl
r,axr
n,n
dcl,tcl
ax,ax
ey,ey
ix,ax
iy,iy
k,k
f,f
q,q
ao,ao
aw,aa
ax,l
g,k
n,n
l,ah
kcl,kcl
t,t
p,k
d,t
ix,q
ao,ao
dx,dh
n,r
iy,iy
ah,ow
w,v
sh,sh
s,s
g,dh
dx,dx
v,pcl
ow,aa
ax,ax
kcl,tcl
f,f
n,n
d,k
th,s
aa,r
p,k
g,g
kcl,tcl
en,n
dcl,bcl
r,r
k,k
iy,iy
t,t
ey,ey
ah,aa
axr,g
s,s
ae,ae
kcl,kcl
tcl,tcl
dcl,dcl
m,n
s,s
z,s
r,r
aa,aa
oy,ay
l,ax
ux,ix
eh,er
ay,aa
m,m
ix,eh
kcl,kcl
pcl,tcl
r,r
tcl,q
r,r
l,r
s,s
ih,iy
kcl,tcl
pcl,tcl
ih,ih
ae,ae
uh,ix
ow,ow
r,nx
y,y
f,f
dh,dh
ix,ix
ao,ao
m,m
bcl,dcl
ah,ah
dcl,dcl
th,s
sh,sh
r,axr
n,n
iy,iy
zh,jh
iy,iy
ux,ux
w,w
dcl,dcl
n,n
w,w
s,s
s,s
ih,ix
n,n
ow,ow
tcl,tcl
pcl,kcl
ih,ow
ah,aa
l,l
ey,ey
n,n
eh,ae
zh,t
r,r
hv,hv
t,t
kcl,kcl
r,r
n,n
s,s
z,z
ih,iy
ay,ay
ow,aa
ix,ix
ix,ix
n,n
n,n
sh,sh
aw,ow
ay,ay
l,w
l,l
pcl,tcl
ih,ey
ix,ay
ow,el
hh,hh
k,k
ih,ix
ih,ih
y,y
pcl,tcl
ae,ae
er,er
ae,eh
k,k
ih,iy
l,l
bcl,dcl
r,er
r,r
q,ix
tcl,tcl
ae,ae
m,m
k,k
tcl,tcl
tcl,tcl
k,k
y,iy
ih,iy
tcl,tcl
ay,aa
sh,sh
ah,ah
ao,ax
l,l
r,r
w,l
tcl,tcl
hv,y
r,r
f,f
tcl,tcl
th,th
ae,ae
oy,oy
dh,v
eh,eh
p,k
ey,ey
ix,ix
k,kcl
oy,ay
w,w
r,r
l,ax
ih,axr
z,s
s,s
sh,sh
s,s
w,w
ax,ax
tcl,q
ih,axr
dx,dx
ix,ix
pcl,pcl
hv,ay
eh,eh
ah,ay
s,s
p,f
n,n
iy,iy
jh,k
iy,iy
m,m
t,z
sh,sh
kcl,tcl
r,r
ix,ix
iy,iy
ix,ix
s,s
ae,ae
tcl,tcl
ih,ey
n,n
dh,dx
dcl,dcl
ay,ay
ng,n
iy,iy
ow,aa
ix,r
m,n
eh,aa
aw,ao
ow,ao
ah,ah
r,r
kcl,kcl
dcl,bcl
s,s
l,l
l,l
l,l
tcl,dcl
ao,ao
l,l
ix,ax
l,l
gcl,dcl
ae,ae
s,s
n,n
w,l
tcl,tcl
r,r
ux,axr
th,t
m,m
iy,iy
z,s
aa,aa
sh,sh
r,r
ae,ae
r,r
y,jh
axr,v
n,n
z,z
ix,ix
eh,ih
f,f
d,k
ae,ay
n,n
l,l
pcl,tcl
y,dx
ah,eh
dx,g
z,z
hh,l
t,k
eh,ix
f,f
bcl,tcl
hh,k
ix,ey
l,l
k,k
ey,ey
t,t
g,k
axr,r
k,k
ix,iy
nx,l
s,s
d,t
ao,ao
ax,l
w,w
r,aa
l,l
k,k
g,dx
er,axr
hv,k
tcl,tcl
axr,q
iy,iy
ao,l
q,q
ay,ay
r,eh
eh,ah
n,n
iy,ix
axr,er
ix,q
axr,axr
z,s
ih,ix
el,el
ey,ey
axr,axr
l,l
dcl,tcl
axr,l
n,n
iy,iy
dcl,tcl
k,k
aa,aa
eh,ae
pcl,tcl
g,g
s,s
ux,iy
m,n
ao,ao
s,s
ix,ix
ax,ix
eh,ih
tcl,en
v,r
pcl,tcl
aa,ao
k,k
tcl,kcl
q,q
dx,dcl
er,ih
ax,r
axr,ax
l,l
v,v
s,s
th,f
ae,ae
d,t
q,q
s,s
ng,n
d,g
l,q
axr,eh
g,dh
k,k
pcl,gcl
aw,ow
s,s
kcl,tcl
w,l
aa,ao
eh,iy
aa,ow
z,s
ae,ae
l,l
uh,ux
iy,iy
k,k
iy,ix
ix,iy
ix,ix
t,k
s,s
ch,jh
ih,ix
th,th
q,q
ey,ay
kcl,kcl
aa,ah
el,n
tcl,tcl
s,s
l,l
eh,ow
ao,ay
t,t
k,t
dh,l
w,w
kcl,kcl
n,q
f,dh
n,n
n,n
el,el
l,l
er,er
p,hh
ay,oy
k,k
kcl,tcl
w,w
ax,ax
ax,ix
er,r
r,axr
iy,iy
ae,aa
ih,ah
ix,eh
bcl,bcl
s,s
tcl,tcl
dx,dx
ao,l
axr,axr
p,k
ix,ix
dcl,kcl
s,s
axr,er
aa,ow
v,tcl
dx,dx
ae,ae
tcl,tcl
v,dh
l,l
ay,ay
ax,l
axr,axr
er,er
th,k
f,th
iy,ey
z,z
z,s
dcl,dcl
s,s
ih,r
tcl,tcl
pcl,tcl
k,k
m,m
f,f
k,k
th,k
ix,eh
bcl,v
ux,ux
ux,ih
ay,ay
f,f
tcl,kcl
iy,ey
ux,ux
ae,ae
k,k
w,ao
tcl,tcl
iy,iy
d,dh
ix,ey
ih,ih
ix,r
s,s
ax,ix
m,n
eh,oy
k,k
r,r
aa,aa
l,n
w,w
kcl,tcl
iy,ey
s,s
s,sh
ng,n
axr,axr
aa,aa
q,ix
v,v
th,s
n,m
r,ay
aa,ay
ix,ih
n,n
ae,ae
ih,ey
v,f
w,w
axr,v
iy,axr
z,s
ao,ao
g,th
ux,ux
ax,ax
s,s
ux,iy
v,tcl
p,k
v,f
ax,ah
ng,n
iy,ux
el,el
iy,q
p,k
kcl,tcl
sh,sh
ix,axr
k,q
ax,eh
iy,iy
n,n
n,m
zh,jh
p,f
kcl,tcl
sh,s
er,er
ao,ao
ix,iy
ih,ux
kcl,tcl
n,n
kcl,kcl
s,s
z,s
s,s
z,z
ih,ey
n,n
l,l
iy,ey
kcl,tcl
t,t
kcl,tcl
eh,ix
k,k
m,m
iy,iy
n,gcl
v,v
aa,aa
z,s
iy,iy
ng,n
w,l
q,ax
r,r
iy,ix
f,f
iy,iy
ix,ix
y,iy
kcl,kcl
dh,dh
q,ix
k,k
g,k
l,el
r,r
n,n
t,f
ow,ey
f,f
ax,axr
gcl,dcl
ao,ao
ao,ay
ae,ae
ax-h,tcl
ao,r
iy,iy
kcl,tcl
l,ix
dh,dh
kcl,kcl
ao,l
iy,iy
z,k
dcl,gcl
ux,ux
iy,iy
dh,tcl
axr,ao
ix,r
z,s
pcl,tcl
v,v
tcl,tcl
ae,ae
eh,ih
w,w
kcl,kcl
ah,ix
ow,aa
hv,k
s,s
r,axr
z,z
s,s
ey,ae
q,q
l,l
w,w
ae,ow
t,tcl
ix,ix
n,v
ih,ow
sh,s
s,s
eh,ay
l,ix
w,w
iy,iy
z,z
f,f
dcl,dcl
ih,iy
ay,ay
sh,s
l,l
r,r
bcl,dcl
aa,er
s,s
y,iy
z,s
ix,ix
ux,ey
r,er
s,s
bcl,tcl
el,l
ih,ah
nx,nx
w,l
iy,iy
bcl,tcl
bcl,bcl
n,n
axr,er
f,k
ih,r
f,f
dcl,tcl
iy,iy
dcl,tcl
s,s
er,er
kcl,kcl
eh,ix
y,l
w,w
ow,aw
aa,aa
q,q
l,l
nx,l
ey,ey
g,k
ih,r
s,s
dcl,tcl
r,r
w,l
tcl,tcl
dh,dh
s,s
jh,jh
iy,ih
jh,jh
ix,dx
eh,r
p,f
kcl,kcl
l,l
iy,iy
ae,ae
k,k
s,s
s,sh
n,n
ey,ey
d,t
tcl,tcl
k,k
uw,ux
tcl,tcl
er,eh
ix,ix
k,k
ix,axr
eh,eh
n,n
b,k
dx,k
eh,eh
kcl,kcl
v,n
ih,ih
d,k
ae,ay
ix,ix
n,dcl
ih,ix
iy,iy
l,l
bcl,dcl
aa,ay
dx,dx
ix,ux
uw,ux
s,s
hh,hh
w,n
iy,ix
iy,iy
ow,ow
iy,iy
gcl,tcl
s,t
dcl,dcl
dcl,l
ux,ux
pcl,tcl
eh,eh
f,f
l,l
t,t
aa,aa
ih,l
ah,ah
t,k
ae,ae
iy,iy
ao,ow
axr,axr
r,r
sh,s
tcl,tcl
p,k
s,s
ah,ah
ae,eh
hv,iy
k,k
s,s
m,m
dh,l
r,r
k,k
tcl,tcl
ix,ix
ih,ey
g,dh
s,s
k,k
s,s
eh,ae
z,z
ax,ow
l,q
v,r
w,w
w,w
k,k
kcl,kcl
aa,aa
iy,iy
t,t
tcl,tcl
ix,ix
dcl,dcl
dcl,dcl
ih,ih
l,q
dcl,dcl
r,r
ax,ao
s,s
axr,er
d,tcl
ax,ax
k,k
sh,s
m,m
dcl,bcl
iy,iy
iy,ix
p,g
r,r
r,l
dcl,kcl
p,k
tcl,tcl
dcl,dcl
y,y
bcl,bcl
n,n
ey,ay
sh,sh
r,r
q,q
ay,ay
z,s
ao,ao
t,t
ow,ao
eh,eh
dcl,dcl
iy,l
ix,ix
bcl,bcl
dh,hv
ix,ix
ah,aa
hv,hh
l,m
w,dh
ae,ae
pcl,tcl
m,n
n,l
bcl,dcl
ah,ix
ux,ux
w,q
eh,ae
n,dcl
iy,ay
r,r
pcl,kcl
iy,iy
ux,l
aa,ao
el,el
ay,aa
q,q
s,s
ix,ix
hv,q
ae,ae
r,r
dh,tcl
t,sh
n,n
r,r
axr,er
ih,ax
en,m
eh,ah
g,g
s,s
ih,ih
iy,iy
aa,ao
r,r
ix,ix
m,dx
ey,ay
hh,dx
f,f
ix,ix
ix,ix
q,q
gcl,gcl
ae,ey
l,l
f,f
ae,ae
z,z
iy,iy
s,s
s,z
kcl,tcl
pcl,gcl
r,r
ih,ih
dh,l
dh,k
ix,l
ae,ae
er,ih
ih,ih
ix,ix
tcl,kcl
s,s
dh,d
n,n
r,r
n,n
ax,w
ax,ax
ao,ao
ih,ih
nx,n
l,l
m,n
ey,eh
f,s
w,w
ey,ey
y,ix
axr,axr
iy,ux
ey,ey
l,l
l,l
f,f
ng,n
th,s
r,r
er,er
y,iy
ao,r
w,m
ix,ix
bcl,dcl
ah,eh
ih,iy
tcl,tcl
s,s
r,r
s,t
d,t
ix,iy
ow,ow
tcl,tcl
s,s
tcl,tcl
r,r
jh,s
axr,r
ih,ih
aa,eh
ah,ah
ae,ay
ux,ux
ax,l
tcl,tcl
f,f
eh,n
s,s
ax,l
k,k
m,dh
f,k
dcl,tcl
pcl,bcl
eh,er
ix,n
ae,ae
d,dh
oy,oy
d,q
r,r
pcl,pcl
dh,dh
ow,ao
dcl,dcl
ae,ae
q,dx
kcl,gcl
bcl,tcl
s,z
z,s
oy,ay
nx,l
ih,ax
k,k
ix,ay
hh,k
axr,er
kcl,tcl
iy,ix
n,l
s,s
r,r
axr,r
m,n
ao,ao
s,s
r,r
ih,ih
n,n
bcl,tcl
l,l
s,s
ah,eh
iy,iy
r,r
ix,ix
ae,ay
ng,n
t,t
tcl,tcl
r,r
er,er
f,f
jh,t
el,el
ih,eh
s,s
ey,ey
n,m
w,w
m,ix
w,w
dcl,dcl
p,k
y,ux
kcl,tcl
ae,aa
g,g
ow,el
w,w
iy,ey
ix,ax
iy,iy
tcl,tcl
dh,dh
iy,er
er,er
n,n
ae,ae
w,ao
l,l
n,n
kcl,kcl
iy,ix
v,f
eh,eh
iy,iy
sh,s
q,q
sh,sh
eh,ey
ih,iy
r,r
ix,ix
n,el
z,s
w,w
axr,er
tcl,p
eh,ey
ah,ow
ih,ih
nx,n
tcl,dcl
s,s
gcl,m
t,k
ux,r
dcl,tcl
s,s
ix,eh
r,r
m,n
iy,ey
aa,aa
el,el
pcl,pcl
r,l
aa,ao
iy,ng
iy,iy
dh,t
sh,s
axr,q
ey,ey
t,s
aa,ow
dcl,dcl
l,l
kcl,tcl
iy,ey
s,s
kcl,tcl
n,n
dx,g
kcl,tcl
s,s
ix,ix
p,t
iy,iy
k,k
z,z
ux,v
ih,iy
n,n
bcl,dcl
kcl,q
axr,ih
ix,ax
g,g
v,v
kcl,kcl
k,kcl
s,s
tcl,f
ix,ih
s,s
m,n
tcl,tcl
axr,r
dx,ix
iy,iy
n,n
k,k
w,w
n,n
ix,ix
eh,ih
l,w
m,v
ix,ix
n,n
ax,ax
hh,k
tcl,tcl
l,l
dcl,tcl
eh,ix
iy,ix
aw,aa
iy,iy
ae,ae
iy,iy
aa,ay
sh,s
hh,k
er,r
iy,r
z,s
l,l
gcl,dcl
y,y
ao,w
hh,g
n,n
s,s
s,s
ow,ow
f,z
v,v
s,s
ay,ay
n,n
f,f
w,w
ey,ey
tcl,tcl
f,f
iy,iy
n,n
z,z
aa,ay
k,t
kcl,kcl
ao,ao
ax,ax
ay,ay
t,k
iy,iy
ey,ey
ix,ix
n,n
ih,ax
s,s
y,r
tcl,tcl
ae,ae
axr,ix
t,t
s,s
dx,dcl
jh,sh
el,el
dh,l
n,n
pcl,tcl
t,t
axr,r
ih,axr
ix,axr
ay,ay
ih,ey
ix,ix
m,n
th,th
y,iy
s,s
ih,ix
r,aa
ix,ix
iy,iy
kcl,kcl
s,s
ng,m
aa,ay
aa,aa
eh,ey
y,iy
ix,iy
tcl,dcl
r,r
ih,ux
n,dx
ae,ae
tcl,kcl
ae,ay
f,z
el,l
dx,tcl
axr,axr
n,n
s,s
f,f
ih,ey
q,k
ih,iy
ao,ao
dx,n
ah,ae
ah,ow
p,k
dx,dx
ao,l
n,m
ao,ao
eh,ao
oy,oy
r,r
kcl,k
s,s
iy,iy
ao,ao
ax,l
ae,ae
ah,l
r,m
ih,ih
ix,ix
k,k
iy,iy
er,er
ix,ih
k,q
kcl,kcl
s,s
n,n
ix,dx
iy,ix
ix,ix
s,s
s,s
l,l
er,ao
axr,axr
el,l
axr,axr
iy,iy
kcl,tcl
z,s
b,k
t,p
s,s
ng,n
ae,ae
ix,ih
l,ax
tcl,tcl
ah,ow
l,q
ix,ah
z,s
kcl,tcl
l,l
dcl,dx
r,r
aa,aa
ax,ix
p,v
t,t
r,r
p,k
r,q
hh,k
axr,axr
n,n
y,y
iy,iy
aw,aw
n,n
q,q
ix,ix
iy,iy
dcl,dcl
n,n
el,l
ih,ey
dx,dx
ix,ix
l,l
p,f
kcl,tcl
tcl,tcl
tcl,tcl
axr,r
tcl,dcl
ix,eh
ah,ae
l,ow
el,el
tcl,tcl
gcl,gcl
n,n
f,f
z,z
f,f
z,z
r,eh
tcl,tcl
n,n
iy,iy
dh,dh
axr,axr
n,m
axr,axr
n,n
ix,n
n,n
y,iy
eh,axr
gcl,dcl
s,s
s,s
oy,ow
iy,ih
axr,r
r,r
m,l
kcl,kcl
er,er
s,s
dx,dx
dcl,dcl
tcl,tcl
p,k
k,d
n,ix
z,z
axr,r
n,tcl
n,n
ay,ae
dcl,dcl
l,l
k,k
kcl,tcl
s,z
l,l
g,g
t,k
ae,ae
ax,l
f,f
q,q
ih,ih
hh,k
tcl,tcl
q,q
eh,ae
ix,ix
ah,ow
iy,iy
ix,ix
ih,iy
f,f
w,w
aa,aa
l,l
ax,ix
ah,ah
l,l
r,r
iy,iy
eh,eh
er,er
d,g
eh,ae
eh,eh
tcl,dcl
ih,iy
ao,ao
sh,s
z,s
m,m
ay,ay
n,gcl
ow,ao
ae,ae
tcl,tcl
axr,axr
hh,dh
ix,ix
z,z
ih,ih
ih,l
g,d
ax,ax
ix,n
r,r
ah,ae
z,s
eh,axr
ao,aa
kcl,kcl
m,m
k,g
eh,ey
l,l
iy,iy
n,n
sh,s
axr,axr
dh,q
aa,r
kcl,kcl
ix,ux
nx,n
p,k
n,n
ow,ow
n,n
hh,tcl
ao,ao
ae,ae
axr,axr
l,l
g,g
t,tcl
gcl,tcl
ih,ih
jh,jh
ix,n
l,l
er,er
k,k
r,ao
v,v
dcl,n
ux,ux
t,dh
ey,ey
v,v
ng,n
t,t
ix,ix
iy,ix
n,n
z,s
k,k
d,jh
k,k
nx,l
r,r
s,s
s,s
ay,aa
ix,ix
ao,aa
r,r
r,r
hh,g
ay,ay
g,k
ax,l
ey,ey
ae,ae
s,s
ah,ah
n,n
dh,ax
ix,ix
aa,ao
ix,ix
ih,n
ay,ay
hv,eh
ay,ae
en,n
ah,l
kcl,tcl
l,l
iy,iy
n,n
y,y
oy,oy
z,z
ix,n
s,s
ey,ey
iy,axr
kcl,tcl
ax,ah
g,g
ey,ey
ux,ix
ih,iy
ix,iy
ao,ao
r,r
ey,ey
s,sh
bcl,bcl
r,r
ix,q
ih,ix
ix,r
ey,ey
l,ao
n,n
tcl,dh
ao,axr
oy,ao
ix,l
s,s
dcl,tcl
ix,eh
hv,hh
dh,dh
el,ao
kcl,g
th,th
n,n
ae,ae
gcl,dcl
sh,sh
n,n
ch,s
jh,s
s,z
s,s
s,s
dcl,dcl
tcl,tcl
d,d
s,s
ao,ao
ah,ow
ax,ix
f,f
ih,ix
r,er
n,ix
ih,n
n,n
q,dx
axr,v
l,l
r,axr
f,f
l,l
sh,sh
s,s
kcl,tcl
en,t
jh,k
dcl,dcl
k,k
tcl,dcl
l,l
l,r
ao,aa
ux,iy
s,s
t,t
dx,dcl
ng,n
bcl,tcl
aa,er
ay,aa
m,n
f,k
t,t
ow,ao
bcl,bcl
r,r
hv,ae
iy,iy
s,z
iy,ix
l,l
dh,dh
eh,ae
ow,ao
sh,s
ax,ix
axr,axr
z,z
en,n
ao,ao
dx,dcl
dx,r
gcl,kcl
ey,iy
pcl,tcl
r,r
n,n
d,dh
r,r
ah,ah
ih,ix
iy,iy
ux,ux
eh,aa
iy,iy
iy,iy
d,g
pcl,tcl
ey,iy
t,jh
eh,eh
dh,k
ah,ow
ix,ix
t,k
t,t
dh,dh
s,s
iy,ih
ey,ey
kcl,tcl
axr,r
iy,ih
v,v
ow,ao
tcl,kcl
ix,ix
ix,ih
eh,ae
ng,n
ax,ax
z,z
dcl,dcl
aw,ay
hh,k
ae,ae
p,dh
axr,axr
s,s
ow,ow
q,q
s,s
ah,eh
m,m
z,z
ow,oy
r,r
ih,iy
ax,ih
kcl,kcl
d,k
r,r
m,n
ae,ae
n,n
eh,aa
ae,ae
t,k
iy,ey
g,v
ay,ay
ih,ih
l,l
ix,ix
m,ix
r,r
l,ax
ay,ay
tcl,tcl
d,k
er,ux
eh,ae
ix,ix
y,y
hh,p
k,k
ah,eh
d,t
g,k
dcl,tcl
ix,ix
ow,ow
ax,ix
axr,ix
ax,ao
r,r
ae,ae
l,l
bcl,bcl
g,d
s,s
q,q
eh,ih
s,s
k,k
z,z
ix,ix
ow,ow
aa,eh
eh,ey
r,r
eh,r
l,l
t,s
eh,eh
n,l
eh,eh
ux,ux
ih,eh
r,r
gcl,dcl
w,r
axr,er
s,s
r,r
s,s
k,t
er,er
gcl,tcl
t,k
w,r
n,n
q,q
ah,ow
kcl,kcl
k,k
ix,iy
r,aa
iy,iy
pcl,tcl
dh,v
ax,l
k,k
k,k
v,k
n,n
s,s
er,er
ao,ao
tcl,tcl
m,m
er,er
ix,eh
k,k
jh,g
ih,axr
kcl,kcl
q,ix
dcl,tcl
dcl,dcl
d,dh
ih,ey
pcl,pcl
s,s
t,t
ow,eh
dcl,g
m,m
z,z
ix,ux
en,n
dcl,dcl
pcl,tcl
axr,r
n,n
k,k
f,s
ix,ux
ey,ae
ae,ae
l,q
ax,ix
sh,sh
p,k
ay,ay
kcl,n
m,l
hv,hv
aa,er
t,t
uh,ih
eh,ix
ux,ey
tcl,dcl
dcl,dcl
ow,ow
z,s
uh,ah
f,f
n,n
p,t
ao,r
iy,iy
bcl,tcl
oy,ao
v,g
k,k
eh,ix
kcl,tcl
ae,ae
jh,jh
eh,ih
ax-h,ix
iy,iy
aa,aa
r,r
l,l
gcl,tcl
y,iy
m,m
ae,ae
tcl,tcl
ax,ax
r,axr
kcl,tcl
axr,axr
n,n
ux,ux
y,ix
n,n
m,n
kcl,tcl
f,f
ux,ih
r,r
jh,s
m,n
dh,dx
ey,ey
el,l
s,s
m,n
pcl,tcl
s,s
q,tcl
ae,ae
f,f
aa,aa
n,n
ix,ix
iy,iy
dh,q
eh,ay
r,aa
er,er
r,r
n,n
n,n
kcl,kcl
oy,ao
n,n
ih,iy
er,axr
ae,ae
kcl,gcl
q,aa
dcl,dcl
z,s
m,n
oy,oy
iy,iy
s,s
r,r
dh,z
er,er
s,s
v,v
eh,eh
ih,axr
t,t
l,l
z,s
ng,ng
ix,axr
pcl,bcl
axr,r
ow,ow
dh,dh
s,s
iy,iy
n,n
b,k
dh,n
k,k
tcl,tcl
ux,ux
s,s
axr,r
eh,eh
aa,ao
nx,nx
ah,ah
k,k
f,f
s,s
ao,ao
axr,ux
ah,aa
dcl,dcl
ih,axr
el,ow
kcl,tcl
s,s
r,r
ae,ae
ay,ay
tcl,dh
pcl,tcl
bcl,dcl
s,s
n,n
r,r
dcl,dcl
l,ix
k,k
eh,ae
uw,ow
ih,ae
kcl,tcl
bcl,tcl
m,m
aw,ah
ih,iy
ay,q
ey,ey
iy,iy
z,z
s,s
dcl,dcl
m,n
kcl,tcl
v,v
z,z
kcl,kcl
ix,ux
aa,aa
iy,iy
ng,gcl
ao,ao
d,dh
ix,ix
axr,r
er,ay
n,v
dh,dcl
y,ih
d,d
s,s
sh,sh
m,m
ao,axr
tcl,kcl
f,f
s,s
s,s
ae,ae
ix,ae
r,r
eh,ix
ae,ae
ch,sh
m,n
ih,eh
z,z
axr,axr
iy,q
el,ao
ah,aa
ay,ay
n,n
ix,ix
s,s
n,ix
iy,ux
s,s
iy,iy
d,dh
ax,l
m,m
er,ah
ae,ae
k,k
uh,l
ax,ix
iy,ux
tcl,tcl
w,w
aa,ao
eh,ey
bcl,gcl
iy,iy
m,m
q,q
r,r
kcl,kcl
n,m
l,aa
ix,ix
ay,ay
ih,ih
bcl,dcl
tcl,tcl
th,f
kcl,dcl
ay,ay
ux,iy
r,ao
aa,ao
z,s
bcl,w
ux,ux
q,dh
n,n
v,v
q,q
iy,iy
sh,sh
m,n
k,k
tcl,tcl
ix,ix
ax,n
s,s
dh,dh
aa,aa
gcl,dcl
f,th
ih,ix
dx,dx
ah,eh
t,t
tcl,gcl
l,l
s,s
er,er
ix,ix
er,er
aa,aa
s,s
dcl,tcl
hh,t
y,axr
aa,ao
f,f
eh,ae
ax,dh
ax,ih
eh,eh
r,r
ao,ao
iy,iy
t,k
d,k
ao,ao
ax,ax
r,r
ay,ae
bcl,bcl
q,q
sh,sh
oy,oy
ix,ix
er,er
er,ix
r,r
r,r
jh,jh
ow,ow
axr,r
n,m
kcl,kcl
kcl,kcl
bcl,bcl
r,r
q,q
kcl,tcl
iy,iy
s,s
dx,dx
iy,r
iy,iy
bcl,tcl
sh,sh
f,f
ah,ow
ay,ay
tcl,tcl
f,f
ah,aa
r,er
ae,ae
pcl,tcl
s,s
m,r
eh,ix
aw,aa
kcl,kcl
ao,ao
ax,ax
ey,ey
kcl,tcl
axr,axr
l,l
iy,ey
ax,ix
z,z
ae,ey
s,s
t,k
w,l
aa,aa
ax,ix
dcl,dcl
iy,ih
ux,ix
dh,dh
bcl,bcl
s,s
ix,r
s,t
tcl,n
dcl,n
p,k
ih,ih
ay,ay
n,n
iy,iy
kcl,kcl
t,t
z,z
q,q
en,n
r,r
ux,ux
ih,ey
iy,iy
el,l
tcl,q
tcl,tcl
r,r
f,f
y,n
ih,ux
iy,n
n,n
ah,ae
s,s
aa,aa
t,t
tcl,tcl
f,s
s,s
z,s
th,k
tcl,dcl
dx,dx
m,m
ix,ix
r,r
z,s
n,n
iy,iy
ah,ay
eh,eh
axr,axr
ix,iy
axr,l
w,q
ae,aw
iy,iy
ah,ax
t,t
r,l
r,r
z,s
iy,iy
r,axr
tcl,th
axr,axr
kcl,tcl
z,s
p,t
ey,ey
gcl,dcl
ux,ux
er,er
el,ao
r,r
ix,l
jh,t
r,r
ah,ah
k,t
ih,ix
q,q
ey,ey
ux,iy
ow,ow
z,s
dcl,dcl
ay,ay
ae,ae
l,l
z,z
axr,axr
eh,ax
n,n
g,k
ux,ux
d,k
s,s
f,z
ay,ay
aa,ao
oy,ay
r,r
ih,r
kcl,dcl
y,y
ux,ux
s,s
kcl,kcl
r,r
sh,sh
pcl,kcl
n,z
ey,ey
r,r
s,s
ax,l
t,k
r,er
l,l
r,r
er,er
eh,ah
ih,iy
bcl,dcl
aa,aa
kcl,kcl
f,s
pcl,tcl
p,t
ux,ix
hh,k
th,s
f,dh
axr,ih
eh,ah
t,t
n,n
el,ow
n,n
dh,n
ax,ax
ix,ix
m,m
s,s
y,iy
em,n
jh,sh
el,l
ay,ay
n,n
n,n
eh,ah
iy,iy
kcl,tcl
er,axr
y,dx
dx,v
ah,r
ux,ux
ix,q
ih,ih
ah,ah
ah,ah
dcl,dcl
z,s
ix,ix
y,l
ix,ix
ow,axr
s,s
kcl,kcl
oy,ao
aa,ah
iy,ey
n,l
ix,ux
eh,eh
ax,ah
iy,ux
t,t
ng,n
m,n
n,q
bcl,kcl
p,p
k,k
pcl,dcl
ah,eh
iy,iy
ux,ux
ay,aa
ay,ix
kcl,kcl
dh,v
jh,t
t,t
dcl,dcl
gcl,dcl
w,l
ae,ae
ay,ay
ay,ae
s,s
r,r
axr,r
pcl,tcl
ey,er
iy,iy
dcl,tcl
ae,ae
tcl,kcl
s,s
kcl,kcl
kcl,kcl
ih,ih
ey,ey
ux,iy
s,s
n,n
ax,eh
dcl,dcl
ng,n
bcl,bcl
l,l
sh,sh
ix,iy
axr,r
bcl,bcl
n,n
kcl,tcl
v,v
bcl,kcl
dcl,dh
tcl,dh
n,n
axr,axr
dcl,n
gcl,dcl
ao,ao
kcl,tcl
ao,ao
ao,ao
g,v
f,k
ey,ey
t,t
w,r
ax,ax
t,t
ix,ix
uh,ah
axr,er
ax,ix
d,sh
ix,iy
m,n
kcl,gcl
hv,ix
ax,eh
ix,l
m,m
ay,ay
n,n
n,n
eh,ix
zh,t
ax,ax
s,s
ix,ix
dcl,dcl
r,r
r,r
ah,ah
kcl,gcl
ix,r
s,s
dcl,dcl
n,n
er,er
ow,ow
ao,aa
k,k
ih,ih
iy,iy
q,q
s,s
ae,ae
tcl,dcl
kcl,tcl
r,axr
s,s
l,el
l,l
ix,ix
bcl,v
ae,ae
pcl,tcl
ay,ay
ix,ux
iy,ix
s,s
n,n
dx,dx
r,r
n,n
l,n
ax,ah
ix,eh
ax,ax
tcl,tcl
axr,er
n,n
w,w
s,s
ax,ax
ng,n
kcl,tcl
n,n
p,t
tcl,tcl
ix,ix
dcl,dcl
gcl,dcl
l,ay
sh,sh
p,k
m,m
eh,er
w,w
kcl,kcl
s,z
ih,ih
nx,n
s,s
ah,ow
kcl,kcl
q,ix
ix,iy
kcl,dcl
q,q
p,dh
bcl,dcl
ah,ah
th,f
y,ih
eh,ix
p,k
ih,ih
bcl,tcl
iy,iy
sh,sh
pcl,tcl
k,t
tcl,tcl
n,n
kcl,tcl
ix,r
aw,ae
t,t
p,k
em,n
aa,aa
k,k
ao,ao
l,l
er,r
s,s
sh,sh
n,n
ix,ix
axr,er
kcl,tcl
ix,ix
r,r
ay,ey
ae,ae
k,k
z,s
kcl,tcl
m,m
t,k
f,f
ch,s
k,k
ix,ix
ix,q
bcl,tcl
kcl,th
ng,n
kcl,kcl
r,r
ah,uw
iy,iy
ae,ae
l,l
en,n
pcl,tcl
aa,aa
n,n
aa,aa
kcl,tcl
ae,ae
kcl,k
l,l
r,r
q,k
kcl,v
s,s
r,r
g,g
hh,dh
q,ax
q,q
dcl,dcl
f,f
q,l
oy,oy
iy,ey
s,s
t,t
dh,dh
bcl,bcl
ae,ae
z,s
ih,ay
ng,n
ax,ax
n,n
sh,s
v,v
iy,iy
el,l
iy,q
tcl,kcl
n,n
aw,ah
n,n
ae,ae
el,ao
ay,ey
kcl,kcl
eh,ae
t,t
aa,aa
jh,jh
n,ae
ow,ow
ey,ey
r,r
w,l
ix,ah
axr,axr
aa,ao
n,n
dh,dh
iy,iy
ix,r
t,s
iy,iy
iy,iy
gcl,v
t,kcl
sh,s
p,v
iy,ux
dh,dh
ih,ih
r,r
w,w
w,w
v,v
z,z
s,s
kcl,kcl
gcl,gcl
dcl,dcl
ix,iy
axr,ix
l,l
n,n
ih,ux
jh,g
t,t
ih,iy
ix,ix
l,l
ah,ix
ix,ix
s,s
iy,iy
ix,ix
ow,ay
sh,sh
ng,n
z,s
k,k
w,w
n,n
f,f
n,n
dh,dh
m,dcl
q,q
dcl,dcl
ay,ae
m,l
s,s
ax,aa
m,m
tcl,tcl
aa,ao
iy,ux
bcl,bcl
iy,axr
en,ix
ey,ey
ow,ow
z,z
dcl,dcl
z,z
m,m
s,s
n,n
l,l
iy,iy
aa,ao
dcl,dcl
p,p
gcl,bcl
iy,iy
k,k
tcl,tcl
k,k
s,s
en,n
ao,l
k,k
m,n
ih,ux
axr,er
q,q
ix,iy
s,s
ax,l
dh,dh
iy,ix
bcl,tcl
s,z
kcl,tcl
n,n
p,k
ow,ow
ih,ey
k,dh
kcl,kcl
tcl,tcl
aa,ay
hv,hv
n,n
tcl,pcl
dh,d
s,s
ow,aa
tcl,tcl
er,er
axr,ih
s,s
s,s
ih,ux
ae,ay
dx,g
pcl,tcl
eh,ae
uw,er
ey,ey
s,s
ix,ix
bcl,dcl
n,n
ih,ih
ah,aa
s,s
aw,ae
m,n
aw,aa
q,q
ih,iy
gcl,v
l,l
s,s
p,tcl
s,s
dcl,d
ao,ao
w,ao
l,l
r,r
ah,ae
s,s
w,w
m,m
ah,ae
ey,ey
f,tcl
ix,ix
er,er
iy,ux
iy,iy
f,f
n,n
sh,sh
ix,ix
ix,iy
kcl,tcl
t,sh
w,w
s,sh
eh,ix
ah,ah
g,k
l,l
oy,ao
z,s
dcl,tcl
z,z
q,q
m,m
ih,axr
ao,oy
b,k
iy,iy
l,el
q,q
z,dcl
s,s
s,s
r,r
ao,ao
dx,dx
ix,ix
dcl,kcl
ux,ux
p,g
ao,aa
eh,eh
dcl,dcl
ow,ao
kcl,dcl
ih,ih
ix,ix
ae,ae
tcl,gcl
r,r
kcl,tcl
m,n
l,l
tcl,tcl
s,s
iy,iy
tcl,tcl
r,r
z,s
el,n
hh,k
th,f
dh,dh
kcl,tcl
kcl,tcl
dh,k
r,r
dx,n
ow,l
dcl,tcl
er,er
eh,r
iy,iy
k,k
er,er
ix,ix
q,ix
tcl,tcl
ih,l
ch,jh
iy,ix
kcl,kcl
k,k
m,m
kcl,tcl
kcl,kcl
p,q
ah,ey
ax,ah
sh,sh
ix,ey
th,s
l,l
iy,iy
n,n
m,n
dx,r
ch,sh
ix,axr
hh,k
k,k
ow,ih
s,s
l,l
ih,ih
l,r
bcl,bcl
w,w
iy,iy
s,s
ah,ah
q,q
ix,ix
uh,axr
ih,iy
aa,oy
eh,ix
el,l
ax,ax
k,k
r,axr
th,t
z,z
s,s
m,m
kcl,tcl
n,n
ix,ix
aa,aa
pcl,dcl
bcl,tcl
pcl,tcl
l,l
dcl,dcl
s,s
ix,eh
m,m
ey,iy
pcl,v
aa,ah
tcl,kcl
tcl,gcl
axr,r
ay,ae
f,f
y,r
kcl,kcl
iy,ux
iy,iy
ow,aw
ah,ae
m,n
kcl,kcl
w,w
ah,aa
l,v
ih,ix
ah,ah
v,v
ay,ay
dcl,dcl
pcl,bcl
s,s
sh,sh
ng,n
l,l
eh,ae
w,l
f,f
n,n
eh,aa
m,m
r,r
aa,ao
l,l
l,l
jh,jh
dx,dx
el,el
z,z
dcl,dcl
l,r
iy,ey
ux,ix
d,dcl
n,n
ix,ix
q,q
ow,ey
s,s
m,m
dh,n
t,k
ow,eh
w,l
iy,y
ax-h,tcl
p,k
r,r
axr,axr
z,z
m,m
z,z
v,dcl
kcl,tcl
z,s
er,er
l,l
ae,ae
z,s
dh,dh
iy,ix
ow,ao
r,r
ih,ih
n,n
m,m
r,r
dh,th
b,g
ay,ah
ae,r
k,k
r,r
g,dx
l,l
d,k
dcl,tcl
p,g
iy,ix
ih,ix
f,f
ae,ae
eh,ey
m,n
z,z
kcl,kcl
eh,eh
l,ah
kcl,tcl
pcl,kcl
ao,oy
pcl,tcl
n,n
ux,ux
axr,r
s,s
ao,aa
hv,hv
ao,ao
z,s
ao,ao
z,s
ih,iy
w,w
ay,ay
w,w
p,k
q,q
n,dcl
n,n
tcl,q
eh,l
w,ao
l,l
dcl,dcl
f,f
d,t
ay,ay
gcl,dcl
n,l
m,n
dcl,dcl
w,l
ix,ix
iy,iy
er,r
iy,ix
ih,ey
ow,oy
r,r
ey,ey
ae,oy
iy,iy
bcl,dcl
dcl,dcl
ay,ae
dh,s
ae,ae
nx,l
ay,ae
hv,n
er,r
er,er
ae,ae
ow,ow
pcl,pcl
dx,dx
s,s
l,ax
ix,ix
iy,ix
dcl,t
ix,hv
tcl,t
ix,ix
tcl,tcl
iy,iy
ih,ih
ae,ae
ax,ix
ng,iy
dx,dx
iy,ey
ow,ow
bcl,dcl
kcl,kcl
pcl,dcl
r,r
z,s
r,r
r,r
tcl,kcl
ae,eh
axr,axr
oy,eh
g,g
n,m
p,k
r,ae
tcl,tcl
f,f
uw,ih
dcl,tcl
t,t
tcl,tcl
ao,aa
f,f
y,iy
axr,axr
s,s
ao,ao
dh,dh
l,l
ix,ih
aa,aa
kcl,tcl
l,l
v,tcl
l,dh
q,q
v,tcl
n,n
aa,eh
eh,ay
w,w
dh,n
ae,ae
l,l
tcl,tcl
tcl,dh
z,s
aw,ay
gcl,m
eh,ey
l,l
n,n
z,z
v,v
hv,hv
aa,aa
s,s
iy,ih
s,s
tcl,tcl
dcl,dcl
p,k
axr,r
n,ih
el,l
ay,ix
iy,iy
dcl,v
ay,ay
w,l
q,q
r,v
ih,ih
eh,ae
s,s
v,f
eh,ae
tcl,dcl
kcl,kcl
g,k
aa,aa
w,w
l,r
ng,n
y,iy
dcl,n
er,er
f,f
w,w
ay,ay
eh,ah
q,q
ch,ch
k,tcl
v,v
aa,ao
m,m
dh,dcl
l,l
ih,eh
ax,ax
ax,ax
n,n
kcl,kcl
ey,ae
iy,iy
n,n
n,n
s,s
s,s
iy,iy
iy,ix
k,k
dcl,dcl
aa,aa
l,l
v,f
r,r
d,dcl
v,v
l,ix
p,k
s,s
ow,ao
hv,k
n,n
ax,ax
m,n
g,q
r,r
w,w
tcl,kcl
ay,ay
ux,ux
kcl,tcl
r,r
ao,ao
aa,ah
ax,ax
s,s
hh,k
ey,ey
aa,aa
kcl,kcl
l,l
aa,r
ax,l
dx,k
aa,aa
er,er
iy,iy
ih,ow
n,n
iy,ux
l,l
tcl,tcl
ix,eh
q,q
k,k
axr,axr
gcl,dcl
s,s
g,g
er,eh
axr,r
z,s
iy,iy
r,r
dcl,dcl
aa,ao
kcl,kcl
ah,aa
ah,ao
axr,er
d,d
r,r
v,v
s,s
tcl,kcl
tcl,tcl
kcl,kcl
z,s
iy,ix
ey,ey
m,n
l,l
dcl,tcl
ae,ae
dcl,gcl
sh,s
aa,ao
ey,ey
s,s
ih,y
er,er
dx,dx
ow,ow
kcl,kcl
nx,dx
ch,jh
axr,axr
ax,ax
pcl,tcl
dcl,gcl
bcl,tcl
iy,iy
ix,iy
y,y
tcl,tcl
z,z
ix,n
ih,ey
r,er
kcl,tcl
ah,ay
tcl,tcl
eh,ah
l,v
n,n
ax,ah
gcl,r
k,k
jh,sh
ow,ow
eh,ih
gcl,dcl
v,v
kcl,kcl
aa,aa
ae,ae
s,s
k,k
ao,aa
t,k
eh,eh
r,r
kcl,tcl
ow,l
eh,eh
uw,ux
hv,hv
bcl,tcl
eh,eh
aa,ao
m,n
ey,ay
ix,ix
bcl,dcl
ux,iy
v,l
ow,ow
tcl,tcl
k,k
l,w
el,q
l,l
dcl,dcl
s,s
tcl,tcl
dcl,n
ih,ax
ix,ix
y,y
tcl,tcl
eh,ae
w,w
axr,er
iy,iy
oy,oy
th,s
ey,iy
g,dx
sh,sh
s,s
n,n
tcl,tcl
r,r
tcl,dx
l,l
q,r
axr,er
ae,ae
ae,r
w,w
iy,iy
r,r
ih,eh
n,n
ow,ow
dx,dcl
er,er
s,s
aa,ow
hv,hv
iy,iy
m,n
kcl,kcl
iy,ih
n,m
l,l
ax,ax
tcl,tcl
ey,ey
z,f
s,s
tcl,tcl
ng,n
d,t
r,r
l,l
aa,ao
r,r
v,m
m,n
n,n
kcl,q
ch,jh
ae,ae
eh,ih
k,k
ax,ax
k,hv
aa,aa
r,axr
dh,dh
s,s
q,q
ae,ae
dcl,pcl
k,k
l,l
z,z
eh,r
aa,ay
gcl,dcl
z,s
z,s
n,n
l,l
m,n
k,k
ih,iy
tcl,kcl
d,y
k,tcl
l,l
tcl,z
tcl,g
dcl,dcl
gcl,gcl
ix,ih
iy,ey
n,m
n,n
p,k
tcl,tcl
v,v
ae,ae
r,r
w,w
kcl,kcl
s,s
ix,ax
dcl,dcl
ih,ih
ae,ae
ix,ix
n,n
uh,ah
eh,eh
l,n
l,l
uh,eh
en,n
ix,ux
ax,l
ah,ah
s,s
eh,ey
f,f
ch,ch
kcl,tcl
axr,er
gcl,tcl
th,t
iy,iy
n,n
t,t
r,axr
y,hv
ey,ey
iy,iy
v,v
eh,ey
s,s
ix,ix
iy,iy
iy,iy
axr,r
iy,iy
pcl,dcl
dcl,dcl
ix,ix
sh,k
s,s
dx,dh
axr,axr
axr,r
d,t
r,r
t,t
ao,ao
q,q
ae,ae
pcl,tcl
eh,eh
n,n
eh,eh
sh,sh
ao,ao
ow,aa
r,r
n,n
tcl,tcl
th,k
k,k
m,m
r,er
w,l
w,ao
k,k
n,n
axr,er
q,q
ux,ux
ng,ix
bcl,tcl
iy,ey
ix,ih
n,n
ah,eh
q,q
en,m
dcl,tcl
k,k
aa,ow
tcl,tcl
axr,axr
w,w
ih,ix
axr,r
hv,dh
axr,axr
n,n
l,ao
er,axr
n,n
tcl,dcl
ix,ix
z,s
th,dh
n,n
w,w
ux,ih
ih,eh
en,n
ax,eh
hv,axr
y,q
ix,ix
n,n
iy,ih
ix,axr
l,l
d,k
s,s
er,axr
pcl,dcl
dh,t
kcl,kcl
bcl,dcl
s,s
r,r
ay,ay
dcl,dcl
axr,r
v,l
m,n
kcl,tcl
ay,ay
iy,iy
p,k
s,s
ch,s
d,d
m,n
w,q
tcl,kcl
pcl,tcl
sh,sh
r,r
m,n
er,r
p,g
kcl,t
eh,ey
t,g
kcl,kcl
r,r
m,n
pcl,pcl
n,ax
ay,ae
l,l
ix,l
kcl,tcl
axr,r
ih,eh
ux,ey
n,n
ng,tcl
ao,aa
l,l
ih,ax
gcl,dcl
ay,ay
k,k
uw,ao
s,s
s,s
kcl,kcl
er,aa
ae,aa
eh,er
w,r
s,s
oy,oy
gcl,dcl
q,ix
ih,ey
tcl,tcl
s,z
s,s
dx,q
iy,r
ao,ao
ax,ax
eh,ae
iy,iy
dh,dh
iy,ix
t,k
n,n
sh,sh
w,l
s,t
sh,sh
dx,dcl
n,n
ao,aa
eh,axr
hv,hv
l,l
axr,r
dcl,n
q,r
t,t
ey,ey
er,axr
t,t
q,ix
n,n
ow,ow
g,k
l,er
l,ah
aa,er
q,q
ng,n
eh,ix
ah,l
iy,iy
f,f
ix,r
k,k
iy,iy
ay,ay
eh,eh
ow,ow
pcl,kcl
ih,ih
jh,jh
ow,ow
w,ax
ay,aa
n,ix
z,z
s,s
ey,ae
dx,ix
el,el
ae,ae
ax,ay
p,k
l,l
q,q
z,z
ix,n
tcl,tcl
ow,l
hh,iy
p,k
s,s
oy,ay
ay,ay
dcl,bcl
s,s
l,l
nx,n
eh,eh
iy,iy
sh,sh
ah,ay
w,w
hv,hh
kcl,tcl
z,s
ax,ax
th,th
eh,ih
k,k
aa,eh
dx,v
k,k
k,k
pcl,tcl
kcl,tcl
tcl,gcl
z,z
d,v
ow,ow
el,ow
ay,ay
r,r
y,iy
kcl,kcl
ix,iy
d,dh
nx,v
k,k
k,k
r,r
r,r
ao,ao
ao,ao
er,er
dcl,dcl
aw,ae
m,n
iy,iy
dcl,dcl
iy,iy
tcl,tcl
axr,eh
l,l
sh,s
b,k
tcl,tcl
l,l
ix,ix
ix,iy
n,n
n,n
axr,axr
r,r
t,t
g,dh
t,t
f,s
f,f
ux,ux
dcl,tcl
eh,ay
eh,aa
pcl,tcl
n,n
ax,l
dcl,dcl
sh,ch
aa,ae
ih,ax
k,k
ax,ax
nx,n
ax,r
ih,iy
kcl,tcl
er,er
ix,ix
gcl,n
r,er
ao,aa
bcl,dcl
dcl,dcl
z,s
tcl,kcl
gcl,dcl
kcl,tcl
v,v
z,s
gcl,n
p,dh
p,p
ao,ao
eh,eh
s,s
m,n
ix,ix
ey,ey
em,l
er,er
ao,ao
er,ux
gcl,gcl
n,n
n,m
dx,dcl
pcl,tcl
w,w
n,dcl
hv,iy
s,s
tcl,tcl
eh,eh
ix,ix
ow,ow
axr,iy
kcl,tcl
f,f
ey,ey
tcl,kcl
p,tcl
tcl,tcl
p,t
s,s
v,v
aa,aa
iy,y
sh,s
n,dx
eh,eh
r,l
nx,n
m,n
ix,ix
l,l
ah,ow
ao,ao
w,w
ix,ae
dh,dh
m,n
iy,iy
kcl,kcl
tcl,tcl
dh,tcl
ay,ay
iy,ey
ux,ux
m,q
bcl,bcl
ah,ay
ax,ix
n,dh
kcl,kcl
kcl,kcl
ae,ae
oy,ey
g,gcl
n,ng
ey,ey
axr,r
n,n
iy,ey
ey,ey
r,r
ax,l
t,s
eh,l
p,tcl
ah,ae
r,r
axr,er
kcl,kcl
dx,dh
kcl,kcl
axr,axr
w,w
p,dh
tcl,tcl
q,ix
ix,ix
ah,ah
tcl,tcl
s,s
axr,axr
ey,ae
v,v
ix,iy
tcl,tcl
uh,iy
ix,ix
er,er
ow,l
ao,ao
l,l
v,v
tcl,dcl
m,ux
r,axr
n,n
ae,ay
z,z
kcl,tcl
t,t
q,ix
q,tcl
b,dh
ey,ey
tcl,tcl
n,m
k,k
nx,nx
uw,w
q,q
tcl,kcl
s,s
k,k
s,s
tcl,kcl
n,n
y,iy
q,l
aw,aa
s,s
ey,ey
kcl,kcl
ih,iy
k,kcl
s,s
kcl,kcl
n,n
ao,r
tcl,tcl
z,z
w,ao
dcl,gcl
ix,v
l,l
f,t
dh,k
sh,s
s,s
q,q
ow,ow
nx,n
ae,eh
dcl,dcl
w,w
n,n
iy,iy
s,s
s,s
b,g
ao,ao
ix,ix
kcl,q
er,ux
z,z
aa,aa
g,k
ay,ae
n,n
ux,iy
axr,axr
v,dh
iy,iy
uw,el
ix,iy
dcl,dcl
sh,k
bcl,bcl
v,v
gcl,tcl
tcl,tcl
s,s
dcl,dcl
z,s
r,r
ih,iy
en,m
y,y
axr,er
z,s
iy,iy
ix,ix
w,ao
m,bcl
jh,jh
w,w
ay,aa
ax,dh
w,l
n,n
bcl,dcl
s,s
z,s
er,eh
n,n
ax,eh
kcl,tcl
n,n
m,m
ih,eh
ao,ao
kcl,tcl
hh,ae
dcl,dcl
ae,ey
hh,hv
n,n
dcl,dcl
bcl,tcl
ao,ao
jh,jh
tcl,tcl
p,k
l,q
gcl,dcl
iy,iy
axr,axr
r,r
s,s
k,k
kcl,kcl
ow,ow
ow,l
axr,r
ch,ch
r,r
k,t
p,g
ix,l
ux,iy
y,iy
ao,ao
oy,ao
ax,l
ao,ao
tcl,tcl
l,ao
t,t
ih,ix
axr,r
ae,eh
bcl,bcl
hh,k
r,r
z,s
ch,t
ae,ae
p,k
dcl,dcl
l,l
hv,ix
s,s
dcl,dcl
l,l
dcl,dcl
f,s
ix,ay
dcl,dcl
ux,ih
kcl,kcl
y,ix
ay,ay
ae,ae
ae,ae
axr,er
s,s
p,k
l,ix
axr,axr
k,tcl
r,r
ix,ix
m,m
ux,ux
t,t
kcl,kcl
tcl,tcl
k,k
dcl,v
l,l
kcl,kcl
ix,y
t,t
ey,ay
uh,oy
ix,axr
uw,ux
bcl,dcl
th,s
ow,l
kcl,kcl
dx,k
iy,iy
ih,ix
r,aa
ae,eh
axr,axr
r,iy
ng,n
k,k
sh,s
uh,el
axr,er
l,ao
tcl,tcl
bcl,pcl
ao,w
n,n
er,er
uw,uw
axr,axr
r,r
ae,ae
n,n
tcl,dcl
k,kcl
eh,ae
iy,iy
ay,ae
l,l
s,s
r,r
ux,ux
jh,q
r,r
eh,ay
m,n
aa,ah
pcl,tcl
sh,jh
dh,n
l,l
kcl,tcl
kcl,kcl
l,l
r,r
f,f
ao,ao
eh,ey
p,dh
r,r
ae,ih
l,l
l,l
eh,ow
ih,iy
ey,ey
m,n
ax,ax
p,k
n,n
oy,oy
ao,aa
r,r
m,n
dx,tcl
n,n
g,k
pcl,tcl
t,k
ax,l
z,s
dx,gcl
ow,aa
eh,eh
ih,eh
eh,aa
bcl,bcl
iy,ux
aa,aa
s,sh
ih,ih
ux,ux
kcl,kcl
iy,ix
pcl,pcl
r,v
f,f
s,s
t,tcl
iy,q
q,q
ao,ao
s,s
ae,eh
m,m
el,l
ao,ao
ix,ix
ao,ao
tcl,tcl
r,r
hh,k
ih,ix
gcl,n
n,n
ah,ao
er,er
dcl,dcl
aw,aa
kcl,kcl
m,n
tcl,tcl
n,n
iy,iy
s,s
hh,k
dh,t
r,r
g,r
w,w
iy,iy
ay,ay
n,n
z,z
eh,eh
el,ow
el,ao
er,er
q,q
r,r
er,er
aa,l
sh,s
n,dcl
s,s
ih,ih
ah,ae
ux,ix
r,r
ng,n
s,s
ah,ix
ax,l
aa,q
ux,iy
kcl,kcl
dcl,l
k,k
w,w
k,k
k,k
n,n
l,q
er,hv
ao,aa
ch,sh
iy,iy
ay,ay
f,f
q,q
gcl,bcl
l,l
t,k
axr,iy
em,ax
m,n
hh,f
kcl,kcl
ix,ix
l,ow
sh,sh
ao,ao
tcl,k
ix,iy
w,l
kcl,gcl
m,m
t,tcl
p,kcl
pcl,tcl
nx,m
ax,ah
ey,ey
ow,ow
ix,ix
z,z
p,g
ih,r
ix,ix
k,t
kcl,kcl
axr,r
dcl,dcl
t,t
ae,ae
w,ao
ae,ae
v,k
z,s
ow,l
m,n
ih,ih
q,q
ey,ae
w,w
ix,axr
sh,t
l,l
ch,ch
s,s
axr,axr
axr,er
dcl,tcl
ax,l
d,th
iy,iy
ae,eh
tcl,tcl
kcl,tcl
f,f
z,s
axr,ih
ax,ax
ix,ix
hh,hv
w,w
tcl,v
f,s
eh,eh
eh,eh
m,m
eh,eh
bcl,tcl
tcl,dcl
tcl,tcl
s,s
q,q
t,t
s,z
axr,axr
m,m
m,m
r,r
axr,r
k,k
m,ix
ix,ax
ae,ae
aa,aa
v,tcl
k,k
ix,ix
r,r
oy,ay
w,w
uh,ix
kcl,tcl
en,m
m,m
iy,iy
dcl,tcl
kcl,kcl
r,r
kcl,kcl
bcl,dcl
iy,iy
ay,ae
n,n
q,q
g,g
f,v
axr,axr
q,q
hv,r
r,r
axr,axr
axr,axr
n,n
ng,n
r,axr
sh,s
w,w
k,k
kcl,kcl
dx,dx
w,w
ih,ix
sh,s
ax-h,t
s,s
tcl,tcl
ae,ae
ow,ao
ux,ix
r,r
l,l
ey,ey
kcl,tcl
r,r
ax,ix
m,m
n,n
ix,q
dx,dx
s,sh
k,k
kcl,tcl
l,l
ax,ax
oy,ao
ih,ix
r,r
ix,ix
ih,ey
k,g
l,l
q,q
q,axr
n,n
hh,hh
d,dx
ch,sh
w,v
r,r
pcl,tcl
l,l
f,f
s,s
k,dh
ae,ae
w,w
ow,ow
n,n
aw,aw
g,g
bcl,dcl
z,z
ix,ix
q,q
tcl,tcl
oy,oy
ih,ow
uw,ix
t,k
ao,ah
d,d
f,f
l,aa
t,tcl
axr,er
ax,ax
el,el
ay,ay
ay,ay
n,n
bcl,bcl
ih,r
kcl,kcl
ch,ch
k,k
eh,ah
ey,ey
dcl,tcl
iy,iy
axr,er
tcl,dx
q,k
ix,ix
iy,ey
tcl,tcl
p,k
kcl,kcl
ao,ow
tcl,tcl
ao,ao
tcl,tcl
f,f
ao,ao
ay,ae
s,s
q,y
kcl,kcl
r,r
gcl,g
ow,ao
gcl,gcl
nx,m
l,l
ae,ae
pcl,dcl
pcl,pcl
ae,eh
g,g
iy,iy
nx,n
kcl,kcl
sh,sh
eh,l
tcl,tcl
kcl,kcl
k,k
ix,l
s,s
dx,dx
l,l
dcl,tcl
bcl,bcl
t,t
ix,n
z,z
eh,ah
n,n
ow,er
ae,ae
dcl,tcl
t,f
kcl,tcl
ay,ay
kcl,kcl
tcl,tcl
dx,dx
ix,ix
pcl,tcl
ih,iy
r,r
ux,ih
pcl,tcl
s,s
q,q
ah,ao
ae,ae
bcl,tcl
iy,iy
s,s
q,ix
s,s
n,n
z,s
iy,ux
jh,jh
aa,l
z,s
y,q
ix,n
l,l
l,l
r,r
l,ix
ae,ae
s,s
kcl,tcl
aa,ay
ix,iy
z,z
f,f
l,l
ae,ae
dh,dh
ix,q
n,n
ae,ae
y,y
kcl,tcl
iy,iy
y,ih
tcl,dcl
n,n
kcl,kcl
f,t
ih,ih
t,t
sh,sh
k,g
hv,hv
pcl,tcl
ax,ax
th,th
ix,l
jh,jh
k,k
kcl,g
n,n
th,k
f,f
ux,ux
k,k
p,k
l,l
iy,axr
s,s
ix,iy
f,v
pcl,kcl
dx,dx
t,t
tcl,tcl
pcl,tcl
d,kcl
ae,ae
s,s
w,w
l,l
ao,aa
r,r
k,k
th,th
ix,eh
ow,ah
q,q
zh,sh
ng,n
aa,ao
kcl,tcl
ey,ey
l,ix
iy,ih
ao,aa
ix,ix
dh,dh
r,r
pcl,kcl
l,l
hh,k
tcl,kcl
l,l
k,k
l,l
ow,ao
ux,ux
q,q
el,el
ao,ao
tcl,kcl
n,n
z,z
dcl,tcl
r,r
kcl,kcl
y,ix
ey,ey
tcl,tcl
m,n
ch,s
hh,q
k,k
q,k
m,m
k,t
y,y
eh,er
s,s
ix,ix
ax,ax
ey,ae
dcl,dcl
q,k
z,z
ih,ih
dcl,dcl
ao,r
tcl,tcl
dcl,dcl
z,z
l,r
ih,eh
hv,hv
ix,ix
r,r
aa,ao
z,z
hv,iy
ix,ix
z,s
ey,ey
kcl,tcl
gcl,gcl
l,l
l,l
el,ax
ay,ey
tcl,tcl
ae,ae
aa,aa
ng,q
ax,ix
bcl,gcl
ng,n
ux,iy
ux,dx
ey,ey
q,k
uw,w
t,k
q,n
kcl,kcl
ay,ay
dx,ix
ay,ae
w,l
q,q
dx,k
ao,ao
ix,ix
ih,ux
dcl,dcl
tcl,dcl
ow,l
eh,ih
n,ix
z,s
ix,ix
sh,sh
z,z
ix,ix
ix,ix
hv,ix
ax,ix
n,n
ih,eh
s,s
g,k
tcl,tcl
r,r
s,sh
pcl,tcl
aa,aa
pcl,tcl
g,tcl
ix,ix
tcl,tcl
dcl,dcl
k,k
aa,ae
axr,er
ng,n
pcl,tcl
iy,iy
ey,ey
n,n
kcl,kcl
pcl,tcl
t,t
ae,ae
iy,iy
ah,eh
kcl,tcl
dcl,dcl
l,l
ae,ae
iy,iy
ax,eh
z,z
bcl,bcl
f,f
gcl,n
n,n
n,n
uw,ax
tcl,tcl
z,z
aa,aa
s,s
dh,l
sh,sh
aa,aa
ae,ae
tcl,kcl
ih,iy
ih,ih
iy,iy
s,s
s,s
ae,aa
ih,ay
ih,ix
n,n
kcl,kcl
dx,r
ax,ix
ih,ih
q,r
ao,ao
ey,ix
ix,dh
th,z
dcl,dcl
ax,ix
bcl,bcl
dcl,dcl
ih,ih
f,k
m,m
v,v
m,bcl
ix,ix
ix,ix
p,k
r,r
pcl,tcl
z,z
t,z
ax-h,g
t,t
z,s
l,el
n,n
l,ax
ao,aa
ix,ix
kcl,tcl
uw,uw
q,q
k,k
sh,sh
l,l
ix,q
d,t
z,t
dh,dh
s,s
n,n
ax,ax
ih,ae
ix,ix
z,s
ax,l
ix,l
p,tcl
q,ix
ix,ix
hh,k
er,axr
z,s
ux,iy
k,k
z,s
dh,t
y,q
iy,iy
gcl,n
z,jh
eh,ah
ow,ao
l,l
ao,ao
sh,sh
ih,ih
oy,ow
ey,ay
ih,eh
l,l
l,l
n,n
ae,ey
s,s
th,tcl
ax,ax
r,axr
p,k
hh,p
ay,ay
tcl,tcl
iy,iy
kcl,tcl
ax,ix
l,ax
dcl,tcl
l,ao
iy,y
sh,sh
iy,iy
n,ix
ao,m
l,q
ih,ix
uw,ow
ow,er
n,dh
l,l
n,n
l,l
en,n
n,n
sh,s
q,q
ix,iy
dh,dh
n,dcl
ah,l
r,r
ih,iy
aa,ao
g,g
gcl,dx
l,l
jh,t
el,l
l,dx
l,l
dx,k
aa,aa
er,er
kcl,kcl
el,ow
r,axr
ux,ih
m,ay
dh,n
tcl,kcl
l,ao
ax-h,n
l,ow
iy,ux
er,er
t,t
iy,iy
n,n
ax,ax
axr,axr
tcl,tcl
w,w
l,l
p,k
gcl,tcl
k,k
l,ax
ax,l
kcl,tcl
v,v
ih,iy
ix,ix
dx,tcl
r,axr
tcl,tcl
n,dcl
m,m
n,dcl
k,k
t,t
ah,ah
v,tcl
hv,hv
tcl,tcl
ih,ih
eh,eh
iy,iy
kcl,tcl
tcl,tcl
ix,ix
ay,ay
r,g
dcl,tcl
ng,n
d,k
r,r
ao,ao
p,p
s,s
p,q
ae,ay
t,t
ih,ih
g,g
th,s
ae,ae
ax,ax
sh,sh
m,m
n,l
n,dx
ax,ix
p,f
s,s
eh,eh
ix,ix
n,m
m,n
axr,axr
q,kcl
tcl,tcl
ix,n
y,iy
kcl,kcl
q,tcl
eh,ay
z,z
v,dh
tcl,tcl
pcl,tcl
t,sh
ch,ch
dh,dh
s,s
z,z
pcl,tcl
jh,z
ux,ux
ch,jh
dcl,dcl
f,f
aa,aa
dcl,dcl
ih,ix
dcl,dcl
ah,ah
ng,n
dx,dx
ay,ay
ih,ix
q,q
v,v
axr,eh
ix,ix
th,dh
r,axr
kcl,kcl
r,r
ih,eh
m,m
gcl,n
k,g
iy,y
k,k
k,k
gcl,kcl
eh,aa
t,k
dh,t
ao,ao
ae,ae
ix,ix
k,t
ow,ao
r,axr
t,s
ao,ao
d,t
dcl,tcl
iy,iy
ih,ih
er,er
uw,ix
s,f
gcl,gcl
ax,ix
y,dx
f,f
t,k
ay,ay
ix,ix
ay,ay
tcl,kcl
z,s
p,k
ao,ao
axr,er
gcl,v
l,l
ih,ey
kcl,tcl
ae,ae
dh,v
nx,dx
axr,er
s,s
k,k
iy,iy
m,n
r,axr
l,l
p,k
ax,ix
ah,ae
k,k
ay,ae
ix,iy
q,ix
iy,ix
jh,t
m,en
el,ao
dh,f
ng,n
ow,ow
n,n
dh,tcl
n,n
s,s
ix,ih
ey,ey
en,n
t,s
s,s
hh,k
el,l
ow,ey
ix,ih
eh,ae
dx,dx
ao,oy
t,t
dh,dh
ae,aa
ah,aa
ax,l
dcl,dcl
dcl,dcl
m,n
hv,hh
ey,iy
t,k
q,q
tcl,tcl
jh,s
n,n
ih,er
dcl,dcl
tcl,dcl
s,s
t,s
kcl,th
l,l
aa,aa
dx,dx
ey,ey
l,ax
d,t
y,y
dx,dh
w,w
dx,dx
ae,eh
l,ax
ow,ow
s,s
ay,aa
ix,ix
ix,iy
en,l
ix,n
r,axr
eh,ey
k,k
eh,eh
k,g
q,ix
kcl,tcl
k,k
r,r
z,s
tcl,dcl
iy,ey
w,w
oy,oy
em,n
s,s
n,n
ax,r
aa,er
dcl,dcl
bcl,dcl
ix,q
ih,ix
y,iy
k,k
p,t
ux,iy
ix,iy
dx,dcl
ao,r
s,s
th,s
er,axr
dcl,tcl
ix,iy
gcl,tcl
p,k
ah,ax
pcl,pcl
ix,ix
ih,ey
ix,ix
ix,ix
ao,r
ah,ax
ay,ay
sh,sh
kcl,tcl
oy,oy
ey,ey
n,dx
z,s
dcl,dcl
ix,ux
axr,er
w,w
eh,eh
iy,iy
iy,iy
tcl,tcl
eh,ow
tcl,dcl
w,l
sh,sh
y,ix
q,l
ao,ao
r,r
z,z
gcl,dcl
iy,iy
sh,sh
ix,ix
dh,l
eh,ah
m,n
ih,ae
r,axr
iy,ix
ay,ay
z,s
bcl,bcl
ux,ux
jh,jh
eh,eh
l,aa
tcl,tcl
ah,ix
l,ix
ae,ae
v,dh
q,q
r,r
sh,s
tcl,tcl
f,s
n,n
m,m
eh,eh
tcl,tcl
tcl,tcl
ux,ux
b,f
z,s
ay,ay
kcl,tcl
t,t
ey,ey
ax,r
b,tcl
ae,ay
iy,ux
ow,ow
r,r
ow,ao
dh,dh
q,q
v,v
tcl,tcl
ax,r
n,n
dh,dh
n,n
ey,iy
l,n
w,w
aa,ah
ih,ih
y,iy
eh,ey
s,s
iy,ey
axr,r
ix,ey
iy,iy
m,n
l,ax
v,dh
q,q
ix,ix
tcl,tcl
ng,n
aa,ae
aa,ao
y,iy
t,t
bcl,bcl
hv,iy
q,q
s,s
n,n
s,s
s,s
m,m
q,q
ih,ih
r,r
dx,ix
th,th
eh,axr
axr,axr
axr,ah
dcl,tcl
bcl,tcl
gcl,bcl
ax,ax
er,er
ao,oy
iy,ey
l,l
r,r
t,t
iy,iy
z,s
dh,th
ae,ae
ow,w
ow,ao
s,s
pcl,tcl
k,k
w,w
hh,th
t,t
zh,z
r,q
iy,iy
l,l
f,f
gcl,gcl
m,n
iy,axr
f,f
y,iy
er,er
r,er
ih,ih
p,v
iy,iy
aa,aa
z,z
ae,ae
ay,ay
iy,ih
kcl,kcl
q,dh
dcl,dcl
z,t
ix,ix
r,ix
f,f
ah,ih
ix,n
kcl,kcl
ao,ao
l,l
bcl,dcl
ch,k
s,s
eh,ah
ax,l
l,l
dh,g
eh,ao
tcl,en
k,k
s,s
l,l
kcl,kcl
f,f
w,l
dcl,dh
n,n
p,p
ax,l
t,t
ix,ix
s,s
q,q
r,r
axr,r
aa,aa
iy,iy
s,s
r,r
s,s
kcl,tcl
ax,ow
aa,ah
iy,iy
m,m
m,n
ix,ix
ix,n
ae,ae
l,q
bcl,n
jh,s
hv,hv
r,r
axr,er
gcl,gcl
dh,dh
r,r
m,m
iy,r
r,r
r,axr
ix,iy
s,s
k,k
bcl,tcl
ao,aa
ae,ae
ih,ey
iy,ux
tcl,tcl
eh,ae
bcl,pcl
f,f
aa,aa
r,r
ix,ix
dcl,dcl
ae,ae
ix,ix
l,l
tcl,tcl
bcl,dcl
s,s
ng,n
er,r
y,iy
iy,ih
ih,ae
bcl,kcl
s,s
aa,aa
g,k
dcl,dcl
ao,ao
ih,ih
iy,iy
k,k
ow,ow
t,t
eh,eh
v,v
dcl,n
eh,eh
v,v
s,s
bcl,v
dh,dh
eh,eh
ix,ey
bcl,dcl
dcl,dcl
dh,dh
s,s
q,q
tcl,tcl
k,k
ix,ax
p,k
iy,iy
ux,ih
tcl,tcl
ng,n
dcl,n
eh,ey
eh,eh
n,n
k,k
ux,ux
l,aa
dcl,tcl
ix,eh
v,w
th,s
ix,ix
axr,axr
tcl,dcl
t,t
l,l
dcl,gcl
tcl,tcl
gcl,bcl
pcl,gcl
tcl,kcl
iy,iy
l,l
m,m
ax,ax
ah,ah
aa,ae
ay,ay
kcl,tcl
g,g
ae,ay
ih,ih
z,dh
ch,s
aw,ay
w,ao
eh,ih
dh,v
th,k
jh,jh
s,s
n,n
n,n
n,nx
iy,ay
ah,ax
ay,ay
axr,r
n,n
ey,ih
jh,jh
eh,ey
iy,iy
n,n
m,m
ay,ae
bcl,tcl
z,s
ah,r
q,iy
l,ix
f,f
l,l
tcl,kcl
kcl,gcl
ae,aa
r,r
ix,ix
th,s
f,f
r,r
l,ay
r,axr
ow,ow
f,f
ax,ix
m,m
f,f
ng,ng
iy,ix
ch,ch
tcl,tcl
s,z
v,v
ix,ix
ch,sh
ng,n
r,r
ay,ay
aa,eh
dcl,dcl
n,ux
iy,ix
iy,iy
kcl,k
ao,ao
el,el
q,tcl
eh,er
p,k
l,l
m,m
ey,ix
ix,ix
s,t
el,l
pcl,tcl
s,s
l,r
iy,ux
m,m
k,k
aa,ao
f,f
s,s
gcl,gcl
ch,s
iy,iy
ax,ah
dcl,tcl
v,z
t,s
f,hh
pcl,kcl
eh,axr
r,r
iy,iy
z,z
k,k
l,l
ix,ix
ih,ix
em,r
y,iy
ix,ix
dcl,tcl
eh,ah
axr,er
w,r
ix,ix
dcl,tcl
kcl,kcl
dh,n
q,r
dx,g
ao,oy
ey,ey
m,n
r,r
ae,ae
er,r
s,s
p,k
ix,ix
kcl,kcl
ao,ao
ey,iy
dh,dh
gcl,dcl
kcl,kcl
ng,n
gcl,dcl
axr,axr
iy,iy
w,w
r,r
er,aa
m,m
s,s
sh,sh
z,s
tcl,tcl
k,k
p,tcl
t,t
kcl,tcl
s,s
tcl,tcl
dx,dx
er,er
q,q
bcl,bcl
er,axr
ch,sh
k,k
ay,ay
q,q
ao,l
ae,ae
axr,m
f,f
bcl,tcl
kcl,dh
ah,ax
sh,sh
eh,ey
bcl,tcl
dh,f
hh,k
oy,oy
ah,ow
k,k
tcl,g
ay,ay
ix,ix
ix,ix
dx,ax
eh,eh
aa,aa
f,f
m,n
w,n
k,k
n,n
s,s
sh,sh
en,en
r,r
w,l
aa,ay
n,n
tcl,tcl
f,f
ae,ae
aa,ae
ae,ae
k,k
eh,ix
ax,l
n,n
m,m
ix,iy
zh,sh
jh,jh
kcl,kcl
q,q
dcl,gcl
l,l
dh,dh
k,k
l,l
axr,r
aw,aa
kcl,kcl
ao,w
l,l
q,q
y,dx
n,n
uh,l
dx,g
dx,l
ch,sh
r,er
n,n
w,w
r,r
n,n
ow,el
ay,ay
dx,k
er,l
kcl,kcl
ey,ey
q,q
axr,axr
n,r
axr,ux
y,y
s,s
eh,ih
iy,iy
ax,axr
ay,ay
ae,ae
dx,dx
s,s
t,k
l,ix
iy,ix
ao,el
el,el
ae,ae
ae,ae
r,r
r,r
p,k
t,jh
iy,ih
hh,k
en,ix
ix,ix
axr,er
ah,ae
ao,aa
l,l
w,w
ao,ao
m,m
m,q
r,r
ix,ix
gcl,n
w,l
q,q
t,t
eh,eh
s,s
er,er
dh,dh
zh,jh
dcl,dx
pcl,v
tcl,pcl
iy,ux
dx,dx
el,ao
iy,ix
n,n
er,ao
tcl,kcl
q,q
gcl,bcl
aa,aa
v,f
axr,axr
f,f
ax,ix
ih,ih
n,n
uh,ae
m,m
q,q
ih,ix
m,m
ix,ix
s,s
z,z
tcl,tcl
y,y
ux,ih
q,q
p,k
eh,er
l,r
ao,ay
z,s
q,q
s,z
k,k
pcl,kcl
n,ix
ux,q
ng,n
dcl,dcl
ax,ix
ix,dx
k,k
p,f
f,tcl
kcl,tcl
iy,iy
eh,ae
ey,ay
z,z
axr,axr
s,s
ih,ux
ih,ey
axr,axr
z,z
k,k
iy,iy
kcl,tcl
ih,ax
f,f
m,m
t,k
ix,ix
p,p
p,k
oy,ao
ix,eh
ix,ix
el,n
sh,sh
iy,ey
s,s
sh,s
ih,ih
r,r
ax,ax
pcl,tcl
ae,ae
tcl,tcl
dcl,n
s,s
bcl,bcl
gcl,dcl
n,n
r,r
r,r
dh,n
aa,ao
dh,dh
l,l
kcl,tcl
q,dcl
ch,ch
dh,dh
kcl,kcl
axr,iy
s,s
axr,axr
r,r
n,ix
v,dh
ih,ih
tcl,tcl
f,k
kcl,tcl
g,g
y,y
kcl,tcl
bcl,v
kcl,kcl
m,m
ix,ah
eh,ah
iy,ey
ih,axr
tcl,tcl
ih,ix
ey,iy
tcl,tcl
r,r
gcl,gcl
ux,ux
ah,eh
nx,dx
tcl,tcl
aa,r
g,k
er,er
l,m
uh,ow
s,s
t,hh
tcl,tcl
t,t
th,th
n,n
ih,ih
l,l
ax,ax
m,n
iy,iy
ix,ix
n,n
y,iy
tcl,tcl
ix,y
k,q
ux,ux
aa,aa
ae,ae
n,n
ix,ax
ix,q
ae,ae
kcl,dcl
z,z
f,f
pcl,tcl
n,n
m,m
r,r
f,f
ng,n
z,z
k,k
ax,ah
ih,ey
l,l
ah,ax
ax,ah
er,er
ax,eh
dh,dh
jh,z
ux,ux
aa,aa
hh,k
n,n
f,k
iy,ey
tcl,tcl
ux,ix
ah,ao
kcl,tcl
ah,ah
r,r
l,l
t,t
hv,n
ax,ax
en,n
ux,iy
l,l
kcl,tcl
m,n
ay,ay
q,q
n,n
bcl,dcl
ae,ae
ax,eh
l,l
iy,iy
aa,ow
iy,iy
pcl,tcl
ao,oy
axr,r
k,k
r,r
m,m
aa,ao
dcl,dcl
ch,ch
ey,ey
eh,eh
kcl,tcl
m,n
eh,ae
ix,ih
axr,dx
tcl,tcl
r,ah
gcl,dcl
tcl,tcl
n,n
gcl,kcl
ix,iy
eh,ae
v,dh
p,k
ix,ix
ax,ow
